===== 2026-09-26 17:26:09 attempt 1 (from epoch 0) =====
I0926 17:26:10.287662 1893924 service.cc:154] XLA service 0x7f9a24052930 initialized for platform CUDA (this does not guarantee that XLA will be used). Devices:
I0926 17:26:10.287728 1893924 service.cc:170]   StreamExecutor [0]: NVIDIA GeForce RTX 3060, Compute Capability 8.6 (Driver: 13.3.0[610.57.4]; Runtime: 13.3.0; Toolkit: 13.0.0; DNN: 9.24.0)
I0926 17:26:10.287741 1893924 service.cc:170]   StreamExecutor [1]: NVIDIA GeForce RTX 3060, Compute Capability 8.6 (Driver: 13.3.0[610.57.4]; Runtime: 13.3.0; Toolkit: 13.0.0; DNN: 9.24.0)
I0926 17:26:10.287747 1893924 service.cc:170]   StreamExecutor [2]: NVIDIA GeForce RTX 3060, Compute Capability 8.6 (Driver: 13.3.0[610.57.4]; Runtime: 13.3.0; Toolkit: 13.0.0; DNN: 9.24.0)
I0926 17:26:10.287753 1893924 service.cc:170]   StreamExecutor [3]: NVIDIA GeForce RTX 3060, Compute Capability 8.6 (Driver: 13.3.0[610.57.4]; Runtime: 13.3.0; Toolkit: 13.0.0; DNN: 9.24.0)
I0926 17:26:10.290976 1893924 se_gpu_pjrt_client.cc:1450] Using BFC allocator.
I0926 17:26:10.291012 1893924 gpu_helpers.cc:162] XLA backend allocating 8.72GiB (9365880832 bytes) on device 0 for BFCAllocator.
I0926 17:26:10.291048 1893924 gpu_helpers.cc:162] XLA backend allocating 8.72GiB (9365880832 bytes) on device 1 for BFCAllocator.
I0926 17:26:10.291057 1893924 gpu_helpers.cc:162] XLA backend allocating 8.72GiB (9365880832 bytes) on device 2 for BFCAllocator.
I0926 17:26:10.291065 1893924 gpu_helpers.cc:162] XLA backend allocating 8.72GiB (9365880832 bytes) on device 3 for BFCAllocator.
[pjrt_ffi] XLA backend: PJRT 0.114, 4 device(s)
[pjrt_ffi] command buffers: enabled (CUDA default)
I0926 17:26:10.426654 1893924 se_gpu_pjrt_compiler.cc:382] Found GPU target config and a PjRtClient with matching configuration. Performing a JIT compilation.
I0926 17:26:14.210453 1893924 cuda_dnn.cc:442] Loaded cuDNN version 92400
W0926 17:26:15.418920 1893984 cuda_timer.cc:88] Delay kernel timed out: measured time has sub-optimal accuracy. There may be a missing warmup execution, please investigate in Nsight Systems.
W0926 17:26:17.544222 1893984 cuda_timer.cc:88] Delay kernel timed out: measured time has sub-optimal accuracy. There may be a missing warmup execution, please investigate in Nsight Systems.
W0926 17:26:19.641933 1893984 cuda_timer.cc:88] Delay kernel timed out: measured time has sub-optimal accuracy. There may be a missing warmup execution, please investigate in Nsight Systems.
I0926 17:26:20.169840 1893997 subprocess_compilation.cc:349] ptxas warning : Registers are spilled to local memory in function 'gemm_fusion_dot_2', 80 bytes spill stores, 48 bytes spill loads

I0926 17:26:20.512552 1893997 subprocess_compilation.cc:349] ptxas warning : Registers are spilled to local memory in function 'gemm_fusion_dot_2', 88 bytes spill stores, 56 bytes spill loads

I0926 17:26:20.596278 1894003 subprocess_compilation.cc:349] ptxas warning : Registers are spilled to local memory in function 'gemm_fusion_dot_6', 96 bytes spill stores, 60 bytes spill loads

W0926 17:26:20.601108 1894004 cuda_timer.cc:88] Delay kernel timed out: measured time has sub-optimal accuracy. There may be a missing warmup execution, please investigate in Nsight Systems.
W0926 17:26:22.254551 1894004 cuda_timer.cc:88] Delay kernel timed out: measured time has sub-optimal accuracy. There may be a missing warmup execution, please investigate in Nsight Systems.
[pjrt_ffi] compiled verified_mlir/mnv4in_emaaccdp8x128wxdowd005bf16_train_step.mlir (@mnv4in_emaaccdp8x128wxdowd005bf16_train_step, 1327 outputs, 4 replicas) in 69878 ms
I0926 17:27:22.204294 1894003 subprocess_compilation.cc:349] ptxas warning : Registers are spilled to local memory in function 'gemm_fusion_dot', 12 bytes spill stores, 12 bytes spill loads

I0926 17:27:22.256539 1894004 subprocess_compilation.cc:349] ptxas warning : Registers are spilled to local memory in function 'gemm_fusion_dot', 112 bytes spill stores, 112 bytes spill loads

I0926 17:27:22.639426 1893997 subprocess_compilation.cc:349] ptxas warning : Registers are spilled to local memory in function 'gemm_fusion_dot', 872 bytes spill stores, 616 bytes spill loads

[pjrt_ffi] compiled verified_mlir/mnv4in_fwd.mlir (@mnv4in_fwd, 1 outputs, 4 replicas, SHARDED — outputs gathered from every replica) in 5818 ms
[pjrt_ffi] compiled verified_mlir/mnv4in_fwd_eval.mlir (@mnv4in_fwd_eval, 1 outputs, 4 replicas, SHARDED — outputs gathered from every replica) in 396 ms
MobileNetV4-Conv-M on full 1000-class ImageNet via the VERIFIED renderer → XLA/PJRT → GPU, with the tfds batch shim supplying the MNv4 reference augmentation
  xla/pjrt verified_mlir/mnv4in_emaaccdp8x128wxdowd005bf16_train_step.mlir
  xla/pjrt verified_mlir/mnv4in_fwd.mlir  (eval, SHARDED over 4 replicas)
  xla/pjrt verified_mlir/mnv4in_fwd_eval.mlir  (eval, SHARDED over 4 replicas)
  imagenet: val streams per pass (50,000 images at eval width 150528) — nothing is held
  train 1281167, test 50000; bs 128, MobileNetV4-Conv-M (ImageNet-1k) emaaccdp8x128wxdowd005bf16 (cosine+warmup 5ep, baseLR 0.004000), He init
  ▸ CLASSIFIER DROPOUT: keep 0.900000, mask tensor<512x1280xf32> (PER-ELEMENT, one Bernoulli per example×feature — not per-example like the drop scales), host-drawn per step at seed+999983, 1/keep folded in. Eval is the identity (drop-free forward).
  ▸ EMA: region 4 of 5 [θ|m|v|G|ema], shadow starts AT the weights, decay min(0.999900, (1+t)/(10+t)) — TF warmup-corrected. EVAL AND CHECKPOINT SCORE THE SHADOW. ⚠ It advances on APPLY micro-batches only — once per optimizer step, as the reference does.
  ▸ GRADIENT ACCUMULATION: k = 8, blob region 3 of 5 [θ|m|v|G|ema]. Micro-batch 512 x 8 = EFFECTIVE BATCH 4096. 2496 micro-batches/epoch = 312 updates/epoch; the LR schedule and Adam's bias correction run on UPDATES, the augmentation and the prefetch on micro-batches.
  eval batch 64 (the batch @mnv4in_fwd_eval was RENDERED at) != train batch 128 — sound because eval is class-batch-independent
  running-stats BN: 77 layers, 67904 stat floats → eval via @mnv4in_fwd_eval
     decay 0.990000 (TF sense; = PyTorch/timm momentum 0.010000), new-batch weight 0.001256 = 1 − 0.990000^(1/8), compensated for grad-accum
  DATA-PARALLEL: 4 replicas x bs 128 = global batch 512, 2496 steps/epoch
  EVAL SHARDED: 4 replicas x 64 = 256 test images per invoke, 196 invokes, last one 80 real + 176 pad
WARNING: All log messages before absl::InitializeLog() is called are written to STDERR
I0000 00:00:1790443646.981149 1896515 port.cc:153] oneDNN custom operations are on. You may see slightly different numerical results due to floating-point round-off errors from different computation orders. To turn them off, set the environment variable `TF_ENABLE_ONEDNN_OPTS=0`.
I0000 00:00:1790443647.009958 1896515 cpu_feature_guard.cc:227] This TensorFlow binary is optimized to use available CPU instructions in performance-critical operations.
To enable the following instructions: AVX2 AVX512F AVX512_VNNI AVX512_BF16 AVX512_FP16 AVX_VNNI AMX_TILE AMX_INT8 AMX_BF16 FMA, in other operations, rebuild TensorFlow with the appropriate compiler flags.
WARNING: All log messages before absl::InitializeLog() is called are written to STDERR
I0000 00:00:1790443648.429458 1896515 port.cc:153] oneDNN custom operations are on. You may see slightly different numerical results due to floating-point round-off errors from different computation orders. To turn them off, set the environment variable `TF_ENABLE_ONEDNN_OPTS=0`.
WARNING: All log messages before absl::InitializeLog() is called are written to STDERR
I0000 00:00:1790443651.156672 1896611 port.cc:153] oneDNN custom operations are on. You may see slightly different numerical results due to floating-point round-off errors from different computation orders. To turn them off, set the environment variable `TF_ENABLE_ONEDNN_OPTS=0`.
I0000 00:00:1790443651.183872 1896611 cpu_feature_guard.cc:227] This TensorFlow binary is optimized to use available CPU instructions in performance-critical operations.
To enable the following instructions: AVX2 AVX512F AVX512_VNNI AVX512_BF16 AVX512_FP16 AVX_VNNI AMX_TILE AMX_INT8 AMX_BF16 FMA, in other operations, rebuild TensorFlow with the appropriate compiler flags.
I0000 00:00:1790443651.696028 1896662 tf_record_dataset_op.cc:396] The default buffer size is 262144, which is overridden by the user specified `buffer_size` of 8388608
WARNING: All log messages before absl::InitializeLog() is called are written to STDERR
I0000 00:00:1790443652.722774 1896611 port.cc:153] oneDNN custom operations are on. You may see slightly different numerical results due to floating-point round-off errors from different computation orders. To turn them off, set the environment variable `TF_ENABLE_ONEDNN_OPTS=0`.
WARNING: All log messages before absl::InitializeLog() is called are written to STDERR
I0000 00:00:1790443655.582653 1896800 port.cc:153] oneDNN custom operations are on. You may see slightly different numerical results due to floating-point round-off errors from different computation orders. To turn them off, set the environment variable `TF_ENABLE_ONEDNN_OPTS=0`.
I0000 00:00:1790443655.610000 1896800 cpu_feature_guard.cc:227] This TensorFlow binary is optimized to use available CPU instructions in performance-critical operations.
To enable the following instructions: AVX2 AVX512F AVX512_VNNI AVX512_BF16 AVX512_FP16 AVX_VNNI AMX_TILE AMX_INT8 AMX_BF16 FMA, in other operations, rebuild TensorFlow with the appropriate compiler flags.
I0000 00:00:1790443656.107188 1896825 tf_record_dataset_op.cc:396] The default buffer size is 262144, which is overridden by the user specified `buffer_size` of 8388608
WARNING: All log messages before absl::InitializeLog() is called are written to STDERR
I0000 00:00:1790443657.165870 1896800 port.cc:153] oneDNN custom operations are on. You may see slightly different numerical results due to floating-point round-off errors from different computation orders. To turn them off, set the environment variable `TF_ENABLE_ONEDNN_OPTS=0`.
WARNING: All log messages before absl::InitializeLog() is called are written to STDERR
I0000 00:00:1790443659.910869 1896983 port.cc:153] oneDNN custom operations are on. You may see slightly different numerical results due to floating-point round-off errors from different computation orders. To turn them off, set the environment variable `TF_ENABLE_ONEDNN_OPTS=0`.
I0000 00:00:1790443659.938588 1896983 cpu_feature_guard.cc:227] This TensorFlow binary is optimized to use available CPU instructions in performance-critical operations.
To enable the following instructions: AVX2 AVX512F AVX512_VNNI AVX512_BF16 AVX512_FP16 AVX_VNNI AMX_TILE AMX_INT8 AMX_BF16 FMA, in other operations, rebuild TensorFlow with the appropriate compiler flags.
I0000 00:00:1790443660.432099 1897010 tf_record_dataset_op.cc:396] The default buffer size is 262144, which is overridden by the user specified `buffer_size` of 8388608
WARNING: All log messages before absl::InitializeLog() is called are written to STDERR
I0000 00:00:1790443661.484259 1896983 port.cc:153] oneDNN custom operations are on. You may see slightly different numerical results due to floating-point round-off errors from different computation orders. To turn them off, set the environment variable `TF_ENABLE_ONEDNN_OPTS=0`.
[pjrt_ffi] RESIDENT: @mnv4in_emaaccdp8x128wxdowd005bf16_train_step holds 1165 parameter tensors (185.3 MB) on 4 devices; they stop crossing PCIe from here
I0000 00:00:1790443665.527905 1897213 tf_record_dataset_op.cc:396] The default buffer size is 262144, which is overridden by the user specified `buffer_size` of 8388608
I0926 17:27:46.067736 1893974 cuda_dnn.cc:442] Loaded cuDNN version 92400
I0926 17:27:46.067794 1893980 cuda_dnn.cc:442] Loaded cuDNN version 92400
I0926 17:27:46.068920 1893977 cuda_dnn.cc:442] Loaded cuDNN version 92400
  imagenet shim: jax/.lake/build/generated_mobilenet_v4_imagenet_shim.py — train split, batch 512, 150528 floats/img (seed 1)
  imagenet shim: jax/.lake/build/generated_mobilenet_v4_imagenet_shim.py — train split, batch 512, 150528 floats/img (seed 2)
  imagenet shim: jax/.lake/build/generated_mobilenet_v4_imagenet_shim.py — train split, batch 512, 150528 floats/img (seed 3)
  imagenet shim: jax/.lake/build/generated_mobilenet_v4_imagenet_shim.py — train split, batch 512, 150528 floats/img (seed 4)
  imagenet shim: 4 sharded producers (round-robin over batches)
  ▸ SHIM PREFETCH: ON (depth 4 over 4 producer handle(s) — each step's read is issued before the previous step's invoke, one in flight PER HANDLE, so every producer drains during compute instead of blocking in write()). Measured 377 → 224 ms/step on R34/ImageNet 4×bs64 for depth 1. Batch buffers are allocated and freed on the main thread; the pool only fills them.
  step 0/2496: loss=7.122036
  step 1/2496: loss=7.324361
  step 2/2496: loss=7.161186
  step 100/2496: loss=7.273084
  step 200/2496: loss=7.086271
  step 300/2496: loss=6.919247
  step 400/2496: loss=6.951272
  step 500/2496: loss=6.908714
  step 600/2496: loss=6.936575
  step 700/2496: loss=6.838504
  step 800/2496: loss=6.813761
  step 900/2496: loss=6.817650
  step 1000/2496: loss=6.854700
  step 1100/2496: loss=6.691010
  step 1200/2496: loss=6.644001
  step 1300/2496: loss=6.568216
  step 1400/2496: loss=6.588552
  step 1500/2496: loss=6.613305
  step 1600/2496: loss=6.471089
  step 1700/2496: loss=6.429076
  step 1800/2496: loss=6.301005
  step 1900/2496: loss=6.393371
  step 2000/2496: loss=6.307449
  step 2100/2496: loss=6.301815
  step 2200/2496: loss=6.296795
  step 2300/2496: loss=6.258091
  step 2400/2496: loss=6.112515
Epoch 1/100: loss=6.650493 lr=0.000800
  epoch 1: eval skipped (valEveryEpochs = 5; next scored epoch 5)
    BN companion -> .lake/build/mnv4in_emaaccdp8x128wxdowd005bf16_ckpt_xla_e100.bin.bn (67904 floats x 2, hash 9490731579543211527)
  step 0/2496: loss=6.079409
  step 1/2496: loss=6.160135
  step 2/2496: loss=6.165488
  step 100/2496: loss=6.290863
  step 200/2496: loss=6.297615
  step 300/2496: loss=5.943318
  step 400/2496: loss=6.079660
  step 500/2496: loss=6.001345
  step 600/2496: loss=5.957788
  step 700/2496: loss=6.029440
  step 800/2496: loss=5.713825
  step 900/2496: loss=6.011788
  step 1000/2496: loss=5.835183
  step 1100/2496: loss=5.964240
  step 1200/2496: loss=5.826101
  step 1300/2496: loss=5.728988
  step 1400/2496: loss=5.962598
  step 1500/2496: loss=5.692171
  step 1600/2496: loss=5.585436
  step 1700/2496: loss=5.359587
  step 1800/2496: loss=5.757154
  step 1900/2496: loss=5.191550
  step 2000/2496: loss=5.439425
  step 2100/2496: loss=5.555552
  step 2200/2496: loss=5.256224
  step 2300/2496: loss=5.616968
  step 2400/2496: loss=5.500682
Epoch 2/100: loss=5.756019 lr=0.001600
  epoch 2: eval skipped (valEveryEpochs = 5; next scored epoch 5)
    BN companion -> .lake/build/mnv4in_emaaccdp8x128wxdowd005bf16_ckpt_xla_e100.bin.bn (67904 floats x 2, hash 3186469332267954346)
  step 0/2496: loss=5.364166
  step 1/2496: loss=5.282848
  step 2/2496: loss=5.286938
  step 100/2496: loss=5.322560
  step 200/2496: loss=5.446836
  step 300/2496: loss=5.637031
  step 400/2496: loss=5.193769
  step 500/2496: loss=5.004375
  step 600/2496: loss=4.987367
  step 700/2496: loss=4.963383
  step 800/2496: loss=5.118301
  step 900/2496: loss=4.993806
  step 1000/2496: loss=5.101467
  step 1100/2496: loss=4.979720
  step 1200/2496: loss=4.892358
  step 1300/2496: loss=5.190707
  step 1400/2496: loss=5.270947
  step 1500/2496: loss=4.885664
  step 1600/2496: loss=4.907811
  step 1700/2496: loss=5.128489
  step 1800/2496: loss=4.924790
  step 1900/2496: loss=4.919588
  step 2000/2496: loss=5.033613
  step 2100/2496: loss=4.762047
  step 2200/2496: loss=4.698663
  step 2300/2496: loss=4.702524
  step 2400/2496: loss=4.397056
Epoch 3/100: loss=5.008877 lr=0.002400
  epoch 3: eval skipped (valEveryEpochs = 5; next scored epoch 5)
    BN companion -> .lake/build/mnv4in_emaaccdp8x128wxdowd005bf16_ckpt_xla_e100.bin.bn (67904 floats x 2, hash 6107821515842198724)
  step 0/2496: loss=4.408199
  step 1/2496: loss=4.483828
  step 2/2496: loss=5.130549
  step 100/2496: loss=4.750491
  step 200/2496: loss=4.819813
  step 300/2496: loss=4.951809
  step 400/2496: loss=4.704724
  step 500/2496: loss=4.481110
  step 600/2496: loss=4.520962
  step 700/2496: loss=4.846830
  step 800/2496: loss=4.474128
  step 900/2496: loss=4.419063
  step 1000/2496: loss=4.483005
  step 1100/2496: loss=4.678139
  step 1200/2496: loss=4.480226
  step 1300/2496: loss=4.447242
  step 1400/2496: loss=4.290380
  step 1500/2496: loss=4.411846
  step 1600/2496: loss=4.384885
  step 1700/2496: loss=4.468434
  step 1800/2496: loss=4.420982
  step 1900/2496: loss=4.332715
  step 2000/2496: loss=4.360056
  step 2100/2496: loss=4.537512
  step 2200/2496: loss=4.435473
  step 2300/2496: loss=4.006448
  step 2400/2496: loss=4.473110
Epoch 4/100: loss=4.460052 lr=0.003200
  epoch 4: eval skipped (valEveryEpochs = 5; next scored epoch 5)
    BN companion -> .lake/build/mnv4in_emaaccdp8x128wxdowd005bf16_ckpt_xla_e100.bin.bn (67904 floats x 2, hash 933226967879519175)
  step 0/2496: loss=4.309623
  step 1/2496: loss=4.236044
  step 2/2496: loss=4.391574
  step 100/2496: loss=4.076484
  step 200/2496: loss=4.294848
  step 300/2496: loss=4.174763
  step 400/2496: loss=4.249211
  step 500/2496: loss=4.139854
  step 600/2496: loss=4.266845
  step 700/2496: loss=3.919816
  step 800/2496: loss=3.961198
  step 900/2496: loss=4.145375
  step 1000/2496: loss=4.110998
  step 1100/2496: loss=4.187729
  step 1200/2496: loss=4.567846
  step 1300/2496: loss=4.184039
  step 1400/2496: loss=4.001853
  step 1500/2496: loss=4.198562
  step 1600/2496: loss=4.019698
  step 1700/2496: loss=3.881155
  step 1800/2496: loss=3.937590
  step 1900/2496: loss=4.074758
  step 2000/2496: loss=3.923396
  step 2100/2496: loss=3.954283
  step 2200/2496: loss=4.226614
  step 2300/2496: loss=3.785527
  step 2400/2496: loss=3.819515
WARNING: All log messages before absl::InitializeLog() is called are written to STDERR
I0000 00:00:1790446817.919424 1912230 port.cc:153] oneDNN custom operations are on. You may see slightly different numerical results due to floating-point round-off errors from different computation orders. To turn them off, set the environment variable `TF_ENABLE_ONEDNN_OPTS=0`.
I0000 00:00:1790446818.133169 1912230 cpu_feature_guard.cc:227] This TensorFlow binary is optimized to use available CPU instructions in performance-critical operations.
To enable the following instructions: AVX2 AVX512F AVX512_VNNI AVX512_BF16 AVX512_FP16 AVX_VNNI AMX_TILE AMX_INT8 AMX_BF16 FMA, in other operations, rebuild TensorFlow with the appropriate compiler flags.
WARNING: All log messages before absl::InitializeLog() is called are written to STDERR
I0000 00:00:1790446819.731320 1912230 port.cc:153] oneDNN custom operations are on. You may see slightly different numerical results due to floating-point round-off errors from different computation orders. To turn them off, set the environment variable `TF_ENABLE_ONEDNN_OPTS=0`.
I0000 00:00:1790446820.629816 1912340 tf_record_dataset_op.cc:396] The default buffer size is 262144, which is overridden by the user specified `buffer_size` of 8388608
WARNING: All log messages before absl::InitializeLog() is called are written to STDERR
I0000 00:00:1790446820.958768 1912343 port.cc:153] oneDNN custom operations are on. You may see slightly different numerical results due to floating-point round-off errors from different computation orders. To turn them off, set the environment variable `TF_ENABLE_ONEDNN_OPTS=0`.
I0000 00:00:1790446821.009012 1912343 cpu_feature_guard.cc:227] This TensorFlow binary is optimized to use available CPU instructions in performance-critical operations.
To enable the following instructions: AVX2 AVX512F AVX512_VNNI AVX512_BF16 AVX512_FP16 AVX_VNNI AMX_TILE AMX_INT8 AMX_BF16 FMA, in other operations, rebuild TensorFlow with the appropriate compiler flags.
WARNING: All log messages before absl::InitializeLog() is called are written to STDERR
I0000 00:00:1790446822.197668 1912343 port.cc:153] oneDNN custom operations are on. You may see slightly different numerical results due to floating-point round-off errors from different computation orders. To turn them off, set the environment variable `TF_ENABLE_ONEDNN_OPTS=0`.
I0000 00:00:1790446823.023038 1912521 tf_record_dataset_op.cc:396] The default buffer size is 262144, which is overridden by the user specified `buffer_size` of 8388608
[pjrt_ffi] RESIDENT: @mnv4in_fwd_eval holds 387 parameter tensors (37.3 MB) on 4 devices; they stop crossing PCIe from here
Epoch 5/100: loss=4.087814 lr=0.004000
  imagenet shim: jax/.lake/build/generated_mobilenet_v4_imagenet_shim.py — validation split, batch 256, 150528 floats/img (seed 0)
  imagenet shim: jax/.lake/build/generated_mobilenet_v4_imagenet_shim.py — validation split, batch 256, 150528 floats/img (seed 1)
  imagenet shim: 2 sharded producers (round-robin over batches)
  ▸ val: STREAMED per pass — 2 batch-block producer(s), 256-row blocks k, k+2, … read round-robin, nothing held (the 30 GB drain is gone; planning/streaming_val.md)
  ▸ val = all 50000 streamed (timm's denominator)
  epoch 5: test_acc = 17385/50000 = 34.770000%  top5 = 29845/50000 = 59.690000%  [95% CI 34.35–35.19]
    per-example top-1 bitmap -> runs/2026-09-26-mnv4-verified-bf16-100ep/bitmaps/mnv4_emaaccdp8x128wxdowd005bf16_e5.bin (50000 bytes)
    BN companion -> .lake/build/mnv4in_emaaccdp8x128wxdowd005bf16_ckpt_xla_e100.bin.bn (67904 floats x 2, hash 10877153560790682569)
  step 0/2496: loss=4.068631
  step 1/2496: loss=3.878038
  step 2/2496: loss=3.898976
  step 100/2496: loss=3.929486
  step 200/2496: loss=4.190585
  step 300/2496: loss=3.792150
  step 400/2496: loss=3.920886
  step 500/2496: loss=3.926469
  step 600/2496: loss=4.015360
  step 700/2496: loss=3.714596
  step 800/2496: loss=3.654982
  step 900/2496: loss=3.893923
  step 1000/2496: loss=3.926072
  step 1100/2496: loss=3.732083
  step 1200/2496: loss=4.115129
  step 1300/2496: loss=3.516371
  step 1400/2496: loss=4.014357
  step 1500/2496: loss=3.937169
  step 1600/2496: loss=3.568152
  step 1700/2496: loss=4.035127
  step 1800/2496: loss=3.955885
  step 1900/2496: loss=3.723550
  step 2000/2496: loss=3.621980
  step 2100/2496: loss=3.583579
  step 2200/2496: loss=3.603927
  step 2300/2496: loss=3.870273
  step 2400/2496: loss=3.978541
Epoch 6/100: loss=3.819827 lr=0.003999
  epoch 6: eval skipped (valEveryEpochs = 5; next scored epoch 10)
    BN companion -> .lake/build/mnv4in_emaaccdp8x128wxdowd005bf16_ckpt_xla_e100.bin.bn (67904 floats x 2, hash 8310147586384594376)
  step 0/2496: loss=3.759985
  step 1/2496: loss=3.447224
  step 2/2496: loss=3.545654
  step 100/2496: loss=3.970545
  step 200/2496: loss=3.430389
  step 300/2496: loss=3.854640
  step 400/2496: loss=3.582883
  step 500/2496: loss=3.867873
  step 600/2496: loss=3.558746
  step 700/2496: loss=3.975302
  step 800/2496: loss=3.819374
  step 900/2496: loss=3.738414
  step 1000/2496: loss=3.594971
  step 1100/2496: loss=3.601468
  step 1200/2496: loss=3.725815
  step 1300/2496: loss=3.585348
  step 1400/2496: loss=3.601338
  step 1500/2496: loss=3.704173
  step 1600/2496: loss=3.966383
  step 1700/2496: loss=3.678737
  step 1800/2496: loss=3.511940
  step 1900/2496: loss=3.600638
  step 2000/2496: loss=3.637650
  step 2100/2496: loss=3.619096
  step 2200/2496: loss=3.663907
  step 2300/2496: loss=3.481672
  step 2400/2496: loss=3.656776
Epoch 7/100: loss=3.604109 lr=0.003996
  epoch 7: eval skipped (valEveryEpochs = 5; next scored epoch 10)
    BN companion -> .lake/build/mnv4in_emaaccdp8x128wxdowd005bf16_ckpt_xla_e100.bin.bn (67904 floats x 2, hash 16321982385701711015)
  step 0/2496: loss=3.605190
  step 1/2496: loss=3.727235
  step 2/2496: loss=3.514214
  step 100/2496: loss=3.454195
  step 200/2496: loss=3.231050
  step 300/2496: loss=3.218541
  step 400/2496: loss=3.639278
  step 500/2496: loss=3.459199
  step 600/2496: loss=3.207634
  step 700/2496: loss=3.329290
  step 800/2496: loss=3.685441
  step 900/2496: loss=3.395648
  step 1000/2496: loss=3.220975
  step 1100/2496: loss=3.731370
  step 1200/2496: loss=3.252295
  step 1300/2496: loss=3.391746
  step 1400/2496: loss=3.499210
  step 1500/2496: loss=3.146109
  step 1600/2496: loss=3.358346
  step 1700/2496: loss=3.435350
  step 1800/2496: loss=3.569958
  step 1900/2496: loss=3.259980
  step 2000/2496: loss=3.637771
  step 2100/2496: loss=3.194423
  step 2200/2496: loss=3.394965
  step 2300/2496: loss=3.207812
  step 2400/2496: loss=3.405218
Epoch 8/100: loss=3.464712 lr=0.003990
  epoch 8: eval skipped (valEveryEpochs = 5; next scored epoch 10)
    BN companion -> .lake/build/mnv4in_emaaccdp8x128wxdowd005bf16_ckpt_xla_e100.bin.bn (67904 floats x 2, hash 12164047541972917045)
  step 0/2496: loss=3.657160
  step 1/2496: loss=3.466019
  step 2/2496: loss=3.430719
  step 100/2496: loss=3.444825
  step 200/2496: loss=3.386902
  step 300/2496: loss=3.350109
  step 400/2496: loss=3.431804
  step 500/2496: loss=3.731982
  step 600/2496: loss=3.316784
  step 700/2496: loss=3.291356
  step 800/2496: loss=3.798952
  step 900/2496: loss=3.351517
  step 1000/2496: loss=3.378746
  step 1100/2496: loss=3.694872
  step 1200/2496: loss=3.702282
  step 1300/2496: loss=3.562868
  step 1400/2496: loss=3.287830
  step 1500/2496: loss=3.143993
  step 1600/2496: loss=3.376619
  step 1700/2496: loss=3.253363
  step 1800/2496: loss=3.106484
  step 1900/2496: loss=3.613423
  step 2000/2496: loss=3.376131
  step 2100/2496: loss=3.255543
  step 2200/2496: loss=3.505163
  step 2300/2496: loss=3.051287
  step 2400/2496: loss=3.463590
Epoch 9/100: loss=3.360029 lr=0.003983
  epoch 9: eval skipped (valEveryEpochs = 5; next scored epoch 10)
    BN companion -> .lake/build/mnv4in_emaaccdp8x128wxdowd005bf16_ckpt_xla_e100.bin.bn (67904 floats x 2, hash 1636479251184546842)
  step 0/2496: loss=2.982803
  step 1/2496: loss=3.356198
  step 2/2496: loss=3.357352
  step 100/2496: loss=3.328384
  step 200/2496: loss=3.266041
  step 300/2496: loss=3.305567
  step 400/2496: loss=3.309566
  step 500/2496: loss=3.092133
  step 600/2496: loss=3.463853
  step 700/2496: loss=3.154974
  step 800/2496: loss=3.253085
  step 900/2496: loss=2.975085
  step 1000/2496: loss=3.072004
  step 1100/2496: loss=3.029076
  step 1200/2496: loss=3.343270
  step 1300/2496: loss=3.361890
  step 1400/2496: loss=3.281493
  step 1500/2496: loss=3.144436
  step 1600/2496: loss=3.333111
  step 1700/2496: loss=3.107452
  step 1800/2496: loss=3.518170
  step 1900/2496: loss=3.245936
  step 2000/2496: loss=3.203299
  step 2100/2496: loss=3.110072
  step 2200/2496: loss=3.501810
  step 2300/2496: loss=3.139311
  step 2400/2496: loss=3.624595
WARNING: All log messages before absl::InitializeLog() is called are written to STDERR
I0000 00:00:1790449998.103879 1926551 port.cc:153] oneDNN custom operations are on. You may see slightly different numerical results due to floating-point round-off errors from different computation orders. To turn them off, set the environment variable `TF_ENABLE_ONEDNN_OPTS=0`.
I0000 00:00:1790449998.131734 1926551 cpu_feature_guard.cc:227] This TensorFlow binary is optimized to use available CPU instructions in performance-critical operations.
To enable the following instructions: AVX2 AVX512F AVX512_VNNI AVX512_BF16 AVX512_FP16 AVX_VNNI AMX_TILE AMX_INT8 AMX_BF16 FMA, in other operations, rebuild TensorFlow with the appropriate compiler flags.
WARNING: All log messages before absl::InitializeLog() is called are written to STDERR
I0000 00:00:1790449999.276384 1926551 port.cc:153] oneDNN custom operations are on. You may see slightly different numerical results due to floating-point round-off errors from different computation orders. To turn them off, set the environment variable `TF_ENABLE_ONEDNN_OPTS=0`.
I0000 00:00:1790449999.984757 1926657 tf_record_dataset_op.cc:396] The default buffer size is 262144, which is overridden by the user specified `buffer_size` of 8388608
WARNING: All log messages before absl::InitializeLog() is called are written to STDERR
I0000 00:00:1790450000.351465 1926661 port.cc:153] oneDNN custom operations are on. You may see slightly different numerical results due to floating-point round-off errors from different computation orders. To turn them off, set the environment variable `TF_ENABLE_ONEDNN_OPTS=0`.
I0000 00:00:1790450000.392863 1926661 cpu_feature_guard.cc:227] This TensorFlow binary is optimized to use available CPU instructions in performance-critical operations.
To enable the following instructions: AVX2 AVX512F AVX512_VNNI AVX512_BF16 AVX512_FP16 AVX_VNNI AMX_TILE AMX_INT8 AMX_BF16 FMA, in other operations, rebuild TensorFlow with the appropriate compiler flags.
WARNING: All log messages before absl::InitializeLog() is called are written to STDERR
I0000 00:00:1790450001.517651 1926661 port.cc:153] oneDNN custom operations are on. You may see slightly different numerical results due to floating-point round-off errors from different computation orders. To turn them off, set the environment variable `TF_ENABLE_ONEDNN_OPTS=0`.
I0000 00:00:1790450002.235182 1926837 tf_record_dataset_op.cc:396] The default buffer size is 262144, which is overridden by the user specified `buffer_size` of 8388608
[pjrt_ffi] RESIDENT: @mnv4in_fwd_eval holds 387 parameter tensors (37.3 MB) on 4 devices; they stop crossing PCIe from here
Epoch 10/100: loss=3.270180 lr=0.003973
  imagenet shim: jax/.lake/build/generated_mobilenet_v4_imagenet_shim.py — validation split, batch 256, 150528 floats/img (seed 0)
  imagenet shim: jax/.lake/build/generated_mobilenet_v4_imagenet_shim.py — validation split, batch 256, 150528 floats/img (seed 1)
  imagenet shim: 2 sharded producers (round-robin over batches)
  ▸ val: STREAMED per pass — 2 batch-block producer(s), 256-row blocks k, k+2, … read round-robin, nothing held (the 30 GB drain is gone; planning/streaming_val.md)
  ▸ val = all 50000 streamed (timm's denominator)
  epoch 10: test_acc = 30865/50000 = 61.730000%  top5 = 41903/50000 = 83.806000%  [95% CI 61.30–62.16]
    per-example top-1 bitmap -> runs/2026-09-26-mnv4-verified-bf16-100ep/bitmaps/mnv4_emaaccdp8x128wxdowd005bf16_e10.bin (50000 bytes)
    BN companion -> .lake/build/mnv4in_emaaccdp8x128wxdowd005bf16_ckpt_xla_e100.bin.bn (67904 floats x 2, hash 520587100883499489)
  step 0/2496: loss=3.098239
  step 1/2496: loss=3.247002
  step 2/2496: loss=3.402460
  step 100/2496: loss=3.225985
  step 200/2496: loss=3.149545
  step 300/2496: loss=3.253920
  step 400/2496: loss=2.820204
  step 500/2496: loss=3.105234
  step 600/2496: loss=3.376032
  step 700/2496: loss=3.348174
  step 800/2496: loss=3.284684
  step 900/2496: loss=3.496116
  step 1000/2496: loss=3.380690
  step 1100/2496: loss=3.097061
  step 1200/2496: loss=3.472085
  step 1300/2496: loss=3.103845
  step 1400/2496: loss=3.337535
  step 1500/2496: loss=2.944551
  step 1600/2496: loss=3.333667
  step 1700/2496: loss=3.188278
  step 1800/2496: loss=3.132545
  step 1900/2496: loss=3.270838
  step 2000/2496: loss=3.428455
  step 2100/2496: loss=3.173532
  step 2200/2496: loss=3.124918
  step 2300/2496: loss=3.254886
  step 2400/2496: loss=3.093935
Epoch 11/100: loss=3.208390 lr=0.003961
  epoch 11: eval skipped (valEveryEpochs = 5; next scored epoch 15)
    BN companion -> .lake/build/mnv4in_emaaccdp8x128wxdowd005bf16_ckpt_xla_e100.bin.bn (67904 floats x 2, hash 1335872378316175693)
  step 0/2496: loss=3.159688
  step 1/2496: loss=3.151542
  step 2/2496: loss=3.111741
  step 100/2496: loss=3.318248
  step 200/2496: loss=3.112665
  step 300/2496: loss=3.607819
  step 400/2496: loss=3.065553
  step 500/2496: loss=3.274215
  step 600/2496: loss=3.105355
  step 700/2496: loss=2.963631
  step 800/2496: loss=3.327083
  step 900/2496: loss=3.202400
  step 1000/2496: loss=2.859223
  step 1100/2496: loss=3.342251
  step 1200/2496: loss=2.911242
  step 1300/2496: loss=2.863110
  step 1400/2496: loss=3.344111
  step 1500/2496: loss=3.375958
  step 1600/2496: loss=2.919989
  step 1700/2496: loss=3.125062
  step 1800/2496: loss=3.044232
  step 1900/2496: loss=3.143525
  step 2000/2496: loss=3.113814
  step 2100/2496: loss=3.043898
  step 2200/2496: loss=2.884472
  step 2300/2496: loss=3.343235
  step 2400/2496: loss=3.239488
Epoch 12/100: loss=3.149618 lr=0.003947
  epoch 12: eval skipped (valEveryEpochs = 5; next scored epoch 15)
    BN companion -> .lake/build/mnv4in_emaaccdp8x128wxdowd005bf16_ckpt_xla_e100.bin.bn (67904 floats x 2, hash 15340534374690496219)
  step 0/2496: loss=3.047163
  step 1/2496: loss=3.023386
  step 2/2496: loss=3.115233
  step 100/2496: loss=3.082482
  step 200/2496: loss=3.113506
  step 300/2496: loss=2.952429
  step 400/2496: loss=3.331455
  step 500/2496: loss=3.237461
  step 600/2496: loss=3.191634
  step 700/2496: loss=2.878327
  step 800/2496: loss=2.954477
  step 900/2496: loss=3.052354
  step 1000/2496: loss=3.600328
  step 1100/2496: loss=2.788562
  step 1200/2496: loss=3.240016
  step 1300/2496: loss=3.071824
  step 1400/2496: loss=2.762015
  step 1500/2496: loss=2.883741
  step 1600/2496: loss=3.090599
  step 1700/2496: loss=2.894149
  step 1800/2496: loss=2.706320
  step 1900/2496: loss=3.001232
  step 2000/2496: loss=2.961924
  step 2100/2496: loss=2.761816
  step 2200/2496: loss=3.152389
  step 2300/2496: loss=2.921937
  step 2400/2496: loss=2.991013
Epoch 13/100: loss=3.090945 lr=0.003930
  epoch 13: eval skipped (valEveryEpochs = 5; next scored epoch 15)
    BN companion -> .lake/build/mnv4in_emaaccdp8x128wxdowd005bf16_ckpt_xla_e100.bin.bn (67904 floats x 2, hash 13855093149459527375)
  step 0/2496: loss=3.189695
  step 1/2496: loss=3.191123
  step 2/2496: loss=3.251883
  step 100/2496: loss=3.127615
  step 200/2496: loss=3.132399
  step 300/2496: loss=3.061910
  step 400/2496: loss=3.175915
  step 500/2496: loss=3.242616
  step 600/2496: loss=3.083590
  step 700/2496: loss=2.945714
  step 800/2496: loss=3.292377
  step 900/2496: loss=3.174727
  step 1000/2496: loss=3.107533
  step 1100/2496: loss=2.860062
  step 1200/2496: loss=3.129860
  step 1300/2496: loss=3.049132
  step 1400/2496: loss=3.110686
  step 1500/2496: loss=2.994627
  step 1600/2496: loss=2.971684
  step 1700/2496: loss=3.022838
  step 1800/2496: loss=3.080173
  step 1900/2496: loss=2.890890
  step 2000/2496: loss=2.972430
  step 2100/2496: loss=3.119498
  step 2200/2496: loss=3.000485
  step 2300/2496: loss=3.268059
  step 2400/2496: loss=2.997349
Epoch 14/100: loss=3.050647 lr=0.003912
  epoch 14: eval skipped (valEveryEpochs = 5; next scored epoch 15)
    BN companion -> .lake/build/mnv4in_emaaccdp8x128wxdowd005bf16_ckpt_xla_e100.bin.bn (67904 floats x 2, hash 10886160077181157035)
  step 0/2496: loss=2.991336
  step 1/2496: loss=2.885869
  step 2/2496: loss=2.951870
  step 100/2496: loss=3.376541
  step 200/2496: loss=3.025633
  step 300/2496: loss=3.309244
  step 400/2496: loss=2.931706
  step 500/2496: loss=3.255128
  step 600/2496: loss=2.993605
  step 700/2496: loss=3.136860
  step 800/2496: loss=3.169230
  step 900/2496: loss=2.807666
  step 1000/2496: loss=2.902139
  step 1100/2496: loss=2.960006
  step 1200/2496: loss=3.003222
  step 1300/2496: loss=3.055587
  step 1400/2496: loss=3.167984
  step 1500/2496: loss=3.021418
  step 1600/2496: loss=2.915859
  step 1700/2496: loss=2.838785
  step 1800/2496: loss=2.976314
  step 1900/2496: loss=3.139684
  step 2000/2496: loss=3.105491
  step 2100/2496: loss=2.911012
  step 2200/2496: loss=2.993493
  step 2300/2496: loss=3.260371
  step 2400/2496: loss=2.942352
WARNING: All log messages before absl::InitializeLog() is called are written to STDERR
I0000 00:00:1790453176.615887 1940925 port.cc:153] oneDNN custom operations are on. You may see slightly different numerical results due to floating-point round-off errors from different computation orders. To turn them off, set the environment variable `TF_ENABLE_ONEDNN_OPTS=0`.
I0000 00:00:1790453176.643283 1940925 cpu_feature_guard.cc:227] This TensorFlow binary is optimized to use available CPU instructions in performance-critical operations.
To enable the following instructions: AVX2 AVX512F AVX512_VNNI AVX512_BF16 AVX512_FP16 AVX_VNNI AMX_TILE AMX_INT8 AMX_BF16 FMA, in other operations, rebuild TensorFlow with the appropriate compiler flags.
WARNING: All log messages before absl::InitializeLog() is called are written to STDERR
I0000 00:00:1790453177.727592 1940925 port.cc:153] oneDNN custom operations are on. You may see slightly different numerical results due to floating-point round-off errors from different computation orders. To turn them off, set the environment variable `TF_ENABLE_ONEDNN_OPTS=0`.
I0000 00:00:1790453178.425359 1941028 tf_record_dataset_op.cc:396] The default buffer size is 262144, which is overridden by the user specified `buffer_size` of 8388608
WARNING: All log messages before absl::InitializeLog() is called are written to STDERR
I0000 00:00:1790453178.781457 1941034 port.cc:153] oneDNN custom operations are on. You may see slightly different numerical results due to floating-point round-off errors from different computation orders. To turn them off, set the environment variable `TF_ENABLE_ONEDNN_OPTS=0`.
I0000 00:00:1790453178.820752 1941034 cpu_feature_guard.cc:227] This TensorFlow binary is optimized to use available CPU instructions in performance-critical operations.
To enable the following instructions: AVX2 AVX512F AVX512_VNNI AVX512_BF16 AVX512_FP16 AVX_VNNI AMX_TILE AMX_INT8 AMX_BF16 FMA, in other operations, rebuild TensorFlow with the appropriate compiler flags.
WARNING: All log messages before absl::InitializeLog() is called are written to STDERR
I0000 00:00:1790453179.937580 1941034 port.cc:153] oneDNN custom operations are on. You may see slightly different numerical results due to floating-point round-off errors from different computation orders. To turn them off, set the environment variable `TF_ENABLE_ONEDNN_OPTS=0`.
I0000 00:00:1790453180.629288 1941218 tf_record_dataset_op.cc:396] The default buffer size is 262144, which is overridden by the user specified `buffer_size` of 8388608
[pjrt_ffi] RESIDENT: @mnv4in_fwd_eval holds 387 parameter tensors (37.3 MB) on 4 devices; they stop crossing PCIe from here
Epoch 15/100: loss=3.014206 lr=0.003892
  imagenet shim: jax/.lake/build/generated_mobilenet_v4_imagenet_shim.py — validation split, batch 256, 150528 floats/img (seed 0)
  imagenet shim: jax/.lake/build/generated_mobilenet_v4_imagenet_shim.py — validation split, batch 256, 150528 floats/img (seed 1)
  imagenet shim: 2 sharded producers (round-robin over batches)
  ▸ val: STREAMED per pass — 2 batch-block producer(s), 256-row blocks k, k+2, … read round-robin, nothing held (the 30 GB drain is gone; planning/streaming_val.md)
  ▸ val = all 50000 streamed (timm's denominator)
  epoch 15: test_acc = 33453/50000 = 66.906000%  top5 = 43724/50000 = 87.448000%  [95% CI 66.49–67.32]
    per-example top-1 bitmap -> runs/2026-09-26-mnv4-verified-bf16-100ep/bitmaps/mnv4_emaaccdp8x128wxdowd005bf16_e15.bin (50000 bytes)
    BN companion -> .lake/build/mnv4in_emaaccdp8x128wxdowd005bf16_ckpt_xla_e100.bin.bn (67904 floats x 2, hash 14506650912400422821)
  step 0/2496: loss=2.772099
  step 1/2496: loss=2.966596
  step 2/2496: loss=2.900573
  step 100/2496: loss=2.714610
  step 200/2496: loss=3.083492
  step 300/2496: loss=2.872867
  step 400/2496: loss=2.701806
  step 500/2496: loss=3.268828
  step 600/2496: loss=2.735828
  step 700/2496: loss=3.505531
  step 800/2496: loss=2.807608
  step 900/2496: loss=3.114929
  step 1000/2496: loss=2.916327
  step 1100/2496: loss=3.278723
  step 1200/2496: loss=2.533536
  step 1300/2496: loss=2.652753
  step 1400/2496: loss=2.950341
  step 1500/2496: loss=2.994922
  step 1600/2496: loss=2.952692
  step 1700/2496: loss=2.918668
  step 1800/2496: loss=3.182183
  step 1900/2496: loss=2.765018
  step 2000/2496: loss=2.850829
  step 2100/2496: loss=2.935842
  step 2200/2496: loss=3.100727
  step 2300/2496: loss=2.917424
  step 2400/2496: loss=2.873192
Epoch 16/100: loss=2.982427 lr=0.003869
  epoch 16: eval skipped (valEveryEpochs = 5; next scored epoch 20)
    BN companion -> .lake/build/mnv4in_emaaccdp8x128wxdowd005bf16_ckpt_xla_e100.bin.bn (67904 floats x 2, hash 18129313026740307658)
  step 0/2496: loss=3.068558
  step 1/2496: loss=3.166191
  step 2/2496: loss=2.857718
  step 100/2496: loss=2.829422
  step 200/2496: loss=3.098654
  step 300/2496: loss=3.123951
  step 400/2496: loss=3.197577
  step 500/2496: loss=3.080503
  step 600/2496: loss=2.896526
  step 700/2496: loss=2.937134
  step 800/2496: loss=3.009360
  step 900/2496: loss=2.704665
  step 1000/2496: loss=3.242918
  step 1100/2496: loss=2.674599
  step 1200/2496: loss=3.105901
  step 1300/2496: loss=2.615716
  step 1400/2496: loss=2.987124
  step 1500/2496: loss=2.949446
  step 1600/2496: loss=2.935476
  step 1700/2496: loss=2.985022
  step 1800/2496: loss=2.924178
  step 1900/2496: loss=3.029423
  step 2000/2496: loss=2.797330
  step 2100/2496: loss=3.261653
  step 2200/2496: loss=2.874005
  step 2300/2496: loss=2.708070
  step 2400/2496: loss=3.144442
Epoch 17/100: loss=2.949367 lr=0.003845
  epoch 17: eval skipped (valEveryEpochs = 5; next scored epoch 20)
    BN companion -> .lake/build/mnv4in_emaaccdp8x128wxdowd005bf16_ckpt_xla_e100.bin.bn (67904 floats x 2, hash 12432236692526731264)
  step 0/2496: loss=3.037949
  step 1/2496: loss=2.904574
  step 2/2496: loss=2.755271
  step 100/2496: loss=3.130324
  step 200/2496: loss=3.031063
  step 300/2496: loss=2.913051
  step 400/2496: loss=3.178213
  step 500/2496: loss=2.903994
  step 600/2496: loss=2.877916
  step 700/2496: loss=2.882675
  step 800/2496: loss=3.072384
  step 900/2496: loss=2.823059
  step 1000/2496: loss=3.058740
  step 1100/2496: loss=2.982123
  step 1200/2496: loss=2.627643
  step 1300/2496: loss=2.909126
  step 1400/2496: loss=2.837716
  step 1500/2496: loss=3.036968
  step 1600/2496: loss=3.167957
  step 1700/2496: loss=2.747072
  step 1800/2496: loss=2.994906
  step 1900/2496: loss=2.906645
  step 2000/2496: loss=3.168558
  step 2100/2496: loss=2.881290
  step 2200/2496: loss=3.003724
  step 2300/2496: loss=3.059428
  step 2400/2496: loss=2.814806
Epoch 18/100: loss=2.923610 lr=0.003818
  epoch 18: eval skipped (valEveryEpochs = 5; next scored epoch 20)
    BN companion -> .lake/build/mnv4in_emaaccdp8x128wxdowd005bf16_ckpt_xla_e100.bin.bn (67904 floats x 2, hash 6739869924465869188)
  step 0/2496: loss=2.839912
  step 1/2496: loss=2.979449
  step 2/2496: loss=2.939973
  step 100/2496: loss=2.858859
  step 200/2496: loss=3.027045
  step 300/2496: loss=2.996344
  step 400/2496: loss=2.891109
  step 500/2496: loss=3.144982
  step 600/2496: loss=3.184320
  step 700/2496: loss=3.203034
  step 800/2496: loss=2.828408
  step 900/2496: loss=2.901146
  step 1000/2496: loss=2.797300
  step 1100/2496: loss=3.056126
  step 1200/2496: loss=2.774528
  step 1300/2496: loss=3.013263
  step 1400/2496: loss=2.965377
  step 1500/2496: loss=2.689198
  step 1600/2496: loss=2.836596
  step 1700/2496: loss=2.818932
  step 1800/2496: loss=2.950770
  step 1900/2496: loss=2.989783
  step 2000/2496: loss=2.719232
  step 2100/2496: loss=2.577813
  step 2200/2496: loss=2.801175
  step 2300/2496: loss=2.809883
  step 2400/2496: loss=2.855893
Epoch 19/100: loss=2.892725 lr=0.003789
  epoch 19: eval skipped (valEveryEpochs = 5; next scored epoch 20)
    BN companion -> .lake/build/mnv4in_emaaccdp8x128wxdowd005bf16_ckpt_xla_e100.bin.bn (67904 floats x 2, hash 15874663802680824100)
  step 0/2496: loss=2.621940
  step 1/2496: loss=2.738151
  step 2/2496: loss=3.046706
  step 100/2496: loss=2.630777
  step 200/2496: loss=3.310644
  step 300/2496: loss=2.843356
  step 400/2496: loss=2.923476
  step 500/2496: loss=3.021512
  step 600/2496: loss=2.701613
  step 700/2496: loss=2.763986
  step 800/2496: loss=3.033003
  step 900/2496: loss=2.636957
  step 1000/2496: loss=2.894224
  step 1100/2496: loss=3.011005
  step 1200/2496: loss=2.742061
  step 1300/2496: loss=2.845279
  step 1400/2496: loss=3.146194
  step 1500/2496: loss=2.904126
  step 1600/2496: loss=2.758453
  step 1700/2496: loss=3.071865
  step 1800/2496: loss=2.934876
  step 1900/2496: loss=3.013826
  step 2000/2496: loss=2.944959
  step 2100/2496: loss=2.973734
  step 2200/2496: loss=2.729168
  step 2300/2496: loss=2.807739
  step 2400/2496: loss=3.304555
WARNING: All log messages before absl::InitializeLog() is called are written to STDERR
I0000 00:00:1790456342.386086 1955232 port.cc:153] oneDNN custom operations are on. You may see slightly different numerical results due to floating-point round-off errors from different computation orders. To turn them off, set the environment variable `TF_ENABLE_ONEDNN_OPTS=0`.
I0000 00:00:1790456342.717188 1955232 cpu_feature_guard.cc:227] This TensorFlow binary is optimized to use available CPU instructions in performance-critical operations.
To enable the following instructions: AVX2 AVX512F AVX512_VNNI AVX512_BF16 AVX512_FP16 AVX_VNNI AMX_TILE AMX_INT8 AMX_BF16 FMA, in other operations, rebuild TensorFlow with the appropriate compiler flags.
WARNING: All log messages before absl::InitializeLog() is called are written to STDERR
I0000 00:00:1790456344.305272 1955232 port.cc:153] oneDNN custom operations are on. You may see slightly different numerical results due to floating-point round-off errors from different computation orders. To turn them off, set the environment variable `TF_ENABLE_ONEDNN_OPTS=0`.
I0000 00:00:1790456345.232789 1955342 tf_record_dataset_op.cc:396] The default buffer size is 262144, which is overridden by the user specified `buffer_size` of 8388608
WARNING: All log messages before absl::InitializeLog() is called are written to STDERR
I0000 00:00:1790456345.585717 1955345 port.cc:153] oneDNN custom operations are on. You may see slightly different numerical results due to floating-point round-off errors from different computation orders. To turn them off, set the environment variable `TF_ENABLE_ONEDNN_OPTS=0`.
I0000 00:00:1790456345.627164 1955345 cpu_feature_guard.cc:227] This TensorFlow binary is optimized to use available CPU instructions in performance-critical operations.
To enable the following instructions: AVX2 AVX512F AVX512_VNNI AVX512_BF16 AVX512_FP16 AVX_VNNI AMX_TILE AMX_INT8 AMX_BF16 FMA, in other operations, rebuild TensorFlow with the appropriate compiler flags.
WARNING: All log messages before absl::InitializeLog() is called are written to STDERR
I0000 00:00:1790456346.735625 1955345 port.cc:153] oneDNN custom operations are on. You may see slightly different numerical results due to floating-point round-off errors from different computation orders. To turn them off, set the environment variable `TF_ENABLE_ONEDNN_OPTS=0`.
I0000 00:00:1790456347.429783 1955537 tf_record_dataset_op.cc:396] The default buffer size is 262144, which is overridden by the user specified `buffer_size` of 8388608
[pjrt_ffi] RESIDENT: @mnv4in_fwd_eval holds 387 parameter tensors (37.3 MB) on 4 devices; they stop crossing PCIe from here
Epoch 20/100: loss=2.870257 lr=0.003759
  imagenet shim: jax/.lake/build/generated_mobilenet_v4_imagenet_shim.py — validation split, batch 256, 150528 floats/img (seed 0)
  imagenet shim: jax/.lake/build/generated_mobilenet_v4_imagenet_shim.py — validation split, batch 256, 150528 floats/img (seed 1)
  imagenet shim: 2 sharded producers (round-robin over batches)
  ▸ val: STREAMED per pass — 2 batch-block producer(s), 256-row blocks k, k+2, … read round-robin, nothing held (the 30 GB drain is gone; planning/streaming_val.md)
  ▸ val = all 50000 streamed (timm's denominator)
  epoch 20: test_acc = 34530/50000 = 69.060000%  top5 = 44424/50000 = 88.848000%  [95% CI 68.65–69.46]
    per-example top-1 bitmap -> runs/2026-09-26-mnv4-verified-bf16-100ep/bitmaps/mnv4_emaaccdp8x128wxdowd005bf16_e20.bin (50000 bytes)
    BN companion -> .lake/build/mnv4in_emaaccdp8x128wxdowd005bf16_ckpt_xla_e100.bin.bn (67904 floats x 2, hash 17391150445134906305)
  step 0/2496: loss=3.089056
  step 1/2496: loss=3.087372
  step 2/2496: loss=2.643597
  step 100/2496: loss=3.106896
  step 200/2496: loss=2.909451
  step 300/2496: loss=2.887113
  step 400/2496: loss=2.958390
  step 500/2496: loss=2.732690
  step 600/2496: loss=3.071451
  step 700/2496: loss=2.813102
  step 800/2496: loss=2.976663
  step 900/2496: loss=2.945074
  step 1000/2496: loss=2.787685
  step 1100/2496: loss=2.893315
  step 1200/2496: loss=3.200161
  step 1300/2496: loss=3.031938
  step 1400/2496: loss=2.909404
  step 1500/2496: loss=2.886741
  step 1600/2496: loss=2.750776
  step 1700/2496: loss=2.956860
  step 1800/2496: loss=2.668759
  step 1900/2496: loss=3.001302
  step 2000/2496: loss=2.900641
  step 2100/2496: loss=2.757770
  step 2200/2496: loss=2.982058
  step 2300/2496: loss=2.711860
  step 2400/2496: loss=2.839635
Epoch 21/100: loss=2.849903 lr=0.003727
  epoch 21: eval skipped (valEveryEpochs = 5; next scored epoch 25)
    BN companion -> .lake/build/mnv4in_emaaccdp8x128wxdowd005bf16_ckpt_xla_e100.bin.bn (67904 floats x 2, hash 779893508903961375)
  step 0/2496: loss=2.737286
  step 1/2496: loss=3.059991
  step 2/2496: loss=2.771286
  step 100/2496: loss=2.797293
  step 200/2496: loss=3.091783
  step 300/2496: loss=3.035009
  step 400/2496: loss=2.735650
  step 500/2496: loss=2.998813
  step 600/2496: loss=2.863984
  step 700/2496: loss=2.578121
  step 800/2496: loss=2.939895
  step 900/2496: loss=2.690282
  step 1000/2496: loss=2.954551
  step 1100/2496: loss=2.896761
  step 1200/2496: loss=2.854659
  step 1300/2496: loss=3.027317
  step 1400/2496: loss=2.507398
  step 1500/2496: loss=2.989120
  step 1600/2496: loss=2.769011
  step 1700/2496: loss=2.922321
  step 1800/2496: loss=3.137572
  step 1900/2496: loss=2.803482
  step 2000/2496: loss=2.987838
  step 2100/2496: loss=2.660930
  step 2200/2496: loss=3.010799
  step 2300/2496: loss=2.705750
  step 2400/2496: loss=3.011383
Epoch 22/100: loss=2.824731 lr=0.003692
  epoch 22: eval skipped (valEveryEpochs = 5; next scored epoch 25)
    BN companion -> .lake/build/mnv4in_emaaccdp8x128wxdowd005bf16_ckpt_xla_e100.bin.bn (67904 floats x 2, hash 3911585432379998564)
  step 0/2496: loss=2.941954
  step 1/2496: loss=3.129317
  step 2/2496: loss=2.988414
  step 100/2496: loss=2.712555
  step 200/2496: loss=2.729590
  step 300/2496: loss=2.786368
  step 400/2496: loss=2.819609
  step 500/2496: loss=2.523667
  step 600/2496: loss=2.711388
  step 700/2496: loss=2.910188
  step 800/2496: loss=3.143308
  step 900/2496: loss=2.928097
  step 1000/2496: loss=2.654756
  step 1100/2496: loss=2.885149
  step 1200/2496: loss=2.686554
  step 1300/2496: loss=3.079533
  step 1400/2496: loss=2.609102
  step 1500/2496: loss=2.951455
  step 1600/2496: loss=2.617151
  step 1700/2496: loss=2.839471
  step 1800/2496: loss=2.903435
  step 1900/2496: loss=2.723884
  step 2000/2496: loss=2.791021
  step 2100/2496: loss=3.084253
  step 2200/2496: loss=2.923258
  step 2300/2496: loss=2.679065
  step 2400/2496: loss=2.789621
Epoch 23/100: loss=2.804535 lr=0.003656
  epoch 23: eval skipped (valEveryEpochs = 5; next scored epoch 25)
    BN companion -> .lake/build/mnv4in_emaaccdp8x128wxdowd005bf16_ckpt_xla_e100.bin.bn (67904 floats x 2, hash 12793606415456884868)
  step 0/2496: loss=2.728268
  step 1/2496: loss=2.741143
  step 2/2496: loss=2.996857
  step 100/2496: loss=3.052732
  step 200/2496: loss=2.875091
  step 300/2496: loss=2.942126
  step 400/2496: loss=2.754066
  step 500/2496: loss=3.055670
  step 600/2496: loss=2.700956
  step 700/2496: loss=2.840622
  step 800/2496: loss=3.011245
  step 900/2496: loss=2.736519
  step 1000/2496: loss=2.834116
  step 1100/2496: loss=2.714720
  step 1200/2496: loss=2.700024
  step 1300/2496: loss=2.795010
  step 1400/2496: loss=2.536284
  step 1500/2496: loss=2.868769
  step 1600/2496: loss=2.739204
  step 1700/2496: loss=2.805289
  step 1800/2496: loss=2.850378
  step 1900/2496: loss=2.850486
  step 2000/2496: loss=2.858789
  step 2100/2496: loss=2.984941
  step 2200/2496: loss=2.723898
  step 2300/2496: loss=2.934664
  step 2400/2496: loss=2.564728
Epoch 24/100: loss=2.785278 lr=0.003618
  epoch 24: eval skipped (valEveryEpochs = 5; next scored epoch 25)
    BN companion -> .lake/build/mnv4in_emaaccdp8x128wxdowd005bf16_ckpt_xla_e100.bin.bn (67904 floats x 2, hash 12213142881738030869)
  step 0/2496: loss=2.855616
  step 1/2496: loss=2.814255
  step 2/2496: loss=2.946489
  step 100/2496: loss=2.735613
  step 200/2496: loss=2.971632
  step 300/2496: loss=2.534905
  step 400/2496: loss=2.819217
  step 500/2496: loss=2.748392
  step 600/2496: loss=2.804458
  step 700/2496: loss=2.686394
  step 800/2496: loss=2.668164
  step 900/2496: loss=2.569761
  step 1000/2496: loss=2.588916
  step 1100/2496: loss=2.694311
  step 1200/2496: loss=2.825615
  step 1300/2496: loss=2.410365
  step 1400/2496: loss=2.791301
  step 1500/2496: loss=2.879520
  step 1600/2496: loss=2.773692
  step 1700/2496: loss=2.695443
  step 1800/2496: loss=2.687554
  step 1900/2496: loss=2.871551
  step 2000/2496: loss=2.867183
  step 2100/2496: loss=2.658929
  step 2200/2496: loss=2.869175
  step 2300/2496: loss=2.909462
  step 2400/2496: loss=2.893552
WARNING: All log messages before absl::InitializeLog() is called are written to STDERR
I0000 00:00:1790459503.569899 1969555 port.cc:153] oneDNN custom operations are on. You may see slightly different numerical results due to floating-point round-off errors from different computation orders. To turn them off, set the environment variable `TF_ENABLE_ONEDNN_OPTS=0`.
I0000 00:00:1790459503.597775 1969555 cpu_feature_guard.cc:227] This TensorFlow binary is optimized to use available CPU instructions in performance-critical operations.
To enable the following instructions: AVX2 AVX512F AVX512_VNNI AVX512_BF16 AVX512_FP16 AVX_VNNI AMX_TILE AMX_INT8 AMX_BF16 FMA, in other operations, rebuild TensorFlow with the appropriate compiler flags.
WARNING: All log messages before absl::InitializeLog() is called are written to STDERR
I0000 00:00:1790459505.014071 1969555 port.cc:153] oneDNN custom operations are on. You may see slightly different numerical results due to floating-point round-off errors from different computation orders. To turn them off, set the environment variable `TF_ENABLE_ONEDNN_OPTS=0`.
I0000 00:00:1790459505.856481 1969661 tf_record_dataset_op.cc:396] The default buffer size is 262144, which is overridden by the user specified `buffer_size` of 8388608
WARNING: All log messages before absl::InitializeLog() is called are written to STDERR
I0000 00:00:1790459506.975049 1969666 port.cc:153] oneDNN custom operations are on. You may see slightly different numerical results due to floating-point round-off errors from different computation orders. To turn them off, set the environment variable `TF_ENABLE_ONEDNN_OPTS=0`.
I0000 00:00:1790459507.370849 1969666 cpu_feature_guard.cc:227] This TensorFlow binary is optimized to use available CPU instructions in performance-critical operations.
To enable the following instructions: AVX2 AVX512F AVX512_VNNI AVX512_BF16 AVX512_FP16 AVX_VNNI AMX_TILE AMX_INT8 AMX_BF16 FMA, in other operations, rebuild TensorFlow with the appropriate compiler flags.
WARNING: All log messages before absl::InitializeLog() is called are written to STDERR
I0000 00:00:1790459509.583045 1969666 port.cc:153] oneDNN custom operations are on. You may see slightly different numerical results due to floating-point round-off errors from different computation orders. To turn them off, set the environment variable `TF_ENABLE_ONEDNN_OPTS=0`.
I0000 00:00:1790459510.346669 1969850 tf_record_dataset_op.cc:396] The default buffer size is 262144, which is overridden by the user specified `buffer_size` of 8388608
[pjrt_ffi] RESIDENT: @mnv4in_fwd_eval holds 387 parameter tensors (37.3 MB) on 4 devices; they stop crossing PCIe from here
Epoch 25/100: loss=2.768626 lr=0.003578
  imagenet shim: jax/.lake/build/generated_mobilenet_v4_imagenet_shim.py — validation split, batch 256, 150528 floats/img (seed 0)
  imagenet shim: jax/.lake/build/generated_mobilenet_v4_imagenet_shim.py — validation split, batch 256, 150528 floats/img (seed 1)
  imagenet shim: 2 sharded producers (round-robin over batches)
  ▸ val: STREAMED per pass — 2 batch-block producer(s), 256-row blocks k, k+2, … read round-robin, nothing held (the 30 GB drain is gone; planning/streaming_val.md)
  ▸ val = all 50000 streamed (timm's denominator)
  epoch 25: test_acc = 35473/50000 = 70.946000%  top5 = 44928/50000 = 89.856000%  [95% CI 70.55–71.34]
    per-example top-1 bitmap -> runs/2026-09-26-mnv4-verified-bf16-100ep/bitmaps/mnv4_emaaccdp8x128wxdowd005bf16_e25.bin (50000 bytes)
    BN companion -> .lake/build/mnv4in_emaaccdp8x128wxdowd005bf16_ckpt_xla_e100.bin.bn (67904 floats x 2, hash 16149021841174995710)
  step 0/2496: loss=2.559834
  step 1/2496: loss=2.655561
  step 2/2496: loss=2.596441
  step 100/2496: loss=2.794351
  step 200/2496: loss=2.619004
  step 300/2496: loss=2.853312
  step 400/2496: loss=2.859557
  step 500/2496: loss=2.574667
  step 600/2496: loss=2.719849
  step 700/2496: loss=2.848409
  step 800/2496: loss=2.525347
  step 900/2496: loss=2.551484
  step 1000/2496: loss=2.785942
  step 1100/2496: loss=2.766003
  step 1200/2496: loss=2.678888
  step 1300/2496: loss=2.445767
  step 1400/2496: loss=2.926195
  step 1500/2496: loss=2.500135
  step 1600/2496: loss=2.906829
  step 1700/2496: loss=2.553023
  step 1800/2496: loss=2.998783
  step 1900/2496: loss=2.853637
  step 2000/2496: loss=2.501178
  step 2100/2496: loss=2.973729
  step 2200/2496: loss=2.964737
  step 2300/2496: loss=2.531222
  step 2400/2496: loss=3.046182
Epoch 26/100: loss=2.751808 lr=0.003537
  epoch 26: eval skipped (valEveryEpochs = 5; next scored epoch 30)
    BN companion -> .lake/build/mnv4in_emaaccdp8x128wxdowd005bf16_ckpt_xla_e100.bin.bn (67904 floats x 2, hash 17746622223127786226)
  step 0/2496: loss=2.465580
  step 1/2496: loss=2.732851
  step 2/2496: loss=2.791226
  step 100/2496: loss=2.615817
  step 200/2496: loss=2.921727
  step 300/2496: loss=2.688486
  step 400/2496: loss=2.643892
  step 500/2496: loss=2.733708
  step 600/2496: loss=2.908737
  step 700/2496: loss=2.868066
  step 800/2496: loss=2.835353
  step 900/2496: loss=2.704066
  step 1000/2496: loss=2.717291
  step 1100/2496: loss=2.711341
  step 1200/2496: loss=2.715955
  step 1300/2496: loss=2.888123
  step 1400/2496: loss=2.801470
  step 1500/2496: loss=2.603508
  step 1600/2496: loss=2.637762
  step 1700/2496: loss=2.810558
  step 1800/2496: loss=2.925028
  step 1900/2496: loss=2.655715
  step 2000/2496: loss=2.841450
  step 2100/2496: loss=2.591786
  step 2200/2496: loss=2.765089
  step 2300/2496: loss=2.948159
  step 2400/2496: loss=2.890469
Epoch 27/100: loss=2.732208 lr=0.003494
  epoch 27: eval skipped (valEveryEpochs = 5; next scored epoch 30)
    BN companion -> .lake/build/mnv4in_emaaccdp8x128wxdowd005bf16_ckpt_xla_e100.bin.bn (67904 floats x 2, hash 4573609866165594340)
  step 0/2496: loss=2.964394
  step 1/2496: loss=2.776813
  step 2/2496: loss=2.541751
  step 100/2496: loss=2.443906
  step 200/2496: loss=2.913108
  step 300/2496: loss=2.838090
  step 400/2496: loss=2.794626
  step 500/2496: loss=2.499418
  step 600/2496: loss=2.636105
  step 700/2496: loss=2.375332
  step 800/2496: loss=2.596269
  step 900/2496: loss=2.578633
  step 1000/2496: loss=2.538618
  step 1100/2496: loss=2.677333
  step 1200/2496: loss=2.598912
  step 1300/2496: loss=2.722860
  step 1400/2496: loss=2.585670
  step 1500/2496: loss=2.567072
  step 1600/2496: loss=2.719810
  step 1700/2496: loss=2.676918
  step 1800/2496: loss=2.602698
  step 1900/2496: loss=2.895162
  step 2000/2496: loss=2.701999
  step 2100/2496: loss=2.928137
  step 2200/2496: loss=2.732423
  step 2300/2496: loss=2.906223
  step 2400/2496: loss=2.674824
Epoch 28/100: loss=2.717571 lr=0.003449
  epoch 28: eval skipped (valEveryEpochs = 5; next scored epoch 30)
    BN companion -> .lake/build/mnv4in_emaaccdp8x128wxdowd005bf16_ckpt_xla_e100.bin.bn (67904 floats x 2, hash 12766084985201565059)
  step 0/2496: loss=2.537017
  step 1/2496: loss=2.647078
  step 2/2496: loss=2.553194
  step 100/2496: loss=2.766572
  step 200/2496: loss=2.636817
  step 300/2496: loss=2.704958
  step 400/2496: loss=2.827728
  step 500/2496: loss=2.400438
  step 600/2496: loss=2.935806
  step 700/2496: loss=2.621988
  step 800/2496: loss=2.639641
  step 900/2496: loss=2.506920
  step 1000/2496: loss=2.854974
  step 1100/2496: loss=2.591458
  step 1200/2496: loss=2.673773
  step 1300/2496: loss=2.845056
  step 1400/2496: loss=2.806715
  step 1500/2496: loss=2.679448
  step 1600/2496: loss=2.702450
  step 1700/2496: loss=2.413927
  step 1800/2496: loss=2.478007
  step 1900/2496: loss=2.609822
  step 2000/2496: loss=2.637957
  step 2100/2496: loss=2.448399
  step 2200/2496: loss=2.814536
  step 2300/2496: loss=2.682209
  step 2400/2496: loss=2.796002
Epoch 29/100: loss=2.701161 lr=0.003402
  epoch 29: eval skipped (valEveryEpochs = 5; next scored epoch 30)
    BN companion -> .lake/build/mnv4in_emaaccdp8x128wxdowd005bf16_ckpt_xla_e100.bin.bn (67904 floats x 2, hash 6563881096260270050)
  step 0/2496: loss=2.734927
  step 1/2496: loss=2.838892
  step 2/2496: loss=2.639579
  step 100/2496: loss=2.868078
  step 200/2496: loss=2.812442
  step 300/2496: loss=2.557768
  step 400/2496: loss=2.874706
  step 500/2496: loss=2.724647
  step 600/2496: loss=2.848013
  step 700/2496: loss=2.926816
  step 800/2496: loss=2.725359
  step 900/2496: loss=2.379637
  step 1000/2496: loss=2.837167
  step 1100/2496: loss=2.639252
  step 1200/2496: loss=2.697667
  step 1300/2496: loss=2.992977
  step 1400/2496: loss=2.847056
  step 1500/2496: loss=2.522455
  step 1600/2496: loss=2.620258
  step 1700/2496: loss=2.613769
  step 1800/2496: loss=2.551651
  step 1900/2496: loss=2.565356
  step 2000/2496: loss=2.635017
  step 2100/2496: loss=2.690957
  step 2200/2496: loss=2.709518
  step 2300/2496: loss=2.728044
  step 2400/2496: loss=2.614013
WARNING: All log messages before absl::InitializeLog() is called are written to STDERR
I0000 00:00:1790462677.972309 1983701 port.cc:153] oneDNN custom operations are on. You may see slightly different numerical results due to floating-point round-off errors from different computation orders. To turn them off, set the environment variable `TF_ENABLE_ONEDNN_OPTS=0`.
I0000 00:00:1790462677.999730 1983701 cpu_feature_guard.cc:227] This TensorFlow binary is optimized to use available CPU instructions in performance-critical operations.
To enable the following instructions: AVX2 AVX512F AVX512_VNNI AVX512_BF16 AVX512_FP16 AVX_VNNI AMX_TILE AMX_INT8 AMX_BF16 FMA, in other operations, rebuild TensorFlow with the appropriate compiler flags.
WARNING: All log messages before absl::InitializeLog() is called are written to STDERR
I0000 00:00:1790462679.449026 1983701 port.cc:153] oneDNN custom operations are on. You may see slightly different numerical results due to floating-point round-off errors from different computation orders. To turn them off, set the environment variable `TF_ENABLE_ONEDNN_OPTS=0`.
I0000 00:00:1790462680.321036 1983857 tf_record_dataset_op.cc:396] The default buffer size is 262144, which is overridden by the user specified `buffer_size` of 8388608
WARNING: All log messages before absl::InitializeLog() is called are written to STDERR
I0000 00:00:1790462680.696909 1983861 port.cc:153] oneDNN custom operations are on. You may see slightly different numerical results due to floating-point round-off errors from different computation orders. To turn them off, set the environment variable `TF_ENABLE_ONEDNN_OPTS=0`.
I0000 00:00:1790462680.743131 1983861 cpu_feature_guard.cc:227] This TensorFlow binary is optimized to use available CPU instructions in performance-critical operations.
To enable the following instructions: AVX2 AVX512F AVX512_VNNI AVX512_BF16 AVX512_FP16 AVX_VNNI AMX_TILE AMX_INT8 AMX_BF16 FMA, in other operations, rebuild TensorFlow with the appropriate compiler flags.
WARNING: All log messages before absl::InitializeLog() is called are written to STDERR
I0000 00:00:1790462681.866571 1983861 port.cc:153] oneDNN custom operations are on. You may see slightly different numerical results due to floating-point round-off errors from different computation orders. To turn them off, set the environment variable `TF_ENABLE_ONEDNN_OPTS=0`.
I0000 00:00:1790462682.575926 1984075 tf_record_dataset_op.cc:396] The default buffer size is 262144, which is overridden by the user specified `buffer_size` of 8388608
[pjrt_ffi] RESIDENT: @mnv4in_fwd_eval holds 387 parameter tensors (37.3 MB) on 4 devices; they stop crossing PCIe from here
Epoch 30/100: loss=2.688385 lr=0.003355
  imagenet shim: jax/.lake/build/generated_mobilenet_v4_imagenet_shim.py — validation split, batch 256, 150528 floats/img (seed 0)
  imagenet shim: jax/.lake/build/generated_mobilenet_v4_imagenet_shim.py — validation split, batch 256, 150528 floats/img (seed 1)
  imagenet shim: 2 sharded producers (round-robin over batches)
  ▸ val: STREAMED per pass — 2 batch-block producer(s), 256-row blocks k, k+2, … read round-robin, nothing held (the 30 GB drain is gone; planning/streaming_val.md)
  ▸ val = all 50000 streamed (timm's denominator)
  epoch 30: test_acc = 36047/50000 = 72.094000%  top5 = 45289/50000 = 90.578000%  [95% CI 71.70–72.49]
    per-example top-1 bitmap -> runs/2026-09-26-mnv4-verified-bf16-100ep/bitmaps/mnv4_emaaccdp8x128wxdowd005bf16_e30.bin (50000 bytes)
    BN companion -> .lake/build/mnv4in_emaaccdp8x128wxdowd005bf16_ckpt_xla_e100.bin.bn (67904 floats x 2, hash 4550575227994435066)
  step 0/2496: loss=3.041917
  step 1/2496: loss=2.825805
  step 2/2496: loss=2.984044
  step 100/2496: loss=2.721690
  step 200/2496: loss=2.555589
  step 300/2496: loss=2.521539
  step 400/2496: loss=2.392603
  step 500/2496: loss=2.714718
  step 600/2496: loss=2.669438
  step 700/2496: loss=2.696306
  step 800/2496: loss=2.815788
  step 900/2496: loss=2.620220
  step 1000/2496: loss=2.531595
  step 1100/2496: loss=2.686670
  step 1200/2496: loss=2.788070
  step 1300/2496: loss=2.888792
  step 1400/2496: loss=3.137597
  step 1500/2496: loss=2.472675
  step 1600/2496: loss=2.425636
  step 1700/2496: loss=2.628603
  step 1800/2496: loss=2.661764
  step 1900/2496: loss=2.896682
  step 2000/2496: loss=2.414896
  step 2100/2496: loss=2.612277
  step 2200/2496: loss=2.891755
  step 2300/2496: loss=2.823881
  step 2400/2496: loss=2.565861
Epoch 31/100: loss=2.674332 lr=0.003305
  epoch 31: eval skipped (valEveryEpochs = 5; next scored epoch 35)
    BN companion -> .lake/build/mnv4in_emaaccdp8x128wxdowd005bf16_ckpt_xla_e100.bin.bn (67904 floats x 2, hash 3414517747748339510)
  step 0/2496: loss=2.896735
  step 1/2496: loss=3.012671
  step 2/2496: loss=2.824131
  step 100/2496: loss=2.709976
  step 200/2496: loss=2.530140
  step 300/2496: loss=2.846917
  step 400/2496: loss=2.519109
  step 500/2496: loss=2.634663
  step 600/2496: loss=2.659150
  step 700/2496: loss=2.659918
  step 800/2496: loss=2.883716
  step 900/2496: loss=2.546257
  step 1000/2496: loss=2.565181
  step 1100/2496: loss=2.592101
  step 1200/2496: loss=2.524833
  step 1300/2496: loss=2.913355
  step 1400/2496: loss=2.607307
  step 1500/2496: loss=2.497932
  step 1600/2496: loss=2.486611
  step 1700/2496: loss=2.511056
  step 1800/2496: loss=2.618266
  step 1900/2496: loss=2.673436
  step 2000/2496: loss=2.443967
  step 2100/2496: loss=2.592750
  step 2200/2496: loss=2.971943
  step 2300/2496: loss=2.645095
  step 2400/2496: loss=2.738600
Epoch 32/100: loss=2.659843 lr=0.003254
  epoch 32: eval skipped (valEveryEpochs = 5; next scored epoch 35)
    BN companion -> .lake/build/mnv4in_emaaccdp8x128wxdowd005bf16_ckpt_xla_e100.bin.bn (67904 floats x 2, hash 16894604019852391874)
  step 0/2496: loss=2.819903
  step 1/2496: loss=2.728072
  step 2/2496: loss=2.675235
  step 100/2496: loss=2.828955
  step 200/2496: loss=2.758853
  step 300/2496: loss=2.685863
  step 400/2496: loss=2.745203
  step 500/2496: loss=2.829495
  step 600/2496: loss=2.470302
  step 700/2496: loss=2.410018
  step 800/2496: loss=2.790450
  step 900/2496: loss=2.538013
  step 1000/2496: loss=2.604735
  step 1100/2496: loss=2.798857
  step 1200/2496: loss=2.694957
  step 1300/2496: loss=2.884507
  step 1400/2496: loss=2.419013
  step 1500/2496: loss=2.401935
  step 1600/2496: loss=2.802997
  step 1700/2496: loss=2.664715
  step 1800/2496: loss=2.462056
  step 1900/2496: loss=2.380546
  step 2000/2496: loss=2.755570
  step 2100/2496: loss=2.678751
  step 2200/2496: loss=2.281891
  step 2300/2496: loss=2.736982
  step 2400/2496: loss=2.762772
Epoch 33/100: loss=2.643348 lr=0.003202
  epoch 33: eval skipped (valEveryEpochs = 5; next scored epoch 35)
    BN companion -> .lake/build/mnv4in_emaaccdp8x128wxdowd005bf16_ckpt_xla_e100.bin.bn (67904 floats x 2, hash 15544604041410987758)
  step 0/2496: loss=2.997516
  step 1/2496: loss=2.430691
  step 2/2496: loss=2.742671
  step 100/2496: loss=2.871469
  step 200/2496: loss=2.691409
  step 300/2496: loss=2.706378
  step 400/2496: loss=2.593811
  step 500/2496: loss=2.580545
  step 600/2496: loss=2.883240
  step 700/2496: loss=2.705853
  step 800/2496: loss=2.634671
  step 900/2496: loss=2.808268
  step 1000/2496: loss=2.721912
  step 1100/2496: loss=2.732479
  step 1200/2496: loss=2.824443
  step 1300/2496: loss=2.848771
  step 1400/2496: loss=2.798378
  step 1500/2496: loss=2.798906
  step 1600/2496: loss=2.875493
  step 1700/2496: loss=2.436910
  step 1800/2496: loss=2.891220
  step 1900/2496: loss=2.676845
  step 2000/2496: loss=2.913786
  step 2100/2496: loss=2.613564
  step 2200/2496: loss=2.634186
  step 2300/2496: loss=2.562324
  step 2400/2496: loss=2.933519
Epoch 34/100: loss=2.631855 lr=0.003149
  epoch 34: eval skipped (valEveryEpochs = 5; next scored epoch 35)
    BN companion -> .lake/build/mnv4in_emaaccdp8x128wxdowd005bf16_ckpt_xla_e100.bin.bn (67904 floats x 2, hash 8400317523572281534)
  step 0/2496: loss=2.600995
  step 1/2496: loss=2.438285
  step 2/2496: loss=2.324160
  step 100/2496: loss=2.491351
  step 200/2496: loss=2.643241
  step 300/2496: loss=2.822667
  step 400/2496: loss=2.761201
  step 500/2496: loss=2.924314
  step 600/2496: loss=2.746640
  step 700/2496: loss=2.703679
  step 800/2496: loss=2.687288
  step 900/2496: loss=2.536339
  step 1000/2496: loss=2.484525
  step 1100/2496: loss=2.525092
  step 1200/2496: loss=2.908431
  step 1300/2496: loss=2.677649
  step 1400/2496: loss=2.663665
  step 1500/2496: loss=2.872195
  step 1600/2496: loss=2.549836
  step 1700/2496: loss=2.461693
  step 1800/2496: loss=2.423303
  step 1900/2496: loss=2.538327
  step 2000/2496: loss=2.617957
  step 2100/2496: loss=2.540072
  step 2200/2496: loss=2.875467
  step 2300/2496: loss=2.682301
  step 2400/2496: loss=2.483510
WARNING: All log messages before absl::InitializeLog() is called are written to STDERR
I0000 00:00:1790465850.173138 1998023 port.cc:153] oneDNN custom operations are on. You may see slightly different numerical results due to floating-point round-off errors from different computation orders. To turn them off, set the environment variable `TF_ENABLE_ONEDNN_OPTS=0`.
I0000 00:00:1790465850.201254 1998023 cpu_feature_guard.cc:227] This TensorFlow binary is optimized to use available CPU instructions in performance-critical operations.
To enable the following instructions: AVX2 AVX512F AVX512_VNNI AVX512_BF16 AVX512_FP16 AVX_VNNI AMX_TILE AMX_INT8 AMX_BF16 FMA, in other operations, rebuild TensorFlow with the appropriate compiler flags.
WARNING: All log messages before absl::InitializeLog() is called are written to STDERR
I0000 00:00:1790465851.614645 1998023 port.cc:153] oneDNN custom operations are on. You may see slightly different numerical results due to floating-point round-off errors from different computation orders. To turn them off, set the environment variable `TF_ENABLE_ONEDNN_OPTS=0`.
I0000 00:00:1790465852.483730 1998134 tf_record_dataset_op.cc:396] The default buffer size is 262144, which is overridden by the user specified `buffer_size` of 8388608
WARNING: All log messages before absl::InitializeLog() is called are written to STDERR
I0000 00:00:1790465852.804260 1998137 port.cc:153] oneDNN custom operations are on. You may see slightly different numerical results due to floating-point round-off errors from different computation orders. To turn them off, set the environment variable `TF_ENABLE_ONEDNN_OPTS=0`.
I0000 00:00:1790465852.850890 1998137 cpu_feature_guard.cc:227] This TensorFlow binary is optimized to use available CPU instructions in performance-critical operations.
To enable the following instructions: AVX2 AVX512F AVX512_VNNI AVX512_BF16 AVX512_FP16 AVX_VNNI AMX_TILE AMX_INT8 AMX_BF16 FMA, in other operations, rebuild TensorFlow with the appropriate compiler flags.
WARNING: All log messages before absl::InitializeLog() is called are written to STDERR
I0000 00:00:1790465854.019693 1998137 port.cc:153] oneDNN custom operations are on. You may see slightly different numerical results due to floating-point round-off errors from different computation orders. To turn them off, set the environment variable `TF_ENABLE_ONEDNN_OPTS=0`.
I0000 00:00:1790465854.715098 1998311 tf_record_dataset_op.cc:396] The default buffer size is 262144, which is overridden by the user specified `buffer_size` of 8388608
[pjrt_ffi] RESIDENT: @mnv4in_fwd_eval holds 387 parameter tensors (37.3 MB) on 4 devices; they stop crossing PCIe from here
Epoch 35/100: loss=2.617196 lr=0.003094
  imagenet shim: jax/.lake/build/generated_mobilenet_v4_imagenet_shim.py — validation split, batch 256, 150528 floats/img (seed 0)
  imagenet shim: jax/.lake/build/generated_mobilenet_v4_imagenet_shim.py — validation split, batch 256, 150528 floats/img (seed 1)
  imagenet shim: 2 sharded producers (round-robin over batches)
  ▸ val: STREAMED per pass — 2 batch-block producer(s), 256-row blocks k, k+2, … read round-robin, nothing held (the 30 GB drain is gone; planning/streaming_val.md)
  ▸ val = all 50000 streamed (timm's denominator)
  epoch 35: test_acc = 36457/50000 = 72.914000%  top5 = 45497/50000 = 90.994000%  [95% CI 72.52–73.30]
    per-example top-1 bitmap -> runs/2026-09-26-mnv4-verified-bf16-100ep/bitmaps/mnv4_emaaccdp8x128wxdowd005bf16_e35.bin (50000 bytes)
    BN companion -> .lake/build/mnv4in_emaaccdp8x128wxdowd005bf16_ckpt_xla_e100.bin.bn (67904 floats x 2, hash 7568546504144068430)
  step 0/2496: loss=2.401007
  step 1/2496: loss=2.512242
  step 2/2496: loss=2.462915
  step 100/2496: loss=2.673840
  step 200/2496: loss=2.615334
  step 300/2496: loss=2.426554
  step 400/2496: loss=2.802868
  step 500/2496: loss=2.728378
  step 600/2496: loss=2.739774
  step 700/2496: loss=2.667121
  step 800/2496: loss=2.639204
  step 900/2496: loss=2.333091
  step 1000/2496: loss=2.628435
  step 1100/2496: loss=2.440266
  step 1200/2496: loss=2.729476
  step 1300/2496: loss=2.562855
  step 1400/2496: loss=2.485641
  step 1500/2496: loss=2.540202
  step 1600/2496: loss=2.420165
  step 1700/2496: loss=2.798409
  step 1800/2496: loss=2.577091
  step 1900/2496: loss=2.689428
  step 2000/2496: loss=2.385893
  step 2100/2496: loss=2.739660
  step 2200/2496: loss=2.706319
  step 2300/2496: loss=2.575367
  step 2400/2496: loss=2.661930
Epoch 36/100: loss=2.606649 lr=0.003038
  epoch 36: eval skipped (valEveryEpochs = 5; next scored epoch 40)
    BN companion -> .lake/build/mnv4in_emaaccdp8x128wxdowd005bf16_ckpt_xla_e100.bin.bn (67904 floats x 2, hash 10314969167055121217)
  step 0/2496: loss=2.576622
  step 1/2496: loss=2.524087
  step 2/2496: loss=2.726190
  step 100/2496: loss=2.719644
  step 200/2496: loss=2.844456
  step 300/2496: loss=2.624488
  step 400/2496: loss=2.481220
  step 500/2496: loss=2.652406
  step 600/2496: loss=2.690110
  step 700/2496: loss=2.422730
  step 800/2496: loss=2.700473
  step 900/2496: loss=2.478226
  step 1000/2496: loss=2.633337
  step 1100/2496: loss=2.757545
  step 1200/2496: loss=2.317115
  step 1300/2496: loss=2.828550
  step 1400/2496: loss=2.782101
  step 1500/2496: loss=2.493087
  step 1600/2496: loss=2.763479
  step 1700/2496: loss=2.475314
  step 1800/2496: loss=2.360971
  step 1900/2496: loss=2.593116
  step 2000/2496: loss=2.503554
  step 2100/2496: loss=2.604748
  step 2200/2496: loss=2.235409
  step 2300/2496: loss=2.596044
  step 2400/2496: loss=2.638542
Epoch 37/100: loss=2.584865 lr=0.002981
  epoch 37: eval skipped (valEveryEpochs = 5; next scored epoch 40)
    BN companion -> .lake/build/mnv4in_emaaccdp8x128wxdowd005bf16_ckpt_xla_e100.bin.bn (67904 floats x 2, hash 13783317262172978153)
  step 0/2496: loss=2.608468
  step 1/2496: loss=2.538417
  step 2/2496: loss=2.896453
  step 100/2496: loss=2.623660
  step 200/2496: loss=2.446897
  step 300/2496: loss=2.529917
  step 400/2496: loss=2.491474
  step 500/2496: loss=2.517703
  step 600/2496: loss=2.363605
  step 700/2496: loss=2.522555
  step 800/2496: loss=2.699219
  step 900/2496: loss=2.427302
  step 1000/2496: loss=2.543516
  step 1100/2496: loss=2.615993
  step 1200/2496: loss=2.650398
  step 1300/2496: loss=2.457363
  step 1400/2496: loss=2.878509
  step 1500/2496: loss=2.558497
  step 1600/2496: loss=2.470087
  step 1700/2496: loss=2.805727
  step 1800/2496: loss=2.613213
  step 1900/2496: loss=2.386592
  step 2000/2496: loss=2.791545
  step 2100/2496: loss=2.789632
  step 2200/2496: loss=2.798244
  step 2300/2496: loss=2.523880
  step 2400/2496: loss=2.712262
Epoch 38/100: loss=2.582581 lr=0.002923
  epoch 38: eval skipped (valEveryEpochs = 5; next scored epoch 40)
    BN companion -> .lake/build/mnv4in_emaaccdp8x128wxdowd005bf16_ckpt_xla_e100.bin.bn (67904 floats x 2, hash 12236782896740342356)
  step 0/2496: loss=2.839237
  step 1/2496: loss=2.681463
  step 2/2496: loss=2.545579
  step 100/2496: loss=2.227544
  step 200/2496: loss=2.426538
  step 300/2496: loss=2.662552
  step 400/2496: loss=2.505467
  step 500/2496: loss=2.451202
  step 600/2496: loss=2.785767
  step 700/2496: loss=2.789669
  step 800/2496: loss=2.618734
  step 900/2496: loss=2.461335
  step 1000/2496: loss=2.280848
  step 1100/2496: loss=2.526204
  step 1200/2496: loss=2.591171
  step 1300/2496: loss=2.590896
  step 1400/2496: loss=2.396754
  step 1500/2496: loss=2.518220
  step 1600/2496: loss=2.411410
  step 1700/2496: loss=2.556957
  step 1800/2496: loss=2.602118
  step 1900/2496: loss=2.623554
  step 2000/2496: loss=2.655352
  step 2100/2496: loss=2.624990
  step 2200/2496: loss=2.772089
  step 2300/2496: loss=2.498492
  step 2400/2496: loss=2.510349
Epoch 39/100: loss=2.568643 lr=0.002864
  epoch 39: eval skipped (valEveryEpochs = 5; next scored epoch 40)
    BN companion -> .lake/build/mnv4in_emaaccdp8x128wxdowd005bf16_ckpt_xla_e100.bin.bn (67904 floats x 2, hash 5991875101385334850)
  step 0/2496: loss=2.420566
  step 1/2496: loss=2.564709
  step 2/2496: loss=2.641261
  step 100/2496: loss=2.443558
  step 200/2496: loss=2.774213
  step 300/2496: loss=2.646300
  step 400/2496: loss=2.334099
  step 500/2496: loss=2.804106
  step 600/2496: loss=2.645513
  step 700/2496: loss=2.528411
  step 800/2496: loss=2.644604
  step 900/2496: loss=2.455964
  step 1000/2496: loss=2.411128
  step 1100/2496: loss=2.575528
  step 1200/2496: loss=2.532515
  step 1300/2496: loss=2.339157
  step 1400/2496: loss=2.301028
  step 1500/2496: loss=2.758950
  step 1600/2496: loss=2.413880
  step 1700/2496: loss=2.625137
  step 1800/2496: loss=2.385866
  step 1900/2496: loss=2.472029
  step 2000/2496: loss=2.603238
  step 2100/2496: loss=2.370501
  step 2200/2496: loss=2.538353
  step 2300/2496: loss=2.621357
  step 2400/2496: loss=2.637033
WARNING: All log messages before absl::InitializeLog() is called are written to STDERR
I0000 00:00:1790469029.932007 2012455 port.cc:153] oneDNN custom operations are on. You may see slightly different numerical results due to floating-point round-off errors from different computation orders. To turn them off, set the environment variable `TF_ENABLE_ONEDNN_OPTS=0`.
I0000 00:00:1790469029.959474 2012455 cpu_feature_guard.cc:227] This TensorFlow binary is optimized to use available CPU instructions in performance-critical operations.
To enable the following instructions: AVX2 AVX512F AVX512_VNNI AVX512_BF16 AVX512_FP16 AVX_VNNI AMX_TILE AMX_INT8 AMX_BF16 FMA, in other operations, rebuild TensorFlow with the appropriate compiler flags.
WARNING: All log messages before absl::InitializeLog() is called are written to STDERR
I0000 00:00:1790469031.345293 2012455 port.cc:153] oneDNN custom operations are on. You may see slightly different numerical results due to floating-point round-off errors from different computation orders. To turn them off, set the environment variable `TF_ENABLE_ONEDNN_OPTS=0`.
I0000 00:00:1790469032.189758 2012563 tf_record_dataset_op.cc:396] The default buffer size is 262144, which is overridden by the user specified `buffer_size` of 8388608
WARNING: All log messages before absl::InitializeLog() is called are written to STDERR
I0000 00:00:1790469032.525060 2012566 port.cc:153] oneDNN custom operations are on. You may see slightly different numerical results due to floating-point round-off errors from different computation orders. To turn them off, set the environment variable `TF_ENABLE_ONEDNN_OPTS=0`.
I0000 00:00:1790469032.569942 2012566 cpu_feature_guard.cc:227] This TensorFlow binary is optimized to use available CPU instructions in performance-critical operations.
To enable the following instructions: AVX2 AVX512F AVX512_VNNI AVX512_BF16 AVX512_FP16 AVX_VNNI AMX_TILE AMX_INT8 AMX_BF16 FMA, in other operations, rebuild TensorFlow with the appropriate compiler flags.
WARNING: All log messages before absl::InitializeLog() is called are written to STDERR
I0000 00:00:1790469033.695554 2012566 port.cc:153] oneDNN custom operations are on. You may see slightly different numerical results due to floating-point round-off errors from different computation orders. To turn them off, set the environment variable `TF_ENABLE_ONEDNN_OPTS=0`.
I0000 00:00:1790469034.400820 2012756 tf_record_dataset_op.cc:396] The default buffer size is 262144, which is overridden by the user specified `buffer_size` of 8388608
[pjrt_ffi] RESIDENT: @mnv4in_fwd_eval holds 387 parameter tensors (37.3 MB) on 4 devices; they stop crossing PCIe from here
Epoch 40/100: loss=2.557713 lr=0.002803
  imagenet shim: jax/.lake/build/generated_mobilenet_v4_imagenet_shim.py — validation split, batch 256, 150528 floats/img (seed 0)
  imagenet shim: jax/.lake/build/generated_mobilenet_v4_imagenet_shim.py — validation split, batch 256, 150528 floats/img (seed 1)
  imagenet shim: 2 sharded producers (round-robin over batches)
  ▸ val: STREAMED per pass — 2 batch-block producer(s), 256-row blocks k, k+2, … read round-robin, nothing held (the 30 GB drain is gone; planning/streaming_val.md)
  ▸ val = all 50000 streamed (timm's denominator)
  epoch 40: test_acc = 36772/50000 = 73.544000%  top5 = 45716/50000 = 91.432000%  [95% CI 73.16–73.93]
    per-example top-1 bitmap -> runs/2026-09-26-mnv4-verified-bf16-100ep/bitmaps/mnv4_emaaccdp8x128wxdowd005bf16_e40.bin (50000 bytes)
    BN companion -> .lake/build/mnv4in_emaaccdp8x128wxdowd005bf16_ckpt_xla_e100.bin.bn (67904 floats x 2, hash 4392305664218178641)
  step 0/2496: loss=2.418170
  step 1/2496: loss=2.318015
  step 2/2496: loss=2.606607
  step 100/2496: loss=2.356924
  step 200/2496: loss=2.518319
  step 300/2496: loss=2.654319
  step 400/2496: loss=2.655023
  step 500/2496: loss=2.539367
  step 600/2496: loss=2.692633
  step 700/2496: loss=2.576516
  step 800/2496: loss=2.449137
  step 900/2496: loss=2.736152
  step 1000/2496: loss=2.575221
  step 1100/2496: loss=2.268250
  step 1200/2496: loss=2.345828
  step 1300/2496: loss=2.384134
  step 1400/2496: loss=2.415449
  step 1500/2496: loss=2.541467
  step 1600/2496: loss=2.565679
  step 1700/2496: loss=2.726950
  step 1800/2496: loss=2.589548
  step 1900/2496: loss=2.363144
  step 2000/2496: loss=2.487526
  step 2100/2496: loss=2.662882
  step 2200/2496: loss=2.533524
  step 2300/2496: loss=2.221393
  step 2400/2496: loss=2.655342
Epoch 41/100: loss=2.541601 lr=0.002742
  epoch 41: eval skipped (valEveryEpochs = 5; next scored epoch 45)
    BN companion -> .lake/build/mnv4in_emaaccdp8x128wxdowd005bf16_ckpt_xla_e100.bin.bn (67904 floats x 2, hash 15128650683577734874)
  step 0/2496: loss=2.664312
  step 1/2496: loss=2.545638
  step 2/2496: loss=2.283289
  step 100/2496: loss=2.333783
  step 200/2496: loss=2.470477
  step 300/2496: loss=2.402323
  step 400/2496: loss=2.659994
  step 500/2496: loss=2.485470
  step 600/2496: loss=2.490080
  step 700/2496: loss=2.507229
  step 800/2496: loss=2.372193
  step 900/2496: loss=2.306423
  step 1000/2496: loss=2.486115
  step 1100/2496: loss=2.430847
  step 1200/2496: loss=2.242184
  step 1300/2496: loss=2.554598
  step 1400/2496: loss=2.275697
  step 1500/2496: loss=2.803404
  step 1600/2496: loss=2.368599
  step 1700/2496: loss=2.792081
  step 1800/2496: loss=2.596689
  step 1900/2496: loss=2.613203
  step 2000/2496: loss=2.450107
  step 2100/2496: loss=2.539207
  step 2200/2496: loss=2.394145
  step 2300/2496: loss=2.334604
  step 2400/2496: loss=2.418891
Epoch 42/100: loss=2.531769 lr=0.002681
  epoch 42: eval skipped (valEveryEpochs = 5; next scored epoch 45)
    BN companion -> .lake/build/mnv4in_emaaccdp8x128wxdowd005bf16_ckpt_xla_e100.bin.bn (67904 floats x 2, hash 15920588832553428254)
  step 0/2496: loss=2.569338
  step 1/2496: loss=2.493385
  step 2/2496: loss=2.613503
  step 100/2496: loss=2.343812
  step 200/2496: loss=2.585233
  step 300/2496: loss=2.817822
  step 400/2496: loss=2.493864
  step 500/2496: loss=2.648926
  step 600/2496: loss=2.385516
  step 700/2496: loss=2.713253
  step 800/2496: loss=2.434706
  step 900/2496: loss=2.580407
  step 1000/2496: loss=2.576013
  step 1100/2496: loss=2.594992
  step 1200/2496: loss=2.563315
  step 1300/2496: loss=2.399749
  step 1400/2496: loss=2.560103
  step 1500/2496: loss=2.501446
  step 1600/2496: loss=2.610313
  step 1700/2496: loss=2.487293
  step 1800/2496: loss=2.595112
  step 1900/2496: loss=2.638223
  step 2000/2496: loss=2.572767
  step 2100/2496: loss=2.512313
  step 2200/2496: loss=2.587066
  step 2300/2496: loss=2.534375
  step 2400/2496: loss=2.414025
Epoch 43/100: loss=2.516004 lr=0.002618
  epoch 43: eval skipped (valEveryEpochs = 5; next scored epoch 45)
    BN companion -> .lake/build/mnv4in_emaaccdp8x128wxdowd005bf16_ckpt_xla_e100.bin.bn (67904 floats x 2, hash 13487674834119161954)
  step 0/2496: loss=2.474430
  step 1/2496: loss=2.485451
  step 2/2496: loss=2.522798
  step 100/2496: loss=2.558356
  step 200/2496: loss=2.621330
  step 300/2496: loss=2.521370
  step 400/2496: loss=2.688474
  step 500/2496: loss=2.138087
  step 600/2496: loss=2.533140
  step 700/2496: loss=2.443467
  step 800/2496: loss=2.482579
  step 900/2496: loss=2.321742
  step 1000/2496: loss=2.617356
  step 1100/2496: loss=2.724737
  step 1200/2496: loss=2.456416
  step 1300/2496: loss=2.683593
  step 1400/2496: loss=2.450196
  step 1500/2496: loss=2.326607
  step 1600/2496: loss=2.632019
  step 1700/2496: loss=2.965311
  step 1800/2496: loss=2.573035
  step 1900/2496: loss=2.277335
  step 2000/2496: loss=2.728724
  step 2100/2496: loss=3.079534
  step 2200/2496: loss=2.506881
  step 2300/2496: loss=2.544918
  step 2400/2496: loss=2.255411
Epoch 44/100: loss=2.505369 lr=0.002555
  epoch 44: eval skipped (valEveryEpochs = 5; next scored epoch 45)
    BN companion -> .lake/build/mnv4in_emaaccdp8x128wxdowd005bf16_ckpt_xla_e100.bin.bn (67904 floats x 2, hash 945157033875023372)
  step 0/2496: loss=2.369902
  step 1/2496: loss=2.278407
  step 2/2496: loss=2.569880
  step 100/2496: loss=2.534508
  step 200/2496: loss=2.665833
  step 300/2496: loss=2.473191
  step 400/2496: loss=2.642953
  step 500/2496: loss=2.186160
  step 600/2496: loss=2.441271
  step 700/2496: loss=2.314014
  step 800/2496: loss=2.565267
  step 900/2496: loss=2.630294
  step 1000/2496: loss=2.751592
  step 1100/2496: loss=2.239248
  step 1200/2496: loss=2.607771
  step 1300/2496: loss=2.616695
  step 1400/2496: loss=2.743049
  step 1500/2496: loss=2.338549
  step 1600/2496: loss=2.409455
  step 1700/2496: loss=2.461630
  step 1800/2496: loss=2.552430
  step 1900/2496: loss=2.233512
  step 2000/2496: loss=2.520648
  step 2100/2496: loss=2.778944
  step 2200/2496: loss=2.438424
  step 2300/2496: loss=2.353697
  step 2400/2496: loss=2.569663
WARNING: All log messages before absl::InitializeLog() is called are written to STDERR
I0000 00:00:1790472219.051705 2026758 port.cc:153] oneDNN custom operations are on. You may see slightly different numerical results due to floating-point round-off errors from different computation orders. To turn them off, set the environment variable `TF_ENABLE_ONEDNN_OPTS=0`.
I0000 00:00:1790472219.078954 2026758 cpu_feature_guard.cc:227] This TensorFlow binary is optimized to use available CPU instructions in performance-critical operations.
To enable the following instructions: AVX2 AVX512F AVX512_VNNI AVX512_BF16 AVX512_FP16 AVX_VNNI AMX_TILE AMX_INT8 AMX_BF16 FMA, in other operations, rebuild TensorFlow with the appropriate compiler flags.
WARNING: All log messages before absl::InitializeLog() is called are written to STDERR
I0000 00:00:1790472220.495632 2026758 port.cc:153] oneDNN custom operations are on. You may see slightly different numerical results due to floating-point round-off errors from different computation orders. To turn them off, set the environment variable `TF_ENABLE_ONEDNN_OPTS=0`.
I0000 00:00:1790472221.349250 2026880 tf_record_dataset_op.cc:396] The default buffer size is 262144, which is overridden by the user specified `buffer_size` of 8388608
WARNING: All log messages before absl::InitializeLog() is called are written to STDERR
I0000 00:00:1790472221.706515 2026883 port.cc:153] oneDNN custom operations are on. You may see slightly different numerical results due to floating-point round-off errors from different computation orders. To turn them off, set the environment variable `TF_ENABLE_ONEDNN_OPTS=0`.
I0000 00:00:1790472221.747701 2026883 cpu_feature_guard.cc:227] This TensorFlow binary is optimized to use available CPU instructions in performance-critical operations.
To enable the following instructions: AVX2 AVX512F AVX512_VNNI AVX512_BF16 AVX512_FP16 AVX_VNNI AMX_TILE AMX_INT8 AMX_BF16 FMA, in other operations, rebuild TensorFlow with the appropriate compiler flags.
WARNING: All log messages before absl::InitializeLog() is called are written to STDERR
I0000 00:00:1790472222.869171 2026883 port.cc:153] oneDNN custom operations are on. You may see slightly different numerical results due to floating-point round-off errors from different computation orders. To turn them off, set the environment variable `TF_ENABLE_ONEDNN_OPTS=0`.
I0000 00:00:1790472223.587061 2027066 tf_record_dataset_op.cc:396] The default buffer size is 262144, which is overridden by the user specified `buffer_size` of 8388608
[pjrt_ffi] RESIDENT: @mnv4in_fwd_eval holds 387 parameter tensors (37.3 MB) on 4 devices; they stop crossing PCIe from here
Epoch 45/100: loss=2.501187 lr=0.002491
  imagenet shim: jax/.lake/build/generated_mobilenet_v4_imagenet_shim.py — validation split, batch 256, 150528 floats/img (seed 0)
  imagenet shim: jax/.lake/build/generated_mobilenet_v4_imagenet_shim.py — validation split, batch 256, 150528 floats/img (seed 1)
  imagenet shim: 2 sharded producers (round-robin over batches)
  ▸ val: STREAMED per pass — 2 batch-block producer(s), 256-row blocks k, k+2, … read round-robin, nothing held (the 30 GB drain is gone; planning/streaming_val.md)
  ▸ val = all 50000 streamed (timm's denominator)
  epoch 45: test_acc = 37072/50000 = 74.144000%  top5 = 45899/50000 = 91.798000%  [95% CI 73.76–74.53]
    per-example top-1 bitmap -> runs/2026-09-26-mnv4-verified-bf16-100ep/bitmaps/mnv4_emaaccdp8x128wxdowd005bf16_e45.bin (50000 bytes)
    BN companion -> .lake/build/mnv4in_emaaccdp8x128wxdowd005bf16_ckpt_xla_e100.bin.bn (67904 floats x 2, hash 175598795508050244)
  step 0/2496: loss=2.727780
  step 1/2496: loss=2.459933
  step 2/2496: loss=2.410343
  step 100/2496: loss=2.337917
  step 200/2496: loss=2.512499
  step 300/2496: loss=2.523258
  step 400/2496: loss=2.430881
  step 500/2496: loss=2.447810
  step 600/2496: loss=2.351219
  step 700/2496: loss=2.759598
  step 800/2496: loss=2.226928
  step 900/2496: loss=2.214439
  step 1000/2496: loss=2.641220
  step 1100/2496: loss=2.723048
  step 1200/2496: loss=2.687328
  step 1300/2496: loss=2.532634
  step 1400/2496: loss=2.644267
  step 1500/2496: loss=2.594497
  step 1600/2496: loss=2.677210
  step 1700/2496: loss=2.245340
  step 1800/2496: loss=2.404630
  step 1900/2496: loss=2.413031
  step 2000/2496: loss=2.651945
  step 2100/2496: loss=2.318150
  step 2200/2496: loss=2.579583
  step 2300/2496: loss=2.359390
  step 2400/2496: loss=2.520107
Epoch 46/100: loss=2.487387 lr=0.002427
  epoch 46: eval skipped (valEveryEpochs = 5; next scored epoch 50)
    BN companion -> .lake/build/mnv4in_emaaccdp8x128wxdowd005bf16_ckpt_xla_e100.bin.bn (67904 floats x 2, hash 17796750468324805385)
  step 0/2496: loss=2.589967
  step 1/2496: loss=2.470172
  step 2/2496: loss=2.724947
  step 100/2496: loss=2.338877
  step 200/2496: loss=2.399207
  step 300/2496: loss=2.327674
  step 400/2496: loss=2.629185
  step 500/2496: loss=2.561469
  step 600/2496: loss=2.292285
  step 700/2496: loss=2.616087
  step 800/2496: loss=2.542138
  step 900/2496: loss=2.341292
  step 1000/2496: loss=2.351351
  step 1100/2496: loss=2.354548
  step 1200/2496: loss=2.531963
  step 1300/2496: loss=2.430634
  step 1400/2496: loss=2.441132
  step 1500/2496: loss=2.482419
  step 1600/2496: loss=2.448279
  step 1700/2496: loss=2.539829
  step 1800/2496: loss=2.558388
  step 1900/2496: loss=2.398803
  step 2000/2496: loss=2.324071
  step 2100/2496: loss=2.656779
  step 2200/2496: loss=2.238681
  step 2300/2496: loss=2.360858
  step 2400/2496: loss=2.386495
Epoch 47/100: loss=2.476997 lr=0.002362
  epoch 47: eval skipped (valEveryEpochs = 5; next scored epoch 50)
    BN companion -> .lake/build/mnv4in_emaaccdp8x128wxdowd005bf16_ckpt_xla_e100.bin.bn (67904 floats x 2, hash 2935163972768536801)
  step 0/2496: loss=2.604216
  step 1/2496: loss=2.557044
  step 2/2496: loss=2.196270
  step 100/2496: loss=2.246140
  step 200/2496: loss=2.387271
  step 300/2496: loss=2.570099
  step 400/2496: loss=2.426749
  step 500/2496: loss=2.537250
  step 600/2496: loss=2.493995
  step 700/2496: loss=2.841264
  step 800/2496: loss=2.376797
  step 900/2496: loss=2.591386
  step 1000/2496: loss=2.637625
  step 1100/2496: loss=2.502853
  step 1200/2496: loss=2.620764
  step 1300/2496: loss=2.394631
  step 1400/2496: loss=2.270654
  step 1500/2496: loss=2.604898
  step 1600/2496: loss=2.304522
  step 1700/2496: loss=2.376742
  step 1800/2496: loss=2.447529
  step 1900/2496: loss=2.423933
  step 2000/2496: loss=2.393801
  step 2100/2496: loss=2.536385
  step 2200/2496: loss=2.455684
  step 2300/2496: loss=2.433198
  step 2400/2496: loss=2.341718
Epoch 48/100: loss=2.464775 lr=0.002297
  epoch 48: eval skipped (valEveryEpochs = 5; next scored epoch 50)
    BN companion -> .lake/build/mnv4in_emaaccdp8x128wxdowd005bf16_ckpt_xla_e100.bin.bn (67904 floats x 2, hash 17989131856800396443)
  step 0/2496: loss=2.506941
  step 1/2496: loss=2.487237
  step 2/2496: loss=2.412390
  step 100/2496: loss=2.665009
  step 200/2496: loss=2.447819
  step 300/2496: loss=2.505301
  step 400/2496: loss=2.538733
  step 500/2496: loss=2.673925
  step 600/2496: loss=2.624450
  step 700/2496: loss=2.474789
  step 800/2496: loss=2.543630
  step 900/2496: loss=2.221484
  step 1000/2496: loss=2.575186
  step 1100/2496: loss=2.331774
  step 1200/2496: loss=2.821789
  step 1300/2496: loss=2.348374
  step 1400/2496: loss=2.564472
  step 1500/2496: loss=2.426211
  step 1600/2496: loss=2.480351
  step 1700/2496: loss=2.508915
  step 1800/2496: loss=2.510292
  step 1900/2496: loss=2.331584
  step 2000/2496: loss=2.654703
  step 2100/2496: loss=2.643991
  step 2200/2496: loss=2.485548
  step 2300/2496: loss=2.613133
  step 2400/2496: loss=2.508798
Epoch 49/100: loss=2.455268 lr=0.002231
  epoch 49: eval skipped (valEveryEpochs = 5; next scored epoch 50)
    BN companion -> .lake/build/mnv4in_emaaccdp8x128wxdowd005bf16_ckpt_xla_e100.bin.bn (67904 floats x 2, hash 11716923329552169042)
  step 0/2496: loss=2.613629
  step 1/2496: loss=2.551528
  step 2/2496: loss=2.326473
  step 100/2496: loss=2.717654
  step 200/2496: loss=2.136866
  step 300/2496: loss=2.448065
  step 400/2496: loss=2.461295
  step 500/2496: loss=2.379676
  step 600/2496: loss=2.236320
  step 700/2496: loss=2.611267
  step 800/2496: loss=2.431235
  step 900/2496: loss=2.551144
  step 1000/2496: loss=2.645514
  step 1100/2496: loss=2.667225
  step 1200/2496: loss=2.736213
  step 1300/2496: loss=2.707303
  step 1400/2496: loss=2.505961
  step 1500/2496: loss=2.320720
  step 1600/2496: loss=2.387256
  step 1700/2496: loss=2.292540
  step 1800/2496: loss=2.529881
  step 1900/2496: loss=2.353857
  step 2000/2496: loss=2.666447
  step 2100/2496: loss=2.394018
  step 2200/2496: loss=2.344880
  step 2300/2496: loss=2.445882
  step 2400/2496: loss=2.474580
WARNING: All log messages before absl::InitializeLog() is called are written to STDERR
I0000 00:00:1790475392.578037 2041031 port.cc:153] oneDNN custom operations are on. You may see slightly different numerical results due to floating-point round-off errors from different computation orders. To turn them off, set the environment variable `TF_ENABLE_ONEDNN_OPTS=0`.
I0000 00:00:1790475392.605636 2041031 cpu_feature_guard.cc:227] This TensorFlow binary is optimized to use available CPU instructions in performance-critical operations.
To enable the following instructions: AVX2 AVX512F AVX512_VNNI AVX512_BF16 AVX512_FP16 AVX_VNNI AMX_TILE AMX_INT8 AMX_BF16 FMA, in other operations, rebuild TensorFlow with the appropriate compiler flags.
WARNING: All log messages before absl::InitializeLog() is called are written to STDERR
I0000 00:00:1790475393.982272 2041031 port.cc:153] oneDNN custom operations are on. You may see slightly different numerical results due to floating-point round-off errors from different computation orders. To turn them off, set the environment variable `TF_ENABLE_ONEDNN_OPTS=0`.
I0000 00:00:1790475394.823050 2041141 tf_record_dataset_op.cc:396] The default buffer size is 262144, which is overridden by the user specified `buffer_size` of 8388608
WARNING: All log messages before absl::InitializeLog() is called are written to STDERR
I0000 00:00:1790475395.187366 2041149 port.cc:153] oneDNN custom operations are on. You may see slightly different numerical results due to floating-point round-off errors from different computation orders. To turn them off, set the environment variable `TF_ENABLE_ONEDNN_OPTS=0`.
I0000 00:00:1790475395.228818 2041149 cpu_feature_guard.cc:227] This TensorFlow binary is optimized to use available CPU instructions in performance-critical operations.
To enable the following instructions: AVX2 AVX512F AVX512_VNNI AVX512_BF16 AVX512_FP16 AVX_VNNI AMX_TILE AMX_INT8 AMX_BF16 FMA, in other operations, rebuild TensorFlow with the appropriate compiler flags.
WARNING: All log messages before absl::InitializeLog() is called are written to STDERR
I0000 00:00:1790475396.729400 2041149 port.cc:153] oneDNN custom operations are on. You may see slightly different numerical results due to floating-point round-off errors from different computation orders. To turn them off, set the environment variable `TF_ENABLE_ONEDNN_OPTS=0`.
I0000 00:00:1790475397.564885 2041344 tf_record_dataset_op.cc:396] The default buffer size is 262144, which is overridden by the user specified `buffer_size` of 8388608
[pjrt_ffi] RESIDENT: @mnv4in_fwd_eval holds 387 parameter tensors (37.3 MB) on 4 devices; they stop crossing PCIe from here
Epoch 50/100: loss=2.445324 lr=0.002165
  imagenet shim: jax/.lake/build/generated_mobilenet_v4_imagenet_shim.py — validation split, batch 256, 150528 floats/img (seed 0)
  imagenet shim: jax/.lake/build/generated_mobilenet_v4_imagenet_shim.py — validation split, batch 256, 150528 floats/img (seed 1)
  imagenet shim: 2 sharded producers (round-robin over batches)
  ▸ val: STREAMED per pass — 2 batch-block producer(s), 256-row blocks k, k+2, … read round-robin, nothing held (the 30 GB drain is gone; planning/streaming_val.md)
  ▸ val = all 50000 streamed (timm's denominator)
  epoch 50: test_acc = 37328/50000 = 74.656000%  top5 = 46004/50000 = 92.008000%  [95% CI 74.27–75.04]
    per-example top-1 bitmap -> runs/2026-09-26-mnv4-verified-bf16-100ep/bitmaps/mnv4_emaaccdp8x128wxdowd005bf16_e50.bin (50000 bytes)
    BN companion -> .lake/build/mnv4in_emaaccdp8x128wxdowd005bf16_ckpt_xla_e100.bin.bn (67904 floats x 2, hash 1376420643575900845)
  step 0/2496: loss=2.714895
  step 1/2496: loss=2.301383
  step 2/2496: loss=2.564374
  step 100/2496: loss=2.434707
  step 200/2496: loss=2.487377
  step 300/2496: loss=2.521496
  step 400/2496: loss=1.975328
  step 500/2496: loss=2.444532
  step 600/2496: loss=2.373804
  step 700/2496: loss=2.670491
  step 800/2496: loss=2.345381
  step 900/2496: loss=2.417375
  step 1000/2496: loss=2.388279
  step 1100/2496: loss=2.508660
  step 1200/2496: loss=2.313663
  step 1300/2496: loss=2.729024
  step 1400/2496: loss=2.673636
  step 1500/2496: loss=2.585548
  step 1600/2496: loss=2.353024
  step 1700/2496: loss=2.596079
  step 1800/2496: loss=2.609112
  step 1900/2496: loss=2.578955
  step 2000/2496: loss=2.639929
  step 2100/2496: loss=2.320055
  step 2200/2496: loss=2.739503
  step 2300/2496: loss=2.177040
  step 2400/2496: loss=2.291650
Epoch 51/100: loss=2.429077 lr=0.002099
  epoch 51: eval skipped (valEveryEpochs = 5; next scored epoch 55)
    BN companion -> .lake/build/mnv4in_emaaccdp8x128wxdowd005bf16_ckpt_xla_e100.bin.bn (67904 floats x 2, hash 7301317119544370699)
  step 0/2496: loss=2.350762
  step 1/2496: loss=2.579162
  step 2/2496: loss=2.677366
  step 100/2496: loss=2.426168
  step 200/2496: loss=2.430292
  step 300/2496: loss=2.384823
  step 400/2496: loss=2.554417
  step 500/2496: loss=2.444376
  step 600/2496: loss=2.497847
  step 700/2496: loss=2.417305
  step 800/2496: loss=2.603943
  step 900/2496: loss=2.702820
  step 1000/2496: loss=2.038485
  step 1100/2496: loss=2.409580
  step 1200/2496: loss=2.408249
  step 1300/2496: loss=2.560836
  step 1400/2496: loss=2.556660
  step 1500/2496: loss=2.651604
  step 1600/2496: loss=2.532345
  step 1700/2496: loss=2.660800
  step 1800/2496: loss=2.590065
  step 1900/2496: loss=2.184082
  step 2000/2496: loss=2.359360
  step 2100/2496: loss=2.309085
  step 2200/2496: loss=2.220086
  step 2300/2496: loss=2.172289
  step 2400/2496: loss=2.187819
Epoch 52/100: loss=2.425945 lr=0.002033
  epoch 52: eval skipped (valEveryEpochs = 5; next scored epoch 55)
    BN companion -> .lake/build/mnv4in_emaaccdp8x128wxdowd005bf16_ckpt_xla_e100.bin.bn (67904 floats x 2, hash 11800354929802506742)
  step 0/2496: loss=2.390385
  step 1/2496: loss=2.222703
  step 2/2496: loss=2.271945
  step 100/2496: loss=2.232973
  step 200/2496: loss=2.769279
  step 300/2496: loss=2.743494
  step 400/2496: loss=2.317333
  step 500/2496: loss=2.328018
  step 600/2496: loss=2.320637
  step 700/2496: loss=2.696441
  step 800/2496: loss=2.697374
  step 900/2496: loss=2.276290
  step 1000/2496: loss=2.670210
  step 1100/2496: loss=2.747861
  step 1200/2496: loss=2.417265
  step 1300/2496: loss=2.266921
  step 1400/2496: loss=2.345742
  step 1500/2496: loss=2.505659
  step 1600/2496: loss=2.363740
  step 1700/2496: loss=2.458171
  step 1800/2496: loss=2.521461
  step 1900/2496: loss=2.074867
  step 2000/2496: loss=2.385585
  step 2100/2496: loss=2.706009
  step 2200/2496: loss=2.603610
  step 2300/2496: loss=2.655954
  step 2400/2496: loss=2.114519
Epoch 53/100: loss=2.409604 lr=0.001967
  epoch 53: eval skipped (valEveryEpochs = 5; next scored epoch 55)
    BN companion -> .lake/build/mnv4in_emaaccdp8x128wxdowd005bf16_ckpt_xla_e100.bin.bn (67904 floats x 2, hash 13561485295204079258)
  step 0/2496: loss=2.331790
  step 1/2496: loss=2.326629
  step 2/2496: loss=2.355065
  step 100/2496: loss=2.473058
  step 200/2496: loss=2.455726
  step 300/2496: loss=2.218539
  step 400/2496: loss=2.389962
  step 500/2496: loss=2.296180
  step 600/2496: loss=2.761408
  step 700/2496: loss=2.299634
  step 800/2496: loss=2.264782
  step 900/2496: loss=2.417029
  step 1000/2496: loss=2.459221
  step 1100/2496: loss=2.733937
  step 1200/2496: loss=2.601096
  step 1300/2496: loss=2.385485
  step 1400/2496: loss=2.345255
  step 1500/2496: loss=2.511150
  step 1600/2496: loss=2.447403
  step 1700/2496: loss=2.600806
  step 1800/2496: loss=2.600707
  step 1900/2496: loss=2.187858
  step 2000/2496: loss=2.313047
  step 2100/2496: loss=2.629907
  step 2200/2496: loss=2.097582
  step 2300/2496: loss=2.240533
  step 2400/2496: loss=2.419914
Epoch 54/100: loss=2.396651 lr=0.001901
  epoch 54: eval skipped (valEveryEpochs = 5; next scored epoch 55)
    BN companion -> .lake/build/mnv4in_emaaccdp8x128wxdowd005bf16_ckpt_xla_e100.bin.bn (67904 floats x 2, hash 2058866107786906008)
  step 0/2496: loss=2.570703
  step 1/2496: loss=2.492170
  step 2/2496: loss=2.380768
  step 100/2496: loss=2.461270
  step 200/2496: loss=2.329299
  step 300/2496: loss=2.479940
  step 400/2496: loss=2.578043
  step 500/2496: loss=2.381301
  step 600/2496: loss=2.312073
  step 700/2496: loss=2.404244
  step 800/2496: loss=2.587513
  step 900/2496: loss=2.210366
  step 1000/2496: loss=2.388871
  step 1100/2496: loss=2.364283
  step 1200/2496: loss=2.209744
  step 1300/2496: loss=2.220047
  step 1400/2496: loss=2.511931
  step 1500/2496: loss=2.308446
  step 1600/2496: loss=2.229069
  step 1700/2496: loss=2.409925
  step 1800/2496: loss=2.604925
  step 1900/2496: loss=2.426029
  step 2000/2496: loss=2.249912
  step 2100/2496: loss=2.273473
  step 2200/2496: loss=2.354189
  step 2300/2496: loss=2.335357
  step 2400/2496: loss=2.393260
WARNING: All log messages before absl::InitializeLog() is called are written to STDERR
I0000 00:00:1790478602.692557 2055579 port.cc:153] oneDNN custom operations are on. You may see slightly different numerical results due to floating-point round-off errors from different computation orders. To turn them off, set the environment variable `TF_ENABLE_ONEDNN_OPTS=0`.
I0000 00:00:1790478602.761156 2055579 cpu_feature_guard.cc:227] This TensorFlow binary is optimized to use available CPU instructions in performance-critical operations.
To enable the following instructions: AVX2 AVX512F AVX512_VNNI AVX512_BF16 AVX512_FP16 AVX_VNNI AMX_TILE AMX_INT8 AMX_BF16 FMA, in other operations, rebuild TensorFlow with the appropriate compiler flags.
WARNING: All log messages before absl::InitializeLog() is called are written to STDERR
I0000 00:00:1790478604.223508 2055579 port.cc:153] oneDNN custom operations are on. You may see slightly different numerical results due to floating-point round-off errors from different computation orders. To turn them off, set the environment variable `TF_ENABLE_ONEDNN_OPTS=0`.
I0000 00:00:1790478605.147582 2055699 tf_record_dataset_op.cc:396] The default buffer size is 262144, which is overridden by the user specified `buffer_size` of 8388608
WARNING: All log messages before absl::InitializeLog() is called are written to STDERR
I0000 00:00:1790478605.467187 2055702 port.cc:153] oneDNN custom operations are on. You may see slightly different numerical results due to floating-point round-off errors from different computation orders. To turn them off, set the environment variable `TF_ENABLE_ONEDNN_OPTS=0`.
I0000 00:00:1790478605.508749 2055702 cpu_feature_guard.cc:227] This TensorFlow binary is optimized to use available CPU instructions in performance-critical operations.
To enable the following instructions: AVX2 AVX512F AVX512_VNNI AVX512_BF16 AVX512_FP16 AVX_VNNI AMX_TILE AMX_INT8 AMX_BF16 FMA, in other operations, rebuild TensorFlow with the appropriate compiler flags.
WARNING: All log messages before absl::InitializeLog() is called are written to STDERR
I0000 00:00:1790478606.648760 2055702 port.cc:153] oneDNN custom operations are on. You may see slightly different numerical results due to floating-point round-off errors from different computation orders. To turn them off, set the environment variable `TF_ENABLE_ONEDNN_OPTS=0`.
I0000 00:00:1790478607.346065 2055885 tf_record_dataset_op.cc:396] The default buffer size is 262144, which is overridden by the user specified `buffer_size` of 8388608
[pjrt_ffi] RESIDENT: @mnv4in_fwd_eval holds 387 parameter tensors (37.3 MB) on 4 devices; they stop crossing PCIe from here
Epoch 55/100: loss=2.386732 lr=0.001835
  imagenet shim: jax/.lake/build/generated_mobilenet_v4_imagenet_shim.py — validation split, batch 256, 150528 floats/img (seed 0)
  imagenet shim: jax/.lake/build/generated_mobilenet_v4_imagenet_shim.py — validation split, batch 256, 150528 floats/img (seed 1)
  imagenet shim: 2 sharded producers (round-robin over batches)
  ▸ val: STREAMED per pass — 2 batch-block producer(s), 256-row blocks k, k+2, … read round-robin, nothing held (the 30 GB drain is gone; planning/streaming_val.md)
  ▸ val = all 50000 streamed (timm's denominator)
  epoch 55: test_acc = 37441/50000 = 74.882000%  top5 = 46126/50000 = 92.252000%  [95% CI 74.50–75.26]
    per-example top-1 bitmap -> runs/2026-09-26-mnv4-verified-bf16-100ep/bitmaps/mnv4_emaaccdp8x128wxdowd005bf16_e55.bin (50000 bytes)
    BN companion -> .lake/build/mnv4in_emaaccdp8x128wxdowd005bf16_ckpt_xla_e100.bin.bn (67904 floats x 2, hash 1340606137610739396)
  step 0/2496: loss=2.169075
  step 1/2496: loss=2.267209
  step 2/2496: loss=2.272398
  step 100/2496: loss=2.282715
  step 200/2496: loss=2.483242
  step 300/2496: loss=2.377424
  step 400/2496: loss=2.483471
  step 500/2496: loss=2.194823
  step 600/2496: loss=2.387889
  step 700/2496: loss=2.352954
  step 800/2496: loss=2.467249
  step 900/2496: loss=2.382519
  step 1000/2496: loss=2.529683
  step 1100/2496: loss=2.330138
  step 1200/2496: loss=2.354861
  step 1300/2496: loss=2.311767
  step 1400/2496: loss=2.520034
  step 1500/2496: loss=2.796006
  step 1600/2496: loss=2.227337
  step 1700/2496: loss=2.282188
  step 1800/2496: loss=2.444541
  step 1900/2496: loss=2.006244
  step 2000/2496: loss=2.169218
  step 2100/2496: loss=2.525059
  step 2200/2496: loss=2.526477
  step 2300/2496: loss=2.423195
  step 2400/2496: loss=2.300094
Epoch 56/100: loss=2.378357 lr=0.001769
  epoch 56: eval skipped (valEveryEpochs = 5; next scored epoch 60)
    BN companion -> .lake/build/mnv4in_emaaccdp8x128wxdowd005bf16_ckpt_xla_e100.bin.bn (67904 floats x 2, hash 10155501517394092556)
  step 0/2496: loss=2.523332
  step 1/2496: loss=2.438919
  step 2/2496: loss=2.362056
  step 100/2496: loss=2.295372
  step 200/2496: loss=2.184618
  step 300/2496: loss=2.702176
  step 400/2496: loss=2.452031
  step 500/2496: loss=2.392110
  step 600/2496: loss=2.164729
  step 700/2496: loss=2.283233
  step 800/2496: loss=2.408702
  step 900/2496: loss=2.094987
  step 1000/2496: loss=2.498178
  step 1100/2496: loss=2.438444
  step 1200/2496: loss=2.248291
  step 1300/2496: loss=2.396957
  step 1400/2496: loss=2.270694
  step 1500/2496: loss=2.164225
  step 1600/2496: loss=2.145261
  step 1700/2496: loss=2.504024
  step 1800/2496: loss=2.409230
  step 1900/2496: loss=2.139598
  step 2000/2496: loss=2.294852
  step 2100/2496: loss=2.133902
  step 2200/2496: loss=2.293217
  step 2300/2496: loss=2.388968
  step 2400/2496: loss=2.392076
Epoch 57/100: loss=2.364073 lr=0.001703
  epoch 57: eval skipped (valEveryEpochs = 5; next scored epoch 60)
    BN companion -> .lake/build/mnv4in_emaaccdp8x128wxdowd005bf16_ckpt_xla_e100.bin.bn (67904 floats x 2, hash 2162485278477492958)
  step 0/2496: loss=2.380331
  step 1/2496: loss=2.243300
  step 2/2496: loss=2.312294
  step 100/2496: loss=2.379851
  step 200/2496: loss=2.225215
  step 300/2496: loss=2.444150
  step 400/2496: loss=2.194182
  step 500/2496: loss=2.252490
  step 600/2496: loss=2.477838
  step 700/2496: loss=2.537605
  step 800/2496: loss=2.320308
  step 900/2496: loss=2.237503
  step 1000/2496: loss=2.369529
  step 1100/2496: loss=2.379882
  step 1200/2496: loss=2.717189
  step 1300/2496: loss=2.289429
  step 1400/2496: loss=2.162624
  step 1500/2496: loss=2.475320
  step 1600/2496: loss=2.373718
  step 1700/2496: loss=2.337924
  step 1800/2496: loss=2.583358
  step 1900/2496: loss=2.168615
  step 2000/2496: loss=2.297321
  step 2100/2496: loss=2.238197
  step 2200/2496: loss=2.297537
  step 2300/2496: loss=2.266497
  step 2400/2496: loss=2.274251
Epoch 58/100: loss=2.355999 lr=0.001638
  epoch 58: eval skipped (valEveryEpochs = 5; next scored epoch 60)
    BN companion -> .lake/build/mnv4in_emaaccdp8x128wxdowd005bf16_ckpt_xla_e100.bin.bn (67904 floats x 2, hash 7887549824254835428)
  step 0/2496: loss=2.284595
  step 1/2496: loss=2.370975
  step 2/2496: loss=2.434457
  step 100/2496: loss=2.279286
  step 200/2496: loss=2.041330
  step 300/2496: loss=2.285993
  step 400/2496: loss=2.328005
  step 500/2496: loss=2.400304
  step 600/2496: loss=2.273479
  step 700/2496: loss=2.352389
  step 800/2496: loss=2.431425
  step 900/2496: loss=2.519687
  step 1000/2496: loss=2.112288
  step 1100/2496: loss=2.469967
  step 1200/2496: loss=2.463081
  step 1300/2496: loss=2.625523
  step 1400/2496: loss=2.408046
  step 1500/2496: loss=2.414998
  step 1600/2496: loss=2.301228
  step 1700/2496: loss=2.242361
  step 1800/2496: loss=2.382828
  step 1900/2496: loss=2.193246
  step 2000/2496: loss=2.148795
  step 2100/2496: loss=2.780131
  step 2200/2496: loss=2.361411
  step 2300/2496: loss=2.138534
  step 2400/2496: loss=2.155759
Epoch 59/100: loss=2.338042 lr=0.001573
  epoch 59: eval skipped (valEveryEpochs = 5; next scored epoch 60)
    BN companion -> .lake/build/mnv4in_emaaccdp8x128wxdowd005bf16_ckpt_xla_e100.bin.bn (67904 floats x 2, hash 15894946758424638408)
  step 0/2496: loss=2.054771
  step 1/2496: loss=2.533873
  step 2/2496: loss=2.383151
  step 100/2496: loss=2.521348
  step 200/2496: loss=2.261108
  step 300/2496: loss=2.261507
  step 400/2496: loss=2.310251
  step 500/2496: loss=2.315401
  step 600/2496: loss=2.179563
  step 700/2496: loss=2.243384
  step 800/2496: loss=2.472536
  step 900/2496: loss=2.174678
  step 1000/2496: loss=2.503611
  step 1100/2496: loss=2.122857
  step 1200/2496: loss=2.465506
  step 1300/2496: loss=2.327138
  step 1400/2496: loss=2.297186
  step 1500/2496: loss=2.251693
  step 1600/2496: loss=2.438249
  step 1700/2496: loss=2.381314
  step 1800/2496: loss=2.095041
  step 1900/2496: loss=2.346131
  step 2000/2496: loss=2.080952
  step 2100/2496: loss=2.326004
  step 2200/2496: loss=2.402712
  step 2300/2496: loss=2.335439
  step 2400/2496: loss=2.324270
WARNING: All log messages before absl::InitializeLog() is called are written to STDERR
I0000 00:00:1790481797.700411 2070633 port.cc:153] oneDNN custom operations are on. You may see slightly different numerical results due to floating-point round-off errors from different computation orders. To turn them off, set the environment variable `TF_ENABLE_ONEDNN_OPTS=0`.
I0000 00:00:1790481798.251899 2070633 cpu_feature_guard.cc:227] This TensorFlow binary is optimized to use available CPU instructions in performance-critical operations.
To enable the following instructions: AVX2 AVX512F AVX512_VNNI AVX512_BF16 AVX512_FP16 AVX_VNNI AMX_TILE AMX_INT8 AMX_BF16 FMA, in other operations, rebuild TensorFlow with the appropriate compiler flags.
WARNING: All log messages before absl::InitializeLog() is called are written to STDERR
I0000 00:00:1790481799.917437 2070633 port.cc:153] oneDNN custom operations are on. You may see slightly different numerical results due to floating-point round-off errors from different computation orders. To turn them off, set the environment variable `TF_ENABLE_ONEDNN_OPTS=0`.
I0000 00:00:1790481800.865119 2070742 tf_record_dataset_op.cc:396] The default buffer size is 262144, which is overridden by the user specified `buffer_size` of 8388608
WARNING: All log messages before absl::InitializeLog() is called are written to STDERR
I0000 00:00:1790481801.159585 2070748 port.cc:153] oneDNN custom operations are on. You may see slightly different numerical results due to floating-point round-off errors from different computation orders. To turn them off, set the environment variable `TF_ENABLE_ONEDNN_OPTS=0`.
I0000 00:00:1790481801.212289 2070748 cpu_feature_guard.cc:227] This TensorFlow binary is optimized to use available CPU instructions in performance-critical operations.
To enable the following instructions: AVX2 AVX512F AVX512_VNNI AVX512_BF16 AVX512_FP16 AVX_VNNI AMX_TILE AMX_INT8 AMX_BF16 FMA, in other operations, rebuild TensorFlow with the appropriate compiler flags.
WARNING: All log messages before absl::InitializeLog() is called are written to STDERR
I0000 00:00:1790481802.660581 2070748 port.cc:153] oneDNN custom operations are on. You may see slightly different numerical results due to floating-point round-off errors from different computation orders. To turn them off, set the environment variable `TF_ENABLE_ONEDNN_OPTS=0`.
I0000 00:00:1790481803.547828 2070951 tf_record_dataset_op.cc:396] The default buffer size is 262144, which is overridden by the user specified `buffer_size` of 8388608
[pjrt_ffi] RESIDENT: @mnv4in_fwd_eval holds 387 parameter tensors (37.3 MB) on 4 devices; they stop crossing PCIe from here
Epoch 60/100: loss=2.327267 lr=0.001509
  imagenet shim: jax/.lake/build/generated_mobilenet_v4_imagenet_shim.py — validation split, batch 256, 150528 floats/img (seed 0)
  imagenet shim: jax/.lake/build/generated_mobilenet_v4_imagenet_shim.py — validation split, batch 256, 150528 floats/img (seed 1)
  imagenet shim: 2 sharded producers (round-robin over batches)
  ▸ val: STREAMED per pass — 2 batch-block producer(s), 256-row blocks k, k+2, … read round-robin, nothing held (the 30 GB drain is gone; planning/streaming_val.md)
  ▸ val = all 50000 streamed (timm's denominator)
  epoch 60: test_acc = 37725/50000 = 75.450000%  top5 = 46205/50000 = 92.410000%  [95% CI 75.07–75.83]
    per-example top-1 bitmap -> runs/2026-09-26-mnv4-verified-bf16-100ep/bitmaps/mnv4_emaaccdp8x128wxdowd005bf16_e60.bin (50000 bytes)
    BN companion -> .lake/build/mnv4in_emaaccdp8x128wxdowd005bf16_ckpt_xla_e100.bin.bn (67904 floats x 2, hash 17478485272251589655)
  step 0/2496: loss=2.138668
  step 1/2496: loss=2.235178
  step 2/2496: loss=2.198326
  step 100/2496: loss=2.148242
  step 200/2496: loss=2.338047
  step 300/2496: loss=2.136625
  step 400/2496: loss=2.083222
  step 500/2496: loss=2.436430
  step 600/2496: loss=2.374532
  step 700/2496: loss=2.511305
  step 800/2496: loss=2.280161
  step 900/2496: loss=2.494445
  step 1000/2496: loss=2.176053
  step 1100/2496: loss=2.179202
  step 1200/2496: loss=2.204512
  step 1300/2496: loss=2.231237
  step 1400/2496: loss=2.215164
  step 1500/2496: loss=2.388310
  step 1600/2496: loss=2.307361
  step 1700/2496: loss=2.286877
  step 1800/2496: loss=2.306875
  step 1900/2496: loss=2.293942
  step 2000/2496: loss=2.378252
  step 2100/2496: loss=2.304288
  step 2200/2496: loss=2.501807
  step 2300/2496: loss=2.389185
  step 2400/2496: loss=2.514642
Epoch 61/100: loss=2.316386 lr=0.001445
  epoch 61: eval skipped (valEveryEpochs = 5; next scored epoch 65)
    BN companion -> .lake/build/mnv4in_emaaccdp8x128wxdowd005bf16_ckpt_xla_e100.bin.bn (67904 floats x 2, hash 13112055764395972789)
  step 0/2496: loss=2.449464
  step 1/2496: loss=2.516747
  step 2/2496: loss=2.355437
  step 100/2496: loss=2.465597
  step 200/2496: loss=2.495904
  step 300/2496: loss=2.200204
  step 400/2496: loss=2.337260
  step 500/2496: loss=1.976761
  step 600/2496: loss=2.429802
  step 700/2496: loss=2.372583
  step 800/2496: loss=2.520810
  step 900/2496: loss=2.484658
  step 1000/2496: loss=2.186323
  step 1100/2496: loss=2.085407
  step 1200/2496: loss=2.138951
  step 1300/2496: loss=2.366092
  step 1400/2496: loss=2.342064
  step 1500/2496: loss=2.300669
  step 1600/2496: loss=2.393736
  step 1700/2496: loss=2.235006
  step 1800/2496: loss=2.286435
  step 1900/2496: loss=2.412276
  step 2000/2496: loss=2.177131
  step 2100/2496: loss=2.117228
  step 2200/2496: loss=2.354558
  step 2300/2496: loss=2.238671
  step 2400/2496: loss=2.166503
Epoch 62/100: loss=2.309793 lr=0.001382
  epoch 62: eval skipped (valEveryEpochs = 5; next scored epoch 65)
    BN companion -> .lake/build/mnv4in_emaaccdp8x128wxdowd005bf16_ckpt_xla_e100.bin.bn (67904 floats x 2, hash 1825275874209584345)
  step 0/2496: loss=2.174919
  step 1/2496: loss=2.287922
  step 2/2496: loss=2.337650
  step 100/2496: loss=2.014045
  step 200/2496: loss=2.407878
  step 300/2496: loss=2.152118
  step 400/2496: loss=2.378526
  step 500/2496: loss=2.112614
  step 600/2496: loss=2.262516
  step 700/2496: loss=2.181715
  step 800/2496: loss=2.338450
  step 900/2496: loss=2.062510
  step 1000/2496: loss=2.361453
  step 1100/2496: loss=2.196916
  step 1200/2496: loss=2.408143
  step 1300/2496: loss=2.462432
  step 1400/2496: loss=2.058314
  step 1500/2496: loss=2.390196
  step 1600/2496: loss=2.191874
  step 1700/2496: loss=2.131855
  step 1800/2496: loss=2.297927
  step 1900/2496: loss=2.272262
  step 2000/2496: loss=2.306589
  step 2100/2496: loss=2.253830
  step 2200/2496: loss=2.295036
  step 2300/2496: loss=2.229174
  step 2400/2496: loss=2.075506
Epoch 63/100: loss=2.295672 lr=0.001319
  epoch 63: eval skipped (valEveryEpochs = 5; next scored epoch 65)
    BN companion -> .lake/build/mnv4in_emaaccdp8x128wxdowd005bf16_ckpt_xla_e100.bin.bn (67904 floats x 2, hash 14277489442799971813)
  step 0/2496: loss=2.679868
  step 1/2496: loss=2.068247
  step 2/2496: loss=2.180714
  step 100/2496: loss=2.550747
  step 200/2496: loss=2.103871
  step 300/2496: loss=2.114329
  step 400/2496: loss=2.238698
  step 500/2496: loss=2.276072
  step 600/2496: loss=2.408229
  step 700/2496: loss=2.145501
  step 800/2496: loss=2.319997
  step 900/2496: loss=2.461040
  step 1000/2496: loss=2.284060
  step 1100/2496: loss=2.124394
  step 1200/2496: loss=2.279259
  step 1300/2496: loss=2.322280
  step 1400/2496: loss=2.196609
  step 1500/2496: loss=2.233810
  step 1600/2496: loss=2.553262
  step 1700/2496: loss=2.514933
  step 1800/2496: loss=2.170790
  step 1900/2496: loss=2.267179
  step 2000/2496: loss=2.404197
  step 2100/2496: loss=2.128044
  step 2200/2496: loss=2.155506
  step 2300/2496: loss=2.022498
  step 2400/2496: loss=2.510153
Epoch 64/100: loss=2.281556 lr=0.001258
  epoch 64: eval skipped (valEveryEpochs = 5; next scored epoch 65)
    BN companion -> .lake/build/mnv4in_emaaccdp8x128wxdowd005bf16_ckpt_xla_e100.bin.bn (67904 floats x 2, hash 17437105065849658408)
  step 0/2496: loss=2.339214
  step 1/2496: loss=2.367231
  step 2/2496: loss=2.369449
  step 100/2496: loss=2.452382
  step 200/2496: loss=2.063992
  step 300/2496: loss=2.512946
  step 400/2496: loss=2.136875
  step 500/2496: loss=2.294240
  step 600/2496: loss=2.337974
  step 700/2496: loss=2.348311
  step 800/2496: loss=2.305169
  step 900/2496: loss=2.532196
  step 1000/2496: loss=2.364767
  step 1100/2496: loss=2.214388
  step 1200/2496: loss=2.198893
  step 1300/2496: loss=2.133540
  step 1400/2496: loss=2.251644
  step 1500/2496: loss=2.039876
  step 1600/2496: loss=2.089376
  step 1700/2496: loss=2.179990
  step 1800/2496: loss=2.192769
  step 1900/2496: loss=2.363717
  step 2000/2496: loss=2.025969
  step 2100/2496: loss=1.952704
  step 2200/2496: loss=2.549606
  step 2300/2496: loss=2.245183
  step 2400/2496: loss=2.128977
WARNING: All log messages before absl::InitializeLog() is called are written to STDERR
I0000 00:00:1790485032.480697 2085167 port.cc:153] oneDNN custom operations are on. You may see slightly different numerical results due to floating-point round-off errors from different computation orders. To turn them off, set the environment variable `TF_ENABLE_ONEDNN_OPTS=0`.
I0000 00:00:1790485032.933815 2085167 cpu_feature_guard.cc:227] This TensorFlow binary is optimized to use available CPU instructions in performance-critical operations.
To enable the following instructions: AVX2 AVX512F AVX512_VNNI AVX512_BF16 AVX512_FP16 AVX_VNNI AMX_TILE AMX_INT8 AMX_BF16 FMA, in other operations, rebuild TensorFlow with the appropriate compiler flags.
WARNING: All log messages before absl::InitializeLog() is called are written to STDERR
I0000 00:00:1790485034.490790 2085167 port.cc:153] oneDNN custom operations are on. You may see slightly different numerical results due to floating-point round-off errors from different computation orders. To turn them off, set the environment variable `TF_ENABLE_ONEDNN_OPTS=0`.
I0000 00:00:1790485035.411227 2085292 tf_record_dataset_op.cc:396] The default buffer size is 262144, which is overridden by the user specified `buffer_size` of 8388608
WARNING: All log messages before absl::InitializeLog() is called are written to STDERR
I0000 00:00:1790485035.777218 2085297 port.cc:153] oneDNN custom operations are on. You may see slightly different numerical results due to floating-point round-off errors from different computation orders. To turn them off, set the environment variable `TF_ENABLE_ONEDNN_OPTS=0`.
I0000 00:00:1790485035.817665 2085297 cpu_feature_guard.cc:227] This TensorFlow binary is optimized to use available CPU instructions in performance-critical operations.
To enable the following instructions: AVX2 AVX512F AVX512_VNNI AVX512_BF16 AVX512_FP16 AVX_VNNI AMX_TILE AMX_INT8 AMX_BF16 FMA, in other operations, rebuild TensorFlow with the appropriate compiler flags.
WARNING: All log messages before absl::InitializeLog() is called are written to STDERR
I0000 00:00:1790485037.338603 2085297 port.cc:153] oneDNN custom operations are on. You may see slightly different numerical results due to floating-point round-off errors from different computation orders. To turn them off, set the environment variable `TF_ENABLE_ONEDNN_OPTS=0`.
I0000 00:00:1790485038.170630 2085472 tf_record_dataset_op.cc:396] The default buffer size is 262144, which is overridden by the user specified `buffer_size` of 8388608
[pjrt_ffi] RESIDENT: @mnv4in_fwd_eval holds 387 parameter tensors (37.3 MB) on 4 devices; they stop crossing PCIe from here
Epoch 65/100: loss=2.278446 lr=0.001197
  imagenet shim: jax/.lake/build/generated_mobilenet_v4_imagenet_shim.py — validation split, batch 256, 150528 floats/img (seed 0)
  imagenet shim: jax/.lake/build/generated_mobilenet_v4_imagenet_shim.py — validation split, batch 256, 150528 floats/img (seed 1)
  imagenet shim: 2 sharded producers (round-robin over batches)
  ▸ val: STREAMED per pass — 2 batch-block producer(s), 256-row blocks k, k+2, … read round-robin, nothing held (the 30 GB drain is gone; planning/streaming_val.md)
  ▸ val = all 50000 streamed (timm's denominator)
  epoch 65: test_acc = 37884/50000 = 75.768000%  top5 = 46288/50000 = 92.576000%  [95% CI 75.39–76.14]
    per-example top-1 bitmap -> runs/2026-09-26-mnv4-verified-bf16-100ep/bitmaps/mnv4_emaaccdp8x128wxdowd005bf16_e65.bin (50000 bytes)
    BN companion -> .lake/build/mnv4in_emaaccdp8x128wxdowd005bf16_ckpt_xla_e100.bin.bn (67904 floats x 2, hash 4453981399860408917)
  step 0/2496: loss=2.016049
  step 1/2496: loss=2.433290
  step 2/2496: loss=2.370179
  step 100/2496: loss=2.188326
  step 200/2496: loss=2.524168
  step 300/2496: loss=2.023495
  step 400/2496: loss=2.208755
  step 500/2496: loss=2.317461
  step 600/2496: loss=2.056501
  step 700/2496: loss=2.407115
  step 800/2496: loss=2.374632
  step 900/2496: loss=2.488633
  step 1000/2496: loss=2.398078
  step 1100/2496: loss=2.316344
  step 1200/2496: loss=2.277218
  step 1300/2496: loss=2.229221
  step 1400/2496: loss=2.451983
  step 1500/2496: loss=2.157592
  step 1600/2496: loss=2.456200
  step 1700/2496: loss=2.147457
  step 1800/2496: loss=2.196982
  step 1900/2496: loss=2.240377
  step 2000/2496: loss=2.233622
  step 2100/2496: loss=2.282896
  step 2200/2496: loss=2.203284
  step 2300/2496: loss=2.403558
  step 2400/2496: loss=2.156513
Epoch 66/100: loss=2.262202 lr=0.001136
  epoch 66: eval skipped (valEveryEpochs = 5; next scored epoch 70)
    BN companion -> .lake/build/mnv4in_emaaccdp8x128wxdowd005bf16_ckpt_xla_e100.bin.bn (67904 floats x 2, hash 10561836785927806542)
  step 0/2496: loss=2.171243
  step 1/2496: loss=2.352550
  step 2/2496: loss=2.124440
  step 100/2496: loss=2.249677
  step 200/2496: loss=2.147695
  step 300/2496: loss=2.106950
  step 400/2496: loss=2.455531
  step 500/2496: loss=2.522111
  step 600/2496: loss=2.142703
  step 700/2496: loss=2.432308
  step 800/2496: loss=2.318633
  step 900/2496: loss=2.222246
  step 1000/2496: loss=2.261650
  step 1100/2496: loss=2.273667
  step 1200/2496: loss=2.214106
  step 1300/2496: loss=2.464211
  step 1400/2496: loss=2.208495
  step 1500/2496: loss=2.107187
  step 1600/2496: loss=2.304497
  step 1700/2496: loss=1.975780
  step 1800/2496: loss=2.322015
  step 1900/2496: loss=2.378265
  step 2000/2496: loss=2.407416
  step 2100/2496: loss=2.375832
  step 2200/2496: loss=2.185272
  step 2300/2496: loss=2.245236
  step 2400/2496: loss=2.575152
Epoch 67/100: loss=2.250807 lr=0.001077
  epoch 67: eval skipped (valEveryEpochs = 5; next scored epoch 70)
    BN companion -> .lake/build/mnv4in_emaaccdp8x128wxdowd005bf16_ckpt_xla_e100.bin.bn (67904 floats x 2, hash 2764623906628336300)
  step 0/2496: loss=2.745773
  step 1/2496: loss=2.447907
  step 2/2496: loss=2.041711
  step 100/2496: loss=2.205734
  step 200/2496: loss=2.173793
  step 300/2496: loss=2.031019
  step 400/2496: loss=2.359552
  step 500/2496: loss=2.199840
  step 600/2496: loss=2.115707
  step 700/2496: loss=2.343732
  step 800/2496: loss=2.053960
  step 900/2496: loss=2.547690
  step 1000/2496: loss=2.325883
  step 1100/2496: loss=2.183989
  step 1200/2496: loss=2.230791
  step 1300/2496: loss=2.460008
  step 1400/2496: loss=2.354072
  step 1500/2496: loss=2.171413
  step 1600/2496: loss=2.262576
  step 1700/2496: loss=2.500851
  step 1800/2496: loss=2.404371
  step 1900/2496: loss=2.366963
  step 2000/2496: loss=2.330627
  step 2100/2496: loss=2.379089
  step 2200/2496: loss=2.191453
  step 2300/2496: loss=2.042082
  step 2400/2496: loss=2.277576
Epoch 68/100: loss=2.236824 lr=0.001019
  epoch 68: eval skipped (valEveryEpochs = 5; next scored epoch 70)
    BN companion -> .lake/build/mnv4in_emaaccdp8x128wxdowd005bf16_ckpt_xla_e100.bin.bn (67904 floats x 2, hash 16684467516756628965)
  step 0/2496: loss=2.207619
  step 1/2496: loss=2.086162
  step 2/2496: loss=2.019207
  step 100/2496: loss=2.151440
  step 200/2496: loss=2.198954
  step 300/2496: loss=2.334599
  step 400/2496: loss=2.236067
  step 500/2496: loss=2.150818
  step 600/2496: loss=2.500406
  step 700/2496: loss=2.393828
  step 800/2496: loss=2.302888
  step 900/2496: loss=2.217383
  step 1000/2496: loss=2.465967
  step 1100/2496: loss=2.084657
  step 1200/2496: loss=2.005385
  step 1300/2496: loss=2.613207
  step 1400/2496: loss=2.419741
  step 1500/2496: loss=2.225567
  step 1600/2496: loss=2.314625
  step 1700/2496: loss=2.201748
  step 1800/2496: loss=2.212559
  step 1900/2496: loss=2.141300
  step 2000/2496: loss=2.107547
  step 2100/2496: loss=2.466970
  step 2200/2496: loss=2.286770
  step 2300/2496: loss=2.328242
  step 2400/2496: loss=1.904414
Epoch 69/100: loss=2.227016 lr=0.000962
  epoch 69: eval skipped (valEveryEpochs = 5; next scored epoch 70)
    BN companion -> .lake/build/mnv4in_emaaccdp8x128wxdowd005bf16_ckpt_xla_e100.bin.bn (67904 floats x 2, hash 5487073355287718920)
  step 0/2496: loss=2.526826
  step 1/2496: loss=2.443143
  step 2/2496: loss=2.425306
  step 100/2496: loss=2.277907
  step 200/2496: loss=2.130660
  step 300/2496: loss=1.988628
  step 400/2496: loss=2.320941
  step 500/2496: loss=2.097538
  step 600/2496: loss=2.288224
  step 700/2496: loss=2.434908
  step 800/2496: loss=2.377381
  step 900/2496: loss=2.174746
  step 1000/2496: loss=2.133451
  step 1100/2496: loss=2.140409
  step 1200/2496: loss=2.376679
  step 1300/2496: loss=2.183930
  step 1400/2496: loss=2.282455
  step 1500/2496: loss=2.169711
  step 1600/2496: loss=2.038277
  step 1700/2496: loss=2.318011
  step 1800/2496: loss=2.238688
  step 1900/2496: loss=2.192207
  step 2000/2496: loss=2.351922
  step 2100/2496: loss=2.283297
  step 2200/2496: loss=2.162737
  step 2300/2496: loss=2.291582
  step 2400/2496: loss=2.125543
WARNING: All log messages before absl::InitializeLog() is called are written to STDERR
I0000 00:00:1790488302.624866 2099828 port.cc:153] oneDNN custom operations are on. You may see slightly different numerical results due to floating-point round-off errors from different computation orders. To turn them off, set the environment variable `TF_ENABLE_ONEDNN_OPTS=0`.
I0000 00:00:1790488302.651921 2099828 cpu_feature_guard.cc:227] This TensorFlow binary is optimized to use available CPU instructions in performance-critical operations.
To enable the following instructions: AVX2 AVX512F AVX512_VNNI AVX512_BF16 AVX512_FP16 AVX_VNNI AMX_TILE AMX_INT8 AMX_BF16 FMA, in other operations, rebuild TensorFlow with the appropriate compiler flags.
WARNING: All log messages before absl::InitializeLog() is called are written to STDERR
I0000 00:00:1790488304.076537 2099828 port.cc:153] oneDNN custom operations are on. You may see slightly different numerical results due to floating-point round-off errors from different computation orders. To turn them off, set the environment variable `TF_ENABLE_ONEDNN_OPTS=0`.
I0000 00:00:1790488304.940631 2099971 tf_record_dataset_op.cc:396] The default buffer size is 262144, which is overridden by the user specified `buffer_size` of 8388608
WARNING: All log messages before absl::InitializeLog() is called are written to STDERR
I0000 00:00:1790488305.270658 2099974 port.cc:153] oneDNN custom operations are on. You may see slightly different numerical results due to floating-point round-off errors from different computation orders. To turn them off, set the environment variable `TF_ENABLE_ONEDNN_OPTS=0`.
I0000 00:00:1790488305.312992 2099974 cpu_feature_guard.cc:227] This TensorFlow binary is optimized to use available CPU instructions in performance-critical operations.
To enable the following instructions: AVX2 AVX512F AVX512_VNNI AVX512_BF16 AVX512_FP16 AVX_VNNI AMX_TILE AMX_INT8 AMX_BF16 FMA, in other operations, rebuild TensorFlow with the appropriate compiler flags.
WARNING: All log messages before absl::InitializeLog() is called are written to STDERR
I0000 00:00:1790488307.146036 2099974 port.cc:153] oneDNN custom operations are on. You may see slightly different numerical results due to floating-point round-off errors from different computation orders. To turn them off, set the environment variable `TF_ENABLE_ONEDNN_OPTS=0`.
I0000 00:00:1790488307.986081 2100158 tf_record_dataset_op.cc:396] The default buffer size is 262144, which is overridden by the user specified `buffer_size` of 8388608
[pjrt_ffi] RESIDENT: @mnv4in_fwd_eval holds 387 parameter tensors (37.3 MB) on 4 devices; they stop crossing PCIe from here
Epoch 70/100: loss=2.216734 lr=0.000906
  imagenet shim: jax/.lake/build/generated_mobilenet_v4_imagenet_shim.py — validation split, batch 256, 150528 floats/img (seed 0)
  imagenet shim: jax/.lake/build/generated_mobilenet_v4_imagenet_shim.py — validation split, batch 256, 150528 floats/img (seed 1)
  imagenet shim: 2 sharded producers (round-robin over batches)
  ▸ val: STREAMED per pass — 2 batch-block producer(s), 256-row blocks k, k+2, … read round-robin, nothing held (the 30 GB drain is gone; planning/streaming_val.md)
  ▸ val = all 50000 streamed (timm's denominator)
  epoch 70: test_acc = 38091/50000 = 76.182000%  top5 = 46371/50000 = 92.742000%  [95% CI 75.81–76.55]
    per-example top-1 bitmap -> runs/2026-09-26-mnv4-verified-bf16-100ep/bitmaps/mnv4_emaaccdp8x128wxdowd005bf16_e70.bin (50000 bytes)
    BN companion -> .lake/build/mnv4in_emaaccdp8x128wxdowd005bf16_ckpt_xla_e100.bin.bn (67904 floats x 2, hash 1668777149009212187)
  step 0/2496: loss=2.049942
  step 1/2496: loss=1.976944
  step 2/2496: loss=2.108085
  step 100/2496: loss=2.053759
  step 200/2496: loss=2.288024
  step 300/2496: loss=2.020132
  step 400/2496: loss=2.048109
  step 500/2496: loss=2.197570
  step 600/2496: loss=2.377184
  step 700/2496: loss=2.239012
  step 800/2496: loss=2.622959
  step 900/2496: loss=2.151659
  step 1000/2496: loss=2.136288
  step 1100/2496: loss=2.137146
  step 1200/2496: loss=1.995906
  step 1300/2496: loss=2.338122
  step 1400/2496: loss=2.082429
  step 1500/2496: loss=2.156378
  step 1600/2496: loss=2.371256
  step 1700/2496: loss=1.954867
  step 1800/2496: loss=1.936790
  step 1900/2496: loss=2.214935
  step 2000/2496: loss=1.939578
  step 2100/2496: loss=2.215113
  step 2200/2496: loss=2.230816
  step 2300/2496: loss=2.424518
  step 2400/2496: loss=2.083402
Epoch 71/100: loss=2.202039 lr=0.000851
  epoch 71: eval skipped (valEveryEpochs = 5; next scored epoch 75)
    BN companion -> .lake/build/mnv4in_emaaccdp8x128wxdowd005bf16_ckpt_xla_e100.bin.bn (67904 floats x 2, hash 7152411242162641954)
  step 0/2496: loss=2.226980
  step 1/2496: loss=2.137190
  step 2/2496: loss=2.012180
  step 100/2496: loss=2.145143
  step 200/2496: loss=2.251571
  step 300/2496: loss=2.149202
  step 400/2496: loss=2.156841
  step 500/2496: loss=2.239060
  step 600/2496: loss=2.141735
  step 700/2496: loss=2.073573
  step 800/2496: loss=2.220939
  step 900/2496: loss=2.088973
  step 1000/2496: loss=2.273966
  step 1100/2496: loss=2.182795
  step 1200/2496: loss=2.229341
  step 1300/2496: loss=2.107586
  step 1400/2496: loss=2.113865
  step 1500/2496: loss=2.495657
  step 1600/2496: loss=2.154330
  step 1700/2496: loss=2.156096
  step 1800/2496: loss=2.031802
  step 1900/2496: loss=2.051943
  step 2000/2496: loss=2.270147
  step 2100/2496: loss=2.206086
  step 2200/2496: loss=2.185221
  step 2300/2496: loss=1.919921
  step 2400/2496: loss=2.147814
Epoch 72/100: loss=2.194412 lr=0.000798
  epoch 72: eval skipped (valEveryEpochs = 5; next scored epoch 75)
    BN companion -> .lake/build/mnv4in_emaaccdp8x128wxdowd005bf16_ckpt_xla_e100.bin.bn (67904 floats x 2, hash 1607121673292985642)
  step 0/2496: loss=2.220881
  step 1/2496: loss=2.094020
  step 2/2496: loss=2.151939
  step 100/2496: loss=2.102320
  step 200/2496: loss=1.872576
  step 300/2496: loss=1.821314
  step 400/2496: loss=2.179873
  step 500/2496: loss=2.022227
  step 600/2496: loss=2.261774
  step 700/2496: loss=2.079227
  step 800/2496: loss=2.274615
  step 900/2496: loss=2.027856
  step 1000/2496: loss=2.069594
  step 1100/2496: loss=2.007182
  step 1200/2496: loss=2.247840
  step 1300/2496: loss=2.094777
  step 1400/2496: loss=2.169525
  step 1500/2496: loss=2.173298
  step 1600/2496: loss=2.097363
  step 1700/2496: loss=2.343096
  step 1800/2496: loss=2.376855
  step 1900/2496: loss=2.278128
  step 2000/2496: loss=2.195724
  step 2100/2496: loss=2.258361
  step 2200/2496: loss=2.282766
  step 2300/2496: loss=2.391516
  step 2400/2496: loss=2.065258
Epoch 73/100: loss=2.181897 lr=0.000746
  epoch 73: eval skipped (valEveryEpochs = 5; next scored epoch 75)
    BN companion -> .lake/build/mnv4in_emaaccdp8x128wxdowd005bf16_ckpt_xla_e100.bin.bn (67904 floats x 2, hash 13086750727721743406)
  step 0/2496: loss=2.347661
  step 1/2496: loss=2.142080
  step 2/2496: loss=2.108736
  step 100/2496: loss=2.133597
  step 200/2496: loss=2.164809
  step 300/2496: loss=2.073478
  step 400/2496: loss=1.912843
  step 500/2496: loss=2.228351
  step 600/2496: loss=2.138681
  step 700/2496: loss=2.318057
  step 800/2496: loss=1.917865
  step 900/2496: loss=2.014498
  step 1000/2496: loss=2.408927
  step 1100/2496: loss=2.020364
  step 1200/2496: loss=2.071233
  step 1300/2496: loss=2.142263
  step 1400/2496: loss=2.381735
  step 1500/2496: loss=2.189533
  step 1600/2496: loss=2.059252
  step 1700/2496: loss=2.332070
  step 1800/2496: loss=2.252689
  step 1900/2496: loss=2.053221
  step 2000/2496: loss=2.116578
  step 2100/2496: loss=2.515520
  step 2200/2496: loss=1.798292
  step 2300/2496: loss=2.174397
  step 2400/2496: loss=2.207886
Epoch 74/100: loss=2.170653 lr=0.000695
  epoch 74: eval skipped (valEveryEpochs = 5; next scored epoch 75)
    BN companion -> .lake/build/mnv4in_emaaccdp8x128wxdowd005bf16_ckpt_xla_e100.bin.bn (67904 floats x 2, hash 12345838162900573444)
  step 0/2496: loss=2.357773
  step 1/2496: loss=2.020827
  step 2/2496: loss=2.266474
  step 100/2496: loss=2.009401
  step 200/2496: loss=1.985058
  step 300/2496: loss=2.077199
W0000 00:00:1790491190.257924 1898350 prefetch_autotuner.cc:55] Prefetch autotuner tried to allocate 91453 bytes after encountering the first element of size 91453 bytes.This already causes the autotune ram budget to be exceeded. To stay within the ram budget, either increase the ram budget or reduce element size
  step 400/2496: loss=2.161607
  step 500/2496: loss=2.006688
  step 600/2496: loss=2.349277
  step 700/2496: loss=1.974595
  step 800/2496: loss=2.066845
  step 900/2496: loss=2.122637
  step 1000/2496: loss=2.222281
  step 1100/2496: loss=2.313381
  step 1200/2496: loss=2.105688
  step 1300/2496: loss=2.221339
  step 1400/2496: loss=2.090744
  step 1500/2496: loss=2.142923
  step 1600/2496: loss=2.077472
  step 1700/2496: loss=2.219903
  step 1800/2496: loss=2.276951
  step 1900/2496: loss=1.953732
  step 2000/2496: loss=2.268778
  step 2100/2496: loss=2.141535
  step 2200/2496: loss=2.048460
  step 2300/2496: loss=1.824760
  step 2400/2496: loss=2.003873
WARNING: All log messages before absl::InitializeLog() is called are written to STDERR
I0000 00:00:1790491785.937464 2115537 port.cc:153] oneDNN custom operations are on. You may see slightly different numerical results due to floating-point round-off errors from different computation orders. To turn them off, set the environment variable `TF_ENABLE_ONEDNN_OPTS=0`.
I0000 00:00:1790491786.188192 2115537 cpu_feature_guard.cc:227] This TensorFlow binary is optimized to use available CPU instructions in performance-critical operations.
To enable the following instructions: AVX2 AVX512F AVX512_VNNI AVX512_BF16 AVX512_FP16 AVX_VNNI AMX_TILE AMX_INT8 AMX_BF16 FMA, in other operations, rebuild TensorFlow with the appropriate compiler flags.
WARNING: All log messages before absl::InitializeLog() is called are written to STDERR
I0000 00:00:1790491788.240402 2115537 port.cc:153] oneDNN custom operations are on. You may see slightly different numerical results due to floating-point round-off errors from different computation orders. To turn them off, set the environment variable `TF_ENABLE_ONEDNN_OPTS=0`.
I0000 00:00:1790491789.235183 2115644 tf_record_dataset_op.cc:396] The default buffer size is 262144, which is overridden by the user specified `buffer_size` of 8388608
WARNING: All log messages before absl::InitializeLog() is called are written to STDERR
I0000 00:00:1790491789.547567 2115648 port.cc:153] oneDNN custom operations are on. You may see slightly different numerical results due to floating-point round-off errors from different computation orders. To turn them off, set the environment variable `TF_ENABLE_ONEDNN_OPTS=0`.
I0000 00:00:1790491789.658007 2115648 cpu_feature_guard.cc:227] This TensorFlow binary is optimized to use available CPU instructions in performance-critical operations.
To enable the following instructions: AVX2 AVX512F AVX512_VNNI AVX512_BF16 AVX512_FP16 AVX_VNNI AMX_TILE AMX_INT8 AMX_BF16 FMA, in other operations, rebuild TensorFlow with the appropriate compiler flags.
WARNING: All log messages before absl::InitializeLog() is called are written to STDERR
I0000 00:00:1790491791.761202 2115648 port.cc:153] oneDNN custom operations are on. You may see slightly different numerical results due to floating-point round-off errors from different computation orders. To turn them off, set the environment variable `TF_ENABLE_ONEDNN_OPTS=0`.
I0000 00:00:1790491792.602846 2115865 tf_record_dataset_op.cc:396] The default buffer size is 262144, which is overridden by the user specified `buffer_size` of 8388608
[pjrt_ffi] RESIDENT: @mnv4in_fwd_eval holds 387 parameter tensors (37.3 MB) on 4 devices; they stop crossing PCIe from here
Epoch 75/100: loss=2.160999 lr=0.000645
  imagenet shim: jax/.lake/build/generated_mobilenet_v4_imagenet_shim.py — validation split, batch 256, 150528 floats/img (seed 0)
  imagenet shim: jax/.lake/build/generated_mobilenet_v4_imagenet_shim.py — validation split, batch 256, 150528 floats/img (seed 1)
  imagenet shim: 2 sharded producers (round-robin over batches)
  ▸ val: STREAMED per pass — 2 batch-block producer(s), 256-row blocks k, k+2, … read round-robin, nothing held (the 30 GB drain is gone; planning/streaming_val.md)
  ▸ val = all 50000 streamed (timm's denominator)
  epoch 75: test_acc = 38181/50000 = 76.362000%  top5 = 46447/50000 = 92.894000%  [95% CI 75.99–76.73]
    per-example top-1 bitmap -> runs/2026-09-26-mnv4-verified-bf16-100ep/bitmaps/mnv4_emaaccdp8x128wxdowd005bf16_e75.bin (50000 bytes)
    BN companion -> .lake/build/mnv4in_emaaccdp8x128wxdowd005bf16_ckpt_xla_e100.bin.bn (67904 floats x 2, hash 16203697630173885996)
  step 0/2496: loss=2.303894
  step 1/2496: loss=2.157043
  step 2/2496: loss=1.943145
  step 100/2496: loss=2.278729
  step 200/2496: loss=2.093019
  step 300/2496: loss=2.162554
  step 400/2496: loss=2.115740
  step 500/2496: loss=1.769882
  step 600/2496: loss=2.301241
  step 700/2496: loss=2.006639
  step 800/2496: loss=2.117219
  step 900/2496: loss=2.217239
  step 1000/2496: loss=2.003912
  step 1100/2496: loss=2.041268
  step 1200/2496: loss=2.357097
  step 1300/2496: loss=2.065471
  step 1400/2496: loss=1.963733
  step 1500/2496: loss=2.153008
  step 1600/2496: loss=2.214829
  step 1700/2496: loss=2.297535
  step 1800/2496: loss=2.289937
  step 1900/2496: loss=2.167751
  step 2000/2496: loss=2.201077
  step 2100/2496: loss=2.284339
  step 2200/2496: loss=2.088715
  step 2300/2496: loss=1.999959
  step 2400/2496: loss=2.117644
Epoch 76/100: loss=2.145951 lr=0.000598
  epoch 76: eval skipped (valEveryEpochs = 5; next scored epoch 80)
    BN companion -> .lake/build/mnv4in_emaaccdp8x128wxdowd005bf16_ckpt_xla_e100.bin.bn (67904 floats x 2, hash 1142429519459076683)
  step 0/2496: loss=2.130677
  step 1/2496: loss=2.407967
  step 2/2496: loss=2.559066
  step 100/2496: loss=2.075644
  step 200/2496: loss=2.118148
  step 300/2496: loss=1.972368
  step 400/2496: loss=2.053403
  step 500/2496: loss=2.273038
  step 600/2496: loss=2.122624
  step 700/2496: loss=2.007594
  step 800/2496: loss=2.274158
  step 900/2496: loss=2.093279
  step 1000/2496: loss=2.216848
  step 1100/2496: loss=2.071741
  step 1200/2496: loss=2.300365
  step 1300/2496: loss=1.922520
  step 1400/2496: loss=2.081188
  step 1500/2496: loss=1.952461
  step 1600/2496: loss=2.054173
  step 1700/2496: loss=2.416572
  step 1800/2496: loss=2.024497
  step 1900/2496: loss=2.266786
  step 2000/2496: loss=2.052316
  step 2100/2496: loss=1.897612
  step 2200/2496: loss=2.242641
  step 2300/2496: loss=2.246280
  step 2400/2496: loss=2.165233
Epoch 77/100: loss=2.143292 lr=0.000551
  epoch 77: eval skipped (valEveryEpochs = 5; next scored epoch 80)
    BN companion -> .lake/build/mnv4in_emaaccdp8x128wxdowd005bf16_ckpt_xla_e100.bin.bn (67904 floats x 2, hash 15218320742047282171)
  step 0/2496: loss=2.212267
  step 1/2496: loss=2.061191
  step 2/2496: loss=2.136102
  step 100/2496: loss=1.884248
  step 200/2496: loss=2.208238
  step 300/2496: loss=1.911599
  step 400/2496: loss=2.172155
  step 500/2496: loss=2.147530
  step 600/2496: loss=2.119381
  step 700/2496: loss=2.265126
  step 800/2496: loss=2.145078
  step 900/2496: loss=2.172519
  step 1000/2496: loss=2.145615
  step 1100/2496: loss=2.007116
  step 1200/2496: loss=2.181321
  step 1300/2496: loss=2.088650
  step 1400/2496: loss=2.251161
  step 1500/2496: loss=2.253470
  step 1600/2496: loss=2.085863
  step 1700/2496: loss=2.179638
  step 1800/2496: loss=2.138824
  step 1900/2496: loss=2.071277
  step 2000/2496: loss=2.065195
  step 2100/2496: loss=1.961417
  step 2200/2496: loss=2.094697
  step 2300/2496: loss=2.080191
  step 2400/2496: loss=2.120948
Epoch 78/100: loss=2.128025 lr=0.000506
  epoch 78: eval skipped (valEveryEpochs = 5; next scored epoch 80)
    BN companion -> .lake/build/mnv4in_emaaccdp8x128wxdowd005bf16_ckpt_xla_e100.bin.bn (67904 floats x 2, hash 16712655023035063648)
  step 0/2496: loss=2.142417
  step 1/2496: loss=2.013330
  step 2/2496: loss=2.209072
  step 100/2496: loss=2.072476
  step 200/2496: loss=2.264168
  step 300/2496: loss=2.194055
  step 400/2496: loss=2.291338
W0000 00:00:1790494165.660712 1898350 prefetch_autotuner.cc:55] Prefetch autotuner tried to allocate 91453 bytes after encountering the first element of size 91453 bytes.This already causes the autotune ram budget to be exceeded. To stay within the ram budget, either increase the ram budget or reduce element size
  step 500/2496: loss=2.169139
  step 600/2496: loss=2.165510
  step 700/2496: loss=2.240729
  step 800/2496: loss=2.261780
  step 900/2496: loss=2.075869
  step 1000/2496: loss=2.216671
  step 1100/2496: loss=2.141739
  step 1200/2496: loss=2.014782
  step 1300/2496: loss=2.215423
  step 1400/2496: loss=2.140846
  step 1500/2496: loss=2.091316
  step 1600/2496: loss=2.004333
  step 1700/2496: loss=2.086341
  step 1800/2496: loss=2.163260
  step 1900/2496: loss=2.065862
  step 2000/2496: loss=2.113579
  step 2100/2496: loss=2.136827
  step 2200/2496: loss=2.153605
  step 2300/2496: loss=2.205438
  step 2400/2496: loss=1.988191
Epoch 79/100: loss=2.118632 lr=0.000463
  epoch 79: eval skipped (valEveryEpochs = 5; next scored epoch 80)
    BN companion -> .lake/build/mnv4in_emaaccdp8x128wxdowd005bf16_ckpt_xla_e100.bin.bn (67904 floats x 2, hash 14714883537475149311)
  step 0/2496: loss=2.107947
  step 1/2496: loss=2.218050
  step 2/2496: loss=2.149897
  step 100/2496: loss=2.252078
  step 200/2496: loss=1.996613
  step 300/2496: loss=1.976018
  step 400/2496: loss=2.251647
  step 500/2496: loss=2.110026
  step 600/2496: loss=2.109408
  step 700/2496: loss=2.033019
  step 800/2496: loss=2.083515
  step 900/2496: loss=2.101119
  step 1000/2496: loss=1.935003
  step 1100/2496: loss=2.171254
  step 1200/2496: loss=2.170597
  step 1300/2496: loss=2.122535
  step 1400/2496: loss=2.225146
  step 1500/2496: loss=2.273460
  step 1600/2496: loss=2.034506
  step 1700/2496: loss=2.262646
  step 1800/2496: loss=2.126808
  step 1900/2496: loss=1.935300
  step 2000/2496: loss=2.029925
  step 2100/2496: loss=2.290074
  step 2200/2496: loss=2.017975
  step 2300/2496: loss=2.260412
  step 2400/2496: loss=2.083704
WARNING: All log messages before absl::InitializeLog() is called are written to STDERR
I0000 00:00:1790495454.464725 2131875 port.cc:153] oneDNN custom operations are on. You may see slightly different numerical results due to floating-point round-off errors from different computation orders. To turn them off, set the environment variable `TF_ENABLE_ONEDNN_OPTS=0`.
I0000 00:00:1790495454.722825 2131875 cpu_feature_guard.cc:227] This TensorFlow binary is optimized to use available CPU instructions in performance-critical operations.
To enable the following instructions: AVX2 AVX512F AVX512_VNNI AVX512_BF16 AVX512_FP16 AVX_VNNI AMX_TILE AMX_INT8 AMX_BF16 FMA, in other operations, rebuild TensorFlow with the appropriate compiler flags.
WARNING: All log messages before absl::InitializeLog() is called are written to STDERR
I0000 00:00:1790495456.670257 2131875 port.cc:153] oneDNN custom operations are on. You may see slightly different numerical results due to floating-point round-off errors from different computation orders. To turn them off, set the environment variable `TF_ENABLE_ONEDNN_OPTS=0`.
I0000 00:00:1790495457.629481 2131986 tf_record_dataset_op.cc:396] The default buffer size is 262144, which is overridden by the user specified `buffer_size` of 8388608
WARNING: All log messages before absl::InitializeLog() is called are written to STDERR
I0000 00:00:1790495457.987092 2131991 port.cc:153] oneDNN custom operations are on. You may see slightly different numerical results due to floating-point round-off errors from different computation orders. To turn them off, set the environment variable `TF_ENABLE_ONEDNN_OPTS=0`.
I0000 00:00:1790495458.028649 2131991 cpu_feature_guard.cc:227] This TensorFlow binary is optimized to use available CPU instructions in performance-critical operations.
To enable the following instructions: AVX2 AVX512F AVX512_VNNI AVX512_BF16 AVX512_FP16 AVX_VNNI AMX_TILE AMX_INT8 AMX_BF16 FMA, in other operations, rebuild TensorFlow with the appropriate compiler flags.
WARNING: All log messages before absl::InitializeLog() is called are written to STDERR
I0000 00:00:1790495459.534871 2131991 port.cc:153] oneDNN custom operations are on. You may see slightly different numerical results due to floating-point round-off errors from different computation orders. To turn them off, set the environment variable `TF_ENABLE_ONEDNN_OPTS=0`.
I0000 00:00:1790495460.372891 2132214 tf_record_dataset_op.cc:396] The default buffer size is 262144, which is overridden by the user specified `buffer_size` of 8388608
[pjrt_ffi] RESIDENT: @mnv4in_fwd_eval holds 387 parameter tensors (37.3 MB) on 4 devices; they stop crossing PCIe from here
Epoch 80/100: loss=2.108055 lr=0.000422
  imagenet shim: jax/.lake/build/generated_mobilenet_v4_imagenet_shim.py — validation split, batch 256, 150528 floats/img (seed 0)
  imagenet shim: jax/.lake/build/generated_mobilenet_v4_imagenet_shim.py — validation split, batch 256, 150528 floats/img (seed 1)
  imagenet shim: 2 sharded producers (round-robin over batches)
  ▸ val: STREAMED per pass — 2 batch-block producer(s), 256-row blocks k, k+2, … read round-robin, nothing held (the 30 GB drain is gone; planning/streaming_val.md)
  ▸ val = all 50000 streamed (timm's denominator)
  epoch 80: test_acc = 38276/50000 = 76.552000%  top5 = 46508/50000 = 93.016000%  [95% CI 76.18–76.92]
    per-example top-1 bitmap -> runs/2026-09-26-mnv4-verified-bf16-100ep/bitmaps/mnv4_emaaccdp8x128wxdowd005bf16_e80.bin (50000 bytes)
    BN companion -> .lake/build/mnv4in_emaaccdp8x128wxdowd005bf16_ckpt_xla_e100.bin.bn (67904 floats x 2, hash 6796137001345284797)
  step 0/2496: loss=1.821334
  step 1/2496: loss=2.153512
  step 2/2496: loss=2.031914
  step 100/2496: loss=2.143141
  step 200/2496: loss=2.210424
  step 300/2496: loss=1.936131
  step 400/2496: loss=2.181684
  step 500/2496: loss=2.052351
  step 600/2496: loss=2.353551
  step 700/2496: loss=2.277637
  step 800/2496: loss=1.977485
  step 900/2496: loss=1.917982
  step 1000/2496: loss=2.165732
  step 1100/2496: loss=2.024875
  step 1200/2496: loss=1.971717
  step 1300/2496: loss=2.072398
  step 1400/2496: loss=2.134406
  step 1500/2496: loss=1.877336
  step 1600/2496: loss=2.135198
  step 1700/2496: loss=2.188750
  step 1800/2496: loss=2.081854
  step 1900/2496: loss=2.184831
  step 2000/2496: loss=2.281952
  step 2100/2496: loss=2.284637
  step 2200/2496: loss=2.162220
  step 2300/2496: loss=2.265093
  step 2400/2496: loss=1.847406
Epoch 81/100: loss=2.103007 lr=0.000382
  epoch 81: eval skipped (valEveryEpochs = 5; next scored epoch 85)
    BN companion -> .lake/build/mnv4in_emaaccdp8x128wxdowd005bf16_ckpt_xla_e100.bin.bn (67904 floats x 2, hash 10749423458027006851)
  step 0/2496: loss=2.122123
  step 1/2496: loss=2.210308
  step 2/2496: loss=2.137514
  step 100/2496: loss=2.286860
  step 200/2496: loss=1.854703
  step 300/2496: loss=2.054262
  step 400/2496: loss=2.170157
W0000 00:00:1790496678.231530 1898350 prefetch_autotuner.cc:55] Prefetch autotuner tried to allocate 91453 bytes after encountering the first element of size 91453 bytes.This already causes the autotune ram budget to be exceeded. To stay within the ram budget, either increase the ram budget or reduce element size
  step 500/2496: loss=2.212033
  step 600/2496: loss=2.338449
  step 700/2496: loss=2.177298
  step 800/2496: loss=1.933402
  step 900/2496: loss=2.127178
  step 1000/2496: loss=2.041123
  step 1100/2496: loss=2.258740
  step 1200/2496: loss=2.341482
  step 1300/2496: loss=2.029418
  step 1400/2496: loss=2.205898
  step 1500/2496: loss=1.793875
  step 1600/2496: loss=2.096318
  step 1700/2496: loss=1.988626
  step 1800/2496: loss=1.983819
  step 1900/2496: loss=2.334301
  step 2000/2496: loss=2.172715
  step 2100/2496: loss=1.945811
  step 2200/2496: loss=2.028914
  step 2300/2496: loss=2.004017
  step 2400/2496: loss=2.125542
Epoch 82/100: loss=2.091967 lr=0.000344
  epoch 82: eval skipped (valEveryEpochs = 5; next scored epoch 85)
    BN companion -> .lake/build/mnv4in_emaaccdp8x128wxdowd005bf16_ckpt_xla_e100.bin.bn (67904 floats x 2, hash 22588480053250142)
  step 0/2496: loss=2.261031
  step 1/2496: loss=1.752780
  step 2/2496: loss=2.069223
  step 100/2496: loss=2.021540
  step 200/2496: loss=1.824519
  step 300/2496: loss=2.243653
  step 400/2496: loss=1.984749
W0000 00:00:1790497548.062571 1898350 prefetch_autotuner.cc:55] Prefetch autotuner tried to allocate 91453 bytes after encountering the first element of size 91453 bytes.This already causes the autotune ram budget to be exceeded. To stay within the ram budget, either increase the ram budget or reduce element size
  step 500/2496: loss=2.107423
  step 600/2496: loss=2.022943
  step 700/2496: loss=1.837875
  step 800/2496: loss=1.855898
  step 900/2496: loss=1.977371
  step 1000/2496: loss=2.112302
  step 1100/2496: loss=2.038328
  step 1200/2496: loss=2.056472
  step 1300/2496: loss=2.076514
  step 1400/2496: loss=1.993661
  step 1500/2496: loss=2.011529
  step 1600/2496: loss=1.949989
  step 1700/2496: loss=2.363399
  step 1800/2496: loss=1.987960
  step 1900/2496: loss=2.111223
  step 2000/2496: loss=1.884738
  step 2100/2496: loss=2.274770
  step 2200/2496: loss=2.180366
  step 2300/2496: loss=2.243541
  step 2400/2496: loss=2.089297
Epoch 83/100: loss=2.086241 lr=0.000308
  epoch 83: eval skipped (valEveryEpochs = 5; next scored epoch 85)
    BN companion -> .lake/build/mnv4in_emaaccdp8x128wxdowd005bf16_ckpt_xla_e100.bin.bn (67904 floats x 2, hash 4257781685732751611)
  step 0/2496: loss=2.201125
  step 1/2496: loss=1.972276
  step 2/2496: loss=2.017249
  step 100/2496: loss=2.037192
  step 200/2496: loss=1.945824
  step 300/2496: loss=2.012458
  step 400/2496: loss=2.204469
W0000 00:00:1790498520.781724 1897051 prefetch_autotuner.cc:55] Prefetch autotuner tried to allocate 91453 bytes after encountering the first element of size 91453 bytes.This already causes the autotune ram budget to be exceeded. To stay within the ram budget, either increase the ram budget or reduce element size
  step 500/2496: loss=2.061033
  step 600/2496: loss=2.045466
  step 700/2496: loss=2.068229
  step 800/2496: loss=2.158607
  step 900/2496: loss=1.999654
  step 1000/2496: loss=2.255435
  step 1100/2496: loss=2.315777
  step 1200/2496: loss=2.082018
  step 1300/2496: loss=2.095342
  step 1400/2496: loss=2.099363
  step 1500/2496: loss=2.215130
  step 1600/2496: loss=2.130289
  step 1700/2496: loss=2.107204
  step 1800/2496: loss=1.972565
  step 1900/2496: loss=2.132640
  step 2000/2496: loss=2.032666
  step 2100/2496: loss=2.036146
  step 2200/2496: loss=1.953167
  step 2300/2496: loss=2.189938
  step 2400/2496: loss=2.272191
Epoch 84/100: loss=2.074892 lr=0.000273
  epoch 84: eval skipped (valEveryEpochs = 5; next scored epoch 85)
    BN companion -> .lake/build/mnv4in_emaaccdp8x128wxdowd005bf16_ckpt_xla_e100.bin.bn (67904 floats x 2, hash 16583250202580742875)
  step 0/2496: loss=2.309874
  step 1/2496: loss=2.218509
  step 2/2496: loss=2.108055
===== 2026-09-27 08:54:01 attempt 1 (from epoch 84) =====
I0927 08:54:02.648257 2149756 service.cc:154] XLA service 0x75626c052930 initialized for platform CUDA (this does not guarantee that XLA will be used). Devices:
I0927 08:54:02.648307 2149756 service.cc:170]   StreamExecutor [0]: NVIDIA GeForce RTX 3060, Compute Capability 8.6 (Driver: 13.3.0[610.57.4]; Runtime: 13.3.0; Toolkit: 13.0.0; DNN: 9.24.0)
I0927 08:54:02.648315 2149756 service.cc:170]   StreamExecutor [1]: NVIDIA GeForce RTX 3060, Compute Capability 8.6 (Driver: 13.3.0[610.57.4]; Runtime: 13.3.0; Toolkit: 13.0.0; DNN: 9.24.0)
I0927 08:54:02.648319 2149756 service.cc:170]   StreamExecutor [2]: NVIDIA GeForce RTX 3060, Compute Capability 8.6 (Driver: 13.3.0[610.57.4]; Runtime: 13.3.0; Toolkit: 13.0.0; DNN: 9.24.0)
I0927 08:54:02.648323 2149756 service.cc:170]   StreamExecutor [3]: NVIDIA GeForce RTX 3060, Compute Capability 8.6 (Driver: 13.3.0[610.57.4]; Runtime: 13.3.0; Toolkit: 13.0.0; DNN: 9.24.0)
I0927 08:54:02.651823 2149756 se_gpu_pjrt_client.cc:1450] Using BFC allocator.
I0927 08:54:02.651877 2149756 gpu_helpers.cc:162] XLA backend allocating 8.72GiB (9365880832 bytes) on device 0 for BFCAllocator.
I0927 08:54:02.652113 2149756 gpu_helpers.cc:162] XLA backend allocating 8.72GiB (9365880832 bytes) on device 1 for BFCAllocator.
I0927 08:54:02.652122 2149756 gpu_helpers.cc:162] XLA backend allocating 8.72GiB (9365880832 bytes) on device 2 for BFCAllocator.
I0927 08:54:02.652131 2149756 gpu_helpers.cc:162] XLA backend allocating 8.72GiB (9365880832 bytes) on device 3 for BFCAllocator.
[pjrt_ffi] XLA backend: PJRT 0.114, 4 device(s)
[pjrt_ffi] command buffers: enabled (CUDA default)
I0927 08:54:02.807126 2149756 se_gpu_pjrt_compiler.cc:382] Found GPU target config and a PjRtClient with matching configuration. Performing a JIT compilation.
I0927 08:54:06.797145 2149756 cuda_dnn.cc:442] Loaded cuDNN version 92400
W0927 08:54:09.680928 2149837 cuda_timer.cc:88] Delay kernel timed out: measured time has sub-optimal accuracy. There may be a missing warmup execution, please investigate in Nsight Systems.
W0927 08:54:09.920708 2149837 cuda_timer.cc:88] Delay kernel timed out: measured time has sub-optimal accuracy. There may be a missing warmup execution, please investigate in Nsight Systems.
W0927 08:54:12.025973 2149837 cuda_timer.cc:88] Delay kernel timed out: measured time has sub-optimal accuracy. There may be a missing warmup execution, please investigate in Nsight Systems.
W0927 08:54:13.005026 2149837 cuda_timer.cc:88] Delay kernel timed out: measured time has sub-optimal accuracy. There may be a missing warmup execution, please investigate in Nsight Systems.
I0927 08:54:13.471723 2149829 subprocess_compilation.cc:349] ptxas warning : Registers are spilled to local memory in function 'gemm_fusion_dot_2', 88 bytes spill stores, 56 bytes spill loads

I0927 08:54:13.926042 2149837 subprocess_compilation.cc:349] ptxas warning : Registers are spilled to local memory in function 'gemm_fusion_dot_2', 80 bytes spill stores, 48 bytes spill loads

W0927 08:54:13.988739 2149822 cuda_timer.cc:88] Delay kernel timed out: measured time has sub-optimal accuracy. There may be a missing warmup execution, please investigate in Nsight Systems.
I0927 08:54:15.094702 2149829 subprocess_compilation.cc:349] ptxas warning : Registers are spilled to local memory in function 'gemm_fusion_dot_6', 96 bytes spill stores, 60 bytes spill loads

[pjrt_ffi] compiled verified_mlir/mnv4in_emaaccdp8x128wxdowd005bf16_train_step.mlir (@mnv4in_emaaccdp8x128wxdowd005bf16_train_step, 1327 outputs, 4 replicas) in 70682 ms
I0927 08:55:15.247583 2149829 subprocess_compilation.cc:349] ptxas warning : Registers are spilled to local memory in function 'gemm_fusion_dot', 112 bytes spill stores, 112 bytes spill loads

I0927 08:55:15.594502 2149826 subprocess_compilation.cc:349] ptxas warning : Registers are spilled to local memory in function 'gemm_fusion_dot', 12 bytes spill stores, 12 bytes spill loads

I0927 08:55:15.683345 2149842 subprocess_compilation.cc:349] ptxas warning : Registers are spilled to local memory in function 'gemm_fusion_dot', 872 bytes spill stores, 616 bytes spill loads

[pjrt_ffi] compiled verified_mlir/mnv4in_fwd.mlir (@mnv4in_fwd, 1 outputs, 4 replicas, SHARDED — outputs gathered from every replica) in 5866 ms
[pjrt_ffi] compiled verified_mlir/mnv4in_fwd_eval.mlir (@mnv4in_fwd_eval, 1 outputs, 4 replicas, SHARDED — outputs gathered from every replica) in 384 ms
MobileNetV4-Conv-M on full 1000-class ImageNet via the VERIFIED renderer → XLA/PJRT → GPU, with the tfds batch shim supplying the MNv4 reference augmentation
  xla/pjrt verified_mlir/mnv4in_emaaccdp8x128wxdowd005bf16_train_step.mlir
  xla/pjrt verified_mlir/mnv4in_fwd.mlir  (eval, SHARDED over 4 replicas)
  xla/pjrt verified_mlir/mnv4in_fwd_eval.mlir  (eval, SHARDED over 4 replicas)
  imagenet: val streams per pass (50,000 images at eval width 150528) — nothing is held
  train 1281167, test 50000; bs 128, MobileNetV4-Conv-M (ImageNet-1k) emaaccdp8x128wxdowd005bf16 (cosine+warmup 5ep, baseLR 0.004000), He init
  ▸ CLASSIFIER DROPOUT: keep 0.900000, mask tensor<512x1280xf32> (PER-ELEMENT, one Bernoulli per example×feature — not per-example like the drop scales), host-drawn per step at seed+999983, 1/keep folded in. Eval is the identity (drop-free forward).
  ▸ EMA: region 4 of 5 [θ|m|v|G|ema], shadow starts AT the weights, decay min(0.999900, (1+t)/(10+t)) — TF warmup-corrected. EVAL AND CHECKPOINT SCORE THE SHADOW. ⚠ It advances on APPLY micro-batches only — once per optimizer step, as the reference does.
  ▸ GRADIENT ACCUMULATION: k = 8, blob region 3 of 5 [θ|m|v|G|ema]. Micro-batch 512 x 8 = EFFECTIVE BATCH 4096. 2496 micro-batches/epoch = 312 updates/epoch; the LR schedule and Adam's bias correction run on UPDATES, the augmentation and the prefetch on micro-batches.
  eval batch 64 (the batch @mnv4in_fwd_eval was RENDERED at) != train batch 128 — sound because eval is class-batch-independent
  running-stats BN: 77 layers, 67904 stat floats → eval via @mnv4in_fwd_eval
     decay 0.990000 (TF sense; = PyTorch/timm momentum 0.010000), new-batch weight 0.001256 = 1 − 0.990000^(1/8), compensated for grad-accum
  DATA-PARALLEL: 4 replicas x bs 128 = global batch 512, 2496 steps/epoch
  EVAL SHARDED: 4 replicas x 64 = 256 test images per invoke, 196 invokes, last one 80 real + 176 pad
  ▸ resuming from checkpoint at epoch 84
  ▸ resumed BN running stats + ema_bn from .lake/build/mnv4in_emaaccdp8x128wxdowd005bf16_ckpt_xla_e100.bin.bn (hash 16583250202580742875)
WARNING: All log messages before absl::InitializeLog() is called are written to STDERR
I0000 00:00:1790499320.455258 2152314 port.cc:153] oneDNN custom operations are on. You may see slightly different numerical results due to floating-point round-off errors from different computation orders. To turn them off, set the environment variable `TF_ENABLE_ONEDNN_OPTS=0`.
I0000 00:00:1790499320.682720 2152314 cpu_feature_guard.cc:227] This TensorFlow binary is optimized to use available CPU instructions in performance-critical operations.
To enable the following instructions: AVX2 AVX512F AVX512_VNNI AVX512_BF16 AVX512_FP16 AVX_VNNI AMX_TILE AMX_INT8 AMX_BF16 FMA, in other operations, rebuild TensorFlow with the appropriate compiler flags.
WARNING: All log messages before absl::InitializeLog() is called are written to STDERR
I0000 00:00:1790499322.417720 2152314 port.cc:153] oneDNN custom operations are on. You may see slightly different numerical results due to floating-point round-off errors from different computation orders. To turn them off, set the environment variable `TF_ENABLE_ONEDNN_OPTS=0`.
WARNING: All log messages before absl::InitializeLog() is called are written to STDERR
I0000 00:00:1790499325.182841 2152437 port.cc:153] oneDNN custom operations are on. You may see slightly different numerical results due to floating-point round-off errors from different computation orders. To turn them off, set the environment variable `TF_ENABLE_ONEDNN_OPTS=0`.
I0000 00:00:1790499325.211060 2152437 cpu_feature_guard.cc:227] This TensorFlow binary is optimized to use available CPU instructions in performance-critical operations.
To enable the following instructions: AVX2 AVX512F AVX512_VNNI AVX512_BF16 AVX512_FP16 AVX_VNNI AMX_TILE AMX_INT8 AMX_BF16 FMA, in other operations, rebuild TensorFlow with the appropriate compiler flags.
I0000 00:00:1790499325.718829 2152463 tf_record_dataset_op.cc:396] The default buffer size is 262144, which is overridden by the user specified `buffer_size` of 8388608
WARNING: All log messages before absl::InitializeLog() is called are written to STDERR
I0000 00:00:1790499326.858490 2152437 port.cc:153] oneDNN custom operations are on. You may see slightly different numerical results due to floating-point round-off errors from different computation orders. To turn them off, set the environment variable `TF_ENABLE_ONEDNN_OPTS=0`.
WARNING: All log messages before absl::InitializeLog() is called are written to STDERR
I0000 00:00:1790499329.626355 2152618 port.cc:153] oneDNN custom operations are on. You may see slightly different numerical results due to floating-point round-off errors from different computation orders. To turn them off, set the environment variable `TF_ENABLE_ONEDNN_OPTS=0`.
I0000 00:00:1790499329.653555 2152618 cpu_feature_guard.cc:227] This TensorFlow binary is optimized to use available CPU instructions in performance-critical operations.
To enable the following instructions: AVX2 AVX512F AVX512_VNNI AVX512_BF16 AVX512_FP16 AVX_VNNI AMX_TILE AMX_INT8 AMX_BF16 FMA, in other operations, rebuild TensorFlow with the appropriate compiler flags.
I0000 00:00:1790499330.154394 2152644 tf_record_dataset_op.cc:396] The default buffer size is 262144, which is overridden by the user specified `buffer_size` of 8388608
WARNING: All log messages before absl::InitializeLog() is called are written to STDERR
I0000 00:00:1790499331.288713 2152618 port.cc:153] oneDNN custom operations are on. You may see slightly different numerical results due to floating-point round-off errors from different computation orders. To turn them off, set the environment variable `TF_ENABLE_ONEDNN_OPTS=0`.
WARNING: All log messages before absl::InitializeLog() is called are written to STDERR
I0000 00:00:1790499334.044309 2152816 port.cc:153] oneDNN custom operations are on. You may see slightly different numerical results due to floating-point round-off errors from different computation orders. To turn them off, set the environment variable `TF_ENABLE_ONEDNN_OPTS=0`.
I0000 00:00:1790499334.072928 2152816 cpu_feature_guard.cc:227] This TensorFlow binary is optimized to use available CPU instructions in performance-critical operations.
To enable the following instructions: AVX2 AVX512F AVX512_VNNI AVX512_BF16 AVX512_FP16 AVX_VNNI AMX_TILE AMX_INT8 AMX_BF16 FMA, in other operations, rebuild TensorFlow with the appropriate compiler flags.
I0000 00:00:1790499334.546928 2152841 tf_record_dataset_op.cc:396] The default buffer size is 262144, which is overridden by the user specified `buffer_size` of 8388608
WARNING: All log messages before absl::InitializeLog() is called are written to STDERR
I0000 00:00:1790499335.672805 2152816 port.cc:153] oneDNN custom operations are on. You may see slightly different numerical results due to floating-point round-off errors from different computation orders. To turn them off, set the environment variable `TF_ENABLE_ONEDNN_OPTS=0`.
[pjrt_ffi] RESIDENT: @mnv4in_emaaccdp8x128wxdowd005bf16_train_step holds 1165 parameter tensors (185.3 MB) on 4 devices; they stop crossing PCIe from here
I0000 00:00:1790499339.791280 2153027 tf_record_dataset_op.cc:396] The default buffer size is 262144, which is overridden by the user specified `buffer_size` of 8388608
I0927 08:55:40.358717 2149813 cuda_dnn.cc:442] Loaded cuDNN version 92400
I0927 08:55:40.360732 2149810 cuda_dnn.cc:442] Loaded cuDNN version 92400
I0927 08:55:40.360865 2149816 cuda_dnn.cc:442] Loaded cuDNN version 92400
  imagenet shim: jax/.lake/build/generated_mobilenet_v4_imagenet_shim.py — train split, batch 512, 150528 floats/img (seed 1)
  imagenet shim: jax/.lake/build/generated_mobilenet_v4_imagenet_shim.py — train split, batch 512, 150528 floats/img (seed 2)
  imagenet shim: jax/.lake/build/generated_mobilenet_v4_imagenet_shim.py — train split, batch 512, 150528 floats/img (seed 3)
  imagenet shim: jax/.lake/build/generated_mobilenet_v4_imagenet_shim.py — train split, batch 512, 150528 floats/img (seed 4)
  imagenet shim: 4 sharded producers (round-robin over batches)
  ▸ SHIM PREFETCH: ON (depth 4 over 4 producer handle(s) — each step's read is issued before the previous step's invoke, one in flight PER HANDLE, so every producer drains during compute instead of blocking in write()). Measured 377 → 224 ms/step on R34/ImageNet 4×bs64 for depth 1. Batch buffers are allocated and freed on the main thread; the pool only fills them.
  step 0/2496: loss=2.274532
  step 1/2496: loss=2.272229
  step 2/2496: loss=1.925041
  step 100/2496: loss=2.089136
  step 200/2496: loss=2.170626
  step 300/2496: loss=1.838091
  step 400/2496: loss=2.192600
  step 500/2496: loss=1.911630
  step 600/2496: loss=1.664772
  step 700/2496: loss=2.127711
  step 800/2496: loss=1.747407
  step 900/2496: loss=2.042311
  step 1000/2496: loss=2.143323
  step 1100/2496: loss=2.157889
  step 1200/2496: loss=2.194156
  step 1300/2496: loss=1.948182
  step 1400/2496: loss=2.063396
  step 1500/2496: loss=2.260067
  step 1600/2496: loss=2.091158
  step 1700/2496: loss=1.880981
  step 1800/2496: loss=2.141691
  step 1900/2496: loss=2.271578
  step 2000/2496: loss=1.998428
  step 2100/2496: loss=2.057745
  step 2200/2496: loss=2.167403
  step 2300/2496: loss=2.118807
  step 2400/2496: loss=2.216366
WARNING: All log messages before absl::InitializeLog() is called are written to STDERR
I0000 00:00:1790500021.368469 2157455 port.cc:153] oneDNN custom operations are on. You may see slightly different numerical results due to floating-point round-off errors from different computation orders. To turn them off, set the environment variable `TF_ENABLE_ONEDNN_OPTS=0`.
I0000 00:00:1790500021.396057 2157455 cpu_feature_guard.cc:227] This TensorFlow binary is optimized to use available CPU instructions in performance-critical operations.
To enable the following instructions: AVX2 AVX512F AVX512_VNNI AVX512_BF16 AVX512_FP16 AVX_VNNI AMX_TILE AMX_INT8 AMX_BF16 FMA, in other operations, rebuild TensorFlow with the appropriate compiler flags.
WARNING: All log messages before absl::InitializeLog() is called are written to STDERR
I0000 00:00:1790500022.734984 2157455 port.cc:153] oneDNN custom operations are on. You may see slightly different numerical results due to floating-point round-off errors from different computation orders. To turn them off, set the environment variable `TF_ENABLE_ONEDNN_OPTS=0`.
I0000 00:00:1790500023.567674 2157566 tf_record_dataset_op.cc:396] The default buffer size is 262144, which is overridden by the user specified `buffer_size` of 8388608
WARNING: All log messages before absl::InitializeLog() is called are written to STDERR
I0000 00:00:1790500024.035698 2157643 port.cc:153] oneDNN custom operations are on. You may see slightly different numerical results due to floating-point round-off errors from different computation orders. To turn them off, set the environment variable `TF_ENABLE_ONEDNN_OPTS=0`.
I0000 00:00:1790500024.080577 2157643 cpu_feature_guard.cc:227] This TensorFlow binary is optimized to use available CPU instructions in performance-critical operations.
To enable the following instructions: AVX2 AVX512F AVX512_VNNI AVX512_BF16 AVX512_FP16 AVX_VNNI AMX_TILE AMX_INT8 AMX_BF16 FMA, in other operations, rebuild TensorFlow with the appropriate compiler flags.
WARNING: All log messages before absl::InitializeLog() is called are written to STDERR
I0000 00:00:1790500025.215609 2157643 port.cc:153] oneDNN custom operations are on. You may see slightly different numerical results due to floating-point round-off errors from different computation orders. To turn them off, set the environment variable `TF_ENABLE_ONEDNN_OPTS=0`.
I0000 00:00:1790500025.928698 2157743 tf_record_dataset_op.cc:396] The default buffer size is 262144, which is overridden by the user specified `buffer_size` of 8388608
[pjrt_ffi] RESIDENT: @mnv4in_fwd_eval holds 387 parameter tensors (37.3 MB) on 4 devices; they stop crossing PCIe from here
Epoch 85/100: loss=2.072399 lr=0.000241
  imagenet shim: jax/.lake/build/generated_mobilenet_v4_imagenet_shim.py — validation split, batch 256, 150528 floats/img (seed 0)
  imagenet shim: jax/.lake/build/generated_mobilenet_v4_imagenet_shim.py — validation split, batch 256, 150528 floats/img (seed 1)
  imagenet shim: 2 sharded producers (round-robin over batches)
  ▸ val: STREAMED per pass — 2 batch-block producer(s), 256-row blocks k, k+2, … read round-robin, nothing held (the 30 GB drain is gone; planning/streaming_val.md)
  ▸ val = all 50000 streamed (timm's denominator)
  epoch 85: test_acc = 38336/50000 = 76.672000%  top5 = 46543/50000 = 93.086000%  [95% CI 76.30–77.04]
    per-example top-1 bitmap -> runs/2026-09-26-mnv4-verified-bf16-100ep/bitmaps/mnv4_emaaccdp8x128wxdowd005bf16_e85.bin (50000 bytes)
    BN companion -> .lake/build/mnv4in_emaaccdp8x128wxdowd005bf16_ckpt_xla_e100.bin.bn (67904 floats x 2, hash 6380008368877644210)
  step 0/2496: loss=2.072136
  step 1/2496: loss=2.074183
  step 2/2496: loss=2.072663
  step 100/2496: loss=2.079412
  step 200/2496: loss=2.215930
  step 300/2496: loss=1.899648
  step 400/2496: loss=2.042397
  step 500/2496: loss=2.107408
  step 600/2496: loss=2.218237
  step 700/2496: loss=2.056603
  step 800/2496: loss=1.825089
  step 900/2496: loss=2.258008
  step 1000/2496: loss=2.105421
  step 1100/2496: loss=1.989540
  step 1200/2496: loss=2.227719
  step 1300/2496: loss=1.966094
  step 1400/2496: loss=2.068522
  step 1500/2496: loss=2.193274
  step 1600/2496: loss=2.009243
  step 1700/2496: loss=1.958598
  step 1800/2496: loss=1.793120
  step 1900/2496: loss=2.055618
  step 2000/2496: loss=1.859745
  step 2100/2496: loss=2.128974
  step 2200/2496: loss=1.993659
  step 2300/2496: loss=2.020476
  step 2400/2496: loss=1.949651
Epoch 86/100: loss=2.061376 lr=0.000211
  epoch 86: eval skipped (valEveryEpochs = 5; next scored epoch 90)
    BN companion -> .lake/build/mnv4in_emaaccdp8x128wxdowd005bf16_ckpt_xla_e100.bin.bn (67904 floats x 2, hash 11874219438505858687)
  step 0/2496: loss=2.149923
  step 1/2496: loss=2.033832
  step 2/2496: loss=1.824246
  step 100/2496: loss=1.987023
  step 200/2496: loss=2.039392
  step 300/2496: loss=2.226839
  step 400/2496: loss=2.113865
  step 500/2496: loss=1.928637
  step 600/2496: loss=2.148645
  step 700/2496: loss=2.295309
  step 800/2496: loss=1.925956
  step 900/2496: loss=1.847520
  step 1000/2496: loss=2.025850
  step 1100/2496: loss=1.971274
  step 1200/2496: loss=2.108207
  step 1300/2496: loss=2.224247
  step 1400/2496: loss=2.385070
  step 1500/2496: loss=2.045470
  step 1600/2496: loss=2.068667
  step 1700/2496: loss=2.006547
  step 1800/2496: loss=2.196690
  step 1900/2496: loss=2.002425
  step 2000/2496: loss=2.097559
  step 2100/2496: loss=1.973446
  step 2200/2496: loss=2.120045
  step 2300/2496: loss=2.182471
  step 2400/2496: loss=1.869410
Epoch 87/100: loss=2.053812 lr=0.000182
  epoch 87: eval skipped (valEveryEpochs = 5; next scored epoch 90)
    BN companion -> .lake/build/mnv4in_emaaccdp8x128wxdowd005bf16_ckpt_xla_e100.bin.bn (67904 floats x 2, hash 14044894727445540719)
  step 0/2496: loss=1.924082
  step 1/2496: loss=2.069516
  step 2/2496: loss=2.246096
  step 100/2496: loss=2.190756
  step 200/2496: loss=2.302510
  step 300/2496: loss=2.219024
  step 400/2496: loss=2.207280
  step 500/2496: loss=2.055551
  step 600/2496: loss=1.928421
  step 700/2496: loss=2.132489
  step 800/2496: loss=2.029240
  step 900/2496: loss=1.944211
  step 1000/2496: loss=1.842188
  step 1100/2496: loss=2.113168
  step 1200/2496: loss=2.177448
  step 1300/2496: loss=2.051027
  step 1400/2496: loss=1.965008
  step 1500/2496: loss=1.920271
  step 1600/2496: loss=1.944273
  step 1700/2496: loss=1.988390
  step 1800/2496: loss=2.044529
  step 1900/2496: loss=1.955990
  step 2000/2496: loss=2.138211
  step 2100/2496: loss=2.338835
  step 2200/2496: loss=1.953761
  step 2300/2496: loss=1.967107
  step 2400/2496: loss=2.414389
Epoch 88/100: loss=2.051527 lr=0.000155
  epoch 88: eval skipped (valEveryEpochs = 5; next scored epoch 90)
    BN companion -> .lake/build/mnv4in_emaaccdp8x128wxdowd005bf16_ckpt_xla_e100.bin.bn (67904 floats x 2, hash 3681343328360372520)
  step 0/2496: loss=2.148821
  step 1/2496: loss=1.930060
  step 2/2496: loss=2.157123
  step 100/2496: loss=1.983648
  step 200/2496: loss=2.259464
  step 300/2496: loss=2.046424
  step 400/2496: loss=2.001050
  step 500/2496: loss=2.151071
  step 600/2496: loss=2.108735
  step 700/2496: loss=2.007317
  step 800/2496: loss=2.027735
  step 900/2496: loss=2.129341
  step 1000/2496: loss=2.023178
  step 1100/2496: loss=1.994543
  step 1200/2496: loss=2.174891
  step 1300/2496: loss=2.155245
  step 1400/2496: loss=2.102264
  step 1500/2496: loss=2.209029
  step 1600/2496: loss=2.080536
  step 1700/2496: loss=1.911780
  step 1800/2496: loss=2.088500
  step 1900/2496: loss=1.918968
  step 2000/2496: loss=1.982602
  step 2100/2496: loss=2.126054
  step 2200/2496: loss=2.293593
  step 2300/2496: loss=1.919854
  step 2400/2496: loss=1.875200
Epoch 89/100: loss=2.042638 lr=0.000131
  epoch 89: eval skipped (valEveryEpochs = 5; next scored epoch 90)
    BN companion -> .lake/build/mnv4in_emaaccdp8x128wxdowd005bf16_ckpt_xla_e100.bin.bn (67904 floats x 2, hash 12229251999495634737)
  step 0/2496: loss=2.268954
  step 1/2496: loss=1.962838
  step 2/2496: loss=2.214351
  step 100/2496: loss=2.121277
  step 200/2496: loss=2.022219
  step 300/2496: loss=1.920590
  step 400/2496: loss=2.102014
  step 500/2496: loss=2.088074
  step 600/2496: loss=2.379050
  step 700/2496: loss=1.928401
  step 800/2496: loss=1.964481
  step 900/2496: loss=2.167015
  step 1000/2496: loss=2.182516
  step 1100/2496: loss=1.940310
  step 1200/2496: loss=2.054521
  step 1300/2496: loss=1.957135
  step 1400/2496: loss=2.241509
  step 1500/2496: loss=1.882957
  step 1600/2496: loss=2.205735
  step 1700/2496: loss=2.148718
  step 1800/2496: loss=2.252082
  step 1900/2496: loss=1.943980
  step 2000/2496: loss=1.852436
  step 2100/2496: loss=2.073324
  step 2200/2496: loss=1.886662
  step 2300/2496: loss=1.881541
  step 2400/2496: loss=2.014486
WARNING: All log messages before absl::InitializeLog() is called are written to STDERR
I0000 00:00:1790503348.985582 2172931 port.cc:153] oneDNN custom operations are on. You may see slightly different numerical results due to floating-point round-off errors from different computation orders. To turn them off, set the environment variable `TF_ENABLE_ONEDNN_OPTS=0`.
I0000 00:00:1790503349.014445 2172931 cpu_feature_guard.cc:227] This TensorFlow binary is optimized to use available CPU instructions in performance-critical operations.
To enable the following instructions: AVX2 AVX512F AVX512_VNNI AVX512_BF16 AVX512_FP16 AVX_VNNI AMX_TILE AMX_INT8 AMX_BF16 FMA, in other operations, rebuild TensorFlow with the appropriate compiler flags.
WARNING: All log messages before absl::InitializeLog() is called are written to STDERR
I0000 00:00:1790503350.446955 2172931 port.cc:153] oneDNN custom operations are on. You may see slightly different numerical results due to floating-point round-off errors from different computation orders. To turn them off, set the environment variable `TF_ENABLE_ONEDNN_OPTS=0`.
I0000 00:00:1790503351.328013 2173049 tf_record_dataset_op.cc:396] The default buffer size is 262144, which is overridden by the user specified `buffer_size` of 8388608
WARNING: All log messages before absl::InitializeLog() is called are written to STDERR
I0000 00:00:1790503353.980266 2173054 port.cc:153] oneDNN custom operations are on. You may see slightly different numerical results due to floating-point round-off errors from different computation orders. To turn them off, set the environment variable `TF_ENABLE_ONEDNN_OPTS=0`.
I0000 00:00:1790503354.045789 2173054 cpu_feature_guard.cc:227] This TensorFlow binary is optimized to use available CPU instructions in performance-critical operations.
To enable the following instructions: AVX2 AVX512F AVX512_VNNI AVX512_BF16 AVX512_FP16 AVX_VNNI AMX_TILE AMX_INT8 AMX_BF16 FMA, in other operations, rebuild TensorFlow with the appropriate compiler flags.
WARNING: All log messages before absl::InitializeLog() is called are written to STDERR
I0000 00:00:1790503355.524683 2173054 port.cc:153] oneDNN custom operations are on. You may see slightly different numerical results due to floating-point round-off errors from different computation orders. To turn them off, set the environment variable `TF_ENABLE_ONEDNN_OPTS=0`.
I0000 00:00:1790503356.381723 2173237 tf_record_dataset_op.cc:396] The default buffer size is 262144, which is overridden by the user specified `buffer_size` of 8388608
[pjrt_ffi] RESIDENT: @mnv4in_fwd_eval holds 387 parameter tensors (37.3 MB) on 4 devices; they stop crossing PCIe from here
Epoch 90/100: loss=2.038239 lr=0.000108
  imagenet shim: jax/.lake/build/generated_mobilenet_v4_imagenet_shim.py — validation split, batch 256, 150528 floats/img (seed 0)
  imagenet shim: jax/.lake/build/generated_mobilenet_v4_imagenet_shim.py — validation split, batch 256, 150528 floats/img (seed 1)
  imagenet shim: 2 sharded producers (round-robin over batches)
  ▸ val: STREAMED per pass — 2 batch-block producer(s), 256-row blocks k, k+2, … read round-robin, nothing held (the 30 GB drain is gone; planning/streaming_val.md)
  ▸ val = all 50000 streamed (timm's denominator)
  epoch 90: test_acc = 38345/50000 = 76.690000%  top5 = 46568/50000 = 93.136000%  [95% CI 76.32–77.06]
    per-example top-1 bitmap -> runs/2026-09-26-mnv4-verified-bf16-100ep/bitmaps/mnv4_emaaccdp8x128wxdowd005bf16_e90.bin (50000 bytes)
    BN companion -> .lake/build/mnv4in_emaaccdp8x128wxdowd005bf16_ckpt_xla_e100.bin.bn (67904 floats x 2, hash 10388140760569675095)
  step 0/2496: loss=1.851102
  step 1/2496: loss=1.967218
  step 2/2496: loss=2.147295
  step 100/2496: loss=2.042203
  step 200/2496: loss=1.811040
  step 300/2496: loss=2.055888
  step 400/2496: loss=2.073712
  step 500/2496: loss=1.970803
  step 600/2496: loss=2.157171
  step 700/2496: loss=2.164676
  step 800/2496: loss=2.071961
  step 900/2496: loss=1.990835
  step 1000/2496: loss=2.158437
  step 1100/2496: loss=1.952323
  step 1200/2496: loss=2.075139
  step 1300/2496: loss=1.993809
  step 1400/2496: loss=2.136748
  step 1500/2496: loss=1.953502
  step 1600/2496: loss=2.087495
  step 1700/2496: loss=2.063103
  step 1800/2496: loss=1.833480
  step 1900/2496: loss=2.101259
  step 2000/2496: loss=1.961916
  step 2100/2496: loss=1.843524
  step 2200/2496: loss=2.023259
  step 2300/2496: loss=1.783751
  step 2400/2496: loss=2.024794
Epoch 91/100: loss=2.028807 lr=0.000088
  epoch 91: eval skipped (valEveryEpochs = 5; next scored epoch 95)
    BN companion -> .lake/build/mnv4in_emaaccdp8x128wxdowd005bf16_ckpt_xla_e100.bin.bn (67904 floats x 2, hash 18119556836842306866)
  step 0/2496: loss=2.174870
  step 1/2496: loss=2.141020
  step 2/2496: loss=2.070418
  step 100/2496: loss=2.114829
  step 200/2496: loss=1.667209
  step 300/2496: loss=1.609010
  step 400/2496: loss=2.289967
  step 500/2496: loss=2.039125
  step 600/2496: loss=1.755252
  step 700/2496: loss=2.244077
  step 800/2496: loss=2.076446
  step 900/2496: loss=1.914608
  step 1000/2496: loss=1.898998
  step 1100/2496: loss=2.118743
  step 1200/2496: loss=2.115709
  step 1300/2496: loss=1.950091
  step 1400/2496: loss=2.291557
  step 1500/2496: loss=2.094984
  step 1600/2496: loss=1.828662
  step 1700/2496: loss=2.090341
  step 1800/2496: loss=2.056543
  step 1900/2496: loss=2.054656
  step 2000/2496: loss=2.010000
  step 2100/2496: loss=1.822191
  step 2200/2496: loss=2.137133
  step 2300/2496: loss=1.871525
  step 2400/2496: loss=2.041231
Epoch 92/100: loss=2.030860 lr=0.000070
  epoch 92: eval skipped (valEveryEpochs = 5; next scored epoch 95)
    BN companion -> .lake/build/mnv4in_emaaccdp8x128wxdowd005bf16_ckpt_xla_e100.bin.bn (67904 floats x 2, hash 12403052693599677202)
  step 0/2496: loss=1.972748
  step 1/2496: loss=1.919332
  step 2/2496: loss=1.961325
  step 100/2496: loss=2.028336
  step 200/2496: loss=1.918680
  step 300/2496: loss=2.109062
  step 400/2496: loss=2.091888
  step 500/2496: loss=2.258876
  step 600/2496: loss=1.988462
  step 700/2496: loss=2.216599
  step 800/2496: loss=2.097620
  step 900/2496: loss=2.229430
  step 1000/2496: loss=2.079700
  step 1100/2496: loss=2.095860
  step 1200/2496: loss=2.165184
  step 1300/2496: loss=2.001265
  step 1400/2496: loss=2.252015
  step 1500/2496: loss=1.968072
  step 1600/2496: loss=1.863627
  step 1700/2496: loss=2.096172
  step 1800/2496: loss=2.024198
  step 1900/2496: loss=2.178868
  step 2000/2496: loss=2.069419
  step 2100/2496: loss=1.898175
  step 2200/2496: loss=2.217048
  step 2300/2496: loss=1.944662
  step 2400/2496: loss=2.199722
Epoch 93/100: loss=2.033656 lr=0.000053
  epoch 93: eval skipped (valEveryEpochs = 5; next scored epoch 95)
    BN companion -> .lake/build/mnv4in_emaaccdp8x128wxdowd005bf16_ckpt_xla_e100.bin.bn (67904 floats x 2, hash 9402308578549385050)
  step 0/2496: loss=2.048331
  step 1/2496: loss=2.039782
  step 2/2496: loss=2.086197
  step 100/2496: loss=2.060559
  step 200/2496: loss=1.872329
  step 300/2496: loss=2.040902
  step 400/2496: loss=1.943847
  step 500/2496: loss=1.816161
  step 600/2496: loss=2.164004
  step 700/2496: loss=2.053757
  step 800/2496: loss=2.089828
  step 900/2496: loss=1.882879
  step 1000/2496: loss=1.738637
  step 1100/2496: loss=2.051894
  step 1200/2496: loss=2.127033
  step 1300/2496: loss=2.058959
  step 1400/2496: loss=1.933890
  step 1500/2496: loss=1.980819
  step 1600/2496: loss=2.193455
  step 1700/2496: loss=2.048841
  step 1800/2496: loss=2.086125
  step 1900/2496: loss=2.127597
  step 2000/2496: loss=2.185792
  step 2100/2496: loss=1.858913
  step 2200/2496: loss=2.065420
  step 2300/2496: loss=2.252000
  step 2400/2496: loss=2.254577
Epoch 94/100: loss=2.022004 lr=0.000039
  epoch 94: eval skipped (valEveryEpochs = 5; next scored epoch 95)
    BN companion -> .lake/build/mnv4in_emaaccdp8x128wxdowd005bf16_ckpt_xla_e100.bin.bn (67904 floats x 2, hash 6671219078624586819)
  step 0/2496: loss=1.925690
  step 1/2496: loss=2.161462
  step 2/2496: loss=1.924274
  step 100/2496: loss=1.875286
  step 200/2496: loss=1.781162
  step 300/2496: loss=1.800385
  step 400/2496: loss=1.780865
  step 500/2496: loss=2.047973
  step 600/2496: loss=2.080172
  step 700/2496: loss=2.065620
  step 800/2496: loss=2.124418
  step 900/2496: loss=2.193431
  step 1000/2496: loss=2.147978
  step 1100/2496: loss=1.896144
  step 1200/2496: loss=2.137788
  step 1300/2496: loss=1.956201
  step 1400/2496: loss=1.986347
  step 1500/2496: loss=2.056595
  step 1600/2496: loss=1.916378
  step 1700/2496: loss=2.150311
  step 1800/2496: loss=1.968631
  step 1900/2496: loss=2.158520
  step 2000/2496: loss=2.153286
  step 2100/2496: loss=2.000700
  step 2200/2496: loss=1.993210
  step 2300/2496: loss=2.013925
  step 2400/2496: loss=1.821769
WARNING: All log messages before absl::InitializeLog() is called are written to STDERR
I0000 00:00:1790506653.736950 2187849 port.cc:153] oneDNN custom operations are on. You may see slightly different numerical results due to floating-point round-off errors from different computation orders. To turn them off, set the environment variable `TF_ENABLE_ONEDNN_OPTS=0`.
I0000 00:00:1790506654.154610 2187849 cpu_feature_guard.cc:227] This TensorFlow binary is optimized to use available CPU instructions in performance-critical operations.
To enable the following instructions: AVX2 AVX512F AVX512_VNNI AVX512_BF16 AVX512_FP16 AVX_VNNI AMX_TILE AMX_INT8 AMX_BF16 FMA, in other operations, rebuild TensorFlow with the appropriate compiler flags.
WARNING: All log messages before absl::InitializeLog() is called are written to STDERR
I0000 00:00:1790506656.427462 2187849 port.cc:153] oneDNN custom operations are on. You may see slightly different numerical results due to floating-point round-off errors from different computation orders. To turn them off, set the environment variable `TF_ENABLE_ONEDNN_OPTS=0`.
I0000 00:00:1790506657.657493 2187953 tf_record_dataset_op.cc:396] The default buffer size is 262144, which is overridden by the user specified `buffer_size` of 8388608
WARNING: All log messages before absl::InitializeLog() is called are written to STDERR
I0000 00:00:1790506658.633086 2187960 port.cc:153] oneDNN custom operations are on. You may see slightly different numerical results due to floating-point round-off errors from different computation orders. To turn them off, set the environment variable `TF_ENABLE_ONEDNN_OPTS=0`.
I0000 00:00:1790506658.695837 2187960 cpu_feature_guard.cc:227] This TensorFlow binary is optimized to use available CPU instructions in performance-critical operations.
To enable the following instructions: AVX2 AVX512F AVX512_VNNI AVX512_BF16 AVX512_FP16 AVX_VNNI AMX_TILE AMX_INT8 AMX_BF16 FMA, in other operations, rebuild TensorFlow with the appropriate compiler flags.
WARNING: All log messages before absl::InitializeLog() is called are written to STDERR
I0000 00:00:1790506660.147452 2187960 port.cc:153] oneDNN custom operations are on. You may see slightly different numerical results due to floating-point round-off errors from different computation orders. To turn them off, set the environment variable `TF_ENABLE_ONEDNN_OPTS=0`.
I0000 00:00:1790506661.066371 2188158 tf_record_dataset_op.cc:396] The default buffer size is 262144, which is overridden by the user specified `buffer_size` of 8388608
[pjrt_ffi] RESIDENT: @mnv4in_fwd_eval holds 387 parameter tensors (37.3 MB) on 4 devices; they stop crossing PCIe from here
Epoch 95/100: loss=2.020524 lr=0.000027
  imagenet shim: jax/.lake/build/generated_mobilenet_v4_imagenet_shim.py — validation split, batch 256, 150528 floats/img (seed 0)
  imagenet shim: jax/.lake/build/generated_mobilenet_v4_imagenet_shim.py — validation split, batch 256, 150528 floats/img (seed 1)
  imagenet shim: 2 sharded producers (round-robin over batches)
  ▸ val: STREAMED per pass — 2 batch-block producer(s), 256-row blocks k, k+2, … read round-robin, nothing held (the 30 GB drain is gone; planning/streaming_val.md)
  ▸ val = all 50000 streamed (timm's denominator)
  epoch 95: test_acc = 38323/50000 = 76.646000%  top5 = 46556/50000 = 93.112000%  [95% CI 76.27–77.01]
    per-example top-1 bitmap -> runs/2026-09-26-mnv4-verified-bf16-100ep/bitmaps/mnv4_emaaccdp8x128wxdowd005bf16_e95.bin (50000 bytes)
    BN companion -> .lake/build/mnv4in_emaaccdp8x128wxdowd005bf16_ckpt_xla_e100.bin.bn (67904 floats x 2, hash 7449027219985106569)
  step 0/2496: loss=1.731464
  step 1/2496: loss=1.718906
  step 2/2496: loss=2.075972
  step 100/2496: loss=2.093443
  step 200/2496: loss=1.871925
  step 300/2496: loss=2.127378
  step 400/2496: loss=1.978961
  step 500/2496: loss=2.049427
  step 600/2496: loss=1.835865
  step 700/2496: loss=2.043250
  step 800/2496: loss=2.046320
  step 900/2496: loss=2.116443
  step 1000/2496: loss=1.790274
  step 1100/2496: loss=2.354674
  step 1200/2496: loss=2.083022
  step 1300/2496: loss=1.868197
  step 1400/2496: loss=2.047333
  step 1500/2496: loss=2.070870
  step 1600/2496: loss=2.053572
  step 1700/2496: loss=1.908998
  step 1800/2496: loss=1.747468
  step 1900/2496: loss=2.005187
  step 2000/2496: loss=1.982317
  step 2100/2496: loss=2.039076
  step 2200/2496: loss=1.855615
  step 2300/2496: loss=1.953018
  step 2400/2496: loss=2.268218
Epoch 96/100: loss=2.021295 lr=0.000017
  epoch 96: eval skipped (valEveryEpochs = 5; next scored epoch 100)
    BN companion -> .lake/build/mnv4in_emaaccdp8x128wxdowd005bf16_ckpt_xla_e100.bin.bn (67904 floats x 2, hash 17252141175641654786)
  step 0/2496: loss=2.187213
  step 1/2496: loss=1.993192
  step 2/2496: loss=1.862945
  step 100/2496: loss=1.835873
  step 200/2496: loss=2.141806
  step 300/2496: loss=2.027744
  step 400/2496: loss=2.259065
  step 500/2496: loss=1.929988
  step 600/2496: loss=1.906224
  step 700/2496: loss=1.916200
  step 800/2496: loss=1.965814
  step 900/2496: loss=2.266294
  step 1000/2496: loss=2.036516
  step 1100/2496: loss=1.857814
  step 1200/2496: loss=2.244282
  step 1300/2496: loss=1.950752
  step 1400/2496: loss=1.834801
  step 1500/2496: loss=1.803843
  step 1600/2496: loss=1.843753
  step 1700/2496: loss=1.836100
  step 1800/2496: loss=1.783409
  step 1900/2496: loss=1.861027
  step 2000/2496: loss=1.839126
  step 2100/2496: loss=1.839695
  step 2200/2496: loss=2.243177
  step 2300/2496: loss=1.847903
  step 2400/2496: loss=2.019031
Epoch 97/100: loss=2.015764 lr=0.000010
  epoch 97: eval skipped (valEveryEpochs = 5; next scored epoch 100)
    BN companion -> .lake/build/mnv4in_emaaccdp8x128wxdowd005bf16_ckpt_xla_e100.bin.bn (67904 floats x 2, hash 11045106979335752035)
  step 0/2496: loss=2.005790
  step 1/2496: loss=2.000759
  step 2/2496: loss=2.131488
  step 100/2496: loss=2.172693
  step 200/2496: loss=2.107554
  step 300/2496: loss=1.904584
  step 400/2496: loss=1.922153
  step 500/2496: loss=2.269246
  step 600/2496: loss=1.891741
  step 700/2496: loss=1.776621
  step 800/2496: loss=2.145774
  step 900/2496: loss=2.226260
  step 1000/2496: loss=1.745288
  step 1100/2496: loss=1.989857
  step 1200/2496: loss=1.807495
  step 1300/2496: loss=2.023021
  step 1400/2496: loss=2.135917
  step 1500/2496: loss=1.895295
  step 1600/2496: loss=2.050822
  step 1700/2496: loss=1.997391
  step 1800/2496: loss=1.992142
  step 1900/2496: loss=2.058858
  step 2000/2496: loss=2.025523
  step 2100/2496: loss=2.106811
  step 2200/2496: loss=1.814822
  step 2300/2496: loss=1.929543
  step 2400/2496: loss=2.036381
Epoch 98/100: loss=2.020244 lr=0.000004
  epoch 98: eval skipped (valEveryEpochs = 5; next scored epoch 100)
    BN companion -> .lake/build/mnv4in_emaaccdp8x128wxdowd005bf16_ckpt_xla_e100.bin.bn (67904 floats x 2, hash 5138111790022049639)
  step 0/2496: loss=1.870291
  step 1/2496: loss=2.142740
  step 2/2496: loss=1.913438
  step 100/2496: loss=2.187355
  step 200/2496: loss=1.945690
  step 300/2496: loss=1.955391
  step 400/2496: loss=2.034643
  step 500/2496: loss=2.029288
  step 600/2496: loss=1.854665
  step 700/2496: loss=2.008680
  step 800/2496: loss=2.195045
  step 900/2496: loss=1.872514
  step 1000/2496: loss=2.109212
  step 1100/2496: loss=2.016831
  step 1200/2496: loss=1.984102
  step 1300/2496: loss=2.007335
  step 1400/2496: loss=2.081955
  step 1500/2496: loss=1.997481
  step 1600/2496: loss=1.837521
  step 1700/2496: loss=1.898643
  step 1800/2496: loss=2.089792
  step 1900/2496: loss=1.971052
  step 2000/2496: loss=2.116028
  step 2100/2496: loss=1.879389
  step 2200/2496: loss=2.132944
  step 2300/2496: loss=2.170166
  step 2400/2496: loss=2.008859
Epoch 99/100: loss=2.020537 lr=0.000001
  epoch 99: eval skipped (valEveryEpochs = 5; next scored epoch 100)
    BN companion -> .lake/build/mnv4in_emaaccdp8x128wxdowd005bf16_ckpt_xla_e100.bin.bn (67904 floats x 2, hash 16420681259364486061)
  step 0/2496: loss=1.908613
  step 1/2496: loss=2.303848
  step 2/2496: loss=1.858609
  step 100/2496: loss=2.011366
  step 200/2496: loss=2.155913
  step 300/2496: loss=2.165290
  step 400/2496: loss=1.822864
  step 500/2496: loss=2.104430
  step 600/2496: loss=2.020263
  step 700/2496: loss=2.204887
  step 800/2496: loss=1.858852
  step 900/2496: loss=1.820047
  step 1000/2496: loss=2.180662
  step 1100/2496: loss=2.129544
  step 1200/2496: loss=2.007836
  step 1300/2496: loss=1.978681
  step 1400/2496: loss=2.031764
  step 1500/2496: loss=1.969311
  step 1600/2496: loss=2.001858
  step 1700/2496: loss=1.978353
  step 1800/2496: loss=2.178743
  step 1900/2496: loss=1.864867
  step 2000/2496: loss=1.842386
  step 2100/2496: loss=2.279322
  step 2200/2496: loss=2.161081
  step 2300/2496: loss=2.098334
  step 2400/2496: loss=1.903454
WARNING: All log messages before absl::InitializeLog() is called are written to STDERR
I0000 00:00:1790509965.473002 2202824 port.cc:153] oneDNN custom operations are on. You may see slightly different numerical results due to floating-point round-off errors from different computation orders. To turn them off, set the environment variable `TF_ENABLE_ONEDNN_OPTS=0`.
I0000 00:00:1790509965.585717 2202824 cpu_feature_guard.cc:227] This TensorFlow binary is optimized to use available CPU instructions in performance-critical operations.
To enable the following instructions: AVX2 AVX512F AVX512_VNNI AVX512_BF16 AVX512_FP16 AVX_VNNI AMX_TILE AMX_INT8 AMX_BF16 FMA, in other operations, rebuild TensorFlow with the appropriate compiler flags.
WARNING: All log messages before absl::InitializeLog() is called are written to STDERR
I0000 00:00:1790509967.186846 2202824 port.cc:153] oneDNN custom operations are on. You may see slightly different numerical results due to floating-point round-off errors from different computation orders. To turn them off, set the environment variable `TF_ENABLE_ONEDNN_OPTS=0`.
I0000 00:00:1790509968.142063 2202928 tf_record_dataset_op.cc:396] The default buffer size is 262144, which is overridden by the user specified `buffer_size` of 8388608
WARNING: All log messages before absl::InitializeLog() is called are written to STDERR
I0000 00:00:1790509970.166252 2202934 port.cc:153] oneDNN custom operations are on. You may see slightly different numerical results due to floating-point round-off errors from different computation orders. To turn them off, set the environment variable `TF_ENABLE_ONEDNN_OPTS=0`.
I0000 00:00:1790509972.084327 2202934 cpu_feature_guard.cc:227] This TensorFlow binary is optimized to use available CPU instructions in performance-critical operations.
To enable the following instructions: AVX2 AVX512F AVX512_VNNI AVX512_BF16 AVX512_FP16 AVX_VNNI AMX_TILE AMX_INT8 AMX_BF16 FMA, in other operations, rebuild TensorFlow with the appropriate compiler flags.
WARNING: All log messages before absl::InitializeLog() is called are written to STDERR
I0000 00:00:1790509988.255392 2202934 port.cc:153] oneDNN custom operations are on. You may see slightly different numerical results due to floating-point round-off errors from different computation orders. To turn them off, set the environment variable `TF_ENABLE_ONEDNN_OPTS=0`.
I0000 00:00:1790509989.183895 2203172 tf_record_dataset_op.cc:396] The default buffer size is 262144, which is overridden by the user specified `buffer_size` of 8388608
[pjrt_ffi] RESIDENT: @mnv4in_fwd_eval holds 387 parameter tensors (37.3 MB) on 4 devices; they stop crossing PCIe from here
Epoch 100/100: loss=2.018229 lr=0.000000
  imagenet shim: jax/.lake/build/generated_mobilenet_v4_imagenet_shim.py — validation split, batch 256, 150528 floats/img (seed 0)
  imagenet shim: jax/.lake/build/generated_mobilenet_v4_imagenet_shim.py — validation split, batch 256, 150528 floats/img (seed 1)
  imagenet shim: 2 sharded producers (round-robin over batches)
  ▸ val: STREAMED per pass — 2 batch-block producer(s), 256-row blocks k, k+2, … read round-robin, nothing held (the 30 GB drain is gone; planning/streaming_val.md)
  ▸ val = all 50000 streamed (timm's denominator)
  epoch 100: test_acc = 38339/50000 = 76.678000%  top5 = 46572/50000 = 93.144000%  [95% CI 76.31–77.05]
    per-example top-1 bitmap -> runs/2026-09-26-mnv4-verified-bf16-100ep/bitmaps/mnv4_emaaccdp8x128wxdowd005bf16_e100.bin (50000 bytes)
    BN companion -> .lake/build/mnv4in_emaaccdp8x128wxdowd005bf16_ckpt_xla_e100.bin.bn (67904 floats x 2, hash 9676748872006086753)
done (trained MobileNetV4-Conv-M (ImageNet-1k) emaaccdp8x128wxdowd005bf16 + cosine/warmup via packed threading).
