2026-09-23 17:00:11 [pjrt_ffi] RESIDENT: @resnet50in160_lambaccdp4x128wxclipbcebf16_train_step holds 644 parameter tensors (390.0 MB) on 4 devices; they stop crossing PCIe from here
2026-09-23 17:00:13   step 0/2500: loss=0.832714
2026-09-23 17:00:13   step 1/2500: loss=0.844598
2026-09-23 17:00:14   step 2/2500: loss=0.819520
2026-09-23 17:00:43   step 100/2500: loss=0.807020
2026-09-23 17:01:12   step 200/2500: loss=0.723157
2026-09-23 17:01:42   step 300/2500: loss=0.612924
2026-09-23 17:02:11   step 400/2500: loss=0.476665
2026-09-23 17:02:41   step 500/2500: loss=0.318694
2026-09-23 17:03:11   step 600/2500: loss=0.165856
2026-09-23 17:03:40   step 700/2500: loss=0.062120
2026-09-23 17:04:10   step 800/2500: loss=0.020124
2026-09-23 17:04:39   step 900/2500: loss=0.009364
2026-09-23 17:05:09   step 1000/2500: loss=0.007924
2026-09-23 17:05:39   step 1100/2500: loss=0.007967
2026-09-23 17:06:08   step 1200/2500: loss=0.007898
2026-09-23 17:06:38   step 1300/2500: loss=0.007846
2026-09-23 17:07:08   step 1400/2500: loss=0.007903
2026-09-23 17:07:38   step 1500/2500: loss=0.007894
2026-09-23 17:08:07   step 1600/2500: loss=0.007844
2026-09-23 17:08:37   step 1700/2500: loss=0.007721
2026-09-23 17:09:07   step 1800/2500: loss=0.007844
2026-09-23 17:09:36   step 1900/2500: loss=0.007687
2026-09-23 17:10:06   step 2000/2500: loss=0.007607
2026-09-23 17:10:37   step 2100/2500: loss=0.007318
2026-09-23 17:11:07   step 2200/2500: loss=0.007787
2026-09-23 17:11:37   step 2300/2500: loss=0.007713
2026-09-23 17:12:06   step 2400/2500: loss=0.007693
2026-09-23 17:12:45 [pjrt_ffi] RESIDENT: @resnet50in160_fwd_eval holds 267 parameter tensors (97.7 MB) on 4 devices; they stop crossing PCIe from here
2026-09-23 17:13:22 Epoch 1/100: loss=0.148945 lr=0.001600
2026-09-23 17:13:22   epoch 1: test_acc = 1462/50000 = 2.924000%  top5 = 4640/50000 = 9.280000%  [95% CI 2.78–3.08]
2026-09-23 17:13:22   step 0/2500: loss=0.007377
2026-09-23 17:13:23   step 1/2500: loss=0.007307
2026-09-23 17:13:23   step 2/2500: loss=0.007142
2026-09-23 17:13:52   step 100/2500: loss=0.007688
2026-09-23 17:14:22   step 200/2500: loss=0.007536
2026-09-23 17:14:51   step 300/2500: loss=0.006997
2026-09-23 17:15:21   step 400/2500: loss=0.006977
2026-09-23 17:15:50   step 500/2500: loss=0.006951
2026-09-23 17:16:20   step 600/2500: loss=0.007451
2026-09-23 17:16:49   step 700/2500: loss=0.006958
2026-09-23 17:17:19   step 800/2500: loss=0.007044
2026-09-23 17:17:49   step 900/2500: loss=0.007453
2026-09-23 17:18:18   step 1000/2500: loss=0.007167
2026-09-23 17:18:48   step 1100/2500: loss=0.006832
2026-09-23 17:19:18   step 1200/2500: loss=0.006789
2026-09-23 17:19:47   step 1300/2500: loss=0.007422
2026-09-23 17:20:17   step 1400/2500: loss=0.007512
2026-09-23 17:20:47   step 1500/2500: loss=0.006689
2026-09-23 17:21:17   step 1600/2500: loss=0.007593
2026-09-23 17:21:46   step 1700/2500: loss=0.007102
2026-09-23 17:22:16   step 1800/2500: loss=0.007097
2026-09-23 17:22:46   step 1900/2500: loss=0.007342
2026-09-23 17:23:16   step 2000/2500: loss=0.006713
2026-09-23 17:23:45   step 2100/2500: loss=0.007346
2026-09-23 17:24:15   step 2200/2500: loss=0.007390
2026-09-23 17:24:44   step 2300/2500: loss=0.007378
2026-09-23 17:25:13   step 2400/2500: loss=0.006340
2026-09-23 17:25:52 [pjrt_ffi] RESIDENT: @resnet50in160_fwd_eval holds 267 parameter tensors (97.7 MB) on 4 devices; they stop crossing PCIe from here
2026-09-23 17:26:45 Epoch 2/100: loss=0.007058 lr=0.003200
2026-09-23 17:26:45   epoch 2: test_acc = 5013/50000 = 10.026000%  top5 = 12789/50000 = 25.578000%  [95% CI 9.77–10.29]
2026-09-23 17:26:46   step 0/2500: loss=0.007128
2026-09-23 17:26:46   step 1/2500: loss=0.007150
2026-09-23 17:26:46   step 2/2500: loss=0.007357
2026-09-23 17:27:15   step 100/2500: loss=0.007162
2026-09-23 17:27:45   step 200/2500: loss=0.006367
2026-09-23 17:28:14   step 300/2500: loss=0.006254
2026-09-23 17:28:44   step 400/2500: loss=0.007116
2026-09-23 17:29:14   step 500/2500: loss=0.006998
2026-09-23 17:29:43   step 600/2500: loss=0.005905
2026-09-23 17:30:13   step 700/2500: loss=0.006049
2026-09-23 17:30:42   step 800/2500: loss=0.007005
2026-09-23 17:31:12   step 900/2500: loss=0.006585
2026-09-23 17:31:41   step 1000/2500: loss=0.006013
2026-09-23 17:32:11   step 1100/2500: loss=0.006104
2026-09-23 17:32:40   step 1200/2500: loss=0.006280
2026-09-23 17:33:10   step 1300/2500: loss=0.007168
2026-09-23 17:33:39   step 1400/2500: loss=0.006062
2026-09-23 17:34:09   step 1500/2500: loss=0.005903
2026-09-23 17:34:38   step 1600/2500: loss=0.007050
2026-09-23 17:35:08   step 1700/2500: loss=0.006301
2026-09-23 17:35:38   step 1800/2500: loss=0.005731
2026-09-23 17:36:08   step 1900/2500: loss=0.005926
2026-09-23 17:36:37   step 2000/2500: loss=0.007069
2026-09-23 17:37:07   step 2100/2500: loss=0.007231
2026-09-23 17:37:36   step 2200/2500: loss=0.005870
2026-09-23 17:38:06   step 2300/2500: loss=0.005567
2026-09-23 17:38:35   step 2400/2500: loss=0.006637
2026-09-23 17:39:15 [pjrt_ffi] RESIDENT: @resnet50in160_fwd_eval holds 267 parameter tensors (97.7 MB) on 4 devices; they stop crossing PCIe from here
2026-09-23 17:39:53 Epoch 3/100: loss=0.006484 lr=0.004800
2026-09-23 17:39:53   epoch 3: test_acc = 6329/50000 = 12.658000%  top5 = 15195/50000 = 30.390000%  [95% CI 12.37–12.95]
2026-09-23 17:39:54   step 0/2500: loss=0.005984
2026-09-23 17:39:54   step 1/2500: loss=0.006394
2026-09-23 17:39:54   step 2/2500: loss=0.005996
2026-09-23 17:40:23   step 100/2500: loss=0.006083
2026-09-23 17:40:53   step 200/2500: loss=0.006998
2026-09-23 17:41:23   step 300/2500: loss=0.007028
2026-09-23 17:41:52   step 400/2500: loss=0.006014
2026-09-23 17:42:22   step 500/2500: loss=0.005687
2026-09-23 17:42:52   step 600/2500: loss=0.005410
2026-09-23 17:43:21   step 700/2500: loss=0.005703
2026-09-23 17:43:51   step 800/2500: loss=0.007149
2026-09-23 17:44:21   step 900/2500: loss=0.004977
2026-09-23 17:44:51   step 1000/2500: loss=0.005487
2026-09-23 17:45:20   step 1100/2500: loss=0.006767
2026-09-23 17:45:50   step 1200/2500: loss=0.006826
2026-09-23 17:46:19   step 1300/2500: loss=0.005542
2026-09-23 17:46:50   step 1400/2500: loss=0.005386
2026-09-23 17:47:19   step 1500/2500: loss=0.006663
2026-09-23 17:47:49   step 1600/2500: loss=0.005639
2026-09-23 17:48:48   step 1700/2500: loss=0.005264
2026-09-23 17:49:18   step 1800/2500: loss=0.005211
2026-09-23 17:49:47   step 1900/2500: loss=0.005895
2026-09-23 17:50:17   step 2000/2500: loss=0.006889
2026-09-23 17:50:46   step 2100/2500: loss=0.006892
2026-09-23 17:51:16   step 2200/2500: loss=0.005005
2026-09-23 17:51:45   step 2300/2500: loss=0.006696
2026-09-23 17:52:14   step 2400/2500: loss=0.006426
2026-09-23 17:52:51 [pjrt_ffi] RESIDENT: @resnet50in160_fwd_eval holds 267 parameter tensors (97.7 MB) on 4 devices; they stop crossing PCIe from here
2026-09-23 17:53:24 Epoch 4/100: loss=0.006075 lr=0.006400
2026-09-23 17:53:24   epoch 4: test_acc = 11383/50000 = 22.766000%  top5 = 22962/50000 = 45.924000%  [95% CI 22.40–23.14]
2026-09-23 17:53:25   step 0/2500: loss=0.005093
2026-09-23 17:53:25   step 1/2500: loss=0.005749
2026-09-23 17:53:25   step 2/2500: loss=0.007138
2026-09-23 17:53:54   step 100/2500: loss=0.004996
2026-09-23 17:54:24   step 200/2500: loss=0.006808
2026-09-23 17:54:54   step 300/2500: loss=0.006745
2026-09-23 17:55:23   step 400/2500: loss=0.005343
2026-09-23 17:55:53   step 500/2500: loss=0.005039
2026-09-23 17:56:22   step 600/2500: loss=0.006769
2026-09-23 17:56:52   step 700/2500: loss=0.006808
2026-09-23 17:57:21   step 800/2500: loss=0.005217
2026-09-23 17:57:51   step 900/2500: loss=0.005222
2026-09-23 17:58:20   step 1000/2500: loss=0.006252
2026-09-23 17:58:50   step 1100/2500: loss=0.006639
2026-09-23 17:59:19   step 1200/2500: loss=0.004836
2026-09-23 17:59:49   step 1300/2500: loss=0.005210
2026-09-23 18:00:21   step 1400/2500: loss=0.005977
2026-09-23 18:00:50   step 1500/2500: loss=0.006194
2026-09-23 18:01:20   step 1600/2500: loss=0.005276
2026-09-23 18:01:49   step 1700/2500: loss=0.005269
2026-09-23 18:02:19   step 1800/2500: loss=0.005352
2026-09-23 18:02:48   step 1900/2500: loss=0.006609
2026-09-23 18:03:18   step 2000/2500: loss=0.006278
2026-09-23 18:03:48   step 2100/2500: loss=0.005263
2026-09-23 18:04:17   step 2200/2500: loss=0.006553
2026-09-23 18:04:46   step 2300/2500: loss=0.006023
2026-09-23 18:05:15   step 2400/2500: loss=0.004768
2026-09-23 18:05:52 [pjrt_ffi] RESIDENT: @resnet50in160_fwd_eval holds 267 parameter tensors (97.7 MB) on 4 devices; they stop crossing PCIe from here
2026-09-23 18:06:25 Epoch 5/100: loss=0.005827 lr=0.008000
2026-09-23 18:06:25   epoch 5: test_acc = 10902/50000 = 21.804000%  top5 = 22517/50000 = 45.034000%  [95% CI 21.44–22.17]
2026-09-23 18:06:26   step 0/2500: loss=0.004575
2026-09-23 18:06:26   step 1/2500: loss=0.006971
2026-09-23 18:06:27   step 2/2500: loss=0.004907
2026-09-23 18:06:55   step 100/2500: loss=0.006732
2026-09-23 18:07:25   step 200/2500: loss=0.006283
2026-09-23 18:07:55   step 300/2500: loss=0.004976
2026-09-23 18:08:24   step 400/2500: loss=0.005107
2026-09-23 18:08:54   step 500/2500: loss=0.006373
2026-09-23 18:09:23   step 600/2500: loss=0.006121
2026-09-23 18:09:53   step 700/2500: loss=0.005061
2026-09-23 18:10:22   step 800/2500: loss=0.004744
2026-09-23 18:10:52   step 900/2500: loss=0.006214
2026-09-23 18:11:22   step 1000/2500: loss=0.006442
2026-09-23 18:11:52   step 1100/2500: loss=0.004777
2026-09-23 18:12:21   step 1200/2500: loss=0.004458
2026-09-23 18:12:51   step 1300/2500: loss=0.005856
2026-09-23 18:13:21   step 1400/2500: loss=0.006202
2026-09-23 18:13:50   step 1500/2500: loss=0.004651
2026-09-23 18:14:20   step 1600/2500: loss=0.004351
2026-09-23 18:14:49   step 1700/2500: loss=0.006474
2026-09-23 18:15:19   step 1800/2500: loss=0.005501
2026-09-23 18:15:49   step 1900/2500: loss=0.004926
2026-09-23 18:16:18   step 2000/2500: loss=0.004486
2026-09-23 18:16:48   step 2100/2500: loss=0.006418
2026-09-23 18:17:17   step 2200/2500: loss=0.006337
2026-09-23 18:17:47   step 2300/2500: loss=0.005445
2026-09-23 18:18:16   step 2400/2500: loss=0.004636
2026-09-23 18:18:54 [pjrt_ffi] RESIDENT: @resnet50in160_fwd_eval holds 267 parameter tensors (97.7 MB) on 4 devices; they stop crossing PCIe from here
2026-09-23 18:19:28 Epoch 6/100: loss=0.005606 lr=0.007998
2026-09-23 18:19:28   epoch 6: test_acc = 16776/50000 = 33.552000%  top5 = 29994/50000 = 59.988000%  [95% CI 33.14–33.97]
2026-09-23 18:19:29   step 0/2500: loss=0.005651
2026-09-23 18:19:29   step 1/2500: loss=0.005725
2026-09-23 18:19:29   step 2/2500: loss=0.005764
2026-09-23 18:19:58   step 100/2500: loss=0.005933
2026-09-23 18:20:28   step 200/2500: loss=0.004358
2026-09-23 18:20:57   step 300/2500: loss=0.007048
2026-09-23 18:21:27   step 400/2500: loss=0.005148
2026-09-23 18:21:57   step 500/2500: loss=0.006259
2026-09-23 18:22:26   step 600/2500: loss=0.005852
2026-09-23 18:22:56   step 700/2500: loss=0.004631
2026-09-23 18:23:26   step 800/2500: loss=0.006365
2026-09-23 18:23:55   step 900/2500: loss=0.005965
2026-09-23 18:24:26   step 1000/2500: loss=0.006693
2026-09-23 18:24:55   step 1100/2500: loss=0.006341
2026-09-23 18:25:25   step 1200/2500: loss=0.006309
2026-09-23 18:25:54   step 1300/2500: loss=0.006091
2026-09-23 18:26:23   step 1400/2500: loss=0.004332
2026-09-23 18:26:53   step 1500/2500: loss=0.004629
2026-09-23 18:27:23   step 1600/2500: loss=0.006341
2026-09-23 18:27:52   step 1700/2500: loss=0.005560
2026-09-23 18:28:22   step 1800/2500: loss=0.004521
2026-09-23 18:28:51   step 1900/2500: loss=0.004539
2026-09-23 18:29:21   step 2000/2500: loss=0.006170
2026-09-23 18:29:51   step 2100/2500: loss=0.005696
2026-09-23 18:30:20   step 2200/2500: loss=0.004403
2026-09-23 18:30:50   step 2300/2500: loss=0.004373
2026-09-23 18:31:19   step 2400/2500: loss=0.006227
2026-09-23 18:31:56 [pjrt_ffi] RESIDENT: @resnet50in160_fwd_eval holds 267 parameter tensors (97.7 MB) on 4 devices; they stop crossing PCIe from here
2026-09-23 18:32:28 Epoch 7/100: loss=0.005396 lr=0.007991
2026-09-23 18:32:28   epoch 7: test_acc = 17863/50000 = 35.726000%  top5 = 31076/50000 = 62.152000%  [95% CI 35.31–36.15]
2026-09-23 18:32:28   step 0/2500: loss=0.006439
2026-09-23 18:32:28   step 1/2500: loss=0.006245
2026-09-23 18:32:29   step 2/2500: loss=0.005801
2026-09-23 18:32:58   step 100/2500: loss=0.004862
2026-09-23 18:33:28   step 200/2500: loss=0.004628
2026-09-23 18:33:58   step 300/2500: loss=0.005088
2026-09-23 18:34:27   step 400/2500: loss=0.006412
2026-09-23 18:34:57   step 500/2500: loss=0.004391
2026-09-23 18:35:26   step 600/2500: loss=0.004022
2026-09-23 18:35:56   step 700/2500: loss=0.005944
2026-09-23 18:36:25   step 800/2500: loss=0.006317
2026-09-23 18:36:55   step 900/2500: loss=0.004327
2026-09-23 18:37:24   step 1000/2500: loss=0.004165
2026-09-23 18:37:54   step 1100/2500: loss=0.005645
2026-09-23 18:38:23   step 1200/2500: loss=0.006219
2026-09-23 18:38:53   step 1300/2500: loss=0.004530
2026-09-23 18:39:22   step 1400/2500: loss=0.004151
2026-09-23 18:39:51   step 1500/2500: loss=0.006212
2026-09-23 18:40:21   step 1600/2500: loss=0.006362
2026-09-23 18:40:50   step 1700/2500: loss=0.006759
2026-09-23 18:41:20   step 1800/2500: loss=0.004626
2026-09-23 18:41:50   step 1900/2500: loss=0.006076
2026-09-23 18:42:19   step 2000/2500: loss=0.005968
2026-09-23 18:42:48   step 2100/2500: loss=0.004575
2026-09-23 18:43:18   step 2200/2500: loss=0.004323
2026-09-23 18:43:47   step 2300/2500: loss=0.005771
2026-09-23 18:44:16   step 2400/2500: loss=0.005353
2026-09-23 18:44:54 [pjrt_ffi] RESIDENT: @resnet50in160_fwd_eval holds 267 parameter tensors (97.7 MB) on 4 devices; they stop crossing PCIe from here
2026-09-23 18:45:28 Epoch 8/100: loss=0.005231 lr=0.007980
2026-09-23 18:45:28   epoch 8: test_acc = 18137/50000 = 36.274000%  top5 = 31007/50000 = 62.014000%  [95% CI 35.85–36.70]
2026-09-23 18:45:29   step 0/2500: loss=0.006609
2026-09-23 18:45:29   step 1/2500: loss=0.005087
2026-09-23 18:45:29   step 2/2500: loss=0.004098
2026-09-23 18:45:59   step 100/2500: loss=0.004246
2026-09-23 18:46:28   step 200/2500: loss=0.005434
2026-09-23 18:46:58   step 300/2500: loss=0.005728
2026-09-23 18:47:27   step 400/2500: loss=0.004065
2026-09-23 18:47:57   step 500/2500: loss=0.004081
2026-09-23 18:48:27   step 600/2500: loss=0.005897
2026-09-23 18:48:57   step 700/2500: loss=0.006372
2026-09-23 18:49:27   step 800/2500: loss=0.005416
2026-09-23 18:49:56   step 900/2500: loss=0.004149
2026-09-23 18:50:26   step 1000/2500: loss=0.004414
2026-09-23 18:50:55   step 1100/2500: loss=0.005803
2026-09-23 18:51:25   step 1200/2500: loss=0.004366
2026-09-23 18:51:54   step 1300/2500: loss=0.004462
2026-09-23 18:52:24   step 1400/2500: loss=0.006192
2026-09-23 18:52:53   step 1500/2500: loss=0.005623
2026-09-23 18:53:23   step 1600/2500: loss=0.004457
2026-09-23 18:53:52   step 1700/2500: loss=0.004442
2026-09-23 18:54:22   step 1800/2500: loss=0.004331
2026-09-23 18:54:51   step 1900/2500: loss=0.005368
2026-09-23 18:55:21   step 2000/2500: loss=0.005641
2026-09-23 18:55:51   step 2100/2500: loss=0.006230
2026-09-23 18:56:20   step 2200/2500: loss=0.004612
2026-09-23 18:56:50   step 2300/2500: loss=0.005383
2026-09-23 18:57:19   step 2400/2500: loss=0.004225
2026-09-23 18:57:57 [pjrt_ffi] RESIDENT: @resnet50in160_fwd_eval holds 267 parameter tensors (97.7 MB) on 4 devices; they stop crossing PCIe from here
2026-09-23 18:58:35 Epoch 9/100: loss=0.005124 lr=0.007965
2026-09-23 18:58:35   epoch 9: test_acc = 20326/50000 = 40.652000%  top5 = 33667/50000 = 67.334000%  [95% CI 40.22–41.08]
2026-09-23 18:58:36   step 0/2500: loss=0.004071
2026-09-23 18:58:36   step 1/2500: loss=0.003890
2026-09-23 18:58:36   step 2/2500: loss=0.003994
2026-09-23 18:59:05   step 100/2500: loss=0.005661
2026-09-23 18:59:34   step 200/2500: loss=0.006263
2026-09-23 19:00:04   step 300/2500: loss=0.004008
2026-09-23 19:00:34   step 400/2500: loss=0.004175
2026-09-23 19:01:04   step 500/2500: loss=0.006336
2026-09-23 19:01:33   step 600/2500: loss=0.004875
2026-09-23 19:02:03   step 700/2500: loss=0.004100
2026-09-23 19:02:32   step 800/2500: loss=0.003971
2026-09-23 19:03:01   step 900/2500: loss=0.004832
2026-09-23 19:03:31   step 1000/2500: loss=0.005200
2026-09-23 19:04:00   step 1100/2500: loss=0.003844
2026-09-23 19:04:30   step 1200/2500: loss=0.004654
2026-09-23 19:05:00   step 1300/2500: loss=0.006176
2026-09-23 19:05:29   step 1400/2500: loss=0.006304
2026-09-23 19:05:59   step 1500/2500: loss=0.004299
2026-09-23 19:06:29   step 1600/2500: loss=0.005029
2026-09-23 19:06:58   step 1700/2500: loss=0.006053
2026-09-23 19:07:28   step 1800/2500: loss=0.005199
2026-09-23 19:07:57   step 1900/2500: loss=0.004037
2026-09-23 19:08:27   step 2000/2500: loss=0.003858
2026-09-23 19:08:57   step 2100/2500: loss=0.005083
2026-09-23 19:09:26   step 2200/2500: loss=0.006087
2026-09-23 19:09:55   step 2300/2500: loss=0.004470
2026-09-23 19:10:24   step 2400/2500: loss=0.004258
2026-09-23 19:11:01 [pjrt_ffi] RESIDENT: @resnet50in160_fwd_eval holds 267 parameter tensors (97.7 MB) on 4 devices; they stop crossing PCIe from here
2026-09-23 19:11:34 Epoch 10/100: loss=0.005034 lr=0.007945
2026-09-23 19:11:34   epoch 10: test_acc = 18687/50000 = 37.374000%  top5 = 31581/50000 = 63.162000%  [95% CI 36.95–37.80]
2026-09-23 19:11:35   step 0/2500: loss=0.005737
2026-09-23 19:11:35   step 1/2500: loss=0.005835
2026-09-23 19:11:35   step 2/2500: loss=0.005903
2026-09-23 19:12:04   step 100/2500: loss=0.005880
2026-09-23 19:12:34   step 200/2500: loss=0.005646
2026-09-23 19:13:04   step 300/2500: loss=0.004221
2026-09-23 19:13:33   step 400/2500: loss=0.005753
2026-09-23 19:14:03   step 500/2500: loss=0.004437
2026-09-23 19:14:33   step 600/2500: loss=0.003934
2026-09-23 19:15:02   step 700/2500: loss=0.004452
2026-09-23 19:15:32   step 800/2500: loss=0.006049
2026-09-23 19:16:05   step 900/2500: loss=0.006130
2026-09-23 19:16:35   step 1000/2500: loss=0.003997
2026-09-23 19:17:04   step 1100/2500: loss=0.005496
2026-09-23 19:17:34   step 1200/2500: loss=0.005639
2026-09-23 19:18:04   step 1300/2500: loss=0.004585
2026-09-23 19:18:33   step 1400/2500: loss=0.004469
2026-09-23 19:19:02   step 1500/2500: loss=0.003731
2026-09-23 19:19:32   step 1600/2500: loss=0.006240
2026-09-23 19:20:02   step 1700/2500: loss=0.004280
2026-09-23 19:20:31   step 1800/2500: loss=0.003545
2026-09-23 19:21:01   step 1900/2500: loss=0.003611
2026-09-23 19:21:31   step 2000/2500: loss=0.006130
2026-09-23 19:22:00   step 2100/2500: loss=0.005899
2026-09-23 19:22:30   step 2200/2500: loss=0.003791
2026-09-23 19:22:59   step 2300/2500: loss=0.004145
2026-09-23 19:23:29   step 2400/2500: loss=0.004855
2026-09-23 19:24:08 [pjrt_ffi] RESIDENT: @resnet50in160_fwd_eval holds 267 parameter tensors (97.7 MB) on 4 devices; they stop crossing PCIe from here
2026-09-23 19:24:41 Epoch 11/100: loss=0.004948 lr=0.007922
2026-09-23 19:24:41   epoch 11: test_acc = 21643/50000 = 43.286000%  top5 = 34784/50000 = 69.568000%  [95% CI 42.85–43.72]
2026-09-23 19:24:42   step 0/2500: loss=0.005067
2026-09-23 19:24:42   step 1/2500: loss=0.005868
2026-09-23 19:24:42   step 2/2500: loss=0.005965
2026-09-23 19:25:11   step 100/2500: loss=0.003845
2026-09-23 19:25:41   step 200/2500: loss=0.003523
2026-09-23 19:26:11   step 300/2500: loss=0.005745
2026-09-23 19:26:40   step 400/2500: loss=0.005956
2026-09-23 19:27:10   step 500/2500: loss=0.003786
2026-09-23 19:27:59   step 600/2500: loss=0.003970
2026-09-23 19:28:29   step 700/2500: loss=0.005941
2026-09-23 19:28:58   step 800/2500: loss=0.005921
2026-09-23 19:29:28   step 900/2500: loss=0.003817
2026-09-23 19:29:58   step 1000/2500: loss=0.006231
2026-09-23 19:30:28   step 1100/2500: loss=0.005846
2026-09-23 19:30:57   step 1200/2500: loss=0.005089
2026-09-23 19:31:27   step 1300/2500: loss=0.003900
2026-09-23 19:31:56   step 1400/2500: loss=0.003431
2026-09-23 19:32:26   step 1500/2500: loss=0.006157
2026-09-23 19:32:55   step 1600/2500: loss=0.005449
2026-09-23 19:33:25   step 1700/2500: loss=0.005045
2026-09-23 19:33:54   step 1800/2500: loss=0.003820
2026-09-23 19:34:24   step 1900/2500: loss=0.005904
2026-09-23 19:34:54   step 2000/2500: loss=0.006124
2026-09-23 19:35:23   step 2100/2500: loss=0.004155
2026-09-23 19:35:53   step 2200/2500: loss=0.003521
2026-09-23 19:36:23   step 2300/2500: loss=0.005658
2026-09-23 19:36:52   step 2400/2500: loss=0.005975
2026-09-23 19:37:28 [pjrt_ffi] RESIDENT: @resnet50in160_fwd_eval holds 267 parameter tensors (97.7 MB) on 4 devices; they stop crossing PCIe from here
2026-09-23 19:37:57 Epoch 12/100: loss=0.004878 lr=0.007893
2026-09-23 19:37:57   epoch 12: test_acc = 22101/50000 = 44.202000%  top5 = 35151/50000 = 70.302000%  [95% CI 43.77–44.64]
2026-09-23 19:37:58   step 0/2500: loss=0.003558
2026-09-23 19:37:58   step 1/2500: loss=0.003958
2026-09-23 19:37:58   step 2/2500: loss=0.004459
2026-09-23 19:38:28   step 100/2500: loss=0.004099
2026-09-23 19:38:58   step 200/2500: loss=0.005803
2026-09-23 19:39:30   step 300/2500: loss=0.005603
2026-09-23 19:40:00   step 400/2500: loss=0.004474
2026-09-23 19:40:29   step 500/2500: loss=0.003704
2026-09-23 19:40:59   step 600/2500: loss=0.006209
2026-09-23 19:41:28   step 700/2500: loss=0.005866
2026-09-23 19:41:58   step 800/2500: loss=0.003896
2026-09-23 19:42:28   step 900/2500: loss=0.004003
2026-09-23 19:42:57   step 1000/2500: loss=0.005881
2026-09-23 19:43:27   step 1100/2500: loss=0.005873
2026-09-23 19:43:56   step 1200/2500: loss=0.003684
2026-09-23 19:44:26   step 1300/2500: loss=0.003618
2026-09-23 19:44:56   step 1400/2500: loss=0.004913
2026-09-23 19:45:25   step 1500/2500: loss=0.005643
2026-09-23 19:45:55   step 1600/2500: loss=0.003658
2026-09-23 19:46:25   step 1700/2500: loss=0.003774
2026-09-23 19:46:54   step 1800/2500: loss=0.005918
2026-09-23 19:47:24   step 1900/2500: loss=0.004694
2026-09-23 19:47:53   step 2000/2500: loss=0.003926
2026-09-23 19:48:23   step 2100/2500: loss=0.003630
2026-09-23 19:48:52   step 2200/2500: loss=0.005499
2026-09-23 19:49:22   step 2300/2500: loss=0.005728
2026-09-23 19:49:51   step 2400/2500: loss=0.005969
2026-09-23 19:50:29 [pjrt_ffi] RESIDENT: @resnet50in160_fwd_eval holds 267 parameter tensors (97.7 MB) on 4 devices; they stop crossing PCIe from here
2026-09-23 19:51:01 Epoch 13/100: loss=0.004810 lr=0.007861
2026-09-23 19:51:01   epoch 13: test_acc = 21936/50000 = 43.872000%  top5 = 35120/50000 = 70.240000%  [95% CI 43.44–44.31]
2026-09-23 19:51:02   step 0/2500: loss=0.003827
2026-09-23 19:51:02   step 1/2500: loss=0.003802
2026-09-23 19:51:02   step 2/2500: loss=0.003903
2026-09-23 19:51:32   step 100/2500: loss=0.005302
2026-09-23 19:52:01   step 200/2500: loss=0.005957
2026-09-23 19:52:30   step 300/2500: loss=0.003368
2026-09-23 19:53:00   step 400/2500: loss=0.003380
2026-09-23 19:53:30   step 500/2500: loss=0.005414
2026-09-23 19:53:59   step 600/2500: loss=0.005910
2026-09-23 19:54:30   step 700/2500: loss=0.004290
2026-09-23 19:54:59   step 800/2500: loss=0.003740
2026-09-23 19:55:29   step 900/2500: loss=0.005694
2026-09-23 19:55:58   step 1000/2500: loss=0.005143
2026-09-23 19:56:28   step 1100/2500: loss=0.004064
2026-09-23 19:56:57   step 1200/2500: loss=0.003572
2026-09-23 19:57:27   step 1300/2500: loss=0.005587
2026-09-23 19:57:57   step 1400/2500: loss=0.005033
2026-09-23 19:58:26   step 1500/2500: loss=0.003879
2026-09-23 19:58:56   step 1600/2500: loss=0.003673
2026-09-23 19:59:25   step 1700/2500: loss=0.005275
2026-09-23 19:59:55   step 1800/2500: loss=0.005609
2026-09-23 20:00:24   step 1900/2500: loss=0.003688
2026-09-23 20:00:54   step 2000/2500: loss=0.003185
2026-09-23 20:01:24   step 2100/2500: loss=0.005695
2026-09-23 20:01:54   step 2200/2500: loss=0.005597
2026-09-23 20:02:24   step 2300/2500: loss=0.005314
2026-09-23 20:02:53   step 2400/2500: loss=0.003377
2026-09-23 20:03:30 [pjrt_ffi] RESIDENT: @resnet50in160_fwd_eval holds 267 parameter tensors (97.7 MB) on 4 devices; they stop crossing PCIe from here
2026-09-23 20:04:00 Epoch 14/100: loss=0.004752 lr=0.007824
2026-09-23 20:04:00   epoch 14: test_acc = 22021/50000 = 44.042000%  top5 = 34764/50000 = 69.528000%  [95% CI 43.61–44.48]
2026-09-23 20:04:01   step 0/2500: loss=0.005777
2026-09-23 20:04:01   step 1/2500: loss=0.005803
2026-09-23 20:04:01   step 2/2500: loss=0.005466
2026-09-23 20:04:31   step 100/2500: loss=0.006152
2026-09-23 20:05:01   step 200/2500: loss=0.003593
2026-09-23 20:05:31   step 300/2500: loss=0.004180
2026-09-23 20:06:00   step 400/2500: loss=0.004461
2026-09-23 20:06:30   step 500/2500: loss=0.006097
2026-09-23 20:06:59   step 600/2500: loss=0.004044
2026-09-23 20:07:38   step 700/2500: loss=0.003823
2026-09-23 20:08:08   step 800/2500: loss=0.005724
2026-09-23 20:08:38   step 900/2500: loss=0.005001
2026-09-23 20:09:08   step 1000/2500: loss=0.004054
2026-09-23 20:09:37   step 1100/2500: loss=0.003598
2026-09-23 20:10:07   step 1200/2500: loss=0.005640
2026-09-23 20:10:36   step 1300/2500: loss=0.005810
2026-09-23 20:11:06   step 1400/2500: loss=0.003634
2026-09-23 20:11:35   step 1500/2500: loss=0.004330
2026-09-23 20:12:05   step 1600/2500: loss=0.005596
2026-09-23 20:12:35   step 1700/2500: loss=0.005456
2026-09-23 20:13:04   step 1800/2500: loss=0.003682
2026-09-23 20:13:34   step 1900/2500: loss=0.003494
2026-09-23 20:14:04   step 2000/2500: loss=0.005708
2026-09-23 20:14:33   step 2100/2500: loss=0.005848
2026-09-23 20:15:03   step 2200/2500: loss=0.003632
2026-09-23 20:15:32   step 2300/2500: loss=0.003598
2026-09-23 20:16:02   step 2400/2500: loss=0.005834
2026-09-23 20:16:40 [pjrt_ffi] RESIDENT: @resnet50in160_fwd_eval holds 267 parameter tensors (97.7 MB) on 4 devices; they stop crossing PCIe from here
2026-09-23 20:17:17 Epoch 15/100: loss=0.004685 lr=0.007783
2026-09-23 20:17:17   epoch 15: test_acc = 24891/50000 = 49.782000%  top5 = 37753/50000 = 75.506000%  [95% CI 49.34–50.22]
2026-09-23 20:17:17   step 0/2500: loss=0.005899
2026-09-23 20:17:18   step 1/2500: loss=0.005192
2026-09-23 20:17:18   step 2/2500: loss=0.004689
2026-09-23 20:17:48   step 100/2500: loss=0.003976
2026-09-23 20:18:17   step 200/2500: loss=0.003761
2026-09-23 20:18:47   step 300/2500: loss=0.005480
2026-09-23 20:19:17   step 400/2500: loss=0.005194
2026-09-23 20:19:46   step 500/2500: loss=0.003921
2026-09-23 20:20:16   step 600/2500: loss=0.004566
2026-09-23 20:20:46   step 700/2500: loss=0.005974
2026-09-23 20:21:15   step 800/2500: loss=0.004705
2026-09-23 20:21:45   step 900/2500: loss=0.003582
2026-09-23 20:22:14   step 1000/2500: loss=0.003308
2026-09-23 20:22:44   step 1100/2500: loss=0.005769
2026-09-23 20:23:14   step 1200/2500: loss=0.005132
2026-09-23 20:23:43   step 1300/2500: loss=0.003593
2026-09-23 20:24:13   step 1400/2500: loss=0.003271
2026-09-23 20:24:43   step 1500/2500: loss=0.004763
2026-09-23 20:25:12   step 1600/2500: loss=0.004598
2026-09-23 20:25:42   step 1700/2500: loss=0.004223
2026-09-23 20:26:11   step 1800/2500: loss=0.003710
2026-09-23 20:26:41   step 1900/2500: loss=0.005005
2026-09-23 20:27:11   step 2000/2500: loss=0.005635
2026-09-23 20:27:40   step 2100/2500: loss=0.004846
2026-09-23 20:28:10   step 2200/2500: loss=0.003901
2026-09-23 20:28:40   step 2300/2500: loss=0.005650
2026-09-23 20:29:09   step 2400/2500: loss=0.005325
2026-09-23 20:29:47 [pjrt_ffi] RESIDENT: @resnet50in160_fwd_eval holds 267 parameter tensors (97.7 MB) on 4 devices; they stop crossing PCIe from here
2026-09-23 20:30:26 Epoch 16/100: loss=0.004669 lr=0.007738
2026-09-23 20:30:26   epoch 16: test_acc = 24199/50000 = 48.398000%  top5 = 36869/50000 = 73.738000%  [95% CI 47.96–48.84]
2026-09-23 20:30:27   step 0/2500: loss=0.003537
2026-09-23 20:30:27   step 1/2500: loss=0.003651
2026-09-23 20:30:27   step 2/2500: loss=0.003807
2026-09-23 20:30:57   step 100/2500: loss=0.003547
2026-09-23 20:31:26   step 200/2500: loss=0.005565
2026-09-23 20:31:56   step 300/2500: loss=0.005456
2026-09-23 20:32:26   step 400/2500: loss=0.005903
2026-09-23 20:32:55   step 500/2500: loss=0.003464
2026-09-23 20:33:25   step 600/2500: loss=0.005320
2026-09-23 20:33:54   step 700/2500: loss=0.005808
2026-09-23 20:34:24   step 800/2500: loss=0.003886
2026-09-23 20:34:54   step 900/2500: loss=0.003025
2026-09-23 20:35:23   step 1000/2500: loss=0.005614
2026-09-23 20:35:53   step 1100/2500: loss=0.005183
2026-09-23 20:36:23   step 1200/2500: loss=0.003178
2026-09-23 20:36:54   step 1300/2500: loss=0.003459
2026-09-23 20:37:24   step 1400/2500: loss=0.005420
2026-09-23 20:37:54   step 1500/2500: loss=0.005637
2026-09-23 20:38:24   step 1600/2500: loss=0.005912
2026-09-23 20:38:54   step 1700/2500: loss=0.004068
2026-09-23 20:39:24   step 1800/2500: loss=0.005730
2026-09-23 20:39:54   step 1900/2500: loss=0.005380
2026-09-23 20:40:23   step 2000/2500: loss=0.003174
2026-09-23 20:40:53   step 2100/2500: loss=0.004737
2026-09-23 20:41:23   step 2200/2500: loss=0.005545
2026-09-23 20:41:52   step 2300/2500: loss=0.004238
2026-09-23 20:42:22   step 2400/2500: loss=0.003932
2026-09-23 20:42:59 [pjrt_ffi] RESIDENT: @resnet50in160_fwd_eval holds 267 parameter tensors (97.7 MB) on 4 devices; they stop crossing PCIe from here
2026-09-23 20:43:29 Epoch 17/100: loss=0.004611 lr=0.007689
2026-09-23 20:43:29   epoch 17: test_acc = 25262/50000 = 50.524000%  top5 = 38154/50000 = 76.308000%  [95% CI 50.09–50.96]
2026-09-23 20:43:30   step 0/2500: loss=0.003433
2026-09-23 20:43:30   step 1/2500: loss=0.004563
2026-09-23 20:43:30   step 2/2500: loss=0.003392
2026-09-23 20:43:59   step 100/2500: loss=0.005644
2026-09-23 20:44:29   step 200/2500: loss=0.005330
2026-09-23 20:44:58   step 300/2500: loss=0.003475
2026-09-23 20:45:28   step 400/2500: loss=0.005434
2026-09-23 20:45:58   step 500/2500: loss=0.005794
2026-09-23 20:46:40   step 600/2500: loss=0.005745
2026-09-23 20:47:09   step 700/2500: loss=0.004218
2026-09-23 20:47:39   step 800/2500: loss=0.003836
2026-09-23 20:48:09   step 900/2500: loss=0.005754
2026-09-23 20:48:38   step 1000/2500: loss=0.005413
2026-09-23 20:49:08   step 1100/2500: loss=0.003588
2026-09-23 20:49:38   step 1200/2500: loss=0.003415
2026-09-23 20:50:07   step 1300/2500: loss=0.004228
2026-09-23 20:50:37   step 1400/2500: loss=0.006028
2026-09-23 20:51:07   step 1500/2500: loss=0.003477
2026-09-23 20:51:36   step 1600/2500: loss=0.003410
2026-09-23 20:52:06   step 1700/2500: loss=0.004817
2026-09-23 20:52:36   step 1800/2500: loss=0.005428
2026-09-23 20:53:05   step 1900/2500: loss=0.003447
2026-09-23 20:53:35   step 2000/2500: loss=0.003613
2026-09-23 20:54:05   step 2100/2500: loss=0.005268
2026-09-23 20:54:35   step 2200/2500: loss=0.005894
2026-09-23 20:55:04   step 2300/2500: loss=0.005488
2026-09-23 20:55:33   step 2400/2500: loss=0.003609
2026-09-23 20:56:10 [pjrt_ffi] RESIDENT: @resnet50in160_fwd_eval holds 267 parameter tensors (97.7 MB) on 4 devices; they stop crossing PCIe from here
2026-09-23 20:56:40 Epoch 18/100: loss=0.004570 lr=0.007636
2026-09-23 20:56:40   epoch 18: test_acc = 25206/50000 = 50.412000%  top5 = 37864/50000 = 75.728000%  [95% CI 49.97–50.85]
2026-09-23 20:56:40   step 0/2500: loss=0.005475
2026-09-23 20:56:41   step 1/2500: loss=0.005597
2026-09-23 20:56:41   step 2/2500: loss=0.005823
2026-09-23 20:57:10   step 100/2500: loss=0.003966
2026-09-23 20:57:40   step 200/2500: loss=0.003565
2026-09-23 20:58:22   step 300/2500: loss=0.003369
2026-09-23 20:58:52   step 400/2500: loss=0.005377
2026-09-23 20:59:22   step 500/2500: loss=0.005799
2026-09-23 20:59:51   step 600/2500: loss=0.004683
2026-09-23 21:00:21   step 700/2500: loss=0.004999
2026-09-23 21:00:50   step 800/2500: loss=0.005438
2026-09-23 21:01:20   step 900/2500: loss=0.005452
2026-09-23 21:01:50   step 1000/2500: loss=0.003452
2026-09-23 21:02:19   step 1100/2500: loss=0.004116
2026-09-23 21:02:49   step 1200/2500: loss=0.005774
2026-09-23 21:03:18   step 1300/2500: loss=0.005617
2026-09-23 21:03:48   step 1400/2500: loss=0.003544
2026-09-23 21:04:18   step 1500/2500: loss=0.003609
2026-09-23 21:04:47   step 1600/2500: loss=0.003801
2026-09-23 21:05:17   step 1700/2500: loss=0.005493
2026-09-23 21:05:47   step 1800/2500: loss=0.003779
2026-09-23 21:06:16   step 1900/2500: loss=0.006226
2026-09-23 21:06:46   step 2000/2500: loss=0.005481
2026-09-23 21:07:16   step 2100/2500: loss=0.005651
2026-09-23 21:07:45   step 2200/2500: loss=0.005203
2026-09-23 21:08:15   step 2300/2500: loss=0.003680
2026-09-23 21:08:44   step 2400/2500: loss=0.005683
2026-09-23 21:09:21 [pjrt_ffi] RESIDENT: @resnet50in160_fwd_eval holds 267 parameter tensors (97.7 MB) on 4 devices; they stop crossing PCIe from here
2026-09-23 21:09:51 Epoch 19/100: loss=0.004556 lr=0.007579
2026-09-23 21:09:51   epoch 19: test_acc = 25696/50000 = 51.392000%  top5 = 38201/50000 = 76.402000%  [95% CI 50.95–51.83]
2026-09-23 21:09:52   step 0/2500: loss=0.005239
2026-09-23 21:09:52   step 1/2500: loss=0.005695
2026-09-23 21:09:53   step 2/2500: loss=0.004563
2026-09-23 21:10:22   step 100/2500: loss=0.006374
2026-09-23 21:10:51   step 200/2500: loss=0.003367
2026-09-23 21:11:21   step 300/2500: loss=0.003735
2026-09-23 21:11:51   step 400/2500: loss=0.005450
2026-09-23 21:12:21   step 500/2500: loss=0.004108
2026-09-23 21:12:51   step 600/2500: loss=0.003998
2026-09-23 21:13:20   step 700/2500: loss=0.005715
2026-09-23 21:13:50   step 800/2500: loss=0.003591
2026-09-23 21:14:19   step 900/2500: loss=0.004326
2026-09-23 21:14:49   step 1000/2500: loss=0.003754
2026-09-23 21:15:19   step 1100/2500: loss=0.005447
2026-09-23 21:15:49   step 1200/2500: loss=0.005541
2026-09-23 21:16:18   step 1300/2500: loss=0.005181
2026-09-23 21:16:49   step 1400/2500: loss=0.003656
2026-09-23 21:17:19   step 1500/2500: loss=0.005694
2026-09-23 21:17:48   step 1600/2500: loss=0.005713
2026-09-23 21:18:18   step 1700/2500: loss=0.003404
2026-09-23 21:18:47   step 1800/2500: loss=0.003653
2026-09-23 21:19:17   step 1900/2500: loss=0.005261
2026-09-23 21:19:47   step 2000/2500: loss=0.005238
2026-09-23 21:20:16   step 2100/2500: loss=0.003681
2026-09-23 21:20:46   step 2200/2500: loss=0.003195
2026-09-23 21:21:16   step 2300/2500: loss=0.005750
2026-09-23 21:21:45   step 2400/2500: loss=0.005633
2026-09-23 21:22:22 [pjrt_ffi] RESIDENT: @resnet50in160_fwd_eval holds 267 parameter tensors (97.7 MB) on 4 devices; they stop crossing PCIe from here
2026-09-23 21:22:55 Epoch 20/100: loss=0.004522 lr=0.007518
2026-09-23 21:22:55   epoch 20: test_acc = 25485/50000 = 50.970000%  top5 = 37977/50000 = 75.954000%  [95% CI 50.53–51.41]
2026-09-23 21:22:56   step 0/2500: loss=0.006389
2026-09-23 21:22:56   step 1/2500: loss=0.003765
2026-09-23 21:22:56   step 2/2500: loss=0.003450
2026-09-23 21:23:25   step 100/2500: loss=0.003781
2026-09-23 21:23:55   step 200/2500: loss=0.003458
2026-09-23 21:24:25   step 300/2500: loss=0.004326
2026-09-23 21:24:54   step 400/2500: loss=0.006319
2026-09-23 21:25:24   step 500/2500: loss=0.006313
2026-09-23 21:25:53   step 600/2500: loss=0.005259
2026-09-23 21:26:23   step 700/2500: loss=0.005198
2026-09-23 21:26:53   step 800/2500: loss=0.003444
2026-09-23 21:27:23   step 900/2500: loss=0.004446
2026-09-23 21:27:52   step 1000/2500: loss=0.004917
2026-09-23 21:28:29   step 1100/2500: loss=0.004511
2026-09-23 21:28:59   step 1200/2500: loss=0.003944
2026-09-23 21:29:29   step 1300/2500: loss=0.003621
2026-09-23 21:29:58   step 1400/2500: loss=0.004949
2026-09-23 21:30:28   step 1500/2500: loss=0.005496
2026-09-23 21:30:57   step 1600/2500: loss=0.003287
2026-09-23 21:31:27   step 1700/2500: loss=0.006556
2026-09-23 21:31:56   step 1800/2500: loss=0.005646
2026-09-23 21:32:25   step 1900/2500: loss=0.004849
2026-09-23 21:32:57   step 2000/2500: loss=0.003492
2026-09-23 21:33:27   step 2100/2500: loss=0.003382
2026-09-23 21:33:57   step 2200/2500: loss=0.004632
2026-09-23 21:34:26   step 2300/2500: loss=0.005081
2026-09-23 21:34:56   step 2400/2500: loss=0.004045
2026-09-23 21:35:34 [pjrt_ffi] RESIDENT: @resnet50in160_fwd_eval holds 267 parameter tensors (97.7 MB) on 4 devices; they stop crossing PCIe from here
2026-09-23 21:36:06 Epoch 21/100: loss=0.004518 lr=0.007453
2026-09-23 21:36:06   epoch 21: test_acc = 24463/50000 = 48.926000%  top5 = 37086/50000 = 74.172000%  [95% CI 48.49–49.36]
2026-09-23 21:36:07   step 0/2500: loss=0.003062
2026-09-23 21:36:07   step 1/2500: loss=0.003801
2026-09-23 21:36:07   step 2/2500: loss=0.004443
2026-09-23 21:36:37   step 100/2500: loss=0.005337
2026-09-23 21:37:06   step 200/2500: loss=0.005391
2026-09-23 21:37:36   step 300/2500: loss=0.003387
2026-09-23 21:38:06   step 400/2500: loss=0.003613
2026-09-23 21:38:36   step 500/2500: loss=0.005614
2026-09-23 21:39:05   step 600/2500: loss=0.005193
2026-09-23 21:39:35   step 700/2500: loss=0.002962
2026-09-23 21:40:04   step 800/2500: loss=0.003113
2026-09-23 21:40:34   step 900/2500: loss=0.004440
2026-09-23 21:41:04   step 1000/2500: loss=0.005208
2026-09-23 21:41:34   step 1100/2500: loss=0.003386
2026-09-23 21:42:16   step 1200/2500: loss=0.006149
2026-09-23 21:42:45   step 1300/2500: loss=0.004688
2026-09-23 21:43:14   step 1400/2500: loss=0.004917
2026-09-23 21:43:44   step 1500/2500: loss=0.006321
2026-09-23 21:44:14   step 1600/2500: loss=0.003947
2026-09-23 21:44:43   step 1700/2500: loss=0.004810
2026-09-23 21:45:13   step 1800/2500: loss=0.005156
2026-09-23 21:45:43   step 1900/2500: loss=0.004143
2026-09-23 21:46:12   step 2000/2500: loss=0.003128
2026-09-23 21:46:42   step 2100/2500: loss=0.004710
2026-09-23 21:47:12   step 2200/2500: loss=0.005728
2026-09-23 21:47:41   step 2300/2500: loss=0.003806
2026-09-23 21:48:11   step 2400/2500: loss=0.003097
2026-09-23 21:48:50 [pjrt_ffi] RESIDENT: @resnet50in160_fwd_eval holds 267 parameter tensors (97.7 MB) on 4 devices; they stop crossing PCIe from here
2026-09-23 21:49:24 Epoch 22/100: loss=0.004476 lr=0.007384
2026-09-23 21:49:24   epoch 22: test_acc = 25112/50000 = 50.224000%  top5 = 37610/50000 = 75.220000%  [95% CI 49.79–50.66]
2026-09-23 21:49:24   step 0/2500: loss=0.005098
2026-09-23 21:49:24   step 1/2500: loss=0.003897
2026-09-23 21:49:25   step 2/2500: loss=0.005333
2026-09-23 21:49:54   step 100/2500: loss=0.004943
2026-09-23 21:50:24   step 200/2500: loss=0.003174
2026-09-23 21:50:54   step 300/2500: loss=0.003185
2026-09-23 21:51:24   step 400/2500: loss=0.004594
2026-09-23 21:51:53   step 500/2500: loss=0.005518
2026-09-23 21:52:23   step 600/2500: loss=0.003673
2026-09-23 21:52:53   step 700/2500: loss=0.004182
2026-09-23 21:53:23   step 800/2500: loss=0.005383
2026-09-23 21:53:53   step 900/2500: loss=0.005501
2026-09-23 21:54:23   step 1000/2500: loss=0.003293
2026-09-23 21:54:53   step 1100/2500: loss=0.003542
2026-09-23 21:55:22   step 1200/2500: loss=0.005080
2026-09-23 21:55:52   step 1300/2500: loss=0.004383
2026-09-23 21:56:21   step 1400/2500: loss=0.003581
2026-09-23 21:56:52   step 1500/2500: loss=0.006646
2026-09-23 21:57:21   step 1600/2500: loss=0.005266
2026-09-23 21:57:51   step 1700/2500: loss=0.004981
2026-09-23 21:58:21   step 1800/2500: loss=0.003481
2026-09-23 21:58:50   step 1900/2500: loss=0.003363
2026-09-23 21:59:20   step 2000/2500: loss=0.004601
2026-09-23 21:59:50   step 2100/2500: loss=0.004066
2026-09-23 22:00:19   step 2200/2500: loss=0.003530
2026-09-23 22:00:49   step 2300/2500: loss=0.003581
2026-09-23 22:01:19   step 2400/2500: loss=0.005535
2026-09-23 22:01:55 [pjrt_ffi] RESIDENT: @resnet50in160_fwd_eval holds 267 parameter tensors (97.7 MB) on 4 devices; they stop crossing PCIe from here
2026-09-23 22:02:23 Epoch 23/100: loss=0.004432 lr=0.007312
2026-09-23 22:02:23   epoch 23: test_acc = 25044/50000 = 50.088000%  top5 = 37704/50000 = 75.408000%  [95% CI 49.65–50.53]
2026-09-23 22:02:23   step 0/2500: loss=0.005571
2026-09-23 22:02:24   step 1/2500: loss=0.003549
2026-09-23 22:02:24   step 2/2500: loss=0.005657
2026-09-23 22:02:53   step 100/2500: loss=0.003170
2026-09-23 22:03:23   step 200/2500: loss=0.003833
2026-09-23 22:03:53   step 300/2500: loss=0.005303
2026-09-23 22:04:22   step 400/2500: loss=0.004735
2026-09-23 22:04:52   step 500/2500: loss=0.003355
2026-09-23 22:05:22   step 600/2500: loss=0.003386
2026-09-23 22:05:52   step 700/2500: loss=0.005662
2026-09-23 22:06:22   step 800/2500: loss=0.004977
2026-09-23 22:06:51   step 900/2500: loss=0.003789
2026-09-23 22:07:21   step 1000/2500: loss=0.003480
2026-09-23 22:07:51   step 1100/2500: loss=0.003619
2026-09-23 22:08:21   step 1200/2500: loss=0.004970
2026-09-23 22:08:50   step 1300/2500: loss=0.003795
2026-09-23 22:09:20   step 1400/2500: loss=0.003121
2026-09-23 22:09:49   step 1500/2500: loss=0.005496
2026-09-23 22:10:19   step 1600/2500: loss=0.004611
2026-09-23 22:10:49   step 1700/2500: loss=0.003846
2026-09-23 22:11:20   step 1800/2500: loss=0.003431
2026-09-23 22:11:49   step 1900/2500: loss=0.004139
2026-09-23 22:12:19   step 2000/2500: loss=0.005019
2026-09-23 22:12:49   step 2100/2500: loss=0.003311
2026-09-23 22:13:18   step 2200/2500: loss=0.004065
2026-09-23 22:13:48   step 2300/2500: loss=0.004518
2026-09-23 22:14:18   step 2400/2500: loss=0.004099
2026-09-23 22:14:55 [pjrt_ffi] RESIDENT: @resnet50in160_fwd_eval holds 267 parameter tensors (97.7 MB) on 4 devices; they stop crossing PCIe from here
2026-09-23 22:15:26 Epoch 24/100: loss=0.004381 lr=0.007236
2026-09-23 22:15:26   epoch 24: test_acc = 26829/50000 = 53.658000%  top5 = 39377/50000 = 78.754000%  [95% CI 53.22–54.09]
2026-09-23 22:15:27   step 0/2500: loss=0.003021
2026-09-23 22:15:27   step 1/2500: loss=0.003056
2026-09-23 22:15:27   step 2/2500: loss=0.003707
2026-09-23 22:15:56   step 100/2500: loss=0.003738
2026-09-23 22:16:26   step 200/2500: loss=0.004885
2026-09-23 22:16:56   step 300/2500: loss=0.003328
2026-09-23 22:17:25   step 400/2500: loss=0.004204
2026-09-23 22:17:55   step 500/2500: loss=0.003730
2026-09-23 22:18:25   step 600/2500: loss=0.004958
2026-09-23 22:18:55   step 700/2500: loss=0.005484
2026-09-23 22:19:25   step 800/2500: loss=0.004396
2026-09-23 22:19:54   step 900/2500: loss=0.003349
2026-09-23 22:20:25   step 1000/2500: loss=0.005165
2026-09-23 22:20:55   step 1100/2500: loss=0.005401
2026-09-23 22:21:24   step 1200/2500: loss=0.003814
2026-09-23 22:21:54   step 1300/2500: loss=0.003497
2026-09-23 22:22:28   step 1400/2500: loss=0.005262
2026-09-23 22:22:58   step 1500/2500: loss=0.004840
2026-09-23 22:23:27   step 1600/2500: loss=0.003472
2026-09-23 22:23:57   step 1700/2500: loss=0.003499
2026-09-23 22:24:27   step 1800/2500: loss=0.005356
2026-09-23 22:24:56   step 1900/2500: loss=0.005081
2026-09-23 22:25:26   step 2000/2500: loss=0.003356
2026-09-23 22:25:56   step 2100/2500: loss=0.004023
2026-09-23 22:26:26   step 2200/2500: loss=0.004060
2026-09-23 22:26:55   step 2300/2500: loss=0.005319
2026-09-23 22:27:25   step 2400/2500: loss=0.003319
2026-09-23 22:28:02 [pjrt_ffi] RESIDENT: @resnet50in160_fwd_eval holds 267 parameter tensors (97.7 MB) on 4 devices; they stop crossing PCIe from here
2026-09-23 22:28:32 Epoch 25/100: loss=0.004373 lr=0.007157
2026-09-23 22:28:32   epoch 25: test_acc = 28145/50000 = 56.290000%  top5 = 40287/50000 = 80.574000%  [95% CI 55.85–56.72]
2026-09-23 22:28:32   step 0/2500: loss=0.006149
2026-09-23 22:28:33   step 1/2500: loss=0.003049
2026-09-23 22:28:33   step 2/2500: loss=0.003424
2026-09-23 22:29:02   step 100/2500: loss=0.004439
2026-09-23 22:29:32   step 200/2500: loss=0.004044
2026-09-23 22:30:01   step 300/2500: loss=0.003234
2026-09-23 22:30:31   step 400/2500: loss=0.006456
2026-09-23 22:31:01   step 500/2500: loss=0.005164
2026-09-23 22:31:30   step 600/2500: loss=0.004630
2026-09-23 22:32:00   step 700/2500: loss=0.003633
2026-09-23 22:32:30   step 800/2500: loss=0.003842
2026-09-23 22:33:05   step 900/2500: loss=0.005427
2026-09-23 22:33:34   step 1000/2500: loss=0.004488
2026-09-23 22:34:04   step 1100/2500: loss=0.003526
2026-09-23 22:34:33   step 1200/2500: loss=0.003138
2026-09-23 22:35:03   step 1300/2500: loss=0.004068
2026-09-23 22:35:33   step 1400/2500: loss=0.004603
2026-09-23 22:36:02   step 1500/2500: loss=0.003101
2026-09-23 22:36:32   step 1600/2500: loss=0.006269
2026-09-23 22:37:01   step 1700/2500: loss=0.005048
2026-09-23 22:37:31   step 1800/2500: loss=0.005488
2026-09-23 22:38:00   step 1900/2500: loss=0.003081
2026-09-23 22:38:30   step 2000/2500: loss=0.003059
2026-09-23 22:39:00   step 2100/2500: loss=0.004143
2026-09-23 22:39:29   step 2200/2500: loss=0.005071
2026-09-23 22:39:59   step 2300/2500: loss=0.003196
2026-09-23 22:40:28   step 2400/2500: loss=0.003196
2026-09-23 22:41:07 [pjrt_ffi] RESIDENT: @resnet50in160_fwd_eval holds 267 parameter tensors (97.7 MB) on 4 devices; they stop crossing PCIe from here
2026-09-23 22:41:44 Epoch 26/100: loss=0.004364 lr=0.007074
2026-09-23 22:41:44   epoch 26: test_acc = 26322/50000 = 52.644000%  top5 = 38743/50000 = 77.486000%  [95% CI 52.21–53.08]
2026-09-23 22:41:44   step 0/2500: loss=0.004497
2026-09-23 22:41:44   step 1/2500: loss=0.004782
2026-09-23 22:41:45   step 2/2500: loss=0.005601
2026-09-23 22:42:15   step 100/2500: loss=0.004588
2026-09-23 22:42:45   step 200/2500: loss=0.003381
2026-09-23 22:43:14   step 300/2500: loss=0.003037
2026-09-23 22:43:44   step 400/2500: loss=0.005105
2026-09-23 22:44:14   step 500/2500: loss=0.004385
2026-09-23 22:44:45   step 600/2500: loss=0.003465
2026-09-23 22:45:14   step 700/2500: loss=0.005150
2026-09-23 22:45:44   step 800/2500: loss=0.005513
2026-09-23 22:46:15   step 900/2500: loss=0.004280
2026-09-23 22:46:45   step 1000/2500: loss=0.006223
2026-09-23 22:47:14   step 1100/2500: loss=0.003144
2026-09-23 22:47:44   step 1200/2500: loss=0.004984
2026-09-23 22:48:14   step 1300/2500: loss=0.004067
2026-09-23 22:48:44   step 1400/2500: loss=0.002972
2026-09-23 22:49:13   step 1500/2500: loss=0.004381
2026-09-23 22:49:43   step 1600/2500: loss=0.003956
2026-09-23 22:50:13   step 1700/2500: loss=0.005112
2026-09-23 22:50:43   step 1800/2500: loss=0.002754
2026-09-23 22:51:12   step 1900/2500: loss=0.006054
2026-09-23 22:51:42   step 2000/2500: loss=0.003578
2026-09-23 22:52:11   step 2100/2500: loss=0.003955
2026-09-23 22:52:41   step 2200/2500: loss=0.003374
2026-09-23 22:53:11   step 2300/2500: loss=0.003470
2026-09-23 22:53:40   step 2400/2500: loss=0.004477
2026-09-23 22:54:17 [pjrt_ffi] RESIDENT: @resnet50in160_fwd_eval holds 267 parameter tensors (97.7 MB) on 4 devices; they stop crossing PCIe from here
2026-09-23 22:54:56 Epoch 27/100: loss=0.004323 lr=0.006987
2026-09-23 22:54:56   epoch 27: test_acc = 26672/50000 = 53.344000%  top5 = 39042/50000 = 78.084000%  [95% CI 52.91–53.78]
2026-09-23 22:54:57   step 0/2500: loss=0.005026
2026-09-23 22:54:57   step 1/2500: loss=0.004731
2026-09-23 22:54:58   step 2/2500: loss=0.005346
2026-09-23 22:55:27   step 100/2500: loss=0.003422
2026-09-23 22:55:56   step 200/2500: loss=0.003422
2026-09-23 22:56:26   step 300/2500: loss=0.003967
2026-09-23 22:56:56   step 400/2500: loss=0.004872
2026-09-23 22:57:25   step 500/2500: loss=0.003055
2026-09-23 22:57:55   step 600/2500: loss=0.002935
2026-09-23 22:58:24   step 700/2500: loss=0.005367
2026-09-23 22:58:54   step 800/2500: loss=0.004665
2026-09-23 22:59:24   step 900/2500: loss=0.003569
2026-09-23 22:59:54   step 1000/2500: loss=0.003183
2026-09-23 23:00:24   step 1100/2500: loss=0.005487
2026-09-23 23:00:54   step 1200/2500: loss=0.005371
2026-09-23 23:01:23   step 1300/2500: loss=0.003188
2026-09-23 23:01:53   step 1400/2500: loss=0.004668
2026-09-23 23:02:22   step 1500/2500: loss=0.005408
2026-09-23 23:02:52   step 1600/2500: loss=0.004683
2026-09-23 23:03:22   step 1700/2500: loss=0.003404
2026-09-23 23:03:52   step 1800/2500: loss=0.002938
2026-09-23 23:04:22   step 1900/2500: loss=0.004059
2026-09-23 23:04:51   step 2000/2500: loss=0.005289
2026-09-23 23:05:21   step 2100/2500: loss=0.003038
2026-09-23 23:05:51   step 2200/2500: loss=0.005151
2026-09-23 23:06:21   step 2300/2500: loss=0.005428
2026-09-23 23:06:50   step 2400/2500: loss=0.004747
2026-09-23 23:07:48 [pjrt_ffi] RESIDENT: @resnet50in160_fwd_eval holds 267 parameter tensors (97.7 MB) on 4 devices; they stop crossing PCIe from here
2026-09-23 23:08:28 Epoch 28/100: loss=0.004325 lr=0.006898
2026-09-23 23:08:28   epoch 28: test_acc = 26232/50000 = 52.464000%  top5 = 38511/50000 = 77.022000%  [95% CI 52.03–52.90]
2026-09-23 23:08:29   step 0/2500: loss=0.002899
2026-09-23 23:08:29   step 1/2500: loss=0.004488
2026-09-23 23:08:29   step 2/2500: loss=0.003702
2026-09-23 23:08:59   step 100/2500: loss=0.003405
2026-09-23 23:09:29   step 200/2500: loss=0.004971
2026-09-23 23:09:59   step 300/2500: loss=0.003939
2026-09-23 23:10:29   step 400/2500: loss=0.003134
2026-09-23 23:10:58   step 500/2500: loss=0.005428
2026-09-23 23:11:28   step 600/2500: loss=0.004849
2026-09-23 23:11:58   step 700/2500: loss=0.003849
2026-09-23 23:12:27   step 800/2500: loss=0.002763
2026-09-23 23:12:57   step 900/2500: loss=0.003543
2026-09-23 23:13:26   step 1000/2500: loss=0.005232
2026-09-23 23:13:56   step 1100/2500: loss=0.005462
2026-09-23 23:14:26   step 1200/2500: loss=0.004293
2026-09-23 23:14:56   step 1300/2500: loss=0.003414
2026-09-23 23:15:25   step 1400/2500: loss=0.005495
2026-09-23 23:15:55   step 1500/2500: loss=0.005607
2026-09-23 23:16:24   step 1600/2500: loss=0.002761
2026-09-23 23:16:54   step 1700/2500: loss=0.002693
2026-09-23 23:17:32   step 1800/2500: loss=0.005328
2026-09-23 23:18:01   step 1900/2500: loss=0.003057
2026-09-23 23:18:31   step 2000/2500: loss=0.003606
2026-09-23 23:19:00   step 2100/2500: loss=0.003219
2026-09-23 23:19:30   step 2200/2500: loss=0.003791
2026-09-23 23:19:59   step 2300/2500: loss=0.003470
2026-09-23 23:20:29   step 2400/2500: loss=0.003192
2026-09-23 23:21:06 [pjrt_ffi] RESIDENT: @resnet50in160_fwd_eval holds 267 parameter tensors (97.7 MB) on 4 devices; they stop crossing PCIe from here
2026-09-23 23:21:48 Epoch 29/100: loss=0.004269 lr=0.006805
2026-09-23 23:21:48   epoch 29: test_acc = 27537/50000 = 55.074000%  top5 = 39641/50000 = 79.282000%  [95% CI 54.64–55.51]
2026-09-23 23:21:48   step 0/2500: loss=0.003129
2026-09-23 23:21:49   step 1/2500: loss=0.005640
2026-09-23 23:21:49   step 2/2500: loss=0.003157
2026-09-23 23:22:18   step 100/2500: loss=0.004872
2026-09-23 23:22:48   step 200/2500: loss=0.004682
2026-09-23 23:23:18   step 300/2500: loss=0.003319
2026-09-23 23:23:48   step 400/2500: loss=0.002746
2026-09-23 23:24:18   step 500/2500: loss=0.004555
2026-09-23 23:24:48   step 600/2500: loss=0.005194
2026-09-23 23:25:17   step 700/2500: loss=0.003150
2026-09-23 23:25:47   step 800/2500: loss=0.003029
2026-09-23 23:26:17   step 900/2500: loss=0.005517
2026-09-23 23:26:46   step 1000/2500: loss=0.005562
2026-09-23 23:27:16   step 1100/2500: loss=0.003414
2026-09-23 23:27:46   step 1200/2500: loss=0.003120
2026-09-23 23:28:15   step 1300/2500: loss=0.003890
2026-09-23 23:28:45   step 1400/2500: loss=0.005178
2026-09-23 23:29:15   step 1500/2500: loss=0.003157
2026-09-23 23:29:45   step 1600/2500: loss=0.002780
2026-09-23 23:30:14   step 1700/2500: loss=0.005361
2026-09-23 23:30:44   step 1800/2500: loss=0.004971
2026-09-23 23:31:14   step 1900/2500: loss=0.002890
2026-09-23 23:31:43   step 2000/2500: loss=0.004185
2026-09-23 23:32:13   step 2100/2500: loss=0.004627
2026-09-23 23:32:42   step 2200/2500: loss=0.005117
2026-09-23 23:33:12   step 2300/2500: loss=0.003141
2026-09-23 23:33:41   step 2400/2500: loss=0.005989
2026-09-23 23:34:19 [pjrt_ffi] RESIDENT: @resnet50in160_fwd_eval holds 267 parameter tensors (97.7 MB) on 4 devices; they stop crossing PCIe from here
2026-09-23 23:35:06 Epoch 30/100: loss=0.004242 lr=0.006709
2026-09-23 23:35:06   epoch 30: test_acc = 28545/50000 = 57.090000%  top5 = 40363/50000 = 80.726000%  [95% CI 56.66–57.52]
2026-09-23 23:35:06   step 0/2500: loss=0.004873
2026-09-23 23:35:07   step 1/2500: loss=0.004194
2026-09-23 23:35:07   step 2/2500: loss=0.004219
2026-09-23 23:35:36   step 100/2500: loss=0.005060
2026-09-23 23:36:05   step 200/2500: loss=0.003218
2026-09-23 23:36:35   step 300/2500: loss=0.003185
2026-09-23 23:37:05   step 400/2500: loss=0.005263
2026-09-23 23:37:35   step 500/2500: loss=0.005232
2026-09-23 23:38:04   step 600/2500: loss=0.003810
2026-09-23 23:38:34   step 700/2500: loss=0.003373
2026-09-23 23:39:04   step 800/2500: loss=0.005136
2026-09-23 23:39:33   step 900/2500: loss=0.004890
2026-09-23 23:40:03   step 1000/2500: loss=0.003418
2026-09-23 23:40:33   step 1100/2500: loss=0.003006
2026-09-23 23:41:02   step 1200/2500: loss=0.003241
2026-09-23 23:41:32   step 1300/2500: loss=0.004312
2026-09-23 23:42:02   step 1400/2500: loss=0.003204
2026-09-23 23:42:32   step 1500/2500: loss=0.003220
2026-09-23 23:43:02   step 1600/2500: loss=0.003852
2026-09-23 23:43:32   step 1700/2500: loss=0.005140
2026-09-23 23:44:01   step 1800/2500: loss=0.003053
2026-09-23 23:44:31   step 1900/2500: loss=0.003135
2026-09-23 23:45:00   step 2000/2500: loss=0.005295
2026-09-23 23:45:30   step 2100/2500: loss=0.005206
2026-09-23 23:46:00   step 2200/2500: loss=0.005348
2026-09-23 23:46:29   step 2300/2500: loss=0.003330
2026-09-23 23:46:59   step 2400/2500: loss=0.005157
2026-09-23 23:47:36 [pjrt_ffi] RESIDENT: @resnet50in160_fwd_eval holds 267 parameter tensors (97.7 MB) on 4 devices; they stop crossing PCIe from here
2026-09-23 23:48:15 Epoch 31/100: loss=0.004222 lr=0.006610
2026-09-23 23:48:15   epoch 31: test_acc = 28669/50000 = 57.338000%  top5 = 40733/50000 = 81.466000%  [95% CI 56.90–57.77]
2026-09-23 23:48:16   step 0/2500: loss=0.003591
2026-09-23 23:48:16   step 1/2500: loss=0.004948
2026-09-23 23:48:16   step 2/2500: loss=0.005385
2026-09-23 23:48:46   step 100/2500: loss=0.003211
2026-09-23 23:49:15   step 200/2500: loss=0.003174
2026-09-23 23:49:45   step 300/2500: loss=0.004908
2026-09-23 23:50:15   step 400/2500: loss=0.003956
2026-09-23 23:50:44   step 500/2500: loss=0.002947
2026-09-23 23:51:14   step 600/2500: loss=0.003701
2026-09-23 23:51:44   step 700/2500: loss=0.005073
2026-09-23 23:52:13   step 800/2500: loss=0.004851
2026-09-23 23:52:43   step 900/2500: loss=0.003357
2026-09-23 23:53:12   step 1000/2500: loss=0.006021
2026-09-23 23:53:42   step 1100/2500: loss=0.005475
2026-09-23 23:54:12   step 1200/2500: loss=0.005515
2026-09-23 23:54:41   step 1300/2500: loss=0.003200
2026-09-23 23:55:11   step 1400/2500: loss=0.003748
2026-09-23 23:55:40   step 1500/2500: loss=0.005286
2026-09-23 23:56:10   step 1600/2500: loss=0.005244
2026-09-23 23:56:39   step 1700/2500: loss=0.002923
2026-09-23 23:57:09   step 1800/2500: loss=0.003202
2026-09-23 23:57:39   step 1900/2500: loss=0.004004
2026-09-23 23:58:09   step 2000/2500: loss=0.004982
2026-09-23 23:58:39   step 2100/2500: loss=0.003339
2026-09-23 23:59:08   step 2200/2500: loss=0.003375
2026-09-23 23:59:38   step 2300/2500: loss=0.005250
2026-09-24 00:00:08   step 2400/2500: loss=0.004596
2026-09-24 00:00:45 [pjrt_ffi] RESIDENT: @resnet50in160_fwd_eval holds 267 parameter tensors (97.7 MB) on 4 devices; they stop crossing PCIe from here
2026-09-24 00:01:23 Epoch 32/100: loss=0.004220 lr=0.006509
2026-09-24 00:01:23   epoch 32: test_acc = 28023/50000 = 56.046000%  top5 = 40044/50000 = 80.088000%  [95% CI 55.61–56.48]
2026-09-24 00:01:24   step 0/2500: loss=0.003423
2026-09-24 00:01:24   step 1/2500: loss=0.003479
2026-09-24 00:01:24   step 2/2500: loss=0.003091
2026-09-24 00:01:54   step 100/2500: loss=0.003550
2026-09-24 00:02:24   step 200/2500: loss=0.004608
2026-09-24 00:02:54   step 300/2500: loss=0.004920
2026-09-24 00:03:27   step 400/2500: loss=0.003138
2026-09-24 00:03:57   step 500/2500: loss=0.003322
2026-09-24 00:04:27   step 600/2500: loss=0.005040
2026-09-24 00:04:58   step 700/2500: loss=0.004439
2026-09-24 00:05:27   step 800/2500: loss=0.004937
2026-09-24 00:05:57   step 900/2500: loss=0.006106
2026-09-24 00:06:27   step 1000/2500: loss=0.004208
2026-09-24 00:06:56   step 1100/2500: loss=0.004188
2026-09-24 00:07:26   step 1200/2500: loss=0.004203
2026-09-24 00:07:56   step 1300/2500: loss=0.003336
2026-09-24 00:08:26   step 1400/2500: loss=0.004507
2026-09-24 00:08:55   step 1500/2500: loss=0.004425
2026-09-24 00:09:25   step 1600/2500: loss=0.003211
2026-09-24 00:09:54   step 1700/2500: loss=0.005660
2026-09-24 00:10:24   step 1800/2500: loss=0.003848
2026-09-24 00:10:54   step 1900/2500: loss=0.004808
2026-09-24 00:11:24   step 2000/2500: loss=0.003291
2026-09-24 00:11:53   step 2100/2500: loss=0.003180
2026-09-24 00:12:22   step 2200/2500: loss=0.005037
2026-09-24 00:12:52   step 2300/2500: loss=0.004701
2026-09-24 00:13:22   step 2400/2500: loss=0.004686
2026-09-24 00:14:00 [pjrt_ffi] RESIDENT: @resnet50in160_fwd_eval holds 267 parameter tensors (97.7 MB) on 4 devices; they stop crossing PCIe from here
2026-09-24 00:14:40 Epoch 33/100: loss=0.004197 lr=0.006404
2026-09-24 00:14:40   epoch 33: test_acc = 29553/50000 = 59.106000%  top5 = 41248/50000 = 82.496000%  [95% CI 58.67–59.54]
2026-09-24 00:14:41   step 0/2500: loss=0.003330
2026-09-24 00:14:41   step 1/2500: loss=0.003299
2026-09-24 00:14:41   step 2/2500: loss=0.003744
2026-09-24 00:15:10   step 100/2500: loss=0.005055
2026-09-24 00:15:40   step 200/2500: loss=0.005366
2026-09-24 00:16:10   step 300/2500: loss=0.003201
2026-09-24 00:16:39   step 400/2500: loss=0.003654
2026-09-24 00:17:09   step 500/2500: loss=0.004406
2026-09-24 00:17:39   step 600/2500: loss=0.004373
2026-09-24 00:18:13   step 700/2500: loss=0.003162
2026-09-24 00:18:43   step 800/2500: loss=0.005920
2026-09-24 00:19:13   step 900/2500: loss=0.004018
2026-09-24 00:19:43   step 1000/2500: loss=0.005283
2026-09-24 00:20:13   step 1100/2500: loss=0.002840
2026-09-24 00:20:42   step 1200/2500: loss=0.003152
2026-09-24 00:21:12   step 1300/2500: loss=0.005401
2026-09-24 00:21:42   step 1400/2500: loss=0.005361
2026-09-24 00:22:12   step 1500/2500: loss=0.003220
2026-09-24 00:22:42   step 1600/2500: loss=0.006170
2026-09-24 00:23:11   step 1700/2500: loss=0.003023
2026-09-24 00:23:41   step 1800/2500: loss=0.004157
2026-09-24 00:24:11   step 1900/2500: loss=0.003083
2026-09-24 00:24:41   step 2000/2500: loss=0.003185
2026-09-24 00:25:11   step 2100/2500: loss=0.003720
2026-09-24 00:25:41   step 2200/2500: loss=0.004568
2026-09-24 00:26:11   step 2300/2500: loss=0.002924
2026-09-24 00:26:41   step 2400/2500: loss=0.004599
2026-09-24 00:27:18 [pjrt_ffi] RESIDENT: @resnet50in160_fwd_eval holds 267 parameter tensors (97.7 MB) on 4 devices; they stop crossing PCIe from here
2026-09-24 00:27:56 Epoch 34/100: loss=0.004156 lr=0.006297
2026-09-24 00:27:56   epoch 34: test_acc = 28441/50000 = 56.882000%  top5 = 40151/50000 = 80.302000%  [95% CI 56.45–57.32]
2026-09-24 00:27:57   step 0/2500: loss=0.005072
2026-09-24 00:27:57   step 1/2500: loss=0.004928
2026-09-24 00:27:57   step 2/2500: loss=0.004555
2026-09-24 00:28:27   step 100/2500: loss=0.004253
2026-09-24 00:28:56   step 200/2500: loss=0.002940
2026-09-24 00:29:26   step 300/2500: loss=0.005079
2026-09-24 00:29:56   step 400/2500: loss=0.005153
2026-09-24 00:30:26   step 500/2500: loss=0.005554
2026-09-24 00:30:55   step 600/2500: loss=0.003440
2026-09-24 00:31:25   step 700/2500: loss=0.003121
2026-09-24 00:31:55   step 800/2500: loss=0.004965
2026-09-24 00:32:25   step 900/2500: loss=0.004603
2026-09-24 00:32:55   step 1000/2500: loss=0.002905
2026-09-24 00:33:25   step 1100/2500: loss=0.003133
2026-09-24 00:33:54   step 1200/2500: loss=0.004497
2026-09-24 00:34:24   step 1300/2500: loss=0.005082
2026-09-24 00:34:53   step 1400/2500: loss=0.002764
2026-09-24 00:35:23   step 1500/2500: loss=0.003226
2026-09-24 00:35:53   step 1600/2500: loss=0.005067
2026-09-24 00:36:22   step 1700/2500: loss=0.003790
2026-09-24 00:36:52   step 1800/2500: loss=0.003398
2026-09-24 00:37:22   step 1900/2500: loss=0.005251
2026-09-24 00:37:52   step 2000/2500: loss=0.005104
2026-09-24 00:38:21   step 2100/2500: loss=0.004375
2026-09-24 00:38:51   step 2200/2500: loss=0.003003
2026-09-24 00:39:20   step 2300/2500: loss=0.002945
2026-09-24 00:39:50   step 2400/2500: loss=0.005380
2026-09-24 00:40:27 [pjrt_ffi] RESIDENT: @resnet50in160_fwd_eval holds 267 parameter tensors (97.7 MB) on 4 devices; they stop crossing PCIe from here
2026-09-24 00:41:06 Epoch 35/100: loss=0.004157 lr=0.006188
2026-09-24 00:41:06   epoch 35: test_acc = 29042/50000 = 58.084000%  top5 = 40889/50000 = 81.778000%  [95% CI 57.65–58.52]
2026-09-24 00:41:07   step 0/2500: loss=0.004721
2026-09-24 00:41:07   step 1/2500: loss=0.003878
2026-09-24 00:41:07   step 2/2500: loss=0.004349
2026-09-24 00:41:37   step 100/2500: loss=0.002987
2026-09-24 00:42:06   step 200/2500: loss=0.003612
2026-09-24 00:42:36   step 300/2500: loss=0.004513
2026-09-24 00:43:06   step 400/2500: loss=0.005076
2026-09-24 00:43:35   step 500/2500: loss=0.003041
2026-09-24 00:44:05   step 600/2500: loss=0.005848
2026-09-24 00:44:35   step 700/2500: loss=0.005266
2026-09-24 00:45:05   step 800/2500: loss=0.003056
2026-09-24 00:45:34   step 900/2500: loss=0.003806
2026-09-24 00:46:04   step 1000/2500: loss=0.003610
2026-09-24 00:46:34   step 1100/2500: loss=0.004939
2026-09-24 00:47:04   step 1200/2500: loss=0.003955
2026-09-24 00:47:35   step 1300/2500: loss=0.002700
2026-09-24 00:48:05   step 1400/2500: loss=0.002507
2026-09-24 00:48:35   step 1500/2500: loss=0.005204
2026-09-24 00:49:05   step 1600/2500: loss=0.005245
2026-09-24 00:49:35   step 1700/2500: loss=0.002902
2026-09-24 00:50:05   step 1800/2500: loss=0.003402
2026-09-24 00:50:35   step 1900/2500: loss=0.005189
2026-09-24 00:51:05   step 2000/2500: loss=0.005174
2026-09-24 00:51:34   step 2100/2500: loss=0.003250
2026-09-24 00:52:04   step 2200/2500: loss=0.003310
2026-09-24 00:52:34   step 2300/2500: loss=0.004734
2026-09-24 00:53:04   step 2400/2500: loss=0.004948
2026-09-24 00:53:43 [pjrt_ffi] RESIDENT: @resnet50in160_fwd_eval holds 267 parameter tensors (97.7 MB) on 4 devices; they stop crossing PCIe from here
2026-09-24 00:54:25 Epoch 36/100: loss=0.004113 lr=0.006076
2026-09-24 00:54:25   epoch 36: test_acc = 28787/50000 = 57.574000%  top5 = 40553/50000 = 81.106000%  [95% CI 57.14–58.01]
2026-09-24 00:54:25   step 0/2500: loss=0.003344
2026-09-24 00:54:26   step 1/2500: loss=0.003242
2026-09-24 00:54:26   step 2/2500: loss=0.003348
2026-09-24 00:54:56   step 100/2500: loss=0.002881
2026-09-24 00:55:26   step 200/2500: loss=0.004653
2026-09-24 00:55:55   step 300/2500: loss=0.005260
2026-09-24 00:56:25   step 400/2500: loss=0.002752
2026-09-24 00:56:55   step 500/2500: loss=0.002863
2026-09-24 00:57:24   step 600/2500: loss=0.005181
2026-09-24 00:57:54   step 700/2500: loss=0.005198
2026-09-24 00:58:24   step 800/2500: loss=0.003349
2026-09-24 00:58:54   step 900/2500: loss=0.003406
2026-09-24 00:59:23   step 1000/2500: loss=0.004486
2026-09-24 00:59:53   step 1100/2500: loss=0.005203
2026-09-24 01:00:23   step 1200/2500: loss=0.002883
2026-09-24 01:00:52   step 1300/2500: loss=0.002859
2026-09-24 01:01:22   step 1400/2500: loss=0.005006
2026-09-24 01:01:52   step 1500/2500: loss=0.005186
2026-09-24 01:02:22   step 1600/2500: loss=0.003675
2026-09-24 01:02:51   step 1700/2500: loss=0.003137
2026-09-24 01:03:21   step 1800/2500: loss=0.004308
2026-09-24 01:03:51   step 1900/2500: loss=0.003838
2026-09-24 01:04:20   step 2000/2500: loss=0.003251
2026-09-24 01:04:50   step 2100/2500: loss=0.002853
2026-09-24 01:05:19   step 2200/2500: loss=0.003441
2026-09-24 01:05:49   step 2300/2500: loss=0.004611
2026-09-24 01:06:19   step 2400/2500: loss=0.003498
2026-09-24 01:06:58 [pjrt_ffi] RESIDENT: @resnet50in160_fwd_eval holds 267 parameter tensors (97.7 MB) on 4 devices; they stop crossing PCIe from here
2026-09-24 01:07:42 Epoch 37/100: loss=0.004124 lr=0.005962
2026-09-24 01:07:42   epoch 37: test_acc = 29217/50000 = 58.434000%  top5 = 40999/50000 = 81.998000%  [95% CI 58.00–58.87]
2026-09-24 01:07:42   step 0/2500: loss=0.003088
2026-09-24 01:07:43   step 1/2500: loss=0.003719
2026-09-24 01:07:43   step 2/2500: loss=0.003414
2026-09-24 01:08:12   step 100/2500: loss=0.005068
2026-09-24 01:08:42   step 200/2500: loss=0.004964
2026-09-24 01:09:12   step 300/2500: loss=0.005160
2026-09-24 01:09:42   step 400/2500: loss=0.002722
2026-09-24 01:10:11   step 500/2500: loss=0.004221
2026-09-24 01:10:41   step 600/2500: loss=0.005043
2026-09-24 01:11:11   step 700/2500: loss=0.003075
2026-09-24 01:11:41   step 800/2500: loss=0.003114
2026-09-24 01:12:10   step 900/2500: loss=0.005004
2026-09-24 01:12:40   step 1000/2500: loss=0.005075
2026-09-24 01:13:10   step 1100/2500: loss=0.003280
2026-09-24 01:13:40   step 1200/2500: loss=0.005121
2026-09-24 01:14:10   step 1300/2500: loss=0.004960
2026-09-24 01:14:44   step 1400/2500: loss=0.004325
2026-09-24 01:15:13   step 1500/2500: loss=0.002771
2026-09-24 01:15:43   step 1600/2500: loss=0.003033
2026-09-24 01:16:15   step 1700/2500: loss=0.005122
2026-09-24 01:16:45   step 1800/2500: loss=0.005366
2026-09-24 01:17:15   step 1900/2500: loss=0.002755
2026-09-24 01:17:44   step 2000/2500: loss=0.003832
2026-09-24 01:18:14   step 2100/2500: loss=0.003027
2026-09-24 01:18:44   step 2200/2500: loss=0.003710
2026-09-24 01:19:14   step 2300/2500: loss=0.005012
2026-09-24 01:19:44   step 2400/2500: loss=0.003076
2026-09-24 01:20:22 [pjrt_ffi] RESIDENT: @resnet50in160_fwd_eval holds 267 parameter tensors (97.7 MB) on 4 devices; they stop crossing PCIe from here
2026-09-24 01:21:04 Epoch 38/100: loss=0.004067 lr=0.005845
2026-09-24 01:21:04   epoch 38: test_acc = 29064/50000 = 58.128000%  top5 = 40579/50000 = 81.158000%  [95% CI 57.69–58.56]
2026-09-24 01:21:04   step 0/2500: loss=0.004150
2026-09-24 01:21:05   step 1/2500: loss=0.003642
2026-09-24 01:21:05   step 2/2500: loss=0.005112
2026-09-24 01:21:34   step 100/2500: loss=0.005106
2026-09-24 01:22:04   step 200/2500: loss=0.003601
2026-09-24 01:22:34   step 300/2500: loss=0.003123
2026-09-24 01:23:03   step 400/2500: loss=0.004856
2026-09-24 01:23:33   step 500/2500: loss=0.002964
2026-09-24 01:24:03   step 600/2500: loss=0.003750
2026-09-24 01:24:33   step 700/2500: loss=0.002951
2026-09-24 01:25:02   step 800/2500: loss=0.004620
2026-09-24 01:25:32   step 900/2500: loss=0.004861
2026-09-24 01:26:01   step 1000/2500: loss=0.003251
2026-09-24 01:26:31   step 1100/2500: loss=0.003148
2026-09-24 01:27:01   step 1200/2500: loss=0.005069
2026-09-24 01:27:30   step 1300/2500: loss=0.004290
2026-09-24 01:28:00   step 1400/2500: loss=0.003550
2026-09-24 01:28:30   step 1500/2500: loss=0.005461
2026-09-24 01:28:59   step 1600/2500: loss=0.004749
2026-09-24 01:29:29   step 1700/2500: loss=0.004156
2026-09-24 01:29:59   step 1800/2500: loss=0.002776
2026-09-24 01:30:28   step 1900/2500: loss=0.002854
2026-09-24 01:30:58   step 2000/2500: loss=0.005262
2026-09-24 01:31:28   step 2100/2500: loss=0.005103
2026-09-24 01:31:58   step 2200/2500: loss=0.003735
2026-09-24 01:32:27   step 2300/2500: loss=0.002552
2026-09-24 01:32:57   step 2400/2500: loss=0.004402
2026-09-24 01:33:34 [pjrt_ffi] RESIDENT: @resnet50in160_fwd_eval holds 267 parameter tensors (97.7 MB) on 4 devices; they stop crossing PCIe from here
2026-09-24 01:34:20 Epoch 39/100: loss=0.004043 lr=0.005727
2026-09-24 01:34:20   epoch 39: test_acc = 28961/50000 = 57.922000%  top5 = 40969/50000 = 81.938000%  [95% CI 57.49–58.35]
2026-09-24 01:34:21   step 0/2500: loss=0.004154
2026-09-24 01:34:21   step 1/2500: loss=0.004385
2026-09-24 01:34:21   step 2/2500: loss=0.003158
2026-09-24 01:34:51   step 100/2500: loss=0.003200
2026-09-24 01:35:21   step 200/2500: loss=0.002714
2026-09-24 01:35:51   step 300/2500: loss=0.004216
2026-09-24 01:36:21   step 400/2500: loss=0.004636
2026-09-24 01:36:50   step 500/2500: loss=0.003160
2026-09-24 01:37:20   step 600/2500: loss=0.006071
2026-09-24 01:37:50   step 700/2500: loss=0.004698
2026-09-24 01:38:19   step 800/2500: loss=0.004931
2026-09-24 01:38:49   step 900/2500: loss=0.003283
2026-09-24 01:39:18   step 1000/2500: loss=0.002736
2026-09-24 01:39:48   step 1100/2500: loss=0.003635
2026-09-24 01:40:18   step 1200/2500: loss=0.004523
2026-09-24 01:40:48   step 1300/2500: loss=0.002794
2026-09-24 01:41:18   step 1400/2500: loss=0.003113
2026-09-24 01:41:47   step 1500/2500: loss=0.004632
2026-09-24 01:42:17   step 1600/2500: loss=0.003781
2026-09-24 01:42:46   step 1700/2500: loss=0.002974
2026-09-24 01:43:16   step 1800/2500: loss=0.003165
2026-09-24 01:43:46   step 1900/2500: loss=0.004125
2026-09-24 01:44:16   step 2000/2500: loss=0.004939
2026-09-24 01:44:45   step 2100/2500: loss=0.002890
2026-09-24 01:45:15   step 2200/2500: loss=0.003149
2026-09-24 01:45:45   step 2300/2500: loss=0.003603
2026-09-24 01:46:15   step 2400/2500: loss=0.004099
2026-09-24 01:46:51 [pjrt_ffi] RESIDENT: @resnet50in160_fwd_eval holds 267 parameter tensors (97.7 MB) on 4 devices; they stop crossing PCIe from here
2026-09-24 01:47:33 Epoch 40/100: loss=0.004005 lr=0.005607
2026-09-24 01:47:33   epoch 40: test_acc = 29942/50000 = 59.884000%  top5 = 41387/50000 = 82.774000%  [95% CI 59.45–60.31]
2026-09-24 01:47:33   step 0/2500: loss=0.003191
2026-09-24 01:47:33   step 1/2500: loss=0.005311
2026-09-24 01:47:34   step 2/2500: loss=0.002614
2026-09-24 01:48:03   step 100/2500: loss=0.002969
2026-09-24 01:48:33   step 200/2500: loss=0.005155
2026-09-24 01:49:03   step 300/2500: loss=0.003996
2026-09-24 01:49:32   step 400/2500: loss=0.005725
2026-09-24 01:50:02   step 500/2500: loss=0.002762
2026-09-24 01:50:32   step 600/2500: loss=0.004381
2026-09-24 01:51:01   step 700/2500: loss=0.003934
2026-09-24 01:51:31   step 800/2500: loss=0.003294
2026-09-24 01:52:01   step 900/2500: loss=0.002706
2026-09-24 01:52:31   step 1000/2500: loss=0.005031
2026-09-24 01:53:00   step 1100/2500: loss=0.004123
2026-09-24 01:53:30   step 1200/2500: loss=0.002778
2026-09-24 01:54:00   step 1300/2500: loss=0.002770
2026-09-24 01:54:29   step 1400/2500: loss=0.004208
2026-09-24 01:54:59   step 1500/2500: loss=0.003151
2026-09-24 01:55:29   step 1600/2500: loss=0.003208
2026-09-24 01:55:59   step 1700/2500: loss=0.002799
2026-09-24 01:56:29   step 1800/2500: loss=0.005003
2026-09-24 01:56:59   step 1900/2500: loss=0.004711
2026-09-24 01:57:29   step 2000/2500: loss=0.004805
2026-09-24 01:58:07   step 2100/2500: loss=0.003139
2026-09-24 01:58:37   step 2200/2500: loss=0.004879
2026-09-24 01:59:07   step 2300/2500: loss=0.004957
2026-09-24 01:59:36   step 2400/2500: loss=0.003585
2026-09-24 02:00:15 [pjrt_ffi] RESIDENT: @resnet50in160_fwd_eval holds 267 parameter tensors (97.7 MB) on 4 devices; they stop crossing PCIe from here
2026-09-24 02:01:02 Epoch 41/100: loss=0.004002 lr=0.005485
2026-09-24 02:01:02   epoch 41: test_acc = 30464/50000 = 60.928000%  top5 = 41822/50000 = 83.644000%  [95% CI 60.50–61.35]
2026-09-24 02:01:03   step 0/2500: loss=0.002882
2026-09-24 02:01:03   step 1/2500: loss=0.003015
2026-09-24 02:01:04   step 2/2500: loss=0.003281
2026-09-24 02:01:33   step 100/2500: loss=0.005181
2026-09-24 02:02:03   step 200/2500: loss=0.004965
2026-09-24 02:02:32   step 300/2500: loss=0.002986
2026-09-24 02:03:02   step 400/2500: loss=0.002981
2026-09-24 02:03:32   step 500/2500: loss=0.005290
2026-09-24 02:04:02   step 600/2500: loss=0.005110
2026-09-24 02:04:31   step 700/2500: loss=0.003224
2026-09-24 02:05:01   step 800/2500: loss=0.003394
2026-09-24 02:05:31   step 900/2500: loss=0.004112
2026-09-24 02:06:01   step 1000/2500: loss=0.004941
2026-09-24 02:06:31   step 1100/2500: loss=0.003069
2026-09-24 02:07:00   step 1200/2500: loss=0.002835
2026-09-24 02:07:30   step 1300/2500: loss=0.004620
2026-09-24 02:08:00   step 1400/2500: loss=0.004946
2026-09-24 02:08:30   step 1500/2500: loss=0.002831
2026-09-24 02:09:00   step 1600/2500: loss=0.003338
2026-09-24 02:09:35   step 1700/2500: loss=0.004097
2026-09-24 02:10:05   step 1800/2500: loss=0.004868
2026-09-24 02:10:34   step 1900/2500: loss=0.002886
2026-09-24 02:11:04   step 2000/2500: loss=0.003387
2026-09-24 02:11:34   step 2100/2500: loss=0.004904
2026-09-24 02:12:03   step 2200/2500: loss=0.004842
2026-09-24 02:12:33   step 2300/2500: loss=0.002645
2026-09-24 02:13:03   step 2400/2500: loss=0.002996
2026-09-24 02:13:40 [pjrt_ffi] RESIDENT: @resnet50in160_fwd_eval holds 267 parameter tensors (97.7 MB) on 4 devices; they stop crossing PCIe from here
2026-09-24 02:14:20 Epoch 42/100: loss=0.004014 lr=0.005361
2026-09-24 02:14:20   epoch 42: test_acc = 31046/50000 = 62.092000%  top5 = 42135/50000 = 84.270000%  [95% CI 61.67–62.52]
2026-09-24 02:14:21   step 0/2500: loss=0.005180
2026-09-24 02:14:21   step 1/2500: loss=0.003670
2026-09-24 02:14:21   step 2/2500: loss=0.004844
2026-09-24 02:14:50   step 100/2500: loss=0.004478
2026-09-24 02:15:20   step 200/2500: loss=0.002999
2026-09-24 02:15:50   step 300/2500: loss=0.002611
2026-09-24 02:16:20   step 400/2500: loss=0.003972
2026-09-24 02:16:49   step 500/2500: loss=0.005055
2026-09-24 02:17:19   step 600/2500: loss=0.003294
2026-09-24 02:17:49   step 700/2500: loss=0.004409
2026-09-24 02:18:19   step 800/2500: loss=0.004895
2026-09-24 02:18:50   step 900/2500: loss=0.004898
2026-09-24 02:19:20   step 1000/2500: loss=0.002794
2026-09-24 02:19:50   step 1100/2500: loss=0.003125
2026-09-24 02:20:20   step 1200/2500: loss=0.005366
2026-09-24 02:20:53   step 1300/2500: loss=0.003546
2026-09-24 02:21:23   step 1400/2500: loss=0.002993
2026-09-24 02:21:52   step 1500/2500: loss=0.003016
2026-09-24 02:22:22   step 1600/2500: loss=0.004336
2026-09-24 02:22:51   step 1700/2500: loss=0.003004
2026-09-24 02:23:21   step 1800/2500: loss=0.003097
2026-09-24 02:23:50   step 1900/2500: loss=0.002896
2026-09-24 02:24:20   step 2000/2500: loss=0.004973
2026-09-24 02:24:50   step 2100/2500: loss=0.005100
2026-09-24 02:25:20   step 2200/2500: loss=0.002892
2026-09-24 02:25:50   step 2300/2500: loss=0.003230
2026-09-24 02:26:19   step 2400/2500: loss=0.005132
2026-09-24 02:26:57 [pjrt_ffi] RESIDENT: @resnet50in160_fwd_eval holds 267 parameter tensors (97.7 MB) on 4 devices; they stop crossing PCIe from here
2026-09-24 02:27:38 Epoch 43/100: loss=0.003962 lr=0.005236
2026-09-24 02:27:38   epoch 43: test_acc = 30572/50000 = 61.144000%  top5 = 41957/50000 = 83.914000%  [95% CI 60.72–61.57]
2026-09-24 02:27:38   step 0/2500: loss=0.004755
2026-09-24 02:27:39   step 1/2500: loss=0.004638
2026-09-24 02:27:39   step 2/2500: loss=0.005145
2026-09-24 02:28:08   step 100/2500: loss=0.004723
2026-09-24 02:28:38   step 200/2500: loss=0.003473
2026-09-24 02:29:08   step 300/2500: loss=0.005017
2026-09-24 02:29:38   step 400/2500: loss=0.005285
2026-09-24 02:30:08   step 500/2500: loss=0.003015
2026-09-24 02:30:37   step 600/2500: loss=0.002655
2026-09-24 02:31:07   step 700/2500: loss=0.003892
2026-09-24 02:31:37   step 800/2500: loss=0.004797
2026-09-24 02:32:06   step 900/2500: loss=0.004396
2026-09-24 02:32:42   step 1000/2500: loss=0.002670
2026-09-24 02:33:11   step 1100/2500: loss=0.004760
2026-09-24 02:33:41   step 1200/2500: loss=0.003765
2026-09-24 02:34:11   step 1300/2500: loss=0.002941
2026-09-24 02:34:41   step 1400/2500: loss=0.004500
2026-09-24 02:35:10   step 1500/2500: loss=0.004258
2026-09-24 02:35:40   step 1600/2500: loss=0.002947
2026-09-24 02:36:09   step 1700/2500: loss=0.002789
2026-09-24 02:36:39   step 1800/2500: loss=0.002680
2026-09-24 02:37:10   step 1900/2500: loss=0.004834
2026-09-24 02:37:40   step 2000/2500: loss=0.004415
2026-09-24 02:38:10   step 2100/2500: loss=0.003316
2026-09-24 02:38:40   step 2200/2500: loss=0.005553
2026-09-24 02:39:09   step 2300/2500: loss=0.004295
2026-09-24 02:39:39   step 2400/2500: loss=0.005469
2026-09-24 02:40:16 [pjrt_ffi] RESIDENT: @resnet50in160_fwd_eval holds 267 parameter tensors (97.7 MB) on 4 devices; they stop crossing PCIe from here
2026-09-24 02:41:02 Epoch 44/100: loss=0.003928 lr=0.005110
2026-09-24 02:41:02   epoch 44: test_acc = 30892/50000 = 61.784000%  top5 = 42168/50000 = 84.336000%  [95% CI 61.36–62.21]
2026-09-24 02:41:02   step 0/2500: loss=0.002586
2026-09-24 02:41:02   step 1/2500: loss=0.005047
2026-09-24 02:41:03   step 2/2500: loss=0.002899
2026-09-24 02:41:32   step 100/2500: loss=0.004209
2026-09-24 02:42:02   step 200/2500: loss=0.004788
2026-09-24 02:42:33   step 300/2500: loss=0.004565
2026-09-24 02:43:02   step 400/2500: loss=0.002987
2026-09-24 02:43:33   step 500/2500: loss=0.002982
2026-09-24 02:44:03   step 600/2500: loss=0.004925
2026-09-24 02:44:33   step 700/2500: loss=0.004226
2026-09-24 02:45:03   step 800/2500: loss=0.003700
2026-09-24 02:45:33   step 900/2500: loss=0.002670
2026-09-24 02:46:02   step 1000/2500: loss=0.004815
2026-09-24 02:46:32   step 1100/2500: loss=0.005204
2026-09-24 02:47:01   step 1200/2500: loss=0.005611
2026-09-24 02:47:32   step 1300/2500: loss=0.003033
2026-09-24 02:48:02   step 1400/2500: loss=0.004462
2026-09-24 02:48:31   step 1500/2500: loss=0.004488
2026-09-24 02:49:01   step 1600/2500: loss=0.002820
2026-09-24 02:49:31   step 1700/2500: loss=0.002788
2026-09-24 02:50:00   step 1800/2500: loss=0.004748
2026-09-24 02:50:30   step 1900/2500: loss=0.003921
2026-09-24 02:51:00   step 2000/2500: loss=0.002825
2026-09-24 02:51:29   step 2100/2500: loss=0.002940
2026-09-24 02:51:59   step 2200/2500: loss=0.003708
2026-09-24 02:52:30   step 2300/2500: loss=0.004183
2026-09-24 02:52:59   step 2400/2500: loss=0.002806
2026-09-24 02:53:37 [pjrt_ffi] RESIDENT: @resnet50in160_fwd_eval holds 267 parameter tensors (97.7 MB) on 4 devices; they stop crossing PCIe from here
2026-09-24 02:54:23 Epoch 45/100: loss=0.003906 lr=0.004982
2026-09-24 02:54:23   epoch 45: test_acc = 30188/50000 = 60.376000%  top5 = 41722/50000 = 83.444000%  [95% CI 59.95–60.80]
2026-09-24 02:54:23   step 0/2500: loss=0.005344
2026-09-24 02:54:23   step 1/2500: loss=0.002895
2026-09-24 02:54:24   step 2/2500: loss=0.004785
2026-09-24 02:54:53   step 100/2500: loss=0.003779
2026-09-24 02:55:23   step 200/2500: loss=0.004998
2026-09-24 02:55:52   step 300/2500: loss=0.003224
2026-09-24 02:56:22   step 400/2500: loss=0.006062
2026-09-24 02:56:52   step 500/2500: loss=0.003815
2026-09-24 02:57:21   step 600/2500: loss=0.005215
2026-09-24 02:57:51   step 700/2500: loss=0.002418
2026-09-24 02:58:20   step 800/2500: loss=0.002837
2026-09-24 02:58:50   step 900/2500: loss=0.003296
2026-09-24 02:59:20   step 1000/2500: loss=0.004297
2026-09-24 02:59:50   step 1100/2500: loss=0.002747
2026-09-24 03:00:19   step 1200/2500: loss=0.002585
2026-09-24 03:00:49   step 1300/2500: loss=0.004945
2026-09-24 03:01:18   step 1400/2500: loss=0.003710
2026-09-24 03:01:48   step 1500/2500: loss=0.003495
2026-09-24 03:02:17   step 1600/2500: loss=0.002756
2026-09-24 03:02:47   step 1700/2500: loss=0.004387
2026-09-24 03:03:16   step 1800/2500: loss=0.004580
2026-09-24 03:03:46   step 1900/2500: loss=0.002774
2026-09-24 03:04:16   step 2000/2500: loss=0.002766
2026-09-24 03:04:46   step 2100/2500: loss=0.005180
2026-09-24 03:05:16   step 2200/2500: loss=0.004727
2026-09-24 03:05:45   step 2300/2500: loss=0.002576
2026-09-24 03:06:15   step 2400/2500: loss=0.002930
2026-09-24 03:06:53 [pjrt_ffi] RESIDENT: @resnet50in160_fwd_eval holds 267 parameter tensors (97.7 MB) on 4 devices; they stop crossing PCIe from here
2026-09-24 03:07:37 Epoch 46/100: loss=0.003883 lr=0.004853
2026-09-24 03:07:37   epoch 46: test_acc = 29006/50000 = 58.012000%  top5 = 40448/50000 = 80.896000%  [95% CI 57.58–58.44]
2026-09-24 03:07:37   step 0/2500: loss=0.004925
2026-09-24 03:07:38   step 1/2500: loss=0.004477
2026-09-24 03:07:38   step 2/2500: loss=0.004722
2026-09-24 03:08:09   step 100/2500: loss=0.005245
2026-09-24 03:08:39   step 200/2500: loss=0.002278
2026-09-24 03:09:09   step 300/2500: loss=0.002416
2026-09-24 03:09:38   step 400/2500: loss=0.005142
2026-09-24 03:10:08   step 500/2500: loss=0.003769
2026-09-24 03:10:38   step 600/2500: loss=0.005158
2026-09-24 03:11:08   step 700/2500: loss=0.002828
2026-09-24 03:11:37   step 800/2500: loss=0.004765
2026-09-24 03:12:07   step 900/2500: loss=0.005029
2026-09-24 03:12:37   step 1000/2500: loss=0.003499
2026-09-24 03:13:06   step 1100/2500: loss=0.003175
2026-09-24 03:13:36   step 1200/2500: loss=0.003603
2026-09-24 03:14:06   step 1300/2500: loss=0.005007
2026-09-24 03:14:36   step 1400/2500: loss=0.003287
2026-09-24 03:15:06   step 1500/2500: loss=0.005126
2026-09-24 03:15:35   step 1600/2500: loss=0.002907
2026-09-24 03:16:05   step 1700/2500: loss=0.004750
2026-09-24 03:16:35   step 1800/2500: loss=0.002598
2026-09-24 03:17:04   step 1900/2500: loss=0.004693
2026-09-24 03:17:34   step 2000/2500: loss=0.004861
2026-09-24 03:18:04   step 2100/2500: loss=0.004971
2026-09-24 03:18:33   step 2200/2500: loss=0.005470
2026-09-24 03:19:03   step 2300/2500: loss=0.002774
2026-09-24 03:19:33   step 2400/2500: loss=0.004516
2026-09-24 03:20:09 [pjrt_ffi] RESIDENT: @resnet50in160_fwd_eval holds 267 parameter tensors (97.7 MB) on 4 devices; they stop crossing PCIe from here
2026-09-24 03:20:47 Epoch 47/100: loss=0.003866 lr=0.004724
2026-09-24 03:20:47   epoch 47: test_acc = 31116/50000 = 62.232000%  top5 = 42085/50000 = 84.170000%  [95% CI 61.81–62.66]
2026-09-24 03:20:47   step 0/2500: loss=0.004172
2026-09-24 03:20:47   step 1/2500: loss=0.003881
2026-09-24 03:20:48   step 2/2500: loss=0.003518
2026-09-24 03:21:18   step 100/2500: loss=0.002834
2026-09-24 03:21:48   step 200/2500: loss=0.002595
2026-09-24 03:22:18   step 300/2500: loss=0.003757
2026-09-24 03:22:48   step 400/2500: loss=0.004020
2026-09-24 03:23:17   step 500/2500: loss=0.002450
2026-09-24 03:23:47   step 600/2500: loss=0.002868
2026-09-24 03:24:17   step 700/2500: loss=0.003714
2026-09-24 03:24:47   step 800/2500: loss=0.003565
2026-09-24 03:25:16   step 900/2500: loss=0.002868
2026-09-24 03:25:46   step 1000/2500: loss=0.002702
2026-09-24 03:26:17   step 1100/2500: loss=0.004848
2026-09-24 03:26:47   step 1200/2500: loss=0.003012
2026-09-24 03:27:17   step 1300/2500: loss=0.002621
2026-09-24 03:27:47   step 1400/2500: loss=0.002970
2026-09-24 03:28:16   step 1500/2500: loss=0.004123
2026-09-24 03:28:46   step 1600/2500: loss=0.004874
2026-09-24 03:29:16   step 1700/2500: loss=0.002838
2026-09-24 03:29:45   step 1800/2500: loss=0.002505
2026-09-24 03:30:15   step 1900/2500: loss=0.005013
2026-09-24 03:30:45   step 2000/2500: loss=0.003883
2026-09-24 03:31:14   step 2100/2500: loss=0.002659
2026-09-24 03:31:44   step 2200/2500: loss=0.002707
2026-09-24 03:32:14   step 2300/2500: loss=0.004989
2026-09-24 03:32:44   step 2400/2500: loss=0.003452
2026-09-24 03:33:21 [pjrt_ffi] RESIDENT: @resnet50in160_fwd_eval holds 267 parameter tensors (97.7 MB) on 4 devices; they stop crossing PCIe from here
2026-09-24 03:34:01 Epoch 48/100: loss=0.003831 lr=0.004593
2026-09-24 03:34:01   epoch 48: test_acc = 31759/50000 = 63.518000%  top5 = 42718/50000 = 85.436000%  [95% CI 63.10–63.94]
2026-09-24 03:34:01   step 0/2500: loss=0.002362
2026-09-24 03:34:01   step 1/2500: loss=0.002990
2026-09-24 03:34:02   step 2/2500: loss=0.002811
2026-09-24 03:34:31   step 100/2500: loss=0.002734
2026-09-24 03:35:01   step 200/2500: loss=0.004719
2026-09-24 03:35:31   step 300/2500: loss=0.004893
2026-09-24 03:36:01   step 400/2500: loss=0.002762
2026-09-24 03:36:30   step 500/2500: loss=0.002637
2026-09-24 03:37:00   step 600/2500: loss=0.004473
2026-09-24 03:37:30   step 700/2500: loss=0.005026
2026-09-24 03:37:59   step 800/2500: loss=0.004197
2026-09-24 03:38:29   step 900/2500: loss=0.005391
2026-09-24 03:38:58   step 1000/2500: loss=0.005029
2026-09-24 03:39:28   step 1100/2500: loss=0.004618
2026-09-24 03:39:58   step 1200/2500: loss=0.004545
2026-09-24 03:40:27   step 1300/2500: loss=0.002571
2026-09-24 03:40:57   step 1400/2500: loss=0.002798
2026-09-24 03:41:27   step 1500/2500: loss=0.003051
2026-09-24 03:41:57   step 1600/2500: loss=0.003858
2026-09-24 03:42:26   step 1700/2500: loss=0.002166
2026-09-24 03:42:56   step 1800/2500: loss=0.005184
2026-09-24 03:43:26   step 1900/2500: loss=0.003050
2026-09-24 03:43:56   step 2000/2500: loss=0.002584
2026-09-24 03:44:25   step 2100/2500: loss=0.002575
2026-09-24 03:44:55   step 2200/2500: loss=0.004403
2026-09-24 03:45:25   step 2300/2500: loss=0.004834
2026-09-24 03:45:55   step 2400/2500: loss=0.002755
2026-09-24 03:46:33 [pjrt_ffi] RESIDENT: @resnet50in160_fwd_eval holds 267 parameter tensors (97.7 MB) on 4 devices; they stop crossing PCIe from here
2026-09-24 03:47:13 Epoch 49/100: loss=0.003803 lr=0.004462
2026-09-24 03:47:13   epoch 49: test_acc = 31770/50000 = 63.540000%  top5 = 42762/50000 = 85.524000%  [95% CI 63.12–63.96]
2026-09-24 03:47:14   step 0/2500: loss=0.003018
2026-09-24 03:47:14   step 1/2500: loss=0.003311
2026-09-24 03:47:14   step 2/2500: loss=0.005763
2026-09-24 03:47:44   step 100/2500: loss=0.003977
2026-09-24 03:48:14   step 200/2500: loss=0.003582
2026-09-24 03:48:44   step 300/2500: loss=0.002744
2026-09-24 03:49:13   step 400/2500: loss=0.002249
2026-09-24 03:49:43   step 500/2500: loss=0.004867
2026-09-24 03:50:13   step 600/2500: loss=0.004866
2026-09-24 03:50:43   step 700/2500: loss=0.002540
2026-09-24 03:51:13   step 800/2500: loss=0.002560
2026-09-24 03:51:42   step 900/2500: loss=0.004725
2026-09-24 03:52:12   step 1000/2500: loss=0.005013
2026-09-24 03:52:41   step 1100/2500: loss=0.002821
2026-09-24 03:53:12   step 1200/2500: loss=0.002857
2026-09-24 03:53:41   step 1300/2500: loss=0.004829
2026-09-24 03:54:11   step 1400/2500: loss=0.004447
2026-09-24 03:54:41   step 1500/2500: loss=0.003134
2026-09-24 03:55:10   step 1600/2500: loss=0.002686
2026-09-24 03:55:40   step 1700/2500: loss=0.005100
2026-09-24 03:56:09   step 1800/2500: loss=0.004289
2026-09-24 03:56:39   step 1900/2500: loss=0.002222
2026-09-24 03:57:10   step 2000/2500: loss=0.004624
2026-09-24 03:57:40   step 2100/2500: loss=0.004710
2026-09-24 03:58:24   step 2200/2500: loss=0.004403
2026-09-24 03:58:54   step 2300/2500: loss=0.003045
2026-09-24 03:59:24   step 2400/2500: loss=0.002653
2026-09-24 04:00:02 [pjrt_ffi] RESIDENT: @resnet50in160_fwd_eval holds 267 parameter tensors (97.7 MB) on 4 devices; they stop crossing PCIe from here
2026-09-24 04:00:49 Epoch 50/100: loss=0.003796 lr=0.004330
2026-09-24 04:00:49   epoch 50: test_acc = 31090/50000 = 62.180000%  top5 = 42254/50000 = 84.508000%  [95% CI 61.75–62.60]
2026-09-24 04:00:50   step 0/2500: loss=0.004776
2026-09-24 04:00:50   step 1/2500: loss=0.004315
2026-09-24 04:00:50   step 2/2500: loss=0.004703
2026-09-24 04:01:20   step 100/2500: loss=0.004862
2026-09-24 04:01:49   step 200/2500: loss=0.002685
2026-09-24 04:02:19   step 300/2500: loss=0.002528
2026-09-24 04:02:49   step 400/2500: loss=0.003092
2026-09-24 04:03:19   step 500/2500: loss=0.003500
2026-09-24 04:03:48   step 600/2500: loss=0.003303
2026-09-24 04:04:18   step 700/2500: loss=0.002563
2026-09-24 04:04:48   step 800/2500: loss=0.004089
2026-09-24 04:05:18   step 900/2500: loss=0.004719
2026-09-24 04:05:47   step 1000/2500: loss=0.003102
2026-09-24 04:06:17   step 1100/2500: loss=0.002712
2026-09-24 04:06:47   step 1200/2500: loss=0.004813
2026-09-24 04:07:17   step 1300/2500: loss=0.004224
2026-09-24 04:07:47   step 1400/2500: loss=0.002649
2026-09-24 04:08:16   step 1500/2500: loss=0.002805
2026-09-24 04:08:46   step 1600/2500: loss=0.004932
2026-09-24 04:09:16   step 1700/2500: loss=0.002564
2026-09-24 04:09:50   step 1800/2500: loss=0.002840
2026-09-24 04:10:19   step 1900/2500: loss=0.002146
2026-09-24 04:10:49   step 2000/2500: loss=0.004931
2026-09-24 04:11:19   step 2100/2500: loss=0.005092
2026-09-24 04:11:48   step 2200/2500: loss=0.004567
2026-09-24 04:12:18   step 2300/2500: loss=0.005652
2026-09-24 04:12:48   step 2400/2500: loss=0.004902
2026-09-24 04:13:26 [pjrt_ffi] RESIDENT: @resnet50in160_fwd_eval holds 267 parameter tensors (97.7 MB) on 4 devices; they stop crossing PCIe from here
2026-09-24 04:14:04 Epoch 51/100: loss=0.003751 lr=0.004198
2026-09-24 04:14:04   epoch 51: test_acc = 30545/50000 = 61.090000%  top5 = 41631/50000 = 83.262000%  [95% CI 60.66–61.52]
2026-09-24 04:14:04   step 0/2500: loss=0.003071
2026-09-24 04:14:05   step 1/2500: loss=0.004611
2026-09-24 04:14:05   step 2/2500: loss=0.003505
2026-09-24 04:14:34   step 100/2500: loss=0.002599
2026-09-24 04:15:04   step 200/2500: loss=0.004948
2026-09-24 04:15:34   step 300/2500: loss=0.004555
2026-09-24 04:16:04   step 400/2500: loss=0.004418
2026-09-24 04:16:33   step 500/2500: loss=0.003131
2026-09-24 04:17:03   step 600/2500: loss=0.003075
2026-09-24 04:17:33   step 700/2500: loss=0.004253
2026-09-24 04:18:03   step 800/2500: loss=0.004464
2026-09-24 04:18:32   step 900/2500: loss=0.002769
2026-09-24 04:19:02   step 1000/2500: loss=0.002807
2026-09-24 04:19:32   step 1100/2500: loss=0.004199
2026-09-24 04:20:02   step 1200/2500: loss=0.003109
2026-09-24 04:20:32   step 1300/2500: loss=0.002292
2026-09-24 04:21:02   step 1400/2500: loss=0.002869
2026-09-24 04:21:31   step 1500/2500: loss=0.003426
2026-09-24 04:22:01   step 1600/2500: loss=0.004759
2026-09-24 04:22:30   step 1700/2500: loss=0.003111
2026-09-24 04:23:00   step 1800/2500: loss=0.002508
2026-09-24 04:23:30   step 1900/2500: loss=0.004894
2026-09-24 04:24:00   step 2000/2500: loss=0.005254
2026-09-24 04:24:29   step 2100/2500: loss=0.002979
2026-09-24 04:24:59   step 2200/2500: loss=0.004564
2026-09-24 04:25:29   step 2300/2500: loss=0.004878
2026-09-24 04:25:59   step 2400/2500: loss=0.004611
2026-09-24 04:26:37 [pjrt_ffi] RESIDENT: @resnet50in160_fwd_eval holds 267 parameter tensors (97.7 MB) on 4 devices; they stop crossing PCIe from here
2026-09-24 04:27:16 Epoch 52/100: loss=0.003711 lr=0.004066
2026-09-24 04:27:16   epoch 52: test_acc = 32341/50000 = 64.682000%  top5 = 42944/50000 = 85.888000%  [95% CI 64.26–65.10]
2026-09-24 04:27:16   step 0/2500: loss=0.005229
2026-09-24 04:27:16   step 1/2500: loss=0.002263
2026-09-24 04:27:17   step 2/2500: loss=0.002176
2026-09-24 04:27:46   step 100/2500: loss=0.002902
2026-09-24 04:28:16   step 200/2500: loss=0.004544
2026-09-24 04:28:46   step 300/2500: loss=0.005079
2026-09-24 04:29:15   step 400/2500: loss=0.002361
2026-09-24 04:29:45   step 500/2500: loss=0.003937
2026-09-24 04:30:15   step 600/2500: loss=0.004825
2026-09-24 04:30:45   step 700/2500: loss=0.004765
2026-09-24 04:31:14   step 800/2500: loss=0.003557
2026-09-24 04:31:44   step 900/2500: loss=0.002245
2026-09-24 04:32:14   step 1000/2500: loss=0.003320
2026-09-24 04:32:44   step 1100/2500: loss=0.004685
2026-09-24 04:33:14   step 1200/2500: loss=0.004351
2026-09-24 04:33:44   step 1300/2500: loss=0.003237
2026-09-24 04:34:13   step 1400/2500: loss=0.004294
2026-09-24 04:34:43   step 1500/2500: loss=0.004851
2026-09-24 04:35:13   step 1600/2500: loss=0.002704
2026-09-24 04:35:43   step 1700/2500: loss=0.005969
2026-09-24 04:36:13   step 1800/2500: loss=0.004360
2026-09-24 04:36:42   step 1900/2500: loss=0.004993
2026-09-24 04:37:12   step 2000/2500: loss=0.002708
2026-09-24 04:37:42   step 2100/2500: loss=0.003368
2026-09-24 04:38:12   step 2200/2500: loss=0.004820
2026-09-24 04:38:42   step 2300/2500: loss=0.004659
2026-09-24 04:39:12   step 2400/2500: loss=0.002813
2026-09-24 04:39:48 [pjrt_ffi] RESIDENT: @resnet50in160_fwd_eval holds 267 parameter tensors (97.7 MB) on 4 devices; they stop crossing PCIe from here
2026-09-24 04:40:20 Epoch 53/100: loss=0.003714 lr=0.003934
2026-09-24 04:40:20   epoch 53: test_acc = 31352/50000 = 62.704000%  top5 = 42393/50000 = 84.786000%  [95% CI 62.28–63.13]
2026-09-24 04:40:21   step 0/2500: loss=0.002527
2026-09-24 04:40:21   step 1/2500: loss=0.003652
2026-09-24 04:40:21   step 2/2500: loss=0.002753
2026-09-24 04:40:50   step 100/2500: loss=0.002853
2026-09-24 04:41:20   step 200/2500: loss=0.004385
2026-09-24 04:41:50   step 300/2500: loss=0.004007
2026-09-24 04:42:19   step 400/2500: loss=0.003106
2026-09-24 04:42:49   step 500/2500: loss=0.004664
2026-09-24 04:43:19   step 600/2500: loss=0.004775
2026-09-24 04:43:49   step 700/2500: loss=0.002735
2026-09-24 04:44:19   step 800/2500: loss=0.002623
2026-09-24 04:44:48   step 900/2500: loss=0.004979
2026-09-24 04:45:18   step 1000/2500: loss=0.004382
2026-09-24 04:45:48   step 1100/2500: loss=0.002516
2026-09-24 04:46:18   step 1200/2500: loss=0.002642
2026-09-24 04:46:48   step 1300/2500: loss=0.005424
2026-09-24 04:47:19   step 1400/2500: loss=0.003906
2026-09-24 04:47:49   step 1500/2500: loss=0.002331
2026-09-24 04:48:19   step 1600/2500: loss=0.002394
2026-09-24 04:48:48   step 1700/2500: loss=0.004718
2026-09-24 04:49:18   step 1800/2500: loss=0.003644
2026-09-24 04:49:48   step 1900/2500: loss=0.004253
2026-09-24 04:50:18   step 2000/2500: loss=0.002363
2026-09-24 04:50:47   step 2100/2500: loss=0.002551
2026-09-24 04:51:17   step 2200/2500: loss=0.004405
2026-09-24 04:51:47   step 2300/2500: loss=0.002582
2026-09-24 04:52:17   step 2400/2500: loss=0.002574
2026-09-24 04:52:53 [pjrt_ffi] RESIDENT: @resnet50in160_fwd_eval holds 267 parameter tensors (97.7 MB) on 4 devices; they stop crossing PCIe from here
2026-09-24 04:53:31 Epoch 54/100: loss=0.003676 lr=0.003802
2026-09-24 04:53:31   epoch 54: test_acc = 31738/50000 = 63.476000%  top5 = 42682/50000 = 85.364000%  [95% CI 63.05–63.90]
2026-09-24 04:53:32   step 0/2500: loss=0.004318
2026-09-24 04:53:32   step 1/2500: loss=0.004624
2026-09-24 04:53:32   step 2/2500: loss=0.004857
2026-09-24 04:54:01   step 100/2500: loss=0.004841
2026-09-24 04:54:32   step 200/2500: loss=0.002183
2026-09-24 04:55:01   step 300/2500: loss=0.002995
2026-09-24 04:55:31   step 400/2500: loss=0.004283
2026-09-24 04:56:01   step 500/2500: loss=0.003983
2026-09-24 04:56:31   step 600/2500: loss=0.003424
2026-09-24 04:57:00   step 700/2500: loss=0.001860
2026-09-24 04:57:30   step 800/2500: loss=0.002933
2026-09-24 04:58:00   step 900/2500: loss=0.004566
2026-09-24 04:58:30   step 1000/2500: loss=0.003025
2026-09-24 04:58:59   step 1100/2500: loss=0.002419
2026-09-24 04:59:29   step 1200/2500: loss=0.004896
2026-09-24 04:59:59   step 1300/2500: loss=0.004017
2026-09-24 05:00:28   step 1400/2500: loss=0.002872
2026-09-24 05:00:58   step 1500/2500: loss=0.005754
2026-09-24 05:01:28   step 1600/2500: loss=0.004592
2026-09-24 05:01:58   step 1700/2500: loss=0.004804
2026-09-24 05:02:27   step 1800/2500: loss=0.002298
2026-09-24 05:02:57   step 1900/2500: loss=0.002948
2026-09-24 05:03:27   step 2000/2500: loss=0.004262
2026-09-24 05:03:56   step 2100/2500: loss=0.004480
2026-09-24 05:04:26   step 2200/2500: loss=0.002956
2026-09-24 05:04:56   step 2300/2500: loss=0.002434
2026-09-24 05:05:26   step 2400/2500: loss=0.002351
2026-09-24 05:06:03 [pjrt_ffi] RESIDENT: @resnet50in160_fwd_eval holds 267 parameter tensors (97.7 MB) on 4 devices; they stop crossing PCIe from here
2026-09-24 05:06:40 Epoch 55/100: loss=0.003646 lr=0.003670
2026-09-24 05:06:40   epoch 55: test_acc = 32568/50000 = 65.136000%  top5 = 43139/50000 = 86.278000%  [95% CI 64.72–65.55]
2026-09-24 05:06:41   step 0/2500: loss=0.003932
2026-09-24 05:06:41   step 1/2500: loss=0.004472
2026-09-24 05:06:41   step 2/2500: loss=0.004603
2026-09-24 05:07:11   step 100/2500: loss=0.002896
2026-09-24 05:07:40   step 200/2500: loss=0.002899
2026-09-24 05:08:10   step 300/2500: loss=0.004864
2026-09-24 05:08:40   step 400/2500: loss=0.005074
2026-09-24 05:09:10   step 500/2500: loss=0.002762
2026-09-24 05:09:40   step 600/2500: loss=0.003797
2026-09-24 05:10:09   step 700/2500: loss=0.004793
2026-09-24 05:10:39   step 800/2500: loss=0.004745
2026-09-24 05:11:09   step 900/2500: loss=0.002770
2026-09-24 05:11:38   step 1000/2500: loss=0.002470
2026-09-24 05:12:08   step 1100/2500: loss=0.003379
2026-09-24 05:12:37   step 1200/2500: loss=0.004618
2026-09-24 05:13:09   step 1300/2500: loss=0.002749
2026-09-24 05:13:39   step 1400/2500: loss=0.003100
2026-09-24 05:14:09   step 1500/2500: loss=0.003199
2026-09-24 05:14:39   step 1600/2500: loss=0.004240
2026-09-24 05:15:08   step 1700/2500: loss=0.002338
2026-09-24 05:15:38   step 1800/2500: loss=0.002514
2026-09-24 05:16:07   step 1900/2500: loss=0.003598
2026-09-24 05:16:37   step 2000/2500: loss=0.003219
2026-09-24 05:17:07   step 2100/2500: loss=0.002121
2026-09-24 05:17:37   step 2200/2500: loss=0.003088
2026-09-24 05:18:07   step 2300/2500: loss=0.005182
2026-09-24 05:18:37   step 2400/2500: loss=0.003784
2026-09-24 05:19:13 [pjrt_ffi] RESIDENT: @resnet50in160_fwd_eval holds 267 parameter tensors (97.7 MB) on 4 devices; they stop crossing PCIe from here
2026-09-24 05:19:48 Epoch 56/100: loss=0.003609 lr=0.003538
2026-09-24 05:19:48   epoch 56: test_acc = 32878/50000 = 65.756000%  top5 = 43443/50000 = 86.886000%  [95% CI 65.34–66.17]
2026-09-24 05:19:49   step 0/2500: loss=0.002495
2026-09-24 05:19:49   step 1/2500: loss=0.005680
2026-09-24 05:19:49   step 2/2500: loss=0.002389
2026-09-24 05:20:18   step 100/2500: loss=0.002329
2026-09-24 05:20:48   step 200/2500: loss=0.004920
2026-09-24 05:21:18   step 300/2500: loss=0.004393
2026-09-24 05:21:48   step 400/2500: loss=0.002282
2026-09-24 05:22:18   step 500/2500: loss=0.002376
2026-09-24 05:22:48   step 600/2500: loss=0.004225
2026-09-24 05:23:18   step 700/2500: loss=0.004325
2026-09-24 05:23:47   step 800/2500: loss=0.003252
2026-09-24 05:24:17   step 900/2500: loss=0.002863
2026-09-24 05:24:46   step 1000/2500: loss=0.004913
2026-09-24 05:25:17   step 1100/2500: loss=0.004769
2026-09-24 05:25:46   step 1200/2500: loss=0.002658
2026-09-24 05:26:16   step 1300/2500: loss=0.002728
2026-09-24 05:26:46   step 1400/2500: loss=0.004019
2026-09-24 05:27:16   step 1500/2500: loss=0.004396
2026-09-24 05:27:45   step 1600/2500: loss=0.002750
2026-09-24 05:28:15   step 1700/2500: loss=0.002563
2026-09-24 05:28:44   step 1800/2500: loss=0.004428
2026-09-24 05:29:14   step 1900/2500: loss=0.004723
2026-09-24 05:29:44   step 2000/2500: loss=0.002914
2026-09-24 05:30:14   step 2100/2500: loss=0.002490
2026-09-24 05:30:43   step 2200/2500: loss=0.004699
2026-09-24 05:31:13   step 2300/2500: loss=0.003971
2026-09-24 05:31:43   step 2400/2500: loss=0.005592
2026-09-24 05:32:19 [pjrt_ffi] RESIDENT: @resnet50in160_fwd_eval holds 267 parameter tensors (97.7 MB) on 4 devices; they stop crossing PCIe from here
2026-09-24 05:32:55 Epoch 57/100: loss=0.003581 lr=0.003407
2026-09-24 05:32:55   epoch 57: test_acc = 34427/50000 = 68.854000%  top5 = 44411/50000 = 88.822000%  [95% CI 68.45–69.26]
2026-09-24 05:32:55   step 0/2500: loss=0.002748
2026-09-24 05:32:56   step 1/2500: loss=0.002583
2026-09-24 05:32:56   step 2/2500: loss=0.002021
2026-09-24 05:33:25   step 100/2500: loss=0.002629
2026-09-24 05:33:55   step 200/2500: loss=0.003873
2026-09-24 05:34:25   step 300/2500: loss=0.002008
2026-09-24 05:34:55   step 400/2500: loss=0.002403
2026-09-24 05:35:24   step 500/2500: loss=0.004709
2026-09-24 05:35:54   step 600/2500: loss=0.003534
2026-09-24 05:36:36   step 700/2500: loss=0.002831
2026-09-24 05:37:06   step 800/2500: loss=0.002275
2026-09-24 05:37:36   step 900/2500: loss=0.004562
2026-09-24 05:38:05   step 1000/2500: loss=0.004571
2026-09-24 05:38:35   step 1100/2500: loss=0.002187
2026-09-24 05:39:05   step 1200/2500: loss=0.002174
2026-09-24 05:39:34   step 1300/2500: loss=0.003052
2026-09-24 05:40:04   step 1400/2500: loss=0.004439
2026-09-24 05:40:34   step 1500/2500: loss=0.002050
2026-09-24 05:41:04   step 1600/2500: loss=0.001867
2026-09-24 05:41:34   step 1700/2500: loss=0.004765
2026-09-24 05:42:03   step 1800/2500: loss=0.004629
2026-09-24 05:42:33   step 1900/2500: loss=0.002532
2026-09-24 05:43:03   step 2000/2500: loss=0.002849
2026-09-24 05:43:33   step 2100/2500: loss=0.004437
2026-09-24 05:44:03   step 2200/2500: loss=0.003898
2026-09-24 05:44:33   step 2300/2500: loss=0.004784
2026-09-24 05:45:02   step 2400/2500: loss=0.002444
2026-09-24 05:45:41 [pjrt_ffi] RESIDENT: @resnet50in160_fwd_eval holds 267 parameter tensors (97.7 MB) on 4 devices; they stop crossing PCIe from here
2026-09-24 05:46:21 Epoch 58/100: loss=0.003581 lr=0.003276
2026-09-24 05:46:21   epoch 58: test_acc = 34609/50000 = 69.218000%  top5 = 44534/50000 = 89.068000%  [95% CI 68.81–69.62]
2026-09-24 05:46:22   step 0/2500: loss=0.003804
2026-09-24 05:46:22   step 1/2500: loss=0.002916
2026-09-24 05:46:22   step 2/2500: loss=0.004090
2026-09-24 05:46:52   step 100/2500: loss=0.003909
2026-09-24 05:47:21   step 200/2500: loss=0.002640
2026-09-24 05:47:55   step 300/2500: loss=0.002523
2026-09-24 05:48:25   step 400/2500: loss=0.004946
2026-09-24 05:48:55   step 500/2500: loss=0.004400
2026-09-24 05:49:25   step 600/2500: loss=0.003146
2026-09-24 05:49:55   step 700/2500: loss=0.002432
2026-09-24 05:50:24   step 800/2500: loss=0.003853
2026-09-24 05:50:54   step 900/2500: loss=0.004597
2026-09-24 05:51:23   step 1000/2500: loss=0.003011
2026-09-24 05:51:53   step 1100/2500: loss=0.003923
2026-09-24 05:52:23   step 1200/2500: loss=0.004679
2026-09-24 05:52:52   step 1300/2500: loss=0.004489
2026-09-24 05:53:22   step 1400/2500: loss=0.003201
2026-09-24 05:53:52   step 1500/2500: loss=0.002368
2026-09-24 05:54:22   step 1600/2500: loss=0.004419
2026-09-24 05:54:52   step 1700/2500: loss=0.002840
2026-09-24 05:55:22   step 1800/2500: loss=0.002342
2026-09-24 05:55:52   step 1900/2500: loss=0.003025
2026-09-24 05:56:22   step 2000/2500: loss=0.004552
2026-09-24 05:56:51   step 2100/2500: loss=0.004267
2026-09-24 05:57:21   step 2200/2500: loss=0.004589
2026-09-24 05:57:51   step 2300/2500: loss=0.003859
2026-09-24 05:58:21   step 2400/2500: loss=0.004654
2026-09-24 05:59:00 [pjrt_ffi] RESIDENT: @resnet50in160_fwd_eval holds 267 parameter tensors (97.7 MB) on 4 devices; they stop crossing PCIe from here
2026-09-24 05:59:41 Epoch 59/100: loss=0.003530 lr=0.003147
2026-09-24 05:59:41   epoch 59: test_acc = 34656/50000 = 69.312000%  top5 = 44627/50000 = 89.254000%  [95% CI 68.91–69.71]
2026-09-24 05:59:43   step 0/2500: loss=0.004715
2026-09-24 05:59:43   step 1/2500: loss=0.002354
2026-09-24 05:59:43   step 2/2500: loss=0.004629
2026-09-24 06:00:13   step 100/2500: loss=0.005686
2026-09-24 06:00:43   step 200/2500: loss=0.003312
2026-09-24 06:01:13   step 300/2500: loss=0.004716
2026-09-24 06:01:42   step 400/2500: loss=0.003854
2026-09-24 06:02:12   step 500/2500: loss=0.002512
2026-09-24 06:02:42   step 600/2500: loss=0.005754
2026-09-24 06:03:11   step 700/2500: loss=0.004223
2026-09-24 06:03:50   step 800/2500: loss=0.004088
2026-09-24 06:04:20   step 900/2500: loss=0.002079
2026-09-24 06:04:50   step 1000/2500: loss=0.002592
2026-09-24 06:05:20   step 1100/2500: loss=0.004430
2026-09-24 06:05:54   step 1200/2500: loss=0.002970
2026-09-24 06:06:23   step 1300/2500: loss=0.002547
2026-09-24 06:06:53   step 1400/2500: loss=0.002509
2026-09-24 06:07:23   step 1500/2500: loss=0.003978
2026-09-24 06:07:53   step 1600/2500: loss=0.004777
2026-09-24 06:08:22   step 1700/2500: loss=0.002578
2026-09-24 06:08:52   step 1800/2500: loss=0.002445
2026-09-24 06:09:21   step 1900/2500: loss=0.003172
2026-09-24 06:09:51   step 2000/2500: loss=0.004725
2026-09-24 06:10:20   step 2100/2500: loss=0.002781
2026-09-24 06:10:50   step 2200/2500: loss=0.002585
2026-09-24 06:11:20   step 2300/2500: loss=0.004469
2026-09-24 06:11:50   step 2400/2500: loss=0.004395
2026-09-24 06:12:26 [pjrt_ffi] RESIDENT: @resnet50in160_fwd_eval holds 267 parameter tensors (97.7 MB) on 4 devices; they stop crossing PCIe from here
2026-09-24 06:13:00 Epoch 60/100: loss=0.003497 lr=0.003018
2026-09-24 06:13:00   epoch 60: test_acc = 34358/50000 = 68.716000%  top5 = 44307/50000 = 88.614000%  [95% CI 68.31–69.12]
2026-09-24 06:13:01   step 0/2500: loss=0.002059
2026-09-24 06:13:01   step 1/2500: loss=0.001981
2026-09-24 06:13:01   step 2/2500: loss=0.002495
2026-09-24 06:13:32   step 100/2500: loss=0.002481
2026-09-24 06:14:01   step 200/2500: loss=0.004638
2026-09-24 06:14:31   step 300/2500: loss=0.004419
2026-09-24 06:15:01   step 400/2500: loss=0.002034
2026-09-24 06:15:30   step 500/2500: loss=0.001989
2026-09-24 06:16:00   step 600/2500: loss=0.004371
2026-09-24 06:16:30   step 700/2500: loss=0.004096
2026-09-24 06:17:00   step 800/2500: loss=0.002778
2026-09-24 06:17:30   step 900/2500: loss=0.002017
2026-09-24 06:17:59   step 1000/2500: loss=0.004221
2026-09-24 06:18:29   step 1100/2500: loss=0.004614
2026-09-24 06:18:59   step 1200/2500: loss=0.001985
2026-09-24 06:19:28   step 1300/2500: loss=0.002836
2026-09-24 06:19:58   step 1400/2500: loss=0.002758
2026-09-24 06:20:27   step 1500/2500: loss=0.004584
2026-09-24 06:20:57   step 1600/2500: loss=0.002283
2026-09-24 06:21:27   step 1700/2500: loss=0.002173
2026-09-24 06:21:56   step 1800/2500: loss=0.004536
2026-09-24 06:22:26   step 1900/2500: loss=0.004448
2026-09-24 06:22:56   step 2000/2500: loss=0.001997
2026-09-24 06:23:26   step 2100/2500: loss=0.002419
2026-09-24 06:23:55   step 2200/2500: loss=0.003515
2026-09-24 06:24:25   step 2300/2500: loss=0.004514
2026-09-24 06:24:54   step 2400/2500: loss=0.002520
2026-09-24 06:25:30 [pjrt_ffi] RESIDENT: @resnet50in160_fwd_eval holds 267 parameter tensors (97.7 MB) on 4 devices; they stop crossing PCIe from here
2026-09-24 06:26:04 Epoch 61/100: loss=0.003481 lr=0.002890
2026-09-24 06:26:04   epoch 61: test_acc = 35230/50000 = 70.460000%  top5 = 44859/50000 = 89.718000%  [95% CI 70.06–70.86]
2026-09-24 06:26:05   step 0/2500: loss=0.002598
2026-09-24 06:26:05   step 1/2500: loss=0.002345
2026-09-24 06:26:05   step 2/2500: loss=0.005459
2026-09-24 06:26:36   step 100/2500: loss=0.002300
2026-09-24 06:27:18   step 200/2500: loss=0.004555
2026-09-24 06:27:48   step 300/2500: loss=0.002952
2026-09-24 06:28:18   step 400/2500: loss=0.002444
2026-09-24 06:28:48   step 500/2500: loss=0.004405
2026-09-24 06:29:18   step 600/2500: loss=0.004615
2026-09-24 06:29:48   step 700/2500: loss=0.005499
2026-09-24 06:30:18   step 800/2500: loss=0.002350
2026-09-24 06:30:47   step 900/2500: loss=0.004105
2026-09-24 06:31:17   step 1000/2500: loss=0.003201
2026-09-24 06:31:47   step 1100/2500: loss=0.002462
2026-09-24 06:32:16   step 1200/2500: loss=0.002428
2026-09-24 06:32:46   step 1300/2500: loss=0.004379
2026-09-24 06:33:16   step 1400/2500: loss=0.004329
2026-09-24 06:33:45   step 1500/2500: loss=0.002304
2026-09-24 06:34:15   step 1600/2500: loss=0.003367
2026-09-24 06:34:45   step 1700/2500: loss=0.004511
2026-09-24 06:35:15   step 1800/2500: loss=0.004823
2026-09-24 06:35:44   step 1900/2500: loss=0.002343
2026-09-24 06:36:14   step 2000/2500: loss=0.001919
2026-09-24 06:36:44   step 2100/2500: loss=0.004558
2026-09-24 06:37:14   step 2200/2500: loss=0.004638
2026-09-24 06:37:43   step 2300/2500: loss=0.003992
2026-09-24 06:38:13   step 2400/2500: loss=0.002329
2026-09-24 06:38:50 [pjrt_ffi] RESIDENT: @resnet50in160_fwd_eval holds 267 parameter tensors (97.7 MB) on 4 devices; they stop crossing PCIe from here
2026-09-24 06:39:25 Epoch 62/100: loss=0.003451 lr=0.002764
2026-09-24 06:39:25   epoch 62: test_acc = 34972/50000 = 69.944000%  top5 = 44790/50000 = 89.580000%  [95% CI 69.54–70.34]
2026-09-24 06:39:26   step 0/2500: loss=0.003553
2026-09-24 06:39:26   step 1/2500: loss=0.004811
2026-09-24 06:39:26   step 2/2500: loss=0.003784
2026-09-24 06:39:55   step 100/2500: loss=0.003037
2026-09-24 06:40:25   step 200/2500: loss=0.002410
2026-09-24 06:40:55   step 300/2500: loss=0.002136
2026-09-24 06:41:25   step 400/2500: loss=0.004311
2026-09-24 06:41:55   step 500/2500: loss=0.002440
2026-09-24 06:42:24   step 600/2500: loss=0.002691
2026-09-24 06:42:54   step 700/2500: loss=0.001871
2026-09-24 06:43:24   step 800/2500: loss=0.004638
2026-09-24 06:43:59   step 900/2500: loss=0.004705
2026-09-24 06:44:29   step 1000/2500: loss=0.002163
2026-09-24 06:45:03   step 1100/2500: loss=0.005874
2026-09-24 06:45:32   step 1200/2500: loss=0.003959
2026-09-24 06:46:02   step 1300/2500: loss=0.002558
2026-09-24 06:46:32   step 1400/2500: loss=0.004031
2026-09-24 06:47:01   step 1500/2500: loss=0.004532
2026-09-24 06:47:31   step 1600/2500: loss=0.004816
2026-09-24 06:48:00   step 1700/2500: loss=0.003490
2026-09-24 06:48:30   step 1800/2500: loss=0.002125
2026-09-24 06:49:00   step 1900/2500: loss=0.002251
2026-09-24 06:49:29   step 2000/2500: loss=0.004365
2026-09-24 06:49:59   step 2100/2500: loss=0.004418
2026-09-24 06:50:28   step 2200/2500: loss=0.002328
2026-09-24 06:50:58   step 2300/2500: loss=0.002491
2026-09-24 06:51:27   step 2400/2500: loss=0.004696
2026-09-24 06:52:04 [pjrt_ffi] RESIDENT: @resnet50in160_fwd_eval holds 267 parameter tensors (97.7 MB) on 4 devices; they stop crossing PCIe from here
2026-09-24 06:52:39 Epoch 63/100: loss=0.003445 lr=0.002639
2026-09-24 06:52:39   epoch 63: test_acc = 35133/50000 = 70.266000%  top5 = 44841/50000 = 89.682000%  [95% CI 69.86–70.67]
2026-09-24 06:52:39   step 0/2500: loss=0.003802
2026-09-24 06:52:40   step 1/2500: loss=0.004802
2026-09-24 06:52:40   step 2/2500: loss=0.004213
2026-09-24 06:53:09   step 100/2500: loss=0.005094
2026-09-24 06:53:39   step 200/2500: loss=0.002279
2026-09-24 06:54:09   step 300/2500: loss=0.003827
2026-09-24 06:54:39   step 400/2500: loss=0.003844
2026-09-24 06:55:08   step 500/2500: loss=0.002844
2026-09-24 06:55:38   step 600/2500: loss=0.002686
2026-09-24 06:56:07   step 700/2500: loss=0.004685
2026-09-24 06:56:37   step 800/2500: loss=0.003172
2026-09-24 06:57:07   step 900/2500: loss=0.002491
2026-09-24 06:57:37   step 1000/2500: loss=0.002540
2026-09-24 06:58:07   step 1100/2500: loss=0.004247
2026-09-24 06:58:36   step 1200/2500: loss=0.003233
2026-09-24 06:59:06   step 1300/2500: loss=0.001934
2026-09-24 06:59:35   step 1400/2500: loss=0.003985
2026-09-24 07:00:05   step 1500/2500: loss=0.004492
2026-09-24 07:00:34   step 1600/2500: loss=0.004065
2026-09-24 07:01:04   step 1700/2500: loss=0.002667
2026-09-24 07:01:33   step 1800/2500: loss=0.002443
2026-09-24 07:02:03   step 1900/2500: loss=0.002646
2026-09-24 07:02:32   step 2000/2500: loss=0.003922
2026-09-24 07:03:02   step 2100/2500: loss=0.002499
2026-09-24 07:03:32   step 2200/2500: loss=0.002345
2026-09-24 07:04:01   step 2300/2500: loss=0.004435
2026-09-24 07:04:31   step 2400/2500: loss=0.003766
2026-09-24 07:05:10 [pjrt_ffi] RESIDENT: @resnet50in160_fwd_eval holds 267 parameter tensors (97.7 MB) on 4 devices; they stop crossing PCIe from here
2026-09-24 07:05:53 Epoch 64/100: loss=0.003430 lr=0.002515
2026-09-24 07:05:53   epoch 64: test_acc = 35259/50000 = 70.518000%  top5 = 44930/50000 = 89.860000%  [95% CI 70.12–70.92]
2026-09-24 07:05:54   step 0/2500: loss=0.004966
2026-09-24 07:05:54   step 1/2500: loss=0.004419
2026-09-24 07:05:54   step 2/2500: loss=0.002695
2026-09-24 07:06:23   step 100/2500: loss=0.003189
2026-09-24 07:06:53   step 200/2500: loss=0.003222
2026-09-24 07:07:23   step 300/2500: loss=0.003128
2026-09-24 07:07:52   step 400/2500: loss=0.002365
2026-09-24 07:08:22   step 500/2500: loss=0.004108
2026-09-24 07:08:51   step 600/2500: loss=0.004095
2026-09-24 07:09:21   step 700/2500: loss=0.004022
2026-09-24 07:09:51   step 800/2500: loss=0.002582
2026-09-24 07:10:20   step 900/2500: loss=0.002141
2026-09-24 07:10:49   step 1000/2500: loss=0.003254
2026-09-24 07:11:25   step 1100/2500: loss=0.004453
2026-09-24 07:11:55   step 1200/2500: loss=0.002322
2026-09-24 07:12:37   step 1300/2500: loss=0.002234
2026-09-24 07:13:08   step 1400/2500: loss=0.003882
2026-09-24 07:13:37   step 1500/2500: loss=0.004781
2026-09-24 07:14:07   step 1600/2500: loss=0.002284
2026-09-24 07:14:37   step 1700/2500: loss=0.002350
2026-09-24 07:15:06   step 1800/2500: loss=0.004202
2026-09-24 07:15:36   step 1900/2500: loss=0.004455
2026-09-24 07:16:06   step 2000/2500: loss=0.002702
2026-09-24 07:16:35   step 2100/2500: loss=0.001943
2026-09-24 07:17:05   step 2200/2500: loss=0.004032
2026-09-24 07:17:34   step 2300/2500: loss=0.004109
2026-09-24 07:18:13   step 2400/2500: loss=0.002476
2026-09-24 07:18:50 [pjrt_ffi] RESIDENT: @resnet50in160_fwd_eval holds 267 parameter tensors (97.7 MB) on 4 devices; they stop crossing PCIe from here
2026-09-24 07:19:31 Epoch 65/100: loss=0.003393 lr=0.002393
2026-09-24 07:19:31   epoch 65: test_acc = 35818/50000 = 71.636000%  top5 = 45244/50000 = 90.488000%  [95% CI 71.24–72.03]
2026-09-24 07:19:31   step 0/2500: loss=0.003525
2026-09-24 07:19:32   step 1/2500: loss=0.002221
2026-09-24 07:19:32   step 2/2500: loss=0.002276
2026-09-24 07:20:01   step 100/2500: loss=0.004021
2026-09-24 07:20:31   step 200/2500: loss=0.004606
2026-09-24 07:21:00   step 300/2500: loss=0.002174
2026-09-24 07:21:29   step 400/2500: loss=0.002095
2026-09-24 07:21:59   step 500/2500: loss=0.003949
2026-09-24 07:22:28   step 600/2500: loss=0.002438
2026-09-24 07:22:57   step 700/2500: loss=0.002529
2026-09-24 07:23:27   step 800/2500: loss=0.002301
2026-09-24 07:23:56   step 900/2500: loss=0.004352
2026-09-24 07:24:27   step 1000/2500: loss=0.004519
2026-09-24 07:24:57   step 1100/2500: loss=0.001795
2026-09-24 07:25:27   step 1200/2500: loss=0.002238
2026-09-24 07:25:57   step 1300/2500: loss=0.004050
2026-09-24 07:26:26   step 1400/2500: loss=0.003762
2026-09-24 07:26:56   step 1500/2500: loss=0.002501
2026-09-24 07:27:25   step 1600/2500: loss=0.005152
2026-09-24 07:27:55   step 1700/2500: loss=0.002700
2026-09-24 07:28:24   step 1800/2500: loss=0.004241
2026-09-24 07:28:54   step 1900/2500: loss=0.002416
2026-09-24 07:29:23   step 2000/2500: loss=0.003309
2026-09-24 07:29:52   step 2100/2500: loss=0.002780
2026-09-24 07:30:22   step 2200/2500: loss=0.003781
2026-09-24 07:30:51   step 2300/2500: loss=0.002441
2026-09-24 07:31:21   step 2400/2500: loss=0.005135
2026-09-24 07:31:58 [pjrt_ffi] RESIDENT: @resnet50in160_fwd_eval holds 267 parameter tensors (97.7 MB) on 4 devices; they stop crossing PCIe from here
2026-09-24 07:32:40 Epoch 66/100: loss=0.003366 lr=0.002273
2026-09-24 07:32:40   epoch 66: test_acc = 35895/50000 = 71.790000%  top5 = 45311/50000 = 90.622000%  [95% CI 71.39–72.18]
2026-09-24 07:32:40   step 0/2500: loss=0.003239
2026-09-24 07:32:40   step 1/2500: loss=0.003011
2026-09-24 07:32:41   step 2/2500: loss=0.004436
2026-09-24 07:33:09   step 100/2500: loss=0.004436
2026-09-24 07:33:39   step 200/2500: loss=0.002279
2026-09-24 07:34:09   step 300/2500: loss=0.003806
2026-09-24 07:34:38   step 400/2500: loss=0.004446
2026-09-24 07:35:08   step 500/2500: loss=0.004283
2026-09-24 07:35:37   step 600/2500: loss=0.005563
2026-09-24 07:36:07   step 700/2500: loss=0.002347
2026-09-24 07:36:37   step 800/2500: loss=0.004530
2026-09-24 07:37:07   step 900/2500: loss=0.003813
2026-09-24 07:37:36   step 1000/2500: loss=0.001996
2026-09-24 07:38:06   step 1100/2500: loss=0.004359
2026-09-24 07:38:35   step 1200/2500: loss=0.004117
2026-09-24 07:39:04   step 1300/2500: loss=0.004233
2026-09-24 07:39:33   step 1400/2500: loss=0.002245
2026-09-24 07:40:03   step 1500/2500: loss=0.005324
2026-09-24 07:40:32   step 1600/2500: loss=0.003020
2026-09-24 07:41:01   step 1700/2500: loss=0.004398
2026-09-24 07:41:31   step 1800/2500: loss=0.002251
2026-09-24 07:42:00   step 1900/2500: loss=0.005303
2026-09-24 07:42:30   step 2000/2500: loss=0.003912
2026-09-24 07:42:59   step 2100/2500: loss=0.004052
2026-09-24 07:43:28   step 2200/2500: loss=0.002958
2026-09-24 07:43:58   step 2300/2500: loss=0.002070
2026-09-24 07:44:27   step 2400/2500: loss=0.003421
2026-09-24 07:45:05 [pjrt_ffi] RESIDENT: @resnet50in160_fwd_eval holds 267 parameter tensors (97.7 MB) on 4 devices; they stop crossing PCIe from here
2026-09-24 07:45:40 Epoch 67/100: loss=0.003311 lr=0.002155
2026-09-24 07:45:40   epoch 67: test_acc = 36128/50000 = 72.256000%  top5 = 45403/50000 = 90.806000%  [95% CI 71.86–72.65]
2026-09-24 07:45:40   step 0/2500: loss=0.004127
2026-09-24 07:45:41   step 1/2500: loss=0.002962
2026-09-24 07:45:41   step 2/2500: loss=0.004398
2026-09-24 07:46:10   step 100/2500: loss=0.002145
2026-09-24 07:46:40   step 200/2500: loss=0.003238
2026-09-24 07:47:10   step 300/2500: loss=0.003952
2026-09-24 07:47:39   step 400/2500: loss=0.002732
2026-09-24 07:48:09   step 500/2500: loss=0.002658
2026-09-24 07:48:38   step 600/2500: loss=0.002086
2026-09-24 07:49:08   step 700/2500: loss=0.004554
2026-09-24 07:49:38   step 800/2500: loss=0.002607
2026-09-24 07:50:07   step 900/2500: loss=0.003633
2026-09-24 07:50:37   step 1000/2500: loss=0.002386
2026-09-24 07:51:06   step 1100/2500: loss=0.004688
2026-09-24 07:51:35   step 1200/2500: loss=0.003396
2026-09-24 07:52:05   step 1300/2500: loss=0.002338
2026-09-24 07:52:35   step 1400/2500: loss=0.002151
2026-09-24 07:53:05   step 1500/2500: loss=0.004061
2026-09-24 07:53:34   step 1600/2500: loss=0.004576
2026-09-24 07:54:04   step 1700/2500: loss=0.003845
2026-09-24 07:54:33   step 1800/2500: loss=0.001788
2026-09-24 07:55:03   step 1900/2500: loss=0.004156
2026-09-24 07:55:32   step 2000/2500: loss=0.004278
2026-09-24 07:56:02   step 2100/2500: loss=0.002153
2026-09-24 07:56:31   step 2200/2500: loss=0.002450
2026-09-24 07:57:00   step 2300/2500: loss=0.003556
2026-09-24 07:57:30   step 2400/2500: loss=0.003006
2026-09-24 07:58:07 [pjrt_ffi] RESIDENT: @resnet50in160_fwd_eval holds 267 parameter tensors (97.7 MB) on 4 devices; they stop crossing PCIe from here
2026-09-24 07:58:46 Epoch 68/100: loss=0.003311 lr=0.002038
2026-09-24 07:58:46   epoch 68: test_acc = 35949/50000 = 71.898000%  top5 = 45361/50000 = 90.722000%  [95% CI 71.50–72.29]
2026-09-24 07:58:46   step 0/2500: loss=0.001816
2026-09-24 07:58:47   step 1/2500: loss=0.002091
2026-09-24 07:58:47   step 2/2500: loss=0.003078
2026-09-24 07:59:16   step 100/2500: loss=0.002580
2026-09-24 07:59:45   step 200/2500: loss=0.003908
2026-09-24 08:00:14   step 300/2500: loss=0.004369
2026-09-24 08:00:44   step 400/2500: loss=0.002013
2026-09-24 08:01:14   step 500/2500: loss=0.002304
2026-09-24 08:01:43   step 600/2500: loss=0.003624
2026-09-24 08:02:13   step 700/2500: loss=0.003688
2026-09-24 08:02:44   step 800/2500: loss=0.002035
2026-09-24 08:03:14   step 900/2500: loss=0.002459
2026-09-24 08:03:43   step 1000/2500: loss=0.004495
2026-09-24 08:04:13   step 1100/2500: loss=0.003533
2026-09-24 08:04:42   step 1200/2500: loss=0.001834
2026-09-24 08:05:12   step 1300/2500: loss=0.002269
2026-09-24 08:05:41   step 1400/2500: loss=0.003037
2026-09-24 08:06:10   step 1500/2500: loss=0.004286
2026-09-24 08:06:40   step 1600/2500: loss=0.002760
2026-09-24 08:07:09   step 1700/2500: loss=0.002598
2026-09-24 08:07:38   step 1800/2500: loss=0.003656
2026-09-24 08:08:08   step 1900/2500: loss=0.004157
2026-09-24 08:08:38   step 2000/2500: loss=0.005440
2026-09-24 08:09:07   step 2100/2500: loss=0.002226
2026-09-24 08:09:37   step 2200/2500: loss=0.004590
2026-09-24 08:10:06   step 2300/2500: loss=0.004224
2026-09-24 08:10:36   step 2400/2500: loss=0.001987
2026-09-24 08:11:13 [pjrt_ffi] RESIDENT: @resnet50in160_fwd_eval holds 267 parameter tensors (97.7 MB) on 4 devices; they stop crossing PCIe from here
2026-09-24 08:11:53 Epoch 69/100: loss=0.003253 lr=0.001924
2026-09-24 08:11:53   epoch 69: test_acc = 36441/50000 = 72.882000%  top5 = 45597/50000 = 91.194000%  [95% CI 72.49–73.27]
2026-09-24 08:11:54   step 0/2500: loss=0.002189
2026-09-24 08:11:54   step 1/2500: loss=0.002136
2026-09-24 08:11:55   step 2/2500: loss=0.002220
2026-09-24 08:12:24   step 100/2500: loss=0.003754
2026-09-24 08:12:53   step 200/2500: loss=0.003790
2026-09-24 08:13:35   step 300/2500: loss=0.002195
2026-09-24 08:14:05   step 400/2500: loss=0.002178
2026-09-24 08:14:35   step 500/2500: loss=0.002309
2026-09-24 08:15:10   step 600/2500: loss=0.004415
2026-09-24 08:15:40   step 700/2500: loss=0.002948
2026-09-24 08:16:09   step 800/2500: loss=0.002466
2026-09-24 08:16:39   step 900/2500: loss=0.004497
2026-09-24 08:17:08   step 1000/2500: loss=0.004259
2026-09-24 08:17:38   step 1100/2500: loss=0.003832
2026-09-24 08:18:07   step 1200/2500: loss=0.002287
2026-09-24 08:18:37   step 1300/2500: loss=0.003732
2026-09-24 08:19:06   step 1400/2500: loss=0.004102
2026-09-24 08:19:36   step 1500/2500: loss=0.002173
2026-09-24 08:20:05   step 1600/2500: loss=0.005723
2026-09-24 08:20:35   step 1700/2500: loss=0.004214
2026-09-24 08:21:04   step 1800/2500: loss=0.004315
2026-09-24 08:21:33   step 1900/2500: loss=0.002469
2026-09-24 08:22:03   step 2000/2500: loss=0.005677
2026-09-24 08:22:32   step 2100/2500: loss=0.003284
2026-09-24 08:23:02   step 2200/2500: loss=0.004325
2026-09-24 08:23:31   step 2300/2500: loss=0.003635
2026-09-24 08:24:01   step 2400/2500: loss=0.001437
2026-09-24 08:24:51 [pjrt_ffi] RESIDENT: @resnet50in160_fwd_eval holds 267 parameter tensors (97.7 MB) on 4 devices; they stop crossing PCIe from here
2026-09-24 08:25:31 Epoch 70/100: loss=0.003277 lr=0.001812
2026-09-24 08:25:31   epoch 70: test_acc = 36726/50000 = 73.452000%  top5 = 45725/50000 = 91.450000%  [95% CI 73.06–73.84]
2026-09-24 08:25:32   step 0/2500: loss=0.002270
2026-09-24 08:25:32   step 1/2500: loss=0.004430
2026-09-24 08:25:33   step 2/2500: loss=0.003383
2026-09-24 08:26:01   step 100/2500: loss=0.004367
2026-09-24 08:26:31   step 200/2500: loss=0.002098
2026-09-24 08:27:00   step 300/2500: loss=0.003824
2026-09-24 08:27:30   step 400/2500: loss=0.003888
2026-09-24 08:28:00   step 500/2500: loss=0.003530
2026-09-24 08:28:29   step 600/2500: loss=0.002006
2026-09-24 08:28:59   step 700/2500: loss=0.002182
2026-09-24 08:29:28   step 800/2500: loss=0.004010
2026-09-24 08:29:57   step 900/2500: loss=0.004081
2026-09-24 08:30:26   step 1000/2500: loss=0.002085
2026-09-24 08:30:56   step 1100/2500: loss=0.001898
2026-09-24 08:31:25   step 1200/2500: loss=0.003432
2026-09-24 08:31:55   step 1300/2500: loss=0.004429
2026-09-24 08:32:24   step 1400/2500: loss=0.002289
2026-09-24 08:32:54   step 1500/2500: loss=0.002115
2026-09-24 08:33:25   step 1600/2500: loss=0.003242
2026-09-24 08:33:55   step 1700/2500: loss=0.003919
2026-09-24 08:34:24   step 1800/2500: loss=0.004934
2026-09-24 08:34:53   step 1900/2500: loss=0.003356
2026-09-24 08:35:22   step 2000/2500: loss=0.004299
2026-09-24 08:35:52   step 2100/2500: loss=0.004273
2026-09-24 08:36:21   step 2200/2500: loss=0.001830
2026-09-24 08:36:51   step 2300/2500: loss=0.001966
2026-09-24 08:37:20   step 2400/2500: loss=0.002349
2026-09-24 08:37:57 [pjrt_ffi] RESIDENT: @resnet50in160_fwd_eval holds 267 parameter tensors (97.7 MB) on 4 devices; they stop crossing PCIe from here
2026-09-24 08:38:38 Epoch 71/100: loss=0.003219 lr=0.001703
2026-09-24 08:38:38   epoch 71: test_acc = 36754/50000 = 73.508000%  top5 = 45830/50000 = 91.660000%  [95% CI 73.12–73.89]
2026-09-24 08:38:39   step 0/2500: loss=0.003636
2026-09-24 08:38:39   step 1/2500: loss=0.003670
2026-09-24 08:38:39   step 2/2500: loss=0.003597
2026-09-24 08:39:08   step 100/2500: loss=0.003374
2026-09-24 08:39:37   step 200/2500: loss=0.005736
2026-09-24 08:40:07   step 300/2500: loss=0.004112
2026-09-24 08:40:36   step 400/2500: loss=0.004253
2026-09-24 08:41:05   step 500/2500: loss=0.001830
2026-09-24 08:41:36   step 600/2500: loss=0.004219
2026-09-24 08:42:05   step 700/2500: loss=0.004193
2026-09-24 08:42:34   step 800/2500: loss=0.004147
2026-09-24 08:43:04   step 900/2500: loss=0.004452
2026-09-24 08:43:33   step 1000/2500: loss=0.002143
2026-09-24 08:44:02   step 1100/2500: loss=0.004058
2026-09-24 08:44:32   step 1200/2500: loss=0.004186
2026-09-24 08:45:02   step 1300/2500: loss=0.005332
2026-09-24 08:45:31   step 1400/2500: loss=0.002973
2026-09-24 08:46:01   step 1500/2500: loss=0.004142
2026-09-24 08:46:30   step 1600/2500: loss=0.003327
2026-09-24 08:47:00   step 1700/2500: loss=0.002196
2026-09-24 08:47:29   step 1800/2500: loss=0.004273
2026-09-24 08:47:58   step 1900/2500: loss=0.003330
2026-09-24 08:48:28   step 2000/2500: loss=0.004101
2026-09-24 08:48:57   step 2100/2500: loss=0.001999
2026-09-24 08:49:27   step 2200/2500: loss=0.002136
2026-09-24 08:49:57   step 2300/2500: loss=0.004289
2026-09-24 08:50:28   step 2400/2500: loss=0.004086
2026-09-24 08:51:07 [pjrt_ffi] RESIDENT: @resnet50in160_fwd_eval holds 267 parameter tensors (97.7 MB) on 4 devices; they stop crossing PCIe from here
2026-09-24 08:51:52 Epoch 72/100: loss=0.003228 lr=0.001596
2026-09-24 08:51:52   epoch 72: test_acc = 37158/50000 = 74.316000%  top5 = 46048/50000 = 92.096000%  [95% CI 73.93–74.70]
2026-09-24 08:51:52   step 0/2500: loss=0.005528
2026-09-24 08:51:53   step 1/2500: loss=0.002241
2026-09-24 08:51:53   step 2/2500: loss=0.002117
2026-09-24 08:52:22   step 100/2500: loss=0.001909
2026-09-24 08:52:51   step 200/2500: loss=0.004426
2026-09-24 08:53:21   step 300/2500: loss=0.003484
2026-09-24 08:53:51   step 400/2500: loss=0.002321
2026-09-24 08:54:20   step 500/2500: loss=0.004501
2026-09-24 08:54:50   step 600/2500: loss=0.003404
2026-09-24 08:55:19   step 700/2500: loss=0.004269
2026-09-24 08:55:48   step 800/2500: loss=0.002326
2026-09-24 08:56:18   step 900/2500: loss=0.001868
2026-09-24 08:56:47   step 1000/2500: loss=0.004683
2026-09-24 08:57:16   step 1100/2500: loss=0.003175
2026-09-24 08:57:46   step 1200/2500: loss=0.001728
2026-09-24 08:58:15   step 1300/2500: loss=0.002127
2026-09-24 08:58:44   step 1400/2500: loss=0.003567
2026-09-24 08:59:13   step 1500/2500: loss=0.003801
2026-09-24 08:59:42   step 1600/2500: loss=0.004787
2026-09-24 09:00:12   step 1700/2500: loss=0.002024
2026-09-24 09:00:41   step 1800/2500: loss=0.003333
2026-09-24 09:01:11   step 1900/2500: loss=0.004423
2026-09-24 09:01:40   step 2000/2500: loss=0.002014
2026-09-24 09:02:09   step 2100/2500: loss=0.003271
2026-09-24 09:02:38   step 2200/2500: loss=0.004320
2026-09-24 09:03:08   step 2300/2500: loss=0.003873
2026-09-24 09:03:37   step 2400/2500: loss=0.002213
2026-09-24 09:04:14 [pjrt_ffi] RESIDENT: @resnet50in160_fwd_eval holds 267 parameter tensors (97.7 MB) on 4 devices; they stop crossing PCIe from here
2026-09-24 09:04:55 Epoch 73/100: loss=0.003184 lr=0.001491
2026-09-24 09:04:55   epoch 73: test_acc = 36893/50000 = 73.786000%  top5 = 45901/50000 = 91.802000%  [95% CI 73.40–74.17]
2026-09-24 09:04:55   step 0/2500: loss=0.002397
2026-09-24 09:04:56   step 1/2500: loss=0.005468
2026-09-24 09:04:56   step 2/2500: loss=0.001794
2026-09-24 09:05:24   step 100/2500: loss=0.003920
2026-09-24 09:05:54   step 200/2500: loss=0.004437
2026-09-24 09:06:23   step 300/2500: loss=0.001868
2026-09-24 09:06:52   step 400/2500: loss=0.005699
2026-09-24 09:07:21   step 500/2500: loss=0.004025
2026-09-24 09:07:50   step 600/2500: loss=0.004022
2026-09-24 09:08:19   step 700/2500: loss=0.001943
2026-09-24 09:08:49   step 800/2500: loss=0.005642
2026-09-24 09:09:18   step 900/2500: loss=0.004146
2026-09-24 09:09:47   step 1000/2500: loss=0.004518
2026-09-24 09:10:16   step 1100/2500: loss=0.004713
2026-09-24 09:10:46   step 1200/2500: loss=0.002237
2026-09-24 09:11:15   step 1300/2500: loss=0.004079
2026-09-24 09:11:44   step 1400/2500: loss=0.003217
2026-09-24 09:12:13   step 1500/2500: loss=0.002216
2026-09-24 09:12:42   step 1600/2500: loss=0.002280
2026-09-24 09:13:11   step 1700/2500: loss=0.004355
2026-09-24 09:13:40   step 1800/2500: loss=0.004111
2026-09-24 09:14:09   step 1900/2500: loss=0.002255
2026-09-24 09:14:38   step 2000/2500: loss=0.002496
2026-09-24 09:15:07   step 2100/2500: loss=0.003207
2026-09-24 09:15:36   step 2200/2500: loss=0.002496
2026-09-24 09:16:05   step 2300/2500: loss=0.002286
2026-09-24 09:16:34   step 2400/2500: loss=0.002174
2026-09-24 09:17:10 [pjrt_ffi] RESIDENT: @resnet50in160_fwd_eval holds 267 parameter tensors (97.7 MB) on 4 devices; they stop crossing PCIe from here
2026-09-24 09:17:49 Epoch 74/100: loss=0.003141 lr=0.001390
2026-09-24 09:17:49   epoch 74: test_acc = 37592/50000 = 75.184000%  top5 = 46148/50000 = 92.296000%  [95% CI 74.80–75.56]
2026-09-24 09:17:49   step 0/2500: loss=0.004304
2026-09-24 09:17:49   step 1/2500: loss=0.004336
2026-09-24 09:17:50   step 2/2500: loss=0.002966
2026-09-24 09:18:18   step 100/2500: loss=0.004157
2026-09-24 09:18:47   step 200/2500: loss=0.002048
2026-09-24 09:19:17   step 300/2500: loss=0.004652
2026-09-24 09:19:46   step 400/2500: loss=0.003082
2026-09-24 09:20:15   step 500/2500: loss=0.004128
2026-09-24 09:20:45   step 600/2500: loss=0.005489
2026-09-24 09:21:14   step 700/2500: loss=0.001990
2026-09-24 09:21:43   step 800/2500: loss=0.003445
2026-09-24 09:22:12   step 900/2500: loss=0.003930
2026-09-24 09:22:42   step 1000/2500: loss=0.002397
2026-09-24 09:23:11   step 1100/2500: loss=0.005304
2026-09-24 09:23:40   step 1200/2500: loss=0.003407
2026-09-24 09:24:09   step 1300/2500: loss=0.002779
2026-09-24 09:24:38   step 1400/2500: loss=0.004993
2026-09-24 09:25:07   step 1500/2500: loss=0.002308
2026-09-24 09:25:36   step 1600/2500: loss=0.002855
2026-09-24 09:26:15   step 1700/2500: loss=0.004311
2026-09-24 09:26:44   step 1800/2500: loss=0.002205
2026-09-24 09:27:14   step 1900/2500: loss=0.002013
2026-09-24 09:27:43   step 2000/2500: loss=0.002357
2026-09-24 09:28:13   step 2100/2500: loss=0.004009
2026-09-24 09:28:42   step 2200/2500: loss=0.003442
2026-09-24 09:29:12   step 2300/2500: loss=0.002011
2026-09-24 09:29:41   step 2400/2500: loss=0.004315
2026-09-24 09:30:18 [pjrt_ffi] RESIDENT: @resnet50in160_fwd_eval holds 267 parameter tensors (97.7 MB) on 4 devices; they stop crossing PCIe from here
2026-09-24 09:31:01 Epoch 75/100: loss=0.003147 lr=0.001291
2026-09-24 09:31:01   epoch 75: test_acc = 37337/50000 = 74.674000%  top5 = 46070/50000 = 92.140000%  [95% CI 74.29–75.05]
2026-09-24 09:31:02   step 0/2500: loss=0.003358
2026-09-24 09:31:02   step 1/2500: loss=0.003114
2026-09-24 09:31:02   step 2/2500: loss=0.003528
2026-09-24 09:31:31   step 100/2500: loss=0.005470
2026-09-24 09:32:00   step 200/2500: loss=0.003409
2026-09-24 09:32:29   step 300/2500: loss=0.003765
2026-09-24 09:32:59   step 400/2500: loss=0.004597
2026-09-24 09:33:32   step 500/2500: loss=0.002007
2026-09-24 09:34:01   step 600/2500: loss=0.002521
2026-09-24 09:34:29   step 700/2500: loss=0.002808
2026-09-24 09:34:58   step 800/2500: loss=0.003803
2026-09-24 09:35:27   step 900/2500: loss=0.002104
2026-09-24 09:35:57   step 1000/2500: loss=0.004913
2026-09-24 09:36:25   step 1100/2500: loss=0.003782
2026-09-24 09:36:54   step 1200/2500: loss=0.004043
2026-09-24 09:37:23   step 1300/2500: loss=0.002103
2026-09-24 09:37:53   step 1400/2500: loss=0.004392
2026-09-24 09:38:22   step 1500/2500: loss=0.004119
2026-09-24 09:38:51   step 1600/2500: loss=0.003952
2026-09-24 09:39:20   step 1700/2500: loss=0.001944
2026-09-24 09:39:49   step 1800/2500: loss=0.002190
2026-09-24 09:40:18   step 1900/2500: loss=0.003802
2026-09-24 09:40:47   step 2000/2500: loss=0.003888
2026-09-24 09:41:16   step 2100/2500: loss=0.003178
2026-09-24 09:41:44   step 2200/2500: loss=0.002224
2026-09-24 09:42:13   step 2300/2500: loss=0.004396
2026-09-24 09:42:43   step 2400/2500: loss=0.004135
2026-09-24 09:43:19 [pjrt_ffi] RESIDENT: @resnet50in160_fwd_eval holds 267 parameter tensors (97.7 MB) on 4 devices; they stop crossing PCIe from here
2026-09-24 09:44:08 Epoch 76/100: loss=0.003133 lr=0.001195
2026-09-24 09:44:08   epoch 76: test_acc = 37473/50000 = 74.946000%  top5 = 46039/50000 = 92.078000%  [95% CI 74.56–75.32]
2026-09-24 09:44:09   step 0/2500: loss=0.004162
2026-09-24 09:44:09   step 1/2500: loss=0.002185
2026-09-24 09:44:09   step 2/2500: loss=0.003991
2026-09-24 09:44:38   step 100/2500: loss=0.001962
2026-09-24 09:45:07   step 200/2500: loss=0.002770
2026-09-24 09:45:36   step 300/2500: loss=0.003729
2026-09-24 09:46:05   step 400/2500: loss=0.002491
2026-09-24 09:46:33   step 500/2500: loss=0.001898
2026-09-24 09:47:02   step 600/2500: loss=0.003488
2026-09-24 09:47:31   step 700/2500: loss=0.003565
2026-09-24 09:47:59   step 800/2500: loss=0.002194
2026-09-24 09:48:28   step 900/2500: loss=0.001944
2026-09-24 09:48:57   step 1000/2500: loss=0.002190
2026-09-24 09:49:25   step 1100/2500: loss=0.004222
2026-09-24 09:49:54   step 1200/2500: loss=0.001994
2026-09-24 09:50:23   step 1300/2500: loss=0.001704
2026-09-24 09:50:51   step 1400/2500: loss=0.002898
2026-09-24 09:51:20   step 1500/2500: loss=0.002210
2026-09-24 09:51:49   step 1600/2500: loss=0.001596
2026-09-24 09:52:18   step 1700/2500: loss=0.001877
2026-09-24 09:52:47   step 1800/2500: loss=0.002618
2026-09-24 09:53:16   step 1900/2500: loss=0.004055
2026-09-24 09:53:44   step 2000/2500: loss=0.002060
2026-09-24 09:54:13   step 2100/2500: loss=0.001762
2026-09-24 09:54:42   step 2200/2500: loss=0.004300
2026-09-24 09:55:11   step 2300/2500: loss=0.003103
2026-09-24 09:55:39   step 2400/2500: loss=0.002276
2026-09-24 09:56:15 [pjrt_ffi] RESIDENT: @resnet50in160_fwd_eval holds 267 parameter tensors (97.7 MB) on 4 devices; they stop crossing PCIe from here
2026-09-24 09:56:56 Epoch 77/100: loss=0.003082 lr=0.001102
2026-09-24 09:56:56   epoch 77: test_acc = 37857/50000 = 75.714000%  top5 = 46353/50000 = 92.706000%  [95% CI 75.34–76.09]
2026-09-24 09:56:57   step 0/2500: loss=0.001746
2026-09-24 09:56:57   step 1/2500: loss=0.001907
2026-09-24 09:56:57   step 2/2500: loss=0.001930
2026-09-24 09:57:25   step 100/2500: loss=0.002238
2026-09-24 09:57:54   step 200/2500: loss=0.003953
2026-09-24 09:58:23   step 300/2500: loss=0.001806
2026-09-24 09:58:52   step 400/2500: loss=0.002161
2026-09-24 09:59:21   step 500/2500: loss=0.003896
2026-09-24 09:59:49   step 600/2500: loss=0.004312
2026-09-24 10:00:18   step 700/2500: loss=0.004771
2026-09-24 10:00:47   step 800/2500: loss=0.004069
2026-09-24 10:01:15   step 900/2500: loss=0.003623
2026-09-24 10:01:44   step 1000/2500: loss=0.004308
2026-09-24 10:02:13   step 1100/2500: loss=0.002536
2026-09-24 10:02:42   step 1200/2500: loss=0.001666
2026-09-24 10:03:10   step 1300/2500: loss=0.004099
2026-09-24 10:03:39   step 1400/2500: loss=0.002812
2026-09-24 10:04:08   step 1500/2500: loss=0.004409
2026-09-24 10:04:37   step 1600/2500: loss=0.001824
2026-09-24 10:05:06   step 1700/2500: loss=0.001749
2026-09-24 10:05:34   step 1800/2500: loss=0.003643
2026-09-24 10:06:03   step 1900/2500: loss=0.001820
2026-09-24 10:06:32   step 2000/2500: loss=0.002040
2026-09-24 10:07:00   step 2100/2500: loss=0.003667
2026-09-24 10:07:29   step 2200/2500: loss=0.003586
2026-09-24 10:07:57   step 2300/2500: loss=0.002235
2026-09-24 10:08:26   step 2400/2500: loss=0.003111
2026-09-24 10:09:06 [pjrt_ffi] RESIDENT: @resnet50in160_fwd_eval holds 267 parameter tensors (97.7 MB) on 4 devices; they stop crossing PCIe from here
2026-09-24 10:09:47 Epoch 78/100: loss=0.003090 lr=0.001013
2026-09-24 10:09:47   epoch 78: test_acc = 37728/50000 = 75.456000%  top5 = 46313/50000 = 92.626000%  [95% CI 75.08–75.83]
2026-09-24 10:09:48   step 0/2500: loss=0.003858
2026-09-24 10:09:48   step 1/2500: loss=0.002603
2026-09-24 10:09:48   step 2/2500: loss=0.002783
2026-09-24 10:10:16   step 100/2500: loss=0.003923
2026-09-24 10:10:45   step 200/2500: loss=0.001809
2026-09-24 10:11:14   step 300/2500: loss=0.005374
2026-09-24 10:11:43   step 400/2500: loss=0.003602
2026-09-24 10:12:12   step 500/2500: loss=0.003616
2026-09-24 10:12:41   step 600/2500: loss=0.002189
2026-09-24 10:13:09   step 700/2500: loss=0.002023
2026-09-24 10:13:38   step 800/2500: loss=0.004443
2026-09-24 10:14:07   step 900/2500: loss=0.004145
2026-09-24 10:14:36   step 1000/2500: loss=0.001917
2026-09-24 10:15:05   step 1100/2500: loss=0.002052
2026-09-24 10:15:40   step 1200/2500: loss=0.003817
2026-09-24 10:16:09   step 1300/2500: loss=0.003588
2026-09-24 10:16:38   step 1400/2500: loss=0.001661
2026-09-24 10:17:06   step 1500/2500: loss=0.004285
2026-09-24 10:17:35   step 1600/2500: loss=0.003519
2026-09-24 10:18:04   step 1700/2500: loss=0.002786
2026-09-24 10:18:46   step 1800/2500: loss=0.001987
2026-09-24 10:19:15   step 1900/2500: loss=0.004669
2026-09-24 10:19:44   step 2000/2500: loss=0.003978
2026-09-24 10:20:12   step 2100/2500: loss=0.002984
2026-09-24 10:20:41   step 2200/2500: loss=0.001302
2026-09-24 10:21:10   step 2300/2500: loss=0.001914
2026-09-24 10:21:38   step 2400/2500: loss=0.004234
2026-09-24 10:22:16 [pjrt_ffi] RESIDENT: @resnet50in160_fwd_eval holds 267 parameter tensors (97.7 MB) on 4 devices; they stop crossing PCIe from here
2026-09-24 10:23:02 Epoch 79/100: loss=0.003008 lr=0.000926
2026-09-24 10:23:02   epoch 79: test_acc = 37960/50000 = 75.920000%  top5 = 46429/50000 = 92.858000%  [95% CI 75.54–76.29]
2026-09-24 10:23:03   step 0/2500: loss=0.004134
2026-09-24 10:23:03   step 1/2500: loss=0.003246
2026-09-24 10:23:03   step 2/2500: loss=0.003707
2026-09-24 10:23:31   step 100/2500: loss=0.001785
2026-09-24 10:24:00   step 200/2500: loss=0.002091
2026-09-24 10:24:29   step 300/2500: loss=0.002606
2026-09-24 10:24:58   step 400/2500: loss=0.004096
2026-09-24 10:25:26   step 500/2500: loss=0.001647
2026-09-24 10:26:03   step 600/2500: loss=0.002285
2026-09-24 10:26:32   step 700/2500: loss=0.003891
2026-09-24 10:27:04   step 800/2500: loss=0.004202
2026-09-24 10:27:33   step 900/2500: loss=0.001745
2026-09-24 10:28:01   step 1000/2500: loss=0.005007
2026-09-24 10:28:30   step 1100/2500: loss=0.003818
2026-09-24 10:28:58   step 1200/2500: loss=0.004408
2026-09-24 10:29:27   step 1300/2500: loss=0.002091
2026-09-24 10:29:56   step 1400/2500: loss=0.002780
2026-09-24 10:30:24   step 1500/2500: loss=0.003900
2026-09-24 10:30:53   step 1600/2500: loss=0.004433
2026-09-24 10:31:22   step 1700/2500: loss=0.004264
2026-09-24 10:31:50   step 1800/2500: loss=0.003142
2026-09-24 10:32:19   step 1900/2500: loss=0.003954
2026-09-24 10:32:47   step 2000/2500: loss=0.001776
2026-09-24 10:33:16   step 2100/2500: loss=0.001977
2026-09-24 10:33:45   step 2200/2500: loss=0.001621
2026-09-24 10:34:13   step 2300/2500: loss=0.004129
2026-09-24 10:34:42   step 2400/2500: loss=0.003527
2026-09-24 10:35:19 [pjrt_ffi] RESIDENT: @resnet50in160_fwd_eval holds 267 parameter tensors (97.7 MB) on 4 devices; they stop crossing PCIe from here
2026-09-24 10:35:59 Epoch 80/100: loss=0.003048 lr=0.000843
2026-09-24 10:35:59   epoch 80: test_acc = 37960/50000 = 75.920000%  top5 = 46472/50000 = 92.944000%  [95% CI 75.54–76.29]
2026-09-24 10:35:59   step 0/2500: loss=0.002063
2026-09-24 10:36:00   step 1/2500: loss=0.001659
2026-09-24 10:36:00   step 2/2500: loss=0.001686
2026-09-24 10:36:28   step 100/2500: loss=0.001977
2026-09-24 10:36:57   step 200/2500: loss=0.003475
2026-09-24 10:37:29   step 300/2500: loss=0.003860
2026-09-24 10:37:58   step 400/2500: loss=0.002188
2026-09-24 10:38:27   step 500/2500: loss=0.002168
2026-09-24 10:38:56   step 600/2500: loss=0.004311
2026-09-24 10:39:25   step 700/2500: loss=0.003835
2026-09-24 10:39:54   step 800/2500: loss=0.002003
2026-09-24 10:40:22   step 900/2500: loss=0.001977
2026-09-24 10:40:51   step 1000/2500: loss=0.004166
2026-09-24 10:41:19   step 1100/2500: loss=0.003349
2026-09-24 10:41:48   step 1200/2500: loss=0.001806
2026-09-24 10:42:16   step 1300/2500: loss=0.001747
2026-09-24 10:42:45   step 1400/2500: loss=0.003954
2026-09-24 10:43:13   step 1500/2500: loss=0.003914
2026-09-24 10:43:42   step 1600/2500: loss=0.002901
2026-09-24 10:44:11   step 1700/2500: loss=0.001900
2026-09-24 10:44:40   step 1800/2500: loss=0.002922
2026-09-24 10:45:09   step 1900/2500: loss=0.003829
2026-09-24 10:45:37   step 2000/2500: loss=0.001709
2026-09-24 10:46:07   step 2100/2500: loss=0.002428
2026-09-24 10:46:36   step 2200/2500: loss=0.002640
2026-09-24 10:47:04   step 2300/2500: loss=0.004065
2026-09-24 10:47:33   step 2400/2500: loss=0.001651
2026-09-24 10:48:09 [pjrt_ffi] RESIDENT: @resnet50in160_fwd_eval holds 267 parameter tensors (97.7 MB) on 4 devices; they stop crossing PCIe from here
2026-09-24 10:48:46 Epoch 81/100: loss=0.002992 lr=0.000764
2026-09-24 10:48:46   epoch 81: test_acc = 38291/50000 = 76.582000%  top5 = 46598/50000 = 93.196000%  [95% CI 76.21–76.95]
2026-09-24 10:48:46   step 0/2500: loss=0.001988
2026-09-24 10:48:47   step 1/2500: loss=0.002580
2026-09-24 10:48:47   step 2/2500: loss=0.001775
2026-09-24 10:49:15   step 100/2500: loss=0.003750
2026-09-24 10:49:43   step 200/2500: loss=0.004056
2026-09-24 10:50:12   step 300/2500: loss=0.001902
2026-09-24 10:50:41   step 400/2500: loss=0.004846
2026-09-24 10:51:09   step 500/2500: loss=0.004183
2026-09-24 10:51:44   step 600/2500: loss=0.001937
2026-09-24 10:52:12   step 700/2500: loss=0.004139
2026-09-24 10:52:41   step 800/2500: loss=0.002178
2026-09-24 10:53:09   step 900/2500: loss=0.003476
2026-09-24 10:53:38   step 1000/2500: loss=0.003598
2026-09-24 10:54:06   step 1100/2500: loss=0.001816
2026-09-24 10:54:34   step 1200/2500: loss=0.001673
2026-09-24 10:55:03   step 1300/2500: loss=0.003259
2026-09-24 10:55:31   step 1400/2500: loss=0.002412
2026-09-24 10:56:00   step 1500/2500: loss=0.002217
2026-09-24 10:56:28   step 1600/2500: loss=0.001839
2026-09-24 10:56:57   step 1700/2500: loss=0.004174
2026-09-24 10:57:26   step 1800/2500: loss=0.004200
2026-09-24 10:57:54   step 1900/2500: loss=0.001887
2026-09-24 10:58:22   step 2000/2500: loss=0.001532
2026-09-24 10:58:51   step 2100/2500: loss=0.003841
2026-09-24 10:59:19   step 2200/2500: loss=0.003988
2026-09-24 10:59:47   step 2300/2500: loss=0.002058
2026-09-24 11:00:15   step 2400/2500: loss=0.001556
2026-09-24 11:00:51 [pjrt_ffi] RESIDENT: @resnet50in160_fwd_eval holds 267 parameter tensors (97.7 MB) on 4 devices; they stop crossing PCIe from here
2026-09-24 11:01:34 Epoch 82/100: loss=0.002971 lr=0.000688
2026-09-24 11:01:34   epoch 82: test_acc = 38337/50000 = 76.674000%  top5 = 46577/50000 = 93.154000%  [95% CI 76.30–77.04]
2026-09-24 11:01:34   step 0/2500: loss=0.004239
2026-09-24 11:01:34   step 1/2500: loss=0.003705
2026-09-24 11:01:35   step 2/2500: loss=0.003090
2026-09-24 11:02:03   step 100/2500: loss=0.003408
2026-09-24 11:02:32   step 200/2500: loss=0.001691
2026-09-24 11:03:00   step 300/2500: loss=0.004581
2026-09-24 11:03:29   step 400/2500: loss=0.003948
2026-09-24 11:03:57   step 500/2500: loss=0.003995
2026-09-24 11:04:36   step 600/2500: loss=0.001528
2026-09-24 11:05:05   step 700/2500: loss=0.004316
2026-09-24 11:05:33   step 800/2500: loss=0.003467
2026-09-24 11:06:02   step 900/2500: loss=0.003730
2026-09-24 11:06:30   step 1000/2500: loss=0.001685
2026-09-24 11:06:59   step 1100/2500: loss=0.001741
2026-09-24 11:07:27   step 1200/2500: loss=0.003366
2026-09-24 11:07:55   step 1300/2500: loss=0.004065
2026-09-24 11:08:23   step 1400/2500: loss=0.004583
2026-09-24 11:08:52   step 1500/2500: loss=0.002657
2026-09-24 11:09:20   step 1600/2500: loss=0.003776
2026-09-24 11:09:49   step 1700/2500: loss=0.003463
2026-09-24 11:10:17   step 1800/2500: loss=0.001907
2026-09-24 11:10:46   step 1900/2500: loss=0.001514
2026-09-24 11:11:14   step 2000/2500: loss=0.003968
2026-09-24 11:11:43   step 2100/2500: loss=0.004228
2026-09-24 11:12:11   step 2200/2500: loss=0.002628
2026-09-24 11:12:40   step 2300/2500: loss=0.002304
2026-09-24 11:13:08   step 2400/2500: loss=0.004012
2026-09-24 11:13:44 [pjrt_ffi] RESIDENT: @resnet50in160_fwd_eval holds 267 parameter tensors (97.7 MB) on 4 devices; they stop crossing PCIe from here
2026-09-24 11:14:29 Epoch 83/100: loss=0.002990 lr=0.000616
2026-09-24 11:14:29   epoch 83: test_acc = 38311/50000 = 76.622000%  top5 = 46663/50000 = 93.326000%  [95% CI 76.25–76.99]
2026-09-24 11:14:30   step 0/2500: loss=0.004297
2026-09-24 11:14:30   step 1/2500: loss=0.003171
2026-09-24 11:14:30   step 2/2500: loss=0.003354
2026-09-24 11:14:58   step 100/2500: loss=0.001830
2026-09-24 11:15:27   step 200/2500: loss=0.001881
2026-09-24 11:15:55   step 300/2500: loss=0.003948
2026-09-24 11:16:24   step 400/2500: loss=0.004079
2026-09-24 11:16:52   step 500/2500: loss=0.002323
2026-09-24 11:17:21   step 600/2500: loss=0.002034
2026-09-24 11:17:50   step 700/2500: loss=0.004272
2026-09-24 11:18:18   step 800/2500: loss=0.003824
2026-09-24 11:18:47   step 900/2500: loss=0.001893
2026-09-24 11:19:16   step 1000/2500: loss=0.001775
2026-09-24 11:19:44   step 1100/2500: loss=0.003938
2026-09-24 11:20:13   step 1200/2500: loss=0.003404
2026-09-24 11:20:41   step 1300/2500: loss=0.001806
2026-09-24 11:21:10   step 1400/2500: loss=0.001896
2026-09-24 11:21:38   step 1500/2500: loss=0.003977
2026-09-24 11:22:07   step 1600/2500: loss=0.004043
2026-09-24 11:22:36   step 1700/2500: loss=0.005236
2026-09-24 11:23:04   step 1800/2500: loss=0.001936
2026-09-24 11:23:32   step 1900/2500: loss=0.004054
2026-09-24 11:24:01   step 2000/2500: loss=0.003421
2026-09-24 11:24:30   step 2100/2500: loss=0.001534
2026-09-24 11:24:59   step 2200/2500: loss=0.001786
2026-09-24 11:25:27   step 2300/2500: loss=0.004103
2026-09-24 11:25:55   step 2400/2500: loss=0.003772
2026-09-24 11:26:32 [pjrt_ffi] RESIDENT: @resnet50in160_fwd_eval holds 267 parameter tensors (97.7 MB) on 4 devices; they stop crossing PCIe from here
2026-09-24 11:27:13 Epoch 84/100: loss=0.002939 lr=0.000547
2026-09-24 11:27:13   epoch 84: test_acc = 38485/50000 = 76.970000%  top5 = 46708/50000 = 93.416000%  [95% CI 76.60–77.34]
2026-09-24 11:27:13   step 0/2500: loss=0.001577
2026-09-24 11:27:14   step 1/2500: loss=0.005172
2026-09-24 11:27:14   step 2/2500: loss=0.001796
2026-09-24 11:27:42   step 100/2500: loss=0.001717
2026-09-24 11:28:10   step 200/2500: loss=0.002638
2026-09-24 11:28:39   step 300/2500: loss=0.004028
2026-09-24 11:29:07   step 400/2500: loss=0.001997
2026-09-24 11:29:36   step 500/2500: loss=0.002103
2026-09-24 11:30:04   step 600/2500: loss=0.003138
2026-09-24 11:30:32   step 700/2500: loss=0.003356
2026-09-24 11:31:01   step 800/2500: loss=0.001802
2026-09-24 11:31:29   step 900/2500: loss=0.001715
2026-09-24 11:31:57   step 1000/2500: loss=0.003769
2026-09-24 11:32:26   step 1100/2500: loss=0.003570
2026-09-24 11:32:54   step 1200/2500: loss=0.001932
2026-09-24 11:33:22   step 1300/2500: loss=0.002964
2026-09-24 11:33:50   step 1400/2500: loss=0.003938
2026-09-24 11:34:19   step 1500/2500: loss=0.003244
2026-09-24 11:34:47   step 1600/2500: loss=0.001710
2026-09-24 11:35:15   step 1700/2500: loss=0.003051
2026-09-24 11:35:44   step 1800/2500: loss=0.003840
2026-09-24 11:36:11   step 1900/2500: loss=0.002397
2026-09-24 11:36:39   step 2000/2500: loss=0.001807
2026-09-24 11:37:08   step 2100/2500: loss=0.001990
2026-09-24 11:37:36   step 2200/2500: loss=0.003923
2026-09-24 11:38:04   step 2300/2500: loss=0.003899
2026-09-24 11:38:32   step 2400/2500: loss=0.001852
2026-09-24 11:39:08 [pjrt_ffi] RESIDENT: @resnet50in160_fwd_eval holds 267 parameter tensors (97.7 MB) on 4 devices; they stop crossing PCIe from here
2026-09-24 11:39:43 Epoch 85/100: loss=0.002897 lr=0.000482
2026-09-24 11:39:43   epoch 85: test_acc = 38671/50000 = 77.342000%  top5 = 46743/50000 = 93.486000%  [95% CI 76.97–77.71]
2026-09-24 11:39:43   step 0/2500: loss=0.004168
2026-09-24 11:39:44   step 1/2500: loss=0.003345
2026-09-24 11:39:44   step 2/2500: loss=0.002047
2026-09-24 11:40:11   step 100/2500: loss=0.003880
2026-09-24 11:40:40   step 200/2500: loss=0.003369
2026-09-24 11:41:09   step 300/2500: loss=0.001837
2026-09-24 11:41:37   step 400/2500: loss=0.003441
2026-09-24 11:42:06   step 500/2500: loss=0.004122
2026-09-24 11:42:34   step 600/2500: loss=0.003966
2026-09-24 11:43:03   step 700/2500: loss=0.002650
2026-09-24 11:43:31   step 800/2500: loss=0.001952
2026-09-24 11:43:59   step 900/2500: loss=0.002098
2026-09-24 11:44:28   step 1000/2500: loss=0.002515
2026-09-24 11:44:56   step 1100/2500: loss=0.001793
2026-09-24 11:45:24   step 1200/2500: loss=0.005155
2026-09-24 11:45:52   step 1300/2500: loss=0.003149
2026-09-24 11:46:20   step 1400/2500: loss=0.003899
2026-09-24 11:46:48   step 1500/2500: loss=0.001891
2026-09-24 11:47:17   step 1600/2500: loss=0.003260
2026-09-24 11:47:45   step 1700/2500: loss=0.003206
2026-09-24 11:48:14   step 1800/2500: loss=0.004403
2026-09-24 11:48:42   step 1900/2500: loss=0.003430
2026-09-24 11:49:10   step 2000/2500: loss=0.001664
2026-09-24 11:49:51   step 2100/2500: loss=0.002408
2026-09-24 11:50:20   step 2200/2500: loss=0.003548
2026-09-24 11:50:49   step 2300/2500: loss=0.001595
2026-09-24 11:51:18   step 2400/2500: loss=0.001443
2026-09-24 11:51:55 [pjrt_ffi] RESIDENT: @resnet50in160_fwd_eval holds 267 parameter tensors (97.7 MB) on 4 devices; they stop crossing PCIe from here
2026-09-24 11:52:34 Epoch 86/100: loss=0.002958 lr=0.000421
2026-09-24 11:52:34   epoch 86: test_acc = 38784/50000 = 77.568000%  top5 = 46794/50000 = 93.588000%  [95% CI 77.20–77.93]
2026-09-24 11:52:35   step 0/2500: loss=0.003850
2026-09-24 11:52:35   step 1/2500: loss=0.002641
2026-09-24 11:52:35   step 2/2500: loss=0.003431
2026-09-24 11:53:03   step 100/2500: loss=0.002129
2026-09-24 11:53:31   step 200/2500: loss=0.001697
2026-09-24 11:54:00   step 300/2500: loss=0.004032
2026-09-24 11:54:29   step 400/2500: loss=0.004103
2026-09-24 11:54:57   step 500/2500: loss=0.003693
2026-09-24 11:55:26   step 600/2500: loss=0.002493
2026-09-24 11:55:54   step 700/2500: loss=0.001984
2026-09-24 11:56:23   step 800/2500: loss=0.004279
2026-09-24 11:56:52   step 900/2500: loss=0.003767
2026-09-24 11:57:20   step 1000/2500: loss=0.001659
2026-09-24 11:57:48   step 1100/2500: loss=0.001867
2026-09-24 11:58:17   step 1200/2500: loss=0.003588
2026-09-24 11:58:45   step 1300/2500: loss=0.003879
2026-09-24 11:59:13   step 1400/2500: loss=0.001778
2026-09-24 11:59:41   step 1500/2500: loss=0.002046
2026-09-24 12:00:10   step 1600/2500: loss=0.003347
2026-09-24 12:00:39   step 1700/2500: loss=0.003223
2026-09-24 12:01:07   step 1800/2500: loss=0.003865
2026-09-24 12:01:36   step 1900/2500: loss=0.004954
2026-09-24 12:02:04   step 2000/2500: loss=0.004082
2026-09-24 12:02:32   step 2100/2500: loss=0.003867
2026-09-24 12:03:00   step 2200/2500: loss=0.001761
2026-09-24 12:03:28   step 2300/2500: loss=0.003029
2026-09-24 12:03:57   step 2400/2500: loss=0.002614
2026-09-24 12:04:34 [pjrt_ffi] RESIDENT: @resnet50in160_fwd_eval holds 267 parameter tensors (97.7 MB) on 4 devices; they stop crossing PCIe from here
2026-09-24 12:05:15 Epoch 87/100: loss=0.002887 lr=0.000364
2026-09-24 12:05:15   epoch 87: test_acc = 38836/50000 = 77.672000%  top5 = 46817/50000 = 93.634000%  [95% CI 77.30–78.03]
2026-09-24 12:05:15   step 0/2500: loss=0.003795
2026-09-24 12:05:16   step 1/2500: loss=0.003641
2026-09-24 12:05:16   step 2/2500: loss=0.002050
2026-09-24 12:05:43   step 100/2500: loss=0.001693
2026-09-24 12:06:12   step 200/2500: loss=0.001706
2026-09-24 12:06:40   step 300/2500: loss=0.004000
2026-09-24 12:07:08   step 400/2500: loss=0.004161
2026-09-24 12:07:37   step 500/2500: loss=0.001940
2026-09-24 12:08:05   step 600/2500: loss=0.001805
2026-09-24 12:08:33   step 700/2500: loss=0.002988
2026-09-24 12:09:01   step 800/2500: loss=0.001879
2026-09-24 12:09:29   step 900/2500: loss=0.001929
2026-09-24 12:09:57   step 1000/2500: loss=0.001632
2026-09-24 12:10:25   step 1100/2500: loss=0.003666
2026-09-24 12:10:53   step 1200/2500: loss=0.003298
2026-09-24 12:11:21   step 1300/2500: loss=0.001256
2026-09-24 12:11:49   step 1400/2500: loss=0.001462
2026-09-24 12:12:17   step 1500/2500: loss=0.004208
2026-09-24 12:12:46   step 1600/2500: loss=0.003872
2026-09-24 12:13:20   step 1700/2500: loss=0.001875
2026-09-24 12:13:48   step 1800/2500: loss=0.001575
2026-09-24 12:14:16   step 1900/2500: loss=0.004038
2026-09-24 12:14:44   step 2000/2500: loss=0.003934
2026-09-24 12:15:12   step 2100/2500: loss=0.001758
2026-09-24 12:15:40   step 2200/2500: loss=0.001741
2026-09-24 12:16:08   step 2300/2500: loss=0.003067
2026-09-24 12:16:36   step 2400/2500: loss=0.003855
2026-09-24 12:17:12 [pjrt_ffi] RESIDENT: @resnet50in160_fwd_eval holds 267 parameter tensors (97.7 MB) on 4 devices; they stop crossing PCIe from here
2026-09-24 12:17:51 Epoch 88/100: loss=0.002902 lr=0.000311
2026-09-24 12:17:51   epoch 88: test_acc = 38910/50000 = 77.820000%  top5 = 46849/50000 = 93.698000%  [95% CI 77.45–78.18]
2026-09-24 12:17:51   step 0/2500: loss=0.003335
2026-09-24 12:17:51   step 1/2500: loss=0.001840
2026-09-24 12:17:52   step 2/2500: loss=0.001726
2026-09-24 12:18:19   step 100/2500: loss=0.002027
2026-09-24 12:18:47   step 200/2500: loss=0.003886
2026-09-24 12:19:15   step 300/2500: loss=0.003107
2026-09-24 12:19:49   step 400/2500: loss=0.001759
2026-09-24 12:20:17   step 500/2500: loss=0.001699
2026-09-24 12:20:45   step 600/2500: loss=0.002195
2026-09-24 12:21:13   step 700/2500: loss=0.003753
2026-09-24 12:21:41   step 800/2500: loss=0.002806
2026-09-24 12:22:11   step 900/2500: loss=0.004999
2026-09-24 12:22:39   step 1000/2500: loss=0.004201
2026-09-24 12:23:07   step 1100/2500: loss=0.002999
2026-09-24 12:23:35   step 1200/2500: loss=0.001623
2026-09-24 12:24:03   step 1300/2500: loss=0.001535
2026-09-24 12:24:31   step 1400/2500: loss=0.002991
2026-09-24 12:24:59   step 1500/2500: loss=0.004112
2026-09-24 12:25:27   step 1600/2500: loss=0.002752
2026-09-24 12:25:54   step 1700/2500: loss=0.002258
2026-09-24 12:26:22   step 1800/2500: loss=0.001905
2026-09-24 12:26:50   step 1900/2500: loss=0.003088
2026-09-24 12:27:18   step 2000/2500: loss=0.001653
2026-09-24 12:27:46   step 2100/2500: loss=0.004608
2026-09-24 12:28:14   step 2200/2500: loss=0.003030
2026-09-24 12:28:42   step 2300/2500: loss=0.002039
2026-09-24 12:29:09   step 2400/2500: loss=0.001701
2026-09-24 12:29:46 [pjrt_ffi] RESIDENT: @resnet50in160_fwd_eval holds 267 parameter tensors (97.7 MB) on 4 devices; they stop crossing PCIe from here
2026-09-24 12:30:20 Epoch 89/100: loss=0.002888 lr=0.000262
2026-09-24 12:30:20   epoch 89: test_acc = 38934/50000 = 77.868000%  top5 = 46901/50000 = 93.802000%  [95% CI 77.50–78.23]
2026-09-24 12:30:21   step 0/2500: loss=0.005178
2026-09-24 12:30:21   step 1/2500: loss=0.001699
2026-09-24 12:30:21   step 2/2500: loss=0.001725
2026-09-24 12:30:49   step 100/2500: loss=0.002387
2026-09-24 12:31:17   step 200/2500: loss=0.002894
2026-09-24 12:31:45   step 300/2500: loss=0.001842
2026-09-24 12:32:13   step 400/2500: loss=0.001634
2026-09-24 12:32:41   step 500/2500: loss=0.004074
2026-09-24 12:33:09   step 600/2500: loss=0.003139
2026-09-24 12:33:37   step 700/2500: loss=0.001270
2026-09-24 12:34:05   step 800/2500: loss=0.001594
2026-09-24 12:34:33   step 900/2500: loss=0.004098
2026-09-24 12:35:01   step 1000/2500: loss=0.001999
2026-09-24 12:35:29   step 1100/2500: loss=0.001404
2026-09-24 12:35:57   step 1200/2500: loss=0.001489
2026-09-24 12:36:25   step 1300/2500: loss=0.004135
2026-09-24 12:36:53   step 1400/2500: loss=0.003711
2026-09-24 12:37:21   step 1500/2500: loss=0.002218
2026-09-24 12:37:49   step 1600/2500: loss=0.001722
2026-09-24 12:38:17   step 1700/2500: loss=0.003777
2026-09-24 12:38:45   step 1800/2500: loss=0.003584
2026-09-24 12:39:12   step 1900/2500: loss=0.002441
2026-09-24 12:39:40   step 2000/2500: loss=0.001626
2026-09-24 12:40:07   step 2100/2500: loss=0.003994
2026-09-24 12:40:35   step 2200/2500: loss=0.002409
2026-09-24 12:41:03   step 2300/2500: loss=0.001622
2026-09-24 12:41:30   step 2400/2500: loss=0.001914
2026-09-24 12:42:07 [pjrt_ffi] RESIDENT: @resnet50in160_fwd_eval holds 267 parameter tensors (97.7 MB) on 4 devices; they stop crossing PCIe from here
2026-09-24 12:42:57 Epoch 90/100: loss=0.002813 lr=0.000217
2026-09-24 12:42:57   epoch 90: test_acc = 38943/50000 = 77.886000%  top5 = 46896/50000 = 93.792000%  [95% CI 77.52–78.25]
2026-09-24 12:42:58   step 0/2500: loss=0.003942
2026-09-24 12:42:58   step 1/2500: loss=0.001402
2026-09-24 12:42:58   step 2/2500: loss=0.002667
2026-09-24 12:43:26   step 100/2500: loss=0.003593
2026-09-24 12:43:54   step 200/2500: loss=0.005373
2026-09-24 12:44:22   step 300/2500: loss=0.002930
2026-09-24 12:44:50   step 400/2500: loss=0.004040
2026-09-24 12:45:19   step 500/2500: loss=0.003926
2026-09-24 12:45:47   step 600/2500: loss=0.004202
2026-09-24 12:46:15   step 700/2500: loss=0.001655
2026-09-24 12:46:43   step 800/2500: loss=0.003678
2026-09-24 12:47:12   step 900/2500: loss=0.003920
2026-09-24 12:47:45   step 1000/2500: loss=0.001703
2026-09-24 12:48:13   step 1100/2500: loss=0.001779
2026-09-24 12:48:41   step 1200/2500: loss=0.004070
2026-09-24 12:49:09   step 1300/2500: loss=0.003270
2026-09-24 12:49:37   step 1400/2500: loss=0.001769
2026-09-24 12:50:07   step 1500/2500: loss=0.001546
2026-09-24 12:50:45   step 1600/2500: loss=0.002286
2026-09-24 12:51:12   step 1700/2500: loss=0.003736
2026-09-24 12:51:40   step 1800/2500: loss=0.001702
2026-09-24 12:52:08   step 1900/2500: loss=0.001838
2026-09-24 12:52:36   step 2000/2500: loss=0.002260
2026-09-24 12:53:04   step 2100/2500: loss=0.003807
2026-09-24 12:53:32   step 2200/2500: loss=0.001408
2026-09-24 12:54:12   step 2300/2500: loss=0.001780
2026-09-24 12:54:39   step 2400/2500: loss=0.002642
2026-09-24 12:55:17 [pjrt_ffi] RESIDENT: @resnet50in160_fwd_eval holds 267 parameter tensors (97.7 MB) on 4 devices; they stop crossing PCIe from here
2026-09-24 12:56:01 Epoch 91/100: loss=0.002877 lr=0.000176
2026-09-24 12:56:01   epoch 91: test_acc = 38974/50000 = 77.948000%  top5 = 46895/50000 = 93.790000%  [95% CI 77.58–78.31]
2026-09-24 12:56:02   step 0/2500: loss=0.004423
2026-09-24 12:56:02   step 1/2500: loss=0.003669
2026-09-24 12:56:02   step 2/2500: loss=0.002501
2026-09-24 12:56:29   step 100/2500: loss=0.001759
2026-09-24 12:56:57   step 200/2500: loss=0.001300
2026-09-24 12:57:25   step 300/2500: loss=0.002956
2026-09-24 12:57:52   step 400/2500: loss=0.003407
2026-09-24 12:58:20   step 500/2500: loss=0.002069
2026-09-24 12:58:48   step 600/2500: loss=0.001665
2026-09-24 12:59:16   step 700/2500: loss=0.004134
2026-09-24 12:59:44   step 800/2500: loss=0.001826
2026-09-24 13:00:11   step 900/2500: loss=0.001709
2026-09-24 13:00:39   step 1000/2500: loss=0.002521
2026-09-24 13:01:06   step 1100/2500: loss=0.003199
2026-09-24 13:01:34   step 1200/2500: loss=0.003841
2026-09-24 13:02:01   step 1300/2500: loss=0.001474
2026-09-24 13:02:28   step 1400/2500: loss=0.004104
2026-09-24 13:02:56   step 1500/2500: loss=0.004222
2026-09-24 13:03:24   step 1600/2500: loss=0.003251
2026-09-24 13:03:52   step 1700/2500: loss=0.005126
2026-09-24 13:04:19   step 1800/2500: loss=0.003018
2026-09-24 13:04:47   step 1900/2500: loss=0.003894
2026-09-24 13:05:15   step 2000/2500: loss=0.004003
2026-09-24 13:05:56   step 2100/2500: loss=0.001850
2026-09-24 13:06:24   step 2200/2500: loss=0.001984
2026-09-24 13:06:52   step 2300/2500: loss=0.002638
2026-09-24 13:07:20   step 2400/2500: loss=0.003764
2026-09-24 13:07:55 [pjrt_ffi] RESIDENT: @resnet50in160_fwd_eval holds 267 parameter tensors (97.7 MB) on 4 devices; they stop crossing PCIe from here
2026-09-24 13:08:36 Epoch 92/100: loss=0.002852 lr=0.000139
2026-09-24 13:08:36   epoch 92: test_acc = 39031/50000 = 78.062000%  top5 = 46954/50000 = 93.908000%  [95% CI 77.70–78.42]
2026-09-24 13:08:37   step 0/2500: loss=0.001598
2026-09-24 13:08:37   step 1/2500: loss=0.002286
2026-09-24 13:08:37   step 2/2500: loss=0.001457
2026-09-24 13:09:04   step 100/2500: loss=0.004506
2026-09-24 13:09:32   step 200/2500: loss=0.003750
2026-09-24 13:10:00   step 300/2500: loss=0.003277
2026-09-24 13:10:29   step 400/2500: loss=0.001777
2026-09-24 13:10:56   step 500/2500: loss=0.004391
2026-09-24 13:11:24   step 600/2500: loss=0.003857
2026-09-24 13:11:52   step 700/2500: loss=0.002808
2026-09-24 13:12:20   step 800/2500: loss=0.001840
2026-09-24 13:12:48   step 900/2500: loss=0.001791
2026-09-24 13:13:16   step 1000/2500: loss=0.004113
2026-09-24 13:13:43   step 1100/2500: loss=0.003768
2026-09-24 13:14:11   step 1200/2500: loss=0.001720
2026-09-24 13:14:39   step 1300/2500: loss=0.001531
2026-09-24 13:15:07   step 1400/2500: loss=0.003932
2026-09-24 13:15:35   step 1500/2500: loss=0.003624
2026-09-24 13:16:03   step 1600/2500: loss=0.004345
2026-09-24 13:16:33   step 1700/2500: loss=0.001562
2026-09-24 13:17:01   step 1800/2500: loss=0.003744
2026-09-24 13:17:29   step 1900/2500: loss=0.004037
2026-09-24 13:17:56   step 2000/2500: loss=0.001687
2026-09-24 13:18:24   step 2100/2500: loss=0.001659
2026-09-24 13:18:52   step 2200/2500: loss=0.003488
2026-09-24 13:19:20   step 2300/2500: loss=0.004000
2026-09-24 13:19:47   step 2400/2500: loss=0.005188
2026-09-24 13:20:23 [pjrt_ffi] RESIDENT: @resnet50in160_fwd_eval holds 267 parameter tensors (97.7 MB) on 4 devices; they stop crossing PCIe from here
2026-09-24 13:21:02 Epoch 93/100: loss=0.002836 lr=0.000107
2026-09-24 13:21:02   epoch 93: test_acc = 39054/50000 = 78.108000%  top5 = 46951/50000 = 93.902000%  [95% CI 77.74–78.47]
2026-09-24 13:21:02   step 0/2500: loss=0.003339
2026-09-24 13:21:03   step 1/2500: loss=0.001779
2026-09-24 13:21:03   step 2/2500: loss=0.001626
2026-09-24 13:21:30   step 100/2500: loss=0.003062
2026-09-24 13:21:58   step 200/2500: loss=0.003829
2026-09-24 13:22:26   step 300/2500: loss=0.003002
2026-09-24 13:22:54   step 400/2500: loss=0.004316
2026-09-24 13:23:24   step 500/2500: loss=0.003404
2026-09-24 13:23:52   step 600/2500: loss=0.003477
2026-09-24 13:24:20   step 700/2500: loss=0.003048
2026-09-24 13:24:47   step 800/2500: loss=0.002238
2026-09-24 13:25:15   step 900/2500: loss=0.003390
2026-09-24 13:25:43   step 1000/2500: loss=0.003095
2026-09-24 13:26:13   step 1100/2500: loss=0.001663
2026-09-24 13:26:41   step 1200/2500: loss=0.001561
2026-09-24 13:27:09   step 1300/2500: loss=0.003864
2026-09-24 13:27:37   step 1400/2500: loss=0.002279
2026-09-24 13:28:05   step 1500/2500: loss=0.001579
2026-09-24 13:28:33   step 1600/2500: loss=0.003021
2026-09-24 13:29:01   step 1700/2500: loss=0.003964
2026-09-24 13:29:28   step 1800/2500: loss=0.003538
2026-09-24 13:29:56   step 1900/2500: loss=0.001384
2026-09-24 13:30:23   step 2000/2500: loss=0.001779
2026-09-24 13:30:51   step 2100/2500: loss=0.002900
2026-09-24 13:31:18   step 2200/2500: loss=0.003925
2026-09-24 13:31:46   step 2300/2500: loss=0.001792
2026-09-24 13:32:15   step 2400/2500: loss=0.001699
2026-09-24 13:32:50 [pjrt_ffi] RESIDENT: @resnet50in160_fwd_eval holds 267 parameter tensors (97.7 MB) on 4 devices; they stop crossing PCIe from here
2026-09-24 13:33:26 Epoch 94/100: loss=0.002861 lr=0.000078
2026-09-24 13:33:26   epoch 94: test_acc = 39103/50000 = 78.206000%  top5 = 46974/50000 = 93.948000%  [95% CI 77.84–78.57]
2026-09-24 13:33:26   step 0/2500: loss=0.002563
2026-09-24 13:33:26   step 1/2500: loss=0.004026
2026-09-24 13:33:27   step 2/2500: loss=0.003829
2026-09-24 13:33:53   step 100/2500: loss=0.004041
2026-09-24 13:34:21   step 200/2500: loss=0.003323
2026-09-24 13:34:49   step 300/2500: loss=0.001498
2026-09-24 13:35:17   step 400/2500: loss=0.002730
2026-09-24 13:35:44   step 500/2500: loss=0.002967
2026-09-24 13:36:20   step 600/2500: loss=0.001983
2026-09-24 13:36:48   step 700/2500: loss=0.001568
2026-09-24 13:37:16   step 800/2500: loss=0.003223
2026-09-24 13:37:44   step 900/2500: loss=0.002903
2026-09-24 13:38:11   step 1000/2500: loss=0.002817
2026-09-24 13:38:39   step 1100/2500: loss=0.002100
2026-09-24 13:39:07   step 1200/2500: loss=0.003234
2026-09-24 13:39:34   step 1300/2500: loss=0.004125
2026-09-24 13:40:02   step 1400/2500: loss=0.001948
2026-09-24 13:40:29   step 1500/2500: loss=0.001567
2026-09-24 13:40:57   step 1600/2500: loss=0.003163
2026-09-24 13:41:25   step 1700/2500: loss=0.002860
2026-09-24 13:41:52   step 1800/2500: loss=0.001872
2026-09-24 13:42:20   step 1900/2500: loss=0.001769
2026-09-24 13:42:47   step 2000/2500: loss=0.003715
2026-09-24 13:43:14   step 2100/2500: loss=0.003983
2026-09-24 13:43:42   step 2200/2500: loss=0.001655
2026-09-24 13:44:09   step 2300/2500: loss=0.004092
2026-09-24 13:44:36   step 2400/2500: loss=0.003117
2026-09-24 13:45:14 [pjrt_ffi] RESIDENT: @resnet50in160_fwd_eval holds 267 parameter tensors (97.7 MB) on 4 devices; they stop crossing PCIe from here
2026-09-24 13:45:58 Epoch 95/100: loss=0.002833 lr=0.000055
2026-09-24 13:45:58   epoch 95: test_acc = 39097/50000 = 78.194000%  top5 = 46970/50000 = 93.940000%  [95% CI 77.83–78.55]
2026-09-24 13:45:58   step 0/2500: loss=0.002415
2026-09-24 13:45:59   step 1/2500: loss=0.004110
2026-09-24 13:45:59   step 2/2500: loss=0.003114
2026-09-24 13:46:26   step 100/2500: loss=0.001155
2026-09-24 13:46:53   step 200/2500: loss=0.001184
2026-09-24 13:47:21   step 300/2500: loss=0.003610
2026-09-24 13:47:48   step 400/2500: loss=0.002880
2026-09-24 13:48:16   step 500/2500: loss=0.001815
2026-09-24 13:48:44   step 600/2500: loss=0.005167
2026-09-24 13:49:11   step 700/2500: loss=0.004161
2026-09-24 13:49:38   step 800/2500: loss=0.003710
2026-09-24 13:50:06   step 900/2500: loss=0.001505
2026-09-24 13:50:33   step 1000/2500: loss=0.001701
2026-09-24 13:51:00   step 1100/2500: loss=0.002769
2026-09-24 13:51:27   step 1200/2500: loss=0.004086
2026-09-24 13:51:55   step 1300/2500: loss=0.002083
2026-09-24 13:52:22   step 1400/2500: loss=0.001676
2026-09-24 13:52:50   step 1500/2500: loss=0.003990
2026-09-24 13:53:18   step 1600/2500: loss=0.003372
2026-09-24 13:53:45   step 1700/2500: loss=0.001514
2026-09-24 13:54:13   step 1800/2500: loss=0.001716
2026-09-24 13:54:41   step 1900/2500: loss=0.003713
2026-09-24 13:55:09   step 2000/2500: loss=0.004065
2026-09-24 13:55:37   step 2100/2500: loss=0.001757
2026-09-24 13:56:04   step 2200/2500: loss=0.001816
2026-09-24 13:56:32   step 2300/2500: loss=0.003703
2026-09-24 13:57:00   step 2400/2500: loss=0.002429
2026-09-24 13:57:35 [pjrt_ffi] RESIDENT: @resnet50in160_fwd_eval holds 267 parameter tensors (97.7 MB) on 4 devices; they stop crossing PCIe from here
2026-09-24 13:58:21 Epoch 96/100: loss=0.002816 lr=0.000035
2026-09-24 13:58:21   epoch 96: test_acc = 39166/50000 = 78.332000%  top5 = 46995/50000 = 93.990000%  [95% CI 77.97–78.69]
2026-09-24 13:58:22   step 0/2500: loss=0.001344
2026-09-24 13:58:22   step 1/2500: loss=0.001477
2026-09-24 13:58:23   step 2/2500: loss=0.001805
2026-09-24 13:58:49   step 100/2500: loss=0.004664
2026-09-24 13:59:17   step 200/2500: loss=0.004087
2026-09-24 13:59:45   step 300/2500: loss=0.003830
2026-09-24 14:00:12   step 400/2500: loss=0.001647
2026-09-24 14:00:39   step 500/2500: loss=0.003816
2026-09-24 14:01:07   step 600/2500: loss=0.003859
2026-09-24 14:01:34   step 700/2500: loss=0.003629
2026-09-24 14:02:01   step 800/2500: loss=0.002341
2026-09-24 14:02:29   step 900/2500: loss=0.004079
2026-09-24 14:02:56   step 1000/2500: loss=0.003072
2026-09-24 14:03:23   step 1100/2500: loss=0.003026
2026-09-24 14:03:50   step 1200/2500: loss=0.001891
2026-09-24 14:04:17   step 1300/2500: loss=0.001836
2026-09-24 14:04:45   step 1400/2500: loss=0.003409
2026-09-24 14:05:12   step 1500/2500: loss=0.002926
2026-09-24 14:05:39   step 1600/2500: loss=0.001780
2026-09-24 14:06:07   step 1700/2500: loss=0.004134
2026-09-24 14:06:34   step 1800/2500: loss=0.003607
2026-09-24 14:07:01   step 1900/2500: loss=0.003892
2026-09-24 14:07:29   step 2000/2500: loss=0.001705
2026-09-24 14:07:56   step 2100/2500: loss=0.001393
2026-09-24 14:08:23   step 2200/2500: loss=0.003296
2026-09-24 14:08:50   step 2300/2500: loss=0.003948
2026-09-24 14:09:17   step 2400/2500: loss=0.001636
2026-09-24 14:09:53 [pjrt_ffi] RESIDENT: @resnet50in160_fwd_eval holds 267 parameter tensors (97.7 MB) on 4 devices; they stop crossing PCIe from here
2026-09-24 14:10:40 Epoch 97/100: loss=0.002824 lr=0.000020
2026-09-24 14:10:40   epoch 97: test_acc = 39176/50000 = 78.352000%  top5 = 46993/50000 = 93.986000%  [95% CI 77.99–78.71]
2026-09-24 14:10:40   step 0/2500: loss=0.001632
2026-09-24 14:10:41   step 1/2500: loss=0.002664
2026-09-24 14:10:41   step 2/2500: loss=0.001883
2026-09-24 14:11:08   step 100/2500: loss=0.004155
2026-09-24 14:11:35   step 200/2500: loss=0.003464
2026-09-24 14:12:02   step 300/2500: loss=0.001761
2026-09-24 14:12:29   step 400/2500: loss=0.005070
2026-09-24 14:12:57   step 500/2500: loss=0.003985
2026-09-24 14:13:24   step 600/2500: loss=0.003835
2026-09-24 14:13:51   step 700/2500: loss=0.001367
2026-09-24 14:14:19   step 800/2500: loss=0.001470
2026-09-24 14:14:46   step 900/2500: loss=0.003686
2026-09-24 14:15:13   step 1000/2500: loss=0.002859
2026-09-24 14:15:40   step 1100/2500: loss=0.001471
2026-09-24 14:16:08   step 1200/2500: loss=0.003745
2026-09-24 14:16:36   step 1300/2500: loss=0.003961
2026-09-24 14:17:03   step 1400/2500: loss=0.003746
2026-09-24 14:17:31   step 1500/2500: loss=0.002029
2026-09-24 14:17:58   step 1600/2500: loss=0.001359
2026-09-24 14:18:25   step 1700/2500: loss=0.002885
2026-09-24 14:18:52   step 1800/2500: loss=0.003881
2026-09-24 14:19:19   step 1900/2500: loss=0.001294
2026-09-24 14:19:47   step 2000/2500: loss=0.001547
2026-09-24 14:20:15   step 2100/2500: loss=0.003031
2026-09-24 14:20:42   step 2200/2500: loss=0.003478
2026-09-24 14:21:10   step 2300/2500: loss=0.001238
2026-09-24 14:21:37   step 2400/2500: loss=0.001503
2026-09-24 14:22:14 [pjrt_ffi] RESIDENT: @resnet50in160_fwd_eval holds 267 parameter tensors (97.7 MB) on 4 devices; they stop crossing PCIe from here
2026-09-24 14:22:57 Epoch 98/100: loss=0.002786 lr=0.000009
2026-09-24 14:22:57   epoch 98: test_acc = 39182/50000 = 78.364000%  top5 = 47013/50000 = 94.026000%  [95% CI 78.00–78.72]
2026-09-24 14:22:58   step 0/2500: loss=0.001790
2026-09-24 14:22:58   step 1/2500: loss=0.003983
2026-09-24 14:22:58   step 2/2500: loss=0.004085
2026-09-24 14:23:25   step 100/2500: loss=0.002316
2026-09-24 14:23:52   step 200/2500: loss=0.001623
2026-09-24 14:24:20   step 300/2500: loss=0.001552
2026-09-24 14:24:48   step 400/2500: loss=0.003913
2026-09-24 14:25:15   step 500/2500: loss=0.003761
2026-09-24 14:25:43   step 600/2500: loss=0.001290
2026-09-24 14:26:11   step 700/2500: loss=0.005123
2026-09-24 14:26:38   step 800/2500: loss=0.003596
2026-09-24 14:27:06   step 900/2500: loss=0.003073
2026-09-24 14:27:34   step 1000/2500: loss=0.002042
2026-09-24 14:28:02   step 1100/2500: loss=0.001386
2026-09-24 14:28:30   step 1200/2500: loss=0.004073
2026-09-24 14:28:58   step 1300/2500: loss=0.003556
2026-09-24 14:29:26   step 1400/2500: loss=0.002636
2026-09-24 14:29:53   step 1500/2500: loss=0.004537
2026-09-24 14:30:21   step 1600/2500: loss=0.003492
2026-09-24 14:30:49   step 1700/2500: loss=0.002982
2026-09-24 14:31:16   step 1800/2500: loss=0.001910
2026-09-24 14:31:44   step 1900/2500: loss=0.001611
2026-09-24 14:32:12   step 2000/2500: loss=0.002157
2026-09-24 14:32:40   step 2100/2500: loss=0.003561
2026-09-24 14:33:08   step 2200/2500: loss=0.001617
2026-09-24 14:33:35   step 2300/2500: loss=0.002093
2026-09-24 14:34:03   step 2400/2500: loss=0.003501
2026-09-24 14:34:40 [pjrt_ffi] RESIDENT: @resnet50in160_fwd_eval holds 267 parameter tensors (97.7 MB) on 4 devices; they stop crossing PCIe from here
2026-09-24 14:35:18 Epoch 99/100: loss=0.002803 lr=0.000002
2026-09-24 14:35:18   epoch 99: test_acc = 39193/50000 = 78.386000%  top5 = 47018/50000 = 94.036000%  [95% CI 78.02–78.74]
2026-09-24 14:35:18   step 0/2500: loss=0.003561
2026-09-24 14:35:18   step 1/2500: loss=0.003717
2026-09-24 14:35:19   step 2/2500: loss=0.001622
2026-09-24 14:35:45   step 100/2500: loss=0.001774
2026-09-24 14:36:13   step 200/2500: loss=0.002609
2026-09-24 14:36:41   step 300/2500: loss=0.003369
2026-09-24 14:37:08   step 400/2500: loss=0.003787
2026-09-24 14:37:37   step 500/2500: loss=0.004826
2026-09-24 14:38:04   step 600/2500: loss=0.001517
2026-09-24 14:38:32   step 700/2500: loss=0.003357
2026-09-24 14:38:59   step 800/2500: loss=0.002626
2026-09-24 14:39:27   step 900/2500: loss=0.001908
2026-09-24 14:39:54   step 1000/2500: loss=0.001933
2026-09-24 14:40:21   step 1100/2500: loss=0.003110
2026-09-24 14:40:49   step 1200/2500: loss=0.002626
2026-09-24 14:41:17   step 1300/2500: loss=0.002590
2026-09-24 14:41:44   step 1400/2500: loss=0.001935
2026-09-24 14:42:12   step 1500/2500: loss=0.002017
2026-09-24 14:42:40   step 1600/2500: loss=0.003664
2026-09-24 14:43:07   step 1700/2500: loss=0.002042
2026-09-24 14:43:35   step 1800/2500: loss=0.001331
2026-09-24 14:44:02   step 1900/2500: loss=0.002043
2026-09-24 14:44:29   step 2000/2500: loss=0.002685
2026-09-24 14:44:56   step 2100/2500: loss=0.001612
2026-09-24 14:45:24   step 2200/2500: loss=0.001835
2026-09-24 14:45:51   step 2300/2500: loss=0.003379
2026-09-24 14:46:18   step 2400/2500: loss=0.003157
2026-09-24 14:46:53 [pjrt_ffi] RESIDENT: @resnet50in160_fwd_eval holds 267 parameter tensors (97.7 MB) on 4 devices; they stop crossing PCIe from here
2026-09-24 14:47:37 Epoch 100/100: loss=0.002803 lr=0.000000
2026-09-24 14:47:37   epoch 100: test_acc = 39165/50000 = 78.330000%  top5 = 47017/50000 = 94.034000%  [95% CI 77.97–78.69]
