index,exact,value,move,optimal,mover,seen,p0,p1,p2,p3,p4,p5,p6,p7,p8
0,0,0.3184,8,1,X,1,0.1989,0.0177,0.1991,0.0171,0.1333,0.0167,0.1960,0.0173,0.2038
1,0,-0.3271,4,1,O,1,0.0000,0.0409,0.0638,0.0407,0.6552,0.0435,0.0629,0.0408,0.0522
3,0,-0.2357,4,1,O,1,0.0670,0.0000,0.0648,0.0484,0.5575,0.0493,0.0689,0.0653,0.0789
5,0,0.0257,4,1,X,1,0.0000,0.0000,0.1522,0.0901,0.2847,0.0655,0.2715,0.0630,0.0730
7,1,0.9037,4,1,X,1,0.0000,0.0000,0.0209,0.0239,0.8250,0.0178,0.0434,0.0474,0.0217
9,0,-0.3220,4,1,O,1,0.0617,0.0380,0.0000,0.0405,0.6632,0.0387,0.0553,0.0398,0.0629
11,1,0.7965,5,1,X,1,0.0000,0.0159,0.0000,0.0494,0.0688,0.7489,0.0173,0.0079,0.0919
14,1,0.4253,3,1,O,1,0.0000,0.0000,0.0000,0.3751,0.2243,0.0705,0.1491,0.0723,0.1087
15,1,0.9015,4,1,X,1,0.0145,0.0000,0.0000,0.0128,0.8158,0.0387,0.0152,0.0485,0.0546
16,0,-0.6828,4,1,O,1,0.0000,0.0000,0.0000,0.0905,0.5548,0.0873,0.0908,0.1302,0.0464
19,1,0.8088,3,1,X,1,0.0000,0.0103,0.0000,0.7124,0.0933,0.0521,0.0941,0.0105,0.0272
21,0,0.2246,8,1,X,1,0.1601,0.0000,0.0000,0.0351,0.3003,0.0833,0.0464,0.0456,0.3292
22,1,0.5390,5,1,O,1,0.0000,0.0000,0.0000,0.0239,0.2035,0.4923,0.0977,0.1003,0.0822
27,0,-0.2361,4,1,O,1,0.0651,0.0462,0.0548,0.0000,0.5833,0.0775,0.0655,0.0394,0.0682
29,0,0.0420,4,1,X,1,0.0000,0.1069,0.2587,0.0000,0.2763,0.0625,0.1829,0.0446,0.0681
32,0,-0.0999,4,1,O,1,0.0000,0.0000,0.0300,0.0000,0.6917,0.1196,0.0601,0.0583,0.0403
33,1,0.7697,4,1,X,1,0.0881,0.0000,0.0208,0.0000,0.7780,0.0278,0.0039,0.0271,0.0542
34,-1,-0.8918,6,1,O,1,0.0000,0.0000,0.1120,0.0000,0.1953,0.1439,0.3318,0.1211,0.0958
38,0,-0.2240,4,1,O,1,0.0000,0.0462,0.0000,0.0000,0.5431,0.2282,0.0882,0.0478,0.0466
42,0,-0.2014,4,1,O,1,0.0596,0.0000,0.0000,0.0000,0.6740,0.0762,0.0620,0.0390,0.0891
44,1,0.8179,4,1,X,1,0.0000,0.0000,0.0000,0.0000,0.6048,0.2817,0.0352,0.0262,0.0521
45,1,0.4789,0,1,X,1,0.5658,0.0434,0.0000,0.0000,0.1481,0.0523,0.0721,0.0584,0.0598
46,-1,-0.9416,6,1,O,1,0.0000,0.1167,0.0000,0.0000,0.1740,0.1720,0.3082,0.0913,0.1378
48,1,0.2097,4,0,O,0,0.0802,0.0000,0.0000,0.0000,0.5430,0.1057,0.0617,0.1197,0.0899
50,1,0.7933,4,1,X,0,0.0000,0.0000,0.0000,0.0000,0.5990,0.1186,0.0574,0.0326,0.1924
52,1,0.9983,6,1,X,1,0.0000,0.0000,0.0000,0.0000,0.0098,0.0022,0.9775,0.0056,0.0050
55,1,0.8319,4,1,X,1,0.0000,0.0260,0.0259,0.0000,0.8324,0.0644,0.0166,0.0117,0.0230
57,1,0.6592,4,1,X,1,0.1016,0.0000,0.0283,0.0000,0.7068,0.0353,0.0076,0.0389,0.0815
58,-1,-0.8983,2,1,O,0,0.0000,0.0000,0.2559,0.0000,0.1984,0.1389,0.1303,0.1218,0.1548
63,1,0.8355,4,1,X,1,0.0194,0.0108,0.0000,0.0000,0.8583,0.0674,0.0082,0.0097,0.0261
64,-1,-0.9030,1,1,O,0,0.0000,0.4114,0.0000,0.0000,0.1982,0.1261,0.1100,0.0723,0.0820
66,1,0.4205,0,1,O,1,0.6499,0.0000,0.0000,0.0000,0.1652,0.0561,0.0458,0.0755,0.0075
68,-1,-0.9496,6,1,X,1,0.0000,0.0000,0.0000,0.0000,0.2982,0.1318,0.3123,0.0859,0.1718
70,1,0.7516,4,1,X,1,0.0000,0.0000,0.0000,0.0000,0.7786,0.0580,0.0563,0.0587,0.0483
76,1,0.7881,4,1,X,1,0.0000,0.0000,0.0000,0.0000,0.9141,0.0498,0.0119,0.0067,0.0175
81,0,-0.2591,0,1,O,1,0.2107,0.0503,0.2024,0.0441,0.0000,0.0496,0.1861,0.0491,0.2078
83,0,0.0986,1,1,X,1,0.0000,0.2169,0.1567,0.2164,0.0000,0.0952,0.1407,0.0800,0.0943
86,0,-0.1385,7,1,O,1,0.0000,0.0000,0.0316,0.0279,0.0000,0.0346,0.0366,0.8364,0.0329
87,1,0.7681,8,1,X,1,0.1260,0.0000,0.1327,0.0629,0.0000,0.0519,0.2500,0.0279,0.3485
88,-1,-0.9720,8,1,O,1,0.0000,0.0000,0.1190,0.1216,0.0000,0.1081,0.1208,0.0961,0.4343
92,0,-0.1608,6,1,O,1,0.0000,0.0302,0.0000,0.0317,0.0000,0.0542,0.8087,0.0345,0.0407
96,-1,-0.9564,6,1,O,1,0.1329,0.0000,0.0000,0.0963,0.0000,0.1132,0.4414,0.0794,0.1369
98,1,0.9959,6,1,X,1,0.0000,0.0000,0.0000,0.0115,0.0000,0.0149,0.9401,0.0085,0.0251
99,0,0.1568,1,1,X,1,0.1373,0.2247,0.0000,0.0898,0.0000,0.2171,0.0829,0.0834,0.1648
100,0,-0.1272,8,1,O,1,0.0000,0.0619,0.0000,0.0505,0.0000,0.0381,0.0465,0.0426,0.7603
102,0,-0.1537,7,1,O,1,0.0479,0.0000,0.0000,0.0334,0.0000,0.0419,0.0313,0.8076,0.0378
104,1,0.9991,7,1,X,1,0.0000,0.0000,0.0000,0.0067,0.0000,0.0105,0.0012,0.9755,0.0061
106,1,0.9805,8,1,X,1,0.0000,0.0000,0.0000,0.0079,0.0000,0.0127,0.0154,0.0049,0.9590
110,0,-0.1599,5,1,O,1,0.0000,0.0308,0.0292,0.0000,0.0000,0.8329,0.0369,0.0281,0.0421
114,-1,-0.9230,5,1,O,1,0.0934,0.0000,0.0768,0.0000,0.0000,0.6336,0.0535,0.0868,0.0560
116,1,0.9729,5,1,X,1,0.0000,0.0000,0.0307,0.0000,0.0000,0.9526,0.0069,0.0022,0.0076
125,-1,-0.8748,5,1,O,0,0.0000,0.0000,0.0000,0.0000,0.0000,0.6808,0.2194,0.0637,0.0361
126,0,-0.1208,5,1,O,1,0.0336,0.0446,0.0000,0.0000,0.0000,0.8166,0.0343,0.0335,0.0374
128,1,0.9603,5,1,X,1,0.0000,0.0257,0.0000,0.0000,0.0000,0.9641,0.0045,0.0012,0.0045
131,-1,-0.5584,7,1,O,0,0.0000,0.0000,0.0000,0.0000,0.0000,0.2529,0.0240,0.7140,0.0091
132,1,0.9962,5,1,X,1,0.0197,0.0000,0.0000,0.0000,0.0000,0.9364,0.0144,0.0094,0.0201
133,-1,-0.9931,8,1,O,0,0.0000,0.0000,0.0000,0.0000,0.0000,0.3543,0.1352,0.1347,0.3758
135,1,0.6854,8,1,X,1,0.1005,0.0481,0.2441,0.0000,0.0000,0.0328,0.1269,0.0611,0.3866
136,-1,-0.9548,8,1,O,1,0.0000,0.1424,0.1138,0.0000,0.0000,0.0897,0.1015,0.1029,0.4497
138,-1,-0.9549,7,1,O,1,0.1237,0.0000,0.0821,0.0000,0.0000,0.1461,0.0834,0.4923,0.0724
140,1,0.9945,7,1,X,1,0.0000,0.0000,0.0246,0.0000,0.0000,0.0046,0.0441,0.9096,0.0171
142,1,0.9705,8,1,X,1,0.0000,0.0000,0.0157,0.0000,0.0000,0.0021,0.0052,0.0035,0.9735
144,-1,-0.9854,6,1,O,1,0.1713,0.1136,0.0000,0.0000,0.0000,0.1006,0.3623,0.1251,0.1272
146,1,0.9221,6,1,X,1,0.0000,0.0138,0.0000,0.0000,0.0000,0.0089,0.9650,0.0060,0.0063
149,1,0.9686,6,1,O,0,0.0000,0.0000,0.0000,0.0000,0.0000,0.0054,0.9808,0.0104,0.0033
150,1,0.9935,6,1,X,1,0.0083,0.0000,0.0000,0.0000,0.0000,0.0026,0.9733,0.0080,0.0078
151,-1,-0.9856,6,1,O,1,0.0000,0.0000,0.0000,0.0000,0.0000,0.1767,0.4512,0.1278,0.2443
154,1,0.9523,8,1,X,1,0.0000,0.0223,0.0000,0.0000,0.0000,0.0062,0.0033,0.0106,0.9576
156,1,0.9962,7,1,X,0,0.0292,0.0000,0.0000,0.0000,0.0000,0.0303,0.0063,0.9188,0.0154
157,-1,-0.8986,8,1,O,1,0.0000,0.0000,0.0000,0.0000,0.0000,0.2787,0.1614,0.2737,0.2862
163,0,0.0857,6,1,X,1,0.0000,0.1721,0.1797,0.1644,0.0000,0.1125,0.1813,0.0959,0.0942
165,0,0.1147,5,1,X,1,0.1517,0.0000,0.1306,0.1583,0.0000,0.1787,0.1735,0.0293,0.1780
166,0,-0.0616,2,1,O,1,0.0000,0.0000,0.8763,0.0235,0.0000,0.0270,0.0233,0.0235,0.0265
171,0,0.0863,8,1,X,1,0.1799,0.1759,0.0000,0.1114,0.0000,0.1602,0.0862,0.0978,0.1887
172,0,-0.0759,1,1,O,1,0.0000,0.8513,0.0000,0.0283,0.0000,0.0333,0.0304,0.0242,0.0324
174,0,-0.1108,0,1,O,1,0.8578,0.0000,0.0000,0.0300,0.0000,0.0270,0.0256,0.0273,0.0323
176,0,-0.0373,8,1,X,1,0.0000,0.0000,0.0000,0.0193,0.0000,0.0197,0.0157,0.0174,0.9279
178,0,-0.0865,7,1,X,1,0.0000,0.0000,0.0000,0.0131,0.0000,0.0204,0.0174,0.9330,0.0160
184,0,-0.0656,6,1,X,1,0.0000,0.0000,0.0000,0.0172,0.0000,0.0251,0.9214,0.0159,0.0204
189,0,-0.0674,7,1,X,1,0.1496,0.1601,0.1743,0.0000,0.0000,0.0339,0.1359,0.1842,0.1620
190,0,-0.1791,6,1,O,1,0.0000,0.0434,0.0333,0.0000,0.0000,0.0358,0.8065,0.0383,0.0427
192,0,-0.2149,2,1,O,1,0.1991,0.0000,0.3426,0.0000,0.0000,0.0358,0.2787,0.0442,0.0996
194,0,-0.0241,8,1,X,1,0.0000,0.0000,0.0295,0.0000,0.0000,0.0508,0.0451,0.0346,0.8401
196,1,0.9570,6,1,X,1,0.0000,0.0000,0.0005,0.0000,0.0000,0.0076,0.9640,0.0201,0.0078
198,0,-0.0979,6,1,O,1,0.2280,0.1415,0.0000,0.0000,0.0000,0.0386,0.2678,0.2589,0.0652
200,0,-0.1075,8,1,X,1,0.0000,0.0439,0.0000,0.0000,0.0000,0.0383,0.0363,0.0362,0.8453
203,1,0.9068,8,1,O,1,0.0000,0.0000,0.0000,0.0000,0.0000,0.0089,0.0129,0.0056,0.9727
204,0,-0.1287,7,1,X,1,0.0571,0.0000,0.0000,0.0000,0.0000,0.0515,0.0399,0.8089,0.0427
205,1,0.9959,7,1,O,1,0.0000,0.0000,0.0000,0.0000,0.0000,0.0124,0.0110,0.9641,0.0126
208,1,0.9940,6,1,X,1,0.0000,0.0024,0.0000,0.0000,0.0000,0.0021,0.9909,0.0031,0.0015
210,0,-0.1398,6,1,X,1,0.0448,0.0000,0.0000,0.0000,0.0000,0.0355,0.8450,0.0337,0.0411
211,1,0.8014,6,1,O,1,0.0000,0.0000,0.0000,0.0000,0.0000,0.0103,0.9794,0.0049,0.0054
220,1,0.9694,2,1,X,1,0.0000,0.0000,0.9269,0.0000,0.0000,0.0532,0.0009,0.0065,0.0126
226,1,0.9916,1,1,X,1,0.0000,0.9793,0.0000,0.0000,0.0000,0.0174,0.0006,0.0008,0.0018
228,1,0.9415,0,1,X,1,0.9660,0.0000,0.0000,0.0000,0.0000,0.0155,0.0009,0.0055,0.0120
243,0,-0.2513,4,1,O,1,0.0756,0.0482,0.0752,0.0790,0.5441,0.0000,0.0640,0.0483,0.0656
245,1,0.4797,2,1,X,1,0.0000,0.1168,0.4389,0.0504,0.2058,0.0000,0.0639,0.0424,0.0817
248,1,0.2085,4,0,O,1,0.0000,0.0000,0.0789,0.0680,0.5587,0.0000,0.0867,0.0939,0.1138
249,1,0.9383,4,1,X,1,0.0336,0.0000,0.0399,0.0171,0.8360,0.0000,0.0317,0.0273,0.0145
250,0,-0.4414,4,1,O,1,0.0000,0.0000,0.0817,0.1495,0.5964,0.0000,0.0574,0.0817,0.0333
254,-1,-0.9261,8,1,O,1,0.0000,0.1124,0.0000,0.1760,0.1390,0.0000,0.1597,0.1042,0.3087
258,-1,-0.7681,8,1,O,1,0.1565,0.0000,0.0000,0.1010,0.2303,0.0000,0.1153,0.0851,0.3118
260,1,0.9927,8,1,X,1,0.0000,0.0000,0.0000,0.0068,0.0445,0.0000,0.0032,0.0083,0.9372
261,0,0.3023,4,1,X,1,0.2518,0.0869,0.0000,0.0778,0.3069,0.0000,0.0654,0.0410,0.1701
262,0,-0.2111,4,1,O,1,0.0000,0.0649,0.0000,0.2107,0.5015,0.0000,0.0758,0.0641,0.0831
264,0,-0.1700,4,1,O,1,0.0543,0.0000,0.0000,0.0796,0.6659,0.0000,0.0500,0.0981,0.0522
266,1,0.3087,4,1,X,0,0.0000,0.0000,0.0000,0.1025,0.6581,0.0000,0.0906,0.0980,0.0508
268,1,0.8887,4,1,X,1,0.0000,0.0000,0.0000,0.3043,0.5941,0.0000,0.0614,0.0094,0.0308
272,1,0.6072,4,1,O,0,0.0000,0.0256,0.0219,0.0000,0.8480,0.0000,0.0424,0.0372,0.0249
276,1,0.4221,4,1,O,1,0.0376,0.0000,0.0367,0.0000,0.8388,0.0000,0.0035,0.0357,0.0477
278,1,0.9446,4,1,X,0,0.0000,0.0000,0.0249,0.0000,0.9312,0.0000,0.0257,0.0043,0.0139
287,-1,-0.9845,4,1,O,1,0.0000,0.0000,0.0000,0.0000,0.5896,0.0000,0.1715,0.0697,0.1692
288,1,0.2526,4,1,O,1,0.0469,0.0478,0.0000,0.0000,0.7919,0.0000,0.0398,0.0406,0.0330
290,1,0.8960,4,1,X,0,0.0000,0.0625,0.0000,0.0000,0.8729,0.0000,0.0028,0.0161,0.0457
293,1,0.4469,4,1,O,0,0.0000,0.0000,0.0000,0.0000,0.8695,0.0000,0.0088,0.1068,0.0149
294,1,0.9045,4,1,X,0,0.0277,0.0000,0.0000,0.0000,0.9329,0.0000,0.0172,0.0033,0.0189
295,-1,-0.8574,4,1,O,0,0.0000,0.0000,0.0000,0.0000,0.6625,0.0000,0.1393,0.1014,0.0968
297,0,0.1733,8,1,X,1,0.1351,0.0927,0.2350,0.0000,0.0649,0.0000,0.1568,0.0741,0.2414
298,0,-0.3809,8,1,O,1,0.0000,0.1430,0.2011,0.0000,0.2154,0.0000,0.0993,0.1102,0.2309
300,0,-0.0965,2,1,O,1,0.1977,0.0000,0.2385,0.0000,0.1755,0.0000,0.1158,0.0856,0.1869
302,1,-0.4990,6,1,X,0,0.0000,0.0000,0.1605,0.0000,0.1186,0.0000,0.4932,0.0879,0.1399
304,1,0.8346,4,0,X,0,0.0000,0.0000,0.0791,0.0000,0.6993,0.0000,0.0515,0.1246,0.0455
306,0,-0.2980,8,1,O,1,0.0861,0.0948,0.0000,0.0000,0.1431,0.0000,0.0927,0.0906,0.4926
308,1,0.9554,8,1,X,1,0.0000,0.0115,0.0000,0.0000,0.0207,0.0000,0.0045,0.0074,0.9560
311,1,0.9710,6,1,O,1,0.0000,0.0000,0.0000,0.0000,0.0176,0.0000,0.9446,0.0131,0.0248
312,1,0.9652,8,1,X,0,0.0121,0.0000,0.0000,0.0000,0.0230,0.0000,0.0093,0.0219,0.9337
313,0,-0.3528,8,1,O,0,0.0000,0.0000,0.0000,0.0000,0.1377,0.0000,0.1210,0.0412,0.7002
316,0,0.2103,4,1,X,1,0.0000,0.0966,0.0000,0.0000,0.5576,0.0000,0.1658,0.0816,0.0983
318,0,0.0392,4,1,X,0,0.1457,0.0000,0.0000,0.0000,0.3609,0.0000,0.2070,0.1426,0.1438
319,0,0.0541,4,1,O,0,0.0000,0.0000,0.0000,0.0000,0.5910,0.0000,0.1873,0.1221,0.0996
326,0,-0.1221,3,1,O,1,0.0000,0.0432,0.0434,0.8090,0.0000,0.0000,0.0318,0.0350,0.0375
330,-1,-0.9020,3,1,O,1,0.0840,0.0000,0.0733,0.6827,0.0000,0.0000,0.0406,0.0652,0.0541
332,1,0.9635,3,1,X,0,0.0000,0.0000,0.0495,0.9285,0.0000,0.0000,0.0073,0.0033,0.0114
341,-1,-0.9974,3,1,O,0,0.0000,0.0000,0.0000,0.3323,0.0000,0.0000,0.2866,0.3021,0.0790
342,0,-0.1701,3,1,O,1,0.0333,0.0398,0.0000,0.8442,0.0000,0.0000,0.0267,0.0284,0.0276
344,1,0.9793,3,1,X,1,0.0000,0.0154,0.0000,0.9779,0.0000,0.0000,0.0025,0.0020,0.0022
347,-1,-0.2063,7,1,O,0,0.0000,0.0000,0.0000,0.2828,0.0000,0.0000,0.0414,0.6739,0.0019
348,1,0.9789,3,1,X,1,0.0981,0.0000,0.0000,0.8725,0.0000,0.0000,0.0129,0.0062,0.0104
349,-1,-0.8417,3,1,O,1,0.0000,0.0000,0.0000,0.7161,0.0000,0.0000,0.0458,0.0694,0.1687
378,0,0.2263,0,1,O,1,0.3961,0.1290,0.0655,0.0000,0.0000,0.0000,0.2431,0.1074,0.0589
380,0,-0.2033,6,1,X,1,0.0000,0.0559,0.0352,0.0000,0.0000,0.0000,0.8087,0.0493,0.0509
383,1,0.8256,6,1,O,1,0.0000,0.0000,0.0002,0.0000,0.0000,0.0000,0.9382,0.0503,0.0113
384,1,0.9121,8,1,X,1,0.0944,0.0000,0.2355,0.0000,0.0000,0.0000,0.1288,0.0733,0.4679
385,0,-0.6319,8,1,O,0,0.0000,0.0000,0.0902,0.0000,0.0000,0.0000,0.0471,0.1003,0.7624
389,1,0.9096,6,1,O,1,0.0000,0.0101,0.0000,0.0000,0.0000,0.0000,0.9698,0.0110,0.0091
393,-1,-0.9926,0,1,O,1,0.3825,0.0000,0.0000,0.0000,0.0000,0.0000,0.2683,0.1111,0.2382
395,1,0.9813,8,1,X,0,0.0000,0.0000,0.0000,0.0000,0.0000,0.0000,0.1107,0.0078,0.8815
396,0,-0.0518,0,1,X,1,0.4119,0.1892,0.0000,0.0000,0.0000,0.0000,0.1756,0.1825,0.0408
397,0,-0.1827,8,1,O,1,0.0000,0.0606,0.0000,0.0000,0.0000,0.0000,0.0351,0.0521,0.8522
399,0,-0.2153,7,1,O,1,0.0605,0.0000,0.0000,0.0000,0.0000,0.0000,0.0531,0.8544,0.0320
401,1,0.9932,7,1,X,1,0.0000,0.0000,0.0000,0.0000,0.0000,0.0000,0.0304,0.9555,0.0141
403,1,0.9209,8,1,X,1,0.0000,0.0000,0.0000,0.0000,0.0000,0.0000,0.0278,0.0336,0.9386
405,0,0.0036,0,1,X,1,0.1822,0.1646,0.1449,0.0464,0.0000,0.0000,0.1730,0.1406,0.1483
406,0,-0.0998,7,1,O,1,0.0000,0.1518,0.2419,0.0358,0.0000,0.0000,0.0401,0.2752,0.2553
408,0,-0.0499,8,1,O,1,0.3101,0.0000,0.1338,0.0237,0.0000,0.0000,0.0530,0.0418,0.4376
410,0,-0.0536,8,1,X,1,0.0000,0.0000,0.0498,0.0317,0.0000,0.0000,0.0420,0.0456,0.8309
412,0,-0.1399,7,1,X,1,0.0000,0.0000,0.0417,0.0338,0.0000,0.0000,0.0394,0.8452,0.0399
414,0,-0.2065,8,1,O,1,0.0358,0.0454,0.0000,0.0323,0.0000,0.0000,0.0348,0.0350,0.8168
416,1,0.9603,8,1,X,1,0.0000,0.0039,0.0000,0.0028,0.0000,0.0000,0.0013,0.0018,0.9902
419,1,0.9042,8,1,O,1,0.0000,0.0000,0.0000,0.0047,0.0000,0.0000,0.0030,0.0029,0.9895
420,1,0.8799,8,1,X,1,0.0055,0.0000,0.0000,0.0050,0.0000,0.0000,0.0032,0.0167,0.9696
421,1,0.9896,7,1,O,1,0.0000,0.0000,0.0000,0.0016,0.0000,0.0000,0.0027,0.9914,0.0043
424,0,-0.1048,6,1,X,1,0.0000,0.0243,0.0000,0.0280,0.0000,0.0000,0.8953,0.0256,0.0268
426,0,-0.0613,6,1,X,1,0.0464,0.0000,0.0000,0.0243,0.0000,0.0000,0.8763,0.0204,0.0326
427,1,0.9331,6,1,O,1,0.0000,0.0000,0.0000,0.0131,0.0000,0.0000,0.9645,0.0110,0.0114
432,1,0.5416,8,1,O,1,0.1978,0.0562,0.2328,0.0000,0.0000,0.0000,0.1716,0.0477,0.2940
434,-1,-0.7330,8,1,X,0,0.0000,0.1499,0.0930,0.0000,0.0000,0.0000,0.0165,0.0954,0.6452
437,1,0.4877,8,1,O,0,0.0000,0.0000,0.0295,0.0000,0.0000,0.0000,0.0046,0.0105,0.9554
438,-1,-0.8012,7,1,X,1,0.1830,0.0000,0.1005,0.0000,0.0000,0.0000,0.1206,0.4270,0.1688
439,1,0.9649,7,1,O,1,0.0000,0.0000,0.0304,0.0000,0.0000,0.0000,0.0337,0.9232,0.0127
443,1,0.7243,8,1,O,0,0.0000,0.0127,0.0000,0.0000,0.0000,0.0000,0.0043,0.0080,0.9750
447,1,0.9596,7,1,O,0,0.0375,0.0000,0.0000,0.0000,0.0000,0.0000,0.0233,0.9062,0.0330
449,1,0.8605,8,1,X,1,0.0000,0.0000,0.0000,0.0000,0.0000,0.0000,0.0032,0.0199,0.9769
450,-1,-0.9199,6,1,X,1,0.0911,0.0955,0.0000,0.0000,0.0000,0.0000,0.6552,0.0832,0.0750
451,1,0.7785,6,1,O,1,0.0000,0.0190,0.0000,0.0000,0.0000,0.0000,0.9653,0.0087,0.0069
453,1,0.8960,6,1,O,1,0.0185,0.0000,0.0000,0.0000,0.0000,0.0000,0.9505,0.0155,0.0155
455,-1,-0.8159,8,1,X,0,0.0000,0.0000,0.0000,0.0000,0.0000,0.0000,0.2245,0.0476,0.7279
457,1,0.9438,6,1,X,0,0.0000,0.0000,0.0000,0.0000,0.0000,0.0000,0.9925,0.0045,0.0030
460,1,0.7997,2,1,X,0,0.0000,0.1214,0.4834,0.0000,0.0000,0.0000,0.0873,0.1810,0.1270
462,1,0.6036,2,1,X,1,0.1170,0.0000,0.6870,0.0000,0.0000,0.0000,0.0897,0.0447,0.0617
463,0,-0.1819,2,1,O,1,0.0000,0.0000,0.5833,0.0000,0.0000,0.0000,0.0564,0.1769,0.1833
468,1,0.9893,8,1,X,1,0.0073,0.0127,0.0000,0.0000,0.0000,0.0000,0.0025,0.0034,0.9741
469,-1,-0.9624,1,1,O,0,0.0000,0.3757,0.0000,0.0000,0.0000,0.0000,0.0786,0.1746,0.3711
471,-1,-0.9657,8,1,O,1,0.2355,0.0000,0.0000,0.0000,0.0000,0.0000,0.1488,0.0901,0.5257
473,1,0.8982,8,1,X,0,0.0000,0.0000,0.0000,0.0000,0.0000,0.0000,0.0050,0.0057,0.9893
475,1,0.8470,8,1,X,0,0.0000,0.0000,0.0000,0.0000,0.0000,0.0000,0.0123,0.1221,0.8656
481,0,-0.0881,6,1,X,1,0.0000,0.0000,0.0000,0.0000,0.0000,0.0000,0.9732,0.0112,0.0156
487,1,0.8753,4,1,X,1,0.0000,0.0176,0.0183,0.0562,0.8671,0.0000,0.0192,0.0115,0.0101
489,1,0.7661,4,1,X,1,0.0271,0.0000,0.0708,0.0377,0.7611,0.0000,0.0398,0.0410,0.0225
490,1,0.6064,2,1,O,1,0.0000,0.0000,0.6155,0.0505,0.2259,0.0000,0.0402,0.0360,0.0319
495,1,0.9308,4,1,X,1,0.0341,0.0226,0.0000,0.0540,0.8595,0.0000,0.0104,0.0104,0.0091
496,-1,-0.8409,1,1,O,1,0.0000,0.4678,0.0000,0.1084,0.1925,0.0000,0.0807,0.0690,0.0816
498,-1,-0.8463,0,1,O,1,0.4097,0.0000,0.0000,0.0763,0.1609,0.0000,0.1059,0.0721,0.1750
500,1,0.5749,4,1,X,1,0.0000,0.0000,0.0000,0.0970,0.8338,0.0000,0.0210,0.0262,0.0221
502,1,0.8006,4,1,X,1,0.0000,0.0000,0.0000,0.0389,0.7983,0.0000,0.0602,0.0663,0.0363
508,-1,-0.8781,8,1,X,1,0.0000,0.0000,0.0000,0.1239,0.3164,0.0000,0.1054,0.0595,0.3948
513,0,0.1612,6,1,X,1,0.2183,0.0807,0.2281,0.0000,0.0492,0.0000,0.2304,0.0797,0.1135
514,0,-0.0792,6,1,O,1,0.0000,0.1203,0.0904,0.0000,0.1293,0.0000,0.5318,0.0605,0.0677
516,0,-0.2741,4,0,O,1,0.1783,0.0000,0.1323,0.0000,0.3456,0.0000,0.1648,0.1003,0.0786
518,0,0.1810,4,1,X,1,0.0000,0.0000,0.1667,0.0000,0.4085,0.0000,0.1268,0.0304,0.2675
520,1,0.9935,6,1,X,0,0.0000,0.0000,0.0007,0.0000,0.0480,0.0000,0.9309,0.0101,0.0104
522,0,-0.3853,4,0,O,1,0.1989,0.1710,0.0000,0.0000,0.2285,0.0000,0.1904,0.1070,0.1043
524,0,0.1143,4,1,X,1,0.0000,0.1021,0.0000,0.0000,0.5238,0.0000,0.1540,0.0736,0.1465
527,0,0.1498,4,1,O,0,0.0000,0.0000,0.0000,0.0000,0.5629,0.0000,0.2610,0.1026,0.0736
528,1,0.7427,4,0,X,1,0.1517,0.0000,0.0000,0.0000,0.5424,0.0000,0.0872,0.1360,0.0827
529,0,-0.8781,6,1,O,0,0.0000,0.0000,0.0000,0.0000,0.3091,0.0000,0.5775,0.0325,0.0809
532,1,0.9905,6,1,X,1,0.0000,0.0052,0.0000,0.0000,0.0037,0.0000,0.9847,0.0034,0.0030
534,1,-0.4678,8,1,X,0,0.1112,0.0000,0.0000,0.0000,0.0527,0.0000,0.1063,0.0362,0.6936
535,1,0.9332,8,1,O,0,0.0000,0.0000,0.0000,0.0000,0.0526,0.0000,0.0249,0.0124,0.9101
544,1,0.9733,2,1,X,0,0.0000,0.0000,0.6249,0.0000,0.2607,0.0000,0.0481,0.0515,0.0148
550,1,0.9704,4,1,X,0,0.0000,0.2759,0.0000,0.0000,0.7061,0.0000,0.0070,0.0078,0.0032
552,1,0.8162,0,1,X,0,0.7904,0.0000,0.0000,0.0000,0.1551,0.0000,0.0001,0.0290,0.0254
567,1,0.8549,6,1,X,1,0.3013,0.0506,0.1105,0.0333,0.0000,0.0000,0.3558,0.0480,0.1006
568,-1,-0.9517,8,1,O,1,0.0000,0.1590,0.1556,0.1171,0.0000,0.0000,0.1259,0.1202,0.3222
570,-1,-0.8339,7,1,O,1,0.0742,0.0000,0.0920,0.0864,0.0000,0.0000,0.0527,0.6026,0.0920
572,1,0.9937,7,1,X,0,0.0000,0.0000,0.0009,0.0026,0.0000,0.0000,0.0093,0.9830,0.0041
574,1,0.9743,8,1,X,1,0.0000,0.0000,0.0058,0.0025,0.0000,0.0000,0.0028,0.0017,0.9872
576,-1,-0.8980,6,1,O,1,0.1158,0.1174,0.0000,0.0849,0.0000,0.0000,0.4806,0.0811,0.1202
578,1,0.9377,6,1,X,1,0.0000,0.0121,0.0000,0.0114,0.0000,0.0000,0.9465,0.0245,0.0055
581,-1,-0.8562,6,1,O,1,0.0000,0.0000,0.0000,0.2118,0.0000,0.0000,0.4203,0.2649,0.1030
582,1,0.9949,6,1,X,1,0.0117,0.0000,0.0000,0.0051,0.0000,0.0000,0.9678,0.0061,0.0094
583,-1,-0.9740,6,1,O,1,0.0000,0.0000,0.0000,0.1790,0.0000,0.0000,0.4075,0.1075,0.3059
586,1,0.9338,8,1,X,1,0.0000,0.0143,0.0000,0.0112,0.0000,0.0000,0.0035,0.0040,0.9670
588,1,0.9763,7,1,X,0,0.0380,0.0000,0.0000,0.0029,0.0000,0.0000,0.0114,0.9091,0.0385
589,1,0.9045,8,1,O,1,0.0000,0.0000,0.0000,0.0272,0.0000,0.0000,0.0032,0.0253,0.9443
594,0,0.3007,8,1,O,1,0.1070,0.1187,0.2909,0.0000,0.0000,0.0000,0.0593,0.0749,0.3492
596,0,-0.0033,2,1,X,1,0.0000,0.2392,0.3753,0.0000,0.0000,0.0000,0.0342,0.1424,0.2089
599,0,-0.2762,7,1,O,1,0.0000,0.0000,0.0381,0.0000,0.0000,0.0000,0.0397,0.8917,0.0305
600,1,0.6828,6,1,X,1,0.2495,0.0000,0.0994,0.0000,0.0000,0.0000,0.3837,0.0894,0.1780
601,-1,-0.9163,8,1,O,0,0.0000,0.0000,0.2304,0.0000,0.0000,0.0000,0.2480,0.1690,0.3526
605,0,-0.2379,6,1,O,1,0.0000,0.0417,0.0000,0.0000,0.0000,0.0000,0.8835,0.0460,0.0288
609,0,-0.1938,6,1,O,1,0.0743,0.0000,0.0000,0.0000,0.0000,0.0000,0.7853,0.0749,0.0655
611,1,0.8391,6,1,X,0,0.0000,0.0000,0.0000,0.0000,0.0000,0.0000,0.8700,0.0734,0.0566
612,0,-0.2743,8,1,X,1,0.0257,0.0395,0.0000,0.0000,0.0000,0.0000,0.0352,0.0418,0.8578
613,1,0.8124,8,1,O,0,0.0000,0.0159,0.0000,0.0000,0.0000,0.0000,0.0119,0.0198,0.9523
615,1,0.9152,8,1,O,0,0.0188,0.0000,0.0000,0.0000,0.0000,0.0000,0.0108,0.0878,0.8826
617,1,0.9670,7,1,X,0,0.0000,0.0000,0.0000,0.0000,0.0000,0.0000,0.0153,0.9444,0.0403
619,1,0.9655,6,1,X,0,0.0000,0.0000,0.0000,0.0000,0.0000,0.0000,0.5509,0.0323,0.4168
622,1,0.9845,8,1,X,1,0.0000,0.0078,0.0094,0.0000,0.0000,0.0000,0.0099,0.0034,0.9694
624,1,0.9777,7,1,X,0,0.0585,0.0000,0.0166,0.0000,0.0000,0.0000,0.0235,0.8826,0.0188
625,-1,-0.9956,8,1,O,0,0.0000,0.0000,0.2004,0.0000,0.0000,0.0000,0.1146,0.3198,0.3651
630,1,0.9951,6,1,X,1,0.0169,0.0130,0.0000,0.0000,0.0000,0.0000,0.9446,0.0124,0.0132
631,-1,-0.9990,6,1,O,0,0.0000,0.2828,0.0000,0.0000,0.0000,0.0000,0.3107,0.1088,0.2977
633,-1,-0.9961,0,1,O,0,0.4451,0.0000,0.0000,0.0000,0.0000,0.0000,0.2799,0.1320,0.1431
635,1,0.9936,7,1,X,0,0.0000,0.0000,0.0000,0.0000,0.0000,0.0000,0.2468,0.7393,0.0139
637,1,0.9837,6,1,X,1,0.0000,0.0000,0.0000,0.0000,0.0000,0.0000,0.5553,0.0235,0.4212
643,1,0.9805,7,1,X,0,0.0000,0.0000,0.0000,0.0000,0.0000,0.0000,0.0208,0.6064,0.3727
652,1,0.9778,2,1,X,1,0.0000,0.0000,0.9598,0.0243,0.0000,0.0000,0.0002,0.0064,0.0094
658,1,0.9876,1,1,X,1,0.0000,0.9604,0.0000,0.0331,0.0000,0.0000,0.0023,0.0022,0.0019
660,1,0.9496,0,1,X,1,0.9812,0.0000,0.0000,0.0152,0.0000,0.0000,0.0015,0.0014,0.0008
676,1,0.9844,6,1,X,1,0.0000,0.0070,0.0053,0.0000,0.0000,0.0000,0.9691,0.0143,0.0043
678,1,0.7225,0,1,X,0,0.8850,0.0000,0.0108,0.0000,0.0000,0.0000,0.0391,0.0211,0.0439
679,-1,-0.8174,2,1,O,0,0.0000,0.0000,0.3460,0.0000,0.0000,0.0000,0.3445,0.1209,0.1886
684,1,0.5336,0,1,X,1,0.6056,0.1086,0.0000,0.0000,0.0000,0.0000,0.1009,0.1364,0.0485
685,-1,-0.9233,6,1,O,1,0.0000,0.3473,0.0000,0.0000,0.0000,0.0000,0.4053,0.1687,0.0787
687,0,-0.4601,0,1,O,0,0.6586,0.0000,0.0000,0.0000,0.0000,0.0000,0.1577,0.0864,0.0973
689,0,0.0659,8,1,X,0,0.0000,0.0000,0.0000,0.0000,0.0000,0.0000,0.0099,0.0239,0.9662
691,1,0.9797,6,1,X,1,0.0000,0.0000,0.0000,0.0000,0.0000,0.0000,0.9662,0.0297,0.0041
697,1,0.8785,6,1,X,0,0.0000,0.0000,0.0000,0.0000,0.0000,0.0000,0.9972,0.0010,0.0018
729,0,-0.3442,4,1,O,1,0.0631,0.0445,0.0540,0.0409,0.6571,0.0413,0.0000,0.0352,0.0639
731,1,0.5684,7,1,X,1,0.0000,0.0948,0.0465,0.0237,0.1545,0.0281,0.0000,0.5282,0.1242
734,0,-0.1877,4,1,O,1,0.0000,0.0000,0.0945,0.0554,0.5399,0.0607,0.0000,0.1953,0.0543
735,1,0.8760,4,1,X,1,0.0415,0.0000,0.0064,0.0258,0.8224,0.0191,0.0000,0.0468,0.0380
736,-1,-0.8815,3,1,O,1,0.0000,0.0000,0.0999,0.3476,0.2071,0.1166,0.0000,0.1411,0.0878
740,-1,-0.8033,4,1,O,1,0.0000,0.0811,0.0000,0.0899,0.5402,0.0899,0.0000,0.1089,0.0899
744,0,-0.2487,4,1,O,0,0.0610,0.0000,0.0000,0.0544,0.7472,0.0406,0.0000,0.0398,0.0569
746,1,0.9732,4,1,X,1,0.0000,0.0000,0.0000,0.0113,0.6399,0.1582,0.0000,0.1217,0.0688
747,1,0.6333,0,1,X,1,0.4376,0.0234,0.0000,0.0553,0.0488,0.0184,0.0000,0.0588,0.3577
748,-1,-0.8833,3,1,O,1,0.0000,0.1126,0.0000,0.5045,0.0689,0.1219,0.0000,0.0658,0.1263
750,0,0.2926,4,1,O,0,0.1218,0.0000,0.0000,0.1810,0.2890,0.1631,0.0000,0.1525,0.0926
752,1,0.7411,7,1,X,1,0.0000,0.0000,0.0000,0.0554,0.3789,0.0352,0.0000,0.4492,0.0813
754,1,0.9880,3,1,X,0,0.0000,0.0000,0.0000,0.8592,0.1094,0.0077,0.0000,0.0117,0.0120
758,1,0.1800,1,1,O,0,0.0000,0.2814,0.0769,0.0000,0.2332,0.1720,0.0000,0.0806,0.1558
762,1,-0.3456,0,1,O,0,0.5669,0.0000,0.0546,0.0000,0.1978,0.0678,0.0000,0.0337,0.0791
764,-1,-0.9727,2,1,X,0,0.0000,0.0000,0.3201,0.0000,0.2498,0.1171,0.0000,0.0994,0.2135
773,1,0.7654,4,1,O,0,0.0000,0.0000,0.0000,0.0000,0.9552,0.0199,0.0000,0.0074,0.0175
774,1,-0.2773,0,1,O,1,0.4415,0.0714,0.0000,0.0000,0.1856,0.0948,0.0000,0.1107,0.0959
776,-1,-0.2817,1,1,X,1,0.0000,0.5426,0.0000,0.0000,0.2084,0.0679,0.0000,0.0747,0.1064
779,1,0.1894,4,0,O,1,0.0000,0.0000,0.0000,0.0000,0.4999,0.1320,0.0000,0.1098,0.2583
780,1,0.9943,0,1,X,0,0.9910,0.0000,0.0000,0.0000,0.0056,0.0012,0.0000,0.0010,0.0012
783,1,0.8028,4,1,X,1,0.0212,0.0170,0.0154,0.0000,0.8343,0.0460,0.0000,0.0223,0.0439
784,0,-0.8370,4,1,O,1,0.0000,0.1553,0.0563,0.0000,0.4274,0.1916,0.0000,0.0974,0.0720
786,0,-0.2277,4,1,O,0,0.0812,0.0000,0.0397,0.0000,0.6335,0.0903,0.0000,0.0631,0.0922
788,1,0.6821,4,1,X,0,0.0000,0.0000,0.0443,0.0000,0.6204,0.0444,0.0000,0.1965,0.0944
790,1,0.6160,4,1,X,1,0.0000,0.0000,0.0251,0.0000,0.7827,0.1046,0.0000,0.0257,0.0618
792,0,-0.2570,4,1,O,0,0.0802,0.0526,0.0000,0.0000,0.6014,0.1411,0.0000,0.0555,0.0691
794,1,0.9265,4,1,X,1,0.0000,0.0324,0.0000,0.0000,0.7836,0.1439,0.0000,0.0208,0.0192
797,1,0.8852,4,1,O,1,0.0000,0.0000,0.0000,0.0000,0.9650,0.0186,0.0000,0.0155,0.0009
798,1,0.9145,4,1,X,0,0.0154,0.0000,0.0000,0.0000,0.9252,0.0221,0.0000,0.0162,0.0211
799,1,0.2125,4,1,O,0,0.0000,0.0000,0.0000,0.0000,0.8019,0.1333,0.0000,0.0404,0.0244
802,1,0.7530,8,1,X,1,0.0000,0.0360,0.0000,0.0000,0.1374,0.1397,0.0000,0.0268,0.6602
804,1,0.7385,4,0,X,0,0.0636,0.0000,0.0000,0.0000,0.3772,0.2010,0.0000,0.0916,0.2665
805,1,0.1801,4,0,O,0,0.0000,0.0000,0.0000,0.0000,0.4497,0.3492,0.0000,0.0677,0.1334
812,0,-0.1370,2,1,O,1,0.0000,0.0547,0.7700,0.0357,0.0000,0.0470,0.0000,0.0389,0.0538
816,-1,-0.9652,2,1,O,1,0.1825,0.0000,0.3691,0.1211,0.0000,0.1143,0.0000,0.0949,0.1181
818,1,0.9391,2,1,X,1,0.0000,0.0000,0.9795,0.0078,0.0000,0.0082,0.0000,0.0017,0.0027
828,0,-0.1349,0,1,O,1,0.3271,0.1541,0.0000,0.0651,0.0000,0.0757,0.0000,0.1011,0.2767
830,0,-0.0883,1,1,X,1,0.0000,0.8564,0.0000,0.0415,0.0000,0.0428,0.0000,0.0272,0.0322
833,0,-0.0757,7,1,O,1,0.0000,0.0000,0.0000,0.0267,0.0000,0.0373,0.0000,0.9133,0.0227
834,1,0.9400,0,1,X,1,0.9674,0.0000,0.0000,0.0106,0.0000,0.0100,0.0000,0.0057,0.0063
835,-1,-0.9583,8,1,O,1,0.0000,0.0000,0.0000,0.2997,0.0000,0.1867,0.0000,0.1144,0.3992
845,1,0.9686,2,1,O,0,0.0000,0.0000,0.9560,0.0000,0.0000,0.0296,0.0000,0.0092,0.0052
857,1,0.9705,1,1,O,0,0.0000,0.9648,0.0000,0.0000,0.0000,0.0252,0.0000,0.0039,0.0061
861,1,0.7595,0,1,O,0,0.8947,0.0000,0.0000,0.0000,0.0000,0.0757,0.0000,0.0172,0.0124
864,-1,-0.9485,2,1,O,1,0.1219,0.1079,0.4277,0.0000,0.0000,0.0929,0.0000,0.1134,0.1362
866,1,0.9501,2,1,X,1,0.0000,0.0182,0.9276,0.0000,0.0000,0.0189,0.0000,0.0111,0.0241
869,-1,-0.8824,7,1,O,0,0.0000,0.0000,0.3143,0.0000,0.0000,0.1372,0.0000,0.4535,0.0951
870,1,0.9756,2,1,X,1,0.0080,0.0000,0.9768,0.0000,0.0000,0.0072,0.0000,0.0026,0.0054
871,-1,-0.9770,2,1,O,1,0.0000,0.0000,0.3892,0.0000,0.0000,0.2883,0.0000,0.1362,0.1863
882,1,0.8188,7,1,X,1,0.0433,0.0382,0.0000,0.0000,0.0000,0.0334,0.0000,0.4765,0.4086
883,0,-0.2146,8,1,O,1,0.0000,0.1317,0.0000,0.0000,0.0000,0.0703,0.0000,0.0785,0.7195
885,0,-0.4301,7,1,O,0,0.0955,0.0000,0.0000,0.0000,0.0000,0.0693,0.0000,0.7751,0.0602
887,1,0.9899,7,1,X,0,0.0000,0.0000,0.0000,0.0000,0.0000,0.0336,0.0000,0.9527,0.0137
889,1,0.8859,8,1,X,1,0.0000,0.0000,0.0000,0.0000,0.0000,0.0195,0.0000,0.0064,0.9741
891,0,0.0718,0,1,X,1,0.2045,0.0957,0.0852,0.1747,0.0000,0.1022,0.0000,0.1502,0.1875
892,0,-0.1149,3,1,O,1,0.0000,0.0320,0.0372,0.8395,0.0000,0.0320,0.0000,0.0276,0.0317
894,0,-0.0811,2,1,O,1,0.2551,0.0000,0.2816,0.1472,0.0000,0.2256,0.0000,0.0292,0.0613
896,0,-0.0641,8,1,X,1,0.0000,0.0000,0.0259,0.0392,0.0000,0.0331,0.0000,0.0331,0.8687
898,1,0.9418,3,1,X,1,0.0000,0.0000,0.0003,0.9402,0.0000,0.0087,0.0000,0.0483,0.0025
900,0,-0.0592,3,1,O,1,0.0468,0.2144,0.0000,0.2622,0.0000,0.2316,0.0000,0.1964,0.0486
902,1,0.4646,8,1,X,1,0.0000,0.0545,0.0000,0.0303,0.0000,0.0307,0.0000,0.0299,0.8546
905,1,0.9880,8,1,O,1,0.0000,0.0000,0.0000,0.0094,0.0000,0.0292,0.0000,0.0115,0.9498
906,0,-0.1236,7,1,X,1,0.0591,0.0000,0.0000,0.0297,0.0000,0.0382,0.0000,0.8375,0.0354
907,1,0.9818,7,1,O,1,0.0000,0.0000,0.0000,0.0232,0.0000,0.0095,0.0000,0.9632,0.0041
910,1,0.9904,3,1,X,1,0.0000,0.0022,0.0000,0.9778,0.0000,0.0117,0.0000,0.0018,0.0065
912,0,-0.0262,8,1,X,1,0.2395,0.0000,0.0000,0.1491,0.0000,0.2522,0.0000,0.0324,0.3269
913,0,-0.0637,3,1,O,1,0.0000,0.0000,0.0000,0.9492,0.0000,0.0192,0.0000,0.0142,0.0175
918,0,-0.1857,0,1,O,1,0.8332,0.0328,0.0314,0.0000,0.0000,0.0330,0.0000,0.0314,0.0382
920,0,-0.0696,8,1,X,1,0.0000,0.0311,0.0193,0.0000,0.0000,0.0256,0.0000,0.0281,0.8958
923,1,0.9063,8,1,O,1,0.0000,0.0000,0.0157,0.0000,0.0000,0.0081,0.0000,0.0105,0.9658
924,1,0.9797,0,1,X,1,0.9721,0.0000,0.0020,0.0000,0.0000,0.0057,0.0000,0.0140,0.0061
929,1,0.9117,8,1,O,0,0.0000,0.0199,0.0000,0.0000,0.0000,0.0122,0.0000,0.0265,0.9415
933,1,0.9879,7,1,O,0,0.0574,0.0000,0.0000,0.0000,0.0000,0.0282,0.0000,0.9017,0.0127
935,-1,-0.9064,5,1,X,0,0.0000,0.0000,0.0000,0.0000,0.0000,0.3751,0.0000,0.3078,0.3171
936,1,0.9612,0,1,X,1,0.9514,0.0106,0.0000,0.0000,0.0000,0.0076,0.0000,0.0153,0.0151
939,0,-0.2086,0,1,O,1,0.8979,0.0000,0.0000,0.0000,0.0000,0.0315,0.0000,0.0380,0.0325
941,0,-0.0737,8,1,X,1,0.0000,0.0000,0.0000,0.0000,0.0000,0.0360,0.0000,0.0369,0.9271
946,0,-0.0786,5,1,X,1,0.0000,0.0204,0.0147,0.0000,0.0000,0.9278,0.0000,0.0164,0.0207
948,0,-0.0638,5,1,X,1,0.0330,0.0000,0.0256,0.0000,0.0000,0.8808,0.0000,0.0313,0.0293
949,1,0.9903,5,1,O,1,0.0000,0.0000,0.0068,0.0000,0.0000,0.9899,0.0000,0.0009,0.0025
954,0,-0.1501,5,1,X,1,0.0260,0.0276,0.0000,0.0000,0.0000,0.8795,0.0000,0.0331,0.0339
955,1,0.9315,5,1,O,1,0.0000,0.0073,0.0000,0.0000,0.0000,0.9884,0.0000,0.0010,0.0033
957,1,0.9865,5,1,O,0,0.0004,0.0000,0.0000,0.0000,0.0000,0.9943,0.0000,0.0020,0.0033
959,-1,-0.8585,5,1,X,1,0.0000,0.0000,0.0000,0.0000,0.0000,0.4437,0.0000,0.1747,0.3817
961,-1,-0.6432,7,1,X,0,0.0000,0.0000,0.0000,0.0000,0.0000,0.3743,0.0000,0.6023,0.0234
967,0,-0.0314,5,1,X,1,0.0000,0.0000,0.0000,0.0000,0.0000,0.9702,0.0000,0.0140,0.0158
974,0,-0.1798,4,0,O,1,0.0000,0.2165,0.1720,0.1027,0.2197,0.0000,0.0000,0.1351,0.1540
978,0,0.0177,4,1,O,1,0.0420,0.0000,0.0694,0.1760,0.5657,0.0000,0.0000,0.1025,0.0443
980,1,-0.6535,4,0,X,0,0.0000,0.0000,0.2453,0.0835,0.4282,0.0000,0.0000,0.1074,0.1355
989,-1,-0.8672,4,1,O,1,0.0000,0.0000,0.0000,0.1405,0.6681,0.0000,0.0000,0.1128,0.0785
990,0,0.3590,3,1,O,0,0.1219,0.1345,0.0000,0.3089,0.2874,0.0000,0.0000,0.1016,0.0458
992,0,-0.0869,1,1,X,0,0.0000,0.6031,0.0000,0.0697,0.1488,0.0000,0.0000,0.0888,0.0896
995,0,-0.1772,4,1,O,0,0.0000,0.0000,0.0000,0.2838,0.3456,0.0000,0.0000,0.2747,0.0958
996,1,0.1502,0,1,X,0,0.7409,0.0000,0.0000,0.0389,0.1001,0.0000,0.0000,0.0224,0.0977
997,-1,-0.5515,3,1,O,0,0.0000,0.0000,0.0000,0.7850,0.1536,0.0000,0.0000,0.0409,0.0206
1007,1,0.8914,2,1,O,0,0.0000,0.0000,0.9149,0.0000,0.0297,0.0000,0.0000,0.0447,0.0107
1019,1,0.9157,1,1,O,0,0.0000,0.8606,0.0000,0.0000,0.0926,0.0000,0.0000,0.0323,0.0145
1023,1,0.5380,0,1,O,0,0.8978,0.0000,0.0000,0.0000,0.0536,0.0000,0.0000,0.0378,0.0109
1026,0,-0.6532,4,0,O,1,0.1136,0.0904,0.2355,0.0000,0.2788,0.0000,0.0000,0.1442,0.1375
1028,1,0.4835,4,0,X,1,0.0000,0.1340,0.0543,0.0000,0.6651,0.0000,0.0000,0.0687,0.0778
1031,-1,-0.7636,4,1,O,0,0.0000,0.0000,0.1552,0.0000,0.6140,0.0000,0.0000,0.1379,0.0929
1032,1,0.5978,4,0,X,0,0.0690,0.0000,0.0392,0.0000,0.7812,0.0000,0.0000,0.0483,0.0623
1033,0,-0.0180,4,1,O,0,0.0000,0.0000,0.0721,0.0000,0.7933,0.0000,0.0000,0.0774,0.0573
1037,-1,-0.9304,4,1,O,0,0.0000,0.1768,0.0000,0.0000,0.4298,0.0000,0.0000,0.1230,0.2704
1041,-1,-0.9082,4,1,O,0,0.2207,0.0000,0.0000,0.0000,0.4228,0.0000,0.0000,0.1091,0.2474
1043,1,0.9865,4,1,X,0,0.0000,0.0000,0.0000,0.0000,0.6844,0.0000,0.0000,0.0166,0.2990
1044,0,-0.0266,8,1,X,1,0.1770,0.1970,0.0000,0.0000,0.2282,0.0000,0.0000,0.1502,0.2476
1045,0,-0.1972,4,1,O,1,0.0000,0.2794,0.0000,0.0000,0.2913,0.0000,0.0000,0.1916,0.2378
1047,0,-0.0408,4,1,O,1,0.1607,0.0000,0.0000,0.0000,0.4220,0.0000,0.0000,0.3254,0.0919
1049,1,0.3210,4,0,X,0,0.0000,0.0000,0.0000,0.0000,0.6420,0.0000,0.0000,0.1470,0.2110
1051,1,0.2580,4,0,X,1,0.0000,0.0000,0.0000,0.0000,0.7637,0.0000,0.0000,0.0713,0.1650
1061,1,0.9528,2,1,O,0,0.0000,0.0000,0.9774,0.0097,0.0000,0.0000,0.0000,0.0086,0.0042
1073,1,0.9799,1,1,O,1,0.0000,0.9681,0.0000,0.0198,0.0000,0.0000,0.0000,0.0092,0.0029
1077,1,0.7052,0,1,O,1,0.9389,0.0000,0.0000,0.0481,0.0000,0.0000,0.0000,0.0041,0.0089
1109,0,-0.0032,2,1,O,1,0.0000,0.0329,0.9108,0.0000,0.0000,0.0000,0.0000,0.0267,0.0296
1113,0,-0.7662,2,1,O,0,0.0793,0.0000,0.8427,0.0000,0.0000,0.0000,0.0000,0.0323,0.0457
1115,1,0.8877,2,1,X,0,0.0000,0.0000,0.9544,0.0000,0.0000,0.0000,0.0000,0.0304,0.0152
1125,0,0.0418,0,1,O,1,0.3365,0.3167,0.0000,0.0000,0.0000,0.0000,0.0000,0.1347,0.2121
1127,0,-0.0879,1,1,X,1,0.0000,0.9466,0.0000,0.0000,0.0000,0.0000,0.0000,0.0288,0.0245
1130,0,-0.0910,7,1,O,1,0.0000,0.0000,0.0000,0.0000,0.0000,0.0000,0.0000,0.9691,0.0309
1131,0,-0.0517,0,1,X,0,0.8860,0.0000,0.0000,0.0000,0.0000,0.0000,0.0000,0.0448,0.0692
1132,0,-0.0591,8,1,O,1,0.0000,0.0000,0.0000,0.0000,0.0000,0.0000,0.0000,0.0649,0.9351
1134,0,-0.1126,2,1,O,1,0.0433,0.2716,0.2829,0.0414,0.0000,0.0000,0.0000,0.1462,0.2146
1136,1,0.4833,8,1,X,1,0.0000,0.0553,0.0307,0.0176,0.0000,0.0000,0.0000,0.0521,0.8444
1139,1,0.7720,8,1,O,1,0.0000,0.0000,0.0226,0.0095,0.0000,0.0000,0.0000,0.0158,0.9521
1140,0,-0.0787,7,1,X,1,0.0486,0.0000,0.0371,0.0334,0.0000,0.0000,0.0000,0.8438,0.0371
1141,1,0.9736,7,1,O,0,0.0000,0.0000,0.0005,0.0084,0.0000,0.0000,0.0000,0.9909,0.0002
1145,1,0.9191,8,1,O,1,0.0000,0.0684,0.0000,0.0291,0.0000,0.0000,0.0000,0.0180,0.8844
1149,1,0.9719,7,1,O,1,0.0148,0.0000,0.0000,0.0099,0.0000,0.0000,0.0000,0.9558,0.0195
1151,1,0.9199,8,1,X,1,0.0000,0.0000,0.0000,0.0087,0.0000,0.0000,0.0000,0.0247,0.9666
1152,0,-0.0861,0,1,X,1,0.3726,0.2266,0.0000,0.0406,0.0000,0.0000,0.0000,0.1258,0.2345
1153,0,-0.1257,3,1,O,1,0.0000,0.0223,0.0000,0.9408,0.0000,0.0000,0.0000,0.0228,0.0141
1155,0,-0.0933,0,1,O,1,0.4611,0.0000,0.0000,0.1185,0.0000,0.0000,0.0000,0.1145,0.3058
1157,0,-0.0821,8,1,X,1,0.0000,0.0000,0.0000,0.0328,0.0000,0.0000,0.0000,0.0436,0.9236
1159,1,0.9169,3,1,X,1,0.0000,0.0000,0.0000,0.9840,0.0000,0.0000,0.0000,0.0142,0.0018
1163,1,0.8860,8,1,O,1,0.0000,0.0267,0.0119,0.0000,0.0000,0.0000,0.0000,0.0176,0.9438
1167,1,0.8771,7,1,O,1,0.1181,0.0000,0.0276,0.0000,0.0000,0.0000,0.0000,0.8327,0.0215
1169,-1,-0.9799,8,1,X,1,0.0000,0.0000,0.2768,0.0000,0.0000,0.0000,0.0000,0.3280,0.3952
1178,1,0.9917,7,1,O,1,0.0000,0.0000,0.0000,0.0000,0.0000,0.0000,0.0000,0.8573,0.1427
1179,1,0.4644,0,1,O,1,0.8715,0.0476,0.0000,0.0000,0.0000,0.0000,0.0000,0.0407,0.0402
1181,-1,-0.9014,8,1,X,1,0.0000,0.2989,0.0000,0.0000,0.0000,0.0000,0.0000,0.1790,0.5221
1184,1,0.7641,8,1,O,1,0.0000,0.0000,0.0000,0.0000,0.0000,0.0000,0.0000,0.0525,0.9475
1185,1,0.9062,0,1,X,0,0.9540,0.0000,0.0000,0.0000,0.0000,0.0000,0.0000,0.0225,0.0235
1188,1,0.4946,8,1,X,1,0.0521,0.0948,0.0538,0.0000,0.0000,0.0000,0.0000,0.1127,0.6867
1189,0,-0.0222,1,1,O,1,0.0000,0.3350,0.1696,0.0000,0.0000,0.0000,0.0000,0.2888,0.2065
1191,0,-0.0790,8,1,O,1,0.0767,0.0000,0.3480,0.0000,0.0000,0.0000,0.0000,0.0942,0.4810
1193,1,0.2007,8,1,X,0,0.0000,0.0000,0.0267,0.0000,0.0000,0.0000,0.0000,0.0966,0.8767
1195,0,-0.0844,7,1,X,1,0.0000,0.0000,0.0243,0.0000,0.0000,0.0000,0.0000,0.9518,0.0239
1197,0,-0.1083,8,1,O,1,0.0179,0.0332,0.0000,0.0000,0.0000,0.0000,0.0000,0.0277,0.9212
1199,1,0.9816,8,1,X,0,0.0000,0.0083,0.0000,0.0000,0.0000,0.0000,0.0000,0.0052,0.9865
1202,1,0.7933,8,1,O,1,0.0000,0.0000,0.0000,0.0000,0.0000,0.0000,0.0000,0.0433,0.9567
1203,1,0.8610,8,1,X,0,0.0263,0.0000,0.0000,0.0000,0.0000,0.0000,0.0000,0.2626,0.7112
1204,1,0.8994,7,1,O,1,0.0000,0.0000,0.0000,0.0000,0.0000,0.0000,0.0000,0.9744,0.0256
1207,0,-0.0750,7,1,X,1,0.0000,0.3109,0.0000,0.0000,0.0000,0.0000,0.0000,0.3683,0.3208
1209,0,-0.0474,7,1,X,1,0.2763,0.0000,0.0000,0.0000,0.0000,0.0000,0.0000,0.3753,0.3484
1210,0,-0.0205,7,1,O,1,0.0000,0.0000,0.0000,0.0000,0.0000,0.0000,0.0000,0.5579,0.4421
1215,1,0.8147,4,1,X,1,0.0366,0.0143,0.0161,0.0739,0.8238,0.0000,0.0000,0.0112,0.0241
1216,-1,-0.9279,3,1,O,0,0.0000,0.1601,0.1240,0.3627,0.2205,0.0000,0.0000,0.0784,0.0543
1218,0,0.1681,4,1,O,1,0.0909,0.0000,0.0715,0.0715,0.5733,0.0000,0.0000,0.1182,0.0745
1220,1,0.7314,4,1,X,1,0.0000,0.0000,0.0707,0.0729,0.6440,0.0000,0.0000,0.1798,0.0326
1222,1,0.9897,4,1,X,0,0.0000,0.0000,0.0086,0.4127,0.5641,0.0000,0.0000,0.0082,0.0065
1224,0,-0.2895,4,1,O,1,0.0876,0.0908,0.0000,0.0704,0.6526,0.0000,0.0000,0.0401,0.0584
1226,1,0.9308,4,1,X,1,0.0000,0.0346,0.0000,0.0308,0.8635,0.0000,0.0000,0.0419,0.0292
1229,1,0.3356,4,1,O,0,0.0000,0.0000,0.0000,0.1060,0.7040,0.0000,0.0000,0.0890,0.1011
1230,1,0.9683,4,1,X,0,0.0144,0.0000,0.0000,0.0178,0.9456,0.0000,0.0000,0.0133,0.0089
1231,-1,-0.8734,4,1,O,0,0.0000,0.0000,0.0000,0.3344,0.5855,0.0000,0.0000,0.0793,0.0008
1234,1,0.8908,3,1,X,1,0.0000,0.0075,0.0000,0.9390,0.0143,0.0000,0.0000,0.0036,0.0356
1236,1,-0.3783,8,1,X,0,0.1816,0.0000,0.0000,0.0706,0.1696,0.0000,0.0000,0.0342,0.5440
1237,1,0.9752,8,1,O,0,0.0000,0.0000,0.0000,0.0638,0.0352,0.0000,0.0000,0.0115,0.8895
1242,0,-0.6462,0,1,O,1,0.5164,0.0887,0.0768,0.0000,0.1473,0.0000,0.0000,0.0789,0.0919
1244,0,-0.0267,8,1,X,0,0.0000,0.1251,0.0544,0.0000,0.1113,0.0000,0.0000,0.0870,0.6222
1247,1,0.6722,4,0,O,0,0.0000,0.0000,0.0816,0.0000,0.7283,0.0000,0.0000,0.1363,0.0538
1248,1,0.9921,0,1,X,0,0.9617,0.0000,0.0011,0.0000,0.0129,0.0000,0.0000,0.0024,0.0219
1253,0,-0.2537,4,1,O,1,0.0000,0.1601,0.0000,0.0000,0.6560,0.0000,0.0000,0.0886,0.0953
1257,-1,-0.9546,0,1,O,0,0.4777,0.0000,0.0000,0.0000,0.3224,0.0000,0.0000,0.0524,0.1476
1259,1,0.8638,4,1,X,1,0.0000,0.0000,0.0000,0.0000,0.9381,0.0000,0.0000,0.0268,0.0351
1260,1,0.9532,0,1,X,0,0.8801,0.0091,0.0000,0.0000,0.0129,0.0000,0.0000,0.0158,0.0821
1263,1,0.9512,8,1,O,0,0.0854,0.0000,0.0000,0.0000,0.0688,0.0000,0.0000,0.0318,0.8141
1265,0,-0.0793,8,1,X,0,0.0000,0.0000,0.0000,0.0000,0.0938,0.0000,0.0000,0.0338,0.8724
1270,1,0.7292,4,1,X,1,0.0000,0.0322,0.0265,0.0000,0.8821,0.0000,0.0000,0.0366,0.0226
1272,1,0.6411,4,1,X,0,0.0577,0.0000,0.0315,0.0000,0.7775,0.0000,0.0000,0.0635,0.0699
1273,1,0.8088,4,1,O,0,0.0000,0.0000,0.0198,0.0000,0.9626,0.0000,0.0000,0.0074,0.0102
1278,1,0.8155,4,1,X,0,0.0193,0.0283,0.0000,0.0000,0.9157,0.0000,0.0000,0.0246,0.0121
1279,1,0.3642,4,1,O,0,0.0000,0.1364,0.0000,0.0000,0.8424,0.0000,0.0000,0.0210,0.0002
1281,1,0.6327,4,1,O,0,0.0237,0.0000,0.0000,0.0000,0.9543,0.0000,0.0000,0.0109,0.0111
1283,1,0.7055,4,1,X,0,0.0000,0.0000,0.0000,0.0000,0.8832,0.0000,0.0000,0.0823,0.0346
1285,1,0.8840,4,1,X,0,0.0000,0.0000,0.0000,0.0000,0.9431,0.0000,0.0000,0.0426,0.0144
1291,-1,-0.7944,4,1,X,0,0.0000,0.0000,0.0000,0.0000,0.4209,0.0000,0.0000,0.1767,0.4024
1296,-1,-0.9561,2,1,O,1,0.1421,0.1458,0.3399,0.0980,0.0000,0.0000,0.0000,0.1239,0.1502
1298,1,0.9599,2,1,X,1,0.0000,0.0086,0.9756,0.0016,0.0000,0.0000,0.0000,0.0117,0.0025
1301,-1,-0.9576,3,1,O,1,0.0000,0.0000,0.2019,0.3914,0.0000,0.0000,0.0000,0.2940,0.1128
1302,1,0.9670,2,1,X,1,0.0189,0.0000,0.9658,0.0052,0.0000,0.0000,0.0000,0.0022,0.0079
1303,-1,-0.9993,8,1,O,0,0.0000,0.0000,0.1894,0.3142,0.0000,0.0000,0.0000,0.1517,0.3448
1314,1,0.9080,8,1,X,1,0.0194,0.0199,0.0000,0.0193,0.0000,0.0000,0.0000,0.0169,0.9245
1315,1,0.7805,8,1,O,1,0.0000,0.0693,0.0000,0.0475,0.0000,0.0000,0.0000,0.0210,0.8622
1317,1,0.8443,8,1,O,0,0.0085,0.0000,0.0000,0.0113,0.0000,0.0000,0.0000,0.0395,0.9407
1319,1,0.9033,7,1,X,0,0.0000,0.0000,0.0000,0.0082,0.0000,0.0000,0.0000,0.9665,0.0254
1321,1,0.9957,3,1,X,1,0.0000,0.0000,0.0000,0.5181,0.0000,0.0000,0.0000,0.0041,0.4778
1325,1,0.5067,2,1,O,1,0.0000,0.1315,0.7721,0.0000,0.0000,0.0000,0.0000,0.0509,0.0455
1329,-1,-0.9695,2,1,O,1,0.2995,0.0000,0.3727,0.0000,0.0000,0.0000,0.0000,0.1785,0.1493
1331,1,0.7341,2,1,X,0,0.0000,0.0000,0.9271,0.0000,0.0000,0.0000,0.0000,0.0313,0.0416
1341,1,0.9349,8,1,O,1,0.0317,0.0767,0.0000,0.0000,0.0000,0.0000,0.0000,0.0326,0.8590
1343,-1,-0.9593,1,1,X,1,0.0000,0.5742,0.0000,0.0000,0.0000,0.0000,0.0000,0.2319,0.1939
1346,1,0.8875,8,1,O,1,0.0000,0.0000,0.0000,0.0000,0.0000,0.0000,0.0000,0.0687,0.9313
1347,1,0.9729,0,1,X,1,0.9541,0.0000,0.0000,0.0000,0.0000,0.0000,0.0000,0.0134,0.0325
1350,1,0.9784,2,1,X,1,0.0076,0.0063,0.9711,0.0000,0.0000,0.0000,0.0000,0.0043,0.0106
1351,-1,-0.9590,8,1,O,1,0.0000,0.2365,0.3085,0.0000,0.0000,0.0000,0.0000,0.1457,0.3092
1353,-1,-0.9786,7,1,O,0,0.2126,0.0000,0.2276,0.0000,0.0000,0.0000,0.0000,0.3895,0.1703
1355,1,0.9833,7,1,X,0,0.0000,0.0000,0.4485,0.0000,0.0000,0.0000,0.0000,0.5473,0.0042
1357,1,0.9322,8,1,X,1,0.0000,0.0000,0.4696,0.0000,0.0000,0.0000,0.0000,0.0146,0.5158
1369,1,0.7779,8,1,X,0,0.0000,0.0189,0.0000,0.0000,0.0000,0.0000,0.0000,0.0113,0.9698
1371,1,0.8915,7,1,X,0,0.0716,0.0000,0.0000,0.0000,0.0000,0.0000,0.0000,0.8875,0.0409
1372,1,0.7933,8,1,O,0,0.0000,0.0000,0.0000,0.0000,0.0000,0.0000,0.0000,0.0645,0.9355
1378,1,0.9050,3,1,X,1,0.0000,0.0023,0.0002,0.9939,0.0000,0.0000,0.0000,0.0022,0.0014
1380,0,-0.0815,3,1,X,1,0.0370,0.0000,0.0195,0.9013,0.0000,0.0000,0.0000,0.0198,0.0224
1381,1,0.9403,3,1,O,0,0.0000,0.0000,0.0039,0.9936,0.0000,0.0000,0.0000,0.0015,0.0010
1386,0,-0.1440,3,1,X,1,0.0390,0.0416,0.0000,0.8731,0.0000,0.0000,0.0000,0.0235,0.0228
1387,1,0.9464,3,1,O,1,0.0000,0.0059,0.0000,0.9915,0.0000,0.0000,0.0000,0.0022,0.0004
1389,1,0.9766,3,1,O,1,0.0158,0.0000,0.0000,0.9813,0.0000,0.0000,0.0000,0.0022,0.0007
1391,-1,-0.4528,8,1,X,0,0.0000,0.0000,0.0000,0.3462,0.0000,0.0000,0.0000,0.0467,0.6070
1393,1,0.8075,3,1,X,0,0.0000,0.0000,0.0000,0.9886,0.0000,0.0000,0.0000,0.0111,0.0003
1399,1,0.7815,3,1,X,1,0.0000,0.0000,0.0000,0.9942,0.0000,0.0000,0.0000,0.0016,0.0042
1404,1,0.9905,0,1,X,1,0.9817,0.0041,0.0049,0.0000,0.0000,0.0000,0.0000,0.0034,0.0060
1407,0,-0.0228,0,1,O,1,0.9337,0.0000,0.0234,0.0000,0.0000,0.0000,0.0000,0.0175,0.0254
1409,0,-0.0345,8,1,X,1,0.0000,0.0000,0.0227,0.0000,0.0000,0.0000,0.0000,0.0299,0.9474
1413,0,-0.1341,0,1,O,1,0.9086,0.0368,0.0000,0.0000,0.0000,0.0000,0.0000,0.0293,0.0252
1415,0,-0.0365,8,1,X,1,0.0000,0.0514,0.0000,0.0000,0.0000,0.0000,0.0000,0.0392,0.9095
1418,1,0.9540,8,1,O,0,0.0000,0.0000,0.0000,0.0000,0.0000,0.0000,0.0000,0.0468,0.9532
1419,1,0.9725,0,1,X,0,0.8095,0.0000,0.0000,0.0000,0.0000,0.0000,0.0000,0.1756,0.0149
1425,1,0.9127,0,1,X,0,0.9495,0.0000,0.0000,0.0000,0.0000,0.0000,0.0000,0.0158,0.0346
1459,1,0.6750,1,1,X,1,0.0000,0.6494,0.0900,0.0182,0.1137,0.0207,0.0000,0.0743,0.0336
1461,1,0.1708,0,1,X,1,0.3649,0.0000,0.1191,0.0731,0.2512,0.0619,0.0000,0.0469,0.0828
1462,-1,-0.9559,2,1,O,1,0.0000,0.0000,0.3683,0.1170,0.1400,0.1036,0.0000,0.1390,0.1322
1467,1,0.5732,0,1,X,1,0.4048,0.0662,0.0000,0.0234,0.0606,0.0478,0.0000,0.0178,0.3795
1468,-1,-0.7683,1,1,O,1,0.0000,0.5010,0.0000,0.0916,0.0948,0.0884,0.0000,0.0916,0.1326
1470,1,0.0861,0,1,O,1,0.5457,0.0000,0.0000,0.0783,0.0905,0.1289,0.0000,0.0740,0.0825
1472,-1,-0.7339,3,1,X,0,0.0000,0.0000,0.0000,0.5689,0.1368,0.0987,0.0000,0.0751,0.1205
1474,1,0.6268,8,1,X,1,0.0000,0.0000,0.0000,0.0301,0.1396,0.0389,0.0000,0.0928,0.6986
1480,1,0.9323,4,1,X,1,0.0000,0.0000,0.0000,0.0043,0.9862,0.0011,0.0000,0.0042,0.0042
1485,0,0.0777,8,1,X,1,0.1851,0.0555,0.0833,0.0000,0.2184,0.0766,0.0000,0.1134,0.2677
1486,1,-0.0428,4,0,O,1,0.0000,0.1026,0.1605,0.0000,0.3022,0.1708,0.0000,0.1556,0.1083
1488,1,0.2113,4,0,O,1,0.0924,0.0000,0.1112,0.0000,0.5536,0.1342,0.0000,0.0307,0.0780
1490,1,0.6578,4,1,X,0,0.0000,0.0000,0.0307,0.0000,0.7246,0.1414,0.0000,0.0357,0.0676
1492,1,0.7463,4,1,X,0,0.0000,0.0000,0.0154,0.0000,0.8841,0.0368,0.0000,0.0434,0.0203
1494,0,0.2479,4,1,O,1,0.0823,0.1055,0.0000,0.0000,0.3554,0.1876,0.0000,0.1352,0.1341
1496,1,0.2109,5,1,X,1,0.0000,0.2084,0.0000,0.0000,0.2601,0.3538,0.0000,0.0552,0.1226
1499,1,0.3041,4,0,O,0,0.0000,0.0000,0.0000,0.0000,0.4265,0.1941,0.0000,0.0892,0.2902
1500,1,0.4499,4,0,X,0,0.1898,0.0000,0.0000,0.0000,0.3029,0.2000,0.0000,0.1312,0.1761
1501,1,0.3487,4,0,O,1,0.0000,0.0000,0.0000,0.0000,0.4155,0.1068,0.0000,0.2591,0.2186
1504,1,0.9491,4,1,X,1,0.0000,0.0034,0.0000,0.0000,0.9806,0.0073,0.0000,0.0050,0.0037
1506,1,-0.1780,4,1,X,0,0.0534,0.0000,0.0000,0.0000,0.7349,0.1300,0.0000,0.0316,0.0501
1507,1,0.8509,4,1,O,0,0.0000,0.0000,0.0000,0.0000,0.8657,0.0982,0.0000,0.0181,0.0179
1516,1,0.9952,2,1,X,1,0.0000,0.0000,0.9500,0.0000,0.0152,0.0157,0.0000,0.0124,0.0067
1522,1,0.9925,1,1,X,1,0.0000,0.8832,0.0000,0.0000,0.0831,0.0200,0.0000,0.0055,0.0082
1524,1,0.9564,0,1,X,0,0.9921,0.0000,0.0000,0.0000,0.0032,0.0017,0.0000,0.0011,0.0018
1539,0,0.1356,3,1,X,1,0.1463,0.0981,0.0864,0.2077,0.0000,0.0941,0.0000,0.1860,0.1814
1540,0,-0.1974,8,1,O,1,0.0000,0.0575,0.0364,0.0404,0.0000,0.0402,0.0000,0.0481,0.7774
1542,0,-0.0701,7,1,O,1,0.0575,0.0000,0.0362,0.0328,0.0000,0.0442,0.0000,0.7751,0.0543
1544,1,0.9592,7,1,X,1,0.0000,0.0000,0.0137,0.0413,0.0000,0.0218,0.0000,0.9210,0.0022
1546,1,0.9829,8,1,X,1,0.0000,0.0000,0.0005,0.0060,0.0000,0.0115,0.0000,0.0081,0.9739
1548,0,-0.1890,8,1,O,1,0.3495,0.0620,0.0000,0.0599,0.0000,0.0605,0.0000,0.0863,0.3818
1550,0,-0.0989,3,1,X,1,0.0000,0.0352,0.0000,0.8836,0.0000,0.0242,0.0000,0.0297,0.0274
1553,1,0.8959,3,1,O,1,0.0000,0.0000,0.0000,0.9703,0.0000,0.0125,0.0000,0.0110,0.0062
1554,1,0.9530,8,1,X,1,0.0388,0.0000,0.0000,0.0292,0.0000,0.4410,0.0000,0.0258,0.4652
1555,0,-0.1825,8,1,O,1,0.0000,0.0000,0.0000,0.0555,0.0000,0.0535,0.0000,0.0487,0.8423
1558,1,0.9885,8,1,X,1,0.0000,0.0203,0.0000,0.0098,0.0000,0.0183,0.0000,0.0149,0.9367
1560,1,0.9952,7,1,X,1,0.0196,0.0000,0.0000,0.0048,0.0000,0.0159,0.0000,0.9511,0.0085
1561,-1,-0.9285,7,1,O,1,0.0000,0.0000,0.0000,0.1436,0.0000,0.2314,0.0000,0.3459,0.2791
1566,0,-0.1751,5,1,O,1,0.0407,0.0312,0.0295,0.0000,0.0000,0.8182,0.0000,0.0349,0.0456
1568,1,0.9761,5,1,X,1,0.0000,0.0083,0.0064,0.0000,0.0000,0.9762,0.0000,0.0023,0.0069
1571,-1,-0.2211,5,1,O,0,0.0000,0.0000,0.0216,0.0000,0.0000,0.6286,0.0000,0.3238,0.0260
1572,1,0.9987,5,1,X,1,0.0000,0.0000,0.0014,0.0000,0.0000,0.9853,0.0000,0.0032,0.0100
1573,-1,-0.8772,5,1,O,0,0.0000,0.0000,0.0786,0.0000,0.0000,0.5404,0.0000,0.2272,0.1537
1577,0,-0.0596,5,1,O,1,0.0000,0.0184,0.0000,0.0000,0.0000,0.9362,0.0000,0.0237,0.0218
1581,0,-0.1739,5,1,O,1,0.0324,0.0000,0.0000,0.0000,0.0000,0.8674,0.0000,0.0576,0.0427
1583,1,0.9890,5,1,X,0,0.0000,0.0000,0.0000,0.0000,0.0000,0.9913,0.0000,0.0027,0.0060
1584,1,0.9964,5,1,X,1,0.0009,0.0040,0.0000,0.0000,0.0000,0.9812,0.0000,0.0024,0.0115
1585,-1,-0.9606,5,1,O,1,0.0000,0.2010,0.0000,0.0000,0.0000,0.4499,0.0000,0.1573,0.1918
1587,-1,-0.8160,5,1,O,0,0.0306,0.0000,0.0000,0.0000,0.0000,0.5969,0.0000,0.3542,0.0184
1589,1,0.9999,5,1,X,0,0.0000,0.0000,0.0000,0.0000,0.0000,0.7835,0.0000,0.1891,0.0274
1591,1,0.9997,5,1,X,1,0.0000,0.0000,0.0000,0.0000,0.0000,0.5867,0.0000,0.0191,0.3943
1594,1,0.9897,8,1,X,1,0.0000,0.0016,0.0260,0.0000,0.0000,0.0063,0.0000,0.0120,0.9541
1596,1,0.9586,7,1,X,1,0.1064,0.0000,0.0140,0.0000,0.0000,0.0223,0.0000,0.8353,0.0220
1597,-1,-0.9927,7,1,O,0,0.0000,0.0000,0.2223,0.0000,0.0000,0.2410,0.0000,0.3083,0.2284
1602,1,0.7697,0,1,X,1,0.9477,0.0111,0.0000,0.0000,0.0000,0.0090,0.0000,0.0203,0.0120
1603,-1,-0.9746,8,1,O,1,0.0000,0.2916,0.0000,0.0000,0.0000,0.1864,0.0000,0.1699,0.3522
1605,1,0.8133,0,1,O,0,0.9081,0.0000,0.0000,0.0000,0.0000,0.0184,0.0000,0.0651,0.0084
1609,1,0.9723,8,1,X,1,0.0000,0.0000,0.0000,0.0000,0.0000,0.0109,0.0000,0.0257,0.9634
1615,1,0.9999,8,1,X,1,0.0000,0.0000,0.0000,0.0000,0.0000,0.0360,0.0000,0.4796,0.4844
1624,1,0.9882,2,1,X,1,0.0000,0.0000,0.9837,0.0024,0.0000,0.0047,0.0000,0.0061,0.0031
1630,1,0.9990,1,1,X,1,0.0000,0.9912,0.0000,0.0026,0.0000,0.0017,0.0000,0.0018,0.0028
1632,1,0.9143,0,1,X,1,0.9485,0.0000,0.0000,0.0244,0.0000,0.0118,0.0000,0.0021,0.0132
1648,0,-0.0511,2,1,X,1,0.0000,0.0265,0.9033,0.0000,0.0000,0.0221,0.0000,0.0231,0.0250
1650,0,0.0963,2,1,X,1,0.0447,0.0000,0.8685,0.0000,0.0000,0.0436,0.0000,0.0164,0.0269
1651,1,0.8085,2,1,O,1,0.0000,0.0000,0.9773,0.0000,0.0000,0.0135,0.0000,0.0054,0.0037
1656,0,-0.0233,8,1,X,1,0.1994,0.1746,0.0000,0.0000,0.0000,0.0361,0.0000,0.2520,0.3379
1657,0,-0.0298,1,1,O,1,0.0000,0.9547,0.0000,0.0000,0.0000,0.0138,0.0000,0.0173,0.0142
1659,0,-0.1088,0,1,O,1,0.9164,0.0000,0.0000,0.0000,0.0000,0.0318,0.0000,0.0287,0.0231
1661,0,-0.1125,8,1,X,1,0.0000,0.0000,0.0000,0.0000,0.0000,0.0446,0.0000,0.0255,0.9299
1663,0,-0.0711,7,1,X,1,0.0000,0.0000,0.0000,0.0000,0.0000,0.0207,0.0000,0.9627,0.0165
1701,1,0.2259,8,1,X,1,0.1061,0.0684,0.0873,0.0903,0.2439,0.0000,0.0000,0.0442,0.3598
1702,0,-0.2229,4,0,O,1,0.0000,0.1461,0.1379,0.0965,0.2855,0.0000,0.0000,0.1711,0.1628
1704,1,0.0734,0,1,O,1,0.5237,0.0000,0.0669,0.0699,0.1409,0.0000,0.0000,0.0435,0.1550
1706,-1,-0.9493,4,1,X,1,0.0000,0.0000,0.1086,0.3282,0.3757,0.0000,0.0000,0.1148,0.0727
1708,1,0.7009,4,1,X,0,0.0000,0.0000,0.0554,0.1141,0.6618,0.0000,0.0000,0.1153,0.0535
1710,1,-0.0984,8,1,O,1,0.0994,0.1041,0.0000,0.1611,0.1139,0.0000,0.0000,0.1045,0.4171
1712,1,0.9808,8,1,X,1,0.0000,0.0168,0.0000,0.0113,0.0154,0.0000,0.0000,0.0067,0.9498
1715,1,0.9476,3,1,O,0,0.0000,0.0000,0.0000,0.8509,0.0908,0.0000,0.0000,0.0086,0.0497
1716,1,0.9747,8,1,X,1,0.0135,0.0000,0.0000,0.0158,0.0341,0.0000,0.0000,0.0046,0.9320
1717,0,-0.3061,8,1,O,1,0.0000,0.0000,0.0000,0.0941,0.3018,0.0000,0.0000,0.0722,0.5320
1720,1,0.7199,4,1,X,1,0.0000,0.0499,0.0000,0.0863,0.8192,0.0000,0.0000,0.0276,0.0171
1722,1,0.4800,4,1,X,1,0.0898,0.0000,0.0000,0.0325,0.7926,0.0000,0.0000,0.0488,0.0364
1723,1,0.7991,4,1,O,0,0.0000,0.0000,0.0000,0.0195,0.9054,0.0000,0.0000,0.0422,0.0329
1728,1,0.1835,4,1,O,1,0.0568,0.0624,0.0395,0.0000,0.7359,0.0000,0.0000,0.0380,0.0674
1730,1,0.9440,4,1,X,0,0.0000,0.0274,0.0079,0.0000,0.9456,0.0000,0.0000,0.0073,0.0118
1733,1,0.3008,4,1,O,0,0.0000,0.0000,0.0609,0.0000,0.8173,0.0000,0.0000,0.0587,0.0632
1734,1,0.9099,4,1,X,0,0.0002,0.0000,0.0070,0.0000,0.9652,0.0000,0.0000,0.0070,0.0207
1735,1,0.4487,4,1,O,0,0.0000,0.0000,0.0659,0.0000,0.6861,0.0000,0.0000,0.1970,0.0510
1739,-1,-0.6018,4,1,O,1,0.0000,0.1812,0.0000,0.0000,0.3654,0.0000,0.0000,0.1525,0.3009
1743,-1,-0.2681,8,1,O,0,0.2008,0.0000,0.0000,0.0000,0.2494,0.0000,0.0000,0.0993,0.4505
1745,1,0.9975,4,1,X,0,0.0000,0.0000,0.0000,0.0000,0.8595,0.0000,0.0000,0.0038,0.1367
1746,1,0.9297,4,1,X,0,0.0083,0.0061,0.0000,0.0000,0.9781,0.0000,0.0000,0.0021,0.0054
1747,1,0.5783,4,1,O,0,0.0000,0.0767,0.0000,0.0000,0.8390,0.0000,0.0000,0.0657,0.0187
1749,1,0.5726,4,1,O,0,0.0414,0.0000,0.0000,0.0000,0.9015,0.0000,0.0000,0.0310,0.0260
1751,1,0.9593,4,1,X,0,0.0000,0.0000,0.0000,0.0000,0.9949,0.0000,0.0000,0.0030,0.0021
1753,1,0.9671,4,1,X,0,0.0000,0.0000,0.0000,0.0000,0.9963,0.0000,0.0000,0.0034,0.0002
1756,1,0.6621,4,0,X,1,0.0000,0.2314,0.1582,0.0000,0.4469,0.0000,0.0000,0.0711,0.0924
1758,1,-0.6285,0,1,X,0,0.5834,0.0000,0.1323,0.0000,0.1005,0.0000,0.0000,0.0597,0.1242
1759,-1,-0.9405,4,1,O,0,0.0000,0.0000,0.3038,0.0000,0.3146,0.0000,0.0000,0.1176,0.2639
1764,1,0.9495,8,1,X,1,0.0618,0.0317,0.0000,0.0000,0.0470,0.0000,0.0000,0.0219,0.8375
1765,-1,-0.6974,8,1,O,0,0.0000,0.3400,0.0000,0.0000,0.1658,0.0000,0.0000,0.0633,0.4309
1767,1,0.9519,0,1,O,0,0.9658,0.0000,0.0000,0.0000,0.0107,0.0000,0.0000,0.0075,0.0160
1771,1,0.9738,8,1,X,0,0.0000,0.0000,0.0000,0.0000,0.0235,0.0000,0.0000,0.0096,0.9669
1777,1,0.7255,4,1,X,0,0.0000,0.0000,0.0000,0.0000,0.9768,0.0000,0.0000,0.0122,0.0110
1782,0,-0.1370,3,1,O,1,0.0366,0.0392,0.0337,0.8006,0.0000,0.0000,0.0000,0.0376,0.0523
1784,1,0.9611,3,1,X,1,0.0000,0.0014,0.0035,0.9924,0.0000,0.0000,0.0000,0.0015,0.0013
1787,1,0.6082,3,1,O,1,0.0000,0.0000,0.0004,0.9871,0.0000,0.0000,0.0000,0.0070,0.0054
1788,1,0.9699,3,1,X,1,0.0259,0.0000,0.0213,0.9310,0.0000,0.0000,0.0000,0.0109,0.0110
1789,-1,-0.7920,3,1,O,0,0.0000,0.0000,0.0620,0.6064,0.0000,0.0000,0.0000,0.0784,0.2532
1793,1,0.5784,3,1,O,0,0.0000,0.0035,0.0000,0.9900,0.0000,0.0000,0.0000,0.0011,0.0053
1797,-1,-0.9423,3,1,O,1,0.1807,0.0000,0.0000,0.4297,0.0000,0.0000,0.0000,0.1692,0.2204
1799,1,0.9854,3,1,X,1,0.0000,0.0000,0.0000,0.9535,0.0000,0.0000,0.0000,0.0020,0.0445
1800,1,0.9901,3,1,X,1,0.0088,0.0029,0.0000,0.9860,0.0000,0.0000,0.0000,0.0015,0.0008
1801,-1,-0.8776,3,1,O,1,0.0000,0.1112,0.0000,0.4912,0.0000,0.0000,0.0000,0.1371,0.2604
1803,-1,-0.8499,3,1,O,1,0.1034,0.0000,0.0000,0.5017,0.0000,0.0000,0.0000,0.3622,0.0327
1805,1,0.9992,3,1,X,0,0.0000,0.0000,0.0000,0.7444,0.0000,0.0000,0.0000,0.2549,0.0006
1807,1,0.9927,3,1,X,0,0.0000,0.0000,0.0000,0.9528,0.0000,0.0000,0.0000,0.0014,0.0458
1836,0,-0.1638,0,1,X,1,0.8646,0.0371,0.0312,0.0000,0.0000,0.0000,0.0000,0.0401,0.0270
1837,0,-0.0889,8,1,O,1,0.0000,0.0469,0.0262,0.0000,0.0000,0.0000,0.0000,0.0481,0.8789
1839,1,0.9787,0,1,O,0,0.9590,0.0000,0.0048,0.0000,0.0000,0.0000,0.0000,0.0224,0.0139
1843,1,0.9888,8,1,X,1,0.0000,0.0000,0.0629,0.0000,0.0000,0.0000,0.0000,0.0364,0.9007
1845,1,0.8727,0,1,O,1,0.8906,0.0190,0.0000,0.0000,0.0000,0.0000,0.0000,0.0308,0.0596
1851,1,0.9436,8,1,X,1,0.0349,0.0000,0.0000,0.0000,0.0000,0.0000,0.0000,0.0106,0.9544
1852,0,-0.3821,8,1,O,1,0.0000,0.0000,0.0000,0.0000,0.0000,0.0000,0.0000,0.0994,0.9006
1855,1,0.9683,8,1,X,1,0.0000,0.0830,0.0000,0.0000,0.0000,0.0000,0.0000,0.0927,0.8243
1857,1,0.9929,7,1,X,0,0.0792,0.0000,0.0000,0.0000,0.0000,0.0000,0.0000,0.9116,0.0092
1858,-1,-0.9258,8,1,O,1,0.0000,0.0000,0.0000,0.0000,0.0000,0.0000,0.0000,0.3856,0.6144
1864,1,0.8462,2,1,X,1,0.0000,0.0724,0.8441,0.0257,0.0000,0.0000,0.0000,0.0260,0.0318
1866,1,0.4608,2,1,X,1,0.1661,0.0000,0.7459,0.0223,0.0000,0.0000,0.0000,0.0219,0.0438
1867,1,0.5429,2,1,O,0,0.0000,0.0000,0.9868,0.0019,0.0000,0.0000,0.0000,0.0082,0.0032
1872,1,0.9651,8,1,X,1,0.0162,0.0239,0.0000,0.0059,0.0000,0.0000,0.0000,0.0079,0.9461
1873,-1,-0.9499,1,1,O,1,0.0000,0.5028,0.0000,0.1134,0.0000,0.0000,0.0000,0.1669,0.2170
1875,-1,-0.8725,0,1,O,1,0.5001,0.0000,0.0000,0.1366,0.0000,0.0000,0.0000,0.1155,0.2478
1877,1,0.8195,8,1,X,0,0.0000,0.0000,0.0000,0.0285,0.0000,0.0000,0.0000,0.0097,0.9618
1879,1,0.9546,8,1,X,1,0.0000,0.0000,0.0000,0.0141,0.0000,0.0000,0.0000,0.0317,0.9542
1890,-1,-0.8048,2,1,X,1,0.0894,0.1364,0.5384,0.0000,0.0000,0.0000,0.0000,0.1027,0.1330
1891,1,0.9401,2,1,O,1,0.0000,0.0176,0.9558,0.0000,0.0000,0.0000,0.0000,0.0160,0.0106
1893,1,0.6782,2,1,O,0,0.0177,0.0000,0.9550,0.0000,0.0000,0.0000,0.0000,0.0070,0.0203
1895,-1,-0.6676,8,1,X,0,0.0000,0.0000,0.2219,0.0000,0.0000,0.0000,0.0000,0.0978,0.6803
1897,-1,-0.7570,2,1,X,0,0.0000,0.0000,0.5689,0.0000,0.0000,0.0000,0.0000,0.3393,0.0918
1899,1,0.4922,8,1,O,1,0.0230,0.0419,0.0000,0.0000,0.0000,0.0000,0.0000,0.0764,0.8587
1901,1,0.7963,8,1,X,1,0.0000,0.0549,0.0000,0.0000,0.0000,0.0000,0.0000,0.0218,0.9234
1904,1,0.6605,8,1,O,1,0.0000,0.0000,0.0000,0.0000,0.0000,0.0000,0.0000,0.0161,0.9839
1905,1,0.8309,8,1,X,0,0.0204,0.0000,0.0000,0.0000,0.0000,0.0000,0.0000,0.0772,0.9024
1906,1,0.9597,7,1,O,1,0.0000,0.0000,0.0000,0.0000,0.0000,0.0000,0.0000,0.9910,0.0090
1921,1,0.9971,2,1,X,0,0.0000,0.0000,0.9944,0.0000,0.0000,0.0000,0.0000,0.0026,0.0030
1927,1,0.9993,1,1,X,1,0.0000,0.8587,0.0000,0.0000,0.0000,0.0000,0.0000,0.0036,0.1377
1929,1,0.9745,0,1,X,1,0.5751,0.0000,0.0000,0.0000,0.0000,0.0000,0.0000,0.0108,0.4141
1948,1,0.9988,2,1,X,1,0.0000,0.0000,0.9018,0.0060,0.0835,0.0000,0.0000,0.0063,0.0024
1954,1,0.9964,1,1,X,1,0.0000,0.9415,0.0000,0.0076,0.0457,0.0000,0.0000,0.0030,0.0022
1956,1,0.9818,0,1,X,0,0.9324,0.0000,0.0000,0.0334,0.0273,0.0000,0.0000,0.0035,0.0035
1972,0,-0.0845,2,1,X,1,0.0000,0.1394,0.5258,0.0000,0.1454,0.0000,0.0000,0.0956,0.0938
1974,0,-0.3220,2,1,X,1,0.1096,0.0000,0.5801,0.0000,0.2050,0.0000,0.0000,0.0399,0.0654
1975,1,0.3131,4,0,O,0,0.0000,0.0000,0.4034,0.0000,0.4468,0.0000,0.0000,0.1131,0.0367
1980,0,-0.0460,0,1,X,0,0.2813,0.2078,0.0000,0.0000,0.1681,0.0000,0.0000,0.2002,0.1425
1981,0,-0.1717,1,1,O,1,0.0000,0.8231,0.0000,0.0000,0.0950,0.0000,0.0000,0.0298,0.0520
1983,0,0.0706,0,1,O,1,0.7658,0.0000,0.0000,0.0000,0.1155,0.0000,0.0000,0.0540,0.0647
1985,0,0.1150,4,1,X,1,0.0000,0.0000,0.0000,0.0000,0.6839,0.0000,0.0000,0.1207,0.1954
1987,0,-0.0749,4,1,X,1,0.0000,0.0000,0.0000,0.0000,0.4608,0.0000,0.0000,0.3574,0.1818
1993,-1,-0.9446,4,1,X,0,0.0000,0.0000,0.0000,0.0000,0.6891,0.0000,0.0000,0.1094,0.2015
2026,1,0.9765,8,1,X,1,0.0000,0.0491,0.0170,0.0064,0.0000,0.0000,0.0000,0.0137,0.9138
2028,1,0.9573,7,1,X,1,0.0440,0.0000,0.0190,0.0073,0.0000,0.0000,0.0000,0.9128,0.0169
2029,-1,-0.9953,7,1,O,1,0.0000,0.0000,0.1972,0.1917,0.0000,0.0000,0.0000,0.3620,0.2491
2034,1,0.8370,1,1,X,1,0.4026,0.4823,0.0000,0.0423,0.0000,0.0000,0.0000,0.0327,0.0401
2035,-1,-0.9217,8,1,O,1,0.0000,0.3083,0.0000,0.1327,0.0000,0.0000,0.0000,0.1265,0.4325
2037,-1,-0.8964,0,1,O,1,0.3748,0.0000,0.0000,0.1901,0.0000,0.0000,0.0000,0.2804,0.1547
2039,1,0.9661,7,1,X,1,0.0000,0.0000,0.0000,0.0296,0.0000,0.0000,0.0000,0.9612,0.0092
2041,1,0.9342,8,1,X,1,0.0000,0.0000,0.0000,0.0105,0.0000,0.0000,0.0000,0.0150,0.9744
2047,1,0.9996,7,1,X,1,0.0000,0.0000,0.0000,0.0043,0.0000,0.0000,0.0000,0.7756,0.2201
2052,0,-0.0332,8,1,X,1,0.0340,0.1760,0.1741,0.0000,0.0000,0.0000,0.0000,0.2165,0.3994
2053,1,-0.0466,8,1,O,1,0.0000,0.1756,0.0851,0.0000,0.0000,0.0000,0.0000,0.1525,0.5868
2055,0,-0.1010,7,1,O,1,0.0397,0.0000,0.0213,0.0000,0.0000,0.0000,0.0000,0.9024,0.0366
2057,1,0.9675,7,1,X,0,0.0000,0.0000,0.0140,0.0000,0.0000,0.0000,0.0000,0.9726,0.0134
2059,1,0.8890,8,1,X,0,0.0000,0.0000,0.0694,0.0000,0.0000,0.0000,0.0000,0.0669,0.8638
2061,0,-0.0326,8,1,O,1,0.1853,0.1331,0.0000,0.0000,0.0000,0.0000,0.0000,0.2867,0.3949
2063,0,-0.0318,1,1,X,1,0.0000,0.3584,0.0000,0.0000,0.0000,0.0000,0.0000,0.3149,0.3267
2066,0,-0.0623,7,1,O,1,0.0000,0.0000,0.0000,0.0000,0.0000,0.0000,0.0000,0.9650,0.0350
2067,0,-0.0042,8,1,X,1,0.2887,0.0000,0.0000,0.0000,0.0000,0.0000,0.0000,0.3144,0.3969
2068,0,-0.0972,8,1,O,1,0.0000,0.0000,0.0000,0.0000,0.0000,0.0000,0.0000,0.0868,0.9132
2071,1,0.9294,8,1,X,1,0.0000,0.0180,0.0000,0.0000,0.0000,0.0000,0.0000,0.0189,0.9631
2073,1,0.8573,7,1,X,0,0.0027,0.0000,0.0000,0.0000,0.0000,0.0000,0.0000,0.9123,0.0850
2074,1,0.8661,8,1,O,0,0.0000,0.0000,0.0000,0.0000,0.0000,0.0000,0.0000,0.1530,0.8470
2083,1,0.9990,2,1,X,1,0.0000,0.0000,0.4593,0.0000,0.0000,0.0000,0.0000,0.3207,0.2200
2089,1,0.9914,1,1,X,1,0.0000,0.6122,0.0000,0.0000,0.0000,0.0000,0.0000,0.0146,0.3732
2091,1,0.9319,0,1,X,1,0.7736,0.0000,0.0000,0.0000,0.0000,0.0000,0.0000,0.2178,0.0087
2137,1,0.7839,2,1,X,0,0.0000,0.0000,0.9981,0.0000,0.0000,0.0000,0.0000,0.0006,0.0014
2143,1,0.9677,1,1,X,1,0.0000,0.9876,0.0000,0.0000,0.0000,0.0000,0.0000,0.0063,0.0061
2145,1,0.8920,0,1,X,0,0.9929,0.0000,0.0000,0.0000,0.0000,0.0000,0.0000,0.0019,0.0052
2187,0,-0.2562,4,1,O,1,0.0675,0.0764,0.0784,0.0519,0.5444,0.0445,0.0683,0.0000,0.0686
2189,1,0.4665,6,1,X,1,0.0000,0.0696,0.0712,0.0673,0.1610,0.0566,0.5300,0.0000,0.0442
2192,1,0.5002,4,1,O,0,0.0000,0.0000,0.0267,0.0116,0.8358,0.0378,0.0589,0.0000,0.0292
2193,0,-0.0077,8,1,X,1,0.1050,0.0000,0.1675,0.0660,0.1545,0.0667,0.1805,0.0000,0.2599
2194,0,-0.4393,8,1,O,1,0.0000,0.0000,0.1103,0.1025,0.2469,0.1090,0.1060,0.0000,0.3254
2198,0,-0.1879,4,0,O,0,0.0000,0.0918,0.0000,0.1489,0.2601,0.1283,0.1695,0.0000,0.2014
2202,0,-0.3632,6,1,O,1,0.0983,0.0000,0.0000,0.0911,0.2030,0.1397,0.2355,0.0000,0.2323
2204,1,0.9142,4,0,X,1,0.0000,0.0000,0.0000,0.0668,0.4505,0.2602,0.0827,0.0000,0.1398
2205,1,0.2260,8,1,X,1,0.0566,0.0882,0.0000,0.0639,0.2334,0.0773,0.0807,0.0000,0.3999
2206,0,-0.1183,5,0,O,1,0.0000,0.1158,0.0000,0.1014,0.1979,0.2740,0.1307,0.0000,0.1802
2208,1,0.4901,4,1,O,0,0.0446,0.0000,0.0000,0.0377,0.7886,0.0370,0.0357,0.0000,0.0564
2210,1,0.9314,4,1,X,0,0.0000,0.0000,0.0000,0.0823,0.8550,0.0407,0.0111,0.0000,0.0109
2212,1,0.8315,4,0,X,0,0.0000,0.0000,0.0000,0.0808,0.7322,0.0340,0.0960,0.0000,0.0570
2216,1,0.0438,4,0,O,1,0.0000,0.0908,0.1214,0.0000,0.5414,0.1055,0.0078,0.0000,0.1331
2220,0,-0.2009,4,0,O,1,0.0816,0.0000,0.0684,0.0000,0.4774,0.1365,0.0073,0.0000,0.2289
2222,1,-0.6855,2,1,X,0,0.0000,0.0000,0.6505,0.0000,0.1445,0.0762,0.0591,0.0000,0.0697
2231,-1,-0.3187,4,1,O,0,0.0000,0.0000,0.0000,0.0000,0.6634,0.1883,0.0707,0.0000,0.0776
2232,1,0.0201,4,0,O,0,0.2037,0.1241,0.0000,0.0000,0.3234,0.0720,0.0575,0.0000,0.2193
2234,-1,-0.9154,1,1,X,0,0.0000,0.4160,0.0000,0.0000,0.1623,0.2712,0.0586,0.0000,0.0920
2237,1,-0.1744,4,1,O,0,0.0000,0.0000,0.0000,0.0000,0.8523,0.0513,0.0368,0.0000,0.0596
2238,1,0.0429,0,1,X,0,0.4813,0.0000,0.0000,0.0000,0.1855,0.0750,0.1397,0.0000,0.1185
2239,-1,-0.8354,8,1,O,1,0.0000,0.0000,0.0000,0.0000,0.3161,0.1497,0.1931,0.0000,0.3411
2241,1,0.6221,4,1,X,1,0.0198,0.0378,0.0305,0.0000,0.7589,0.0413,0.0868,0.0000,0.0248
2242,0,-0.0949,4,1,O,0,0.0000,0.0521,0.0490,0.0000,0.6475,0.0488,0.1388,0.0000,0.0639
2244,1,0.5142,4,1,O,0,0.0019,0.0000,0.0287,0.0000,0.8459,0.0286,0.0687,0.0000,0.0262
2246,1,0.8401,4,1,X,0,0.0000,0.0000,0.0299,0.0000,0.7615,0.0256,0.1640,0.0000,0.0190
2248,1,0.5343,4,0,X,0,0.0000,0.0000,0.0641,0.0000,0.5944,0.1719,0.1146,0.0000,0.0551
2250,0,-0.2826,4,1,O,0,0.0391,0.1759,0.0000,0.0000,0.5455,0.0738,0.0820,0.0000,0.0836
2252,1,-0.6151,6,1,X,0,0.0000,0.1210,0.0000,0.0000,0.2045,0.1250,0.4329,0.0000,0.1167
2255,1,0.9385,6,1,O,0,0.0000,0.0000,0.0000,0.0000,0.0644,0.0234,0.8979,0.0000,0.0142
2256,1,0.7736,4,0,X,0,0.0179,0.0000,0.0000,0.0000,0.5531,0.0576,0.1270,0.0000,0.2444
2257,0,0.2714,4,1,O,0,0.0000,0.0000,0.0000,0.0000,0.6382,0.1133,0.0901,0.0000,0.1583
2260,1,0.5611,4,1,X,0,0.0000,0.0480,0.0000,0.0000,0.6631,0.2106,0.0378,0.0000,0.0406
2262,1,0.9422,4,1,X,0,0.0133,0.0000,0.0000,0.0000,0.8975,0.0486,0.0098,0.0000,0.0309
2263,1,0.2706,4,1,O,0,0.0000,0.0000,0.0000,0.0000,0.5341,0.1778,0.2066,0.0000,0.0815
2270,0,-0.1087,1,1,O,1,0.0000,0.7901,0.0442,0.0406,0.0000,0.0416,0.0474,0.0000,0.0361
2274,0,0.2036,2,1,O,1,0.2476,0.0000,0.4204,0.1215,0.0000,0.0927,0.0236,0.0000,0.0942
2276,0,-0.2896,2,1,X,1,0.0000,0.0000,0.8951,0.0275,0.0000,0.0283,0.0262,0.0000,0.0229
2285,0,-0.0078,6,1,O,1,0.0000,0.0000,0.0000,0.0394,0.0000,0.0389,0.8870,0.0000,0.0347
2286,0,-0.1795,1,1,O,1,0.0328,0.8391,0.0000,0.0283,0.0000,0.0315,0.0316,0.0000,0.0366
2288,1,0.9626,1,1,X,1,0.0000,0.9872,0.0000,0.0013,0.0000,0.0056,0.0011,0.0000,0.0048
2292,0,-0.1400,0,1,X,1,0.8942,0.0000,0.0000,0.0282,0.0000,0.0281,0.0239,0.0000,0.0255
2293,0,-0.0169,8,1,O,1,0.0000,0.0000,0.0000,0.0383,0.0000,0.0330,0.0283,0.0000,0.9004
2303,1,0.9456,2,1,O,0,0.0000,0.0000,0.9458,0.0000,0.0000,0.0409,0.0056,0.0000,0.0078
2315,1,0.9223,1,1,O,0,0.0000,0.9942,0.0000,0.0000,0.0000,0.0047,0.0006,0.0000,0.0005
2319,1,0.9187,0,1,O,1,0.9032,0.0000,0.0000,0.0000,0.0000,0.0453,0.0212,0.0000,0.0304
2322,-1,-0.9733,1,1,O,1,0.0769,0.5561,0.0682,0.0000,0.0000,0.1074,0.1122,0.0000,0.0792
2324,1,0.8680,1,1,X,1,0.0000,0.9445,0.0091,0.0000,0.0000,0.0084,0.0196,0.0000,0.0185
2328,1,0.6620,8,1,X,1,0.1161,0.0000,0.1333,0.0000,0.0000,0.0358,0.1391,0.0000,0.5756
2329,0,-0.6713,8,1,O,0,0.0000,0.0000,0.0691,0.0000,0.0000,0.0731,0.1000,0.0000,0.7578
2333,1,0.8769,6,1,O,0,0.0000,0.0133,0.0000,0.0000,0.0000,0.0047,0.9793,0.0000,0.0027
2337,0,-0.9501,6,1,O,0,0.0924,0.0000,0.0000,0.0000,0.0000,0.0668,0.7483,0.0000,0.0925
2339,1,0.9351,6,1,X,0,0.0000,0.0000,0.0000,0.0000,0.0000,0.0184,0.9711,0.0000,0.0104
2340,1,0.9573,1,1,X,1,0.0057,0.9554,0.0000,0.0000,0.0000,0.0065,0.0038,0.0000,0.0285
2341,-1,-0.8822,1,1,O,0,0.0000,0.4546,0.0000,0.0000,0.0000,0.1438,0.0832,0.0000,0.3184
2347,1,0.9594,8,1,X,0,0.0000,0.0000,0.0000,0.0000,0.0000,0.0539,0.0306,0.0000,0.9155
2349,0,-0.0363,2,1,X,1,0.1690,0.0360,0.1925,0.1498,0.0000,0.1608,0.1441,0.0000,0.1478
2350,0,-0.0840,8,1,O,1,0.0000,0.0412,0.0744,0.1207,0.0000,0.2127,0.2347,0.0000,0.3163
2352,1,0.7302,8,1,O,1,0.2242,0.0000,0.2171,0.0137,0.0000,0.0015,0.2009,0.0000,0.3426
2354,-1,-0.9121,8,1,X,1,0.0000,0.0000,0.1096,0.0963,0.0000,0.0946,0.1426,0.0000,0.5569
2356,1,0.5814,6,1,X,1,0.0000,0.0000,0.0416,0.0601,0.0000,0.0673,0.7747,0.0000,0.0564
2358,0,-0.1138,6,1,O,1,0.0406,0.0355,0.0000,0.2292,0.0000,0.1217,0.2986,0.0000,0.2743
2360,1,0.4952,8,1,X,1,0.0000,0.0306,0.0000,0.0522,0.0000,0.0698,0.0217,0.0000,0.8258
2363,1,0.9644,8,1,O,1,0.0000,0.0000,0.0000,0.0054,0.0000,0.0075,0.0097,0.0000,0.9775
2364,1,0.6851,8,1,X,1,0.0619,0.0000,0.0000,0.0911,0.0000,0.0704,0.0875,0.0000,0.6892
2365,0,0.0006,5,1,O,1,0.0000,0.0000,0.0000,0.2538,0.0000,0.2737,0.2329,0.0000,0.2396
2368,1,0.1972,6,1,X,1,0.0000,0.0278,0.0000,0.0557,0.0000,0.0818,0.7834,0.0000,0.0513
2370,-1,-0.7953,6,1,X,0,0.1135,0.0000,0.0000,0.1266,0.0000,0.0873,0.5624,0.0000,0.1102
2371,1,0.9631,6,1,O,1,0.0000,0.0000,0.0000,0.0088,0.0000,0.0162,0.9592,0.0000,0.0157
2376,0,-0.1930,8,1,O,1,0.2962,0.0361,0.0637,0.0000,0.0000,0.0342,0.1262,0.0000,0.4437
2378,0,-0.0969,8,1,X,1,0.0000,0.0626,0.0565,0.0000,0.0000,0.0367,0.0484,0.0000,0.7958
2381,1,0.7477,8,1,O,0,0.0000,0.0000,0.0388,0.0000,0.0000,0.0048,0.0161,0.0000,0.9403
2382,1,0.3602,6,1,X,1,0.0741,0.0000,0.0958,0.0000,0.0000,0.0587,0.6918,0.0000,0.0798
2383,0,-0.2326,6,1,O,0,0.0000,0.0000,0.0428,0.0000,0.0000,0.0767,0.7383,0.0000,0.1423
2387,1,0.9302,8,1,O,1,0.0000,0.0104,0.0000,0.0000,0.0000,0.0062,0.0061,0.0000,0.9773
2391,0,-0.1464,8,1,O,1,0.0727,0.0000,0.0000,0.0000,0.0000,0.0563,0.3881,0.0000,0.4830
2393,1,0.5181,8,1,X,0,0.0000,0.0000,0.0000,0.0000,0.0000,0.1077,0.0252,0.0000,0.8672
2394,1,-0.0540,6,1,X,0,0.0359,0.0491,0.0000,0.0000,0.0000,0.0535,0.7435,0.0000,0.1180
2395,1,0.5246,6,1,O,1,0.0000,0.0275,0.0000,0.0000,0.0000,0.0243,0.9285,0.0000,0.0197
2397,1,0.8040,6,1,O,0,0.0269,0.0000,0.0000,0.0000,0.0000,0.0177,0.8922,0.0000,0.0632
2399,-1,-0.9681,6,1,X,0,0.0000,0.0000,0.0000,0.0000,0.0000,0.1399,0.4686,0.0000,0.3914
2401,1,0.9586,6,1,X,0,0.0000,0.0000,0.0000,0.0000,0.0000,0.0004,0.9974,0.0000,0.0022
2404,0,-0.0332,5,1,X,1,0.0000,0.0348,0.0227,0.0000,0.0000,0.8734,0.0294,0.0000,0.0396
2406,-1,-0.8276,5,1,X,0,0.1231,0.0000,0.1670,0.0000,0.0000,0.4298,0.1456,0.0000,0.1344
2407,1,0.9436,5,1,O,0,0.0000,0.0000,0.0311,0.0000,0.0000,0.9313,0.0210,0.0000,0.0167
2412,0,-0.0826,5,1,X,1,0.0284,0.0343,0.0000,0.0000,0.0000,0.8659,0.0383,0.0000,0.0332
2413,1,0.9361,5,1,O,1,0.0000,0.0143,0.0000,0.0000,0.0000,0.9746,0.0036,0.0000,0.0076
2415,1,0.9931,5,1,O,0,0.0118,0.0000,0.0000,0.0000,0.0000,0.9448,0.0208,0.0000,0.0225
2417,-1,-0.9858,6,1,X,0,0.0000,0.0000,0.0000,0.0000,0.0000,0.2626,0.3858,0.0000,0.3516
2419,0,-0.0664,5,1,X,1,0.0000,0.0000,0.0000,0.0000,0.0000,0.9461,0.0238,0.0000,0.0300
2425,-1,-0.3123,5,1,X,0,0.0000,0.0000,0.0000,0.0000,0.0000,0.6916,0.2522,0.0000,0.0561
2432,1,0.1421,2,1,O,1,0.0000,0.0422,0.4267,0.0481,0.1321,0.0000,0.3044,0.0000,0.0465
2436,0,-0.2026,4,0,O,0,0.0977,0.0000,0.1449,0.1142,0.3279,0.0000,0.1326,0.0000,0.1828
2438,1,-0.0584,2,1,X,0,0.0000,0.0000,0.3915,0.0490,0.2462,0.0000,0.1913,0.0000,0.1220
2447,-1,-0.6825,4,1,O,0,0.0000,0.0000,0.0000,0.1383,0.4550,0.0000,0.1971,0.0000,0.2096
2448,1,0.5001,4,0,O,0,0.1171,0.0872,0.0000,0.1236,0.4848,0.0000,0.1294,0.0000,0.0580
2450,-1,-0.9065,1,1,X,1,0.0000,0.5578,0.0000,0.0669,0.2332,0.0000,0.0834,0.0000,0.0587
2453,1,0.4682,4,1,O,1,0.0000,0.0000,0.0000,0.0863,0.7027,0.0000,0.2011,0.0000,0.0099
2454,1,-0.6880,6,0,X,0,0.2723,0.0000,0.0000,0.0142,0.2153,0.0000,0.2776,0.0000,0.2207
2455,-1,-0.3817,4,1,O,0,0.0000,0.0000,0.0000,0.1528,0.6539,0.0000,0.0868,0.0000,0.1065
2465,1,0.8161,2,1,O,0,0.0000,0.0000,0.9023,0.0000,0.0599,0.0000,0.0274,0.0000,0.0103
2477,1,0.4630,4,1,O,0,0.0000,0.3929,0.0000,0.0000,0.5189,0.0000,0.0589,0.0000,0.0292
2481,1,0.9572,0,1,O,0,0.7352,0.0000,0.0000,0.0000,0.2564,0.0000,0.0083,0.0000,0.0001
2484,0,-0.0894,8,1,O,1,0.0906,0.1780,0.1878,0.0000,0.2073,0.0000,0.0981,0.0000,0.2382
2486,1,0.0763,6,1,X,0,0.0000,0.0714,0.0797,0.0000,0.2108,0.0000,0.5446,0.0000,0.0935
2489,1,0.9463,6,1,O,0,0.0000,0.0000,0.0237,0.0000,0.2294,0.0000,0.7386,0.0000,0.0083
2490,1,0.4922,2,0,X,0,0.1370,0.0000,0.2681,0.0000,0.1816,0.0000,0.2312,0.0000,0.1820
2491,0,-0.8115,4,0,O,0,0.0000,0.0000,0.1803,0.0000,0.4217,0.0000,0.1634,0.0000,0.2346
2495,1,0.9183,6,1,O,0,0.0000,0.0291,0.0000,0.0000,0.0598,0.0000,0.9041,0.0000,0.0070
2499,0,-0.6552,8,1,O,0,0.1247,0.0000,0.0000,0.0000,0.1403,0.0000,0.1056,0.0000,0.6295
2501,1,0.9440,8,1,X,0,0.0000,0.0000,0.0000,0.0000,0.2530,0.0000,0.1681,0.0000,0.5789
2502,0,-0.3288,6,1,X,0,0.0787,0.1126,0.0000,0.0000,0.2627,0.0000,0.4606,0.0000,0.0853
2503,0,-0.1349,4,1,O,0,0.0000,0.1119,0.0000,0.0000,0.5764,0.0000,0.0975,0.0000,0.2142
2505,0,0.3700,4,1,O,0,0.0710,0.0000,0.0000,0.0000,0.7084,0.0000,0.1006,0.0000,0.1200
2507,1,0.8370,4,1,X,0,0.0000,0.0000,0.0000,0.0000,0.8027,0.0000,0.1768,0.0000,0.0205
2509,1,0.7045,4,0,X,0,0.0000,0.0000,0.0000,0.0000,0.6407,0.0000,0.3527,0.0000,0.0066
2519,1,0.9420,2,1,O,0,0.0000,0.0000,0.9635,0.0301,0.0000,0.0000,0.0025,0.0000,0.0039
2531,1,0.8329,1,1,O,0,0.0000,0.9577,0.0000,0.0341,0.0000,0.0000,0.0063,0.0000,0.0020
2535,1,0.9438,0,1,O,1,0.8685,0.0000,0.0000,0.1068,0.0000,0.0000,0.0125,0.0000,0.0122
2567,1,0.7528,6,1,O,1,0.0000,0.0355,0.0150,0.0000,0.0000,0.0000,0.9450,0.0000,0.0045
2571,1,0.8681,0,1,O,0,0.8831,0.0000,0.0057,0.0000,0.0000,0.0000,0.0350,0.0000,0.0762
2573,-1,-0.9382,6,1,X,0,0.0000,0.0000,0.3709,0.0000,0.0000,0.0000,0.4096,0.0000,0.2195
2582,1,0.7345,6,1,O,0,0.0000,0.0000,0.0000,0.0000,0.0000,0.0000,0.9952,0.0000,0.0048
2583,0,-0.1144,1,1,O,1,0.0363,0.8967,0.0000,0.0000,0.0000,0.0000,0.0421,0.0000,0.0249
2585,1,0.8964,1,1,X,0,0.0000,0.9919,0.0000,0.0000,0.0000,0.0000,0.0046,0.0000,0.0035
2589,0,0.0087,0,1,X,1,0.9364,0.0000,0.0000,0.0000,0.0000,0.0000,0.0363,0.0000,0.0272
2590,0,-0.0688,8,1,O,1,0.0000,0.0000,0.0000,0.0000,0.0000,0.0000,0.0352,0.0000,0.9648
2592,0,-0.1709,2,1,O,1,0.0735,0.0492,0.3527,0.0240,0.0000,0.0000,0.3313,0.0000,0.1693
2594,1,0.4667,8,1,X,0,0.0000,0.1132,0.1320,0.0450,0.0000,0.0000,0.0843,0.0000,0.6255
2597,1,0.8603,8,1,O,0,0.0000,0.0000,0.0201,0.0060,0.0000,0.0000,0.0083,0.0000,0.9656
2598,1,0.6964,8,1,X,0,0.1378,0.0000,0.0758,0.0150,0.0000,0.0000,0.0311,0.0000,0.7403
2599,0,-0.1815,6,1,O,1,0.0000,0.0000,0.1224,0.0565,0.0000,0.0000,0.4459,0.0000,0.3752
2603,1,0.5909,8,1,O,0,0.0000,0.0289,0.0000,0.0238,0.0000,0.0000,0.0220,0.0000,0.9254
2607,0,-0.6532,8,1,O,0,0.0618,0.0000,0.0000,0.0678,0.0000,0.0000,0.1391,0.0000,0.7313
2609,1,0.9938,8,1,X,0,0.0000,0.0000,0.0000,0.0026,0.0000,0.0000,0.0011,0.0000,0.9963
2610,0,-0.0918,6,1,X,1,0.0388,0.0431,0.0000,0.0289,0.0000,0.0000,0.8437,0.0000,0.0455
2611,1,0.8250,6,1,O,0,0.0000,0.0079,0.0000,0.0243,0.0000,0.0000,0.9611,0.0000,0.0067
2613,1,0.8778,6,1,O,1,0.0257,0.0000,0.0000,0.0111,0.0000,0.0000,0.9308,0.0000,0.0323
2615,-1,-0.2409,6,1,X,1,0.0000,0.0000,0.0000,0.0674,0.0000,0.0000,0.7508,0.0000,0.1818
2617,1,0.5995,6,1,X,1,0.0000,0.0000,0.0000,0.0255,0.0000,0.0000,0.9461,0.0000,0.0284
2621,1,0.6658,8,1,O,0,0.0000,0.0157,0.0453,0.0000,0.0000,0.0000,0.0186,0.0000,0.9203
2625,1,0.0021,8,0,O,0,0.3033,0.0000,0.2426,0.0000,0.0000,0.0000,0.1122,0.0000,0.3418
2627,-1,-0.9105,8,1,X,0,0.0000,0.0000,0.2080,0.0000,0.0000,0.0000,0.1498,0.0000,0.6422
2636,1,-0.4952,8,1,O,0,0.0000,0.0000,0.0000,0.0000,0.0000,0.0000,0.0232,0.0000,0.9768
2637,1,0.6449,6,1,O,1,0.0277,0.0385,0.0000,0.0000,0.0000,0.0000,0.8972,0.0000,0.0366
2639,-1,-0.9962,6,1,X,0,0.0000,0.1755,0.0000,0.0000,0.0000,0.0000,0.4815,0.0000,0.3430
2642,1,0.6251,8,1,O,0,0.0000,0.0000,0.0000,0.0000,0.0000,0.0000,0.4118,0.0000,0.5882
2643,-1,-0.8660,6,1,X,0,0.0888,0.0000,0.0000,0.0000,0.0000,0.0000,0.7481,0.0000,0.1631
2644,1,-0.8736,6,1,O,1,0.0000,0.0000,0.0000,0.0000,0.0000,0.0000,0.8317,0.0000,0.1683
2646,1,0.6034,8,1,X,1,0.1072,0.0312,0.1013,0.0000,0.0000,0.0000,0.0419,0.0000,0.7184
2647,0,-0.0421,2,1,O,1,0.0000,0.0517,0.4797,0.0000,0.0000,0.0000,0.0480,0.0000,0.4206
2649,1,0.3313,0,1,O,0,0.3974,0.0000,0.2278,0.0000,0.0000,0.0000,0.1962,0.0000,0.1786
2651,-1,-0.8656,8,1,X,0,0.0000,0.0000,0.1315,0.0000,0.0000,0.0000,0.3831,0.0000,0.4854
2653,1,0.7627,8,1,X,1,0.0000,0.0000,0.0590,0.0000,0.0000,0.0000,0.0409,0.0000,0.9001
2655,0,-0.1453,8,1,O,1,0.0186,0.0224,0.0000,0.0000,0.0000,0.0000,0.0252,0.0000,0.9338
2657,1,0.9595,8,1,X,1,0.0000,0.0075,0.0000,0.0000,0.0000,0.0000,0.0113,0.0000,0.9812
2660,1,0.9774,6,1,O,0,0.0000,0.0000,0.0000,0.0000,0.0000,0.0000,0.7554,0.0000,0.2446
2661,1,0.9938,8,1,X,0,0.0066,0.0000,0.0000,0.0000,0.0000,0.0000,0.0015,0.0000,0.9919
2662,0,-0.0609,8,1,O,1,0.0000,0.0000,0.0000,0.0000,0.0000,0.0000,0.0237,0.0000,0.9763
2665,0,-0.1385,6,1,X,1,0.0000,0.0181,0.0000,0.0000,0.0000,0.0000,0.9620,0.0000,0.0199
2667,0,0.1167,6,1,X,1,0.0309,0.0000,0.0000,0.0000,0.0000,0.0000,0.8930,0.0000,0.0761
2668,1,0.7914,6,1,O,0,0.0000,0.0000,0.0000,0.0000,0.0000,0.0000,0.9607,0.0000,0.0393
2673,1,0.7206,4,1,X,1,0.0932,0.0487,0.0176,0.0446,0.6820,0.0000,0.0221,0.0000,0.0919
2674,0,0.4392,4,1,O,1,0.0000,0.0974,0.0413,0.0474,0.7399,0.0000,0.0330,0.0000,0.0412
2676,1,0.4792,4,1,O,0,0.0234,0.0000,0.0233,0.0261,0.8694,0.0000,0.0262,0.0000,0.0316
2678,1,0.9390,4,1,X,0,0.0000,0.0000,0.0045,0.1264,0.8401,0.0000,0.0249,0.0000,0.0042
2680,1,0.8913,4,0,X,0,0.0000,0.0000,0.0134,0.0432,0.7274,0.0000,0.1807,0.0000,0.0353
2682,0,-0.0316,4,1,O,0,0.0491,0.0570,0.0000,0.0724,0.7052,0.0000,0.0618,0.0000,0.0544
2684,1,0.3575,4,1,X,0,0.0000,0.0479,0.0000,0.1400,0.6900,0.0000,0.0843,0.0000,0.0377
2687,1,0.3623,4,1,O,0,0.0000,0.0000,0.0000,0.1273,0.6673,0.0000,0.1386,0.0000,0.0669
2688,1,0.6604,4,0,X,1,0.0362,0.0000,0.0000,0.1525,0.6202,0.0000,0.1031,0.0000,0.0881
2689,0,-0.2813,4,1,O,0,0.0000,0.0000,0.0000,0.0769,0.7934,0.0000,0.0637,0.0000,0.0659
2692,1,-0.2698,8,1,X,1,0.0000,0.0936,0.0000,0.1399,0.2594,0.0000,0.1755,0.0000,0.3316
2694,1,0.8809,4,1,X,0,0.0445,0.0000,0.0000,0.1042,0.5961,0.0000,0.0504,0.0000,0.2049
2695,1,0.9492,8,1,O,1,0.0000,0.0000,0.0000,0.0449,0.1453,0.0000,0.0050,0.0000,0.8048
2700,0,-0.2634,4,0,O,1,0.1178,0.1250,0.0396,0.0000,0.4912,0.0000,0.1317,0.0000,0.0947
2702,0,-0.0568,4,1,X,0,0.0000,0.1192,0.1162,0.0000,0.3054,0.0000,0.1712,0.0000,0.2880
2705,0,0.4140,4,1,O,0,0.0000,0.0000,0.0475,0.0000,0.8525,0.0000,0.0803,0.0000,0.0197
2706,1,0.4905,6,1,X,0,0.1395,0.0000,0.1889,0.0000,0.1645,0.0000,0.2727,0.0000,0.2344
2707,0,-0.7750,4,0,O,0,0.0000,0.0000,0.0344,0.0000,0.4804,0.0000,0.3269,0.0000,0.1583
2711,0,0.0288,4,1,O,0,0.0000,0.0921,0.0000,0.0000,0.6707,0.0000,0.2045,0.0000,0.0328
2715,0,-0.8224,4,0,O,1,0.1349,0.0000,0.0000,0.0000,0.5594,0.0000,0.1261,0.0000,0.1796
2717,1,0.3575,4,0,X,0,0.0000,0.0000,0.0000,0.0000,0.6933,0.0000,0.1437,0.0000,0.1630
2718,1,-0.2369,8,1,X,0,0.0691,0.0446,0.0000,0.0000,0.0306,0.0000,0.0979,0.0000,0.7578
2719,1,0.8129,8,1,O,1,0.0000,0.0304,0.0000,0.0000,0.1158,0.0000,0.0276,0.0000,0.8262
2721,1,0.8993,4,1,O,0,0.0309,0.0000,0.0000,0.0000,0.5027,0.0000,0.0027,0.0000,0.4636
2723,1,0.8659,4,1,X,0,0.0000,0.0000,0.0000,0.0000,0.8189,0.0000,0.0247,0.0000,0.1565
2725,1,0.9757,6,1,X,0,0.0000,0.0000,0.0000,0.0000,0.0062,0.0000,0.9800,0.0000,0.0138
2728,1,0.7605,4,1,X,0,0.0000,0.0678,0.0141,0.0000,0.8103,0.0000,0.0581,0.0000,0.0497
2730,1,0.9858,4,1,X,0,0.0073,0.0000,0.0036,0.0000,0.9564,0.0000,0.0185,0.0000,0.0142
2731,1,0.3490,4,1,O,0,0.0000,0.0000,0.0403,0.0000,0.8791,0.0000,0.0662,0.0000,0.0144
2736,1,0.7336,4,1,X,0,0.0189,0.0361,0.0000,0.0000,0.8743,0.0000,0.0451,0.0000,0.0255
2737,1,0.6457,4,1,O,0,0.0000,0.0409,0.0000,0.0000,0.9018,0.0000,0.0376,0.0000,0.0197
2739,1,0.7576,4,1,O,0,0.0000,0.0000,0.0000,0.0000,0.9417,0.0000,0.0443,0.0000,0.0140
2741,1,0.9664,4,1,X,0,0.0000,0.0000,0.0000,0.0000,0.9793,0.0000,0.0179,0.0000,0.0028
2743,1,0.8357,4,1,X,0,0.0000,0.0000,0.0000,0.0000,0.9451,0.0000,0.0422,0.0000,0.0126
2749,1,0.8164,4,1,X,0,0.0000,0.0000,0.0000,0.0000,0.9457,0.0000,0.0363,0.0000,0.0180
2754,-1,-0.8542,1,1,O,1,0.0447,0.6511,0.0822,0.0810,0.0000,0.0000,0.0602,0.0000,0.0808
2756,1,0.9240,1,1,X,1,0.0000,0.9393,0.0215,0.0138,0.0000,0.0000,0.0043,0.0000,0.0211
2760,1,0.7273,6,1,X,1,0.1418,0.0000,0.1010,0.0522,0.0000,0.0000,0.5098,0.0000,0.1951
2761,0,-0.9431,8,1,O,0,0.0000,0.0000,0.1319,0.0811,0.0000,0.0000,0.0828,0.0000,0.7043
2765,-1,-0.3919,1,1,O,0,0.0000,0.4360,0.0000,0.0610,0.0000,0.0000,0.4097,0.0000,0.0933
2769,0,-0.5704,6,1,O,1,0.1199,0.0000,0.0000,0.0671,0.0000,0.0000,0.7574,0.0000,0.0556
2771,1,0.9595,6,1,X,0,0.0000,0.0000,0.0000,0.0254,0.0000,0.0000,0.9635,0.0000,0.0111
2772,1,0.8984,1,1,X,1,0.0122,0.9230,0.0000,0.0143,0.0000,0.0000,0.0071,0.0000,0.0434
2773,1,0.7602,8,1,O,1,0.0000,0.0394,0.0000,0.0269,0.0000,0.0000,0.0114,0.0000,0.9223
2779,1,0.9112,8,1,X,0,0.0000,0.0000,0.0000,0.0626,0.0000,0.0000,0.0319,0.0000,0.9055
2783,0,-0.1052,1,1,O,1,0.0000,0.9157,0.0327,0.0000,0.0000,0.0000,0.0271,0.0000,0.0246
2787,1,0.3832,2,1,O,1,0.0694,0.0000,0.6803,0.0000,0.0000,0.0000,0.1586,0.0000,0.0917
2789,0,-0.0589,2,1,X,1,0.0000,0.0000,0.9464,0.0000,0.0000,0.0000,0.0254,0.0000,0.0282
2798,0,-0.1608,6,1,O,1,0.0000,0.0000,0.0000,0.0000,0.0000,0.0000,0.9586,0.0000,0.0414
2799,1,0.8319,8,1,O,0,0.0297,0.0957,0.0000,0.0000,0.0000,0.0000,0.0037,0.0000,0.8709
2801,1,0.6822,1,1,X,0,0.0000,0.9816,0.0000,0.0000,0.0000,0.0000,0.0039,0.0000,0.0144
2805,-1,-0.9531,8,1,X,1,0.2934,0.0000,0.0000,0.0000,0.0000,0.0000,0.2806,0.0000,0.4261
2806,1,0.8214,8,1,O,0,0.0000,0.0000,0.0000,0.0000,0.0000,0.0000,0.0110,0.0000,0.9890
2808,1,0.9447,1,1,X,0,0.0358,0.7220,0.0410,0.0000,0.0000,0.0000,0.0191,0.0000,0.1821
2809,-1,-0.9507,1,1,O,0,0.0000,0.5247,0.0934,0.0000,0.0000,0.0000,0.1218,0.0000,0.2601
2815,1,0.8784,8,1,X,0,0.0000,0.0000,0.0213,0.0000,0.0000,0.0000,0.0070,0.0000,0.9717
2817,-1,-0.9941,1,1,O,1,0.1224,0.3983,0.0000,0.0000,0.0000,0.0000,0.3827,0.0000,0.0966
2819,1,0.9917,1,1,X,0,0.0000,0.8764,0.0000,0.0000,0.0000,0.0000,0.0999,0.0000,0.0237
2823,1,0.9356,6,1,X,0,0.0413,0.0000,0.0000,0.0000,0.0000,0.0000,0.9054,0.0000,0.0532
2824,-1,-0.7822,8,1,O,0,0.0000,0.0000,0.0000,0.0000,0.0000,0.0000,0.3979,0.0000,0.6021
2827,1,0.9315,1,1,X,0,0.0000,0.7281,0.0000,0.0000,0.0000,0.0000,0.0081,0.0000,0.2638
2836,0,-0.0549,3,1,X,1,0.0000,0.0255,0.0349,0.8792,0.0000,0.0000,0.0309,0.0000,0.0296
2838,-1,-0.8618,3,1,X,0,0.1469,0.0000,0.1102,0.5582,0.0000,0.0000,0.0600,0.0000,0.1246
2839,1,0.9378,3,1,O,1,0.0000,0.0000,0.0714,0.8960,0.0000,0.0000,0.0139,0.0000,0.0188
2844,0,-0.0801,3,1,X,1,0.0272,0.0320,0.0000,0.8812,0.0000,0.0000,0.0301,0.0000,0.0295
2845,1,0.9573,3,1,O,0,0.0000,0.0076,0.0000,0.9790,0.0000,0.0000,0.0111,0.0000,0.0023
2847,1,0.9638,3,1,O,1,0.0322,0.0000,0.0000,0.9495,0.0000,0.0000,0.0120,0.0000,0.0062
2849,-1,-0.5630,3,1,X,0,0.0000,0.0000,0.0000,0.7076,0.0000,0.0000,0.0298,0.0000,0.2626
2851,0,-0.0867,3,1,X,1,0.0000,0.0000,0.0000,0.9427,0.0000,0.0000,0.0312,0.0000,0.0260
2857,-1,-0.9654,3,1,X,1,0.0000,0.0000,0.0000,0.4996,0.0000,0.0000,0.2743,0.0000,0.2262
2862,1,0.3542,6,1,X,1,0.0492,0.0327,0.0769,0.0000,0.0000,0.0000,0.8007,0.0000,0.0405
2863,0,-0.1558,6,1,O,1,0.0000,0.0238,0.0227,0.0000,0.0000,0.0000,0.9319,0.0000,0.0215
2865,1,0.6365,2,1,O,0,0.2029,0.0000,0.3441,0.0000,0.0000,0.0000,0.1613,0.0000,0.2917
2867,0,-0.3260,8,1,X,0,0.0000,0.0000,0.1003,0.0000,0.0000,0.0000,0.0232,0.0000,0.8766
2869,1,0.9889,6,1,X,0,0.0000,0.0000,0.0008,0.0000,0.0000,0.0000,0.9962,0.0000,0.0029
2871,0,-0.1691,0,1,O,1,0.4806,0.0587,0.0000,0.0000,0.0000,0.0000,0.4049,0.0000,0.0559
2873,0,-0.1229,8,1,X,1,0.0000,0.0406,0.0000,0.0000,0.0000,0.0000,0.0226,0.0000,0.9368
2876,1,0.8511,8,1,O,0,0.0000,0.0000,0.0000,0.0000,0.0000,0.0000,0.0707,0.0000,0.9293
2877,1,0.9185,6,1,X,1,0.0627,0.0000,0.0000,0.0000,0.0000,0.0000,0.8915,0.0000,0.0458
2878,0,-0.1585,6,1,O,1,0.0000,0.0000,0.0000,0.0000,0.0000,0.0000,0.9719,0.0000,0.0281
2881,1,0.8631,6,1,X,0,0.0000,0.0016,0.0000,0.0000,0.0000,0.0000,0.9911,0.0000,0.0073
2883,-1,-0.9032,6,1,X,0,0.2025,0.0000,0.0000,0.0000,0.0000,0.0000,0.5514,0.0000,0.2461
2884,1,0.9376,8,1,O,1,0.0000,0.0000,0.0000,0.0000,0.0000,0.0000,0.3303,0.0000,0.6697
2918,-1,-0.9645,8,1,O,1,0.0000,0.2019,0.1394,0.0923,0.1191,0.0818,0.0000,0.0000,0.3655
2922,0,-0.2352,8,1,O,1,0.0652,0.0000,0.0587,0.0316,0.0911,0.0377,0.0000,0.0000,0.7157
2924,1,0.9778,8,1,X,1,0.0000,0.0000,0.0087,0.0032,0.0094,0.0080,0.0000,0.0000,0.9708
2933,-1,-0.5801,4,1,O,0,0.0000,0.0000,0.0000,0.0267,0.7100,0.0538,0.0000,0.0000,0.2095
2934,1,0.0232,8,1,O,1,0.1043,0.1177,0.0000,0.1228,0.1265,0.0462,0.0000,0.0000,0.4824
2936,1,0.9389,8,1,X,1,0.0000,0.0274,0.0000,0.0047,0.0053,0.0110,0.0000,0.0000,0.9516
2939,-1,-0.4681,8,1,O,1,0.0000,0.0000,0.0000,0.0937,0.3601,0.1302,0.0000,0.0000,0.4160
2940,1,0.9876,8,1,X,0,0.0265,0.0000,0.0000,0.0068,0.0204,0.0258,0.0000,0.0000,0.9205
2941,-1,-0.9502,8,1,O,0,0.0000,0.0000,0.0000,0.3465,0.0280,0.0890,0.0000,0.0000,0.5366
2951,1,0.9532,2,1,O,0,0.0000,0.0000,0.9438,0.0000,0.0026,0.0340,0.0000,0.0000,0.0196
2963,1,0.9269,1,1,O,0,0.0000,0.9638,0.0000,0.0000,0.0038,0.0159,0.0000,0.0000,0.0165
2967,1,0.9444,0,1,O,0,0.9520,0.0000,0.0000,0.0000,0.0198,0.0128,0.0000,0.0000,0.0154
2970,-1,-0.9031,8,1,O,1,0.1201,0.1026,0.0820,0.0000,0.2263,0.1235,0.0000,0.0000,0.3454
2972,1,0.9697,8,1,X,1,0.0000,0.0085,0.0116,0.0000,0.0240,0.0250,0.0000,0.0000,0.9309
2975,-1,-0.9463,4,1,O,0,0.0000,0.0000,0.1070,0.0000,0.6426,0.1409,0.0000,0.0000,0.1095
2976,1,0.9720,8,1,X,1,0.0049,0.0000,0.0052,0.0000,0.0430,0.0173,0.0000,0.0000,0.9296
2977,0,-0.6336,8,1,O,0,0.0000,0.0000,0.0520,0.0000,0.2744,0.0920,0.0000,0.0000,0.5816
2981,-1,-0.9204,4,1,O,0,0.0000,0.1223,0.0000,0.0000,0.5061,0.1604,0.0000,0.0000,0.2111
2985,-1,-0.7384,4,1,O,0,0.0671,0.0000,0.0000,0.0000,0.4265,0.1229,0.0000,0.0000,0.3835
2987,1,0.9809,8,1,X,0,0.0000,0.0000,0.0000,0.0000,0.1104,0.0223,0.0000,0.0000,0.8673
2988,1,0.9710,8,1,X,0,0.0267,0.0092,0.0000,0.0000,0.0308,0.0127,0.0000,0.0000,0.9206
2989,0,-0.2984,8,1,O,1,0.0000,0.0830,0.0000,0.0000,0.1700,0.1010,0.0000,0.0000,0.6459
2991,-1,-0.1877,4,1,O,0,0.0769,0.0000,0.0000,0.0000,0.4465,0.2310,0.0000,0.0000,0.2457
2993,1,0.9985,4,1,X,0,0.0000,0.0000,0.0000,0.0000,0.8638,0.0385,0.0000,0.0000,0.0977
2995,1,0.9720,8,1,X,0,0.0000,0.0000,0.0000,0.0000,0.0720,0.0298,0.0000,0.0000,0.8983
3005,1,0.9279,2,1,O,0,0.0000,0.0000,0.9555,0.0073,0.0000,0.0107,0.0000,0.0000,0.0265
3017,1,0.9776,1,1,O,1,0.0000,0.9945,0.0000,0.0013,0.0000,0.0017,0.0000,0.0000,0.0025
3021,1,0.8939,0,1,O,0,0.9518,0.0000,0.0000,0.0089,0.0000,0.0065,0.0000,0.0000,0.0329
3053,-1,-0.9915,2,1,O,0,0.0000,0.2871,0.4001,0.0000,0.0000,0.1115,0.0000,0.0000,0.2013
3057,-1,-0.9757,8,1,O,1,0.2074,0.0000,0.3333,0.0000,0.0000,0.1024,0.0000,0.0000,0.3569
3059,1,0.9773,8,1,X,0,0.0000,0.0000,0.3923,0.0000,0.0000,0.0409,0.0000,0.0000,0.5667
3069,-1,-0.9779,1,1,O,1,0.1340,0.4698,0.0000,0.0000,0.0000,0.1763,0.0000,0.0000,0.2200
3071,1,0.9841,1,1,X,1,0.0000,0.9037,0.0000,0.0000,0.0000,0.0044,0.0000,0.0000,0.0920
3075,1,0.9242,8,1,X,1,0.0321,0.0000,0.0000,0.0000,0.0000,0.0107,0.0000,0.0000,0.9572
3076,0,-0.8130,8,1,O,1,0.0000,0.0000,0.0000,0.0000,0.0000,0.0799,0.0000,0.0000,0.9201
3078,0,-0.1252,8,1,O,1,0.0239,0.0270,0.0238,0.0260,0.0000,0.0242,0.0000,0.0000,0.8751
3080,1,0.9669,8,1,X,1,0.0000,0.0026,0.0017,0.0015,0.0000,0.0041,0.0000,0.0000,0.9901
3083,1,0.9100,8,1,O,1,0.0000,0.0000,0.0072,0.0062,0.0000,0.0045,0.0000,0.0000,0.9821
3084,1,0.9837,8,1,X,1,0.0048,0.0000,0.0051,0.0025,0.0000,0.0031,0.0000,0.0000,0.9845
3085,-1,-0.9404,8,1,O,1,0.0000,0.0000,0.0633,0.2644,0.0000,0.1007,0.0000,0.0000,0.5716
3089,1,0.9217,8,1,O,0,0.0000,0.0071,0.0000,0.0088,0.0000,0.0103,0.0000,0.0000,0.9738
3093,0,-0.0822,8,1,O,1,0.0165,0.0000,0.0000,0.0181,0.0000,0.0194,0.0000,0.0000,0.9460
3095,1,0.9132,8,1,X,0,0.0000,0.0000,0.0000,0.0050,0.0000,0.0066,0.0000,0.0000,0.9883
3096,1,0.9207,8,1,X,1,0.0070,0.0096,0.0000,0.0069,0.0000,0.0259,0.0000,0.0000,0.9507
3097,-1,-0.9516,3,1,O,1,0.0000,0.1374,0.0000,0.3655,0.0000,0.1520,0.0000,0.0000,0.3451
3099,1,0.8098,8,1,O,0,0.0482,0.0000,0.0000,0.0429,0.0000,0.0363,0.0000,0.0000,0.8726
3101,1,0.2139,8,1,X,1,0.0000,0.0000,0.0000,0.0103,0.0000,0.0125,0.0000,0.0000,0.9772
3103,1,0.9955,8,1,X,1,0.0000,0.0000,0.0000,0.3071,0.0000,0.0263,0.0000,0.0000,0.6666
3107,1,0.9255,8,1,O,1,0.0000,0.0174,0.0072,0.0000,0.0000,0.0039,0.0000,0.0000,0.9715
3111,-1,-0.3482,8,1,O,1,0.3115,0.0000,0.1078,0.0000,0.0000,0.0781,0.0000,0.0000,0.5026
3113,1,0.8771,8,1,X,0,0.0000,0.0000,0.0007,0.0000,0.0000,0.0011,0.0000,0.0000,0.9982
3122,1,0.9272,8,1,O,0,0.0000,0.0000,0.0000,0.0000,0.0000,0.0154,0.0000,0.0000,0.9846
3123,-1,-0.4522,0,1,O,0,0.3652,0.1951,0.0000,0.0000,0.0000,0.1077,0.0000,0.0000,0.3321
3125,1,0.6667,8,1,X,0,0.0000,0.0095,0.0000,0.0000,0.0000,0.0049,0.0000,0.0000,0.9857
3128,1,0.9402,8,1,O,0,0.0000,0.0000,0.0000,0.0000,0.0000,0.0107,0.0000,0.0000,0.9893
3129,1,0.9767,0,1,X,0,0.7159,0.0000,0.0000,0.0000,0.0000,0.0045,0.0000,0.0000,0.2796
3132,1,0.9212,8,1,X,1,0.0021,0.0038,0.0020,0.0000,0.0000,0.0085,0.0000,0.0000,0.9836
3133,1,0.9790,5,1,O,1,0.0000,0.0045,0.0024,0.0000,0.0000,0.9860,0.0000,0.0000,0.0071
3135,1,0.9922,5,1,O,1,0.0001,0.0000,0.0019,0.0000,0.0000,0.9597,0.0000,0.0000,0.0383
3137,1,0.6754,8,1,X,1,0.0000,0.0000,0.0029,0.0000,0.0000,0.0023,0.0000,0.0000,0.9948
3139,1,0.9289,8,1,X,1,0.0000,0.0000,0.0067,0.0000,0.0000,0.0156,0.0000,0.0000,0.9777
3141,1,0.9816,5,1,O,1,0.0000,0.0042,0.0000,0.0000,0.0000,0.9774,0.0000,0.0000,0.0184
3143,1,0.5136,8,1,X,0,0.0000,0.0033,0.0000,0.0000,0.0000,0.0062,0.0000,0.0000,0.9906
3146,1,0.9952,8,1,O,0,0.0000,0.0000,0.0000,0.0000,0.0000,0.2883,0.0000,0.0000,0.7117
3147,1,0.8896,8,1,X,0,0.0023,0.0000,0.0000,0.0000,0.0000,0.0668,0.0000,0.0000,0.9309
3148,1,0.9637,5,1,O,1,0.0000,0.0000,0.0000,0.0000,0.0000,0.9786,0.0000,0.0000,0.0214
3151,1,0.8360,8,1,X,1,0.0000,0.0059,0.0000,0.0000,0.0000,0.0331,0.0000,0.0000,0.9610
3153,1,0.5789,8,1,X,0,0.0179,0.0000,0.0000,0.0000,0.0000,0.0376,0.0000,0.0000,0.9445
3154,1,0.9752,5,1,O,1,0.0000,0.0000,0.0000,0.0000,0.0000,0.9725,0.0000,0.0000,0.0275
3167,1,0.9385,2,1,O,0,0.0000,0.0000,0.9761,0.0033,0.0158,0.0000,0.0000,0.0000,0.0048
3179,1,0.6790,1,1,O,0,0.0000,0.8820,0.0000,0.0349,0.0205,0.0000,0.0000,0.0000,0.0625
3183,1,0.9471,0,1,O,0,0.8856,0.0000,0.0000,0.0364,0.0475,0.0000,0.0000,0.0000,0.0306
3215,-1,-0.9153,2,1,O,1,0.0000,0.2504,0.2886,0.0000,0.2275,0.0000,0.0000,0.0000,0.2334
3219,0,-0.3356,8,1,O,0,0.0729,0.0000,0.0829,0.0000,0.0599,0.0000,0.0000,0.0000,0.7842
3221,1,0.8745,8,1,X,0,0.0000,0.0000,0.0795,0.0000,0.2962,0.0000,0.0000,0.0000,0.6243
3230,-1,-0.9407,8,1,O,0,0.0000,0.0000,0.0000,0.0000,0.3778,0.0000,0.0000,0.0000,0.6222
3231,0,-0.1768,8,1,O,0,0.0607,0.0946,0.0000,0.0000,0.1186,0.0000,0.0000,0.0000,0.7261
3233,1,0.6571,8,1,X,1,0.0000,0.1859,0.0000,0.0000,0.0681,0.0000,0.0000,0.0000,0.7460
3236,-1,-0.6073,4,1,O,0,0.0000,0.0000,0.0000,0.0000,0.5925,0.0000,0.0000,0.0000,0.4075
3237,1,0.8227,8,1,X,0,0.0809,0.0000,0.0000,0.0000,0.0547,0.0000,0.0000,0.0000,0.8644
3238,0,-0.1667,8,1,O,0,0.0000,0.0000,0.0000,0.0000,0.1331,0.0000,0.0000,0.0000,0.8669
3302,1,0.7536,2,1,O,0,0.0000,0.0000,0.9889,0.0000,0.0000,0.0000,0.0000,0.0000,0.0111
3314,1,0.9687,1,1,O,0,0.0000,0.9983,0.0000,0.0000,0.0000,0.0000,0.0000,0.0000,0.0017
3318,1,0.8815,0,1,O,0,0.9376,0.0000,0.0000,0.0000,0.0000,0.0000,0.0000,0.0000,0.0624
3323,1,0.7777,8,1,O,1,0.0000,0.0386,0.0265,0.0042,0.0000,0.0000,0.0000,0.0000,0.9307
3327,0,-0.1245,8,1,O,1,0.0181,0.0000,0.0216,0.0148,0.0000,0.0000,0.0000,0.0000,0.9455
3329,1,0.9272,8,1,X,1,0.0000,0.0000,0.0109,0.0028,0.0000,0.0000,0.0000,0.0000,0.9862
3338,1,0.7695,8,1,O,0,0.0000,0.0000,0.0000,0.0060,0.0000,0.0000,0.0000,0.0000,0.9940
3339,0,-0.1194,8,1,O,1,0.0540,0.0429,0.0000,0.0351,0.0000,0.0000,0.0000,0.0000,0.8681
3341,1,0.7403,8,1,X,0,0.0000,0.0214,0.0000,0.0070,0.0000,0.0000,0.0000,0.0000,0.9716
3344,1,0.6208,8,1,O,0,0.0000,0.0000,0.0000,0.0208,0.0000,0.0000,0.0000,0.0000,0.9792
3345,1,0.9436,8,1,X,0,0.0309,0.0000,0.0000,0.0122,0.0000,0.0000,0.0000,0.0000,0.9569
3346,-1,-0.9340,8,1,O,0,0.0000,0.0000,0.0000,0.4878,0.0000,0.0000,0.0000,0.0000,0.5122
3356,1,0.9771,2,1,O,0,0.0000,0.0000,0.6931,0.0000,0.0000,0.0000,0.0000,0.0000,0.3069
3368,1,0.9252,1,1,O,1,0.0000,0.6895,0.0000,0.0000,0.0000,0.0000,0.0000,0.0000,0.3105
3372,1,0.6572,0,1,O,0,0.9087,0.0000,0.0000,0.0000,0.0000,0.0000,0.0000,0.0000,0.0913
3375,0,-0.2594,8,1,O,0,0.0598,0.0995,0.0857,0.0000,0.0000,0.0000,0.0000,0.0000,0.7550
3377,1,0.9047,8,1,X,0,0.0000,0.0005,0.0015,0.0000,0.0000,0.0000,0.0000,0.0000,0.9981
3380,1,-0.8656,8,1,O,0,0.0000,0.0000,0.0316,0.0000,0.0000,0.0000,0.0000,0.0000,0.9684
3381,1,0.9549,8,1,X,0,0.0065,0.0000,0.0082,0.0000,0.0000,0.0000,0.0000,0.0000,0.9853
3382,0,-0.0207,8,1,O,1,0.0000,0.0000,0.0217,0.0000,0.0000,0.0000,0.0000,0.0000,0.9783
3386,1,0.5454,8,1,O,0,0.0000,0.0238,0.0000,0.0000,0.0000,0.0000,0.0000,0.0000,0.9762
3390,0,-0.2747,8,1,O,0,0.0046,0.0000,0.0000,0.0000,0.0000,0.0000,0.0000,0.0000,0.9954
3392,1,0.9959,8,1,X,0,0.0000,0.0000,0.0000,0.0000,0.0000,0.0000,0.0000,0.0000,1.0000
3393,1,0.8481,8,1,X,0,0.0529,0.0006,0.0000,0.0000,0.0000,0.0000,0.0000,0.0000,0.9465
3394,0,-0.1053,8,1,O,1,0.0000,0.0444,0.0000,0.0000,0.0000,0.0000,0.0000,0.0000,0.9556
3396,0,-0.3372,8,1,O,1,0.0377,0.0000,0.0000,0.0000,0.0000,0.0000,0.0000,0.0000,0.9623
3398,1,0.8412,8,1,X,1,0.0000,0.0000,0.0000,0.0000,0.0000,0.0000,0.0000,0.0000,1.0000
3400,1,0.8887,8,1,X,1,0.0000,0.0000,0.0000,0.0000,0.0000,0.0000,0.0000,0.0000,1.0000
3402,1,0.2928,8,1,O,0,0.0533,0.0554,0.0226,0.0429,0.1581,0.0000,0.0000,0.0000,0.6677
3404,1,0.9890,8,1,X,1,0.0000,0.0196,0.0002,0.0054,0.0705,0.0000,0.0000,0.0000,0.9044
3407,-1,-0.6841,4,1,O,0,0.0000,0.0000,0.1088,0.1291,0.6488,0.0000,0.0000,0.0000,0.1133
3408,1,0.9959,8,1,X,0,0.0208,0.0000,0.0000,0.0050,0.0502,0.0000,0.0000,0.0000,0.9239
3409,-1,-0.9710,8,1,O,0,0.0000,0.0000,0.0897,0.1320,0.2277,0.0000,0.0000,0.0000,0.5507
3413,-1,-0.3153,4,1,O,0,0.0000,0.1312,0.0000,0.0968,0.6380,0.0000,0.0000,0.0000,0.1340
3417,-1,-0.7305,4,1,O,0,0.1336,0.0000,0.0000,0.0505,0.5731,0.0000,0.0000,0.0000,0.2428
3419,1,0.9859,8,1,X,0,0.0000,0.0000,0.0000,0.0455,0.2529,0.0000,0.0000,0.0000,0.7017
3420,1,0.9935,8,1,X,0,0.0019,0.0037,0.0000,0.0003,0.0010,0.0000,0.0000,0.0000,0.9931
3421,1,0.8994,8,1,O,0,0.0000,0.0257,0.0000,0.0441,0.0144,0.0000,0.0000,0.0000,0.9158
3423,1,0.8909,8,1,O,0,0.0148,0.0000,0.0000,0.0341,0.1151,0.0000,0.0000,0.0000,0.8359
3425,1,0.9911,4,1,X,0,0.0000,0.0000,0.0000,0.0560,0.6501,0.0000,0.0000,0.0000,0.2939
3427,1,0.9941,8,1,X,0,0.0000,0.0000,0.0000,0.1211,0.0878,0.0000,0.0000,0.0000,0.7912
3431,1,0.3025,4,0,O,0,0.0000,0.2657,0.0810,0.0000,0.4518,0.0000,0.0000,0.0000,0.2015
3435,-1,-0.9116,4,1,O,0,0.1451,0.0000,0.0635,0.0000,0.5796,0.0000,0.0000,0.0000,0.2118
3437,1,-0.0542,8,1,X,0,0.0000,0.0000,0.0718,0.0000,0.0334,0.0000,0.0000,0.0000,0.8948
3446,-1,-0.6147,4,1,O,0,0.0000,0.0000,0.0000,0.0000,0.7478,0.0000,0.0000,0.0000,0.2522
3447,1,0.8857,8,1,O,0,0.0235,0.0314,0.0000,0.0000,0.0487,0.0000,0.0000,0.0000,0.8964
3449,1,0.1014,8,1,X,0,0.0000,0.0180,0.0000,0.0000,0.0227,0.0000,0.0000,0.0000,0.9593
3452,1,0.6743,8,1,O,0,0.0000,0.0000,0.0000,0.0000,0.1906,0.0000,0.0000,0.0000,0.8094
3453,1,0.9805,0,1,X,0,0.5932,0.0000,0.0000,0.0000,0.0082,0.0000,0.0000,0.0000,0.3986
3456,1,0.8827,8,1,X,0,0.0141,0.0198,0.0063,0.0000,0.1231,0.0000,0.0000,0.0000,0.8367
3457,1,0.8794,4,1,O,0,0.0000,0.0265,0.0130,0.0000,0.9007,0.0000,0.0000,0.0000,0.0599
3459,1,0.7513,4,1,O,0,0.0000,0.0000,0.0261,0.0000,0.9156,0.0000,0.0000,0.0000,0.0583
3461,1,0.9856,4,1,X,0,0.0000,0.0000,0.0022,0.0000,0.9176,0.0000,0.0000,0.0000,0.0802
3463,1,0.8642,8,1,X,0,0.0000,0.0000,0.0206,0.0000,0.4822,0.0000,0.0000,0.0000,0.4972
3465,1,0.4911,4,1,O,0,0.0197,0.0279,0.0000,0.0000,0.8997,0.0000,0.0000,0.0000,0.0527
3467,1,0.7991,8,1,X,0,0.0000,0.0495,0.0000,0.0000,0.4112,0.0000,0.0000,0.0000,0.5393
3470,1,0.6148,4,1,O,0,0.0000,0.0000,0.0000,0.0000,0.9827,0.0000,0.0000,0.0000,0.0173
3471,1,0.8903,4,1,X,0,0.0151,0.0000,0.0000,0.0000,0.6650,0.0000,0.0000,0.0000,0.3199
3472,1,0.8471,4,1,O,0,0.0000,0.0000,0.0000,0.0000,0.9862,0.0000,0.0000,0.0000,0.0138
3475,1,0.6027,8,1,X,0,0.0000,0.0204,0.0000,0.0000,0.0172,0.0000,0.0000,0.0000,0.9624
3477,1,0.9447,8,1,X,0,0.0326,0.0000,0.0000,0.0000,0.4231,0.0000,0.0000,0.0000,0.5442
3478,1,0.9256,4,1,O,0,0.0000,0.0000,0.0000,0.0000,0.5049,0.0000,0.0000,0.0000,0.4951
3485,-1,-0.9652,1,1,O,1,0.0000,0.5253,0.1840,0.1272,0.0000,0.0000,0.0000,0.0000,0.1635
3489,-1,-0.9850,2,1,O,1,0.2304,0.0000,0.3358,0.1055,0.0000,0.0000,0.0000,0.0000,0.3283
3491,1,0.9400,2,1,X,1,0.0000,0.0000,0.7173,0.0067,0.0000,0.0000,0.0000,0.0000,0.2759
3501,1,0.2955,8,1,O,0,0.0103,0.0474,0.0000,0.0185,0.0000,0.0000,0.0000,0.0000,0.9238
3503,1,0.9184,1,1,X,0,0.0000,0.8623,0.0000,0.0145,0.0000,0.0000,0.0000,0.0000,0.1232
3507,1,0.9598,8,1,X,0,0.0104,0.0000,0.0000,0.0074,0.0000,0.0000,0.0000,0.0000,0.9822
3508,1,-0.9813,8,1,O,0,0.0000,0.0000,0.0000,0.0306,0.0000,0.0000,0.0000,0.0000,0.9694
3518,1,0.9900,2,1,O,0,0.0000,0.0000,0.9629,0.0000,0.0000,0.0000,0.0000,0.0000,0.0371
3530,1,0.9764,1,1,O,0,0.0000,0.9471,0.0000,0.0000,0.0000,0.0000,0.0000,0.0000,0.0529
3534,1,0.8759,8,1,O,1,0.4336,0.0000,0.0000,0.0000,0.0000,0.0000,0.0000,0.0000,0.5664
3537,-1,-0.9966,1,1,O,0,0.1359,0.3392,0.2068,0.0000,0.0000,0.0000,0.0000,0.0000,0.3181
3539,1,0.9754,1,1,X,1,0.0000,0.5353,0.1781,0.0000,0.0000,0.0000,0.0000,0.0000,0.2866
3543,1,0.9031,8,1,X,0,0.0035,0.0000,0.1611,0.0000,0.0000,0.0000,0.0000,0.0000,0.8354
3544,-1,-0.9855,8,1,O,0,0.0000,0.0000,0.0979,0.0000,0.0000,0.0000,0.0000,0.0000,0.9021
3555,1,0.9587,8,1,X,1,0.0062,0.3081,0.0000,0.0000,0.0000,0.0000,0.0000,0.0000,0.6857
3556,1,0.1534,8,1,O,0,0.0000,0.0690,0.0000,0.0000,0.0000,0.0000,0.0000,0.0000,0.9310
3562,1,0.9765,8,1,X,1,0.0000,0.0000,0.0000,0.0000,0.0000,0.0000,0.0000,0.0000,1.0000
3564,1,0.9701,8,1,X,1,0.0085,0.0081,0.0071,0.0254,0.0000,0.0000,0.0000,0.0000,0.9509
3565,1,0.8951,3,1,O,1,0.0000,0.0035,0.0062,0.9785,0.0000,0.0000,0.0000,0.0000,0.0117
3567,1,0.9582,3,1,O,0,0.0191,0.0000,0.0188,0.9383,0.0000,0.0000,0.0000,0.0000,0.0239
3569,1,0.6932,8,1,X,0,0.0000,0.0000,0.0032,0.0038,0.0000,0.0000,0.0000,0.0000,0.9929
3571,1,0.9878,8,1,X,1,0.0000,0.0000,0.0001,0.4878,0.0000,0.0000,0.0000,0.0000,0.5121
3573,1,0.9838,3,1,O,0,0.0163,0.0060,0.0000,0.9663,0.0000,0.0000,0.0000,0.0000,0.0114
3575,1,0.5004,8,1,X,0,0.0000,0.0176,0.0000,0.0305,0.0000,0.0000,0.0000,0.0000,0.9519
3578,1,0.9804,3,1,O,0,0.0000,0.0000,0.0000,0.7910,0.0000,0.0000,0.0000,0.0000,0.2090
3579,1,0.9140,8,1,X,0,0.0267,0.0000,0.0000,0.1983,0.0000,0.0000,0.0000,0.0000,0.7750
3580,1,0.8181,3,1,O,0,0.0000,0.0000,0.0000,0.9890,0.0000,0.0000,0.0000,0.0000,0.0110
3583,1,0.9814,8,1,X,1,0.0000,0.0088,0.0000,0.4009,0.0000,0.0000,0.0000,0.0000,0.5903
3585,1,0.9009,8,1,X,0,0.0133,0.0000,0.0000,0.0164,0.0000,0.0000,0.0000,0.0000,0.9702
3586,1,0.9737,3,1,O,0,0.0000,0.0000,0.0000,0.8155,0.0000,0.0000,0.0000,0.0000,0.1845
3591,-1,-0.7753,8,1,O,0,0.2786,0.2103,0.1449,0.0000,0.0000,0.0000,0.0000,0.0000,0.3662
3593,1,0.8657,8,1,X,0,0.0000,0.0014,0.0017,0.0000,0.0000,0.0000,0.0000,0.0000,0.9969
3596,1,0.9083,8,1,O,1,0.0000,0.0000,0.0532,0.0000,0.0000,0.0000,0.0000,0.0000,0.9468
3597,1,0.9985,8,1,X,0,0.2912,0.0000,0.0002,0.0000,0.0000,0.0000,0.0000,0.0000,0.7086
3602,1,0.8087,8,1,O,0,0.0000,0.0454,0.0000,0.0000,0.0000,0.0000,0.0000,0.0000,0.9546
3606,-1,-0.9281,0,1,O,1,0.5778,0.0000,0.0000,0.0000,0.0000,0.0000,0.0000,0.0000,0.4222
3608,1,0.9026,8,1,X,1,0.0000,0.0000,0.0000,0.0000,0.0000,0.0000,0.0000,0.0000,1.0000
3609,1,0.9844,8,1,X,0,0.1293,0.0095,0.0000,0.0000,0.0000,0.0000,0.0000,0.0000,0.8611
3612,1,0.9005,8,1,O,0,0.0148,0.0000,0.0000,0.0000,0.0000,0.0000,0.0000,0.0000,0.9852
3614,1,0.7993,8,1,X,0,0.0000,0.0000,0.0000,0.0000,0.0000,0.0000,0.0000,0.0000,1.0000
3645,0,0.1226,4,1,X,1,0.2472,0.0644,0.0574,0.0982,0.3615,0.0414,0.0000,0.0000,0.1298
3646,0,-0.3505,4,1,O,1,0.0000,0.3165,0.0617,0.0437,0.3944,0.0799,0.0000,0.0000,0.1038
3648,1,0.6053,4,1,O,0,0.0594,0.0000,0.0599,0.0315,0.7863,0.0283,0.0000,0.0000,0.0346
3650,1,0.5959,4,1,X,0,0.0000,0.0000,0.0187,0.2208,0.6683,0.0576,0.0000,0.0000,0.0346
3652,0,0.2907,4,1,X,1,0.0000,0.0000,0.1392,0.0649,0.5894,0.0893,0.0000,0.0000,0.1171
3654,0,0.3623,1,1,O,1,0.1258,0.2039,0.0000,0.1545,0.1940,0.1836,0.0000,0.0000,0.1382
3656,0,-0.6387,3,1,X,0,0.0000,0.1551,0.0000,0.4786,0.1422,0.1274,0.0000,0.0000,0.0967
3659,1,0.9839,3,1,O,0,0.0000,0.0000,0.0000,0.8254,0.1058,0.0389,0.0000,0.0000,0.0298
3660,0,-0.0195,8,1,X,0,0.1465,0.0000,0.0000,0.1978,0.2630,0.1187,0.0000,0.0000,0.2741
3661,0,-0.1237,8,1,O,1,0.0000,0.0000,0.0000,0.1093,0.2945,0.1948,0.0000,0.0000,0.4014
3664,1,0.7033,4,1,X,0,0.0000,0.0417,0.0000,0.0383,0.8721,0.0209,0.0000,0.0000,0.0270
3666,1,0.8492,4,1,X,0,0.0170,0.0000,0.0000,0.0313,0.8755,0.0358,0.0000,0.0000,0.0404
3667,1,0.7118,4,1,O,0,0.0000,0.0000,0.0000,0.0121,0.9035,0.0549,0.0000,0.0000,0.0296
3672,0,-0.2772,4,1,O,0,0.0429,0.0581,0.0322,0.0000,0.7285,0.0657,0.0000,0.0000,0.0726
3674,1,-0.0269,4,1,X,0,0.0000,0.1492,0.0981,0.0000,0.4272,0.2394,0.0000,0.0000,0.0861
3677,1,-0.1951,4,1,O,0,0.0000,0.0000,0.0250,0.0000,0.8440,0.0836,0.0000,0.0000,0.0473
3678,0,-0.0916,4,1,X,0,0.1040,0.0000,0.2718,0.0000,0.3961,0.1142,0.0000,0.0000,0.1139
3679,0,-0.0314,4,1,O,0,0.0000,0.0000,0.0622,0.0000,0.6279,0.1174,0.0000,0.0000,0.1925
3683,0,-0.1840,5,1,O,0,0.0000,0.3201,0.0000,0.0000,0.2008,0.3923,0.0000,0.0000,0.0867
3687,0,-0.2174,4,1,O,0,0.0818,0.0000,0.0000,0.0000,0.5610,0.2461,0.0000,0.0000,0.1111
3689,1,0.0760,4,0,X,0,0.0000,0.0000,0.0000,0.0000,0.5094,0.2769,0.0000,0.0000,0.2137
3690,1,0.7075,4,1,X,0,0.0176,0.0219,0.0000,0.0000,0.8515,0.0600,0.0000,0.0000,0.0490
3691,1,0.6802,4,1,O,1,0.0000,0.0704,0.0000,0.0000,0.8437,0.0526,0.0000,0.0000,0.0332
3693,1,0.6014,4,1,O,0,0.0185,0.0000,0.0000,0.0000,0.9353,0.0220,0.0000,0.0000,0.0242
3695,1,0.9578,4,1,X,0,0.0000,0.0000,0.0000,0.0000,0.9684,0.0241,0.0000,0.0000,0.0075
3697,1,0.7450,4,1,X,1,0.0000,0.0000,0.0000,0.0000,0.9641,0.0151,0.0000,0.0000,0.0207
3700,1,0.6603,4,1,X,0,0.0000,0.2572,0.0410,0.0000,0.6146,0.0394,0.0000,0.0000,0.0479
3702,1,0.8270,4,1,X,0,0.0220,0.0000,0.0076,0.0000,0.9252,0.0004,0.0000,0.0000,0.0448
3703,-1,-0.9303,4,1,O,0,0.0000,0.0000,0.1231,0.0000,0.5496,0.1260,0.0000,0.0000,0.2014
3708,1,-0.4144,0,1,X,1,0.5031,0.1239,0.0000,0.0000,0.1722,0.0609,0.0000,0.0000,0.1399
3709,-1,-0.2247,1,1,O,0,0.0000,0.7632,0.0000,0.0000,0.1244,0.0593,0.0000,0.0000,0.0532
3711,1,0.9835,0,1,O,0,0.9554,0.0000,0.0000,0.0000,0.0300,0.0092,0.0000,0.0000,0.0054
3715,1,0.1500,4,0,X,0,0.0000,0.0000,0.0000,0.0000,0.5416,0.1735,0.0000,0.0000,0.2849
3721,1,0.9904,4,1,X,0,0.0000,0.0000,0.0000,0.0000,0.9925,0.0049,0.0000,0.0000,0.0026
3726,0,-0.2123,1,1,O,1,0.0300,0.8353,0.0318,0.0329,0.0000,0.0334,0.0000,0.0000,0.0365
3728,1,0.9258,1,1,X,0,0.0000,0.9244,0.0161,0.0297,0.0000,0.0111,0.0000,0.0000,0.0186
3732,0,-0.0075,0,1,X,1,0.4241,0.0000,0.1303,0.2298,0.0000,0.1691,0.0000,0.0000,0.0466
3733,0,-0.1634,8,1,O,1,0.0000,0.0000,0.0263,0.0292,0.0000,0.0307,0.0000,0.0000,0.9138
3737,1,0.9088,3,1,O,0,0.0000,0.0218,0.0000,0.9513,0.0000,0.0189,0.0000,0.0000,0.0080
3741,0,-0.0394,0,1,O,1,0.3798,0.0000,0.0000,0.2359,0.0000,0.1444,0.0000,0.0000,0.2399
3743,0,-0.0655,3,1,X,1,0.0000,0.0000,0.0000,0.9578,0.0000,0.0188,0.0000,0.0000,0.0234
3744,1,0.9569,1,1,X,0,0.0076,0.9462,0.0000,0.0092,0.0000,0.0092,0.0000,0.0000,0.0279
3745,-1,-0.8707,1,1,O,0,0.0000,0.7374,0.0000,0.0213,0.0000,0.0829,0.0000,0.0000,0.1583
3751,1,0.9821,8,1,X,1,0.0000,0.0000,0.0000,0.2187,0.0000,0.2833,0.0000,0.0000,0.4980
3755,-1,-0.1074,1,1,O,0,0.0000,0.5131,0.0079,0.0000,0.0000,0.4620,0.0000,0.0000,0.0170
3759,0,-0.0970,5,1,O,1,0.0318,0.0000,0.0262,0.0000,0.0000,0.8948,0.0000,0.0000,0.0472
3761,1,0.9380,5,1,X,0,0.0000,0.0000,0.0306,0.0000,0.0000,0.9672,0.0000,0.0000,0.0023
3770,0,0.0410,5,1,O,1,0.0000,0.0000,0.0000,0.0000,0.0000,0.9770,0.0000,0.0000,0.0230
3771,-1,-0.5676,1,1,O,0,0.0316,0.5205,0.0000,0.0000,0.0000,0.4186,0.0000,0.0000,0.0293
3773,1,0.9837,5,1,X,0,0.0000,0.4500,0.0000,0.0000,0.0000,0.5172,0.0000,0.0000,0.0329
3777,1,0.9854,5,1,X,0,0.0036,0.0000,0.0000,0.0000,0.0000,0.9950,0.0000,0.0000,0.0015
3778,-1,-0.9312,8,1,O,1,0.0000,0.0000,0.0000,0.0000,0.0000,0.4533,0.0000,0.0000,0.5467
3780,1,0.9157,1,1,X,0,0.0318,0.9028,0.0163,0.0000,0.0000,0.0049,0.0000,0.0000,0.0441
3781,-1,-0.8337,1,1,O,0,0.0000,0.6100,0.0291,0.0000,0.0000,0.0574,0.0000,0.0000,0.3034
3787,1,0.8656,8,1,X,0,0.0000,0.0000,0.0623,0.0000,0.0000,0.0340,0.0000,0.0000,0.9037
3789,1,0.9546,0,1,O,0,0.9551,0.0196,0.0000,0.0000,0.0000,0.0147,0.0000,0.0000,0.0105
3795,0,-0.0017,0,1,X,1,0.8315,0.0000,0.0000,0.0000,0.0000,0.0438,0.0000,0.0000,0.1247
3796,0,-0.0157,8,1,O,1,0.0000,0.0000,0.0000,0.0000,0.0000,0.0466,0.0000,0.0000,0.9534
3799,1,0.9946,1,1,X,0,0.0000,0.7304,0.0000,0.0000,0.0000,0.0062,0.0000,0.0000,0.2634
3808,0,-0.0851,2,1,X,1,0.0000,0.0400,0.8445,0.0390,0.0000,0.0372,0.0000,0.0000,0.0393
3810,-1,-0.8749,2,1,X,0,0.1304,0.0000,0.5965,0.0764,0.0000,0.1089,0.0000,0.0000,0.0878
3811,1,0.8170,2,1,O,1,0.0000,0.0000,0.9698,0.0065,0.0000,0.0168,0.0000,0.0000,0.0069
3816,0,-0.0291,0,1,X,1,0.3119,0.0378,0.0000,0.2471,0.0000,0.1487,0.0000,0.0000,0.2544
3817,0,-0.1093,1,1,O,1,0.0000,0.9177,0.0000,0.0239,0.0000,0.0287,0.0000,0.0000,0.0298
3819,1,0.8675,0,1,O,1,0.8473,0.0000,0.0000,0.0714,0.0000,0.0421,0.0000,0.0000,0.0391
3821,-1,-0.9764,8,1,X,1,0.0000,0.0000,0.0000,0.2926,0.0000,0.2827,0.0000,0.0000,0.4247
3823,0,0.0027,5,1,X,1,0.0000,0.0000,0.0000,0.2697,0.0000,0.3748,0.0000,0.0000,0.3555
3834,0,0.0853,2,1,X,0,0.0517,0.0469,0.7897,0.0000,0.0000,0.0596,0.0000,0.0000,0.0521
3835,1,0.8690,2,1,O,1,0.0000,0.0105,0.9470,0.0000,0.0000,0.0262,0.0000,0.0000,0.0163
3837,1,0.8728,2,1,O,0,0.0193,0.0000,0.9561,0.0000,0.0000,0.0129,0.0000,0.0000,0.0117
3839,-1,-0.1161,2,1,X,0,0.0000,0.0000,0.4604,0.0000,0.0000,0.1282,0.0000,0.0000,0.4114
3841,0,0.0593,2,1,X,0,0.0000,0.0000,0.9351,0.0000,0.0000,0.0504,0.0000,0.0000,0.0145
3843,0,-0.0604,8,1,O,1,0.2813,0.1662,0.0000,0.0000,0.0000,0.1290,0.0000,0.0000,0.4236
3845,0,-0.1325,8,1,X,1,0.0000,0.0748,0.0000,0.0000,0.0000,0.0481,0.0000,0.0000,0.8771
3848,1,0.8010,8,1,O,0,0.0000,0.0000,0.0000,0.0000,0.0000,0.0133,0.0000,0.0000,0.9867
3849,0,-0.0527,5,1,X,1,0.3293,0.0000,0.0000,0.0000,0.0000,0.4115,0.0000,0.0000,0.2592
3850,0,-0.0296,8,1,O,1,0.0000,0.0000,0.0000,0.0000,0.0000,0.4147,0.0000,0.0000,0.5853
3865,1,0.9532,2,1,X,0,0.0000,0.0000,0.9705,0.0000,0.0000,0.0221,0.0000,0.0000,0.0074
3871,1,0.9333,1,1,X,0,0.0000,0.9605,0.0000,0.0000,0.0000,0.0263,0.0000,0.0000,0.0132
3873,1,0.5843,0,1,X,0,0.9406,0.0000,0.0000,0.0000,0.0000,0.0373,0.0000,0.0000,0.0221
3888,1,0.4956,2,0,O,1,0.1161,0.1493,0.3609,0.0300,0.2660,0.0000,0.0000,0.0000,0.0777
3890,-1,-0.9230,4,1,X,0,0.0000,0.1665,0.1052,0.3218,0.3623,0.0000,0.0000,0.0000,0.0442
3893,1,0.9792,4,1,O,0,0.0000,0.0000,0.0110,0.2570,0.7257,0.0000,0.0000,0.0000,0.0063
3894,0,0.0995,4,1,X,0,0.1775,0.0000,0.2647,0.0349,0.3420,0.0000,0.0000,0.0000,0.1808
3895,0,-0.2073,4,1,O,0,0.0000,0.0000,0.1243,0.0411,0.6244,0.0000,0.0000,0.0000,0.2102
3899,1,0.7678,3,1,O,0,0.0000,0.0436,0.0000,0.7951,0.1162,0.0000,0.0000,0.0000,0.0450
3903,0,-0.2363,8,1,O,0,0.1925,0.0000,0.0000,0.0354,0.1051,0.0000,0.0000,0.0000,0.6670
3905,1,0.8738,8,1,X,0,0.0000,0.0000,0.0000,0.2161,0.1418,0.0000,0.0000,0.0000,0.6421
3906,1,-0.6698,4,1,X,1,0.0354,0.0647,0.0000,0.0338,0.8392,0.0000,0.0000,0.0000,0.0269
3907,1,0.5418,4,1,O,0,0.0000,0.0511,0.0000,0.0116,0.9157,0.0000,0.0000,0.0000,0.0216
3909,1,0.8840,4,1,O,1,0.0356,0.0000,0.0000,0.0180,0.9365,0.0000,0.0000,0.0000,0.0099
3911,1,0.4199,4,1,X,0,0.0000,0.0000,0.0000,0.0827,0.9097,0.0000,0.0000,0.0000,0.0077
3913,1,0.8412,4,1,X,0,0.0000,0.0000,0.0000,0.0126,0.9484,0.0000,0.0000,0.0000,0.0390
3917,1,0.4816,4,1,O,0,0.0000,0.1273,0.0674,0.0000,0.7647,0.0000,0.0000,0.0000,0.0406
3921,0,0.0757,4,1,O,0,0.1071,0.0000,0.0358,0.0000,0.6559,0.0000,0.0000,0.0000,0.2012
3923,1,0.6732,4,1,X,0,0.0000,0.0000,0.0340,0.0000,0.9395,0.0000,0.0000,0.0000,0.0265
3932,-1,-0.4391,4,1,O,0,0.0000,0.0000,0.0000,0.0000,0.7458,0.0000,0.0000,0.0000,0.2542
3933,1,0.7526,4,1,O,0,0.0165,0.0684,0.0000,0.0000,0.8979,0.0000,0.0000,0.0000,0.0171
3935,1,0.6172,4,1,X,0,0.0000,0.0840,0.0000,0.0000,0.8746,0.0000,0.0000,0.0000,0.0414
3938,1,0.8722,4,1,O,0,0.0000,0.0000,0.0000,0.0000,0.9900,0.0000,0.0000,0.0000,0.0100
3939,1,0.5072,4,1,X,0,0.0355,0.0000,0.0000,0.0000,0.9354,0.0000,0.0000,0.0000,0.0291
3940,1,0.4568,4,1,O,0,0.0000,0.0000,0.0000,0.0000,0.9022,0.0000,0.0000,0.0000,0.0978
3942,1,-0.1684,0,1,X,0,0.4471,0.0682,0.0849,0.0000,0.1454,0.0000,0.0000,0.0000,0.2544
3943,-1,-0.2407,4,1,O,1,0.0000,0.2364,0.0884,0.0000,0.4655,0.0000,0.0000,0.0000,0.2097
3945,1,0.9920,0,1,O,0,0.8393,0.0000,0.0305,0.0000,0.0924,0.0000,0.0000,0.0000,0.0379
3949,1,0.4052,4,0,X,1,0.0000,0.0000,0.0957,0.0000,0.8308,0.0000,0.0000,0.0000,0.0735
3951,1,0.8892,0,1,O,0,0.9082,0.0409,0.0000,0.0000,0.0018,0.0000,0.0000,0.0000,0.0491
3957,1,0.9048,8,1,X,0,0.1506,0.0000,0.0000,0.0000,0.0657,0.0000,0.0000,0.0000,0.7837
3958,0,-0.1199,8,1,O,0,0.0000,0.0000,0.0000,0.0000,0.0334,0.0000,0.0000,0.0000,0.9666
3961,1,0.4022,4,1,X,0,0.0000,0.0559,0.0000,0.0000,0.9209,0.0000,0.0000,0.0000,0.0232
3963,1,0.8195,4,1,X,0,0.0065,0.0000,0.0000,0.0000,0.9596,0.0000,0.0000,0.0000,0.0339
3964,1,0.8716,4,1,O,0,0.0000,0.0000,0.0000,0.0000,0.9406,0.0000,0.0000,0.0000,0.0594
3971,1,0.6006,3,1,O,0,0.0000,0.0464,0.0025,0.9477,0.0000,0.0000,0.0000,0.0000,0.0034
3975,0,0.0207,3,1,O,1,0.0340,0.0000,0.0134,0.9121,0.0000,0.0000,0.0000,0.0000,0.0405
3977,1,0.8512,3,1,X,0,0.0000,0.0000,0.0094,0.9896,0.0000,0.0000,0.0000,0.0000,0.0010
3986,1,0.7430,3,1,O,0,0.0000,0.0000,0.0000,0.9955,0.0000,0.0000,0.0000,0.0000,0.0045
3987,-1,-0.5267,1,1,O,0,0.0138,0.5325,0.0000,0.4311,0.0000,0.0000,0.0000,0.0000,0.0226
3989,1,0.9920,1,1,X,0,0.0000,0.7762,0.0000,0.2196,0.0000,0.0000,0.0000,0.0000,0.0041
3993,1,0.9269,3,1,X,0,0.0903,0.0000,0.0000,0.9051,0.0000,0.0000,0.0000,0.0000,0.0046
3994,-1,-0.6429,3,1,O,0,0.0000,0.0000,0.0000,0.5343,0.0000,0.0000,0.0000,0.0000,0.4657
4023,1,0.9279,0,1,O,0,0.9558,0.0293,0.0069,0.0000,0.0000,0.0000,0.0000,0.0000,0.0080
4029,0,-0.0125,0,1,X,1,0.9432,0.0000,0.0263,0.0000,0.0000,0.0000,0.0000,0.0000,0.0305
4030,0,0.0460,8,1,O,1,0.0000,0.0000,0.0216,0.0000,0.0000,0.0000,0.0000,0.0000,0.9784
4038,1,0.9211,0,1,O,1,0.9574,0.0000,0.0000,0.0000,0.0000,0.0000,0.0000,0.0000,0.0426
4041,1,0.9311,1,1,X,0,0.0669,0.9319,0.0000,0.0000,0.0000,0.0000,0.0000,0.0000,0.0013
4042,-1,-0.8777,1,1,O,0,0.0000,0.5895,0.0000,0.0000,0.0000,0.0000,0.0000,0.0000,0.4105
4048,1,0.9132,8,1,X,0,0.0000,0.0000,0.0000,0.0000,0.0000,0.0000,0.0000,0.0000,1.0000
4050,0,-0.0584,2,1,X,1,0.0552,0.0729,0.7945,0.0347,0.0000,0.0000,0.0000,0.0000,0.0427
4051,1,0.8518,2,1,O,1,0.0000,0.0099,0.9735,0.0026,0.0000,0.0000,0.0000,0.0000,0.0140
4053,1,0.8612,2,1,O,0,0.0594,0.0000,0.9171,0.0067,0.0000,0.0000,0.0000,0.0000,0.0167
4055,-1,-0.9645,2,1,X,0,0.0000,0.0000,0.4044,0.2597,0.0000,0.0000,0.0000,0.0000,0.3359
4057,0,-0.0761,2,1,X,1,0.0000,0.0000,0.9404,0.0364,0.0000,0.0000,0.0000,0.0000,0.0232
4059,0,-0.1191,8,1,O,1,0.0416,0.0488,0.0000,0.0503,0.0000,0.0000,0.0000,0.0000,0.8593
4061,1,0.9066,8,1,X,0,0.0000,0.0344,0.0000,0.0121,0.0000,0.0000,0.0000,0.0000,0.9535
4064,1,0.9891,3,1,O,0,0.0000,0.0000,0.0000,0.6713,0.0000,0.0000,0.0000,0.0000,0.3287
4065,1,0.9752,8,1,X,0,0.0323,0.0000,0.0000,0.0036,0.0000,0.0000,0.0000,0.0000,0.9641
4066,0,-0.0992,8,1,O,1,0.0000,0.0000,0.0000,0.0345,0.0000,0.0000,0.0000,0.0000,0.9655
4077,1,0.8097,2,1,O,1,0.0062,0.0074,0.9740,0.0000,0.0000,0.0000,0.0000,0.0000,0.0124
4079,-1,-0.6644,2,1,X,0,0.0000,0.1257,0.6462,0.0000,0.0000,0.0000,0.0000,0.0000,0.2281
4082,1,0.7821,8,1,O,0,0.0000,0.0000,0.4951,0.0000,0.0000,0.0000,0.0000,0.0000,0.5049
4083,0,0.4265,2,1,X,0,0.0644,0.0000,0.8856,0.0000,0.0000,0.0000,0.0000,0.0000,0.0499
4084,1,0.6906,2,1,O,0,0.0000,0.0000,0.9266,0.0000,0.0000,0.0000,0.0000,0.0000,0.0734
4088,1,0.6112,8,1,O,0,0.0000,0.0145,0.0000,0.0000,0.0000,0.0000,0.0000,0.0000,0.9855
4092,0,-0.1473,8,1,O,1,0.0389,0.0000,0.0000,0.0000,0.0000,0.0000,0.0000,0.0000,0.9611
4094,1,0.9129,8,1,X,0,0.0000,0.0000,0.0000,0.0000,0.0000,0.0000,0.0000,0.0000,1.0000
4105,1,0.8167,2,1,X,1,0.0000,0.1000,0.8623,0.0000,0.0000,0.0000,0.0000,0.0000,0.0376
4107,-1,-0.0261,2,1,X,0,0.1899,0.0000,0.6373,0.0000,0.0000,0.0000,0.0000,0.0000,0.1728
4108,1,0.4040,2,1,O,0,0.0000,0.0000,0.9128,0.0000,0.0000,0.0000,0.0000,0.0000,0.0872
4113,1,0.9789,8,1,X,1,0.0185,0.0117,0.0000,0.0000,0.0000,0.0000,0.0000,0.0000,0.9698
4114,-1,-0.8627,1,1,O,1,0.0000,0.5900,0.0000,0.0000,0.0000,0.0000,0.0000,0.0000,0.4100
4116,1,0.9496,0,1,O,0,0.9323,0.0000,0.0000,0.0000,0.0000,0.0000,0.0000,0.0000,0.0677
4120,1,0.9787,8,1,X,1,0.0000,0.0000,0.0000,0.0000,0.0000,0.0000,0.0000,0.0000,1.0000
4132,1,0.4051,4,1,X,0,0.0000,0.2074,0.0984,0.0367,0.6296,0.0000,0.0000,0.0000,0.0279
4134,1,0.9384,4,1,X,0,0.0000,0.0000,0.0048,0.0527,0.9282,0.0000,0.0000,0.0000,0.0144
4135,-1,-0.7169,4,1,O,0,0.0000,0.0000,0.2060,0.0451,0.6330,0.0000,0.0000,0.0000,0.1159
4140,1,0.7872,4,0,X,0,0.1288,0.1786,0.0000,0.2080,0.4460,0.0000,0.0000,0.0000,0.0387
4141,0,-0.1859,1,1,O,0,0.0000,0.7505,0.0000,0.0493,0.1476,0.0000,0.0000,0.0000,0.0526
4143,-1,0.1701,4,1,O,0,0.3280,0.0000,0.0000,0.0817,0.4497,0.0000,0.0000,0.0000,0.1406
4145,1,0.9246,4,1,X,0,0.0000,0.0000,0.0000,0.3125,0.6834,0.0000,0.0000,0.0000,0.0041
4147,0,-0.0219,4,1,X,0,0.0000,0.0000,0.0000,0.2895,0.6294,0.0000,0.0000,0.0000,0.0811
4153,1,0.9009,4,1,X,0,0.0000,0.0000,0.0000,0.0283,0.9541,0.0000,0.0000,0.0000,0.0175
4158,0,-0.0008,4,1,X,0,0.1141,0.0897,0.1325,0.0000,0.5313,0.0000,0.0000,0.0000,0.1324
4159,1,0.1601,4,0,O,0,0.0000,0.3003,0.0515,0.0000,0.6003,0.0000,0.0000,0.0000,0.0479
4161,0,-0.0919,4,1,O,0,0.0558,0.0000,0.0332,0.0000,0.8683,0.0000,0.0000,0.0000,0.0427
4163,1,0.9438,4,1,X,0,0.0000,0.0000,0.0049,0.0000,0.9842,0.0000,0.0000,0.0000,0.0109
4165,0,-0.3410,4,1,X,0,0.0000,0.0000,0.2907,0.0000,0.6080,0.0000,0.0000,0.0000,0.1013
4167,0,-0.0298,4,1,O,0,0.0770,0.2969,0.0000,0.0000,0.5243,0.0000,0.0000,0.0000,0.1018
4169,0,-0.1046,4,1,X,0,0.0000,0.2190,0.0000,0.0000,0.5845,0.0000,0.0000,0.0000,0.1966
4172,0,-0.2397,4,1,O,0,0.0000,0.0000,0.0000,0.0000,0.8546,0.0000,0.0000,0.0000,0.1454
4173,0,0.2608,4,1,X,0,0.3507,0.0000,0.0000,0.0000,0.4677,0.0000,0.0000,0.0000,0.1816
4174,0,-0.1432,4,1,O,1,0.0000,0.0000,0.0000,0.0000,0.6178,0.0000,0.0000,0.0000,0.3822
4177,-1,-0.6986,4,1,X,0,0.0000,0.1480,0.0000,0.0000,0.5665,0.0000,0.0000,0.0000,0.2855
4179,1,0.7853,4,1,X,0,0.0768,0.0000,0.0000,0.0000,0.7280,0.0000,0.0000,0.0000,0.1952
4180,1,0.9664,4,1,O,0,0.0000,0.0000,0.0000,0.0000,0.7783,0.0000,0.0000,0.0000,0.2217
4189,1,0.9839,4,1,X,0,0.0000,0.0000,0.1998,0.0000,0.7772,0.0000,0.0000,0.0000,0.0230
4195,1,0.9903,1,1,X,0,0.0000,0.8506,0.0000,0.0000,0.1478,0.0000,0.0000,0.0000,0.0016
4197,1,0.9730,4,1,X,0,0.2155,0.0000,0.0000,0.0000,0.7768,0.0000,0.0000,0.0000,0.0077
4212,1,0.9563,1,1,X,0,0.0153,0.9298,0.0233,0.0061,0.0000,0.0000,0.0000,0.0000,0.0255
4213,-1,-0.8899,1,1,O,0,0.0000,0.6344,0.0676,0.0698,0.0000,0.0000,0.0000,0.0000,0.2282
4219,1,0.9002,8,1,X,1,0.0000,0.0000,0.0378,0.0204,0.0000,0.0000,0.0000,0.0000,0.9418
4221,0,-0.2257,1,1,O,0,0.0544,0.7410,0.0000,0.0806,0.0000,0.0000,0.0000,0.0000,0.1240
4223,1,0.9776,1,1,X,0,0.0000,0.9750,0.0000,0.0177,0.0000,0.0000,0.0000,0.0000,0.0073
4227,0,0.0073,0,1,X,1,0.4473,0.0000,0.0000,0.2605,0.0000,0.0000,0.0000,0.0000,0.2921
4228,0,-0.1242,8,1,O,1,0.0000,0.0000,0.0000,0.1008,0.0000,0.0000,0.0000,0.0000,0.8992
4231,1,0.9593,1,1,X,0,0.0000,0.5417,0.0000,0.0624,0.0000,0.0000,0.0000,0.0000,0.3959
4239,0,-0.2203,1,1,O,1,0.0195,0.8989,0.0284,0.0000,0.0000,0.0000,0.0000,0.0000,0.0531
4241,1,0.9402,1,1,X,0,0.0000,0.9877,0.0075,0.0000,0.0000,0.0000,0.0000,0.0000,0.0048
4245,0,0.0331,2,1,X,1,0.3052,0.0000,0.3992,0.0000,0.0000,0.0000,0.0000,0.0000,0.2956
4246,0,-0.2731,8,1,O,1,0.0000,0.0000,0.0347,0.0000,0.0000,0.0000,0.0000,0.0000,0.9653
4250,0,-0.1456,1,1,O,1,0.0000,0.9664,0.0000,0.0000,0.0000,0.0000,0.0000,0.0000,0.0336
4254,0,-0.1558,8,1,O,1,0.3212,0.0000,0.0000,0.0000,0.0000,0.0000,0.0000,0.0000,0.6788
4256,0,-0.0563,8,1,X,1,0.0000,0.0000,0.0000,0.0000,0.0000,0.0000,0.0000,0.0000,1.0000
4257,1,0.9027,1,1,X,0,0.0070,0.9493,0.0000,0.0000,0.0000,0.0000,0.0000,0.0000,0.0437
4258,1,0.6453,8,1,O,1,0.0000,0.1252,0.0000,0.0000,0.0000,0.0000,0.0000,0.0000,0.8748
4264,1,0.8651,8,1,X,1,0.0000,0.0000,0.0000,0.0000,0.0000,0.0000,0.0000,0.0000,1.0000
4267,1,0.9906,1,1,X,0,0.0000,0.8263,0.0086,0.0000,0.0000,0.0000,0.0000,0.0000,0.1651
4275,1,0.9707,1,1,X,1,0.0320,0.9574,0.0000,0.0000,0.0000,0.0000,0.0000,0.0000,0.0106
4276,-1,-0.9674,1,1,O,0,0.0000,0.7722,0.0000,0.0000,0.0000,0.0000,0.0000,0.0000,0.2278
4282,1,0.8695,8,1,X,1,0.0000,0.0000,0.0000,0.0000,0.0000,0.0000,0.0000,0.0000,1.0000
4297,1,0.7987,2,1,X,0,0.0000,0.0000,0.9795,0.0144,0.0000,0.0000,0.0000,0.0000,0.0061
4303,1,0.9887,1,1,X,1,0.0000,0.9662,0.0000,0.0303,0.0000,0.0000,0.0000,0.0000,0.0035
4305,1,0.8398,0,1,X,0,0.8504,0.0000,0.0000,0.1287,0.0000,0.0000,0.0000,0.0000,0.0209
4321,0,-0.0081,2,1,X,1,0.0000,0.0231,0.9627,0.0000,0.0000,0.0000,0.0000,0.0000,0.0142
4323,0,0.0824,2,1,X,0,0.0694,0.0000,0.8718,0.0000,0.0000,0.0000,0.0000,0.0000,0.0589
4324,1,0.7666,2,1,O,1,0.0000,0.0000,0.9871,0.0000,0.0000,0.0000,0.0000,0.0000,0.0129
4329,0,-0.0232,1,1,X,1,0.3103,0.4608,0.0000,0.0000,0.0000,0.0000,0.0000,0.0000,0.2289
4330,0,-0.1084,1,1,O,1,0.0000,0.9746,0.0000,0.0000,0.0000,0.0000,0.0000,0.0000,0.0254
4332,0,-0.1471,0,1,O,0,0.9399,0.0000,0.0000,0.0000,0.0000,0.0000,0.0000,0.0000,0.0601
4334,0,-0.0587,8,1,X,0,0.0000,0.0000,0.0000,0.0000,0.0000,0.0000,0.0000,0.0000,1.0000
4336,0,-0.0475,8,1,X,1,0.0000,0.0000,0.0000,0.0000,0.0000,0.0000,0.0000,0.0000,1.0000
4375,1,0.8060,4,1,X,1,0.0000,0.0833,0.0243,0.0282,0.8043,0.0186,0.0275,0.0000,0.0138
4377,0,0.0038,8,1,X,1,0.2065,0.0000,0.2201,0.0686,0.0779,0.0641,0.1378,0.0000,0.2250
4378,0,-0.8048,2,1,O,1,0.0000,0.0000,0.5609,0.0421,0.2327,0.0348,0.0711,0.0000,0.0585
4383,1,0.8844,4,1,X,1,0.0201,0.0509,0.0000,0.0149,0.8692,0.0102,0.0089,0.0000,0.0258
4384,-1,-0.9450,1,1,O,1,0.0000,0.4662,0.0000,0.0718,0.1828,0.1215,0.0944,0.0000,0.0634
4386,0,-0.5697,0,1,O,1,0.4944,0.0000,0.0000,0.0612,0.1836,0.0577,0.1038,0.0000,0.0992
4388,0,-0.1239,8,1,X,1,0.0000,0.0000,0.0000,0.0901,0.1620,0.1012,0.0611,0.0000,0.5856
4390,1,0.7750,4,1,X,0,0.0000,0.0000,0.0000,0.0301,0.8319,0.0266,0.0736,0.0000,0.0378
4396,0,-0.1113,6,1,X,1,0.0000,0.0000,0.0000,0.0758,0.1913,0.0763,0.5141,0.0000,0.1426
4401,1,0.5469,4,1,X,1,0.0297,0.0435,0.0789,0.0000,0.6187,0.0358,0.1428,0.0000,0.0506
4402,1,0.5086,6,1,O,1,0.0000,0.0313,0.0500,0.0000,0.1596,0.0317,0.6988,0.0000,0.0285
4404,0,-0.3856,4,0,O,1,0.1538,0.0000,0.2485,0.0000,0.3281,0.0685,0.0695,0.0000,0.1316
4406,0,-0.2408,4,1,X,1,0.0000,0.0000,0.1411,0.0000,0.4096,0.0926,0.1088,0.0000,0.2479
4408,1,0.9355,6,1,X,1,0.0000,0.0000,0.0302,0.0000,0.2492,0.0346,0.6690,0.0000,0.0170
4410,0,-0.0984,4,1,O,0,0.0421,0.0645,0.0000,0.0000,0.6289,0.1700,0.0381,0.0000,0.0563
4412,1,0.5182,4,1,X,0,0.0000,0.0444,0.0000,0.0000,0.6674,0.1484,0.0538,0.0000,0.0861
4415,1,0.7087,4,0,O,0,0.0000,0.0000,0.0000,0.0000,0.6949,0.2157,0.0466,0.0000,0.0428
4416,1,0.6618,4,1,X,0,0.0080,0.0000,0.0000,0.0000,0.7852,0.1038,0.0594,0.0000,0.0436
4417,1,0.8756,4,1,O,1,0.0000,0.0000,0.0000,0.0000,0.9696,0.0151,0.0117,0.0000,0.0036
4420,1,0.9808,6,1,X,1,0.0000,0.0074,0.0000,0.0000,0.0570,0.0054,0.9295,0.0000,0.0006
4422,0,0.1934,6,1,X,0,0.1186,0.0000,0.0000,0.0000,0.2334,0.0507,0.3199,0.0000,0.2774
4423,1,0.7120,6,1,O,0,0.0000,0.0000,0.0000,0.0000,0.2811,0.1322,0.4670,0.0000,0.1197
4432,1,0.9666,2,1,X,0,0.0000,0.0000,0.9590,0.0000,0.0167,0.0150,0.0000,0.0000,0.0093
4438,1,0.9734,1,1,X,0,0.0000,0.7739,0.0000,0.0000,0.1958,0.0118,0.0079,0.0000,0.0106
4440,1,0.9740,0,1,X,0,0.7793,0.0000,0.0000,0.0000,0.2056,0.0146,0.0001,0.0000,0.0004
4455,1,0.8209,2,1,X,1,0.2948,0.0219,0.3604,0.0467,0.0000,0.0423,0.1074,0.0000,0.1265
4456,-1,-0.9767,8,1,O,1,0.0000,0.1438,0.1168,0.1066,0.0000,0.1197,0.1774,0.0000,0.3356
4458,0,0.0488,6,1,O,0,0.0837,0.0000,0.1058,0.0638,0.0000,0.0469,0.4492,0.0000,0.2505
4460,0,-0.0060,6,1,X,1,0.0000,0.0000,0.0589,0.1728,0.0000,0.1566,0.4116,0.0000,0.2001
4462,1,0.9892,8,1,X,1,0.0000,0.0000,0.0116,0.0062,0.0000,0.0087,0.0133,0.0000,0.9603
4464,-1,-0.9662,6,1,O,1,0.1309,0.1164,0.0000,0.1066,0.0000,0.1211,0.3611,0.0000,0.1640
4466,1,0.9844,6,1,X,1,0.0000,0.0043,0.0000,0.0064,0.0000,0.0154,0.9716,0.0000,0.0023
4469,1,0.1790,6,1,O,1,0.0000,0.0000,0.0000,0.0366,0.0000,0.0434,0.8806,0.0000,0.0393
4470,1,0.9991,6,1,X,1,0.0208,0.0000,0.0000,0.0055,0.0000,0.0049,0.9561,0.0000,0.0127
4471,-1,-0.9946,6,1,O,0,0.0000,0.0000,0.0000,0.1295,0.0000,0.1812,0.4836,0.0000,0.2057
4474,1,0.9826,8,1,X,1,0.0000,0.0056,0.0000,0.0151,0.0000,0.0148,0.0069,0.0000,0.9576
4476,0,0.0688,8,1,X,1,0.0355,0.0000,0.0000,0.1450,0.0000,0.1584,0.1459,0.0000,0.5152
4477,1,0.2617,8,1,O,1,0.0000,0.0000,0.0000,0.0731,0.0000,0.0868,0.0825,0.0000,0.7576
4482,-1,-0.9525,5,1,O,1,0.0884,0.1083,0.0566,0.0000,0.0000,0.5402,0.1080,0.0000,0.0985
4484,1,0.9924,5,1,X,1,0.0000,0.0054,0.0114,0.0000,0.0000,0.9764,0.0011,0.0000,0.0057
4487,0,-0.0831,5,1,O,1,0.0000,0.0000,0.0418,0.0000,0.0000,0.8778,0.0437,0.0000,0.0367
4488,1,0.9990,5,1,X,1,0.0350,0.0000,0.0462,0.0000,0.0000,0.7902,0.0614,0.0000,0.0672
4489,-1,-0.9970,5,1,O,0,0.0000,0.0000,0.1826,0.0000,0.0000,0.4026,0.2676,0.0000,0.1472
4493,-1,-0.9369,5,1,O,0,0.0000,0.1840,0.0000,0.0000,0.0000,0.4872,0.2192,0.0000,0.1096
4497,-1,-0.9932,5,1,O,0,0.0874,0.0000,0.0000,0.0000,0.0000,0.4069,0.3624,0.0000,0.1433
4499,1,0.9989,5,1,X,0,0.0000,0.0000,0.0000,0.0000,0.0000,0.7732,0.2117,0.0000,0.0151
4500,1,0.9944,5,1,X,0,0.0070,0.0131,0.0000,0.0000,0.0000,0.9406,0.0085,0.0000,0.0307
4501,-1,-0.9794,5,1,O,0,0.0000,0.2286,0.0000,0.0000,0.0000,0.3072,0.2561,0.0000,0.2081
4503,0,-0.0848,5,1,O,1,0.0398,0.0000,0.0000,0.0000,0.0000,0.8769,0.0360,0.0000,0.0473
4505,1,0.9779,5,1,X,0,0.0000,0.0000,0.0000,0.0000,0.0000,0.9623,0.0185,0.0000,0.0191
4507,1,0.9997,5,1,X,0,0.0000,0.0000,0.0000,0.0000,0.0000,0.4032,0.2638,0.0000,0.3330
4510,1,0.9534,8,1,X,1,0.0000,0.0032,0.0072,0.0000,0.0000,0.0014,0.0022,0.0000,0.9859
4512,1,0.6441,2,1,X,1,0.2189,0.0000,0.3744,0.0000,0.0000,0.0751,0.0797,0.0000,0.2520
4513,-1,-0.9903,8,1,O,0,0.0000,0.0000,0.3022,0.0000,0.0000,0.1380,0.2453,0.0000,0.3145
4518,1,0.9770,6,1,X,1,0.0194,0.0066,0.0000,0.0000,0.0000,0.0041,0.9562,0.0000,0.0138
4519,-1,-0.9984,8,1,O,1,0.0000,0.1959,0.0000,0.0000,0.0000,0.1360,0.2790,0.0000,0.3891
4521,-1,-0.9914,6,1,O,1,0.3111,0.0000,0.0000,0.0000,0.0000,0.1456,0.4206,0.0000,0.1228
4523,1,0.6142,6,1,X,0,0.0000,0.0000,0.0000,0.0000,0.0000,0.0234,0.9235,0.0000,0.0530
4525,1,0.9670,8,1,X,0,0.0000,0.0000,0.0000,0.0000,0.0000,0.0295,0.3122,0.0000,0.6584
4531,1,0.9299,8,1,X,1,0.0000,0.0000,0.0000,0.0000,0.0000,0.0318,0.0130,0.0000,0.9552
4540,1,0.9934,2,1,X,1,0.0000,0.0000,0.9797,0.0027,0.0000,0.0049,0.0033,0.0000,0.0093
4546,1,0.9851,1,1,X,1,0.0000,0.9953,0.0000,0.0017,0.0000,0.0013,0.0010,0.0000,0.0008
4548,1,0.9860,0,1,X,1,0.9714,0.0000,0.0000,0.0108,0.0000,0.0027,0.0046,0.0000,0.0105
4564,1,0.8742,6,1,X,1,0.0000,0.0321,0.0071,0.0000,0.0000,0.0042,0.9522,0.0000,0.0044
4566,1,0.8304,0,1,X,0,0.8329,0.0000,0.0024,0.0000,0.0000,0.0113,0.0209,0.0000,0.1325
4567,-1,-0.9303,2,1,O,0,0.0000,0.0000,0.4743,0.0000,0.0000,0.1083,0.3088,0.0000,0.1086
4572,0,-0.1241,1,1,X,1,0.0253,0.8919,0.0000,0.0000,0.0000,0.0261,0.0232,0.0000,0.0336
4573,1,0.9037,1,1,O,1,0.0000,0.9854,0.0000,0.0000,0.0000,0.0046,0.0048,0.0000,0.0052
4575,0,-0.1843,0,1,O,1,0.9249,0.0000,0.0000,0.0000,0.0000,0.0193,0.0238,0.0000,0.0321
4577,0,-0.0662,8,1,X,1,0.0000,0.0000,0.0000,0.0000,0.0000,0.0202,0.0241,0.0000,0.9558
4585,1,0.9113,6,1,X,0,0.0000,0.0000,0.0000,0.0000,0.0000,0.0016,0.9967,0.0000,0.0017
4617,1,0.8205,4,1,X,1,0.0329,0.0247,0.0139,0.0317,0.8267,0.0000,0.0162,0.0000,0.0539
4618,0,0.0425,4,1,O,0,0.0000,0.0494,0.0738,0.1571,0.6150,0.0000,0.0801,0.0000,0.0246
4620,0,-0.2478,4,0,O,0,0.1597,0.0000,0.1772,0.0997,0.4038,0.0000,0.0815,0.0000,0.0781
4622,0,-0.2320,4,1,X,0,0.0000,0.0000,0.1076,0.0671,0.4819,0.0000,0.1011,0.0000,0.2423
4624,1,0.7576,4,1,X,0,0.0000,0.0000,0.0284,0.0819,0.8360,0.0000,0.0307,0.0000,0.0230
4626,1,0.4869,8,1,O,0,0.0330,0.0566,0.0000,0.0553,0.0956,0.0000,0.0391,0.0000,0.7205
4628,1,0.9873,8,1,X,1,0.0000,0.0107,0.0000,0.0073,0.1336,0.0000,0.0001,0.0000,0.8484
4631,1,0.5423,4,0,O,0,0.0000,0.0000,0.0000,0.1967,0.4101,0.0000,0.1632,0.0000,0.2300
4632,1,0.9370,4,1,X,0,0.0234,0.0000,0.0000,0.0362,0.4933,0.0000,0.0001,0.0000,0.4471
4633,1,0.7163,4,1,O,0,0.0000,0.0000,0.0000,0.0826,0.8962,0.0000,0.0127,0.0000,0.0085
4636,1,0.5448,4,1,X,1,0.0000,0.0727,0.0000,0.1043,0.7158,0.0000,0.0735,0.0000,0.0337
4638,0,0.1551,4,1,X,0,0.1394,0.0000,0.0000,0.0610,0.4625,0.0000,0.1811,0.0000,0.1560
4639,1,0.3963,4,0,O,0,0.0000,0.0000,0.0000,0.1236,0.7109,0.0000,0.1245,0.0000,0.0410
4644,1,0.5795,4,1,O,0,0.0284,0.0252,0.0363,0.0000,0.8441,0.0000,0.0012,0.0000,0.0648
4646,1,0.9951,4,1,X,0,0.0000,0.0022,0.0022,0.0000,0.9930,0.0000,0.0004,0.0000,0.0022
4649,0,0.7515,4,1,O,0,0.0000,0.0000,0.0111,0.0000,0.9337,0.0000,0.0422,0.0000,0.0130
4650,1,0.9167,4,1,X,0,0.0000,0.0000,0.0124,0.0000,0.9603,0.0000,0.0216,0.0000,0.0057
4651,1,0.9493,4,1,O,0,0.0000,0.0000,0.0136,0.0000,0.9044,0.0000,0.0743,0.0000,0.0077
4655,-1,-0.7073,4,1,O,0,0.0000,0.1718,0.0000,0.0000,0.5463,0.0000,0.0277,0.0000,0.2542
4659,1,0.9140,4,1,O,0,0.0127,0.0000,0.0000,0.0000,0.9349,0.0000,0.0193,0.0000,0.0331
4661,1,0.9858,4,1,X,0,0.0000,0.0000,0.0000,0.0000,0.9191,0.0000,0.0278,0.0000,0.0531
4662,1,0.9498,4,1,X,0,0.0037,0.0027,0.0000,0.0000,0.9844,0.0000,0.0044,0.0000,0.0049
4663,-1,-0.5496,4,1,O,1,0.0000,0.1691,0.0000,0.0000,0.5012,0.0000,0.1923,0.0000,0.1374
4665,0,0.5859,4,1,O,0,0.0176,0.0000,0.0000,0.0000,0.9152,0.0000,0.0386,0.0000,0.0286
4667,1,0.9858,4,1,X,0,0.0000,0.0000,0.0000,0.0000,0.9487,0.0000,0.0318,0.0000,0.0195
4669,1,0.9849,4,1,X,0,0.0000,0.0000,0.0000,0.0000,0.6152,0.0000,0.3781,0.0000,0.0067
4672,1,0.7781,4,0,X,0,0.0000,0.0783,0.0738,0.0000,0.7524,0.0000,0.0729,0.0000,0.0225
4674,1,0.1059,4,0,X,0,0.1162,0.0000,0.1508,0.0000,0.5448,0.0000,0.0055,0.0000,0.1826
4675,0,-0.9666,2,1,O,0,0.0000,0.0000,0.5863,0.0000,0.3103,0.0000,0.0581,0.0000,0.0453
4680,1,0.9931,8,1,X,0,0.0141,0.0110,0.0000,0.0000,0.2803,0.0000,0.0000,0.0000,0.6946
4681,-1,-0.9796,8,1,O,0,0.0000,0.2783,0.0000,0.0000,0.2377,0.0000,0.0918,0.0000,0.3922
4683,-1,-0.9165,0,1,O,0,0.4360,0.0000,0.0000,0.0000,0.0752,0.0000,0.2126,0.0000,0.2763
4685,1,-0.0173,8,1,X,0,0.0000,0.0000,0.0000,0.0000,0.2051,0.0000,0.0684,0.0000,0.7265
4687,1,0.8868,8,1,X,0,0.0000,0.0000,0.0000,0.0000,0.3849,0.0000,0.0000,0.0000,0.6151
4693,0,0.4516,4,1,X,0,0.0000,0.0000,0.0000,0.0000,0.8797,0.0000,0.0914,0.0000,0.0289
4698,-1,-0.8999,3,1,O,1,0.0517,0.0933,0.0761,0.5956,0.0000,0.0000,0.0750,0.0000,0.1083
4700,1,0.9780,3,1,X,1,0.0000,0.0033,0.0219,0.9483,0.0000,0.0000,0.0182,0.0000,0.0083
4703,0,-0.0937,3,1,O,1,0.0000,0.0000,0.0356,0.9052,0.0000,0.0000,0.0301,0.0000,0.0291
4704,1,0.9924,3,1,X,1,0.0566,0.0000,0.0679,0.7803,0.0000,0.0000,0.0655,0.0000,0.0298
4705,-1,-0.9592,3,1,O,0,0.0000,0.0000,0.1865,0.5399,0.0000,0.0000,0.0657,0.0000,0.2079
4709,-1,-0.9724,3,1,O,0,0.0000,0.1308,0.0000,0.4315,0.0000,0.0000,0.2350,0.0000,0.2027
4713,-1,-0.9962,8,1,O,0,0.1713,0.0000,0.0000,0.2881,0.0000,0.0000,0.1849,0.0000,0.3558
4715,1,0.9998,3,1,X,0,0.0000,0.0000,0.0000,0.6388,0.0000,0.0000,0.1185,0.0000,0.2427
4716,1,0.9917,3,1,X,1,0.0177,0.0043,0.0000,0.9593,0.0000,0.0000,0.0143,0.0000,0.0044
4717,-1,-0.8849,3,1,O,1,0.0000,0.1244,0.0000,0.5501,0.0000,0.0000,0.1264,0.0000,0.1991
4719,0,-0.2813,3,1,O,1,0.0346,0.0000,0.0000,0.8772,0.0000,0.0000,0.0439,0.0000,0.0443
4721,1,0.9465,3,1,X,0,0.0000,0.0000,0.0000,0.9716,0.0000,0.0000,0.0182,0.0000,0.0102
4723,1,0.9828,3,1,X,0,0.0000,0.0000,0.0000,0.7818,0.0000,0.0000,0.0182,0.0000,0.2000
4752,1,0.7392,2,1,X,1,0.1319,0.0523,0.5809,0.0000,0.0000,0.0000,0.0571,0.0000,0.1779
4753,0,-0.8303,8,1,O,0,0.0000,0.1161,0.1832,0.0000,0.0000,0.0000,0.1186,0.0000,0.5821
4755,1,0.3515,6,1,O,1,0.0480,0.0000,0.2555,0.0000,0.0000,0.0000,0.6315,0.0000,0.0650
4757,0,-0.2219,6,1,X,1,0.0000,0.0000,0.0277,0.0000,0.0000,0.0000,0.9288,0.0000,0.0434
4759,1,0.9629,8,1,X,0,0.0000,0.0000,0.0360,0.0000,0.0000,0.0000,0.0093,0.0000,0.9547
4761,-1,-0.9946,6,1,O,1,0.1238,0.1887,0.0000,0.0000,0.0000,0.0000,0.3482,0.0000,0.3393
4763,1,0.9410,6,1,X,0,0.0000,0.0094,0.0000,0.0000,0.0000,0.0000,0.5990,0.0000,0.3916
4766,1,0.9241,6,1,O,0,0.0000,0.0000,0.0000,0.0000,0.0000,0.0000,0.9909,0.0000,0.0091
4767,1,0.9917,8,1,X,0,0.0168,0.0000,0.0000,0.0000,0.0000,0.0000,0.2316,0.0000,0.7515
4768,-1,-0.9955,8,1,O,0,0.0000,0.0000,0.0000,0.0000,0.0000,0.0000,0.0852,0.0000,0.9148
4771,1,0.9316,8,1,X,1,0.0000,0.0187,0.0000,0.0000,0.0000,0.0000,0.0245,0.0000,0.9568
4773,0,-0.0195,6,1,X,1,0.2824,0.0000,0.0000,0.0000,0.0000,0.0000,0.3680,0.0000,0.3496
4774,0,-0.2285,8,1,O,1,0.0000,0.0000,0.0000,0.0000,0.0000,0.0000,0.0765,0.0000,0.9235
4780,0,-0.0338,1,1,X,1,0.0000,0.8840,0.0274,0.0299,0.0000,0.0000,0.0327,0.0000,0.0260
4782,1,0.6734,2,1,X,0,0.1712,0.0000,0.6998,0.0391,0.0000,0.0000,0.0390,0.0000,0.0509
4783,0,-0.1242,2,1,O,1,0.0000,0.0000,0.9471,0.0158,0.0000,0.0000,0.0186,0.0000,0.0185
4788,1,0.9274,8,1,X,1,0.0066,0.0274,0.0000,0.0059,0.0000,0.0000,0.0013,0.0000,0.9588
4789,1,0.9029,1,1,O,0,0.0000,0.9781,0.0000,0.0060,0.0000,0.0000,0.0036,0.0000,0.0123
4791,-1,-0.8358,0,1,O,0,0.5084,0.0000,0.0000,0.0716,0.0000,0.0000,0.1710,0.0000,0.2490
4793,1,0.9574,8,1,X,0,0.0000,0.0000,0.0000,0.0022,0.0000,0.0000,0.0011,0.0000,0.9967
4801,0,-0.0468,6,1,X,1,0.0000,0.0000,0.0000,0.0206,0.0000,0.0000,0.9570,0.0000,0.0224
4806,-1,-0.8763,1,1,X,0,0.0958,0.5075,0.0923,0.0000,0.0000,0.0000,0.1767,0.0000,0.1277
4807,1,0.8320,1,1,O,1,0.0000,0.9266,0.0172,0.0000,0.0000,0.0000,0.0196,0.0000,0.0366
4809,1,0.1014,8,1,O,0,0.2716,0.0000,0.3130,0.0000,0.0000,0.0000,0.1012,0.0000,0.3142
4811,0,0.1415,8,1,X,0,0.0000,0.0000,0.0852,0.0000,0.0000,0.0000,0.0417,0.0000,0.8732
4815,1,0.8920,1,1,O,0,0.0178,0.8674,0.0000,0.0000,0.0000,0.0000,0.0120,0.0000,0.1028
4817,1,0.7352,8,1,X,0,0.0000,0.0274,0.0000,0.0000,0.0000,0.0000,0.0023,0.0000,0.9703
4820,1,0.8949,8,1,O,0,0.0000,0.0000,0.0000,0.0000,0.0000,0.0000,0.0117,0.0000,0.9883
4825,1,0.9461,6,1,X,1,0.0000,0.0083,0.0000,0.0000,0.0000,0.0000,0.9901,0.0000,0.0016
4827,0,0.1967,6,1,X,0,0.0618,0.0000,0.0000,0.0000,0.0000,0.0000,0.8890,0.0000,0.0491
4828,1,0.8603,6,1,O,0,0.0000,0.0000,0.0000,0.0000,0.0000,0.0000,0.9772,0.0000,0.0228
4837,1,0.9934,2,1,X,1,0.0000,0.0000,0.9898,0.0000,0.0000,0.0000,0.0023,0.0000,0.0079
4843,1,0.9933,1,1,X,0,0.0000,0.9505,0.0000,0.0000,0.0000,0.0000,0.0006,0.0000,0.0489
4845,1,0.9986,8,1,X,0,0.4319,0.0000,0.0000,0.0000,0.0000,0.0000,0.0000,0.0000,0.5681
4864,1,0.9893,2,1,X,0,0.0000,0.0000,0.8535,0.0118,0.1248,0.0000,0.0067,0.0000,0.0031
4870,1,0.9537,1,1,X,0,0.0000,0.4571,0.0000,0.0536,0.4172,0.0000,0.0544,0.0000,0.0177
4872,1,0.9929,0,1,X,1,0.9326,0.0000,0.0000,0.0270,0.0371,0.0000,0.0024,0.0000,0.0009
4888,1,0.9918,6,1,X,0,0.0000,0.0268,0.0129,0.0000,0.1914,0.0000,0.7614,0.0000,0.0074
4890,1,0.6893,0,1,X,0,0.4828,0.0000,0.2822,0.0000,0.0863,0.0000,0.0000,0.0000,0.1486
4891,-1,-0.5046,6,1,O,0,0.0000,0.0000,0.1670,0.0000,0.1494,0.0000,0.6465,0.0000,0.0372
4896,1,0.8258,4,0,X,0,0.2538,0.1241,0.0000,0.0000,0.4361,0.0000,0.0845,0.0000,0.1015
4897,-1,-0.9463,6,1,O,0,0.0000,0.2251,0.0000,0.0000,0.1408,0.0000,0.5937,0.0000,0.0405
4899,0,-0.9291,0,1,O,0,0.4891,0.0000,0.0000,0.0000,0.1195,0.0000,0.2661,0.0000,0.1253
4901,0,0.3153,4,1,X,0,0.0000,0.0000,0.0000,0.0000,0.5251,0.0000,0.1423,0.0000,0.3326
4903,1,0.9821,6,1,X,0,0.0000,0.0000,0.0000,0.0000,0.3897,0.0000,0.5657,0.0000,0.0446
4909,1,0.9256,6,1,X,0,0.0000,0.0000,0.0000,0.0000,0.0112,0.0000,0.9838,0.0000,0.0049
4942,1,0.9790,8,1,X,1,0.0000,0.0123,0.0144,0.0068,0.0000,0.0000,0.0047,0.0000,0.9617
4944,1,0.7769,0,1,X,1,0.6399,0.0000,0.1689,0.0274,0.0000,0.0000,0.0718,0.0000,0.0920
4945,-1,-0.9560,8,1,O,1,0.0000,0.0000,0.3070,0.1870,0.0000,0.0000,0.1263,0.0000,0.3796
4950,1,0.9873,6,1,X,1,0.0133,0.0056,0.0000,0.0048,0.0000,0.0000,0.9680,0.0000,0.0083
4951,-1,-0.9979,6,1,O,0,0.0000,0.2357,0.0000,0.1049,0.0000,0.0000,0.4910,0.0000,0.1684
4953,-1,-0.8934,6,1,O,0,0.3037,0.0000,0.0000,0.0722,0.0000,0.0000,0.3870,0.0000,0.2371
4955,1,0.7927,6,1,X,0,0.0000,0.0000,0.0000,0.0922,0.0000,0.0000,0.8840,0.0000,0.0239
4957,1,0.9924,8,1,X,0,0.0000,0.0000,0.0000,0.0249,0.0000,0.0000,0.4874,0.0000,0.4877
4963,1,0.8452,8,1,X,1,0.0000,0.0000,0.0000,0.0251,0.0000,0.0000,0.0205,0.0000,0.9545
4968,1,0.8649,0,1,X,1,0.6103,0.0557,0.0848,0.0000,0.0000,0.0000,0.1929,0.0000,0.0563
4969,-1,-0.9848,6,1,O,1,0.0000,0.2286,0.1049,0.0000,0.0000,0.0000,0.3395,0.0000,0.3271
4971,1,0.5826,8,1,O,0,0.1377,0.0000,0.0930,0.0000,0.0000,0.0000,0.0573,0.0000,0.7121
4973,0,0.0161,8,1,X,1,0.0000,0.0000,0.3503,0.0000,0.0000,0.0000,0.2440,0.0000,0.4057
4975,1,0.9980,6,1,X,0,0.0000,0.0000,0.0066,0.0000,0.0000,0.0000,0.6060,0.0000,0.3874
4977,0,-0.8754,6,1,O,0,0.0565,0.0551,0.0000,0.0000,0.0000,0.0000,0.8068,0.0000,0.0816
4979,1,0.9452,6,1,X,1,0.0000,0.0210,0.0000,0.0000,0.0000,0.0000,0.9476,0.0000,0.0314
4982,0,-0.2506,6,1,O,1,0.0000,0.0000,0.0000,0.0000,0.0000,0.0000,0.9502,0.0000,0.0498
4983,1,0.9928,6,1,X,0,0.0669,0.0000,0.0000,0.0000,0.0000,0.0000,0.9135,0.0000,0.0196
4984,-1,-0.9877,6,1,O,0,0.0000,0.0000,0.0000,0.0000,0.0000,0.0000,0.9399,0.0000,0.0601
4987,1,0.9817,8,1,X,0,0.0000,0.0127,0.0000,0.0000,0.0000,0.0000,0.3919,0.0000,0.5954
4989,0,-0.0912,8,1,X,1,0.0176,0.0000,0.0000,0.0000,0.0000,0.0000,0.0236,0.0000,0.9588
4990,1,0.9210,8,1,O,0,0.0000,0.0000,0.0000,0.0000,0.0000,0.0000,0.0153,0.0000,0.9847
4999,1,0.9806,2,1,X,0,0.0000,0.0000,0.7352,0.0000,0.0000,0.0000,0.0067,0.0000,0.2580
5005,1,0.9972,1,1,X,0,0.0000,0.7063,0.0000,0.0000,0.0000,0.0000,0.1583,0.0000,0.1354
5007,1,0.9964,0,1,X,1,0.8813,0.0000,0.0000,0.0000,0.0000,0.0000,0.1121,0.0000,0.0065
5053,1,0.9980,2,1,X,0,0.0000,0.0000,0.5550,0.0000,0.0000,0.0000,0.4175,0.0000,0.0275
5059,1,0.9986,1,1,X,0,0.0000,0.8513,0.0000,0.0000,0.0000,0.0000,0.1451,0.0000,0.0037
5061,1,0.9943,0,1,X,0,0.9864,0.0000,0.0000,0.0000,0.0000,0.0000,0.0073,0.0000,0.0064
5103,1,0.8503,4,1,X,1,0.0471,0.0630,0.0195,0.0444,0.7788,0.0190,0.0000,0.0000,0.0282
5104,-1,-0.8615,3,1,O,1,0.0000,0.1885,0.1206,0.3151,0.2185,0.0906,0.0000,0.0000,0.0668
5106,0,-0.4569,2,1,O,1,0.1297,0.0000,0.3090,0.1152,0.2614,0.0879,0.0000,0.0000,0.0967
5108,0,0.3786,4,1,X,1,0.0000,0.0000,0.1057,0.0408,0.5282,0.1213,0.0000,0.0000,0.2040
5110,1,0.9942,4,1,X,1,0.0000,0.0000,0.0053,0.2377,0.7375,0.0152,0.0000,0.0000,0.0042
5112,0,-0.2782,4,1,O,0,0.0334,0.0551,0.0000,0.0781,0.7351,0.0481,0.0000,0.0000,0.0503
5114,1,0.9883,4,1,X,0,0.0000,0.0424,0.0000,0.0095,0.9012,0.0298,0.0000,0.0000,0.0171
5117,0,0.1111,4,1,O,0,0.0000,0.0000,0.0000,0.0598,0.8112,0.0503,0.0000,0.0000,0.0786
5118,1,0.9868,4,1,X,0,0.0109,0.0000,0.0000,0.0093,0.9586,0.0062,0.0000,0.0000,0.0151
5119,1,0.4247,4,1,O,0,0.0000,0.0000,0.0000,0.0988,0.8773,0.0157,0.0000,0.0000,0.0083
5122,1,0.9702,3,1,X,1,0.0000,0.0115,0.0000,0.9345,0.0271,0.0142,0.0000,0.0000,0.0128
5124,0,0.0366,0,1,X,0,0.3612,0.0000,0.0000,0.1326,0.0160,0.2606,0.0000,0.0000,0.2296
5125,0,-0.0805,3,1,O,1,0.0000,0.0000,0.0000,0.8021,0.0774,0.0429,0.0000,0.0000,0.0777
5130,-1,-0.8761,0,1,O,0,0.3086,0.1185,0.1157,0.0000,0.2834,0.0644,0.0000,0.0000,0.1095
5132,1,0.6460,4,1,X,0,0.0000,0.0883,0.0145,0.0000,0.7585,0.0413,0.0000,0.0000,0.0974
5135,0,-0.0105,4,1,O,0,0.0000,0.0000,0.1925,0.0000,0.4765,0.2223,0.0000,0.0000,0.1086
5136,1,0.9965,0,1,X,0,0.6296,0.0000,0.0039,0.0000,0.3403,0.0048,0.0000,0.0000,0.0214
5141,1,0.1406,4,1,O,0,0.0000,0.1490,0.0000,0.0000,0.7205,0.0729,0.0000,0.0000,0.0576
5145,1,0.7071,4,1,O,0,0.0184,0.0000,0.0000,0.0000,0.9454,0.0015,0.0000,0.0000,0.0347
5147,1,0.8674,4,1,X,0,0.0000,0.0000,0.0000,0.0000,0.7873,0.1610,0.0000,0.0000,0.0517
5148,1,0.9927,0,1,X,0,0.9685,0.0055,0.0000,0.0000,0.0084,0.0074,0.0000,0.0000,0.0102
5151,0,-0.0611,0,1,O,0,0.5409,0.0000,0.0000,0.0000,0.1896,0.0767,0.0000,0.0000,0.1928
5153,0,-0.0811,8,1,X,0,0.0000,0.0000,0.0000,0.0000,0.3823,0.1128,0.0000,0.0000,0.5049
5158,1,0.6149,4,1,X,1,0.0000,0.0749,0.0496,0.0000,0.7006,0.1310,0.0000,0.0000,0.0440
5160,1,0.0921,4,0,X,1,0.0987,0.0000,0.0669,0.0000,0.4957,0.1756,0.0000,0.0000,0.1632
5161,0,-0.3774,2,1,O,1,0.0000,0.0000,0.7572,0.0000,0.1211,0.0868,0.0000,0.0000,0.0349
5166,1,0.8352,4,1,X,0,0.0109,0.0170,0.0000,0.0000,0.9423,0.0154,0.0000,0.0000,0.0145
5167,-1,-0.9367,4,1,O,0,0.0000,0.2624,0.0000,0.0000,0.4531,0.2195,0.0000,0.0000,0.0650
5169,-1,-0.7086,4,1,O,0,0.3449,0.0000,0.0000,0.0000,0.4647,0.0958,0.0000,0.0000,0.0946
5171,1,0.7023,4,1,X,0,0.0000,0.0000,0.0000,0.0000,0.8694,0.0424,0.0000,0.0000,0.0882
5173,1,0.9306,4,1,X,0,0.0000,0.0000,0.0000,0.0000,0.9702,0.0185,0.0000,0.0000,0.0112
5179,0,-0.0953,4,1,X,1,0.0000,0.0000,0.0000,0.0000,0.4752,0.3400,0.0000,0.0000,0.1848
5184,-1,-0.9577,2,1,O,1,0.1322,0.1218,0.4167,0.1239,0.0000,0.0908,0.0000,0.0000,0.1145
5186,1,0.9790,2,1,X,1,0.0000,0.0081,0.9477,0.0226,0.0000,0.0138,0.0000,0.0000,0.0078
5189,0,-0.1739,2,1,O,1,0.0000,0.0000,0.8948,0.0375,0.0000,0.0367,0.0000,0.0000,0.0310
5190,1,0.9976,2,1,X,1,0.0337,0.0000,0.9470,0.0047,0.0000,0.0049,0.0000,0.0000,0.0097
5191,-1,-0.9983,8,1,O,1,0.0000,0.0000,0.2795,0.2243,0.0000,0.1413,0.0000,0.0000,0.3549
5202,1,0.8875,0,1,X,1,0.4797,0.0216,0.0000,0.4193,0.0000,0.0218,0.0000,0.0000,0.0576
5203,-1,-0.9889,8,1,O,1,0.0000,0.2104,0.0000,0.2571,0.0000,0.1601,0.0000,0.0000,0.3724
5205,0,-0.0483,8,1,O,1,0.2506,0.0000,0.0000,0.1584,0.0000,0.2224,0.0000,0.0000,0.3686
5207,0,0.0347,8,1,X,1,0.0000,0.0000,0.0000,0.3048,0.0000,0.2742,0.0000,0.0000,0.4209
5209,1,0.9931,8,1,X,1,0.0000,0.0000,0.0000,0.4675,0.0000,0.0199,0.0000,0.0000,0.5126
5213,-1,-0.9746,5,1,O,0,0.0000,0.2827,0.2671,0.0000,0.0000,0.3025,0.0000,0.0000,0.1478
5217,-1,-0.9960,0,1,O,1,0.3222,0.0000,0.2685,0.0000,0.0000,0.2510,0.0000,0.0000,0.1584
5219,1,0.9885,5,1,X,0,0.0000,0.0000,0.4275,0.0000,0.0000,0.5489,0.0000,0.0000,0.0237
5229,-1,-0.9734,5,1,O,1,0.2451,0.2755,0.0000,0.0000,0.0000,0.3045,0.0000,0.0000,0.1749
5231,1,0.9730,5,1,X,1,0.0000,0.0306,0.0000,0.0000,0.0000,0.9605,0.0000,0.0000,0.0090
5234,0,-0.0619,5,1,O,1,0.0000,0.0000,0.0000,0.0000,0.0000,0.9664,0.0000,0.0000,0.0336
5235,1,0.9993,5,1,X,1,0.4568,0.0000,0.0000,0.0000,0.0000,0.5306,0.0000,0.0000,0.0126
5238,1,0.9207,2,1,X,1,0.0204,0.0059,0.9545,0.0000,0.0000,0.0050,0.0000,0.0000,0.0142
5239,-1,-0.9729,2,1,O,1,0.0000,0.2094,0.4669,0.0000,0.0000,0.1023,0.0000,0.0000,0.2214
5241,0,-0.3379,2,1,O,0,0.0370,0.0000,0.8818,0.0000,0.0000,0.0534,0.0000,0.0000,0.0278
5243,1,0.8650,2,1,X,0,0.0000,0.0000,0.9014,0.0000,0.0000,0.0365,0.0000,0.0000,0.0621
5245,1,0.9815,2,1,X,0,0.0000,0.0000,0.5704,0.0000,0.0000,0.0230,0.0000,0.0000,0.4066
5257,1,0.8937,8,1,X,1,0.0000,0.0089,0.0000,0.0000,0.0000,0.0094,0.0000,0.0000,0.9817
5259,0,-0.0170,8,1,X,0,0.2328,0.0000,0.0000,0.0000,0.0000,0.1991,0.0000,0.0000,0.5681
5260,0,-0.1915,8,1,O,1,0.0000,0.0000,0.0000,0.0000,0.0000,0.1017,0.0000,0.0000,0.8983
5266,1,0.9291,3,1,X,1,0.0000,0.0455,0.0001,0.9435,0.0000,0.0070,0.0000,0.0000,0.0039
5268,1,0.7518,0,1,X,1,0.7603,0.0000,0.0434,0.0623,0.0000,0.0853,0.0000,0.0000,0.0487
5269,-1,-0.9693,2,1,O,1,0.0000,0.0000,0.4806,0.2957,0.0000,0.1426,0.0000,0.0000,0.0810
5274,0,-0.1448,1,1,X,1,0.0273,0.8949,0.0000,0.0258,0.0000,0.0253,0.0000,0.0000,0.0266
5275,1,0.9345,1,1,O,1,0.0000,0.9913,0.0000,0.0052,0.0000,0.0032,0.0000,0.0000,0.0002
5277,0,-0.0607,0,1,O,1,0.9187,0.0000,0.0000,0.0313,0.0000,0.0280,0.0000,0.0000,0.0220
5279,0,-0.0160,8,1,X,1,0.0000,0.0000,0.0000,0.0208,0.0000,0.0188,0.0000,0.0000,0.9604
5287,1,0.9638,3,1,X,1,0.0000,0.0000,0.0000,0.9563,0.0000,0.0215,0.0000,0.0000,0.0222
5292,1,0.9883,0,1,X,1,0.9772,0.0120,0.0044,0.0000,0.0000,0.0017,0.0000,0.0000,0.0048
5295,0,-0.2708,0,1,O,1,0.7006,0.0000,0.1378,0.0000,0.0000,0.0688,0.0000,0.0000,0.0927
5297,0,0.1032,8,1,X,0,0.0000,0.0000,0.0364,0.0000,0.0000,0.0262,0.0000,0.0000,0.9373
5301,1,0.9470,1,1,O,1,0.0132,0.9578,0.0000,0.0000,0.0000,0.0055,0.0000,0.0000,0.0234
5303,-1,-0.6453,1,1,X,0,0.0000,0.4929,0.0000,0.0000,0.0000,0.0598,0.0000,0.0000,0.4473
5306,1,0.9717,8,1,O,0,0.0000,0.0000,0.0000,0.0000,0.0000,0.0920,0.0000,0.0000,0.9080
5313,1,0.9744,0,1,X,0,0.9772,0.0000,0.0000,0.0000,0.0000,0.0043,0.0000,0.0000,0.0185
5323,1,0.9623,2,1,X,1,0.0000,0.0000,0.9305,0.0000,0.0000,0.0625,0.0000,0.0000,0.0071
5329,1,0.9766,1,1,X,0,0.0000,0.9804,0.0000,0.0000,0.0000,0.0193,0.0000,0.0000,0.0003
5331,1,0.7753,5,1,X,0,0.3492,0.0000,0.0000,0.0000,0.0000,0.6295,0.0000,0.0000,0.0213
5346,0,-0.2238,4,1,O,0,0.0473,0.0871,0.0878,0.0957,0.6185,0.0000,0.0000,0.0000,0.0636
5348,1,0.4708,4,1,X,0,0.0000,0.2662,0.0673,0.0314,0.5411,0.0000,0.0000,0.0000,0.0940
5351,0,-0.1359,4,1,O,0,0.0000,0.0000,0.0977,0.1265,0.7192,0.0000,0.0000,0.0000,0.0566
5352,1,0.8778,4,1,X,1,0.0217,0.0000,0.0203,0.0205,0.9144,0.0000,0.0000,0.0000,0.0231
5353,1,0.5170,4,1,O,0,0.0000,0.0000,0.0127,0.3632,0.6170,0.0000,0.0000,0.0000,0.0071
5357,-1,-0.4173,4,1,O,0,0.0000,0.2687,0.0000,0.1364,0.4396,0.0000,0.0000,0.0000,0.1553
5361,1,0.3209,4,1,O,0,0.0017,0.0000,0.0000,0.0637,0.8672,0.0000,0.0000,0.0000,0.0674
5363,1,0.9813,4,1,X,0,0.0000,0.0000,0.0000,0.0139,0.7075,0.0000,0.0000,0.0000,0.2786
5364,1,0.5954,4,0,X,0,0.1317,0.0948,0.0000,0.0747,0.6121,0.0000,0.0000,0.0000,0.0867
5365,0,-0.1961,3,1,O,0,0.0000,0.2294,0.0000,0.4938,0.2176,0.0000,0.0000,0.0000,0.0593
5367,0,-0.1978,4,1,O,0,0.1446,0.0000,0.0000,0.2968,0.4445,0.0000,0.0000,0.0000,0.1141
5369,0,0.1511,4,1,X,0,0.0000,0.0000,0.0000,0.0861,0.6474,0.0000,0.0000,0.0000,0.2665
5371,1,0.9862,3,1,X,0,0.0000,0.0000,0.0000,0.6434,0.3347,0.0000,0.0000,0.0000,0.0219
5375,1,0.3556,4,1,O,0,0.0000,0.2847,0.0401,0.0000,0.5803,0.0000,0.0000,0.0000,0.0950
5379,1,0.7856,4,1,O,0,0.0232,0.0000,0.0075,0.0000,0.9180,0.0000,0.0000,0.0000,0.0512
5381,1,0.7681,4,1,X,0,0.0000,0.0000,0.0328,0.0000,0.9086,0.0000,0.0000,0.0000,0.0586
5390,1,0.2642,4,1,O,0,0.0000,0.0000,0.0000,0.0000,0.9207,0.0000,0.0000,0.0000,0.0793
5391,-1,-0.2807,4,1,O,0,0.2817,0.2914,0.0000,0.0000,0.3169,0.0000,0.0000,0.0000,0.1101
5393,1,0.9115,4,1,X,0,0.0000,0.0782,0.0000,0.0000,0.8896,0.0000,0.0000,0.0000,0.0322
5396,0,0.1492,4,1,O,0,0.0000,0.0000,0.0000,0.0000,0.9194,0.0000,0.0000,0.0000,0.0806
5397,1,0.9940,4,1,X,0,0.1178,0.0000,0.0000,0.0000,0.8538,0.0000,0.0000,0.0000,0.0284
5400,1,0.4464,4,0,X,0,0.0704,0.1618,0.0332,0.0000,0.6004,0.0000,0.0000,0.0000,0.1342
5401,0,-0.2689,4,1,O,0,0.0000,0.1018,0.0502,0.0000,0.8075,0.0000,0.0000,0.0000,0.0404
5403,0,-0.8912,4,0,O,0,0.1742,0.0000,0.1624,0.0000,0.5459,0.0000,0.0000,0.0000,0.1175
5405,1,-0.0408,4,0,X,0,0.0000,0.0000,0.0489,0.0000,0.8178,0.0000,0.0000,0.0000,0.1333
5407,1,0.0094,4,1,X,0,0.0000,0.0000,0.0575,0.0000,0.8953,0.0000,0.0000,0.0000,0.0472
5409,-1,-0.6675,8,1,O,0,0.0466,0.0799,0.0000,0.0000,0.4296,0.0000,0.0000,0.0000,0.4439
5411,1,0.9951,4,1,X,0,0.0000,0.0492,0.0000,0.0000,0.5368,0.0000,0.0000,0.0000,0.4140
5414,-1,-0.9020,8,1,O,0,0.0000,0.0000,0.0000,0.0000,0.4431,0.0000,0.0000,0.0000,0.5569
5415,1,0.9352,4,1,X,0,0.0188,0.0000,0.0000,0.0000,0.7539,0.0000,0.0000,0.0000,0.2273
5416,1,0.8193,4,1,O,0,0.0000,0.0000,0.0000,0.0000,0.9791,0.0000,0.0000,0.0000,0.0209
5419,0,-0.1887,4,1,X,0,0.0000,0.3013,0.0000,0.0000,0.5423,0.0000,0.0000,0.0000,0.1564
5421,0,-0.1223,4,1,X,0,0.1259,0.0000,0.0000,0.0000,0.5859,0.0000,0.0000,0.0000,0.2882
5422,0,-0.1420,4,1,O,1,0.0000,0.0000,0.0000,0.0000,0.7175,0.0000,0.0000,0.0000,0.2825
5429,-1,-0.8795,3,1,O,0,0.0000,0.1931,0.3389,0.4122,0.0000,0.0000,0.0000,0.0000,0.0559
5433,-1,-0.9795,3,1,O,1,0.0650,0.0000,0.3081,0.5223,0.0000,0.0000,0.0000,0.0000,0.1046
5435,1,0.9877,3,1,X,1,0.0000,0.0000,0.4546,0.5269,0.0000,0.0000,0.0000,0.0000,0.0185
5445,0,-0.1927,3,1,O,0,0.0241,0.0576,0.0000,0.8883,0.0000,0.0000,0.0000,0.0000,0.0300
5447,1,0.9561,3,1,X,0,0.0000,0.0278,0.0000,0.9691,0.0000,0.0000,0.0000,0.0000,0.0031
5450,0,-0.0848,3,1,O,1,0.0000,0.0000,0.0000,0.9697,0.0000,0.0000,0.0000,0.0000,0.0303
5451,1,0.9954,3,1,X,0,0.0404,0.0000,0.0000,0.9548,0.0000,0.0000,0.0000,0.0000,0.0048
5452,-1,-0.9717,3,1,O,1,0.0000,0.0000,0.0000,0.8225,0.0000,0.0000,0.0000,0.0000,0.1775
5481,0,-0.7643,2,1,O,1,0.0477,0.0991,0.7965,0.0000,0.0000,0.0000,0.0000,0.0000,0.0567
5483,1,0.9177,2,1,X,0,0.0000,0.0426,0.8884,0.0000,0.0000,0.0000,0.0000,0.0000,0.0689
5486,0,-0.1486,2,1,O,1,0.0000,0.0000,0.9841,0.0000,0.0000,0.0000,0.0000,0.0000,0.0159
5487,1,0.9724,2,1,X,0,0.0276,0.0000,0.9111,0.0000,0.0000,0.0000,0.0000,0.0000,0.0612
5488,-1,-0.5952,2,1,O,0,0.0000,0.0000,0.5667,0.0000,0.0000,0.0000,0.0000,0.0000,0.4333
5499,0,0.0406,1,1,X,1,0.3596,0.3597,0.0000,0.0000,0.0000,0.0000,0.0000,0.0000,0.2807
5500,0,-0.2574,8,1,O,1,0.0000,0.1249,0.0000,0.0000,0.0000,0.0000,0.0000,0.0000,0.8751
5502,0,-0.0961,0,1,O,1,0.5768,0.0000,0.0000,0.0000,0.0000,0.0000,0.0000,0.0000,0.4232
5504,0,-0.0347,8,1,X,1,0.0000,0.0000,0.0000,0.0000,0.0000,0.0000,0.0000,0.0000,1.0000
5506,1,0.8635,8,1,X,1,0.0000,0.0000,0.0000,0.0000,0.0000,0.0000,0.0000,0.0000,1.0000
5508,0,-0.0730,1,1,X,1,0.0288,0.8590,0.0316,0.0354,0.0000,0.0000,0.0000,0.0000,0.0452
5509,1,0.9487,1,1,O,1,0.0000,0.9766,0.0117,0.0065,0.0000,0.0000,0.0000,0.0000,0.0052
5511,0,-0.1799,0,1,O,1,0.5304,0.0000,0.3539,0.0427,0.0000,0.0000,0.0000,0.0000,0.0730
5513,0,-0.1182,8,1,X,1,0.0000,0.0000,0.0169,0.0244,0.0000,0.0000,0.0000,0.0000,0.9587
5517,1,0.9530,1,1,O,0,0.0140,0.9418,0.0000,0.0108,0.0000,0.0000,0.0000,0.0000,0.0335
5519,1,0.8624,8,1,X,0,0.0000,0.0746,0.0000,0.0153,0.0000,0.0000,0.0000,0.0000,0.9101
5522,1,0.9100,8,1,O,1,0.0000,0.0000,0.0000,0.0633,0.0000,0.0000,0.0000,0.0000,0.9367
5527,1,0.9074,3,1,X,0,0.0000,0.0293,0.0000,0.9664,0.0000,0.0000,0.0000,0.0000,0.0043
5529,0,-0.0018,0,1,X,1,0.3952,0.0000,0.0000,0.3597,0.0000,0.0000,0.0000,0.0000,0.2451
5530,0,-0.0898,3,1,O,1,0.0000,0.0000,0.0000,0.9730,0.0000,0.0000,0.0000,0.0000,0.0270
5535,1,0.9245,1,1,O,0,0.0139,0.9706,0.0122,0.0000,0.0000,0.0000,0.0000,0.0000,0.0033
5537,-1,-0.5675,8,1,X,0,0.0000,0.4398,0.0316,0.0000,0.0000,0.0000,0.0000,0.0000,0.5286
5540,1,0.8472,8,1,O,1,0.0000,0.0000,0.0734,0.0000,0.0000,0.0000,0.0000,0.0000,0.9266
5546,1,0.9788,1,1,O,0,0.0000,0.7640,0.0000,0.0000,0.0000,0.0000,0.0000,0.0000,0.2360
5553,1,0.8605,0,1,X,0,0.9367,0.0378,0.0000,0.0000,0.0000,0.0000,0.0000,0.0000,0.0255
5556,0,-0.2121,0,1,O,1,0.9542,0.0000,0.0000,0.0000,0.0000,0.0000,0.0000,0.0000,0.0458
5558,0,0.0594,8,1,X,1,0.0000,0.0000,0.0000,0.0000,0.0000,0.0000,0.0000,0.0000,1.0000
5563,0,-0.1072,1,1,X,1,0.0000,0.9596,0.0154,0.0000,0.0000,0.0000,0.0000,0.0000,0.0250
5565,1,0.6013,2,1,X,0,0.0870,0.0000,0.8265,0.0000,0.0000,0.0000,0.0000,0.0000,0.0865
5566,0,-0.0348,2,1,O,1,0.0000,0.0000,0.9740,0.0000,0.0000,0.0000,0.0000,0.0000,0.0260
5571,1,0.8972,8,1,X,1,0.0261,0.4205,0.0000,0.0000,0.0000,0.0000,0.0000,0.0000,0.5534
5572,1,0.8925,1,1,O,1,0.0000,0.9913,0.0000,0.0000,0.0000,0.0000,0.0000,0.0000,0.0087
5574,-1,-0.9597,8,1,O,0,0.3742,0.0000,0.0000,0.0000,0.0000,0.0000,0.0000,0.0000,0.6258
5576,1,0.9307,8,1,X,1,0.0000,0.0000,0.0000,0.0000,0.0000,0.0000,0.0000,0.0000,1.0000
5584,0,-0.0374,8,1,X,1,0.0000,0.0000,0.0000,0.0000,0.0000,0.0000,0.0000,0.0000,1.0000
5590,1,0.9901,4,1,X,0,0.0000,0.0232,0.0071,0.3886,0.5767,0.0000,0.0000,0.0000,0.0043
5592,1,0.8836,4,0,X,0,0.2514,0.0000,0.0647,0.0573,0.5702,0.0000,0.0000,0.0000,0.0564
5593,-1,-0.9341,2,1,O,0,0.0000,0.0000,0.4174,0.3210,0.2078,0.0000,0.0000,0.0000,0.0537
5598,1,0.9935,4,1,X,0,0.0125,0.0086,0.0000,0.0059,0.9706,0.0000,0.0000,0.0000,0.0025
5599,-1,-0.9953,1,1,O,0,0.0000,0.4748,0.0000,0.1534,0.3436,0.0000,0.0000,0.0000,0.0281
5601,-1,-0.9656,4,1,O,0,0.2681,0.0000,0.0000,0.0390,0.5783,0.0000,0.0000,0.0000,0.1147
5603,1,0.7501,4,1,X,0,0.0000,0.0000,0.0000,0.0092,0.9664,0.0000,0.0000,0.0000,0.0244
5605,1,0.9989,4,1,X,0,0.0000,0.0000,0.0000,0.1470,0.8516,0.0000,0.0000,0.0000,0.0015
5611,1,0.9188,3,1,X,0,0.0000,0.0000,0.0000,0.6271,0.3106,0.0000,0.0000,0.0000,0.0622
5616,1,0.9968,0,1,X,0,0.9765,0.0063,0.0031,0.0000,0.0035,0.0000,0.0000,0.0000,0.0106
5619,0,-0.5005,0,1,O,0,0.5177,0.0000,0.0936,0.0000,0.2131,0.0000,0.0000,0.0000,0.1755
5621,0,-0.0742,4,1,X,0,0.0000,0.0000,0.1512,0.0000,0.5518,0.0000,0.0000,0.0000,0.2970
5625,-1,-0.9156,0,1,O,0,0.4093,0.1336,0.0000,0.0000,0.3377,0.0000,0.0000,0.0000,0.1194
5627,1,0.9662,4,1,X,0,0.0000,0.0562,0.0000,0.0000,0.8393,0.0000,0.0000,0.0000,0.1045
5630,0,0.5728,4,1,O,0,0.0000,0.0000,0.0000,0.0000,0.9583,0.0000,0.0000,0.0000,0.0417
5631,1,0.9993,4,1,X,0,0.2874,0.0000,0.0000,0.0000,0.6805,0.0000,0.0000,0.0000,0.0322
5637,1,0.9056,0,1,X,0,0.9035,0.0000,0.0000,0.0000,0.0088,0.0000,0.0000,0.0000,0.0877
5647,1,0.9881,2,1,X,0,0.0000,0.0000,0.8807,0.0000,0.1137,0.0000,0.0000,0.0000,0.0057
5653,1,0.9954,4,1,X,0,0.0000,0.1099,0.0000,0.0000,0.8900,0.0000,0.0000,0.0000,0.0000
5655,1,0.9945,4,1,X,0,0.4167,0.0000,0.0000,0.0000,0.5833,0.0000,0.0000,0.0000,0.0000
5670,1,0.9897,2,1,X,1,0.0126,0.0033,0.9752,0.0029,0.0000,0.0000,0.0000,0.0000,0.0060
5671,-1,-0.9871,2,1,O,0,0.0000,0.1971,0.4555,0.2048,0.0000,0.0000,0.0000,0.0000,0.1426
5673,0,-0.6924,2,1,O,0,0.0673,0.0000,0.7814,0.0740,0.0000,0.0000,0.0000,0.0000,0.0774
5675,1,0.9521,2,1,X,0,0.0000,0.0000,0.9617,0.0235,0.0000,0.0000,0.0000,0.0000,0.0148
5677,1,0.9965,3,1,X,0,0.0000,0.0000,0.2275,0.4639,0.0000,0.0000,0.0000,0.0000,0.3086
5689,1,0.9974,8,1,X,1,0.0000,0.0241,0.0000,0.4136,0.0000,0.0000,0.0000,0.0000,0.5622
5691,0,0.0083,8,1,X,1,0.0401,0.0000,0.0000,0.0547,0.0000,0.0000,0.0000,0.0000,0.9052
5692,1,0.9135,8,1,O,0,0.0000,0.0000,0.0000,0.0977,0.0000,0.0000,0.0000,0.0000,0.9023
5697,-1,-0.9631,8,1,O,0,0.2399,0.1479,0.2917,0.0000,0.0000,0.0000,0.0000,0.0000,0.3205
5699,1,0.8180,2,1,X,1,0.0000,0.0673,0.8814,0.0000,0.0000,0.0000,0.0000,0.0000,0.0512
5702,0,-0.1441,2,1,O,1,0.0000,0.0000,0.9512,0.0000,0.0000,0.0000,0.0000,0.0000,0.0488
5703,1,0.9988,0,1,X,1,0.8693,0.0000,0.1188,0.0000,0.0000,0.0000,0.0000,0.0000,0.0119
5715,1,0.9466,0,1,X,1,0.9289,0.0116,0.0000,0.0000,0.0000,0.0000,0.0000,0.0000,0.0595
5718,1,0.9726,8,1,O,0,0.0371,0.0000,0.0000,0.0000,0.0000,0.0000,0.0000,0.0000,0.9629
5720,0,0.0421,8,1,X,1,0.0000,0.0000,0.0000,0.0000,0.0000,0.0000,0.0000,0.0000,1.0000
5725,1,0.9938,8,1,X,1,0.0000,0.0145,0.4899,0.0000,0.0000,0.0000,0.0000,0.0000,0.4956
5727,1,0.9168,2,1,X,0,0.0126,0.0000,0.9758,0.0000,0.0000,0.0000,0.0000,0.0000,0.0116
5728,-1,-0.9755,2,1,O,0,0.0000,0.0000,0.9461,0.0000,0.0000,0.0000,0.0000,0.0000,0.0539
5746,1,0.6320,8,1,X,0,0.0000,0.0000,0.0000,0.0000,0.0000,0.0000,0.0000,0.0000,1.0000
5755,1,0.9979,2,1,X,0,0.0000,0.0000,0.5759,0.4192,0.0000,0.0000,0.0000,0.0000,0.0049
5761,1,0.9912,1,1,X,0,0.0000,0.6959,0.0000,0.3030,0.0000,0.0000,0.0000,0.0000,0.0010
5763,1,0.9661,0,1,X,0,0.8086,0.0000,0.0000,0.1824,0.0000,0.0000,0.0000,0.0000,0.0089
5781,1,0.9987,0,1,X,1,0.9968,0.0000,0.0008,0.0000,0.0000,0.0000,0.0000,0.0000,0.0024
5787,1,0.9715,0,1,X,0,0.8621,0.1242,0.0000,0.0000,0.0000,0.0000,0.0000,0.0000,0.0137
5790,0,-0.3643,0,1,O,0,0.9935,0.0000,0.0000,0.0000,0.0000,0.0000,0.0000,0.0000,0.0065
5792,0,0.2225,8,1,X,0,0.0000,0.0000,0.0000,0.0000,0.0000,0.0000,0.0000,0.0000,1.0000
5836,1,0.9470,2,1,X,1,0.0000,0.0000,0.9864,0.0025,0.0034,0.0037,0.0000,0.0000,0.0041
5842,1,0.9648,1,1,X,1,0.0000,0.9569,0.0000,0.0028,0.0108,0.0046,0.0000,0.0000,0.0250
5844,1,0.9037,0,1,X,1,0.9390,0.0000,0.0000,0.0150,0.0049,0.0059,0.0000,0.0000,0.0352
5860,-1,-0.9701,8,1,X,1,0.0000,0.1370,0.1343,0.0000,0.2082,0.0726,0.0000,0.0000,0.4478
5862,1,0.3882,8,1,X,0,0.2043,0.0000,0.2631,0.0000,0.0429,0.0833,0.0000,0.0000,0.4065
5863,1,0.9566,8,1,O,0,0.0000,0.0000,0.0295,0.0000,0.0215,0.0179,0.0000,0.0000,0.9311
5868,1,-0.2624,8,1,X,0,0.1028,0.0850,0.0000,0.0000,0.0932,0.0699,0.0000,0.0000,0.6490
5869,1,0.8796,8,1,O,1,0.0000,0.0842,0.0000,0.0000,0.0363,0.0300,0.0000,0.0000,0.8495
5871,1,0.9126,8,1,O,0,0.0399,0.0000,0.0000,0.0000,0.1034,0.0912,0.0000,0.0000,0.7655
5873,0,-0.1226,8,1,X,0,0.0000,0.0000,0.0000,0.0000,0.0593,0.0274,0.0000,0.0000,0.9133
5875,-1,-0.8390,4,1,X,1,0.0000,0.0000,0.0000,0.0000,0.4810,0.1850,0.0000,0.0000,0.3340
5881,-1,-0.7205,4,1,X,0,0.0000,0.0000,0.0000,0.0000,0.7328,0.1179,0.0000,0.0000,0.1493
5914,1,0.9338,8,1,X,1,0.0000,0.0075,0.0042,0.0041,0.0000,0.0053,0.0000,0.0000,0.9789
5916,0,-0.0773,8,1,X,1,0.0268,0.0000,0.0193,0.0246,0.0000,0.0176,0.0000,0.0000,0.9117
5917,1,0.9223,8,1,O,0,0.0000,0.0000,0.0041,0.0072,0.0000,0.0072,0.0000,0.0000,0.9815
5922,1,0.8687,8,1,X,1,0.0118,0.0132,0.0000,0.0139,0.0000,0.0084,0.0000,0.0000,0.9527
5923,1,0.6766,8,1,O,0,0.0000,0.0226,0.0000,0.0119,0.0000,0.0350,0.0000,0.0000,0.9306
5925,1,0.9367,8,1,O,0,0.0146,0.0000,0.0000,0.0117,0.0000,0.0177,0.0000,0.0000,0.9561
5927,-1,-0.9658,8,1,X,1,0.0000,0.0000,0.0000,0.3565,0.0000,0.1172,0.0000,0.0000,0.5263
5929,1,0.9750,8,1,X,0,0.0000,0.0000,0.0000,0.0048,0.0000,0.0054,0.0000,0.0000,0.9898
5935,1,0.9565,8,1,X,1,0.0000,0.0000,0.0000,0.0105,0.0000,0.0147,0.0000,0.0000,0.9747
5940,1,0.9783,5,1,X,0,0.0014,0.0189,0.0159,0.0000,0.0000,0.8927,0.0000,0.0000,0.0712
5941,1,0.7246,8,1,O,1,0.0000,0.0089,0.0026,0.0000,0.0000,0.0112,0.0000,0.0000,0.9773
5943,1,0.9370,8,1,O,1,0.0038,0.0000,0.0087,0.0000,0.0000,0.0416,0.0000,0.0000,0.9459
5945,1,0.9108,5,1,X,0,0.0000,0.0000,0.0212,0.0000,0.0000,0.8634,0.0000,0.0000,0.1154
5947,1,0.9974,8,1,X,0,0.0000,0.0000,0.0040,0.0000,0.0000,0.2211,0.0000,0.0000,0.7749
5949,1,0.3949,8,1,O,0,0.0058,0.0184,0.0000,0.0000,0.0000,0.0222,0.0000,0.0000,0.9536
5951,1,0.7602,5,1,X,1,0.0000,0.0763,0.0000,0.0000,0.0000,0.8311,0.0000,0.0000,0.0926
5954,1,0.8873,8,1,O,1,0.0000,0.0000,0.0000,0.0000,0.0000,0.0487,0.0000,0.0000,0.9513
5955,1,0.9609,5,1,X,1,0.0125,0.0000,0.0000,0.0000,0.0000,0.8818,0.0000,0.0000,0.1057
5956,1,0.5768,8,1,O,1,0.0000,0.0000,0.0000,0.0000,0.0000,0.0177,0.0000,0.0000,0.9823
5959,1,0.9965,8,1,X,1,0.0000,0.0144,0.0000,0.0000,0.0000,0.3036,0.0000,0.0000,0.6820
5961,1,0.9561,5,1,X,0,0.0000,0.0000,0.0000,0.0000,0.0000,0.7800,0.0000,0.0000,0.2200
5962,1,0.6772,8,1,O,0,0.0000,0.0000,0.0000,0.0000,0.0000,0.0348,0.0000,0.0000,0.9652
5971,1,0.9951,2,1,X,0,0.0000,0.0000,0.6288,0.0000,0.0000,0.0197,0.0000,0.0000,0.3515
5977,1,0.9857,1,1,X,1,0.0000,0.6246,0.0000,0.0000,0.0000,0.0039,0.0000,0.0000,0.3715
5979,1,0.7771,0,1,X,0,0.9572,0.0000,0.0000,0.0000,0.0000,0.0184,0.0000,0.0000,0.0244
6025,1,0.8806,2,1,X,0,0.0000,0.0000,0.9685,0.0000,0.0000,0.0078,0.0000,0.0000,0.0237
6031,1,0.9710,1,1,X,1,0.0000,0.9950,0.0000,0.0000,0.0000,0.0019,0.0000,0.0000,0.0031
6033,1,0.9310,0,1,X,1,0.9718,0.0000,0.0000,0.0000,0.0000,0.0044,0.0000,0.0000,0.0239
6076,1,-0.6317,8,1,X,1,0.0000,0.1723,0.1747,0.1425,0.2513,0.0000,0.0000,0.0000,0.2592
6078,1,-0.2033,8,1,X,0,0.1732,0.0000,0.0435,0.0844,0.2773,0.0000,0.0000,0.0000,0.4216
6079,1,0.9610,8,1,O,0,0.0000,0.0000,0.0293,0.0250,0.0489,0.0000,0.0000,0.0000,0.8968
6084,1,0.9926,8,1,X,0,0.0088,0.0052,0.0000,0.0035,0.0199,0.0000,0.0000,0.0000,0.9627
6085,1,0.8536,8,1,O,0,0.0000,0.0259,0.0000,0.0177,0.0060,0.0000,0.0000,0.0000,0.9504
6087,1,0.9886,8,1,O,0,0.0297,0.0000,0.0000,0.0140,0.0279,0.0000,0.0000,0.0000,0.9284
6089,1,-0.2933,8,1,X,0,0.0000,0.0000,0.0000,0.1317,0.0543,0.0000,0.0000,0.0000,0.8140
6091,1,0.8529,8,1,X,0,0.0000,0.0000,0.0000,0.0560,0.0952,0.0000,0.0000,0.0000,0.8488
6097,-1,-0.2836,4,1,X,0,0.0000,0.0000,0.0000,0.0518,0.8966,0.0000,0.0000,0.0000,0.0516
6102,1,0.9406,4,1,X,0,0.0000,0.0062,0.0206,0.0000,0.8589,0.0000,0.0000,0.0000,0.1143
6103,1,0.8555,8,1,O,1,0.0000,0.0333,0.0146,0.0000,0.0792,0.0000,0.0000,0.0000,0.8729
6105,1,0.9181,8,1,O,0,0.0414,0.0000,0.0171,0.0000,0.1942,0.0000,0.0000,0.0000,0.7473
6107,1,0.9198,4,1,X,0,0.0000,0.0000,0.0261,0.0000,0.8781,0.0000,0.0000,0.0000,0.0958
6109,1,0.6421,4,1,X,0,0.0000,0.0000,0.0677,0.0000,0.9062,0.0000,0.0000,0.0000,0.0261
6111,1,0.8042,8,1,O,0,0.0158,0.0197,0.0000,0.0000,0.0175,0.0000,0.0000,0.0000,0.9470
6113,1,0.9938,8,1,X,0,0.0000,0.0272,0.0000,0.0000,0.4733,0.0000,0.0000,0.0000,0.4995
6116,1,0.8473,8,1,O,0,0.0000,0.0000,0.0000,0.0000,0.2540,0.0000,0.0000,0.0000,0.7460
6117,1,0.9464,4,1,X,0,0.0075,0.0000,0.0000,0.0000,0.5635,0.0000,0.0000,0.0000,0.4290
6118,1,0.9717,4,1,O,0,0.0000,0.0000,0.0000,0.0000,0.7677,0.0000,0.0000,0.0000,0.2323
6121,1,0.9119,4,1,X,0,0.0000,0.0200,0.0000,0.0000,0.9665,0.0000,0.0000,0.0000,0.0135
6123,1,0.9238,4,1,X,0,0.0175,0.0000,0.0000,0.0000,0.9600,0.0000,0.0000,0.0000,0.0225
6124,1,0.8511,4,1,O,0,0.0000,0.0000,0.0000,0.0000,0.7534,0.0000,0.0000,0.0000,0.2466
6133,1,0.9957,2,1,X,0,0.0000,0.0000,0.5872,0.0000,0.3854,0.0000,0.0000,0.0000,0.0274
6139,1,0.9667,8,1,X,0,0.0000,0.3232,0.0000,0.0000,0.0637,0.0000,0.0000,0.0000,0.6131
6141,1,0.1798,8,1,X,0,0.2917,0.0000,0.0000,0.0000,0.1119,0.0000,0.0000,0.0000,0.5964
6156,1,0.9829,3,1,X,1,0.0188,0.0070,0.0209,0.9104,0.0000,0.0000,0.0000,0.0000,0.0429
6157,1,0.8906,8,1,O,0,0.0000,0.0056,0.0049,0.0112,0.0000,0.0000,0.0000,0.0000,0.9783
6159,1,0.9523,8,1,O,0,0.0065,0.0000,0.0106,0.0297,0.0000,0.0000,0.0000,0.0000,0.9533
6161,1,0.7168,3,1,X,0,0.0000,0.0000,0.0093,0.9476,0.0000,0.0000,0.0000,0.0000,0.0431
6163,1,0.9718,3,1,X,0,0.0000,0.0000,0.0200,0.7757,0.0000,0.0000,0.0000,0.0000,0.2043
6165,1,0.7068,8,1,O,0,0.0040,0.0121,0.0000,0.0214,0.0000,0.0000,0.0000,0.0000,0.9624
6167,1,0.9268,3,1,X,0,0.0000,0.0060,0.0000,0.7287,0.0000,0.0000,0.0000,0.0000,0.2653
6170,1,0.9878,3,1,O,0,0.0000,0.0000,0.0000,0.5612,0.0000,0.0000,0.0000,0.0000,0.4388
6171,1,0.9937,8,1,X,1,0.0119,0.0000,0.0000,0.3674,0.0000,0.0000,0.0000,0.0000,0.6207
6172,1,0.2301,8,1,O,0,0.0000,0.0000,0.0000,0.0204,0.0000,0.0000,0.0000,0.0000,0.9796
6175,1,0.9730,8,1,X,1,0.0000,0.0289,0.0000,0.3469,0.0000,0.0000,0.0000,0.0000,0.6242
6177,1,0.9530,3,1,X,1,0.0065,0.0000,0.0000,0.9723,0.0000,0.0000,0.0000,0.0000,0.0211
6178,1,0.8017,8,1,O,0,0.0000,0.0000,0.0000,0.0715,0.0000,0.0000,0.0000,0.0000,0.9285
6211,1,0.9531,8,1,X,0,0.0000,0.0565,0.0270,0.0000,0.0000,0.0000,0.0000,0.0000,0.9164
6213,-1,-0.9171,0,1,X,1,0.4497,0.0000,0.2766,0.0000,0.0000,0.0000,0.0000,0.0000,0.2738
6214,1,0.8231,8,1,O,1,0.0000,0.0000,0.0028,0.0000,0.0000,0.0000,0.0000,0.0000,0.9972
6219,1,0.8840,8,1,X,1,0.0374,0.0225,0.0000,0.0000,0.0000,0.0000,0.0000,0.0000,0.9401
6220,1,0.2955,8,1,O,0,0.0000,0.0064,0.0000,0.0000,0.0000,0.0000,0.0000,0.0000,0.9936
6222,1,0.9841,8,1,O,0,0.3673,0.0000,0.0000,0.0000,0.0000,0.0000,0.0000,0.0000,0.6327
6226,1,0.9806,8,1,X,0,0.0000,0.0000,0.0000,0.0000,0.0000,0.0000,0.0000,0.0000,1.0000
6232,1,0.9100,8,1,X,1,0.0000,0.0000,0.0000,0.0000,0.0000,0.0000,0.0000,0.0000,1.0000
6241,1,0.9956,2,1,X,1,0.0000,0.0000,0.9894,0.0032,0.0000,0.0000,0.0000,0.0000,0.0074
6247,1,0.9878,1,1,X,0,0.0000,0.9003,0.0000,0.0019,0.0000,0.0000,0.0000,0.0000,0.0979
6249,1,0.9847,0,1,X,0,0.5490,0.0000,0.0000,0.0077,0.0000,0.0000,0.0000,0.0000,0.4432
6265,-1,-0.9462,1,1,X,0,0.0000,0.4858,0.2554,0.0000,0.0000,0.0000,0.0000,0.0000,0.2589
6267,-1,-0.6855,2,1,X,0,0.1991,0.0000,0.6328,0.0000,0.0000,0.0000,0.0000,0.0000,0.1681
6268,1,0.8965,8,1,O,0,0.0000,0.0000,0.4708,0.0000,0.0000,0.0000,0.0000,0.0000,0.5292
6273,1,0.1455,8,1,X,1,0.0323,0.1388,0.0000,0.0000,0.0000,0.0000,0.0000,0.0000,0.8289
6274,1,0.8811,1,1,O,0,0.0000,0.8734,0.0000,0.0000,0.0000,0.0000,0.0000,0.0000,0.1266
6276,1,0.7278,8,1,O,0,0.0150,0.0000,0.0000,0.0000,0.0000,0.0000,0.0000,0.0000,0.9850
6278,1,0.6590,8,1,X,0,0.0000,0.0000,0.0000,0.0000,0.0000,0.0000,0.0000,0.0000,1.0000
6349,1,0.9022,2,1,X,0,0.0000,0.0000,0.9912,0.0000,0.0060,0.0000,0.0000,0.0000,0.0028
6355,1,0.6079,1,1,X,0,0.0000,0.8223,0.0000,0.0000,0.0342,0.0000,0.0000,0.0000,0.1435
6357,1,0.8354,0,1,X,0,0.8962,0.0000,0.0000,0.0000,0.0164,0.0000,0.0000,0.0000,0.0874
6403,1,0.9965,2,1,X,0,0.0000,0.0000,0.5819,0.0115,0.0000,0.0000,0.0000,0.0000,0.4067
6409,1,0.9682,1,1,X,1,0.0000,0.6471,0.0000,0.0089,0.0000,0.0000,0.0000,0.0000,0.3441
6411,1,0.9245,0,1,X,1,0.9501,0.0000,0.0000,0.0122,0.0000,0.0000,0.0000,0.0000,0.0377
6427,1,0.8977,8,1,X,1,0.0000,0.0247,0.0169,0.0000,0.0000,0.0000,0.0000,0.0000,0.9584
6429,0,-0.0404,8,1,X,1,0.0165,0.0000,0.0150,0.0000,0.0000,0.0000,0.0000,0.0000,0.9685
6430,1,0.7954,8,1,O,0,0.0000,0.0000,0.0077,0.0000,0.0000,0.0000,0.0000,0.0000,0.9923
6435,0,-0.0399,8,1,X,1,0.0517,0.0661,0.0000,0.0000,0.0000,0.0000,0.0000,0.0000,0.8822
6436,1,0.2355,8,1,O,0,0.0000,0.0418,0.0000,0.0000,0.0000,0.0000,0.0000,0.0000,0.9582
6438,1,0.8527,8,1,O,1,0.0633,0.0000,0.0000,0.0000,0.0000,0.0000,0.0000,0.0000,0.9367
6440,0,0.0049,8,1,X,1,0.0000,0.0000,0.0000,0.0000,0.0000,0.0000,0.0000,0.0000,1.0000
6442,1,0.5759,8,1,X,0,0.0000,0.0000,0.0000,0.0000,0.0000,0.0000,0.0000,0.0000,1.0000
6448,1,0.5102,8,1,X,0,0.0000,0.0000,0.0000,0.0000,0.0000,0.0000,0.0000,0.0000,1.0000
6561,0,-0.3601,4,1,O,1,0.0512,0.0406,0.0604,0.0363,0.6781,0.0344,0.0668,0.0322,0.0000
6563,1,0.6599,6,1,X,1,0.0000,0.0203,0.3720,0.0183,0.0389,0.0639,0.4410,0.0455,0.0000
6566,0,0.2265,4,1,O,0,0.0000,0.0000,0.1133,0.1428,0.2743,0.0749,0.2498,0.1449,0.0000
6567,1,0.8762,4,1,X,1,0.0125,0.0000,0.0224,0.0178,0.8558,0.0159,0.0242,0.0515,0.0000
6568,0,-0.5094,4,1,O,0,0.0000,0.0000,0.0604,0.0431,0.7394,0.0558,0.0544,0.0469,0.0000
6572,-1,-0.7884,5,1,O,1,0.0000,0.0860,0.0000,0.1259,0.1007,0.4804,0.1679,0.0390,0.0000
6576,-1,-0.9073,4,1,O,1,0.0877,0.0000,0.0000,0.1267,0.2658,0.2515,0.1468,0.1215,0.0000
6578,1,0.9869,5,1,X,1,0.0000,0.0000,0.0000,0.0025,0.0460,0.9217,0.0192,0.0106,0.0000
6579,1,0.8346,7,1,X,1,0.0269,0.0568,0.0000,0.0177,0.0901,0.0233,0.1504,0.6348,0.0000
6580,-1,-0.8095,4,1,O,1,0.0000,0.1037,0.0000,0.0734,0.6290,0.0648,0.0731,0.0561,0.0000
6582,0,-0.3007,4,1,O,1,0.1288,0.0000,0.0000,0.0719,0.4438,0.0577,0.0484,0.2494,0.0000
6584,1,0.4951,4,0,X,1,0.0000,0.0000,0.0000,0.0490,0.3577,0.1211,0.1449,0.3273,0.0000
6586,1,0.9703,4,1,X,0,0.0000,0.0000,0.0000,0.0319,0.8399,0.0440,0.0281,0.0561,0.0000
6590,0,0.0486,4,1,O,0,0.0000,0.0827,0.1832,0.0000,0.3226,0.2354,0.1183,0.0577,0.0000
6594,0,0.4974,4,1,O,1,0.0274,0.0000,0.0377,0.0000,0.7358,0.1248,0.0415,0.0327,0.0000
6596,1,-0.0149,2,1,X,1,0.0000,0.0000,0.6427,0.0000,0.0817,0.0906,0.1159,0.0691,0.0000
6605,-1,-0.1717,5,1,O,1,0.0000,0.0000,0.0000,0.0000,0.2935,0.6426,0.0511,0.0127,0.0000
6606,0,-0.2625,4,0,O,1,0.2256,0.2057,0.0000,0.0000,0.2355,0.0947,0.1070,0.1315,0.0000
6608,0,-0.5260,1,1,X,0,0.0000,0.6143,0.0000,0.0000,0.1137,0.1325,0.0363,0.1032,0.0000
6611,0,0.0383,4,1,O,0,0.0000,0.0000,0.0000,0.0000,0.4110,0.1163,0.2093,0.2634,0.0000
6612,1,-0.4765,4,0,X,0,0.1956,0.0000,0.0000,0.0000,0.2595,0.2594,0.1299,0.1556,0.0000
6613,-1,-0.9778,4,1,O,0,0.0000,0.0000,0.0000,0.0000,0.5917,0.1199,0.1493,0.1392,0.0000
6615,1,0.8437,4,1,X,1,0.0121,0.0183,0.0181,0.0000,0.8592,0.0491,0.0241,0.0190,0.0000
6616,0,-0.5241,4,1,O,1,0.0000,0.0440,0.0637,0.0000,0.6628,0.0804,0.0957,0.0534,0.0000
6618,0,0.0901,4,1,O,0,0.0471,0.0000,0.0316,0.0000,0.6180,0.1153,0.0429,0.1451,0.0000
6620,1,-0.5045,6,1,X,0,0.0000,0.0000,0.1453,0.0000,0.1040,0.0722,0.6171,0.0614,0.0000
6622,1,0.9808,4,1,X,0,0.0000,0.0000,0.0119,0.0000,0.9142,0.0360,0.0182,0.0197,0.0000
6624,-1,-0.7874,5,1,O,1,0.0732,0.0768,0.0000,0.0000,0.2263,0.4495,0.1069,0.0674,0.0000
6626,1,0.9780,5,1,X,1,0.0000,0.0057,0.0000,0.0000,0.0190,0.9297,0.0428,0.0029,0.0000
6629,1,0.9857,6,1,O,0,0.0000,0.0000,0.0000,0.0000,0.0105,0.0245,0.9595,0.0056,0.0000
6630,1,0.9831,5,1,X,0,0.0101,0.0000,0.0000,0.0000,0.4177,0.5461,0.0012,0.0249,0.0000
6631,-1,-0.9426,4,1,O,0,0.0000,0.0000,0.0000,0.0000,0.5705,0.3034,0.0502,0.0759,0.0000
6634,1,0.9444,4,1,X,0,0.0000,0.0236,0.0000,0.0000,0.8914,0.0236,0.0136,0.0479,0.0000
6636,1,0.6466,4,1,X,0,0.0653,0.0000,0.0000,0.0000,0.6107,0.0740,0.0598,0.1902,0.0000
6637,1,0.0051,4,1,O,0,0.0000,0.0000,0.0000,0.0000,0.6746,0.1274,0.1008,0.0973,0.0000
6644,0,-0.1604,2,1,O,1,0.0000,0.0809,0.3755,0.0475,0.0000,0.0733,0.3650,0.0578,0.0000
6648,-1,-0.9703,0,1,O,1,0.3877,0.0000,0.1848,0.1113,0.0000,0.0963,0.1281,0.0917,0.0000
6650,1,0.7488,2,1,X,1,0.0000,0.0000,0.9445,0.0118,0.0000,0.0196,0.0106,0.0136,0.0000
6659,-1,-0.9925,6,1,O,1,0.0000,0.0000,0.0000,0.1955,0.0000,0.2500,0.4263,0.1281,0.0000
6660,0,-0.2027,0,1,O,1,0.8197,0.0448,0.0000,0.0326,0.0000,0.0284,0.0394,0.0351,0.0000
6662,0,-0.0931,1,1,X,1,0.0000,0.8667,0.0000,0.0317,0.0000,0.0426,0.0340,0.0251,0.0000
6665,0,-0.0549,7,1,O,1,0.0000,0.0000,0.0000,0.0139,0.0000,0.0237,0.0214,0.9410,0.0000
6666,1,0.9653,0,1,X,1,0.9768,0.0000,0.0000,0.0091,0.0000,0.0049,0.0053,0.0039,0.0000
6677,1,0.6306,2,1,O,0,0.0000,0.0000,0.9032,0.0000,0.0000,0.0484,0.0167,0.0316,0.0000
6689,1,0.9252,1,1,O,1,0.0000,0.9538,0.0000,0.0000,0.0000,0.0334,0.0093,0.0036,0.0000
6693,1,0.8491,0,1,O,0,0.9684,0.0000,0.0000,0.0000,0.0000,0.0225,0.0006,0.0085,0.0000
6696,-1,-0.9892,0,1,O,1,0.3712,0.1190,0.1372,0.0000,0.0000,0.1156,0.1600,0.0970,0.0000
6698,1,0.6371,6,1,X,1,0.0000,0.0156,0.0114,0.0000,0.0000,0.0206,0.9404,0.0120,0.0000
6701,1,0.6231,6,1,O,1,0.0000,0.0000,0.0125,0.0000,0.0000,0.0357,0.9125,0.0393,0.0000
6702,1,0.9670,0,1,X,1,0.9703,0.0000,0.0144,0.0000,0.0000,0.0041,0.0055,0.0058,0.0000
6707,1,0.9420,6,1,O,0,0.0000,0.0139,0.0000,0.0000,0.0000,0.0328,0.9408,0.0125,0.0000
6711,-1,-0.9992,6,1,O,0,0.2482,0.0000,0.0000,0.0000,0.0000,0.2158,0.4428,0.0932,0.0000
6713,1,0.9876,6,1,X,1,0.0000,0.0000,0.0000,0.0000,0.0000,0.4097,0.5815,0.0088,0.0000
6714,1,0.9812,0,1,X,1,0.9508,0.0082,0.0000,0.0000,0.0000,0.0039,0.0098,0.0274,0.0000
6717,-1,-0.9607,0,1,O,0,0.3779,0.0000,0.0000,0.0000,0.0000,0.2345,0.1009,0.2867,0.0000
6719,1,0.3531,7,1,X,0,0.0000,0.0000,0.0000,0.0000,0.0000,0.0192,0.0897,0.8911,0.0000
6723,0,0.1094,6,1,X,1,0.0873,0.1082,0.1799,0.1043,0.0000,0.1726,0.1904,0.1573,0.0000
6724,0,-0.0529,5,1,O,1,0.0000,0.2031,0.0747,0.2116,0.0000,0.2361,0.0508,0.2237,0.0000
6726,0,-0.0860,0,1,O,1,0.2978,0.0000,0.2341,0.2387,0.0000,0.1433,0.0504,0.0357,0.0000
6728,0,-0.0017,6,1,X,1,0.0000,0.0000,0.2253,0.2632,0.0000,0.1348,0.3384,0.0383,0.0000
6730,0,-0.0808,7,1,X,1,0.0000,0.0000,0.0226,0.0324,0.0000,0.0294,0.0270,0.8886,0.0000
6732,0,-0.1028,5,1,O,1,0.0326,0.0374,0.0000,0.0363,0.0000,0.8279,0.0378,0.0280,0.0000
6734,1,0.9593,5,1,X,1,0.0000,0.0044,0.0000,0.0026,0.0000,0.9852,0.0064,0.0013,0.0000
6737,0,-0.0820,5,1,O,1,0.0000,0.0000,0.0000,0.0178,0.0000,0.9436,0.0226,0.0161,0.0000
6738,1,0.9838,5,1,X,1,0.0045,0.0000,0.0000,0.0018,0.0000,0.9709,0.0043,0.0184,0.0000
6739,1,0.9920,7,1,O,1,0.0000,0.0000,0.0000,0.0055,0.0000,0.0217,0.0034,0.9694,0.0000
6742,1,0.8302,6,1,X,1,0.0000,0.0098,0.0000,0.0107,0.0000,0.0125,0.9538,0.0132,0.0000
6744,0,-0.0920,6,1,X,1,0.0308,0.0000,0.0000,0.0296,0.0000,0.0267,0.8868,0.0261,0.0000
6745,1,0.9446,6,1,O,1,0.0000,0.0000,0.0000,0.0139,0.0000,0.0117,0.9612,0.0133,0.0000
6750,0,-0.1467,0,1,O,1,0.2860,0.2391,0.0494,0.0000,0.0000,0.0387,0.2306,0.1562,0.0000
6752,0,0.0476,1,1,X,1,0.0000,0.2917,0.2781,0.0000,0.0000,0.0429,0.2244,0.1628,0.0000
6755,0,-0.0785,2,1,O,1,0.0000,0.0000,0.4188,0.0000,0.0000,0.1691,0.2742,0.1379,0.0000
6756,0,-0.0836,7,1,X,1,0.0420,0.0000,0.0287,0.0000,0.0000,0.0482,0.0378,0.8433,0.0000
6757,1,0.9705,7,1,O,0,0.0000,0.0000,0.0109,0.0000,0.0000,0.0038,0.0231,0.9622,0.0000
6761,0,-0.1679,5,1,O,1,0.0000,0.0214,0.0000,0.0000,0.0000,0.9332,0.0226,0.0227,0.0000
6765,1,0.9782,7,1,O,0,0.0218,0.0000,0.0000,0.0000,0.0000,0.0324,0.0051,0.9407,0.0000
6767,1,0.8106,5,1,X,1,0.0000,0.0000,0.0000,0.0000,0.0000,0.9665,0.0170,0.0165,0.0000
6768,1,0.8026,6,1,X,1,0.0121,0.0118,0.0000,0.0000,0.0000,0.0123,0.9422,0.0216,0.0000
6769,1,0.8313,6,1,O,1,0.0000,0.0281,0.0000,0.0000,0.0000,0.0108,0.9537,0.0074,0.0000
6771,1,0.8030,6,1,O,1,0.0263,0.0000,0.0000,0.0000,0.0000,0.0046,0.9430,0.0262,0.0000
6773,0,-0.0788,6,1,X,1,0.0000,0.0000,0.0000,0.0000,0.0000,0.0491,0.9189,0.0320,0.0000
6775,1,0.9932,6,1,X,0,0.0000,0.0000,0.0000,0.0000,0.0000,0.0083,0.9821,0.0096,0.0000
6778,0,-0.1151,5,1,X,1,0.0000,0.0412,0.0216,0.0000,0.0000,0.8711,0.0372,0.0288,0.0000
6780,0,-0.0510,5,1,X,1,0.0283,0.0000,0.0187,0.0000,0.0000,0.9080,0.0275,0.0175,0.0000
6781,1,0.9611,5,1,O,1,0.0000,0.0000,0.0107,0.0000,0.0000,0.9859,0.0020,0.0015,0.0000
6786,1,0.9243,5,1,X,1,0.0009,0.0018,0.0000,0.0000,0.0000,0.9955,0.0011,0.0006,0.0000
6787,1,0.9122,5,1,O,1,0.0000,0.0029,0.0000,0.0000,0.0000,0.9952,0.0008,0.0011,0.0000
6789,1,0.9299,5,1,O,0,0.0011,0.0000,0.0000,0.0000,0.0000,0.9938,0.0038,0.0013,0.0000
6791,1,0.8712,5,1,X,1,0.0000,0.0000,0.0000,0.0000,0.0000,0.9852,0.0122,0.0026,0.0000
6793,1,0.7570,5,1,X,0,0.0000,0.0000,0.0000,0.0000,0.0000,0.9659,0.0040,0.0301,0.0000
6799,-1,-0.1058,5,1,X,0,0.0000,0.0000,0.0000,0.0000,0.0000,0.6488,0.3228,0.0284,0.0000
6806,1,-0.2828,2,1,O,1,0.0000,0.0795,0.3921,0.1446,0.1744,0.0000,0.1099,0.0996,0.0000
6810,1,0.2241,2,1,O,0,0.0420,0.0000,0.5566,0.0417,0.2343,0.0000,0.0726,0.0529,0.0000
6812,1,0.9678,2,1,X,0,0.0000,0.0000,0.9627,0.0067,0.0227,0.0000,0.0052,0.0027,0.0000
6822,1,0.0628,1,1,O,1,0.0965,0.2445,0.0000,0.1558,0.2334,0.0000,0.1876,0.0821,0.0000
6824,-1,-0.0456,1,1,X,1,0.0000,0.6962,0.0000,0.0543,0.1121,0.0000,0.0962,0.0412,0.0000
6827,1,0.5627,4,0,O,1,0.0000,0.0000,0.0000,0.0721,0.4754,0.0000,0.3524,0.1001,0.0000
6828,-1,-0.7851,4,1,X,0,0.3476,0.0000,0.0000,0.0921,0.3799,0.0000,0.1148,0.0657,0.0000
6829,1,0.6529,4,1,O,0,0.0000,0.0000,0.0000,0.0377,0.9445,0.0000,0.0110,0.0069,0.0000
6839,1,0.9781,2,1,O,0,0.0000,0.0000,0.6528,0.0000,0.2573,0.0000,0.0651,0.0248,0.0000
6851,1,0.8984,1,1,O,0,0.0000,0.8220,0.0000,0.0000,0.1602,0.0000,0.0093,0.0085,0.0000
6855,1,0.7012,0,1,O,0,0.9504,0.0000,0.0000,0.0000,0.0313,0.0000,0.0012,0.0171,0.0000
6858,0,-0.7105,2,1,O,1,0.0847,0.0575,0.6406,0.0000,0.0719,0.0000,0.0766,0.0688,0.0000
6860,1,0.8799,2,1,X,0,0.0000,0.0336,0.9118,0.0000,0.0084,0.0000,0.0386,0.0076,0.0000
6863,1,0.8935,6,1,O,0,0.0000,0.0000,0.0722,0.0000,0.0478,0.0000,0.8664,0.0136,0.0000
6864,1,0.9240,2,1,X,0,0.0048,0.0000,0.9214,0.0000,0.0550,0.0000,0.0134,0.0054,0.0000
6865,-1,-0.9543,4,1,O,0,0.0000,0.0000,0.2478,0.0000,0.6560,0.0000,0.0607,0.0354,0.0000
6876,0,-0.0521,6,1,X,1,0.0845,0.1392,0.0000,0.0000,0.1403,0.0000,0.5181,0.1180,0.0000
6877,0,-0.2050,4,1,O,0,0.0000,0.0666,0.0000,0.0000,0.8320,0.0000,0.0587,0.0427,0.0000
6879,1,0.4143,4,0,O,0,0.0737,0.0000,0.0000,0.0000,0.7756,0.0000,0.0199,0.1308,0.0000
6881,0,0.0722,6,1,X,0,0.0000,0.0000,0.0000,0.0000,0.1222,0.0000,0.8183,0.0595,0.0000
6883,1,0.9458,4,1,X,0,0.0000,0.0000,0.0000,0.0000,0.9751,0.0000,0.0134,0.0115,0.0000
6893,1,0.6492,2,1,O,0,0.0000,0.0000,0.9641,0.0192,0.0000,0.0000,0.0068,0.0099,0.0000
6905,1,0.9246,1,1,O,0,0.0000,0.9574,0.0000,0.0204,0.0000,0.0000,0.0093,0.0129,0.0000
6909,1,0.6828,0,1,O,0,0.9631,0.0000,0.0000,0.0213,0.0000,0.0000,0.0090,0.0067,0.0000
6941,1,0.9056,6,1,O,1,0.0000,0.0127,0.0089,0.0000,0.0000,0.0000,0.9593,0.0191,0.0000
6945,-1,-0.9868,0,1,O,1,0.5207,0.0000,0.2259,0.0000,0.0000,0.0000,0.1462,0.1073,0.0000
6947,1,0.9235,2,1,X,1,0.0000,0.0000,0.9858,0.0000,0.0000,0.0000,0.0060,0.0082,0.0000
6957,1,-0.1474,0,1,O,0,0.7570,0.0839,0.0000,0.0000,0.0000,0.0000,0.0848,0.0743,0.0000
6959,-1,-0.8202,1,1,X,0,0.0000,0.4690,0.0000,0.0000,0.0000,0.0000,0.3897,0.1413,0.0000
6962,1,0.8772,6,1,O,0,0.0000,0.0000,0.0000,0.0000,0.0000,0.0000,0.9437,0.0563,0.0000
6963,1,0.8910,0,1,X,0,0.9740,0.0000,0.0000,0.0000,0.0000,0.0000,0.0161,0.0099,0.0000
6966,0,-0.0952,2,1,O,1,0.0252,0.0308,0.8565,0.0271,0.0000,0.0000,0.0280,0.0324,0.0000
6968,1,0.9586,2,1,X,1,0.0000,0.0131,0.9429,0.0226,0.0000,0.0000,0.0095,0.0119,0.0000
6971,0,-0.0779,2,1,O,1,0.0000,0.0000,0.9195,0.0224,0.0000,0.0000,0.0280,0.0301,0.0000
6972,1,0.9421,2,1,X,1,0.0072,0.0000,0.9467,0.0105,0.0000,0.0000,0.0049,0.0307,0.0000
6973,1,0.9834,7,1,O,1,0.0000,0.0000,0.0270,0.0032,0.0000,0.0000,0.0080,0.9618,0.0000
6984,0,-0.1156,6,1,X,1,0.0211,0.0173,0.0000,0.0168,0.0000,0.0000,0.9289,0.0159,0.0000
6985,1,0.9141,6,1,O,1,0.0000,0.0238,0.0000,0.0225,0.0000,0.0000,0.8929,0.0608,0.0000
6987,1,0.9243,6,1,O,1,0.0191,0.0000,0.0000,0.0101,0.0000,0.0000,0.9559,0.0149,0.0000
6989,0,-0.0656,6,1,X,1,0.0000,0.0000,0.0000,0.0213,0.0000,0.0000,0.9538,0.0249,0.0000
6991,-1,-0.8910,6,1,X,0,0.0000,0.0000,0.0000,0.2240,0.0000,0.0000,0.5406,0.2354,0.0000
6995,1,0.5008,2,1,O,0,0.0000,0.0605,0.8331,0.0000,0.0000,0.0000,0.0436,0.0627,0.0000
6999,1,0.9353,7,1,O,0,0.0293,0.0000,0.0535,0.0000,0.0000,0.0000,0.0302,0.8871,0.0000
7001,1,0.6814,2,1,X,0,0.0000,0.0000,0.9480,0.0000,0.0000,0.0000,0.0125,0.0396,0.0000
7011,1,0.9550,6,1,O,0,0.0091,0.0138,0.0000,0.0000,0.0000,0.0000,0.9592,0.0179,0.0000
7013,-1,-0.9627,6,1,X,0,0.0000,0.3047,0.0000,0.0000,0.0000,0.0000,0.4667,0.2286,0.0000
7016,1,0.7264,6,1,O,0,0.0000,0.0000,0.0000,0.0000,0.0000,0.0000,0.9591,0.0409,0.0000
7017,-1,-0.9367,6,1,X,0,0.2094,0.0000,0.0000,0.0000,0.0000,0.0000,0.5026,0.2880,0.0000
7018,1,0.7957,7,1,O,0,0.0000,0.0000,0.0000,0.0000,0.0000,0.0000,0.2580,0.7420,0.0000
7020,1,0.9596,2,1,X,1,0.0119,0.0018,0.9690,0.0000,0.0000,0.0000,0.0145,0.0029,0.0000
7021,0,-0.1159,2,1,O,1,0.0000,0.0256,0.9205,0.0000,0.0000,0.0000,0.0235,0.0305,0.0000
7023,0,-0.1259,2,1,O,1,0.0312,0.0000,0.9226,0.0000,0.0000,0.0000,0.0242,0.0220,0.0000
7025,1,0.8696,2,1,X,1,0.0000,0.0000,0.9636,0.0000,0.0000,0.0000,0.0239,0.0125,0.0000
7027,1,0.8973,7,1,X,0,0.0000,0.0000,0.4184,0.0000,0.0000,0.0000,0.0230,0.5586,0.0000
7039,0,-0.0997,6,1,X,1,0.0000,0.0190,0.0000,0.0000,0.0000,0.0000,0.9636,0.0175,0.0000
7041,0,-0.0913,6,1,X,1,0.0151,0.0000,0.0000,0.0000,0.0000,0.0000,0.9731,0.0118,0.0000
7042,1,0.8348,6,1,O,1,0.0000,0.0000,0.0000,0.0000,0.0000,0.0000,0.9571,0.0429,0.0000
7047,1,0.8882,4,1,X,1,0.0237,0.0201,0.0140,0.0878,0.7979,0.0000,0.0326,0.0239,0.0000
7048,0,0.1300,4,1,O,1,0.0000,0.0533,0.0455,0.0439,0.7814,0.0000,0.0464,0.0294,0.0000
7050,0,-0.0118,4,1,O,0,0.0456,0.0000,0.0772,0.0780,0.7118,0.0000,0.0340,0.0535,0.0000
7052,1,0.4451,4,0,X,0,0.0000,0.0000,0.1223,0.2197,0.3031,0.0000,0.1880,0.1669,0.0000
7054,1,0.9807,4,1,X,0,0.0000,0.0000,0.0072,0.0486,0.9125,0.0000,0.0210,0.0107,0.0000
7056,0,-0.7990,4,1,O,0,0.0093,0.0784,0.0000,0.3078,0.4715,0.0000,0.0767,0.0563,0.0000
7058,1,0.7151,6,1,X,1,0.0000,0.0277,0.0000,0.0586,0.0577,0.0000,0.8333,0.0228,0.0000
7061,1,0.4933,3,1,O,0,0.0000,0.0000,0.0000,0.4602,0.3592,0.0000,0.1448,0.0358,0.0000
7062,1,0.8441,4,1,X,0,0.0434,0.0000,0.0000,0.2052,0.6519,0.0000,0.0477,0.0518,0.0000
7063,1,-0.8586,4,1,O,0,0.0000,0.0000,0.0000,0.0373,0.9080,0.0000,0.0275,0.0271,0.0000
7066,1,0.9609,4,1,X,0,0.0000,0.0346,0.0000,0.1376,0.7465,0.0000,0.0510,0.0303,0.0000
7068,1,0.7493,4,1,X,0,0.0480,0.0000,0.0000,0.0353,0.5200,0.0000,0.0229,0.3738,0.0000
7069,1,0.8804,4,1,O,1,0.0000,0.0000,0.0000,0.0194,0.9624,0.0000,0.0124,0.0059,0.0000
7074,0,-0.4348,0,1,O,1,0.2804,0.1285,0.1073,0.0000,0.2332,0.0000,0.1562,0.0943,0.0000
7076,0,0.3362,6,1,X,1,0.0000,0.2118,0.1586,0.0000,0.1629,0.0000,0.3443,0.1224,0.0000
7079,0,-0.1191,4,1,O,1,0.0000,0.0000,0.1327,0.0000,0.5094,0.0000,0.1448,0.2131,0.0000
7080,1,0.9192,4,0,X,1,0.1227,0.0000,0.0564,0.0000,0.5283,0.0000,0.1971,0.0956,0.0000
7081,-1,-0.9496,4,1,O,0,0.0000,0.0000,0.1213,0.0000,0.7638,0.0000,0.0589,0.0559,0.0000
7085,0,-0.2257,4,1,O,1,0.0000,0.2567,0.0000,0.0000,0.2983,0.0000,0.2924,0.1526,0.0000
7089,0,0.0259,4,1,O,1,0.1529,0.0000,0.0000,0.0000,0.6851,0.0000,0.0628,0.0991,0.0000
7091,1,0.2209,4,0,X,1,0.0000,0.0000,0.0000,0.0000,0.5094,0.0000,0.3352,0.1554,0.0000
7092,1,0.9359,4,0,X,1,0.0581,0.1055,0.0000,0.0000,0.5378,0.0000,0.1354,0.1632,0.0000
7093,-1,-0.7260,4,1,O,0,0.0000,0.1124,0.0000,0.0000,0.7266,0.0000,0.0990,0.0620,0.0000
7095,-1,-0.5002,4,1,O,1,0.1795,0.0000,0.0000,0.0000,0.4539,0.0000,0.1209,0.2458,0.0000
7097,1,0.0664,4,0,X,0,0.0000,0.0000,0.0000,0.0000,0.5529,0.0000,0.3811,0.0659,0.0000
7099,1,0.9997,6,1,X,0,0.0000,0.0000,0.0000,0.0000,0.3288,0.0000,0.6512,0.0200,0.0000
7102,1,0.9773,4,1,X,0,0.0000,0.0099,0.0028,0.0000,0.9714,0.0000,0.0129,0.0031,0.0000
7104,1,0.7561,4,1,X,0,0.0392,0.0000,0.0296,0.0000,0.8370,0.0000,0.0505,0.0437,0.0000
7105,1,0.7424,4,1,O,0,0.0000,0.0000,0.0182,0.0000,0.9353,0.0000,0.0346,0.0120,0.0000
7110,1,0.8932,4,1,X,1,0.0176,0.0295,0.0000,0.0000,0.8986,0.0000,0.0364,0.0178,0.0000
7111,1,0.4970,4,1,O,0,0.0000,0.0294,0.0000,0.0000,0.8855,0.0000,0.0588,0.0263,0.0000
7113,1,0.8129,4,1,O,0,0.0163,0.0000,0.0000,0.0000,0.9544,0.0000,0.0132,0.0161,0.0000
7115,-1,-0.4839,4,1,X,0,0.0000,0.0000,0.0000,0.0000,0.5722,0.0000,0.3527,0.0751,0.0000
7117,1,0.9791,4,1,X,0,0.0000,0.0000,0.0000,0.0000,0.9560,0.0000,0.0322,0.0118,0.0000
7123,1,0.9124,4,1,X,0,0.0000,0.0000,0.0000,0.0000,0.9589,0.0000,0.0263,0.0148,0.0000
7128,-1,-0.9399,0,1,O,1,0.4737,0.1004,0.1246,0.0797,0.0000,0.0000,0.1212,0.1004,0.0000
7130,1,0.8335,7,1,X,1,0.0000,0.0316,0.0519,0.0647,0.0000,0.0000,0.3385,0.5133,0.0000
7133,0,-0.6116,7,1,O,1,0.0000,0.0000,0.0736,0.0848,0.0000,0.0000,0.0354,0.8062,0.0000
7134,1,0.9870,0,1,X,1,0.9750,0.0000,0.0058,0.0080,0.0000,0.0000,0.0089,0.0022,0.0000
7139,0,-0.1949,6,1,O,1,0.0000,0.0513,0.0000,0.0403,0.0000,0.0000,0.8650,0.0434,0.0000
7143,-1,-0.9252,6,1,O,0,0.2991,0.0000,0.0000,0.1209,0.0000,0.0000,0.4498,0.1302,0.0000
7145,1,0.9698,6,1,X,1,0.0000,0.0000,0.0000,0.0194,0.0000,0.0000,0.9617,0.0189,0.0000
7146,1,0.9935,0,1,X,1,0.9473,0.0082,0.0000,0.0150,0.0000,0.0000,0.0201,0.0093,0.0000
7149,-1,-0.7950,7,1,O,0,0.2582,0.0000,0.0000,0.1580,0.0000,0.0000,0.0509,0.5328,0.0000
7151,1,0.9917,7,1,X,0,0.0000,0.0000,0.0000,0.0040,0.0000,0.0000,0.0039,0.9921,0.0000
7157,0,-0.0209,2,1,O,1,0.0000,0.2702,0.3297,0.0000,0.0000,0.0000,0.2458,0.1543,0.0000
7161,0,-0.2044,0,1,O,1,0.8027,0.0000,0.0724,0.0000,0.0000,0.0000,0.0901,0.0348,0.0000
7163,0,-0.1553,2,1,X,1,0.0000,0.0000,0.8560,0.0000,0.0000,0.0000,0.0703,0.0737,0.0000
7172,0,-0.2051,6,1,O,1,0.0000,0.0000,0.0000,0.0000,0.0000,0.0000,0.9550,0.0450,0.0000
7173,0,-0.2110,0,1,O,1,0.9095,0.0304,0.0000,0.0000,0.0000,0.0000,0.0316,0.0285,0.0000
7175,0,-0.1276,1,1,X,1,0.0000,0.9491,0.0000,0.0000,0.0000,0.0000,0.0211,0.0298,0.0000
7178,0,-0.1144,7,1,O,1,0.0000,0.0000,0.0000,0.0000,0.0000,0.0000,0.0228,0.9772,0.0000
7179,1,0.9466,0,1,X,1,0.8858,0.0000,0.0000,0.0000,0.0000,0.0000,0.0638,0.0505,0.0000
7182,1,0.9971,0,1,X,1,0.9794,0.0039,0.0038,0.0000,0.0000,0.0000,0.0080,0.0049,0.0000
7185,-1,-0.9938,0,1,O,0,0.4642,0.0000,0.1196,0.0000,0.0000,0.0000,0.1062,0.3100,0.0000
7187,1,0.9760,7,1,X,0,0.0000,0.0000,0.0180,0.0000,0.0000,0.0000,0.0300,0.9520,0.0000
7191,-1,-0.9988,0,1,O,1,0.4212,0.1694,0.0000,0.0000,0.0000,0.0000,0.2996,0.1097,0.0000
7193,1,0.9431,6,1,X,1,0.0000,0.0065,0.0000,0.0000,0.0000,0.0000,0.9872,0.0063,0.0000
7196,1,0.8768,6,1,O,0,0.0000,0.0000,0.0000,0.0000,0.0000,0.0000,0.9802,0.0198,0.0000
7197,1,0.9988,0,1,X,0,0.5932,0.0000,0.0000,0.0000,0.0000,0.0000,0.3934,0.0134,0.0000
7203,1,0.9993,7,1,X,0,0.2185,0.0000,0.0000,0.0000,0.0000,0.0000,0.0078,0.7738,0.0000
7210,0,-0.1226,3,1,X,1,0.0000,0.0277,0.0252,0.8807,0.0000,0.0000,0.0316,0.0348,0.0000
7212,0,-0.0559,3,1,X,1,0.0338,0.0000,0.0273,0.8857,0.0000,0.0000,0.0251,0.0281,0.0000
7213,1,0.9414,3,1,O,1,0.0000,0.0000,0.0174,0.9679,0.0000,0.0000,0.0085,0.0062,0.0000
7218,0,-0.1199,3,1,X,1,0.0181,0.0178,0.0000,0.9259,0.0000,0.0000,0.0214,0.0168,0.0000
7219,1,0.9596,3,1,O,1,0.0000,0.0115,0.0000,0.9791,0.0000,0.0000,0.0053,0.0040,0.0000
7221,1,0.9466,3,1,O,1,0.0093,0.0000,0.0000,0.9811,0.0000,0.0000,0.0054,0.0042,0.0000
7223,0,-0.0403,3,1,X,1,0.0000,0.0000,0.0000,0.9706,0.0000,0.0000,0.0170,0.0124,0.0000
7225,-1,-0.8302,7,1,X,1,0.0000,0.0000,0.0000,0.2999,0.0000,0.0000,0.0467,0.6534,0.0000
7231,-1,-0.9553,6,1,X,1,0.0000,0.0000,0.0000,0.2332,0.0000,0.0000,0.5606,0.2062,0.0000
7236,1,0.8097,6,1,X,1,0.0678,0.0585,0.0354,0.0000,0.0000,0.0000,0.7630,0.0754,0.0000
7237,0,-0.1255,6,1,O,1,0.0000,0.0332,0.0238,0.0000,0.0000,0.0000,0.9125,0.0305,0.0000
7239,0,-0.2002,0,1,O,1,0.4253,0.0000,0.0782,0.0000,0.0000,0.0000,0.4134,0.0832,0.0000
7241,0,-0.0585,7,1,X,1,0.0000,0.0000,0.3231,0.0000,0.0000,0.0000,0.3127,0.3642,0.0000
7243,1,0.9902,6,1,X,1,0.0000,0.0000,0.0000,0.0000,0.0000,0.0000,0.9255,0.0745,0.0000
7245,0,-0.0555,7,1,O,1,0.1928,0.2897,0.0000,0.0000,0.0000,0.0000,0.1940,0.3235,0.0000
7247,0,-0.0549,7,1,X,1,0.0000,0.3114,0.0000,0.0000,0.0000,0.0000,0.2730,0.4156,0.0000
7250,0,-0.0541,7,1,O,1,0.0000,0.0000,0.0000,0.0000,0.0000,0.0000,0.4786,0.5214,0.0000
7251,0,-0.1134,7,1,X,1,0.0305,0.0000,0.0000,0.0000,0.0000,0.0000,0.0316,0.9378,0.0000
7252,1,0.9937,7,1,O,1,0.0000,0.0000,0.0000,0.0000,0.0000,0.0000,0.0178,0.9822,0.0000
7255,1,0.9992,6,1,X,1,0.0000,0.0027,0.0000,0.0000,0.0000,0.0000,0.9924,0.0049,0.0000
7257,1,0.5127,6,1,X,0,0.0413,0.0000,0.0000,0.0000,0.0000,0.0000,0.9162,0.0426,0.0000
7258,1,0.5062,6,1,O,0,0.0000,0.0000,0.0000,0.0000,0.0000,0.0000,0.9781,0.0219,0.0000
7292,-1,-0.8671,7,1,O,1,0.0000,0.1204,0.1340,0.1001,0.0897,0.0793,0.0000,0.4766,0.0000
7296,-1,-0.9546,7,1,O,0,0.0832,0.0000,0.1160,0.0608,0.1702,0.0930,0.0000,0.4767,0.0000
7298,1,0.9439,7,1,X,1,0.0000,0.0000,0.0507,0.0141,0.0407,0.0102,0.0000,0.8842,0.0000
7307,-1,-0.9203,4,1,O,0,0.0000,0.0000,0.0000,0.2352,0.2924,0.2267,0.0000,0.2457,0.0000
7308,-1,-0.9064,7,1,O,1,0.1684,0.1447,0.0000,0.0786,0.1198,0.0854,0.0000,0.4031,0.0000
7310,1,0.9647,7,1,X,1,0.0000,0.0370,0.0000,0.0104,0.0408,0.0194,0.0000,0.8925,0.0000
7313,0,-0.2225,7,1,O,1,0.0000,0.0000,0.0000,0.0710,0.1074,0.0601,0.0000,0.7614,0.0000
7314,1,0.9838,7,1,X,1,0.1009,0.0000,0.0000,0.0048,0.0035,0.0186,0.0000,0.8722,0.0000
7315,-1,-0.9883,4,1,O,0,0.0000,0.0000,0.0000,0.1171,0.3289,0.2278,0.0000,0.3262,0.0000
7325,1,0.9201,2,1,O,0,0.0000,0.0000,0.9232,0.0000,0.0277,0.0172,0.0000,0.0319,0.0000
7337,1,0.9699,1,1,O,0,0.0000,0.8849,0.0000,0.0000,0.0699,0.0200,0.0000,0.0251,0.0000
7341,1,0.8531,0,1,O,0,0.9724,0.0000,0.0000,0.0000,0.0087,0.0079,0.0000,0.0110,0.0000
7344,-1,-0.9740,7,1,O,1,0.0874,0.1226,0.1459,0.0000,0.1930,0.1775,0.0000,0.2736,0.0000
7346,1,0.9906,7,1,X,1,0.0000,0.0059,0.0168,0.0000,0.1440,0.0553,0.0000,0.7779,0.0000
7349,-1,-0.6491,7,1,O,0,0.0000,0.0000,0.0399,0.0000,0.2455,0.0873,0.0000,0.6273,0.0000
7350,1,0.9807,4,1,X,0,0.0411,0.0000,0.0765,0.0000,0.4372,0.0504,0.0000,0.3947,0.0000
7351,-1,-0.9742,4,1,O,0,0.0000,0.0000,0.0622,0.0000,0.4523,0.2222,0.0000,0.2633,0.0000
7355,-1,-0.9873,5,1,O,0,0.0000,0.1268,0.0000,0.0000,0.2359,0.3510,0.0000,0.2863,0.0000
7359,-1,-0.9955,7,1,O,0,0.0313,0.0000,0.0000,0.0000,0.1918,0.2218,0.0000,0.5551,0.0000
7361,1,0.9975,4,1,X,0,0.0000,0.0000,0.0000,0.0000,0.3759,0.2829,0.0000,0.3412,0.0000
7362,1,0.9959,7,1,X,1,0.0080,0.0070,0.0000,0.0000,0.0833,0.0134,0.0000,0.8883,0.0000
7363,-1,-0.9462,4,1,O,1,0.0000,0.2786,0.0000,0.0000,0.2798,0.2548,0.0000,0.1867,0.0000
7365,0,-0.3049,7,1,O,0,0.0397,0.0000,0.0000,0.0000,0.1586,0.0629,0.0000,0.7388,0.0000
7367,1,0.9867,7,1,X,0,0.0000,0.0000,0.0000,0.0000,0.1559,0.0391,0.0000,0.8050,0.0000
7369,1,0.9997,4,1,X,1,0.0000,0.0000,0.0000,0.0000,0.6009,0.0800,0.0000,0.3191,0.0000
7379,1,0.7139,2,1,O,0,0.0000,0.0000,0.9617,0.0113,0.0000,0.0046,0.0000,0.0223,0.0000
7391,1,0.9718,1,1,O,1,0.0000,0.9628,0.0000,0.0122,0.0000,0.0074,0.0000,0.0177,0.0000
7395,1,0.9002,0,1,O,1,0.9671,0.0000,0.0000,0.0076,0.0000,0.0109,0.0000,0.0144,0.0000
7427,-1,-0.9885,2,1,O,1,0.0000,0.1959,0.3700,0.0000,0.0000,0.1824,0.0000,0.2518,0.0000
7431,-1,-0.9996,2,1,O,0,0.3601,0.0000,0.3608,0.0000,0.0000,0.1132,0.0000,0.1659,0.0000
7433,1,0.9920,2,1,X,1,0.0000,0.0000,0.5835,0.0000,0.0000,0.0173,0.0000,0.3992,0.0000
7443,-1,-0.9817,0,1,O,1,0.3981,0.1774,0.0000,0.0000,0.0000,0.1657,0.0000,0.2588,0.0000
7445,1,0.9275,7,1,X,1,0.0000,0.0371,0.0000,0.0000,0.0000,0.0307,0.0000,0.9323,0.0000
7448,0,-0.1819,7,1,O,0,0.0000,0.0000,0.0000,0.0000,0.0000,0.0583,0.0000,0.9417,0.0000
7449,1,0.9985,0,1,X,1,0.9275,0.0000,0.0000,0.0000,0.0000,0.0072,0.0000,0.0653,0.0000
7452,0,-0.1061,7,1,O,1,0.0291,0.0348,0.0359,0.0390,0.0000,0.0349,0.0000,0.8262,0.0000
7454,1,0.9844,7,1,X,1,0.0000,0.0061,0.0051,0.0038,0.0000,0.0064,0.0000,0.9786,0.0000
7457,0,-0.1000,7,1,O,1,0.0000,0.0000,0.0251,0.0268,0.0000,0.0288,0.0000,0.9192,0.0000
7458,1,0.9811,7,1,X,1,0.0011,0.0000,0.0019,0.0023,0.0000,0.0023,0.0000,0.9925,0.0000
7459,1,0.9765,7,1,O,1,0.0000,0.0000,0.0003,0.0036,0.0000,0.0042,0.0000,0.9919,0.0000
7463,-1,-0.9266,7,1,O,1,0.0000,0.1578,0.0000,0.1617,0.0000,0.3050,0.0000,0.3755,0.0000
7467,1,0.9907,7,1,O,0,0.0048,0.0000,0.0000,0.0007,0.0000,0.0040,0.0000,0.9905,0.0000
7469,1,0.9951,7,1,X,1,0.0000,0.0000,0.0000,0.0035,0.0000,0.1898,0.0000,0.8067,0.0000
7470,1,0.9979,7,1,X,1,0.0036,0.0050,0.0000,0.0018,0.0000,0.0059,0.0000,0.9839,0.0000
7471,-1,-0.9415,7,1,O,1,0.0000,0.1567,0.0000,0.3320,0.0000,0.1524,0.0000,0.3589,0.0000
7473,0,-0.1528,7,1,O,1,0.0305,0.0000,0.0000,0.0265,0.0000,0.0358,0.0000,0.9072,0.0000
7475,1,0.9642,7,1,X,1,0.0000,0.0000,0.0000,0.0105,0.0000,0.0161,0.0000,0.9734,0.0000
7477,1,0.9981,7,1,X,0,0.0000,0.0000,0.0000,0.1786,0.0000,0.0027,0.0000,0.8187,0.0000
7481,0,-0.0858,7,1,O,1,0.0000,0.0205,0.0153,0.0000,0.0000,0.0168,0.0000,0.9474,0.0000
7485,1,0.9547,7,1,O,0,0.0283,0.0000,0.0041,0.0000,0.0000,0.0055,0.0000,0.9621,0.0000
7487,1,0.7563,7,1,X,1,0.0000,0.0000,0.0079,0.0000,0.0000,0.0063,0.0000,0.9858,0.0000
7496,1,0.9730,7,1,O,0,0.0000,0.0000,0.0000,0.0000,0.0000,0.0067,0.0000,0.9933,0.0000
7497,-1,-0.9701,0,1,O,1,0.3828,0.1121,0.0000,0.0000,0.0000,0.1306,0.0000,0.3745,0.0000
7499,1,0.9518,7,1,X,1,0.0000,0.0237,0.0000,0.0000,0.0000,0.0324,0.0000,0.9439,0.0000
7502,0,-0.0833,7,1,O,1,0.0000,0.0000,0.0000,0.0000,0.0000,0.0225,0.0000,0.9775,0.0000
7503,1,0.9930,0,1,X,0,0.5038,0.0000,0.0000,0.0000,0.0000,0.0274,0.0000,0.4688,0.0000
7506,1,0.9141,7,1,X,1,0.0049,0.0072,0.0013,0.0000,0.0000,0.0616,0.0000,0.9249,0.0000
7507,1,0.8760,5,1,O,1,0.0000,0.0053,0.0031,0.0000,0.0000,0.9845,0.0000,0.0071,0.0000
7509,1,0.9698,5,1,O,0,0.0002,0.0000,0.0019,0.0000,0.0000,0.9927,0.0000,0.0053,0.0000
7511,1,0.7588,7,1,X,1,0.0000,0.0000,0.0050,0.0000,0.0000,0.0405,0.0000,0.9545,0.0000
7513,1,0.8337,7,1,X,0,0.0000,0.0000,0.0013,0.0000,0.0000,0.0059,0.0000,0.9928,0.0000
7515,1,0.9473,5,1,O,0,0.0002,0.0016,0.0000,0.0000,0.0000,0.9941,0.0000,0.0042,0.0000
7517,1,0.9969,5,1,X,0,0.0000,0.0063,0.0000,0.0000,0.0000,0.7622,0.0000,0.2314,0.0000
7520,1,0.9571,5,1,O,0,0.0000,0.0000,0.0000,0.0000,0.0000,0.9905,0.0000,0.0095,0.0000
7521,1,0.9794,7,1,X,0,0.0007,0.0000,0.0000,0.0000,0.0000,0.1640,0.0000,0.8353,0.0000
7522,1,0.9488,5,1,O,0,0.0000,0.0000,0.0000,0.0000,0.0000,0.8717,0.0000,0.1283,0.0000
7525,1,0.9429,7,1,X,1,0.0000,0.0089,0.0000,0.0000,0.0000,0.0336,0.0000,0.9574,0.0000
7527,1,0.8331,7,1,X,1,0.0065,0.0000,0.0000,0.0000,0.0000,0.0733,0.0000,0.9202,0.0000
7528,1,0.9496,5,1,O,1,0.0000,0.0000,0.0000,0.0000,0.0000,0.9770,0.0000,0.0230,0.0000
7541,1,0.9468,2,1,O,0,0.0000,0.0000,0.9370,0.0111,0.0418,0.0000,0.0000,0.0101,0.0000
7553,1,0.9319,1,1,O,0,0.0000,0.8378,0.0000,0.0260,0.0811,0.0000,0.0000,0.0551,0.0000
7557,1,0.9246,0,1,O,0,0.9541,0.0000,0.0000,0.0144,0.0172,0.0000,0.0000,0.0142,0.0000
7589,-1,-0.9886,2,1,O,0,0.0000,0.0909,0.5391,0.0000,0.0784,0.0000,0.0000,0.2916,0.0000
7593,-1,-0.9932,2,1,O,0,0.1016,0.0000,0.6244,0.0000,0.1268,0.0000,0.0000,0.1473,0.0000
7595,1,0.9594,2,1,X,0,0.0000,0.0000,0.8583,0.0000,0.0171,0.0000,0.0000,0.1246,0.0000
7605,0,-0.2916,7,1,O,1,0.0745,0.0706,0.0000,0.0000,0.0854,0.0000,0.0000,0.7695,0.0000
7607,1,0.8020,7,1,X,0,0.0000,0.2999,0.0000,0.0000,0.0471,0.0000,0.0000,0.6530,0.0000
7610,0,-0.1434,7,1,O,0,0.0000,0.0000,0.0000,0.0000,0.1509,0.0000,0.0000,0.8491,0.0000
7611,1,0.8241,7,1,X,0,0.2301,0.0000,0.0000,0.0000,0.2170,0.0000,0.0000,0.5529,0.0000
7612,-1,-0.9240,4,1,O,0,0.0000,0.0000,0.0000,0.0000,0.7973,0.0000,0.0000,0.2027,0.0000
7676,1,-0.1031,2,1,O,0,0.0000,0.0000,0.9950,0.0000,0.0000,0.0000,0.0000,0.0050,0.0000
7688,1,0.8172,1,1,O,0,0.0000,0.9460,0.0000,0.0000,0.0000,0.0000,0.0000,0.0540,0.0000
7692,1,0.6484,0,1,O,0,0.9765,0.0000,0.0000,0.0000,0.0000,0.0000,0.0000,0.0235,0.0000
7697,-1,-0.9474,7,1,O,1,0.0000,0.1581,0.3211,0.1321,0.0000,0.0000,0.0000,0.3887,0.0000
7701,1,0.9543,7,1,O,0,0.0139,0.0000,0.0084,0.0053,0.0000,0.0000,0.0000,0.9725,0.0000
7703,1,0.9867,7,1,X,0,0.0000,0.0000,0.1857,0.0208,0.0000,0.0000,0.0000,0.7935,0.0000
7713,0,-0.1106,7,1,O,1,0.0163,0.0237,0.0000,0.0185,0.0000,0.0000,0.0000,0.9414,0.0000
7715,1,0.9778,7,1,X,1,0.0000,0.0240,0.0000,0.0136,0.0000,0.0000,0.0000,0.9624,0.0000
7718,0,-0.1075,7,1,O,1,0.0000,0.0000,0.0000,0.0305,0.0000,0.0000,0.0000,0.9695,0.0000
7719,1,0.9891,7,1,X,1,0.0103,0.0000,0.0000,0.0074,0.0000,0.0000,0.0000,0.9823,0.0000
7720,1,0.9593,7,1,O,0,0.0000,0.0000,0.0000,0.0092,0.0000,0.0000,0.0000,0.9908,0.0000
7730,1,0.9685,7,1,O,0,0.0000,0.0000,0.0813,0.0000,0.0000,0.0000,0.0000,0.9187,0.0000
7742,1,0.7717,1,1,O,0,0.0000,0.9329,0.0000,0.0000,0.0000,0.0000,0.0000,0.0671,0.0000
7746,1,0.9881,0,1,O,0,0.5573,0.0000,0.0000,0.0000,0.0000,0.0000,0.0000,0.4427,0.0000
7749,-1,-0.9654,2,1,O,1,0.0723,0.1566,0.4853,0.0000,0.0000,0.0000,0.0000,0.2858,0.0000
7751,1,0.9968,7,1,X,1,0.0000,0.0144,0.1911,0.0000,0.0000,0.0000,0.0000,0.7945,0.0000
7754,-1,-0.8808,2,1,O,0,0.0000,0.0000,0.5534,0.0000,0.0000,0.0000,0.0000,0.4466,0.0000
7755,1,0.9845,7,1,X,1,0.0027,0.0000,0.1194,0.0000,0.0000,0.0000,0.0000,0.8780,0.0000
7756,1,0.9499,7,1,O,1,0.0000,0.0000,0.0069,0.0000,0.0000,0.0000,0.0000,0.9931,0.0000
7767,1,0.9839,7,1,X,1,0.0157,0.0140,0.0000,0.0000,0.0000,0.0000,0.0000,0.9703,0.0000
7768,0,-0.0685,7,1,O,1,0.0000,0.0292,0.0000,0.0000,0.0000,0.0000,0.0000,0.9708,0.0000
7770,0,-0.1302,7,1,O,1,0.0325,0.0000,0.0000,0.0000,0.0000,0.0000,0.0000,0.9675,0.0000
7772,1,0.9863,7,1,X,1,0.0000,0.0000,0.0000,0.0000,0.0000,0.0000,0.0000,1.0000,0.0000
7774,1,0.9526,7,1,X,1,0.0000,0.0000,0.0000,0.0000,0.0000,0.0000,0.0000,1.0000,0.0000
7776,-1,-0.9341,7,1,O,1,0.1160,0.1441,0.1042,0.1469,0.1911,0.0000,0.0000,0.2977,0.0000
7778,1,0.9919,7,1,X,1,0.0000,0.0118,0.0089,0.0182,0.0643,0.0000,0.0000,0.8967,0.0000
7781,0,-0.4773,4,0,O,0,0.0000,0.0000,0.0849,0.1745,0.4206,0.0000,0.0000,0.3200,0.0000
7782,1,0.9879,7,1,X,0,0.0516,0.0000,0.0114,0.0880,0.4221,0.0000,0.0000,0.4269,0.0000
7783,-1,-0.9987,4,1,O,0,0.0000,0.0000,0.0784,0.0986,0.5854,0.0000,0.0000,0.2376,0.0000
7787,-1,-0.9562,4,1,O,1,0.0000,0.2194,0.0000,0.2329,0.3000,0.0000,0.0000,0.2476,0.0000
7791,-1,-0.9654,4,1,O,0,0.0524,0.0000,0.0000,0.0786,0.5835,0.0000,0.0000,0.2856,0.0000
7793,1,0.9959,4,1,X,1,0.0000,0.0000,0.0000,0.0842,0.4665,0.0000,0.0000,0.4493,0.0000
7794,1,0.9936,7,1,X,1,0.0088,0.0113,0.0000,0.0147,0.0012,0.0000,0.0000,0.9640,0.0000
7795,-1,-0.9955,7,1,O,0,0.0000,0.2779,0.0000,0.2057,0.2366,0.0000,0.0000,0.2797,0.0000
7797,-1,-0.4593,7,1,O,0,0.1243,0.0000,0.0000,0.1200,0.3210,0.0000,0.0000,0.4348,0.0000
7799,1,0.9939,7,1,X,0,0.0000,0.0000,0.0000,0.0165,0.1475,0.0000,0.0000,0.8360,0.0000
7801,1,0.9999,4,1,X,0,0.0000,0.0000,0.0000,0.3765,0.4467,0.0000,0.0000,0.1768,0.0000
7805,0,-0.2176,7,1,O,0,0.0000,0.1056,0.0855,0.0000,0.1347,0.0000,0.0000,0.6742,0.0000
7809,-1,-0.9854,0,1,O,1,0.5081,0.0000,0.1641,0.0000,0.2101,0.0000,0.0000,0.1176,0.0000
7811,1,0.6754,7,1,X,0,0.0000,0.0000,0.3406,0.0000,0.2674,0.0000,0.0000,0.3920,0.0000
7820,-1,-0.9278,4,1,O,0,0.0000,0.0000,0.0000,0.0000,0.6664,0.0000,0.0000,0.3336,0.0000
7821,-1,-0.9651,0,1,O,0,0.5441,0.1343,0.0000,0.0000,0.0796,0.0000,0.0000,0.2420,0.0000
7823,1,0.7720,7,1,X,0,0.0000,0.0919,0.0000,0.0000,0.0608,0.0000,0.0000,0.8473,0.0000
7826,0,-0.1473,7,1,O,0,0.0000,0.0000,0.0000,0.0000,0.2129,0.0000,0.0000,0.7871,0.0000
7827,1,0.9857,0,1,X,0,0.9121,0.0000,0.0000,0.0000,0.0083,0.0000,0.0000,0.0796,0.0000
7830,1,0.9892,4,1,X,1,0.0153,0.0326,0.0107,0.0000,0.8458,0.0000,0.0000,0.0957,0.0000
7831,1,0.7809,4,1,O,0,0.0000,0.0253,0.0047,0.0000,0.9527,0.0000,0.0000,0.0173,0.0000
7833,1,0.8236,4,1,O,0,0.0000,0.0000,0.0041,0.0000,0.9709,0.0000,0.0000,0.0249,0.0000
7835,1,0.9504,7,1,X,0,0.0000,0.0000,0.0336,0.0000,0.1827,0.0000,0.0000,0.7837,0.0000
7837,1,0.9975,4,1,X,0,0.0000,0.0000,0.0051,0.0000,0.9602,0.0000,0.0000,0.0347,0.0000
7839,1,0.0795,4,1,O,0,0.0000,0.0515,0.0000,0.0000,0.8943,0.0000,0.0000,0.0542,0.0000
7841,1,0.9960,4,1,X,1,0.0000,0.0283,0.0000,0.0000,0.7287,0.0000,0.0000,0.2430,0.0000
7844,1,0.9062,4,1,O,0,0.0000,0.0000,0.0000,0.0000,0.9825,0.0000,0.0000,0.0175,0.0000
7845,1,0.9963,4,1,X,0,0.0116,0.0000,0.0000,0.0000,0.9025,0.0000,0.0000,0.0859,0.0000
7846,1,-0.0850,4,1,O,0,0.0000,0.0000,0.0000,0.0000,0.9862,0.0000,0.0000,0.0138,0.0000
7849,1,0.9955,4,1,X,1,0.0000,0.0104,0.0000,0.0000,0.7694,0.0000,0.0000,0.2202,0.0000
7851,1,0.9895,7,1,X,0,0.0106,0.0000,0.0000,0.0000,0.2505,0.0000,0.0000,0.7389,0.0000
7852,1,0.8678,4,1,O,0,0.0000,0.0000,0.0000,0.0000,0.9857,0.0000,0.0000,0.0143,0.0000
7859,-1,-0.9561,7,1,O,1,0.0000,0.2185,0.3155,0.1443,0.0000,0.0000,0.0000,0.3218,0.0000
7863,-1,-0.9970,0,1,O,0,0.5483,0.0000,0.1622,0.1598,0.0000,0.0000,0.0000,0.1296,0.0000
7865,1,0.9716,2,1,X,1,0.0000,0.0000,0.7395,0.0058,0.0000,0.0000,0.0000,0.2547,0.0000
7875,-1,-0.9826,0,1,O,1,0.4296,0.2175,0.0000,0.1455,0.0000,0.0000,0.0000,0.2073,0.0000
7877,1,0.9619,7,1,X,1,0.0000,0.0368,0.0000,0.0152,0.0000,0.0000,0.0000,0.9481,0.0000
7880,0,-0.5429,7,1,O,0,0.0000,0.0000,0.0000,0.1285,0.0000,0.0000,0.0000,0.8715,0.0000
7881,1,0.9999,0,1,X,1,0.9336,0.0000,0.0000,0.0079,0.0000,0.0000,0.0000,0.0585,0.0000
7892,1,0.6021,2,1,O,0,0.0000,0.0000,0.9900,0.0000,0.0000,0.0000,0.0000,0.0100,0.0000
7904,1,0.9206,1,1,O,1,0.0000,0.9800,0.0000,0.0000,0.0000,0.0000,0.0000,0.0200,0.0000
7908,1,0.5449,0,1,O,0,0.9826,0.0000,0.0000,0.0000,0.0000,0.0000,0.0000,0.0174,0.0000
7911,-1,-0.9991,2,1,O,1,0.3208,0.1445,0.3528,0.0000,0.0000,0.0000,0.0000,0.1819,0.0000
7913,1,0.9970,2,1,X,1,0.0000,0.0425,0.5814,0.0000,0.0000,0.0000,0.0000,0.3761,0.0000
7916,-1,-0.9739,7,1,O,0,0.0000,0.0000,0.2713,0.0000,0.0000,0.0000,0.0000,0.7287,0.0000
7917,1,0.9974,0,1,X,0,0.6333,0.0000,0.2710,0.0000,0.0000,0.0000,0.0000,0.0956,0.0000
7929,1,0.9986,0,1,X,0,0.4998,0.0295,0.0000,0.0000,0.0000,0.0000,0.0000,0.4707,0.0000
7932,-1,-0.9852,7,1,O,0,0.2899,0.0000,0.0000,0.0000,0.0000,0.0000,0.0000,0.7101,0.0000
7934,1,0.9994,7,1,X,0,0.0000,0.0000,0.0000,0.0000,0.0000,0.0000,0.0000,1.0000,0.0000
7938,1,0.9716,7,1,X,1,0.0056,0.0082,0.0009,0.0332,0.0000,0.0000,0.0000,0.9522,0.0000
7939,1,0.8971,3,1,O,0,0.0000,0.0013,0.0010,0.9938,0.0000,0.0000,0.0000,0.0040,0.0000
7941,1,0.9586,3,1,O,1,0.0049,0.0000,0.0030,0.9840,0.0000,0.0000,0.0000,0.0081,0.0000
7943,1,0.9479,7,1,X,0,0.0000,0.0000,0.0039,0.0127,0.0000,0.0000,0.0000,0.9834,0.0000
7945,1,0.9713,7,1,X,0,0.0000,0.0000,0.0026,0.3957,0.0000,0.0000,0.0000,0.6017,0.0000
7947,1,0.9795,3,1,O,1,0.0011,0.0014,0.0000,0.9914,0.0000,0.0000,0.0000,0.0061,0.0000
7949,1,0.9339,7,1,X,1,0.0000,0.0206,0.0000,0.0335,0.0000,0.0000,0.0000,0.9459,0.0000
7952,1,0.9608,3,1,O,0,0.0000,0.0000,0.0000,0.9756,0.0000,0.0000,0.0000,0.0244,0.0000
7953,1,0.8350,7,1,X,0,0.0023,0.0000,0.0000,0.0161,0.0000,0.0000,0.0000,0.9816,0.0000
7954,1,0.9642,7,1,O,0,0.0000,0.0000,0.0000,0.4335,0.0000,0.0000,0.0000,0.5665,0.0000
7957,1,0.9989,3,1,X,1,0.0000,0.0033,0.0000,0.8778,0.0000,0.0000,0.0000,0.1189,0.0000
7959,1,0.9900,7,1,X,1,0.0143,0.0000,0.0000,0.0242,0.0000,0.0000,0.0000,0.9615,0.0000
7960,1,0.9171,3,1,O,1,0.0000,0.0000,0.0000,0.9895,0.0000,0.0000,0.0000,0.0105,0.0000
7965,-1,-0.9750,0,1,O,1,0.5033,0.1345,0.0722,0.0000,0.0000,0.0000,0.0000,0.2901,0.0000
7967,1,0.8398,7,1,X,1,0.0000,0.0166,0.0145,0.0000,0.0000,0.0000,0.0000,0.9689,0.0000
7970,0,-0.0987,7,1,O,1,0.0000,0.0000,0.0296,0.0000,0.0000,0.0000,0.0000,0.9704,0.0000
7971,1,0.9978,7,1,X,1,0.1245,0.0000,0.0001,0.0000,0.0000,0.0000,0.0000,0.8754,0.0000
7976,0,-0.1129,7,1,O,1,0.0000,0.0334,0.0000,0.0000,0.0000,0.0000,0.0000,0.9666,0.0000
7980,1,0.9861,7,1,O,1,0.0172,0.0000,0.0000,0.0000,0.0000,0.0000,0.0000,0.9828,0.0000
7982,1,0.8780,7,1,X,1,0.0000,0.0000,0.0000,0.0000,0.0000,0.0000,0.0000,1.0000,0.0000
7983,1,0.9999,7,1,X,1,0.3262,0.0261,0.0000,0.0000,0.0000,0.0000,0.0000,0.6477,0.0000
7986,-1,-0.8565,0,1,O,0,0.5474,0.0000,0.0000,0.0000,0.0000,0.0000,0.0000,0.4526,0.0000
7988,1,0.9634,7,1,X,0,0.0000,0.0000,0.0000,0.0000,0.0000,0.0000,0.0000,1.0000,0.0000
8019,1,0.6563,5,1,X,1,0.0432,0.0299,0.1489,0.0791,0.1390,0.5406,0.0000,0.0194,0.0000
8020,-1,-0.8102,4,1,O,1,0.0000,0.0960,0.0849,0.0971,0.5759,0.0679,0.0000,0.0782,0.0000
8022,0,-0.0785,0,1,O,0,0.2603,0.0000,0.1006,0.2352,0.2146,0.1283,0.0000,0.0610,0.0000
8024,0,-0.7266,3,1,X,0,0.0000,0.0000,0.0877,0.6734,0.0936,0.0756,0.0000,0.0698,0.0000
8026,1,0.9803,4,1,X,0,0.0000,0.0000,0.0077,0.0236,0.8912,0.0460,0.0000,0.0314,0.0000
8028,-1,-0.8012,5,1,O,1,0.1668,0.0809,0.0000,0.1312,0.0983,0.4424,0.0000,0.0804,0.0000
8030,1,0.9402,5,1,X,1,0.0000,0.0078,0.0000,0.0150,0.0124,0.9562,0.0000,0.0086,0.0000
8033,1,0.9764,3,1,O,0,0.0000,0.0000,0.0000,0.8675,0.0644,0.0498,0.0000,0.0183,0.0000
8034,1,0.9784,5,1,X,1,0.0235,0.0000,0.0000,0.0041,0.0526,0.9093,0.0000,0.0105,0.0000
8035,-1,-0.9213,4,1,O,1,0.0000,0.0000,0.0000,0.2083,0.3892,0.2295,0.0000,0.1730,0.0000
8038,1,0.9784,4,1,X,0,0.0000,0.0204,0.0000,0.0194,0.9171,0.0298,0.0000,0.0133,0.0000
8040,1,0.6167,4,1,X,0,0.0663,0.0000,0.0000,0.0709,0.7463,0.0790,0.0000,0.0376,0.0000
8041,1,-0.4174,4,1,O,0,0.0000,0.0000,0.0000,0.0480,0.8681,0.0357,0.0000,0.0483,0.0000
8046,0,-0.2795,4,1,O,0,0.1049,0.0575,0.0450,0.0000,0.4744,0.2839,0.0000,0.0341,0.0000
8048,1,0.4331,5,1,X,0,0.0000,0.0694,0.1090,0.0000,0.1514,0.5810,0.0000,0.0892,0.0000
8051,0,-0.1306,4,1,O,0,0.0000,0.0000,0.1616,0.0000,0.4224,0.3200,0.0000,0.0960,0.0000
8052,1,0.6769,5,1,X,0,0.0265,0.0000,0.1070,0.0000,0.3475,0.4622,0.0000,0.0568,0.0000
8053,1,-0.0338,4,1,O,0,0.0000,0.0000,0.0456,0.0000,0.8654,0.0341,0.0000,0.0549,0.0000
8057,0,-0.0523,5,1,O,0,0.0000,0.0631,0.0000,0.0000,0.0478,0.8570,0.0000,0.0321,0.0000
8061,0,-0.4286,5,1,O,0,0.0639,0.0000,0.0000,0.0000,0.2096,0.6796,0.0000,0.0469,0.0000
8063,1,0.9510,5,1,X,0,0.0000,0.0000,0.0000,0.0000,0.0389,0.9548,0.0000,0.0063,0.0000
8064,1,0.8409,4,1,X,0,0.0641,0.0452,0.0000,0.0000,0.7808,0.0605,0.0000,0.0494,0.0000
8065,1,0.3585,4,1,O,0,0.0000,0.0800,0.0000,0.0000,0.8195,0.0715,0.0000,0.0291,0.0000
8067,1,0.5554,4,1,O,0,0.0547,0.0000,0.0000,0.0000,0.8650,0.0405,0.0000,0.0398,0.0000
8069,1,0.8863,4,1,X,0,0.0000,0.0000,0.0000,0.0000,0.8823,0.0989,0.0000,0.0188,0.0000
8071,1,0.9890,4,1,X,0,0.0000,0.0000,0.0000,0.0000,0.9901,0.0069,0.0000,0.0030,0.0000
8074,1,0.9137,4,1,X,0,0.0000,0.0821,0.0169,0.0000,0.7563,0.1154,0.0000,0.0293,0.0000
8076,1,-0.9322,0,1,X,0,0.2735,0.0000,0.2071,0.0000,0.1789,0.1248,0.0000,0.2157,0.0000
8077,-1,-0.9902,4,1,O,0,0.0000,0.0000,0.1876,0.0000,0.5284,0.1865,0.0000,0.0975,0.0000
8082,1,0.9391,5,1,X,1,0.0396,0.0098,0.0000,0.0000,0.0214,0.9204,0.0000,0.0088,0.0000
8083,-1,-0.9833,5,1,O,0,0.0000,0.2246,0.0000,0.0000,0.2986,0.3399,0.0000,0.1369,0.0000
8085,1,0.9777,0,1,O,0,0.9755,0.0000,0.0000,0.0000,0.0056,0.0134,0.0000,0.0054,0.0000
8089,1,0.9751,4,1,X,1,0.0000,0.0000,0.0000,0.0000,0.5736,0.3922,0.0000,0.0342,0.0000
8095,1,0.9910,4,1,X,0,0.0000,0.0000,0.0000,0.0000,0.9877,0.0091,0.0000,0.0032,0.0000
8100,0,-0.1820,0,1,O,1,0.8118,0.0395,0.0300,0.0417,0.0000,0.0395,0.0000,0.0375,0.0000
8102,0,-0.1535,3,1,X,1,0.0000,0.0230,0.0344,0.8766,0.0000,0.0356,0.0000,0.0305,0.0000
8105,1,0.8887,3,1,O,1,0.0000,0.0000,0.0048,0.9542,0.0000,0.0129,0.0000,0.0281,0.0000
8106,1,0.9642,0,1,X,1,0.9662,0.0000,0.0061,0.0098,0.0000,0.0151,0.0000,0.0028,0.0000
8111,1,0.9665,3,1,O,1,0.0000,0.0026,0.0000,0.9803,0.0000,0.0147,0.0000,0.0024,0.0000
8115,-1,-0.9719,0,1,O,1,0.4639,0.0000,0.0000,0.2043,0.0000,0.2320,0.0000,0.0997,0.0000
8117,1,0.9661,5,1,X,1,0.0000,0.0000,0.0000,0.0537,0.0000,0.9140,0.0000,0.0323,0.0000
8118,1,0.9842,0,1,X,1,0.9418,0.0151,0.0000,0.0225,0.0000,0.0106,0.0000,0.0100,0.0000
8121,-1,-0.8980,0,1,O,0,0.4082,0.0000,0.0000,0.1272,0.0000,0.1078,0.0000,0.3569,0.0000
8123,1,0.7861,7,1,X,1,0.0000,0.0000,0.0000,0.2262,0.0000,0.0439,0.0000,0.7299,0.0000
8129,0,-0.0808,5,1,O,1,0.0000,0.0271,0.0144,0.0000,0.0000,0.9399,0.0000,0.0186,0.0000
8133,-1,-0.9407,5,1,O,0,0.2828,0.0000,0.0417,0.0000,0.0000,0.6110,0.0000,0.0645,0.0000
8135,1,0.9379,5,1,X,0,0.0000,0.0000,0.0163,0.0000,0.0000,0.9798,0.0000,0.0039,0.0000
8144,0,-0.3864,5,1,O,0,0.0000,0.0000,0.0000,0.0000,0.0000,0.9523,0.0000,0.0477,0.0000
8145,-1,-0.9619,5,1,O,0,0.2699,0.0771,0.0000,0.0000,0.0000,0.5886,0.0000,0.0643,0.0000
8147,1,0.9464,5,1,X,0,0.0000,0.0230,0.0000,0.0000,0.0000,0.9723,0.0000,0.0047,0.0000
8150,-1,-0.8529,5,1,O,0,0.0000,0.0000,0.0000,0.0000,0.0000,0.6310,0.0000,0.3690,0.0000
8151,1,0.9995,5,1,X,0,0.1755,0.0000,0.0000,0.0000,0.0000,0.7949,0.0000,0.0295,0.0000
8154,1,0.9176,0,1,X,1,0.9854,0.0027,0.0028,0.0000,0.0000,0.0042,0.0000,0.0049,0.0000
8157,1,0.9141,0,1,O,0,0.9863,0.0000,0.0013,0.0000,0.0000,0.0075,0.0000,0.0049,0.0000
8163,1,0.8816,0,1,O,0,0.9629,0.0076,0.0000,0.0000,0.0000,0.0154,0.0000,0.0141,0.0000
8169,1,0.9973,0,1,X,1,0.8304,0.0000,0.0000,0.0000,0.0000,0.1517,0.0000,0.0179,0.0000
8175,1,0.9985,0,1,X,0,0.7899,0.0000,0.0000,0.0000,0.0000,0.0186,0.0000,0.1915,0.0000
8182,1,0.7989,2,1,X,1,0.0000,0.0251,0.9137,0.0198,0.0000,0.0254,0.0000,0.0160,0.0000
8184,1,0.7457,2,1,X,1,0.0186,0.0000,0.9195,0.0194,0.0000,0.0369,0.0000,0.0055,0.0000
8185,1,0.8843,2,1,O,0,0.0000,0.0000,0.9702,0.0120,0.0000,0.0130,0.0000,0.0048,0.0000
8190,1,0.9936,5,1,X,1,0.0078,0.0071,0.0000,0.0011,0.0000,0.9822,0.0000,0.0017,0.0000
8191,-1,-0.9058,5,1,O,1,0.0000,0.3240,0.0000,0.1406,0.0000,0.4051,0.0000,0.1303,0.0000
8193,-1,-0.9193,0,1,O,1,0.3970,0.0000,0.0000,0.1176,0.0000,0.3807,0.0000,0.1048,0.0000
8195,1,0.9714,5,1,X,1,0.0000,0.0000,0.0000,0.0273,0.0000,0.9670,0.0000,0.0057,0.0000
8197,1,0.9575,5,1,X,1,0.0000,0.0000,0.0000,0.0096,0.0000,0.9659,0.0000,0.0245,0.0000
8208,0,-0.1269,2,1,X,1,0.0340,0.0448,0.8485,0.0000,0.0000,0.0415,0.0000,0.0313,0.0000
8209,1,0.8272,2,1,O,1,0.0000,0.0819,0.8756,0.0000,0.0000,0.0180,0.0000,0.0245,0.0000
8211,1,0.7476,2,1,O,1,0.0191,0.0000,0.9579,0.0000,0.0000,0.0210,0.0000,0.0021,0.0000
8213,0,-0.0095,2,1,X,1,0.0000,0.0000,0.9505,0.0000,0.0000,0.0263,0.0000,0.0232,0.0000
8215,-1,-0.5168,2,1,X,0,0.0000,0.0000,0.7737,0.0000,0.0000,0.0357,0.0000,0.1906,0.0000
8217,0,-0.0821,5,1,O,1,0.0183,0.0246,0.0000,0.0000,0.0000,0.9343,0.0000,0.0227,0.0000
8219,1,0.9276,5,1,X,0,0.0000,0.0367,0.0000,0.0000,0.0000,0.9459,0.0000,0.0174,0.0000
8222,0,0.0145,5,1,O,1,0.0000,0.0000,0.0000,0.0000,0.0000,0.9852,0.0000,0.0148,0.0000
8223,1,0.9616,5,1,X,0,0.0071,0.0000,0.0000,0.0000,0.0000,0.9666,0.0000,0.0263,0.0000
8224,1,0.8667,7,1,O,0,0.0000,0.0000,0.0000,0.0000,0.0000,0.0532,0.0000,0.9468,0.0000
8239,1,0.8990,2,1,X,0,0.0000,0.0000,0.9682,0.0000,0.0000,0.0207,0.0000,0.0111,0.0000
8245,1,0.9914,5,1,X,1,0.0000,0.1892,0.0000,0.0000,0.0000,0.8090,0.0000,0.0019,0.0000
8247,1,0.9899,5,1,X,0,0.4621,0.0000,0.0000,0.0000,0.0000,0.5279,0.0000,0.0101,0.0000
8262,-1,-0.9545,2,1,O,1,0.1355,0.0901,0.3759,0.1795,0.1313,0.0000,0.0000,0.0877,0.0000
8264,1,0.9682,2,1,X,1,0.0000,0.0114,0.9666,0.0091,0.0100,0.0000,0.0000,0.0030,0.0000
8267,1,0.5344,3,1,O,0,0.0000,0.0000,0.0614,0.7946,0.1111,0.0000,0.0000,0.0329,0.0000
8268,1,0.9869,2,1,X,1,0.0037,0.0000,0.9106,0.0057,0.0761,0.0000,0.0000,0.0039,0.0000
8269,-1,-0.7574,4,1,O,0,0.0000,0.0000,0.1535,0.0642,0.6944,0.0000,0.0000,0.0880,0.0000
8280,1,0.8687,4,1,X,1,0.0116,0.0104,0.0000,0.0118,0.9610,0.0000,0.0000,0.0052,0.0000
8281,1,0.4966,4,1,O,0,0.0000,0.0687,0.0000,0.0311,0.8662,0.0000,0.0000,0.0341,0.0000
8283,1,0.8832,4,1,O,0,0.0559,0.0000,0.0000,0.0372,0.8554,0.0000,0.0000,0.0515,0.0000
8285,-1,-0.9434,4,1,X,1,0.0000,0.0000,0.0000,0.1502,0.7855,0.0000,0.0000,0.0643,0.0000
8287,1,0.9926,4,1,X,0,0.0000,0.0000,0.0000,0.0107,0.9863,0.0000,0.0000,0.0031,0.0000
8291,-1,-0.7979,4,1,O,0,0.0000,0.1337,0.3011,0.0000,0.4424,0.0000,0.0000,0.1228,0.0000
8295,-1,-0.9384,4,1,O,0,0.1703,0.0000,0.1924,0.0000,0.5855,0.0000,0.0000,0.0518,0.0000
8297,1,0.9865,2,1,X,0,0.0000,0.0000,0.7402,0.0000,0.2548,0.0000,0.0000,0.0050,0.0000
8307,1,0.6892,4,1,O,0,0.0373,0.0501,0.0000,0.0000,0.8645,0.0000,0.0000,0.0481,0.0000
8309,1,0.8817,4,1,X,0,0.0000,0.0572,0.0000,0.0000,0.9349,0.0000,0.0000,0.0079,0.0000
8312,1,0.6628,4,1,O,1,0.0000,0.0000,0.0000,0.0000,0.9471,0.0000,0.0000,0.0529,0.0000
8313,1,0.9322,4,1,X,0,0.0046,0.0000,0.0000,0.0000,0.9938,0.0000,0.0000,0.0016,0.0000
8314,1,0.1854,4,1,O,0,0.0000,0.0000,0.0000,0.0000,0.9598,0.0000,0.0000,0.0402,0.0000
8316,1,0.8815,2,1,X,1,0.0161,0.0047,0.9704,0.0000,0.0047,0.0000,0.0000,0.0042,0.0000
8317,-1,-0.9879,4,1,O,0,0.0000,0.0915,0.1701,0.0000,0.7000,0.0000,0.0000,0.0384,0.0000
8319,1,0.9625,0,1,O,0,0.9322,0.0000,0.0114,0.0000,0.0488,0.0000,0.0000,0.0076,0.0000
8323,1,0.9820,4,1,X,0,0.0000,0.0000,0.3821,0.0000,0.5959,0.0000,0.0000,0.0221,0.0000
8335,1,0.7154,4,1,X,0,0.0000,0.0228,0.0000,0.0000,0.9636,0.0000,0.0000,0.0137,0.0000
8337,-1,-0.8566,4,1,X,0,0.2452,0.0000,0.0000,0.0000,0.6870,0.0000,0.0000,0.0678,0.0000
8338,1,0.8797,4,1,O,0,0.0000,0.0000,0.0000,0.0000,0.9912,0.0000,0.0000,0.0088,0.0000
8345,1,0.5900,3,1,O,1,0.0000,0.0037,0.0024,0.9893,0.0000,0.0000,0.0000,0.0046,0.0000
8349,-1,-0.9791,3,1,O,1,0.3004,0.0000,0.1777,0.4166,0.0000,0.0000,0.0000,0.1053,0.0000
8351,1,0.9669,3,1,X,0,0.0000,0.0000,0.0946,0.9004,0.0000,0.0000,0.0000,0.0050,0.0000
8361,-1,-0.9699,0,1,O,1,0.3537,0.1682,0.0000,0.3537,0.0000,0.0000,0.0000,0.1244,0.0000
8363,1,0.9391,3,1,X,1,0.0000,0.0068,0.0000,0.9873,0.0000,0.0000,0.0000,0.0059,0.0000
8366,1,0.6750,3,1,O,0,0.0000,0.0000,0.0000,0.9743,0.0000,0.0000,0.0000,0.0257,0.0000
8367,1,0.9991,3,1,X,1,0.4149,0.0000,0.0000,0.5799,0.0000,0.0000,0.0000,0.0052,0.0000
8397,1,0.8625,0,1,O,1,0.9826,0.0073,0.0040,0.0000,0.0000,0.0000,0.0000,0.0061,0.0000
8403,1,0.9549,0,1,X,0,0.6084,0.0000,0.3881,0.0000,0.0000,0.0000,0.0000,0.0035,0.0000
8415,1,0.9106,0,1,X,1,0.9799,0.0095,0.0000,0.0000,0.0000,0.0000,0.0000,0.0107,0.0000
8418,1,0.9385,0,1,O,0,0.9551,0.0000,0.0000,0.0000,0.0000,0.0000,0.0000,0.0449,0.0000
8424,1,0.9675,2,1,X,1,0.0025,0.0034,0.9885,0.0031,0.0000,0.0000,0.0000,0.0025,0.0000
8425,1,0.8840,2,1,O,0,0.0000,0.0111,0.9596,0.0097,0.0000,0.0000,0.0000,0.0195,0.0000
8427,1,0.8527,2,1,O,0,0.0059,0.0000,0.9899,0.0023,0.0000,0.0000,0.0000,0.0018,0.0000
8429,1,0.9148,2,1,X,0,0.0000,0.0000,0.9727,0.0195,0.0000,0.0000,0.0000,0.0078,0.0000
8431,1,0.9545,2,1,X,0,0.0000,0.0000,0.9641,0.0243,0.0000,0.0000,0.0000,0.0116,0.0000
8451,1,0.8665,2,1,O,0,0.0029,0.0011,0.9927,0.0000,0.0000,0.0000,0.0000,0.0033,0.0000
8453,1,0.6116,2,1,X,0,0.0000,0.0378,0.9454,0.0000,0.0000,0.0000,0.0000,0.0169,0.0000
8456,1,0.5643,2,1,O,0,0.0000,0.0000,0.9860,0.0000,0.0000,0.0000,0.0000,0.0140,0.0000
8457,1,0.8354,2,1,X,0,0.0038,0.0000,0.9835,0.0000,0.0000,0.0000,0.0000,0.0127,0.0000
8458,1,0.9777,7,1,O,0,0.0000,0.0000,0.2224,0.0000,0.0000,0.0000,0.0000,0.7776,0.0000
8479,1,0.9645,2,1,X,0,0.0000,0.0056,0.9929,0.0000,0.0000,0.0000,0.0000,0.0014,0.0000
8481,1,0.9762,2,1,X,0,0.0013,0.0000,0.9983,0.0000,0.0000,0.0000,0.0000,0.0004,0.0000
8482,1,0.4089,2,1,O,0,0.0000,0.0000,0.9929,0.0000,0.0000,0.0000,0.0000,0.0071,0.0000
8506,1,0.9409,4,1,X,0,0.0000,0.0281,0.0164,0.0330,0.9168,0.0000,0.0000,0.0056,0.0000
8508,1,0.3629,4,1,X,0,0.0420,0.0000,0.1188,0.1509,0.6483,0.0000,0.0000,0.0400,0.0000
8509,-1,-0.8572,4,1,O,0,0.0000,0.0000,0.2317,0.1233,0.5807,0.0000,0.0000,0.0643,0.0000
8514,1,0.6962,0,1,X,1,0.6045,0.0556,0.0000,0.1690,0.1404,0.0000,0.0000,0.0306,0.0000
8515,-1,-0.8740,4,1,O,1,0.0000,0.2468,0.0000,0.2438,0.3615,0.0000,0.0000,0.1479,0.0000
8517,0,-0.1424,0,1,O,0,0.7832,0.0000,0.0000,0.1086,0.0623,0.0000,0.0000,0.0459,0.0000
8519,0,-0.0678,3,1,X,0,0.0000,0.0000,0.0000,0.8255,0.1221,0.0000,0.0000,0.0524,0.0000
8521,1,0.7905,4,1,X,1,0.0000,0.0000,0.0000,0.0618,0.9197,0.0000,0.0000,0.0186,0.0000
8527,1,0.9730,4,1,X,0,0.0000,0.0000,0.0000,0.0212,0.9743,0.0000,0.0000,0.0044,0.0000
8532,0,-0.0007,4,1,X,1,0.1096,0.0955,0.1771,0.0000,0.5648,0.0000,0.0000,0.0530,0.0000
8533,0,-0.1941,4,1,O,1,0.0000,0.1120,0.0474,0.0000,0.7912,0.0000,0.0000,0.0493,0.0000
8535,0,-0.0029,4,1,O,1,0.2453,0.0000,0.0799,0.0000,0.6309,0.0000,0.0000,0.0439,0.0000
8537,0,-0.0361,4,1,X,0,0.0000,0.0000,0.2614,0.0000,0.5667,0.0000,0.0000,0.1719,0.0000
8539,1,0.9072,4,1,X,0,0.0000,0.0000,0.0134,0.0000,0.9693,0.0000,0.0000,0.0172,0.0000
8541,0,-0.2261,4,1,O,1,0.3266,0.1839,0.0000,0.0000,0.3330,0.0000,0.0000,0.1565,0.0000
8543,0,-0.1110,4,1,X,1,0.0000,0.3705,0.0000,0.0000,0.3747,0.0000,0.0000,0.2548,0.0000
8546,0,-0.0111,4,1,O,1,0.0000,0.0000,0.0000,0.0000,0.7289,0.0000,0.0000,0.2711,0.0000
8547,0,0.0232,4,1,X,0,0.1146,0.0000,0.0000,0.0000,0.6142,0.0000,0.0000,0.2712,0.0000
8548,0,0.1530,4,1,O,0,0.0000,0.0000,0.0000,0.0000,0.9693,0.0000,0.0000,0.0307,0.0000
8551,1,0.9138,4,1,X,0,0.0000,0.0079,0.0000,0.0000,0.9888,0.0000,0.0000,0.0034,0.0000
8553,1,0.6690,4,1,X,1,0.0210,0.0000,0.0000,0.0000,0.9700,0.0000,0.0000,0.0089,0.0000
8554,1,0.7149,4,1,O,0,0.0000,0.0000,0.0000,0.0000,0.9919,0.0000,0.0000,0.0081,0.0000
8563,1,0.9812,4,1,X,0,0.0000,0.0000,0.1132,0.0000,0.8476,0.0000,0.0000,0.0392,0.0000
8569,1,0.9775,4,1,X,0,0.0000,0.2405,0.0000,0.0000,0.7566,0.0000,0.0000,0.0028,0.0000
8571,1,0.6233,0,1,X,0,0.9315,0.0000,0.0000,0.0000,0.0392,0.0000,0.0000,0.0293,0.0000
8586,1,0.9732,0,1,X,1,0.9621,0.0079,0.0027,0.0215,0.0000,0.0000,0.0000,0.0059,0.0000
8589,-1,-0.8462,7,1,O,1,0.3457,0.0000,0.0477,0.2078,0.0000,0.0000,0.0000,0.3988,0.0000
8591,1,0.9632,7,1,X,1,0.0000,0.0000,0.0025,0.0381,0.0000,0.0000,0.0000,0.9594,0.0000
8595,0,-0.2133,0,1,O,1,0.8940,0.0355,0.0000,0.0277,0.0000,0.0000,0.0000,0.0428,0.0000
8597,0,-0.1055,3,1,X,1,0.0000,0.0241,0.0000,0.9469,0.0000,0.0000,0.0000,0.0290,0.0000
8600,1,0.8975,3,1,O,0,0.0000,0.0000,0.0000,0.9888,0.0000,0.0000,0.0000,0.0112,0.0000
8601,1,0.9754,0,1,X,1,0.9728,0.0000,0.0000,0.0250,0.0000,0.0000,0.0000,0.0022,0.0000
8607,1,0.9991,7,1,X,0,0.2512,0.0000,0.0000,0.0218,0.0000,0.0000,0.0000,0.7270,0.0000
8613,0,-0.2223,0,1,O,1,0.8766,0.0470,0.0402,0.0000,0.0000,0.0000,0.0000,0.0363,0.0000
8615,0,-0.0290,7,1,X,1,0.0000,0.3219,0.3329,0.0000,0.0000,0.0000,0.0000,0.3451,0.0000
8618,0,-0.0554,7,1,O,1,0.0000,0.0000,0.0302,0.0000,0.0000,0.0000,0.0000,0.9698,0.0000
8619,1,0.9127,0,1,X,1,0.9386,0.0000,0.0358,0.0000,0.0000,0.0000,0.0000,0.0256,0.0000
8624,0,-0.0953,7,1,O,1,0.0000,0.4675,0.0000,0.0000,0.0000,0.0000,0.0000,0.5325,0.0000
8628,0,-0.1781,0,1,O,1,0.8913,0.0000,0.0000,0.0000,0.0000,0.0000,0.0000,0.1087,0.0000
8630,0,-0.0881,7,1,X,1,0.0000,0.0000,0.0000,0.0000,0.0000,0.0000,0.0000,1.0000,0.0000
8631,1,0.7966,0,1,X,0,0.6324,0.2331,0.0000,0.0000,0.0000,0.0000,0.0000,0.1345,0.0000
8634,-1,-0.9631,0,1,O,1,0.7450,0.0000,0.0000,0.0000,0.0000,0.0000,0.0000,0.2550,0.0000
8636,1,0.9488,7,1,X,1,0.0000,0.0000,0.0000,0.0000,0.0000,0.0000,0.0000,1.0000,0.0000
8643,1,0.9970,0,1,X,0,0.6081,0.0000,0.0036,0.0000,0.0000,0.0000,0.0000,0.3884,0.0000
8649,1,0.9907,0,1,X,0,0.9930,0.0018,0.0000,0.0000,0.0000,0.0000,0.0000,0.0052,0.0000
8652,1,0.5835,0,1,O,0,0.9860,0.0000,0.0000,0.0000,0.0000,0.0000,0.0000,0.0140,0.0000
8671,1,0.8966,2,1,X,0,0.0000,0.0000,0.9686,0.0232,0.0000,0.0000,0.0000,0.0082,0.0000
8677,1,0.9712,1,1,X,1,0.0000,0.9635,0.0000,0.0269,0.0000,0.0000,0.0000,0.0096,0.0000
8679,1,0.9151,0,1,X,1,0.9637,0.0000,0.0000,0.0321,0.0000,0.0000,0.0000,0.0042,0.0000
8695,0,-0.0337,2,1,X,1,0.0000,0.0285,0.9463,0.0000,0.0000,0.0000,0.0000,0.0252,0.0000
8697,0,-0.0816,2,1,X,1,0.0358,0.0000,0.9436,0.0000,0.0000,0.0000,0.0000,0.0207,0.0000
8698,1,0.7941,2,1,O,1,0.0000,0.0000,0.9766,0.0000,0.0000,0.0000,0.0000,0.0234,0.0000
8703,0,-0.0674,1,1,X,1,0.2905,0.4514,0.0000,0.0000,0.0000,0.0000,0.0000,0.2581,0.0000
8704,0,-0.0912,1,1,O,1,0.0000,0.9695,0.0000,0.0000,0.0000,0.0000,0.0000,0.0305,0.0000
8706,0,-0.1046,0,1,O,1,0.9740,0.0000,0.0000,0.0000,0.0000,0.0000,0.0000,0.0260,0.0000
8708,0,-0.0548,7,1,X,1,0.0000,0.0000,0.0000,0.0000,0.0000,0.0000,0.0000,1.0000,0.0000
8710,0,-0.0604,7,1,X,1,0.0000,0.0000,0.0000,0.0000,0.0000,0.0000,0.0000,1.0000,0.0000
8750,1,-0.0198,6,1,O,1,0.0000,0.1183,0.1147,0.0418,0.0979,0.1055,0.5218,0.0000,0.0000
8754,0,-0.6665,6,1,O,1,0.0747,0.0000,0.1097,0.0291,0.0953,0.0701,0.6211,0.0000,0.0000
8756,1,0.9507,6,1,X,0,0.0000,0.0000,0.0285,0.0076,0.0372,0.0049,0.9218,0.0000,0.0000
8765,-1,-0.9196,5,1,O,1,0.0000,0.0000,0.0000,0.0730,0.1095,0.4693,0.3482,0.0000,0.0000
8766,-1,-0.9486,6,1,O,1,0.1497,0.2360,0.0000,0.0815,0.1150,0.0889,0.3289,0.0000,0.0000
8768,1,0.9720,6,1,X,1,0.0000,0.0144,0.0000,0.0033,0.0036,0.0055,0.9732,0.0000,0.0000
8771,-1,-0.5940,4,1,O,1,0.0000,0.0000,0.0000,0.1264,0.4493,0.1133,0.3109,0.0000,0.0000
8772,1,0.9764,6,1,X,1,0.0115,0.0000,0.0000,0.0060,0.0073,0.0062,0.9690,0.0000,0.0000
8773,-1,-0.9491,4,1,O,0,0.0000,0.0000,0.0000,0.1260,0.4052,0.1546,0.3141,0.0000,0.0000
8783,1,0.8448,2,1,O,0,0.0000,0.0000,0.8377,0.0000,0.0509,0.0527,0.0587,0.0000,0.0000
8795,1,0.8424,1,1,O,0,0.0000,0.7934,0.0000,0.0000,0.1496,0.0255,0.0315,0.0000,0.0000
8799,1,0.9228,0,1,O,0,0.9678,0.0000,0.0000,0.0000,0.0285,0.0035,0.0001,0.0000,0.0000
8802,1,0.2085,6,1,O,0,0.0030,0.0404,0.0757,0.0000,0.0778,0.0261,0.7769,0.0000,0.0000
8804,1,0.9975,6,1,X,0,0.0000,0.0062,0.0008,0.0000,0.0089,0.0022,0.9819,0.0000,0.0000
8807,1,0.7580,6,1,O,0,0.0000,0.0000,0.0276,0.0000,0.0216,0.0476,0.9032,0.0000,0.0000
8808,1,0.9916,6,1,X,0,0.0055,0.0000,0.0091,0.0000,0.0601,0.0076,0.9177,0.0000,0.0000
8809,-1,-0.7728,4,1,O,0,0.0000,0.0000,0.1393,0.0000,0.5908,0.0484,0.2215,0.0000,0.0000
8813,1,0.7360,6,1,O,0,0.0000,0.0083,0.0000,0.0000,0.0140,0.0272,0.9506,0.0000,0.0000
8817,-1,-0.9860,6,1,O,0,0.0874,0.0000,0.0000,0.0000,0.1602,0.1430,0.6094,0.0000,0.0000
8819,1,0.9989,6,1,X,0,0.0000,0.0000,0.0000,0.0000,0.0083,0.0870,0.9047,0.0000,0.0000
8820,1,0.9994,6,1,X,1,0.0004,0.0131,0.0000,0.0000,0.0359,0.0031,0.9476,0.0000,0.0000
8821,-1,-0.8067,4,1,O,0,0.0000,0.1080,0.0000,0.0000,0.6887,0.0595,0.1438,0.0000,0.0000
8823,-1,-0.8217,4,1,O,0,0.0674,0.0000,0.0000,0.0000,0.4773,0.1272,0.3280,0.0000,0.0000
8825,1,0.9982,6,1,X,0,0.0000,0.0000,0.0000,0.0000,0.4507,0.0193,0.5300,0.0000,0.0000
8827,1,0.9984,6,1,X,0,0.0000,0.0000,0.0000,0.0000,0.2428,0.0083,0.7489,0.0000,0.0000
8837,1,0.9579,2,1,O,1,0.0000,0.0000,0.9762,0.0063,0.0000,0.0089,0.0086,0.0000,0.0000
8849,1,0.8606,1,1,O,0,0.0000,0.9860,0.0000,0.0035,0.0000,0.0044,0.0061,0.0000,0.0000
8853,1,0.9035,0,1,O,0,0.9740,0.0000,0.0000,0.0010,0.0000,0.0057,0.0193,0.0000,0.0000
8885,1,0.6984,6,1,O,0,0.0000,0.0585,0.0083,0.0000,0.0000,0.0101,0.9231,0.0000,0.0000
8889,-1,-0.9980,0,1,O,1,0.4710,0.0000,0.1659,0.0000,0.0000,0.1082,0.2548,0.0000,0.0000
8891,1,0.7654,6,1,X,1,0.0000,0.0000,0.0146,0.0000,0.0000,0.0174,0.9680,0.0000,0.0000
8900,1,0.7370,6,1,O,0,0.0000,0.0000,0.0000,0.0000,0.0000,0.0095,0.9905,0.0000,0.0000
8901,-1,-0.9915,1,1,O,0,0.2682,0.4708,0.0000,0.0000,0.0000,0.1236,0.1375,0.0000,0.0000
8903,1,0.9666,1,1,X,0,0.0000,0.6330,0.0000,0.0000,0.0000,0.0148,0.3522,0.0000,0.0000
8907,1,0.9776,0,1,X,0,0.8052,0.0000,0.0000,0.0000,0.0000,0.0110,0.1838,0.0000,0.0000
8910,0,-0.2135,6,1,O,1,0.0284,0.0301,0.0372,0.0220,0.0000,0.0284,0.8539,0.0000,0.0000
8912,1,0.9478,6,1,X,1,0.0000,0.0086,0.0137,0.0163,0.0000,0.0177,0.9437,0.0000,0.0000
8915,1,0.7064,6,1,O,1,0.0000,0.0000,0.0286,0.0154,0.0000,0.0089,0.9471,0.0000,0.0000
8916,1,0.9823,6,1,X,1,0.0106,0.0000,0.0115,0.0097,0.0000,0.0093,0.9589,0.0000,0.0000
8917,0,-0.1136,6,1,O,1,0.0000,0.0000,0.0254,0.0176,0.0000,0.0268,0.9303,0.0000,0.0000
8921,-1,-0.9306,6,1,O,1,0.0000,0.1057,0.0000,0.0815,0.0000,0.3437,0.4692,0.0000,0.0000
8925,-1,-0.9637,6,1,O,1,0.0648,0.0000,0.0000,0.1318,0.0000,0.2354,0.5680,0.0000,0.0000
8927,1,0.9984,5,1,X,1,0.0000,0.0000,0.0000,0.0022,0.0000,0.6148,0.3829,0.0000,0.0000
8928,1,0.9504,6,1,X,1,0.0012,0.0012,0.0000,0.0016,0.0000,0.0047,0.9913,0.0000,0.0000
8929,1,0.9324,6,1,O,0,0.0000,0.0104,0.0000,0.0031,0.0000,0.0139,0.9726,0.0000,0.0000
8931,1,0.8273,6,1,O,0,0.0085,0.0000,0.0000,0.0143,0.0000,0.0100,0.9671,0.0000,0.0000
8933,1,0.4491,6,1,X,0,0.0000,0.0000,0.0000,0.0049,0.0000,0.0198,0.9753,0.0000,0.0000
8935,1,0.9817,6,1,X,0,0.0000,0.0000,0.0000,0.0033,0.0000,0.0012,0.9955,0.0000,0.0000
8939,0,-0.2592,6,1,O,1,0.0000,0.0371,0.0361,0.0000,0.0000,0.0199,0.9069,0.0000,0.0000
8943,0,-0.1569,6,1,O,1,0.0204,0.0000,0.0251,0.0000,0.0000,0.0167,0.9379,0.0000,0.0000
8945,1,0.8453,6,1,X,1,0.0000,0.0000,0.0313,0.0000,0.0000,0.0048,0.9639,0.0000,0.0000
8954,-1,-0.8758,6,1,O,0,0.0000,0.0000,0.0000,0.0000,0.0000,0.4799,0.5201,0.0000,0.0000
8955,1,0.8145,6,1,O,0,0.0176,0.0287,0.0000,0.0000,0.0000,0.0082,0.9455,0.0000,0.0000
8957,1,0.6635,6,1,X,0,0.0000,0.0071,0.0000,0.0000,0.0000,0.0053,0.9876,0.0000,0.0000
8960,1,0.4072,6,1,O,0,0.0000,0.0000,0.0000,0.0000,0.0000,0.0016,0.9984,0.0000,0.0000
8961,1,0.9278,6,1,X,0,0.0034,0.0000,0.0000,0.0000,0.0000,0.0020,0.9946,0.0000,0.0000
8962,1,0.2611,6,1,O,0,0.0000,0.0000,0.0000,0.0000,0.0000,0.0102,0.9898,0.0000,0.0000
8964,1,0.9221,6,1,X,1,0.0031,0.0055,0.0010,0.0000,0.0000,0.0336,0.9568,0.0000,0.0000
8965,1,0.9367,5,1,O,0,0.0000,0.0055,0.0096,0.0000,0.0000,0.9665,0.0185,0.0000,0.0000
8967,1,0.9808,5,1,O,1,0.0078,0.0000,0.0404,0.0000,0.0000,0.8398,0.1120,0.0000,0.0000
8969,1,0.6414,6,1,X,0,0.0000,0.0000,0.0110,0.0000,0.0000,0.0732,0.9158,0.0000,0.0000
8971,1,0.7298,6,1,X,1,0.0000,0.0000,0.0234,0.0000,0.0000,0.2946,0.6821,0.0000,0.0000
8973,1,0.8965,5,1,O,0,0.0013,0.0028,0.0000,0.0000,0.0000,0.9887,0.0072,0.0000,0.0000
8975,1,0.9926,5,1,X,0,0.0000,0.0046,0.0000,0.0000,0.0000,0.6878,0.3076,0.0000,0.0000
8978,1,0.9460,6,1,O,0,0.0000,0.0000,0.0000,0.0000,0.0000,0.2615,0.7385,0.0000,0.0000
8979,1,0.9980,5,1,X,0,0.0016,0.0000,0.0000,0.0000,0.0000,0.7399,0.2585,0.0000,0.0000
8980,1,0.9389,5,1,O,1,0.0000,0.0000,0.0000,0.0000,0.0000,0.9797,0.0203,0.0000,0.0000
8983,1,0.8910,6,1,X,0,0.0000,0.0028,0.0000,0.0000,0.0000,0.0056,0.9916,0.0000,0.0000
8985,1,0.6945,6,1,X,0,0.0038,0.0000,0.0000,0.0000,0.0000,0.0297,0.9665,0.0000,0.0000
8986,1,0.9751,6,1,O,0,0.0000,0.0000,0.0000,0.0000,0.0000,0.3985,0.6015,0.0000,0.0000
8999,1,0.7769,2,1,O,0,0.0000,0.0000,0.8983,0.0155,0.0647,0.0000,0.0215,0.0000,0.0000
9011,1,0.5947,1,1,O,0,0.0000,0.7859,0.0000,0.0319,0.0757,0.0000,0.1064,0.0000,0.0000
9015,1,0.9509,0,1,O,0,0.9428,0.0000,0.0000,0.0305,0.0142,0.0000,0.0124,0.0000,0.0000
9047,1,0.8209,6,1,O,0,0.0000,0.0077,0.0306,0.0000,0.0189,0.0000,0.9428,0.0000,0.0000
9051,-1,-0.8058,2,1,O,0,0.0759,0.0000,0.4160,0.0000,0.2498,0.0000,0.2583,0.0000,0.0000
9053,1,0.9791,6,1,X,0,0.0000,0.0000,0.2213,0.0000,0.1781,0.0000,0.6006,0.0000,0.0000
9063,1,0.5102,6,1,O,0,0.0701,0.2674,0.0000,0.0000,0.2787,0.0000,0.3838,0.0000,0.0000
9065,1,0.8726,6,1,X,0,0.0000,0.0168,0.0000,0.0000,0.0138,0.0000,0.9695,0.0000,0.0000
9068,1,0.7837,6,1,O,0,0.0000,0.0000,0.0000,0.0000,0.0999,0.0000,0.9001,0.0000,0.0000
9069,1,0.2609,6,1,X,0,0.0206,0.0000,0.0000,0.0000,0.0122,0.0000,0.9672,0.0000,0.0000
9070,-1,-0.8412,4,1,O,0,0.0000,0.0000,0.0000,0.0000,0.7027,0.0000,0.2973,0.0000,0.0000
9134,1,0.9666,2,1,O,0,0.0000,0.0000,0.6462,0.0000,0.0000,0.0000,0.3538,0.0000,0.0000
9146,1,0.9969,6,1,O,0,0.0000,0.4944,0.0000,0.0000,0.0000,0.0000,0.5056,0.0000,0.0000
9150,1,0.9688,0,1,O,0,0.9259,0.0000,0.0000,0.0000,0.0000,0.0000,0.0741,0.0000,0.0000
9155,-1,-0.9514,2,1,O,0,0.0000,0.1958,0.4515,0.1369,0.0000,0.0000,0.2158,0.0000,0.0000
9159,-1,-0.9323,2,1,O,0,0.2191,0.0000,0.3626,0.0926,0.0000,0.0000,0.3258,0.0000,0.0000
9161,1,0.9526,2,1,X,0,0.0000,0.0000,0.7424,0.0553,0.0000,0.0000,0.2023,0.0000,0.0000
9171,1,0.9180,6,1,O,1,0.0058,0.0064,0.0000,0.0075,0.0000,0.0000,0.9803,0.0000,0.0000
9173,1,0.7402,6,1,X,0,0.0000,0.0078,0.0000,0.0071,0.0000,0.0000,0.9851,0.0000,0.0000
9176,1,0.8696,6,1,O,1,0.0000,0.0000,0.0000,0.0118,0.0000,0.0000,0.9882,0.0000,0.0000
9177,1,0.9267,6,1,X,0,0.0039,0.0000,0.0000,0.0013,0.0000,0.0000,0.9947,0.0000,0.0000
9178,1,0.8020,6,1,O,0,0.0000,0.0000,0.0000,0.0164,0.0000,0.0000,0.9836,0.0000,0.0000
9188,1,0.6307,2,1,O,0,0.0000,0.0000,0.9083,0.0000,0.0000,0.0000,0.0917,0.0000,0.0000
9200,1,0.9738,1,1,O,0,0.0000,0.6108,0.0000,0.0000,0.0000,0.0000,0.3892,0.0000,0.0000
9204,1,0.9629,0,1,O,0,0.8504,0.0000,0.0000,0.0000,0.0000,0.0000,0.1496,0.0000,0.0000
9207,-1,-0.9569,2,1,O,1,0.1273,0.1182,0.4509,0.0000,0.0000,0.0000,0.3036,0.0000,0.0000
9209,1,0.9122,6,1,X,0,0.0000,0.0154,0.1576,0.0000,0.0000,0.0000,0.8270,0.0000,0.0000
9212,1,0.7451,6,1,O,0,0.0000,0.0000,0.0188,0.0000,0.0000,0.0000,0.9812,0.0000,0.0000
9213,1,0.9839,6,1,X,1,0.0604,0.0000,0.4195,0.0000,0.0000,0.0000,0.5202,0.0000,0.0000
9214,-1,-0.8920,2,1,O,1,0.0000,0.0000,0.6181,0.0000,0.0000,0.0000,0.3819,0.0000,0.0000
9225,1,0.8179,6,1,X,0,0.0007,0.0009,0.0000,0.0000,0.0000,0.0000,0.9985,0.0000,0.0000
9226,1,0.8982,6,1,O,0,0.0000,0.0167,0.0000,0.0000,0.0000,0.0000,0.9833,0.0000,0.0000
9228,1,0.8628,6,1,O,0,0.0309,0.0000,0.0000,0.0000,0.0000,0.0000,0.9691,0.0000,0.0000
9230,1,0.9275,6,1,X,0,0.0000,0.0000,0.0000,0.0000,0.0000,0.0000,1.0000,0.0000,0.0000
9232,1,0.8516,6,1,X,1,0.0000,0.0000,0.0000,0.0000,0.0000,0.0000,1.0000,0.0000,0.0000
9234,-1,-0.8956,6,1,O,1,0.1470,0.1211,0.1678,0.0650,0.2169,0.0000,0.2823,0.0000,0.0000
9236,1,0.9907,6,1,X,0,0.0000,0.0125,0.0045,0.0040,0.0558,0.0000,0.9232,0.0000,0.0000
9239,-1,-0.0105,4,1,O,0,0.0000,0.0000,0.0875,0.0540,0.5476,0.0000,0.3110,0.0000,0.0000
9240,1,0.9964,6,1,X,0,0.0103,0.0000,0.0108,0.0189,0.0592,0.0000,0.9009,0.0000,0.0000
9241,-1,-0.9538,4,1,O,0,0.0000,0.0000,0.0648,0.0528,0.7654,0.0000,0.1170,0.0000,0.0000
9245,0,-0.6418,6,1,O,0,0.0000,0.1002,0.0000,0.0701,0.1358,0.0000,0.6939,0.0000,0.0000
9249,0,-0.5693,6,1,O,0,0.0769,0.0000,0.0000,0.1273,0.1532,0.0000,0.6426,0.0000,0.0000
9251,1,0.9948,6,1,X,0,0.0000,0.0000,0.0000,0.0056,0.0193,0.0000,0.9752,0.0000,0.0000
9252,1,0.9992,6,1,X,1,0.0084,0.0172,0.0000,0.0133,0.0164,0.0000,0.9446,0.0000,0.0000
9253,-1,-0.9770,4,1,O,1,0.0000,0.1496,0.0000,0.0915,0.5438,0.0000,0.2150,0.0000,0.0000
9255,-1,-0.8804,4,1,O,0,0.0744,0.0000,0.0000,0.0528,0.8014,0.0000,0.0713,0.0000,0.0000
9257,1,0.9985,4,1,X,0,0.0000,0.0000,0.0000,0.1162,0.6433,0.0000,0.2405,0.0000,0.0000
9259,1,0.9996,6,1,X,0,0.0000,0.0000,0.0000,0.0153,0.2751,0.0000,0.7096,0.0000,0.0000
9263,0,-0.2169,6,1,O,1,0.0000,0.0757,0.0959,0.0000,0.2904,0.0000,0.5379,0.0000,0.0000
9267,0,-0.4059,6,1,O,0,0.1293,0.0000,0.0042,0.0000,0.4072,0.0000,0.4594,0.0000,0.0000
9269,1,0.9320,6,1,X,0,0.0000,0.0000,0.0956,0.0000,0.1625,0.0000,0.7419,0.0000,0.0000
9278,0,-0.7400,6,1,O,0,0.0000,0.0000,0.0000,0.0000,0.2507,0.0000,0.7493,0.0000,0.0000
9279,-1,-0.9122,6,1,O,0,0.2348,0.1820,0.0000,0.0000,0.2856,0.0000,0.2976,0.0000,0.0000
9281,1,0.9282,6,1,X,0,0.0000,0.0494,0.0000,0.0000,0.0687,0.0000,0.8818,0.0000,0.0000
9284,-1,-0.7730,4,1,O,0,0.0000,0.0000,0.0000,0.0000,0.5712,0.0000,0.4288,0.0000,0.0000
9285,1,0.9817,6,1,X,0,0.0409,0.0000,0.0000,0.0000,0.0888,0.0000,0.8702,0.0000,0.0000
9286,-1,-0.9754,4,1,O,0,0.0000,0.0000,0.0000,0.0000,0.7537,0.0000,0.2463,0.0000,0.0000
9288,1,0.9933,6,1,X,0,0.0049,0.0281,0.0108,0.0000,0.2848,0.0000,0.6715,0.0000,0.0000
9289,1,0.9123,4,1,O,0,0.0000,0.0031,0.0039,0.0000,0.9665,0.0000,0.0265,0.0000,0.0000
9291,1,0.4521,4,1,O,0,0.0000,0.0000,0.0135,0.0000,0.9493,0.0000,0.0372,0.0000,0.0000
9293,1,0.9929,6,1,X,0,0.0000,0.0000,0.0181,0.0000,0.4700,0.0000,0.5118,0.0000,0.0000
9295,1,0.9977,4,1,X,0,0.0000,0.0000,0.0037,0.0000,0.8492,0.0000,0.1470,0.0000,0.0000
9297,1,0.7395,4,1,O,0,0.0000,0.0058,0.0000,0.0000,0.9621,0.0000,0.0320,0.0000,0.0000
9299,1,0.9867,6,1,X,0,0.0000,0.0174,0.0000,0.0000,0.0327,0.0000,0.9499,0.0000,0.0000
9302,1,0.8482,6,1,O,0,0.0000,0.0000,0.0000,0.0000,0.3900,0.0000,0.6100,0.0000,0.0000
9303,1,0.9957,6,1,X,0,0.0129,0.0000,0.0000,0.0000,0.2659,0.0000,0.7212,0.0000,0.0000
9304,1,0.6224,4,1,O,0,0.0000,0.0000,0.0000,0.0000,0.9233,0.0000,0.0767,0.0000,0.0000
9307,1,0.9976,6,1,X,0,0.0000,0.0566,0.0000,0.0000,0.4349,0.0000,0.5085,0.0000,0.0000
9309,1,0.9991,4,1,X,0,0.0030,0.0000,0.0000,0.0000,0.9088,0.0000,0.0881,0.0000,0.0000
9310,1,0.5756,4,1,O,0,0.0000,0.0000,0.0000,0.0000,0.8975,0.0000,0.1025,0.0000,0.0000
9317,-1,-0.9605,1,1,O,1,0.0000,0.4814,0.1561,0.1563,0.0000,0.0000,0.2062,0.0000,0.0000
9321,-1,-0.9738,0,1,O,1,0.4663,0.0000,0.2417,0.0780,0.0000,0.0000,0.2140,0.0000,0.0000
9323,1,0.9088,6,1,X,1,0.0000,0.0000,0.0628,0.0138,0.0000,0.0000,0.9234,0.0000,0.0000
9332,0,-0.1950,6,1,O,0,0.0000,0.0000,0.0000,0.0697,0.0000,0.0000,0.9303,0.0000,0.0000
9333,-1,-0.9892,0,1,O,0,0.5093,0.2404,0.0000,0.0734,0.0000,0.0000,0.1768,0.0000,0.0000
9335,1,0.9283,1,1,X,1,0.0000,0.9340,0.0000,0.0013,0.0000,0.0000,0.0647,0.0000,0.0000
9339,1,0.9970,0,1,X,0,0.4971,0.0000,0.0000,0.0447,0.0000,0.0000,0.4582,0.0000,0.0000
9350,1,0.9511,2,1,O,1,0.0000,0.0000,0.9667,0.0000,0.0000,0.0000,0.0333,0.0000,0.0000
9362,1,0.8872,1,1,O,1,0.0000,0.9955,0.0000,0.0000,0.0000,0.0000,0.0045,0.0000,0.0000
9366,1,0.5964,0,1,O,0,0.9721,0.0000,0.0000,0.0000,0.0000,0.0000,0.0279,0.0000,0.0000
9369,-1,-0.9954,6,1,O,1,0.2282,0.3204,0.1170,0.0000,0.0000,0.0000,0.3344,0.0000,0.0000
9371,1,0.9832,1,1,X,1,0.0000,0.6188,0.0102,0.0000,0.0000,0.0000,0.3710,0.0000,0.0000
9375,1,0.9913,0,1,X,1,0.5465,0.0000,0.0204,0.0000,0.0000,0.0000,0.4332,0.0000,0.0000
9380,1,0.8663,6,1,O,0,0.0000,0.0115,0.0000,0.0000,0.0000,0.0000,0.9885,0.0000,0.0000
9384,-1,-0.9939,6,1,O,0,0.1930,0.0000,0.0000,0.0000,0.0000,0.0000,0.8070,0.0000,0.0000
9386,1,0.9957,6,1,X,0,0.0000,0.0000,0.0000,0.0000,0.0000,0.0000,1.0000,0.0000,0.0000
9387,1,0.9978,1,1,X,0,0.1737,0.5603,0.0000,0.0000,0.0000,0.0000,0.2660,0.0000,0.0000
9396,1,0.9376,6,1,X,1,0.0151,0.0094,0.0104,0.0881,0.0000,0.0000,0.8770,0.0000,0.0000
9397,1,0.9510,3,1,O,1,0.0000,0.0030,0.0148,0.9454,0.0000,0.0000,0.0369,0.0000,0.0000
9399,1,0.9398,3,1,O,0,0.0167,0.0000,0.0184,0.9266,0.0000,0.0000,0.0383,0.0000,0.0000
9401,1,0.7642,6,1,X,0,0.0000,0.0000,0.0513,0.1273,0.0000,0.0000,0.8215,0.0000,0.0000
9403,1,0.9260,6,1,X,0,0.0000,0.0000,0.0003,0.1415,0.0000,0.0000,0.8582,0.0000,0.0000
9405,1,0.9776,3,1,O,1,0.0024,0.0013,0.0000,0.9822,0.0000,0.0000,0.0141,0.0000,0.0000
9407,1,0.8860,6,1,X,1,0.0000,0.0107,0.0000,0.0333,0.0000,0.0000,0.9560,0.0000,0.0000
9410,1,0.8877,3,1,O,0,0.0000,0.0000,0.0000,0.9650,0.0000,0.0000,0.0350,0.0000,0.0000
9411,1,0.9026,6,1,X,1,0.0198,0.0000,0.0000,0.0651,0.0000,0.0000,0.9152,0.0000,0.0000
9412,1,0.9219,3,1,O,0,0.0000,0.0000,0.0000,0.9544,0.0000,0.0000,0.0456,0.0000,0.0000
9415,1,0.9538,6,1,X,1,0.0000,0.0131,0.0000,0.0331,0.0000,0.0000,0.9538,0.0000,0.0000
9417,1,0.8810,6,1,X,0,0.0063,0.0000,0.0000,0.0137,0.0000,0.0000,0.9800,0.0000,0.0000
9418,1,0.9931,3,1,O,0,0.0000,0.0000,0.0000,0.6913,0.0000,0.0000,0.3087,0.0000,0.0000
9423,0,-0.3146,6,1,O,0,0.0976,0.0668,0.0622,0.0000,0.0000,0.0000,0.7734,0.0000,0.0000
9425,1,0.9291,6,1,X,0,0.0000,0.0210,0.0116,0.0000,0.0000,0.0000,0.9673,0.0000,0.0000
9428,0,-0.2032,6,1,O,1,0.0000,0.0000,0.0415,0.0000,0.0000,0.0000,0.9585,0.0000,0.0000
9429,1,0.9867,6,1,X,0,0.0063,0.0000,0.0044,0.0000,0.0000,0.0000,0.9894,0.0000,0.0000
9430,0,-0.2104,6,1,O,0,0.0000,0.0000,0.0161,0.0000,0.0000,0.0000,0.9839,0.0000,0.0000
9434,0,-0.1847,6,1,O,1,0.0000,0.0356,0.0000,0.0000,0.0000,0.0000,0.9644,0.0000,0.0000
9438,0,-0.1535,6,1,O,1,0.0246,0.0000,0.0000,0.0000,0.0000,0.0000,0.9754,0.0000,0.0000
9440,1,0.9543,6,1,X,1,0.0000,0.0000,0.0000,0.0000,0.0000,0.0000,1.0000,0.0000,0.0000
9441,1,0.9903,6,1,X,0,0.0011,0.0016,0.0000,0.0000,0.0000,0.0000,0.9973,0.0000,0.0000
9442,1,0.0802,6,1,O,0,0.0000,0.0212,0.0000,0.0000,0.0000,0.0000,0.9788,0.0000,0.0000
9444,1,-0.3237,6,1,O,0,0.0616,0.0000,0.0000,0.0000,0.0000,0.0000,0.9384,0.0000,0.0000
9446,1,0.9224,6,1,X,0,0.0000,0.0000,0.0000,0.0000,0.0000,0.0000,1.0000,0.0000,0.0000
9448,1,0.9999,6,1,X,0,0.0000,0.0000,0.0000,0.0000,0.0000,0.0000,1.0000,0.0000,0.0000
10206,1,-0.0702,4,0,O,1,0.1086,0.1365,0.1750,0.2226,0.2736,0.0836,0.0000,0.0000,0.0000
10208,-1,-0.9048,3,1,X,1,0.0000,0.1197,0.0973,0.5704,0.1267,0.0859,0.0000,0.0000,0.0000
10211,1,0.9604,3,1,O,0,0.0000,0.0000,0.0376,0.6618,0.2443,0.0564,0.0000,0.0000,0.0000
10212,0,-0.3801,2,1,X,1,0.0726,0.0000,0.4838,0.1358,0.2134,0.0945,0.0000,0.0000,0.0000
10213,0,-0.0590,4,1,O,0,0.0000,0.0000,0.0664,0.0497,0.8087,0.0752,0.0000,0.0000,0.0000
10217,1,0.8364,3,1,O,0,0.0000,0.0326,0.0000,0.8459,0.0577,0.0638,0.0000,0.0000,0.0000
10221,0,-0.2406,5,1,O,1,0.0560,0.0000,0.0000,0.0206,0.1580,0.7654,0.0000,0.0000,0.0000
10223,1,0.8182,5,1,X,0,0.0000,0.0000,0.0000,0.1825,0.0815,0.7359,0.0000,0.0000,0.0000
10224,1,0.8591,4,1,X,1,0.0066,0.0108,0.0000,0.0099,0.9599,0.0127,0.0000,0.0000,0.0000
10225,1,0.7653,4,1,O,0,0.0000,0.0762,0.0000,0.0143,0.8769,0.0326,0.0000,0.0000,0.0000
10227,1,0.8255,4,1,O,0,0.0397,0.0000,0.0000,0.0565,0.8750,0.0288,0.0000,0.0000,0.0000
10229,1,0.7700,4,1,X,1,0.0000,0.0000,0.0000,0.1721,0.7986,0.0293,0.0000,0.0000,0.0000
10231,1,0.9595,4,1,X,0,0.0000,0.0000,0.0000,0.0237,0.9583,0.0180,0.0000,0.0000,0.0000
10235,1,0.1850,4,0,O,1,0.0000,0.0917,0.3216,0.0000,0.4062,0.1806,0.0000,0.0000,0.0000
10239,1,0.0916,4,0,O,1,0.0485,0.0000,0.0448,0.0000,0.7455,0.1612,0.0000,0.0000,0.0000
10241,0,-0.0829,2,1,X,0,0.0000,0.0000,0.9107,0.0000,0.0401,0.0492,0.0000,0.0000,0.0000
10250,0,-0.0410,5,1,O,0,0.0000,0.0000,0.0000,0.0000,0.1415,0.8585,0.0000,0.0000,0.0000
10251,1,0.8178,4,1,O,0,0.0500,0.0320,0.0000,0.0000,0.8741,0.0439,0.0000,0.0000,0.0000
10253,-1,-0.9730,4,1,X,1,0.0000,0.2313,0.0000,0.0000,0.5136,0.2551,0.0000,0.0000,0.0000
10256,1,0.8818,4,1,O,0,0.0000,0.0000,0.0000,0.0000,0.9333,0.0667,0.0000,0.0000,0.0000
10257,-1,-0.9537,4,1,X,1,0.1887,0.0000,0.0000,0.0000,0.6577,0.1536,0.0000,0.0000,0.0000
10258,1,0.4014,4,1,O,0,0.0000,0.0000,0.0000,0.0000,0.9670,0.0330,0.0000,0.0000,0.0000
10260,-1,-0.9827,0,1,X,0,0.3742,0.0888,0.2149,0.0000,0.1797,0.1424,0.0000,0.0000,0.0000
10261,1,0.5250,4,1,O,0,0.0000,0.0361,0.0138,0.0000,0.9264,0.0237,0.0000,0.0000,0.0000
10263,1,0.9826,0,1,O,0,0.8568,0.0000,0.0185,0.0000,0.1014,0.0233,0.0000,0.0000,0.0000
10267,1,0.7426,4,1,X,0,0.0000,0.0000,0.0294,0.0000,0.9087,0.0620,0.0000,0.0000,0.0000
10269,1,0.9702,0,1,O,1,0.7972,0.0234,0.0000,0.0000,0.0551,0.1243,0.0000,0.0000,0.0000
10275,1,0.6331,5,1,X,0,0.1879,0.0000,0.0000,0.0000,0.2136,0.5986,0.0000,0.0000,0.0000
10276,-1,-0.9077,4,1,O,0,0.0000,0.0000,0.0000,0.0000,0.6608,0.3392,0.0000,0.0000,0.0000
10279,1,0.8769,4,1,X,0,0.0000,0.0213,0.0000,0.0000,0.9638,0.0148,0.0000,0.0000,0.0000
10281,1,0.8479,4,1,X,0,0.0054,0.0000,0.0000,0.0000,0.9854,0.0092,0.0000,0.0000,0.0000
10282,1,0.8480,4,1,O,0,0.0000,0.0000,0.0000,0.0000,0.9707,0.0293,0.0000,0.0000,0.0000
10289,1,0.8903,3,1,O,1,0.0000,0.0430,0.0005,0.9390,0.0000,0.0175,0.0000,0.0000,0.0000
10293,1,0.2235,0,1,O,1,0.8541,0.0000,0.0489,0.0537,0.0000,0.0433,0.0000,0.0000,0.0000
10295,-1,-0.9611,3,1,X,1,0.0000,0.0000,0.2494,0.5760,0.0000,0.1745,0.0000,0.0000,0.0000
10304,1,0.9497,3,1,O,1,0.0000,0.0000,0.0000,0.9490,0.0000,0.0510,0.0000,0.0000,0.0000
10305,-1,-0.9647,1,1,O,1,0.3075,0.3669,0.0000,0.1678,0.0000,0.1577,0.0000,0.0000,0.0000
10307,1,0.8949,1,1,X,1,0.0000,0.9783,0.0000,0.0144,0.0000,0.0073,0.0000,0.0000,0.0000
10311,1,0.8836,0,1,X,1,0.9679,0.0000,0.0000,0.0226,0.0000,0.0094,0.0000,0.0000,0.0000
10322,1,0.9031,2,1,O,1,0.0000,0.0000,0.9450,0.0000,0.0000,0.0550,0.0000,0.0000,0.0000
10334,1,0.9181,1,1,O,1,0.0000,0.9332,0.0000,0.0000,0.0000,0.0668,0.0000,0.0000,0.0000
10338,1,0.8668,0,1,O,1,0.9602,0.0000,0.0000,0.0000,0.0000,0.0398,0.0000,0.0000,0.0000
10341,1,0.9580,0,1,O,0,0.9712,0.0159,0.0042,0.0000,0.0000,0.0087,0.0000,0.0000,0.0000
10347,1,0.7626,0,1,X,1,0.9623,0.0000,0.0238,0.0000,0.0000,0.0139,0.0000,0.0000,0.0000
10356,1,0.8606,0,1,O,0,0.9716,0.0000,0.0000,0.0000,0.0000,0.0284,0.0000,0.0000,0.0000
10359,1,0.9914,1,1,X,1,0.3286,0.6647,0.0000,0.0000,0.0000,0.0067,0.0000,0.0000,0.0000
10368,0,-0.0814,2,1,X,1,0.0193,0.0198,0.9134,0.0270,0.0000,0.0206,0.0000,0.0000,0.0000
10369,1,0.9513,2,1,O,1,0.0000,0.0082,0.9488,0.0104,0.0000,0.0325,0.0000,0.0000,0.0000
10371,1,0.9651,2,1,O,1,0.0352,0.0000,0.9253,0.0143,0.0000,0.0252,0.0000,0.0000,0.0000
10373,-1,-0.9760,3,1,X,1,0.0000,0.0000,0.3238,0.3941,0.0000,0.2821,0.0000,0.0000,0.0000
10375,0,-0.0186,2,1,X,1,0.0000,0.0000,0.9590,0.0240,0.0000,0.0171,0.0000,0.0000,0.0000
10377,0,-0.0240,5,1,O,1,0.0183,0.0156,0.0000,0.0177,0.0000,0.9484,0.0000,0.0000,0.0000
10379,1,0.8733,5,1,X,1,0.0000,0.0227,0.0000,0.0350,0.0000,0.9423,0.0000,0.0000,0.0000
10382,1,0.9615,3,1,O,1,0.0000,0.0000,0.0000,0.8612,0.0000,0.1388,0.0000,0.0000,0.0000
10383,1,0.9616,5,1,X,1,0.0405,0.0000,0.0000,0.0099,0.0000,0.9496,0.0000,0.0000,0.0000
10384,0,-0.0099,5,1,O,1,0.0000,0.0000,0.0000,0.0215,0.0000,0.9785,0.0000,0.0000,0.0000
10395,1,0.8799,2,1,O,1,0.0127,0.0071,0.9663,0.0000,0.0000,0.0139,0.0000,0.0000,0.0000
10397,0,-0.1314,2,1,X,1,0.0000,0.0460,0.9141,0.0000,0.0000,0.0399,0.0000,0.0000,0.0000
10400,1,0.8684,2,1,O,1,0.0000,0.0000,0.9491,0.0000,0.0000,0.0509,0.0000,0.0000,0.0000
10401,0,-0.0011,2,1,X,1,0.0178,0.0000,0.9678,0.0000,0.0000,0.0144,0.0000,0.0000,0.0000
10402,1,0.7865,2,1,O,1,0.0000,0.0000,0.9339,0.0000,0.0000,0.0661,0.0000,0.0000,0.0000
10406,0,-0.0115,5,1,O,1,0.0000,0.0252,0.0000,0.0000,0.0000,0.9748,0.0000,0.0000,0.0000
10410,0,-0.0972,5,1,O,1,0.0194,0.0000,0.0000,0.0000,0.0000,0.9806,0.0000,0.0000,0.0000
10412,1,0.7881,5,1,X,1,0.0000,0.0000,0.0000,0.0000,0.0000,1.0000,0.0000,0.0000,0.0000
10423,-1,-0.9580,2,1,X,0,0.0000,0.2413,0.5055,0.0000,0.0000,0.2532,0.0000,0.0000,0.0000
10425,-1,-0.9810,5,1,X,0,0.3263,0.0000,0.3303,0.0000,0.0000,0.3435,0.0000,0.0000,0.0000
10426,1,0.9833,5,1,O,0,0.0000,0.0000,0.3283,0.0000,0.0000,0.6717,0.0000,0.0000,0.0000
10431,1,0.9030,5,1,X,1,0.0066,0.0067,0.0000,0.0000,0.0000,0.9867,0.0000,0.0000,0.0000
10432,1,0.9215,5,1,O,0,0.0000,0.0126,0.0000,0.0000,0.0000,0.9874,0.0000,0.0000,0.0000
10434,1,0.9952,5,1,O,0,0.2735,0.0000,0.0000,0.0000,0.0000,0.7265,0.0000,0.0000,0.0000
10438,1,0.8448,5,1,X,1,0.0000,0.0000,0.0000,0.0000,0.0000,1.0000,0.0000,0.0000,0.0000
10451,1,0.7758,3,1,O,0,0.0000,0.0623,0.0964,0.7336,0.1078,0.0000,0.0000,0.0000,0.0000
10455,1,0.3524,2,1,O,0,0.0886,0.0000,0.5429,0.0681,0.3005,0.0000,0.0000,0.0000,0.0000
10457,1,0.4875,2,1,X,0,0.0000,0.0000,0.7222,0.1740,0.1038,0.0000,0.0000,0.0000,0.0000
10467,1,0.9848,4,1,O,0,0.0146,0.0342,0.0000,0.0331,0.9181,0.0000,0.0000,0.0000,0.0000
10469,-1,-0.9973,4,1,X,0,0.0000,0.1079,0.0000,0.1385,0.7536,0.0000,0.0000,0.0000,0.0000
10472,1,0.9973,4,1,O,0,0.0000,0.0000,0.0000,0.3280,0.6720,0.0000,0.0000,0.0000,0.0000
10473,-1,-0.9458,4,1,X,0,0.0559,0.0000,0.0000,0.0218,0.9223,0.0000,0.0000,0.0000,0.0000
10474,1,0.8103,4,1,O,0,0.0000,0.0000,0.0000,0.0089,0.9911,0.0000,0.0000,0.0000,0.0000
10484,1,0.9451,2,1,O,0,0.0000,0.0000,0.8146,0.0000,0.1854,0.0000,0.0000,0.0000,0.0000
10496,1,0.9902,4,1,O,0,0.0000,0.1628,0.0000,0.0000,0.8372,0.0000,0.0000,0.0000,0.0000
10500,1,0.9938,4,1,O,0,0.4641,0.0000,0.0000,0.0000,0.5359,0.0000,0.0000,0.0000,0.0000
10503,1,0.9481,0,1,O,0,0.8240,0.0483,0.0923,0.0000,0.0354,0.0000,0.0000,0.0000,0.0000
10509,1,-0.0485,2,1,X,0,0.1452,0.0000,0.7958,0.0000,0.0591,0.0000,0.0000,0.0000,0.0000
10510,-1,-0.9735,4,1,O,0,0.0000,0.0000,0.1811,0.0000,0.8189,0.0000,0.0000,0.0000,0.0000
10521,-1,-0.9870,4,1,X,0,0.1759,0.0783,0.0000,0.0000,0.7458,0.0000,0.0000,0.0000,0.0000
10522,1,0.9890,4,1,O,0,0.0000,0.0252,0.0000,0.0000,0.9748,0.0000,0.0000,0.0000,0.0000
10524,1,0.9967,4,1,O,0,0.2588,0.0000,0.0000,0.0000,0.7412,0.0000,0.0000,0.0000,0.0000
10528,1,0.8172,4,1,X,0,0.0000,0.0000,0.0000,0.0000,1.0000,0.0000,0.0000,0.0000,0.0000
10538,1,0.9966,2,1,O,0,0.0000,0.0000,0.7457,0.2543,0.0000,0.0000,0.0000,0.0000,0.0000
10550,1,0.9952,1,1,O,0,0.0000,0.5446,0.0000,0.4554,0.0000,0.0000,0.0000,0.0000,0.0000
10554,1,0.9144,0,1,O,0,0.9804,0.0000,0.0000,0.0196,0.0000,0.0000,0.0000,0.0000,0.0000
10590,1,0.9858,0,1,O,0,0.9905,0.0000,0.0095,0.0000,0.0000,0.0000,0.0000,0.0000,0.0000
10602,1,0.8439,0,1,O,0,0.9470,0.0530,0.0000,0.0000,0.0000,0.0000,0.0000,0.0000,0.0000
10608,1,0.2326,0,1,X,0,1.0000,0.0000,0.0000,0.0000,0.0000,0.0000,0.0000,0.0000,0.0000
10611,1,0.9290,2,1,O,1,0.0028,0.0041,0.9907,0.0024,0.0000,0.0000,0.0000,0.0000,0.0000
10613,1,0.8054,2,1,X,0,0.0000,0.0116,0.9743,0.0141,0.0000,0.0000,0.0000,0.0000,0.0000
10616,1,0.9507,2,1,O,1,0.0000,0.0000,0.6908,0.3092,0.0000,0.0000,0.0000,0.0000,0.0000
10617,1,0.9160,2,1,X,0,0.0064,0.0000,0.9911,0.0025,0.0000,0.0000,0.0000,0.0000,0.0000
10618,1,0.8494,2,1,O,0,0.0000,0.0000,0.9859,0.0141,0.0000,0.0000,0.0000,0.0000,0.0000
10640,1,0.7922,2,1,O,0,0.0000,0.0222,0.9778,0.0000,0.0000,0.0000,0.0000,0.0000,0.0000
10644,1,0.8191,2,1,O,0,0.0200,0.0000,0.9800,0.0000,0.0000,0.0000,0.0000,0.0000,0.0000
10646,1,0.6804,2,1,X,0,0.0000,0.0000,1.0000,0.0000,0.0000,0.0000,0.0000,0.0000,0.0000
10665,1,0.8334,2,1,X,0,0.0226,0.0080,0.9695,0.0000,0.0000,0.0000,0.0000,0.0000,0.0000
10666,1,0.7882,2,1,O,0,0.0000,0.0280,0.9720,0.0000,0.0000,0.0000,0.0000,0.0000,0.0000
10668,1,0.9956,0,1,O,0,0.7187,0.0000,0.2813,0.0000,0.0000,0.0000,0.0000,0.0000,0.0000
10672,1,0.8579,2,1,X,0,0.0000,0.0000,1.0000,0.0000,0.0000,0.0000,0.0000,0.0000,0.0000
10692,1,0.5869,4,1,X,1,0.0165,0.0179,0.0134,0.1342,0.8181,0.0000,0.0000,0.0000,0.0000
10693,1,-0.1800,4,1,O,0,0.0000,0.0931,0.0579,0.0400,0.8090,0.0000,0.0000,0.0000,0.0000
10695,1,0.3593,4,1,O,0,0.0362,0.0000,0.0517,0.1096,0.8026,0.0000,0.0000,0.0000,0.0000
10697,1,0.7432,4,1,X,0,0.0000,0.0000,0.0065,0.4634,0.5301,0.0000,0.0000,0.0000,0.0000
10699,1,0.8611,4,1,X,0,0.0000,0.0000,0.0064,0.0431,0.9506,0.0000,0.0000,0.0000,0.0000
10701,1,0.3880,4,0,O,0,0.1611,0.0720,0.0000,0.2725,0.4944,0.0000,0.0000,0.0000,0.0000
10703,0,-0.2147,3,1,X,0,0.0000,0.0703,0.0000,0.7047,0.2250,0.0000,0.0000,0.0000,0.0000
10706,1,0.9743,3,1,O,0,0.0000,0.0000,0.0000,0.6837,0.3163,0.0000,0.0000,0.0000,0.0000
10707,0,0.0635,4,1,X,1,0.0818,0.0000,0.0000,0.3015,0.6167,0.0000,0.0000,0.0000,0.0000
10708,0,-0.0231,4,1,O,1,0.0000,0.0000,0.0000,0.0272,0.9728,0.0000,0.0000,0.0000,0.0000
10711,1,0.9691,4,1,X,0,0.0000,0.0162,0.0000,0.0337,0.9501,0.0000,0.0000,0.0000,0.0000
10713,1,0.9820,4,1,X,0,0.0036,0.0000,0.0000,0.0231,0.9732,0.0000,0.0000,0.0000,0.0000
10714,1,0.5074,4,1,O,0,0.0000,0.0000,0.0000,0.0119,0.9881,0.0000,0.0000,0.0000,0.0000
10719,0,-0.2986,4,1,O,0,0.1170,0.1239,0.0790,0.0000,0.6800,0.0000,0.0000,0.0000,0.0000
10721,0,-0.2296,4,1,X,1,0.0000,0.2044,0.2161,0.0000,0.5794,0.0000,0.0000,0.0000,0.0000
10724,0,0.0425,4,1,O,0,0.0000,0.0000,0.0675,0.0000,0.9325,0.0000,0.0000,0.0000,0.0000
10725,0,-0.4993,4,1,X,0,0.1186,0.0000,0.3797,0.0000,0.5017,0.0000,0.0000,0.0000,0.0000
10726,0,-0.2606,4,1,O,0,0.0000,0.0000,0.0242,0.0000,0.9758,0.0000,0.0000,0.0000,0.0000
10730,0,-0.2118,4,1,O,1,0.0000,0.3221,0.0000,0.0000,0.6779,0.0000,0.0000,0.0000,0.0000
10734,0,-0.1934,4,1,O,0,0.3625,0.0000,0.0000,0.0000,0.6375,0.0000,0.0000,0.0000,0.0000
10736,0,-0.2125,4,1,X,1,0.0000,0.0000,0.0000,0.0000,1.0000,0.0000,0.0000,0.0000,0.0000
10737,1,0.6773,4,1,X,0,0.0187,0.0014,0.0000,0.0000,0.9799,0.0000,0.0000,0.0000,0.0000
10738,1,0.1901,4,1,O,0,0.0000,0.1399,0.0000,0.0000,0.8601,0.0000,0.0000,0.0000,0.0000
10740,1,0.5474,4,1,O,0,0.0445,0.0000,0.0000,0.0000,0.9555,0.0000,0.0000,0.0000,0.0000
10742,1,0.9451,4,1,X,0,0.0000,0.0000,0.0000,0.0000,1.0000,0.0000,0.0000,0.0000,0.0000
10744,1,0.9838,4,1,X,0,0.0000,0.0000,0.0000,0.0000,1.0000,0.0000,0.0000,0.0000,0.0000
10747,1,0.5000,4,1,X,0,0.0000,0.0905,0.0232,0.0000,0.8863,0.0000,0.0000,0.0000,0.0000
10749,1,0.6799,4,1,X,0,0.0237,0.0000,0.0132,0.0000,0.9631,0.0000,0.0000,0.0000,0.0000
10750,1,0.2336,4,1,O,0,0.0000,0.0000,0.0211,0.0000,0.9789,0.0000,0.0000,0.0000,0.0000
10755,-1,-0.4622,4,1,X,0,0.3177,0.2255,0.0000,0.0000,0.4568,0.0000,0.0000,0.0000,0.0000
10756,1,0.8572,4,1,O,0,0.0000,0.0192,0.0000,0.0000,0.9808,0.0000,0.0000,0.0000,0.0000
10758,1,0.9928,4,1,O,0,0.0706,0.0000,0.0000,0.0000,0.9294,0.0000,0.0000,0.0000,0.0000
10762,1,0.6416,4,1,X,0,0.0000,0.0000,0.0000,0.0000,1.0000,0.0000,0.0000,0.0000,0.0000
10768,1,0.9625,4,1,X,0,0.0000,0.0000,0.0000,0.0000,1.0000,0.0000,0.0000,0.0000,0.0000
10773,-1,-0.9243,0,1,O,1,0.3937,0.3086,0.1131,0.1847,0.0000,0.0000,0.0000,0.0000,0.0000
10775,1,0.9111,1,1,X,1,0.0000,0.9594,0.0028,0.0378,0.0000,0.0000,0.0000,0.0000,0.0000
10779,1,0.6711,0,1,X,1,0.8993,0.0000,0.0287,0.0720,0.0000,0.0000,0.0000,0.0000,0.0000
10784,1,0.9087,3,1,O,0,0.0000,0.0093,0.0000,0.9907,0.0000,0.0000,0.0000,0.0000,0.0000
10788,0,-0.2068,0,1,O,1,0.9506,0.0000,0.0000,0.0494,0.0000,0.0000,0.0000,0.0000,0.0000
10790,0,-0.0708,3,1,X,1,0.0000,0.0000,0.0000,1.0000,0.0000,0.0000,0.0000,0.0000,0.0000
10791,1,0.9971,1,1,X,1,0.3646,0.5947,0.0000,0.0407,0.0000,0.0000,0.0000,0.0000,0.0000
10802,0,-0.1467,1,1,O,1,0.0000,0.9626,0.0374,0.0000,0.0000,0.0000,0.0000,0.0000,0.0000
10806,0,-0.2551,0,1,O,1,0.9521,0.0000,0.0479,0.0000,0.0000,0.0000,0.0000,0.0000,0.0000
10808,0,-0.0810,2,1,X,1,0.0000,0.0000,1.0000,0.0000,0.0000,0.0000,0.0000,0.0000,0.0000
10818,-1,-0.9153,0,1,O,0,0.5307,0.4693,0.0000,0.0000,0.0000,0.0000,0.0000,0.0000,0.0000
10820,1,0.8974,1,1,X,0,0.0000,1.0000,0.0000,0.0000,0.0000,0.0000,0.0000,0.0000,0.0000
10824,1,0.8524,0,1,X,0,1.0000,0.0000,0.0000,0.0000,0.0000,0.0000,0.0000,0.0000,0.0000
10827,1,0.9718,0,1,X,1,0.6334,0.3545,0.0121,0.0000,0.0000,0.0000,0.0000,0.0000,0.0000
10836,1,0.7420,0,1,O,0,0.9892,0.0108,0.0000,0.0000,0.0000,0.0000,0.0000,0.0000,0.0000
10842,1,0.6734,0,1,X,0,1.0000,0.0000,0.0000,0.0000,0.0000,0.0000,0.0000,0.0000,0.0000
10855,-1,-0.7314,2,1,X,0,0.0000,0.1085,0.4789,0.4127,0.0000,0.0000,0.0000,0.0000,0.0000
10857,-1,-0.6642,3,1,X,0,0.0414,0.0000,0.3818,0.5768,0.0000,0.0000,0.0000,0.0000,0.0000
10858,1,0.9821,3,1,O,0,0.0000,0.0000,0.3786,0.6214,0.0000,0.0000,0.0000,0.0000,0.0000
10863,0,-0.0840,3,1,X,1,0.0123,0.0161,0.0000,0.9717,0.0000,0.0000,0.0000,0.0000,0.0000
10864,1,0.9660,3,1,O,1,0.0000,0.0163,0.0000,0.9837,0.0000,0.0000,0.0000,0.0000,0.0000
10866,1,0.9399,3,1,O,1,0.0251,0.0000,0.0000,0.9749,0.0000,0.0000,0.0000,0.0000,0.0000
10868,0,-0.2519,3,1,X,0,0.0000,0.0000,0.0000,1.0000,0.0000,0.0000,0.0000,0.0000,0.0000
10870,0,-0.0708,3,1,X,1,0.0000,0.0000,0.0000,1.0000,0.0000,0.0000,0.0000,0.0000,0.0000
10881,0,-0.1109,2,1,X,0,0.0309,0.0175,0.9516,0.0000,0.0000,0.0000,0.0000,0.0000,0.0000
10882,1,0.7939,2,1,O,1,0.0000,0.0546,0.9454,0.0000,0.0000,0.0000,0.0000,0.0000,0.0000
10884,1,0.8102,2,1,O,0,0.0731,0.0000,0.9269,0.0000,0.0000,0.0000,0.0000,0.0000,0.0000
10886,0,0.0143,2,1,X,1,0.0000,0.0000,1.0000,0.0000,0.0000,0.0000,0.0000,0.0000,0.0000
10888,0,-0.0495,2,1,X,0,0.0000,0.0000,1.0000,0.0000,0.0000,0.0000,0.0000,0.0000,0.0000
10890,0,-0.1267,1,1,O,1,0.4640,0.5360,0.0000,0.0000,0.0000,0.0000,0.0000,0.0000,0.0000
10892,0,-0.0801,1,1,X,1,0.0000,1.0000,0.0000,0.0000,0.0000,0.0000,0.0000,0.0000,0.0000
10896,0,-0.1098,0,1,X,1,1.0000,0.0000,0.0000,0.0000,0.0000,0.0000,0.0000,0.0000,0.0000
10935,1,0.8272,4,1,X,1,0.0185,0.0676,0.0524,0.0180,0.7934,0.0283,0.0218,0.0000,0.0000
10936,0,-0.2417,4,1,O,1,0.0000,0.0370,0.0545,0.0452,0.7516,0.0457,0.0660,0.0000,0.0000
10938,0,-0.5408,4,0,O,1,0.2026,0.0000,0.2218,0.1017,0.2814,0.0581,0.1345,0.0000,0.0000
10940,0,0.0377,2,1,X,1,0.0000,0.0000,0.3237,0.1774,0.1989,0.1126,0.1874,0.0000,0.0000
10942,1,0.9894,4,1,X,0,0.0000,0.0000,0.0028,0.0023,0.9787,0.0082,0.0081,0.0000,0.0000
10944,-1,-0.8681,5,1,O,1,0.1051,0.1690,0.0000,0.0796,0.2284,0.3206,0.0975,0.0000,0.0000
10946,1,0.9670,5,1,X,1,0.0000,0.0109,0.0000,0.0023,0.0259,0.9438,0.0171,0.0000,0.0000
10949,0,-0.1299,5,1,O,1,0.0000,0.0000,0.0000,0.0292,0.1312,0.7684,0.0711,0.0000,0.0000
10950,1,0.9864,4,1,X,0,0.0183,0.0000,0.0000,0.0071,0.7062,0.2603,0.0081,0.0000,0.0000
10951,1,0.4931,4,1,O,0,0.0000,0.0000,0.0000,0.0259,0.9090,0.0554,0.0097,0.0000,0.0000
10954,1,0.9288,4,1,X,0,0.0000,0.0457,0.0000,0.0082,0.8932,0.0268,0.0262,0.0000,0.0000
10956,0,0.2398,4,1,X,0,0.1261,0.0000,0.0000,0.1064,0.4671,0.0873,0.2131,0.0000,0.0000
10957,0,-0.6899,4,1,O,0,0.0000,0.0000,0.0000,0.0889,0.8251,0.0285,0.0575,0.0000,0.0000
10962,0,-0.3004,4,1,O,0,0.0768,0.0859,0.0742,0.0000,0.4947,0.1590,0.1094,0.0000,0.0000
10964,1,0.7249,4,0,X,0,0.0000,0.0682,0.0945,0.0000,0.6780,0.1214,0.0378,0.0000,0.0000
10967,0,0.1399,4,1,O,0,0.0000,0.0000,0.1071,0.0000,0.5143,0.2704,0.1083,0.0000,0.0000
10968,1,0.7752,4,1,X,0,0.0000,0.0000,0.0450,0.0000,0.8114,0.0401,0.1034,0.0000,0.0000
10969,1,0.8088,4,1,O,0,0.0000,0.0000,0.0100,0.0000,0.9464,0.0108,0.0328,0.0000,0.0000
10973,0,-0.5211,5,1,O,0,0.0000,0.1134,0.0000,0.0000,0.2352,0.6142,0.0372,0.0000,0.0000
10977,1,0.5799,4,1,O,0,0.0097,0.0000,0.0000,0.0000,0.9120,0.0617,0.0165,0.0000,0.0000
10979,1,0.9484,5,1,X,0,0.0000,0.0000,0.0000,0.0000,0.3267,0.6258,0.0474,0.0000,0.0000
10980,1,0.3322,4,1,X,0,0.0383,0.1394,0.0000,0.0000,0.6526,0.0619,0.1078,0.0000,0.0000
10981,-1,-0.9319,4,1,O,0,0.0000,0.1361,0.0000,0.0000,0.5300,0.1192,0.2147,0.0000,0.0000
10983,0,0.0010,4,1,O,0,0.2462,0.0000,0.0000,0.0000,0.4817,0.1151,0.1570,0.0000,0.0000
10985,0,0.3026,4,1,X,0,0.0000,0.0000,0.0000,0.0000,0.5107,0.2271,0.2623,0.0000,0.0000
10987,1,0.9967,4,1,X,0,0.0000,0.0000,0.0000,0.0000,0.8251,0.0081,0.1667,0.0000,0.0000
10990,1,0.9761,4,1,X,0,0.0000,0.0142,0.0077,0.0000,0.9496,0.0136,0.0149,0.0000,0.0000
10992,1,0.4630,4,0,X,0,0.0670,0.0000,0.1022,0.0000,0.6824,0.0709,0.0775,0.0000,0.0000
10993,-1,-0.9676,2,1,O,0,0.0000,0.0000,0.4606,0.0000,0.4317,0.0725,0.0352,0.0000,0.0000
10998,1,0.9840,4,1,X,0,0.0675,0.0144,0.0000,0.0000,0.4958,0.4127,0.0097,0.0000,0.0000
10999,-1,-0.9997,4,1,O,0,0.0000,0.1312,0.0000,0.0000,0.6321,0.2043,0.0323,0.0000,0.0000
11001,-1,-0.9633,0,1,O,0,0.3318,0.0000,0.0000,0.0000,0.3013,0.2588,0.1081,0.0000,0.0000
11003,1,0.6506,5,1,X,0,0.0000,0.0000,0.0000,0.0000,0.1550,0.5480,0.2970,0.0000,0.0000
11005,1,0.9887,4,1,X,0,0.0000,0.0000,0.0000,0.0000,0.8989,0.1010,0.0001,0.0000,0.0000
11011,1,0.9229,4,1,X,0,0.0000,0.0000,0.0000,0.0000,0.9469,0.0405,0.0126,0.0000,0.0000
11016,-1,-0.9543,0,1,O,1,0.4628,0.0956,0.1208,0.1044,0.0000,0.1017,0.1147,0.0000,0.0000
11018,1,0.8697,5,1,X,1,0.0000,0.0221,0.3534,0.0311,0.0000,0.5082,0.0852,0.0000,0.0000
11021,0,-0.0487,6,1,O,1,0.0000,0.0000,0.2899,0.2595,0.0000,0.1051,0.3454,0.0000,0.0000
11022,1,0.9985,0,1,X,1,0.9610,0.0000,0.0105,0.0062,0.0000,0.0063,0.0160,0.0000,0.0000
11027,-1,-0.9631,6,1,O,1,0.0000,0.0991,0.0000,0.1928,0.0000,0.3347,0.3734,0.0000,0.0000
11031,-1,-0.9991,6,1,O,0,0.3042,0.0000,0.0000,0.2215,0.0000,0.1549,0.3194,0.0000,0.0000
11033,1,0.9983,6,1,X,1,0.0000,0.0000,0.0000,0.0075,0.0000,0.3816,0.6109,0.0000,0.0000
11034,1,0.9846,0,1,X,1,0.9441,0.0140,0.0000,0.0216,0.0000,0.0099,0.0104,0.0000,0.0000
11037,0,-0.1326,0,1,O,1,0.9168,0.0000,0.0000,0.0315,0.0000,0.0269,0.0248,0.0000,0.0000
11039,0,0.0069,6,1,X,1,0.0000,0.0000,0.0000,0.2798,0.0000,0.3055,0.4147,0.0000,0.0000
11045,0,-0.4823,5,1,O,0,0.0000,0.0660,0.0362,0.0000,0.0000,0.8464,0.0514,0.0000,0.0000
11049,-1,-0.9871,0,1,O,0,0.3739,0.0000,0.1549,0.0000,0.0000,0.3581,0.1132,0.0000,0.0000
11051,1,0.9832,5,1,X,0,0.0000,0.0000,0.0515,0.0000,0.0000,0.9325,0.0159,0.0000,0.0000
11060,-1,-0.9947,5,1,O,0,0.0000,0.0000,0.0000,0.0000,0.0000,0.9146,0.0854,0.0000,0.0000
11061,-1,-0.7902,0,1,O,0,0.4034,0.1539,0.0000,0.0000,0.0000,0.3264,0.1164,0.0000,0.0000
11063,1,0.8592,5,1,X,0,0.0000,0.0358,0.0000,0.0000,0.0000,0.9584,0.0059,0.0000,0.0000
11066,0,-0.0707,5,1,O,1,0.0000,0.0000,0.0000,0.0000,0.0000,0.9670,0.0330,0.0000,0.0000
11067,1,0.9989,5,1,X,0,0.1483,0.0000,0.0000,0.0000,0.0000,0.7604,0.0914,0.0000,0.0000
11070,1,0.9860,0,1,X,1,0.9755,0.0056,0.0100,0.0000,0.0000,0.0054,0.0036,0.0000,0.0000
11073,0,-0.8776,0,1,O,0,0.7947,0.0000,0.1049,0.0000,0.0000,0.0530,0.0474,0.0000,0.0000
11075,0,-0.0870,6,1,X,1,0.0000,0.0000,0.0561,0.0000,0.0000,0.0449,0.8990,0.0000,0.0000
11079,-1,-0.9996,0,1,O,0,0.4063,0.1538,0.0000,0.0000,0.0000,0.2226,0.2173,0.0000,0.0000
11081,1,0.9787,6,1,X,1,0.0000,0.0059,0.0000,0.0000,0.0000,0.3765,0.6176,0.0000,0.0000
11084,1,0.4817,6,1,O,0,0.0000,0.0000,0.0000,0.0000,0.0000,0.0174,0.9826,0.0000,0.0000
11085,1,0.9992,0,1,X,0,0.4767,0.0000,0.0000,0.0000,0.0000,0.2537,0.2696,0.0000,0.0000
11091,1,0.8307,0,1,X,0,0.9048,0.0000,0.0000,0.0000,0.0000,0.0190,0.0763,0.0000,0.0000
11098,0,-0.0615,1,1,X,1,0.0000,0.8687,0.0342,0.0326,0.0000,0.0318,0.0327,0.0000,0.0000
11100,1,0.8236,2,1,X,1,0.0878,0.0000,0.6343,0.1113,0.0000,0.0974,0.0693,0.0000,0.0000
11101,0,-0.1150,2,1,O,1,0.0000,0.0000,0.9289,0.0224,0.0000,0.0295,0.0192,0.0000,0.0000
11106,1,0.9512,5,1,X,1,0.0058,0.0729,0.0000,0.0052,0.0000,0.9065,0.0096,0.0000,0.0000
11107,1,0.9370,1,1,O,1,0.0000,0.9885,0.0000,0.0025,0.0000,0.0073,0.0017,0.0000,0.0000
11109,-1,-0.9547,0,1,O,1,0.4984,0.0000,0.0000,0.1256,0.0000,0.2874,0.0886,0.0000,0.0000
11111,1,0.9709,5,1,X,1,0.0000,0.0000,0.0000,0.0150,0.0000,0.9393,0.0457,0.0000,0.0000
11119,0,-0.0404,6,1,X,1,0.0000,0.0000,0.0000,0.0181,0.0000,0.0202,0.9617,0.0000,0.0000
11124,0,-0.1065,1,1,X,1,0.0308,0.8763,0.0319,0.0000,0.0000,0.0315,0.0295,0.0000,0.0000
11125,1,0.9148,1,1,O,1,0.0000,0.9735,0.0044,0.0000,0.0000,0.0117,0.0104,0.0000,0.0000
11127,0,-0.1261,2,1,O,1,0.4301,0.0000,0.4438,0.0000,0.0000,0.0372,0.0889,0.0000,0.0000
11129,0,-0.0375,6,1,X,1,0.0000,0.0000,0.2384,0.0000,0.0000,0.3740,0.3876,0.0000,0.0000
11133,1,0.9401,1,1,O,1,0.0025,0.9829,0.0000,0.0000,0.0000,0.0100,0.0045,0.0000,0.0000
11135,1,0.8942,5,1,X,0,0.0000,0.0892,0.0000,0.0000,0.0000,0.8999,0.0109,0.0000,0.0000
11138,0,-0.0696,5,1,O,1,0.0000,0.0000,0.0000,0.0000,0.0000,0.9795,0.0205,0.0000,0.0000
11143,1,0.9852,6,1,X,0,0.0000,0.0116,0.0000,0.0000,0.0000,0.0042,0.9843,0.0000,0.0000
11145,0,-0.0832,6,1,X,1,0.0194,0.0000,0.0000,0.0000,0.0000,0.0171,0.9635,0.0000,0.0000
11146,1,0.7071,6,1,O,0,0.0000,0.0000,0.0000,0.0000,0.0000,0.0377,0.9623,0.0000,0.0000
11155,1,0.9262,2,1,X,0,0.0000,0.0000,0.8686,0.0000,0.0000,0.1235,0.0080,0.0000,0.0000
11161,1,0.9126,1,1,X,0,0.0000,0.5262,0.0000,0.0000,0.0000,0.4736,0.0002,0.0000,0.0000
11163,1,0.9959,0,1,X,1,0.5179,0.0000,0.0000,0.0000,0.0000,0.4821,0.0001,0.0000,0.0000
11178,-1,-0.8617,2,1,O,1,0.1587,0.1132,0.3257,0.1017,0.1683,0.0000,0.1325,0.0000,0.0000
11180,1,0.9860,2,1,X,1,0.0000,0.0198,0.9353,0.0032,0.0298,0.0000,0.0119,0.0000,0.0000
11183,0,-0.2106,2,1,O,0,0.0000,0.0000,0.7241,0.0244,0.0843,0.0000,0.1671,0.0000,0.0000
11184,1,0.9381,2,1,X,0,0.0148,0.0000,0.5775,0.0117,0.3668,0.0000,0.0292,0.0000,0.0000
11185,1,0.7241,4,1,O,0,0.0000,0.0000,0.0175,0.0538,0.9165,0.0000,0.0122,0.0000,0.0000
11196,1,0.7156,4,1,X,1,0.0328,0.0771,0.0000,0.0257,0.8592,0.0000,0.0052,0.0000,0.0000
11197,1,-0.1394,4,1,O,0,0.0000,0.0770,0.0000,0.0529,0.8354,0.0000,0.0347,0.0000,0.0000
11199,0,-0.2246,4,1,O,0,0.2070,0.0000,0.0000,0.1758,0.4933,0.0000,0.1240,0.0000,0.0000
11201,0,0.0126,4,1,X,0,0.0000,0.0000,0.0000,0.2313,0.5469,0.0000,0.2217,0.0000,0.0000
11203,1,0.9776,4,1,X,0,0.0000,0.0000,0.0000,0.0114,0.9818,0.0000,0.0067,0.0000,0.0000
11207,-1,-0.4202,4,1,O,0,0.0000,0.0744,0.3097,0.0000,0.5003,0.0000,0.1156,0.0000,0.0000
11211,1,0.9526,4,1,O,0,0.0092,0.0000,0.0145,0.0000,0.9346,0.0000,0.0417,0.0000,0.0000
11213,1,0.9781,2,1,X,0,0.0000,0.0000,0.7009,0.0000,0.2781,0.0000,0.0211,0.0000,0.0000
11223,1,0.1541,4,1,O,0,0.1159,0.1808,0.0000,0.0000,0.6075,0.0000,0.0958,0.0000,0.0000
11225,1,0.8803,4,1,X,0,0.0000,0.0689,0.0000,0.0000,0.9232,0.0000,0.0079,0.0000,0.0000
11228,0,0.1967,4,1,O,0,0.0000,0.0000,0.0000,0.0000,0.9209,0.0000,0.0791,0.0000,0.0000
11229,1,0.8968,4,1,X,0,0.0001,0.0000,0.0000,0.0000,0.9882,0.0000,0.0118,0.0000,0.0000
11230,1,0.9516,4,1,O,0,0.0000,0.0000,0.0000,0.0000,0.9913,0.0000,0.0087,0.0000,0.0000
11232,1,0.9577,2,1,X,0,0.0058,0.0086,0.9510,0.0000,0.0303,0.0000,0.0043,0.0000,0.0000
11233,-1,-0.9815,4,1,O,0,0.0000,0.0558,0.4072,0.0000,0.4875,0.0000,0.0494,0.0000,0.0000
11235,0,-0.8954,2,1,O,0,0.0565,0.0000,0.8157,0.0000,0.0743,0.0000,0.0535,0.0000,0.0000
11237,1,0.8863,2,1,X,0,0.0000,0.0000,0.8448,0.0000,0.0727,0.0000,0.0825,0.0000,0.0000
11239,1,0.9916,4,1,X,0,0.0000,0.0000,0.2738,0.0000,0.7170,0.0000,0.0092,0.0000,0.0000
11251,1,0.8748,4,1,X,0,0.0000,0.0361,0.0000,0.0000,0.9372,0.0000,0.0267,0.0000,0.0000
11253,0,-0.0102,4,1,X,0,0.0879,0.0000,0.0000,0.0000,0.7204,0.0000,0.1917,0.0000,0.0000
11254,0,-0.1264,4,1,O,0,0.0000,0.0000,0.0000,0.0000,0.9735,0.0000,0.0265,0.0000,0.0000
11261,-1,-0.9666,3,1,O,1,0.0000,0.1618,0.2431,0.4679,0.0000,0.0000,0.1272,0.0000,0.0000
11265,-1,-0.9968,3,1,O,0,0.3272,0.0000,0.2258,0.3388,0.0000,0.0000,0.1081,0.0000,0.0000
11267,1,0.9988,2,1,X,1,0.0000,0.0000,0.7041,0.2890,0.0000,0.0000,0.0070,0.0000,0.0000
11277,-1,-0.9381,3,1,O,1,0.3629,0.1687,0.0000,0.3673,0.0000,0.0000,0.1011,0.0000,0.0000
11279,1,0.9784,3,1,X,1,0.0000,0.0091,0.0000,0.9829,0.0000,0.0000,0.0079,0.0000,0.0000
11282,0,-0.1122,3,1,O,1,0.0000,0.0000,0.0000,0.9540,0.0000,0.0000,0.0460,0.0000,0.0000
11283,1,0.9995,3,1,X,0,0.4943,0.0000,0.0000,0.4982,0.0000,0.0000,0.0075,0.0000,0.0000
11313,-1,-0.9931,0,1,O,0,0.3703,0.1226,0.3129,0.0000,0.0000,0.0000,0.1943,0.0000,0.0000
11315,1,0.8652,2,1,X,1,0.0000,0.0137,0.9322,0.0000,0.0000,0.0000,0.0542,0.0000,0.0000
11318,1,0.6318,6,1,O,1,0.0000,0.0000,0.0467,0.0000,0.0000,0.0000,0.9533,0.0000,0.0000
11319,1,0.9843,2,1,X,1,0.1904,0.0000,0.8051,0.0000,0.0000,0.0000,0.0046,0.0000,0.0000
11331,1,0.8237,0,1,X,0,0.9429,0.0375,0.0000,0.0000,0.0000,0.0000,0.0197,0.0000,0.0000
11334,0,-0.2710,0,1,O,1,0.9460,0.0000,0.0000,0.0000,0.0000,0.0000,0.0540,0.0000,0.0000
11336,0,-0.1662,6,1,X,1,0.0000,0.0000,0.0000,0.0000,0.0000,0.0000,1.0000,0.0000,0.0000
11340,1,0.9702,2,1,X,1,0.0068,0.0167,0.9601,0.0093,0.0000,0.0000,0.0071,0.0000,0.0000
11341,1,0.9339,1,1,O,1,0.0000,0.9692,0.0211,0.0068,0.0000,0.0000,0.0029,0.0000,0.0000
11343,0,-0.1856,2,1,O,0,0.1779,0.0000,0.6803,0.0405,0.0000,0.0000,0.1013,0.0000,0.0000
11345,1,0.9852,2,1,X,0,0.0000,0.0000,0.9815,0.0117,0.0000,0.0000,0.0068,0.0000,0.0000
11359,-1,-0.1242,1,1,X,0,0.0000,0.4782,0.0000,0.0689,0.0000,0.0000,0.4528,0.0000,0.0000
11361,0,0.2084,6,1,X,0,0.0340,0.0000,0.0000,0.0132,0.0000,0.0000,0.9529,0.0000,0.0000
11362,1,0.9349,6,1,O,0,0.0000,0.0000,0.0000,0.0435,0.0000,0.0000,0.9565,0.0000,0.0000
11367,1,0.9100,1,1,O,0,0.0196,0.9378,0.0274,0.0000,0.0000,0.0000,0.0153,0.0000,0.0000
11369,1,0.8209,2,1,X,0,0.0000,0.0710,0.9074,0.0000,0.0000,0.0000,0.0216,0.0000,0.0000
11372,0,-0.1306,2,1,O,0,0.0000,0.0000,0.9657,0.0000,0.0000,0.0000,0.0343,0.0000,0.0000
11385,-1,-0.6220,6,1,X,0,0.0800,0.4345,0.0000,0.0000,0.0000,0.0000,0.4854,0.0000,0.0000
11386,1,0.9961,1,1,O,0,0.0000,0.7661,0.0000,0.0000,0.0000,0.0000,0.2339,0.0000,0.0000
11388,1,0.9202,6,1,O,0,0.1547,0.0000,0.0000,0.0000,0.0000,0.0000,0.8453,0.0000,0.0000
11390,0,-0.1543,6,1,X,0,0.0000,0.0000,0.0000,0.0000,0.0000,0.0000,1.0000,0.0000,0.0000
11395,1,0.9610,2,1,X,0,0.0000,0.0688,0.9119,0.0000,0.0000,0.0000,0.0193,0.0000,0.0000
11397,1,0.9944,2,1,X,0,0.0059,0.0000,0.9917,0.0000,0.0000,0.0000,0.0024,0.0000,0.0000
11398,0,-0.1304,2,1,O,0,0.0000,0.0000,0.9942,0.0000,0.0000,0.0000,0.0058,0.0000,0.0000
11416,0,-0.0147,6,1,X,0,0.0000,0.0000,0.0000,0.0000,0.0000,0.0000,1.0000,0.0000,0.0000
11422,1,0.8959,4,1,X,0,0.0000,0.0311,0.0140,0.0342,0.9046,0.0000,0.0161,0.0000,0.0000
11424,1,0.6460,4,0,X,0,0.0610,0.0000,0.0674,0.1596,0.6663,0.0000,0.0458,0.0000,0.0000
11425,-1,-0.7550,4,1,O,0,0.0000,0.0000,0.1613,0.0716,0.7204,0.0000,0.0467,0.0000,0.0000
11430,1,0.8679,4,1,X,1,0.0300,0.0429,0.0000,0.1131,0.7855,0.0000,0.0286,0.0000,0.0000
11431,-1,-0.9896,4,1,O,0,0.0000,0.3810,0.0000,0.0642,0.5180,0.0000,0.0368,0.0000,0.0000
11433,0,-0.7374,4,0,O,0,0.1891,0.0000,0.0000,0.0336,0.7382,0.0000,0.0391,0.0000,0.0000
11435,0,-0.0744,4,1,X,1,0.0000,0.0000,0.0000,0.3531,0.4073,0.0000,0.2396,0.0000,0.0000
11437,1,0.9617,4,1,X,0,0.0000,0.0000,0.0000,0.0352,0.9480,0.0000,0.0168,0.0000,0.0000
11443,1,0.8862,4,1,X,0,0.0000,0.0000,0.0000,0.0750,0.8887,0.0000,0.0363,0.0000,0.0000
11448,1,0.5529,4,0,X,1,0.0537,0.2342,0.1180,0.0000,0.3802,0.0000,0.2139,0.0000,0.0000
11449,-1,-0.9042,4,1,O,0,0.0000,0.0303,0.0666,0.0000,0.5575,0.0000,0.3456,0.0000,0.0000
11451,0,-0.7080,4,0,O,0,0.1553,0.0000,0.1622,0.0000,0.5751,0.0000,0.1074,0.0000,0.0000
11453,0,-0.2413,2,1,X,0,0.0000,0.0000,0.3664,0.0000,0.3386,0.0000,0.2950,0.0000,0.0000
11455,1,0.9977,4,1,X,0,0.0000,0.0000,0.0102,0.0000,0.7112,0.0000,0.2786,0.0000,0.0000
11457,0,-0.8377,4,1,O,1,0.0733,0.1208,0.0000,0.0000,0.6768,0.0000,0.1290,0.0000,0.0000
11459,0,-0.0979,4,1,X,0,0.0000,0.3046,0.0000,0.0000,0.5725,0.0000,0.1230,0.0000,0.0000
11462,0,0.2163,4,1,O,1,0.0000,0.0000,0.0000,0.0000,0.6613,0.0000,0.3387,0.0000,0.0000
11463,1,0.6013,4,1,X,0,0.0692,0.0000,0.0000,0.0000,0.7911,0.0000,0.1397,0.0000,0.0000
11464,1,0.4328,4,1,O,0,0.0000,0.0000,0.0000,0.0000,0.8849,0.0000,0.1151,0.0000,0.0000
11467,1,0.9990,4,1,X,0,0.0000,0.0373,0.0000,0.0000,0.7479,0.0000,0.2148,0.0000,0.0000
11469,1,0.4131,4,0,X,0,0.0937,0.0000,0.0000,0.0000,0.7952,0.0000,0.1111,0.0000,0.0000
11470,-1,-0.9207,4,1,O,0,0.0000,0.0000,0.0000,0.0000,0.5501,0.0000,0.4499,0.0000,0.0000
11479,1,0.9965,4,1,X,0,0.0000,0.0000,0.2203,0.0000,0.7483,0.0000,0.0314,0.0000,0.0000
11485,1,0.9614,4,1,X,0,0.0000,0.2881,0.0000,0.0000,0.6982,0.0000,0.0137,0.0000,0.0000
11487,1,0.9934,0,1,X,0,0.7242,0.0000,0.0000,0.0000,0.2550,0.0000,0.0209,0.0000,0.0000
11502,1,0.9968,0,1,X,1,0.9702,0.0070,0.0098,0.0052,0.0000,0.0000,0.0078,0.0000,0.0000
11505,0,-0.1052,0,1,O,0,0.7520,0.0000,0.0692,0.1239,0.0000,0.0000,0.0549,0.0000,0.0000
11507,0,0.0971,6,1,X,1,0.0000,0.0000,0.2958,0.3474,0.0000,0.0000,0.3568,0.0000,0.0000
11511,-1,-0.9749,0,1,O,1,0.3984,0.1575,0.0000,0.1334,0.0000,0.0000,0.3107,0.0000,0.0000
11513,1,0.9480,6,1,X,1,0.0000,0.0061,0.0000,0.0117,0.0000,0.0000,0.9822,0.0000,0.0000
11516,0,-0.1031,6,1,O,1,0.0000,0.0000,0.0000,0.0546,0.0000,0.0000,0.9454,0.0000,0.0000
11517,1,0.9998,0,1,X,0,0.6485,0.0000,0.0000,0.0166,0.0000,0.0000,0.3349,0.0000,0.0000
11523,1,0.9802,0,1,X,0,0.9229,0.0000,0.0000,0.0432,0.0000,0.0000,0.0339,0.0000,0.0000
11529,0,-0.3386,0,1,O,0,0.7062,0.0791,0.0747,0.0000,0.0000,0.0000,0.1400,0.0000,0.0000
11531,0,-0.0720,2,1,X,1,0.0000,0.2329,0.4261,0.0000,0.0000,0.0000,0.3410,0.0000,0.0000
11534,0,-0.1667,6,1,O,1,0.0000,0.0000,0.3702,0.0000,0.0000,0.0000,0.6298,0.0000,0.0000
11535,1,0.9896,0,1,X,0,0.9400,0.0000,0.0139,0.0000,0.0000,0.0000,0.0460,0.0000,0.0000
11540,0,-0.1801,6,1,O,1,0.0000,0.0348,0.0000,0.0000,0.0000,0.0000,0.9652,0.0000,0.0000
11544,-1,-0.7453,6,1,O,0,0.4595,0.0000,0.0000,0.0000,0.0000,0.0000,0.5405,0.0000,0.0000
11546,1,0.7981,6,1,X,0,0.0000,0.0000,0.0000,0.0000,0.0000,0.0000,1.0000,0.0000,0.0000
11547,1,0.9352,0,1,X,0,0.8963,0.0575,0.0000,0.0000,0.0000,0.0000,0.0462,0.0000,0.0000
11550,0,-0.0235,0,1,O,1,0.9750,0.0000,0.0000,0.0000,0.0000,0.0000,0.0250,0.0000,0.0000
11552,0,-0.1228,6,1,X,1,0.0000,0.0000,0.0000,0.0000,0.0000,0.0000,1.0000,0.0000,0.0000
11559,1,0.9656,0,1,X,0,0.9579,0.0000,0.0247,0.0000,0.0000,0.0000,0.0174,0.0000,0.0000
11565,1,0.9946,0,1,X,0,0.7186,0.0232,0.0000,0.0000,0.0000,0.0000,0.2583,0.0000,0.0000
11568,-1,-0.9921,0,1,O,0,0.7731,0.0000,0.0000,0.0000,0.0000,0.0000,0.2269,0.0000,0.0000
11570,1,0.3614,6,1,X,0,0.0000,0.0000,0.0000,0.0000,0.0000,0.0000,1.0000,0.0000,0.0000
11587,1,0.9569,2,1,X,0,0.0000,0.0000,0.6600,0.3242,0.0000,0.0000,0.0158,0.0000,0.0000
11593,1,0.8350,1,1,X,0,0.0000,0.9204,0.0000,0.0746,0.0000,0.0000,0.0050,0.0000,0.0000
11595,1,0.9688,0,1,X,0,0.8610,0.0000,0.0000,0.1289,0.0000,0.0000,0.0101,0.0000,0.0000
11611,1,0.9535,6,1,X,1,0.0000,0.2831,0.0067,0.0000,0.0000,0.0000,0.7102,0.0000,0.0000
11613,1,0.9425,0,1,X,1,0.9350,0.0000,0.0230,0.0000,0.0000,0.0000,0.0420,0.0000,0.0000
11614,-1,-0.9628,2,1,O,1,0.0000,0.0000,0.5171,0.0000,0.0000,0.0000,0.4829,0.0000,0.0000
11619,0,-0.1538,1,1,X,1,0.0214,0.9488,0.0000,0.0000,0.0000,0.0000,0.0298,0.0000,0.0000
11620,1,0.9342,1,1,O,1,0.0000,0.9913,0.0000,0.0000,0.0000,0.0000,0.0087,0.0000,0.0000
11622,0,-0.1373,0,1,O,1,0.9640,0.0000,0.0000,0.0000,0.0000,0.0000,0.0360,0.0000,0.0000
11624,0,-0.1016,6,1,X,1,0.0000,0.0000,0.0000,0.0000,0.0000,0.0000,1.0000,0.0000,0.0000
11632,1,0.9783,6,1,X,0,0.0000,0.0000,0.0000,0.0000,0.0000,0.0000,1.0000,0.0000,0.0000
11664,0,-0.5519,4,1,O,0,0.0474,0.1432,0.0841,0.0900,0.5533,0.0819,0.0000,0.0000,0.0000
11666,1,0.6531,2,1,X,1,0.0000,0.1220,0.6889,0.0292,0.1060,0.0540,0.0000,0.0000,0.0000
11669,0,-0.0876,4,1,O,1,0.0000,0.0000,0.2667,0.1447,0.3381,0.2505,0.0000,0.0000,0.0000
11670,1,0.9001,4,1,X,0,0.0477,0.0000,0.0465,0.0566,0.8198,0.0295,0.0000,0.0000,0.0000
11671,1,0.3146,4,1,O,0,0.0000,0.0000,0.0210,0.1837,0.7649,0.0305,0.0000,0.0000,0.0000
11675,-1,-0.8638,4,1,O,1,0.0000,0.1879,0.0000,0.1798,0.3927,0.2396,0.0000,0.0000,0.0000
11679,1,0.2618,4,1,O,0,0.0154,0.0000,0.0000,0.0723,0.8322,0.0801,0.0000,0.0000,0.0000
11681,1,0.9967,4,1,X,1,0.0000,0.0000,0.0000,0.0043,0.7446,0.2511,0.0000,0.0000,0.0000
11682,1,0.7417,0,1,X,1,0.7954,0.0726,0.0000,0.0337,0.0770,0.0212,0.0000,0.0000,0.0000
11683,-1,-0.9719,4,1,O,1,0.0000,0.1954,0.0000,0.1987,0.4291,0.1768,0.0000,0.0000,0.0000
11685,0,-0.0660,4,1,O,1,0.2764,0.0000,0.0000,0.2154,0.3651,0.1431,0.0000,0.0000,0.0000
11687,0,-0.0601,4,1,X,1,0.0000,0.0000,0.0000,0.2239,0.4344,0.3417,0.0000,0.0000,0.0000
11689,1,0.9950,4,1,X,0,0.0000,0.0000,0.0000,0.3082,0.6848,0.0069,0.0000,0.0000,0.0000
11693,1,-0.0387,1,1,O,0,0.0000,0.4036,0.1637,0.0000,0.3454,0.0872,0.0000,0.0000,0.0000
11697,1,0.8166,4,1,O,0,0.0081,0.0000,0.0052,0.0000,0.9845,0.0023,0.0000,0.0000,0.0000
11699,-1,-0.4071,4,1,X,0,0.0000,0.0000,0.3587,0.0000,0.5681,0.0732,0.0000,0.0000,0.0000
11708,1,0.7425,4,1,O,0,0.0000,0.0000,0.0000,0.0000,0.9481,0.0519,0.0000,0.0000,0.0000
11709,0,-0.2486,0,1,O,0,0.6319,0.1575,0.0000,0.0000,0.1577,0.0529,0.0000,0.0000,0.0000
11711,0,-0.1723,1,1,X,0,0.0000,0.6938,0.0000,0.0000,0.1755,0.1306,0.0000,0.0000,0.0000
11714,0,-0.0766,4,1,O,1,0.0000,0.0000,0.0000,0.0000,0.6423,0.3577,0.0000,0.0000,0.0000
11715,1,0.9206,0,1,X,0,0.8459,0.0000,0.0000,0.0000,0.1207,0.0333,0.0000,0.0000,0.0000
11718,1,0.4269,4,1,X,1,0.0485,0.0815,0.0811,0.0000,0.7344,0.0546,0.0000,0.0000,0.0000
11719,1,-0.3470,4,1,O,0,0.0000,0.0621,0.0433,0.0000,0.7160,0.1785,0.0000,0.0000,0.0000
11721,0,-0.0735,4,1,O,0,0.0244,0.0000,0.0984,0.0000,0.7198,0.1574,0.0000,0.0000,0.0000
11723,1,0.1442,4,0,X,0,0.0000,0.0000,0.3434,0.0000,0.4870,0.1696,0.0000,0.0000,0.0000
11725,1,0.9734,4,1,X,0,0.0000,0.0000,0.0055,0.0000,0.9816,0.0129,0.0000,0.0000,0.0000
11727,-1,-0.8128,4,1,O,0,0.0005,0.0818,0.0000,0.0000,0.5918,0.3259,0.0000,0.0000,0.0000
11729,1,0.9909,5,1,X,1,0.0000,0.0307,0.0000,0.0000,0.4468,0.5226,0.0000,0.0000,0.0000
11732,-1,-0.8116,4,1,O,0,0.0000,0.0000,0.0000,0.0000,0.6674,0.3326,0.0000,0.0000,0.0000
11733,1,0.9953,4,1,X,0,0.0109,0.0000,0.0000,0.0000,0.8537,0.1355,0.0000,0.0000,0.0000
11734,1,0.7839,4,1,O,0,0.0000,0.0000,0.0000,0.0000,0.8571,0.1429,0.0000,0.0000,0.0000
11737,1,0.8327,4,1,X,1,0.0000,0.0412,0.0000,0.0000,0.9368,0.0219,0.0000,0.0000,0.0000
11739,0,-0.0702,4,1,X,1,0.0903,0.0000,0.0000,0.0000,0.6279,0.2817,0.0000,0.0000,0.0000
11740,0,0.0314,4,1,O,0,0.0000,0.0000,0.0000,0.0000,0.9242,0.0758,0.0000,0.0000,0.0000
11747,0,-0.1478,2,1,O,1,0.0000,0.0332,0.8781,0.0377,0.0000,0.0510,0.0000,0.0000,0.0000
11751,-1,-0.9970,0,1,O,0,0.3200,0.0000,0.2682,0.1424,0.0000,0.2694,0.0000,0.0000,0.0000
11753,1,0.9492,2,1,X,1,0.0000,0.0000,0.9826,0.0059,0.0000,0.0115,0.0000,0.0000,0.0000
11763,0,-0.2326,0,1,O,1,0.8321,0.0677,0.0000,0.0556,0.0000,0.0446,0.0000,0.0000,0.0000
11765,0,-0.0524,1,1,X,1,0.0000,0.9190,0.0000,0.0336,0.0000,0.0474,0.0000,0.0000,0.0000
11768,0,-0.0267,5,1,O,1,0.0000,0.0000,0.0000,0.4664,0.0000,0.5336,0.0000,0.0000,0.0000
11769,1,0.9807,0,1,X,0,0.9902,0.0000,0.0000,0.0052,0.0000,0.0046,0.0000,0.0000,0.0000
11780,1,0.6854,2,1,O,0,0.0000,0.0000,0.9877,0.0000,0.0000,0.0123,0.0000,0.0000,0.0000
11792,1,0.9336,1,1,O,0,0.0000,0.9777,0.0000,0.0000,0.0000,0.0223,0.0000,0.0000,0.0000
11796,1,0.3281,0,1,O,0,0.9837,0.0000,0.0000,0.0000,0.0000,0.0163,0.0000,0.0000,0.0000
11799,-1,-0.9877,0,1,O,1,0.3603,0.1435,0.3447,0.0000,0.0000,0.1515,0.0000,0.0000,0.0000
11801,1,0.9071,2,1,X,1,0.0000,0.0189,0.9645,0.0000,0.0000,0.0166,0.0000,0.0000,0.0000
11804,0,-0.3339,2,1,O,1,0.0000,0.0000,0.9273,0.0000,0.0000,0.0727,0.0000,0.0000,0.0000
11805,1,0.9935,0,1,X,0,0.5599,0.0000,0.4038,0.0000,0.0000,0.0363,0.0000,0.0000,0.0000
11817,1,0.9340,0,1,X,1,0.9838,0.0096,0.0000,0.0000,0.0000,0.0066,0.0000,0.0000,0.0000
11820,0,-0.2495,0,1,O,1,0.9379,0.0000,0.0000,0.0000,0.0000,0.0621,0.0000,0.0000,0.0000
11822,0,-0.0696,5,1,X,1,0.0000,0.0000,0.0000,0.0000,0.0000,1.0000,0.0000,0.0000,0.0000
11826,0,-0.1253,1,1,X,1,0.0200,0.9249,0.0184,0.0169,0.0000,0.0198,0.0000,0.0000,0.0000
11827,1,0.9389,1,1,O,1,0.0000,0.9716,0.0040,0.0163,0.0000,0.0081,0.0000,0.0000,0.0000
11829,0,0.0019,5,1,O,1,0.2014,0.0000,0.1854,0.3031,0.0000,0.3101,0.0000,0.0000,0.0000
11831,0,0.0091,5,1,X,1,0.0000,0.0000,0.3007,0.2804,0.0000,0.4189,0.0000,0.0000,0.0000
11835,1,0.9161,1,1,O,1,0.0038,0.9632,0.0000,0.0108,0.0000,0.0222,0.0000,0.0000,0.0000
11837,1,0.9035,5,1,X,1,0.0000,0.0441,0.0000,0.0099,0.0000,0.9460,0.0000,0.0000,0.0000
11840,0,-0.0224,5,1,O,1,0.0000,0.0000,0.0000,0.0340,0.0000,0.9660,0.0000,0.0000,0.0000
11845,1,0.9815,3,1,X,1,0.0000,0.0107,0.0000,0.9766,0.0000,0.0127,0.0000,0.0000,0.0000
11847,0,-0.0086,3,1,X,1,0.3554,0.0000,0.0000,0.3815,0.0000,0.2631,0.0000,0.0000,0.0000
11848,0,-0.0602,3,1,O,1,0.0000,0.0000,0.0000,0.9622,0.0000,0.0378,0.0000,0.0000,0.0000
11853,1,0.9249,1,1,O,1,0.0061,0.9816,0.0077,0.0000,0.0000,0.0046,0.0000,0.0000,0.0000
11855,0,-0.0926,1,1,X,1,0.0000,0.9724,0.0143,0.0000,0.0000,0.0133,0.0000,0.0000,0.0000
11858,0,-0.0089,5,1,O,1,0.0000,0.0000,0.4639,0.0000,0.0000,0.5361,0.0000,0.0000,0.0000
11864,1,0.9223,1,1,O,1,0.0000,0.9068,0.0000,0.0000,0.0000,0.0932,0.0000,0.0000,0.0000
11871,1,0.9692,0,1,X,1,0.9599,0.0252,0.0000,0.0000,0.0000,0.0149,0.0000,0.0000,0.0000
11874,0,-0.1208,0,1,O,1,0.9559,0.0000,0.0000,0.0000,0.0000,0.0441,0.0000,0.0000,0.0000
11876,0,-0.0392,5,1,X,1,0.0000,0.0000,0.0000,0.0000,0.0000,1.0000,0.0000,0.0000,0.0000
11881,-1,-0.7136,1,1,X,0,0.0000,0.5539,0.0025,0.0000,0.0000,0.4436,0.0000,0.0000,0.0000
11883,0,-0.1092,5,1,X,1,0.0224,0.0000,0.0271,0.0000,0.0000,0.9504,0.0000,0.0000,0.0000
11884,1,0.9234,5,1,O,0,0.0000,0.0000,0.0164,0.0000,0.0000,0.9836,0.0000,0.0000,0.0000
11889,1,0.8475,5,1,X,0,0.0014,0.0326,0.0000,0.0000,0.0000,0.9660,0.0000,0.0000,0.0000
11890,1,0.9935,5,1,O,0,0.0000,0.0473,0.0000,0.0000,0.0000,0.9527,0.0000,0.0000,0.0000
11892,1,0.9677,5,1,O,0,0.0010,0.0000,0.0000,0.0000,0.0000,0.9990,0.0000,0.0000,0.0000
11894,1,0.8861,5,1,X,0,0.0000,0.0000,0.0000,0.0000,0.0000,1.0000,0.0000,0.0000,0.0000
11902,0,0.0147,5,1,X,1,0.0000,0.0000,0.0000,0.0000,0.0000,1.0000,0.0000,0.0000,0.0000
11909,0,-0.2953,2,1,O,0,0.0000,0.1932,0.5713,0.0735,0.1620,0.0000,0.0000,0.0000,0.0000
11913,1,0.9236,4,1,O,0,0.0000,0.0000,0.0072,0.0266,0.9662,0.0000,0.0000,0.0000,0.0000
11915,1,0.8984,2,1,X,0,0.0000,0.0000,0.9016,0.0198,0.0787,0.0000,0.0000,0.0000,0.0000
11925,1,0.3065,4,0,O,0,0.1786,0.2537,0.0000,0.1107,0.4570,0.0000,0.0000,0.0000,0.0000
11927,0,-0.0447,1,1,X,0,0.0000,0.7784,0.0000,0.0483,0.1733,0.0000,0.0000,0.0000,0.0000
11930,0,-0.1945,4,1,O,1,0.0000,0.0000,0.0000,0.3369,0.6631,0.0000,0.0000,0.0000,0.0000
11931,-1,0.3482,4,1,X,0,0.2808,0.0000,0.0000,0.0537,0.6655,0.0000,0.0000,0.0000,0.0000
11932,1,0.9544,4,1,O,0,0.0000,0.0000,0.0000,0.0757,0.9243,0.0000,0.0000,0.0000,0.0000
11942,1,0.9820,4,1,O,0,0.0000,0.0000,0.3032,0.0000,0.6968,0.0000,0.0000,0.0000,0.0000
11954,1,0.9692,1,1,O,0,0.0000,0.8280,0.0000,0.0000,0.1720,0.0000,0.0000,0.0000,0.0000
11958,1,0.9791,4,1,O,0,0.1671,0.0000,0.0000,0.0000,0.8329,0.0000,0.0000,0.0000,0.0000
11961,0,-0.3611,2,1,O,0,0.0596,0.0753,0.7299,0.0000,0.1352,0.0000,0.0000,0.0000,0.0000
11963,1,0.9077,2,1,X,0,0.0000,0.0150,0.9738,0.0000,0.0111,0.0000,0.0000,0.0000,0.0000
11966,0,-0.8414,2,1,O,0,0.0000,0.0000,0.8516,0.0000,0.1484,0.0000,0.0000,0.0000,0.0000
11967,1,0.9007,2,1,X,0,0.0244,0.0000,0.7084,0.0000,0.2672,0.0000,0.0000,0.0000,0.0000
11968,1,0.7607,4,1,O,0,0.0000,0.0000,0.0074,0.0000,0.9926,0.0000,0.0000,0.0000,0.0000
11979,0,-0.0315,4,1,X,1,0.2149,0.3533,0.0000,0.0000,0.4317,0.0000,0.0000,0.0000,0.0000
11980,0,-0.2767,4,1,O,1,0.0000,0.0578,0.0000,0.0000,0.9422,0.0000,0.0000,0.0000,0.0000
11982,0,-0.1641,4,1,O,1,0.2931,0.0000,0.0000,0.0000,0.7069,0.0000,0.0000,0.0000,0.0000
11984,0,-0.1719,4,1,X,1,0.0000,0.0000,0.0000,0.0000,1.0000,0.0000,0.0000,0.0000,0.0000
11986,1,0.8477,4,1,X,0,0.0000,0.0000,0.0000,0.0000,1.0000,0.0000,0.0000,0.0000,0.0000
11996,1,0.5374,2,1,O,0,0.0000,0.0000,0.9960,0.0040,0.0000,0.0000,0.0000,0.0000,0.0000
12008,1,0.9882,1,1,O,0,0.0000,0.9571,0.0000,0.0429,0.0000,0.0000,0.0000,0.0000,0.0000
12012,1,0.8216,0,1,O,0,0.9839,0.0000,0.0000,0.0161,0.0000,0.0000,0.0000,0.0000,0.0000
12044,0,-0.4503,2,1,O,1,0.0000,0.0495,0.9505,0.0000,0.0000,0.0000,0.0000,0.0000,0.0000
12048,-1,-0.9809,2,1,O,0,0.0919,0.0000,0.9081,0.0000,0.0000,0.0000,0.0000,0.0000,0.0000
12050,1,0.9894,2,1,X,0,0.0000,0.0000,1.0000,0.0000,0.0000,0.0000,0.0000,0.0000,0.0000
12060,0,-0.1845,0,1,O,0,0.9351,0.0649,0.0000,0.0000,0.0000,0.0000,0.0000,0.0000,0.0000
12062,0,-0.0529,1,1,X,1,0.0000,1.0000,0.0000,0.0000,0.0000,0.0000,0.0000,0.0000,0.0000
12066,1,0.6038,0,1,X,0,1.0000,0.0000,0.0000,0.0000,0.0000,0.0000,0.0000,0.0000,0.0000
12069,1,0.9506,1,1,O,1,0.0027,0.9772,0.0178,0.0023,0.0000,0.0000,0.0000,0.0000,0.0000
12071,1,0.9187,2,1,X,1,0.0000,0.0746,0.8993,0.0261,0.0000,0.0000,0.0000,0.0000,0.0000
12074,0,-0.0712,2,1,O,1,0.0000,0.0000,0.9684,0.0316,0.0000,0.0000,0.0000,0.0000,0.0000
12087,0,-0.1428,1,1,X,1,0.0194,0.9618,0.0000,0.0188,0.0000,0.0000,0.0000,0.0000,0.0000
12088,1,0.9920,1,1,O,0,0.0000,0.9491,0.0000,0.0509,0.0000,0.0000,0.0000,0.0000,0.0000
12090,0,-0.0324,3,1,O,1,0.4537,0.0000,0.0000,0.5463,0.0000,0.0000,0.0000,0.0000,0.0000
12092,0,-0.0387,3,1,X,1,0.0000,0.0000,0.0000,1.0000,0.0000,0.0000,0.0000,0.0000,0.0000
12098,1,0.9358,1,1,O,0,0.0000,0.9868,0.0132,0.0000,0.0000,0.0000,0.0000,0.0000,0.0000
12114,1,0.9849,1,1,O,1,0.0094,0.9906,0.0000,0.0000,0.0000,0.0000,0.0000,0.0000,0.0000
12116,0,-0.0946,1,1,X,0,0.0000,1.0000,0.0000,0.0000,0.0000,0.0000,0.0000,0.0000,0.0000
12123,1,0.8699,2,1,X,1,0.0171,0.0594,0.9235,0.0000,0.0000,0.0000,0.0000,0.0000,0.0000
12124,1,0.9327,1,1,O,1,0.0000,0.9863,0.0137,0.0000,0.0000,0.0000,0.0000,0.0000,0.0000
12126,0,-0.0877,2,1,O,1,0.0204,0.0000,0.9796,0.0000,0.0000,0.0000,0.0000,0.0000,0.0000
12128,1,0.9311,2,1,X,1,0.0000,0.0000,1.0000,0.0000,0.0000,0.0000,0.0000,0.0000,0.0000
12142,0,-0.0996,1,1,X,1,0.0000,1.0000,0.0000,0.0000,0.0000,0.0000,0.0000,0.0000,0.0000
12144,0,-0.0821,0,1,X,1,1.0000,0.0000,0.0000,0.0000,0.0000,0.0000,0.0000,0.0000,0.0000
12150,1,0.8126,4,1,X,0,0.0348,0.0646,0.0394,0.0582,0.8030,0.0000,0.0000,0.0000,0.0000
12151,-1,-0.9848,4,1,O,0,0.0000,0.1053,0.0474,0.1244,0.7229,0.0000,0.0000,0.0000,0.0000
12153,0,-0.0657,4,1,O,0,0.0726,0.0000,0.0543,0.1078,0.7654,0.0000,0.0000,0.0000,0.0000
12155,0,-0.0727,4,1,X,1,0.0000,0.0000,0.2086,0.1825,0.6089,0.0000,0.0000,0.0000,0.0000
12157,1,0.9976,4,1,X,0,0.0000,0.0000,0.0025,0.1739,0.8236,0.0000,0.0000,0.0000,0.0000
12159,1,-0.8787,4,1,O,0,0.0210,0.1190,0.0000,0.0854,0.7746,0.0000,0.0000,0.0000,0.0000
12161,1,0.9090,4,1,X,0,0.0000,0.0430,0.0000,0.0275,0.9295,0.0000,0.0000,0.0000,0.0000
12164,0,-0.0111,4,1,O,0,0.0000,0.0000,0.0000,0.0915,0.9085,0.0000,0.0000,0.0000,0.0000
12165,1,0.9709,4,1,X,0,0.0204,0.0000,0.0000,0.0382,0.9414,0.0000,0.0000,0.0000,0.0000
12166,1,-0.1336,4,1,O,0,0.0000,0.0000,0.0000,0.0667,0.9333,0.0000,0.0000,0.0000,0.0000
12169,1,0.9724,3,1,X,1,0.0000,0.0230,0.0000,0.7211,0.2559,0.0000,0.0000,0.0000,0.0000
12171,1,0.3261,4,0,X,0,0.2048,0.0000,0.0000,0.1549,0.6403,0.0000,0.0000,0.0000,0.0000
12172,-1,-0.9247,4,1,O,0,0.0000,0.0000,0.0000,0.3559,0.6441,0.0000,0.0000,0.0000,0.0000
12177,0,-0.6322,0,1,O,0,0.7207,0.0686,0.0122,0.0000,0.1984,0.0000,0.0000,0.0000,0.0000
12179,0,-0.1038,4,1,X,0,0.0000,0.3892,0.1678,0.0000,0.4430,0.0000,0.0000,0.0000,0.0000
12182,0,0.0241,4,1,O,1,0.0000,0.0000,0.2564,0.0000,0.7436,0.0000,0.0000,0.0000,0.0000
12183,1,0.9893,4,1,X,0,0.4366,0.0000,0.0938,0.0000,0.4696,0.0000,0.0000,0.0000,0.0000
12188,0,-0.2629,4,1,O,0,0.0000,0.0886,0.0000,0.0000,0.9114,0.0000,0.0000,0.0000,0.0000
12192,1,0.4864,4,1,O,0,0.0119,0.0000,0.0000,0.0000,0.9881,0.0000,0.0000,0.0000,0.0000
12194,1,0.8426,4,1,X,0,0.0000,0.0000,0.0000,0.0000,1.0000,0.0000,0.0000,0.0000,0.0000
12195,1,0.9604,0,1,X,0,0.9214,0.0338,0.0000,0.0000,0.0448,0.0000,0.0000,0.0000,0.0000
12198,0,-0.2845,0,1,O,0,0.8713,0.0000,0.0000,0.0000,0.1287,0.0000,0.0000,0.0000,0.0000
12200,0,-0.1330,4,1,X,0,0.0000,0.0000,0.0000,0.0000,1.0000,0.0000,0.0000,0.0000,0.0000
12205,1,0.9735,4,1,X,0,0.0000,0.0162,0.0051,0.0000,0.9787,0.0000,0.0000,0.0000,0.0000
12207,1,0.8413,4,1,X,0,0.0258,0.0000,0.0158,0.0000,0.9584,0.0000,0.0000,0.0000,0.0000
12208,1,0.6755,4,1,O,0,0.0000,0.0000,0.0110,0.0000,0.9890,0.0000,0.0000,0.0000,0.0000
12213,1,0.9071,4,1,X,0,0.0164,0.0356,0.0000,0.0000,0.9481,0.0000,0.0000,0.0000,0.0000
12214,1,0.1010,4,1,O,0,0.0000,0.0791,0.0000,0.0000,0.9209,0.0000,0.0000,0.0000,0.0000
12216,1,0.4430,4,1,O,0,0.0078,0.0000,0.0000,0.0000,0.9922,0.0000,0.0000,0.0000,0.0000
12218,1,0.8014,4,1,X,0,0.0000,0.0000,0.0000,0.0000,1.0000,0.0000,0.0000,0.0000,0.0000
12220,1,0.9927,4,1,X,0,0.0000,0.0000,0.0000,0.0000,1.0000,0.0000,0.0000,0.0000,0.0000
12226,1,0.7540,4,1,X,0,0.0000,0.0000,0.0000,0.0000,1.0000,0.0000,0.0000,0.0000,0.0000
12231,-1,-0.9304,2,1,O,0,0.3139,0.1568,0.3608,0.1685,0.0000,0.0000,0.0000,0.0000,0.0000
12233,1,0.9666,2,1,X,1,0.0000,0.0106,0.9831,0.0063,0.0000,0.0000,0.0000,0.0000,0.0000
12236,0,-0.6755,2,1,O,1,0.0000,0.0000,0.9361,0.0639,0.0000,0.0000,0.0000,0.0000,0.0000
12237,1,0.9966,0,1,X,0,0.6889,0.0000,0.2953,0.0158,0.0000,0.0000,0.0000,0.0000,0.0000
12249,1,0.9919,0,1,X,1,0.9822,0.0084,0.0000,0.0094,0.0000,0.0000,0.0000,0.0000,0.0000
12252,0,-0.1217,0,1,O,1,0.9645,0.0000,0.0000,0.0355,0.0000,0.0000,0.0000,0.0000,0.0000
12254,0,-0.0411,3,1,X,1,0.0000,0.0000,0.0000,1.0000,0.0000,0.0000,0.0000,0.0000,0.0000
12260,0,-0.1601,2,1,O,0,0.0000,0.0667,0.9333,0.0000,0.0000,0.0000,0.0000,0.0000,0.0000
12264,-1,-0.9854,0,1,O,0,0.8977,0.0000,0.1023,0.0000,0.0000,0.0000,0.0000,0.0000,0.0000
12266,1,0.6399,2,1,X,0,0.0000,0.0000,1.0000,0.0000,0.0000,0.0000,0.0000,0.0000,0.0000
12276,0,-0.4139,0,1,O,0,0.9406,0.0594,0.0000,0.0000,0.0000,0.0000,0.0000,0.0000,0.0000
12278,0,-0.1207,1,1,X,0,0.0000,1.0000,0.0000,0.0000,0.0000,0.0000,0.0000,0.0000,0.0000
12282,1,0.9988,0,1,X,0,1.0000,0.0000,0.0000,0.0000,0.0000,0.0000,0.0000,0.0000,0.0000
12285,1,0.9947,0,1,X,0,0.5571,0.0096,0.4332,0.0000,0.0000,0.0000,0.0000,0.0000,0.0000
12288,-1,-0.8728,0,1,O,0,0.5318,0.0000,0.4682,0.0000,0.0000,0.0000,0.0000,0.0000,0.0000
12290,1,0.8828,2,1,X,0,0.0000,0.0000,1.0000,0.0000,0.0000,0.0000,0.0000,0.0000,0.0000
12306,1,0.6995,0,1,X,0,1.0000,0.0000,0.0000,0.0000,0.0000,0.0000,0.0000,0.0000,0.0000
12313,1,0.7582,3,1,X,0,0.0000,0.0516,0.0003,0.9481,0.0000,0.0000,0.0000,0.0000,0.0000
12315,0,-0.0678,3,1,X,1,0.0257,0.0000,0.0196,0.9548,0.0000,0.0000,0.0000,0.0000,0.0000
12316,1,0.9110,3,1,O,0,0.0000,0.0000,0.0061,0.9939,0.0000,0.0000,0.0000,0.0000,0.0000
12321,-1,-0.7643,1,1,X,0,0.0079,0.5615,0.0000,0.4306,0.0000,0.0000,0.0000,0.0000,0.0000
12322,1,0.9895,1,1,O,0,0.0000,0.6954,0.0000,0.3046,0.0000,0.0000,0.0000,0.0000,0.0000
12324,1,0.9711,3,1,O,0,0.0159,0.0000,0.0000,0.9841,0.0000,0.0000,0.0000,0.0000,0.0000
12326,0,-0.0751,3,1,X,1,0.0000,0.0000,0.0000,1.0000,0.0000,0.0000,0.0000,0.0000,0.0000
12334,1,0.8948,3,1,X,0,0.0000,0.0000,0.0000,1.0000,0.0000,0.0000,0.0000,0.0000,0.0000
12339,1,0.9657,0,1,X,1,0.9316,0.0609,0.0075,0.0000,0.0000,0.0000,0.0000,0.0000,0.0000
12342,0,-0.1102,0,1,O,1,0.9736,0.0000,0.0264,0.0000,0.0000,0.0000,0.0000,0.0000,0.0000
12344,0,-0.0746,2,1,X,1,0.0000,0.0000,1.0000,0.0000,0.0000,0.0000,0.0000,0.0000,0.0000
12348,1,0.9025,1,1,O,1,0.0110,0.9890,0.0000,0.0000,0.0000,0.0000,0.0000,0.0000,0.0000
12350,0,-0.1309,1,1,X,1,0.0000,1.0000,0.0000,0.0000,0.0000,0.0000,0.0000,0.0000,0.0000
12360,1,0.9842,0,1,X,1,1.0000,0.0000,0.0000,0.0000,0.0000,0.0000,0.0000,0.0000,0.0000
12394,1,0.9579,4,1,X,0,0.0000,0.1889,0.0502,0.0476,0.6552,0.0581,0.0000,0.0000,0.0000
12396,1,0.6952,4,0,X,0,0.0827,0.0000,0.2775,0.0757,0.4507,0.1134,0.0000,0.0000,0.0000
12397,-1,-0.9509,4,1,O,0,0.0000,0.0000,0.3809,0.0727,0.4384,0.1079,0.0000,0.0000,0.0000
12402,1,0.9748,5,1,X,1,0.0295,0.0318,0.0000,0.0060,0.0827,0.8500,0.0000,0.0000,0.0000
12403,-1,-0.9348,4,1,O,0,0.0000,0.2935,0.0000,0.1436,0.3813,0.1816,0.0000,0.0000,0.0000
12405,-1,-0.5895,0,1,O,0,0.5264,0.0000,0.0000,0.1315,0.0739,0.2682,0.0000,0.0000,0.0000
12407,1,0.7522,5,1,X,0,0.0000,0.0000,0.0000,0.4496,0.0531,0.4974,0.0000,0.0000,0.0000
12409,1,0.9570,4,1,X,1,0.0000,0.0000,0.0000,0.0046,0.7597,0.2357,0.0000,0.0000,0.0000
12415,1,0.9808,4,1,X,0,0.0000,0.0000,0.0000,0.0321,0.9627,0.0052,0.0000,0.0000,0.0000
12420,1,0.8084,4,1,X,0,0.0206,0.0316,0.0781,0.0000,0.6681,0.2016,0.0000,0.0000,0.0000
12421,1,0.5646,4,1,O,1,0.0000,0.0107,0.0152,0.0000,0.9471,0.0271,0.0000,0.0000,0.0000
12423,-1,-0.3599,4,1,O,0,0.1041,0.0000,0.1405,0.0000,0.6054,0.1499,0.0000,0.0000,0.0000
12425,1,0.8447,4,0,X,0,0.0000,0.0000,0.3708,0.0000,0.3990,0.2302,0.0000,0.0000,0.0000
12427,1,0.9790,4,1,X,0,0.0000,0.0000,0.0033,0.0000,0.9748,0.0219,0.0000,0.0000,0.0000
12429,-1,-0.2227,5,1,O,0,0.0415,0.0739,0.0000,0.0000,0.1589,0.7258,0.0000,0.0000,0.0000
12431,1,0.9580,5,1,X,0,0.0000,0.0258,0.0000,0.0000,0.0552,0.9190,0.0000,0.0000,0.0000
12434,0,-0.0320,5,1,O,0,0.0000,0.0000,0.0000,0.0000,0.1161,0.8839,0.0000,0.0000,0.0000
12435,1,0.9324,5,1,X,0,0.0135,0.0000,0.0000,0.0000,0.4162,0.5703,0.0000,0.0000,0.0000
12436,1,0.9004,4,1,O,0,0.0000,0.0000,0.0000,0.0000,0.9127,0.0873,0.0000,0.0000,0.0000
12439,1,0.9705,4,1,X,0,0.0000,0.0081,0.0000,0.0000,0.9665,0.0253,0.0000,0.0000,0.0000
12441,1,0.9078,4,1,X,0,0.0130,0.0000,0.0000,0.0000,0.9384,0.0486,0.0000,0.0000,0.0000
12442,1,0.7781,4,1,O,0,0.0000,0.0000,0.0000,0.0000,0.9738,0.0262,0.0000,0.0000,0.0000
12451,1,0.9982,2,1,X,0,0.0000,0.0000,0.9159,0.0000,0.0493,0.0348,0.0000,0.0000,0.0000
12457,1,0.9956,1,1,X,0,0.0000,0.5457,0.0000,0.0000,0.1747,0.2796,0.0000,0.0000,0.0000
12459,1,0.9937,0,1,X,0,0.9379,0.0000,0.0000,0.0000,0.0234,0.0388,0.0000,0.0000,0.0000
12474,1,0.9800,0,1,X,1,0.9162,0.0208,0.0310,0.0165,0.0000,0.0155,0.0000,0.0000,0.0000
12477,0,-0.0926,0,1,O,1,0.9083,0.0000,0.0335,0.0306,0.0000,0.0276,0.0000,0.0000,0.0000
12479,0,-0.1400,3,1,X,1,0.0000,0.0000,0.0262,0.9478,0.0000,0.0260,0.0000,0.0000,0.0000
12483,-1,-0.9713,0,1,O,1,0.4439,0.1624,0.0000,0.1602,0.0000,0.2335,0.0000,0.0000,0.0000
12485,1,0.9322,5,1,X,1,0.0000,0.0201,0.0000,0.0421,0.0000,0.9378,0.0000,0.0000,0.0000
12488,1,0.8818,3,1,O,1,0.0000,0.0000,0.0000,0.9224,0.0000,0.0776,0.0000,0.0000,0.0000
12489,1,0.9990,0,1,X,1,0.6779,0.0000,0.0000,0.0288,0.0000,0.2932,0.0000,0.0000,0.0000
12495,1,0.9147,0,1,X,0,0.7662,0.0000,0.0000,0.1162,0.0000,0.1176,0.0000,0.0000,0.0000
12501,-1,-0.9598,5,1,O,0,0.1705,0.0749,0.0671,0.0000,0.0000,0.6875,0.0000,0.0000,0.0000
12503,1,0.9930,5,1,X,0,0.0000,0.0059,0.0108,0.0000,0.0000,0.9833,0.0000,0.0000,0.0000
12506,0,-0.0039,5,1,O,1,0.0000,0.0000,0.0332,0.0000,0.0000,0.9668,0.0000,0.0000,0.0000
12507,1,0.9998,5,1,X,0,0.0469,0.0000,0.0205,0.0000,0.0000,0.9326,0.0000,0.0000,0.0000
12512,0,-0.3688,5,1,O,0,0.0000,0.0909,0.0000,0.0000,0.0000,0.9091,0.0000,0.0000,0.0000
12516,-1,-0.9756,5,1,O,0,0.1974,0.0000,0.0000,0.0000,0.0000,0.8026,0.0000,0.0000,0.0000
12518,1,0.9993,5,1,X,0,0.0000,0.0000,0.0000,0.0000,0.0000,1.0000,0.0000,0.0000,0.0000
12519,1,0.9994,5,1,X,0,0.1338,0.0186,0.0000,0.0000,0.0000,0.8476,0.0000,0.0000,0.0000
12522,-1,-0.8651,5,1,O,0,0.4721,0.0000,0.0000,0.0000,0.0000,0.5279,0.0000,0.0000,0.0000
12524,1,0.9921,5,1,X,0,0.0000,0.0000,0.0000,0.0000,0.0000,1.0000,0.0000,0.0000,0.0000
12531,1,0.9569,0,1,X,0,0.9740,0.0000,0.0104,0.0000,0.0000,0.0156,0.0000,0.0000,0.0000
12537,1,0.9969,0,1,X,1,0.6971,0.0176,0.0000,0.0000,0.0000,0.2854,0.0000,0.0000,0.0000
12540,1,0.6940,0,1,O,0,0.9967,0.0000,0.0000,0.0000,0.0000,0.0033,0.0000,0.0000,0.0000
12559,1,0.9757,2,1,X,0,0.0000,0.0000,0.9940,0.0029,0.0000,0.0031,0.0000,0.0000,0.0000
12565,1,0.9971,1,1,X,0,0.0000,0.9233,0.0000,0.0102,0.0000,0.0665,0.0000,0.0000,0.0000
12567,1,0.9995,0,1,X,1,0.9000,0.0000,0.0000,0.0023,0.0000,0.0977,0.0000,0.0000,0.0000
12583,-1,-0.9340,2,1,X,1,0.0000,0.3564,0.4435,0.0000,0.0000,0.2001,0.0000,0.0000,0.0000
12585,1,0.5699,2,1,X,1,0.0431,0.0000,0.9044,0.0000,0.0000,0.0524,0.0000,0.0000,0.0000
12586,1,0.7832,2,1,O,1,0.0000,0.0000,0.9568,0.0000,0.0000,0.0432,0.0000,0.0000,0.0000
12591,1,0.8584,5,1,X,0,0.0022,0.1235,0.0000,0.0000,0.0000,0.8743,0.0000,0.0000,0.0000
12592,1,0.9331,1,1,O,0,0.0000,0.9936,0.0000,0.0000,0.0000,0.0064,0.0000,0.0000,0.0000
12594,-1,-0.7559,5,1,O,1,0.3350,0.0000,0.0000,0.0000,0.0000,0.6650,0.0000,0.0000,0.0000
12596,1,0.8733,5,1,X,1,0.0000,0.0000,0.0000,0.0000,0.0000,1.0000,0.0000,0.0000,0.0000
12636,1,0.9902,2,1,X,1,0.0080,0.0155,0.9362,0.0119,0.0283,0.0000,0.0000,0.0000,0.0000
12637,-1,-0.9682,4,1,O,0,0.0000,0.1305,0.2861,0.1337,0.4497,0.0000,0.0000,0.0000,0.0000
12639,-1,-0.9251,2,1,O,0,0.2389,0.0000,0.5412,0.0590,0.1609,0.0000,0.0000,0.0000,0.0000
12641,1,0.8774,2,1,X,0,0.0000,0.0000,0.8629,0.1236,0.0136,0.0000,0.0000,0.0000,0.0000
12643,1,0.9938,4,1,X,0,0.0000,0.0000,0.1292,0.0163,0.8544,0.0000,0.0000,0.0000,0.0000
12655,1,0.9780,4,1,X,0,0.0000,0.0143,0.0000,0.0132,0.9725,0.0000,0.0000,0.0000,0.0000
12657,1,0.7109,4,1,X,0,0.0362,0.0000,0.0000,0.0151,0.9487,0.0000,0.0000,0.0000,0.0000
12658,1,0.3866,4,1,O,0,0.0000,0.0000,0.0000,0.0270,0.9730,0.0000,0.0000,0.0000,0.0000
12663,-1,-0.9770,4,1,O,0,0.2511,0.1065,0.3034,0.0000,0.3390,0.0000,0.0000,0.0000,0.0000
12665,1,0.9992,4,1,X,0,0.0000,0.0137,0.1083,0.0000,0.8780,0.0000,0.0000,0.0000,0.0000
12668,-1,-0.6530,4,1,O,0,0.0000,0.0000,0.3486,0.0000,0.6514,0.0000,0.0000,0.0000,0.0000
12669,1,0.9971,4,1,X,0,0.0000,0.0000,0.0472,0.0000,0.9528,0.0000,0.0000,0.0000,0.0000
12670,1,0.8504,4,1,O,0,0.0000,0.0000,0.0444,0.0000,0.9556,0.0000,0.0000,0.0000,0.0000
12681,1,0.9834,4,1,X,0,0.0019,0.0047,0.0000,0.0000,0.9934,0.0000,0.0000,0.0000,0.0000
12682,1,0.7557,4,1,O,0,0.0000,0.0274,0.0000,0.0000,0.9726,0.0000,0.0000,0.0000,0.0000
12684,1,-0.0924,4,1,O,0,0.0588,0.0000,0.0000,0.0000,0.9412,0.0000,0.0000,0.0000,0.0000
12686,1,0.9908,4,1,X,0,0.0000,0.0000,0.0000,0.0000,1.0000,0.0000,0.0000,0.0000,0.0000
12688,1,0.9909,4,1,X,0,0.0000,0.0000,0.0000,0.0000,1.0000,0.0000,0.0000,0.0000,0.0000
12691,1,0.9927,2,1,X,0,0.0000,0.0438,0.5239,0.0000,0.4323,0.0000,0.0000,0.0000,0.0000
12693,1,0.9684,2,1,X,0,0.0140,0.0000,0.8750,0.0000,0.1110,0.0000,0.0000,0.0000,0.0000
12694,-1,-0.9981,2,1,O,0,0.0000,0.0000,0.6375,0.0000,0.3625,0.0000,0.0000,0.0000,0.0000
12712,1,0.9733,4,1,X,0,0.0000,0.0000,0.0000,0.0000,1.0000,0.0000,0.0000,0.0000,0.0000
12717,-1,-0.9981,3,1,O,0,0.2755,0.1774,0.2010,0.3461,0.0000,0.0000,0.0000,0.0000,0.0000
12719,1,0.9594,3,1,X,1,0.0000,0.0023,0.0600,0.9377,0.0000,0.0000,0.0000,0.0000,0.0000
12722,1,0.6942,3,1,O,0,0.0000,0.0000,0.0091,0.9909,0.0000,0.0000,0.0000,0.0000,0.0000
12723,1,0.9990,3,1,X,0,0.3703,0.0000,0.2370,0.3927,0.0000,0.0000,0.0000,0.0000,0.0000
12735,1,0.9986,3,1,X,1,0.1839,0.0115,0.0000,0.8047,0.0000,0.0000,0.0000,0.0000,0.0000
12738,-1,-0.9330,0,1,O,0,0.5859,0.0000,0.0000,0.4141,0.0000,0.0000,0.0000,0.0000,0.0000
12740,1,0.9151,3,1,X,0,0.0000,0.0000,0.0000,1.0000,0.0000,0.0000,0.0000,0.0000,0.0000
12771,1,0.9867,2,1,X,0,0.3590,0.0123,0.6287,0.0000,0.0000,0.0000,0.0000,0.0000,0.0000
12774,1,0.9192,0,1,O,0,0.9926,0.0000,0.0074,0.0000,0.0000,0.0000,0.0000,0.0000,0.0000
12792,1,0.7486,0,1,X,0,1.0000,0.0000,0.0000,0.0000,0.0000,0.0000,0.0000,0.0000,0.0000
12799,1,0.9767,2,1,X,0,0.0000,0.0227,0.9668,0.0105,0.0000,0.0000,0.0000,0.0000,0.0000
12801,1,0.9937,2,1,X,0,0.0020,0.0000,0.9974,0.0006,0.0000,0.0000,0.0000,0.0000,0.0000
12802,1,0.6682,2,1,O,0,0.0000,0.0000,0.9988,0.0012,0.0000,0.0000,0.0000,0.0000,0.0000
12825,1,0.7870,2,1,X,0,0.0102,0.0118,0.9779,0.0000,0.0000,0.0000,0.0000,0.0000,0.0000
12826,1,0.9819,2,1,O,0,0.0000,0.4908,0.5092,0.0000,0.0000,0.0000,0.0000,0.0000,0.0000
12828,1,-0.0887,2,1,O,0,0.0153,0.0000,0.9847,0.0000,0.0000,0.0000,0.0000,0.0000,0.0000
12830,1,0.9211,2,1,X,0,0.0000,0.0000,1.0000,0.0000,0.0000,0.0000,0.0000,0.0000,0.0000
12856,1,0.9997,2,1,X,0,0.0000,0.0000,1.0000,0.0000,0.0000,0.0000,0.0000,0.0000,0.0000
12883,1,0.9955,2,1,X,0,0.0000,0.0000,0.6701,0.0202,0.3097,0.0000,0.0000,0.0000,0.0000
12889,1,0.9713,1,1,X,0,0.0000,0.6729,0.0000,0.0428,0.2842,0.0000,0.0000,0.0000,0.0000
12891,1,0.9870,0,1,X,0,0.9218,0.0000,0.0000,0.0272,0.0510,0.0000,0.0000,0.0000,0.0000
12907,1,0.9129,4,1,X,0,0.0000,0.0248,0.0093,0.0000,0.9659,0.0000,0.0000,0.0000,0.0000
12909,1,0.4617,4,0,X,0,0.0952,0.0000,0.3308,0.0000,0.5740,0.0000,0.0000,0.0000,0.0000
12910,-1,-0.8633,4,1,O,0,0.0000,0.0000,0.2242,0.0000,0.7758,0.0000,0.0000,0.0000,0.0000
12915,1,0.1776,4,0,X,0,0.1971,0.2272,0.0000,0.0000,0.5757,0.0000,0.0000,0.0000,0.0000
12916,-1,-0.8294,4,1,O,0,0.0000,0.3800,0.0000,0.0000,0.6200,0.0000,0.0000,0.0000,0.0000
12918,0,-0.4012,0,1,O,0,0.8487,0.0000,0.0000,0.0000,0.1513,0.0000,0.0000,0.0000,0.0000
12920,0,-0.2063,4,1,X,1,0.0000,0.0000,0.0000,0.0000,1.0000,0.0000,0.0000,0.0000,0.0000
12922,1,0.8123,4,1,X,0,0.0000,0.0000,0.0000,0.0000,1.0000,0.0000,0.0000,0.0000,0.0000
12928,1,0.8807,4,1,X,0,0.0000,0.0000,0.0000,0.0000,1.0000,0.0000,0.0000,0.0000,0.0000
12963,1,0.9500,0,1,X,1,0.9576,0.0000,0.0282,0.0142,0.0000,0.0000,0.0000,0.0000,0.0000
12969,1,0.9906,0,1,X,1,0.9682,0.0163,0.0000,0.0155,0.0000,0.0000,0.0000,0.0000,0.0000
12972,0,-0.2716,0,1,O,0,0.9374,0.0000,0.0000,0.0626,0.0000,0.0000,0.0000,0.0000,0.0000
12974,0,-0.0738,3,1,X,1,0.0000,0.0000,0.0000,1.0000,0.0000,0.0000,0.0000,0.0000,0.0000
12987,1,0.9504,0,1,X,0,0.9392,0.0350,0.0258,0.0000,0.0000,0.0000,0.0000,0.0000,0.0000
12990,0,-0.1509,0,1,O,1,0.9444,0.0000,0.0556,0.0000,0.0000,0.0000,0.0000,0.0000,0.0000
12992,0,-0.0445,2,1,X,1,0.0000,0.0000,1.0000,0.0000,0.0000,0.0000,0.0000,0.0000,0.0000
12996,0,-0.1734,0,1,O,1,0.9110,0.0890,0.0000,0.0000,0.0000,0.0000,0.0000,0.0000,0.0000
12998,0,-0.0764,1,1,X,1,0.0000,1.0000,0.0000,0.0000,0.0000,0.0000,0.0000,0.0000,0.0000
13002,1,0.8568,0,1,X,1,1.0000,0.0000,0.0000,0.0000,0.0000,0.0000,0.0000,0.0000,0.0000
13008,1,0.9306,0,1,X,1,1.0000,0.0000,0.0000,0.0000,0.0000,0.0000,0.0000,0.0000,0.0000
13026,1,0.9962,0,1,X,0,1.0000,0.0000,0.0000,0.0000,0.0000,0.0000,0.0000,0.0000,0.0000
13072,1,0.9138,2,1,X,1,0.0000,0.0000,1.0000,0.0000,0.0000,0.0000,0.0000,0.0000,0.0000
13078,1,0.9508,1,1,X,1,0.0000,1.0000,0.0000,0.0000,0.0000,0.0000,0.0000,0.0000,0.0000
13080,1,0.9755,0,1,X,1,1.0000,0.0000,0.0000,0.0000,0.0000,0.0000,0.0000,0.0000,0.0000
13123,1,0.5638,6,1,X,1,0.0000,0.0574,0.3436,0.0550,0.0556,0.0229,0.4508,0.0147,0.0000
13125,1,0.4909,2,1,X,1,0.0343,0.0000,0.5615,0.0506,0.1745,0.0644,0.0683,0.0464,0.0000
13126,1,0.2203,2,1,O,1,0.0000,0.0000,0.5985,0.0641,0.1150,0.0481,0.1198,0.0545,0.0000
13131,1,0.6976,1,1,X,1,0.0883,0.6300,0.0000,0.0157,0.1618,0.0163,0.0225,0.0655,0.0000
13132,-1,-0.8769,1,1,O,1,0.0000,0.5289,0.0000,0.0602,0.0812,0.0960,0.1447,0.0890,0.0000
13134,-1,-0.9473,0,1,O,1,0.3305,0.0000,0.0000,0.0957,0.1355,0.1269,0.1447,0.1668,0.0000
13136,1,0.9317,4,1,X,1,0.0000,0.0000,0.0000,0.0043,0.9829,0.0073,0.0012,0.0044,0.0000
13138,1,0.8187,6,1,X,1,0.0000,0.0000,0.0000,0.0376,0.1343,0.0199,0.7303,0.0779,0.0000
13144,-1,-0.3465,5,1,X,1,0.0000,0.0000,0.0000,0.0921,0.1324,0.5539,0.1648,0.0567,0.0000
13149,1,0.6749,6,1,X,1,0.0521,0.0477,0.0701,0.0000,0.1260,0.0451,0.6231,0.0358,0.0000
13150,1,0.2955,6,1,O,1,0.0000,0.1007,0.0831,0.0000,0.1047,0.0824,0.5686,0.0605,0.0000
13152,1,0.0090,4,0,O,0,0.0545,0.0000,0.1846,0.0000,0.5300,0.0598,0.0860,0.0851,0.0000
13154,1,0.8306,4,1,X,0,0.0000,0.0000,0.0421,0.0000,0.8686,0.0353,0.0275,0.0266,0.0000
13156,1,0.9912,6,1,X,0,0.0000,0.0000,0.0016,0.0000,0.0267,0.0110,0.9434,0.0173,0.0000
13158,0,-0.0376,4,0,O,1,0.0972,0.0996,0.0000,0.0000,0.2774,0.1498,0.1287,0.2474,0.0000
13160,1,0.5362,4,1,X,0,0.0000,0.0721,0.0000,0.0000,0.8312,0.0334,0.0375,0.0258,0.0000
13163,1,0.9374,4,1,O,0,0.0000,0.0000,0.0000,0.0000,0.7935,0.1122,0.0521,0.0422,0.0000
13164,1,0.4035,4,1,X,0,0.0522,0.0000,0.0000,0.0000,0.6516,0.0701,0.0251,0.2010,0.0000
13165,0,-0.3429,6,1,O,1,0.0000,0.0000,0.0000,0.0000,0.1847,0.1011,0.6577,0.0565,0.0000
13168,1,0.9931,6,1,X,1,0.0000,0.0051,0.0000,0.0000,0.0030,0.0062,0.9835,0.0022,0.0000
13170,-1,-0.9368,5,1,X,0,0.0765,0.0000,0.0000,0.0000,0.1638,0.3943,0.2306,0.1348,0.0000
13171,1,0.8829,5,1,O,0,0.0000,0.0000,0.0000,0.0000,0.0471,0.8422,0.1004,0.0103,0.0000
13180,1,0.9656,2,1,X,0,0.0000,0.0000,0.8568,0.0000,0.0861,0.0445,0.0008,0.0118,0.0000
13186,1,0.9931,1,1,X,1,0.0000,0.9432,0.0000,0.0000,0.0482,0.0025,0.0027,0.0034,0.0000
13188,1,0.9754,0,1,X,1,0.9638,0.0000,0.0000,0.0000,0.0293,0.0026,0.0000,0.0042,0.0000
13203,0,0.1232,5,1,X,1,0.0806,0.0930,0.1553,0.0874,0.0000,0.2420,0.1453,0.1964,0.0000
13204,0,-0.0937,6,1,O,1,0.0000,0.0974,0.3220,0.0583,0.0000,0.0807,0.3520,0.0897,0.0000
13206,0,-0.1248,7,1,O,1,0.0462,0.0000,0.0492,0.0377,0.0000,0.0423,0.0421,0.7825,0.0000
13208,1,0.9962,7,1,X,1,0.0000,0.0000,0.0170,0.0077,0.0000,0.0139,0.0154,0.9460,0.0000
13210,1,0.8225,3,1,X,1,0.0000,0.0000,0.0632,0.4232,0.0000,0.0474,0.4222,0.0440,0.0000
13212,0,-0.1156,6,1,O,1,0.0453,0.0512,0.0000,0.0307,0.0000,0.0464,0.7771,0.0495,0.0000
13214,1,0.9688,6,1,X,1,0.0000,0.0125,0.0000,0.0171,0.0000,0.0120,0.9432,0.0152,0.0000
13217,-1,-0.9522,7,1,O,1,0.0000,0.0000,0.0000,0.1288,0.0000,0.2004,0.2969,0.3739,0.0000
13218,1,0.9777,6,1,X,1,0.0113,0.0000,0.0000,0.0158,0.0000,0.0216,0.9390,0.0123,0.0000
13219,0,-0.1520,6,1,O,1,0.0000,0.0000,0.0000,0.0475,0.0000,0.0534,0.8336,0.0655,0.0000
13222,0,-0.1097,5,1,X,1,0.0000,0.0345,0.0000,0.0258,0.0000,0.8774,0.0352,0.0271,0.0000
13224,1,0.9893,7,1,X,0,0.0447,0.0000,0.0000,0.0041,0.0000,0.0579,0.0092,0.8841,0.0000
13225,1,0.8930,5,1,O,1,0.0000,0.0000,0.0000,0.0049,0.0000,0.9557,0.0074,0.0321,0.0000
13230,0,-0.1829,5,1,O,1,0.0443,0.0373,0.0332,0.0000,0.0000,0.7800,0.0615,0.0436,0.0000
13232,1,0.9614,5,1,X,1,0.0000,0.0075,0.0115,0.0000,0.0000,0.9754,0.0029,0.0027,0.0000
13235,-1,-0.8162,7,1,O,0,0.0000,0.0000,0.0233,0.0000,0.0000,0.4096,0.0557,0.5113,0.0000
13236,1,0.9928,5,1,X,0,0.0097,0.0000,0.0220,0.0000,0.0000,0.9457,0.0166,0.0061,0.0000
13237,-1,-0.9006,5,1,O,1,0.0000,0.0000,0.1563,0.0000,0.0000,0.5074,0.1731,0.1631,0.0000
13241,-1,-0.6629,5,1,O,0,0.0000,0.0732,0.0000,0.0000,0.0000,0.6280,0.1762,0.1226,0.0000
13245,-1,-0.8126,5,1,O,0,0.0522,0.0000,0.0000,0.0000,0.0000,0.5846,0.2909,0.0723,0.0000
13247,1,0.9947,5,1,X,0,0.0000,0.0000,0.0000,0.0000,0.0000,0.8405,0.1560,0.0035,0.0000
13248,1,0.9797,5,1,X,0,0.0006,0.0012,0.0000,0.0000,0.0000,0.9947,0.0017,0.0018,0.0000
13249,1,0.6738,5,1,O,0,0.0000,0.0039,0.0000,0.0000,0.0000,0.9859,0.0088,0.0014,0.0000
13251,1,0.7207,5,1,O,0,0.0015,0.0000,0.0000,0.0000,0.0000,0.9801,0.0026,0.0157,0.0000
13253,1,0.9932,5,1,X,0,0.0000,0.0000,0.0000,0.0000,0.0000,0.9437,0.0055,0.0508,0.0000
13255,1,0.9970,5,1,X,1,0.0000,0.0000,0.0000,0.0000,0.0000,0.6971,0.2945,0.0084,0.0000
13258,1,0.6754,1,1,X,1,0.0000,0.5888,0.2997,0.0000,0.0000,0.0313,0.0455,0.0346,0.0000
13260,1,0.9979,7,1,X,1,0.0262,0.0000,0.0096,0.0000,0.0000,0.0119,0.0102,0.9422,0.0000
13261,-1,-0.9737,7,1,O,1,0.0000,0.0000,0.1989,0.0000,0.0000,0.2052,0.1854,0.4105,0.0000
13266,1,0.9546,6,1,X,1,0.0079,0.0224,0.0000,0.0000,0.0000,0.0099,0.9435,0.0163,0.0000
13267,-1,-0.9828,6,1,O,1,0.0000,0.3315,0.0000,0.0000,0.0000,0.1700,0.3705,0.1280,0.0000
13269,-1,-0.9751,7,1,O,0,0.2061,0.0000,0.0000,0.0000,0.0000,0.1508,0.2975,0.3456,0.0000
13271,1,0.9085,7,1,X,1,0.0000,0.0000,0.0000,0.0000,0.0000,0.0107,0.3706,0.6187,0.0000
13273,1,0.9559,6,1,X,1,0.0000,0.0000,0.0000,0.0000,0.0000,0.0045,0.9751,0.0204,0.0000
13279,1,0.9672,7,1,X,1,0.0000,0.0000,0.0000,0.0000,0.0000,0.0397,0.0053,0.9550,0.0000
13288,1,0.9748,2,1,X,1,0.0000,0.0000,0.9609,0.0113,0.0000,0.0135,0.0062,0.0080,0.0000
13294,1,0.9981,1,1,X,1,0.0000,0.9927,0.0000,0.0014,0.0000,0.0011,0.0017,0.0032,0.0000
13296,1,0.9813,0,1,X,1,0.9927,0.0000,0.0000,0.0029,0.0000,0.0023,0.0016,0.0004,0.0000
13312,1,0.9193,6,1,X,1,0.0000,0.0086,0.0082,0.0000,0.0000,0.0063,0.9619,0.0150,0.0000
13314,1,0.5445,0,1,X,1,0.9082,0.0000,0.0168,0.0000,0.0000,0.0132,0.0395,0.0223,0.0000
13315,-1,-0.9465,2,1,O,1,0.0000,0.0000,0.3721,0.0000,0.0000,0.1917,0.2842,0.1520,0.0000
13320,1,0.3424,0,1,X,1,0.8056,0.0553,0.0000,0.0000,0.0000,0.0306,0.0677,0.0408,0.0000
13321,-1,-0.9297,6,1,O,1,0.0000,0.3734,0.0000,0.0000,0.0000,0.1059,0.4150,0.1057,0.0000
13323,1,0.4049,0,1,O,0,0.9585,0.0000,0.0000,0.0000,0.0000,0.0071,0.0122,0.0223,0.0000
13327,1,0.9094,6,1,X,0,0.0000,0.0000,0.0000,0.0000,0.0000,0.0107,0.9599,0.0294,0.0000
13333,1,0.8162,6,1,X,0,0.0000,0.0000,0.0000,0.0000,0.0000,0.0092,0.9895,0.0014,0.0000
13365,0,0.1866,6,1,X,1,0.0563,0.0473,0.1821,0.0679,0.2396,0.0000,0.3071,0.0998,0.0000
13366,0,0.4094,6,1,O,0,0.0000,0.0865,0.1138,0.1876,0.2510,0.0000,0.2800,0.0812,0.0000
13368,1,0.2640,4,0,O,0,0.1170,0.0000,0.0771,0.1615,0.4790,0.0000,0.0962,0.0692,0.0000
13370,1,-0.7913,4,1,X,0,0.0000,0.0000,0.0699,0.0206,0.8545,0.0000,0.0283,0.0267,0.0000
13372,1,0.9241,4,0,X,0,0.0000,0.0000,0.0341,0.3209,0.5368,0.0000,0.0756,0.0325,0.0000
13374,1,0.3747,7,1,O,1,0.1503,0.1422,0.0000,0.1476,0.0899,0.0000,0.1431,0.3270,0.0000
13376,1,0.8462,4,1,X,1,0.0000,0.0098,0.0000,0.0080,0.9749,0.0000,0.0045,0.0028,0.0000
13379,1,0.8853,4,1,O,1,0.0000,0.0000,0.0000,0.1858,0.7221,0.0000,0.0659,0.0262,0.0000
13380,1,0.6378,4,1,X,1,0.0352,0.0000,0.0000,0.0316,0.8992,0.0000,0.0112,0.0227,0.0000
13381,1,0.5252,4,0,O,1,0.0000,0.0000,0.0000,0.0952,0.3877,0.0000,0.2706,0.2465,0.0000
13384,1,0.7275,3,1,X,1,0.0000,0.0334,0.0000,0.6558,0.1904,0.0000,0.1041,0.0163,0.0000
13386,1,0.5108,4,1,X,0,0.1006,0.0000,0.0000,0.1442,0.5223,0.0000,0.1021,0.1307,0.0000
13387,1,0.6763,6,1,O,1,0.0000,0.0000,0.0000,0.1500,0.3226,0.0000,0.4373,0.0902,0.0000
13392,1,0.5605,4,1,O,1,0.0269,0.0310,0.0178,0.0000,0.8741,0.0000,0.0310,0.0192,0.0000
13394,1,0.9791,4,1,X,0,0.0000,0.0056,0.0056,0.0000,0.9588,0.0000,0.0208,0.0092,0.0000
13397,1,0.9284,4,1,O,0,0.0000,0.0000,0.0144,0.0000,0.9373,0.0000,0.0347,0.0135,0.0000
13398,1,0.9676,4,1,X,0,0.0000,0.0000,0.0025,0.0000,0.9863,0.0000,0.0073,0.0039,0.0000
13399,-1,0.1166,6,1,O,0,0.0000,0.0000,0.2070,0.0000,0.2927,0.0000,0.3736,0.1268,0.0000
13403,1,0.7312,4,1,O,0,0.0000,0.0455,0.0000,0.0000,0.8690,0.0000,0.0452,0.0404,0.0000
13407,1,0.2095,4,1,O,0,0.0863,0.0000,0.0000,0.0000,0.7816,0.0000,0.0148,0.1174,0.0000
13409,1,0.9907,4,1,X,0,0.0000,0.0000,0.0000,0.0000,0.9937,0.0000,0.0053,0.0011,0.0000
13410,1,0.9278,4,1,X,0,0.0000,0.0089,0.0000,0.0000,0.9486,0.0000,0.0274,0.0151,0.0000
13411,-1,0.4452,4,1,O,0,0.0000,0.1170,0.0000,0.0000,0.4184,0.0000,0.3923,0.0723,0.0000
13413,1,0.7763,4,1,O,0,0.0247,0.0000,0.0000,0.0000,0.8807,0.0000,0.0518,0.0428,0.0000
13415,1,0.9497,4,1,X,0,0.0000,0.0000,0.0000,0.0000,0.9791,0.0000,0.0157,0.0052,0.0000
13417,1,0.9966,4,1,X,0,0.0000,0.0000,0.0000,0.0000,0.7342,0.0000,0.2504,0.0154,0.0000
13420,0,-0.0055,4,1,X,1,0.0000,0.2258,0.2342,0.0000,0.2627,0.0000,0.1306,0.1467,0.0000
13422,0,0.1205,0,1,X,0,0.4552,0.0000,0.0507,0.0000,0.2877,0.0000,0.1457,0.0606,0.0000
13423,0,-0.1221,2,1,O,0,0.0000,0.0000,0.6798,0.0000,0.1410,0.0000,0.1431,0.0360,0.0000
13428,0,-0.2335,0,1,X,1,0.5171,0.1908,0.0000,0.0000,0.1180,0.0000,0.0857,0.0884,0.0000
13429,0,-0.1438,1,1,O,1,0.0000,0.8293,0.0000,0.0000,0.0770,0.0000,0.0529,0.0407,0.0000
13431,1,0.4297,0,1,O,1,0.5379,0.0000,0.0000,0.0000,0.3271,0.0000,0.0229,0.1122,0.0000
13433,-1,-0.9538,4,1,X,1,0.0000,0.0000,0.0000,0.0000,0.9012,0.0000,0.0560,0.0428,0.0000
13435,0,-0.0885,4,1,X,1,0.0000,0.0000,0.0000,0.0000,0.5853,0.0000,0.1437,0.2710,0.0000
13441,0,0.1377,4,1,X,0,0.0000,0.0000,0.0000,0.0000,0.6692,0.0000,0.2268,0.1040,0.0000
13446,0,-0.1435,3,1,O,1,0.0284,0.0311,0.0304,0.8429,0.0000,0.0000,0.0343,0.0330,0.0000
13448,1,0.9838,3,1,X,1,0.0000,0.0056,0.0092,0.9671,0.0000,0.0000,0.0142,0.0039,0.0000
13451,-1,-0.7625,3,1,O,0,0.0000,0.0000,0.0308,0.6405,0.0000,0.0000,0.0322,0.2965,0.0000
13452,1,0.9828,3,1,X,1,0.0208,0.0000,0.0171,0.9310,0.0000,0.0000,0.0253,0.0059,0.0000
13453,0,-0.2235,3,1,O,0,0.0000,0.0000,0.0470,0.9004,0.0000,0.0000,0.0219,0.0307,0.0000
13457,-1,-0.9707,3,1,O,1,0.0000,0.1344,0.0000,0.3823,0.0000,0.0000,0.2906,0.1928,0.0000
13461,-1,-0.9154,6,1,O,1,0.1546,0.0000,0.0000,0.3100,0.0000,0.0000,0.3391,0.1962,0.0000
13463,1,0.9980,3,1,X,1,0.0000,0.0000,0.0000,0.6652,0.0000,0.0000,0.3221,0.0127,0.0000
13464,1,0.9858,3,1,X,1,0.0053,0.0065,0.0000,0.9726,0.0000,0.0000,0.0095,0.0061,0.0000
13465,0,-0.0775,3,1,O,1,0.0000,0.0264,0.0000,0.9225,0.0000,0.0000,0.0192,0.0319,0.0000
13467,-1,-0.4936,3,1,O,0,0.0359,0.0000,0.0000,0.5697,0.0000,0.0000,0.0424,0.3521,0.0000
13469,1,0.9997,7,1,X,0,0.0000,0.0000,0.0000,0.3129,0.0000,0.0000,0.0078,0.6793,0.0000
13471,1,0.9608,3,1,X,0,0.0000,0.0000,0.0000,0.9890,0.0000,0.0000,0.0081,0.0029,0.0000
13500,0,-0.0454,6,1,X,1,0.1700,0.1664,0.0407,0.0000,0.0000,0.0000,0.4097,0.2132,0.0000
13501,0,0.0604,7,1,O,1,0.0000,0.1585,0.1847,0.0000,0.0000,0.0000,0.2998,0.3570,0.0000
13503,0,-0.0317,7,1,O,1,0.0235,0.0000,0.0332,0.0000,0.0000,0.0000,0.0497,0.8936,0.0000
13505,1,0.9395,7,1,X,0,0.0000,0.0000,0.0305,0.0000,0.0000,0.0000,0.1048,0.8647,0.0000
13507,0,0.0074,6,1,X,0,0.0000,0.0000,0.2949,0.0000,0.0000,0.0000,0.4152,0.2899,0.0000
13509,1,0.5236,6,1,O,1,0.0281,0.0614,0.0000,0.0000,0.0000,0.0000,0.8632,0.0473,0.0000
13511,1,0.7254,6,1,X,1,0.0000,0.0204,0.0000,0.0000,0.0000,0.0000,0.9605,0.0192,0.0000
13514,1,0.9913,6,1,O,0,0.0000,0.0000,0.0000,0.0000,0.0000,0.0000,0.9605,0.0395,0.0000
13515,1,0.6225,6,1,X,1,0.0533,0.0000,0.0000,0.0000,0.0000,0.0000,0.8805,0.0662,0.0000
13516,0,-0.2084,6,1,O,1,0.0000,0.0000,0.0000,0.0000,0.0000,0.0000,0.9376,0.0624,0.0000
13519,0,-0.0463,1,1,X,1,0.0000,0.3528,0.0000,0.0000,0.0000,0.0000,0.2956,0.3517,0.0000
13521,1,0.9992,7,1,X,0,0.0176,0.0000,0.0000,0.0000,0.0000,0.0000,0.0062,0.9762,0.0000
13522,0,-0.2089,7,1,O,1,0.0000,0.0000,0.0000,0.0000,0.0000,0.0000,0.0423,0.9577,0.0000
13528,0,0.0157,6,1,X,1,0.0000,0.1399,0.2017,0.0354,0.0000,0.0000,0.3855,0.2375,0.0000
13530,0,-0.0458,0,1,X,1,0.8952,0.0000,0.0226,0.0210,0.0000,0.0000,0.0371,0.0241,0.0000
13531,0,-0.1438,2,1,O,1,0.0000,0.0000,0.9190,0.0228,0.0000,0.0000,0.0262,0.0321,0.0000
13536,0,-0.1876,0,1,X,1,0.9230,0.0220,0.0000,0.0169,0.0000,0.0000,0.0192,0.0189,0.0000
13537,0,-0.0620,1,1,O,1,0.0000,0.9480,0.0000,0.0143,0.0000,0.0000,0.0155,0.0221,0.0000
13539,1,0.8444,0,1,O,1,0.9741,0.0000,0.0000,0.0130,0.0000,0.0000,0.0074,0.0055,0.0000
13543,0,-0.0472,7,1,X,1,0.0000,0.0000,0.0000,0.0158,0.0000,0.0000,0.0174,0.9668,0.0000
13549,0,-0.0724,6,1,X,1,0.0000,0.0000,0.0000,0.0228,0.0000,0.0000,0.9559,0.0212,0.0000
13554,-1,-0.9430,0,1,X,1,0.5415,0.0902,0.0855,0.0000,0.0000,0.0000,0.1638,0.1190,0.0000
13555,1,0.4006,6,1,O,1,0.0000,0.0535,0.0689,0.0000,0.0000,0.0000,0.8206,0.0571,0.0000
13557,1,0.6892,0,1,O,0,0.9501,0.0000,0.0201,0.0000,0.0000,0.0000,0.0168,0.0130,0.0000
13561,1,0.6954,6,1,X,0,0.0000,0.0000,0.0019,0.0000,0.0000,0.0000,0.9163,0.0818,0.0000
13563,1,0.9522,0,1,O,1,0.9526,0.0113,0.0000,0.0000,0.0000,0.0000,0.0133,0.0227,0.0000
13569,-1,-0.8736,7,1,X,0,0.3925,0.0000,0.0000,0.0000,0.0000,0.0000,0.0688,0.5387,0.0000
13570,1,0.9855,7,1,O,1,0.0000,0.0000,0.0000,0.0000,0.0000,0.0000,0.0110,0.9890,0.0000
13573,1,0.9154,6,1,X,0,0.0000,0.0046,0.0000,0.0000,0.0000,0.0000,0.9911,0.0043,0.0000
13575,-1,-0.9234,6,1,X,0,0.2682,0.0000,0.0000,0.0000,0.0000,0.0000,0.6802,0.0517,0.0000
13576,1,0.7863,6,1,O,0,0.0000,0.0000,0.0000,0.0000,0.0000,0.0000,0.9834,0.0166,0.0000
13585,1,0.9279,2,1,X,0,0.0000,0.0000,0.9688,0.0000,0.0000,0.0000,0.0197,0.0115,0.0000
13591,1,0.9459,1,1,X,1,0.0000,0.9722,0.0000,0.0000,0.0000,0.0000,0.0144,0.0134,0.0000
13593,1,0.7043,0,1,X,1,0.9887,0.0000,0.0000,0.0000,0.0000,0.0000,0.0072,0.0041,0.0000
13612,1,0.9824,2,1,X,0,0.0000,0.0000,0.9430,0.0067,0.0457,0.0000,0.0030,0.0017,0.0000
13618,1,0.9916,1,1,X,1,0.0000,0.9306,0.0000,0.0100,0.0526,0.0000,0.0047,0.0021,0.0000
13620,1,0.9880,0,1,X,1,0.9719,0.0000,0.0000,0.0161,0.0078,0.0000,0.0004,0.0037,0.0000
13636,1,0.9511,6,1,X,0,0.0000,0.0070,0.0280,0.0000,0.0070,0.0000,0.9538,0.0042,0.0000
13638,1,-0.8878,2,1,X,0,0.0716,0.0000,0.7679,0.0000,0.0787,0.0000,0.0741,0.0077,0.0000
13639,1,0.8935,2,1,O,0,0.0000,0.0000,0.9318,0.0000,0.0133,0.0000,0.0402,0.0147,0.0000
13644,1,0.6732,0,1,X,0,0.3904,0.1537,0.0000,0.0000,0.1940,0.0000,0.1750,0.0870,0.0000
13645,-1,-0.3512,1,1,O,0,0.0000,0.5387,0.0000,0.0000,0.0867,0.0000,0.2636,0.1110,0.0000
13647,-1,-0.8543,0,1,O,0,0.4106,0.0000,0.0000,0.0000,0.2232,0.0000,0.2295,0.1367,0.0000
13649,1,0.6681,4,1,X,0,0.0000,0.0000,0.0000,0.0000,0.9261,0.0000,0.0585,0.0153,0.0000
13651,1,0.9901,6,1,X,0,0.0000,0.0000,0.0000,0.0000,0.0428,0.0000,0.9466,0.0106,0.0000
13690,1,0.7577,2,1,X,1,0.0000,0.0151,0.9466,0.0131,0.0000,0.0000,0.0116,0.0137,0.0000
13692,1,0.9593,7,1,X,0,0.0227,0.0000,0.0382,0.0056,0.0000,0.0000,0.0082,0.9253,0.0000
13693,1,0.7942,2,1,O,0,0.0000,0.0000,0.8889,0.0707,0.0000,0.0000,0.0059,0.0345,0.0000
13698,1,0.9818,6,1,X,1,0.0288,0.0121,0.0000,0.0110,0.0000,0.0000,0.9379,0.0103,0.0000
13699,-1,-0.9748,6,1,O,1,0.0000,0.2986,0.0000,0.1314,0.0000,0.0000,0.3962,0.1738,0.0000
13701,-1,-0.9418,6,1,O,0,0.1792,0.0000,0.0000,0.2045,0.0000,0.0000,0.3459,0.2705,0.0000
13703,1,0.9974,7,1,X,1,0.0000,0.0000,0.0000,0.0087,0.0000,0.0000,0.2408,0.7505,0.0000
13705,1,0.9645,6,1,X,1,0.0000,0.0000,0.0000,0.0164,0.0000,0.0000,0.9500,0.0335,0.0000
13716,0,-0.1466,2,1,X,1,0.0407,0.0453,0.8222,0.0000,0.0000,0.0000,0.0374,0.0545,0.0000
13717,1,0.6815,2,1,O,0,0.0000,0.0469,0.8789,0.0000,0.0000,0.0000,0.0456,0.0285,0.0000
13719,1,0.9356,2,1,O,0,0.0152,0.0000,0.8803,0.0000,0.0000,0.0000,0.0104,0.0941,0.0000
13721,1,0.9223,7,1,X,0,0.0000,0.0000,0.1257,0.0000,0.0000,0.0000,0.0260,0.8483,0.0000
13723,1,0.8998,6,1,X,1,0.0000,0.0000,0.0176,0.0000,0.0000,0.0000,0.9770,0.0054,0.0000
13725,0,-0.0702,6,1,O,1,0.0320,0.0315,0.0000,0.0000,0.0000,0.0000,0.9032,0.0334,0.0000
13727,1,0.8220,6,1,X,0,0.0000,0.0533,0.0000,0.0000,0.0000,0.0000,0.8592,0.0875,0.0000
13730,-1,-0.8855,7,1,O,0,0.0000,0.0000,0.0000,0.0000,0.0000,0.0000,0.4799,0.5201,0.0000
13731,1,0.9328,6,1,X,0,0.0623,0.0000,0.0000,0.0000,0.0000,0.0000,0.9094,0.0283,0.0000
13732,0,-0.3452,6,1,O,0,0.0000,0.0000,0.0000,0.0000,0.0000,0.0000,0.9558,0.0442,0.0000
13747,1,0.9744,2,1,X,1,0.0000,0.0000,0.5425,0.0000,0.0000,0.0000,0.0014,0.4561,0.0000
13753,1,0.9991,1,1,X,1,0.0000,0.7415,0.0000,0.0000,0.0000,0.0000,0.2494,0.0091,0.0000
13755,1,0.9909,0,1,X,0,0.6613,0.0000,0.0000,0.0000,0.0000,0.0000,0.1126,0.2261,0.0000
13801,1,0.8747,2,1,X,0,0.0000,0.0000,0.6392,0.0000,0.0000,0.0000,0.3504,0.0104,0.0000
13807,1,0.9997,6,1,X,1,0.0000,0.3128,0.0000,0.0000,0.0000,0.0000,0.6795,0.0077,0.0000
13809,1,0.9682,0,1,X,0,0.9911,0.0000,0.0000,0.0000,0.0000,0.0000,0.0075,0.0015,0.0000
13851,1,0.7198,3,1,X,1,0.1277,0.0196,0.0308,0.6456,0.0992,0.0623,0.0000,0.0148,0.0000
13852,-1,-0.9405,3,1,O,1,0.0000,0.0829,0.1075,0.5600,0.0877,0.0920,0.0000,0.0699,0.0000
13854,0,-0.2494,5,0,O,1,0.1664,0.0000,0.2028,0.1550,0.1985,0.2111,0.0000,0.0662,0.0000
13856,1,0.7827,4,1,X,0,0.0000,0.0000,0.0454,0.0850,0.8044,0.0234,0.0000,0.0418,0.0000
13858,1,0.9891,3,1,X,1,0.0000,0.0000,0.0102,0.8975,0.0686,0.0136,0.0000,0.0100,0.0000
13860,-1,-0.8727,4,1,O,1,0.1068,0.1161,0.0000,0.1375,0.4221,0.1166,0.0000,0.1009,0.0000
13862,1,0.9375,4,1,X,1,0.0000,0.0489,0.0000,0.0255,0.8814,0.0253,0.0000,0.0188,0.0000
13865,1,0.9249,4,1,O,1,0.0000,0.0000,0.0000,0.0490,0.8886,0.0320,0.0000,0.0303,0.0000
13866,1,0.9616,4,1,X,0,0.0686,0.0000,0.0000,0.0715,0.8154,0.0109,0.0000,0.0335,0.0000
13867,-1,-0.9362,4,1,O,1,0.0000,0.0000,0.0000,0.2902,0.3492,0.2289,0.0000,0.1318,0.0000
13870,1,0.9568,3,1,X,1,0.0000,0.0055,0.0000,0.9502,0.0163,0.0235,0.0000,0.0046,0.0000
13872,0,-0.5613,5,1,X,0,0.1299,0.0000,0.0000,0.1421,0.1718,0.4433,0.0000,0.1129,0.0000
13873,1,0.8584,5,1,O,0,0.0000,0.0000,0.0000,0.0117,0.0242,0.9551,0.0000,0.0090,0.0000
13878,-1,-0.9814,0,1,O,1,0.3322,0.1025,0.1406,0.0000,0.1464,0.1804,0.0000,0.0977,0.0000
13880,1,0.9052,4,1,X,1,0.0000,0.0047,0.0038,0.0000,0.9787,0.0090,0.0000,0.0037,0.0000
13883,1,0.8831,4,1,O,0,0.0000,0.0000,0.0305,0.0000,0.7945,0.1070,0.0000,0.0680,0.0000
13884,1,0.9953,0,1,X,1,0.8917,0.0000,0.0016,0.0000,0.0968,0.0064,0.0000,0.0035,0.0000
13889,1,0.3937,4,1,O,0,0.0000,0.0425,0.0000,0.0000,0.8244,0.0867,0.0000,0.0464,0.0000
13893,-1,-0.9881,4,1,O,0,0.2071,0.0000,0.0000,0.0000,0.3375,0.1430,0.0000,0.3123,0.0000
13895,1,0.9316,4,1,X,0,0.0000,0.0000,0.0000,0.0000,0.9787,0.0133,0.0000,0.0081,0.0000
13896,1,0.9719,0,1,X,1,0.9731,0.0039,0.0000,0.0000,0.0058,0.0107,0.0000,0.0065,0.0000
13899,1,0.7393,5,1,O,0,0.1184,0.0000,0.0000,0.0000,0.0560,0.7679,0.0000,0.0577,0.0000
13901,-1,-0.9012,4,1,X,0,0.0000,0.0000,0.0000,0.0000,0.6523,0.2483,0.0000,0.0994,0.0000
13906,1,0.6187,2,1,X,1,0.0000,0.0432,0.6562,0.0000,0.0920,0.1913,0.0000,0.0173,0.0000
13908,1,0.4367,4,1,X,0,0.0475,0.0000,0.1021,0.0000,0.7267,0.0864,0.0000,0.0373,0.0000
13909,0,-0.1867,2,1,O,1,0.0000,0.0000,0.8077,0.0000,0.0571,0.0772,0.0000,0.0580,0.0000
13914,1,0.9313,4,1,X,0,0.0150,0.0361,0.0000,0.0000,0.9014,0.0267,0.0000,0.0208,0.0000
13915,-1,-0.9485,4,1,O,1,0.0000,0.2698,0.0000,0.0000,0.3490,0.2351,0.0000,0.1461,0.0000
13917,-1,-0.7176,4,1,O,0,0.2627,0.0000,0.0000,0.0000,0.3489,0.3270,0.0000,0.0614,0.0000
13919,1,0.9350,4,1,X,0,0.0000,0.0000,0.0000,0.0000,0.9872,0.0037,0.0000,0.0091,0.0000
13921,1,0.8308,4,1,X,1,0.0000,0.0000,0.0000,0.0000,0.9305,0.0520,0.0000,0.0176,0.0000
13927,0,-0.0579,5,1,X,1,0.0000,0.0000,0.0000,0.0000,0.0776,0.9075,0.0000,0.0149,0.0000
13932,0,-0.1672,2,1,O,1,0.0574,0.0565,0.7501,0.0547,0.0000,0.0407,0.0000,0.0406,0.0000
13934,1,0.9687,2,1,X,1,0.0000,0.0141,0.9439,0.0139,0.0000,0.0194,0.0000,0.0087,0.0000
13937,-1,-0.8742,7,1,O,0,0.0000,0.0000,0.2994,0.1049,0.0000,0.0820,0.0000,0.5137,0.0000
13938,1,0.9862,2,1,X,1,0.0088,0.0000,0.9696,0.0097,0.0000,0.0079,0.0000,0.0041,0.0000
13939,-1,-0.9731,2,1,O,1,0.0000,0.0000,0.4768,0.2419,0.0000,0.1567,0.0000,0.1246,0.0000
13950,0,-0.0814,5,1,X,1,0.0305,0.0269,0.0000,0.0267,0.0000,0.8902,0.0000,0.0257,0.0000
13951,1,0.9131,5,1,O,1,0.0000,0.0108,0.0000,0.0144,0.0000,0.9713,0.0000,0.0035,0.0000
13953,1,0.9590,5,1,O,0,0.0099,0.0000,0.0000,0.0086,0.0000,0.9674,0.0000,0.0141,0.0000
13955,1,0.9475,7,1,X,1,0.0000,0.0000,0.0000,0.0184,0.0000,0.0730,0.0000,0.9086,0.0000
13957,1,0.9888,3,1,X,1,0.0000,0.0000,0.0000,0.9184,0.0000,0.0642,0.0000,0.0174,0.0000
13961,-1,-0.9781,5,1,O,1,0.0000,0.2270,0.2629,0.0000,0.0000,0.3434,0.0000,0.1667,0.0000
13965,-1,-0.9818,5,1,O,0,0.1839,0.0000,0.2815,0.0000,0.0000,0.4030,0.0000,0.1317,0.0000
13967,1,0.9936,5,1,X,1,0.0000,0.0000,0.3437,0.0000,0.0000,0.6443,0.0000,0.0120,0.0000
13977,1,0.7681,5,1,O,1,0.0075,0.0050,0.0000,0.0000,0.0000,0.9837,0.0000,0.0037,0.0000
13979,1,0.9214,5,1,X,1,0.0000,0.0065,0.0000,0.0000,0.0000,0.9909,0.0000,0.0026,0.0000
13982,1,0.7193,5,1,O,0,0.0000,0.0000,0.0000,0.0000,0.0000,0.9392,0.0000,0.0608,0.0000
13983,1,0.9962,5,1,X,0,0.3090,0.0000,0.0000,0.0000,0.0000,0.6844,0.0000,0.0066,0.0000
13986,1,0.9539,2,1,X,1,0.0098,0.0229,0.9328,0.0000,0.0000,0.0129,0.0000,0.0216,0.0000
13987,0,-0.4677,2,1,O,1,0.0000,0.0752,0.7944,0.0000,0.0000,0.0682,0.0000,0.0622,0.0000
13989,-1,-0.7676,2,1,O,0,0.0547,0.0000,0.4676,0.0000,0.0000,0.0710,0.0000,0.4067,0.0000
13991,1,0.9866,7,1,X,0,0.0000,0.0000,0.1613,0.0000,0.0000,0.0128,0.0000,0.8259,0.0000
13993,1,0.9448,2,1,X,1,0.0000,0.0000,0.9683,0.0000,0.0000,0.0256,0.0000,0.0061,0.0000
14005,0,-0.0012,5,1,X,1,0.0000,0.0311,0.0000,0.0000,0.0000,0.9437,0.0000,0.0252,0.0000
14007,1,0.9350,7,1,X,0,0.0253,0.0000,0.0000,0.0000,0.0000,0.0765,0.0000,0.8982,0.0000
14008,1,0.7697,5,1,O,0,0.0000,0.0000,0.0000,0.0000,0.0000,0.9851,0.0000,0.0149,0.0000
14014,1,0.9815,3,1,X,1,0.0000,0.0021,0.0022,0.9891,0.0000,0.0051,0.0000,0.0015,0.0000
14016,1,0.7438,0,1,X,1,0.9118,0.0000,0.0134,0.0422,0.0000,0.0198,0.0000,0.0127,0.0000
14017,-1,-0.9740,3,1,O,1,0.0000,0.0000,0.2913,0.4820,0.0000,0.1150,0.0000,0.1117,0.0000
14022,1,0.7959,0,1,X,1,0.9502,0.0102,0.0000,0.0205,0.0000,0.0078,0.0000,0.0113,0.0000
14023,-1,-0.9676,3,1,O,1,0.0000,0.3206,0.0000,0.3473,0.0000,0.1915,0.0000,0.1406,0.0000
14025,1,0.9171,0,1,O,0,0.9588,0.0000,0.0000,0.0223,0.0000,0.0132,0.0000,0.0057,0.0000
14029,1,0.9454,3,1,X,1,0.0000,0.0000,0.0000,0.9362,0.0000,0.0208,0.0000,0.0430,0.0000
14035,1,0.9743,3,1,X,1,0.0000,0.0000,0.0000,0.9818,0.0000,0.0152,0.0000,0.0030,0.0000
14040,1,0.9607,0,1,X,1,0.9908,0.0027,0.0015,0.0000,0.0000,0.0030,0.0000,0.0020,0.0000
14043,1,0.4080,0,1,O,0,0.9501,0.0000,0.0072,0.0000,0.0000,0.0190,0.0000,0.0238,0.0000
14049,1,0.8663,0,1,O,0,0.9671,0.0038,0.0000,0.0000,0.0000,0.0089,0.0000,0.0202,0.0000
14055,1,0.9199,0,1,X,0,0.9530,0.0000,0.0000,0.0000,0.0000,0.0318,0.0000,0.0152,0.0000
14061,1,0.9426,0,1,X,1,0.9901,0.0000,0.0000,0.0000,0.0000,0.0051,0.0000,0.0048,0.0000
14071,1,0.8833,2,1,X,1,0.0000,0.0000,0.9127,0.0000,0.0000,0.0643,0.0000,0.0230,0.0000
14077,1,0.9724,1,1,X,1,0.0000,0.9390,0.0000,0.0000,0.0000,0.0548,0.0000,0.0062,0.0000
14079,1,0.9580,0,1,X,0,0.9869,0.0000,0.0000,0.0000,0.0000,0.0082,0.0000,0.0049,0.0000
14094,0,-0.6149,4,1,O,1,0.0417,0.0538,0.0979,0.2885,0.4706,0.0000,0.0000,0.0475,0.0000
14096,1,0.9278,4,1,X,0,0.0000,0.0224,0.0201,0.0527,0.8841,0.0000,0.0000,0.0207,0.0000
14099,1,0.6280,4,1,O,0,0.0000,0.0000,0.0323,0.2759,0.6606,0.0000,0.0000,0.0312,0.0000
14100,1,0.8980,4,1,X,0,0.0328,0.0000,0.0226,0.2353,0.6787,0.0000,0.0000,0.0306,0.0000
14101,0,-0.7055,3,1,O,0,0.0000,0.0000,0.0509,0.7456,0.1700,0.0000,0.0000,0.0335,0.0000
14105,1,0.2443,4,1,O,0,0.0000,0.0335,0.0000,0.0807,0.8730,0.0000,0.0000,0.0128,0.0000
14109,1,-0.5112,4,1,O,0,0.0689,0.0000,0.0000,0.1159,0.7590,0.0000,0.0000,0.0563,0.0000
14111,1,0.9855,4,1,X,0,0.0000,0.0000,0.0000,0.0016,0.9941,0.0000,0.0000,0.0044,0.0000
14112,1,0.6740,3,1,X,1,0.0760,0.0258,0.0000,0.7094,0.1528,0.0000,0.0000,0.0360,0.0000
14113,0,-0.2038,3,1,O,0,0.0000,0.0794,0.0000,0.8687,0.0064,0.0000,0.0000,0.0455,0.0000
14115,0,-0.3666,3,1,O,0,0.1602,0.0000,0.0000,0.4398,0.2266,0.0000,0.0000,0.1735,0.0000
14117,1,0.7038,4,1,X,0,0.0000,0.0000,0.0000,0.0416,0.9449,0.0000,0.0000,0.0135,0.0000
14119,1,0.9893,3,1,X,0,0.0000,0.0000,0.0000,0.8486,0.1357,0.0000,0.0000,0.0157,0.0000
14123,1,0.6486,4,1,O,0,0.0000,0.0293,0.0153,0.0000,0.9307,0.0000,0.0000,0.0246,0.0000
14127,-1,-0.9118,4,1,O,0,0.2202,0.0000,0.1349,0.0000,0.4912,0.0000,0.0000,0.1536,0.0000
14129,1,0.9491,4,1,X,0,0.0000,0.0000,0.0032,0.0000,0.9953,0.0000,0.0000,0.0015,0.0000
14138,1,-0.4238,4,1,O,0,0.0000,0.0000,0.0000,0.0000,0.9695,0.0000,0.0000,0.0305,0.0000
14139,-1,-0.8307,0,1,O,1,0.3948,0.1313,0.0000,0.0000,0.2988,0.0000,0.0000,0.1750,0.0000
14141,1,0.9222,4,1,X,0,0.0000,0.0087,0.0000,0.0000,0.9774,0.0000,0.0000,0.0139,0.0000
14144,1,0.5627,4,1,O,0,0.0000,0.0000,0.0000,0.0000,0.9110,0.0000,0.0000,0.0890,0.0000
14145,1,0.9966,4,1,X,1,0.2914,0.0000,0.0000,0.0000,0.7074,0.0000,0.0000,0.0012,0.0000
14148,0,-0.0292,4,1,X,1,0.1624,0.0899,0.0902,0.0000,0.6016,0.0000,0.0000,0.0559,0.0000
14149,0,-0.1474,2,1,O,1,0.0000,0.2622,0.2784,0.0000,0.2461,0.0000,0.0000,0.2133,0.0000
14151,0,-0.5355,4,1,O,0,0.0795,0.0000,0.1756,0.0000,0.6486,0.0000,0.0000,0.0963,0.0000
14153,1,0.1758,4,1,X,0,0.0000,0.0000,0.0247,0.0000,0.9521,0.0000,0.0000,0.0232,0.0000
14155,0,0.0682,4,1,X,0,0.0000,0.0000,0.1047,0.0000,0.7383,0.0000,0.0000,0.1570,0.0000
14157,0,-0.4598,4,1,O,0,0.0725,0.1244,0.0000,0.0000,0.7594,0.0000,0.0000,0.0437,0.0000
14159,1,0.8739,4,1,X,0,0.0000,0.0346,0.0000,0.0000,0.9536,0.0000,0.0000,0.0118,0.0000
14162,1,0.9369,4,1,O,0,0.0000,0.0000,0.0000,0.0000,0.9882,0.0000,0.0000,0.0118,0.0000
14163,1,0.6621,4,1,X,0,0.0670,0.0000,0.0000,0.0000,0.9077,0.0000,0.0000,0.0254,0.0000
14164,0,0.3640,4,1,O,1,0.0000,0.0000,0.0000,0.0000,0.9785,0.0000,0.0000,0.0215,0.0000
14167,0,-0.0861,4,1,X,1,0.0000,0.3331,0.0000,0.0000,0.4182,0.0000,0.0000,0.2487,0.0000
14169,0,0.1193,4,1,X,0,0.1086,0.0000,0.0000,0.0000,0.7928,0.0000,0.0000,0.0987,0.0000
14170,0,-0.1741,4,1,O,1,0.0000,0.0000,0.0000,0.0000,0.6142,0.0000,0.0000,0.3858,0.0000
14177,-1,-0.8464,3,1,O,0,0.0000,0.1034,0.2415,0.5439,0.0000,0.0000,0.0000,0.1112,0.0000
14181,-1,-0.8451,3,1,O,0,0.0785,0.0000,0.3073,0.5378,0.0000,0.0000,0.0000,0.0764,0.0000
14183,1,0.9953,3,1,X,0,0.0000,0.0000,0.4464,0.5317,0.0000,0.0000,0.0000,0.0218,0.0000
14193,0,-0.1009,3,1,O,1,0.0175,0.0276,0.0000,0.9327,0.0000,0.0000,0.0000,0.0221,0.0000
14195,1,0.9506,3,1,X,1,0.0000,0.0382,0.0000,0.9430,0.0000,0.0000,0.0000,0.0188,0.0000
14198,-1,-0.9502,7,1,O,1,0.0000,0.0000,0.0000,0.4848,0.0000,0.0000,0.0000,0.5152,0.0000
14199,1,0.9519,3,1,X,1,0.0399,0.0000,0.0000,0.9365,0.0000,0.0000,0.0000,0.0237,0.0000
14200,0,-0.6822,3,1,O,0,0.0000,0.0000,0.0000,0.9678,0.0000,0.0000,0.0000,0.0322,0.0000
14229,0,-0.1462,2,1,O,1,0.0386,0.0417,0.8854,0.0000,0.0000,0.0000,0.0000,0.0344,0.0000
14231,1,0.8556,2,1,X,1,0.0000,0.1371,0.7808,0.0000,0.0000,0.0000,0.0000,0.0820,0.0000
14234,-1,-0.8246,2,1,O,1,0.0000,0.0000,0.6700,0.0000,0.0000,0.0000,0.0000,0.3300,0.0000
14235,1,0.8260,2,1,X,0,0.0849,0.0000,0.8818,0.0000,0.0000,0.0000,0.0000,0.0334,0.0000
14236,0,-0.1130,2,1,O,0,0.0000,0.0000,0.9218,0.0000,0.0000,0.0000,0.0000,0.0782,0.0000
14247,0,-0.0332,7,1,X,1,0.3079,0.3098,0.0000,0.0000,0.0000,0.0000,0.0000,0.3822,0.0000
14248,0,-0.0788,1,1,O,1,0.0000,0.5478,0.0000,0.0000,0.0000,0.0000,0.0000,0.4522,0.0000
14250,0,-0.0962,7,1,O,1,0.0476,0.0000,0.0000,0.0000,0.0000,0.0000,0.0000,0.9524,0.0000
14252,1,0.9970,7,1,X,1,0.0000,0.0000,0.0000,0.0000,0.0000,0.0000,0.0000,1.0000,0.0000
14254,0,-0.0250,7,1,X,1,0.0000,0.0000,0.0000,0.0000,0.0000,0.0000,0.0000,1.0000,0.0000
14256,0,-0.0840,0,1,X,1,0.8864,0.0222,0.0197,0.0401,0.0000,0.0000,0.0000,0.0317,0.0000
14257,0,-0.1221,3,1,O,1,0.0000,0.0239,0.0241,0.9226,0.0000,0.0000,0.0000,0.0294,0.0000
14259,1,0.9111,0,1,O,1,0.9635,0.0000,0.0089,0.0213,0.0000,0.0000,0.0000,0.0063,0.0000
14263,1,0.8337,3,1,X,0,0.0000,0.0000,0.0077,0.9685,0.0000,0.0000,0.0000,0.0238,0.0000
14265,1,0.9641,0,1,O,1,0.9406,0.0216,0.0000,0.0238,0.0000,0.0000,0.0000,0.0141,0.0000
14271,-1,-0.7216,0,1,X,0,0.5626,0.0000,0.0000,0.0936,0.0000,0.0000,0.0000,0.3438,0.0000
14272,1,0.9596,7,1,O,1,0.0000,0.0000,0.0000,0.0407,0.0000,0.0000,0.0000,0.9593,0.0000
14275,1,0.9703,3,1,X,1,0.0000,0.0089,0.0000,0.9802,0.0000,0.0000,0.0000,0.0109,0.0000
14277,0,-0.1381,0,1,X,1,0.9546,0.0000,0.0000,0.0222,0.0000,0.0000,0.0000,0.0232,0.0000
14278,0,-0.1306,3,1,O,1,0.0000,0.0000,0.0000,0.9793,0.0000,0.0000,0.0000,0.0207,0.0000
14283,1,0.7290,0,1,O,1,0.9836,0.0024,0.0038,0.0000,0.0000,0.0000,0.0000,0.0103,0.0000
14289,1,0.8146,0,1,X,0,0.9947,0.0000,0.0010,0.0000,0.0000,0.0000,0.0000,0.0043,0.0000
14298,1,0.9992,0,1,O,0,0.5146,0.0000,0.0000,0.0000,0.0000,0.0000,0.0000,0.4854,0.0000
14301,1,0.4304,0,1,X,0,0.9772,0.0090,0.0000,0.0000,0.0000,0.0000,0.0000,0.0137,0.0000
14304,1,0.7953,0,1,O,0,0.9685,0.0000,0.0000,0.0000,0.0000,0.0000,0.0000,0.0315,0.0000
14311,0,-0.0439,1,1,X,1,0.0000,0.4436,0.2682,0.0000,0.0000,0.0000,0.0000,0.2881,0.0000
14313,0,-0.1465,0,1,X,1,0.9531,0.0000,0.0223,0.0000,0.0000,0.0000,0.0000,0.0246,0.0000
14314,0,-0.0413,2,1,O,1,0.0000,0.0000,0.9674,0.0000,0.0000,0.0000,0.0000,0.0326,0.0000
14319,0,-0.2357,0,1,X,1,0.9652,0.0175,0.0000,0.0000,0.0000,0.0000,0.0000,0.0173,0.0000
14320,0,-0.0883,1,1,O,1,0.0000,0.9660,0.0000,0.0000,0.0000,0.0000,0.0000,0.0340,0.0000
14322,1,0.9048,0,1,O,0,0.9705,0.0000,0.0000,0.0000,0.0000,0.0000,0.0000,0.0295,0.0000
14326,0,-0.1175,7,1,X,1,0.0000,0.0000,0.0000,0.0000,0.0000,0.0000,0.0000,1.0000,0.0000
14332,0,-0.0597,7,1,X,1,0.0000,0.0000,0.0000,0.0000,0.0000,0.0000,0.0000,1.0000,0.0000
14338,1,0.8855,3,1,X,1,0.0000,0.0092,0.0557,0.9151,0.0094,0.0000,0.0000,0.0106,0.0000
14340,1,-0.7254,2,1,X,1,0.1306,0.0000,0.4296,0.1478,0.2012,0.0000,0.0000,0.0909,0.0000
14341,1,0.9229,2,1,O,0,0.0000,0.0000,0.9445,0.0291,0.0239,0.0000,0.0000,0.0024,0.0000
14346,1,0.9582,4,1,X,0,0.0319,0.0513,0.0000,0.1433,0.7399,0.0000,0.0000,0.0337,0.0000
14347,-1,-0.9802,4,1,O,1,0.0000,0.2052,0.0000,0.3452,0.3840,0.0000,0.0000,0.0657,0.0000
14349,-1,-0.9325,4,1,O,1,0.2442,0.0000,0.0000,0.1697,0.4938,0.0000,0.0000,0.0923,0.0000
14351,1,0.9536,4,1,X,0,0.0000,0.0000,0.0000,0.0087,0.9808,0.0000,0.0000,0.0104,0.0000
14353,1,0.9986,4,1,X,1,0.0000,0.0000,0.0000,0.4740,0.5003,0.0000,0.0000,0.0257,0.0000
14364,1,0.9713,0,1,X,1,0.9779,0.0063,0.0061,0.0000,0.0071,0.0000,0.0000,0.0027,0.0000
14367,1,0.7962,2,1,O,0,0.0178,0.0000,0.9440,0.0000,0.0243,0.0000,0.0000,0.0139,0.0000
14369,-1,-0.9526,4,1,X,0,0.0000,0.0000,0.2444,0.0000,0.7189,0.0000,0.0000,0.0368,0.0000
14373,-1,-0.8009,0,1,O,0,0.4764,0.1189,0.0000,0.0000,0.2481,0.0000,0.0000,0.1565,0.0000
14375,1,0.9618,4,1,X,0,0.0000,0.0106,0.0000,0.0000,0.9816,0.0000,0.0000,0.0078,0.0000
14378,1,0.8507,4,1,O,0,0.0000,0.0000,0.0000,0.0000,0.9849,0.0000,0.0000,0.0151,0.0000
14379,1,0.9975,0,1,X,0,0.6667,0.0000,0.0000,0.0000,0.3240,0.0000,0.0000,0.0092,0.0000
14395,1,0.5753,2,1,X,0,0.0000,0.0000,0.7668,0.0000,0.1522,0.0000,0.0000,0.0810,0.0000
14401,1,0.9896,4,1,X,1,0.0000,0.3111,0.0000,0.0000,0.6821,0.0000,0.0000,0.0068,0.0000
14403,1,0.9726,4,1,X,1,0.3853,0.0000,0.0000,0.0000,0.6021,0.0000,0.0000,0.0126,0.0000
14418,1,0.9751,2,1,X,1,0.0020,0.0004,0.9913,0.0027,0.0000,0.0000,0.0000,0.0037,0.0000
14419,1,0.7601,2,1,O,1,0.0000,0.0259,0.9161,0.0347,0.0000,0.0000,0.0000,0.0233,0.0000
14421,1,0.9422,2,1,O,0,0.0053,0.0000,0.9701,0.0096,0.0000,0.0000,0.0000,0.0150,0.0000
14423,1,0.9925,2,1,X,1,0.0000,0.0000,0.5507,0.0428,0.0000,0.0000,0.0000,0.4065,0.0000
14425,1,0.9903,2,1,X,1,0.0000,0.0000,0.6975,0.2912,0.0000,0.0000,0.0000,0.0113,0.0000
14445,1,0.7324,2,1,O,0,0.0159,0.0119,0.9615,0.0000,0.0000,0.0000,0.0000,0.0106,0.0000
14447,1,0.8553,2,1,X,1,0.0000,0.0085,0.9820,0.0000,0.0000,0.0000,0.0000,0.0096,0.0000
14450,1,0.7338,2,1,O,0,0.0000,0.0000,0.9146,0.0000,0.0000,0.0000,0.0000,0.0854,0.0000
14451,1,0.9976,0,1,X,0,0.6394,0.0000,0.3599,0.0000,0.0000,0.0000,0.0000,0.0008,0.0000
14473,1,0.9734,2,1,X,0,0.0000,0.0070,0.9827,0.0000,0.0000,0.0000,0.0000,0.0103,0.0000
14475,1,0.9728,7,1,X,0,0.0269,0.0000,0.4379,0.0000,0.0000,0.0000,0.0000,0.5352,0.0000
14476,1,0.6262,2,1,O,0,0.0000,0.0000,0.9891,0.0000,0.0000,0.0000,0.0000,0.0109,0.0000
14503,1,0.9786,2,1,X,0,0.0000,0.0000,0.5625,0.4300,0.0000,0.0000,0.0000,0.0074,0.0000
14509,1,0.9963,3,1,X,1,0.0000,0.0989,0.0000,0.8948,0.0000,0.0000,0.0000,0.0063,0.0000
14511,1,0.9132,0,1,X,0,0.9836,0.0000,0.0000,0.0126,0.0000,0.0000,0.0000,0.0038,0.0000
14529,1,0.9407,0,1,X,1,0.9899,0.0000,0.0076,0.0000,0.0000,0.0000,0.0000,0.0025,0.0000
14535,1,0.9682,0,1,X,0,0.9959,0.0022,0.0000,0.0000,0.0000,0.0000,0.0000,0.0019,0.0000
14538,1,0.7568,0,1,O,0,0.9965,0.0000,0.0000,0.0000,0.0000,0.0000,0.0000,0.0035,0.0000
14584,1,0.9449,2,1,X,1,0.0000,0.0000,0.9623,0.0064,0.0124,0.0067,0.0000,0.0122,0.0000
14590,1,0.9856,1,1,X,1,0.0000,0.9438,0.0000,0.0075,0.0259,0.0058,0.0000,0.0170,0.0000
14592,1,0.9590,0,1,X,1,0.9831,0.0000,0.0000,0.0052,0.0031,0.0032,0.0000,0.0054,0.0000
14608,-1,-0.9227,7,1,X,1,0.0000,0.1033,0.0750,0.0000,0.1162,0.1036,0.0000,0.6019,0.0000
14610,-1,-0.9642,7,1,X,0,0.0442,0.0000,0.1608,0.0000,0.2093,0.1445,0.0000,0.4412,0.0000
14611,1,0.8548,7,1,O,0,0.0000,0.0000,0.1674,0.0000,0.0633,0.0872,0.0000,0.6821,0.0000
14616,0,-0.7462,7,1,X,1,0.0690,0.1594,0.0000,0.0000,0.1538,0.1446,0.0000,0.4732,0.0000
14617,1,0.9124,7,1,O,1,0.0000,0.0480,0.0000,0.0000,0.0411,0.0673,0.0000,0.8435,0.0000
14619,1,0.8903,7,1,O,0,0.0682,0.0000,0.0000,0.0000,0.0431,0.1215,0.0000,0.7673,0.0000
14621,-1,-0.9536,4,1,X,0,0.0000,0.0000,0.0000,0.0000,0.6104,0.2414,0.0000,0.1483,0.0000
14623,0,-0.1668,7,1,X,1,0.0000,0.0000,0.0000,0.0000,0.2220,0.0606,0.0000,0.7174,0.0000
14629,-1,-0.9923,4,1,X,0,0.0000,0.0000,0.0000,0.0000,0.4088,0.1848,0.0000,0.4064,0.0000
14662,0,-0.0941,7,1,X,1,0.0000,0.0329,0.0297,0.0391,0.0000,0.0361,0.0000,0.8623,0.0000
14664,1,0.9905,7,1,X,1,0.0062,0.0000,0.0018,0.0008,0.0000,0.0024,0.0000,0.9888,0.0000
14665,1,0.6465,7,1,O,1,0.0000,0.0000,0.0061,0.0119,0.0000,0.0071,0.0000,0.9750,0.0000
14670,0,-0.1653,7,1,X,1,0.0267,0.0319,0.0000,0.0416,0.0000,0.0391,0.0000,0.8608,0.0000
14671,1,0.9562,7,1,O,1,0.0000,0.0197,0.0000,0.0070,0.0000,0.0165,0.0000,0.9568,0.0000
14673,1,0.9482,7,1,O,0,0.0052,0.0000,0.0000,0.0020,0.0000,0.0097,0.0000,0.9830,0.0000
14675,1,0.9352,7,1,X,1,0.0000,0.0000,0.0000,0.0126,0.0000,0.0119,0.0000,0.9755,0.0000
14677,0,-0.0627,7,1,X,1,0.0000,0.0000,0.0000,0.0418,0.0000,0.0348,0.0000,0.9234,0.0000
14683,1,0.9622,7,1,X,1,0.0000,0.0000,0.0000,0.0086,0.0000,0.0136,0.0000,0.9777,0.0000
14688,1,0.9471,5,1,X,0,0.0018,0.0036,0.0019,0.0000,0.0000,0.9776,0.0000,0.0151,0.0000
14689,1,0.7333,7,1,O,1,0.0000,0.0217,0.0083,0.0000,0.0000,0.1387,0.0000,0.8313,0.0000
14691,1,0.5895,7,1,O,0,0.0018,0.0000,0.0029,0.0000,0.0000,0.0223,0.0000,0.9730,0.0000
14693,1,0.9847,7,1,X,0,0.0000,0.0000,0.0053,0.0000,0.0000,0.2266,0.0000,0.7681,0.0000
14695,1,0.9745,5,1,X,0,0.0000,0.0000,0.0047,0.0000,0.0000,0.9834,0.0000,0.0120,0.0000
14697,1,0.8803,7,1,O,1,0.0065,0.0130,0.0000,0.0000,0.0000,0.0796,0.0000,0.9009,0.0000
14699,1,0.7508,5,1,X,0,0.0000,0.0482,0.0000,0.0000,0.0000,0.8607,0.0000,0.0911,0.0000
14702,1,0.8719,7,1,O,0,0.0000,0.0000,0.0000,0.0000,0.0000,0.0298,0.0000,0.9702,0.0000
14703,1,0.9281,5,1,X,0,0.0024,0.0000,0.0000,0.0000,0.0000,0.9718,0.0000,0.0258,0.0000
14704,1,0.7513,7,1,O,0,0.0000,0.0000,0.0000,0.0000,0.0000,0.0837,0.0000,0.9163,0.0000
14707,1,0.9140,5,1,X,1,0.0000,0.0104,0.0000,0.0000,0.0000,0.9761,0.0000,0.0135,0.0000
14709,1,0.9357,7,1,X,0,0.0036,0.0000,0.0000,0.0000,0.0000,0.4110,0.0000,0.5854,0.0000
14710,1,0.9525,7,1,O,0,0.0000,0.0000,0.0000,0.0000,0.0000,0.4950,0.0000,0.5050,0.0000
14719,1,0.9738,7,1,X,1,0.0000,0.0000,0.0546,0.0000,0.0000,0.0070,0.0000,0.9384,0.0000
14725,1,0.9180,1,1,X,1,0.0000,0.9680,0.0000,0.0000,0.0000,0.0106,0.0000,0.0215,0.0000
14727,1,0.9423,0,1,X,0,0.6206,0.0000,0.0000,0.0000,0.0000,0.0106,0.0000,0.3688,0.0000
14773,1,0.7187,2,1,X,1,0.0000,0.0000,0.9912,0.0000,0.0000,0.0027,0.0000,0.0060,0.0000
14779,1,0.9756,1,1,X,1,0.0000,0.9665,0.0000,0.0000,0.0000,0.0169,0.0000,0.0165,0.0000
14781,1,0.9376,0,1,X,0,0.9820,0.0000,0.0000,0.0000,0.0000,0.0100,0.0000,0.0080,0.0000
14824,0,-0.7937,7,1,X,1,0.0000,0.1871,0.0872,0.1436,0.1816,0.0000,0.0000,0.4005,0.0000
14826,-1,-0.9300,7,1,X,0,0.2115,0.0000,0.1050,0.0577,0.1559,0.0000,0.0000,0.4698,0.0000
14827,1,0.7888,7,1,O,0,0.0000,0.0000,0.1014,0.0678,0.0581,0.0000,0.0000,0.7728,0.0000
14832,-1,-0.9224,7,1,X,1,0.1490,0.1554,0.0000,0.0925,0.1462,0.0000,0.0000,0.4568,0.0000
14833,1,0.8016,7,1,O,1,0.0000,0.0668,0.0000,0.0433,0.0521,0.0000,0.0000,0.8377,0.0000
14835,1,0.8088,7,1,O,0,0.2016,0.0000,0.0000,0.0522,0.0054,0.0000,0.0000,0.7408,0.0000
14837,-1,-0.9911,4,1,X,0,0.0000,0.0000,0.0000,0.1415,0.5728,0.0000,0.0000,0.2857,0.0000
14839,0,-0.2066,7,1,X,0,0.0000,0.0000,0.0000,0.0603,0.1807,0.0000,0.0000,0.7590,0.0000
14845,-1,-0.9518,4,1,X,1,0.0000,0.0000,0.0000,0.1538,0.6319,0.0000,0.0000,0.2143,0.0000
14850,1,0.8547,4,1,X,0,0.0000,0.0108,0.0063,0.0000,0.9683,0.0000,0.0000,0.0146,0.0000
14851,1,0.9079,7,1,O,0,0.0000,0.0475,0.0384,0.0000,0.1496,0.0000,0.0000,0.7646,0.0000
14853,1,0.9076,4,1,O,0,0.0333,0.0000,0.0499,0.0000,0.6348,0.0000,0.0000,0.2820,0.0000
14855,1,0.5969,4,1,X,0,0.0000,0.0000,0.0040,0.0000,0.9842,0.0000,0.0000,0.0119,0.0000
14857,1,0.9434,4,1,X,0,0.0000,0.0000,0.0063,0.0000,0.9605,0.0000,0.0000,0.0332,0.0000
14859,1,0.7603,7,1,O,1,0.0220,0.0373,0.0000,0.0000,0.0484,0.0000,0.0000,0.8923,0.0000
14861,1,0.7125,4,1,X,0,0.0000,0.0181,0.0000,0.0000,0.9579,0.0000,0.0000,0.0241,0.0000
14864,1,0.9943,4,1,O,0,0.0000,0.0000,0.0000,0.0000,0.7888,0.0000,0.0000,0.2112,0.0000
14865,1,0.7842,4,1,X,0,0.0001,0.0000,0.0000,0.0000,0.9656,0.0000,0.0000,0.0344,0.0000
14866,1,0.9607,7,1,O,0,0.0000,0.0000,0.0000,0.0000,0.1117,0.0000,0.0000,0.8883,0.0000
14869,1,0.8279,4,1,X,0,0.0000,0.0319,0.0000,0.0000,0.9346,0.0000,0.0000,0.0334,0.0000
14871,1,-0.5158,4,1,X,0,0.0000,0.0000,0.0000,0.0000,0.9799,0.0000,0.0000,0.0201,0.0000
14872,1,0.9942,4,1,O,0,0.0000,0.0000,0.0000,0.0000,0.6188,0.0000,0.0000,0.3812,0.0000
14881,1,0.8604,2,1,X,0,0.0000,0.0000,0.8051,0.0000,0.0916,0.0000,0.0000,0.1032,0.0000
14887,1,0.8351,1,1,X,0,0.0000,0.9560,0.0000,0.0000,0.0171,0.0000,0.0000,0.0269,0.0000
14889,1,-0.1944,0,1,X,0,0.9265,0.0000,0.0000,0.0000,0.0412,0.0000,0.0000,0.0322,0.0000
14904,1,0.9685,3,1,X,1,0.0037,0.0040,0.0021,0.9702,0.0000,0.0000,0.0000,0.0200,0.0000
14905,1,0.7099,7,1,O,1,0.0000,0.0148,0.0172,0.0221,0.0000,0.0000,0.0000,0.9459,0.0000
14907,1,0.7603,7,1,O,0,0.0010,0.0000,0.0039,0.0166,0.0000,0.0000,0.0000,0.9786,0.0000
14909,1,0.9876,7,1,X,0,0.0000,0.0000,0.0000,0.2065,0.0000,0.0000,0.0000,0.7935,0.0000
14911,1,0.9515,3,1,X,0,0.0000,0.0000,0.0029,0.9728,0.0000,0.0000,0.0000,0.0243,0.0000
14913,1,0.9480,7,1,O,1,0.0062,0.0196,0.0000,0.0334,0.0000,0.0000,0.0000,0.9407,0.0000
14915,1,0.9026,3,1,X,1,0.0000,0.0042,0.0000,0.9798,0.0000,0.0000,0.0000,0.0160,0.0000
14918,1,0.9728,7,1,O,0,0.0000,0.0000,0.0000,0.4021,0.0000,0.0000,0.0000,0.5979,0.0000
14919,1,0.9601,3,1,X,1,0.0056,0.0000,0.0000,0.9665,0.0000,0.0000,0.0000,0.0279,0.0000
14920,1,0.9262,7,1,O,0,0.0000,0.0000,0.0000,0.0208,0.0000,0.0000,0.0000,0.9792,0.0000
14923,1,0.9238,3,1,X,1,0.0000,0.0191,0.0000,0.9429,0.0000,0.0000,0.0000,0.0380,0.0000
14925,1,0.9992,7,1,X,0,0.0036,0.0000,0.0000,0.0211,0.0000,0.0000,0.0000,0.9753,0.0000
14926,1,0.7558,7,1,O,1,0.0000,0.0000,0.0000,0.0192,0.0000,0.0000,0.0000,0.9808,0.0000
14959,0,-0.0881,7,1,X,1,0.0000,0.0267,0.0199,0.0000,0.0000,0.0000,0.0000,0.9533,0.0000
14961,1,0.9414,7,1,X,0,0.0855,0.0000,0.0042,0.0000,0.0000,0.0000,0.0000,0.9103,0.0000
14962,1,0.7768,7,1,O,1,0.0000,0.0000,0.0127,0.0000,0.0000,0.0000,0.0000,0.9873,0.0000
14967,-1,-0.9835,0,1,X,1,0.4415,0.2546,0.0000,0.0000,0.0000,0.0000,0.0000,0.3039,0.0000
14968,1,0.7942,7,1,O,1,0.0000,0.0427,0.0000,0.0000,0.0000,0.0000,0.0000,0.9573,0.0000
14970,1,0.9923,7,1,O,0,0.2764,0.0000,0.0000,0.0000,0.0000,0.0000,0.0000,0.7236,0.0000
14974,0,-0.1011,7,1,X,1,0.0000,0.0000,0.0000,0.0000,0.0000,0.0000,0.0000,1.0000,0.0000
14980,1,0.9889,7,1,X,1,0.0000,0.0000,0.0000,0.0000,0.0000,0.0000,0.0000,1.0000,0.0000
14989,1,0.7265,2,1,X,0,0.0000,0.0000,0.9856,0.0065,0.0000,0.0000,0.0000,0.0078,0.0000
14995,1,0.9338,1,1,X,1,0.0000,0.9505,0.0000,0.0222,0.0000,0.0000,0.0000,0.0273,0.0000
14997,1,0.7025,0,1,X,0,0.9948,0.0000,0.0000,0.0028,0.0000,0.0000,0.0000,0.0024,0.0000
15013,-1,-0.9602,2,1,X,1,0.0000,0.2860,0.3607,0.0000,0.0000,0.0000,0.0000,0.3533,0.0000
15015,-1,-0.9947,2,1,X,0,0.3236,0.0000,0.5649,0.0000,0.0000,0.0000,0.0000,0.1115,0.0000
15016,1,0.9587,7,1,O,1,0.0000,0.0000,0.4409,0.0000,0.0000,0.0000,0.0000,0.5591,0.0000
15021,-1,-0.9870,0,1,X,1,0.3928,0.3480,0.0000,0.0000,0.0000,0.0000,0.0000,0.2592,0.0000
15022,1,0.7785,7,1,O,0,0.0000,0.0577,0.0000,0.0000,0.0000,0.0000,0.0000,0.9423,0.0000
15024,1,0.9923,0,1,O,0,0.6951,0.0000,0.0000,0.0000,0.0000,0.0000,0.0000,0.3049,0.0000
15028,0,-0.1419,7,1,X,0,0.0000,0.0000,0.0000,0.0000,0.0000,0.0000,0.0000,1.0000,0.0000
15097,1,0.6669,2,1,X,0,0.0000,0.0000,0.9923,0.0000,0.0045,0.0000,0.0000,0.0031,0.0000
15103,1,0.8362,1,1,X,0,0.0000,0.8032,0.0000,0.0000,0.0971,0.0000,0.0000,0.0996,0.0000
15105,1,0.7734,0,1,X,0,0.9630,0.0000,0.0000,0.0000,0.0229,0.0000,0.0000,0.0141,0.0000
15151,1,0.9902,7,1,X,0,0.0000,0.0000,0.2583,0.0167,0.0000,0.0000,0.0000,0.7250,0.0000
15157,1,0.9468,1,1,X,1,0.0000,0.9636,0.0000,0.0135,0.0000,0.0000,0.0000,0.0230,0.0000
15159,1,0.9965,7,1,X,0,0.3596,0.0000,0.0000,0.0119,0.0000,0.0000,0.0000,0.6285,0.0000
15175,-1,-0.9764,7,1,X,1,0.0000,0.2514,0.3727,0.0000,0.0000,0.0000,0.0000,0.3759,0.0000
15177,1,0.6320,7,1,X,0,0.0204,0.0000,0.0184,0.0000,0.0000,0.0000,0.0000,0.9612,0.0000
15178,1,0.9318,7,1,O,1,0.0000,0.0000,0.0977,0.0000,0.0000,0.0000,0.0000,0.9023,0.0000
15183,0,-0.1548,7,1,X,1,0.0405,0.0348,0.0000,0.0000,0.0000,0.0000,0.0000,0.9247,0.0000
15184,1,0.9190,7,1,O,1,0.0000,0.0499,0.0000,0.0000,0.0000,0.0000,0.0000,0.9501,0.0000
15186,1,0.9790,7,1,O,0,0.0101,0.0000,0.0000,0.0000,0.0000,0.0000,0.0000,0.9899,0.0000
15188,1,0.9265,7,1,X,1,0.0000,0.0000,0.0000,0.0000,0.0000,0.0000,0.0000,1.0000,0.0000
15190,0,-0.0984,7,1,X,1,0.0000,0.0000,0.0000,0.0000,0.0000,0.0000,0.0000,1.0000,0.0000
15309,0,0.1478,2,1,X,1,0.0386,0.0669,0.2969,0.0436,0.2697,0.1006,0.1836,0.0000,0.0000
15310,0,0.4940,2,1,O,0,0.0000,0.1958,0.2528,0.1456,0.2103,0.0982,0.0972,0.0000,0.0000
15312,1,0.5038,4,1,O,0,0.0252,0.0000,0.0422,0.0386,0.8027,0.0440,0.0472,0.0000,0.0000
15314,1,0.8119,4,1,X,0,0.0000,0.0000,0.0156,0.0224,0.9267,0.0160,0.0193,0.0000,0.0000
15316,0,-0.0581,6,1,X,0,0.0000,0.0000,0.1698,0.1164,0.2237,0.1266,0.3635,0.0000,0.0000
15318,0,-0.2147,4,1,O,1,0.0463,0.3309,0.0000,0.0473,0.4314,0.0433,0.1009,0.0000,0.0000
15320,1,0.8435,4,1,X,0,0.0000,0.0311,0.0000,0.0079,0.9159,0.0210,0.0241,0.0000,0.0000
15323,1,0.9022,4,1,O,1,0.0000,0.0000,0.0000,0.0206,0.9184,0.0226,0.0384,0.0000,0.0000
15324,0,0.0777,4,1,X,1,0.1332,0.0000,0.0000,0.0817,0.5733,0.0684,0.1435,0.0000,0.0000
15325,0,-0.0946,6,1,O,0,0.0000,0.0000,0.0000,0.2396,0.2713,0.1494,0.3396,0.0000,0.0000
15328,0,-0.3544,5,1,X,1,0.0000,0.1092,0.0000,0.1116,0.1961,0.4572,0.1259,0.0000,0.0000
15330,1,0.3763,4,1,X,0,0.0237,0.0000,0.0000,0.1256,0.3953,0.3232,0.1322,0.0000,0.0000
15331,1,0.9480,5,1,O,0,0.0000,0.0000,0.0000,0.0052,0.0934,0.8725,0.0288,0.0000,0.0000
15336,1,0.0913,4,0,O,0,0.1156,0.1128,0.1402,0.0000,0.4609,0.0532,0.1173,0.0000,0.0000
15338,1,-0.7861,4,1,X,0,0.0000,0.0266,0.0638,0.0000,0.7383,0.1254,0.0458,0.0000,0.0000
15341,1,0.9223,4,1,O,0,0.0000,0.0000,0.0100,0.0000,0.9444,0.0155,0.0301,0.0000,0.0000
15342,0,-0.2246,4,1,X,0,0.0847,0.0000,0.0782,0.0000,0.7632,0.0378,0.0361,0.0000,0.0000
15343,0,-0.0287,6,1,O,0,0.0000,0.0000,0.1655,0.0000,0.0807,0.0665,0.6873,0.0000,0.0000
15347,1,0.8955,4,1,O,0,0.0000,0.0223,0.0000,0.0000,0.9359,0.0179,0.0239,0.0000,0.0000
15351,0,-0.2793,4,1,O,0,0.0853,0.0000,0.0000,0.0000,0.6933,0.0595,0.1619,0.0000,0.0000
15353,1,0.5174,4,1,X,0,0.0000,0.0000,0.0000,0.0000,0.9119,0.0452,0.0429,0.0000,0.0000
15354,-1,-0.9302,5,1,X,0,0.0697,0.1153,0.0000,0.0000,0.2484,0.4623,0.1044,0.0000,0.0000
15355,1,0.7705,5,1,O,0,0.0000,0.0236,0.0000,0.0000,0.0136,0.8758,0.0870,0.0000,0.0000
15357,1,0.9327,4,1,O,0,0.0508,0.0000,0.0000,0.0000,0.4845,0.4450,0.0197,0.0000,0.0000
15359,1,0.0254,4,1,X,0,0.0000,0.0000,0.0000,0.0000,0.8826,0.1125,0.0049,0.0000,0.0000
15361,1,0.8718,6,1,X,0,0.0000,0.0000,0.0000,0.0000,0.0811,0.0550,0.8639,0.0000,0.0000
15364,1,0.5642,4,0,X,0,0.0000,0.2393,0.0851,0.0000,0.5475,0.0700,0.0582,0.0000,0.0000
15366,1,0.9518,4,1,X,0,0.0001,0.0000,0.0028,0.0000,0.9814,0.0068,0.0089,0.0000,0.0000
15367,-1,-0.2558,4,1,O,0,0.0000,0.0000,0.2646,0.0000,0.5140,0.1029,0.1185,0.0000,0.0000
15372,1,0.7112,4,1,X,0,0.0675,0.4147,0.0000,0.0000,0.4165,0.0294,0.0719,0.0000,0.0000
15373,0,-0.2716,1,1,O,0,0.0000,0.7959,0.0000,0.0000,0.1320,0.0465,0.0257,0.0000,0.0000
15375,-1,-0.5030,4,1,O,0,0.0405,0.0000,0.0000,0.0000,0.5777,0.1447,0.2371,0.0000,0.0000
15377,1,0.9576,4,1,X,0,0.0000,0.0000,0.0000,0.0000,0.9648,0.0172,0.0180,0.0000,0.0000
15379,0,0.0665,4,1,X,0,0.0000,0.0000,0.0000,0.0000,0.4723,0.3231,0.2046,0.0000,0.0000
15385,1,0.6967,4,1,X,0,0.0000,0.0000,0.0000,0.0000,0.7899,0.1944,0.0156,0.0000,0.0000
15390,0,-0.1666,1,1,O,1,0.0311,0.8175,0.0394,0.0331,0.0000,0.0403,0.0386,0.0000,0.0000
15392,1,0.9754,1,1,X,1,0.0000,0.9630,0.0163,0.0077,0.0000,0.0095,0.0035,0.0000,0.0000
15396,0,-0.0013,2,1,X,1,0.1881,0.0000,0.4187,0.1333,0.0000,0.2111,0.0489,0.0000,0.0000
15397,0,-0.0202,2,1,O,1,0.0000,0.0000,0.3350,0.1659,0.0000,0.2357,0.2635,0.0000,0.0000
15401,-1,-0.5651,1,1,O,0,0.0000,0.4484,0.0000,0.0438,0.0000,0.1296,0.3782,0.0000,0.0000
15405,0,-0.1665,6,1,O,1,0.0416,0.0000,0.0000,0.0334,0.0000,0.0325,0.8925,0.0000,0.0000
15407,1,0.9765,6,1,X,0,0.0000,0.0000,0.0000,0.0735,0.0000,0.0826,0.8439,0.0000,0.0000
15408,1,0.9389,1,1,X,0,0.0010,0.9592,0.0000,0.0075,0.0000,0.0261,0.0063,0.0000,0.0000
15409,1,0.8984,5,1,O,0,0.0000,0.0506,0.0000,0.0101,0.0000,0.9320,0.0073,0.0000,0.0000
15415,0,-0.0557,5,1,X,1,0.0000,0.0000,0.0000,0.0260,0.0000,0.9399,0.0341,0.0000,0.0000
15419,-1,-0.8004,1,1,O,0,0.0000,0.6704,0.0040,0.0000,0.0000,0.3002,0.0254,0.0000,0.0000
15423,0,-0.1011,5,1,O,1,0.0372,0.0000,0.0518,0.0000,0.0000,0.8738,0.0372,0.0000,0.0000
15425,1,0.8406,5,1,X,0,0.0000,0.0000,0.0383,0.0000,0.0000,0.9607,0.0009,0.0000,0.0000
15434,-1,-0.7757,6,1,O,0,0.0000,0.0000,0.0000,0.0000,0.0000,0.4932,0.5068,0.0000,0.0000
15435,1,0.8358,5,1,O,0,0.0024,0.0199,0.0000,0.0000,0.0000,0.9771,0.0006,0.0000,0.0000
15437,1,0.9598,5,1,X,0,0.0000,0.4942,0.0000,0.0000,0.0000,0.5036,0.0022,0.0000,0.0000
15441,1,0.6615,5,1,X,0,0.0052,0.0000,0.0000,0.0000,0.0000,0.9866,0.0082,0.0000,0.0000
15442,1,0.8271,5,1,O,1,0.0000,0.0000,0.0000,0.0000,0.0000,0.9825,0.0175,0.0000,0.0000
15444,1,0.9743,1,1,X,1,0.0055,0.9782,0.0078,0.0000,0.0000,0.0029,0.0056,0.0000,0.0000
15445,0,-0.3400,1,1,O,0,0.0000,0.8916,0.0378,0.0000,0.0000,0.0347,0.0359,0.0000,0.0000
15451,0,-0.0791,2,1,X,0,0.0000,0.0000,0.3741,0.0000,0.0000,0.3062,0.3197,0.0000,0.0000
15453,-1,-0.9329,1,1,O,0,0.0670,0.4559,0.0000,0.0000,0.0000,0.1230,0.3541,0.0000,0.0000
15455,1,0.9988,1,1,X,0,0.0000,0.5654,0.0000,0.0000,0.0000,0.0435,0.3910,0.0000,0.0000
15459,1,0.9479,6,1,X,1,0.0249,0.0000,0.0000,0.0000,0.0000,0.0127,0.9624,0.0000,0.0000
15460,0,-0.7629,6,1,O,0,0.0000,0.0000,0.0000,0.0000,0.0000,0.0738,0.9262,0.0000,0.0000
15463,1,0.9540,1,1,X,0,0.0000,0.9230,0.0000,0.0000,0.0000,0.0737,0.0034,0.0000,0.0000
15472,0,-0.0171,2,1,X,1,0.0000,0.0321,0.3521,0.1443,0.0000,0.2575,0.2140,0.0000,0.0000
15474,-1,-0.7705,0,1,X,1,0.6637,0.0000,0.1026,0.0657,0.0000,0.0787,0.0893,0.0000,0.0000
15475,1,0.7696,2,1,O,1,0.0000,0.0000,0.8399,0.0281,0.0000,0.0714,0.0606,0.0000,0.0000
15480,0,-0.1039,0,1,X,1,0.8789,0.0277,0.0000,0.0432,0.0000,0.0275,0.0226,0.0000,0.0000
15481,0,-0.1317,1,1,O,1,0.0000,0.9206,0.0000,0.0180,0.0000,0.0289,0.0325,0.0000,0.0000
15483,1,0.8717,0,1,O,0,0.9687,0.0000,0.0000,0.0101,0.0000,0.0104,0.0108,0.0000,0.0000
15487,0,-0.0272,6,1,X,1,0.0000,0.0000,0.0000,0.3238,0.0000,0.3299,0.3463,0.0000,0.0000
15493,-1,-0.9638,6,1,X,1,0.0000,0.0000,0.0000,0.3293,0.0000,0.2721,0.3986,0.0000,0.0000
15498,0,-0.2190,0,1,X,1,0.8660,0.0301,0.0423,0.0000,0.0000,0.0284,0.0332,0.0000,0.0000
15499,0,-0.1757,6,1,O,1,0.0000,0.0221,0.0305,0.0000,0.0000,0.0275,0.9199,0.0000,0.0000
15501,1,0.6344,0,1,O,0,0.8684,0.0000,0.0573,0.0000,0.0000,0.0170,0.0573,0.0000,0.0000
15505,1,0.7354,6,1,X,1,0.0000,0.0000,0.0099,0.0000,0.0000,0.0066,0.9835,0.0000,0.0000
15507,1,0.6367,0,1,O,0,0.9408,0.0234,0.0000,0.0000,0.0000,0.0068,0.0290,0.0000,0.0000
15513,0,-0.1827,0,1,X,1,0.9507,0.0000,0.0000,0.0000,0.0000,0.0265,0.0228,0.0000,0.0000
15514,0,-0.1139,6,1,O,1,0.0000,0.0000,0.0000,0.0000,0.0000,0.0222,0.9778,0.0000,0.0000
15517,1,0.8675,6,1,X,1,0.0000,0.0051,0.0000,0.0000,0.0000,0.0080,0.9869,0.0000,0.0000
15519,-1,-0.9926,0,1,X,0,0.6493,0.0000,0.0000,0.0000,0.0000,0.0623,0.2884,0.0000,0.0000
15520,1,0.9796,5,1,O,0,0.0000,0.0000,0.0000,0.0000,0.0000,0.6635,0.3365,0.0000,0.0000
15529,1,0.7876,2,1,X,0,0.0000,0.0000,0.7425,0.0000,0.0000,0.2312,0.0264,0.0000,0.0000
15535,1,0.9148,1,1,X,0,0.0000,0.9563,0.0000,0.0000,0.0000,0.0239,0.0198,0.0000,0.0000
15537,1,0.7836,0,1,X,0,0.9862,0.0000,0.0000,0.0000,0.0000,0.0083,0.0055,0.0000,0.0000
15552,0,-0.2871,4,1,O,1,0.0644,0.0937,0.1108,0.0734,0.6003,0.0000,0.0574,0.0000,0.0000
15554,1,0.7726,4,1,X,0,0.0000,0.0306,0.0388,0.0368,0.8238,0.0000,0.0701,0.0000,0.0000
15557,1,0.9130,4,1,O,0,0.0000,0.0000,0.0291,0.0205,0.9179,0.0000,0.0325,0.0000,0.0000
15558,0,0.1109,4,1,X,1,0.1077,0.0000,0.1298,0.0779,0.5772,0.0000,0.1075,0.0000,0.0000
15559,0,-0.1175,3,1,O,1,0.0000,0.0000,0.1764,0.3650,0.3380,0.0000,0.1206,0.0000,0.0000
15563,1,0.1895,4,1,O,0,0.0000,0.0759,0.0000,0.0547,0.7851,0.0000,0.0843,0.0000,0.0000
15567,0,0.0910,4,1,O,0,0.0973,0.0000,0.0000,0.1462,0.6622,0.0000,0.0943,0.0000,0.0000
15569,1,0.9299,4,1,X,0,0.0000,0.0000,0.0000,0.0093,0.9810,0.0000,0.0097,0.0000,0.0000
15570,1,0.0605,4,1,X,0,0.0302,0.1402,0.0000,0.1832,0.5307,0.0000,0.1157,0.0000,0.0000
15571,0,-0.1056,3,1,O,1,0.0000,0.2159,0.0000,0.3206,0.2572,0.0000,0.2062,0.0000,0.0000
15573,1,0.4978,4,1,O,0,0.1011,0.0000,0.0000,0.2287,0.5794,0.0000,0.0909,0.0000,0.0000
15575,1,0.9203,4,1,X,0,0.0000,0.0000,0.0000,0.0396,0.9309,0.0000,0.0295,0.0000,0.0000
15577,1,0.1313,4,0,X,0,0.0000,0.0000,0.0000,0.1621,0.6121,0.0000,0.2258,0.0000,0.0000
15581,1,0.8377,4,1,O,0,0.0000,0.0205,0.0154,0.0000,0.9272,0.0000,0.0369,0.0000,0.0000
15585,0,0.5601,4,1,O,0,0.0595,0.0000,0.0116,0.0000,0.8436,0.0000,0.0854,0.0000,0.0000
15587,1,0.7606,4,1,X,0,0.0000,0.0000,0.0043,0.0000,0.9898,0.0000,0.0058,0.0000,0.0000
15596,1,0.6113,4,1,O,0,0.0000,0.0000,0.0000,0.0000,0.9570,0.0000,0.0430,0.0000,0.0000
15597,1,0.2361,4,1,O,0,0.0746,0.0855,0.0000,0.0000,0.7702,0.0000,0.0698,0.0000,0.0000
15599,1,-0.1475,4,1,X,0,0.0000,0.0112,0.0000,0.0000,0.9765,0.0000,0.0124,0.0000,0.0000
15602,1,0.8266,4,1,O,0,0.0000,0.0000,0.0000,0.0000,0.9738,0.0000,0.0262,0.0000,0.0000
15603,1,0.6470,4,1,X,0,0.0105,0.0000,0.0000,0.0000,0.9850,0.0000,0.0044,0.0000,0.0000
15604,-1,-0.2855,4,1,O,0,0.0000,0.0000,0.0000,0.0000,0.6604,0.0000,0.3396,0.0000,0.0000
15606,0,-0.1461,4,1,X,0,0.1475,0.1455,0.1280,0.0000,0.3659,0.0000,0.2131,0.0000,0.0000
15607,0,-0.1098,4,1,O,1,0.0000,0.2000,0.1389,0.0000,0.4983,0.0000,0.1628,0.0000,0.0000
15609,0,0.5720,4,1,O,0,0.0002,0.0000,0.1517,0.0000,0.7251,0.0000,0.1230,0.0000,0.0000
15611,1,0.7330,4,1,X,0,0.0000,0.0000,0.0287,0.0000,0.8658,0.0000,0.1055,0.0000,0.0000
15613,0,-0.0702,4,1,X,0,0.0000,0.0000,0.1531,0.0000,0.6527,0.0000,0.1941,0.0000,0.0000
15615,1,0.2773,4,0,O,0,0.0643,0.1583,0.0000,0.0000,0.6645,0.0000,0.1129,0.0000,0.0000
15617,-1,-0.8200,4,1,X,0,0.0000,0.0523,0.0000,0.0000,0.7995,0.0000,0.1482,0.0000,0.0000
15620,1,0.9931,4,1,O,1,0.0000,0.0000,0.0000,0.0000,0.7222,0.0000,0.2778,0.0000,0.0000
15621,0,0.1348,0,1,X,0,0.5811,0.0000,0.0000,0.0000,0.2840,0.0000,0.1349,0.0000,0.0000
15622,0,-0.1574,4,1,O,1,0.0000,0.0000,0.0000,0.0000,0.5090,0.0000,0.4910,0.0000,0.0000
15625,0,-0.0632,4,1,X,1,0.0000,0.1203,0.0000,0.0000,0.7225,0.0000,0.1571,0.0000,0.0000
15627,1,0.8347,4,1,X,0,0.0088,0.0000,0.0000,0.0000,0.9319,0.0000,0.0592,0.0000,0.0000
15628,0,0.2505,4,1,O,1,0.0000,0.0000,0.0000,0.0000,0.6901,0.0000,0.3099,0.0000,0.0000
15635,-1,-0.8217,1,1,O,0,0.0000,0.4993,0.0605,0.3938,0.0000,0.0000,0.0464,0.0000,0.0000
15639,0,-0.0717,3,1,O,1,0.0326,0.0000,0.0262,0.9214,0.0000,0.0000,0.0199,0.0000,0.0000
15641,1,0.9605,3,1,X,0,0.0000,0.0000,0.0305,0.9620,0.0000,0.0000,0.0075,0.0000,0.0000
15650,-1,-0.9566,3,1,O,0,0.0000,0.0000,0.0000,0.6009,0.0000,0.0000,0.3991,0.0000,0.0000
15651,-1,-0.2613,3,1,O,0,0.0075,0.3180,0.0000,0.6521,0.0000,0.0000,0.0224,0.0000,0.0000
15653,1,0.9970,1,1,X,0,0.0000,0.7657,0.0000,0.2326,0.0000,0.0000,0.0017,0.0000,0.0000
15657,1,0.9334,3,1,X,0,0.0258,0.0000,0.0000,0.9688,0.0000,0.0000,0.0054,0.0000,0.0000
15658,0,-0.0304,3,1,O,1,0.0000,0.0000,0.0000,0.9806,0.0000,0.0000,0.0194,0.0000,0.0000
15687,0,-0.1680,1,1,O,1,0.0323,0.8881,0.0343,0.0000,0.0000,0.0000,0.0453,0.0000,0.0000
15689,1,0.9641,1,1,X,0,0.0000,0.9651,0.0162,0.0000,0.0000,0.0000,0.0187,0.0000,0.0000
15693,0,-0.0475,0,1,X,1,0.3834,0.0000,0.2937,0.0000,0.0000,0.0000,0.3229,0.0000,0.0000
15694,0,-0.0688,6,1,O,1,0.0000,0.0000,0.4617,0.0000,0.0000,0.0000,0.5383,0.0000,0.0000
15698,1,0.9268,6,1,O,0,0.0000,0.0283,0.0000,0.0000,0.0000,0.0000,0.9717,0.0000,0.0000
15702,0,-0.1548,6,1,O,1,0.0459,0.0000,0.0000,0.0000,0.0000,0.0000,0.9541,0.0000,0.0000
15704,1,0.8726,6,1,X,1,0.0000,0.0000,0.0000,0.0000,0.0000,0.0000,1.0000,0.0000,0.0000
15705,1,0.9568,1,1,X,0,0.0039,0.9900,0.0000,0.0000,0.0000,0.0000,0.0061,0.0000,0.0000
15706,0,-0.0986,1,1,O,1,0.0000,0.9560,0.0000,0.0000,0.0000,0.0000,0.0440,0.0000,0.0000
15712,0,-0.0933,6,1,X,1,0.0000,0.0000,0.0000,0.0000,0.0000,0.0000,1.0000,0.0000,0.0000
15714,0,0.0999,0,1,X,0,0.8584,0.0379,0.0472,0.0259,0.0000,0.0000,0.0306,0.0000,0.0000
15715,0,-0.1338,2,1,O,1,0.0000,0.1291,0.3822,0.1425,0.0000,0.0000,0.3461,0.0000,0.0000
15717,1,0.8770,0,1,O,0,0.9780,0.0000,0.0109,0.0044,0.0000,0.0000,0.0067,0.0000,0.0000
15721,0,0.0441,3,1,X,1,0.0000,0.0000,0.2976,0.3632,0.0000,0.0000,0.3392,0.0000,0.0000
15723,1,0.9349,0,1,O,1,0.9542,0.0124,0.0000,0.0211,0.0000,0.0000,0.0123,0.0000,0.0000
15729,0,0.0870,0,1,X,1,0.9730,0.0000,0.0000,0.0178,0.0000,0.0000,0.0091,0.0000,0.0000
15730,0,-0.0546,6,1,O,1,0.0000,0.0000,0.0000,0.4901,0.0000,0.0000,0.5099,0.0000,0.0000
15733,0,-0.0846,6,1,X,1,0.0000,0.0302,0.0000,0.0401,0.0000,0.0000,0.9297,0.0000,0.0000
15735,-1,-0.1056,6,1,X,0,0.4346,0.0000,0.0000,0.0630,0.0000,0.0000,0.5023,0.0000,0.0000
15736,1,0.9147,6,1,O,1,0.0000,0.0000,0.0000,0.0159,0.0000,0.0000,0.9841,0.0000,0.0000
15741,1,0.4584,0,1,O,0,0.9573,0.0111,0.0161,0.0000,0.0000,0.0000,0.0154,0.0000,0.0000
15747,0,-0.0513,0,1,X,0,0.9136,0.0000,0.0500,0.0000,0.0000,0.0000,0.0364,0.0000,0.0000
15748,0,-0.2211,6,1,O,1,0.0000,0.0000,0.0459,0.0000,0.0000,0.0000,0.9541,0.0000,0.0000
15756,1,0.8596,0,1,O,1,0.9221,0.0000,0.0000,0.0000,0.0000,0.0000,0.0779,0.0000,0.0000
15759,-1,-0.9094,0,1,X,0,0.7052,0.0071,0.0000,0.0000,0.0000,0.0000,0.2877,0.0000,0.0000
15760,1,0.4448,6,1,O,0,0.0000,0.0201,0.0000,0.0000,0.0000,0.0000,0.9799,0.0000,0.0000
15762,1,0.9720,0,1,O,0,0.5032,0.0000,0.0000,0.0000,0.0000,0.0000,0.4968,0.0000,0.0000
15766,1,0.9448,6,1,X,1,0.0000,0.0000,0.0000,0.0000,0.0000,0.0000,1.0000,0.0000,0.0000
15769,0,-0.0688,6,1,X,1,0.0000,0.3099,0.2305,0.0000,0.0000,0.0000,0.4596,0.0000,0.0000
15771,0,0.2594,0,1,X,0,0.9093,0.0000,0.0149,0.0000,0.0000,0.0000,0.0758,0.0000,0.0000
15772,0,-0.1543,2,1,O,1,0.0000,0.0000,0.9070,0.0000,0.0000,0.0000,0.0930,0.0000,0.0000
15777,0,-0.1195,0,1,X,1,0.9615,0.0167,0.0000,0.0000,0.0000,0.0000,0.0218,0.0000,0.0000
15778,0,-0.1622,1,1,O,1,0.0000,0.9687,0.0000,0.0000,0.0000,0.0000,0.0313,0.0000,0.0000
15780,1,0.9337,0,1,O,0,0.9612,0.0000,0.0000,0.0000,0.0000,0.0000,0.0388,0.0000,0.0000
15784,0,-0.1045,6,1,X,1,0.0000,0.0000,0.0000,0.0000,0.0000,0.0000,1.0000,0.0000,0.0000
15790,0,-0.1004,6,1,X,1,0.0000,0.0000,0.0000,0.0000,0.0000,0.0000,1.0000,0.0000,0.0000
15796,1,-0.2223,2,1,X,0,0.0000,0.1168,0.5815,0.0551,0.1306,0.0000,0.1160,0.0000,0.0000
15798,1,0.8557,4,1,X,0,0.0094,0.0000,0.0185,0.0597,0.8669,0.0000,0.0455,0.0000,0.0000
15799,1,0.9634,2,1,O,0,0.0000,0.0000,0.8782,0.0371,0.0735,0.0000,0.0112,0.0000,0.0000
15804,1,0.7263,4,1,X,0,0.0345,0.2084,0.0000,0.0343,0.7032,0.0000,0.0196,0.0000,0.0000
15805,-1,-0.0022,1,1,O,0,0.0000,0.8581,0.0000,0.0421,0.0677,0.0000,0.0321,0.0000,0.0000
15807,-1,-0.2952,4,1,O,0,0.0629,0.0000,0.0000,0.0633,0.8153,0.0000,0.0585,0.0000,0.0000
15809,1,0.9952,4,1,X,0,0.0000,0.0000,0.0000,0.0055,0.9940,0.0000,0.0005,0.0000,0.0000
15811,1,0.0787,6,1,X,0,0.0000,0.0000,0.0000,0.0980,0.2889,0.0000,0.6131,0.0000,0.0000
15822,1,-0.8550,2,1,X,0,0.0736,0.0620,0.6871,0.0000,0.0126,0.0000,0.1647,0.0000,0.0000
15823,1,0.8725,2,1,O,0,0.0000,0.0595,0.7440,0.0000,0.0421,0.0000,0.1544,0.0000,0.0000
15825,1,0.9020,2,1,O,0,0.0090,0.0000,0.7953,0.0000,0.1786,0.0000,0.0170,0.0000,0.0000
15827,1,0.6382,4,1,X,0,0.0000,0.0000,0.0303,0.0000,0.9581,0.0000,0.0116,0.0000,0.0000
15829,1,0.7414,6,1,X,0,0.0000,0.0000,0.0697,0.0000,0.0126,0.0000,0.9177,0.0000,0.0000
15831,-1,-0.3453,4,1,O,0,0.0923,0.3348,0.0000,0.0000,0.4494,0.0000,0.1235,0.0000,0.0000
15833,1,0.4347,4,1,X,0,0.0000,0.0462,0.0000,0.0000,0.9349,0.0000,0.0189,0.0000,0.0000
15836,1,0.9207,4,1,O,0,0.0000,0.0000,0.0000,0.0000,0.9704,0.0000,0.0296,0.0000,0.0000
15837,1,0.1226,4,0,X,0,0.3069,0.0000,0.0000,0.0000,0.6902,0.0000,0.0029,0.0000,0.0000
15838,0,-0.3316,6,1,O,0,0.0000,0.0000,0.0000,0.0000,0.1654,0.0000,0.8346,0.0000,0.0000
15853,1,0.9855,4,1,X,0,0.0000,0.0000,0.1145,0.0000,0.8514,0.0000,0.0341,0.0000,0.0000
15859,1,0.9928,1,1,X,0,0.0000,0.7551,0.0000,0.0000,0.2423,0.0000,0.0026,0.0000,0.0000
15861,1,0.9972,4,1,X,0,0.0465,0.0000,0.0000,0.0000,0.9509,0.0000,0.0026,0.0000,0.0000
15876,1,0.9312,1,1,X,1,0.0093,0.8894,0.0721,0.0185,0.0000,0.0000,0.0107,0.0000,0.0000
15877,1,0.9449,2,1,O,0,0.0000,0.0423,0.9133,0.0327,0.0000,0.0000,0.0117,0.0000,0.0000
15883,0,-0.0682,2,1,X,0,0.0000,0.0000,0.8857,0.0569,0.0000,0.0000,0.0574,0.0000,0.0000
15885,-1,-0.5436,1,1,O,1,0.0514,0.5854,0.0000,0.0619,0.0000,0.0000,0.3013,0.0000,0.0000
15887,1,0.9989,1,1,X,0,0.0000,0.8272,0.0000,0.0058,0.0000,0.0000,0.1669,0.0000,0.0000
15891,1,0.9688,6,1,X,1,0.0257,0.0000,0.0000,0.0410,0.0000,0.0000,0.9334,0.0000,0.0000
15892,0,-0.0674,6,1,O,0,0.0000,0.0000,0.0000,0.0381,0.0000,0.0000,0.9619,0.0000,0.0000
15903,1,0.8945,2,1,O,0,0.0218,0.0466,0.9149,0.0000,0.0000,0.0000,0.0167,0.0000,0.0000
15905,1,0.8790,1,1,X,1,0.0000,0.8988,0.0950,0.0000,0.0000,0.0000,0.0061,0.0000,0.0000
15909,0,-0.1859,2,1,X,1,0.0262,0.0000,0.9434,0.0000,0.0000,0.0000,0.0304,0.0000,0.0000
15910,1,0.8427,2,1,O,1,0.0000,0.0000,0.9744,0.0000,0.0000,0.0000,0.0256,0.0000,0.0000
15914,-1,-0.6761,6,1,O,0,0.0000,0.4465,0.0000,0.0000,0.0000,0.0000,0.5535,0.0000,0.0000
15918,0,-0.1485,6,1,O,1,0.0284,0.0000,0.0000,0.0000,0.0000,0.0000,0.9716,0.0000,0.0000
15920,1,0.8600,6,1,X,0,0.0000,0.0000,0.0000,0.0000,0.0000,0.0000,1.0000,0.0000,0.0000
15931,1,0.9688,1,1,X,0,0.0000,0.9696,0.0273,0.0000,0.0000,0.0000,0.0031,0.0000,0.0000
15939,1,0.9982,1,1,X,1,0.0039,0.6796,0.0000,0.0000,0.0000,0.0000,0.3165,0.0000,0.0000
15940,-1,-0.9856,1,1,O,0,0.0000,0.7914,0.0000,0.0000,0.0000,0.0000,0.2086,0.0000,0.0000
15946,1,0.9388,6,1,X,0,0.0000,0.0000,0.0000,0.0000,0.0000,0.0000,1.0000,0.0000,0.0000
15961,1,0.6439,2,1,X,0,0.0000,0.0000,0.9750,0.0188,0.0000,0.0000,0.0062,0.0000,0.0000
15967,1,0.9614,1,1,X,1,0.0000,0.9477,0.0000,0.0433,0.0000,0.0000,0.0090,0.0000,0.0000
15969,1,0.9157,0,1,X,0,0.9850,0.0000,0.0000,0.0082,0.0000,0.0000,0.0068,0.0000,0.0000
15985,1,0.8914,6,1,X,0,0.0000,0.0045,0.0070,0.0000,0.0000,0.0000,0.9884,0.0000,0.0000
15987,-1,-0.7848,2,1,X,0,0.3329,0.0000,0.5924,0.0000,0.0000,0.0000,0.0747,0.0000,0.0000
15988,1,0.9250,2,1,O,0,0.0000,0.0000,0.9901,0.0000,0.0000,0.0000,0.0099,0.0000,0.0000
15993,1,0.0277,0,1,X,1,0.8718,0.0584,0.0000,0.0000,0.0000,0.0000,0.0698,0.0000,0.0000
15994,-1,-0.8527,6,1,O,1,0.0000,0.4678,0.0000,0.0000,0.0000,0.0000,0.5322,0.0000,0.0000
15996,1,0.2449,0,1,O,0,0.9375,0.0000,0.0000,0.0000,0.0000,0.0000,0.0625,0.0000,0.0000
16000,1,0.9528,6,1,X,1,0.0000,0.0000,0.0000,0.0000,0.0000,0.0000,1.0000,0.0000,0.0000
16038,1,0.1273,4,0,O,0,0.1072,0.1455,0.1220,0.1319,0.2502,0.2433,0.0000,0.0000,0.0000
16040,1,0.8416,4,1,X,1,0.0000,0.0083,0.0072,0.0072,0.9685,0.0088,0.0000,0.0000,0.0000
16043,1,0.9044,4,1,O,0,0.0000,0.0000,0.0151,0.0329,0.9227,0.0293,0.0000,0.0000,0.0000
16044,0,0.2697,0,1,X,1,0.5365,0.0000,0.0729,0.1086,0.2111,0.0709,0.0000,0.0000,0.0000
16045,0,-0.4678,3,1,O,1,0.0000,0.0000,0.0772,0.7770,0.1009,0.0449,0.0000,0.0000,0.0000
16049,1,0.7514,4,1,O,0,0.0000,0.0465,0.0000,0.0351,0.8836,0.0348,0.0000,0.0000,0.0000
16053,0,-0.2100,4,1,O,0,0.0576,0.0000,0.0000,0.0279,0.8147,0.0998,0.0000,0.0000,0.0000
16055,1,0.9191,4,1,X,0,0.0000,0.0000,0.0000,0.0058,0.9820,0.0122,0.0000,0.0000,0.0000
16056,-1,-0.5215,5,1,X,1,0.1668,0.0939,0.0000,0.0751,0.1601,0.5041,0.0000,0.0000,0.0000
16057,1,0.7289,5,1,O,1,0.0000,0.0459,0.0000,0.0459,0.0249,0.8833,0.0000,0.0000,0.0000
16059,1,0.9255,5,1,O,0,0.0292,0.0000,0.0000,0.0382,0.1122,0.8204,0.0000,0.0000,0.0000
16061,1,0.8400,4,1,X,0,0.0000,0.0000,0.0000,0.0585,0.8800,0.0614,0.0000,0.0000,0.0000
16063,1,0.8727,3,1,X,0,0.0000,0.0000,0.0000,0.5784,0.1447,0.2769,0.0000,0.0000,0.0000
16067,1,0.8846,4,1,O,0,0.0000,0.0407,0.0135,0.0000,0.8777,0.0681,0.0000,0.0000,0.0000
16071,1,-0.3170,4,0,O,0,0.2958,0.0000,0.1469,0.0000,0.3702,0.1871,0.0000,0.0000,0.0000
16073,-1,-0.9904,4,1,X,0,0.0000,0.0000,0.1723,0.0000,0.7825,0.0451,0.0000,0.0000,0.0000
16082,1,0.9335,4,1,O,0,0.0000,0.0000,0.0000,0.0000,0.9715,0.0285,0.0000,0.0000,0.0000
16083,1,0.8186,5,1,O,0,0.1365,0.0615,0.0000,0.0000,0.0357,0.7664,0.0000,0.0000,0.0000
16085,-1,-0.9815,4,1,X,0,0.0000,0.0377,0.0000,0.0000,0.8343,0.1280,0.0000,0.0000,0.0000
16088,1,0.9342,5,1,O,0,0.0000,0.0000,0.0000,0.0000,0.4408,0.5592,0.0000,0.0000,0.0000
16089,1,0.9516,0,1,X,0,0.9639,0.0000,0.0000,0.0000,0.0288,0.0073,0.0000,0.0000,0.0000
16092,1,0.3825,4,1,X,0,0.0221,0.0297,0.0345,0.0000,0.7938,0.1200,0.0000,0.0000,0.0000
16093,1,0.1504,5,1,O,0,0.0000,0.1044,0.1612,0.0000,0.3332,0.4013,0.0000,0.0000,0.0000
16095,1,0.6292,4,1,O,0,0.0228,0.0000,0.0546,0.0000,0.8164,0.1061,0.0000,0.0000,0.0000
16097,1,0.9849,4,1,X,0,0.0000,0.0000,0.0036,0.0000,0.9925,0.0039,0.0000,0.0000,0.0000
16099,0,-0.0443,5,1,X,1,0.0000,0.0000,0.1841,0.0000,0.4041,0.4118,0.0000,0.0000,0.0000
16101,1,-0.3467,4,1,O,0,0.0292,0.0830,0.0000,0.0000,0.7979,0.0898,0.0000,0.0000,0.0000
16103,1,0.9882,4,1,X,0,0.0000,0.0054,0.0000,0.0000,0.9863,0.0083,0.0000,0.0000,0.0000
16106,1,0.9381,4,1,O,0,0.0000,0.0000,0.0000,0.0000,0.9736,0.0264,0.0000,0.0000,0.0000
16107,1,0.6620,4,1,X,0,0.0375,0.0000,0.0000,0.0000,0.9210,0.0415,0.0000,0.0000,0.0000
16108,0,-0.1681,4,1,O,0,0.0000,0.0000,0.0000,0.0000,0.9377,0.0623,0.0000,0.0000,0.0000
16111,0,-0.0523,5,1,X,1,0.0000,0.0466,0.0000,0.0000,0.0854,0.8680,0.0000,0.0000,0.0000
16113,1,0.7745,4,1,X,0,0.0212,0.0000,0.0000,0.0000,0.6618,0.3170,0.0000,0.0000,0.0000
16114,1,0.9076,5,1,O,0,0.0000,0.0000,0.0000,0.0000,0.1426,0.8574,0.0000,0.0000,0.0000
16121,-1,-0.9634,1,1,O,1,0.0000,0.3997,0.2928,0.1377,0.0000,0.1699,0.0000,0.0000,0.0000
16125,1,0.3366,2,1,O,1,0.0681,0.0000,0.7945,0.0586,0.0000,0.0789,0.0000,0.0000,0.0000
16127,1,0.8782,2,1,X,1,0.0000,0.0000,0.9755,0.0121,0.0000,0.0123,0.0000,0.0000,0.0000
16137,1,0.9317,5,1,O,0,0.0067,0.0950,0.0000,0.0152,0.0000,0.8831,0.0000,0.0000,0.0000
16139,1,0.9300,1,1,X,1,0.0000,0.9607,0.0000,0.0117,0.0000,0.0276,0.0000,0.0000,0.0000
16143,-1,-0.9274,0,1,X,1,0.4972,0.0000,0.0000,0.2020,0.0000,0.3007,0.0000,0.0000,0.0000
16144,1,0.8855,5,1,O,0,0.0000,0.0000,0.0000,0.0231,0.0000,0.9769,0.0000,0.0000,0.0000
16154,1,0.9411,2,1,O,0,0.0000,0.0000,0.9063,0.0000,0.0000,0.0937,0.0000,0.0000,0.0000
16166,1,0.9650,1,1,O,0,0.0000,0.7425,0.0000,0.0000,0.0000,0.2575,0.0000,0.0000,0.0000
16170,1,0.9961,0,1,O,0,0.6957,0.0000,0.0000,0.0000,0.0000,0.3043,0.0000,0.0000,0.0000
16173,-1,-0.9867,1,1,O,0,0.0514,0.4504,0.3187,0.0000,0.0000,0.1795,0.0000,0.0000,0.0000
16175,1,0.9952,1,1,X,1,0.0000,0.6365,0.3391,0.0000,0.0000,0.0244,0.0000,0.0000,0.0000
16179,1,0.6992,2,1,X,1,0.0560,0.0000,0.8712,0.0000,0.0000,0.0729,0.0000,0.0000,0.0000
16180,0,-0.2285,2,1,O,1,0.0000,0.0000,0.8914,0.0000,0.0000,0.1086,0.0000,0.0000,0.0000
16191,1,0.9596,1,1,X,1,0.0036,0.9741,0.0000,0.0000,0.0000,0.0223,0.0000,0.0000,0.0000
16192,1,0.8133,5,1,O,0,0.0000,0.1224,0.0000,0.0000,0.0000,0.8776,0.0000,0.0000,0.0000
16198,0,0.0159,5,1,X,1,0.0000,0.0000,0.0000,0.0000,0.0000,1.0000,0.0000,0.0000,0.0000
16200,0,-0.1323,0,1,X,1,0.9171,0.0206,0.0204,0.0250,0.0000,0.0170,0.0000,0.0000,0.0000
16201,0,-0.0746,3,1,O,1,0.0000,0.0123,0.0174,0.9524,0.0000,0.0179,0.0000,0.0000,0.0000
16203,1,0.9756,0,1,O,1,0.9656,0.0000,0.0139,0.0107,0.0000,0.0098,0.0000,0.0000,0.0000
16207,1,0.9356,3,1,X,1,0.0000,0.0000,0.0115,0.9615,0.0000,0.0270,0.0000,0.0000,0.0000
16209,1,0.9497,0,1,O,0,0.9411,0.0163,0.0000,0.0268,0.0000,0.0158,0.0000,0.0000,0.0000
16215,0,0.0091,0,1,X,1,0.9744,0.0000,0.0000,0.0166,0.0000,0.0090,0.0000,0.0000,0.0000
16216,0,-0.0922,3,1,O,1,0.0000,0.0000,0.0000,0.9667,0.0000,0.0333,0.0000,0.0000,0.0000
16219,1,0.9455,3,1,X,1,0.0000,0.0037,0.0000,0.9679,0.0000,0.0285,0.0000,0.0000,0.0000
16221,-1,-0.9083,0,1,X,0,0.5458,0.0000,0.0000,0.2455,0.0000,0.2088,0.0000,0.0000,0.0000
16222,1,0.9171,5,1,O,1,0.0000,0.0000,0.0000,0.0720,0.0000,0.9280,0.0000,0.0000,0.0000
16227,1,0.7953,0,1,O,1,0.9761,0.0104,0.0042,0.0000,0.0000,0.0094,0.0000,0.0000,0.0000
16233,1,0.9403,0,1,X,1,0.9982,0.0000,0.0011,0.0000,0.0000,0.0007,0.0000,0.0000,0.0000
16242,1,0.7482,0,1,O,1,0.9734,0.0000,0.0000,0.0000,0.0000,0.0266,0.0000,0.0000,0.0000
16245,1,0.8207,0,1,X,0,0.9932,0.0028,0.0000,0.0000,0.0000,0.0040,0.0000,0.0000,0.0000
16248,1,0.9893,0,1,O,0,0.5254,0.0000,0.0000,0.0000,0.0000,0.4746,0.0000,0.0000,0.0000
16255,0,-0.0647,5,1,X,1,0.0000,0.0207,0.0126,0.0000,0.0000,0.9668,0.0000,0.0000,0.0000
16257,-1,-0.8266,5,1,X,0,0.3534,0.0000,0.0420,0.0000,0.0000,0.6046,0.0000,0.0000,0.0000
16258,1,0.9700,5,1,O,1,0.0000,0.0000,0.0188,0.0000,0.0000,0.9812,0.0000,0.0000,0.0000
16263,-1,-0.6730,5,1,X,0,0.3484,0.1377,0.0000,0.0000,0.0000,0.5138,0.0000,0.0000,0.0000
16264,1,0.9340,5,1,O,1,0.0000,0.0107,0.0000,0.0000,0.0000,0.9893,0.0000,0.0000,0.0000
16266,1,0.9991,5,1,O,0,0.0691,0.0000,0.0000,0.0000,0.0000,0.9309,0.0000,0.0000,0.0000
16270,0,-0.0093,5,1,X,1,0.0000,0.0000,0.0000,0.0000,0.0000,1.0000,0.0000,0.0000,0.0000
16276,0,-0.1498,5,1,X,1,0.0000,0.0000,0.0000,0.0000,0.0000,1.0000,0.0000,0.0000,0.0000
16283,1,0.7916,4,1,O,0,0.0000,0.0589,0.0360,0.0434,0.8616,0.0000,0.0000,0.0000,0.0000
16287,1,0.4266,4,0,O,0,0.0556,0.0000,0.0785,0.1459,0.7200,0.0000,0.0000,0.0000,0.0000
16289,-1,-0.7543,4,1,X,0,0.0000,0.0000,0.0927,0.0213,0.8860,0.0000,0.0000,0.0000,0.0000
16298,1,0.9368,4,1,O,0,0.0000,0.0000,0.0000,0.0207,0.9793,0.0000,0.0000,0.0000,0.0000
16299,1,0.4672,4,0,O,0,0.2499,0.1018,0.0000,0.1859,0.4624,0.0000,0.0000,0.0000,0.0000
16301,-1,-0.8197,4,1,X,0,0.0000,0.1927,0.0000,0.1739,0.6335,0.0000,0.0000,0.0000,0.0000
16304,1,0.7469,4,1,O,0,0.0000,0.0000,0.0000,0.0621,0.9379,0.0000,0.0000,0.0000,0.0000
16305,0,0.0365,0,1,X,0,0.8073,0.0000,0.0000,0.0516,0.1411,0.0000,0.0000,0.0000,0.0000
16306,0,-0.1778,3,1,O,0,0.0000,0.0000,0.0000,0.8765,0.1235,0.0000,0.0000,0.0000,0.0000
16316,1,0.9982,2,1,O,0,0.0000,0.0000,0.6592,0.0000,0.3408,0.0000,0.0000,0.0000,0.0000
16328,1,0.9660,1,1,O,0,0.0000,0.5620,0.0000,0.0000,0.4380,0.0000,0.0000,0.0000,0.0000
16332,1,0.9640,0,1,O,0,0.9541,0.0000,0.0000,0.0000,0.0459,0.0000,0.0000,0.0000,0.0000
16335,0,-0.0668,4,1,O,0,0.0957,0.1398,0.2397,0.0000,0.5247,0.0000,0.0000,0.0000,0.0000
16337,1,0.4894,4,1,X,0,0.0000,0.0096,0.0071,0.0000,0.9833,0.0000,0.0000,0.0000,0.0000
16340,1,0.8317,4,1,O,0,0.0000,0.0000,0.0113,0.0000,0.9887,0.0000,0.0000,0.0000,0.0000
16341,0,-0.2385,4,1,X,0,0.3116,0.0000,0.1385,0.0000,0.5499,0.0000,0.0000,0.0000,0.0000
16342,0,-0.1758,4,1,O,0,0.0000,0.0000,0.2808,0.0000,0.7192,0.0000,0.0000,0.0000,0.0000
16346,1,0.8384,4,1,O,0,0.0000,0.0157,0.0000,0.0000,0.9843,0.0000,0.0000,0.0000,0.0000
16350,0,0.1082,4,1,O,0,0.0634,0.0000,0.0000,0.0000,0.9366,0.0000,0.0000,0.0000,0.0000
16352,1,0.8299,4,1,X,0,0.0000,0.0000,0.0000,0.0000,1.0000,0.0000,0.0000,0.0000,0.0000
16353,0,-0.2500,4,1,X,0,0.2000,0.1970,0.0000,0.0000,0.6030,0.0000,0.0000,0.0000,0.0000
16354,0,-0.1649,4,1,O,1,0.0000,0.3426,0.0000,0.0000,0.6574,0.0000,0.0000,0.0000,0.0000
16356,0,0.1355,4,1,O,0,0.1000,0.0000,0.0000,0.0000,0.9000,0.0000,0.0000,0.0000,0.0000
16358,1,0.9295,4,1,X,0,0.0000,0.0000,0.0000,0.0000,1.0000,0.0000,0.0000,0.0000,0.0000
16360,0,-0.0948,4,1,X,1,0.0000,0.0000,0.0000,0.0000,1.0000,0.0000,0.0000,0.0000,0.0000
16370,1,0.9407,2,1,O,0,0.0000,0.0000,0.9619,0.0381,0.0000,0.0000,0.0000,0.0000,0.0000
16382,1,0.9385,1,1,O,0,0.0000,0.9690,0.0000,0.0310,0.0000,0.0000,0.0000,0.0000,0.0000
16386,1,0.9453,0,1,O,1,0.9637,0.0000,0.0000,0.0363,0.0000,0.0000,0.0000,0.0000,0.0000
16418,-1,-0.9340,1,1,O,0,0.0000,0.5463,0.4537,0.0000,0.0000,0.0000,0.0000,0.0000,0.0000
16422,0,-0.1498,2,1,O,1,0.0646,0.0000,0.9354,0.0000,0.0000,0.0000,0.0000,0.0000,0.0000
16424,1,0.7921,2,1,X,1,0.0000,0.0000,1.0000,0.0000,0.0000,0.0000,0.0000,0.0000,0.0000
16434,0,-0.1262,1,1,O,1,0.0281,0.9719,0.0000,0.0000,0.0000,0.0000,0.0000,0.0000,0.0000
16436,1,0.9414,1,1,X,0,0.0000,1.0000,0.0000,0.0000,0.0000,0.0000,0.0000,0.0000,0.0000
16440,0,-0.0958,0,1,X,1,1.0000,0.0000,0.0000,0.0000,0.0000,0.0000,0.0000,0.0000,0.0000
16443,1,0.9626,0,1,O,1,0.9709,0.0106,0.0108,0.0077,0.0000,0.0000,0.0000,0.0000,0.0000
16449,0,-0.0440,0,1,X,1,0.9770,0.0000,0.0108,0.0122,0.0000,0.0000,0.0000,0.0000,0.0000
16450,0,-0.1203,3,1,O,1,0.0000,0.0000,0.0235,0.9765,0.0000,0.0000,0.0000,0.0000,0.0000
16458,1,0.8936,0,1,O,0,0.9689,0.0000,0.0000,0.0311,0.0000,0.0000,0.0000,0.0000,0.0000
16461,0,-0.0721,0,1,X,1,0.9496,0.0251,0.0000,0.0252,0.0000,0.0000,0.0000,0.0000,0.0000
16462,0,-0.1183,3,1,O,1,0.0000,0.0304,0.0000,0.9696,0.0000,0.0000,0.0000,0.0000,0.0000
16464,1,0.8610,0,1,O,0,0.9585,0.0000,0.0000,0.0415,0.0000,0.0000,0.0000,0.0000,0.0000
16468,1,0.9268,3,1,X,0,0.0000,0.0000,0.0000,1.0000,0.0000,0.0000,0.0000,0.0000,0.0000
16476,1,0.9251,0,1,O,0,0.9902,0.0000,0.0098,0.0000,0.0000,0.0000,0.0000,0.0000,0.0000
16488,1,0.7165,0,1,O,0,0.9745,0.0255,0.0000,0.0000,0.0000,0.0000,0.0000,0.0000,0.0000
16494,1,0.8480,0,1,X,0,1.0000,0.0000,0.0000,0.0000,0.0000,0.0000,0.0000,0.0000,0.0000
16497,0,-0.0875,0,1,X,0,0.9232,0.0278,0.0490,0.0000,0.0000,0.0000,0.0000,0.0000,0.0000
16498,0,-0.0636,1,1,O,1,0.0000,0.5347,0.4653,0.0000,0.0000,0.0000,0.0000,0.0000,0.0000
16500,1,0.9367,0,1,O,0,0.9751,0.0000,0.0249,0.0000,0.0000,0.0000,0.0000,0.0000,0.0000
16504,0,-0.0843,2,1,X,1,0.0000,0.0000,1.0000,0.0000,0.0000,0.0000,0.0000,0.0000,0.0000
16506,1,0.8776,0,1,O,1,0.9209,0.0791,0.0000,0.0000,0.0000,0.0000,0.0000,0.0000,0.0000
16512,0,-0.0661,0,1,X,0,1.0000,0.0000,0.0000,0.0000,0.0000,0.0000,0.0000,0.0000,0.0000
16516,0,-0.1104,1,1,X,1,0.0000,1.0000,0.0000,0.0000,0.0000,0.0000,0.0000,0.0000,0.0000
16518,0,-0.0394,0,1,X,1,1.0000,0.0000,0.0000,0.0000,0.0000,0.0000,0.0000,0.0000,0.0000
16524,-1,-0.9332,2,1,X,0,0.1698,0.0917,0.4469,0.1132,0.1784,0.0000,0.0000,0.0000,0.0000
16525,1,0.9587,2,1,O,0,0.0000,0.0241,0.9203,0.0494,0.0061,0.0000,0.0000,0.0000,0.0000
16527,1,0.9348,2,1,O,0,0.0230,0.0000,0.8003,0.0368,0.1400,0.0000,0.0000,0.0000,0.0000
16529,1,0.7148,4,1,X,0,0.0000,0.0000,0.0116,0.0113,0.9771,0.0000,0.0000,0.0000,0.0000
16531,1,0.3550,3,1,X,0,0.0000,0.0000,0.3086,0.4371,0.2543,0.0000,0.0000,0.0000,0.0000
16533,1,0.7544,4,1,O,0,0.0273,0.0522,0.0000,0.0151,0.9054,0.0000,0.0000,0.0000,0.0000
16535,1,0.9341,4,1,X,0,0.0000,0.0251,0.0000,0.0024,0.9725,0.0000,0.0000,0.0000,0.0000
16538,1,0.9145,4,1,O,0,0.0000,0.0000,0.0000,0.0447,0.9553,0.0000,0.0000,0.0000,0.0000
16539,1,0.9008,4,1,X,0,0.0687,0.0000,0.0000,0.0420,0.8893,0.0000,0.0000,0.0000,0.0000
16540,-1,-0.8849,4,1,O,0,0.0000,0.0000,0.0000,0.2624,0.7376,0.0000,0.0000,0.0000,0.0000
16551,1,0.8391,2,1,O,0,0.0476,0.0414,0.8822,0.0000,0.0288,0.0000,0.0000,0.0000,0.0000
16553,-1,-0.9864,4,1,X,0,0.0000,0.0566,0.1183,0.0000,0.8252,0.0000,0.0000,0.0000,0.0000
16556,1,0.9951,4,1,O,0,0.0000,0.0000,0.2967,0.0000,0.7033,0.0000,0.0000,0.0000,0.0000
16557,1,0.9378,0,1,X,0,0.9063,0.0000,0.0364,0.0000,0.0573,0.0000,0.0000,0.0000,0.0000
16562,1,0.8176,4,1,O,0,0.0000,0.0274,0.0000,0.0000,0.9726,0.0000,0.0000,0.0000,0.0000
16566,-1,-0.8390,4,1,O,0,0.1909,0.0000,0.0000,0.0000,0.8091,0.0000,0.0000,0.0000,0.0000
16568,1,0.7146,4,1,X,0,0.0000,0.0000,0.0000,0.0000,1.0000,0.0000,0.0000,0.0000,0.0000
16579,-1,-0.7901,4,1,X,0,0.0000,0.1960,0.3776,0.0000,0.4264,0.0000,0.0000,0.0000,0.0000
16581,1,0.8878,4,1,X,0,0.0173,0.0000,0.0131,0.0000,0.9696,0.0000,0.0000,0.0000,0.0000
16582,1,0.9766,2,1,O,0,0.0000,0.0000,0.7944,0.0000,0.2056,0.0000,0.0000,0.0000,0.0000
16587,1,0.9450,4,1,X,0,0.0098,0.0189,0.0000,0.0000,0.9713,0.0000,0.0000,0.0000,0.0000
16588,1,0.7260,4,1,O,0,0.0000,0.0604,0.0000,0.0000,0.9396,0.0000,0.0000,0.0000,0.0000
16590,1,0.8367,4,1,O,0,0.0028,0.0000,0.0000,0.0000,0.9972,0.0000,0.0000,0.0000,0.0000
16592,1,0.9936,4,1,X,0,0.0000,0.0000,0.0000,0.0000,1.0000,0.0000,0.0000,0.0000,0.0000
16594,1,0.8724,4,1,X,0,0.0000,0.0000,0.0000,0.0000,1.0000,0.0000,0.0000,0.0000,0.0000
16605,1,0.8976,2,1,O,0,0.0090,0.0329,0.9346,0.0235,0.0000,0.0000,0.0000,0.0000,0.0000
16607,1,0.9945,2,1,X,0,0.0000,0.4314,0.5549,0.0137,0.0000,0.0000,0.0000,0.0000,0.0000
16611,1,0.8873,2,1,X,1,0.0168,0.0000,0.9786,0.0045,0.0000,0.0000,0.0000,0.0000,0.0000
16612,1,0.9257,2,1,O,0,0.0000,0.0000,0.8478,0.1522,0.0000,0.0000,0.0000,0.0000,0.0000
16634,1,0.9123,2,1,O,0,0.0000,0.1071,0.8929,0.0000,0.0000,0.0000,0.0000,0.0000,0.0000
16638,1,0.9771,2,1,O,0,0.0098,0.0000,0.9902,0.0000,0.0000,0.0000,0.0000,0.0000,0.0000
16640,1,0.3018,2,1,X,0,0.0000,0.0000,1.0000,0.0000,0.0000,0.0000,0.0000,0.0000,0.0000
16659,1,0.9914,2,1,X,0,0.0103,0.4408,0.5489,0.0000,0.0000,0.0000,0.0000,0.0000,0.0000
16660,1,0.6724,2,1,O,0,0.0000,0.0514,0.9486,0.0000,0.0000,0.0000,0.0000,0.0000,0.0000
16666,1,0.5929,2,1,X,0,0.0000,0.0000,1.0000,0.0000,0.0000,0.0000,0.0000,0.0000,0.0000
16687,1,0.8007,3,1,X,1,0.0000,0.0025,0.0069,0.9906,0.0000,0.0000,0.0000,0.0000,0.0000
16689,-1,-0.9860,3,1,X,1,0.3209,0.0000,0.2743,0.4048,0.0000,0.0000,0.0000,0.0000,0.0000
16690,1,0.9549,3,1,O,0,0.0000,0.0000,0.3744,0.6256,0.0000,0.0000,0.0000,0.0000,0.0000
16695,-1,-0.9698,0,1,X,0,0.4953,0.1576,0.0000,0.3471,0.0000,0.0000,0.0000,0.0000,0.0000
16696,1,0.9079,3,1,O,0,0.0000,0.0101,0.0000,0.9899,0.0000,0.0000,0.0000,0.0000,0.0000
16698,1,0.9953,3,1,O,0,0.2033,0.0000,0.0000,0.7967,0.0000,0.0000,0.0000,0.0000,0.0000
16702,1,0.8823,3,1,X,1,0.0000,0.0000,0.0000,1.0000,0.0000,0.0000,0.0000,0.0000,0.0000
16713,1,0.7519,0,1,X,0,0.9918,0.0030,0.0052,0.0000,0.0000,0.0000,0.0000,0.0000,0.0000
16716,1,0.9843,2,1,O,1,0.2302,0.0000,0.7698,0.0000,0.0000,0.0000,0.0000,0.0000,0.0000
16722,1,0.7855,0,1,O,0,0.9819,0.0181,0.0000,0.0000,0.0000,0.0000,0.0000,0.0000,0.0000
16728,1,0.9597,0,1,X,0,1.0000,0.0000,0.0000,0.0000,0.0000,0.0000,0.0000,0.0000,0.0000
16768,1,-0.0873,1,1,X,1,0.0000,0.5127,0.1336,0.0794,0.1989,0.0755,0.0000,0.0000,0.0000
16770,1,0.8914,4,1,X,0,0.0000,0.0000,0.0118,0.0161,0.9630,0.0091,0.0000,0.0000,0.0000
16771,-1,-0.8421,4,1,O,1,0.0000,0.0000,0.2853,0.1072,0.4580,0.1495,0.0000,0.0000,0.0000
16776,1,0.5261,4,0,X,1,0.0715,0.3170,0.0000,0.0378,0.5203,0.0534,0.0000,0.0000,0.0000
16777,0,-0.1230,1,1,O,0,0.0000,0.8295,0.0000,0.0650,0.0481,0.0574,0.0000,0.0000,0.0000
16779,-1,-0.1537,0,1,O,0,0.4942,0.0000,0.0000,0.1411,0.2484,0.1163,0.0000,0.0000,0.0000
16781,1,0.9131,4,1,X,0,0.0000,0.0000,0.0000,0.0606,0.9226,0.0168,0.0000,0.0000,0.0000
16783,0,-0.0759,4,1,X,1,0.0000,0.0000,0.0000,0.3016,0.4617,0.2367,0.0000,0.0000,0.0000
16789,1,0.8315,4,1,X,0,0.0000,0.0000,0.0000,0.0192,0.9596,0.0212,0.0000,0.0000,0.0000
16794,1,0.3311,4,1,X,0,0.0312,0.0757,0.0853,0.0000,0.6522,0.1557,0.0000,0.0000,0.0000
16795,1,0.1232,2,1,O,1,0.0000,0.1384,0.4196,0.0000,0.3138,0.1282,0.0000,0.0000,0.0000
16797,1,0.5433,4,1,O,0,0.0418,0.0000,0.0424,0.0000,0.8910,0.0248,0.0000,0.0000,0.0000
16799,1,0.9316,4,1,X,0,0.0000,0.0000,0.0116,0.0000,0.9699,0.0186,0.0000,0.0000,0.0000
16801,0,0.0186,4,1,X,0,0.0000,0.0000,0.2718,0.0000,0.4909,0.2373,0.0000,0.0000,0.0000
16803,0,-0.2296,5,0,O,0,0.1498,0.2834,0.0000,0.0000,0.2551,0.3116,0.0000,0.0000,0.0000
16805,1,0.6724,4,1,X,0,0.0000,0.1005,0.0000,0.0000,0.7807,0.1188,0.0000,0.0000,0.0000
16808,1,0.7476,4,1,O,0,0.0000,0.0000,0.0000,0.0000,0.9655,0.0345,0.0000,0.0000,0.0000
16809,0,0.1420,4,1,X,0,0.0652,0.0000,0.0000,0.0000,0.7426,0.1922,0.0000,0.0000,0.0000
16810,0,-0.1419,4,1,O,1,0.0000,0.0000,0.0000,0.0000,0.5957,0.4043,0.0000,0.0000,0.0000
16813,-1,-0.9720,4,1,X,1,0.0000,0.0766,0.0000,0.0000,0.6156,0.3077,0.0000,0.0000,0.0000
16815,1,0.8770,4,1,X,0,0.0000,0.0000,0.0000,0.0000,0.9272,0.0728,0.0000,0.0000,0.0000
16816,1,0.9816,5,1,O,0,0.0000,0.0000,0.0000,0.0000,0.4375,0.5625,0.0000,0.0000,0.0000
16825,1,0.9966,4,1,X,1,0.0000,0.0000,0.0431,0.0000,0.9501,0.0068,0.0000,0.0000,0.0000
16831,1,0.9945,1,1,X,0,0.0000,0.8486,0.0000,0.0000,0.1486,0.0028,0.0000,0.0000,0.0000
16833,1,0.9924,4,1,X,0,0.3486,0.0000,0.0000,0.0000,0.6484,0.0030,0.0000,0.0000,0.0000
16848,1,0.9604,1,1,X,1,0.0027,0.9527,0.0155,0.0166,0.0000,0.0125,0.0000,0.0000,0.0000
16849,0,-0.1073,1,1,O,1,0.0000,0.9210,0.0241,0.0265,0.0000,0.0285,0.0000,0.0000,0.0000
16855,0,-0.0245,5,1,X,1,0.0000,0.0000,0.2834,0.3328,0.0000,0.3838,0.0000,0.0000,0.0000
16857,0,-0.1142,1,1,O,1,0.0289,0.9134,0.0000,0.0275,0.0000,0.0302,0.0000,0.0000,0.0000
16859,1,0.9524,1,1,X,0,0.0000,0.9121,0.0000,0.0618,0.0000,0.0261,0.0000,0.0000,0.0000
16863,0,-0.0401,3,1,X,1,0.3209,0.0000,0.0000,0.3531,0.0000,0.3261,0.0000,0.0000,0.0000
16864,0,-0.0135,5,1,O,1,0.0000,0.0000,0.0000,0.4772,0.0000,0.5228,0.0000,0.0000,0.0000
16867,1,0.8175,1,1,X,0,0.0000,0.6068,0.0000,0.0771,0.0000,0.3161,0.0000,0.0000,0.0000
16875,-1,-0.2041,1,1,O,0,0.0017,0.5150,0.0162,0.0000,0.0000,0.4671,0.0000,0.0000,0.0000
16877,1,0.9819,5,1,X,0,0.0000,0.2731,0.0276,0.0000,0.0000,0.6993,0.0000,0.0000,0.0000
16881,1,0.9827,5,1,X,1,0.0000,0.0000,0.0055,0.0000,0.0000,0.9945,0.0000,0.0000,0.0000
16882,0,-0.0523,5,1,O,1,0.0000,0.0000,0.0371,0.0000,0.0000,0.9629,0.0000,0.0000,0.0000
16886,-1,-0.8102,5,1,O,0,0.0000,0.4127,0.0000,0.0000,0.0000,0.5873,0.0000,0.0000,0.0000
16890,0,-0.1168,5,1,O,1,0.0279,0.0000,0.0000,0.0000,0.0000,0.9721,0.0000,0.0000,0.0000
16892,1,0.9527,5,1,X,0,0.0000,0.0000,0.0000,0.0000,0.0000,1.0000,0.0000,0.0000,0.0000
16893,1,0.9958,5,1,X,0,0.0000,0.0673,0.0000,0.0000,0.0000,0.9326,0.0000,0.0000,0.0000
16894,1,0.7544,5,1,O,1,0.0000,0.0398,0.0000,0.0000,0.0000,0.9602,0.0000,0.0000,0.0000
16900,1,0.9805,5,1,X,1,0.0000,0.0000,0.0000,0.0000,0.0000,1.0000,0.0000,0.0000,0.0000
16903,1,0.9700,1,1,X,1,0.0000,0.9862,0.0100,0.0000,0.0000,0.0038,0.0000,0.0000,0.0000
16911,1,0.9070,1,1,X,1,0.0272,0.9480,0.0000,0.0000,0.0000,0.0248,0.0000,0.0000,0.0000
16912,0,-0.1691,1,1,O,0,0.0000,0.9489,0.0000,0.0000,0.0000,0.0511,0.0000,0.0000,0.0000
16918,0,0.0053,5,1,X,1,0.0000,0.0000,0.0000,0.0000,0.0000,1.0000,0.0000,0.0000,0.0000
16933,1,0.8215,2,1,X,0,0.0000,0.0000,0.9930,0.0020,0.0000,0.0050,0.0000,0.0000,0.0000
16939,1,0.9845,1,1,X,1,0.0000,0.9626,0.0000,0.0253,0.0000,0.0121,0.0000,0.0000,0.0000
16941,1,0.9154,0,1,X,0,0.9842,0.0000,0.0000,0.0043,0.0000,0.0115,0.0000,0.0000,0.0000
16957,0,-0.0961,2,1,X,1,0.0000,0.0264,0.9453,0.0000,0.0000,0.0283,0.0000,0.0000,0.0000
16959,-1,-0.9207,2,1,X,0,0.2832,0.0000,0.6310,0.0000,0.0000,0.0858,0.0000,0.0000,0.0000
16960,1,0.5709,2,1,O,1,0.0000,0.0000,0.9661,0.0000,0.0000,0.0339,0.0000,0.0000,0.0000
16965,0,-0.1785,0,1,X,1,0.9198,0.0345,0.0000,0.0000,0.0000,0.0457,0.0000,0.0000,0.0000
16966,0,-0.1046,1,1,O,1,0.0000,0.9760,0.0000,0.0000,0.0000,0.0240,0.0000,0.0000,0.0000
16968,1,0.4714,0,1,O,0,0.9950,0.0000,0.0000,0.0000,0.0000,0.0050,0.0000,0.0000,0.0000
16972,0,-0.0422,5,1,X,1,0.0000,0.0000,0.0000,0.0000,0.0000,1.0000,0.0000,0.0000,0.0000
17010,1,-0.1627,4,1,X,0,0.0485,0.0861,0.0014,0.0409,0.8231,0.0000,0.0000,0.0000,0.0000
17011,0,-0.2437,4,1,O,0,0.0000,0.2945,0.1854,0.1478,0.3723,0.0000,0.0000,0.0000,0.0000
17013,1,0.1540,4,1,O,0,0.1570,0.0000,0.1879,0.1368,0.5182,0.0000,0.0000,0.0000,0.0000
17015,1,-0.5691,4,1,X,0,0.0000,0.0000,0.0060,0.0567,0.9373,0.0000,0.0000,0.0000,0.0000
17017,0,-0.1950,4,1,X,0,0.0000,0.0000,0.0812,0.1579,0.7609,0.0000,0.0000,0.0000,0.0000
17019,1,0.3170,4,0,O,1,0.2310,0.1313,0.0000,0.1342,0.5035,0.0000,0.0000,0.0000,0.0000
17021,-1,-0.9752,4,1,X,0,0.0000,0.1554,0.0000,0.1826,0.6620,0.0000,0.0000,0.0000,0.0000
17024,1,0.9815,3,1,O,0,0.0000,0.0000,0.0000,0.5306,0.4694,0.0000,0.0000,0.0000,0.0000
17025,0,0.1637,4,1,X,0,0.1577,0.0000,0.0000,0.1676,0.6747,0.0000,0.0000,0.0000,0.0000
17026,0,-0.1552,4,1,O,0,0.0000,0.0000,0.0000,0.2718,0.7282,0.0000,0.0000,0.0000,0.0000
17029,1,0.5419,4,1,X,1,0.0000,0.0440,0.0000,0.0625,0.8936,0.0000,0.0000,0.0000,0.0000
17031,1,0.8351,4,1,X,0,0.0038,0.0000,0.0000,0.0246,0.9716,0.0000,0.0000,0.0000,0.0000
17032,1,0.7719,4,1,O,0,0.0000,0.0000,0.0000,0.0352,0.9648,0.0000,0.0000,0.0000,0.0000
17037,1,0.1883,4,1,O,0,0.0990,0.1527,0.0683,0.0000,0.6800,0.0000,0.0000,0.0000,0.0000
17039,1,0.9454,4,1,X,0,0.0000,0.0044,0.0016,0.0000,0.9941,0.0000,0.0000,0.0000,0.0000
17042,1,0.9712,4,1,O,0,0.0000,0.0000,0.0058,0.0000,0.9942,0.0000,0.0000,0.0000,0.0000
17043,1,0.9260,4,1,X,0,0.0019,0.0000,0.0016,0.0000,0.9966,0.0000,0.0000,0.0000,0.0000
17044,0,-0.0234,4,1,O,0,0.0000,0.0000,0.1952,0.0000,0.8048,0.0000,0.0000,0.0000,0.0000
17048,1,0.4509,4,1,O,0,0.0000,0.0710,0.0000,0.0000,0.9290,0.0000,0.0000,0.0000,0.0000
17052,0,0.0392,4,1,O,0,0.1530,0.0000,0.0000,0.0000,0.8470,0.0000,0.0000,0.0000,0.0000
17054,1,0.9280,4,1,X,0,0.0000,0.0000,0.0000,0.0000,1.0000,0.0000,0.0000,0.0000,0.0000
17055,1,0.9150,4,1,X,0,0.0016,0.0058,0.0000,0.0000,0.9926,0.0000,0.0000,0.0000,0.0000
17056,1,0.7711,4,1,O,1,0.0000,0.0794,0.0000,0.0000,0.9206,0.0000,0.0000,0.0000,0.0000
17058,1,0.9700,4,1,O,0,0.0175,0.0000,0.0000,0.0000,0.9825,0.0000,0.0000,0.0000,0.0000
17060,1,0.9776,4,1,X,0,0.0000,0.0000,0.0000,0.0000,1.0000,0.0000,0.0000,0.0000,0.0000
17062,1,0.9308,4,1,X,0,0.0000,0.0000,0.0000,0.0000,1.0000,0.0000,0.0000,0.0000,0.0000
17065,1,0.2165,4,0,X,0,0.0000,0.3040,0.1344,0.0000,0.5616,0.0000,0.0000,0.0000,0.0000
17067,1,0.8301,4,1,X,0,0.0166,0.0000,0.0051,0.0000,0.9784,0.0000,0.0000,0.0000,0.0000
17068,-1,-0.6204,2,1,O,0,0.0000,0.0000,0.5414,0.0000,0.4586,0.0000,0.0000,0.0000,0.0000
17073,0,-0.2119,0,1,X,1,0.7068,0.0948,0.0000,0.0000,0.1984,0.0000,0.0000,0.0000,0.0000
17074,0,-0.1791,1,1,O,1,0.0000,0.9169,0.0000,0.0000,0.0831,0.0000,0.0000,0.0000,0.0000
17076,1,0.9405,0,1,O,0,0.9714,0.0000,0.0000,0.0000,0.0286,0.0000,0.0000,0.0000,0.0000
17080,0,0.0167,4,1,X,1,0.0000,0.0000,0.0000,0.0000,1.0000,0.0000,0.0000,0.0000,0.0000
17086,1,0.9232,4,1,X,0,0.0000,0.0000,0.0000,0.0000,1.0000,0.0000,0.0000,0.0000,0.0000
17091,-1,-0.3618,1,1,O,0,0.0087,0.6257,0.0278,0.3378,0.0000,0.0000,0.0000,0.0000,0.0000
17093,1,0.9954,3,1,X,0,0.0000,0.2537,0.0083,0.7380,0.0000,0.0000,0.0000,0.0000,0.0000
17097,1,0.9658,3,1,X,0,0.0197,0.0000,0.0171,0.9632,0.0000,0.0000,0.0000,0.0000,0.0000
17098,0,-0.0747,3,1,O,1,0.0000,0.0000,0.0415,0.9585,0.0000,0.0000,0.0000,0.0000,0.0000
17102,1,0.7386,3,1,O,0,0.0000,0.0175,0.0000,0.9825,0.0000,0.0000,0.0000,0.0000,0.0000
17106,0,-0.0671,3,1,O,1,0.0252,0.0000,0.0000,0.9748,0.0000,0.0000,0.0000,0.0000,0.0000
17108,1,0.9381,3,1,X,0,0.0000,0.0000,0.0000,1.0000,0.0000,0.0000,0.0000,0.0000,0.0000
17109,1,0.9970,1,1,X,0,0.0001,0.6193,0.0000,0.3806,0.0000,0.0000,0.0000,0.0000,0.0000
17110,-1,-0.8848,3,1,O,1,0.0000,0.4429,0.0000,0.5571,0.0000,0.0000,0.0000,0.0000,0.0000
17116,1,0.9669,3,1,X,1,0.0000,0.0000,0.0000,1.0000,0.0000,0.0000,0.0000,0.0000,0.0000
17145,1,0.9362,1,1,X,1,0.0210,0.9712,0.0077,0.0000,0.0000,0.0000,0.0000,0.0000,0.0000
17146,0,-0.0849,1,1,O,1,0.0000,0.9812,0.0188,0.0000,0.0000,0.0000,0.0000,0.0000,0.0000
17152,0,-0.0294,2,1,X,1,0.0000,0.0000,1.0000,0.0000,0.0000,0.0000,0.0000,0.0000,0.0000
17154,1,0.9593,0,1,O,1,0.9652,0.0348,0.0000,0.0000,0.0000,0.0000,0.0000,0.0000,0.0000
17160,0,-0.1084,0,1,X,1,1.0000,0.0000,0.0000,0.0000,0.0000,0.0000,0.0000,0.0000,0.0000
17164,1,0.9625,1,1,X,1,0.0000,1.0000,0.0000,0.0000,0.0000,0.0000,0.0000,0.0000,0.0000
17173,0,-0.1096,2,1,X,1,0.0000,0.0476,0.9152,0.0372,0.0000,0.0000,0.0000,0.0000,0.0000
17175,-1,-0.7531,0,1,X,0,0.6956,0.0000,0.2567,0.0477,0.0000,0.0000,0.0000,0.0000,0.0000
17176,1,0.4168,2,1,O,0,0.0000,0.0000,0.9880,0.0120,0.0000,0.0000,0.0000,0.0000,0.0000
17181,0,-0.0761,0,1,X,1,0.9530,0.0286,0.0000,0.0184,0.0000,0.0000,0.0000,0.0000,0.0000
17182,0,-0.0903,1,1,O,1,0.0000,0.9655,0.0000,0.0345,0.0000,0.0000,0.0000,0.0000,0.0000
17184,1,0.8701,0,1,O,0,0.9687,0.0000,0.0000,0.0313,0.0000,0.0000,0.0000,0.0000,0.0000
17188,0,-0.0346,3,1,X,1,0.0000,0.0000,0.0000,1.0000,0.0000,0.0000,0.0000,0.0000,0.0000
17199,-1,-0.1037,0,1,X,0,0.6581,0.0053,0.3366,0.0000,0.0000,0.0000,0.0000,0.0000,0.0000
17200,1,0.7170,2,1,O,1,0.0000,0.0420,0.9580,0.0000,0.0000,0.0000,0.0000,0.0000,0.0000
17202,1,0.8714,2,1,O,0,0.4967,0.0000,0.5033,0.0000,0.0000,0.0000,0.0000,0.0000,0.0000
17206,0,-0.0786,2,1,X,1,0.0000,0.0000,1.0000,0.0000,0.0000,0.0000,0.0000,0.0000,0.0000
17208,1,0.8532,0,1,O,1,0.9642,0.0358,0.0000,0.0000,0.0000,0.0000,0.0000,0.0000,0.0000
17214,0,-0.1423,0,1,X,1,1.0000,0.0000,0.0000,0.0000,0.0000,0.0000,0.0000,0.0000,0.0000
17230,1,0.9447,2,1,X,0,0.0000,0.0000,1.0000,0.0000,0.0000,0.0000,0.0000,0.0000,0.0000
17236,1,0.9750,1,1,X,1,0.0000,1.0000,0.0000,0.0000,0.0000,0.0000,0.0000,0.0000,0.0000
17238,1,0.7890,0,1,X,0,1.0000,0.0000,0.0000,0.0000,0.0000,0.0000,0.0000,0.0000,0.0000
17257,1,0.9937,4,1,X,0,0.0000,0.0000,0.2172,0.0123,0.7705,0.0000,0.0000,0.0000,0.0000
17263,1,0.9984,1,1,X,0,0.0000,0.9347,0.0000,0.0033,0.0620,0.0000,0.0000,0.0000,0.0000
17265,1,0.9960,4,1,X,0,0.1213,0.0000,0.0000,0.0195,0.8592,0.0000,0.0000,0.0000,0.0000
17281,0,-0.4365,2,1,X,0,0.0000,0.0506,0.8923,0.0000,0.0570,0.0000,0.0000,0.0000,0.0000
17283,1,0.8345,4,1,X,0,0.0000,0.0000,0.1420,0.0000,0.8580,0.0000,0.0000,0.0000,0.0000
17284,1,0.8970,2,1,O,0,0.0000,0.0000,0.9643,0.0000,0.0357,0.0000,0.0000,0.0000,0.0000
17289,1,0.1422,4,0,X,0,0.3170,0.3370,0.0000,0.0000,0.3461,0.0000,0.0000,0.0000,0.0000
17290,0,-0.1487,1,1,O,0,0.0000,0.9341,0.0000,0.0000,0.0659,0.0000,0.0000,0.0000,0.0000
17292,-1,-0.0885,4,1,O,0,0.3160,0.0000,0.0000,0.0000,0.6840,0.0000,0.0000,0.0000,0.0000
17294,1,0.9470,4,1,X,0,0.0000,0.0000,0.0000,0.0000,1.0000,0.0000,0.0000,0.0000,0.0000
17296,0,-0.1801,4,1,X,0,0.0000,0.0000,0.0000,0.0000,1.0000,0.0000,0.0000,0.0000,0.0000
17335,1,0.8880,1,1,X,1,0.0000,0.9163,0.0731,0.0106,0.0000,0.0000,0.0000,0.0000,0.0000
17343,1,0.9909,1,1,X,0,0.0048,0.9879,0.0000,0.0073,0.0000,0.0000,0.0000,0.0000,0.0000
17344,0,-0.6998,1,1,O,0,0.0000,0.9497,0.0000,0.0503,0.0000,0.0000,0.0000,0.0000,0.0000
17350,0,-0.0318,3,1,X,1,0.0000,0.0000,0.0000,1.0000,0.0000,0.0000,0.0000,0.0000,0.0000
17361,1,0.9382,1,1,X,0,0.0000,0.9710,0.0290,0.0000,0.0000,0.0000,0.0000,0.0000,0.0000
17362,1,0.7731,2,1,O,0,0.0000,0.1551,0.8449,0.0000,0.0000,0.0000,0.0000,0.0000,0.0000
17368,0,-0.0356,2,1,X,1,0.0000,0.0000,1.0000,0.0000,0.0000,0.0000,0.0000,0.0000,0.0000
17370,0,-0.1336,1,1,O,1,0.0286,0.9714,0.0000,0.0000,0.0000,0.0000,0.0000,0.0000,0.0000
17372,1,0.9793,1,1,X,0,0.0000,1.0000,0.0000,0.0000,0.0000,0.0000,0.0000,0.0000,0.0000
17376,0,-0.0511,0,1,X,1,1.0000,0.0000,0.0000,0.0000,0.0000,0.0000,0.0000,0.0000,0.0000
17398,1,0.9988,1,1,X,0,0.0000,1.0000,0.0000,0.0000,0.0000,0.0000,0.0000,0.0000,0.0000
17446,1,0.6381,2,1,X,0,0.0000,0.0000,1.0000,0.0000,0.0000,0.0000,0.0000,0.0000,0.0000
17452,1,0.9650,1,1,X,1,0.0000,1.0000,0.0000,0.0000,0.0000,0.0000,0.0000,0.0000,0.0000
17454,1,0.9211,0,1,X,0,1.0000,0.0000,0.0000,0.0000,0.0000,0.0000,0.0000,0.0000,0.0000
17500,1,0.9161,2,1,X,0,0.0000,0.0000,0.8593,0.0235,0.0316,0.0367,0.0490,0.0000,0.0000
17506,1,0.8895,1,1,X,1,0.0000,0.8959,0.0000,0.0070,0.0360,0.0134,0.0477,0.0000,0.0000
17508,1,0.9211,0,1,X,1,0.9865,0.0000,0.0000,0.0055,0.0037,0.0022,0.0022,0.0000,0.0000
17524,1,0.8931,6,1,X,0,0.0000,0.0023,0.0070,0.0000,0.0040,0.0023,0.9844,0.0000,0.0000
17526,1,-0.7517,6,1,X,0,0.0691,0.0000,0.3087,0.0000,0.1586,0.0039,0.4597,0.0000,0.0000
17527,1,0.9233,6,1,O,0,0.0000,0.0000,0.0212,0.0000,0.0225,0.0050,0.9512,0.0000,0.0000
17532,1,-0.8059,6,1,X,0,0.0866,0.2214,0.0000,0.0000,0.2393,0.1225,0.3302,0.0000,0.0000
17533,1,0.9877,6,1,O,0,0.0000,0.0118,0.0000,0.0000,0.0058,0.0043,0.9781,0.0000,0.0000
17535,1,0.9429,6,1,O,0,0.0248,0.0000,0.0000,0.0000,0.0403,0.0266,0.9083,0.0000,0.0000
17537,-1,-0.8342,4,1,X,0,0.0000,0.0000,0.0000,0.0000,0.6539,0.1149,0.2312,0.0000,0.0000
17539,1,0.5370,6,1,X,0,0.0000,0.0000,0.0000,0.0000,0.0217,0.0231,0.9552,0.0000,0.0000
17545,1,0.5218,6,1,X,0,0.0000,0.0000,0.0000,0.0000,0.0056,0.0074,0.9870,0.0000,0.0000
17578,1,0.7327,6,1,X,1,0.0000,0.0193,0.0237,0.0095,0.0000,0.0163,0.9313,0.0000,0.0000
17580,0,-0.1689,6,1,X,1,0.0325,0.0000,0.0270,0.0210,0.0000,0.0332,0.8864,0.0000,0.0000
17581,1,0.7430,6,1,O,0,0.0000,0.0000,0.0543,0.0113,0.0000,0.0116,0.9228,0.0000,0.0000
17586,1,0.9253,6,1,X,1,0.0042,0.0037,0.0000,0.0049,0.0000,0.0055,0.9817,0.0000,0.0000
17587,1,0.6835,6,1,O,0,0.0000,0.0591,0.0000,0.0122,0.0000,0.0145,0.9142,0.0000,0.0000
17589,1,0.7950,6,1,O,0,0.0065,0.0000,0.0000,0.0044,0.0000,0.0097,0.9794,0.0000,0.0000
17591,1,0.9099,6,1,X,1,0.0000,0.0000,0.0000,0.0100,0.0000,0.0081,0.9820,0.0000,0.0000
17593,1,0.9540,6,1,X,0,0.0000,0.0000,0.0000,0.0069,0.0000,0.0048,0.9883,0.0000,0.0000
17599,-1,-0.9461,6,1,X,1,0.0000,0.0000,0.0000,0.1443,0.0000,0.4238,0.4319,0.0000,0.0000
17604,1,0.9521,5,1,X,1,0.0118,0.0117,0.0224,0.0000,0.0000,0.8600,0.0941,0.0000,0.0000
17605,1,0.7031,6,1,O,0,0.0000,0.0304,0.0066,0.0000,0.0000,0.0382,0.9248,0.0000,0.0000
17607,1,0.7940,6,1,O,0,0.0063,0.0000,0.0282,0.0000,0.0000,0.0513,0.9142,0.0000,0.0000
17609,1,0.9280,5,1,X,1,0.0000,0.0000,0.0278,0.0000,0.0000,0.9010,0.0711,0.0000,0.0000
17611,1,0.9987,6,1,X,1,0.0000,0.0000,0.0048,0.0000,0.0000,0.2273,0.7679,0.0000,0.0000
17613,1,0.7557,6,1,O,0,0.0009,0.0061,0.0000,0.0000,0.0000,0.0147,0.9783,0.0000,0.0000
17615,1,0.9791,6,1,X,0,0.0000,0.0326,0.0000,0.0000,0.0000,0.3325,0.6350,0.0000,0.0000
17618,1,0.7581,6,1,O,0,0.0000,0.0000,0.0000,0.0000,0.0000,0.0474,0.9526,0.0000,0.0000
17619,1,0.9911,6,1,X,0,0.0138,0.0000,0.0000,0.0000,0.0000,0.4763,0.5099,0.0000,0.0000
17620,1,-0.1678,6,1,O,0,0.0000,0.0000,0.0000,0.0000,0.0000,0.0124,0.9876,0.0000,0.0000
17623,1,0.9312,6,1,X,0,0.0000,0.0077,0.0000,0.0000,0.0000,0.3816,0.6107,0.0000,0.0000
17625,1,0.7171,5,1,X,0,0.0060,0.0000,0.0000,0.0000,0.0000,0.8984,0.0957,0.0000,0.0000
17626,1,0.9910,5,1,O,0,0.0000,0.0000,0.0000,0.0000,0.0000,0.7151,0.2849,0.0000,0.0000
17635,1,0.8976,2,1,X,1,0.0000,0.0000,0.9318,0.0000,0.0000,0.0239,0.0443,0.0000,0.0000
17641,1,0.9897,6,1,X,1,0.0000,0.3957,0.0000,0.0000,0.0000,0.0045,0.5998,0.0000,0.0000
17643,1,0.9122,0,1,X,0,0.5612,0.0000,0.0000,0.0000,0.0000,0.0148,0.4240,0.0000,0.0000
17689,1,0.9877,6,1,X,0,0.0000,0.0000,0.3267,0.0000,0.0000,0.0098,0.6635,0.0000,0.0000
17695,1,0.9965,1,1,X,0,0.0000,0.6282,0.0000,0.0000,0.0000,0.0047,0.3671,0.0000,0.0000
17697,1,0.9610,0,1,X,1,0.9809,0.0000,0.0000,0.0000,0.0000,0.0026,0.0166,0.0000,0.0000
17740,1,-0.4685,6,1,X,0,0.0000,0.0520,0.1012,0.0460,0.2361,0.0000,0.5646,0.0000,0.0000
17742,1,-0.5902,6,1,X,0,0.1150,0.0000,0.1825,0.0186,0.0385,0.0000,0.6454,0.0000,0.0000
17743,1,0.9142,6,1,O,0,0.0000,0.0000,0.0580,0.0310,0.0851,0.0000,0.8259,0.0000,0.0000
17748,-1,-0.9718,4,1,X,0,0.1620,0.2146,0.0000,0.0803,0.2759,0.0000,0.2671,0.0000,0.0000
17749,1,0.9556,6,1,O,0,0.0000,0.0562,0.0000,0.0231,0.0640,0.0000,0.8567,0.0000,0.0000
17751,1,0.9541,6,1,O,0,0.0174,0.0000,0.0000,0.0519,0.0223,0.0000,0.9084,0.0000,0.0000
17753,-1,-0.9136,4,1,X,0,0.0000,0.0000,0.0000,0.0773,0.8417,0.0000,0.0810,0.0000,0.0000
17755,-1,-0.7567,4,1,X,0,0.0000,0.0000,0.0000,0.0827,0.4841,0.0000,0.4332,0.0000,0.0000
17761,0,-0.2474,6,1,X,1,0.0000,0.0000,0.0000,0.0359,0.1564,0.0000,0.8078,0.0000,0.0000
17766,1,0.9299,4,1,X,0,0.0000,0.0027,0.0075,0.0000,0.9466,0.0000,0.0432,0.0000,0.0000
17767,1,0.9678,6,1,O,0,0.0000,0.0197,0.0089,0.0000,0.0543,0.0000,0.9171,0.0000,0.0000
17769,1,0.9147,6,1,O,0,0.0283,0.0000,0.0564,0.0000,0.3931,0.0000,0.5222,0.0000,0.0000
17771,1,0.8124,4,1,X,0,0.0000,0.0000,0.0115,0.0000,0.9601,0.0000,0.0283,0.0000,0.0000
17773,1,0.9159,4,1,X,0,0.0000,0.0000,0.0224,0.0000,0.4972,0.0000,0.4804,0.0000,0.0000
17775,1,0.9838,6,1,O,0,0.0066,0.0398,0.0000,0.0000,0.0847,0.0000,0.8689,0.0000,0.0000
17777,1,0.9233,4,1,X,0,0.0000,0.0047,0.0000,0.0000,0.9673,0.0000,0.0280,0.0000,0.0000
17780,1,0.9949,4,1,O,0,0.0000,0.0000,0.0000,0.0000,0.7054,0.0000,0.2946,0.0000,0.0000
17781,1,0.3898,4,1,X,0,0.0000,0.0000,0.0000,0.0000,0.9639,0.0000,0.0361,0.0000,0.0000
17782,1,0.9952,6,1,O,0,0.0000,0.0000,0.0000,0.0000,0.4168,0.0000,0.5832,0.0000,0.0000
17785,1,0.9849,4,1,X,0,0.0000,0.0111,0.0000,0.0000,0.6009,0.0000,0.3880,0.0000,0.0000
17787,1,0.6263,4,1,X,0,0.0003,0.0000,0.0000,0.0000,0.9068,0.0000,0.0929,0.0000,0.0000
17788,1,0.9881,6,1,O,0,0.0000,0.0000,0.0000,0.0000,0.0894,0.0000,0.9106,0.0000,0.0000
17797,1,0.8891,2,1,X,0,0.0000,0.0000,0.6681,0.0000,0.2369,0.0000,0.0949,0.0000,0.0000
17803,1,0.6077,1,1,X,0,0.0000,0.7666,0.0000,0.0000,0.1108,0.0000,0.1226,0.0000,0.0000
17805,1,0.4141,0,1,X,0,0.7185,0.0000,0.0000,0.0000,0.1858,0.0000,0.0957,0.0000,0.0000
17820,1,0.9822,3,1,X,1,0.0069,0.0027,0.0114,0.8729,0.0000,0.0000,0.1060,0.0000,0.0000
17821,1,0.7777,6,1,O,0,0.0000,0.0419,0.0360,0.0856,0.0000,0.0000,0.8366,0.0000,0.0000
17823,1,0.8415,6,1,O,0,0.0219,0.0000,0.0267,0.1132,0.0000,0.0000,0.8381,0.0000,0.0000
17825,1,0.8984,3,1,X,0,0.0000,0.0000,0.0239,0.7184,0.0000,0.0000,0.2577,0.0000,0.0000
17827,1,0.9795,3,1,X,0,0.0000,0.0000,0.0125,0.8822,0.0000,0.0000,0.1053,0.0000,0.0000
17829,1,0.8351,6,1,O,0,0.0027,0.0130,0.0000,0.0244,0.0000,0.0000,0.9599,0.0000,0.0000
17831,1,0.9961,3,1,X,1,0.0000,0.0037,0.0000,0.7129,0.0000,0.0000,0.2835,0.0000,0.0000
17834,1,0.9077,6,1,O,0,0.0000,0.0000,0.0000,0.0518,0.0000,0.0000,0.9482,0.0000,0.0000
17835,1,0.9960,3,1,X,0,0.0107,0.0000,0.0000,0.5721,0.0000,0.0000,0.4173,0.0000,0.0000
17836,1,0.7711,6,1,O,0,0.0000,0.0000,0.0000,0.0295,0.0000,0.0000,0.9705,0.0000,0.0000
17839,1,0.8653,3,1,X,0,0.0000,0.0104,0.0000,0.9025,0.0000,0.0000,0.0871,0.0000,0.0000
17841,1,0.9381,3,1,X,0,0.0012,0.0000,0.0000,0.9417,0.0000,0.0000,0.0570,0.0000,0.0000
17842,1,0.8607,6,1,O,1,0.0000,0.0000,0.0000,0.0434,0.0000,0.0000,0.9566,0.0000,0.0000
17875,0,-0.1738,6,1,X,1,0.0000,0.0471,0.0654,0.0000,0.0000,0.0000,0.8875,0.0000,0.0000
17877,0,-0.2378,6,1,X,1,0.0408,0.0000,0.0278,0.0000,0.0000,0.0000,0.9314,0.0000,0.0000
17878,1,0.8036,6,1,O,0,0.0000,0.0000,0.0405,0.0000,0.0000,0.0000,0.9595,0.0000,0.0000
17883,1,0.8428,6,1,X,0,0.0464,0.0326,0.0000,0.0000,0.0000,0.0000,0.9210,0.0000,0.0000
17884,1,0.7841,6,1,O,0,0.0000,0.0263,0.0000,0.0000,0.0000,0.0000,0.9737,0.0000,0.0000
17886,1,0.9381,6,1,O,0,0.0057,0.0000,0.0000,0.0000,0.0000,0.0000,0.9943,0.0000,0.0000
17888,1,0.2467,6,1,X,0,0.0000,0.0000,0.0000,0.0000,0.0000,0.0000,1.0000,0.0000,0.0000
17890,1,0.4300,6,1,X,1,0.0000,0.0000,0.0000,0.0000,0.0000,0.0000,1.0000,0.0000,0.0000
17896,0,-0.1579,6,1,X,1,0.0000,0.0000,0.0000,0.0000,0.0000,0.0000,1.0000,0.0000,0.0000
17905,1,0.9784,2,1,X,1,0.0000,0.0000,0.9795,0.0132,0.0000,0.0000,0.0073,0.0000,0.0000
17911,1,0.9315,1,1,X,1,0.0000,0.9904,0.0000,0.0041,0.0000,0.0000,0.0055,0.0000,0.0000
17913,1,0.7247,0,1,X,0,0.9802,0.0000,0.0000,0.0037,0.0000,0.0000,0.0160,0.0000,0.0000
17929,1,0.8208,6,1,X,0,0.0000,0.0722,0.0003,0.0000,0.0000,0.0000,0.9274,0.0000,0.0000
17931,-1,-0.2614,0,1,X,0,0.7612,0.0000,0.1698,0.0000,0.0000,0.0000,0.0689,0.0000,0.0000
17932,1,0.7850,6,1,O,0,0.0000,0.0000,0.0814,0.0000,0.0000,0.0000,0.9186,0.0000,0.0000
17937,-1,-0.9834,1,1,X,0,0.2895,0.4590,0.0000,0.0000,0.0000,0.0000,0.2516,0.0000,0.0000
17938,1,0.9353,1,1,O,0,0.0000,0.7503,0.0000,0.0000,0.0000,0.0000,0.2497,0.0000,0.0000
17940,1,0.9644,0,1,O,0,0.5472,0.0000,0.0000,0.0000,0.0000,0.0000,0.4528,0.0000,0.0000
17950,1,0.6453,6,1,X,0,0.0000,0.0000,0.0000,0.0000,0.0000,0.0000,1.0000,0.0000,0.0000
18013,1,0.9702,2,1,X,0,0.0000,0.0000,0.6092,0.0000,0.0593,0.0000,0.3315,0.0000,0.0000
18019,1,0.9970,6,1,X,0,0.0000,0.2686,0.0000,0.0000,0.0259,0.0000,0.7055,0.0000,0.0000
18021,1,0.9615,0,1,X,0,0.8946,0.0000,0.0000,0.0000,0.0314,0.0000,0.0740,0.0000,0.0000
18067,1,0.9566,2,1,X,1,0.0000,0.0000,0.9628,0.0147,0.0000,0.0000,0.0225,0.0000,0.0000
18073,1,0.9955,6,1,X,1,0.0000,0.3240,0.0000,0.0074,0.0000,0.0000,0.6686,0.0000,0.0000
18075,1,0.9900,0,1,X,0,0.7381,0.0000,0.0000,0.0122,0.0000,0.0000,0.2497,0.0000,0.0000
18091,1,0.9614,6,1,X,1,0.0000,0.0068,0.0104,0.0000,0.0000,0.0000,0.9829,0.0000,0.0000
18093,-1,-0.8963,0,1,X,0,0.4181,0.0000,0.4050,0.0000,0.0000,0.0000,0.1769,0.0000,0.0000
18094,1,0.8216,6,1,O,0,0.0000,0.0000,0.3145,0.0000,0.0000,0.0000,0.6855,0.0000,0.0000
18099,1,0.9862,6,1,X,0,0.0688,0.0450,0.0000,0.0000,0.0000,0.0000,0.8862,0.0000,0.0000
18100,1,-0.1907,6,1,O,0,0.0000,0.0109,0.0000,0.0000,0.0000,0.0000,0.9891,0.0000,0.0000
18102,1,0.7632,6,1,O,0,0.0058,0.0000,0.0000,0.0000,0.0000,0.0000,0.9942,0.0000,0.0000
18104,1,0.8307,6,1,X,0,0.0000,0.0000,0.0000,0.0000,0.0000,0.0000,1.0000,0.0000,0.0000
18106,1,0.9971,6,1,X,0,0.0000,0.0000,0.0000,0.0000,0.0000,0.0000,1.0000,0.0000,0.0000
18226,1,0.9801,3,1,X,1,0.0000,0.0373,0.0215,0.7103,0.2111,0.0198,0.0000,0.0000,0.0000
18228,1,0.8414,4,0,X,0,0.1173,0.0000,0.1458,0.1003,0.5448,0.0918,0.0000,0.0000,0.0000
18229,-1,-0.9692,3,1,O,0,0.0000,0.0000,0.3424,0.4880,0.1133,0.0563,0.0000,0.0000,0.0000
18234,1,0.9773,4,1,X,0,0.0299,0.1106,0.0000,0.0637,0.7787,0.0171,0.0000,0.0000,0.0000
18235,-1,-0.9980,1,1,O,0,0.0000,0.3824,0.0000,0.2832,0.2329,0.1015,0.0000,0.0000,0.0000
18237,-1,-0.9690,4,1,O,0,0.3046,0.0000,0.0000,0.1761,0.4977,0.0216,0.0000,0.0000,0.0000
18239,1,0.9232,4,1,X,0,0.0000,0.0000,0.0000,0.0060,0.9762,0.0178,0.0000,0.0000,0.0000
18241,1,0.9919,4,1,X,1,0.0000,0.0000,0.0000,0.2760,0.7093,0.0147,0.0000,0.0000,0.0000
18247,1,0.9067,3,1,X,0,0.0000,0.0000,0.0000,0.6748,0.1624,0.1628,0.0000,0.0000,0.0000
18252,1,0.9917,0,1,X,1,0.9530,0.0107,0.0162,0.0000,0.0122,0.0079,0.0000,0.0000,0.0000
18255,-1,-0.9655,2,1,O,0,0.2983,0.0000,0.3274,0.0000,0.2416,0.1327,0.0000,0.0000,0.0000
18257,1,0.5971,4,1,X,0,0.0000,0.0000,0.0979,0.0000,0.8866,0.0155,0.0000,0.0000,0.0000
18261,-1,-0.9941,4,1,O,0,0.2136,0.2154,0.0000,0.0000,0.4216,0.1494,0.0000,0.0000,0.0000
18263,1,0.9813,4,1,X,0,0.0000,0.0254,0.0000,0.0000,0.9602,0.0145,0.0000,0.0000,0.0000
18266,1,0.7334,4,1,O,0,0.0000,0.0000,0.0000,0.0000,0.9333,0.0667,0.0000,0.0000,0.0000
18267,1,0.9900,4,1,X,0,0.2168,0.0000,0.0000,0.0000,0.7385,0.0447,0.0000,0.0000,0.0000
18273,1,0.8874,0,1,X,0,0.8687,0.0000,0.0000,0.0000,0.0267,0.1046,0.0000,0.0000,0.0000
18283,1,0.9842,2,1,X,0,0.0000,0.0000,0.8966,0.0000,0.0417,0.0617,0.0000,0.0000,0.0000
18289,1,0.9994,1,1,X,1,0.0000,0.5025,0.0000,0.0000,0.4713,0.0262,0.0000,0.0000,0.0000
18291,1,0.9974,0,1,X,0,0.8466,0.0000,0.0000,0.0000,0.1497,0.0037,0.0000,0.0000,0.0000
18306,1,0.9728,2,1,X,1,0.0449,0.0112,0.8894,0.0315,0.0000,0.0231,0.0000,0.0000,0.0000
18307,-1,-0.9897,3,1,O,1,0.0000,0.2569,0.2764,0.2908,0.0000,0.1759,0.0000,0.0000,0.0000
18309,0,-0.0713,2,1,O,1,0.0351,0.0000,0.9190,0.0268,0.0000,0.0191,0.0000,0.0000,0.0000
18311,1,0.9524,2,1,X,1,0.0000,0.0000,0.8326,0.0710,0.0000,0.0963,0.0000,0.0000,0.0000
18313,1,0.9964,2,1,X,1,0.0000,0.0000,0.5955,0.3849,0.0000,0.0197,0.0000,0.0000,0.0000
18325,1,0.9432,3,1,X,1,0.0000,0.0145,0.0000,0.9180,0.0000,0.0674,0.0000,0.0000,0.0000
18327,0,-0.0645,5,1,X,1,0.0228,0.0000,0.0000,0.0248,0.0000,0.9523,0.0000,0.0000,0.0000
18328,1,0.8247,5,1,O,1,0.0000,0.0000,0.0000,0.0694,0.0000,0.9306,0.0000,0.0000,0.0000
18333,-1,-0.9946,2,1,O,0,0.2263,0.1132,0.4419,0.0000,0.0000,0.2186,0.0000,0.0000,0.0000
18335,1,0.9989,5,1,X,1,0.0000,0.0232,0.3613,0.0000,0.0000,0.6154,0.0000,0.0000,0.0000
18338,-1,-0.9246,2,1,O,0,0.0000,0.0000,0.6352,0.0000,0.0000,0.3648,0.0000,0.0000,0.0000
18339,1,0.9998,0,1,X,0,0.3481,0.0000,0.3106,0.0000,0.0000,0.3413,0.0000,0.0000,0.0000
18351,1,0.9972,5,1,X,1,0.2543,0.0083,0.0000,0.0000,0.0000,0.7373,0.0000,0.0000,0.0000
18354,1,0.7464,5,1,O,0,0.0125,0.0000,0.0000,0.0000,0.0000,0.9875,0.0000,0.0000,0.0000
18356,1,0.9443,5,1,X,0,0.0000,0.0000,0.0000,0.0000,0.0000,1.0000,0.0000,0.0000,0.0000
18361,1,0.9361,2,1,X,1,0.0000,0.0143,0.9537,0.0000,0.0000,0.0320,0.0000,0.0000,0.0000
18363,1,0.8793,2,1,X,0,0.0355,0.0000,0.9329,0.0000,0.0000,0.0316,0.0000,0.0000,0.0000
18364,0,-0.2381,2,1,O,0,0.0000,0.0000,0.9638,0.0000,0.0000,0.0362,0.0000,0.0000,0.0000
18382,0,0.0256,5,1,X,1,0.0000,0.0000,0.0000,0.0000,0.0000,1.0000,0.0000,0.0000,0.0000
18391,1,0.9994,2,1,X,1,0.0000,0.0000,0.7821,0.2148,0.0000,0.0031,0.0000,0.0000,0.0000
18397,1,0.9985,1,1,X,1,0.0000,0.6974,0.0000,0.2943,0.0000,0.0083,0.0000,0.0000,0.0000
18399,1,0.9936,0,1,X,0,0.9946,0.0000,0.0000,0.0034,0.0000,0.0020,0.0000,0.0000,0.0000
18417,1,0.9966,0,1,X,0,0.9966,0.0000,0.0031,0.0000,0.0000,0.0004,0.0000,0.0000,0.0000
18423,1,0.9801,0,1,X,0,0.9779,0.0131,0.0000,0.0000,0.0000,0.0089,0.0000,0.0000,0.0000
18426,1,0.6160,0,1,O,0,0.9974,0.0000,0.0000,0.0000,0.0000,0.0026,0.0000,0.0000,0.0000
18468,1,0.8604,4,1,X,0,0.0465,0.0244,0.0392,0.2385,0.6514,0.0000,0.0000,0.0000,0.0000
18469,-1,-0.8242,3,1,O,0,0.0000,0.0363,0.0621,0.5345,0.3671,0.0000,0.0000,0.0000,0.0000
18471,-1,-0.7766,4,1,O,0,0.0631,0.0000,0.0873,0.2234,0.6263,0.0000,0.0000,0.0000,0.0000
18473,1,0.7992,4,1,X,0,0.0000,0.0000,0.0141,0.0196,0.9663,0.0000,0.0000,0.0000,0.0000
18475,1,0.9913,3,1,X,0,0.0000,0.0000,0.0090,0.5371,0.4539,0.0000,0.0000,0.0000,0.0000
18477,1,0.7190,4,1,O,0,0.0159,0.0188,0.0000,0.0795,0.8858,0.0000,0.0000,0.0000,0.0000
18479,1,0.9586,4,1,X,0,0.0000,0.0158,0.0000,0.0130,0.9711,0.0000,0.0000,0.0000,0.0000
18482,1,0.9590,4,1,O,0,0.0000,0.0000,0.0000,0.1157,0.8843,0.0000,0.0000,0.0000,0.0000
18483,1,0.9352,4,1,X,0,0.0217,0.0000,0.0000,0.0588,0.9194,0.0000,0.0000,0.0000,0.0000
18484,1,0.6228,4,1,O,0,0.0000,0.0000,0.0000,0.2528,0.7472,0.0000,0.0000,0.0000,0.0000
18487,1,0.9666,3,1,X,0,0.0000,0.0096,0.0000,0.8898,0.1006,0.0000,0.0000,0.0000,0.0000
18489,1,0.0731,4,0,X,0,0.1503,0.0000,0.0000,0.1049,0.7448,0.0000,0.0000,0.0000,0.0000
18490,0,-0.1379,3,1,O,1,0.0000,0.0000,0.0000,0.7348,0.2652,0.0000,0.0000,0.0000,0.0000
18495,-1,-0.9194,4,1,O,0,0.1848,0.0946,0.1418,0.0000,0.5788,0.0000,0.0000,0.0000,0.0000
18497,1,0.9941,4,1,X,0,0.0000,0.0013,0.0007,0.0000,0.9980,0.0000,0.0000,0.0000,0.0000
18500,1,0.7770,4,1,O,0,0.0000,0.0000,0.0093,0.0000,0.9907,0.0000,0.0000,0.0000,0.0000
18501,1,0.9980,4,1,X,0,0.0061,0.0000,0.0006,0.0000,0.9933,0.0000,0.0000,0.0000,0.0000
18506,1,-0.0452,4,1,O,0,0.0000,0.0913,0.0000,0.0000,0.9087,0.0000,0.0000,0.0000,0.0000
18510,1,0.6676,4,1,O,0,0.0078,0.0000,0.0000,0.0000,0.9922,0.0000,0.0000,0.0000,0.0000
18512,1,0.9848,4,1,X,0,0.0000,0.0000,0.0000,0.0000,1.0000,0.0000,0.0000,0.0000,0.0000
18513,1,0.9978,4,1,X,0,0.0431,0.0020,0.0000,0.0000,0.9549,0.0000,0.0000,0.0000,0.0000
18516,-1,-0.4905,4,1,O,0,0.2895,0.0000,0.0000,0.0000,0.7105,0.0000,0.0000,0.0000,0.0000
18518,1,0.9687,4,1,X,0,0.0000,0.0000,0.0000,0.0000,1.0000,0.0000,0.0000,0.0000,0.0000
18523,1,-0.1885,4,0,X,1,0.0000,0.0645,0.1488,0.0000,0.7867,0.0000,0.0000,0.0000,0.0000
18525,1,-0.2052,4,0,X,0,0.1284,0.0000,0.0678,0.0000,0.8039,0.0000,0.0000,0.0000,0.0000
18526,0,-0.6825,2,1,O,0,0.0000,0.0000,0.6806,0.0000,0.3194,0.0000,0.0000,0.0000,0.0000
18531,1,0.6610,4,1,X,0,0.0834,0.0871,0.0000,0.0000,0.8294,0.0000,0.0000,0.0000,0.0000
18532,-1,-0.9256,4,1,O,1,0.0000,0.2936,0.0000,0.0000,0.7064,0.0000,0.0000,0.0000,0.0000
18534,-1,-0.9291,4,1,O,0,0.1292,0.0000,0.0000,0.0000,0.8708,0.0000,0.0000,0.0000,0.0000
18536,1,0.2987,4,1,X,0,0.0000,0.0000,0.0000,0.0000,1.0000,0.0000,0.0000,0.0000,0.0000
18538,1,0.7154,4,1,X,1,0.0000,0.0000,0.0000,0.0000,1.0000,0.0000,0.0000,0.0000,0.0000
18544,0,-0.1919,4,1,X,1,0.0000,0.0000,0.0000,0.0000,1.0000,0.0000,0.0000,0.0000,0.0000
18549,-1,-0.9224,3,1,O,0,0.0317,0.0987,0.1841,0.6855,0.0000,0.0000,0.0000,0.0000,0.0000
18551,1,0.9994,3,1,X,0,0.0000,0.0074,0.0955,0.8971,0.0000,0.0000,0.0000,0.0000,0.0000
18554,-1,-0.8547,3,1,O,0,0.0000,0.0000,0.3322,0.6678,0.0000,0.0000,0.0000,0.0000,0.0000
18555,1,0.9997,3,1,X,0,0.0210,0.0000,0.1234,0.8556,0.0000,0.0000,0.0000,0.0000,0.0000
18556,-1,-0.9210,3,1,O,0,0.0000,0.0000,0.1655,0.8345,0.0000,0.0000,0.0000,0.0000,0.0000
18567,1,0.9928,3,1,X,0,0.0081,0.0019,0.0000,0.9900,0.0000,0.0000,0.0000,0.0000,0.0000
18568,0,-0.6920,3,1,O,0,0.0000,0.0546,0.0000,0.9454,0.0000,0.0000,0.0000,0.0000,0.0000
18570,0,-0.0754,3,1,O,1,0.0256,0.0000,0.0000,0.9744,0.0000,0.0000,0.0000,0.0000,0.0000
18572,1,0.9258,3,1,X,0,0.0000,0.0000,0.0000,1.0000,0.0000,0.0000,0.0000,0.0000,0.0000
18574,1,0.9941,3,1,X,0,0.0000,0.0000,0.0000,1.0000,0.0000,0.0000,0.0000,0.0000,0.0000
18603,1,0.8979,2,1,X,0,0.0392,0.0241,0.9366,0.0000,0.0000,0.0000,0.0000,0.0000,0.0000
18604,0,-0.1055,2,1,O,1,0.0000,0.0612,0.9388,0.0000,0.0000,0.0000,0.0000,0.0000,0.0000
18606,0,-0.0959,2,1,O,1,0.0281,0.0000,0.9719,0.0000,0.0000,0.0000,0.0000,0.0000,0.0000
18608,1,0.8302,2,1,X,1,0.0000,0.0000,1.0000,0.0000,0.0000,0.0000,0.0000,0.0000,0.0000
18610,1,0.9143,2,1,X,0,0.0000,0.0000,1.0000,0.0000,0.0000,0.0000,0.0000,0.0000,0.0000
18622,0,-0.0910,1,1,X,1,0.0000,1.0000,0.0000,0.0000,0.0000,0.0000,0.0000,0.0000,0.0000
18624,0,-0.0811,0,1,X,1,1.0000,0.0000,0.0000,0.0000,0.0000,0.0000,0.0000,0.0000,0.0000
18631,1,0.9204,3,1,X,0,0.0000,0.0118,0.0044,0.9839,0.0000,0.0000,0.0000,0.0000,0.0000
18633,1,0.6787,0,1,X,0,0.9494,0.0000,0.0141,0.0365,0.0000,0.0000,0.0000,0.0000,0.0000
18634,-1,-0.9487,3,1,O,0,0.0000,0.0000,0.3621,0.6379,0.0000,0.0000,0.0000,0.0000,0.0000
18639,-1,-0.8786,0,1,X,0,0.5190,0.3265,0.0000,0.1545,0.0000,0.0000,0.0000,0.0000,0.0000
18640,1,0.9243,1,1,O,0,0.0000,0.9875,0.0000,0.0125,0.0000,0.0000,0.0000,0.0000,0.0000
18642,1,0.8578,0,1,O,0,0.9310,0.0000,0.0000,0.0690,0.0000,0.0000,0.0000,0.0000,0.0000
18652,1,0.9367,3,1,X,0,0.0000,0.0000,0.0000,1.0000,0.0000,0.0000,0.0000,0.0000,0.0000
18657,1,0.9067,0,1,X,0,0.9742,0.0160,0.0098,0.0000,0.0000,0.0000,0.0000,0.0000,0.0000
18660,1,-0.3689,0,1,O,0,0.9605,0.0000,0.0395,0.0000,0.0000,0.0000,0.0000,0.0000,0.0000
18666,1,0.9857,1,1,O,0,0.3453,0.6547,0.0000,0.0000,0.0000,0.0000,0.0000,0.0000,0.0000
18678,1,0.9455,0,1,X,0,1.0000,0.0000,0.0000,0.0000,0.0000,0.0000,0.0000,0.0000,0.0000
18688,1,0.9828,2,1,X,1,0.0000,0.0000,1.0000,0.0000,0.0000,0.0000,0.0000,0.0000,0.0000
18694,1,0.9742,1,1,X,1,0.0000,1.0000,0.0000,0.0000,0.0000,0.0000,0.0000,0.0000,0.0000
18696,1,0.4239,0,1,X,0,1.0000,0.0000,0.0000,0.0000,0.0000,0.0000,0.0000,0.0000,0.0000
18715,1,0.9977,2,1,X,0,0.0000,0.0000,0.8201,0.0883,0.0915,0.0000,0.0000,0.0000,0.0000
18721,1,0.9996,4,1,X,0,0.0000,0.4003,0.0000,0.1414,0.4583,0.0000,0.0000,0.0000,0.0000
18723,1,0.9982,0,1,X,0,0.9394,0.0000,0.0000,0.0076,0.0530,0.0000,0.0000,0.0000,0.0000
18741,1,0.9870,0,1,X,0,0.9200,0.0000,0.0564,0.0000,0.0236,0.0000,0.0000,0.0000,0.0000
18747,1,0.9998,0,1,X,0,0.7830,0.0313,0.0000,0.0000,0.1857,0.0000,0.0000,0.0000,0.0000
18750,-1,-0.9946,0,1,O,0,0.6651,0.0000,0.0000,0.0000,0.3349,0.0000,0.0000,0.0000,0.0000
18752,1,0.8576,4,1,X,0,0.0000,0.0000,0.0000,0.0000,1.0000,0.0000,0.0000,0.0000,0.0000
18793,1,0.9953,2,1,X,1,0.0000,0.0064,0.7350,0.2586,0.0000,0.0000,0.0000,0.0000,0.0000
18795,1,0.9578,2,1,X,0,0.0091,0.0000,0.9799,0.0110,0.0000,0.0000,0.0000,0.0000,0.0000
18796,1,0.6811,2,1,O,0,0.0000,0.0000,0.9668,0.0332,0.0000,0.0000,0.0000,0.0000,0.0000
18819,1,0.9972,0,1,X,0,0.7694,0.0050,0.2256,0.0000,0.0000,0.0000,0.0000,0.0000,0.0000
18822,1,0.8453,2,1,O,0,0.0214,0.0000,0.9786,0.0000,0.0000,0.0000,0.0000,0.0000,0.0000
18824,1,0.8738,2,1,X,0,0.0000,0.0000,1.0000,0.0000,0.0000,0.0000,0.0000,0.0000,0.0000
18850,1,0.9887,2,1,X,0,0.0000,0.0000,1.0000,0.0000,0.0000,0.0000,0.0000,0.0000,0.0000
18912,1,0.9999,0,1,X,0,1.0000,0.0000,0.0000,0.0000,0.0000,0.0000,0.0000,0.0000,0.0000
