2026-10-09 10:18:29 [pjrt_ffi] RESIDENT: @resnet50in160_lambaccdp4x128wxclipbcebf16_train_step holds 644 parameter tensors (390.0 MB) on 4 devices; they stop crossing PCIe from here
2026-10-09 10:18:30   ▸ SHIM RESPAWN: one producer every 10 epoch(s), round-robin over 8 — no loader lives past 80 epochs.
2026-10-09 10:18:30   step 0/2500: loss=0.724233
2026-10-09 10:18:30   step 1/2500: loss=0.724304
2026-10-09 10:18:30   step 2/2500: loss=0.722707
2026-10-09 10:18:59   step 100/2500: loss=0.708870
2026-10-09 10:19:27   step 200/2500: loss=0.675672
2026-10-09 10:19:55   step 300/2500: loss=0.624556
2026-10-09 10:20:24   step 400/2500: loss=0.556612
2026-10-09 10:20:53   step 500/2500: loss=0.472743
2026-10-09 10:21:21   step 600/2500: loss=0.374953
2026-10-09 10:21:50   step 700/2500: loss=0.269851
2026-10-09 10:22:18   step 800/2500: loss=0.171385
2026-10-09 10:22:47   step 900/2500: loss=0.097571
2026-10-09 10:23:15   step 1000/2500: loss=0.049482
2026-10-09 10:23:46   step 1100/2500: loss=0.025870
2026-10-09 10:24:14   step 1200/2500: loss=0.011920
2026-10-09 10:24:44   step 1300/2500: loss=0.008584
2026-10-09 10:25:12   step 1400/2500: loss=0.007910
2026-10-09 10:25:41   step 1500/2500: loss=0.014553
2026-10-09 10:26:09   step 1600/2500: loss=0.014499
2026-10-09 10:26:37   step 1700/2500: loss=0.007912
2026-10-09 10:27:06   step 1800/2500: loss=0.014482
2026-10-09 10:27:35   step 1900/2500: loss=0.014360
2026-10-09 10:28:03   step 2000/2500: loss=0.007800
2026-10-09 10:28:32   step 2100/2500: loss=0.007719
2026-10-09 10:29:00   step 2200/2500: loss=0.014392
2026-10-09 10:29:29   step 2300/2500: loss=0.014329
2026-10-09 10:29:59   step 2400/2500: loss=0.014278
2026-10-09 10:30:34 [pjrt_ffi] RESIDENT: @resnet50in160_fwd_eval holds 267 parameter tensors (97.7 MB) on 4 devices; they stop crossing PCIe from here
2026-10-09 10:31:08 Epoch 1/100: loss=0.181793 lr=0.001600
2026-10-09 10:31:08   epoch 1: test_acc = 864/50000 = 1.728000%  top5 = 2962/50000 = 5.924000%  [95% CI 1.62–1.85]
2026-10-09 10:31:08   step 0/2500: loss=0.007739
2026-10-09 10:31:09   step 1/2500: loss=0.007496
2026-10-09 10:31:09   step 2/2500: loss=0.007621
2026-10-09 10:31:37   step 100/2500: loss=0.014234
2026-10-09 10:32:05   step 200/2500: loss=0.014087
2026-10-09 10:32:34   step 300/2500: loss=0.007384
2026-10-09 10:33:03   step 400/2500: loss=0.007245
2026-10-09 10:33:31   step 500/2500: loss=0.007266
2026-10-09 10:34:00   step 600/2500: loss=0.013907
2026-10-09 10:34:29   step 700/2500: loss=0.007142
2026-10-09 10:34:57   step 800/2500: loss=0.007124
2026-10-09 10:35:26   step 900/2500: loss=0.013988
2026-10-09 10:35:54   step 1000/2500: loss=0.007321
2026-10-09 10:36:23   step 1100/2500: loss=0.007144
2026-10-09 10:36:55   step 1200/2500: loss=0.006991
2026-10-09 10:37:24   step 1300/2500: loss=0.013925
2026-10-09 10:37:59   step 1400/2500: loss=0.013974
2026-10-09 10:38:27   step 1500/2500: loss=0.007072
2026-10-09 10:38:56   step 1600/2500: loss=0.013966
2026-10-09 10:39:24   step 1700/2500: loss=0.013910
2026-10-09 10:39:52   step 1800/2500: loss=0.006880
2026-10-09 10:40:21   step 1900/2500: loss=0.013819
2026-10-09 10:40:49   step 2000/2500: loss=0.006828
2026-10-09 10:41:17   step 2100/2500: loss=0.013798
2026-10-09 10:41:46   step 2200/2500: loss=0.013909
2026-10-09 10:42:14   step 2300/2500: loss=0.013747
2026-10-09 10:42:42   step 2400/2500: loss=0.006844
2026-10-09 10:43:18 [pjrt_ffi] RESIDENT: @resnet50in160_fwd_eval holds 267 parameter tensors (97.7 MB) on 4 devices; they stop crossing PCIe from here
2026-10-09 10:43:53 Epoch 2/100: loss=0.009835 lr=0.003200
2026-10-09 10:43:53   epoch 2: test_acc = 3400/50000 = 6.800000%  top5 = 9372/50000 = 18.744000%  [95% CI 6.58–7.02]
2026-10-09 10:43:53   step 0/2500: loss=0.013563
2026-10-09 10:43:54   step 1/2500: loss=0.013772
2026-10-09 10:43:54   step 2/2500: loss=0.013571
2026-10-09 10:44:22   step 100/2500: loss=0.013507
2026-10-09 10:44:51   step 200/2500: loss=0.006811
2026-10-09 10:45:28   step 300/2500: loss=0.006667
2026-10-09 10:45:56   step 400/2500: loss=0.013633
2026-10-09 10:46:24   step 500/2500: loss=0.013376
2026-10-09 10:46:52   step 600/2500: loss=0.006468
2026-10-09 10:47:20   step 700/2500: loss=0.006580
2026-10-09 10:47:48   step 800/2500: loss=0.013326
2026-10-09 10:48:16   step 900/2500: loss=0.006624
2026-10-09 10:48:44   step 1000/2500: loss=0.006380
2026-10-09 10:49:12   step 1100/2500: loss=0.006580
2026-10-09 10:49:40   step 1200/2500: loss=0.006535
2026-10-09 10:50:08   step 1300/2500: loss=0.013539
2026-10-09 10:50:36   step 1400/2500: loss=0.006505
2026-10-09 10:51:04   step 1500/2500: loss=0.006255
2026-10-09 10:51:33   step 1600/2500: loss=0.013243
2026-10-09 10:52:01   step 1700/2500: loss=0.006439
2026-10-09 10:52:29   step 1800/2500: loss=0.006535
2026-10-09 10:52:57   step 1900/2500: loss=0.006438
2026-10-09 10:53:25   step 2000/2500: loss=0.013336
2026-10-09 10:53:53   step 2100/2500: loss=0.013393
2026-10-09 10:54:22   step 2200/2500: loss=0.006272
2026-10-09 10:54:50   step 2300/2500: loss=0.006026
2026-10-09 10:55:18   step 2400/2500: loss=0.012851
2026-10-09 10:55:56 [pjrt_ffi] RESIDENT: @resnet50in160_fwd_eval holds 267 parameter tensors (97.7 MB) on 4 devices; they stop crossing PCIe from here
2026-10-09 10:56:38 Epoch 3/100: loss=0.009309 lr=0.004800
2026-10-09 10:56:38   epoch 3: test_acc = 4909/50000 = 9.818000%  top5 = 12299/50000 = 24.598000%  [95% CI 9.56–10.08]
2026-10-09 10:56:38   step 0/2500: loss=0.006168
2026-10-09 10:56:39   step 1/2500: loss=0.006248
2026-10-09 10:56:39   step 2/2500: loss=0.006305
2026-10-09 10:57:06   step 100/2500: loss=0.006349
2026-10-09 10:57:34   step 200/2500: loss=0.013480
2026-10-09 10:58:01   step 300/2500: loss=0.013267
2026-10-09 10:58:29   step 400/2500: loss=0.006242
2026-10-09 10:58:56   step 500/2500: loss=0.006149
2026-10-09 10:59:24   step 600/2500: loss=0.005992
2026-10-09 10:59:51   step 700/2500: loss=0.006040
2026-10-09 11:00:18   step 800/2500: loss=0.013030
2026-10-09 11:00:45   step 900/2500: loss=0.005306
2026-10-09 11:01:13   step 1000/2500: loss=0.005888
2026-10-09 11:01:41   step 1100/2500: loss=0.013016
2026-10-09 11:02:09   step 1200/2500: loss=0.012553
2026-10-09 11:02:36   step 1300/2500: loss=0.005759
2026-10-09 11:03:04   step 1400/2500: loss=0.005826
2026-10-09 11:03:31   step 1500/2500: loss=0.013160
2026-10-09 11:03:59   step 1600/2500: loss=0.005766
2026-10-09 11:04:26   step 1700/2500: loss=0.005786
2026-10-09 11:04:54   step 1800/2500: loss=0.005437
2026-10-09 11:05:21   step 1900/2500: loss=0.005988
2026-10-09 11:05:48   step 2000/2500: loss=0.012899
2026-10-09 11:06:16   step 2100/2500: loss=0.013222
2026-10-09 11:06:43   step 2200/2500: loss=0.005482
2026-10-09 11:07:10   step 2300/2500: loss=0.012407
2026-10-09 11:07:38   step 2400/2500: loss=0.012330
2026-10-09 11:08:15 [pjrt_ffi] RESIDENT: @resnet50in160_fwd_eval holds 267 parameter tensors (97.7 MB) on 4 devices; they stop crossing PCIe from here
2026-10-09 11:08:57 Epoch 4/100: loss=0.008758 lr=0.006400
2026-10-09 11:08:57   epoch 4: test_acc = 7385/50000 = 14.770000%  top5 = 17252/50000 = 34.504000%  [95% CI 14.46–15.08]
2026-10-09 11:08:58   step 0/2500: loss=0.005455
2026-10-09 11:08:58   step 1/2500: loss=0.005801
2026-10-09 11:08:58   step 2/2500: loss=0.013123
2026-10-09 11:09:25   step 100/2500: loss=0.005481
2026-10-09 11:09:52   step 200/2500: loss=0.012685
2026-10-09 11:10:19   step 300/2500: loss=0.012860
2026-10-09 11:10:46   step 400/2500: loss=0.005360
2026-10-09 11:11:13   step 500/2500: loss=0.005349
2026-10-09 11:11:40   step 600/2500: loss=0.012739
2026-10-09 11:12:07   step 700/2500: loss=0.012317
2026-10-09 11:12:34   step 800/2500: loss=0.005153
2026-10-09 11:13:02   step 900/2500: loss=0.005532
2026-10-09 11:13:28   step 1000/2500: loss=0.013225
2026-10-09 11:13:55   step 1100/2500: loss=0.012070
2026-10-09 11:14:22   step 1200/2500: loss=0.005490
2026-10-09 11:14:49   step 1300/2500: loss=0.005335
2026-10-09 11:15:16   step 1400/2500: loss=0.005788
2026-10-09 11:15:43   step 1500/2500: loss=0.006261
2026-10-09 11:16:10   step 1600/2500: loss=0.005408
2026-10-09 11:16:37   step 1700/2500: loss=0.005384
2026-10-09 11:17:05   step 1800/2500: loss=0.005254
2026-10-09 11:17:34   step 1900/2500: loss=0.011985
2026-10-09 11:18:01   step 2000/2500: loss=0.013043
2026-10-09 11:18:27   step 2100/2500: loss=0.005313
2026-10-09 11:18:54   step 2200/2500: loss=0.012784
2026-10-09 11:19:21   step 2300/2500: loss=0.005872
2026-10-09 11:19:49   step 2400/2500: loss=0.005105
2026-10-09 11:20:25 [pjrt_ffi] RESIDENT: @resnet50in160_fwd_eval holds 267 parameter tensors (97.7 MB) on 4 devices; they stop crossing PCIe from here
2026-10-09 11:21:10 Epoch 5/100: loss=0.008366 lr=0.008000
2026-10-09 11:21:10   epoch 5: test_acc = 10785/50000 = 21.570000%  top5 = 22251/50000 = 44.502000%  [95% CI 21.21–21.93]
2026-10-09 11:21:11   step 0/2500: loss=0.005030
2026-10-09 11:21:11   step 1/2500: loss=0.012617
2026-10-09 11:21:11   step 2/2500: loss=0.005357
2026-10-09 11:21:38   step 100/2500: loss=0.012159
2026-10-09 11:22:05   step 200/2500: loss=0.011850
2026-10-09 11:22:32   step 300/2500: loss=0.005287
2026-10-09 11:22:59   step 400/2500: loss=0.005289
2026-10-09 11:23:26   step 500/2500: loss=0.012209
2026-10-09 11:23:53   step 600/2500: loss=0.012048
2026-10-09 11:24:20   step 700/2500: loss=0.005111
2026-10-09 11:24:47   step 800/2500: loss=0.005011
2026-10-09 11:25:14   step 900/2500: loss=0.012123
2026-10-09 11:25:41   step 1000/2500: loss=0.011924
2026-10-09 11:26:08   step 1100/2500: loss=0.005111
2026-10-09 11:26:35   step 1200/2500: loss=0.004938
2026-10-09 11:27:03   step 1300/2500: loss=0.005512
2026-10-09 11:27:30   step 1400/2500: loss=0.012111
2026-10-09 11:27:57   step 1500/2500: loss=0.004635
2026-10-09 11:28:25   step 1600/2500: loss=0.005069
2026-10-09 11:28:52   step 1700/2500: loss=0.011578
2026-10-09 11:29:19   step 1800/2500: loss=0.005523
2026-10-09 11:29:46   step 1900/2500: loss=0.004978
2026-10-09 11:30:13   step 2000/2500: loss=0.005015
2026-10-09 11:30:40   step 2100/2500: loss=0.011924
2026-10-09 11:31:06   step 2200/2500: loss=0.011557
2026-10-09 11:31:33   step 2300/2500: loss=0.005220
2026-10-09 11:32:01   step 2400/2500: loss=0.004917
2026-10-09 11:32:38 [pjrt_ffi] RESIDENT: @resnet50in160_fwd_eval holds 267 parameter tensors (97.7 MB) on 4 devices; they stop crossing PCIe from here
2026-10-09 11:33:23 Epoch 6/100: loss=0.007973 lr=0.007998
2026-10-09 11:33:23   epoch 6: test_acc = 13213/50000 = 26.426000%  top5 = 25634/50000 = 51.268000%  [95% CI 26.04–26.81]
2026-10-09 11:33:23   step 0/2500: loss=0.005337
2026-10-09 11:33:23   step 1/2500: loss=0.005264
2026-10-09 11:33:24   step 2/2500: loss=0.005532
2026-10-09 11:33:50   step 100/2500: loss=0.011739
2026-10-09 11:34:17   step 200/2500: loss=0.005069
2026-10-09 11:34:44   step 300/2500: loss=0.012119
2026-10-09 11:35:11   step 400/2500: loss=0.005118
2026-10-09 11:35:38   step 500/2500: loss=0.011599
2026-10-09 11:36:06   step 600/2500: loss=0.005474
2026-10-09 11:36:33   step 700/2500: loss=0.004878
2026-10-09 11:37:00   step 800/2500: loss=0.012002
2026-10-09 11:37:28   step 900/2500: loss=0.005732
2026-10-09 11:37:55   step 1000/2500: loss=0.012622
2026-10-09 11:38:22   step 1100/2500: loss=0.012694
2026-10-09 11:38:49   step 1200/2500: loss=0.011210
2026-10-09 11:39:17   step 1300/2500: loss=0.011478
2026-10-09 11:39:46   step 1400/2500: loss=0.004626
2026-10-09 11:40:13   step 1500/2500: loss=0.004682
2026-10-09 11:40:41   step 1600/2500: loss=0.010942
2026-10-09 11:41:09   step 1700/2500: loss=0.005914
2026-10-09 11:41:36   step 1800/2500: loss=0.004701
2026-10-09 11:42:03   step 1900/2500: loss=0.004677
2026-10-09 11:42:30   step 2000/2500: loss=0.011693
2026-10-09 11:42:57   step 2100/2500: loss=0.005600
2026-10-09 11:43:24   step 2200/2500: loss=0.004784
2026-10-09 11:43:50   step 2300/2500: loss=0.004559
2026-10-09 11:44:18   step 2400/2500: loss=0.011512
2026-10-09 11:44:55 [pjrt_ffi] RESIDENT: @resnet50in160_fwd_eval holds 267 parameter tensors (97.7 MB) on 4 devices; they stop crossing PCIe from here
2026-10-09 11:45:39 Epoch 7/100: loss=0.007655 lr=0.007991
2026-10-09 11:45:39   epoch 7: test_acc = 13531/50000 = 27.062000%  top5 = 25913/50000 = 51.826000%  [95% CI 26.67–27.45]
2026-10-09 11:45:40   step 0/2500: loss=0.011457
2026-10-09 11:45:40   step 1/2500: loss=0.011017
2026-10-09 11:45:40   step 2/2500: loss=0.011452
2026-10-09 11:46:06   step 100/2500: loss=0.004343
2026-10-09 11:46:32   step 200/2500: loss=0.004631
2026-10-09 11:46:59   step 300/2500: loss=0.004915
2026-10-09 11:47:26   step 400/2500: loss=0.011927
2026-10-09 11:47:53   step 500/2500: loss=0.004178
2026-10-09 11:48:19   step 600/2500: loss=0.004067
2026-10-09 11:48:47   step 700/2500: loss=0.011019
2026-10-09 11:49:15   step 800/2500: loss=0.011274
2026-10-09 11:49:43   step 900/2500: loss=0.004563
2026-10-09 11:50:11   step 1000/2500: loss=0.004216
2026-10-09 11:50:38   step 1100/2500: loss=0.004715
2026-10-09 11:51:05   step 1200/2500: loss=0.011166
2026-10-09 11:51:33   step 1300/2500: loss=0.004333
2026-10-09 11:52:00   step 1400/2500: loss=0.004584
2026-10-09 11:52:27   step 1500/2500: loss=0.011285
2026-10-09 11:52:53   step 1600/2500: loss=0.011031
2026-10-09 11:53:21   step 1700/2500: loss=0.012379
2026-10-09 11:53:48   step 1800/2500: loss=0.004431
2026-10-09 11:54:14   step 1900/2500: loss=0.011128
2026-10-09 11:54:41   step 2000/2500: loss=0.010985
2026-10-09 11:55:08   step 2100/2500: loss=0.004733
2026-10-09 11:55:35   step 2200/2500: loss=0.004467
2026-10-09 11:56:02   step 2300/2500: loss=0.011446
2026-10-09 11:56:29   step 2400/2500: loss=0.004870
2026-10-09 11:57:05 [pjrt_ffi] RESIDENT: @resnet50in160_fwd_eval holds 267 parameter tensors (97.7 MB) on 4 devices; they stop crossing PCIe from here
2026-10-09 11:57:47 Epoch 8/100: loss=0.007330 lr=0.007980
2026-10-09 11:57:47   epoch 8: test_acc = 15338/50000 = 30.676000%  top5 = 27627/50000 = 55.254000%  [95% CI 30.27–31.08]
2026-10-09 11:57:47   step 0/2500: loss=0.012295
2026-10-09 11:57:47   step 1/2500: loss=0.004580
2026-10-09 11:57:48   step 2/2500: loss=0.004244
2026-10-09 11:58:13   step 100/2500: loss=0.004677
2026-10-09 11:58:40   step 200/2500: loss=0.004567
2026-10-09 11:59:07   step 300/2500: loss=0.011818
2026-10-09 11:59:34   step 400/2500: loss=0.004181
2026-10-09 12:00:00   step 500/2500: loss=0.004146
2026-10-09 12:00:27   step 600/2500: loss=0.011335
2026-10-09 12:00:54   step 700/2500: loss=0.011238
2026-10-09 12:01:20   step 800/2500: loss=0.004875
2026-10-09 12:01:47   step 900/2500: loss=0.004334
2026-10-09 12:02:14   step 1000/2500: loss=0.004406
2026-10-09 12:02:40   step 1100/2500: loss=0.011144
2026-10-09 12:03:07   step 1200/2500: loss=0.004438
2026-10-09 12:03:34   step 1300/2500: loss=0.004688
2026-10-09 12:04:00   step 1400/2500: loss=0.011516
2026-10-09 12:04:27   step 1500/2500: loss=0.011449
2026-10-09 12:04:54   step 1600/2500: loss=0.004451
2026-10-09 12:05:21   step 1700/2500: loss=0.004615
2026-10-09 12:05:48   step 1800/2500: loss=0.004485
2026-10-09 12:06:15   step 1900/2500: loss=0.011255
2026-10-09 12:06:42   step 2000/2500: loss=0.012821
2026-10-09 12:07:09   step 2100/2500: loss=0.012056
2026-10-09 12:07:36   step 2200/2500: loss=0.004573
2026-10-09 12:08:03   step 2300/2500: loss=0.004835
2026-10-09 12:08:31   step 2400/2500: loss=0.004342
2026-10-09 12:09:07 [pjrt_ffi] RESIDENT: @resnet50in160_fwd_eval holds 267 parameter tensors (97.7 MB) on 4 devices; they stop crossing PCIe from here
2026-10-09 12:09:51 Epoch 9/100: loss=0.007195 lr=0.007965
2026-10-09 12:09:51   epoch 9: test_acc = 19068/50000 = 38.136000%  top5 = 32479/50000 = 64.958000%  [95% CI 37.71–38.56]
2026-10-09 12:09:51   step 0/2500: loss=0.004250
2026-10-09 12:09:51   step 1/2500: loss=0.004361
2026-10-09 12:09:52   step 2/2500: loss=0.004164
2026-10-09 12:10:18   step 100/2500: loss=0.011446
2026-10-09 12:10:44   step 200/2500: loss=0.011241
2026-10-09 12:11:11   step 300/2500: loss=0.004039
2026-10-09 12:11:38   step 400/2500: loss=0.004365
2026-10-09 12:12:04   step 500/2500: loss=0.011011
2026-10-09 12:12:31   step 600/2500: loss=0.004603
2026-10-09 12:12:58   step 700/2500: loss=0.004025
2026-10-09 12:13:25   step 800/2500: loss=0.004353
2026-10-09 12:13:52   step 900/2500: loss=0.004296
2026-10-09 12:14:18   step 1000/2500: loss=0.004739
2026-10-09 12:14:45   step 1100/2500: loss=0.004066
2026-10-09 12:15:12   step 1200/2500: loss=0.004017
2026-10-09 12:15:38   step 1300/2500: loss=0.010966
2026-10-09 12:16:05   step 1400/2500: loss=0.010912
2026-10-09 12:16:31   step 1500/2500: loss=0.003979
2026-10-09 12:16:58   step 1600/2500: loss=0.004105
2026-10-09 12:17:25   step 1700/2500: loss=0.010915
2026-10-09 12:17:52   step 1800/2500: loss=0.004374
2026-10-09 12:18:18   step 1900/2500: loss=0.004150
2026-10-09 12:18:45   step 2000/2500: loss=0.004327
2026-10-09 12:19:12   step 2100/2500: loss=0.004883
2026-10-09 12:19:39   step 2200/2500: loss=0.010622
2026-10-09 12:20:06   step 2300/2500: loss=0.004055
2026-10-09 12:20:33   step 2400/2500: loss=0.004332
2026-10-09 12:21:08 [pjrt_ffi] RESIDENT: @resnet50in160_fwd_eval holds 267 parameter tensors (97.7 MB) on 4 devices; they stop crossing PCIe from here
2026-10-09 12:21:55 Epoch 10/100: loss=0.007018 lr=0.007945
2026-10-09 12:21:55   epoch 10: test_acc = 19282/50000 = 38.564000%  top5 = 32584/50000 = 65.168000%  [95% CI 38.14–38.99]
2026-10-09 12:22:00   ▸ shim respawn: producer 0 of 8 replaced after epoch 10 (generation 1, seed 9)
2026-10-09 12:22:03   step 0/2500: loss=0.004123
2026-10-09 12:22:04   step 1/2500: loss=0.005391
2026-10-09 12:22:04   step 2/2500: loss=0.010490
2026-10-09 12:22:31   step 100/2500: loss=0.010978
2026-10-09 12:22:58   step 200/2500: loss=0.004276
2026-10-09 12:23:24   step 300/2500: loss=0.004262
2026-10-09 12:23:51   step 400/2500: loss=0.004014
2026-10-09 12:24:18   step 500/2500: loss=0.004183
2026-10-09 12:24:45   step 600/2500: loss=0.010563
2026-10-09 12:25:11   step 700/2500: loss=0.004182
2026-10-09 12:25:38   step 800/2500: loss=0.004159
2026-10-09 12:26:05   step 900/2500: loss=0.010854
2026-10-09 12:26:32   step 1000/2500: loss=0.010897
2026-10-09 12:26:58   step 1100/2500: loss=0.004916
2026-10-09 12:27:25   step 1200/2500: loss=0.003376
2026-10-09 12:27:52   step 1300/2500: loss=0.004199
2026-10-09 12:28:18   step 1400/2500: loss=0.010334
2026-10-09 12:28:45   step 1500/2500: loss=0.004028
2026-10-09 12:29:12   step 1600/2500: loss=0.011556
2026-10-09 12:29:38   step 1700/2500: loss=0.004156
2026-10-09 12:30:05   step 1800/2500: loss=0.010706
2026-10-09 12:30:31   step 1900/2500: loss=0.003404
2026-10-09 12:30:58   step 2000/2500: loss=0.004028
2026-10-09 12:31:24   step 2100/2500: loss=0.010643
2026-10-09 12:31:51   step 2200/2500: loss=0.010210
2026-10-09 12:32:17   step 2300/2500: loss=0.003828
2026-10-09 12:32:52   step 2400/2500: loss=0.003707
2026-10-09 12:33:30 [pjrt_ffi] RESIDENT: @resnet50in160_fwd_eval holds 267 parameter tensors (97.7 MB) on 4 devices; they stop crossing PCIe from here
2026-10-09 12:34:08 Epoch 11/100: loss=0.006797 lr=0.007922
2026-10-09 12:34:08   epoch 11: test_acc = 19109/50000 = 38.218000%  top5 = 31839/50000 = 63.678000%  [95% CI 37.79–38.64]
2026-10-09 12:34:09   step 0/2500: loss=0.011246
2026-10-09 12:34:09   step 1/2500: loss=0.010711
2026-10-09 12:34:09   step 2/2500: loss=0.010065
2026-10-09 12:34:35   step 100/2500: loss=0.004565
2026-10-09 12:35:02   step 200/2500: loss=0.003490
2026-10-09 12:35:28   step 300/2500: loss=0.003866
2026-10-09 12:35:55   step 400/2500: loss=0.010614
2026-10-09 12:36:22   step 500/2500: loss=0.010448
2026-10-09 12:36:48   step 600/2500: loss=0.004222
2026-10-09 12:37:14   step 700/2500: loss=0.011931
2026-10-09 12:37:41   step 800/2500: loss=0.010595
2026-10-09 12:38:08   step 900/2500: loss=0.003909
2026-10-09 12:38:35   step 1000/2500: loss=0.011669
2026-10-09 12:39:01   step 1100/2500: loss=0.011918
2026-10-09 12:39:27   step 1200/2500: loss=0.004439
2026-10-09 12:39:54   step 1300/2500: loss=0.003906
2026-10-09 12:40:20   step 1400/2500: loss=0.003550
2026-10-09 12:40:46   step 1500/2500: loss=0.004139
2026-10-09 12:41:13   step 1600/2500: loss=0.010162
2026-10-09 12:41:40   step 1700/2500: loss=0.010343
2026-10-09 12:42:08   step 1800/2500: loss=0.003890
2026-10-09 12:42:35   step 1900/2500: loss=0.003853
2026-10-09 12:43:02   step 2000/2500: loss=0.010440
2026-10-09 12:43:29   step 2100/2500: loss=0.010150
2026-10-09 12:43:55   step 2200/2500: loss=0.003591
2026-10-09 12:44:21   step 2300/2500: loss=0.003934
2026-10-09 12:44:49   step 2400/2500: loss=0.010386
2026-10-09 12:45:25 [pjrt_ffi] RESIDENT: @resnet50in160_fwd_eval holds 267 parameter tensors (97.7 MB) on 4 devices; they stop crossing PCIe from here
2026-10-09 12:46:13 Epoch 12/100: loss=0.006748 lr=0.007893
2026-10-09 12:46:13   epoch 12: test_acc = 18560/50000 = 37.120000%  top5 = 31408/50000 = 62.816000%  [95% CI 36.70–37.54]
2026-10-09 12:46:13   step 0/2500: loss=0.010607
2026-10-09 12:46:13   step 1/2500: loss=0.003597
2026-10-09 12:46:14   step 2/2500: loss=0.004108
2026-10-09 12:46:41   step 100/2500: loss=0.003957
2026-10-09 12:47:07   step 200/2500: loss=0.004164
2026-10-09 12:47:33   step 300/2500: loss=0.010853
2026-10-09 12:48:00   step 400/2500: loss=0.003921
2026-10-09 12:48:26   step 500/2500: loss=0.003675
2026-10-09 12:48:53   step 600/2500: loss=0.003850
2026-10-09 12:49:20   step 700/2500: loss=0.010720
2026-10-09 12:49:47   step 800/2500: loss=0.004083
2026-10-09 12:50:14   step 900/2500: loss=0.003626
2026-10-09 12:50:41   step 1000/2500: loss=0.003935
2026-10-09 12:51:07   step 1100/2500: loss=0.010276
2026-10-09 12:51:34   step 1200/2500: loss=0.010217
2026-10-09 12:52:00   step 1300/2500: loss=0.003632
2026-10-09 12:52:27   step 1400/2500: loss=0.003592
2026-10-09 12:52:53   step 1500/2500: loss=0.010318
2026-10-09 12:53:20   step 1600/2500: loss=0.010099
2026-10-09 12:53:47   step 1700/2500: loss=0.003883
2026-10-09 12:54:14   step 1800/2500: loss=0.004130
2026-10-09 12:54:41   step 1900/2500: loss=0.004126
2026-10-09 12:55:07   step 2000/2500: loss=0.004276
2026-10-09 12:55:33   step 2100/2500: loss=0.003505
2026-10-09 12:56:00   step 2200/2500: loss=0.004282
2026-10-09 12:56:26   step 2300/2500: loss=0.010408
2026-10-09 12:56:53   step 2400/2500: loss=0.011476
2026-10-09 12:57:32 [pjrt_ffi] RESIDENT: @resnet50in160_fwd_eval holds 267 parameter tensors (97.7 MB) on 4 devices; they stop crossing PCIe from here
2026-10-09 12:58:30 Epoch 13/100: loss=0.006623 lr=0.007861
2026-10-09 12:58:30   epoch 13: test_acc = 21382/50000 = 42.764000%  top5 = 34190/50000 = 68.380000%  [95% CI 42.33–43.20]
2026-10-09 12:58:30   step 0/2500: loss=0.003394
2026-10-09 12:58:31   step 1/2500: loss=0.003692
2026-10-09 12:58:31   step 2/2500: loss=0.003603
2026-10-09 12:58:57   step 100/2500: loss=0.012104
2026-10-09 12:59:23   step 200/2500: loss=0.010140
2026-10-09 12:59:50   step 300/2500: loss=0.010082
2026-10-09 13:00:17   step 400/2500: loss=0.003805
2026-10-09 13:00:43   step 500/2500: loss=0.003870
2026-10-09 13:01:09   step 600/2500: loss=0.010219
2026-10-09 13:01:36   step 700/2500: loss=0.004466
2026-10-09 13:02:03   step 800/2500: loss=0.003917
2026-10-09 13:02:29   step 900/2500: loss=0.003998
2026-10-09 13:02:56   step 1000/2500: loss=0.004298
2026-10-09 13:03:23   step 1100/2500: loss=0.010047
2026-10-09 13:03:49   step 1200/2500: loss=0.003576
2026-10-09 13:04:16   step 1300/2500: loss=0.003634
2026-10-09 13:04:43   step 1400/2500: loss=0.004811
2026-10-09 13:05:10   step 1500/2500: loss=0.010736
2026-10-09 13:05:37   step 1600/2500: loss=0.003853
2026-10-09 13:06:04   step 1700/2500: loss=0.003695
2026-10-09 13:06:30   step 1800/2500: loss=0.010922
2026-10-09 13:06:56   step 1900/2500: loss=0.009763
2026-10-09 13:07:23   step 2000/2500: loss=0.003331
2026-10-09 13:07:49   step 2100/2500: loss=0.003896
2026-10-09 13:08:16   step 2200/2500: loss=0.010454
2026-10-09 13:08:43   step 2300/2500: loss=0.009899
2026-10-09 13:09:10   step 2400/2500: loss=0.003330
2026-10-09 13:09:47 [pjrt_ffi] RESIDENT: @resnet50in160_fwd_eval holds 267 parameter tensors (97.7 MB) on 4 devices; they stop crossing PCIe from here
2026-10-09 13:10:32 Epoch 14/100: loss=0.006514 lr=0.007824
2026-10-09 13:10:32   epoch 14: test_acc = 22695/50000 = 45.390000%  top5 = 35561/50000 = 71.122000%  [95% CI 44.95–45.83]
2026-10-09 13:10:32   step 0/2500: loss=0.003633
2026-10-09 13:10:33   step 1/2500: loss=0.010171
2026-10-09 13:10:33   step 2/2500: loss=0.010241
2026-10-09 13:10:59   step 100/2500: loss=0.010322
2026-10-09 13:11:25   step 200/2500: loss=0.010100
2026-10-09 13:11:52   step 300/2500: loss=0.003871
2026-10-09 13:12:19   step 400/2500: loss=0.004029
2026-10-09 13:12:46   step 500/2500: loss=0.010410
2026-10-09 13:13:12   step 600/2500: loss=0.010286
2026-10-09 13:13:39   step 700/2500: loss=0.003805
2026-10-09 13:14:07   step 800/2500: loss=0.003700
2026-10-09 13:14:34   step 900/2500: loss=0.004412
2026-10-09 13:15:01   step 1000/2500: loss=0.004218
2026-10-09 13:15:28   step 1100/2500: loss=0.003388
2026-10-09 13:15:54   step 1200/2500: loss=0.004752
2026-10-09 13:16:21   step 1300/2500: loss=0.010422
2026-10-09 13:16:48   step 1400/2500: loss=0.010008
2026-10-09 13:17:15   step 1500/2500: loss=0.004071
2026-10-09 13:17:42   step 1600/2500: loss=0.005252
2026-10-09 13:18:08   step 1700/2500: loss=0.010101
2026-10-09 13:18:34   step 1800/2500: loss=0.003747
2026-10-09 13:19:01   step 1900/2500: loss=0.003513
2026-10-09 13:19:27   step 2000/2500: loss=0.003795
2026-10-09 13:19:54   step 2100/2500: loss=0.010179
2026-10-09 13:20:20   step 2200/2500: loss=0.010221
2026-10-09 13:20:46   step 2300/2500: loss=0.003770
2026-10-09 13:21:13   step 2400/2500: loss=0.003558
2026-10-09 13:22:05 [pjrt_ffi] RESIDENT: @resnet50in160_fwd_eval holds 267 parameter tensors (97.7 MB) on 4 devices; they stop crossing PCIe from here
2026-10-09 13:22:51 Epoch 15/100: loss=0.006368 lr=0.007783
2026-10-09 13:22:51   epoch 15: test_acc = 22160/50000 = 44.320000%  top5 = 35108/50000 = 70.216000%  [95% CI 43.89–44.76]
2026-10-09 13:22:51   step 0/2500: loss=0.010169
2026-10-09 13:22:51   step 1/2500: loss=0.010345
2026-10-09 13:22:52   step 2/2500: loss=0.004100
2026-10-09 13:23:18   step 100/2500: loss=0.010606
2026-10-09 13:23:45   step 200/2500: loss=0.003817
2026-10-09 13:24:12   step 300/2500: loss=0.003982
2026-10-09 13:24:39   step 400/2500: loss=0.010872
2026-10-09 13:25:05   step 500/2500: loss=0.004129
2026-10-09 13:25:32   step 600/2500: loss=0.003478
2026-10-09 13:25:58   step 700/2500: loss=0.003789
2026-10-09 13:26:24   step 800/2500: loss=0.003718
2026-10-09 13:26:51   step 900/2500: loss=0.010304
2026-10-09 13:27:17   step 1000/2500: loss=0.003315
2026-10-09 13:27:43   step 1100/2500: loss=0.003702
2026-10-09 13:28:10   step 1200/2500: loss=0.010048
2026-10-09 13:28:37   step 1300/2500: loss=0.010228
2026-10-09 13:29:04   step 1400/2500: loss=0.003618
2026-10-09 13:29:31   step 1500/2500: loss=0.003538
2026-10-09 13:29:57   step 1600/2500: loss=0.004045
2026-10-09 13:30:24   step 1700/2500: loss=0.010071
2026-10-09 13:30:53   step 1800/2500: loss=0.003809
2026-10-09 13:31:21   step 1900/2500: loss=0.003706
2026-10-09 13:31:49   step 2000/2500: loss=0.010020
2026-10-09 13:32:16   step 2100/2500: loss=0.009593
2026-10-09 13:32:45   step 2200/2500: loss=0.003956
2026-10-09 13:33:13   step 2300/2500: loss=0.003523
2026-10-09 13:33:40   step 2400/2500: loss=0.010328
2026-10-09 13:34:17 [pjrt_ffi] RESIDENT: @resnet50in160_fwd_eval holds 267 parameter tensors (97.7 MB) on 4 devices; they stop crossing PCIe from here
2026-10-09 13:35:07 Epoch 16/100: loss=0.006435 lr=0.007738
2026-10-09 13:35:07   epoch 16: test_acc = 23061/50000 = 46.122000%  top5 = 35631/50000 = 71.262000%  [95% CI 45.69–46.56]
2026-10-09 13:35:07   step 0/2500: loss=0.009879
2026-10-09 13:35:08   step 1/2500: loss=0.003360
2026-10-09 13:35:08   step 2/2500: loss=0.003496
2026-10-09 13:35:33   step 100/2500: loss=0.003621
2026-10-09 13:36:00   step 200/2500: loss=0.003351
2026-10-09 13:36:26   step 300/2500: loss=0.010338
2026-10-09 13:36:52   step 400/2500: loss=0.010582
2026-10-09 13:37:19   step 500/2500: loss=0.003544
2026-10-09 13:37:45   step 600/2500: loss=0.003329
2026-10-09 13:38:12   step 700/2500: loss=0.010446
2026-10-09 13:38:39   step 800/2500: loss=0.010055
2026-10-09 13:39:06   step 900/2500: loss=0.003350
2026-10-09 13:39:33   step 1000/2500: loss=0.003905
2026-10-09 13:39:59   step 1100/2500: loss=0.010467
2026-10-09 13:40:26   step 1200/2500: loss=0.009935
2026-10-09 13:40:53   step 1300/2500: loss=0.003344
2026-10-09 13:41:20   step 1400/2500: loss=0.003197
2026-10-09 13:41:47   step 1500/2500: loss=0.009350
2026-10-09 13:42:14   step 1600/2500: loss=0.003622
2026-10-09 13:42:40   step 1700/2500: loss=0.004016
2026-10-09 13:43:07   step 1800/2500: loss=0.003550
2026-10-09 13:43:33   step 1900/2500: loss=0.009673
2026-10-09 13:44:00   step 2000/2500: loss=0.003524
2026-10-09 13:44:26   step 2100/2500: loss=0.003774
2026-10-09 13:44:52   step 2200/2500: loss=0.003556
2026-10-09 13:45:19   step 2300/2500: loss=0.003289
2026-10-09 13:45:46   step 2400/2500: loss=0.010222
2026-10-09 13:46:21 [pjrt_ffi] RESIDENT: @resnet50in160_fwd_eval holds 267 parameter tensors (97.7 MB) on 4 devices; they stop crossing PCIe from here
2026-10-09 13:47:02 Epoch 17/100: loss=0.006308 lr=0.007689
2026-10-09 13:47:02   epoch 17: test_acc = 22612/50000 = 45.224000%  top5 = 35288/50000 = 70.576000%  [95% CI 44.79–45.66]
2026-10-09 13:47:02   step 0/2500: loss=0.003116
2026-10-09 13:47:03   step 1/2500: loss=0.004192
2026-10-09 13:47:03   step 2/2500: loss=0.003451
2026-10-09 13:47:29   step 100/2500: loss=0.003412
2026-10-09 13:47:56   step 200/2500: loss=0.010675
2026-10-09 13:48:22   step 300/2500: loss=0.009487
2026-10-09 13:48:48   step 400/2500: loss=0.011482
2026-10-09 13:49:15   step 500/2500: loss=0.003989
2026-10-09 13:49:41   step 600/2500: loss=0.010038
2026-10-09 13:50:08   step 700/2500: loss=0.009516
2026-10-09 13:50:34   step 800/2500: loss=0.003781
2026-10-09 13:51:01   step 900/2500: loss=0.003894
2026-10-09 13:51:27   step 1000/2500: loss=0.009368
2026-10-09 13:51:54   step 1100/2500: loss=0.003872
2026-10-09 13:52:21   step 1200/2500: loss=0.003352
2026-10-09 13:52:48   step 1300/2500: loss=0.003267
2026-10-09 13:53:14   step 1400/2500: loss=0.010369
2026-10-09 13:53:40   step 1500/2500: loss=0.009367
2026-10-09 13:54:07   step 1600/2500: loss=0.003559
2026-10-09 13:54:33   step 1700/2500: loss=0.003242
2026-10-09 13:55:00   step 1800/2500: loss=0.010303
2026-10-09 13:55:27   step 1900/2500: loss=0.009557
2026-10-09 13:55:55   step 2000/2500: loss=0.003743
2026-10-09 13:56:22   step 2100/2500: loss=0.003536
2026-10-09 13:56:49   step 2200/2500: loss=0.010055
2026-10-09 13:57:16   step 2300/2500: loss=0.010246
2026-10-09 13:57:43   step 2400/2500: loss=0.003564
2026-10-09 13:58:21 [pjrt_ffi] RESIDENT: @resnet50in160_fwd_eval holds 267 parameter tensors (97.7 MB) on 4 devices; they stop crossing PCIe from here
2026-10-09 13:59:15 Epoch 18/100: loss=0.006186 lr=0.007636
2026-10-09 13:59:15   epoch 18: test_acc = 20212/50000 = 40.424000%  top5 = 32558/50000 = 65.116000%  [95% CI 39.99–40.85]
2026-10-09 13:59:15   step 0/2500: loss=0.003469
2026-10-09 13:59:15   step 1/2500: loss=0.009216
2026-10-09 13:59:16   step 2/2500: loss=0.009804
2026-10-09 13:59:41   step 100/2500: loss=0.003653
2026-10-09 14:00:08   step 200/2500: loss=0.003906
2026-10-09 14:00:35   step 300/2500: loss=0.003574
2026-10-09 14:01:02   step 400/2500: loss=0.010878
2026-10-09 14:01:29   step 500/2500: loss=0.009739
2026-10-09 14:01:56   step 600/2500: loss=0.003880
2026-10-09 14:02:23   step 700/2500: loss=0.004256
2026-10-09 14:02:50   step 800/2500: loss=0.003700
2026-10-09 14:03:18   step 900/2500: loss=0.009599
2026-10-09 14:03:45   step 1000/2500: loss=0.010411
2026-10-09 14:04:12   step 1100/2500: loss=0.003273
2026-10-09 14:04:39   step 1200/2500: loss=0.004026
2026-10-09 14:05:05   step 1300/2500: loss=0.009336
2026-10-09 14:05:32   step 1400/2500: loss=0.004118
2026-10-09 14:05:58   step 1500/2500: loss=0.003790
2026-10-09 14:06:25   step 1600/2500: loss=0.003896
2026-10-09 14:06:52   step 1700/2500: loss=0.009246
2026-10-09 14:07:18   step 1800/2500: loss=0.009886
2026-10-09 14:07:45   step 1900/2500: loss=0.011236
2026-10-09 14:08:11   step 2000/2500: loss=0.003487
2026-10-09 14:08:37   step 2100/2500: loss=0.009632
2026-10-09 14:09:04   step 2200/2500: loss=0.003440
2026-10-09 14:09:31   step 2300/2500: loss=0.003540
2026-10-09 14:09:58   step 2400/2500: loss=0.003393
2026-10-09 14:10:34 [pjrt_ffi] RESIDENT: @resnet50in160_fwd_eval holds 267 parameter tensors (97.7 MB) on 4 devices; they stop crossing PCIe from here
2026-10-09 14:11:22 Epoch 19/100: loss=0.006201 lr=0.007579
2026-10-09 14:11:22   epoch 19: test_acc = 23505/50000 = 47.010000%  top5 = 36214/50000 = 72.428000%  [95% CI 46.57–47.45]
2026-10-09 14:11:22   step 0/2500: loss=0.010703
2026-10-09 14:11:22   step 1/2500: loss=0.009500
2026-10-09 14:11:23   step 2/2500: loss=0.003931
2026-10-09 14:11:49   step 100/2500: loss=0.009769
2026-10-09 14:12:15   step 200/2500: loss=0.003264
2026-10-09 14:12:42   step 300/2500: loss=0.003588
2026-10-09 14:13:08   step 400/2500: loss=0.010247
2026-10-09 14:13:35   step 500/2500: loss=0.009933
2026-10-09 14:14:02   step 600/2500: loss=0.003565
2026-10-09 14:14:29   step 700/2500: loss=0.003361
2026-10-09 14:14:55   step 800/2500: loss=0.003520
2026-10-09 14:15:23   step 900/2500: loss=0.009856
2026-10-09 14:15:50   step 1000/2500: loss=0.003608
2026-10-09 14:16:16   step 1100/2500: loss=0.004042
2026-10-09 14:16:43   step 1200/2500: loss=0.010453
2026-10-09 14:17:11   step 1300/2500: loss=0.010436
2026-10-09 14:17:38   step 1400/2500: loss=0.003446
2026-10-09 14:18:05   step 1500/2500: loss=0.003740
2026-10-09 14:18:31   step 1600/2500: loss=0.009913
2026-10-09 14:18:58   step 1700/2500: loss=0.010304
2026-10-09 14:19:24   step 1800/2500: loss=0.003403
2026-10-09 14:19:51   step 1900/2500: loss=0.003169
2026-10-09 14:20:18   step 2000/2500: loss=0.009571
2026-10-09 14:20:44   step 2100/2500: loss=0.009585
2026-10-09 14:21:11   step 2200/2500: loss=0.003468
2026-10-09 14:21:38   step 2300/2500: loss=0.003502
2026-10-09 14:22:05   step 2400/2500: loss=0.009320
2026-10-09 14:22:41 [pjrt_ffi] RESIDENT: @resnet50in160_fwd_eval holds 267 parameter tensors (97.7 MB) on 4 devices; they stop crossing PCIe from here
2026-10-09 14:23:23 Epoch 20/100: loss=0.006210 lr=0.007518
2026-10-09 14:23:23   epoch 20: test_acc = 23377/50000 = 46.754000%  top5 = 35662/50000 = 71.324000%  [95% CI 46.32–47.19]
2026-10-09 14:23:28   ▸ shim respawn: producer 1 of 8 replaced after epoch 20 (generation 2, seed 18)
2026-10-09 14:23:28   step 0/2500: loss=0.009747
2026-10-09 14:23:31   step 1/2500: loss=0.003272
2026-10-09 14:23:31   step 2/2500: loss=0.003250
2026-10-09 14:23:58   step 100/2500: loss=0.003453
2026-10-09 14:24:25   step 200/2500: loss=0.003729
2026-10-09 14:24:52   step 300/2500: loss=0.003722
2026-10-09 14:25:20   step 400/2500: loss=0.003326
2026-10-09 14:25:47   step 500/2500: loss=0.011209
2026-10-09 14:26:14   step 600/2500: loss=0.011275
2026-10-09 14:26:40   step 700/2500: loss=0.009505
2026-10-09 14:27:07   step 800/2500: loss=0.010119
2026-10-09 14:27:34   step 900/2500: loss=0.003848
2026-10-09 14:28:01   step 1000/2500: loss=0.004027
2026-10-09 14:28:29   step 1100/2500: loss=0.004049
2026-10-09 14:28:56   step 1200/2500: loss=0.003828
2026-10-09 14:29:23   step 1300/2500: loss=0.003386
2026-10-09 14:29:51   step 1400/2500: loss=0.003169
2026-10-09 14:30:18   step 1500/2500: loss=0.009438
2026-10-09 14:30:46   step 1600/2500: loss=0.009799
2026-10-09 14:31:12   step 1700/2500: loss=0.011330
2026-10-09 14:31:39   step 1800/2500: loss=0.003318
2026-10-09 14:32:06   step 1900/2500: loss=0.003949
2026-10-09 14:32:32   step 2000/2500: loss=0.009353
2026-10-09 14:32:59   step 2100/2500: loss=0.003261
2026-10-09 14:33:26   step 2200/2500: loss=0.011070
2026-10-09 14:33:53   step 2300/2500: loss=0.009044
2026-10-09 14:34:20   step 2400/2500: loss=0.003221
2026-10-09 14:34:57 [pjrt_ffi] RESIDENT: @resnet50in160_fwd_eval holds 267 parameter tensors (97.7 MB) on 4 devices; they stop crossing PCIe from here
2026-10-09 14:35:48 Epoch 21/100: loss=0.006174 lr=0.007453
2026-10-09 14:35:48   epoch 21: test_acc = 24180/50000 = 48.360000%  top5 = 36671/50000 = 73.342000%  [95% CI 47.92–48.80]
2026-10-09 14:35:48   step 0/2500: loss=0.002836
2026-10-09 14:35:49   step 1/2500: loss=0.003813
2026-10-09 14:35:49   step 2/2500: loss=0.003310
2026-10-09 14:36:15   step 100/2500: loss=0.003295
2026-10-09 14:36:43   step 200/2500: loss=0.009578
2026-10-09 14:37:10   step 300/2500: loss=0.009423
2026-10-09 14:37:37   step 400/2500: loss=0.003785
2026-10-09 14:38:04   step 500/2500: loss=0.003305
2026-10-09 14:38:31   step 600/2500: loss=0.009018
2026-10-09 14:38:59   step 700/2500: loss=0.004194
2026-10-09 14:39:26   step 800/2500: loss=0.003487
2026-10-09 14:39:54   step 900/2500: loss=0.003831
2026-10-09 14:40:21   step 1000/2500: loss=0.010760
2026-10-09 14:40:48   step 1100/2500: loss=0.009231
2026-10-09 14:41:15   step 1200/2500: loss=0.010930
2026-10-09 14:41:42   step 1300/2500: loss=0.003422
2026-10-09 14:42:09   step 1400/2500: loss=0.004324
2026-10-09 14:42:37   step 1500/2500: loss=0.009378
2026-10-09 14:43:04   step 1600/2500: loss=0.003156
2026-10-09 14:43:31   step 1700/2500: loss=0.003402
2026-10-09 14:43:58   step 1800/2500: loss=0.004034
2026-10-09 14:44:26   step 1900/2500: loss=0.009303
2026-10-09 14:44:53   step 2000/2500: loss=0.003035
2026-10-09 14:45:21   step 2100/2500: loss=0.002687
2026-10-09 14:45:48   step 2200/2500: loss=0.009676
2026-10-09 14:46:16   step 2300/2500: loss=0.009546
2026-10-09 14:46:43   step 2400/2500: loss=0.003436
2026-10-09 14:47:21 [pjrt_ffi] RESIDENT: @resnet50in160_fwd_eval holds 267 parameter tensors (97.7 MB) on 4 devices; they stop crossing PCIe from here
2026-10-09 14:48:07 Epoch 22/100: loss=0.006181 lr=0.007384
2026-10-09 14:48:07   epoch 22: test_acc = 23331/50000 = 46.662000%  top5 = 35708/50000 = 71.416000%  [95% CI 46.22–47.10]
2026-10-09 14:48:07   step 0/2500: loss=0.003580
2026-10-09 14:48:07   step 1/2500: loss=0.009504
2026-10-09 14:48:08   step 2/2500: loss=0.009594
2026-10-09 14:48:34   step 100/2500: loss=0.004635
2026-10-09 14:49:01   step 200/2500: loss=0.009336
2026-10-09 14:49:28   step 300/2500: loss=0.003073
2026-10-09 14:49:55   step 400/2500: loss=0.003316
2026-10-09 14:50:22   step 500/2500: loss=0.009430
2026-10-09 14:50:49   step 600/2500: loss=0.003509
2026-10-09 14:51:16   step 700/2500: loss=0.003805
2026-10-09 14:51:44   step 800/2500: loss=0.003193
2026-10-09 14:52:11   step 900/2500: loss=0.009446
2026-10-09 14:52:38   step 1000/2500: loss=0.004036
2026-10-09 14:53:05   step 1100/2500: loss=0.003529
2026-10-09 14:53:32   step 1200/2500: loss=0.003831
2026-10-09 14:54:00   step 1300/2500: loss=0.003673
2026-10-09 14:54:27   step 1400/2500: loss=0.008973
2026-10-09 14:54:54   step 1500/2500: loss=0.011295
2026-10-09 14:55:21   step 1600/2500: loss=0.003624
2026-10-09 14:55:48   step 1700/2500: loss=0.004198
2026-10-09 14:56:15   step 1800/2500: loss=0.003715
2026-10-09 14:56:42   step 1900/2500: loss=0.003336
2026-10-09 14:57:09   step 2000/2500: loss=0.003471
2026-10-09 14:57:36   step 2100/2500: loss=0.003474
2026-10-09 14:58:03   step 2200/2500: loss=0.009702
2026-10-09 14:58:30   step 2300/2500: loss=0.003457
2026-10-09 14:58:58   step 2400/2500: loss=0.010698
2026-10-09 14:59:34 [pjrt_ffi] RESIDENT: @resnet50in160_fwd_eval holds 267 parameter tensors (97.7 MB) on 4 devices; they stop crossing PCIe from here
2026-10-09 15:00:20 Epoch 23/100: loss=0.006070 lr=0.007312
2026-10-09 15:00:20   epoch 23: test_acc = 24684/50000 = 49.368000%  top5 = 37304/50000 = 74.608000%  [95% CI 48.93–49.81]
2026-10-09 15:00:21   step 0/2500: loss=0.009257
2026-10-09 15:00:21   step 1/2500: loss=0.003293
2026-10-09 15:00:21   step 2/2500: loss=0.009284
2026-10-09 15:00:48   step 100/2500: loss=0.008990
2026-10-09 15:01:14   step 200/2500: loss=0.003790
2026-10-09 15:01:41   step 300/2500: loss=0.004044
2026-10-09 15:02:09   step 400/2500: loss=0.009955
2026-10-09 15:02:36   step 500/2500: loss=0.009584
2026-10-09 15:03:04   step 600/2500: loss=0.003746
2026-10-09 15:03:31   step 700/2500: loss=0.003339
2026-10-09 15:03:59   step 800/2500: loss=0.004780
2026-10-09 15:04:27   step 900/2500: loss=0.004131
2026-10-09 15:04:54   step 1000/2500: loss=0.003724
2026-10-09 15:05:21   step 1100/2500: loss=0.003729
2026-10-09 15:05:49   step 1200/2500: loss=0.009940
2026-10-09 15:06:17   step 1300/2500: loss=0.008795
2026-10-09 15:06:44   step 1400/2500: loss=0.003428
2026-10-09 15:07:12   step 1500/2500: loss=0.003375
2026-10-09 15:07:40   step 1600/2500: loss=0.004019
2026-10-09 15:08:07   step 1700/2500: loss=0.008993
2026-10-09 15:08:33   step 1800/2500: loss=0.003346
2026-10-09 15:09:01   step 1900/2500: loss=0.003163
2026-10-09 15:09:28   step 2000/2500: loss=0.010773
2026-10-09 15:09:55   step 2100/2500: loss=0.004454
2026-10-09 15:10:22   step 2200/2500: loss=0.003473
2026-10-09 15:10:49   step 2300/2500: loss=0.003483
2026-10-09 15:11:16   step 2400/2500: loss=0.003017
2026-10-09 15:11:53 [pjrt_ffi] RESIDENT: @resnet50in160_fwd_eval holds 267 parameter tensors (97.7 MB) on 4 devices; they stop crossing PCIe from here
2026-10-09 15:12:43 Epoch 24/100: loss=0.006054 lr=0.007236
2026-10-09 15:12:43   epoch 24: test_acc = 24564/50000 = 49.128000%  top5 = 37344/50000 = 74.688000%  [95% CI 48.69–49.57]
2026-10-09 15:12:44   step 0/2500: loss=0.009150
2026-10-09 15:12:44   step 1/2500: loss=0.003357
2026-10-09 15:12:44   step 2/2500: loss=0.003775
2026-10-09 15:13:11   step 100/2500: loss=0.003979
2026-10-09 15:13:38   step 200/2500: loss=0.011198
2026-10-09 15:14:05   step 300/2500: loss=0.003616
2026-10-09 15:14:31   step 400/2500: loss=0.009683
2026-10-09 15:14:59   step 500/2500: loss=0.002926
2026-10-09 15:15:27   step 600/2500: loss=0.011009
2026-10-09 15:15:54   step 700/2500: loss=0.008964
2026-10-09 15:16:21   step 800/2500: loss=0.003636
2026-10-09 15:16:48   step 900/2500: loss=0.003665
2026-10-09 15:17:16   step 1000/2500: loss=0.003404
2026-10-09 15:17:43   step 1100/2500: loss=0.009015
2026-10-09 15:18:10   step 1200/2500: loss=0.009566
2026-10-09 15:18:38   step 1300/2500: loss=0.003312
2026-10-09 15:19:05   step 1400/2500: loss=0.011162
2026-10-09 15:19:33   step 1500/2500: loss=0.009647
2026-10-09 15:20:00   step 1600/2500: loss=0.003399
2026-10-09 15:20:27   step 1700/2500: loss=0.003489
2026-10-09 15:20:55   step 1800/2500: loss=0.003140
2026-10-09 15:21:22   step 1900/2500: loss=0.009347
2026-10-09 15:21:50   step 2000/2500: loss=0.009743
2026-10-09 15:22:18   step 2100/2500: loss=0.003200
2026-10-09 15:22:45   step 2200/2500: loss=0.003192
2026-10-09 15:23:13   step 2300/2500: loss=0.008775
2026-10-09 15:23:40   step 2400/2500: loss=0.009075
2026-10-09 15:24:18 [pjrt_ffi] RESIDENT: @resnet50in160_fwd_eval holds 267 parameter tensors (97.7 MB) on 4 devices; they stop crossing PCIe from here
2026-10-09 15:25:05 Epoch 25/100: loss=0.005939 lr=0.007157
2026-10-09 15:25:05   epoch 25: test_acc = 23625/50000 = 47.250000%  top5 = 35827/50000 = 71.654000%  [95% CI 46.81–47.69]
2026-10-09 15:25:05   step 0/2500: loss=0.010906
2026-10-09 15:25:05   step 1/2500: loss=0.003105
2026-10-09 15:25:06   step 2/2500: loss=0.003235
2026-10-09 15:25:32   step 100/2500: loss=0.003597
2026-10-09 15:26:00   step 200/2500: loss=0.003420
2026-10-09 15:26:27   step 300/2500: loss=0.009665
2026-10-09 15:26:55   step 400/2500: loss=0.011404
2026-10-09 15:27:22   step 500/2500: loss=0.011021
2026-10-09 15:27:49   step 600/2500: loss=0.004337
2026-10-09 15:28:16   step 700/2500: loss=0.009364
2026-10-09 15:28:44   step 800/2500: loss=0.004012
2026-10-09 15:29:11   step 900/2500: loss=0.003481
2026-10-09 15:29:39   step 1000/2500: loss=0.003789
2026-10-09 15:30:06   step 1100/2500: loss=0.009137
2026-10-09 15:30:33   step 1200/2500: loss=0.003118
2026-10-09 15:31:00   step 1300/2500: loss=0.003738
2026-10-09 15:31:28   step 1400/2500: loss=0.004035
2026-10-09 15:31:55   step 1500/2500: loss=0.009154
2026-10-09 15:32:23   step 1600/2500: loss=0.011286
2026-10-09 15:32:51   step 1700/2500: loss=0.004326
2026-10-09 15:33:18   step 1800/2500: loss=0.009089
2026-10-09 15:33:45   step 1900/2500: loss=0.010060
2026-10-09 15:34:12   step 2000/2500: loss=0.002964
2026-10-09 15:34:40   step 2100/2500: loss=0.002911
2026-10-09 15:35:08   step 2200/2500: loss=0.008759
2026-10-09 15:35:35   step 2300/2500: loss=0.010120
2026-10-09 15:36:04   step 2400/2500: loss=0.003052
2026-10-09 15:36:43 [pjrt_ffi] RESIDENT: @resnet50in160_fwd_eval holds 267 parameter tensors (97.7 MB) on 4 devices; they stop crossing PCIe from here
2026-10-09 15:37:34 Epoch 26/100: loss=0.005942 lr=0.007074
2026-10-09 15:37:34   epoch 26: test_acc = 24888/50000 = 49.776000%  top5 = 37194/50000 = 74.388000%  [95% CI 49.34–50.21]
2026-10-09 15:37:34   step 0/2500: loss=0.003372
2026-10-09 15:37:35   step 1/2500: loss=0.003000
2026-10-09 15:37:35   step 2/2500: loss=0.009087
2026-10-09 15:38:01   step 100/2500: loss=0.003959
2026-10-09 15:38:29   step 200/2500: loss=0.003098
2026-10-09 15:38:56   step 300/2500: loss=0.003519
2026-10-09 15:39:24   step 400/2500: loss=0.003150
2026-10-09 15:39:52   step 500/2500: loss=0.003694
2026-10-09 15:40:19   step 600/2500: loss=0.008770
2026-10-09 15:40:46   step 700/2500: loss=0.012315
2026-10-09 15:41:13   step 800/2500: loss=0.003096
2026-10-09 15:41:40   step 900/2500: loss=0.003468
2026-10-09 15:42:07   step 1000/2500: loss=0.009568
2026-10-09 15:42:34   step 1100/2500: loss=0.003438
2026-10-09 15:43:01   step 1200/2500: loss=0.004128
2026-10-09 15:43:28   step 1300/2500: loss=0.003267
2026-10-09 15:43:55   step 1400/2500: loss=0.009393
2026-10-09 15:44:23   step 1500/2500: loss=0.003402
2026-10-09 15:44:50   step 1600/2500: loss=0.003404
2026-10-09 15:45:17   step 1700/2500: loss=0.010382
2026-10-09 15:45:44   step 1800/2500: loss=0.009533
2026-10-09 15:46:12   step 1900/2500: loss=0.010907
2026-10-09 15:46:39   step 2000/2500: loss=0.003078
2026-10-09 15:47:06   step 2100/2500: loss=0.002795
2026-10-09 15:47:34   step 2200/2500: loss=0.009140
2026-10-09 15:48:01   step 2300/2500: loss=0.003195
2026-10-09 15:48:28   step 2400/2500: loss=0.011705
2026-10-09 15:49:05 [pjrt_ffi] RESIDENT: @resnet50in160_fwd_eval holds 267 parameter tensors (97.7 MB) on 4 devices; they stop crossing PCIe from here
2026-10-09 15:50:01 Epoch 27/100: loss=0.005940 lr=0.006987
2026-10-09 15:50:01   epoch 27: test_acc = 26164/50000 = 52.328000%  top5 = 38482/50000 = 76.964000%  [95% CI 51.89–52.77]
2026-10-09 15:50:02   step 0/2500: loss=0.010349
2026-10-09 15:50:02   step 1/2500: loss=0.003908
2026-10-09 15:50:02   step 2/2500: loss=0.008464
2026-10-09 15:50:29   step 100/2500: loss=0.009525
2026-10-09 15:50:56   step 200/2500: loss=0.003277
2026-10-09 15:51:23   step 300/2500: loss=0.003058
2026-10-09 15:51:50   step 400/2500: loss=0.009438
2026-10-09 15:52:18   step 500/2500: loss=0.009380
2026-10-09 15:52:45   step 600/2500: loss=0.002782
2026-10-09 15:53:13   step 700/2500: loss=0.002689
2026-10-09 15:53:40   step 800/2500: loss=0.009721
2026-10-09 15:54:07   step 900/2500: loss=0.009315
2026-10-09 15:54:35   step 1000/2500: loss=0.003407
2026-10-09 15:55:02   step 1100/2500: loss=0.003281
2026-10-09 15:55:30   step 1200/2500: loss=0.009229
2026-10-09 15:55:57   step 1300/2500: loss=0.009155
2026-10-09 15:56:24   step 1400/2500: loss=0.003939
2026-10-09 15:56:51   step 1500/2500: loss=0.003367
2026-10-09 15:57:18   step 1600/2500: loss=0.003623
2026-10-09 15:57:45   step 1700/2500: loss=0.008964
2026-10-09 15:58:12   step 1800/2500: loss=0.003319
2026-10-09 15:58:39   step 1900/2500: loss=0.002875
2026-10-09 15:59:06   step 2000/2500: loss=0.009007
2026-10-09 15:59:33   step 2100/2500: loss=0.009973
2026-10-09 16:00:00   step 2200/2500: loss=0.010631
2026-10-09 16:00:27   step 2300/2500: loss=0.010748
2026-10-09 16:00:54   step 2400/2500: loss=0.009714
2026-10-09 16:01:32 [pjrt_ffi] RESIDENT: @resnet50in160_fwd_eval holds 267 parameter tensors (97.7 MB) on 4 devices; they stop crossing PCIe from here
2026-10-09 16:02:21 Epoch 28/100: loss=0.005822 lr=0.006898
2026-10-09 16:02:21   epoch 28: test_acc = 25661/50000 = 51.322000%  top5 = 37941/50000 = 75.882000%  [95% CI 50.88–51.76]
2026-10-09 16:02:21   step 0/2500: loss=0.003571
2026-10-09 16:02:22   step 1/2500: loss=0.010988
2026-10-09 16:02:22   step 2/2500: loss=0.003577
2026-10-09 16:02:49   step 100/2500: loss=0.003152
2026-10-09 16:03:17   step 200/2500: loss=0.003064
2026-10-09 16:03:44   step 300/2500: loss=0.003593
2026-10-09 16:04:12   step 400/2500: loss=0.009156
2026-10-09 16:04:39   step 500/2500: loss=0.010569
2026-10-09 16:05:07   step 600/2500: loss=0.002964
2026-10-09 16:05:34   step 700/2500: loss=0.003517
2026-10-09 16:06:01   step 800/2500: loss=0.009388
2026-10-09 16:06:29   step 900/2500: loss=0.003317
2026-10-09 16:06:57   step 1000/2500: loss=0.003414
2026-10-09 16:07:25   step 1100/2500: loss=0.009470
2026-10-09 16:07:52   step 1200/2500: loss=0.009452
2026-10-09 16:08:20   step 1300/2500: loss=0.003387
2026-10-09 16:08:47   step 1400/2500: loss=0.003082
2026-10-09 16:09:15   step 1500/2500: loss=0.009548
2026-10-09 16:09:42   step 1600/2500: loss=0.009527
2026-10-09 16:10:09   step 1700/2500: loss=0.002864
2026-10-09 16:10:36   step 1800/2500: loss=0.003250
2026-10-09 16:11:03   step 1900/2500: loss=0.003368
2026-10-09 16:11:30   step 2000/2500: loss=0.009049
2026-10-09 16:11:57   step 2100/2500: loss=0.003133
2026-10-09 16:12:24   step 2200/2500: loss=0.002831
2026-10-09 16:12:52   step 2300/2500: loss=0.003097
2026-10-09 16:13:19   step 2400/2500: loss=0.009000
2026-10-09 16:13:58 [pjrt_ffi] RESIDENT: @resnet50in160_fwd_eval holds 267 parameter tensors (97.7 MB) on 4 devices; they stop crossing PCIe from here
2026-10-09 16:14:55 Epoch 29/100: loss=0.005824 lr=0.006805
2026-10-09 16:14:55   epoch 29: test_acc = 25751/50000 = 51.502000%  top5 = 37802/50000 = 75.604000%  [95% CI 51.06–51.94]
2026-10-09 16:14:55   step 0/2500: loss=0.003252
2026-10-09 16:14:56   step 1/2500: loss=0.010666
2026-10-09 16:14:56   step 2/2500: loss=0.003216
2026-10-09 16:15:23   step 100/2500: loss=0.003073
2026-10-09 16:15:50   step 200/2500: loss=0.003714
2026-10-09 16:16:17   step 300/2500: loss=0.009667
2026-10-09 16:16:45   step 400/2500: loss=0.002680
2026-10-09 16:17:13   step 500/2500: loss=0.003221
2026-10-09 16:17:41   step 600/2500: loss=0.009664
2026-10-09 16:18:09   step 700/2500: loss=0.008883
2026-10-09 16:18:37   step 800/2500: loss=0.003163
2026-10-09 16:19:05   step 900/2500: loss=0.003411
2026-10-09 16:19:33   step 1000/2500: loss=0.009691
2026-10-09 16:20:02   step 1100/2500: loss=0.008952
2026-10-09 16:20:31   step 1200/2500: loss=0.003050
2026-10-09 16:21:00   step 1300/2500: loss=0.003130
2026-10-09 16:21:29   step 1400/2500: loss=0.008967
2026-10-09 16:21:58   step 1500/2500: loss=0.009646
2026-10-09 16:22:26   step 1600/2500: loss=0.003192
2026-10-09 16:22:54   step 1700/2500: loss=0.003274
2026-10-09 16:23:20   step 1800/2500: loss=0.009548
2026-10-09 16:23:47   step 1900/2500: loss=0.009376
2026-10-09 16:24:14   step 2000/2500: loss=0.003141
2026-10-09 16:24:41   step 2100/2500: loss=0.003493
2026-10-09 16:25:08   step 2200/2500: loss=0.009003
2026-10-09 16:25:35   step 2300/2500: loss=0.009171
2026-10-09 16:26:02   step 2400/2500: loss=0.010862
2026-10-09 16:26:43 [pjrt_ffi] RESIDENT: @resnet50in160_fwd_eval holds 267 parameter tensors (97.7 MB) on 4 devices; they stop crossing PCIe from here
2026-10-09 16:27:36 Epoch 30/100: loss=0.005789 lr=0.006709
2026-10-09 16:27:36   epoch 30: test_acc = 25763/50000 = 51.526000%  top5 = 37941/50000 = 75.882000%  [95% CI 51.09–51.96]
2026-10-09 16:27:41   ▸ shim respawn: producer 2 of 8 replaced after epoch 30 (generation 3, seed 27)
2026-10-09 16:27:42   step 0/2500: loss=0.011078
2026-10-09 16:27:42   step 1/2500: loss=0.008783
2026-10-09 16:27:44   step 2/2500: loss=0.003341
2026-10-09 16:28:12   step 100/2500: loss=0.009721
2026-10-09 16:28:39   step 200/2500: loss=0.008551
2026-10-09 16:29:08   step 300/2500: loss=0.003472
2026-10-09 16:29:36   step 400/2500: loss=0.003433
2026-10-09 16:30:04   step 500/2500: loss=0.009809
2026-10-09 16:30:32   step 600/2500: loss=0.008631
2026-10-09 16:31:00   step 700/2500: loss=0.003037
2026-10-09 16:31:29   step 800/2500: loss=0.003098
2026-10-09 16:31:56   step 900/2500: loss=0.008953
2026-10-09 16:32:24   step 1000/2500: loss=0.008911
2026-10-09 16:32:52   step 1100/2500: loss=0.003029
2026-10-09 16:33:20   step 1200/2500: loss=0.003021
2026-10-09 16:33:48   step 1300/2500: loss=0.003879
2026-10-09 16:34:17   step 1400/2500: loss=0.009101
2026-10-09 16:34:46   step 1500/2500: loss=0.003188
2026-10-09 16:35:15   step 1600/2500: loss=0.003150
2026-10-09 16:35:43   step 1700/2500: loss=0.009203
2026-10-09 16:36:11   step 1800/2500: loss=0.009308
2026-10-09 16:36:38   step 1900/2500: loss=0.002929
2026-10-09 16:37:05   step 2000/2500: loss=0.003090
2026-10-09 16:37:32   step 2100/2500: loss=0.008659
2026-10-09 16:37:59   step 2200/2500: loss=0.008511
2026-10-09 16:38:27   step 2300/2500: loss=0.003351
2026-10-09 16:38:55   step 2400/2500: loss=0.003164
2026-10-09 16:39:33 [pjrt_ffi] RESIDENT: @resnet50in160_fwd_eval holds 267 parameter tensors (97.7 MB) on 4 devices; they stop crossing PCIe from here
2026-10-09 16:40:29 Epoch 31/100: loss=0.005735 lr=0.006611
2026-10-09 16:40:29   epoch 31: test_acc = 25978/50000 = 51.956000%  top5 = 38009/50000 = 76.018000%  [95% CI 51.52–52.39]
2026-10-09 16:40:30   step 0/2500: loss=0.003283
2026-10-09 16:40:30   step 1/2500: loss=0.008775
2026-10-09 16:40:30   step 2/2500: loss=0.009175
2026-10-09 16:40:57   step 100/2500: loss=0.009504
2026-10-09 16:41:25   step 200/2500: loss=0.002903
2026-10-09 16:41:52   step 300/2500: loss=0.002940
2026-10-09 16:42:20   step 400/2500: loss=0.003186
2026-10-09 16:42:49   step 500/2500: loss=0.008905
2026-10-09 16:43:16   step 600/2500: loss=0.003341
2026-10-09 16:43:45   step 700/2500: loss=0.003050
2026-10-09 16:44:18   step 800/2500: loss=0.008875
2026-10-09 16:44:45   step 900/2500: loss=0.009096
2026-10-09 16:45:13   step 1000/2500: loss=0.010555
2026-10-09 16:45:40   step 1100/2500: loss=0.003171
2026-10-09 16:46:08   step 1200/2500: loss=0.009420
2026-10-09 16:46:35   step 1300/2500: loss=0.009105
2026-10-09 16:47:03   step 1400/2500: loss=0.003101
2026-10-09 16:47:31   step 1500/2500: loss=0.002504
2026-10-09 16:48:00   step 1600/2500: loss=0.009613
2026-10-09 16:48:29   step 1700/2500: loss=0.009181
2026-10-09 16:48:57   step 1800/2500: loss=0.003259
2026-10-09 16:49:24   step 1900/2500: loss=0.003137
2026-10-09 16:49:52   step 2000/2500: loss=0.009183
2026-10-09 16:50:20   step 2100/2500: loss=0.009298
2026-10-09 16:50:47   step 2200/2500: loss=0.003584
2026-10-09 16:51:15   step 2300/2500: loss=0.003093
2026-10-09 16:51:43   step 2400/2500: loss=0.003980
2026-10-09 16:52:21 [pjrt_ffi] RESIDENT: @resnet50in160_fwd_eval holds 267 parameter tensors (97.7 MB) on 4 devices; they stop crossing PCIe from here
2026-10-09 16:53:02 Epoch 32/100: loss=0.005811 lr=0.006509
2026-10-09 16:53:02   epoch 32: test_acc = 24738/50000 = 49.476000%  top5 = 36832/50000 = 73.664000%  [95% CI 49.04–49.91]
2026-10-09 16:53:03   step 0/2500: loss=0.009238
2026-10-09 16:53:03   step 1/2500: loss=0.003778
2026-10-09 16:53:03   step 2/2500: loss=0.008176
2026-10-09 16:53:30   step 100/2500: loss=0.002684
2026-10-09 16:53:58   step 200/2500: loss=0.010846
2026-10-09 16:54:26   step 300/2500: loss=0.008356
2026-10-09 16:54:54   step 400/2500: loss=0.009438
2026-10-09 16:55:22   step 500/2500: loss=0.003317
2026-10-09 16:55:50   step 600/2500: loss=0.003298
2026-10-09 16:56:17   step 700/2500: loss=0.003953
2026-10-09 16:56:45   step 800/2500: loss=0.003327
2026-10-09 16:57:12   step 900/2500: loss=0.010743
2026-10-09 16:57:40   step 1000/2500: loss=0.003042
2026-10-09 16:58:08   step 1100/2500: loss=0.003622
2026-10-09 16:58:36   step 1200/2500: loss=0.008723
2026-10-09 16:59:03   step 1300/2500: loss=0.002826
2026-10-09 16:59:31   step 1400/2500: loss=0.003441
2026-10-09 16:59:59   step 1500/2500: loss=0.003459
2026-10-09 17:00:26   step 1600/2500: loss=0.009339
2026-10-09 17:00:54   step 1700/2500: loss=0.010910
2026-10-09 17:01:21   step 1800/2500: loss=0.003730
2026-10-09 17:01:48   step 1900/2500: loss=0.009280
2026-10-09 17:02:16   step 2000/2500: loss=0.003492
2026-10-09 17:02:43   step 2100/2500: loss=0.002931
2026-10-09 17:03:10   step 2200/2500: loss=0.003145
2026-10-09 17:03:38   step 2300/2500: loss=0.003963
2026-10-09 17:04:05   step 2400/2500: loss=0.003085
2026-10-09 17:04:41 [pjrt_ffi] RESIDENT: @resnet50in160_fwd_eval holds 267 parameter tensors (97.7 MB) on 4 devices; they stop crossing PCIe from here
2026-10-09 17:05:33 Epoch 33/100: loss=0.005711 lr=0.006404
2026-10-09 17:05:33   epoch 33: test_acc = 25505/50000 = 51.010000%  top5 = 37672/50000 = 75.344000%  [95% CI 50.57–51.45]
2026-10-09 17:05:34   step 0/2500: loss=0.003564
2026-10-09 17:05:34   step 1/2500: loss=0.003474
2026-10-09 17:05:35   step 2/2500: loss=0.003458
2026-10-09 17:06:01   step 100/2500: loss=0.003686
2026-10-09 17:06:28   step 200/2500: loss=0.009245
2026-10-09 17:06:56   step 300/2500: loss=0.008644
2026-10-09 17:07:23   step 400/2500: loss=0.003379
2026-10-09 17:07:51   step 500/2500: loss=0.002881
2026-10-09 17:08:18   step 600/2500: loss=0.003583
2026-10-09 17:08:45   step 700/2500: loss=0.009701
2026-10-09 17:09:13   step 800/2500: loss=0.010708
2026-10-09 17:09:40   step 900/2500: loss=0.003120
2026-10-09 17:10:08   step 1000/2500: loss=0.008493
2026-10-09 17:10:35   step 1100/2500: loss=0.002980
2026-10-09 17:11:03   step 1200/2500: loss=0.002627
2026-10-09 17:11:31   step 1300/2500: loss=0.003120
2026-10-09 17:11:58   step 1400/2500: loss=0.008977
2026-10-09 17:12:26   step 1500/2500: loss=0.003798
2026-10-09 17:12:53   step 1600/2500: loss=0.010998
2026-10-09 17:13:21   step 1700/2500: loss=0.003340
2026-10-09 17:13:48   step 1800/2500: loss=0.003375
2026-10-09 17:14:16   step 1900/2500: loss=0.003634
2026-10-09 17:14:43   step 2000/2500: loss=0.002927
2026-10-09 17:15:11   step 2100/2500: loss=0.010662
2026-10-09 17:15:40   step 2200/2500: loss=0.009246
2026-10-09 17:16:08   step 2300/2500: loss=0.008918
2026-10-09 17:16:36   step 2400/2500: loss=0.003972
2026-10-09 17:17:15 [pjrt_ffi] RESIDENT: @resnet50in160_fwd_eval holds 267 parameter tensors (97.7 MB) on 4 devices; they stop crossing PCIe from here
2026-10-09 17:18:07 Epoch 34/100: loss=0.005684 lr=0.006297
2026-10-09 17:18:07   epoch 34: test_acc = 26912/50000 = 53.824000%  top5 = 38691/50000 = 77.382000%  [95% CI 53.39–54.26]
2026-10-09 17:18:07   step 0/2500: loss=0.002863
2026-10-09 17:18:08   step 1/2500: loss=0.008536
2026-10-09 17:18:08   step 2/2500: loss=0.003714
2026-10-09 17:18:35   step 100/2500: loss=0.003568
2026-10-09 17:19:03   step 200/2500: loss=0.002864
2026-10-09 17:19:31   step 300/2500: loss=0.010815
2026-10-09 17:19:58   step 400/2500: loss=0.002926
2026-10-09 17:20:25   step 500/2500: loss=0.009640
2026-10-09 17:20:53   step 600/2500: loss=0.009058
2026-10-09 17:21:20   step 700/2500: loss=0.003172
2026-10-09 17:21:47   step 800/2500: loss=0.010650
2026-10-09 17:22:14   step 900/2500: loss=0.004531
2026-10-09 17:22:42   step 1000/2500: loss=0.002645
2026-10-09 17:23:09   step 1100/2500: loss=0.003243
2026-10-09 17:23:36   step 1200/2500: loss=0.003461
2026-10-09 17:24:04   step 1300/2500: loss=0.008411
2026-10-09 17:24:31   step 1400/2500: loss=0.008700
2026-10-09 17:24:59   step 1500/2500: loss=0.003065
2026-10-09 17:25:26   step 1600/2500: loss=0.003382
2026-10-09 17:25:53   step 1700/2500: loss=0.003281
2026-10-09 17:26:20   step 1800/2500: loss=0.008940
2026-10-09 17:26:47   step 1900/2500: loss=0.010543
2026-10-09 17:27:14   step 2000/2500: loss=0.002964
2026-10-09 17:27:41   step 2100/2500: loss=0.003776
2026-10-09 17:28:09   step 2200/2500: loss=0.003160
2026-10-09 17:28:37   step 2300/2500: loss=0.002669
2026-10-09 17:29:05   step 2400/2500: loss=0.003123
2026-10-09 17:29:44 [pjrt_ffi] RESIDENT: @resnet50in160_fwd_eval holds 267 parameter tensors (97.7 MB) on 4 devices; they stop crossing PCIe from here
2026-10-09 17:30:44 Epoch 35/100: loss=0.005626 lr=0.006188
2026-10-09 17:30:44   epoch 35: test_acc = 20346/50000 = 40.692000%  top5 = 33374/50000 = 66.748000%  [95% CI 40.26–41.12]
2026-10-09 17:30:44   step 0/2500: loss=0.009131
2026-10-09 17:30:45   step 1/2500: loss=0.003346
2026-10-09 17:30:45   step 2/2500: loss=0.003489
2026-10-09 17:31:14   step 100/2500: loss=0.008344
2026-10-09 17:31:42   step 200/2500: loss=0.003049
2026-10-09 17:32:10   step 300/2500: loss=0.003220
2026-10-09 17:32:39   step 400/2500: loss=0.009130
2026-10-09 17:33:07   step 500/2500: loss=0.002995
2026-10-09 17:33:35   step 600/2500: loss=0.010830
2026-10-09 17:34:04   step 700/2500: loss=0.010870
2026-10-09 17:34:32   step 800/2500: loss=0.003164
2026-10-09 17:35:00   step 900/2500: loss=0.003295
2026-10-09 17:35:28   step 1000/2500: loss=0.003176
2026-10-09 17:35:56   step 1100/2500: loss=0.002920
2026-10-09 17:36:24   step 1200/2500: loss=0.003535
2026-10-09 17:36:52   step 1300/2500: loss=0.010057
2026-10-09 17:37:20   step 1400/2500: loss=0.002594
2026-10-09 17:37:48   step 1500/2500: loss=0.002708
2026-10-09 17:38:16   step 1600/2500: loss=0.008772
2026-10-09 17:38:44   step 1700/2500: loss=0.009023
2026-10-09 17:39:11   step 1800/2500: loss=0.003166
2026-10-09 17:39:39   step 1900/2500: loss=0.003143
2026-10-09 17:40:06   step 2000/2500: loss=0.008553
2026-10-09 17:40:33   step 2100/2500: loss=0.008201
2026-10-09 17:41:00   step 2200/2500: loss=0.003179
2026-10-09 17:41:28   step 2300/2500: loss=0.002964
2026-10-09 17:41:55   step 2400/2500: loss=0.008653
2026-10-09 17:42:33 [pjrt_ffi] RESIDENT: @resnet50in160_fwd_eval holds 267 parameter tensors (97.7 MB) on 4 devices; they stop crossing PCIe from here
2026-10-09 17:43:30 Epoch 36/100: loss=0.005510 lr=0.006076
2026-10-09 17:43:30   epoch 36: test_acc = 25981/50000 = 51.962000%  top5 = 37929/50000 = 75.858000%  [95% CI 51.52–52.40]
2026-10-09 17:43:31   step 0/2500: loss=0.008920
2026-10-09 17:43:31   step 1/2500: loss=0.002645
2026-10-09 17:43:31   step 2/2500: loss=0.008824
2026-10-09 17:43:58   step 100/2500: loss=0.002867
2026-10-09 17:44:26   step 200/2500: loss=0.011084
2026-10-09 17:44:53   step 300/2500: loss=0.008476
2026-10-09 17:45:21   step 400/2500: loss=0.002835
2026-10-09 17:45:49   step 500/2500: loss=0.002696
2026-10-09 17:46:17   step 600/2500: loss=0.003333
2026-10-09 17:46:44   step 700/2500: loss=0.008540
2026-10-09 17:47:12   step 800/2500: loss=0.008857
2026-10-09 17:47:40   step 900/2500: loss=0.003189
2026-10-09 17:48:08   step 1000/2500: loss=0.003051
2026-10-09 17:48:35   step 1100/2500: loss=0.008858
2026-10-09 17:49:03   step 1200/2500: loss=0.003172
2026-10-09 17:49:31   step 1300/2500: loss=0.002671
2026-10-09 17:49:58   step 1400/2500: loss=0.010959
2026-10-09 17:50:26   step 1500/2500: loss=0.008321
2026-10-09 17:50:54   step 1600/2500: loss=0.004278
2026-10-09 17:51:22   step 1700/2500: loss=0.002987
2026-10-09 17:51:49   step 1800/2500: loss=0.003008
2026-10-09 17:52:17   step 1900/2500: loss=0.003049
2026-10-09 17:52:45   step 2000/2500: loss=0.009939
2026-10-09 17:53:12   step 2100/2500: loss=0.003161
2026-10-09 17:53:40   step 2200/2500: loss=0.002894
2026-10-09 17:54:07   step 2300/2500: loss=0.008904
2026-10-09 17:54:34   step 2400/2500: loss=0.008811
2026-10-09 17:55:13 [pjrt_ffi] RESIDENT: @resnet50in160_fwd_eval holds 267 parameter tensors (97.7 MB) on 4 devices; they stop crossing PCIe from here
2026-10-09 17:56:05 Epoch 37/100: loss=0.005622 lr=0.005962
2026-10-09 17:56:05   epoch 37: test_acc = 26967/50000 = 53.934000%  top5 = 39012/50000 = 78.024000%  [95% CI 53.50–54.37]
2026-10-09 17:56:05   step 0/2500: loss=0.002870
2026-10-09 17:56:05   step 1/2500: loss=0.002985
2026-10-09 17:56:06   step 2/2500: loss=0.002967
2026-10-09 17:56:33   step 100/2500: loss=0.011094
2026-10-09 17:57:00   step 200/2500: loss=0.010386
2026-10-09 17:57:28   step 300/2500: loss=0.002992
2026-10-09 17:57:56   step 400/2500: loss=0.002489
2026-10-09 17:58:24   step 500/2500: loss=0.003494
2026-10-09 17:58:52   step 600/2500: loss=0.008923
2026-10-09 17:59:20   step 700/2500: loss=0.003108
2026-10-09 17:59:48   step 800/2500: loss=0.003173
2026-10-09 18:00:16   step 900/2500: loss=0.002573
2026-10-09 18:00:45   step 1000/2500: loss=0.009060
2026-10-09 18:01:12   step 1100/2500: loss=0.003252
2026-10-09 18:01:41   step 1200/2500: loss=0.011047
2026-10-09 18:02:10   step 1300/2500: loss=0.010790
2026-10-09 18:02:38   step 1400/2500: loss=0.003559
2026-10-09 18:03:07   step 1500/2500: loss=0.008500
2026-10-09 18:03:36   step 1600/2500: loss=0.003244
2026-10-09 18:04:04   step 1700/2500: loss=0.003118
2026-10-09 18:04:33   step 1800/2500: loss=0.008897
2026-10-09 18:05:01   step 1900/2500: loss=0.008708
2026-10-09 18:05:30   step 2000/2500: loss=0.003115
2026-10-09 18:05:58   step 2100/2500: loss=0.003152
2026-10-09 18:06:27   step 2200/2500: loss=0.002926
2026-10-09 18:06:55   step 2300/2500: loss=0.008856
2026-10-09 18:07:24   step 2400/2500: loss=0.003007
2026-10-09 18:08:05 [pjrt_ffi] RESIDENT: @resnet50in160_fwd_eval holds 267 parameter tensors (97.7 MB) on 4 devices; they stop crossing PCIe from here
2026-10-09 18:08:56 Epoch 38/100: loss=0.005464 lr=0.005846
2026-10-09 18:08:56   epoch 38: test_acc = 24619/50000 = 49.238000%  top5 = 36498/50000 = 72.996000%  [95% CI 48.80–49.68]
2026-10-09 18:08:57   step 0/2500: loss=0.003900
2026-10-09 18:08:57   step 1/2500: loss=0.008877
2026-10-09 18:08:57   step 2/2500: loss=0.011042
2026-10-09 18:09:25   step 100/2500: loss=0.008255
2026-10-09 18:09:52   step 200/2500: loss=0.007982
2026-10-09 18:10:20   step 300/2500: loss=0.002679
2026-10-09 18:10:48   step 400/2500: loss=0.003103
2026-10-09 18:11:16   step 500/2500: loss=0.002943
2026-10-09 18:11:44   step 600/2500: loss=0.008882
2026-10-09 18:12:12   step 700/2500: loss=0.002738
2026-10-09 18:12:40   step 800/2500: loss=0.010909
2026-10-09 18:13:08   step 900/2500: loss=0.009269
2026-10-09 18:13:36   step 1000/2500: loss=0.003046
2026-10-09 18:14:04   step 1100/2500: loss=0.002932
2026-10-09 18:14:32   step 1200/2500: loss=0.002888
2026-10-09 18:15:01   step 1300/2500: loss=0.003824
2026-10-09 18:15:29   step 1400/2500: loss=0.009082
2026-10-09 18:15:58   step 1500/2500: loss=0.011065
2026-10-09 18:16:26   step 1600/2500: loss=0.003048
2026-10-09 18:16:55   step 1700/2500: loss=0.003779
2026-10-09 18:17:23   step 1800/2500: loss=0.008528
2026-10-09 18:17:50   step 1900/2500: loss=0.002401
2026-10-09 18:18:18   step 2000/2500: loss=0.003224
2026-10-09 18:18:45   step 2100/2500: loss=0.009526
2026-10-09 18:19:13   step 2200/2500: loss=0.002803
2026-10-09 18:19:40   step 2300/2500: loss=0.002592
2026-10-09 18:20:10   step 2400/2500: loss=0.003685
2026-10-09 18:20:48 [pjrt_ffi] RESIDENT: @resnet50in160_fwd_eval holds 267 parameter tensors (97.7 MB) on 4 devices; they stop crossing PCIe from here
2026-10-09 18:21:33 Epoch 39/100: loss=0.005461 lr=0.005727
2026-10-09 18:21:33   epoch 39: test_acc = 28532/50000 = 57.064000%  top5 = 40341/50000 = 80.682000%  [95% CI 56.63–57.50]
2026-10-09 18:21:33   step 0/2500: loss=0.003020
2026-10-09 18:21:34   step 1/2500: loss=0.008830
2026-10-09 18:21:34   step 2/2500: loss=0.002735
2026-10-09 18:22:01   step 100/2500: loss=0.008749
2026-10-09 18:22:28   step 200/2500: loss=0.002774
2026-10-09 18:22:56   step 300/2500: loss=0.010904
2026-10-09 18:23:23   step 400/2500: loss=0.003433
2026-10-09 18:23:51   step 500/2500: loss=0.008604
2026-10-09 18:24:19   step 600/2500: loss=0.010367
2026-10-09 18:24:47   step 700/2500: loss=0.003098
2026-10-09 18:25:14   step 800/2500: loss=0.008264
2026-10-09 18:25:42   step 900/2500: loss=0.003008
2026-10-09 18:26:09   step 1000/2500: loss=0.002634
2026-10-09 18:26:37   step 1100/2500: loss=0.003784
2026-10-09 18:27:05   step 1200/2500: loss=0.008942
2026-10-09 18:27:32   step 1300/2500: loss=0.008643
2026-10-09 18:28:00   step 1400/2500: loss=0.003400
2026-10-09 18:28:27   step 1500/2500: loss=0.002677
2026-10-09 18:28:55   step 1600/2500: loss=0.002779
2026-10-09 18:29:23   step 1700/2500: loss=0.008252
2026-10-09 18:29:51   step 1800/2500: loss=0.002969
2026-10-09 18:30:19   step 1900/2500: loss=0.010881
2026-10-09 18:30:46   step 2000/2500: loss=0.008772
2026-10-09 18:31:14   step 2100/2500: loss=0.009273
2026-10-09 18:31:42   step 2200/2500: loss=0.003078
2026-10-09 18:32:09   step 2300/2500: loss=0.002930
2026-10-09 18:32:37   step 2400/2500: loss=0.003210
2026-10-09 18:33:16 [pjrt_ffi] RESIDENT: @resnet50in160_fwd_eval holds 267 parameter tensors (97.7 MB) on 4 devices; they stop crossing PCIe from here
2026-10-09 18:34:14 Epoch 40/100: loss=0.005440 lr=0.005607
2026-10-09 18:34:14   epoch 40: test_acc = 27261/50000 = 54.522000%  top5 = 39338/50000 = 78.676000%  [95% CI 54.09–54.96]
2026-10-09 18:34:19   ▸ shim respawn: producer 3 of 8 replaced after epoch 40 (generation 4, seed 36)
2026-10-09 18:34:19   step 0/2500: loss=0.008997
2026-10-09 18:34:19   step 1/2500: loss=0.003597
2026-10-09 18:34:20   step 2/2500: loss=0.008583
2026-10-09 18:34:49   step 100/2500: loss=0.003463
2026-10-09 18:35:17   step 200/2500: loss=0.003313
2026-10-09 18:35:45   step 300/2500: loss=0.003302
2026-10-09 18:36:13   step 400/2500: loss=0.009752
2026-10-09 18:36:41   step 500/2500: loss=0.002703
2026-10-09 18:37:10   step 600/2500: loss=0.003372
2026-10-09 18:37:38   step 700/2500: loss=0.003120
2026-10-09 18:38:07   step 800/2500: loss=0.003696
2026-10-09 18:38:35   step 900/2500: loss=0.002921
2026-10-09 18:39:03   step 1000/2500: loss=0.002837
2026-10-09 18:39:32   step 1100/2500: loss=0.003265
2026-10-09 18:40:01   step 1200/2500: loss=0.008971
2026-10-09 18:40:29   step 1300/2500: loss=0.002720
2026-10-09 18:40:57   step 1400/2500: loss=0.002644
2026-10-09 18:41:25   step 1500/2500: loss=0.002840
2026-10-09 18:41:53   step 1600/2500: loss=0.003923
2026-10-09 18:42:21   step 1700/2500: loss=0.002998
2026-10-09 18:42:49   step 1800/2500: loss=0.003054
2026-10-09 18:43:17   step 1900/2500: loss=0.008210
2026-10-09 18:43:45   step 2000/2500: loss=0.008278
2026-10-09 18:44:13   step 2100/2500: loss=0.003220
2026-10-09 18:44:41   step 2200/2500: loss=0.002946
2026-10-09 18:45:09   step 2300/2500: loss=0.009055
2026-10-09 18:45:38   step 2400/2500: loss=0.007924
2026-10-09 18:46:17 [pjrt_ffi] RESIDENT: @resnet50in160_fwd_eval holds 267 parameter tensors (97.7 MB) on 4 devices; they stop crossing PCIe from here
2026-10-09 18:47:14 Epoch 41/100: loss=0.005410 lr=0.005485
2026-10-09 18:47:14   epoch 41: test_acc = 26910/50000 = 53.820000%  top5 = 38815/50000 = 77.630000%  [95% CI 53.38–54.26]
2026-10-09 18:47:14   step 0/2500: loss=0.003273
2026-10-09 18:47:14   step 1/2500: loss=0.002872
2026-10-09 18:47:15   step 2/2500: loss=0.002814
2026-10-09 18:47:42   step 100/2500: loss=0.002888
2026-10-09 18:48:10   step 200/2500: loss=0.008378
2026-10-09 18:48:38   step 300/2500: loss=0.008261
2026-10-09 18:49:07   step 400/2500: loss=0.002687
2026-10-09 18:49:34   step 500/2500: loss=0.010636
2026-10-09 18:50:02   step 600/2500: loss=0.009276
2026-10-09 18:50:30   step 700/2500: loss=0.007766
2026-10-09 18:50:58   step 800/2500: loss=0.003351
2026-10-09 18:51:26   step 900/2500: loss=0.002972
2026-10-09 18:51:54   step 1000/2500: loss=0.008465
2026-10-09 18:52:22   step 1100/2500: loss=0.008359
2026-10-09 18:52:50   step 1200/2500: loss=0.003084
2026-10-09 18:53:18   step 1300/2500: loss=0.002892
2026-10-09 18:53:46   step 1400/2500: loss=0.009090
2026-10-09 18:54:14   step 1500/2500: loss=0.009170
2026-10-09 18:54:43   step 1600/2500: loss=0.002726
2026-10-09 18:55:11   step 1700/2500: loss=0.002863
2026-10-09 18:55:39   step 1800/2500: loss=0.008820
2026-10-09 18:56:07   step 1900/2500: loss=0.002639
2026-10-09 18:56:35   step 2000/2500: loss=0.003249
2026-10-09 18:57:04   step 2100/2500: loss=0.002468
2026-10-09 18:57:32   step 2200/2500: loss=0.008474
2026-10-09 18:58:01   step 2300/2500: loss=0.004276
2026-10-09 18:58:29   step 2400/2500: loss=0.002552
2026-10-09 18:59:07 [pjrt_ffi] RESIDENT: @resnet50in160_fwd_eval holds 267 parameter tensors (97.7 MB) on 4 devices; they stop crossing PCIe from here
2026-10-09 18:59:51 Epoch 42/100: loss=0.005372 lr=0.005361
2026-10-09 18:59:51   epoch 42: test_acc = 28730/50000 = 57.460000%  top5 = 40265/50000 = 80.530000%  [95% CI 57.03–57.89]
2026-10-09 18:59:51   step 0/2500: loss=0.002478
2026-10-09 18:59:51   step 1/2500: loss=0.003136
2026-10-09 18:59:52   step 2/2500: loss=0.002943
2026-10-09 19:00:19   step 100/2500: loss=0.003904
2026-10-09 19:00:47   step 200/2500: loss=0.008897
2026-10-09 19:01:14   step 300/2500: loss=0.002683
2026-10-09 19:01:42   step 400/2500: loss=0.002470
2026-10-09 19:02:10   step 500/2500: loss=0.009003
2026-10-09 19:02:38   step 600/2500: loss=0.008892
2026-10-09 19:03:06   step 700/2500: loss=0.003444
2026-10-09 19:03:34   step 800/2500: loss=0.002757
2026-10-09 19:04:02   step 900/2500: loss=0.007814
2026-10-09 19:04:29   step 1000/2500: loss=0.008769
2026-10-09 19:04:57   step 1100/2500: loss=0.002704
2026-10-09 19:05:26   step 1200/2500: loss=0.003195
2026-10-09 19:05:54   step 1300/2500: loss=0.003007
2026-10-09 19:06:22   step 1400/2500: loss=0.003519
2026-10-09 19:06:50   step 1500/2500: loss=0.002731
2026-10-09 19:07:18   step 1600/2500: loss=0.002996
2026-10-09 19:07:46   step 1700/2500: loss=0.002779
2026-10-09 19:08:13   step 1800/2500: loss=0.008790
2026-10-09 19:08:40   step 1900/2500: loss=0.002843
2026-10-09 19:09:08   step 2000/2500: loss=0.003861
2026-10-09 19:09:35   step 2100/2500: loss=0.008169
2026-10-09 19:10:03   step 2200/2500: loss=0.002713
2026-10-09 19:10:30   step 2300/2500: loss=0.002851
2026-10-09 19:10:58   step 2400/2500: loss=0.002580
2026-10-09 19:11:35 [pjrt_ffi] RESIDENT: @resnet50in160_fwd_eval holds 267 parameter tensors (97.7 MB) on 4 devices; they stop crossing PCIe from here
2026-10-09 19:12:25 Epoch 43/100: loss=0.005341 lr=0.005236
2026-10-09 19:12:25   epoch 43: test_acc = 28342/50000 = 56.684000%  top5 = 40147/50000 = 80.294000%  [95% CI 56.25–57.12]
2026-10-09 19:12:26   step 0/2500: loss=0.008304
2026-10-09 19:12:26   step 1/2500: loss=0.009564
2026-10-09 19:12:26   step 2/2500: loss=0.008441
2026-10-09 19:12:54   step 100/2500: loss=0.007816
2026-10-09 19:13:22   step 200/2500: loss=0.003047
2026-10-09 19:13:49   step 300/2500: loss=0.002920
2026-10-09 19:14:17   step 400/2500: loss=0.008805
2026-10-09 19:14:44   step 500/2500: loss=0.009285
2026-10-09 19:15:12   step 600/2500: loss=0.002684
2026-10-09 19:15:39   step 700/2500: loss=0.003011
2026-10-09 19:16:07   step 800/2500: loss=0.008235
2026-10-09 19:16:34   step 900/2500: loss=0.008526
2026-10-09 19:17:02   step 1000/2500: loss=0.002747
2026-10-09 19:17:30   step 1100/2500: loss=0.003068
2026-10-09 19:17:58   step 1200/2500: loss=0.003055
2026-10-09 19:18:26   step 1300/2500: loss=0.003421
2026-10-09 19:18:54   step 1400/2500: loss=0.003822
2026-10-09 19:19:23   step 1500/2500: loss=0.002855
2026-10-09 19:19:52   step 1600/2500: loss=0.002864
2026-10-09 19:20:21   step 1700/2500: loss=0.008686
2026-10-09 19:20:51   step 1800/2500: loss=0.002454
2026-10-09 19:21:20   step 1900/2500: loss=0.002447
2026-10-09 19:21:49   step 2000/2500: loss=0.008855
2026-10-09 19:22:18   step 2100/2500: loss=0.003461
2026-10-09 19:22:48   step 2200/2500: loss=0.010757
2026-10-09 19:23:18   step 2300/2500: loss=0.002815
2026-10-09 19:23:47   step 2400/2500: loss=0.008896
2026-10-09 19:24:28 [pjrt_ffi] RESIDENT: @resnet50in160_fwd_eval holds 267 parameter tensors (97.7 MB) on 4 devices; they stop crossing PCIe from here
2026-10-09 19:25:20 Epoch 44/100: loss=0.005291 lr=0.005110
2026-10-09 19:25:20   epoch 44: test_acc = 29794/50000 = 59.588000%  top5 = 41171/50000 = 82.342000%  [95% CI 59.16–60.02]
2026-10-09 19:25:21   step 0/2500: loss=0.004017
2026-10-09 19:25:21   step 1/2500: loss=0.002969
2026-10-09 19:25:22   step 2/2500: loss=0.003191
2026-10-09 19:25:49   step 100/2500: loss=0.003448
2026-10-09 19:26:16   step 200/2500: loss=0.003086
2026-10-09 19:26:44   step 300/2500: loss=0.008663
2026-10-09 19:27:12   step 400/2500: loss=0.009081
2026-10-09 19:27:39   step 500/2500: loss=0.002693
2026-10-09 19:28:06   step 600/2500: loss=0.002788
2026-10-09 19:28:34   step 700/2500: loss=0.010657
2026-10-09 19:29:01   step 800/2500: loss=0.008160
2026-10-09 19:29:28   step 900/2500: loss=0.002740
2026-10-09 19:29:56   step 1000/2500: loss=0.002976
2026-10-09 19:30:24   step 1100/2500: loss=0.008570
2026-10-09 19:30:51   step 1200/2500: loss=0.008756
2026-10-09 19:31:19   step 1300/2500: loss=0.003053
2026-10-09 19:31:46   step 1400/2500: loss=0.002796
2026-10-09 19:32:13   step 1500/2500: loss=0.008597
2026-10-09 19:32:41   step 1600/2500: loss=0.008224
2026-10-09 19:33:08   step 1700/2500: loss=0.002763
2026-10-09 19:33:35   step 1800/2500: loss=0.003203
2026-10-09 19:34:03   step 1900/2500: loss=0.003247
2026-10-09 19:34:31   step 2000/2500: loss=0.008476
2026-10-09 19:34:58   step 2100/2500: loss=0.002777
2026-10-09 19:35:26   step 2200/2500: loss=0.003016
2026-10-09 19:35:54   step 2300/2500: loss=0.003899
2026-10-09 19:36:21   step 2400/2500: loss=0.008247
2026-10-09 19:37:01 [pjrt_ffi] RESIDENT: @resnet50in160_fwd_eval holds 267 parameter tensors (97.7 MB) on 4 devices; they stop crossing PCIe from here
2026-10-09 19:37:57 Epoch 45/100: loss=0.005255 lr=0.004982
2026-10-09 19:37:57   epoch 45: test_acc = 30735/50000 = 61.470000%  top5 = 42072/50000 = 84.144000%  [95% CI 61.04–61.90]
2026-10-09 19:37:57   step 0/2500: loss=0.010607
2026-10-09 19:37:58   step 1/2500: loss=0.002926
2026-10-09 19:37:58   step 2/2500: loss=0.010679
2026-10-09 19:38:24   step 100/2500: loss=0.002470
2026-10-09 19:38:52   step 200/2500: loss=0.007621
2026-10-09 19:39:19   step 300/2500: loss=0.009106
2026-10-09 19:39:46   step 400/2500: loss=0.010472
2026-10-09 19:40:14   step 500/2500: loss=0.002916
2026-10-09 19:40:43   step 600/2500: loss=0.008682
2026-10-09 19:41:10   step 700/2500: loss=0.003087
2026-10-09 19:41:39   step 800/2500: loss=0.002789
2026-10-09 19:42:06   step 900/2500: loss=0.002735
2026-10-09 19:42:33   step 1000/2500: loss=0.003488
2026-10-09 19:43:01   step 1100/2500: loss=0.008600
2026-10-09 19:43:29   step 1200/2500: loss=0.002797
2026-10-09 19:43:56   step 1300/2500: loss=0.002965
2026-10-09 19:44:24   step 1400/2500: loss=0.002825
2026-10-09 19:44:51   step 1500/2500: loss=0.008381
2026-10-09 19:45:19   step 1600/2500: loss=0.002742
2026-10-09 19:45:46   step 1700/2500: loss=0.003580
2026-10-09 19:46:14   step 1800/2500: loss=0.008357
2026-10-09 19:46:41   step 1900/2500: loss=0.008471
2026-10-09 19:47:09   step 2000/2500: loss=0.002827
2026-10-09 19:47:36   step 2100/2500: loss=0.003042
2026-10-09 19:48:04   step 2200/2500: loss=0.008627
2026-10-09 19:48:31   step 2300/2500: loss=0.008405
2026-10-09 19:48:59   step 2400/2500: loss=0.003135
2026-10-09 19:49:37 [pjrt_ffi] RESIDENT: @resnet50in160_fwd_eval holds 267 parameter tensors (97.7 MB) on 4 devices; they stop crossing PCIe from here
2026-10-09 19:50:36 Epoch 46/100: loss=0.005245 lr=0.004853
2026-10-09 19:50:36   epoch 46: test_acc = 30321/50000 = 60.642000%  top5 = 41542/50000 = 83.084000%  [95% CI 60.21–61.07]
2026-10-09 19:50:37   step 0/2500: loss=0.010136
2026-10-09 19:50:37   step 1/2500: loss=0.002429
2026-10-09 19:50:37   step 2/2500: loss=0.002862
2026-10-09 19:51:04   step 100/2500: loss=0.008897
2026-10-09 19:51:31   step 200/2500: loss=0.008537
2026-10-09 19:51:58   step 300/2500: loss=0.002206
2026-10-09 19:52:25   step 400/2500: loss=0.003006
2026-10-09 19:52:52   step 500/2500: loss=0.003517
2026-10-09 19:53:20   step 600/2500: loss=0.008682
2026-10-09 19:53:47   step 700/2500: loss=0.002786
2026-10-09 19:54:14   step 800/2500: loss=0.003024
2026-10-09 19:54:41   step 900/2500: loss=0.008148
2026-10-09 19:55:08   step 1000/2500: loss=0.007985
2026-10-09 19:55:35   step 1100/2500: loss=0.002837
2026-10-09 19:56:02   step 1200/2500: loss=0.003561
2026-10-09 19:56:30   step 1300/2500: loss=0.008984
2026-10-09 19:56:58   step 1400/2500: loss=0.002603
2026-10-09 19:57:25   step 1500/2500: loss=0.010555
2026-10-09 19:57:53   step 1600/2500: loss=0.003397
2026-10-09 19:58:21   step 1700/2500: loss=0.007719
2026-10-09 19:58:48   step 1800/2500: loss=0.008918
2026-10-09 19:59:16   step 1900/2500: loss=0.010503
2026-10-09 19:59:43   step 2000/2500: loss=0.002624
2026-10-09 20:00:10   step 2100/2500: loss=0.008636
2026-10-09 20:00:37   step 2200/2500: loss=0.008242
2026-10-09 20:01:04   step 2300/2500: loss=0.002612
2026-10-09 20:01:31   step 2400/2500: loss=0.002694
2026-10-09 20:02:09 [pjrt_ffi] RESIDENT: @resnet50in160_fwd_eval holds 267 parameter tensors (97.7 MB) on 4 devices; they stop crossing PCIe from here
2026-10-09 20:03:05 Epoch 47/100: loss=0.005262 lr=0.004724
2026-10-09 20:03:05   epoch 47: test_acc = 30822/50000 = 61.644000%  top5 = 41930/50000 = 83.860000%  [95% CI 61.22–62.07]
2026-10-09 20:03:06   step 0/2500: loss=0.003113
2026-10-09 20:03:06   step 1/2500: loss=0.003014
2026-10-09 20:03:06   step 2/2500: loss=0.002459
2026-10-09 20:03:33   step 100/2500: loss=0.008456
2026-10-09 20:04:00   step 200/2500: loss=0.002858
2026-10-09 20:04:27   step 300/2500: loss=0.002553
2026-10-09 20:04:54   step 400/2500: loss=0.003303
2026-10-09 20:05:22   step 500/2500: loss=0.008679
2026-10-09 20:05:49   step 600/2500: loss=0.003062
2026-10-09 20:06:16   step 700/2500: loss=0.002939
2026-10-09 20:06:43   step 800/2500: loss=0.002680
2026-10-09 20:07:10   step 900/2500: loss=0.008437
2026-10-09 20:07:37   step 1000/2500: loss=0.002614
2026-10-09 20:08:04   step 1100/2500: loss=0.002985
2026-10-09 20:08:32   step 1200/2500: loss=0.002925
2026-10-09 20:08:59   step 1300/2500: loss=0.008564
2026-10-09 20:09:26   step 1400/2500: loss=0.002555
2026-10-09 20:09:52   step 1500/2500: loss=0.002735
2026-10-09 20:10:20   step 1600/2500: loss=0.007510
2026-10-09 20:10:47   step 1700/2500: loss=0.007718
2026-10-09 20:11:14   step 1800/2500: loss=0.002593
2026-10-09 20:11:42   step 1900/2500: loss=0.002672
2026-10-09 20:12:09   step 2000/2500: loss=0.003158
2026-10-09 20:12:36   step 2100/2500: loss=0.008213
2026-10-09 20:13:03   step 2200/2500: loss=0.002823
2026-10-09 20:13:31   step 2300/2500: loss=0.002637
2026-10-09 20:13:59   step 2400/2500: loss=0.002993
2026-10-09 20:14:36 [pjrt_ffi] RESIDENT: @resnet50in160_fwd_eval holds 267 parameter tensors (97.7 MB) on 4 devices; they stop crossing PCIe from here
2026-10-09 20:15:28 Epoch 48/100: loss=0.005077 lr=0.004593
2026-10-09 20:15:28   epoch 48: test_acc = 31110/50000 = 62.220000%  top5 = 42127/50000 = 84.254000%  [95% CI 61.79–62.64]
2026-10-09 20:15:28   step 0/2500: loss=0.009039
2026-10-09 20:15:29   step 1/2500: loss=0.002742
2026-10-09 20:15:29   step 2/2500: loss=0.002988
2026-10-09 20:15:56   step 100/2500: loss=0.002618
2026-10-09 20:16:22   step 200/2500: loss=0.002942
2026-10-09 20:16:50   step 300/2500: loss=0.007954
2026-10-09 20:17:17   step 400/2500: loss=0.007593
2026-10-09 20:17:45   step 500/2500: loss=0.003020
2026-10-09 20:18:12   step 600/2500: loss=0.002519
2026-10-09 20:18:40   step 700/2500: loss=0.008260
2026-10-09 20:19:08   step 800/2500: loss=0.008155
2026-10-09 20:19:35   step 900/2500: loss=0.010062
2026-10-09 20:20:03   step 1000/2500: loss=0.002764
2026-10-09 20:20:32   step 1100/2500: loss=0.007303
2026-10-09 20:20:59   step 1200/2500: loss=0.003190
2026-10-09 20:21:28   step 1300/2500: loss=0.002328
2026-10-09 20:21:56   step 1400/2500: loss=0.002524
2026-10-09 20:22:24   step 1500/2500: loss=0.002513
2026-10-09 20:22:53   step 1600/2500: loss=0.008107
2026-10-09 20:23:21   step 1700/2500: loss=0.002477
2026-10-09 20:23:49   step 1800/2500: loss=0.002736
2026-10-09 20:24:18   step 1900/2500: loss=0.002488
2026-10-09 20:24:46   step 2000/2500: loss=0.008524
2026-10-09 20:25:15   step 2100/2500: loss=0.002615
2026-10-09 20:25:43   step 2200/2500: loss=0.002682
2026-10-09 20:26:12   step 2300/2500: loss=0.007798
2026-10-09 20:26:40   step 2400/2500: loss=0.007988
2026-10-09 20:27:19 [pjrt_ffi] RESIDENT: @resnet50in160_fwd_eval holds 267 parameter tensors (97.7 MB) on 4 devices; they stop crossing PCIe from here
2026-10-09 20:28:07 Epoch 49/100: loss=0.005053 lr=0.004462
2026-10-09 20:28:07   epoch 49: test_acc = 31112/50000 = 62.224000%  top5 = 42180/50000 = 84.360000%  [95% CI 61.80–62.65]
2026-10-09 20:28:07   step 0/2500: loss=0.002714
2026-10-09 20:28:08   step 1/2500: loss=0.002689
2026-10-09 20:28:08   step 2/2500: loss=0.009884
2026-10-09 20:28:35   step 100/2500: loss=0.002796
2026-10-09 20:29:02   step 200/2500: loss=0.003013
2026-10-09 20:29:29   step 300/2500: loss=0.008465
2026-10-09 20:29:57   step 400/2500: loss=0.002535
2026-10-09 20:30:24   step 500/2500: loss=0.010499
2026-10-09 20:30:51   step 600/2500: loss=0.007977
2026-10-09 20:31:18   step 700/2500: loss=0.008193
2026-10-09 20:31:45   step 800/2500: loss=0.002385
2026-10-09 20:32:12   step 900/2500: loss=0.002674
2026-10-09 20:32:40   step 1000/2500: loss=0.008681
2026-10-09 20:33:07   step 1100/2500: loss=0.003087
2026-10-09 20:33:35   step 1200/2500: loss=0.002585
2026-10-09 20:34:03   step 1300/2500: loss=0.002764
2026-10-09 20:34:32   step 1400/2500: loss=0.007968
2026-10-09 20:35:00   step 1500/2500: loss=0.002927
2026-10-09 20:35:28   step 1600/2500: loss=0.002487
2026-10-09 20:35:57   step 1700/2500: loss=0.003636
2026-10-09 20:36:24   step 1800/2500: loss=0.008024
2026-10-09 20:36:52   step 1900/2500: loss=0.007496
2026-10-09 20:37:20   step 2000/2500: loss=0.010976
2026-10-09 20:37:48   step 2100/2500: loss=0.002912
2026-10-09 20:38:16   step 2200/2500: loss=0.004089
2026-10-09 20:38:43   step 2300/2500: loss=0.002951
2026-10-09 20:39:11   step 2400/2500: loss=0.002940
2026-10-09 20:39:48 [pjrt_ffi] RESIDENT: @resnet50in160_fwd_eval holds 267 parameter tensors (97.7 MB) on 4 devices; they stop crossing PCIe from here
2026-10-09 20:40:32 Epoch 50/100: loss=0.005077 lr=0.004331
2026-10-09 20:40:32   epoch 50: test_acc = 31639/50000 = 63.278000%  top5 = 42498/50000 = 84.996000%  [95% CI 62.85–63.70]
2026-10-09 20:40:37   ▸ shim respawn: producer 4 of 8 replaced after epoch 50 (generation 5, seed 45)
2026-10-09 20:40:37   step 0/2500: loss=0.002510
2026-10-09 20:40:38   step 1/2500: loss=0.007827
2026-10-09 20:40:38   step 2/2500: loss=0.002671
2026-10-09 20:41:07   step 100/2500: loss=0.010035
2026-10-09 20:41:34   step 200/2500: loss=0.007735
2026-10-09 20:42:02   step 300/2500: loss=0.002630
2026-10-09 20:42:29   step 400/2500: loss=0.002761
2026-10-09 20:42:56   step 500/2500: loss=0.002800
2026-10-09 20:43:24   step 600/2500: loss=0.008791
2026-10-09 20:43:51   step 700/2500: loss=0.007905
2026-10-09 20:44:18   step 800/2500: loss=0.002408
2026-10-09 20:44:45   step 900/2500: loss=0.004171
2026-10-09 20:45:13   step 1000/2500: loss=0.008825
2026-10-09 20:45:40   step 1100/2500: loss=0.008083
2026-10-09 20:46:08   step 1200/2500: loss=0.002432
2026-10-09 20:46:36   step 1300/2500: loss=0.002847
2026-10-09 20:47:04   step 1400/2500: loss=0.008278
2026-10-09 20:47:31   step 1500/2500: loss=0.008345
2026-10-09 20:47:59   step 1600/2500: loss=0.010734
2026-10-09 20:48:27   step 1700/2500: loss=0.002758
2026-10-09 20:48:55   step 1800/2500: loss=0.007800
2026-10-09 20:49:22   step 1900/2500: loss=0.003469
2026-10-09 20:49:51   step 2000/2500: loss=0.002522
2026-10-09 20:50:19   step 2100/2500: loss=0.003034
2026-10-09 20:50:47   step 2200/2500: loss=0.003047
2026-10-09 20:51:16   step 2300/2500: loss=0.008466
2026-10-09 20:51:45   step 2400/2500: loss=0.010627
2026-10-09 20:52:26 [pjrt_ffi] RESIDENT: @resnet50in160_fwd_eval holds 267 parameter tensors (97.7 MB) on 4 devices; they stop crossing PCIe from here
2026-10-09 20:53:15 Epoch 51/100: loss=0.005045 lr=0.004199
2026-10-09 20:53:15   epoch 51: test_acc = 32162/50000 = 64.324000%  top5 = 43018/50000 = 86.036000%  [95% CI 63.90–64.74]
2026-10-09 20:53:15   step 0/2500: loss=0.002333
2026-10-09 20:53:16   step 1/2500: loss=0.007951
2026-10-09 20:53:16   step 2/2500: loss=0.002870
2026-10-09 20:53:43   step 100/2500: loss=0.007881
2026-10-09 20:54:11   step 200/2500: loss=0.002852
2026-10-09 20:54:38   step 300/2500: loss=0.002690
2026-10-09 20:55:06   step 400/2500: loss=0.002779
2026-10-09 20:55:33   step 500/2500: loss=0.008274
2026-10-09 20:56:01   step 600/2500: loss=0.008092
2026-10-09 20:56:28   step 700/2500: loss=0.002679
2026-10-09 20:56:56   step 800/2500: loss=0.003013
2026-10-09 20:57:23   step 900/2500: loss=0.008394
2026-10-09 20:57:51   step 1000/2500: loss=0.007780
2026-10-09 20:58:18   step 1100/2500: loss=0.002614
2026-10-09 20:58:46   step 1200/2500: loss=0.009993
2026-10-09 20:59:14   step 1300/2500: loss=0.002975
2026-10-09 20:59:42   step 1400/2500: loss=0.002789
2026-10-09 21:00:11   step 1500/2500: loss=0.002662
2026-10-09 21:00:39   step 1600/2500: loss=0.002593
2026-10-09 21:01:07   step 1700/2500: loss=0.007671
2026-10-09 21:01:35   step 1800/2500: loss=0.002940
2026-10-09 21:02:03   step 1900/2500: loss=0.002009
2026-10-09 21:02:31   step 2000/2500: loss=0.002277
2026-10-09 21:02:59   step 2100/2500: loss=0.007851
2026-10-09 21:03:28   step 2200/2500: loss=0.003586
2026-10-09 21:03:56   step 2300/2500: loss=0.002425
2026-10-09 21:04:23   step 2400/2500: loss=0.002811
2026-10-09 21:05:03 [pjrt_ffi] RESIDENT: @resnet50in160_fwd_eval holds 267 parameter tensors (97.7 MB) on 4 devices; they stop crossing PCIe from here
2026-10-09 21:05:56 Epoch 52/100: loss=0.004922 lr=0.004066
2026-10-09 21:05:56   epoch 52: test_acc = 31809/50000 = 63.618000%  top5 = 42458/50000 = 84.916000%  [95% CI 63.20–64.04]
2026-10-09 21:05:57   step 0/2500: loss=0.002469
2026-10-09 21:05:57   step 1/2500: loss=0.002684
2026-10-09 21:05:57   step 2/2500: loss=0.007294
2026-10-09 21:06:24   step 100/2500: loss=0.002599
2026-10-09 21:06:52   step 200/2500: loss=0.003686
2026-10-09 21:07:20   step 300/2500: loss=0.002787
2026-10-09 21:07:47   step 400/2500: loss=0.002527
2026-10-09 21:08:15   step 500/2500: loss=0.002751
2026-10-09 21:08:42   step 600/2500: loss=0.003170
2026-10-09 21:09:10   step 700/2500: loss=0.009969
2026-10-09 21:09:37   step 800/2500: loss=0.008082
2026-10-09 21:10:05   step 900/2500: loss=0.002436
2026-10-09 21:10:32   step 1000/2500: loss=0.009793
2026-10-09 21:11:00   step 1100/2500: loss=0.002337
2026-10-09 21:11:27   step 1200/2500: loss=0.008285
2026-10-09 21:11:55   step 1300/2500: loss=0.008163
2026-10-09 21:12:22   step 1400/2500: loss=0.002135
2026-10-09 21:12:50   step 1500/2500: loss=0.010256
2026-10-09 21:13:18   step 1600/2500: loss=0.002471
2026-10-09 21:13:46   step 1700/2500: loss=0.007924
2026-10-09 21:14:14   step 1800/2500: loss=0.002303
2026-10-09 21:14:41   step 1900/2500: loss=0.002675
2026-10-09 21:15:08   step 2000/2500: loss=0.008441
2026-10-09 21:15:36   step 2100/2500: loss=0.008787
2026-10-09 21:16:03   step 2200/2500: loss=0.002227
2026-10-09 21:16:30   step 2300/2500: loss=0.002314
2026-10-09 21:16:58   step 2400/2500: loss=0.008018
2026-10-09 21:17:36 [pjrt_ffi] RESIDENT: @resnet50in160_fwd_eval holds 267 parameter tensors (97.7 MB) on 4 devices; they stop crossing PCIe from here
2026-10-09 21:18:17 Epoch 53/100: loss=0.004949 lr=0.003934
2026-10-09 21:18:17   epoch 53: test_acc = 30979/50000 = 61.958000%  top5 = 42035/50000 = 84.070000%  [95% CI 61.53–62.38]
2026-10-09 21:18:18   step 0/2500: loss=0.007814
2026-10-09 21:18:18   step 1/2500: loss=0.002486
2026-10-09 21:18:18   step 2/2500: loss=0.002570
2026-10-09 21:18:45   step 100/2500: loss=0.002526
2026-10-09 21:19:12   step 200/2500: loss=0.002332
2026-10-09 21:19:40   step 300/2500: loss=0.007503
2026-10-09 21:20:08   step 400/2500: loss=0.007697
2026-10-09 21:20:35   step 500/2500: loss=0.002374
2026-10-09 21:21:03   step 600/2500: loss=0.002127
2026-10-09 21:21:31   step 700/2500: loss=0.007451
2026-10-09 21:21:58   step 800/2500: loss=0.003220
2026-10-09 21:22:26   step 900/2500: loss=0.002487
2026-10-09 21:22:54   step 1000/2500: loss=0.002768
2026-10-09 21:23:22   step 1100/2500: loss=0.008165
2026-10-09 21:23:49   step 1200/2500: loss=0.002931
2026-10-09 21:24:17   step 1300/2500: loss=0.010094
2026-10-09 21:24:45   step 1400/2500: loss=0.002367
2026-10-09 21:25:13   step 1500/2500: loss=0.008345
2026-10-09 21:25:42   step 1600/2500: loss=0.002271
2026-10-09 21:26:10   step 1700/2500: loss=0.002931
2026-10-09 21:26:39   step 1800/2500: loss=0.009981
2026-10-09 21:27:08   step 1900/2500: loss=0.002630
2026-10-09 21:27:37   step 2000/2500: loss=0.008817
2026-10-09 21:28:06   step 2100/2500: loss=0.010014
2026-10-09 21:28:35   step 2200/2500: loss=0.002853
2026-10-09 21:29:03   step 2300/2500: loss=0.008510
2026-10-09 21:29:33   step 2400/2500: loss=0.002690
2026-10-09 21:30:14 [pjrt_ffi] RESIDENT: @resnet50in160_fwd_eval holds 267 parameter tensors (97.7 MB) on 4 devices; they stop crossing PCIe from here
2026-10-09 21:31:06 Epoch 54/100: loss=0.004949 lr=0.003802
2026-10-09 21:31:06   epoch 54: test_acc = 32610/50000 = 65.220000%  top5 = 43223/50000 = 86.446000%  [95% CI 64.80–65.64]
2026-10-09 21:31:07   step 0/2500: loss=0.002664
2026-10-09 21:31:07   step 1/2500: loss=0.007880
2026-10-09 21:31:07   step 2/2500: loss=0.009631
2026-10-09 21:31:35   step 100/2500: loss=0.003093
2026-10-09 21:32:03   step 200/2500: loss=0.007926
2026-10-09 21:32:31   step 300/2500: loss=0.007481
2026-10-09 21:33:00   step 400/2500: loss=0.002902
2026-10-09 21:33:28   step 500/2500: loss=0.003257
2026-10-09 21:33:57   step 600/2500: loss=0.007430
2026-10-09 21:34:26   step 700/2500: loss=0.002615
2026-10-09 21:34:54   step 800/2500: loss=0.002347
2026-10-09 21:35:23   step 900/2500: loss=0.002497
2026-10-09 21:35:51   step 1000/2500: loss=0.009079
2026-10-09 21:36:19   step 1100/2500: loss=0.007643
2026-10-09 21:36:48   step 1200/2500: loss=0.010332
2026-10-09 21:37:16   step 1300/2500: loss=0.002439
2026-10-09 21:37:45   step 1400/2500: loss=0.003386
2026-10-09 21:38:13   step 1500/2500: loss=0.008674
2026-10-09 21:38:41   step 1600/2500: loss=0.002839
2026-10-09 21:39:09   step 1700/2500: loss=0.002395
2026-10-09 21:39:37   step 1800/2500: loss=0.007207
2026-10-09 21:40:05   step 1900/2500: loss=0.008325
2026-10-09 21:40:33   step 2000/2500: loss=0.002673
2026-10-09 21:41:01   step 2100/2500: loss=0.001899
2026-10-09 21:41:29   step 2200/2500: loss=0.007265
2026-10-09 21:41:56   step 2300/2500: loss=0.003273
2026-10-09 21:42:24   step 2400/2500: loss=0.002459
2026-10-09 21:43:03 [pjrt_ffi] RESIDENT: @resnet50in160_fwd_eval holds 267 parameter tensors (97.7 MB) on 4 devices; they stop crossing PCIe from here
2026-10-09 21:43:50 Epoch 55/100: loss=0.004914 lr=0.003670
2026-10-09 21:43:50   epoch 55: test_acc = 32625/50000 = 65.250000%  top5 = 43210/50000 = 86.420000%  [95% CI 64.83–65.67]
2026-10-09 21:43:51   step 0/2500: loss=0.002243
2026-10-09 21:43:51   step 1/2500: loss=0.007948
2026-10-09 21:43:51   step 2/2500: loss=0.007365
2026-10-09 21:44:18   step 100/2500: loss=0.008717
2026-10-09 21:44:46   step 200/2500: loss=0.008250
2026-10-09 21:45:14   step 300/2500: loss=0.002600
2026-10-09 21:45:43   step 400/2500: loss=0.002545
2026-10-09 21:46:10   step 500/2500: loss=0.007826
2026-10-09 21:46:38   step 600/2500: loss=0.008054
2026-10-09 21:47:06   step 700/2500: loss=0.002421
2026-10-09 21:47:34   step 800/2500: loss=0.009436
2026-10-09 21:48:02   step 900/2500: loss=0.007983
2026-10-09 21:48:30   step 1000/2500: loss=0.007807
2026-10-09 21:48:58   step 1100/2500: loss=0.002640
2026-10-09 21:49:27   step 1200/2500: loss=0.002782
2026-10-09 21:49:55   step 1300/2500: loss=0.003414
2026-10-09 21:50:23   step 1400/2500: loss=0.007771
2026-10-09 21:50:51   step 1500/2500: loss=0.002888
2026-10-09 21:51:19   step 1600/2500: loss=0.002635
2026-10-09 21:51:47   step 1700/2500: loss=0.008767
2026-10-09 21:52:15   step 1800/2500: loss=0.007267
2026-10-09 21:52:43   step 1900/2500: loss=0.002753
2026-10-09 21:53:11   step 2000/2500: loss=0.001967
2026-10-09 21:53:39   step 2100/2500: loss=0.003145
2026-10-09 21:54:06   step 2200/2500: loss=0.002732
2026-10-09 21:54:34   step 2300/2500: loss=0.009940
2026-10-09 21:55:03   step 2400/2500: loss=0.002207
2026-10-09 21:55:40 [pjrt_ffi] RESIDENT: @resnet50in160_fwd_eval holds 267 parameter tensors (97.7 MB) on 4 devices; they stop crossing PCIe from here
2026-10-09 21:56:31 Epoch 56/100: loss=0.004848 lr=0.003538
2026-10-09 21:56:31   epoch 56: test_acc = 31618/50000 = 63.236000%  top5 = 42425/50000 = 84.850000%  [95% CI 62.81–63.66]
2026-10-09 21:56:32   step 0/2500: loss=0.008423
2026-10-09 21:56:32   step 1/2500: loss=0.010141
2026-10-09 21:56:32   step 2/2500: loss=0.010192
2026-10-09 21:56:59   step 100/2500: loss=0.002710
2026-10-09 21:57:27   step 200/2500: loss=0.002301
2026-10-09 21:57:55   step 300/2500: loss=0.011987
2026-10-09 21:58:23   step 400/2500: loss=0.002481
2026-10-09 21:58:51   step 500/2500: loss=0.002509
2026-10-09 21:59:19   step 600/2500: loss=0.002831
2026-10-09 21:59:47   step 700/2500: loss=0.002372
2026-10-09 22:00:14   step 800/2500: loss=0.007862
2026-10-09 22:00:43   step 900/2500: loss=0.007290
2026-10-09 22:01:11   step 1000/2500: loss=0.002426
2026-10-09 22:01:40   step 1100/2500: loss=0.002792
2026-10-09 22:02:07   step 1200/2500: loss=0.003096
2026-10-09 22:02:35   step 1300/2500: loss=0.007316
2026-10-09 22:03:03   step 1400/2500: loss=0.002613
2026-10-09 22:03:31   step 1500/2500: loss=0.002290
2026-10-09 22:03:59   step 1600/2500: loss=0.007299
2026-10-09 22:04:27   step 1700/2500: loss=0.007414
2026-10-09 22:04:55   step 1800/2500: loss=0.009904
2026-10-09 22:05:23   step 1900/2500: loss=0.002366
2026-10-09 22:05:51   step 2000/2500: loss=0.008106
2026-10-09 22:06:19   step 2100/2500: loss=0.002971
2026-10-09 22:06:47   step 2200/2500: loss=0.002675
2026-10-09 22:07:15   step 2300/2500: loss=0.003344
2026-10-09 22:07:42   step 2400/2500: loss=0.007279
2026-10-09 22:08:20 [pjrt_ffi] RESIDENT: @resnet50in160_fwd_eval holds 267 parameter tensors (97.7 MB) on 4 devices; they stop crossing PCIe from here
2026-10-09 22:09:17 Epoch 57/100: loss=0.004734 lr=0.003407
2026-10-09 22:09:17   epoch 57: test_acc = 32235/50000 = 64.470000%  top5 = 43005/50000 = 86.010000%  [95% CI 64.05–64.89]
2026-10-09 22:09:18   step 0/2500: loss=0.007774
2026-10-09 22:09:18   step 1/2500: loss=0.002369
2026-10-09 22:09:18   step 2/2500: loss=0.002250
2026-10-09 22:09:46   step 100/2500: loss=0.010385
2026-10-09 22:10:13   step 200/2500: loss=0.002062
2026-10-09 22:10:41   step 300/2500: loss=0.007342
2026-10-09 22:11:09   step 400/2500: loss=0.008032
2026-10-09 22:11:37   step 500/2500: loss=0.002342
2026-10-09 22:12:05   step 600/2500: loss=0.009253
2026-10-09 22:12:33   step 700/2500: loss=0.003686
2026-10-09 22:13:01   step 800/2500: loss=0.007330
2026-10-09 22:13:29   step 900/2500: loss=0.002491
2026-10-09 22:13:57   step 1000/2500: loss=0.002826
2026-10-09 22:14:25   step 1100/2500: loss=0.007944
2026-10-09 22:14:53   step 1200/2500: loss=0.007957
2026-10-09 22:15:21   step 1300/2500: loss=0.002087
2026-10-09 22:15:49   step 1400/2500: loss=0.002478
2026-10-09 22:16:16   step 1500/2500: loss=0.007274
2026-10-09 22:16:44   step 1600/2500: loss=0.007888
2026-10-09 22:17:12   step 1700/2500: loss=0.002539
2026-10-09 22:17:40   step 1800/2500: loss=0.009519
2026-10-09 22:18:08   step 1900/2500: loss=0.007275
2026-10-09 22:18:36   step 2000/2500: loss=0.008592
2026-10-09 22:19:04   step 2100/2500: loss=0.002051
2026-10-09 22:19:32   step 2200/2500: loss=0.002808
2026-10-09 22:19:59   step 2300/2500: loss=0.007598
2026-10-09 22:20:27   step 2400/2500: loss=0.007969
2026-10-09 22:21:06 [pjrt_ffi] RESIDENT: @resnet50in160_fwd_eval holds 267 parameter tensors (97.7 MB) on 4 devices; they stop crossing PCIe from here
2026-10-09 22:21:58 Epoch 58/100: loss=0.004839 lr=0.003277
2026-10-09 22:21:58   epoch 58: test_acc = 33340/50000 = 66.680000%  top5 = 43649/50000 = 87.298000%  [95% CI 66.27–67.09]
2026-10-09 22:21:58   step 0/2500: loss=0.002764
2026-10-09 22:21:59   step 1/2500: loss=0.007193
2026-10-09 22:21:59   step 2/2500: loss=0.002785
2026-10-09 22:22:26   step 100/2500: loss=0.002427
2026-10-09 22:22:54   step 200/2500: loss=0.007378
2026-10-09 22:23:22   step 300/2500: loss=0.007873
2026-10-09 22:23:50   step 400/2500: loss=0.002413
2026-10-09 22:24:18   step 500/2500: loss=0.001937
2026-10-09 22:24:46   step 600/2500: loss=0.008694
2026-10-09 22:25:14   step 700/2500: loss=0.002558
2026-10-09 22:25:42   step 800/2500: loss=0.002594
2026-10-09 22:26:09   step 900/2500: loss=0.010040
2026-10-09 22:26:37   step 1000/2500: loss=0.007492
2026-10-09 22:27:05   step 1100/2500: loss=0.007038
2026-10-09 22:27:32   step 1200/2500: loss=0.002566
2026-10-09 22:28:00   step 1300/2500: loss=0.002394
2026-10-09 22:28:28   step 1400/2500: loss=0.007615
2026-10-09 22:28:56   step 1500/2500: loss=0.007185
2026-10-09 22:29:24   step 1600/2500: loss=0.002262
2026-10-09 22:29:51   step 1700/2500: loss=0.002494
2026-10-09 22:30:18   step 1800/2500: loss=0.003041
2026-10-09 22:30:45   step 1900/2500: loss=0.007629
2026-10-09 22:31:13   step 2000/2500: loss=0.002765
2026-10-09 22:31:40   step 2100/2500: loss=0.002256
2026-10-09 22:32:07   step 2200/2500: loss=0.007347
2026-10-09 22:32:35   step 2300/2500: loss=0.007695
2026-10-09 22:33:02   step 2400/2500: loss=0.002297
2026-10-09 22:33:41 [pjrt_ffi] RESIDENT: @resnet50in160_fwd_eval holds 267 parameter tensors (97.7 MB) on 4 devices; they stop crossing PCIe from here
2026-10-09 22:34:37 Epoch 59/100: loss=0.004736 lr=0.003147
2026-10-09 22:34:37   epoch 59: test_acc = 34236/50000 = 68.472000%  top5 = 44262/50000 = 88.524000%  [95% CI 68.06–68.88]
2026-10-09 22:34:38   step 0/2500: loss=0.002424
2026-10-09 22:34:38   step 1/2500: loss=0.002466
2026-10-09 22:34:38   step 2/2500: loss=0.007751
2026-10-09 22:35:05   step 100/2500: loss=0.003311
2026-10-09 22:35:32   step 200/2500: loss=0.007059
2026-10-09 22:36:00   step 300/2500: loss=0.002561
2026-10-09 22:36:28   step 400/2500: loss=0.002367
2026-10-09 22:36:55   step 500/2500: loss=0.007350
2026-10-09 22:37:23   step 600/2500: loss=0.007820
2026-10-09 22:37:51   step 700/2500: loss=0.010365
2026-10-09 22:38:18   step 800/2500: loss=0.002849
2026-10-09 22:38:46   step 900/2500: loss=0.007276
2026-10-09 22:39:14   step 1000/2500: loss=0.002793
2026-10-09 22:39:42   step 1100/2500: loss=0.002758
2026-10-09 22:40:10   step 1200/2500: loss=0.002805
2026-10-09 22:40:38   step 1300/2500: loss=0.008071
2026-10-09 22:41:05   step 1400/2500: loss=0.008191
2026-10-09 22:41:32   step 1500/2500: loss=0.003539
2026-10-09 22:42:00   step 1600/2500: loss=0.002162
2026-10-09 22:42:27   step 1700/2500: loss=0.007062
2026-10-09 22:42:54   step 1800/2500: loss=0.007898
2026-10-09 22:43:22   step 1900/2500: loss=0.002237
2026-10-09 22:43:49   step 2000/2500: loss=0.003139
2026-10-09 22:44:16   step 2100/2500: loss=0.007705
2026-10-09 22:44:44   step 2200/2500: loss=0.008287
2026-10-09 22:45:11   step 2300/2500: loss=0.002300
2026-10-09 22:45:39   step 2400/2500: loss=0.011749
2026-10-09 22:46:17 [pjrt_ffi] RESIDENT: @resnet50in160_fwd_eval holds 267 parameter tensors (97.7 MB) on 4 devices; they stop crossing PCIe from here
2026-10-09 22:47:14 Epoch 60/100: loss=0.004611 lr=0.003018
2026-10-09 22:47:14   epoch 60: test_acc = 33547/50000 = 67.094000%  top5 = 43810/50000 = 87.620000%  [95% CI 66.68–67.50]
2026-10-09 22:47:18   ▸ shim respawn: producer 5 of 8 replaced after epoch 60 (generation 6, seed 54)
2026-10-09 22:47:19   step 0/2500: loss=0.007779
2026-10-09 22:47:19   step 1/2500: loss=0.003124
2026-10-09 22:47:19   step 2/2500: loss=0.008000
2026-10-09 22:47:49   step 100/2500: loss=0.003277
2026-10-09 22:48:16   step 200/2500: loss=0.002192
2026-10-09 22:48:44   step 300/2500: loss=0.002832
2026-10-09 22:49:12   step 400/2500: loss=0.007650
2026-10-09 22:49:40   step 500/2500: loss=0.002651
2026-10-09 22:50:08   step 600/2500: loss=0.002233
2026-10-09 22:50:36   step 700/2500: loss=0.002305
2026-10-09 22:51:04   step 800/2500: loss=0.007554
2026-10-09 22:51:32   step 900/2500: loss=0.002681
2026-10-09 22:52:01   step 1000/2500: loss=0.002099
2026-10-09 22:52:29   step 1100/2500: loss=0.001890
2026-10-09 22:53:00   step 1200/2500: loss=0.002428
2026-10-09 22:53:30   step 1300/2500: loss=0.002193
2026-10-09 22:54:00   step 1400/2500: loss=0.002355
2026-10-09 22:54:30   step 1500/2500: loss=0.002313
2026-10-09 22:55:00   step 1600/2500: loss=0.006998
2026-10-09 22:55:30   step 1700/2500: loss=0.008137
2026-10-09 22:55:59   step 1800/2500: loss=0.002484
2026-10-09 22:56:27   step 1900/2500: loss=0.001942
2026-10-09 22:56:55   step 2000/2500: loss=0.002526
2026-10-09 22:57:23   step 2100/2500: loss=0.007593
2026-10-09 22:57:51   step 2200/2500: loss=0.002129
2026-10-09 22:58:19   step 2300/2500: loss=0.002421
2026-10-09 22:58:47   step 2400/2500: loss=0.007690
2026-10-09 22:59:25 [pjrt_ffi] RESIDENT: @resnet50in160_fwd_eval holds 267 parameter tensors (97.7 MB) on 4 devices; they stop crossing PCIe from here
2026-10-09 23:00:18 Epoch 61/100: loss=0.004587 lr=0.002891
2026-10-09 23:00:18   epoch 61: test_acc = 33771/50000 = 67.542000%  top5 = 43836/50000 = 87.672000%  [95% CI 67.13–67.95]
2026-10-09 23:00:18   step 0/2500: loss=0.007227
2026-10-09 23:00:19   step 1/2500: loss=0.002264
2026-10-09 23:00:19   step 2/2500: loss=0.009800
2026-10-09 23:00:46   step 100/2500: loss=0.002454
2026-10-09 23:01:15   step 200/2500: loss=0.002533
2026-10-09 23:01:43   step 300/2500: loss=0.007058
2026-10-09 23:02:10   step 400/2500: loss=0.003243
2026-10-09 23:02:38   step 500/2500: loss=0.010111
2026-10-09 23:03:05   step 600/2500: loss=0.002803
2026-10-09 23:03:33   step 700/2500: loss=0.007813
2026-10-09 23:04:01   step 800/2500: loss=0.008249
2026-10-09 23:04:29   step 900/2500: loss=0.002167
2026-10-09 23:04:57   step 1000/2500: loss=0.002095
2026-10-09 23:05:26   step 1100/2500: loss=0.007623
2026-10-09 23:05:55   step 1200/2500: loss=0.002172
2026-10-09 23:06:24   step 1300/2500: loss=0.002132
2026-10-09 23:06:52   step 1400/2500: loss=0.002617
2026-10-09 23:07:21   step 1500/2500: loss=0.002279
2026-10-09 23:07:51   step 1600/2500: loss=0.007213
2026-10-09 23:08:19   step 1700/2500: loss=0.002922
2026-10-09 23:08:46   step 1800/2500: loss=0.009131
2026-10-09 23:09:14   step 1900/2500: loss=0.007199
2026-10-09 23:09:42   step 2000/2500: loss=0.007264
2026-10-09 23:10:10   step 2100/2500: loss=0.010357
2026-10-09 23:10:38   step 2200/2500: loss=0.002603
2026-10-09 23:11:06   step 2300/2500: loss=0.007877
2026-10-09 23:11:34   step 2400/2500: loss=0.006989
2026-10-09 23:12:12 [pjrt_ffi] RESIDENT: @resnet50in160_fwd_eval holds 267 parameter tensors (97.7 MB) on 4 devices; they stop crossing PCIe from here
2026-10-09 23:13:03 Epoch 62/100: loss=0.004587 lr=0.002764
2026-10-09 23:13:03   epoch 62: test_acc = 34323/50000 = 68.646000%  top5 = 44370/50000 = 88.740000%  [95% CI 68.24–69.05]
2026-10-09 23:13:04   step 0/2500: loss=0.002232
2026-10-09 23:13:04   step 1/2500: loss=0.006726
2026-10-09 23:13:04   step 2/2500: loss=0.002177
2026-10-09 23:13:31   step 100/2500: loss=0.001942
2026-10-09 23:13:59   step 200/2500: loss=0.007230
2026-10-09 23:14:26   step 300/2500: loss=0.007781
2026-10-09 23:14:54   step 400/2500: loss=0.002274
2026-10-09 23:15:22   step 500/2500: loss=0.002444
2026-10-09 23:15:50   step 600/2500: loss=0.007999
2026-10-09 23:16:18   step 700/2500: loss=0.007291
2026-10-09 23:16:46   step 800/2500: loss=0.002562
2026-10-09 23:17:14   step 900/2500: loss=0.002289
2026-10-09 23:17:42   step 1000/2500: loss=0.002358
2026-10-09 23:18:10   step 1100/2500: loss=0.007210
2026-10-09 23:18:38   step 1200/2500: loss=0.009983
2026-10-09 23:19:05   step 1300/2500: loss=0.009762
2026-10-09 23:19:33   step 1400/2500: loss=0.006503
2026-10-09 23:20:01   step 1500/2500: loss=0.007086
2026-10-09 23:20:28   step 1600/2500: loss=0.009704
2026-10-09 23:20:56   step 1700/2500: loss=0.002046
2026-10-09 23:21:24   step 1800/2500: loss=0.002539
2026-10-09 23:21:51   step 1900/2500: loss=0.007895
2026-10-09 23:22:19   step 2000/2500: loss=0.001708
2026-10-09 23:22:47   step 2100/2500: loss=0.010011
2026-10-09 23:23:15   step 2200/2500: loss=0.007456
2026-10-09 23:23:42   step 2300/2500: loss=0.007515
2026-10-09 23:24:10   step 2400/2500: loss=0.002024
2026-10-09 23:24:48 [pjrt_ffi] RESIDENT: @resnet50in160_fwd_eval holds 267 parameter tensors (97.7 MB) on 4 devices; they stop crossing PCIe from here
2026-10-09 23:25:48 Epoch 63/100: loss=0.004546 lr=0.002639
2026-10-09 23:25:48   epoch 63: test_acc = 34821/50000 = 69.642000%  top5 = 44538/50000 = 89.076000%  [95% CI 69.24–70.04]
2026-10-09 23:25:49   step 0/2500: loss=0.002809
2026-10-09 23:25:49   step 1/2500: loss=0.007162
2026-10-09 23:25:49   step 2/2500: loss=0.007204
2026-10-09 23:26:16   step 100/2500: loss=0.002853
2026-10-09 23:26:44   step 200/2500: loss=0.007148
2026-10-09 23:27:11   step 300/2500: loss=0.002354
2026-10-09 23:27:40   step 400/2500: loss=0.009317
2026-10-09 23:28:08   step 500/2500: loss=0.002629
2026-10-09 23:28:35   step 600/2500: loss=0.008240
2026-10-09 23:29:03   step 700/2500: loss=0.002180
2026-10-09 23:29:30   step 800/2500: loss=0.009025
2026-10-09 23:29:58   step 900/2500: loss=0.007077
2026-10-09 23:30:25   step 1000/2500: loss=0.007780
2026-10-09 23:30:53   step 1100/2500: loss=0.002072
2026-10-09 23:31:21   step 1200/2500: loss=0.002137
2026-10-09 23:31:49   step 1300/2500: loss=0.008086
2026-10-09 23:32:16   step 1400/2500: loss=0.007309
2026-10-09 23:32:44   step 1500/2500: loss=0.001841
2026-10-09 23:33:12   step 1600/2500: loss=0.001911
2026-10-09 23:33:39   step 1700/2500: loss=0.007187
2026-10-09 23:34:08   step 1800/2500: loss=0.007126
2026-10-09 23:34:36   step 1900/2500: loss=0.003943
2026-10-09 23:35:03   step 2000/2500: loss=0.002414
2026-10-09 23:35:31   step 2100/2500: loss=0.002548
2026-10-09 23:35:59   step 2200/2500: loss=0.007395
2026-10-09 23:36:26   step 2300/2500: loss=0.002038
2026-10-09 23:36:54   step 2400/2500: loss=0.001906
2026-10-09 23:37:32 [pjrt_ffi] RESIDENT: @resnet50in160_fwd_eval holds 267 parameter tensors (97.7 MB) on 4 devices; they stop crossing PCIe from here
2026-10-09 23:38:35 Epoch 64/100: loss=0.004530 lr=0.002515
2026-10-09 23:38:35   epoch 64: test_acc = 34536/50000 = 69.072000%  top5 = 44401/50000 = 88.802000%  [95% CI 68.67–69.48]
2026-10-09 23:38:35   step 0/2500: loss=0.002467
2026-10-09 23:38:36   step 1/2500: loss=0.002304
2026-10-09 23:38:36   step 2/2500: loss=0.008174
2026-10-09 23:39:03   step 100/2500: loss=0.002737
2026-10-09 23:39:30   step 200/2500: loss=0.002277
2026-10-09 23:39:57   step 300/2500: loss=0.002734
2026-10-09 23:40:25   step 400/2500: loss=0.006399
2026-10-09 23:40:53   step 500/2500: loss=0.006478
2026-10-09 23:41:20   step 600/2500: loss=0.001857
2026-10-09 23:41:48   step 700/2500: loss=0.001786
2026-10-09 23:42:16   step 800/2500: loss=0.007749
2026-10-09 23:42:43   step 900/2500: loss=0.002030
2026-10-09 23:43:11   step 1000/2500: loss=0.002534
2026-10-09 23:43:38   step 1100/2500: loss=0.001858
2026-10-09 23:44:06   step 1200/2500: loss=0.007322
2026-10-09 23:44:34   step 1300/2500: loss=0.007766
2026-10-09 23:45:02   step 1400/2500: loss=0.002554
2026-10-09 23:45:31   step 1500/2500: loss=0.002364
2026-10-09 23:45:58   step 1600/2500: loss=0.006723
2026-10-09 23:46:26   step 1700/2500: loss=0.007040
2026-10-09 23:46:54   step 1800/2500: loss=0.002256
2026-10-09 23:47:22   step 1900/2500: loss=0.001646
2026-10-09 23:47:49   step 2000/2500: loss=0.007022
2026-10-09 23:48:17   step 2100/2500: loss=0.006974
2026-10-09 23:48:44   step 2200/2500: loss=0.002145
2026-10-09 23:49:12   step 2300/2500: loss=0.001821
2026-10-09 23:49:39   step 2400/2500: loss=0.007097
2026-10-09 23:50:18 [pjrt_ffi] RESIDENT: @resnet50in160_fwd_eval holds 267 parameter tensors (97.7 MB) on 4 devices; they stop crossing PCIe from here
2026-10-09 23:51:11 Epoch 65/100: loss=0.004456 lr=0.002393
2026-10-09 23:51:11   epoch 65: test_acc = 35431/50000 = 70.862000%  top5 = 44986/50000 = 89.972000%  [95% CI 70.46–71.26]
2026-10-09 23:51:12   step 0/2500: loss=0.007080
2026-10-09 23:51:12   step 1/2500: loss=0.009143
2026-10-09 23:51:12   step 2/2500: loss=0.002070
2026-10-09 23:51:39   step 100/2500: loss=0.009348
2026-10-09 23:52:06   step 200/2500: loss=0.002717
2026-10-09 23:52:34   step 300/2500: loss=0.002309
2026-10-09 23:53:02   step 400/2500: loss=0.007805
2026-10-09 23:53:29   step 500/2500: loss=0.002490
2026-10-09 23:53:57   step 600/2500: loss=0.002000
2026-10-09 23:54:24   step 700/2500: loss=0.007283
2026-10-09 23:54:52   step 800/2500: loss=0.007055
2026-10-09 23:55:19   step 900/2500: loss=0.002376
2026-10-09 23:55:47   step 1000/2500: loss=0.002605
2026-10-09 23:56:14   step 1100/2500: loss=0.007785
2026-10-09 23:56:42   step 1200/2500: loss=0.002141
2026-10-09 23:57:10   step 1300/2500: loss=0.002095
2026-10-09 23:57:37   step 1400/2500: loss=0.002322
2026-10-09 23:58:04   step 1500/2500: loss=0.006844
2026-10-09 23:58:32   step 1600/2500: loss=0.002247
2026-10-09 23:59:00   step 1700/2500: loss=0.001908
2026-10-09 23:59:27   step 1800/2500: loss=0.002954
2026-10-09 23:59:54   step 1900/2500: loss=0.002562
2026-10-10 00:00:22   step 2000/2500: loss=0.007959
2026-10-10 00:00:49   step 2100/2500: loss=0.002127
2026-10-10 00:01:17   step 2200/2500: loss=0.002295
2026-10-10 00:01:44   step 2300/2500: loss=0.003404
2026-10-10 00:02:12   step 2400/2500: loss=0.007114
2026-10-10 00:02:50 [pjrt_ffi] RESIDENT: @resnet50in160_fwd_eval holds 267 parameter tensors (97.7 MB) on 4 devices; they stop crossing PCIe from here
2026-10-10 00:03:40 Epoch 66/100: loss=0.004488 lr=0.002273
2026-10-10 00:03:40   epoch 66: test_acc = 34553/50000 = 69.106000%  top5 = 44438/50000 = 88.876000%  [95% CI 68.70–69.51]
2026-10-10 00:03:40   step 0/2500: loss=0.002638
2026-10-10 00:03:40   step 1/2500: loss=0.007150
2026-10-10 00:03:41   step 2/2500: loss=0.002102
2026-10-10 00:04:08   step 100/2500: loss=0.002425
2026-10-10 00:04:35   step 200/2500: loss=0.002431
2026-10-10 00:05:03   step 300/2500: loss=0.006866
2026-10-10 00:05:30   step 400/2500: loss=0.009734
2026-10-10 00:05:58   step 500/2500: loss=0.002128
2026-10-10 00:06:25   step 600/2500: loss=0.007375
2026-10-10 00:06:53   step 700/2500: loss=0.002701
2026-10-10 00:07:20   step 800/2500: loss=0.002476
2026-10-10 00:07:47   step 900/2500: loss=0.002369
2026-10-10 00:08:15   step 1000/2500: loss=0.003343
2026-10-10 00:08:44   step 1100/2500: loss=0.006483
2026-10-10 00:09:12   step 1200/2500: loss=0.002579
2026-10-10 00:09:39   step 1300/2500: loss=0.002047
2026-10-10 00:10:06   step 1400/2500: loss=0.007168
2026-10-10 00:10:34   step 1500/2500: loss=0.007408
2026-10-10 00:11:01   step 1600/2500: loss=0.009559
2026-10-10 00:11:29   step 1700/2500: loss=0.001717
2026-10-10 00:11:56   step 1800/2500: loss=0.007255
2026-10-10 00:12:23   step 1900/2500: loss=0.007505
2026-10-10 00:12:51   step 2000/2500: loss=0.009471
2026-10-10 00:13:18   step 2100/2500: loss=0.002138
2026-10-10 00:13:46   step 2200/2500: loss=0.007284
2026-10-10 00:14:13   step 2300/2500: loss=0.007131
2026-10-10 00:14:41   step 2400/2500: loss=0.002223
2026-10-10 00:15:19 [pjrt_ffi] RESIDENT: @resnet50in160_fwd_eval holds 267 parameter tensors (97.7 MB) on 4 devices; they stop crossing PCIe from here
2026-10-10 00:16:14 Epoch 67/100: loss=0.004360 lr=0.002155
2026-10-10 00:16:14   epoch 67: test_acc = 35783/50000 = 71.566000%  top5 = 45111/50000 = 90.222000%  [95% CI 71.17–71.96]
2026-10-10 00:16:14   step 0/2500: loss=0.002160
2026-10-10 00:16:14   step 1/2500: loss=0.001855
2026-10-10 00:16:15   step 2/2500: loss=0.007312
2026-10-10 00:16:41   step 100/2500: loss=0.007999
2026-10-10 00:17:09   step 200/2500: loss=0.007611
2026-10-10 00:17:36   step 300/2500: loss=0.002272
2026-10-10 00:18:04   step 400/2500: loss=0.009374
2026-10-10 00:18:31   step 500/2500: loss=0.006970
2026-10-10 00:18:59   step 600/2500: loss=0.003311
2026-10-10 00:19:26   step 700/2500: loss=0.002304
2026-10-10 00:19:53   step 800/2500: loss=0.002524
2026-10-10 00:20:21   step 900/2500: loss=0.007724
2026-10-10 00:20:49   step 1000/2500: loss=0.002243
2026-10-10 00:21:17   step 1100/2500: loss=0.002253
2026-10-10 00:21:44   step 1200/2500: loss=0.002566
2026-10-10 00:22:11   step 1300/2500: loss=0.007269
2026-10-10 00:22:40   step 1400/2500: loss=0.006839
2026-10-10 00:23:08   step 1500/2500: loss=0.001769
2026-10-10 00:23:37   step 1600/2500: loss=0.009256
2026-10-10 00:24:06   step 1700/2500: loss=0.006950
2026-10-10 00:24:33   step 1800/2500: loss=0.006566
2026-10-10 00:25:01   step 1900/2500: loss=0.001901
2026-10-10 00:25:28   step 2000/2500: loss=0.002070
2026-10-10 00:25:56   step 2100/2500: loss=0.002817
2026-10-10 00:26:23   step 2200/2500: loss=0.007578
2026-10-10 00:26:51   step 2300/2500: loss=0.002657
2026-10-10 00:27:18   step 2400/2500: loss=0.002468
2026-10-10 00:27:55 [pjrt_ffi] RESIDENT: @resnet50in160_fwd_eval holds 267 parameter tensors (97.7 MB) on 4 devices; they stop crossing PCIe from here
2026-10-10 00:28:39 Epoch 68/100: loss=0.004433 lr=0.002038
2026-10-10 00:28:39   epoch 68: test_acc = 35948/50000 = 71.896000%  top5 = 45301/50000 = 90.602000%  [95% CI 71.50–72.29]
2026-10-10 00:28:40   step 0/2500: loss=0.006883
2026-10-10 00:28:40   step 1/2500: loss=0.002211
2026-10-10 00:28:40   step 2/2500: loss=0.002065
2026-10-10 00:29:07   step 100/2500: loss=0.006719
2026-10-10 00:29:34   step 200/2500: loss=0.002002
2026-10-10 00:30:02   step 300/2500: loss=0.002134
2026-10-10 00:30:29   step 400/2500: loss=0.003404
2026-10-10 00:30:57   step 500/2500: loss=0.007054
2026-10-10 00:31:25   step 600/2500: loss=0.002231
2026-10-10 00:31:52   step 700/2500: loss=0.001815
2026-10-10 00:32:19   step 800/2500: loss=0.006728
2026-10-10 00:32:47   step 900/2500: loss=0.002421
2026-10-10 00:33:15   step 1000/2500: loss=0.009857
2026-10-10 00:33:43   step 1100/2500: loss=0.002005
2026-10-10 00:34:11   step 1200/2500: loss=0.002307
2026-10-10 00:34:39   step 1300/2500: loss=0.006860
2026-10-10 00:35:06   step 1400/2500: loss=0.002248
2026-10-10 00:35:34   step 1500/2500: loss=0.001765
2026-10-10 00:36:01   step 1600/2500: loss=0.007044
2026-10-10 00:36:28   step 1700/2500: loss=0.007255
2026-10-10 00:36:56   step 1800/2500: loss=0.001794
2026-10-10 00:37:23   step 1900/2500: loss=0.002123
2026-10-10 00:37:51   step 2000/2500: loss=0.006990
2026-10-10 00:38:18   step 2100/2500: loss=0.003024
2026-10-10 00:38:46   step 2200/2500: loss=0.001905
2026-10-10 00:39:13   step 2300/2500: loss=0.002956
2026-10-10 00:39:40   step 2400/2500: loss=0.007124
2026-10-10 00:40:18 [pjrt_ffi] RESIDENT: @resnet50in160_fwd_eval holds 267 parameter tensors (97.7 MB) on 4 devices; they stop crossing PCIe from here
2026-10-10 00:41:13 Epoch 69/100: loss=0.004239 lr=0.001924
2026-10-10 00:41:13   epoch 69: test_acc = 35755/50000 = 71.510000%  top5 = 45111/50000 = 90.222000%  [95% CI 71.11–71.90]
2026-10-10 00:41:13   step 0/2500: loss=0.007167
2026-10-10 00:41:13   step 1/2500: loss=0.001886
2026-10-10 00:41:14   step 2/2500: loss=0.002315
2026-10-10 00:41:41   step 100/2500: loss=0.001891
2026-10-10 00:42:08   step 200/2500: loss=0.009413
2026-10-10 00:42:36   step 300/2500: loss=0.007726
2026-10-10 00:43:03   step 400/2500: loss=0.002571
2026-10-10 00:43:31   step 500/2500: loss=0.002084
2026-10-10 00:43:59   step 600/2500: loss=0.002119
2026-10-10 00:44:27   step 700/2500: loss=0.002163
2026-10-10 00:44:54   step 800/2500: loss=0.002039
2026-10-10 00:45:22   step 900/2500: loss=0.002045
2026-10-10 00:45:50   step 1000/2500: loss=0.009112
2026-10-10 00:46:18   step 1100/2500: loss=0.007325
2026-10-10 00:46:46   step 1200/2500: loss=0.006521
2026-10-10 00:47:14   step 1300/2500: loss=0.001920
2026-10-10 00:47:42   step 1400/2500: loss=0.002356
2026-10-10 00:48:09   step 1500/2500: loss=0.007080
2026-10-10 00:48:37   step 1600/2500: loss=0.006887
2026-10-10 00:49:05   step 1700/2500: loss=0.002346
2026-10-10 00:49:33   step 1800/2500: loss=0.002063
2026-10-10 00:50:00   step 1900/2500: loss=0.007207
2026-10-10 00:50:28   step 2000/2500: loss=0.006844
2026-10-10 00:50:56   step 2100/2500: loss=0.001919
2026-10-10 00:51:23   step 2200/2500: loss=0.002455
2026-10-10 00:51:50   step 2300/2500: loss=0.002411
2026-10-10 00:52:18   step 2400/2500: loss=0.002020
2026-10-10 00:52:58 [pjrt_ffi] RESIDENT: @resnet50in160_fwd_eval holds 267 parameter tensors (97.7 MB) on 4 devices; they stop crossing PCIe from here
2026-10-10 00:53:50 Epoch 70/100: loss=0.004290 lr=0.001812
2026-10-10 00:53:50   epoch 70: test_acc = 36004/50000 = 72.008000%  top5 = 45308/50000 = 90.616000%  [95% CI 71.61–72.40]
2026-10-10 00:53:55   ▸ shim respawn: producer 6 of 8 replaced after epoch 70 (generation 7, seed 63)
2026-10-10 00:53:56   step 0/2500: loss=0.002157
2026-10-10 00:53:56   step 1/2500: loss=0.007331
2026-10-10 00:53:56   step 2/2500: loss=0.002432
2026-10-10 00:54:25   step 100/2500: loss=0.002204
2026-10-10 00:54:52   step 200/2500: loss=0.006881
2026-10-10 00:55:20   step 300/2500: loss=0.007324
2026-10-10 00:55:48   step 400/2500: loss=0.001669
2026-10-10 00:56:16   step 500/2500: loss=0.002085
2026-10-10 00:56:44   step 600/2500: loss=0.002395
2026-10-10 00:57:12   step 700/2500: loss=0.002257
2026-10-10 00:57:40   step 800/2500: loss=0.008858
2026-10-10 00:58:08   step 900/2500: loss=0.002311
2026-10-10 00:58:36   step 1000/2500: loss=0.006945
2026-10-10 00:59:05   step 1100/2500: loss=0.002172
2026-10-10 00:59:33   step 1200/2500: loss=0.002650
2026-10-10 01:00:02   step 1300/2500: loss=0.009090
2026-10-10 01:00:29   step 1400/2500: loss=0.002166
2026-10-10 01:00:57   step 1500/2500: loss=0.007209
2026-10-10 01:01:25   step 1600/2500: loss=0.002145
2026-10-10 01:01:53   step 1700/2500: loss=0.001908
2026-10-10 01:02:21   step 1800/2500: loss=0.002097
2026-10-10 01:02:49   step 1900/2500: loss=0.003109
2026-10-10 01:03:17   step 2000/2500: loss=0.001942
2026-10-10 01:03:44   step 2100/2500: loss=0.009285
2026-10-10 01:04:12   step 2200/2500: loss=0.007205
2026-10-10 01:04:40   step 2300/2500: loss=0.001753
2026-10-10 01:05:08   step 2400/2500: loss=0.001903
2026-10-10 01:05:45 [pjrt_ffi] RESIDENT: @resnet50in160_fwd_eval holds 267 parameter tensors (97.7 MB) on 4 devices; they stop crossing PCIe from here
2026-10-10 01:06:26 Epoch 71/100: loss=0.004198 lr=0.001703
2026-10-10 01:06:26   epoch 71: test_acc = 35801/50000 = 71.602000%  top5 = 45172/50000 = 90.344000%  [95% CI 71.21–72.00]
2026-10-10 01:06:27   step 0/2500: loss=0.002279
2026-10-10 01:06:27   step 1/2500: loss=0.007387
2026-10-10 01:06:27   step 2/2500: loss=0.009495
2026-10-10 01:06:55   step 100/2500: loss=0.008023
2026-10-10 01:07:23   step 200/2500: loss=0.006299
2026-10-10 01:07:51   step 300/2500: loss=0.001586
2026-10-10 01:08:19   step 400/2500: loss=0.002089
2026-10-10 01:08:47   step 500/2500: loss=0.007303
2026-10-10 01:09:16   step 600/2500: loss=0.006464
2026-10-10 01:09:44   step 700/2500: loss=0.009149
2026-10-10 01:10:12   step 800/2500: loss=0.001866
2026-10-10 01:10:40   step 900/2500: loss=0.007035
2026-10-10 01:11:09   step 1000/2500: loss=0.006461
2026-10-10 01:11:37   step 1100/2500: loss=0.002182
2026-10-10 01:12:06   step 1200/2500: loss=0.002059
2026-10-10 01:12:34   step 1300/2500: loss=0.007576
2026-10-10 01:13:02   step 1400/2500: loss=0.006413
2026-10-10 01:13:31   step 1500/2500: loss=0.002283
2026-10-10 01:13:59   step 1600/2500: loss=0.001907
2026-10-10 01:14:27   step 1700/2500: loss=0.002359
2026-10-10 01:14:55   step 1800/2500: loss=0.007045
2026-10-10 01:15:23   step 1900/2500: loss=0.001782
2026-10-10 01:15:51   step 2000/2500: loss=0.001980
2026-10-10 01:16:19   step 2100/2500: loss=0.006654
2026-10-10 01:16:47   step 2200/2500: loss=0.002255
2026-10-10 01:17:16   step 2300/2500: loss=0.002259
2026-10-10 01:17:43   step 2400/2500: loss=0.001674
2026-10-10 01:18:23 [pjrt_ffi] RESIDENT: @resnet50in160_fwd_eval holds 267 parameter tensors (97.7 MB) on 4 devices; they stop crossing PCIe from here
2026-10-10 01:19:10 Epoch 72/100: loss=0.004264 lr=0.001596
2026-10-10 01:19:10   epoch 72: test_acc = 35990/50000 = 71.980000%  top5 = 45241/50000 = 90.482000%  [95% CI 71.58–72.37]
2026-10-10 01:19:10   step 0/2500: loss=0.006862
2026-10-10 01:19:11   step 1/2500: loss=0.009520
2026-10-10 01:19:11   step 2/2500: loss=0.006114
2026-10-10 01:19:38   step 100/2500: loss=0.006832
2026-10-10 01:20:06   step 200/2500: loss=0.002290
2026-10-10 01:20:34   step 300/2500: loss=0.002393
2026-10-10 01:21:02   step 400/2500: loss=0.002219
2026-10-10 01:21:31   step 500/2500: loss=0.006997
2026-10-10 01:21:59   step 600/2500: loss=0.002635
2026-10-10 01:22:27   step 700/2500: loss=0.001817
2026-10-10 01:22:55   step 800/2500: loss=0.001692
2026-10-10 01:23:23   step 900/2500: loss=0.001992
2026-10-10 01:23:51   step 1000/2500: loss=0.001939
2026-10-10 01:24:20   step 1100/2500: loss=0.001794
2026-10-10 01:24:48   step 1200/2500: loss=0.002111
2026-10-10 01:25:16   step 1300/2500: loss=0.003181
2026-10-10 01:25:44   step 1400/2500: loss=0.002093
2026-10-10 01:26:13   step 1500/2500: loss=0.002183
2026-10-10 01:26:41   step 1600/2500: loss=0.001932
2026-10-10 01:27:09   step 1700/2500: loss=0.006160
2026-10-10 01:27:37   step 1800/2500: loss=0.002018
2026-10-10 01:28:05   step 1900/2500: loss=0.001992
2026-10-10 01:28:33   step 2000/2500: loss=0.006022
2026-10-10 01:29:00   step 2100/2500: loss=0.006946
2026-10-10 01:29:28   step 2200/2500: loss=0.002055
2026-10-10 01:29:56   step 2300/2500: loss=0.001803
2026-10-10 01:30:24   step 2400/2500: loss=0.002174
2026-10-10 01:31:00 [pjrt_ffi] RESIDENT: @resnet50in160_fwd_eval holds 267 parameter tensors (97.7 MB) on 4 devices; they stop crossing PCIe from here
2026-10-10 01:31:45 Epoch 73/100: loss=0.004153 lr=0.001491
2026-10-10 01:31:45   epoch 73: test_acc = 36854/50000 = 73.708000%  top5 = 45817/50000 = 91.634000%  [95% CI 73.32–74.09]
2026-10-10 01:31:46   step 0/2500: loss=0.006205
2026-10-10 01:31:46   step 1/2500: loss=0.001839
2026-10-10 01:31:46   step 2/2500: loss=0.002310
2026-10-10 01:32:14   step 100/2500: loss=0.009749
2026-10-10 01:32:42   step 200/2500: loss=0.002184
2026-10-10 01:33:10   step 300/2500: loss=0.006475
2026-10-10 01:33:38   step 400/2500: loss=0.002115
2026-10-10 01:34:07   step 500/2500: loss=0.002019
2026-10-10 01:34:35   step 600/2500: loss=0.001804
2026-10-10 01:35:03   step 700/2500: loss=0.006637
2026-10-10 01:35:31   step 800/2500: loss=0.002978
2026-10-10 01:35:59   step 900/2500: loss=0.001693
2026-10-10 01:36:28   step 1000/2500: loss=0.001992
2026-10-10 01:36:56   step 1100/2500: loss=0.001923
2026-10-10 01:37:24   step 1200/2500: loss=0.006600
2026-10-10 01:37:52   step 1300/2500: loss=0.001823
2026-10-10 01:38:21   step 1400/2500: loss=0.001727
2026-10-10 01:38:50   step 1500/2500: loss=0.002005
2026-10-10 01:39:18   step 1600/2500: loss=0.007105
2026-10-10 01:39:46   step 1700/2500: loss=0.001727
2026-10-10 01:40:14   step 1800/2500: loss=0.001665
2026-10-10 01:40:41   step 1900/2500: loss=0.002104
2026-10-10 01:41:09   step 2000/2500: loss=0.007553
2026-10-10 01:41:37   step 2100/2500: loss=0.001798
2026-10-10 01:42:05   step 2200/2500: loss=0.001885
2026-10-10 01:42:33   step 2300/2500: loss=0.006023
2026-10-10 01:43:00   step 2400/2500: loss=0.002137
2026-10-10 01:43:38 [pjrt_ffi] RESIDENT: @resnet50in160_fwd_eval holds 267 parameter tensors (97.7 MB) on 4 devices; they stop crossing PCIe from here
2026-10-10 01:44:21 Epoch 74/100: loss=0.004190 lr=0.001390
2026-10-10 01:44:21   epoch 74: test_acc = 36826/50000 = 73.652000%  top5 = 45741/50000 = 91.482000%  [95% CI 73.26–74.04]
2026-10-10 01:44:22   step 0/2500: loss=0.001675
2026-10-10 01:44:23   step 1/2500: loss=0.002187
2026-10-10 01:44:23   step 2/2500: loss=0.001808
2026-10-10 01:44:50   step 100/2500: loss=0.001887
2026-10-10 01:45:18   step 200/2500: loss=0.001851
2026-10-10 01:45:46   step 300/2500: loss=0.001885
2026-10-10 01:46:14   step 400/2500: loss=0.002098
2026-10-10 01:46:42   step 500/2500: loss=0.002169
2026-10-10 01:47:10   step 600/2500: loss=0.007353
2026-10-10 01:47:38   step 700/2500: loss=0.006054
2026-10-10 01:48:06   step 800/2500: loss=0.001745
2026-10-10 01:48:34   step 900/2500: loss=0.008994
2026-10-10 01:49:02   step 1000/2500: loss=0.001926
2026-10-10 01:49:30   step 1100/2500: loss=0.006627
2026-10-10 01:49:59   step 1200/2500: loss=0.002263
2026-10-10 01:50:27   step 1300/2500: loss=0.001883
2026-10-10 01:50:55   step 1400/2500: loss=0.002319
2026-10-10 01:51:24   step 1500/2500: loss=0.002323
2026-10-10 01:51:52   step 1600/2500: loss=0.001787
2026-10-10 01:52:19   step 1700/2500: loss=0.002145
2026-10-10 01:52:47   step 1800/2500: loss=0.006074
2026-10-10 01:53:14   step 1900/2500: loss=0.002130
2026-10-10 01:53:42   step 2000/2500: loss=0.002199
2026-10-10 01:54:09   step 2100/2500: loss=0.001952
2026-10-10 01:54:37   step 2200/2500: loss=0.001889
2026-10-10 01:55:04   step 2300/2500: loss=0.007132
2026-10-10 01:55:32   step 2400/2500: loss=0.001557
2026-10-10 01:56:08 [pjrt_ffi] RESIDENT: @resnet50in160_fwd_eval holds 267 parameter tensors (97.7 MB) on 4 devices; they stop crossing PCIe from here
2026-10-10 01:57:03 Epoch 75/100: loss=0.004026 lr=0.001291
2026-10-10 01:57:03   epoch 75: test_acc = 37306/50000 = 74.612000%  top5 = 46008/50000 = 92.016000%  [95% CI 74.23–74.99]
2026-10-10 01:57:04   step 0/2500: loss=0.001860
2026-10-10 01:57:04   step 1/2500: loss=0.002076
2026-10-10 01:57:04   step 2/2500: loss=0.002504
2026-10-10 01:57:31   step 100/2500: loss=0.006816
2026-10-10 01:57:59   step 200/2500: loss=0.002075
2026-10-10 01:58:27   step 300/2500: loss=0.001338
2026-10-10 01:58:55   step 400/2500: loss=0.001748
2026-10-10 01:59:23   step 500/2500: loss=0.007573
2026-10-10 01:59:50   step 600/2500: loss=0.002415
2026-10-10 02:00:18   step 700/2500: loss=0.001625
2026-10-10 02:00:45   step 800/2500: loss=0.001984
2026-10-10 02:01:13   step 900/2500: loss=0.002096
2026-10-10 02:01:41   step 1000/2500: loss=0.006770
2026-10-10 02:02:09   step 1100/2500: loss=0.001768
2026-10-10 02:02:36   step 1200/2500: loss=0.001618
2026-10-10 02:03:05   step 1300/2500: loss=0.006925
2026-10-10 02:03:33   step 1400/2500: loss=0.002054
2026-10-10 02:04:00   step 1500/2500: loss=0.001806
2026-10-10 02:04:28   step 1600/2500: loss=0.001720
2026-10-10 02:04:56   step 1700/2500: loss=0.006776
2026-10-10 02:05:23   step 1800/2500: loss=0.006471
2026-10-10 02:05:51   step 1900/2500: loss=0.001668
2026-10-10 02:06:18   step 2000/2500: loss=0.001487
2026-10-10 02:06:45   step 2100/2500: loss=0.007205
2026-10-10 02:07:12   step 2200/2500: loss=0.002259
2026-10-10 02:07:39   step 2300/2500: loss=0.002059
2026-10-10 02:08:06   step 2400/2500: loss=0.002145
2026-10-10 02:08:43 [pjrt_ffi] RESIDENT: @resnet50in160_fwd_eval holds 267 parameter tensors (97.7 MB) on 4 devices; they stop crossing PCIe from here
2026-10-10 02:09:32 Epoch 76/100: loss=0.004057 lr=0.001195
2026-10-10 02:09:32   epoch 76: test_acc = 37196/50000 = 74.392000%  top5 = 45925/50000 = 91.850000%  [95% CI 74.01–74.77]
2026-10-10 02:09:33   step 0/2500: loss=0.007485
2026-10-10 02:09:33   step 1/2500: loss=0.001915
2026-10-10 02:09:33   step 2/2500: loss=0.002380
2026-10-10 02:10:01   step 100/2500: loss=0.007043
2026-10-10 02:10:29   step 200/2500: loss=0.002474
2026-10-10 02:10:56   step 300/2500: loss=0.001860
2026-10-10 02:11:24   step 400/2500: loss=0.001973
2026-10-10 02:11:51   step 500/2500: loss=0.001951
2026-10-10 02:12:19   step 600/2500: loss=0.001787
2026-10-10 02:12:46   step 700/2500: loss=0.001584
2026-10-10 02:13:12   step 800/2500: loss=0.006164
2026-10-10 02:13:40   step 900/2500: loss=0.002173
2026-10-10 02:14:07   step 1000/2500: loss=0.001900
2026-10-10 02:14:35   step 1100/2500: loss=0.002101
2026-10-10 02:15:02   step 1200/2500: loss=0.006847
2026-10-10 02:15:29   step 1300/2500: loss=0.001903
2026-10-10 02:15:56   step 1400/2500: loss=0.001869
2026-10-10 02:16:23   step 1500/2500: loss=0.001954
2026-10-10 02:16:50   step 1600/2500: loss=0.005898
2026-10-10 02:17:17   step 1700/2500: loss=0.002256
2026-10-10 02:17:45   step 1800/2500: loss=0.001710
2026-10-10 02:18:12   step 1900/2500: loss=0.002248
2026-10-10 02:18:39   step 2000/2500: loss=0.006386
2026-10-10 02:19:06   step 2100/2500: loss=0.002498
2026-10-10 02:19:33   step 2200/2500: loss=0.001873
2026-10-10 02:20:00   step 2300/2500: loss=0.002207
2026-10-10 02:20:27   step 2400/2500: loss=0.006452
2026-10-10 02:21:04 [pjrt_ffi] RESIDENT: @resnet50in160_fwd_eval holds 267 parameter tensors (97.7 MB) on 4 devices; they stop crossing PCIe from here
2026-10-10 02:21:48 Epoch 77/100: loss=0.003970 lr=0.001102
2026-10-10 02:21:48   epoch 77: test_acc = 37045/50000 = 74.090000%  top5 = 45872/50000 = 91.744000%  [95% CI 73.70–74.47]
2026-10-10 02:21:48   step 0/2500: loss=0.001894
2026-10-10 02:21:49   step 1/2500: loss=0.001813
2026-10-10 02:21:49   step 2/2500: loss=0.001854
2026-10-10 02:22:15   step 100/2500: loss=0.002074
2026-10-10 02:22:42   step 200/2500: loss=0.002043
2026-10-10 02:23:09   step 300/2500: loss=0.002843
2026-10-10 02:23:36   step 400/2500: loss=0.002457
2026-10-10 02:24:04   step 500/2500: loss=0.002070
2026-10-10 02:24:31   step 600/2500: loss=0.009663
2026-10-10 02:24:59   step 700/2500: loss=0.007434
2026-10-10 02:25:26   step 800/2500: loss=0.006826
2026-10-10 02:25:54   step 900/2500: loss=0.008919
2026-10-10 02:26:21   step 1000/2500: loss=0.001854
2026-10-10 02:26:49   step 1100/2500: loss=0.006506
2026-10-10 02:27:16   step 1200/2500: loss=0.006123
2026-10-10 02:27:44   step 1300/2500: loss=0.001776
2026-10-10 02:28:11   step 1400/2500: loss=0.002120
2026-10-10 02:28:38   step 1500/2500: loss=0.006360
2026-10-10 02:29:05   step 1600/2500: loss=0.001874
2026-10-10 02:29:33   step 1700/2500: loss=0.002021
2026-10-10 02:30:00   step 1800/2500: loss=0.001878
2026-10-10 02:30:28   step 1900/2500: loss=0.002722
2026-10-10 02:30:55   step 2000/2500: loss=0.006302
2026-10-10 02:31:21   step 2100/2500: loss=0.001900
2026-10-10 02:31:48   step 2200/2500: loss=0.001970
2026-10-10 02:32:15   step 2300/2500: loss=0.001780
2026-10-10 02:32:41   step 2400/2500: loss=0.006680
2026-10-10 02:33:18 [pjrt_ffi] RESIDENT: @resnet50in160_fwd_eval holds 267 parameter tensors (97.7 MB) on 4 devices; they stop crossing PCIe from here
2026-10-10 02:34:12 Epoch 78/100: loss=0.004074 lr=0.001013
2026-10-10 02:34:12   epoch 78: test_acc = 37605/50000 = 75.210000%  top5 = 46120/50000 = 92.240000%  [95% CI 74.83–75.59]
2026-10-10 02:34:13   step 0/2500: loss=0.008726
2026-10-10 02:34:13   step 1/2500: loss=0.005972
2026-10-10 02:34:14   step 2/2500: loss=0.001992
2026-10-10 02:34:40   step 100/2500: loss=0.001539
2026-10-10 02:35:06   step 200/2500: loss=0.006554
2026-10-10 02:35:33   step 300/2500: loss=0.002815
2026-10-10 02:36:01   step 400/2500: loss=0.001752
2026-10-10 02:36:28   step 500/2500: loss=0.001660
2026-10-10 02:36:55   step 600/2500: loss=0.002038
2026-10-10 02:37:23   step 700/2500: loss=0.007499
2026-10-10 02:37:50   step 800/2500: loss=0.001648
2026-10-10 02:38:17   step 900/2500: loss=0.001601
2026-10-10 02:38:44   step 1000/2500: loss=0.005850
2026-10-10 02:39:12   step 1100/2500: loss=0.006286
2026-10-10 02:39:39   step 1200/2500: loss=0.001971
2026-10-10 02:40:06   step 1300/2500: loss=0.009350
2026-10-10 02:40:34   step 1400/2500: loss=0.002418
2026-10-10 02:41:00   step 1500/2500: loss=0.002643
2026-10-10 02:41:27   step 1600/2500: loss=0.001707
2026-10-10 02:41:54   step 1700/2500: loss=0.001915
2026-10-10 02:42:21   step 1800/2500: loss=0.006127
2026-10-10 02:42:48   step 1900/2500: loss=0.007568
2026-10-10 02:43:15   step 2000/2500: loss=0.002043
2026-10-10 02:43:42   step 2100/2500: loss=0.002503
2026-10-10 02:44:09   step 2200/2500: loss=0.006597
2026-10-10 02:44:36   step 2300/2500: loss=0.002092
2026-10-10 02:45:03   step 2400/2500: loss=0.001485
2026-10-10 02:45:40 [pjrt_ffi] RESIDENT: @resnet50in160_fwd_eval holds 267 parameter tensors (97.7 MB) on 4 devices; they stop crossing PCIe from here
2026-10-10 02:46:36 Epoch 79/100: loss=0.003986 lr=0.000927
2026-10-10 02:46:36   epoch 79: test_acc = 37885/50000 = 75.770000%  top5 = 46325/50000 = 92.650000%  [95% CI 75.39–76.14]
2026-10-10 02:46:37   step 0/2500: loss=0.001844
2026-10-10 02:46:37   step 1/2500: loss=0.005952
2026-10-10 02:46:38   step 2/2500: loss=0.002037
2026-10-10 02:47:04   step 100/2500: loss=0.005974
2026-10-10 02:47:31   step 200/2500: loss=0.001990
2026-10-10 02:47:58   step 300/2500: loss=0.001636
2026-10-10 02:48:25   step 400/2500: loss=0.001686
2026-10-10 02:48:52   step 500/2500: loss=0.001903
2026-10-10 02:49:19   step 600/2500: loss=0.006821
2026-10-10 02:49:47   step 700/2500: loss=0.002020
2026-10-10 02:50:14   step 800/2500: loss=0.001773
2026-10-10 02:50:41   step 900/2500: loss=0.006252
2026-10-10 02:51:09   step 1000/2500: loss=0.007340
2026-10-10 02:51:36   step 1100/2500: loss=0.001851
2026-10-10 02:52:03   step 1200/2500: loss=0.001963
2026-10-10 02:52:31   step 1300/2500: loss=0.002136
2026-10-10 02:52:58   step 1400/2500: loss=0.002603
2026-10-10 02:53:25   step 1500/2500: loss=0.008793
2026-10-10 02:53:52   step 1600/2500: loss=0.001707
2026-10-10 02:54:20   step 1700/2500: loss=0.006914
2026-10-10 02:54:47   step 1800/2500: loss=0.001687
2026-10-10 02:55:14   step 1900/2500: loss=0.001655
2026-10-10 02:55:41   step 2000/2500: loss=0.009254
2026-10-10 02:56:08   step 2100/2500: loss=0.006505
2026-10-10 02:56:35   step 2200/2500: loss=0.005742
2026-10-10 02:57:01   step 2300/2500: loss=0.001716
2026-10-10 02:57:28   step 2400/2500: loss=0.001417
2026-10-10 02:58:06 [pjrt_ffi] RESIDENT: @resnet50in160_fwd_eval holds 267 parameter tensors (97.7 MB) on 4 devices; they stop crossing PCIe from here
2026-10-10 02:59:07 Epoch 80/100: loss=0.003907 lr=0.000844
2026-10-10 02:59:07   epoch 80: test_acc = 37814/50000 = 75.628000%  top5 = 46307/50000 = 92.614000%  [95% CI 75.25–76.00]
2026-10-10 02:59:12   ▸ shim respawn: producer 7 of 8 replaced after epoch 80 (generation 8, seed 72)
2026-10-10 02:59:12   step 0/2500: loss=0.001611
2026-10-10 02:59:13   step 1/2500: loss=0.009119
2026-10-10 02:59:13   step 2/2500: loss=0.001888
2026-10-10 02:59:42   step 100/2500: loss=0.006224
2026-10-10 03:00:09   step 200/2500: loss=0.002017
2026-10-10 03:00:36   step 300/2500: loss=0.001922
2026-10-10 03:01:04   step 400/2500: loss=0.007568
2026-10-10 03:01:31   step 500/2500: loss=0.006773
2026-10-10 03:01:59   step 600/2500: loss=0.001676
2026-10-10 03:02:27   step 700/2500: loss=0.009322
2026-10-10 03:02:54   step 800/2500: loss=0.006028
2026-10-10 03:03:22   step 900/2500: loss=0.006901
2026-10-10 03:03:50   step 1000/2500: loss=0.002013
2026-10-10 03:04:18   step 1100/2500: loss=0.008787
2026-10-10 03:04:45   step 1200/2500: loss=0.006484
2026-10-10 03:05:13   step 1300/2500: loss=0.006648
2026-10-10 03:05:40   step 1400/2500: loss=0.001655
2026-10-10 03:06:08   step 1500/2500: loss=0.001727
2026-10-10 03:06:35   step 1600/2500: loss=0.006314
2026-10-10 03:07:03   step 1700/2500: loss=0.006009
2026-10-10 03:07:30   step 1800/2500: loss=0.001927
2026-10-10 03:07:58   step 1900/2500: loss=0.001913
2026-10-10 03:08:25   step 2000/2500: loss=0.006045
2026-10-10 03:08:53   step 2100/2500: loss=0.001475
2026-10-10 03:09:20   step 2200/2500: loss=0.001933
2026-10-10 03:09:47   step 2300/2500: loss=0.008701
2026-10-10 03:10:15   step 2400/2500: loss=0.007772
2026-10-10 03:10:51 [pjrt_ffi] RESIDENT: @resnet50in160_fwd_eval holds 267 parameter tensors (97.7 MB) on 4 devices; they stop crossing PCIe from here
2026-10-10 03:11:56 Epoch 81/100: loss=0.003877 lr=0.000764
2026-10-10 03:11:56   epoch 81: test_acc = 37857/50000 = 75.714000%  top5 = 46264/50000 = 92.528000%  [95% CI 75.34–76.09]
2026-10-10 03:11:56   step 0/2500: loss=0.002364
2026-10-10 03:11:56   step 1/2500: loss=0.001854
2026-10-10 03:11:57   step 2/2500: loss=0.005766
2026-10-10 03:12:24   step 100/2500: loss=0.001996
2026-10-10 03:12:51   step 200/2500: loss=0.001614
2026-10-10 03:13:18   step 300/2500: loss=0.002116
2026-10-10 03:13:47   step 400/2500: loss=0.006671
2026-10-10 03:14:15   step 500/2500: loss=0.001476
2026-10-10 03:14:43   step 600/2500: loss=0.008923
2026-10-10 03:15:10   step 700/2500: loss=0.002294
2026-10-10 03:15:38   step 800/2500: loss=0.006056
2026-10-10 03:16:05   step 900/2500: loss=0.001883
2026-10-10 03:16:33   step 1000/2500: loss=0.008304
2026-10-10 03:17:01   step 1100/2500: loss=0.005971
2026-10-10 03:17:28   step 1200/2500: loss=0.006050
2026-10-10 03:17:57   step 1300/2500: loss=0.001966
2026-10-10 03:18:24   step 1400/2500: loss=0.001771
2026-10-10 03:18:52   step 1500/2500: loss=0.007079
2026-10-10 03:19:20   step 1600/2500: loss=0.001829
2026-10-10 03:19:48   step 1700/2500: loss=0.001601
2026-10-10 03:20:16   step 1800/2500: loss=0.001594
2026-10-10 03:20:43   step 1900/2500: loss=0.005832
2026-10-10 03:21:10   step 2000/2500: loss=0.006913
2026-10-10 03:21:38   step 2100/2500: loss=0.001726
2026-10-10 03:22:06   step 2200/2500: loss=0.001714
2026-10-10 03:22:33   step 2300/2500: loss=0.002108
2026-10-10 03:23:00   step 2400/2500: loss=0.006213
2026-10-10 03:23:40 [pjrt_ffi] RESIDENT: @resnet50in160_fwd_eval holds 267 parameter tensors (97.7 MB) on 4 devices; they stop crossing PCIe from here
2026-10-10 03:24:35 Epoch 82/100: loss=0.003818 lr=0.000688
2026-10-10 03:24:35   epoch 82: test_acc = 37887/50000 = 75.774000%  top5 = 46340/50000 = 92.680000%  [95% CI 75.40–76.15]
2026-10-10 03:24:36   step 0/2500: loss=0.002446
2026-10-10 03:24:36   step 1/2500: loss=0.007145
2026-10-10 03:24:36   step 2/2500: loss=0.009365
2026-10-10 03:25:03   step 100/2500: loss=0.001566
2026-10-10 03:25:30   step 200/2500: loss=0.006060
2026-10-10 03:25:57   step 300/2500: loss=0.002172
2026-10-10 03:26:25   step 400/2500: loss=0.008917
2026-10-10 03:26:53   step 500/2500: loss=0.001889
2026-10-10 03:27:21   step 600/2500: loss=0.006305
2026-10-10 03:27:48   step 700/2500: loss=0.002095
2026-10-10 03:28:16   step 800/2500: loss=0.001542
2026-10-10 03:28:43   step 900/2500: loss=0.001527
2026-10-10 03:29:11   step 1000/2500: loss=0.005765
2026-10-10 03:29:39   step 1100/2500: loss=0.006316
2026-10-10 03:30:07   step 1200/2500: loss=0.001735
2026-10-10 03:30:35   step 1300/2500: loss=0.002053
2026-10-10 03:31:03   step 1400/2500: loss=0.006726
2026-10-10 03:31:31   step 1500/2500: loss=0.006939
2026-10-10 03:31:58   step 1600/2500: loss=0.001592
2026-10-10 03:32:26   step 1700/2500: loss=0.001593
2026-10-10 03:32:53   step 1800/2500: loss=0.006533
2026-10-10 03:33:20   step 1900/2500: loss=0.001597
2026-10-10 03:33:48   step 2000/2500: loss=0.001557
2026-10-10 03:34:15   step 2100/2500: loss=0.001905
2026-10-10 03:34:42   step 2200/2500: loss=0.006680
2026-10-10 03:35:09   step 2300/2500: loss=0.001620
2026-10-10 03:35:36   step 2400/2500: loss=0.001754
2026-10-10 03:36:13 [pjrt_ffi] RESIDENT: @resnet50in160_fwd_eval holds 267 parameter tensors (97.7 MB) on 4 devices; they stop crossing PCIe from here
2026-10-10 03:37:12 Epoch 83/100: loss=0.003853 lr=0.000616
2026-10-10 03:37:12   epoch 83: test_acc = 38268/50000 = 76.536000%  top5 = 46479/50000 = 92.958000%  [95% CI 76.16–76.91]
2026-10-10 03:37:12   step 0/2500: loss=0.008703
2026-10-10 03:37:13   step 1/2500: loss=0.006309
2026-10-10 03:37:13   step 2/2500: loss=0.001775
2026-10-10 03:37:40   step 100/2500: loss=0.006235
2026-10-10 03:38:07   step 200/2500: loss=0.006284
2026-10-10 03:38:34   step 300/2500: loss=0.001610
2026-10-10 03:39:02   step 400/2500: loss=0.001942
2026-10-10 03:39:29   step 500/2500: loss=0.005976
2026-10-10 03:39:57   step 600/2500: loss=0.006390
2026-10-10 03:40:24   step 700/2500: loss=0.001670
2026-10-10 03:40:52   step 800/2500: loss=0.001498
2026-10-10 03:41:19   step 900/2500: loss=0.006255
2026-10-10 03:41:47   step 1000/2500: loss=0.005955
2026-10-10 03:42:14   step 1100/2500: loss=0.008461
2026-10-10 03:42:42   step 1200/2500: loss=0.001724
2026-10-10 03:43:09   step 1300/2500: loss=0.005898
2026-10-10 03:43:36   step 1400/2500: loss=0.006034
2026-10-10 03:44:04   step 1500/2500: loss=0.008583
2026-10-10 03:44:31   step 1600/2500: loss=0.002030
2026-10-10 03:44:58   step 1700/2500: loss=0.005743
2026-10-10 03:45:25   step 1800/2500: loss=0.006217
2026-10-10 03:45:53   step 1900/2500: loss=0.001660
2026-10-10 03:46:20   step 2000/2500: loss=0.002079
2026-10-10 03:46:47   step 2100/2500: loss=0.001697
2026-10-10 03:47:14   step 2200/2500: loss=0.006512
2026-10-10 03:47:42   step 2300/2500: loss=0.002355
2026-10-10 03:48:09   step 2400/2500: loss=0.001569
2026-10-10 03:48:47 [pjrt_ffi] RESIDENT: @resnet50in160_fwd_eval holds 267 parameter tensors (97.7 MB) on 4 devices; they stop crossing PCIe from here
2026-10-10 03:49:48 Epoch 84/100: loss=0.003761 lr=0.000547
2026-10-10 03:49:48   epoch 84: test_acc = 38317/50000 = 76.634000%  top5 = 46515/50000 = 93.030000%  [95% CI 76.26–77.00]
2026-10-10 03:49:49   step 0/2500: loss=0.005171
2026-10-10 03:49:49   step 1/2500: loss=0.001945
2026-10-10 03:49:49   step 2/2500: loss=0.006505
2026-10-10 03:50:16   step 100/2500: loss=0.005710
2026-10-10 03:50:43   step 200/2500: loss=0.001430
2026-10-10 03:51:11   step 300/2500: loss=0.008607
2026-10-10 03:51:38   step 400/2500: loss=0.005981
2026-10-10 03:52:06   step 500/2500: loss=0.007176
2026-10-10 03:52:33   step 600/2500: loss=0.001993
2026-10-10 03:53:01   step 700/2500: loss=0.009223
2026-10-10 03:53:28   step 800/2500: loss=0.005420
2026-10-10 03:53:55   step 900/2500: loss=0.002175
2026-10-10 03:54:22   step 1000/2500: loss=0.001827
2026-10-10 03:54:50   step 1100/2500: loss=0.001633
2026-10-10 03:55:17   step 1200/2500: loss=0.006438
2026-10-10 03:55:46   step 1300/2500: loss=0.006476
2026-10-10 03:56:13   step 1400/2500: loss=0.001834
2026-10-10 03:56:40   step 1500/2500: loss=0.001921
2026-10-10 03:57:08   step 1600/2500: loss=0.005947
2026-10-10 03:57:35   step 1700/2500: loss=0.005644
2026-10-10 03:58:03   step 1800/2500: loss=0.001797
2026-10-10 03:58:30   step 1900/2500: loss=0.001866
2026-10-10 03:58:57   step 2000/2500: loss=0.001957
2026-10-10 03:59:24   step 2100/2500: loss=0.006535
2026-10-10 03:59:52   step 2200/2500: loss=0.009009
2026-10-10 04:00:19   step 2300/2500: loss=0.001842
2026-10-10 04:00:46   step 2400/2500: loss=0.005962
2026-10-10 04:01:23 [pjrt_ffi] RESIDENT: @resnet50in160_fwd_eval holds 267 parameter tensors (97.7 MB) on 4 devices; they stop crossing PCIe from here
2026-10-10 04:02:28 Epoch 85/100: loss=0.003741 lr=0.000482
2026-10-10 04:02:28   epoch 85: test_acc = 38393/50000 = 76.786000%  top5 = 46643/50000 = 93.286000%  [95% CI 76.41–77.15]
2026-10-10 04:02:29   step 0/2500: loss=0.001417
2026-10-10 04:02:29   step 1/2500: loss=0.002297
2026-10-10 04:02:29   step 2/2500: loss=0.006440
2026-10-10 04:02:56   step 100/2500: loss=0.001720
2026-10-10 04:03:23   step 200/2500: loss=0.002008
2026-10-10 04:03:51   step 300/2500: loss=0.006697
2026-10-10 04:04:19   step 400/2500: loss=0.006421
2026-10-10 04:04:47   step 500/2500: loss=0.001770
2026-10-10 04:05:15   step 600/2500: loss=0.001780
2026-10-10 04:05:43   step 700/2500: loss=0.006529
2026-10-10 04:06:10   step 800/2500: loss=0.006007
2026-10-10 04:06:38   step 900/2500: loss=0.002132
2026-10-10 04:07:05   step 1000/2500: loss=0.001632
2026-10-10 04:07:33   step 1100/2500: loss=0.002297
2026-10-10 04:08:00   step 1200/2500: loss=0.006684
2026-10-10 04:08:28   step 1300/2500: loss=0.001714
2026-10-10 04:08:55   step 1400/2500: loss=0.001174
2026-10-10 04:09:23   step 1500/2500: loss=0.007093
2026-10-10 04:09:50   step 1600/2500: loss=0.005943
2026-10-10 04:10:18   step 1700/2500: loss=0.001542
2026-10-10 04:10:45   step 1800/2500: loss=0.002010
2026-10-10 04:11:13   step 1900/2500: loss=0.006113
2026-10-10 04:11:40   step 2000/2500: loss=0.005914
2026-10-10 04:12:08   step 2100/2500: loss=0.001621
2026-10-10 04:12:35   step 2200/2500: loss=0.001880
2026-10-10 04:13:03   step 2300/2500: loss=0.002186
2026-10-10 04:13:30   step 2400/2500: loss=0.006494
2026-10-10 04:14:08 [pjrt_ffi] RESIDENT: @resnet50in160_fwd_eval holds 267 parameter tensors (97.7 MB) on 4 devices; they stop crossing PCIe from here
2026-10-10 04:15:11 Epoch 86/100: loss=0.003700 lr=0.000421
2026-10-10 04:15:11   epoch 86: test_acc = 38613/50000 = 77.226000%  top5 = 46642/50000 = 93.284000%  [95% CI 76.86–77.59]
2026-10-10 04:15:12   step 0/2500: loss=0.001630
2026-10-10 04:15:12   step 1/2500: loss=0.006485
2026-10-10 04:15:12   step 2/2500: loss=0.001413
2026-10-10 04:15:39   step 100/2500: loss=0.001479
2026-10-10 04:16:06   step 200/2500: loss=0.007351
2026-10-10 04:16:34   step 300/2500: loss=0.001651
2026-10-10 04:17:02   step 400/2500: loss=0.002009
2026-10-10 04:17:30   step 500/2500: loss=0.001813
2026-10-10 04:17:58   step 600/2500: loss=0.007110
2026-10-10 04:18:25   step 700/2500: loss=0.006516
2026-10-10 04:18:53   step 800/2500: loss=0.001623
2026-10-10 04:19:20   step 900/2500: loss=0.001636
2026-10-10 04:19:49   step 1000/2500: loss=0.006096
2026-10-10 04:20:17   step 1100/2500: loss=0.006223
2026-10-10 04:20:44   step 1200/2500: loss=0.002201
2026-10-10 04:21:12   step 1300/2500: loss=0.002047
2026-10-10 04:21:40   step 1400/2500: loss=0.001672
2026-10-10 04:22:08   step 1500/2500: loss=0.006310
2026-10-10 04:22:36   step 1600/2500: loss=0.001524
2026-10-10 04:23:04   step 1700/2500: loss=0.002132
2026-10-10 04:23:31   step 1800/2500: loss=0.002214
2026-10-10 04:23:59   step 1900/2500: loss=0.006483
2026-10-10 04:24:27   step 2000/2500: loss=0.008978
2026-10-10 04:24:54   step 2100/2500: loss=0.001733
2026-10-10 04:25:21   step 2200/2500: loss=0.005402
2026-10-10 04:25:49   step 2300/2500: loss=0.005933
2026-10-10 04:26:17   step 2400/2500: loss=0.001563
2026-10-10 04:26:53 [pjrt_ffi] RESIDENT: @resnet50in160_fwd_eval holds 267 parameter tensors (97.7 MB) on 4 devices; they stop crossing PCIe from here
2026-10-10 04:27:50 Epoch 87/100: loss=0.003711 lr=0.000364
2026-10-10 04:27:50   epoch 87: test_acc = 38456/50000 = 76.912000%  top5 = 46662/50000 = 93.324000%  [95% CI 76.54–77.28]
2026-10-10 04:27:51   step 0/2500: loss=0.001823
2026-10-10 04:27:51   step 1/2500: loss=0.006057
2026-10-10 04:27:52   step 2/2500: loss=0.001575
2026-10-10 04:28:19   step 100/2500: loss=0.001643
2026-10-10 04:28:46   step 200/2500: loss=0.005792
2026-10-10 04:29:14   step 300/2500: loss=0.001635
2026-10-10 04:29:42   step 400/2500: loss=0.001677
2026-10-10 04:30:10   step 500/2500: loss=0.006010
2026-10-10 04:30:38   step 600/2500: loss=0.002068
2026-10-10 04:31:05   step 700/2500: loss=0.001587
2026-10-10 04:31:33   step 800/2500: loss=0.008563
2026-10-10 04:32:01   step 900/2500: loss=0.005716
2026-10-10 04:32:29   step 1000/2500: loss=0.001945
2026-10-10 04:32:58   step 1100/2500: loss=0.002564
2026-10-10 04:33:28   step 1200/2500: loss=0.001794
2026-10-10 04:33:58   step 1300/2500: loss=0.002109
2026-10-10 04:34:27   step 1400/2500: loss=0.005806
2026-10-10 04:34:57   step 1500/2500: loss=0.001605
2026-10-10 04:35:25   step 1600/2500: loss=0.001584
2026-10-10 04:35:53   step 1700/2500: loss=0.006132
2026-10-10 04:36:21   step 1800/2500: loss=0.006581
2026-10-10 04:36:49   step 1900/2500: loss=0.008819
2026-10-10 04:37:17   step 2000/2500: loss=0.008401
2026-10-10 04:37:44   step 2100/2500: loss=0.001663
2026-10-10 04:38:12   step 2200/2500: loss=0.006916
2026-10-10 04:38:39   step 2300/2500: loss=0.001602
2026-10-10 04:39:06   step 2400/2500: loss=0.001587
2026-10-10 04:39:45 [pjrt_ffi] RESIDENT: @resnet50in160_fwd_eval holds 267 parameter tensors (97.7 MB) on 4 devices; they stop crossing PCIe from here
2026-10-10 04:40:34 Epoch 88/100: loss=0.003666 lr=0.000311
2026-10-10 04:40:34   epoch 88: test_acc = 38577/50000 = 77.154000%  top5 = 46700/50000 = 93.400000%  [95% CI 76.78–77.52]
2026-10-10 04:40:34   step 0/2500: loss=0.001957
2026-10-10 04:40:34   step 1/2500: loss=0.002065
2026-10-10 04:40:35   step 2/2500: loss=0.005952
2026-10-10 04:41:01   step 100/2500: loss=0.006626
2026-10-10 04:41:29   step 200/2500: loss=0.001855
2026-10-10 04:41:57   step 300/2500: loss=0.001835
2026-10-10 04:42:24   step 400/2500: loss=0.006440
2026-10-10 04:42:52   step 500/2500: loss=0.006546
2026-10-10 04:43:19   step 600/2500: loss=0.001567
2026-10-10 04:43:47   step 700/2500: loss=0.008797
2026-10-10 04:44:14   step 800/2500: loss=0.006306
2026-10-10 04:44:42   step 900/2500: loss=0.006332
2026-10-10 04:45:10   step 1000/2500: loss=0.001540
2026-10-10 04:45:38   step 1100/2500: loss=0.001868
2026-10-10 04:46:06   step 1200/2500: loss=0.001657
2026-10-10 04:46:35   step 1300/2500: loss=0.006154
2026-10-10 04:47:03   step 1400/2500: loss=0.001752
2026-10-10 04:47:30   step 1500/2500: loss=0.001921
2026-10-10 04:47:58   step 1600/2500: loss=0.006325
2026-10-10 04:48:25   step 1700/2500: loss=0.005825
2026-10-10 04:48:53   step 1800/2500: loss=0.008642
2026-10-10 04:49:20   step 1900/2500: loss=0.001651
2026-10-10 04:49:48   step 2000/2500: loss=0.005843
2026-10-10 04:50:15   step 2100/2500: loss=0.005860
2026-10-10 04:50:43   step 2200/2500: loss=0.001634
2026-10-10 04:51:11   step 2300/2500: loss=0.008296
2026-10-10 04:51:38   step 2400/2500: loss=0.006132
2026-10-10 04:52:19 [pjrt_ffi] RESIDENT: @resnet50in160_fwd_eval holds 267 parameter tensors (97.7 MB) on 4 devices; they stop crossing PCIe from here
2026-10-10 04:53:12 Epoch 89/100: loss=0.003649 lr=0.000262
2026-10-10 04:53:12   epoch 89: test_acc = 38634/50000 = 77.268000%  top5 = 46701/50000 = 93.402000%  [95% CI 76.90–77.63]
2026-10-10 04:53:13   step 0/2500: loss=0.006253
2026-10-10 04:53:13   step 1/2500: loss=0.002273
2026-10-10 04:53:13   step 2/2500: loss=0.005820
2026-10-10 04:53:41   step 100/2500: loss=0.001557
2026-10-10 04:54:09   step 200/2500: loss=0.002051
2026-10-10 04:54:37   step 300/2500: loss=0.005731
2026-10-10 04:55:05   step 400/2500: loss=0.006053
2026-10-10 04:55:32   step 500/2500: loss=0.002026
2026-10-10 04:56:00   step 600/2500: loss=0.001666
2026-10-10 04:56:28   step 700/2500: loss=0.001774
2026-10-10 04:56:56   step 800/2500: loss=0.005681
2026-10-10 04:57:24   step 900/2500: loss=0.001724
2026-10-10 04:57:53   step 1000/2500: loss=0.001598
2026-10-10 04:58:21   step 1100/2500: loss=0.006078
2026-10-10 04:58:51   step 1200/2500: loss=0.006016
2026-10-10 04:59:20   step 1300/2500: loss=0.001591
2026-10-10 04:59:48   step 1400/2500: loss=0.001389
2026-10-10 05:00:15   step 1500/2500: loss=0.006547
2026-10-10 05:00:43   step 1600/2500: loss=0.001533
2026-10-10 05:01:11   step 1700/2500: loss=0.001717
2026-10-10 05:01:38   step 1800/2500: loss=0.001528
2026-10-10 05:02:06   step 1900/2500: loss=0.006043
2026-10-10 05:02:33   step 2000/2500: loss=0.001491
2026-10-10 05:03:00   step 2100/2500: loss=0.001438
2026-10-10 05:03:28   step 2200/2500: loss=0.001504
2026-10-10 05:03:55   step 2300/2500: loss=0.006888
2026-10-10 05:04:23   step 2400/2500: loss=0.005959
2026-10-10 05:05:01 [pjrt_ffi] RESIDENT: @resnet50in160_fwd_eval holds 267 parameter tensors (97.7 MB) on 4 devices; they stop crossing PCIe from here
2026-10-10 05:06:04 Epoch 90/100: loss=0.003654 lr=0.000217
2026-10-10 05:06:04   epoch 90: test_acc = 38759/50000 = 77.518000%  top5 = 46791/50000 = 93.582000%  [95% CI 77.15–77.88]
2026-10-10 05:06:09   ▸ shim respawn: producer 0 of 8 replaced after epoch 90 (generation 9, seed 73)
2026-10-10 05:06:12   step 0/2500: loss=0.001452
2026-10-10 05:06:12   step 1/2500: loss=0.006606
2026-10-10 05:06:12   step 2/2500: loss=0.008224
2026-10-10 05:06:39   step 100/2500: loss=0.001963
2026-10-10 05:07:07   step 200/2500: loss=0.006006
2026-10-10 05:07:34   step 300/2500: loss=0.001572
2026-10-10 05:08:02   step 400/2500: loss=0.001308
2026-10-10 05:08:31   step 500/2500: loss=0.001925
2026-10-10 05:08:59   step 600/2500: loss=0.002211
2026-10-10 05:09:27   step 700/2500: loss=0.006306
2026-10-10 05:09:55   step 800/2500: loss=0.001815
2026-10-10 05:10:23   step 900/2500: loss=0.002085
2026-10-10 05:10:51   step 1000/2500: loss=0.006398
2026-10-10 05:11:18   step 1100/2500: loss=0.006374
2026-10-10 05:11:46   step 1200/2500: loss=0.002017
2026-10-10 05:12:14   step 1300/2500: loss=0.001535
2026-10-10 05:12:42   step 1400/2500: loss=0.006215
2026-10-10 05:13:09   step 1500/2500: loss=0.006810
2026-10-10 05:13:37   step 1600/2500: loss=0.001693
2026-10-10 05:14:05   step 1700/2500: loss=0.001635
2026-10-10 05:14:33   step 1800/2500: loss=0.006029
2026-10-10 05:15:00   step 1900/2500: loss=0.006212
2026-10-10 05:15:28   step 2000/2500: loss=0.008711
2026-10-10 05:15:55   step 2100/2500: loss=0.001444
2026-10-10 05:16:23   step 2200/2500: loss=0.001871
2026-10-10 05:16:50   step 2300/2500: loss=0.006236
2026-10-10 05:17:18   step 2400/2500: loss=0.001617
2026-10-10 05:17:57 [pjrt_ffi] RESIDENT: @resnet50in160_fwd_eval holds 267 parameter tensors (97.7 MB) on 4 devices; they stop crossing PCIe from here
2026-10-10 05:18:57 Epoch 91/100: loss=0.003688 lr=0.000176
2026-10-10 05:18:57   epoch 91: test_acc = 38815/50000 = 77.630000%  top5 = 46768/50000 = 93.536000%  [95% CI 77.26–77.99]
2026-10-10 05:18:58   step 0/2500: loss=0.001704
2026-10-10 05:18:58   step 1/2500: loss=0.001840
2026-10-10 05:18:58   step 2/2500: loss=0.001609
2026-10-10 05:19:25   step 100/2500: loss=0.005650
2026-10-10 05:19:53   step 200/2500: loss=0.006445
2026-10-10 05:20:21   step 300/2500: loss=0.001977
2026-10-10 05:20:48   step 400/2500: loss=0.008949
2026-10-10 05:21:16   step 500/2500: loss=0.005421
2026-10-10 05:21:44   step 600/2500: loss=0.002078
2026-10-10 05:22:12   step 700/2500: loss=0.001945
2026-10-10 05:22:42   step 800/2500: loss=0.001595
2026-10-10 05:23:12   step 900/2500: loss=0.006815
2026-10-10 05:23:41   step 1000/2500: loss=0.001860
2026-10-10 05:24:11   step 1100/2500: loss=0.001674
2026-10-10 05:24:41   step 1200/2500: loss=0.001533
2026-10-10 05:25:11   step 1300/2500: loss=0.005713
2026-10-10 05:25:40   step 1400/2500: loss=0.005577
2026-10-10 05:26:10   step 1500/2500: loss=0.001392
2026-10-10 05:26:39   step 1600/2500: loss=0.001806
2026-10-10 05:27:08   step 1700/2500: loss=0.001958
2026-10-10 05:27:36   step 1800/2500: loss=0.006217
2026-10-10 05:28:04   step 1900/2500: loss=0.001335
2026-10-10 05:28:32   step 2000/2500: loss=0.001801
2026-10-10 05:28:59   step 2100/2500: loss=0.005737
2026-10-10 05:29:27   step 2200/2500: loss=0.006826
2026-10-10 05:29:55   step 2300/2500: loss=0.008461
2026-10-10 05:30:23   step 2400/2500: loss=0.008446
2026-10-10 05:31:01 [pjrt_ffi] RESIDENT: @resnet50in160_fwd_eval holds 267 parameter tensors (97.7 MB) on 4 devices; they stop crossing PCIe from here
2026-10-10 05:31:45 Epoch 92/100: loss=0.003590 lr=0.000139
2026-10-10 05:31:45   epoch 92: test_acc = 38898/50000 = 77.796000%  top5 = 46804/50000 = 93.608000%  [95% CI 77.43–78.16]
2026-10-10 05:31:45   step 0/2500: loss=0.006386
2026-10-10 05:31:46   step 1/2500: loss=0.008788
2026-10-10 05:31:46   step 2/2500: loss=0.001798
2026-10-10 05:32:13   step 100/2500: loss=0.006162
2026-10-10 05:32:42   step 200/2500: loss=0.001717
2026-10-10 05:33:10   step 300/2500: loss=0.002152
2026-10-10 05:33:38   step 400/2500: loss=0.006636
2026-10-10 05:34:07   step 500/2500: loss=0.005912
2026-10-10 05:34:35   step 600/2500: loss=0.001487
2026-10-10 05:35:03   step 700/2500: loss=0.001640
2026-10-10 05:35:31   step 800/2500: loss=0.005450
2026-10-10 05:35:59   step 900/2500: loss=0.001943
2026-10-10 05:36:28   step 1000/2500: loss=0.001352
2026-10-10 05:36:56   step 1100/2500: loss=0.001541
2026-10-10 05:37:24   step 1200/2500: loss=0.001653
2026-10-10 05:37:52   step 1300/2500: loss=0.006423
2026-10-10 05:38:21   step 1400/2500: loss=0.001774
2026-10-10 05:38:49   step 1500/2500: loss=0.001869
2026-10-10 05:39:17   step 1600/2500: loss=0.006102
2026-10-10 05:39:45   step 1700/2500: loss=0.001803
2026-10-10 05:40:13   step 1800/2500: loss=0.001702
2026-10-10 05:40:41   step 1900/2500: loss=0.001388
2026-10-10 05:41:09   step 2000/2500: loss=0.005759
2026-10-10 05:41:37   step 2100/2500: loss=0.005505
2026-10-10 05:42:04   step 2200/2500: loss=0.001629
2026-10-10 05:42:32   step 2300/2500: loss=0.001275
2026-10-10 05:43:00   step 2400/2500: loss=0.006177
2026-10-10 05:43:37 [pjrt_ffi] RESIDENT: @resnet50in160_fwd_eval holds 267 parameter tensors (97.7 MB) on 4 devices; they stop crossing PCIe from here
2026-10-10 05:44:20 Epoch 93/100: loss=0.003581 lr=0.000107
2026-10-10 05:44:20   epoch 93: test_acc = 38859/50000 = 77.718000%  top5 = 46818/50000 = 93.636000%  [95% CI 77.35–78.08]
2026-10-10 05:44:21   step 0/2500: loss=0.006178
2026-10-10 05:44:21   step 1/2500: loss=0.001885
2026-10-10 05:44:21   step 2/2500: loss=0.005364
2026-10-10 05:44:48   step 100/2500: loss=0.001934
2026-10-10 05:45:16   step 200/2500: loss=0.002155
2026-10-10 05:45:44   step 300/2500: loss=0.001606
2026-10-10 05:46:12   step 400/2500: loss=0.006336
2026-10-10 05:46:40   step 500/2500: loss=0.001748
2026-10-10 05:47:08   step 600/2500: loss=0.008287
2026-10-10 05:47:35   step 700/2500: loss=0.005578
2026-10-10 05:48:03   step 800/2500: loss=0.001897
2026-10-10 05:48:31   step 900/2500: loss=0.002014
2026-10-10 05:48:59   step 1000/2500: loss=0.008437
2026-10-10 05:49:27   step 1100/2500: loss=0.006890
2026-10-10 05:49:55   step 1200/2500: loss=0.005989
2026-10-10 05:50:24   step 1300/2500: loss=0.001813
2026-10-10 05:50:51   step 1400/2500: loss=0.002007
2026-10-10 05:51:19   step 1500/2500: loss=0.006089
2026-10-10 05:51:47   step 1600/2500: loss=0.006306
2026-10-10 05:52:15   step 1700/2500: loss=0.001299
2026-10-10 05:52:43   step 1800/2500: loss=0.001637
2026-10-10 05:53:11   step 1900/2500: loss=0.006253
2026-10-10 05:53:38   step 2000/2500: loss=0.006593
2026-10-10 05:54:07   step 2100/2500: loss=0.001788
2026-10-10 05:54:35   step 2200/2500: loss=0.001858
2026-10-10 05:55:03   step 2300/2500: loss=0.006014
2026-10-10 05:55:30   step 2400/2500: loss=0.001604
2026-10-10 05:56:07 [pjrt_ffi] RESIDENT: @resnet50in160_fwd_eval holds 267 parameter tensors (97.7 MB) on 4 devices; they stop crossing PCIe from here
2026-10-10 05:56:59 Epoch 94/100: loss=0.003561 lr=0.000079
2026-10-10 05:56:59   epoch 94: test_acc = 38919/50000 = 77.838000%  top5 = 46833/50000 = 93.666000%  [95% CI 77.47–78.20]
2026-10-10 05:56:59   step 0/2500: loss=0.001651
2026-10-10 05:57:00   step 1/2500: loss=0.006804
2026-10-10 05:57:00   step 2/2500: loss=0.008832
2026-10-10 05:57:27   step 100/2500: loss=0.001591
2026-10-10 05:57:54   step 200/2500: loss=0.006123
2026-10-10 05:58:22   step 300/2500: loss=0.005601
2026-10-10 05:58:50   step 400/2500: loss=0.001160
2026-10-10 05:59:18   step 500/2500: loss=0.001589
2026-10-10 05:59:46   step 600/2500: loss=0.001753
2026-10-10 06:00:14   step 700/2500: loss=0.001873
2026-10-10 06:00:42   step 800/2500: loss=0.001511
2026-10-10 06:01:10   step 900/2500: loss=0.001703
2026-10-10 06:01:38   step 1000/2500: loss=0.001548
2026-10-10 06:02:06   step 1100/2500: loss=0.005858
2026-10-10 06:02:35   step 1200/2500: loss=0.001808
2026-10-10 06:03:04   step 1300/2500: loss=0.001512
2026-10-10 06:03:31   step 1400/2500: loss=0.005729
2026-10-10 06:03:58   step 1500/2500: loss=0.006518
2026-10-10 06:04:26   step 1600/2500: loss=0.001339
2026-10-10 06:04:54   step 1700/2500: loss=0.008737
2026-10-10 06:05:21   step 1800/2500: loss=0.001461
2026-10-10 06:05:49   step 1900/2500: loss=0.005741
2026-10-10 06:06:16   step 2000/2500: loss=0.001690
2026-10-10 06:06:43   step 2100/2500: loss=0.001654
2026-10-10 06:07:11   step 2200/2500: loss=0.001673
2026-10-10 06:07:38   step 2300/2500: loss=0.005641
2026-10-10 06:08:05   step 2400/2500: loss=0.001458
2026-10-10 06:08:43 [pjrt_ffi] RESIDENT: @resnet50in160_fwd_eval holds 267 parameter tensors (97.7 MB) on 4 devices; they stop crossing PCIe from here
2026-10-10 06:09:29 Epoch 95/100: loss=0.003600 lr=0.000055
2026-10-10 06:09:29   epoch 95: test_acc = 38923/50000 = 77.846000%  top5 = 46828/50000 = 93.656000%  [95% CI 77.48–78.21]
2026-10-10 06:09:30   step 0/2500: loss=0.001593
2026-10-10 06:09:30   step 1/2500: loss=0.006388
2026-10-10 06:09:31   step 2/2500: loss=0.001668
2026-10-10 06:09:58   step 100/2500: loss=0.006379
2026-10-10 06:10:25   step 200/2500: loss=0.006122
2026-10-10 06:10:53   step 300/2500: loss=0.001757
2026-10-10 06:11:21   step 400/2500: loss=0.001559
2026-10-10 06:11:49   step 500/2500: loss=0.006077
2026-10-10 06:12:16   step 600/2500: loss=0.006423
2026-10-10 06:12:44   step 700/2500: loss=0.001198
2026-10-10 06:13:11   step 800/2500: loss=0.001385
2026-10-10 06:13:39   step 900/2500: loss=0.001534
2026-10-10 06:14:06   step 1000/2500: loss=0.005908
2026-10-10 06:14:34   step 1100/2500: loss=0.001339
2026-10-10 06:15:01   step 1200/2500: loss=0.001760
2026-10-10 06:15:29   step 1300/2500: loss=0.006146
2026-10-10 06:15:56   step 1400/2500: loss=0.006694
2026-10-10 06:16:24   step 1500/2500: loss=0.002072
2026-10-10 06:16:51   step 1600/2500: loss=0.001588
2026-10-10 06:17:19   step 1700/2500: loss=0.005922
2026-10-10 06:17:47   step 1800/2500: loss=0.001884
2026-10-10 06:18:14   step 1900/2500: loss=0.008462
2026-10-10 06:18:41   step 2000/2500: loss=0.001780
2026-10-10 06:19:09   step 2100/2500: loss=0.005278
2026-10-10 06:19:37   step 2200/2500: loss=0.005028
2026-10-10 06:20:04   step 2300/2500: loss=0.001813
2026-10-10 06:20:32   step 2400/2500: loss=0.001912
2026-10-10 06:21:09 [pjrt_ffi] RESIDENT: @resnet50in160_fwd_eval holds 267 parameter tensors (97.7 MB) on 4 devices; they stop crossing PCIe from here
2026-10-10 06:22:00 Epoch 96/100: loss=0.003603 lr=0.000035
2026-10-10 06:22:00   epoch 96: test_acc = 38921/50000 = 77.842000%  top5 = 46846/50000 = 93.692000%  [95% CI 77.48–78.20]
2026-10-10 06:22:00   step 0/2500: loss=0.006030
2026-10-10 06:22:00   step 1/2500: loss=0.001793
2026-10-10 06:22:01   step 2/2500: loss=0.006691
2026-10-10 06:22:28   step 100/2500: loss=0.001664
2026-10-10 06:22:55   step 200/2500: loss=0.001772
2026-10-10 06:23:22   step 300/2500: loss=0.002081
2026-10-10 06:23:50   step 400/2500: loss=0.005206
2026-10-10 06:24:17   step 500/2500: loss=0.006090
2026-10-10 06:24:45   step 600/2500: loss=0.001403
2026-10-10 06:25:13   step 700/2500: loss=0.001271
2026-10-10 06:25:41   step 800/2500: loss=0.005720
2026-10-10 06:26:10   step 900/2500: loss=0.005382
2026-10-10 06:26:38   step 1000/2500: loss=0.002182
2026-10-10 06:27:06   step 1100/2500: loss=0.001800
2026-10-10 06:27:35   step 1200/2500: loss=0.001814
2026-10-10 06:28:04   step 1300/2500: loss=0.006787
2026-10-10 06:28:32   step 1400/2500: loss=0.001338
2026-10-10 06:29:01   step 1500/2500: loss=0.001643
2026-10-10 06:29:30   step 1600/2500: loss=0.005768
2026-10-10 06:29:59   step 1700/2500: loss=0.005769
2026-10-10 06:30:27   step 1800/2500: loss=0.001735
2026-10-10 06:30:55   step 1900/2500: loss=0.001767
2026-10-10 06:31:23   step 2000/2500: loss=0.001862
2026-10-10 06:31:51   step 2100/2500: loss=0.001733
2026-10-10 06:32:18   step 2200/2500: loss=0.001816
2026-10-10 06:32:46   step 2300/2500: loss=0.001463
2026-10-10 06:33:16   step 2400/2500: loss=0.007156
2026-10-10 06:33:55 [pjrt_ffi] RESIDENT: @resnet50in160_fwd_eval holds 267 parameter tensors (97.7 MB) on 4 devices; they stop crossing PCIe from here
2026-10-10 06:34:52 Epoch 97/100: loss=0.003600 lr=0.000020
2026-10-10 06:34:52   epoch 97: test_acc = 38945/50000 = 77.890000%  top5 = 46840/50000 = 93.680000%  [95% CI 77.52–78.25]
2026-10-10 06:34:53   step 0/2500: loss=0.006211
2026-10-10 06:34:53   step 1/2500: loss=0.001603
2026-10-10 06:34:53   step 2/2500: loss=0.005802
2026-10-10 06:35:21   step 100/2500: loss=0.001575
2026-10-10 06:35:48   step 200/2500: loss=0.001657
2026-10-10 06:36:16   step 300/2500: loss=0.001744
2026-10-10 06:36:44   step 400/2500: loss=0.005531
2026-10-10 06:37:12   step 500/2500: loss=0.001397
2026-10-10 06:37:39   step 600/2500: loss=0.001529
2026-10-10 06:38:07   step 700/2500: loss=0.006040
2026-10-10 06:38:35   step 800/2500: loss=0.006010
2026-10-10 06:39:03   step 900/2500: loss=0.001873
2026-10-10 06:39:31   step 1000/2500: loss=0.008410
2026-10-10 06:39:58   step 1100/2500: loss=0.005941
2026-10-10 06:40:26   step 1200/2500: loss=0.006450
2026-10-10 06:40:54   step 1300/2500: loss=0.001867
2026-10-10 06:41:22   step 1400/2500: loss=0.001631
2026-10-10 06:41:50   step 1500/2500: loss=0.005617
2026-10-10 06:42:17   step 1600/2500: loss=0.002054
2026-10-10 06:42:44   step 1700/2500: loss=0.001549
2026-10-10 06:43:12   step 1800/2500: loss=0.002015
2026-10-10 06:43:39   step 1900/2500: loss=0.001700
2026-10-10 06:44:06   step 2000/2500: loss=0.006779
2026-10-10 06:44:34   step 2100/2500: loss=0.001405
2026-10-10 06:45:01   step 2200/2500: loss=0.001324
2026-10-10 06:45:29   step 2300/2500: loss=0.005431
2026-10-10 06:45:57   step 2400/2500: loss=0.001933
2026-10-10 06:46:35 [pjrt_ffi] RESIDENT: @resnet50in160_fwd_eval holds 267 parameter tensors (97.7 MB) on 4 devices; they stop crossing PCIe from here
2026-10-10 06:47:28 Epoch 98/100: loss=0.003588 lr=0.000009
2026-10-10 06:47:28   epoch 98: test_acc = 38954/50000 = 77.908000%  top5 = 46840/50000 = 93.680000%  [95% CI 77.54–78.27]
2026-10-10 06:47:29   step 0/2500: loss=0.001525
2026-10-10 06:47:29   step 1/2500: loss=0.005577
2026-10-10 06:47:29   step 2/2500: loss=0.008619
2026-10-10 06:47:56   step 100/2500: loss=0.001648
2026-10-10 06:48:24   step 200/2500: loss=0.005847
2026-10-10 06:48:52   step 300/2500: loss=0.001769
2026-10-10 06:49:21   step 400/2500: loss=0.001531
2026-10-10 06:49:50   step 500/2500: loss=0.008306
2026-10-10 06:50:19   step 600/2500: loss=0.006351
2026-10-10 06:50:54   step 700/2500: loss=0.006208
2026-10-10 06:51:22   step 800/2500: loss=0.008873
2026-10-10 06:51:50   step 900/2500: loss=0.001650
2026-10-10 06:52:23   step 1000/2500: loss=0.002365
2026-10-10 06:52:51   step 1100/2500: loss=0.005522
2026-10-10 06:53:18   step 1200/2500: loss=0.001761
2026-10-10 06:53:47   step 1300/2500: loss=0.001616
2026-10-10 06:54:14   step 1400/2500: loss=0.001592
2026-10-10 06:54:42   step 1500/2500: loss=0.006019
2026-10-10 06:55:09   step 1600/2500: loss=0.001691
2026-10-10 06:55:37   step 1700/2500: loss=0.001249
2026-10-10 06:56:05   step 1800/2500: loss=0.005459
2026-10-10 06:56:33   step 1900/2500: loss=0.001692
2026-10-10 06:57:00   step 2000/2500: loss=0.001594
2026-10-10 06:57:29   step 2100/2500: loss=0.001183
2026-10-10 06:57:57   step 2200/2500: loss=0.006375
2026-10-10 06:58:25   step 2300/2500: loss=0.001498
2026-10-10 06:58:53   step 2400/2500: loss=0.008880
2026-10-10 06:59:32 [pjrt_ffi] RESIDENT: @resnet50in160_fwd_eval holds 267 parameter tensors (97.7 MB) on 4 devices; they stop crossing PCIe from here
2026-10-10 07:00:25 Epoch 99/100: loss=0.003552 lr=0.000002
2026-10-10 07:00:25   epoch 99: test_acc = 38947/50000 = 77.894000%  top5 = 46862/50000 = 93.724000%  [95% CI 77.53–78.26]
2026-10-10 07:00:26   step 0/2500: loss=0.008333
2026-10-10 07:00:26   step 1/2500: loss=0.007189
2026-10-10 07:00:26   step 2/2500: loss=0.001619
2026-10-10 07:00:54   step 100/2500: loss=0.006721
2026-10-10 07:01:22   step 200/2500: loss=0.001291
2026-10-10 07:01:50   step 300/2500: loss=0.001362
2026-10-10 07:02:18   step 400/2500: loss=0.002468
2026-10-10 07:02:46   step 500/2500: loss=0.001733
2026-10-10 07:03:14   step 600/2500: loss=0.006426
2026-10-10 07:03:41   step 700/2500: loss=0.001445
2026-10-10 07:04:10   step 800/2500: loss=0.001670
2026-10-10 07:04:37   step 900/2500: loss=0.002148
2026-10-10 07:05:05   step 1000/2500: loss=0.001329
2026-10-10 07:05:33   step 1100/2500: loss=0.001396
2026-10-10 07:06:01   step 1200/2500: loss=0.001756
2026-10-10 07:06:29   step 1300/2500: loss=0.002175
2026-10-10 07:06:56   step 1400/2500: loss=0.006476
2026-10-10 07:07:24   step 1500/2500: loss=0.007896
2026-10-10 07:07:51   step 1600/2500: loss=0.001927
2026-10-10 07:08:19   step 1700/2500: loss=0.006402
2026-10-10 07:08:46   step 1800/2500: loss=0.002065
2026-10-10 07:09:14   step 1900/2500: loss=0.001707
2026-10-10 07:09:41   step 2000/2500: loss=0.001575
2026-10-10 07:10:09   step 2100/2500: loss=0.004973
2026-10-10 07:10:36   step 2200/2500: loss=0.006238
2026-10-10 07:11:03   step 2300/2500: loss=0.001665
2026-10-10 07:11:31   step 2400/2500: loss=0.001278
2026-10-10 07:12:07 [pjrt_ffi] RESIDENT: @resnet50in160_fwd_eval holds 267 parameter tensors (97.7 MB) on 4 devices; they stop crossing PCIe from here
2026-10-10 07:12:57 Epoch 100/100: loss=0.003623 lr=0.000000
2026-10-10 07:12:57   epoch 100: test_acc = 38957/50000 = 77.914000%  top5 = 46856/50000 = 93.712000%  [95% CI 77.55–78.28]
