0 0.000000000 0.724609613 0.275390387
1 0.000000000 0.503800392 0.496199608
2 0.000000000 0.791127563 0.208872452
3 0.000000000 0.967438996 0.032561034
4 0.000000000 0.959495306 0.040504679
5 0.000000000 0.999988019 0.000011973
6 0.000000000 0.974844933 0.025155077
7 0.000000000 0.984237492 0.015762499
8 0.000000000 0.972707927 0.027292093
9 0.000000000 0.848072231 0.151927784
10 0.000000000 0.760433614 0.239566401
11 0.000000000 0.648301721 0.351698279
12 0.000000000 0.467153251 0.532846749
13 0.000000000 0.194813833 0.805186152
14 0.000000000 0.317280829 0.682719171
15 0.000000000 0.560015619 0.439984381
16 0.000000000 0.930414379 0.069585651
17 0.000000000 0.956072688 0.043927338
18 0.000000000 0.999560595 0.000439406
19 0.000000000 0.999872625 0.000127405
20 0.000000000 0.985154510 0.014845465
21 0.000000000 0.949119508 0.050880462
22 0.000000000 0.595696986 0.404302984
23 0.000000000 0.768844783 0.231155232
24 0.000000000 0.223993272 0.776006758
25 0.000000000 0.197475463 0.802524567
26 0.989927351 0.003080544 0.006992075
27 0.997853994 0.000042425 0.002103572
28 0.993072808 0.006456848 0.000470350
29 0.710357964 0.003349339 0.286292702
30 0.490867555 0.450063974 0.059068482
31 0.552648962 0.383294165 0.064056896
32 0.738350034 0.258045584 0.003604377
33 0.833192885 0.152278364 0.014528760
34 0.270766407 0.520165324 0.209068239
35 0.150482446 0.791657209 0.057860326
36 0.000000000 0.664704561 0.335295439
37 0.000258264 0.645241380 0.354500353
38 0.000084431 0.493379325 0.506536245
39 0.999881148 0.000059439 0.000059439
40 0.997042000 0.000105887 0.002852094
41 0.992780328 0.002022622 0.005197040
42 0.901136577 0.053748868 0.045114525
43 0.792481899 0.206516013 0.001002094
44 0.716332495 0.233262196 0.050405327
45 0.608035326 0.389084399 0.002880299
46 0.665917814 0.286912173 0.047170002
47 0.291014493 0.637611687 0.071373820
48 0.241219386 0.726393759 0.032386877
49 0.000000000 0.704365253 0.295634747
50 0.000000000 0.931213677 0.068786323
51 0.000091025 0.384347409 0.615561545
52 0.994295597 0.005704406 0.000000000
53 0.825803816 0.174196184 0.000000000
54 0.981561184 0.018438844 0.000000000
55 0.998201430 0.001798561 0.000000000
56 0.993710697 0.006289308 0.000000000
57 0.500000000 0.500000000 0.000000000
58 0.006250000 0.993749976 0.000000000
59 0.000000000 1.000000000 0.000000000
60 0.007211538 0.992788434 0.000000000
61 0.242255077 0.757744908 0.000000000
62 0.000000000 1.000000000 0.000000000
63 0.000916758 0.999083221 0.000000000
64 0.000000000 1.000000000 0.000000000
65 0.999602437 0.000397583 0.000000000
66 0.942392647 0.057607364 0.000000000
67 0.833766401 0.166233599 0.000000000
68 0.994565189 0.005434783 0.000000000
69 0.928385079 0.071614906 0.000000000
70 0.000000000 1.000000000 0.000000000
71 0.500000000 0.500000000 0.000000000
72 0.013071872 0.986928105 0.000000000
73 0.002433090 0.997566938 0.000000000
74 0.044072516 0.955927491 0.000000000
75 0.001112966 0.998887062 0.000000000
76 0.000000000 1.000000000 0.000000000
77 0.000315856 0.999684155 0.000000000
78 0.000000000 0.759469032 0.240530983
79 0.000000000 0.404730946 0.595269024
80 0.000000000 0.445747912 0.554252088
81 0.000000000 0.998883903 0.001116071
82 0.000000000 0.272219211 0.727780819
83 0.000000000 0.754736960 0.245263070
84 0.000000000 0.349052072 0.650947928
85 0.000000000 0.992577732 0.007422284
86 0.000000000 0.348880172 0.651119828
87 0.000000000 0.678903461 0.321096539
88 0.000000000 0.713835418 0.286164612
89 0.000000000 0.399535477 0.600464523
90 0.000000000 0.555175126 0.444824874
91 0.000000000 0.165406957 0.834593058
92 0.000000000 0.594022393 0.405977637
93 0.000000000 0.248498157 0.751501858
94 0.000000000 0.391239613 0.608760417
95 0.000000000 0.870710790 0.129289225
96 0.000000000 0.433508366 0.566491604
97 0.000000000 0.625137806 0.374862224
98 0.000000000 0.447484106 0.552515924
99 0.000000000 0.921761990 0.078238018
100 0.000000000 0.871389270 0.128610715
101 0.000000000 0.396376938 0.603623033
102 0.000000000 0.931501865 0.068498112
103 0.000000000 0.971186459 0.028813560
104 0.000000000 0.508432567 0.491567403
105 0.000000000 0.504938960 0.495061040
106 0.000000000 0.455405086 0.544594884
107 0.000000000 0.811073184 0.188926846
108 0.000000000 0.878586590 0.121413410
109 0.000000000 0.893133402 0.106866620
110 0.000000000 0.963637471 0.036362540
111 0.000000000 0.575454831 0.424545199
112 0.000000000 0.593239784 0.406760216
113 0.000000000 0.895523667 0.104476310
114 0.000000000 0.735938311 0.264061689
115 0.000000000 0.934149027 0.065850958
116 0.000000000 1.000000000 0.000000000
117 0.000000000 0.859804273 0.140195727
118 0.000000000 0.999194860 0.000805153
119 0.000000000 0.992811918 0.007188060
120 0.000000000 0.418664455 0.581335545
121 0.000000000 0.917863429 0.082136564
122 0.000000000 0.989555299 0.010444716
123 0.000000000 0.999159634 0.000840336
124 0.000000000 0.983057857 0.016942149
125 0.000000000 0.999194860 0.000805153
126 0.000000000 0.859952629 0.140047356
127 0.000000000 1.000000000 0.000000000
128 0.000000000 0.995305181 0.004694836
129 0.000000000 0.691677690 0.308322310
130 0.000000000 0.697490633 0.302509338
131 0.000000000 0.998296440 0.001703577
132 0.000000000 0.998338401 0.001661601
133 0.000000000 0.649205148 0.350794852
134 0.000000000 0.756896615 0.243103370
135 0.000000000 0.955557883 0.044442106
136 0.000000000 0.982155442 0.017844588
137 0.000000000 1.000000000 0.000000000
138 0.000000000 0.949635983 0.050363995
139 0.000000000 0.989095747 0.010904245
140 0.000000000 0.996539772 0.003460208
141 0.000000000 0.900698841 0.099301130
142 0.000000000 0.973954678 0.026045315
143 0.000000000 0.997767866 0.002232143
144 0.000000000 1.000000000 0.000000000
145 0.000000000 0.989164114 0.010835913
146 0.000000000 0.988087595 0.011912404
147 0.000000000 0.996804297 0.003195722
148 0.000000000 0.430454850 0.569545150
149 0.000000000 1.000000000 0.000000000
150 0.000000000 0.881513238 0.118486732
151 0.000000000 0.979137063 0.020862952
152 0.000000000 0.995339572 0.004660415
153 0.000000000 0.972516835 0.027483193
154 0.000000000 0.937377036 0.062622987
155 0.000000000 0.886876881 0.113123089
156 0.000000000 0.984416008 0.015584012
157 0.000000000 0.973943651 0.026056372
158 0.000000000 0.944476366 0.055523656
159 0.000000000 0.983851671 0.016148357
160 0.000000000 0.989921272 0.010078740
161 0.000000000 0.986596465 0.013403532
162 0.000000000 0.772620618 0.227379397
163 0.000000000 0.972376347 0.027623640
164 0.000000000 0.953351498 0.046648484
165 0.000000000 0.909656525 0.090343468
166 0.000000000 0.982927859 0.017072165
167 0.000000000 0.991751134 0.008248847
168 0.000000000 1.000000000 0.000000000
169 0.000000000 0.999194860 0.000805153
170 0.000000000 0.971524119 0.028475862
171 0.000000000 0.986361384 0.013638587
172 0.000000000 0.999359310 0.000640674
173 0.000000000 0.985320508 0.014679517
174 0.000000000 0.961774468 0.038225558
175 0.000000000 0.986512899 0.013487075
176 0.000000000 0.048361838 0.951638162
177 0.000000000 0.921977818 0.078022182
178 0.000000000 0.942438185 0.057561822
179 0.000000000 0.987354875 0.012645108
180 0.000000000 0.999179006 0.000821018
181 0.000000000 0.976883590 0.023116438
182 0.000000000 0.964919090 0.035080921
183 0.000000000 0.853829324 0.146170706
184 0.000000000 0.945672274 0.054327752
185 0.000000000 0.998341620 0.001658375
186 0.000000000 0.992708623 0.007291364
187 0.000000000 0.999534130 0.000465890
188 0.000000000 0.974479198 0.025520811
189 0.000000000 0.928683996 0.071315974
190 0.000000000 0.844250083 0.155749932
191 0.000000000 0.985497594 0.014502417
192 0.000000000 0.783388734 0.216611251
193 0.000000000 0.953894734 0.046105273
194 0.000000000 0.969922066 0.030077951
195 0.000000000 0.519823968 0.480176061
196 0.000000000 0.962223470 0.037776515
197 0.000000000 0.972962439 0.027037578
198 0.000000000 0.639172375 0.360827625
199 0.000000000 0.898376465 0.101623528
200 0.000000000 0.935979009 0.064021006
201 0.000000000 0.905028462 0.094971538
202 0.000000000 0.987084210 0.012915803
203 0.000000000 0.943451166 0.056548834
204 0.000000000 0.123047717 0.876952291
205 0.000000000 0.604034543 0.395965457
206 0.000000000 0.964599192 0.035400782
207 0.000000000 0.746000946 0.253999084
208 0.000000000 0.267415732 0.732584298
209 0.000000000 0.212522179 0.787477791
210 0.000000000 0.080356240 0.919643760
211 0.000000000 0.534091890 0.465908140
212 0.000000000 0.085303999 0.914695978
213 0.000000000 0.790832937 0.209167093
214 0.000000000 0.689127266 0.310872734
215 0.000000000 0.553427100 0.446572930
216 0.000000000 0.315253943 0.684746027
217 0.000000000 0.459039360 0.540960610
218 0.000000000 0.008196721 0.991803288
219 0.000000000 0.003376709 0.996623278
220 0.000000000 0.143374786 0.856625199
221 0.000000000 0.340761244 0.659238756
222 0.000000000 0.708417773 0.291582257
223 0.000000000 0.434500068 0.565499902
224 0.000000000 0.560478985 0.439521015
225 0.000000000 0.539225101 0.460774899
226 0.000000000 0.464037955 0.535962045
227 0.000000000 0.134284869 0.865715146
228 0.000000000 0.826673329 0.173326671
229 0.000000000 0.158998758 0.841001272
230 0.000000000 0.756597757 0.243402258
231 0.000000000 0.671791911 0.328208089
232 0.000000000 0.364657730 0.635342240
233 0.000000000 0.732353151 0.267646849
234 0.000000000 0.534357071 0.465642929
235 0.000000000 0.099794783 0.900205195
236 0.000000000 0.609003544 0.390996486
237 0.000000000 0.130477384 0.869522631
238 0.000000000 0.009359904 0.990640104
239 0.000000000 0.556919038 0.443080992
240 0.000000000 0.187695920 0.812304080
241 0.000000000 0.132978231 0.867021799
242 0.000000000 0.177248180 0.822751820
243 0.000000000 0.250368327 0.749631643
244 0.000000000 0.490819156 0.509180844
245 0.000000000 0.582259834 0.417740196
246 0.000000000 0.069536425 0.930463552
247 0.000000000 0.009090909 0.990909100
248 0.000000000 0.727288127 0.272711843
249 0.000000000 0.218564302 0.781435728
250 0.000000000 0.342041284 0.657958686
251 0.000000000 0.228724122 0.771275878
252 0.000000000 0.431303233 0.568696797
253 0.000000000 0.434426218 0.565573752
254 0.000000000 0.549180329 0.450819671
255 0.000000000 0.190795913 0.809204102
256 0.000000000 0.220486537 0.779513478
257 0.000000000 0.764545023 0.235454962
258 0.000000000 0.585001826 0.414998174
259 0.000000000 0.283776194 0.716223836
260 0.000000000 0.265441120 0.734558880
261 0.000000000 0.000000000 1.000000000
262 0.000000000 0.700181782 0.299818248
263 0.000000000 0.260301650 0.739698350
264 0.000000000 0.196506545 0.803493440
265 0.000000000 0.500303805 0.499696195
266 0.000000000 0.484801263 0.515198708
267 0.000000000 0.588937402 0.411062598
268 0.000000000 0.431579202 0.568420768
269 0.000000000 0.664285719 0.335714281
270 0.000000000 0.414255798 0.585744202
271 0.000000000 0.483115733 0.516884267
272 0.000000000 0.483236551 0.516763449
273 0.000000000 0.705569267 0.294430733
274 0.000000000 0.390273243 0.609726727
275 0.000000000 0.000000000 1.000000000
276 0.000000000 0.621659756 0.378340244
277 0.000000000 0.839474320 0.160525650
278 0.000000000 0.767731309 0.232268676
279 0.000000000 0.528548121 0.471451849
280 0.000000000 0.308601797 0.691398203
281 0.000000000 0.822505474 0.177494541
282 0.000000000 0.470966220 0.529033780
283 0.000000000 0.321281344 0.678718626
284 0.000000000 0.157080695 0.842919290
285 0.000000000 0.326147228 0.673852742
286 0.000000000 0.781238317 0.218761697
287 0.000000000 0.765358388 0.234641612
288 0.000000000 0.651883543 0.348116487
289 0.000000000 0.031802122 0.968197882
290 0.000000000 0.865312159 0.134687841
291 0.000000000 0.961392522 0.038607448
292 0.000000000 0.647163570 0.352836460
293 0.000000000 0.860407412 0.139592573
294 0.000000000 0.845669508 0.154330492
295 0.000000000 0.944412708 0.055587288
296 0.000000000 0.977846622 0.022153359
297 0.000000000 0.988695621 0.011304390
298 0.000000000 1.000000000 0.000000000
299 0.000000000 0.927276015 0.072723985
300 0.000000000 0.840174735 0.159825280
301 0.000000000 0.997974098 0.002025932
302 0.000000000 0.610999644 0.389000326
303 0.000000000 0.017857144 0.982142866
304 0.000000000 0.646918774 0.353081256
305 0.000000000 1.000000000 0.000000000
306 0.000000000 0.988637090 0.011362892
307 0.000000000 0.999190927 0.000809062
308 0.000000000 0.912818432 0.087181546
309 0.000000000 0.780162096 0.219837919
310 0.000000000 0.985392332 0.014607679
311 0.000000000 0.978468895 0.021531101
312 0.000000000 0.937306762 0.062693216
313 0.000000000 0.933483958 0.066516057
314 0.000000000 0.972947240 0.027052768
315 0.000000000 0.940610886 0.059389099
316 0.000000000 1.000000000 0.000000000
317 0.000000000 0.002976191 0.997023821
318 0.000000000 0.961762428 0.038237553
319 0.000000000 0.977760732 0.022239264
320 0.000000000 0.989600003 0.010400000
321 0.000000000 0.999179006 0.000821018
322 0.000000000 0.986201286 0.013798702
323 0.000000000 0.985833347 0.014166667
324 0.000000000 0.957541585 0.042458404
325 0.000000000 0.998338878 0.001661130
326 0.000000000 0.999219954 0.000780031
327 0.000000000 0.927744687 0.072255291
328 0.000000000 0.994391024 0.005608974
329 0.000000000 0.952418089 0.047581904
330 0.000000000 0.878305376 0.121694610
331 0.000000000 0.009090909 0.990909100
332 0.000000000 0.996549070 0.003450920
333 0.000000000 0.995405793 0.004594181
334 0.000000000 0.953182161 0.046817813
335 0.000000000 0.882328331 0.117671691
336 0.000000000 0.996019125 0.003980892
337 0.000000000 0.902656972 0.097343050
338 0.000000000 0.990924120 0.009075908
339 0.000000000 0.998302221 0.001697793
340 0.000000000 0.975729346 0.024270676
341 0.000000000 0.963480949 0.036519043
342 0.000000000 0.987289429 0.012710565
343 0.000000000 0.963904440 0.036095541
344 0.000000000 0.994426727 0.005573248
345 0.000000000 0.003636364 0.996363640
346 0.000000000 0.947907209 0.052092761
347 0.000000000 0.915608883 0.084391125
348 0.000000000 0.995090008 0.004909984
349 0.000000000 0.954263568 0.045736436
350 0.000000000 0.984062791 0.015937192
351 0.000000000 0.995222926 0.004777070
352 0.000000000 0.867620766 0.132379249
353 0.000000000 0.963051915 0.036948059
354 0.000000000 0.944749355 0.055250660
355 0.000000000 0.944099367 0.055900622
356 0.000000000 0.991364479 0.008635525
357 0.000000000 0.989477634 0.010522363
358 0.000000000 0.991866410 0.008133561
359 0.000000000 0.000000000 1.000000000
360 0.000000000 0.895478785 0.104521237
361 0.000000000 0.964535773 0.035464220
362 0.000000000 0.739861608 0.260138422
363 0.000000000 0.978817761 0.021182233
364 0.000000000 0.706424117 0.293575883
365 0.000000000 0.678093612 0.321906358
366 0.000000000 0.715205550 0.284794420
367 0.000000000 0.947712839 0.052287154
368 0.000000000 0.760012269 0.239987761
369 0.000000000 0.718391001 0.281608999
370 0.000000000 0.756954014 0.243046001
371 0.000000000 0.714298308 0.285701692
372 0.000000000 0.906990528 0.093009479
373 0.000000000 0.002232143 0.997767866
374 0.000000000 0.000000000 1.000000000
375 0.000000000 0.794014931 0.205985069
376 0.000000000 0.607422113 0.392577887
377 0.000000000 0.165750936 0.834249079
378 0.000000000 0.161875010 0.838124990
379 0.000000000 0.261652082 0.738347948
380 0.000000000 0.113429047 0.886570930
381 0.000000000 0.375660628 0.624339402
382 0.000000000 0.054013338 0.945986688
383 0.000000000 0.207701430 0.792298555
384 0.000000000 0.397926509 0.602073491
385 0.000000000 0.432983786 0.567016244
386 0.000000000 0.669196784 0.330803186
387 0.000000000 0.006172840 0.993827164
388 0.000000000 0.043495771 0.956504226
389 0.000000000 0.102647476 0.897352517
390 0.000000000 0.026077097 0.973922908
391 0.000000000 0.013111888 0.986888111
392 0.000000000 0.021739131 0.978260875
393 0.000000000 0.000000000 1.000000000
394 0.000000000 0.017985612 0.982014418
395 0.000000000 0.223580301 0.776419699
396 0.000000000 0.093928359 0.906071663
397 0.000000000 0.167009249 0.832990766
398 0.000000000 0.119822405 0.880177617
399 0.000000000 0.195652172 0.804347813
400 0.000000000 0.003906250 0.996093750
401 0.000000000 0.000000000 1.000000000
402 0.000000000 0.000000000 1.000000000
403 0.000000000 0.000000000 1.000000000
404 0.000000000 0.000000000 1.000000000
405 0.000000000 0.037216827 0.962783158
406 0.000000000 0.007692308 0.992307663
407 0.000000000 0.000000000 1.000000000
408 0.000000000 0.000000000 1.000000000
409 0.000000000 0.013636364 0.986363649
410 0.000000000 0.001600000 0.998399973
411 0.000000000 0.000000000 1.000000000
412 0.000000000 0.272782266 0.727217734
413 0.000000000 0.035999998 0.963999987
414 0.000000000 0.004545454 0.995454550
415 0.000000000 0.008771930 0.991228044
416 0.000000000 0.002272727 0.997727275
417 0.983193278 0.008403362 0.008403362
418 0.914740086 0.023809524 0.061450377
419 0.933884323 0.000000000 0.066115700
420 0.861938894 0.005464481 0.132596627
421 0.743923664 0.020648967 0.235427365
422 0.961748660 0.019125683 0.019125683
423 0.967213094 0.016393442 0.016393442
424 0.948827207 0.000000000 0.051172804
425 0.918713570 0.005509642 0.075776793
426 0.958021045 0.010025063 0.031953886
427 0.959770143 0.020114943 0.020114943
428 0.955242455 0.000000000 0.044757564
429 0.959001780 0.001782531 0.039215688
430 0.006116208 0.008409786 0.985473990
431 0.968362033 0.012750455 0.018887488
432 0.988326013 0.006354854 0.005319149
433 1.000000000 0.000000000 0.000000000
434 0.929529250 0.001782531 0.068688214
435 0.943831682 0.003267974 0.052900326
436 0.962807894 0.001355014 0.035837092
437 0.983606577 0.005464481 0.010928961
438 0.990476191 0.001587302 0.007936508
439 0.961737454 0.000000000 0.038262527
440 0.996296287 0.001851852 0.001851852
441 0.950896978 0.000000000 0.049103044
442 0.988505721 0.005747126 0.005747126
443 1.000000000 0.000000000 0.000000000
444 0.000000000 0.001336898 0.998663127
445 0.969782829 0.003777148 0.026440037
446 0.986628473 0.006685769 0.006685769
447 0.983080208 0.015427284 0.001492537
448 0.969204307 0.023126969 0.007668712
449 1.000000000 0.000000000 0.000000000
450 0.985416651 0.007291667 0.007291667
451 0.957114995 0.019493178 0.023391813
452 1.000000000 0.000000000 0.000000000
453 0.995483279 0.000000000 0.004516712
454 1.000000000 0.000000000 0.000000000
455 0.940429926 0.002141428 0.057428673
456 0.984553099 0.014557193 0.000889680
457 0.979043782 0.001675042 0.019281164
458 0.000000000 0.005300353 0.994699657
459 0.996111095 0.001666667 0.002222222
460 0.690378308 0.294098258 0.015523454
461 0.961385906 0.013661750 0.024952317
462 0.994233012 0.002883506 0.002883506
463 0.881549835 0.107449085 0.011001100
464 0.948231637 0.003453384 0.048314989
465 0.968623459 0.031376552 0.000000000
466 0.988697171 0.006970085 0.004332756
467 0.997606218 0.001196888 0.001196888
468 1.000000000 0.000000000 0.000000000
469 0.994407177 0.002796421 0.002796421
470 0.998919487 0.000540249 0.000540249
471 1.000000000 0.000000000 0.000000000
472 0.000000000 0.004464286 0.995535731
473 0.948158085 0.050874922 0.000966979
474 0.825505972 0.173401132 0.001092896
475 0.984881520 0.006128526 0.008989926
476 0.917759597 0.036077563 0.046162844
477 0.990478337 0.005411313 0.004110344
478 0.716598153 0.229971334 0.053430520
479 0.975864828 0.015135922 0.008999269
480 0.997873485 0.001063264 0.001063264
481 0.777381957 0.220450029 0.002168022
482 0.995584965 0.002207506 0.002207506
483 0.878545165 0.117297515 0.004157295
484 0.879644930 0.070744470 0.049610589
485 0.997743964 0.001128032 0.001128032
486 0.000000000 0.000000000 1.000000000
487 0.989247322 0.005376344 0.005376344
488 0.879856467 0.099079497 0.021064058
489 0.905413389 0.090853274 0.003733333
490 0.933105707 0.058597218 0.008297047
491 0.849189937 0.137646601 0.013163469
492 0.491823405 0.498916835 0.009259765
493 0.950874031 0.043514278 0.005611672
494 0.997785151 0.001107420 0.001107420
495 0.981279254 0.009360374 0.009360374
496 0.748056889 0.237470686 0.014472456
497 0.896487832 0.096687257 0.006824931
498 0.929620028 0.066219799 0.004160166
499 0.981595218 0.017399268 0.001005530
500 0.034343433 0.035479799 0.930176795
501 0.716317952 0.277656317 0.006025744
502 0.862965405 0.048420850 0.088613726
503 0.982387900 0.008968125 0.008643976
504 0.632831991 0.353362769 0.013805238
505 0.997876883 0.001061571 0.001061571
506 0.651950955 0.302942723 0.045106318
507 0.476312995 0.511438072 0.012248939
508 0.758865595 0.144033596 0.097100817
509 0.945370734 0.037964687 0.016664555
510 0.273119420 0.608320773 0.118559785
511 0.455270439 0.470689654 0.074039899
512 0.998848617 0.000575705 0.000575705
513 0.992569029 0.003715499 0.003715499
514 0.002424242 0.002424242 0.995151520
515 0.711092234 0.284932733 0.003975014
516 0.447197914 0.518383443 0.034418646
517 0.802573562 0.179968715 0.017457720
518 0.968913674 0.006497697 0.024588604
519 0.921892941 0.023386855 0.054720189
520 0.821103513 0.169741854 0.009154647
521 0.262740999 0.699932992 0.037326027
522 0.981090844 0.009803706 0.009105477
523 0.679845214 0.299726307 0.020428455
524 0.767218113 0.198102787 0.034679089
525 0.368085802 0.630319297 0.001594896
526 0.429937243 0.408466846 0.161595911
527 0.867262840 0.130454078 0.002283105
528 0.008547009 0.008947650 0.982505322
529 0.608695924 0.339034557 0.052269507
530 0.147920221 0.811986983 0.040092811
531 0.432191193 0.528344333 0.039464496
532 0.366693944 0.599257350 0.034048703
533 0.234530061 0.722387075 0.043082859
534 0.183031991 0.707043827 0.109924182
535 0.157954127 0.442186236 0.399859637
536 0.704437494 0.290325075 0.005237430
537 0.648413181 0.302728176 0.048858646
538 0.422543645 0.531544209 0.045912147
539 0.679617405 0.289645493 0.030737091
540 0.242017671 0.701375604 0.056606736
541 0.659378171 0.323041439 0.017580403
542 0.001488095 0.001488095 0.997023821
543 0.131980643 0.818020523 0.049998842
544 0.009083758 0.696533799 0.294382423
545 0.137256086 0.657948911 0.204795018
546 0.000000000 0.890127122 0.109872855
547 0.020727964 0.950036228 0.029235834
548 0.000000000 0.889634669 0.110365324
549 0.246278778 0.680823445 0.072897762
550 0.145886034 0.832825243 0.021288706
551 0.219635621 0.708670557 0.071693808
552 0.147018924 0.776256323 0.076724716
553 0.082436331 0.880952239 0.036611442
554 0.000000000 0.926059306 0.073940679
555 0.039438289 0.762400925 0.198160797
556 0.000000000 0.006172840 0.993827164
557 0.000721501 0.850326598 0.148951918
558 0.000904324 0.276790589 0.722305059
559 0.090798445 0.165046021 0.744155526
560 0.006993007 0.031514537 0.961492479
561 0.005797102 0.014550325 0.979652584
562 0.024204858 0.725942671 0.249852493
563 0.028567370 0.420431346 0.551001310
564 0.053641282 0.326646000 0.619712710
565 0.006493506 0.690746725 0.302759737
566 0.011990407 0.631594718 0.356414855
567 0.017319519 0.164363816 0.818316638
568 0.015628867 0.629349411 0.355021745
569 0.020484515 0.815262735 0.164252758
570 0.000000000 0.000000000 1.000000000
571 0.000000000 0.006410256 0.993589759
572 0.017156864 0.030024510 0.952818632
573 0.002433090 0.006082725 0.991484165
574 0.000000000 0.004854369 0.995145619
575 0.010256411 0.010256411 0.979487181
576 0.000000000 0.022556391 0.977443635
577 0.000000000 0.002555459 0.997444570
578 0.012121212 0.013257576 0.974621236
579 0.010666667 0.013666667 0.975666642
580 0.013661202 0.020833334 0.965505481
581 0.000000000 0.315442890 0.684557140
582 0.005333333 0.010333333 0.984333336
583 0.003030303 0.021215618 0.975754082
584 0.005847953 0.008040936 0.986111104
585 0.000000000 0.000753012 0.999247015
586 0.988398492 0.000000000 0.011601513
587 0.969543159 0.015228426 0.015228426
588 1.000000000 0.000000000 0.000000000
589 0.779569864 0.005376344 0.215053767
590 0.997923136 0.001038422 0.001038422
591 0.931492865 0.002044990 0.066462167
592 0.996715903 0.001642036 0.001642036
593 0.984042525 0.000000000 0.015957447
594 0.994236290 0.002881844 0.002881844
595 0.988699675 0.000000000 0.011300310
596 1.000000000 0.000000000 0.000000000
597 1.000000000 0.000000000 0.000000000
598 0.937794983 0.006802721 0.055402268
599 0.010752688 0.010752688 0.978494644
600 0.838896036 0.000000000 0.161103979
601 0.983193278 0.008403362 0.008403362
602 0.995386362 0.002306805 0.002306805
603 0.970802903 0.021897810 0.007299270
604 0.950873554 0.015627755 0.033498712
605 0.980674386 0.002506266 0.016819376
606 0.916203439 0.000000000 0.083796538
607 0.994832039 0.002583979 0.002583979
608 0.981767356 0.006464213 0.011768448
609 0.997936010 0.001031992 0.001031992
610 0.980255544 0.001161440 0.018583043
611 1.000000000 0.000000000 0.000000000
612 0.910961151 0.000000000 0.089038834
613 0.002801121 0.007002801 0.990196049
614 1.000000000 0.000000000 0.000000000
615 0.998463929 0.000768049 0.000768049
616 0.974362135 0.014929714 0.010708123
617 0.995967746 0.002016129 0.002016129
618 0.979131937 0.000862069 0.020006010
619 0.993865013 0.003067485 0.003067485
620 0.986357987 0.000782473 0.012859563
621 0.990602016 0.000000000 0.009397983
622 0.993262887 0.002553031 0.004184100
623 0.987779915 0.004246285 0.007973792
624 0.990615368 0.000000000 0.009384647
625 0.997852921 0.001073537 0.001073537
626 1.000000000 0.000000000 0.000000000
627 0.002898551 0.009420290 0.987681150
628 0.996461630 0.000000000 0.003538371
629 0.996077657 0.000000000 0.003922343
630 0.997755349 0.001122335 0.001122335
631 0.998879552 0.000560224 0.000560224
632 0.995161295 0.000000000 0.004838710
633 1.000000000 0.000000000 0.000000000
634 0.956935108 0.000000000 0.043064874
635 0.998951793 0.000524109 0.000524109
636 0.994794846 0.002634058 0.002571094
637 0.995024741 0.000000000 0.004975272
638 1.000000000 0.000000000 0.000000000
639 1.000000000 0.000000000 0.000000000
640 0.998939395 0.000000000 0.001060586
641 0.000000000 0.000000000 1.000000000
642 0.958527863 0.018511396 0.022960734
643 1.000000000 0.000000000 0.000000000
644 0.997724712 0.000000000 0.002275313
645 0.741502047 0.214997634 0.043500323
646 0.966341794 0.031051550 0.002606639
647 1.000000000 0.000000000 0.000000000
648 0.897140384 0.102859624 0.000000000
649 0.978343964 0.021656048 0.000000000
650 0.989071012 0.005464481 0.005464481
651 0.762989998 0.223734170 0.013275827
652 0.458739311 0.335033357 0.206227317
653 0.988693714 0.002368310 0.008937960
654 0.941404104 0.029368496 0.029227402
655 0.000000000 0.000000000 1.000000000
656 0.835984111 0.163462177 0.000553710
657 0.914455593 0.068979293 0.016565096
658 0.934164345 0.064769000 0.001066667
659 0.891400635 0.073912859 0.034686502
660 0.663431704 0.335465044 0.001103278
661 0.978970528 0.019049268 0.001980198
662 0.473691046 0.521294415 0.005014549
663 0.709776938 0.281497061 0.008726004
664 0.425966978 0.505876362 0.068156667
665 1.000000000 0.000000000 0.000000000
666 0.594262064 0.351850331 0.053887639
667 0.736682951 0.262846529 0.000470521
668 0.972460091 0.023219658 0.004320255
669 0.001529052 0.003249235 0.995221734
670 0.629816830 0.370183140 0.000000000
671 0.840251327 0.153030381 0.006718301
672 0.570554674 0.414210707 0.015234613
673 0.719988286 0.279318243 0.000693481
674 0.986647367 0.008991277 0.004361334
675 0.996173978 0.002136811 0.001689189
676 0.675983787 0.322403342 0.001612903
677 0.854160428 0.139164835 0.006674738
678 0.965804219 0.019871498 0.014324273
679 0.872476757 0.115523167 0.012000102
680 0.643121898 0.322484970 0.034393113
681 0.607195437 0.361310840 0.031493697
682 0.479479402 0.466515660 0.054004934
683 0.000000000 0.016666668 0.983333349
684 0.891554117 0.101065822 0.007380074
685 0.764546037 0.213526577 0.021927392
686 0.634102583 0.362680107 0.003217315
687 0.580689788 0.348625720 0.070684470
688 0.900956094 0.098459087 0.000584795
689 0.802416921 0.190831631 0.006751432
690 0.594931960 0.301782310 0.103285737
691 0.486063957 0.513936043 0.000000000
692 0.906076729 0.090873040 0.003050225
693 0.806873739 0.190386593 0.002739680
694 0.816000700 0.183999330 0.000000000
695 0.762246966 0.237753063 0.000000000
696 0.563605428 0.436394602 0.000000000
697 0.000000000 0.000000000 1.000000000
698 0.403380990 0.564089596 0.032529414
699 0.576889455 0.389351010 0.033759542
700 0.367499381 0.629429638 0.003070986
701 0.448037446 0.533284962 0.018677607
702 0.690608323 0.308201224 0.001190476
703 0.475293517 0.523391545 0.001314924
704 0.209964007 0.754380047 0.035655968
705 0.431387007 0.498260170 0.070352830
706 0.222144023 0.760231435 0.017624531
707 0.029884737 0.778508425 0.191606849
708 0.698764741 0.291123480 0.010111745
709 0.579137564 0.318159819 0.102702625
710 0.359035164 0.505359769 0.135605037
711 0.000000000 0.000000000 1.000000000
712 0.001010101 0.652045369 0.346944511
713 0.031998545 0.733559370 0.234442055
714 0.000793651 0.830964148 0.168242186
715 0.002801121 0.011204482 0.985994399
716 0.014498001 0.570509434 0.414992571
717 0.571238875 0.308374196 0.120386906
718 0.000000000 0.915981829 0.084018156
719 0.102066778 0.842377663 0.055555556
720 0.000000000 0.719143748 0.280856252
721 0.013756070 0.947455227 0.038788728
722 0.027986554 0.922206938 0.049806532
723 0.004697405 0.989782095 0.005520498
724 0.018419135 0.959744751 0.021836132
725 0.166666672 0.229166672 0.604166687
726 0.333333343 0.333333343 0.333333343
727 0.004566210 0.045047577 0.950386226
728 0.000000000 0.000000000 1.000000000
729 0.001173709 0.005088646 0.993737638
730 0.010607951 0.000544967 0.988847077
731 0.004291845 0.953326166 0.042381976
732 0.000000000 0.792650223 0.207349762
733 0.077688694 0.849037409 0.073273897
734 0.000000000 0.079648569 0.920351446
735 0.000000000 0.203360796 0.796639204
736 0.000000000 0.578125000 0.421875000
737 0.001100110 0.221397147 0.777502775
738 0.000000000 0.000399011 0.999601007
739 0.000000000 0.000000000 1.000000000
740 0.000000000 0.000000000 1.000000000
741 0.000000000 0.000000000 1.000000000
742 0.000000000 0.000000000 1.000000000
743 0.000000000 0.002808989 0.997191012
744 0.000000000 0.044597093 0.955402911
745 0.000000000 0.125000000 0.875000000
746 0.000000000 0.029761905 0.970238090
747 0.005847953 0.011678599 0.982473433
748 0.000000000 0.022494419 0.977505565
749 0.000000000 0.000000000 1.000000000
750 0.000000000 0.003378378 0.996621609
751 0.000000000 0.000000000 1.000000000
752 0.000000000 0.000000000 1.000000000
753 0.000000000 0.000000000 1.000000000
754 0.000000000 1.000000000 0.000000000
755 1.000000000 0.000000000 0.000000000
756 1.000000000 0.000000000 0.000000000
757 0.500000000 0.500000000 0.000000000
758 0.997041404 0.002958580 0.000000000
759 0.990291238 0.009708738 0.000000000
760 0.994278193 0.005721831 0.000000000
761 0.833333313 0.166666672 0.000000000
762 1.000000000 0.000000000 0.000000000
763 0.996835470 0.003164557 0.000000000
764 0.996183217 0.003816794 0.000000000
765 0.998233199 0.001766784 0.000000000
766 1.000000000 0.000000000 0.000000000
767 1.000000000 0.000000000 0.000000000
768 0.016129032 0.983870983 0.000000000
769 1.000000000 0.000000000 0.000000000
770 0.991935492 0.008064516 0.000000000
771 0.939024389 0.060975611 0.000000000
772 0.997076035 0.002923977 0.000000000
773 0.995999992 0.004000000 0.000000000
774 1.000000000 0.000000000 0.000000000
775 0.976190448 0.023809524 0.000000000
776 0.987804890 0.012195121 0.000000000
777 0.933506072 0.066493958 0.000000000
778 0.975000024 0.025000000 0.000000000
779 1.000000000 0.000000000 0.000000000
780 0.992857158 0.007142857 0.000000000
781 1.000000000 0.000000000 0.000000000
782 0.000000000 1.000000000 0.000000000
783 0.983157873 0.016842104 0.000000000
784 0.966101706 0.033898305 0.000000000
785 1.000000000 0.000000000 0.000000000
786 1.000000000 0.000000000 0.000000000
787 1.000000000 0.000000000 0.000000000
788 0.997630358 0.002369668 0.000000000
789 0.954545438 0.045454547 0.000000000
790 0.995934963 0.004065040 0.000000000
791 1.000000000 0.000000000 0.000000000
792 0.500000000 0.500000000 0.000000000
793 0.994047642 0.005952381 0.000000000
794 0.500000000 0.500000000 0.000000000
795 0.125000000 0.875000000 0.000000000
796 0.008928572 0.991071403 0.000000000
797 0.990000010 0.010000000 0.000000000
798 0.937500000 0.062500000 0.000000000
799 0.500000000 0.500000000 0.000000000
800 0.050000001 0.949999988 0.000000000
801 0.500000000 0.500000000 0.000000000
802 0.994382024 0.005617978 0.000000000
803 0.500000000 0.500000000 0.000000000
804 0.166666672 0.833333313 0.000000000
805 0.997487426 0.002512563 0.000000000
806 0.703197479 0.296802521 0.000000000
807 0.000000000 1.000000000 0.000000000
808 0.000000000 1.000000000 0.000000000
809 1.000000000 0.000000000 0.000000000
810 0.000000000 1.000000000 0.000000000
811 0.023809524 0.976190448 0.000000000
812 0.000000000 1.000000000 0.000000000
813 0.500000000 0.500000000 0.000000000
814 1.000000000 0.000000000 0.000000000
815 0.202448845 0.797551155 0.000000000
816 0.500000000 0.500000000 0.000000000
817 0.990312994 0.009687034 0.000000000
818 0.964285731 0.035714287 0.000000000
819 0.500000000 0.500000000 0.000000000
820 0.500000000 0.500000000 0.000000000
821 0.285714298 0.714285731 0.000000000
822 1.000000000 0.000000000 0.000000000
823 0.500000000 0.500000000 0.000000000
824 0.013020833 0.986979187 0.000000000
825 0.500000000 0.500000000 0.000000000
826 1.000000000 0.000000000 0.000000000
827 0.000000000 1.000000000 0.000000000
828 0.609342754 0.390657216 0.000000000
829 0.117647059 0.882352948 0.000000000
830 0.085714288 0.914285719 0.000000000
831 0.032857142 0.967142880 0.000000000
832 0.850000024 0.150000006 0.000000000
833 0.875000000 0.125000000 0.000000000
834 0.838235319 0.161764711 0.000000000
835 0.000000000 1.000000000 0.000000000
836 0.000000000 1.000000000 0.000000000
837 0.142857149 0.857142866 0.000000000
838 0.007692308 0.992307663 0.000000000
839 0.000000000 1.000000000 0.000000000
840 0.518922865 0.481077135 0.000000000
841 0.000000000 1.000000000 0.000000000
842 0.150000006 0.850000024 0.000000000
843 0.000000000 1.000000000 0.000000000
844 0.500000000 0.500000000 0.000000000
845 0.500000000 0.500000000 0.000000000
846 0.000000000 1.000000000 0.000000000
847 0.000000000 1.000000000 0.000000000
848 0.000000000 1.000000000 0.000000000
849 0.187500000 0.812500000 0.000000000
850 0.023809524 0.976190448 0.000000000
851 0.000000000 1.000000000 0.000000000
852 0.000000000 1.000000000 0.000000000
853 0.012755102 0.987244904 0.000000000
854 0.000000000 1.000000000 0.000000000
855 0.062500000 0.937500000 0.000000000
856 0.500000000 0.500000000 0.000000000
857 0.071428575 0.928571403 0.000000000
858 0.000000000 1.000000000 0.000000000
859 0.000000000 1.000000000 0.000000000
860 0.000000000 1.000000000 0.000000000
861 0.500000000 0.500000000 0.000000000
862 0.125000000 0.875000000 0.000000000
863 0.000000000 1.000000000 0.000000000
864 0.000000000 1.000000000 0.000000000
865 0.000000000 1.000000000 0.000000000
866 0.000000000 1.000000000 0.000000000
867 0.015873017 0.984126985 0.000000000
868 0.603991330 0.396008700 0.000000000
869 0.000000000 1.000000000 0.000000000
870 0.000000000 1.000000000 0.000000000
871 0.579457343 0.420542628 0.000000000
872 0.000000000 1.000000000 0.000000000
873 0.214285716 0.785714269 0.000000000
874 0.024922019 0.975077987 0.000000000
875 0.087230831 0.912769139 0.000000000
876 0.772028148 0.227971882 0.000000000
877 0.000000000 1.000000000 0.000000000
878 0.000000000 1.000000000 0.000000000
879 0.983333349 0.016666668 0.000000000
880 0.000000000 1.000000000 0.000000000
881 0.009580106 0.990419865 0.000000000
882 0.050000001 0.949999988 0.000000000
883 0.000000000 1.000000000 0.000000000
884 0.000000000 1.000000000 0.000000000
885 0.043366246 0.956633747 0.000000000
886 0.000000000 1.000000000 0.000000000
887 0.000000000 1.000000000 0.000000000
888 0.285484403 0.714515626 0.000000000
889 0.024752475 0.975247502 0.000000000
890 0.749177575 0.250822455 0.000000000
891 0.408093691 0.591906309 0.000000000
892 0.140006632 0.859993339 0.000000000
893 0.741419494 0.258580506 0.000000000
894 0.002066116 0.997933865 0.000000000
895 0.001075269 0.998924732 0.000000000
896 0.002427184 0.997572839 0.000000000
897 0.000000000 1.000000000 0.000000000
898 0.004237288 0.995762706 0.000000000
899 0.009523810 0.990476191 0.000000000
900 0.008474576 0.991525412 0.000000000
901 0.000000000 1.000000000 0.000000000
902 0.472249657 0.527750373 0.000000000
903 0.000000000 1.000000000 0.000000000
904 0.000000000 1.000000000 0.000000000
905 0.004917118 0.995082855 0.000000000
906 0.000000000 1.000000000 0.000000000
907 0.000000000 1.000000000 0.000000000
908 0.007874016 0.992125988 0.000000000
909 0.000000000 1.000000000 0.000000000
910 0.006896552 0.993103445 0.000000000
911 0.000000000 1.000000000 0.000000000
912 0.000000000 1.000000000 0.000000000
913 0.000000000 1.000000000 0.000000000
914 0.000000000 1.000000000 0.000000000
915 0.000000000 1.000000000 0.000000000
916 0.000000000 1.000000000 0.000000000
917 0.000000000 1.000000000 0.000000000
918 0.000000000 1.000000000 0.000000000
919 0.000000000 1.000000000 0.000000000
920 0.000000000 1.000000000 0.000000000
921 0.000000000 1.000000000 0.000000000
922 0.003546099 0.996453881 0.000000000
923 0.055555556 0.944444418 0.000000000
924 1.000000000 0.000000000 0.000000000
925 0.953947365 0.046052631 0.000000000
926 1.000000000 0.000000000 0.000000000
927 1.000000000 0.000000000 0.000000000
928 0.975409865 0.024590164 0.000000000
929 0.978571415 0.021428572 0.000000000
930 0.982142866 0.017857144 0.000000000
931 1.000000000 0.000000000 0.000000000
932 1.000000000 0.000000000 0.000000000
933 0.966666639 0.033333335 0.000000000
934 0.989130437 0.010869565 0.000000000
935 0.994791687 0.005208333 0.000000000
936 0.996350348 0.003649635 0.000000000
937 0.000000000 1.000000000 0.000000000
938 0.990909100 0.009090909 0.000000000
939 1.000000000 0.000000000 0.000000000
940 1.000000000 0.000000000 0.000000000
941 0.983870983 0.016129032 0.000000000
942 0.756647468 0.243352517 0.000000000
943 0.995145619 0.004854369 0.000000000
944 0.995049477 0.004950495 0.000000000
945 1.000000000 0.000000000 0.000000000
946 1.000000000 0.000000000 0.000000000
947 0.986904740 0.013095238 0.000000000
948 1.000000000 0.000000000 0.000000000
949 1.000000000 0.000000000 0.000000000
950 0.997536957 0.002463054 0.000000000
951 0.000000000 1.000000000 0.000000000
952 0.984126985 0.015873017 0.000000000
953 0.991228044 0.008771930 0.000000000
954 0.961038947 0.038961038 0.000000000
955 1.000000000 0.000000000 0.000000000
956 1.000000000 0.000000000 0.000000000
957 1.000000000 0.000000000 0.000000000
958 0.898773015 0.101226993 0.000000000
959 0.993562222 0.006437768 0.000000000
960 0.982594907 0.017405063 0.000000000
961 0.953125000 0.046875000 0.000000000
962 0.995535731 0.004464286 0.000000000
963 0.978208244 0.021791773 0.000000000
964 0.813963711 0.186036304 0.000000000
965 0.014652015 0.985347986 0.000000000
966 0.975903630 0.024096385 0.000000000
967 1.000000000 0.000000000 0.000000000
968 1.000000000 0.000000000 0.000000000
969 0.650994480 0.349005520 0.000000000
970 0.969696999 0.030303031 0.000000000
971 0.949999988 0.050000001 0.000000000
972 0.038461540 0.961538434 0.000000000
973 1.000000000 0.000000000 0.000000000
974 0.500000000 0.500000000 0.000000000
975 0.988372087 0.011627907 0.000000000
976 0.964646459 0.035353534 0.000000000
977 1.000000000 0.000000000 0.000000000
978 1.000000000 0.000000000 0.000000000
979 0.009090909 0.990909100 0.000000000
980 0.992857158 0.007142857 0.000000000
981 0.500000000 0.500000000 0.000000000
982 0.687500000 0.312500000 0.000000000
983 0.500000000 0.500000000 0.000000000
984 0.982142866 0.017857144 0.000000000
985 0.818181813 0.181818187 0.000000000
986 0.500000000 0.500000000 0.000000000
987 0.535714269 0.464285702 0.000000000
988 0.916666687 0.083333336 0.000000000
989 0.692499995 0.307500005 0.000000000
990 0.156250000 0.843750000 0.000000000
991 0.953488350 0.046511628 0.000000000
992 0.500000000 0.500000000 0.000000000
993 0.001492537 0.998507440 0.000000000
994 0.075000003 0.925000012 0.000000000
995 0.533333361 0.466666669 0.000000000
996 0.571428597 0.428571433 0.000000000
997 0.500000000 0.500000000 0.000000000
998 0.500000000 0.500000000 0.000000000
999 0.166666672 0.833333313 0.000000000
1000 0.021428572 0.978571415 0.000000000
1001 0.500000000 0.500000000 0.000000000
1002 0.500000000 0.500000000 0.000000000
1003 0.734764159 0.265235811 0.000000000
1004 0.500000000 0.500000000 0.000000000
1005 0.000000000 1.000000000 0.000000000
1006 0.969696999 0.030303031 0.000000000
1007 0.003067485 0.996932507 0.000000000
1008 0.000000000 1.000000000 0.000000000
1009 0.500000000 0.500000000 0.000000000
1010 0.116666667 0.883333325 0.000000000
1011 0.014084507 0.985915482 0.000000000
1012 0.500000000 0.500000000 0.000000000
1013 0.337220788 0.662779212 0.000000000
1014 0.500000000 0.500000000 0.000000000
1015 0.500000000 0.500000000 0.000000000
1016 0.035714287 0.964285731 0.000000000
1017 0.018518519 0.981481493 0.000000000
1018 0.071428575 0.928571403 0.000000000
1019 0.083333336 0.916666687 0.000000000
1020 0.500000000 0.500000000 0.000000000
1021 0.001824818 0.998175204 0.000000000
1022 0.000000000 1.000000000 0.000000000
1023 0.021276595 0.978723407 0.000000000
1024 0.500000000 0.500000000 0.000000000
1025 0.500000000 0.500000000 0.000000000
1026 0.055555556 0.944444418 0.000000000
1027 0.500000000 0.500000000 0.000000000
1028 0.000000000 1.000000000 0.000000000
1029 0.043478262 0.956521749 0.000000000
1030 0.000000000 1.000000000 0.000000000
1031 0.013888889 0.986111104 0.000000000
1032 0.250000000 0.750000000 0.000000000
1033 0.000000000 1.000000000 0.000000000
1034 0.000000000 1.000000000 0.000000000
1035 0.000000000 1.000000000 0.000000000
1036 0.040983606 0.959016383 0.000000000
1037 0.529411793 0.470588237 0.000000000
1038 0.177899688 0.822100282 0.000000000
1039 0.045454547 0.954545438 0.000000000
1040 0.487068951 0.512931049 0.000000000
1041 0.339229971 0.660770059 0.000000000
1042 0.020202020 0.979797959 0.000000000
1043 0.211935595 0.788064420 0.000000000
1044 0.005747126 0.994252861 0.000000000
1045 0.056756757 0.943243265 0.000000000
1046 0.010638298 0.989361703 0.000000000
1047 0.355365247 0.644634724 0.000000000
1048 0.025000000 0.975000024 0.000000000
1049 0.000000000 1.000000000 0.000000000
1050 0.000000000 1.000000000 0.000000000
1051 0.547498584 0.452501386 0.000000000
1052 0.158064514 0.841935456 0.000000000
1053 0.113394886 0.886605144 0.000000000
1054 0.285546064 0.714453936 0.000000000
1055 0.370125324 0.629874647 0.000000000
1056 0.507980466 0.492019504 0.000000000
1057 0.256153762 0.743846238 0.000000000
1058 0.517253518 0.482746482 0.000000000
1059 0.268234998 0.731764972 0.000000000
1060 0.397488564 0.602511406 0.000000000
1061 0.469153464 0.530846536 0.000000000
1062 0.680974007 0.319025964 0.000000000
1063 0.006172840 0.993827164 0.000000000
1064 0.094531499 0.905468524 0.000000000
1065 0.001138952 0.998861074 0.000000000
1066 0.003546099 0.996453881 0.000000000
1067 0.003546099 0.996453881 0.000000000
1068 0.004504505 0.995495498 0.000000000
1069 0.012396694 0.987603307 0.000000000
1070 0.030147059 0.969852924 0.000000000
1071 0.585036993 0.414963007 0.000000000
1072 0.009911141 0.990088880 0.000000000
1073 0.012931035 0.987068951 0.000000000
1074 0.127248302 0.872751713 0.000000000
1075 0.185810968 0.814189017 0.000000000
1076 0.003906250 0.996093750 0.000000000
1077 0.006172840 0.993827164 0.000000000
1078 0.000000000 1.000000000 0.000000000
1079 0.025735294 0.974264681 0.000000000
1080 0.000000000 1.000000000 0.000000000
1081 0.015151516 0.984848499 0.000000000
1082 0.000000000 1.000000000 0.000000000
1083 0.000000000 1.000000000 0.000000000
1084 0.000000000 1.000000000 0.000000000
1085 0.009174312 0.990825713 0.000000000
1086 0.048000000 0.952000022 0.000000000
1087 0.000000000 1.000000000 0.000000000
1088 0.013157895 0.986842096 0.000000000
1089 0.016666668 0.983333349 0.000000000
1090 0.004545454 0.995454550 0.000000000
1091 0.070175439 0.929824591 0.000000000
1092 0.000000000 0.042010073 0.957989931
1093 0.000000000 0.426750958 0.573249042
1094 0.000000000 0.338972151 0.661027849
1095 0.000000000 0.301104963 0.698895037
1096 0.000000000 0.536503613 0.463496417
1097 0.000000000 0.718018949 0.281981021
1098 0.000000000 0.572827697 0.427172303
1099 0.000000000 0.298319787 0.701680243
1100 0.000000000 0.336371452 0.663628519
1101 0.000000000 0.809233367 0.190766618
1102 0.000000000 0.766275227 0.233724758
1103 0.000000000 0.639826834 0.360173136
1104 0.000000000 0.400714338 0.599285662
1105 0.000000000 0.705613494 0.294386506
1106 0.000000000 0.059004568 0.940995455
1107 0.000000000 0.534437060 0.465562910
1108 0.000000000 0.758460999 0.241538972
1109 0.000000000 0.768431962 0.231568024
1110 0.000000000 0.787192881 0.212807149
1111 0.000000000 0.873382390 0.126617581
1112 0.000000000 0.776713312 0.223286688
1113 0.000000000 0.713601589 0.286398411
1114 0.000000000 0.741137207 0.258862793
1115 0.000000000 0.986979187 0.013020784
1116 0.000000000 0.736365914 0.263634086
1117 0.000000000 0.816312492 0.183687523
1118 0.000000000 0.749215841 0.250784189
1119 0.000000000 0.690364718 0.309635311
1120 0.000000000 0.115268119 0.884731889
1121 0.000000000 0.936741829 0.063258164
1122 0.000000000 0.983734608 0.016265415
1123 0.000000000 0.825279951 0.174720064
1124 0.000000000 0.363953352 0.636046648
1125 0.000000000 0.845573425 0.154426590
1126 0.000000000 0.840895891 0.159104109
1127 0.000000000 1.000000000 0.000000000
1128 0.000000000 0.678776026 0.321223974
1129 0.000000000 0.791999996 0.208000004
1130 0.000000000 0.820088506 0.179911479
1131 0.000000000 0.590931058 0.409068942
1132 0.000000000 0.403327376 0.596672595
1133 0.000000000 0.309523821 0.690476179
1134 0.000000000 0.166666672 0.833333313
1135 0.000000000 0.956648529 0.043351453
1136 0.000000000 0.432262033 0.567737937
1137 0.000000000 0.966666639 0.033333335
1138 0.000000000 0.970588207 0.029411765
1139 0.000000000 0.907407403 0.092592590
1140 0.000000000 0.825378478 0.174621537
1141 0.000000000 0.873015881 0.126984134
1142 0.000000000 1.000000000 0.000000000
1143 0.000000000 0.966666639 0.033333335
1144 0.000000000 0.737723231 0.262276798
1145 0.000000000 0.219671205 0.780328810
1146 0.000000000 0.409050137 0.590949833
1147 0.000000000 0.515038729 0.484961241
1148 0.000000000 0.083333336 0.916666687
1149 0.000000000 0.980000019 0.020000000
1150 0.000000000 0.000000000 1.000000000
1151 0.000000000 0.498548090 0.501451910
1152 0.000000000 0.843750000 0.156250000
1153 0.000000000 0.388738692 0.611261308
1154 0.000000000 0.930541694 0.069458283
1155 0.000000000 0.812500000 0.187500000
1156 0.000000000 1.000000000 0.000000000
1157 0.000000000 0.500000000 0.500000000
1158 0.000000000 0.500000000 0.500000000
1159 0.000000000 0.500000000 0.500000000
1160 0.000000000 0.500000000 0.500000000
1161 0.000000000 0.500000000 0.500000000
1162 0.000000000 0.500000000 0.500000000
1163 0.000000000 0.500000000 0.500000000
1164 0.000000000 0.500000000 0.500000000
1165 0.000000000 0.500000000 0.500000000
1166 0.000000000 0.500000000 0.500000000
1167 0.000000000 0.500000000 0.500000000
1168 0.000000000 0.500000000 0.500000000
1169 0.000000000 0.500000000 0.500000000
1170 0.000000000 0.307692319 0.692307711
1171 0.000000000 0.954545438 0.045454547
1172 0.000000000 0.978260875 0.021739131
1173 0.000000000 0.961538434 0.038461540
1174 0.000000000 1.000000000 0.000000000
1175 0.000000000 0.416666657 0.583333313
1176 0.000000000 0.454545468 0.545454562
1177 0.000000000 0.000000000 1.000000000
1178 0.000000000 0.972222209 0.027777778
1179 0.000000000 1.000000000 0.000000000
1180 0.000000000 1.000000000 0.000000000
1181 0.000000000 1.000000000 0.000000000
1182 0.000000000 0.771411121 0.228588894
1183 0.000000000 0.000000000 1.000000000
1184 0.000000000 1.000000000 0.000000000
1185 0.000000000 1.000000000 0.000000000
1186 0.000000000 1.000000000 0.000000000
1187 0.000000000 1.000000000 0.000000000
1188 0.000000000 1.000000000 0.000000000
1189 0.000000000 1.000000000 0.000000000
1190 0.000000000 0.000000000 1.000000000
1191 0.000000000 1.000000000 0.000000000
1192 0.000000000 1.000000000 0.000000000
1193 0.000000000 1.000000000 0.000000000
1194 0.000000000 0.227445155 0.772554815
1195 0.000000000 1.000000000 0.000000000
1196 0.000000000 0.899999976 0.100000001
1197 0.000000000 0.923766494 0.076233476
1198 0.000000000 0.275000006 0.725000024
1199 0.000000000 0.800000012 0.200000003
1200 0.000000000 0.750000000 0.250000000
1201 0.000000000 0.966666639 0.033333335
1202 0.000000000 0.734410644 0.265589356
1203 0.000000000 0.772727251 0.227272734
1204 0.000000000 0.272727281 0.727272749
1205 0.000000000 0.534565389 0.465434611
1206 0.000000000 0.694960475 0.305039525
1207 0.000000000 0.750000000 0.250000000
1208 0.000000000 0.318181813 0.681818187
1209 0.000000000 0.901611805 0.098388217
1210 0.000000000 0.613007605 0.386992395
1211 0.000000000 0.588431716 0.411568314
1212 0.000000000 0.486946404 0.513053596
1213 0.000000000 0.510905445 0.489094585
1214 0.000000000 0.901584864 0.098415121
1215 0.000000000 0.502644479 0.497355491
1216 0.000000000 0.940170944 0.059829060
1217 0.000000000 0.955555558 0.044444446
1218 0.000000000 0.000000000 1.000000000
1219 0.000000000 0.655209601 0.344790399
1220 0.000000000 0.988764048 0.011235955
1221 0.000000000 0.059139784 0.940860212
1222 0.000000000 0.441061199 0.558938801
1223 0.000000000 0.446198583 0.553801417
1224 0.000000000 0.325028539 0.674971461
1225 0.000000000 0.496122926 0.503877044
1226 0.000000000 0.598924816 0.401075155
1227 0.000000000 0.288883358 0.711116612
1228 0.000000000 0.859718502 0.140281469
1229 0.000000000 0.691079378 0.308920592
1230 0.000000000 0.661402643 0.338597387
1231 0.000000000 0.946915865 0.053084131
1232 0.000000000 0.101038106 0.898961902
1233 0.000000000 0.018356623 0.981643379
1234 0.000000000 0.420196772 0.579803228
1235 0.000000000 0.002262444 0.997737527
1236 0.000000000 0.089470983 0.910529017
1237 0.000000000 0.063346960 0.936653018
1238 0.000000000 0.216773704 0.783226311
1239 0.000000000 0.169735402 0.830264628
1240 0.000000000 0.181486100 0.818513930
1241 0.000000000 0.070874855 0.929125130
1242 0.000000000 0.187867805 0.812132180
1243 0.000000000 0.758567929 0.241432041
1244 0.000000000 0.509993494 0.490006506
1245 0.000000000 0.186224699 0.813775301
1246 0.000000000 0.168619201 0.831380785
1247 0.000000000 0.087147333 0.912852645
1248 0.000000000 0.200408399 0.799591601
1249 0.000000000 0.076618463 0.923381507
1250 0.000000000 0.002857143 0.997142851
1251 0.000000000 0.003246753 0.996753275
1252 0.000000000 0.266904414 0.733095586
1253 0.000000000 0.014749262 0.985250711
1254 0.000000000 0.008309249 0.991690755
1255 0.000000000 0.176684290 0.823315740
1256 0.000000000 0.082469366 0.917530656
1257 0.000000000 0.222789109 0.777210891
1258 0.000000000 0.270028949 0.729971051
1259 0.000000000 0.017218187 0.982781827
1260 0.000000000 0.083577394 0.916422606
1261 0.000000000 0.500000000 0.500000000
1262 0.000000000 0.500000000 0.500000000
1263 0.000000000 0.500000000 0.500000000
1264 0.000000000 0.500000000 0.500000000
1265 0.000000000 0.500000000 0.500000000
1266 0.000000000 0.500000000 0.500000000
1267 0.000000000 0.500000000 0.500000000
1268 0.000000000 0.500000000 0.500000000
1269 0.000000000 0.500000000 0.500000000
1270 0.000000000 0.500000000 0.500000000
1271 0.000000000 0.100000001 0.899999976
1272 0.000000000 0.500000000 0.500000000
1273 0.000000000 0.000000000 1.000000000
1274 0.000000000 0.500000000 0.500000000
1275 0.000000000 0.500000000 0.500000000
1276 0.000000000 0.500000000 0.500000000
1277 0.000000000 0.500000000 0.500000000
1278 0.000000000 0.500000000 0.500000000
1279 0.000000000 0.500000000 0.500000000
1280 0.000000000 0.500000000 0.500000000
1281 0.000000000 0.500000000 0.500000000
1282 0.000000000 0.500000000 0.500000000
1283 0.000000000 0.500000000 0.500000000
1284 0.000000000 0.500000000 0.500000000
1285 0.000000000 0.500000000 0.500000000
1286 0.000000000 0.500000000 0.500000000
1287 0.000000000 1.000000000 0.000000000
1288 0.000000000 0.500000000 0.500000000
1289 0.000000000 0.531250000 0.468750000
1290 0.000000000 0.500000000 0.500000000
1291 0.000000000 1.000000000 0.000000000
1292 0.000000000 0.500000000 0.500000000
1293 0.000000000 0.437500000 0.562500000
1294 0.000000000 1.000000000 0.000000000
1295 0.000000000 0.899999976 0.100000001
1296 0.000000000 0.500000000 0.500000000
1297 0.000000000 0.000000000 1.000000000
1298 0.000000000 0.750000000 0.250000000
1299 0.000000000 1.000000000 0.000000000
1300 0.000000000 0.500000000 0.500000000
1301 0.000000000 0.500000000 0.500000000
1302 0.000000000 1.000000000 0.000000000
1303 0.000000000 0.000000000 1.000000000
1304 0.000000000 0.500000000 0.500000000
1305 0.000000000 1.000000000 0.000000000
1306 0.000000000 0.606115162 0.393884867
1307 0.000000000 0.500000000 0.500000000
1308 0.000000000 0.000000000 1.000000000
1309 0.000000000 0.000000000 1.000000000
1310 0.000000000 0.000000000 1.000000000
1311 0.000000000 0.750000000 0.250000000
1312 0.000000000 1.000000000 0.000000000
1313 0.000000000 0.832360864 0.167639136
1314 0.000000000 0.998127341 0.001872659
1315 0.000000000 0.527508080 0.472491920
1316 0.000000000 1.000000000 0.000000000
1317 0.000000000 0.003448276 0.996551752
1318 0.000000000 0.594547629 0.405452371
1319 0.000000000 0.622526526 0.377473474
1320 0.000000000 0.288995534 0.711004436
1321 0.000000000 0.540803015 0.459196985
1322 0.000000000 0.805596471 0.194403529
1323 0.000000000 0.963988304 0.036011707
1324 0.000000000 0.907676518 0.092323482
1325 0.000000000 0.980996788 0.019003235
1326 0.000000000 1.000000000 0.000000000
1327 0.000000000 0.987603307 0.012396694
1328 0.000000000 0.983539104 0.016460905
1329 0.000000000 0.747570872 0.252429157
1330 0.000000000 0.619745374 0.380254596
1331 0.000000000 0.000000000 1.000000000
1332 0.000000000 0.748654068 0.251345932
1333 0.000000000 0.944052398 0.055947606
1334 0.000000000 0.760323584 0.239676401
1335 0.000000000 0.972293735 0.027706273
1336 0.000000000 0.645858347 0.354141653
1337 0.000000000 0.985795259 0.014204743
1338 0.000000000 0.849011838 0.150988147
1339 0.000000000 0.991525412 0.008474576
1340 0.000000000 0.856823266 0.143176734
1341 0.000000000 0.972413778 0.027586207
1342 0.000000000 0.960073233 0.039926741
1343 0.000000000 1.000000000 0.000000000
1344 0.000000000 0.635064125 0.364935845
1345 0.000000000 0.005555556 0.994444430
1346 0.000000000 0.886123300 0.113876686
1347 0.000000000 0.720313907 0.279686093
1348 0.000000000 0.923809528 0.076190479
1349 0.000000000 0.985968053 0.014031943
1350 0.000000000 1.000000000 0.000000000
1351 0.000000000 0.996503472 0.003496503
1352 0.000000000 0.968750000 0.031250000
1353 0.000000000 0.930722892 0.069277108
1354 0.000000000 1.000000000 0.000000000
1355 0.000000000 0.985347986 0.014652015
1356 0.000000000 0.925846457 0.074153543
1357 0.000000000 1.000000000 0.000000000
1358 0.000000000 0.198113203 0.801886797
1359 0.000000000 0.025000000 0.975000024
1360 0.000000000 1.000000000 0.000000000
1361 0.000000000 0.691251576 0.308748394
1362 0.000000000 0.960040689 0.039959285
1363 0.000000000 1.000000000 0.000000000
1364 0.000000000 0.945054948 0.054945055
1365 0.000000000 0.585360050 0.414639950
1366 0.000000000 0.550121307 0.449878722
1367 0.000000000 0.983372390 0.016627634
1368 0.000000000 0.793502748 0.206497252
1369 0.000000000 0.824210525 0.175789461
1370 0.000000000 0.992977500 0.007022472
1371 0.000000000 0.573758066 0.426241964
1372 0.000000000 0.763962507 0.236037493
1373 0.000000000 0.000000000 1.000000000
1374 0.000000000 0.931372523 0.068627454
1375 0.000000000 0.945645094 0.054354880
1376 0.000000000 0.763300776 0.236699238
1377 0.000000000 0.889284670 0.110715300
1378 0.000000000 0.926700771 0.073299207
1379 0.000000000 0.963332355 0.036667645
1380 0.000000000 0.863705158 0.136294857
1381 0.000000000 0.643401086 0.356598914
1382 0.000000000 0.890175462 0.109824561
1383 0.000000000 0.952841878 0.047158107
1384 0.000000000 0.918642342 0.081357665
1385 0.000000000 0.943716347 0.056283657
1386 0.000000000 0.973256648 0.026743338
1387 0.000000000 0.049386162 0.950613856
1388 0.000000000 0.889650881 0.110349141
1389 0.000000000 1.000000000 0.000000000
1390 0.000000000 0.972769201 0.027230805
1391 0.000000000 0.635656655 0.364343315
1392 0.000000000 0.847734213 0.152265802
1393 0.000000000 0.931415915 0.068584070
1394 0.000000000 0.825568795 0.174431205
1395 0.000000000 0.548072338 0.451927662
1396 0.000000000 1.000000000 0.000000000
1397 0.000000000 0.965040624 0.034959350
1398 0.000000000 0.711555660 0.288444340
1399 0.000000000 0.885666251 0.114333726
1400 0.000000000 0.830773950 0.169226050
1401 0.000000000 0.038812786 0.961187243
1402 0.000000000 1.000000000 0.000000000
1403 0.000000000 0.652315617 0.347684383
1404 0.000000000 0.224719301 0.775280714
1405 0.000000000 0.001675603 0.998324394
1406 0.000000000 0.000000000 1.000000000
1407 0.000000000 0.000000000 1.000000000
1408 0.000000000 0.798756659 0.201243356
1409 0.000000000 0.002427184 0.997572839
1410 0.000000000 0.000000000 1.000000000
1411 0.000000000 0.067506067 0.932493925
1412 0.000000000 0.820879996 0.179120004
1413 0.000000000 0.998724461 0.001275510
1414 0.000000000 0.278622627 0.721377373
1415 0.000000000 0.134282172 0.865717828
1416 0.000000000 0.998768449 0.001231527
1417 0.000000000 0.103693180 0.896306813
1418 0.000000000 0.074387610 0.925612390
1419 0.000000000 0.170264453 0.829735518
1420 0.000000000 0.119863011 0.880136967
1421 0.000000000 0.003311258 0.996688724
1422 0.000000000 0.210504889 0.789495111
1423 0.000000000 0.017647060 0.982352912
1424 0.000000000 0.001736111 0.998263896
1425 0.000000000 0.077287063 0.922712922
1426 0.000000000 0.049166668 0.950833321
1427 0.000000000 0.000000000 1.000000000
1428 0.000000000 0.108564176 0.891435802
1429 0.000000000 0.011666667 0.988333344
1430 0.333333343 0.333333343 0.333333343
1431 0.333333343 0.333333343 0.333333343
1432 0.333333343 0.333333343 0.333333343
1433 0.166666672 0.166666672 0.666666687
1434 0.000000000 0.000000000 1.000000000
1435 0.333333343 0.333333343 0.333333343
1436 0.333333343 0.333333343 0.333333343
1437 0.333333343 0.333333343 0.333333343
1438 1.000000000 0.000000000 0.000000000
1439 0.333333343 0.333333343 0.333333343
1440 0.333333343 0.333333343 0.333333343
1441 0.333333343 0.333333343 0.333333343
1442 0.333333343 0.333333343 0.333333343
1443 0.333333343 0.333333343 0.333333343
1444 0.333333343 0.333333343 0.333333343
1445 0.333333343 0.333333343 0.333333343
1446 0.333333343 0.333333343 0.333333343
1447 0.333333343 0.333333343 0.333333343
1448 0.333333343 0.333333343 0.333333343
1449 0.333333343 0.333333343 0.333333343
1450 0.333333343 0.333333343 0.333333343
1451 0.333333343 0.333333343 0.333333343
1452 0.333333343 0.333333343 0.333333343
1453 0.333333343 0.333333343 0.333333343
1454 0.333333343 0.333333343 0.333333343
1455 0.333333343 0.333333343 0.333333343
1456 0.333333343 0.333333343 0.333333343
1457 0.333333343 0.333333343 0.333333343
1458 0.333333343 0.333333343 0.333333343
1459 0.333333343 0.333333343 0.333333343
1460 0.000000000 0.000000000 1.000000000
1461 0.000000000 0.000000000 1.000000000
1462 0.000000000 0.000000000 1.000000000
1463 0.333333343 0.333333343 0.333333343
1464 0.066666670 0.066666670 0.866666675
1465 0.250000000 0.250000000 0.500000000
1466 0.000000000 0.500000000 0.500000000
1467 0.333333343 0.333333343 0.333333343
1468 0.333333343 0.333333343 0.333333343
1469 0.333333343 0.333333343 0.333333343
1470 0.333333343 0.333333343 0.333333343
1471 1.000000000 0.000000000 0.000000000
1472 0.000000000 0.000000000 1.000000000
1473 0.333333343 0.333333343 0.333333343
1474 1.000000000 0.000000000 0.000000000
1475 0.637816727 0.362183303 0.000000000
1476 0.333333343 0.333333343 0.333333343
1477 0.000000000 1.000000000 0.000000000
1478 0.520608068 0.257169724 0.222222224
1479 0.400000006 0.000000000 0.600000024
1480 0.666666687 0.166666672 0.166666672
1481 1.000000000 0.000000000 0.000000000
1482 0.726578474 0.269633621 0.003787879
1483 0.726221383 0.212229848 0.061548766
1484 0.689339876 0.306345135 0.004314994
1485 0.997521698 0.001239157 0.001239157
1486 0.000000000 0.079310343 0.920689642
1487 0.550898671 0.447804332 0.001297017
1488 0.772738755 0.201620206 0.025641026
1489 0.035031058 0.937194943 0.027773997
1490 0.558855355 0.439989358 0.001155306
1491 0.636347890 0.164973199 0.198678911
1492 0.560600460 0.439399540 0.000000000
1493 0.453193545 0.545680344 0.001126126
1494 0.307412475 0.686969519 0.005617978
1495 0.736559153 0.247299626 0.016141200
1496 0.970063984 0.025803804 0.004132231
1497 0.395103246 0.582605958 0.022290809
1498 0.997300923 0.001349528 0.001349528
1499 0.835957825 0.067034341 0.097007833
1500 0.000000000 0.013888889 0.986111104
1501 0.941995859 0.000000000 0.058004126
1502 0.678306282 0.315971255 0.005722461
1503 0.400652707 0.556002080 0.043345217
1504 0.979910493 0.019044559 0.001044945
1505 0.753204226 0.103451826 0.143343940
1506 0.517919481 0.451500803 0.030579710
1507 0.316374034 0.679673374 0.003952569
1508 0.135380983 0.846864343 0.017754683
1509 0.905798495 0.094201490 0.000000000
1510 0.953120112 0.026518634 0.020361248
1511 0.476456374 0.481248677 0.042294927
1512 0.493185669 0.366335869 0.140478462
1513 0.577517867 0.359923750 0.062558360
1514 0.003703704 0.003703704 0.992592573
1515 0.922879636 0.077120349 0.000000000
1516 0.832642198 0.138876781 0.028481012
1517 1.000000000 0.000000000 0.000000000
1518 0.454417199 0.530445099 0.015137714
1519 0.389393777 0.592087686 0.018518519
1520 0.868512273 0.075543649 0.055944055
1521 0.625557661 0.268436491 0.106005847
1522 0.866617262 0.084191166 0.049191564
1523 0.131868139 0.857142866 0.010989011
1524 0.484800726 0.455719769 0.059479490
1525 0.242419690 0.549445033 0.208135292
1526 0.971631229 0.014184397 0.014184397
1527 0.063174248 0.870788038 0.066037737
1528 0.016666668 0.016666668 0.966666639
1529 0.802076340 0.179807693 0.018115941
1530 0.680478692 0.288909078 0.030612245
1531 0.931282341 0.050857261 0.017860414
1532 0.956556141 0.025542647 0.017901234
1533 0.082372509 0.910301507 0.007326007
1534 0.623699665 0.365390092 0.010910231
1535 0.797543228 0.181076795 0.021379981
1536 0.506330907 0.463068008 0.030601094
1537 0.140006498 0.661360025 0.198633447
1538 0.787529230 0.040152237 0.172318548
1539 0.438013941 0.476625562 0.085360520
1540 0.693545103 0.230550960 0.075903915
1541 0.739694238 0.248541027 0.011764706
1542 0.005681818 0.062500000 0.931818187
1543 0.292596370 0.632745266 0.074658372
1544 0.144434318 0.707614481 0.147951216
1545 0.572461486 0.397136778 0.030401736
1546 0.744909406 0.120574579 0.134516001
1547 0.415892094 0.402282447 0.181825459
1548 0.378471911 0.601218998 0.020309109
1549 0.211431295 0.749420464 0.039148219
1550 0.401888877 0.500545382 0.097565718
1551 0.489930809 0.507963896 0.002105263
1552 0.631157815 0.240089133 0.128753021
1553 0.622610271 0.340635389 0.036754306
1554 0.478698879 0.456316829 0.064984299
1555 0.570205331 0.300813973 0.128980741
1556 0.000000000 0.012500000 0.987500012
1557 0.187502712 0.759766161 0.052731108
1558 0.399045199 0.536612272 0.064342506
1559 0.112620786 0.809635282 0.077743940
1560 0.199845552 0.723094761 0.077059656
1561 0.000000000 0.901733875 0.098266125
1562 0.088158526 0.436690569 0.475150883
1563 0.370441854 0.608298302 0.021259828
1564 0.169730797 0.655430615 0.174838617
1565 0.516063094 0.371104360 0.112832554
1566 0.047674578 0.858841300 0.093484096
1567 0.002469136 0.907654345 0.089876540
1568 0.422878474 0.550714612 0.026406927
1569 0.257050484 0.721901178 0.021048320
1570 0.001522070 0.039193302 0.959284604
1571 0.013512687 0.841365337 0.145121947
1572 0.311512709 0.685896635 0.002590674
1573 0.320961386 0.615711391 0.063327231
1574 0.131187022 0.863074362 0.005738602
1575 0.000000000 0.936034262 0.063965745
1576 0.063443795 0.824135959 0.112420224
1577 0.000000000 0.997761190 0.002238806
1578 0.063906699 0.880003214 0.056090079
1579 0.000000000 0.777728260 0.222271711
1580 0.002427184 0.899666250 0.097906582
1581 0.000000000 0.868357539 0.131642476
1582 0.000850340 0.998299301 0.000850340
1583 0.002506266 0.877694249 0.119799502
1584 0.001650165 0.001650165 0.996699691
1585 0.000821018 0.924814045 0.074364915
1586 0.002020202 0.002777778 0.995202005
1587 0.000960615 0.000960615 0.998078763
1588 0.000000000 0.005016722 0.994983256
1589 0.002283105 0.002283105 0.995433807
1590 0.005518764 0.005518764 0.988962471
1591 0.003257329 0.003257329 0.993485332
1592 0.002941177 0.002941177 0.994117618
1593 0.001157407 0.001157407 0.997685194
1594 0.000000000 0.038541473 0.961458504
1595 0.024444444 0.038611110 0.936944425
1596 0.002244669 0.385851949 0.611903369
1597 0.049833886 0.004933051 0.945233047
1598 0.064444445 0.076111108 0.859444439
1599 0.000000000 0.000000000 1.000000000
1600 0.977694690 0.000000000 0.022305291
1601 0.991228044 0.000000000 0.008771930
1602 1.000000000 0.000000000 0.000000000
1603 0.973063946 0.013468013 0.013468013
1604 0.991150439 0.000000000 0.008849557
1605 1.000000000 0.000000000 0.000000000
1606 0.857142866 0.000000000 0.142857149
1607 0.935897410 0.012820513 0.051282052
1608 0.980820715 0.000000000 0.019179298
1609 0.973528326 0.000000000 0.026471676
1610 0.990291238 0.000000000 0.009708738
1611 0.975609779 0.000000000 0.024390243
1612 0.931793094 0.004761905 0.063445002
1613 0.000000000 0.000000000 1.000000000
1614 1.000000000 0.000000000 0.000000000
1615 1.000000000 0.000000000 0.000000000
1616 0.995951414 0.000000000 0.004048583
1617 0.981060326 0.002666667 0.016273022
1618 0.989208639 0.000000000 0.010791367
1619 0.900403023 0.001455604 0.098141365
1620 1.000000000 0.000000000 0.000000000
1621 0.994152069 0.002923977 0.002923977
1622 0.899854779 0.002116402 0.098028816
1623 1.000000000 0.000000000 0.000000000
1624 0.917122662 0.000000000 0.082877308
1625 0.901473939 0.019607844 0.078918189
1626 1.000000000 0.000000000 0.000000000
1627 0.047619049 0.047619049 0.904761910
1628 0.855189562 0.002487562 0.142322868
1629 1.000000000 0.000000000 0.000000000
1630 1.000000000 0.000000000 0.000000000
1631 0.972281158 0.000000000 0.027718833
1632 0.982905984 0.008547009 0.008547009
1633 1.000000000 0.000000000 0.000000000
1634 1.000000000 0.000000000 0.000000000
1635 0.726317048 0.028272381 0.245410562
1636 1.000000000 0.000000000 0.000000000
1637 1.000000000 0.000000000 0.000000000
1638 0.777777791 0.111111112 0.111111112
1639 0.904761910 0.047619049 0.047619049
1640 0.476190478 0.190476194 0.333333343
1641 0.333333343 0.333333343 0.333333343
1642 0.574074090 0.018518519 0.407407403
1643 1.000000000 0.000000000 0.000000000
1644 0.904761910 0.047619049 0.047619049
1645 1.000000000 0.000000000 0.000000000
1646 0.708333313 0.000000000 0.291666657
1647 0.889499784 0.017543860 0.092956342
1648 0.796296299 0.018518519 0.185185179
1649 0.855072439 0.072463766 0.072463766
1650 1.000000000 0.000000000 0.000000000
1651 0.861111104 0.069444448 0.069444448
1652 0.666666687 0.116666667 0.216666669
1653 1.000000000 0.000000000 0.000000000
1654 1.000000000 0.000000000 0.000000000
1655 0.333333343 0.333333343 0.333333343
1656 0.749182403 0.013333334 0.237484276
1657 0.333333343 0.333333343 0.333333343
1658 0.851851881 0.074074075 0.074074075
1659 0.791666687 0.104166664 0.104166664
1660 0.500000000 0.106250003 0.393750012
1661 0.795000017 0.000000000 0.204999998
1662 0.400000006 0.150000006 0.449999988
1663 0.467246950 0.229885057 0.302867979
1664 0.333333343 0.333333343 0.333333343
1665 0.333333343 0.333333343 0.333333343
1666 0.333333343 0.333333343 0.333333343
1667 0.333333343 0.333333343 0.333333343
1668 0.333333343 0.333333343 0.333333343
1669 0.333333343 0.333333343 0.333333343
1670 0.333333343 0.333333343 0.333333343
1671 0.333333343 0.333333343 0.333333343
1672 0.333333343 0.333333343 0.333333343
1673 0.333333343 0.333333343 0.333333343
1674 0.333333343 0.333333343 0.333333343
1675 0.333333343 0.333333343 0.333333343
1676 0.333333343 0.333333343 0.333333343
1677 1.000000000 0.000000000 0.000000000
1678 1.000000000 0.000000000 0.000000000
1679 0.971014500 0.014492754 0.014492754
1680 1.000000000 0.000000000 0.000000000
1681 1.000000000 0.000000000 0.000000000
1682 1.000000000 0.000000000 0.000000000
1683 0.000000000 0.000000000 1.000000000
1684 0.333333343 0.333333343 0.333333343
1685 1.000000000 0.000000000 0.000000000
1686 1.000000000 0.000000000 0.000000000
1687 1.000000000 0.000000000 0.000000000
1688 1.000000000 0.000000000 0.000000000
1689 0.916666687 0.083333336 0.000000000
1690 0.333333343 0.333333343 0.333333343
1691 1.000000000 0.000000000 0.000000000
1692 1.000000000 0.000000000 0.000000000
1693 1.000000000 0.000000000 0.000000000
1694 1.000000000 0.000000000 0.000000000
1695 1.000000000 0.000000000 0.000000000
1696 1.000000000 0.000000000 0.000000000
1697 0.333333343 0.333333343 0.333333343
1698 1.000000000 0.000000000 0.000000000
1699 1.000000000 0.000000000 0.000000000
1700 1.000000000 0.000000000 0.000000000
1701 1.000000000 0.000000000 0.000000000
1702 0.000000000 0.224489793 0.775510192
1703 0.361824363 0.198459327 0.439716309
1704 0.696969688 0.151515156 0.151515156
1705 0.333333343 0.333333343 0.333333343
1706 0.060606062 0.060606062 0.878787875
1707 0.090909094 0.090909094 0.818181813
1708 0.777777791 0.111111112 0.111111112
1709 0.472192764 0.324103534 0.203703701
1710 0.714285731 0.142857149 0.142857149
1711 0.333333343 0.333333343 0.333333343
1712 0.000000000 0.000000000 1.000000000
1713 0.195913017 0.142457262 0.661629736
1714 0.733333349 0.133333340 0.133333340
1715 0.333333343 0.333333343 0.333333343
1716 0.928315401 0.029390682 0.042293906
1717 0.968750000 0.007812500 0.023437500
1718 0.828343451 0.087526411 0.084130161
1719 0.837426603 0.085054018 0.077519380
1720 1.000000000 0.000000000 0.000000000
1721 0.501319826 0.485346854 0.013333334
1722 0.736111104 0.256944448 0.006944444
1723 0.668869317 0.304103643 0.027027028
1724 0.970678866 0.017272960 0.012048192
1725 0.333333343 0.333333343 0.333333343
1726 0.149758458 0.019043118 0.831198454
1727 0.195869893 0.539885163 0.264244944
1728 0.200000003 0.200000003 0.600000024
1729 0.000000000 0.000000000 1.000000000
1730 0.000000000 0.012807004 0.987192988
1731 0.006666667 0.640911400 0.352421939
1732 0.000000000 0.000000000 1.000000000
1733 0.398915589 0.601084411 0.000000000
1734 0.317435950 0.500896633 0.181667432
1735 0.370761663 0.458041430 0.171196908
1736 0.053619664 0.943460941 0.002919364
1737 0.235868350 0.676226020 0.087905653
1738 0.638424635 0.013116621 0.348458737
1739 0.000000000 0.000000000 1.000000000
1740 0.333333343 0.333333343 0.333333343
1741 0.000000000 0.048639454 0.951360524
1742 0.333333343 0.333333343 0.333333343
1743 0.148838192 0.237436578 0.613725245
1744 0.060606062 0.060606062 0.878787875
1745 0.006289308 0.029874213 0.963836491
1746 0.009009009 0.009009009 0.981981993
1747 0.044444446 0.122222222 0.833333313
1748 0.050000001 0.125000000 0.824999988
1749 0.017543860 0.022807017 0.959649146
1750 0.155259028 0.586977005 0.257763982
1751 0.643946528 0.347203910 0.008849557
1752 0.027210884 0.109329171 0.863459945
1753 0.090909094 0.090909094 0.818181813
1754 0.020833334 0.067708336 0.911458313
1755 0.021857923 0.021857923 0.956284165
1756 0.014492754 0.014492754 0.971014500
1757 0.333333343 0.333333343 0.333333343
1758 0.333333343 0.333333343 0.333333343
1759 0.011111111 0.016666668 0.972222209
1760 0.333333343 0.333333343 0.333333343
1761 0.250000000 0.250000000 0.500000000
1762 0.000000000 0.000000000 1.000000000
1763 0.021505376 0.040860213 0.937634408
1764 0.017543860 0.039254386 0.943201780
1765 0.007843138 0.007843138 0.984313726
1766 0.000000000 0.500000000 0.500000000
1767 0.095238097 0.113095239 0.791666687
1768 0.000000000 1.000000000 0.000000000
1769 1.000000000 0.000000000 0.000000000
1770 1.000000000 0.000000000 0.000000000
1771 0.996062994 0.003937008 0.000000000
1772 1.000000000 0.000000000 0.000000000
1773 1.000000000 0.000000000 0.000000000
1774 0.993827164 0.006172840 0.000000000
1775 1.000000000 0.000000000 0.000000000
1776 1.000000000 0.000000000 0.000000000
1777 1.000000000 0.000000000 0.000000000
1778 1.000000000 0.000000000 0.000000000
1779 0.982456148 0.017543860 0.000000000
1780 1.000000000 0.000000000 0.000000000
1781 1.000000000 0.000000000 0.000000000
1782 0.009677419 0.990322590 0.000000000
1783 1.000000000 0.000000000 0.000000000
1784 1.000000000 0.000000000 0.000000000
1785 1.000000000 0.000000000 0.000000000
1786 1.000000000 0.000000000 0.000000000
1787 1.000000000 0.000000000 0.000000000
1788 1.000000000 0.000000000 0.000000000
1789 0.994505465 0.005494506 0.000000000
1790 0.993827164 0.006172840 0.000000000
1791 0.625000000 0.375000000 0.000000000
1792 0.993749976 0.006250000 0.000000000
1793 0.961538434 0.038461540 0.000000000
1794 1.000000000 0.000000000 0.000000000
1795 0.988888860 0.011111111 0.000000000
1796 0.000000000 1.000000000 0.000000000
1797 0.722222209 0.277777791 0.000000000
1798 0.500000000 0.500000000 0.000000000
1799 1.000000000 0.000000000 0.000000000
1800 1.000000000 0.000000000 0.000000000
1801 1.000000000 0.000000000 0.000000000
1802 1.000000000 0.000000000 0.000000000
1803 0.500000000 0.500000000 0.000000000
1804 1.000000000 0.000000000 0.000000000
1805 1.000000000 0.000000000 0.000000000
1806 0.982142866 0.017857144 0.000000000
1807 0.899999976 0.100000001 0.000000000
1808 0.937500000 0.062500000 0.000000000
1809 0.928571403 0.071428575 0.000000000
1810 0.055555556 0.944444418 0.000000000
1811 1.000000000 0.000000000 0.000000000
1812 0.666666687 0.333333343 0.000000000
1813 0.500000000 0.500000000 0.000000000
1814 0.500000000 0.500000000 0.000000000
1815 0.833333313 0.166666672 0.000000000
1816 0.699999988 0.300000012 0.000000000
1817 0.500000000 0.500000000 0.000000000
1818 0.500000000 0.500000000 0.000000000
1819 0.500000000 0.500000000 0.000000000
1820 0.562500000 0.437500000 0.000000000
1821 0.970588207 0.029411765 0.000000000
1822 0.769230783 0.230769232 0.000000000
1823 0.535714269 0.464285702 0.000000000
1824 0.300000012 0.699999988 0.000000000
1825 0.500000000 0.500000000 0.000000000
1826 0.685185194 0.314814806 0.000000000
1827 0.949999988 0.050000001 0.000000000
1828 0.500000000 0.500000000 0.000000000
1829 0.647058845 0.352941185 0.000000000
1830 1.000000000 0.000000000 0.000000000
1831 1.000000000 0.000000000 0.000000000
1832 0.500000000 0.500000000 0.000000000
1833 0.500000000 0.500000000 0.000000000
1834 0.500000000 0.500000000 0.000000000
1835 0.500000000 0.500000000 0.000000000
1836 0.500000000 0.500000000 0.000000000
1837 0.500000000 0.500000000 0.000000000
1838 0.500000000 0.500000000 0.000000000
1839 0.500000000 0.500000000 0.000000000
1840 0.500000000 0.500000000 0.000000000
1841 0.500000000 0.500000000 0.000000000
1842 0.500000000 0.500000000 0.000000000
1843 0.500000000 0.500000000 0.000000000
1844 0.500000000 0.500000000 0.000000000
1845 0.500000000 0.500000000 0.000000000
1846 1.000000000 0.000000000 0.000000000
1847 0.500000000 0.500000000 0.000000000
1848 0.500000000 0.500000000 0.000000000
1849 0.500000000 0.500000000 0.000000000
1850 0.500000000 0.500000000 0.000000000
1851 1.000000000 0.000000000 0.000000000
1852 0.142857149 0.857142866 0.000000000
1853 1.000000000 0.000000000 0.000000000
1854 0.500000000 0.500000000 0.000000000
1855 0.500000000 0.500000000 0.000000000
1856 0.500000000 0.500000000 0.000000000
1857 0.500000000 0.500000000 0.000000000
1858 1.000000000 0.000000000 0.000000000
1859 1.000000000 0.000000000 0.000000000
1860 0.500000000 0.500000000 0.000000000
1861 0.500000000 0.500000000 0.000000000
1862 0.500000000 0.500000000 0.000000000
1863 0.500000000 0.500000000 0.000000000
1864 0.500000000 0.500000000 0.000000000
1865 0.500000000 0.500000000 0.000000000
1866 0.000000000 1.000000000 0.000000000
1867 0.500000000 0.500000000 0.000000000
1868 0.500000000 0.500000000 0.000000000
1869 0.500000000 0.500000000 0.000000000
1870 1.000000000 0.000000000 0.000000000
1871 0.500000000 0.500000000 0.000000000
1872 0.500000000 0.500000000 0.000000000
1873 0.000000000 1.000000000 0.000000000
1874 0.285714298 0.714285731 0.000000000
1875 0.500000000 0.500000000 0.000000000
1876 0.500000000 0.500000000 0.000000000
1877 0.500000000 0.500000000 0.000000000
1878 0.187500000 0.812500000 0.000000000
1879 0.500000000 0.500000000 0.000000000
1880 0.125000000 0.875000000 0.000000000
1881 0.000000000 1.000000000 0.000000000
1882 0.500000000 0.500000000 0.000000000
1883 0.500000000 0.500000000 0.000000000
1884 0.033333335 0.966666639 0.000000000
1885 0.569444418 0.430555552 0.000000000
1886 0.904761910 0.095238097 0.000000000
1887 0.000000000 1.000000000 0.000000000
1888 0.703041375 0.296958625 0.000000000
1889 0.081081077 0.918918908 0.000000000
1890 0.625000000 0.375000000 0.000000000
1891 0.010638298 0.989361703 0.000000000
1892 0.166666672 0.833333313 0.000000000
1893 0.500000000 0.500000000 0.000000000
1894 0.000000000 1.000000000 0.000000000
1895 0.852941155 0.147058830 0.000000000
1896 0.500000000 0.500000000 0.000000000
1897 0.017045455 0.982954562 0.000000000
1898 0.006410256 0.993589759 0.000000000
1899 0.496954560 0.503045440 0.000000000
1900 0.000000000 1.000000000 0.000000000
1901 0.008771930 0.991228044 0.000000000
1902 0.707477927 0.292522043 0.000000000
1903 0.008771930 0.991228044 0.000000000
1904 0.019230770 0.980769217 0.000000000
1905 0.000000000 1.000000000 0.000000000
1906 0.000000000 1.000000000 0.000000000
1907 0.812500000 0.187500000 0.000000000
1908 0.000000000 1.000000000 0.000000000
1909 0.000000000 1.000000000 0.000000000
1910 0.056606062 0.943393946 0.000000000
1911 0.004524887 0.995475113 0.000000000
1912 0.291271746 0.708728254 0.000000000
1913 0.292551845 0.707448184 0.000000000
1914 0.000000000 1.000000000 0.000000000
1915 0.002645503 0.997354507 0.000000000
1916 0.191299066 0.808700919 0.000000000
1917 0.002487562 0.997512460 0.000000000
1918 0.017543860 0.982456148 0.000000000
1919 0.839999974 0.159999996 0.000000000
1920 0.071366295 0.928633690 0.000000000
1921 0.005780347 0.994219661 0.000000000
1922 0.018987341 0.981012642 0.000000000
1923 0.002347418 0.997652590 0.000000000
1924 0.006072875 0.993927121 0.000000000
1925 0.001524390 0.998475611 0.000000000
1926 0.001432665 0.998567343 0.000000000
1927 0.001628664 0.998371363 0.000000000
1928 0.000000000 1.000000000 0.000000000
1929 0.005988024 0.994011998 0.000000000
1930 0.004385965 0.995614052 0.000000000
1931 0.000000000 1.000000000 0.000000000
1932 0.001683502 0.998316526 0.000000000
1933 0.007692308 0.992307663 0.000000000
1934 0.002242153 0.997757852 0.000000000
1935 0.000000000 1.000000000 0.000000000
1936 0.000000000 1.000000000 0.000000000
1937 0.500000000 0.500000000 0.000000000
1938 0.500000000 0.500000000 0.000000000
1939 0.500000000 0.500000000 0.000000000
1940 0.500000000 0.500000000 0.000000000
1941 0.500000000 0.500000000 0.000000000
1942 0.500000000 0.500000000 0.000000000
1943 0.500000000 0.500000000 0.000000000
1944 0.500000000 0.500000000 0.000000000
1945 0.500000000 0.500000000 0.000000000
1946 0.500000000 0.500000000 0.000000000
1947 0.500000000 0.500000000 0.000000000
1948 0.500000000 0.500000000 0.000000000
1949 0.500000000 0.500000000 0.000000000
1950 0.500000000 0.500000000 0.000000000
1951 0.500000000 0.500000000 0.000000000
1952 0.500000000 0.500000000 0.000000000
1953 0.500000000 0.500000000 0.000000000
1954 0.500000000 0.500000000 0.000000000
1955 0.500000000 0.500000000 0.000000000
1956 0.500000000 0.500000000 0.000000000
1957 0.500000000 0.500000000 0.000000000
1958 0.500000000 0.500000000 0.000000000
1959 0.500000000 0.500000000 0.000000000
1960 0.500000000 0.500000000 0.000000000
1961 0.500000000 0.500000000 0.000000000
1962 0.500000000 0.500000000 0.000000000
1963 0.500000000 0.500000000 0.000000000
1964 0.500000000 0.500000000 0.000000000
1965 0.000000000 1.000000000 0.000000000
1966 0.500000000 0.500000000 0.000000000
1967 0.500000000 0.500000000 0.000000000
1968 0.500000000 0.500000000 0.000000000
1969 0.500000000 0.500000000 0.000000000
1970 0.500000000 0.500000000 0.000000000
1971 0.500000000 0.500000000 0.000000000
1972 0.500000000 0.500000000 0.000000000
1973 0.500000000 0.500000000 0.000000000
1974 0.500000000 0.500000000 0.000000000
1975 0.500000000 0.500000000 0.000000000
1976 0.500000000 0.500000000 0.000000000
1977 0.500000000 0.500000000 0.000000000
1978 0.500000000 0.500000000 0.000000000
1979 0.000000000 1.000000000 0.000000000
1980 0.500000000 0.500000000 0.000000000
1981 0.500000000 0.500000000 0.000000000
1982 1.000000000 0.000000000 0.000000000
1983 0.500000000 0.500000000 0.000000000
1984 1.000000000 0.000000000 0.000000000
1985 0.666666687 0.333333343 0.000000000
1986 0.000000000 1.000000000 0.000000000
1987 0.500000000 0.500000000 0.000000000
1988 0.500000000 0.500000000 0.000000000
1989 0.521278322 0.478721678 0.000000000
1990 0.500000000 0.500000000 0.000000000
1991 1.000000000 0.000000000 0.000000000
1992 0.500000000 0.500000000 0.000000000
1993 0.003448276 0.996551752 0.000000000
1994 0.995192289 0.004807692 0.000000000
1995 0.954545438 0.045454547 0.000000000
1996 0.785820544 0.214179441 0.000000000
1997 1.000000000 0.000000000 0.000000000
1998 0.972727299 0.027272727 0.000000000
1999 0.000000000 1.000000000 0.000000000
2000 0.068181820 0.931818187 0.000000000
2001 0.000000000 1.000000000 0.000000000
2002 0.500000000 0.500000000 0.000000000
2003 0.500000000 0.500000000 0.000000000
2004 0.875000000 0.125000000 0.000000000
2005 0.992857158 0.007142857 0.000000000
2006 0.010309278 0.989690721 0.000000000
2007 0.013888889 0.986111104 0.000000000
2008 0.380952388 0.619047642 0.000000000
2009 0.000000000 1.000000000 0.000000000
2010 0.649721622 0.350278407 0.000000000
2011 0.981428146 0.018571863 0.000000000
2012 0.036144577 0.963855445 0.000000000
2013 0.125000000 0.875000000 0.000000000
2014 0.000000000 1.000000000 0.000000000
2015 0.500000000 0.500000000 0.000000000
2016 0.925000012 0.075000003 0.000000000
2017 0.500000000 0.500000000 0.000000000
2018 0.625000000 0.375000000 0.000000000
2019 0.500000000 0.500000000 0.000000000
2020 1.000000000 0.000000000 0.000000000
2021 0.000000000 1.000000000 0.000000000
2022 0.000000000 1.000000000 0.000000000
2023 0.988636374 0.011363637 0.000000000
2024 0.576923072 0.423076928 0.000000000
2025 0.000000000 1.000000000 0.000000000
2026 0.500000000 0.500000000 0.000000000
2027 0.500000000 0.500000000 0.000000000
2028 0.000000000 1.000000000 0.000000000
2029 0.899999976 0.100000001 0.000000000
2030 0.500000000 0.500000000 0.000000000
2031 0.500000000 0.500000000 0.000000000
2032 0.320132911 0.679867089 0.000000000
2033 0.500000000 0.500000000 0.000000000
2034 1.000000000 0.000000000 0.000000000
2035 0.000000000 1.000000000 0.000000000
2036 0.500000000 0.500000000 0.000000000
2037 1.000000000 0.000000000 0.000000000
2038 0.000000000 1.000000000 0.000000000
2039 0.500000000 0.500000000 0.000000000
2040 0.800000012 0.200000003 0.000000000
2041 0.052238807 0.947761178 0.000000000
2042 0.968944073 0.031055901 0.000000000
2043 0.899999976 0.100000001 0.000000000
2044 0.076388888 0.923611104 0.000000000
2045 0.028301887 0.971698105 0.000000000
2046 0.500000000 0.500000000 0.000000000
2047 0.004444445 0.995555580 0.000000000
2048 1.000000000 0.000000000 0.000000000
2049 0.071022727 0.928977251 0.000000000
2050 1.000000000 0.000000000 0.000000000
2051 0.119047619 0.880952358 0.000000000
2052 0.076388888 0.923611104 0.000000000
2053 0.189189196 0.810810804 0.000000000
2054 0.000000000 1.000000000 0.000000000
2055 0.000000000 1.000000000 0.000000000
2056 0.013698630 0.986301363 0.000000000
2057 0.032085560 0.967914462 0.000000000
2058 0.951923072 0.048076924 0.000000000
2059 0.000000000 1.000000000 0.000000000
2060 0.011111111 0.988888860 0.000000000
2061 0.000000000 1.000000000 0.000000000
2062 0.500000000 0.500000000 0.000000000
2063 0.021327015 0.978672981 0.000000000
2064 0.018518519 0.981481493 0.000000000
2065 0.500000000 0.500000000 0.000000000
2066 0.312500000 0.687500000 0.000000000
2067 0.018633541 0.981366456 0.000000000
2068 0.007812500 0.992187500 0.000000000
2069 0.870370388 0.129629627 0.000000000
2070 0.000000000 1.000000000 0.000000000
2071 0.048850574 0.951149404 0.000000000
2072 0.500000000 0.500000000 0.000000000
2073 0.031250000 0.968750000 0.000000000
2074 0.000000000 1.000000000 0.000000000
2075 0.000000000 1.000000000 0.000000000
2076 0.000000000 1.000000000 0.000000000
2077 0.016509434 0.983490586 0.000000000
2078 0.500000000 0.500000000 0.000000000
2079 0.000000000 1.000000000 0.000000000
2080 0.000000000 1.000000000 0.000000000
2081 0.000000000 1.000000000 0.000000000
2082 0.000000000 1.000000000 0.000000000
2083 0.000000000 1.000000000 0.000000000
2084 0.000000000 1.000000000 0.000000000
2085 0.002427184 0.997572839 0.000000000
2086 0.000000000 1.000000000 0.000000000
2087 0.001312336 0.998687685 0.000000000
2088 0.000000000 1.000000000 0.000000000
2089 0.500000000 0.500000000 0.000000000
2090 0.003389830 0.996610165 0.000000000
2091 0.000000000 1.000000000 0.000000000
2092 0.500000000 0.500000000 0.000000000
2093 0.001689189 0.998310804 0.000000000
2094 0.025157232 0.974842787 0.000000000
2095 0.000000000 1.000000000 0.000000000
2096 0.000000000 1.000000000 0.000000000
2097 0.015000000 0.985000014 0.000000000
2098 0.039256200 0.960743785 0.000000000
2099 0.002985075 0.997014940 0.000000000
2100 0.001736111 0.998263896 0.000000000
2101 0.001706485 0.998293519 0.000000000
2102 0.024390243 0.975609779 0.000000000
2103 0.045454547 0.954545438 0.000000000
2104 0.005576208 0.994423807 0.000000000
2105 0.003401360 0.996598661 0.000000000
2106 0.000000000 0.500000000 0.500000000
2107 0.000000000 0.500000000 0.500000000
2108 0.000000000 0.500000000 0.500000000
2109 0.000000000 0.500000000 0.500000000
2110 0.000000000 0.500000000 0.500000000
2111 0.000000000 0.500000000 0.500000000
2112 0.000000000 0.500000000 0.500000000
2113 0.000000000 0.500000000 0.500000000
2114 0.000000000 0.500000000 0.500000000
2115 0.000000000 0.500000000 0.500000000
2116 0.000000000 0.500000000 0.500000000
2117 0.000000000 0.500000000 0.500000000
2118 0.000000000 0.500000000 0.500000000
2119 0.000000000 0.500000000 0.500000000
2120 0.000000000 0.500000000 0.500000000
2121 0.000000000 0.500000000 0.500000000
2122 0.000000000 0.500000000 0.500000000
2123 0.000000000 0.500000000 0.500000000
2124 0.000000000 0.500000000 0.500000000
2125 0.000000000 0.500000000 0.500000000
2126 0.000000000 0.500000000 0.500000000
2127 0.000000000 0.500000000 0.500000000
2128 0.000000000 0.500000000 0.500000000
2129 0.000000000 0.500000000 0.500000000
2130 0.000000000 0.500000000 0.500000000
2131 0.000000000 0.500000000 0.500000000
2132 0.000000000 0.750000000 0.250000000
2133 0.000000000 0.500000000 0.500000000
2134 0.000000000 1.000000000 0.000000000
2135 0.000000000 0.500000000 0.500000000
2136 0.000000000 0.500000000 0.500000000
2137 0.000000000 0.500000000 0.500000000
2138 0.000000000 0.000000000 1.000000000
2139 0.000000000 1.000000000 0.000000000
2140 0.000000000 0.500000000 0.500000000
2141 0.000000000 0.500000000 0.500000000
2142 0.000000000 0.500000000 0.500000000
2143 0.000000000 1.000000000 0.000000000
2144 0.000000000 0.166666672 0.833333313
2145 0.000000000 1.000000000 0.000000000
2146 0.000000000 1.000000000 0.000000000
2147 0.000000000 1.000000000 0.000000000
2148 0.000000000 0.947368443 0.052631579
2149 0.000000000 1.000000000 0.000000000
2150 0.000000000 1.000000000 0.000000000
2151 0.000000000 1.000000000 0.000000000
2152 0.000000000 0.944857538 0.055142470
2153 0.000000000 0.985294104 0.014705882
2154 0.000000000 0.645870209 0.354129791
2155 0.000000000 0.753152728 0.246847302
2156 0.000000000 0.928571403 0.071428575
2157 0.000000000 1.000000000 0.000000000
2158 0.000000000 1.000000000 0.000000000
2159 0.000000000 1.000000000 0.000000000
2160 0.000000000 1.000000000 0.000000000
2161 0.000000000 1.000000000 0.000000000
2162 0.000000000 0.738461554 0.261538476
2163 0.000000000 0.913033485 0.086966529
2164 0.000000000 0.991740406 0.008259619
2165 0.000000000 0.891156316 0.108843677
2166 0.000000000 0.938837707 0.061162297
2167 0.000000000 0.824128330 0.175871685
2168 0.000000000 0.963778973 0.036221024
2169 0.000000000 0.969006658 0.030993348
2170 0.000000000 1.000000000 0.000000000
2171 0.000000000 1.000000000 0.000000000
2172 0.000000000 0.982638896 0.017361112
2173 0.000000000 0.967105269 0.032894738
2174 0.000000000 1.000000000 0.000000000
2175 0.000000000 0.994579136 0.005420847
2176 0.000000000 0.981481493 0.018518519
2177 0.000000000 1.000000000 0.000000000
2178 0.000000000 0.952713192 0.047286823
2179 0.000000000 0.958920181 0.041079812
2180 0.000000000 0.955520630 0.044479366
2181 0.000000000 0.968469679 0.031530350
2182 0.000000000 1.000000000 0.000000000
2183 0.000000000 0.961038947 0.038961038
2184 0.000000000 0.887272716 0.112727270
2185 0.000000000 0.939345658 0.060654331
2186 0.000000000 0.991869926 0.008130081
2187 0.000000000 0.946886957 0.053113073
2188 0.000000000 0.893001616 0.106998384
2189 0.000000000 0.989711940 0.010288066
2190 0.000000000 0.991304338 0.008695652
2191 0.000000000 0.988151670 0.011848342
2192 0.000000000 0.983146071 0.016853932
2193 0.000000000 0.939602852 0.060397122
2194 0.000000000 0.942211032 0.057788946
2195 0.000000000 0.930187941 0.069812045
2196 0.000000000 0.972685277 0.027314706
2197 0.000000000 0.965538263 0.034461766
2198 0.000000000 0.966994405 0.033005618
2199 0.000000000 0.987654448 0.012345537
2200 0.000000000 0.981865287 0.018134715
2201 0.000000000 0.973782778 0.026217228
2202 0.000000000 0.972714782 0.027285237
2203 0.000000000 0.994846106 0.005153891
2204 0.000000000 0.920289874 0.079710148
2205 0.000000000 0.992373288 0.007626691
2206 0.000000000 0.754114747 0.245885253
2207 0.000000000 0.951515138 0.048484847
2208 0.000000000 0.809407473 0.190592527
2209 0.000000000 0.994845390 0.005154639
2210 0.000000000 0.998090684 0.001909308
2211 0.000000000 0.947066009 0.052933980
2212 0.000000000 1.000000000 0.000000000
2213 0.000000000 0.994676411 0.005323599
2214 0.000000000 1.000000000 0.000000000
2215 0.000000000 0.985661507 0.014338488
2216 0.000000000 1.000000000 0.000000000
2217 0.000000000 0.950972080 0.049027920
2218 0.000000000 0.514804661 0.485195309
2219 0.000000000 1.000000000 0.000000000
2220 0.000000000 1.000000000 0.000000000
2221 0.000000000 0.985599518 0.014400464
2222 0.000000000 1.000000000 0.000000000
2223 0.000000000 0.997474730 0.002525253
2224 0.000000000 0.929460406 0.070539579
2225 0.000000000 1.000000000 0.000000000
2226 0.000000000 0.991046131 0.008953898
2227 0.000000000 0.975529373 0.024470637
2228 0.000000000 0.851249516 0.148750469
2229 0.000000000 0.948866665 0.051133350
2230 0.000000000 0.973350227 0.026649747
2231 0.000000000 0.923286796 0.076713204
2232 0.000000000 0.851749539 0.148250461
2233 0.000000000 1.000000000 0.000000000
2234 0.000000000 0.958372295 0.041627679
2235 0.000000000 0.882974803 0.117025197
2236 0.000000000 0.970039785 0.029960208
2237 0.000000000 0.957253277 0.042746719
2238 0.000000000 0.932258070 0.067741938
2239 0.000000000 0.915745735 0.084254257
2240 0.000000000 0.912039280 0.087960735
2241 0.000000000 0.997340620 0.002659381
2242 0.000000000 1.000000000 0.000000000
2243 0.000000000 0.908125460 0.091874532
2244 0.000000000 0.949044704 0.050955303
2245 0.000000000 0.997111619 0.002888409
2246 0.000000000 0.654359937 0.345640063
2247 0.000000000 0.939605594 0.060394432
2248 0.000000000 0.929471731 0.070528269
2249 0.000000000 0.992015958 0.007984063
2250 0.000000000 0.794996023 0.205003992
2251 0.000000000 0.982097745 0.017902227
2252 0.000000000 0.940553844 0.059446163
2253 0.000000000 0.956841230 0.043158777
2254 0.000000000 0.935904622 0.064095400
2255 0.000000000 0.912367523 0.087632492
2256 0.000000000 0.889276147 0.110723831
2257 0.000000000 0.826302588 0.173697412
2258 0.000000000 0.707893312 0.292106718
2259 0.000000000 0.951835871 0.048164133
2260 0.000000000 0.769994557 0.230005473
2261 0.000000000 0.965357065 0.034642935
2262 0.000000000 0.728971958 0.271028042
2263 0.000000000 0.586356103 0.413643867
2264 0.000000000 0.926605523 0.073394492
2265 0.000000000 0.907338977 0.092660993
2266 0.000000000 0.772126436 0.227873564
2267 0.000000000 0.920952678 0.079047337
2268 0.000000000 0.685185194 0.314814806
2269 0.000000000 0.660790622 0.339209408
2270 0.000000000 0.816854239 0.183145747
2271 0.000000000 0.630540371 0.369459659
2272 0.000000000 0.631250024 0.368750006
2273 0.000000000 0.846846819 0.153153151
2274 0.000000000 0.646857619 0.353142351
2275 0.000000000 0.007067138 0.992932856
2276 0.000000000 0.492574275 0.507425725
2277 0.000000000 0.457771838 0.542228162
2278 0.000000000 0.384362280 0.615637720
2279 0.000000000 0.810876071 0.189123958
2280 0.000000000 0.646399975 0.353599995
2281 0.000000000 0.847405434 0.152594581
2282 0.000000000 0.933123708 0.066876277
2283 0.000000000 0.856666446 0.143333569
2284 0.000000000 0.759206593 0.240793407
2285 0.000000000 0.675830722 0.324169308
2286 0.000000000 0.753794014 0.246206000
2287 0.000000000 0.926147699 0.073852293
2288 0.000000000 0.054559242 0.945440769
2289 0.000000000 0.009569378 0.990430593
2290 0.000000000 0.601005912 0.398994088
2291 0.000000000 0.842758000 0.157242030
2292 0.000000000 0.546119213 0.453880787
2293 0.000000000 0.568238020 0.431762010
2294 0.000000000 0.795408368 0.204591617
2295 0.000000000 0.653307021 0.346693009
2296 0.000000000 0.466408938 0.533591032
2297 0.000000000 0.661263645 0.338736355
2298 0.000000000 0.507083893 0.492916077
2299 0.000000000 0.968776345 0.031223629
2300 0.000000000 0.384639204 0.615360796
2301 0.000000000 0.693172097 0.306827903
2302 0.000000000 0.509352207 0.490647763
2303 0.000000000 0.013319672 0.986680329
2304 0.000000000 0.771861970 0.228138044
2305 0.000000000 0.469096094 0.530903935
2306 0.000000000 0.479393423 0.520606577
2307 0.000000000 0.641056895 0.358943135
2308 0.000000000 0.363486379 0.636513591
2309 0.000000000 0.467538536 0.532461464
2310 0.000000000 0.857619464 0.142380565
2311 0.000000000 0.996197701 0.003802281
2312 0.000000000 0.234976634 0.765023351
2313 0.000000000 0.629344046 0.370655954
2314 0.000000000 0.859143734 0.140856236
2315 0.000000000 0.117914744 0.882085264
2316 0.000000000 0.000000000 1.000000000
2317 0.000000000 0.000000000 1.000000000
2318 0.000000000 0.928571403 0.071428575
2319 0.000000000 0.891891897 0.108108111
2320 0.000000000 0.100000001 0.899999976
2321 0.000000000 0.946147740 0.053852238
2322 0.000000000 0.865139663 0.134860322
2323 0.000000000 0.444585413 0.555414557
2324 0.000000000 0.094136313 0.905863702
2325 0.000000000 0.000000000 1.000000000
2326 0.000000000 0.956521749 0.043478262
2327 0.000000000 0.083333336 0.916666687
2328 0.000000000 0.968750000 0.031250000
2329 0.000000000 0.954545438 0.045454547
2330 0.000000000 0.982142866 0.017857144
2331 0.000000000 0.142857149 0.857142866
2332 0.000000000 0.050000001 0.949999988
2333 0.000000000 0.191358030 0.808641970
2334 0.000000000 0.127567902 0.872432113
2335 0.000000000 0.952586770 0.047413256
2336 0.000000000 0.351551950 0.648448050
2337 0.000000000 0.978260875 0.021739131
2338 0.000000000 0.942307711 0.057692308
2339 0.000000000 0.225529104 0.774470925
2340 0.000000000 0.500000000 0.500000000
2341 0.000000000 0.500000000 0.500000000
2342 0.000000000 0.500000000 0.500000000
2343 0.000000000 0.500000000 0.500000000
2344 0.000000000 0.500000000 0.500000000
2345 0.000000000 0.500000000 0.500000000
2346 0.000000000 0.500000000 0.500000000
2347 0.000000000 0.500000000 0.500000000
2348 0.000000000 0.500000000 0.500000000
2349 0.000000000 0.500000000 0.500000000
2350 0.000000000 0.500000000 0.500000000
2351 0.000000000 0.500000000 0.500000000
2352 0.000000000 0.500000000 0.500000000
2353 0.000000000 0.500000000 0.500000000
2354 0.000000000 0.500000000 0.500000000
2355 0.000000000 0.500000000 0.500000000
2356 0.000000000 0.500000000 0.500000000
2357 0.000000000 0.500000000 0.500000000
2358 0.000000000 0.500000000 0.500000000
2359 0.000000000 0.500000000 0.500000000
2360 0.000000000 0.500000000 0.500000000
2361 0.000000000 0.500000000 0.500000000
2362 0.000000000 0.500000000 0.500000000
2363 0.000000000 0.500000000 0.500000000
2364 0.000000000 0.500000000 0.500000000
2365 0.000000000 0.500000000 0.500000000
2366 0.000000000 0.000000000 1.000000000
2367 0.000000000 0.000000000 1.000000000
2368 0.000000000 0.588771939 0.411228061
2369 0.000000000 1.000000000 0.000000000
2370 0.000000000 0.500000000 0.500000000
2371 0.000000000 0.262186617 0.737813413
2372 0.000000000 0.966666639 0.033333335
2373 0.000000000 0.500000000 0.500000000
2374 0.000000000 0.819809079 0.180190936
2375 0.000000000 0.027777778 0.972222209
2376 0.000000000 1.000000000 0.000000000
2377 0.000000000 0.050000001 0.949999988
2378 0.000000000 1.000000000 0.000000000
2379 0.000000000 0.714082479 0.285917491
2380 0.000000000 0.000000000 1.000000000
2381 0.000000000 0.319487959 0.680512071
2382 0.000000000 0.613425910 0.386574060
2383 0.000000000 0.721825182 0.278174818
2384 0.000000000 0.625420868 0.374579132
2385 0.000000000 0.969696999 0.030303031
2386 0.000000000 0.702127635 0.297872335
2387 0.000000000 0.301470578 0.698529422
2388 0.000000000 0.136431262 0.863568723
2389 0.000000000 0.926829278 0.073170729
2390 0.000000000 0.171589479 0.828410506
2391 0.000000000 0.829659283 0.170340732
2392 0.000000000 0.961089492 0.038910504
2393 0.000000000 0.022441160 0.977558851
2394 0.000000000 1.000000000 0.000000000
2395 0.000000000 0.703146875 0.296853095
2396 0.000000000 1.000000000 0.000000000
2397 0.000000000 1.000000000 0.000000000
2398 0.000000000 1.000000000 0.000000000
2399 0.000000000 0.992682993 0.007316981
2400 0.000000000 0.885679901 0.114320122
2401 0.000000000 0.000000000 1.000000000
2402 0.000000000 0.968542278 0.031457741
2403 0.000000000 0.180334508 0.819665492
2404 0.000000000 0.939999998 0.059999999
2405 0.000000000 0.444888294 0.555111706
2406 0.000000000 0.148834944 0.851165056
2407 0.000000000 0.418566763 0.581433237
2408 0.000000000 0.685032904 0.314967096
2409 0.000000000 0.042553190 0.957446814
2410 0.000000000 0.357741863 0.642258108
2411 0.000000000 0.089459866 0.910540164
2412 0.000000000 0.230037853 0.769962132
2413 0.000000000 0.652942717 0.347057283
2414 0.000000000 0.841622174 0.158377856
2415 0.000000000 0.007352941 0.992647052
2416 0.000000000 0.185357213 0.814642787
2417 0.000000000 0.244050100 0.755949914
2418 0.000000000 0.002958580 0.997041404
2419 0.000000000 0.015322581 0.984677434
2420 0.000000000 0.048545074 0.951454937
2421 0.000000000 0.007014028 0.992985964
2422 0.000000000 0.067206591 0.932793379
2423 0.000000000 0.044721391 0.955278635
2424 0.000000000 0.023754915 0.976245105
2425 0.000000000 0.012066160 0.987933815
2426 0.000000000 0.004228330 0.995771646
2427 0.000000000 0.009533898 0.990466118
2428 0.000000000 0.198047504 0.801952481
2429 0.000000000 0.006849315 0.993150711
2430 0.000000000 0.007142857 0.992857158
2431 0.000000000 0.003861004 0.996138990
2432 0.000000000 0.010042533 0.989957452
2433 0.000000000 0.012793177 0.987206817
2434 0.000000000 0.005219207 0.994780779
2435 0.000000000 0.007518797 0.992481232
2436 0.000000000 0.008982036 0.991017938
2437 0.000000000 0.129059881 0.870940089
2438 0.000000000 0.010108481 0.989891529
2439 0.000000000 0.008064516 0.991935492
2440 0.000000000 0.010247863 0.989752114
2441 0.000000000 0.005917160 0.994082868
2442 0.000000000 0.006717850 0.993282139
2443 0.000000000 0.055350553 0.944649458
2444 0.000000000 0.000000000 1.000000000
2445 0.886224270 0.000000000 0.113775752
2446 0.991342008 0.004329004 0.004329004
2447 0.996456683 0.000000000 0.003543307
2448 0.994335651 0.000672043 0.004992320
2449 0.997425973 0.001287001 0.001287001
2450 0.978723407 0.010638298 0.010638298
2451 0.990534127 0.000676133 0.008789723
2452 0.997493744 0.001253133 0.001253133
2453 0.998596489 0.000701754 0.000701754
2454 0.964037120 0.000678887 0.035283968
2455 0.989641249 0.000645995 0.009712783
2456 0.996007979 0.001996008 0.001996008
2457 0.868492782 0.000764526 0.130742714
2458 0.000000000 0.209569380 0.790430605
2459 0.980088472 0.002375297 0.017536221
2460 0.998423934 0.000788022 0.000788022
2461 0.916049361 0.000000000 0.083950616
2462 0.889322162 0.006172840 0.104504973
2463 0.978810132 0.010594947 0.010594947
2464 0.949354291 0.000807102 0.049838580
2465 0.969590604 0.001511716 0.028897680
2466 0.984848499 0.007575758 0.007575758
2467 0.705582201 0.011037528 0.283380270
2468 0.913327694 0.000000000 0.086672321
2469 0.958672225 0.001452433 0.039875351
2470 0.990685344 0.003690037 0.005624619
2471 0.000000000 0.000000000 1.000000000
2472 0.005464481 0.005464481 0.989071012
2473 0.987277329 0.006361323 0.006361323
2474 0.992509365 0.003745318 0.003745318
2475 0.991194963 0.004402516 0.004402516
2476 0.987515628 0.006242197 0.006242197
2477 0.992647052 0.003676471 0.003676471
2478 1.000000000 0.000000000 0.000000000
2479 0.890610874 0.002433090 0.106956065
2480 0.994930267 0.002534854 0.002534854
2481 1.000000000 0.000000000 0.000000000
2482 0.997416019 0.001291990 0.001291990
2483 0.984848499 0.007575758 0.007575758
2484 1.000000000 0.000000000 0.000000000
2485 0.022727273 0.000000000 0.977272749
2486 0.000000000 0.000000000 1.000000000
2487 0.984126985 0.007936508 0.007936508
2488 0.897383749 0.000000000 0.102616221
2489 1.000000000 0.000000000 0.000000000
2490 1.000000000 0.000000000 0.000000000
2491 0.979166687 0.010416667 0.010416667
2492 1.000000000 0.000000000 0.000000000
2493 1.000000000 0.000000000 0.000000000
2494 1.000000000 0.000000000 0.000000000
2495 1.000000000 0.000000000 0.000000000
2496 0.944444418 0.027777778 0.027777778
2497 0.456575960 0.020833334 0.522590697
2498 0.939393938 0.030303031 0.030303031
2499 0.581817508 0.011904762 0.406277746
2500 0.047619049 0.083333336 0.869047642
2501 0.933333337 0.033333335 0.033333335
2502 0.975308657 0.012345679 0.012345679
2503 0.980952382 0.009523810 0.009523810
2504 0.873642087 0.015151516 0.111206405
2505 0.948717952 0.025641026 0.025641026
2506 0.971014500 0.014492754 0.014492754
2507 0.884615362 0.000000000 0.115384616
2508 0.962962985 0.018518519 0.018518519
2509 0.333333343 0.333333343 0.333333343
2510 0.333333343 0.333333343 0.333333343
2511 0.333333343 0.333333343 0.333333343
2512 0.333333343 0.333333343 0.333333343
2513 0.333333343 0.333333343 0.333333343
2514 0.333333343 0.333333343 0.333333343
2515 0.333333343 0.333333343 0.333333343
2516 0.333333343 0.333333343 0.333333343
2517 0.333333343 0.333333343 0.333333343
2518 0.333333343 0.333333343 0.333333343
2519 0.333333343 0.333333343 0.333333343
2520 0.333333343 0.333333343 0.333333343
2521 0.333333343 0.333333343 0.333333343
2522 0.333333343 0.333333343 0.333333343
2523 0.333333343 0.333333343 0.333333343
2524 0.333333343 0.333333343 0.333333343
2525 0.333333343 0.333333343 0.333333343
2526 0.333333343 0.333333343 0.333333343
2527 0.333333343 0.333333343 0.333333343
2528 0.333333343 0.333333343 0.333333343
2529 0.333333343 0.333333343 0.333333343
2530 0.333333343 0.333333343 0.333333343
2531 0.333333343 0.333333343 0.333333343
2532 0.333333343 0.333333343 0.333333343
2533 0.333333343 0.333333343 0.333333343
2534 0.333333343 0.333333343 0.333333343
2535 0.000000000 0.428571433 0.571428597
2536 0.000000000 0.250000000 0.750000000
2537 0.800000012 0.100000001 0.100000001
2538 0.000000000 0.000000000 1.000000000
2539 0.000000000 0.000000000 1.000000000
2540 0.454545468 0.272727281 0.272727281
2541 0.444444448 0.177777782 0.377777785
2542 0.333333343 0.333333343 0.333333343
2543 0.000000000 0.500000000 0.500000000
2544 0.000000000 0.500000000 0.500000000
2545 0.000000000 0.250000000 0.750000000
2546 0.733333349 0.133333340 0.133333340
2547 0.176470593 0.482352942 0.341176480
2548 0.018018018 0.620720744 0.361261249
2549 0.000000000 0.200000003 0.800000012
2550 0.939393938 0.030303031 0.030303031
2551 0.037037037 0.064814813 0.898148119
2552 0.613230526 0.305519491 0.081249997
2553 0.582716048 0.012345679 0.404938281
2554 0.959595978 0.020202020 0.020202020
2555 0.049645390 0.049645390 0.900709212
2556 0.098039217 0.098039217 0.803921580
2557 0.306666672 0.566670656 0.126662657
2558 0.048780486 0.776906610 0.174312919
2559 0.049019609 0.049019609 0.901960790
2560 0.009803922 0.808738530 0.181457549
2561 0.333333343 0.407407403 0.259259254
2562 1.000000000 0.000000000 0.000000000
2563 0.745638967 0.000000000 0.254361063
2564 0.000000000 0.000000000 1.000000000
2565 0.000000000 0.990458012 0.009541985
2566 0.803787529 0.169596508 0.026615970
2567 0.623091877 0.337914109 0.038993981
2568 0.301773101 0.604262888 0.093964003
2569 0.751277506 0.248722464 0.000000000
2570 0.015151516 0.015151516 0.969696999
2571 0.410133064 0.579040706 0.010826210
2572 0.715907931 0.280437082 0.003654971
2573 0.000000000 0.479600012 0.520399988
2574 0.000000000 0.168214008 0.831785977
2575 0.222032413 0.508556366 0.269411236
2576 0.012820513 0.433974355 0.553205132
2577 0.284920305 0.676250994 0.038828690
2578 0.009456265 0.702320218 0.288223535
2579 0.222222224 0.062049061 0.715728700
2580 0.029569892 0.728467107 0.241962984
2581 0.013422819 0.020134227 0.966442943
2582 0.036926147 0.330474228 0.632599592
2583 0.543393254 0.398900747 0.057705991
2584 0.004901961 0.201960787 0.793137252
2585 0.004385965 0.761999786 0.233614221
2586 0.018779343 0.018779343 0.962441325
2587 0.001972387 0.916229904 0.081797689
2588 0.008602151 0.008602151 0.982795715
2589 0.007199424 0.300503969 0.692296624
2590 0.001670007 0.498496979 0.499832988
2591 0.001449275 0.268623203 0.729927540
2592 0.016985139 0.018046709 0.964968145
2593 0.003306878 0.010548942 0.986144185
2594 0.106376164 0.539259613 0.354364216
2595 0.002114165 0.002642706 0.995243132
2596 0.011299435 0.720339000 0.268361568
2597 0.083201542 0.537591815 0.379206598
2598 0.000000000 0.003424658 0.996575356
2599 0.007482993 0.211108565 0.781408429
2600 0.005148005 0.005148005 0.989704013
2601 0.003150599 0.003150599 0.993698776
2602 0.008528785 0.008528785 0.982942402
2603 0.003479471 0.010160056 0.986360490
2604 0.005012531 0.005012531 0.989974916
2605 0.005988024 0.005988024 0.988023937
2606 0.004620462 0.004620462 0.990759075
2607 0.005917160 0.005917160 0.988165677
2608 0.005376344 0.005376344 0.989247322
2609 0.003353454 0.113038287 0.883608282
2610 0.003944773 0.003944773 0.992110431
2611 0.004478567 0.059858494 0.935662925
2612 0.006150062 0.007995080 0.985854864
2613 0.333333343 0.333333343 0.333333343
2614 0.333333343 0.333333343 0.333333343
2615 0.333333343 0.333333343 0.333333343
2616 0.333333343 0.333333343 0.333333343
2617 0.333333343 0.333333343 0.333333343
2618 0.333333343 0.333333343 0.333333343
2619 0.333333343 0.333333343 0.333333343
2620 0.333333343 0.333333343 0.333333343
2621 0.333333343 0.333333343 0.333333343
2622 0.333333343 0.333333343 0.333333343
2623 0.333333343 0.333333343 0.333333343
2624 0.333333343 0.333333343 0.333333343
2625 0.333333343 0.333333343 0.333333343
2626 0.333333343 0.333333343 0.333333343
2627 0.333333343 0.333333343 0.333333343
2628 0.333333343 0.333333343 0.333333343
2629 0.333333343 0.333333343 0.333333343
2630 0.333333343 0.333333343 0.333333343
2631 0.333333343 0.333333343 0.333333343
2632 0.333333343 0.333333343 0.333333343
2633 0.333333343 0.333333343 0.333333343
2634 0.333333343 0.333333343 0.333333343
2635 0.333333343 0.333333343 0.333333343
2636 0.333333343 0.333333343 0.333333343
2637 0.333333343 0.333333343 0.333333343
2638 0.333333343 0.333333343 0.333333343
2639 0.333333343 0.333333343 0.333333343
2640 0.333333343 0.333333343 0.333333343
2641 0.000000000 0.250000000 0.750000000
2642 0.333333343 0.333333343 0.333333343
2643 0.333333343 0.333333343 0.333333343
2644 0.333333343 0.333333343 0.333333343
2645 0.333333343 0.333333343 0.333333343
2646 0.333333343 0.333333343 0.333333343
2647 0.333333343 0.333333343 0.333333343
2648 0.333333343 0.333333343 0.333333343
2649 0.333333343 0.333333343 0.333333343
2650 1.000000000 0.000000000 0.000000000
2651 0.333333343 0.333333343 0.333333343
2652 0.987801850 0.012198158 0.000000000
2653 1.000000000 0.000000000 0.000000000
2654 0.969827592 0.000000000 0.030172413
2655 0.000000000 0.000000000 1.000000000
2656 0.974944770 0.025055228 0.000000000
2657 1.000000000 0.000000000 0.000000000
2658 1.000000000 0.000000000 0.000000000
2659 0.611111104 0.388888896 0.000000000
2660 0.575757563 0.424242437 0.000000000
2661 1.000000000 0.000000000 0.000000000
2662 0.828149557 0.171850473 0.000000000
2663 0.016615527 0.521845996 0.461538464
2664 1.000000000 0.000000000 0.000000000
2665 0.991837144 0.008162851 0.000000000
2666 0.748473227 0.251526773 0.000000000
2667 0.517751515 0.479560316 0.002688172
2668 0.594653845 0.405346155 0.000000000
2669 0.000000000 0.000000000 1.000000000
2670 0.697806001 0.302194029 0.000000000
2671 0.783303022 0.209003255 0.007693720
2672 0.913571715 0.086428314 0.000000000
2673 0.907633901 0.092366099 0.000000000
2674 1.000000000 0.000000000 0.000000000
2675 0.595441580 0.390526414 0.014031998
2676 0.230177686 0.644871116 0.124951221
2677 0.527799726 0.472200274 0.000000000
2678 0.834091663 0.155155674 0.010752688
2679 0.197110131 0.802889884 0.000000000
2680 0.390516102 0.582980037 0.026503883
2681 0.938356161 0.000000000 0.061643835
2682 0.914472103 0.021425346 0.064102568
2683 0.000000000 0.003205128 0.996794879
2684 0.765896559 0.176411122 0.057692308
2685 0.460117042 0.539882958 0.000000000
2686 0.599188983 0.363773972 0.037037037
2687 0.307763100 0.675113618 0.017123288
2688 0.054059099 0.882174194 0.063766718
2689 0.949227393 0.038631346 0.012141281
2690 0.274574220 0.678181648 0.047244094
2691 0.805643797 0.140210688 0.054145515
2692 0.285864264 0.703426242 0.010709505
2693 0.738528967 0.216915980 0.044555061
2694 0.595491648 0.353026837 0.051481482
2695 0.620335400 0.338189960 0.041474655
2696 0.553273082 0.366568208 0.080158733
2697 0.000000000 0.037610620 0.962389410
2698 0.862335443 0.038305577 0.099358976
2699 0.076832920 0.798167050 0.125000000
2700 0.302530348 0.659762263 0.037707392
2701 0.739032924 0.245009661 0.015957447
2702 0.622115433 0.291911691 0.085972853
2703 0.600023329 0.299830467 0.100146197
2704 0.120411538 0.833627820 0.045960627
2705 0.424437404 0.548430800 0.027131783
2706 0.220770895 0.690048635 0.089180484
2707 0.139263019 0.858944893 0.001792115
2708 0.845188498 0.147192448 0.007619048
2709 0.502830923 0.478876412 0.018292682
2710 0.485484630 0.468558788 0.045956563
2711 0.005208333 0.005208333 0.989583313
2712 0.945066094 0.047121424 0.007812500
2713 0.749987364 0.123028480 0.126984134
2714 0.410680890 0.570210814 0.019108281
2715 0.417275280 0.565816522 0.016908212
2716 0.315088719 0.672821462 0.012089810
2717 0.888302803 0.111697212 0.000000000
2718 0.785268426 0.213803098 0.000928505
2719 0.413646579 0.585814357 0.000539084
2720 0.178954005 0.820234954 0.000811030
2721 0.447375566 0.547724843 0.004899602
2722 0.843410432 0.156589583 0.000000000
2723 0.595518112 0.403411686 0.001070175
2724 0.531426370 0.465253443 0.003320162
2725 0.000000000 0.000000000 1.000000000
2726 0.737664938 0.207584918 0.054750148
2727 1.000000000 0.000000000 0.000000000
2728 0.297182918 0.702739894 0.000077158
2729 0.997389793 0.002610231 0.000000000
2730 0.601571083 0.348774612 0.049654335
2731 0.188025311 0.719755650 0.092219017
2732 0.188588247 0.789726973 0.021684779
2733 0.779120624 0.033514168 0.187365219
2734 0.430944175 0.417735338 0.151320472
2735 0.617297173 0.359885335 0.022817461
2736 0.136493176 0.827609360 0.035897437
2737 0.510319233 0.466880023 0.022800781
2738 0.764354289 0.166656628 0.068989068
2739 0.008547009 0.008547009 0.982905984
2740 0.327155828 0.601610124 0.071234033
2741 0.936204433 0.052622404 0.011173184
2742 0.299600124 0.661443472 0.038956434
2743 0.031677019 0.960336506 0.007986452
2744 0.367392093 0.620466650 0.012141281
2745 0.498228431 0.494851142 0.006920415
2746 0.254796416 0.738976479 0.006227106
2747 0.006627188 0.993372798 0.000000000
2748 0.430173546 0.517771661 0.052054796
2749 0.255941033 0.662315249 0.081743754
2750 0.207409099 0.782392800 0.010198135
2751 0.484500408 0.470187098 0.045312501
2752 0.456531256 0.482905358 0.060563382
2753 0.006802721 0.006802721 0.986394584
2754 0.007502680 0.979382634 0.013114677
2755 0.029570287 0.965870440 0.004559271
2756 0.000000000 0.931836665 0.068163320
2757 0.000000000 0.956068933 0.043931041
2758 0.025414014 0.967029333 0.007556675
2759 0.000000000 0.985900879 0.014099119
2760 0.000000000 0.482693404 0.517306626
2761 0.000000000 0.832542419 0.167457595
2762 0.000000000 0.657350183 0.342649817
2763 0.003933137 0.905714810 0.090352058
2764 0.000000000 0.954654574 0.045345426
2765 0.000000000 1.000000000 0.000000000
2766 0.000000000 1.000000000 0.000000000
2767 0.000000000 0.000000000 1.000000000
2768 0.000000000 0.000000000 1.000000000
2769 0.000000000 0.000000000 1.000000000
2770 0.005050505 0.005050505 0.989898980
2771 0.000000000 0.000000000 1.000000000
2772 0.012944984 0.015372168 0.971682847
2773 0.000000000 0.005617978 0.994382024
2774 0.003058104 0.020489296 0.976452589
2775 0.000000000 0.000000000 1.000000000
2776 0.004273504 0.004273504 0.991452992
2777 0.000000000 0.025000000 0.975000024
2778 0.009661836 0.009661836 0.980676353
2779 0.000000000 0.019230770 0.980769217
2780 0.028673835 0.063620068 0.907706082
2781 0.038461540 0.043269232 0.918269217
2782 0.500000000 0.500000000 0.000000000
2783 0.500000000 0.500000000 0.000000000
2784 0.500000000 0.500000000 0.000000000
2785 0.500000000 0.500000000 0.000000000
2786 0.500000000 0.500000000 0.000000000
2787 0.500000000 0.500000000 0.000000000
2788 0.500000000 0.500000000 0.000000000
2789 0.500000000 0.500000000 0.000000000
2790 0.500000000 0.500000000 0.000000000
2791 0.500000000 0.500000000 0.000000000
2792 0.500000000 0.500000000 0.000000000
2793 0.500000000 0.500000000 0.000000000
2794 0.500000000 0.500000000 0.000000000
2795 0.500000000 0.500000000 0.000000000
2796 0.500000000 0.500000000 0.000000000
2797 0.500000000 0.500000000 0.000000000
2798 0.500000000 0.500000000 0.000000000
2799 0.500000000 0.500000000 0.000000000
2800 0.500000000 0.500000000 0.000000000
2801 0.500000000 0.500000000 0.000000000
2802 0.500000000 0.500000000 0.000000000
2803 0.500000000 0.500000000 0.000000000
2804 0.500000000 0.500000000 0.000000000
2805 0.500000000 0.500000000 0.000000000
2806 0.500000000 0.500000000 0.000000000
2807 0.500000000 0.500000000 0.000000000
2808 0.500000000 0.500000000 0.000000000
2809 0.500000000 0.500000000 0.000000000
2810 0.500000000 0.500000000 0.000000000
2811 0.500000000 0.500000000 0.000000000
2812 0.500000000 0.500000000 0.000000000
2813 0.500000000 0.500000000 0.000000000
2814 0.500000000 0.500000000 0.000000000
2815 0.500000000 0.500000000 0.000000000
2816 0.500000000 0.500000000 0.000000000
2817 0.500000000 0.500000000 0.000000000
2818 0.500000000 0.500000000 0.000000000
2819 0.500000000 0.500000000 0.000000000
2820 0.500000000 0.500000000 0.000000000
2821 0.500000000 0.500000000 0.000000000
2822 0.500000000 0.500000000 0.000000000
2823 0.500000000 0.500000000 0.000000000
2824 0.500000000 0.500000000 0.000000000
2825 0.500000000 0.500000000 0.000000000
2826 0.500000000 0.500000000 0.000000000
2827 0.500000000 0.500000000 0.000000000
2828 1.000000000 0.000000000 0.000000000
2829 0.500000000 0.500000000 0.000000000
2830 0.888888896 0.111111112 0.000000000
2831 0.928571403 0.071428575 0.000000000
2832 0.500000000 0.500000000 0.000000000
2833 0.500000000 0.500000000 0.000000000
2834 0.500000000 0.500000000 0.000000000
2835 0.500000000 0.500000000 0.000000000
2836 0.500000000 0.500000000 0.000000000
2837 0.500000000 0.500000000 0.000000000
2838 0.000000000 1.000000000 0.000000000
2839 1.000000000 0.000000000 0.000000000
2840 0.428571433 0.571428597 0.000000000
2841 0.648557007 0.351442963 0.000000000
2842 1.000000000 0.000000000 0.000000000
2843 0.975000024 0.025000000 0.000000000
2844 1.000000000 0.000000000 0.000000000
2845 0.000000000 1.000000000 0.000000000
2846 0.500000000 0.500000000 0.000000000
2847 0.500000000 0.500000000 0.000000000
2848 0.500000000 0.500000000 0.000000000
2849 0.000000000 1.000000000 0.000000000
2850 0.500000000 0.500000000 0.000000000
2851 0.000000000 1.000000000 0.000000000
2852 0.500000000 0.500000000 0.000000000
2853 0.500000000 0.500000000 0.000000000
2854 0.583333313 0.416666657 0.000000000
2855 0.214285716 0.785714269 0.000000000
2856 0.000000000 1.000000000 0.000000000
2857 1.000000000 0.000000000 0.000000000
2858 0.500000000 0.500000000 0.000000000
2859 0.000000000 1.000000000 0.000000000
2860 0.391304344 0.608695626 0.000000000
2861 0.464285702 0.535714269 0.000000000
2862 0.500000000 0.500000000 0.000000000
2863 0.625000000 0.375000000 0.000000000
2864 0.750000000 0.250000000 0.000000000
2865 0.500000000 0.500000000 0.000000000
2866 0.500000000 0.500000000 0.000000000
2867 0.500000000 0.500000000 0.000000000
2868 0.500000000 0.500000000 0.000000000
2869 0.000000000 1.000000000 0.000000000
2870 0.090909094 0.909090936 0.000000000
2871 0.343750000 0.656250000 0.000000000
2872 0.500000000 0.500000000 0.000000000
2873 0.000000000 1.000000000 0.000000000
2874 0.500000000 0.500000000 0.000000000
2875 0.000000000 1.000000000 0.000000000
2876 0.500000000 0.500000000 0.000000000
2877 0.714285731 0.285714298 0.000000000
2878 1.000000000 0.000000000 0.000000000
2879 1.000000000 0.000000000 0.000000000
2880 0.400000006 0.600000024 0.000000000
2881 0.000000000 1.000000000 0.000000000
2882 0.881159127 0.118840851 0.000000000
2883 0.250000000 0.750000000 0.000000000
2884 0.016129032 0.983870983 0.000000000
2885 0.000000000 1.000000000 0.000000000
2886 1.000000000 0.000000000 0.000000000
2887 0.000000000 1.000000000 0.000000000
2888 0.500000000 0.500000000 0.000000000
2889 0.750000000 0.250000000 0.000000000
2890 0.500000000 0.500000000 0.000000000
2891 1.000000000 0.000000000 0.000000000
2892 0.500000000 0.500000000 0.000000000
2893 0.000000000 1.000000000 0.000000000
2894 0.000000000 1.000000000 0.000000000
2895 0.500000000 0.500000000 0.000000000
2896 0.500000000 0.500000000 0.000000000
2897 0.000000000 1.000000000 0.000000000
2898 0.500000000 0.500000000 0.000000000
2899 0.500000000 0.500000000 0.000000000
2900 1.000000000 0.000000000 0.000000000
2901 0.500000000 0.500000000 0.000000000
2902 0.125000000 0.875000000 0.000000000
2903 0.142857149 0.857142866 0.000000000
2904 0.050000001 0.949999988 0.000000000
2905 0.174999997 0.824999988 0.000000000
2906 0.090909094 0.909090936 0.000000000
2907 0.000000000 1.000000000 0.000000000
2908 0.259999990 0.740000010 0.000000000
2909 0.500000000 0.500000000 0.000000000
2910 0.000000000 1.000000000 0.000000000
2911 0.011363637 0.988636374 0.000000000
2912 0.076923080 0.923076928 0.000000000
2913 0.224999994 0.774999976 0.000000000
2914 0.000000000 1.000000000 0.000000000
2915 1.000000000 0.000000000 0.000000000
2916 0.093750000 0.906250000 0.000000000
2917 0.000000000 1.000000000 0.000000000
2918 0.500000000 0.500000000 0.000000000
2919 0.710786104 0.289213896 0.000000000
2920 0.000000000 1.000000000 0.000000000
2921 0.000000000 1.000000000 0.000000000
2922 0.042553190 0.957446814 0.000000000
2923 0.000000000 1.000000000 0.000000000
2924 0.000000000 1.000000000 0.000000000
2925 0.000000000 1.000000000 0.000000000
2926 0.000000000 1.000000000 0.000000000
2927 0.000000000 1.000000000 0.000000000
2928 0.000000000 1.000000000 0.000000000
2929 0.000000000 1.000000000 0.000000000
2930 0.059999999 0.939999998 0.000000000
2931 0.000000000 1.000000000 0.000000000
2932 0.015151516 0.984848499 0.000000000
2933 0.000000000 1.000000000 0.000000000
2934 0.000000000 1.000000000 0.000000000
2935 0.000000000 1.000000000 0.000000000
2936 0.000000000 1.000000000 0.000000000
2937 0.000000000 1.000000000 0.000000000
2938 0.000000000 1.000000000 0.000000000
2939 0.022222223 0.977777779 0.000000000
2940 0.500000000 0.500000000 0.000000000
2941 0.000000000 1.000000000 0.000000000
2942 0.018518519 0.981481493 0.000000000
2943 0.000000000 1.000000000 0.000000000
2944 0.014705882 0.985294104 0.000000000
2945 0.000000000 1.000000000 0.000000000
2946 0.454545468 0.545454562 0.000000000
2947 0.000000000 1.000000000 0.000000000
2948 0.000000000 1.000000000 0.000000000
2949 0.083333336 0.916666687 0.000000000
2950 0.195652172 0.804347813 0.000000000
2951 0.000000000 1.000000000 0.000000000
2952 1.000000000 0.000000000 0.000000000
2953 1.000000000 0.000000000 0.000000000
2954 1.000000000 0.000000000 0.000000000
2955 0.994444430 0.005555556 0.000000000
2956 1.000000000 0.000000000 0.000000000
2957 0.993055582 0.006944444 0.000000000
2958 1.000000000 0.000000000 0.000000000
2959 1.000000000 0.000000000 0.000000000
2960 1.000000000 0.000000000 0.000000000
2961 1.000000000 0.000000000 0.000000000
2962 1.000000000 0.000000000 0.000000000
2963 1.000000000 0.000000000 0.000000000
2964 1.000000000 0.000000000 0.000000000
2965 0.009569378 0.990430593 0.000000000
2966 1.000000000 0.000000000 0.000000000
2967 0.948529422 0.051470589 0.000000000
2968 0.994475126 0.005524862 0.000000000
2969 1.000000000 0.000000000 0.000000000
2970 0.981012642 0.018987341 0.000000000
2971 0.996478856 0.003521127 0.000000000
2972 0.987179458 0.012820513 0.000000000
2973 0.992481232 0.007518797 0.000000000
2974 0.991189420 0.008810572 0.000000000
2975 0.714285731 0.285714298 0.000000000
2976 0.996428549 0.003571429 0.000000000
2977 0.993055582 0.006944444 0.000000000
2978 1.000000000 0.000000000 0.000000000
2979 0.004132231 0.995867789 0.000000000
2980 0.991071403 0.008928572 0.000000000
2981 0.996503472 0.003496503 0.000000000
2982 1.000000000 0.000000000 0.000000000
2983 0.984536111 0.015463918 0.000000000
2984 0.824858785 0.175141245 0.000000000
2985 1.000000000 0.000000000 0.000000000
2986 0.974358976 0.025641026 0.000000000
2987 0.500000000 0.500000000 0.000000000
2988 1.000000000 0.000000000 0.000000000
2989 0.994897962 0.005102041 0.000000000
2990 1.000000000 0.000000000 0.000000000
2991 1.000000000 0.000000000 0.000000000
2992 1.000000000 0.000000000 0.000000000
2993 0.000000000 1.000000000 0.000000000
2994 1.000000000 0.000000000 0.000000000
2995 1.000000000 0.000000000 0.000000000
2996 1.000000000 0.000000000 0.000000000
2997 0.500000000 0.500000000 0.000000000
2998 0.899999976 0.100000001 0.000000000
2999 1.000000000 0.000000000 0.000000000
3000 1.000000000 0.000000000 0.000000000
3001 1.000000000 0.000000000 0.000000000
3002 1.000000000 0.000000000 0.000000000
3003 1.000000000 0.000000000 0.000000000
3004 0.500000000 0.500000000 0.000000000
3005 0.500000000 0.500000000 0.000000000
3006 0.500000000 0.500000000 0.000000000
3007 0.115384616 0.884615362 0.000000000
3008 0.965517223 0.034482758 0.000000000
3009 0.978260875 0.021739131 0.000000000
3010 1.000000000 0.000000000 0.000000000
3011 1.000000000 0.000000000 0.000000000
3012 0.944444418 0.055555556 0.000000000
3013 0.500000000 0.500000000 0.000000000
3014 0.500000000 0.500000000 0.000000000
3015 1.000000000 0.000000000 0.000000000
3016 0.500000000 0.500000000 0.000000000
3017 0.500000000 0.500000000 0.000000000
3018 0.500000000 0.500000000 0.000000000
3019 0.500000000 0.500000000 0.000000000
3020 0.500000000 0.500000000 0.000000000
3021 0.500000000 0.500000000 0.000000000
3022 0.500000000 0.500000000 0.000000000
3023 0.500000000 0.500000000 0.000000000
3024 0.500000000 0.500000000 0.000000000
3025 0.500000000 0.500000000 0.000000000
3026 0.500000000 0.500000000 0.000000000
3027 0.500000000 0.500000000 0.000000000
3028 0.500000000 0.500000000 0.000000000
3029 0.500000000 0.500000000 0.000000000
3030 0.500000000 0.500000000 0.000000000
3031 0.500000000 0.500000000 0.000000000
3032 0.500000000 0.500000000 0.000000000
3033 0.500000000 0.500000000 0.000000000
3034 0.500000000 0.500000000 0.000000000
3035 0.500000000 0.500000000 0.000000000
3036 0.500000000 0.500000000 0.000000000
3037 0.500000000 0.500000000 0.000000000
3038 0.500000000 0.500000000 0.000000000
3039 0.500000000 0.500000000 0.000000000
3040 0.500000000 0.500000000 0.000000000
3041 0.500000000 0.500000000 0.000000000
3042 0.214285716 0.785714269 0.000000000
3043 0.500000000 0.500000000 0.000000000
3044 0.000000000 1.000000000 0.000000000
3045 0.500000000 0.500000000 0.000000000
3046 0.500000000 0.500000000 0.000000000
3047 0.000000000 1.000000000 0.000000000
3048 0.500000000 0.500000000 0.000000000
3049 0.500000000 0.500000000 0.000000000
3050 0.000000000 1.000000000 0.000000000
3051 0.000000000 1.000000000 0.000000000
3052 0.500000000 0.500000000 0.000000000
3053 0.500000000 0.500000000 0.000000000
3054 0.500000000 0.500000000 0.000000000
3055 0.000000000 1.000000000 0.000000000
3056 0.674418151 0.325581878 0.000000000
3057 0.486613601 0.513386428 0.000000000
3058 0.000000000 1.000000000 0.000000000
3059 0.181818187 0.818181813 0.000000000
3060 0.000000000 1.000000000 0.000000000
3061 0.500000000 0.500000000 0.000000000
3062 0.038461540 0.961538434 0.000000000
3063 0.041666668 0.958333313 0.000000000
3064 0.000000000 1.000000000 0.000000000
3065 0.500000000 0.500000000 0.000000000
3066 0.423513025 0.576486945 0.000000000
3067 0.166666672 0.833333313 0.000000000
3068 0.000000000 1.000000000 0.000000000
3069 0.970992863 0.029007159 0.000000000
3070 0.500000000 0.500000000 0.000000000
3071 0.269230783 0.730769217 0.000000000
3072 0.500000000 0.500000000 0.000000000
3073 0.500000000 0.500000000 0.000000000
3074 0.500000000 0.500000000 0.000000000
3075 0.000000000 1.000000000 0.000000000
3076 0.000000000 1.000000000 0.000000000
3077 0.000000000 1.000000000 0.000000000
3078 0.071428575 0.928571403 0.000000000
3079 0.023936171 0.976063848 0.000000000
3080 0.000000000 1.000000000 0.000000000
3081 0.028985508 0.971014500 0.000000000
3082 0.000000000 1.000000000 0.000000000
3083 0.019230770 0.980769217 0.000000000
3084 0.010638298 0.989361703 0.000000000
3085 0.003731343 0.996268630 0.000000000
3086 0.021505376 0.978494644 0.000000000
3087 0.026315790 0.973684192 0.000000000
3088 0.021551725 0.978448272 0.000000000
3089 0.088235296 0.911764681 0.000000000
3090 0.184210524 0.815789461 0.000000000
3091 0.000000000 1.000000000 0.000000000
3092 0.049180329 0.950819671 0.000000000
3093 0.109649122 0.890350878 0.000000000
3094 0.113571018 0.886429012 0.000000000
3095 0.001094092 0.998905897 0.000000000
3096 0.316276610 0.683723390 0.000000000
3097 0.005030181 0.994969845 0.000000000
3098 0.002331002 0.997668982 0.000000000
3099 0.006607930 0.993392050 0.000000000
3100 0.003054990 0.996945024 0.000000000
3101 0.002192982 0.997807026 0.000000000
3102 0.222349539 0.777650476 0.000000000
3103 0.005341880 0.994658113 0.000000000
3104 0.200600758 0.799399257 0.000000000
3105 0.011520738 0.988479257 0.000000000
3106 0.001033058 0.998966932 0.000000000
3107 0.005813953 0.994186044 0.000000000
3108 0.001908397 0.998091578 0.000000000
3109 0.007543103 0.992456913 0.000000000
3110 0.004184100 0.995815873 0.000000000
3111 0.003787879 0.996212125 0.000000000
3112 0.002024292 0.997975707 0.000000000
3113 0.005733945 0.994266033 0.000000000
3114 0.003006012 0.996993959 0.000000000
3115 0.003054990 0.996945024 0.000000000
3116 0.064184293 0.935815692 0.000000000
3117 0.076884918 0.923115075 0.000000000
3118 0.003861004 0.996138990 0.000000000
3119 0.094117649 0.905882359 0.000000000
3120 0.000000000 0.500000000 0.500000000
3121 0.000000000 0.500000000 0.500000000
3122 0.000000000 0.500000000 0.500000000
3123 0.000000000 0.500000000 0.500000000
3124 0.000000000 0.500000000 0.500000000
3125 0.000000000 0.000000000 1.000000000
3126 0.000000000 0.000000000 1.000000000
3127 0.000000000 1.000000000 0.000000000
3128 0.000000000 0.466666669 0.533333361
3129 0.000000000 0.500000000 0.500000000
3130 0.000000000 1.000000000 0.000000000
3131 0.000000000 1.000000000 0.000000000
3132 0.000000000 1.000000000 0.000000000
3133 0.000000000 0.000000000 1.000000000
3134 0.000000000 0.000000000 1.000000000
3135 0.000000000 0.000000000 1.000000000
3136 0.000000000 0.173278108 0.826721907
3137 0.000000000 0.008833851 0.991166174
3138 0.000000000 0.000000000 1.000000000
3139 0.000000000 0.379894853 0.620105147
3140 0.000000000 0.000000000 1.000000000
3141 0.000000000 0.000000000 1.000000000
3142 0.000000000 0.000000000 1.000000000
3143 0.000000000 0.007812500 0.992187500
3144 0.000000000 0.000000000 1.000000000
3145 0.000000000 0.009615385 0.990384638
3146 0.000000000 0.660316229 0.339683771
3147 0.000000000 1.000000000 0.000000000
3148 0.000000000 0.000000000 1.000000000
3149 0.000000000 0.500000000 0.500000000
3150 0.000000000 0.000000000 1.000000000
3151 0.000000000 0.654929578 0.345070422
3152 0.000000000 0.062471405 0.937528610
3153 0.000000000 1.000000000 0.000000000
3154 0.000000000 1.000000000 0.000000000
3155 0.000000000 0.000000000 1.000000000
3156 0.000000000 0.500000000 0.500000000
3157 0.000000000 0.300000012 0.699999988
3158 0.000000000 0.500000000 0.500000000
3159 0.000000000 0.500000000 0.500000000
3160 0.000000000 0.500000000 0.500000000
3161 0.000000000 0.500000000 0.500000000
3162 0.000000000 0.500000000 0.500000000
3163 0.000000000 0.500000000 0.500000000
3164 0.000000000 0.500000000 0.500000000
3165 0.000000000 0.500000000 0.500000000
3166 0.000000000 0.500000000 0.500000000
3167 0.000000000 0.500000000 0.500000000
3168 0.000000000 0.500000000 0.500000000
3169 0.000000000 0.500000000 0.500000000
3170 0.000000000 0.500000000 0.500000000
3171 0.000000000 0.500000000 0.500000000
3172 0.000000000 0.500000000 0.500000000
3173 0.000000000 0.500000000 0.500000000
3174 0.000000000 0.500000000 0.500000000
3175 0.000000000 0.500000000 0.500000000
3176 0.000000000 0.500000000 0.500000000
3177 0.000000000 0.500000000 0.500000000
3178 0.000000000 0.500000000 0.500000000
3179 0.000000000 0.500000000 0.500000000
3180 0.000000000 0.500000000 0.500000000
3181 0.000000000 0.500000000 0.500000000
3182 0.000000000 0.500000000 0.500000000
3183 0.000000000 0.500000000 0.500000000
3184 0.000000000 0.500000000 0.500000000
3185 0.000000000 0.500000000 0.500000000
3186 0.000000000 0.500000000 0.500000000
3187 0.000000000 0.500000000 0.500000000
3188 0.000000000 0.500000000 0.500000000
3189 0.000000000 0.500000000 0.500000000
3190 0.000000000 0.500000000 0.500000000
3191 0.000000000 0.500000000 0.500000000
3192 0.000000000 0.500000000 0.500000000
3193 0.000000000 0.500000000 0.500000000
3194 0.000000000 0.500000000 0.500000000
3195 0.000000000 0.500000000 0.500000000
3196 0.000000000 0.500000000 0.500000000
3197 0.000000000 0.500000000 0.500000000
3198 0.000000000 0.000000000 1.000000000
3199 0.000000000 1.000000000 0.000000000
3200 0.000000000 0.165102646 0.834897339
3201 0.000000000 0.058823530 0.941176474
3202 0.000000000 0.031250000 0.968750000
3203 0.000000000 0.033333335 0.966666639
3204 0.000000000 0.000000000 1.000000000
3205 0.000000000 0.008845459 0.991154552
3206 0.000000000 1.000000000 0.000000000
3207 0.000000000 0.268641502 0.731358469
3208 0.000000000 0.000000000 1.000000000
3209 0.000000000 0.000000000 1.000000000
3210 0.000000000 0.858837724 0.141162246
3211 0.000000000 0.705928624 0.294071376
3212 0.000000000 1.000000000 0.000000000
3213 0.000000000 0.000000000 1.000000000
3214 0.000000000 0.000000000 1.000000000
3215 0.000000000 0.000000000 1.000000000
3216 0.000000000 0.000000000 1.000000000
3217 0.000000000 1.000000000 0.000000000
3218 0.000000000 1.000000000 0.000000000
3219 0.000000000 0.538721204 0.461278766
3220 0.000000000 0.000000000 1.000000000
3221 0.000000000 0.000000000 1.000000000
3222 0.000000000 1.000000000 0.000000000
3223 0.000000000 0.000000000 1.000000000
3224 0.000000000 0.379399776 0.620600224
3225 0.000000000 0.568750024 0.431250006
3226 0.000000000 0.964285731 0.035714287
3227 0.000000000 0.545454562 0.454545468
3228 0.000000000 0.944444418 0.055555556
3229 0.000000000 0.931818187 0.068181820
3230 0.000000000 0.000000000 1.000000000
3231 0.000000000 0.000000000 1.000000000
3232 0.000000000 0.214285716 0.785714269
3233 0.000000000 0.833333313 0.166666672
3234 0.000000000 0.863636374 0.136363640
3235 0.000000000 0.455128193 0.544871807
3236 0.000000000 0.615196049 0.384803921
3237 0.000000000 0.540554225 0.459445804
3238 0.000000000 0.301407963 0.698592007
3239 0.000000000 0.268204898 0.731795073
3240 0.000000000 0.885701656 0.114298329
3241 0.000000000 0.628882885 0.371117115
3242 0.000000000 0.844565332 0.155434698
3243 0.000000000 0.960404515 0.039595503
3244 0.000000000 0.338526636 0.661473393
3245 0.000000000 0.598544240 0.401455790
3246 0.000000000 0.146311685 0.853688300
3247 0.000000000 0.838425696 0.161574289
3248 0.000000000 0.679409444 0.320590585
3249 0.000000000 0.977656364 0.022343617
3250 0.000000000 0.757006526 0.242993489
3251 0.000000000 0.986796975 0.013203043
3252 0.000000000 0.616940141 0.383059859
3253 0.000000000 1.000000000 0.000000000
3254 0.000000000 0.623678684 0.376321286
3255 0.000000000 0.996794879 0.003205128
3256 0.000000000 0.452830195 0.547169805
3257 0.000000000 1.000000000 0.000000000
3258 0.000000000 0.988513827 0.011486162
3259 0.000000000 0.684425890 0.315574139
3260 0.000000000 0.500000000 0.500000000
3261 0.000000000 0.672948122 0.327051878
3262 0.000000000 0.484076440 0.515923560
3263 0.000000000 0.703529418 0.296470582
3264 0.000000000 0.510943174 0.489056826
3265 0.000000000 0.612006783 0.387993217
3266 0.000000000 0.854210556 0.145789444
3267 0.000000000 0.780243874 0.219756156
3268 0.000000000 0.713898301 0.286101729
3269 0.000000000 0.929482877 0.070517108
3270 0.000000000 0.329209179 0.670790792
3271 0.000000000 0.668144286 0.331855714
3272 0.000000000 0.623249114 0.376750886
3273 0.000000000 0.973298132 0.026701879
3274 0.000000000 0.108511113 0.891488910
3275 0.000000000 0.221907541 0.778092444
3276 0.000000000 0.227412999 0.772587001
3277 0.000000000 0.105719298 0.894280672
3278 0.000000000 0.224427283 0.775572717
3279 0.000000000 0.693634391 0.306365609
3280 0.000000000 0.411249310 0.588750720
3281 0.000000000 0.588768244 0.411231726
3282 0.000000000 0.012698413 0.987301588
3283 0.000000000 0.441184074 0.558815956
3284 0.000000000 0.119826637 0.880173385
3285 0.000000000 0.000658525 0.999341488
3286 0.000000000 0.086827107 0.913172901
3287 0.000000000 0.000000000 1.000000000
3288 0.000000000 0.760682821 0.239317179
3289 0.000000000 0.500000000 0.500000000
3290 0.000000000 0.666666687 0.333333343
3291 0.000000000 0.500000000 0.500000000
3292 0.000000000 0.375000000 0.625000000
3293 0.000000000 0.875000000 0.125000000
3294 0.000000000 0.500000000 0.500000000
3295 0.000000000 1.000000000 0.000000000
3296 0.000000000 0.875000000 0.125000000
3297 0.000000000 0.357142866 0.642857134
3298 0.000000000 0.500000000 0.500000000
3299 0.000000000 0.916666687 0.083333336
3300 0.000000000 0.666666687 0.333333343
3301 0.000000000 0.944444418 0.055555556
3302 0.000000000 0.500000000 0.500000000
3303 0.000000000 0.500000000 0.500000000
3304 0.000000000 0.500000000 0.500000000
3305 0.000000000 0.750000000 0.250000000
3306 0.000000000 0.500000000 0.500000000
3307 0.000000000 0.500000000 0.500000000
3308 0.000000000 0.500000000 0.500000000
3309 0.000000000 0.500000000 0.500000000
3310 0.000000000 0.500000000 0.500000000
3311 0.000000000 0.500000000 0.500000000
3312 0.000000000 0.500000000 0.500000000
3313 0.000000000 0.500000000 0.500000000
3314 0.000000000 0.500000000 0.500000000
3315 0.000000000 0.500000000 0.500000000
3316 0.000000000 0.500000000 0.500000000
3317 0.000000000 0.500000000 0.500000000
3318 0.000000000 0.500000000 0.500000000
3319 0.000000000 0.500000000 0.500000000
3320 0.000000000 0.500000000 0.500000000
3321 0.000000000 0.500000000 0.500000000
3322 0.000000000 0.500000000 0.500000000
3323 0.000000000 0.500000000 0.500000000
3324 0.000000000 0.500000000 0.500000000
3325 0.000000000 0.500000000 0.500000000
3326 0.000000000 0.500000000 0.500000000
3327 0.000000000 0.500000000 0.500000000
3328 0.000000000 1.000000000 0.000000000
3329 0.000000000 0.623075008 0.376924962
3330 0.000000000 0.771878481 0.228121519
3331 0.000000000 0.005208333 0.994791687
3332 0.000000000 1.000000000 0.000000000
3333 0.000000000 0.931829214 0.068170808
3334 0.000000000 0.519315183 0.480684787
3335 0.000000000 0.451713979 0.548286021
3336 0.000000000 0.161375657 0.838624358
3337 0.000000000 1.000000000 0.000000000
3338 0.000000000 0.684171319 0.315828681
3339 0.000000000 1.000000000 0.000000000
3340 0.000000000 1.000000000 0.000000000
3341 0.000000000 1.000000000 0.000000000
3342 0.000000000 0.611111104 0.388888896
3343 0.000000000 0.962499976 0.037500001
3344 0.000000000 0.346153855 0.653846145
3345 0.000000000 0.058823530 0.941176474
3346 0.000000000 0.988095224 0.011904762
3347 0.000000000 0.552845538 0.447154433
3348 0.000000000 0.134615391 0.865384638
3349 0.000000000 0.642717719 0.357282251
3350 0.000000000 0.971428573 0.028571429
3351 0.000000000 0.982758641 0.017241379
3352 0.000000000 0.916666687 0.083333336
3353 0.000000000 0.894230783 0.105769232
3354 0.000000000 0.380065799 0.619934201
3355 0.000000000 0.899387002 0.100613028
3356 0.000000000 0.860465109 0.139534891
3357 0.000000000 0.165397435 0.834602535
3358 0.000000000 1.000000000 0.000000000
3359 0.000000000 0.062500000 0.937500000
3360 0.000000000 0.083333336 0.916666687
3361 0.000000000 0.923076928 0.076923080
3362 0.000000000 0.057142857 0.942857146
3363 0.000000000 0.343589753 0.656410277
3364 0.000000000 0.375000000 0.625000000
3365 0.000000000 0.698611140 0.301388890
3366 0.000000000 0.868421078 0.131578952
3367 0.000000000 0.500000000 0.500000000
3368 0.000000000 0.200000003 0.800000012
3369 0.000000000 0.500000000 0.500000000
3370 0.000000000 0.500000000 0.500000000
3371 0.000000000 0.500000000 0.500000000
3372 0.000000000 0.333333343 0.666666687
3373 0.000000000 1.000000000 0.000000000
3374 0.000000000 0.500000000 0.500000000
3375 0.000000000 0.500000000 0.500000000
3376 0.000000000 0.500000000 0.500000000
3377 0.000000000 0.500000000 0.500000000
3378 0.000000000 0.500000000 0.500000000
3379 0.000000000 0.500000000 0.500000000
3380 0.000000000 0.483333319 0.516666651
3381 0.000000000 0.500000000 0.500000000
3382 0.000000000 0.500000000 0.500000000
3383 0.000000000 0.937500000 0.062500000
3384 0.000000000 0.411111116 0.588888884
3385 0.000000000 0.944444418 0.055555556
3386 0.000000000 0.500000000 0.500000000
3387 0.000000000 0.500000000 0.500000000
3388 0.000000000 0.055555556 0.944444418
3389 0.000000000 0.850000024 0.150000006
3390 0.000000000 0.500000000 0.500000000
3391 0.000000000 0.500000000 0.500000000
3392 0.000000000 0.500000000 0.500000000
3393 0.000000000 0.995934963 0.004065040
3394 0.000000000 0.634118259 0.365881741
3395 0.000000000 0.755495667 0.244504318
3396 0.000000000 0.861896098 0.138103887
3397 0.000000000 0.671834588 0.328165412
3398 0.000000000 0.987804890 0.012195121
3399 0.000000000 0.992647052 0.007352941
3400 0.000000000 0.423999995 0.575999975
3401 0.000000000 0.000000000 1.000000000
3402 0.000000000 0.465240359 0.534759641
3403 0.000000000 0.929577470 0.070422538
3404 0.000000000 0.876676559 0.123323426
3405 0.000000000 0.965277791 0.034722224
3406 0.000000000 0.914634168 0.085365854
3407 0.000000000 0.351646632 0.648353338
3408 0.000000000 0.824695110 0.175304875
3409 0.000000000 0.916666687 0.083333336
3410 0.000000000 0.972972989 0.027027028
3411 0.000000000 0.384429961 0.615570009
3412 0.000000000 0.902173936 0.097826086
3413 0.000000000 0.962499976 0.037500001
3414 0.000000000 0.985294104 0.014705882
3415 0.000000000 0.111111112 0.888888896
3416 0.000000000 0.865853667 0.134146348
3417 0.000000000 0.659090936 0.340909094
3418 0.000000000 0.607140183 0.392859846
3419 0.000000000 0.828869462 0.171130568
3420 0.000000000 0.970588207 0.029411765
3421 0.000000000 0.913773119 0.086226851
3422 0.000000000 0.975000024 0.025000000
3423 0.000000000 0.988317728 0.011682243
3424 0.000000000 0.899038434 0.100961536
3425 0.000000000 0.783599555 0.216400445
3426 0.000000000 0.938640118 0.061359867
3427 0.000000000 0.980515420 0.019484576
3428 0.000000000 0.932160795 0.067839198
3429 0.000000000 0.050458714 0.949541271
3430 0.000000000 0.820388377 0.179611653
3431 0.000000000 0.464774430 0.535225570
3432 0.000000000 0.794874489 0.205125540
3433 0.000000000 0.462962210 0.537037790
3434 0.000000000 0.641161203 0.358838767
3435 0.000000000 0.750297606 0.249702379
3436 0.000000000 0.000000000 1.000000000
3437 0.000000000 0.031825796 0.968174219
3438 0.000000000 0.521451294 0.478548735
3439 0.000000000 0.357798159 0.642201841
3440 0.000000000 0.645485699 0.354514301
3441 0.000000000 0.290243894 0.709756076
3442 0.000000000 0.516531169 0.483468831
3443 0.000000000 0.384654462 0.615345538
3444 0.000000000 0.296052635 0.703947365
3445 0.000000000 0.107882164 0.892117858
3446 0.000000000 0.050505050 0.949494958
3447 0.000000000 0.025914634 0.974085391
3448 0.000000000 0.040462017 0.959537983
3449 0.000000000 0.018145161 0.981854856
3450 0.000000000 0.123315871 0.876684129
3451 0.000000000 0.002502502 0.997497499
3452 0.000000000 0.000000000 1.000000000
3453 0.000000000 0.031804733 0.968195260
3454 0.000000000 0.076183431 0.923816562
3455 0.000000000 0.234651119 0.765348911
3456 0.000000000 0.469958037 0.530041993
3457 0.000000000 0.089348592 0.910651386
3458 0.333333343 0.333333343 0.333333343
3459 0.333333343 0.000000000 0.666666687
3460 0.600000024 0.200000003 0.200000003
3461 0.433450431 0.083333336 0.483216226
3462 0.485507250 0.083333336 0.431159407
3463 0.333333343 0.333333343 0.333333343
3464 0.500000000 0.000000000 0.500000000
3465 0.826086938 0.000000000 0.173913047
3466 0.523809552 0.238095239 0.238095239
3467 1.000000000 0.000000000 0.000000000
3468 0.555555582 0.222222224 0.222222224
3469 0.555555582 0.222222224 0.222222224
3470 0.703703701 0.148148149 0.148148149
3471 0.333333343 0.333333343 0.333333343
3472 0.333333343 0.333333343 0.333333343
3473 0.333333343 0.333333343 0.333333343
3474 0.333333343 0.333333343 0.333333343
3475 0.333333343 0.333333343 0.333333343
3476 0.333333343 0.333333343 0.333333343
3477 0.333333343 0.333333343 0.333333343
3478 0.333333343 0.333333343 0.333333343
3479 0.000000000 0.000000000 1.000000000
3480 0.333333343 0.333333343 0.333333343
3481 0.333333343 0.333333343 0.333333343
3482 0.333333343 0.333333343 0.333333343
3483 0.333333343 0.333333343 0.333333343
3484 0.333333343 0.333333343 0.333333343
3485 0.285714298 0.000000000 0.714285731
3486 0.333333343 0.333333343 0.333333343
3487 0.333333343 0.333333343 0.333333343
3488 0.333333343 0.333333343 0.333333343
3489 0.333333343 0.333333343 0.333333343
3490 0.333333343 0.333333343 0.333333343
3491 0.333333343 0.333333343 0.333333343
3492 0.333333343 0.333333343 0.333333343
3493 0.333333343 0.333333343 0.333333343
3494 0.333333343 0.333333343 0.333333343
3495 0.333333343 0.333333343 0.333333343
3496 0.333333343 0.333333343 0.333333343
3497 1.000000000 0.000000000 0.000000000
3498 0.985281765 0.000000000 0.014718250
3499 1.000000000 0.000000000 0.000000000
3500 0.003472222 0.003472222 0.993055582
3501 0.989473701 0.000000000 0.010526316
3502 1.000000000 0.000000000 0.000000000
3503 0.996168554 0.001915709 0.001915709
3504 0.980373681 0.017665558 0.001960784
3505 1.000000000 0.000000000 0.000000000
3506 0.778048575 0.066142753 0.155808657
3507 0.996078432 0.001960784 0.001960784
3508 0.994288743 0.000000000 0.005711264
3509 0.913236141 0.001773050 0.084990799
3510 0.954023004 0.022988506 0.022988506
3511 0.419307053 0.024691358 0.556001604
3512 0.883333325 0.008333334 0.108333334
3513 0.779626489 0.035228450 0.185145080
3514 0.019607844 0.019607844 0.960784316
3515 0.871527135 0.014658424 0.113814421
3516 0.899999976 0.050000001 0.050000001
3517 0.857905984 0.059829060 0.082264960
3518 0.842201889 0.055744413 0.102053709
3519 0.853129983 0.009523810 0.137346208
3520 0.885057449 0.057471264 0.057471264
3521 0.884126961 0.022222223 0.093650796
3522 0.884615362 0.057692308 0.057692308
3523 0.895833313 0.052083332 0.052083332
3524 0.684900761 0.059259258 0.255839944
3525 0.953488350 0.023255814 0.023255814
3526 0.983739853 0.008130081 0.008130081
3527 0.983333349 0.008333334 0.008333334
3528 0.027777778 0.256944448 0.715277791
3529 0.833333313 0.000000000 0.166666672
3530 0.982905984 0.008547009 0.008547009
3531 0.882499814 0.009523810 0.107976377
3532 0.042735044 0.042735044 0.914529920
3533 0.922033548 0.000000000 0.077966429
3534 0.768518507 0.046296295 0.185185179
3535 1.000000000 0.000000000 0.000000000
3536 0.333333343 0.333333343 0.333333343
3537 0.200000003 0.200000003 0.600000024
3538 0.333333343 0.333333343 0.333333343
3539 0.000000000 0.000000000 1.000000000
3540 0.333333343 0.333333343 0.333333343
3541 0.333333343 0.333333343 0.333333343
3542 0.333333343 0.333333343 0.333333343
3543 0.333333343 0.333333343 0.333333343
3544 0.333333343 0.333333343 0.333333343
3545 0.555555582 0.222222224 0.222222224
3546 0.333333343 0.333333343 0.333333343
3547 0.000000000 0.000000000 1.000000000
3548 0.333333343 0.333333343 0.333333343
3549 0.966666639 0.016666668 0.016666668
3550 0.333333343 0.333333343 0.333333343
3551 0.333333343 0.333333343 0.333333343
3552 0.333333343 0.333333343 0.333333343
3553 0.111111112 0.111111112 0.777777791
3554 0.333333343 0.333333343 0.333333343
3555 0.090909094 0.090909094 0.818181813
3556 0.333333343 0.333333343 0.333333343
3557 0.333333343 0.333333343 0.333333343
3558 0.333333343 0.333333343 0.333333343
3559 0.134575576 0.047619049 0.817805409
3560 1.000000000 0.000000000 0.000000000
3561 0.333333343 0.333333343 0.333333343
3562 0.805075526 0.002710027 0.192214459
3563 0.887603045 0.008474576 0.103922360
3564 0.546246707 0.308965921 0.144787386
3565 0.821286500 0.137319177 0.041394334
3566 0.815741718 0.115611590 0.068646669
3567 0.934959352 0.032520324 0.032520324
3568 0.814850152 0.109869726 0.075280115
3569 0.850270867 0.063109599 0.086619504
3570 0.000000000 0.165859565 0.834140420
3571 0.750711977 0.005249344 0.244038686
3572 0.640196860 0.312854767 0.046948358
3573 0.753256679 0.000000000 0.246743292
3574 0.640063524 0.269961059 0.089975424
3575 0.016260162 0.495912701 0.487827152
3576 0.010752688 0.010752688 0.978494644
3577 0.024390243 0.437500000 0.538109779
3578 0.037037037 0.330439806 0.632523119
3579 0.367863059 0.009009009 0.623127937
3580 0.041666668 0.297536999 0.660796344
3581 0.079710148 0.403263271 0.517026603
3582 0.866666675 0.066666670 0.066666670
3583 0.745098054 0.127450988 0.127450988
3584 0.000000000 0.452380955 0.547619045
3585 0.967479646 0.016260162 0.016260162
3586 0.015151516 0.700216472 0.284632027
3587 0.328660071 0.031250000 0.640089929
3588 0.585851252 0.389326096 0.024822695
3589 0.291455418 0.625468969 0.083075628
3590 0.563792408 0.431577981 0.004629630
3591 0.969761908 0.016904762 0.013333334
3592 0.620077014 0.090548471 0.289374530
3593 0.580861211 0.390292645 0.028846154
3594 0.207506582 0.644818604 0.147674799
3595 0.736599147 0.215343252 0.048057586
3596 0.299741119 0.618086100 0.082172804
3597 0.983249605 0.008375210 0.008375210
3598 0.012232416 0.012232416 0.975535154
3599 0.424661249 0.509210825 0.066127956
3600 0.013151237 0.743793547 0.243055224
3601 0.039473683 0.451955289 0.508571029
3602 0.044857614 0.782325983 0.172816396
3603 0.100917429 0.525256157 0.373826414
3604 0.009523810 0.625850320 0.364625841
3605 0.354174078 0.386262953 0.259562969
3606 0.448265761 0.367240340 0.184493899
3607 0.052259888 0.630790889 0.316949189
3608 0.113965757 0.776051700 0.109982528
3609 0.059523810 0.706315935 0.234160230
3610 0.085946575 0.802475572 0.111577861
3611 0.559620321 0.240340859 0.200038791
3612 0.124661244 0.125178620 0.750160158
3613 0.425806731 0.343072653 0.231120631
3614 0.000000000 0.036624204 0.963375807
3615 0.000000000 0.163636357 0.836363614
3616 0.001016260 0.001016260 0.997967482
3617 0.000000000 0.326530606 0.673469365
3618 0.000000000 0.004461144 0.995538831
3619 0.017964073 0.119059607 0.862976313
3620 0.015015015 0.047619049 0.937365949
3621 0.000000000 0.050778281 0.949221730
3622 0.090729780 0.154339254 0.754930973
3623 0.014792900 0.014792900 0.970414221
3624 0.011878085 0.739900887 0.248221040
3625 0.054216869 0.077190578 0.868592560
3626 0.000000000 0.003993278 0.996006727
3627 0.333333343 0.333333343 0.333333343
3628 0.333333343 0.333333343 0.333333343
3629 0.333333343 0.333333343 0.333333343
3630 0.333333343 0.333333343 0.333333343
3631 0.333333343 0.333333343 0.333333343
3632 0.333333343 0.333333343 0.333333343
3633 0.333333343 0.333333343 0.333333343
3634 0.333333343 0.333333343 0.333333343
3635 0.000000000 0.000000000 1.000000000
3636 0.333333343 0.333333343 0.333333343
3637 0.000000000 0.000000000 1.000000000
3638 0.000000000 0.000000000 1.000000000
3639 0.333333343 0.333333343 0.333333343
3640 0.333333343 0.333333343 0.333333343
3641 0.333333343 0.333333343 0.333333343
3642 0.333333343 0.333333343 0.333333343
3643 1.000000000 0.000000000 0.000000000
3644 0.333333343 0.333333343 0.333333343
3645 0.333333343 0.333333343 0.333333343
3646 0.065435506 0.000000000 0.934564471
3647 0.333333343 0.333333343 0.333333343
3648 0.333333343 0.333333343 0.333333343
3649 0.333333343 0.333333343 0.333333343
3650 0.333333343 0.333333343 0.333333343
3651 0.333333343 0.333333343 0.333333343
3652 0.333333343 0.333333343 0.333333343
3653 0.000000000 0.000000000 1.000000000
3654 0.000000000 0.000000000 1.000000000
3655 0.333333343 0.333333343 0.333333343
3656 0.333333343 0.333333343 0.333333343
3657 0.333333343 0.333333343 0.333333343
3658 0.000000000 0.000000000 1.000000000
3659 0.333333343 0.333333343 0.333333343
3660 1.000000000 0.000000000 0.000000000
3661 0.000000000 0.000000000 1.000000000
3662 0.333333343 0.333333343 0.333333343
3663 0.333333343 0.333333343 0.333333343
3664 0.333333343 0.333333343 0.333333343
3665 0.000000000 0.000000000 1.000000000
3666 0.333333343 0.333333343 0.333333343
3667 0.333333343 0.333333343 0.333333343
3668 0.333333343 0.333333343 0.333333343
3669 0.333333343 0.333333343 0.333333343
3670 0.333333343 0.333333343 0.333333343
3671 0.333333343 0.333333343 0.333333343
3672 0.333333343 0.333333343 0.333333343
3673 0.333333343 0.333333343 0.333333343
3674 0.333333343 0.333333343 0.333333343
3675 0.333333343 0.333333343 0.333333343
3676 0.333333343 0.333333343 0.333333343
3677 0.333333343 0.333333343 0.333333343
3678 0.333333343 0.333333343 0.333333343
3679 0.333333343 0.333333343 0.333333343
3680 0.333333343 0.333333343 0.333333343
3681 0.333333343 0.333333343 0.333333343
3682 0.333333343 0.333333343 0.333333343
3683 0.333333343 0.333333343 0.333333343
3684 0.333333343 0.333333343 0.333333343
3685 0.333333343 0.333333343 0.333333343
3686 0.333333343 0.333333343 0.333333343
3687 0.333333343 0.333333343 0.333333343
3688 0.333333343 0.333333343 0.333333343
3689 0.333333343 0.333333343 0.333333343
3690 0.333333343 0.333333343 0.333333343
3691 0.333333343 0.333333343 0.333333343
3692 0.333333343 0.333333343 0.333333343
3693 0.333333343 0.333333343 0.333333343
3694 0.333333343 0.333333343 0.333333343
3695 0.333333343 0.333333343 0.333333343
3696 0.333333343 0.333333343 0.333333343
3697 0.333333343 0.333333343 0.333333343
3698 0.333333343 0.333333343 0.333333343
3699 0.333333343 0.333333343 0.333333343
3700 0.333333343 0.333333343 0.333333343
3701 0.333333343 0.333333343 0.333333343
3702 0.333333343 0.333333343 0.333333343
3703 0.333333343 0.333333343 0.333333343
3704 0.333333343 0.333333343 0.333333343
3705 0.333333343 0.333333343 0.333333343
3706 1.000000000 0.000000000 0.000000000
3707 0.953673422 0.046326570 0.000000000
3708 0.333333343 0.333333343 0.333333343
3709 0.333333343 0.333333343 0.333333343
3710 0.333333343 0.333333343 0.333333343
3711 0.333333343 0.333333343 0.333333343
3712 0.333333343 0.333333343 0.333333343
3713 0.161934614 0.838065386 0.000000000
3714 1.000000000 0.000000000 0.000000000
3715 0.333333343 0.333333343 0.333333343
3716 0.333333343 0.333333343 0.333333343
3717 1.000000000 0.000000000 0.000000000
3718 1.000000000 0.000000000 0.000000000
3719 1.000000000 0.000000000 0.000000000
3720 0.333333343 0.333333343 0.333333343
3721 0.333333343 0.333333343 0.333333343
3722 0.333333343 0.333333343 0.333333343
3723 0.333333343 0.333333343 0.333333343
3724 0.000000000 0.025717925 0.974282086
3725 0.000000000 0.000000000 1.000000000
3726 0.292277396 0.707722604 0.000000000
3727 0.333333343 0.333333343 0.333333343
3728 0.333333343 0.333333343 0.333333343
3729 1.000000000 0.000000000 0.000000000
3730 0.333333343 0.333333343 0.333333343
3731 0.000000000 0.063636363 0.936363637
3732 0.925925910 0.037037037 0.037037037
3733 0.000000000 0.000000000 1.000000000
3734 0.285714298 0.000000000 0.714285731
3735 0.234568536 0.441890091 0.323541373
3736 0.443801075 0.016666668 0.539532244
3737 0.333333343 0.333333343 0.333333343
3738 0.333333343 0.333333343 0.333333343
3739 0.333333343 0.333333343 0.333333343
3740 0.000000000 0.312500000 0.687500000
3741 0.090909094 0.232954547 0.676136374
3742 0.000000000 0.083333336 0.916666687
3743 0.000000000 0.949999988 0.050000001
3744 0.681534290 0.138532251 0.179933444
3745 0.121212125 0.712121189 0.166666672
3746 0.621562183 0.307009280 0.071428575
3747 0.956989229 0.021505376 0.021505376
3748 0.849673212 0.045751635 0.104575165
3749 0.615177274 0.020202020 0.364620686
3750 0.773040235 0.164966002 0.061993781
3751 0.766666651 0.116666667 0.116666667
3752 0.394450486 0.494438410 0.111111112
3753 0.000000000 0.000000000 1.000000000
3754 0.828125000 0.156250000 0.015625000
3755 0.653666496 0.004113663 0.342219859
3756 0.698133767 0.241431594 0.060434651
3757 0.482758611 0.517241359 0.000000000
3758 0.372745693 0.451925188 0.175329104
3759 0.599931538 0.395815879 0.004252584
3760 0.493154347 0.372753024 0.134092614
3761 0.501426518 0.465871274 0.032702237
3762 0.419661701 0.002136752 0.578201532
3763 0.000000000 0.804877579 0.195122406
3764 0.559423029 0.109127387 0.331449598
3765 0.918637097 0.065817729 0.015545198
3766 0.660988569 0.094090924 0.244920522
3767 0.000000000 0.000000000 1.000000000
3768 0.003546099 0.562901616 0.433552295
3769 0.019736841 0.000000000 0.980263174
3770 0.000000000 0.894010067 0.105989911
3771 0.164544389 0.408396542 0.427059084
3772 0.000000000 0.975775063 0.024224920
3773 0.050936341 0.807459533 0.141604111
3774 0.000000000 0.620606184 0.379393816
3775 0.542695701 0.195082068 0.262222230
3776 0.142138571 0.596237063 0.261624366
3777 0.000000000 0.847709775 0.152290240
3778 0.004329004 0.475276172 0.520394802
3779 0.062987663 0.642012477 0.294999868
3780 0.228816926 0.718633115 0.052549962
3781 0.000000000 0.044642858 0.955357134
3782 0.000000000 0.016326530 0.983673453
3783 0.004385965 0.017543860 0.978070199
3784 0.000000000 0.000000000 1.000000000
3785 0.004444445 0.004444445 0.991111100
3786 0.000000000 0.272895277 0.727104723
3787 0.010498688 0.010498688 0.979002595
3788 0.000000000 0.003172589 0.996827424
3789 0.333333343 0.333333343 0.333333343
3790 0.006578947 0.006578947 0.986842096
3791 0.009009009 0.030244531 0.960746467
3792 0.333333343 0.333333343 0.333333343
3793 0.000000000 0.772705615 0.227294385
3794 0.333333343 0.333333343 0.333333343
3795 0.000000000 0.008528785 0.991471231
3796 0.500000000 0.500000000 0.000000000
3797 0.500000000 0.500000000 0.000000000
3798 0.500000000 0.500000000 0.000000000
3799 0.500000000 0.500000000 0.000000000
3800 0.500000000 0.500000000 0.000000000
3801 0.500000000 0.500000000 0.000000000
3802 1.000000000 0.000000000 0.000000000
3803 0.500000000 0.500000000 0.000000000
3804 1.000000000 0.000000000 0.000000000
3805 0.500000000 0.500000000 0.000000000
3806 0.500000000 0.500000000 0.000000000
3807 0.500000000 0.500000000 0.000000000
3808 0.500000000 0.500000000 0.000000000
3809 1.000000000 0.000000000 0.000000000
3810 0.000000000 1.000000000 0.000000000
3811 1.000000000 0.000000000 0.000000000
3812 1.000000000 0.000000000 0.000000000
3813 1.000000000 0.000000000 0.000000000
3814 1.000000000 0.000000000 0.000000000
3815 1.000000000 0.000000000 0.000000000
3816 1.000000000 0.000000000 0.000000000
3817 1.000000000 0.000000000 0.000000000
3818 1.000000000 0.000000000 0.000000000
3819 0.992187500 0.007812500 0.000000000
3820 1.000000000 0.000000000 0.000000000
3821 1.000000000 0.000000000 0.000000000
3822 1.000000000 0.000000000 0.000000000
3823 0.500000000 0.500000000 0.000000000
3824 0.000000000 1.000000000 0.000000000
3825 0.500000000 0.500000000 0.000000000
3826 1.000000000 0.000000000 0.000000000
3827 1.000000000 0.000000000 0.000000000
3828 1.000000000 0.000000000 0.000000000
3829 0.500000000 0.500000000 0.000000000
3830 0.500000000 0.500000000 0.000000000
3831 1.000000000 0.000000000 0.000000000
3832 0.500000000 0.500000000 0.000000000
3833 1.000000000 0.000000000 0.000000000
3834 0.500000000 0.500000000 0.000000000
3835 0.500000000 0.500000000 0.000000000
3836 0.500000000 0.500000000 0.000000000
3837 0.500000000 0.500000000 0.000000000
3838 0.500000000 0.500000000 0.000000000
3839 0.500000000 0.500000000 0.000000000
3840 0.500000000 0.500000000 0.000000000
3841 0.500000000 0.500000000 0.000000000
3842 0.500000000 0.500000000 0.000000000
3843 0.500000000 0.500000000 0.000000000
3844 0.500000000 0.500000000 0.000000000
3845 0.500000000 0.500000000 0.000000000
3846 0.500000000 0.500000000 0.000000000
3847 0.500000000 0.500000000 0.000000000
3848 0.500000000 0.500000000 0.000000000
3849 0.500000000 0.500000000 0.000000000
3850 0.500000000 0.500000000 0.000000000
3851 0.500000000 0.500000000 0.000000000
3852 0.500000000 0.500000000 0.000000000
3853 0.500000000 0.500000000 0.000000000
3854 0.500000000 0.500000000 0.000000000
3855 0.500000000 0.500000000 0.000000000
3856 0.500000000 0.500000000 0.000000000
3857 0.500000000 0.500000000 0.000000000
3858 0.500000000 0.500000000 0.000000000
3859 0.500000000 0.500000000 0.000000000
3860 0.500000000 0.500000000 0.000000000
3861 0.500000000 0.500000000 0.000000000
3862 0.500000000 0.500000000 0.000000000
3863 0.500000000 0.500000000 0.000000000
3864 0.500000000 0.500000000 0.000000000
3865 0.500000000 0.500000000 0.000000000
3866 0.500000000 0.500000000 0.000000000
3867 0.500000000 0.500000000 0.000000000
3868 0.500000000 0.500000000 0.000000000
3869 0.500000000 0.500000000 0.000000000
3870 0.500000000 0.500000000 0.000000000
3871 0.500000000 0.500000000 0.000000000
3872 0.500000000 0.500000000 0.000000000
3873 0.500000000 0.500000000 0.000000000
3874 1.000000000 0.000000000 0.000000000
3875 0.500000000 0.500000000 0.000000000
3876 1.000000000 0.000000000 0.000000000
3877 0.968750000 0.031250000 0.000000000
3878 0.968750000 0.031250000 0.000000000
3879 0.966666639 0.033333335 0.000000000
3880 0.000000000 1.000000000 0.000000000
3881 1.000000000 0.000000000 0.000000000
3882 0.500000000 0.500000000 0.000000000
3883 0.152542740 0.847457290 0.000000000
3884 1.000000000 0.000000000 0.000000000
3885 1.000000000 0.000000000 0.000000000
3886 0.750000000 0.250000000 0.000000000
3887 1.000000000 0.000000000 0.000000000
3888 0.500000000 0.500000000 0.000000000
3889 1.000000000 0.000000000 0.000000000
3890 1.000000000 0.000000000 0.000000000
3891 1.000000000 0.000000000 0.000000000
3892 1.000000000 0.000000000 0.000000000
3893 0.500000000 0.500000000 0.000000000
3894 0.500000000 0.500000000 0.000000000
3895 0.917146981 0.082853004 0.000000000
3896 0.000000000 1.000000000 0.000000000
3897 1.000000000 0.000000000 0.000000000
3898 0.500000000 0.500000000 0.000000000
3899 1.000000000 0.000000000 0.000000000
3900 0.833333313 0.166666672 0.000000000
3901 0.928571403 0.071428575 0.000000000
3902 0.500000000 0.500000000 0.000000000
3903 0.500000000 0.500000000 0.000000000
3904 0.500000000 0.500000000 0.000000000
3905 0.500000000 0.500000000 0.000000000
3906 0.291666657 0.708333313 0.000000000
3907 0.807692289 0.192307696 0.000000000
3908 0.090909094 0.909090936 0.000000000
3909 0.500000000 0.500000000 0.000000000
3910 0.500000000 0.500000000 0.000000000
3911 0.500000000 0.500000000 0.000000000
3912 0.000000000 1.000000000 0.000000000
3913 0.027777778 0.972222209 0.000000000
3914 0.549865246 0.450134784 0.000000000
3915 0.030128205 0.969871819 0.000000000
3916 0.750000000 0.250000000 0.000000000
3917 0.739130437 0.260869563 0.000000000
3918 0.949999988 0.050000001 0.000000000
3919 0.772727251 0.227272734 0.000000000
3920 0.439024389 0.560975611 0.000000000
3921 0.921875000 0.078125000 0.000000000
3922 0.045454547 0.954545438 0.000000000
3923 0.083333336 0.916666687 0.000000000
3924 0.022727273 0.977272749 0.000000000
3925 0.000000000 1.000000000 0.000000000
3926 0.013888889 0.986111104 0.000000000
3927 0.024251806 0.975748181 0.000000000
3928 0.216694161 0.783305824 0.000000000
3929 0.500000000 0.500000000 0.000000000
3930 0.000000000 1.000000000 0.000000000
3931 0.500000000 0.500000000 0.000000000
3932 0.000000000 1.000000000 0.000000000
3933 0.500000000 0.500000000 0.000000000
3934 0.411016941 0.588983059 0.000000000
3935 0.833333313 0.166666672 0.000000000
3936 0.000000000 1.000000000 0.000000000
3937 0.008474576 0.991525412 0.000000000
3938 0.393638700 0.606361330 0.000000000
3939 0.008196721 0.991803288 0.000000000
3940 0.014018691 0.985981286 0.000000000
3941 0.005882353 0.994117618 0.000000000
3942 0.046875000 0.953125000 0.000000000
3943 0.291666657 0.708333313 0.000000000
3944 0.028032837 0.971967161 0.000000000
3945 0.292307943 0.707692087 0.000000000
3946 0.003649635 0.996350348 0.000000000
3947 0.327770054 0.672229946 0.000000000
3948 0.016666668 0.983333349 0.000000000
3949 0.000000000 1.000000000 0.000000000
3950 0.040540539 0.959459484 0.000000000
3951 0.006578947 0.993421078 0.000000000
3952 0.004115226 0.995884776 0.000000000
3953 0.006688963 0.993311048 0.000000000
3954 0.007547170 0.992452860 0.000000000
3955 0.000000000 1.000000000 0.000000000
3956 0.002659574 0.997340441 0.000000000
3957 0.010791367 0.989208639 0.000000000
3958 0.008012821 0.991987169 0.000000000
3959 0.002645503 0.997354507 0.000000000
3960 0.000000000 1.000000000 0.000000000
3961 0.000000000 1.000000000 0.000000000
3962 0.007645260 0.992354751 0.000000000
3963 0.011661808 0.988338172 0.000000000
3964 0.046511628 0.953488350 0.000000000
3965 0.500000000 0.500000000 0.000000000
3966 0.500000000 0.500000000 0.000000000
3967 0.500000000 0.500000000 0.000000000
3968 0.833333313 0.166666672 0.000000000
3969 0.500000000 0.500000000 0.000000000
3970 0.500000000 0.500000000 0.000000000
3971 0.500000000 0.500000000 0.000000000
3972 0.500000000 0.500000000 0.000000000
3973 0.833333313 0.166666672 0.000000000
3974 0.500000000 0.500000000 0.000000000
3975 0.500000000 0.500000000 0.000000000
3976 0.500000000 0.500000000 0.000000000
3977 0.500000000 0.500000000 0.000000000
3978 0.500000000 0.500000000 0.000000000
3979 0.500000000 0.500000000 0.000000000
3980 0.500000000 0.500000000 0.000000000
3981 0.500000000 0.500000000 0.000000000
3982 0.500000000 0.500000000 0.000000000
3983 0.500000000 0.500000000 0.000000000
3984 0.500000000 0.500000000 0.000000000
3985 0.500000000 0.500000000 0.000000000
3986 0.500000000 0.500000000 0.000000000
3987 0.500000000 0.500000000 0.000000000
3988 0.500000000 0.500000000 0.000000000
3989 0.500000000 0.500000000 0.000000000
3990 0.500000000 0.500000000 0.000000000
3991 0.500000000 0.500000000 0.000000000
3992 0.500000000 0.500000000 0.000000000
3993 0.500000000 0.500000000 0.000000000
3994 0.500000000 0.500000000 0.000000000
3995 0.500000000 0.500000000 0.000000000
3996 0.500000000 0.500000000 0.000000000
3997 0.500000000 0.500000000 0.000000000
3998 0.500000000 0.500000000 0.000000000
3999 0.500000000 0.500000000 0.000000000
4000 0.500000000 0.500000000 0.000000000
4001 0.500000000 0.500000000 0.000000000
4002 0.500000000 0.500000000 0.000000000
4003 0.500000000 0.500000000 0.000000000
4004 0.500000000 0.500000000 0.000000000
4005 1.000000000 0.000000000 0.000000000
4006 0.865853667 0.134146348 0.000000000
4007 0.000000000 1.000000000 0.000000000
4008 0.500000000 0.500000000 0.000000000
4009 1.000000000 0.000000000 0.000000000
4010 1.000000000 0.000000000 0.000000000
4011 1.000000000 0.000000000 0.000000000
4012 1.000000000 0.000000000 0.000000000
4013 0.500000000 0.500000000 0.000000000
4014 1.000000000 0.000000000 0.000000000
4015 0.500000000 0.500000000 0.000000000
4016 0.500000000 0.500000000 0.000000000
4017 0.500000000 0.500000000 0.000000000
4018 0.888888896 0.111111112 0.000000000
4019 0.500000000 0.500000000 0.000000000
4020 0.970588207 0.029411765 0.000000000
4021 0.000000000 1.000000000 0.000000000
4022 0.500000000 0.500000000 0.000000000
4023 0.861111104 0.138888896 0.000000000
4024 0.941176474 0.058823530 0.000000000
4025 0.364026785 0.635973215 0.000000000
4026 0.500000000 0.500000000 0.000000000
4027 0.500000000 0.500000000 0.000000000
4028 0.500000000 0.500000000 0.000000000
4029 0.500000000 0.500000000 0.000000000
4030 0.956521749 0.043478262 0.000000000
4031 1.000000000 0.000000000 0.000000000
4032 0.500000000 0.500000000 0.000000000
4033 0.941176474 0.058823530 0.000000000
4034 0.500000000 0.500000000 0.000000000
4035 0.047619049 0.952380955 0.000000000
4036 0.941176474 0.058823530 0.000000000
4037 0.500000000 0.500000000 0.000000000
4038 0.955882370 0.044117648 0.000000000
4039 1.000000000 0.000000000 0.000000000
4040 1.000000000 0.000000000 0.000000000
4041 0.000000000 1.000000000 0.000000000
4042 0.500000000 0.500000000 0.000000000
4043 0.500000000 0.500000000 0.000000000
4044 0.500000000 0.500000000 0.000000000
4045 0.500000000 0.500000000 0.000000000
4046 0.500000000 0.500000000 0.000000000
4047 0.500000000 0.500000000 0.000000000
4048 0.500000000 0.500000000 0.000000000
4049 0.500000000 0.500000000 0.000000000
4050 0.500000000 0.500000000 0.000000000
4051 0.500000000 0.500000000 0.000000000
4052 0.500000000 0.500000000 0.000000000
4053 0.500000000 0.500000000 0.000000000
4054 0.500000000 0.500000000 0.000000000
4055 0.500000000 0.500000000 0.000000000
4056 0.611111104 0.388888896 0.000000000
4057 0.500000000 0.500000000 0.000000000
4058 0.500000000 0.500000000 0.000000000
4059 0.500000000 0.500000000 0.000000000
4060 0.500000000 0.500000000 0.000000000
4061 0.500000000 0.500000000 0.000000000
4062 0.500000000 0.500000000 0.000000000
4063 0.500000000 0.500000000 0.000000000
4064 0.666666687 0.333333343 0.000000000
4065 0.500000000 0.500000000 0.000000000
4066 0.500000000 0.500000000 0.000000000
4067 0.500000000 0.500000000 0.000000000
4068 0.500000000 0.500000000 0.000000000
4069 0.500000000 0.500000000 0.000000000
4070 0.883720934 0.116279073 0.000000000
4071 0.714285731 0.285714298 0.000000000
4072 0.977272749 0.022727273 0.000000000
4073 0.945652187 0.054347824 0.000000000
4074 1.000000000 0.000000000 0.000000000
4075 0.500000000 0.500000000 0.000000000
4076 0.993055582 0.006944444 0.000000000
4077 0.000000000 1.000000000 0.000000000
4078 0.992957771 0.007042253 0.000000000
4079 0.500000000 0.500000000 0.000000000
4080 0.000000000 1.000000000 0.000000000
4081 0.500000000 0.500000000 0.000000000
4082 0.500000000 0.500000000 0.000000000
4083 0.100000001 0.899999976 0.000000000
4084 0.125000000 0.875000000 0.000000000
4085 0.500000000 0.500000000 0.000000000
4086 0.500000000 0.500000000 0.000000000
4087 0.147058830 0.852941155 0.000000000
4088 0.500000000 0.500000000 0.000000000
4089 0.750000000 0.250000000 0.000000000
4090 0.500000000 0.500000000 0.000000000
4091 0.416666657 0.583333313 0.000000000
4092 0.500000000 0.500000000 0.000000000
4093 0.500000000 0.500000000 0.000000000
4094 0.227272734 0.772727251 0.000000000
4095 0.023809524 0.976190448 0.000000000
4096 0.500000000 0.500000000 0.000000000
4097 0.208333328 0.791666687 0.000000000
4098 0.500000000 0.500000000 0.000000000
4099 0.500000000 0.500000000 0.000000000
4100 0.500000000 0.500000000 0.000000000
4101 0.990196049 0.009803922 0.000000000
4102 0.944444418 0.055555556 0.000000000
4103 0.818181813 0.181818187 0.000000000
4104 0.500000000 0.500000000 0.000000000
4105 0.014423077 0.985576928 0.000000000
4106 0.500000000 0.500000000 0.000000000
4107 0.023364486 0.976635516 0.000000000
4108 0.022727273 0.977272749 0.000000000
4109 0.032786883 0.967213094 0.000000000
4110 0.000000000 1.000000000 0.000000000
4111 0.181818187 0.818181813 0.000000000
4112 0.002380952 0.997619033 0.000000000
4113 0.128865972 0.871134043 0.000000000
4114 0.000000000 1.000000000 0.000000000
4115 0.000000000 1.000000000 0.000000000
4116 0.024096385 0.975903630 0.000000000
4117 0.021582734 0.978417277 0.000000000
4118 0.112499997 0.887499988 0.000000000
4119 0.074626863 0.925373137 0.000000000
4120 0.012422360 0.987577617 0.000000000
4121 0.005474452 0.994525552 0.000000000
4122 0.014150944 0.985849082 0.000000000
4123 0.007763975 0.992236018 0.000000000
4124 0.010676157 0.989323854 0.000000000
4125 0.003289474 0.996710539 0.000000000
4126 0.015254238 0.984745741 0.000000000
4127 0.022590362 0.977409661 0.000000000
4128 0.012861736 0.987138271 0.000000000
4129 0.010703363 0.989296615 0.000000000
4130 0.009646302 0.990353703 0.000000000
4131 0.004201681 0.995798290 0.000000000
4132 0.023560209 0.976439774 0.000000000
4133 0.053435113 0.946564913 0.000000000
4134 0.000000000 0.500000000 0.500000000
4135 0.000000000 0.500000000 0.500000000
4136 0.000000000 0.500000000 0.500000000
4137 0.000000000 0.500000000 0.500000000
4138 0.000000000 0.500000000 0.500000000
4139 0.000000000 0.500000000 0.500000000
4140 0.000000000 0.500000000 0.500000000
4141 0.000000000 0.500000000 0.500000000
4142 0.000000000 0.500000000 0.500000000
4143 0.000000000 0.500000000 0.500000000
4144 0.000000000 0.500000000 0.500000000
4145 0.000000000 0.500000000 0.500000000
4146 0.000000000 0.500000000 0.500000000
4147 0.000000000 0.500000000 0.500000000
4148 0.000000000 0.500000000 0.500000000
4149 0.000000000 0.500000000 0.500000000
4150 0.000000000 0.500000000 0.500000000
4151 0.000000000 1.000000000 0.000000000
4152 0.000000000 0.500000000 0.500000000
4153 0.000000000 0.500000000 0.500000000
4154 0.000000000 0.500000000 0.500000000
4155 0.000000000 0.000000000 1.000000000
4156 0.000000000 0.500000000 0.500000000
4157 0.000000000 0.500000000 0.500000000
4158 0.000000000 0.500000000 0.500000000
4159 0.000000000 0.500000000 0.500000000
4160 0.000000000 0.500000000 0.500000000
4161 0.000000000 1.000000000 0.000000000
4162 0.000000000 0.750000000 0.250000000
4163 0.000000000 1.000000000 0.000000000
4164 0.000000000 0.500000000 0.500000000
4165 0.000000000 0.500000000 0.500000000
4166 0.000000000 0.500000000 0.500000000
4167 0.000000000 0.500000000 0.500000000
4168 0.000000000 0.500000000 0.500000000
4169 0.000000000 0.500000000 0.500000000
4170 0.000000000 0.500000000 0.500000000
4171 0.000000000 0.500000000 0.500000000
4172 0.000000000 0.500000000 0.500000000
4173 0.000000000 1.000000000 0.000000000
4174 0.000000000 0.571952343 0.428047687
4175 0.000000000 0.603744507 0.396255523
4176 0.000000000 0.664657354 0.335342646
4177 0.000000000 0.979166687 0.020833334
4178 0.000000000 1.000000000 0.000000000
4179 0.000000000 0.979166687 0.020833334
4180 0.000000000 0.961560667 0.038439337
4181 0.000000000 0.338186115 0.661813915
4182 0.000000000 1.000000000 0.000000000
4183 0.000000000 0.576972544 0.423027456
4184 0.000000000 0.593750000 0.406250000
4185 0.000000000 1.000000000 0.000000000
4186 0.000000000 0.500000000 0.500000000
4187 0.000000000 0.442722559 0.557277441
4188 0.000000000 0.500000000 0.500000000
4189 0.000000000 1.000000000 0.000000000
4190 0.000000000 0.500000000 0.500000000
4191 0.000000000 0.916666687 0.083333336
4192 0.000000000 0.500000000 0.500000000
4193 0.000000000 0.666666687 0.333333343
4194 0.000000000 0.500000000 0.500000000
4195 0.000000000 0.000000000 1.000000000
4196 0.000000000 0.500000000 0.500000000
4197 0.000000000 0.262794822 0.737205148
4198 0.000000000 0.500000000 0.500000000
4199 0.000000000 0.926470578 0.073529415
4200 0.000000000 0.853843451 0.146156564
4201 0.000000000 0.567191303 0.432808667
4202 0.000000000 0.959459484 0.040540539
4203 0.000000000 1.000000000 0.000000000
4204 0.000000000 0.680916846 0.319083184
4205 0.000000000 0.866666675 0.133333340
4206 0.000000000 0.418913037 0.581086934
4207 0.000000000 0.933333337 0.066666670
4208 0.000000000 0.212886319 0.787113667
4209 0.000000000 0.283783793 0.716216207
4210 0.000000000 0.975206614 0.024793388
4211 0.000000000 0.817547679 0.182452336
4212 0.000000000 0.500000000 0.500000000
4213 0.000000000 0.612677634 0.387322366
4214 0.000000000 0.500000000 0.500000000
4215 0.000000000 1.000000000 0.000000000
4216 0.000000000 0.500000000 0.500000000
4217 0.000000000 1.000000000 0.000000000
4218 0.000000000 1.000000000 0.000000000
4219 0.000000000 0.000000000 1.000000000
4220 0.000000000 1.000000000 0.000000000
4221 0.000000000 0.000000000 1.000000000
4222 0.000000000 0.000000000 1.000000000
4223 0.000000000 1.000000000 0.000000000
4224 0.000000000 1.000000000 0.000000000
4225 0.000000000 0.065800197 0.934199810
4226 0.000000000 0.716666639 0.283333331
4227 0.000000000 0.776847064 0.223152950
4228 0.000000000 0.524999976 0.474999994
4229 0.000000000 0.956521749 0.043478262
4230 0.000000000 0.819444418 0.180555552
4231 0.000000000 0.892695367 0.107304662
4232 0.000000000 0.119047619 0.880952358
4233 0.000000000 0.921052635 0.078947365
4234 0.000000000 0.308823526 0.691176474
4235 0.000000000 0.844827592 0.155172408
4236 0.000000000 0.750000000 0.250000000
4237 0.000000000 0.979166687 0.020833334
4238 0.000000000 1.000000000 0.000000000
4239 0.000000000 0.470319271 0.529680729
4240 0.000000000 1.000000000 0.000000000
4241 0.000000000 1.000000000 0.000000000
4242 0.000000000 0.624857426 0.375142574
4243 0.000000000 0.849673212 0.150326803
4244 0.000000000 1.000000000 0.000000000
4245 0.000000000 0.469938219 0.530061781
4246 0.000000000 0.000000000 1.000000000
4247 0.000000000 0.836885631 0.163114354
4248 0.000000000 0.326315790 0.673684239
4249 0.000000000 1.000000000 0.000000000
4250 0.000000000 0.741091967 0.258908033
4251 0.000000000 0.785438836 0.214561164
4252 0.000000000 0.474225760 0.525774240
4253 0.000000000 0.670245528 0.329754502
4254 0.000000000 0.909682989 0.090317011
4255 0.000000000 0.747453630 0.252546370
4256 0.000000000 0.761904776 0.238095239
4257 0.000000000 0.910714269 0.089285716
4258 0.000000000 0.587371528 0.412628442
4259 0.000000000 0.899999976 0.100000001
4260 0.000000000 0.858882725 0.141117290
4261 0.000000000 0.088235296 0.911764681
4262 0.000000000 0.899999976 0.100000001
4263 0.000000000 0.857142866 0.142857149
4264 0.000000000 0.841957092 0.158042893
4265 0.000000000 0.742647052 0.257352948
4266 0.000000000 0.873396516 0.126603514
4267 0.000000000 0.798933983 0.201066002
4268 0.000000000 0.542526603 0.457473397
4269 0.000000000 1.000000000 0.000000000
4270 0.000000000 0.891121626 0.108878389
4271 0.000000000 0.885683060 0.114316940
4272 0.000000000 0.920212746 0.079787232
4273 0.000000000 0.898847640 0.101152368
4274 0.000000000 0.461702138 0.538297892
4275 0.000000000 0.703884363 0.296115607
4276 0.000000000 0.944881916 0.055118110
4277 0.000000000 0.054748971 0.945251048
4278 0.000000000 0.674107134 0.325892866
4279 0.000000000 0.086206898 0.913793087
4280 0.000000000 1.000000000 0.000000000
4281 0.000000000 1.000000000 0.000000000
4282 0.000000000 0.187500000 0.812500000
4283 0.000000000 0.988984942 0.011015054
4284 0.000000000 0.039999999 0.959999979
4285 0.000000000 1.000000000 0.000000000
4286 0.000000000 0.050526317 0.949473679
4287 0.000000000 0.637370527 0.362629473
4288 0.000000000 0.724407494 0.275592476
4289 0.000000000 0.116192356 0.883807659
4290 0.000000000 0.765844762 0.234155253
4291 0.000000000 0.097297296 0.902702689
4292 0.000000000 0.681032002 0.318967968
4293 0.000000000 0.093674831 0.906325161
4294 0.000000000 0.009121622 0.990878403
4295 0.000000000 0.247476682 0.752523303
4296 0.000000000 0.276939720 0.723060310
4297 0.000000000 0.075483225 0.924516797
4298 0.000000000 0.361935973 0.638064027
4299 0.000000000 0.529258311 0.470741659
4300 0.000000000 0.128347188 0.871652782
4301 0.000000000 0.575976968 0.424023002
4302 0.000000000 0.065217391 0.934782624
4303 0.000000000 0.500000000 0.500000000
4304 0.000000000 0.500000000 0.500000000
4305 0.000000000 0.500000000 0.500000000
4306 0.000000000 0.500000000 0.500000000
4307 0.000000000 0.500000000 0.500000000
4308 0.000000000 0.500000000 0.500000000
4309 0.000000000 0.500000000 0.500000000
4310 0.000000000 0.500000000 0.500000000
4311 0.000000000 0.500000000 0.500000000
4312 0.000000000 0.500000000 0.500000000
4313 0.000000000 0.500000000 0.500000000
4314 0.000000000 0.500000000 0.500000000
4315 0.000000000 0.500000000 0.500000000
4316 0.000000000 0.000000000 1.000000000
4317 0.000000000 0.000000000 1.000000000
4318 0.000000000 0.002222222 0.997777760
4319 0.000000000 0.000000000 1.000000000
4320 0.000000000 0.000000000 1.000000000
4321 0.000000000 0.000000000 1.000000000
4322 0.000000000 0.000000000 1.000000000
4323 0.000000000 0.000000000 1.000000000
4324 0.000000000 0.000000000 1.000000000
4325 0.000000000 0.000000000 1.000000000
4326 0.000000000 1.000000000 0.000000000
4327 0.000000000 0.000000000 1.000000000
4328 0.000000000 0.000000000 1.000000000
4329 0.000000000 0.023809524 0.976190448
4330 0.000000000 0.342085093 0.657914937
4331 0.000000000 0.043478262 0.956521749
4332 0.000000000 0.047619049 0.952380955
4333 0.000000000 0.066666670 0.933333337
4334 0.000000000 0.031250000 0.968750000
4335 0.000000000 0.951219499 0.048780486
4336 0.000000000 0.020408163 0.979591846
4337 0.000000000 0.031250000 0.968750000
4338 0.000000000 0.465940863 0.534059167
4339 0.000000000 0.943855941 0.056144059
4340 0.000000000 0.000000000 1.000000000
4341 0.000000000 0.965116262 0.034883723
4342 0.000000000 0.500000000 0.500000000
4343 0.000000000 0.500000000 0.500000000
4344 0.000000000 0.500000000 0.500000000
4345 0.000000000 0.500000000 0.500000000
4346 0.000000000 0.500000000 0.500000000
4347 0.000000000 0.500000000 0.500000000
4348 0.000000000 0.500000000 0.500000000
4349 0.000000000 0.500000000 0.500000000
4350 0.000000000 0.500000000 0.500000000
4351 0.000000000 0.500000000 0.500000000
4352 0.000000000 0.500000000 0.500000000
4353 0.000000000 0.500000000 0.500000000
4354 0.000000000 0.500000000 0.500000000
4355 0.000000000 0.500000000 0.500000000
4356 0.000000000 0.750000000 0.250000000
4357 0.000000000 0.750000000 0.250000000
4358 0.000000000 0.250000000 0.750000000
4359 0.000000000 0.500000000 0.500000000
4360 0.000000000 0.500000000 0.500000000
4361 0.000000000 0.166666672 0.833333313
4362 0.000000000 0.500000000 0.500000000
4363 0.000000000 0.500000000 0.500000000
4364 0.000000000 1.000000000 0.000000000
4365 0.000000000 0.500000000 0.500000000
4366 0.000000000 0.500000000 0.500000000
4367 0.000000000 0.166666672 0.833333313
4368 0.000000000 0.500000000 0.500000000
4369 0.000000000 0.500000000 0.500000000
4370 0.000000000 0.500000000 0.500000000
4371 0.000000000 0.500000000 0.500000000
4372 0.000000000 1.000000000 0.000000000
4373 0.000000000 0.500000000 0.500000000
4374 0.000000000 0.000000000 1.000000000
4375 0.000000000 0.500000000 0.500000000
4376 0.000000000 0.000000000 1.000000000
4377 0.000000000 0.500000000 0.500000000
4378 0.000000000 0.500000000 0.500000000
4379 0.000000000 0.500000000 0.500000000
4380 0.000000000 0.500000000 0.500000000
4381 0.000000000 0.500000000 0.500000000
4382 0.000000000 0.500000000 0.500000000
4383 0.000000000 0.500000000 0.500000000
4384 0.000000000 0.500000000 0.500000000
4385 0.000000000 0.500000000 0.500000000
4386 0.000000000 0.500000000 0.500000000
4387 0.000000000 0.500000000 0.500000000
4388 0.000000000 0.500000000 0.500000000
4389 0.000000000 0.500000000 0.500000000
4390 0.000000000 0.500000000 0.500000000
4391 0.000000000 0.500000000 0.500000000
4392 0.000000000 0.500000000 0.500000000
4393 0.000000000 0.500000000 0.500000000
4394 0.000000000 0.000000000 1.000000000
4395 0.000000000 0.500000000 0.500000000
4396 0.000000000 0.878787875 0.121212125
4397 0.000000000 0.470960140 0.529039860
4398 0.000000000 1.000000000 0.000000000
4399 0.000000000 1.000000000 0.000000000
4400 0.000000000 0.150000006 0.850000024
4401 0.000000000 0.500000000 0.500000000
4402 0.000000000 0.166666672 0.833333313
4403 0.000000000 1.000000000 0.000000000
4404 0.000000000 0.500000000 0.500000000
4405 0.000000000 0.000000000 1.000000000
4406 0.000000000 1.000000000 0.000000000
4407 0.000000000 0.466666669 0.533333361
4408 0.000000000 0.634849310 0.365150720
4409 0.000000000 0.946428597 0.053571429
4410 0.000000000 0.456989259 0.543010771
4411 0.000000000 0.469756395 0.530243635
4412 0.000000000 0.314285725 0.685714304
4413 0.000000000 0.946428597 0.053571429
4414 0.000000000 0.487935066 0.512064934
4415 0.000000000 0.166666672 0.833333313
4416 0.000000000 0.250000000 0.750000000
4417 0.000000000 0.748387098 0.251612902
4418 0.000000000 0.848214269 0.151785716
4419 0.000000000 0.585365832 0.414634138
4420 0.000000000 0.354844421 0.645155549
4421 0.000000000 0.750406802 0.249593183
4422 0.000000000 0.447531968 0.552468061
4423 0.000000000 0.489264488 0.510735512
4424 0.000000000 0.832547188 0.167452827
4425 0.000000000 0.198858082 0.801141918
4426 0.000000000 0.760922432 0.239077553
4427 0.000000000 0.318032652 0.681967378
4428 0.000000000 0.657605112 0.342394888
4429 0.000000000 0.500000000 0.500000000
4430 0.000000000 0.998062015 0.001937984
4431 0.000000000 0.325994641 0.674005330
4432 0.000000000 0.632166624 0.367833346
4433 0.000000000 0.876989663 0.123010337
4434 0.000000000 0.792057216 0.207942784
4435 0.000000000 0.992481232 0.007518797
4436 0.000000000 0.154933721 0.845066249
4437 0.000000000 0.513981462 0.486018509
4438 0.000000000 0.485568285 0.514431715
4439 0.000000000 0.015151516 0.984848499
4440 0.000000000 0.950854719 0.049145300
4441 0.000000000 0.922889590 0.077110387
4442 0.000000000 0.245502874 0.754497111
4443 0.000000000 0.500000000 0.500000000
4444 0.000000000 0.949324310 0.050675675
4445 0.000000000 0.896946549 0.103053436
4446 0.000000000 0.400398880 0.599601090
4447 0.000000000 0.986332595 0.013667426
4448 0.000000000 0.492872447 0.507127523
4449 0.000000000 0.045164045 0.954835951
4450 0.000000000 0.374689966 0.625310004
4451 0.000000000 0.666681111 0.333318889
4452 0.000000000 0.980549812 0.019450208
4453 0.000000000 0.399105102 0.600894928
4454 0.000000000 0.713257015 0.286742985
4455 0.000000000 0.693670809 0.306329161
4456 0.000000000 0.798136115 0.201863870
4457 0.000000000 0.009803922 0.990196049
4458 0.000000000 0.459888071 0.540111959
4459 0.000000000 0.008408409 0.991591573
4460 0.000000000 0.136673152 0.863326848
4461 0.000000000 0.107107840 0.892892182
4462 0.000000000 0.011605415 0.988394558
4463 0.000000000 0.002835306 0.997164667
4464 0.000000000 0.001476378 0.998523593
4465 0.000000000 0.000000000 1.000000000
4466 0.000000000 0.420817107 0.579182863
4467 0.000000000 0.000647249 0.999352753
4468 0.000000000 0.014314928 0.985685050
4469 0.000000000 0.000000000 1.000000000
4470 0.000000000 0.000994036 0.999005973
4471 0.000000000 0.002336449 0.997663558
4472 0.333333343 0.333333343 0.333333343
4473 0.333333343 0.333333343 0.333333343
4474 0.333333343 0.333333343 0.333333343
4475 0.333333343 0.333333343 0.333333343
4476 0.333333343 0.333333343 0.333333343
4477 0.333333343 0.333333343 0.333333343
4478 0.333333343 0.333333343 0.333333343
4479 0.333333343 0.333333343 0.333333343
4480 0.333333343 0.333333343 0.333333343
4481 0.333333343 0.333333343 0.333333343
4482 0.333333343 0.333333343 0.333333343
4483 0.333333343 0.333333343 0.333333343
4484 0.333333343 0.333333343 0.333333343
4485 1.000000000 0.000000000 0.000000000
4486 0.000000000 0.000000000 1.000000000
4487 0.842640996 0.000000000 0.157358974
4488 0.384615391 0.000000000 0.615384638
4489 1.000000000 0.000000000 0.000000000
4490 1.000000000 0.000000000 0.000000000
4491 0.401624769 0.000000000 0.598375201
4492 1.000000000 0.000000000 0.000000000
4493 1.000000000 0.000000000 0.000000000
4494 0.254781216 0.000000000 0.745218813
4495 0.000000000 0.000000000 1.000000000
4496 1.000000000 0.000000000 0.000000000
4497 0.409090906 0.000000000 0.590909064
4498 0.968253970 0.015873017 0.015873017
4499 0.311755866 0.013605442 0.674638689
4500 0.000000000 0.043478262 0.956521749
4501 0.936507940 0.031746034 0.031746034
4502 0.955555558 0.022222223 0.022222223
4503 0.958333313 0.020833334 0.020833334
4504 0.024390243 0.024390243 0.951219499
4505 0.688803911 0.019295612 0.291900516
4506 0.613963008 0.020833334 0.365203649
4507 0.408376127 0.012578616 0.579045236
4508 0.000000000 0.000000000 1.000000000
4509 1.000000000 0.000000000 0.000000000
4510 0.007751938 0.007751938 0.984496117
4511 0.333333343 0.333333343 0.333333343
4512 0.333333343 0.333333343 0.333333343
4513 0.333333343 0.333333343 0.333333343
4514 0.333333343 0.333333343 0.333333343
4515 0.333333343 0.333333343 0.333333343
4516 0.333333343 0.333333343 0.333333343
4517 0.333333343 0.333333343 0.333333343
4518 0.333333343 0.333333343 0.333333343
4519 0.333333343 0.333333343 0.333333343
4520 0.333333343 0.333333343 0.333333343
4521 0.333333343 0.333333343 0.333333343
4522 0.333333343 0.333333343 0.333333343
4523 0.333333343 0.333333343 0.333333343
4524 0.333333343 0.333333343 0.333333343
4525 0.333333343 0.333333343 0.333333343
4526 0.333333343 0.333333343 0.333333343
4527 0.333333343 0.333333343 0.333333343
4528 0.333333343 0.333333343 0.333333343
4529 0.333333343 0.333333343 0.333333343
4530 0.333333343 0.333333343 0.333333343
4531 0.333333343 0.333333343 0.333333343
4532 0.333333343 0.333333343 0.333333343
4533 1.000000000 0.000000000 0.000000000
4534 0.333333343 0.333333343 0.333333343
4535 0.333333343 0.333333343 0.333333343
4536 0.333333343 0.333333343 0.333333343
4537 0.333333343 0.333333343 0.333333343
4538 0.333333343 0.333333343 0.333333343
4539 0.333333343 0.333333343 0.333333343
4540 0.333333343 0.333333343 0.333333343
4541 0.333333343 0.333333343 0.333333343
4542 0.333333343 0.333333343 0.333333343
4543 0.333333343 0.333333343 0.333333343
4544 0.333333343 0.333333343 0.333333343
4545 0.333333343 0.333333343 0.333333343
4546 0.333333343 0.333333343 0.333333343
4547 0.333333343 0.333333343 0.333333343
4548 0.333333343 0.333333343 0.333333343
4549 0.333333343 0.333333343 0.333333343
4550 0.333333343 0.333333343 0.333333343
4551 0.333333343 0.333333343 0.333333343
4552 0.333333343 0.333333343 0.333333343
4553 0.333333343 0.333333343 0.333333343
4554 0.333333343 0.333333343 0.333333343
4555 0.333333343 0.333333343 0.333333343
4556 0.333333343 0.333333343 0.333333343
4557 0.333333343 0.333333343 0.333333343
4558 0.333333343 0.333333343 0.333333343
4559 0.333333343 0.333333343 0.333333343
4560 0.333333343 0.333333343 0.333333343
4561 0.333333343 0.333333343 0.333333343
4562 0.333333343 0.333333343 0.333333343
4563 0.000000000 0.000000000 1.000000000
4564 0.000000000 0.500000000 0.500000000
4565 1.000000000 0.000000000 0.000000000
4566 0.421052635 0.578947365 0.000000000
4567 0.333333343 0.333333343 0.333333343
4568 0.000000000 0.250000000 0.750000000
4569 0.000000000 0.500000000 0.500000000
4570 0.333333343 0.333333343 0.333333343
4571 0.407407403 0.296296299 0.296296299
4572 0.304347813 0.000000000 0.695652187
4573 1.000000000 0.000000000 0.000000000
4574 0.003067485 0.352760732 0.644171774
4575 0.000000000 0.000000000 1.000000000
4576 0.555555582 0.022222223 0.422222227
4577 0.763440847 0.118279569 0.118279569
4578 0.147604987 0.496740252 0.355654776
4579 0.483870953 0.064516127 0.451612890
4580 0.716666639 0.141666666 0.141666666
4581 0.418625504 0.172447860 0.408926606
4582 0.131305993 0.666313052 0.202380955
4583 0.279053390 0.156757280 0.564189315
4584 0.185185179 0.185185179 0.629629612
4585 0.033333335 0.317590028 0.649076641
4586 0.010752688 0.121639788 0.867607534
4587 0.607142866 0.196428567 0.196428567
4588 0.593495905 0.203252032 0.203252032
4589 0.000000000 0.661483228 0.338516742
4590 0.000000000 0.967505753 0.032494228
4591 0.330040067 0.635713339 0.034246575
4592 0.122279756 0.361994088 0.515726149
4593 0.948113203 0.000000000 0.051886793
4594 0.972000003 0.000000000 0.028000001
4595 0.901676774 0.091500595 0.006822612
4596 0.977591038 0.011204482 0.011204482
4597 1.000000000 0.000000000 0.000000000
4598 0.000000000 0.012500000 0.987500012
4599 0.522774100 0.428016573 0.049209289
4600 0.914008021 0.062182475 0.023809524
4601 0.000000000 0.000000000 1.000000000
4602 0.165798008 0.789661765 0.044540230
4603 0.790261865 0.166165128 0.043572985
4604 0.632148564 0.315219879 0.052631579
4605 0.557791352 0.382358015 0.059850663
4606 0.046697237 0.790288389 0.163014382
4607 0.230936825 0.694989085 0.074074075
4608 0.135913596 0.449043125 0.415043294
4609 0.503472209 0.445601851 0.050925925
4610 0.484115303 0.191554606 0.324330121
4611 0.516242564 0.421723098 0.062034339
4612 0.022222223 0.073036619 0.904741168
4613 0.224962533 0.100034036 0.675003409
4614 0.065171108 0.010178117 0.924650788
4615 0.061794862 0.625803530 0.312401623
4616 0.000759301 0.478340924 0.520899773
4617 0.001494768 0.973593652 0.024911564
4618 0.184446290 0.191431031 0.624122679
4619 0.002484831 0.756317377 0.241197780
4620 0.000000000 0.850081861 0.149918109
4621 0.192965820 0.617197752 0.189836428
4622 0.001716454 0.783669055 0.214614466
4623 0.253924072 0.725324929 0.020750988
4624 0.035466053 0.943496406 0.021037521
4625 0.637620509 0.349912316 0.012467192
4626 0.035014007 0.095169656 0.869816363
4627 0.062476080 0.037217759 0.900306165
4628 0.002402402 0.032132134 0.965465486
4629 0.000000000 0.004863813 0.995136201
4630 0.000000000 0.000980392 0.999019623
4631 0.007736944 0.856866539 0.135396525
4632 0.003944773 0.003944773 0.992110431
4633 0.008717660 0.363851845 0.627430499
4634 0.001400560 0.499299705 0.499299705
4635 0.002594034 0.082934238 0.914471745
4636 0.000000000 0.500000000 0.500000000
4637 0.007498296 0.012041426 0.980460286
4638 0.000000000 0.028997988 0.971001983
4639 0.000662691 0.001798731 0.997538567
4640 0.333333343 0.333333343 0.333333343
4641 0.333333343 0.333333343 0.333333343
4642 0.333333343 0.333333343 0.333333343
4643 0.333333343 0.333333343 0.333333343
4644 0.333333343 0.333333343 0.333333343
4645 0.333333343 0.333333343 0.333333343
4646 0.333333343 0.333333343 0.333333343
4647 0.333333343 0.333333343 0.333333343
4648 0.333333343 0.333333343 0.333333343
4649 0.333333343 0.333333343 0.333333343
4650 0.333333343 0.333333343 0.333333343
4651 0.333333343 0.333333343 0.333333343
4652 0.333333343 0.333333343 0.333333343
4653 0.333333343 0.333333343 0.333333343
4654 0.333333343 0.333333343 0.333333343
4655 0.333333343 0.333333343 0.333333343
4656 0.333333343 0.333333343 0.333333343
4657 0.333333343 0.333333343 0.333333343
4658 0.333333343 0.333333343 0.333333343
4659 0.333333343 0.333333343 0.333333343
4660 0.333333343 0.333333343 0.333333343
4661 0.333333343 0.333333343 0.333333343
4662 0.333333343 0.333333343 0.333333343
4663 0.333333343 0.333333343 0.333333343
4664 0.333333343 0.333333343 0.333333343
4665 0.333333343 0.333333343 0.333333343
4666 0.333333343 0.333333343 0.333333343
4667 0.333333343 0.333333343 0.333333343
4668 0.000000000 0.000000000 1.000000000
4669 0.333333343 0.333333343 0.333333343
4670 0.000000000 0.000000000 1.000000000
4671 0.333333343 0.333333343 0.333333343
4672 0.333333343 0.333333343 0.333333343
4673 0.333333343 0.333333343 0.333333343
4674 0.333333343 0.333333343 0.333333343
4675 0.333333343 0.333333343 0.333333343
4676 0.333333343 0.333333343 0.333333343
4677 0.333333343 0.333333343 0.333333343
4678 0.333333343 0.333333343 0.333333343
4679 0.333333343 0.333333343 0.333333343
4680 1.000000000 0.000000000 0.000000000
4681 0.727891147 0.059523810 0.212585032
4682 0.888888896 0.000000000 0.111111112
4683 0.037037037 0.037037037 0.925925910
4684 0.972222209 0.013888889 0.013888889
4685 1.000000000 0.000000000 0.000000000
4686 1.000000000 0.000000000 0.000000000
4687 0.977011502 0.011494253 0.011494253
4688 0.925925910 0.037037037 0.037037037
4689 0.826285601 0.000000000 0.173714414
4690 1.000000000 0.000000000 0.000000000
4691 0.933333337 0.033333335 0.033333335
4692 0.847140610 0.000000000 0.152859390
4693 0.333333343 0.333333343 0.333333343
4694 0.333333343 0.333333343 0.333333343
4695 0.333333343 0.333333343 0.333333343
4696 1.000000000 0.000000000 0.000000000
4697 0.333333343 0.333333343 0.333333343
4698 0.000000000 0.500000000 0.500000000
4699 0.333333343 0.333333343 0.333333343
4700 0.322082251 0.288329005 0.389588743
4701 0.333333343 0.333333343 0.333333343
4702 0.333333343 0.333333343 0.333333343
4703 0.333333343 0.333333343 0.333333343
4704 0.333333343 0.333333343 0.333333343
4705 0.333333343 0.333333343 0.333333343
4706 0.947916687 0.010416667 0.041666668
4707 0.025641026 0.025641026 0.948717952
4708 0.833333313 0.083333336 0.083333336
4709 0.907407403 0.046296295 0.046296295
4710 0.800000012 0.000000000 0.200000003
4711 0.000000000 0.000000000 1.000000000
4712 0.920000017 0.039999999 0.039999999
4713 0.328986913 0.069940142 0.601072967
4714 0.952380955 0.023809524 0.023809524
4715 0.809523821 0.095238097 0.095238097
4716 0.000000000 0.312500000 0.687500000
4717 0.909090936 0.000000000 0.090909094
4718 0.758932710 0.028985508 0.212081790
4719 0.333333343 0.333333343 0.333333343
4720 1.000000000 0.000000000 0.000000000
4721 0.333333343 0.333333343 0.333333343
4722 1.000000000 0.000000000 0.000000000
4723 0.333333343 0.333333343 0.333333343
4724 1.000000000 0.000000000 0.000000000
4725 0.000000000 0.000000000 1.000000000
4726 0.333333343 0.333333343 0.333333343
4727 1.000000000 0.000000000 0.000000000
4728 0.333333343 0.333333343 0.333333343
4729 0.333333343 0.333333343 0.333333343
4730 1.000000000 0.000000000 0.000000000
4731 1.000000000 0.000000000 0.000000000
4732 1.000000000 0.000000000 0.000000000
4733 0.560606062 0.242424250 0.196969703
4734 0.101522893 0.000000000 0.898477077
4735 0.939393938 0.030303031 0.030303031
4736 0.727272749 0.136363640 0.136363640
4737 0.677777767 0.077777781 0.244444445
4738 0.375000000 0.000000000 0.625000000
4739 0.333333343 0.333333343 0.333333343
4740 0.421052635 0.052631579 0.526315808
4741 0.388888896 0.305555552 0.305555552
4742 0.893333316 0.053333335 0.053333335
4743 0.753086448 0.123456791 0.123456791
4744 0.436183095 0.236111104 0.327705801
4745 0.531914890 0.382978737 0.085106380
4746 0.595959604 0.202020198 0.202020198
4747 0.603174627 0.198412701 0.198412701
4748 0.541666687 0.000000000 0.458333343
4749 1.000000000 0.000000000 0.000000000
4750 0.574056447 0.089668468 0.336275101
4751 0.465693027 0.235310987 0.298996001
4752 1.000000000 0.000000000 0.000000000
4753 0.333333343 0.333333343 0.333333343
4754 0.645833313 0.177083328 0.177083328
4755 0.333333343 0.333333343 0.333333343
4756 0.441035151 0.000000000 0.558964849
4757 0.559139788 0.010752688 0.430107534
4758 0.944444418 0.027777778 0.027777778
4759 0.428571433 0.278040200 0.293388367
4760 0.777777791 0.111111112 0.111111112
4761 0.551658750 0.254304349 0.194036916
4762 0.777124643 0.117302343 0.105572999
4763 1.000000000 0.000000000 0.000000000
4764 0.818756580 0.054794520 0.126448900
4765 0.765998244 0.188547224 0.045454547
4766 0.925925910 0.037037037 0.037037037
4767 0.000000000 0.000000000 1.000000000
4768 0.333333343 0.333333343 0.333333343
4769 0.865989327 0.108369619 0.025641026
4770 0.824561417 0.087719299 0.087719299
4771 0.891552925 0.016473837 0.091973245
4772 0.737942040 0.197937250 0.064120695
4773 0.672221303 0.047793500 0.279985219
4774 0.658180714 0.162202299 0.179616988
4775 0.491985440 0.478021085 0.029993473
4776 0.331809491 0.542362690 0.125827819
4777 0.410620034 0.535116434 0.054263566
4778 0.286564320 0.618615150 0.094820507
4779 0.442977846 0.552009642 0.005012531
4780 0.916793466 0.005089059 0.078117445
4781 0.011494253 0.033437826 0.955067933
4782 0.655126929 0.132609472 0.212263614
4783 0.441666663 0.303772211 0.254561126
4784 0.000000000 1.000000000 0.000000000
4785 0.333333343 0.333333343 0.333333343
4786 0.333333343 0.333333343 0.333333343
4787 0.369747967 0.371620417 0.258631617
4788 0.000000000 0.176524729 0.823475242
4789 0.333333343 0.333333343 0.333333343
4790 0.000000000 0.000000000 1.000000000
4791 0.000000000 0.500000000 0.500000000
4792 0.000000000 0.000000000 1.000000000
4793 0.000000000 0.000000000 1.000000000
4794 0.045454547 0.045454547 0.909090936
4795 0.037037037 0.175925925 0.787037015
4796 0.000000000 0.714285731 0.285714298
4797 0.023809524 0.023809524 0.952380955
4798 0.000000000 0.138888896 0.861111104
4799 0.000000000 0.000000000 1.000000000
4800 0.015873017 0.015873017 0.968253970
4801 0.333333343 0.333333343 0.333333343
4802 0.070921987 0.070921987 0.858156025
4803 0.052287582 0.052287582 0.895424843
4804 0.111111112 0.111111112 0.777777791
4805 0.000000000 0.000000000 1.000000000
4806 0.007017544 0.013596491 0.979385972
4807 0.200000003 0.200000003 0.600000024
4808 0.019230770 0.531770527 0.448998690
4809 0.000000000 0.321428567 0.678571403
4810 0.500000000 0.500000000 0.000000000
4811 0.500000000 0.500000000 0.000000000
4812 0.500000000 0.500000000 0.000000000
4813 0.500000000 0.500000000 0.000000000
4814 0.500000000 0.500000000 0.000000000
4815 0.500000000 0.500000000 0.000000000
4816 0.500000000 0.500000000 0.000000000
4817 0.500000000 0.500000000 0.000000000
4818 0.500000000 0.500000000 0.000000000
4819 0.500000000 0.500000000 0.000000000
4820 0.500000000 0.500000000 0.000000000
4821 0.500000000 0.500000000 0.000000000
4822 0.500000000 0.500000000 0.000000000
4823 0.500000000 0.500000000 0.000000000
4824 0.500000000 0.500000000 0.000000000
4825 0.500000000 0.500000000 0.000000000
4826 0.500000000 0.500000000 0.000000000
4827 0.500000000 0.500000000 0.000000000
4828 0.500000000 0.500000000 0.000000000
4829 0.500000000 0.500000000 0.000000000
4830 0.500000000 0.500000000 0.000000000
4831 0.500000000 0.500000000 0.000000000
4832 0.500000000 0.500000000 0.000000000
4833 0.500000000 0.500000000 0.000000000
4834 0.500000000 0.500000000 0.000000000
4835 0.500000000 0.500000000 0.000000000
4836 0.500000000 0.500000000 0.000000000
4837 0.500000000 0.500000000 0.000000000
4838 0.500000000 0.500000000 0.000000000
4839 0.500000000 0.500000000 0.000000000
4840 0.500000000 0.500000000 0.000000000
4841 0.500000000 0.500000000 0.000000000
4842 0.500000000 0.500000000 0.000000000
4843 0.500000000 0.500000000 0.000000000
4844 0.500000000 0.500000000 0.000000000
4845 0.500000000 0.500000000 0.000000000
4846 0.500000000 0.500000000 0.000000000
4847 0.500000000 0.500000000 0.000000000
4848 0.500000000 0.500000000 0.000000000
4849 0.500000000 0.500000000 0.000000000
4850 0.972222209 0.027777778 0.000000000
4851 1.000000000 0.000000000 0.000000000
4852 0.000000000 1.000000000 0.000000000
4853 0.500000000 0.500000000 0.000000000
4854 0.500000000 0.500000000 0.000000000
4855 0.500000000 0.500000000 0.000000000
4856 0.500000000 0.500000000 0.000000000
4857 1.000000000 0.000000000 0.000000000
4858 0.500000000 0.500000000 0.000000000
4859 0.928571403 0.071428575 0.000000000
4860 1.000000000 0.000000000 0.000000000
4861 0.500000000 0.500000000 0.000000000
4862 0.500000000 0.500000000 0.000000000
4863 0.750000000 0.250000000 0.000000000
4864 0.500000000 0.500000000 0.000000000
4865 0.500000000 0.500000000 0.000000000
4866 0.500000000 0.500000000 0.000000000
4867 0.500000000 0.500000000 0.000000000
4868 0.500000000 0.500000000 0.000000000
4869 0.500000000 0.500000000 0.000000000
4870 0.500000000 0.500000000 0.000000000
4871 1.000000000 0.000000000 0.000000000
4872 0.500000000 0.500000000 0.000000000
4873 1.000000000 0.000000000 0.000000000
4874 0.500000000 0.500000000 0.000000000
4875 0.500000000 0.500000000 0.000000000
4876 0.600000024 0.400000006 0.000000000
4877 0.916666687 0.083333336 0.000000000
4878 0.500000000 0.500000000 0.000000000
4879 0.500000000 0.500000000 0.000000000
4880 0.100000001 0.899999976 0.000000000
4881 0.500000000 0.500000000 0.000000000
4882 1.000000000 0.000000000 0.000000000
4883 0.500000000 0.500000000 0.000000000
4884 0.928571403 0.071428575 0.000000000
4885 0.930346489 0.069653526 0.000000000
4886 0.500000000 0.500000000 0.000000000
4887 0.500000000 0.500000000 0.000000000
4888 0.500000000 0.500000000 0.000000000
4889 1.000000000 0.000000000 0.000000000
4890 0.500000000 0.500000000 0.000000000
4891 0.500000000 0.500000000 0.000000000
4892 0.500000000 0.500000000 0.000000000
4893 0.500000000 0.500000000 0.000000000
4894 0.500000000 0.500000000 0.000000000
4895 1.000000000 0.000000000 0.000000000
4896 0.500000000 0.500000000 0.000000000
4897 1.000000000 0.000000000 0.000000000
4898 0.557564020 0.442435980 0.000000000
4899 0.500000000 0.500000000 0.000000000
4900 0.500000000 0.500000000 0.000000000
4901 0.673913062 0.326086968 0.000000000
4902 0.750000000 0.250000000 0.000000000
4903 0.600000024 0.400000006 0.000000000
4904 0.805555582 0.194444448 0.000000000
4905 0.500000000 0.500000000 0.000000000
4906 0.500000000 0.500000000 0.000000000
4907 0.000000000 1.000000000 0.000000000
4908 0.176470593 0.823529422 0.000000000
4909 0.500000000 0.500000000 0.000000000
4910 0.818181813 0.181818187 0.000000000
4911 0.500000000 0.500000000 0.000000000
4912 0.500000000 0.500000000 0.000000000
4913 0.500000000 0.500000000 0.000000000
4914 0.500000000 0.500000000 0.000000000
4915 1.000000000 0.000000000 0.000000000
4916 0.500000000 0.500000000 0.000000000
4917 0.500000000 0.500000000 0.000000000
4918 0.725000024 0.275000006 0.000000000
4919 0.041666668 0.958333313 0.000000000
4920 0.500000000 0.500000000 0.000000000
4921 1.000000000 0.000000000 0.000000000
4922 0.000000000 1.000000000 0.000000000
4923 0.870370388 0.129629627 0.000000000
4924 0.833333313 0.166666672 0.000000000
4925 0.500000000 0.500000000 0.000000000
4926 0.500000000 0.500000000 0.000000000
4927 0.125000000 0.875000000 0.000000000
4928 0.142857149 0.857142866 0.000000000
4929 0.071428575 0.928571403 0.000000000
4930 0.500000000 0.500000000 0.000000000
4931 0.785714269 0.214285716 0.000000000
4932 0.500000000 0.500000000 0.000000000
4933 0.500000000 0.500000000 0.000000000
4934 0.035714287 0.964285731 0.000000000
4935 0.500000000 0.500000000 0.000000000
4936 0.000000000 1.000000000 0.000000000
4937 0.718750000 0.281250000 0.000000000
4938 0.500000000 0.500000000 0.000000000
4939 0.500000000 0.500000000 0.000000000
4940 0.079999998 0.920000017 0.000000000
4941 0.014285714 0.985714257 0.000000000
4942 0.476682186 0.523317814 0.000000000
4943 0.468432486 0.531567514 0.000000000
4944 0.014285714 0.985714257 0.000000000
4945 0.500000000 0.500000000 0.000000000
4946 0.750000000 0.250000000 0.000000000
4947 0.200000003 0.800000012 0.000000000
4948 0.875000000 0.125000000 0.000000000
4949 0.088235296 0.911764681 0.000000000
4950 0.055555556 0.944444418 0.000000000
4951 0.116279073 0.883720934 0.000000000
4952 0.500000000 0.500000000 0.000000000
4953 0.107638888 0.892361104 0.000000000
4954 0.142857149 0.857142866 0.000000000
4955 0.038461540 0.961538434 0.000000000
4956 0.500000000 0.500000000 0.000000000
4957 0.500000000 0.500000000 0.000000000
4958 0.000000000 1.000000000 0.000000000
4959 0.500000000 0.500000000 0.000000000
4960 0.125000000 0.875000000 0.000000000
4961 0.500000000 0.500000000 0.000000000
4962 0.145833328 0.854166687 0.000000000
4963 0.500000000 0.500000000 0.000000000
4964 0.000000000 1.000000000 0.000000000
4965 0.826086938 0.173913047 0.000000000
4966 0.000000000 1.000000000 0.000000000
4967 0.000000000 1.000000000 0.000000000
4968 0.000000000 1.000000000 0.000000000
4969 0.017751480 0.982248545 0.000000000
4970 0.000000000 1.000000000 0.000000000
4971 0.029411765 0.970588207 0.000000000
4972 0.012096774 0.987903237 0.000000000
4973 0.000000000 1.000000000 0.000000000
4974 0.000000000 1.000000000 0.000000000
4975 0.024691358 0.975308657 0.000000000
4976 0.000000000 1.000000000 0.000000000
4977 0.032051284 0.967948735 0.000000000
4978 0.000000000 1.000000000 0.000000000
4979 0.500000000 0.500000000 0.000000000
4980 0.500000000 0.500000000 0.000000000
4981 0.500000000 0.500000000 0.000000000
4982 0.500000000 0.500000000 0.000000000
4983 0.500000000 0.500000000 0.000000000
4984 0.500000000 0.500000000 0.000000000
4985 0.500000000 0.500000000 0.000000000
4986 0.500000000 0.500000000 0.000000000
4987 0.500000000 0.500000000 0.000000000
4988 0.500000000 0.500000000 0.000000000
4989 0.500000000 0.500000000 0.000000000
4990 0.500000000 0.500000000 0.000000000
4991 0.500000000 0.500000000 0.000000000
4992 1.000000000 0.000000000 0.000000000
4993 0.000000000 1.000000000 0.000000000
4994 1.000000000 0.000000000 0.000000000
4995 1.000000000 0.000000000 0.000000000
4996 1.000000000 0.000000000 0.000000000
4997 1.000000000 0.000000000 0.000000000
4998 1.000000000 0.000000000 0.000000000
4999 1.000000000 0.000000000 0.000000000
5000 1.000000000 0.000000000 0.000000000
5001 1.000000000 0.000000000 0.000000000
5002 0.500000000 0.500000000 0.000000000
5003 1.000000000 0.000000000 0.000000000
5004 1.000000000 0.000000000 0.000000000
5005 0.987804890 0.012195121 0.000000000
5006 0.983333349 0.016666668 0.000000000
5007 0.022727273 0.977272749 0.000000000
5008 0.963414609 0.036585364 0.000000000
5009 1.000000000 0.000000000 0.000000000
5010 1.000000000 0.000000000 0.000000000
5011 0.500000000 0.500000000 0.000000000
5012 0.979591846 0.020408163 0.000000000
5013 0.989130437 0.010869565 0.000000000
5014 1.000000000 0.000000000 0.000000000
5015 0.666666687 0.333333343 0.000000000
5016 1.000000000 0.000000000 0.000000000
5017 0.500000000 0.500000000 0.000000000
5018 0.500000000 0.500000000 0.000000000
5019 0.500000000 0.500000000 0.000000000
5020 0.500000000 0.500000000 0.000000000
5021 0.500000000 0.500000000 0.000000000
5022 0.500000000 0.500000000 0.000000000
5023 0.500000000 0.500000000 0.000000000
5024 0.500000000 0.500000000 0.000000000
5025 0.500000000 0.500000000 0.000000000
5026 0.500000000 0.500000000 0.000000000
5027 0.500000000 0.500000000 0.000000000
5028 0.500000000 0.500000000 0.000000000
5029 0.500000000 0.500000000 0.000000000
5030 0.500000000 0.500000000 0.000000000
5031 0.500000000 0.500000000 0.000000000
5032 1.000000000 0.000000000 0.000000000
5033 0.500000000 0.500000000 0.000000000
5034 0.750000000 0.250000000 0.000000000
5035 0.500000000 0.500000000 0.000000000
5036 0.500000000 0.500000000 0.000000000
5037 0.500000000 0.500000000 0.000000000
5038 0.500000000 0.500000000 0.000000000
5039 0.500000000 0.500000000 0.000000000
5040 0.500000000 0.500000000 0.000000000
5041 0.500000000 0.500000000 0.000000000
5042 0.500000000 0.500000000 0.000000000
5043 1.000000000 0.000000000 0.000000000
5044 0.500000000 0.500000000 0.000000000
5045 0.500000000 0.500000000 0.000000000
5046 0.500000000 0.500000000 0.000000000
5047 0.500000000 0.500000000 0.000000000
5048 0.500000000 0.500000000 0.000000000
5049 0.500000000 0.500000000 0.000000000
5050 0.500000000 0.500000000 0.000000000
5051 0.500000000 0.500000000 0.000000000
5052 0.500000000 0.500000000 0.000000000
5053 0.500000000 0.500000000 0.000000000
5054 0.500000000 0.500000000 0.000000000
5055 0.500000000 0.500000000 0.000000000
5056 0.500000000 0.500000000 0.000000000
5057 0.500000000 0.500000000 0.000000000
5058 0.500000000 0.500000000 0.000000000
5059 0.500000000 0.500000000 0.000000000
5060 0.500000000 0.500000000 0.000000000
5061 0.500000000 0.500000000 0.000000000
5062 0.500000000 0.500000000 0.000000000
5063 0.500000000 0.500000000 0.000000000
5064 0.500000000 0.500000000 0.000000000
5065 0.500000000 0.500000000 0.000000000
5066 0.500000000 0.500000000 0.000000000
5067 0.500000000 0.500000000 0.000000000
5068 0.500000000 0.500000000 0.000000000
5069 0.500000000 0.500000000 0.000000000
5070 0.500000000 0.500000000 0.000000000
5071 0.500000000 0.500000000 0.000000000
5072 1.000000000 0.000000000 0.000000000
5073 0.000000000 1.000000000 0.000000000
5074 0.500000000 0.500000000 0.000000000
5075 0.500000000 0.500000000 0.000000000
5076 0.000000000 1.000000000 0.000000000
5077 0.500000000 0.500000000 0.000000000
5078 1.000000000 0.000000000 0.000000000
5079 0.500000000 0.500000000 0.000000000
5080 0.500000000 0.500000000 0.000000000
5081 0.500000000 0.500000000 0.000000000
5082 0.500000000 0.500000000 0.000000000
5083 0.000000000 1.000000000 0.000000000
5084 0.000000000 1.000000000 0.000000000
5085 0.500000000 0.500000000 0.000000000
5086 0.031250000 0.968750000 0.000000000
5087 0.000000000 1.000000000 0.000000000
5088 1.000000000 0.000000000 0.000000000
5089 0.500000000 0.500000000 0.000000000
5090 0.638888896 0.361111104 0.000000000
5091 0.125000000 0.875000000 0.000000000
5092 0.644658744 0.355341256 0.000000000
5093 0.062500000 0.937500000 0.000000000
5094 1.000000000 0.000000000 0.000000000
5095 0.500000000 0.500000000 0.000000000
5096 0.820460439 0.179539546 0.000000000
5097 0.000000000 1.000000000 0.000000000
5098 0.000000000 1.000000000 0.000000000
5099 0.977099240 0.022900764 0.000000000
5100 0.926470578 0.073529415 0.000000000
5101 1.000000000 0.000000000 0.000000000
5102 0.000000000 1.000000000 0.000000000
5103 0.990625024 0.009375000 0.000000000
5104 0.103656508 0.896343470 0.000000000
5105 0.500000000 0.500000000 0.000000000
5106 0.500000000 0.500000000 0.000000000
5107 0.000000000 1.000000000 0.000000000
5108 0.000000000 1.000000000 0.000000000
5109 0.177660465 0.822339535 0.000000000
5110 0.100000001 0.899999976 0.000000000
5111 0.500000000 0.500000000 0.000000000
5112 0.007352941 0.992647052 0.000000000
5113 0.006493506 0.993506491 0.000000000
5114 0.213675216 0.786324799 0.000000000
5115 0.015267176 0.984732807 0.000000000
5116 0.000000000 1.000000000 0.000000000
5117 0.035714287 0.964285731 0.000000000
5118 0.752578974 0.247421041 0.000000000
5119 0.500000000 0.500000000 0.000000000
5120 0.500000000 0.500000000 0.000000000
5121 0.000000000 1.000000000 0.000000000
5122 0.010563380 0.989436626 0.000000000
5123 1.000000000 0.000000000 0.000000000
5124 0.002232143 0.997767866 0.000000000
5125 0.000000000 1.000000000 0.000000000
5126 0.023437500 0.976562500 0.000000000
5127 0.000000000 1.000000000 0.000000000
5128 0.000000000 1.000000000 0.000000000
5129 0.000000000 1.000000000 0.000000000
5130 0.025547445 0.974452555 0.000000000
5131 0.026490066 0.973509908 0.000000000
5132 0.000000000 1.000000000 0.000000000
5133 0.006329114 0.993670881 0.000000000
5134 0.005244755 0.994755268 0.000000000
5135 0.004545454 0.995454550 0.000000000
5136 0.004494382 0.995505631 0.000000000
5137 0.004385965 0.995614052 0.000000000
5138 0.005870841 0.994129181 0.000000000
5139 0.000988142 0.999011874 0.000000000
5140 0.000000000 1.000000000 0.000000000
5141 0.002100840 0.997899175 0.000000000
5142 0.001706485 0.998293519 0.000000000
5143 0.004854369 0.995145619 0.000000000
5144 0.004149378 0.995850623 0.000000000
5145 0.000000000 1.000000000 0.000000000
5146 0.002982107 0.997017920 0.000000000
5147 0.007042253 0.992957771 0.000000000
