0 0.000000000 0.747590423 0.252409577
1 0.000000000 0.643046737 0.356953263
2 0.000000000 0.704088628 0.295911402
3 0.000000000 0.880580842 0.119419172
4 0.000000000 0.947027624 0.052972373
5 0.000000000 0.993828297 0.006171695
6 0.000000000 0.941950798 0.058049202
7 0.000000000 0.920306683 0.079693340
8 0.000000000 0.883954883 0.116045095
9 0.000000000 0.826890469 0.173109517
10 0.000000000 0.796509981 0.203490004
11 0.000000000 0.446008921 0.553991079
12 0.000000000 0.492231071 0.507768929
13 0.000000000 0.234543055 0.765456975
14 0.000000000 0.327566922 0.672433078
15 0.000000000 0.617087483 0.382912546
16 0.000000000 0.654328346 0.345671654
17 0.000000000 0.944331169 0.055668827
18 0.000000000 0.936728120 0.063271910
19 0.000000000 0.970163643 0.029836336
20 0.000000000 0.905247331 0.094752684
21 0.000000000 0.852686465 0.147313535
22 0.000000000 0.573797464 0.426202506
23 0.000000000 0.524442852 0.475557119
24 0.000000000 0.335997820 0.664002180
25 0.000000000 0.055790845 0.944209158
26 0.874162316 0.060427576 0.065410115
27 0.843121052 0.068796702 0.088082276
28 0.885432482 0.089263417 0.025304129
29 0.803819358 0.133657813 0.062522851
30 0.689032972 0.199882925 0.111084104
31 0.676698506 0.209336072 0.113965392
32 0.552162528 0.325090766 0.122746684
33 0.449214935 0.540425122 0.010359952
34 0.478161901 0.477725416 0.044112660
35 0.128791764 0.765319467 0.105888784
36 0.003101662 0.786256850 0.210641503
37 0.000000000 0.823203981 0.176795989
38 0.000000000 0.424968064 0.575031936
39 0.983099401 0.000000000 0.016900592
40 0.983119845 0.000000000 0.016880134
41 0.946601808 0.027780604 0.025617566
42 0.895745575 0.065408304 0.038846113
43 0.824858725 0.142472416 0.032668874
44 0.724144697 0.264193654 0.011661617
45 0.463285029 0.523185313 0.013529659
46 0.468318224 0.486332893 0.045348879
47 0.411899835 0.534457386 0.053642787
48 0.202836141 0.681517839 0.115646027
49 0.000000000 0.830385625 0.169614345
50 0.000000000 0.869495213 0.130504772
51 0.000000000 0.413173229 0.586826801
52 0.879005492 0.120994516 0.000000000
53 0.947772622 0.052227382 0.000000000
54 0.900645316 0.099354677 0.000000000
55 0.969045341 0.030954653 0.000000000
56 0.853568852 0.146431163 0.000000000
57 0.724499762 0.275500268 0.000000000
58 0.539098382 0.460901648 0.000000000
59 0.457950920 0.542049050 0.000000000
60 0.215115994 0.784883976 0.000000000
61 0.374297380 0.625702620 0.000000000
62 0.000050248 0.999949753 0.000000000
63 0.000000000 1.000000000 0.000000000
64 0.000000000 1.000000000 0.000000000
65 0.827008843 0.172991171 0.000000000
66 0.844315290 0.155684710 0.000000000
67 0.840149045 0.159850925 0.000000000
68 0.702442050 0.297557980 0.000000000
69 0.944866955 0.055133048 0.000000000
70 0.693334401 0.306665599 0.000000000
71 0.629094779 0.370905191 0.000000000
72 0.330716074 0.669283926 0.000000000
73 0.039940063 0.960059941 0.000000000
74 0.000000000 1.000000000 0.000000000
75 0.000000000 1.000000000 0.000000000
76 0.000000000 1.000000000 0.000000000
77 0.000000000 1.000000000 0.000000000
78 0.000000000 0.469032139 0.530967891
79 0.000000000 0.656177104 0.343822896
80 0.000000000 0.667919815 0.332080156
81 0.000000000 0.625505388 0.374494612
82 0.000000000 0.633654296 0.366345733
83 0.000000000 0.643492997 0.356506974
84 0.000000000 0.672575951 0.327424020
85 0.000000000 0.592950463 0.407049567
86 0.000000000 0.658491373 0.341508657
87 0.000000000 0.626077116 0.373922884
88 0.000000000 0.772024333 0.227975681
89 0.000000000 0.541052699 0.458947301
90 0.000000000 0.758099794 0.241900191
91 0.000000000 0.615227640 0.384772390
92 0.000000000 0.480807215 0.519192755
93 0.000000000 0.624226987 0.375773042
94 0.000000000 0.596036255 0.403963745
95 0.000000000 0.650535583 0.349464417
96 0.000000000 0.619296730 0.380703270
97 0.000000000 0.725089431 0.274910569
98 0.000000000 0.631256759 0.368743211
99 0.000000000 0.629692078 0.370307952
100 0.000000000 0.637072980 0.362927020
101 0.000000000 0.764318109 0.235681891
102 0.000000000 0.655113459 0.344886512
103 0.000000000 0.827108026 0.172891974
104 0.000000000 0.744039297 0.255960703
105 0.000000000 0.746748805 0.253251225
106 0.000000000 0.364254117 0.635745883
107 0.000000000 0.773874521 0.226125494
108 0.000000000 0.866816401 0.133183584
109 0.000000000 0.826843321 0.173156679
110 0.000000000 0.945390940 0.054609079
111 0.000000000 0.750794649 0.249205381
112 0.000000000 0.851815522 0.148184478
113 0.000000000 0.848107457 0.151892528
114 0.000000000 0.914098799 0.085901208
115 0.000000000 0.886389136 0.113610856
116 0.000000000 0.926546454 0.073453516
117 0.000000000 0.804376602 0.195623398
118 0.000000000 0.798932254 0.201067746
119 0.000000000 0.816792011 0.183207974
120 0.000000000 0.474044740 0.525955260
121 0.000000000 0.922674716 0.077325284
122 0.000000000 0.881456614 0.118543409
123 0.000000000 0.973072052 0.026927974
124 0.000000000 0.818975985 0.181024015
125 0.000000000 0.954536498 0.045463488
126 0.000000000 0.895540476 0.104459509
127 0.000000000 0.945334435 0.054665584
128 0.000000000 0.934682846 0.065317184
129 0.000000000 0.947268486 0.052731507
130 0.000000000 0.916766107 0.083233871
131 0.000000000 0.914959729 0.085040256
132 0.000000000 0.883030057 0.116969973
133 0.000000000 0.901472926 0.098527081
134 0.000000000 0.430510551 0.569489479
135 0.000000000 0.959332287 0.040667705
136 0.000000000 0.986540437 0.013459555
137 0.000000000 0.947672725 0.052327290
138 0.000000000 0.956715882 0.043284114
139 0.000000000 0.947461545 0.052538462
140 0.000000000 0.971278489 0.028721521
141 0.000000000 0.983263433 0.016736548
142 0.000000000 0.975415826 0.024584146
143 0.000000000 0.930652499 0.069347478
144 0.000000000 0.900120258 0.099879734
145 0.000000000 0.925052464 0.074947543
146 0.000000000 0.913303256 0.086696729
147 0.000000000 0.931478024 0.068521984
148 0.000000000 0.541056991 0.458942980
149 0.000000000 0.982288003 0.017712018
150 0.000000000 0.901171088 0.098828889
151 0.000000000 0.932820261 0.067179732
152 0.000000000 0.959681213 0.040318798
153 0.000000000 0.947649360 0.052350625
154 0.000000000 0.968325496 0.031674493
155 0.000000000 0.938513637 0.061486375
156 0.000000000 0.974373341 0.025626648
157 0.000000000 0.937775612 0.062224399
158 0.000000000 0.956402004 0.043598007
159 0.000000000 0.975892365 0.024107657
160 0.000000000 0.997184396 0.002815589
161 0.000000000 0.997037768 0.002962213
162 0.000000000 0.513428509 0.486571521
163 0.000000000 0.983026087 0.016973894
164 0.000000000 0.977633297 0.022366678
165 0.000000000 0.986809611 0.013190398
166 0.000000000 0.994720578 0.005279439
167 0.000000000 0.964418888 0.035581093
168 0.000000000 0.929306686 0.070693322
169 0.000000000 0.960458100 0.039541900
170 0.000000000 0.958564341 0.041435681
171 0.000000000 0.994620800 0.005379180
172 0.000000000 0.954509199 0.045490801
173 0.000000000 0.972100019 0.027899969
174 0.000000000 0.999590576 0.000409411
175 0.000000000 0.999639750 0.000360254
176 0.000000000 0.460996747 0.539003253
177 0.000000000 0.941254735 0.058745291
178 0.000000000 0.956601799 0.043398224
179 0.000000000 0.937701404 0.062298585
180 0.000000000 0.941618562 0.058381442
181 0.000000000 0.925712883 0.074287124
182 0.000000000 0.985036254 0.014963766
183 0.000000000 0.912775874 0.087224104
184 0.000000000 0.967023969 0.032976024
185 0.000000000 0.947843790 0.052156188
186 0.000000000 0.987111449 0.012888566
187 0.000000000 0.961820662 0.038179323
188 0.000000000 0.999616444 0.000383582
189 0.000000000 0.926050901 0.073949113
190 0.000000000 0.360838592 0.639161408
191 0.000000000 0.941451252 0.058548748
192 0.000000000 0.968894839 0.031105161
193 0.000000000 0.939241409 0.060758572
194 0.000000000 0.895681500 0.104318485
195 0.000000000 0.894344091 0.105655931
196 0.000000000 0.797558129 0.202441871
197 0.000000000 0.856028140 0.143971860
198 0.000000000 0.802766740 0.197233260
199 0.000000000 0.858208179 0.141791850
200 0.000000000 0.810704648 0.189295381
201 0.000000000 0.907266617 0.092733406
202 0.000000000 0.800274014 0.199726015
203 0.000000000 0.776863396 0.223136574
204 0.000000000 0.458471209 0.541528761
205 0.000000000 0.725108743 0.274891227
206 0.000000000 0.644093812 0.355906188
207 0.000000000 0.688149989 0.311850011
208 0.000000000 0.568140686 0.431859314
209 0.000000000 0.543839157 0.456160843
210 0.000000000 0.543390274 0.456609696
211 0.000000000 0.483422637 0.516577363
212 0.000000000 0.593119323 0.406880677
213 0.000000000 0.586203754 0.413796246
214 0.000000000 0.705017865 0.294982165
215 0.000000000 0.522228181 0.477771789
216 0.000000000 0.502848864 0.497151136
217 0.000000000 0.607869267 0.392130762
218 0.000000000 0.225806788 0.774193227
219 0.000000000 0.355370551 0.644629419
220 0.000000000 0.419312298 0.580687702
221 0.000000000 0.354206771 0.645793200
222 0.000000000 0.421491385 0.578508615
223 0.000000000 0.363109320 0.636890709
224 0.000000000 0.317340463 0.682659507
225 0.000000000 0.274231464 0.725768566
226 0.000000000 0.449960083 0.550039947
227 0.000000000 0.359869778 0.640130222
228 0.000000000 0.342117488 0.657882512
229 0.000000000 0.336873174 0.663126826
230 0.000000000 0.397213846 0.602786124
231 0.000000000 0.413913339 0.586086631
232 0.000000000 0.188889742 0.811110258
233 0.000000000 0.244945437 0.755054533
234 0.000000000 0.451861531 0.548138499
235 0.000000000 0.343823582 0.656176388
236 0.000000000 0.285505414 0.714494586
237 0.000000000 0.306808174 0.693191826
238 0.000000000 0.228995577 0.771004438
239 0.000000000 0.283715338 0.716284692
240 0.000000000 0.275508285 0.724491715
241 0.000000000 0.280810595 0.719189405
242 0.000000000 0.275990725 0.724009275
243 0.000000000 0.370084226 0.629915774
244 0.000000000 0.228003010 0.771996975
245 0.000000000 0.271648377 0.728351593
246 0.000000000 0.247398466 0.752601564
247 0.000000000 0.000066498 0.999933481
248 0.000000000 0.287208468 0.712791502
249 0.000000000 0.214870989 0.785129011
250 0.000000000 0.229755923 0.770244062
251 0.000000000 0.153711215 0.846288800
252 0.000000000 0.241360590 0.758639395
253 0.000000000 0.305126876 0.694873154
254 0.000000000 0.293838173 0.706161857
255 0.000000000 0.144267991 0.855732024
256 0.000000000 0.233993128 0.766006887
257 0.000000000 0.245791152 0.754208863
258 0.000000000 0.212845191 0.787154794
259 0.000000000 0.406571805 0.593428195
260 0.000000000 0.257544547 0.742455423
261 0.000000000 0.000103183 0.999896824
262 0.000000000 0.260680854 0.739319146
263 0.000000000 0.307243764 0.692756236
264 0.000000000 0.300158203 0.699841797
265 0.000000000 0.383904517 0.616095483
266 0.000000000 0.608202517 0.391797483
267 0.000000000 0.277030230 0.722969770
268 0.000000000 0.234853312 0.765146673
269 0.000000000 0.255699605 0.744300365
270 0.000000000 0.396777809 0.603222191
271 0.000000000 0.243105605 0.756894410
272 0.000000000 0.516665816 0.483334154
273 0.000000000 0.416872054 0.583127975
274 0.000000000 0.683840334 0.316159666
275 0.000000000 0.000014382 0.999985635
276 0.000000000 0.515779853 0.484220147
277 0.000000000 0.511462510 0.488537490
278 0.000000000 0.617240608 0.382759392
279 0.000000000 0.672940850 0.327059150
280 0.000000000 0.463389248 0.536610782
281 0.000000000 0.549876928 0.450123101
282 0.000000000 0.728454292 0.271545708
283 0.000000000 0.609826148 0.390173852
284 0.000000000 0.710696757 0.289303243
285 0.000000000 0.837291420 0.162708551
286 0.000000000 0.769571006 0.230428979
287 0.000000000 0.848150849 0.151849151
288 0.000000000 0.802357852 0.197642133
289 0.000000000 0.000069924 0.999930084
290 0.000000000 0.854935527 0.145064473
291 0.000000000 0.824984193 0.175015822
292 0.000000000 0.903794289 0.096205704
293 0.000000000 0.719625533 0.280374438
294 0.000000000 0.707613707 0.292386264
295 0.000000000 0.830893695 0.169106290
296 0.000000000 0.854458451 0.145541519
297 0.000000000 0.827137053 0.172862977
298 0.000000000 0.839043975 0.160956025
299 0.000000000 0.949155629 0.050844353
300 0.000000000 0.958639085 0.041360926
301 0.000000000 0.919748664 0.080251366
302 0.000000000 0.915012598 0.084987402
303 0.000000000 0.000006076 0.999993920
304 0.000000000 0.930604458 0.069395535
305 0.000000000 0.966129124 0.033870857
306 0.000000000 0.911022007 0.088977970
307 0.000000000 0.970487535 0.029512458
308 0.000000000 0.981546402 0.018453602
309 0.000000000 0.969613552 0.030386427
310 0.000000000 0.947034955 0.052965067
311 0.000000000 0.941785574 0.058214415
312 0.000000000 0.941386044 0.058613960
313 0.000000000 0.983691335 0.016308671
314 0.000000000 0.946541309 0.053458683
315 0.000000000 0.962364137 0.037635870
316 0.000000000 0.999419868 0.000580104
317 0.000000000 0.000083993 0.999916017
318 0.000000000 0.992010534 0.007989477
319 0.000000000 0.952852726 0.047147259
320 0.000000000 0.960427940 0.039572075
321 0.000000000 0.981146693 0.018853305
322 0.000000000 0.977997065 0.022002915
323 0.000000000 0.989827812 0.010172192
324 0.000000000 0.964274228 0.035725784
325 0.000000000 0.966598451 0.033401527
326 0.000000000 0.978913486 0.021086534
327 0.000000000 0.973353267 0.026646750
328 0.000000000 0.979589045 0.020410968
329 0.000000000 0.973419726 0.026580265
330 0.000000000 0.999521554 0.000478436
331 0.000000000 0.000000000 1.000000000
332 0.000000000 0.980809569 0.019190405
333 0.000000000 0.986907601 0.013092410
334 0.000000000 0.982633114 0.017366890
335 0.000000000 0.975755334 0.024244666
336 0.000000000 0.984931886 0.015068140
337 0.000000000 0.982343197 0.017656822
338 0.000000000 0.984532356 0.015467648
339 0.000000000 0.993719637 0.006280343
340 0.000000000 0.976349711 0.023650276
341 0.000000000 0.952363074 0.047636930
342 0.000000000 0.993962228 0.006037767
343 0.000000000 0.998970807 0.001029216
344 0.000000000 0.998571455 0.001428554
345 0.000000000 0.000000256 0.999999762
346 0.000000000 0.953814864 0.046185106
347 0.000000000 0.987882972 0.012117034
348 0.000000000 0.933920383 0.066079602
349 0.000000000 0.951635957 0.048364054
350 0.000000000 0.946734607 0.053265385
351 0.000000000 0.962455750 0.037544224
352 0.000000000 0.977259696 0.022740277
353 0.000000000 0.970760822 0.029239152
354 0.000000000 0.968742728 0.031257279
355 0.000000000 0.996359766 0.003640227
356 0.000000000 0.983671367 0.016328620
357 0.000000000 0.998532414 0.001467564
358 0.000000000 0.988999665 0.011000346
359 0.000000000 0.000055171 0.999944806
360 0.000000000 0.932283819 0.067716159
361 0.000000000 0.902909756 0.097090252
362 0.000000000 0.871803164 0.128196836
363 0.000000000 0.835225046 0.164774939
364 0.000000000 0.819416821 0.180583194
365 0.000000000 0.859351575 0.140648410
366 0.000000000 0.696289182 0.303710848
367 0.000000000 0.902891874 0.097108148
368 0.000000000 0.899975777 0.100024231
369 0.000000000 0.942161381 0.057838626
370 0.000000000 0.968626797 0.031373180
371 0.000000000 0.915826917 0.084173054
372 0.000000000 0.921068907 0.078931078
373 0.000000000 0.000001515 0.999998510
374 0.000000000 0.635447860 0.364552140
375 0.000000000 0.591103077 0.408896893
376 0.000000000 0.430091143 0.569908857
377 0.000000000 0.225307584 0.774692416
378 0.000000000 0.198516026 0.801483989
379 0.000000000 0.065239504 0.934760511
380 0.000000000 0.221579134 0.778420866
381 0.000000000 0.280423582 0.719576418
382 0.000000000 0.264295340 0.735704660
383 0.000000000 0.338686019 0.661313951
384 0.000000000 0.346348882 0.653651118
385 0.000000000 0.363384277 0.636615753
386 0.000000000 0.535564303 0.464435726
387 0.000000000 0.000000000 1.000000000
388 0.000000000 0.042788681 0.957211316
389 0.000000000 0.004571428 0.995428562
390 0.000000000 0.002292110 0.997707903
391 0.000000000 0.000053018 0.999947011
392 0.000000000 0.000000000 1.000000000
393 0.000000000 0.000000000 1.000000000
394 0.000000000 0.057271622 0.942728400
395 0.000000000 0.052125201 0.947874784
396 0.000000000 0.000248548 0.999751449
397 0.000000000 0.005456059 0.994543970
398 0.000000000 0.007529852 0.992470145
399 0.000000000 0.060454939 0.939545035
400 0.000000000 0.008256594 0.991743386
401 0.000000000 0.000087690 0.999912322
402 0.000000000 0.000000000 1.000000000
403 0.000000000 0.000000000 1.000000000
404 0.000000000 0.000000000 1.000000000
405 0.000000000 0.000000000 1.000000000
406 0.000000000 0.000000000 1.000000000
407 0.000000000 0.049764976 0.950235009
408 0.000000000 0.000186089 0.999813914
409 0.000000000 0.000000000 1.000000000
410 0.000000000 0.000300417 0.999699593
411 0.000000000 0.011139369 0.988860607
412 0.000000000 0.049754497 0.950245500
413 0.000000000 0.000000000 1.000000000
414 0.000000000 0.000000000 1.000000000
415 0.000000000 0.000000000 1.000000000
416 0.000000000 0.000095045 0.999904931
417 0.958263934 0.000052667 0.041683387
418 0.837565541 0.000002205 0.162432253
419 0.914161086 0.000000000 0.085838884
420 0.983560383 0.000085558 0.016354073
421 0.998697400 0.000111362 0.001191225
422 0.931662917 0.000061189 0.068275899
423 0.871403694 0.000067289 0.128528997
424 0.976543605 0.000058859 0.023397537
425 0.880245268 0.000124213 0.119630516
426 0.926724970 0.000099443 0.073175579
427 0.993147969 0.000016203 0.006835809
428 0.959525764 0.000025307 0.040448911
429 0.993854105 0.000050571 0.006095300
430 0.000000000 0.000073738 0.999926269
431 0.950367510 0.000052904 0.049579583
432 0.893300354 0.000000000 0.106699660
433 1.000000000 0.000000000 0.000000000
434 0.967793822 0.000007311 0.032198839
435 0.993010819 0.000000000 0.006989163
436 0.843771815 0.000000000 0.156228185
437 0.834285736 0.000000000 0.165714264
438 0.853459775 0.000043309 0.146496937
439 0.974102855 0.000058548 0.025838600
440 1.000000000 0.000000000 0.000000000
441 0.989998937 0.000011690 0.009989370
442 0.982426465 0.000029025 0.017544514
443 0.971102297 0.000001457 0.028896261
444 0.000000000 0.000028775 0.999971211
445 0.979530513 0.000000000 0.020469461
446 0.984274924 0.000001274 0.015723817
447 0.971760094 0.000001227 0.028238691
448 0.985669374 0.000001248 0.014329353
449 0.940163136 0.000001741 0.059835140
450 0.954341650 0.000001349 0.045656972
451 0.947962999 0.000001340 0.052035674
452 0.969356656 0.000001032 0.030642316
453 0.974819481 0.000000313 0.025180221
454 0.999021769 0.000000485 0.000977769
455 0.987289369 0.000032905 0.012677740
456 0.996707261 0.000098662 0.003194099
457 0.978191853 0.000010946 0.021797227
458 0.000000000 0.000358828 0.999641180
459 0.966929018 0.000000000 0.033070982
460 0.883187294 0.011528261 0.105284460
461 0.980150580 0.011474417 0.008375021
462 0.864794910 0.007045420 0.128159657
463 0.897945642 0.017875673 0.084178708
464 0.916414142 0.006948552 0.076637290
465 0.979882658 0.001067003 0.019050322
466 0.924488187 0.021531802 0.053980008
467 0.992772698 0.000193327 0.007034005
468 0.996017635 0.002169093 0.001813285
469 0.958776951 0.025757452 0.015465584
470 0.930827618 0.039096251 0.030076131
471 0.937182486 0.025376564 0.037440959
472 0.000000000 0.000000807 0.999999166
473 0.914273202 0.043927517 0.041799270
474 0.955773175 0.043762572 0.000464227
475 0.838667154 0.035307035 0.126025841
476 0.854250252 0.092806078 0.052943662
477 0.898351490 0.031650107 0.069998421
478 0.974916458 0.023156274 0.001927278
479 0.843782961 0.102204740 0.054012325
480 0.977137804 0.022818202 0.000043992
481 0.894792736 0.082409441 0.022797832
482 0.940559387 0.037988640 0.021451974
483 0.925430536 0.044129822 0.030439639
484 0.846275389 0.125785410 0.027939206
485 0.970340967 0.028554311 0.001104737
486 0.000000000 0.000247624 0.999752402
487 0.881238341 0.111105099 0.007656581
488 0.844988108 0.046828538 0.108183339
489 0.865066886 0.115475647 0.019457465
490 0.876809418 0.110811263 0.012379291
491 0.922193170 0.075169027 0.002637817
492 0.838714182 0.090691723 0.070594087
493 0.949097514 0.049244601 0.001657909
494 0.763299882 0.229808480 0.006891632
495 0.781594992 0.200103387 0.018301634
496 0.721013367 0.273265630 0.005720977
497 0.746543646 0.228229001 0.025227357
498 0.835200846 0.142214343 0.022584807
499 0.810239732 0.188369408 0.001390862
500 0.000000000 0.000047482 0.999952495
501 0.679088831 0.218870685 0.102040462
502 0.609345376 0.377377748 0.013276862
503 0.598759830 0.386058778 0.015181367
504 0.676057637 0.311802328 0.012140027
505 0.630132079 0.346221656 0.023646299
506 0.715246737 0.284681946 0.000071329
507 0.678747296 0.317594379 0.003658326
508 0.758067369 0.213232487 0.028700121
509 0.562384784 0.437497944 0.000117250
510 0.573690712 0.399517119 0.026792167
511 0.736374795 0.263584882 0.000040291
512 0.629597723 0.370402277 0.000000000
513 0.639206648 0.359754473 0.001038873
514 0.000000000 0.004625040 0.995374978
515 0.538044572 0.452875376 0.009080076
516 0.471285701 0.515210867 0.013503450
517 0.629065573 0.365273327 0.005661095
518 0.440177143 0.526748955 0.033073921
519 0.566455603 0.431075573 0.002468834
520 0.559578776 0.431305856 0.009115365
521 0.648952425 0.322478563 0.028568998
522 0.629485607 0.355332732 0.015181651
523 0.572958827 0.405350864 0.021690331
524 0.627593935 0.368298829 0.004107221
525 0.667261720 0.329964638 0.002773650
526 0.663993001 0.333659887 0.002347116
527 0.560413361 0.402354240 0.037232377
528 0.000000000 0.000003833 0.999996185
529 0.535120606 0.413271099 0.051608268
530 0.569847465 0.412593663 0.017558876
531 0.449291736 0.526651621 0.024056612
532 0.659743369 0.331952542 0.008304083
533 0.202762276 0.789883733 0.007353975
534 0.348899782 0.647165596 0.003934614
535 0.173388585 0.802197516 0.024413871
536 0.340640515 0.657479882 0.001879618
537 0.401539534 0.597614646 0.000845836
538 0.289253384 0.709904492 0.000842120
539 0.317883581 0.680496156 0.001620248
540 0.349914342 0.631862104 0.018223561
541 0.280566961 0.716558278 0.002874774
542 0.000000000 0.006009427 0.993990600
543 0.348387480 0.626463950 0.025148543
544 0.200518459 0.763079643 0.036401909
545 0.272465050 0.716910422 0.010624506
546 0.019033151 0.970856547 0.010110323
547 0.045440838 0.946569324 0.007989820
548 0.002774740 0.994100690 0.003124586
549 0.086788185 0.905555487 0.007656310
550 0.047949571 0.944367588 0.007682818
551 0.030057689 0.967949510 0.001992803
552 0.026421459 0.970541120 0.003037432
553 0.069159336 0.905963957 0.024876680
554 0.029358519 0.965522826 0.005118673
555 0.031946205 0.960666358 0.007387453
556 0.000000000 0.012203292 0.987796724
557 0.004512467 0.941035569 0.054451939
558 0.000000000 0.990558565 0.009441440
559 0.000000000 0.961072683 0.038927305
560 0.000575249 0.988914013 0.010510757
561 0.000000000 0.867470860 0.132529169
562 0.000000000 0.845383525 0.154616460
563 0.000000000 0.990491807 0.009508220
564 0.000000000 0.979065001 0.020934990
565 0.000000000 0.974861264 0.025138754
566 0.000587851 0.863083422 0.136328742
567 0.000552047 0.950776696 0.048671287
568 0.000000000 0.958607972 0.041391999
569 0.000000000 0.952521920 0.047478106
570 0.000000000 0.048640497 0.951359510
571 0.000000000 0.744819760 0.255180240
572 0.000000000 0.418485940 0.581514060
573 0.000000000 0.309482634 0.690517366
574 0.000000000 0.308791220 0.691208780
575 0.000000000 0.435648859 0.564351141
576 0.002153141 0.888330519 0.109516315
577 0.000000000 0.471963525 0.528036475
578 0.000000000 0.656245828 0.343754202
579 0.000000000 0.712381363 0.287618637
580 0.000000000 0.352130979 0.647868991
581 0.000000000 0.798264146 0.201735884
582 0.000000000 0.724152386 0.275847644
583 0.000000000 0.773682773 0.226317242
584 0.000000000 0.000000000 1.000000000
585 0.000000000 0.001073754 0.998926222
586 0.989170074 0.000173096 0.010656811
587 0.999851704 0.000140625 0.000007674
588 0.998911858 0.000079681 0.001008444
589 0.996059477 0.000428643 0.003511882
590 0.999870598 0.000129416 0.000000000
591 0.999820471 0.000170610 0.000008916
592 0.999834180 0.000161533 0.000004310
593 0.999841332 0.000147582 0.000011061
594 0.995367765 0.000148863 0.004483392
595 0.999872983 0.000127007 0.000000000
596 0.990025222 0.000185038 0.009789734
597 0.999894261 0.000103649 0.000002089
598 0.999766767 0.000224449 0.000008768
599 0.000000000 0.000920183 0.999079823
600 0.999103129 0.000155892 0.000740971
601 0.999924600 0.000075374 0.000000000
602 0.999558568 0.000411279 0.000030125
603 0.999912441 0.000087551 0.000000000
604 0.999810040 0.000189948 0.000000000
605 0.999831140 0.000160906 0.000007966
606 0.999784350 0.000213110 0.000002528
607 0.999804020 0.000191974 0.000003998
608 0.993688107 0.000135734 0.006176152
609 0.999850094 0.000149884 0.000000000
610 0.999885082 0.000114918 0.000000000
611 0.999813199 0.000186772 0.000000000
612 0.994964659 0.000182719 0.004852613
613 0.000000000 0.000143697 0.999856293
614 0.991079926 0.000102776 0.008817269
615 0.995410562 0.000280861 0.004308584
616 0.987815261 0.000035809 0.012148949
617 0.995081246 0.000000000 0.004918726
618 0.985209584 0.000160179 0.014630266
619 0.999028683 0.000889232 0.000082111
620 0.992422760 0.000163234 0.007414016
621 0.985848248 0.002374533 0.011777205
622 0.993661642 0.000308291 0.006030086
623 0.997698188 0.002301824 0.000000000
624 0.962207854 0.026889194 0.010902964
625 0.955771863 0.010872453 0.033355687
626 0.972421229 0.000053791 0.027524976
627 0.000000000 0.000000000 1.000000000
628 0.996446013 0.003349087 0.000204875
629 0.999711692 0.000033167 0.000255116
630 0.999996662 0.000003336 0.000000000
631 0.995994449 0.003730330 0.000275204
632 0.998499930 0.001264496 0.000235585
633 0.983410120 0.009761745 0.006828146
634 0.975123584 0.001707069 0.023169359
635 0.964710832 0.026387379 0.008901780
636 0.999956608 0.000043417 0.000000000
637 0.938952923 0.021738969 0.039308123
638 0.926065803 0.053886652 0.020047545
639 0.965928793 0.025212420 0.008858772
640 0.930671811 0.049393598 0.019934604
641 0.000000000 0.000000000 1.000000000
642 0.960869193 0.038912829 0.000217960
643 0.984589934 0.013442360 0.001967681
644 0.965312004 0.016005123 0.018682864
645 0.935831070 0.063092373 0.001076569
646 0.958396494 0.035644855 0.005958654
647 0.954190850 0.031581614 0.014227563
648 0.920072854 0.070357688 0.009569486
649 0.974227250 0.025414439 0.000358298
650 0.888555586 0.069267385 0.042177025
651 0.854880750 0.125213459 0.019905807
652 0.878920674 0.089068808 0.032010499
653 0.887361586 0.083314285 0.029324099
654 0.928523004 0.059923567 0.011553401
655 0.000000000 0.008469974 0.991530001
656 0.962477505 0.025225347 0.012297132
657 0.860852480 0.129810512 0.009336978
658 0.910677075 0.064656258 0.024666654
659 0.873748779 0.102245651 0.024005553
660 0.843097448 0.127473548 0.029428981
661 0.779197335 0.163471967 0.057330728
662 0.899424493 0.083707504 0.016868001
663 0.832798779 0.167201251 0.000000000
664 0.717845917 0.281564802 0.000589304
665 0.759215713 0.232967257 0.007817046
666 0.852036119 0.122073486 0.025890417
667 0.821170390 0.173328310 0.005501327
668 0.770986736 0.224523976 0.004489319
669 0.000000000 0.000000000 1.000000000
670 0.750514805 0.249247268 0.000237923
671 0.774624169 0.224851564 0.000524252
672 0.807715297 0.189718306 0.002566366
673 0.844331503 0.146882713 0.008785803
674 0.649876893 0.341632843 0.008490261
675 0.784086823 0.215169325 0.000743856
676 0.599775374 0.396021098 0.004203565
677 0.490078598 0.489117891 0.020803524
678 0.639057875 0.333198547 0.027743584
679 0.707217574 0.273329765 0.019452626
680 0.692553818 0.299193114 0.008253069
681 0.667827070 0.324831188 0.007341721
682 0.673786402 0.320301294 0.005912316
683 0.000000000 0.000000000 1.000000000
684 0.635780036 0.354967833 0.009252101
685 0.538149416 0.449615300 0.012235286
686 0.561790526 0.430189967 0.008019485
687 0.387893826 0.571213722 0.040892437
688 0.552804112 0.442918211 0.004277674
689 0.654974282 0.339319140 0.005706612
690 0.525540173 0.448839813 0.025620013
691 0.632853389 0.355222225 0.011924401
692 0.636676371 0.356481850 0.006841778
693 0.676871181 0.311470300 0.011658487
694 0.638374746 0.352026910 0.009598381
695 0.761022687 0.234526128 0.004451188
696 0.655056059 0.340925187 0.004018772
697 0.000000000 0.023809087 0.976190925
698 0.561790049 0.426554561 0.011655367
699 0.584868610 0.403295666 0.011835728
700 0.420442671 0.573554695 0.006002661
701 0.452998519 0.540977418 0.006024085
702 0.350064278 0.633452296 0.016483413
703 0.230027854 0.747399390 0.022572765
704 0.204829991 0.761136174 0.034033857
705 0.303381652 0.658634245 0.037984096
706 0.418704271 0.573585987 0.007709758
707 0.314491391 0.674026787 0.011481808
708 0.403389156 0.590185702 0.006425182
709 0.314033359 0.677277386 0.008689255
710 0.318949163 0.652061701 0.028989144
711 0.000000000 0.000000000 1.000000000
712 0.169575885 0.816339970 0.014084132
713 0.085521244 0.880241513 0.034237251
714 0.167617634 0.819094658 0.013287685
715 0.011553414 0.985024273 0.003422342
716 0.029008808 0.968468308 0.002522857
717 0.020130668 0.966825008 0.013044348
718 0.014693950 0.966820955 0.018485103
719 0.025819529 0.973116636 0.001063816
720 0.010163214 0.976966262 0.012870532
721 0.047954269 0.952045739 0.000000000
722 0.067936361 0.928479195 0.003584420
723 0.006386420 0.991119683 0.002493877
724 0.006388904 0.984025180 0.009585888
725 0.000000000 0.097067311 0.902932703
726 0.018888596 0.947817326 0.033294089
727 0.007469861 0.968542874 0.023987263
728 0.000000000 0.800169349 0.199830651
729 0.000000000 0.608296514 0.391703457
730 0.000000000 0.784860611 0.215139404
731 0.000000000 0.701807737 0.298192263
732 0.000000000 0.876124084 0.123875894
733 0.000000000 0.898147762 0.101852246
734 0.000000000 0.899575830 0.100424141
735 0.000000000 0.916734636 0.083265349
736 0.000000000 0.834402859 0.165597156
737 0.000000000 0.821964622 0.178035349
738 0.000000000 0.939888179 0.060111813
739 0.000000000 0.016942898 0.983057082
740 0.000000000 0.669317544 0.330682486
741 0.000000000 0.089029558 0.910970449
742 0.000000000 0.049200784 0.950799227
743 0.000000000 0.003264664 0.996735334
744 0.000000000 0.150789291 0.849210739
745 0.000000000 0.027811555 0.972188473
746 0.000000000 0.013755698 0.986244321
747 0.000000000 0.104631647 0.895368338
748 0.000000000 0.043641195 0.956358790
749 0.000000000 0.205489710 0.794510305
750 0.000000000 0.188245744 0.811754286
751 0.000000000 0.252787143 0.747212887
752 0.000000000 0.396928698 0.603071332
753 0.000000000 0.000000000 1.000000000
754 0.000031482 0.999968529 0.000000000
755 1.000000000 0.000000000 0.000000000
756 1.000000000 0.000000000 0.000000000
757 1.000000000 0.000000000 0.000000000
758 1.000000000 0.000000000 0.000000000
759 1.000000000 0.000000000 0.000000000
760 1.000000000 0.000000000 0.000000000
761 1.000000000 0.000000000 0.000000000
762 1.000000000 0.000000000 0.000000000
763 1.000000000 0.000000000 0.000000000
764 1.000000000 0.000000000 0.000000000
765 1.000000000 0.000000000 0.000000000
766 1.000000000 0.000000000 0.000000000
767 1.000000000 0.000000000 0.000000000
768 0.000047453 0.999952555 0.000000000
769 1.000000000 0.000000000 0.000000000
770 1.000000000 0.000000000 0.000000000
771 1.000000000 0.000000000 0.000000000
772 1.000000000 0.000000000 0.000000000
773 1.000000000 0.000000000 0.000000000
774 1.000000000 0.000000000 0.000000000
775 1.000000000 0.000000000 0.000000000
776 1.000000000 0.000000000 0.000000000
777 1.000000000 0.000000000 0.000000000
778 1.000000000 0.000000000 0.000000000
779 1.000000000 0.000000000 0.000000000
780 1.000000000 0.000000000 0.000000000
781 1.000000000 0.000000000 0.000000000
782 0.000000000 1.000000000 0.000000000
783 1.000000000 0.000000000 0.000000000
784 0.999949515 0.000050488 0.000000000
785 1.000000000 0.000000000 0.000000000
786 0.938784242 0.061215755 0.000000000
787 1.000000000 0.000000000 0.000000000
788 1.000000000 0.000000000 0.000000000
789 1.000000000 0.000000000 0.000000000
790 1.000000000 0.000000000 0.000000000
791 1.000000000 0.000000000 0.000000000
792 1.000000000 0.000000000 0.000000000
793 1.000000000 0.000000000 0.000000000
794 0.999955177 0.000044849 0.000000000
795 1.000000000 0.000000000 0.000000000
796 0.000000000 1.000000000 0.000000000
797 0.999711871 0.000288104 0.000000000
798 1.000000000 0.000000000 0.000000000
799 0.990411341 0.009588667 0.000000000
800 0.999696791 0.000303184 0.000000000
801 0.999310493 0.000689498 0.000000000
802 0.999436915 0.000563100 0.000000000
803 0.999329925 0.000670099 0.000000000
804 1.000000000 0.000000000 0.000000000
805 0.999764502 0.000235508 0.000000000
806 0.999938607 0.000061395 0.000000000
807 0.997016132 0.002983849 0.000000000
808 0.999920607 0.000079393 0.000000000
809 0.998358130 0.001641842 0.000000000
810 0.000000000 1.000000000 0.000000000
811 1.000000000 0.000000000 0.000000000
812 1.000000000 0.000000000 0.000000000
813 0.995903075 0.004096917 0.000000000
814 0.992678165 0.007321855 0.000000000
815 0.992830515 0.007169504 0.000000000
816 0.722342551 0.277657479 0.000000000
817 0.999734104 0.000265919 0.000000000
818 0.754331708 0.245668307 0.000000000
819 0.926675379 0.073324643 0.000000000
820 0.944904566 0.055095464 0.000000000
821 1.000000000 0.000000000 0.000000000
822 1.000000000 0.000000000 0.000000000
823 0.999686360 0.000313617 0.000000000
824 0.000000000 1.000000000 0.000000000
825 0.999789834 0.000210190 0.000000000
826 0.938171089 0.061828900 0.000000000
827 0.998994768 0.001005261 0.000000000
828 0.998044550 0.001955465 0.000000000
829 0.874203742 0.125796273 0.000000000
830 0.999530017 0.000469955 0.000000000
831 0.891620815 0.108379170 0.000000000
832 0.976229191 0.023770833 0.000000000
833 0.963632941 0.036367029 0.000000000
834 0.983206570 0.016793452 0.000000000
835 0.976105452 0.023894547 0.000000000
836 0.912442505 0.087557524 0.000000000
837 0.867854714 0.132145286 0.000000000
838 0.000000000 1.000000000 0.000000000
839 0.971241295 0.028758693 0.000000000
840 0.962215960 0.037784029 0.000000000
841 0.906576455 0.093423568 0.000000000
842 0.045353655 0.954646349 0.000000000
843 0.979288161 0.020711849 0.000000000
844 0.910538614 0.089461386 0.000000000
845 0.964096427 0.035903562 0.000000000
846 0.736467063 0.263532937 0.000000000
847 1.000000000 0.000000000 0.000000000
848 0.998083711 0.001916260 0.000000000
849 0.845848203 0.154151812 0.000000000
850 0.603170812 0.396829218 0.000000000
851 0.328762949 0.671237051 0.000000000
852 0.000000000 1.000000000 0.000000000
853 0.765116394 0.234883621 0.000000000
854 0.885251224 0.114748769 0.000000000
855 0.563717365 0.436282635 0.000000000
856 0.868394196 0.131605804 0.000000000
857 0.356727839 0.643272161 0.000000000
858 0.985954463 0.014045507 0.000000000
859 0.713889301 0.286110699 0.000000000
860 0.996397793 0.003602228 0.000000000
861 0.996832490 0.003167522 0.000000000
862 0.981810093 0.018189915 0.000000000
863 0.999351382 0.000648637 0.000000000
864 0.345540583 0.654459417 0.000000000
865 0.715946972 0.284052998 0.000000000
866 0.000000000 1.000000000 0.000000000
867 0.996846616 0.003153377 0.000000000
868 0.629565060 0.370434940 0.000000000
869 0.672086477 0.327913523 0.000000000
870 0.493696779 0.506303191 0.000000000
871 0.738289654 0.261710346 0.000000000
872 0.320661187 0.679338813 0.000000000
873 0.758704066 0.241295919 0.000000000
874 0.553297758 0.446702242 0.000000000
875 0.730432153 0.269567847 0.000000000
876 0.574784815 0.425215214 0.000000000
877 0.683111310 0.316888690 0.000000000
878 0.688409030 0.311590940 0.000000000
879 0.632745445 0.367254585 0.000000000
880 0.000000000 1.000000000 0.000000000
881 0.411857188 0.588142812 0.000000000
882 0.550531447 0.449468553 0.000000000
883 0.202485472 0.797514498 0.000000000
884 0.608215451 0.391784549 0.000000000
885 0.220269933 0.779730082 0.000000000
886 0.454851240 0.545148790 0.000000000
887 0.409380466 0.590619564 0.000000000
888 0.652762353 0.347237647 0.000000000
889 0.503325582 0.496674418 0.000000000
890 0.373908460 0.626091540 0.000000000
891 0.551619470 0.448380530 0.000000000
892 0.521314502 0.478685528 0.000000000
893 0.551125944 0.448874056 0.000000000
894 0.000000000 1.000000000 0.000000000
895 0.257048994 0.742950976 0.000000000
896 0.079415336 0.920584679 0.000000000
897 0.016417818 0.983582199 0.000000000
898 0.034212269 0.965787709 0.000000000
899 0.055989757 0.944010258 0.000000000
900 0.033906113 0.966093898 0.000000000
901 0.062260795 0.937739193 0.000000000
902 0.073128097 0.926871896 0.000000000
903 0.102896303 0.897103727 0.000000000
904 0.054917920 0.945082068 0.000000000
905 0.150957033 0.849042952 0.000000000
906 0.169326156 0.830673873 0.000000000
907 0.091546744 0.908453226 0.000000000
908 0.000000000 1.000000000 0.000000000
909 0.000000000 1.000000000 0.000000000
910 0.000012092 0.999987900 0.000000000
911 0.000023586 0.999976397 0.000000000
912 0.000000000 1.000000000 0.000000000
913 0.000015458 0.999984562 0.000000000
914 0.000000000 1.000000000 0.000000000
915 0.000015247 0.999984741 0.000000000
916 0.000037054 0.999962926 0.000000000
917 0.000000000 1.000000000 0.000000000
918 0.000000000 1.000000000 0.000000000
919 0.000011367 0.999988616 0.000000000
920 0.000005319 0.999994695 0.000000000
921 0.000000000 1.000000000 0.000000000
922 0.000000000 1.000000000 0.000000000
923 0.000000000 1.000000000 0.000000000
924 1.000000000 0.000000000 0.000000000
925 1.000000000 0.000000000 0.000000000
926 1.000000000 0.000000000 0.000000000
927 1.000000000 0.000000000 0.000000000
928 1.000000000 0.000000000 0.000000000
929 1.000000000 0.000000000 0.000000000
930 1.000000000 0.000000000 0.000000000
931 1.000000000 0.000000000 0.000000000
932 1.000000000 0.000000000 0.000000000
933 1.000000000 0.000000000 0.000000000
934 1.000000000 0.000000000 0.000000000
935 1.000000000 0.000000000 0.000000000
936 1.000000000 0.000000000 0.000000000
937 0.000000000 1.000000000 0.000000000
938 1.000000000 0.000000000 0.000000000
939 1.000000000 0.000000000 0.000000000
940 1.000000000 0.000000000 0.000000000
941 1.000000000 0.000000000 0.000000000
942 0.999966502 0.000033526 0.000000000
943 1.000000000 0.000000000 0.000000000
944 1.000000000 0.000000000 0.000000000
945 1.000000000 0.000000000 0.000000000
946 1.000000000 0.000000000 0.000000000
947 1.000000000 0.000000000 0.000000000
948 1.000000000 0.000000000 0.000000000
949 0.999997497 0.000002520 0.000000000
950 1.000000000 0.000000000 0.000000000
951 0.000000000 1.000000000 0.000000000
952 1.000000000 0.000000000 0.000000000
953 1.000000000 0.000000000 0.000000000
954 1.000000000 0.000000000 0.000000000
955 0.999992430 0.000007562 0.000000000
956 1.000000000 0.000000000 0.000000000
957 1.000000000 0.000000000 0.000000000
958 1.000000000 0.000000000 0.000000000
959 1.000000000 0.000000000 0.000000000
960 0.999999464 0.000000558 0.000000000
961 1.000000000 0.000000000 0.000000000
962 0.995768130 0.004231889 0.000000000
963 0.997355282 0.002644689 0.000000000
964 1.000000000 0.000000000 0.000000000
965 0.000000000 1.000000000 0.000000000
966 1.000000000 0.000000000 0.000000000
967 1.000000000 0.000000000 0.000000000
968 1.000000000 0.000000000 0.000000000
969 1.000000000 0.000000000 0.000000000
970 0.999523222 0.000476807 0.000000000
971 1.000000000 0.000000000 0.000000000
972 1.000000000 0.000000000 0.000000000
973 1.000000000 0.000000000 0.000000000
974 0.930254221 0.069745764 0.000000000
975 1.000000000 0.000000000 0.000000000
976 0.998331964 0.001668056 0.000000000
977 0.998497069 0.001502920 0.000000000
978 1.000000000 0.000000000 0.000000000
979 0.000000000 1.000000000 0.000000000
980 1.000000000 0.000000000 0.000000000
981 1.000000000 0.000000000 0.000000000
982 1.000000000 0.000000000 0.000000000
983 1.000000000 0.000000000 0.000000000
984 1.000000000 0.000000000 0.000000000
985 0.998417377 0.001582640 0.000000000
986 0.999970436 0.000029556 0.000000000
987 1.000000000 0.000000000 0.000000000
988 0.978360593 0.021639403 0.000000000
989 1.000000000 0.000000000 0.000000000
990 1.000000000 0.000000000 0.000000000
991 0.994872391 0.005127604 0.000000000
992 1.000000000 0.000000000 0.000000000
993 0.000000000 1.000000000 0.000000000
994 0.990956306 0.009043677 0.000000000
995 0.997341096 0.002658913 0.000000000
996 1.000000000 0.000000000 0.000000000
997 0.932724178 0.067275792 0.000000000
998 0.996553779 0.003446229 0.000000000
999 0.853021741 0.146978274 0.000000000
1000 1.000000000 0.000000000 0.000000000
1001 0.987689316 0.012310658 0.000000000
1002 1.000000000 0.000000000 0.000000000
1003 0.502110779 0.497889221 0.000000000
1004 1.000000000 0.000000000 0.000000000
1005 0.846001029 0.153998971 0.000000000
1006 0.556415319 0.443584710 0.000000000
1007 0.000000000 1.000000000 0.000000000
1008 0.996625841 0.003374159 0.000000000
1009 0.996372342 0.003627686 0.000000000
1010 1.000000000 0.000000000 0.000000000
1011 0.553759694 0.446240276 0.000000000
1012 0.696451247 0.303548753 0.000000000
1013 1.000000000 0.000000000 0.000000000
1014 0.983170569 0.016829459 0.000000000
1015 0.930314660 0.069685340 0.000000000
1016 0.976437092 0.023562904 0.000000000
1017 0.903608024 0.096391961 0.000000000
1018 0.832525671 0.167474344 0.000000000
1019 0.638282478 0.361717492 0.000000000
1020 0.532409251 0.467590749 0.000000000
1021 0.000000000 1.000000000 0.000000000
1022 0.461397111 0.538602889 0.000000000
1023 0.919921935 0.080078073 0.000000000
1024 0.560850263 0.439149737 0.000000000
1025 0.769966483 0.230033502 0.000000000
1026 0.561703861 0.438296109 0.000000000
1027 0.946439743 0.053560261 0.000000000
1028 0.919106901 0.080893107 0.000000000
1029 0.945151508 0.054848485 0.000000000
1030 0.963771582 0.036228411 0.000000000
1031 0.000000000 1.000000000 0.000000000
1032 0.967116296 0.032883700 0.000000000
1033 0.000000000 1.000000000 0.000000000
1034 0.828326404 0.171673581 0.000000000
1035 0.000000000 1.000000000 0.000000000
1036 0.598846078 0.401153892 0.000000000
1037 0.961169481 0.038830500 0.000000000
1038 0.405865967 0.594134033 0.000000000
1039 0.393293440 0.606706560 0.000000000
1040 0.596012831 0.403987169 0.000000000
1041 0.520803094 0.479196906 0.000000000
1042 0.511712611 0.488287389 0.000000000
1043 0.374074489 0.625925481 0.000000000
1044 0.733168125 0.266831845 0.000000000
1045 0.505300462 0.494699568 0.000000000
1046 0.160785019 0.839214981 0.000000000
1047 0.579097569 0.420902401 0.000000000
1048 0.732028246 0.267971754 0.000000000
1049 0.000000000 1.000000000 0.000000000
1050 0.174435273 0.825564742 0.000000000
1051 0.576604426 0.423395574 0.000000000
1052 0.196824312 0.803175688 0.000000000
1053 0.408512712 0.591487288 0.000000000
1054 0.382794410 0.617205620 0.000000000
1055 0.515912652 0.484087348 0.000000000
1056 0.406015486 0.593984485 0.000000000
1057 0.425930649 0.574069381 0.000000000
1058 0.550563872 0.449436128 0.000000000
1059 0.508539617 0.491460383 0.000000000
1060 0.444342613 0.555657387 0.000000000
1061 0.368674248 0.631325722 0.000000000
1062 0.359578520 0.640421450 0.000000000
1063 0.000000000 1.000000000 0.000000000
1064 0.365870327 0.634129703 0.000000000
1065 0.128105164 0.871894836 0.000000000
1066 0.133204520 0.866795480 0.000000000
1067 0.144586489 0.855413496 0.000000000
1068 0.053470805 0.946529210 0.000000000
1069 0.054724403 0.945275605 0.000000000
1070 0.133422554 0.866577446 0.000000000
1071 0.207062259 0.792937756 0.000000000
1072 0.187339589 0.812660396 0.000000000
1073 0.148377866 0.851622105 0.000000000
1074 0.120418474 0.879581511 0.000000000
1075 0.135555297 0.864444673 0.000000000
1076 0.156382740 0.843617260 0.000000000
1077 0.000000000 1.000000000 0.000000000
1078 0.000000000 1.000000000 0.000000000
1079 0.000000000 1.000000000 0.000000000
1080 0.000000000 1.000000000 0.000000000
1081 0.000000000 1.000000000 0.000000000
1082 0.000000000 1.000000000 0.000000000
1083 0.000000000 1.000000000 0.000000000
1084 0.000000000 1.000000000 0.000000000
1085 0.000000000 1.000000000 0.000000000
1086 0.000000000 1.000000000 0.000000000
1087 0.000000000 1.000000000 0.000000000
1088 0.000000000 1.000000000 0.000000000
1089 0.000000000 1.000000000 0.000000000
1090 0.000000000 1.000000000 0.000000000
1091 0.000000000 1.000000000 0.000000000
1092 0.000000000 0.247259110 0.752740860
1093 0.000000000 0.720482409 0.279517591
1094 0.000000000 0.641884983 0.358115047
1095 0.000000000 0.603906393 0.396093607
1096 0.000000000 0.731075346 0.268924654
1097 0.000000000 0.644347250 0.355652720
1098 0.000000000 0.669689894 0.330310076
1099 0.000000000 0.584142864 0.415857136
1100 0.000000000 0.663783491 0.336216509
1101 0.000000000 0.715707541 0.284292459
1102 0.000000000 0.651451290 0.348548710
1103 0.000000000 0.491774261 0.508225739
1104 0.000000000 0.836313009 0.163687006
1105 0.000000000 0.515368044 0.484631926
1106 0.000000000 0.177769676 0.822230339
1107 0.000000000 0.589672863 0.410327166
1108 0.000000000 0.491844088 0.508155942
1109 0.000000000 0.599005401 0.400994569
1110 0.000000000 0.575433195 0.424566805
1111 0.000000000 0.754596174 0.245403841
1112 0.000000000 0.521597505 0.478402495
1113 0.000000000 0.705502272 0.294497699
1114 0.000000000 0.635575771 0.364424229
1115 0.000000000 0.807197094 0.192802906
1116 0.000000000 0.506982148 0.493017852
1117 0.000000000 0.855940282 0.144059703
1118 0.000000000 0.570394576 0.429605454
1119 0.000000000 0.525680602 0.474319428
1120 0.000000000 0.193239331 0.806760669
1121 0.000000000 0.604925156 0.395074815
1122 0.000000000 0.657365084 0.342634916
1123 0.000000000 0.591010094 0.408989906
1124 0.000000000 0.778730154 0.221269876
1125 0.000000000 0.726744056 0.273255914
1126 0.000000000 0.757296622 0.242703348
1127 0.000000000 0.772499323 0.227500662
1128 0.000000000 0.781811714 0.218188286
1129 0.000000000 0.784001470 0.215998545
1130 0.000000000 0.744627357 0.255372643
1131 0.000000000 0.748283386 0.251716644
1132 0.000000000 0.520485878 0.479514122
1133 0.000000000 0.466418266 0.533581734
1134 0.000000000 0.429875612 0.570124388
1135 0.000000000 0.618028164 0.381971806
1136 0.000000000 0.613958597 0.386041433
1137 0.000000000 0.606918991 0.393081009
1138 0.000000000 0.696402133 0.303597867
1139 0.000000000 0.685174584 0.314825416
1140 0.000000000 0.933947027 0.066052996
1141 0.000000000 0.865619421 0.134380594
1142 0.000000000 0.702551663 0.297448307
1143 0.000000000 0.792747736 0.207252279
1144 0.000000000 0.574357152 0.425642818
1145 0.000000000 0.432132393 0.567867637
1146 0.000000000 0.635275245 0.364724785
1147 0.000000000 0.914259851 0.085740171
1148 0.000000000 0.294271380 0.705728590
1149 0.000000000 0.917895436 0.082104579
1150 0.000000000 0.950089335 0.049910657
1151 0.000000000 0.955165029 0.044834960
1152 0.000000000 0.731390059 0.268609911
1153 0.000000000 0.792947769 0.207052201
1154 0.000000000 0.842115819 0.157884166
1155 0.000000000 0.750909090 0.249090910
1156 0.000000000 0.932552695 0.067447320
1157 0.000000000 0.559768140 0.440231860
1158 0.000000000 0.937679470 0.062320527
1159 0.000000000 0.505007207 0.494992763
1160 0.000000000 0.782742202 0.217257813
1161 0.000000000 0.812974095 0.187025890
1162 0.000000000 0.359286129 0.640713871
1163 0.000000000 0.784977019 0.215022996
1164 0.000000000 0.969830275 0.030169744
1165 0.000000000 0.819863975 0.180136025
1166 0.000000000 0.884408772 0.115591206
1167 0.000000000 0.961600840 0.038399167
1168 0.000000000 0.956476092 0.043523882
1169 0.000000000 0.630039334 0.369960636
1170 0.000000000 0.960529566 0.039470408
1171 0.000000000 0.970553458 0.029446544
1172 0.000000000 0.954193592 0.045806427
1173 0.000000000 0.984379232 0.015620773
1174 0.000000000 0.976913154 0.023086859
1175 0.000000000 0.978229284 0.021770706
1176 0.000000000 0.281209290 0.718790710
1177 0.000000000 1.000000000 0.000000000
1178 0.000000000 0.982884109 0.017115895
1179 0.000000000 0.988103092 0.011896916
1180 0.000000000 1.000000000 0.000000000
1181 0.000000000 1.000000000 0.000000000
1182 0.000000000 0.978495240 0.021504745
1183 0.000000000 0.989071548 0.010928474
1184 0.000000000 0.961604357 0.038395621
1185 0.000000000 0.930644512 0.069355495
1186 0.000000000 0.780003309 0.219996661
1187 0.000000000 0.785144925 0.214855075
1188 0.000000000 0.870330691 0.129669338
1189 0.000000000 0.990811646 0.009188343
1190 0.000000000 0.389360845 0.610639155
1191 0.000000000 0.994519234 0.005480788
1192 0.000000000 0.991987109 0.008012880
1193 0.000000000 0.993992746 0.006007235
1194 0.000000000 0.990259469 0.009740539
1195 0.000000000 0.975286603 0.024713410
1196 0.000000000 0.914874375 0.085125625
1197 0.000000000 0.798072219 0.201927766
1198 0.000000000 0.905156314 0.094843715
1199 0.000000000 0.837303102 0.162696883
1200 0.000000000 0.986218631 0.013781398
1201 0.000000000 0.968703806 0.031296168
1202 0.000000000 0.964983523 0.035016492
1203 0.000000000 0.995076537 0.004923460
1204 0.000000000 0.280681551 0.719318449
1205 0.000000000 0.953619182 0.046380810
1206 0.000000000 0.970867157 0.029132873
1207 0.000000000 0.957085907 0.042914100
1208 0.000000000 0.947900176 0.052099798
1209 0.000000000 0.922417939 0.077582054
1210 0.000000000 0.761160135 0.238839850
1211 0.000000000 0.944144905 0.055855084
1212 0.000000000 0.591938913 0.408061087
1213 0.000000000 0.842239022 0.157760963
1214 0.000000000 0.923077881 0.076922134
1215 0.000000000 0.974831820 0.025168182
1216 0.000000000 0.713196397 0.286803573
1217 0.000000000 0.855694532 0.144305483
1218 0.000000000 0.238261536 0.761738479
1219 0.000000000 0.957484186 0.042515803
1220 0.000000000 0.840375602 0.159624383
1221 0.000000000 0.729868829 0.270131171
1222 0.000000000 0.478967071 0.521032929
1223 0.000000000 0.513275623 0.486724347
1224 0.000000000 0.672924876 0.327075124
1225 0.000000000 0.609887242 0.390112758
1226 0.000000000 0.611552298 0.388447702
1227 0.000000000 0.764346123 0.235653892
1228 0.000000000 0.798573852 0.201426134
1229 0.000000000 0.766617656 0.233382374
1230 0.000000000 0.568337977 0.431662023
1231 0.000000000 0.632806838 0.367193162
1232 0.000000000 0.126835898 0.873164117
1233 0.000000000 0.582963765 0.417036265
1234 0.000000000 0.560666680 0.439333349
1235 0.000000000 0.179604053 0.820395947
1236 0.000000000 0.233064890 0.766935110
1237 0.000000000 0.235509187 0.764490783
1238 0.000000000 0.243939668 0.756060362
1239 0.000000000 0.173881516 0.826118469
1240 0.000000000 0.286432296 0.713567734
1241 0.000000000 0.296415448 0.703584552
1242 0.000000000 0.310804188 0.689195812
1243 0.000000000 0.278010875 0.721989155
1244 0.000000000 0.266459435 0.733540595
1245 0.000000000 0.360001624 0.639998376
1246 0.000000000 0.114933573 0.885066450
1247 0.000000000 0.168153316 0.831846714
1248 0.000000000 0.039625060 0.960374951
1249 0.000000000 0.038287636 0.961712360
1250 0.000000000 0.046351321 0.953648686
1251 0.000000000 0.012917471 0.987082541
1252 0.000000000 0.013303553 0.986696422
1253 0.000000000 0.035236076 0.964763939
1254 0.000000000 0.029371474 0.970628500
1255 0.000000000 0.075124733 0.924875259
1256 0.000000000 0.040426731 0.959573269
1257 0.000000000 0.039704256 0.960295737
1258 0.000000000 0.105327569 0.894672453
1259 0.000000000 0.072329983 0.927670002
1260 0.000000000 0.090349875 0.909650147
1261 0.000000000 0.000000000 1.000000000
1262 0.000000000 0.000000000 1.000000000
1263 0.000000000 0.000000000 1.000000000
1264 0.000000000 0.000699548 0.999300480
1265 0.000000000 0.000000000 1.000000000
1266 0.000000000 0.000000000 1.000000000
1267 0.000000000 0.000000000 1.000000000
1268 0.000000000 0.000834418 0.999165595
1269 0.000000000 0.000728887 0.999271095
1270 0.000000000 0.000000000 1.000000000
1271 0.000000000 0.001185212 0.998814762
1272 0.000000000 0.000528727 0.999471247
1273 0.000000000 0.000000000 1.000000000
1274 0.000000000 0.081347771 0.918652236
1275 0.000000000 0.000000000 1.000000000
1276 0.000000000 0.007210379 0.992789626
1277 0.000000000 0.002205051 0.997794926
1278 0.000000000 0.000025642 0.999974370
1279 0.000000000 0.000000000 1.000000000
1280 0.000000000 0.000124231 0.999875784
1281 0.000000000 0.001218170 0.998781860
1282 0.000000000 0.001255728 0.998744249
1283 0.000000000 0.001705571 0.998294413
1284 0.000000000 0.002038815 0.997961164
1285 0.000000000 0.000852220 0.999147773
1286 0.000000000 0.001798907 0.998201072
1287 0.000000000 0.000000000 1.000000000
1288 0.000000000 0.093206041 0.906793952
1289 0.000000000 0.000000000 1.000000000
1290 0.000000000 0.000000000 1.000000000
1291 0.000000000 0.000022935 0.999977052
1292 0.000000000 0.038409177 0.961590827
1293 0.000000000 0.061376099 0.938623905
1294 0.000000000 0.000236601 0.999763370
1295 0.000000000 0.000683385 0.999316633
1296 0.000000000 0.000713704 0.999286294
1297 0.000000000 0.069878012 0.930121958
1298 0.000000000 0.011408487 0.988591492
1299 0.000000000 0.030324189 0.969675839
1300 0.000000000 0.290830940 0.709169090
1301 0.000000000 0.508592367 0.491407633
1302 0.000000000 0.344917983 0.655081987
1303 0.000000000 0.000000000 1.000000000
1304 0.000000000 0.189499214 0.810500801
1305 0.000000000 0.255254656 0.744745314
1306 0.000000000 0.273218989 0.726781011
1307 0.000000000 0.145033225 0.854966760
1308 0.000000000 0.171475977 0.828524053
1309 0.000000000 0.105378635 0.894621372
1310 0.000000000 0.461718380 0.538281620
1311 0.000000000 0.252343774 0.747656226
1312 0.000000000 0.464709342 0.535290658
1313 0.000000000 0.454852015 0.545148015
1314 0.000000000 0.517373621 0.482626379
1315 0.000000000 0.562224984 0.437774986
1316 0.000000000 0.334743232 0.665256739
1317 0.000000000 0.000005700 0.999994278
1318 0.000000000 0.619818926 0.380181074
1319 0.000000000 0.570075214 0.429924786
1320 0.000000000 0.328791112 0.671208858
1321 0.000000000 0.360650569 0.639349401
1322 0.000000000 0.469617575 0.530382395
1323 0.000000000 0.667966962 0.332033068
1324 0.000000000 0.520128548 0.479871422
1325 0.000000000 0.707435310 0.292564690
1326 0.000000000 0.605345428 0.394654542
1327 0.000000000 0.677442670 0.322557360
1328 0.000000000 0.628870487 0.371129513
1329 0.000000000 0.563079059 0.436920911
1330 0.000000000 0.630676568 0.369323403
1331 0.000000000 0.000000000 1.000000000
1332 0.000000000 0.658276856 0.341723174
1333 0.000000000 0.517106473 0.482893497
1334 0.000000000 0.656140387 0.343859613
1335 0.000000000 0.645340800 0.354659200
1336 0.000000000 0.729165435 0.270834565
1337 0.000000000 0.784874678 0.215125337
1338 0.000000000 0.766474903 0.233525082
1339 0.000000000 0.736381590 0.263618439
1340 0.000000000 0.809283614 0.190716401
1341 0.000000000 0.786934733 0.213065252
1342 0.000000000 0.636969090 0.363030910
1343 0.000000000 0.666943491 0.333056509
1344 0.000000000 0.765071332 0.234928653
1345 0.000000000 0.000000000 1.000000000
1346 0.000000000 0.638799489 0.361200482
1347 0.000000000 0.703574598 0.296425402
1348 0.000000000 0.744750500 0.255249530
1349 0.000000000 0.899171233 0.100828767
1350 0.000000000 0.837247312 0.162752703
1351 0.000000000 0.847071111 0.152928904
1352 0.000000000 0.962503076 0.037496928
1353 0.000000000 0.919213653 0.080786370
1354 0.000000000 0.906500936 0.093499050
1355 0.000000000 0.874308527 0.125691473
1356 0.000000000 0.946415126 0.053584851
1357 0.000000000 0.948724866 0.051275153
1358 0.000000000 0.932958484 0.067041516
1359 0.000000000 0.000085198 0.999914825
1360 0.000000000 0.805615723 0.194384307
1361 0.000000000 0.847377479 0.152622536
1362 0.000000000 0.941964328 0.058035664
1363 0.000000000 0.882058501 0.117941484
1364 0.000000000 0.785229981 0.214770019
1365 0.000000000 0.936659276 0.063340694
1366 0.000000000 0.928966343 0.071033664
1367 0.000000000 0.940034091 0.059965920
1368 0.000000000 0.790624797 0.209375203
1369 0.000000000 0.950556695 0.049443323
1370 0.000000000 0.949572086 0.050427902
1371 0.000000000 0.900339305 0.099660710
1372 0.000000000 0.955029666 0.044970360
1373 0.000000000 0.000176938 0.999823034
1374 0.000000000 0.925610602 0.074389420
1375 0.000000000 0.975743473 0.024256507
1376 0.000000000 0.930635035 0.069364958
1377 0.000000000 0.917760193 0.082239792
1378 0.000000000 0.938787699 0.061212320
1379 0.000000000 0.805814266 0.194185719
1380 0.000000000 0.856362164 0.143637806
1381 0.000000000 0.873929977 0.126070023
1382 0.000000000 0.883694172 0.116305813
1383 0.000000000 0.939400494 0.060599491
1384 0.000000000 0.922872782 0.077127241
1385 0.000000000 0.916769266 0.083230734
1386 0.000000000 0.926190972 0.073809020
1387 0.000000000 0.000000000 1.000000000
1388 0.000000000 0.915342927 0.084657088
1389 0.000000000 0.821667016 0.178332984
1390 0.000000000 0.640598178 0.359401822
1391 0.000000000 0.727733135 0.272266895
1392 0.000000000 0.680366099 0.319633901
1393 0.000000000 0.677495718 0.322504282
1394 0.000000000 0.778509140 0.221490860
1395 0.000000000 0.804062903 0.195937067
1396 0.000000000 0.929652214 0.070347808
1397 0.000000000 0.800654292 0.199345678
1398 0.000000000 0.813597858 0.186402142
1399 0.000000000 0.832399368 0.167600632
1400 0.000000000 0.802745581 0.197254419
1401 0.000000000 0.000000000 1.000000000
1402 0.000000000 0.539841950 0.460158080
1403 0.000000000 0.378384382 0.621615648
1404 0.000000000 0.072641440 0.927358568
1405 0.000000000 0.056339189 0.943660796
1406 0.000000000 0.088042438 0.911957562
1407 0.000000000 0.085748665 0.914251328
1408 0.000000000 0.077782296 0.922217727
1409 0.000000000 0.160959825 0.839040160
1410 0.000000000 0.097706392 0.902293622
1411 0.000000000 0.198887229 0.801112771
1412 0.000000000 0.156873330 0.843126655
1413 0.000000000 0.145130679 0.854869306
1414 0.000000000 0.288923562 0.711076438
1415 0.000000000 0.000000000 1.000000000
1416 0.000000000 0.009378604 0.990621388
1417 0.000000000 0.000000000 1.000000000
1418 0.000000000 0.000000000 1.000000000
1419 0.000000000 0.000006421 0.999993563
1420 0.000000000 0.000058202 0.999941826
1421 0.000000000 0.000001821 0.999998152
1422 0.000000000 0.000006942 0.999993086
1423 0.000000000 0.000000000 1.000000000
1424 0.000000000 0.000000000 1.000000000
1425 0.000000000 0.000000000 1.000000000
1426 0.000000000 0.000000000 1.000000000
1427 0.000000000 0.000000000 1.000000000
1428 0.000000000 0.000006072 0.999993920
1429 0.000000000 0.000000000 1.000000000
1430 0.000000000 0.000000000 1.000000000
1431 0.744173646 0.000000000 0.255826354
1432 0.785602868 0.000000000 0.214397147
1433 1.000000000 0.000000000 0.000000000
1434 0.744173646 0.000000000 0.255826354
1435 0.744173646 0.000000000 0.255826354
1436 0.744173646 0.000000000 0.255826354
1437 1.000000000 0.000000000 0.000000000
1438 0.744173646 0.000000000 0.255826354
1439 1.000000000 0.000000000 0.000000000
1440 0.744173646 0.000000000 0.255826354
1441 1.000000000 0.000000000 0.000000000
1442 0.744173646 0.000000000 0.255826354
1443 0.978497744 0.000000000 0.021502251
1444 0.000000000 0.000000000 1.000000000
1445 0.930565298 0.000000000 0.069434702
1446 0.754039347 0.000000000 0.245960638
1447 0.877144575 0.000000000 0.122855403
1448 0.863240182 0.000000000 0.136759833
1449 0.933787942 0.000000000 0.066212043
1450 0.860599756 0.000000000 0.139400274
1451 0.884661973 0.000000000 0.115337998
1452 0.790457189 0.000000000 0.209542811
1453 0.968849957 0.000000000 0.031150013
1454 1.000000000 0.000000000 0.000000000
1455 0.948062956 0.000000000 0.051937040
1456 1.000000000 0.000000000 0.000000000
1457 1.000000000 0.000000000 0.000000000
1458 0.000000000 0.000000000 1.000000000
1459 0.530330479 0.000000000 0.469669491
1460 0.952147186 0.000000000 0.047852784
1461 1.000000000 0.000000000 0.000000000
1462 1.000000000 0.000000000 0.000000000
1463 0.743619919 0.000000000 0.256380111
1464 0.952147186 0.000000000 0.047852784
1465 0.868732214 0.000000000 0.131267801
1466 1.000000000 0.000000000 0.000000000
1467 1.000000000 0.000000000 0.000000000
1468 1.000000000 0.000000000 0.000000000
1469 0.871054351 0.058456056 0.070489570
1470 0.913614035 0.000000000 0.086385988
1471 0.877374172 0.043081045 0.079544805
1472 0.000000000 0.000000000 1.000000000
1473 0.791604280 0.058456056 0.149939671
1474 0.476748466 0.400268972 0.122982554
1475 0.657614827 0.200757772 0.141627431
1476 0.809026361 0.058592875 0.132380754
1477 0.807870746 0.000000000 0.192129239
1478 0.884241521 0.108046919 0.007711543
1479 0.924649417 0.058456056 0.016894551
1480 0.848949909 0.151050106 0.000000000
1481 0.868318260 0.058456056 0.073225714
1482 0.869382143 0.072100483 0.058517382
1483 0.893162072 0.041114666 0.065723240
1484 0.880647898 0.106042311 0.013309773
1485 0.762269974 0.133428931 0.104301080
1486 0.000000000 0.000041281 0.999958694
1487 0.785213590 0.154261187 0.060525220
1488 0.658217311 0.224758908 0.117023751
1489 0.916692615 0.055577535 0.027729856
1490 0.846979201 0.117822178 0.035198636
1491 0.950555027 0.033600509 0.015844464
1492 0.909329891 0.054065242 0.036604885
1493 0.869676888 0.130323127 0.000000000
1494 0.943440080 0.037130147 0.019429775
1495 0.884357274 0.062098321 0.053544391
1496 0.899282098 0.004841707 0.095876187
1497 0.927496374 0.050729025 0.021774581
1498 0.910471559 0.039651506 0.049876928
1499 0.824722290 0.130575940 0.044701789
1500 0.000000000 0.000000000 1.000000000
1501 0.518497348 0.287133604 0.194369063
1502 0.882286966 0.040907916 0.076805145
1503 0.674165606 0.184611320 0.141223103
1504 0.906516254 0.066285074 0.027198685
1505 0.583557069 0.340281516 0.076161414
1506 0.830501735 0.169498265 0.000000000
1507 0.864102483 0.117149085 0.018748434
1508 0.630479217 0.342349559 0.027171230
1509 0.763292551 0.176066324 0.060641106
1510 0.614988208 0.343399465 0.041612312
1511 0.728346467 0.196571425 0.075082123
1512 0.615452528 0.311834872 0.072712593
1513 0.561483681 0.413679957 0.024836350
1514 0.000000000 0.000115999 0.999884009
1515 0.718174040 0.215817794 0.066008158
1516 0.432849050 0.475637496 0.091513447
1517 0.592131913 0.351726204 0.056141861
1518 0.497123569 0.470477253 0.032399159
1519 0.688389897 0.297295898 0.014314182
1520 0.643099368 0.351534754 0.005365846
1521 0.718396962 0.280373991 0.001229034
1522 0.820799947 0.162073389 0.017126679
1523 0.529981136 0.469542444 0.000476435
1524 0.612042546 0.374429256 0.013528194
1525 0.752172530 0.247361615 0.000465840
1526 0.566668153 0.433188349 0.000143478
1527 0.613426089 0.376030594 0.010543279
1528 0.000211699 0.000154716 0.999633610
1529 0.444911718 0.541938961 0.013149307
1530 0.515859544 0.472661614 0.011478811
1531 0.462488770 0.530302525 0.007208681
1532 0.581081927 0.418595314 0.000322743
1533 0.630418241 0.369581759 0.000000000
1534 0.742197156 0.248568684 0.009234170
1535 0.780620635 0.212294191 0.007085198
1536 0.626236081 0.371269554 0.002494385
1537 0.657162726 0.332453668 0.010383639
1538 0.718829870 0.274957001 0.006213110
1539 0.622523129 0.372231811 0.005245055
1540 0.647387981 0.345067203 0.007544826
1541 0.738960564 0.252645284 0.008394155
1542 0.000000000 0.000116090 0.999883890
1543 0.658860981 0.330467284 0.010671741
1544 0.599218309 0.395082980 0.005698710
1545 0.594024241 0.405944765 0.000031025
1546 0.697216630 0.300995916 0.001787475
1547 0.201989174 0.785565734 0.012445095
1548 0.407148212 0.571809173 0.021042638
1549 0.204348341 0.783682704 0.011968967
1550 0.372315973 0.608529806 0.019154204
1551 0.387991875 0.582812428 0.029195687
1552 0.271135330 0.725721061 0.003143626
1553 0.346781194 0.627847254 0.025371535
1554 0.500248432 0.483178049 0.016573545
1555 0.417238474 0.572420955 0.010340588
1556 0.000000000 0.000084598 0.999915421
1557 0.258843213 0.729876161 0.011280643
1558 0.265832782 0.733301818 0.000865376
1559 0.231877655 0.759128332 0.008993994
1560 0.069797993 0.924484670 0.005717333
1561 0.085256599 0.901136577 0.013606844
1562 0.090629898 0.907709181 0.001660923
1563 0.129380286 0.847728610 0.022891110
1564 0.124508716 0.870042503 0.005448756
1565 0.116625316 0.881287634 0.002087050
1566 0.062869266 0.919193804 0.017936928
1567 0.193370745 0.781978488 0.024650743
1568 0.117192626 0.875269592 0.007537779
1569 0.120753653 0.869749486 0.009496871
1570 0.000000000 0.000928801 0.999071181
1571 0.037565883 0.960111737 0.002322357
1572 0.021694701 0.969681919 0.008623351
1573 0.000000000 0.967487037 0.032512937
1574 0.000000000 0.969361007 0.030638991
1575 0.000000000 0.984494805 0.015505194
1576 0.000030183 0.957798660 0.042171158
1577 0.000000000 0.994947016 0.005052995
1578 0.000041936 0.991713941 0.008244116
1579 0.000000000 0.984886587 0.015113425
1580 0.000041936 0.962497532 0.037460528
1581 0.000000000 0.975660503 0.024339477
1582 0.000000000 0.996589780 0.003410215
1583 0.000000000 0.997233272 0.002766743
1584 0.000000000 0.000000000 1.000000000
1585 0.000000000 0.933928013 0.066071995
1586 0.000000000 0.126078531 0.873921454
1587 0.000000000 0.078747913 0.921252072
1588 0.000000000 0.083454415 0.916545570
1589 0.000000000 0.146204412 0.853795588
1590 0.000000000 0.095988020 0.904011965
1591 0.000000000 0.138175711 0.861824274
1592 0.000000000 0.158321440 0.841678560
1593 0.000000000 0.267094195 0.732905805
1594 0.000000000 0.083429158 0.916570842
1595 0.000000000 0.184837818 0.815162182
1596 0.000177207 0.278084219 0.721738577
1597 0.000000000 0.660696924 0.339303076
1598 0.000000000 0.000003974 0.999996006
1599 0.000000000 0.000000000 1.000000000
1600 0.978696644 0.000000000 0.021303359
1601 0.977285743 0.000000000 0.022714265
1602 1.000000000 0.000000000 0.000000000
1603 0.980056822 0.000000000 0.019943148
1604 1.000000000 0.000000000 0.000000000
1605 0.962408185 0.000000000 0.037591789
1606 1.000000000 0.000000000 0.000000000
1607 1.000000000 0.000000000 0.000000000
1608 1.000000000 0.000000000 0.000000000
1609 0.977619290 0.000000000 0.022380713
1610 1.000000000 0.000000000 0.000000000
1611 0.983771324 0.000000000 0.016228663
1612 1.000000000 0.000000000 0.000000000
1613 0.000000000 0.000000000 1.000000000
1614 0.997852504 0.000000000 0.002147481
1615 0.997908354 0.000000000 0.002091632
1616 0.971650302 0.000000000 0.028349712
1617 0.970488966 0.000000000 0.029511040
1618 0.972756803 0.000000000 0.027243199
1619 0.997572243 0.000000000 0.002427756
1620 0.978817165 0.000000000 0.021182813
1621 0.992134035 0.000000000 0.007865984
1622 0.994339526 0.000040025 0.005620468
1623 0.997502267 0.000000000 0.002497743
1624 0.973994076 0.000016801 0.025989112
1625 0.975150287 0.000139455 0.024710251
1626 0.938339531 0.000000000 0.061660454
1627 0.000000000 0.000000000 1.000000000
1628 0.914192200 0.000000000 0.085807793
1629 0.963044226 0.013942844 0.023012925
1630 0.957267046 0.000000000 0.042732935
1631 0.921553195 0.000000000 0.078446776
1632 0.983158171 0.000000000 0.016841820
1633 0.932782829 0.000000000 0.067217149
1634 0.942907989 0.000000000 0.057092018
1635 0.919403076 0.000003056 0.080593884
1636 0.949520409 0.000000000 0.050479583
1637 0.931737542 0.000007784 0.068254657
1638 0.999439955 0.000560062 0.000000000
1639 0.996579230 0.000000000 0.003420748
1640 1.000000000 0.000000000 0.000000000
1641 0.000000000 0.000000000 1.000000000
1642 0.978968024 0.000233989 0.020797964
1643 0.999659121 0.000340857 0.000000000
1644 0.967477083 0.000480063 0.032042846
1645 0.999295473 0.000704539 0.000000000
1646 0.999749780 0.000250223 0.000000000
1647 0.999287307 0.000674767 0.000037912
1648 0.972064316 0.000567598 0.027368098
1649 0.998851538 0.001148435 0.000000000
1650 0.999560475 0.000439498 0.000000000
1651 0.898930490 0.101069503 0.000000000
1652 1.000000000 0.000000000 0.000000000
1653 1.000000000 0.000000000 0.000000000
1654 1.000000000 0.000000000 0.000000000
1655 0.000000000 0.000000000 1.000000000
1656 1.000000000 0.000000000 0.000000000
1657 0.932264507 0.001395590 0.066339888
1658 1.000000000 0.000000000 0.000000000
1659 1.000000000 0.000000000 0.000000000
1660 1.000000000 0.000000000 0.000000000
1661 0.955423772 0.000000000 0.044576224
1662 0.963106811 0.036893185 0.000000000
1663 0.932412565 0.000000000 0.067587405
1664 0.932879448 0.043663446 0.023457091
1665 0.960108817 0.032453556 0.007437646
1666 0.978466809 0.021533197 0.000000000
1667 0.991212010 0.006444102 0.002343877
1668 0.956192911 0.005686107 0.038120985
1669 0.000000000 0.000000000 1.000000000
1670 0.993306398 0.000000000 0.006693615
1671 0.964212537 0.031453405 0.004334088
1672 0.953936040 0.036987640 0.009076297
1673 0.952359378 0.015413988 0.032226663
1674 0.971129477 0.028870512 0.000000000
1675 0.996820688 0.003179336 0.000000000
1676 0.934403479 0.004134836 0.061461676
1677 0.968734086 0.031062257 0.000203641
1678 0.591811419 0.387645811 0.020542789
1679 0.584218085 0.415781915 0.000000000
1680 0.906086385 0.093913592 0.000000000
1681 0.941731274 0.058268733 0.000000000
1682 0.537156403 0.462843627 0.000000000
1683 0.000000000 0.000000000 1.000000000
1684 0.603985250 0.396014780 0.000000000
1685 0.619612336 0.380362362 0.000025288
1686 0.930414021 0.069585979 0.000000000
1687 0.887273550 0.112726457 0.000000000
1688 0.983609557 0.016390448 0.000000000
1689 0.922963858 0.077036113 0.000000000
1690 0.912820339 0.082155235 0.005024454
1691 0.916911781 0.072066911 0.011021298
1692 0.987502098 0.012497894 0.000000000
1693 0.981079221 0.014739594 0.004181195
1694 0.948677421 0.051322572 0.000000000
1695 0.988676429 0.011323570 0.000000000
1696 0.987311006 0.012688968 0.000000000
1697 0.000000000 0.000000000 1.000000000
1698 0.973254263 0.026745709 0.000000000
1699 0.834612727 0.165387243 0.000000000
1700 0.966445744 0.033554271 0.000000000
1701 0.907990575 0.092009455 0.000000000
1702 0.984138966 0.015861018 0.000000000
1703 0.645642996 0.336329311 0.018027704
1704 0.612214983 0.313067883 0.074717134
1705 0.665531754 0.333159626 0.001308639
1706 0.742811441 0.249655128 0.007533416
1707 0.875519037 0.103521921 0.020959018
1708 0.714503527 0.254507482 0.030988989
1709 0.878213763 0.091251627 0.030534582
1710 0.677985370 0.319589168 0.002425466
1711 0.000000000 0.097844422 0.902155578
1712 0.705416203 0.280314237 0.014269579
1713 0.845603943 0.149906918 0.004489154
1714 0.642286062 0.327442020 0.030271918
1715 0.763399780 0.205452979 0.031147255
1716 0.543050289 0.443578392 0.013371337
1717 0.380762160 0.560957611 0.058280192
1718 0.420323640 0.576279938 0.003396400
1719 0.610311031 0.367557138 0.022131827
1720 0.637475491 0.334055960 0.028468549
1721 0.546542764 0.434161514 0.019295715
1722 0.595833540 0.389878362 0.014288080
1723 0.488864213 0.508789539 0.002346258
1724 0.499567449 0.492759287 0.007673250
1725 0.000000000 0.000000000 1.000000000
1726 0.609216392 0.386545300 0.004238323
1727 0.497563630 0.498408735 0.004027640
1728 0.190309972 0.712628603 0.097061440
1729 0.456428856 0.535753071 0.007818108
1730 0.225672454 0.748848498 0.025479034
1731 0.139345795 0.854207516 0.006446656
1732 0.295923233 0.695635796 0.008440957
1733 0.312636763 0.682074189 0.005289019
1734 0.210558534 0.787467659 0.001973816
1735 0.186460167 0.806330562 0.007209292
1736 0.232162997 0.763995171 0.003841857
1737 0.259977192 0.736598372 0.003424434
1738 0.399634778 0.595736921 0.004628280
1739 0.000000000 0.000000000 1.000000000
1740 0.185224414 0.810988128 0.003787433
1741 0.059708081 0.819776595 0.120515324
1742 0.000000000 0.789550126 0.210449859
1743 0.000000000 0.906852841 0.093147188
1744 0.000000000 0.952440441 0.047559552
1745 0.000000000 0.972134650 0.027865328
1746 0.000000000 0.736684322 0.263315707
1747 0.000000000 0.963309169 0.036690809
1748 0.000000000 0.979027510 0.020972474
1749 0.000000000 0.974397004 0.025602998
1750 0.000000000 0.979211092 0.020788895
1751 0.000000000 0.970229268 0.029770762
1752 0.000000000 0.940222323 0.059777688
1753 0.000000000 0.000000000 1.000000000
1754 0.000000000 0.795746744 0.204253241
1755 0.000000000 0.050991550 0.949008465
1756 0.000000000 0.020371076 0.979628921
1757 0.000000000 0.043591924 0.956408083
1758 0.000000000 0.000000000 1.000000000
1759 0.000000000 0.000000000 1.000000000
1760 0.000000000 0.000000000 1.000000000
1761 0.000000000 0.000000000 1.000000000
1762 0.000000000 0.000000000 1.000000000
1763 0.000000000 0.317297488 0.682702541
1764 0.000000000 0.027331034 0.972668946
1765 0.010402100 0.196065098 0.793532789
1766 0.000000000 0.393001914 0.606998086
1767 0.000000000 0.000000000 1.000000000
1768 0.000000000 1.000000000 0.000000000
1769 1.000000000 0.000000000 0.000000000
1770 1.000000000 0.000000000 0.000000000
1771 1.000000000 0.000000000 0.000000000
1772 1.000000000 0.000000000 0.000000000
1773 1.000000000 0.000000000 0.000000000
1774 1.000000000 0.000000000 0.000000000
1775 1.000000000 0.000000000 0.000000000
1776 1.000000000 0.000000000 0.000000000
1777 1.000000000 0.000000000 0.000000000
1778 1.000000000 0.000000000 0.000000000
1779 1.000000000 0.000000000 0.000000000
1780 1.000000000 0.000000000 0.000000000
1781 1.000000000 0.000000000 0.000000000
1782 0.000000000 1.000000000 0.000000000
1783 1.000000000 0.000000000 0.000000000
1784 1.000000000 0.000000000 0.000000000
1785 1.000000000 0.000000000 0.000000000
1786 0.999710083 0.000289941 0.000000000
1787 1.000000000 0.000000000 0.000000000
1788 0.999844670 0.000155306 0.000000000
1789 1.000000000 0.000000000 0.000000000
1790 0.999681592 0.000318407 0.000000000
1791 0.999448240 0.000551782 0.000000000
1792 1.000000000 0.000000000 0.000000000
1793 0.999022603 0.000977385 0.000000000
1794 1.000000000 0.000000000 0.000000000
1795 0.999955475 0.000044526 0.000000000
1796 0.000000000 1.000000000 0.000000000
1797 1.000000000 0.000000000 0.000000000
1798 1.000000000 0.000000000 0.000000000
1799 1.000000000 0.000000000 0.000000000
1800 1.000000000 0.000000000 0.000000000
1801 1.000000000 0.000000000 0.000000000
1802 1.000000000 0.000000000 0.000000000
1803 1.000000000 0.000000000 0.000000000
1804 0.999453545 0.000546456 0.000000000
1805 1.000000000 0.000000000 0.000000000
1806 0.999834239 0.000165764 0.000000000
1807 0.997602820 0.002397195 0.000000000
1808 0.998479068 0.001520921 0.000000000
1809 1.000000000 0.000000000 0.000000000
1810 0.000000000 1.000000000 0.000000000
1811 0.997744083 0.002255891 0.000000000
1812 0.997517943 0.002482075 0.000000000
1813 0.998498559 0.001501438 0.000000000
1814 0.995707273 0.004292746 0.000000000
1815 0.997958958 0.002041051 0.000000000
1816 0.978342175 0.021657847 0.000000000
1817 0.990663707 0.009336265 0.000000000
1818 1.000000000 0.000000000 0.000000000
1819 0.996092379 0.003907648 0.000000000
1820 1.000000000 0.000000000 0.000000000
1821 1.000000000 0.000000000 0.000000000
1822 1.000000000 0.000000000 0.000000000
1823 1.000000000 0.000000000 0.000000000
1824 0.000000000 1.000000000 0.000000000
1825 1.000000000 0.000000000 0.000000000
1826 1.000000000 0.000000000 0.000000000
1827 1.000000000 0.000000000 0.000000000
1828 1.000000000 0.000000000 0.000000000
1829 1.000000000 0.000000000 0.000000000
1830 0.838549495 0.161450505 0.000000000
1831 1.000000000 0.000000000 0.000000000
1832 1.000000000 0.000000000 0.000000000
1833 0.989421785 0.010578209 0.000000000
1834 0.985362053 0.014637960 0.000000000
1835 1.000000000 0.000000000 0.000000000
1836 0.930305541 0.069694437 0.000000000
1837 0.971746624 0.028253362 0.000000000
1838 0.000000000 1.000000000 0.000000000
1839 0.852504432 0.147495568 0.000000000
1840 0.924106419 0.075893588 0.000000000
1841 0.970503747 0.029496262 0.000000000
1842 0.936267912 0.063732088 0.000000000
1843 0.834789038 0.165210977 0.000000000
1844 0.214449823 0.785550177 0.000000000
1845 0.984601736 0.015398237 0.000000000
1846 1.000000000 0.000000000 0.000000000
1847 0.770264626 0.229735389 0.000000000
1848 1.000000000 0.000000000 0.000000000
1849 1.000000000 0.000000000 0.000000000
1850 1.000000000 0.000000000 0.000000000
1851 1.000000000 0.000000000 0.000000000
1852 0.000000000 1.000000000 0.000000000
1853 0.500000000 0.500000000 0.000000000
1854 1.000000000 0.000000000 0.000000000
1855 1.000000000 0.000000000 0.000000000
1856 0.500000000 0.500000000 0.000000000
1857 0.500000000 0.500000000 0.000000000
1858 1.000000000 0.000000000 0.000000000
1859 1.000000000 0.000000000 0.000000000
1860 0.934116900 0.065883115 0.000000000
1861 0.872091293 0.127908736 0.000000000
1862 0.992235363 0.007764658 0.000000000
1863 0.973976612 0.026023410 0.000000000
1864 0.960617065 0.039382957 0.000000000
1865 0.628836453 0.371163577 0.000000000
1866 0.000000000 1.000000000 0.000000000
1867 0.187022194 0.812977791 0.000000000
1868 0.208254769 0.791745245 0.000000000
1869 0.164677784 0.835322201 0.000000000
1870 0.489449024 0.510550976 0.000000000
1871 0.742264807 0.257735223 0.000000000
1872 0.882472336 0.117527664 0.000000000
1873 0.958631217 0.041368764 0.000000000
1874 0.787170708 0.212829322 0.000000000
1875 0.958097517 0.041902497 0.000000000
1876 0.776573002 0.223426983 0.000000000
1877 0.924277902 0.075722113 0.000000000
1878 0.899618089 0.100381941 0.000000000
1879 0.533632815 0.466367155 0.000000000
1880 0.000000000 1.000000000 0.000000000
1881 0.669209063 0.330790937 0.000000000
1882 0.587978840 0.412021160 0.000000000
1883 0.978754580 0.021245405 0.000000000
1884 0.647000074 0.352999955 0.000000000
1885 0.365349114 0.634650886 0.000000000
1886 0.803744972 0.196255028 0.000000000
1887 0.548736691 0.451263338 0.000000000
1888 0.797511101 0.202488884 0.000000000
1889 0.856305361 0.143694654 0.000000000
1890 0.918317556 0.081682414 0.000000000
1891 0.731124282 0.268875718 0.000000000
1892 0.987315774 0.012684211 0.000000000
1893 0.945281208 0.054718766 0.000000000
1894 0.000000000 1.000000000 0.000000000
1895 0.418320417 0.581679583 0.000000000
1896 0.813891768 0.186108202 0.000000000
1897 0.094125703 0.905874312 0.000000000
1898 0.800583959 0.199416026 0.000000000
1899 0.754175484 0.245824486 0.000000000
1900 0.923946381 0.076053612 0.000000000
1901 0.763203859 0.236796141 0.000000000
1902 0.799109519 0.200890481 0.000000000
1903 0.901529074 0.098470904 0.000000000
1904 0.908971667 0.091028355 0.000000000
1905 0.881088734 0.118911266 0.000000000
1906 0.884756684 0.115243308 0.000000000
1907 0.964692831 0.035307188 0.000000000
1908 0.000000000 1.000000000 0.000000000
1909 0.622825205 0.377174795 0.000000000
1910 0.561061859 0.438938141 0.000000000
1911 0.374273837 0.625726163 0.000000000
1912 0.188017964 0.811982036 0.000000000
1913 0.315783679 0.684216321 0.000000000
1914 0.495682001 0.504317999 0.000000000
1915 0.491929710 0.508070290 0.000000000
1916 0.334574401 0.665425599 0.000000000
1917 0.511632085 0.488367885 0.000000000
1918 0.303870231 0.696129799 0.000000000
1919 0.507915735 0.492084235 0.000000000
1920 0.419858724 0.580141306 0.000000000
1921 0.482674718 0.517325282 0.000000000
1922 0.000000000 1.000000000 0.000000000
1923 0.047741897 0.952258110 0.000000000
1924 0.000000000 1.000000000 0.000000000
1925 0.000000000 1.000000000 0.000000000
1926 0.000000000 1.000000000 0.000000000
1927 0.000000000 1.000000000 0.000000000
1928 0.000000000 1.000000000 0.000000000
1929 0.000000000 1.000000000 0.000000000
1930 0.000000000 1.000000000 0.000000000
1931 0.000000000 1.000000000 0.000000000
1932 0.000000000 1.000000000 0.000000000
1933 0.000000000 1.000000000 0.000000000
1934 0.000000000 1.000000000 0.000000000
1935 0.005786030 0.994213998 0.000000000
1936 0.000000000 1.000000000 0.000000000
1937 0.000000000 1.000000000 0.000000000
1938 1.000000000 0.000000000 0.000000000
1939 1.000000000 0.000000000 0.000000000
1940 1.000000000 0.000000000 0.000000000
1941 1.000000000 0.000000000 0.000000000
1942 1.000000000 0.000000000 0.000000000
1943 1.000000000 0.000000000 0.000000000
1944 1.000000000 0.000000000 0.000000000
1945 1.000000000 0.000000000 0.000000000
1946 1.000000000 0.000000000 0.000000000
1947 1.000000000 0.000000000 0.000000000
1948 1.000000000 0.000000000 0.000000000
1949 0.910435736 0.089564271 0.000000000
1950 1.000000000 0.000000000 0.000000000
1951 0.000000000 1.000000000 0.000000000
1952 0.895356536 0.104643472 0.000000000
1953 1.000000000 0.000000000 0.000000000
1954 1.000000000 0.000000000 0.000000000
1955 0.896111071 0.103888951 0.000000000
1956 0.896098137 0.103901863 0.000000000
1957 1.000000000 0.000000000 0.000000000
1958 1.000000000 0.000000000 0.000000000
1959 1.000000000 0.000000000 0.000000000
1960 0.895898819 0.104101196 0.000000000
1961 1.000000000 0.000000000 0.000000000
1962 0.895923793 0.104076177 0.000000000
1963 1.000000000 0.000000000 0.000000000
1964 1.000000000 0.000000000 0.000000000
1965 0.000000000 1.000000000 0.000000000
1966 1.000000000 0.000000000 0.000000000
1967 1.000000000 0.000000000 0.000000000
1968 1.000000000 0.000000000 0.000000000
1969 1.000000000 0.000000000 0.000000000
1970 1.000000000 0.000000000 0.000000000
1971 1.000000000 0.000000000 0.000000000
1972 1.000000000 0.000000000 0.000000000
1973 0.932664514 0.067335472 0.000000000
1974 1.000000000 0.000000000 0.000000000
1975 1.000000000 0.000000000 0.000000000
1976 1.000000000 0.000000000 0.000000000
1977 0.850693762 0.149306208 0.000000000
1978 1.000000000 0.000000000 0.000000000
1979 0.000000000 1.000000000 0.000000000
1980 0.822736859 0.177263126 0.000000000
1981 0.844913960 0.155086026 0.000000000
1982 0.851502895 0.148497120 0.000000000
1983 0.804198146 0.195801824 0.000000000
1984 0.734685123 0.265314907 0.000000000
1985 0.782359481 0.217640549 0.000000000
1986 0.806838334 0.193161681 0.000000000
1987 0.762316525 0.237683460 0.000000000
1988 0.638327777 0.361672193 0.000000000
1989 1.000000000 0.000000000 0.000000000
1990 1.000000000 0.000000000 0.000000000
1991 0.906091332 0.093908675 0.000000000
1992 0.938202977 0.061796997 0.000000000
1993 0.000000000 1.000000000 0.000000000
1994 0.743479908 0.256520092 0.000000000
1995 0.857234538 0.142765433 0.000000000
1996 0.889087498 0.110912479 0.000000000
1997 0.756177843 0.243822172 0.000000000
1998 0.877011418 0.122988597 0.000000000
1999 1.000000000 0.000000000 0.000000000
2000 0.999977767 0.000022245 0.000000000
2001 0.724570632 0.275429398 0.000000000
2002 0.987731814 0.012268214 0.000000000
2003 0.986724854 0.013275146 0.000000000
2004 0.984970272 0.015029700 0.000000000
2005 0.974448740 0.025551235 0.000000000
2006 0.812723041 0.187276974 0.000000000
2007 0.000000000 1.000000000 0.000000000
2008 0.937762439 0.062237583 0.000000000
2009 0.842222691 0.157777339 0.000000000
2010 0.731122851 0.268877149 0.000000000
2011 0.911141932 0.088858068 0.000000000
2012 0.870121360 0.129878610 0.000000000
2013 1.000000000 0.000000000 0.000000000
2014 0.722299397 0.277700633 0.000000000
2015 0.829440653 0.170559332 0.000000000
2016 0.666942894 0.333057076 0.000000000
2017 0.874419332 0.125580654 0.000000000
2018 0.704098463 0.295901537 0.000000000
2019 0.830367386 0.169632599 0.000000000
2020 0.514120996 0.485879004 0.000000000
2021 0.000000000 1.000000000 0.000000000
2022 0.462559968 0.537440002 0.000000000
2023 0.453491092 0.546508908 0.000000000
2024 0.641364038 0.358635992 0.000000000
2025 0.971829295 0.028170684 0.000000000
2026 0.912584603 0.087415375 0.000000000
2027 0.495996147 0.504003823 0.000000000
2028 0.988097847 0.011902152 0.000000000
2029 0.728095233 0.271904796 0.000000000
2030 0.996081114 0.003918916 0.000000000
2031 0.999568880 0.000431137 0.000000000
2032 0.992721736 0.007278243 0.000000000
2033 0.997605503 0.002394495 0.000000000
2034 0.946503103 0.053496879 0.000000000
2035 0.000000000 1.000000000 0.000000000
2036 0.523224413 0.476775616 0.000000000
2037 0.598926783 0.401073217 0.000000000
2038 0.403475940 0.596524060 0.000000000
2039 0.672326267 0.327673703 0.000000000
2040 0.366497278 0.633502722 0.000000000
2041 0.993455946 0.006544062 0.000000000
2042 0.493134618 0.506865382 0.000000000
2043 0.861209631 0.138790384 0.000000000
2044 0.521243930 0.478756070 0.000000000
2045 0.422385156 0.577614844 0.000000000
2046 0.895549774 0.104450218 0.000000000
2047 0.550486088 0.449513912 0.000000000
2048 0.979260087 0.020739937 0.000000000
2049 0.000000000 1.000000000 0.000000000
2050 0.781308472 0.218691528 0.000000000
2051 0.884130955 0.115869030 0.000000000
2052 0.476075321 0.523924649 0.000000000
2053 0.124168806 0.875831187 0.000000000
2054 0.686955690 0.313044310 0.000000000
2055 0.422918886 0.577081084 0.000000000
2056 0.327594429 0.672405601 0.000000000
2057 0.388227612 0.611772418 0.000000000
2058 0.625984490 0.374015510 0.000000000
2059 0.641838431 0.358161598 0.000000000
2060 0.434650689 0.565349340 0.000000000
2061 0.519737244 0.480262727 0.000000000
2062 0.781053126 0.218946844 0.000000000
2063 0.000000000 1.000000000 0.000000000
2064 0.532375634 0.467624336 0.000000000
2065 0.396236092 0.603763878 0.000000000
2066 0.171466976 0.828533053 0.000000000
2067 0.494122565 0.505877435 0.000000000
2068 0.366997987 0.633001983 0.000000000
2069 0.403757751 0.596242249 0.000000000
2070 0.344810814 0.655189157 0.000000000
2071 0.508715570 0.491284460 0.000000000
2072 0.716187358 0.283812672 0.000000000
2073 0.355975360 0.644024670 0.000000000
2074 0.549715281 0.450284719 0.000000000
2075 0.642607272 0.357392699 0.000000000
2076 0.428005725 0.571994305 0.000000000
2077 0.000000000 1.000000000 0.000000000
2078 0.190411747 0.809588253 0.000000000
2079 0.104466572 0.895533442 0.000000000
2080 0.028670046 0.971329927 0.000000000
2081 0.055120777 0.944879234 0.000000000
2082 0.011413121 0.988586903 0.000000000
2083 0.018991897 0.981008112 0.000000000
2084 0.018448569 0.981551409 0.000000000
2085 0.031968318 0.968031704 0.000000000
2086 0.043548182 0.956451833 0.000000000
2087 0.077871971 0.922128022 0.000000000
2088 0.046182428 0.953817546 0.000000000
2089 0.077961512 0.922038496 0.000000000
2090 0.079181544 0.920818448 0.000000000
2091 0.000000000 1.000000000 0.000000000
2092 0.013771196 0.986228824 0.000000000
2093 0.000000000 1.000000000 0.000000000
2094 0.000000000 1.000000000 0.000000000
2095 0.000000000 1.000000000 0.000000000
2096 0.000000000 1.000000000 0.000000000
2097 0.000000000 1.000000000 0.000000000
2098 0.000000000 1.000000000 0.000000000
2099 0.000000000 1.000000000 0.000000000
2100 0.000000000 1.000000000 0.000000000
2101 0.000000000 1.000000000 0.000000000
2102 0.000000000 1.000000000 0.000000000
2103 0.000000000 1.000000000 0.000000000
2104 0.000000000 1.000000000 0.000000000
2105 0.000000000 1.000000000 0.000000000
2106 0.000000000 0.500000000 0.500000000
2107 0.000000000 0.500000000 0.500000000
2108 0.000000000 0.500000000 0.500000000
2109 0.000000000 0.500000000 0.500000000
2110 0.000000000 0.500000000 0.500000000
2111 0.000000000 0.500000000 0.500000000
2112 0.000000000 0.500000000 0.500000000
2113 0.000000000 0.500000000 0.500000000
2114 0.000000000 0.500000000 0.500000000
2115 0.000000000 0.500000000 0.500000000
2116 0.000000000 0.500000000 0.500000000
2117 0.000000000 0.500000000 0.500000000
2118 0.000000000 0.500000000 0.500000000
2119 0.000000000 0.500000000 0.500000000
2120 0.000000000 0.500000000 0.500000000
2121 0.000000000 0.500000000 0.500000000
2122 0.000000000 0.500000000 0.500000000
2123 0.000000000 0.500000000 0.500000000
2124 0.000000000 0.500000000 0.500000000
2125 0.000000000 0.500000000 0.500000000
2126 0.000000000 0.500000000 0.500000000
2127 0.000000000 0.500000000 0.500000000
2128 0.000000000 0.500000000 0.500000000
2129 0.000000000 0.500000000 0.500000000
2130 0.000000000 0.500000000 0.500000000
2131 0.000000000 0.500000000 0.500000000
2132 0.000000000 0.953094006 0.046905980
2133 0.000000000 0.951628566 0.048371434
2134 0.000000000 0.975951731 0.024048241
2135 0.000000000 0.953527689 0.046472289
2136 0.000000000 0.953463793 0.046536226
2137 0.000000000 0.956138611 0.043861371
2138 0.000000000 0.956052959 0.043947034
2139 0.000000000 0.953081787 0.046918221
2140 0.000000000 0.951628566 0.048371434
2141 0.000000000 0.964969933 0.035030056
2142 0.000000000 0.952237785 0.047762215
2143 0.000000000 0.952115238 0.047884744
2144 0.000000000 0.951628566 0.048371434
2145 0.000000000 1.000000000 0.000000000
2146 0.000000000 1.000000000 0.000000000
2147 0.000000000 1.000000000 0.000000000
2148 0.000000000 0.986707509 0.013292504
2149 0.000000000 1.000000000 0.000000000
2150 0.000000000 1.000000000 0.000000000
2151 0.000000000 1.000000000 0.000000000
2152 0.000000000 1.000000000 0.000000000
2153 0.000000000 0.656199455 0.343800515
2154 0.000000000 1.000000000 0.000000000
2155 0.000000000 1.000000000 0.000000000
2156 0.000000000 0.656199455 0.343800515
2157 0.000000000 1.000000000 0.000000000
2158 0.000000000 0.957196295 0.042803731
2159 0.000000000 0.948229015 0.051771000
2160 0.000000000 0.961883426 0.038116582
2161 0.000000000 0.994449377 0.005550638
2162 0.000000000 0.985481262 0.014518713
2163 0.000000000 0.950015247 0.049984753
2164 0.000000000 0.989506781 0.010493236
2165 0.000000000 0.990663290 0.009336690
2166 0.000000000 0.962993801 0.037006207
2167 0.000000000 0.986891747 0.013108280
2168 0.000000000 0.946414471 0.053585552
2169 0.000000000 0.983847797 0.016152229
2170 0.000000000 0.995791793 0.004208215
2171 0.000000000 0.999256432 0.000743596
2172 0.000000000 0.958550990 0.041448999
2173 0.000000000 0.988476753 0.011523228
2174 0.000000000 0.999979198 0.000020797
2175 0.000000000 0.947974443 0.052025575
2176 0.000000000 0.743723214 0.256276757
2177 0.000000000 0.917501569 0.082498424
2178 0.000000000 0.895934403 0.104065612
2179 0.000000000 0.893116474 0.106883511
2180 0.000000000 0.969047964 0.030952018
2181 0.000000000 0.908453465 0.091546528
2182 0.000000000 0.921290815 0.078709170
2183 0.000000000 0.950044930 0.049955081
2184 0.000000000 0.995944440 0.004055582
2185 0.000000000 0.999788702 0.000211271
2186 0.000000000 1.000000000 0.000000000
2187 0.000000000 0.946137071 0.053862922
2188 0.000000000 0.997493923 0.002506085
2189 0.000000000 0.987042964 0.012957042
2190 0.000000000 0.735371351 0.264628649
2191 0.000000000 0.953005314 0.046994671
2192 0.000000000 0.970112681 0.029887302
2193 0.000000000 0.951801896 0.048198130
2194 0.000000000 0.955816865 0.044183135
2195 0.000000000 0.960607290 0.039392728
2196 0.000000000 0.979136050 0.020863948
2197 0.000000000 0.997914195 0.002085815
2198 0.000000000 0.997901857 0.002098135
2199 0.000000000 0.955724895 0.044275075
2200 0.000000000 0.957103491 0.042896498
2201 0.000000000 0.999573588 0.000426386
2202 0.000000000 0.998325288 0.001674709
2203 0.000000000 0.993194818 0.006805194
2204 0.000000000 0.738017797 0.261982203
2205 0.000000000 0.896574736 0.103425249
2206 0.000000000 0.964163363 0.035836652
2207 0.000000000 0.978522778 0.021477195
2208 0.000000000 0.961390793 0.038609199
2209 0.000000000 1.000000000 0.000000000
2210 0.000000000 0.996198654 0.003801354
2211 0.000000000 0.994921088 0.005078922
2212 0.000000000 0.999426663 0.000573335
2213 0.000000000 0.992213845 0.007786151
2214 0.000000000 0.999546826 0.000453177
2215 0.000000000 0.991712868 0.008287153
2216 0.000000000 0.998659074 0.001340928
2217 0.000000000 0.994214535 0.005785491
2218 0.000000000 0.526785314 0.473214656
2219 0.000000000 0.995127439 0.004872556
2220 0.000000000 0.910002828 0.089997172
2221 0.000000000 0.955797613 0.044202402
2222 0.000000000 0.973922193 0.026077822
2223 0.000000000 0.994443536 0.005556474
2224 0.000000000 0.994396865 0.005603116
2225 0.000000000 1.000000000 0.000000000
2226 0.000000000 0.962732613 0.037267376
2227 0.000000000 0.935322702 0.064677291
2228 0.000000000 0.994362831 0.005637167
2229 0.000000000 0.994222522 0.005777504
2230 0.000000000 0.997289002 0.002711027
2231 0.000000000 0.962367713 0.037632298
2232 0.000000000 0.739117146 0.260882854
2233 0.000000000 0.975537598 0.024462409
2234 0.000000000 0.996380806 0.003619183
2235 0.000000000 0.983343363 0.016656632
2236 0.000000000 0.999983728 0.000016252
2237 0.000000000 0.999296784 0.000703243
2238 0.000000000 0.999990344 0.000009644
2239 0.000000000 0.984626412 0.015373585
2240 0.000000000 0.999973834 0.000026179
2241 0.000000000 0.998357117 0.001642913
2242 0.000000000 0.998717487 0.001282509
2243 0.000000000 0.998478591 0.001521401
2244 0.000000000 0.998751044 0.001248930
2245 0.000000000 1.000000000 0.000000000
2246 0.000000000 0.747614026 0.252385974
2247 0.000000000 0.989373744 0.010626233
2248 0.000000000 0.999381900 0.000618090
2249 0.000000000 0.999929547 0.000070467
2250 0.000000000 0.998734176 0.001265821
2251 0.000000000 0.990539312 0.009460703
2252 0.000000000 0.999494195 0.000505806
2253 0.000000000 0.999581099 0.000418928
2254 0.000000000 0.998441041 0.001558944
2255 0.000000000 0.999919832 0.000080174
2256 0.000000000 0.998164535 0.001835469
2257 0.000000000 0.992800951 0.007199044
2258 0.000000000 1.000000000 0.000000000
2259 0.000000000 0.993371546 0.006628437
2260 0.000000000 0.705751300 0.294248700
2261 0.000000000 0.947104573 0.052895416
2262 0.000000000 0.969446540 0.030553445
2263 0.000000000 0.985542297 0.014457695
2264 0.000000000 0.915734887 0.084265143
2265 0.000000000 0.955377996 0.044622030
2266 0.000000000 0.959917426 0.040082593
2267 0.000000000 0.984229267 0.015770717
2268 0.000000000 0.970131338 0.029868646
2269 0.000000000 0.922743917 0.077256083
2270 0.000000000 0.908320189 0.091679841
2271 0.000000000 0.982687712 0.017312311
2272 0.000000000 0.974176824 0.025823202
2273 0.000000000 0.977304041 0.022695968
2274 0.000000000 0.731282532 0.268717468
2275 0.000000000 0.000144651 0.999855340
2276 0.000000000 0.562579632 0.437420338
2277 0.000000000 0.541345239 0.458654732
2278 0.000000000 0.570585012 0.429414988
2279 0.000000000 0.638211787 0.361788213
2280 0.000000000 0.601957083 0.398042917
2281 0.000000000 0.833483756 0.166516215
2282 0.000000000 0.668578267 0.331421733
2283 0.000000000 0.800215781 0.199784189
2284 0.000000000 0.622629583 0.377370447
2285 0.000000000 0.793173313 0.206826702
2286 0.000000000 0.660227001 0.339772999
2287 0.000000000 0.798008740 0.201991230
2288 0.000000000 0.478965729 0.521034241
2289 0.000000000 0.000000000 1.000000000
2290 0.000000000 0.539630115 0.460369885
2291 0.000000000 0.632480860 0.367519110
2292 0.000000000 0.752482951 0.247517049
2293 0.000000000 0.673490405 0.326509625
2294 0.000000000 0.866241515 0.133758515
2295 0.000000000 0.703577816 0.296422154
2296 0.000000000 0.786691010 0.213308975
2297 0.000000000 0.652173460 0.347826540
2298 0.000000000 0.754780293 0.245219693
2299 0.000000000 0.622589231 0.377410769
2300 0.000000000 0.890986264 0.109013736
2301 0.000000000 0.425291449 0.574708581
2302 0.000000000 0.631080210 0.368919820
2303 0.000000000 0.000270414 0.999729574
2304 0.000000000 0.674767315 0.325232685
2305 0.000000000 0.714157641 0.285842359
2306 0.000000000 0.671847105 0.328152895
2307 0.000000000 0.873175561 0.126824453
2308 0.000000000 0.751446307 0.248553693
2309 0.000000000 0.887069702 0.112930283
2310 0.000000000 0.685841978 0.314158022
2311 0.000000000 0.843845010 0.156154975
2312 0.000000000 0.788382530 0.211617440
2313 0.000000000 0.848650694 0.151349321
2314 0.000000000 0.329883277 0.670116723
2315 0.000000000 0.628485858 0.371514171
2316 0.000000000 0.357856184 0.642143846
2317 0.000000000 0.000000000 1.000000000
2318 0.000000000 0.585260212 0.414739788
2319 0.000000000 0.526226223 0.473773777
2320 0.000000000 0.788643599 0.211356387
2321 0.000000000 0.551920652 0.448079377
2322 0.000000000 0.658770382 0.341229588
2323 0.000000000 0.630340517 0.369659483
2324 0.000000000 0.791037977 0.208962008
2325 0.000000000 0.618186712 0.381813288
2326 0.000000000 0.820217490 0.179782510
2327 0.000000000 0.565633953 0.434366047
2328 0.000000000 0.674082458 0.325917572
2329 0.000000000 0.684529185 0.315470815
2330 0.000000000 0.813614190 0.186385810
2331 0.000000000 0.000000000 1.000000000
2332 0.000000000 0.661856771 0.338143259
2333 0.000000000 0.770222962 0.229777038
2334 0.000000000 0.749928057 0.250071943
2335 0.000000000 0.801665664 0.198334306
2336 0.000000000 0.642621934 0.357378066
2337 0.000000000 0.710891187 0.289108813
2338 0.000000000 0.651953697 0.348046273
2339 0.000000000 0.786657333 0.213342652
2340 0.000000000 0.632318079 0.367681891
2341 0.000000000 0.929430306 0.070569694
2342 0.000000000 0.593350708 0.406649321
2343 0.000000000 0.919998884 0.080001086
2344 0.000000000 0.932897925 0.067102067
2345 0.000000000 0.000000000 1.000000000
2346 0.000000000 0.845587850 0.154412165
2347 0.000000000 0.965472996 0.034526993
2348 0.000000000 0.932473540 0.067526452
2349 0.000000000 0.932473540 0.067526452
2350 0.000000000 0.800881922 0.199118093
2351 0.000000000 0.828233242 0.171766758
2352 0.000000000 0.974366665 0.025633363
2353 0.000000000 0.481960356 0.518039644
2354 0.000000000 0.490134716 0.509865284
2355 0.000000000 0.136562362 0.863437653
2356 0.000000000 0.572635412 0.427364618
2357 0.000000000 0.345138997 0.654861033
2358 0.000000000 0.518328786 0.481671214
2359 0.000000000 0.000266801 0.999733210
2360 0.000000000 0.571470797 0.428529203
2361 0.000000000 0.572967708 0.427032292
2362 0.000000000 0.567010880 0.432989150
2363 0.000000000 0.341453433 0.658546567
2364 0.000000000 0.734990656 0.265009344
2365 0.000000000 0.573934078 0.426065892
2366 0.000000000 0.858517885 0.141482100
2367 0.000000000 0.933799982 0.066200040
2368 0.000000000 0.916023135 0.083976850
2369 0.000000000 0.952068627 0.047931403
2370 0.000000000 0.949770570 0.050229430
2371 0.000000000 0.914355934 0.085644074
2372 0.000000000 0.997699022 0.002300987
2373 0.000000000 0.000416499 0.999583483
2374 0.000000000 0.933625340 0.066374667
2375 0.000000000 0.889394104 0.110605873
2376 0.000000000 0.896093965 0.103906065
2377 0.000000000 0.868880987 0.131119013
2378 0.000000000 0.997178376 0.002821621
2379 0.000000000 1.000000000 0.000000000
2380 0.000000000 0.876332998 0.123666987
2381 0.000000000 1.000000000 0.000000000
2382 0.000000000 0.876332998 0.123666987
2383 0.000000000 1.000000000 0.000000000
2384 0.000000000 1.000000000 0.000000000
2385 0.000000000 1.000000000 0.000000000
2386 0.000000000 1.000000000 0.000000000
2387 0.000000000 0.000000000 1.000000000
2388 0.000000000 0.998754561 0.001245441
2389 0.000000000 0.935469568 0.064530410
2390 0.000000000 0.915754676 0.084245317
2391 0.000000000 0.998310924 0.001689093
2392 0.000000000 0.764711499 0.235288516
2393 0.000000000 0.919944942 0.080055065
2394 0.000000000 0.899558961 0.100441009
2395 0.000000000 0.978979111 0.021020910
2396 0.000000000 0.961173236 0.038826779
2397 0.000000000 0.993712187 0.006287806
2398 0.000000000 0.988600314 0.011399701
2399 0.000000000 0.992317736 0.007682248
2400 0.000000000 0.997529805 0.002470196
2401 0.000000000 0.000033549 0.999966443
2402 0.000000000 0.872430086 0.127569899
2403 0.000000000 0.836003244 0.163996756
2404 0.000000000 0.795947492 0.204052523
2405 0.000000000 0.227539018 0.772460997
2406 0.000000000 0.251824737 0.748175263
2407 0.000000000 0.208495751 0.791504264
2408 0.000000000 0.336219460 0.663780570
2409 0.000000000 0.458770245 0.541229784
2410 0.000000000 0.384693414 0.615306616
2411 0.000000000 0.541892052 0.458107919
2412 0.000000000 0.574824631 0.425175369
2413 0.000000000 0.586999238 0.413000733
2414 0.000000000 0.568413079 0.431586891
2415 0.000000000 0.000000000 1.000000000
2416 0.000000000 0.162148461 0.837851524
2417 0.000000000 0.146090269 0.853909731
2418 0.000000000 0.001331407 0.998668611
2419 0.000000000 0.001134500 0.998865485
2420 0.000000000 0.001220882 0.998779118
2421 0.000000000 0.001218189 0.998781800
2422 0.000000000 0.001368202 0.998631775
2423 0.000000000 0.001306031 0.998693943
2424 0.000000000 0.001253963 0.998746037
2425 0.000000000 0.001311862 0.998688161
2426 0.000000000 0.022910031 0.977089942
2427 0.000000000 0.001257420 0.998742580
2428 0.000000000 0.028722307 0.971277714
2429 0.000000000 0.000000000 1.000000000
2430 0.000000000 0.001263670 0.998736322
2431 0.000000000 0.000634870 0.999365151
2432 0.000000000 0.000608508 0.999391496
2433 0.000000000 0.000608508 0.999391496
2434 0.000000000 0.000608508 0.999391496
2435 0.000000000 0.000753484 0.999246538
2436 0.000000000 0.000608508 0.999391496
2437 0.000000000 0.000000000 1.000000000
2438 0.000000000 0.000660248 0.999339759
2439 0.000000000 0.000668811 0.999331176
2440 0.000000000 0.000608508 0.999391496
2441 0.000000000 0.000608508 0.999391496
2442 0.000000000 0.000608508 0.999391496
2443 0.000000000 0.000000000 1.000000000
2444 0.000000000 0.000000000 1.000000000
2445 0.814615190 0.000000000 0.185384810
2446 0.885491610 0.000000000 0.114508376
2447 0.815979481 0.000000000 0.184020519
2448 0.883884072 0.000000000 0.116115913
2449 0.919835210 0.000000000 0.080164775
2450 0.909319878 0.000082163 0.090597950
2451 0.916981757 0.000000000 0.083018258
2452 0.898310423 0.000000000 0.101689570
2453 0.893890440 0.000000000 0.106109552
2454 0.896876931 0.000000000 0.103123069
2455 0.982847691 0.000000000 0.017152285
2456 0.909108937 0.000000000 0.090891071
2457 0.907824576 0.000000000 0.092175409
2458 0.000000000 0.000000000 1.000000000
2459 0.909219265 0.000000000 0.090780742
2460 0.877448499 0.000000000 0.122551501
2461 0.926125586 0.000000000 0.073874436
2462 0.926483989 0.000000000 0.073516004
2463 0.955438375 0.000000000 0.044561621
2464 0.940936625 0.000000000 0.059063360
2465 0.939235628 0.000495241 0.060269132
2466 0.923716307 0.000000000 0.076283693
2467 0.883918941 0.000000000 0.116081081
2468 0.979199290 0.000223669 0.020577051
2469 0.934866607 0.000000000 0.065133370
2470 0.951697171 0.000085955 0.048216864
2471 0.878965318 0.000084295 0.120950378
2472 0.000000000 0.000051684 0.999948323
2473 0.859442770 0.000023331 0.140533879
2474 0.954478204 0.000087782 0.045434028
2475 0.916236579 0.000062817 0.083700620
2476 0.960149646 0.000463457 0.039386902
2477 0.922135353 0.000111501 0.077753156
2478 0.938037992 0.000110574 0.061851442
2479 0.951373994 0.000222645 0.048403364
2480 0.953200638 0.000113970 0.046685398
2481 0.977662265 0.000420163 0.021917569
2482 0.914525449 0.000109340 0.085365228
2483 0.900579512 0.048003945 0.051416542
2484 0.877001226 0.002581044 0.120417714
2485 0.936794579 0.000000000 0.063205399
2486 0.000000000 0.000000000 1.000000000
2487 0.929252982 0.001561429 0.069185570
2488 0.865474343 0.001970574 0.132555068
2489 0.874288797 0.001600622 0.124110587
2490 0.845688581 0.003481964 0.150829464
2491 0.891111076 0.001282212 0.107606731
2492 0.870852888 0.000000000 0.129147097
2493 0.904577792 0.000000000 0.095422186
2494 0.959751010 0.000656245 0.039592762
2495 0.875186741 0.000000000 0.124813259
2496 0.961086690 0.004137325 0.034775987
2497 0.854333282 0.030929821 0.114736870
2498 0.982574761 0.001170386 0.016254868
2499 0.980891526 0.003391487 0.015717003
2500 0.000000000 0.000000000 1.000000000
2501 0.984282970 0.000000000 0.015717003
2502 0.958569229 0.006218750 0.035212029
2503 0.876267970 0.011174018 0.112558007
2504 0.869803369 0.018026590 0.112170026
2505 0.902829289 0.000000000 0.097170733
2506 1.000000000 0.000000000 0.000000000
2507 0.977367580 0.000590398 0.022042051
2508 0.974150717 0.000000000 0.025849264
2509 0.986293614 0.000000000 0.013706388
2510 0.935979128 0.036462732 0.027558157
2511 0.992289245 0.007710753 0.000000000
2512 0.898147702 0.089451946 0.012400372
2513 0.970120311 0.016845016 0.013034695
2514 0.000000000 0.000000000 1.000000000
2515 0.947415590 0.018665563 0.033918820
2516 0.869523942 0.038470712 0.092005327
2517 0.980817020 0.012226293 0.006956673
2518 0.857875228 0.135145992 0.006978785
2519 0.949270666 0.016299704 0.034429614
2520 0.974265695 0.009807465 0.015926834
2521 0.945272565 0.021209382 0.033518080
2522 0.806178749 0.193821236 0.000000000
2523 0.799724638 0.198945403 0.001329941
2524 0.991648674 0.005407374 0.002943941
2525 0.908603251 0.091065139 0.000331629
2526 0.999189496 0.000810479 0.000000000
2527 0.840361714 0.108975984 0.050662290
2528 0.000000000 0.000419670 0.999580324
2529 0.976058125 0.023827476 0.000114426
2530 0.719803095 0.279233992 0.000962895
2531 0.798960805 0.139897585 0.061141599
2532 0.378701061 0.621298909 0.000000000
2533 0.984889388 0.007573123 0.007537476
2534 0.798184335 0.201815680 0.000000000
2535 0.799242675 0.121155977 0.079601370
2536 0.754242241 0.192647725 0.053110026
2537 0.953762472 0.045124535 0.001113013
2538 0.872494757 0.084370822 0.043134399
2539 0.904853046 0.092916891 0.002230070
2540 0.819952965 0.131703198 0.048343837
2541 0.689282000 0.263402432 0.047315557
2542 0.000000000 0.002033305 0.997966707
2543 0.700547755 0.218849093 0.080603175
2544 0.509835899 0.260199010 0.229965121
2545 0.595485270 0.211110666 0.193404078
2546 0.717843115 0.268571943 0.013584919
2547 0.589631557 0.299704611 0.110663861
2548 0.906797469 0.079653062 0.013549475
2549 0.835195899 0.126705661 0.038098454
2550 0.948449075 0.051550943 0.000000000
2551 0.487150460 0.384128422 0.128721118
2552 0.907776475 0.090633713 0.001589790
2553 0.872191250 0.127808735 0.000000000
2554 0.733124435 0.261340320 0.005535242
2555 0.869733930 0.130266070 0.000000000
2556 0.000000000 0.000000000 1.000000000
2557 0.670452893 0.329547137 0.000000000
2558 0.834043801 0.129137456 0.036818746
2559 0.878009498 0.079653062 0.042337444
2560 0.846691608 0.148151442 0.005156927
2561 0.386109442 0.546797812 0.067092776
2562 0.502994835 0.452628851 0.044376336
2563 0.558128059 0.414117575 0.027754363
2564 0.424042255 0.563239753 0.012717992
2565 0.577082276 0.418393970 0.004523774
2566 0.509680569 0.486814708 0.003504694
2567 0.484647036 0.512119770 0.003233203
2568 0.489136904 0.507509112 0.003353987
2569 0.574619591 0.422014236 0.003366144
2570 0.000000000 0.000081688 0.999918342
2571 0.306874305 0.636840463 0.056285232
2572 0.414104283 0.577309191 0.008586558
2573 0.228215009 0.695133507 0.076651476
2574 0.087151036 0.770266533 0.142582446
2575 0.096510701 0.788742065 0.114747226
2576 0.150708556 0.725142062 0.124149412
2577 0.148974821 0.727303743 0.123721428
2578 0.210655510 0.770332336 0.019012131
2579 0.147209644 0.834921002 0.017869361
2580 0.147753045 0.829060018 0.023186963
2581 0.183094010 0.791739643 0.025166370
2582 0.225137547 0.713206291 0.061656162
2583 0.272685230 0.679035187 0.048279565
2584 0.000000000 0.000000000 1.000000000
2585 0.142054126 0.811802447 0.046143435
2586 0.006376282 0.828610659 0.165013045
2587 0.000000000 0.827520967 0.172479048
2588 0.000104538 0.733038068 0.266857386
2589 0.000000000 0.792514622 0.207485393
2590 0.082220890 0.761871219 0.155907884
2591 0.058381438 0.829625368 0.111993171
2592 0.016910605 0.910112083 0.072977297
2593 0.004998846 0.853699863 0.141301289
2594 0.024498049 0.876660883 0.098841064
2595 0.046412516 0.856012881 0.097574614
2596 0.053497523 0.878193915 0.068308540
2597 0.049105376 0.869876921 0.081017695
2598 0.000000000 0.000000000 1.000000000
2599 0.000000000 0.520043015 0.479957014
2600 0.000000000 0.053248297 0.946751714
2601 0.000000000 0.000000000 1.000000000
2602 0.000000000 0.059539907 0.940460086
2603 0.000000000 0.085074820 0.914925158
2604 0.000000000 0.085428879 0.914571106
2605 0.000000000 0.070025921 0.929974079
2606 0.000000000 0.101642720 0.898357272
2607 0.000000000 0.115900099 0.884099901
2608 0.000000000 0.136547178 0.863452792
2609 0.000000000 0.135194659 0.864805341
2610 0.000000000 0.185114771 0.814885259
2611 0.000000000 0.385899544 0.614100456
2612 0.000000000 0.000000000 1.000000000
2613 0.333333343 0.333333343 0.333333343
2614 0.333333343 0.333333343 0.333333343
2615 0.333333343 0.333333343 0.333333343
2616 0.333333343 0.333333343 0.333333343
2617 0.333333343 0.333333343 0.333333343
2618 0.333333343 0.333333343 0.333333343
2619 0.333333343 0.333333343 0.333333343
2620 0.333333343 0.333333343 0.333333343
2621 0.333333343 0.333333343 0.333333343
2622 0.333333343 0.333333343 0.333333343
2623 0.333333343 0.333333343 0.333333343
2624 0.333333343 0.333333343 0.333333343
2625 0.333333343 0.333333343 0.333333343
2626 0.333333343 0.333333343 0.333333343
2627 0.333333343 0.333333343 0.333333343
2628 0.333333343 0.333333343 0.333333343
2629 0.333333343 0.333333343 0.333333343
2630 0.333333343 0.333333343 0.333333343
2631 0.333333343 0.333333343 0.333333343
2632 0.333333343 0.333333343 0.333333343
2633 0.333333343 0.333333343 0.333333343
2634 0.333333343 0.333333343 0.333333343
2635 0.333333343 0.333333343 0.333333343
2636 0.333333343 0.333333343 0.333333343
2637 0.333333343 0.333333343 0.333333343
2638 0.333333343 0.333333343 0.333333343
2639 1.000000000 0.000000000 0.000000000
2640 1.000000000 0.000000000 0.000000000
2641 0.000000000 0.001278955 0.998721063
2642 1.000000000 0.000000000 0.000000000
2643 1.000000000 0.000000000 0.000000000
2644 1.000000000 0.000000000 0.000000000
2645 0.995372236 0.000000000 0.004627781
2646 1.000000000 0.000000000 0.000000000
2647 1.000000000 0.000000000 0.000000000
2648 0.996940732 0.000000000 0.003059269
2649 1.000000000 0.000000000 0.000000000
2650 0.999726236 0.000000000 0.000273744
2651 1.000000000 0.000000000 0.000000000
2652 1.000000000 0.000000000 0.000000000
2653 1.000000000 0.000000000 0.000000000
2654 1.000000000 0.000000000 0.000000000
2655 0.000000000 0.000000000 1.000000000
2656 0.986707509 0.013292504 0.000000000
2657 1.000000000 0.000000000 0.000000000
2658 1.000000000 0.000000000 0.000000000
2659 1.000000000 0.000000000 0.000000000
2660 1.000000000 0.000000000 0.000000000
2661 1.000000000 0.000000000 0.000000000
2662 1.000000000 0.000000000 0.000000000
2663 1.000000000 0.000000000 0.000000000
2664 1.000000000 0.000000000 0.000000000
2665 0.997482479 0.002517505 0.000000000
2666 0.973169148 0.026830873 0.000000000
2667 0.985181093 0.002277538 0.012541396
2668 0.973683953 0.026155999 0.000160057
2669 0.000000000 0.000000000 1.000000000
2670 0.956397355 0.040095318 0.003507302
2671 0.978450358 0.019919220 0.001630414
2672 0.936006308 0.058087453 0.005906266
2673 0.930533230 0.067990929 0.001475855
2674 0.838244438 0.156444281 0.005311251
2675 0.958609343 0.033859629 0.007531047
2676 0.914789200 0.085210800 0.000000000
2677 0.952127695 0.044724494 0.003147797
2678 0.865433872 0.129008189 0.005557945
2679 0.820536852 0.124387741 0.055075403
2680 0.863114774 0.129974902 0.006910299
2681 0.609939992 0.288819343 0.101240680
2682 0.905343413 0.076392390 0.018264204
2683 0.000000000 0.000000000 1.000000000
2684 0.744147837 0.175169960 0.080682188
2685 0.515428722 0.364646107 0.119925193
2686 0.613505542 0.316154301 0.070340186
2687 0.582824290 0.288765788 0.128409922
2688 0.772895813 0.153015748 0.074088462
2689 0.761114180 0.221279636 0.017606160
2690 0.618156254 0.345960945 0.035882823
2691 0.801549494 0.166415960 0.032034568
2692 0.749056518 0.219643280 0.031300180
2693 0.824605167 0.175193086 0.000201738
2694 0.630376160 0.232065663 0.137558177
2695 0.643431544 0.316077709 0.040490739
2696 0.589031398 0.405447245 0.005521361
2697 0.000000000 0.000000000 1.000000000
2698 0.583552897 0.289146394 0.127300709
2699 0.687775075 0.199234471 0.112990424
2700 0.572986007 0.248768285 0.178245708
2701 0.759225607 0.219398856 0.021375570
2702 0.656190574 0.340568990 0.003240451
2703 0.713889599 0.276218623 0.009891755
2704 0.705028772 0.293412805 0.001558412
2705 0.650029838 0.344230622 0.005739533
2706 0.617367506 0.378188759 0.004443735
2707 0.481505305 0.367219627 0.151275054
2708 0.565773427 0.375041991 0.059184559
2709 0.427808672 0.535219133 0.036972191
2710 0.544322968 0.396931171 0.058745857
2711 0.000000000 0.011196597 0.988803387
2712 0.490565389 0.420145929 0.089288689
2713 0.395008683 0.467149317 0.137842000
2714 0.560728431 0.391310215 0.047961365
2715 0.576670408 0.418414563 0.004915029
2716 0.495271623 0.494921267 0.009807114
2717 0.676922739 0.316361994 0.006715269
2718 0.668728888 0.324158579 0.007112502
2719 0.633923352 0.364932001 0.001144644
2720 0.549965799 0.426557571 0.023476617
2721 0.519707263 0.439708114 0.040584639
2722 0.629040420 0.356390953 0.014568599
2723 0.601037502 0.353498340 0.045464188
2724 0.640458286 0.351116836 0.008424863
2725 0.000000000 0.002552253 0.997447729
2726 0.462886423 0.466136128 0.070977457
2727 0.454794824 0.465155184 0.080049977
2728 0.481290311 0.506464720 0.012244975
2729 0.448645562 0.524709105 0.026645320
2730 0.502197981 0.497392356 0.000409641
2731 0.490041763 0.505806863 0.004151369
2732 0.570589662 0.429110587 0.000299779
2733 0.376092970 0.583640575 0.040266436
2734 0.507633030 0.449648499 0.042718489
2735 0.479798555 0.486879528 0.033321913
2736 0.515493751 0.433308631 0.051197652
2737 0.534884810 0.430110842 0.035004374
2738 0.608811200 0.353210032 0.037978742
2739 0.000000000 0.044346288 0.955653727
2740 0.315640360 0.625746489 0.058613129
2741 0.351633817 0.636544168 0.011822033
2742 0.232810453 0.754531622 0.012657909
2743 0.161810264 0.838189721 0.000000000
2744 0.166208401 0.833727479 0.000064133
2745 0.117969744 0.882030249 0.000000000
2746 0.096918806 0.891976714 0.011104451
2747 0.103139922 0.890958071 0.005902011
2748 0.136404261 0.863595724 0.000000000
2749 0.136612952 0.853545547 0.009841492
2750 0.244388893 0.755121529 0.000489595
2751 0.123065636 0.860502779 0.016431566
2752 0.204203755 0.793883204 0.001913063
2753 0.000000000 0.000000000 1.000000000
2754 0.044755235 0.952674747 0.002570026
2755 0.027241403 0.971684217 0.001074372
2756 0.000000000 0.999149919 0.000850087
2757 0.000000000 0.999419332 0.000580688
2758 0.000000000 0.997752130 0.002247864
2759 0.000099551 0.950234652 0.049665820
2760 0.000000000 0.964896202 0.035103817
2761 0.000000000 0.999277651 0.000722331
2762 0.000000000 0.976485372 0.023514619
2763 0.000000000 0.999137044 0.000862982
2764 0.000000000 0.998949587 0.001050413
2765 0.000000000 1.000000000 0.000000000
2766 0.000000000 0.998163700 0.001836272
2767 0.000000000 0.010169885 0.989830136
2768 0.000000000 0.935239017 0.064760961
2769 0.000000000 0.200345337 0.799654663
2770 0.000000000 0.377027839 0.622972190
2771 0.000000000 0.342801929 0.657198071
2772 0.000000000 0.581552863 0.418447137
2773 0.000000000 0.200010285 0.799989700
2774 0.000000000 0.098410070 0.901589930
2775 0.000000000 0.280750632 0.719249368
2776 0.000000000 0.257093638 0.742906332
2777 0.000000000 0.420175761 0.579824269
2778 0.000000000 0.425821781 0.574178219
2779 0.000000000 0.658024549 0.341975451
2780 0.000000000 0.666483402 0.333516598
2781 0.000000000 0.000000000 1.000000000
2782 0.500000000 0.500000000 0.000000000
2783 0.500000000 0.500000000 0.000000000
2784 0.500000000 0.500000000 0.000000000
2785 0.500000000 0.500000000 0.000000000
2786 0.500000000 0.500000000 0.000000000
2787 0.500000000 0.500000000 0.000000000
2788 0.500000000 0.500000000 0.000000000
2789 0.500000000 0.500000000 0.000000000
2790 0.500000000 0.500000000 0.000000000
2791 0.500000000 0.500000000 0.000000000
2792 0.500000000 0.500000000 0.000000000
2793 0.500000000 0.500000000 0.000000000
2794 0.500000000 0.500000000 0.000000000
2795 0.500000000 0.500000000 0.000000000
2796 0.500000000 0.500000000 0.000000000
2797 0.500000000 0.500000000 0.000000000
2798 0.500000000 0.500000000 0.000000000
2799 0.500000000 0.500000000 0.000000000
2800 0.500000000 0.500000000 0.000000000
2801 0.500000000 0.500000000 0.000000000
2802 0.500000000 0.500000000 0.000000000
2803 0.500000000 0.500000000 0.000000000
2804 0.500000000 0.500000000 0.000000000
2805 0.500000000 0.500000000 0.000000000
2806 0.500000000 0.500000000 0.000000000
2807 0.500000000 0.500000000 0.000000000
2808 1.000000000 0.000000000 0.000000000
2809 1.000000000 0.000000000 0.000000000
2810 0.000000000 1.000000000 0.000000000
2811 1.000000000 0.000000000 0.000000000
2812 1.000000000 0.000000000 0.000000000
2813 1.000000000 0.000000000 0.000000000
2814 1.000000000 0.000000000 0.000000000
2815 1.000000000 0.000000000 0.000000000
2816 1.000000000 0.000000000 0.000000000
2817 1.000000000 0.000000000 0.000000000
2818 1.000000000 0.000000000 0.000000000
2819 1.000000000 0.000000000 0.000000000
2820 1.000000000 0.000000000 0.000000000
2821 0.500000000 0.500000000 0.000000000
2822 0.500000000 0.500000000 0.000000000
2823 0.500000000 0.500000000 0.000000000
2824 0.000000000 1.000000000 0.000000000
2825 0.500000000 0.500000000 0.000000000
2826 0.500000000 0.500000000 0.000000000
2827 0.500000000 0.500000000 0.000000000
2828 0.500000000 0.500000000 0.000000000
2829 1.000000000 0.000000000 0.000000000
2830 0.500000000 0.500000000 0.000000000
2831 0.500000000 0.500000000 0.000000000
2832 1.000000000 0.000000000 0.000000000
2833 0.500000000 0.500000000 0.000000000
2834 1.000000000 0.000000000 0.000000000
2835 1.000000000 0.000000000 0.000000000
2836 1.000000000 0.000000000 0.000000000
2837 1.000000000 0.000000000 0.000000000
2838 0.000000000 1.000000000 0.000000000
2839 1.000000000 0.000000000 0.000000000
2840 0.930410564 0.069589414 0.000000000
2841 0.809812546 0.190187484 0.000000000
2842 0.986606836 0.013393140 0.000000000
2843 1.000000000 0.000000000 0.000000000
2844 1.000000000 0.000000000 0.000000000
2845 1.000000000 0.000000000 0.000000000
2846 1.000000000 0.000000000 0.000000000
2847 1.000000000 0.000000000 0.000000000
2848 1.000000000 0.000000000 0.000000000
2849 1.000000000 0.000000000 0.000000000
2850 1.000000000 0.000000000 0.000000000
2851 1.000000000 0.000000000 0.000000000
2852 0.000000000 1.000000000 0.000000000
2853 0.530506670 0.469493359 0.000000000
2854 0.621016562 0.378983438 0.000000000
2855 0.661307633 0.338692337 0.000000000
2856 1.000000000 0.000000000 0.000000000
2857 0.940040767 0.059959218 0.000000000
2858 1.000000000 0.000000000 0.000000000
2859 1.000000000 0.000000000 0.000000000
2860 1.000000000 0.000000000 0.000000000
2861 0.460292667 0.539707303 0.000000000
2862 0.500000000 0.500000000 0.000000000
2863 1.000000000 0.000000000 0.000000000
2864 1.000000000 0.000000000 0.000000000
2865 1.000000000 0.000000000 0.000000000
2866 0.000000000 1.000000000 0.000000000
2867 0.876000762 0.123999208 0.000000000
2868 0.956355453 0.043644559 0.000000000
2869 1.000000000 0.000000000 0.000000000
2870 0.851459682 0.148540303 0.000000000
2871 1.000000000 0.000000000 0.000000000
2872 0.939280212 0.060719810 0.000000000
2873 1.000000000 0.000000000 0.000000000
2874 1.000000000 0.000000000 0.000000000
2875 1.000000000 0.000000000 0.000000000
2876 1.000000000 0.000000000 0.000000000
2877 1.000000000 0.000000000 0.000000000
2878 1.000000000 0.000000000 0.000000000
2879 1.000000000 0.000000000 0.000000000
2880 0.000000000 1.000000000 0.000000000
2881 0.867263854 0.132736161 0.000000000
2882 1.000000000 0.000000000 0.000000000
2883 0.986317098 0.013682903 0.000000000
2884 1.000000000 0.000000000 0.000000000
2885 0.500000000 0.500000000 0.000000000
2886 1.000000000 0.000000000 0.000000000
2887 0.980412245 0.019587779 0.000000000
2888 0.530908167 0.469091833 0.000000000
2889 1.000000000 0.000000000 0.000000000
2890 1.000000000 0.000000000 0.000000000
2891 1.000000000 0.000000000 0.000000000
2892 1.000000000 0.000000000 0.000000000
2893 1.000000000 0.000000000 0.000000000
2894 0.000000000 1.000000000 0.000000000
2895 1.000000000 0.000000000 0.000000000
2896 0.856590867 0.143409163 0.000000000
2897 1.000000000 0.000000000 0.000000000
2898 0.983445704 0.016554317 0.000000000
2899 1.000000000 0.000000000 0.000000000
2900 0.994994462 0.005005565 0.000000000
2901 0.500000000 0.500000000 0.000000000
2902 0.999514580 0.000485424 0.000000000
2903 0.999729037 0.000270982 0.000000000
2904 0.996096671 0.003903357 0.000000000
2905 0.996464074 0.003535932 0.000000000
2906 0.992822468 0.007177513 0.000000000
2907 0.996672690 0.003327306 0.000000000
2908 0.000000000 1.000000000 0.000000000
2909 0.468955100 0.531044900 0.000000000
2910 0.996621132 0.003378869 0.000000000
2911 0.333670408 0.666329622 0.000000000
2912 0.000000000 1.000000000 0.000000000
2913 0.000000000 1.000000000 0.000000000
2914 0.000000000 1.000000000 0.000000000
2915 0.921324372 0.078675635 0.000000000
2916 0.000000000 1.000000000 0.000000000
2917 0.000000000 1.000000000 0.000000000
2918 0.052086607 0.947913408 0.000000000
2919 0.000000000 1.000000000 0.000000000
2920 0.000000000 1.000000000 0.000000000
2921 0.500000000 0.500000000 0.000000000
2922 0.000000000 1.000000000 0.000000000
2923 0.915106833 0.084893174 0.000000000
2924 0.000000000 1.000000000 0.000000000
2925 0.000000000 1.000000000 0.000000000
2926 0.000000000 1.000000000 0.000000000
2927 0.000000000 1.000000000 0.000000000
2928 0.000000000 1.000000000 0.000000000
2929 0.000000000 1.000000000 0.000000000
2930 0.000000000 1.000000000 0.000000000
2931 0.000000000 1.000000000 0.000000000
2932 0.000000000 1.000000000 0.000000000
2933 0.000000000 1.000000000 0.000000000
2934 0.500000000 0.500000000 0.000000000
2935 0.000000000 1.000000000 0.000000000
2936 0.000000000 1.000000000 0.000000000
2937 0.000000000 1.000000000 0.000000000
2938 0.000000000 1.000000000 0.000000000
2939 0.000000000 1.000000000 0.000000000
2940 0.000000000 1.000000000 0.000000000
2941 0.000000000 1.000000000 0.000000000
2942 0.000000000 1.000000000 0.000000000
2943 0.000000000 1.000000000 0.000000000
2944 0.000000000 1.000000000 0.000000000
2945 0.000000000 1.000000000 0.000000000
2946 0.000000000 1.000000000 0.000000000
2947 0.000000000 1.000000000 0.000000000
2948 0.000000000 1.000000000 0.000000000
2949 0.000000000 1.000000000 0.000000000
2950 0.000000000 1.000000000 0.000000000
2951 0.000000000 1.000000000 0.000000000
2952 1.000000000 0.000000000 0.000000000
2953 1.000000000 0.000000000 0.000000000
2954 1.000000000 0.000000000 0.000000000
2955 1.000000000 0.000000000 0.000000000
2956 1.000000000 0.000000000 0.000000000
2957 1.000000000 0.000000000 0.000000000
2958 1.000000000 0.000000000 0.000000000
2959 1.000000000 0.000000000 0.000000000
2960 1.000000000 0.000000000 0.000000000
2961 1.000000000 0.000000000 0.000000000
2962 1.000000000 0.000000000 0.000000000
2963 1.000000000 0.000000000 0.000000000
2964 1.000000000 0.000000000 0.000000000
2965 0.000000000 1.000000000 0.000000000
2966 1.000000000 0.000000000 0.000000000
2967 1.000000000 0.000000000 0.000000000
2968 1.000000000 0.000000000 0.000000000
2969 1.000000000 0.000000000 0.000000000
2970 1.000000000 0.000000000 0.000000000
2971 1.000000000 0.000000000 0.000000000
2972 1.000000000 0.000000000 0.000000000
2973 1.000000000 0.000000000 0.000000000
2974 1.000000000 0.000000000 0.000000000
2975 1.000000000 0.000000000 0.000000000
2976 1.000000000 0.000000000 0.000000000
2977 1.000000000 0.000000000 0.000000000
2978 0.999895811 0.000104207 0.000000000
2979 0.000000000 1.000000000 0.000000000
2980 1.000000000 0.000000000 0.000000000
2981 1.000000000 0.000000000 0.000000000
2982 1.000000000 0.000000000 0.000000000
2983 1.000000000 0.000000000 0.000000000
2984 1.000000000 0.000000000 0.000000000
2985 1.000000000 0.000000000 0.000000000
2986 1.000000000 0.000000000 0.000000000
2987 0.999956429 0.000043576 0.000000000
2988 1.000000000 0.000000000 0.000000000
2989 1.000000000 0.000000000 0.000000000
2990 1.000000000 0.000000000 0.000000000
2991 1.000000000 0.000000000 0.000000000
2992 1.000000000 0.000000000 0.000000000
2993 0.000000000 1.000000000 0.000000000
2994 1.000000000 0.000000000 0.000000000
2995 1.000000000 0.000000000 0.000000000
2996 1.000000000 0.000000000 0.000000000
2997 1.000000000 0.000000000 0.000000000
2998 1.000000000 0.000000000 0.000000000
2999 1.000000000 0.000000000 0.000000000
3000 1.000000000 0.000000000 0.000000000
3001 1.000000000 0.000000000 0.000000000
3002 1.000000000 0.000000000 0.000000000
3003 1.000000000 0.000000000 0.000000000
3004 1.000000000 0.000000000 0.000000000
3005 1.000000000 0.000000000 0.000000000
3006 1.000000000 0.000000000 0.000000000
3007 0.000000000 1.000000000 0.000000000
3008 1.000000000 0.000000000 0.000000000
3009 1.000000000 0.000000000 0.000000000
3010 1.000000000 0.000000000 0.000000000
3011 1.000000000 0.000000000 0.000000000
3012 1.000000000 0.000000000 0.000000000
3013 1.000000000 0.000000000 0.000000000
3014 1.000000000 0.000000000 0.000000000
3015 1.000000000 0.000000000 0.000000000
3016 1.000000000 0.000000000 0.000000000
3017 1.000000000 0.000000000 0.000000000
3018 1.000000000 0.000000000 0.000000000
3019 1.000000000 0.000000000 0.000000000
3020 1.000000000 0.000000000 0.000000000
3021 0.000000000 1.000000000 0.000000000
3022 1.000000000 0.000000000 0.000000000
3023 1.000000000 0.000000000 0.000000000
3024 1.000000000 0.000000000 0.000000000
3025 1.000000000 0.000000000 0.000000000
3026 1.000000000 0.000000000 0.000000000
3027 1.000000000 0.000000000 0.000000000
3028 1.000000000 0.000000000 0.000000000
3029 1.000000000 0.000000000 0.000000000
3030 0.989904106 0.010095871 0.000000000
3031 1.000000000 0.000000000 0.000000000
3032 1.000000000 0.000000000 0.000000000
3033 1.000000000 0.000000000 0.000000000
3034 1.000000000 0.000000000 0.000000000
3035 0.000000000 1.000000000 0.000000000
3036 1.000000000 0.000000000 0.000000000
3037 0.999665022 0.000334993 0.000000000
3038 0.986602664 0.013397323 0.000000000
3039 0.993178070 0.006821959 0.000000000
3040 0.999900699 0.000099308 0.000000000
3041 1.000000000 0.000000000 0.000000000
3042 1.000000000 0.000000000 0.000000000
3043 0.962778330 0.037221663 0.000000000
3044 0.982451856 0.017548151 0.000000000
3045 1.000000000 0.000000000 0.000000000
3046 1.000000000 0.000000000 0.000000000
3047 1.000000000 0.000000000 0.000000000
3048 1.000000000 0.000000000 0.000000000
3049 0.000000000 1.000000000 0.000000000
3050 0.998189449 0.001810559 0.000000000
3051 1.000000000 0.000000000 0.000000000
3052 0.989275217 0.010724762 0.000000000
3053 0.994249582 0.005750421 0.000000000
3054 0.998519123 0.001480881 0.000000000
3055 0.500000000 0.500000000 0.000000000
3056 1.000000000 0.000000000 0.000000000
3057 0.500000000 0.500000000 0.000000000
3058 1.000000000 0.000000000 0.000000000
3059 0.500000000 0.500000000 0.000000000
3060 0.500000000 0.500000000 0.000000000
3061 0.500000000 0.500000000 0.000000000
3062 0.500000000 0.500000000 0.000000000
3063 0.000000000 1.000000000 0.000000000
3064 1.000000000 0.000000000 0.000000000
3065 1.000000000 0.000000000 0.000000000
3066 0.979950309 0.020049691 0.000000000
3067 0.000000000 1.000000000 0.000000000
3068 0.611522913 0.388477117 0.000000000
3069 0.962390065 0.037609961 0.000000000
3070 0.654523671 0.345476359 0.000000000
3071 0.847760260 0.152239755 0.000000000
3072 0.176763922 0.823236108 0.000000000
3073 0.821375012 0.178624988 0.000000000
3074 0.901474714 0.098525316 0.000000000
3075 0.851186633 0.148813367 0.000000000
3076 0.335418403 0.664581597 0.000000000
3077 0.000000000 1.000000000 0.000000000
3078 0.334411055 0.665588915 0.000000000
3079 0.822003186 0.177996844 0.000000000
3080 0.166535869 0.833464146 0.000000000
3081 0.593681097 0.406318933 0.000000000
3082 0.565272808 0.434727222 0.000000000
3083 0.688685358 0.311314642 0.000000000
3084 0.536995947 0.463004053 0.000000000
3085 0.685337543 0.314662486 0.000000000
3086 0.729061484 0.270938516 0.000000000
3087 0.813801050 0.186198950 0.000000000
3088 0.683833122 0.316166878 0.000000000
3089 0.696800470 0.303199559 0.000000000
3090 0.827742994 0.172257021 0.000000000
3091 0.000000000 1.000000000 0.000000000
3092 0.499822468 0.500177503 0.000000000
3093 0.299351692 0.700648308 0.000000000
3094 0.176548496 0.823451519 0.000000000
3095 0.178191468 0.821808517 0.000000000
3096 0.254443526 0.745556474 0.000000000
3097 0.321287155 0.678712845 0.000000000
3098 0.255435318 0.744564712 0.000000000
3099 0.169398725 0.830601275 0.000000000
3100 0.279680401 0.720319569 0.000000000
3101 0.352958024 0.647041976 0.000000000
3102 0.274335414 0.725664616 0.000000000
3103 0.358805478 0.641194522 0.000000000
3104 0.246722832 0.753277183 0.000000000
3105 0.000000000 1.000000000 0.000000000
3106 0.019946940 0.980053067 0.000000000
3107 0.000000000 1.000000000 0.000000000
3108 0.000000000 1.000000000 0.000000000
3109 0.000000000 1.000000000 0.000000000
3110 0.000000000 1.000000000 0.000000000
3111 0.000000000 1.000000000 0.000000000
3112 0.000000000 1.000000000 0.000000000
3113 0.000000000 1.000000000 0.000000000
3114 0.000000000 1.000000000 0.000000000
3115 0.000000000 1.000000000 0.000000000
3116 0.000000000 1.000000000 0.000000000
3117 0.000000000 1.000000000 0.000000000
3118 0.000000000 1.000000000 0.000000000
3119 0.000000000 1.000000000 0.000000000
3120 0.000000000 0.134545580 0.865454435
3121 0.000000000 0.000000000 1.000000000
3122 0.000000000 0.000000000 1.000000000
3123 0.000000000 0.000000000 1.000000000
3124 0.000000000 0.000000000 1.000000000
3125 0.000000000 0.000000000 1.000000000
3126 0.000000000 0.000000000 1.000000000
3127 0.000000000 0.000000000 1.000000000
3128 0.000000000 0.000000000 1.000000000
3129 0.000000000 0.000000000 1.000000000
3130 0.000000000 0.000000000 1.000000000
3131 0.000000000 0.000000000 1.000000000
3132 0.000000000 0.000000000 1.000000000
3133 0.000000000 0.000000000 1.000000000
3134 0.000000000 0.060301635 0.939698339
3135 0.000000000 0.000000000 1.000000000
3136 0.000000000 0.007311204 0.992688775
3137 0.000000000 0.000000000 1.000000000
3138 0.000000000 0.000000000 1.000000000
3139 0.000000000 0.000000000 1.000000000
3140 0.000000000 0.000000000 1.000000000
3141 0.000000000 0.000000000 1.000000000
3142 0.000000000 0.000000000 1.000000000
3143 0.000000000 0.000000000 1.000000000
3144 0.000000000 0.000000000 1.000000000
3145 0.000000000 0.000000000 1.000000000
3146 0.000000000 0.000000000 1.000000000
3147 0.000000000 0.000000000 1.000000000
3148 0.000000000 0.208032712 0.791967273
3149 0.000000000 0.002157182 0.997842789
3150 0.000000000 0.000075702 0.999924302
3151 0.000000000 0.000000000 1.000000000
3152 0.000000000 0.000000000 1.000000000
3153 0.000000000 0.000000000 1.000000000
3154 0.000000000 0.000000000 1.000000000
3155 0.000000000 0.004105239 0.995894790
3156 0.000000000 0.004105239 0.995894790
3157 0.000000000 0.000000000 1.000000000
3158 0.000000000 0.000000000 1.000000000
3159 0.000000000 0.000000000 1.000000000
3160 0.000000000 0.000000000 1.000000000
3161 0.000000000 0.000000000 1.000000000
3162 0.000000000 0.062147539 0.937852442
3163 0.000000000 0.000000000 1.000000000
3164 0.000000000 0.000000000 1.000000000
3165 0.000000000 0.000000000 1.000000000
3166 0.000000000 0.000000000 1.000000000
3167 0.000000000 0.000000000 1.000000000
3168 0.000000000 0.000000000 1.000000000
3169 0.000000000 0.000000000 1.000000000
3170 0.000000000 0.000000000 1.000000000
3171 0.000000000 0.000000000 1.000000000
3172 0.000000000 0.000000000 1.000000000
3173 0.000000000 0.000000000 1.000000000
3174 0.000000000 0.000000000 1.000000000
3175 0.000000000 0.000000000 1.000000000
3176 0.000000000 0.757006466 0.242993549
3177 0.000000000 0.000000000 1.000000000
3178 0.000000000 0.000000000 1.000000000
3179 0.000000000 0.000000000 1.000000000
3180 0.000000000 0.000000000 1.000000000
3181 0.000000000 0.000000000 1.000000000
3182 0.000000000 0.000000000 1.000000000
3183 0.000000000 0.000000000 1.000000000
3184 0.000000000 0.000000000 1.000000000
3185 0.000000000 0.737773538 0.262226462
3186 0.000000000 0.955295086 0.044704899
3187 0.000000000 0.673213661 0.326786339
3188 0.000000000 0.944160819 0.055839181
3189 0.000000000 0.942578673 0.057421319
3190 0.000000000 0.058954552 0.941045463
3191 0.000000000 0.633403957 0.366596013
3192 0.000000000 0.624046326 0.375953645
3193 0.000000000 0.633403957 0.366596013
3194 0.000000000 0.644570351 0.355429649
3195 0.000000000 0.689243138 0.310756832
3196 0.000000000 0.670631766 0.329368234
3197 0.000000000 0.633403957 0.366596013
3198 0.000000000 0.138097182 0.861902833
3199 0.000000000 0.133289427 0.866710544
3200 0.000000000 0.289200902 0.710799098
3201 0.000000000 0.182636440 0.817363560
3202 0.000000000 0.229409575 0.770590425
3203 0.000000000 0.216831520 0.783168495
3204 0.000000000 0.295607150 0.704392850
3205 0.000000000 0.190659449 0.809340537
3206 0.000000000 0.138143003 0.861856997
3207 0.000000000 0.078843236 0.921156764
3208 0.000000000 0.153130010 0.846870005
3209 0.000000000 0.154226005 0.845773995
3210 0.000000000 0.129839763 0.870160222
3211 0.000000000 0.352437735 0.647562265
3212 0.000000000 0.311025381 0.688974619
3213 0.000000000 0.264504254 0.735495746
3214 0.000000000 0.169456154 0.830543816
3215 0.000000000 0.147841394 0.852158606
3216 0.000000000 0.082294002 0.917706013
3217 0.000000000 0.153924003 0.846076012
3218 0.000000000 0.918013334 0.081986688
3219 0.000000000 0.080548301 0.919451714
3220 0.000000000 0.100440472 0.899559498
3221 0.000000000 0.064904295 0.935095727
3222 0.000000000 0.103972562 0.896027446
3223 0.000000000 0.062276900 0.937723100
3224 0.000000000 0.868458807 0.131541178
3225 0.000000000 0.644917667 0.355082303
3226 0.000000000 0.786553919 0.213446051
3227 0.000000000 0.750760078 0.249239892
3228 0.000000000 0.776172221 0.223827794
3229 0.000000000 0.709079742 0.290920228
3230 0.000000000 0.637679100 0.362320930
3231 0.000000000 0.797486484 0.202513486
3232 0.000000000 0.279812217 0.720187783
3233 0.000000000 0.636111915 0.363888115
3234 0.000000000 0.536303163 0.463696808
3235 0.000000000 0.664226413 0.335773587
3236 0.000000000 0.647345304 0.352654696
3237 0.000000000 0.838490129 0.161509886
3238 0.000000000 0.724415839 0.275584161
3239 0.000000000 0.885146439 0.114853561
3240 0.000000000 0.772275507 0.227724493
3241 0.000000000 0.824226201 0.175773785
3242 0.000000000 0.779972017 0.220027968
3243 0.000000000 0.781606495 0.218393534
3244 0.000000000 0.873080432 0.126919568
3245 0.000000000 0.623863339 0.376136661
3246 0.000000000 0.438012809 0.561987221
3247 0.000000000 0.716921270 0.283078760
3248 0.000000000 0.603259027 0.396740943
3249 0.000000000 0.665503502 0.334496498
3250 0.000000000 0.844448209 0.155551806
3251 0.000000000 0.924111068 0.075888954
3252 0.000000000 0.863015294 0.136984706
3253 0.000000000 0.809886277 0.190113723
3254 0.000000000 0.870251238 0.129748747
3255 0.000000000 0.859451652 0.140548378
3256 0.000000000 0.869268358 0.130731642
3257 0.000000000 0.961549699 0.038450278
3258 0.000000000 0.780082762 0.219917208
3259 0.000000000 0.836151123 0.163848877
3260 0.000000000 0.322596222 0.677403748
3261 0.000000000 0.716852784 0.283147186
3262 0.000000000 0.777433515 0.222566456
3263 0.000000000 0.912049651 0.087950327
3264 0.000000000 0.875977039 0.124022946
3265 0.000000000 0.883555830 0.116444178
3266 0.000000000 0.831626773 0.168373212
3267 0.000000000 0.915164828 0.084835194
3268 0.000000000 0.941310763 0.058689225
3269 0.000000000 0.924249649 0.075750336
3270 0.000000000 0.876330972 0.123669058
3271 0.000000000 0.887050152 0.112949856
3272 0.000000000 0.853115499 0.146884501
3273 0.000000000 0.889607191 0.110392839
3274 0.000000000 0.537210286 0.462789744
3275 0.000000000 0.802550375 0.197449610
3276 0.000000000 0.467251092 0.532748938
3277 0.000000000 0.454688013 0.545311987
3278 0.000000000 0.283138961 0.716861010
3279 0.000000000 0.273741752 0.726258218
3280 0.000000000 0.381752044 0.618247986
3281 0.000000000 0.360243499 0.639756501
3282 0.000000000 0.321386456 0.678613544
3283 0.000000000 0.337948352 0.662051678
3284 0.000000000 0.376613498 0.623386502
3285 0.000000000 0.378620237 0.621379733
3286 0.000000000 0.327487886 0.672512114
3287 0.000000000 0.359412551 0.640587449
3288 0.000000000 0.208104119 0.791895866
3289 0.000000000 0.000000000 1.000000000
3290 0.000000000 0.011630461 0.988369524
3291 0.000000000 0.049896155 0.950103819
3292 0.000000000 0.029740062 0.970259964
3293 0.000000000 0.011104274 0.988895714
3294 0.000000000 0.007539959 0.992460012
3295 0.000000000 0.009024956 0.990975022
3296 0.000000000 0.028106425 0.971893549
3297 0.000000000 0.021394799 0.978605211
3298 0.000000000 0.014704697 0.985295296
3299 0.000000000 0.060530983 0.939469039
3300 0.000000000 0.013637233 0.986362755
3301 0.000000000 0.028958965 0.971041024
3302 0.000000000 0.137199923 0.862800062
3303 0.000000000 0.000000000 1.000000000
3304 0.000000000 0.131634131 0.868365884
3305 0.000000000 0.102106117 0.897893906
3306 0.000000000 0.112369217 0.887630761
3307 0.000000000 0.102227621 0.897772372
3308 0.000000000 0.142168000 0.857832015
3309 0.000000000 0.104736269 0.895263731
3310 0.000000000 0.148815006 0.851184964
3311 0.000000000 0.108678065 0.891321957
3312 0.000000000 0.147823900 0.852176130
3313 0.000000000 0.103254728 0.896745265
3314 0.000000000 0.158400238 0.841599762
3315 0.000000000 0.165617689 0.834382296
3316 0.000000000 0.085653789 0.914346218
3317 0.000000000 0.000425799 0.999574184
3318 0.000000000 0.135851607 0.864148378
3319 0.000000000 0.274962187 0.725037813
3320 0.000000000 0.337778449 0.662221551
3321 0.000000000 0.097416922 0.902583063
3322 0.000000000 0.615626752 0.384373218
3323 0.000000000 0.484502196 0.515497804
3324 0.000000000 0.112672307 0.887327671
3325 0.000000000 0.360791177 0.639208853
3326 0.000000000 0.190088391 0.809911609
3327 0.000000000 0.205892086 0.794107914
3328 0.000000000 0.037550800 0.962449193
3329 0.000000000 0.048748396 0.951251626
3330 0.000000000 0.050389871 0.949610114
3331 0.000000000 0.000507544 0.999492466
3332 0.000000000 0.011590004 0.988409996
3333 0.000000000 0.033986069 0.966013908
3334 0.000000000 0.011189066 0.988810956
3335 0.000000000 0.057926208 0.942073762
3336 0.000000000 0.068018541 0.931981444
3337 0.000000000 0.057731073 0.942268908
3338 0.000000000 0.058635246 0.941364765
3339 0.000000000 0.026539905 0.973460078
3340 0.000000000 0.056116495 0.943883479
3341 0.000000000 0.518482685 0.481517315
3342 0.000000000 0.458914310 0.541085660
3343 0.000000000 0.515745282 0.484254688
3344 0.000000000 0.590629578 0.409370393
3345 0.000000000 0.000372188 0.999627829
3346 0.000000000 0.460759729 0.539240241
3347 0.000000000 0.493264258 0.506735742
3348 0.000000000 0.507632077 0.492367923
3349 0.000000000 0.497148216 0.502851784
3350 0.000000000 0.484057665 0.515942335
3351 0.000000000 0.528886437 0.471113533
3352 0.000000000 0.486913919 0.513086081
3353 0.000000000 0.599264801 0.400735199
3354 0.000000000 0.199174613 0.800825417
3355 0.000000000 0.221331120 0.778668880
3356 0.000000000 0.183282301 0.816717684
3357 0.000000000 0.260740876 0.739259124
3358 0.000000000 0.239223912 0.760776103
3359 0.000000000 0.000000000 1.000000000
3360 0.000000000 0.288620293 0.711379707
3361 0.000000000 0.195872664 0.804127336
3362 0.000000000 0.194857419 0.805142581
3363 0.000000000 0.262584120 0.737415850
3364 0.000000000 0.488646716 0.511353314
3365 0.000000000 0.257923722 0.742076278
3366 0.000000000 0.365892977 0.634107053
3367 0.000000000 0.543809474 0.456190526
3368 0.000000000 0.607119083 0.392880887
3369 0.000000000 0.500402451 0.499597549
3370 0.000000000 0.542239249 0.457760751
3371 0.000000000 0.593988061 0.406011939
3372 0.000000000 0.648514152 0.351485819
3373 0.000000000 0.000000000 1.000000000
3374 0.000000000 0.545750320 0.454249710
3375 0.000000000 0.552698672 0.447301328
3376 0.000000000 0.640450358 0.359549612
3377 0.000000000 0.810483277 0.189516708
3378 0.000000000 0.596088946 0.403911084
3379 0.000000000 0.793271542 0.206728458
3380 0.000000000 1.000000000 0.000000000
3381 0.000000000 0.926178038 0.073821969
3382 0.000000000 0.907680452 0.092319570
3383 0.000000000 1.000000000 0.000000000
3384 0.000000000 0.976780295 0.023219723
3385 0.000000000 0.946843922 0.053156100
3386 0.000000000 0.952716947 0.047283065
3387 0.000000000 0.000000000 1.000000000
3388 0.000000000 0.964564025 0.035435963
3389 0.000000000 1.000000000 0.000000000
3390 0.000000000 0.998144746 0.001855232
3391 0.000000000 0.939845026 0.060154982
3392 0.000000000 1.000000000 0.000000000
3393 0.000000000 0.905295849 0.094704174
3394 0.000000000 0.955666125 0.044333864
3395 0.000000000 0.962866127 0.037133861
3396 0.000000000 0.945641398 0.054358575
3397 0.000000000 0.974594891 0.025405113
3398 0.000000000 0.969487667 0.030512335
3399 0.000000000 0.968364239 0.031635769
3400 0.000000000 0.961793602 0.038206391
3401 0.000000000 0.000000000 1.000000000
3402 0.000000000 0.928796768 0.071203254
3403 0.000000000 0.999179661 0.000820314
3404 0.000000000 0.971560001 0.028439987
3405 0.000000000 0.979427457 0.020572549
3406 0.000000000 0.932771266 0.067228742
3407 0.000000000 0.894160330 0.105839655
3408 0.000000000 0.918346763 0.081653222
3409 0.000000000 0.968426287 0.031573683
3410 0.000000000 0.995342195 0.004657823
3411 0.000000000 0.983152330 0.016847687
3412 0.000000000 0.930619121 0.069380902
3413 0.000000000 0.977117836 0.022882152
3414 0.000000000 0.884774566 0.115225449
3415 0.000000000 0.000023775 0.999976218
3416 0.000000000 0.906591058 0.093408942
3417 0.000000000 0.848210752 0.151789278
3418 0.000000000 0.837732017 0.162267983
3419 0.000000000 0.794141889 0.205858096
3420 0.000000000 0.820628464 0.179371536
3421 0.000000000 0.869035542 0.130964473
3422 0.000000000 0.954109430 0.045890559
3423 0.000000000 0.910754442 0.089245535
3424 0.000000000 0.979116857 0.020883143
3425 0.000000000 0.941403329 0.058596693
3426 0.000000000 0.870611250 0.129388750
3427 0.000000000 0.959467113 0.040532917
3428 0.000000000 0.950972199 0.049027778
3429 0.000000000 0.000068113 0.999931872
3430 0.000000000 0.767917752 0.232082248
3431 0.000000000 0.534027517 0.465972453
3432 0.000000000 0.178377599 0.821622372
3433 0.000000000 0.167420298 0.832579672
3434 0.000000000 0.392435551 0.607564449
3435 0.000000000 0.298892736 0.701107264
3436 0.000000000 0.332755655 0.667244315
3437 0.000000000 0.339688808 0.660311222
3438 0.000000000 0.149116486 0.850883543
3439 0.000000000 0.266426891 0.733573139
3440 0.000000000 0.464481771 0.535518229
3441 0.000000000 0.502892077 0.497107893
3442 0.000000000 0.486353308 0.513646722
3443 0.000000000 0.000000000 1.000000000
3444 0.000000000 0.189283922 0.810716093
3445 0.000000000 0.000025287 0.999974728
3446 0.000000000 0.000000000 1.000000000
3447 0.000000000 0.000040837 0.999959171
3448 0.000000000 0.000006480 0.999993503
3449 0.000000000 0.000000000 1.000000000
3450 0.000000000 0.000008636 0.999991357
3451 0.000000000 0.000000000 1.000000000
3452 0.000000000 0.000064130 0.999935865
3453 0.000000000 0.000000000 1.000000000
3454 0.000000000 0.001053818 0.998946190
3455 0.000000000 0.001106486 0.998893499
3456 0.000000000 0.000000000 1.000000000
3457 0.000000000 0.000024861 0.999975145
3458 0.000000000 0.000000000 1.000000000
3459 0.983683228 0.000000000 0.016316760
3460 0.983148694 0.000000000 0.016851317
3461 1.000000000 0.000000000 0.000000000
3462 0.985527933 0.000000000 0.014472076
3463 1.000000000 0.000000000 0.000000000
3464 0.984893739 0.000000000 0.015106282
3465 1.000000000 0.000000000 0.000000000
3466 0.989787161 0.000000000 0.010212828
3467 0.989654899 0.000000000 0.010345115
3468 0.996471405 0.000000000 0.003528614
3469 0.984928250 0.000000000 0.015071751
3470 0.999167085 0.000000000 0.000832907
3471 0.997507095 0.000146169 0.002346739
3472 0.000000000 0.000000000 1.000000000
3473 0.993797302 0.000123147 0.006079537
3474 0.763939857 0.000000000 0.236060143
3475 0.991662502 0.000143824 0.008193667
3476 0.996293247 0.000000000 0.003706770
3477 0.991064012 0.000156969 0.008779009
3478 0.801368535 0.000000000 0.198631451
3479 0.791542530 0.000246069 0.208211392
3480 0.798800170 0.000160966 0.201038837
3481 0.992785931 0.000064440 0.007149642
3482 0.993374109 0.000103786 0.006522115
3483 0.994032383 0.000013762 0.005953864
3484 0.999546051 0.000453974 0.000000000
3485 0.970950663 0.000704587 0.028344756
3486 0.000000000 0.000308368 0.999691606
3487 0.997511446 0.000276993 0.002211543
3488 0.972600162 0.001040827 0.026358992
3489 0.987319887 0.000363311 0.012316829
3490 0.976942718 0.001153685 0.021903606
3491 0.999473989 0.000526030 0.000000000
3492 0.978965163 0.000386841 0.020647978
3493 0.997760892 0.000306378 0.001932731
3494 0.982741535 0.000466091 0.016792364
3495 0.976743340 0.000541853 0.022714799
3496 0.991908669 0.000623960 0.007467391
3497 0.999898672 0.000101320 0.000000000
3498 0.718511760 0.000722760 0.280765444
3499 0.997395515 0.000423236 0.002181236
3500 0.000000000 0.000419289 0.999580681
3501 0.997352421 0.000699788 0.001947776
3502 0.725526631 0.000109363 0.274363995
3503 0.998497605 0.000182316 0.001320051
3504 0.727546096 0.000078223 0.272375643
3505 0.726738155 0.000089314 0.273172498
3506 0.659419477 0.000121775 0.340458751
3507 0.999135315 0.000104017 0.000760651
3508 0.998485923 0.000114685 0.001399418
3509 0.999684632 0.000315380 0.000000000
3510 0.993629873 0.001775370 0.004594766
3511 0.924958050 0.002635642 0.072406329
3512 0.991853237 0.001954273 0.006192505
3513 0.976133525 0.023113860 0.000752640
3514 0.000000000 0.000169482 0.999830544
3515 0.992041171 0.001467628 0.006491175
3516 0.952931225 0.017331742 0.029737033
3517 0.996416450 0.000136124 0.003447450
3518 0.971285880 0.002100972 0.026613176
3519 0.913830042 0.000423285 0.085746661
3520 0.999909461 0.000090560 0.000000000
3521 0.993087411 0.000447850 0.006464747
3522 0.999749184 0.000250840 0.000000000
3523 1.000000000 0.000000000 0.000000000
3524 0.824134886 0.004196625 0.171668485
3525 0.995223522 0.004776458 0.000000000
3526 0.958198607 0.003766916 0.038034454
3527 0.987103641 0.001274811 0.011621546
3528 0.000000000 0.000000000 1.000000000
3529 0.914192319 0.055395328 0.030412355
3530 0.876200318 0.005897169 0.117902488
3531 0.924622357 0.002193562 0.073184110
3532 0.902662277 0.002391435 0.094946302
3533 0.973250151 0.002707533 0.024042303
3534 0.995657384 0.003048135 0.001294503
3535 0.901306510 0.023181058 0.075512432
3536 0.873918414 0.119387709 0.006693898
3537 0.814590931 0.127829909 0.057579167
3538 0.978735328 0.018627303 0.002637378
3539 0.834462345 0.143232897 0.022304740
3540 0.868938923 0.123652093 0.007408974
3541 0.871778488 0.113360971 0.014860526
3542 0.000000000 0.000000000 1.000000000
3543 0.786375463 0.128577605 0.085046954
3544 0.808379352 0.144750044 0.046870582
3545 0.826235175 0.122423902 0.051340934
3546 0.870944560 0.119470313 0.009585143
3547 0.967407942 0.029445145 0.003146900
3548 0.872163057 0.117929734 0.009907222
3549 0.977984786 0.019197950 0.002817241
3550 0.948903143 0.019121021 0.031975836
3551 0.953414917 0.015275128 0.031309981
3552 0.967923284 0.023073213 0.009003522
3553 0.962163746 0.017837144 0.019999130
3554 0.953250051 0.018154854 0.028595109
3555 0.979505479 0.007602992 0.012891502
3556 0.000000000 0.000000000 1.000000000
3557 0.976693273 0.011142456 0.012164265
3558 0.967165887 0.019542590 0.013291535
3559 0.973704040 0.016683890 0.009612086
3560 0.933736920 0.035087939 0.031175120
3561 0.950916946 0.038035780 0.011047257
3562 0.972872734 0.023698499 0.003428794
3563 0.827871859 0.073638022 0.098490097
3564 0.927908361 0.062917545 0.009174095
3565 0.847231865 0.058494542 0.094273597
3566 0.934043467 0.053115450 0.012841059
3567 0.835693121 0.148620784 0.015686069
3568 0.821099699 0.167308152 0.011592127
3569 0.929873824 0.062226012 0.007900176
3570 0.000000000 0.000000000 1.000000000
3571 0.616771579 0.281890810 0.101337604
3572 0.831429601 0.160360038 0.008210379
3573 0.918688834 0.072623990 0.008687176
3574 0.905657947 0.084020287 0.010321778
3575 0.731602430 0.263716340 0.004681211
3576 0.640450120 0.280770898 0.078778990
3577 0.713937879 0.276996523 0.009065603
3578 0.660494685 0.330870509 0.008634810
3579 0.759418190 0.224712089 0.015869740
3580 0.676399112 0.305950433 0.017650455
3581 0.643004239 0.341925889 0.015069863
3582 0.708845139 0.278292328 0.012862530
3583 0.762939334 0.229001239 0.008059422
3584 0.000000000 0.001645996 0.998354018
3585 0.633404911 0.354656994 0.011938061
3586 0.721830904 0.266419202 0.011749890
3587 0.486492455 0.417284131 0.096223429
3588 0.414184809 0.584783018 0.001032184
3589 0.239954814 0.758027256 0.002017925
3590 0.506980240 0.468621582 0.024398183
3591 0.362792224 0.563055277 0.074152499
3592 0.521962881 0.472735345 0.005301795
3593 0.396120667 0.599289477 0.004589869
3594 0.254047632 0.739838243 0.006114127
3595 0.363285869 0.631639421 0.005074695
3596 0.472249031 0.503817797 0.023933157
3597 0.461994797 0.535955012 0.002050168
3598 0.000000000 0.000178906 0.999821067
3599 0.472777486 0.524291933 0.002930590
3600 0.040880509 0.954353273 0.004766248
3601 0.021734027 0.958084702 0.020181246
3602 0.141337708 0.808172107 0.050490197
3603 0.055051602 0.900633514 0.044314876
3604 0.134303018 0.844706237 0.020990741
3605 0.071461603 0.882990479 0.045547951
3606 0.034417875 0.909051895 0.056530222
3607 0.034283031 0.909404337 0.056312606
3608 0.148040771 0.834910929 0.017048296
3609 0.163676724 0.828295112 0.008028151
3610 0.218661115 0.771063685 0.010275232
3611 0.273919553 0.712442756 0.013637686
3612 0.000000000 0.000000000 1.000000000
3613 0.013496041 0.757087409 0.229416519
3614 0.000000000 0.148544073 0.851455927
3615 0.000000000 0.032370135 0.967629850
3616 0.000000000 0.056024663 0.943975329
3617 0.000000000 0.164828241 0.835171759
3618 0.000000000 0.060658474 0.939341545
3619 0.000000000 0.030097812 0.969902217
3620 0.000000000 0.038368709 0.961631298
3621 0.000000000 0.016359996 0.983640015
3622 0.000000000 0.102315128 0.897684872
3623 0.000000000 0.243881911 0.756118059
3624 0.000000000 0.223990038 0.776009977
3625 0.000000000 0.404340684 0.595659316
3626 0.000000000 0.000059142 0.999940872
3627 0.000000000 0.000000000 1.000000000
3628 0.333333343 0.333333343 0.333333343
3629 0.333333343 0.333333343 0.333333343
3630 0.333333343 0.333333343 0.333333343
3631 0.333333343 0.333333343 0.333333343
3632 0.333333343 0.333333343 0.333333343
3633 0.333333343 0.333333343 0.333333343
3634 0.333333343 0.333333343 0.333333343
3635 0.333333343 0.333333343 0.333333343
3636 0.333333343 0.333333343 0.333333343
3637 0.333333343 0.333333343 0.333333343
3638 0.333333343 0.333333343 0.333333343
3639 0.333333343 0.333333343 0.333333343
3640 0.333333343 0.333333343 0.333333343
3641 0.000000000 0.000000000 1.000000000
3642 0.333333343 0.333333343 0.333333343
3643 0.000000000 0.000000000 1.000000000
3644 0.333333343 0.333333343 0.333333343
3645 0.333333343 0.333333343 0.333333343
3646 0.333333343 0.333333343 0.333333343
3647 0.333333343 0.333333343 0.333333343
3648 0.333333343 0.333333343 0.333333343
3649 0.333333343 0.333333343 0.333333343
3650 0.333333343 0.333333343 0.333333343
3651 0.333333343 0.333333343 0.333333343
3652 0.333333343 0.333333343 0.333333343
3653 0.333333343 0.333333343 0.333333343
3654 0.333333343 0.333333343 0.333333343
3655 0.000000000 0.000000000 1.000000000
3656 0.249454558 0.000000000 0.750545442
3657 1.000000000 0.000000000 0.000000000
3658 0.333333343 0.333333343 0.333333343
3659 0.333333343 0.333333343 0.333333343
3660 0.333333343 0.333333343 0.333333343
3661 0.333333343 0.333333343 0.333333343
3662 1.000000000 0.000000000 0.000000000
3663 1.000000000 0.000000000 0.000000000
3664 0.333333343 0.333333343 0.333333343
3665 0.333333343 0.333333343 0.333333343
3666 0.333333343 0.333333343 0.333333343
3667 0.333333343 0.333333343 0.333333343
3668 0.333333343 0.333333343 0.333333343
3669 0.000000000 0.000000000 1.000000000
3670 0.333333343 0.333333343 0.333333343
3671 0.333333343 0.333333343 0.333333343
3672 0.333333343 0.333333343 0.333333343
3673 0.333333343 0.333333343 0.333333343
3674 0.333333343 0.333333343 0.333333343
3675 0.333333343 0.333333343 0.333333343
3676 0.333333343 0.333333343 0.333333343
3677 0.333333343 0.333333343 0.333333343
3678 0.333333343 0.333333343 0.333333343
3679 0.333333343 0.333333343 0.333333343
3680 0.333333343 0.333333343 0.333333343
3681 0.333333343 0.333333343 0.333333343
3682 0.333333343 0.333333343 0.333333343
3683 0.000000000 0.000000000 1.000000000
3684 0.333333343 0.333333343 0.333333343
3685 0.333333343 0.333333343 0.333333343
3686 0.333333343 0.333333343 0.333333343
3687 0.333333343 0.333333343 0.333333343
3688 0.333333343 0.333333343 0.333333343
3689 0.333333343 0.333333343 0.333333343
3690 0.333333343 0.333333343 0.333333343
3691 0.333333343 0.333333343 0.333333343
3692 1.000000000 0.000000000 0.000000000
3693 0.526315510 0.473684460 0.000000000
3694 0.049413685 0.855648041 0.094938256
3695 0.638191342 0.361808628 0.000000000
3696 0.622989416 0.377010584 0.000000000
3697 0.000000000 0.000000000 1.000000000
3698 0.024934134 0.658712685 0.316353202
3699 0.511932790 0.488067180 0.000000000
3700 0.347402602 0.652597427 0.000000000
3701 0.640409231 0.359590769 0.000000000
3702 0.343540102 0.656459868 0.000000000
3703 0.060190503 0.782840133 0.156969339
3704 0.743141830 0.256858170 0.000000000
3705 1.000000000 0.000000000 0.000000000
3706 0.880335212 0.116720863 0.002943925
3707 0.791410923 0.104163699 0.104425400
3708 0.931592166 0.068407811 0.000000000
3709 0.950115860 0.049884159 0.000000000
3710 0.517966151 0.482033879 0.000000000
3711 0.000000000 0.000000000 1.000000000
3712 0.282702953 0.282319218 0.434977859
3713 0.301269323 0.306181312 0.392549396
3714 0.822451293 0.177548707 0.000000000
3715 0.880726278 0.119164258 0.000109479
3716 0.828266799 0.160849676 0.010883521
3717 0.963483632 0.036516350 0.000000000
3718 0.164463490 0.501779616 0.333756864
3719 0.151709795 0.479741782 0.368548423
3720 0.211808935 0.486209601 0.301981479
3721 0.234743074 0.483905345 0.281351596
3722 0.283541560 0.331126064 0.385332406
3723 0.453571409 0.410138011 0.136290565
3724 0.233634919 0.444044948 0.322320133
3725 0.000000000 0.000000000 1.000000000
3726 0.529158771 0.463511199 0.007329996
3727 0.472375840 0.331168801 0.196455359
3728 0.700877786 0.299122214 0.000000000
3729 0.504151344 0.477333665 0.018515000
3730 0.801564693 0.198435321 0.000000000
3731 0.728232205 0.209011048 0.062756732
3732 0.757837415 0.185748830 0.056413736
3733 0.666175783 0.293140382 0.040683839
3734 0.764442146 0.173467770 0.062090084
3735 0.794348776 0.186147019 0.019504208
3736 0.877188683 0.069220565 0.053590745
3737 0.784114182 0.193582177 0.022303663
3738 0.810603976 0.156514585 0.032881461
3739 0.000000000 0.000000000 1.000000000
3740 0.861644745 0.130208284 0.008146960
3741 0.735885859 0.263363749 0.000750426
3742 0.794305921 0.200317606 0.005376495
3743 0.798550785 0.201087758 0.000361431
3744 0.716669738 0.225531906 0.057798363
3745 0.613976121 0.324786901 0.061237004
3746 0.593505263 0.376361340 0.030133413
3747 0.726141393 0.229220793 0.044637792
3748 0.794414163 0.194916144 0.010669709
3749 0.793621600 0.168741181 0.037637241
3750 0.702538908 0.263066679 0.034394395
3751 0.767492294 0.194784850 0.037722837
3752 0.727603137 0.260115355 0.012281517
3753 0.000000000 0.000000000 1.000000000
3754 0.708256364 0.278909057 0.012834587
3755 0.716648757 0.264047921 0.019303298
3756 0.762839258 0.228478014 0.008682759
3757 0.611766338 0.379898995 0.008334650
3758 0.623121262 0.372193038 0.004685702
3759 0.608599067 0.388204485 0.003196461
3760 0.664854527 0.332969695 0.002175772
3761 0.693040192 0.306298494 0.000661329
3762 0.459073365 0.540897012 0.000029646
3763 0.625833750 0.290228724 0.083937518
3764 0.686978459 0.264824659 0.048196867
3765 0.650210619 0.296854764 0.052934624
3766 0.707973063 0.290183961 0.001842974
3767 0.000000000 0.000000000 1.000000000
3768 0.607634544 0.340477437 0.051888000
3769 0.430488974 0.545246005 0.024265049
3770 0.000000000 0.988770008 0.011229989
3771 0.000000000 0.949193597 0.050806392
3772 0.000000000 0.962313712 0.037686288
3773 0.000000000 0.971184969 0.028815031
3774 0.008235245 0.988973439 0.002791294
3775 0.000000000 0.983599007 0.016400972
3776 0.023245219 0.903752625 0.073002182
3777 0.017361905 0.931798637 0.050839428
3778 0.086398795 0.906655848 0.006945359
3779 0.048104085 0.937765896 0.014130027
3780 0.064830206 0.908180654 0.026989166
3781 0.000000000 0.059951343 0.940048635
3782 0.000000000 0.887799323 0.112200700
3783 0.000000000 0.169763923 0.830236077
3784 0.000000000 0.114306524 0.885693491
3785 0.000000000 0.245157823 0.754842162
3786 0.000000000 0.172304377 0.827695608
3787 0.000000000 0.180076703 0.819923282
3788 0.000000000 0.157540172 0.842459857
3789 0.000000000 0.221390396 0.778609574
3790 0.000000000 0.244515896 0.755484104
3791 0.000000000 0.168601006 0.831399024
3792 0.000000000 0.420052707 0.579947293
3793 0.000000000 0.349877506 0.650122464
3794 0.000000000 0.377404094 0.622595906
3795 0.000000000 0.000000000 1.000000000
3796 0.000000000 1.000000000 0.000000000
3797 1.000000000 0.000000000 0.000000000
3798 1.000000000 0.000000000 0.000000000
3799 1.000000000 0.000000000 0.000000000
3800 1.000000000 0.000000000 0.000000000
3801 1.000000000 0.000000000 0.000000000
3802 1.000000000 0.000000000 0.000000000
3803 1.000000000 0.000000000 0.000000000
3804 1.000000000 0.000000000 0.000000000
3805 1.000000000 0.000000000 0.000000000
3806 1.000000000 0.000000000 0.000000000
3807 1.000000000 0.000000000 0.000000000
3808 1.000000000 0.000000000 0.000000000
3809 1.000000000 0.000000000 0.000000000
3810 0.000000000 1.000000000 0.000000000
3811 1.000000000 0.000000000 0.000000000
3812 1.000000000 0.000000000 0.000000000
3813 1.000000000 0.000000000 0.000000000
3814 1.000000000 0.000000000 0.000000000
3815 1.000000000 0.000000000 0.000000000
3816 1.000000000 0.000000000 0.000000000
3817 1.000000000 0.000000000 0.000000000
3818 1.000000000 0.000000000 0.000000000
3819 1.000000000 0.000000000 0.000000000
3820 1.000000000 0.000000000 0.000000000
3821 1.000000000 0.000000000 0.000000000
3822 1.000000000 0.000000000 0.000000000
3823 1.000000000 0.000000000 0.000000000
3824 0.000000000 1.000000000 0.000000000
3825 0.993765235 0.006234794 0.000000000
3826 1.000000000 0.000000000 0.000000000
3827 1.000000000 0.000000000 0.000000000
3828 1.000000000 0.000000000 0.000000000
3829 1.000000000 0.000000000 0.000000000
3830 1.000000000 0.000000000 0.000000000
3831 1.000000000 0.000000000 0.000000000
3832 1.000000000 0.000000000 0.000000000
3833 1.000000000 0.000000000 0.000000000
3834 1.000000000 0.000000000 0.000000000
3835 1.000000000 0.000000000 0.000000000
3836 1.000000000 0.000000000 0.000000000
3837 1.000000000 0.000000000 0.000000000
3838 0.000000000 1.000000000 0.000000000
3839 1.000000000 0.000000000 0.000000000
3840 1.000000000 0.000000000 0.000000000
3841 1.000000000 0.000000000 0.000000000
3842 1.000000000 0.000000000 0.000000000
3843 1.000000000 0.000000000 0.000000000
3844 1.000000000 0.000000000 0.000000000
3845 1.000000000 0.000000000 0.000000000
3846 1.000000000 0.000000000 0.000000000
3847 1.000000000 0.000000000 0.000000000
3848 1.000000000 0.000000000 0.000000000
3849 1.000000000 0.000000000 0.000000000
3850 1.000000000 0.000000000 0.000000000
3851 1.000000000 0.000000000 0.000000000
3852 0.000000000 1.000000000 0.000000000
3853 1.000000000 0.000000000 0.000000000
3854 1.000000000 0.000000000 0.000000000
3855 1.000000000 0.000000000 0.000000000
3856 1.000000000 0.000000000 0.000000000
3857 1.000000000 0.000000000 0.000000000
3858 1.000000000 0.000000000 0.000000000
3859 0.996073127 0.003926890 0.000000000
3860 1.000000000 0.000000000 0.000000000
3861 0.998520553 0.001479451 0.000000000
3862 1.000000000 0.000000000 0.000000000
3863 1.000000000 0.000000000 0.000000000
3864 1.000000000 0.000000000 0.000000000
3865 1.000000000 0.000000000 0.000000000
3866 0.000000000 1.000000000 0.000000000
3867 1.000000000 0.000000000 0.000000000
3868 1.000000000 0.000000000 0.000000000
3869 1.000000000 0.000000000 0.000000000
3870 0.994850218 0.005149765 0.000000000
3871 1.000000000 0.000000000 0.000000000
3872 1.000000000 0.000000000 0.000000000
3873 1.000000000 0.000000000 0.000000000
3874 1.000000000 0.000000000 0.000000000
3875 0.994891167 0.005108860 0.000000000
3876 0.997928739 0.002071283 0.000000000
3877 1.000000000 0.000000000 0.000000000
3878 1.000000000 0.000000000 0.000000000
3879 1.000000000 0.000000000 0.000000000
3880 0.000000000 1.000000000 0.000000000
3881 1.000000000 0.000000000 0.000000000
3882 1.000000000 0.000000000 0.000000000
3883 1.000000000 0.000000000 0.000000000
3884 1.000000000 0.000000000 0.000000000
3885 0.999907136 0.000092892 0.000000000
3886 1.000000000 0.000000000 0.000000000
3887 0.999347925 0.000652049 0.000000000
3888 0.977696061 0.022303915 0.000000000
3889 0.998360336 0.001639680 0.000000000
3890 1.000000000 0.000000000 0.000000000
3891 0.989419520 0.010580496 0.000000000
3892 0.999094367 0.000905610 0.000000000
3893 0.992022157 0.007977834 0.000000000
3894 0.000000000 1.000000000 0.000000000
3895 0.998779893 0.001220095 0.000000000
3896 0.997374713 0.002625264 0.000000000
3897 1.000000000 0.000000000 0.000000000
3898 1.000000000 0.000000000 0.000000000
3899 0.998489082 0.001510943 0.000000000
3900 0.971952796 0.028047176 0.000000000
3901 0.638830006 0.361169994 0.000000000
3902 0.405555397 0.594444573 0.000000000
3903 0.981554925 0.018445091 0.000000000
3904 0.982391000 0.017609006 0.000000000
3905 0.407119393 0.592880607 0.000000000
3906 0.959056318 0.040943678 0.000000000
3907 0.300375342 0.699624658 0.000000000
3908 0.000000000 1.000000000 0.000000000
3909 0.510535657 0.489464313 0.000000000
3910 0.992674530 0.007325500 0.000000000
3911 0.995976508 0.004023472 0.000000000
3912 0.990508914 0.009491070 0.000000000
3913 0.877855539 0.122144461 0.000000000
3914 0.954400063 0.045599949 0.000000000
3915 0.762727559 0.237272471 0.000000000
3916 0.970097005 0.029902982 0.000000000
3917 0.914076865 0.085923135 0.000000000
3918 0.981612980 0.018387038 0.000000000
3919 0.982944429 0.017055562 0.000000000
3920 0.972981036 0.027018966 0.000000000
3921 0.958795071 0.041204955 0.000000000
3922 0.000000000 1.000000000 0.000000000
3923 0.988503754 0.011496225 0.000000000
3924 0.966874838 0.033125151 0.000000000
3925 0.610157073 0.389842927 0.000000000
3926 0.914610445 0.085389555 0.000000000
3927 0.953960776 0.046039227 0.000000000
3928 0.949627817 0.050372213 0.000000000
3929 0.961176455 0.038823538 0.000000000
3930 0.930748641 0.069251329 0.000000000
3931 0.937648535 0.062351473 0.000000000
3932 0.960369766 0.039630212 0.000000000
3933 0.870026827 0.129973203 0.000000000
3934 0.986896932 0.013103065 0.000000000
3935 0.996289670 0.003710344 0.000000000
3936 0.000000000 1.000000000 0.000000000
3937 0.788219452 0.211780533 0.000000000
3938 0.798329949 0.201670066 0.000000000
3939 0.118033901 0.881966114 0.000000000
3940 0.656007886 0.343992144 0.000000000
3941 0.805678308 0.194321677 0.000000000
3942 0.863669932 0.136330083 0.000000000
3943 0.484537780 0.515462220 0.000000000
3944 0.700398624 0.299601346 0.000000000
3945 0.454125196 0.545874774 0.000000000
3946 0.943574488 0.056425519 0.000000000
3947 0.483655840 0.516344190 0.000000000
3948 0.922718108 0.077281885 0.000000000
3949 0.541648149 0.458351851 0.000000000
3950 0.000000000 1.000000000 0.000000000
3951 0.077842720 0.922157288 0.000000000
3952 0.000000000 1.000000000 0.000000000
3953 0.000000000 1.000000000 0.000000000
3954 0.000000000 1.000000000 0.000000000
3955 0.000000000 1.000000000 0.000000000
3956 0.000000000 1.000000000 0.000000000
3957 0.000000000 1.000000000 0.000000000
3958 0.000000000 1.000000000 0.000000000
3959 0.000000000 1.000000000 0.000000000
3960 0.000000000 1.000000000 0.000000000
3961 0.000000000 1.000000000 0.000000000
3962 0.000000000 1.000000000 0.000000000
3963 0.000000000 1.000000000 0.000000000
3964 0.000000000 1.000000000 0.000000000
3965 0.000000000 1.000000000 0.000000000
3966 1.000000000 0.000000000 0.000000000
3967 1.000000000 0.000000000 0.000000000
3968 1.000000000 0.000000000 0.000000000
3969 1.000000000 0.000000000 0.000000000
3970 1.000000000 0.000000000 0.000000000
3971 1.000000000 0.000000000 0.000000000
3972 1.000000000 0.000000000 0.000000000
3973 1.000000000 0.000000000 0.000000000
3974 1.000000000 0.000000000 0.000000000
3975 1.000000000 0.000000000 0.000000000
3976 1.000000000 0.000000000 0.000000000
3977 1.000000000 0.000000000 0.000000000
3978 1.000000000 0.000000000 0.000000000
3979 0.000000000 1.000000000 0.000000000
3980 0.999800384 0.000199607 0.000000000
3981 1.000000000 0.000000000 0.000000000
3982 1.000000000 0.000000000 0.000000000
3983 1.000000000 0.000000000 0.000000000
3984 1.000000000 0.000000000 0.000000000
3985 1.000000000 0.000000000 0.000000000
3986 1.000000000 0.000000000 0.000000000
3987 1.000000000 0.000000000 0.000000000
3988 1.000000000 0.000000000 0.000000000
3989 1.000000000 0.000000000 0.000000000
3990 1.000000000 0.000000000 0.000000000
3991 0.999889910 0.000110097 0.000000000
3992 0.999568045 0.000431966 0.000000000
3993 0.000000000 1.000000000 0.000000000
3994 0.999055088 0.000944903 0.000000000
3995 1.000000000 0.000000000 0.000000000
3996 1.000000000 0.000000000 0.000000000
3997 1.000000000 0.000000000 0.000000000
3998 1.000000000 0.000000000 0.000000000
3999 0.999947608 0.000052393 0.000000000
4000 1.000000000 0.000000000 0.000000000
4001 1.000000000 0.000000000 0.000000000
4002 0.999449968 0.000550033 0.000000000
4003 0.999374509 0.000625490 0.000000000
4004 1.000000000 0.000000000 0.000000000
4005 1.000000000 0.000000000 0.000000000
4006 0.999860585 0.000139415 0.000000000
4007 0.000000000 1.000000000 0.000000000
4008 1.000000000 0.000000000 0.000000000
4009 1.000000000 0.000000000 0.000000000
4010 1.000000000 0.000000000 0.000000000
4011 1.000000000 0.000000000 0.000000000
4012 1.000000000 0.000000000 0.000000000
4013 1.000000000 0.000000000 0.000000000
4014 1.000000000 0.000000000 0.000000000
4015 1.000000000 0.000000000 0.000000000
4016 1.000000000 0.000000000 0.000000000
4017 1.000000000 0.000000000 0.000000000
4018 1.000000000 0.000000000 0.000000000
4019 0.999729574 0.000270412 0.000000000
4020 1.000000000 0.000000000 0.000000000
4021 0.000000000 1.000000000 0.000000000
4022 1.000000000 0.000000000 0.000000000
4023 1.000000000 0.000000000 0.000000000
4024 1.000000000 0.000000000 0.000000000
4025 1.000000000 0.000000000 0.000000000
4026 1.000000000 0.000000000 0.000000000
4027 1.000000000 0.000000000 0.000000000
4028 1.000000000 0.000000000 0.000000000
4029 1.000000000 0.000000000 0.000000000
4030 1.000000000 0.000000000 0.000000000
4031 0.998559654 0.001440371 0.000000000
4032 1.000000000 0.000000000 0.000000000
4033 1.000000000 0.000000000 0.000000000
4034 1.000000000 0.000000000 0.000000000
4035 0.000000000 1.000000000 0.000000000
4036 0.935844660 0.064155333 0.000000000
4037 1.000000000 0.000000000 0.000000000
4038 1.000000000 0.000000000 0.000000000
4039 1.000000000 0.000000000 0.000000000
4040 1.000000000 0.000000000 0.000000000
4041 1.000000000 0.000000000 0.000000000
4042 1.000000000 0.000000000 0.000000000
4043 1.000000000 0.000000000 0.000000000
4044 1.000000000 0.000000000 0.000000000
4045 1.000000000 0.000000000 0.000000000
4046 1.000000000 0.000000000 0.000000000
4047 1.000000000 0.000000000 0.000000000
4048 1.000000000 0.000000000 0.000000000
4049 0.000000000 1.000000000 0.000000000
4050 0.956915796 0.043084200 0.000000000
4051 0.956246555 0.043753471 0.000000000
4052 1.000000000 0.000000000 0.000000000
4053 1.000000000 0.000000000 0.000000000
4054 1.000000000 0.000000000 0.000000000
4055 1.000000000 0.000000000 0.000000000
4056 0.500000000 0.500000000 0.000000000
4057 0.819643378 0.180356592 0.000000000
4058 1.000000000 0.000000000 0.000000000
4059 0.500000000 0.500000000 0.000000000
4060 1.000000000 0.000000000 0.000000000
4061 1.000000000 0.000000000 0.000000000
4062 1.000000000 0.000000000 0.000000000
4063 0.000000000 1.000000000 0.000000000
4064 1.000000000 0.000000000 0.000000000
4065 0.500000000 0.500000000 0.000000000
4066 1.000000000 0.000000000 0.000000000
4067 1.000000000 0.000000000 0.000000000
4068 0.500000000 0.500000000 0.000000000
4069 1.000000000 0.000000000 0.000000000
4070 0.967372179 0.032627806 0.000000000
4071 1.000000000 0.000000000 0.000000000
4072 1.000000000 0.000000000 0.000000000
4073 0.957974494 0.042025533 0.000000000
4074 1.000000000 0.000000000 0.000000000
4075 0.960175872 0.039824139 0.000000000
4076 1.000000000 0.000000000 0.000000000
4077 0.000000000 1.000000000 0.000000000
4078 1.000000000 0.000000000 0.000000000
4079 1.000000000 0.000000000 0.000000000
4080 0.788244009 0.211755976 0.000000000
4081 0.994606674 0.005393339 0.000000000
4082 0.886980772 0.113019235 0.000000000
4083 0.771998763 0.228001207 0.000000000
4084 0.825763762 0.174236238 0.000000000
4085 0.915780246 0.084219769 0.000000000
4086 0.435721010 0.564279020 0.000000000
4087 0.783114433 0.216885552 0.000000000
4088 0.877873480 0.122126505 0.000000000
4089 0.851637185 0.148362800 0.000000000
4090 0.972923279 0.027076693 0.000000000
4091 0.000000000 1.000000000 0.000000000
4092 0.786704838 0.213295147 0.000000000
4093 0.888087332 0.111912645 0.000000000
4094 0.876699209 0.123300761 0.000000000
4095 0.776591420 0.223408595 0.000000000
4096 0.808923006 0.191076994 0.000000000
4097 0.853024244 0.146975771 0.000000000
4098 0.803686321 0.196313694 0.000000000
4099 0.937919438 0.062080555 0.000000000
4100 0.755807459 0.244192556 0.000000000
4101 0.787578940 0.212421030 0.000000000
4102 0.940587819 0.059412207 0.000000000
4103 0.980234444 0.019765563 0.000000000
4104 0.825883746 0.174116269 0.000000000
4105 0.000000000 1.000000000 0.000000000
4106 0.760981619 0.239018396 0.000000000
4107 0.156515941 0.843484044 0.000000000
4108 0.282379776 0.717620254 0.000000000
4109 0.424606889 0.575393081 0.000000000
4110 0.260975808 0.739024222 0.000000000
4111 0.456225157 0.543774843 0.000000000
4112 0.331241071 0.668758929 0.000000000
4113 0.396238595 0.603761435 0.000000000
4114 0.437251151 0.562748849 0.000000000
4115 0.407235235 0.592764795 0.000000000
4116 0.447999418 0.552000582 0.000000000
4117 0.467834324 0.532165706 0.000000000
4118 0.638288558 0.361711442 0.000000000
4119 0.000000000 1.000000000 0.000000000
4120 0.245960072 0.754039943 0.000000000
4121 0.000000000 1.000000000 0.000000000
4122 0.000000000 1.000000000 0.000000000
4123 0.000000000 1.000000000 0.000000000
4124 0.000000000 1.000000000 0.000000000
4125 0.000000000 1.000000000 0.000000000
4126 0.000000000 1.000000000 0.000000000
4127 0.000000000 1.000000000 0.000000000
4128 0.000000000 1.000000000 0.000000000
4129 0.000000000 1.000000000 0.000000000
4130 0.000000000 1.000000000 0.000000000
4131 0.000000000 1.000000000 0.000000000
4132 0.000000000 1.000000000 0.000000000
4133 0.000000000 1.000000000 0.000000000
4134 0.000000000 0.569559515 0.430440515
4135 0.000000000 0.979450881 0.020549098
4136 0.000000000 0.984158874 0.015841147
4137 0.000000000 0.977221489 0.022778517
4138 0.000000000 0.981902182 0.018097790
4139 0.000000000 0.977431595 0.022568425
4140 0.000000000 0.982646227 0.017353745
4141 0.000000000 0.975253642 0.024746377
4142 0.000000000 0.980958343 0.019041656
4143 0.000000000 0.976860940 0.023139045
4144 0.000000000 0.977480888 0.022519140
4145 0.000000000 0.985720277 0.014279719
4146 0.000000000 0.985364437 0.014635564
4147 0.000000000 0.123967126 0.876032889
4148 0.000000000 0.542344153 0.457655847
4149 0.000000000 0.174688861 0.825311124
4150 0.000000000 0.173707932 0.826292098
4151 0.000000000 0.173750252 0.826249719
4152 0.000000000 0.968016922 0.031983059
4153 0.000000000 0.975703120 0.024296874
4154 0.000000000 0.170762032 0.829237998
4155 0.000000000 0.174631149 0.825368822
4156 0.000000000 0.985184908 0.014815065
4157 0.000000000 0.982541323 0.017458672
4158 0.000000000 0.986926317 0.013073681
4159 0.000000000 0.984189093 0.015810907
4160 0.000000000 0.209883824 0.790116191
4161 0.000000000 0.142929092 0.857070923
4162 0.000000000 0.104319908 0.895680070
4163 0.000000000 0.084395297 0.915604711
4164 0.000000000 0.121288337 0.878711641
4165 0.000000000 0.035708487 0.964291513
4166 0.000000000 0.085453950 0.914546072
4167 0.000000000 0.116251349 0.883748651
4168 0.000000000 0.121715106 0.878284872
4169 0.000000000 0.129656315 0.870343685
4170 0.000000000 0.118184276 0.881815732
4171 0.000000000 0.143399850 0.856600165
4172 0.000000000 0.189805180 0.810194790
4173 0.000000000 0.999893665 0.000106314
4174 0.000000000 0.998994648 0.001005328
4175 0.000000000 0.999680102 0.000319880
4176 0.000000000 0.263561368 0.736438632
4177 0.000000000 0.998890162 0.001109833
4178 0.000000000 0.865366518 0.134633511
4179 0.000000000 0.998883486 0.001116516
4180 0.000000000 0.926926792 0.073073216
4181 0.000000000 0.896869302 0.103130698
4182 0.000000000 0.998926938 0.001073039
4183 0.000000000 0.998852849 0.001147135
4184 0.000000000 0.998980582 0.001019423
4185 0.000000000 0.998704612 0.001295368
4186 0.000000000 0.981033921 0.018966064
4187 0.000000000 0.973621130 0.026378864
4188 0.000000000 0.996138871 0.003861109
4189 0.000000000 0.430704802 0.569295168
4190 0.000000000 0.623322666 0.376677305
4191 0.000000000 0.956642926 0.043357048
4192 0.000000000 0.976248324 0.023751674
4193 0.000000000 0.941774249 0.058225766
4194 0.000000000 0.951613903 0.048386090
4195 0.000000000 0.981823802 0.018176217
4196 0.000000000 0.988832414 0.011167562
4197 0.000000000 0.992776096 0.007223919
4198 0.000000000 0.988832414 0.011167562
4199 0.000000000 0.835620105 0.164379880
4200 0.000000000 0.806383610 0.193616390
4201 0.000000000 0.948609889 0.051390100
4202 0.000000000 0.810707092 0.189292908
4203 0.000000000 0.806430697 0.193569288
4204 0.000000000 0.163540125 0.836459875
4205 0.000000000 0.806462586 0.193537384
4206 0.000000000 0.796915710 0.203084275
4207 0.000000000 0.801732838 0.198267177
4208 0.000000000 0.964512169 0.035487842
4209 0.000000000 0.802635789 0.197364211
4210 0.000000000 0.971051991 0.028948030
4211 0.000000000 0.963736773 0.036263209
4212 0.000000000 0.525590181 0.474409819
4213 0.000000000 0.507588685 0.492411286
4214 0.000000000 0.510254085 0.489745915
4215 0.000000000 0.364908576 0.635091424
4216 0.000000000 0.395298570 0.604701459
4217 0.000000000 0.350949526 0.649050474
4218 0.000000000 0.602310717 0.397689283
4219 0.000000000 0.489345968 0.510654032
4220 0.000000000 0.507635832 0.492364168
4221 0.000000000 0.511358261 0.488641709
4222 0.000000000 0.304973632 0.695026398
4223 0.000000000 0.518824100 0.481175900
4224 0.000000000 0.951767802 0.048232194
4225 0.000000000 0.405891895 0.594108105
4226 0.000000000 0.475565106 0.524434924
4227 0.000000000 0.417184323 0.582815647
4228 0.000000000 0.396966100 0.603033900
4229 0.000000000 0.376752019 0.623247981
4230 0.000000000 0.407331765 0.592668235
4231 0.000000000 0.388972163 0.611027837
4232 0.000000000 0.759389341 0.240610689
4233 0.000000000 0.412437856 0.587562144
4234 0.000000000 0.429304659 0.570695341
4235 0.000000000 0.475994527 0.524005473
4236 0.000000000 0.445950329 0.554049671
4237 0.000000000 0.450272948 0.549727023
4238 0.000000000 0.813593566 0.186406448
4239 0.000000000 0.848325729 0.151674286
4240 0.000000000 0.881277382 0.118722610
4241 0.000000000 0.713432550 0.286567450
4242 0.000000000 0.752290487 0.247709528
4243 0.000000000 0.774530768 0.225469247
4244 0.000000000 0.671787381 0.328212649
4245 0.000000000 0.824593723 0.175406277
4246 0.000000000 0.383657008 0.616343021
4247 0.000000000 0.825658917 0.174341053
4248 0.000000000 0.672856748 0.327143222
4249 0.000000000 0.788147867 0.211852163
4250 0.000000000 0.911664009 0.088336006
4251 0.000000000 0.779077411 0.220922619
4252 0.000000000 0.823437631 0.176562399
4253 0.000000000 0.806650281 0.193349734
4254 0.000000000 0.667899609 0.332100362
4255 0.000000000 0.732479572 0.267520428
4256 0.000000000 0.694270074 0.305729955
4257 0.000000000 0.726733625 0.273266345
4258 0.000000000 0.727841020 0.272159010
4259 0.000000000 0.750050664 0.249949336
4260 0.000000000 0.661299229 0.338700771
4261 0.000000000 0.710933745 0.289066225
4262 0.000000000 0.768416762 0.231583267
4263 0.000000000 0.934752524 0.065247484
4264 0.000000000 0.843984306 0.156015694
4265 0.000000000 0.676809788 0.323190212
4266 0.000000000 0.781791925 0.218208060
4267 0.000000000 0.719204247 0.280795723
4268 0.000000000 0.657931805 0.342068195
4269 0.000000000 0.598607242 0.401392728
4270 0.000000000 0.658313096 0.341686934
4271 0.000000000 0.772182941 0.227817073
4272 0.000000000 0.914527178 0.085472830
4273 0.000000000 0.849005580 0.150994435
4274 0.000000000 0.431651622 0.568348408
4275 0.000000000 0.921092927 0.078907095
4276 0.000000000 0.901799858 0.098200142
4277 0.000000000 0.901494324 0.098505661
4278 0.000000000 0.938488245 0.061511781
4279 0.000000000 0.918583572 0.081416406
4280 0.000000000 0.939845622 0.060154378
4281 0.000000000 0.841067433 0.158932552
4282 0.000000000 0.926641524 0.073358461
4283 0.000000000 0.922223151 0.077776834
4284 0.000000000 0.920926034 0.079073943
4285 0.000000000 0.889975727 0.110024251
4286 0.000000000 0.985790491 0.014209481
4287 0.000000000 0.941262186 0.058737785
4288 0.000000000 0.456218004 0.543781996
4289 0.000000000 0.819412708 0.180587262
4290 0.000000000 0.355405927 0.644594073
4291 0.000000000 0.348604649 0.651395321
4292 0.000000000 0.285074085 0.714925885
4293 0.000000000 0.157576934 0.842423081
4294 0.000000000 0.236192629 0.763807356
4295 0.000000000 0.292787910 0.707212090
4296 0.000000000 0.186422661 0.813577354
4297 0.000000000 0.191566199 0.808433831
4298 0.000000000 0.264770180 0.735229850
4299 0.000000000 0.305926651 0.694073319
4300 0.000000000 0.299836367 0.700163662
4301 0.000000000 0.563510656 0.436489314
4302 0.000000000 0.335854948 0.664145052
4303 0.000000000 0.000000000 1.000000000
4304 0.000000000 0.000000000 1.000000000
4305 0.000000000 0.000000000 1.000000000
4306 0.000000000 0.000000000 1.000000000
4307 0.000000000 0.000000000 1.000000000
4308 0.000000000 0.000000000 1.000000000
4309 0.000000000 0.000000000 1.000000000
4310 0.000000000 0.000000000 1.000000000
4311 0.000000000 0.000000000 1.000000000
4312 0.000000000 0.000000000 1.000000000
4313 0.000000000 0.000000000 1.000000000
4314 0.000000000 0.000000000 1.000000000
4315 0.000000000 0.000000000 1.000000000
4316 0.000000000 0.000000000 1.000000000
4317 0.000000000 0.000000000 1.000000000
4318 0.000000000 0.000000000 1.000000000
4319 0.000000000 0.000000000 1.000000000
4320 0.000000000 0.000000000 1.000000000
4321 0.000000000 0.000000000 1.000000000
4322 0.000000000 0.000000000 1.000000000
4323 0.000000000 0.000000000 1.000000000
4324 0.000000000 0.002710328 0.997289658
4325 0.000000000 0.002710328 0.997289658
4326 0.000000000 0.002710328 0.997289658
4327 0.000000000 0.000000000 1.000000000
4328 0.000000000 0.028302753 0.971697271
4329 0.000000000 0.000000475 0.999999523
4330 0.000000000 0.029910710 0.970089316
4331 0.000000000 0.000014005 0.999985993
4332 0.000000000 0.000068797 0.999931216
4333 0.000000000 0.003640097 0.996359885
4334 0.000000000 0.000068797 0.999931216
4335 0.000000000 0.000068797 0.999931216
4336 0.000000000 0.000000000 1.000000000
4337 0.000000000 0.077436320 0.922563672
4338 0.000000000 0.009945233 0.990054786
4339 0.000000000 0.003640097 0.996359885
4340 0.000000000 0.000001413 0.999998569
4341 0.000000000 0.040649500 0.959350526
4342 0.000000000 0.007252830 0.992747188
4343 0.000000000 0.042570643 0.957429349
4344 0.000000000 0.099117994 0.900882006
4345 0.000000000 0.000000000 1.000000000
4346 0.000000000 0.001847633 0.998152375
4347 0.000000000 0.014931452 0.985068560
4348 0.000000000 0.001847633 0.998152375
4349 0.000000000 0.018070683 0.981929302
4350 0.000000000 0.170853645 0.829146326
4351 0.000000000 0.035475954 0.964524031
4352 0.000000000 0.029089063 0.970910966
4353 0.000000000 0.007252830 0.992747188
4354 0.000000000 0.031576533 0.968423486
4355 0.000000000 0.008000716 0.991999269
4356 0.000000000 0.000000000 1.000000000
4357 0.000000000 0.571009874 0.428990126
4358 0.000000000 0.505034387 0.494965643
4359 0.000000000 0.000000000 1.000000000
4360 0.000000000 0.000000000 1.000000000
4361 0.000000000 0.017679922 0.982320070
4362 0.000000000 0.000000000 1.000000000
4363 0.000000000 0.065975510 0.934024513
4364 0.000000000 0.065975510 0.934024513
4365 0.000000000 0.571009874 0.428990126
4366 0.000000000 0.065975510 0.934024513
4367 0.000000000 0.571009874 0.428990126
4368 0.000000000 0.271354258 0.728645742
4369 0.000000000 0.797047973 0.202952027
4370 0.000000000 0.568011999 0.431987971
4371 0.000000000 0.706350386 0.293649614
4372 0.000000000 0.983440042 0.016559973
4373 0.000000000 0.000000000 1.000000000
4374 0.000000000 0.312346369 0.687653661
4375 0.000000000 0.665211260 0.334788740
4376 0.000000000 0.816757560 0.183242410
4377 0.000000000 0.628439188 0.371560782
4378 0.000000000 0.565854967 0.434145063
4379 0.000000000 0.118351653 0.881648362
4380 0.000000000 0.463289469 0.536710501
4381 0.000000000 0.474827617 0.525172412
4382 0.000000000 0.790043950 0.209956035
4383 0.000000000 0.732042372 0.267957628
4384 0.000000000 0.790043950 0.209956035
4385 0.000000000 0.999132574 0.000867414
4386 0.000000000 0.942424119 0.057575881
4387 0.000000000 0.000000000 1.000000000
4388 0.000000000 0.826628566 0.173371404
4389 0.000000000 1.000000000 0.000000000
4390 0.000000000 0.946172953 0.053827055
4391 0.000000000 0.907056510 0.092943512
4392 0.000000000 0.185333908 0.814666092
4393 0.000000000 1.000000000 0.000000000
4394 0.000000000 0.704933047 0.295066953
4395 0.000000000 0.710615814 0.289384186
4396 0.000000000 0.701361358 0.298638642
4397 0.000000000 0.709338307 0.290661693
4398 0.000000000 0.708006382 0.291993618
4399 0.000000000 0.712613761 0.287386239
4400 0.000000000 0.710717142 0.289282888
4401 0.000000000 0.000000000 1.000000000
4402 0.000000000 0.710181236 0.289818764
4403 0.000000000 0.648944855 0.351055145
4404 0.000000000 0.669770777 0.330229223
4405 0.000000000 0.484274834 0.515725195
4406 0.000000000 0.660272002 0.339727968
4407 0.000000000 0.521627486 0.478372514
4408 0.000000000 0.522117019 0.477882981
4409 0.000000000 0.522830725 0.477169275
4410 0.000000000 0.657844663 0.342155367
4411 0.000000000 0.654639602 0.345360398
4412 0.000000000 0.658643126 0.341356903
4413 0.000000000 0.655842841 0.344157159
4414 0.000000000 0.629137099 0.370862871
4415 0.000000000 0.000000000 1.000000000
4416 0.000000000 0.522830725 0.477169275
4417 0.000000000 0.658643126 0.341356903
4418 0.000000000 0.791655242 0.208344772
4419 0.000000000 0.791655242 0.208344772
4420 0.000000000 0.776145995 0.223854020
4421 0.000000000 0.836307526 0.163692474
4422 0.000000000 0.825456858 0.174543113
4423 0.000000000 0.871660650 0.128339380
4424 0.000000000 0.849486053 0.150513977
4425 0.000000000 0.890379131 0.109620869
4426 0.000000000 0.874135554 0.125864461
4427 0.000000000 0.865836442 0.134163529
4428 0.000000000 0.944523096 0.055476923
4429 0.000000000 0.000414070 0.999585927
4430 0.000000000 0.845823109 0.154176906
4431 0.000000000 0.878810108 0.121189870
4432 0.000000000 0.875244558 0.124755435
4433 0.000000000 0.691958010 0.308041990
4434 0.000000000 0.726591587 0.273408413
4435 0.000000000 0.826747537 0.173252493
4436 0.000000000 0.805358112 0.194641903
4437 0.000000000 0.859503806 0.140496209
4438 0.000000000 0.854309499 0.145690501
4439 0.000000000 0.889367163 0.110632822
4440 0.000000000 0.855197728 0.144802302
4441 0.000000000 0.872619987 0.127380013
4442 0.000000000 0.869998813 0.130001172
4443 0.000000000 0.000000000 1.000000000
4444 0.000000000 0.749475539 0.250524431
4445 0.000000000 0.682384431 0.317615598
4446 0.000000000 0.447521597 0.552478433
4447 0.000000000 0.320071131 0.679928899
4448 0.000000000 0.461626649 0.538373351
4449 0.000000000 0.521170318 0.478829652
4450 0.000000000 0.577076435 0.422923565
4451 0.000000000 0.486392021 0.513607979
4452 0.000000000 0.505893707 0.494106263
4453 0.000000000 0.723455429 0.276544571
4454 0.000000000 0.620818615 0.379181415
4455 0.000000000 0.657110393 0.342889577
4456 0.000000000 0.635116398 0.364883631
4457 0.000000000 0.000000000 1.000000000
4458 0.000000000 0.160689175 0.839310825
4459 0.000000000 0.000000000 1.000000000
4460 0.000000000 0.000000000 1.000000000
4461 0.000000000 0.000000000 1.000000000
4462 0.000000000 0.000000000 1.000000000
4463 0.000000000 0.004194405 0.995805621
4464 0.000000000 0.000000000 1.000000000
4465 0.000000000 0.000000000 1.000000000
4466 0.000000000 0.004823566 0.995176435
4467 0.000000000 0.000000000 1.000000000
4468 0.000000000 0.000000000 1.000000000
4469 0.000000000 0.000000000 1.000000000
4470 0.000000000 0.013034278 0.986965716
4471 0.000000000 0.000000000 1.000000000
4472 0.000000000 0.000000000 1.000000000
4473 1.000000000 0.000000000 0.000000000
4474 0.965335906 0.000000000 0.034664102
4475 0.965335906 0.000000000 0.034664102
4476 0.945635378 0.000000000 0.054364640
4477 0.927170038 0.000000000 0.072829969
4478 1.000000000 0.000000000 0.000000000
4479 1.000000000 0.000000000 0.000000000
4480 1.000000000 0.000000000 0.000000000
4481 1.000000000 0.000000000 0.000000000
4482 1.000000000 0.000000000 0.000000000
4483 1.000000000 0.000000000 0.000000000
4484 1.000000000 0.000000000 0.000000000
4485 0.999092579 0.000000000 0.000907430
4486 0.000000000 0.000000000 1.000000000
4487 0.999874771 0.000000000 0.000125227
4488 0.994785190 0.000000000 0.005214788
4489 0.999401629 0.000000000 0.000598373
4490 0.901580870 0.000000000 0.098419137
4491 0.999121785 0.000000000 0.000878235
4492 0.967085361 0.002736490 0.030178178
4493 0.999044836 0.000000000 0.000955186
4494 0.923067153 0.000000000 0.076932855
4495 0.999962091 0.000000000 0.000037899
4496 0.995733440 0.000000000 0.004266553
4497 0.994189680 0.000920903 0.004889439
4498 0.995721936 0.000011313 0.004266727
4499 0.991643786 0.000011703 0.008344498
4500 0.000000000 0.000000000 1.000000000
4501 0.987730145 0.000000000 0.012269881
4502 0.989743114 0.000002862 0.010254047
4503 0.996902049 0.000000000 0.003097955
4504 0.988754034 0.000009448 0.011236520
4505 0.993487597 0.000008207 0.006504167
4506 0.990673363 0.000007537 0.009319081
4507 0.994489670 0.000004877 0.005505428
4508 0.999990642 0.000009365 0.000000000
4509 0.999662876 0.000118036 0.000219058
4510 0.999949038 0.000001641 0.000049322
4511 0.979603589 0.000000000 0.020396395
4512 0.923347712 0.000262841 0.076389469
4513 0.925853610 0.000000000 0.074146375
4514 0.000000000 0.000000000 1.000000000
4515 0.942801714 0.037328407 0.019869871
4516 0.911597610 0.000000000 0.088402413
4517 0.907032371 0.000000000 0.092967600
4518 0.910073936 0.012238977 0.077687062
4519 0.923534095 0.000544890 0.075921029
4520 0.908182800 0.001324689 0.090492532
4521 0.977979660 0.005384581 0.016635733
4522 0.936893165 0.045881625 0.017225198
4523 0.978548169 0.004941361 0.016510479
4524 0.847730696 0.012541312 0.139728010
4525 0.685741007 0.149118185 0.165140823
4526 0.741344810 0.132448792 0.126206398
4527 0.614793420 0.272596002 0.112610586
4528 0.000000000 0.000000000 1.000000000
4529 0.863837361 0.000000000 0.136162624
4530 0.693650782 0.240091622 0.066257611
4531 0.601002455 0.229126856 0.169870690
4532 0.603833258 0.263666958 0.132499754
4533 0.649291754 0.194913253 0.155794993
4534 0.680680692 0.221294627 0.098024651
4535 0.597850502 0.244522572 0.157626927
4536 0.488378912 0.352878630 0.158742443
4537 0.572643995 0.052406322 0.374949664
4538 0.932712793 0.029379519 0.037907712
4539 0.948289335 0.012409416 0.039301269
4540 0.900866151 0.073418468 0.025715386
4541 0.903997660 0.072767094 0.023235232
4542 0.000000000 0.000000000 1.000000000
4543 0.485662907 0.098430224 0.415906876
4544 0.400104433 0.568698883 0.031196650
4545 0.902296364 0.070169635 0.027534029
4546 0.566699862 0.399734020 0.033566087
4547 0.494906008 0.102921389 0.402172595
4548 0.478787631 0.131608322 0.389604032
4549 0.433098197 0.167040810 0.399861008
4550 0.816326439 0.183673546 0.000000000
4551 0.877634406 0.099480756 0.022884842
4552 0.716906369 0.224662304 0.058431346
4553 0.665273249 0.315743119 0.018983638
4554 0.641783535 0.358216494 0.000000000
4555 0.810407460 0.189592540 0.000000000
4556 0.000000000 0.000000000 1.000000000
4557 0.337761432 0.637018383 0.025220150
4558 0.514007390 0.460820347 0.025172247
4559 0.777262688 0.187406048 0.035331272
4560 0.433970392 0.534602344 0.031427242
4561 0.424125075 0.537035763 0.038839173
4562 0.267932117 0.700680554 0.031387333
4563 0.522963166 0.421220511 0.055816308
4564 0.688564718 0.263287932 0.048147332
4565 0.677090943 0.309391350 0.013517715
4566 0.720711112 0.235020816 0.044268079
4567 0.663288593 0.317467034 0.019244397
4568 0.777659357 0.210150018 0.012190616
4569 0.743712604 0.207562864 0.048724506
4570 0.000000000 0.005047252 0.994952738
4571 0.529917836 0.435231686 0.034850497
4572 0.601233959 0.359514326 0.039251726
4573 0.426901847 0.428446114 0.144652039
4574 0.519979477 0.460974604 0.019045943
4575 0.480254412 0.491214126 0.028531458
4576 0.847647130 0.146757051 0.005595841
4577 0.849025965 0.142325416 0.008648641
4578 0.914171278 0.082624704 0.003204000
4579 0.742436290 0.253777117 0.003786578
4580 0.844446778 0.149635777 0.005917448
4581 0.869361639 0.126287609 0.004350770
4582 0.874341309 0.120660424 0.004998270
4583 0.908328414 0.091671556 0.000000000
4584 0.000000000 0.000000000 1.000000000
4585 0.900662065 0.097087599 0.002250329
4586 0.805922151 0.147337332 0.046740510
4587 0.860593736 0.134216577 0.005189713
4588 0.682357132 0.311744779 0.005898093
4589 0.533307672 0.430594027 0.036098305
4590 0.612365901 0.371023148 0.016610954
4591 0.653336465 0.344510972 0.002152581
4592 0.616442442 0.373894274 0.009663273
4593 0.662475049 0.331047118 0.006477837
4594 0.622807324 0.367065161 0.010127535
4595 0.673761487 0.319353193 0.006885311
4596 0.686271727 0.311548680 0.002179596
4597 0.707832515 0.289727926 0.002439554
4598 0.000000000 0.000004854 0.999995172
4599 0.520100772 0.416324764 0.063574485
4600 0.593657434 0.395359784 0.010982802
4601 0.385064900 0.590222120 0.024712997
4602 0.342790455 0.631784320 0.025425211
4603 0.384746909 0.596992314 0.018260762
4604 0.416904777 0.580582440 0.002512743
4605 0.414292902 0.571935892 0.013771190
4606 0.465632200 0.527452707 0.006915118
4607 0.473521292 0.520926118 0.005552579
4608 0.411999404 0.579279900 0.008720694
4609 0.445350468 0.547337234 0.007312314
4610 0.500309408 0.492999345 0.006691240
4611 0.560929596 0.435955644 0.003114779
4612 0.000000000 0.040108658 0.959891319
4613 0.308470726 0.677118361 0.014410933
4614 0.255277187 0.708252490 0.036470305
4615 0.115495011 0.848445296 0.036059715
4616 0.054701511 0.894141197 0.051157277
4617 0.138149872 0.853265822 0.008584294
4618 0.186077088 0.791547060 0.022375885
4619 0.223227873 0.758787394 0.017984757
4620 0.136424601 0.847453296 0.016122086
4621 0.132877648 0.840919971 0.026202375
4622 0.164430320 0.823589683 0.011979974
4623 0.248394698 0.737397850 0.014207445
4624 0.316351920 0.672638178 0.011009922
4625 0.322633982 0.626311064 0.051054955
4626 0.000000000 0.003021934 0.996978045
4627 0.053496376 0.858424604 0.088079050
4628 0.000000000 0.496856689 0.503143311
4629 0.000000000 0.515043199 0.484956771
4630 0.000000000 0.570535958 0.429464042
4631 0.000000000 0.586587608 0.413412422
4632 0.000000000 0.619725585 0.380274415
4633 0.000000000 0.587968111 0.412031889
4634 0.000000000 0.602561235 0.397438765
4635 0.000000000 0.639660895 0.360339075
4636 0.000000000 0.696322918 0.303677082
4637 0.000000000 0.669297040 0.330702990
4638 0.000000000 0.699900031 0.300099999
4639 0.000000000 0.853815436 0.146184593
4640 0.000000000 0.000000000 1.000000000
4641 0.000000000 0.012618951 0.987381041
4642 1.000000000 0.000000000 0.000000000
4643 1.000000000 0.000000000 0.000000000
4644 1.000000000 0.000000000 0.000000000
4645 1.000000000 0.000000000 0.000000000
4646 1.000000000 0.000000000 0.000000000
4647 1.000000000 0.000000000 0.000000000
4648 1.000000000 0.000000000 0.000000000
4649 1.000000000 0.000000000 0.000000000
4650 1.000000000 0.000000000 0.000000000
4651 1.000000000 0.000000000 0.000000000
4652 1.000000000 0.000000000 0.000000000
4653 1.000000000 0.000000000 0.000000000
4654 1.000000000 0.000000000 0.000000000
4655 0.000000000 0.000000000 1.000000000
4656 0.580291748 0.000000000 0.419708252
4657 1.000000000 0.000000000 0.000000000
4658 1.000000000 0.000000000 0.000000000
4659 1.000000000 0.000000000 0.000000000
4660 1.000000000 0.000000000 0.000000000
4661 1.000000000 0.000000000 0.000000000
4662 1.000000000 0.000000000 0.000000000
4663 1.000000000 0.000000000 0.000000000
4664 1.000000000 0.000000000 0.000000000
4665 1.000000000 0.000000000 0.000000000
4666 0.999601007 0.000000000 0.000398994
4667 1.000000000 0.000000000 0.000000000
4668 1.000000000 0.000000000 0.000000000
4669 0.000000000 0.026702937 0.973297060
4670 1.000000000 0.000000000 0.000000000
4671 1.000000000 0.000000000 0.000000000
4672 1.000000000 0.000000000 0.000000000
4673 0.996869147 0.000000000 0.003130854
4674 1.000000000 0.000000000 0.000000000
4675 1.000000000 0.000000000 0.000000000
4676 0.920399904 0.000000000 0.079600088
4677 1.000000000 0.000000000 0.000000000
4678 0.996185303 0.001382484 0.002432188
4679 0.768012881 0.000000000 0.231987119
4680 1.000000000 0.000000000 0.000000000
4681 1.000000000 0.000000000 0.000000000
4682 1.000000000 0.000000000 0.000000000
4683 0.000000000 0.001275381 0.998724639
4684 0.999965966 0.000034043 0.000000000
4685 0.906223238 0.000000000 0.093776748
4686 0.843526483 0.156473488 0.000000000
4687 0.839577734 0.160422251 0.000000000
4688 0.903144598 0.096855402 0.000000000
4689 1.000000000 0.000000000 0.000000000
4690 1.000000000 0.000000000 0.000000000
4691 1.000000000 0.000000000 0.000000000
4692 1.000000000 0.000000000 0.000000000
4693 0.999564648 0.000435373 0.000000000
4694 0.999053359 0.000946665 0.000000000
4695 0.984286904 0.015713092 0.000000000
4696 1.000000000 0.000000000 0.000000000
4697 0.000000000 0.000000000 1.000000000
4698 0.849566519 0.080305718 0.070127763
4699 0.960598409 0.038075458 0.001326110
4700 0.870118082 0.127828389 0.002053555
4701 0.916355550 0.083644442 0.000000000
4702 0.927309513 0.072678082 0.000012395
4703 0.958417535 0.041582461 0.000000000
4704 0.942479312 0.057520699 0.000000000
4705 0.906566560 0.093433432 0.000000000
4706 1.000000000 0.000000000 0.000000000
4707 1.000000000 0.000000000 0.000000000
4708 0.860202968 0.139797032 0.000000000
4709 1.000000000 0.000000000 0.000000000
4710 1.000000000 0.000000000 0.000000000
4711 0.000000000 0.000000000 1.000000000
4712 0.888077855 0.111922130 0.000000000
4713 0.727327526 0.272672474 0.000000000
4714 0.739228785 0.260771215 0.000000000
4715 0.705022514 0.294977486 0.000000000
4716 0.895587921 0.104412064 0.000000000
4717 0.792542398 0.207457572 0.000000000
4718 0.687039912 0.142394945 0.170565113
4719 0.459927350 0.540072680 0.000000000
4720 0.587675512 0.409015030 0.003309441
4721 0.382807225 0.598764896 0.018427907
4722 0.680994809 0.319005191 0.000000000
4723 0.579520762 0.416806549 0.003672666
4724 0.590373158 0.409626842 0.000000000
4725 0.000000000 0.000000000 1.000000000
4726 0.398188323 0.600130439 0.001681239
4727 0.401729971 0.575478613 0.022791415
4728 0.417303503 0.582048297 0.000648189
4729 0.735451281 0.195590407 0.068958297
4730 0.368607640 0.586322248 0.045070086
4731 0.261602610 0.738397360 0.000000000
4732 0.734517992 0.262875348 0.002606660
4733 0.628039122 0.355763376 0.016197490
4734 0.714110136 0.278348833 0.007541030
4735 0.707808256 0.290097892 0.002093842
4736 0.783549368 0.215166241 0.001284401
4737 0.630004287 0.336217195 0.033778500
4738 0.652200937 0.341621190 0.006177893
4739 0.000000000 0.000000000 1.000000000
4740 0.648685694 0.336616457 0.014697879
4741 0.621465623 0.374857187 0.003677201
4742 0.623547137 0.376152396 0.000300442
4743 0.705525994 0.283776343 0.010697643
4744 0.607275784 0.392724246 0.000000000
4745 0.546678960 0.451961964 0.001359048
4746 0.581258297 0.412133276 0.006608418
4747 0.605276048 0.391182899 0.003541066
4748 0.611665726 0.388168633 0.000165671
4749 0.651160419 0.345574707 0.003264887
4750 0.539878726 0.451619297 0.008501994
4751 0.672980845 0.309734553 0.017284598
4752 0.492531270 0.506828368 0.000640354
4753 0.000000000 0.172380939 0.827619076
4754 0.490456372 0.496108741 0.013434882
4755 0.632314980 0.355388135 0.012296884
4756 0.510197222 0.472484082 0.017318672
4757 0.439037472 0.545835435 0.015127069
4758 0.655114651 0.300649285 0.044236019
4759 0.612612605 0.296616793 0.090770587
4760 0.678610146 0.293791324 0.027598547
4761 0.772562265 0.227392375 0.000045334
4762 0.662058830 0.337941170 0.000000000
4763 0.615709066 0.384211689 0.000079227
4764 0.685949326 0.269214928 0.044835731
4765 0.617340326 0.378003895 0.004655776
4766 0.729197323 0.268616766 0.002185920
4767 0.000000000 0.036973551 0.963026464
4768 0.726687551 0.249295115 0.024017308
4769 0.663134813 0.331463575 0.005401595
4770 0.528936684 0.467756331 0.003306969
4771 0.581167102 0.387201309 0.031631563
4772 0.504164636 0.484516740 0.011318632
4773 0.610341012 0.366627812 0.023031196
4774 0.646965683 0.333250910 0.019783387
4775 0.608895540 0.391104490 0.000000000
4776 0.566158593 0.432576805 0.001264579
4777 0.590998530 0.398037821 0.010963662
4778 0.579576015 0.403262258 0.017161723
4779 0.538291097 0.456903845 0.004805070
4780 0.668737590 0.330792785 0.000469625
4781 0.000000000 0.001439105 0.998560905
4782 0.250291735 0.738306582 0.011401657
4783 0.133275703 0.861638248 0.005086060
4784 0.000000000 0.928048015 0.071951963
4785 0.000000000 0.989629328 0.010370649
4786 0.000000000 0.987647474 0.012352520
4787 0.000000000 0.974387825 0.025612187
4788 0.000000000 0.955461979 0.044538010
4789 0.000000000 0.995490491 0.004509495
4790 0.000000000 0.990265608 0.009734373
4791 0.000000000 0.983313024 0.016686996
4792 0.000000000 0.990394831 0.009605167
4793 0.028305165 0.964166641 0.007528191
4794 0.025235927 0.967535436 0.007228664
4795 0.000000000 0.115763314 0.884236693
4796 0.000000000 0.965299606 0.034700379
4797 0.000000000 0.215104818 0.784895182
4798 0.000000000 0.191923112 0.808076859
4799 0.000000000 0.438527882 0.561472118
4800 0.000000000 0.348401636 0.651598394
4801 0.000000000 0.442375809 0.557624161
4802 0.000000000 0.057642151 0.942357838
4803 0.000000000 0.274284184 0.725715816
4804 0.000000000 0.365136296 0.634863675
4805 0.000000000 0.375852257 0.624147773
4806 0.000093163 0.300316840 0.699590027
4807 0.000000000 0.512321711 0.487678260
4808 0.000000000 0.635572314 0.364427686
4809 0.000000000 0.000000000 1.000000000
4810 0.000000000 1.000000000 0.000000000
4811 1.000000000 0.000000000 0.000000000
4812 1.000000000 0.000000000 0.000000000
4813 1.000000000 0.000000000 0.000000000
4814 1.000000000 0.000000000 0.000000000
4815 1.000000000 0.000000000 0.000000000
4816 1.000000000 0.000000000 0.000000000
4817 1.000000000 0.000000000 0.000000000
4818 1.000000000 0.000000000 0.000000000
4819 1.000000000 0.000000000 0.000000000
4820 1.000000000 0.000000000 0.000000000
4821 1.000000000 0.000000000 0.000000000
4822 1.000000000 0.000000000 0.000000000
4823 1.000000000 0.000000000 0.000000000
4824 0.000000000 1.000000000 0.000000000
4825 1.000000000 0.000000000 0.000000000
4826 0.982580960 0.017419012 0.000000000
4827 1.000000000 0.000000000 0.000000000
4828 0.525703073 0.474296927 0.000000000
4829 1.000000000 0.000000000 0.000000000
4830 1.000000000 0.000000000 0.000000000
4831 1.000000000 0.000000000 0.000000000
4832 1.000000000 0.000000000 0.000000000
4833 1.000000000 0.000000000 0.000000000
4834 1.000000000 0.000000000 0.000000000
4835 1.000000000 0.000000000 0.000000000
4836 1.000000000 0.000000000 0.000000000
4837 1.000000000 0.000000000 0.000000000
4838 0.000000000 1.000000000 0.000000000
4839 1.000000000 0.000000000 0.000000000
4840 1.000000000 0.000000000 0.000000000
4841 1.000000000 0.000000000 0.000000000
4842 1.000000000 0.000000000 0.000000000
4843 1.000000000 0.000000000 0.000000000
4844 1.000000000 0.000000000 0.000000000
4845 1.000000000 0.000000000 0.000000000
4846 1.000000000 0.000000000 0.000000000
4847 1.000000000 0.000000000 0.000000000
4848 1.000000000 0.000000000 0.000000000
4849 1.000000000 0.000000000 0.000000000
4850 1.000000000 0.000000000 0.000000000
4851 0.910454452 0.089545533 0.000000000
4852 0.000000000 1.000000000 0.000000000
4853 0.863195300 0.136804700 0.000000000
4854 0.990382671 0.009617346 0.000000000
4855 1.000000000 0.000000000 0.000000000
4856 1.000000000 0.000000000 0.000000000
4857 0.999332666 0.000667306 0.000000000
4858 1.000000000 0.000000000 0.000000000
4859 1.000000000 0.000000000 0.000000000
4860 1.000000000 0.000000000 0.000000000
4861 0.813117385 0.186882600 0.000000000
4862 1.000000000 0.000000000 0.000000000
4863 0.700238168 0.299761862 0.000000000
4864 1.000000000 0.000000000 0.000000000
4865 0.989702821 0.010297204 0.000000000
4866 0.000000000 1.000000000 0.000000000
4867 0.792842567 0.207157418 0.000000000
4868 1.000000000 0.000000000 0.000000000
4869 1.000000000 0.000000000 0.000000000
4870 1.000000000 0.000000000 0.000000000
4871 1.000000000 0.000000000 0.000000000
4872 1.000000000 0.000000000 0.000000000
4873 1.000000000 0.000000000 0.000000000
4874 1.000000000 0.000000000 0.000000000
4875 1.000000000 0.000000000 0.000000000
4876 1.000000000 0.000000000 0.000000000
4877 1.000000000 0.000000000 0.000000000
4878 0.991937399 0.008062575 0.000000000
4879 1.000000000 0.000000000 0.000000000
4880 0.000000000 1.000000000 0.000000000
4881 1.000000000 0.000000000 0.000000000
4882 1.000000000 0.000000000 0.000000000
4883 1.000000000 0.000000000 0.000000000
4884 1.000000000 0.000000000 0.000000000
4885 1.000000000 0.000000000 0.000000000
4886 1.000000000 0.000000000 0.000000000
4887 1.000000000 0.000000000 0.000000000
4888 0.985693753 0.014306230 0.000000000
4889 0.977464139 0.022535885 0.000000000
4890 0.968921363 0.031078624 0.000000000
4891 0.985285342 0.014714669 0.000000000
4892 0.979140699 0.020859312 0.000000000
4893 0.963575542 0.036424477 0.000000000
4894 0.000000000 1.000000000 0.000000000
4895 0.998714268 0.001285762 0.000000000
4896 0.998922586 0.001077406 0.000000000
4897 1.000000000 0.000000000 0.000000000
4898 0.975020528 0.024979468 0.000000000
4899 1.000000000 0.000000000 0.000000000
4900 0.808450460 0.191549525 0.000000000
4901 0.992847860 0.007152159 0.000000000
4902 1.000000000 0.000000000 0.000000000
4903 1.000000000 0.000000000 0.000000000
4904 1.000000000 0.000000000 0.000000000
4905 1.000000000 0.000000000 0.000000000
4906 1.000000000 0.000000000 0.000000000
4907 0.998673975 0.001326025 0.000000000
4908 0.000000000 1.000000000 0.000000000
4909 0.944908142 0.055091832 0.000000000
4910 0.999640048 0.000359969 0.000000000
4911 0.990945280 0.009054692 0.000000000
4912 0.991436303 0.008563687 0.000000000
4913 1.000000000 0.000000000 0.000000000
4914 0.998511791 0.001488199 0.000000000
4915 0.996965528 0.003034496 0.000000000
4916 0.999975502 0.000024486 0.000000000
4917 1.000000000 0.000000000 0.000000000
4918 1.000000000 0.000000000 0.000000000
4919 0.990848422 0.009151575 0.000000000
4920 0.982932806 0.017067220 0.000000000
4921 0.989471197 0.010528818 0.000000000
4922 0.000000000 1.000000000 0.000000000
4923 0.998561859 0.001438133 0.000000000
4924 0.988023520 0.011976476 0.000000000
4925 0.981505871 0.018494138 0.000000000
4926 0.955646336 0.044353638 0.000000000
4927 0.975828409 0.024171604 0.000000000
4928 0.998703003 0.001297006 0.000000000
4929 1.000000000 0.000000000 0.000000000
4930 0.999054432 0.000945575 0.000000000
4931 0.999052286 0.000947731 0.000000000
4932 0.998681486 0.001318489 0.000000000
4933 0.998905301 0.001094725 0.000000000
4934 0.998920918 0.001079076 0.000000000
4935 0.999575734 0.000424263 0.000000000
4936 0.000000000 1.000000000 0.000000000
4937 1.000000000 0.000000000 0.000000000
4938 1.000000000 0.000000000 0.000000000
4939 0.999432445 0.000567553 0.000000000
4940 0.969043016 0.030956963 0.000000000
4941 0.982786417 0.017213611 0.000000000
4942 0.965911984 0.034088023 0.000000000
4943 0.983928859 0.016071163 0.000000000
4944 0.973563671 0.026436312 0.000000000
4945 0.894277930 0.105722092 0.000000000
4946 0.977770150 0.022229863 0.000000000
4947 0.883411586 0.116588414 0.000000000
4948 0.910946667 0.089053325 0.000000000
4949 0.992444515 0.007555509 0.000000000
4950 0.000000000 1.000000000 0.000000000
4951 1.000000000 0.000000000 0.000000000
4952 0.977770925 0.022229088 0.000000000
4953 0.241139680 0.758860350 0.000000000
4954 0.386163801 0.613836169 0.000000000
4955 0.333540380 0.666459620 0.000000000
4956 0.647385299 0.352614731 0.000000000
4957 0.792795658 0.207204357 0.000000000
4958 0.323802084 0.676197886 0.000000000
4959 0.305407435 0.694592595 0.000000000
4960 0.300397605 0.699602365 0.000000000
4961 0.215894431 0.784105539 0.000000000
4962 0.000000000 1.000000000 0.000000000
4963 0.000000000 1.000000000 0.000000000
4964 0.000000000 1.000000000 0.000000000
4965 0.000000000 1.000000000 0.000000000
4966 0.000000000 1.000000000 0.000000000
4967 0.000000000 1.000000000 0.000000000
4968 0.000000000 1.000000000 0.000000000
4969 0.000000000 1.000000000 0.000000000
4970 0.000000000 1.000000000 0.000000000
4971 0.000000000 1.000000000 0.000000000
4972 0.000000000 1.000000000 0.000000000
4973 0.000000000 1.000000000 0.000000000
4974 0.000000000 1.000000000 0.000000000
4975 0.000000000 1.000000000 0.000000000
4976 0.000000000 1.000000000 0.000000000
4977 0.000000000 1.000000000 0.000000000
4978 0.000000000 1.000000000 0.000000000
4979 0.000000000 1.000000000 0.000000000
4980 1.000000000 0.000000000 0.000000000
4981 1.000000000 0.000000000 0.000000000
4982 1.000000000 0.000000000 0.000000000
4983 1.000000000 0.000000000 0.000000000
4984 1.000000000 0.000000000 0.000000000
4985 1.000000000 0.000000000 0.000000000
4986 1.000000000 0.000000000 0.000000000
4987 1.000000000 0.000000000 0.000000000
4988 1.000000000 0.000000000 0.000000000
4989 1.000000000 0.000000000 0.000000000
4990 1.000000000 0.000000000 0.000000000
4991 1.000000000 0.000000000 0.000000000
4992 1.000000000 0.000000000 0.000000000
4993 0.000000000 1.000000000 0.000000000
4994 1.000000000 0.000000000 0.000000000
4995 1.000000000 0.000000000 0.000000000
4996 1.000000000 0.000000000 0.000000000
4997 1.000000000 0.000000000 0.000000000
4998 1.000000000 0.000000000 0.000000000
4999 1.000000000 0.000000000 0.000000000
5000 1.000000000 0.000000000 0.000000000
5001 1.000000000 0.000000000 0.000000000
5002 1.000000000 0.000000000 0.000000000
5003 1.000000000 0.000000000 0.000000000
5004 1.000000000 0.000000000 0.000000000
5005 1.000000000 0.000000000 0.000000000
5006 0.999997139 0.000002873 0.000000000
5007 0.000000000 1.000000000 0.000000000
5008 1.000000000 0.000000000 0.000000000
5009 1.000000000 0.000000000 0.000000000
5010 1.000000000 0.000000000 0.000000000
5011 1.000000000 0.000000000 0.000000000
5012 1.000000000 0.000000000 0.000000000
5013 0.999994338 0.000005663 0.000000000
5014 1.000000000 0.000000000 0.000000000
5015 1.000000000 0.000000000 0.000000000
5016 1.000000000 0.000000000 0.000000000
5017 0.999992847 0.000007166 0.000000000
5018 1.000000000 0.000000000 0.000000000
5019 1.000000000 0.000000000 0.000000000
5020 1.000000000 0.000000000 0.000000000
5021 0.000000000 1.000000000 0.000000000
5022 1.000000000 0.000000000 0.000000000
5023 1.000000000 0.000000000 0.000000000
5024 1.000000000 0.000000000 0.000000000
5025 1.000000000 0.000000000 0.000000000
5026 1.000000000 0.000000000 0.000000000
5027 1.000000000 0.000000000 0.000000000
5028 1.000000000 0.000000000 0.000000000
5029 1.000000000 0.000000000 0.000000000
5030 1.000000000 0.000000000 0.000000000
5031 1.000000000 0.000000000 0.000000000
5032 1.000000000 0.000000000 0.000000000
5033 0.705805838 0.294194162 0.000000000
5034 1.000000000 0.000000000 0.000000000
5035 0.000000000 1.000000000 0.000000000
5036 1.000000000 0.000000000 0.000000000
5037 1.000000000 0.000000000 0.000000000
5038 1.000000000 0.000000000 0.000000000
5039 1.000000000 0.000000000 0.000000000
5040 1.000000000 0.000000000 0.000000000
5041 1.000000000 0.000000000 0.000000000
5042 0.864878953 0.135121077 0.000000000
5043 1.000000000 0.000000000 0.000000000
5044 1.000000000 0.000000000 0.000000000
5045 1.000000000 0.000000000 0.000000000
5046 1.000000000 0.000000000 0.000000000
5047 1.000000000 0.000000000 0.000000000
5048 1.000000000 0.000000000 0.000000000
5049 0.000000000 1.000000000 0.000000000
5050 1.000000000 0.000000000 0.000000000
5051 1.000000000 0.000000000 0.000000000
5052 1.000000000 0.000000000 0.000000000
5053 1.000000000 0.000000000 0.000000000
5054 0.942535222 0.057464760 0.000000000
5055 0.971702933 0.028297042 0.000000000
5056 0.957767904 0.042232122 0.000000000
5057 1.000000000 0.000000000 0.000000000
5058 1.000000000 0.000000000 0.000000000
5059 0.996762872 0.003237130 0.000000000
5060 1.000000000 0.000000000 0.000000000
5061 1.000000000 0.000000000 0.000000000
5062 1.000000000 0.000000000 0.000000000
5063 0.000000000 1.000000000 0.000000000
5064 1.000000000 0.000000000 0.000000000
5065 0.500000000 0.500000000 0.000000000
5066 1.000000000 0.000000000 0.000000000
5067 1.000000000 0.000000000 0.000000000
5068 0.927738488 0.072261505 0.000000000
5069 0.500000000 0.500000000 0.000000000
5070 1.000000000 0.000000000 0.000000000
5071 0.998613238 0.001386784 0.000000000
5072 0.987406611 0.012593386 0.000000000
5073 1.000000000 0.000000000 0.000000000
5074 1.000000000 0.000000000 0.000000000
5075 0.998543382 0.001456597 0.000000000
5076 1.000000000 0.000000000 0.000000000
5077 0.000000000 1.000000000 0.000000000
5078 0.982114971 0.017885042 0.000000000
5079 0.989159107 0.010840920 0.000000000
5080 0.973482072 0.026517957 0.000000000
5081 0.972652495 0.027347503 0.000000000
5082 0.969858825 0.030141193 0.000000000
5083 1.000000000 0.000000000 0.000000000
5084 1.000000000 0.000000000 0.000000000
5085 1.000000000 0.000000000 0.000000000
5086 1.000000000 0.000000000 0.000000000
5087 1.000000000 0.000000000 0.000000000
5088 1.000000000 0.000000000 0.000000000
5089 1.000000000 0.000000000 0.000000000
5090 1.000000000 0.000000000 0.000000000
5091 0.000000000 1.000000000 0.000000000
5092 1.000000000 0.000000000 0.000000000
5093 1.000000000 0.000000000 0.000000000
5094 1.000000000 0.000000000 0.000000000
5095 1.000000000 0.000000000 0.000000000
5096 0.990084648 0.009915350 0.000000000
5097 0.987014651 0.012985346 0.000000000
5098 0.995640039 0.004359941 0.000000000
5099 0.983593643 0.016406357 0.000000000
5100 0.996872783 0.003127200 0.000000000
5101 0.996073246 0.003926779 0.000000000
5102 0.996440709 0.003559272 0.000000000
5103 0.996618450 0.003381522 0.000000000
5104 0.992164612 0.007835408 0.000000000
5105 0.000000000 1.000000000 0.000000000
5106 0.976886392 0.023113592 0.000000000
5107 0.801215351 0.198784664 0.000000000
5108 0.642745137 0.357254863 0.000000000
5109 0.853606999 0.146393016 0.000000000
5110 0.959271908 0.040728077 0.000000000
5111 0.936757147 0.063242838 0.000000000
5112 0.944123507 0.055876479 0.000000000
5113 0.956857026 0.043142948 0.000000000
5114 0.941260040 0.058739956 0.000000000
5115 0.866878390 0.133121625 0.000000000
5116 0.962669790 0.037330180 0.000000000
5117 0.981917202 0.018082775 0.000000000
5118 0.969544470 0.030455556 0.000000000
5119 0.000000000 1.000000000 0.000000000
5120 0.736763060 0.263236940 0.000000000
5121 0.530326009 0.469673991 0.000000000
5122 0.469477445 0.530522585 0.000000000
5123 0.556734324 0.443265706 0.000000000
5124 0.606550694 0.393449306 0.000000000
5125 0.718244195 0.281755805 0.000000000
5126 0.703595698 0.296404302 0.000000000
5127 0.627045870 0.372954160 0.000000000
5128 0.617015004 0.382984966 0.000000000
5129 0.632898510 0.367101461 0.000000000
5130 0.592492759 0.407507271 0.000000000
5131 0.810835481 0.189164519 0.000000000
5132 0.760040820 0.239959165 0.000000000
5133 0.000000000 1.000000000 0.000000000
5134 0.156514570 0.843485415 0.000000000
5135 0.000000000 1.000000000 0.000000000
5136 0.000000000 1.000000000 0.000000000
5137 0.000000000 1.000000000 0.000000000
5138 0.000000000 1.000000000 0.000000000
5139 0.000000000 1.000000000 0.000000000
5140 0.000000000 1.000000000 0.000000000
5141 0.000000000 1.000000000 0.000000000
5142 0.000000000 1.000000000 0.000000000
5143 0.000000000 1.000000000 0.000000000
5144 0.000000000 1.000000000 0.000000000
5145 0.000000000 1.000000000 0.000000000
5146 0.000000000 1.000000000 0.000000000
5147 0.000000000 1.000000000 0.000000000
