0 0.000000000 0.842168927 0.157831058
1 0.000000000 0.677708805 0.322291225
2 0.000000000 0.538811862 0.461188108
3 0.000000000 0.937504768 0.062495232
4 0.000000000 0.894162834 0.105837181
5 0.000000000 0.994502902 0.005497089
6 0.000000000 0.991262496 0.008737517
7 0.000000000 1.000000000 0.000000000
8 0.000000000 0.888294816 0.111705206
9 0.000000000 0.863631725 0.136368304
10 0.000000000 0.764292061 0.235707954
11 0.000000000 0.570244610 0.429755419
12 0.000000000 0.332604796 0.667395175
13 0.000000000 0.331369996 0.668630004
14 0.000000000 0.269248009 0.730751991
15 0.000000000 0.415908754 0.584091246
16 0.000000000 0.809374213 0.190625817
17 0.000000000 0.849509358 0.150490627
18 0.000000000 0.998409748 0.001590251
19 0.000000000 0.991234660 0.008765358
20 0.000000000 0.941800773 0.058199205
21 0.000000000 0.991032004 0.008967997
22 0.000000000 0.501306057 0.498693973
23 0.000000000 0.493197173 0.506802797
24 0.000000000 0.212360501 0.787639499
25 0.000000000 0.053174697 0.946825325
26 0.866555035 0.082453780 0.050991200
27 0.893627584 0.087106772 0.019265633
28 0.936274111 0.063725874 0.000000000
29 0.874208212 0.076550059 0.049241707
30 0.721181512 0.221865445 0.056953013
31 0.673239172 0.304556698 0.022204127
32 0.676491737 0.291979253 0.031529039
33 0.482732207 0.460340828 0.056926943
34 0.397178829 0.576551795 0.026269367
35 0.202237338 0.609964788 0.187797889
36 0.000000000 0.842179954 0.157820016
37 0.000000000 0.867225766 0.132774249
38 0.019692633 0.279099911 0.701207459
39 0.999463677 0.000536344 0.000000000
40 0.934388936 0.037688911 0.027922178
41 0.894612730 0.031499982 0.073887266
42 0.915326953 0.084673062 0.000000000
43 0.756253123 0.221028045 0.022718845
44 0.510105312 0.460559994 0.029334705
45 0.687461495 0.275956869 0.036581650
46 0.515735209 0.452081770 0.032183014
47 0.568467081 0.348744988 0.082787916
48 0.038605288 0.835151255 0.126243442
49 0.000000000 0.868696749 0.131303251
50 0.039589863 0.814441383 0.145968765
51 0.022882074 0.327930480 0.649187446
52 0.840688288 0.159311727 0.000000000
53 0.780329227 0.219670773 0.000000000
54 0.767581761 0.232418224 0.000000000
55 0.982732177 0.017267833 0.000000000
56 0.699688971 0.300311029 0.000000000
57 0.634533823 0.365466177 0.000000000
58 0.838904262 0.161095753 0.000000000
59 0.675692379 0.324307621 0.000000000
60 0.392278939 0.607721090 0.000000000
61 0.083541937 0.916458070 0.000000000
62 0.000000000 1.000000000 0.000000000
63 0.003111915 0.996888101 0.000000000
64 0.006502768 0.993497252 0.000000000
65 0.924235702 0.075764276 0.000000000
66 0.910685658 0.089314364 0.000000000
67 0.882190526 0.117809474 0.000000000
68 0.831917286 0.168082699 0.000000000
69 0.686373532 0.313626438 0.000000000
70 0.400065660 0.599934340 0.000000000
71 0.589912772 0.410087198 0.000000000
72 0.392172068 0.607827961 0.000000000
73 0.363279253 0.636720717 0.000000000
74 0.061233997 0.938766003 0.000000000
75 0.000000000 1.000000000 0.000000000
76 0.002868841 0.997131169 0.000000000
77 0.000000000 1.000000000 0.000000000
78 0.000000000 0.557358503 0.442641467
79 0.000000000 0.699764788 0.300235242
80 0.000000000 0.580864549 0.419135422
81 0.000000000 0.775559545 0.224440441
82 0.000000000 0.717251062 0.282748938
83 0.000000000 0.770687222 0.229312778
84 0.000000000 0.773166895 0.226833075
85 0.000000000 0.748517513 0.251482457
86 0.000000000 0.836202025 0.163798004
87 0.000000000 0.757005274 0.242994711
88 0.000000000 0.728118300 0.271881700
89 0.000000000 0.802078605 0.197921395
90 0.000000000 0.791270554 0.208729461
91 0.000000000 0.701274693 0.298725337
92 0.000000000 0.548819780 0.451180190
93 0.000000000 0.691984653 0.308015317
94 0.000000000 0.810366750 0.189633250
95 0.000000000 0.798328042 0.201671973
96 0.000000000 0.801291406 0.198708594
97 0.000000000 0.870257854 0.129742116
98 0.000000000 0.849096954 0.150903046
99 0.000000000 0.884615600 0.115384400
100 0.000000000 0.793165565 0.206834406
101 0.000000000 0.764314175 0.235685840
102 0.000000000 0.814252198 0.185747832
103 0.000000000 0.842435241 0.157564774
104 0.000000000 0.839187741 0.160812229
105 0.000000000 0.885886312 0.114113688
106 0.000000000 0.245975375 0.754024625
107 0.000000000 0.853781164 0.146218821
108 0.000000000 0.894070089 0.105929896
109 0.000000000 0.894375801 0.105624184
110 0.000000000 0.957436204 0.042563818
111 0.000000000 0.900941551 0.099058419
112 0.000000000 0.951762319 0.048237707
113 0.000000000 0.850191355 0.149808630
114 0.000000000 0.880845606 0.119154416
115 0.000000000 0.847878158 0.152121857
116 0.000000000 0.965425253 0.034574766
117 0.000000000 0.909267843 0.090732142
118 0.000000000 0.972601533 0.027398478
119 0.000000000 0.933894157 0.066105813
120 0.000000000 0.522116601 0.477883399
121 0.000000000 0.965667129 0.034332853
122 0.000000000 0.971213579 0.028786439
123 0.000000000 0.969164848 0.030835131
124 0.000000000 0.946147323 0.053852666
125 0.000000000 0.989593208 0.010406785
126 0.000000000 1.000000000 0.000000000
127 0.000000000 0.924100757 0.075899243
128 0.000000000 0.949385345 0.050614666
129 0.000000000 0.942990720 0.057009261
130 0.000000000 0.927177012 0.072823010
131 0.000000000 0.958293140 0.041706886
132 0.000000000 1.000000000 0.000000000
133 0.000000000 0.957222462 0.042777557
134 0.000000000 0.406109273 0.593890727
135 0.000000000 0.987146974 0.012853052
136 0.000000000 1.000000000 0.000000000
137 0.000000000 0.984829843 0.015170129
138 0.000000000 0.995506108 0.004493866
139 0.000000000 0.989552557 0.010447446
140 0.000000000 0.956136405 0.043863583
141 0.000000000 0.946170151 0.053829834
142 0.000000000 0.962782264 0.037217751
143 0.000000000 1.000000000 0.000000000
144 0.000000000 1.000000000 0.000000000
145 0.000000000 1.000000000 0.000000000
146 0.000000000 1.000000000 0.000000000
147 0.000000000 1.000000000 0.000000000
148 0.000000000 0.596267760 0.403732240
149 0.000000000 1.000000000 0.000000000
150 0.000000000 1.000000000 0.000000000
151 0.000000000 1.000000000 0.000000000
152 0.000000000 1.000000000 0.000000000
153 0.000000000 0.937904418 0.062095575
154 0.000000000 0.961959839 0.038040169
155 0.000000000 0.977389395 0.022610575
156 0.000000000 0.977866828 0.022133160
157 0.000000000 0.998867095 0.001132914
158 0.000000000 1.000000000 0.000000000
159 0.000000000 0.992388904 0.007611097
160 0.000000000 1.000000000 0.000000000
161 0.000000000 0.986631572 0.013368419
162 0.000000000 0.417198271 0.582801700
163 0.000000000 0.995740652 0.004259347
164 0.000000000 0.985566497 0.014433530
165 0.000000000 0.989380538 0.010619445
166 0.000000000 0.948496282 0.051503722
167 0.000000000 0.968647659 0.031352360
168 0.000000000 0.974705637 0.025294363
169 0.000000000 0.982687831 0.017312165
170 0.000000000 0.981076658 0.018923320
171 0.000000000 1.000000000 0.000000000
172 0.000000000 1.000000000 0.000000000
173 0.000000000 1.000000000 0.000000000
174 0.000000000 0.958667219 0.041332755
175 0.000000000 0.999871433 0.000128594
176 0.000000000 0.496318698 0.503681302
177 0.000000000 0.988856554 0.011143436
178 0.000000000 0.999678612 0.000321394
179 0.000000000 0.946749330 0.053250652
180 0.000000000 0.986594975 0.013405048
181 0.000000000 0.934274793 0.065725215
182 0.000000000 0.982300699 0.017699296
183 0.000000000 0.998983741 0.001016282
184 0.000000000 1.000000000 0.000000000
185 0.000000000 1.000000000 0.000000000
186 0.000000000 0.968782902 0.031217100
187 0.000000000 0.941985369 0.058014616
188 0.000000000 0.985854387 0.014145623
189 0.000000000 0.983232439 0.016767571
190 0.000000000 0.480097651 0.519902349
191 0.000000000 0.947118819 0.052881189
192 0.000000000 0.887662292 0.112337708
193 0.000000000 0.935946226 0.064053774
194 0.000000000 0.925276339 0.074723653
195 0.000000000 0.938013136 0.061986860
196 0.000000000 0.953731477 0.046268534
197 0.000000000 0.996708095 0.003291911
198 0.000000000 0.951731086 0.048268929
199 0.000000000 0.958235502 0.041764524
200 0.000000000 0.958837867 0.041162141
201 0.000000000 0.948184490 0.051815510
202 0.000000000 0.964152217 0.035847805
203 0.000000000 0.935729861 0.064270161
204 0.000000000 0.447669715 0.552330315
205 0.000000000 0.845177233 0.154822782
206 0.000000000 0.819448590 0.180551410
207 0.000000000 0.862611532 0.137388438
208 0.000000000 0.711668730 0.288331270
209 0.000000000 0.764858127 0.235141873
210 0.000000000 0.701276004 0.298723966
211 0.000000000 0.741708100 0.258291930
212 0.000000000 0.747632325 0.252367675
213 0.000000000 0.695413113 0.304586858
214 0.000000000 0.776521802 0.223478168
215 0.000000000 0.654955566 0.345044434
216 0.000000000 0.770991981 0.229007989
217 0.000000000 0.775965691 0.224034339
218 0.000000000 0.316020012 0.683979988
219 0.000000000 0.568374395 0.431625575
220 0.000000000 0.609146655 0.390853316
221 0.000000000 0.337568194 0.662431836
222 0.000000000 0.394091696 0.605908275
223 0.000000000 0.291090578 0.708909452
224 0.000000000 0.353350043 0.646649957
225 0.000000000 0.228753552 0.771246433
226 0.000000000 0.192867428 0.807132542
227 0.000000000 0.374433696 0.625566304
228 0.000000000 0.320817918 0.679182112
229 0.000000000 0.337768853 0.662231147
230 0.000000000 0.381936640 0.618063331
231 0.000000000 0.280986398 0.719013631
232 0.000000000 0.167114407 0.832885563
233 0.000000000 0.274107635 0.725892365
234 0.000000000 0.335589558 0.664410412
235 0.000000000 0.413775444 0.586224556
236 0.000000000 0.511844158 0.488155872
237 0.000000000 0.363650262 0.636349738
238 0.000000000 0.403682381 0.596317589
239 0.000000000 0.312065780 0.687934220
240 0.000000000 0.458384573 0.541615427
241 0.000000000 0.289446831 0.710553169
242 0.000000000 0.332574517 0.667425513
243 0.000000000 0.369584173 0.630415857
244 0.000000000 0.221402690 0.778597295
245 0.000000000 0.402702153 0.597297847
246 0.000000000 0.365877420 0.634122550
247 0.000000000 0.137223050 0.862776935
248 0.000000000 0.364366144 0.635633826
249 0.000000000 0.314350188 0.685649812
250 0.000000000 0.304290384 0.695709586
251 0.000000000 0.338169247 0.661830783
252 0.000000000 0.459736258 0.540263772
253 0.000000000 0.270610511 0.729389489
254 0.000000000 0.314380467 0.685619533
255 0.000000000 0.466419756 0.533580244
256 0.000000000 0.431257755 0.568742216
257 0.000000000 0.418821573 0.581178427
258 0.000000000 0.564964890 0.435035110
259 0.000000000 0.631280422 0.368719548
260 0.000000000 0.316773385 0.683226645
261 0.000000000 0.188471019 0.811528981
262 0.000000000 0.399287462 0.600712538
263 0.000000000 0.485242933 0.514757097
264 0.000000000 0.478902400 0.521097600
265 0.000000000 0.499593645 0.500406384
266 0.000000000 0.421851158 0.578148842
267 0.000000000 0.453328520 0.546671450
268 0.000000000 0.504135191 0.495864838
269 0.000000000 0.451902032 0.548097968
270 0.000000000 0.496350408 0.503649592
271 0.000000000 0.595356882 0.404643118
272 0.000000000 0.578570962 0.421429038
273 0.000000000 0.611864209 0.388135791
274 0.000000000 0.629338920 0.370661080
275 0.000000000 0.060050186 0.939949811
276 0.000000000 0.734100401 0.265899599
277 0.000000000 0.758443058 0.241556928
278 0.000000000 0.758968294 0.241031706
279 0.000000000 0.716956019 0.283043951
280 0.000000000 0.761379361 0.238620654
281 0.000000000 0.855734169 0.144265845
282 0.000000000 0.703778803 0.296221197
283 0.000000000 0.835264802 0.164735198
284 0.000000000 0.777776599 0.222223386
285 0.000000000 0.787762463 0.212237537
286 0.000000000 0.715375602 0.284624428
287 0.000000000 0.786423385 0.213576600
288 0.000000000 0.624470651 0.375529379
289 0.000000000 0.119451284 0.880548716
290 0.000000000 0.949598193 0.050401807
291 0.000000000 0.933717608 0.066282369
292 0.000000000 0.920848131 0.079151854
293 0.000000000 0.867674232 0.132325783
294 0.000000000 0.968784511 0.031215489
295 0.000000000 0.920620203 0.079379782
296 0.000000000 0.907072306 0.092927717
297 0.000000000 0.867063880 0.132936120
298 0.000000000 0.918401957 0.081598043
299 0.000000000 0.928364754 0.071635231
300 0.000000000 0.918886840 0.081113160
301 0.000000000 0.988296211 0.011703798
302 0.000000000 0.964268923 0.035731100
303 0.000000000 0.102402061 0.897597909
304 0.000000000 1.000000000 0.000000000
305 0.000000000 1.000000000 0.000000000
306 0.000000000 1.000000000 0.000000000
307 0.000000000 1.000000000 0.000000000
308 0.000000000 1.000000000 0.000000000
309 0.000000000 0.987860501 0.012139519
310 0.000000000 0.971873283 0.028126730
311 0.000000000 0.958318949 0.041681070
312 0.000000000 0.992739379 0.007260610
313 0.000000000 0.968133092 0.031866927
314 0.000000000 1.000000000 0.000000000
315 0.000000000 0.988083005 0.011916986
316 0.000000000 1.000000000 0.000000000
317 0.000000000 0.066482417 0.933517575
318 0.000000000 0.986356020 0.013643950
319 0.000000000 0.994340777 0.005659211
320 0.000000000 0.974150002 0.025849994
321 0.000000000 1.000000000 0.000000000
322 0.000000000 0.986962795 0.013037182
323 0.000000000 0.958561242 0.041438781
324 0.000000000 0.950646341 0.049353678
325 0.000000000 0.986085474 0.013914540
326 0.000000000 1.000000000 0.000000000
327 0.000000000 1.000000000 0.000000000
328 0.000000000 1.000000000 0.000000000
329 0.000000000 1.000000000 0.000000000
330 0.000000000 1.000000000 0.000000000
331 0.000000000 0.032967251 0.967032731
332 0.000000000 1.000000000 0.000000000
333 0.000000000 1.000000000 0.000000000
334 0.000000000 1.000000000 0.000000000
335 0.000000000 1.000000000 0.000000000
336 0.000000000 0.992047846 0.007952167
337 0.000000000 0.970850110 0.029149875
338 0.000000000 1.000000000 0.000000000
339 0.000000000 1.000000000 0.000000000
340 0.000000000 0.999087274 0.000912730
341 0.000000000 1.000000000 0.000000000
342 0.000000000 1.000000000 0.000000000
343 0.000000000 1.000000000 0.000000000
344 0.000000000 1.000000000 0.000000000
345 0.000000000 0.105183423 0.894816577
346 0.000000000 0.994115531 0.005884452
347 0.000000000 0.988314867 0.011685161
348 0.000000000 1.000000000 0.000000000
349 0.000000000 0.993533254 0.006466757
350 0.000000000 0.936328828 0.063671187
351 0.000000000 0.996383786 0.003616229
352 0.000000000 0.981174588 0.018825423
353 0.000000000 1.000000000 0.000000000
354 0.000000000 1.000000000 0.000000000
355 0.000000000 0.997776568 0.002223457
356 0.000000000 0.994547963 0.005452049
357 0.000000000 0.987524867 0.012475125
358 0.000000000 1.000000000 0.000000000
359 0.000000000 0.089310847 0.910689175
360 0.000000000 0.958162427 0.041837588
361 0.000000000 0.973939896 0.026060129
362 0.000000000 0.909163177 0.090836823
363 0.000000000 0.851337671 0.148662314
364 0.000000000 0.897656560 0.102343448
365 0.000000000 0.949513376 0.050486598
366 0.000000000 0.922991097 0.077008918
367 0.000000000 0.935938716 0.064061299
368 0.000000000 0.946448922 0.053551108
369 0.000000000 0.908606291 0.091393709
370 0.000000000 0.954546809 0.045453183
371 0.000000000 0.942129970 0.057870023
372 0.000000000 0.925328612 0.074671395
373 0.000000000 0.026360739 0.973639250
374 0.000000000 0.667721629 0.332278401
375 0.000000000 0.721682191 0.278317779
376 0.000000000 0.648241460 0.351758540
377 0.000000000 0.304385543 0.695614457
378 0.000000000 0.364474446 0.635525584
379 0.000000000 0.364396036 0.635603964
380 0.000000000 0.329235971 0.670764029
381 0.000000000 0.395826578 0.604173422
382 0.000000000 0.298611045 0.701388955
383 0.000000000 0.440106392 0.559893608
384 0.000000000 0.450872064 0.549127936
385 0.000000000 0.358686596 0.641313434
386 0.000000000 0.406758845 0.593241155
387 0.000000000 0.000000000 1.000000000
388 0.000000000 0.186044067 0.813955963
389 0.000000000 0.108886935 0.891113043
390 0.000000000 0.033978224 0.966021776
391 0.000000000 0.181736678 0.818263292
392 0.000000000 0.185163334 0.814836681
393 0.000000000 0.126445636 0.873554349
394 0.000000000 0.126137599 0.873862386
395 0.000000000 0.036149014 0.963850975
396 0.000000000 0.129904047 0.870095968
397 0.000000000 0.162074342 0.837925673
398 0.000000000 0.026533775 0.973466218
399 0.000000000 0.065972857 0.934027135
400 0.000000000 0.132460818 0.867539167
401 0.000000000 0.000000000 1.000000000
402 0.000000000 0.001735777 0.998264194
403 0.000000000 0.068451926 0.931548059
404 0.000000000 0.062595598 0.937404394
405 0.000000000 0.057851836 0.942148149
406 0.000000000 0.057694510 0.942305505
407 0.000000000 0.023385243 0.976614773
408 0.000000000 0.000000000 1.000000000
409 0.000000000 0.060995065 0.939004958
410 0.000000000 0.000814941 0.999185085
411 0.000000000 0.000000000 1.000000000
412 0.000000000 0.000000000 1.000000000
413 0.000000000 0.000000000 1.000000000
414 0.000000000 0.031002341 0.968997657
415 0.000000000 0.035234328 0.964765668
416 0.110852867 0.000000000 0.889147162
417 0.943997502 0.000000000 0.056002475
418 0.921440899 0.000000000 0.078559093
419 0.949031591 0.000000000 0.050968427
420 0.962817848 0.000000000 0.037182160
421 0.967956603 0.003508625 0.028534791
422 0.930625260 0.000000000 0.069374762
423 0.963953435 0.003361104 0.032685459
424 0.911847532 0.072609380 0.015543110
425 0.954679132 0.002922978 0.042397905
426 0.909253895 0.019352645 0.071393460
427 0.940051854 0.000000000 0.059948154
428 0.919948816 0.000000000 0.080051161
429 0.979413629 0.000000000 0.020586351
430 0.136299103 0.067086324 0.796614587
431 0.936488509 0.009511826 0.053999647
432 0.992679358 0.000000000 0.007320627
433 0.918745160 0.004536125 0.076718740
434 0.934645951 0.003172362 0.062181674
435 0.955712080 0.000000000 0.044287913
436 0.979561150 0.000000000 0.020438833
437 0.953357756 0.000000000 0.046642248
438 0.939380169 0.013374931 0.047244895
439 0.903029740 0.011348932 0.085621305
440 0.947466254 0.000000000 0.052533727
441 0.924380958 0.026341988 0.049277063
442 1.000000000 0.000000000 0.000000000
443 1.000000000 0.000000000 0.000000000
444 0.046128776 0.095129892 0.858741343
445 0.956628382 0.000000000 0.043371640
446 0.950421691 0.013654153 0.035924174
447 0.916933954 0.030246768 0.052819293
448 0.931766629 0.000000000 0.068233356
449 0.970579207 0.000000000 0.029420771
450 0.979255319 0.000000000 0.020744655
451 0.974760115 0.000000000 0.025239889
452 0.969184160 0.000000000 0.030815816
453 0.959849298 0.000000000 0.040150724
454 0.909895003 0.024700355 0.065404646
455 0.989618897 0.000000000 0.010381116
456 0.960784137 0.008358718 0.030857142
457 0.991665065 0.008334921 0.000000000
458 0.027843924 0.000000000 0.972156048
459 0.928416848 0.054417972 0.017165156
460 0.926681578 0.057546314 0.015772128
461 0.976288199 0.004467013 0.019244771
462 0.944387197 0.000000000 0.055612799
463 0.967233896 0.002053197 0.030712929
464 0.939272046 0.013728303 0.046999622
465 0.975465953 0.000000000 0.024534058
466 0.927517116 0.006115036 0.066367820
467 0.936904609 0.030151783 0.032943595
468 0.927068532 0.032709766 0.040221721
469 0.944747508 0.034413025 0.020839471
470 0.944647670 0.055352334 0.000000000
471 0.974869251 0.025130725 0.000000000
472 0.000000000 0.000000000 1.000000000
473 0.956264138 0.043735858 0.000000000
474 0.964462399 0.035537586 0.000000000
475 0.937227368 0.026293769 0.036478862
476 0.964124560 0.029450824 0.006424597
477 0.936403632 0.028531004 0.035065390
478 0.924081802 0.047979485 0.027938688
479 0.898558080 0.054549258 0.046892673
480 0.882980287 0.074616514 0.042403217
481 0.889144182 0.079638496 0.031217337
482 0.843118191 0.135402411 0.021479422
483 0.856011927 0.143988058 0.000000000
484 0.857290030 0.142709956 0.000000000
485 0.842084944 0.134481773 0.023433262
486 0.045169771 0.036843687 0.917986572
487 0.816876948 0.166460469 0.016662607
488 0.810112536 0.157851234 0.032036204
489 0.784274757 0.170537159 0.045188069
490 0.786196291 0.182354003 0.031449672
491 0.798605084 0.151401997 0.049992897
492 0.673825800 0.241409630 0.084764585
493 0.745762289 0.235925913 0.018311793
494 0.788542271 0.180839553 0.030618159
495 0.731465578 0.268534422 0.000000000
496 0.781904519 0.217234179 0.000861281
497 0.835634887 0.138590083 0.025775017
498 0.757438481 0.242561519 0.000000000
499 0.815278888 0.161284342 0.023436785
500 0.030038197 0.065462336 0.904499471
501 0.752843618 0.247141302 0.000015082
502 0.715576112 0.245970502 0.038453355
503 0.719910800 0.240880460 0.039208718
504 0.743171751 0.245885104 0.010943161
505 0.697986305 0.241545215 0.060468484
506 0.634680152 0.365319818 0.000000000
507 0.756534636 0.218709692 0.024755701
508 0.698808312 0.301191658 0.000000000
509 0.687803924 0.307226479 0.004969593
510 0.777575791 0.222424209 0.000000000
511 0.715322435 0.278191715 0.006485825
512 0.738719165 0.215092435 0.046188377
513 0.765188992 0.227227613 0.007583375
514 0.041242629 0.069931597 0.888825774
515 0.692795753 0.307204247 0.000000000
516 0.689506829 0.284237146 0.026256060
517 0.727886498 0.272113502 0.000000000
518 0.614714146 0.385285854 0.000000000
519 0.515028954 0.481497973 0.003473107
520 0.614907682 0.336702526 0.048389763
521 0.485267997 0.497192621 0.017539363
522 0.592819631 0.399423659 0.007756724
523 0.554364085 0.445635915 0.000000000
524 0.542958736 0.457041264 0.000000000
525 0.615991652 0.364264876 0.019743476
526 0.626252949 0.340255439 0.033491600
527 0.635811388 0.364188612 0.000000000
528 0.072759241 0.059251845 0.867988944
529 0.531441987 0.406717479 0.061840549
530 0.515463769 0.447513819 0.037022427
531 0.465121657 0.458069533 0.076808818
532 0.410136700 0.524857283 0.065006040
533 0.406634301 0.593365669 0.000000000
534 0.317036599 0.682963431 0.000000000
535 0.403873771 0.591987967 0.004138235
536 0.416328609 0.577181578 0.006489797
537 0.339536548 0.660463452 0.000000000
538 0.439769119 0.560230851 0.000000000
539 0.414790303 0.585209727 0.000000000
540 0.499861866 0.500138104 0.000000000
541 0.351134121 0.648865879 0.000000000
542 0.089667857 0.023688782 0.886643350
543 0.388144791 0.608210921 0.003644256
544 0.277153254 0.681668341 0.041178413
545 0.159280345 0.820469975 0.020249682
546 0.000000000 1.000000000 0.000000000
547 0.000000000 1.000000000 0.000000000
548 0.000000000 1.000000000 0.000000000
549 0.000000000 0.985414863 0.014585112
550 0.000000000 1.000000000 0.000000000
551 0.044850789 0.955149233 0.000000000
552 0.008911556 0.991088450 0.000000000
553 0.052423231 0.947576761 0.000000000
554 0.016058456 0.983941555 0.000000000
555 0.047984455 0.952015519 0.000000000
556 0.025336375 0.099681787 0.874981821
557 0.000000000 0.947394252 0.052605741
558 0.000000000 0.977969527 0.022030480
559 0.000000000 0.993038356 0.006961628
560 0.000000000 0.963522077 0.036477908
561 0.000000000 0.982413948 0.017586034
562 0.000000000 0.975194216 0.024805764
563 0.000000000 0.984598935 0.015401094
564 0.030989960 0.907559752 0.061450306
565 0.000000000 1.000000000 0.000000000
566 0.013832078 0.986167908 0.000000000
567 0.000000000 1.000000000 0.000000000
568 0.056310374 0.896420121 0.047269497
569 0.000000000 0.999816895 0.000183127
570 0.031842947 0.028365057 0.939791977
571 0.000000000 0.775658011 0.224341974
572 0.026802091 0.200535700 0.772662222
573 0.000000000 0.163854674 0.836145341
574 0.007265477 0.282307833 0.710426688
575 0.018696332 0.179180637 0.802123010
576 0.011619657 0.263677359 0.724703014
577 0.000000000 0.185372427 0.814627588
578 0.022132227 0.279568821 0.698298931
579 0.016512923 0.262992471 0.720494628
580 0.000000000 0.239052117 0.760947883
581 0.005219079 0.247453943 0.747326970
582 0.000000000 0.298696309 0.701303661
583 0.000000000 0.355268210 0.644731760
584 0.000000000 0.039397489 0.960602522
585 0.051876407 0.023364116 0.924759507
586 0.970950365 0.029049644 0.000000000
587 0.980995178 0.000000000 0.019004852
588 0.937841833 0.000000000 0.062158156
589 1.000000000 0.000000000 0.000000000
590 0.977579474 0.022420520 0.000000000
591 1.000000000 0.000000000 0.000000000
592 1.000000000 0.000000000 0.000000000
593 0.980341196 0.019658806 0.000000000
594 1.000000000 0.000000000 0.000000000
595 0.997465014 0.002535000 0.000000000
596 1.000000000 0.000000000 0.000000000
597 1.000000000 0.000000000 0.000000000
598 0.953772545 0.018719492 0.027507978
599 0.123055071 0.090991616 0.785953283
600 1.000000000 0.000000000 0.000000000
601 1.000000000 0.000000000 0.000000000
602 0.956923485 0.043076515 0.000000000
603 0.976427555 0.008831757 0.014740668
604 1.000000000 0.000000000 0.000000000
605 0.999516308 0.000483684 0.000000000
606 0.997407556 0.002592423 0.000000000
607 0.933562756 0.000000000 0.066437237
608 0.969433665 0.027233746 0.003332569
609 0.974993289 0.000000000 0.025006713
610 0.979264617 0.000000000 0.020735355
611 0.973231316 0.000000000 0.026768694
612 0.944237113 0.008265073 0.047497831
613 0.039420784 0.000000000 0.960579216
614 0.906454921 0.000000000 0.093545057
615 0.953374028 0.000000000 0.046625961
616 0.973734319 0.026265653 0.000000000
617 0.988868117 0.000000000 0.011131859
618 0.982243121 0.000000000 0.017756859
619 0.980881691 0.000000000 0.019118303
620 0.972993612 0.010664491 0.016341893
621 0.958005369 0.000000000 0.041994605
622 0.941160202 0.008853223 0.049986567
623 0.959306180 0.006052801 0.034640998
624 0.991160512 0.000000000 0.008839463
625 0.952050328 0.031882711 0.016066961
626 0.973985136 0.000000000 0.026014863
627 0.019401329 0.065270141 0.915328503
628 0.959534824 0.021410603 0.019054556
629 0.910749495 0.088957064 0.000293434
630 0.961727142 0.015851077 0.022421803
631 0.991310239 0.008689747 0.000000000
632 0.991810441 0.000000000 0.008189557
633 1.000000000 0.000000000 0.000000000
634 0.999603808 0.000000000 0.000396166
635 0.995330930 0.001701590 0.002967458
636 0.932021558 0.052774388 0.015204041
637 0.970979393 0.029020591 0.000000000
638 0.989243329 0.010756692 0.000000000
639 0.990592539 0.009407446 0.000000000
640 0.974297404 0.025702596 0.000000000
641 0.000000000 0.006028837 0.993971169
642 0.905372143 0.072757319 0.021870531
643 0.929192364 0.051781196 0.019026432
644 0.931902528 0.039308425 0.028789051
645 0.913129389 0.073159270 0.013711348
646 0.913616657 0.065086707 0.021296609
647 0.887824833 0.076330766 0.035844401
648 0.852750719 0.115404479 0.031844798
649 0.885047138 0.091557011 0.023395870
650 0.909608305 0.066072062 0.024319658
651 0.837664902 0.120963305 0.041371763
652 0.890406430 0.075509422 0.034084126
653 0.837682486 0.127358139 0.034959342
654 0.898083508 0.098200426 0.003716098
655 0.032242227 0.104729332 0.863028467
656 0.865488768 0.105905518 0.028605731
657 0.861686110 0.109490767 0.028823100
658 0.781890750 0.168364853 0.049744379
659 0.819635630 0.165068969 0.015295409
660 0.807068586 0.125655681 0.067275733
661 0.754940569 0.211327821 0.033731602
662 0.705849767 0.225921661 0.068228543
663 0.791844606 0.208155409 0.000000000
664 0.809738994 0.190261006 0.000000000
665 0.842267573 0.157732442 0.000000000
666 0.763322175 0.236677796 0.000000000
667 0.839766681 0.160233334 0.000000000
668 0.784291267 0.215708762 0.000000000
669 0.000000000 0.076738998 0.923260987
670 0.738438666 0.246842489 0.014718832
671 0.672415435 0.300176382 0.027408157
672 0.704987168 0.281406999 0.013605807
673 0.701892197 0.276211947 0.021895889
674 0.584520996 0.402477056 0.013001991
675 0.631561100 0.368438900 0.000000000
676 0.729178607 0.270821393 0.000000000
677 0.622745812 0.377254158 0.000000000
678 0.779787302 0.220212728 0.000000000
679 0.689381242 0.310618758 0.000000000
680 0.817680597 0.172740147 0.009579232
681 0.682586074 0.317413956 0.000000000
682 0.814529717 0.184741318 0.000728973
683 0.011159909 0.068003446 0.920836627
684 0.574966073 0.416336089 0.008697840
685 0.699153602 0.299694836 0.001151579
686 0.646243691 0.353756309 0.000000000
687 0.548174083 0.451825887 0.000000000
688 0.421395153 0.558362722 0.020242112
689 0.734360754 0.265639275 0.000000000
690 0.583266497 0.416733503 0.000000000
691 0.746527910 0.231962070 0.021510040
692 0.735176444 0.263821810 0.001001743
693 0.757109284 0.239508495 0.003382214
694 0.664670229 0.335329741 0.000000000
695 0.775516272 0.217061713 0.007422043
696 0.797726154 0.202273831 0.000000000
697 0.015364136 0.152415693 0.832220197
698 0.654585838 0.345414162 0.000000000
699 0.614564657 0.366524309 0.018911019
700 0.540227652 0.445368886 0.014403471
701 0.413976431 0.540711343 0.045312256
702 0.478020608 0.521979392 0.000000000
703 0.316992670 0.683007360 0.000000000
704 0.481236070 0.518763900 0.000000000
705 0.323065311 0.676934719 0.000000000
706 0.484440625 0.501715004 0.013844370
707 0.483160794 0.516839206 0.000000000
708 0.474333525 0.502757549 0.022908941
709 0.489719182 0.510280788 0.000000000
710 0.408510387 0.591489613 0.000000000
711 0.000000000 0.152437016 0.847562969
712 0.234258771 0.735681057 0.030060157
713 0.182261422 0.798913240 0.018825324
714 0.101535991 0.873543143 0.024920855
715 0.038983632 0.961016357 0.000000000
716 0.000000000 1.000000000 0.000000000
717 0.061016891 0.938983083 0.000000000
718 0.000000000 1.000000000 0.000000000
719 0.000000000 1.000000000 0.000000000
720 0.000000000 1.000000000 0.000000000
721 0.030210441 0.969789565 0.000000000
722 0.075045317 0.924954653 0.000000000
723 0.000000000 1.000000000 0.000000000
724 0.000000000 1.000000000 0.000000000
725 0.000000000 0.125671208 0.874328792
726 0.000000000 0.955218732 0.044781238
727 0.000000000 0.910099626 0.089900389
728 0.007237193 0.916524410 0.076238371
729 0.000000000 0.993905604 0.006094402
730 0.000000000 0.787148833 0.212851152
731 0.000000000 0.967143714 0.032856278
732 0.006275690 0.855901062 0.137823224
733 0.000000000 0.812030911 0.187969118
734 0.077849865 0.825301826 0.096848287
735 0.138888136 0.861111879 0.000000000
736 0.002288690 0.975730538 0.021980785
737 0.000000000 0.915283501 0.084716469
738 0.017584609 0.945631504 0.036783870
739 0.000000000 0.107847363 0.892152607
740 0.028429318 0.592268050 0.379302621
741 0.012264471 0.106695637 0.881039917
742 0.000000000 0.308526784 0.691473246
743 0.046251781 0.164749369 0.788998842
744 0.006579746 0.259121567 0.734298706
745 0.098935276 0.188899890 0.712164819
746 0.009248794 0.009361522 0.981389701
747 0.081310876 0.191352069 0.727337062
748 0.087197058 0.156281948 0.756520987
749 0.057301037 0.205904216 0.736794710
750 0.020421883 0.268554449 0.711023629
751 0.061983638 0.223339826 0.714676559
752 0.000000000 0.448818415 0.551181614
753 0.039885521 0.091149025 0.868965447
754 0.078589082 0.921410918 0.000000000
755 1.000000000 0.000000000 0.000000000
756 1.000000000 0.000000000 0.000000000
757 1.000000000 0.000000000 0.000000000
758 1.000000000 0.000000000 0.000000000
759 1.000000000 0.000000000 0.000000000
760 1.000000000 0.000000000 0.000000000
761 1.000000000 0.000000000 0.000000000
762 1.000000000 0.000000000 0.000000000
763 1.000000000 0.000000000 0.000000000
764 0.981620073 0.018379942 0.000000000
765 1.000000000 0.000000000 0.000000000
766 1.000000000 0.000000000 0.000000000
767 1.000000000 0.000000000 0.000000000
768 0.111219570 0.888780415 0.000000000
769 1.000000000 0.000000000 0.000000000
770 1.000000000 0.000000000 0.000000000
771 1.000000000 0.000000000 0.000000000
772 1.000000000 0.000000000 0.000000000
773 1.000000000 0.000000000 0.000000000
774 1.000000000 0.000000000 0.000000000
775 1.000000000 0.000000000 0.000000000
776 1.000000000 0.000000000 0.000000000
777 1.000000000 0.000000000 0.000000000
778 1.000000000 0.000000000 0.000000000
779 1.000000000 0.000000000 0.000000000
780 1.000000000 0.000000000 0.000000000
781 1.000000000 0.000000000 0.000000000
782 0.047164984 0.952835023 0.000000000
783 1.000000000 0.000000000 0.000000000
784 0.956895769 0.043104205 0.000000000
785 1.000000000 0.000000000 0.000000000
786 0.987887740 0.012112260 0.000000000
787 1.000000000 0.000000000 0.000000000
788 0.992055476 0.007944539 0.000000000
789 1.000000000 0.000000000 0.000000000
790 0.999684274 0.000315717 0.000000000
791 0.943025351 0.056974631 0.000000000
792 0.950676978 0.049323011 0.000000000
793 1.000000000 0.000000000 0.000000000
794 1.000000000 0.000000000 0.000000000
795 1.000000000 0.000000000 0.000000000
796 0.086332455 0.913667560 0.000000000
797 1.000000000 0.000000000 0.000000000
798 1.000000000 0.000000000 0.000000000
799 1.000000000 0.000000000 0.000000000
800 1.000000000 0.000000000 0.000000000
801 1.000000000 0.000000000 0.000000000
802 1.000000000 0.000000000 0.000000000
803 1.000000000 0.000000000 0.000000000
804 1.000000000 0.000000000 0.000000000
805 0.964863122 0.035136893 0.000000000
806 1.000000000 0.000000000 0.000000000
807 1.000000000 0.000000000 0.000000000
808 1.000000000 0.000000000 0.000000000
809 1.000000000 0.000000000 0.000000000
810 0.021865502 0.978134513 0.000000000
811 0.998068511 0.001931473 0.000000000
812 0.959300339 0.040699679 0.000000000
813 0.976856172 0.023143815 0.000000000
814 0.919831932 0.080168091 0.000000000
815 0.972418249 0.027581725 0.000000000
816 0.903411686 0.096588314 0.000000000
817 0.907199383 0.092800610 0.000000000
818 0.916293144 0.083706863 0.000000000
819 1.000000000 0.000000000 0.000000000
820 1.000000000 0.000000000 0.000000000
821 1.000000000 0.000000000 0.000000000
822 0.996655464 0.003344556 0.000000000
823 0.980795026 0.019204963 0.000000000
824 0.020777535 0.979222476 0.000000000
825 0.935159802 0.064840220 0.000000000
826 0.890997767 0.109002233 0.000000000
827 0.915777624 0.084222384 0.000000000
828 0.946605086 0.053394929 0.000000000
829 0.931893349 0.068106651 0.000000000
830 0.925820112 0.074179888 0.000000000
831 0.839914441 0.160085589 0.000000000
832 0.860728323 0.139271662 0.000000000
833 0.868276775 0.131723210 0.000000000
834 0.889061391 0.110938586 0.000000000
835 0.881210148 0.118789852 0.000000000
836 0.840351284 0.159648702 0.000000000
837 0.890025795 0.109974228 0.000000000
838 0.036258943 0.963741064 0.000000000
839 0.792436361 0.207563624 0.000000000
840 0.747201443 0.252798527 0.000000000
841 0.761309922 0.238690093 0.000000000
842 0.737849832 0.262150139 0.000000000
843 0.688555717 0.311444283 0.000000000
844 0.691923559 0.308076411 0.000000000
845 0.741478562 0.258521438 0.000000000
846 0.735650957 0.264349043 0.000000000
847 0.813552499 0.186447501 0.000000000
848 0.783988416 0.216011584 0.000000000
849 0.739204586 0.260795385 0.000000000
850 0.789293170 0.210706860 0.000000000
851 0.811174750 0.188825265 0.000000000
852 0.000000000 1.000000000 0.000000000
853 0.678170919 0.321829110 0.000000000
854 0.711469233 0.288530737 0.000000000
855 0.633701801 0.366298199 0.000000000
856 0.584424675 0.415575325 0.000000000
857 0.558288574 0.441711426 0.000000000
858 0.754369080 0.245630905 0.000000000
859 0.691868722 0.308131307 0.000000000
860 0.770492911 0.229507089 0.000000000
861 0.690447032 0.309552997 0.000000000
862 0.747507870 0.252492130 0.000000000
863 0.789560616 0.210439414 0.000000000
864 0.791896999 0.208103016 0.000000000
865 0.799672782 0.200327218 0.000000000
866 0.015299283 0.984700739 0.000000000
867 0.674319804 0.325680196 0.000000000
868 0.665913105 0.334086895 0.000000000
869 0.619166851 0.380833149 0.000000000
870 0.508311093 0.491688937 0.000000000
871 0.560614765 0.439385206 0.000000000
872 0.465668410 0.534331620 0.000000000
873 0.536828637 0.463171363 0.000000000
874 0.503490746 0.496509284 0.000000000
875 0.536033392 0.463966638 0.000000000
876 0.612175286 0.387824684 0.000000000
877 0.604578435 0.395421594 0.000000000
878 0.640786409 0.359213561 0.000000000
879 0.522497833 0.477502137 0.000000000
880 0.007237236 0.992762744 0.000000000
881 0.426917881 0.573082149 0.000000000
882 0.353901088 0.646098912 0.000000000
883 0.220448613 0.779551387 0.000000000
884 0.435856998 0.564143002 0.000000000
885 0.263044357 0.736955643 0.000000000
886 0.341735989 0.658264041 0.000000000
887 0.291210383 0.708789587 0.000000000
888 0.399667978 0.600332022 0.000000000
889 0.371381491 0.628618538 0.000000000
890 0.437507480 0.562492490 0.000000000
891 0.414755553 0.585244417 0.000000000
892 0.377820522 0.622179508 0.000000000
893 0.439043671 0.560956359 0.000000000
894 0.000000000 1.000000000 0.000000000
895 0.203134120 0.796865880 0.000000000
896 0.035292871 0.964707136 0.000000000
897 0.070342109 0.929657876 0.000000000
898 0.049241815 0.950758159 0.000000000
899 0.082809590 0.917190433 0.000000000
900 0.058824908 0.941175103 0.000000000
901 0.100385785 0.899614215 0.000000000
902 0.064575233 0.935424745 0.000000000
903 0.166106716 0.833893299 0.000000000
904 0.155348837 0.844651163 0.000000000
905 0.095095895 0.904904127 0.000000000
906 0.148557037 0.851442993 0.000000000
907 0.145348638 0.854651392 0.000000000
908 0.000000000 1.000000000 0.000000000
909 0.000000000 1.000000000 0.000000000
910 0.031090321 0.968909681 0.000000000
911 0.000000000 1.000000000 0.000000000
912 0.000000000 1.000000000 0.000000000
913 0.012826897 0.987173080 0.000000000
914 0.042765945 0.957234025 0.000000000
915 0.000000000 1.000000000 0.000000000
916 0.024797197 0.975202799 0.000000000
917 0.014343022 0.985656977 0.000000000
918 0.000000000 1.000000000 0.000000000
919 0.009299481 0.990700543 0.000000000
920 0.000000000 1.000000000 0.000000000
921 0.024867075 0.975132942 0.000000000
922 0.000000000 1.000000000 0.000000000
923 0.035371602 0.964628398 0.000000000
924 1.000000000 0.000000000 0.000000000
925 1.000000000 0.000000000 0.000000000
926 0.951363862 0.048636138 0.000000000
927 1.000000000 0.000000000 0.000000000
928 0.992597997 0.007401994 0.000000000
929 1.000000000 0.000000000 0.000000000
930 1.000000000 0.000000000 0.000000000
931 0.976480544 0.023519475 0.000000000
932 1.000000000 0.000000000 0.000000000
933 1.000000000 0.000000000 0.000000000
934 0.987098634 0.012901344 0.000000000
935 0.917668045 0.082331985 0.000000000
936 1.000000000 0.000000000 0.000000000
937 0.028920690 0.971079290 0.000000000
938 1.000000000 0.000000000 0.000000000
939 0.954990566 0.045009404 0.000000000
940 0.993636549 0.006363457 0.000000000
941 1.000000000 0.000000000 0.000000000
942 1.000000000 0.000000000 0.000000000
943 0.983521521 0.016478453 0.000000000
944 1.000000000 0.000000000 0.000000000
945 0.992109597 0.007890391 0.000000000
946 0.986737907 0.013262066 0.000000000
947 0.994413912 0.005586084 0.000000000
948 0.982595325 0.017404648 0.000000000
949 1.000000000 0.000000000 0.000000000
950 1.000000000 0.000000000 0.000000000
951 0.026513519 0.973486483 0.000000000
952 0.960702956 0.039297055 0.000000000
953 0.985862374 0.014137633 0.000000000
954 0.963712394 0.036287598 0.000000000
955 1.000000000 0.000000000 0.000000000
956 1.000000000 0.000000000 0.000000000
957 1.000000000 0.000000000 0.000000000
958 0.986224711 0.013775310 0.000000000
959 1.000000000 0.000000000 0.000000000
960 0.966168821 0.033831179 0.000000000
961 0.936155140 0.063844860 0.000000000
962 0.968663335 0.031336643 0.000000000
963 1.000000000 0.000000000 0.000000000
964 1.000000000 0.000000000 0.000000000
965 0.007195849 0.992804170 0.000000000
966 1.000000000 0.000000000 0.000000000
967 0.953648329 0.046351686 0.000000000
968 0.995116293 0.004883692 0.000000000
969 0.968586028 0.031413984 0.000000000
970 0.983070314 0.016929712 0.000000000
971 1.000000000 0.000000000 0.000000000
972 0.984192073 0.015807951 0.000000000
973 0.992636740 0.007363279 0.000000000
974 0.856922507 0.143077493 0.000000000
975 0.946306646 0.053693373 0.000000000
976 0.998033524 0.001966449 0.000000000
977 1.000000000 0.000000000 0.000000000
978 0.936930716 0.063069314 0.000000000
979 0.000000000 1.000000000 0.000000000
980 0.901830316 0.098169670 0.000000000
981 0.957616210 0.042383809 0.000000000
982 0.907352448 0.092647567 0.000000000
983 0.955729842 0.044270158 0.000000000
984 0.928802073 0.071197920 0.000000000
985 0.982564688 0.017435310 0.000000000
986 0.912880361 0.087119639 0.000000000
987 0.877895594 0.122104421 0.000000000
988 0.899908543 0.100091435 0.000000000
989 0.948790669 0.051209323 0.000000000
990 1.000000000 0.000000000 0.000000000
991 0.919708729 0.080291264 0.000000000
992 1.000000000 0.000000000 0.000000000
993 0.000000000 1.000000000 0.000000000
994 0.894376457 0.105623566 0.000000000
995 0.830889761 0.169110253 0.000000000
996 0.838459134 0.161540866 0.000000000
997 0.878119707 0.121880285 0.000000000
998 0.876986861 0.123013116 0.000000000
999 0.825832665 0.174167305 0.000000000
1000 0.739568532 0.260431468 0.000000000
1001 0.930557907 0.069442071 0.000000000
1002 0.898470223 0.101529755 0.000000000
1003 0.930709124 0.069290861 0.000000000
1004 0.835118175 0.164881811 0.000000000
1005 0.855735242 0.144264758 0.000000000
1006 0.817229569 0.182770416 0.000000000
1007 0.006962613 0.993037403 0.000000000
1008 0.913246989 0.086753011 0.000000000
1009 0.829525650 0.170474321 0.000000000
1010 0.916694999 0.083305024 0.000000000
1011 0.863948524 0.136051476 0.000000000
1012 0.759366512 0.240633503 0.000000000
1013 0.731281340 0.268718630 0.000000000
1014 0.893923640 0.106076367 0.000000000
1015 0.797984838 0.202015191 0.000000000
1016 0.874064803 0.125935182 0.000000000
1017 0.771678090 0.228321940 0.000000000
1018 0.862115324 0.137884691 0.000000000
1019 0.831828594 0.168171421 0.000000000
1020 0.962701738 0.037298258 0.000000000
1021 0.000000000 1.000000000 0.000000000
1022 0.689196229 0.310803801 0.000000000
1023 0.816841722 0.183158278 0.000000000
1024 0.769926965 0.230073050 0.000000000
1025 0.695859551 0.304140449 0.000000000
1026 0.601198494 0.398801506 0.000000000
1027 0.859006643 0.140993327 0.000000000
1028 0.731920063 0.268079937 0.000000000
1029 0.859287381 0.140712619 0.000000000
1030 0.770904958 0.229095027 0.000000000
1031 0.858512819 0.141487151 0.000000000
1032 0.859339833 0.140660167 0.000000000
1033 0.925560534 0.074439444 0.000000000
1034 0.936075389 0.063924618 0.000000000
1035 0.000000000 1.000000000 0.000000000
1036 0.813429058 0.186570928 0.000000000
1037 0.691992700 0.308007300 0.000000000
1038 0.601440191 0.398559809 0.000000000
1039 0.517900288 0.482099712 0.000000000
1040 0.621777952 0.378222018 0.000000000
1041 0.538871944 0.461128026 0.000000000
1042 0.672013462 0.327986538 0.000000000
1043 0.531176090 0.468823880 0.000000000
1044 0.638427377 0.361572623 0.000000000
1045 0.632135093 0.367864877 0.000000000
1046 0.704392910 0.295607120 0.000000000
1047 0.661545932 0.338454068 0.000000000
1048 0.592424095 0.407575905 0.000000000
1049 0.000000000 1.000000000 0.000000000
1050 0.471368402 0.528631568 0.000000000
1051 0.409318864 0.590681136 0.000000000
1052 0.312436253 0.687563717 0.000000000
1053 0.187838912 0.812161088 0.000000000
1054 0.184341773 0.815658212 0.000000000
1055 0.346688449 0.653311551 0.000000000
1056 0.137701511 0.862298489 0.000000000
1057 0.312935919 0.687064052 0.000000000
1058 0.183997065 0.816002905 0.000000000
1059 0.317348033 0.682651937 0.000000000
1060 0.311206043 0.688793957 0.000000000
1061 0.219971508 0.780028462 0.000000000
1062 0.306496114 0.693503857 0.000000000
1063 0.000000000 1.000000000 0.000000000
1064 0.124746211 0.875253797 0.000000000
1065 0.016233094 0.983766913 0.000000000
1066 0.036030598 0.963969409 0.000000000
1067 0.023559598 0.976440430 0.000000000
1068 0.119225614 0.880774379 0.000000000
1069 0.000244571 0.999755442 0.000000000
1070 0.163764894 0.836235106 0.000000000
1071 0.006489597 0.993510425 0.000000000
1072 0.130652249 0.869347751 0.000000000
1073 0.143298745 0.856701255 0.000000000
1074 0.087272055 0.912727952 0.000000000
1075 0.105747506 0.894252479 0.000000000
1076 0.073785022 0.926214993 0.000000000
1077 0.000000000 1.000000000 0.000000000
1078 0.000000000 1.000000000 0.000000000
1079 0.000000000 1.000000000 0.000000000
1080 0.000000000 1.000000000 0.000000000
1081 0.001789427 0.998210549 0.000000000
1082 0.000000000 1.000000000 0.000000000
1083 0.049823005 0.950177014 0.000000000
1084 0.000000000 1.000000000 0.000000000
1085 0.000000000 1.000000000 0.000000000
1086 0.000000000 1.000000000 0.000000000
1087 0.000000000 1.000000000 0.000000000
1088 0.000000000 1.000000000 0.000000000
1089 0.000000000 1.000000000 0.000000000
1090 0.000000000 1.000000000 0.000000000
1091 0.000000000 1.000000000 0.000000000
1092 0.000000000 0.360849619 0.639150381
1093 0.000000000 0.462009996 0.537989974
1094 0.000000000 0.277040333 0.722959697
1095 0.000000000 0.630642653 0.369357347
1096 0.000000000 0.569545448 0.430454522
1097 0.000000000 0.601100862 0.398899138
1098 0.000000000 0.689558029 0.310441941
1099 0.000000000 0.568277061 0.431722939
1100 0.000000000 0.667265773 0.332734257
1101 0.000000000 0.571039796 0.428960204
1102 0.000000000 0.616934776 0.383065224
1103 0.000000000 0.617069423 0.382930547
1104 0.000000000 0.706149757 0.293850213
1105 0.000000000 0.438949883 0.561050117
1106 0.000000000 0.393966764 0.606033266
1107 0.000000000 0.358467489 0.641532481
1108 0.000000000 0.723029137 0.276970893
1109 0.000000000 0.737029612 0.262970388
1110 0.000000000 0.652709901 0.347290099
1111 0.000000000 0.768022776 0.231977254
1112 0.000000000 0.764387667 0.235612318
1113 0.000000000 0.818404078 0.181595892
1114 0.000000000 0.737343132 0.262656868
1115 0.000000000 0.803654432 0.196345568
1116 0.000000000 0.840196431 0.159803584
1117 0.000000000 0.816122174 0.183877811
1118 0.000000000 0.636509478 0.363490522
1119 0.000000000 0.648387611 0.351612419
1120 0.000000000 0.270067781 0.729932249
1121 0.000000000 0.816619277 0.183380708
1122 0.000000000 0.732849002 0.267151028
1123 0.000000000 0.736852586 0.263147444
1124 0.000000000 0.851526797 0.148473218
1125 0.000000000 0.754312277 0.245687693
1126 0.000000000 0.878300428 0.121699542
1127 0.000000000 0.836213052 0.163786948
1128 0.000000000 0.873192012 0.126808017
1129 0.000000000 0.820905685 0.179094329
1130 0.000000000 0.840407252 0.159592733
1131 0.000000000 0.846188903 0.153811082
1132 0.000000000 0.840649426 0.159350604
1133 0.000000000 0.756194293 0.243805692
1134 0.000000000 0.353178471 0.646821558
1135 0.000000000 0.827905357 0.172094628
1136 0.000000000 0.902508199 0.097491808
1137 0.000000000 0.884204149 0.115795843
1138 0.000000000 0.918271720 0.081728287
1139 0.000000000 0.877043307 0.122956678
1140 0.000000000 0.970799983 0.029200032
1141 0.000000000 0.960517228 0.039482761
1142 0.000000000 0.930184722 0.069815300
1143 0.000000000 0.935923517 0.064076468
1144 0.000000000 0.861618757 0.138381258
1145 0.000000000 0.882613897 0.117386073
1146 0.000000000 0.878192544 0.121807463
1147 0.000000000 0.891315341 0.108684674
1148 0.000000000 0.169248462 0.830751538
1149 0.000000000 0.961427271 0.038572714
1150 0.000000000 0.985639274 0.014360715
1151 0.000000000 0.907045245 0.092954770
1152 0.000000000 0.972208977 0.027791031
1153 0.000000000 0.998243511 0.001756460
1154 0.000000000 0.998731196 0.001268824
1155 0.000000000 0.969313860 0.030686146
1156 0.000000000 0.980919600 0.019080391
1157 0.000000000 0.816291809 0.183708206
1158 0.000000000 0.836362243 0.163637757
1159 0.000000000 0.880530953 0.119469024
1160 0.000000000 0.867665172 0.132334858
1161 0.000000000 0.891996264 0.108003736
1162 0.000000000 0.309675425 0.690324545
1163 0.000000000 0.878391325 0.121608660
1164 0.000000000 0.870943189 0.129056796
1165 0.000000000 0.891876876 0.108123101
1166 0.000000000 0.897578180 0.102421798
1167 0.000000000 0.907853544 0.092146434
1168 0.000000000 0.909913898 0.090086088
1169 0.000000000 0.906638980 0.093361028
1170 0.000000000 0.950635374 0.049364615
1171 0.000000000 0.927566051 0.072433934
1172 0.000000000 0.993438363 0.006561660
1173 0.000000000 0.964204192 0.035795830
1174 0.000000000 0.963925183 0.036074817
1175 0.000000000 0.951933146 0.048066873
1176 0.000000000 0.297060400 0.702939630
1177 0.000000000 0.927401185 0.072598830
1178 0.000000000 0.946750164 0.053249862
1179 0.000000000 0.967834055 0.032165922
1180 0.000000000 0.980635345 0.019364638
1181 0.000000000 0.982378483 0.017621526
1182 0.000000000 0.963578284 0.036421739
1183 0.000000000 0.949606240 0.050393745
1184 0.000000000 0.914407790 0.085592195
1185 0.000000000 0.992246330 0.007753657
1186 0.000000000 0.960196912 0.039803118
1187 0.000000000 0.938376367 0.061623652
1188 0.000000000 0.971759498 0.028240491
1189 0.000000000 0.986827910 0.013172072
1190 0.000000000 0.294178218 0.705821753
1191 0.000000000 0.990849018 0.009150955
1192 0.000000000 0.974953234 0.025046783
1193 0.000000000 1.000000000 0.000000000
1194 0.000000000 0.972295880 0.027704140
1195 0.000000000 0.943674505 0.056325521
1196 0.000000000 0.947871387 0.052128635
1197 0.000000000 0.902369499 0.097630501
1198 0.000000000 0.995356262 0.004643717
1199 0.000000000 0.951606095 0.048393913
1200 0.000000000 0.950790226 0.049209762
1201 0.000000000 0.965732694 0.034267310
1202 0.000000000 1.000000000 0.000000000
1203 0.000000000 0.972765028 0.027234981
1204 0.000000000 0.332928061 0.667071939
1205 0.000000000 0.953921914 0.046078116
1206 0.000000000 0.972132623 0.027867377
1207 0.000000000 0.934017658 0.065982357
1208 0.000000000 0.904600859 0.095399119
1209 0.000000000 0.930689514 0.069310479
1210 0.000000000 0.921339691 0.078660339
1211 0.000000000 0.982798278 0.017201733
1212 0.000000000 0.957037032 0.042962950
1213 0.000000000 0.937540889 0.062459085
1214 0.000000000 0.882981718 0.117018312
1215 0.000000000 0.947051346 0.052948661
1216 0.000000000 0.905092716 0.094907284
1217 0.000000000 0.913262546 0.086737446
1218 0.000000000 0.299587041 0.700412989
1219 0.000000000 0.937673151 0.062326834
1220 0.000000000 0.964066029 0.035933975
1221 0.000000000 0.946717083 0.053282909
1222 0.000000000 0.790556550 0.209443465
1223 0.000000000 0.825486541 0.174513474
1224 0.000000000 0.795455992 0.204544023
1225 0.000000000 0.841573834 0.158426180
1226 0.000000000 0.671458662 0.328541368
1227 0.000000000 0.765030384 0.234969616
1228 0.000000000 0.778643906 0.221356079
1229 0.000000000 0.744277298 0.255722672
1230 0.000000000 0.797138274 0.202861741
1231 0.000000000 0.819273412 0.180726573
1232 0.000000000 0.162782475 0.837217510
1233 0.000000000 0.613070488 0.386929512
1234 0.000000000 0.624884129 0.375115901
1235 0.000000000 0.418609798 0.581390202
1236 0.000000000 0.480312765 0.519687235
1237 0.000000000 0.390821368 0.609178662
1238 0.000000000 0.534339011 0.465660989
1239 0.000000000 0.330250710 0.669749320
1240 0.000000000 0.424336821 0.575663209
1241 0.000000000 0.454890758 0.545109272
1242 0.000000000 0.436938286 0.563061714
1243 0.000000000 0.457042605 0.542957366
1244 0.000000000 0.525067449 0.474932522
1245 0.000000000 0.327712357 0.672287643
1246 0.000000000 0.277183712 0.722816288
1247 0.000000000 0.346432626 0.653567374
1248 0.000000000 0.235626370 0.764373600
1249 0.000000000 0.265565157 0.734434843
1250 0.000000000 0.232166499 0.767833531
1251 0.000000000 0.257892013 0.742107987
1252 0.000000000 0.183353677 0.816646338
1253 0.000000000 0.160221770 0.839778244
1254 0.000000000 0.207605392 0.792394578
1255 0.000000000 0.172759995 0.827239990
1256 0.000000000 0.157240584 0.842759430
1257 0.000000000 0.231577858 0.768422127
1258 0.000000000 0.174879149 0.825120866
1259 0.000000000 0.250312001 0.749687970
1260 0.000000000 0.187188685 0.812811315
1261 0.000000000 0.117414981 0.882584989
1262 0.000000000 0.032653008 0.967346966
1263 0.000000000 0.060744029 0.939255953
1264 0.000000000 0.115814596 0.884185433
1265 0.000000000 0.112679340 0.887320638
1266 0.000000000 0.082685560 0.917314410
1267 0.000000000 0.046826437 0.953173578
1268 0.000000000 0.000000000 1.000000000
1269 0.000000000 0.085281692 0.914718330
1270 0.000000000 0.035589252 0.964410722
1271 0.000000000 0.040974744 0.959025264
1272 0.000000000 0.123486787 0.876513243
1273 0.000000000 0.154986933 0.845013082
1274 0.000000000 0.082658917 0.917341113
1275 0.000000000 0.036938459 0.963061571
1276 0.000000000 0.062476162 0.937523842
1277 0.000000000 0.102767974 0.897232056
1278 0.000000000 0.127436623 0.872563362
1279 0.000000000 0.061434958 0.938565016
1280 0.000000000 0.138546482 0.861453533
1281 0.000000000 0.075167611 0.924832404
1282 0.000000000 0.101758398 0.898241580
1283 0.000000000 0.098325431 0.901674569
1284 0.000000000 0.093230926 0.906769097
1285 0.000000000 0.142013296 0.857986689
1286 0.000000000 0.186051622 0.813948393
1287 0.000000000 0.330189914 0.669810057
1288 0.000000000 0.354688644 0.645311356
1289 0.000000000 0.032849096 0.967150927
1290 0.000000000 0.330057740 0.669942260
1291 0.000000000 0.359863549 0.640136421
1292 0.000000000 0.277404338 0.722595632
1293 0.000000000 0.227372974 0.772627056
1294 0.000000000 0.270259112 0.729740918
1295 0.000000000 0.297652990 0.702346981
1296 0.000000000 0.357871294 0.642128706
1297 0.000000000 0.384075135 0.615924895
1298 0.000000000 0.558823943 0.441176057
1299 0.000000000 0.416592270 0.583407700
1300 0.000000000 0.720407844 0.279592156
1301 0.000000000 0.688275158 0.311724842
1302 0.000000000 0.577252030 0.422747970
1303 0.000000000 0.218349308 0.781650722
1304 0.000000000 0.665220559 0.334779441
1305 0.000000000 0.663883805 0.336116195
1306 0.000000000 0.592584550 0.407415479
1307 0.000000000 0.649981201 0.350018799
1308 0.000000000 0.643576324 0.356423676
1309 0.000000000 0.666743994 0.333256006
1310 0.000000000 0.651204884 0.348795086
1311 0.000000000 0.815910757 0.184089258
1312 0.000000000 0.752483785 0.247516200
1313 0.000000000 0.802991152 0.197008833
1314 0.000000000 0.892390132 0.107609883
1315 0.000000000 0.869062245 0.130937770
1316 0.000000000 0.837964892 0.162035123
1317 0.000000000 0.148904324 0.851095676
1318 0.000000000 0.800636947 0.199363038
1319 0.000000000 0.817630827 0.182369187
1320 0.000000000 0.740861833 0.259138167
1321 0.000000000 0.774985075 0.225014940
1322 0.000000000 0.837754011 0.162245959
1323 0.000000000 0.827723265 0.172276765
1324 0.000000000 0.835783124 0.164216876
1325 0.000000000 0.790283859 0.209716126
1326 0.000000000 0.749727309 0.250272691
1327 0.000000000 0.818698466 0.181301504
1328 0.000000000 0.859234869 0.140765145
1329 0.000000000 0.828771353 0.171228677
1330 0.000000000 0.877527952 0.122472033
1331 0.000000000 0.000000000 1.000000000
1332 0.000000000 0.781604588 0.218395427
1333 0.000000000 0.730484724 0.269515306
1334 0.000000000 0.756077230 0.243922785
1335 0.000000000 0.800912559 0.199087456
1336 0.000000000 0.760220826 0.239779189
1337 0.000000000 0.835309923 0.164690062
1338 0.000000000 0.799763858 0.200236171
1339 0.000000000 0.891437531 0.108562469
1340 0.000000000 0.923552096 0.076447912
1341 0.000000000 0.946152329 0.053847652
1342 0.000000000 0.871758163 0.128241807
1343 0.000000000 0.912825704 0.087174296
1344 0.000000000 0.854442477 0.145557493
1345 0.000000000 0.026411679 0.973588347
1346 0.000000000 0.842326939 0.157673046
1347 0.000000000 0.823336780 0.176663220
1348 0.000000000 0.910482168 0.089517847
1349 0.000000000 0.896748483 0.103251509
1350 0.000000000 0.947761834 0.052238166
1351 0.000000000 0.900614738 0.099385284
1352 0.000000000 0.890143335 0.109856695
1353 0.000000000 0.974384248 0.025615774
1354 0.000000000 0.971661389 0.028338620
1355 0.000000000 0.942518294 0.057481691
1356 0.000000000 0.947477520 0.052522499
1357 0.000000000 0.918891191 0.081108786
1358 0.000000000 0.937764645 0.062235344
1359 0.000000000 0.053949371 0.946050644
1360 0.000000000 0.864520490 0.135479480
1361 0.000000000 0.899855912 0.100144118
1362 0.000000000 0.857359946 0.142640024
1363 0.000000000 0.927063942 0.072936080
1364 0.000000000 0.879969716 0.120030269
1365 0.000000000 0.949356318 0.050643705
1366 0.000000000 0.909354627 0.090645373
1367 0.000000000 0.977199435 0.022800565
1368 0.000000000 0.946373165 0.053626835
1369 0.000000000 0.971107483 0.028892545
1370 0.000000000 0.933014631 0.066985346
1371 0.000000000 0.921622097 0.078377903
1372 0.000000000 0.954529464 0.045470510
1373 0.000000000 0.068037279 0.931962729
1374 0.000000000 0.833709776 0.166290194
1375 0.000000000 0.903662562 0.096337423
1376 0.000000000 0.857461512 0.142538488
1377 0.000000000 0.771740437 0.228259593
1378 0.000000000 0.973714948 0.026285039
1379 0.000000000 0.993381500 0.006618490
1380 0.000000000 1.000000000 0.000000000
1381 0.000000000 1.000000000 0.000000000
1382 0.000000000 0.996636689 0.003363295
1383 0.000000000 0.924676180 0.075323850
1384 0.000000000 0.949714065 0.050285906
1385 0.000000000 0.979515135 0.020484867
1386 0.000000000 0.975735247 0.024264779
1387 0.000000000 0.000000000 1.000000000
1388 0.000000000 0.895989358 0.104010656
1389 0.000000000 1.000000000 0.000000000
1390 0.000000000 0.893368483 0.106631510
1391 0.000000000 0.881317794 0.118682191
1392 0.000000000 0.850384712 0.149615318
1393 0.000000000 0.929526031 0.070473976
1394 0.000000000 0.837802172 0.162197813
1395 0.000000000 0.871452272 0.128547728
1396 0.000000000 0.795061588 0.204938397
1397 0.000000000 0.877513111 0.122486904
1398 0.000000000 0.911335886 0.088664137
1399 0.000000000 0.920127273 0.079872705
1400 0.000000000 0.995273113 0.004726883
1401 0.000000000 0.031726226 0.968273759
1402 0.000000000 0.701796949 0.298203051
1403 0.000000000 0.598275006 0.401724994
1404 0.000000000 0.503586709 0.496413261
1405 0.000000000 0.541319251 0.458680749
1406 0.000000000 0.616894603 0.383105397
1407 0.000000000 0.490453482 0.509546518
1408 0.000000000 0.422344595 0.577655435
1409 0.000000000 0.448575675 0.551424325
1410 0.000000000 0.497462630 0.502537370
1411 0.000000000 0.518259525 0.481740475
1412 0.000000000 0.502427459 0.497572571
1413 0.000000000 0.587562680 0.412437290
1414 0.000000000 0.611928284 0.388071716
1415 0.000000000 0.045627393 0.954372585
1416 0.000000000 0.103292167 0.896707833
1417 0.000000000 0.085376464 0.914623559
1418 0.000000000 0.103868999 0.896130979
1419 0.000000000 0.173998743 0.826001227
1420 0.000000000 0.132179648 0.867820382
1421 0.000000000 0.063874930 0.936125040
1422 0.000000000 0.088953219 0.911046803
1423 0.000000000 0.160792962 0.839207053
1424 0.000000000 0.102358729 0.897641242
1425 0.000000000 0.113760211 0.886239767
1426 0.000000000 0.115250319 0.884749651
1427 0.000000000 0.082451478 0.917548537
1428 0.000000000 0.088398069 0.911601901
1429 0.000000000 0.058441017 0.941558957
1430 0.185865313 0.071062118 0.743072569
1431 0.921218753 0.003286297 0.075494967
1432 0.919843912 0.000000000 0.080156058
1433 0.993970096 0.006029896 0.000000000
1434 0.998279929 0.000000000 0.001720083
1435 0.932241738 0.009706656 0.058051616
1436 0.835380733 0.014580402 0.150038838
1437 0.944745243 0.038501255 0.016753525
1438 0.882550538 0.045247976 0.072201468
1439 0.968246818 0.018049143 0.013704019
1440 0.911005735 0.067462981 0.021531306
1441 0.959595382 0.040404644 0.000000000
1442 0.877218962 0.036243916 0.086537115
1443 0.916623116 0.057726361 0.025650537
1444 0.079411104 0.157143161 0.763445735
1445 0.926640511 0.000000000 0.073359512
1446 1.000000000 0.000000000 0.000000000
1447 1.000000000 0.000000000 0.000000000
1448 0.949770987 0.000000000 0.050229006
1449 1.000000000 0.000000000 0.000000000
1450 1.000000000 0.000000000 0.000000000
1451 1.000000000 0.000000000 0.000000000
1452 0.991833925 0.000000000 0.008166064
1453 0.916776359 0.000000000 0.083223641
1454 0.999741852 0.000000000 0.000258150
1455 0.965462387 0.000000000 0.034537587
1456 0.988127232 0.001610016 0.010262723
1457 0.968173981 0.031825997 0.000000000
1458 0.027084047 0.000000000 0.972915947
1459 0.963881612 0.036118381 0.000000000
1460 0.996429741 0.000000000 0.003570279
1461 0.949682891 0.014470833 0.035846282
1462 0.934013009 0.000000000 0.065987013
1463 1.000000000 0.000000000 0.000000000
1464 0.974800885 0.000000000 0.025199091
1465 0.937332690 0.000000000 0.062667288
1466 0.976669669 0.023330357 0.000000000
1467 1.000000000 0.000000000 0.000000000
1468 0.898262501 0.101737514 0.000000000
1469 0.824655294 0.175344735 0.000000000
1470 0.841984391 0.158015624 0.000000000
1471 0.839836061 0.160163939 0.000000000
1472 0.064086132 0.154842973 0.781070888
1473 0.897046864 0.061359651 0.041593496
1474 0.877071083 0.042110853 0.080818087
1475 0.798611939 0.055273645 0.146114394
1476 0.892946124 0.048660245 0.058393635
1477 0.855222344 0.044875175 0.099902481
1478 0.867492318 0.019411841 0.113095865
1479 0.837605894 0.102439851 0.059954245
1480 0.897516668 0.037784182 0.064699173
1481 0.864442885 0.102768436 0.032788698
1482 0.788565218 0.211434782 0.000000000
1483 0.884958744 0.115041263 0.000000000
1484 0.876565337 0.123434633 0.000000000
1485 0.812822282 0.159277961 0.027899755
1486 0.007649097 0.113598607 0.878752291
1487 0.875762403 0.124237604 0.000000000
1488 0.861400008 0.138599992 0.000000000
1489 0.827563405 0.172436565 0.000000000
1490 0.874410093 0.125589922 0.000000000
1491 0.881149828 0.118850201 0.000000000
1492 0.817564011 0.176847890 0.005588085
1493 0.848213255 0.151786730 0.000000000
1494 0.827077389 0.172876745 0.000045889
1495 0.850500584 0.149499401 0.000000000
1496 0.881563723 0.106762514 0.011673752
1497 0.916436493 0.083563522 0.000000000
1498 0.809830487 0.190169513 0.000000000
1499 0.861453414 0.138546556 0.000000000
1500 0.000000000 0.102820426 0.897179604
1501 0.735563040 0.231900275 0.032536708
1502 0.702905118 0.260984898 0.036109976
1503 0.659328222 0.302234024 0.038437780
1504 0.725923359 0.227583230 0.046493415
1505 0.698539853 0.219115600 0.082344532
1506 0.695566237 0.257057369 0.047376372
1507 0.656639218 0.274839252 0.068521507
1508 0.743215322 0.256784707 0.000000000
1509 0.772763193 0.227236778 0.000000000
1510 0.811295509 0.188704491 0.000000000
1511 0.776151299 0.223848686 0.000000000
1512 0.794909954 0.205090031 0.000000000
1513 0.738072515 0.261927485 0.000000000
1514 0.000000000 0.122969255 0.877030730
1515 0.662032604 0.337967396 0.000000000
1516 0.594830930 0.405169040 0.000000000
1517 0.720286012 0.279714018 0.000000000
1518 0.676643848 0.323356152 0.000000000
1519 0.718252361 0.281747639 0.000000000
1520 0.531260669 0.467747360 0.000991986
1521 0.722684920 0.277315050 0.000000000
1522 0.721668303 0.278331697 0.000000000
1523 0.767747939 0.232252061 0.000000000
1524 0.791932225 0.205035895 0.003031883
1525 0.742180943 0.252550513 0.005268520
1526 0.712688088 0.287311912 0.000000000
1527 0.755148947 0.244851038 0.000000000
1528 0.000000000 0.074133441 0.925866544
1529 0.586959481 0.399862289 0.013178246
1530 0.665330112 0.334669888 0.000000000
1531 0.669085979 0.330913991 0.000000000
1532 0.615969241 0.375608861 0.008421906
1533 0.500907779 0.470192581 0.028899616
1534 0.539071500 0.460928500 0.000000000
1535 0.485621393 0.488910943 0.025467658
1536 0.627014577 0.372985452 0.000000000
1537 0.614963472 0.375323564 0.009712934
1538 0.605458856 0.375991285 0.018549856
1539 0.593298674 0.406701356 0.000000000
1540 0.572787166 0.427212805 0.000000000
1541 0.642361641 0.357638359 0.000000000
1542 0.000000000 0.094290115 0.905709863
1543 0.478233337 0.505898058 0.015868599
1544 0.441868633 0.531502128 0.026629237
1545 0.421609312 0.545633376 0.032757297
1546 0.383918375 0.571932971 0.044148672
1547 0.543272853 0.437195152 0.019531975
1548 0.461727679 0.520426154 0.017846184
1549 0.603155315 0.396844655 0.000000000
1550 0.567193985 0.432806045 0.000000000
1551 0.570357382 0.423731744 0.005910861
1552 0.526547194 0.453901738 0.019551057
1553 0.547312438 0.431264877 0.021422686
1554 0.599384546 0.400615424 0.000000000
1555 0.525399804 0.439484805 0.035115376
1556 0.061328787 0.060306929 0.878364265
1557 0.437330574 0.520831764 0.041837648
1558 0.356199592 0.610521078 0.033279300
1559 0.334798068 0.601465881 0.063736066
1560 0.029135555 0.970864475 0.000000000
1561 0.016987298 0.983012676 0.000000000
1562 0.136191249 0.856737435 0.007071297
1563 0.066252813 0.914359868 0.019387295
1564 0.116558105 0.883441865 0.000000000
1565 0.049493905 0.945580721 0.004925362
1566 0.050227989 0.949772000 0.000000000
1567 0.127561375 0.872438610 0.000000000
1568 0.095101140 0.904898882 0.000000000
1569 0.052628782 0.947371244 0.000000000
1570 0.036590941 0.031334035 0.932075024
1571 0.000000000 1.000000000 0.000000000
1572 0.000000000 0.963914812 0.036085192
1573 0.000000000 1.000000000 0.000000000
1574 0.004708322 0.995291650 0.000000000
1575 0.002963546 0.997036457 0.000000000
1576 0.039509725 0.960490286 0.000000000
1577 0.000000000 1.000000000 0.000000000
1578 0.034397285 0.965602696 0.000000000
1579 0.000000000 1.000000000 0.000000000
1580 0.009985539 0.990014434 0.000000000
1581 0.000000000 1.000000000 0.000000000
1582 0.000000000 1.000000000 0.000000000
1583 0.010134934 0.989865065 0.000000000
1584 0.012108673 0.089048043 0.898843288
1585 0.000000000 0.996334910 0.003665103
1586 0.009814329 0.183703721 0.806481957
1587 0.000000000 0.176110461 0.823889554
1588 0.044632263 0.152511716 0.802856028
1589 0.000000000 0.157868370 0.842131615
1590 0.000000000 0.157197401 0.842802584
1591 0.000000000 0.128598005 0.871401966
1592 0.000000000 0.150203928 0.849796057
1593 0.018934255 0.160671517 0.820394218
1594 0.000000000 0.210380092 0.789619923
1595 0.001927108 0.214199498 0.783873379
1596 0.049656373 0.240600213 0.709743440
1597 0.000000000 0.366055280 0.633944690
1598 0.000000000 0.094340660 0.905659318
1599 0.067832462 0.093995586 0.838171959
1600 0.983749151 0.000000000 0.016250867
1601 0.887787402 0.057082925 0.055129644
1602 0.939113021 0.000000000 0.060886972
1603 1.000000000 0.000000000 0.000000000
1604 0.956904054 0.000000000 0.043095969
1605 0.946808815 0.007661723 0.045529459
1606 0.987290978 0.000000000 0.012708993
1607 0.985323668 0.000000000 0.014676310
1608 0.986851156 0.000000000 0.013148835
1609 1.000000000 0.000000000 0.000000000
1610 1.000000000 0.000000000 0.000000000
1611 0.976790309 0.000841314 0.022368403
1612 0.979111254 0.020888761 0.000000000
1613 0.051384345 0.233453289 0.715162396
1614 1.000000000 0.000000000 0.000000000
1615 1.000000000 0.000000000 0.000000000
1616 1.000000000 0.000000000 0.000000000
1617 0.983793437 0.000000000 0.016206590
1618 0.999516010 0.000483994 0.000000000
1619 1.000000000 0.000000000 0.000000000
1620 1.000000000 0.000000000 0.000000000
1621 1.000000000 0.000000000 0.000000000
1622 1.000000000 0.000000000 0.000000000
1623 0.994560182 0.000000000 0.005439793
1624 1.000000000 0.000000000 0.000000000
1625 0.995366335 0.000000000 0.004633671
1626 1.000000000 0.000000000 0.000000000
1627 0.000000000 0.000000000 1.000000000
1628 0.924094439 0.026399767 0.049505778
1629 0.988294244 0.000000000 0.011705740
1630 0.966752291 0.000000000 0.033247720
1631 0.921281576 0.027291985 0.051426455
1632 1.000000000 0.000000000 0.000000000
1633 1.000000000 0.000000000 0.000000000
1634 0.944275737 0.002766311 0.052957963
1635 1.000000000 0.000000000 0.000000000
1636 1.000000000 0.000000000 0.000000000
1637 0.964117885 0.000000000 0.035882089
1638 0.965303540 0.000000000 0.034696445
1639 0.970856607 0.000000000 0.029143415
1640 1.000000000 0.000000000 0.000000000
1641 0.020309858 0.109494828 0.870195329
1642 0.936767340 0.003864040 0.059368648
1643 0.898325682 0.027656857 0.074017443
1644 0.894378245 0.012177706 0.093444064
1645 0.940816820 0.000000000 0.059183162
1646 0.912561953 0.007019748 0.080418289
1647 0.963678777 0.000000000 0.036321227
1648 0.981105149 0.000000000 0.018894838
1649 1.000000000 0.000000000 0.000000000
1650 0.936942041 0.006942089 0.056115881
1651 0.906581163 0.093418822 0.000000000
1652 0.970810175 0.029189846 0.000000000
1653 0.948225856 0.042128365 0.009645776
1654 0.910373569 0.072160721 0.017465696
1655 0.004841876 0.036889594 0.958268523
1656 0.975132883 0.024867123 0.000000000
1657 0.970477462 0.029522520 0.000000000
1658 0.973897636 0.026102385 0.000000000
1659 0.980282784 0.019717239 0.000000000
1660 0.961121500 0.000000000 0.038878486
1661 0.914474905 0.049788691 0.035736404
1662 0.939414740 0.000000000 0.060585279
1663 0.992093205 0.007906787 0.000000000
1664 0.885709524 0.111776985 0.002513485
1665 0.985671103 0.014328894 0.000000000
1666 0.906601608 0.093398377 0.000000000
1667 0.828196645 0.171803325 0.000000000
1668 0.933973432 0.066026561 0.000000000
1669 0.000000000 0.087694801 0.912305176
1670 0.871101022 0.128898978 0.000000000
1671 0.911102593 0.088897407 0.000000000
1672 0.848257959 0.145836741 0.005905313
1673 0.932327449 0.012053486 0.055619091
1674 0.849732876 0.093618229 0.056648925
1675 0.880841672 0.063773029 0.055385288
1676 0.934419334 0.056848124 0.008732524
1677 0.812713861 0.177539259 0.009746893
1678 0.850559771 0.107376695 0.042063516
1679 0.865131319 0.134868711 0.000000000
1680 0.735655367 0.263282537 0.001062056
1681 0.813298881 0.181160808 0.005540295
1682 0.774117291 0.218563765 0.007318957
1683 0.000000000 0.103350490 0.896649480
1684 0.808167756 0.190039173 0.001793091
1685 0.775496185 0.221068144 0.003435679
1686 0.882218659 0.117781319 0.000000000
1687 0.790651798 0.166879550 0.042468637
1688 0.718114078 0.276726186 0.005159740
1689 0.811379671 0.188620344 0.000000000
1690 0.649130464 0.292422324 0.058447201
1691 0.697414696 0.302585304 0.000000000
1692 0.694026530 0.305973500 0.000000000
1693 0.593107283 0.406892747 0.000000000
1694 0.755338073 0.228764057 0.015897838
1695 0.667807639 0.332192391 0.000000000
1696 0.689905286 0.293378413 0.016716335
1697 0.025814533 0.071635962 0.902549505
1698 0.626017451 0.373982549 0.000000000
1699 0.775860131 0.184231058 0.039908819
1700 0.632347107 0.335746497 0.031906419
1701 0.647439599 0.352560431 0.000000000
1702 0.634158432 0.365841568 0.000000000
1703 0.686210155 0.275675118 0.038114719
1704 0.611217022 0.354951680 0.033831287
1705 0.678888559 0.321111470 0.000000000
1706 0.657272220 0.342727810 0.000000000
1707 0.768953502 0.193819135 0.037227392
1708 0.730008125 0.260141969 0.009849892
1709 0.699744284 0.259009987 0.041245725
1710 0.699025571 0.251984417 0.048990007
1711 0.000000000 0.147350550 0.852649450
1712 0.705606282 0.268878579 0.025515102
1713 0.621610463 0.301980376 0.076409154
1714 0.623381615 0.320083886 0.056534529
1715 0.562984884 0.377762228 0.059252892
1716 0.539009273 0.424996734 0.035993990
1717 0.631034732 0.367105097 0.001860155
1718 0.603495479 0.396504492 0.000000000
1719 0.570406735 0.429593295 0.000000000
1720 0.635790110 0.319849938 0.044359926
1721 0.610573351 0.338962317 0.050464369
1722 0.587645113 0.369225502 0.043129358
1723 0.627935469 0.343574077 0.028490456
1724 0.641972065 0.358027965 0.000000000
1725 0.014107802 0.200653613 0.785238564
1726 0.433799267 0.522809327 0.043391429
1727 0.455575407 0.544424593 0.000000000
1728 0.431164026 0.542041063 0.026794909
1729 0.174493030 0.825506985 0.000000000
1730 0.151604682 0.848395348 0.000000000
1731 0.175826415 0.824173570 0.000000000
1732 0.138025641 0.861974359 0.000000000
1733 0.223889962 0.776110053 0.000000000
1734 0.227104262 0.772895753 0.000000000
1735 0.140438974 0.855916262 0.003644778
1736 0.266742915 0.730870366 0.002386718
1737 0.168105319 0.831894696 0.000000000
1738 0.249858230 0.750141799 0.000000000
1739 0.014232552 0.078084670 0.907682776
1740 0.152491719 0.847508311 0.000000000
1741 0.047799770 0.940907776 0.011292423
1742 0.000000000 0.887590528 0.112409480
1743 0.000000000 0.938310564 0.061689407
1744 0.000000000 0.909876823 0.090123184
1745 0.000000000 0.949444413 0.050555572
1746 0.007843842 0.872363091 0.119793095
1747 0.000000000 0.868758738 0.131241262
1748 0.000000000 0.932671368 0.067328610
1749 0.002125356 0.965070248 0.032804403
1750 0.000000000 1.000000000 0.000000000
1751 0.000000000 0.973479986 0.026520025
1752 0.023795074 0.972206593 0.003998347
1753 0.000000000 0.281342417 0.718657613
1754 0.000000000 0.755741775 0.244258255
1755 0.012560102 0.121035807 0.866404116
1756 0.000000000 0.187627509 0.812372506
1757 0.055489905 0.045438811 0.899071276
1758 0.000000000 0.161354557 0.838645458
1759 0.069217324 0.105134256 0.825648427
1760 0.068955481 0.047507338 0.883537173
1761 0.050801318 0.107235029 0.841963649
1762 0.055396050 0.122648031 0.821955919
1763 0.039078567 0.123765215 0.837156236
1764 0.046090819 0.221362457 0.732546747
1765 0.043393824 0.144349217 0.812256932
1766 0.000000000 0.359281331 0.640718639
1767 0.082058892 0.231686458 0.686254680
1768 0.076169007 0.923830986 0.000000000
1769 1.000000000 0.000000000 0.000000000
1770 1.000000000 0.000000000 0.000000000
1771 1.000000000 0.000000000 0.000000000
1772 1.000000000 0.000000000 0.000000000
1773 1.000000000 0.000000000 0.000000000
1774 1.000000000 0.000000000 0.000000000
1775 1.000000000 0.000000000 0.000000000
1776 1.000000000 0.000000000 0.000000000
1777 1.000000000 0.000000000 0.000000000
1778 1.000000000 0.000000000 0.000000000
1779 1.000000000 0.000000000 0.000000000
1780 1.000000000 0.000000000 0.000000000
1781 1.000000000 0.000000000 0.000000000
1782 0.059736658 0.940263331 0.000000000
1783 1.000000000 0.000000000 0.000000000
1784 1.000000000 0.000000000 0.000000000
1785 1.000000000 0.000000000 0.000000000
1786 0.965498388 0.034501608 0.000000000
1787 1.000000000 0.000000000 0.000000000
1788 1.000000000 0.000000000 0.000000000
1789 1.000000000 0.000000000 0.000000000
1790 1.000000000 0.000000000 0.000000000
1791 1.000000000 0.000000000 0.000000000
1792 1.000000000 0.000000000 0.000000000
1793 1.000000000 0.000000000 0.000000000
1794 1.000000000 0.000000000 0.000000000
1795 1.000000000 0.000000000 0.000000000
1796 0.000000000 1.000000000 0.000000000
1797 1.000000000 0.000000000 0.000000000
1798 1.000000000 0.000000000 0.000000000
1799 1.000000000 0.000000000 0.000000000
1800 1.000000000 0.000000000 0.000000000
1801 1.000000000 0.000000000 0.000000000
1802 1.000000000 0.000000000 0.000000000
1803 1.000000000 0.000000000 0.000000000
1804 1.000000000 0.000000000 0.000000000
1805 1.000000000 0.000000000 0.000000000
1806 1.000000000 0.000000000 0.000000000
1807 1.000000000 0.000000000 0.000000000
1808 1.000000000 0.000000000 0.000000000
1809 1.000000000 0.000000000 0.000000000
1810 0.109222144 0.890777886 0.000000000
1811 1.000000000 0.000000000 0.000000000
1812 1.000000000 0.000000000 0.000000000
1813 1.000000000 0.000000000 0.000000000
1814 1.000000000 0.000000000 0.000000000
1815 1.000000000 0.000000000 0.000000000
1816 1.000000000 0.000000000 0.000000000
1817 1.000000000 0.000000000 0.000000000
1818 1.000000000 0.000000000 0.000000000
1819 1.000000000 0.000000000 0.000000000
1820 1.000000000 0.000000000 0.000000000
1821 1.000000000 0.000000000 0.000000000
1822 1.000000000 0.000000000 0.000000000
1823 1.000000000 0.000000000 0.000000000
1824 0.018081151 0.981918871 0.000000000
1825 0.957060158 0.042939831 0.000000000
1826 0.953535974 0.046464052 0.000000000
1827 0.985467851 0.014532139 0.000000000
1828 1.000000000 0.000000000 0.000000000
1829 1.000000000 0.000000000 0.000000000
1830 0.985102236 0.014897766 0.000000000
1831 1.000000000 0.000000000 0.000000000
1832 0.969306707 0.030693300 0.000000000
1833 0.969334841 0.030665167 0.000000000
1834 1.000000000 0.000000000 0.000000000
1835 1.000000000 0.000000000 0.000000000
1836 1.000000000 0.000000000 0.000000000
1837 1.000000000 0.000000000 0.000000000
1838 0.109298937 0.890701056 0.000000000
1839 0.895443976 0.104556039 0.000000000
1840 0.975081563 0.024918415 0.000000000
1841 0.910922825 0.089077152 0.000000000
1842 0.919838250 0.080161735 0.000000000
1843 1.000000000 0.000000000 0.000000000
1844 0.990690768 0.009309250 0.000000000
1845 1.000000000 0.000000000 0.000000000
1846 0.902923584 0.097076423 0.000000000
1847 0.971902966 0.028097024 0.000000000
1848 0.992240310 0.007759683 0.000000000
1849 0.997224689 0.002775290 0.000000000
1850 0.978978872 0.021021156 0.000000000
1851 0.875596821 0.124403179 0.000000000
1852 0.094678715 0.905321300 0.000000000
1853 0.859994233 0.140005752 0.000000000
1854 0.840843558 0.159156442 0.000000000
1855 0.891734123 0.108265877 0.000000000
1856 0.865983188 0.134016827 0.000000000
1857 0.900464892 0.099535085 0.000000000
1858 0.800284982 0.199714988 0.000000000
1859 0.792208195 0.207791820 0.000000000
1860 0.833765924 0.166234091 0.000000000
1861 0.885266244 0.114733770 0.000000000
1862 0.878249407 0.121750623 0.000000000
1863 0.850375414 0.149624601 0.000000000
1864 0.798129916 0.201870099 0.000000000
1865 0.836276710 0.163723260 0.000000000
1866 0.029088104 0.970911920 0.000000000
1867 0.669734061 0.330265939 0.000000000
1868 0.754081726 0.245918289 0.000000000
1869 0.732090890 0.267909080 0.000000000
1870 0.762396932 0.237603068 0.000000000
1871 0.686108410 0.313891590 0.000000000
1872 0.726005912 0.273994088 0.000000000
1873 0.772420228 0.227579758 0.000000000
1874 0.820477068 0.179522902 0.000000000
1875 0.813492119 0.186507896 0.000000000
1876 0.787823021 0.212176964 0.000000000
1877 0.813572466 0.186427534 0.000000000
1878 0.778937399 0.221062630 0.000000000
1879 0.802877545 0.197122440 0.000000000
1880 0.072560601 0.927439392 0.000000000
1881 0.708430946 0.291569054 0.000000000
1882 0.689425349 0.310574651 0.000000000
1883 0.744328260 0.255671740 0.000000000
1884 0.691752732 0.308247238 0.000000000
1885 0.741302311 0.258697659 0.000000000
1886 0.733068883 0.266931117 0.000000000
1887 0.772158325 0.227841675 0.000000000
1888 0.779347599 0.220652401 0.000000000
1889 0.782599270 0.217400715 0.000000000
1890 0.764483750 0.235516220 0.000000000
1891 0.761853874 0.238146126 0.000000000
1892 0.792552233 0.207447782 0.000000000
1893 0.745044053 0.254955947 0.000000000
1894 0.073243327 0.926756680 0.000000000
1895 0.578661501 0.421338469 0.000000000
1896 0.652624369 0.347375602 0.000000000
1897 0.556897402 0.443102628 0.000000000
1898 0.657290876 0.342709124 0.000000000
1899 0.625949264 0.374050736 0.000000000
1900 0.688740194 0.311259776 0.000000000
1901 0.652806699 0.347193301 0.000000000
1902 0.753146648 0.246853352 0.000000000
1903 0.675132334 0.324867666 0.000000000
1904 0.709278345 0.290721655 0.000000000
1905 0.713448405 0.286551595 0.000000000
1906 0.728294611 0.271705389 0.000000000
1907 0.745699048 0.254300952 0.000000000
1908 0.047455970 0.952544034 0.000000000
1909 0.572614849 0.427385122 0.000000000
1910 0.417912692 0.582087278 0.000000000
1911 0.292299896 0.707700133 0.000000000
1912 0.241886795 0.758113205 0.000000000
1913 0.318067908 0.681932092 0.000000000
1914 0.274943590 0.725056410 0.000000000
1915 0.375141412 0.624858618 0.000000000
1916 0.334912032 0.665087998 0.000000000
1917 0.360128194 0.639871776 0.000000000
1918 0.375017881 0.624982119 0.000000000
1919 0.378038734 0.621961296 0.000000000
1920 0.420494348 0.579505682 0.000000000
1921 0.362124771 0.637875199 0.000000000
1922 0.060003184 0.939996839 0.000000000
1923 0.048998307 0.951001704 0.000000000
1924 0.006015200 0.993984818 0.000000000
1925 0.000000000 1.000000000 0.000000000
1926 0.000000000 1.000000000 0.000000000
1927 0.037608866 0.962391138 0.000000000
1928 0.016921556 0.983078420 0.000000000
1929 0.002118929 0.997881055 0.000000000
1930 0.000000000 1.000000000 0.000000000
1931 0.012921053 0.987078965 0.000000000
1932 0.000000000 1.000000000 0.000000000
1933 0.039683912 0.960316062 0.000000000
1934 0.001975936 0.998024046 0.000000000
1935 0.001276825 0.998723149 0.000000000
1936 0.000000000 1.000000000 0.000000000
1937 0.076859623 0.923140407 0.000000000
1938 1.000000000 0.000000000 0.000000000
1939 0.975246608 0.024753394 0.000000000
1940 1.000000000 0.000000000 0.000000000
1941 1.000000000 0.000000000 0.000000000
1942 1.000000000 0.000000000 0.000000000
1943 1.000000000 0.000000000 0.000000000
1944 1.000000000 0.000000000 0.000000000
1945 1.000000000 0.000000000 0.000000000
1946 1.000000000 0.000000000 0.000000000
1947 1.000000000 0.000000000 0.000000000
1948 1.000000000 0.000000000 0.000000000
1949 1.000000000 0.000000000 0.000000000
1950 1.000000000 0.000000000 0.000000000
1951 0.109950252 0.890049756 0.000000000
1952 1.000000000 0.000000000 0.000000000
1953 1.000000000 0.000000000 0.000000000
1954 1.000000000 0.000000000 0.000000000
1955 1.000000000 0.000000000 0.000000000
1956 1.000000000 0.000000000 0.000000000
1957 1.000000000 0.000000000 0.000000000
1958 1.000000000 0.000000000 0.000000000
1959 1.000000000 0.000000000 0.000000000
1960 1.000000000 0.000000000 0.000000000
1961 1.000000000 0.000000000 0.000000000
1962 1.000000000 0.000000000 0.000000000
1963 1.000000000 0.000000000 0.000000000
1964 1.000000000 0.000000000 0.000000000
1965 0.000000000 1.000000000 0.000000000
1966 1.000000000 0.000000000 0.000000000
1967 1.000000000 0.000000000 0.000000000
1968 1.000000000 0.000000000 0.000000000
1969 1.000000000 0.000000000 0.000000000
1970 1.000000000 0.000000000 0.000000000
1971 1.000000000 0.000000000 0.000000000
1972 1.000000000 0.000000000 0.000000000
1973 1.000000000 0.000000000 0.000000000
1974 1.000000000 0.000000000 0.000000000
1975 0.965656519 0.034343477 0.000000000
1976 0.970636785 0.029363191 0.000000000
1977 1.000000000 0.000000000 0.000000000
1978 1.000000000 0.000000000 0.000000000
1979 0.029029720 0.970970273 0.000000000
1980 0.971672118 0.028327884 0.000000000
1981 0.944118917 0.055881083 0.000000000
1982 0.991992950 0.008007055 0.000000000
1983 0.947832584 0.052167427 0.000000000
1984 0.938972235 0.061027735 0.000000000
1985 0.982258797 0.017741192 0.000000000
1986 1.000000000 0.000000000 0.000000000
1987 1.000000000 0.000000000 0.000000000
1988 1.000000000 0.000000000 0.000000000
1989 0.942138553 0.057861440 0.000000000
1990 1.000000000 0.000000000 0.000000000
1991 0.994312644 0.005687380 0.000000000
1992 0.965742230 0.034257758 0.000000000
1993 0.069072910 0.930927098 0.000000000
1994 0.884198248 0.115801759 0.000000000
1995 0.963100314 0.036899671 0.000000000
1996 0.954157472 0.045842513 0.000000000
1997 0.969277203 0.030722816 0.000000000
1998 0.907782197 0.092217833 0.000000000
1999 0.965844631 0.034155346 0.000000000
2000 0.992315710 0.007684286 0.000000000
2001 0.951242268 0.048757736 0.000000000
2002 0.961865246 0.038134780 0.000000000
2003 1.000000000 0.000000000 0.000000000
2004 1.000000000 0.000000000 0.000000000
2005 0.973389626 0.026610367 0.000000000
2006 1.000000000 0.000000000 0.000000000
2007 0.034380633 0.965619385 0.000000000
2008 0.947850883 0.052149095 0.000000000
2009 0.901292145 0.098707832 0.000000000
2010 0.925650597 0.074349381 0.000000000
2011 0.923871756 0.076128267 0.000000000
2012 0.965024769 0.034975253 0.000000000
2013 0.978354812 0.021645214 0.000000000
2014 0.892115355 0.107884645 0.000000000
2015 0.958457708 0.041542262 0.000000000
2016 0.973806798 0.026193196 0.000000000
2017 1.000000000 0.000000000 0.000000000
2018 0.924000859 0.075999163 0.000000000
2019 0.965465307 0.034534696 0.000000000
2020 0.919045985 0.080954000 0.000000000
2021 0.011759621 0.988240361 0.000000000
2022 0.959911227 0.040088795 0.000000000
2023 0.935963571 0.064036451 0.000000000
2024 0.932064652 0.067935355 0.000000000
2025 0.966441989 0.033557996 0.000000000
2026 0.871213257 0.128786728 0.000000000
2027 0.919584751 0.080415249 0.000000000
2028 0.879983246 0.120016724 0.000000000
2029 0.850535989 0.149463981 0.000000000
2030 0.890769005 0.109230973 0.000000000
2031 0.841318786 0.158681214 0.000000000
2032 0.918814480 0.081185542 0.000000000
2033 0.847269297 0.152730688 0.000000000
2034 0.912703514 0.087296493 0.000000000
2035 0.039000623 0.960999370 0.000000000
2036 0.853734434 0.146265537 0.000000000
2037 0.965266287 0.034733735 0.000000000
2038 0.844946980 0.155053005 0.000000000
2039 0.871823668 0.128176346 0.000000000
2040 0.783814669 0.216185331 0.000000000
2041 0.900920928 0.099079058 0.000000000
2042 0.831086695 0.168913335 0.000000000
2043 0.893121660 0.106878333 0.000000000
2044 0.839787483 0.160212502 0.000000000
2045 0.928848326 0.071151674 0.000000000
2046 0.898740172 0.101259805 0.000000000
2047 0.948312104 0.051687881 0.000000000
2048 0.959936738 0.040063284 0.000000000
2049 0.003862082 0.996137917 0.000000000
2050 0.913106501 0.086893506 0.000000000
2051 0.831890762 0.168109223 0.000000000
2052 0.842358053 0.157641932 0.000000000
2053 0.784568906 0.215431079 0.000000000
2054 0.766462326 0.233537674 0.000000000
2055 0.759008527 0.240991458 0.000000000
2056 0.781906486 0.218093529 0.000000000
2057 0.756825209 0.243174806 0.000000000
2058 0.811236382 0.188763618 0.000000000
2059 0.787463546 0.212536469 0.000000000
2060 0.811147571 0.188852400 0.000000000
2061 0.848480642 0.151519343 0.000000000
2062 0.828152001 0.171848014 0.000000000
2063 0.035947163 0.964052856 0.000000000
2064 0.625838578 0.374161422 0.000000000
2065 0.657287538 0.342712462 0.000000000
2066 0.615679383 0.384320647 0.000000000
2067 0.338091195 0.661908805 0.000000000
2068 0.308583140 0.691416860 0.000000000
2069 0.478325784 0.521674216 0.000000000
2070 0.324935645 0.675064325 0.000000000
2071 0.508166969 0.491833031 0.000000000
2072 0.350044966 0.649955034 0.000000000
2073 0.426287949 0.573712051 0.000000000
2074 0.433682621 0.566317379 0.000000000
2075 0.380101889 0.619898081 0.000000000
2076 0.557689190 0.442310840 0.000000000
2077 0.000000000 1.000000000 0.000000000
2078 0.329318404 0.670681596 0.000000000
2079 0.128244504 0.871755481 0.000000000
2080 0.068711311 0.931288719 0.000000000
2081 0.091918565 0.908081412 0.000000000
2082 0.179849505 0.820150495 0.000000000
2083 0.000290044 0.999709964 0.000000000
2084 0.219253942 0.780746043 0.000000000
2085 0.057513259 0.942486763 0.000000000
2086 0.124061964 0.875938058 0.000000000
2087 0.135023445 0.864976525 0.000000000
2088 0.117146015 0.882853985 0.000000000
2089 0.230980590 0.769019425 0.000000000
2090 0.119906150 0.880093873 0.000000000
2091 0.000000000 1.000000000 0.000000000
2092 0.000000000 1.000000000 0.000000000
2093 0.000000000 1.000000000 0.000000000
2094 0.000000000 1.000000000 0.000000000
2095 0.000000000 1.000000000 0.000000000
2096 0.000000000 1.000000000 0.000000000
2097 0.065056846 0.934943140 0.000000000
2098 0.000000000 1.000000000 0.000000000
2099 0.000000000 1.000000000 0.000000000
2100 0.000000000 1.000000000 0.000000000
2101 0.000000000 1.000000000 0.000000000
2102 0.000000000 1.000000000 0.000000000
2103 0.000000000 1.000000000 0.000000000
2104 0.000000000 1.000000000 0.000000000
2105 0.000000000 1.000000000 0.000000000
2106 0.000000000 0.573925853 0.426074147
2107 0.000000000 0.719538093 0.280461878
2108 0.000000000 0.821031928 0.178968087
2109 0.000000000 0.855644345 0.144355625
2110 0.000000000 0.866142213 0.133857787
2111 0.000000000 0.869532645 0.130467370
2112 0.000000000 0.823025584 0.176974431
2113 0.000000000 0.813022256 0.186977744
2114 0.000000000 0.835085928 0.164914086
2115 0.000000000 0.831605375 0.168394610
2116 0.000000000 0.822573304 0.177426666
2117 0.000000000 0.847600281 0.152399704
2118 0.000000000 0.797837615 0.202162370
2119 0.000000000 0.672268808 0.327731222
2120 0.000000000 0.504950345 0.495049655
2121 0.000000000 0.717100918 0.282899112
2122 0.000000000 0.711880505 0.288119495
2123 0.000000000 0.777666390 0.222333625
2124 0.000000000 0.771705031 0.228294969
2125 0.000000000 0.720846236 0.279153764
2126 0.000000000 0.700668275 0.299331695
2127 0.000000000 0.711038053 0.288961947
2128 0.000000000 0.761826754 0.238173246
2129 0.000000000 0.746174157 0.253825843
2130 0.000000000 0.689455926 0.310544074
2131 0.000000000 0.652533770 0.347466260
2132 0.000000000 0.718935430 0.281064570
2133 0.000000000 0.655690551 0.344309449
2134 0.000000000 0.239442796 0.760557175
2135 0.000000000 0.605073154 0.394926876
2136 0.000000000 0.640174866 0.359825104
2137 0.000000000 0.679226220 0.320773780
2138 0.000000000 0.638972223 0.361027777
2139 0.000000000 0.602245986 0.397754014
2140 0.000000000 0.580329359 0.419670641
2141 0.000000000 0.713545740 0.286454260
2142 0.000000000 0.685623825 0.314376175
2143 0.000000000 0.652164519 0.347835451
2144 0.000000000 0.648596048 0.351403952
2145 0.000000000 0.861175179 0.138824835
2146 0.000000000 0.794168651 0.205831349
2147 0.000000000 0.882694900 0.117305115
2148 0.000000000 0.419673890 0.580326140
2149 0.000000000 0.716919363 0.283080637
2150 0.000000000 0.727050841 0.272949159
2151 0.000000000 0.724590600 0.275409400
2152 0.000000000 0.733392835 0.266607136
2153 0.000000000 0.659524918 0.340475112
2154 0.000000000 0.816033781 0.183966234
2155 0.000000000 0.785523176 0.214476824
2156 0.000000000 0.741071403 0.258928627
2157 0.000000000 0.708194017 0.291805983
2158 0.000000000 0.895286262 0.104713708
2159 0.000000000 0.940921903 0.059078112
2160 0.000000000 0.998708665 0.001291338
2161 0.000000000 0.917960465 0.082039528
2162 0.000000000 0.410853714 0.589146316
2163 0.000000000 0.906228423 0.093771599
2164 0.000000000 0.934425890 0.065574102
2165 0.000000000 0.920799613 0.079200409
2166 0.000000000 0.884680927 0.115319096
2167 0.000000000 0.966941714 0.033058312
2168 0.000000000 0.948027194 0.051972799
2169 0.000000000 0.910717368 0.089282624
2170 0.000000000 0.909244061 0.090755917
2171 0.000000000 0.953718603 0.046281409
2172 0.000000000 0.950532019 0.049467999
2173 0.000000000 0.979422212 0.020577772
2174 0.000000000 0.957742631 0.042257398
2175 0.000000000 0.979841053 0.020158952
2176 0.000000000 0.537513018 0.462487012
2177 0.000000000 0.942512512 0.057487492
2178 0.000000000 0.899444282 0.100555733
2179 0.000000000 0.878247678 0.121752299
2180 0.000000000 0.950795650 0.049204368
2181 0.000000000 0.951226890 0.048773125
2182 0.000000000 0.923015118 0.076984875
2183 0.000000000 0.876420617 0.123579368
2184 0.000000000 0.944835067 0.055164907
2185 0.000000000 0.956454337 0.043545682
2186 0.000000000 1.000000000 0.000000000
2187 0.000000000 0.994649529 0.005350460
2188 0.000000000 1.000000000 0.000000000
2189 0.000000000 1.000000000 0.000000000
2190 0.000000000 0.582978904 0.417021096
2191 0.000000000 0.956831157 0.043168832
2192 0.000000000 0.966016948 0.033983037
2193 0.000000000 0.976251423 0.023748573
2194 0.000000000 0.957328618 0.042671371
2195 0.000000000 0.995478272 0.004521704
2196 0.000000000 0.925311327 0.074688680
2197 0.000000000 0.996259332 0.003740653
2198 0.000000000 0.963390887 0.036609124
2199 0.000000000 1.000000000 0.000000000
2200 0.000000000 1.000000000 0.000000000
2201 0.000000000 1.000000000 0.000000000
2202 0.000000000 1.000000000 0.000000000
2203 0.000000000 1.000000000 0.000000000
2204 0.000000000 0.562170506 0.437829524
2205 0.000000000 0.966750681 0.033249311
2206 0.000000000 0.989757538 0.010242480
2207 0.000000000 0.970610380 0.029389616
2208 0.000000000 0.999446809 0.000553165
2209 0.000000000 0.919241846 0.080758177
2210 0.000000000 1.000000000 0.000000000
2211 0.000000000 0.942319930 0.057680055
2212 0.000000000 1.000000000 0.000000000
2213 0.000000000 1.000000000 0.000000000
2214 0.000000000 1.000000000 0.000000000
2215 0.000000000 1.000000000 0.000000000
2216 0.000000000 0.999083340 0.000916643
2217 0.000000000 1.000000000 0.000000000
2218 0.000000000 0.646690845 0.353309155
2219 0.000000000 0.960483730 0.039516244
2220 0.000000000 0.966714621 0.033285398
2221 0.000000000 0.943288386 0.056711629
2222 0.000000000 0.915137589 0.084862441
2223 0.000000000 1.000000000 0.000000000
2224 0.000000000 1.000000000 0.000000000
2225 0.000000000 1.000000000 0.000000000
2226 0.000000000 1.000000000 0.000000000
2227 0.000000000 1.000000000 0.000000000
2228 0.000000000 1.000000000 0.000000000
2229 0.000000000 1.000000000 0.000000000
2230 0.000000000 1.000000000 0.000000000
2231 0.000000000 1.000000000 0.000000000
2232 0.000000000 0.652782679 0.347217321
2233 0.000000000 0.972700417 0.027299566
2234 0.000000000 1.000000000 0.000000000
2235 0.000000000 0.953132272 0.046867743
2236 0.000000000 1.000000000 0.000000000
2237 0.000000000 1.000000000 0.000000000
2238 0.000000000 1.000000000 0.000000000
2239 0.000000000 1.000000000 0.000000000
2240 0.000000000 0.996695101 0.003304890
2241 0.000000000 1.000000000 0.000000000
2242 0.000000000 1.000000000 0.000000000
2243 0.000000000 1.000000000 0.000000000
2244 0.000000000 1.000000000 0.000000000
2245 0.000000000 1.000000000 0.000000000
2246 0.000000000 0.580642223 0.419357777
2247 0.000000000 0.995314956 0.004685061
2248 0.000000000 0.942252696 0.057747312
2249 0.000000000 0.978125274 0.021874754
2250 0.000000000 0.969717860 0.030282147
2251 0.000000000 0.955702066 0.044297908
2252 0.000000000 1.000000000 0.000000000
2253 0.000000000 0.920650899 0.079349101
2254 0.000000000 0.951743603 0.048256412
2255 0.000000000 0.955259681 0.044740304
2256 0.000000000 0.934644103 0.065355904
2257 0.000000000 0.963386357 0.036613621
2258 0.000000000 0.970447779 0.029552242
2259 0.000000000 0.934197783 0.065802246
2260 0.000000000 0.543653429 0.456346601
2261 0.000000000 0.723598063 0.276401937
2262 0.000000000 0.750107706 0.249892280
2263 0.000000000 0.673716545 0.326283455
2264 0.000000000 0.762339532 0.237660483
2265 0.000000000 0.790211201 0.209788814
2266 0.000000000 0.756632268 0.243367717
2267 0.000000000 0.784489572 0.215510458
2268 0.000000000 0.788870513 0.211129472
2269 0.000000000 0.783213973 0.216786027
2270 0.000000000 0.657600641 0.342399359
2271 0.000000000 0.794594944 0.205405071
2272 0.000000000 0.772703826 0.227296159
2273 0.000000000 0.840968013 0.159032002
2274 0.000000000 0.538609982 0.461390048
2275 0.000000000 0.060385223 0.939614773
2276 0.000000000 0.424182743 0.575817227
2277 0.000000000 0.561437786 0.438562244
2278 0.000000000 0.637740970 0.362259030
2279 0.000000000 0.719639122 0.280360907
2280 0.000000000 0.724497378 0.275502622
2281 0.000000000 0.710193813 0.289806187
2282 0.000000000 0.725683331 0.274316669
2283 0.000000000 0.735740781 0.264259249
2284 0.000000000 0.678070784 0.321929216
2285 0.000000000 0.712922931 0.287077039
2286 0.000000000 0.752925932 0.247074038
2287 0.000000000 0.784467041 0.215532944
2288 0.000000000 0.530069470 0.469930559
2289 0.000000000 0.168710336 0.831289649
2290 0.000000000 0.673334122 0.326665878
2291 0.000000000 0.695499063 0.304500937
2292 0.000000000 0.702107251 0.297892749
2293 0.000000000 0.760848761 0.239151224
2294 0.000000000 0.734370112 0.265629917
2295 0.000000000 0.742872179 0.257127821
2296 0.000000000 0.687984765 0.312015265
2297 0.000000000 0.705862045 0.294137955
2298 0.000000000 0.762003481 0.237996534
2299 0.000000000 0.651294470 0.348705500
2300 0.000000000 0.761087775 0.238912255
2301 0.000000000 0.473649830 0.526350141
2302 0.000000000 0.376069695 0.623930335
2303 0.000000000 0.108007945 0.891992033
2304 0.000000000 0.609483838 0.390516162
2305 0.000000000 0.694570303 0.305429697
2306 0.000000000 0.695524812 0.304475218
2307 0.000000000 0.684738219 0.315261811
2308 0.000000000 0.708783269 0.291216731
2309 0.000000000 0.671075165 0.328924835
2310 0.000000000 0.676919878 0.323080122
2311 0.000000000 0.752574801 0.247425199
2312 0.000000000 0.610707343 0.389292687
2313 0.000000000 0.704752266 0.295247763
2314 0.000000000 0.570066094 0.429933906
2315 0.000000000 0.469955921 0.530044079
2316 0.000000000 0.654383123 0.345616907
2317 0.000000000 0.028880209 0.971119761
2318 0.000000000 0.791696429 0.208303541
2319 0.000000000 0.734967411 0.265032589
2320 0.000000000 0.819691181 0.180308819
2321 0.000000000 0.838582814 0.161417201
2322 0.000000000 0.840795040 0.159204930
2323 0.000000000 0.814346135 0.185653865
2324 0.000000000 0.904660046 0.095339954
2325 0.000000000 0.782428741 0.217571229
2326 0.000000000 0.786843777 0.213156223
2327 0.000000000 0.500767291 0.499232709
2328 0.000000000 0.580701053 0.419298947
2329 0.000000000 0.619341195 0.380658805
2330 0.000000000 0.559160233 0.440839767
2331 0.000000000 0.157916948 0.842083037
2332 0.000000000 0.877641022 0.122358993
2333 0.000000000 0.957414091 0.042585913
2334 0.000000000 0.837004304 0.162995666
2335 0.000000000 0.926098943 0.073901072
2336 0.000000000 0.899729967 0.100270033
2337 0.000000000 0.962104201 0.037895795
2338 0.000000000 0.875574470 0.124425538
2339 0.000000000 0.810652852 0.189347178
2340 0.000000000 0.870611548 0.129388452
2341 0.000000000 0.839928746 0.160071254
2342 0.000000000 0.934456170 0.065543830
2343 0.000000000 0.826390684 0.173609301
2344 0.000000000 0.933399498 0.066600479
2345 0.000000000 0.165865645 0.834134340
2346 0.000000000 0.973885477 0.026114501
2347 0.000000000 0.941397130 0.058602866
2348 0.000000000 0.970799387 0.029200641
2349 0.000000000 0.994239688 0.005760316
2350 0.000000000 0.982611239 0.017388746
2351 0.000000000 0.868176281 0.131823748
2352 0.000000000 0.808020711 0.191979304
2353 0.000000000 0.893965304 0.106034711
2354 0.000000000 0.913342237 0.086657785
2355 0.000000000 0.916606724 0.083393291
2356 0.000000000 0.889362097 0.110637888
2357 0.000000000 0.920177996 0.079822034
2358 0.000000000 0.930060804 0.069939226
2359 0.000000000 0.227623388 0.772376597
2360 0.000000000 0.949963868 0.050036114
2361 0.000000000 0.931889951 0.068110064
2362 0.000000000 0.958438516 0.041561466
2363 0.000000000 1.000000000 0.000000000
2364 0.000000000 0.915299773 0.084700227
2365 0.000000000 0.930667341 0.069332637
2366 0.000000000 0.918896079 0.081103928
2367 0.000000000 0.943438828 0.056561146
2368 0.000000000 0.957460642 0.042539351
2369 0.000000000 0.993417561 0.006582456
2370 0.000000000 0.974045992 0.025954021
2371 0.000000000 1.000000000 0.000000000
2372 0.000000000 1.000000000 0.000000000
2373 0.000000000 0.223004803 0.776995182
2374 0.000000000 0.959187448 0.040812533
2375 0.000000000 1.000000000 0.000000000
2376 0.000000000 0.982387900 0.017612102
2377 0.000000000 0.963227689 0.036772329
2378 0.000000000 0.958834052 0.041165959
2379 0.000000000 0.911350548 0.088649444
2380 0.000000000 0.873364985 0.126635015
2381 0.000000000 0.957443178 0.042556848
2382 0.000000000 0.956446469 0.043553520
2383 0.000000000 0.945167243 0.054832745
2384 0.000000000 0.970291674 0.029708330
2385 0.000000000 0.933214247 0.066785753
2386 0.000000000 0.925529063 0.074470945
2387 0.000000000 0.124828145 0.875171840
2388 0.000000000 0.974880636 0.025119374
2389 0.000000000 1.000000000 0.000000000
2390 0.000000000 0.926985741 0.073014244
2391 0.000000000 0.911232531 0.088767476
2392 0.000000000 0.991751969 0.008248056
2393 0.000000000 1.000000000 0.000000000
2394 0.000000000 0.984359205 0.015640771
2395 0.000000000 1.000000000 0.000000000
2396 0.000000000 0.982773066 0.017226951
2397 0.000000000 0.996942699 0.003057302
2398 0.000000000 1.000000000 0.000000000
2399 0.000000000 0.996255279 0.003744735
2400 0.000000000 0.992011487 0.007988515
2401 0.000000000 0.126649141 0.873350859
2402 0.000000000 0.980903327 0.019096697
2403 0.000000000 0.953315377 0.046684612
2404 0.000000000 0.924329817 0.075670175
2405 0.000000000 0.451240033 0.548759997
2406 0.000000000 0.542475700 0.457524270
2407 0.000000000 0.558734477 0.441265523
2408 0.000000000 0.477395535 0.522604465
2409 0.000000000 0.588545620 0.411454350
2410 0.000000000 0.564195871 0.435804158
2411 0.000000000 0.768754601 0.231245384
2412 0.000000000 0.609169662 0.390830368
2413 0.000000000 0.571183085 0.428816915
2414 0.000000000 0.762021601 0.237978429
2415 0.000000000 0.042644493 0.957355499
2416 0.000000000 0.293484122 0.706515849
2417 0.000000000 0.305380523 0.694619477
2418 0.000000000 0.040430471 0.959569514
2419 0.000000000 0.108847037 0.891152978
2420 0.000000000 0.116982289 0.883017719
2421 0.000000000 0.138987407 0.861012578
2422 0.000000000 0.143562004 0.856437981
2423 0.000000000 0.072884656 0.927115321
2424 0.000000000 0.077092841 0.922907174
2425 0.000000000 0.129409805 0.870590210
2426 0.000000000 0.116357557 0.883642435
2427 0.000000000 0.177266017 0.822733998
2428 0.000000000 0.110887088 0.889112890
2429 0.000000000 0.039162938 0.960837066
2430 0.000000000 0.077409163 0.922590852
2431 0.000000000 0.115919590 0.884080410
2432 0.000000000 0.109417178 0.890582800
2433 0.000000000 0.105932504 0.894067466
2434 0.000000000 0.092780985 0.907218993
2435 0.000000000 0.093969762 0.906030238
2436 0.000000000 0.134281278 0.865718722
2437 0.000000000 0.129176006 0.870823979
2438 0.000000000 0.104406625 0.895593345
2439 0.000000000 0.135767579 0.864232421
2440 0.000000000 0.080635332 0.919364691
2441 0.000000000 0.105595738 0.894404292
2442 0.000000000 0.082114063 0.917885959
2443 0.000000000 0.059757955 0.940242052
2444 0.026077606 0.000000000 0.973922372
2445 0.797857523 0.011568056 0.190574408
2446 0.802081823 0.000000000 0.197918162
2447 0.742141962 0.034997899 0.222860143
2448 0.862588584 0.000000000 0.137411386
2449 0.855518401 0.000000000 0.144481599
2450 0.799229860 0.036968585 0.163801536
2451 0.845335543 0.000000000 0.154664442
2452 0.850913465 0.000000000 0.149086535
2453 0.871540964 0.000000000 0.128459007
2454 0.852657199 0.000000000 0.147342801
2455 0.839935482 0.000000000 0.160064489
2456 0.824266195 0.000000000 0.175733835
2457 0.762072504 0.015244178 0.222683325
2458 0.078438938 0.079929009 0.841632068
2459 0.785243154 0.000000000 0.214756817
2460 0.727418959 0.054272305 0.218308717
2461 0.809462070 0.001580357 0.188957572
2462 0.756270885 0.000000000 0.243729085
2463 0.734246612 0.037358992 0.228394419
2464 0.788544655 0.000000000 0.211455360
2465 0.774064600 0.000000000 0.225935414
2466 0.808597624 0.000000000 0.191402406
2467 0.806005836 0.016243076 0.177751064
2468 0.767193377 0.000000000 0.232806608
2469 0.715352893 0.047210258 0.237436831
2470 0.801370263 0.024143677 0.174486086
2471 0.775951624 0.015783664 0.208264709
2472 0.004268467 0.019310612 0.976420939
2473 0.728760123 0.034412157 0.236827716
2474 0.849618793 0.000000000 0.150381178
2475 0.781562388 0.000000000 0.218437597
2476 0.748798847 0.025771033 0.225430116
2477 0.803254664 0.000000000 0.196745336
2478 0.836667717 0.000000000 0.163332298
2479 0.862771511 0.000000000 0.137228489
2480 0.861557424 0.000000000 0.138442576
2481 0.821259499 0.006073649 0.172666833
2482 0.709971011 0.016789429 0.273239553
2483 0.825582027 0.000000000 0.174417973
2484 0.812198162 0.068183929 0.119617887
2485 0.868029892 0.027664363 0.104305714
2486 0.046671450 0.132372886 0.820955694
2487 0.895167828 0.054994848 0.049837328
2488 0.842067063 0.027300617 0.130632326
2489 0.859225750 0.029743014 0.111031249
2490 0.842676699 0.000000000 0.157323301
2491 0.919781923 0.000000000 0.080218047
2492 0.899923444 0.000000000 0.100076534
2493 0.891366780 0.033768706 0.074864492
2494 0.852433860 0.000000000 0.147566140
2495 0.782684803 0.073331133 0.143984064
2496 0.651850283 0.076728441 0.271421313
2497 0.762927771 0.052792929 0.184279278
2498 0.768329144 0.087015599 0.144655243
2499 0.722522020 0.017003562 0.260474414
2500 0.000000000 0.104387417 0.895612597
2501 0.825430810 0.010494368 0.164074808
2502 0.717059553 0.042140227 0.240800232
2503 0.769046545 0.031883478 0.199069977
2504 0.867527843 0.000000000 0.132472172
2505 0.806871116 0.000000000 0.193128869
2506 0.869609654 0.039268974 0.091121383
2507 0.805445790 0.005337998 0.189216226
2508 0.748241186 0.019921985 0.231836826
2509 0.683401108 0.133946851 0.182652041
2510 0.736602008 0.162738621 0.100659378
2511 0.676384866 0.223901570 0.099713549
2512 0.697572231 0.169371039 0.133056730
2513 0.692016542 0.259858817 0.048124634
2514 0.070597492 0.191937312 0.737465203
2515 0.653637826 0.213047773 0.133314431
2516 0.674810469 0.190985352 0.134204194
2517 0.782499552 0.098114155 0.119386271
2518 0.749022305 0.117877372 0.133100316
2519 0.801647007 0.128965408 0.069387607
2520 0.659760058 0.145142108 0.195097849
2521 0.663257182 0.177774698 0.158968151
2522 0.808231175 0.055952474 0.135816321
2523 0.885222435 0.074876986 0.039900593
2524 0.803925157 0.145905167 0.050169650
2525 0.851323426 0.061327424 0.087349132
2526 0.768671334 0.180196464 0.051132195
2527 0.821094990 0.055242933 0.123662084
2528 0.045050841 0.180517986 0.774431169
2529 0.727844000 0.239454210 0.032701794
2530 0.852240026 0.075517975 0.072241984
2531 0.858827412 0.090654194 0.050518397
2532 0.893965840 0.106034137 0.000000000
2533 0.737097561 0.138643101 0.124259338
2534 0.742210209 0.155264750 0.102525018
2535 0.664475918 0.240009904 0.095514193
2536 0.739494443 0.254125535 0.006380045
2537 0.656112671 0.328614742 0.015272567
2538 0.675504982 0.285372585 0.039122414
2539 0.701476097 0.240679488 0.057844419
2540 0.715281963 0.241348729 0.043369282
2541 0.706280529 0.224805713 0.068913795
2542 0.092919767 0.161850795 0.745229423
2543 0.779465020 0.184931755 0.035603233
2544 0.780323684 0.130323291 0.089353040
2545 0.761013627 0.208924741 0.030061629
2546 0.668929398 0.206568584 0.124502040
2547 0.607378662 0.253393918 0.139227405
2548 0.624556720 0.273395836 0.102047443
2549 0.626020849 0.346297294 0.027681857
2550 0.600493431 0.330407679 0.069098927
2551 0.613163829 0.351444542 0.035391647
2552 0.641618907 0.299103439 0.059277635
2553 0.648571014 0.306982964 0.044446025
2554 0.660489142 0.239828259 0.099682584
2555 0.640629709 0.297741205 0.061629076
2556 0.138386533 0.122979134 0.738634348
2557 0.600927532 0.295514256 0.103558235
2558 0.635250509 0.303151786 0.061597697
2559 0.541737854 0.334485471 0.123776682
2560 0.489027262 0.380961984 0.130010784
2561 0.399229854 0.584390342 0.016379813
2562 0.467638403 0.525834799 0.006526789
2563 0.394049793 0.563877225 0.042073023
2564 0.422496259 0.571951270 0.005552460
2565 0.483589053 0.516410947 0.000000000
2566 0.416537613 0.575901389 0.007560981
2567 0.420622259 0.574002683 0.005375023
2568 0.470381618 0.521492004 0.008126386
2569 0.502516329 0.497483641 0.000000000
2570 0.036194365 0.088866696 0.874938965
2571 0.440019369 0.559980631 0.000000000
2572 0.444672853 0.522950768 0.032376338
2573 0.265821815 0.675640762 0.058537439
2574 0.086348668 0.895411074 0.018240288
2575 0.165174082 0.810648024 0.024177911
2576 0.102851339 0.897148669 0.000000000
2577 0.066848502 0.933151484 0.000000000
2578 0.119749576 0.880250454 0.000000000
2579 0.135307103 0.864692926 0.000000000
2580 0.105884157 0.891558707 0.002557113
2581 0.177981809 0.822018206 0.000000000
2582 0.202380955 0.785233438 0.012385618
2583 0.261809528 0.738190472 0.000000000
2584 0.010519513 0.082093686 0.907386780
2585 0.093676895 0.800263286 0.106059842
2586 0.005262223 0.865707159 0.129030615
2587 0.052764647 0.787735701 0.159499630
2588 0.057616025 0.871895432 0.070488520
2589 0.021493556 0.897823632 0.080682799
2590 0.008535407 0.949878514 0.041586090
2591 0.049117424 0.909987390 0.040895212
2592 0.055840682 0.893198490 0.050960824
2593 0.051597383 0.832765102 0.115637518
2594 0.075011067 0.858556449 0.066432469
2595 0.103284076 0.864406109 0.032309823
2596 0.168998450 0.779438674 0.051562864
2597 0.087599412 0.876425982 0.035974607
2598 0.000000000 0.081418797 0.918581188
2599 0.000000000 0.690757811 0.309242159
2600 0.025022076 0.194123164 0.780854762
2601 0.032979820 0.148090661 0.818929493
2602 0.004410170 0.308822781 0.686767042
2603 0.016851021 0.257788777 0.725360215
2604 0.024267260 0.267940164 0.707792580
2605 0.000000000 0.148107827 0.851892173
2606 0.014700177 0.291586161 0.693713665
2607 0.032326542 0.314527482 0.653145969
2608 0.012999127 0.219692633 0.767308235
2609 0.000000000 0.193257466 0.806742549
2610 0.000000000 0.312687576 0.687312424
2611 0.038831726 0.355611026 0.605557263
2612 0.000000000 0.129051402 0.870948613
2613 0.000000000 0.051497228 0.948502779
2614 0.782458007 0.092057496 0.125484496
2615 0.868325233 0.071809851 0.059864920
2616 0.759885430 0.167137608 0.072976977
2617 0.904904366 0.095095612 0.000000000
2618 0.913213611 0.067863919 0.018922482
2619 0.802639008 0.109387137 0.087973870
2620 0.877531409 0.090516917 0.031951655
2621 0.846696556 0.098698020 0.054605395
2622 0.908708692 0.073058210 0.018233109
2623 0.858238280 0.127243444 0.014518293
2624 0.867949665 0.132050321 0.000000000
2625 0.834907055 0.165092960 0.000000000
2626 0.868357718 0.073823720 0.057818558
2627 0.119618505 0.044291899 0.836089611
2628 0.889416516 0.048823986 0.061759494
2629 0.757756054 0.133549407 0.108694509
2630 0.844882429 0.071721427 0.083396174
2631 0.818703532 0.078477561 0.102818884
2632 0.828920364 0.112078637 0.059000999
2633 0.872178912 0.098737843 0.029083259
2634 0.877249300 0.105423681 0.017327044
2635 0.860290527 0.046946015 0.092763431
2636 0.785267830 0.162734389 0.051997796
2637 0.809069753 0.123785205 0.067145035
2638 0.853625596 0.124308765 0.022065641
2639 0.763195395 0.183393463 0.053411122
2640 0.735977948 0.152562708 0.111459352
2641 0.037467897 0.151856944 0.810675144
2642 0.691375673 0.230437458 0.078186847
2643 0.803083837 0.132672340 0.064243816
2644 0.794098973 0.176459089 0.029441912
2645 0.764923871 0.156875104 0.078201011
2646 0.718504369 0.257861733 0.023633920
2647 0.768373966 0.174797639 0.056828380
2648 0.816342175 0.149563208 0.034094606
2649 0.717432320 0.237286165 0.045281548
2650 0.793380558 0.206619427 0.000000000
2651 0.814132094 0.173272848 0.012595044
2652 0.823772430 0.121877521 0.054350071
2653 0.851540446 0.107073389 0.041386150
2654 0.905756950 0.093668327 0.000574723
2655 0.056746259 0.082608499 0.860645235
2656 0.824093521 0.175906494 0.000000000
2657 0.783660591 0.203391746 0.012947659
2658 0.823273480 0.176726505 0.000000000
2659 0.786141098 0.213858888 0.000000000
2660 0.816350043 0.183649972 0.000000000
2661 0.866664231 0.133335784 0.000000000
2662 0.800296843 0.199703142 0.000000000
2663 0.852977991 0.147022039 0.000000000
2664 0.796350241 0.203649744 0.000000000
2665 0.806544006 0.150772661 0.042683356
2666 0.839527130 0.098330595 0.062142272
2667 0.871514142 0.128485858 0.000000000
2668 0.765160859 0.234839126 0.000000000
2669 0.000000000 0.104470052 0.895529926
2670 0.653619349 0.299208224 0.047172431
2671 0.683632076 0.308005691 0.008362208
2672 0.635622263 0.357355922 0.007021795
2673 0.705441177 0.283283442 0.011275402
2674 0.739937484 0.210298032 0.049764488
2675 0.705716252 0.281276673 0.013007106
2676 0.865984976 0.134015024 0.000000000
2677 0.753706694 0.238979086 0.007314234
2678 0.830668747 0.135950252 0.033380993
2679 0.871436417 0.095425755 0.033137843
2680 0.852778375 0.141266763 0.005954866
2681 0.774332285 0.203913942 0.021753807
2682 0.835879326 0.146204531 0.017916176
2683 0.000000000 0.101631016 0.898368955
2684 0.669501722 0.309367925 0.021130351
2685 0.651664436 0.348335564 0.000000000
2686 0.711768568 0.253696382 0.034535032
2687 0.745619595 0.252379119 0.002001250
2688 0.688178778 0.287305862 0.024515349
2689 0.775704682 0.208810896 0.015484408
2690 0.690059721 0.265605003 0.044335298
2691 0.893158615 0.106841385 0.000000000
2692 0.928485811 0.071514174 0.000000000
2693 0.823036671 0.176963314 0.000000000
2694 0.773370385 0.226629585 0.000000000
2695 0.847461700 0.152538285 0.000000000
2696 0.801732957 0.196002737 0.002264313
2697 0.000000000 0.153420925 0.846579075
2698 0.667007029 0.324512243 0.008480703
2699 0.695070982 0.275279492 0.029649533
2700 0.769649208 0.228227928 0.002122839
2701 0.687154889 0.274643213 0.038201891
2702 0.693863809 0.306136161 0.000000000
2703 0.678067923 0.321932048 0.000000000
2704 0.633000076 0.366999924 0.000000000
2705 0.630560637 0.369439363 0.000000000
2706 0.642803073 0.357196927 0.000000000
2707 0.517513812 0.482486188 0.000000000
2708 0.571189463 0.415767491 0.013043055
2709 0.583567977 0.406071723 0.010360264
2710 0.525019050 0.474980950 0.000000000
2711 0.000000000 0.103379242 0.896620750
2712 0.550035536 0.421539426 0.028425016
2713 0.633759975 0.366240025 0.000000000
2714 0.516884983 0.476105034 0.007009986
2715 0.532347560 0.467652440 0.000000000
2716 0.444605798 0.555394232 0.000000000
2717 0.658079982 0.341919988 0.000000000
2718 0.594710469 0.371745080 0.033544458
2719 0.561477482 0.405791372 0.032731146
2720 0.514188588 0.485811383 0.000000000
2721 0.574601531 0.382999569 0.042398918
2722 0.648998797 0.345845729 0.005155459
2723 0.559690833 0.434829980 0.005479191
2724 0.656740189 0.343259841 0.000000000
2725 0.028836451 0.067891039 0.903272510
2726 0.587586641 0.412413388 0.000000000
2727 0.504919648 0.495080352 0.000000000
2728 0.441496521 0.543838561 0.014664887
2729 0.390052438 0.609947562 0.000000000
2730 0.543685019 0.456315011 0.000000000
2731 0.534990966 0.465009004 0.000000000
2732 0.620894253 0.362399369 0.016706361
2733 0.361873537 0.638126433 0.000000000
2734 0.479354650 0.520645380 0.000000000
2735 0.441293716 0.558706284 0.000000000
2736 0.465853333 0.534146667 0.000000000
2737 0.549290359 0.450709671 0.000000000
2738 0.497690588 0.502309382 0.000000000
2739 0.009543012 0.138292149 0.852164865
2740 0.390061229 0.609938741 0.000000000
2741 0.357898444 0.642101586 0.000000000
2742 0.261146963 0.738853037 0.000000000
2743 0.112643093 0.887356877 0.000000000
2744 0.135683507 0.864316523 0.000000000
2745 0.186588690 0.813411295 0.000000000
2746 0.000000000 1.000000000 0.000000000
2747 0.154477745 0.845522225 0.000000000
2748 0.118655249 0.881344736 0.000000000
2749 0.128972635 0.871027350 0.000000000
2750 0.150903240 0.849096775 0.000000000
2751 0.177242547 0.822757483 0.000000000
2752 0.184710190 0.815289795 0.000000000
2753 0.000000000 0.190341920 0.809658110
2754 0.033083502 0.966916502 0.000000000
2755 0.000000000 0.987432361 0.012567610
2756 0.006929830 0.993070185 0.000000000
2757 0.000000000 0.996829152 0.003170838
2758 0.000000000 0.998807132 0.001192873
2759 0.000000000 1.000000000 0.000000000
2760 0.000000000 0.999705851 0.000294146
2761 0.000000000 1.000000000 0.000000000
2762 0.000000000 1.000000000 0.000000000
2763 0.011348182 0.988651812 0.000000000
2764 0.000000000 1.000000000 0.000000000
2765 0.000000000 1.000000000 0.000000000
2766 0.000000000 1.000000000 0.000000000
2767 0.000000000 0.227400124 0.772599876
2768 0.007279789 0.938173115 0.054547112
2769 0.000110336 0.359241575 0.640648067
2770 0.000000000 0.319037080 0.680962920
2771 0.006346541 0.314888060 0.678765416
2772 0.000000000 0.425625503 0.574374497
2773 0.037887290 0.357992709 0.604120016
2774 0.015701119 0.398448855 0.585850000
2775 0.025656864 0.321169704 0.653173447
2776 0.053784367 0.338856041 0.607359588
2777 0.039168734 0.260921031 0.699910223
2778 0.027138986 0.431508183 0.541352808
2779 0.000000000 0.452705771 0.547294259
2780 0.084856398 0.579579711 0.335563898
2781 0.063786075 0.235008627 0.701205313
2782 0.057148196 0.942851782 0.000000000
2783 0.940567970 0.059432000 0.000000000
2784 0.865176737 0.134823263 0.000000000
2785 0.967954874 0.032045145 0.000000000
2786 1.000000000 0.000000000 0.000000000
2787 0.910358131 0.089641847 0.000000000
2788 0.992667198 0.007332820 0.000000000
2789 0.973976374 0.026023617 0.000000000
2790 0.970930994 0.029068986 0.000000000
2791 1.000000000 0.000000000 0.000000000
2792 0.939688504 0.060311496 0.000000000
2793 1.000000000 0.000000000 0.000000000
2794 1.000000000 0.000000000 0.000000000
2795 1.000000000 0.000000000 0.000000000
2796 0.099305704 0.900694311 0.000000000
2797 0.874975383 0.125024647 0.000000000
2798 0.932032108 0.067967884 0.000000000
2799 0.991067231 0.008932744 0.000000000
2800 0.952643096 0.047356877 0.000000000
2801 0.988626182 0.011373839 0.000000000
2802 0.945702493 0.054297525 0.000000000
2803 0.980494738 0.019505285 0.000000000
2804 0.992298245 0.007701727 0.000000000
2805 0.947484970 0.052515041 0.000000000
2806 0.988682270 0.011317759 0.000000000
2807 1.000000000 0.000000000 0.000000000
2808 0.993069053 0.006930929 0.000000000
2809 1.000000000 0.000000000 0.000000000
2810 0.040757596 0.959242404 0.000000000
2811 0.833359838 0.166640162 0.000000000
2812 0.948697925 0.051302049 0.000000000
2813 0.868143916 0.131856114 0.000000000
2814 0.973066509 0.026933512 0.000000000
2815 0.877890348 0.122109666 0.000000000
2816 0.963264525 0.036735456 0.000000000
2817 0.974371672 0.025628338 0.000000000
2818 0.887172878 0.112827100 0.000000000
2819 0.943729579 0.056270398 0.000000000
2820 0.957238317 0.042761695 0.000000000
2821 1.000000000 0.000000000 0.000000000
2822 1.000000000 0.000000000 0.000000000
2823 1.000000000 0.000000000 0.000000000
2824 0.076897174 0.923102856 0.000000000
2825 1.000000000 0.000000000 0.000000000
2826 1.000000000 0.000000000 0.000000000
2827 1.000000000 0.000000000 0.000000000
2828 0.970500290 0.029499723 0.000000000
2829 1.000000000 0.000000000 0.000000000
2830 1.000000000 0.000000000 0.000000000
2831 1.000000000 0.000000000 0.000000000
2832 1.000000000 0.000000000 0.000000000
2833 1.000000000 0.000000000 0.000000000
2834 1.000000000 0.000000000 0.000000000
2835 1.000000000 0.000000000 0.000000000
2836 1.000000000 0.000000000 0.000000000
2837 1.000000000 0.000000000 0.000000000
2838 0.007784295 0.992215693 0.000000000
2839 0.940060198 0.059939802 0.000000000
2840 0.886606157 0.113393851 0.000000000
2841 0.838306963 0.161693051 0.000000000
2842 0.940075874 0.059924122 0.000000000
2843 1.000000000 0.000000000 0.000000000
2844 0.924052477 0.075947545 0.000000000
2845 1.000000000 0.000000000 0.000000000
2846 1.000000000 0.000000000 0.000000000
2847 1.000000000 0.000000000 0.000000000
2848 0.998790801 0.001209222 0.000000000
2849 1.000000000 0.000000000 0.000000000
2850 1.000000000 0.000000000 0.000000000
2851 1.000000000 0.000000000 0.000000000
2852 0.005271189 0.994728804 0.000000000
2853 0.872262776 0.127737194 0.000000000
2854 0.801894963 0.198105052 0.000000000
2855 0.844535947 0.155464023 0.000000000
2856 0.909222782 0.090777233 0.000000000
2857 0.843443871 0.156556115 0.000000000
2858 0.934177458 0.065822572 0.000000000
2859 0.877406240 0.122593753 0.000000000
2860 0.987991333 0.012008693 0.000000000
2861 0.997757018 0.002242995 0.000000000
2862 1.000000000 0.000000000 0.000000000
2863 1.000000000 0.000000000 0.000000000
2864 1.000000000 0.000000000 0.000000000
2865 0.991604805 0.008395177 0.000000000
2866 0.041214850 0.958785176 0.000000000
2867 0.773867905 0.226132095 0.000000000
2868 0.784310937 0.215689078 0.000000000
2869 0.840923429 0.159076586 0.000000000
2870 0.797484219 0.202515796 0.000000000
2871 0.821157992 0.178842023 0.000000000
2872 0.833821476 0.166178510 0.000000000
2873 0.824356258 0.175643772 0.000000000
2874 0.783213973 0.216786027 0.000000000
2875 0.825114310 0.174885675 0.000000000
2876 0.834465027 0.165534943 0.000000000
2877 0.804087520 0.195912480 0.000000000
2878 0.807127893 0.192872122 0.000000000
2879 0.876439869 0.123560145 0.000000000
2880 0.005803580 0.994196415 0.000000000
2881 0.624593139 0.375406861 0.000000000
2882 0.761860788 0.238139197 0.000000000
2883 0.659083128 0.340916902 0.000000000
2884 0.748724639 0.251275361 0.000000000
2885 0.653189898 0.346810132 0.000000000
2886 0.783805072 0.216194928 0.000000000
2887 0.757636189 0.242363825 0.000000000
2888 0.727192521 0.272807479 0.000000000
2889 0.729980111 0.270019919 0.000000000
2890 0.823139548 0.176860482 0.000000000
2891 0.826877892 0.173122078 0.000000000
2892 0.865243256 0.134756774 0.000000000
2893 0.828297734 0.171702296 0.000000000
2894 0.081745856 0.918254137 0.000000000
2895 0.721042514 0.278957516 0.000000000
2896 0.637774169 0.362225860 0.000000000
2897 0.640905380 0.359094650 0.000000000
2898 0.524122000 0.475878000 0.000000000
2899 0.700534165 0.299465865 0.000000000
2900 0.724751055 0.275248915 0.000000000
2901 0.684921801 0.315078229 0.000000000
2902 0.646813631 0.353186399 0.000000000
2903 0.742858112 0.257141888 0.000000000
2904 0.678668261 0.321331710 0.000000000
2905 0.774659574 0.225340426 0.000000000
2906 0.770157754 0.229842260 0.000000000
2907 0.741143882 0.258856118 0.000000000
2908 0.035036772 0.964963198 0.000000000
2909 0.462114781 0.537885189 0.000000000
2910 0.474679112 0.525320888 0.000000000
2911 0.334410578 0.665589452 0.000000000
2912 0.444012612 0.555987358 0.000000000
2913 0.458116472 0.541883528 0.000000000
2914 0.358570307 0.641429722 0.000000000
2915 0.370535731 0.629464269 0.000000000
2916 0.512506783 0.487493187 0.000000000
2917 0.429961592 0.570038378 0.000000000
2918 0.459913820 0.540086210 0.000000000
2919 0.447629541 0.552370489 0.000000000
2920 0.501289368 0.498710632 0.000000000
2921 0.573092878 0.426907122 0.000000000
2922 0.000000000 1.000000000 0.000000000
2923 0.255263209 0.744736791 0.000000000
2924 0.119579516 0.880420506 0.000000000
2925 0.108700164 0.891299844 0.000000000
2926 0.180408150 0.819591820 0.000000000
2927 0.108548515 0.891451478 0.000000000
2928 0.074812658 0.925187349 0.000000000
2929 0.209229454 0.790770531 0.000000000
2930 0.153821081 0.846178949 0.000000000
2931 0.171749175 0.828250825 0.000000000
2932 0.176499009 0.823500991 0.000000000
2933 0.270772815 0.729227185 0.000000000
2934 0.237953037 0.762046933 0.000000000
2935 0.209391385 0.790608644 0.000000000
2936 0.009763096 0.990236878 0.000000000
2937 0.000000000 1.000000000 0.000000000
2938 0.000000000 1.000000000 0.000000000
2939 0.000000000 1.000000000 0.000000000
2940 0.000000000 1.000000000 0.000000000
2941 0.000000000 1.000000000 0.000000000
2942 0.000000000 1.000000000 0.000000000
2943 0.000000000 1.000000000 0.000000000
2944 0.000000000 1.000000000 0.000000000
2945 0.000000000 1.000000000 0.000000000
2946 0.000000000 1.000000000 0.000000000
2947 0.000000000 1.000000000 0.000000000
2948 0.000000000 1.000000000 0.000000000
2949 0.000000000 1.000000000 0.000000000
2950 0.000000000 1.000000000 0.000000000
2951 0.000000000 1.000000000 0.000000000
2952 1.000000000 0.000000000 0.000000000
2953 1.000000000 0.000000000 0.000000000
2954 1.000000000 0.000000000 0.000000000
2955 1.000000000 0.000000000 0.000000000
2956 1.000000000 0.000000000 0.000000000
2957 1.000000000 0.000000000 0.000000000
2958 1.000000000 0.000000000 0.000000000
2959 1.000000000 0.000000000 0.000000000
2960 1.000000000 0.000000000 0.000000000
2961 1.000000000 0.000000000 0.000000000
2962 1.000000000 0.000000000 0.000000000
2963 1.000000000 0.000000000 0.000000000
2964 1.000000000 0.000000000 0.000000000
2965 0.038224250 0.961775780 0.000000000
2966 0.986497760 0.013502228 0.000000000
2967 0.976705730 0.023294272 0.000000000
2968 0.960096359 0.039903615 0.000000000
2969 1.000000000 0.000000000 0.000000000
2970 1.000000000 0.000000000 0.000000000
2971 0.980353236 0.019646782 0.000000000
2972 0.974190116 0.025809890 0.000000000
2973 0.996645689 0.003354320 0.000000000
2974 0.978065610 0.021934390 0.000000000
2975 1.000000000 0.000000000 0.000000000
2976 0.948590875 0.051409096 0.000000000
2977 0.962181866 0.037818160 0.000000000
2978 1.000000000 0.000000000 0.000000000
2979 0.000296651 0.999703348 0.000000000
2980 0.953786075 0.046213914 0.000000000
2981 0.991507292 0.008492680 0.000000000
2982 1.000000000 0.000000000 0.000000000
2983 1.000000000 0.000000000 0.000000000
2984 0.954012871 0.045987125 0.000000000
2985 1.000000000 0.000000000 0.000000000
2986 1.000000000 0.000000000 0.000000000
2987 1.000000000 0.000000000 0.000000000
2988 1.000000000 0.000000000 0.000000000
2989 0.936553538 0.063446440 0.000000000
2990 1.000000000 0.000000000 0.000000000
2991 1.000000000 0.000000000 0.000000000
2992 1.000000000 0.000000000 0.000000000
2993 0.000000000 1.000000000 0.000000000
2994 0.966532052 0.033467930 0.000000000
2995 0.932935119 0.067064852 0.000000000
2996 0.993222415 0.006777598 0.000000000
2997 0.915179789 0.084820181 0.000000000
2998 0.938950419 0.061049569 0.000000000
2999 0.966235161 0.033764824 0.000000000
3000 0.978628278 0.021371696 0.000000000
3001 0.994560063 0.005439949 0.000000000
3002 0.942861259 0.057138726 0.000000000
3003 0.985817134 0.014182869 0.000000000
3004 1.000000000 0.000000000 0.000000000
3005 1.000000000 0.000000000 0.000000000
3006 0.998827755 0.001172267 0.000000000
3007 0.046032857 0.953967154 0.000000000
3008 0.898876846 0.101123162 0.000000000
3009 0.856223524 0.143776447 0.000000000
3010 0.860644102 0.139355913 0.000000000
3011 0.935308874 0.064691111 0.000000000
3012 0.893871605 0.106128365 0.000000000
3013 0.972783387 0.027216617 0.000000000
3014 0.966637433 0.033362564 0.000000000
3015 0.880926311 0.119073667 0.000000000
3016 0.948741496 0.051258482 0.000000000
3017 1.000000000 0.000000000 0.000000000
3018 1.000000000 0.000000000 0.000000000
3019 0.915855825 0.084144160 0.000000000
3020 1.000000000 0.000000000 0.000000000
3021 0.000000000 1.000000000 0.000000000
3022 0.790798545 0.209201440 0.000000000
3023 0.761873901 0.238126099 0.000000000
3024 0.750108302 0.249891683 0.000000000
3025 0.846856296 0.153143689 0.000000000
3026 0.795571864 0.204428136 0.000000000
3027 0.858006418 0.141993552 0.000000000
3028 0.688913047 0.311086953 0.000000000
3029 0.931175768 0.068824247 0.000000000
3030 1.000000000 0.000000000 0.000000000
3031 1.000000000 0.000000000 0.000000000
3032 0.959085703 0.040914316 0.000000000
3033 1.000000000 0.000000000 0.000000000
3034 0.945654511 0.054345511 0.000000000
3035 0.000000000 1.000000000 0.000000000
3036 0.828266144 0.171733856 0.000000000
3037 0.795398414 0.204601556 0.000000000
3038 0.898893595 0.101106383 0.000000000
3039 0.879927576 0.120072447 0.000000000
3040 0.879260182 0.120739803 0.000000000
3041 0.743900537 0.256099492 0.000000000
3042 0.876623988 0.123376019 0.000000000
3043 0.890460253 0.109539747 0.000000000
3044 0.881737590 0.118262380 0.000000000
3045 0.873406172 0.126593843 0.000000000
3046 0.861277997 0.138722017 0.000000000
3047 0.836798906 0.163201094 0.000000000
3048 0.828245699 0.171754271 0.000000000
3049 0.000000000 1.000000000 0.000000000
3050 0.703982949 0.296017081 0.000000000
3051 0.767994583 0.232005447 0.000000000
3052 0.723704517 0.276295483 0.000000000
3053 0.747611701 0.252388328 0.000000000
3054 0.604658544 0.395341456 0.000000000
3055 0.932265282 0.067734733 0.000000000
3056 0.943598866 0.056401145 0.000000000
3057 1.000000000 0.000000000 0.000000000
3058 0.848448098 0.151551917 0.000000000
3059 1.000000000 0.000000000 0.000000000
3060 0.930716455 0.069283560 0.000000000
3061 0.921631038 0.078368969 0.000000000
3062 0.973710954 0.026289064 0.000000000
3063 0.000000000 1.000000000 0.000000000
3064 0.868140101 0.131859899 0.000000000
3065 0.826469719 0.173530266 0.000000000
3066 0.826038122 0.173961878 0.000000000
3067 0.513322771 0.486677229 0.000000000
3068 0.861575246 0.138424769 0.000000000
3069 0.811789870 0.188210145 0.000000000
3070 0.896905065 0.103094928 0.000000000
3071 0.717572629 0.282427341 0.000000000
3072 0.827978373 0.172021627 0.000000000
3073 0.743771434 0.256228566 0.000000000
3074 0.839672089 0.160327896 0.000000000
3075 0.862520278 0.137479722 0.000000000
3076 0.779966474 0.220033512 0.000000000
3077 0.000000000 1.000000000 0.000000000
3078 0.697300792 0.302699178 0.000000000
3079 0.692148149 0.307851881 0.000000000
3080 0.463084728 0.536915243 0.000000000
3081 0.407523841 0.592476130 0.000000000
3082 0.444392711 0.555607259 0.000000000
3083 0.589818478 0.410181552 0.000000000
3084 0.280456483 0.719543517 0.000000000
3085 0.541614234 0.458385766 0.000000000
3086 0.393600196 0.606399834 0.000000000
3087 0.485801101 0.514198899 0.000000000
3088 0.506778777 0.493221223 0.000000000
3089 0.442321956 0.557678044 0.000000000
3090 0.546839356 0.453160673 0.000000000
3091 0.000000000 1.000000000 0.000000000
3092 0.248932481 0.751067519 0.000000000
3093 0.071956754 0.928043246 0.000000000
3094 0.284223497 0.715776503 0.000000000
3095 0.283556700 0.716443300 0.000000000
3096 0.388405442 0.611594558 0.000000000
3097 0.150132686 0.849867284 0.000000000
3098 0.418060243 0.581939757 0.000000000
3099 0.259568006 0.740432024 0.000000000
3100 0.353771478 0.646228492 0.000000000
3101 0.350583285 0.649416745 0.000000000
3102 0.315872431 0.684127569 0.000000000
3103 0.429051369 0.570948601 0.000000000
3104 0.358417124 0.641582906 0.000000000
3105 0.000000000 1.000000000 0.000000000
3106 0.000000000 1.000000000 0.000000000
3107 0.000000000 1.000000000 0.000000000
3108 0.000000000 1.000000000 0.000000000
3109 0.014254950 0.985745072 0.000000000
3110 0.000000000 1.000000000 0.000000000
3111 0.050518010 0.949481964 0.000000000
3112 0.000000000 1.000000000 0.000000000
3113 0.000000000 1.000000000 0.000000000
3114 0.039366789 0.960633218 0.000000000
3115 0.025936937 0.974063039 0.000000000
3116 0.031943694 0.968056321 0.000000000
3117 0.000000000 1.000000000 0.000000000
3118 0.003049959 0.996950030 0.000000000
3119 0.000000000 1.000000000 0.000000000
3120 0.000000000 0.438008994 0.561991036
3121 0.000000000 0.414578885 0.585421145
3122 0.000000000 0.404603153 0.595396817
3123 0.000000000 0.426569760 0.573430240
3124 0.000000000 0.403435886 0.596564114
3125 0.000000000 0.495366782 0.504633188
3126 0.000000000 0.473411441 0.526588559
3127 0.000000000 0.468860537 0.531139433
3128 0.000000000 0.486621588 0.513378382
3129 0.000000000 0.606443703 0.393556297
3130 0.000000000 0.611459196 0.388540804
3131 0.000000000 0.535179555 0.464820445
3132 0.000000000 0.487389326 0.512610674
3133 0.000000000 0.159557715 0.840442300
3134 0.000000000 0.471033931 0.528966069
3135 0.000000000 0.213566363 0.786433637
3136 0.000000000 0.072254255 0.927745759
3137 0.000000000 0.123325676 0.876674354
3138 0.000000000 0.159674928 0.840325058
3139 0.000000000 0.218629450 0.781370580
3140 0.000000000 0.272706658 0.727293372
3141 0.000000000 0.150745347 0.849254668
3142 0.000000000 0.319734007 0.680266023
3143 0.000000000 0.317037612 0.682962358
3144 0.000000000 0.186710030 0.813290000
3145 0.000000000 0.160629258 0.839370728
3146 0.000000000 0.058803406 0.941196620
3147 0.000000000 0.326213211 0.673786759
3148 0.000000000 0.311793149 0.688206851
3149 0.000000000 0.000000000 1.000000000
3150 0.000000000 0.042586178 0.957413793
3151 0.000000000 0.051937312 0.948062718
3152 0.000000000 0.056290790 0.943709195
3153 0.000000000 0.038779423 0.961220562
3154 0.000000000 0.017916782 0.982083201
3155 0.000000000 0.132327154 0.867672861
3156 0.000000000 0.145135358 0.854864657
3157 0.000000000 0.001315805 0.998684168
3158 0.000000000 0.005123685 0.994876325
3159 0.000000000 0.267111540 0.732888460
3160 0.000000000 0.548187613 0.451812357
3161 0.000000000 0.312364519 0.687635481
3162 0.000000000 0.321600348 0.678399622
3163 0.000000000 0.242971674 0.757028341
3164 0.000000000 0.281191140 0.718808830
3165 0.000000000 0.280325055 0.719674945
3166 0.000000000 0.182657883 0.817342103
3167 0.000000000 0.213551834 0.786448181
3168 0.000000000 0.385306507 0.614693463
3169 0.000000000 0.351115823 0.648884177
3170 0.000000000 0.241775632 0.758224368
3171 0.000000000 0.227760449 0.772239566
3172 0.000000000 0.364793986 0.635206044
3173 0.000000000 0.676680505 0.323319495
3174 0.000000000 0.486354589 0.513645411
3175 0.000000000 0.338644743 0.661355257
3176 0.000000000 0.148675531 0.851324499
3177 0.000000000 0.274946123 0.725053906
3178 0.000000000 0.358375758 0.641624212
3179 0.000000000 0.296398818 0.703601182
3180 0.000000000 0.297123462 0.702876568
3181 0.000000000 0.554458857 0.445541173
3182 0.000000000 0.359429359 0.640570641
3183 0.000000000 0.410218626 0.589781404
3184 0.000000000 0.211042494 0.788957477
3185 0.000000000 0.323158771 0.676841259
3186 0.000000000 0.517010391 0.482989639
3187 0.000000000 0.370936513 0.629063487
3188 0.000000000 0.209940776 0.790059209
3189 0.000000000 0.346978664 0.653021336
3190 0.000000000 0.334304839 0.665695190
3191 0.000000000 0.262912154 0.737087846
3192 0.000000000 0.278112739 0.721887290
3193 0.000000000 0.280861676 0.719138324
3194 0.000000000 0.365487397 0.634512603
3195 0.000000000 0.311287671 0.688712358
3196 0.000000000 0.364874214 0.635125756
3197 0.000000000 0.263840228 0.736159801
3198 0.000000000 0.787741184 0.212258816
3199 0.000000000 0.785096526 0.214903489
3200 0.000000000 0.827968121 0.172031865
3201 0.000000000 0.771149278 0.228850752
3202 0.000000000 0.715163410 0.284836620
3203 0.000000000 0.721934557 0.278065473
3204 0.000000000 0.352796525 0.647203445
3205 0.000000000 0.702471614 0.297528386
3206 0.000000000 0.573560417 0.426439553
3207 0.000000000 0.816660404 0.183339596
3208 0.000000000 0.736443102 0.263556868
3209 0.000000000 0.812164843 0.187835157
3210 0.000000000 0.710203767 0.289796233
3211 0.000000000 0.738745749 0.261254251
3212 0.000000000 0.765465975 0.234534040
3213 0.000000000 0.781415820 0.218584180
3214 0.000000000 0.678688228 0.321311802
3215 0.000000000 0.590360940 0.409639031
3216 0.000000000 0.676913798 0.323086202
3217 0.000000000 0.669725418 0.330274582
3218 0.000000000 0.301727146 0.698272884
3219 0.000000000 0.567992508 0.432007521
3220 0.000000000 0.778960824 0.221039191
3221 0.000000000 0.736559272 0.263440698
3222 0.000000000 0.683589637 0.316410333
3223 0.000000000 0.650014222 0.349985808
3224 0.000000000 0.682671905 0.317328125
3225 0.000000000 0.786957681 0.213042319
3226 0.000000000 0.709270120 0.290729910
3227 0.000000000 0.601372063 0.398627937
3228 0.000000000 0.583620310 0.416379690
3229 0.000000000 0.609032035 0.390967965
3230 0.000000000 0.625353396 0.374646634
3231 0.000000000 0.620423555 0.379576415
3232 0.000000000 0.309761941 0.690238059
3233 0.000000000 0.655781448 0.344218522
3234 0.000000000 0.634513617 0.365486354
3235 0.000000000 0.574993610 0.425006360
3236 0.000000000 0.484141916 0.515858054
3237 0.000000000 0.963071287 0.036928691
3238 0.000000000 0.888090193 0.111909807
3239 0.000000000 0.958408415 0.041591555
3240 0.000000000 0.922822654 0.077177353
3241 0.000000000 0.950875223 0.049124759
3242 0.000000000 0.946305871 0.053694103
3243 0.000000000 0.946649194 0.053350784
3244 0.000000000 0.918670177 0.081329845
3245 0.000000000 0.889143765 0.110856250
3246 0.000000000 0.430741906 0.569258094
3247 0.000000000 0.894905627 0.105094373
3248 0.000000000 0.921135545 0.078864433
3249 0.000000000 0.888844609 0.111155368
3250 0.000000000 0.965455592 0.034544427
3251 0.000000000 0.955341756 0.044658251
3252 0.000000000 0.906722248 0.093277752
3253 0.000000000 0.955231667 0.044768330
3254 0.000000000 0.872640610 0.127359405
3255 0.000000000 0.889909327 0.110090658
3256 0.000000000 0.914915621 0.085084394
3257 0.000000000 0.852718532 0.147281468
3258 0.000000000 0.835692763 0.164307237
3259 0.000000000 0.945326984 0.054672990
3260 0.000000000 0.238769442 0.761230588
3261 0.000000000 0.913300455 0.086699538
3262 0.000000000 0.810340285 0.189659715
3263 0.000000000 0.983359635 0.016640348
3264 0.000000000 0.936218500 0.063781530
3265 0.000000000 0.989071965 0.010928052
3266 0.000000000 0.996491849 0.003508127
3267 0.000000000 0.862840593 0.137159407
3268 0.000000000 0.910825074 0.089174904
3269 0.000000000 0.967501342 0.032498639
3270 0.000000000 0.921446025 0.078553952
3271 0.000000000 0.917810202 0.082189798
3272 0.000000000 0.960915685 0.039084338
3273 0.000000000 0.942226529 0.057773475
3274 0.000000000 0.314240873 0.685759127
3275 0.000000000 0.795044780 0.204955235
3276 0.000000000 0.394871265 0.605128765
3277 0.000000000 0.400128782 0.599871218
3278 0.000000000 0.359903395 0.640096605
3279 0.000000000 0.375986278 0.624013722
3280 0.000000000 0.278918207 0.721081793
3281 0.000000000 0.229771465 0.770228565
3282 0.000000000 0.396681309 0.603318691
3283 0.000000000 0.310488611 0.689511359
3284 0.000000000 0.230458111 0.769541860
3285 0.000000000 0.475391775 0.524608254
3286 0.000000000 0.361244410 0.638755620
3287 0.000000000 0.453859121 0.546140850
3288 0.000000000 0.142722368 0.857277632
3289 0.000000000 0.100394480 0.899605513
3290 0.000000000 0.238445580 0.761554420
3291 0.000000000 0.373969167 0.626030862
3292 0.000000000 0.382419467 0.617580533
3293 0.000000000 0.479543477 0.520456493
3294 0.000000000 0.273003280 0.726996720
3295 0.000000000 0.366858125 0.633141875
3296 0.000000000 0.357341051 0.642658949
3297 0.000000000 0.348786801 0.651213229
3298 0.000000000 0.315727234 0.684272766
3299 0.000000000 0.332519084 0.667480886
3300 0.000000000 0.331531137 0.668468893
3301 0.000000000 0.400899261 0.599100769
3302 0.000000000 0.324054837 0.675945163
3303 0.000000000 0.001846903 0.998153090
3304 0.000000000 0.395297974 0.604702055
3305 0.000000000 0.353265762 0.646734238
3306 0.000000000 0.447921693 0.552078307
3307 0.000000000 0.339901060 0.660098910
3308 0.000000000 0.361379623 0.638620377
3309 0.000000000 0.394218534 0.605781496
3310 0.000000000 0.281521887 0.718478084
3311 0.000000000 0.466064602 0.533935428
3312 0.000000000 0.373182714 0.626817286
3313 0.000000000 0.370937824 0.629062176
3314 0.000000000 0.335948825 0.664051175
3315 0.000000000 0.396502554 0.603497446
3316 0.000000000 0.200157642 0.799842358
3317 0.000000000 0.105605923 0.894394100
3318 0.000000000 0.377096206 0.622903764
3319 0.000000000 0.370347142 0.629652858
3320 0.000000000 0.401968986 0.598031044
3321 0.000000000 0.414775759 0.585224271
3322 0.000000000 0.419784844 0.580215156
3323 0.000000000 0.347033113 0.652966917
3324 0.000000000 0.461502880 0.538497150
3325 0.000000000 0.491156995 0.508843005
3326 0.000000000 0.356619567 0.643380404
3327 0.000000000 0.387164086 0.612835884
3328 0.000000000 0.649778068 0.350221932
3329 0.000000000 0.576099157 0.423900813
3330 0.000000000 0.671999097 0.328000903
3331 0.000000000 0.124557257 0.875442743
3332 0.000000000 0.601119816 0.398880184
3333 0.000000000 0.517199934 0.482800096
3334 0.000000000 0.610473335 0.389526635
3335 0.000000000 0.638351858 0.361648142
3336 0.000000000 0.607092440 0.392907560
3337 0.000000000 0.690500796 0.309499204
3338 0.000000000 0.675521076 0.324478924
3339 0.000000000 0.614295185 0.385704815
3340 0.000000000 0.521814346 0.478185624
3341 0.000000000 0.620873332 0.379126638
3342 0.000000000 0.692286253 0.307713747
3343 0.000000000 0.742633760 0.257366240
3344 0.000000000 0.724069774 0.275930196
3345 0.000000000 0.072076321 0.927923679
3346 0.000000000 0.759811342 0.240188658
3347 0.000000000 0.842674911 0.157325074
3348 0.000000000 0.845057786 0.154942200
3349 0.000000000 0.710975885 0.289024115
3350 0.000000000 0.883115530 0.116884492
3351 0.000000000 0.829173803 0.170826167
3352 0.000000000 0.728343546 0.271656483
3353 0.000000000 0.609460056 0.390539914
3354 0.000000000 0.620340407 0.379659593
3355 0.000000000 0.596359491 0.403640509
3356 0.000000000 0.599634886 0.400365144
3357 0.000000000 0.615837038 0.384162933
3358 0.000000000 0.578701735 0.421298265
3359 0.000000000 0.000000000 1.000000000
3360 0.000000000 0.665597796 0.334402204
3361 0.000000000 0.676336825 0.323663205
3362 0.000000000 0.599945605 0.400054365
3363 0.000000000 0.751819015 0.248180985
3364 0.000000000 0.704007089 0.295992881
3365 0.000000000 0.697061181 0.302938789
3366 0.000000000 0.644343436 0.355656594
3367 0.000000000 0.825466931 0.174533054
3368 0.000000000 0.833502412 0.166497603
3369 0.000000000 0.861954451 0.138045534
3370 0.000000000 0.809239447 0.190760553
3371 0.000000000 0.838863254 0.161136732
3372 0.000000000 0.783043146 0.216956884
3373 0.000000000 0.060592741 0.939407289
3374 0.000000000 0.843496680 0.156503290
3375 0.000000000 0.725771487 0.274228483
3376 0.000000000 0.892005384 0.107994638
3377 0.000000000 0.837987244 0.162012756
3378 0.000000000 0.867612481 0.132387519
3379 0.000000000 0.817762136 0.182237849
3380 0.000000000 0.812937319 0.187062696
3381 0.000000000 0.836124539 0.163875476
3382 0.000000000 0.864003837 0.135996193
3383 0.000000000 0.833774805 0.166225210
3384 0.000000000 0.840404987 0.159595028
3385 0.000000000 0.915225804 0.084774189
3386 0.000000000 0.839778602 0.160221398
3387 0.000000000 0.102620184 0.897379816
3388 0.000000000 0.814607084 0.185392916
3389 0.000000000 0.924280167 0.075719818
3390 0.000000000 0.892494082 0.107505925
3391 0.000000000 0.865562439 0.134437561
3392 0.000000000 0.864610851 0.135389134
3393 0.000000000 0.899606645 0.100393355
3394 0.000000000 0.847783685 0.152216330
3395 0.000000000 0.961919129 0.038080897
3396 0.000000000 0.900740981 0.099258997
3397 0.000000000 0.968892753 0.031107277
3398 0.000000000 0.934753418 0.065246589
3399 0.000000000 0.857364297 0.142635688
3400 0.000000000 0.886293113 0.113706917
3401 0.000000000 0.000000000 1.000000000
3402 0.000000000 0.873672009 0.126327962
3403 0.000000000 0.900340497 0.099659480
3404 0.000000000 0.818909109 0.181090876
3405 0.000000000 0.796414912 0.203585073
3406 0.000000000 0.987806439 0.012193586
3407 0.000000000 0.937426507 0.062573470
3408 0.000000000 0.979311764 0.020688212
3409 0.000000000 0.957580984 0.042419005
3410 0.000000000 0.985912204 0.014087780
3411 0.000000000 0.923033655 0.076966353
3412 0.000000000 0.997817934 0.002182039
3413 0.000000000 0.961339533 0.038660467
3414 0.000000000 0.961109579 0.038890410
3415 0.000000000 0.035835426 0.964164555
3416 0.000000000 0.985886335 0.014113652
3417 0.000000000 1.000000000 0.000000000
3418 0.000000000 0.976204932 0.023795061
3419 0.000000000 0.940497637 0.059502337
3420 0.000000000 0.980428517 0.019571507
3421 0.000000000 1.000000000 0.000000000
3422 0.000000000 0.930168092 0.069831930
3423 0.000000000 1.000000000 0.000000000
3424 0.000000000 0.961400568 0.038599458
3425 0.000000000 0.982213855 0.017786141
3426 0.000000000 0.984256625 0.015743377
3427 0.000000000 0.962188900 0.037811086
3428 0.000000000 1.000000000 0.000000000
3429 0.000000000 0.044071443 0.955928564
3430 0.000000000 0.850010037 0.149989933
3431 0.000000000 0.650119245 0.349880755
3432 0.000000000 0.653742194 0.346257836
3433 0.000000000 0.576961875 0.423038155
3434 0.000000000 0.753975332 0.246024638
3435 0.000000000 0.677353263 0.322646707
3436 0.000000000 0.693160772 0.306839198
3437 0.000000000 0.688909411 0.311090618
3438 0.000000000 0.699549317 0.300450712
3439 0.000000000 0.782956719 0.217043266
3440 0.000000000 0.778728306 0.221271709
3441 0.000000000 0.800810993 0.199188992
3442 0.000000000 0.765504777 0.234495223
3443 0.000000000 0.128628463 0.871371567
3444 0.000000000 0.435931057 0.564068973
3445 0.000000000 0.103757210 0.896242797
3446 0.000000000 0.121008031 0.878991961
3447 0.000000000 0.116551258 0.883448720
3448 0.000000000 0.089096732 0.910903275
3449 0.000000000 0.053379551 0.946620464
3450 0.000000000 0.080451481 0.919548512
3451 0.000000000 0.113809787 0.886190236
3452 0.000000000 0.118492335 0.881507695
3453 0.000000000 0.063476942 0.936523080
3454 0.000000000 0.128187254 0.871812761
3455 0.000000000 0.065544136 0.934455872
3456 0.000000000 0.077564523 0.922435462
3457 0.000000000 0.084295794 0.915704191
3458 0.044861928 0.238549560 0.716588497
3459 0.905251026 0.000000000 0.094748989
3460 0.921099722 0.000000000 0.078900255
3461 1.000000000 0.000000000 0.000000000
3462 0.983306766 0.000000000 0.016693253
3463 0.992176533 0.000000000 0.007823474
3464 0.916147709 0.000000000 0.083852276
3465 0.985940874 0.014059119 0.000000000
3466 0.959905565 0.000000000 0.040094435
3467 0.988055289 0.000000000 0.011944735
3468 1.000000000 0.000000000 0.000000000
3469 0.986459672 0.013540301 0.000000000
3470 0.932897627 0.000000000 0.067102388
3471 0.815596223 0.000000000 0.184403747
3472 0.060827408 0.154623568 0.784548998
3473 0.864422977 0.000000000 0.135577053
3474 0.902767420 0.008466124 0.088766471
3475 0.893863320 0.000000000 0.106136657
3476 0.888468742 0.000000000 0.111531265
3477 0.824261844 0.028676689 0.147061452
3478 0.904769182 0.002135067 0.093095720
3479 0.863922119 0.000000000 0.136077851
3480 0.881214261 0.000000000 0.118785731
3481 0.877372563 0.007080399 0.115547039
3482 0.830921888 0.000000000 0.169078112
3483 0.838974237 0.000000000 0.161025748
3484 0.825044930 0.000000000 0.174955040
3485 0.858223677 0.000000000 0.141776338
3486 0.051792607 0.123327725 0.824879646
3487 0.860486329 0.006014483 0.133499190
3488 0.902905226 0.000000000 0.097094804
3489 0.862453103 0.000000000 0.137546867
3490 0.832212687 0.000000000 0.167787313
3491 0.897892892 0.000000000 0.102107093
3492 0.883948386 0.000000000 0.116051622
3493 0.882524073 0.000000000 0.117475897
3494 0.918274105 0.000000000 0.081725910
3495 0.881624520 0.000000000 0.118375465
3496 0.873768091 0.000779604 0.125452295
3497 0.937495828 0.000000000 0.062504143
3498 0.986607969 0.000000000 0.013392050
3499 1.000000000 0.000000000 0.000000000
3500 0.135409087 0.172162473 0.692428470
3501 0.911384165 0.000000000 0.088615812
3502 0.906295061 0.000000000 0.093704954
3503 0.888488531 0.000000000 0.111511461
3504 0.941662312 0.000000000 0.058337715
3505 0.934349060 0.000000000 0.065650918
3506 0.901421249 0.000000000 0.098578773
3507 1.000000000 0.000000000 0.000000000
3508 0.928631425 0.000000000 0.071368568
3509 0.847703338 0.020636193 0.131660476
3510 0.760871649 0.122656934 0.116471395
3511 0.833638191 0.068774112 0.097587682
3512 0.919625878 0.025107039 0.055267099
3513 0.798036218 0.055925239 0.146038562
3514 0.054344602 0.078132696 0.867522717
3515 0.900180399 0.026846336 0.072973251
3516 0.819599509 0.093588658 0.086811833
3517 0.832398355 0.070905946 0.096695691
3518 0.942456484 0.000000000 0.057543520
3519 0.928260803 0.010876835 0.060862388
3520 0.864980340 0.051837377 0.083182305
3521 0.847137034 0.053521760 0.099341191
3522 0.841924608 0.013917351 0.144158065
3523 0.861989796 0.024970833 0.113039359
3524 0.819831371 0.040978551 0.139190078
3525 0.876221478 0.053291161 0.070487380
3526 0.804298580 0.074321069 0.121380351
3527 0.897781432 0.010277904 0.091940679
3528 0.027677335 0.134541109 0.837781549
3529 0.764278412 0.101448610 0.134272948
3530 0.749589980 0.095064789 0.155345216
3531 0.819072723 0.036496021 0.144431263
3532 0.855653822 0.009829074 0.134517133
3533 0.878472209 0.019167693 0.102360114
3534 0.784321189 0.065187857 0.150490940
3535 0.771209419 0.073966041 0.154824525
3536 0.882366419 0.077220276 0.040413283
3537 1.000000000 0.000000000 0.000000000
3538 0.975234330 0.024765685 0.000000000
3539 0.906443179 0.047889430 0.045667391
3540 0.945739210 0.000000000 0.054260794
3541 0.917787910 0.024487371 0.057724696
3542 0.000000000 0.120549910 0.879450083
3543 0.772857368 0.129815295 0.097327344
3544 0.880756021 0.052387252 0.066856720
3545 0.816818714 0.092715390 0.090465873
3546 0.890723109 0.109276913 0.000000000
3547 0.894361496 0.073935814 0.031702712
3548 0.826166749 0.118278034 0.055555217
3549 0.758101165 0.175769359 0.066129468
3550 0.826594889 0.173405081 0.000000000
3551 0.789299130 0.181491733 0.029209133
3552 0.797695637 0.160997942 0.041306410
3553 0.740940571 0.162325203 0.096734233
3554 0.841351151 0.113926984 0.044721883
3555 0.864567399 0.075530313 0.059902314
3556 0.013673967 0.138595313 0.847730696
3557 0.782497346 0.171930671 0.045572016
3558 0.769488692 0.187552929 0.042958401
3559 0.783929229 0.200069889 0.016000871
3560 0.707947671 0.234063327 0.057989001
3561 0.760437787 0.217203036 0.022359181
3562 0.760813951 0.199411049 0.039775021
3563 0.693216980 0.279575258 0.027207773
3564 0.811745048 0.178687826 0.009567138
3565 0.769674063 0.230325937 0.000000000
3566 0.796239257 0.167911693 0.035849068
3567 0.787389457 0.144088596 0.068521969
3568 0.788432419 0.154726416 0.056841176
3569 0.780252874 0.175375149 0.044371996
3570 0.029081006 0.061491936 0.909427047
3571 0.628264487 0.247168228 0.124567293
3572 0.675550818 0.264555305 0.059893895
3573 0.672927558 0.224989817 0.102082640
3574 0.586900532 0.367452323 0.045647111
3575 0.610029638 0.363032818 0.026937531
3576 0.624251366 0.341211200 0.034537409
3577 0.658943951 0.338183641 0.002872408
3578 0.580515981 0.394200832 0.025283195
3579 0.688137174 0.276071429 0.035791419
3580 0.613191128 0.321868449 0.064940423
3581 0.601784110 0.367684901 0.030530997
3582 0.644498706 0.340775788 0.014725495
3583 0.604738772 0.341057450 0.054203808
3584 0.000000000 0.126632467 0.873367548
3585 0.599187315 0.360623360 0.040189318
3586 0.592691660 0.355464727 0.051843625
3587 0.446296543 0.544700742 0.009002713
3588 0.279082686 0.676653087 0.044264212
3589 0.301812917 0.634858787 0.063328303
3590 0.359586984 0.583385408 0.057027642
3591 0.338012487 0.601937950 0.060049545
3592 0.364434004 0.555860162 0.079705857
3593 0.298510939 0.690335035 0.011154041
3594 0.337743968 0.587172389 0.075083643
3595 0.435514361 0.482299179 0.082186468
3596 0.331454247 0.612168312 0.056377456
3597 0.388379276 0.597154081 0.014466622
3598 0.053747300 0.091938332 0.854314387
3599 0.372842073 0.544169724 0.082988195
3600 0.197556108 0.694320858 0.108123012
3601 0.029356457 0.897429466 0.073214054
3602 0.121539004 0.859389424 0.019071549
3603 0.114530541 0.843117058 0.042352431
3604 0.114625603 0.885374367 0.000000000
3605 0.192307666 0.732359827 0.075332493
3606 0.089507237 0.870733976 0.039758760
3607 0.105556525 0.859428167 0.035015311
3608 0.153289437 0.815860808 0.030849745
3609 0.136363417 0.831521153 0.032115445
3610 0.163142920 0.783147097 0.053709984
3611 0.122113615 0.874431551 0.003454834
3612 0.019314624 0.204530895 0.776154459
3613 0.011430868 0.862955332 0.125613779
3614 0.028999841 0.137100786 0.833899379
3615 0.000000000 0.155743241 0.844256759
3616 0.052120622 0.235306904 0.712572455
3617 0.000000000 0.229571372 0.770428658
3618 0.000000000 0.154882520 0.845117509
3619 0.000000000 0.139645979 0.860354006
3620 0.000000000 0.217343807 0.782656193
3621 0.015150004 0.284720182 0.700129807
3622 0.000000000 0.200203091 0.799796939
3623 0.000000000 0.195255384 0.804744601
3624 0.000908767 0.299510360 0.699580848
3625 0.006265134 0.348915637 0.644819200
3626 0.003766149 0.121425323 0.874808550
3627 0.000000000 0.134733111 0.865266919
3628 0.817942142 0.024873847 0.157184035
3629 0.857751667 0.063907914 0.078340434
3630 0.866531193 0.066615708 0.066853121
3631 0.944347858 0.024054701 0.031597454
3632 0.910006464 0.000000000 0.089993522
3633 0.889545083 0.000000000 0.110454910
3634 0.938445389 0.032813113 0.028741524
3635 0.952308834 0.000000000 0.047691163
3636 0.978600979 0.000000000 0.021399019
3637 0.997907996 0.002092024 0.000000000
3638 0.930649638 0.055942688 0.013407674
3639 0.933390260 0.045509480 0.021100238
3640 0.900215805 0.000000000 0.099784181
3641 0.107789464 0.071089014 0.821121514
3642 0.872580945 0.000000000 0.127419025
3643 0.875621676 0.001645951 0.122732364
3644 0.884245276 0.025111951 0.090642802
3645 0.887526214 0.000000000 0.112473793
3646 0.842538834 0.000000000 0.157461151
3647 0.888918698 0.000000000 0.111081310
3648 0.893678725 0.000000000 0.106321283
3649 0.878625214 0.000000000 0.121374778
3650 0.916918218 0.023165045 0.059916720
3651 0.939347208 0.000000000 0.060652789
3652 0.891643167 0.000000000 0.108356848
3653 0.844962597 0.050642759 0.104394615
3654 0.894319117 0.007816212 0.097864687
3655 0.038176443 0.000000000 0.961823583
3656 0.815592110 0.033483289 0.150924623
3657 0.841693163 0.020041317 0.138265520
3658 0.845149159 0.000000000 0.154850855
3659 0.838021576 0.000000000 0.161978409
3660 0.933265865 0.001306328 0.065427780
3661 0.898785651 0.000000000 0.101214372
3662 0.885964155 0.000000000 0.114035860
3663 0.891993821 0.034723520 0.073282637
3664 0.918003738 0.000000000 0.081996240
3665 0.913515747 0.041411746 0.045072537
3666 0.942351103 0.017089194 0.040559709
3667 0.997465670 0.000000000 0.002534334
3668 1.000000000 0.000000000 0.000000000
3669 0.110075049 0.110718712 0.779206216
3670 0.927174211 0.016045667 0.056780092
3671 0.887444913 0.041119620 0.071435481
3672 0.873686790 0.063548081 0.062765121
3673 0.892151594 0.097282961 0.010565440
3674 0.938061595 0.046086583 0.015851837
3675 0.955183029 0.031231064 0.013585905
3676 0.951947927 0.048052080 0.000000000
3677 1.000000000 0.000000000 0.000000000
3678 0.858776450 0.141223535 0.000000000
3679 0.938720286 0.001777949 0.059501771
3680 0.991996050 0.000000000 0.008003969
3681 1.000000000 0.000000000 0.000000000
3682 0.992184699 0.007815327 0.000000000
3683 0.075347863 0.000000000 0.924652159
3684 0.936689019 0.000000000 0.063310973
3685 0.898133039 0.038719442 0.063147500
3686 0.964998782 0.017599586 0.017401628
3687 0.973771036 0.000000000 0.026228959
3688 0.967727363 0.000000000 0.032272615
3689 0.907764673 0.045896064 0.046339270
3690 1.000000000 0.000000000 0.000000000
3691 0.939601600 0.060398396 0.000000000
3692 0.886190414 0.040821653 0.072987959
3693 0.964218497 0.025818555 0.009962957
3694 0.854855120 0.113273516 0.031871386
3695 0.870973110 0.129026905 0.000000000
3696 0.992127299 0.000000000 0.007872711
3697 0.000000000 0.054698881 0.945301116
3698 0.824397385 0.106863767 0.068738855
3699 0.833496511 0.131888330 0.034615155
3700 0.781857610 0.152176231 0.065966167
3701 0.931123972 0.021031313 0.047844708
3702 0.818530679 0.113767497 0.067701854
3703 0.855146289 0.102933265 0.041920450
3704 0.885715425 0.114284582 0.000000000
3705 0.961084425 0.017328545 0.021587025
3706 1.000000000 0.000000000 0.000000000
3707 0.967554450 0.032445576 0.000000000
3708 0.930070341 0.069929659 0.000000000
3709 0.973068416 0.018625285 0.008306310
3710 0.976992190 0.023007786 0.000000000
3711 0.000000000 0.059690721 0.940309286
3712 0.874795914 0.101349369 0.023854738
3713 0.792554617 0.158124015 0.049321372
3714 0.952878594 0.043993197 0.003128206
3715 0.820263267 0.129200846 0.050535899
3716 0.866230071 0.133769944 0.000000000
3717 0.882842779 0.117157191 0.000000000
3718 0.747111619 0.202636912 0.050251488
3719 0.889721155 0.110278822 0.000000000
3720 0.749129415 0.250870615 0.000000000
3721 0.690895617 0.309104383 0.000000000
3722 0.818574131 0.181425869 0.000000000
3723 0.856616676 0.143383294 0.000000000
3724 0.808509231 0.191490769 0.000000000
3725 0.000000000 0.066154458 0.933845520
3726 0.661228240 0.277170658 0.061601114
3727 0.858783066 0.117100261 0.024116674
3728 0.671096563 0.283645034 0.045258436
3729 0.743430555 0.248524532 0.008044928
3730 0.718222380 0.281777591 0.000000000
3731 0.796871364 0.170977101 0.032151546
3732 0.781340659 0.187361091 0.031298261
3733 0.768894136 0.231105849 0.000000000
3734 0.765603840 0.234396160 0.000000000
3735 0.774220526 0.196517631 0.029261852
3736 0.848367214 0.145380273 0.006252538
3737 0.776074529 0.174578607 0.049346860
3738 0.803410053 0.178517401 0.018072514
3739 0.000000000 0.013189215 0.986810803
3740 0.840062737 0.111344762 0.048592519
3741 0.701019585 0.230226174 0.068754226
3742 0.736964941 0.227222309 0.035812747
3743 0.678470910 0.321529090 0.000000000
3744 0.780373752 0.219626233 0.000000000
3745 0.804587483 0.195412517 0.000000000
3746 0.817815483 0.182184532 0.000000000
3747 0.737583220 0.262416780 0.000000000
3748 0.776303411 0.223696575 0.000000000
3749 0.716617823 0.283382148 0.000000000
3750 0.745254099 0.254745901 0.000000000
3751 0.794639647 0.205360353 0.000000000
3752 0.750561237 0.249438778 0.000000000
3753 0.000000000 0.122907072 0.877092898
3754 0.537625968 0.430050343 0.032323685
3755 0.644559145 0.355440855 0.000000000
3756 0.523914218 0.476085812 0.000000000
3757 0.434532434 0.565467596 0.000000000
3758 0.410724849 0.575765014 0.013510141
3759 0.442843586 0.540729344 0.016427087
3760 0.373200983 0.626798987 0.000000000
3761 0.471740335 0.467671454 0.060588215
3762 0.424890727 0.575109243 0.000000000
3763 0.446641713 0.529455364 0.023902940
3764 0.566005349 0.433994651 0.000000000
3765 0.463138282 0.515689433 0.021172285
3766 0.611665905 0.388334095 0.000000000
3767 0.006044189 0.156302258 0.837653577
3768 0.383668542 0.616331458 0.000000000
3769 0.201496899 0.760801792 0.037701324
3770 0.051455833 0.948544145 0.000000000
3771 0.039171621 0.951187909 0.009640478
3772 0.000000000 1.000000000 0.000000000
3773 0.042739615 0.957260370 0.000000000
3774 0.022412844 0.977587163 0.000000000
3775 0.000000000 1.000000000 0.000000000
3776 0.033421256 0.966578722 0.000000000
3777 0.043778270 0.956221759 0.000000000
3778 0.000000000 1.000000000 0.000000000
3779 0.147047698 0.852952302 0.000000000
3780 0.058479913 0.941520095 0.000000000
3781 0.000000000 0.306053758 0.693946242
3782 0.005068918 0.994931102 0.000000000
3783 0.059579570 0.172125742 0.768294692
3784 0.055582069 0.258349895 0.686068058
3785 0.086524926 0.166229531 0.747245550
3786 0.000000000 0.294593811 0.705406189
3787 0.084961258 0.220641285 0.694397449
3788 0.060553063 0.180988014 0.758458912
3789 0.080183871 0.161694452 0.758121669
3790 0.034525514 0.290534258 0.674940228
3791 0.055104837 0.213448584 0.731446564
3792 0.024407709 0.380378574 0.595213711
3793 0.042242508 0.330723554 0.627033949
3794 0.020657923 0.545054018 0.434288055
3795 0.086039364 0.229121685 0.684838951
3796 0.065440640 0.934559345 0.000000000
3797 1.000000000 0.000000000 0.000000000
3798 0.954473078 0.045526933 0.000000000
3799 0.965117097 0.034882914 0.000000000
3800 1.000000000 0.000000000 0.000000000
3801 0.973705113 0.026294859 0.000000000
3802 0.986013532 0.013986469 0.000000000
3803 0.947242022 0.052757960 0.000000000
3804 0.948214471 0.051785555 0.000000000
3805 0.953678370 0.046321612 0.000000000
3806 0.954258502 0.045741491 0.000000000
3807 1.000000000 0.000000000 0.000000000
3808 1.000000000 0.000000000 0.000000000
3809 1.000000000 0.000000000 0.000000000
3810 0.066381857 0.933618128 0.000000000
3811 1.000000000 0.000000000 0.000000000
3812 1.000000000 0.000000000 0.000000000
3813 1.000000000 0.000000000 0.000000000
3814 0.989523888 0.010476095 0.000000000
3815 1.000000000 0.000000000 0.000000000
3816 1.000000000 0.000000000 0.000000000
3817 1.000000000 0.000000000 0.000000000
3818 0.954104722 0.045895286 0.000000000
3819 1.000000000 0.000000000 0.000000000
3820 1.000000000 0.000000000 0.000000000
3821 1.000000000 0.000000000 0.000000000
3822 1.000000000 0.000000000 0.000000000
3823 1.000000000 0.000000000 0.000000000
3824 0.000000000 1.000000000 0.000000000
3825 0.936114490 0.063885503 0.000000000
3826 1.000000000 0.000000000 0.000000000
3827 0.991292894 0.008707123 0.000000000
3828 1.000000000 0.000000000 0.000000000
3829 0.958765924 0.041234080 0.000000000
3830 1.000000000 0.000000000 0.000000000
3831 1.000000000 0.000000000 0.000000000
3832 0.981378198 0.018621774 0.000000000
3833 0.972768128 0.027231878 0.000000000
3834 1.000000000 0.000000000 0.000000000
3835 1.000000000 0.000000000 0.000000000
3836 1.000000000 0.000000000 0.000000000
3837 1.000000000 0.000000000 0.000000000
3838 0.142416835 0.857583165 0.000000000
3839 1.000000000 0.000000000 0.000000000
3840 1.000000000 0.000000000 0.000000000
3841 1.000000000 0.000000000 0.000000000
3842 1.000000000 0.000000000 0.000000000
3843 1.000000000 0.000000000 0.000000000
3844 1.000000000 0.000000000 0.000000000
3845 1.000000000 0.000000000 0.000000000
3846 1.000000000 0.000000000 0.000000000
3847 1.000000000 0.000000000 0.000000000
3848 1.000000000 0.000000000 0.000000000
3849 1.000000000 0.000000000 0.000000000
3850 1.000000000 0.000000000 0.000000000
3851 1.000000000 0.000000000 0.000000000
3852 0.108942240 0.891057730 0.000000000
3853 0.938037694 0.061962314 0.000000000
3854 0.979743123 0.020256905 0.000000000
3855 0.940664828 0.059335165 0.000000000
3856 0.975306451 0.024693524 0.000000000
3857 0.977084458 0.022915559 0.000000000
3858 0.962290049 0.037709925 0.000000000
3859 1.000000000 0.000000000 0.000000000
3860 0.975400984 0.024598990 0.000000000
3861 1.000000000 0.000000000 0.000000000
3862 1.000000000 0.000000000 0.000000000
3863 1.000000000 0.000000000 0.000000000
3864 1.000000000 0.000000000 0.000000000
3865 1.000000000 0.000000000 0.000000000
3866 0.058849495 0.941150486 0.000000000
3867 1.000000000 0.000000000 0.000000000
3868 0.960238814 0.039761193 0.000000000
3869 0.990372121 0.009627873 0.000000000
3870 1.000000000 0.000000000 0.000000000
3871 1.000000000 0.000000000 0.000000000
3872 1.000000000 0.000000000 0.000000000
3873 1.000000000 0.000000000 0.000000000
3874 1.000000000 0.000000000 0.000000000
3875 1.000000000 0.000000000 0.000000000
3876 1.000000000 0.000000000 0.000000000
3877 1.000000000 0.000000000 0.000000000
3878 1.000000000 0.000000000 0.000000000
3879 1.000000000 0.000000000 0.000000000
3880 0.005569997 0.994430006 0.000000000
3881 0.958392620 0.041607369 0.000000000
3882 0.935558975 0.064441048 0.000000000
3883 0.958609879 0.041390147 0.000000000
3884 0.973314285 0.026685720 0.000000000
3885 1.000000000 0.000000000 0.000000000
3886 0.958935440 0.041064586 0.000000000
3887 0.944388807 0.055611201 0.000000000
3888 0.983732998 0.016266996 0.000000000
3889 0.989291430 0.010708590 0.000000000
3890 0.933716595 0.066283427 0.000000000
3891 1.000000000 0.000000000 0.000000000
3892 0.951492727 0.048507262 0.000000000
3893 0.961916924 0.038083069 0.000000000
3894 0.000000000 1.000000000 0.000000000
3895 0.754046500 0.245953470 0.000000000
3896 0.867005587 0.132994428 0.000000000
3897 0.829950631 0.170049384 0.000000000
3898 0.887573779 0.112426199 0.000000000
3899 0.798395395 0.201604620 0.000000000
3900 0.964366138 0.035633884 0.000000000
3901 0.952924430 0.047075596 0.000000000
3902 0.954351604 0.045648381 0.000000000
3903 0.924954355 0.075045653 0.000000000
3904 0.947991014 0.052008964 0.000000000
3905 0.983933628 0.016066385 0.000000000
3906 1.000000000 0.000000000 0.000000000
3907 0.963991463 0.036008507 0.000000000
3908 0.025798619 0.974201381 0.000000000
3909 0.875286520 0.124713466 0.000000000
3910 0.852864146 0.147135839 0.000000000
3911 0.908137977 0.091862045 0.000000000
3912 0.784660101 0.215339914 0.000000000
3913 0.974278510 0.025721462 0.000000000
3914 1.000000000 0.000000000 0.000000000
3915 0.951515794 0.048484210 0.000000000
3916 0.943306983 0.056693029 0.000000000
3917 1.000000000 0.000000000 0.000000000
3918 0.932793736 0.067206241 0.000000000
3919 0.984282196 0.015717806 0.000000000
3920 0.955510676 0.044489305 0.000000000
3921 0.940728307 0.059271693 0.000000000
3922 0.059326772 0.940673232 0.000000000
3923 0.760777891 0.239222139 0.000000000
3924 0.833288312 0.166711673 0.000000000
3925 0.673979521 0.326020449 0.000000000
3926 0.711582959 0.288417071 0.000000000
3927 0.782698572 0.217301458 0.000000000
3928 0.690088987 0.309911013 0.000000000
3929 0.730342090 0.269657880 0.000000000
3930 0.867271721 0.132728308 0.000000000
3931 0.750853717 0.249146283 0.000000000
3932 0.802273870 0.197726116 0.000000000
3933 0.790610731 0.209389284 0.000000000
3934 0.795607865 0.204392120 0.000000000
3935 0.896939099 0.103060916 0.000000000
3936 0.001956881 0.998043120 0.000000000
3937 0.717105627 0.282894373 0.000000000
3938 0.437415272 0.562584758 0.000000000
3939 0.342794567 0.657205403 0.000000000
3940 0.431257665 0.568742335 0.000000000
3941 0.346691370 0.653308630 0.000000000
3942 0.393260121 0.606739879 0.000000000
3943 0.516942501 0.483057499 0.000000000
3944 0.398411095 0.601588905 0.000000000
3945 0.466354221 0.533645749 0.000000000
3946 0.474149555 0.525850415 0.000000000
3947 0.542072952 0.457927048 0.000000000
3948 0.560984492 0.439015538 0.000000000
3949 0.531462669 0.468537360 0.000000000
3950 0.059312895 0.940687120 0.000000000
3951 0.170067400 0.829932630 0.000000000
3952 0.043869238 0.956130743 0.000000000
3953 0.000000000 1.000000000 0.000000000
3954 0.003688173 0.996311843 0.000000000
3955 0.022135511 0.977864504 0.000000000
3956 0.009689729 0.990310252 0.000000000
3957 0.000000000 1.000000000 0.000000000
3958 0.000000000 1.000000000 0.000000000
3959 0.073990151 0.926009834 0.000000000
3960 0.018039932 0.981960058 0.000000000
3961 0.018703654 0.981296360 0.000000000
3962 0.012552480 0.987447500 0.000000000
3963 0.028344158 0.971655846 0.000000000
3964 0.000000000 1.000000000 0.000000000
3965 0.030264998 0.969735026 0.000000000
3966 1.000000000 0.000000000 0.000000000
3967 0.937078714 0.062921308 0.000000000
3968 1.000000000 0.000000000 0.000000000
3969 0.992165565 0.007834458 0.000000000
3970 1.000000000 0.000000000 0.000000000
3971 1.000000000 0.000000000 0.000000000
3972 1.000000000 0.000000000 0.000000000
3973 1.000000000 0.000000000 0.000000000
3974 1.000000000 0.000000000 0.000000000
3975 1.000000000 0.000000000 0.000000000
3976 1.000000000 0.000000000 0.000000000
3977 1.000000000 0.000000000 0.000000000
3978 1.000000000 0.000000000 0.000000000
3979 0.016909771 0.983090222 0.000000000
3980 0.922215581 0.077784427 0.000000000
3981 1.000000000 0.000000000 0.000000000
3982 0.970785797 0.029214185 0.000000000
3983 1.000000000 0.000000000 0.000000000
3984 1.000000000 0.000000000 0.000000000
3985 1.000000000 0.000000000 0.000000000
3986 1.000000000 0.000000000 0.000000000
3987 0.989968419 0.010031562 0.000000000
3988 1.000000000 0.000000000 0.000000000
3989 1.000000000 0.000000000 0.000000000
3990 1.000000000 0.000000000 0.000000000
3991 1.000000000 0.000000000 0.000000000
3992 1.000000000 0.000000000 0.000000000
3993 0.063381143 0.936618865 0.000000000
3994 1.000000000 0.000000000 0.000000000
3995 0.945859134 0.054140866 0.000000000
3996 1.000000000 0.000000000 0.000000000
3997 1.000000000 0.000000000 0.000000000
3998 1.000000000 0.000000000 0.000000000
3999 1.000000000 0.000000000 0.000000000
4000 1.000000000 0.000000000 0.000000000
4001 1.000000000 0.000000000 0.000000000
4002 1.000000000 0.000000000 0.000000000
4003 1.000000000 0.000000000 0.000000000
4004 1.000000000 0.000000000 0.000000000
4005 1.000000000 0.000000000 0.000000000
4006 1.000000000 0.000000000 0.000000000
4007 0.090050466 0.909949541 0.000000000
4008 0.941119015 0.058881011 0.000000000
4009 0.981854200 0.018145779 0.000000000
4010 0.958659291 0.041340690 0.000000000
4011 0.958541572 0.041458458 0.000000000
4012 0.984672844 0.015327156 0.000000000
4013 0.977780581 0.022219433 0.000000000
4014 1.000000000 0.000000000 0.000000000
4015 1.000000000 0.000000000 0.000000000
4016 0.989014864 0.010985130 0.000000000
4017 1.000000000 0.000000000 0.000000000
4018 1.000000000 0.000000000 0.000000000
4019 1.000000000 0.000000000 0.000000000
4020 1.000000000 0.000000000 0.000000000
4021 0.201617301 0.798382699 0.000000000
4022 1.000000000 0.000000000 0.000000000
4023 0.945210397 0.054789599 0.000000000
4024 0.935010314 0.064989686 0.000000000
4025 0.960479915 0.039520074 0.000000000
4026 0.962528348 0.037471633 0.000000000
4027 1.000000000 0.000000000 0.000000000
4028 1.000000000 0.000000000 0.000000000
4029 0.973860264 0.026139738 0.000000000
4030 1.000000000 0.000000000 0.000000000
4031 1.000000000 0.000000000 0.000000000
4032 1.000000000 0.000000000 0.000000000
4033 1.000000000 0.000000000 0.000000000
4034 1.000000000 0.000000000 0.000000000
4035 0.019148184 0.980851829 0.000000000
4036 0.924655318 0.075344659 0.000000000
4037 0.922217846 0.077782162 0.000000000
4038 0.865760088 0.134239897 0.000000000
4039 0.955945671 0.044054311 0.000000000
4040 0.917899609 0.082100399 0.000000000
4041 0.979777098 0.020222925 0.000000000
4042 0.872336328 0.127663672 0.000000000
4043 0.956984043 0.043015987 0.000000000
4044 1.000000000 0.000000000 0.000000000
4045 1.000000000 0.000000000 0.000000000
4046 1.000000000 0.000000000 0.000000000
4047 1.000000000 0.000000000 0.000000000
4048 1.000000000 0.000000000 0.000000000
4049 0.000000000 1.000000000 0.000000000
4050 0.889717817 0.110282175 0.000000000
4051 0.852959931 0.147040069 0.000000000
4052 0.984292924 0.015707057 0.000000000
4053 0.969831228 0.030168768 0.000000000
4054 1.000000000 0.000000000 0.000000000
4055 0.877739608 0.122260407 0.000000000
4056 0.869381845 0.130618155 0.000000000
4057 0.979681015 0.020319011 0.000000000
4058 0.855175853 0.144824162 0.000000000
4059 0.891798615 0.108201407 0.000000000
4060 0.914578557 0.085421458 0.000000000
4061 0.940694213 0.059305813 0.000000000
4062 0.957863510 0.042136513 0.000000000
4063 0.001040677 0.998959303 0.000000000
4064 0.770942926 0.229057059 0.000000000
4065 0.867539108 0.132460877 0.000000000
4066 0.818666399 0.181333616 0.000000000
4067 0.876492977 0.123507045 0.000000000
4068 0.695770860 0.304229110 0.000000000
4069 0.957578421 0.042421598 0.000000000
4070 1.000000000 0.000000000 0.000000000
4071 1.000000000 0.000000000 0.000000000
4072 0.982581615 0.017418401 0.000000000
4073 1.000000000 0.000000000 0.000000000
4074 1.000000000 0.000000000 0.000000000
4075 1.000000000 0.000000000 0.000000000
4076 1.000000000 0.000000000 0.000000000
4077 0.000000000 1.000000000 0.000000000
4078 0.930778503 0.069221519 0.000000000
4079 0.914206564 0.085793443 0.000000000
4080 0.952262282 0.047737692 0.000000000
4081 0.729365706 0.270634323 0.000000000
4082 0.924819946 0.075180024 0.000000000
4083 0.973569572 0.026430419 0.000000000
4084 0.953877985 0.046122015 0.000000000
4085 0.903470278 0.096529730 0.000000000
4086 0.932377875 0.067622118 0.000000000
4087 0.875918508 0.124081515 0.000000000
4088 0.937868536 0.062131464 0.000000000
4089 0.969422996 0.030577028 0.000000000
4090 0.897901118 0.102098860 0.000000000
4091 0.030763939 0.969236076 0.000000000
4092 0.742521822 0.257478178 0.000000000
4093 0.832283378 0.167716593 0.000000000
4094 0.640194774 0.359805197 0.000000000
4095 0.652349770 0.347650230 0.000000000
4096 0.629902184 0.370097846 0.000000000
4097 0.726742327 0.273257643 0.000000000
4098 0.578814685 0.421185344 0.000000000
4099 0.700082660 0.299917340 0.000000000
4100 0.532348990 0.467651010 0.000000000
4101 0.663490236 0.336509794 0.000000000
4102 0.711450040 0.288549930 0.000000000
4103 0.612822294 0.387177706 0.000000000
4104 0.775564134 0.224435851 0.000000000
4105 0.000000000 1.000000000 0.000000000
4106 0.492127210 0.507872820 0.000000000
4107 0.228367627 0.771632373 0.000000000
4108 0.411670774 0.588329256 0.000000000
4109 0.455629498 0.544370472 0.000000000
4110 0.500934482 0.499065518 0.000000000
4111 0.348773301 0.651226699 0.000000000
4112 0.503348827 0.496651202 0.000000000
4113 0.370579720 0.629420280 0.000000000
4114 0.409643233 0.590356767 0.000000000
4115 0.480238974 0.519761026 0.000000000
4116 0.389781237 0.610218763 0.000000000
4117 0.522226989 0.477773041 0.000000000
4118 0.418654144 0.581345856 0.000000000
4119 0.000000000 1.000000000 0.000000000
4120 0.155022830 0.844977140 0.000000000
4121 0.009015088 0.990984917 0.000000000
4122 0.036386073 0.963613927 0.000000000
4123 0.045115866 0.954884112 0.000000000
4124 0.046756893 0.953243136 0.000000000
4125 0.049350277 0.950649738 0.000000000
4126 0.000000000 1.000000000 0.000000000
4127 0.004118577 0.995881438 0.000000000
4128 0.016546611 0.983453393 0.000000000
4129 0.052972283 0.947027743 0.000000000
4130 0.036201373 0.963798642 0.000000000
4131 0.011918042 0.988081932 0.000000000
4132 0.059399515 0.940600455 0.000000000
4133 0.042701643 0.957298338 0.000000000
4134 0.000000000 0.382734776 0.617265224
4135 0.000000000 0.451563537 0.548436463
4136 0.000000000 0.342174292 0.657825708
4137 0.000000000 0.604385793 0.395614207
4138 0.000000000 0.503990471 0.496009499
4139 0.000000000 0.551152766 0.448847234
4140 0.000000000 0.574963570 0.425036430
4141 0.000000000 0.497437507 0.502562463
4142 0.000000000 0.578059673 0.421940327
4143 0.000000000 0.521510899 0.478489131
4144 0.000000000 0.539308488 0.460691512
4145 0.000000000 0.419469774 0.580530226
4146 0.000000000 0.522621572 0.477378428
4147 0.000000000 0.309040993 0.690959036
4148 0.000000000 0.432085007 0.567914963
4149 0.000000000 0.220403507 0.779596508
4150 0.000000000 0.532576442 0.467423558
4151 0.000000000 0.380133837 0.619866133
4152 0.000000000 0.423792839 0.576207161
4153 0.000000000 0.458707362 0.541292608
4154 0.000000000 0.466215283 0.533784747
4155 0.000000000 0.428437769 0.571562231
4156 0.000000000 0.461838216 0.538161755
4157 0.000000000 0.507956743 0.492043287
4158 0.000000000 0.405727208 0.594272792
4159 0.000000000 0.460208952 0.539791048
4160 0.000000000 0.411610425 0.588389575
4161 0.000000000 0.497682393 0.502317607
4162 0.000000000 0.210818842 0.789181173
4163 0.000000000 0.690508127 0.309491903
4164 0.000000000 0.497106761 0.502893209
4165 0.000000000 0.514294028 0.485705942
4166 0.000000000 0.523219347 0.476780653
4167 0.000000000 0.538602054 0.461397976
4168 0.000000000 0.555544019 0.444455981
4169 0.000000000 0.564719856 0.435280174
4170 0.000000000 0.650743961 0.349256068
4171 0.000000000 0.484234810 0.515765190
4172 0.000000000 0.632888436 0.367111564
4173 0.000000000 0.543004572 0.456995428
4174 0.000000000 0.679189384 0.320810586
4175 0.000000000 0.574117124 0.425882906
4176 0.000000000 0.418015093 0.581984937
4177 0.000000000 0.595906913 0.404093087
4178 0.000000000 0.667975903 0.332024097
4179 0.000000000 0.616494715 0.383505285
4180 0.000000000 0.605409741 0.394590259
4181 0.000000000 0.704829514 0.295170516
4182 0.000000000 0.671454251 0.328545749
4183 0.000000000 0.653392851 0.346607119
4184 0.000000000 0.568623781 0.431376219
4185 0.000000000 0.572480500 0.427519530
4186 0.000000000 0.666311443 0.333688557
4187 0.000000000 0.789897978 0.210102022
4188 0.000000000 0.677161217 0.322838753
4189 0.000000000 0.793896019 0.206104010
4190 0.000000000 0.284372211 0.715627789
4191 0.000000000 0.795763671 0.204236299
4192 0.000000000 0.784496546 0.215503484
4193 0.000000000 0.740610182 0.259389848
4194 0.000000000 0.838530302 0.161469668
4195 0.000000000 0.788193703 0.211806312
4196 0.000000000 0.843300343 0.156699643
4197 0.000000000 0.759434283 0.240565687
4198 0.000000000 0.807221770 0.192778260
4199 0.000000000 0.728979766 0.271020263
4200 0.000000000 0.827488720 0.172511250
4201 0.000000000 0.779837310 0.220162690
4202 0.000000000 0.857156932 0.142843097
4203 0.000000000 0.832846463 0.167153552
4204 0.000000000 0.559921443 0.440078586
4205 0.000000000 0.767671704 0.232328311
4206 0.000000000 0.792357445 0.207642525
4207 0.000000000 0.809820890 0.190179110
4208 0.000000000 0.819216251 0.180783719
4209 0.000000000 0.809660673 0.190339342
4210 0.000000000 0.795911670 0.204088330
4211 0.000000000 0.818316758 0.181683257
4212 0.000000000 0.838894427 0.161105573
4213 0.000000000 0.913177311 0.086822689
4214 0.000000000 0.834162891 0.165837124
4215 0.000000000 0.916610718 0.083389305
4216 0.000000000 0.871280551 0.128719479
4217 0.000000000 0.889626563 0.110373437
4218 0.000000000 0.500409722 0.499590248
4219 0.000000000 0.861922443 0.138077542
4220 0.000000000 0.850214005 0.149785995
4221 0.000000000 0.896893084 0.103106909
4222 0.000000000 0.901330173 0.098669849
4223 0.000000000 0.818255723 0.181744248
4224 0.000000000 0.892219722 0.107780248
4225 0.000000000 0.836307108 0.163692892
4226 0.000000000 0.838032484 0.161967486
4227 0.000000000 0.768836975 0.231163040
4228 0.000000000 0.893964410 0.106035568
4229 0.000000000 0.867853940 0.132146046
4230 0.000000000 0.878013194 0.121986814
4231 0.000000000 0.777338803 0.222661227
4232 0.000000000 0.447717458 0.552282512
4233 0.000000000 0.812921584 0.187078431
4234 0.000000000 0.839387834 0.160612151
4235 0.000000000 0.857223034 0.142776951
4236 0.000000000 0.810363650 0.189636320
4237 0.000000000 0.810652912 0.189347118
4238 0.000000000 0.826906979 0.173093021
4239 0.000000000 0.931573033 0.068426989
4240 0.000000000 0.846372426 0.153627545
4241 0.000000000 0.913159847 0.086840138
4242 0.000000000 0.889519274 0.110480696
4243 0.000000000 0.847185194 0.152814835
4244 0.000000000 0.867685139 0.132314876
4245 0.000000000 0.846386135 0.153613865
4246 0.000000000 0.413333684 0.586666346
4247 0.000000000 0.825241923 0.174758092
4248 0.000000000 0.826549411 0.173450589
4249 0.000000000 0.783830643 0.216169357
4250 0.000000000 0.728254974 0.271745026
4251 0.000000000 0.969542325 0.030457687
4252 0.000000000 0.930874348 0.069125652
4253 0.000000000 1.000000000 0.000000000
4254 0.000000000 0.999417841 0.000582168
4255 0.000000000 0.974302709 0.025697274
4256 0.000000000 0.913879216 0.086120777
4257 0.000000000 0.953761876 0.046238098
4258 0.000000000 1.000000000 0.000000000
4259 0.000000000 0.939085662 0.060914360
4260 0.000000000 0.472427458 0.527572572
4261 0.000000000 0.978414237 0.021585763
4262 0.000000000 0.911378324 0.088621676
4263 0.000000000 0.902875304 0.097124703
4264 0.000000000 1.000000000 0.000000000
4265 0.000000000 0.978105068 0.021894956
4266 0.000000000 1.000000000 0.000000000
4267 0.000000000 1.000000000 0.000000000
4268 0.000000000 0.948514640 0.051485386
4269 0.000000000 1.000000000 0.000000000
4270 0.000000000 0.982534349 0.017465658
4271 0.000000000 0.990825176 0.009174826
4272 0.000000000 0.932486653 0.067513332
4273 0.000000000 1.000000000 0.000000000
4274 0.000000000 0.441122055 0.558877945
4275 0.000000000 0.932646573 0.067353427
4276 0.000000000 0.822792292 0.177207693
4277 0.000000000 0.993363917 0.006636070
4278 0.000000000 0.938377917 0.061622106
4279 0.000000000 1.000000000 0.000000000
4280 0.000000000 1.000000000 0.000000000
4281 0.000000000 0.970610619 0.029389411
4282 0.000000000 0.920210600 0.079789400
4283 0.000000000 0.971251667 0.028748361
4284 0.000000000 1.000000000 0.000000000
4285 0.000000000 0.927763164 0.072236836
4286 0.000000000 1.000000000 0.000000000
4287 0.000000000 0.969138920 0.030861076
4288 0.000000000 0.320706278 0.679293692
4289 0.000000000 0.764632225 0.235367790
4290 0.000000000 0.562789202 0.437210798
4291 0.000000000 0.524203897 0.475796103
4292 0.000000000 0.546255589 0.453744411
4293 0.000000000 0.576953590 0.423046410
4294 0.000000000 0.475365162 0.524634838
4295 0.000000000 0.471011341 0.528988659
4296 0.000000000 0.555873632 0.444126368
4297 0.000000000 0.505840898 0.494159102
4298 0.000000000 0.506115377 0.493884623
4299 0.000000000 0.561468840 0.438531131
4300 0.000000000 0.556982160 0.443017840
4301 0.000000000 0.616069555 0.383930445
4302 0.000000000 0.258877784 0.741122246
4303 0.000000000 0.000000000 1.000000000
4304 0.000000000 0.000000000 1.000000000
4305 0.000000000 0.000000000 1.000000000
4306 0.000000000 0.015572497 0.984427512
4307 0.000000000 0.000000000 1.000000000
4308 0.000000000 0.000000000 1.000000000
4309 0.000000000 0.040392101 0.959607899
4310 0.000000000 0.000000000 1.000000000
4311 0.000000000 0.000000000 1.000000000
4312 0.000000000 0.025468858 0.974531114
4313 0.000000000 0.000000000 1.000000000
4314 0.000000000 0.000000000 1.000000000
4315 0.000000000 0.000000000 1.000000000
4316 0.000000000 0.000000000 1.000000000
4317 0.000000000 0.009763870 0.990236104
4318 0.000000000 0.000000000 1.000000000
4319 0.000000000 0.130245879 0.869754136
4320 0.000000000 0.023447309 0.976552665
4321 0.000000000 0.000000000 1.000000000
4322 0.000000000 0.107022777 0.892977238
4323 0.000000000 0.071986325 0.928013682
4324 0.000000000 0.055905916 0.944094062
4325 0.000000000 0.000000000 1.000000000
4326 0.000000000 0.025653796 0.974346220
4327 0.000000000 0.000000000 1.000000000
4328 0.000000000 0.081408769 0.918591201
4329 0.000000000 0.000000000 1.000000000
4330 0.000000000 0.000000000 1.000000000
4331 0.000000000 0.000000000 1.000000000
4332 0.000000000 0.020505110 0.979494870
4333 0.000000000 0.000000000 1.000000000
4334 0.000000000 0.005420877 0.994579136
4335 0.000000000 0.050545622 0.949454367
4336 0.000000000 0.000000000 1.000000000
4337 0.000000000 0.051084075 0.948915899
4338 0.000000000 0.025087694 0.974912286
4339 0.000000000 0.062952265 0.937047720
4340 0.000000000 0.008790486 0.991209507
4341 0.000000000 0.000000000 1.000000000
4342 0.000000000 0.049673971 0.950326025
4343 0.000000000 0.006296381 0.993703604
4344 0.000000000 0.055991478 0.944008529
4345 0.000000000 0.004459466 0.995540559
4346 0.000000000 0.128600106 0.871399879
4347 0.000000000 0.000000000 1.000000000
4348 0.000000000 0.145639196 0.854360819
4349 0.000000000 0.010520902 0.989479125
4350 0.000000000 0.000000000 1.000000000
4351 0.000000000 0.000000000 1.000000000
4352 0.000000000 0.000000000 1.000000000
4353 0.000000000 0.039334893 0.960665107
4354 0.000000000 0.053662773 0.946337223
4355 0.000000000 0.173946768 0.826053262
4356 0.000000000 0.230618626 0.769381344
4357 0.000000000 0.107825801 0.892174184
4358 0.000000000 0.319330126 0.680669844
4359 0.000000000 0.000000000 1.000000000
4360 0.000000000 0.126748696 0.873251319
4361 0.000000000 0.269428194 0.730571806
4362 0.000000000 0.164460778 0.835539222
4363 0.000000000 0.149925008 0.850075006
4364 0.000000000 0.102466628 0.897533357
4365 0.000000000 0.224444136 0.775555849
4366 0.000000000 0.088131718 0.911868274
4367 0.000000000 0.094119489 0.905880511
4368 0.000000000 0.539184332 0.460815698
4369 0.000000000 0.601504982 0.398494989
4370 0.000000000 0.517942190 0.482057810
4371 0.000000000 0.643015862 0.356984109
4372 0.000000000 0.620293081 0.379706919
4373 0.000000000 0.014327055 0.985672951
4374 0.000000000 0.453781396 0.546218634
4375 0.000000000 0.479715317 0.520284653
4376 0.000000000 0.520832479 0.479167551
4377 0.000000000 0.489013195 0.510986805
4378 0.000000000 0.543709636 0.456290334
4379 0.000000000 0.545956671 0.454043359
4380 0.000000000 0.545730889 0.454269081
4381 0.000000000 0.502899289 0.497100711
4382 0.000000000 0.564674973 0.435325027
4383 0.000000000 0.400732905 0.599267066
4384 0.000000000 0.602728486 0.397271514
4385 0.000000000 0.582970083 0.417029917
4386 0.000000000 0.564521015 0.435478985
4387 0.000000000 0.000000000 1.000000000
4388 0.000000000 0.449260771 0.550739229
4389 0.000000000 0.409766674 0.590233326
4390 0.000000000 0.431492090 0.568507910
4391 0.000000000 0.530968904 0.469031096
4392 0.000000000 0.487780243 0.512219787
4393 0.000000000 0.511680305 0.488319695
4394 0.000000000 0.433545679 0.566454291
4395 0.000000000 0.374963254 0.625036716
4396 0.000000000 0.318738192 0.681261778
4397 0.000000000 0.485317081 0.514682949
4398 0.000000000 0.491663277 0.508336723
4399 0.000000000 0.436135978 0.563864052
4400 0.000000000 0.520641863 0.479358137
4401 0.000000000 0.007039882 0.992960095
4402 0.000000000 0.251894146 0.748105824
4403 0.000000000 0.243178457 0.756821513
4404 0.000000000 0.310903877 0.689096093
4405 0.000000000 0.244704500 0.755295515
4406 0.000000000 0.332860708 0.667139292
4407 0.000000000 0.561660230 0.438339770
4408 0.000000000 0.608544171 0.391455799
4409 0.000000000 0.517230570 0.482769459
4410 0.000000000 0.586004019 0.413995981
4411 0.000000000 0.654320538 0.345679492
4412 0.000000000 0.604063749 0.395936280
4413 0.000000000 0.619850755 0.380149215
4414 0.000000000 0.608671248 0.391328752
4415 0.000000000 0.000000000 1.000000000
4416 0.000000000 0.357541054 0.642458975
4417 0.000000000 0.509073853 0.490926147
4418 0.000000000 0.246483624 0.753516376
4419 0.000000000 0.392084122 0.607915878
4420 0.000000000 0.851965427 0.148034573
4421 0.000000000 0.838180304 0.161819711
4422 0.000000000 0.875961363 0.124038622
4423 0.000000000 0.904543281 0.095456734
4424 0.000000000 0.884119213 0.115880772
4425 0.000000000 0.831739306 0.168260723
4426 0.000000000 0.904731870 0.095268138
4427 0.000000000 0.905343831 0.094656140
4428 0.000000000 0.837138712 0.162861302
4429 0.000000000 0.109698094 0.890301883
4430 0.000000000 0.814116657 0.185883313
4431 0.000000000 0.737688959 0.262311041
4432 0.000000000 0.805724263 0.194275722
4433 0.000000000 0.866524398 0.133475587
4434 0.000000000 0.836627901 0.163372114
4435 0.000000000 0.867900908 0.132099107
4436 0.000000000 0.871034563 0.128965452
4437 0.000000000 0.908676624 0.091323376
4438 0.000000000 0.848055840 0.151944160
4439 0.000000000 0.880756795 0.119243234
4440 0.000000000 0.912667692 0.087332316
4441 0.000000000 0.810358644 0.189641327
4442 0.000000000 0.873219967 0.126780033
4443 0.000000000 0.077434897 0.922565103
4444 0.000000000 0.576912880 0.423087120
4445 0.000000000 0.530245066 0.469754905
4446 0.000000000 0.504523098 0.495476931
4447 0.000000000 0.555273712 0.444726288
4448 0.000000000 0.606364608 0.393635362
4449 0.000000000 0.578290641 0.421709359
4450 0.000000000 0.600498438 0.399501562
4451 0.000000000 0.478472829 0.521527171
4452 0.000000000 0.586106896 0.413893074
4453 0.000000000 0.560557425 0.439442575
4454 0.000000000 0.560697317 0.439302683
4455 0.000000000 0.710263252 0.289736718
4456 0.000000000 0.672177911 0.327822089
4457 0.000000000 0.095011264 0.904988706
4458 0.000000000 0.320157379 0.679842651
4459 0.000000000 0.056952409 0.943047583
4460 0.000000000 0.049473565 0.950526416
4461 0.000000000 0.039026435 0.960973561
4462 0.000000000 0.090186320 0.909813702
4463 0.000000000 0.002411813 0.997588158
4464 0.000000000 0.019093912 0.980906069
4465 0.000000000 0.045988791 0.954011202
4466 0.000000000 0.055888191 0.944111824
4467 0.000000000 0.060955551 0.939044476
4468 0.000000000 0.021042932 0.978957057
4469 0.000000000 0.058035810 0.941964209
4470 0.000000000 0.021824578 0.978175402
4471 0.000000000 0.026319617 0.973680377
4472 0.189774260 0.147997320 0.662228405
4473 0.857315660 0.045593489 0.097090848
4474 0.811999679 0.000000000 0.188000306
4475 0.843051910 0.030051120 0.126896963
4476 0.888402820 0.007621879 0.103975296
4477 0.944759727 0.042349473 0.012890780
4478 0.967382073 0.000000000 0.032617919
4479 0.889305413 0.000000000 0.110694580
4480 0.934017658 0.005733602 0.060248744
4481 0.916854858 0.000000000 0.083145149
4482 0.880208731 0.047923364 0.071867891
4483 0.802003920 0.000000000 0.197996065
4484 0.776994824 0.026414767 0.196590424
4485 0.946017444 0.000000000 0.053982534
4486 0.230648592 0.123335183 0.646016240
4487 0.855112255 0.000000000 0.144887775
4488 0.795141697 0.076172546 0.128685787
4489 0.826237142 0.000000000 0.173762873
4490 0.910953403 0.000000000 0.089046583
4491 0.866217256 0.000000000 0.133782759
4492 0.836657822 0.000000000 0.163342193
4493 0.850367546 0.000000000 0.149632424
4494 0.889112711 0.000000000 0.110887296
4495 0.875709414 0.000000000 0.124290600
4496 0.774929166 0.000000000 0.225070864
4497 0.806535542 0.000000000 0.193464458
4498 0.977931857 0.000000000 0.022068173
4499 0.914148271 0.000000000 0.085851744
4500 0.049504936 0.145768061 0.804727018
4501 0.797475994 0.097850822 0.104673162
4502 0.817491531 0.000000000 0.182508484
4503 0.896879077 0.000000000 0.103120908
4504 0.890553057 0.000000000 0.109446958
4505 0.881422997 0.000000000 0.118577033
4506 0.861880362 0.000000000 0.138119653
4507 0.917292655 0.000000000 0.082707353
4508 0.899355292 0.039541524 0.061103165
4509 0.840368032 0.000000000 0.159631982
4510 0.800438046 0.096901223 0.102660708
4511 0.945508420 0.018872794 0.035618782
4512 0.900476992 0.061634645 0.037888333
4513 0.891267776 0.078682259 0.030049974
4514 0.135365486 0.292391300 0.572243214
4515 0.777554631 0.000000000 0.222445369
4516 0.895749927 0.000000000 0.104250066
4517 0.841814935 0.000000000 0.158185080
4518 0.792016208 0.000000000 0.207983777
4519 0.885065436 0.000000000 0.114934564
4520 0.837598443 0.000000000 0.162401572
4521 0.891565323 0.000000000 0.108434699
4522 0.774698555 0.000000000 0.225301474
4523 0.760143340 0.000000000 0.239856660
4524 0.833180070 0.118298702 0.048521198
4525 0.891888142 0.095109992 0.013001886
4526 0.829824269 0.149969071 0.020206640
4527 0.807144523 0.150843844 0.042011611
4528 0.105385773 0.058859490 0.835754752
4529 0.910054266 0.049250215 0.040695511
4530 0.878702998 0.083993658 0.037303351
4531 0.840296090 0.074013576 0.085690305
4532 0.934328139 0.008553827 0.057118010
4533 0.888134062 0.009555558 0.102310404
4534 0.832113922 0.116737425 0.051148623
4535 0.802225828 0.086324029 0.111450128
4536 0.731974721 0.086434841 0.181590453
4537 0.677165508 0.197065830 0.125768691
4538 0.694987714 0.211356595 0.093655691
4539 0.710030258 0.240390867 0.049578883
4540 0.625778556 0.271725178 0.102496266
4541 0.752681851 0.146603331 0.100714818
4542 0.160478249 0.085310891 0.754210889
4543 0.738826811 0.171252340 0.089920841
4544 0.661330223 0.202050537 0.136619255
4545 0.764504552 0.103759587 0.131735861
4546 0.684405804 0.152940139 0.162654042
4547 0.599977195 0.259726822 0.140295982
4548 0.577622116 0.230702728 0.191675186
4549 0.553977966 0.305562258 0.140459761
4550 0.750283420 0.186574474 0.063142113
4551 0.767068148 0.167296931 0.065634951
4552 0.812857568 0.123129666 0.064012766
4553 0.730878234 0.183274016 0.085847721
4554 0.777417839 0.106985398 0.115596779
4555 0.787319124 0.138861656 0.073819198
4556 0.093170092 0.146191269 0.760638654
4557 0.769190907 0.116447859 0.114361256
4558 0.868488073 0.000000000 0.131511912
4559 0.829286754 0.068318516 0.102394745
4560 0.779629707 0.136084661 0.084285647
4561 0.718455136 0.147551239 0.133993611
4562 0.677446127 0.227393746 0.095160097
4563 0.751567781 0.220557481 0.027874725
4564 0.741455555 0.238899440 0.019645026
4565 0.757081866 0.242918134 0.000000000
4566 0.766226351 0.205556691 0.028216960
4567 0.806271374 0.139955848 0.053772762
4568 0.710418046 0.255266577 0.034315377
4569 0.822709441 0.156408221 0.020882322
4570 0.054575916 0.213544726 0.731879354
4571 0.816250265 0.127598614 0.056151092
4572 0.816249013 0.146091282 0.037659694
4573 0.750248611 0.225034535 0.024716835
4574 0.767797828 0.187664270 0.044537906
4575 0.546822906 0.344087183 0.109089896
4576 0.614029050 0.360332340 0.025638640
4577 0.638330877 0.346467733 0.015201380
4578 0.589075387 0.372874379 0.038050264
4579 0.545448720 0.410708904 0.043842394
4580 0.667744577 0.269849360 0.062406056
4581 0.551709056 0.436596483 0.011694451
4582 0.651943326 0.306384265 0.041672427
4583 0.631973982 0.317282140 0.050743852
4584 0.060822230 0.137848347 0.801329434
4585 0.601810157 0.319149911 0.079039946
4586 0.508514881 0.419540763 0.071944363
4587 0.563787222 0.320676059 0.115536727
4588 0.435237825 0.462946475 0.101815678
4589 0.405362129 0.594637871 0.000000000
4590 0.431329995 0.568670034 0.000000000
4591 0.428948045 0.565160453 0.005891533
4592 0.374092907 0.621277213 0.004629905
4593 0.471684992 0.505572677 0.022742333
4594 0.405955821 0.590011179 0.004033010
4595 0.422176957 0.572702706 0.005120357
4596 0.417978019 0.563882828 0.018139184
4597 0.423872769 0.545579612 0.030547621
4598 0.027434027 0.103922486 0.868643463
4599 0.433560550 0.552510321 0.013929158
4600 0.446584612 0.533149838 0.020265544
4601 0.216024235 0.747887433 0.036088351
4602 0.000000000 1.000000000 0.000000000
4603 0.100809477 0.899190545 0.000000000
4604 0.058844514 0.941155493 0.000000000
4605 0.031923566 0.966747105 0.001329334
4606 0.064987145 0.935012877 0.000000000
4607 0.058290362 0.937865794 0.003843872
4608 0.084626354 0.890285671 0.025087966
4609 0.044494331 0.935507596 0.019998044
4610 0.095770948 0.902063847 0.002165193
4611 0.111173153 0.888826847 0.000000000
4612 0.010765428 0.032823868 0.956410706
4613 0.126480430 0.857693553 0.015826002
4614 0.000000000 0.948529005 0.051470973
4615 0.000000000 1.000000000 0.000000000
4616 0.033282645 0.966717362 0.000000000
4617 0.003481985 0.961997211 0.034520801
4618 0.041827433 0.952389002 0.005783547
4619 0.032989390 0.956180692 0.010829932
4620 0.036662795 0.929449022 0.033888202
4621 0.008553278 0.991446733 0.000000000
4622 0.019567916 0.979223907 0.001208204
4623 0.068571866 0.931428134 0.000000000
4624 0.094550468 0.905449510 0.000000000
4625 0.052606169 0.943282485 0.004111361
4626 0.013464998 0.000000000 0.986535013
4627 0.000000000 0.890761554 0.109238438
4628 0.009079833 0.535967171 0.454953015
4629 0.031824436 0.411867797 0.556307793
4630 0.032779261 0.502768159 0.464452595
4631 0.020496590 0.521475017 0.458028406
4632 0.025559179 0.440085709 0.534355104
4633 0.024846714 0.412588507 0.562564790
4634 0.000000000 0.531671345 0.468328685
4635 0.008909445 0.560103595 0.430986941
4636 0.000817664 0.539059579 0.460122794
4637 0.031725429 0.541156113 0.427118421
4638 0.010885040 0.618033528 0.371081412
4639 0.010168760 0.597062767 0.392768472
4640 0.002439975 0.057575259 0.939984739
4641 0.079012252 0.140790731 0.780197024
4642 0.662401736 0.000000000 0.337598294
4643 0.677208126 0.000000000 0.322791845
4644 0.685078025 0.000000000 0.314922005
4645 0.788186193 0.000000000 0.211813793
4646 0.744934738 0.000000000 0.255065233
4647 0.722620070 0.000000000 0.277379900
4648 0.692711234 0.000000000 0.307288736
4649 0.729072034 0.000000000 0.270927936
4650 0.754578292 0.000000000 0.245421723
4651 0.676780343 0.000000000 0.323219687
4652 0.666102052 0.000000000 0.333897948
4653 0.676451147 0.000000000 0.323548883
4654 0.778439999 0.000000000 0.221559986
4655 0.211324587 0.101298049 0.687377334
4656 0.700625002 0.000000000 0.299374968
4657 0.665173054 0.000000000 0.334826916
4658 0.746186912 0.000000000 0.253813088
4659 0.708980501 0.000000000 0.291019499
4660 0.731945455 0.000000000 0.268054545
4661 0.703042030 0.000000000 0.296957999
4662 0.718041778 0.000000000 0.281958193
4663 0.718245387 0.000000000 0.281754613
4664 0.685801744 0.000000000 0.314198256
4665 0.676640749 0.000000000 0.323359281
4666 0.701400876 0.000000000 0.298599124
4667 0.675839782 0.000693248 0.323466957
4668 0.549683213 0.039072424 0.411244363
4669 0.000000000 0.020060711 0.979939282
4670 0.559571743 0.023670550 0.416757673
4671 0.664104462 0.000000000 0.335895509
4672 0.633638442 0.000000000 0.366361529
4673 0.650849104 0.000000000 0.349150896
4674 0.627271712 0.000000000 0.372728288
4675 0.627276182 0.000000000 0.372723818
4676 0.653158069 0.000000000 0.346841902
4677 0.622179866 0.014210118 0.363610029
4678 0.592975497 0.000000000 0.407024533
4679 0.652780771 0.000000000 0.347219199
4680 0.785048962 0.000000000 0.214951038
4681 0.723499060 0.006004996 0.270495921
4682 0.785843551 0.007860130 0.206296310
4683 0.046036735 0.138141081 0.815822184
4684 0.717157364 0.000000000 0.282842606
4685 0.658513308 0.002517234 0.338969439
4686 0.701082766 0.000000000 0.298917204
4687 0.666183114 0.000000000 0.333816856
4688 0.672886252 0.000000000 0.327113718
4689 0.717661977 0.000000000 0.282338053
4690 0.668184280 0.011069270 0.320746452
4691 0.658452094 0.000000000 0.341547936
4692 0.677139819 0.000000000 0.322860152
4693 0.762358367 0.000000000 0.237641633
4694 0.724382639 0.000000000 0.275617361
4695 0.728435457 0.000000000 0.271564543
4696 0.714501321 0.005558671 0.279940009
4697 0.000000000 0.038328134 0.961671889
4698 0.626769543 0.002433898 0.370796531
4699 0.642459333 0.019563003 0.337977648
4700 0.610102534 0.037105545 0.352791905
4701 0.647984862 0.027304403 0.324710727
4702 0.636839211 0.007353049 0.355807751
4703 0.589109600 0.071343094 0.339547336
4704 0.587908864 0.000000000 0.412091166
4705 0.588507950 0.014476812 0.397015244
4706 0.723767161 0.000000000 0.276232868
4707 0.662535727 0.000000000 0.337464303
4708 0.657735109 0.055668082 0.286596805
4709 0.572177947 0.023882255 0.403939784
4710 0.647724152 0.052963186 0.299312651
4711 0.090750545 0.210349679 0.698899746
4712 0.671704352 0.000000000 0.328295678
4713 0.615332842 0.039330479 0.345336646
4714 0.612573802 0.111434825 0.275991380
4715 0.586813271 0.084114037 0.329072684
4716 0.609054744 0.072517045 0.318428189
4717 0.623903692 0.000000000 0.376096278
4718 0.519238770 0.126236007 0.354525208
4719 0.837664664 0.002880275 0.159455076
4720 0.713253200 0.006566266 0.280180544
4721 0.754519403 0.024261829 0.221218795
4722 0.732619464 0.010489012 0.256891549
4723 0.767659724 0.000000000 0.232340261
4724 0.756409049 0.035817988 0.207772970
4725 0.000000000 0.157021299 0.842978716
4726 0.708123863 0.073695220 0.218180940
4727 0.658513904 0.096500590 0.244985506
4728 0.697457492 0.100879639 0.201662898
4729 0.679596186 0.091812320 0.228591502
4730 0.636007071 0.064948864 0.299044073
4731 0.583414078 0.162124410 0.254461497
4732 0.795963168 0.000000000 0.204036802
4733 0.662290752 0.085725054 0.251984179
4734 0.739111304 0.097193263 0.163695440
4735 0.647538126 0.131536603 0.220925286
4736 0.724141002 0.105514877 0.170344099
4737 0.613730550 0.179040641 0.207228780
4738 0.832721412 0.000000000 0.167278603
4739 0.000000000 0.114960559 0.885039449
4740 0.627682149 0.126612425 0.245705456
4741 0.679060638 0.103408135 0.217531234
4742 0.589066327 0.189228669 0.221705034
4743 0.664761782 0.035117634 0.300120592
4744 0.481299937 0.200639814 0.318060249
4745 0.696126640 0.073133901 0.230739459
4746 0.631211519 0.112453163 0.256335318
4747 0.611190319 0.154072210 0.234737486
4748 0.491537243 0.263260394 0.245202363
4749 0.652594328 0.100498684 0.246906981
4750 0.638775110 0.123396143 0.237828761
4751 0.643597901 0.128034458 0.228367656
4752 0.620947659 0.148794532 0.230257794
4753 0.010221479 0.188910708 0.800867796
4754 0.526628256 0.255164832 0.218206882
4755 0.575710535 0.193522915 0.230766535
4756 0.533903301 0.143587455 0.322509259
4757 0.442715108 0.324680269 0.232604608
4758 0.609387040 0.191275865 0.199337095
4759 0.590842187 0.171918958 0.237238839
4760 0.546498716 0.241334438 0.212166861
4761 0.456031084 0.327122122 0.216846794
4762 0.553585172 0.236349225 0.210065618
4763 0.503529370 0.275228858 0.221241787
4764 0.609757841 0.172016367 0.218225822
4765 0.525464118 0.269726783 0.204809099
4766 0.525193572 0.278195202 0.196611226
4767 0.000000000 0.156845286 0.843154728
4768 0.400559962 0.364206076 0.235233992
4769 0.414574683 0.342955947 0.242469385
4770 0.260082126 0.505148470 0.234769389
4771 0.343291670 0.457514703 0.199193627
4772 0.347608656 0.434217572 0.218173787
4773 0.386608511 0.403714836 0.209676653
4774 0.202822581 0.619007170 0.178170219
4775 0.349593580 0.405747473 0.244658962
4776 0.287124246 0.551116884 0.161758885
4777 0.323849887 0.456019521 0.220130578
4778 0.299447745 0.519840419 0.180711836
4779 0.269254982 0.571422279 0.159322739
4780 0.327031046 0.563569069 0.109399900
4781 0.071710125 0.158980235 0.769309640
4782 0.170561358 0.592758954 0.236679703
4783 0.000000000 0.774842858 0.225157112
4784 0.059285514 0.784732878 0.155981615
4785 0.111366898 0.730820000 0.157813087
4786 0.000000000 0.863389969 0.136610031
4787 0.000927358 0.914643049 0.084429599
4788 0.043247044 0.831136525 0.125616416
4789 0.039541818 0.814441502 0.146016672
4790 0.085478686 0.789697051 0.124824241
4791 0.050808012 0.832191885 0.117000096
4792 0.013853772 0.895953178 0.090193041
4793 0.010476245 0.913673818 0.075849928
4794 0.018613948 0.903125882 0.078260146
4795 0.000000000 0.270427316 0.729572654
4796 0.000000000 0.779811919 0.220188096
4797 0.035135232 0.126020595 0.838844180
4798 0.047530390 0.080643542 0.871826053
4799 0.075995781 0.127885416 0.796118796
4800 0.000000000 0.093707912 0.906292081
4801 0.037183736 0.114534326 0.848281920
4802 0.020680843 0.148333132 0.830986023
4803 0.011117676 0.048737630 0.940144718
4804 0.002414294 0.095392719 0.902193010
4805 0.000000000 0.104888387 0.895111620
4806 0.000000000 0.152836710 0.847163320
4807 0.000000000 0.216618702 0.783381283
4808 0.000000000 0.296402693 0.703597307
4809 0.134842530 0.050143261 0.815014184
4810 0.101357289 0.898642719 0.000000000
4811 1.000000000 0.000000000 0.000000000
4812 0.981642067 0.018357929 0.000000000
4813 1.000000000 0.000000000 0.000000000
4814 1.000000000 0.000000000 0.000000000
4815 0.937394440 0.062605567 0.000000000
4816 1.000000000 0.000000000 0.000000000
4817 1.000000000 0.000000000 0.000000000
4818 1.000000000 0.000000000 0.000000000
4819 1.000000000 0.000000000 0.000000000
4820 0.977493525 0.022506485 0.000000000
4821 1.000000000 0.000000000 0.000000000
4822 1.000000000 0.000000000 0.000000000
4823 1.000000000 0.000000000 0.000000000
4824 0.125465974 0.874534011 0.000000000
4825 1.000000000 0.000000000 0.000000000
4826 1.000000000 0.000000000 0.000000000
4827 1.000000000 0.000000000 0.000000000
4828 0.994245946 0.005754076 0.000000000
4829 1.000000000 0.000000000 0.000000000
4830 1.000000000 0.000000000 0.000000000
4831 1.000000000 0.000000000 0.000000000
4832 1.000000000 0.000000000 0.000000000
4833 1.000000000 0.000000000 0.000000000
4834 1.000000000 0.000000000 0.000000000
4835 1.000000000 0.000000000 0.000000000
4836 1.000000000 0.000000000 0.000000000
4837 1.000000000 0.000000000 0.000000000
4838 0.124382839 0.875617146 0.000000000
4839 0.955650270 0.044349745 0.000000000
4840 1.000000000 0.000000000 0.000000000
4841 0.907172680 0.092827335 0.000000000
4842 1.000000000 0.000000000 0.000000000
4843 1.000000000 0.000000000 0.000000000
4844 1.000000000 0.000000000 0.000000000
4845 0.993878901 0.006121099 0.000000000
4846 0.985677719 0.014322257 0.000000000
4847 1.000000000 0.000000000 0.000000000
4848 1.000000000 0.000000000 0.000000000
4849 1.000000000 0.000000000 0.000000000
4850 1.000000000 0.000000000 0.000000000
4851 1.000000000 0.000000000 0.000000000
4852 0.137816370 0.862183630 0.000000000
4853 1.000000000 0.000000000 0.000000000
4854 1.000000000 0.000000000 0.000000000
4855 1.000000000 0.000000000 0.000000000
4856 1.000000000 0.000000000 0.000000000
4857 1.000000000 0.000000000 0.000000000
4858 1.000000000 0.000000000 0.000000000
4859 0.998266637 0.001733376 0.000000000
4860 1.000000000 0.000000000 0.000000000
4861 1.000000000 0.000000000 0.000000000
4862 1.000000000 0.000000000 0.000000000
4863 1.000000000 0.000000000 0.000000000
4864 1.000000000 0.000000000 0.000000000
4865 1.000000000 0.000000000 0.000000000
4866 0.047671366 0.952328622 0.000000000
4867 0.931420624 0.068579353 0.000000000
4868 1.000000000 0.000000000 0.000000000
4869 0.986038208 0.013961789 0.000000000
4870 1.000000000 0.000000000 0.000000000
4871 0.964125097 0.035874888 0.000000000
4872 0.944187701 0.055812310 0.000000000
4873 1.000000000 0.000000000 0.000000000
4874 1.000000000 0.000000000 0.000000000
4875 0.991555691 0.008444316 0.000000000
4876 0.992571175 0.007428850 0.000000000
4877 0.977630913 0.022369096 0.000000000
4878 0.996221662 0.003778359 0.000000000
4879 1.000000000 0.000000000 0.000000000
4880 0.062263228 0.937736750 0.000000000
4881 0.967308164 0.032691851 0.000000000
4882 0.879710317 0.120289698 0.000000000
4883 0.970849454 0.029150531 0.000000000
4884 0.920525253 0.079474755 0.000000000
4885 0.940059900 0.059940081 0.000000000
4886 0.926673055 0.073326975 0.000000000
4887 0.812672436 0.187327579 0.000000000
4888 0.968517780 0.031482209 0.000000000
4889 0.976432800 0.023567196 0.000000000
4890 0.961866021 0.038134009 0.000000000
4891 1.000000000 0.000000000 0.000000000
4892 1.000000000 0.000000000 0.000000000
4893 0.960201919 0.039798107 0.000000000
4894 0.040239736 0.959760249 0.000000000
4895 0.907733381 0.092266597 0.000000000
4896 0.955018520 0.044981476 0.000000000
4897 0.863856256 0.136143744 0.000000000
4898 0.865984082 0.134015903 0.000000000
4899 0.834681213 0.165318772 0.000000000
4900 0.828149736 0.171850249 0.000000000
4901 0.881363392 0.118636593 0.000000000
4902 0.875220716 0.124779299 0.000000000
4903 0.893928885 0.106071137 0.000000000
4904 0.972107708 0.027892318 0.000000000
4905 0.975743830 0.024256172 0.000000000
4906 0.861110747 0.138889238 0.000000000
4907 1.000000000 0.000000000 0.000000000
4908 0.002854930 0.997145057 0.000000000
4909 0.876005232 0.123994738 0.000000000
4910 0.835845828 0.164154157 0.000000000
4911 0.811386883 0.188613147 0.000000000
4912 0.844299793 0.155700207 0.000000000
4913 0.753113568 0.246886417 0.000000000
4914 0.770607948 0.229392052 0.000000000
4915 0.761749148 0.238250867 0.000000000
4916 0.735651433 0.264348567 0.000000000
4917 0.721534133 0.278465837 0.000000000
4918 0.819761395 0.180238619 0.000000000
4919 0.802295566 0.197704464 0.000000000
4920 0.865317464 0.134682506 0.000000000
4921 0.804198503 0.195801511 0.000000000
4922 0.086258449 0.913741529 0.000000000
4923 0.708977938 0.291022092 0.000000000
4924 0.709708035 0.290291935 0.000000000
4925 0.708218157 0.291781843 0.000000000
4926 0.675241232 0.324758768 0.000000000
4927 0.667623162 0.332376838 0.000000000
4928 0.622950613 0.377049416 0.000000000
4929 0.614367187 0.385632843 0.000000000
4930 0.615821421 0.384178579 0.000000000
4931 0.732798696 0.267201304 0.000000000
4932 0.630901515 0.369098485 0.000000000
4933 0.745397270 0.254602760 0.000000000
4934 0.703134418 0.296865582 0.000000000
4935 0.709746242 0.290253729 0.000000000
4936 0.022862440 0.977137566 0.000000000
4937 0.508764505 0.491235495 0.000000000
4938 0.489151269 0.510848761 0.000000000
4939 0.382884055 0.617115915 0.000000000
4940 0.382196546 0.617803454 0.000000000
4941 0.374877781 0.625122190 0.000000000
4942 0.376122653 0.623877347 0.000000000
4943 0.399826944 0.600173056 0.000000000
4944 0.507991552 0.492008418 0.000000000
4945 0.382785052 0.617214978 0.000000000
4946 0.472247452 0.527752578 0.000000000
4947 0.446774632 0.553225398 0.000000000
4948 0.428682029 0.571317971 0.000000000
4949 0.504825711 0.495174289 0.000000000
4950 0.031092480 0.968907535 0.000000000
4951 0.360765636 0.639234364 0.000000000
4952 0.148254067 0.851745903 0.000000000
4953 0.060165353 0.939834654 0.000000000
4954 0.066620782 0.933379233 0.000000000
4955 0.058823522 0.941176474 0.000000000
4956 0.075832538 0.924167454 0.000000000
4957 0.091286242 0.908713758 0.000000000
4958 0.078689866 0.921310127 0.000000000
4959 0.168430179 0.831569850 0.000000000
4960 0.110049777 0.889950216 0.000000000
4961 0.143945888 0.856054127 0.000000000
4962 0.136749417 0.863250613 0.000000000
4963 0.110563762 0.889436245 0.000000000
4964 0.000000000 1.000000000 0.000000000
4965 0.000000000 1.000000000 0.000000000
4966 0.026516767 0.973483205 0.000000000
4967 0.028408743 0.971591234 0.000000000
4968 0.000000000 1.000000000 0.000000000
4969 0.000000000 1.000000000 0.000000000
4970 0.000000000 1.000000000 0.000000000
4971 0.000000000 1.000000000 0.000000000
4972 0.000000000 1.000000000 0.000000000
4973 0.000000000 1.000000000 0.000000000
4974 0.000000000 1.000000000 0.000000000
4975 0.000000000 1.000000000 0.000000000
4976 0.000000000 1.000000000 0.000000000
4977 0.000000000 1.000000000 0.000000000
4978 0.000000000 1.000000000 0.000000000
4979 0.022123577 0.977876425 0.000000000
4980 0.996615231 0.003384755 0.000000000
4981 0.998660207 0.001339819 0.000000000
4982 1.000000000 0.000000000 0.000000000
4983 0.986058772 0.013941231 0.000000000
4984 1.000000000 0.000000000 0.000000000
4985 1.000000000 0.000000000 0.000000000
4986 1.000000000 0.000000000 0.000000000
4987 0.990595877 0.009404113 0.000000000
4988 0.996689796 0.003310187 0.000000000
4989 1.000000000 0.000000000 0.000000000
4990 1.000000000 0.000000000 0.000000000
4991 1.000000000 0.000000000 0.000000000
4992 1.000000000 0.000000000 0.000000000
4993 0.179869592 0.820130408 0.000000000
4994 1.000000000 0.000000000 0.000000000
4995 1.000000000 0.000000000 0.000000000
4996 0.996903896 0.003096091 0.000000000
4997 1.000000000 0.000000000 0.000000000
4998 1.000000000 0.000000000 0.000000000
4999 1.000000000 0.000000000 0.000000000
5000 0.980546474 0.019453548 0.000000000
5001 1.000000000 0.000000000 0.000000000
5002 1.000000000 0.000000000 0.000000000
5003 1.000000000 0.000000000 0.000000000
5004 1.000000000 0.000000000 0.000000000
5005 1.000000000 0.000000000 0.000000000
5006 1.000000000 0.000000000 0.000000000
5007 0.025570519 0.974429488 0.000000000
5008 1.000000000 0.000000000 0.000000000
5009 0.973622441 0.026377559 0.000000000
5010 0.987436891 0.012563098 0.000000000
5011 1.000000000 0.000000000 0.000000000
5012 1.000000000 0.000000000 0.000000000
5013 0.987436116 0.012563859 0.000000000
5014 1.000000000 0.000000000 0.000000000
5015 1.000000000 0.000000000 0.000000000
5016 1.000000000 0.000000000 0.000000000
5017 0.936504841 0.063495167 0.000000000
5018 1.000000000 0.000000000 0.000000000
5019 1.000000000 0.000000000 0.000000000
5020 1.000000000 0.000000000 0.000000000
5021 0.000000000 1.000000000 0.000000000
5022 0.909353375 0.090646610 0.000000000
5023 0.843952775 0.156047210 0.000000000
5024 0.924377203 0.075622819 0.000000000
5025 0.901043653 0.098956324 0.000000000
5026 0.904535532 0.095464475 0.000000000
5027 0.930664122 0.069335885 0.000000000
5028 0.901726127 0.098273896 0.000000000
5029 0.999838769 0.000161204 0.000000000
5030 0.929422200 0.070577778 0.000000000
5031 1.000000000 0.000000000 0.000000000
5032 1.000000000 0.000000000 0.000000000
5033 1.000000000 0.000000000 0.000000000
5034 0.973590732 0.026409287 0.000000000
5035 0.000000000 1.000000000 0.000000000
5036 0.915817201 0.084182791 0.000000000
5037 0.905436933 0.094563089 0.000000000
5038 0.923322439 0.076677538 0.000000000
5039 0.899832368 0.100167632 0.000000000
5040 0.955736995 0.044263028 0.000000000
5041 0.940544903 0.059455115 0.000000000
5042 0.920102894 0.079897091 0.000000000
5043 0.951847553 0.048152450 0.000000000
5044 0.846823931 0.153176084 0.000000000
5045 0.912214994 0.087784976 0.000000000
5046 0.932159305 0.067840680 0.000000000
5047 0.837937176 0.162062854 0.000000000
5048 0.958623946 0.041376032 0.000000000
5049 0.000000000 1.000000000 0.000000000
5050 0.845207036 0.154792979 0.000000000
5051 0.801193297 0.198806733 0.000000000
5052 0.795693815 0.204306185 0.000000000
5053 0.854756117 0.145243883 0.000000000
5054 0.783852816 0.216147169 0.000000000
5055 0.806257427 0.193742588 0.000000000
5056 0.673308074 0.326691896 0.000000000
5057 0.940126896 0.059873115 0.000000000
5058 0.985246718 0.014753282 0.000000000
5059 0.960182250 0.039817754 0.000000000
5060 0.915879726 0.084120303 0.000000000
5061 0.948084354 0.051915657 0.000000000
5062 0.827939510 0.172060490 0.000000000
5063 0.000000000 1.000000000 0.000000000
5064 0.835833669 0.164166316 0.000000000
5065 0.786824703 0.213175297 0.000000000
5066 0.836284935 0.163715079 0.000000000
5067 0.849352002 0.150648028 0.000000000
5068 0.825589538 0.174410462 0.000000000
5069 0.718276858 0.281723142 0.000000000
5070 0.880000055 0.119999960 0.000000000
5071 0.922547758 0.077452213 0.000000000
5072 0.972467661 0.027532313 0.000000000
5073 0.881988943 0.118011065 0.000000000
5074 0.952496827 0.047503192 0.000000000
5075 0.824072838 0.175927147 0.000000000
5076 0.983700097 0.016299922 0.000000000
5077 0.000000000 1.000000000 0.000000000
5078 0.790865660 0.209134325 0.000000000
5079 0.821093976 0.178906024 0.000000000
5080 0.831826150 0.168173864 0.000000000
5081 0.903350234 0.096649766 0.000000000
5082 0.696634889 0.303365111 0.000000000
5083 1.000000000 0.000000000 0.000000000
5084 1.000000000 0.000000000 0.000000000
5085 1.000000000 0.000000000 0.000000000
5086 0.873527408 0.126472577 0.000000000
5087 1.000000000 0.000000000 0.000000000
5088 0.971214473 0.028785545 0.000000000
5089 1.000000000 0.000000000 0.000000000
5090 0.980095983 0.019904034 0.000000000
5091 0.000000000 1.000000000 0.000000000
5092 0.887864292 0.112135701 0.000000000
5093 0.948290765 0.051709257 0.000000000
5094 0.959805787 0.040194236 0.000000000
5095 0.674107671 0.325892359 0.000000000
5096 0.899977982 0.100022018 0.000000000
5097 0.955835342 0.044164628 0.000000000
5098 0.975904942 0.024095040 0.000000000
5099 0.759770095 0.240229890 0.000000000
5100 0.940055907 0.059944112 0.000000000
5101 0.814785302 0.185214683 0.000000000
5102 0.922096193 0.077903785 0.000000000
5103 0.869627476 0.130372554 0.000000000
5104 0.857365370 0.142634615 0.000000000
5105 0.000000000 1.000000000 0.000000000
5106 0.741928637 0.258071333 0.000000000
5107 0.740199029 0.259801000 0.000000000
5108 0.444726348 0.555273652 0.000000000
5109 0.579625666 0.420374364 0.000000000
5110 0.651201606 0.348798394 0.000000000
5111 0.672307611 0.327692419 0.000000000
5112 0.423888385 0.576111615 0.000000000
5113 0.644694924 0.355305046 0.000000000
5114 0.530147433 0.469852567 0.000000000
5115 0.603221714 0.396778286 0.000000000
5116 0.577891886 0.422108144 0.000000000
5117 0.574543178 0.425456792 0.000000000
5118 0.628690124 0.371309876 0.000000000
5119 0.008794278 0.991205752 0.000000000
5120 0.367230326 0.632769644 0.000000000
5121 0.146590337 0.853409648 0.000000000
5122 0.398649067 0.601350904 0.000000000
5123 0.448999465 0.551000535 0.000000000
5124 0.416876942 0.583123088 0.000000000
5125 0.266019732 0.733980238 0.000000000
5126 0.445360571 0.554639399 0.000000000
5127 0.299126267 0.700873733 0.000000000
5128 0.477407396 0.522592604 0.000000000
5129 0.468651563 0.531348467 0.000000000
5130 0.441578209 0.558421791 0.000000000
5131 0.461346328 0.538653672 0.000000000
5132 0.428637236 0.571362793 0.000000000
5133 0.000000000 1.000000000 0.000000000
5134 0.058149543 0.941850483 0.000000000
5135 0.000000000 1.000000000 0.000000000
5136 0.066930987 0.933068991 0.000000000
5137 0.013527232 0.986472785 0.000000000
5138 0.018210065 0.981789947 0.000000000
5139 0.000000000 1.000000000 0.000000000
5140 0.000000000 1.000000000 0.000000000
5141 0.020038780 0.979961216 0.000000000
5142 0.007058747 0.992941260 0.000000000
5143 0.038778279 0.961221695 0.000000000
5144 0.019619761 0.980380237 0.000000000
5145 0.028349999 0.971650004 0.000000000
5146 0.001536086 0.998463929 0.000000000
5147 0.000000000 1.000000000 0.000000000
