0 0.000000000 0.649472177 0.350527823
1 0.000000000 0.691091895 0.308908105
2 0.000000000 0.657043338 0.342956662
3 0.000000000 0.950143635 0.049856361
4 0.000000000 0.999915063 0.000084958
5 0.000000000 0.983072877 0.016927131
6 0.000000000 0.996725798 0.003274188
7 0.000000000 0.999244392 0.000755581
8 0.000000000 0.961230397 0.038769580
9 0.000000000 0.734507322 0.265492678
10 0.000000000 0.845364273 0.154635727
11 0.000000000 0.637280166 0.362719834
12 0.000000000 0.447923452 0.552076578
13 0.000000000 0.169998959 0.830001056
14 0.000000000 0.644701421 0.355298549
15 0.000000000 0.501017451 0.498982579
16 0.000000000 0.812856197 0.187143818
17 0.000000000 0.996499002 0.003500972
18 0.000000000 0.989080727 0.010919282
19 0.000000000 0.994472086 0.005527903
20 0.000000000 0.958074510 0.041925468
21 0.000000000 0.996290088 0.003709919
22 0.000000000 0.697763622 0.302236378
23 0.000000000 0.605094731 0.394905269
24 0.000000000 0.417084157 0.582915843
25 0.000000000 0.087842628 0.912157357
26 0.998728991 0.001099231 0.000171755
27 0.999213219 0.000401556 0.000385252
28 0.994472921 0.005230982 0.000296069
29 0.917931139 0.014100020 0.067968868
30 0.834590614 0.139811292 0.025598073
31 0.500131726 0.465035826 0.034832451
32 0.269027233 0.641975701 0.088997066
33 0.568230033 0.391842335 0.039927609
34 0.449366450 0.369239599 0.181393951
35 0.017910160 0.889389575 0.092700295
36 0.000042566 0.672499955 0.327457458
37 0.000043256 0.918325365 0.081631370
38 0.000085393 0.405327588 0.594587028
39 0.998914599 0.000322685 0.000762709
40 0.998650730 0.000374382 0.000974864
41 0.991429090 0.004632132 0.003938773
42 0.932926953 0.021253923 0.045819137
43 0.840565920 0.158817396 0.000616709
44 0.762644112 0.226560488 0.010795411
45 0.750400126 0.249471486 0.000128403
46 0.696174979 0.265306205 0.038518798
47 0.119955160 0.703895926 0.176148891
48 0.156728446 0.788512468 0.054759108
49 0.015100267 0.885933578 0.098966129
50 0.000000000 0.916738331 0.083261646
51 0.000000000 0.472064883 0.527935088
52 0.993425846 0.006574142 0.000000000
53 0.999861538 0.000138485 0.000000000
54 0.992298186 0.007701801 0.000000000
55 0.967901230 0.032098766 0.000000000
56 0.500000000 0.500000000 0.000000000
57 0.267629325 0.732370675 0.000000000
58 0.045454547 0.954545438 0.000000000
59 0.619890273 0.380109727 0.000000000
60 0.220085502 0.779914498 0.000000000
61 0.017806496 0.982193530 0.000000000
62 0.001241722 0.998758256 0.000000000
63 0.000175131 0.999824882 0.000000000
64 0.000000000 1.000000000 0.000000000
65 0.877912760 0.122087255 0.000000000
66 0.997723281 0.002276707 0.000000000
67 0.795593262 0.204406708 0.000000000
68 1.000000000 0.000000000 0.000000000
69 0.070937239 0.929062784 0.000000000
70 0.598127246 0.401872724 0.000000000
71 0.158107758 0.841892242 0.000000000
72 0.140102103 0.859897912 0.000000000
73 0.000000000 1.000000000 0.000000000
74 0.000215424 0.999784589 0.000000000
75 0.000322581 0.999677420 0.000000000
76 0.000232891 0.999767125 0.000000000
77 0.000000000 1.000000000 0.000000000
78 0.000000000 0.169528082 0.830471933
79 0.000000000 0.838958681 0.161041319
80 0.000000000 0.055755261 0.944244742
81 0.000000000 0.612608552 0.387391478
82 0.000000000 0.789204001 0.210795984
83 0.000000000 0.573510349 0.426489651
84 0.000000000 0.644144952 0.355855048
85 0.000000000 0.395519018 0.604480982
86 0.000000000 0.997706413 0.002293578
87 0.000000000 0.580544472 0.419455528
88 0.000000000 0.372970819 0.627029181
89 0.000000000 0.384236604 0.615763426
90 0.000000000 0.161049038 0.838950932
91 0.000000000 0.636352539 0.363647461
92 0.000000000 0.308645278 0.691354752
93 0.000000000 0.869370937 0.130629063
94 0.000000000 0.399261385 0.600738585
95 0.000000000 0.189170480 0.810829520
96 0.000000000 0.741722584 0.258277416
97 0.000000000 0.299845874 0.700154126
98 0.000000000 0.554945171 0.445054829
99 0.000000000 0.423545688 0.576454282
100 0.000000000 0.827665448 0.172334522
101 0.000000000 0.887943685 0.112056300
102 0.000000000 0.500184298 0.499815673
103 0.000000000 0.816603124 0.183396846
104 0.000000000 0.608753741 0.391246259
105 0.000000000 0.222563699 0.777436316
106 0.000000000 0.590565026 0.409434944
107 0.000000000 0.639795899 0.360204130
108 0.000000000 1.000000000 0.000000000
109 0.000000000 0.950459659 0.049540348
110 0.000000000 0.817273140 0.182726860
111 0.000000000 0.820345879 0.179654106
112 0.000000000 1.000000000 0.000000000
113 0.000000000 0.829094231 0.170905754
114 0.000000000 0.795928299 0.204071701
115 0.000000000 0.836570680 0.163429290
116 0.000000000 0.979702652 0.020297375
117 0.000000000 0.372170299 0.627829671
118 0.000000000 0.784696043 0.215303972
119 0.000000000 0.659470260 0.340529710
120 0.000000000 0.001689189 0.998310804
121 0.000000000 0.999184310 0.000815661
122 0.000000000 0.888610780 0.111389227
123 0.000000000 0.991016388 0.008983604
124 0.000000000 0.993288577 0.006711409
125 0.000000000 0.674169779 0.325830221
126 0.000000000 0.946569920 0.053430095
127 0.000000000 0.870945454 0.129054576
128 0.000000000 0.897575676 0.102424338
129 0.000000000 0.980565429 0.019434560
130 0.000000000 0.999620616 0.000379363
131 0.000000000 0.981279194 0.018720796
132 0.000000000 0.990807712 0.009192277
133 0.000000000 0.969473064 0.030526929
134 0.000000000 0.467923135 0.532076836
135 0.000000000 0.969739139 0.030260887
136 0.000000000 0.977508664 0.022491347
137 0.000000000 0.999215066 0.000784929
138 0.000000000 0.992687821 0.007312160
139 0.000000000 0.992146969 0.007853003
140 0.000000000 0.970174909 0.029825063
141 0.000000000 0.984283388 0.015716642
142 0.000000000 1.000000000 0.000000000
143 0.000000000 0.997532904 0.002467105
144 0.000000000 0.998257816 0.001742160
145 0.000000000 0.999186993 0.000813008
146 0.000000000 0.964230120 0.035769898
147 0.000000000 0.996297419 0.003702575
148 0.000000000 0.477239639 0.522760332
149 0.000000000 0.999240100 0.000759878
150 0.000000000 1.000000000 0.000000000
151 0.000000000 0.995319426 0.004680560
152 0.000000000 0.994248092 0.005751879
153 0.000000000 0.779029906 0.220970094
154 0.000000000 1.000000000 0.000000000
155 0.000000000 0.994836509 0.005163511
156 0.000000000 0.994800568 0.005199439
157 0.000000000 0.976444900 0.023555089
158 0.000000000 0.957514584 0.042485438
159 0.000000000 0.991561294 0.008438680
160 0.000000000 0.972431064 0.027568921
161 0.000000000 0.974875450 0.025124570
162 0.000000000 0.936453044 0.063546933
163 0.000000000 1.000000000 0.000000000
164 0.000000000 0.969063938 0.030936046
165 0.000000000 0.995581627 0.004418345
166 0.000000000 0.971555412 0.028444616
167 0.000000000 0.888745606 0.111254394
168 0.000000000 0.966723859 0.033276170
169 0.000000000 0.995518208 0.004481793
170 0.000000000 0.957989633 0.042010363
171 0.000000000 0.999252617 0.000747384
172 0.000000000 0.948129177 0.051870849
173 0.000000000 0.992799163 0.007200843
174 0.000000000 0.940851629 0.059148379
175 0.000000000 0.996753275 0.003246753
176 0.000000000 0.413529932 0.586470068
177 0.000000000 0.946050227 0.053949799
178 0.000000000 0.947417736 0.052582238
179 0.000000000 0.996668398 0.003331601
180 0.000000000 0.549092054 0.450907946
181 0.000000000 0.947284222 0.052715790
182 0.000000000 0.983733237 0.016266741
183 0.000000000 0.991293550 0.008706467
184 0.000000000 0.992857158 0.007142857
185 0.000000000 0.959453464 0.040546548
186 0.000000000 0.994547009 0.005453020
187 0.000000000 0.999111891 0.000888099
188 0.000000000 0.992553532 0.007446443
189 0.000000000 0.888155401 0.111844607
190 0.000000000 0.358389825 0.641610205
191 0.000000000 0.979296327 0.020703647
192 0.000000000 0.733350158 0.266649812
193 0.000000000 0.820557892 0.179442078
194 0.000000000 1.000000000 0.000000000
195 0.000000000 0.807759106 0.192240894
196 0.000000000 0.940168738 0.059831288
197 0.000000000 0.818701565 0.181298435
198 0.000000000 0.920759499 0.079240516
199 0.000000000 1.000000000 0.000000000
200 0.000000000 0.913814127 0.086185902
201 0.000000000 0.901113510 0.098886505
202 0.000000000 0.804997206 0.195002764
203 0.000000000 0.974387586 0.025612388
204 0.000000000 0.738580763 0.261419207
205 0.000000000 0.352035344 0.647964656
206 0.000000000 0.747274578 0.252725422
207 0.000000000 0.768821716 0.231178284
208 0.000000000 0.446839809 0.553160191
209 0.000000000 0.072564721 0.927435279
210 0.000000000 0.145491943 0.854508042
211 0.000000000 0.432650447 0.567349553
212 0.000000000 0.731084466 0.268915564
213 0.000000000 0.078290813 0.921709180
214 0.000000000 0.497903854 0.502096117
215 0.000000000 0.611183941 0.388816059
216 0.000000000 0.689634204 0.310365766
217 0.000000000 0.704611659 0.295388341
218 0.000000000 0.641129851 0.358870149
219 0.000000000 0.329386294 0.670613706
220 0.000000000 0.557482421 0.442517549
221 0.000000000 0.184780344 0.815219641
222 0.000000000 0.662039101 0.337960929
223 0.000000000 0.289891064 0.710108936
224 0.000000000 0.436736673 0.563263297
225 0.000000000 0.006127451 0.993872523
226 0.000000000 0.342810333 0.657189667
227 0.000000000 0.003520277 0.996479750
228 0.000000000 0.459425300 0.540574670
229 0.000000000 0.378391474 0.621608496
230 0.000000000 0.123845287 0.876154721
231 0.000000000 0.215826347 0.784173667
232 0.000000000 0.156006962 0.843993068
233 0.000000000 0.667790353 0.332209617
234 0.000000000 0.668220162 0.331779838
235 0.000000000 0.063907303 0.936092675
236 0.000000000 0.208335161 0.791664839
237 0.000000000 0.022900764 0.977099240
238 0.000000000 0.743497789 0.256502211
239 0.000000000 0.625558376 0.374441624
240 0.000000000 0.247968301 0.752031684
241 0.000000000 0.646323085 0.353676885
242 0.000000000 0.177667394 0.822332621
243 0.000000000 0.090848446 0.909151554
244 0.000000000 0.085089080 0.914910913
245 0.000000000 0.190807387 0.809192598
246 0.000000000 0.169624105 0.830375910
247 0.000000000 0.000000000 1.000000000
248 0.000000000 0.324684530 0.675315440
249 0.000000000 0.960169971 0.039830003
250 0.000000000 0.213952720 0.786047280
251 0.000000000 0.583333313 0.416666657
252 0.000000000 0.526315808 0.473684222
253 0.000000000 0.422530711 0.577469289
254 0.000000000 0.096598811 0.903401196
255 0.000000000 0.598214269 0.401785702
256 0.000000000 0.527777791 0.472222209
257 0.000000000 0.032642089 0.967357934
258 0.000000000 0.531095505 0.468904495
259 0.000000000 0.532958567 0.467041433
260 0.000000000 0.056727100 0.943272889
261 0.000000000 0.000000000 1.000000000
262 0.000000000 0.560858071 0.439141929
263 0.000000000 0.665058255 0.334941745
264 0.000000000 0.286935329 0.713064671
265 0.000000000 0.431629807 0.568370163
266 0.000000000 0.638486922 0.361513048
267 0.000000000 0.262937427 0.737062573
268 0.000000000 0.228445530 0.771554470
269 0.000000000 0.299271733 0.700728297
270 0.000000000 0.219488859 0.780511141
271 0.000000000 0.266978890 0.733021140
272 0.000000000 0.670250535 0.329749465
273 0.000000000 0.489228725 0.510771275
274 0.000000000 0.319474399 0.680525601
275 0.000000000 0.006097561 0.993902445
276 0.000000000 0.782500863 0.217499152
277 0.000000000 0.923291862 0.076708123
278 0.000000000 0.778480113 0.221519887
279 0.000000000 0.477260500 0.522739530
280 0.000000000 0.602559328 0.397440702
281 0.000000000 0.692132354 0.307867676
282 0.000000000 0.687780738 0.312219292
283 0.000000000 0.733439088 0.266560912
284 0.000000000 0.765674949 0.234325036
285 0.000000000 0.788123965 0.211876035
286 0.000000000 0.764494479 0.235505551
287 0.000000000 0.704465747 0.295534253
288 0.000000000 0.727110445 0.272889555
289 0.000000000 0.000000000 1.000000000
290 0.000000000 0.857576489 0.142423511
291 0.000000000 0.746467590 0.253532410
292 0.000000000 0.863681078 0.136318922
293 0.000000000 0.965183973 0.034816012
294 0.000000000 0.662126780 0.337873220
295 0.000000000 0.992469907 0.007530121
296 0.000000000 0.991362751 0.008637236
297 0.000000000 0.502267420 0.497732550
298 0.000000000 0.858902216 0.141097754
299 0.000000000 0.998363316 0.001636661
300 0.000000000 0.875156581 0.124843404
301 0.000000000 0.794119179 0.205880851
302 0.000000000 0.886285961 0.113714017
303 0.000000000 0.000000000 1.000000000
304 0.000000000 0.997638702 0.002361319
305 0.000000000 0.983388722 0.016611295
306 0.000000000 1.000000000 0.000000000
307 0.000000000 0.924145997 0.075853996
308 0.000000000 0.954410493 0.045589533
309 0.000000000 0.998402536 0.001597444
310 0.000000000 0.999173582 0.000826446
311 0.000000000 0.676347256 0.323652714
312 0.000000000 0.991708100 0.008291874
313 0.000000000 0.991302431 0.008697585
314 0.000000000 0.987088323 0.012911648
315 0.000000000 0.870769441 0.129230559
316 0.000000000 0.976722360 0.023277655
317 0.000000000 0.000000000 1.000000000
318 0.000000000 0.997520685 0.002479339
319 0.000000000 0.996884763 0.003115265
320 0.000000000 0.981809139 0.018190876
321 0.000000000 0.983608603 0.016391391
322 0.000000000 0.999189615 0.000810373
323 0.000000000 0.981510043 0.018489985
324 0.000000000 0.975399554 0.024600422
325 0.000000000 0.994682133 0.005317863
326 0.000000000 0.999230742 0.000769231
327 0.000000000 0.997634053 0.002365931
328 0.000000000 0.927938700 0.072061330
329 0.000000000 0.994224429 0.005775577
330 0.000000000 0.941168845 0.058831166
331 0.000000000 0.001694915 0.998305082
332 0.000000000 0.978815436 0.021184554
333 0.000000000 0.990790308 0.009209679
334 0.000000000 0.943220317 0.056779660
335 0.000000000 0.936197162 0.063802846
336 0.000000000 0.930694818 0.069305159
337 0.000000000 0.956305265 0.043694757
338 0.000000000 0.998089969 0.001910017
339 0.000000000 0.981363177 0.018636847
340 0.000000000 0.973614931 0.026385048
341 0.000000000 0.998207867 0.001792115
342 0.000000000 0.813574731 0.186425269
343 0.000000000 0.973861694 0.026138280
344 0.000000000 1.000000000 0.000000000
345 0.000000000 0.006622517 0.993377507
346 0.000000000 0.998322129 0.001677852
347 0.000000000 0.976414919 0.023585094
348 0.000000000 0.962801218 0.037198760
349 0.000000000 0.990261137 0.009738870
350 0.000000000 0.865646243 0.134353742
351 0.000000000 0.973076940 0.026923077
352 0.000000000 0.848979533 0.151020497
353 0.000000000 0.921725214 0.078274757
354 0.000000000 0.963673234 0.036326736
355 0.000000000 0.889389753 0.110610269
356 0.000000000 0.986999214 0.013000770
357 0.000000000 0.905468762 0.094531253
358 0.000000000 0.908917665 0.091082320
359 0.000000000 0.000000000 1.000000000
360 0.000000000 0.918046117 0.081953876
361 0.000000000 0.973252475 0.026747502
362 0.000000000 0.986866355 0.013133640
363 0.000000000 0.999205112 0.000794913
364 0.000000000 0.419213593 0.580786407
365 0.000000000 0.697229028 0.302771002
366 0.000000000 0.987544417 0.012455590
367 0.000000000 0.742661536 0.257338434
368 0.000000000 0.972499609 0.027500411
369 0.000000000 0.882245600 0.117754422
370 0.000000000 0.981139481 0.018860536
371 0.000000000 0.901705265 0.098294720
372 0.000000000 0.770918548 0.229081482
373 0.000000000 0.002202643 0.997797370
374 0.000000000 0.199136630 0.800863385
375 0.000000000 0.408786356 0.591213644
376 0.000000000 0.689722240 0.310277790
377 0.000000000 0.117889635 0.882110357
378 0.000000000 0.247056782 0.752943218
379 0.000000000 0.159131214 0.840868771
380 0.000000000 0.306152314 0.693847716
381 0.000000000 0.209746793 0.790253222
382 0.000000000 0.546080351 0.453919679
383 0.000000000 0.138551295 0.861448705
384 0.000000000 0.047470100 0.952529907
385 0.000000000 0.346931577 0.653068423
386 0.000000000 0.335313290 0.664686739
387 0.000000000 0.002512563 0.997487426
388 0.000000000 0.000000000 1.000000000
389 0.000000000 0.000000000 1.000000000
390 0.000000000 0.007642563 0.992357433
391 0.000000000 0.015358361 0.984641612
392 0.000000000 0.004291845 0.995708168
393 0.000000000 0.007352941 0.992647052
394 0.000000000 0.000000000 1.000000000
395 0.000000000 0.184118211 0.815881789
396 0.000000000 0.002100840 0.997899175
397 0.000000000 0.194655493 0.805344522
398 0.000000000 0.003846154 0.996153831
399 0.000000000 0.005791506 0.994208515
400 0.000000000 0.026362274 0.973637700
401 0.000000000 0.000000000 1.000000000
402 0.000000000 0.003584229 0.996415794
403 0.000000000 0.016393442 0.983606577
404 0.000000000 0.000000000 1.000000000
405 0.000000000 0.000000000 1.000000000
406 0.000000000 0.000000000 1.000000000
407 0.000000000 0.000000000 1.000000000
408 0.000000000 0.000000000 1.000000000
409 0.000000000 0.000000000 1.000000000
410 0.000000000 0.180327863 0.819672108
411 0.000000000 0.020408163 0.979591846
412 0.000000000 0.000000000 1.000000000
413 0.000000000 0.000000000 1.000000000
414 0.000000000 0.000000000 1.000000000
415 0.000000000 0.026315790 0.973684192
416 0.008130081 0.026422765 0.965447128
417 0.993194342 0.003115265 0.003690391
418 1.000000000 0.000000000 0.000000000
419 0.986531973 0.006734007 0.006734007
420 0.980785310 0.002923977 0.016290726
421 1.000000000 0.000000000 0.000000000
422 0.993527532 0.003236246 0.003236246
423 0.969444454 0.002777778 0.027777778
424 0.927917540 0.006854257 0.065228172
425 0.947222233 0.011111111 0.041666668
426 0.991935492 0.002688172 0.005376344
427 0.961904764 0.019047620 0.019047620
428 0.974515259 0.000000000 0.025484765
429 0.994195700 0.000000000 0.005804312
430 0.000000000 0.000000000 1.000000000
431 0.989501297 0.005249344 0.005249344
432 0.995954692 0.001618123 0.002427184
433 1.000000000 0.000000000 0.000000000
434 0.961368918 0.000000000 0.038631108
435 0.978376150 0.000000000 0.021623828
436 0.928311348 0.000000000 0.071688645
437 0.983876646 0.000797448 0.015325925
438 1.000000000 0.000000000 0.000000000
439 0.991319418 0.004340278 0.004340278
440 0.996554673 0.001722653 0.001722653
441 0.994986534 0.000000000 0.005013452
442 0.977401137 0.011299435 0.011299435
443 0.938359797 0.009523810 0.052116401
444 0.000000000 0.015243903 0.984756112
445 0.998033404 0.000983284 0.000983284
446 0.981224597 0.018775394 0.000000000
447 0.981194019 0.001118568 0.017687410
448 1.000000000 0.000000000 0.000000000
449 0.985064328 0.001089325 0.013846330
450 0.959176540 0.000000000 0.040823486
451 0.876444161 0.117850803 0.005705009
452 0.949172378 0.002483855 0.048343766
453 0.987261176 0.006369427 0.006369427
454 0.982092977 0.015849428 0.002057613
455 0.817701161 0.083436191 0.098862655
456 0.996254683 0.001872659 0.001872659
457 0.993837893 0.000657462 0.005504660
458 0.000000000 0.008230452 0.991769552
459 0.982154250 0.008922881 0.008922881
460 0.994910955 0.003180661 0.001908397
461 0.790582061 0.206798404 0.002619515
462 0.948067188 0.044714130 0.007218709
463 0.978054047 0.000613874 0.021332106
464 0.864232540 0.131751388 0.004016064
465 0.989998460 0.000639795 0.009361733
466 0.995395064 0.000145132 0.004459809
467 0.977634788 0.015790593 0.006574622
468 0.950219572 0.033578657 0.016201777
469 0.993299842 0.000000000 0.006700167
470 0.774981499 0.059027627 0.165990889
471 0.705276966 0.287015945 0.007707079
472 0.002200220 0.007150715 0.990649045
473 0.914063871 0.077387273 0.008548850
474 0.923986673 0.075496517 0.000516796
475 0.669600844 0.311346322 0.019052831
476 0.989586234 0.006680443 0.003733333
477 0.956377745 0.041696452 0.001925798
478 0.994675159 0.002662407 0.002662407
479 0.754452527 0.230683550 0.014863930
480 0.705042183 0.240896001 0.054061830
481 0.800466180 0.197322622 0.002211166
482 0.782351613 0.188203022 0.029445397
483 0.687176168 0.291589767 0.021234065
484 0.959197640 0.039339427 0.001462951
485 0.631084144 0.368915856 0.000000000
486 0.000000000 0.011869436 0.988130569
487 0.990086198 0.007316385 0.002597403
488 0.979196489 0.009728203 0.011075323
489 0.745371282 0.244995952 0.009632792
490 0.988747835 0.001001001 0.010251149
491 0.970441818 0.025707502 0.003850701
492 0.950260282 0.028661810 0.021077886
493 0.843804359 0.143757835 0.012437811
494 0.599162638 0.389557034 0.011280316
495 0.651080430 0.344890296 0.004029304
496 0.972957611 0.026516644 0.000525762
497 0.996592820 0.001703577 0.001703577
498 0.938354850 0.023141298 0.038503852
499 0.988162518 0.006752758 0.005084746
500 0.001129944 0.001129944 0.997740090
501 0.845338762 0.149540529 0.005120730
502 0.972043335 0.027956648 0.000000000
503 0.761077642 0.215035364 0.023887007
504 0.750104547 0.240535587 0.009359842
505 0.448785603 0.306519985 0.244694382
506 0.927464247 0.012652358 0.059883412
507 0.788011491 0.182767212 0.029221309
508 0.909800291 0.089667246 0.000532481
509 0.894051671 0.104774624 0.001173709
510 0.700328290 0.266294956 0.033376768
511 0.899485171 0.100514822 0.000000000
512 0.986692429 0.009149174 0.004158393
513 0.832474232 0.137986168 0.029539574
514 0.002207506 0.002207506 0.995584965
515 0.334685653 0.665314317 0.000000000
516 0.772816360 0.226629928 0.000553710
517 0.759452045 0.220937371 0.019610591
518 0.560587883 0.392323077 0.047089040
519 0.709499717 0.284862429 0.005637864
520 0.736645699 0.198750764 0.064603552
521 0.552555203 0.418468952 0.028975844
522 0.710458755 0.284939080 0.004602160
523 0.686421633 0.295206606 0.018371750
524 0.855953395 0.141936868 0.002109705
525 0.332720548 0.583304107 0.083975345
526 0.604913294 0.359504312 0.035582386
527 0.860747278 0.123321213 0.015931495
528 0.003571429 0.006696429 0.989732146
529 0.413054258 0.505912781 0.081032984
530 0.172424749 0.792002499 0.035572767
531 0.615877986 0.361177266 0.022944758
532 0.580117226 0.392793506 0.027089281
533 0.063862704 0.876447499 0.059689771
534 0.560647190 0.369750470 0.069602333
535 0.270509928 0.695609868 0.033880211
536 0.487190336 0.511206985 0.001602663
537 0.271319717 0.505002618 0.223677665
538 0.488467515 0.435138285 0.076394200
539 0.372158527 0.518729091 0.109112352
540 0.359429985 0.500027657 0.140542388
541 0.398940057 0.527500987 0.073558964
542 0.001468429 0.014684288 0.983847260
543 0.316467494 0.640928984 0.042603549
544 0.232675508 0.692919731 0.074404761
545 0.130382150 0.743678093 0.125939772
546 0.000000000 0.779886127 0.220113873
547 0.000000000 0.819012046 0.180987969
548 0.006719993 0.924344182 0.068935826
549 0.023093561 0.878302097 0.098604321
550 0.039734680 0.827803969 0.132461339
551 0.167414472 0.722605646 0.109979883
552 0.045641765 0.810370624 0.143987641
553 0.086353667 0.863485634 0.050160687
554 0.159922838 0.839888215 0.000188964
555 0.179946169 0.723798394 0.096255437
556 0.001675042 0.009212730 0.989112198
557 0.000000000 0.710128486 0.289871514
558 0.000000000 0.342175066 0.657824934
559 0.002743484 0.009566097 0.987690449
560 0.005688282 0.224448919 0.769862771
561 0.005722461 0.858533800 0.135743752
562 0.000000000 0.941343129 0.058656849
563 0.000000000 0.949130356 0.050869625
564 0.029247370 0.010642163 0.960110486
565 0.005602241 0.005821732 0.988576055
566 0.044659767 0.543505430 0.411834776
567 0.000000000 0.757184148 0.242815882
568 0.001287001 0.699887812 0.298825175
569 0.023749027 0.937974036 0.038276937
570 0.009732360 0.009732360 0.980535269
571 0.004778972 0.022700120 0.972520888
572 0.010928961 0.010928961 0.978142083
573 0.000000000 0.129112720 0.870887280
574 0.000000000 0.111111112 0.888888896
575 0.000000000 0.239583328 0.760416687
576 0.000000000 0.002272727 0.997727275
577 0.000000000 0.084593490 0.915406525
578 0.000000000 0.000000000 1.000000000
579 0.054644808 0.413533300 0.531821907
580 0.013605442 0.013605442 0.972789109
581 0.000000000 0.000000000 1.000000000
582 0.000000000 0.000000000 1.000000000
583 0.000000000 0.030539773 0.969460249
584 0.017543860 0.050438598 0.932017565
585 0.000000000 0.018939395 0.981060624
586 0.988002241 0.000000000 0.011997744
587 0.932609499 0.000000000 0.067390501
588 0.970666647 0.014666666 0.014666666
589 0.992971897 0.002008032 0.005020080
590 0.996941924 0.001529052 0.001529052
591 0.946808517 0.000000000 0.053191490
592 1.000000000 0.000000000 0.000000000
593 1.000000000 0.000000000 0.000000000
594 1.000000000 0.000000000 0.000000000
595 0.970275998 0.014861995 0.014861995
596 0.875569165 0.002252252 0.122178555
597 0.929693282 0.000000000 0.070306703
598 0.997584522 0.001207729 0.001207729
599 0.000000000 0.001760563 0.998239458
600 1.000000000 0.000000000 0.000000000
601 0.983640075 0.008179959 0.008179959
602 0.827004194 0.004219409 0.168776378
603 0.995740175 0.002129925 0.002129925
604 0.990675986 0.004662005 0.004662005
605 1.000000000 0.000000000 0.000000000
606 0.979020178 0.000000000 0.020979799
607 1.000000000 0.000000000 0.000000000
608 0.994954407 0.003829055 0.001216545
609 0.975518167 0.000000000 0.024481850
610 0.995771408 0.002312868 0.001915709
611 1.000000000 0.000000000 0.000000000
612 0.950354636 0.024822695 0.024822695
613 0.000000000 0.005252101 0.994747877
614 0.983606577 0.008196721 0.008196721
615 0.994962215 0.002518892 0.002518892
616 0.994680822 0.002659574 0.002659574
617 0.994840026 0.000000000 0.005159959
618 0.993940473 0.000000000 0.006059557
619 1.000000000 0.000000000 0.000000000
620 0.996254683 0.001872659 0.001872659
621 0.956874967 0.000000000 0.043125037
622 0.994152069 0.002923977 0.002923977
623 0.976147711 0.000874891 0.022977391
624 0.997076035 0.001461988 0.001461988
625 0.987192988 0.000000000 0.012807017
626 0.986289620 0.006855184 0.006855184
627 0.333333343 0.333333343 0.333333343
628 0.986941874 0.003598609 0.009459516
629 1.000000000 0.000000000 0.000000000
630 1.000000000 0.000000000 0.000000000
631 0.996615887 0.001692047 0.001692047
632 0.861926198 0.024309782 0.113764018
633 0.995043397 0.002478315 0.002478315
634 1.000000000 0.000000000 0.000000000
635 0.969735503 0.000000000 0.030264493
636 0.994106531 0.003338075 0.002555366
637 0.904641211 0.069630198 0.025728572
638 0.994627833 0.000000000 0.005372173
639 0.985645950 0.000000000 0.014354067
640 0.995621264 0.002189382 0.002189382
641 0.002506266 0.003446115 0.994047642
642 0.982627571 0.000542888 0.016829534
643 0.635735929 0.362466574 0.001797501
644 0.981560886 0.009791309 0.008647799
645 0.979501426 0.019949434 0.000549149
646 0.985629618 0.000000000 0.014370397
647 0.997957110 0.002042901 0.000000000
648 0.897491336 0.093166724 0.009341931
649 0.981587946 0.002837410 0.015574635
650 0.764945090 0.232337818 0.002717118
651 0.906048536 0.093369722 0.000581734
652 1.000000000 0.000000000 0.000000000
653 0.914663553 0.078523822 0.006812632
654 0.988547146 0.005291599 0.006161232
655 0.002380952 0.002380952 0.995238066
656 0.977604091 0.007837301 0.014558634
657 0.881466985 0.101013340 0.017519685
658 0.563000679 0.367481083 0.069518253
659 0.682810664 0.312878996 0.004310345
660 0.742993653 0.241241217 0.015765153
661 0.794353902 0.167160213 0.038485892
662 0.941094995 0.052588105 0.006316914
663 0.967159867 0.029070400 0.003769723
664 0.777974010 0.135467350 0.086558640
665 0.462409854 0.504532278 0.033057861
666 0.984562337 0.006931576 0.008506114
667 0.797433376 0.202566653 0.000000000
668 0.997765243 0.001643734 0.000591017
669 0.000000000 0.000429553 0.999570429
670 1.000000000 0.000000000 0.000000000
671 1.000000000 0.000000000 0.000000000
672 0.922855616 0.014934987 0.062209394
673 0.655430675 0.342240095 0.002329193
674 0.417578161 0.512686312 0.069735534
675 0.991632521 0.008367471 0.000000000
676 0.739239633 0.124110304 0.136650071
677 0.534750819 0.447186768 0.018062443
678 0.995009959 0.002495010 0.002495010
679 0.705955863 0.294044167 0.000000000
680 0.446260422 0.444143474 0.109596118
681 0.724115312 0.275048554 0.000836120
682 0.556260824 0.439502597 0.004236589
683 0.000000000 0.000000000 1.000000000
684 0.430515796 0.566299677 0.003184560
685 0.622061431 0.352530867 0.025407687
686 0.774874091 0.222367361 0.002758515
687 0.888170838 0.104793780 0.007035377
688 0.692461252 0.290662020 0.016876763
689 0.592474759 0.326356143 0.081169121
690 1.000000000 0.000000000 0.000000000
691 0.497437328 0.502562642 0.000000000
692 0.560867131 0.435250431 0.003882418
693 0.801414788 0.197951749 0.000633446
694 0.713087201 0.223956674 0.062956139
695 0.990384638 0.009615385 0.000000000
696 0.286934584 0.713065445 0.000000000
697 0.003030303 0.016666668 0.980303049
698 0.551724315 0.446502626 0.001773050
699 0.279655755 0.716243148 0.004101074
700 0.618664443 0.348073184 0.033262376
701 0.483965784 0.437543631 0.078490585
702 0.019426960 0.620510995 0.360062063
703 0.074914262 0.785126448 0.139959320
704 0.026571786 0.861349285 0.112078905
705 0.517533362 0.435950637 0.046515971
706 0.855493128 0.125241145 0.019265743
707 0.550729811 0.374038696 0.075231485
708 0.348394215 0.649853110 0.001752631
709 0.841727853 0.156430498 0.001841621
710 0.932604253 0.043820053 0.023575692
711 0.000000000 0.001420455 0.998579562
712 0.000000000 0.925756812 0.074243188
713 0.035447612 0.848140717 0.116411671
714 0.042043444 0.842045426 0.115911156
715 0.357517719 0.428185463 0.214296818
716 0.000000000 0.809523821 0.190476194
717 0.026190579 0.953261495 0.020547945
718 0.000000000 0.461187214 0.538812757
719 0.248734757 0.737408161 0.013857069
720 0.000000000 0.862804890 0.137195125
721 0.000000000 0.548245132 0.451754868
722 0.000000000 0.440993786 0.559006214
723 0.005847953 0.959532738 0.034619320
724 0.000000000 0.864173234 0.135826766
725 0.000000000 0.002890173 0.997109830
726 0.000000000 0.000000000 1.000000000
727 0.000000000 0.215547696 0.784452319
728 0.017555274 0.042444725 0.939999998
729 0.001225490 0.001225490 0.997548997
730 0.002754821 0.502099514 0.495145708
731 0.001831502 0.001831502 0.996336997
732 0.103174604 0.260912687 0.635912716
733 0.000000000 0.001760563 0.998239458
734 0.000000000 0.936422110 0.063577883
735 0.005586592 0.005586592 0.988826811
736 0.002267574 0.256630152 0.741102278
737 0.304162443 0.390371591 0.305465966
738 0.000000000 0.060407910 0.939592063
739 0.000000000 0.000000000 1.000000000
740 0.004884005 0.004884005 0.990231991
741 0.000000000 0.000000000 1.000000000
742 0.000000000 0.013157895 0.986842096
743 0.000000000 0.000000000 1.000000000
744 0.190476194 0.190476194 0.619047642
745 0.000000000 0.006849315 0.993150711
746 0.004166667 0.004166667 0.991666675
747 0.005555556 0.007638889 0.986805558
748 0.000000000 0.000000000 1.000000000
749 0.000000000 0.000000000 1.000000000
750 0.013333334 0.029359315 0.957307339
751 0.000000000 0.000000000 1.000000000
752 0.000000000 0.017543860 0.982456148
753 0.014492754 0.014492754 0.971014500
754 0.002976191 0.997023821 0.000000000
755 0.992537320 0.007462686 0.000000000
756 1.000000000 0.000000000 0.000000000
757 1.000000000 0.000000000 0.000000000
758 0.976190448 0.023809524 0.000000000
759 1.000000000 0.000000000 0.000000000
760 0.993421078 0.006578947 0.000000000
761 1.000000000 0.000000000 0.000000000
762 0.500000000 0.500000000 0.000000000
763 0.990445852 0.009554140 0.000000000
764 0.992063463 0.007936508 0.000000000
765 0.987551868 0.012448133 0.000000000
766 1.000000000 0.000000000 0.000000000
767 1.000000000 0.000000000 0.000000000
768 0.024647888 0.975352108 0.000000000
769 1.000000000 0.000000000 0.000000000
770 0.998031497 0.001968504 0.000000000
771 0.998575509 0.001424501 0.000000000
772 1.000000000 0.000000000 0.000000000
773 0.982919276 0.017080745 0.000000000
774 0.997395813 0.002604167 0.000000000
775 0.998015881 0.001984127 0.000000000
776 1.000000000 0.000000000 0.000000000
777 1.000000000 0.000000000 0.000000000
778 1.000000000 0.000000000 0.000000000
779 1.000000000 0.000000000 0.000000000
780 0.978787899 0.021212121 0.000000000
781 1.000000000 0.000000000 0.000000000
782 0.000000000 1.000000000 0.000000000
783 1.000000000 0.000000000 0.000000000
784 0.500000000 0.500000000 0.000000000
785 0.904761910 0.095238097 0.000000000
786 1.000000000 0.000000000 0.000000000
787 0.833333313 0.166666672 0.000000000
788 0.500000000 0.500000000 0.000000000
789 0.986486495 0.013513514 0.000000000
790 0.994382024 0.005617978 0.000000000
791 1.000000000 0.000000000 0.000000000
792 0.937500000 0.062500000 0.000000000
793 1.000000000 0.000000000 0.000000000
794 1.000000000 0.000000000 0.000000000
795 1.000000000 0.000000000 0.000000000
796 0.001689189 0.998310804 0.000000000
797 0.500000000 0.500000000 0.000000000
798 0.960317433 0.039682541 0.000000000
799 1.000000000 0.000000000 0.000000000
800 0.500000000 0.500000000 0.000000000
801 0.866484225 0.133515805 0.000000000
802 1.000000000 0.000000000 0.000000000
803 0.986486495 0.013513514 0.000000000
804 1.000000000 0.000000000 0.000000000
805 0.384375006 0.615625024 0.000000000
806 0.500000000 0.500000000 0.000000000
807 0.699999988 0.300000012 0.000000000
808 0.232445523 0.767554462 0.000000000
809 0.954545438 0.045454547 0.000000000
810 0.000000000 1.000000000 0.000000000
811 0.727272749 0.272727281 0.000000000
812 0.045454547 0.954545438 0.000000000
813 0.500000000 0.500000000 0.000000000
814 0.400000006 0.600000024 0.000000000
815 1.000000000 0.000000000 0.000000000
816 0.052631579 0.947368443 0.000000000
817 0.038461540 0.961538434 0.000000000
818 0.500000000 0.500000000 0.000000000
819 0.750000000 0.250000000 0.000000000
820 0.500000000 0.500000000 0.000000000
821 0.500000000 0.500000000 0.000000000
822 0.840909064 0.159090906 0.000000000
823 1.000000000 0.000000000 0.000000000
824 0.012903226 0.987096786 0.000000000
825 0.500000000 0.500000000 0.000000000
826 0.500000000 0.500000000 0.000000000
827 0.000000000 1.000000000 0.000000000
828 0.800000012 0.200000003 0.000000000
829 0.986111104 0.013888889 0.000000000
830 0.500000000 0.500000000 0.000000000
831 0.500000000 0.500000000 0.000000000
832 1.000000000 0.000000000 0.000000000
833 0.954545438 0.045454547 0.000000000
834 0.480243683 0.519756317 0.000000000
835 0.125000000 0.875000000 0.000000000
836 0.000000000 1.000000000 0.000000000
837 0.142857149 0.857142866 0.000000000
838 0.029411765 0.970588207 0.000000000
839 0.500000000 0.500000000 0.000000000
840 0.421428561 0.578571439 0.000000000
841 0.500000000 0.500000000 0.000000000
842 0.194444448 0.805555582 0.000000000
843 0.530256689 0.469743282 0.000000000
844 1.000000000 0.000000000 0.000000000
845 0.250000000 0.750000000 0.000000000
846 0.059999999 0.939999998 0.000000000
847 0.500000000 0.500000000 0.000000000
848 0.796875000 0.203125000 0.000000000
849 0.083333336 0.916666687 0.000000000
850 0.000000000 1.000000000 0.000000000
851 1.000000000 0.000000000 0.000000000
852 0.000000000 1.000000000 0.000000000
853 0.000000000 1.000000000 0.000000000
854 0.093750000 0.906250000 0.000000000
855 0.500000000 0.500000000 0.000000000
856 0.355904371 0.644095600 0.000000000
857 0.033333335 0.966666639 0.000000000
858 0.038461540 0.961538434 0.000000000
859 0.000000000 1.000000000 0.000000000
860 0.500000000 0.500000000 0.000000000
861 1.000000000 0.000000000 0.000000000
862 0.625000000 0.375000000 0.000000000
863 0.500000000 0.500000000 0.000000000
864 0.500000000 0.500000000 0.000000000
865 0.034482758 0.965517223 0.000000000
866 0.000000000 1.000000000 0.000000000
867 0.066666670 0.933333337 0.000000000
868 0.002941177 0.997058809 0.000000000
869 0.589285731 0.410714298 0.000000000
870 0.500000000 0.500000000 0.000000000
871 0.000000000 1.000000000 0.000000000
872 0.000000000 1.000000000 0.000000000
873 0.025786465 0.974213541 0.000000000
874 0.000000000 1.000000000 0.000000000
875 0.500000000 0.500000000 0.000000000
876 0.000000000 1.000000000 0.000000000
877 0.031914894 0.968085110 0.000000000
878 0.702956975 0.297043025 0.000000000
879 0.041666668 0.958333313 0.000000000
880 0.000000000 1.000000000 0.000000000
881 0.385740906 0.614259064 0.000000000
882 0.523833632 0.476166338 0.000000000
883 0.000000000 1.000000000 0.000000000
884 0.610581636 0.389418393 0.000000000
885 0.001118568 0.998881459 0.000000000
886 0.397884399 0.602115571 0.000000000
887 0.583626151 0.416373849 0.000000000
888 0.343680173 0.656319797 0.000000000
889 0.000000000 1.000000000 0.000000000
890 0.212543547 0.787456453 0.000000000
891 0.502977014 0.497023016 0.000000000
892 0.281076133 0.718923867 0.000000000
893 0.047848158 0.952151835 0.000000000
894 0.005319149 0.994680822 0.000000000
895 0.004166667 0.995833337 0.000000000
896 0.000000000 1.000000000 0.000000000
897 0.000000000 1.000000000 0.000000000
898 0.006944444 0.993055582 0.000000000
899 0.061923075 0.938076913 0.000000000
900 0.079583287 0.920416713 0.000000000
901 0.001231527 0.998768449 0.000000000
902 0.000000000 1.000000000 0.000000000
903 0.001269036 0.998730958 0.000000000
904 0.002347418 0.997652590 0.000000000
905 0.431931168 0.568068862 0.000000000
906 0.003904503 0.996095479 0.000000000
907 0.267351985 0.732648015 0.000000000
908 0.005813953 0.994186044 0.000000000
909 0.003267974 0.996731997 0.000000000
910 0.004807692 0.995192289 0.000000000
911 0.000000000 1.000000000 0.000000000
912 0.000000000 1.000000000 0.000000000
913 0.003921569 0.996078432 0.000000000
914 0.050000001 0.949999988 0.000000000
915 0.005494506 0.994505465 0.000000000
916 0.002380952 0.997619033 0.000000000
917 0.004761905 0.995238066 0.000000000
918 0.004504505 0.995495498 0.000000000
919 0.000000000 1.000000000 0.000000000
920 0.000000000 1.000000000 0.000000000
921 0.004405286 0.995594740 0.000000000
922 0.008000000 0.991999984 0.000000000
923 0.012195121 0.987804890 0.000000000
924 0.985714257 0.014285714 0.000000000
925 1.000000000 0.000000000 0.000000000
926 1.000000000 0.000000000 0.000000000
927 1.000000000 0.000000000 0.000000000
928 1.000000000 0.000000000 0.000000000
929 0.991803288 0.008196721 0.000000000
930 1.000000000 0.000000000 0.000000000
931 1.000000000 0.000000000 0.000000000
932 0.988372087 0.011627907 0.000000000
933 0.963414609 0.036585364 0.000000000
934 1.000000000 0.000000000 0.000000000
935 1.000000000 0.000000000 0.000000000
936 0.998684227 0.001315790 0.000000000
937 0.000000000 1.000000000 0.000000000
938 1.000000000 0.000000000 0.000000000
939 1.000000000 0.000000000 0.000000000
940 0.928633213 0.071366780 0.000000000
941 1.000000000 0.000000000 0.000000000
942 0.986206889 0.013793103 0.000000000
943 0.998333335 0.001666667 0.000000000
944 1.000000000 0.000000000 0.000000000
945 1.000000000 0.000000000 0.000000000
946 1.000000000 0.000000000 0.000000000
947 1.000000000 0.000000000 0.000000000
948 1.000000000 0.000000000 0.000000000
949 1.000000000 0.000000000 0.000000000
950 0.992924511 0.007075472 0.000000000
951 0.006097561 0.993902445 0.000000000
952 0.951388896 0.048611112 0.000000000
953 0.895833313 0.104166664 0.000000000
954 0.992424250 0.007575758 0.000000000
955 1.000000000 0.000000000 0.000000000
956 0.951260507 0.048739497 0.000000000
957 0.733695626 0.266304344 0.000000000
958 1.000000000 0.000000000 0.000000000
959 1.000000000 0.000000000 0.000000000
960 0.986842096 0.013157895 0.000000000
961 0.984615386 0.015384615 0.000000000
962 0.995967746 0.004032258 0.000000000
963 1.000000000 0.000000000 0.000000000
964 0.996428549 0.003571429 0.000000000
965 0.006172840 0.993827164 0.000000000
966 0.807831585 0.192168415 0.000000000
967 0.992537320 0.007462686 0.000000000
968 0.971830964 0.028169014 0.000000000
969 0.973684192 0.026315790 0.000000000
970 0.989304841 0.010695187 0.000000000
971 0.500000000 0.500000000 0.000000000
972 1.000000000 0.000000000 0.000000000
973 0.988188982 0.011811024 0.000000000
974 0.735294104 0.264705896 0.000000000
975 0.500000000 0.500000000 0.000000000
976 0.398459822 0.601540148 0.000000000
977 0.979674816 0.020325202 0.000000000
978 1.000000000 0.000000000 0.000000000
979 0.000000000 1.000000000 0.000000000
980 0.000000000 1.000000000 0.000000000
981 0.192307696 0.807692289 0.000000000
982 0.500000000 0.500000000 0.000000000
983 0.973684192 0.026315790 0.000000000
984 1.000000000 0.000000000 0.000000000
985 0.500000000 0.500000000 0.000000000
986 0.500000000 0.500000000 0.000000000
987 0.990147769 0.009852217 0.000000000
988 0.000000000 1.000000000 0.000000000
989 0.000000000 1.000000000 0.000000000
990 0.166666672 0.833333313 0.000000000
991 1.000000000 0.000000000 0.000000000
992 0.153846160 0.846153855 0.000000000
993 0.000000000 1.000000000 0.000000000
994 0.500000000 0.500000000 0.000000000
995 0.500000000 0.500000000 0.000000000
996 0.970588207 0.029411765 0.000000000
997 0.045454547 0.954545438 0.000000000
998 0.500000000 0.500000000 0.000000000
999 0.041666668 0.958333313 0.000000000
1000 0.031250000 0.968750000 0.000000000
1001 0.333333343 0.666666687 0.000000000
1002 0.500000000 0.500000000 0.000000000
1003 0.500000000 0.500000000 0.000000000
1004 0.043076109 0.956923902 0.000000000
1005 0.500000000 0.500000000 0.000000000
1006 0.014705882 0.985294104 0.000000000
1007 0.001694915 0.998305082 0.000000000
1008 0.076923080 0.923076928 0.000000000
1009 0.000000000 1.000000000 0.000000000
1010 0.000000000 1.000000000 0.000000000
1011 0.911764681 0.088235296 0.000000000
1012 0.000000000 1.000000000 0.000000000
1013 0.033333335 0.966666639 0.000000000
1014 0.000000000 1.000000000 0.000000000
1015 0.500000000 0.500000000 0.000000000
1016 0.033333335 0.966666639 0.000000000
1017 0.500000000 0.500000000 0.000000000
1018 0.746504962 0.253495008 0.000000000
1019 0.031250000 0.968750000 0.000000000
1020 0.500000000 0.500000000 0.000000000
1021 0.018333333 0.981666684 0.000000000
1022 0.500000000 0.500000000 0.000000000
1023 0.031250000 0.968750000 0.000000000
1024 0.121590912 0.878409088 0.000000000
1025 0.285714298 0.714285731 0.000000000
1026 0.000000000 1.000000000 0.000000000
1027 0.029411765 0.970588207 0.000000000
1028 0.443498641 0.556501389 0.000000000
1029 0.000000000 1.000000000 0.000000000
1030 0.000000000 1.000000000 0.000000000
1031 1.000000000 0.000000000 0.000000000
1032 0.000000000 1.000000000 0.000000000
1033 0.008620690 0.991379321 0.000000000
1034 0.000000000 1.000000000 0.000000000
1035 0.000000000 1.000000000 0.000000000
1036 0.000000000 1.000000000 0.000000000
1037 0.176470593 0.823529422 0.000000000
1038 0.250000000 0.750000000 0.000000000
1039 0.500000000 0.500000000 0.000000000
1040 0.001901141 0.998098850 0.000000000
1041 0.580191553 0.419808447 0.000000000
1042 0.000000000 1.000000000 0.000000000
1043 0.699029148 0.300970882 0.000000000
1044 0.552380979 0.447619051 0.000000000
1045 0.027777778 0.972222209 0.000000000
1046 0.937500000 0.062500000 0.000000000
1047 0.023809524 0.976190448 0.000000000
1048 0.432181627 0.567818403 0.000000000
1049 0.000000000 1.000000000 0.000000000
1050 0.400130540 0.599869490 0.000000000
1051 0.481126040 0.518873990 0.000000000
1052 0.000000000 1.000000000 0.000000000
1053 0.137840673 0.862159312 0.000000000
1054 0.256884575 0.743115425 0.000000000
1055 0.191799834 0.808200181 0.000000000
1056 0.551148891 0.448851109 0.000000000
1057 0.510209560 0.489790410 0.000000000
1058 0.000000000 1.000000000 0.000000000
1059 0.217076883 0.782923102 0.000000000
1060 0.092196859 0.907803118 0.000000000
1061 0.324587107 0.675412893 0.000000000
1062 0.000000000 1.000000000 0.000000000
1063 0.002512563 0.997487426 0.000000000
1064 0.000000000 1.000000000 0.000000000
1065 0.000000000 1.000000000 0.000000000
1066 0.002074689 0.997925282 0.000000000
1067 0.005226481 0.994773507 0.000000000
1068 0.002155172 0.997844815 0.000000000
1069 0.001858736 0.998141289 0.000000000
1070 0.121563591 0.878436387 0.000000000
1071 0.367684960 0.632315040 0.000000000
1072 0.002100840 0.997899175 0.000000000
1073 0.000000000 1.000000000 0.000000000
1074 0.218870506 0.781129479 0.000000000
1075 0.000000000 1.000000000 0.000000000
1076 0.328088015 0.671912014 0.000000000
1077 0.000000000 1.000000000 0.000000000
1078 0.005376344 0.994623661 0.000000000
1079 0.008333334 0.991666675 0.000000000
1080 0.000000000 1.000000000 0.000000000
1081 0.000000000 1.000000000 0.000000000
1082 0.000000000 1.000000000 0.000000000
1083 0.000000000 1.000000000 0.000000000
1084 0.000000000 1.000000000 0.000000000
1085 0.000000000 1.000000000 0.000000000
1086 0.109999999 0.889999986 0.000000000
1087 0.000000000 1.000000000 0.000000000
1088 0.000000000 1.000000000 0.000000000
1089 0.000000000 1.000000000 0.000000000
1090 0.000000000 1.000000000 0.000000000
1091 0.026315790 0.973684192 0.000000000
1092 0.000000000 0.353410482 0.646589518
1093 0.000000000 0.604505479 0.395494521
1094 0.000000000 0.706646860 0.293353140
1095 0.000000000 0.619577467 0.380422533
1096 0.000000000 0.955219567 0.044780463
1097 0.000000000 0.798345983 0.201654047
1098 0.000000000 0.803660810 0.196339175
1099 0.000000000 0.835790038 0.164209992
1100 0.000000000 0.905201316 0.094798692
1101 0.000000000 0.675941706 0.324058324
1102 0.000000000 0.925265074 0.074734926
1103 0.000000000 0.846679091 0.153320909
1104 0.000000000 0.749769330 0.250230640
1105 0.000000000 0.204383463 0.795616567
1106 0.000000000 0.200507805 0.799492180
1107 0.000000000 0.685301244 0.314698786
1108 0.000000000 0.562515259 0.437484741
1109 0.000000000 0.280103594 0.719896376
1110 0.000000000 0.663517296 0.336482674
1111 0.000000000 0.973019183 0.026980791
1112 0.000000000 0.670765221 0.329234779
1113 0.000000000 0.603307128 0.396692842
1114 0.000000000 0.495706826 0.504293144
1115 0.000000000 0.553107977 0.446892023
1116 0.000000000 1.000000000 0.000000000
1117 0.000000000 0.526841521 0.473158509
1118 0.000000000 0.132420093 0.867579937
1119 0.000000000 0.157886326 0.842113674
1120 0.000000000 0.088357441 0.911642551
1121 0.000000000 0.969188392 0.030811599
1122 0.000000000 0.995594740 0.004405286
1123 0.000000000 0.655183375 0.344816625
1124 0.000000000 0.745095551 0.254904449
1125 0.000000000 0.810633898 0.189366087
1126 0.000000000 0.458478123 0.541521907
1127 0.000000000 0.400409639 0.599590361
1128 0.000000000 0.984195888 0.015804093
1129 0.000000000 0.307454079 0.692545891
1130 0.000000000 0.965116262 0.034883723
1131 0.000000000 0.078125000 0.921875000
1132 0.000000000 0.072532959 0.927467048
1133 0.000000000 0.128571436 0.871428549
1134 0.000000000 0.526315808 0.473684222
1135 0.000000000 0.124101937 0.875898063
1136 0.000000000 0.952380955 0.047619049
1137 0.000000000 0.971428573 0.028571429
1138 0.000000000 0.129629627 0.870370388
1139 0.000000000 1.000000000 0.000000000
1140 0.000000000 0.917279005 0.082720995
1141 0.000000000 0.303572148 0.696427882
1142 0.000000000 0.903225780 0.096774191
1143 0.000000000 0.982142866 0.017857144
1144 0.000000000 0.500000000 0.500000000
1145 0.000000000 0.500000000 0.500000000
1146 0.000000000 0.500000000 0.500000000
1147 0.000000000 0.500000000 0.500000000
1148 0.000000000 0.500000000 0.500000000
1149 0.000000000 0.500000000 0.500000000
1150 0.000000000 0.500000000 0.500000000
1151 0.000000000 0.500000000 0.500000000
1152 0.000000000 0.500000000 0.500000000
1153 0.000000000 0.500000000 0.500000000
1154 0.000000000 0.500000000 0.500000000
1155 0.000000000 0.500000000 0.500000000
1156 0.000000000 0.500000000 0.500000000
1157 0.000000000 1.000000000 0.000000000
1158 0.000000000 1.000000000 0.000000000
1159 0.000000000 1.000000000 0.000000000
1160 0.000000000 1.000000000 0.000000000
1161 0.000000000 1.000000000 0.000000000
1162 0.000000000 0.083333336 0.916666687
1163 0.000000000 1.000000000 0.000000000
1164 0.000000000 0.570512831 0.429487169
1165 0.000000000 0.490196079 0.509803951
1166 0.000000000 0.000000000 1.000000000
1167 0.000000000 1.000000000 0.000000000
1168 0.000000000 0.500000000 0.500000000
1169 0.000000000 0.006944444 0.993055582
1170 0.000000000 0.500000000 0.500000000
1171 0.000000000 1.000000000 0.000000000
1172 0.000000000 1.000000000 0.000000000
1173 0.000000000 0.100000001 0.899999976
1174 0.000000000 0.000000000 1.000000000
1175 0.000000000 1.000000000 0.000000000
1176 0.000000000 0.500000000 0.500000000
1177 0.000000000 0.500000000 0.500000000
1178 0.000000000 0.500000000 0.500000000
1179 0.000000000 0.500000000 0.500000000
1180 0.000000000 0.000000000 1.000000000
1181 0.000000000 0.388888896 0.611111104
1182 0.000000000 0.500000000 0.500000000
1183 0.000000000 0.250000000 0.750000000
1184 0.000000000 0.500000000 0.500000000
1185 0.000000000 0.500000000 0.500000000
1186 0.000000000 0.500000000 0.500000000
1187 0.000000000 0.500000000 0.500000000
1188 0.000000000 0.500000000 0.500000000
1189 0.000000000 0.000000000 1.000000000
1190 0.000000000 0.500000000 0.500000000
1191 0.000000000 0.500000000 0.500000000
1192 0.000000000 0.500000000 0.500000000
1193 0.000000000 0.500000000 0.500000000
1194 0.000000000 0.500000000 0.500000000
1195 0.000000000 0.500000000 0.500000000
1196 0.000000000 0.200000003 0.800000012
1197 0.000000000 0.080687828 0.919312179
1198 0.000000000 0.986842096 0.013157895
1199 0.000000000 0.432225943 0.567774057
1200 0.000000000 0.479233831 0.520766139
1201 0.000000000 0.937475681 0.062524348
1202 0.000000000 0.960317433 0.039682541
1203 0.000000000 0.931429684 0.068570346
1204 0.000000000 0.230263159 0.769736826
1205 0.000000000 0.608002901 0.391997099
1206 0.000000000 0.180125654 0.819874346
1207 0.000000000 0.424967051 0.575032949
1208 0.000000000 0.059999999 0.939999998
1209 0.000000000 0.784332871 0.215667143
1210 0.000000000 0.803791106 0.196208864
1211 0.000000000 0.694788039 0.305211931
1212 0.000000000 0.555741310 0.444258660
1213 0.000000000 0.945073545 0.054926462
1214 0.000000000 0.876126051 0.123873934
1215 0.000000000 0.901561737 0.098438270
1216 0.000000000 0.756569624 0.243430406
1217 0.000000000 0.837646484 0.162353501
1218 0.000000000 0.103148535 0.896851480
1219 0.000000000 0.987577617 0.012422360
1220 0.000000000 0.231923908 0.768076062
1221 0.000000000 0.812767863 0.187232122
1222 0.000000000 0.355269402 0.644730568
1223 0.000000000 0.658270657 0.341729343
1224 0.000000000 0.285067081 0.714932919
1225 0.000000000 0.675184906 0.324815124
1226 0.000000000 0.123854838 0.876145184
1227 0.000000000 0.577671528 0.422328472
1228 0.000000000 0.275854349 0.724145651
1229 0.000000000 0.423022330 0.576977670
1230 0.000000000 0.894833922 0.105166063
1231 0.000000000 0.800884724 0.199115261
1232 0.000000000 0.880102038 0.119897954
1233 0.000000000 0.329000741 0.670999289
1234 0.000000000 0.139586598 0.860413373
1235 0.000000000 0.074124292 0.925875723
1236 0.000000000 0.000000000 1.000000000
1237 0.000000000 0.051344793 0.948655188
1238 0.000000000 0.054638356 0.945361674
1239 0.000000000 0.158929721 0.841070294
1240 0.000000000 0.218814030 0.781185985
1241 0.000000000 0.771883965 0.228116035
1242 0.000000000 0.264114648 0.735885382
1243 0.000000000 0.427908391 0.572091579
1244 0.000000000 0.281092018 0.718908012
1245 0.000000000 0.505613923 0.494386047
1246 0.000000000 0.221884042 0.778115928
1247 0.000000000 0.027188940 0.972811043
1248 0.000000000 0.007809106 0.992190897
1249 0.000000000 0.316051602 0.683948398
1250 0.000000000 0.272977531 0.727022469
1251 0.000000000 0.222605690 0.777394295
1252 0.000000000 0.108782366 0.891217649
1253 0.000000000 0.162507668 0.837492347
1254 0.000000000 0.166552126 0.833447874
1255 0.000000000 0.187281221 0.812718749
1256 0.000000000 0.203950867 0.796049118
1257 0.000000000 0.009602861 0.990397155
1258 0.000000000 0.165575162 0.834424853
1259 0.000000000 0.022534525 0.977465451
1260 0.000000000 0.382486343 0.617513657
1261 0.000000000 0.500000000 0.500000000
1262 0.000000000 0.500000000 0.500000000
1263 0.000000000 0.500000000 0.500000000
1264 0.000000000 0.500000000 0.500000000
1265 0.000000000 0.500000000 0.500000000
1266 0.000000000 0.500000000 0.500000000
1267 0.000000000 0.500000000 0.500000000
1268 0.000000000 0.000000000 1.000000000
1269 0.000000000 0.500000000 0.500000000
1270 0.000000000 0.500000000 0.500000000
1271 0.000000000 0.500000000 0.500000000
1272 0.000000000 0.500000000 0.500000000
1273 0.000000000 0.500000000 0.500000000
1274 0.000000000 0.500000000 0.500000000
1275 0.000000000 0.500000000 0.500000000
1276 0.000000000 0.500000000 0.500000000
1277 0.000000000 0.500000000 0.500000000
1278 0.000000000 0.500000000 0.500000000
1279 0.000000000 0.500000000 0.500000000
1280 0.000000000 0.500000000 0.500000000
1281 0.000000000 0.500000000 0.500000000
1282 0.000000000 0.500000000 0.500000000
1283 0.000000000 0.500000000 0.500000000
1284 0.000000000 0.500000000 0.500000000
1285 0.000000000 0.500000000 0.500000000
1286 0.000000000 0.500000000 0.500000000
1287 0.000000000 0.833333313 0.166666672
1288 0.000000000 0.500000000 0.500000000
1289 0.000000000 0.000000000 1.000000000
1290 0.000000000 1.000000000 0.000000000
1291 0.000000000 0.500000000 0.500000000
1292 0.000000000 0.500000000 0.500000000
1293 0.000000000 1.000000000 0.000000000
1294 0.000000000 0.319444448 0.680555582
1295 0.000000000 1.000000000 0.000000000
1296 0.000000000 0.500000000 0.500000000
1297 0.000000000 1.000000000 0.000000000
1298 0.000000000 0.500000000 0.500000000
1299 0.000000000 1.000000000 0.000000000
1300 0.000000000 0.833333313 0.166666672
1301 0.000000000 0.666666687 0.333333343
1302 0.000000000 0.489304811 0.510695159
1303 0.000000000 0.000000000 1.000000000
1304 0.000000000 0.363945574 0.636054397
1305 0.000000000 0.166666672 0.833333313
1306 0.000000000 0.909090936 0.090909094
1307 0.000000000 0.214285716 0.785714269
1308 0.000000000 0.312500000 0.687500000
1309 0.000000000 0.375000000 0.625000000
1310 0.000000000 0.571428597 0.428571433
1311 0.000000000 0.458333343 0.541666687
1312 0.000000000 1.000000000 0.000000000
1313 0.000000000 0.681679189 0.318320781
1314 0.000000000 0.956790149 0.043209877
1315 0.000000000 0.804403603 0.195596412
1316 0.000000000 0.938775539 0.061224490
1317 0.000000000 0.042553190 0.957446814
1318 0.000000000 1.000000000 0.000000000
1319 0.000000000 0.976415098 0.023584906
1320 0.000000000 0.293814421 0.706185579
1321 0.000000000 0.949999988 0.050000001
1322 0.000000000 0.993333340 0.006666667
1323 0.000000000 0.978494644 0.021505376
1324 0.000000000 1.000000000 0.000000000
1325 0.000000000 0.966216207 0.033783782
1326 0.000000000 0.440528989 0.559471011
1327 0.000000000 0.568425238 0.431574732
1328 0.000000000 0.435870290 0.564129710
1329 0.000000000 0.555131912 0.444868088
1330 0.000000000 0.440115720 0.559884310
1331 0.000000000 0.047372613 0.952627361
1332 0.000000000 0.810643315 0.189356670
1333 0.000000000 0.989547014 0.010452962
1334 0.000000000 0.985964894 0.014035088
1335 0.000000000 0.986842096 0.013157895
1336 0.000000000 0.493670881 0.506329119
1337 0.000000000 0.684506536 0.315493464
1338 0.000000000 0.993243217 0.006756757
1339 0.000000000 0.602245808 0.397754192
1340 0.000000000 0.567098618 0.432901412
1341 0.000000000 0.997214496 0.002785515
1342 0.000000000 0.729981065 0.270018935
1343 0.000000000 0.998717964 0.001282051
1344 0.000000000 0.910385191 0.089614794
1345 0.000000000 0.011428571 0.988571405
1346 0.000000000 0.894439757 0.105560221
1347 0.000000000 0.978262007 0.021738021
1348 0.000000000 0.997474730 0.002525253
1349 0.000000000 0.664750278 0.335249752
1350 0.000000000 0.895907938 0.104092069
1351 0.000000000 0.997326195 0.002673797
1352 0.000000000 0.967228472 0.032771535
1353 0.000000000 0.887550175 0.112449802
1354 0.000000000 0.405754298 0.594245732
1355 0.000000000 0.938271582 0.061728396
1356 0.000000000 0.588990092 0.411009938
1357 0.000000000 0.592803061 0.407196939
1358 0.000000000 0.095251136 0.904748857
1359 0.000000000 0.098557696 0.901442289
1360 0.000000000 0.989626527 0.010373444
1361 0.000000000 0.624851167 0.375148803
1362 0.000000000 0.671825528 0.328174442
1363 0.000000000 0.954013824 0.045986179
1364 0.000000000 0.631782949 0.368217051
1365 0.000000000 0.961038947 0.038961038
1366 0.000000000 0.781090140 0.218909845
1367 0.000000000 0.880351663 0.119648315
1368 0.000000000 0.793033302 0.206966713
1369 0.000000000 0.505344808 0.494655192
1370 0.000000000 0.758199155 0.241800845
1371 0.000000000 1.000000000 0.000000000
1372 0.000000000 0.548563123 0.451436907
1373 0.000000000 0.134486601 0.865513384
1374 0.000000000 0.958677709 0.041322313
1375 0.000000000 0.502714276 0.497285724
1376 0.000000000 0.746687233 0.253312737
1377 0.000000000 0.682329237 0.317670792
1378 0.000000000 0.956706285 0.043293718
1379 0.000000000 0.924686611 0.075313389
1380 0.000000000 0.734596848 0.265403181
1381 0.000000000 0.823830307 0.176169723
1382 0.000000000 0.944703758 0.055296239
1383 0.000000000 0.961318493 0.038681500
1384 0.000000000 1.000000000 0.000000000
1385 0.000000000 0.997818470 0.002181501
1386 0.000000000 0.981451631 0.018548386
1387 0.000000000 0.000000000 1.000000000
1388 0.000000000 0.690193653 0.309806377
1389 0.000000000 0.942561209 0.057438795
1390 0.000000000 0.997363806 0.002636204
1391 0.000000000 0.894529223 0.105470754
1392 0.000000000 1.000000000 0.000000000
1393 0.000000000 0.824906409 0.175093606
1394 0.000000000 0.241124168 0.758875847
1395 0.000000000 0.771658063 0.228341967
1396 0.000000000 0.692197263 0.307802737
1397 0.000000000 0.818027198 0.181972787
1398 0.000000000 0.945162833 0.054837164
1399 0.000000000 0.560806394 0.439193606
1400 0.000000000 1.000000000 0.000000000
1401 0.000000000 0.032222223 0.967777789
1402 0.000000000 0.372000813 0.627999187
1403 0.000000000 1.000000000 0.000000000
1404 0.000000000 0.844028533 0.155971482
1405 0.000000000 0.239861295 0.760138690
1406 0.000000000 0.001792115 0.998207867
1407 0.000000000 0.522307813 0.477692217
1408 0.000000000 0.300494015 0.699505985
1409 0.000000000 0.321872234 0.678127766
1410 0.000000000 0.231204376 0.768795609
1411 0.000000000 0.731740296 0.268259704
1412 0.000000000 0.562040806 0.437959224
1413 0.000000000 0.210566476 0.789433539
1414 0.000000000 0.402521282 0.597478688
1415 0.000000000 0.064724199 0.935275793
1416 0.000000000 0.440396488 0.559603512
1417 0.000000000 0.000000000 1.000000000
1418 0.000000000 0.002074689 0.997925282
1419 0.000000000 0.547520638 0.452479333
1420 0.000000000 0.071640313 0.928359687
1421 0.000000000 0.000000000 1.000000000
1422 0.000000000 0.000000000 1.000000000
1423 0.000000000 0.001901141 0.998098850
1424 0.000000000 0.001930502 0.998069525
1425 0.000000000 0.161985025 0.838014960
1426 0.000000000 0.023722628 0.976277351
1427 0.000000000 0.011673708 0.988326311
1428 0.000000000 0.017926356 0.982073665
1429 0.000000000 0.201438844 0.798561156
1430 0.333333343 0.333333343 0.333333343
1431 0.333333343 0.333333343 0.333333343
1432 0.333333343 0.333333343 0.333333343
1433 0.333333343 0.333333343 0.333333343
1434 0.333333343 0.333333343 0.333333343
1435 0.333333343 0.333333343 0.333333343
1436 0.333333343 0.333333343 0.333333343
1437 0.333333343 0.333333343 0.333333343
1438 0.333333343 0.333333343 0.333333343
1439 0.333333343 0.333333343 0.333333343
1440 0.333333343 0.333333343 0.333333343
1441 0.333333343 0.333333343 0.333333343
1442 0.333333343 0.333333343 0.333333343
1443 0.333333343 0.333333343 0.333333343
1444 0.333333343 0.333333343 0.333333343
1445 0.333333343 0.333333343 0.333333343
1446 0.333333343 0.333333343 0.333333343
1447 0.333333343 0.333333343 0.333333343
1448 0.333333343 0.333333343 0.333333343
1449 0.333333343 0.333333343 0.333333343
1450 0.333333343 0.333333343 0.333333343
1451 0.333333343 0.333333343 0.333333343
1452 0.333333343 0.333333343 0.333333343
1453 0.333333343 0.333333343 0.333333343
1454 0.333333343 0.333333343 0.333333343
1455 0.333333343 0.333333343 0.333333343
1456 0.000000000 0.500000000 0.500000000
1457 0.333333343 0.333333343 0.333333343
1458 0.166666672 0.291666657 0.541666687
1459 0.333333343 0.333333343 0.333333343
1460 0.000000000 0.000000000 1.000000000
1461 0.333333343 0.333333343 0.333333343
1462 1.000000000 0.000000000 0.000000000
1463 0.333333343 0.333333343 0.333333343
1464 0.333333343 0.333333343 0.333333343
1465 0.000000000 0.250000000 0.750000000
1466 0.155677661 0.102564104 0.741758227
1467 0.333333343 0.333333343 0.333333343
1468 0.333333343 0.333333343 0.333333343
1469 0.083333336 0.708333313 0.208333328
1470 1.000000000 0.000000000 0.000000000
1471 0.686274529 0.156862751 0.156862751
1472 0.000000000 0.000000000 1.000000000
1473 0.809523821 0.095238097 0.095238097
1474 0.777777791 0.111111112 0.111111112
1475 0.696969688 0.151515156 0.151515156
1476 0.714285731 0.142857149 0.142857149
1477 0.208333328 0.583333313 0.208333328
1478 0.207038224 0.192961767 0.600000024
1479 0.428571433 0.285714298 0.285714298
1480 0.583333313 0.208333328 0.208333328
1481 0.166666672 0.666666687 0.166666672
1482 0.107394457 0.856891274 0.035714287
1483 0.226337448 0.744855940 0.028806584
1484 0.608672976 0.337019920 0.054307114
1485 0.759711087 0.208860382 0.031428535
1486 0.014184397 0.014184397 0.971631229
1487 0.971929848 0.014035088 0.014035088
1488 0.928565323 0.055711389 0.015723271
1489 0.509455502 0.260519564 0.230024904
1490 0.174762011 0.716666102 0.108571894
1491 0.377777785 0.586666644 0.035555556
1492 0.874751627 0.125248343 0.000000000
1493 0.844529867 0.127692357 0.027777778
1494 0.413579494 0.545879960 0.040540539
1495 0.753824294 0.209717363 0.036458332
1496 0.634074748 0.361041248 0.004884005
1497 0.670900941 0.321242720 0.007856341
1498 0.868935466 0.120680310 0.010384216
1499 0.702406585 0.268085182 0.029508196
1500 0.010615711 0.010615711 0.978768587
1501 0.744022071 0.243217498 0.012760417
1502 0.714935839 0.165716588 0.119347580
1503 0.699593127 0.065746941 0.234659895
1504 0.291368544 0.695473552 0.013157895
1505 0.640897334 0.321061701 0.038040947
1506 0.383145124 0.565643966 0.051210880
1507 0.825784385 0.169711113 0.004504505
1508 0.344105899 0.639656246 0.016237849
1509 0.540584147 0.456040323 0.003375527
1510 0.960123301 0.038019694 0.001857010
1511 0.561025858 0.435873389 0.003100775
1512 0.518724322 0.458750248 0.022525452
1513 0.896948874 0.099950366 0.003100775
1514 0.001904762 0.001904762 0.996190488
1515 0.731297255 0.265283972 0.003418803
1516 0.189039722 0.577041745 0.233918533
1517 0.909153342 0.089163169 0.001683502
1518 0.971398652 0.023408189 0.005193158
1519 0.671310961 0.292318493 0.036370553
1520 0.313311636 0.665700018 0.020988338
1521 0.787460566 0.195435837 0.017103620
1522 0.231093764 0.705693543 0.063212678
1523 0.670135140 0.306476891 0.023387950
1524 0.879547060 0.025529725 0.094923198
1525 0.505211055 0.484372288 0.010416667
1526 0.684496462 0.305167615 0.010335918
1527 0.783687174 0.205688670 0.010624170
1528 0.000000000 0.024038462 0.975961566
1529 0.478505850 0.435645103 0.085849069
1530 0.751007795 0.211561650 0.037430555
1531 0.560904622 0.407421768 0.031673584
1532 0.867410481 0.099765323 0.032824181
1533 0.288135946 0.608245075 0.103618994
1534 0.865247607 0.097955845 0.036796536
1535 0.951327443 0.028023599 0.020648967
1536 0.436370790 0.437070817 0.126558393
1537 0.130278960 0.661864221 0.207856789
1538 0.755985796 0.209731385 0.034282815
1539 0.832880974 0.129283577 0.037835419
1540 0.440327257 0.543006063 0.016666668
1541 0.510282397 0.453375489 0.036342122
1542 0.029761905 0.051190477 0.919047594
1543 0.864061952 0.097370528 0.038567495
1544 0.287617743 0.606915593 0.105466664
1545 0.692344487 0.282338232 0.025317289
1546 0.440392077 0.507726192 0.051881719
1547 0.002009410 0.818873525 0.179117054
1548 0.892898142 0.041887838 0.065213993
1549 0.359471858 0.517316282 0.123211816
1550 0.211943656 0.784562886 0.003493435
1551 0.420974702 0.547254443 0.031770833
1552 0.040343363 0.810273170 0.149383470
1553 0.797302067 0.173961237 0.028736716
1554 0.315136671 0.675264716 0.009598603
1555 0.721884966 0.274351567 0.003763441
1556 0.005747126 0.005747126 0.988505721
1557 0.073865242 0.867194116 0.058940616
1558 0.331294894 0.666194081 0.002510986
1559 0.025735864 0.906063437 0.068200678
1560 0.498687744 0.499715835 0.001596424
1561 0.137973279 0.862026691 0.000000000
1562 0.392109424 0.607890546 0.000000000
1563 0.632760584 0.337935537 0.029303880
1564 0.466515690 0.451927036 0.081557266
1565 0.613797069 0.351616085 0.034586824
1566 0.000000000 0.985874832 0.014125191
1567 0.747265816 0.252734184 0.000000000
1568 0.400203317 0.584782004 0.015014715
1569 0.368566185 0.522316933 0.109116882
1570 0.000000000 0.000000000 1.000000000
1571 0.176494479 0.633273363 0.190232188
1572 0.237296060 0.691677392 0.071026541
1573 0.007770589 0.955509245 0.036720142
1574 0.006825938 0.406639695 0.586534381
1575 0.000000000 0.653477728 0.346522242
1576 0.000000000 0.801443219 0.198556796
1577 0.000000000 0.679014027 0.320985943
1578 0.007602339 0.531737030 0.460660636
1579 0.006082725 0.860173702 0.133743584
1580 0.017704519 0.665750921 0.316544563
1581 0.006853582 0.938629270 0.054517135
1582 0.123253025 0.732492626 0.144254372
1583 0.002893518 0.616957843 0.380148649
1584 0.017793594 0.096797153 0.885409236
1585 0.000000000 0.760588527 0.239411473
1586 0.000000000 0.001908397 0.998091578
1587 0.001383126 0.001383126 0.997233748
1588 0.000000000 0.000000000 1.000000000
1589 0.002635046 0.016073782 0.981291175
1590 0.000000000 0.000000000 1.000000000
1591 0.000000000 0.000000000 1.000000000
1592 0.002534854 0.002534854 0.994930267
1593 0.000000000 0.000000000 1.000000000
1594 0.000000000 0.000000000 1.000000000
1595 0.001216545 0.001216545 0.997566938
1596 0.054331865 0.063142441 0.882525682
1597 0.000000000 0.067535542 0.932464480
1598 0.000000000 0.033093527 0.966906488
1599 0.007936508 0.007936508 0.984126985
1600 0.883789718 0.000000000 0.116210267
1601 0.996124029 0.001937984 0.001937984
1602 0.953983963 0.005611984 0.040404040
1603 1.000000000 0.000000000 0.000000000
1604 0.887031615 0.000000000 0.112968355
1605 0.977900565 0.011049724 0.011049724
1606 0.992675543 0.000000000 0.007324429
1607 0.921418190 0.027472528 0.051109269
1608 1.000000000 0.000000000 0.000000000
1609 1.000000000 0.000000000 0.000000000
1610 0.846697807 0.005813953 0.147488207
1611 0.970649898 0.014675053 0.014675053
1612 0.749706268 0.016260162 0.234033570
1613 0.015873017 0.034920637 0.949206352
1614 0.984732807 0.007633588 0.007633588
1615 0.983184099 0.003115265 0.013700651
1616 0.980769217 0.000000000 0.019230770
1617 0.916666687 0.010416667 0.072916664
1618 0.987096786 0.000000000 0.012903226
1619 0.981220663 0.009389671 0.009389671
1620 0.989071012 0.005464481 0.005464481
1621 0.922530532 0.003663004 0.073806450
1622 0.962643683 0.005747126 0.031609196
1623 0.991769552 0.004115226 0.004115226
1624 0.958867908 0.010000000 0.031132076
1625 1.000000000 0.000000000 0.000000000
1626 0.922222197 0.022222223 0.055555556
1627 0.037037037 0.037037037 0.925925910
1628 0.977401137 0.000000000 0.022598870
1629 0.991150439 0.004424779 0.004424779
1630 1.000000000 0.000000000 0.000000000
1631 0.982456148 0.002192982 0.015350877
1632 0.995859206 0.002070393 0.002070393
1633 0.947040498 0.003115265 0.049844235
1634 0.988888860 0.000000000 0.011111111
1635 0.989898980 0.005050505 0.005050505
1636 0.988405824 0.000000000 0.011594203
1637 0.964594185 0.006379585 0.029026253
1638 0.500000000 0.000000000 0.500000000
1639 0.448148161 0.111111112 0.440740734
1640 0.428571433 0.000000000 0.571428597
1641 0.000000000 0.000000000 1.000000000
1642 0.079999998 0.000000000 0.920000017
1643 0.966666639 0.016666668 0.016666668
1644 0.980392158 0.009803922 0.009803922
1645 0.166666672 0.166666672 0.666666687
1646 0.899999976 0.000000000 0.100000001
1647 1.000000000 0.000000000 0.000000000
1648 0.866666675 0.066666670 0.066666670
1649 0.964285731 0.000000000 0.035714287
1650 0.833333313 0.011904762 0.154761910
1651 0.333333343 0.333333343 0.333333343
1652 0.333333343 0.333333343 0.333333343
1653 0.333333343 0.333333343 0.333333343
1654 0.333333343 0.333333343 0.333333343
1655 0.333333343 0.333333343 0.333333343
1656 0.333333343 0.333333343 0.333333343
1657 0.333333343 0.333333343 0.333333343
1658 0.333333343 0.333333343 0.333333343
1659 0.333333343 0.333333343 0.333333343
1660 0.333333343 0.333333343 0.333333343
1661 0.333333343 0.333333343 0.333333343
1662 0.333333343 0.333333343 0.333333343
1663 0.333333343 0.333333343 0.333333343
1664 0.508758187 0.491241843 0.000000000
1665 0.000000000 0.039930556 0.960069418
1666 0.000000000 0.000000000 1.000000000
1667 0.367346942 0.138605446 0.494047612
1668 0.000000000 0.000000000 1.000000000
1669 0.333333343 0.333333343 0.333333343
1670 0.101851851 0.074074075 0.824074090
1671 0.000000000 0.500000000 0.500000000
1672 1.000000000 0.000000000 0.000000000
1673 0.333333343 0.333333343 0.333333343
1674 0.000000000 0.000000000 1.000000000
1675 1.000000000 0.000000000 0.000000000
1676 0.333333343 0.333333343 0.333333343
1677 0.333333343 0.333333343 0.333333343
1678 0.333333343 0.333333343 0.333333343
1679 0.333333343 0.333333343 0.333333343
1680 0.333333343 0.333333343 0.333333343
1681 0.333333343 0.333333343 0.333333343
1682 0.000000000 0.000000000 1.000000000
1683 0.333333343 0.333333343 0.333333343
1684 0.333333343 0.333333343 0.333333343
1685 0.333333343 0.333333343 0.333333343
1686 0.333333343 0.333333343 0.333333343
1687 0.333333343 0.333333343 0.333333343
1688 0.000000000 0.000000000 1.000000000
1689 0.333333343 0.333333343 0.333333343
1690 0.333333343 0.333333343 0.333333343
1691 0.333333343 0.333333343 0.333333343
1692 0.333333343 0.333333343 0.333333343
1693 0.333333343 0.333333343 0.333333343
1694 0.333333343 0.333333343 0.333333343
1695 0.333333343 0.333333343 0.333333343
1696 0.333333343 0.333333343 0.333333343
1697 0.333333343 0.333333343 0.333333343
1698 0.333333343 0.333333343 0.333333343
1699 0.333333343 0.333333343 0.333333343
1700 0.333333343 0.333333343 0.333333343
1701 0.333333343 0.333333343 0.333333343
1702 0.333333343 0.333333343 0.333333343
1703 0.000000000 0.075000003 0.925000012
1704 0.000000000 0.500000000 0.500000000
1705 0.000000000 0.000000000 1.000000000
1706 0.925925910 0.037037037 0.037037037
1707 0.102564104 0.102564104 0.794871807
1708 0.098039217 0.450980395 0.450980395
1709 0.600000024 0.300000012 0.100000001
1710 0.140350878 0.513157904 0.346491218
1711 0.000000000 0.250000000 0.750000000
1712 0.033333335 0.033333335 0.933333337
1713 0.088743679 0.786256313 0.125000000
1714 0.666666687 0.166666672 0.166666672
1715 0.333333343 0.333333343 0.333333343
1716 0.651927412 0.310794920 0.037277631
1717 0.785296857 0.209053442 0.005649718
1718 0.886066258 0.113933742 0.000000000
1719 0.811773241 0.116268262 0.071958497
1720 0.778481007 0.221518993 0.000000000
1721 1.000000000 0.000000000 0.000000000
1722 0.984724939 0.015275083 0.000000000
1723 0.965004802 0.014016201 0.020979021
1724 0.986666679 0.000000000 0.013333334
1725 0.000000000 0.000000000 1.000000000
1726 0.817610085 0.182389930 0.000000000
1727 0.006802721 0.231292516 0.761904776
1728 0.000000000 0.885328591 0.114671424
1729 0.000000000 0.428490549 0.571509421
1730 0.025477700 0.974522293 0.000000000
1731 0.034343433 0.858585835 0.107070707
1732 0.000000000 0.501010597 0.498989403
1733 0.047619049 0.047619049 0.904761910
1734 0.953846157 0.000000000 0.046153847
1735 0.633776724 0.268302798 0.097920462
1736 0.370290756 0.347100556 0.282608688
1737 0.574468076 0.003546099 0.421985805
1738 0.906731665 0.072124064 0.021144278
1739 0.000000000 0.011428571 0.988571405
1740 0.017543860 0.149122804 0.833333313
1741 0.033333335 0.353729635 0.612937033
1742 0.000000000 0.000000000 1.000000000
1743 0.333333343 0.333333343 0.333333343
1744 0.000000000 0.000000000 1.000000000
1745 0.000000000 0.000000000 1.000000000
1746 0.008333334 0.060731009 0.930935681
1747 0.000000000 0.077558152 0.922441840
1748 0.005649718 0.019774010 0.974576294
1749 0.000000000 0.008771930 0.991228044
1750 0.000000000 0.112348728 0.887651265
1751 0.226341113 0.041020002 0.732638896
1752 0.000000000 0.605202913 0.394797057
1753 0.017543860 0.228070170 0.754385948
1754 0.047619049 0.119047619 0.833333313
1755 0.000000000 0.000000000 1.000000000
1756 0.003174603 0.003174603 0.993650794
1757 0.006944444 0.006944444 0.986111104
1758 0.000000000 0.003205128 0.996794879
1759 0.000000000 0.000000000 1.000000000
1760 0.005649718 0.005649718 0.988700569
1761 0.005208333 0.005208333 0.989583313
1762 0.005208333 0.005208333 0.989583313
1763 0.000000000 0.000000000 1.000000000
1764 0.000000000 0.000000000 1.000000000
1765 0.006060606 0.006060606 0.987878799
1766 0.000000000 0.000000000 1.000000000
1767 0.000000000 0.000000000 1.000000000
1768 0.000000000 1.000000000 0.000000000
1769 1.000000000 0.000000000 0.000000000
1770 0.992957771 0.007042253 0.000000000
1771 0.950570464 0.049429562 0.000000000
1772 1.000000000 0.000000000 0.000000000
1773 0.987179458 0.012820513 0.000000000
1774 1.000000000 0.000000000 0.000000000
1775 0.988095224 0.011904762 0.000000000
1776 0.968750000 0.031250000 0.000000000
1777 1.000000000 0.000000000 0.000000000
1778 1.000000000 0.000000000 0.000000000
1779 1.000000000 0.000000000 0.000000000
1780 0.990384638 0.009615385 0.000000000
1781 0.990853667 0.009146341 0.000000000
1782 0.011904762 0.988095224 0.000000000
1783 0.938596487 0.061403509 0.000000000
1784 0.977011502 0.022988506 0.000000000
1785 0.988721788 0.011278195 0.000000000
1786 1.000000000 0.000000000 0.000000000
1787 1.000000000 0.000000000 0.000000000
1788 1.000000000 0.000000000 0.000000000
1789 1.000000000 0.000000000 0.000000000
1790 0.978021979 0.021978023 0.000000000
1791 0.978723407 0.021276595 0.000000000
1792 0.500000000 0.500000000 0.000000000
1793 0.994444430 0.005555556 0.000000000
1794 1.000000000 0.000000000 0.000000000
1795 1.000000000 0.000000000 0.000000000
1796 0.004950495 0.995049477 0.000000000
1797 1.000000000 0.000000000 0.000000000
1798 0.500000000 0.500000000 0.000000000
1799 0.985714257 0.014285714 0.000000000
1800 0.991228044 0.008771930 0.000000000
1801 1.000000000 0.000000000 0.000000000
1802 0.995901644 0.004098360 0.000000000
1803 0.996323526 0.003676471 0.000000000
1804 1.000000000 0.000000000 0.000000000
1805 1.000000000 0.000000000 0.000000000
1806 0.916666687 0.083333336 0.000000000
1807 0.983333349 0.016666668 0.000000000
1808 1.000000000 0.000000000 0.000000000
1809 0.953125000 0.046875000 0.000000000
1810 0.000000000 1.000000000 0.000000000
1811 1.000000000 0.000000000 0.000000000
1812 0.500000000 0.500000000 0.000000000
1813 0.500000000 0.500000000 0.000000000
1814 1.000000000 0.000000000 0.000000000
1815 0.500000000 0.500000000 0.000000000
1816 0.875000000 0.125000000 0.000000000
1817 0.684210539 0.315789461 0.000000000
1818 1.000000000 0.000000000 0.000000000
1819 0.500000000 0.500000000 0.000000000
1820 0.500000000 0.500000000 0.000000000
1821 0.500000000 0.500000000 0.000000000
1822 0.500000000 0.500000000 0.000000000
1823 0.500000000 0.500000000 0.000000000
1824 0.500000000 0.500000000 0.000000000
1825 0.500000000 0.500000000 0.000000000
1826 0.500000000 0.500000000 0.000000000
1827 0.500000000 0.500000000 0.000000000
1828 0.500000000 0.500000000 0.000000000
1829 0.500000000 0.500000000 0.000000000
1830 0.500000000 0.500000000 0.000000000
1831 0.500000000 0.500000000 0.000000000
1832 0.500000000 0.500000000 0.000000000
1833 0.500000000 0.500000000 0.000000000
1834 0.500000000 0.500000000 0.000000000
1835 0.500000000 0.500000000 0.000000000
1836 0.500000000 0.500000000 0.000000000
1837 0.500000000 0.500000000 0.000000000
1838 0.166666672 0.833333313 0.000000000
1839 0.500000000 0.500000000 0.000000000
1840 0.000000000 1.000000000 0.000000000
1841 1.000000000 0.000000000 0.000000000
1842 0.000000000 1.000000000 0.000000000
1843 0.500000000 0.500000000 0.000000000
1844 1.000000000 0.000000000 0.000000000
1845 1.000000000 0.000000000 0.000000000
1846 0.500000000 0.500000000 0.000000000
1847 0.500000000 0.500000000 0.000000000
1848 0.500000000 0.500000000 0.000000000
1849 0.000000000 1.000000000 0.000000000
1850 0.500000000 0.500000000 0.000000000
1851 0.500000000 0.500000000 0.000000000
1852 0.500000000 0.500000000 0.000000000
1853 0.500000000 0.500000000 0.000000000
1854 0.500000000 0.500000000 0.000000000
1855 0.500000000 0.500000000 0.000000000
1856 0.500000000 0.500000000 0.000000000
1857 0.500000000 0.500000000 0.000000000
1858 0.500000000 0.500000000 0.000000000
1859 0.500000000 0.500000000 0.000000000
1860 0.500000000 0.500000000 0.000000000
1861 0.500000000 0.500000000 0.000000000
1862 0.500000000 0.500000000 0.000000000
1863 0.500000000 0.500000000 0.000000000
1864 0.500000000 0.500000000 0.000000000
1865 0.500000000 0.500000000 0.000000000
1866 0.500000000 0.500000000 0.000000000
1867 0.500000000 0.500000000 0.000000000
1868 0.500000000 0.500000000 0.000000000
1869 0.500000000 0.500000000 0.000000000
1870 0.500000000 0.500000000 0.000000000
1871 0.500000000 0.500000000 0.000000000
1872 0.000000000 1.000000000 0.000000000
1873 0.000000000 1.000000000 0.000000000
1874 0.500000000 0.500000000 0.000000000
1875 0.043695133 0.956304848 0.000000000
1876 0.000000000 1.000000000 0.000000000
1877 0.500000000 0.500000000 0.000000000
1878 0.666666687 0.333333343 0.000000000
1879 0.500000000 0.500000000 0.000000000
1880 0.000000000 1.000000000 0.000000000
1881 0.000000000 1.000000000 0.000000000
1882 0.018518519 0.981481493 0.000000000
1883 0.038461540 0.961538434 0.000000000
1884 0.041666668 0.958333313 0.000000000
1885 0.000000000 1.000000000 0.000000000
1886 0.191960931 0.808039069 0.000000000
1887 0.109917358 0.890082657 0.000000000
1888 0.811876655 0.188123375 0.000000000
1889 0.750000000 0.250000000 0.000000000
1890 0.980000019 0.020000000 0.000000000
1891 0.850438952 0.149561048 0.000000000
1892 0.975000024 0.025000000 0.000000000
1893 0.074873738 0.925126255 0.000000000
1894 0.000000000 1.000000000 0.000000000
1895 0.250000000 0.750000000 0.000000000
1896 0.331191778 0.668808222 0.000000000
1897 0.000000000 1.000000000 0.000000000
1898 0.015873017 0.984126985 0.000000000
1899 0.026315790 0.973684192 0.000000000
1900 0.019111790 0.980888188 0.000000000
1901 0.791163445 0.208836541 0.000000000
1902 0.547626674 0.452373326 0.000000000
1903 0.010204081 0.989795923 0.000000000
1904 0.612147510 0.387852520 0.000000000
1905 0.556505561 0.443494439 0.000000000
1906 0.062500000 0.937500000 0.000000000
1907 0.000000000 1.000000000 0.000000000
1908 0.000000000 1.000000000 0.000000000
1909 0.252941340 0.747058630 0.000000000
1910 0.007462686 0.992537320 0.000000000
1911 0.000000000 1.000000000 0.000000000
1912 0.010121457 0.989878535 0.000000000
1913 0.000000000 1.000000000 0.000000000
1914 0.000000000 1.000000000 0.000000000
1915 0.000000000 1.000000000 0.000000000
1916 0.000000000 1.000000000 0.000000000
1917 0.000000000 1.000000000 0.000000000
1918 0.000000000 1.000000000 0.000000000
1919 0.447687447 0.552312553 0.000000000
1920 0.074706614 0.925293386 0.000000000
1921 0.009523810 0.990476191 0.000000000
1922 0.026595745 0.973404229 0.000000000
1923 0.000000000 1.000000000 0.000000000
1924 0.000000000 1.000000000 0.000000000
1925 0.000000000 1.000000000 0.000000000
1926 0.000000000 1.000000000 0.000000000
1927 0.000000000 1.000000000 0.000000000
1928 0.001730104 0.998269916 0.000000000
1929 0.001879699 0.998120308 0.000000000
1930 0.000000000 1.000000000 0.000000000
1931 0.000000000 1.000000000 0.000000000
1932 0.000000000 1.000000000 0.000000000
1933 0.000000000 1.000000000 0.000000000
1934 0.000000000 1.000000000 0.000000000
1935 0.000000000 1.000000000 0.000000000
1936 0.000000000 1.000000000 0.000000000
1937 0.500000000 0.500000000 0.000000000
1938 0.500000000 0.500000000 0.000000000
1939 0.500000000 0.500000000 0.000000000
1940 0.500000000 0.500000000 0.000000000
1941 0.500000000 0.500000000 0.000000000
1942 0.500000000 0.500000000 0.000000000
1943 0.500000000 0.500000000 0.000000000
1944 0.500000000 0.500000000 0.000000000
1945 0.500000000 0.500000000 0.000000000
1946 0.500000000 0.500000000 0.000000000
1947 0.500000000 0.500000000 0.000000000
1948 0.500000000 0.500000000 0.000000000
1949 0.500000000 0.500000000 0.000000000
1950 0.500000000 0.500000000 0.000000000
1951 0.500000000 0.500000000 0.000000000
1952 0.500000000 0.500000000 0.000000000
1953 0.500000000 0.500000000 0.000000000
1954 0.500000000 0.500000000 0.000000000
1955 0.500000000 0.500000000 0.000000000
1956 0.500000000 0.500000000 0.000000000
1957 0.500000000 0.500000000 0.000000000
1958 0.500000000 0.500000000 0.000000000
1959 0.500000000 0.500000000 0.000000000
1960 0.500000000 0.500000000 0.000000000
1961 0.500000000 0.500000000 0.000000000
1962 0.500000000 0.500000000 0.000000000
1963 0.500000000 0.500000000 0.000000000
1964 0.500000000 0.500000000 0.000000000
1965 0.500000000 0.500000000 0.000000000
1966 0.500000000 0.500000000 0.000000000
1967 0.500000000 0.500000000 0.000000000
1968 0.500000000 0.500000000 0.000000000
1969 0.500000000 0.500000000 0.000000000
1970 0.250000000 0.750000000 0.000000000
1971 0.500000000 0.500000000 0.000000000
1972 0.500000000 0.500000000 0.000000000
1973 0.500000000 0.500000000 0.000000000
1974 0.500000000 0.500000000 0.000000000
1975 0.500000000 0.500000000 0.000000000
1976 1.000000000 0.000000000 0.000000000
1977 0.500000000 0.500000000 0.000000000
1978 1.000000000 0.000000000 0.000000000
1979 0.000000000 1.000000000 0.000000000
1980 1.000000000 0.000000000 0.000000000
1981 0.861071110 0.138928890 0.000000000
1982 0.500000000 0.500000000 0.000000000
1983 0.833333313 0.166666672 0.000000000
1984 0.800000012 0.200000003 0.000000000
1985 0.375000000 0.625000000 0.000000000
1986 0.500000000 0.500000000 0.000000000
1987 0.500000000 0.500000000 0.000000000
1988 0.500000000 0.500000000 0.000000000
1989 0.457904100 0.542095900 0.000000000
1990 0.500000000 0.500000000 0.000000000
1991 0.904761910 0.095238097 0.000000000
1992 0.500000000 0.500000000 0.000000000
1993 0.000000000 1.000000000 0.000000000
1994 0.500000000 0.500000000 0.000000000
1995 0.500000000 0.500000000 0.000000000
1996 0.977941155 0.022058824 0.000000000
1997 0.500000000 0.500000000 0.000000000
1998 0.500000000 0.500000000 0.000000000
1999 0.500000000 0.500000000 0.000000000
2000 0.500000000 0.500000000 0.000000000
2001 0.500000000 0.500000000 0.000000000
2002 0.925000012 0.075000003 0.000000000
2003 1.000000000 0.000000000 0.000000000
2004 0.014615669 0.985384345 0.000000000
2005 0.099192232 0.900807798 0.000000000
2006 0.487238884 0.512761116 0.000000000
2007 0.003333333 0.996666670 0.000000000
2008 0.876923084 0.123076923 0.000000000
2009 0.500000000 0.500000000 0.000000000
2010 0.500000000 0.500000000 0.000000000
2011 0.500000000 0.500000000 0.000000000
2012 0.853935421 0.146064609 0.000000000
2013 0.008849557 0.991150439 0.000000000
2014 0.500000000 0.500000000 0.000000000
2015 0.996794879 0.003205128 0.000000000
2016 0.003125000 0.996874988 0.000000000
2017 0.500000000 0.500000000 0.000000000
2018 0.252985418 0.747014582 0.000000000
2019 0.500000000 0.500000000 0.000000000
2020 0.601385176 0.398614854 0.000000000
2021 0.072674416 0.927325606 0.000000000
2022 0.989361703 0.010638298 0.000000000
2023 0.777777791 0.222222224 0.000000000
2024 0.500000000 0.500000000 0.000000000
2025 0.985815585 0.014184397 0.000000000
2026 0.100000001 0.899999976 0.000000000
2027 0.500000000 0.500000000 0.000000000
2028 0.214285716 0.785714269 0.000000000
2029 0.493827164 0.506172836 0.000000000
2030 0.487558633 0.512441397 0.000000000
2031 0.500000000 0.500000000 0.000000000
2032 0.036842104 0.963157892 0.000000000
2033 0.144859806 0.855140209 0.000000000
2034 0.126682788 0.873317242 0.000000000
2035 0.010638298 0.989361703 0.000000000
2036 0.500000000 0.500000000 0.000000000
2037 0.977272749 0.022727273 0.000000000
2038 0.154641852 0.845358133 0.000000000
2039 0.312500000 0.687500000 0.000000000
2040 0.073684208 0.926315784 0.000000000
2041 0.500000000 0.500000000 0.000000000
2042 0.494832247 0.505167782 0.000000000
2043 0.120689653 0.879310369 0.000000000
2044 0.990000010 0.010000000 0.000000000
2045 0.191919193 0.808080792 0.000000000
2046 0.015673982 0.984326005 0.000000000
2047 0.500000000 0.500000000 0.000000000
2048 0.620370388 0.379629642 0.000000000
2049 0.046391752 0.953608274 0.000000000
2050 0.500000000 0.500000000 0.000000000
2051 0.972000003 0.028000001 0.000000000
2052 0.068181820 0.931818187 0.000000000
2053 0.000000000 1.000000000 0.000000000
2054 0.500000000 0.500000000 0.000000000
2055 0.197916672 0.802083313 0.000000000
2056 0.979452074 0.020547945 0.000000000
2057 0.045918368 0.954081655 0.000000000
2058 0.104166664 0.895833313 0.000000000
2059 0.000000000 1.000000000 0.000000000
2060 0.500000000 0.500000000 0.000000000
2061 0.500000000 0.500000000 0.000000000
2062 0.699999988 0.300000012 0.000000000
2063 0.062068965 0.937931061 0.000000000
2064 0.000000000 1.000000000 0.000000000
2065 0.060606062 0.939393938 0.000000000
2066 0.500000000 0.500000000 0.000000000
2067 0.011904762 0.988095224 0.000000000
2068 0.500000000 0.500000000 0.000000000
2069 0.000000000 1.000000000 0.000000000
2070 0.005934718 0.994065285 0.000000000
2071 0.004950495 0.995049477 0.000000000
2072 0.000000000 1.000000000 0.000000000
2073 0.000000000 1.000000000 0.000000000
2074 0.000000000 1.000000000 0.000000000
2075 0.000000000 1.000000000 0.000000000
2076 0.500000000 0.500000000 0.000000000
2077 0.000000000 1.000000000 0.000000000
2078 0.000000000 1.000000000 0.000000000
2079 0.500000000 0.500000000 0.000000000
2080 0.500000000 0.500000000 0.000000000
2081 0.001121076 0.998878896 0.000000000
2082 0.012567325 0.987432659 0.000000000
2083 0.005747126 0.994252861 0.000000000
2084 0.003640777 0.996359229 0.000000000
2085 0.003926701 0.996073306 0.000000000
2086 0.010663508 0.989336491 0.000000000
2087 0.003378378 0.996621609 0.000000000
2088 0.017021276 0.982978702 0.000000000
2089 0.001121076 0.998878896 0.000000000
2090 0.001440922 0.998559058 0.000000000
2091 0.019230770 0.980769217 0.000000000
2092 0.004716981 0.995283008 0.000000000
2093 0.001908397 0.998091578 0.000000000
2094 0.000000000 1.000000000 0.000000000
2095 0.000000000 1.000000000 0.000000000
2096 0.002127660 0.997872353 0.000000000
2097 0.000000000 1.000000000 0.000000000
2098 0.000000000 1.000000000 0.000000000
2099 0.000000000 1.000000000 0.000000000
2100 0.029279279 0.970720708 0.000000000
2101 0.000000000 1.000000000 0.000000000
2102 0.000000000 1.000000000 0.000000000
2103 0.000000000 1.000000000 0.000000000
2104 0.000000000 1.000000000 0.000000000
2105 0.000000000 1.000000000 0.000000000
2106 0.000000000 0.500000000 0.500000000
2107 0.000000000 0.500000000 0.500000000
2108 0.000000000 0.500000000 0.500000000
2109 0.000000000 0.500000000 0.500000000
2110 0.000000000 0.500000000 0.500000000
2111 0.000000000 0.500000000 0.500000000
2112 0.000000000 0.500000000 0.500000000
2113 0.000000000 0.500000000 0.500000000
2114 0.000000000 0.500000000 0.500000000
2115 0.000000000 0.500000000 0.500000000
2116 0.000000000 0.500000000 0.500000000
2117 0.000000000 0.500000000 0.500000000
2118 0.000000000 0.500000000 0.500000000
2119 0.000000000 0.500000000 0.500000000
2120 0.000000000 0.500000000 0.500000000
2121 0.000000000 0.500000000 0.500000000
2122 0.000000000 0.000000000 1.000000000
2123 0.000000000 0.500000000 0.500000000
2124 0.000000000 0.500000000 0.500000000
2125 0.000000000 1.000000000 0.000000000
2126 0.000000000 0.500000000 0.500000000
2127 0.000000000 0.500000000 0.500000000
2128 0.000000000 0.500000000 0.500000000
2129 0.000000000 0.500000000 0.500000000
2130 0.000000000 0.000000000 1.000000000
2131 0.000000000 0.500000000 0.500000000
2132 0.000000000 0.875000000 0.125000000
2133 0.000000000 0.500000000 0.500000000
2134 0.000000000 0.500000000 0.500000000
2135 0.000000000 0.500000000 0.500000000
2136 0.000000000 0.000000000 1.000000000
2137 0.000000000 0.500000000 0.500000000
2138 0.000000000 0.500000000 0.500000000
2139 0.000000000 0.000000000 1.000000000
2140 0.000000000 0.500000000 0.500000000
2141 0.000000000 0.500000000 0.500000000
2142 0.000000000 0.666666687 0.333333343
2143 0.000000000 0.500000000 0.500000000
2144 0.000000000 1.000000000 0.000000000
2145 0.000000000 1.000000000 0.000000000
2146 0.000000000 0.928571403 0.071428575
2147 0.000000000 1.000000000 0.000000000
2148 0.000000000 0.300000012 0.699999988
2149 0.000000000 0.898897052 0.101102941
2150 0.000000000 1.000000000 0.000000000
2151 0.000000000 0.925396800 0.074603178
2152 0.000000000 1.000000000 0.000000000
2153 0.000000000 0.875000000 0.125000000
2154 0.000000000 1.000000000 0.000000000
2155 0.000000000 1.000000000 0.000000000
2156 0.000000000 0.781196594 0.218803421
2157 0.000000000 0.600000024 0.400000006
2158 0.000000000 0.893203855 0.106796116
2159 0.000000000 0.973316908 0.026683087
2160 0.000000000 0.993749976 0.006250000
2161 0.000000000 1.000000000 0.000000000
2162 0.000000000 0.744186044 0.255813956
2163 0.000000000 0.995192289 0.004807692
2164 0.000000000 0.994845390 0.005154639
2165 0.000000000 0.977207959 0.022792023
2166 0.000000000 0.994791687 0.005208333
2167 0.000000000 0.946601927 0.053398058
2168 0.000000000 0.985294104 0.014705882
2169 0.000000000 0.951630056 0.048369952
2170 0.000000000 0.910377383 0.089622639
2171 0.000000000 0.986014009 0.013986014
2172 0.000000000 0.980916023 0.019083969
2173 0.000000000 0.992647052 0.007352941
2174 0.000000000 0.978102207 0.021897810
2175 0.000000000 0.972884536 0.027115446
2176 0.000000000 0.993982136 0.006017868
2177 0.000000000 1.000000000 0.000000000
2178 0.000000000 0.865505695 0.134494305
2179 0.000000000 0.996124029 0.003875969
2180 0.000000000 1.000000000 0.000000000
2181 0.000000000 0.985294104 0.014705882
2182 0.000000000 0.993901968 0.006098017
2183 0.000000000 1.000000000 0.000000000
2184 0.000000000 0.836397052 0.163602948
2185 0.000000000 0.893620491 0.106379524
2186 0.000000000 0.821797669 0.178202331
2187 0.000000000 0.850649357 0.149350643
2188 0.000000000 0.783959329 0.216040701
2189 0.000000000 0.992700756 0.007299270
2190 0.000000000 0.320615441 0.679384589
2191 0.000000000 0.902900875 0.097099148
2192 0.000000000 0.920897961 0.079102032
2193 0.000000000 0.965148389 0.034851622
2194 0.000000000 0.849315047 0.150684938
2195 0.000000000 0.883435607 0.116564415
2196 0.000000000 1.000000000 0.000000000
2197 0.000000000 1.000000000 0.000000000
2198 0.000000000 1.000000000 0.000000000
2199 0.000000000 0.993589759 0.006410256
2200 0.000000000 1.000000000 0.000000000
2201 0.000000000 1.000000000 0.000000000
2202 0.000000000 0.997340441 0.002659574
2203 0.000000000 0.567446470 0.432553500
2204 0.000000000 1.000000000 0.000000000
2205 0.000000000 1.000000000 0.000000000
2206 0.000000000 0.986111104 0.013888889
2207 0.000000000 0.979568481 0.020431513
2208 0.000000000 1.000000000 0.000000000
2209 0.000000000 1.000000000 0.000000000
2210 0.000000000 0.885107100 0.114892922
2211 0.000000000 0.991469026 0.008530970
2212 0.000000000 0.998839915 0.001160093
2213 0.000000000 0.941721320 0.058278698
2214 0.000000000 1.000000000 0.000000000
2215 0.000000000 1.000000000 0.000000000
2216 0.000000000 0.906448066 0.093551964
2217 0.000000000 1.000000000 0.000000000
2218 0.000000000 0.323592275 0.676407695
2219 0.000000000 0.985115349 0.014884644
2220 0.000000000 0.997698486 0.002301496
2221 0.000000000 0.914469540 0.085530445
2222 0.000000000 0.888170600 0.111829385
2223 0.000000000 1.000000000 0.000000000
2224 0.000000000 0.960251570 0.039748430
2225 0.000000000 0.902769923 0.097230107
2226 0.000000000 0.897862017 0.102137953
2227 0.000000000 0.941022933 0.058977097
2228 0.000000000 0.872745991 0.127253994
2229 0.000000000 0.908647358 0.091352634
2230 0.000000000 0.944582105 0.055417918
2231 0.000000000 0.889103889 0.110896125
2232 0.000000000 0.794509888 0.205490112
2233 0.000000000 0.963408291 0.036591738
2234 0.000000000 0.883260667 0.116739355
2235 0.000000000 0.980169535 0.019830458
2236 0.000000000 0.997906446 0.002093534
2237 0.000000000 0.985711753 0.014288232
2238 0.000000000 0.996765494 0.003234508
2239 0.000000000 0.988734484 0.011265500
2240 0.000000000 0.998429179 0.001570796
2241 0.000000000 0.998823524 0.001176471
2242 0.000000000 0.990191579 0.009808421
2243 0.000000000 1.000000000 0.000000000
2244 0.000000000 1.000000000 0.000000000
2245 0.000000000 1.000000000 0.000000000
2246 0.000000000 0.819941759 0.180058256
2247 0.000000000 0.981423438 0.018576559
2248 0.000000000 0.994041324 0.005958655
2249 0.000000000 0.941018760 0.058981232
2250 0.000000000 0.958665490 0.041334502
2251 0.000000000 0.998925090 0.001074912
2252 0.000000000 0.955170989 0.044829018
2253 0.000000000 0.982389092 0.017610893
2254 0.000000000 0.938375294 0.061624706
2255 0.000000000 0.987562180 0.012437811
2256 0.000000000 0.996747196 0.003252788
2257 0.000000000 0.736736596 0.263263375
2258 0.000000000 0.652922451 0.347077549
2259 0.000000000 0.993310690 0.006689309
2260 0.000000000 0.938932896 0.061067078
2261 0.000000000 0.996247470 0.003752533
2262 0.000000000 0.398573130 0.601426840
2263 0.000000000 0.465473264 0.534526706
2264 0.000000000 0.485074639 0.514925361
2265 0.000000000 0.577640891 0.422359139
2266 0.000000000 0.580748260 0.419251710
2267 0.000000000 0.907142878 0.092857145
2268 0.000000000 0.625756502 0.374243528
2269 0.000000000 0.658496559 0.341503441
2270 0.000000000 0.605604291 0.394395709
2271 0.000000000 0.785691619 0.214308396
2272 0.000000000 0.856300235 0.143699765
2273 0.000000000 0.261068046 0.738931954
2274 0.000000000 0.755493641 0.244506359
2275 0.000000000 0.008196721 0.991803288
2276 0.000000000 0.773102105 0.226897880
2277 0.000000000 0.452942729 0.547057271
2278 0.000000000 0.823192775 0.176807210
2279 0.000000000 0.650853395 0.349146605
2280 0.000000000 0.549875915 0.450124115
2281 0.000000000 0.452271610 0.547728419
2282 0.000000000 0.289691478 0.710308552
2283 0.000000000 0.820029259 0.179970711
2284 0.000000000 0.486610115 0.513389885
2285 0.000000000 0.777596414 0.222403616
2286 0.000000000 0.678859890 0.321140110
2287 0.000000000 0.862701356 0.137298658
2288 0.000000000 0.344451845 0.655548155
2289 0.000000000 0.346534640 0.653465331
2290 0.000000000 0.736950934 0.263049096
2291 0.000000000 0.460543245 0.539456785
2292 0.000000000 0.664195836 0.335804164
2293 0.000000000 0.768964350 0.231035635
2294 0.000000000 0.919410586 0.080589391
2295 0.000000000 0.930117369 0.069882624
2296 0.000000000 0.644338071 0.355661899
2297 0.000000000 0.994245231 0.005754781
2298 0.000000000 0.589014232 0.410985798
2299 0.000000000 0.894175828 0.105824158
2300 0.000000000 0.699170411 0.300829560
2301 0.000000000 0.226911813 0.773088217
2302 0.000000000 0.603687823 0.396312177
2303 0.000000000 0.025641026 0.974358976
2304 0.000000000 0.199452817 0.800547183
2305 0.000000000 0.673184872 0.326815099
2306 0.000000000 0.399426281 0.600573719
2307 0.000000000 0.848837554 0.151162446
2308 0.000000000 0.840511143 0.159488872
2309 0.000000000 0.621660590 0.378339440
2310 0.000000000 0.732334495 0.267665476
2311 0.000000000 0.700152576 0.299847394
2312 0.000000000 0.458839893 0.541160107
2313 0.000000000 0.687172711 0.312827259
2314 0.000000000 0.603232861 0.396767110
2315 0.000000000 0.546680152 0.453319848
2316 0.000000000 0.592554688 0.407445341
2317 0.000000000 0.028688524 0.971311450
2318 0.000000000 0.927976608 0.072023377
2319 0.000000000 0.960132420 0.039867591
2320 0.000000000 0.909983397 0.090016581
2321 0.000000000 0.970482349 0.029517638
2322 0.000000000 1.000000000 0.000000000
2323 0.000000000 0.871647537 0.128352493
2324 0.000000000 0.630607247 0.369392753
2325 0.000000000 0.502839684 0.497160345
2326 0.000000000 0.497567117 0.502432883
2327 0.000000000 0.500000000 0.500000000
2328 0.000000000 0.500000000 0.500000000
2329 0.000000000 0.500000000 0.500000000
2330 0.000000000 0.500000000 0.500000000
2331 0.000000000 0.500000000 0.500000000
2332 0.000000000 0.500000000 0.500000000
2333 0.000000000 0.500000000 0.500000000
2334 0.000000000 0.500000000 0.500000000
2335 0.000000000 0.500000000 0.500000000
2336 0.000000000 0.500000000 0.500000000
2337 0.000000000 0.500000000 0.500000000
2338 0.000000000 0.500000000 0.500000000
2339 0.000000000 0.500000000 0.500000000
2340 0.000000000 1.000000000 0.000000000
2341 0.000000000 0.000000000 1.000000000
2342 0.000000000 0.000000000 1.000000000
2343 0.000000000 0.133333340 0.866666675
2344 0.000000000 1.000000000 0.000000000
2345 0.000000000 1.000000000 0.000000000
2346 0.000000000 0.388633162 0.611366868
2347 0.000000000 0.172727272 0.827272713
2348 0.000000000 0.500000000 0.500000000
2349 0.000000000 0.875000000 0.125000000
2350 0.000000000 0.500000000 0.500000000
2351 0.000000000 0.583333313 0.416666657
2352 0.000000000 0.500000000 0.500000000
2353 0.000000000 0.500000000 0.500000000
2354 0.000000000 0.000000000 1.000000000
2355 0.000000000 0.500000000 0.500000000
2356 0.000000000 0.166666672 0.833333313
2357 0.000000000 0.875000000 0.125000000
2358 0.000000000 1.000000000 0.000000000
2359 0.000000000 0.500000000 0.500000000
2360 0.000000000 0.333333343 0.666666687
2361 0.000000000 0.500000000 0.500000000
2362 0.000000000 0.500000000 0.500000000
2363 0.000000000 0.666666687 0.333333343
2364 0.000000000 0.500000000 0.500000000
2365 0.000000000 0.500000000 0.500000000
2366 0.000000000 0.785714269 0.214285716
2367 0.000000000 0.090579711 0.909420311
2368 0.000000000 1.000000000 0.000000000
2369 0.000000000 0.000000000 1.000000000
2370 0.000000000 0.500000000 0.500000000
2371 0.000000000 0.310807019 0.689193010
2372 0.000000000 0.818750024 0.181250006
2373 0.000000000 0.100000001 0.899999976
2374 0.000000000 0.019230770 0.980769217
2375 0.000000000 0.033333335 0.966666639
2376 0.000000000 0.359558761 0.640441239
2377 0.000000000 0.750000000 0.250000000
2378 0.000000000 0.733779848 0.266220152
2379 0.000000000 0.071428575 0.928571403
2380 0.000000000 0.125000000 0.875000000
2381 0.000000000 0.899999976 0.100000001
2382 0.000000000 0.750000000 0.250000000
2383 0.000000000 0.000000000 1.000000000
2384 0.000000000 0.000000000 1.000000000
2385 0.000000000 0.630913258 0.369086742
2386 0.000000000 0.062500000 0.937500000
2387 0.000000000 0.500000000 0.500000000
2388 0.000000000 1.000000000 0.000000000
2389 0.000000000 1.000000000 0.000000000
2390 0.000000000 0.500000000 0.500000000
2391 0.000000000 1.000000000 0.000000000
2392 0.000000000 0.918683350 0.081316650
2393 0.000000000 0.871988654 0.128011331
2394 0.000000000 0.982840598 0.017159374
2395 0.000000000 0.841893852 0.158106133
2396 0.000000000 0.751001298 0.248998687
2397 0.000000000 1.000000000 0.000000000
2398 0.000000000 0.519187748 0.480812252
2399 0.000000000 0.846001506 0.153998509
2400 0.000000000 0.978829384 0.021170594
2401 0.000000000 0.004629630 0.995370388
2402 0.000000000 0.869562030 0.130437970
2403 0.000000000 0.653589666 0.346410334
2404 0.000000000 0.000000000 1.000000000
2405 0.000000000 0.722222209 0.277777791
2406 0.000000000 0.004016064 0.995983958
2407 0.000000000 0.132911399 0.867088616
2408 0.000000000 0.116298787 0.883701205
2409 0.000000000 0.288356602 0.711643398
2410 0.000000000 0.274338007 0.725661993
2411 0.000000000 0.332475841 0.667524159
2412 0.000000000 0.231102943 0.768897057
2413 0.000000000 0.900808096 0.099191919
2414 0.000000000 0.390670180 0.609329820
2415 0.000000000 0.054025423 0.945974588
2416 0.000000000 0.022590362 0.977409661
2417 0.000000000 0.014721722 0.985278249
2418 0.000000000 0.000000000 1.000000000
2419 0.000000000 0.006868132 0.993131876
2420 0.000000000 0.088949844 0.911050141
2421 0.000000000 0.094250612 0.905749381
2422 0.000000000 0.000000000 1.000000000
2423 0.000000000 0.002832861 0.997167110
2424 0.000000000 0.185481295 0.814518690
2425 0.000000000 0.060810812 0.939189196
2426 0.000000000 0.067655236 0.932344794
2427 0.000000000 0.200777575 0.799222410
2428 0.000000000 0.078079179 0.921920836
2429 0.000000000 0.029761905 0.970238090
2430 0.000000000 0.000000000 1.000000000
2431 0.000000000 0.026176199 0.973823786
2432 0.000000000 0.006443299 0.993556678
2433 0.000000000 0.010600707 0.989399314
2434 0.000000000 0.000869565 0.999130428
2435 0.000000000 0.016371682 0.983628333
2436 0.000000000 0.011164274 0.988835752
2437 0.000000000 0.168202758 0.831797242
2438 0.000000000 0.009168157 0.990831852
2439 0.000000000 0.096443683 0.903556347
2440 0.000000000 0.013736264 0.986263752
2441 0.000000000 0.004504505 0.995495498
2442 0.000000000 0.025132274 0.974867702
2443 0.000000000 0.014717742 0.985282242
2444 0.000000000 0.000000000 1.000000000
2445 0.987282455 0.003346720 0.009370817
2446 0.990629196 0.002677376 0.006693440
2447 0.987039864 0.001272265 0.011687899
2448 0.982569814 0.000603865 0.016826319
2449 0.971401811 0.002464572 0.026133597
2450 0.995884776 0.002057613 0.002057613
2451 0.995726466 0.002136752 0.002136752
2452 0.979431808 0.001821494 0.018746693
2453 0.995964348 0.001388889 0.002646751
2454 0.991228044 0.004385965 0.004385965
2455 0.938168764 0.005249344 0.056581870
2456 0.995169103 0.002415459 0.002415459
2457 0.956589997 0.008417509 0.034992468
2458 0.006600660 0.021452146 0.971947193
2459 0.953869343 0.004587156 0.041543521
2460 0.994490385 0.002754821 0.002754821
2461 0.991416335 0.004291845 0.004291845
2462 0.970309794 0.000000000 0.029690206
2463 0.977558017 0.002789400 0.019652592
2464 0.980143428 0.000000000 0.019856591
2465 0.985807180 0.002824859 0.011367963
2466 0.855144799 0.003174603 0.141680568
2467 0.894524515 0.002766252 0.102709211
2468 0.838049114 0.004444445 0.157506451
2469 0.420604855 0.005899705 0.573495448
2470 1.000000000 0.000000000 0.000000000
2471 0.359608412 0.001058201 0.639333367
2472 0.000000000 0.005128205 0.994871795
2473 0.961947024 0.000000000 0.038052946
2474 1.000000000 0.000000000 0.000000000
2475 0.972310960 0.013844515 0.013844515
2476 0.885267079 0.000000000 0.114732936
2477 0.224953622 0.000000000 0.775046408
2478 0.987616122 0.006191950 0.006191950
2479 0.997849464 0.001075269 0.001075269
2480 0.993630588 0.003184713 0.003184713
2481 0.957336783 0.000000000 0.042663205
2482 0.993442595 0.003278689 0.003278689
2483 1.000000000 0.000000000 0.000000000
2484 1.000000000 0.000000000 0.000000000
2485 1.000000000 0.000000000 0.000000000
2486 0.000000000 0.000000000 1.000000000
2487 1.000000000 0.000000000 0.000000000
2488 0.984962404 0.007518797 0.007518797
2489 1.000000000 0.000000000 0.000000000
2490 0.926229537 0.000000000 0.073770493
2491 0.808514655 0.000000000 0.191485330
2492 1.000000000 0.000000000 0.000000000
2493 0.900718629 0.000000000 0.099281363
2494 1.000000000 0.000000000 0.000000000
2495 1.000000000 0.000000000 0.000000000
2496 0.142857149 0.142857149 0.714285731
2497 0.333333343 0.333333343 0.333333343
2498 0.333333343 0.333333343 0.333333343
2499 0.333333343 0.333333343 0.333333343
2500 0.333333343 0.333333343 0.333333343
2501 0.333333343 0.333333343 0.333333343
2502 0.666666687 0.166666672 0.166666672
2503 0.511111140 0.277777791 0.211111113
2504 0.333333343 0.333333343 0.333333343
2505 0.333333343 0.333333343 0.333333343
2506 0.333333343 0.333333343 0.333333343
2507 0.333333343 0.333333343 0.333333343
2508 0.333333343 0.333333343 0.333333343
2509 0.000000000 0.375000000 0.625000000
2510 0.333333343 0.333333343 0.333333343
2511 0.500000000 0.250000000 0.250000000
2512 0.466666669 0.266666681 0.266666681
2513 0.000000000 0.148437500 0.851562500
2514 0.000000000 0.250000000 0.750000000
2515 0.833333313 0.083333336 0.083333336
2516 0.866666675 0.066666670 0.066666670
2517 0.333333343 0.333333343 0.333333343
2518 0.033333335 0.033333335 0.933333337
2519 0.333333343 0.466666669 0.200000003
2520 0.894444466 0.027777778 0.077777781
2521 0.878787875 0.060606062 0.060606062
2522 0.142857149 0.363200396 0.493942440
2523 0.333333343 0.333333343 0.333333343
2524 0.000000000 0.000000000 1.000000000
2525 0.555555582 0.222222224 0.222222224
2526 0.404761910 0.083333336 0.511904776
2527 0.333333343 0.333333343 0.333333343
2528 0.333333343 0.333333343 0.333333343
2529 0.442154050 0.446734846 0.111111112
2530 0.333333343 0.333333343 0.333333343
2531 0.333333343 0.333333343 0.333333343
2532 0.555555582 0.222222224 0.222222224
2533 0.333333343 0.333333343 0.333333343
2534 0.000000000 0.500000000 0.500000000
2535 0.009523810 0.067307062 0.923169136
2536 0.000000000 0.250000000 0.750000000
2537 0.020202020 0.026262626 0.953535378
2538 0.047619049 0.090476193 0.861904740
2539 0.937500000 0.031250000 0.031250000
2540 0.000000000 0.078749999 0.921249986
2541 0.020833334 0.020833334 0.958333313
2542 0.033333335 0.258333325 0.708333313
2543 0.064102568 0.000000000 0.935897410
2544 0.022222223 0.488888890 0.488888890
2545 0.230769232 0.391025633 0.378205121
2546 0.033333335 0.573333323 0.393333346
2547 0.333333343 0.333333343 0.333333343
2548 0.047619049 0.219047621 0.733333349
2549 0.153623194 0.311594188 0.534782588
2550 0.333333343 0.333333343 0.333333343
2551 0.250000000 0.375000000 0.375000000
2552 0.000000000 0.000000000 1.000000000
2553 0.333333343 0.333333343 0.333333343
2554 1.000000000 0.000000000 0.000000000
2555 0.000000000 0.720588207 0.279411763
2556 0.333333343 0.333333343 0.333333343
2557 0.000000000 0.031250000 0.968750000
2558 0.000000000 0.427819014 0.572180986
2559 0.333333343 0.333333343 0.333333343
2560 0.000000000 0.250000000 0.750000000
2561 0.081659935 0.680864394 0.237475663
2562 0.153013349 0.486314833 0.360671818
2563 0.000000000 0.897253692 0.102746315
2564 0.000000000 0.901645064 0.098354921
2565 0.650087714 0.290772498 0.059139784
2566 1.000000000 0.000000000 0.000000000
2567 0.450398535 0.473578125 0.076023348
2568 0.280780315 0.502172351 0.217047319
2569 1.000000000 0.000000000 0.000000000
2570 0.003086420 0.021604938 0.975308657
2571 0.001984127 0.001984127 0.996031761
2572 0.633657217 0.331430346 0.034912426
2573 0.000000000 0.022471910 0.977528095
2574 0.019198352 0.514431655 0.466369957
2575 0.250927001 0.474715829 0.274357170
2576 0.007032349 0.108329430 0.884638190
2577 0.005952381 0.008184524 0.985863090
2578 0.002923977 0.310539365 0.686536670
2579 0.015059799 0.524027407 0.460912794
2580 0.003921569 0.609814584 0.386263877
2581 0.315123171 0.612144709 0.072732136
2582 0.238333195 0.598706424 0.162960380
2583 0.905854702 0.059330456 0.034814816
2584 0.008474576 0.252118647 0.739406765
2585 0.002677376 0.275568932 0.721753657
2586 0.005167959 0.022609819 0.972222209
2587 0.001796945 0.141679302 0.856523752
2588 0.012820513 0.739429116 0.247750357
2589 0.008359456 0.594003916 0.397636592
2590 0.022222223 0.371943086 0.605834663
2591 0.010848126 0.411501050 0.577650845
2592 0.000000000 0.506471634 0.493528366
2593 0.377958357 0.374084264 0.247957379
2594 0.001801802 0.476801813 0.521396399
2595 0.166888401 0.481818885 0.351292700
2596 0.012787724 0.547761142 0.439451128
2597 0.000000000 0.489115924 0.510884106
2598 0.057539683 0.060515873 0.881944418
2599 0.005747126 0.023706896 0.970545948
2600 0.005535055 0.009225092 0.985239863
2601 0.005154639 0.041237112 0.953608274
2602 0.002355713 0.005447586 0.992196679
2603 0.004637681 0.006594203 0.988768101
2604 0.002949852 0.009144543 0.987905622
2605 0.001063264 0.007442850 0.991493881
2606 0.008960574 0.008960574 0.982078850
2607 0.001192606 0.001192606 0.997614801
2608 0.000000000 0.520049393 0.479950577
2609 0.051892553 0.121080071 0.827027380
2610 0.007807808 0.417537540 0.574654639
2611 0.002351558 0.003233392 0.994415045
2612 0.009677419 0.010483871 0.979838729
2613 0.333333343 0.333333343 0.333333343
2614 0.333333343 0.333333343 0.333333343
2615 0.333333343 0.333333343 0.333333343
2616 0.333333343 0.333333343 0.333333343
2617 0.333333343 0.333333343 0.333333343
2618 0.333333343 0.333333343 0.333333343
2619 0.333333343 0.333333343 0.333333343
2620 0.333333343 0.333333343 0.333333343
2621 0.333333343 0.333333343 0.333333343
2622 0.333333343 0.333333343 0.333333343
2623 0.333333343 0.333333343 0.333333343
2624 0.333333343 0.333333343 0.333333343
2625 0.333333343 0.333333343 0.333333343
2626 0.333333343 0.333333343 0.333333343
2627 0.333333343 0.333333343 0.333333343
2628 0.333333343 0.333333343 0.333333343
2629 0.333333343 0.333333343 0.333333343
2630 0.333333343 0.333333343 0.333333343
2631 0.333333343 0.333333343 0.333333343
2632 0.000000000 0.000000000 1.000000000
2633 0.333333343 0.333333343 0.333333343
2634 0.333333343 0.333333343 0.333333343
2635 0.333333343 0.333333343 0.333333343
2636 0.333333343 0.333333343 0.333333343
2637 0.333333343 0.333333343 0.333333343
2638 0.333333343 0.333333343 0.333333343
2639 0.000000000 0.500000000 0.500000000
2640 0.333333343 0.333333343 0.333333343
2641 0.333333343 0.333333343 0.333333343
2642 0.333333343 0.333333343 0.333333343
2643 0.333333343 0.333333343 0.333333343
2644 0.333333343 0.333333343 0.333333343
2645 0.333333343 0.333333343 0.333333343
2646 0.333333343 0.333333343 0.333333343
2647 0.333333343 0.333333343 0.333333343
2648 0.333333343 0.333333343 0.333333343
2649 0.333333343 0.333333343 0.333333343
2650 0.333333343 0.333333343 0.333333343
2651 0.000000000 0.500000000 0.500000000
2652 0.562500000 0.000000000 0.437500000
2653 0.641025662 0.025641026 0.333333343
2654 0.547619045 0.000000000 0.452380955
2655 0.000000000 0.000000000 1.000000000
2656 0.097464949 0.228783086 0.673751950
2657 0.454545468 0.000000000 0.545454562
2658 0.657142878 0.000000000 0.342857152
2659 0.000000000 0.649999976 0.349999994
2660 0.592592597 0.203703701 0.203703701
2661 0.575757563 0.000000000 0.424242437
2662 0.000000000 0.363636374 0.636363626
2663 0.600000024 0.000000000 0.400000006
2664 1.000000000 0.000000000 0.000000000
2665 0.491305411 0.508694589 0.000000000
2666 0.943089426 0.004065040 0.052845530
2667 0.929166675 0.016666668 0.054166667
2668 0.571541846 0.400156230 0.028301887
2669 0.000000000 0.000000000 1.000000000
2670 0.929449856 0.032362461 0.038187701
2671 0.749945939 0.059790913 0.190263137
2672 0.538293958 0.438314229 0.023391813
2673 0.992982447 0.003508772 0.003508772
2674 0.948499382 0.037895154 0.013605442
2675 0.959595978 0.000000000 0.040404040
2676 0.947587609 0.010071903 0.042340461
2677 0.225187317 0.774812698 0.000000000
2678 0.547618389 0.446054935 0.006326664
2679 0.974554718 0.012722646 0.012722646
2680 0.927857935 0.072142072 0.000000000
2681 0.978423238 0.021576751 0.000000000
2682 0.117299505 0.880155981 0.002544529
2683 0.000000000 0.000000000 1.000000000
2684 0.878821433 0.121178545 0.000000000
2685 0.145093635 0.854906380 0.000000000
2686 0.945106804 0.054893211 0.000000000
2687 0.982683957 0.010069680 0.007246377
2688 0.427466303 0.562729776 0.009803922
2689 0.624987364 0.371281296 0.003731343
2690 0.364020854 0.635979176 0.000000000
2691 0.983890057 0.016109927 0.000000000
2692 0.738336623 0.243554756 0.018108651
2693 0.609572530 0.388046533 0.002380952
2694 0.197362348 0.355594963 0.447042704
2695 0.890804589 0.054597702 0.054597702
2696 0.582003355 0.273669660 0.144326955
2697 0.000000000 0.253333330 0.746666670
2698 0.407257944 0.380143642 0.212598428
2699 0.511319757 0.292898327 0.195781887
2700 0.851648331 0.000000000 0.148351654
2701 0.684120893 0.315879077 0.000000000
2702 0.471640229 0.528359771 0.000000000
2703 0.059262358 0.732317507 0.208420113
2704 0.875370204 0.117527276 0.007102514
2705 0.752221584 0.247778445 0.000000000
2706 1.000000000 0.000000000 0.000000000
2707 0.345456719 0.652547479 0.001995825
2708 0.916323543 0.079910003 0.003766478
2709 0.508909047 0.491090983 0.000000000
2710 0.267235756 0.732764244 0.000000000
2711 0.000000000 0.000000000 1.000000000
2712 0.742439151 0.257369965 0.000190893
2713 0.977904260 0.007448790 0.014646932
2714 0.321204901 0.678795099 0.000000000
2715 0.162675247 0.837324739 0.000000000
2716 0.797211707 0.202788278 0.000000000
2717 0.969111502 0.030581564 0.000306925
2718 0.487728000 0.428851962 0.083420046
2719 0.159123778 0.783242226 0.057634018
2720 0.770292819 0.227549523 0.002157627
2721 0.259353310 0.733027637 0.007619048
2722 0.435603291 0.558519304 0.005877414
2723 0.673199654 0.292632580 0.034167774
2724 0.586967170 0.395320803 0.017712010
2725 0.000000000 0.000000000 1.000000000
2726 0.330173254 0.581204414 0.088622317
2727 0.466797471 0.402761608 0.130440935
2728 0.591872156 0.331283897 0.076843932
2729 0.321192175 0.675157905 0.003649926
2730 0.452986658 0.495450646 0.051562697
2731 0.156142294 0.726799190 0.117058508
2732 0.895150483 0.091806337 0.013043173
2733 0.223354310 0.756634235 0.020011442
2734 0.591455758 0.408544242 0.000000000
2735 0.430152357 0.527049899 0.042797729
2736 0.100023098 0.899976909 0.000000000
2737 0.818444073 0.181555942 0.000000000
2738 0.645116746 0.353879213 0.001004016
2739 0.000000000 0.003496503 0.996503472
2740 0.425837964 0.532829762 0.041332263
2741 0.659068525 0.334740877 0.006190564
2742 0.414195746 0.578859806 0.006944444
2743 0.093064018 0.888273001 0.018662954
2744 0.101722769 0.896620810 0.001656423
2745 0.324349016 0.667901456 0.007749496
2746 0.062163174 0.937836826 0.000000000
2747 0.221272036 0.771594286 0.007133690
2748 0.582774341 0.416911930 0.000313725
2749 0.632276118 0.363861054 0.003862830
2750 0.000000000 0.966430783 0.033569232
2751 0.120403796 0.869215906 0.010380307
2752 0.316288739 0.659466565 0.024244705
2753 0.000000000 0.000000000 1.000000000
2754 0.001806392 0.957503080 0.040690549
2755 0.551616967 0.444537312 0.003845692
2756 0.000000000 0.970085442 0.029914530
2757 0.004694836 0.912340164 0.082964987
2758 0.000000000 0.898656666 0.101343304
2759 0.000000000 0.925083637 0.074916355
2760 0.005602241 0.959554553 0.034843218
2761 0.000000000 0.876258194 0.123741806
2762 0.000000000 0.720228374 0.279771626
2763 0.018695509 0.924798846 0.056505654
2764 0.000000000 0.888064504 0.111935481
2765 0.000000000 0.932743371 0.067256652
2766 0.000000000 0.909372687 0.090627305
2767 0.000000000 0.004385965 0.995614052
2768 0.000000000 0.055340629 0.944659352
2769 0.006172840 0.006172840 0.987654328
2770 0.000000000 0.000000000 1.000000000
2771 0.000000000 0.000000000 1.000000000
2772 0.000000000 0.005813953 0.994186044
2773 0.003436426 0.003436426 0.993127167
2774 0.000000000 0.000000000 1.000000000
2775 0.000000000 0.000000000 1.000000000
2776 0.000000000 0.000000000 1.000000000
2777 0.000000000 0.017241379 0.982758641
2778 0.003058104 0.003058104 0.993883789
2779 0.000000000 0.000000000 1.000000000
2780 0.000000000 0.428357691 0.571642280
2781 0.000000000 0.000000000 1.000000000
2782 0.500000000 0.500000000 0.000000000
2783 0.500000000 0.500000000 0.000000000
2784 0.500000000 0.500000000 0.000000000
2785 0.500000000 0.500000000 0.000000000
2786 0.500000000 0.500000000 0.000000000
2787 0.500000000 0.500000000 0.000000000
2788 0.500000000 0.500000000 0.000000000
2789 0.500000000 0.500000000 0.000000000
2790 0.500000000 0.500000000 0.000000000
2791 0.500000000 0.500000000 0.000000000
2792 0.500000000 0.500000000 0.000000000
2793 0.500000000 0.500000000 0.000000000
2794 0.500000000 0.500000000 0.000000000
2795 0.500000000 0.500000000 0.000000000
2796 0.500000000 0.500000000 0.000000000
2797 0.500000000 0.500000000 0.000000000
2798 0.500000000 0.500000000 0.000000000
2799 0.500000000 0.500000000 0.000000000
2800 0.500000000 0.500000000 0.000000000
2801 0.500000000 0.500000000 0.000000000
2802 0.500000000 0.500000000 0.000000000
2803 0.500000000 0.500000000 0.000000000
2804 0.500000000 0.500000000 0.000000000
2805 0.500000000 0.500000000 0.000000000
2806 0.500000000 0.500000000 0.000000000
2807 0.500000000 0.500000000 0.000000000
2808 0.500000000 0.500000000 0.000000000
2809 0.500000000 0.500000000 0.000000000
2810 0.500000000 0.500000000 0.000000000
2811 0.500000000 0.500000000 0.000000000
2812 0.500000000 0.500000000 0.000000000
2813 0.500000000 0.500000000 0.000000000
2814 0.500000000 0.500000000 0.000000000
2815 0.500000000 0.500000000 0.000000000
2816 0.500000000 0.500000000 0.000000000
2817 0.500000000 0.500000000 0.000000000
2818 0.500000000 0.500000000 0.000000000
2819 0.500000000 0.500000000 0.000000000
2820 0.500000000 0.500000000 0.000000000
2821 0.500000000 0.500000000 0.000000000
2822 0.500000000 0.500000000 0.000000000
2823 0.500000000 0.500000000 0.000000000
2824 0.090909094 0.909090936 0.000000000
2825 0.500000000 0.500000000 0.000000000
2826 0.500000000 0.500000000 0.000000000
2827 1.000000000 0.000000000 0.000000000
2828 0.500000000 0.500000000 0.000000000
2829 0.500000000 0.500000000 0.000000000
2830 0.500000000 0.500000000 0.000000000
2831 0.500000000 0.500000000 0.000000000
2832 0.000000000 1.000000000 0.000000000
2833 1.000000000 0.000000000 0.000000000
2834 0.636363626 0.363636374 0.000000000
2835 0.250000000 0.750000000 0.000000000
2836 0.500000000 0.500000000 0.000000000
2837 0.500000000 0.500000000 0.000000000
2838 0.181818187 0.818181813 0.000000000
2839 0.500000000 0.500000000 0.000000000
2840 0.500000000 0.500000000 0.000000000
2841 0.500000000 0.500000000 0.000000000
2842 0.500000000 0.500000000 0.000000000
2843 0.800000012 0.200000003 0.000000000
2844 0.500000000 0.500000000 0.000000000
2845 0.916666687 0.083333336 0.000000000
2846 0.500000000 0.500000000 0.000000000
2847 1.000000000 0.000000000 0.000000000
2848 0.500000000 0.500000000 0.000000000
2849 0.500000000 0.500000000 0.000000000
2850 0.500000000 0.500000000 0.000000000
2851 0.750000000 0.250000000 0.000000000
2852 0.500000000 0.500000000 0.000000000
2853 0.500000000 0.500000000 0.000000000
2854 0.850000024 0.150000006 0.000000000
2855 0.500000000 0.500000000 0.000000000
2856 0.500000000 0.500000000 0.000000000
2857 0.500000000 0.500000000 0.000000000
2858 0.500000000 0.500000000 0.000000000
2859 0.500000000 0.500000000 0.000000000
2860 0.158653840 0.841346145 0.000000000
2861 1.000000000 0.000000000 0.000000000
2862 0.185185179 0.814814806 0.000000000
2863 0.595238090 0.404761910 0.000000000
2864 0.015151516 0.984848499 0.000000000
2865 0.500000000 0.500000000 0.000000000
2866 0.000000000 1.000000000 0.000000000
2867 0.906250000 0.093750000 0.000000000
2868 1.000000000 0.000000000 0.000000000
2869 0.500000000 0.500000000 0.000000000
2870 0.113636367 0.886363626 0.000000000
2871 0.921052635 0.078947365 0.000000000
2872 0.500000000 0.500000000 0.000000000
2873 0.500000000 0.500000000 0.000000000
2874 0.500000000 0.500000000 0.000000000
2875 0.500000000 0.500000000 0.000000000
2876 0.500000000 0.500000000 0.000000000
2877 0.500000000 0.500000000 0.000000000
2878 0.500000000 0.500000000 0.000000000
2879 0.992857158 0.007142857 0.000000000
2880 0.500000000 0.500000000 0.000000000
2881 0.500000000 0.500000000 0.000000000
2882 0.500000000 0.500000000 0.000000000
2883 0.625000000 0.375000000 0.000000000
2884 0.500000000 0.500000000 0.000000000
2885 0.500000000 0.500000000 0.000000000
2886 0.000000000 1.000000000 0.000000000
2887 0.000000000 1.000000000 0.000000000
2888 0.500000000 0.500000000 0.000000000
2889 0.000000000 1.000000000 0.000000000
2890 0.500000000 0.500000000 0.000000000
2891 0.500000000 0.500000000 0.000000000
2892 0.000000000 1.000000000 0.000000000
2893 0.500000000 0.500000000 0.000000000
2894 0.007692308 0.992307663 0.000000000
2895 0.000000000 1.000000000 0.000000000
2896 0.000000000 1.000000000 0.000000000
2897 0.000000000 1.000000000 0.000000000
2898 0.019924242 0.980075777 0.000000000
2899 0.500000000 0.500000000 0.000000000
2900 0.026315790 0.973684192 0.000000000
2901 0.080645159 0.919354856 0.000000000
2902 0.000000000 1.000000000 0.000000000
2903 0.284590423 0.715409577 0.000000000
2904 0.170454547 0.829545438 0.000000000
2905 0.308823526 0.691176474 0.000000000
2906 0.035714287 0.964285731 0.000000000
2907 0.095238097 0.904761910 0.000000000
2908 0.000000000 1.000000000 0.000000000
2909 0.000000000 1.000000000 0.000000000
2910 0.005319149 0.994680822 0.000000000
2911 0.500000000 0.500000000 0.000000000
2912 0.000000000 1.000000000 0.000000000
2913 1.000000000 0.000000000 0.000000000
2914 0.000000000 1.000000000 0.000000000
2915 0.000000000 1.000000000 0.000000000
2916 0.500000000 0.500000000 0.000000000
2917 0.500000000 0.500000000 0.000000000
2918 0.000000000 1.000000000 0.000000000
2919 0.500000000 0.500000000 0.000000000
2920 0.500000000 0.500000000 0.000000000
2921 0.500000000 0.500000000 0.000000000
2922 0.000000000 1.000000000 0.000000000
2923 0.000000000 1.000000000 0.000000000
2924 1.000000000 0.000000000 0.000000000
2925 0.000000000 1.000000000 0.000000000
2926 0.000000000 1.000000000 0.000000000
2927 0.500000000 0.500000000 0.000000000
2928 0.000000000 1.000000000 0.000000000
2929 0.500000000 0.500000000 0.000000000
2930 0.000000000 1.000000000 0.000000000
2931 0.000000000 1.000000000 0.000000000
2932 0.047530759 0.952469230 0.000000000
2933 0.000000000 1.000000000 0.000000000
2934 0.023224045 0.976775944 0.000000000
2935 0.000000000 1.000000000 0.000000000
2936 0.000000000 1.000000000 0.000000000
2937 0.000000000 1.000000000 0.000000000
2938 0.000000000 1.000000000 0.000000000
2939 0.000000000 1.000000000 0.000000000
2940 0.000000000 1.000000000 0.000000000
2941 0.000000000 1.000000000 0.000000000
2942 0.000000000 1.000000000 0.000000000
2943 0.000000000 1.000000000 0.000000000
2944 0.000000000 1.000000000 0.000000000
2945 0.000000000 1.000000000 0.000000000
2946 0.000000000 1.000000000 0.000000000
2947 0.000000000 1.000000000 0.000000000
2948 0.021739131 0.978260875 0.000000000
2949 0.000000000 1.000000000 0.000000000
2950 0.000000000 1.000000000 0.000000000
2951 0.000000000 1.000000000 0.000000000
2952 1.000000000 0.000000000 0.000000000
2953 0.996309936 0.003690037 0.000000000
2954 1.000000000 0.000000000 0.000000000
2955 0.992307663 0.007692308 0.000000000
2956 1.000000000 0.000000000 0.000000000
2957 0.998106062 0.001893939 0.000000000
2958 0.997076035 0.002923977 0.000000000
2959 0.994897962 0.005102041 0.000000000
2960 0.995798290 0.004201681 0.000000000
2961 0.983471096 0.016528925 0.000000000
2962 0.990909100 0.009090909 0.000000000
2963 0.993333340 0.006666667 0.000000000
2964 0.992063463 0.007936508 0.000000000
2965 0.000000000 1.000000000 0.000000000
2966 0.991525412 0.008474576 0.000000000
2967 1.000000000 0.000000000 0.000000000
2968 0.993749976 0.006250000 0.000000000
2969 0.954545438 0.045454547 0.000000000
2970 0.941176474 0.058823530 0.000000000
2971 0.944444418 0.055555556 0.000000000
2972 0.976744175 0.023255814 0.000000000
2973 0.500000000 0.500000000 0.000000000
2974 0.994897962 0.005102041 0.000000000
2975 0.879310369 0.120689653 0.000000000
2976 0.969230771 0.030769231 0.000000000
2977 1.000000000 0.000000000 0.000000000
2978 0.996062994 0.003937008 0.000000000
2979 0.000000000 1.000000000 0.000000000
2980 0.891836762 0.108163267 0.000000000
2981 0.862745106 0.137254909 0.000000000
2982 1.000000000 0.000000000 0.000000000
2983 1.000000000 0.000000000 0.000000000
2984 1.000000000 0.000000000 0.000000000
2985 0.991999984 0.008000000 0.000000000
2986 1.000000000 0.000000000 0.000000000
2987 0.994736850 0.005263158 0.000000000
2988 1.000000000 0.000000000 0.000000000
2989 0.969696999 0.030303031 0.000000000
2990 1.000000000 0.000000000 0.000000000
2991 1.000000000 0.000000000 0.000000000
2992 1.000000000 0.000000000 0.000000000
2993 0.000000000 1.000000000 0.000000000
2994 0.592442751 0.407557249 0.000000000
2995 1.000000000 0.000000000 0.000000000
2996 1.000000000 0.000000000 0.000000000
2997 1.000000000 0.000000000 0.000000000
2998 0.500000000 0.500000000 0.000000000
2999 1.000000000 0.000000000 0.000000000
3000 1.000000000 0.000000000 0.000000000
3001 1.000000000 0.000000000 0.000000000
3002 1.000000000 0.000000000 0.000000000
3003 0.500000000 0.500000000 0.000000000
3004 0.500000000 0.500000000 0.000000000
3005 0.500000000 0.500000000 0.000000000
3006 0.500000000 0.500000000 0.000000000
3007 0.500000000 0.500000000 0.000000000
3008 0.500000000 0.500000000 0.000000000
3009 0.500000000 0.500000000 0.000000000
3010 0.500000000 0.500000000 0.000000000
3011 0.500000000 0.500000000 0.000000000
3012 0.500000000 0.500000000 0.000000000
3013 0.500000000 0.500000000 0.000000000
3014 0.500000000 0.500000000 0.000000000
3015 0.500000000 0.500000000 0.000000000
3016 0.500000000 0.500000000 0.000000000
3017 0.500000000 0.500000000 0.000000000
3018 0.500000000 0.500000000 0.000000000
3019 0.500000000 0.500000000 0.000000000
3020 0.500000000 0.500000000 0.000000000
3021 0.500000000 0.500000000 0.000000000
3022 0.071428575 0.928571403 0.000000000
3023 0.000000000 1.000000000 0.000000000
3024 0.500000000 0.500000000 0.000000000
3025 0.500000000 0.500000000 0.000000000
3026 0.500000000 0.500000000 0.000000000
3027 0.500000000 0.500000000 0.000000000
3028 0.500000000 0.500000000 0.000000000
3029 0.666666687 0.333333343 0.000000000
3030 0.500000000 0.500000000 0.000000000
3031 0.500000000 0.500000000 0.000000000
3032 0.500000000 0.500000000 0.000000000
3033 0.500000000 0.500000000 0.000000000
3034 0.500000000 0.500000000 0.000000000
3035 0.500000000 0.500000000 0.000000000
3036 0.500000000 0.500000000 0.000000000
3037 0.500000000 0.500000000 0.000000000
3038 1.000000000 0.000000000 0.000000000
3039 0.500000000 0.500000000 0.000000000
3040 0.500000000 0.500000000 0.000000000
3041 0.500000000 0.500000000 0.000000000
3042 0.000000000 1.000000000 0.000000000
3043 0.000000000 1.000000000 0.000000000
3044 0.500000000 0.500000000 0.000000000
3045 0.500000000 0.500000000 0.000000000
3046 0.899999976 0.100000001 0.000000000
3047 0.058823530 0.941176474 0.000000000
3048 0.357142866 0.642857134 0.000000000
3049 0.000000000 1.000000000 0.000000000
3050 0.059999999 0.939999998 0.000000000
3051 0.017241379 0.982758641 0.000000000
3052 0.000000000 1.000000000 0.000000000
3053 0.800000012 0.200000003 0.000000000
3054 0.000000000 1.000000000 0.000000000
3055 0.000000000 1.000000000 0.000000000
3056 0.000000000 1.000000000 0.000000000
3057 0.500000000 0.500000000 0.000000000
3058 0.500000000 0.500000000 0.000000000
3059 0.000000000 1.000000000 0.000000000
3060 0.000000000 1.000000000 0.000000000
3061 0.000000000 1.000000000 0.000000000
3062 0.000000000 1.000000000 0.000000000
3063 0.500000000 0.500000000 0.000000000
3064 0.500000000 0.500000000 0.000000000
3065 0.500000000 0.500000000 0.000000000
3066 0.500000000 0.500000000 0.000000000
3067 0.500000000 0.500000000 0.000000000
3068 0.055555556 0.944444418 0.000000000
3069 0.000000000 1.000000000 0.000000000
3070 0.321428567 0.678571403 0.000000000
3071 0.000000000 1.000000000 0.000000000
3072 1.000000000 0.000000000 0.000000000
3073 0.500000000 0.500000000 0.000000000
3074 0.968391299 0.031608682 0.000000000
3075 0.013824885 0.986175120 0.000000000
3076 0.000000000 1.000000000 0.000000000
3077 0.000000000 1.000000000 0.000000000
3078 0.026315790 0.973684192 0.000000000
3079 0.000000000 1.000000000 0.000000000
3080 0.000000000 1.000000000 0.000000000
3081 0.600000024 0.400000006 0.000000000
3082 0.030241935 0.969758093 0.000000000
3083 0.030964110 0.969035864 0.000000000
3084 0.839516699 0.160483316 0.000000000
3085 0.445581466 0.554418564 0.000000000
3086 0.000000000 1.000000000 0.000000000
3087 0.367951244 0.632048786 0.000000000
3088 0.010471204 0.989528775 0.000000000
3089 0.020000000 0.980000019 0.000000000
3090 0.006535948 0.993464053 0.000000000
3091 0.022321429 0.977678597 0.000000000
3092 0.374885559 0.625114441 0.000000000
3093 0.013309566 0.986690462 0.000000000
3094 0.005390835 0.994609177 0.000000000
3095 0.046961326 0.953038692 0.000000000
3096 0.003412969 0.996587038 0.000000000
3097 0.001515151 0.998484850 0.000000000
3098 0.002958580 0.997041404 0.000000000
3099 0.049696594 0.950303435 0.000000000
3100 0.008064516 0.991935492 0.000000000
3101 0.004347826 0.995652199 0.000000000
3102 0.009009009 0.990990996 0.000000000
3103 0.009646988 0.990352988 0.000000000
3104 0.009463723 0.990536273 0.000000000
3105 0.046296295 0.953703701 0.000000000
3106 0.020114943 0.979885042 0.000000000
3107 0.006641366 0.993358612 0.000000000
3108 0.000000000 1.000000000 0.000000000
3109 0.006227758 0.993772268 0.000000000
3110 0.006086957 0.993913054 0.000000000
3111 0.001801802 0.998198211 0.000000000
3112 0.008025683 0.991974294 0.000000000
3113 0.001079914 0.998920083 0.000000000
3114 0.003610108 0.996389866 0.000000000
3115 0.006796116 0.993203878 0.000000000
3116 0.009242144 0.990757883 0.000000000
3117 0.009945750 0.990054250 0.000000000
3118 0.010771993 0.989228010 0.000000000
3119 0.004934210 0.995065808 0.000000000
3120 0.000000000 0.500000000 0.500000000
3121 0.000000000 0.500000000 0.500000000
3122 0.000000000 0.500000000 0.500000000
3123 0.000000000 0.000000000 1.000000000
3124 0.000000000 0.500000000 0.500000000
3125 0.000000000 0.500000000 0.500000000
3126 0.000000000 0.500000000 0.500000000
3127 0.000000000 0.500000000 0.500000000
3128 0.000000000 0.000000000 1.000000000
3129 0.000000000 0.500000000 0.500000000
3130 0.000000000 0.500000000 0.500000000
3131 0.000000000 0.500000000 0.500000000
3132 0.000000000 0.500000000 0.500000000
3133 0.000000000 0.500000000 0.500000000
3134 0.000000000 0.500000000 0.500000000
3135 0.000000000 0.500000000 0.500000000
3136 0.000000000 0.500000000 0.500000000
3137 0.000000000 0.500000000 0.500000000
3138 0.000000000 0.500000000 0.500000000
3139 0.000000000 0.500000000 0.500000000
3140 0.000000000 0.500000000 0.500000000
3141 0.000000000 0.500000000 0.500000000
3142 0.000000000 0.500000000 0.500000000
3143 0.000000000 0.500000000 0.500000000
3144 0.000000000 0.500000000 0.500000000
3145 0.000000000 0.500000000 0.500000000
3146 0.000000000 0.500000000 0.500000000
3147 0.000000000 0.000000000 1.000000000
3148 0.000000000 0.500000000 0.500000000
3149 0.000000000 1.000000000 0.000000000
3150 0.000000000 0.166666672 0.833333313
3151 0.000000000 0.500000000 0.500000000
3152 0.000000000 0.500000000 0.500000000
3153 0.000000000 0.500000000 0.500000000
3154 0.000000000 0.500000000 0.500000000
3155 0.000000000 0.500000000 0.500000000
3156 0.000000000 1.000000000 0.000000000
3157 0.000000000 0.500000000 0.500000000
3158 0.000000000 0.500000000 0.500000000
3159 0.000000000 0.500000000 0.500000000
3160 0.000000000 0.500000000 0.500000000
3161 0.000000000 0.500000000 0.500000000
3162 0.000000000 0.500000000 0.500000000
3163 0.000000000 0.500000000 0.500000000
3164 0.000000000 0.500000000 0.500000000
3165 0.000000000 0.500000000 0.500000000
3166 0.000000000 0.500000000 0.500000000
3167 0.000000000 0.500000000 0.500000000
3168 0.000000000 0.500000000 0.500000000
3169 0.000000000 0.500000000 0.500000000
3170 0.000000000 0.500000000 0.500000000
3171 0.000000000 0.500000000 0.500000000
3172 0.000000000 0.500000000 0.500000000
3173 0.000000000 0.500000000 0.500000000
3174 0.000000000 0.500000000 0.500000000
3175 0.000000000 0.500000000 0.500000000
3176 0.000000000 0.500000000 0.500000000
3177 0.000000000 0.500000000 0.500000000
3178 0.000000000 0.500000000 0.500000000
3179 0.000000000 0.500000000 0.500000000
3180 0.000000000 0.500000000 0.500000000
3181 0.000000000 0.500000000 0.500000000
3182 0.000000000 0.500000000 0.500000000
3183 0.000000000 0.500000000 0.500000000
3184 0.000000000 0.500000000 0.500000000
3185 0.000000000 0.000000000 1.000000000
3186 0.000000000 1.000000000 0.000000000
3187 0.000000000 1.000000000 0.000000000
3188 0.000000000 0.483574182 0.516425848
3189 0.000000000 0.150000006 0.850000024
3190 0.000000000 0.716531038 0.283468962
3191 0.000000000 0.875372052 0.124627978
3192 0.000000000 0.538461566 0.461538464
3193 0.000000000 0.000000000 1.000000000
3194 0.000000000 0.000000000 1.000000000
3195 0.000000000 0.000000000 1.000000000
3196 0.000000000 0.000000000 1.000000000
3197 0.000000000 1.000000000 0.000000000
3198 0.000000000 0.833333313 0.166666672
3199 0.000000000 0.500000000 0.500000000
3200 0.000000000 1.000000000 0.000000000
3201 0.000000000 0.500000000 0.500000000
3202 0.000000000 1.000000000 0.000000000
3203 0.000000000 1.000000000 0.000000000
3204 0.000000000 0.500000000 0.500000000
3205 0.000000000 0.000000000 1.000000000
3206 0.000000000 0.500000000 0.500000000
3207 0.000000000 0.000000000 1.000000000
3208 0.000000000 0.500000000 0.500000000
3209 0.000000000 0.000000000 1.000000000
3210 0.000000000 0.500000000 0.500000000
3211 0.000000000 0.500000000 0.500000000
3212 0.000000000 0.500000000 0.500000000
3213 0.000000000 0.500000000 0.500000000
3214 0.000000000 0.500000000 0.500000000
3215 0.000000000 0.500000000 0.500000000
3216 0.000000000 0.500000000 0.500000000
3217 0.000000000 0.500000000 0.500000000
3218 0.000000000 0.500000000 0.500000000
3219 0.000000000 0.500000000 0.500000000
3220 0.000000000 0.500000000 0.500000000
3221 0.000000000 0.500000000 0.500000000
3222 0.000000000 0.500000000 0.500000000
3223 0.000000000 0.500000000 0.500000000
3224 0.000000000 0.771951616 0.228048369
3225 0.000000000 1.000000000 0.000000000
3226 0.000000000 1.000000000 0.000000000
3227 0.000000000 1.000000000 0.000000000
3228 0.000000000 0.972222209 0.027777778
3229 0.000000000 0.801116765 0.198883250
3230 0.000000000 0.194666669 0.805333316
3231 0.000000000 0.975000024 0.025000000
3232 0.000000000 0.871428549 0.128571436
3233 0.000000000 0.964285731 0.035714287
3234 0.000000000 0.000000000 1.000000000
3235 0.000000000 0.339538097 0.660461903
3236 0.000000000 1.000000000 0.000000000
3237 0.000000000 1.000000000 0.000000000
3238 0.000000000 0.365169853 0.634830177
3239 0.000000000 1.000000000 0.000000000
3240 0.000000000 0.460573107 0.539426923
3241 0.000000000 0.341878951 0.658121049
3242 0.000000000 0.840509534 0.159490466
3243 0.000000000 0.234756097 0.765243888
3244 0.000000000 0.696624815 0.303375155
3245 0.000000000 1.000000000 0.000000000
3246 0.000000000 0.879535437 0.120464571
3247 0.000000000 0.469485521 0.530514479
3248 0.000000000 0.697554231 0.302445799
3249 0.000000000 0.894021571 0.105978444
3250 0.000000000 0.654476523 0.345523447
3251 0.000000000 0.916473448 0.083526544
3252 0.000000000 0.640102267 0.359897763
3253 0.000000000 0.804301083 0.195698932
3254 0.000000000 0.811769366 0.188230619
3255 0.000000000 0.770675242 0.229324773
3256 0.000000000 0.788330317 0.211669669
3257 0.000000000 0.582845211 0.417154759
3258 0.000000000 0.827817559 0.172182411
3259 0.000000000 0.555099607 0.444900393
3260 0.000000000 0.227272734 0.772727251
3261 0.000000000 0.735707462 0.264292538
3262 0.000000000 0.667048573 0.332951397
3263 0.000000000 0.589489281 0.410510689
3264 0.000000000 0.328004628 0.671995401
3265 0.000000000 0.679195583 0.320804387
3266 0.000000000 0.879517078 0.120482944
3267 0.000000000 0.717561066 0.282438964
3268 0.000000000 0.845465660 0.154534325
3269 0.000000000 0.914916575 0.085083455
3270 0.000000000 0.821589947 0.178410053
3271 0.000000000 0.481643736 0.518356264
3272 0.000000000 0.997933865 0.002066116
3273 0.000000000 0.844197989 0.155801997
3274 0.000000000 0.097600646 0.902399361
3275 0.000000000 0.406939983 0.593060017
3276 0.000000000 0.651094556 0.348905414
3277 0.000000000 0.975032508 0.024967493
3278 0.000000000 0.435557365 0.564442635
3279 0.000000000 0.222348839 0.777651131
3280 0.000000000 0.271047175 0.728952825
3281 0.000000000 0.524252295 0.475747675
3282 0.000000000 0.222960219 0.777039766
3283 0.000000000 0.249000147 0.750999868
3284 0.000000000 0.762443900 0.237556100
3285 0.000000000 0.733776450 0.266223550
3286 0.000000000 0.068964146 0.931035876
3287 0.000000000 0.166311085 0.833688915
3288 0.000000000 0.056548975 0.943451047
3289 0.000000000 0.500000000 0.500000000
3290 0.000000000 0.500000000 0.500000000
3291 0.000000000 0.500000000 0.500000000
3292 0.000000000 0.500000000 0.500000000
3293 0.000000000 0.500000000 0.500000000
3294 0.000000000 0.500000000 0.500000000
3295 0.000000000 0.500000000 0.500000000
3296 0.000000000 0.500000000 0.500000000
3297 0.000000000 0.500000000 0.500000000
3298 0.000000000 0.500000000 0.500000000
3299 0.000000000 0.500000000 0.500000000
3300 0.000000000 0.500000000 0.500000000
3301 0.000000000 0.500000000 0.500000000
3302 0.000000000 0.500000000 0.500000000
3303 0.000000000 0.500000000 0.500000000
3304 0.000000000 0.500000000 0.500000000
3305 0.000000000 0.500000000 0.500000000
3306 0.000000000 0.500000000 0.500000000
3307 0.000000000 0.500000000 0.500000000
3308 0.000000000 0.500000000 0.500000000
3309 0.000000000 0.500000000 0.500000000
3310 0.000000000 0.500000000 0.500000000
3311 0.000000000 0.500000000 0.500000000
3312 0.000000000 0.500000000 0.500000000
3313 0.000000000 0.500000000 0.500000000
3314 0.000000000 0.500000000 0.500000000
3315 0.000000000 0.500000000 0.500000000
3316 0.000000000 0.500000000 0.500000000
3317 0.000000000 0.500000000 0.500000000
3318 0.000000000 0.500000000 0.500000000
3319 0.000000000 0.500000000 0.500000000
3320 0.000000000 0.500000000 0.500000000
3321 0.000000000 0.500000000 0.500000000
3322 0.000000000 0.500000000 0.500000000
3323 0.000000000 0.500000000 0.500000000
3324 0.000000000 0.500000000 0.500000000
3325 0.000000000 0.500000000 0.500000000
3326 0.000000000 0.500000000 0.500000000
3327 0.000000000 0.500000000 0.500000000
3328 0.000000000 1.000000000 0.000000000
3329 0.000000000 0.448863626 0.551136374
3330 0.000000000 0.680000007 0.319999993
3331 0.000000000 0.076923080 0.923076928
3332 0.000000000 0.807312727 0.192687258
3333 0.000000000 0.508064508 0.491935492
3334 0.000000000 0.702503324 0.297496647
3335 0.000000000 0.617021263 0.382978737
3336 0.000000000 0.747379839 0.252620161
3337 0.000000000 1.000000000 0.000000000
3338 0.000000000 1.000000000 0.000000000
3339 0.000000000 1.000000000 0.000000000
3340 0.000000000 0.986486495 0.013513514
3341 0.000000000 0.858511925 0.141488090
3342 0.000000000 0.861111104 0.138888896
3343 0.000000000 0.966666639 0.033333335
3344 0.000000000 0.187500000 0.812500000
3345 0.000000000 0.111111112 0.888888896
3346 0.000000000 0.735507250 0.264492750
3347 0.000000000 0.109999999 0.889999986
3348 0.000000000 0.462962955 0.537037015
3349 0.000000000 0.736842096 0.263157904
3350 0.000000000 0.895419419 0.104580551
3351 0.000000000 0.206223994 0.793776035
3352 0.000000000 0.966666639 0.033333335
3353 0.000000000 0.687500000 0.312500000
3354 0.000000000 1.000000000 0.000000000
3355 0.000000000 1.000000000 0.000000000
3356 0.000000000 0.982758641 0.017241379
3357 0.000000000 0.000000000 1.000000000
3358 0.000000000 1.000000000 0.000000000
3359 0.000000000 0.000000000 1.000000000
3360 0.000000000 0.297008544 0.702991426
3361 0.000000000 0.735897422 0.264102578
3362 0.000000000 0.291666657 0.708333313
3363 0.000000000 0.946603894 0.053396121
3364 0.000000000 0.333333343 0.666666687
3365 0.000000000 1.000000000 0.000000000
3366 0.000000000 0.961538434 0.038461540
3367 0.000000000 0.982758641 0.017241379
3368 0.000000000 1.000000000 0.000000000
3369 0.000000000 0.913597107 0.086402886
3370 0.000000000 0.055785123 0.944214880
3371 0.000000000 0.215517238 0.784482777
3372 0.000000000 0.523341894 0.476658076
3373 0.000000000 0.057692308 0.942307711
3374 0.000000000 0.960093915 0.039906103
3375 0.000000000 0.132352948 0.867647052
3376 0.000000000 0.218181819 0.781818211
3377 0.000000000 0.983870983 0.016129032
3378 0.000000000 0.433599383 0.566400588
3379 0.000000000 0.971774220 0.028225806
3380 0.000000000 1.000000000 0.000000000
3381 0.000000000 1.000000000 0.000000000
3382 0.000000000 0.300000012 0.699999988
3383 0.000000000 1.000000000 0.000000000
3384 0.000000000 0.320759594 0.679240406
3385 0.000000000 0.423076928 0.576923072
3386 0.000000000 0.863821745 0.136178240
3387 0.000000000 0.090277776 0.909722209
3388 0.000000000 0.024473684 0.975526333
3389 0.000000000 0.395833343 0.604166687
3390 0.000000000 0.958333313 0.041666668
3391 0.000000000 0.627294421 0.372705579
3392 0.000000000 0.737729669 0.262270331
3393 0.000000000 0.980316222 0.019683804
3394 0.000000000 0.784546018 0.215453997
3395 0.000000000 0.165048540 0.834951460
3396 0.000000000 0.871240616 0.128759399
3397 0.000000000 0.976190448 0.023809524
3398 0.000000000 0.435883701 0.564116299
3399 0.000000000 0.953389823 0.046610169
3400 0.000000000 0.513840318 0.486159652
3401 0.000000000 0.095238097 0.904761910
3402 0.000000000 0.700263023 0.299737006
3403 0.000000000 0.833333313 0.166666672
3404 0.000000000 0.910714269 0.089285716
3405 0.000000000 0.414030492 0.585969508
3406 0.000000000 0.992187500 0.007812500
3407 0.000000000 0.949999988 0.050000001
3408 0.000000000 0.983333349 0.016666668
3409 0.000000000 0.830389023 0.169610962
3410 0.000000000 1.000000000 0.000000000
3411 0.000000000 1.000000000 0.000000000
3412 0.000000000 0.934700847 0.065299146
3413 0.000000000 0.607214510 0.392785519
3414 0.000000000 0.985074639 0.014925373
3415 0.000000000 0.022727273 0.977272749
3416 0.000000000 0.922222197 0.077777781
3417 0.000000000 0.955357134 0.044642858
3418 0.000000000 0.979166687 0.020833334
3419 0.000000000 0.608763218 0.391236782
3420 0.000000000 0.682361722 0.317638278
3421 0.000000000 0.925598979 0.074401014
3422 0.000000000 0.983957231 0.016042780
3423 0.000000000 0.325237423 0.674762607
3424 0.000000000 0.762108266 0.237891734
3425 0.000000000 0.950123668 0.049876317
3426 0.000000000 0.760584354 0.239415646
3427 0.000000000 0.584129035 0.415870965
3428 0.000000000 0.305754155 0.694245875
3429 0.000000000 0.158163264 0.841836751
3430 0.000000000 0.701492548 0.298507452
3431 0.000000000 0.766768277 0.233231708
3432 0.000000000 0.120689653 0.879310369
3433 0.000000000 0.812943637 0.187056348
3434 0.000000000 0.411835402 0.588164568
3435 0.000000000 0.558162451 0.441837549
3436 0.000000000 0.253758073 0.746241927
3437 0.000000000 0.958333313 0.041666668
3438 0.000000000 0.904255331 0.095744684
3439 0.000000000 0.253246754 0.746753275
3440 0.000000000 0.800035775 0.199964195
3441 0.000000000 0.437358171 0.562641799
3442 0.000000000 0.922222197 0.077777781
3443 0.000000000 0.031250000 0.968750000
3444 0.000000000 0.016129032 0.983870983
3445 0.000000000 0.422407657 0.577592313
3446 0.000000000 0.023595100 0.976404905
3447 0.000000000 0.019093079 0.980906904
3448 0.000000000 0.175271735 0.824728251
3449 0.000000000 0.006493506 0.993506491
3450 0.000000000 0.022290209 0.977709770
3451 0.000000000 0.038329028 0.961670995
3452 0.000000000 0.019841271 0.980158746
3453 0.000000000 0.009523810 0.990476191
3454 0.000000000 0.025873655 0.974126339
3455 0.000000000 0.275190681 0.724809289
3456 0.000000000 0.252843380 0.747156620
3457 0.000000000 0.044744316 0.955255687
3458 0.333333343 0.333333343 0.333333343
3459 0.333333343 0.333333343 0.333333343
3460 0.333333343 0.333333343 0.333333343
3461 0.333333343 0.333333343 0.333333343
3462 0.333333343 0.333333343 0.333333343
3463 0.333333343 0.333333343 0.333333343
3464 0.333333343 0.333333343 0.333333343
3465 0.333333343 0.333333343 0.333333343
3466 0.333333343 0.333333343 0.333333343
3467 0.333333343 0.333333343 0.333333343
3468 0.333333343 0.333333343 0.333333343
3469 0.333333343 0.333333343 0.333333343
3470 0.333333343 0.333333343 0.333333343
3471 0.333333343 0.333333343 0.333333343
3472 0.333333343 0.333333343 0.333333343
3473 0.333333343 0.333333343 0.333333343
3474 0.333333343 0.333333343 0.333333343
3475 0.333333343 0.333333343 0.333333343
3476 0.333333343 0.333333343 0.333333343
3477 0.333333343 0.333333343 0.333333343
3478 0.333333343 0.333333343 0.333333343
3479 0.333333343 0.333333343 0.333333343
3480 0.333333343 0.333333343 0.333333343
3481 0.333333343 0.333333343 0.333333343
3482 0.333333343 0.333333343 0.333333343
3483 0.333333343 0.333333343 0.333333343
3484 0.333333343 0.333333343 0.333333343
3485 0.333333343 0.333333343 0.333333343
3486 0.333333343 0.333333343 0.333333343
3487 0.333333343 0.333333343 0.333333343
3488 0.333333343 0.333333343 0.333333343
3489 0.333333343 0.333333343 0.333333343
3490 0.333333343 0.333333343 0.333333343
3491 0.333333343 0.333333343 0.333333343
3492 0.333333343 0.333333343 0.333333343
3493 0.333333343 0.333333343 0.333333343
3494 0.333333343 0.333333343 0.333333343
3495 0.333333343 0.333333343 0.333333343
3496 0.333333343 0.333333343 0.333333343
3497 0.978685081 0.000000000 0.021314932
3498 0.813112855 0.000000000 0.186887130
3499 0.969499350 0.000000000 0.030500639
3500 0.000000000 0.010989011 0.989010990
3501 0.974707246 0.000000000 0.025292739
3502 0.715392172 0.005376344 0.279231489
3503 0.600000024 0.000000000 0.400000006
3504 1.000000000 0.000000000 0.000000000
3505 0.334459454 0.000000000 0.665540516
3506 0.944820285 0.000000000 0.055179719
3507 0.410256416 0.000000000 0.589743614
3508 0.495873719 0.000000000 0.504126251
3509 0.981981993 0.009009009 0.009009009
3510 0.104166664 0.041666668 0.854166687
3511 0.285363555 0.055555556 0.659080863
3512 0.337961584 0.066666670 0.595371723
3513 0.750000000 0.125000000 0.125000000
3514 0.333333343 0.333333343 0.333333343
3515 0.851851881 0.074074075 0.074074075
3516 0.552927375 0.050000001 0.397072613
3517 0.153784215 0.018518519 0.827697277
3518 0.070175439 0.017543860 0.912280679
3519 0.878787875 0.060606062 0.060606062
3520 0.187500000 0.125000000 0.687500000
3521 0.800000012 0.066666670 0.133333340
3522 0.333333343 0.333333343 0.333333343
3523 0.584214270 0.000000000 0.415785730
3524 1.000000000 0.000000000 0.000000000
3525 0.175780848 0.042331338 0.781887829
3526 0.653499901 0.253748506 0.092751615
3527 0.000000000 0.000000000 1.000000000
3528 0.333333343 0.333333343 0.333333343
3529 0.565378249 0.187465146 0.247156590
3530 0.691773832 0.000000000 0.308226168
3531 0.041666668 0.479166657 0.479166657
3532 1.000000000 0.000000000 0.000000000
3533 0.000000000 0.000000000 1.000000000
3534 0.000000000 0.000000000 1.000000000
3535 0.559438884 0.414920062 0.025641026
3536 0.977011502 0.011494253 0.011494253
3537 1.000000000 0.000000000 0.000000000
3538 1.000000000 0.000000000 0.000000000
3539 1.000000000 0.000000000 0.000000000
3540 0.988505721 0.005747126 0.005747126
3541 0.888888896 0.006535948 0.104575165
3542 0.000000000 0.000000000 1.000000000
3543 0.941194654 0.054110490 0.004694836
3544 0.921568632 0.039215688 0.039215688
3545 0.579932630 0.326790750 0.093276650
3546 0.640248239 0.010752688 0.348999053
3547 0.781818211 0.000000000 0.218181819
3548 0.935660124 0.010752688 0.053587168
3549 1.000000000 0.000000000 0.000000000
3550 1.000000000 0.000000000 0.000000000
3551 0.792358160 0.000000000 0.207641840
3552 0.382422149 0.474010199 0.143567637
3553 0.611111104 0.000000000 0.388888896
3554 0.705128193 0.012820513 0.282051295
3555 0.962635696 0.037364315 0.000000000
3556 0.018518519 0.143581644 0.837899804
3557 0.691428542 0.180000007 0.128571436
3558 0.661549687 0.204312861 0.134137422
3559 0.416666657 0.000000000 0.583333313
3560 0.690545917 0.128918752 0.180535316
3561 0.585402906 0.366138428 0.048458695
3562 0.841121495 0.013194063 0.145684436
3563 0.777777791 0.093019009 0.129203215
3564 0.782578349 0.117560342 0.099861301
3565 0.969924808 0.015037594 0.015037594
3566 0.885376036 0.015873017 0.098750979
3567 0.870139658 0.116223954 0.013636364
3568 0.144067794 0.008474576 0.847457647
3569 0.910530448 0.061674688 0.027794857
3570 0.000000000 0.037202381 0.962797642
3571 0.913279116 0.043360434 0.043360434
3572 0.828282833 0.000000000 0.171717167
3573 0.872134030 0.057319224 0.070546739
3574 0.915376186 0.020671835 0.063951977
3575 0.933022320 0.032472502 0.034505207
3576 0.455405802 0.499752939 0.044841271
3577 0.955555558 0.022222223 0.022222223
3578 0.165107071 0.791914821 0.042978097
3579 0.521108568 0.136363104 0.342528343
3580 0.754385948 0.000000000 0.245614037
3581 0.946666658 0.026666667 0.026666667
3582 0.664983809 0.252868056 0.082148142
3583 0.532020628 0.004975124 0.463004231
3584 0.015151516 0.019490357 0.965358138
3585 0.018181818 0.036363635 0.945454538
3586 0.011904762 0.038690478 0.949404776
3587 0.944841862 0.000000000 0.055158164
3588 0.734139025 0.076654464 0.189206496
3589 0.846469820 0.013360609 0.140169576
3590 0.658372343 0.210786507 0.130841121
3591 0.711431980 0.103073388 0.185494646
3592 0.269255042 0.679343104 0.051401868
3593 0.745591640 0.128339991 0.126068383
3594 0.368168175 0.617417395 0.014414415
3595 0.787420511 0.155426115 0.057153352
3596 0.968750000 0.015625000 0.015625000
3597 0.737623751 0.131188124 0.131188124
3598 0.030612245 0.122448981 0.846938789
3599 0.628603041 0.241569921 0.129827052
3600 0.079774886 0.053745817 0.866479278
3601 0.492005140 0.393052340 0.114942528
3602 0.005952381 0.107562937 0.886484683
3603 0.024509804 0.750408411 0.225081801
3604 0.322926849 0.368863672 0.308209479
3605 0.191256836 0.781420767 0.027322404
3606 0.726388872 0.190972224 0.082638890
3607 0.007092198 0.686976135 0.305931658
3608 0.720975935 0.217799574 0.061224490
3609 0.000000000 0.511309922 0.488690048
3610 0.843971610 0.078014188 0.078014188
3611 0.000000000 0.755720794 0.244279221
3612 0.000000000 0.078125000 0.921875000
3613 0.005376344 0.370546907 0.624076784
3614 0.011363637 0.055397727 0.933238626
3615 0.019212296 0.038723692 0.942063987
3616 0.007159905 0.015499566 0.977340519
3617 0.008152174 0.060170807 0.931677043
3618 0.000000000 0.063636363 0.936363637
3619 0.005347594 0.078504227 0.916148186
3620 0.000000000 0.006160442 0.993839562
3621 0.005291005 0.012471655 0.982237339
3622 0.011428571 0.079467535 0.909103870
3623 0.015232975 0.038332924 0.946434081
3624 0.013409962 0.098385334 0.888204694
3625 0.013998250 0.795920849 0.190080881
3626 0.011363637 0.097804755 0.890831590
3627 0.333333343 0.333333343 0.333333343
3628 0.333333343 0.333333343 0.333333343
3629 0.333333343 0.333333343 0.333333343
3630 0.333333343 0.333333343 0.333333343
3631 0.333333343 0.333333343 0.333333343
3632 0.333333343 0.333333343 0.333333343
3633 0.333333343 0.333333343 0.333333343
3634 0.333333343 0.333333343 0.333333343
3635 0.333333343 0.333333343 0.333333343
3636 0.333333343 0.333333343 0.333333343
3637 0.333333343 0.333333343 0.333333343
3638 0.333333343 0.333333343 0.333333343
3639 0.333333343 0.333333343 0.333333343
3640 0.333333343 0.333333343 0.333333343
3641 0.333333343 0.333333343 0.333333343
3642 0.333333343 0.333333343 0.333333343
3643 0.333333343 0.333333343 0.333333343
3644 0.333333343 0.333333343 0.333333343
3645 0.333333343 0.333333343 0.333333343
3646 0.333333343 0.333333343 0.333333343
3647 0.333333343 0.333333343 0.333333343
3648 0.333333343 0.333333343 0.333333343
3649 0.333333343 0.333333343 0.333333343
3650 0.333333343 0.333333343 0.333333343
3651 0.333333343 0.333333343 0.333333343
3652 0.333333343 0.333333343 0.333333343
3653 0.333333343 0.333333343 0.333333343
3654 0.333333343 0.333333343 0.333333343
3655 0.333333343 0.333333343 0.333333343
3656 0.333333343 0.333333343 0.333333343
3657 0.333333343 0.333333343 0.333333343
3658 0.333333343 0.333333343 0.333333343
3659 0.333333343 0.333333343 0.333333343
3660 0.333333343 0.333333343 0.333333343
3661 0.333333343 0.333333343 0.333333343
3662 0.333333343 0.333333343 0.333333343
3663 0.000000000 0.000000000 1.000000000
3664 0.333333343 0.333333343 0.333333343
3665 0.333333343 0.333333343 0.333333343
3666 0.333333343 0.333333343 0.333333343
3667 0.333333343 0.333333343 0.333333343
3668 0.333333343 0.333333343 0.333333343
3669 0.333333343 0.333333343 0.333333343
3670 0.333333343 0.333333343 0.333333343
3671 0.333333343 0.333333343 0.333333343
3672 0.333333343 0.333333343 0.333333343
3673 0.333333343 0.333333343 0.333333343
3674 0.333333343 0.333333343 0.333333343
3675 0.333333343 0.333333343 0.333333343
3676 0.333333343 0.333333343 0.333333343
3677 0.333333343 0.333333343 0.333333343
3678 0.333333343 0.333333343 0.333333343
3679 0.333333343 0.333333343 0.333333343
3680 0.333333343 0.333333343 0.333333343
3681 0.333333343 0.333333343 0.333333343
3682 0.333333343 0.333333343 0.333333343
3683 0.333333343 0.333333343 0.333333343
3684 0.333333343 0.333333343 0.333333343
3685 0.333333343 0.333333343 0.333333343
3686 0.333333343 0.333333343 0.333333343
3687 0.333333343 0.333333343 0.333333343
3688 0.333333343 0.333333343 0.333333343
3689 0.333333343 0.333333343 0.333333343
3690 0.333333343 0.333333343 0.333333343
3691 0.333333343 0.333333343 0.333333343
3692 0.333333343 0.333333343 0.333333343
3693 0.000000000 0.000000000 1.000000000
3694 0.217391297 0.000000000 0.782608688
3695 1.000000000 0.000000000 0.000000000
3696 1.000000000 0.000000000 0.000000000
3697 0.000000000 0.000000000 1.000000000
3698 0.000000000 0.535714269 0.464285702
3699 0.333333343 0.333333343 0.333333343
3700 0.333333343 0.333333343 0.333333343
3701 0.333333343 0.333333343 0.333333343
3702 0.333333343 0.333333343 0.333333343
3703 0.333333343 0.333333343 0.333333343
3704 0.000000000 0.000000000 1.000000000
3705 0.111111112 0.111111112 0.777777791
3706 0.333333343 0.333333343 0.333333343
3707 0.333333343 0.333333343 0.333333343
3708 0.333333343 0.333333343 0.333333343
3709 0.333333343 0.333333343 0.333333343
3710 0.333333343 0.333333343 0.333333343
3711 0.333333343 0.333333343 0.333333343
3712 0.333333343 0.333333343 0.333333343
3713 0.333333343 0.333333343 0.333333343
3714 0.333333343 0.333333343 0.333333343
3715 0.333333343 0.333333343 0.333333343
3716 0.333333343 0.333333343 0.333333343
3717 0.333333343 0.333333343 0.333333343
3718 0.333333343 0.333333343 0.333333343
3719 0.333333343 0.333333343 0.333333343
3720 0.333333343 0.333333343 0.333333343
3721 0.333333343 0.333333343 0.333333343
3722 0.333333343 0.333333343 0.333333343
3723 0.333333343 0.333333343 0.333333343
3724 0.333333343 0.333333343 0.333333343
3725 0.333333343 0.333333343 0.333333343
3726 0.333333343 0.333333343 0.333333343
3727 0.333333343 0.333333343 0.333333343
3728 0.333333343 0.333333343 0.333333343
3729 0.333333343 0.333333343 0.333333343
3730 0.333333343 0.333333343 0.333333343
3731 0.015217391 0.000000000 0.984782636
3732 0.053735707 0.505232334 0.441031963
3733 0.000000000 0.027598402 0.972401619
3734 0.250000000 0.250000000 0.500000000
3735 0.210571185 0.156862751 0.632566094
3736 0.100659676 0.506680131 0.392660171
3737 0.166666672 0.322916657 0.510416687
3738 0.000000000 0.000000000 1.000000000
3739 0.066666670 0.423809528 0.509523809
3740 0.023809524 0.023809524 0.952380955
3741 0.333333343 0.333333343 0.333333343
3742 0.138486311 0.037037037 0.824476659
3743 0.000000000 0.000000000 1.000000000
3744 0.471133202 0.000000000 0.528866827
3745 1.000000000 0.000000000 0.000000000
3746 0.968695641 0.000000000 0.031304348
3747 0.375849009 0.521052122 0.103098862
3748 0.997933567 0.002066405 0.000000000
3749 0.990476191 0.004761905 0.004761905
3750 0.982905984 0.008547009 0.008547009
3751 0.987878799 0.006060606 0.006060606
3752 0.834084630 0.000000000 0.165915400
3753 0.000000000 0.000000000 1.000000000
3754 0.909183919 0.090816088 0.000000000
3755 0.351177156 0.642706633 0.006116208
3756 0.895161331 0.099528722 0.005309953
3757 0.830687821 0.005291005 0.164021164
3758 0.722565472 0.119214468 0.158220068
3759 0.982677877 0.004038183 0.013283937
3760 0.543842018 0.049354605 0.406803370
3761 0.251619041 0.706235349 0.042145595
3762 0.225818649 0.653949857 0.120231479
3763 0.684104621 0.050672878 0.265222490
3764 0.877751112 0.066693358 0.055555556
3765 0.000000000 0.535848498 0.464151502
3766 0.560289860 0.098417185 0.341292977
3767 0.000000000 0.212954551 0.787045479
3768 0.722518265 0.207873702 0.069608055
3769 0.482720912 0.502928138 0.014350946
3770 0.000000000 0.313233435 0.686766565
3771 0.000000000 0.971052766 0.028947258
3772 0.180718288 0.704279244 0.115002483
3773 0.021479001 0.954735816 0.023785200
3774 0.258592576 0.410039127 0.331368297
3775 0.001801802 0.735964417 0.262233764
3776 0.318118930 0.643526971 0.038354088
3777 0.003159558 0.869513631 0.127326801
3778 0.408309370 0.315093488 0.276597142
3779 0.557565272 0.431021899 0.011412829
3780 0.108141102 0.789225042 0.102633871
3781 0.102564104 0.278388292 0.619047642
3782 0.000000000 0.207602024 0.792397976
3783 0.002789400 0.002789400 0.994421184
3784 0.000000000 0.000000000 1.000000000
3785 0.000000000 0.000000000 1.000000000
3786 0.000000000 0.109632008 0.890367985
3787 0.004115226 0.004115226 0.991769552
3788 0.000000000 0.344895929 0.655104101
3789 0.000000000 0.454433501 0.545566499
3790 0.000000000 0.000000000 1.000000000
3791 0.001344086 0.001344086 0.997311831
3792 0.000000000 0.763391554 0.236608475
3793 0.014492754 0.014492754 0.971014500
3794 0.000000000 0.000000000 1.000000000
3795 0.000000000 0.113636367 0.886363626
3796 0.500000000 0.500000000 0.000000000
3797 0.500000000 0.500000000 0.000000000
3798 0.500000000 0.500000000 0.000000000
3799 0.500000000 0.500000000 0.000000000
3800 0.500000000 0.500000000 0.000000000
3801 0.500000000 0.500000000 0.000000000
3802 0.500000000 0.500000000 0.000000000
3803 0.500000000 0.500000000 0.000000000
3804 0.500000000 0.500000000 0.000000000
3805 0.500000000 0.500000000 0.000000000
3806 0.500000000 0.500000000 0.000000000
3807 0.500000000 0.500000000 0.000000000
3808 0.500000000 0.500000000 0.000000000
3809 0.500000000 0.500000000 0.000000000
3810 0.500000000 0.500000000 0.000000000
3811 0.500000000 0.500000000 0.000000000
3812 0.500000000 0.500000000 0.000000000
3813 0.500000000 0.500000000 0.000000000
3814 0.500000000 0.500000000 0.000000000
3815 0.500000000 0.500000000 0.000000000
3816 0.500000000 0.500000000 0.000000000
3817 0.500000000 0.500000000 0.000000000
3818 0.500000000 0.500000000 0.000000000
3819 0.500000000 0.500000000 0.000000000
3820 0.500000000 0.500000000 0.000000000
3821 0.500000000 0.500000000 0.000000000
3822 0.500000000 0.500000000 0.000000000
3823 0.500000000 0.500000000 0.000000000
3824 0.500000000 0.500000000 0.000000000
3825 0.500000000 0.500000000 0.000000000
3826 0.500000000 0.500000000 0.000000000
3827 0.500000000 0.500000000 0.000000000
3828 0.500000000 0.500000000 0.000000000
3829 0.500000000 0.500000000 0.000000000
3830 0.500000000 0.500000000 0.000000000
3831 0.500000000 0.500000000 0.000000000
3832 0.500000000 0.500000000 0.000000000
3833 0.500000000 0.500000000 0.000000000
3834 0.500000000 0.500000000 0.000000000
3835 0.500000000 0.500000000 0.000000000
3836 0.500000000 0.500000000 0.000000000
3837 0.500000000 0.500000000 0.000000000
3838 0.500000000 0.500000000 0.000000000
3839 0.500000000 0.500000000 0.000000000
3840 0.500000000 0.500000000 0.000000000
3841 0.500000000 0.500000000 0.000000000
3842 0.500000000 0.500000000 0.000000000
3843 0.500000000 0.500000000 0.000000000
3844 0.500000000 0.500000000 0.000000000
3845 0.500000000 0.500000000 0.000000000
3846 0.500000000 0.500000000 0.000000000
3847 0.500000000 0.500000000 0.000000000
3848 0.500000000 0.500000000 0.000000000
3849 0.500000000 0.500000000 0.000000000
3850 0.500000000 0.500000000 0.000000000
3851 0.500000000 0.500000000 0.000000000
3852 0.500000000 0.500000000 0.000000000
3853 0.500000000 0.500000000 0.000000000
3854 0.500000000 0.500000000 0.000000000
3855 0.500000000 0.500000000 0.000000000
3856 0.500000000 0.500000000 0.000000000
3857 0.500000000 0.500000000 0.000000000
3858 0.500000000 0.500000000 0.000000000
3859 0.500000000 0.500000000 0.000000000
3860 0.500000000 0.500000000 0.000000000
3861 0.875000000 0.125000000 0.000000000
3862 0.500000000 0.500000000 0.000000000
3863 0.500000000 0.500000000 0.000000000
3864 1.000000000 0.000000000 0.000000000
3865 1.000000000 0.000000000 0.000000000
3866 0.000000000 1.000000000 0.000000000
3867 0.000000000 1.000000000 0.000000000
3868 0.000000000 1.000000000 0.000000000
3869 0.500000000 0.500000000 0.000000000
3870 0.642857134 0.357142866 0.000000000
3871 0.500000000 0.500000000 0.000000000
3872 1.000000000 0.000000000 0.000000000
3873 0.500000000 0.500000000 0.000000000
3874 0.500000000 0.500000000 0.000000000
3875 0.500000000 0.500000000 0.000000000
3876 0.500000000 0.500000000 0.000000000
3877 0.500000000 0.500000000 0.000000000
3878 0.500000000 0.500000000 0.000000000
3879 0.500000000 0.500000000 0.000000000
3880 0.500000000 0.500000000 0.000000000
3881 0.500000000 0.500000000 0.000000000
3882 0.500000000 0.500000000 0.000000000
3883 1.000000000 0.000000000 0.000000000
3884 0.500000000 0.500000000 0.000000000
3885 0.500000000 0.500000000 0.000000000
3886 0.500000000 0.500000000 0.000000000
3887 0.500000000 0.500000000 0.000000000
3888 0.500000000 0.500000000 0.000000000
3889 0.500000000 0.500000000 0.000000000
3890 0.500000000 0.500000000 0.000000000
3891 0.500000000 0.500000000 0.000000000
3892 0.500000000 0.500000000 0.000000000
3893 0.500000000 0.500000000 0.000000000
3894 0.500000000 0.500000000 0.000000000
3895 0.500000000 0.500000000 0.000000000
3896 0.500000000 0.500000000 0.000000000
3897 0.500000000 0.500000000 0.000000000
3898 0.500000000 0.500000000 0.000000000
3899 0.500000000 0.500000000 0.000000000
3900 0.625000000 0.375000000 0.000000000
3901 0.500000000 0.500000000 0.000000000
3902 0.500000000 0.500000000 0.000000000
3903 0.500000000 0.500000000 0.000000000
3904 0.500000000 0.500000000 0.000000000
3905 0.000000000 1.000000000 0.000000000
3906 0.772727251 0.227272734 0.000000000
3907 0.500000000 0.500000000 0.000000000
3908 0.500000000 0.500000000 0.000000000
3909 0.500000000 0.500000000 0.000000000
3910 0.692982435 0.307017535 0.000000000
3911 1.000000000 0.000000000 0.000000000
3912 0.500000000 0.500000000 0.000000000
3913 0.500000000 0.500000000 0.000000000
3914 0.340886265 0.659113705 0.000000000
3915 0.500000000 0.500000000 0.000000000
3916 0.994382024 0.005617978 0.000000000
3917 0.004761905 0.995238066 0.000000000
3918 1.000000000 0.000000000 0.000000000
3919 1.000000000 0.000000000 0.000000000
3920 0.988372087 0.011627907 0.000000000
3921 0.500000000 0.500000000 0.000000000
3922 0.000000000 1.000000000 0.000000000
3923 0.007042253 0.992957771 0.000000000
3924 0.020000000 0.980000019 0.000000000
3925 0.000000000 1.000000000 0.000000000
3926 0.379310340 0.620689631 0.000000000
3927 0.050000001 0.949999988 0.000000000
3928 0.482503265 0.517496765 0.000000000
3929 0.500000000 0.500000000 0.000000000
3930 0.493181825 0.506818175 0.000000000
3931 0.704805911 0.295194089 0.000000000
3932 0.021739131 0.978260875 0.000000000
3933 0.134146348 0.865853667 0.000000000
3934 0.250000000 0.750000000 0.000000000
3935 0.380952388 0.619047642 0.000000000
3936 0.000000000 1.000000000 0.000000000
3937 0.213250518 0.786749482 0.000000000
3938 0.083333336 0.916666687 0.000000000
3939 0.058510639 0.941489339 0.000000000
3940 0.007633588 0.992366433 0.000000000
3941 0.000000000 1.000000000 0.000000000
3942 0.000000000 1.000000000 0.000000000
3943 0.000000000 1.000000000 0.000000000
3944 0.030303031 0.969696999 0.000000000
3945 0.000000000 1.000000000 0.000000000
3946 0.050000001 0.949999988 0.000000000
3947 0.000000000 1.000000000 0.000000000
3948 0.500000000 0.500000000 0.000000000
3949 0.000000000 1.000000000 0.000000000
3950 0.005376344 0.994623661 0.000000000
3951 0.039007094 0.960992932 0.000000000
3952 0.003676471 0.996323526 0.000000000
3953 0.000000000 1.000000000 0.000000000
3954 0.002604167 0.997395813 0.000000000
3955 0.000000000 1.000000000 0.000000000
3956 0.000000000 1.000000000 0.000000000
3957 0.000000000 1.000000000 0.000000000
3958 0.002040816 0.997959197 0.000000000
3959 0.000000000 1.000000000 0.000000000
3960 0.006666667 0.993333340 0.000000000
3961 0.000000000 1.000000000 0.000000000
3962 0.020900322 0.979099691 0.000000000
3963 0.000000000 1.000000000 0.000000000
3964 0.000000000 1.000000000 0.000000000
3965 0.500000000 0.500000000 0.000000000
3966 0.500000000 0.500000000 0.000000000
3967 0.500000000 0.500000000 0.000000000
3968 0.500000000 0.500000000 0.000000000
3969 0.500000000 0.500000000 0.000000000
3970 0.500000000 0.500000000 0.000000000
3971 0.500000000 0.500000000 0.000000000
3972 0.500000000 0.500000000 0.000000000
3973 0.500000000 0.500000000 0.000000000
3974 0.500000000 0.500000000 0.000000000
3975 0.500000000 0.500000000 0.000000000
3976 0.500000000 0.500000000 0.000000000
3977 0.500000000 0.500000000 0.000000000
3978 0.500000000 0.500000000 0.000000000
3979 0.500000000 0.500000000 0.000000000
3980 0.500000000 0.500000000 0.000000000
3981 0.500000000 0.500000000 0.000000000
3982 0.500000000 0.500000000 0.000000000
3983 0.500000000 0.500000000 0.000000000
3984 0.500000000 0.500000000 0.000000000
3985 0.500000000 0.500000000 0.000000000
3986 0.500000000 0.500000000 0.000000000
3987 0.500000000 0.500000000 0.000000000
3988 0.500000000 0.500000000 0.000000000
3989 0.500000000 0.500000000 0.000000000
3990 0.500000000 0.500000000 0.000000000
3991 0.500000000 0.500000000 0.000000000
3992 0.500000000 0.500000000 0.000000000
3993 0.500000000 0.500000000 0.000000000
3994 0.500000000 0.500000000 0.000000000
3995 0.500000000 0.500000000 0.000000000
3996 0.500000000 0.500000000 0.000000000
3997 0.500000000 0.500000000 0.000000000
3998 0.500000000 0.500000000 0.000000000
3999 0.500000000 0.500000000 0.000000000
4000 0.500000000 0.500000000 0.000000000
4001 0.500000000 0.500000000 0.000000000
4002 0.500000000 0.500000000 0.000000000
4003 0.500000000 0.500000000 0.000000000
4004 0.500000000 0.500000000 0.000000000
4005 1.000000000 0.000000000 0.000000000
4006 1.000000000 0.000000000 0.000000000
4007 0.000000000 1.000000000 0.000000000
4008 1.000000000 0.000000000 0.000000000
4009 1.000000000 0.000000000 0.000000000
4010 1.000000000 0.000000000 0.000000000
4011 1.000000000 0.000000000 0.000000000
4012 1.000000000 0.000000000 0.000000000
4013 0.500000000 0.500000000 0.000000000
4014 0.500000000 0.500000000 0.000000000
4015 0.500000000 0.500000000 0.000000000
4016 0.500000000 0.500000000 0.000000000
4017 0.800000012 0.200000003 0.000000000
4018 0.500000000 0.500000000 0.000000000
4019 0.500000000 0.500000000 0.000000000
4020 0.600000024 0.400000006 0.000000000
4021 0.500000000 0.500000000 0.000000000
4022 0.699999988 0.300000012 0.000000000
4023 0.666666687 0.333333343 0.000000000
4024 0.899999976 0.100000001 0.000000000
4025 0.571428597 0.428571433 0.000000000
4026 0.500000000 0.500000000 0.000000000
4027 0.531250000 0.468750000 0.000000000
4028 0.500000000 0.500000000 0.000000000
4029 0.500000000 0.500000000 0.000000000
4030 0.500000000 0.500000000 0.000000000
4031 0.500000000 0.500000000 0.000000000
4032 0.500000000 0.500000000 0.000000000
4033 1.000000000 0.000000000 0.000000000
4034 0.500000000 0.500000000 0.000000000
4035 0.000000000 1.000000000 0.000000000
4036 1.000000000 0.000000000 0.000000000
4037 1.000000000 0.000000000 0.000000000
4038 1.000000000 0.000000000 0.000000000
4039 1.000000000 0.000000000 0.000000000
4040 0.500000000 0.500000000 0.000000000
4041 0.500000000 0.500000000 0.000000000
4042 0.500000000 0.500000000 0.000000000
4043 0.500000000 0.500000000 0.000000000
4044 0.500000000 0.500000000 0.000000000
4045 0.458418339 0.541581690 0.000000000
4046 0.500000000 0.500000000 0.000000000
4047 1.000000000 0.000000000 0.000000000
4048 1.000000000 0.000000000 0.000000000
4049 0.000000000 1.000000000 0.000000000
4050 0.875000000 0.125000000 0.000000000
4051 1.000000000 0.000000000 0.000000000
4052 0.977272749 0.022727273 0.000000000
4053 0.500000000 0.500000000 0.000000000
4054 1.000000000 0.000000000 0.000000000
4055 1.000000000 0.000000000 0.000000000
4056 0.500000000 0.500000000 0.000000000
4057 0.500000000 0.500000000 0.000000000
4058 0.000000000 1.000000000 0.000000000
4059 0.500000000 0.500000000 0.000000000
4060 1.000000000 0.000000000 0.000000000
4061 1.000000000 0.000000000 0.000000000
4062 1.000000000 0.000000000 0.000000000
4063 0.029411765 0.970588207 0.000000000
4064 1.000000000 0.000000000 0.000000000
4065 1.000000000 0.000000000 0.000000000
4066 1.000000000 0.000000000 0.000000000
4067 0.944444418 0.055555556 0.000000000
4068 0.328804344 0.671195626 0.000000000
4069 0.000000000 1.000000000 0.000000000
4070 0.978260875 0.021739131 0.000000000
4071 0.949438214 0.050561797 0.000000000
4072 0.500000000 0.500000000 0.000000000
4073 0.500000000 0.500000000 0.000000000
4074 0.952380955 0.047619049 0.000000000
4075 0.500000000 0.500000000 0.000000000
4076 0.859203637 0.140796334 0.000000000
4077 0.000000000 1.000000000 0.000000000
4078 0.982758641 0.017241379 0.000000000
4079 0.500000000 0.500000000 0.000000000
4080 0.692307711 0.307692319 0.000000000
4081 0.492307693 0.507692337 0.000000000
4082 0.500000000 0.500000000 0.000000000
4083 0.500000000 0.500000000 0.000000000
4084 0.500000000 0.500000000 0.000000000
4085 0.000000000 1.000000000 0.000000000
4086 0.500000000 0.500000000 0.000000000
4087 0.500000000 0.500000000 0.000000000
4088 0.375000000 0.625000000 0.000000000
4089 0.020833334 0.979166687 0.000000000
4090 0.500000000 0.500000000 0.000000000
4091 0.035714287 0.964285731 0.000000000
4092 0.500000000 0.500000000 0.000000000
4093 0.500000000 0.500000000 0.000000000
4094 0.500000000 0.500000000 0.000000000
4095 0.020833334 0.979166687 0.000000000
4096 0.057142857 0.942857146 0.000000000
4097 0.218750000 0.781250000 0.000000000
4098 0.500000000 0.500000000 0.000000000
4099 0.204848245 0.795151770 0.000000000
4100 0.100000001 0.899999976 0.000000000
4101 0.500000000 0.500000000 0.000000000
4102 0.009615385 0.990384638 0.000000000
4103 0.668749988 0.331250012 0.000000000
4104 0.893103421 0.106896549 0.000000000
4105 0.500000000 0.500000000 0.000000000
4106 0.500000000 0.500000000 0.000000000
4107 0.062500000 0.937500000 0.000000000
4108 0.038461540 0.961538434 0.000000000
4109 0.050000001 0.949999988 0.000000000
4110 0.037500001 0.962499976 0.000000000
4111 0.100000001 0.899999976 0.000000000
4112 0.044444446 0.955555558 0.000000000
4113 0.500000000 0.500000000 0.000000000
4114 0.500000000 0.500000000 0.000000000
4115 0.012820513 0.987179458 0.000000000
4116 0.111111112 0.888888896 0.000000000
4117 0.115384616 0.884615362 0.000000000
4118 0.500000000 0.500000000 0.000000000
4119 0.031250000 0.968750000 0.000000000
4120 0.000000000 1.000000000 0.000000000
4121 0.025125628 0.974874377 0.000000000
4122 0.001466276 0.998533726 0.000000000
4123 0.007334963 0.992665052 0.000000000
4124 0.017915310 0.982084692 0.000000000
4125 0.072178476 0.927821517 0.000000000
4126 0.000000000 1.000000000 0.000000000
4127 0.017473118 0.982526898 0.000000000
4128 0.005376344 0.994623661 0.000000000
4129 0.068767905 0.931232095 0.000000000
4130 0.004143646 0.995856345 0.000000000
4131 0.000000000 1.000000000 0.000000000
4132 0.057142857 0.942857146 0.000000000
4133 0.020833334 0.979166687 0.000000000
4134 0.000000000 0.500000000 0.500000000
4135 0.000000000 0.500000000 0.500000000
4136 0.000000000 0.500000000 0.500000000
4137 0.000000000 0.500000000 0.500000000
4138 0.000000000 0.500000000 0.500000000
4139 0.000000000 0.500000000 0.500000000
4140 0.000000000 0.500000000 0.500000000
4141 0.000000000 0.500000000 0.500000000
4142 0.000000000 0.500000000 0.500000000
4143 0.000000000 0.500000000 0.500000000
4144 0.000000000 0.500000000 0.500000000
4145 0.000000000 0.500000000 0.500000000
4146 0.000000000 0.500000000 0.500000000
4147 0.000000000 0.500000000 0.500000000
4148 0.000000000 0.500000000 0.500000000
4149 0.000000000 0.500000000 0.500000000
4150 0.000000000 0.500000000 0.500000000
4151 0.000000000 0.500000000 0.500000000
4152 0.000000000 0.500000000 0.500000000
4153 0.000000000 0.500000000 0.500000000
4154 0.000000000 0.500000000 0.500000000
4155 0.000000000 0.500000000 0.500000000
4156 0.000000000 0.500000000 0.500000000
4157 0.000000000 0.500000000 0.500000000
4158 0.000000000 0.500000000 0.500000000
4159 0.000000000 1.000000000 0.000000000
4160 0.000000000 0.000000000 1.000000000
4161 0.000000000 0.575862050 0.424137920
4162 0.000000000 0.250000000 0.750000000
4163 0.000000000 0.699999988 0.300000012
4164 0.000000000 0.500000000 0.500000000
4165 0.000000000 1.000000000 0.000000000
4166 0.000000000 1.000000000 0.000000000
4167 0.000000000 0.500000000 0.500000000
4168 0.000000000 0.500000000 0.500000000
4169 0.000000000 0.500000000 0.500000000
4170 0.000000000 1.000000000 0.000000000
4171 0.000000000 0.500000000 0.500000000
4172 0.000000000 0.500000000 0.500000000
4173 0.000000000 0.783232391 0.216767639
4174 0.000000000 0.944444418 0.055555556
4175 0.000000000 0.937500000 0.062500000
4176 0.000000000 0.083333336 0.916666687
4177 0.000000000 0.806170762 0.193829253
4178 0.000000000 0.000000000 1.000000000
4179 0.000000000 1.000000000 0.000000000
4180 0.000000000 0.000000000 1.000000000
4181 0.000000000 0.048387095 0.951612890
4182 0.000000000 1.000000000 0.000000000
4183 0.000000000 0.675001323 0.324998707
4184 0.000000000 1.000000000 0.000000000
4185 0.000000000 0.986486495 0.013513514
4186 0.000000000 0.500000000 0.500000000
4187 0.000000000 0.500000000 0.500000000
4188 0.000000000 0.500000000 0.500000000
4189 0.000000000 0.500000000 0.500000000
4190 0.000000000 0.500000000 0.500000000
4191 0.000000000 0.500000000 0.500000000
4192 0.000000000 0.500000000 0.500000000
4193 0.000000000 0.500000000 0.500000000
4194 0.000000000 0.500000000 0.500000000
4195 0.000000000 0.500000000 0.500000000
4196 0.000000000 0.500000000 0.500000000
4197 0.000000000 0.750000000 0.250000000
4198 0.000000000 0.500000000 0.500000000
4199 0.000000000 0.845588088 0.154411912
4200 0.000000000 0.785714269 0.214285716
4201 0.000000000 1.000000000 0.000000000
4202 0.000000000 0.668561518 0.331438452
4203 0.000000000 0.833333313 0.166666672
4204 0.000000000 1.000000000 0.000000000
4205 0.000000000 0.833333313 0.166666672
4206 0.000000000 0.731901228 0.268098801
4207 0.000000000 0.357142866 0.642857134
4208 0.000000000 0.966018975 0.033981003
4209 0.000000000 0.449971497 0.550028503
4210 0.000000000 0.744444430 0.255555570
4211 0.000000000 0.600000024 0.400000006
4212 0.000000000 0.500000000 0.500000000
4213 0.000000000 0.500000000 0.500000000
4214 0.000000000 0.500000000 0.500000000
4215 0.000000000 0.500000000 0.500000000
4216 0.000000000 0.500000000 0.500000000
4217 0.000000000 0.500000000 0.500000000
4218 0.000000000 0.500000000 0.500000000
4219 0.000000000 0.500000000 0.500000000
4220 0.000000000 0.500000000 0.500000000
4221 0.000000000 0.500000000 0.500000000
4222 0.000000000 0.500000000 0.500000000
4223 0.000000000 0.500000000 0.500000000
4224 0.000000000 0.500000000 0.500000000
4225 0.000000000 1.000000000 0.000000000
4226 0.000000000 0.833333313 0.166666672
4227 0.000000000 0.000000000 1.000000000
4228 0.000000000 1.000000000 0.000000000
4229 0.000000000 0.967741907 0.032258064
4230 0.000000000 1.000000000 0.000000000
4231 0.000000000 0.929166675 0.070833333
4232 0.000000000 0.217261910 0.782738090
4233 0.000000000 0.980769217 0.019230770
4234 0.000000000 1.000000000 0.000000000
4235 0.000000000 0.764705896 0.235294119
4236 0.000000000 0.000000000 1.000000000
4237 0.000000000 1.000000000 0.000000000
4238 0.000000000 0.609195411 0.390804589
4239 0.000000000 0.954053402 0.045946583
4240 0.000000000 0.811498702 0.188501284
4241 0.000000000 0.780613303 0.219386667
4242 0.000000000 0.934277415 0.065722585
4243 0.000000000 0.972477078 0.027522936
4244 0.000000000 1.000000000 0.000000000
4245 0.000000000 0.905771971 0.094227999
4246 0.000000000 0.603773594 0.396226406
4247 0.000000000 0.679810166 0.320189834
4248 0.000000000 0.900004923 0.099995106
4249 0.000000000 0.922636449 0.077363528
4250 0.000000000 0.886877179 0.113122799
4251 0.000000000 0.703829587 0.296170384
4252 0.000000000 0.976190448 0.023809524
4253 0.000000000 1.000000000 0.000000000
4254 0.000000000 0.977011502 0.022988506
4255 0.000000000 1.000000000 0.000000000
4256 0.000000000 0.639080167 0.360919833
4257 0.000000000 1.000000000 0.000000000
4258 0.000000000 0.029411765 0.970588207
4259 0.000000000 0.333970189 0.666029811
4260 0.000000000 0.000000000 1.000000000
4261 0.000000000 0.000000000 1.000000000
4262 0.000000000 0.788528860 0.211471125
4263 0.000000000 0.982783198 0.017216802
4264 0.000000000 1.000000000 0.000000000
4265 0.000000000 0.405522645 0.594477355
4266 0.000000000 0.672021925 0.327978104
4267 0.000000000 0.895348847 0.104651161
4268 0.000000000 0.638121724 0.361878276
4269 0.000000000 0.720648408 0.279351592
4270 0.000000000 0.360082090 0.639917910
4271 0.000000000 0.412302375 0.587697625
4272 0.000000000 0.505040884 0.494959116
4273 0.000000000 1.000000000 0.000000000
4274 0.000000000 0.486979157 0.513020813
4275 0.000000000 0.863988698 0.136011273
4276 0.000000000 0.823603272 0.176396757
4277 0.000000000 0.794715464 0.205284551
4278 0.000000000 0.843750000 0.156250000
4279 0.000000000 0.157894731 0.842105269
4280 0.000000000 0.000000000 1.000000000
4281 0.000000000 0.370016605 0.629983366
4282 0.000000000 0.802475214 0.197524786
4283 0.000000000 0.965517223 0.034482758
4284 0.000000000 0.019794721 0.980205297
4285 0.000000000 0.195567593 0.804432392
4286 0.000000000 0.556189597 0.443810403
4287 0.000000000 0.327586204 0.672413766
4288 0.000000000 0.031250000 0.968750000
4289 0.000000000 0.837837815 0.162162155
4290 0.000000000 0.142524034 0.857475996
4291 0.000000000 0.143047288 0.856952727
4292 0.000000000 0.322131127 0.677868903
4293 0.000000000 0.350649357 0.649350643
4294 0.000000000 0.588057637 0.411942393
4295 0.000000000 0.106926806 0.893073201
4296 0.000000000 0.144899338 0.855100632
4297 0.000000000 0.161891490 0.838108540
4298 0.000000000 0.242338032 0.757661998
4299 0.000000000 0.098463632 0.901536345
4300 0.000000000 0.082813747 0.917186260
4301 0.000000000 0.159705713 0.840294302
4302 0.000000000 0.163998708 0.836001277
4303 0.000000000 0.000000000 1.000000000
4304 0.000000000 0.000000000 1.000000000
4305 0.000000000 0.027777778 0.972222209
4306 0.000000000 0.034722224 0.965277791
4307 0.000000000 0.014285714 0.985714257
4308 0.000000000 0.017857144 0.982142866
4309 0.000000000 0.010000000 0.990000010
4310 0.000000000 0.016129032 0.983870983
4311 0.000000000 0.965053737 0.034946237
4312 0.000000000 0.028571429 0.971428573
4313 0.000000000 0.008474576 0.991525412
4314 0.000000000 0.049295776 0.950704217
4315 0.000000000 0.013513514 0.986486495
4316 0.000000000 0.500000000 0.500000000
4317 0.000000000 0.500000000 0.500000000
4318 0.000000000 0.500000000 0.500000000
4319 0.000000000 0.500000000 0.500000000
4320 0.000000000 0.500000000 0.500000000
4321 0.000000000 0.500000000 0.500000000
4322 0.000000000 0.500000000 0.500000000
4323 0.000000000 0.500000000 0.500000000
4324 0.000000000 0.500000000 0.500000000
4325 0.000000000 0.500000000 0.500000000
4326 0.000000000 0.500000000 0.500000000
4327 0.000000000 0.500000000 0.500000000
4328 0.000000000 0.500000000 0.500000000
4329 0.000000000 0.204112545 0.795887470
4330 0.000000000 0.000000000 1.000000000
4331 0.000000000 0.000000000 1.000000000
4332 0.000000000 0.000000000 1.000000000
4333 0.000000000 0.051601749 0.948398232
4334 0.000000000 0.000000000 1.000000000
4335 0.000000000 0.000000000 1.000000000
4336 0.000000000 0.000000000 1.000000000
4337 0.000000000 0.992753625 0.007246377
4338 0.000000000 0.000000000 1.000000000
4339 0.000000000 0.000000000 1.000000000
4340 0.000000000 0.000000000 1.000000000
4341 0.000000000 0.000000000 1.000000000
4342 0.000000000 0.500000000 0.500000000
4343 0.000000000 0.500000000 0.500000000
4344 0.000000000 0.500000000 0.500000000
4345 0.000000000 0.500000000 0.500000000
4346 0.000000000 0.500000000 0.500000000
4347 0.000000000 0.500000000 0.500000000
4348 0.000000000 0.500000000 0.500000000
4349 0.000000000 0.500000000 0.500000000
4350 0.000000000 0.500000000 0.500000000
4351 0.000000000 0.500000000 0.500000000
4352 0.000000000 0.500000000 0.500000000
4353 0.000000000 0.500000000 0.500000000
4354 0.000000000 0.500000000 0.500000000
4355 0.000000000 0.500000000 0.500000000
4356 0.000000000 1.000000000 0.000000000
4357 0.000000000 0.500000000 0.500000000
4358 0.000000000 0.500000000 0.500000000
4359 0.000000000 0.500000000 0.500000000
4360 0.000000000 1.000000000 0.000000000
4361 0.000000000 0.500000000 0.500000000
4362 0.000000000 0.500000000 0.500000000
4363 0.000000000 0.000000000 1.000000000
4364 0.000000000 0.750000000 0.250000000
4365 0.000000000 0.500000000 0.500000000
4366 0.000000000 0.500000000 0.500000000
4367 0.000000000 1.000000000 0.000000000
4368 0.000000000 0.333333343 0.666666687
4369 0.000000000 0.375000000 0.625000000
4370 0.000000000 0.439999998 0.560000002
4371 0.000000000 0.709677398 0.290322572
4372 0.000000000 0.000000000 1.000000000
4373 0.000000000 0.500000000 0.500000000
4374 0.000000000 0.000000000 1.000000000
4375 0.000000000 0.500000000 0.500000000
4376 0.000000000 0.630647421 0.369352549
4377 0.000000000 1.000000000 0.000000000
4378 0.000000000 0.625000000 0.375000000
4379 0.000000000 0.500000000 0.500000000
4380 0.000000000 0.500000000 0.500000000
4381 0.000000000 0.750000000 0.250000000
4382 0.000000000 0.600000024 0.400000006
4383 0.000000000 1.000000000 0.000000000
4384 0.000000000 0.333333343 0.666666687
4385 0.000000000 0.500000000 0.500000000
4386 0.000000000 0.500000000 0.500000000
4387 0.000000000 1.000000000 0.000000000
4388 0.000000000 0.333333343 0.666666687
4389 0.000000000 0.833333313 0.166666672
4390 0.000000000 0.500000000 0.500000000
4391 0.000000000 0.625000000 0.375000000
4392 0.000000000 0.500000000 0.500000000
4393 0.000000000 1.000000000 0.000000000
4394 0.000000000 0.956521749 0.043478262
4395 0.000000000 0.133239836 0.866760194
4396 0.000000000 0.946236551 0.053763442
4397 0.000000000 0.944444418 0.055555556
4398 0.000000000 1.000000000 0.000000000
4399 0.000000000 0.020833334 0.979166687
4400 0.000000000 0.284444451 0.715555549
4401 0.000000000 0.562500000 0.437500000
4402 0.000000000 0.164345711 0.835654259
4403 0.000000000 0.583999991 0.416000009
4404 0.000000000 1.000000000 0.000000000
4405 0.000000000 1.000000000 0.000000000
4406 0.000000000 0.404040396 0.595959604
4407 0.000000000 1.000000000 0.000000000
4408 0.000000000 0.000000000 1.000000000
4409 0.000000000 0.500000000 0.500000000
4410 0.000000000 1.000000000 0.000000000
4411 0.000000000 0.000000000 1.000000000
4412 0.000000000 0.187500000 0.812500000
4413 0.000000000 0.187500000 0.812500000
4414 0.000000000 0.500000000 0.500000000
4415 0.000000000 0.500000000 0.500000000
4416 0.000000000 1.000000000 0.000000000
4417 0.000000000 0.750000000 0.250000000
4418 0.000000000 0.500000000 0.500000000
4419 0.000000000 0.000000000 1.000000000
4420 0.000000000 0.997093022 0.002906977
4421 0.000000000 0.350977510 0.649022460
4422 0.000000000 1.000000000 0.000000000
4423 0.000000000 0.330097079 0.669902921
4424 0.000000000 1.000000000 0.000000000
4425 0.000000000 0.946466625 0.053533383
4426 0.000000000 0.768382370 0.231617644
4427 0.000000000 0.997126460 0.002873563
4428 0.000000000 0.985074639 0.014925373
4429 0.000000000 0.174418598 0.825581372
4430 0.000000000 0.010204081 0.989795923
4431 0.000000000 0.620346308 0.379653692
4432 0.000000000 0.678503036 0.321496934
4433 0.000000000 0.650886178 0.349113792
4434 0.000000000 0.936144590 0.063855425
4435 0.000000000 0.990421474 0.009578544
4436 0.000000000 0.493303478 0.506696522
4437 0.000000000 0.905377686 0.094622329
4438 0.000000000 0.991935492 0.008064516
4439 0.000000000 0.075877190 0.924122810
4440 0.000000000 0.385306418 0.614693582
4441 0.000000000 0.886304915 0.113695092
4442 0.000000000 0.994117618 0.005882353
4443 0.000000000 0.377906978 0.622093022
4444 0.000000000 0.080555558 0.919444442
4445 0.000000000 0.693827748 0.306172252
4446 0.000000000 0.995738626 0.004261364
4447 0.000000000 0.030786350 0.969213665
4448 0.000000000 0.116816655 0.883183360
4449 0.000000000 0.198308364 0.801691651
4450 0.000000000 0.072854035 0.927145958
4451 0.000000000 0.030894887 0.969105124
4452 0.000000000 0.555234551 0.444765449
4453 0.000000000 0.991379321 0.008620690
4454 0.000000000 0.769340992 0.230659023
4455 0.000000000 0.978571415 0.021428572
4456 0.000000000 0.512992203 0.487007797
4457 0.000000000 0.034090910 0.965909064
4458 0.000000000 0.045288045 0.954711974
4459 0.000000000 0.005592105 0.994407892
4460 0.000000000 0.018884892 0.981115103
4461 0.000000000 0.019557822 0.980442166
4462 0.000000000 0.030252101 0.969747901
4463 0.000000000 0.009209745 0.990790248
4464 0.000000000 0.002692998 0.997307003
4465 0.000000000 0.010607321 0.989392698
4466 0.000000000 0.329545468 0.670454562
4467 0.000000000 0.003333333 0.996666670
4468 0.000000000 0.007466281 0.992533743
4469 0.000000000 0.783863664 0.216136366
4470 0.000000000 0.022832103 0.977167904
4471 0.000000000 0.411552340 0.588447630
4472 0.007407407 0.196296290 0.796296299
4473 1.000000000 0.000000000 0.000000000
4474 0.962962985 0.018518519 0.018518519
4475 0.972222209 0.013888889 0.013888889
4476 0.699633718 0.009523810 0.290842503
4477 0.976190448 0.011904762 0.011904762
4478 0.986666679 0.006666667 0.006666667
4479 0.178542703 0.000000000 0.821457267
4480 0.124154329 0.016129032 0.859716654
4481 0.961904764 0.019047620 0.019047620
4482 0.988700569 0.005649718 0.005649718
4483 0.934272289 0.032863848 0.032863848
4484 0.805304110 0.009009009 0.185686886
4485 0.333333343 0.333333343 0.333333343
4486 0.333333343 0.333333343 0.333333343
4487 0.333333343 0.333333343 0.333333343
4488 0.333333343 0.333333343 0.333333343
4489 0.333333343 0.333333343 0.333333343
4490 0.333333343 0.333333343 0.333333343
4491 0.333333343 0.333333343 0.333333343
4492 0.333333343 0.333333343 0.333333343
4493 0.333333343 0.333333343 0.333333343
4494 0.333333343 0.333333343 0.333333343
4495 0.333333343 0.333333343 0.333333343
4496 0.333333343 0.333333343 0.333333343
4497 0.333333343 0.333333343 0.333333343
4498 1.000000000 0.000000000 0.000000000
4499 0.000000000 0.000000000 1.000000000
4500 0.000000000 0.000000000 1.000000000
4501 0.111506343 0.000000000 0.888493657
4502 0.918701887 0.000000000 0.081298091
4503 0.320766658 0.000000000 0.679233313
4504 1.000000000 0.000000000 0.000000000
4505 0.923728824 0.000000000 0.076271184
4506 0.990338147 0.004830918 0.004830918
4507 1.000000000 0.000000000 0.000000000
4508 0.891771615 0.000000000 0.108228393
4509 1.000000000 0.000000000 0.000000000
4510 0.041773230 0.000000000 0.958226740
4511 0.333333343 0.333333343 0.333333343
4512 0.333333343 0.333333343 0.333333343
4513 0.333333343 0.333333343 0.333333343
4514 0.333333343 0.333333343 0.333333343
4515 0.333333343 0.333333343 0.333333343
4516 0.333333343 0.333333343 0.333333343
4517 0.333333343 0.333333343 0.333333343
4518 0.333333343 0.333333343 0.333333343
4519 0.333333343 0.333333343 0.333333343
4520 0.333333343 0.333333343 0.333333343
4521 0.333333343 0.333333343 0.333333343
4522 0.333333343 0.333333343 0.333333343
4523 0.333333343 0.333333343 0.333333343
4524 0.000000000 0.000000000 1.000000000
4525 0.333333343 0.333333343 0.333333343
4526 0.333333343 0.333333343 0.333333343
4527 0.222222224 0.222222224 0.555555582
4528 0.333333343 0.333333343 0.333333343
4529 0.333333343 0.333333343 0.333333343
4530 0.333333343 0.333333343 0.333333343
4531 0.333333343 0.333333343 0.333333343
4532 0.000000000 0.312500000 0.687500000
4533 0.333333343 0.333333343 0.333333343
4534 0.333333343 0.333333343 0.333333343
4535 1.000000000 0.000000000 0.000000000
4536 0.333333343 0.333333343 0.333333343
4537 0.333333343 0.333333343 0.333333343
4538 0.083333336 0.458333343 0.458333343
4539 0.600000024 0.200000003 0.200000003
4540 0.833333313 0.000000000 0.166666672
4541 0.666666687 0.066666670 0.266666681
4542 0.333333343 0.333333343 0.333333343
4543 0.333333343 0.333333343 0.333333343
4544 0.583333313 0.083333336 0.333333343
4545 0.555555582 0.222222224 0.222222224
4546 1.000000000 0.000000000 0.000000000
4547 0.333333343 0.333333343 0.333333343
4548 0.000000000 0.000000000 1.000000000
4549 0.333333343 0.333333343 0.333333343
4550 0.333333343 0.333333343 0.333333343
4551 0.133333340 0.195833340 0.670833349
4552 1.000000000 0.000000000 0.000000000
4553 0.506042242 0.111111112 0.382846683
4554 0.000000000 0.000000000 1.000000000
4555 0.333333343 0.333333343 0.333333343
4556 0.333333343 0.333333343 0.333333343
4557 0.000000000 0.406250000 0.593750000
4558 0.000000000 0.500000000 0.500000000
4559 0.333333343 0.333333343 0.333333343
4560 0.333333343 0.333333343 0.333333343
4561 0.166666672 0.166666672 0.666666687
4562 0.304347813 0.000000000 0.695652187
4563 0.333333343 0.333333343 0.333333343
4564 1.000000000 0.000000000 0.000000000
4565 0.012406948 0.000000000 0.987593055
4566 0.346083790 0.000000000 0.653916240
4567 0.000000000 0.000000000 1.000000000
4568 0.317460328 0.013888889 0.668650806
4569 0.404028118 0.000000000 0.595971882
4570 0.083333336 0.391369045 0.525297642
4571 0.897435904 0.051282052 0.051282052
4572 1.000000000 0.000000000 0.000000000
4573 0.000000000 0.000000000 1.000000000
4574 0.000000000 0.000000000 1.000000000
4575 0.090909094 0.090909094 0.818181813
4576 1.000000000 0.000000000 0.000000000
4577 0.784135997 0.000000000 0.215863988
4578 0.333333343 0.333333343 0.333333343
4579 1.000000000 0.000000000 0.000000000
4580 1.000000000 0.000000000 0.000000000
4581 0.378805965 0.454527378 0.166666672
4582 1.000000000 0.000000000 0.000000000
4583 0.333333343 0.333333343 0.333333343
4584 0.333333343 0.333333343 0.333333343
4585 1.000000000 0.000000000 0.000000000
4586 0.666666687 0.166666672 0.166666672
4587 0.200000003 0.200000003 0.600000024
4588 0.000000000 0.000000000 1.000000000
4589 0.072722659 0.925339341 0.001937984
4590 0.083179727 0.005376344 0.911443949
4591 0.935135126 0.061630283 0.003234583
4592 0.887823522 0.003123686 0.109052807
4593 0.949317753 0.025341131 0.025341131
4594 0.006003156 0.380808920 0.613187909
4595 0.924268246 0.001633987 0.074097753
4596 0.258910120 0.708518744 0.032571174
4597 0.226527706 0.726727962 0.046744317
4598 0.000000000 0.265780717 0.734219253
4599 0.722948074 0.085983895 0.191068038
4600 0.854110599 0.002514800 0.143374592
4601 0.001851852 0.833652258 0.164495900
4602 0.092803031 0.805452526 0.101744421
4603 0.443810761 0.000000000 0.556189239
4604 0.357348919 0.381114334 0.261536747
4605 0.789362311 0.003623188 0.207014531
4606 0.002645503 0.176902652 0.820451856
4607 0.493081063 0.490789890 0.016129032
4608 0.506707311 0.331694573 0.161598146
4609 0.020426964 0.942545176 0.037027832
4610 0.179586560 0.815245450 0.005167959
4611 0.227089569 0.764862061 0.008048376
4612 0.002583979 0.021021260 0.976394773
4613 0.491993397 0.002645503 0.505361080
4614 0.994277537 0.002861230 0.002861230
4615 0.418410301 0.404346257 0.177243426
4616 0.019650925 0.643581033 0.336768031
4617 0.067006893 0.905137956 0.027855147
4618 0.002801121 0.289559126 0.707639754
4619 0.004949355 0.503499210 0.491551429
4620 0.009519180 0.092126437 0.898354411
4621 0.000886525 0.029256647 0.969856799
4622 0.084957518 0.903548241 0.011494253
4623 0.190696880 0.721338391 0.087964743
4624 0.288391113 0.299725801 0.411883086
4625 0.192059100 0.309617966 0.498322934
4626 0.066287875 0.206351161 0.727360964
4627 0.000928505 0.371784002 0.627287507
4628 0.007017544 0.496491224 0.496491224
4629 0.002398082 0.312649876 0.684952021
4630 0.005668934 0.006525072 0.987806022
4631 0.005042017 0.009243698 0.985714257
4632 0.000594177 0.292292684 0.707113147
4633 0.007779772 0.496110111 0.496110111
4634 0.001663893 0.018302828 0.980033278
4635 0.117465563 0.575674295 0.306860149
4636 0.006666667 0.006666667 0.986666679
4637 0.000642261 0.479808927 0.519548833
4638 0.001818182 0.967013001 0.031168832
4639 0.006150062 0.007303198 0.986546755
4640 0.001203369 0.312575221 0.686221421
4641 0.333333343 0.333333343 0.333333343
4642 0.333333343 0.333333343 0.333333343
4643 0.333333343 0.333333343 0.333333343
4644 0.333333343 0.333333343 0.333333343
4645 0.333333343 0.333333343 0.333333343
4646 0.333333343 0.333333343 0.333333343
4647 0.333333343 0.333333343 0.333333343
4648 0.333333343 0.333333343 0.333333343
4649 0.333333343 0.333333343 0.333333343
4650 0.333333343 0.333333343 0.333333343
4651 0.333333343 0.333333343 0.333333343
4652 0.333333343 0.333333343 0.333333343
4653 0.333333343 0.333333343 0.333333343
4654 0.333333343 0.333333343 0.333333343
4655 0.333333343 0.333333343 0.333333343
4656 0.333333343 0.333333343 0.333333343
4657 0.333333343 0.333333343 0.333333343
4658 0.333333343 0.333333343 0.333333343
4659 0.333333343 0.333333343 0.333333343
4660 0.333333343 0.333333343 0.333333343
4661 0.333333343 0.333333343 0.333333343
4662 0.333333343 0.333333343 0.333333343
4663 0.333333343 0.333333343 0.333333343
4664 0.333333343 0.333333343 0.333333343
4665 0.333333343 0.333333343 0.333333343
4666 0.000000000 0.000000000 1.000000000
4667 0.333333343 0.333333343 0.333333343
4668 0.000000000 0.000000000 1.000000000
4669 0.333333343 0.333333343 0.333333343
4670 1.000000000 0.000000000 0.000000000
4671 0.333333343 0.333333343 0.333333343
4672 1.000000000 0.000000000 0.000000000
4673 1.000000000 0.000000000 0.000000000
4674 0.333333343 0.333333343 0.333333343
4675 0.333333343 0.333333343 0.333333343
4676 0.333333343 0.333333343 0.333333343
4677 1.000000000 0.000000000 0.000000000
4678 0.333333343 0.333333343 0.333333343
4679 0.333333343 0.333333343 0.333333343
4680 1.000000000 0.000000000 0.000000000
4681 0.948717952 0.025641026 0.025641026
4682 0.916666687 0.041666668 0.041666668
4683 0.333333343 0.333333343 0.333333343
4684 0.851851881 0.074074075 0.074074075
4685 0.333333343 0.333333343 0.333333343
4686 0.839999974 0.000000000 0.159999996
4687 0.333333343 0.333333343 0.333333343
4688 0.333333343 0.333333343 0.333333343
4689 0.909090936 0.000000000 0.090909094
4690 0.899999976 0.050000001 0.050000001
4691 1.000000000 0.000000000 0.000000000
4692 1.000000000 0.000000000 0.000000000
4693 0.333333343 0.333333343 0.333333343
4694 0.333333343 0.333333343 0.333333343
4695 0.333333343 0.333333343 0.333333343
4696 0.333333343 0.333333343 0.333333343
4697 0.333333343 0.333333343 0.333333343
4698 0.333333343 0.333333343 0.333333343
4699 0.333333343 0.333333343 0.333333343
4700 0.333333343 0.333333343 0.333333343
4701 0.333333343 0.333333343 0.333333343
4702 0.333333343 0.333333343 0.333333343
4703 0.333333343 0.333333343 0.333333343
4704 0.333333343 0.333333343 0.333333343
4705 0.333333343 0.333333343 0.333333343
4706 0.000000000 0.000000000 1.000000000
4707 0.714285731 0.142857149 0.142857149
4708 0.555555582 0.222222224 0.222222224
4709 0.625784457 0.000000000 0.374215543
4710 1.000000000 0.000000000 0.000000000
4711 0.000000000 0.000000000 1.000000000
4712 0.904761910 0.047619049 0.047619049
4713 0.777777791 0.111111112 0.111111112
4714 0.250000000 0.250000000 0.500000000
4715 0.750000000 0.125000000 0.125000000
4716 0.666666687 0.166666672 0.166666672
4717 0.970402360 0.029597640 0.000000000
4718 1.000000000 0.000000000 0.000000000
4719 0.333333343 0.333333343 0.333333343
4720 0.333333343 0.333333343 0.333333343
4721 0.333333343 0.333333343 0.333333343
4722 0.333333343 0.333333343 0.333333343
4723 0.333333343 0.333333343 0.333333343
4724 0.333333343 0.333333343 0.333333343
4725 0.333333343 0.333333343 0.333333343
4726 0.333333343 0.333333343 0.333333343
4727 0.333333343 0.333333343 0.333333343
4728 0.333333343 0.333333343 0.333333343
4729 0.333333343 0.333333343 0.333333343
4730 0.333333343 0.333333343 0.333333343
4731 0.333333343 0.333333343 0.333333343
4732 0.333333343 0.333333343 0.333333343
4733 0.800000012 0.066666670 0.133333340
4734 0.333333343 0.333333343 0.333333343
4735 0.282051295 0.282051295 0.435897440
4736 0.053763442 0.315860212 0.630376339
4737 0.000000000 0.000000000 1.000000000
4738 0.256292909 0.000000000 0.743707120
4739 0.333333343 0.333333343 0.333333343
4740 0.743589759 0.128205135 0.128205135
4741 0.725268483 0.000000000 0.274731517
4742 0.333333343 0.333333343 0.333333343
4743 0.333333343 0.333333343 0.333333343
4744 0.013333334 0.013333334 0.973333359
4745 0.792856395 0.000000000 0.207143575
4746 0.826977491 0.095245764 0.077776723
4747 1.000000000 0.000000000 0.000000000
4748 0.821335375 0.029027712 0.149636939
4749 0.959999979 0.020000000 0.020000000
4750 0.947041988 0.040496971 0.012461059
4751 0.944417536 0.042719878 0.012862616
4752 0.897223532 0.000000000 0.102776483
4753 0.000000000 0.000000000 1.000000000
4754 0.806149602 0.115799896 0.078050509
4755 0.806237340 0.123188376 0.070574261
4756 0.964136541 0.021163695 0.014699755
4757 0.841960192 0.158039838 0.000000000
4758 0.097251870 0.116935350 0.785812795
4759 0.065605201 0.523209214 0.411185563
4760 0.904761910 0.047619049 0.047619049
4761 0.738569617 0.224163279 0.037267081
4762 0.975308657 0.012345679 0.012345679
4763 0.830855668 0.052355725 0.116788633
4764 0.552349150 0.407954395 0.039696459
4765 0.333333343 0.333333343 0.333333343
4766 0.030303031 0.030303031 0.939393938
4767 0.333333343 0.333333343 0.333333343
4768 0.333333343 0.333333343 0.333333343
4769 0.861039639 0.138960376 0.000000000
4770 0.906014442 0.075967520 0.018018018
4771 0.543209851 0.228395060 0.228395060
4772 0.576923072 0.211538464 0.211538464
4773 0.167786568 0.022497635 0.809715807
4774 0.048696950 0.002038736 0.949264288
4775 0.048797440 0.086930722 0.864271820
4776 0.097275741 0.769189179 0.133535087
4777 0.844810486 0.155189514 0.000000000
4778 0.200111479 0.012820513 0.787068009
4779 0.014492754 0.014492754 0.971014500
4780 0.563218415 0.218390808 0.218390808
4781 0.333333343 0.333333343 0.333333343
4782 0.000000000 0.000000000 1.000000000
4783 0.657238603 0.323713779 0.019047620
4784 0.000000000 0.577922106 0.422077924
4785 0.000000000 0.000000000 1.000000000
4786 0.333333343 0.333333343 0.333333343
4787 0.333333343 0.333333343 0.333333343
4788 0.400000006 0.316190451 0.283809543
4789 0.086021505 0.248013526 0.665964961
4790 0.553137958 0.378564596 0.068297461
4791 0.333333343 0.333333343 0.333333343
4792 0.055555556 0.565771699 0.378672779
4793 0.030424049 0.382760257 0.586815715
4794 0.785185158 0.129629627 0.085185185
4795 0.333333343 0.333333343 0.333333343
4796 0.000000000 0.000000000 1.000000000
4797 0.013888889 0.074873738 0.911237359
4798 0.013888889 0.013888889 0.972222209
4799 0.000000000 0.038961038 0.961038947
4800 0.000000000 0.000000000 1.000000000
4801 0.008658009 0.017601337 0.973740637
4802 0.333333343 0.333333343 0.333333343
4803 0.074074075 0.077609427 0.848316491
4804 0.033333335 0.240476191 0.726190448
4805 0.000000000 0.229729727 0.770270288
4806 0.023809524 0.023809524 0.952380955
4807 0.266666681 0.266666681 0.466666669
4808 0.142857149 0.581426203 0.275716662
4809 0.000000000 0.277777791 0.722222209
4810 0.500000000 0.500000000 0.000000000
4811 0.500000000 0.500000000 0.000000000
4812 0.500000000 0.500000000 0.000000000
4813 0.500000000 0.500000000 0.000000000
4814 0.500000000 0.500000000 0.000000000
4815 0.500000000 0.500000000 0.000000000
4816 0.500000000 0.500000000 0.000000000
4817 0.500000000 0.500000000 0.000000000
4818 0.500000000 0.500000000 0.000000000
4819 0.500000000 0.500000000 0.000000000
4820 0.500000000 0.500000000 0.000000000
4821 0.500000000 0.500000000 0.000000000
4822 0.500000000 0.500000000 0.000000000
4823 0.500000000 0.500000000 0.000000000
4824 0.500000000 0.500000000 0.000000000
4825 0.500000000 0.500000000 0.000000000
4826 0.500000000 0.500000000 0.000000000
4827 0.500000000 0.500000000 0.000000000
4828 0.500000000 0.500000000 0.000000000
4829 0.500000000 0.500000000 0.000000000
4830 0.500000000 0.500000000 0.000000000
4831 0.500000000 0.500000000 0.000000000
4832 0.500000000 0.500000000 0.000000000
4833 0.500000000 0.500000000 0.000000000
4834 0.500000000 0.500000000 0.000000000
4835 0.500000000 0.500000000 0.000000000
4836 1.000000000 0.000000000 0.000000000
4837 0.500000000 0.500000000 0.000000000
4838 0.000000000 1.000000000 0.000000000
4839 0.500000000 0.500000000 0.000000000
4840 0.500000000 0.500000000 0.000000000
4841 0.500000000 0.500000000 0.000000000
4842 0.500000000 0.500000000 0.000000000
4843 0.500000000 0.500000000 0.000000000
4844 0.500000000 0.500000000 0.000000000
4845 0.500000000 0.500000000 0.000000000
4846 0.500000000 0.500000000 0.000000000
4847 0.500000000 0.500000000 0.000000000
4848 0.500000000 0.500000000 0.000000000
4849 0.899999976 0.100000001 0.000000000
4850 0.500000000 0.500000000 0.000000000
4851 0.500000000 0.500000000 0.000000000
4852 0.000000000 1.000000000 0.000000000
4853 0.625000000 0.375000000 0.000000000
4854 0.978260875 0.021739131 0.000000000
4855 0.500000000 0.500000000 0.000000000
4856 0.954545438 0.045454547 0.000000000
4857 0.982758641 0.017241379 0.000000000
4858 0.500000000 0.500000000 0.000000000
4859 0.937500000 0.062500000 0.000000000
4860 0.500000000 0.500000000 0.000000000
4861 0.500000000 0.500000000 0.000000000
4862 0.500000000 0.500000000 0.000000000
4863 0.500000000 0.500000000 0.000000000
4864 0.500000000 0.500000000 0.000000000
4865 0.500000000 0.500000000 0.000000000
4866 0.500000000 0.500000000 0.000000000
4867 0.500000000 0.500000000 0.000000000
4868 0.500000000 0.500000000 0.000000000
4869 0.500000000 0.500000000 0.000000000
4870 0.500000000 0.500000000 0.000000000
4871 0.500000000 0.500000000 0.000000000
4872 0.500000000 0.500000000 0.000000000
4873 0.500000000 0.500000000 0.000000000
4874 0.500000000 0.500000000 0.000000000
4875 0.500000000 0.500000000 0.000000000
4876 0.500000000 0.500000000 0.000000000
4877 0.500000000 0.500000000 0.000000000
4878 0.500000000 0.500000000 0.000000000
4879 0.500000000 0.500000000 0.000000000
4880 0.500000000 0.500000000 0.000000000
4881 0.500000000 0.500000000 0.000000000
4882 0.500000000 0.500000000 0.000000000
4883 1.000000000 0.000000000 0.000000000
4884 0.500000000 0.500000000 0.000000000
4885 0.833333313 0.166666672 0.000000000
4886 0.000000000 1.000000000 0.000000000
4887 0.500000000 0.500000000 0.000000000
4888 0.500000000 0.500000000 0.000000000
4889 0.500000000 0.500000000 0.000000000
4890 0.500000000 0.500000000 0.000000000
4891 0.500000000 0.500000000 0.000000000
4892 0.500000000 0.500000000 0.000000000
4893 0.500000000 0.500000000 0.000000000
4894 0.500000000 0.500000000 0.000000000
4895 0.500000000 0.500000000 0.000000000
4896 0.500000000 0.500000000 0.000000000
4897 0.500000000 0.500000000 0.000000000
4898 0.500000000 0.500000000 0.000000000
4899 0.500000000 0.500000000 0.000000000
4900 0.500000000 0.500000000 0.000000000
4901 0.500000000 0.500000000 0.000000000
4902 0.500000000 0.500000000 0.000000000
4903 0.500000000 0.500000000 0.000000000
4904 0.500000000 0.500000000 0.000000000
4905 0.500000000 0.500000000 0.000000000
4906 0.500000000 0.500000000 0.000000000
4907 0.500000000 0.500000000 0.000000000
4908 0.000000000 1.000000000 0.000000000
4909 0.500000000 0.500000000 0.000000000
4910 0.500000000 0.500000000 0.000000000
4911 0.500000000 0.500000000 0.000000000
4912 0.043478262 0.956521749 0.000000000
4913 0.500000000 0.500000000 0.000000000
4914 1.000000000 0.000000000 0.000000000
4915 0.833333313 0.166666672 0.000000000
4916 0.541094244 0.458905756 0.000000000
4917 0.800000012 0.200000003 0.000000000
4918 0.500000000 0.500000000 0.000000000
4919 0.500000000 0.500000000 0.000000000
4920 0.500000000 0.500000000 0.000000000
4921 0.699999988 0.300000012 0.000000000
4922 0.095238097 0.904761910 0.000000000
4923 1.000000000 0.000000000 0.000000000
4924 0.134375006 0.865625024 0.000000000
4925 0.312500000 0.687500000 0.000000000
4926 0.318181813 0.681818187 0.000000000
4927 0.207126126 0.792873859 0.000000000
4928 0.500000000 0.500000000 0.000000000
4929 0.500000000 0.500000000 0.000000000
4930 1.000000000 0.000000000 0.000000000
4931 0.500000000 0.500000000 0.000000000
4932 1.000000000 0.000000000 0.000000000
4933 0.500000000 0.500000000 0.000000000
4934 0.970588207 0.029411765 0.000000000
4935 1.000000000 0.000000000 0.000000000
4936 0.000000000 1.000000000 0.000000000
4937 0.000000000 1.000000000 0.000000000
4938 0.000000000 1.000000000 0.000000000
4939 0.500000000 0.500000000 0.000000000
4940 0.500000000 0.500000000 0.000000000
4941 0.987179458 0.012820513 0.000000000
4942 0.000000000 1.000000000 0.000000000
4943 0.357142866 0.642857134 0.000000000
4944 0.809523821 0.190476194 0.000000000
4945 0.183333337 0.816666663 0.000000000
4946 0.089743592 0.910256386 0.000000000
4947 0.000000000 1.000000000 0.000000000
4948 0.638888896 0.361111104 0.000000000
4949 0.500000000 0.500000000 0.000000000
4950 0.000000000 1.000000000 0.000000000
4951 0.857142866 0.142857149 0.000000000
4952 0.909090936 0.090909094 0.000000000
4953 0.062500000 0.937500000 0.000000000
4954 0.500000000 0.500000000 0.000000000
4955 0.046875000 0.953125000 0.000000000
4956 0.026315790 0.973684192 0.000000000
4957 0.100000001 0.899999976 0.000000000
4958 0.500000000 0.500000000 0.000000000
4959 0.500000000 0.500000000 0.000000000
4960 0.000000000 1.000000000 0.000000000
4961 0.070187740 0.929812253 0.000000000
4962 0.882352948 0.117647059 0.000000000
4963 0.975000024 0.025000000 0.000000000
4964 0.000000000 1.000000000 0.000000000
4965 0.500000000 0.500000000 0.000000000
4966 0.007299270 0.992700756 0.000000000
4967 0.015748031 0.984251976 0.000000000
4968 0.004347826 0.995652199 0.000000000
4969 0.109999999 0.889999986 0.000000000
4970 0.059322033 0.940677941 0.000000000
4971 0.031496063 0.968503952 0.000000000
4972 0.018348623 0.981651366 0.000000000
4973 0.000000000 1.000000000 0.000000000
4974 0.000000000 1.000000000 0.000000000
4975 0.000000000 1.000000000 0.000000000
4976 0.009677419 0.990322590 0.000000000
4977 0.038461540 0.961538434 0.000000000
4978 0.017857144 0.982142866 0.000000000
4979 0.022222223 0.977777779 0.000000000
4980 1.000000000 0.000000000 0.000000000
4981 0.981132090 0.018867925 0.000000000
4982 0.985507250 0.014492754 0.000000000
4983 0.992753625 0.007246377 0.000000000
4984 0.990909100 0.009090909 0.000000000
4985 0.990000010 0.010000000 0.000000000
4986 1.000000000 0.000000000 0.000000000
4987 1.000000000 0.000000000 0.000000000
4988 0.985294104 0.014705882 0.000000000
4989 0.991525412 0.008474576 0.000000000
4990 0.970588207 0.029411765 0.000000000
4991 0.986486495 0.013513514 0.000000000
4992 0.500000000 0.500000000 0.000000000
4993 0.500000000 0.500000000 0.000000000
4994 0.500000000 0.500000000 0.000000000
4995 0.500000000 0.500000000 0.000000000
4996 0.500000000 0.500000000 0.000000000
4997 0.500000000 0.500000000 0.000000000
4998 0.500000000 0.500000000 0.000000000
4999 0.500000000 0.500000000 0.000000000
5000 0.500000000 0.500000000 0.000000000
5001 0.500000000 0.500000000 0.000000000
5002 0.500000000 0.500000000 0.000000000
5003 0.500000000 0.500000000 0.000000000
5004 0.500000000 0.500000000 0.000000000
5005 1.000000000 0.000000000 0.000000000
5006 1.000000000 0.000000000 0.000000000
5007 0.000000000 1.000000000 0.000000000
5008 1.000000000 0.000000000 0.000000000
5009 1.000000000 0.000000000 0.000000000
5010 1.000000000 0.000000000 0.000000000
5011 1.000000000 0.000000000 0.000000000
5012 1.000000000 0.000000000 0.000000000
5013 0.500000000 0.500000000 0.000000000
5014 1.000000000 0.000000000 0.000000000
5015 1.000000000 0.000000000 0.000000000
5016 1.000000000 0.000000000 0.000000000
5017 1.000000000 0.000000000 0.000000000
5018 0.500000000 0.500000000 0.000000000
5019 0.500000000 0.500000000 0.000000000
5020 0.500000000 0.500000000 0.000000000
5021 0.500000000 0.500000000 0.000000000
5022 0.500000000 0.500000000 0.000000000
5023 0.500000000 0.500000000 0.000000000
5024 0.500000000 0.500000000 0.000000000
5025 0.500000000 0.500000000 0.000000000
5026 0.500000000 0.500000000 0.000000000
5027 0.500000000 0.500000000 0.000000000
5028 0.500000000 0.500000000 0.000000000
5029 0.500000000 0.500000000 0.000000000
5030 0.500000000 0.500000000 0.000000000
5031 0.500000000 0.500000000 0.000000000
5032 0.500000000 0.500000000 0.000000000
5033 0.500000000 0.500000000 0.000000000
5034 0.500000000 0.500000000 0.000000000
5035 0.500000000 0.500000000 0.000000000
5036 0.500000000 0.500000000 0.000000000
5037 0.500000000 0.500000000 0.000000000
5038 0.500000000 0.500000000 0.000000000
5039 0.500000000 0.500000000 0.000000000
5040 0.500000000 0.500000000 0.000000000
5041 0.500000000 0.500000000 0.000000000
5042 0.500000000 0.500000000 0.000000000
5043 0.500000000 0.500000000 0.000000000
5044 1.000000000 0.000000000 0.000000000
5045 0.500000000 0.500000000 0.000000000
5046 0.500000000 0.500000000 0.000000000
5047 0.500000000 0.500000000 0.000000000
5048 0.100000001 0.899999976 0.000000000
5049 0.500000000 0.500000000 0.000000000
5050 0.500000000 0.500000000 0.000000000
5051 0.500000000 0.500000000 0.000000000
5052 0.500000000 0.500000000 0.000000000
5053 0.500000000 0.500000000 0.000000000
5054 0.500000000 0.500000000 0.000000000
5055 0.500000000 0.500000000 0.000000000
5056 0.500000000 0.500000000 0.000000000
5057 0.500000000 0.500000000 0.000000000
5058 0.500000000 0.500000000 0.000000000
5059 0.500000000 0.500000000 0.000000000
5060 0.500000000 0.500000000 0.000000000
5061 0.500000000 0.500000000 0.000000000
5062 0.500000000 0.500000000 0.000000000
5063 0.500000000 0.500000000 0.000000000
5064 0.500000000 0.500000000 0.000000000
5065 0.500000000 0.500000000 0.000000000
5066 0.500000000 0.500000000 0.000000000
5067 0.500000000 0.500000000 0.000000000
5068 0.500000000 0.500000000 0.000000000
5069 0.500000000 0.500000000 0.000000000
5070 0.500000000 0.500000000 0.000000000
5071 1.000000000 0.000000000 0.000000000
5072 0.750000000 0.250000000 0.000000000
5073 0.500000000 0.500000000 0.000000000
5074 0.500000000 0.500000000 0.000000000
5075 0.021739131 0.978260875 0.000000000
5076 0.000000000 1.000000000 0.000000000
5077 0.500000000 0.500000000 0.000000000
5078 0.916666687 0.083333336 0.000000000
5079 0.041666668 0.958333313 0.000000000
5080 0.500000000 0.500000000 0.000000000
5081 0.500000000 0.500000000 0.000000000
5082 0.250000000 0.750000000 0.000000000
5083 0.500000000 0.500000000 0.000000000
5084 0.500000000 0.500000000 0.000000000
5085 0.500000000 0.500000000 0.000000000
5086 0.500000000 0.500000000 0.000000000
5087 0.000000000 1.000000000 0.000000000
5088 0.000000000 1.000000000 0.000000000
5089 0.000000000 1.000000000 0.000000000
5090 0.500000000 0.500000000 0.000000000
5091 0.500000000 0.500000000 0.000000000
5092 0.500000000 0.500000000 0.000000000
5093 0.500000000 0.500000000 0.000000000
5094 0.500000000 0.500000000 0.000000000
5095 0.000000000 1.000000000 0.000000000
5096 0.500000000 0.500000000 0.000000000
5097 0.000000000 1.000000000 0.000000000
5098 0.500000000 0.500000000 0.000000000
5099 0.000000000 1.000000000 0.000000000
5100 0.500000000 0.500000000 0.000000000
5101 0.000000000 1.000000000 0.000000000
5102 0.009090909 0.990909100 0.000000000
5103 0.500000000 0.500000000 0.000000000
5104 0.500000000 0.500000000 0.000000000
5105 0.000000000 1.000000000 0.000000000
5106 0.253886014 0.746114016 0.000000000
5107 0.847222209 0.152777776 0.000000000
5108 0.440823317 0.559176683 0.000000000
5109 0.426797390 0.573202610 0.000000000
5110 0.638888896 0.361111104 0.000000000
5111 0.500000000 0.500000000 0.000000000
5112 0.006711409 0.993288577 0.000000000
5113 0.021739131 0.978260875 0.000000000
5114 0.500000000 0.500000000 0.000000000
5115 0.007142857 0.992857158 0.000000000
5116 0.003205128 0.996794879 0.000000000
5117 0.612903237 0.387096763 0.000000000
5118 0.500000000 0.500000000 0.000000000
5119 0.016483517 0.983516455 0.000000000
5120 0.025862070 0.974137902 0.000000000
5121 0.014492754 0.985507250 0.000000000
5122 0.500000000 0.500000000 0.000000000
5123 0.003058104 0.996941924 0.000000000
5124 0.000000000 1.000000000 0.000000000
5125 0.102112673 0.897887349 0.000000000
5126 0.002958580 0.997041404 0.000000000
5127 0.002941177 0.997058809 0.000000000
5128 0.003086420 0.996913552 0.000000000
5129 1.000000000 0.000000000 0.000000000
5130 0.449367076 0.550632894 0.000000000
5131 0.562500000 0.437500000 0.000000000
5132 0.093273781 0.906726241 0.000000000
5133 0.040462427 0.959537566 0.000000000
5134 0.005830904 0.994169116 0.000000000
5135 0.000878735 0.999121249 0.000000000
5136 0.008241759 0.991758227 0.000000000
5137 0.002599653 0.997400343 0.000000000
5138 0.003484321 0.996515691 0.000000000
5139 0.007233273 0.992766738 0.000000000
5140 0.008976661 0.991023362 0.000000000
5141 0.001677852 0.998322129 0.000000000
5142 0.002512563 0.997487426 0.000000000
5143 0.004173623 0.995826364 0.000000000
5144 0.000000000 1.000000000 0.000000000
5145 0.004132231 0.995867789 0.000000000
5146 0.004699248 0.995300770 0.000000000
5147 0.012121212 0.987878799 0.000000000
