0 0.000000000 0.701114595 0.298885405
1 0.000000000 0.715031922 0.284968048
2 0.000000000 0.605144799 0.394855201
3 0.000000000 0.830432355 0.169567615
4 0.000000000 0.980813801 0.019186174
5 0.000000000 0.996659338 0.003340660
6 0.000000000 0.911459804 0.088540182
7 0.000000000 0.995655417 0.004344596
8 0.000000000 0.979203880 0.020796143
9 0.000000000 0.852857351 0.147142634
10 0.000000000 0.843181431 0.156818569
11 0.000000000 0.558023274 0.441976756
12 0.000000000 0.428987056 0.571012974
13 0.000000000 0.220141813 0.779858172
14 0.000000000 0.375382930 0.624617100
15 0.000000000 0.728516936 0.271483094
16 0.000000000 0.786956549 0.213043436
17 0.000000000 0.976938784 0.023061214
18 0.000000000 0.994827986 0.005172021
19 0.000000000 0.997289360 0.002710642
20 0.000000000 0.987073064 0.012926911
21 0.000000000 0.998935938 0.001064091
22 0.000000000 0.625799179 0.374200821
23 0.000000000 0.747648716 0.252351284
24 0.000000000 0.367310464 0.632689536
25 0.000000000 0.065464802 0.934535205
26 0.998885274 0.000722343 0.000392407
27 0.999151707 0.000457216 0.000391086
28 0.995982409 0.001107035 0.002910574
29 0.952598751 0.010639189 0.036762074
30 0.855102301 0.126846522 0.018051185
31 0.443116158 0.401181638 0.155702204
32 0.274359345 0.525821984 0.199818701
33 0.673165500 0.318180710 0.008653774
34 0.468093663 0.503719389 0.028186925
35 0.018448243 0.804558754 0.176993012
36 0.000083700 0.859023750 0.140892535
37 0.000169398 0.807280004 0.192550585
38 0.000171512 0.422900647 0.576927841
39 1.000000000 0.000000000 0.000000000
40 0.996839881 0.000232734 0.002927399
41 0.983244359 0.000174462 0.016581189
42 0.983171403 0.012671409 0.004157189
43 0.709143281 0.251327723 0.039528958
44 0.775805950 0.219930977 0.004263069
45 0.577652395 0.368535638 0.053811982
46 0.476370513 0.423038751 0.100590728
47 0.538391709 0.416082859 0.045525420
48 0.075584963 0.853435576 0.070979454
49 0.000249650 0.823085606 0.176664755
50 0.000000000 0.889538050 0.110461943
51 0.000000000 0.488419741 0.511580229
52 0.823094070 0.176905945 0.000000000
53 0.999292970 0.000707026 0.000000000
54 0.945110619 0.054889407 0.000000000
55 0.926268101 0.073731922 0.000000000
56 0.218876377 0.781123638 0.000000000
57 0.131074175 0.868925810 0.000000000
58 0.053456400 0.946543574 0.000000000
59 0.000000000 1.000000000 0.000000000
60 0.705366671 0.294633329 0.000000000
61 0.090750434 0.909249544 0.000000000
62 0.001209677 0.998790324 0.000000000
63 0.000282566 0.999717414 0.000000000
64 0.000000000 1.000000000 0.000000000
65 0.993156910 0.006843066 0.000000000
66 1.000000000 0.000000000 0.000000000
67 0.792392015 0.207607955 0.000000000
68 0.771393239 0.228606731 0.000000000
69 0.994350255 0.005649718 0.000000000
70 0.000000000 1.000000000 0.000000000
71 0.000000000 1.000000000 0.000000000
72 0.078827113 0.921172857 0.000000000
73 0.000000000 1.000000000 0.000000000
74 0.000172592 0.999827385 0.000000000
75 0.000743310 0.999256670 0.000000000
76 0.000603500 0.999396503 0.000000000
77 0.000137608 0.999862373 0.000000000
78 0.000000000 0.149878055 0.850121975
79 0.000000000 0.751092017 0.248907983
80 0.000000000 0.582528949 0.417471021
81 0.000000000 0.327969611 0.672030389
82 0.000000000 0.563246489 0.436753511
83 0.000000000 0.141999841 0.858000159
84 0.000000000 0.432999909 0.567000091
85 0.000000000 0.544712365 0.455287635
86 0.000000000 0.681372523 0.318627477
87 0.000000000 0.414066553 0.585933447
88 0.000000000 0.279388845 0.720611155
89 0.000000000 0.357909501 0.642090499
90 0.000000000 0.689615965 0.310384035
91 0.000000000 0.284501910 0.715498090
92 0.000000000 0.148763761 0.851236224
93 0.000000000 0.489727795 0.510272205
94 0.000000000 0.883494854 0.116505139
95 0.000000000 0.700315177 0.299684823
96 0.000000000 0.947324693 0.052675281
97 0.000000000 0.681720495 0.318279475
98 0.000000000 0.464324892 0.535675108
99 0.000000000 0.689307690 0.310692310
100 0.000000000 0.384720534 0.615279496
101 0.000000000 0.780124307 0.219875723
102 0.000000000 0.569130480 0.430869520
103 0.000000000 0.633135140 0.366864890
104 0.000000000 0.363369018 0.636630952
105 0.000000000 0.536613941 0.463386089
106 0.000000000 0.371919751 0.628080249
107 0.000000000 0.634034634 0.365965366
108 0.000000000 0.976855814 0.023144206
109 0.000000000 0.958282351 0.041717641
110 0.000000000 0.989305377 0.010694646
111 0.000000000 0.741957247 0.258042723
112 0.000000000 0.805681527 0.194318473
113 0.000000000 0.715199590 0.284800410
114 0.000000000 0.717144847 0.282855153
115 0.000000000 0.985634923 0.014365097
116 0.000000000 0.811688483 0.188311502
117 0.000000000 0.711708426 0.288291574
118 0.000000000 0.949239969 0.050760005
119 0.000000000 0.999021530 0.000978474
120 0.000000000 0.474452943 0.525547028
121 0.000000000 0.897604644 0.102395378
122 0.000000000 1.000000000 0.000000000
123 0.000000000 0.971581280 0.028418737
124 0.000000000 0.993445694 0.006554307
125 0.000000000 0.998095214 0.001904762
126 0.000000000 0.978525639 0.021474360
127 0.000000000 0.946624517 0.053375479
128 0.000000000 0.919487715 0.080512293
129 0.000000000 0.992048860 0.007951137
130 0.000000000 0.991969526 0.008030489
131 0.000000000 0.401441604 0.598558366
132 0.000000000 0.985065699 0.014934317
133 0.000000000 0.995377481 0.004622496
134 0.000000000 0.573812842 0.426187187
135 0.000000000 0.976073682 0.023926340
136 0.000000000 0.999217510 0.000782473
137 0.000000000 0.992117941 0.007882030
138 0.000000000 0.866717041 0.133282974
139 0.000000000 0.980422318 0.019577667
140 0.000000000 0.987582803 0.012417219
141 0.000000000 0.999199986 0.000800000
142 0.000000000 0.927736461 0.072263524
143 0.000000000 0.586196005 0.413803965
144 0.000000000 0.979032815 0.020967199
145 0.000000000 1.000000000 0.000000000
146 0.000000000 0.998407662 0.001592357
147 0.000000000 0.921932578 0.078067400
148 0.000000000 0.107753649 0.892246366
149 0.000000000 0.998379230 0.001620746
150 0.000000000 0.992411494 0.007588533
151 0.000000000 0.904242158 0.095757842
152 0.000000000 0.931539178 0.068460822
153 0.000000000 0.992387354 0.007612630
154 0.000000000 0.952611864 0.047388125
155 0.000000000 0.994625807 0.005374204
156 0.000000000 0.980118692 0.019881317
157 0.000000000 0.986639380 0.013360645
158 0.000000000 0.937560380 0.062439594
159 0.000000000 0.934196293 0.065803729
160 0.000000000 0.996672511 0.003327467
161 0.000000000 0.999761939 0.000238080
162 0.000000000 0.584320545 0.415679425
163 0.000000000 0.992551208 0.007448790
164 0.000000000 0.835042298 0.164957687
165 0.000000000 0.996634424 0.003365574
166 0.000000000 0.998629153 0.001370826
167 0.000000000 0.914332628 0.085667372
168 0.000000000 0.995977521 0.004022491
169 0.000000000 0.965179563 0.034820426
170 0.000000000 0.966434538 0.033565473
171 0.000000000 0.998365998 0.001633987
172 0.000000000 0.970832825 0.029167175
173 0.000000000 1.000000000 0.000000000
174 0.000000000 0.961811066 0.038188912
175 0.000000000 0.989557326 0.010442669
176 0.000000000 0.173125714 0.826874256
177 0.000000000 0.986978292 0.013021722
178 0.000000000 0.978366673 0.021633327
179 0.000000000 0.863924026 0.136075944
180 0.000000000 0.959924042 0.040075980
181 0.000000000 0.987537146 0.012462851
182 0.000000000 0.967050135 0.032949887
183 0.000000000 0.950646341 0.049353685
184 0.000000000 0.970583439 0.029416570
185 0.000000000 0.979408920 0.020591062
186 0.000000000 0.951513290 0.048486721
187 0.000000000 0.987025321 0.012974669
188 0.000000000 0.996159732 0.003840246
189 0.000000000 1.000000000 0.000000000
190 0.000000000 0.410091549 0.589908481
191 0.000000000 0.986433625 0.013566350
192 0.000000000 0.966396630 0.033603366
193 0.000000000 0.969674945 0.030325033
194 0.000000000 0.938810766 0.061189219
195 0.000000000 0.757737756 0.242262274
196 0.000000000 0.990725815 0.009274193
197 0.000000000 0.965393245 0.034606773
198 0.000000000 0.768594682 0.231405348
199 0.000000000 0.961392462 0.038607515
200 0.000000000 0.950380445 0.049619567
201 0.000000000 0.992153823 0.007846180
202 0.000000000 0.986238539 0.013761468
203 0.000000000 0.928921103 0.071078926
204 0.000000000 0.004483122 0.995516896
205 0.000000000 0.457629234 0.542370796
206 0.000000000 0.453961760 0.546038210
207 0.000000000 0.693507791 0.306492180
208 0.000000000 0.269739240 0.730260730
209 0.000000000 0.003887379 0.996112645
210 0.000000000 0.493349910 0.506650090
211 0.000000000 0.229623929 0.770376086
212 0.000000000 0.479418308 0.520581722
213 0.000000000 0.348186076 0.651813924
214 0.000000000 0.340970427 0.659029603
215 0.000000000 0.426290691 0.573709309
216 0.000000000 0.369622171 0.630377829
217 0.000000000 0.636522412 0.363477588
218 0.000000000 0.823294640 0.176705375
219 0.000000000 0.132353261 0.867646754
220 0.000000000 0.293718606 0.706281424
221 0.000000000 0.049103435 0.950896561
222 0.000000000 0.630996406 0.369003594
223 0.000000000 0.541379988 0.458620012
224 0.000000000 0.577324808 0.422675222
225 0.000000000 0.001487858 0.998512149
226 0.000000000 0.924863160 0.075136825
227 0.000000000 0.250215530 0.749784470
228 0.000000000 0.138669595 0.861330390
229 0.000000000 0.704797268 0.295202732
230 0.000000000 0.001899171 0.998100817
231 0.000000000 0.091389209 0.908610761
232 0.000000000 0.052932560 0.947067440
233 0.000000000 0.602509201 0.397490770
234 0.000000000 0.572085321 0.427914679
235 0.000000000 0.412490547 0.587509453
236 0.000000000 0.203200758 0.796799242
237 0.000000000 0.251338482 0.748661518
238 0.000000000 0.497942120 0.502057910
239 0.000000000 0.585691869 0.414308161
240 0.000000000 0.684269428 0.315730572
241 0.000000000 0.590921938 0.409078091
242 0.000000000 0.180721447 0.819278538
243 0.000000000 0.191742018 0.808257997
244 0.000000000 0.380110383 0.619889617
245 0.000000000 0.649278104 0.350721896
246 0.000000000 0.292132914 0.707867086
247 0.000000000 0.024590164 0.975409865
248 0.000000000 0.220349297 0.779650688
249 0.000000000 0.202982336 0.797017634
250 0.000000000 0.218485057 0.781514943
251 0.000000000 0.318996251 0.681003749
252 0.000000000 0.252100855 0.747899175
253 0.000000000 0.062812425 0.937187552
254 0.000000000 0.116099671 0.883900344
255 0.000000000 0.396884024 0.603115976
256 0.000000000 0.338129491 0.661870480
257 0.000000000 0.106836505 0.893163502
258 0.000000000 0.673943758 0.326056212
259 0.000000000 0.260030031 0.739969969
260 0.000000000 0.440092206 0.559907794
261 0.000000000 0.011627907 0.988372087
262 0.000000000 0.568179905 0.431820124
263 0.000000000 0.404750407 0.595249593
264 0.000000000 0.086906634 0.913093388
265 0.000000000 0.479951054 0.520048976
266 0.000000000 0.562197208 0.437802792
267 0.000000000 0.471482903 0.528517127
268 0.000000000 0.401612878 0.598387122
269 0.000000000 0.232679978 0.767320037
270 0.000000000 0.574146807 0.425853193
271 0.000000000 0.313284516 0.686715484
272 0.000000000 0.655984521 0.344015479
273 0.000000000 0.630713999 0.369285971
274 0.000000000 0.488565534 0.511434436
275 0.000000000 0.010964912 0.989035070
276 0.000000000 0.884245396 0.115754597
277 0.000000000 0.581975341 0.418024659
278 0.000000000 0.590748131 0.409251869
279 0.000000000 0.751940072 0.248059928
280 0.000000000 0.815236628 0.184763342
281 0.000000000 0.533775985 0.466223985
282 0.000000000 0.706115127 0.293884873
283 0.000000000 0.497320205 0.502679765
284 0.000000000 0.796854138 0.203145847
285 0.000000000 0.464788467 0.535211563
286 0.000000000 0.737555087 0.262444943
287 0.000000000 0.772444546 0.227555424
288 0.000000000 0.808649063 0.191350937
289 0.000000000 0.004081632 0.995918393
290 0.000000000 0.961682320 0.038317692
291 0.000000000 0.984168351 0.015831664
292 0.000000000 0.870724201 0.129275814
293 0.000000000 0.995107651 0.004892368
294 0.000000000 0.990713358 0.009286663
295 0.000000000 0.822518229 0.177481785
296 0.000000000 1.000000000 0.000000000
297 0.000000000 0.572276831 0.427723169
298 0.000000000 0.609553874 0.390446126
299 0.000000000 0.893587470 0.106412515
300 0.000000000 0.867869914 0.132130072
301 0.000000000 0.607069194 0.392930806
302 0.000000000 0.921430409 0.078569591
303 0.000000000 0.001557632 0.998442352
304 0.000000000 0.886298001 0.113701984
305 0.000000000 0.916443646 0.083556339
306 0.000000000 0.826688647 0.173311368
307 0.000000000 0.997699380 0.002300614
308 0.000000000 0.984592378 0.015407616
309 0.000000000 0.993421078 0.006578947
310 0.000000000 0.987865150 0.012134880
311 0.000000000 0.999158263 0.000841751
312 0.000000000 1.000000000 0.000000000
313 0.000000000 0.994083941 0.005916031
314 0.000000000 0.951554298 0.048445679
315 0.000000000 0.966915488 0.033084508
316 0.000000000 0.994400024 0.005600000
317 0.000000000 0.003164557 0.996835470
318 0.000000000 0.920140684 0.079859294
319 0.000000000 0.998420238 0.001579779
320 0.000000000 0.996761441 0.003238582
321 0.000000000 0.996820331 0.003179650
322 0.000000000 0.954211771 0.045788255
323 0.000000000 0.981103241 0.018896755
324 0.000000000 0.977302372 0.022697639
325 0.000000000 0.974426985 0.025573006
326 0.000000000 0.995370388 0.004629630
327 0.000000000 0.959104896 0.040895097
328 0.000000000 0.905593991 0.094406024
329 0.000000000 0.908101380 0.091898635
330 0.000000000 0.995341599 0.004658385
331 0.000000000 0.000000000 1.000000000
332 0.000000000 0.951902926 0.048097059
333 0.000000000 0.896584988 0.103415035
334 0.000000000 0.985958636 0.014041351
335 0.000000000 0.962211668 0.037788302
336 0.000000000 0.924247265 0.075752743
337 0.000000000 0.972179472 0.027820541
338 0.000000000 0.985197365 0.014802632
339 0.000000000 0.955843389 0.044156618
340 0.000000000 0.913149834 0.086850189
341 0.000000000 0.921774626 0.078225382
342 0.000000000 0.999172211 0.000827815
343 0.000000000 0.980571091 0.019428900
344 0.000000000 0.940514445 0.059485532
345 0.000000000 0.000000000 1.000000000
346 0.000000000 0.893804669 0.106195346
347 0.000000000 0.991401255 0.008598763
348 0.000000000 0.999202549 0.000797448
349 0.000000000 0.991364419 0.008635579
350 0.000000000 0.998333335 0.001666667
351 0.000000000 0.999137938 0.000862069
352 0.000000000 0.965310514 0.034689464
353 0.000000000 0.973676622 0.026323359
354 0.000000000 0.995081961 0.004918033
355 0.000000000 0.986880481 0.013119534
356 0.000000000 0.977714777 0.022285251
357 0.000000000 0.988297343 0.011702674
358 0.000000000 0.966586173 0.033413850
359 0.000000000 0.005988024 0.994011998
360 0.000000000 0.873895466 0.126104549
361 0.000000000 0.825326383 0.174673587
362 0.000000000 0.774827003 0.225172967
363 0.000000000 0.920774043 0.079225935
364 0.000000000 0.712445676 0.287554324
365 0.000000000 0.686122656 0.313877374
366 0.000000000 0.959357798 0.040642221
367 0.000000000 0.972699523 0.027300483
368 0.000000000 0.944871128 0.055128880
369 0.000000000 0.935371757 0.064628229
370 0.000000000 0.607899368 0.392100602
371 0.000000000 0.535905063 0.464094907
372 0.000000000 0.895662785 0.104337193
373 0.000000000 0.034722224 0.965277791
374 0.000000000 0.168178037 0.831821978
375 0.000000000 0.390154034 0.609845996
376 0.000000000 0.000000000 1.000000000
377 0.000000000 0.249074072 0.750925899
378 0.000000000 0.000000000 1.000000000
379 0.000000000 0.251938105 0.748061895
380 0.000000000 0.165034220 0.834965765
381 0.000000000 0.415931791 0.584068239
382 0.000000000 0.119902879 0.880097091
383 0.000000000 0.391965896 0.608034134
384 0.000000000 0.330400914 0.669599056
385 0.000000000 0.405673057 0.594326913
386 0.000000000 0.336553395 0.663446605
387 0.000000000 0.004132231 0.995867789
388 0.000000000 0.031986564 0.968013406
389 0.000000000 0.002127660 0.997872353
390 0.000000000 0.000000000 1.000000000
391 0.000000000 0.023972869 0.976027131
392 0.000000000 0.000000000 1.000000000
393 0.000000000 0.002232143 0.997767866
394 0.000000000 0.106991522 0.893008471
395 0.000000000 0.002032520 0.997967482
396 0.000000000 0.210581645 0.789418340
397 0.000000000 0.055376578 0.944623411
398 0.000000000 0.020547945 0.979452074
399 0.000000000 0.000000000 1.000000000
400 0.000000000 0.002109705 0.997890294
401 0.000000000 0.000000000 1.000000000
402 0.000000000 0.000000000 1.000000000
403 0.000000000 0.012820513 0.987179458
404 0.000000000 0.018518519 0.981481493
405 0.000000000 0.000000000 1.000000000
406 0.000000000 0.027027028 0.972972989
407 0.000000000 0.010204081 0.989795923
408 0.000000000 0.295359969 0.704640031
409 0.000000000 0.000000000 1.000000000
410 0.000000000 0.014705882 0.985294104
411 0.000000000 0.000000000 1.000000000
412 0.000000000 0.000000000 1.000000000
413 0.000000000 0.000000000 1.000000000
414 0.000000000 0.034090910 0.965909064
415 0.000000000 0.000000000 1.000000000
416 0.000000000 0.000000000 1.000000000
417 0.995271862 0.002364066 0.002364066
418 1.000000000 0.000000000 0.000000000
419 1.000000000 0.000000000 0.000000000
420 0.990476191 0.004761905 0.004761905
421 1.000000000 0.000000000 0.000000000
422 1.000000000 0.000000000 0.000000000
423 1.000000000 0.000000000 0.000000000
424 0.977722168 0.000000000 0.022277860
425 1.000000000 0.000000000 0.000000000
426 0.997155070 0.000000000 0.002844950
427 0.986014009 0.006993007 0.006993007
428 0.941176474 0.002450980 0.056372549
429 0.983263612 0.008368201 0.008368201
430 0.000000000 0.011627907 0.988372087
431 1.000000000 0.000000000 0.000000000
432 0.971038342 0.002699055 0.026262576
433 0.983681142 0.000000000 0.016318846
434 0.877863884 0.083279565 0.038856570
435 0.986772478 0.006613757 0.006613757
436 0.890169501 0.000000000 0.109830499
437 0.894839585 0.006973501 0.098186888
438 0.990303040 0.004848485 0.004848485
439 0.990538239 0.004016064 0.005445702
440 0.949304640 0.000000000 0.050695349
441 0.961984694 0.023459250 0.014556041
442 0.933794200 0.000719942 0.065485843
443 0.968607664 0.001418440 0.029973870
444 0.008771930 0.009320175 0.981907904
445 0.952361941 0.003465004 0.044173043
446 0.994177580 0.002911208 0.002911208
447 0.969348669 0.006130268 0.024521073
448 0.788520634 0.202065006 0.009414327
449 0.997023821 0.001488095 0.001488095
450 0.996069193 0.000786163 0.003144654
451 0.962411344 0.000709220 0.036879431
452 0.998345733 0.000827130 0.000827130
453 0.982817888 0.006185567 0.010996563
454 0.987796664 0.000000000 0.012203329
455 0.977178335 0.014183563 0.008638077
456 0.976444483 0.014459908 0.009095596
457 0.906992853 0.079376347 0.013630811
458 0.014965987 0.015476190 0.969557822
459 0.929354489 0.000000000 0.070645526
460 0.995323956 0.002004008 0.002672011
461 0.996268630 0.001865672 0.001865672
462 0.994781494 0.002609263 0.002609263
463 0.976717949 0.021541394 0.001740676
464 0.968542933 0.009934927 0.021522168
465 0.970673144 0.004627051 0.024699815
466 0.974627495 0.001543813 0.023828709
467 0.991886437 0.004056795 0.004056795
468 0.813177049 0.182493955 0.004329004
469 0.973473072 0.002633387 0.023893546
470 0.967350602 0.017823685 0.014825691
471 0.589137733 0.397545993 0.013316256
472 0.000000000 0.002336449 0.997663558
473 0.989155293 0.006029312 0.004815409
474 0.996688724 0.001655629 0.001655629
475 0.983982027 0.011108012 0.004909984
476 0.959435105 0.001022495 0.039542403
477 0.699075878 0.274738133 0.026186023
478 0.915376186 0.013157895 0.071465947
479 0.445415854 0.554584146 0.000000000
480 0.673217177 0.303897381 0.022885419
481 0.901300728 0.082474530 0.016224720
482 0.904118240 0.089774907 0.006106870
483 0.665756166 0.328348875 0.005894963
484 0.942446887 0.000000000 0.057553124
485 0.856802344 0.138930976 0.004266667
486 0.015822785 0.016218355 0.967958868
487 0.866975546 0.126162618 0.006861855
488 0.997893631 0.001053186 0.001053186
489 0.666925967 0.323074043 0.010000000
490 0.776128531 0.220374465 0.003496995
491 0.847351789 0.149593815 0.003054390
492 0.810459375 0.165611476 0.023929155
493 0.700867712 0.269729584 0.029402694
494 0.746610165 0.243276820 0.010112996
495 0.762497783 0.225668475 0.011833724
496 0.722036421 0.232186139 0.045777433
497 0.997958124 0.001020929 0.001020929
498 0.931825757 0.062698863 0.005475354
499 0.984472036 0.007763975 0.007763975
500 0.002057613 0.002057613 0.995884776
501 0.864107609 0.099547528 0.036344867
502 0.930736423 0.056116603 0.013146952
503 0.953861237 0.041905154 0.004233627
504 0.765935242 0.166472942 0.067591794
505 0.678826928 0.310213655 0.010959425
506 0.985786676 0.010343372 0.003869969
507 0.840012670 0.142369300 0.017618038
508 0.641624093 0.355907679 0.002468237
509 0.652033329 0.300211728 0.047754955
510 0.612437963 0.319735914 0.067826100
511 0.778823853 0.000551876 0.220624283
512 0.935493171 0.064506851 0.000000000
513 1.000000000 0.000000000 0.000000000
514 0.000000000 0.000000000 1.000000000
515 0.603618085 0.395904720 0.000477213
516 0.789898098 0.210101873 0.000000000
517 0.663456976 0.296000153 0.040542886
518 0.937717855 0.058495950 0.003786207
519 0.985669076 0.010700193 0.003630719
520 0.666243851 0.325836957 0.007919203
521 0.600571334 0.393538028 0.005890643
522 0.908161163 0.074100636 0.017738175
523 0.889357686 0.102172352 0.008469946
524 0.879212141 0.113013312 0.007774538
525 0.384567469 0.540025592 0.075406924
526 0.495686442 0.403540581 0.100772992
527 0.520869970 0.476714551 0.002415459
528 0.003992016 0.004740519 0.991267443
529 0.424194336 0.566835880 0.008969789
530 0.344631195 0.617383540 0.037985243
531 0.739391029 0.205040321 0.055568624
532 0.225003332 0.717616379 0.057380270
533 0.158063412 0.740695357 0.101241209
534 0.215225965 0.565543890 0.219230160
535 0.539026380 0.440903932 0.020069653
536 0.317924738 0.586831152 0.095244125
537 0.124144033 0.619864166 0.255991787
538 0.600058258 0.381892622 0.018049086
539 0.717031658 0.265719682 0.017248677
540 0.303914517 0.602490842 0.093594648
541 0.641596615 0.259598881 0.098804496
542 0.000000000 0.000578704 0.999421299
543 0.146410242 0.768903315 0.084686458
544 0.001008612 0.826417208 0.172574177
545 0.001622060 0.684914172 0.313463748
546 0.000000000 0.768175125 0.231824875
547 0.008069526 0.796274841 0.195655629
548 0.001391788 0.945113838 0.053494383
549 0.067155503 0.883110762 0.049733762
550 0.209322467 0.765187263 0.025490282
551 0.007854973 0.915798724 0.076346315
552 0.003770739 0.865965784 0.130263492
553 0.000677507 0.828795016 0.170527488
554 0.179388210 0.752643347 0.067968428
555 0.129749417 0.600782871 0.269467711
556 0.001377410 0.001377410 0.997245193
557 0.002118644 0.481579214 0.516302109
558 0.001418440 0.526447833 0.472133726
559 0.116857708 0.256271571 0.626870751
560 0.009302326 0.221070424 0.769627273
561 0.000000000 0.326304466 0.673695564
562 0.014880952 0.556581080 0.428537995
563 0.058976207 0.668395758 0.272628009
564 0.070460707 0.507969439 0.421569884
565 0.005044545 0.274874687 0.720080733
566 0.004028650 0.762090743 0.233880594
567 0.019213360 0.392558545 0.588228106
568 0.002147086 0.584357440 0.413495481
569 0.001406470 0.530054033 0.468539506
570 0.000000000 0.000000000 1.000000000
571 0.000000000 0.009115096 0.990884900
572 0.008547009 0.033850651 0.957602322
573 0.179012343 0.176487088 0.644500554
574 0.000000000 0.088541664 0.911458313
575 0.018018018 0.018018018 0.963963985
576 0.006802721 0.006802721 0.986394584
577 0.114285715 0.209523812 0.676190495
578 0.000000000 0.019531250 0.980468750
579 0.000000000 0.000000000 1.000000000
580 0.000000000 0.179723501 0.820276499
581 0.000000000 0.000000000 1.000000000
582 0.000000000 0.000000000 1.000000000
583 0.015151516 0.117424242 0.867424250
584 0.000000000 0.039473683 0.960526288
585 0.000000000 0.000000000 1.000000000
586 0.985623002 0.000000000 0.014376997
587 0.992156863 0.003921569 0.003921569
588 0.990041673 0.000000000 0.009958305
589 0.734492183 0.000000000 0.265507847
590 1.000000000 0.000000000 0.000000000
591 1.000000000 0.000000000 0.000000000
592 0.982532740 0.000000000 0.017467249
593 1.000000000 0.000000000 0.000000000
594 0.992441058 0.000000000 0.007558915
595 0.970176041 0.000000000 0.029823931
596 0.930379748 0.000000000 0.069620252
597 1.000000000 0.000000000 0.000000000
598 0.995203853 0.002398082 0.002398082
599 0.000000000 0.000000000 1.000000000
600 0.967551649 0.016224189 0.016224189
601 0.996347010 0.001826484 0.001826484
602 0.992452264 0.000000000 0.007547715
603 0.998456776 0.000000000 0.001543210
604 0.995684981 0.002157497 0.002157497
605 0.978991568 0.000000000 0.021008404
606 0.986301363 0.006849315 0.006849315
607 0.927918673 0.000000000 0.072081320
608 0.972280741 0.000427716 0.027291516
609 0.962015510 0.001344086 0.036640409
610 0.986500502 0.003634476 0.009865006
611 0.913747668 0.007194245 0.079058066
612 0.996955872 0.001522070 0.001522070
613 0.004761905 0.006547619 0.988690495
614 0.993927121 0.000000000 0.006072875
615 0.997675359 0.001411374 0.000913242
616 0.983072877 0.000000000 0.016927134
617 0.982700467 0.000000000 0.017299516
618 0.990740716 0.004629630 0.004629630
619 0.976399481 0.003429962 0.020170556
620 0.990201831 0.003723300 0.006074858
621 0.995006263 0.002496879 0.002496879
622 0.995251656 0.000949668 0.003798670
623 0.991059244 0.000000000 0.008940749
624 0.998188376 0.000905797 0.000905797
625 1.000000000 0.000000000 0.000000000
626 1.000000000 0.000000000 0.000000000
627 0.000000000 0.000000000 1.000000000
628 0.968319535 0.006861945 0.024818525
629 0.976236343 0.019588953 0.004174695
630 0.998031497 0.000000000 0.001968504
631 0.993734360 0.003132832 0.003132832
632 1.000000000 0.000000000 0.000000000
633 0.998928368 0.001071620 0.000000000
634 1.000000000 0.000000000 0.000000000
635 0.982259810 0.000000000 0.017740175
636 0.986798704 0.007260726 0.005940594
637 0.998852551 0.000573723 0.000573723
638 0.904995561 0.035570867 0.059433583
639 0.994292259 0.002853881 0.002853881
640 0.708939970 0.290544808 0.000515198
641 0.003623188 0.006340580 0.990036249
642 0.951493084 0.046276771 0.002230123
643 0.969817221 0.001849797 0.028332962
644 0.995869696 0.000000000 0.004130281
645 0.966814458 0.026370173 0.006815366
646 0.999703646 0.000000000 0.000296333
647 1.000000000 0.000000000 0.000000000
648 0.926908672 0.028115269 0.044976037
649 0.715952098 0.277206570 0.006841307
650 0.916439593 0.082652137 0.000908265
651 0.991212666 0.005272408 0.003514939
652 0.748324931 0.248883307 0.002791737
653 0.991737783 0.006667291 0.001594896
654 0.676823556 0.312416494 0.010759977
655 0.000000000 0.005000000 0.995000005
656 0.956014931 0.031551782 0.012433304
657 0.670810938 0.325678468 0.003510584
658 0.727064013 0.272935987 0.000000000
659 0.991692007 0.004433607 0.003874402
660 0.982947946 0.003904445 0.013147599
661 0.773195326 0.216137171 0.010667502
662 0.988832355 0.002741109 0.008426532
663 0.972628176 0.020282028 0.007089781
664 0.457534283 0.534407079 0.008058677
665 0.718780935 0.262272865 0.018946189
666 0.950164795 0.036911089 0.012924130
667 0.992797077 0.000000000 0.007202901
668 0.901239872 0.086723201 0.012036927
669 0.004016064 0.007028113 0.988955796
670 0.980024993 0.012796504 0.007178527
671 0.510146022 0.342703968 0.147149980
672 0.988545537 0.006974168 0.004480287
673 0.671077371 0.293885440 0.035037175
674 0.706394792 0.269682765 0.023922460
675 0.849019527 0.125320643 0.025659811
676 0.393387467 0.560615361 0.045997143
677 0.884754896 0.115245119 0.000000000
678 0.927520633 0.072479337 0.000000000
679 0.816095471 0.118019216 0.065885298
680 0.971377015 0.016257716 0.012365251
681 0.721077263 0.278922737 0.000000000
682 0.950573564 0.043751068 0.005675364
683 0.005847953 0.005847953 0.988304079
684 0.781653345 0.170832098 0.047514562
685 0.432945728 0.490012199 0.077042066
686 0.708651066 0.291348964 0.000000000
687 0.612034202 0.386014223 0.001951545
688 0.267718971 0.731727302 0.000553710
689 0.647328675 0.349651933 0.003019373
690 0.786013365 0.208412498 0.005574136
691 0.780081868 0.209531501 0.010386663
692 0.764560521 0.228120461 0.007319034
693 0.835980654 0.162271112 0.001748252
694 0.992063463 0.000000000 0.007936508
695 0.378513306 0.619945884 0.001540832
696 0.531794727 0.449346304 0.018858980
697 0.000000000 0.014705882 0.985294104
698 0.076862060 0.867393553 0.055744395
699 0.380625695 0.461775243 0.157599062
700 0.191176221 0.713814795 0.095008984
701 0.725282550 0.272349179 0.002368265
702 0.478343070 0.490394741 0.031262193
703 0.197137937 0.720600128 0.082261920
704 0.258478522 0.679768503 0.061752990
705 0.350954801 0.439830154 0.209215060
706 0.143391088 0.849072993 0.007535897
707 0.275008500 0.665073872 0.059917640
708 0.307825148 0.594848216 0.097326607
709 0.577044964 0.361625284 0.061329778
710 0.700143278 0.285744011 0.014112690
711 0.000000000 0.500000000 0.500000000
712 0.220710546 0.765511096 0.013778333
713 0.440794885 0.532088697 0.027116403
714 0.019050483 0.954865038 0.026084451
715 0.000000000 0.680067718 0.319932252
716 0.333333343 0.333333343 0.333333343
717 0.000000000 0.978029847 0.021970151
718 0.004866180 0.959644616 0.035489175
719 0.128539339 0.849644244 0.021816425
720 0.000000000 0.994791687 0.005208333
721 0.308070660 0.653204858 0.038724501
722 0.001515151 0.590820611 0.407664239
723 0.004415011 0.987858713 0.007726269
724 0.015647901 0.960369706 0.023982387
725 0.000000000 0.000000000 1.000000000
726 0.000000000 0.022766674 0.977233350
727 0.173170894 0.270241141 0.556587934
728 0.000000000 0.000000000 1.000000000
729 0.000000000 0.013524797 0.986475229
730 0.000000000 0.163421020 0.836578965
731 0.000000000 0.774775624 0.225224376
732 0.333333343 0.333333343 0.333333343
733 0.000000000 0.703071654 0.296928316
734 0.000000000 0.453488380 0.546511650
735 0.000000000 0.000000000 1.000000000
736 0.000000000 0.696356297 0.303643733
737 0.333333343 0.333333343 0.333333343
738 0.000000000 0.649220645 0.350779355
739 0.000000000 0.000000000 1.000000000
740 0.000000000 0.000000000 1.000000000
741 0.001984127 0.001984127 0.996031761
742 0.000000000 0.008264462 0.991735518
743 0.007092198 0.015070922 0.977836907
744 0.000000000 0.000000000 1.000000000
745 0.000000000 0.000000000 1.000000000
746 0.000000000 0.000000000 1.000000000
747 0.001883239 0.001883239 0.996233523
748 0.002267574 0.002267574 0.995464861
749 0.006802721 0.006802721 0.986394584
750 0.005555556 0.005555556 0.988888860
751 0.003144654 0.003144654 0.993710697
752 0.000000000 0.000000000 1.000000000
753 0.008547009 0.018162394 0.973290622
754 0.000000000 1.000000000 0.000000000
755 1.000000000 0.000000000 0.000000000
756 0.994736850 0.005263158 0.000000000
757 1.000000000 0.000000000 0.000000000
758 1.000000000 0.000000000 0.000000000
759 1.000000000 0.000000000 0.000000000
760 1.000000000 0.000000000 0.000000000
761 1.000000000 0.000000000 0.000000000
762 1.000000000 0.000000000 0.000000000
763 1.000000000 0.000000000 0.000000000
764 1.000000000 0.000000000 0.000000000
765 1.000000000 0.000000000 0.000000000
766 1.000000000 0.000000000 0.000000000
767 0.997050166 0.002949852 0.000000000
768 0.000000000 1.000000000 0.000000000
769 1.000000000 0.000000000 0.000000000
770 0.991228044 0.008771930 0.000000000
771 1.000000000 0.000000000 0.000000000
772 1.000000000 0.000000000 0.000000000
773 0.996453881 0.003546099 0.000000000
774 0.995983958 0.004016064 0.000000000
775 0.996428549 0.003571429 0.000000000
776 0.998281777 0.001718213 0.000000000
777 1.000000000 0.000000000 0.000000000
778 0.994623661 0.005376344 0.000000000
779 1.000000000 0.000000000 0.000000000
780 1.000000000 0.000000000 0.000000000
781 1.000000000 0.000000000 0.000000000
782 0.008620690 0.991379321 0.000000000
783 1.000000000 0.000000000 0.000000000
784 0.888888896 0.111111112 0.000000000
785 1.000000000 0.000000000 0.000000000
786 1.000000000 0.000000000 0.000000000
787 1.000000000 0.000000000 0.000000000
788 0.986842096 0.013157895 0.000000000
789 0.994949520 0.005050505 0.000000000
790 0.959999979 0.039999999 0.000000000
791 0.125000000 0.875000000 0.000000000
792 0.987500012 0.012500000 0.000000000
793 1.000000000 0.000000000 0.000000000
794 0.648042560 0.351957411 0.000000000
795 0.500000000 0.500000000 0.000000000
796 0.003968254 0.996031761 0.000000000
797 1.000000000 0.000000000 0.000000000
798 0.500000000 0.500000000 0.000000000
799 0.699999988 0.300000012 0.000000000
800 0.500000000 0.500000000 0.000000000
801 1.000000000 0.000000000 0.000000000
802 0.000000000 1.000000000 0.000000000
803 0.793103456 0.206896558 0.000000000
804 0.977142870 0.022857143 0.000000000
805 1.000000000 0.000000000 0.000000000
806 0.208333328 0.791666687 0.000000000
807 0.993472576 0.006527415 0.000000000
808 0.312500000 0.687500000 0.000000000
809 0.500000000 0.500000000 0.000000000
810 0.016806724 0.983193278 0.000000000
811 0.445265472 0.554734528 0.000000000
812 0.500000000 0.500000000 0.000000000
813 0.234108523 0.765891492 0.000000000
814 0.581670582 0.418329388 0.000000000
815 0.833333313 0.166666672 0.000000000
816 0.062500000 0.937500000 0.000000000
817 0.500000000 0.500000000 0.000000000
818 0.363194436 0.636805534 0.000000000
819 1.000000000 0.000000000 0.000000000
820 0.136904761 0.863095224 0.000000000
821 0.500000000 0.500000000 0.000000000
822 0.500000000 0.500000000 0.000000000
823 0.145625502 0.854374528 0.000000000
824 0.000000000 1.000000000 0.000000000
825 0.500000000 0.500000000 0.000000000
826 0.500000000 0.500000000 0.000000000
827 0.596172273 0.403827757 0.000000000
828 0.000000000 1.000000000 0.000000000
829 0.375000000 0.625000000 0.000000000
830 1.000000000 0.000000000 0.000000000
831 0.000000000 1.000000000 0.000000000
832 0.125000000 0.875000000 0.000000000
833 0.000000000 1.000000000 0.000000000
834 0.852941155 0.147058830 0.000000000
835 0.841491818 0.158508152 0.000000000
836 1.000000000 0.000000000 0.000000000
837 0.500000000 0.500000000 0.000000000
838 0.000000000 1.000000000 0.000000000
839 0.166666672 0.833333313 0.000000000
840 0.989361703 0.010638298 0.000000000
841 0.000000000 1.000000000 0.000000000
842 0.500000000 0.500000000 0.000000000
843 0.511111140 0.488888890 0.000000000
844 0.500000000 0.500000000 0.000000000
845 0.589655161 0.410344839 0.000000000
846 0.223809525 0.776190460 0.000000000
847 0.500000000 0.500000000 0.000000000
848 1.000000000 0.000000000 0.000000000
849 0.500000000 0.500000000 0.000000000
850 0.222222224 0.777777791 0.000000000
851 0.044444446 0.955555558 0.000000000
852 0.008097166 0.991902828 0.000000000
853 1.000000000 0.000000000 0.000000000
854 0.000000000 1.000000000 0.000000000
855 0.000000000 1.000000000 0.000000000
856 0.000000000 1.000000000 0.000000000
857 0.187500000 0.812500000 0.000000000
858 0.152173907 0.847826064 0.000000000
859 0.000000000 1.000000000 0.000000000
860 0.973684192 0.026315790 0.000000000
861 0.045454547 0.954545438 0.000000000
862 0.107142858 0.892857134 0.000000000
863 0.812500000 0.187500000 0.000000000
864 0.500000000 0.500000000 0.000000000
865 0.500000000 0.500000000 0.000000000
866 0.005524862 0.994475126 0.000000000
867 0.125000000 0.875000000 0.000000000
868 0.976190448 0.023809524 0.000000000
869 0.035714287 0.964285731 0.000000000
870 0.012500000 0.987500012 0.000000000
871 0.076271184 0.923728824 0.000000000
872 0.250000000 0.750000000 0.000000000
873 0.026315790 0.973684192 0.000000000
874 0.591603041 0.408396959 0.000000000
875 0.011363637 0.988636374 0.000000000
876 0.000000000 1.000000000 0.000000000
877 0.000000000 1.000000000 0.000000000
878 0.125000000 0.875000000 0.000000000
879 0.011904762 0.988095224 0.000000000
880 0.000000000 1.000000000 0.000000000
881 0.855974853 0.144025162 0.000000000
882 0.695543349 0.304456651 0.000000000
883 0.772021890 0.227978095 0.000000000
884 0.000000000 1.000000000 0.000000000
885 0.001818182 0.998181820 0.000000000
886 0.077122182 0.922877848 0.000000000
887 0.441363394 0.558636606 0.000000000
888 0.442786068 0.557213902 0.000000000
889 0.213782012 0.786217988 0.000000000
890 0.087303653 0.912696362 0.000000000
891 0.008116883 0.991883099 0.000000000
892 0.000000000 1.000000000 0.000000000
893 0.914893627 0.085106380 0.000000000
894 0.000000000 1.000000000 0.000000000
895 0.003205128 0.996794879 0.000000000
896 0.000000000 1.000000000 0.000000000
897 0.000000000 1.000000000 0.000000000
898 0.000000000 1.000000000 0.000000000
899 0.000000000 1.000000000 0.000000000
900 0.000000000 1.000000000 0.000000000
901 0.000000000 1.000000000 0.000000000
902 0.000000000 1.000000000 0.000000000
903 0.249924168 0.750075817 0.000000000
904 0.001552795 0.998447180 0.000000000
905 0.348257452 0.651742578 0.000000000
906 0.000000000 1.000000000 0.000000000
907 0.000000000 1.000000000 0.000000000
908 0.000000000 1.000000000 0.000000000
909 0.000000000 1.000000000 0.000000000
910 0.004065040 0.995934963 0.000000000
911 0.000000000 1.000000000 0.000000000
912 0.000000000 1.000000000 0.000000000
913 0.002538071 0.997461915 0.000000000
914 0.000000000 1.000000000 0.000000000
915 0.000000000 1.000000000 0.000000000
916 0.006250000 0.993749976 0.000000000
917 0.005208333 0.994791687 0.000000000
918 0.022935780 0.977064192 0.000000000
919 0.010869565 0.989130437 0.000000000
920 0.016853932 0.983146071 0.000000000
921 0.000000000 1.000000000 0.000000000
922 0.000000000 1.000000000 0.000000000
923 0.008474576 0.991525412 0.000000000
924 0.927027047 0.072972976 0.000000000
925 1.000000000 0.000000000 0.000000000
926 0.995145619 0.004854369 0.000000000
927 1.000000000 0.000000000 0.000000000
928 1.000000000 0.000000000 0.000000000
929 1.000000000 0.000000000 0.000000000
930 1.000000000 0.000000000 0.000000000
931 1.000000000 0.000000000 0.000000000
932 1.000000000 0.000000000 0.000000000
933 1.000000000 0.000000000 0.000000000
934 1.000000000 0.000000000 0.000000000
935 1.000000000 0.000000000 0.000000000
936 0.982142866 0.017857144 0.000000000
937 0.000000000 1.000000000 0.000000000
938 1.000000000 0.000000000 0.000000000
939 0.996644318 0.003355705 0.000000000
940 0.997340441 0.002659574 0.000000000
941 0.991666675 0.008333334 0.000000000
942 1.000000000 0.000000000 0.000000000
943 1.000000000 0.000000000 0.000000000
944 0.989436626 0.010563380 0.000000000
945 1.000000000 0.000000000 0.000000000
946 0.995145619 0.004854369 0.000000000
947 0.969696999 0.030303031 0.000000000
948 0.967948735 0.032051284 0.000000000
949 1.000000000 0.000000000 0.000000000
950 0.995815873 0.004184100 0.000000000
951 0.004444445 0.995555580 0.000000000
952 0.973684192 0.026315790 0.000000000
953 1.000000000 0.000000000 0.000000000
954 0.958791196 0.041208792 0.000000000
955 1.000000000 0.000000000 0.000000000
956 0.919276714 0.080723278 0.000000000
957 1.000000000 0.000000000 0.000000000
958 0.981481493 0.018518519 0.000000000
959 0.992753625 0.007246377 0.000000000
960 0.980392158 0.019607844 0.000000000
961 0.995780587 0.004219409 0.000000000
962 0.663120568 0.336879432 0.000000000
963 0.986607134 0.013392857 0.000000000
964 0.894889355 0.105110645 0.000000000
965 0.004081632 0.995918393 0.000000000
966 0.973684192 0.026315790 0.000000000
967 0.666666687 0.333333343 0.000000000
968 1.000000000 0.000000000 0.000000000
969 0.500000000 0.500000000 0.000000000
970 0.166666672 0.833333313 0.000000000
971 0.210975617 0.789024413 0.000000000
972 0.500000000 0.500000000 0.000000000
973 0.980676353 0.019323671 0.000000000
974 0.978723407 0.021276595 0.000000000
975 0.732142866 0.267857134 0.000000000
976 0.940476179 0.059523810 0.000000000
977 1.000000000 0.000000000 0.000000000
978 0.963414609 0.036585364 0.000000000
979 0.000000000 1.000000000 0.000000000
980 0.985915482 0.014084507 0.000000000
981 1.000000000 0.000000000 0.000000000
982 0.866898119 0.133101851 0.000000000
983 0.500000000 0.500000000 0.000000000
984 0.055555556 0.944444418 0.000000000
985 0.500000000 0.500000000 0.000000000
986 0.071428575 0.928571403 0.000000000
987 0.500000000 0.500000000 0.000000000
988 0.500000000 0.500000000 0.000000000
989 0.250000000 0.750000000 0.000000000
990 0.984375000 0.015625000 0.000000000
991 0.961538434 0.038461540 0.000000000
992 0.500000000 0.500000000 0.000000000
993 0.003164557 0.996835470 0.000000000
994 0.982456148 0.017543860 0.000000000
995 0.500000000 0.500000000 0.000000000
996 0.000000000 1.000000000 0.000000000
997 0.500000000 0.500000000 0.000000000
998 0.078125000 0.921875000 0.000000000
999 0.000000000 1.000000000 0.000000000
1000 0.791666687 0.208333328 0.000000000
1001 0.000000000 1.000000000 0.000000000
1002 0.500000000 0.500000000 0.000000000
1003 0.860000014 0.140000001 0.000000000
1004 1.000000000 0.000000000 0.000000000
1005 0.989130437 0.010869565 0.000000000
1006 0.500000000 0.500000000 0.000000000
1007 0.000000000 1.000000000 0.000000000
1008 0.016666668 0.983333349 0.000000000
1009 0.583636343 0.416363627 0.000000000
1010 0.000000000 1.000000000 0.000000000
1011 0.100000001 0.899999976 0.000000000
1012 0.009259259 0.990740716 0.000000000
1013 0.321428567 0.678571403 0.000000000
1014 0.500000000 0.500000000 0.000000000
1015 0.000000000 1.000000000 0.000000000
1016 0.000000000 1.000000000 0.000000000
1017 0.936275661 0.063724346 0.000000000
1018 0.500000000 0.500000000 0.000000000
1019 0.000000000 1.000000000 0.000000000
1020 0.000000000 1.000000000 0.000000000
1021 0.000000000 1.000000000 0.000000000
1022 0.768759131 0.231240869 0.000000000
1023 0.000000000 1.000000000 0.000000000
1024 0.500000000 0.500000000 0.000000000
1025 0.000000000 1.000000000 0.000000000
1026 0.500000000 0.500000000 0.000000000
1027 0.500000000 0.500000000 0.000000000
1028 0.065217391 0.934782624 0.000000000
1029 0.066666670 0.933333337 0.000000000
1030 0.500000000 0.500000000 0.000000000
1031 0.423076928 0.576923072 0.000000000
1032 0.166666672 0.833333313 0.000000000
1033 0.500000000 0.500000000 0.000000000
1034 0.068181820 0.931818187 0.000000000
1035 0.003012048 0.996987939 0.000000000
1036 0.014492754 0.985507250 0.000000000
1037 0.483287215 0.516712785 0.000000000
1038 0.850000024 0.150000006 0.000000000
1039 0.309733003 0.690267026 0.000000000
1040 0.947530031 0.052469943 0.000000000
1041 0.508849561 0.491150439 0.000000000
1042 0.433333337 0.566666663 0.000000000
1043 0.045454547 0.954545438 0.000000000
1044 0.129629627 0.870370388 0.000000000
1045 0.038461540 0.961538434 0.000000000
1046 0.000000000 1.000000000 0.000000000
1047 0.642857134 0.357142866 0.000000000
1048 0.755706251 0.244293779 0.000000000
1049 0.012135922 0.987864077 0.000000000
1050 0.309129387 0.690870643 0.000000000
1051 0.242796525 0.757203460 0.000000000
1052 0.264451712 0.735548258 0.000000000
1053 0.000000000 1.000000000 0.000000000
1054 0.000000000 1.000000000 0.000000000
1055 0.414384574 0.585615456 0.000000000
1056 0.083075352 0.916924655 0.000000000
1057 0.176382616 0.823617399 0.000000000
1058 0.489890993 0.510109007 0.000000000
1059 0.451536596 0.548463404 0.000000000
1060 0.412444174 0.587555826 0.000000000
1061 0.427884847 0.572115183 0.000000000
1062 0.129581228 0.870418787 0.000000000
1063 0.000000000 1.000000000 0.000000000
1064 0.257992387 0.742007613 0.000000000
1065 0.204297796 0.795702219 0.000000000
1066 0.000000000 1.000000000 0.000000000
1067 0.000000000 1.000000000 0.000000000
1068 0.000000000 1.000000000 0.000000000
1069 0.002232143 0.997767866 0.000000000
1070 0.653376162 0.346623838 0.000000000
1071 0.214127362 0.785872638 0.000000000
1072 0.528595626 0.471404374 0.000000000
1073 0.002283105 0.997716904 0.000000000
1074 0.016129032 0.983870983 0.000000000
1075 0.000000000 1.000000000 0.000000000
1076 0.002118644 0.997881353 0.000000000
1077 0.000000000 1.000000000 0.000000000
1078 0.000000000 1.000000000 0.000000000
1079 0.000000000 1.000000000 0.000000000
1080 0.064814813 0.935185194 0.000000000
1081 0.000000000 1.000000000 0.000000000
1082 0.000000000 1.000000000 0.000000000
1083 0.000000000 1.000000000 0.000000000
1084 0.000000000 1.000000000 0.000000000
1085 0.000000000 1.000000000 0.000000000
1086 0.014705882 0.985294104 0.000000000
1087 0.000000000 1.000000000 0.000000000
1088 0.000000000 1.000000000 0.000000000
1089 0.000000000 1.000000000 0.000000000
1090 0.034090910 0.965909064 0.000000000
1091 0.000000000 1.000000000 0.000000000
1092 0.000000000 0.445324004 0.554675996
1093 0.000000000 0.474290311 0.525709689
1094 0.000000000 0.474563807 0.525436163
1095 0.000000000 0.705985129 0.294014841
1096 0.000000000 0.788180470 0.211819530
1097 0.000000000 0.202213347 0.797786653
1098 0.000000000 0.988304079 0.011695907
1099 0.000000000 0.997560978 0.002439024
1100 0.000000000 0.770757198 0.229242772
1101 0.000000000 0.444382131 0.555617869
1102 0.000000000 0.977602422 0.022397580
1103 0.000000000 0.803501546 0.196498454
1104 0.000000000 0.845894873 0.154105142
1105 0.000000000 0.548333466 0.451666534
1106 0.000000000 0.226449281 0.773550749
1107 0.000000000 0.430522650 0.569477320
1108 0.000000000 0.793312550 0.206687465
1109 0.000000000 0.310705543 0.689294457
1110 0.000000000 0.652617157 0.347382843
1111 0.000000000 0.831661046 0.168338984
1112 0.000000000 0.457190901 0.542809129
1113 0.000000000 0.754287839 0.245712191
1114 0.000000000 0.707275748 0.292724252
1115 0.000000000 0.917554736 0.082445279
1116 0.000000000 0.652758002 0.347241998
1117 0.000000000 0.657995224 0.342004776
1118 0.000000000 0.822463751 0.177536234
1119 0.000000000 0.909391999 0.090608001
1120 0.000000000 0.000000000 1.000000000
1121 0.000000000 0.435746551 0.564253449
1122 0.000000000 0.842843354 0.157156631
1123 0.000000000 0.972026229 0.027973775
1124 0.000000000 0.522930145 0.477069855
1125 0.000000000 0.552184403 0.447815597
1126 0.000000000 0.937254906 0.062745102
1127 0.000000000 0.797177315 0.202822655
1128 0.000000000 0.709613860 0.290386170
1129 0.000000000 0.998120308 0.001879699
1130 0.000000000 0.995850623 0.004149378
1131 0.000000000 0.006413549 0.993586481
1132 0.000000000 0.019230770 0.980769217
1133 0.000000000 0.297639400 0.702360570
1134 0.000000000 0.200296611 0.799703360
1135 0.000000000 0.464475542 0.535524428
1136 0.000000000 0.990566015 0.009433962
1137 0.000000000 0.870370388 0.129629627
1138 0.000000000 1.000000000 0.000000000
1139 0.000000000 0.643055677 0.356944293
1140 0.000000000 0.179775283 0.820224702
1141 0.000000000 0.760638297 0.239361703
1142 0.000000000 0.419108808 0.580891192
1143 0.000000000 0.354162276 0.645837724
1144 0.000000000 0.677998841 0.322001159
1145 0.000000000 0.416666657 0.583333313
1146 0.000000000 0.633333325 0.366666675
1147 0.000000000 0.888639629 0.111360364
1148 0.000000000 0.000000000 1.000000000
1149 0.000000000 0.961538434 0.038461540
1150 0.000000000 0.966666639 0.033333335
1151 0.000000000 0.613845646 0.386154354
1152 0.000000000 0.270580173 0.729419827
1153 0.000000000 1.000000000 0.000000000
1154 0.000000000 0.521935403 0.478064626
1155 0.000000000 0.170500368 0.829499662
1156 0.000000000 0.959042668 0.040957354
1157 0.000000000 0.750000000 0.250000000
1158 0.000000000 0.500000000 0.500000000
1159 0.000000000 0.466666669 0.533333361
1160 0.000000000 0.500000000 0.500000000
1161 0.000000000 1.000000000 0.000000000
1162 0.000000000 0.500000000 0.500000000
1163 0.000000000 0.000000000 1.000000000
1164 0.000000000 1.000000000 0.000000000
1165 0.000000000 0.500000000 0.500000000
1166 0.000000000 1.000000000 0.000000000
1167 0.000000000 0.434210539 0.565789461
1168 0.000000000 0.362573087 0.637426913
1169 0.000000000 0.214285716 0.785714269
1170 0.000000000 0.773284972 0.226715043
1171 0.000000000 0.076923080 0.923076928
1172 0.000000000 0.925557256 0.074442752
1173 0.000000000 0.176154211 0.823845804
1174 0.000000000 0.971428573 0.028571429
1175 0.000000000 0.898171842 0.101828143
1176 0.000000000 0.761575341 0.238424644
1177 0.000000000 0.989583313 0.010416667
1178 0.000000000 0.858836174 0.141163811
1179 0.000000000 0.990000010 0.010000000
1180 0.000000000 0.502369463 0.497630566
1181 0.000000000 0.957446814 0.042553190
1182 0.000000000 0.438680112 0.561319888
1183 0.000000000 0.166666672 0.833333313
1184 0.000000000 0.875000000 0.125000000
1185 0.000000000 0.500000000 0.500000000
1186 0.000000000 0.500000000 0.500000000
1187 0.000000000 0.000000000 1.000000000
1188 0.000000000 0.500000000 0.500000000
1189 0.000000000 0.500000000 0.500000000
1190 0.000000000 0.500000000 0.500000000
1191 0.000000000 0.333333343 0.666666687
1192 0.000000000 0.000000000 1.000000000
1193 0.000000000 0.500000000 0.500000000
1194 0.000000000 0.000000000 1.000000000
1195 0.000000000 0.500000000 0.500000000
1196 0.000000000 0.293333322 0.706666648
1197 0.000000000 1.000000000 0.000000000
1198 0.000000000 1.000000000 0.000000000
1199 0.000000000 0.134607643 0.865392327
1200 0.000000000 0.928571403 0.071428575
1201 0.000000000 1.000000000 0.000000000
1202 0.000000000 0.764305651 0.235694349
1203 0.000000000 1.000000000 0.000000000
1204 0.000000000 0.000000000 1.000000000
1205 0.000000000 0.867647052 0.132352948
1206 0.000000000 0.818181813 0.181818187
1207 0.000000000 0.528249383 0.471750617
1208 0.000000000 0.315909654 0.684090376
1209 0.000000000 0.755838156 0.244161859
1210 0.000000000 0.764700115 0.235299870
1211 0.000000000 1.000000000 0.000000000
1212 0.000000000 0.317661256 0.682338774
1213 0.000000000 0.577060878 0.422939122
1214 0.000000000 0.649568856 0.350431114
1215 0.000000000 0.715909064 0.284090906
1216 0.000000000 0.740200579 0.259799421
1217 0.000000000 0.755824447 0.244175538
1218 0.000000000 0.021634616 0.978365362
1219 0.000000000 0.930518627 0.069481380
1220 0.000000000 0.590659201 0.409340799
1221 0.000000000 0.700648606 0.299351364
1222 0.000000000 0.015625000 0.984375000
1223 0.000000000 0.195652172 0.804347813
1224 0.000000000 0.445935100 0.554064929
1225 0.000000000 0.296703309 0.703296721
1226 0.000000000 0.263932735 0.736067295
1227 0.000000000 0.513065815 0.486934155
1228 0.000000000 0.814307630 0.185692355
1229 0.000000000 0.424380988 0.575618982
1230 0.000000000 0.715053737 0.284946233
1231 0.000000000 0.766660392 0.233339593
1232 0.000000000 0.000000000 1.000000000
1233 0.000000000 0.216666669 0.783333361
1234 0.000000000 0.186855152 0.813144863
1235 0.000000000 0.027874565 0.972125411
1236 0.000000000 0.001742160 0.998257816
1237 0.000000000 0.515502334 0.484497666
1238 0.000000000 0.179121405 0.820878565
1239 0.000000000 0.108176433 0.891823590
1240 0.000000000 0.549572170 0.450427800
1241 0.000000000 0.128891811 0.871108174
1242 0.000000000 0.151118547 0.848881423
1243 0.000000000 0.283784837 0.716215193
1244 0.000000000 0.503318548 0.496681422
1245 0.000000000 0.006748826 0.993251145
1246 0.000000000 0.417845458 0.582154512
1247 0.000000000 0.031688623 0.968311369
1248 0.000000000 0.282961935 0.717038035
1249 0.000000000 0.236983553 0.763016462
1250 0.000000000 0.073039792 0.926960230
1251 0.000000000 0.121286988 0.878713012
1252 0.000000000 0.230209872 0.769790113
1253 0.000000000 0.053897914 0.946102083
1254 0.000000000 0.194243982 0.805756032
1255 0.000000000 0.186472997 0.813526988
1256 0.000000000 0.252086103 0.747913897
1257 0.000000000 0.044362646 0.955637336
1258 0.000000000 0.463337302 0.536662698
1259 0.000000000 0.030914079 0.969085932
1260 0.000000000 0.367632061 0.632367969
1261 0.000000000 0.500000000 0.500000000
1262 0.000000000 0.500000000 0.500000000
1263 0.000000000 0.500000000 0.500000000
1264 0.000000000 0.500000000 0.500000000
1265 0.000000000 0.500000000 0.500000000
1266 0.000000000 0.500000000 0.500000000
1267 0.000000000 0.500000000 0.500000000
1268 0.000000000 0.500000000 0.500000000
1269 0.000000000 0.500000000 0.500000000
1270 0.000000000 0.500000000 0.500000000
1271 0.000000000 0.500000000 0.500000000
1272 0.000000000 1.000000000 0.000000000
1273 0.000000000 0.500000000 0.500000000
1274 0.000000000 0.500000000 0.500000000
1275 0.000000000 0.500000000 0.500000000
1276 0.000000000 0.500000000 0.500000000
1277 0.000000000 0.500000000 0.500000000
1278 0.000000000 0.500000000 0.500000000
1279 0.000000000 0.500000000 0.500000000
1280 0.000000000 0.500000000 0.500000000
1281 0.000000000 0.500000000 0.500000000
1282 0.000000000 0.500000000 0.500000000
1283 0.000000000 0.500000000 0.500000000
1284 0.000000000 0.500000000 0.500000000
1285 0.000000000 0.000000000 1.000000000
1286 0.000000000 0.500000000 0.500000000
1287 0.000000000 0.500000000 0.500000000
1288 0.000000000 0.500000000 0.500000000
1289 0.000000000 0.500000000 0.500000000
1290 0.000000000 0.500000000 0.500000000
1291 0.000000000 0.500000000 0.500000000
1292 0.000000000 0.500000000 0.500000000
1293 0.000000000 0.500000000 0.500000000
1294 0.000000000 0.500000000 0.500000000
1295 0.000000000 0.500000000 0.500000000
1296 0.000000000 0.500000000 0.500000000
1297 0.000000000 0.500000000 0.500000000
1298 0.000000000 0.500000000 0.500000000
1299 0.000000000 0.500000000 0.500000000
1300 0.000000000 0.812500000 0.187500000
1301 0.000000000 1.000000000 0.000000000
1302 0.000000000 0.909090936 0.090909094
1303 0.000000000 0.125000000 0.875000000
1304 0.000000000 0.604166687 0.395833343
1305 0.000000000 0.300000012 0.699999988
1306 0.000000000 1.000000000 0.000000000
1307 0.000000000 0.575757563 0.424242437
1308 0.000000000 1.000000000 0.000000000
1309 0.000000000 0.928571403 0.071428575
1310 0.000000000 0.738095224 0.261904776
1311 0.000000000 1.000000000 0.000000000
1312 0.000000000 0.958333313 0.041666668
1313 0.000000000 0.748926163 0.251073837
1314 0.000000000 1.000000000 0.000000000
1315 0.000000000 1.000000000 0.000000000
1316 0.000000000 1.000000000 0.000000000
1317 0.000000000 0.021341464 0.978658557
1318 0.000000000 1.000000000 0.000000000
1319 0.000000000 0.785714269 0.214285716
1320 0.000000000 0.923999310 0.076000683
1321 0.000000000 0.115347371 0.884652615
1322 0.000000000 0.950605333 0.049394678
1323 0.000000000 1.000000000 0.000000000
1324 0.000000000 0.771043241 0.228956789
1325 0.000000000 0.487877756 0.512122214
1326 0.000000000 0.722091556 0.277908444
1327 0.000000000 0.875476182 0.124523811
1328 0.000000000 0.988584459 0.011415525
1329 0.000000000 0.958396196 0.041603830
1330 0.000000000 0.117491871 0.882508099
1331 0.000000000 0.001399254 0.998600721
1332 0.000000000 0.991967857 0.008032128
1333 0.000000000 0.888686717 0.111313298
1334 0.000000000 0.698300838 0.301699132
1335 0.000000000 0.562267661 0.437732339
1336 0.000000000 0.378363729 0.621636271
1337 0.000000000 0.821184397 0.178815603
1338 0.000000000 0.990277767 0.009722223
1339 0.000000000 0.998529434 0.001470588
1340 0.000000000 0.597561002 0.402439028
1341 0.000000000 0.982462704 0.017537313
1342 0.000000000 0.773069859 0.226930156
1343 0.000000000 0.953793287 0.046206739
1344 0.000000000 0.979456365 0.020543635
1345 0.000000000 0.048202615 0.951797366
1346 0.000000000 0.906868100 0.093131907
1347 0.000000000 0.996996999 0.003003003
1348 0.000000000 0.618346095 0.381653875
1349 0.000000000 0.974946916 0.025053056
1350 0.000000000 0.749448717 0.250551254
1351 0.000000000 0.985337257 0.014662757
1352 0.000000000 0.710635006 0.289364994
1353 0.000000000 0.917098463 0.082901552
1354 0.000000000 0.980198026 0.019801980
1355 0.000000000 0.962939680 0.037060302
1356 0.000000000 0.990867555 0.009132420
1357 0.000000000 0.920397997 0.079601988
1358 0.000000000 0.957142830 0.042857144
1359 0.000000000 0.062500000 0.937500000
1360 0.000000000 0.954427063 0.045572918
1361 0.000000000 0.960784316 0.039215688
1362 0.000000000 0.637524605 0.362475395
1363 0.000000000 0.943946183 0.056053810
1364 0.000000000 1.000000000 0.000000000
1365 0.000000000 0.637019217 0.362980783
1366 0.000000000 0.931297719 0.068702288
1367 0.000000000 1.000000000 0.000000000
1368 0.000000000 0.870207667 0.129792333
1369 0.000000000 0.989028215 0.010971786
1370 0.000000000 0.736421704 0.263578266
1371 0.000000000 0.735692978 0.264307022
1372 0.000000000 0.930783272 0.069216758
1373 0.000000000 0.192788467 0.807211518
1374 0.000000000 0.751710236 0.248289734
1375 0.000000000 0.970588207 0.029411765
1376 0.000000000 0.972318351 0.027681662
1377 0.000000000 0.407653391 0.592346609
1378 0.000000000 0.996868491 0.003131524
1379 0.000000000 0.996975780 0.003024193
1380 0.000000000 0.839920342 0.160079658
1381 0.000000000 0.956149220 0.043850806
1382 0.000000000 0.996938765 0.003061224
1383 0.000000000 1.000000000 0.000000000
1384 0.000000000 0.857290506 0.142709509
1385 0.000000000 0.902751267 0.097248740
1386 0.000000000 0.870517373 0.129482657
1387 0.000000000 0.000000000 1.000000000
1388 0.000000000 1.000000000 0.000000000
1389 0.000000000 0.964521289 0.035478715
1390 0.000000000 0.998043060 0.001956947
1391 0.000000000 0.665095210 0.334904790
1392 0.000000000 0.912857354 0.087142661
1393 0.000000000 0.948284626 0.051715363
1394 0.000000000 0.699256063 0.300743908
1395 0.000000000 0.785198569 0.214801446
1396 0.000000000 0.999063671 0.000936330
1397 0.000000000 0.958941579 0.041058395
1398 0.000000000 0.692994714 0.307005286
1399 0.000000000 0.954544008 0.045455974
1400 0.000000000 0.932254672 0.067745306
1401 0.000000000 0.030882353 0.969117641
1402 0.000000000 0.410440505 0.589559495
1403 0.000000000 0.906391323 0.093608655
1404 0.000000000 0.210075393 0.789924622
1405 0.000000000 0.709921062 0.290078938
1406 0.000000000 0.038461540 0.961538434
1407 0.000000000 0.706512332 0.293487638
1408 0.000000000 0.488118172 0.511881828
1409 0.000000000 0.035284199 0.964715779
1410 0.000000000 0.533377230 0.466622740
1411 0.000000000 0.024047619 0.975952387
1412 0.000000000 0.176251844 0.823748171
1413 0.000000000 0.405976981 0.594022989
1414 0.000000000 0.320525289 0.679474711
1415 0.000000000 0.003968254 0.996031761
1416 0.000000000 0.000994036 0.999005973
1417 0.000000000 0.185283020 0.814716995
1418 0.000000000 0.328587949 0.671412051
1419 0.000000000 0.100996375 0.899003625
1420 0.000000000 0.112595417 0.887404561
1421 0.000000000 0.106741570 0.893258452
1422 0.000000000 0.021363636 0.978636384
1423 0.000000000 0.011644486 0.988355517
1424 0.000000000 0.003322259 0.996677756
1425 0.000000000 0.057086613 0.942913413
1426 0.000000000 0.000000000 1.000000000
1427 0.000000000 0.093871124 0.906128883
1428 0.000000000 0.551587284 0.448412687
1429 0.000000000 0.000000000 1.000000000
1430 0.333333343 0.333333343 0.333333343
1431 0.333333343 0.333333343 0.333333343
1432 0.333333343 0.333333343 0.333333343
1433 0.333333343 0.333333343 0.333333343
1434 0.333333343 0.333333343 0.333333343
1435 0.333333343 0.333333343 0.333333343
1436 0.333333343 0.333333343 0.333333343
1437 0.333333343 0.333333343 0.333333343
1438 0.333333343 0.333333343 0.333333343
1439 0.333333343 0.333333343 0.333333343
1440 0.000000000 0.000000000 1.000000000
1441 0.333333343 0.333333343 0.333333343
1442 0.333333343 0.333333343 0.333333343
1443 0.333333343 0.333333343 0.333333343
1444 0.333333343 0.333333343 0.333333343
1445 0.333333343 0.333333343 0.333333343
1446 0.333333343 0.333333343 0.333333343
1447 0.333333343 0.333333343 0.333333343
1448 0.333333343 0.333333343 0.333333343
1449 0.333333343 0.333333343 0.333333343
1450 0.333333343 0.333333343 0.333333343
1451 0.333333343 0.333333343 0.333333343
1452 0.333333343 0.333333343 0.333333343
1453 0.333333343 0.333333343 0.333333343
1454 0.333333343 0.333333343 0.333333343
1455 0.333333343 0.333333343 0.333333343
1456 0.333333343 0.333333343 0.333333343
1457 0.333333343 0.333333343 0.333333343
1458 0.333333343 0.333333343 0.333333343
1459 0.333333343 0.333333343 0.333333343
1460 0.333333343 0.333333343 0.333333343
1461 0.333333343 0.333333343 0.333333343
1462 0.333333343 0.333333343 0.333333343
1463 0.333333343 0.333333343 0.333333343
1464 0.333333343 0.333333343 0.333333343
1465 0.333333343 0.333333343 0.333333343
1466 0.333333343 0.333333343 0.333333343
1467 0.333333343 0.333333343 0.333333343
1468 0.333333343 0.333333343 0.333333343
1469 0.500000000 0.250000000 0.250000000
1470 0.200000003 0.479999989 0.319999993
1471 0.939393938 0.030303031 0.030303031
1472 0.166666672 0.291666657 0.541666687
1473 0.468505681 0.406494319 0.125000000
1474 0.000000000 0.000000000 1.000000000
1475 0.136752144 0.529059827 0.334188044
1476 1.000000000 0.000000000 0.000000000
1477 0.956423759 0.043576252 0.000000000
1478 0.000000000 0.000000000 1.000000000
1479 0.000000000 0.071428575 0.928571403
1480 0.214285716 0.000000000 0.785714269
1481 1.000000000 0.000000000 0.000000000
1482 0.975308657 0.024691358 0.000000000
1483 0.958782732 0.037526827 0.003690447
1484 0.933784187 0.044710409 0.021505376
1485 0.175679237 0.824320793 0.000000000
1486 0.008130081 0.056910571 0.934959352
1487 0.963664889 0.002531322 0.033803783
1488 0.673004389 0.326995641 0.000000000
1489 0.665496826 0.330117196 0.004385965
1490 0.748431146 0.251568824 0.000000000
1491 0.667426050 0.136416778 0.196157172
1492 0.759760439 0.162534192 0.077705339
1493 0.125000000 0.875000000 0.000000000
1494 0.522337377 0.374523610 0.103139028
1495 0.967346966 0.016326530 0.016326530
1496 0.756962895 0.161273301 0.081763826
1497 0.184018761 0.809588552 0.006392694
1498 0.547899067 0.349512398 0.102588527
1499 0.311714441 0.619295418 0.068990111
1500 0.007462686 0.007462686 0.985074639
1501 0.994645238 0.002677376 0.002677376
1502 0.735070467 0.260864526 0.004065040
1503 0.347312599 0.610614955 0.042072430
1504 0.648018241 0.325959474 0.026022306
1505 0.644678414 0.336401254 0.018920342
1506 0.754451096 0.227493316 0.018055556
1507 0.755418181 0.157344192 0.087237656
1508 0.808589637 0.178567261 0.012843138
1509 0.262820512 0.729049385 0.008130081
1510 0.817165852 0.180446073 0.002388060
1511 0.796932101 0.196278304 0.006789573
1512 0.243005887 0.732081592 0.024912493
1513 0.924525321 0.048108380 0.027366308
1514 0.043572985 0.050108932 0.906318069
1515 0.411024570 0.521818459 0.067156971
1516 0.461606920 0.538393080 0.000000000
1517 0.566722274 0.405228019 0.028049733
1518 0.232858121 0.750723958 0.016417911
1519 0.267654300 0.577497125 0.154848576
1520 0.501210213 0.455854207 0.042935565
1521 0.887738645 0.001610306 0.110651024
1522 0.410440117 0.553765476 0.035794411
1523 0.775848985 0.196098223 0.028052805
1524 0.146204755 0.847932577 0.005862647
1525 0.263115793 0.689468324 0.047415879
1526 0.465101331 0.410374910 0.124523737
1527 0.205978811 0.601369560 0.192651600
1528 0.025396826 0.027777778 0.946825385
1529 0.754500270 0.131077111 0.114422597
1530 0.788692772 0.181895494 0.029411765
1531 0.903144658 0.018400051 0.078455284
1532 0.913303435 0.043348283 0.043348283
1533 0.813156784 0.167138770 0.019704433
1534 0.602090955 0.380721539 0.017187500
1535 0.457065582 0.461264729 0.081669673
1536 0.654690146 0.293915778 0.051394064
1537 0.072693206 0.806966007 0.120340787
1538 0.827916861 0.153816715 0.018266449
1539 0.419573128 0.499271333 0.081155539
1540 0.154997438 0.763613939 0.081388623
1541 0.646435261 0.228268132 0.125296637
1542 0.000000000 0.017307693 0.982692301
1543 0.449150681 0.488839865 0.062009450
1544 0.724808395 0.264298350 0.010893246
1545 0.903929353 0.077616207 0.018454440
1546 0.461942643 0.313306570 0.224750772
1547 0.389860004 0.605790675 0.004349339
1548 0.668758929 0.237866804 0.093374282
1549 0.527216613 0.468431354 0.004352031
1550 0.621358037 0.377023935 0.001618033
1551 0.708802164 0.280612141 0.010585723
1552 0.544246614 0.344398409 0.111354984
1553 0.992907822 0.003546099 0.003546099
1554 0.740892351 0.259107620 0.000000000
1555 0.812346578 0.187653422 0.000000000
1556 0.004048583 0.009109312 0.986842096
1557 0.505465806 0.493568957 0.000965251
1558 0.242030889 0.718043864 0.039925266
1559 0.405919075 0.429224014 0.164856911
1560 0.406895101 0.540777266 0.052327640
1561 0.128933698 0.861105382 0.009960937
1562 0.240003720 0.585334480 0.174661785
1563 0.584400177 0.406877041 0.008722741
1564 0.404515773 0.577292144 0.018192085
1565 0.499687076 0.472247779 0.028065152
1566 0.259034723 0.704651415 0.036313869
1567 0.217050195 0.737522602 0.045427196
1568 0.391689599 0.587870181 0.020440252
1569 0.483481109 0.499957502 0.016561370
1570 0.001307190 0.022875817 0.975816965
1571 0.182067037 0.749953389 0.067979589
1572 0.208546981 0.756422877 0.035030134
1573 0.129174307 0.697858095 0.172967628
1574 0.185799718 0.572355628 0.241844624
1575 0.000000000 0.892893732 0.107106254
1576 0.000000000 0.971931100 0.028068924
1577 0.036414672 0.651563704 0.312021643
1578 0.107425638 0.836941659 0.055632733
1579 0.000000000 0.892922997 0.107076980
1580 0.042598743 0.748147547 0.209253684
1581 0.214155197 0.661149800 0.124694981
1582 0.042694367 0.951145470 0.006160164
1583 0.000712251 0.712904334 0.286383450
1584 0.000000000 0.159523815 0.840476215
1585 0.000662691 0.291250855 0.708086431
1586 0.016352201 0.036163524 0.947484255
1587 0.045447532 0.101296440 0.853256047
1588 0.000000000 0.451041073 0.548958898
1589 0.000000000 0.000000000 1.000000000
1590 0.000000000 0.000936330 0.999063671
1591 0.002424242 0.002424242 0.995151520
1592 0.008871990 0.008871990 0.982255995
1593 0.001107420 0.009413067 0.989479542
1594 0.003937008 0.072403453 0.923659563
1595 0.000000000 0.278955609 0.721044421
1596 0.010335918 0.079715759 0.909948349
1597 0.001322751 0.764851213 0.233826011
1598 0.013333334 0.015333333 0.971333325
1599 0.008333334 0.008333334 0.983333349
1600 0.985185206 0.007407407 0.007407407
1601 0.977272749 0.011363637 0.011363637
1602 1.000000000 0.000000000 0.000000000
1603 0.949490488 0.001904762 0.048604738
1604 0.831092715 0.000000000 0.168907300
1605 0.996031761 0.001984127 0.001984127
1606 0.963083386 0.001633987 0.035282619
1607 0.962780654 0.007299270 0.029920086
1608 0.955555558 0.022222223 0.022222223
1609 0.995726466 0.002136752 0.002136752
1610 1.000000000 0.000000000 0.000000000
1611 0.972210705 0.000000000 0.027789323
1612 0.993333340 0.003333333 0.003333333
1613 0.015151516 0.015151516 0.969696999
1614 0.901234567 0.049382716 0.049382716
1615 0.836292446 0.004566210 0.159141362
1616 1.000000000 0.000000000 0.000000000
1617 1.000000000 0.000000000 0.000000000
1618 0.981859386 0.009070295 0.009070295
1619 0.938211083 0.008032128 0.053756807
1620 0.856115103 0.000000000 0.143884897
1621 0.991525412 0.004237288 0.004237288
1622 0.837499976 0.000000000 0.162499994
1623 0.888143599 0.002544529 0.109311879
1624 0.966386557 0.016806724 0.016806724
1625 0.992945313 0.003527337 0.003527337
1626 0.978373706 0.001960784 0.019665500
1627 0.333333343 0.333333343 0.333333343
1628 0.955128193 0.000000000 0.044871796
1629 0.985218883 0.003454231 0.011326861
1630 0.994467497 0.002766252 0.002766252
1631 0.989974916 0.005012531 0.005012531
1632 0.931461573 0.005420054 0.063118376
1633 1.000000000 0.000000000 0.000000000
1634 1.000000000 0.000000000 0.000000000
1635 0.996453881 0.001773050 0.001773050
1636 0.982456148 0.001253133 0.016290726
1637 0.991631806 0.004184100 0.004184100
1638 0.666666687 0.166666672 0.166666672
1639 1.000000000 0.000000000 0.000000000
1640 1.000000000 0.000000000 0.000000000
1641 0.025641026 0.025641026 0.948717952
1642 1.000000000 0.000000000 0.000000000
1643 1.000000000 0.000000000 0.000000000
1644 1.000000000 0.000000000 0.000000000
1645 1.000000000 0.000000000 0.000000000
1646 1.000000000 0.000000000 0.000000000
1647 1.000000000 0.000000000 0.000000000
1648 1.000000000 0.000000000 0.000000000
1649 1.000000000 0.000000000 0.000000000
1650 1.000000000 0.000000000 0.000000000
1651 0.697346926 0.000000000 0.302653074
1652 1.000000000 0.000000000 0.000000000
1653 0.866666675 0.066666670 0.066666670
1654 0.904761910 0.047619049 0.047619049
1655 0.333333343 0.333333343 0.333333343
1656 0.566733241 0.025641026 0.407625765
1657 0.955555558 0.022222223 0.022222223
1658 0.925925910 0.037037037 0.037037037
1659 0.000000000 0.000000000 1.000000000
1660 1.000000000 0.000000000 0.000000000
1661 0.094999999 0.000000000 0.904999971
1662 0.444444448 0.111111112 0.444444448
1663 0.958333313 0.020833334 0.020833334
1664 0.333333343 0.333333343 0.333333343
1665 0.333333343 0.333333343 0.333333343
1666 0.333333343 0.333333343 0.333333343
1667 0.333333343 0.333333343 0.333333343
1668 0.000000000 0.083333336 0.916666687
1669 0.333333343 0.333333343 0.333333343
1670 0.333333343 0.333333343 0.333333343
1671 0.333333343 0.333333343 0.333333343
1672 0.333333343 0.333333343 0.333333343
1673 0.333333343 0.333333343 0.333333343
1674 0.375000000 0.000000000 0.625000000
1675 1.000000000 0.000000000 0.000000000
1676 0.428571433 0.000000000 0.571428597
1677 0.957446814 0.021276595 0.021276595
1678 0.137816250 0.695743501 0.166440248
1679 0.924528301 0.000000000 0.075471699
1680 0.388888896 0.305555552 0.305555552
1681 1.000000000 0.000000000 0.000000000
1682 0.985911489 0.000000000 0.014088495
1683 0.035087720 0.035087720 0.929824591
1684 0.890277803 0.006944444 0.102777779
1685 0.952380955 0.023809524 0.023809524
1686 1.000000000 0.000000000 0.000000000
1687 1.000000000 0.000000000 0.000000000
1688 0.977777779 0.000000000 0.022222223
1689 0.641604006 0.017543860 0.340852141
1690 0.333333343 0.333333343 0.333333343
1691 0.333333343 0.333333343 0.333333343
1692 0.333333343 0.333333343 0.333333343
1693 0.333333343 0.333333343 0.333333343
1694 0.333333343 0.333333343 0.333333343
1695 0.333333343 0.333333343 0.333333343
1696 0.333333343 0.333333343 0.333333343
1697 0.333333343 0.333333343 0.333333343
1698 0.333333343 0.333333343 0.333333343
1699 0.333333343 0.333333343 0.333333343
1700 0.333333343 0.333333343 0.333333343
1701 0.333333343 0.333333343 0.333333343
1702 0.333333343 0.333333343 0.333333343
1703 0.333333343 0.333333343 0.333333343
1704 0.645712137 0.000000000 0.354287833
1705 0.000000000 0.000000000 1.000000000
1706 0.333333343 0.333333343 0.333333343
1707 0.000000000 0.333333343 0.666666687
1708 0.384615391 0.307692319 0.307692319
1709 0.556008816 0.277324557 0.166666672
1710 0.000000000 0.500000000 0.500000000
1711 0.333333343 0.333333343 0.333333343
1712 0.022222223 0.022222223 0.955555558
1713 0.296296299 0.296296299 0.407407403
1714 0.000000000 0.733333349 0.266666681
1715 0.000000000 0.000000000 1.000000000
1716 0.338155270 0.599463582 0.062381141
1717 0.825725138 0.037681159 0.136593699
1718 0.725396812 0.000000000 0.274603188
1719 0.013333334 0.013333334 0.973333359
1720 0.965277791 0.006944444 0.027777778
1721 0.802820385 0.181017980 0.016161617
1722 0.652556360 0.337026954 0.010416667
1723 0.459016383 0.021857923 0.519125700
1724 0.841894627 0.000000000 0.158105358
1725 0.333333343 0.333333343 0.333333343
1726 0.450871706 0.520782530 0.028345753
1727 0.907407403 0.092592590 0.000000000
1728 0.714760661 0.062734634 0.222504720
1729 0.333333343 0.333333343 0.333333343
1730 0.018518519 0.018518519 0.962962985
1731 0.773263037 0.211585447 0.015151516
1732 0.012345679 0.012345679 0.975308657
1733 0.429627866 0.349148393 0.221223742
1734 0.559523821 0.434523821 0.005952381
1735 0.773829162 0.226170838 0.000000000
1736 0.503703713 0.481481493 0.014814815
1737 0.989743590 0.005128205 0.005128205
1738 0.706602395 0.293397576 0.000000000
1739 0.333333343 0.333333343 0.333333343
1740 0.000000000 0.000000000 1.000000000
1741 0.248677254 0.710598707 0.040724069
1742 0.033333335 0.033333335 0.933333337
1743 0.333333343 0.333333343 0.333333343
1744 0.002237136 0.009532147 0.988230705
1745 0.023391813 0.023391813 0.953216374
1746 0.000000000 0.000000000 1.000000000
1747 0.014900550 0.937222481 0.047876995
1748 0.008333334 0.640107691 0.351558954
1749 0.006944444 0.131944448 0.861111104
1750 0.000000000 0.021126760 0.978873253
1751 0.168011695 0.580682397 0.251305938
1752 0.222222224 0.305555552 0.472222209
1753 0.083333336 0.102564104 0.814102590
1754 0.095238097 0.238095239 0.666666687
1755 0.000000000 0.000000000 1.000000000
1756 0.000000000 0.000000000 1.000000000
1757 0.000000000 0.000000000 1.000000000
1758 0.000000000 0.000000000 1.000000000
1759 0.000000000 0.000000000 1.000000000
1760 0.000000000 0.000000000 1.000000000
1761 0.000000000 0.000000000 1.000000000
1762 0.000000000 0.000000000 1.000000000
1763 0.000000000 0.000000000 1.000000000
1764 0.000000000 0.000000000 1.000000000
1765 0.000000000 0.000000000 1.000000000
1766 0.000000000 0.000000000 1.000000000
1767 0.000000000 0.000000000 1.000000000
1768 0.032608695 0.967391312 0.000000000
1769 0.985576928 0.014423077 0.000000000
1770 0.972527444 0.027472528 0.000000000
1771 0.981481493 0.018518519 0.000000000
1772 1.000000000 0.000000000 0.000000000
1773 1.000000000 0.000000000 0.000000000
1774 0.500000000 0.500000000 0.000000000
1775 0.500000000 0.500000000 0.000000000
1776 0.974358976 0.025641026 0.000000000
1777 1.000000000 0.000000000 0.000000000
1778 0.500000000 0.500000000 0.000000000
1779 1.000000000 0.000000000 0.000000000
1780 1.000000000 0.000000000 0.000000000
1781 0.993975878 0.006024096 0.000000000
1782 0.085714288 0.914285719 0.000000000
1783 0.990740716 0.009259259 0.000000000
1784 1.000000000 0.000000000 0.000000000
1785 0.983050823 0.016949153 0.000000000
1786 0.990196049 0.009803922 0.000000000
1787 0.983333349 0.016666668 0.000000000
1788 0.994949520 0.005050505 0.000000000
1789 0.978723407 0.021276595 0.000000000
1790 0.935714304 0.064285718 0.000000000
1791 0.933333337 0.066666670 0.000000000
1792 0.985915482 0.014084507 0.000000000
1793 0.992537320 0.007462686 0.000000000
1794 0.987804890 0.012195121 0.000000000
1795 0.869565189 0.130434781 0.000000000
1796 0.000000000 1.000000000 0.000000000
1797 0.992592573 0.007407407 0.000000000
1798 0.986486495 0.013513514 0.000000000
1799 0.875000000 0.125000000 0.000000000
1800 0.995614052 0.004385965 0.000000000
1801 1.000000000 0.000000000 0.000000000
1802 1.000000000 0.000000000 0.000000000
1803 1.000000000 0.000000000 0.000000000
1804 0.993506491 0.006493506 0.000000000
1805 0.500000000 0.500000000 0.000000000
1806 0.500000000 0.500000000 0.000000000
1807 0.995327115 0.004672897 0.000000000
1808 0.990291238 0.009708738 0.000000000
1809 0.988372087 0.011627907 0.000000000
1810 0.010000000 0.990000010 0.000000000
1811 0.991228044 0.008771930 0.000000000
1812 0.500000000 0.500000000 0.000000000
1813 1.000000000 0.000000000 0.000000000
1814 0.500000000 0.500000000 0.000000000
1815 1.000000000 0.000000000 0.000000000
1816 1.000000000 0.000000000 0.000000000
1817 0.978260875 0.021739131 0.000000000
1818 1.000000000 0.000000000 0.000000000
1819 1.000000000 0.000000000 0.000000000
1820 0.800000012 0.200000003 0.000000000
1821 0.875000000 0.125000000 0.000000000
1822 1.000000000 0.000000000 0.000000000
1823 1.000000000 0.000000000 0.000000000
1824 0.000000000 1.000000000 0.000000000
1825 0.500000000 0.500000000 0.000000000
1826 0.500000000 0.500000000 0.000000000
1827 1.000000000 0.000000000 0.000000000
1828 0.944444418 0.055555556 0.000000000
1829 0.500000000 0.500000000 0.000000000
1830 0.800000012 0.200000003 0.000000000
1831 1.000000000 0.000000000 0.000000000
1832 0.500000000 0.500000000 0.000000000
1833 0.500000000 0.500000000 0.000000000
1834 0.500000000 0.500000000 0.000000000
1835 1.000000000 0.000000000 0.000000000
1836 0.500000000 0.500000000 0.000000000
1837 0.500000000 0.500000000 0.000000000
1838 0.500000000 0.500000000 0.000000000
1839 0.500000000 0.500000000 0.000000000
1840 0.500000000 0.500000000 0.000000000
1841 0.500000000 0.500000000 0.000000000
1842 0.500000000 0.500000000 0.000000000
1843 0.833333313 0.166666672 0.000000000
1844 0.500000000 0.500000000 0.000000000
1845 0.500000000 0.500000000 0.000000000
1846 0.941176474 0.058823530 0.000000000
1847 0.517702222 0.482297778 0.000000000
1848 1.000000000 0.000000000 0.000000000
1849 1.000000000 0.000000000 0.000000000
1850 0.500000000 0.500000000 0.000000000
1851 0.916666687 0.083333336 0.000000000
1852 0.250000000 0.750000000 0.000000000
1853 0.500000000 0.500000000 0.000000000
1854 1.000000000 0.000000000 0.000000000
1855 0.500000000 0.500000000 0.000000000
1856 0.982142866 0.017857144 0.000000000
1857 0.500000000 0.500000000 0.000000000
1858 0.128243878 0.871756136 0.000000000
1859 0.500000000 0.500000000 0.000000000
1860 0.500000000 0.500000000 0.000000000
1861 0.500000000 0.500000000 0.000000000
1862 0.500000000 0.500000000 0.000000000
1863 0.500000000 0.500000000 0.000000000
1864 0.500000000 0.500000000 0.000000000
1865 0.500000000 0.500000000 0.000000000
1866 0.500000000 0.500000000 0.000000000
1867 0.500000000 0.500000000 0.000000000
1868 0.500000000 0.500000000 0.000000000
1869 0.500000000 0.500000000 0.000000000
1870 0.500000000 0.500000000 0.000000000
1871 0.500000000 0.500000000 0.000000000
1872 0.111111112 0.888888896 0.000000000
1873 0.500000000 0.500000000 0.000000000
1874 0.500000000 0.500000000 0.000000000
1875 0.038461540 0.961538434 0.000000000
1876 0.000000000 1.000000000 0.000000000
1877 0.500000000 0.500000000 0.000000000
1878 0.000000000 1.000000000 0.000000000
1879 0.500000000 0.500000000 0.000000000
1880 0.000000000 1.000000000 0.000000000
1881 0.250000000 0.750000000 0.000000000
1882 0.500000000 0.500000000 0.000000000
1883 0.666666687 0.333333343 0.000000000
1884 0.000000000 1.000000000 0.000000000
1885 0.483957171 0.516042829 0.000000000
1886 0.111111112 0.888888896 0.000000000
1887 0.500000000 0.500000000 0.000000000
1888 0.018518519 0.981481493 0.000000000
1889 0.486486495 0.513513505 0.000000000
1890 0.518771291 0.481228679 0.000000000
1891 1.000000000 0.000000000 0.000000000
1892 0.022727273 0.977272749 0.000000000
1893 0.068181820 0.931818187 0.000000000
1894 0.009803922 0.990196049 0.000000000
1895 0.611111104 0.388888896 0.000000000
1896 0.013157895 0.986842096 0.000000000
1897 0.937500000 0.062500000 0.000000000
1898 0.000000000 1.000000000 0.000000000
1899 0.812659860 0.187340140 0.000000000
1900 0.048993237 0.951006770 0.000000000
1901 0.906740904 0.093259104 0.000000000
1902 0.756097555 0.243902445 0.000000000
1903 0.000000000 1.000000000 0.000000000
1904 0.882352948 0.117647059 0.000000000
1905 0.271767557 0.728232443 0.000000000
1906 0.928571403 0.071428575 0.000000000
1907 0.000000000 1.000000000 0.000000000
1908 0.000000000 1.000000000 0.000000000
1909 0.251831859 0.748168111 0.000000000
1910 0.631642520 0.368357480 0.000000000
1911 0.000000000 1.000000000 0.000000000
1912 0.000000000 1.000000000 0.000000000
1913 0.007194245 0.992805779 0.000000000
1914 0.021739131 0.978260875 0.000000000
1915 0.011450382 0.988549590 0.000000000
1916 0.207255274 0.792744756 0.000000000
1917 0.003846154 0.996153831 0.000000000
1918 0.013888889 0.986111104 0.000000000
1919 0.005649718 0.994350255 0.000000000
1920 0.534585595 0.465414405 0.000000000
1921 0.001779359 0.998220623 0.000000000
1922 0.006849315 0.993150711 0.000000000
1923 0.003731343 0.996268630 0.000000000
1924 0.000000000 1.000000000 0.000000000
1925 0.000000000 1.000000000 0.000000000
1926 0.000000000 1.000000000 0.000000000
1927 0.000000000 1.000000000 0.000000000
1928 0.000000000 1.000000000 0.000000000
1929 0.000000000 1.000000000 0.000000000
1930 0.000000000 1.000000000 0.000000000
1931 0.000000000 1.000000000 0.000000000
1932 0.000000000 1.000000000 0.000000000
1933 0.000000000 1.000000000 0.000000000
1934 0.000000000 1.000000000 0.000000000
1935 0.000000000 1.000000000 0.000000000
1936 0.000000000 1.000000000 0.000000000
1937 0.500000000 0.500000000 0.000000000
1938 0.500000000 0.500000000 0.000000000
1939 0.500000000 0.500000000 0.000000000
1940 0.500000000 0.500000000 0.000000000
1941 0.500000000 0.500000000 0.000000000
1942 0.500000000 0.500000000 0.000000000
1943 0.500000000 0.500000000 0.000000000
1944 0.500000000 0.500000000 0.000000000
1945 0.500000000 0.500000000 0.000000000
1946 0.500000000 0.500000000 0.000000000
1947 0.500000000 0.500000000 0.000000000
1948 0.500000000 0.500000000 0.000000000
1949 0.500000000 0.500000000 0.000000000
1950 0.500000000 0.500000000 0.000000000
1951 0.500000000 0.500000000 0.000000000
1952 0.500000000 0.500000000 0.000000000
1953 0.500000000 0.500000000 0.000000000
1954 0.500000000 0.500000000 0.000000000
1955 0.500000000 0.500000000 0.000000000
1956 0.500000000 0.500000000 0.000000000
1957 0.500000000 0.500000000 0.000000000
1958 0.500000000 0.500000000 0.000000000
1959 0.500000000 0.500000000 0.000000000
1960 0.500000000 0.500000000 0.000000000
1961 0.500000000 0.500000000 0.000000000
1962 0.500000000 0.500000000 0.000000000
1963 0.500000000 0.500000000 0.000000000
1964 0.500000000 0.500000000 0.000000000
1965 0.500000000 0.500000000 0.000000000
1966 0.500000000 0.500000000 0.000000000
1967 0.500000000 0.500000000 0.000000000
1968 0.500000000 0.500000000 0.000000000
1969 0.500000000 0.500000000 0.000000000
1970 0.500000000 0.500000000 0.000000000
1971 0.500000000 0.500000000 0.000000000
1972 0.500000000 0.500000000 0.000000000
1973 0.500000000 0.500000000 0.000000000
1974 0.500000000 0.500000000 0.000000000
1975 0.500000000 0.500000000 0.000000000
1976 1.000000000 0.000000000 0.000000000
1977 0.500000000 0.500000000 0.000000000
1978 0.500000000 0.500000000 0.000000000
1979 0.000000000 1.000000000 0.000000000
1980 0.833333313 0.166666672 0.000000000
1981 0.000000000 1.000000000 0.000000000
1982 0.500000000 0.500000000 0.000000000
1983 0.800000012 0.200000003 0.000000000
1984 0.500000000 0.500000000 0.000000000
1985 0.500000000 0.500000000 0.000000000
1986 0.375000000 0.625000000 0.000000000
1987 0.500000000 0.500000000 0.000000000
1988 1.000000000 0.000000000 0.000000000
1989 0.083333336 0.916666687 0.000000000
1990 0.500000000 0.500000000 0.000000000
1991 0.500000000 0.500000000 0.000000000
1992 0.500000000 0.500000000 0.000000000
1993 0.012195121 0.987804890 0.000000000
1994 0.500000000 0.500000000 0.000000000
1995 0.970588207 0.029411765 0.000000000
1996 0.000000000 1.000000000 0.000000000
1997 0.034316052 0.965683937 0.000000000
1998 1.000000000 0.000000000 0.000000000
1999 0.500000000 0.500000000 0.000000000
2000 0.000000000 1.000000000 0.000000000
2001 1.000000000 0.000000000 0.000000000
2002 0.635714293 0.364285707 0.000000000
2003 0.937500000 0.062500000 0.000000000
2004 0.500000000 0.500000000 0.000000000
2005 0.916666687 0.083333336 0.000000000
2006 0.162318841 0.837681174 0.000000000
2007 0.000000000 1.000000000 0.000000000
2008 0.500000000 0.500000000 0.000000000
2009 0.000000000 1.000000000 0.000000000
2010 0.024096385 0.975903630 0.000000000
2011 1.000000000 0.000000000 0.000000000
2012 0.982142866 0.017857144 0.000000000
2013 0.670685649 0.329314321 0.000000000
2014 0.500000000 0.500000000 0.000000000
2015 0.500000000 0.500000000 0.000000000
2016 1.000000000 0.000000000 0.000000000
2017 0.000000000 1.000000000 0.000000000
2018 0.032467533 0.967532456 0.000000000
2019 0.599812150 0.400187820 0.000000000
2020 1.000000000 0.000000000 0.000000000
2021 0.000000000 1.000000000 0.000000000
2022 1.000000000 0.000000000 0.000000000
2023 0.500000000 0.500000000 0.000000000
2024 0.004000000 0.995999992 0.000000000
2025 0.166666672 0.833333313 0.000000000
2026 0.035294119 0.964705884 0.000000000
2027 0.500000000 0.500000000 0.000000000
2028 1.000000000 0.000000000 0.000000000
2029 0.142857149 0.857142866 0.000000000
2030 0.500000000 0.500000000 0.000000000
2031 0.000000000 1.000000000 0.000000000
2032 1.000000000 0.000000000 0.000000000
2033 0.500000000 0.500000000 0.000000000
2034 0.500000000 0.500000000 0.000000000
2035 0.015151516 0.984848499 0.000000000
2036 0.409090906 0.590909064 0.000000000
2037 0.500000000 0.500000000 0.000000000
2038 0.064935066 0.935064912 0.000000000
2039 0.500000000 0.500000000 0.000000000
2040 0.500000000 0.500000000 0.000000000
2041 0.500000000 0.500000000 0.000000000
2042 0.735294104 0.264705896 0.000000000
2043 0.500000000 0.500000000 0.000000000
2044 0.000000000 1.000000000 0.000000000
2045 0.500000000 0.500000000 0.000000000
2046 0.696428597 0.303571433 0.000000000
2047 0.879310369 0.120689653 0.000000000
2048 0.543478251 0.456521749 0.000000000
2049 0.014423077 0.985576928 0.000000000
2050 0.959770143 0.040229887 0.000000000
2051 0.500000000 0.500000000 0.000000000
2052 0.500000000 0.500000000 0.000000000
2053 0.000000000 1.000000000 0.000000000
2054 0.500000000 0.500000000 0.000000000
2055 0.500000000 0.500000000 0.000000000
2056 0.000000000 1.000000000 0.000000000
2057 0.947368443 0.052631579 0.000000000
2058 0.500000000 0.500000000 0.000000000
2059 0.500000000 0.500000000 0.000000000
2060 0.000000000 1.000000000 0.000000000
2061 0.000000000 1.000000000 0.000000000
2062 0.927419364 0.072580643 0.000000000
2063 0.002024292 0.997975707 0.000000000
2064 0.500000000 0.500000000 0.000000000
2065 0.000000000 1.000000000 0.000000000
2066 0.500000000 0.500000000 0.000000000
2067 0.000000000 1.000000000 0.000000000
2068 0.000000000 1.000000000 0.000000000
2069 0.250000000 0.750000000 0.000000000
2070 0.035256412 0.964743614 0.000000000
2071 0.000000000 1.000000000 0.000000000
2072 0.500000000 0.500000000 0.000000000
2073 0.899999976 0.100000001 0.000000000
2074 0.000000000 1.000000000 0.000000000
2075 0.240740746 0.759259284 0.000000000
2076 0.051282052 0.948717952 0.000000000
2077 0.010162601 0.989837408 0.000000000
2078 0.008797654 0.991202354 0.000000000
2079 0.061224490 0.938775539 0.000000000
2080 0.000000000 1.000000000 0.000000000
2081 0.107594937 0.892405093 0.000000000
2082 0.021064302 0.978935719 0.000000000
2083 0.000000000 1.000000000 0.000000000
2084 0.081481479 0.918518543 0.000000000
2085 0.010000000 0.990000010 0.000000000
2086 0.017021276 0.982978702 0.000000000
2087 0.002923977 0.997076035 0.000000000
2088 0.019318182 0.980681837 0.000000000
2089 0.000000000 1.000000000 0.000000000
2090 0.021875000 0.978124976 0.000000000
2091 0.016000001 0.984000027 0.000000000
2092 0.000994036 0.999005973 0.000000000
2093 0.002336449 0.997663558 0.000000000
2094 0.074468084 0.925531924 0.000000000
2095 0.000000000 1.000000000 0.000000000
2096 0.027896997 0.972103000 0.000000000
2097 0.000000000 1.000000000 0.000000000
2098 0.011152416 0.988847613 0.000000000
2099 0.000000000 1.000000000 0.000000000
2100 0.015000000 0.985000014 0.000000000
2101 0.010460251 0.989539742 0.000000000
2102 0.019298246 0.980701745 0.000000000
2103 0.006465517 0.993534505 0.000000000
2104 0.070175439 0.929824591 0.000000000
2105 0.104000002 0.896000028 0.000000000
2106 0.000000000 0.500000000 0.500000000
2107 0.000000000 0.500000000 0.500000000
2108 0.000000000 0.500000000 0.500000000
2109 0.000000000 0.500000000 0.500000000
2110 0.000000000 0.500000000 0.500000000
2111 0.000000000 0.500000000 0.500000000
2112 0.000000000 0.500000000 0.500000000
2113 0.000000000 0.500000000 0.500000000
2114 0.000000000 0.500000000 0.500000000
2115 0.000000000 0.500000000 0.500000000
2116 0.000000000 0.500000000 0.500000000
2117 0.000000000 0.500000000 0.500000000
2118 0.000000000 0.500000000 0.500000000
2119 0.000000000 0.500000000 0.500000000
2120 0.000000000 0.500000000 0.500000000
2121 0.000000000 0.500000000 0.500000000
2122 0.000000000 0.500000000 0.500000000
2123 0.000000000 0.500000000 0.500000000
2124 0.000000000 0.500000000 0.500000000
2125 0.000000000 0.500000000 0.500000000
2126 0.000000000 0.500000000 0.500000000
2127 0.000000000 0.500000000 0.500000000
2128 0.000000000 0.500000000 0.500000000
2129 0.000000000 0.500000000 0.500000000
2130 0.000000000 0.500000000 0.500000000
2131 0.000000000 0.500000000 0.500000000
2132 0.000000000 0.500000000 0.500000000
2133 0.000000000 0.500000000 0.500000000
2134 0.000000000 0.500000000 0.500000000
2135 0.000000000 0.500000000 0.500000000
2136 0.000000000 0.500000000 0.500000000
2137 0.000000000 0.500000000 0.500000000
2138 0.000000000 0.500000000 0.500000000
2139 0.000000000 0.500000000 0.500000000
2140 0.000000000 0.500000000 0.500000000
2141 0.000000000 0.500000000 0.500000000
2142 0.000000000 0.500000000 0.500000000
2143 0.000000000 0.500000000 0.500000000
2144 0.000000000 0.500000000 0.500000000
2145 0.000000000 0.899999976 0.100000001
2146 0.000000000 0.182419106 0.817580879
2147 0.000000000 0.928571403 0.071428575
2148 0.000000000 0.828845680 0.171154335
2149 0.000000000 1.000000000 0.000000000
2150 0.000000000 0.752380967 0.247619048
2151 0.000000000 0.928571403 0.071428575
2152 0.000000000 1.000000000 0.000000000
2153 0.000000000 1.000000000 0.000000000
2154 0.000000000 1.000000000 0.000000000
2155 0.000000000 1.000000000 0.000000000
2156 0.000000000 0.523789942 0.476210028
2157 0.000000000 1.000000000 0.000000000
2158 0.000000000 0.963862419 0.036137566
2159 0.000000000 0.993004501 0.006995496
2160 0.000000000 0.804004490 0.195995510
2161 0.000000000 0.794767141 0.205232859
2162 0.000000000 0.973896027 0.026103981
2163 0.000000000 1.000000000 0.000000000
2164 0.000000000 1.000000000 0.000000000
2165 0.000000000 0.935465991 0.064534031
2166 0.000000000 0.984097302 0.015902713
2167 0.000000000 0.685180962 0.314819008
2168 0.000000000 0.955432415 0.044567578
2169 0.000000000 1.000000000 0.000000000
2170 0.000000000 0.887365162 0.112634815
2171 0.000000000 0.960926354 0.039073639
2172 0.000000000 1.000000000 0.000000000
2173 0.000000000 0.976000011 0.024000000
2174 0.000000000 0.952881873 0.047118135
2175 0.000000000 1.000000000 0.000000000
2176 0.000000000 0.607594907 0.392405063
2177 0.000000000 0.947712421 0.052287582
2178 0.000000000 0.963496089 0.036503907
2179 0.000000000 1.000000000 0.000000000
2180 0.000000000 0.910447419 0.089552604
2181 0.000000000 1.000000000 0.000000000
2182 0.000000000 0.972544134 0.027455853
2183 0.000000000 0.778615296 0.221384734
2184 0.000000000 1.000000000 0.000000000
2185 0.000000000 0.981900454 0.018099548
2186 0.000000000 0.995370388 0.004629630
2187 0.000000000 0.994871795 0.005128205
2188 0.000000000 0.992063463 0.007936508
2189 0.000000000 1.000000000 0.000000000
2190 0.000000000 1.000000000 0.000000000
2191 0.000000000 1.000000000 0.000000000
2192 0.000000000 0.998581588 0.001418440
2193 0.000000000 0.997474730 0.002525253
2194 0.000000000 1.000000000 0.000000000
2195 0.000000000 1.000000000 0.000000000
2196 0.000000000 0.987447679 0.012552301
2197 0.000000000 0.874107301 0.125892714
2198 0.000000000 1.000000000 0.000000000
2199 0.000000000 1.000000000 0.000000000
2200 0.000000000 0.942452550 0.057547443
2201 0.000000000 0.929458857 0.070541158
2202 0.000000000 0.621574163 0.378425837
2203 0.000000000 0.912375271 0.087624744
2204 0.000000000 0.947916687 0.052083332
2205 0.000000000 0.802003980 0.197996020
2206 0.000000000 0.908262074 0.091737904
2207 0.000000000 0.786259532 0.213740453
2208 0.000000000 0.998214304 0.001785714
2209 0.000000000 1.000000000 0.000000000
2210 0.000000000 0.992509365 0.007490637
2211 0.000000000 0.996323526 0.003676471
2212 0.000000000 0.993877530 0.006122449
2213 0.000000000 1.000000000 0.000000000
2214 0.000000000 0.997709036 0.002290951
2215 0.000000000 1.000000000 0.000000000
2216 0.000000000 1.000000000 0.000000000
2217 0.000000000 0.976793230 0.023206752
2218 0.000000000 1.000000000 0.000000000
2219 0.000000000 0.977051258 0.022948753
2220 0.000000000 0.988023400 0.011976614
2221 0.000000000 0.968802154 0.031197850
2222 0.000000000 0.920259416 0.079740599
2223 0.000000000 0.958406568 0.041593418
2224 0.000000000 0.960534155 0.039465852
2225 0.000000000 0.987762213 0.012237762
2226 0.000000000 0.898701608 0.101298377
2227 0.000000000 0.975611389 0.024388608
2228 0.000000000 0.956540048 0.043459959
2229 0.000000000 0.946893811 0.053106211
2230 0.000000000 0.949940026 0.050059974
2231 0.000000000 0.999551594 0.000448430
2232 0.000000000 0.871641159 0.128358811
2233 0.000000000 0.958806038 0.041193981
2234 0.000000000 0.900207996 0.099792011
2235 0.000000000 0.949634373 0.050365616
2236 0.000000000 0.853251517 0.146748468
2237 0.000000000 0.858918428 0.141081586
2238 0.000000000 0.933682024 0.066317998
2239 0.000000000 0.902444720 0.097555287
2240 0.000000000 0.974654377 0.025345622
2241 0.000000000 0.867580712 0.132419303
2242 0.000000000 0.998157322 0.001842696
2243 0.000000000 0.826985061 0.173014969
2244 0.000000000 0.864297986 0.135702014
2245 0.000000000 0.937974513 0.062025476
2246 0.000000000 0.489178002 0.510821998
2247 0.000000000 0.920094550 0.079905450
2248 0.000000000 0.874019980 0.125980005
2249 0.000000000 0.936678886 0.063321114
2250 0.000000000 0.965972364 0.034027636
2251 0.000000000 0.960692644 0.039307356
2252 0.000000000 0.864207566 0.135792434
2253 0.000000000 0.893282473 0.106717527
2254 0.000000000 0.929025352 0.070974633
2255 0.000000000 1.000000000 0.000000000
2256 0.000000000 0.860061765 0.139938205
2257 0.000000000 0.998781919 0.001218105
2258 0.000000000 0.888070405 0.111929595
2259 0.000000000 0.877626479 0.122373521
2260 0.000000000 0.901747048 0.098252952
2261 0.000000000 0.901229024 0.098770976
2262 0.000000000 0.491560310 0.508439660
2263 0.000000000 0.794748425 0.205251545
2264 0.000000000 0.754752636 0.245247334
2265 0.000000000 0.717261791 0.282738209
2266 0.000000000 0.768873394 0.231126577
2267 0.000000000 0.715358615 0.284641385
2268 0.000000000 0.696533144 0.303466827
2269 0.000000000 0.624206483 0.375793517
2270 0.000000000 0.625450790 0.374549240
2271 0.000000000 0.542427003 0.457572997
2272 0.000000000 0.644177198 0.355822802
2273 0.000000000 0.806738734 0.193261281
2274 0.000000000 0.400000006 0.600000024
2275 0.000000000 0.034334764 0.965665221
2276 0.000000000 0.109279379 0.890720606
2277 0.000000000 0.816905677 0.183094323
2278 0.000000000 0.673086107 0.326913923
2279 0.000000000 0.675517499 0.324482471
2280 0.000000000 0.480198979 0.519801021
2281 0.000000000 0.544069290 0.455930740
2282 0.000000000 0.955971599 0.044028416
2283 0.000000000 0.544951558 0.455048472
2284 0.000000000 0.953721583 0.046278439
2285 0.000000000 0.436154902 0.563845098
2286 0.000000000 0.655494750 0.344505221
2287 0.000000000 0.908353031 0.091646999
2288 0.000000000 0.655614018 0.344385982
2289 0.000000000 0.000000000 1.000000000
2290 0.000000000 0.332213253 0.667786717
2291 0.000000000 0.579871953 0.420128018
2292 0.000000000 0.657162070 0.342837930
2293 0.000000000 0.847948670 0.152051300
2294 0.000000000 1.000000000 0.000000000
2295 0.000000000 0.460670680 0.539329350
2296 0.000000000 0.883961320 0.116038695
2297 0.000000000 0.539610267 0.460389733
2298 0.000000000 0.941385508 0.058614478
2299 0.000000000 0.892646670 0.107353352
2300 0.000000000 0.683043003 0.316956967
2301 0.000000000 0.281874478 0.718125522
2302 0.000000000 0.261177421 0.738822579
2303 0.000000000 0.000000000 1.000000000
2304 0.000000000 0.289718032 0.710281968
2305 0.000000000 1.000000000 0.000000000
2306 0.000000000 0.695499539 0.304500461
2307 0.000000000 0.742393672 0.257606298
2308 0.000000000 0.742424190 0.257575810
2309 0.000000000 0.400457263 0.599542737
2310 0.000000000 0.907576680 0.092423327
2311 0.000000000 1.000000000 0.000000000
2312 0.000000000 0.668049574 0.331950426
2313 0.000000000 0.710516274 0.289483726
2314 0.000000000 0.125899285 0.874100745
2315 0.000000000 0.989645481 0.010354528
2316 0.000000000 0.261201143 0.738798857
2317 0.000000000 0.000000000 1.000000000
2318 0.000000000 0.709635258 0.290364772
2319 0.000000000 0.934796751 0.065203242
2320 0.000000000 0.111695245 0.888304770
2321 0.000000000 0.672831953 0.327168077
2322 0.000000000 1.000000000 0.000000000
2323 0.000000000 0.433264911 0.566735089
2324 0.000000000 0.705288589 0.294711441
2325 0.000000000 0.371423811 0.628576159
2326 0.000000000 0.747899175 0.252100855
2327 0.000000000 0.500000000 0.500000000
2328 0.000000000 1.000000000 0.000000000
2329 0.000000000 0.899999976 0.100000001
2330 0.000000000 0.954545438 0.045454547
2331 0.000000000 0.062500000 0.937500000
2332 0.000000000 1.000000000 0.000000000
2333 0.000000000 1.000000000 0.000000000
2334 0.000000000 1.000000000 0.000000000
2335 0.000000000 1.000000000 0.000000000
2336 0.000000000 1.000000000 0.000000000
2337 0.000000000 1.000000000 0.000000000
2338 0.000000000 1.000000000 0.000000000
2339 0.000000000 0.400000006 0.600000024
2340 0.000000000 0.500000000 0.500000000
2341 0.000000000 0.500000000 0.500000000
2342 0.000000000 0.500000000 0.500000000
2343 0.000000000 0.633333325 0.366666675
2344 0.000000000 0.500000000 0.500000000
2345 0.000000000 0.500000000 0.500000000
2346 0.000000000 0.500000000 0.500000000
2347 0.000000000 0.500000000 0.500000000
2348 0.000000000 0.500000000 0.500000000
2349 0.000000000 0.600000024 0.400000006
2350 0.000000000 0.500000000 0.500000000
2351 0.000000000 0.500000000 0.500000000
2352 0.000000000 1.000000000 0.000000000
2353 0.000000000 0.500000000 0.500000000
2354 0.000000000 0.500000000 0.500000000
2355 0.000000000 0.500000000 0.500000000
2356 0.000000000 0.250000000 0.750000000
2357 0.000000000 0.500000000 0.500000000
2358 0.000000000 0.500000000 0.500000000
2359 0.000000000 0.500000000 0.500000000
2360 0.000000000 0.500000000 0.500000000
2361 0.000000000 0.500000000 0.500000000
2362 0.000000000 0.500000000 0.500000000
2363 0.000000000 0.500000000 0.500000000
2364 0.000000000 0.625000000 0.375000000
2365 0.000000000 0.500000000 0.500000000
2366 0.000000000 0.687500000 0.312500000
2367 0.000000000 0.500000000 0.500000000
2368 0.000000000 0.500000000 0.500000000
2369 0.000000000 0.833333313 0.166666672
2370 0.000000000 0.833333313 0.166666672
2371 0.000000000 0.500000000 0.500000000
2372 0.000000000 0.500000000 0.500000000
2373 0.000000000 0.500000000 0.500000000
2374 0.000000000 0.576923072 0.423076928
2375 0.000000000 0.500000000 0.500000000
2376 0.000000000 0.500000000 0.500000000
2377 0.000000000 1.000000000 0.000000000
2378 0.000000000 0.899999976 0.100000001
2379 0.000000000 0.500000000 0.500000000
2380 0.000000000 0.500000000 0.500000000
2381 0.000000000 0.000000000 1.000000000
2382 0.000000000 1.000000000 0.000000000
2383 0.000000000 0.500000000 0.500000000
2384 0.000000000 0.500000000 0.500000000
2385 0.000000000 0.500000000 0.500000000
2386 0.000000000 0.500000000 0.500000000
2387 0.000000000 0.500000000 0.500000000
2388 0.000000000 1.000000000 0.000000000
2389 0.000000000 0.500000000 0.500000000
2390 0.000000000 0.500000000 0.500000000
2391 0.000000000 0.500000000 0.500000000
2392 0.000000000 0.913411319 0.086588666
2393 0.000000000 0.872458398 0.127541572
2394 0.000000000 0.871140659 0.128859311
2395 0.000000000 0.813255727 0.186744288
2396 0.000000000 0.876682341 0.123317681
2397 0.000000000 0.718042791 0.281957209
2398 0.000000000 0.905982912 0.094017096
2399 0.000000000 0.525407135 0.474592894
2400 0.000000000 0.817285240 0.182714760
2401 0.000000000 0.005092592 0.994907379
2402 0.000000000 0.588286579 0.411713421
2403 0.000000000 0.823006928 0.176993087
2404 0.000000000 0.766574681 0.233425289
2405 0.000000000 0.038461540 0.961538434
2406 0.000000000 0.054913294 0.945086718
2407 0.000000000 0.317072123 0.682927907
2408 0.000000000 0.295563638 0.704436362
2409 0.000000000 0.127643183 0.872356832
2410 0.000000000 0.029324191 0.970675826
2411 0.000000000 0.592261910 0.407738090
2412 0.000000000 0.409702688 0.590297341
2413 0.000000000 0.692244828 0.307755202
2414 0.000000000 0.956769407 0.043230608
2415 0.000000000 0.046875000 0.953125000
2416 0.000000000 0.253359735 0.746640265
2417 0.000000000 0.007092198 0.992907822
2418 0.000000000 0.186640248 0.813359737
2419 0.000000000 0.007058823 0.992941201
2420 0.000000000 0.009828010 0.990171969
2421 0.000000000 0.004694836 0.995305181
2422 0.000000000 0.005115089 0.994884908
2423 0.000000000 0.010362694 0.989637315
2424 0.000000000 0.007281553 0.992718458
2425 0.000000000 0.003836317 0.996163666
2426 0.000000000 0.015332835 0.984667182
2427 0.000000000 0.126643732 0.873356283
2428 0.000000000 0.300582558 0.699417472
2429 0.000000000 0.007978723 0.992021263
2430 0.000000000 0.004189944 0.995810032
2431 0.000000000 0.004991319 0.995008707
2432 0.000000000 0.017292043 0.982707977
2433 0.000000000 0.003840246 0.996159732
2434 0.000000000 0.007659314 0.992340684
2435 0.000000000 0.006021595 0.993978381
2436 0.000000000 0.068143100 0.931856871
2437 0.000000000 0.005993151 0.994006872
2438 0.000000000 0.012232416 0.987767577
2439 0.000000000 0.007233273 0.992766738
2440 0.000000000 0.053544980 0.946455002
2441 0.000000000 0.022007722 0.977992296
2442 0.000000000 0.018776979 0.981223047
2443 0.000000000 0.005154639 0.994845390
2444 0.020028612 0.051788270 0.928183138
2445 0.987261176 0.006369427 0.006369427
2446 0.995708168 0.002145923 0.002145923
2447 0.539101720 0.002614379 0.458283931
2448 0.972556591 0.004140787 0.023302635
2449 0.956025183 0.007768361 0.036206450
2450 0.994677305 0.002661344 0.002661344
2451 0.937168360 0.002699055 0.060132593
2452 0.982895613 0.006734007 0.010370370
2453 0.886929631 0.003387534 0.109682851
2454 0.966172814 0.002469136 0.031358026
2455 0.994513035 0.002743484 0.002743484
2456 0.956755638 0.001984127 0.041260216
2457 0.798101008 0.000000000 0.201898962
2458 0.000000000 0.000000000 1.000000000
2459 1.000000000 0.000000000 0.000000000
2460 1.000000000 0.000000000 0.000000000
2461 1.000000000 0.000000000 0.000000000
2462 0.995181322 0.000000000 0.004818691
2463 1.000000000 0.000000000 0.000000000
2464 1.000000000 0.000000000 0.000000000
2465 1.000000000 0.000000000 0.000000000
2466 0.930204034 0.000000000 0.069795944
2467 1.000000000 0.000000000 0.000000000
2468 1.000000000 0.000000000 0.000000000
2469 1.000000000 0.000000000 0.000000000
2470 0.973568022 0.000000000 0.026431968
2471 0.996254683 0.001872659 0.001872659
2472 0.000000000 0.000000000 1.000000000
2473 1.000000000 0.000000000 0.000000000
2474 1.000000000 0.000000000 0.000000000
2475 0.982498586 0.001872659 0.015628744
2476 0.994898498 0.001831502 0.003269995
2477 0.996233523 0.001883239 0.001883239
2478 1.000000000 0.000000000 0.000000000
2479 0.992337167 0.003831418 0.003831418
2480 1.000000000 0.000000000 0.000000000
2481 0.995698929 0.002150538 0.002150538
2482 1.000000000 0.000000000 0.000000000
2483 0.608513176 0.002398082 0.389088720
2484 0.991397858 0.004301075 0.004301075
2485 0.924766302 0.002732240 0.072501458
2486 0.011695907 0.011695907 0.976608217
2487 0.929687500 0.000000000 0.070312500
2488 0.901682258 0.002949852 0.095367916
2489 0.953312397 0.000000000 0.046687607
2490 0.947046638 0.002331002 0.050622333
2491 1.000000000 0.000000000 0.000000000
2492 0.820204496 0.002450980 0.177344546
2493 0.977011502 0.011494253 0.011494253
2494 0.964452207 0.004662005 0.030885780
2495 0.988795519 0.005602241 0.005602241
2496 1.000000000 0.000000000 0.000000000
2497 1.000000000 0.000000000 0.000000000
2498 0.896116495 0.000000000 0.103883497
2499 0.939393938 0.030303031 0.030303031
2500 0.333333343 0.333333343 0.333333343
2501 0.000000000 0.000000000 1.000000000
2502 0.000000000 0.000000000 1.000000000
2503 0.925729454 0.000000000 0.074270554
2504 1.000000000 0.000000000 0.000000000
2505 0.000000000 0.000000000 1.000000000
2506 0.012500000 0.000000000 0.987500012
2507 0.000000000 0.000000000 1.000000000
2508 0.395316035 0.000000000 0.604683995
2509 0.208333328 0.208333328 0.583333313
2510 0.555555582 0.222222224 0.222222224
2511 0.333333343 0.333333343 0.333333343
2512 0.333333343 0.333333343 0.333333343
2513 0.333333343 0.333333343 0.333333343
2514 0.333333343 0.333333343 0.333333343
2515 0.333333343 0.333333343 0.333333343
2516 0.333333343 0.333333343 0.333333343
2517 0.333333343 0.333333343 0.333333343
2518 0.333333343 0.333333343 0.333333343
2519 0.333333343 0.333333343 0.333333343
2520 0.777777791 0.111111112 0.111111112
2521 0.200000003 0.200000003 0.600000024
2522 0.333333343 0.333333343 0.333333343
2523 0.333333343 0.333333343 0.333333343
2524 0.333333343 0.333333343 0.333333343
2525 0.333333343 0.333333343 0.333333343
2526 0.111111112 0.111111112 0.777777791
2527 0.333333343 0.333333343 0.333333343
2528 0.333333343 0.333333343 0.333333343
2529 0.333333343 0.333333343 0.333333343
2530 0.777777791 0.111111112 0.111111112
2531 0.333333343 0.333333343 0.333333343
2532 0.333333343 0.333333343 0.333333343
2533 0.333333343 0.333333343 0.333333343
2534 0.333333343 0.333333343 0.333333343
2535 0.333333343 0.333333343 0.333333343
2536 0.190476194 0.316666663 0.492857128
2537 0.333333343 0.333333343 0.333333343
2538 0.629629612 0.185185179 0.185185179
2539 0.111111112 0.444444448 0.444444448
2540 0.333333343 0.333333343 0.333333343
2541 0.333333343 0.333333343 0.333333343
2542 0.000000000 0.250000000 0.750000000
2543 0.333333343 0.333333343 0.333333343
2544 0.333333343 0.333333343 0.333333343
2545 0.319444448 0.277777791 0.402777791
2546 0.000000000 0.000000000 1.000000000
2547 0.333333343 0.333333343 0.333333343
2548 0.333333343 0.333333343 0.333333343
2549 0.333333343 0.333333343 0.333333343
2550 0.333333343 0.333333343 0.333333343
2551 0.333333343 0.333333343 0.333333343
2552 0.333333343 0.333333343 0.333333343
2553 1.000000000 0.000000000 0.000000000
2554 0.333333343 0.333333343 0.333333343
2555 0.333333343 0.333333343 0.333333343
2556 0.333333343 0.333333343 0.333333343
2557 0.333333343 0.333333343 0.333333343
2558 0.333333343 0.333333343 0.333333343
2559 0.333333343 0.333333343 0.333333343
2560 0.333333343 0.333333343 0.333333343
2561 0.942386806 0.028806584 0.028806584
2562 0.988405824 0.005797102 0.005797102
2563 0.002773236 0.060367636 0.936859131
2564 0.996715903 0.003284072 0.000000000
2565 0.526367664 0.467372566 0.006259781
2566 0.788170934 0.102675423 0.109153621
2567 0.072286181 0.536280632 0.391433209
2568 0.636420310 0.325469136 0.038110573
2569 0.535369277 0.411337584 0.053293142
2570 0.000000000 0.057037037 0.942962945
2571 0.802361310 0.124748841 0.072889827
2572 0.665194988 0.284586698 0.050218340
2573 0.057747602 0.903348863 0.038903527
2574 0.014957265 0.847899258 0.137143448
2575 0.020936420 0.901068091 0.077995479
2576 0.091519162 0.884791136 0.023689728
2577 0.095256038 0.833756328 0.070987657
2578 0.010101010 0.948888898 0.041010100
2579 0.590193212 0.289328963 0.120477803
2580 0.001984127 0.852669299 0.145346597
2581 0.114648014 0.704097748 0.181254223
2582 0.008888889 0.746261418 0.244849667
2583 0.078699648 0.756095588 0.165204749
2584 0.041666668 0.045138888 0.913194418
2585 0.009633912 0.031241398 0.959124684
2586 0.148817852 0.709998667 0.141183481
2587 0.000809062 0.002022654 0.997168303
2588 0.003921569 0.003921569 0.992156863
2589 0.005733006 0.987305462 0.006961507
2590 0.003129890 0.003129890 0.993740201
2591 0.010230179 0.494884908 0.494884908
2592 0.003454231 0.938288927 0.058256853
2593 0.001618123 0.484734923 0.513646960
2594 0.002557545 0.261450797 0.735991657
2595 0.003490401 0.003490401 0.993019223
2596 0.003463204 0.993073583 0.003463204
2597 0.004901961 0.729677677 0.265420377
2598 0.005319149 0.005319149 0.989361703
2599 0.000000000 0.002094972 0.997905016
2600 0.000000000 0.135243058 0.864756942
2601 0.006027727 0.006027727 0.987944543
2602 0.002560164 0.002560164 0.994879663
2603 0.003812636 0.010348584 0.985838771
2604 0.003875969 0.022314508 0.973809540
2605 0.003975014 0.007722885 0.988302112
2606 0.003995434 0.003995434 0.992009103
2607 0.006727829 0.010397553 0.982874632
2608 0.009041592 0.016998192 0.973960221
2609 0.001171646 0.002050381 0.996777952
2610 0.003003003 0.734370887 0.262626112
2611 0.003395586 0.004244482 0.992359936
2612 0.014891180 0.016609393 0.968499422
2613 0.333333343 0.333333343 0.333333343
2614 0.333333343 0.333333343 0.333333343
2615 0.333333343 0.333333343 0.333333343
2616 0.333333343 0.333333343 0.333333343
2617 0.333333343 0.333333343 0.333333343
2618 0.333333343 0.333333343 0.333333343
2619 0.333333343 0.333333343 0.333333343
2620 0.333333343 0.333333343 0.333333343
2621 0.333333343 0.333333343 0.333333343
2622 0.333333343 0.333333343 0.333333343
2623 0.333333343 0.333333343 0.333333343
2624 0.333333343 0.333333343 0.333333343
2625 0.333333343 0.333333343 0.333333343
2626 0.333333343 0.333333343 0.333333343
2627 0.333333343 0.333333343 0.333333343
2628 0.333333343 0.333333343 0.333333343
2629 0.333333343 0.333333343 0.333333343
2630 0.333333343 0.333333343 0.333333343
2631 0.333333343 0.333333343 0.333333343
2632 0.333333343 0.333333343 0.333333343
2633 0.333333343 0.333333343 0.333333343
2634 0.333333343 0.333333343 0.333333343
2635 0.333333343 0.333333343 0.333333343
2636 0.333333343 0.333333343 0.333333343
2637 0.333333343 0.333333343 0.333333343
2638 0.333333343 0.333333343 0.333333343
2639 0.333333343 0.333333343 0.333333343
2640 0.333333343 0.333333343 0.333333343
2641 0.333333343 0.333333343 0.333333343
2642 0.333333343 0.333333343 0.333333343
2643 0.333333343 0.333333343 0.333333343
2644 0.333333343 0.333333343 0.333333343
2645 0.333333343 0.333333343 0.333333343
2646 0.333333343 0.333333343 0.333333343
2647 0.333333343 0.333333343 0.333333343
2648 0.333333343 0.333333343 0.333333343
2649 0.333333343 0.333333343 0.333333343
2650 0.333333343 0.333333343 0.333333343
2651 0.333333343 0.333333343 0.333333343
2652 1.000000000 0.000000000 0.000000000
2653 0.559796512 0.440203518 0.000000000
2654 0.904761910 0.047619049 0.047619049
2655 0.000000000 0.000000000 1.000000000
2656 1.000000000 0.000000000 0.000000000
2657 0.056162383 0.693837643 0.250000000
2658 0.904761910 0.047619049 0.047619049
2659 0.658805728 0.341194242 0.000000000
2660 0.000000000 1.000000000 0.000000000
2661 1.000000000 0.000000000 0.000000000
2662 1.000000000 0.000000000 0.000000000
2663 1.000000000 0.000000000 0.000000000
2664 0.972948074 0.027051928 0.000000000
2665 1.000000000 0.000000000 0.000000000
2666 0.956124961 0.043875042 0.000000000
2667 0.365657181 0.634342849 0.000000000
2668 0.987620234 0.012379766 0.000000000
2669 0.000000000 0.000000000 1.000000000
2670 0.988304079 0.005847953 0.005847953
2671 0.835934043 0.151327074 0.012738854
2672 0.656023443 0.343976557 0.000000000
2673 0.042245038 0.621227205 0.336527765
2674 1.000000000 0.000000000 0.000000000
2675 0.645857751 0.350762427 0.003379817
2676 0.992602646 0.007397336 0.000000000
2677 0.985492349 0.014507652 0.000000000
2678 0.959999979 0.013333334 0.026666667
2679 0.876811624 0.123188406 0.000000000
2680 0.317524523 0.640876591 0.041598916
2681 0.396228522 0.515597105 0.088174365
2682 0.126157016 0.757896423 0.115946591
2683 0.000000000 0.046875000 0.953125000
2684 0.840945899 0.136378363 0.022675738
2685 0.547934949 0.433716446 0.018348623
2686 0.270560741 0.646699548 0.082739681
2687 0.943547547 0.028674698 0.027777778
2688 0.479332894 0.387628764 0.133038342
2689 0.614134490 0.083129160 0.302736372
2690 0.892821610 0.046280932 0.060897436
2691 0.977306306 0.022693696 0.000000000
2692 0.844896793 0.155103192 0.000000000
2693 0.568936408 0.431063592 0.000000000
2694 0.726281166 0.273718834 0.000000000
2695 0.537227511 0.460989922 0.001782531
2696 0.788490295 0.207971960 0.003537736
2697 0.000000000 0.000000000 1.000000000
2698 0.692137420 0.292155772 0.015706806
2699 0.004255319 0.995744705 0.000000000
2700 0.456272632 0.542043865 0.001683502
2701 0.862109721 0.137890279 0.000000000
2702 0.205816433 0.794183552 0.000000000
2703 0.286649227 0.713350773 0.000000000
2704 0.573336422 0.396692842 0.029970760
2705 0.400556535 0.498206705 0.101236746
2706 0.772763669 0.180837303 0.046399049
2707 0.898506939 0.003752172 0.097740896
2708 0.667930961 0.327260703 0.004808353
2709 0.215494290 0.748142064 0.036363635
2710 0.433233231 0.451698303 0.115068480
2711 0.000000000 0.020325202 0.979674816
2712 0.901891708 0.095091678 0.003016591
2713 0.693893731 0.267771155 0.038335133
2714 0.483346909 0.516653061 0.000000000
2715 0.719484448 0.263848871 0.016666668
2716 0.379387677 0.439912081 0.180700243
2717 0.833788574 0.159632683 0.006578728
2718 0.957622230 0.042377781 0.000000000
2719 0.506642997 0.491985261 0.001371742
2720 0.622230053 0.377769947 0.000000000
2721 0.857461214 0.132215813 0.010322984
2722 0.402111471 0.595685899 0.002202643
2723 0.181102872 0.818897128 0.000000000
2724 0.080520049 0.901986897 0.017493028
2725 0.000000000 0.000000000 1.000000000
2726 0.034095582 0.953299403 0.012605042
2727 0.656228840 0.343771189 0.000000000
2728 0.447936833 0.550368905 0.001694231
2729 0.906490743 0.093509234 0.000000000
2730 0.460823506 0.509304523 0.029871991
2731 0.029033577 0.874725401 0.096241035
2732 0.831278086 0.147242159 0.021479774
2733 0.077712476 0.851080120 0.071207434
2734 0.390047908 0.531020045 0.078932032
2735 0.563988864 0.402835429 0.033175729
2736 0.852126896 0.099281944 0.048591133
2737 0.608516574 0.364272565 0.027210884
2738 0.833994448 0.163763419 0.002242153
2739 0.000000000 0.051724140 0.948275864
2740 0.016991220 0.943163872 0.039844923
2741 0.428650051 0.565503597 0.005846363
2742 0.769454420 0.168184832 0.062360737
2743 0.071260087 0.899274945 0.029464981
2744 0.005684952 0.990429044 0.003886010
2745 0.000000000 0.969213963 0.030786054
2746 0.059340376 0.940659642 0.000000000
2747 0.389602453 0.603288531 0.007109005
2748 0.215607002 0.776414275 0.007978723
2749 0.085988998 0.876346648 0.037664346
2750 0.431714624 0.516285360 0.052000001
2751 0.436327517 0.563672483 0.000000000
2752 0.626477838 0.227482572 0.146039605
2753 0.002949852 0.064896755 0.932153404
2754 0.020679913 0.944006860 0.035313211
2755 0.014847888 0.961281240 0.023870884
2756 0.068516821 0.927329481 0.004153687
2757 0.000000000 0.834787488 0.165212527
2758 0.033890612 0.966109395 0.000000000
2759 0.007352941 0.988970578 0.003676471
2760 0.000000000 0.995338440 0.004661589
2761 0.000000000 0.937909961 0.062090021
2762 0.000000000 0.956176996 0.043823004
2763 0.000000000 1.000000000 0.000000000
2764 0.000000000 0.844720483 0.155279502
2765 0.108137488 0.864819288 0.027043229
2766 0.020457281 0.977135956 0.002406739
2767 0.000000000 0.000000000 1.000000000
2768 0.000000000 0.000000000 1.000000000
2769 0.000000000 0.016649324 0.983350694
2770 0.000000000 0.000000000 1.000000000
2771 0.000000000 0.000000000 1.000000000
2772 0.000000000 0.005319149 0.994680822
2773 0.000000000 0.002808989 0.997191012
2774 0.000000000 0.006315790 0.993684232
2775 0.000000000 0.000000000 1.000000000
2776 0.000000000 0.000000000 1.000000000
2777 0.000000000 0.000000000 1.000000000
2778 0.000000000 0.000000000 1.000000000
2779 0.000000000 0.000000000 1.000000000
2780 0.000000000 0.131926283 0.868073702
2781 0.000000000 0.000000000 1.000000000
2782 0.500000000 0.500000000 0.000000000
2783 0.500000000 0.500000000 0.000000000
2784 0.500000000 0.500000000 0.000000000
2785 0.500000000 0.500000000 0.000000000
2786 0.500000000 0.500000000 0.000000000
2787 0.500000000 0.500000000 0.000000000
2788 0.500000000 0.500000000 0.000000000
2789 0.500000000 0.500000000 0.000000000
2790 0.500000000 0.500000000 0.000000000
2791 0.500000000 0.500000000 0.000000000
2792 0.500000000 0.500000000 0.000000000
2793 0.500000000 0.500000000 0.000000000
2794 0.500000000 0.500000000 0.000000000
2795 0.500000000 0.500000000 0.000000000
2796 0.500000000 0.500000000 0.000000000
2797 0.500000000 0.500000000 0.000000000
2798 0.500000000 0.500000000 0.000000000
2799 0.500000000 0.500000000 0.000000000
2800 0.500000000 0.500000000 0.000000000
2801 0.500000000 0.500000000 0.000000000
2802 0.500000000 0.500000000 0.000000000
2803 0.500000000 0.500000000 0.000000000
2804 0.500000000 0.500000000 0.000000000
2805 0.500000000 0.500000000 0.000000000
2806 0.500000000 0.500000000 0.000000000
2807 0.500000000 0.500000000 0.000000000
2808 0.500000000 0.500000000 0.000000000
2809 0.500000000 0.500000000 0.000000000
2810 0.500000000 0.500000000 0.000000000
2811 0.500000000 0.500000000 0.000000000
2812 0.500000000 0.500000000 0.000000000
2813 0.500000000 0.500000000 0.000000000
2814 0.500000000 0.500000000 0.000000000
2815 0.500000000 0.500000000 0.000000000
2816 0.500000000 0.500000000 0.000000000
2817 0.500000000 0.500000000 0.000000000
2818 0.500000000 0.500000000 0.000000000
2819 0.500000000 0.500000000 0.000000000
2820 0.500000000 0.500000000 0.000000000
2821 0.500000000 0.500000000 0.000000000
2822 1.000000000 0.000000000 0.000000000
2823 0.500000000 0.500000000 0.000000000
2824 0.000000000 1.000000000 0.000000000
2825 0.500000000 0.500000000 0.000000000
2826 0.500000000 0.500000000 0.000000000
2827 0.500000000 0.500000000 0.000000000
2828 0.500000000 0.500000000 0.000000000
2829 0.500000000 0.500000000 0.000000000
2830 0.500000000 0.500000000 0.000000000
2831 0.500000000 0.500000000 0.000000000
2832 0.928571403 0.071428575 0.000000000
2833 0.500000000 0.500000000 0.000000000
2834 0.000000000 1.000000000 0.000000000
2835 1.000000000 0.000000000 0.000000000
2836 0.800921679 0.199078336 0.000000000
2837 1.000000000 0.000000000 0.000000000
2838 0.000000000 1.000000000 0.000000000
2839 0.500000000 0.500000000 0.000000000
2840 0.500000000 0.500000000 0.000000000
2841 0.000000000 1.000000000 0.000000000
2842 1.000000000 0.000000000 0.000000000
2843 0.000000000 1.000000000 0.000000000
2844 0.000000000 1.000000000 0.000000000
2845 0.500000000 0.500000000 0.000000000
2846 0.000000000 1.000000000 0.000000000
2847 0.250000000 0.750000000 0.000000000
2848 0.500000000 0.500000000 0.000000000
2849 0.500000000 0.500000000 0.000000000
2850 0.424790859 0.575209141 0.000000000
2851 0.500000000 0.500000000 0.000000000
2852 0.000000000 1.000000000 0.000000000
2853 0.500000000 0.500000000 0.000000000
2854 0.000000000 1.000000000 0.000000000
2855 0.500000000 0.500000000 0.000000000
2856 0.500000000 0.500000000 0.000000000
2857 0.500000000 0.500000000 0.000000000
2858 0.000000000 1.000000000 0.000000000
2859 0.626265883 0.373734087 0.000000000
2860 0.500000000 0.500000000 0.000000000
2861 0.000000000 1.000000000 0.000000000
2862 0.500000000 0.500000000 0.000000000
2863 0.500000000 0.500000000 0.000000000
2864 0.500000000 0.500000000 0.000000000
2865 0.500000000 0.500000000 0.000000000
2866 0.500000000 0.500000000 0.000000000
2867 0.500000000 0.500000000 0.000000000
2868 0.500000000 0.500000000 0.000000000
2869 0.500000000 0.500000000 0.000000000
2870 0.500000000 0.500000000 0.000000000
2871 0.500000000 0.500000000 0.000000000
2872 0.500000000 0.500000000 0.000000000
2873 1.000000000 0.000000000 0.000000000
2874 0.500000000 0.500000000 0.000000000
2875 0.500000000 0.500000000 0.000000000
2876 0.160297289 0.839702725 0.000000000
2877 0.681818187 0.318181813 0.000000000
2878 0.775862098 0.224137932 0.000000000
2879 0.115384616 0.884615362 0.000000000
2880 0.000000000 1.000000000 0.000000000
2881 0.726415098 0.273584902 0.000000000
2882 0.708333313 0.291666657 0.000000000
2883 0.196428567 0.803571403 0.000000000
2884 0.500000000 0.500000000 0.000000000
2885 0.500000000 0.500000000 0.000000000
2886 1.000000000 0.000000000 0.000000000
2887 0.750000000 0.250000000 0.000000000
2888 0.500000000 0.500000000 0.000000000
2889 0.500000000 0.500000000 0.000000000
2890 0.500000000 0.500000000 0.000000000
2891 0.500000000 0.500000000 0.000000000
2892 0.500000000 0.500000000 0.000000000
2893 0.166666672 0.833333313 0.000000000
2894 0.500000000 0.500000000 0.000000000
2895 0.083333336 0.916666687 0.000000000
2896 0.200000003 0.800000012 0.000000000
2897 1.000000000 0.000000000 0.000000000
2898 0.956521749 0.043478262 0.000000000
2899 0.100000001 0.899999976 0.000000000
2900 1.000000000 0.000000000 0.000000000
2901 1.000000000 0.000000000 0.000000000
2902 0.665787220 0.334212750 0.000000000
2903 0.895104885 0.104895107 0.000000000
2904 0.500000000 0.500000000 0.000000000
2905 0.615384638 0.384615391 0.000000000
2906 0.023809524 0.976190448 0.000000000
2907 0.500000000 0.500000000 0.000000000
2908 0.000000000 1.000000000 0.000000000
2909 0.027777778 0.972222209 0.000000000
2910 0.367346942 0.632653058 0.000000000
2911 0.000000000 1.000000000 0.000000000
2912 0.000000000 1.000000000 0.000000000
2913 0.000000000 1.000000000 0.000000000
2914 0.033333335 0.966666639 0.000000000
2915 0.000000000 1.000000000 0.000000000
2916 0.500000000 0.500000000 0.000000000
2917 0.204918027 0.795081973 0.000000000
2918 0.000000000 1.000000000 0.000000000
2919 0.132093936 0.867906094 0.000000000
2920 0.000000000 1.000000000 0.000000000
2921 0.000000000 1.000000000 0.000000000
2922 0.012295082 0.987704933 0.000000000
2923 0.014285714 0.985714257 0.000000000
2924 0.076271184 0.923728824 0.000000000
2925 0.000000000 1.000000000 0.000000000
2926 0.000000000 1.000000000 0.000000000
2927 0.272559017 0.727440953 0.000000000
2928 0.000000000 1.000000000 0.000000000
2929 0.000000000 1.000000000 0.000000000
2930 0.000000000 1.000000000 0.000000000
2931 0.500000000 0.500000000 0.000000000
2932 0.000000000 1.000000000 0.000000000
2933 0.500000000 0.500000000 0.000000000
2934 0.017241379 0.982758641 0.000000000
2935 0.000000000 1.000000000 0.000000000
2936 0.000000000 1.000000000 0.000000000
2937 0.000000000 1.000000000 0.000000000
2938 0.000000000 1.000000000 0.000000000
2939 0.000000000 1.000000000 0.000000000
2940 0.000000000 1.000000000 0.000000000
2941 0.000000000 1.000000000 0.000000000
2942 0.017857144 0.982142866 0.000000000
2943 0.000000000 1.000000000 0.000000000
2944 0.000000000 1.000000000 0.000000000
2945 0.000000000 1.000000000 0.000000000
2946 0.000000000 1.000000000 0.000000000
2947 0.000000000 1.000000000 0.000000000
2948 0.000000000 1.000000000 0.000000000
2949 0.000000000 1.000000000 0.000000000
2950 0.041666668 0.958333313 0.000000000
2951 0.015625000 0.984375000 0.000000000
2952 0.998792291 0.001207729 0.000000000
2953 0.982558131 0.017441861 0.000000000
2954 1.000000000 0.000000000 0.000000000
2955 0.987421393 0.012578616 0.000000000
2956 0.994047642 0.005952381 0.000000000
2957 0.997787595 0.002212389 0.000000000
2958 0.931818187 0.068181820 0.000000000
2959 0.922374427 0.077625573 0.000000000
2960 0.937500000 0.062500000 0.000000000
2961 0.991830051 0.008169935 0.000000000
2962 0.864705861 0.135294124 0.000000000
2963 0.930000007 0.070000000 0.000000000
2964 1.000000000 0.000000000 0.000000000
2965 0.000000000 1.000000000 0.000000000
2966 1.000000000 0.000000000 0.000000000
2967 1.000000000 0.000000000 0.000000000
2968 1.000000000 0.000000000 0.000000000
2969 1.000000000 0.000000000 0.000000000
2970 0.500000000 0.500000000 0.000000000
2971 1.000000000 0.000000000 0.000000000
2972 1.000000000 0.000000000 0.000000000
2973 1.000000000 0.000000000 0.000000000
2974 1.000000000 0.000000000 0.000000000
2975 1.000000000 0.000000000 0.000000000
2976 1.000000000 0.000000000 0.000000000
2977 1.000000000 0.000000000 0.000000000
2978 0.996183217 0.003816794 0.000000000
2979 0.000000000 1.000000000 0.000000000
2980 1.000000000 0.000000000 0.000000000
2981 0.500000000 0.500000000 0.000000000
2982 0.990384638 0.009615385 0.000000000
2983 1.000000000 0.000000000 0.000000000
2984 1.000000000 0.000000000 0.000000000
2985 1.000000000 0.000000000 0.000000000
2986 0.933333337 0.066666670 0.000000000
2987 0.500000000 0.500000000 0.000000000
2988 0.990566015 0.009433962 0.000000000
2989 1.000000000 0.000000000 0.000000000
2990 1.000000000 0.000000000 0.000000000
2991 0.666666687 0.333333343 0.000000000
2992 1.000000000 0.000000000 0.000000000
2993 0.000000000 1.000000000 0.000000000
2994 1.000000000 0.000000000 0.000000000
2995 0.899999976 0.100000001 0.000000000
2996 1.000000000 0.000000000 0.000000000
2997 0.989361703 0.010638298 0.000000000
2998 0.500000000 0.500000000 0.000000000
2999 0.993055582 0.006944444 0.000000000
3000 1.000000000 0.000000000 0.000000000
3001 0.989247322 0.010752688 0.000000000
3002 1.000000000 0.000000000 0.000000000
3003 1.000000000 0.000000000 0.000000000
3004 0.500000000 0.500000000 0.000000000
3005 1.000000000 0.000000000 0.000000000
3006 0.500000000 0.500000000 0.000000000
3007 0.000000000 1.000000000 0.000000000
3008 0.500000000 0.500000000 0.000000000
3009 0.500000000 0.500000000 0.000000000
3010 0.500000000 0.500000000 0.000000000
3011 0.500000000 0.500000000 0.000000000
3012 0.500000000 0.500000000 0.000000000
3013 0.500000000 0.500000000 0.000000000
3014 0.500000000 0.500000000 0.000000000
3015 1.000000000 0.000000000 0.000000000
3016 0.800000012 0.200000003 0.000000000
3017 0.500000000 0.500000000 0.000000000
3018 0.500000000 0.500000000 0.000000000
3019 0.500000000 0.500000000 0.000000000
3020 0.500000000 0.500000000 0.000000000
3021 0.500000000 0.500000000 0.000000000
3022 0.500000000 0.500000000 0.000000000
3023 0.500000000 0.500000000 0.000000000
3024 0.500000000 0.500000000 0.000000000
3025 0.500000000 0.500000000 0.000000000
3026 0.500000000 0.500000000 0.000000000
3027 0.500000000 0.500000000 0.000000000
3028 0.500000000 0.500000000 0.000000000
3029 0.500000000 0.500000000 0.000000000
3030 0.500000000 0.500000000 0.000000000
3031 0.500000000 0.500000000 0.000000000
3032 0.500000000 0.500000000 0.000000000
3033 0.500000000 0.500000000 0.000000000
3034 0.500000000 0.500000000 0.000000000
3035 0.500000000 0.500000000 0.000000000
3036 0.500000000 0.500000000 0.000000000
3037 0.500000000 0.500000000 0.000000000
3038 0.500000000 0.500000000 0.000000000
3039 0.500000000 0.500000000 0.000000000
3040 0.500000000 0.500000000 0.000000000
3041 0.500000000 0.500000000 0.000000000
3042 0.500000000 0.500000000 0.000000000
3043 0.500000000 0.500000000 0.000000000
3044 0.500000000 0.500000000 0.000000000
3045 0.500000000 0.500000000 0.000000000
3046 0.500000000 0.500000000 0.000000000
3047 0.500000000 0.500000000 0.000000000
3048 0.500000000 0.500000000 0.000000000
3049 0.500000000 0.500000000 0.000000000
3050 0.500000000 0.500000000 0.000000000
3051 0.500000000 0.500000000 0.000000000
3052 0.500000000 0.500000000 0.000000000
3053 0.500000000 0.500000000 0.000000000
3054 0.500000000 0.500000000 0.000000000
3055 0.500000000 0.500000000 0.000000000
3056 0.500000000 0.500000000 0.000000000
3057 0.500000000 0.500000000 0.000000000
3058 0.500000000 0.500000000 0.000000000
3059 0.500000000 0.500000000 0.000000000
3060 0.500000000 0.500000000 0.000000000
3061 0.500000000 0.500000000 0.000000000
3062 0.500000000 0.500000000 0.000000000
3063 0.500000000 0.500000000 0.000000000
3064 0.500000000 0.500000000 0.000000000
3065 0.500000000 0.500000000 0.000000000
3066 0.500000000 0.500000000 0.000000000
3067 0.500000000 0.500000000 0.000000000
3068 0.306818187 0.693181813 0.000000000
3069 0.000000000 1.000000000 0.000000000
3070 0.000000000 1.000000000 0.000000000
3071 0.000000000 1.000000000 0.000000000
3072 0.000000000 1.000000000 0.000000000
3073 0.409598202 0.590401769 0.000000000
3074 0.500000000 0.500000000 0.000000000
3075 1.000000000 0.000000000 0.000000000
3076 0.010000000 0.990000010 0.000000000
3077 0.000000000 1.000000000 0.000000000
3078 0.003463204 0.996536791 0.000000000
3079 0.000000000 1.000000000 0.000000000
3080 0.039999999 0.959999979 0.000000000
3081 0.003333333 0.996666670 0.000000000
3082 0.006097561 0.993902445 0.000000000
3083 0.574300885 0.425699085 0.000000000
3084 0.831196606 0.168803424 0.000000000
3085 0.010135135 0.989864886 0.000000000
3086 0.003378378 0.996621609 0.000000000
3087 0.050724637 0.949275374 0.000000000
3088 0.391289264 0.608710766 0.000000000
3089 0.033333335 0.966666639 0.000000000
3090 0.136363640 0.863636374 0.000000000
3091 0.000000000 1.000000000 0.000000000
3092 0.015873017 0.984126985 0.000000000
3093 0.003571429 0.996428549 0.000000000
3094 0.000000000 1.000000000 0.000000000
3095 0.002369668 0.997630358 0.000000000
3096 0.004962779 0.995037198 0.000000000
3097 0.002358491 0.997641504 0.000000000
3098 0.018508997 0.981491029 0.000000000
3099 0.088291287 0.911708713 0.000000000
3100 0.087582953 0.912417054 0.000000000
3101 0.051521678 0.948478341 0.000000000
3102 0.054631241 0.945368767 0.000000000
3103 0.086391121 0.913608909 0.000000000
3104 0.003496503 0.996503472 0.000000000
3105 0.002688172 0.997311831 0.000000000
3106 0.002801121 0.997198880 0.000000000
3107 0.000875657 0.999124348 0.000000000
3108 0.004595588 0.995404422 0.000000000
3109 0.001543210 0.998456776 0.000000000
3110 0.003289474 0.996710539 0.000000000
3111 0.001675042 0.998324931 0.000000000
3112 0.000919118 0.999080896 0.000000000
3113 0.006908463 0.993091524 0.000000000
3114 0.002788104 0.997211874 0.000000000
3115 0.017210145 0.982789874 0.000000000
3116 0.000929368 0.999070644 0.000000000
3117 0.003676471 0.996323526 0.000000000
3118 0.003454231 0.996545792 0.000000000
3119 0.024137931 0.975862086 0.000000000
3120 0.000000000 0.864243984 0.135755986
3121 0.000000000 0.000000000 1.000000000
3122 0.000000000 0.000000000 1.000000000
3123 0.000000000 0.000000000 1.000000000
3124 0.000000000 0.000000000 1.000000000
3125 0.000000000 0.000000000 1.000000000
3126 0.000000000 0.025051251 0.974948764
3127 0.000000000 0.000000000 1.000000000
3128 0.000000000 0.000000000 1.000000000
3129 0.000000000 0.000000000 1.000000000
3130 0.000000000 0.000000000 1.000000000
3131 0.000000000 0.000000000 1.000000000
3132 0.000000000 0.000000000 1.000000000
3133 0.000000000 0.500000000 0.500000000
3134 0.000000000 0.500000000 0.500000000
3135 0.000000000 0.500000000 0.500000000
3136 0.000000000 0.500000000 0.500000000
3137 0.000000000 0.500000000 0.500000000
3138 0.000000000 0.500000000 0.500000000
3139 0.000000000 0.500000000 0.500000000
3140 0.000000000 0.500000000 0.500000000
3141 0.000000000 0.500000000 0.500000000
3142 0.000000000 0.500000000 0.500000000
3143 0.000000000 0.500000000 0.500000000
3144 0.000000000 0.500000000 0.500000000
3145 0.000000000 0.500000000 0.500000000
3146 0.000000000 0.000000000 1.000000000
3147 0.000000000 0.266666681 0.733333349
3148 0.000000000 0.250000000 0.750000000
3149 0.000000000 0.050000001 0.949999988
3150 0.000000000 0.165254235 0.834745765
3151 0.000000000 0.000000000 1.000000000
3152 0.000000000 0.083333336 0.916666687
3153 0.000000000 0.000000000 1.000000000
3154 0.000000000 0.125000000 0.875000000
3155 0.000000000 0.052631579 0.947368443
3156 0.000000000 0.210526317 0.789473712
3157 0.000000000 0.111111112 0.888888896
3158 0.000000000 0.150000006 0.850000024
3159 0.000000000 0.062500000 0.937500000
3160 0.000000000 0.000000000 1.000000000
3161 0.000000000 0.000000000 1.000000000
3162 0.000000000 0.000000000 1.000000000
3163 0.000000000 0.000000000 1.000000000
3164 0.000000000 0.000000000 1.000000000
3165 0.000000000 0.164920881 0.835079134
3166 0.000000000 0.000000000 1.000000000
3167 0.000000000 0.000000000 1.000000000
3168 0.000000000 0.000000000 1.000000000
3169 0.000000000 0.071428575 0.928571403
3170 0.000000000 0.000000000 1.000000000
3171 0.000000000 0.000000000 1.000000000
3172 0.000000000 1.000000000 0.000000000
3173 0.000000000 0.041666668 0.958333313
3174 0.000000000 0.062500000 0.937500000
3175 0.000000000 0.055555556 0.944444418
3176 0.000000000 0.000000000 1.000000000
3177 0.000000000 0.921882808 0.078117177
3178 0.000000000 0.490166306 0.509833694
3179 0.000000000 0.071428575 0.928571403
3180 0.000000000 0.928571403 0.071428575
3181 0.000000000 1.000000000 0.000000000
3182 0.000000000 0.000000000 1.000000000
3183 0.000000000 0.000000000 1.000000000
3184 0.000000000 0.424836367 0.575163603
3185 0.000000000 1.000000000 0.000000000
3186 0.000000000 0.964502811 0.035497207
3187 0.000000000 0.500000000 0.500000000
3188 0.000000000 0.166666672 0.833333313
3189 0.000000000 0.750000000 0.250000000
3190 0.000000000 0.500000000 0.500000000
3191 0.000000000 0.500000000 0.500000000
3192 0.000000000 1.000000000 0.000000000
3193 0.000000000 0.500000000 0.500000000
3194 0.000000000 0.000000000 1.000000000
3195 0.000000000 0.500000000 0.500000000
3196 0.000000000 0.824999988 0.174999997
3197 0.000000000 0.000000000 1.000000000
3198 0.000000000 1.000000000 0.000000000
3199 0.000000000 0.033898305 0.966101706
3200 0.000000000 0.000000000 1.000000000
3201 0.000000000 1.000000000 0.000000000
3202 0.000000000 0.001488095 0.998511910
3203 0.000000000 1.000000000 0.000000000
3204 0.000000000 0.656031966 0.343968034
3205 0.000000000 0.059523810 0.940476179
3206 0.000000000 0.840425551 0.159574464
3207 0.000000000 0.967391312 0.032608695
3208 0.000000000 0.073529415 0.926470578
3209 0.000000000 0.964743614 0.035256412
3210 0.000000000 0.116724461 0.883275568
3211 0.000000000 0.183333337 0.816666663
3212 0.000000000 0.000000000 1.000000000
3213 0.000000000 0.166666672 0.833333313
3214 0.000000000 1.000000000 0.000000000
3215 0.000000000 1.000000000 0.000000000
3216 0.000000000 0.500000000 0.500000000
3217 0.000000000 0.500000000 0.500000000
3218 0.000000000 1.000000000 0.000000000
3219 0.000000000 0.500000000 0.500000000
3220 0.000000000 0.468387097 0.531612933
3221 0.000000000 0.500000000 0.500000000
3222 0.000000000 0.500000000 0.500000000
3223 0.000000000 1.000000000 0.000000000
3224 0.000000000 0.500000000 0.500000000
3225 0.000000000 0.875000000 0.125000000
3226 0.000000000 0.857142866 0.142857149
3227 0.000000000 0.500000000 0.500000000
3228 0.000000000 1.000000000 0.000000000
3229 0.000000000 0.750000000 0.250000000
3230 0.000000000 0.145819366 0.854180634
3231 0.000000000 0.899999976 0.100000001
3232 0.000000000 0.875000000 0.125000000
3233 0.000000000 0.222222224 0.777777791
3234 0.000000000 0.981714308 0.018285714
3235 0.000000000 1.000000000 0.000000000
3236 0.000000000 1.000000000 0.000000000
3237 0.000000000 0.691172838 0.308827132
3238 0.000000000 0.807356656 0.192643359
3239 0.000000000 0.776726305 0.223273709
3240 0.000000000 0.080599979 0.919400036
3241 0.000000000 0.610814333 0.389185637
3242 0.000000000 0.577675283 0.422324717
3243 0.000000000 0.636363626 0.363636374
3244 0.000000000 0.788164854 0.211835161
3245 0.000000000 0.629759133 0.370240867
3246 0.000000000 0.000000000 1.000000000
3247 0.000000000 0.697160959 0.302839041
3248 0.000000000 0.689873397 0.310126573
3249 0.000000000 0.652173936 0.347826093
3250 0.000000000 0.956788778 0.043211214
3251 0.000000000 1.000000000 0.000000000
3252 0.000000000 0.739132404 0.260867596
3253 0.000000000 0.990740716 0.009259259
3254 0.000000000 1.000000000 0.000000000
3255 0.000000000 0.875978887 0.124021105
3256 0.000000000 0.748624623 0.251375377
3257 0.000000000 0.897583485 0.102416515
3258 0.000000000 0.806451619 0.193548381
3259 0.000000000 0.754901946 0.245098040
3260 0.000000000 0.505171716 0.494828254
3261 0.000000000 0.985714257 0.014285714
3262 0.000000000 0.926719785 0.073280230
3263 0.000000000 0.819752395 0.180247605
3264 0.000000000 0.742930055 0.257069916
3265 0.000000000 0.729920447 0.270079553
3266 0.000000000 0.824849188 0.175150812
3267 0.000000000 0.671833873 0.328166097
3268 0.000000000 0.685819209 0.314180762
3269 0.000000000 0.771321654 0.228678346
3270 0.000000000 0.777022839 0.222977147
3271 0.000000000 0.859970987 0.140029013
3272 0.000000000 0.920577645 0.079422355
3273 0.000000000 0.989353478 0.010646535
3274 0.000000000 0.347002298 0.652997732
3275 0.000000000 0.780867100 0.219132885
3276 0.000000000 0.554270864 0.445729136
3277 0.000000000 0.437384099 0.562615931
3278 0.000000000 0.231931612 0.768068373
3279 0.000000000 0.163533643 0.836466372
3280 0.000000000 0.070521720 0.929478288
3281 0.000000000 0.697939038 0.302060962
3282 0.000000000 0.415900528 0.584099472
3283 0.000000000 0.357641488 0.642358482
3284 0.000000000 0.132634699 0.867365301
3285 0.000000000 0.638634443 0.361365527
3286 0.000000000 0.489752918 0.510247111
3287 0.000000000 0.527419448 0.472580522
3288 0.000000000 0.330002129 0.669997871
3289 0.000000000 0.500000000 0.500000000
3290 0.000000000 0.500000000 0.500000000
3291 0.000000000 0.500000000 0.500000000
3292 0.000000000 0.500000000 0.500000000
3293 0.000000000 0.500000000 0.500000000
3294 0.000000000 0.500000000 0.500000000
3295 0.000000000 0.500000000 0.500000000
3296 0.000000000 0.500000000 0.500000000
3297 0.000000000 0.500000000 0.500000000
3298 0.000000000 0.500000000 0.500000000
3299 0.000000000 0.500000000 0.500000000
3300 0.000000000 0.500000000 0.500000000
3301 0.000000000 0.500000000 0.500000000
3302 0.000000000 0.500000000 0.500000000
3303 0.000000000 0.500000000 0.500000000
3304 0.000000000 0.500000000 0.500000000
3305 0.000000000 0.500000000 0.500000000
3306 0.000000000 0.500000000 0.500000000
3307 0.000000000 0.500000000 0.500000000
3308 0.000000000 0.500000000 0.500000000
3309 0.000000000 0.500000000 0.500000000
3310 0.000000000 1.000000000 0.000000000
3311 0.000000000 0.500000000 0.500000000
3312 0.000000000 0.500000000 0.500000000
3313 0.000000000 0.500000000 0.500000000
3314 0.000000000 0.500000000 0.500000000
3315 0.000000000 0.500000000 0.500000000
3316 0.000000000 1.000000000 0.000000000
3317 0.000000000 0.250000000 0.750000000
3318 0.000000000 0.500000000 0.500000000
3319 0.000000000 1.000000000 0.000000000
3320 0.000000000 0.500000000 0.500000000
3321 0.000000000 0.000000000 1.000000000
3322 0.000000000 0.500000000 0.500000000
3323 0.000000000 0.500000000 0.500000000
3324 0.000000000 1.000000000 0.000000000
3325 0.000000000 0.500000000 0.500000000
3326 0.000000000 0.672413766 0.327586204
3327 0.000000000 0.500000000 0.500000000
3328 0.000000000 0.870370388 0.129629627
3329 0.000000000 0.528470576 0.471529454
3330 0.000000000 0.357142866 0.642857134
3331 0.000000000 0.522727251 0.477272719
3332 0.000000000 0.890625000 0.109375000
3333 0.000000000 0.431276292 0.568723679
3334 0.000000000 0.291067779 0.708932221
3335 0.000000000 0.949999988 0.050000001
3336 0.000000000 0.273333341 0.726666689
3337 0.000000000 0.690476179 0.309523821
3338 0.000000000 0.391945750 0.608054280
3339 0.000000000 0.675000012 0.324999988
3340 0.000000000 0.466666669 0.533333361
3341 0.000000000 0.857142866 0.142857149
3342 0.000000000 0.818181813 0.181818187
3343 0.000000000 1.000000000 0.000000000
3344 0.000000000 0.642857134 0.357142866
3345 0.000000000 0.333333343 0.666666687
3346 0.000000000 0.750000000 0.250000000
3347 0.000000000 0.247320980 0.752679050
3348 0.000000000 0.428571433 0.571428597
3349 0.000000000 0.852941155 0.147058830
3350 0.000000000 1.000000000 0.000000000
3351 0.000000000 0.349999994 0.649999976
3352 0.000000000 0.949999988 0.050000001
3353 0.000000000 1.000000000 0.000000000
3354 0.000000000 0.382528484 0.617471516
3355 0.000000000 0.437500000 0.562500000
3356 0.000000000 0.563218415 0.436781615
3357 0.000000000 0.667190790 0.332809240
3358 0.000000000 0.596703291 0.403296709
3359 0.000000000 0.332386374 0.667613626
3360 0.000000000 0.871160150 0.128839850
3361 0.000000000 0.009523810 0.990476191
3362 0.000000000 0.378640771 0.621359229
3363 0.000000000 0.377218008 0.622781992
3364 0.000000000 0.039222207 0.960777819
3365 0.000000000 0.990825713 0.009174312
3366 0.000000000 0.505050480 0.494949490
3367 0.000000000 0.580334306 0.419665694
3368 0.000000000 0.526315808 0.473684222
3369 0.000000000 0.609047592 0.390952438
3370 0.000000000 1.000000000 0.000000000
3371 0.000000000 0.375262141 0.624737859
3372 0.000000000 0.991304338 0.008695652
3373 0.000000000 0.000000000 1.000000000
3374 0.000000000 0.772805452 0.227194577
3375 0.000000000 0.512000024 0.488000005
3376 0.000000000 0.405095935 0.594904065
3377 0.000000000 0.591228068 0.408771932
3378 0.000000000 0.828135729 0.171864286
3379 0.000000000 0.515873015 0.484126985
3380 0.000000000 0.166666672 0.833333313
3381 0.000000000 0.166666672 0.833333313
3382 0.000000000 1.000000000 0.000000000
3383 0.000000000 0.875000000 0.125000000
3384 0.000000000 0.625000000 0.375000000
3385 0.000000000 0.833333313 0.166666672
3386 0.000000000 0.000000000 1.000000000
3387 0.000000000 0.000000000 1.000000000
3388 0.000000000 0.500000000 0.500000000
3389 0.000000000 1.000000000 0.000000000
3390 0.000000000 0.000000000 1.000000000
3391 0.000000000 0.958333313 0.041666668
3392 0.000000000 0.750000000 0.250000000
3393 0.000000000 0.911764681 0.088235296
3394 0.000000000 0.925000012 0.075000003
3395 0.000000000 0.827952504 0.172047481
3396 0.000000000 0.678340197 0.321659833
3397 0.000000000 0.958333313 0.041666668
3398 0.000000000 0.979166687 0.020833334
3399 0.000000000 0.605263174 0.394736856
3400 0.000000000 0.540559292 0.459440708
3401 0.000000000 0.321428567 0.678571403
3402 0.000000000 0.964285731 0.035714287
3403 0.000000000 0.676470578 0.323529422
3404 0.000000000 1.000000000 0.000000000
3405 0.000000000 1.000000000 0.000000000
3406 0.000000000 0.903793216 0.096206784
3407 0.000000000 0.798481047 0.201518953
3408 0.000000000 0.710699022 0.289300978
3409 0.000000000 0.941441417 0.058558557
3410 0.000000000 0.882087052 0.117912933
3411 0.000000000 0.688073397 0.311926603
3412 0.000000000 0.402389377 0.597610593
3413 0.000000000 0.986486495 0.013513514
3414 0.000000000 0.842105269 0.157894731
3415 0.000000000 0.415983617 0.584016383
3416 0.000000000 0.691964269 0.308035702
3417 0.000000000 0.514228821 0.485771179
3418 0.000000000 0.802180707 0.197819307
3419 0.000000000 0.273564458 0.726435542
3420 0.000000000 0.665952682 0.334047318
3421 0.000000000 0.908602178 0.091397852
3422 0.000000000 0.995145619 0.004854369
3423 0.000000000 0.570605993 0.429394037
3424 0.000000000 0.912671208 0.087328769
3425 0.000000000 0.653921545 0.346078426
3426 0.000000000 0.639752448 0.360247552
3427 0.000000000 0.702127635 0.297872335
3428 0.000000000 0.994186044 0.005813953
3429 0.000000000 0.025641026 0.974358976
3430 0.000000000 0.977777779 0.022222223
3431 0.000000000 0.846296310 0.153703704
3432 0.000000000 0.629504144 0.370495856
3433 0.000000000 0.946969688 0.053030305
3434 0.000000000 0.897849441 0.102150537
3435 0.000000000 0.280611336 0.719388664
3436 0.000000000 0.522742808 0.477257162
3437 0.000000000 0.382379800 0.617620230
3438 0.000000000 0.516739786 0.483260185
3439 0.000000000 0.078609623 0.921390355
3440 0.000000000 0.296858728 0.703141272
3441 0.000000000 0.267605633 0.732394338
3442 0.000000000 0.965384603 0.034615386
3443 0.000000000 0.012500000 0.987500012
3444 0.000000000 0.387230635 0.612769365
3445 0.000000000 0.084154926 0.915845096
3446 0.000000000 0.021793948 0.978206038
3447 0.000000000 0.010542168 0.989457846
3448 0.000000000 0.021872265 0.978127718
3449 0.000000000 0.022334294 0.977665722
3450 0.000000000 0.028571429 0.971428573
3451 0.000000000 0.177835777 0.822164237
3452 0.000000000 0.013005780 0.986994207
3453 0.000000000 0.015281757 0.984718263
3454 0.000000000 0.121408045 0.878591955
3455 0.000000000 0.024216523 0.975783467
3456 0.000000000 0.382079363 0.617920637
3457 0.000000000 0.191362366 0.808637619
3458 0.333333343 0.333333343 0.333333343
3459 0.333333343 0.333333343 0.333333343
3460 0.333333343 0.333333343 0.333333343
3461 0.333333343 0.333333343 0.333333343
3462 0.333333343 0.333333343 0.333333343
3463 0.333333343 0.333333343 0.333333343
3464 0.333333343 0.333333343 0.333333343
3465 0.333333343 0.333333343 0.333333343
3466 0.333333343 0.333333343 0.333333343
3467 0.333333343 0.333333343 0.333333343
3468 0.333333343 0.333333343 0.333333343
3469 0.333333343 0.333333343 0.333333343
3470 0.333333343 0.333333343 0.333333343
3471 0.333333343 0.333333343 0.333333343
3472 0.333333343 0.333333343 0.333333343
3473 0.333333343 0.333333343 0.333333343
3474 0.333333343 0.333333343 0.333333343
3475 0.333333343 0.333333343 0.333333343
3476 0.333333343 0.333333343 0.333333343
3477 0.333333343 0.333333343 0.333333343
3478 0.333333343 0.333333343 0.333333343
3479 0.333333343 0.333333343 0.333333343
3480 0.333333343 0.333333343 0.333333343
3481 0.333333343 0.333333343 0.333333343
3482 0.333333343 0.333333343 0.333333343
3483 1.000000000 0.000000000 0.000000000
3484 0.333333343 0.333333343 0.333333343
3485 1.000000000 0.000000000 0.000000000
3486 0.166666672 0.322916657 0.510416687
3487 0.333333343 0.333333343 0.333333343
3488 0.000000000 0.000000000 1.000000000
3489 0.733333349 0.133333340 0.133333340
3490 1.000000000 0.000000000 0.000000000
3491 0.318840593 0.166666672 0.514492750
3492 0.784135997 0.000000000 0.215863988
3493 0.000000000 0.000000000 1.000000000
3494 0.333333343 0.333333343 0.333333343
3495 0.000000000 0.000000000 1.000000000
3496 0.333333343 0.333333343 0.333333343
3497 0.534181952 0.012345679 0.453472376
3498 0.481481493 0.148148149 0.370370358
3499 0.460317463 0.269841284 0.269841284
3500 0.151515156 0.191494495 0.656990349
3501 0.333333343 0.366815478 0.299851179
3502 1.000000000 0.000000000 0.000000000
3503 0.694444418 0.152777776 0.152777776
3504 0.791866660 0.016666668 0.191466659
3505 0.759999990 0.119999997 0.119999997
3506 0.407826483 0.394894600 0.197278917
3507 0.750000000 0.125000000 0.125000000
3508 0.487954766 0.000000000 0.512045264
3509 0.515077651 0.022222223 0.462700099
3510 1.000000000 0.000000000 0.000000000
3511 1.000000000 0.000000000 0.000000000
3512 0.076086953 0.000000000 0.923913062
3513 1.000000000 0.000000000 0.000000000
3514 0.055555556 0.305555552 0.638888896
3515 0.666666687 0.166666672 0.166666672
3516 0.939393938 0.030303031 0.030303031
3517 0.746031761 0.095238097 0.158730164
3518 0.764705896 0.058823530 0.176470593
3519 0.443192005 0.000000000 0.556807995
3520 0.533333361 0.033333335 0.433333337
3521 0.000000000 0.031250000 0.968750000
3522 0.904761910 0.047619049 0.047619049
3523 0.970544934 0.015463918 0.013991163
3524 0.986111104 0.006944444 0.006944444
3525 0.985475779 0.003831418 0.010692817
3526 0.749210536 0.162394240 0.088395230
3527 0.992673993 0.003663004 0.003663004
3528 0.015151516 0.026515152 0.958333313
3529 0.947826087 0.008695652 0.043478262
3530 0.965079367 0.012103175 0.022817461
3531 0.977346301 0.016181231 0.006472492
3532 0.583333313 0.003333333 0.413333327
3533 0.955974817 0.022012578 0.022012578
3534 0.945504427 0.023814410 0.030681178
3535 0.993265986 0.003367003 0.003367003
3536 0.993399322 0.003300330 0.003300330
3537 0.826111257 0.173888728 0.000000000
3538 0.630266964 0.052621305 0.317111760
3539 0.990602791 0.001309927 0.008087264
3540 0.982456148 0.008771930 0.008771930
3541 0.988405824 0.005797102 0.005797102
3542 0.000000000 0.000000000 1.000000000
3543 0.871004879 0.002150538 0.126844585
3544 0.994666696 0.002666667 0.002666667
3545 1.000000000 0.000000000 0.000000000
3546 0.988304079 0.005847953 0.005847953
3547 0.994100273 0.002949852 0.002949852
3548 0.954329789 0.040379215 0.005291005
3549 0.777777791 0.111111112 0.111111112
3550 0.111111112 0.277896494 0.610992432
3551 0.136513039 0.863486946 0.000000000
3552 0.833333313 0.083333336 0.083333336
3553 0.833333313 0.083333336 0.083333336
3554 0.777777791 0.111111112 0.111111112
3555 1.000000000 0.000000000 0.000000000
3556 0.000000000 0.000000000 1.000000000
3557 0.866666675 0.066666670 0.066666670
3558 0.990414739 0.000000000 0.009585248
3559 0.000000000 1.000000000 0.000000000
3560 0.836980581 0.135241643 0.027777778
3561 0.666666687 0.166666672 0.166666672
3562 0.843137264 0.049019609 0.107843138
3563 0.888888896 0.055555556 0.055555556
3564 0.420772374 0.553586602 0.025641026
3565 1.000000000 0.000000000 0.000000000
3566 0.833333313 0.000000000 0.166666672
3567 0.929347813 0.000000000 0.070652172
3568 1.000000000 0.000000000 0.000000000
3569 0.875000000 0.062500000 0.062500000
3570 0.142857149 0.142857149 0.714285731
3571 0.754168630 0.023809524 0.222021818
3572 0.882352948 0.058823530 0.058823530
3573 0.703119874 0.023809524 0.273070604
3574 0.705882370 0.235294119 0.058823530
3575 0.377897292 0.486317724 0.135785013
3576 0.855731070 0.129901081 0.014367816
3577 0.523036838 0.404174030 0.072789118
3578 0.528054357 0.219377279 0.252568364
3579 0.502578259 0.323271424 0.174150303
3580 0.346337467 0.003058104 0.650604427
3581 0.272411853 0.323361576 0.404226571
3582 0.549549520 0.108108111 0.342342347
3583 0.320221603 0.298407197 0.381371200
3584 0.000000000 0.009388972 0.990611017
3585 0.910714269 0.044642858 0.044642858
3586 0.570336640 0.316568106 0.113095239
3587 0.524610043 0.297819853 0.177570090
3588 0.425702810 0.340654850 0.233642355
3589 0.625533164 0.258681297 0.115785524
3590 0.632939339 0.184634447 0.182426244
3591 0.928802609 0.035598706 0.035598706
3592 0.306835830 0.510450482 0.182713687
3593 0.653640985 0.231773004 0.114586025
3594 0.790110826 0.198124468 0.011764706
3595 0.567307711 0.032051284 0.400641024
3596 0.382174879 0.348528713 0.269296408
3597 0.266564935 0.584210277 0.149224803
3598 0.076923080 0.120396271 0.802680671
3599 0.374367565 0.562541068 0.063091405
3600 0.076104090 0.611823082 0.312072814
3601 0.291758329 0.591025233 0.117216408
3602 0.037878789 0.905199230 0.056921959
3603 0.032258064 0.912654519 0.055087432
3604 0.019283747 0.945181251 0.035535023
3605 0.005089059 0.520049155 0.474861801
3606 0.732388794 0.240062967 0.027548209
3607 0.002824859 0.823372662 0.173802465
3608 0.033575486 0.838955522 0.127468973
3609 0.056585386 0.785453379 0.157961234
3610 0.838719070 0.107306726 0.053974230
3611 0.010256411 0.917426050 0.072317548
3612 0.020833334 0.040364582 0.938802063
3613 0.000000000 0.495755374 0.504244626
3614 0.000938967 0.127297118 0.871763945
3615 0.005763689 0.072137803 0.922098517
3616 0.001004016 0.011976478 0.987019479
3617 0.008748907 0.026897917 0.964353204
3618 0.003842459 0.028338136 0.967819393
3619 0.001904762 0.018231293 0.979863942
3620 0.000856898 0.068722509 0.930420578
3621 0.000000000 0.017344324 0.982655704
3622 0.004775549 0.012684510 0.982539952
3623 0.006704981 0.047586601 0.945708394
3624 0.000000000 0.108292632 0.891707361
3625 0.034682080 0.826176703 0.139141202
3626 0.020599252 0.050444756 0.928955972
3627 0.000000000 0.000000000 1.000000000
3628 0.333333343 0.333333343 0.333333343
3629 0.333333343 0.333333343 0.333333343
3630 0.333333343 0.333333343 0.333333343
3631 0.333333343 0.333333343 0.333333343
3632 0.333333343 0.333333343 0.333333343
3633 0.333333343 0.333333343 0.333333343
3634 0.333333343 0.333333343 0.333333343
3635 0.333333343 0.333333343 0.333333343
3636 0.333333343 0.333333343 0.333333343
3637 0.333333343 0.333333343 0.333333343
3638 0.333333343 0.333333343 0.333333343
3639 0.333333343 0.333333343 0.333333343
3640 0.333333343 0.333333343 0.333333343
3641 0.333333343 0.333333343 0.333333343
3642 0.333333343 0.333333343 0.333333343
3643 0.333333343 0.333333343 0.333333343
3644 0.333333343 0.333333343 0.333333343
3645 0.333333343 0.333333343 0.333333343
3646 0.333333343 0.333333343 0.333333343
3647 0.333333343 0.333333343 0.333333343
3648 0.333333343 0.333333343 0.333333343
3649 0.333333343 0.333333343 0.333333343
3650 0.333333343 0.333333343 0.333333343
3651 0.333333343 0.333333343 0.333333343
3652 0.333333343 0.333333343 0.333333343
3653 0.333333343 0.333333343 0.333333343
3654 0.000000000 0.000000000 1.000000000
3655 0.000000000 0.500000000 0.500000000
3656 0.333333343 0.333333343 0.333333343
3657 0.333333343 0.333333343 0.333333343
3658 0.333333343 0.333333343 0.333333343
3659 0.333333343 0.333333343 0.333333343
3660 0.333333343 0.333333343 0.333333343
3661 1.000000000 0.000000000 0.000000000
3662 0.333333343 0.333333343 0.333333343
3663 0.333333343 0.333333343 0.333333343
3664 0.333333343 0.333333343 0.333333343
3665 0.333333343 0.333333343 0.333333343
3666 0.333333343 0.333333343 0.333333343
3667 0.333333343 0.333333343 0.333333343
3668 0.333333343 0.333333343 0.333333343
3669 0.333333343 0.333333343 0.333333343
3670 0.333333343 0.333333343 0.333333343
3671 0.333333343 0.333333343 0.333333343
3672 0.333333343 0.333333343 0.333333343
3673 0.333333343 0.333333343 0.333333343
3674 0.333333343 0.333333343 0.333333343
3675 0.333333343 0.333333343 0.333333343
3676 1.000000000 0.000000000 0.000000000
3677 0.333333343 0.333333343 0.333333343
3678 0.333333343 0.333333343 0.333333343
3679 0.096153848 0.000000000 0.903846145
3680 0.333333343 0.333333343 0.333333343
3681 0.333333343 0.333333343 0.333333343
3682 0.333333343 0.333333343 0.333333343
3683 0.333333343 0.333333343 0.333333343
3684 0.025641026 0.025641026 0.948717952
3685 0.000000000 0.000000000 1.000000000
3686 0.333333343 0.333333343 0.333333343
3687 0.129848793 0.214340135 0.655811071
3688 0.000000000 0.044642858 0.955357134
3689 0.333333343 0.333333343 0.333333343
3690 0.333333343 0.333333343 0.333333343
3691 0.000000000 0.000000000 1.000000000
3692 0.333333343 0.333333343 0.333333343
3693 0.000000000 0.000000000 1.000000000
3694 0.333333343 0.333333343 0.333333343
3695 0.333333343 0.333333343 0.333333343
3696 1.000000000 0.000000000 0.000000000
3697 0.333333343 0.333333343 0.333333343
3698 0.333333343 0.333333343 0.333333343
3699 0.096153848 0.000000000 0.903846145
3700 0.333333343 0.333333343 0.333333343
3701 0.333333343 0.333333343 0.333333343
3702 0.333333343 0.333333343 0.333333343
3703 0.083333336 0.083333336 0.833333313
3704 0.333333343 0.333333343 0.333333343
3705 0.943396211 0.000000000 0.056603774
3706 0.000000000 0.000000000 1.000000000
3707 0.333333343 0.333333343 0.333333343
3708 0.000000000 0.000000000 1.000000000
3709 0.333333343 0.333333343 0.333333343
3710 0.935483873 0.020161290 0.044354837
3711 0.117647059 0.117647059 0.764705896
3712 0.000000000 0.000000000 1.000000000
3713 0.707099557 0.284567118 0.008333334
3714 0.956521749 0.021739131 0.021739131
3715 0.333333343 0.333333343 0.333333343
3716 0.699502766 0.160497233 0.140000001
3717 0.482657045 0.041666668 0.475676268
3718 0.333333343 0.333333343 0.333333343
3719 0.333333343 0.333333343 0.333333343
3720 0.333333343 0.333333343 0.333333343
3721 0.333333343 0.333333343 0.333333343
3722 0.333333343 0.333333343 0.333333343
3723 0.333333343 0.333333343 0.333333343
3724 0.333333343 0.333333343 0.333333343
3725 0.333333343 0.333333343 0.333333343
3726 0.333333343 0.333333343 0.333333343
3727 0.000000000 0.000000000 1.000000000
3728 0.333333343 0.333333343 0.333333343
3729 0.333333343 0.333333343 0.333333343
3730 0.000000000 0.500000000 0.500000000
3731 0.333333343 0.333333343 0.333333343
3732 0.000000000 0.000000000 1.000000000
3733 0.055555556 0.055555556 0.888888896
3734 0.333333343 0.333333343 0.333333343
3735 0.000000000 0.000000000 1.000000000
3736 0.333333343 0.333333343 0.333333343
3737 0.000000000 0.265826195 0.734173834
3738 0.000000000 0.000000000 1.000000000
3739 0.083333336 0.131060600 0.785606086
3740 0.285714298 0.000000000 0.714285731
3741 0.000000000 0.000000000 1.000000000
3742 0.000000000 0.500000000 0.500000000
3743 0.000000000 0.500000000 0.500000000
3744 0.949494958 0.019570706 0.030934343
3745 0.507991433 0.315068662 0.176939890
3746 0.477291584 0.397772610 0.124935806
3747 0.070987657 0.043209877 0.885802448
3748 0.809620559 0.190379456 0.000000000
3749 0.859887838 0.064603128 0.075509042
3750 1.000000000 0.000000000 0.000000000
3751 0.056277055 0.887445867 0.056277055
3752 0.495732129 0.445420146 0.058847729
3753 0.333333343 0.333333343 0.333333343
3754 0.653007209 0.328526944 0.018465862
3755 0.972498655 0.015380162 0.012121212
3756 0.874074101 0.118518516 0.007407407
3757 0.540623009 0.198864758 0.260512233
3758 0.424629658 0.338236362 0.237133965
3759 0.639097810 0.349310368 0.011591838
3760 0.849397182 0.003115265 0.147487551
3761 0.825845957 0.164016202 0.010137875
3762 0.437628388 0.357243419 0.205128208
3763 0.515522957 0.470428407 0.014048662
3764 0.521358252 0.444000691 0.034641039
3765 0.669705570 0.321405560 0.008888889
3766 0.861271739 0.000000000 0.138728276
3767 0.000000000 0.000000000 1.000000000
3768 0.070436902 0.539668143 0.389894962
3769 0.112507552 0.774021566 0.113470875
3770 0.234570652 0.655047476 0.110381879
3771 0.530585885 0.463455051 0.005959065
3772 0.019446066 0.968595803 0.011958146
3773 0.234119326 0.122726984 0.643153667
3774 0.167005792 0.632547617 0.200446621
3775 0.080955140 0.902056456 0.016988417
3776 0.393615723 0.503945231 0.102439024
3777 0.326112807 0.657251298 0.016635867
3778 0.154898420 0.736427665 0.108673893
3779 0.108450070 0.495279789 0.396270156
3780 0.390180796 0.517473698 0.092345528
3781 0.000000000 0.043859649 0.956140339
3782 0.179847538 0.465810061 0.354342401
3783 0.000000000 0.000000000 1.000000000
3784 0.000000000 0.000000000 1.000000000
3785 0.000000000 0.076411963 0.923588037
3786 0.000000000 0.025862070 0.974137902
3787 0.000000000 0.000000000 1.000000000
3788 0.000000000 0.000000000 1.000000000
3789 0.000000000 0.213051111 0.786948860
3790 0.000000000 0.000000000 1.000000000
3791 0.000000000 0.000000000 1.000000000
3792 0.019607844 0.019607844 0.960784316
3793 0.000000000 0.154604897 0.845395088
3794 0.000000000 0.000000000 1.000000000
3795 0.000000000 0.078042328 0.921957672
3796 0.000000000 1.000000000 0.000000000
3797 1.000000000 0.000000000 0.000000000
3798 1.000000000 0.000000000 0.000000000
3799 1.000000000 0.000000000 0.000000000
3800 1.000000000 0.000000000 0.000000000
3801 1.000000000 0.000000000 0.000000000
3802 1.000000000 0.000000000 0.000000000
3803 1.000000000 0.000000000 0.000000000
3804 1.000000000 0.000000000 0.000000000
3805 1.000000000 0.000000000 0.000000000
3806 1.000000000 0.000000000 0.000000000
3807 1.000000000 0.000000000 0.000000000
3808 1.000000000 0.000000000 0.000000000
3809 0.500000000 0.500000000 0.000000000
3810 0.500000000 0.500000000 0.000000000
3811 0.500000000 0.500000000 0.000000000
3812 0.500000000 0.500000000 0.000000000
3813 0.500000000 0.500000000 0.000000000
3814 0.500000000 0.500000000 0.000000000
3815 0.500000000 0.500000000 0.000000000
3816 0.500000000 0.500000000 0.000000000
3817 0.500000000 0.500000000 0.000000000
3818 0.500000000 0.500000000 0.000000000
3819 0.500000000 0.500000000 0.000000000
3820 0.500000000 0.500000000 0.000000000
3821 0.500000000 0.500000000 0.000000000
3822 0.899999976 0.100000001 0.000000000
3823 1.000000000 0.000000000 0.000000000
3824 0.000000000 1.000000000 0.000000000
3825 1.000000000 0.000000000 0.000000000
3826 0.928571403 0.071428575 0.000000000
3827 0.949999988 0.050000001 0.000000000
3828 0.941176474 0.058823530 0.000000000
3829 1.000000000 0.000000000 0.000000000
3830 1.000000000 0.000000000 0.000000000
3831 0.972222209 0.027777778 0.000000000
3832 1.000000000 0.000000000 0.000000000
3833 0.888888896 0.111111112 0.000000000
3834 0.937500000 0.062500000 0.000000000
3835 1.000000000 0.000000000 0.000000000
3836 1.000000000 0.000000000 0.000000000
3837 1.000000000 0.000000000 0.000000000
3838 0.000000000 1.000000000 0.000000000
3839 1.000000000 0.000000000 0.000000000
3840 1.000000000 0.000000000 0.000000000
3841 1.000000000 0.000000000 0.000000000
3842 1.000000000 0.000000000 0.000000000
3843 1.000000000 0.000000000 0.000000000
3844 1.000000000 0.000000000 0.000000000
3845 1.000000000 0.000000000 0.000000000
3846 0.949999988 0.050000001 0.000000000
3847 1.000000000 0.000000000 0.000000000
3848 0.500000000 0.500000000 0.000000000
3849 1.000000000 0.000000000 0.000000000
3850 0.937500000 0.062500000 0.000000000
3851 1.000000000 0.000000000 0.000000000
3852 0.000000000 1.000000000 0.000000000
3853 0.500000000 0.500000000 0.000000000
3854 0.750000000 0.250000000 0.000000000
3855 0.928571403 0.071428575 0.000000000
3856 0.500000000 0.500000000 0.000000000
3857 0.500000000 0.500000000 0.000000000
3858 0.923076928 0.076923080 0.000000000
3859 0.949999988 0.050000001 0.000000000
3860 0.500000000 0.500000000 0.000000000
3861 0.500000000 0.500000000 0.000000000
3862 0.500000000 0.500000000 0.000000000
3863 0.500000000 0.500000000 0.000000000
3864 0.500000000 0.500000000 0.000000000
3865 0.500000000 0.500000000 0.000000000
3866 0.500000000 0.500000000 0.000000000
3867 0.500000000 0.500000000 0.000000000
3868 0.500000000 0.500000000 0.000000000
3869 0.500000000 0.500000000 0.000000000
3870 0.166666672 0.833333313 0.000000000
3871 0.500000000 0.500000000 0.000000000
3872 0.500000000 0.500000000 0.000000000
3873 0.500000000 0.500000000 0.000000000
3874 0.500000000 0.500000000 0.000000000
3875 0.985411108 0.014588874 0.000000000
3876 0.989795923 0.010204081 0.000000000
3877 0.500000000 0.500000000 0.000000000
3878 1.000000000 0.000000000 0.000000000
3879 0.500000000 0.500000000 0.000000000
3880 0.000000000 1.000000000 0.000000000
3881 0.838335931 0.161664069 0.000000000
3882 0.000000000 1.000000000 0.000000000
3883 0.500000000 0.500000000 0.000000000
3884 0.984375000 0.015625000 0.000000000
3885 0.500000000 0.500000000 0.000000000
3886 1.000000000 0.000000000 0.000000000
3887 0.500000000 0.500000000 0.000000000
3888 0.500000000 0.500000000 0.000000000
3889 0.500000000 0.500000000 0.000000000
3890 0.500000000 0.500000000 0.000000000
3891 0.500000000 0.500000000 0.000000000
3892 0.500000000 0.500000000 0.000000000
3893 0.500000000 0.500000000 0.000000000
3894 0.500000000 0.500000000 0.000000000
3895 0.500000000 0.500000000 0.000000000
3896 0.500000000 0.500000000 0.000000000
3897 0.500000000 0.500000000 0.000000000
3898 0.500000000 0.500000000 0.000000000
3899 0.500000000 0.500000000 0.000000000
3900 0.500000000 0.500000000 0.000000000
3901 0.500000000 0.500000000 0.000000000
3902 0.500000000 0.500000000 0.000000000
3903 0.500000000 0.500000000 0.000000000
3904 0.500000000 0.500000000 0.000000000
3905 0.500000000 0.500000000 0.000000000
3906 0.500000000 0.500000000 0.000000000
3907 0.500000000 0.500000000 0.000000000
3908 0.500000000 0.500000000 0.000000000
3909 0.750000000 0.250000000 0.000000000
3910 0.500000000 0.500000000 0.000000000
3911 0.500000000 0.500000000 0.000000000
3912 0.500000000 0.500000000 0.000000000
3913 0.098870464 0.901129544 0.000000000
3914 0.527086198 0.472913772 0.000000000
3915 0.949420989 0.050579030 0.000000000
3916 0.775702834 0.224297166 0.000000000
3917 0.245169088 0.754830897 0.000000000
3918 0.062500000 0.937500000 0.000000000
3919 0.071428575 0.928571403 0.000000000
3920 0.289473683 0.710526288 0.000000000
3921 0.051724140 0.948275864 0.000000000
3922 0.197368428 0.802631557 0.000000000
3923 0.000000000 1.000000000 0.000000000
3924 0.979166687 0.020833334 0.000000000
3925 0.062500000 0.937500000 0.000000000
3926 0.200000003 0.800000012 0.000000000
3927 0.500000000 0.500000000 0.000000000
3928 0.776770473 0.223229542 0.000000000
3929 0.500000000 0.500000000 0.000000000
3930 0.500000000 0.500000000 0.000000000
3931 0.055555556 0.944444418 0.000000000
3932 0.019230770 0.980769217 0.000000000
3933 0.107554197 0.892445803 0.000000000
3934 0.055555556 0.944444418 0.000000000
3935 0.925925910 0.074074075 0.000000000
3936 0.000000000 1.000000000 0.000000000
3937 0.500000000 0.500000000 0.000000000
3938 0.000000000 1.000000000 0.000000000
3939 0.117647059 0.882352948 0.000000000
3940 0.000000000 1.000000000 0.000000000
3941 0.012195121 0.987804890 0.000000000
3942 0.008620690 0.991379321 0.000000000
3943 0.033333335 0.966666639 0.000000000
3944 0.018072288 0.981927693 0.000000000
3945 0.008620690 0.991379321 0.000000000
3946 0.984126985 0.015873017 0.000000000
3947 0.054347824 0.945652187 0.000000000
3948 0.304347813 0.695652187 0.000000000
3949 0.500000000 0.500000000 0.000000000
3950 0.000000000 1.000000000 0.000000000
3951 0.014925373 0.985074639 0.000000000
3952 0.000000000 1.000000000 0.000000000
3953 0.000000000 1.000000000 0.000000000
3954 0.000000000 1.000000000 0.000000000
3955 0.000000000 1.000000000 0.000000000
3956 0.000000000 1.000000000 0.000000000
3957 0.000000000 1.000000000 0.000000000
3958 0.000000000 1.000000000 0.000000000
3959 0.000000000 1.000000000 0.000000000
3960 0.000000000 1.000000000 0.000000000
3961 0.000000000 1.000000000 0.000000000
3962 0.000000000 1.000000000 0.000000000
3963 0.000000000 1.000000000 0.000000000
3964 0.000000000 1.000000000 0.000000000
3965 0.500000000 0.500000000 0.000000000
3966 0.500000000 0.500000000 0.000000000
3967 0.500000000 0.500000000 0.000000000
3968 0.500000000 0.500000000 0.000000000
3969 0.500000000 0.500000000 0.000000000
3970 0.500000000 0.500000000 0.000000000
3971 0.500000000 0.500000000 0.000000000
3972 0.500000000 0.500000000 0.000000000
3973 0.500000000 0.500000000 0.000000000
3974 0.500000000 0.500000000 0.000000000
3975 0.500000000 0.500000000 0.000000000
3976 0.500000000 0.500000000 0.000000000
3977 0.500000000 0.500000000 0.000000000
3978 0.500000000 0.500000000 0.000000000
3979 0.500000000 0.500000000 0.000000000
3980 0.500000000 0.500000000 0.000000000
3981 0.500000000 0.500000000 0.000000000
3982 0.500000000 0.500000000 0.000000000
3983 0.500000000 0.500000000 0.000000000
3984 0.500000000 0.500000000 0.000000000
3985 0.500000000 0.500000000 0.000000000
3986 0.500000000 0.500000000 0.000000000
3987 0.500000000 0.500000000 0.000000000
3988 0.500000000 0.500000000 0.000000000
3989 0.500000000 0.500000000 0.000000000
3990 0.500000000 0.500000000 0.000000000
3991 0.500000000 0.500000000 0.000000000
3992 0.500000000 0.500000000 0.000000000
3993 0.500000000 0.500000000 0.000000000
3994 0.500000000 0.500000000 0.000000000
3995 0.500000000 0.500000000 0.000000000
3996 0.500000000 0.500000000 0.000000000
3997 1.000000000 0.000000000 0.000000000
3998 0.500000000 0.500000000 0.000000000
3999 0.500000000 0.500000000 0.000000000
4000 0.500000000 0.500000000 0.000000000
4001 0.500000000 0.500000000 0.000000000
4002 0.500000000 0.500000000 0.000000000
4003 0.500000000 0.500000000 0.000000000
4004 0.500000000 0.500000000 0.000000000
4005 0.055555556 0.944444418 0.000000000
4006 0.500000000 0.500000000 0.000000000
4007 0.100000001 0.899999976 0.000000000
4008 0.500000000 0.500000000 0.000000000
4009 0.500000000 0.500000000 0.000000000
4010 0.875000000 0.125000000 0.000000000
4011 0.500000000 0.500000000 0.000000000
4012 0.761904776 0.238095239 0.000000000
4013 0.928571403 0.071428575 0.000000000
4014 0.730769217 0.269230783 0.000000000
4015 1.000000000 0.000000000 0.000000000
4016 0.500000000 0.500000000 0.000000000
4017 0.500000000 0.500000000 0.000000000
4018 0.500000000 0.500000000 0.000000000
4019 0.500000000 0.500000000 0.000000000
4020 0.500000000 0.500000000 0.000000000
4021 0.333333343 0.666666687 0.000000000
4022 0.500000000 0.500000000 0.000000000
4023 0.699999988 0.300000012 0.000000000
4024 1.000000000 0.000000000 0.000000000
4025 0.500000000 0.500000000 0.000000000
4026 0.500000000 0.500000000 0.000000000
4027 1.000000000 0.000000000 0.000000000
4028 0.500000000 0.500000000 0.000000000
4029 0.500000000 0.500000000 0.000000000
4030 0.058401641 0.941598356 0.000000000
4031 0.907691717 0.092308275 0.000000000
4032 0.723684192 0.276315778 0.000000000
4033 0.921875000 0.078125000 0.000000000
4034 0.987179458 0.012820513 0.000000000
4035 0.000000000 1.000000000 0.000000000
4036 0.916666687 0.083333336 0.000000000
4037 0.990291238 0.009708738 0.000000000
4038 0.014322917 0.985677063 0.000000000
4039 0.984126985 0.015873017 0.000000000
4040 0.980392158 0.019607844 0.000000000
4041 0.500000000 0.500000000 0.000000000
4042 0.989795923 0.010204081 0.000000000
4043 1.000000000 0.000000000 0.000000000
4044 1.000000000 0.000000000 0.000000000
4045 0.990196049 0.009803922 0.000000000
4046 0.500000000 0.500000000 0.000000000
4047 0.992307663 0.007692308 0.000000000
4048 0.500000000 0.500000000 0.000000000
4049 0.000000000 1.000000000 0.000000000
4050 0.529411793 0.470588237 0.000000000
4051 0.991935492 0.008064516 0.000000000
4052 1.000000000 0.000000000 0.000000000
4053 0.989130437 0.010869565 0.000000000
4054 0.975000024 0.025000000 0.000000000
4055 0.991803288 0.008196721 0.000000000
4056 0.238095239 0.761904776 0.000000000
4057 0.833333313 0.166666672 0.000000000
4058 0.500000000 0.500000000 0.000000000
4059 0.500000000 0.500000000 0.000000000
4060 1.000000000 0.000000000 0.000000000
4061 0.500000000 0.500000000 0.000000000
4062 1.000000000 0.000000000 0.000000000
4063 0.000000000 1.000000000 0.000000000
4064 1.000000000 0.000000000 0.000000000
4065 0.500000000 0.500000000 0.000000000
4066 1.000000000 0.000000000 0.000000000
4067 0.500000000 0.500000000 0.000000000
4068 0.500000000 0.500000000 0.000000000
4069 0.500000000 0.500000000 0.000000000
4070 0.000000000 1.000000000 0.000000000
4071 0.458333343 0.541666687 0.000000000
4072 0.000000000 1.000000000 0.000000000
4073 0.500000000 0.500000000 0.000000000
4074 0.500000000 0.500000000 0.000000000
4075 1.000000000 0.000000000 0.000000000
4076 0.160714284 0.839285731 0.000000000
4077 0.125000000 0.875000000 0.000000000
4078 0.500000000 0.500000000 0.000000000
4079 0.071428575 0.928571403 0.000000000
4080 0.500000000 0.500000000 0.000000000
4081 0.500000000 0.500000000 0.000000000
4082 0.523894548 0.476105452 0.000000000
4083 0.167317078 0.832682908 0.000000000
4084 0.857142866 0.142857149 0.000000000
4085 0.500000000 0.500000000 0.000000000
4086 0.223809525 0.776190460 0.000000000
4087 0.500000000 0.500000000 0.000000000
4088 0.427536219 0.572463751 0.000000000
4089 0.500000000 0.500000000 0.000000000
4090 0.899999976 0.100000001 0.000000000
4091 0.100000001 0.899999976 0.000000000
4092 0.985714257 0.014285714 0.000000000
4093 0.000000000 1.000000000 0.000000000
4094 0.840909064 0.159090906 0.000000000
4095 0.000000000 1.000000000 0.000000000
4096 0.106060609 0.893939376 0.000000000
4097 0.500000000 0.500000000 0.000000000
4098 0.500000000 0.500000000 0.000000000
4099 0.000000000 1.000000000 0.000000000
4100 0.214285716 0.785714269 0.000000000
4101 0.965517223 0.034482758 0.000000000
4102 0.378368646 0.621631384 0.000000000
4103 0.500000000 0.500000000 0.000000000
4104 0.500000000 0.500000000 0.000000000
4105 0.346153855 0.653846145 0.000000000
4106 0.500000000 0.500000000 0.000000000
4107 0.000000000 1.000000000 0.000000000
4108 0.048780486 0.951219499 0.000000000
4109 0.500000000 0.500000000 0.000000000
4110 0.500000000 0.500000000 0.000000000
4111 0.040229887 0.959770143 0.000000000
4112 0.977272749 0.022727273 0.000000000
4113 0.027777778 0.972222209 0.000000000
4114 0.964285731 0.035714287 0.000000000
4115 0.048543688 0.951456308 0.000000000
4116 0.114705883 0.885294139 0.000000000
4117 0.038095240 0.961904764 0.000000000
4118 0.500000000 0.500000000 0.000000000
4119 0.101265825 0.898734152 0.000000000
4120 0.000000000 1.000000000 0.000000000
4121 0.006211180 0.993788838 0.000000000
4122 0.007331378 0.992668629 0.000000000
4123 0.006060606 0.993939400 0.000000000
4124 0.139566392 0.860433578 0.000000000
4125 0.007374631 0.992625356 0.000000000
4126 0.000000000 1.000000000 0.000000000
4127 0.007886435 0.992113590 0.000000000
4128 0.005847953 0.994152069 0.000000000
4129 0.011594203 0.988405824 0.000000000
4130 0.024509804 0.975490212 0.000000000
4131 0.002949852 0.997050166 0.000000000
4132 0.004629630 0.995370388 0.000000000
4133 0.020833334 0.979166687 0.000000000
4134 0.000000000 0.500000000 0.500000000
4135 0.000000000 0.500000000 0.500000000
4136 0.000000000 0.500000000 0.500000000
4137 0.000000000 0.500000000 0.500000000
4138 0.000000000 0.500000000 0.500000000
4139 0.000000000 0.500000000 0.500000000
4140 0.000000000 0.500000000 0.500000000
4141 0.000000000 0.500000000 0.500000000
4142 0.000000000 0.500000000 0.500000000
4143 0.000000000 0.500000000 0.500000000
4144 0.000000000 0.500000000 0.500000000
4145 0.000000000 0.500000000 0.500000000
4146 0.000000000 0.500000000 0.500000000
4147 0.000000000 0.500000000 0.500000000
4148 0.000000000 0.500000000 0.500000000
4149 0.000000000 0.500000000 0.500000000
4150 0.000000000 0.500000000 0.500000000
4151 0.000000000 0.000000000 1.000000000
4152 0.000000000 0.500000000 0.500000000
4153 0.000000000 0.500000000 0.500000000
4154 0.000000000 0.500000000 0.500000000
4155 0.000000000 0.500000000 0.500000000
4156 0.000000000 0.500000000 0.500000000
4157 0.000000000 0.500000000 0.500000000
4158 0.000000000 0.500000000 0.500000000
4159 0.000000000 0.500000000 0.500000000
4160 0.000000000 0.899999976 0.100000001
4161 0.000000000 0.426056325 0.573943675
4162 0.000000000 0.000000000 1.000000000
4163 0.000000000 1.000000000 0.000000000
4164 0.000000000 0.000000000 1.000000000
4165 0.000000000 0.833333313 0.166666672
4166 0.000000000 0.500000000 0.500000000
4167 0.000000000 0.071428575 0.928571403
4168 0.000000000 1.000000000 0.000000000
4169 0.000000000 0.000000000 1.000000000
4170 0.000000000 0.444444448 0.555555582
4171 0.000000000 0.937500000 0.062500000
4172 0.000000000 0.500000000 0.500000000
4173 0.000000000 0.250000000 0.750000000
4174 0.000000000 0.433333337 0.566666663
4175 0.000000000 0.500000000 0.500000000
4176 0.000000000 0.500000000 0.500000000
4177 0.000000000 0.000000000 1.000000000
4178 0.000000000 0.500000000 0.500000000
4179 0.000000000 0.500000000 0.500000000
4180 0.000000000 0.866666675 0.133333340
4181 0.000000000 0.500000000 0.500000000
4182 0.000000000 0.500000000 0.500000000
4183 0.000000000 0.500000000 0.500000000
4184 0.000000000 0.500000000 0.500000000
4185 0.000000000 0.150000006 0.850000024
4186 0.000000000 0.949999988 0.050000001
4187 0.000000000 0.277500004 0.722500026
4188 0.000000000 1.000000000 0.000000000
4189 0.000000000 0.500000000 0.500000000
4190 0.000000000 1.000000000 0.000000000
4191 0.000000000 0.952954412 0.047045574
4192 0.000000000 0.302469134 0.697530866
4193 0.000000000 0.633333325 0.366666675
4194 0.000000000 0.933333337 0.066666670
4195 0.000000000 0.910256386 0.089743592
4196 0.000000000 0.625210702 0.374789268
4197 0.000000000 0.954545438 0.045454547
4198 0.000000000 0.937500000 0.062500000
4199 0.000000000 0.500000000 0.500000000
4200 0.000000000 0.000000000 1.000000000
4201 0.000000000 0.500000000 0.500000000
4202 0.000000000 0.500000000 0.500000000
4203 0.000000000 0.500000000 0.500000000
4204 0.000000000 0.000000000 1.000000000
4205 0.000000000 0.314814806 0.685185194
4206 0.000000000 0.666666687 0.333333343
4207 0.000000000 0.722222209 0.277777791
4208 0.000000000 0.500000000 0.500000000
4209 0.000000000 0.750000000 0.250000000
4210 0.000000000 0.500000000 0.500000000
4211 0.000000000 0.500000000 0.500000000
4212 0.000000000 1.000000000 0.000000000
4213 0.000000000 0.983333349 0.016666668
4214 0.000000000 0.980000019 0.020000000
4215 0.000000000 0.992580593 0.007419406
4216 0.000000000 0.166675344 0.833324671
4217 0.000000000 0.642884970 0.357115030
4218 0.000000000 0.000000000 1.000000000
4219 0.000000000 0.983870983 0.016129032
4220 0.000000000 0.000000000 1.000000000
4221 0.000000000 0.966666639 0.033333335
4222 0.000000000 0.094659850 0.905340135
4223 0.000000000 0.899999976 0.100000001
4224 0.000000000 1.000000000 0.000000000
4225 0.000000000 0.807142854 0.192857146
4226 0.000000000 0.865601599 0.134398386
4227 0.000000000 0.926900566 0.073099412
4228 0.000000000 0.817893684 0.182106316
4229 0.000000000 1.000000000 0.000000000
4230 0.000000000 0.905584455 0.094415560
4231 0.000000000 0.919827580 0.080172412
4232 0.000000000 0.857036650 0.142963335
4233 0.000000000 1.000000000 0.000000000
4234 0.000000000 0.898076952 0.101923078
4235 0.000000000 0.878212035 0.121787965
4236 0.000000000 0.982758641 0.017241379
4237 0.000000000 0.991666675 0.008333334
4238 0.000000000 0.518518507 0.481481493
4239 0.000000000 0.983333349 0.016666668
4240 0.000000000 0.055555556 0.944444418
4241 0.000000000 0.976190448 0.023809524
4242 0.000000000 0.494654208 0.505345821
4243 0.000000000 0.429642916 0.570357084
4244 0.000000000 0.500000000 0.500000000
4245 0.000000000 0.704545438 0.295454532
4246 0.000000000 0.500000000 0.500000000
4247 0.000000000 0.595523894 0.404476136
4248 0.000000000 0.436631948 0.563368082
4249 0.000000000 0.742424250 0.257575750
4250 0.000000000 0.260256410 0.739743590
4251 0.000000000 1.000000000 0.000000000
4252 0.000000000 0.981245279 0.018754745
4253 0.000000000 1.000000000 0.000000000
4254 0.000000000 1.000000000 0.000000000
4255 0.000000000 0.988095224 0.011904762
4256 0.000000000 0.999672055 0.000327972
4257 0.000000000 0.973039210 0.026960785
4258 0.000000000 1.000000000 0.000000000
4259 0.000000000 0.851451933 0.148548067
4260 0.000000000 1.000000000 0.000000000
4261 0.000000000 0.991379321 0.008620690
4262 0.000000000 0.985294104 0.014705882
4263 0.000000000 0.972291887 0.027708137
4264 0.000000000 0.681318700 0.318681329
4265 0.000000000 0.846750021 0.153250009
4266 0.000000000 0.744865239 0.255134761
4267 0.000000000 0.906424403 0.093575604
4268 0.000000000 1.000000000 0.000000000
4269 0.000000000 0.739874482 0.260125518
4270 0.000000000 0.968085110 0.031914894
4271 0.000000000 0.853687763 0.146312222
4272 0.000000000 0.674363911 0.325636119
4273 0.000000000 0.983146071 0.016853932
4274 0.000000000 1.000000000 0.000000000
4275 0.000000000 0.892629981 0.107369997
4276 0.000000000 0.935811758 0.064188272
4277 0.000000000 0.773333311 0.226666674
4278 0.000000000 0.489285707 0.510714293
4279 0.000000000 0.954509616 0.045490358
4280 0.000000000 1.000000000 0.000000000
4281 0.000000000 0.432298124 0.567701876
4282 0.000000000 0.680493891 0.319506109
4283 0.000000000 0.471266061 0.528733909
4284 0.000000000 0.188207164 0.811792850
4285 0.000000000 0.557611287 0.442388713
4286 0.000000000 0.336425513 0.663574457
4287 0.000000000 0.954545438 0.045454547
4288 0.000000000 0.916666687 0.083333336
4289 0.000000000 0.545454562 0.454545468
4290 0.000000000 0.085301839 0.914698184
4291 0.000000000 0.205849990 0.794149995
4292 0.000000000 0.170714960 0.829285026
4293 0.000000000 0.057671238 0.942328751
4294 0.000000000 0.539076984 0.460923016
4295 0.000000000 0.466705412 0.533294559
4296 0.000000000 0.105107524 0.894892454
4297 0.000000000 0.564088225 0.435911775
4298 0.000000000 0.018796992 0.981203020
4299 0.000000000 0.778637648 0.221362382
4300 0.000000000 0.499110848 0.500889182
4301 0.000000000 0.674347103 0.325652868
4302 0.000000000 0.371513754 0.628486276
4303 0.000000000 0.500000000 0.500000000
4304 0.000000000 0.500000000 0.500000000
4305 0.000000000 0.500000000 0.500000000
4306 0.000000000 0.500000000 0.500000000
4307 0.000000000 0.500000000 0.500000000
4308 0.000000000 0.000000000 1.000000000
4309 0.000000000 0.000000000 1.000000000
4310 0.000000000 0.500000000 0.500000000
4311 0.000000000 0.500000000 0.500000000
4312 0.000000000 0.125000000 0.875000000
4313 0.000000000 0.500000000 0.500000000
4314 0.000000000 0.500000000 0.500000000
4315 0.000000000 0.500000000 0.500000000
4316 0.000000000 0.500000000 0.500000000
4317 0.000000000 0.500000000 0.500000000
4318 0.000000000 0.500000000 0.500000000
4319 0.000000000 0.500000000 0.500000000
4320 0.000000000 0.500000000 0.500000000
4321 0.000000000 0.500000000 0.500000000
4322 0.000000000 0.500000000 0.500000000
4323 0.000000000 0.500000000 0.500000000
4324 0.000000000 0.500000000 0.500000000
4325 0.000000000 0.500000000 0.500000000
4326 0.000000000 0.500000000 0.500000000
4327 0.000000000 0.500000000 0.500000000
4328 0.000000000 0.500000000 0.500000000
4329 0.000000000 0.000000000 1.000000000
4330 0.000000000 0.000000000 1.000000000
4331 0.000000000 0.000000000 1.000000000
4332 0.000000000 0.016129032 0.983870983
4333 0.000000000 0.651283562 0.348716438
4334 0.000000000 0.000000000 1.000000000
4335 0.000000000 0.000000000 1.000000000
4336 0.000000000 0.000000000 1.000000000
4337 0.000000000 0.841379285 0.158620685
4338 0.000000000 0.000000000 1.000000000
4339 0.000000000 0.000000000 1.000000000
4340 0.000000000 0.000000000 1.000000000
4341 0.000000000 0.771428585 0.228571430
4342 0.000000000 0.000000000 1.000000000
4343 0.000000000 0.000000000 1.000000000
4344 0.000000000 0.000000000 1.000000000
4345 0.000000000 0.000000000 1.000000000
4346 0.000000000 1.000000000 0.000000000
4347 0.000000000 0.015625000 0.984375000
4348 0.000000000 0.196501151 0.803498864
4349 0.000000000 0.045454547 0.954545438
4350 0.000000000 0.000000000 1.000000000
4351 0.000000000 0.000000000 1.000000000
4352 0.000000000 0.986842096 0.013157895
4353 0.000000000 0.589534521 0.410465479
4354 0.000000000 0.058593750 0.941406250
4355 0.000000000 0.500000000 0.500000000
4356 0.000000000 0.500000000 0.500000000
4357 0.000000000 0.500000000 0.500000000
4358 0.000000000 0.500000000 0.500000000
4359 0.000000000 0.500000000 0.500000000
4360 0.000000000 0.500000000 0.500000000
4361 0.000000000 0.500000000 0.500000000
4362 0.000000000 0.500000000 0.500000000
4363 0.000000000 0.500000000 0.500000000
4364 0.000000000 0.500000000 0.500000000
4365 0.000000000 0.500000000 0.500000000
4366 0.000000000 0.500000000 0.500000000
4367 0.000000000 0.500000000 0.500000000
4368 0.000000000 0.500000000 0.500000000
4369 0.000000000 0.125000000 0.875000000
4370 0.000000000 0.500000000 0.500000000
4371 0.000000000 0.500000000 0.500000000
4372 0.000000000 0.500000000 0.500000000
4373 0.000000000 0.500000000 0.500000000
4374 0.000000000 0.500000000 0.500000000
4375 0.000000000 0.071428575 0.928571403
4376 0.000000000 1.000000000 0.000000000
4377 0.000000000 0.343750000 0.656250000
4378 0.000000000 0.500000000 0.500000000
4379 0.000000000 0.500000000 0.500000000
4380 0.000000000 0.500000000 0.500000000
4381 0.000000000 0.500000000 0.500000000
4382 0.000000000 0.000000000 1.000000000
4383 0.000000000 0.750000000 0.250000000
4384 0.000000000 0.500000000 0.500000000
4385 0.000000000 0.500000000 0.500000000
4386 0.000000000 0.500000000 0.500000000
4387 0.000000000 0.500000000 0.500000000
4388 0.000000000 0.500000000 0.500000000
4389 0.000000000 1.000000000 0.000000000
4390 0.000000000 0.750000000 0.250000000
4391 0.000000000 0.500000000 0.500000000
4392 0.000000000 0.500000000 0.500000000
4393 0.000000000 0.000000000 1.000000000
4394 0.000000000 0.699999988 0.300000012
4395 0.000000000 0.649999976 0.349999994
4396 0.000000000 0.562500000 0.437500000
4397 0.000000000 0.533333361 0.466666669
4398 0.000000000 0.954545438 0.045454547
4399 0.000000000 1.000000000 0.000000000
4400 0.000000000 0.410256416 0.589743614
4401 0.000000000 0.100000001 0.899999976
4402 0.000000000 0.800000012 0.200000003
4403 0.000000000 0.583333313 0.416666657
4404 0.000000000 0.500000000 0.500000000
4405 0.000000000 1.000000000 0.000000000
4406 0.000000000 0.611111104 0.388888896
4407 0.000000000 0.500000000 0.500000000
4408 0.000000000 0.500000000 0.500000000
4409 0.000000000 0.500000000 0.500000000
4410 0.000000000 1.000000000 0.000000000
4411 0.000000000 0.500000000 0.500000000
4412 0.000000000 0.500000000 0.500000000
4413 0.000000000 0.500000000 0.500000000
4414 0.000000000 0.500000000 0.500000000
4415 0.000000000 0.500000000 0.500000000
4416 0.000000000 0.500000000 0.500000000
4417 0.000000000 0.500000000 0.500000000
4418 0.000000000 0.500000000 0.500000000
4419 0.000000000 0.500000000 0.500000000
4420 0.000000000 0.633086145 0.366913825
4421 0.000000000 0.197916672 0.802083313
4422 0.000000000 0.000000000 1.000000000
4423 0.000000000 0.737715065 0.262284935
4424 0.000000000 1.000000000 0.000000000
4425 0.000000000 0.063724220 0.936275780
4426 0.000000000 0.597087383 0.402912617
4427 0.000000000 0.690324247 0.309675723
4428 0.000000000 0.219746813 0.780253172
4429 0.000000000 0.012345679 0.987654328
4430 0.000000000 0.000000000 1.000000000
4431 0.000000000 0.717735112 0.282264888
4432 0.000000000 0.189648315 0.810351670
4433 0.000000000 0.751744211 0.248255819
4434 0.000000000 0.171733499 0.828266501
4435 0.000000000 0.157196969 0.842803001
4436 0.000000000 0.233236149 0.766763866
4437 0.000000000 0.789227426 0.210772544
4438 0.000000000 0.170650885 0.829349101
4439 0.000000000 0.981608927 0.018391062
4440 0.000000000 0.976190448 0.023809524
4441 0.000000000 0.986754954 0.013245033
4442 0.000000000 0.689042866 0.310957134
4443 0.000000000 0.097321428 0.902678549
4444 0.000000000 0.239908800 0.760091186
4445 0.000000000 0.361919045 0.638080955
4446 0.000000000 0.998633862 0.001366120
4447 0.000000000 0.995037198 0.004962779
4448 0.000000000 0.993368685 0.006631300
4449 0.000000000 0.689681053 0.310318947
4450 0.000000000 0.170395359 0.829604626
4451 0.000000000 0.643020034 0.356979996
4452 0.000000000 0.755750954 0.244249031
4453 0.000000000 0.444715649 0.555284381
4454 0.000000000 0.730487823 0.269512206
4455 0.000000000 0.448421925 0.551578045
4456 0.000000000 0.657157958 0.342842042
4457 0.000000000 0.128063723 0.871936262
4458 0.000000000 0.005167959 0.994832039
4459 0.000000000 0.005147059 0.994852960
4460 0.000000000 0.000000000 1.000000000
4461 0.000000000 0.005479970 0.994520009
4462 0.000000000 0.040677965 0.959322035
4463 0.000000000 0.001757469 0.998242557
4464 0.000000000 0.010416667 0.989583313
4465 0.000000000 0.061839789 0.938160241
4466 0.000000000 0.000892857 0.999107122
4467 0.000000000 0.015541741 0.984458268
4468 0.000000000 0.000000000 1.000000000
4469 0.000000000 0.252315074 0.747684896
4470 0.000000000 0.013461539 0.986538470
4471 0.000000000 0.029109590 0.970890403
4472 0.250000000 0.375000000 0.375000000
4473 0.333333343 0.333333343 0.333333343
4474 0.250000000 0.250000000 0.500000000
4475 0.333333343 0.333333343 0.333333343
4476 0.555555582 0.222222224 0.222222224
4477 0.333333343 0.333333343 0.333333343
4478 0.333333343 0.333333343 0.333333343
4479 0.333333343 0.333333343 0.333333343
4480 0.000000000 0.000000000 1.000000000
4481 0.333333343 0.333333343 0.333333343
4482 0.333333343 0.333333343 0.333333343
4483 0.333333343 0.333333343 0.333333343
4484 0.000000000 0.000000000 1.000000000
4485 0.333333343 0.333333343 0.333333343
4486 0.333333343 0.333333343 0.333333343
4487 0.333333343 0.333333343 0.333333343
4488 0.333333343 0.333333343 0.333333343
4489 0.333333343 0.333333343 0.333333343
4490 0.333333343 0.333333343 0.333333343
4491 0.333333343 0.333333343 0.333333343
4492 0.333333343 0.333333343 0.333333343
4493 0.333333343 0.333333343 0.333333343
4494 0.333333343 0.333333343 0.333333343
4495 0.333333343 0.333333343 0.333333343
4496 0.333333343 0.333333343 0.333333343
4497 0.333333343 0.333333343 0.333333343
4498 0.000000000 0.000000000 1.000000000
4499 1.000000000 0.000000000 0.000000000
4500 0.000000000 0.000000000 1.000000000
4501 0.010752688 0.010752688 0.978494644
4502 1.000000000 0.000000000 0.000000000
4503 0.000000000 0.000000000 1.000000000
4504 0.946788907 0.000000000 0.053211108
4505 1.000000000 0.000000000 0.000000000
4506 0.000000000 0.000000000 1.000000000
4507 1.000000000 0.000000000 0.000000000
4508 1.000000000 0.000000000 0.000000000
4509 0.416938126 0.000000000 0.583061874
4510 1.000000000 0.000000000 0.000000000
4511 1.000000000 0.000000000 0.000000000
4512 0.800265551 0.146073148 0.053661294
4513 0.825426817 0.061728396 0.112844758
4514 0.000000000 0.000000000 1.000000000
4515 0.574612081 0.000000000 0.425387919
4516 0.010416667 0.010416667 0.979166687
4517 0.755399287 0.010101010 0.234499693
4518 0.030303031 0.939393938 0.030303031
4519 1.000000000 0.000000000 0.000000000
4520 0.000000000 0.000000000 1.000000000
4521 0.575015128 0.008771930 0.416212946
4522 0.011494253 0.011494253 0.977011502
4523 0.375004143 0.000000000 0.624995828
4524 0.333333343 0.333333343 0.333333343
4525 0.333333343 0.333333343 0.333333343
4526 0.333333343 0.333333343 0.333333343
4527 0.333333343 0.333333343 0.333333343
4528 0.333333343 0.333333343 0.333333343
4529 0.333333343 0.333333343 0.333333343
4530 0.333333343 0.333333343 0.333333343
4531 0.333333343 0.333333343 0.333333343
4532 0.333333343 0.333333343 0.333333343
4533 0.333333343 0.333333343 0.333333343
4534 0.333333343 0.333333343 0.333333343
4535 0.333333343 0.333333343 0.333333343
4536 0.333333343 0.333333343 0.333333343
4537 0.333333343 0.333333343 0.333333343
4538 0.250000000 0.328125000 0.421875000
4539 0.000000000 0.000000000 1.000000000
4540 0.333333343 0.333333343 0.333333343
4541 0.130363032 0.565913320 0.303723663
4542 0.333333343 0.333333343 0.333333343
4543 0.000000000 0.500000000 0.500000000
4544 0.000000000 0.500000000 0.500000000
4545 0.333333343 0.333333343 0.333333343
4546 0.500000000 0.218750000 0.281250000
4547 0.333333343 0.333333343 0.333333343
4548 0.000000000 0.500000000 0.500000000
4549 0.333333343 0.333333343 0.333333343
4550 0.333333343 0.333333343 0.333333343
4551 1.000000000 0.000000000 0.000000000
4552 0.000000000 0.500000000 0.500000000
4553 0.333333343 0.333333343 0.333333343
4554 0.333333343 0.333333343 0.333333343
4555 0.333333343 0.333333343 0.333333343
4556 0.333333343 0.333333343 0.333333343
4557 0.333333343 0.333333343 0.333333343
4558 0.333333343 0.333333343 0.333333343
4559 0.000000000 0.000000000 1.000000000
4560 0.000000000 0.000000000 1.000000000
4561 0.000000000 0.000000000 1.000000000
4562 1.000000000 0.000000000 0.000000000
4563 0.000000000 0.349999994 0.649999976
4564 0.200000003 0.324999988 0.474999994
4565 0.500000000 0.250000000 0.250000000
4566 0.055555556 0.315972209 0.628472209
4567 0.393939406 0.303030312 0.303030312
4568 0.333333343 0.333333343 0.333333343
4569 0.333333343 0.333333343 0.333333343
4570 0.066666670 0.466666669 0.466666669
4571 0.333333343 0.333333343 0.333333343
4572 0.333333343 0.333333343 0.333333343
4573 0.000000000 0.146590903 0.853409111
4574 0.000000000 0.500000000 0.500000000
4575 0.481481493 0.259259254 0.259259254
4576 0.333333343 0.333333343 0.333333343
4577 0.333333343 0.333333343 0.333333343
4578 0.333333343 0.333333343 0.333333343
4579 0.333333343 0.333333343 0.333333343
4580 1.000000000 0.000000000 0.000000000
4581 0.333333343 0.333333343 0.333333343
4582 0.333333343 0.333333343 0.333333343
4583 0.333333343 0.333333343 0.333333343
4584 0.333333343 0.333333343 0.333333343
4585 0.333333343 0.333333343 0.333333343
4586 0.333333343 0.333333343 0.333333343
4587 0.333333343 0.333333343 0.333333343
4588 0.000000000 0.000000000 1.000000000
4589 0.299761027 0.589090884 0.111148074
4590 0.149287805 0.445880234 0.404831946
4591 0.197854057 0.544235647 0.257910281
4592 0.915221870 0.084778130 0.000000000
4593 0.232755557 0.767244458 0.000000000
4594 0.740040004 0.166463748 0.093496248
4595 0.857400060 0.108619384 0.033980582
4596 0.786257327 0.118740864 0.095001824
4597 0.001136483 0.494355619 0.504507899
4598 0.000000000 0.000000000 1.000000000
4599 0.953389823 0.046610169 0.000000000
4600 0.000000000 0.846414447 0.153585538
4601 0.192935407 0.275030553 0.532034039
4602 0.473954409 0.331082702 0.194962889
4603 0.004385965 0.708937168 0.286676854
4604 0.000000000 0.694675207 0.305324763
4605 0.689138293 0.218747362 0.092114314
4606 0.582225800 0.287068427 0.130705774
4607 0.519816637 0.355640024 0.124543317
4608 0.273100823 0.194763228 0.532135963
4609 0.351778209 0.579234838 0.068986960
4610 0.982339978 0.008830022 0.008830022
4611 0.002164502 0.006222944 0.991612554
4612 0.104761906 0.149659857 0.745578229
4613 0.172981083 0.313147664 0.513871253
4614 0.000000000 0.566474140 0.433525860
4615 0.001821494 0.960447550 0.037730940
4616 0.621100843 0.314693213 0.064205952
4617 0.582157373 0.333214611 0.084628016
4618 0.064350449 0.796171725 0.139477849
4619 0.305399179 0.512512922 0.182087883
4620 0.000859107 0.955203712 0.043937162
4621 0.000829187 0.920552433 0.078618400
4622 0.003167063 0.807960391 0.188872576
4623 0.004878049 0.546157360 0.448964596
4624 0.086354673 0.894168377 0.019476924
4625 0.010086101 0.988230407 0.001683502
4626 0.000000000 0.417016804 0.582983196
4627 0.006890612 0.212830454 0.780278921
4628 0.000000000 0.039015606 0.960984409
4629 0.000000000 0.003038898 0.996961117
4630 0.004535147 0.204122126 0.791342735
4631 0.006779661 0.287409186 0.705811143
4632 0.000000000 0.021089630 0.978910387
4633 0.000000000 0.000000000 1.000000000
4634 0.000000000 0.404527605 0.595472395
4635 0.009523810 0.010753517 0.979722679
4636 0.009473061 0.009812154 0.980714798
4637 0.009604520 0.071407296 0.918988168
4638 0.002908668 0.002908668 0.994182646
4639 0.002279202 0.005078347 0.992642462
4640 0.003424658 0.097113505 0.899461865
4641 0.333333343 0.333333343 0.333333343
4642 0.333333343 0.333333343 0.333333343
4643 0.333333343 0.333333343 0.333333343
4644 0.333333343 0.333333343 0.333333343
4645 0.333333343 0.333333343 0.333333343
4646 0.333333343 0.333333343 0.333333343
4647 0.333333343 0.333333343 0.333333343
4648 0.333333343 0.333333343 0.333333343
4649 0.333333343 0.333333343 0.333333343
4650 0.333333343 0.333333343 0.333333343
4651 0.333333343 0.333333343 0.333333343
4652 0.333333343 0.333333343 0.333333343
4653 0.333333343 0.333333343 0.333333343
4654 0.333333343 0.333333343 0.333333343
4655 0.333333343 0.333333343 0.333333343
4656 0.333333343 0.333333343 0.333333343
4657 0.333333343 0.333333343 0.333333343
4658 0.333333343 0.333333343 0.333333343
4659 0.333333343 0.333333343 0.333333343
4660 0.333333343 0.333333343 0.333333343
4661 0.333333343 0.333333343 0.333333343
4662 0.333333343 0.333333343 0.333333343
4663 0.333333343 0.333333343 0.333333343
4664 0.333333343 0.333333343 0.333333343
4665 0.333333343 0.333333343 0.333333343
4666 0.333333343 0.333333343 0.333333343
4667 0.333333343 0.333333343 0.333333343
4668 1.000000000 0.000000000 0.000000000
4669 0.333333343 0.333333343 0.333333343
4670 0.904761910 0.047619049 0.047619049
4671 0.333333343 0.333333343 0.333333343
4672 0.111111112 0.111111112 0.777777791
4673 0.333333343 0.333333343 0.333333343
4674 0.000000000 0.000000000 1.000000000
4675 0.000000000 0.000000000 1.000000000
4676 0.333333343 0.333333343 0.333333343
4677 0.000000000 0.000000000 1.000000000
4678 0.000000000 0.000000000 1.000000000
4679 0.333333343 0.333333343 0.333333343
4680 0.333333343 0.333333343 0.333333343
4681 0.333333343 0.333333343 0.333333343
4682 0.333333343 0.333333343 0.333333343
4683 0.333333343 0.333333343 0.333333343
4684 0.333333343 0.333333343 0.333333343
4685 0.333333343 0.333333343 0.333333343
4686 0.333333343 0.333333343 0.333333343
4687 0.222222224 0.326388896 0.451388896
4688 0.333333343 0.333333343 0.333333343
4689 0.333333343 0.333333343 0.333333343
4690 0.333333343 0.333333343 0.333333343
4691 0.333333343 0.333333343 0.333333343
4692 0.333333343 0.333333343 0.333333343
4693 0.287439615 0.000000000 0.712560415
4694 0.133333340 0.133333340 0.733333349
4695 0.000000000 0.000000000 1.000000000
4696 0.333333343 0.333333343 0.333333343
4697 0.000000000 0.063636363 0.936363637
4698 0.145364538 0.779960155 0.074675322
4699 0.333333343 0.333333343 0.333333343
4700 0.333333343 0.333333343 0.333333343
4701 0.333333343 0.333333343 0.333333343
4702 0.038095240 0.038095240 0.923809528
4703 0.000000000 0.000000000 1.000000000
4704 0.102829538 0.015873017 0.881297469
4705 0.041666668 0.041666668 0.916666687
4706 0.333333343 0.333333343 0.333333343
4707 0.333333343 0.333333343 0.333333343
4708 0.333333343 0.333333343 0.333333343
4709 0.333333343 0.333333343 0.333333343
4710 0.333333343 0.333333343 0.333333343
4711 0.333333343 0.333333343 0.333333343
4712 0.000000000 0.000000000 1.000000000
4713 0.333333343 0.333333343 0.333333343
4714 0.000000000 0.000000000 1.000000000
4715 0.333333343 0.333333343 0.333333343
4716 0.333333343 0.333333343 0.333333343
4717 0.333333343 0.333333343 0.333333343
4718 0.333333343 0.333333343 0.333333343
4719 1.000000000 0.000000000 0.000000000
4720 1.000000000 0.000000000 0.000000000
4721 1.000000000 0.000000000 0.000000000
4722 1.000000000 0.000000000 0.000000000
4723 0.095238097 0.095238097 0.809523821
4724 0.971014500 0.014492754 0.014492754
4725 0.333333343 0.333333343 0.333333343
4726 1.000000000 0.000000000 0.000000000
4727 0.333333343 0.333333343 0.333333343
4728 0.977011502 0.011494253 0.011494253
4729 0.777777791 0.111111112 0.111111112
4730 1.000000000 0.000000000 0.000000000
4731 1.000000000 0.000000000 0.000000000
4732 0.047915865 0.910417438 0.041666668
4733 0.848297179 0.017403493 0.134299323
4734 0.849790275 0.108651303 0.041558441
4735 0.926752210 0.073247805 0.000000000
4736 0.746031761 0.000000000 0.253968269
4737 0.931972802 0.034013607 0.034013607
4738 0.286887676 0.693881571 0.019230770
4739 0.080459774 0.082654126 0.836886108
4740 0.792385817 0.112786606 0.094827585
4741 0.972049713 0.009316770 0.018633541
4742 0.854545474 0.000000000 0.145454541
4743 0.877192974 0.000000000 0.122807018
4744 0.890098155 0.072566278 0.037335545
4745 0.333333343 0.333333343 0.333333343
4746 0.011111111 0.011111111 0.977777779
4747 1.000000000 0.000000000 0.000000000
4748 0.555555582 0.222222224 0.222222224
4749 0.000000000 0.028409092 0.971590936
4750 0.076923080 0.461538464 0.461538464
4751 0.333333343 0.333333343 0.333333343
4752 0.176470593 0.176470593 0.647058845
4753 0.333333343 0.333333343 0.333333343
4754 0.004385965 0.009649123 0.985964894
4755 0.000000000 0.500000000 0.500000000
4756 0.797101438 0.101449274 0.101449274
4757 0.904761910 0.047619049 0.047619049
4758 0.862158120 0.137841880 0.000000000
4759 1.000000000 0.000000000 0.000000000
4760 0.497086674 0.502913296 0.000000000
4761 1.000000000 0.000000000 0.000000000
4762 0.631031930 0.000000000 0.368968040
4763 1.000000000 0.000000000 0.000000000
4764 0.011694986 0.410018563 0.578286469
4765 1.000000000 0.000000000 0.000000000
4766 0.960779309 0.000000000 0.039220698
4767 0.000000000 0.000000000 1.000000000
4768 1.000000000 0.000000000 0.000000000
4769 0.980392158 0.009803922 0.009803922
4770 0.982905984 0.008547009 0.008547009
4771 1.000000000 0.000000000 0.000000000
4772 0.655303001 0.337121218 0.007575758
4773 0.238244250 0.561427355 0.200328410
4774 0.019767055 0.748667598 0.231565326
4775 0.448275864 0.000000000 0.551724136
4776 0.408407420 0.570428550 0.021164021
4777 0.804051518 0.032718204 0.163230300
4778 0.991666675 0.004166667 0.004166667
4779 0.159853816 0.821890712 0.018255450
4780 0.988787293 0.007381276 0.003831418
4781 0.000000000 0.048461173 0.951538801
4782 0.314511925 0.571851730 0.113636367
4783 0.000000000 0.577061832 0.422938198
4784 0.112128146 0.000000000 0.887871861
4785 0.614035070 0.192982450 0.192982450
4786 0.951219499 0.026763789 0.022016698
4787 0.000000000 0.262548268 0.737451732
4788 0.013389720 0.000000000 0.986610293
4789 0.006666667 0.329713017 0.663620353
4790 0.000000000 0.256396025 0.743603945
4791 0.000000000 0.583333313 0.416666657
4792 0.083267711 0.111790858 0.804941416
4793 0.000000000 0.858237565 0.141762450
4794 0.978494644 0.010752688 0.010752688
4795 0.039215688 0.039215688 0.921568632
4796 0.111111112 0.319444448 0.569444418
4797 0.037037037 0.481481493 0.481481493
4798 0.011494253 0.011494253 0.977011502
4799 0.012345679 0.012345679 0.975308657
4800 0.222222224 0.300347209 0.477430552
4801 0.005649718 0.005649718 0.988700569
4802 0.065656565 0.065656565 0.868686855
4803 0.023809524 0.313988090 0.662202358
4804 0.004219409 0.143459916 0.852320671
4805 0.333333343 0.333333343 0.333333343
4806 0.016912635 0.055658653 0.927428722
4807 0.000000000 0.011636418 0.988363564
4808 0.049808428 0.057038411 0.893153131
4809 0.100000001 0.108484849 0.791515172
4810 0.500000000 0.500000000 0.000000000
4811 0.500000000 0.500000000 0.000000000
4812 0.500000000 0.500000000 0.000000000
4813 0.500000000 0.500000000 0.000000000
4814 0.500000000 0.500000000 0.000000000
4815 0.500000000 0.500000000 0.000000000
4816 0.500000000 0.500000000 0.000000000
4817 0.500000000 0.500000000 0.000000000
4818 0.500000000 0.500000000 0.000000000
4819 0.500000000 0.500000000 0.000000000
4820 0.500000000 0.500000000 0.000000000
4821 0.500000000 0.500000000 0.000000000
4822 0.500000000 0.500000000 0.000000000
4823 0.500000000 0.500000000 0.000000000
4824 0.500000000 0.500000000 0.000000000
4825 0.500000000 0.500000000 0.000000000
4826 0.500000000 0.500000000 0.000000000
4827 0.500000000 0.500000000 0.000000000
4828 0.500000000 0.500000000 0.000000000
4829 0.500000000 0.500000000 0.000000000
4830 0.500000000 0.500000000 0.000000000
4831 0.500000000 0.500000000 0.000000000
4832 0.500000000 0.500000000 0.000000000
4833 0.500000000 0.500000000 0.000000000
4834 0.500000000 0.500000000 0.000000000
4835 0.500000000 0.500000000 0.000000000
4836 0.500000000 0.500000000 0.000000000
4837 0.000000000 1.000000000 0.000000000
4838 0.000000000 1.000000000 0.000000000
4839 0.500000000 0.500000000 0.000000000
4840 0.500000000 0.500000000 0.000000000
4841 0.500000000 0.500000000 0.000000000
4842 0.500000000 0.500000000 0.000000000
4843 0.500000000 0.500000000 0.000000000
4844 0.500000000 0.500000000 0.000000000
4845 0.875000000 0.125000000 0.000000000
4846 0.000000000 1.000000000 0.000000000
4847 0.500000000 0.500000000 0.000000000
4848 0.500000000 0.500000000 0.000000000
4849 0.500000000 0.500000000 0.000000000
4850 0.000000000 1.000000000 0.000000000
4851 0.500000000 0.500000000 0.000000000
4852 0.500000000 0.500000000 0.000000000
4853 1.000000000 0.000000000 0.000000000
4854 0.500000000 0.500000000 0.000000000
4855 0.500000000 0.500000000 0.000000000
4856 0.500000000 0.500000000 0.000000000
4857 0.500000000 0.500000000 0.000000000
4858 0.500000000 0.500000000 0.000000000
4859 0.500000000 0.500000000 0.000000000
4860 0.500000000 0.500000000 0.000000000
4861 0.000000000 1.000000000 0.000000000
4862 0.500000000 0.500000000 0.000000000
4863 0.000000000 1.000000000 0.000000000
4864 0.500000000 0.500000000 0.000000000
4865 0.500000000 0.500000000 0.000000000
4866 0.500000000 0.500000000 0.000000000
4867 0.250000000 0.750000000 0.000000000
4868 0.916666687 0.083333336 0.000000000
4869 0.500000000 0.500000000 0.000000000
4870 0.500000000 0.500000000 0.000000000
4871 0.500000000 0.500000000 0.000000000
4872 1.000000000 0.000000000 0.000000000
4873 0.500000000 0.500000000 0.000000000
4874 0.500000000 0.500000000 0.000000000
4875 0.500000000 0.500000000 0.000000000
4876 0.500000000 0.500000000 0.000000000
4877 0.500000000 0.500000000 0.000000000
4878 0.500000000 0.500000000 0.000000000
4879 0.500000000 0.500000000 0.000000000
4880 0.500000000 0.500000000 0.000000000
4881 0.500000000 0.500000000 0.000000000
4882 0.500000000 0.500000000 0.000000000
4883 0.500000000 0.500000000 0.000000000
4884 0.500000000 0.500000000 0.000000000
4885 0.500000000 0.500000000 0.000000000
4886 0.500000000 0.500000000 0.000000000
4887 0.500000000 0.500000000 0.000000000
4888 0.500000000 0.500000000 0.000000000
4889 0.500000000 0.500000000 0.000000000
4890 0.500000000 0.500000000 0.000000000
4891 0.500000000 0.500000000 0.000000000
4892 0.972222209 0.027777778 0.000000000
4893 0.935897410 0.064102568 0.000000000
4894 0.000000000 1.000000000 0.000000000
4895 0.500000000 0.500000000 0.000000000
4896 1.000000000 0.000000000 0.000000000
4897 0.500000000 0.500000000 0.000000000
4898 1.000000000 0.000000000 0.000000000
4899 0.625000000 0.375000000 0.000000000
4900 0.500000000 0.500000000 0.000000000
4901 0.500000000 0.500000000 0.000000000
4902 1.000000000 0.000000000 0.000000000
4903 0.000000000 1.000000000 0.000000000
4904 0.750000000 0.250000000 0.000000000
4905 0.500000000 0.500000000 0.000000000
4906 1.000000000 0.000000000 0.000000000
4907 0.000000000 1.000000000 0.000000000
4908 0.000000000 1.000000000 0.000000000
4909 0.500000000 0.500000000 0.000000000
4910 0.500000000 0.500000000 0.000000000
4911 0.666666687 0.333333343 0.000000000
4912 0.500000000 0.500000000 0.000000000
4913 0.000000000 1.000000000 0.000000000
4914 0.500000000 0.500000000 0.000000000
4915 0.500000000 0.500000000 0.000000000
4916 0.521739125 0.478260875 0.000000000
4917 0.500000000 0.500000000 0.000000000
4918 0.078874022 0.921125948 0.000000000
4919 1.000000000 0.000000000 0.000000000
4920 0.500000000 0.500000000 0.000000000
4921 0.500000000 0.500000000 0.000000000
4922 0.500000000 0.500000000 0.000000000
4923 0.500000000 0.500000000 0.000000000
4924 0.027777778 0.972222209 0.000000000
4925 0.500000000 0.500000000 0.000000000
4926 0.630434811 0.369565219 0.000000000
4927 0.500000000 0.500000000 0.000000000
4928 1.000000000 0.000000000 0.000000000
4929 0.500000000 0.500000000 0.000000000
4930 0.500000000 0.500000000 0.000000000
4931 0.500000000 0.500000000 0.000000000
4932 0.500000000 0.500000000 0.000000000
4933 0.500000000 0.500000000 0.000000000
4934 0.500000000 0.500000000 0.000000000
4935 1.000000000 0.000000000 0.000000000
4936 0.500000000 0.500000000 0.000000000
4937 0.500000000 0.500000000 0.000000000
4938 0.500000000 0.500000000 0.000000000
4939 1.000000000 0.000000000 0.000000000
4940 0.896551728 0.103448279 0.000000000
4941 0.637234211 0.362765819 0.000000000
4942 0.753335536 0.246664450 0.000000000
4943 0.666666687 0.333333343 0.000000000
4944 0.500000000 0.500000000 0.000000000
4945 0.976190448 0.023809524 0.000000000
4946 0.333333343 0.666666687 0.000000000
4947 0.125000000 0.875000000 0.000000000
4948 0.017857144 0.982142866 0.000000000
4949 0.500000000 0.500000000 0.000000000
4950 0.500000000 0.500000000 0.000000000
4951 0.272727281 0.727272749 0.000000000
4952 0.000000000 1.000000000 0.000000000
4953 0.000000000 1.000000000 0.000000000
4954 0.000000000 1.000000000 0.000000000
4955 0.000000000 1.000000000 0.000000000
4956 0.500000000 0.500000000 0.000000000
4957 0.000000000 1.000000000 0.000000000
4958 0.777777791 0.222222224 0.000000000
4959 0.000000000 1.000000000 0.000000000
4960 0.000000000 1.000000000 0.000000000
4961 0.000000000 1.000000000 0.000000000
4962 0.020000000 0.980000019 0.000000000
4963 0.500000000 0.500000000 0.000000000
4964 0.500000000 0.500000000 0.000000000
4965 0.200000003 0.800000012 0.000000000
4966 0.000000000 1.000000000 0.000000000
4967 0.008928572 0.991071403 0.000000000
4968 0.015873017 0.984126985 0.000000000
4969 0.000000000 1.000000000 0.000000000
4970 0.037735850 0.962264180 0.000000000
4971 0.010869565 0.989130437 0.000000000
4972 0.010638298 0.989361703 0.000000000
4973 0.000000000 1.000000000 0.000000000
4974 0.000000000 1.000000000 0.000000000
4975 0.303571433 0.696428597 0.000000000
4976 0.000000000 1.000000000 0.000000000
4977 0.136363640 0.863636374 0.000000000
4978 0.043478262 0.956521749 0.000000000
4979 0.500000000 0.500000000 0.000000000
4980 0.500000000 0.500000000 0.000000000
4981 0.500000000 0.500000000 0.000000000
4982 0.500000000 0.500000000 0.000000000
4983 0.500000000 0.500000000 0.000000000
4984 0.500000000 0.500000000 0.000000000
4985 0.500000000 0.500000000 0.000000000
4986 0.500000000 0.500000000 0.000000000
4987 0.500000000 0.500000000 0.000000000
4988 0.500000000 0.500000000 0.000000000
4989 0.500000000 0.500000000 0.000000000
4990 0.500000000 0.500000000 0.000000000
4991 0.500000000 0.500000000 0.000000000
4992 0.500000000 0.500000000 0.000000000
4993 0.500000000 0.500000000 0.000000000
4994 0.500000000 0.500000000 0.000000000
4995 0.500000000 0.500000000 0.000000000
4996 0.500000000 0.500000000 0.000000000
4997 0.500000000 0.500000000 0.000000000
4998 0.500000000 0.500000000 0.000000000
4999 0.500000000 0.500000000 0.000000000
5000 0.500000000 0.500000000 0.000000000
5001 0.500000000 0.500000000 0.000000000
5002 0.500000000 0.500000000 0.000000000
5003 0.500000000 0.500000000 0.000000000
5004 0.500000000 0.500000000 0.000000000
5005 1.000000000 0.000000000 0.000000000
5006 1.000000000 0.000000000 0.000000000
5007 0.000000000 1.000000000 0.000000000
5008 0.983870983 0.016129032 0.000000000
5009 1.000000000 0.000000000 0.000000000
5010 1.000000000 0.000000000 0.000000000
5011 1.000000000 0.000000000 0.000000000
5012 1.000000000 0.000000000 0.000000000
5013 1.000000000 0.000000000 0.000000000
5014 1.000000000 0.000000000 0.000000000
5015 1.000000000 0.000000000 0.000000000
5016 1.000000000 0.000000000 0.000000000
5017 1.000000000 0.000000000 0.000000000
5018 1.000000000 0.000000000 0.000000000
5019 1.000000000 0.000000000 0.000000000
5020 0.907407403 0.092592590 0.000000000
5021 0.000000000 1.000000000 0.000000000
5022 0.500000000 0.500000000 0.000000000
5023 1.000000000 0.000000000 0.000000000
5024 1.000000000 0.000000000 0.000000000
5025 0.968750000 0.031250000 0.000000000
5026 0.000000000 1.000000000 0.000000000
5027 1.000000000 0.000000000 0.000000000
5028 0.500000000 0.500000000 0.000000000
5029 0.711567044 0.288432926 0.000000000
5030 1.000000000 0.000000000 0.000000000
5031 0.500000000 0.500000000 0.000000000
5032 0.500000000 0.500000000 0.000000000
5033 0.500000000 0.500000000 0.000000000
5034 0.500000000 0.500000000 0.000000000
5035 0.500000000 0.500000000 0.000000000
5036 0.500000000 0.500000000 0.000000000
5037 0.500000000 0.500000000 0.000000000
5038 0.500000000 0.500000000 0.000000000
5039 0.500000000 0.500000000 0.000000000
5040 0.500000000 0.500000000 0.000000000
5041 0.500000000 0.500000000 0.000000000
5042 0.500000000 0.500000000 0.000000000
5043 0.500000000 0.500000000 0.000000000
5044 0.500000000 0.500000000 0.000000000
5045 0.500000000 0.500000000 0.000000000
5046 0.500000000 0.500000000 0.000000000
5047 0.500000000 0.500000000 0.000000000
5048 0.500000000 0.500000000 0.000000000
5049 0.500000000 0.500000000 0.000000000
5050 0.500000000 0.500000000 0.000000000
5051 0.500000000 0.500000000 0.000000000
5052 0.500000000 0.500000000 0.000000000
5053 0.250000000 0.750000000 0.000000000
5054 0.500000000 0.500000000 0.000000000
5055 0.500000000 0.500000000 0.000000000
5056 0.500000000 0.500000000 0.000000000
5057 0.500000000 0.500000000 0.000000000
5058 0.500000000 0.500000000 0.000000000
5059 0.500000000 0.500000000 0.000000000
5060 0.500000000 0.500000000 0.000000000
5061 0.500000000 0.500000000 0.000000000
5062 0.500000000 0.500000000 0.000000000
5063 0.500000000 0.500000000 0.000000000
5064 0.500000000 0.500000000 0.000000000
5065 0.500000000 0.500000000 0.000000000
5066 0.500000000 0.500000000 0.000000000
5067 0.500000000 0.500000000 0.000000000
5068 0.500000000 0.500000000 0.000000000
5069 0.500000000 0.500000000 0.000000000
5070 0.500000000 0.500000000 0.000000000
5071 0.500000000 0.500000000 0.000000000
5072 0.500000000 0.500000000 0.000000000
5073 0.500000000 0.500000000 0.000000000
5074 0.500000000 0.500000000 0.000000000
5075 0.500000000 0.500000000 0.000000000
5076 0.083333336 0.916666687 0.000000000
5077 0.500000000 0.500000000 0.000000000
5078 0.500000000 0.500000000 0.000000000
5079 0.500000000 0.500000000 0.000000000
5080 0.500000000 0.500000000 0.000000000
5081 0.500000000 0.500000000 0.000000000
5082 0.500000000 0.500000000 0.000000000
5083 0.500000000 0.500000000 0.000000000
5084 0.500000000 0.500000000 0.000000000
5085 0.500000000 0.500000000 0.000000000
5086 0.500000000 0.500000000 0.000000000
5087 0.500000000 0.500000000 0.000000000
5088 0.500000000 0.500000000 0.000000000
5089 0.500000000 0.500000000 0.000000000
5090 0.500000000 0.500000000 0.000000000
5091 0.500000000 0.500000000 0.000000000
5092 0.500000000 0.500000000 0.000000000
5093 0.500000000 0.500000000 0.000000000
5094 0.500000000 0.500000000 0.000000000
5095 0.500000000 0.500000000 0.000000000
5096 0.541014314 0.458985656 0.000000000
5097 0.090909094 0.909090936 0.000000000
5098 0.000000000 1.000000000 0.000000000
5099 0.827272713 0.172727272 0.000000000
5100 0.500000000 0.500000000 0.000000000
5101 0.000000000 1.000000000 0.000000000
5102 0.000000000 1.000000000 0.000000000
5103 0.000000000 1.000000000 0.000000000
5104 0.000000000 1.000000000 0.000000000
5105 0.000000000 1.000000000 0.000000000
5106 0.000000000 1.000000000 0.000000000
5107 0.000000000 1.000000000 0.000000000
5108 0.000000000 1.000000000 0.000000000
5109 0.012500000 0.987500012 0.000000000
5110 0.000000000 1.000000000 0.000000000
5111 0.006711409 0.993288577 0.000000000
5112 0.018181818 0.981818199 0.000000000
5113 0.044117648 0.955882370 0.000000000
5114 0.008706467 0.991293550 0.000000000
5115 0.166666672 0.833333313 0.000000000
5116 0.500000000 0.500000000 0.000000000
5117 0.500000000 0.500000000 0.000000000
5118 0.030612245 0.969387770 0.000000000
5119 0.015873017 0.984126985 0.000000000
5120 0.025000000 0.975000024 0.000000000
5121 0.000000000 1.000000000 0.000000000
5122 0.500000000 0.500000000 0.000000000
5123 0.500000000 0.500000000 0.000000000
5124 0.500000000 0.500000000 0.000000000
5125 0.011718750 0.988281250 0.000000000
5126 0.004658385 0.995341599 0.000000000
5127 0.003623188 0.996376812 0.000000000
5128 0.329752058 0.670247912 0.000000000
5129 0.004273504 0.995726466 0.000000000
5130 0.026785715 0.973214269 0.000000000
5131 0.002049180 0.997950792 0.000000000
5132 0.014102564 0.985897422 0.000000000
5133 0.000000000 1.000000000 0.000000000
5134 0.006510417 0.993489563 0.000000000
5135 0.001689189 0.998310804 0.000000000
5136 0.004862237 0.995137751 0.000000000
5137 0.002564103 0.997435868 0.000000000
5138 0.000883392 0.999116600 0.000000000
5139 0.076855123 0.923144877 0.000000000
5140 0.000000000 1.000000000 0.000000000
5141 0.000934579 0.999065399 0.000000000
5142 0.016100179 0.983899832 0.000000000
5143 0.003597122 0.996402860 0.000000000
5144 0.003389830 0.996610165 0.000000000
5145 0.002347418 0.997652590 0.000000000
5146 0.004310345 0.995689631 0.000000000
5147 0.001766784 0.998233199 0.000000000
