0 0.000000000 0.580995262 0.419004768
1 0.000000000 0.574062467 0.425937504
2 0.000000000 0.711855590 0.288144410
3 0.000000000 0.863117516 0.136882499
4 0.000000000 0.921509504 0.078490496
5 0.000000000 0.958861768 0.041138213
6 0.000000000 0.960461080 0.039538901
7 0.000000000 0.975062728 0.024937248
8 0.000000000 0.974512637 0.025487371
9 0.000000000 0.684499383 0.315500617
10 0.000000000 0.742631733 0.257368267
11 0.000000000 0.596796751 0.403203219
12 0.000000000 0.287365109 0.712634921
13 0.000000000 0.484302402 0.515697598
14 0.000000000 0.346995234 0.653004766
15 0.000000000 0.576205194 0.423794806
16 0.000000000 0.746631861 0.253368109
17 0.000000000 0.756782651 0.243217364
18 0.000000000 0.981857181 0.018142818
19 0.000000000 0.967078865 0.032921117
20 0.000000000 0.913396478 0.086603530
21 0.000000000 0.936811626 0.063188344
22 0.000000000 0.672569633 0.327430397
23 0.000000000 0.444198459 0.555801570
24 0.000000000 0.388954520 0.611045480
25 0.000000000 0.159222469 0.840777516
26 0.862094760 0.110603787 0.027301468
27 0.941038370 0.018699311 0.040262327
28 0.832503200 0.055557698 0.111939125
29 0.945295632 0.030776098 0.023928281
30 0.824554622 0.046537437 0.128907919
31 0.563243270 0.313017011 0.123739697
32 0.599484861 0.333989799 0.066525340
33 0.426219761 0.456621408 0.117158830
34 0.564432263 0.388181090 0.047386646
35 0.233659118 0.609056711 0.157284141
36 0.008263216 0.803504646 0.188232124
37 0.000200296 0.572608411 0.427191287
38 0.000198020 0.319986701 0.679815292
39 0.979620516 0.000206113 0.020173369
40 0.982011318 0.000238025 0.017750675
41 0.976184130 0.006837473 0.016978385
42 0.906604588 0.073413350 0.019982081
43 0.797168314 0.154682681 0.048149034
44 0.625900447 0.346561760 0.027537780
45 0.761706054 0.217082694 0.021211265
46 0.546038926 0.422988743 0.030972345
47 0.442994446 0.530446231 0.026559301
48 0.247710168 0.703826010 0.048463792
49 0.001105112 0.787641466 0.211253434
50 0.000000000 0.655722320 0.344277710
51 0.000000000 0.221800953 0.778199017
52 0.922301352 0.077698626 0.000000000
53 0.944580436 0.055419590 0.000000000
54 0.944428086 0.055571895 0.000000000
55 0.998477936 0.001522054 0.000000000
56 0.831772923 0.168227091 0.000000000
57 0.992748439 0.007251577 0.000000000
58 0.398684502 0.601315498 0.000000000
59 0.292994767 0.707005203 0.000000000
60 0.619114578 0.380885392 0.000000000
61 0.058577869 0.941422105 0.000000000
62 0.065399215 0.934600770 0.000000000
63 0.000000000 1.000000000 0.000000000
64 0.000000000 1.000000000 0.000000000
65 0.828063250 0.171936750 0.000000000
66 0.826055288 0.173944712 0.000000000
67 0.872906208 0.127093807 0.000000000
68 0.812943041 0.187056959 0.000000000
69 0.678788841 0.321211129 0.000000000
70 0.128031969 0.871968031 0.000000000
71 0.411874682 0.588125288 0.000000000
72 0.279135525 0.720864475 0.000000000
73 0.703024268 0.296975732 0.000000000
74 0.283036113 0.716963887 0.000000000
75 0.000094846 0.999905169 0.000000000
76 0.000079801 0.999920189 0.000000000
77 0.000028508 0.999971509 0.000000000
78 0.000000000 0.465639353 0.534360647
79 0.000000000 0.575224221 0.424775779
80 0.000000000 0.681317210 0.318682790
81 0.000000000 0.606726646 0.393273383
82 0.000000000 0.716447473 0.283552557
83 0.000000000 0.623585284 0.376414746
84 0.000000000 0.636193395 0.363806605
85 0.000000000 0.569142222 0.430857778
86 0.000000000 0.664260805 0.335739166
87 0.000000000 0.739242911 0.260757089
88 0.000000000 0.700318635 0.299681336
89 0.000000000 0.796951771 0.203048259
90 0.000000000 0.815948546 0.184051469
91 0.000000000 0.635773242 0.364226788
92 0.000000000 0.324851513 0.675148487
93 0.000000000 0.764744401 0.235255584
94 0.000000000 0.812359273 0.187640756
95 0.000000000 0.771748126 0.228251889
96 0.000000000 0.749812007 0.250187963
97 0.000000000 0.679625213 0.320374787
98 0.000000000 0.630588412 0.369411618
99 0.000000000 0.744341671 0.255658329
100 0.000000000 0.828660309 0.171339676
101 0.000000000 0.752341270 0.247658730
102 0.000000000 0.864829302 0.135170728
103 0.000000000 0.879486799 0.120513208
104 0.000000000 0.838975132 0.161024854
105 0.000000000 0.841260850 0.158739179
106 0.000000000 0.265582532 0.734417439
107 0.000000000 0.857998550 0.142001450
108 0.000000000 0.824652910 0.175347075
109 0.000000000 0.770552099 0.229447886
110 0.000000000 0.912110627 0.087889351
111 0.000000000 0.854720354 0.145279646
112 0.000000000 0.856982589 0.143017411
113 0.000000000 0.905865073 0.094134949
114 0.000000000 0.895116806 0.104883216
115 0.000000000 0.903407753 0.096592225
116 0.000000000 0.907390237 0.092609793
117 0.000000000 0.831040144 0.168959871
118 0.000000000 0.830310345 0.169689670
119 0.000000000 0.863405228 0.136594743
120 0.000000000 0.403485775 0.596514225
121 0.000000000 0.851878464 0.148121551
122 0.000000000 0.879229784 0.120770223
123 0.000000000 0.879818499 0.120181493
124 0.000000000 0.846202254 0.153797731
125 0.000000000 0.944784701 0.055215321
126 0.000000000 0.922515154 0.077484846
127 0.000000000 0.901933789 0.098066211
128 0.000000000 0.955651641 0.044348337
129 0.000000000 0.936970651 0.063029341
130 0.000000000 0.927421808 0.072578192
131 0.000000000 0.952204049 0.047795948
132 0.000000000 0.935069799 0.064930208
133 0.000000000 0.929593384 0.070406638
134 0.000000000 0.487643629 0.512356400
135 0.000000000 0.931007862 0.068992108
136 0.000000000 0.992474198 0.007525777
137 0.000000000 0.949244201 0.050755821
138 0.000000000 0.987043381 0.012956616
139 0.000000000 0.974830389 0.025169631
140 0.000000000 0.963332415 0.036667593
141 0.000000000 0.953033209 0.046966791
142 0.000000000 0.979889572 0.020110443
143 0.000000000 0.972399652 0.027600348
144 0.000000000 0.975783408 0.024216605
145 0.000000000 0.960618556 0.039381433
146 0.000000000 0.947266042 0.052733939
147 0.000000000 0.982957780 0.017042214
148 0.000000000 0.424679160 0.575320840
149 0.000000000 0.980978906 0.019021092
150 0.000000000 0.961364865 0.038635131
151 0.000000000 0.985075951 0.014924061
152 0.000000000 0.951798737 0.048201252
153 0.000000000 0.992724299 0.007275717
154 0.000000000 0.993134558 0.006865457
155 0.000000000 0.980607927 0.019392056
156 0.000000000 0.951471567 0.048528407
157 0.000000000 0.975338817 0.024661185
158 0.000000000 0.980457127 0.019542858
159 0.000000000 0.990231454 0.009768571
160 0.000000000 0.995433927 0.004566060
161 0.000000000 0.993608654 0.006391319
162 0.000000000 0.380811512 0.619188488
163 0.000000000 0.984664798 0.015335214
164 0.000000000 0.999204934 0.000795084
165 0.000000000 0.981632352 0.018367652
166 0.000000000 0.966191411 0.033808608
167 0.000000000 0.983265340 0.016734650
168 0.000000000 0.985980332 0.014019669
169 0.000000000 0.986023486 0.013976519
170 0.000000000 0.976344049 0.023655972
171 0.000000000 0.949461341 0.050538670
172 0.000000000 0.974709630 0.025290385
173 0.000000000 0.969179094 0.030820882
174 0.000000000 0.989128590 0.010871409
175 0.000000000 0.997945726 0.002054282
176 0.000000000 0.366891146 0.633108854
177 0.000000000 0.993610024 0.006389986
178 0.000000000 0.990561903 0.009438095
179 0.000000000 0.985387743 0.014612285
180 0.000000000 0.998878300 0.001121688
181 0.000000000 0.971530676 0.028469313
182 0.000000000 0.964735866 0.035264116
183 0.000000000 0.946448565 0.053551465
184 0.000000000 0.942733467 0.057266522
185 0.000000000 0.908677042 0.091322929
186 0.000000000 0.967336476 0.032663543
187 0.000000000 0.938817382 0.061182629
188 0.000000000 0.971889973 0.028110031
189 0.000000000 0.961394072 0.038605936
190 0.000000000 0.395352185 0.604647815
191 0.000000000 0.950910211 0.049089815
192 0.000000000 0.959641933 0.040358081
193 0.000000000 0.951579511 0.048420504
194 0.000000000 0.929086864 0.070913114
195 0.000000000 0.920521200 0.079478800
196 0.000000000 0.918529093 0.081470937
197 0.000000000 0.901094496 0.098905526
198 0.000000000 0.871056020 0.128943950
199 0.000000000 0.896537602 0.103462383
200 0.000000000 0.933861554 0.066138431
201 0.000000000 0.944949329 0.055050675
202 0.000000000 0.916168809 0.083831213
203 0.000000000 0.947011828 0.052988142
204 0.000000000 0.283992767 0.716007233
205 0.000000000 0.900295019 0.099704996
206 0.000000000 0.787903965 0.212096065
207 0.000000000 0.751644373 0.248355642
208 0.000000000 0.749300659 0.250699341
209 0.000000000 0.639643133 0.360356838
210 0.000000000 0.610042036 0.389957964
211 0.000000000 0.723249912 0.276750118
212 0.000000000 0.714225769 0.285774261
213 0.000000000 0.737985373 0.262014598
214 0.000000000 0.677535057 0.322464913
215 0.000000000 0.735035181 0.264964819
216 0.000000000 0.755971968 0.244028017
217 0.000000000 0.728505611 0.271494359
218 0.000000000 0.263805032 0.736194968
219 0.000000000 0.577577710 0.422422290
220 0.000000000 0.495299727 0.504700303
221 0.000000000 0.378144443 0.621855557
222 0.000000000 0.480043381 0.519956589
223 0.000000000 0.455635279 0.544364750
224 0.000000000 0.278731376 0.721268654
225 0.000000000 0.397362441 0.602637589
226 0.000000000 0.442420244 0.557579756
227 0.000000000 0.380486220 0.619513750
228 0.000000000 0.482847363 0.517152607
229 0.000000000 0.475934207 0.524065793
230 0.000000000 0.504471719 0.495528251
231 0.000000000 0.558776677 0.441223294
232 0.000000000 0.091705441 0.908294559
233 0.000000000 0.217374414 0.782625616
234 0.000000000 0.501739562 0.498260409
235 0.000000000 0.312268734 0.687731266
236 0.000000000 0.451687515 0.548312485
237 0.000000000 0.470265806 0.529734194
238 0.000000000 0.428080142 0.571919858
239 0.000000000 0.409055561 0.590944409
240 0.000000000 0.414163768 0.585836232
241 0.000000000 0.369021326 0.630978703
242 0.000000000 0.541449368 0.458550602
243 0.000000000 0.451658159 0.548341811
244 0.000000000 0.496854842 0.503145158
245 0.000000000 0.351847321 0.648152709
246 0.000000000 0.200272396 0.799727619
247 0.000000000 0.000265088 0.999734938
248 0.000000000 0.173860565 0.826139450
249 0.000000000 0.163315341 0.836684644
250 0.000000000 0.244528949 0.755471051
251 0.000000000 0.196807116 0.803192854
252 0.000000000 0.185845569 0.814154446
253 0.000000000 0.214528412 0.785471618
254 0.000000000 0.248530939 0.751469076
255 0.000000000 0.186799422 0.813200593
256 0.000000000 0.278492123 0.721507847
257 0.000000000 0.387379616 0.612620354
258 0.000000000 0.464899510 0.535100520
259 0.000000000 0.301551044 0.698448956
260 0.000000000 0.291962743 0.708037257
261 0.000000000 0.000370561 0.999629438
262 0.000000000 0.565094113 0.434905887
263 0.000000000 0.636276364 0.363723636
264 0.000000000 0.653397620 0.346602410
265 0.000000000 0.550261438 0.449738562
266 0.000000000 0.529910147 0.470089853
267 0.000000000 0.708823144 0.291176885
268 0.000000000 0.634624124 0.365375876
269 0.000000000 0.567250669 0.432749331
270 0.000000000 0.658953667 0.341046363
271 0.000000000 0.772745907 0.227254078
272 0.000000000 0.757192492 0.242807508
273 0.000000000 0.504291654 0.495708376
274 0.000000000 0.587141573 0.412858456
275 0.000000000 0.000375236 0.999624789
276 0.000000000 0.579598904 0.420401067
277 0.000000000 0.698285162 0.301714838
278 0.000000000 0.711829424 0.288170606
279 0.000000000 0.650228560 0.349771440
280 0.000000000 0.723520339 0.276479632
281 0.000000000 0.711517692 0.288482338
282 0.000000000 0.693323314 0.306676686
283 0.000000000 0.762308002 0.237691998
284 0.000000000 0.779789686 0.220210314
285 0.000000000 0.774527788 0.225472197
286 0.000000000 0.747464836 0.252535164
287 0.000000000 0.880689144 0.119310826
288 0.000000000 0.884890199 0.115109831
289 0.000000000 0.000186354 0.999813616
290 0.000000000 0.895123065 0.104876943
291 0.000000000 0.883995473 0.116004549
292 0.000000000 0.955590844 0.044409126
293 0.000000000 0.890900433 0.109099559
294 0.000000000 0.973767579 0.026232395
295 0.000000000 0.890644848 0.109355144
296 0.000000000 0.942934930 0.057065081
297 0.000000000 0.969885468 0.030114546
298 0.000000000 0.932963550 0.067036450
299 0.000000000 0.934124887 0.065875106
300 0.000000000 0.891499817 0.108500212
301 0.000000000 0.892746985 0.107252993
302 0.000000000 0.896082640 0.103917360
303 0.000000000 0.001482607 0.998517394
304 0.000000000 0.994964778 0.005035229
305 0.000000000 0.958782196 0.041217826
306 0.000000000 0.856771767 0.143228218
307 0.000000000 0.966530263 0.033469737
308 0.000000000 0.987119973 0.012880032
309 0.000000000 0.981694698 0.018305307
310 0.000000000 0.948620558 0.051379442
311 0.000000000 0.969456494 0.030543521
312 0.000000000 0.999563694 0.000436277
313 0.000000000 0.997754633 0.002245351
314 0.000000000 0.969146907 0.030853122
315 0.000000000 0.994013429 0.005986553
316 0.000000000 0.997443080 0.002556892
317 0.000000000 0.000614797 0.999385178
318 0.000000000 0.978472531 0.021527482
319 0.000000000 0.997667491 0.002332479
320 0.000000000 0.996924639 0.003075343
321 0.000000000 0.993189633 0.006810352
322 0.000000000 0.995172620 0.004827356
323 0.000000000 0.996296644 0.003703329
324 0.000000000 0.994003892 0.005996113
325 0.000000000 1.000000000 0.000000000
326 0.000000000 0.998971462 0.001028564
327 0.000000000 0.996832132 0.003167862
328 0.000000000 0.996898711 0.003101289
329 0.000000000 0.995085716 0.004914258
330 0.000000000 0.999180973 0.000819043
331 0.000000000 0.000541407 0.999458611
332 0.000000000 0.996928573 0.003071411
333 0.000000000 0.998984575 0.001015395
334 0.000000000 0.998678684 0.001321328
335 0.000000000 0.994706273 0.005293728
336 0.000000000 0.982731938 0.017268041
337 0.000000000 0.999031544 0.000968479
338 0.000000000 1.000000000 0.000000000
339 0.000000000 0.999659240 0.000340754
340 0.000000000 0.993621886 0.006378099
341 0.000000000 0.981770754 0.018229254
342 0.000000000 0.999960065 0.000039929
343 0.000000000 0.993405521 0.006594506
344 0.000000000 0.979171276 0.020828743
345 0.000000000 0.000470064 0.999529958
346 0.000000000 1.000000000 0.000000000
347 0.000000000 0.999183536 0.000816467
348 0.000000000 0.999410510 0.000589505
349 0.000000000 0.958363771 0.041636240
350 0.000000000 0.956003606 0.043996386
351 0.000000000 0.989089191 0.010910825
352 0.000000000 0.957947373 0.042052630
353 0.000000000 0.954799175 0.045200832
354 0.000000000 0.997653127 0.002346852
355 0.000000000 1.000000000 0.000000000
356 0.000000000 0.959339559 0.040660426
357 0.000000000 0.937933147 0.062066879
358 0.000000000 0.980049014 0.019950984
359 0.000000000 0.003768150 0.996231854
360 0.000000000 0.934468567 0.065531425
361 0.000000000 0.976122260 0.023877751
362 0.000000000 0.858511984 0.141488001
363 0.000000000 0.804383039 0.195616961
364 0.000000000 0.710437477 0.289562553
365 0.000000000 0.731261909 0.268738091
366 0.000000000 0.628280103 0.371719897
367 0.000000000 0.661538780 0.338461220
368 0.000000000 0.777480245 0.222519785
369 0.000000000 0.635728240 0.364271790
370 0.000000000 0.495268852 0.504731119
371 0.000000000 0.873474658 0.126525372
372 0.000000000 0.834934950 0.165065080
373 0.000000000 0.000555219 0.999444783
374 0.000000000 0.505809605 0.494190425
375 0.000000000 0.371417850 0.628582120
376 0.000000000 0.300352633 0.699647367
377 0.000000000 0.130046904 0.869953096
378 0.000000000 0.025245974 0.974754035
379 0.000000000 0.078136049 0.921863973
380 0.000000000 0.026280740 0.973719239
381 0.000000000 0.175119892 0.824880123
382 0.000000000 0.139651895 0.860348105
383 0.000000000 0.066296823 0.933703184
384 0.000000000 0.181555286 0.818444729
385 0.000000000 0.155741572 0.844258428
386 0.000000000 0.121597983 0.878401995
387 0.000000000 0.001175560 0.998824418
388 0.000000000 0.020490352 0.979509652
389 0.000000000 0.004345077 0.995654941
390 0.000000000 0.008192073 0.991807938
391 0.000000000 0.026824770 0.973175228
392 0.000000000 0.007975795 0.992024183
393 0.000000000 0.000440027 0.999559999
394 0.000000000 0.042836793 0.957163215
395 0.000000000 0.020456556 0.979543447
396 0.000000000 0.027797395 0.972202599
397 0.000000000 0.027821017 0.972178996
398 0.000000000 0.019995119 0.980004907
399 0.000000000 0.022681823 0.977318168
400 0.000000000 0.011131244 0.988868773
401 0.000000000 0.000890162 0.999109864
402 0.000000000 0.010331771 0.989668250
403 0.000000000 0.001592592 0.998407423
404 0.000000000 0.001387037 0.998612940
405 0.000000000 0.001324705 0.998675287
406 0.000000000 0.001583647 0.998416364
407 0.000000000 0.002803070 0.997196913
408 0.000000000 0.002267013 0.997732997
409 0.000000000 0.002948164 0.997051835
410 0.000000000 0.002087055 0.997912943
411 0.000000000 0.003719823 0.996280193
412 0.000000000 0.002363067 0.997636914
413 0.000000000 0.003676591 0.996323407
414 0.000000000 0.003660623 0.996339381
415 0.000000000 0.003700202 0.996299803
416 0.000000174 0.000461817 0.999538004
417 1.000000000 0.000000000 0.000000000
418 1.000000000 0.000000000 0.000000000
419 1.000000000 0.000000000 0.000000000
420 1.000000000 0.000000000 0.000000000
421 1.000000000 0.000000000 0.000000000
422 1.000000000 0.000000000 0.000000000
423 1.000000000 0.000000000 0.000000000
424 1.000000000 0.000000000 0.000000000
425 1.000000000 0.000000000 0.000000000
426 1.000000000 0.000000000 0.000000000
427 1.000000000 0.000000000 0.000000000
428 0.999667466 0.000079363 0.000253143
429 1.000000000 0.000000000 0.000000000
430 0.000033260 0.000515989 0.999450743
431 0.997348368 0.000000000 0.002651607
432 1.000000000 0.000000000 0.000000000
433 0.997717321 0.000000000 0.002282680
434 0.965583086 0.000000000 0.034416925
435 1.000000000 0.000000000 0.000000000
436 1.000000000 0.000000000 0.000000000
437 1.000000000 0.000000000 0.000000000
438 0.978742778 0.000000000 0.021257197
439 0.950998485 0.000000000 0.049001500
440 0.936549604 0.000000000 0.063450418
441 0.972796321 0.000000000 0.027203653
442 0.962735653 0.000000000 0.037264336
443 0.997938037 0.000000000 0.002061972
444 0.000000917 0.001683924 0.998315156
445 0.969333053 0.000000000 0.030666972
446 0.979188323 0.001839490 0.018972162
447 0.886774719 0.002086561 0.111138746
448 0.992915094 0.000000000 0.007084925
449 0.974442303 0.000000000 0.025557702
450 0.995726764 0.000000000 0.004273256
451 0.913478792 0.000000000 0.086521216
452 0.945082486 0.000000000 0.054917522
453 0.961758912 0.000815458 0.037425630
454 0.993858337 0.000000000 0.006141684
455 0.960482597 0.000000000 0.039517399
456 0.970665038 0.000917105 0.028417869
457 0.993347704 0.001591305 0.005060984
458 0.000000950 0.000552502 0.999446571
459 0.997902513 0.000000000 0.002097472
460 0.845549822 0.000472453 0.153977722
461 0.989971101 0.000000000 0.010028921
462 0.984592319 0.000000000 0.015407671
463 0.974655151 0.000000000 0.025344869
464 0.910898685 0.000000000 0.089101344
465 0.921713531 0.048871081 0.029415395
466 0.892832518 0.013210302 0.093957171
467 0.921075106 0.038154427 0.040770445
468 0.966491520 0.006926616 0.026581842
469 0.969948411 0.020255119 0.009796495
470 0.989646614 0.000337165 0.010016196
471 0.962377250 0.013906814 0.023715954
472 0.000008241 0.002050307 0.997941434
473 0.832474887 0.118319079 0.049206033
474 0.933864236 0.050299864 0.015835922
475 0.967984378 0.008718772 0.023296874
476 0.930132985 0.028344538 0.041522477
477 0.946650326 0.037493337 0.015856361
478 0.816601753 0.136446103 0.046952121
479 0.813493192 0.160014242 0.026492557
480 0.941899300 0.047067013 0.011033713
481 0.902077496 0.047078215 0.050844312
482 0.935003996 0.062396381 0.002599647
483 0.930552959 0.047032144 0.022414906
484 0.879251361 0.071639746 0.049108885
485 0.955069900 0.025350329 0.019579753
486 0.000000000 0.004039107 0.995960891
487 0.890407085 0.096014164 0.013578732
488 0.951817036 0.039053265 0.009129688
489 0.917337775 0.070492543 0.012169708
490 0.846078634 0.127588049 0.026333284
491 0.751222849 0.246102691 0.002674449
492 0.832356155 0.160348281 0.007295564
493 0.856785655 0.133330733 0.009883588
494 0.910368800 0.073391341 0.016239878
495 0.796524525 0.195058793 0.008416681
496 0.821868420 0.162509516 0.015622063
497 0.823292971 0.150533393 0.026173659
498 0.909983039 0.088889077 0.001127861
499 0.641579688 0.326488078 0.031932224
500 0.000001426 0.004271257 0.995727301
501 0.865420699 0.132280082 0.002299252
502 0.837267578 0.154312238 0.008420210
503 0.755297482 0.242988557 0.001713939
504 0.631669700 0.365031451 0.003298839
505 0.627510607 0.369692713 0.002796649
506 0.803924918 0.195496544 0.000578532
507 0.728383124 0.234085292 0.037531562
508 0.708021820 0.283122271 0.008855905
509 0.672850192 0.311789870 0.015359941
510 0.666065037 0.286059260 0.047875699
511 0.834598482 0.157845050 0.007556459
512 0.559131265 0.410512149 0.030356573
513 0.652813971 0.328261286 0.018924722
514 0.000000000 0.021297988 0.978702009
515 0.654137492 0.333386421 0.012476111
516 0.506851614 0.433732778 0.059415616
517 0.529317081 0.465842813 0.004840076
518 0.497284770 0.498589903 0.004125352
519 0.648498654 0.346858114 0.004643238
520 0.759989202 0.223761454 0.016249321
521 0.749573708 0.247048303 0.003377966
522 0.655660033 0.336541086 0.007798913
523 0.628681123 0.366431117 0.004887753
524 0.771136582 0.185666755 0.043196663
525 0.530526757 0.448632896 0.020840364
526 0.618902147 0.372191906 0.008905942
527 0.652258277 0.323092103 0.024649592
528 0.000000000 0.010334436 0.989665568
529 0.502520382 0.422552109 0.074927486
530 0.392584264 0.592967510 0.014448202
531 0.485343963 0.499347299 0.015308735
532 0.606223762 0.391002715 0.002773523
533 0.400032163 0.576972723 0.022995120
534 0.401468873 0.592524111 0.006007046
535 0.321346849 0.668970942 0.009682225
536 0.477683932 0.506953776 0.015362285
537 0.524830639 0.470565140 0.004604240
538 0.311197519 0.680725098 0.008077404
539 0.478843659 0.508280933 0.012875425
540 0.453643858 0.522934020 0.023422126
541 0.440464675 0.552136958 0.007398350
542 0.000003904 0.006496863 0.993499219
543 0.114350528 0.856332541 0.029316938
544 0.128152668 0.826896071 0.044951268
545 0.244925573 0.741826773 0.013247651
546 0.059012339 0.902746737 0.038240932
547 0.079121172 0.917004228 0.003874601
548 0.047313564 0.950058162 0.002628251
549 0.110097848 0.887031198 0.002870973
550 0.115689740 0.877878368 0.006431881
551 0.067486525 0.921723306 0.010790188
552 0.115450524 0.878343344 0.006206151
553 0.164085135 0.830358267 0.005556577
554 0.042382717 0.955493987 0.002123286
555 0.113853961 0.878520072 0.007625949
556 0.000077585 0.031146467 0.968775928
557 0.000322401 0.948935986 0.050741605
558 0.007391072 0.899874747 0.092734165
559 0.000125624 0.843991399 0.155882984
560 0.000024919 0.932785094 0.067189984
561 0.000003587 0.930183649 0.069812782
562 0.000001626 0.954501927 0.045496427
563 0.000155580 0.932657540 0.067186877
564 0.000572800 0.893450677 0.105976507
565 0.006211650 0.948646665 0.045141678
566 0.002009701 0.956529081 0.041461214
567 0.001569690 0.972065389 0.026364896
568 0.002934772 0.962852240 0.034212984
569 0.002055621 0.968235672 0.029708700
570 0.000001090 0.016384374 0.983614564
571 0.000000000 0.679833174 0.320166856
572 0.000099376 0.107607521 0.892293096
573 0.000000000 0.104135700 0.895864308
574 0.000000000 0.090075575 0.909924448
575 0.000000000 0.014364932 0.985635042
576 0.000000000 0.189877197 0.810122788
577 0.000000000 0.069633320 0.930366695
578 0.000000000 0.304613918 0.695386112
579 0.000000000 0.396433651 0.603566349
580 0.000000000 0.290948063 0.709051907
581 0.000000991 0.258278489 0.741720498
582 0.000000000 0.068316899 0.931683123
583 0.000276591 0.097386055 0.902337372
584 0.000000000 0.004122522 0.995877504
585 0.000000000 0.001625634 0.998374343
586 0.980635583 0.000215641 0.019148771
587 0.999838293 0.000161707 0.000000000
588 1.000000000 0.000000000 0.000000000
589 0.994005859 0.000175183 0.005818957
590 0.999759972 0.000240052 0.000000000
591 0.999222815 0.000242102 0.000535077
592 0.999146104 0.000201864 0.000652016
593 0.990869164 0.000191470 0.008939361
594 0.999823749 0.000167034 0.000009211
595 0.996611834 0.000155824 0.003232372
596 0.992128253 0.000000000 0.007871742
597 0.999651670 0.000348330 0.000000000
598 0.992120683 0.000174762 0.007704532
599 0.000000000 0.000000000 1.000000000
600 1.000000000 0.000000000 0.000000000
601 0.999923646 0.000063755 0.000012612
602 0.985150874 0.000184788 0.014664316
603 0.998167336 0.000087045 0.001745590
604 0.999240875 0.000251554 0.000507551
605 0.999907315 0.000092695 0.000000000
606 0.999448657 0.000087947 0.000463423
607 0.994424462 0.000063616 0.005511944
608 0.978896677 0.000046151 0.021057175
609 1.000000000 0.000000000 0.000000000
610 0.999665260 0.000334751 0.000000000
611 0.997227669 0.000106436 0.002665872
612 0.991660535 0.000265348 0.008074095
613 0.000000000 0.000000000 1.000000000
614 0.976448417 0.000014580 0.023536991
615 0.990800202 0.000239972 0.008959848
616 0.999744058 0.000255918 0.000000000
617 0.999688208 0.000311788 0.000000000
618 0.990212142 0.000024175 0.009763689
619 0.998939872 0.000099932 0.000960207
620 0.994908810 0.000000000 0.005091217
621 0.961102188 0.000339768 0.038558036
622 0.989405811 0.000000000 0.010594208
623 0.999314725 0.000685279 0.000000000
624 0.996263742 0.000383962 0.003352317
625 0.963316560 0.018297588 0.018385850
626 0.998869240 0.000646393 0.000484375
627 0.000000000 0.000000000 1.000000000
628 0.984227598 0.005309886 0.010462488
629 0.972125411 0.000245740 0.027628830
630 0.981312394 0.018100260 0.000587338
631 0.990695655 0.008867251 0.000437123
632 0.989068747 0.000143865 0.010787372
633 0.964865327 0.032584354 0.002550299
634 0.987431467 0.012171501 0.000397006
635 0.931121230 0.036986083 0.031892706
636 0.990084708 0.009915271 0.000000000
637 0.955443144 0.041593362 0.002963469
638 0.932749331 0.049055573 0.018195072
639 0.939728618 0.058050461 0.002220939
640 0.946980655 0.025401199 0.027618172
641 0.000000000 0.000000000 1.000000000
642 0.910814703 0.072789282 0.016395999
643 0.927294970 0.072601892 0.000103164
644 0.980193257 0.013241840 0.006564911
645 0.954596341 0.043738201 0.001665440
646 0.854254186 0.138174146 0.007571644
647 0.773769677 0.225848123 0.000382186
648 0.823069155 0.146901846 0.030028971
649 0.865089595 0.119998269 0.014912161
650 0.906867445 0.092708476 0.000424076
651 0.907213271 0.082173809 0.010612927
652 0.885580420 0.114357851 0.000061717
653 0.900337815 0.064539976 0.035122186
654 0.916922152 0.079569183 0.003508658
655 0.000000000 0.000051026 0.999948978
656 0.821278870 0.178360879 0.000360266
657 0.936203420 0.063581757 0.000214815
658 0.852946758 0.146749407 0.000303856
659 0.821933150 0.177849889 0.000216974
660 0.781808674 0.202828258 0.015363068
661 0.746379852 0.224508122 0.029112035
662 0.810604036 0.174232796 0.015163159
663 0.896600842 0.101541102 0.001858029
664 0.897065103 0.092992783 0.009942123
665 0.915199459 0.081259526 0.003541029
666 0.855246663 0.120371357 0.024381999
667 0.922012389 0.071029298 0.006958327
668 0.909342885 0.076072641 0.014584476
669 0.000000000 0.000000000 1.000000000
670 0.901171803 0.094218805 0.004609414
671 0.858920455 0.134707779 0.006371766
672 0.800081849 0.199434474 0.000483699
673 0.731171548 0.266701162 0.002127302
674 0.807653248 0.190746441 0.001600339
675 0.779451609 0.216297090 0.004251328
676 0.805988789 0.192152619 0.001858613
677 0.781881988 0.212267488 0.005850533
678 0.832256556 0.166701958 0.001041481
679 0.785715044 0.170192838 0.044092122
680 0.858398914 0.136165380 0.005435731
681 0.854717135 0.138184234 0.007098649
682 0.784649074 0.214918450 0.000432475
683 0.000000000 0.000000000 1.000000000
684 0.754474759 0.243685395 0.001839845
685 0.644826770 0.355146170 0.000027076
686 0.624573648 0.375351995 0.000074334
687 0.668814838 0.328935862 0.002249278
688 0.688120246 0.311879754 0.000000000
689 0.719563782 0.277003646 0.003432579
690 0.646238983 0.333642453 0.020118540
691 0.530566990 0.465221703 0.004211273
692 0.694148839 0.296019584 0.009831603
693 0.696492195 0.291769207 0.011738619
694 0.679909706 0.312569439 0.007520860
695 0.628332019 0.366969228 0.004698762
696 0.781220436 0.217519239 0.001260354
697 0.000000000 0.000000000 1.000000000
698 0.420899630 0.578155041 0.000945311
699 0.458491802 0.539517343 0.001990853
700 0.491791159 0.506298542 0.001910289
701 0.461049289 0.538131356 0.000819376
702 0.454272181 0.539258957 0.006468880
703 0.387212157 0.597525597 0.015262252
704 0.392338037 0.600816607 0.006845356
705 0.402819157 0.583839238 0.013341587
706 0.589675248 0.408037663 0.002287115
707 0.514795125 0.477682233 0.007522626
708 0.409610808 0.557966828 0.032422356
709 0.549582243 0.443940163 0.006477611
710 0.500318885 0.494950742 0.004730397
711 0.000000000 0.000000000 1.000000000
712 0.213905662 0.778088033 0.008006288
713 0.261491358 0.722095251 0.016413402
714 0.233115926 0.755897641 0.010986438
715 0.059940502 0.935364962 0.004694550
716 0.069848195 0.905763507 0.024388291
717 0.052646734 0.931664944 0.015688311
718 0.096909024 0.887666404 0.015424565
719 0.171430722 0.818870544 0.009698749
720 0.095360823 0.891501427 0.013137750
721 0.022653816 0.970529556 0.006816627
722 0.260837853 0.735277414 0.003884774
723 0.119968899 0.876999021 0.003032080
724 0.089134559 0.905680656 0.005184771
725 0.000000000 0.000818176 0.999181807
726 0.011712595 0.969776094 0.018511318
727 0.000000000 0.992380679 0.007619294
728 0.000000000 0.855448425 0.144551560
729 0.000000000 0.907572508 0.092427500
730 0.000000000 0.882442474 0.117557555
731 0.000000000 0.922242999 0.077757016
732 0.000000000 0.983513176 0.016486838
733 0.000000000 0.883886576 0.116113424
734 0.000000000 0.920106053 0.079893954
735 0.000000000 0.936448157 0.063551851
736 0.000000000 0.920434237 0.079565771
737 0.000068242 0.958024323 0.041907411
738 0.000000000 0.937382221 0.062617801
739 0.000000000 0.000000000 1.000000000
740 0.000000000 0.824673533 0.175326437
741 0.000000000 0.059201676 0.940798342
742 0.000000000 0.141229719 0.858770311
743 0.000000000 0.065600172 0.934399843
744 0.000000000 0.009516833 0.990483165
745 0.000000000 0.072332576 0.927667439
746 0.000000000 0.256522834 0.743477166
747 0.000000000 0.137645304 0.862354696
748 0.000000000 0.193557188 0.806442797
749 0.000000000 0.198475912 0.801524103
750 0.000000000 0.238996521 0.761003494
751 0.000000000 0.472238302 0.527761698
752 0.000000000 0.410481602 0.589518428
753 0.000000000 0.000000000 1.000000000
754 0.000000000 1.000000000 0.000000000
755 0.999198616 0.000801394 0.000000000
756 0.998931825 0.001068187 0.000000000
757 0.999134421 0.000865588 0.000000000
758 1.000000000 0.000000000 0.000000000
759 1.000000000 0.000000000 0.000000000
760 1.000000000 0.000000000 0.000000000
761 1.000000000 0.000000000 0.000000000
762 0.998986065 0.001013920 0.000000000
763 0.998694539 0.001305479 0.000000000
764 1.000000000 0.000000000 0.000000000
765 1.000000000 0.000000000 0.000000000
766 1.000000000 0.000000000 0.000000000
767 0.999052942 0.000947060 0.000000000
768 0.000000000 1.000000000 0.000000000
769 0.998533726 0.001466255 0.000000000
770 0.998161674 0.001838325 0.000000000
771 1.000000000 0.000000000 0.000000000
772 0.998621285 0.001378742 0.000000000
773 1.000000000 0.000000000 0.000000000
774 0.999066234 0.000933768 0.000000000
775 1.000000000 0.000000000 0.000000000
776 0.997986794 0.002013221 0.000000000
777 1.000000000 0.000000000 0.000000000
778 0.997448087 0.002551919 0.000000000
779 1.000000000 0.000000000 0.000000000
780 1.000000000 0.000000000 0.000000000
781 1.000000000 0.000000000 0.000000000
782 0.000000000 1.000000000 0.000000000
783 1.000000000 0.000000000 0.000000000
784 1.000000000 0.000000000 0.000000000
785 1.000000000 0.000000000 0.000000000
786 1.000000000 0.000000000 0.000000000
787 1.000000000 0.000000000 0.000000000
788 1.000000000 0.000000000 0.000000000
789 1.000000000 0.000000000 0.000000000
790 1.000000000 0.000000000 0.000000000
791 1.000000000 0.000000000 0.000000000
792 0.999996424 0.000003603 0.000000000
793 0.998625934 0.001374059 0.000000000
794 0.998676062 0.001323959 0.000000000
795 0.998443067 0.001556936 0.000000000
796 0.000000000 1.000000000 0.000000000
797 1.000000000 0.000000000 0.000000000
798 0.998094082 0.001905948 0.000000000
799 1.000000000 0.000000000 0.000000000
800 0.998508275 0.001491725 0.000000000
801 0.995841503 0.004158476 0.000000000
802 0.997039139 0.002960888 0.000000000
803 1.000000000 0.000000000 0.000000000
804 1.000000000 0.000000000 0.000000000
805 0.999813199 0.000186802 0.000000000
806 1.000000000 0.000000000 0.000000000
807 0.995498180 0.004501845 0.000000000
808 0.996690512 0.003309497 0.000000000
809 0.996947944 0.003052075 0.000000000
810 0.000000000 1.000000000 0.000000000
811 0.996885359 0.003114651 0.000000000
812 0.971343935 0.028656069 0.000000000
813 0.995766282 0.004233728 0.000000000
814 0.983414948 0.016585065 0.000000000
815 0.991462469 0.008537524 0.000000000
816 0.994139612 0.005860388 0.000000000
817 0.995424688 0.004575282 0.000000000
818 0.999803543 0.000196434 0.000000000
819 1.000000000 0.000000000 0.000000000
820 0.991472125 0.008527846 0.000000000
821 0.994756043 0.005243981 0.000000000
822 0.996083796 0.003916178 0.000000000
823 1.000000000 0.000000000 0.000000000
824 0.000000000 1.000000000 0.000000000
825 1.000000000 0.000000000 0.000000000
826 1.000000000 0.000000000 0.000000000
827 1.000000000 0.000000000 0.000000000
828 1.000000000 0.000000000 0.000000000
829 1.000000000 0.000000000 0.000000000
830 1.000000000 0.000000000 0.000000000
831 1.000000000 0.000000000 0.000000000
832 1.000000000 0.000000000 0.000000000
833 1.000000000 0.000000000 0.000000000
834 1.000000000 0.000000000 0.000000000
835 1.000000000 0.000000000 0.000000000
836 1.000000000 0.000000000 0.000000000
837 1.000000000 0.000000000 0.000000000
838 0.000000000 1.000000000 0.000000000
839 1.000000000 0.000000000 0.000000000
840 1.000000000 0.000000000 0.000000000
841 1.000000000 0.000000000 0.000000000
842 1.000000000 0.000000000 0.000000000
843 1.000000000 0.000000000 0.000000000
844 1.000000000 0.000000000 0.000000000
845 0.998902082 0.001097898 0.000000000
846 1.000000000 0.000000000 0.000000000
847 0.686565459 0.313434511 0.000000000
848 1.000000000 0.000000000 0.000000000
849 1.000000000 0.000000000 0.000000000
850 1.000000000 0.000000000 0.000000000
851 0.628553510 0.371446490 0.000000000
852 0.000000000 1.000000000 0.000000000
853 0.999499559 0.000500463 0.000000000
854 0.999162972 0.000837010 0.000000000
855 0.999911964 0.000088009 0.000000000
856 1.000000000 0.000000000 0.000000000
857 0.998696208 0.001303792 0.000000000
858 0.906869709 0.093130268 0.000000000
859 0.713118076 0.286881924 0.000000000
860 0.801906288 0.198093727 0.000000000
861 0.959361851 0.040638141 0.000000000
862 0.963262022 0.036737960 0.000000000
863 0.941315234 0.058684766 0.000000000
864 0.545300484 0.454699486 0.000000000
865 0.940876842 0.059123170 0.000000000
866 0.000000000 1.000000000 0.000000000
867 0.984924316 0.015075675 0.000000000
868 0.918787837 0.081212141 0.000000000
869 0.978119910 0.021880111 0.000000000
870 0.802474320 0.197525680 0.000000000
871 0.795052409 0.204947591 0.000000000
872 0.761684060 0.238315910 0.000000000
873 0.584103227 0.415896744 0.000000000
874 0.975374281 0.024625722 0.000000000
875 0.769520104 0.230479926 0.000000000
876 0.924230218 0.075769797 0.000000000
877 0.969618142 0.030381849 0.000000000
878 0.982615054 0.017384952 0.000000000
879 0.876934946 0.123065077 0.000000000
880 0.000000000 1.000000000 0.000000000
881 0.419632882 0.580367088 0.000000000
882 0.596643686 0.403356314 0.000000000
883 0.378340274 0.621659696 0.000000000
884 0.661354244 0.338645726 0.000000000
885 0.666512191 0.333487809 0.000000000
886 0.497628301 0.502371728 0.000000000
887 0.902716339 0.097283661 0.000000000
888 0.778540909 0.221459061 0.000000000
889 0.630825758 0.369174212 0.000000000
890 0.741594553 0.258405447 0.000000000
891 0.875757694 0.124242298 0.000000000
892 0.828973293 0.171026707 0.000000000
893 0.814144254 0.185855716 0.000000000
894 0.000000000 1.000000000 0.000000000
895 0.568255484 0.431744546 0.000000000
896 0.500617325 0.499382704 0.000000000
897 0.075910442 0.924089551 0.000000000
898 0.114074647 0.885925353 0.000000000
899 0.132633016 0.867366970 0.000000000
900 0.134301737 0.865698278 0.000000000
901 0.311956316 0.688043654 0.000000000
902 0.069029249 0.930970728 0.000000000
903 0.238878682 0.761121333 0.000000000
904 0.318419188 0.681580782 0.000000000
905 0.111779705 0.888220310 0.000000000
906 0.066365235 0.933634758 0.000000000
907 0.225400344 0.774599671 0.000000000
908 0.000000000 1.000000000 0.000000000
909 0.000000000 1.000000000 0.000000000
910 0.000000000 1.000000000 0.000000000
911 0.000000000 1.000000000 0.000000000
912 0.000000000 1.000000000 0.000000000
913 0.000000000 1.000000000 0.000000000
914 0.000000000 1.000000000 0.000000000
915 0.000000000 1.000000000 0.000000000
916 0.000000000 1.000000000 0.000000000
917 0.000000000 1.000000000 0.000000000
918 0.000000000 1.000000000 0.000000000
919 0.000000000 1.000000000 0.000000000
920 0.000000000 1.000000000 0.000000000
921 0.000000000 1.000000000 0.000000000
922 0.000000000 1.000000000 0.000000000
923 0.000000019 1.000000000 0.000000000
924 0.999938190 0.000061839 0.000000000
925 1.000000000 0.000000000 0.000000000
926 1.000000000 0.000000000 0.000000000
927 1.000000000 0.000000000 0.000000000
928 1.000000000 0.000000000 0.000000000
929 1.000000000 0.000000000 0.000000000
930 1.000000000 0.000000000 0.000000000
931 1.000000000 0.000000000 0.000000000
932 1.000000000 0.000000000 0.000000000
933 1.000000000 0.000000000 0.000000000
934 1.000000000 0.000000000 0.000000000
935 1.000000000 0.000000000 0.000000000
936 1.000000000 0.000000000 0.000000000
937 0.000000000 1.000000000 0.000000000
938 1.000000000 0.000000000 0.000000000
939 0.993751824 0.006248161 0.000000000
940 1.000000000 0.000000000 0.000000000
941 1.000000000 0.000000000 0.000000000
942 1.000000000 0.000000000 0.000000000
943 1.000000000 0.000000000 0.000000000
944 1.000000000 0.000000000 0.000000000
945 1.000000000 0.000000000 0.000000000
946 1.000000000 0.000000000 0.000000000
947 1.000000000 0.000000000 0.000000000
948 1.000000000 0.000000000 0.000000000
949 0.999400437 0.000599562 0.000000000
950 0.999858797 0.000141229 0.000000000
951 0.000000145 0.999999881 0.000000000
952 0.995120227 0.004879749 0.000000000
953 0.999178827 0.000821155 0.000000000
954 0.998809814 0.001190176 0.000000000
955 0.997095048 0.002904965 0.000000000
956 0.999908149 0.000091839 0.000000000
957 0.999316394 0.000683603 0.000000000
958 0.998950779 0.001049194 0.000000000
959 0.997709394 0.002290617 0.000000000
960 0.999644458 0.000355563 0.000000000
961 0.999623001 0.000376975 0.000000000
962 0.996784925 0.003215084 0.000000000
963 0.993656456 0.006343566 0.000000000
964 0.996334314 0.003665680 0.000000000
965 0.000000000 1.000000000 0.000000000
966 0.997849822 0.002150188 0.000000000
967 0.999318004 0.000681983 0.000000000
968 0.999631166 0.000368863 0.000000000
969 0.998636186 0.001363812 0.000000000
970 0.996466041 0.003533935 0.000000000
971 1.000000000 0.000000000 0.000000000
972 0.999608994 0.000391032 0.000000000
973 1.000000000 0.000000000 0.000000000
974 0.999928653 0.000071353 0.000000000
975 1.000000000 0.000000000 0.000000000
976 0.993860066 0.006139949 0.000000000
977 0.994124413 0.005875570 0.000000000
978 0.991030991 0.008969025 0.000000000
979 0.000000162 0.999999821 0.000000000
980 0.762643635 0.237356350 0.000000000
981 0.724854171 0.275145829 0.000000000
982 0.998176575 0.001823419 0.000000000
983 0.993234336 0.006765652 0.000000000
984 0.877684832 0.122315198 0.000000000
985 0.988277733 0.011722291 0.000000000
986 0.997708559 0.002291437 0.000000000
987 0.975635946 0.024364039 0.000000000
988 0.422707796 0.577292204 0.000000000
989 0.988285780 0.011714208 0.000000000
990 0.984361649 0.015638374 0.000000000
991 0.908895552 0.091104448 0.000000000
992 0.960981071 0.039018959 0.000000000
993 0.000000000 1.000000000 0.000000000
994 0.972014368 0.027985655 0.000000000
995 0.968294322 0.031705689 0.000000000
996 0.327817231 0.672182739 0.000000000
997 0.458905965 0.541094065 0.000000000
998 0.267494589 0.732505441 0.000000000
999 0.645715415 0.354284555 0.000000000
1000 0.634365976 0.365633994 0.000000000
1001 0.500000000 0.500000000 0.000000000
1002 0.900984764 0.099015214 0.000000000
1003 0.857905567 0.142094448 0.000000000
1004 0.726268351 0.273731619 0.000000000
1005 1.000000000 0.000000000 0.000000000
1006 0.000000000 1.000000000 0.000000000
1007 0.000000000 1.000000000 0.000000000
1008 0.884447157 0.115552813 0.000000000
1009 0.238543585 0.761456430 0.000000000
1010 0.000000000 1.000000000 0.000000000
1011 0.877046883 0.122953102 0.000000000
1012 0.998107791 0.001892230 0.000000000
1013 0.432663769 0.567336202 0.000000000
1014 0.500000000 0.500000000 0.000000000
1015 0.963418901 0.036581114 0.000000000
1016 0.000128728 0.999871254 0.000000000
1017 0.999275744 0.000724273 0.000000000
1018 0.000000000 1.000000000 0.000000000
1019 0.961470068 0.038529932 0.000000000
1020 0.000122287 0.999877691 0.000000000
1021 0.000000000 1.000000000 0.000000000
1022 0.500000000 0.500000000 0.000000000
1023 0.000000000 1.000000000 0.000000000
1024 0.008356900 0.991643071 0.000000000
1025 0.803260326 0.196739703 0.000000000
1026 0.878218234 0.121781752 0.000000000
1027 0.000000000 1.000000000 0.000000000
1028 0.477514714 0.522485256 0.000000000
1029 0.934904337 0.065095648 0.000000000
1030 0.990748405 0.009251590 0.000000000
1031 0.500000000 0.500000000 0.000000000
1032 0.608233392 0.391766608 0.000000000
1033 0.996984184 0.003015810 0.000000000
1034 0.976736963 0.023263017 0.000000000
1035 0.000000000 1.000000000 0.000000000
1036 0.761669517 0.238330454 0.000000000
1037 0.541183591 0.458816409 0.000000000
1038 0.589495361 0.410504669 0.000000000
1039 0.725594103 0.274405897 0.000000000
1040 0.716015995 0.283984035 0.000000000
1041 0.566711366 0.433288664 0.000000000
1042 0.854738772 0.145261258 0.000000000
1043 0.864774585 0.135225430 0.000000000
1044 0.719476163 0.280523807 0.000000000
1045 0.818721473 0.181278557 0.000000000
1046 0.890302420 0.109697580 0.000000000
1047 0.852832794 0.147167191 0.000000000
1048 0.891198993 0.108800985 0.000000000
1049 0.000000665 0.999999344 0.000000000
1050 0.608096480 0.391903520 0.000000000
1051 0.401641190 0.598358810 0.000000000
1052 0.622949839 0.377050191 0.000000000
1053 0.583462894 0.416537106 0.000000000
1054 0.389993787 0.610006213 0.000000000
1055 0.585054755 0.414945215 0.000000000
1056 0.632904708 0.367095292 0.000000000
1057 0.649740398 0.350259572 0.000000000
1058 0.680554748 0.319445252 0.000000000
1059 0.627786100 0.372213930 0.000000000
1060 0.760542989 0.239457011 0.000000000
1061 0.613223493 0.386776507 0.000000000
1062 0.766239464 0.233760521 0.000000000
1063 0.000000044 0.999999940 0.000000000
1064 0.179330483 0.820669532 0.000000000
1065 0.179149598 0.820850432 0.000000000
1066 0.143000171 0.856999815 0.000000000
1067 0.062102761 0.937897265 0.000000000
1068 0.083532557 0.916467428 0.000000000
1069 0.129505336 0.870494664 0.000000000
1070 0.124759488 0.875240505 0.000000000
1071 0.087476112 0.912523866 0.000000000
1072 0.187256947 0.812743068 0.000000000
1073 0.197450027 0.802549958 0.000000000
1074 0.167976126 0.832023859 0.000000000
1075 0.287613511 0.712386489 0.000000000
1076 0.170440406 0.829559565 0.000000000
1077 0.000000000 1.000000000 0.000000000
1078 0.022019722 0.977980256 0.000000000
1079 0.000000000 1.000000000 0.000000000
1080 0.000000000 1.000000000 0.000000000
1081 0.000000000 1.000000000 0.000000000
1082 0.000000000 1.000000000 0.000000000
1083 0.000000000 1.000000000 0.000000000
1084 0.000000000 1.000000000 0.000000000
1085 0.000000000 1.000000000 0.000000000
1086 0.000000000 1.000000000 0.000000000
1087 0.000000000 1.000000000 0.000000000
1088 0.000000000 1.000000000 0.000000000
1089 0.000000000 1.000000000 0.000000000
1090 0.000000000 1.000000000 0.000000000
1091 0.000000000 1.000000000 0.000000000
1092 0.000000000 0.196582496 0.803417504
1093 0.000000000 0.457973629 0.542026401
1094 0.000000000 0.532750666 0.467249334
1095 0.000000000 0.443190873 0.556809127
1096 0.000000000 0.584418893 0.415581077
1097 0.000000000 0.677311182 0.322688818
1098 0.000000000 0.628086209 0.371913791
1099 0.000000000 0.533700943 0.466299057
1100 0.000000000 0.692675591 0.307324409
1101 0.000000000 0.606501520 0.393498451
1102 0.000000000 0.620088398 0.379911602
1103 0.000000000 0.676757932 0.323242098
1104 0.000000000 0.707130551 0.292869419
1105 0.000000000 0.402275980 0.597724020
1106 0.000000000 0.077700473 0.922299504
1107 0.000000000 0.641612709 0.358387321
1108 0.000000000 0.614798188 0.385201812
1109 0.000000000 0.647838295 0.352161705
1110 0.000000000 0.670494020 0.329505980
1111 0.000000000 0.700367689 0.299632311
1112 0.000000000 0.512738228 0.487261772
1113 0.000000000 0.662080407 0.337919593
1114 0.000000000 0.714829504 0.285170496
1115 0.000000000 0.751558125 0.248441875
1116 0.000000000 0.826707542 0.173292473
1117 0.000000000 0.779991865 0.220008120
1118 0.000000000 0.539135396 0.460864633
1119 0.000000000 0.465462953 0.534537077
1120 0.000000000 0.112154402 0.887845576
1121 0.000000000 0.584880710 0.415119261
1122 0.000000000 0.623282373 0.376717597
1123 0.000000000 0.702516437 0.297483534
1124 0.000000000 0.797980011 0.202019989
1125 0.000000000 0.654213190 0.345786810
1126 0.000000000 0.854593694 0.145406321
1127 0.000000000 0.772296071 0.227703914
1128 0.000000000 0.813887894 0.186112091
1129 0.000000000 0.758655787 0.241344199
1130 0.000000000 0.897432804 0.102567226
1131 0.000000000 0.558278680 0.441721320
1132 0.000000000 0.661557138 0.338442832
1133 0.000000000 0.575676203 0.424323797
1134 0.000000000 0.035355780 0.964644194
1135 0.000000000 0.887339294 0.112660713
1136 0.000000000 0.937001109 0.062998883
1137 0.000000000 0.856281221 0.143718779
1138 0.000000000 0.946275413 0.053724613
1139 0.000000000 0.889642298 0.110357694
1140 0.000000000 0.760892212 0.239107803
1141 0.000000000 0.820939958 0.179060042
1142 0.000000000 0.599868953 0.400131017
1143 0.000000000 0.805765271 0.194234729
1144 0.000000000 0.777620912 0.222379059
1145 0.000000000 0.746224344 0.253775656
1146 0.000000000 0.487604141 0.512395859
1147 0.000000000 0.542025566 0.457974404
1148 0.000000000 0.085028879 0.914971113
1149 0.000000000 0.959885478 0.040114529
1150 0.000000000 0.907498419 0.092501558
1151 0.000000000 0.950784922 0.049215097
1152 0.000000000 0.872892797 0.127107173
1153 0.000000000 0.692543805 0.307456166
1154 0.000000000 0.689909160 0.310090870
1155 0.000000000 0.725921750 0.274078280
1156 0.000000000 0.846980691 0.153019309
1157 0.000000000 0.501441836 0.498558134
1158 0.000000000 0.540925026 0.459074944
1159 0.000000000 0.531178713 0.468821257
1160 0.000000000 0.386675954 0.613324046
1161 0.000000000 0.519157231 0.480842769
1162 0.000000000 0.114582069 0.885417938
1163 0.000000000 0.902580082 0.097419932
1164 0.000000000 0.799078822 0.200921148
1165 0.000000000 0.700918198 0.299081802
1166 0.000000000 0.284649611 0.715350389
1167 0.000000000 0.952180862 0.047819126
1168 0.000000000 0.734632492 0.265367538
1169 0.000000000 0.983081460 0.016918564
1170 0.000000000 0.972745240 0.027254757
1171 0.000000000 0.957219660 0.042780355
1172 0.000000000 0.957030356 0.042969670
1173 0.000000000 0.906067550 0.093932427
1174 0.000000000 0.983959734 0.016040264
1175 0.000000000 0.972932339 0.027067687
1176 0.000000000 0.073003612 0.926996410
1177 0.000000000 0.984086514 0.015913513
1178 0.000000000 0.941830099 0.058169909
1179 0.000000000 0.978737473 0.021262528
1180 0.000000000 0.913702369 0.086297631
1181 0.000000000 0.970167041 0.029832944
1182 0.000000000 0.970954955 0.029045064
1183 0.000000000 0.758536935 0.241463035
1184 0.000000000 0.759818494 0.240181491
1185 0.000000000 0.886108398 0.113891579
1186 0.000000000 0.876602769 0.123397209
1187 0.000000000 0.871576071 0.128423914
1188 0.000000000 0.984967828 0.015032176
1189 0.000000000 0.870208263 0.129791752
1190 0.000000000 0.191983804 0.808016181
1191 0.000000000 0.929921746 0.070078261
1192 0.000000000 0.879080772 0.120919205
1193 0.000000000 0.992059290 0.007940724
1194 0.000000000 0.992059290 0.007940724
1195 0.000000000 0.931511700 0.068488315
1196 0.000000000 0.601047039 0.398952961
1197 0.000000000 0.360894322 0.639105678
1198 0.000000000 0.334132165 0.665867805
1199 0.000000000 0.540103316 0.459896654
1200 0.000000000 0.735194743 0.264805228
1201 0.000000000 0.482772529 0.517227471
1202 0.000000000 0.415103167 0.584896863
1203 0.000000000 0.919949472 0.080050536
1204 0.000000000 0.089101709 0.910898268
1205 0.000000000 0.386571079 0.613428950
1206 0.000000000 0.358309150 0.641690850
1207 0.000000000 0.516508341 0.483491629
1208 0.000000000 0.611280024 0.388719946
1209 0.000000000 0.652254343 0.347745657
1210 0.000000000 0.655621529 0.344378471
1211 0.000000000 0.725451887 0.274548113
1212 0.000000000 0.699466586 0.300533444
1213 0.000000000 0.831685305 0.168314695
1214 0.000000000 0.819353521 0.180646464
1215 0.000000000 0.875168979 0.124830991
1216 0.000000000 0.920980752 0.079019271
1217 0.000000000 0.767926216 0.232073754
1218 0.000000000 0.141754135 0.858245850
1219 0.000000000 0.883059382 0.116940632
1220 0.000000000 0.902879417 0.097120605
1221 0.000000000 0.886181831 0.113818146
1222 0.000000000 0.589790463 0.410209507
1223 0.000000000 0.484526902 0.515473068
1224 0.000000000 0.517463982 0.482536018
1225 0.000000000 0.463669658 0.536330342
1226 0.000000000 0.593190730 0.406809241
1227 0.000000000 0.578159273 0.421840757
1228 0.000000000 0.593160987 0.406839013
1229 0.000000000 0.706444800 0.293555230
1230 0.000000000 0.608088732 0.391911268
1231 0.000000000 0.702747703 0.297252268
1232 0.000000000 0.092557423 0.907442570
1233 0.000000000 0.607193649 0.392806321
1234 0.000000000 0.545079947 0.454920053
1235 0.000000000 0.271656543 0.728343487
1236 0.000000000 0.207285166 0.792714834
1237 0.000000000 0.131056771 0.868943214
1238 0.000000000 0.169132903 0.830867112
1239 0.000000000 0.201951042 0.798048973
1240 0.000000000 0.242721379 0.757278621
1241 0.000000000 0.197070077 0.802929938
1242 0.000000000 0.244484931 0.755515099
1243 0.000000000 0.319727600 0.680272400
1244 0.000000000 0.357983381 0.642016649
1245 0.000000000 0.358250856 0.641749144
1246 0.000000000 0.031888768 0.968111217
1247 0.000000000 0.142047822 0.857952178
1248 0.000000000 0.053271346 0.946728647
1249 0.000000000 0.041947603 0.958052397
1250 0.000000000 0.044008575 0.955991447
1251 0.000000000 0.035371352 0.964628637
1252 0.000000000 0.051335208 0.948664784
1253 0.000000000 0.068852998 0.931146979
1254 0.000000000 0.053222995 0.946776986
1255 0.000000000 0.072874866 0.927125156
1256 0.000000000 0.096642829 0.903357148
1257 0.000000000 0.089072801 0.910927176
1258 0.000000000 0.105684504 0.894315481
1259 0.000000000 0.070325136 0.929674864
1260 0.000000000 0.023382571 0.976617455
1261 0.000000000 0.000000000 1.000000000
1262 0.000000000 0.000000000 1.000000000
1263 0.000000000 0.000000000 1.000000000
1264 0.000000000 0.000000000 1.000000000
1265 0.000000000 0.000000000 1.000000000
1266 0.000000000 0.000000000 1.000000000
1267 0.000000000 0.000000000 1.000000000
1268 0.000000000 0.000000000 1.000000000
1269 0.000000000 0.000000000 1.000000000
1270 0.000000000 0.000000000 1.000000000
1271 0.000000000 0.000000000 1.000000000
1272 0.000000000 0.000000000 1.000000000
1273 0.000000000 0.000000000 1.000000000
1274 0.000000000 0.003457550 0.996542454
1275 0.000000000 0.001989073 0.998010933
1276 0.000000000 0.003457550 0.996542454
1277 0.000000000 0.002945907 0.997054100
1278 0.000000000 0.001903190 0.998096824
1279 0.000000000 0.001808490 0.998191535
1280 0.000000000 0.003341628 0.996658385
1281 0.000000000 0.002845670 0.997154355
1282 0.000000000 0.003035535 0.996964455
1283 0.000000000 0.002769127 0.997230887
1284 0.000000000 0.003003193 0.996996820
1285 0.000000000 0.003052161 0.996947825
1286 0.000000000 0.000133400 0.999866605
1287 0.000000000 0.178778529 0.821221471
1288 0.000000000 0.159098417 0.840901554
1289 0.000000000 0.000000000 1.000000000
1290 0.000000000 0.102542751 0.897457242
1291 0.000000000 0.134676009 0.865324020
1292 0.000000000 0.041603725 0.958396256
1293 0.000000000 0.076291658 0.923708320
1294 0.000000000 0.082871974 0.917128026
1295 0.000000000 0.040858757 0.959141254
1296 0.000000000 0.218366235 0.781633735
1297 0.000000000 0.478065699 0.521934330
1298 0.000000000 0.239382803 0.760617197
1299 0.000000000 0.097481519 0.902518451
1300 0.000000000 0.845984519 0.154015452
1301 0.000000000 0.940504432 0.059495594
1302 0.000000000 0.489805788 0.510194242
1303 0.000000000 0.000000000 1.000000000
1304 0.000000000 0.724043489 0.275956511
1305 0.000000000 0.431891292 0.568108737
1306 0.000000000 0.400884628 0.599115372
1307 0.000000000 0.456608534 0.543391466
1308 0.000000000 0.219545126 0.780454874
1309 0.000000000 0.204077408 0.795922577
1310 0.000000000 0.226292267 0.773707747
1311 0.000000000 0.451559514 0.548440516
1312 0.000000000 0.384606421 0.615393579
1313 0.000000000 0.895490408 0.104509600
1314 0.000000000 0.904659331 0.095340677
1315 0.000000000 0.861236989 0.138762981
1316 0.000000000 0.765617132 0.234382883
1317 0.000000000 0.000000000 1.000000000
1318 0.000000000 0.698499620 0.301500380
1319 0.000000000 0.903624952 0.096375071
1320 0.000000000 0.730584860 0.269415170
1321 0.000000000 0.768545210 0.231454760
1322 0.000000000 0.790622413 0.209377557
1323 0.000000000 0.708532453 0.291467547
1324 0.000000000 0.805900812 0.194099158
1325 0.000000000 0.757946372 0.242053643
1326 0.000000000 0.778962791 0.221037209
1327 0.000000000 0.851350367 0.148649648
1328 0.000000000 0.763701081 0.236298919
1329 0.000000000 0.829837382 0.170162603
1330 0.000000000 0.845866382 0.154133633
1331 0.000000000 0.000000000 1.000000000
1332 0.000000000 0.853381157 0.146618858
1333 0.000000000 0.762385666 0.237614334
1334 0.000000000 0.789239824 0.210760191
1335 0.000000000 0.919650674 0.080349311
1336 0.000000000 0.909874499 0.090125509
1337 0.000000000 0.852749169 0.147250846
1338 0.000000000 0.895866930 0.104133092
1339 0.000000000 0.868427157 0.131572828
1340 0.000000000 0.966244936 0.033755060
1341 0.000000000 0.917794824 0.082205176
1342 0.000000000 0.871800601 0.128199399
1343 0.000000000 0.953578353 0.046421651
1344 0.000000000 0.778240263 0.221759707
1345 0.000000000 0.000000000 1.000000000
1346 0.000000000 0.886597693 0.113402285
1347 0.000000000 0.855328441 0.144671544
1348 0.000000000 0.925354004 0.074646004
1349 0.000000000 0.933967769 0.066032238
1350 0.000000000 0.972699821 0.027300173
1351 0.000000000 0.870351553 0.129648417
1352 0.000000000 0.962595046 0.037404936
1353 0.000000000 0.990958273 0.009041741
1354 0.000000000 0.982087970 0.017912015
1355 0.000000000 0.914690554 0.085309476
1356 0.000000000 0.960121155 0.039878819
1357 0.000000000 0.916827023 0.083172984
1358 0.000000000 0.957394779 0.042605221
1359 0.000000000 0.000152927 0.999847054
1360 0.000000000 0.850005805 0.149994180
1361 0.000000000 0.974618137 0.025381856
1362 0.000000000 0.986298978 0.013701012
1363 0.000000000 0.955830634 0.044169396
1364 0.000000000 0.921431065 0.078568920
1365 0.000000000 0.947121084 0.052878890
1366 0.000000000 0.969254673 0.030745350
1367 0.000000000 0.963171482 0.036828533
1368 0.000000000 0.897801042 0.102198988
1369 0.000000000 0.924942315 0.075057663
1370 0.000000000 0.825245023 0.174754977
1371 0.000000000 0.932211518 0.067788474
1372 0.000000000 0.969523489 0.030476533
1373 0.000000000 0.000000000 1.000000000
1374 0.000000000 0.929551899 0.070448115
1375 0.000000000 0.944275320 0.055724699
1376 0.000000000 0.921127915 0.078872062
1377 0.000000000 0.920780122 0.079219900
1378 0.000000000 0.970687866 0.029312154
1379 0.000000000 0.955600321 0.044399656
1380 0.000000000 0.975009918 0.024990076
1381 0.000000000 0.893143117 0.106856890
1382 0.000000000 0.960214615 0.039785370
1383 0.000000000 0.774887264 0.225112736
1384 0.000000000 0.939847469 0.060152523
1385 0.000000000 0.938168228 0.061831757
1386 0.000000000 0.962528825 0.037471198
1387 0.000000000 0.000000000 1.000000000
1388 0.000000000 0.903731585 0.096268393
1389 0.000000000 0.863948941 0.136051059
1390 0.000000000 0.837750375 0.162249655
1391 0.000000000 0.835044742 0.164955258
1392 0.000000000 0.820133209 0.179866776
1393 0.000000000 0.845387101 0.154612899
1394 0.000000000 0.740845978 0.259154052
1395 0.000000000 0.770452976 0.229547009
1396 0.000000000 0.595375061 0.404624939
1397 0.000000000 0.780305207 0.219694808
1398 0.000000000 0.797987044 0.202012956
1399 0.000000000 0.827349007 0.172651008
1400 0.000000000 0.837002277 0.162997708
1401 0.000000000 0.000087301 0.999912679
1402 0.000000000 0.498698294 0.501301706
1403 0.000000000 0.515685260 0.484314770
1404 0.000000000 0.245751023 0.754248977
1405 0.000000000 0.190246776 0.809753239
1406 0.000000000 0.232751265 0.767248750
1407 0.000000000 0.142067268 0.857932746
1408 0.000000000 0.087236829 0.912763178
1409 0.000000000 0.013123171 0.986876845
1410 0.000000000 0.074387856 0.925612152
1411 0.000000000 0.107890308 0.892109692
1412 0.000000000 0.222759381 0.777240634
1413 0.000000000 0.329874009 0.670125961
1414 0.000000000 0.210804775 0.789195240
1415 0.000000000 0.000014600 0.999985397
1416 0.000000000 0.018226139 0.981773853
1417 0.000000000 0.000006797 0.999993205
1418 0.000000000 0.000007260 0.999992728
1419 0.000000000 0.000000000 1.000000000
1420 0.000000000 0.000000000 1.000000000
1421 0.000000000 0.000000000 1.000000000
1422 0.000000000 0.000011030 0.999988973
1423 0.000000000 0.000013327 0.999986649
1424 0.000000000 0.000000000 1.000000000
1425 0.000000000 0.000401835 0.999598145
1426 0.000000000 0.000000000 1.000000000
1427 0.000000000 0.000089923 0.999910057
1428 0.000000000 0.000473190 0.999526799
1429 0.000000000 0.000063345 0.999936640
1430 0.000000000 0.000000000 1.000000000
1431 1.000000000 0.000000000 0.000000000
1432 0.935670853 0.000000000 0.064329125
1433 1.000000000 0.000000000 0.000000000
1434 1.000000000 0.000000000 0.000000000
1435 0.964482486 0.000000000 0.035517503
1436 1.000000000 0.000000000 0.000000000
1437 1.000000000 0.000000000 0.000000000
1438 1.000000000 0.000000000 0.000000000
1439 0.897949874 0.000000000 0.102050111
1440 0.928837657 0.000000000 0.071162373
1441 0.897949874 0.000000000 0.102050111
1442 0.893452942 0.000000000 0.106547050
1443 1.000000000 0.000000000 0.000000000
1444 0.000029699 0.001359372 0.998610914
1445 1.000000000 0.000000000 0.000000000
1446 1.000000000 0.000000000 0.000000000
1447 1.000000000 0.000000000 0.000000000
1448 1.000000000 0.000000000 0.000000000
1449 1.000000000 0.000000000 0.000000000
1450 1.000000000 0.000000000 0.000000000
1451 1.000000000 0.000000000 0.000000000
1452 1.000000000 0.000000000 0.000000000
1453 0.974532366 0.000000000 0.025467647
1454 0.970309138 0.000000000 0.029690856
1455 0.972983658 0.000000000 0.027016321
1456 1.000000000 0.000000000 0.000000000
1457 1.000000000 0.000000000 0.000000000
1458 0.000000000 0.000000000 1.000000000
1459 1.000000000 0.000000000 0.000000000
1460 1.000000000 0.000000000 0.000000000
1461 0.672002912 0.000000000 0.327997059
1462 1.000000000 0.000000000 0.000000000
1463 1.000000000 0.000000000 0.000000000
1464 1.000000000 0.000000000 0.000000000
1465 0.824091673 0.000000000 0.175908342
1466 0.850057304 0.000000000 0.149942711
1467 1.000000000 0.000000000 0.000000000
1468 1.000000000 0.000000000 0.000000000
1469 0.684423089 0.232571870 0.083005071
1470 1.000000000 0.000000000 0.000000000
1471 0.884175897 0.115824126 0.000000000
1472 0.000000000 0.003444643 0.996555328
1473 0.546625972 0.421425581 0.031948451
1474 0.987131596 0.007216660 0.005651755
1475 0.900590122 0.094268352 0.005141553
1476 0.543565571 0.413824916 0.042609517
1477 0.940187216 0.044764254 0.015048507
1478 0.918524563 0.072590724 0.008884691
1479 0.987131596 0.006331034 0.006537382
1480 0.935307622 0.061533134 0.003159267
1481 0.881378770 0.110134847 0.008486389
1482 0.996971369 0.003028618 0.000000000
1483 0.996559560 0.003440464 0.000000000
1484 0.937268019 0.062731989 0.000000000
1485 0.950631261 0.049368735 0.000000000
1486 0.000000000 0.000000000 1.000000000
1487 0.950631261 0.049002167 0.000366570
1488 0.857331753 0.142668217 0.000000000
1489 0.850575447 0.142496303 0.006928255
1490 0.950631261 0.049368735 0.000000000
1491 0.920924306 0.079075702 0.000000000
1492 0.958539665 0.041460361 0.000000000
1493 0.934932530 0.065067455 0.000000000
1494 0.983024776 0.016975241 0.000000000
1495 0.676477551 0.226754799 0.096767664
1496 0.821639359 0.167716771 0.010643837
1497 0.826971054 0.091711245 0.081317686
1498 0.795193136 0.184786618 0.020020273
1499 0.779007792 0.157669365 0.063322864
1500 0.000000000 0.000290245 0.999709725
1501 0.707941413 0.275614738 0.016443826
1502 0.710538864 0.270015329 0.019445844
1503 0.793218434 0.149473175 0.057308413
1504 0.730104148 0.166250750 0.103645109
1505 0.747152448 0.161943629 0.090903901
1506 0.722702980 0.256184965 0.021112047
1507 0.757178903 0.220810860 0.022010250
1508 0.790315270 0.162487760 0.047196954
1509 0.862919807 0.129095674 0.007984502
1510 0.768464386 0.179005474 0.052530151
1511 0.734360337 0.256532490 0.009107167
1512 0.734360456 0.215541318 0.050098218
1513 0.521592081 0.377103359 0.101304561
1514 0.000000000 0.000278884 0.999721110
1515 0.792002916 0.197896481 0.010100577
1516 0.714296818 0.270674169 0.015029025
1517 0.683344066 0.225261956 0.091393963
1518 0.550708592 0.363730341 0.085561052
1519 0.617308915 0.358880222 0.023810830
1520 0.701695681 0.269967824 0.028336478
1521 0.619874179 0.345597029 0.034528792
1522 0.722068727 0.265830368 0.012100927
1523 0.641076982 0.322384924 0.036538079
1524 0.476963133 0.496161699 0.026875181
1525 0.495821029 0.458573163 0.045605782
1526 0.497347295 0.450616270 0.052036449
1527 0.485413671 0.493577749 0.021008575
1528 0.000000000 0.000625167 0.999374807
1529 0.470920682 0.461426347 0.067652978
1530 0.528867304 0.406195521 0.064937204
1531 0.468083471 0.485541523 0.046375003
1532 0.509363592 0.461326271 0.029310148
1533 0.568502307 0.383906484 0.047591168
1534 0.720074892 0.208405554 0.071519546
1535 0.746254742 0.239408284 0.014336988
1536 0.667836308 0.281163454 0.051000252
1537 0.574825466 0.407917082 0.017257469
1538 0.650407791 0.310777932 0.038814288
1539 0.460256875 0.439557284 0.100185856
1540 0.535066724 0.460198075 0.004735204
1541 0.635060132 0.360344768 0.004595136
1542 0.000000000 0.001377171 0.998622835
1543 0.506862402 0.371818870 0.121318705
1544 0.494906008 0.407521099 0.097572900
1545 0.526918292 0.443478435 0.029603275
1546 0.624233365 0.342701226 0.033065379
1547 0.466446877 0.505080581 0.028472556
1548 0.637628496 0.360745549 0.001625968
1549 0.351461917 0.637186348 0.011351765
1550 0.463212848 0.527735949 0.009051219
1551 0.427445114 0.554059386 0.018495496
1552 0.384584188 0.572739244 0.042676546
1553 0.454248309 0.545058489 0.000693235
1554 0.505083263 0.492384255 0.002532472
1555 0.453592628 0.544224918 0.002182470
1556 0.000000000 0.000665343 0.999334633
1557 0.219987795 0.727570653 0.052441537
1558 0.288866282 0.703646421 0.007487283
1559 0.274947286 0.710645139 0.014407557
1560 0.314869940 0.667972505 0.017157530
1561 0.348253161 0.649889767 0.001857047
1562 0.188968256 0.810295105 0.000736652
1563 0.232659861 0.763763547 0.003576621
1564 0.185574949 0.812434673 0.001990357
1565 0.219360605 0.761760771 0.018878613
1566 0.195940211 0.800779164 0.003280618
1567 0.277256757 0.718278885 0.004464361
1568 0.231863484 0.765517771 0.002618743
1569 0.248637915 0.746990204 0.004371868
1570 0.000000000 0.008724865 0.991275132
1571 0.046575185 0.945517004 0.007907826
1572 0.037938617 0.952048242 0.010013159
1573 0.000000000 0.996129513 0.003870507
1574 0.000000000 0.997791350 0.002208625
1575 0.000000000 0.994760096 0.005239886
1576 0.000000000 0.978566527 0.021433463
1577 0.000000000 0.993642032 0.006357993
1578 0.000000000 0.944640934 0.055359054
1579 0.000000000 0.993603945 0.006396056
1580 0.000000000 0.996049821 0.003950155
1581 0.000000000 0.994995713 0.005004290
1582 0.000000000 0.950067163 0.049932815
1583 0.000000000 0.980813324 0.019186703
1584 0.000000000 0.000836281 0.999163747
1585 0.000000000 0.940952361 0.059047613
1586 0.000004986 0.251671165 0.748323858
1587 0.000005075 0.216395676 0.783599257
1588 0.000000000 0.199817836 0.800182164
1589 0.000000000 0.145541906 0.854458094
1590 0.000000000 0.159795612 0.840204418
1591 0.000000000 0.073736720 0.926263273
1592 0.000000000 0.250959992 0.749040008
1593 0.000000000 0.326031625 0.673968375
1594 0.000000000 0.171422899 0.828577101
1595 0.000000000 0.301412225 0.698587775
1596 0.000000000 0.378510058 0.621489942
1597 0.000008896 0.386526197 0.613464892
1598 0.000000000 0.000115281 0.999884725
1599 0.000000000 0.000000000 1.000000000
1600 0.987916231 0.000266384 0.011817389
1601 0.998475432 0.000251153 0.001273389
1602 1.000000000 0.000000000 0.000000000
1603 0.987403810 0.000220481 0.012375735
1604 0.999726057 0.000225968 0.000047963
1605 0.980238378 0.000253914 0.019507732
1606 0.999635935 0.000266311 0.000097743
1607 0.984443843 0.000199087 0.015357042
1608 0.999736905 0.000188535 0.000074535
1609 0.999724925 0.000262254 0.000012796
1610 0.979275942 0.000183985 0.020540051
1611 0.980184615 0.000194210 0.019621188
1612 0.943517745 0.000650912 0.055831350
1613 0.000000000 0.000000000 1.000000000
1614 0.968732953 0.000437771 0.030829273
1615 0.995046556 0.000245343 0.004708090
1616 0.969892263 0.000261377 0.029846355
1617 0.996295869 0.000344199 0.003359918
1618 0.974620759 0.000299383 0.025079880
1619 0.933931530 0.000416506 0.065651976
1620 0.953184485 0.000335339 0.046480175
1621 0.999657333 0.000227159 0.000115510
1622 0.999035418 0.000370126 0.000594462
1623 0.962497830 0.000209084 0.037293099
1624 0.977179468 0.000264849 0.022555692
1625 0.989193857 0.000892241 0.009913895
1626 0.998182893 0.001042853 0.000774251
1627 0.000000000 0.000000000 1.000000000
1628 0.998959780 0.000629020 0.000411184
1629 0.980224133 0.000867548 0.018908344
1630 0.998893321 0.000718079 0.000388595
1631 0.999119103 0.000662759 0.000218148
1632 0.998982489 0.000713281 0.000304254
1633 0.999342442 0.000281562 0.000375987
1634 0.999242544 0.000532262 0.000225176
1635 0.999235392 0.000598931 0.000165670
1636 0.997029960 0.000487391 0.002482637
1637 0.999299109 0.000231432 0.000469468
1638 0.998711884 0.000965722 0.000322382
1639 0.998939157 0.000834454 0.000226401
1640 0.988630831 0.001286940 0.010082245
1641 0.000000000 0.013570748 0.986429274
1642 0.971368015 0.000633443 0.027998524
1643 0.999271750 0.000660179 0.000068087
1644 0.987808526 0.000713129 0.011478360
1645 0.999330878 0.000566529 0.000102602
1646 0.999194205 0.000660171 0.000145639
1647 0.999163032 0.000674612 0.000162362
1648 0.999164820 0.000691851 0.000143304
1649 0.976016819 0.000835894 0.023147257
1650 0.999218166 0.000644988 0.000136819
1651 0.896103501 0.005206121 0.098690391
1652 0.988955736 0.002482124 0.008562156
1653 0.940439701 0.008089961 0.051470313
1654 0.921184301 0.002804786 0.076010905
1655 0.000000000 0.000000000 1.000000000
1656 0.959905505 0.039812744 0.000281749
1657 0.947757781 0.004800464 0.047441766
1658 0.927125871 0.001679516 0.071194582
1659 0.871657789 0.001732349 0.126609862
1660 0.997616053 0.002086444 0.000297500
1661 0.948702097 0.050589334 0.000708541
1662 0.961116254 0.002449245 0.036434527
1663 0.948175371 0.037836645 0.013987961
1664 0.991143584 0.007831287 0.001025116
1665 0.992601991 0.005182662 0.002215342
1666 0.991619408 0.006491832 0.001888749
1667 0.990577340 0.006708600 0.002714040
1668 0.976890087 0.006188505 0.016921397
1669 0.000000000 0.000000000 1.000000000
1670 0.996420264 0.003579742 0.000000000
1671 0.995157778 0.004071883 0.000770352
1672 0.994394541 0.004211041 0.001394389
1673 0.988952577 0.010438271 0.000609150
1674 0.996704459 0.003145898 0.000149635
1675 0.996459007 0.003541012 0.000000000
1676 0.995627820 0.004372151 0.000000000
1677 0.996348739 0.002655027 0.000996219
1678 0.926573753 0.021809876 0.051616397
1679 0.948636234 0.001025494 0.050338265
1680 0.982094944 0.016755873 0.001149173
1681 0.946167290 0.004872102 0.048960585
1682 0.997165799 0.002639748 0.000194460
1683 0.000000000 0.032841980 0.967158020
1684 0.991681516 0.007296297 0.001022215
1685 0.991641164 0.007151643 0.001207169
1686 0.983673751 0.014803846 0.001522412
1687 0.975322664 0.022227002 0.002450327
1688 0.991493642 0.007215495 0.001290858
1689 0.985133111 0.013688191 0.001178725
1690 0.919921935 0.076300837 0.003777255
1691 0.900406778 0.097060554 0.002532682
1692 0.890011370 0.109988622 0.000000000
1693 0.854250848 0.144291207 0.001457919
1694 0.795904040 0.204095930 0.000000000
1695 0.804557025 0.193720013 0.001722990
1696 0.904470146 0.062945634 0.032584224
1697 0.000000000 0.011990597 0.988009393
1698 0.732825398 0.196361870 0.070812702
1699 0.799857557 0.196759164 0.003383254
1700 0.722714067 0.276464105 0.000821831
1701 0.792240918 0.184364453 0.023394644
1702 0.746600330 0.253399700 0.000000000
1703 0.989183009 0.010699694 0.000117324
1704 0.818354249 0.141764745 0.039881025
1705 0.947690904 0.048244108 0.004064966
1706 0.713515639 0.281522065 0.004962279
1707 0.929922223 0.070077769 0.000000000
1708 0.666696846 0.325412363 0.007890772
1709 0.745657861 0.251165956 0.003176165
1710 0.681275964 0.316573590 0.002150441
1711 0.000000000 0.000000000 1.000000000
1712 0.852146089 0.140804946 0.007048960
1713 0.945558190 0.034294922 0.020146908
1714 0.655069828 0.343490660 0.001439492
1715 0.992381990 0.004320580 0.003297441
1716 0.483782589 0.487297833 0.028919572
1717 0.402068794 0.577344716 0.020586470
1718 0.363091886 0.622112215 0.014795920
1719 0.419642270 0.563625395 0.016732363
1720 0.405667216 0.577466011 0.016866805
1721 0.474872917 0.520674944 0.004452153
1722 0.458891451 0.539106846 0.002001682
1723 0.447605401 0.544149041 0.008245565
1724 0.504332364 0.493847549 0.001820077
1725 0.000000000 0.000000000 1.000000000
1726 0.242901593 0.756617367 0.000481024
1727 0.222394049 0.762510657 0.015095321
1728 0.102642529 0.886914432 0.010443022
1729 0.177524701 0.818125963 0.004349319
1730 0.244679883 0.731018722 0.024301387
1731 0.121852778 0.849678159 0.028469061
1732 0.243635923 0.728241324 0.028122740
1733 0.214965224 0.777798831 0.007235944
1734 0.301855147 0.684920907 0.013223981
1735 0.194119766 0.796568036 0.009312223
1736 0.228012338 0.757832170 0.014155476
1737 0.326482236 0.670205891 0.003311889
1738 0.248998493 0.748288095 0.002713382
1739 0.000000000 0.000000000 1.000000000
1740 0.039383478 0.917939663 0.042676870
1741 0.063345902 0.926232517 0.010421608
1742 0.000000000 0.949573994 0.050426010
1743 0.000000000 0.937755346 0.062244661
1744 0.000000000 0.941341043 0.058658957
1745 0.000000000 0.945762992 0.054237027
1746 0.000000000 0.982090890 0.017909139
1747 0.000000000 0.947445750 0.052554268
1748 0.000000000 0.937140524 0.062859483
1749 0.000000000 0.971560299 0.028439699
1750 0.000000000 0.932182491 0.067817524
1751 0.000000000 0.984754741 0.015245280
1752 0.000000000 0.993734121 0.006265881
1753 0.000000000 0.000000000 1.000000000
1754 0.000000000 0.880702555 0.119297422
1755 0.000000000 0.000000000 1.000000000
1756 0.000000000 0.000000000 1.000000000
1757 0.000000000 0.000000000 1.000000000
1758 0.000000000 0.004671643 0.995328367
1759 0.000000000 0.266584307 0.733415663
1760 0.000000000 0.000000000 1.000000000
1761 0.000000000 0.000000000 1.000000000
1762 0.000000000 0.000000000 1.000000000
1763 0.000000000 0.000000000 1.000000000
1764 0.000000000 0.034355123 0.965644896
1765 0.000000000 0.420271337 0.579728663
1766 0.000000000 0.097541034 0.902458966
1767 0.000000000 0.000000000 1.000000000
1768 0.000000000 1.000000000 0.000000000
1769 0.999991596 0.000008381 0.000000000
1770 0.999998748 0.000001234 0.000000000
1771 0.999998987 0.000001036 0.000000000
1772 0.999998629 0.000001388 0.000000000
1773 0.999998212 0.000001787 0.000000000
1774 0.999999106 0.000000898 0.000000000
1775 0.999998748 0.000001237 0.000000000
1776 0.999998152 0.000001876 0.000000000
1777 0.999998510 0.000001465 0.000000000
1778 0.999998510 0.000001518 0.000000000
1779 1.000000000 0.000000000 0.000000000
1780 0.999998033 0.000001969 0.000000000
1781 1.000000000 0.000000000 0.000000000
1782 0.000000000 1.000000000 0.000000000
1783 1.000000000 0.000000000 0.000000000
1784 1.000000000 0.000000000 0.000000000
1785 1.000000000 0.000000000 0.000000000
1786 1.000000000 0.000000000 0.000000000
1787 1.000000000 0.000000000 0.000000000
1788 0.999998808 0.000001163 0.000000000
1789 1.000000000 0.000000000 0.000000000
1790 1.000000000 0.000000000 0.000000000
1791 1.000000000 0.000000000 0.000000000
1792 0.999979198 0.000020824 0.000000000
1793 1.000000000 0.000000000 0.000000000
1794 0.999963164 0.000036811 0.000000000
1795 0.998714328 0.001285644 0.000000000
1796 0.000000000 1.000000000 0.000000000
1797 0.998344541 0.001655486 0.000000000
1798 1.000000000 0.000000000 0.000000000
1799 0.997689903 0.002310125 0.000000000
1800 0.996598244 0.003401763 0.000000000
1801 0.998012602 0.001987421 0.000000000
1802 1.000000000 0.000000000 0.000000000
1803 0.996981919 0.003018060 0.000000000
1804 0.996307492 0.003692528 0.000000000
1805 1.000000000 0.000000000 0.000000000
1806 0.997302771 0.002697246 0.000000000
1807 0.999904633 0.000095362 0.000000000
1808 0.999942064 0.000057958 0.000000000
1809 1.000000000 0.000000000 0.000000000
1810 0.000000000 1.000000000 0.000000000
1811 1.000000000 0.000000000 0.000000000
1812 1.000000000 0.000000000 0.000000000
1813 1.000000000 0.000000000 0.000000000
1814 0.999925792 0.000074188 0.000000000
1815 1.000000000 0.000000000 0.000000000
1816 1.000000000 0.000000000 0.000000000
1817 1.000000000 0.000000000 0.000000000
1818 1.000000000 0.000000000 0.000000000
1819 0.999814570 0.000185411 0.000000000
1820 1.000000000 0.000000000 0.000000000
1821 1.000000000 0.000000000 0.000000000
1822 1.000000000 0.000000000 0.000000000
1823 1.000000000 0.000000000 0.000000000
1824 0.000000000 1.000000000 0.000000000
1825 1.000000000 0.000000000 0.000000000
1826 1.000000000 0.000000000 0.000000000
1827 1.000000000 0.000000000 0.000000000
1828 0.999969780 0.000030240 0.000000000
1829 0.989051342 0.010948640 0.000000000
1830 1.000000000 0.000000000 0.000000000
1831 1.000000000 0.000000000 0.000000000
1832 1.000000000 0.000000000 0.000000000
1833 1.000000000 0.000000000 0.000000000
1834 0.999636829 0.000363149 0.000000000
1835 1.000000000 0.000000000 0.000000000
1836 1.000000000 0.000000000 0.000000000
1837 1.000000000 0.000000000 0.000000000
1838 0.000000000 1.000000000 0.000000000
1839 1.000000000 0.000000000 0.000000000
1840 1.000000000 0.000000000 0.000000000
1841 1.000000000 0.000000000 0.000000000
1842 0.999100566 0.000899406 0.000000000
1843 0.992244124 0.007755880 0.000000000
1844 1.000000000 0.000000000 0.000000000
1845 0.945073664 0.054926340 0.000000000
1846 0.670551896 0.329448074 0.000000000
1847 0.846822619 0.153177366 0.000000000
1848 0.650342166 0.349657834 0.000000000
1849 0.940968037 0.059031989 0.000000000
1850 0.687771499 0.312228471 0.000000000
1851 0.444921881 0.555078149 0.000000000
1852 0.000000000 1.000000000 0.000000000
1853 0.660380781 0.339619249 0.000000000
1854 0.902686715 0.097313300 0.000000000
1855 0.305541068 0.694458961 0.000000000
1856 0.863614976 0.136385038 0.000000000
1857 0.832124293 0.167875722 0.000000000
1858 0.737599730 0.262400299 0.000000000
1859 0.826605082 0.173394889 0.000000000
1860 0.936385751 0.063614272 0.000000000
1861 0.790834665 0.209165350 0.000000000
1862 0.887992203 0.112007782 0.000000000
1863 0.938167870 0.061832130 0.000000000
1864 0.000000000 1.000000000 0.000000000
1865 0.938819528 0.061180498 0.000000000
1866 0.000000000 1.000000000 0.000000000
1867 0.845403671 0.154596314 0.000000000
1868 0.699342608 0.300657392 0.000000000
1869 0.000000000 1.000000000 0.000000000
1870 0.000000000 1.000000000 0.000000000
1871 0.209591731 0.790408254 0.000000000
1872 0.879889667 0.120110355 0.000000000
1873 0.970248222 0.029751793 0.000000000
1874 0.944520831 0.055479139 0.000000000
1875 0.970003545 0.029996470 0.000000000
1876 0.882640839 0.117359169 0.000000000
1877 0.938268721 0.061731279 0.000000000
1878 1.000000000 0.000000000 0.000000000
1879 0.788151205 0.211848795 0.000000000
1880 0.000000000 1.000000000 0.000000000
1881 0.932658136 0.067341842 0.000000000
1882 0.954835534 0.045164466 0.000000000
1883 0.912585855 0.087414123 0.000000000
1884 0.871981919 0.128018051 0.000000000
1885 0.977853298 0.022146689 0.000000000
1886 0.975422561 0.024577439 0.000000000
1887 0.952050686 0.047949333 0.000000000
1888 0.999336243 0.000663756 0.000000000
1889 0.943542540 0.056457475 0.000000000
1890 0.910584271 0.089415707 0.000000000
1891 0.961286008 0.038713995 0.000000000
1892 0.962442577 0.037557427 0.000000000
1893 0.990902841 0.009097163 0.000000000
1894 0.000000000 1.000000000 0.000000000
1895 0.811746538 0.188253477 0.000000000
1896 0.406955689 0.593044341 0.000000000
1897 0.783765435 0.216234565 0.000000000
1898 0.600214720 0.399785250 0.000000000
1899 0.761402607 0.238597408 0.000000000
1900 0.799072206 0.200927779 0.000000000
1901 0.762887239 0.237112746 0.000000000
1902 0.874994755 0.125005260 0.000000000
1903 0.629471958 0.370528042 0.000000000
1904 0.770280600 0.229719371 0.000000000
1905 0.846705437 0.153294563 0.000000000
1906 0.767820179 0.232179835 0.000000000
1907 0.703498840 0.296501130 0.000000000
1908 0.000000000 1.000000000 0.000000000
1909 0.312701494 0.687298477 0.000000000
1910 0.307605505 0.692394495 0.000000000
1911 0.294806093 0.705193937 0.000000000
1912 0.257431388 0.742568612 0.000000000
1913 0.243686721 0.756313264 0.000000000
1914 0.386656523 0.613343477 0.000000000
1915 0.511096656 0.488903344 0.000000000
1916 0.314650327 0.685349703 0.000000000
1917 0.394370854 0.605629146 0.000000000
1918 0.534541011 0.465459019 0.000000000
1919 0.489160925 0.510839105 0.000000000
1920 0.447787762 0.552212238 0.000000000
1921 0.629549861 0.370450139 0.000000000
1922 0.000000000 1.000000000 0.000000000
1923 0.093814135 0.906185865 0.000000000
1924 0.000000000 1.000000000 0.000000000
1925 0.000000000 1.000000000 0.000000000
1926 0.000000000 1.000000000 0.000000000
1927 0.000000000 1.000000000 0.000000000
1928 0.000000000 1.000000000 0.000000000
1929 0.000000000 1.000000000 0.000000000
1930 0.000000000 1.000000000 0.000000000
1931 0.000000000 1.000000000 0.000000000
1932 0.000000000 1.000000000 0.000000000
1933 0.000000000 1.000000000 0.000000000
1934 0.000000000 1.000000000 0.000000000
1935 0.000000000 1.000000000 0.000000000
1936 0.000000000 1.000000000 0.000000000
1937 0.000000000 1.000000000 0.000000000
1938 1.000000000 0.000000000 0.000000000
1939 0.983029187 0.016970828 0.000000000
1940 0.983029187 0.016970828 0.000000000
1941 1.000000000 0.000000000 0.000000000
1942 1.000000000 0.000000000 0.000000000
1943 1.000000000 0.000000000 0.000000000
1944 1.000000000 0.000000000 0.000000000
1945 1.000000000 0.000000000 0.000000000
1946 1.000000000 0.000000000 0.000000000
1947 1.000000000 0.000000000 0.000000000
1948 1.000000000 0.000000000 0.000000000
1949 1.000000000 0.000000000 0.000000000
1950 1.000000000 0.000000000 0.000000000
1951 0.000000000 1.000000000 0.000000000
1952 1.000000000 0.000000000 0.000000000
1953 1.000000000 0.000000000 0.000000000
1954 0.999310255 0.000689736 0.000000000
1955 1.000000000 0.000000000 0.000000000
1956 1.000000000 0.000000000 0.000000000
1957 1.000000000 0.000000000 0.000000000
1958 1.000000000 0.000000000 0.000000000
1959 1.000000000 0.000000000 0.000000000
1960 0.999544263 0.000455726 0.000000000
1961 1.000000000 0.000000000 0.000000000
1962 1.000000000 0.000000000 0.000000000
1963 0.998973727 0.001026284 0.000000000
1964 0.715874135 0.284125865 0.000000000
1965 0.000000000 1.000000000 0.000000000
1966 0.656523168 0.343476802 0.000000000
1967 0.924431264 0.075568713 0.000000000
1968 0.698046327 0.301953673 0.000000000
1969 0.741214216 0.258785814 0.000000000
1970 0.907743335 0.092256680 0.000000000
1971 0.750610292 0.249389708 0.000000000
1972 1.000000000 0.000000000 0.000000000
1973 1.000000000 0.000000000 0.000000000
1974 0.509617209 0.490382761 0.000000000
1975 0.944140613 0.055859417 0.000000000
1976 0.847926617 0.152073383 0.000000000
1977 0.833714545 0.166285455 0.000000000
1978 1.000000000 0.000000000 0.000000000
1979 0.000000000 1.000000000 0.000000000
1980 0.131817743 0.868182242 0.000000000
1981 0.977348685 0.022651326 0.000000000
1982 0.978520989 0.021479027 0.000000000
1983 0.963901281 0.036098726 0.000000000
1984 0.867088020 0.132911950 0.000000000
1985 0.983832061 0.016167924 0.000000000
1986 0.984258533 0.015741471 0.000000000
1987 1.000000000 0.000000000 0.000000000
1988 0.979089141 0.020910870 0.000000000
1989 0.888302684 0.111697301 0.000000000
1990 0.950234652 0.049765371 0.000000000
1991 0.970644653 0.029355323 0.000000000
1992 1.000000000 0.000000000 0.000000000
1993 0.000000000 1.000000000 0.000000000
1994 1.000000000 0.000000000 0.000000000
1995 0.960257053 0.039742973 0.000000000
1996 0.982765079 0.017234949 0.000000000
1997 1.000000000 0.000000000 0.000000000
1998 1.000000000 0.000000000 0.000000000
1999 1.000000000 0.000000000 0.000000000
2000 1.000000000 0.000000000 0.000000000
2001 1.000000000 0.000000000 0.000000000
2002 0.964026392 0.035973594 0.000000000
2003 0.827595949 0.172404066 0.000000000
2004 0.953768313 0.046231676 0.000000000
2005 0.993385136 0.006614853 0.000000000
2006 0.939470351 0.060529653 0.000000000
2007 0.000000000 1.000000000 0.000000000
2008 0.589312315 0.410687685 0.000000000
2009 0.758965135 0.241034850 0.000000000
2010 0.832069695 0.167930335 0.000000000
2011 0.888832271 0.111167729 0.000000000
2012 0.968869090 0.031130917 0.000000000
2013 0.718546152 0.281453818 0.000000000
2014 0.531212807 0.468787223 0.000000000
2015 0.589264750 0.410735279 0.000000000
2016 0.714576125 0.285423845 0.000000000
2017 1.000000000 0.000000000 0.000000000
2018 0.991746187 0.008253788 0.000000000
2019 0.962776303 0.037223693 0.000000000
2020 0.795456409 0.204543605 0.000000000
2021 0.000000000 1.000000000 0.000000000
2022 0.812193334 0.187806666 0.000000000
2023 0.902992070 0.097007945 0.000000000
2024 0.923359215 0.076640777 0.000000000
2025 0.986192167 0.013807808 0.000000000
2026 0.964708626 0.035291392 0.000000000
2027 0.721474826 0.278525144 0.000000000
2028 0.979626179 0.020373821 0.000000000
2029 0.644872904 0.355127096 0.000000000
2030 0.973187983 0.026811998 0.000000000
2031 0.993352115 0.006647912 0.000000000
2032 0.923295677 0.076704308 0.000000000
2033 0.786614299 0.213385731 0.000000000
2034 0.773753762 0.226246238 0.000000000
2035 0.000000000 1.000000000 0.000000000
2036 0.496394485 0.503605545 0.000000000
2037 0.523390055 0.476609915 0.000000000
2038 0.028516605 0.971483409 0.000000000
2039 0.564810157 0.435189813 0.000000000
2040 0.691915870 0.308084130 0.000000000
2041 0.932234704 0.067765310 0.000000000
2042 0.799459040 0.200540960 0.000000000
2043 0.544180810 0.455819190 0.000000000
2044 0.981717110 0.018282909 0.000000000
2045 0.356757909 0.643242061 0.000000000
2046 0.830681622 0.169318378 0.000000000
2047 0.577946901 0.422053099 0.000000000
2048 0.904469550 0.095530458 0.000000000
2049 0.000000000 1.000000000 0.000000000
2050 0.629310787 0.370689183 0.000000000
2051 0.738836348 0.261163622 0.000000000
2052 0.336970747 0.663029253 0.000000000
2053 0.494226187 0.505773783 0.000000000
2054 0.913439155 0.086560816 0.000000000
2055 0.757849634 0.242150366 0.000000000
2056 0.278299451 0.721700549 0.000000000
2057 0.956280053 0.043719962 0.000000000
2058 0.405959159 0.594040871 0.000000000
2059 0.795858502 0.204141527 0.000000000
2060 0.961527884 0.038472086 0.000000000
2061 0.832254171 0.167745858 0.000000000
2062 0.966607153 0.033392839 0.000000000
2063 0.000000000 1.000000000 0.000000000
2064 0.358381033 0.641618967 0.000000000
2065 0.249380559 0.750619471 0.000000000
2066 0.449964255 0.550035775 0.000000000
2067 0.392069012 0.607930958 0.000000000
2068 0.298993558 0.701006472 0.000000000
2069 0.443422675 0.556577325 0.000000000
2070 0.713740885 0.286259145 0.000000000
2071 0.706286907 0.293713063 0.000000000
2072 0.504241526 0.495758474 0.000000000
2073 0.624949455 0.375050545 0.000000000
2074 0.633274734 0.366725236 0.000000000
2075 0.553080320 0.446919709 0.000000000
2076 0.479007751 0.520992219 0.000000000
2077 0.000000000 1.000000000 0.000000000
2078 0.255642295 0.744357705 0.000000000
2079 0.214237005 0.785763025 0.000000000
2080 0.315591097 0.684408903 0.000000000
2081 0.177395910 0.822604060 0.000000000
2082 0.201172382 0.798827648 0.000000000
2083 0.269467920 0.730532110 0.000000000
2084 0.232410014 0.767589986 0.000000000
2085 0.369819552 0.630180478 0.000000000
2086 0.148718864 0.851281166 0.000000000
2087 0.288637578 0.711362422 0.000000000
2088 0.125056639 0.874943376 0.000000000
2089 0.378493249 0.621506751 0.000000000
2090 0.350681782 0.649318218 0.000000000
2091 0.000000000 1.000000000 0.000000000
2092 0.034180105 0.965819895 0.000000000
2093 0.000000000 1.000000000 0.000000000
2094 0.000000000 1.000000000 0.000000000
2095 0.000000000 1.000000000 0.000000000
2096 0.000000000 1.000000000 0.000000000
2097 0.000000000 1.000000000 0.000000000
2098 0.000000000 1.000000000 0.000000000
2099 0.000000000 1.000000000 0.000000000
2100 0.000000000 1.000000000 0.000000000
2101 0.000000000 1.000000000 0.000000000
2102 0.000000000 1.000000000 0.000000000
2103 0.000000000 1.000000000 0.000000000
2104 0.000000000 1.000000000 0.000000000
2105 0.000000000 1.000000000 0.000000000
2106 0.000000000 0.000000000 1.000000000
2107 0.000000000 0.199535042 0.800464928
2108 0.000000000 1.000000000 0.000000000
2109 0.000000000 0.000000000 1.000000000
2110 0.000000000 1.000000000 0.000000000
2111 0.000000000 1.000000000 0.000000000
2112 0.000000000 1.000000000 0.000000000
2113 0.000000000 1.000000000 0.000000000
2114 0.000000000 1.000000000 0.000000000
2115 0.000000000 1.000000000 0.000000000
2116 0.000000000 1.000000000 0.000000000
2117 0.000000000 1.000000000 0.000000000
2118 0.000000000 1.000000000 0.000000000
2119 0.000000000 1.000000000 0.000000000
2120 0.000000000 0.000000000 1.000000000
2121 0.000000000 1.000000000 0.000000000
2122 0.000000000 0.902581036 0.097418971
2123 0.000000000 1.000000000 0.000000000
2124 0.000000000 1.000000000 0.000000000
2125 0.000000000 1.000000000 0.000000000
2126 0.000000000 1.000000000 0.000000000
2127 0.000000000 1.000000000 0.000000000
2128 0.000000000 1.000000000 0.000000000
2129 0.000000000 1.000000000 0.000000000
2130 0.000000000 1.000000000 0.000000000
2131 0.000000000 1.000000000 0.000000000
2132 0.000000000 0.978460968 0.021539049
2133 0.000000000 0.391445458 0.608554542
2134 0.000000000 0.845255733 0.154744267
2135 0.000000000 0.952578664 0.047421336
2136 0.000000000 1.000000000 0.000000000
2137 0.000000000 0.987246990 0.012752989
2138 0.000000000 1.000000000 0.000000000
2139 0.000000000 1.000000000 0.000000000
2140 0.000000000 0.400445670 0.599554360
2141 0.000000000 1.000000000 0.000000000
2142 0.000000000 1.000000000 0.000000000
2143 0.000000000 0.433770448 0.566229522
2144 0.000000000 0.966675222 0.033324804
2145 0.000000000 1.000000000 0.000000000
2146 0.000000000 0.962597609 0.037402369
2147 0.000000000 0.962597609 0.037402369
2148 0.000000000 0.877430856 0.122569114
2149 0.000000000 0.962597609 0.037402369
2150 0.000000000 1.000000000 0.000000000
2151 0.000000000 0.960101187 0.039898824
2152 0.000000000 1.000000000 0.000000000
2153 0.000000000 0.977678418 0.022321559
2154 0.000000000 0.878238142 0.121761851
2155 0.000000000 1.000000000 0.000000000
2156 0.000000000 0.961950123 0.038049884
2157 0.000000000 1.000000000 0.000000000
2158 0.000000000 0.994144082 0.005855926
2159 0.000000000 0.948543847 0.051456124
2160 0.000000000 0.936339200 0.063660800
2161 0.000000000 0.966019869 0.033980101
2162 0.000000000 0.760003030 0.239996955
2163 0.000000000 0.932032883 0.067967117
2164 0.000000000 0.841212928 0.158787057
2165 0.000000000 0.951296270 0.048703711
2166 0.000000000 0.942768097 0.057231903
2167 0.000000000 0.994878113 0.005121877
2168 0.000000000 0.991257787 0.008742226
2169 0.000000000 0.976321578 0.023678435
2170 0.000000000 0.993426621 0.006573360
2171 0.000000000 1.000000000 0.000000000
2172 0.000000000 0.999404073 0.000595898
2173 0.000000000 0.999404073 0.000595898
2174 0.000000000 0.999368727 0.000631274
2175 0.000000000 0.982841134 0.017158853
2176 0.000000000 0.768418252 0.231581718
2177 0.000000000 0.978421569 0.021578435
2178 0.000000000 0.943507791 0.056492217
2179 0.000000000 0.977089643 0.022910373
2180 0.000000000 0.983931184 0.016068822
2181 0.000000000 0.970226347 0.029773647
2182 0.000000000 0.999999940 0.000000069
2183 0.000000000 0.963639200 0.036360819
2184 0.000000000 0.998754621 0.001245362
2185 0.000000000 0.978893638 0.021106390
2186 0.000000000 0.998754621 0.001245362
2187 0.000000000 0.998308182 0.001691819
2188 0.000000000 0.979918361 0.020081637
2189 0.000000000 0.996147692 0.003852331
2190 0.000000000 0.714523315 0.285476714
2191 0.000000000 0.943418980 0.056581039
2192 0.000000000 0.993671119 0.006328864
2193 0.000000000 0.976835907 0.023164086
2194 0.000000000 0.904386342 0.095613658
2195 0.000000000 0.988487780 0.011512214
2196 0.000000000 0.999861479 0.000138525
2197 0.000000000 0.999467432 0.000532546
2198 0.000000000 0.999471426 0.000528557
2199 0.000000000 0.999334872 0.000665138
2200 0.000000000 0.999311924 0.000688067
2201 0.000000000 0.999489188 0.000510789
2202 0.000000000 0.999382377 0.000617608
2203 0.000000000 0.999490380 0.000509617
2204 0.000000000 0.774622738 0.225377262
2205 0.000000000 0.999490380 0.000509617
2206 0.000000000 0.985880136 0.014119883
2207 0.000000000 0.999541700 0.000458286
2208 0.000000000 0.999925971 0.000074016
2209 0.000000000 0.996833980 0.003166003
2210 0.000000000 0.999194026 0.000805989
2211 0.000000000 0.995633841 0.004366187
2212 0.000000000 0.999194026 0.000805989
2213 0.000000000 0.984788716 0.015211311
2214 0.000000000 0.999194026 0.000805989
2215 0.000000000 0.995858014 0.004141985
2216 0.000000000 0.999194026 0.000805989
2217 0.000000000 0.999194026 0.000805989
2218 0.000000000 0.827147305 0.172852680
2219 0.000000000 0.986206591 0.013793437
2220 0.000000000 0.996752977 0.003247042
2221 0.000000000 0.986827254 0.013172721
2222 0.000000000 0.983882427 0.016117554
2223 0.000000000 1.000000000 0.000000000
2224 0.000000000 1.000000000 0.000000000
2225 0.000000000 0.999446213 0.000553807
2226 0.000000000 1.000000000 0.000000000
2227 0.000000000 1.000000000 0.000000000
2228 0.000000000 0.988212824 0.011787179
2229 0.000000000 0.999675989 0.000324019
2230 0.000000000 1.000000000 0.000000000
2231 0.000000000 1.000000000 0.000000000
2232 0.000000000 0.630463004 0.369537026
2233 0.000000000 0.998760521 0.001239454
2234 0.000000000 0.999877274 0.000122704
2235 0.000000000 0.999882936 0.000117045
2236 0.000000000 0.999245822 0.000754194
2237 0.000000000 0.999245822 0.000754194
2238 0.000000000 0.999105811 0.000894209
2239 0.000000000 0.999245822 0.000754194
2240 0.000000000 0.989089668 0.010910314
2241 0.000000000 0.994516134 0.005483888
2242 0.000000000 0.999107361 0.000892647
2243 0.000000000 0.998910844 0.001089157
2244 0.000000000 0.999245822 0.000754194
2245 0.000000000 0.999245822 0.000754194
2246 0.000000000 0.783877254 0.216122732
2247 0.000000000 0.968407094 0.031592928
2248 0.000000000 0.974795997 0.025204010
2249 0.000000000 0.999273419 0.000726570
2250 0.000000000 0.982289255 0.017710757
2251 0.000000000 0.980450988 0.019549021
2252 0.000000000 0.982289255 0.017710757
2253 0.000000000 0.981562972 0.018437047
2254 0.000000000 0.959988236 0.040011782
2255 0.000000000 0.952033460 0.047966544
2256 0.000000000 0.982289255 0.017710757
2257 0.000000000 0.982289314 0.017710686
2258 0.000000000 0.954635918 0.045364056
2259 0.000000000 0.981563032 0.018436946
2260 0.000000000 0.706564665 0.293435335
2261 0.000000000 0.885105014 0.114894971
2262 0.000000000 0.959925532 0.040074475
2263 0.000000000 0.898723304 0.101276726
2264 0.000000000 0.954601884 0.045398097
2265 0.000000000 0.960376978 0.039623011
2266 0.000000000 0.960265994 0.039734032
2267 0.000000000 0.953442991 0.046557017
2268 0.000000000 0.955431223 0.044568799
2269 0.000000000 0.960376978 0.039623011
2270 0.000000000 0.966590583 0.033409439
2271 0.000000000 0.960376978 0.039623011
2272 0.000000000 0.992778122 0.007221849
2273 0.000000000 0.999036074 0.000963949
2274 0.000000000 0.613969266 0.386030734
2275 0.000000000 0.000074541 0.999925435
2276 0.000000000 0.340542734 0.659457266
2277 0.000000000 0.489204705 0.510795295
2278 0.000000000 0.564708233 0.435291767
2279 0.000000000 0.476354927 0.523645043
2280 0.000000000 0.756370902 0.243629113
2281 0.000000000 0.641292334 0.358707696
2282 0.000000000 0.681162834 0.318837196
2283 0.000000000 0.806876183 0.193123832
2284 0.000000000 0.740444839 0.259555131
2285 0.000000000 0.718434453 0.281565547
2286 0.000000000 0.837636113 0.162363917
2287 0.000000000 0.787280500 0.212719530
2288 0.000000000 0.402637303 0.597362697
2289 0.000000000 0.000063233 0.999936759
2290 0.000000000 0.435502648 0.564497352
2291 0.000000000 0.541866302 0.458133727
2292 0.000000000 0.437800109 0.562199891
2293 0.000000000 0.821350276 0.178649724
2294 0.000000000 0.682942510 0.317057490
2295 0.000000000 0.715533793 0.284466177
2296 0.000000000 0.811233521 0.188766479
2297 0.000000000 0.792456508 0.207543492
2298 0.000000000 0.803366780 0.196633190
2299 0.000000000 0.845041811 0.154958218
2300 0.000000000 0.774374068 0.225625932
2301 0.000000000 0.449959755 0.550040245
2302 0.000000000 0.358973801 0.641026199
2303 0.000000000 0.000066374 0.999933600
2304 0.000000000 0.495294631 0.504705369
2305 0.000000000 0.480418742 0.519581258
2306 0.000000000 0.662699521 0.337300479
2307 0.000000000 0.584118307 0.415881664
2308 0.000000000 0.617306054 0.382693976
2309 0.000000000 0.794453859 0.205546126
2310 0.000000000 0.678347707 0.321652323
2311 0.000000000 0.722890198 0.277109802
2312 0.000000000 0.668298900 0.331701100
2313 0.000000000 0.790502310 0.209497705
2314 0.000000000 0.561613142 0.438386828
2315 0.000000000 0.256449491 0.743550479
2316 0.000000000 0.545618296 0.454381734
2317 0.000000000 0.000094276 0.999905705
2318 0.000000000 0.516301155 0.483698875
2319 0.000000000 0.938696086 0.061303884
2320 0.000000000 0.801208913 0.198791072
2321 0.000000000 0.893840075 0.106159925
2322 0.000000000 0.922790766 0.077209219
2323 0.000000000 0.884560883 0.115439139
2324 0.000000000 0.864510179 0.135489807
2325 0.000000000 0.652985990 0.347014040
2326 0.000000000 0.908872604 0.091127373
2327 0.000000000 0.467629313 0.532370687
2328 0.000000000 0.280728161 0.719271839
2329 0.000000000 0.576075613 0.423924357
2330 0.000000000 0.492878139 0.507121861
2331 0.000000000 0.000108132 0.999891877
2332 0.000000000 0.774721682 0.225278288
2333 0.000000000 0.732093096 0.267906904
2334 0.000000000 0.788646281 0.211353719
2335 0.000000000 0.760804117 0.239195913
2336 0.000000000 0.725707948 0.274292052
2337 0.000000000 0.698142648 0.301857322
2338 0.000000000 0.685441375 0.314558655
2339 0.000000000 0.741836250 0.258163750
2340 0.000000000 0.639821470 0.360178530
2341 0.000000000 0.697251260 0.302748740
2342 0.000000000 0.639821470 0.360178530
2343 0.000000000 0.639821470 0.360178530
2344 0.000000000 1.000000000 0.000000000
2345 0.000000000 0.001342292 0.998657703
2346 0.000000000 1.000000000 0.000000000
2347 0.000000000 0.639821470 0.360178530
2348 0.000000000 0.639821470 0.360178530
2349 0.000000000 0.980445027 0.019554945
2350 0.000000000 0.639821470 0.360178530
2351 0.000000000 1.000000000 0.000000000
2352 0.000000000 1.000000000 0.000000000
2353 0.000000000 0.958842516 0.041157503
2354 0.000000000 0.942759335 0.057240658
2355 0.000000000 0.983638287 0.016361726
2356 0.000000000 0.801274240 0.198725745
2357 0.000000000 0.982895494 0.017104520
2358 0.000000000 0.991445720 0.008554291
2359 0.000000000 0.001067623 0.998932362
2360 0.000000000 1.000000000 0.000000000
2361 0.000000000 0.980322957 0.019677036
2362 0.000000000 0.962464571 0.037535451
2363 0.000000000 0.988577425 0.011422599
2364 0.000000000 1.000000000 0.000000000
2365 0.000000000 1.000000000 0.000000000
2366 0.000000000 0.883093596 0.116906434
2367 0.000000000 0.653552949 0.346447051
2368 0.000000000 0.749855638 0.250144362
2369 0.000000000 0.883544326 0.116455704
2370 0.000000000 0.804628432 0.195371553
2371 0.000000000 0.879222453 0.120777547
2372 0.000000000 0.876832426 0.123167567
2373 0.000000000 0.000557846 0.999442160
2374 0.000000000 0.880639434 0.119360544
2375 0.000000000 0.722869456 0.277130544
2376 0.000000000 0.886914611 0.113085397
2377 0.000000000 0.824414849 0.175585121
2378 0.000000000 0.831811488 0.168188497
2379 0.000000000 0.994008183 0.005991807
2380 0.000000000 0.994008183 0.005991807
2381 0.000000000 0.995731175 0.004268816
2382 0.000000000 0.891719103 0.108280890
2383 0.000000000 0.891498625 0.108501397
2384 0.000000000 0.995747030 0.004252947
2385 0.000000000 0.995716751 0.004283262
2386 0.000000000 0.997340202 0.002659773
2387 0.000000000 0.001219155 0.998780847
2388 0.000000000 0.994008183 0.005991807
2389 0.000000000 0.996089220 0.003910762
2390 0.000000000 0.999140561 0.000859443
2391 0.000000000 0.997495055 0.002504929
2392 0.000000000 0.957976103 0.042023879
2393 0.000000000 0.865308940 0.134691060
2394 0.000000000 0.908765435 0.091234580
2395 0.000000000 0.884536743 0.115463234
2396 0.000000000 0.888124466 0.111875564
2397 0.000000000 0.940099835 0.059900180
2398 0.000000000 0.939090192 0.060909819
2399 0.000000000 0.952116609 0.047883365
2400 0.000000000 0.919139147 0.080860838
2401 0.000000000 0.000042691 0.999957323
2402 0.000000000 0.982452869 0.017547147
2403 0.000000000 0.936250985 0.063749000
2404 0.000000000 0.996921182 0.003078807
2405 0.000000000 0.544677019 0.455323011
2406 0.000000000 0.397448570 0.602551460
2407 0.000000000 0.563871980 0.436128050
2408 0.000000000 0.429558426 0.570441544
2409 0.000000000 0.543418646 0.456581324
2410 0.000000000 0.676819623 0.323180377
2411 0.000000000 0.495377988 0.504622042
2412 0.000000000 0.738977551 0.261022449
2413 0.000000000 0.784676790 0.215323225
2414 0.000000000 0.825154781 0.174845219
2415 0.000000000 0.000424691 0.999575317
2416 0.000000000 0.406454712 0.593545258
2417 0.000000000 0.522785008 0.477214992
2418 0.000000000 0.061317559 0.938682437
2419 0.000000000 0.040379427 0.959620595
2420 0.000000000 0.005218173 0.994781852
2421 0.000000000 0.029023662 0.970976353
2422 0.000000000 0.010464555 0.989535451
2423 0.000000000 0.016127732 0.983872294
2424 0.000000000 0.000668068 0.999331951
2425 0.000000000 0.006561987 0.993438005
2426 0.000000000 0.073212609 0.926787376
2427 0.000000000 0.050225303 0.949774683
2428 0.000000000 0.075451240 0.924548745
2429 0.000000000 0.000062353 0.999937654
2430 0.000000000 0.006565396 0.993434608
2431 0.000000000 0.000407244 0.999592781
2432 0.000000000 0.000553232 0.999446750
2433 0.000000000 0.000708677 0.999291301
2434 0.000000000 0.000281360 0.999718666
2435 0.000000000 0.000639038 0.999360979
2436 0.000000000 0.000213692 0.999786317
2437 0.000000000 0.000708677 0.999291301
2438 0.000000000 0.000708677 0.999291301
2439 0.000000000 0.000708677 0.999291301
2440 0.000000000 0.000365309 0.999634683
2441 0.000000000 0.000363154 0.999636829
2442 0.000000000 0.000792386 0.999207616
2443 0.000000000 0.000028508 0.999971509
2444 0.000000054 0.000047461 0.999952495
2445 0.960625470 0.000000000 0.039374530
2446 0.964766502 0.000000000 0.035233498
2447 0.961857319 0.000128234 0.038014449
2448 0.986944556 0.000000000 0.013055468
2449 0.959404171 0.000000000 0.040595826
2450 0.941191435 0.000000000 0.058808547
2451 0.948276639 0.000000000 0.051723365
2452 0.963840187 0.000000000 0.036159795
2453 0.985584438 0.000000000 0.014415549
2454 1.000000000 0.000000000 0.000000000
2455 1.000000000 0.000000000 0.000000000
2456 0.973168731 0.000028198 0.026803084
2457 0.973454833 0.000000000 0.026545158
2458 0.000000000 0.000033687 0.999966323
2459 0.966945887 0.000000000 0.033054117
2460 0.968071342 0.000000000 0.031928681
2461 0.983496845 0.000000000 0.016503137
2462 0.963944316 0.000000000 0.036055703
2463 0.960643113 0.000000000 0.039356880
2464 0.963208318 0.000000000 0.036791690
2465 0.969802380 0.000000000 0.030197637
2466 0.987990022 0.000000000 0.012009971
2467 0.978008509 0.000000000 0.021991501
2468 0.988293290 0.000000000 0.011706727
2469 0.979554296 0.000000000 0.020445729
2470 0.967169106 0.000000000 0.032830875
2471 0.958897054 0.000000000 0.041102920
2472 0.000000000 0.000034269 0.999965727
2473 0.957631707 0.000000000 0.042368304
2474 0.990100503 0.000000000 0.009899497
2475 0.954163671 0.005462691 0.040373616
2476 0.962035775 0.000000000 0.037964247
2477 0.962598801 0.000031039 0.037370171
2478 0.957514882 0.000000000 0.042485092
2479 0.988385856 0.000000000 0.011614130
2480 0.996358633 0.000000000 0.003641371
2481 0.975241601 0.000217240 0.024541138
2482 0.979377687 0.000018125 0.020604167
2483 0.966743648 0.000000000 0.033256326
2484 0.967246115 0.000000000 0.032753877
2485 0.967961133 0.000075545 0.031963352
2486 0.000000471 0.000060820 0.999938726
2487 0.968590677 0.000031516 0.031377796
2488 0.970383942 0.000000000 0.029616076
2489 0.963973105 0.007611392 0.028415492
2490 0.952865839 0.002075514 0.045058675
2491 0.958573520 0.000000000 0.041426457
2492 0.967981040 0.020817947 0.011200992
2493 0.949178696 0.002088211 0.048733115
2494 0.968325853 0.005775932 0.025898205
2495 0.883395791 0.101638950 0.014965273
2496 0.970311880 0.000611490 0.029076632
2497 0.976666510 0.000420956 0.022912519
2498 0.969312787 0.014426538 0.016260698
2499 0.967305005 0.003577366 0.029117629
2500 0.000000000 0.000049553 0.999950469
2501 0.968005359 0.003643437 0.028351190
2502 0.950457871 0.019991932 0.029550189
2503 0.966837406 0.004344275 0.028818341
2504 0.967692792 0.001929115 0.030378072
2505 0.969481289 0.029698985 0.000819715
2506 0.970312476 0.002238970 0.027448578
2507 0.961136639 0.011917303 0.026946077
2508 0.970139086 0.027084351 0.002776562
2509 0.591213226 0.047785036 0.361001760
2510 0.695097029 0.056608614 0.248294368
2511 0.739837885 0.021308657 0.238853440
2512 0.595517993 0.047794200 0.356687814
2513 0.777150393 0.047477778 0.175371811
2514 0.000000000 0.000496481 0.999503493
2515 0.613155007 0.147960767 0.238884225
2516 0.638479173 0.144362658 0.217158154
2517 0.629349470 0.009641790 0.361008763
2518 0.594165742 0.404921085 0.000913167
2519 0.619599700 0.379586011 0.000814305
2520 0.551183999 0.087828800 0.360987186
2521 0.591213226 0.387965202 0.020821590
2522 0.787751257 0.146866128 0.065382622
2523 0.708311617 0.158332482 0.133355886
2524 0.729719579 0.130160093 0.140120298
2525 0.755502999 0.114067189 0.130429819
2526 0.894145966 0.044701822 0.061152231
2527 0.830794454 0.005519668 0.163685858
2528 0.000000000 0.000580039 0.999419987
2529 0.795640647 0.203588486 0.000770877
2530 0.777157366 0.142546624 0.080296017
2531 0.772136569 0.227054775 0.000808688
2532 0.778011322 0.221313477 0.000675186
2533 0.762014627 0.237226635 0.000758762
2534 0.750897884 0.248213187 0.000888905
2535 0.791507542 0.152805120 0.055687316
2536 0.725449026 0.237522244 0.037028745
2537 0.759128332 0.174456686 0.066414990
2538 0.755247653 0.189291701 0.055460665
2539 0.808417976 0.170718864 0.020863187
2540 0.811329842 0.126649424 0.062020727
2541 0.811577260 0.138286293 0.050136462
2542 0.000000000 0.000315944 0.999684036
2543 0.763051331 0.154875204 0.082073450
2544 0.760148704 0.151011094 0.088840201
2545 0.785667777 0.162343547 0.051988699
2546 0.776080787 0.161367759 0.062551476
2547 0.638191223 0.261803031 0.100005768
2548 0.756965637 0.184418470 0.058615863
2549 0.662252307 0.268666029 0.069081679
2550 0.717803299 0.212987781 0.069208950
2551 0.523053527 0.389979213 0.086967260
2552 0.728447795 0.228841081 0.042711150
2553 0.563793361 0.346472204 0.089734413
2554 0.639659405 0.297784507 0.062556103
2555 0.667229354 0.274809688 0.057960980
2556 0.000000000 0.000626801 0.999373198
2557 0.890569925 0.108572729 0.000857366
2558 0.770649195 0.227603257 0.001747559
2559 0.741400898 0.257084221 0.001514894
2560 0.708493590 0.289442778 0.002063635
2561 0.549780309 0.449570686 0.000649005
2562 0.553230762 0.439786971 0.006982266
2563 0.490094990 0.505075574 0.004829458
2564 0.460398972 0.528822422 0.010778585
2565 0.662943184 0.336991280 0.000065553
2566 0.481550753 0.509068608 0.009380655
2567 0.562756896 0.433685541 0.003557575
2568 0.648360252 0.351410717 0.000229037
2569 0.618976593 0.378053635 0.002969810
2570 0.000000000 0.000023630 0.999976397
2571 0.462511480 0.537456572 0.000031985
2572 0.560556471 0.439410329 0.000033207
2573 0.404004246 0.595961571 0.000034200
2574 0.260859013 0.714223027 0.024917947
2575 0.227668896 0.739302397 0.033028692
2576 0.169228822 0.800608158 0.030163035
2577 0.200846717 0.764121652 0.035031635
2578 0.264767081 0.714383602 0.020849327
2579 0.290196359 0.678329647 0.031473987
2580 0.331224024 0.635960340 0.032815639
2581 0.361158788 0.607441008 0.031400204
2582 0.305742174 0.665142238 0.029115610
2583 0.393353313 0.585715652 0.020931005
2584 0.000000000 0.001894505 0.998105466
2585 0.147867680 0.829005480 0.023126859
2586 0.173349306 0.798208475 0.028442197
2587 0.001620216 0.948188007 0.050191775
2588 0.006660760 0.959573686 0.033765543
2589 0.009388865 0.955517709 0.035093442
2590 0.001432492 0.952021837 0.046545673
2591 0.014713024 0.957193494 0.028093481
2592 0.033708788 0.897014558 0.069276683
2593 0.020218313 0.947472513 0.032309171
2594 0.062489673 0.894545555 0.042964797
2595 0.005237652 0.967745364 0.027016964
2596 0.020535547 0.960553765 0.018910676
2597 0.002297573 0.975439906 0.022262514
2598 0.000000429 0.000445300 0.999554276
2599 0.000000000 0.935962677 0.064037330
2600 0.000000000 0.062661380 0.937338591
2601 0.000000049 0.102583349 0.897416592
2602 0.000000000 0.116928235 0.883071780
2603 0.000000000 0.063116364 0.936883628
2604 0.000000000 0.090119742 0.909880280
2605 0.000000000 0.052533109 0.947466910
2606 0.000000036 0.174335197 0.825664759
2607 0.000000000 0.247801781 0.752198219
2608 0.000000033 0.322365850 0.677634120
2609 0.000000000 0.366322011 0.633677959
2610 0.000000146 0.441743881 0.558255970
2611 0.000000020 0.273658276 0.726341724
2612 0.000000000 0.000047035 0.999952972
2613 0.333333343 0.333333343 0.333333343
2614 0.000000000 0.000000000 1.000000000
2615 0.000000000 0.000000000 1.000000000
2616 0.333333343 0.333333343 0.333333343
2617 0.000000000 0.000000000 1.000000000
2618 0.000000000 0.000000000 1.000000000
2619 0.000000000 0.000000000 1.000000000
2620 0.000000000 0.000000000 1.000000000
2621 0.000000000 0.000000000 1.000000000
2622 0.000000000 0.000000000 1.000000000
2623 0.000000000 0.000000000 1.000000000
2624 0.000000000 0.000000000 1.000000000
2625 0.000000000 0.000000000 1.000000000
2626 0.000000000 0.000000000 1.000000000
2627 0.333333343 0.333333343 0.333333343
2628 0.000000000 0.000000000 1.000000000
2629 0.440775573 0.000000000 0.559224427
2630 0.000000000 0.000000000 1.000000000
2631 0.000000000 0.000000000 1.000000000
2632 0.000000000 0.000000000 1.000000000
2633 0.000000000 0.000000000 1.000000000
2634 0.000000000 0.000000000 1.000000000
2635 0.000000000 0.000000000 1.000000000
2636 0.000000000 0.000000000 1.000000000
2637 0.000000000 0.000000000 1.000000000
2638 1.000000000 0.000000000 0.000000000
2639 0.965941608 0.000000000 0.034058388
2640 0.972619534 0.005324114 0.022056347
2641 0.000000000 0.000000000 1.000000000
2642 0.994484961 0.000417982 0.005097071
2643 0.945136130 0.000000000 0.054863852
2644 0.957345188 0.000000000 0.042654838
2645 0.945136130 0.000000000 0.054863852
2646 0.945136130 0.000000000 0.054863852
2647 0.946212292 0.000000000 0.053787697
2648 0.945136130 0.000000000 0.054863852
2649 0.949902415 0.000000000 0.050097585
2650 0.873518705 0.000000000 0.126481295
2651 0.986845315 0.000000000 0.013154686
2652 0.989284337 0.010715691 0.000000000
2653 0.990375102 0.009624891 0.000000000
2654 1.000000000 0.000000000 0.000000000
2655 0.000000000 0.000000000 1.000000000
2656 1.000000000 0.000000000 0.000000000
2657 0.787029326 0.010715691 0.202254951
2658 0.988838971 0.011161001 0.000000000
2659 1.000000000 0.000000000 0.000000000
2660 1.000000000 0.000000000 0.000000000
2661 1.000000000 0.000000000 0.000000000
2662 1.000000000 0.000000000 0.000000000
2663 1.000000000 0.000000000 0.000000000
2664 1.000000000 0.000000000 0.000000000
2665 0.878545582 0.077728935 0.043725491
2666 0.861316025 0.042808115 0.095875837
2667 0.666974962 0.120964669 0.212060347
2668 0.603012562 0.179612502 0.217374921
2669 0.000000000 0.000000000 1.000000000
2670 0.540298343 0.221681967 0.238019690
2671 0.615669250 0.242524311 0.141806453
2672 0.695540488 0.225935608 0.078523919
2673 0.586121082 0.179234818 0.234644085
2674 0.837083161 0.093957335 0.068959489
2675 0.836725950 0.108777009 0.054497056
2676 0.785721123 0.120216891 0.094062001
2677 0.768049777 0.127830639 0.104119569
2678 0.781113148 0.165614203 0.053272646
2679 0.799695790 0.199073404 0.001230804
2680 0.853703082 0.096635915 0.049661029
2681 0.744332373 0.212365702 0.043301951
2682 0.894388080 0.101055287 0.004556652
2683 0.000000000 0.000000000 1.000000000
2684 0.674762070 0.252640933 0.072597012
2685 0.761699796 0.181458756 0.056841452
2686 0.683197260 0.262280971 0.054521762
2687 0.755539179 0.190318152 0.054142658
2688 0.704169989 0.265453935 0.030376077
2689 0.665779173 0.280948251 0.053272583
2690 0.748617947 0.249898612 0.001483456
2691 0.772486329 0.180613220 0.046900447
2692 0.688544989 0.311069012 0.000385973
2693 0.781831384 0.156619102 0.061549544
2694 0.690975010 0.245797604 0.063227393
2695 0.821279824 0.137913525 0.040806636
2696 0.604087114 0.350974202 0.044938710
2697 0.000000000 0.000000000 1.000000000
2698 0.590871394 0.312922657 0.096205957
2699 0.620007157 0.302431494 0.077561371
2700 0.558814287 0.337257594 0.103928119
2701 0.709595680 0.258740246 0.031664040
2702 0.699083149 0.260302365 0.040614516
2703 0.712765753 0.239359334 0.047874950
2704 0.656969011 0.290371150 0.052659836
2705 0.530180514 0.452149868 0.017669648
2706 0.737388015 0.221096158 0.041515831
2707 0.625712276 0.332971781 0.041315954
2708 0.721584976 0.256639570 0.021775424
2709 0.568347394 0.401861966 0.029790606
2710 0.632630348 0.329775691 0.037593979
2711 0.000000000 0.000000000 1.000000000
2712 0.432278782 0.511336684 0.056384496
2713 0.507337928 0.461040616 0.031621419
2714 0.589209318 0.410483301 0.000307366
2715 0.543134272 0.406368166 0.050497565
2716 0.622909904 0.364502013 0.012588111
2717 0.543119788 0.433356255 0.023523986
2718 0.537515044 0.446550637 0.015934292
2719 0.504152477 0.466889054 0.028958468
2720 0.516498387 0.454943329 0.028558299
2721 0.664957881 0.324263394 0.010778721
2722 0.482243896 0.496682763 0.021073343
2723 0.590904295 0.389511853 0.019583851
2724 0.596470952 0.375723898 0.027805170
2725 0.000000000 0.000000000 1.000000000
2726 0.436711729 0.526698530 0.036589738
2727 0.499326676 0.481031746 0.019641574
2728 0.487053245 0.495923579 0.017023170
2729 0.498422265 0.478424400 0.023153337
2730 0.390031368 0.587501526 0.022467099
2731 0.433617562 0.561706603 0.004675827
2732 0.394358695 0.573794723 0.031846616
2733 0.397570431 0.575943589 0.026485957
2734 0.485469043 0.497688472 0.016842481
2735 0.339549690 0.638897479 0.021552820
2736 0.466713846 0.505490243 0.027795874
2737 0.482337177 0.491230756 0.026432050
2738 0.469648123 0.508277535 0.022074362
2739 0.000000000 0.026027257 0.973972738
2740 0.277397722 0.698287129 0.024315143
2741 0.227220029 0.749820948 0.022958999
2742 0.240711674 0.731065810 0.028222494
2743 0.086384043 0.913040042 0.000575935
2744 0.099656306 0.900211275 0.000132405
2745 0.121351600 0.873919368 0.004729010
2746 0.074944265 0.922580421 0.002475295
2747 0.151031211 0.848616123 0.000352649
2748 0.061687924 0.929203153 0.009108899
2749 0.100842007 0.898969233 0.000188754
2750 0.230367824 0.768686235 0.000945926
2751 0.127879247 0.870843530 0.001277249
2752 0.134643689 0.864713907 0.000642392
2753 0.000000000 0.047157403 0.952842593
2754 0.020836035 0.977693796 0.001470195
2755 0.014401801 0.982871830 0.002726383
2756 0.000000000 0.985379398 0.014620573
2757 0.000000000 0.993279159 0.006720825
2758 0.000000000 0.982295454 0.017704558
2759 0.000000000 0.992109954 0.007890067
2760 0.000000000 0.976678014 0.023321960
2761 0.000000000 0.990933776 0.009066194
2762 0.000000000 0.995819807 0.004180209
2763 0.000000000 0.995618105 0.004381881
2764 0.000000000 0.986263096 0.013736927
2765 0.000000000 0.993819475 0.006180518
2766 0.000000000 0.994585633 0.005414382
2767 0.000000000 0.093100846 0.906899154
2768 0.000000000 0.989046574 0.010953437
2769 0.000000000 0.208265290 0.791734695
2770 0.000000000 0.293319613 0.706680357
2771 0.000000000 0.208290219 0.791709781
2772 0.000000000 0.207037702 0.792962313
2773 0.000000000 0.207061633 0.792938352
2774 0.000000000 0.276485503 0.723514497
2775 0.000000000 0.000000000 1.000000000
2776 0.000000000 0.274489254 0.725510716
2777 0.000000000 0.271481693 0.728518307
2778 0.000000000 0.207037702 0.792962313
2779 0.000000000 0.262277097 0.737722874
2780 0.000000000 0.601428151 0.398571849
2781 0.000000000 0.003179976 0.996820033
2782 0.000000000 1.000000000 0.000000000
2783 1.000000000 0.000000000 0.000000000
2784 0.500000000 0.500000000 0.000000000
2785 1.000000000 0.000000000 0.000000000
2786 0.500000000 0.500000000 0.000000000
2787 0.500000000 0.500000000 0.000000000
2788 0.500000000 0.500000000 0.000000000
2789 0.500000000 0.500000000 0.000000000
2790 0.500000000 0.500000000 0.000000000
2791 0.500000000 0.500000000 0.000000000
2792 0.500000000 0.500000000 0.000000000
2793 0.500000000 0.500000000 0.000000000
2794 0.500000000 0.500000000 0.000000000
2795 0.500000000 0.500000000 0.000000000
2796 0.000000000 1.000000000 0.000000000
2797 0.500000000 0.500000000 0.000000000
2798 1.000000000 0.000000000 0.000000000
2799 0.500000000 0.500000000 0.000000000
2800 0.500000000 0.500000000 0.000000000
2801 0.500000000 0.500000000 0.000000000
2802 0.500000000 0.500000000 0.000000000
2803 0.500000000 0.500000000 0.000000000
2804 0.500000000 0.500000000 0.000000000
2805 0.500000000 0.500000000 0.000000000
2806 0.500000000 0.500000000 0.000000000
2807 0.500000000 0.500000000 0.000000000
2808 1.000000000 0.000000000 0.000000000
2809 1.000000000 0.000000000 0.000000000
2810 0.000000000 1.000000000 0.000000000
2811 1.000000000 0.000000000 0.000000000
2812 0.500000000 0.500000000 0.000000000
2813 0.000000000 1.000000000 0.000000000
2814 0.500000000 0.500000000 0.000000000
2815 0.500000000 0.500000000 0.000000000
2816 1.000000000 0.000000000 0.000000000
2817 0.500000000 0.500000000 0.000000000
2818 0.500000000 0.500000000 0.000000000
2819 1.000000000 0.000000000 0.000000000
2820 1.000000000 0.000000000 0.000000000
2821 0.500000000 0.500000000 0.000000000
2822 1.000000000 0.000000000 0.000000000
2823 1.000000000 0.000000000 0.000000000
2824 0.000000000 1.000000000 0.000000000
2825 1.000000000 0.000000000 0.000000000
2826 0.500000000 0.500000000 0.000000000
2827 1.000000000 0.000000000 0.000000000
2828 0.500000000 0.500000000 0.000000000
2829 1.000000000 0.000000000 0.000000000
2830 1.000000000 0.000000000 0.000000000
2831 0.500000000 0.500000000 0.000000000
2832 1.000000000 0.000000000 0.000000000
2833 0.500000000 0.500000000 0.000000000
2834 1.000000000 0.000000000 0.000000000
2835 1.000000000 0.000000000 0.000000000
2836 1.000000000 0.000000000 0.000000000
2837 1.000000000 0.000000000 0.000000000
2838 0.000000000 1.000000000 0.000000000
2839 1.000000000 0.000000000 0.000000000
2840 1.000000000 0.000000000 0.000000000
2841 1.000000000 0.000000000 0.000000000
2842 1.000000000 0.000000000 0.000000000
2843 1.000000000 0.000000000 0.000000000
2844 1.000000000 0.000000000 0.000000000
2845 1.000000000 0.000000000 0.000000000
2846 1.000000000 0.000000000 0.000000000
2847 0.500000000 0.500000000 0.000000000
2848 0.114485390 0.885514617 0.000000000
2849 0.077646665 0.922353327 0.000000000
2850 0.076792717 0.923207283 0.000000000
2851 1.000000000 0.000000000 0.000000000
2852 0.000000000 1.000000000 0.000000000
2853 0.999041438 0.000958569 0.000000000
2854 1.000000000 0.000000000 0.000000000
2855 1.000000000 0.000000000 0.000000000
2856 1.000000000 0.000000000 0.000000000
2857 1.000000000 0.000000000 0.000000000
2858 0.000000000 1.000000000 0.000000000
2859 0.983611524 0.016388467 0.000000000
2860 0.982621074 0.017378900 0.000000000
2861 0.947717428 0.052282542 0.000000000
2862 0.113915391 0.886084616 0.000000000
2863 0.693034351 0.306965619 0.000000000
2864 1.000000000 0.000000000 0.000000000
2865 0.713551164 0.286448866 0.000000000
2866 0.000000000 1.000000000 0.000000000
2867 1.000000000 0.000000000 0.000000000
2868 0.944586337 0.055413634 0.000000000
2869 0.992732108 0.007267898 0.000000000
2870 0.995849371 0.004150604 0.000000000
2871 1.000000000 0.000000000 0.000000000
2872 1.000000000 0.000000000 0.000000000
2873 0.043055490 0.956944525 0.000000000
2874 0.035832811 0.964167178 0.000000000
2875 0.233817011 0.766183019 0.000000000
2876 0.251485944 0.748514056 0.000000000
2877 0.304471016 0.695528984 0.000000000
2878 0.174852774 0.825147212 0.000000000
2879 0.000000000 1.000000000 0.000000000
2880 0.000000000 1.000000000 0.000000000
2881 0.000000000 1.000000000 0.000000000
2882 0.987476945 0.012523036 0.000000000
2883 0.000000000 1.000000000 0.000000000
2884 0.000000000 1.000000000 0.000000000
2885 0.939843059 0.060156934 0.000000000
2886 0.000000000 1.000000000 0.000000000
2887 0.815401971 0.184598014 0.000000000
2888 0.000000000 1.000000000 0.000000000
2889 0.947013795 0.052986190 0.000000000
2890 0.000000000 1.000000000 0.000000000
2891 0.805409849 0.194590151 0.000000000
2892 0.000000000 1.000000000 0.000000000
2893 0.000000000 1.000000000 0.000000000
2894 0.000000000 1.000000000 0.000000000
2895 0.979539394 0.020460622 0.000000000
2896 0.936325073 0.063674942 0.000000000
2897 0.993581653 0.006418353 0.000000000
2898 0.989057720 0.010942294 0.000000000
2899 0.500000000 0.500000000 0.000000000
2900 0.500000000 0.500000000 0.000000000
2901 1.000000000 0.000000000 0.000000000
2902 0.500000000 0.500000000 0.000000000
2903 0.500000000 0.500000000 0.000000000
2904 0.061915305 0.938084722 0.000000000
2905 1.000000000 0.000000000 0.000000000
2906 0.500000000 0.500000000 0.000000000
2907 0.500000000 0.500000000 0.000000000
2908 0.000000000 1.000000000 0.000000000
2909 0.861140907 0.138859078 0.000000000
2910 1.000000000 0.000000000 0.000000000
2911 0.000000000 1.000000000 0.000000000
2912 0.000000000 1.000000000 0.000000000
2913 0.000000000 1.000000000 0.000000000
2914 0.000000000 1.000000000 0.000000000
2915 0.000000000 1.000000000 0.000000000
2916 0.930873334 0.069126695 0.000000000
2917 0.862470925 0.137529060 0.000000000
2918 0.155104443 0.844895542 0.000000000
2919 0.000000000 1.000000000 0.000000000
2920 0.000000000 1.000000000 0.000000000
2921 0.000000000 1.000000000 0.000000000
2922 0.000000000 1.000000000 0.000000000
2923 0.996551216 0.003448813 0.000000000
2924 0.980527461 0.019472554 0.000000000
2925 0.000000000 1.000000000 0.000000000
2926 0.000000000 1.000000000 0.000000000
2927 0.000000000 1.000000000 0.000000000
2928 0.000000000 1.000000000 0.000000000
2929 0.000000000 1.000000000 0.000000000
2930 0.000000000 1.000000000 0.000000000
2931 0.000000000 1.000000000 0.000000000
2932 0.000000000 1.000000000 0.000000000
2933 0.000000000 1.000000000 0.000000000
2934 0.000000000 1.000000000 0.000000000
2935 0.000000000 1.000000000 0.000000000
2936 0.000000000 1.000000000 0.000000000
2937 0.000000000 1.000000000 0.000000000
2938 0.000000000 1.000000000 0.000000000
2939 0.000000000 1.000000000 0.000000000
2940 0.000000000 1.000000000 0.000000000
2941 0.000000000 1.000000000 0.000000000
2942 0.000000000 1.000000000 0.000000000
2943 0.000000000 1.000000000 0.000000000
2944 0.000000000 1.000000000 0.000000000
2945 0.000000000 1.000000000 0.000000000
2946 0.000000000 1.000000000 0.000000000
2947 0.000000000 1.000000000 0.000000000
2948 0.000000000 1.000000000 0.000000000
2949 0.000000000 1.000000000 0.000000000
2950 0.000000000 1.000000000 0.000000000
2951 0.000000000 1.000000000 0.000000000
2952 0.992111206 0.007888786 0.000000000
2953 0.997337341 0.002662674 0.000000000
2954 0.996865451 0.003134563 0.000000000
2955 0.997402668 0.002597334 0.000000000
2956 1.000000000 0.000000000 0.000000000
2957 0.996208370 0.003791614 0.000000000
2958 0.995734274 0.004265754 0.000000000
2959 1.000000000 0.000000000 0.000000000
2960 0.995100319 0.004899682 0.000000000
2961 0.995169580 0.004830425 0.000000000
2962 0.991623282 0.008376745 0.000000000
2963 0.993606210 0.006393776 0.000000000
2964 0.997034490 0.002965529 0.000000000
2965 0.000000000 1.000000000 0.000000000
2966 0.987818599 0.012181414 0.000000000
2967 0.996290028 0.003709994 0.000000000
2968 0.994899094 0.005100879 0.000000000
2969 0.987904131 0.012095896 0.000000000
2970 0.991106987 0.008893027 0.000000000
2971 0.994541109 0.005458901 0.000000000
2972 1.000000000 0.000000000 0.000000000
2973 0.988480031 0.011519942 0.000000000
2974 0.990496278 0.009503698 0.000000000
2975 0.977437437 0.022562571 0.000000000
2976 0.992333531 0.007666446 0.000000000
2977 0.987005711 0.012994265 0.000000000
2978 0.989061594 0.010938397 0.000000000
2979 0.000000023 1.000000000 0.000000000
2980 0.995088100 0.004911878 0.000000000
2981 0.985244095 0.014755929 0.000000000
2982 0.978298724 0.021701260 0.000000000
2983 0.984682977 0.015317023 0.000000000
2984 0.991815925 0.008184056 0.000000000
2985 0.965227425 0.034772579 0.000000000
2986 0.979022920 0.020977069 0.000000000
2987 0.978728890 0.021271121 0.000000000
2988 0.986369193 0.013630801 0.000000000
2989 0.965833366 0.034166608 0.000000000
2990 0.982172132 0.017827857 0.000000000
2991 0.989488959 0.010511052 0.000000000
2992 0.987738431 0.012261580 0.000000000
2993 0.000000000 1.000000000 0.000000000
2994 0.983842254 0.016157776 0.000000000
2995 0.872512221 0.127487808 0.000000000
2996 1.000000000 0.000000000 0.000000000
2997 1.000000000 0.000000000 0.000000000
2998 0.910290420 0.089709580 0.000000000
2999 0.941155255 0.058844734 0.000000000
3000 0.950303733 0.049696270 0.000000000
3001 1.000000000 0.000000000 0.000000000
3002 0.914235473 0.085764550 0.000000000
3003 0.998120129 0.001879889 0.000000000
3004 0.998811305 0.001188683 0.000000000
3005 0.997879207 0.002120822 0.000000000
3006 1.000000000 0.000000000 0.000000000
3007 0.000000085 0.999999940 0.000000000
3008 0.993654013 0.006346013 0.000000000
3009 0.996294022 0.003705971 0.000000000
3010 0.994801462 0.005198526 0.000000000
3011 0.996263683 0.003736316 0.000000000
3012 0.996182263 0.003817741 0.000000000
3013 0.996694744 0.003305279 0.000000000
3014 0.996829748 0.003170248 0.000000000
3015 0.994677067 0.005322959 0.000000000
3016 1.000000000 0.000000000 0.000000000
3017 1.000000000 0.000000000 0.000000000
3018 1.000000000 0.000000000 0.000000000
3019 1.000000000 0.000000000 0.000000000
3020 0.500000000 0.500000000 0.000000000
3021 0.000000000 1.000000000 0.000000000
3022 0.500000000 0.500000000 0.000000000
3023 1.000000000 0.000000000 0.000000000
3024 1.000000000 0.000000000 0.000000000
3025 0.000000000 1.000000000 0.000000000
3026 1.000000000 0.000000000 0.000000000
3027 0.500000000 0.500000000 0.000000000
3028 0.500000000 0.500000000 0.000000000
3029 0.000014193 0.999985814 0.000000000
3030 0.999402046 0.000597936 0.000000000
3031 0.000040880 0.999959111 0.000000000
3032 0.998835325 0.001164686 0.000000000
3033 0.000000000 1.000000000 0.000000000
3034 0.000000000 1.000000000 0.000000000
3035 0.000000000 1.000000000 0.000000000
3036 0.500000000 0.500000000 0.000000000
3037 0.000000000 1.000000000 0.000000000
3038 0.000000000 1.000000000 0.000000000
3039 0.000000000 1.000000000 0.000000000
3040 0.500000000 0.500000000 0.000000000
3041 0.500000000 0.500000000 0.000000000
3042 0.103106417 0.896893561 0.000000000
3043 0.651630163 0.348369867 0.000000000
3044 0.293591857 0.706408143 0.000000000
3045 0.053397443 0.946602583 0.000000000
3046 0.542060316 0.457939684 0.000000000
3047 0.000000000 1.000000000 0.000000000
3048 0.172362953 0.827637076 0.000000000
3049 0.000000000 1.000000000 0.000000000
3050 0.000000000 1.000000000 0.000000000
3051 0.505639017 0.494360983 0.000000000
3052 0.000000000 1.000000000 0.000000000
3053 0.235120758 0.764879227 0.000000000
3054 0.126224592 0.873775423 0.000000000
3055 0.000000000 1.000000000 0.000000000
3056 0.000000000 1.000000000 0.000000000
3057 0.000000000 1.000000000 0.000000000
3058 0.955066800 0.044933181 0.000000000
3059 0.953125834 0.046874162 0.000000000
3060 0.000000000 1.000000000 0.000000000
3061 0.000000000 1.000000000 0.000000000
3062 0.000000000 1.000000000 0.000000000
3063 0.000000000 1.000000000 0.000000000
3064 0.000000000 1.000000000 0.000000000
3065 0.000000000 1.000000000 0.000000000
3066 0.000000000 1.000000000 0.000000000
3067 0.000000000 1.000000000 0.000000000
3068 0.999768138 0.000231869 0.000000000
3069 0.923565567 0.076434419 0.000000000
3070 1.000000000 0.000000000 0.000000000
3071 0.610011399 0.389988631 0.000000000
3072 0.999047220 0.000952807 0.000000000
3073 0.997669458 0.002330535 0.000000000
3074 0.999863803 0.000136223 0.000000000
3075 0.999763668 0.000236342 0.000000000
3076 1.000000000 0.000000000 0.000000000
3077 0.000000149 0.999999821 0.000000000
3078 1.000000000 0.000000000 0.000000000
3079 0.894997656 0.105002336 0.000000000
3080 1.000000000 0.000000000 0.000000000
3081 0.615626514 0.384373456 0.000000000
3082 0.472189754 0.527810276 0.000000000
3083 0.434927046 0.565072954 0.000000000
3084 0.535211563 0.464788437 0.000000000
3085 0.731229603 0.268770397 0.000000000
3086 0.709267735 0.290732294 0.000000000
3087 0.692445755 0.307554215 0.000000000
3088 0.746440053 0.253559977 0.000000000
3089 0.730388999 0.269611001 0.000000000
3090 0.763054371 0.236945614 0.000000000
3091 0.000000000 1.000000000 0.000000000
3092 0.448870301 0.551129699 0.000000000
3093 0.384075612 0.615924358 0.000000000
3094 0.292265803 0.707734227 0.000000000
3095 0.228570670 0.771429360 0.000000000
3096 0.278329313 0.721670687 0.000000000
3097 0.299358696 0.700641334 0.000000000
3098 0.349534005 0.650466025 0.000000000
3099 0.360685319 0.639314711 0.000000000
3100 0.306547612 0.693452418 0.000000000
3101 0.403840244 0.596159756 0.000000000
3102 0.405920476 0.594079554 0.000000000
3103 0.483028978 0.516971052 0.000000000
3104 0.492222369 0.507777631 0.000000000
3105 0.000000000 1.000000000 0.000000000
3106 0.069857828 0.930142164 0.000000000
3107 0.000000000 1.000000000 0.000000000
3108 0.000000000 1.000000000 0.000000000
3109 0.000000000 1.000000000 0.000000000
3110 0.000000000 1.000000000 0.000000000
3111 0.000000000 1.000000000 0.000000000
3112 0.000000000 1.000000000 0.000000000
3113 0.000000000 1.000000000 0.000000000
3114 0.000000000 1.000000000 0.000000000
3115 0.000000000 1.000000000 0.000000000
3116 0.000000000 1.000000000 0.000000000
3117 0.013915450 0.986084521 0.000000000
3118 0.000000014 1.000000000 0.000000000
3119 0.000000000 1.000000000 0.000000000
3120 0.000000000 0.118911378 0.881088614
3121 0.000000000 0.000000000 1.000000000
3122 0.000000000 0.000000400 0.999999583
3123 0.000000000 0.000000000 1.000000000
3124 0.000000000 0.000000000 1.000000000
3125 0.000000000 0.005534119 0.994465888
3126 0.000000000 0.000001737 0.999998271
3127 0.000000000 0.000000000 1.000000000
3128 0.000000000 0.000000152 0.999999821
3129 0.000000000 0.000000000 1.000000000
3130 0.000000000 0.000000000 1.000000000
3131 0.000000000 0.000000000 1.000000000
3132 0.000000000 0.000000000 1.000000000
3133 0.000000000 0.000054757 0.999945223
3134 0.000000000 0.107258476 0.892741501
3135 0.000000000 0.019471740 0.980528235
3136 0.000000000 0.000633653 0.999366343
3137 0.000000000 0.000059722 0.999940276
3138 0.000000000 0.000059722 0.999940276
3139 0.000000000 0.002864392 0.997135580
3140 0.000000000 0.001009367 0.998990655
3141 0.000000000 0.046459235 0.953540742
3142 0.000000000 0.000059722 0.999940276
3143 0.000000000 0.000057508 0.999942482
3144 0.000000000 0.000059722 0.999940276
3145 0.000000000 0.000007811 0.999992192
3146 0.000000000 0.000000000 1.000000000
3147 0.000000000 0.018482795 0.981517196
3148 0.000000000 0.172504842 0.827495158
3149 0.000000000 0.034297418 0.965702593
3150 0.000000000 0.000000000 1.000000000
3151 0.000000000 0.026151648 0.973848343
3152 0.000000000 0.035197388 0.964802623
3153 0.000000000 0.000000000 1.000000000
3154 0.000000000 0.034297418 0.965702593
3155 0.000000000 0.000000000 1.000000000
3156 0.000000000 0.017369209 0.982630789
3157 0.000000000 0.048628069 0.951371908
3158 0.000000000 0.000000000 1.000000000
3159 0.000000000 0.000000000 1.000000000
3160 0.000000000 0.000000000 1.000000000
3161 0.000000000 0.000000000 1.000000000
3162 0.000000000 0.000000000 1.000000000
3163 0.000000000 0.173536852 0.826463163
3164 0.000000000 0.000000000 1.000000000
3165 0.000000000 0.000000000 1.000000000
3166 0.000000000 0.000000000 1.000000000
3167 0.000000000 0.000000000 1.000000000
3168 0.000000000 0.000000000 1.000000000
3169 0.000000000 0.000000000 1.000000000
3170 0.000000000 0.000000000 1.000000000
3171 0.000000000 0.000000000 1.000000000
3172 0.000000000 0.029663958 0.970336020
3173 0.000000000 0.205205813 0.794794202
3174 0.000000000 0.083256327 0.916743696
3175 0.000000000 0.088920303 0.911079705
3176 0.000000000 0.050656781 0.949343204
3177 0.000000000 0.126283824 0.873716176
3178 0.000000000 0.129311308 0.870688677
3179 0.000000000 0.246521249 0.753478765
3180 0.000000000 0.211639166 0.788360834
3181 0.000000000 0.028218303 0.971781671
3182 0.000000000 0.145841986 0.854158044
3183 0.000000000 0.205192879 0.794807136
3184 0.000000000 0.205182239 0.794817746
3185 0.000000000 0.000000000 1.000000000
3186 0.000000000 0.000000000 1.000000000
3187 0.000000000 0.000000000 1.000000000
3188 0.000000000 0.000000000 1.000000000
3189 0.000000000 0.000000000 1.000000000
3190 0.000000000 1.000000000 0.000000000
3191 0.000000000 1.000000000 0.000000000
3192 0.000000000 0.000000000 1.000000000
3193 0.000000000 0.000000000 1.000000000
3194 0.000000000 0.000000000 1.000000000
3195 0.000000000 0.000000000 1.000000000
3196 0.000000000 0.000000000 1.000000000
3197 0.000000000 0.000000000 1.000000000
3198 0.000000000 0.084705509 0.915294468
3199 0.000000000 0.092917189 0.907082796
3200 0.000000000 0.065889508 0.934110463
3201 0.000000000 0.071110882 0.928889096
3202 0.000000000 0.072940335 0.927059650
3203 0.000000000 0.046010364 0.953989625
3204 0.000000000 0.290687978 0.709312022
3205 0.000000000 0.094737582 0.905262411
3206 0.000000000 0.416439354 0.583560646
3207 0.000000000 0.093418598 0.906581402
3208 0.000000000 0.079857148 0.920142829
3209 0.000000000 0.097572833 0.902427137
3210 0.000000000 0.416305155 0.583694875
3211 0.000000000 0.493643343 0.506356657
3212 0.000000000 0.967636943 0.032363076
3213 0.000000000 0.457750648 0.542249322
3214 0.000000000 0.542554915 0.457445085
3215 0.000000000 0.458388805 0.541611195
3216 0.000000000 0.651475310 0.348524690
3217 0.000000000 0.580077529 0.419922441
3218 0.000000000 0.553413808 0.446586192
3219 0.000000000 0.971580267 0.028419709
3220 0.000000000 0.651475310 0.348524690
3221 0.000000000 0.155529127 0.844470859
3222 0.000000000 0.925443709 0.074556276
3223 0.000000000 0.966305494 0.033694480
3224 0.000000000 0.048141018 0.951858997
3225 0.000000000 0.892326713 0.107673272
3226 0.000000000 0.154348910 0.845651090
3227 0.000000000 0.871250033 0.128749982
3228 0.000000000 0.106716275 0.893283725
3229 0.000000000 0.186506301 0.813493729
3230 0.000000000 0.185080409 0.814919591
3231 0.000000000 0.150173187 0.849826813
3232 0.000000000 0.184055522 0.815944493
3233 0.000000000 0.106321163 0.893678844
3234 0.000000000 0.267526716 0.732473314
3235 0.000000000 0.249250412 0.750749588
3236 0.000000000 0.936438382 0.063561611
3237 0.000000000 0.927559674 0.072440341
3238 0.000000000 0.951253116 0.048746888
3239 0.000000000 0.937551379 0.062448628
3240 0.000000000 0.919282198 0.080717832
3241 0.000000000 0.923036397 0.076963611
3242 0.000000000 0.934411705 0.065588318
3243 0.000000000 0.944777369 0.055222627
3244 0.000000000 0.950546503 0.049453497
3245 0.000000000 0.967774630 0.032225356
3246 0.000000000 0.384307176 0.615692854
3247 0.000000000 0.878800571 0.121199451
3248 0.000000000 0.937798917 0.062201072
3249 0.000000000 0.951437771 0.048562210
3250 0.000000000 0.957282901 0.042717110
3251 0.000000000 0.981405973 0.018594004
3252 0.000000000 0.930095315 0.069904678
3253 0.000000000 0.951792121 0.048207868
3254 0.000000000 0.952969253 0.047030747
3255 0.000000000 0.953243673 0.046756357
3256 0.000000000 0.960302174 0.039697822
3257 0.000000000 0.972021043 0.027978940
3258 0.000000000 0.980705798 0.019294225
3259 0.000000000 0.960960209 0.039039765
3260 0.000000000 0.408932805 0.591067195
3261 0.000000000 0.909972847 0.090027146
3262 0.000000000 0.957138002 0.042862002
3263 0.000000000 0.903551340 0.096448667
3264 0.000000000 0.946314633 0.053685345
3265 0.000000000 0.902150154 0.097849846
3266 0.000000000 0.925488949 0.074511059
3267 0.000000000 0.886960506 0.113039516
3268 0.000000000 0.934297919 0.065702058
3269 0.000000000 0.918540299 0.081459709
3270 0.000000000 0.978334308 0.021665704
3271 0.000000000 0.981359422 0.018640570
3272 0.000000000 0.922631443 0.077368572
3273 0.000000000 0.916996717 0.083003283
3274 0.000000000 0.347355127 0.652644873
3275 0.000000000 0.723811507 0.276188523
3276 0.000000000 0.557901740 0.442098290
3277 0.000000000 0.559391022 0.440608948
3278 0.000000000 0.496104330 0.503895640
3279 0.000000000 0.467040271 0.532959759
3280 0.000000000 0.449300170 0.550699830
3281 0.000000000 0.462720990 0.537279010
3282 0.000000000 0.485584497 0.514415503
3283 0.000000000 0.541328311 0.458671719
3284 0.000000000 0.597144246 0.402855754
3285 0.000000000 0.494381845 0.505618155
3286 0.000000000 0.636622071 0.363377929
3287 0.000000000 0.550015032 0.449984968
3288 0.000000000 0.103623331 0.896376669
3289 0.000000000 0.000000000 1.000000000
3290 0.000000000 0.312751919 0.687248051
3291 0.000000000 0.218331695 0.781668305
3292 0.000000000 0.331556916 0.668443084
3293 0.000000000 0.293718040 0.706281960
3294 0.000000000 0.140324920 0.859675109
3295 0.000000000 0.205455318 0.794544697
3296 0.000000000 0.208497599 0.791502416
3297 0.000000000 0.249914452 0.750085533
3298 0.000000000 0.216599911 0.783400118
3299 0.000000000 0.307105124 0.692894876
3300 0.000000000 0.219377398 0.780622602
3301 0.000000000 0.331556916 0.668443084
3302 0.000000000 0.457374543 0.542625427
3303 0.000000000 0.000356914 0.999643087
3304 0.000000000 0.708508253 0.291491717
3305 0.000000000 0.724832773 0.275167227
3306 0.000000000 0.734999239 0.265000761
3307 0.000000000 0.441551119 0.558448851
3308 0.000000000 0.728832603 0.271167368
3309 0.000000000 0.731417894 0.268582106
3310 0.000000000 0.779812336 0.220187694
3311 0.000000000 0.394499183 0.605500817
3312 0.000000000 0.498039484 0.501960516
3313 0.000000000 0.654894829 0.345105201
3314 0.000000000 0.774962246 0.225037724
3315 0.000000000 0.351630569 0.648369431
3316 0.000000000 0.370502591 0.629497409
3317 0.000000000 0.000000000 1.000000000
3318 0.000000000 0.305766940 0.694233060
3319 0.000000000 0.318199098 0.681800902
3320 0.000000000 0.301460266 0.698539734
3321 0.000000000 0.366339326 0.633660674
3322 0.000000000 0.411417902 0.588582098
3323 0.000000000 0.404146850 0.595853150
3324 0.000000000 0.315678924 0.684321046
3325 0.000000000 0.272912383 0.727087617
3326 0.000000000 0.415336251 0.584663749
3327 0.000000000 0.445954323 0.554045677
3328 0.000000000 0.560434937 0.439565063
3329 0.000000000 0.586631417 0.413368583
3330 0.000000000 0.585303605 0.414696395
3331 0.000000000 0.000000000 1.000000000
3332 0.000000000 0.589266181 0.410733819
3333 0.000000000 0.659601867 0.340398163
3334 0.000000000 0.610164165 0.389835864
3335 0.000000000 0.609609425 0.390390545
3336 0.000000000 0.627038777 0.372961253
3337 0.000000000 0.650812209 0.349187791
3338 0.000000000 0.587790787 0.412209183
3339 0.000000000 0.727781057 0.272218972
3340 0.000000000 0.646933734 0.353066266
3341 0.000000000 0.456095606 0.543904424
3342 0.000000000 0.427026480 0.572973549
3343 0.000000000 0.327751607 0.672248423
3344 0.000000000 0.166608155 0.833391845
3345 0.000000000 0.000000000 1.000000000
3346 0.000000000 0.329183519 0.670816481
3347 0.000000000 0.418277383 0.581722617
3348 0.000000000 0.494216979 0.505783021
3349 0.000000000 0.463550299 0.536449671
3350 0.000000000 0.503386140 0.496613860
3351 0.000000000 0.650322795 0.349677175
3352 0.000000000 0.454556316 0.545443654
3353 0.000000000 0.630258739 0.369741261
3354 0.000000000 0.518541634 0.481458366
3355 0.000000000 0.547232747 0.452767283
3356 0.000000000 0.587546289 0.412453711
3357 0.000000000 0.584596932 0.415403038
3358 0.000000000 0.510055244 0.489944786
3359 0.000000000 0.000000000 1.000000000
3360 0.000000000 0.629081428 0.370918572
3361 0.000000000 0.659887493 0.340112537
3362 0.000000000 0.677731633 0.322268397
3363 0.000000000 0.840958416 0.159041554
3364 0.000000000 0.756378055 0.243621930
3365 0.000000000 0.692688942 0.307311058
3366 0.000000000 0.723392546 0.276607454
3367 0.000000000 0.756035447 0.243964523
3368 0.000000000 0.785484552 0.214515433
3369 0.000000000 0.837198973 0.162801012
3370 0.000000000 0.860748470 0.139251545
3371 0.000000000 0.807737350 0.192262664
3372 0.000000000 0.853597105 0.146402895
3373 0.000000000 0.000000000 1.000000000
3374 0.000000000 0.887041628 0.112958401
3375 0.000000000 0.822395265 0.177604750
3376 0.000000000 0.978098929 0.021901054
3377 0.000000000 0.859667718 0.140332311
3378 0.000000000 0.814448178 0.185551852
3379 0.000000000 0.920194447 0.079805531
3380 0.000000000 0.737295508 0.262704462
3381 0.000000000 0.717713594 0.282286376
3382 0.000000000 0.814404070 0.185595915
3383 0.000000000 0.760065615 0.239934385
3384 0.000000000 0.726495266 0.273504764
3385 0.000000000 0.761937022 0.238062993
3386 0.000000000 0.725007117 0.274992883
3387 0.000000000 0.000104366 0.999895632
3388 0.000000000 0.692459881 0.307540148
3389 0.000000000 0.861803830 0.138196170
3390 0.000000000 0.872781813 0.127218172
3391 0.000000000 0.702632964 0.297367036
3392 0.000000000 0.834522247 0.165477782
3393 0.000000000 0.647575855 0.352424145
3394 0.000000000 0.665381253 0.334618777
3395 0.000000000 0.828559697 0.171440303
3396 0.000000000 0.848288834 0.151711181
3397 0.000000000 0.643103898 0.356896132
3398 0.000000000 0.768126965 0.231873006
3399 0.000000000 0.855102539 0.144897461
3400 0.000000000 0.854805529 0.145194486
3401 0.000000000 0.000000000 1.000000000
3402 0.000000000 0.946495354 0.053504620
3403 0.000000000 0.883038580 0.116961390
3404 0.000000000 0.812230170 0.187769860
3405 0.000000000 0.888406277 0.111593731
3406 0.000000000 0.913923919 0.086076111
3407 0.000000000 0.910128713 0.089871310
3408 0.000000000 0.964836538 0.035163458
3409 0.000000000 0.949355900 0.050644118
3410 0.000000000 0.922638297 0.077361703
3411 0.000000000 0.864860415 0.135139599
3412 0.000000000 0.914416373 0.085583650
3413 0.000000000 0.931194365 0.068805620
3414 0.000000000 0.964853287 0.035146743
3415 0.000000000 0.000000000 1.000000000
3416 0.000000000 0.935729027 0.064270966
3417 0.000000000 0.805324972 0.194675013
3418 0.000000000 0.881144524 0.118855469
3419 0.000000000 0.918472648 0.081527367
3420 0.000000000 0.890716791 0.109283186
3421 0.000000000 0.930322826 0.069677204
3422 0.000000000 0.976145208 0.023854773
3423 0.000000000 0.952489555 0.047510445
3424 0.000000000 0.876619995 0.123380028
3425 0.000000000 0.930825591 0.069174431
3426 0.000000000 0.949186206 0.050813798
3427 0.000000000 0.981936097 0.018063918
3428 0.000000000 0.986324370 0.013675638
3429 0.000000000 0.001639521 0.998360455
3430 0.000000000 0.713746846 0.286253154
3431 0.000000000 0.585713685 0.414286286
3432 0.000000000 0.206583217 0.793416798
3433 0.000000000 0.231001541 0.768998444
3434 0.000000000 0.297453642 0.702546358
3435 0.000000000 0.233606949 0.766393065
3436 0.000000000 0.195565030 0.804434955
3437 0.000000000 0.176019937 0.823980093
3438 0.000000000 0.128754601 0.871245384
3439 0.000000000 0.248054132 0.751945853
3440 0.000000000 0.282046646 0.717953324
3441 0.000000000 0.511262834 0.488737166
3442 0.000000000 0.482291877 0.517708123
3443 0.000000000 0.000076422 0.999923587
3444 0.000000000 0.052974813 0.947025180
3445 0.000000000 0.000448456 0.999551535
3446 0.000000000 0.000448456 0.999551535
3447 0.000000000 0.000448456 0.999551535
3448 0.000000000 0.000448456 0.999551535
3449 0.000000000 0.000448456 0.999551535
3450 0.000000000 0.000448456 0.999551535
3451 0.000000000 0.000448456 0.999551535
3452 0.000000000 0.000448456 0.999551535
3453 0.000000000 0.000448456 0.999551535
3454 0.000000000 0.000448456 0.999551535
3455 0.000000000 0.000448456 0.999551535
3456 0.000000000 0.000448456 0.999551535
3457 0.000000000 0.000448456 0.999551535
3458 0.000000000 0.000000000 1.000000000
3459 1.000000000 0.000000000 0.000000000
3460 1.000000000 0.000000000 0.000000000
3461 1.000000000 0.000000000 0.000000000
3462 1.000000000 0.000000000 0.000000000
3463 0.934381187 0.000000000 0.065618813
3464 1.000000000 0.000000000 0.000000000
3465 1.000000000 0.000000000 0.000000000
3466 1.000000000 0.000000000 0.000000000
3467 1.000000000 0.000000000 0.000000000
3468 1.000000000 0.000000000 0.000000000
3469 1.000000000 0.000000000 0.000000000
3470 1.000000000 0.000000000 0.000000000
3471 1.000000000 0.000000000 0.000000000
3472 0.000001840 0.000222549 0.999775589
3473 1.000000000 0.000000000 0.000000000
3474 1.000000000 0.000000000 0.000000000
3475 1.000000000 0.000000000 0.000000000
3476 0.999577880 0.000000000 0.000422110
3477 0.997997820 0.000000000 0.002002196
3478 1.000000000 0.000000000 0.000000000
3479 1.000000000 0.000000000 0.000000000
3480 1.000000000 0.000000000 0.000000000
3481 1.000000000 0.000000000 0.000000000
3482 1.000000000 0.000000000 0.000000000
3483 0.999504387 0.000000000 0.000495621
3484 1.000000000 0.000000000 0.000000000
3485 0.959711850 0.000000000 0.040288147
3486 0.000000000 0.000000000 1.000000000
3487 0.956232429 0.000000000 0.043767598
3488 0.936612308 0.000000000 0.063387670
3489 0.910337508 0.000000000 0.089662515
3490 0.966184795 0.000000000 0.033815194
3491 0.934033334 0.000000000 0.065966688
3492 0.933071733 0.000000000 0.066928260
3493 1.000000000 0.000000000 0.000000000
3494 1.000000000 0.000000000 0.000000000
3495 0.993301034 0.000000000 0.006698967
3496 1.000000000 0.000000000 0.000000000
3497 1.000000000 0.000000000 0.000000000
3498 1.000000000 0.000000000 0.000000000
3499 1.000000000 0.000000000 0.000000000
3500 0.000000000 0.000000000 1.000000000
3501 1.000000000 0.000000000 0.000000000
3502 0.994518876 0.005481123 0.000000000
3503 0.976700306 0.023299716 0.000000000
3504 0.959366083 0.018912228 0.021721715
3505 0.988952279 0.000000000 0.011047713
3506 0.993576527 0.006423469 0.000000000
3507 1.000000000 0.000000000 0.000000000
3508 0.991734564 0.008265407 0.000000000
3509 0.968621254 0.031378746 0.000000000
3510 1.000000000 0.000000000 0.000000000
3511 0.999415219 0.000584793 0.000000000
3512 1.000000000 0.000000000 0.000000000
3513 0.870964766 0.129035234 0.000000000
3514 0.000000000 0.000000000 1.000000000
3515 0.870964766 0.129035234 0.000000000
3516 1.000000000 0.000000000 0.000000000
3517 0.994207919 0.005792052 0.000000000
3518 0.994207919 0.005792052 0.000000000
3519 1.000000000 0.000000000 0.000000000
3520 1.000000000 0.000000000 0.000000000
3521 0.990622759 0.009377236 0.000000000
3522 0.933219969 0.066780038 0.000000000
3523 0.909001529 0.003102677 0.087895796
3524 0.907591760 0.005670123 0.086738110
3525 0.952119708 0.000434656 0.047445618
3526 0.908047795 0.034413654 0.057538562
3527 0.961570442 0.000844646 0.037584938
3528 0.000000000 0.000000000 1.000000000
3529 0.851166844 0.070868045 0.077965118
3530 0.846254230 0.026151799 0.127593979
3531 0.847905815 0.043191079 0.108903088
3532 0.964371502 0.035193831 0.000434682
3533 0.925012171 0.073161110 0.001826707
3534 0.945725203 0.040729601 0.013545212
3535 0.857324123 0.140840814 0.001835041
3536 0.925688624 0.017274112 0.057037260
3537 0.934753478 0.009541455 0.055705048
3538 0.941792130 0.003039461 0.055168413
3539 0.926061213 0.024442753 0.049496036
3540 0.988707960 0.005272956 0.006019071
3541 0.921957612 0.023873085 0.054169301
3542 0.000000000 0.000441537 0.999558449
3543 0.866802335 0.050334834 0.082862854
3544 0.878944755 0.046749271 0.074305952
3545 0.957265079 0.040654413 0.002080523
3546 0.923154235 0.063642256 0.013203528
3547 0.930845261 0.050360739 0.018793980
3548 0.924025893 0.070014514 0.005959591
3549 0.812835693 0.149860546 0.037303757
3550 0.847805977 0.125406787 0.026787259
3551 0.812134564 0.172063038 0.015802396
3552 0.782377481 0.156565920 0.061056610
3553 0.854544878 0.101917282 0.043537848
3554 0.716030836 0.225996152 0.057973031
3555 0.741668463 0.200181648 0.058149897
3556 0.000000000 0.000066727 0.999933302
3557 0.643986523 0.290827930 0.065185584
3558 0.761017263 0.235074058 0.003908687
3559 0.803571284 0.190867066 0.005561647
3560 0.777125716 0.209312558 0.013561707
3561 0.628557622 0.365825802 0.005616600
3562 0.837087750 0.080859482 0.082052782
3563 0.828573465 0.090035938 0.081390582
3564 0.837639630 0.086117752 0.076242626
3565 0.841706991 0.101126641 0.057166371
3566 0.869852066 0.086982697 0.043165218
3567 0.759220183 0.142380282 0.098399557
3568 0.781888545 0.123685576 0.094425909
3569 0.705854475 0.187402368 0.106743127
3570 0.000000000 0.000000000 1.000000000
3571 0.753986180 0.215030059 0.030983748
3572 0.808024287 0.161066219 0.030909514
3573 0.706605852 0.243693620 0.049700532
3574 0.697603762 0.264673382 0.037722863
3575 0.544042885 0.453246385 0.002710696
3576 0.677171946 0.314761877 0.008066169
3577 0.627855897 0.368831456 0.003312633
3578 0.603558362 0.388812423 0.007629218
3579 0.718451977 0.279511184 0.002036850
3580 0.485839516 0.510562360 0.003598136
3581 0.586797774 0.401618212 0.011584027
3582 0.650381088 0.329927057 0.019691866
3583 0.634243846 0.357906282 0.007849878
3584 0.000000000 0.000813973 0.999186039
3585 0.584101677 0.407226205 0.008672128
3586 0.513003826 0.474700630 0.012295575
3587 0.442020416 0.545658588 0.012320988
3588 0.196598634 0.794733346 0.008668052
3589 0.192291543 0.799876332 0.007832096
3590 0.186991781 0.798948944 0.014059301
3591 0.168521747 0.819273114 0.012205157
3592 0.220311910 0.770395279 0.009292814
3593 0.211013407 0.770596802 0.018389815
3594 0.162147775 0.821819603 0.016032642
3595 0.256306112 0.718801916 0.024891974
3596 0.273772031 0.716446579 0.009781392
3597 0.296097279 0.699299753 0.004602951
3598 0.000000000 0.001174013 0.998825967
3599 0.113894910 0.865228772 0.020876296
3600 0.076883033 0.902570009 0.020546958
3601 0.027402401 0.902994633 0.069602989
3602 0.000000000 0.910654128 0.089345880
3603 0.000000000 0.907852650 0.092147321
3604 0.000000000 0.901491523 0.098508455
3605 0.000000000 0.916161299 0.083838686
3606 0.000000000 0.921750784 0.078249209
3607 0.000000000 0.919406950 0.080593064
3608 0.000000000 0.869598985 0.130401000
3609 0.000000000 0.927019179 0.072980814
3610 0.000000000 0.943224728 0.056775264
3611 0.012164003 0.941360772 0.046475243
3612 0.000000000 0.000113587 0.999886394
3613 0.000000000 0.894522250 0.105477743
3614 0.000000000 0.119814485 0.880185485
3615 0.000000000 0.202577621 0.797422409
3616 0.000000000 0.186299384 0.813700616
3617 0.000000000 0.134725854 0.865274131
3618 0.000000000 0.111548960 0.888451040
3619 0.000000000 0.047249947 0.952750027
3620 0.000000000 0.260751843 0.739248157
3621 0.000000000 0.291134238 0.708865762
3622 0.000000000 0.278847665 0.721152365
3623 0.000000000 0.403118014 0.596881986
3624 0.000000000 0.478150070 0.521849930
3625 0.000000000 0.488850921 0.511149108
3626 0.000000000 0.000109996 0.999890029
3627 0.000000000 0.000000000 1.000000000
3628 0.333333343 0.333333343 0.333333343
3629 0.114400558 0.027763246 0.857836187
3630 0.333333343 0.333333343 0.333333343
3631 0.333333343 0.333333343 0.333333343
3632 1.000000000 0.000000000 0.000000000
3633 0.000000000 0.000000000 1.000000000
3634 0.333333343 0.333333343 0.333333343
3635 0.000000000 0.000000000 1.000000000
3636 0.333333343 0.333333343 0.333333343
3637 0.333333343 0.333333343 0.333333343
3638 0.333333343 0.333333343 0.333333343
3639 0.333333343 0.333333343 0.333333343
3640 0.711097658 0.288902372 0.000000000
3641 0.000000000 0.000000000 1.000000000
3642 0.999211431 0.000788545 0.000000000
3643 1.000000000 0.000000000 0.000000000
3644 0.991504490 0.008495509 0.000000000
3645 0.640351474 0.359648496 0.000000000
3646 0.992879748 0.007039103 0.000081161
3647 0.979552865 0.020447131 0.000000000
3648 0.999667704 0.000332286 0.000000000
3649 0.681055367 0.318944663 0.000000000
3650 0.534445524 0.382578582 0.082975879
3651 0.627766609 0.369759589 0.002473812
3652 0.688102603 0.311897397 0.000000000
3653 0.333333343 0.333333343 0.333333343
3654 1.000000000 0.000000000 0.000000000
3655 0.000000000 0.000000000 1.000000000
3656 1.000000000 0.000000000 0.000000000
3657 0.333333343 0.333333343 0.333333343
3658 1.000000000 0.000000000 0.000000000
3659 1.000000000 0.000000000 0.000000000
3660 0.333333343 0.333333343 0.333333343
3661 1.000000000 0.000000000 0.000000000
3662 0.333333343 0.333333343 0.333333343
3663 1.000000000 0.000000000 0.000000000
3664 1.000000000 0.000000000 0.000000000
3665 0.333333343 0.333333343 0.333333343
3666 0.333333343 0.333333343 0.333333343
3667 0.333333343 0.333333343 0.333333343
3668 0.333333343 0.333333343 0.333333343
3669 0.333333343 0.333333343 0.333333343
3670 0.000000000 0.000000000 1.000000000
3671 0.333333343 0.333333343 0.333333343
3672 0.333333343 0.333333343 0.333333343
3673 0.333333343 0.333333343 0.333333343
3674 0.333333343 0.333333343 0.333333343
3675 0.333333343 0.333333343 0.333333343
3676 0.333333343 0.333333343 0.333333343
3677 0.333333343 0.333333343 0.333333343
3678 0.333333343 0.333333343 0.333333343
3679 0.996488810 0.003467274 0.000043941
3680 0.436950296 0.000427897 0.562621832
3681 0.998849690 0.001150312 0.000000000
3682 0.996857584 0.003142407 0.000000000
3683 0.000000000 0.000000000 1.000000000
3684 0.084784955 0.000983684 0.914231360
3685 0.106332898 0.000791136 0.892875969
3686 0.531170189 0.000474731 0.468355060
3687 0.454039931 0.000480704 0.545479357
3688 0.995475173 0.004245117 0.000279698
3689 0.207245320 0.000804866 0.791949809
3690 0.436799794 0.000538433 0.562661767
3691 0.436897933 0.000458420 0.562643647
3692 0.333333343 0.333333343 0.333333343
3693 0.333333343 0.333333343 0.333333343
3694 0.333333343 0.333333343 0.333333343
3695 0.333333343 0.333333343 0.333333343
3696 0.333333343 0.333333343 0.333333343
3697 0.000000000 0.000000000 1.000000000
3698 0.000000000 0.000000000 1.000000000
3699 0.333333343 0.333333343 0.333333343
3700 0.333333343 0.333333343 0.333333343
3701 0.333333343 0.333333343 0.333333343
3702 0.333333343 0.333333343 0.333333343
3703 0.333333343 0.333333343 0.333333343
3704 0.333333343 0.333333343 0.333333343
3705 1.000000000 0.000000000 0.000000000
3706 0.994625747 0.000213419 0.005160836
3707 0.913987339 0.086012661 0.000000000
3708 0.997719407 0.002280576 0.000000000
3709 1.000000000 0.000000000 0.000000000
3710 0.963730216 0.036269780 0.000000000
3711 0.000000000 0.000000000 1.000000000
3712 0.977101266 0.010415686 0.012483055
3713 0.993907273 0.000000000 0.006092746
3714 0.994713008 0.005287016 0.000000000
3715 0.930372655 0.065898947 0.003728387
3716 1.000000000 0.000000000 0.000000000
3717 1.000000000 0.000000000 0.000000000
3718 0.782402873 0.000000000 0.217597112
3719 0.724505424 0.084755063 0.190739512
3720 0.687776685 0.000000000 0.312223315
3721 0.673484921 0.115815498 0.210699588
3722 0.686819196 0.116587296 0.196593523
3723 0.778748512 0.146237120 0.075014368
3724 0.542738140 0.134391204 0.322870642
3725 0.000000000 0.013596634 0.986403346
3726 0.721564829 0.120312639 0.158122510
3727 0.592851281 0.407148719 0.000000000
3728 0.000000000 0.464921713 0.535078287
3729 0.757537365 0.140209809 0.102252819
3730 0.725503683 0.078240946 0.196255386
3731 1.000000000 0.000000000 0.000000000
3732 0.942567050 0.056133449 0.001299507
3733 0.862778783 0.137221232 0.000000000
3734 0.906350315 0.093649715 0.000000000
3735 0.235427633 0.764572382 0.000000000
3736 0.961913288 0.038086712 0.000000000
3737 0.929090798 0.031695154 0.039214052
3738 0.834254563 0.159338191 0.006407229
3739 0.000000000 0.035167929 0.964832067
3740 0.878182113 0.121817902 0.000000000
3741 0.775031030 0.212749392 0.012219557
3742 0.917210877 0.082789153 0.000000000
3743 0.966460705 0.033539314 0.000000000
3744 0.773169518 0.167541131 0.059289340
3745 0.806396782 0.176634669 0.016968546
3746 0.819705665 0.141635373 0.038658984
3747 0.789168537 0.192883492 0.017947983
3748 0.787251651 0.170425430 0.042322911
3749 0.803116679 0.184281185 0.012602150
3750 0.845793247 0.126026660 0.028180061
3751 0.814461350 0.164640412 0.020898229
3752 0.856025100 0.132772997 0.011201880
3753 0.000000000 0.000000000 1.000000000
3754 0.760461986 0.220887884 0.018650156
3755 0.729286730 0.223998472 0.046714809
3756 0.794638693 0.173653841 0.031707484
3757 0.470865071 0.507192135 0.021942819
3758 0.479370117 0.502734065 0.017895799
3759 0.426783204 0.519836128 0.053380672
3760 0.410045415 0.561227083 0.028727515
3761 0.460120291 0.514403760 0.025475951
3762 0.446961969 0.527111709 0.025926312
3763 0.525401711 0.437856674 0.036741611
3764 0.503698826 0.470571429 0.025729729
3765 0.481090963 0.500762582 0.018146437
3766 0.529155552 0.469596863 0.001247618
3767 0.000000000 0.000000000 1.000000000
3768 0.210975423 0.748178184 0.040846381
3769 0.302911431 0.638595581 0.058493007
3770 0.000000000 0.933485448 0.066514567
3771 0.000000000 0.952175975 0.047824051
3772 0.000000000 0.899432898 0.100567102
3773 0.000000000 0.941720188 0.058279805
3774 0.000000000 0.979095519 0.020904485
3775 0.042119734 0.932027519 0.025852736
3776 0.000000000 0.962081075 0.037918895
3777 0.000000000 0.956420958 0.043579035
3778 0.000000000 0.965789378 0.034210596
3779 0.003750583 0.982432783 0.013816616
3780 0.097995654 0.892944694 0.009059666
3781 0.000000000 0.000000000 1.000000000
3782 0.000000000 0.948357046 0.051642966
3783 0.000000000 0.033444360 0.966555655
3784 0.000000000 0.161267281 0.838732719
3785 0.000000000 0.104739405 0.895260572
3786 0.000000000 0.062677905 0.937322080
3787 0.000000000 0.170480266 0.829519749
3788 0.000000000 0.036986440 0.963013589
3789 0.000000000 0.049858540 0.950141430
3790 0.000000000 0.307433337 0.692566633
3791 0.000000000 0.174899176 0.825100839
3792 0.000000000 0.176223442 0.823776543
3793 0.000000000 0.535818279 0.464181721
3794 0.000000000 0.353050441 0.646949589
3795 0.000000000 0.000000000 1.000000000
3796 0.000000000 1.000000000 0.000000000
3797 0.999993861 0.000006140 0.000000000
3798 0.999992967 0.000007021 0.000000000
3799 0.999992549 0.000007421 0.000000000
3800 1.000000000 0.000000000 0.000000000
3801 0.999992549 0.000007463 0.000000000
3802 1.000000000 0.000000000 0.000000000
3803 0.999992549 0.000007421 0.000000000
3804 0.999259830 0.000740178 0.000000000
3805 0.999992549 0.000007421 0.000000000
3806 1.000000000 0.000000000 0.000000000
3807 1.000000000 0.000000000 0.000000000
3808 1.000000000 0.000000000 0.000000000
3809 1.000000000 0.000000000 0.000000000
3810 0.000000000 1.000000000 0.000000000
3811 0.987129509 0.012870515 0.000000000
3812 1.000000000 0.000000000 0.000000000
3813 1.000000000 0.000000000 0.000000000
3814 0.987379372 0.012620657 0.000000000
3815 1.000000000 0.000000000 0.000000000
3816 1.000000000 0.000000000 0.000000000
3817 1.000000000 0.000000000 0.000000000
3818 1.000000000 0.000000000 0.000000000
3819 0.987379372 0.012620629 0.000000000
3820 1.000000000 0.000000000 0.000000000
3821 1.000000000 0.000000000 0.000000000
3822 1.000000000 0.000000000 0.000000000
3823 0.974801481 0.025198534 0.000000000
3824 0.000000000 1.000000000 0.000000000
3825 0.987194419 0.012805596 0.000000000
3826 0.975267231 0.024732795 0.000000000
3827 0.974603057 0.025396967 0.000000000
3828 0.974364936 0.025635082 0.000000000
3829 0.975267231 0.024732795 0.000000000
3830 0.974388838 0.025611192 0.000000000
3831 0.975267231 0.024732795 0.000000000
3832 0.974830031 0.025169976 0.000000000
3833 0.974003017 0.025996976 0.000000000
3834 0.975267231 0.024732795 0.000000000
3835 1.000000000 0.000000000 0.000000000
3836 0.000000000 1.000000000 0.000000000
3837 0.000000000 1.000000000 0.000000000
3838 0.000000000 1.000000000 0.000000000
3839 1.000000000 0.000000000 0.000000000
3840 0.000000000 1.000000000 0.000000000
3841 0.000000000 1.000000000 0.000000000
3842 1.000000000 0.000000000 0.000000000
3843 0.858615816 0.141384169 0.000000000
3844 1.000000000 0.000000000 0.000000000
3845 0.000000000 1.000000000 0.000000000
3846 1.000000000 0.000000000 0.000000000
3847 0.000000000 1.000000000 0.000000000
3848 0.975847661 0.024152368 0.000000000
3849 0.970513225 0.029486770 0.000000000
3850 0.974435687 0.025564304 0.000000000
3851 1.000000000 0.000000000 0.000000000
3852 0.000000000 1.000000000 0.000000000
3853 0.973176718 0.026823256 0.000000000
3854 0.973078489 0.026921494 0.000000000
3855 0.968890786 0.031109191 0.000000000
3856 0.970272601 0.029727394 0.000000000
3857 1.000000000 0.000000000 0.000000000
3858 0.972554982 0.027445009 0.000000000
3859 0.970513701 0.029486289 0.000000000
3860 0.970514119 0.029485894 0.000000000
3861 0.000000000 1.000000000 0.000000000
3862 0.000000000 1.000000000 0.000000000
3863 0.000000000 1.000000000 0.000000000
3864 0.000000000 1.000000000 0.000000000
3865 0.000000000 1.000000000 0.000000000
3866 0.500000000 0.500000000 0.000000000
3867 0.500000000 0.500000000 0.000000000
3868 0.000000000 1.000000000 0.000000000
3869 0.000000000 1.000000000 0.000000000
3870 0.000000000 1.000000000 0.000000000
3871 0.000000000 1.000000000 0.000000000
3872 0.000000000 1.000000000 0.000000000
3873 0.000000000 1.000000000 0.000000000
3874 0.972701311 0.027298704 0.000000000
3875 0.973036706 0.026963299 0.000000000
3876 0.973251164 0.026748819 0.000000000
3877 0.973100841 0.026899178 0.000000000
3878 0.973047733 0.026952261 0.000000000
3879 0.973808587 0.026191430 0.000000000
3880 0.000000000 1.000000000 0.000000000
3881 0.973705173 0.026294850 0.000000000
3882 0.961530805 0.038469169 0.000000000
3883 0.972438931 0.027561070 0.000000000
3884 0.972845137 0.027154863 0.000000000
3885 0.972312033 0.027687944 0.000000000
3886 0.971461833 0.028538145 0.000000000
3887 0.933457017 0.066542976 0.000000000
3888 0.013706290 0.986293733 0.000000000
3889 0.937861681 0.062138349 0.000000000
3890 0.844315469 0.155684516 0.000000000
3891 0.713109314 0.286890715 0.000000000
3892 0.903322577 0.096677445 0.000000000
3893 0.919760227 0.080239765 0.000000000
3894 0.000000000 1.000000000 0.000000000
3895 0.000000000 1.000000000 0.000000000
3896 0.903322577 0.096677445 0.000000000
3897 0.960099876 0.039900109 0.000000000
3898 0.548066497 0.451933473 0.000000000
3899 0.333333343 0.666666687 0.000000000
3900 0.874424100 0.125575885 0.000000000
3901 0.754358649 0.245641336 0.000000000
3902 0.957725644 0.042274345 0.000000000
3903 0.705334127 0.294665843 0.000000000
3904 0.957529485 0.042470518 0.000000000
3905 0.975830257 0.024169728 0.000000000
3906 0.984778643 0.015221342 0.000000000
3907 0.976863623 0.023136387 0.000000000
3908 0.000000000 1.000000000 0.000000000
3909 0.919281900 0.080718122 0.000000000
3910 0.973156810 0.026843194 0.000000000
3911 0.949466228 0.050533790 0.000000000
3912 0.000000000 1.000000000 0.000000000
3913 0.889845669 0.110154338 0.000000000
3914 0.878548563 0.121451415 0.000000000
3915 0.812796116 0.187203884 0.000000000
3916 0.946376026 0.053623956 0.000000000
3917 0.603724599 0.396275371 0.000000000
3918 0.965212941 0.034787081 0.000000000
3919 0.997289777 0.002710206 0.000000000
3920 0.898114562 0.101885468 0.000000000
3921 0.948436618 0.051563401 0.000000000
3922 0.000000000 1.000000000 0.000000000
3923 0.941488564 0.058511458 0.000000000
3924 0.974963725 0.025036290 0.000000000
3925 0.946926713 0.053073298 0.000000000
3926 0.185756654 0.814243376 0.000000000
3927 0.088282593 0.911717415 0.000000000
3928 0.657478571 0.342521429 0.000000000
3929 0.366694957 0.633305073 0.000000000
3930 0.577248096 0.422751904 0.000000000
3931 0.393844575 0.606155455 0.000000000
3932 0.520799935 0.479200035 0.000000000
3933 0.032301448 0.967698574 0.000000000
3934 0.176858366 0.823141634 0.000000000
3935 0.336188614 0.663811386 0.000000000
3936 0.000000000 1.000000000 0.000000000
3937 0.640562773 0.359437197 0.000000000
3938 0.686051846 0.313948184 0.000000000
3939 0.017207505 0.982792497 0.000000000
3940 0.000000000 1.000000000 0.000000000
3941 0.000000000 1.000000000 0.000000000
3942 0.113763534 0.886236489 0.000000000
3943 0.000000000 1.000000000 0.000000000
3944 0.000000000 1.000000000 0.000000000
3945 0.000000000 1.000000000 0.000000000
3946 0.000000000 1.000000000 0.000000000
3947 0.045082729 0.954917252 0.000000000
3948 0.291996658 0.708003342 0.000000000
3949 0.345647901 0.654352129 0.000000000
3950 0.000000000 1.000000000 0.000000000
3951 0.371800482 0.628199518 0.000000000
3952 0.000000000 1.000000000 0.000000000
3953 0.000000000 1.000000000 0.000000000
3954 0.000000000 1.000000000 0.000000000
3955 0.000000000 1.000000000 0.000000000
3956 0.000000000 1.000000000 0.000000000
3957 0.000000000 1.000000000 0.000000000
3958 0.000000000 1.000000000 0.000000000
3959 0.000000000 1.000000000 0.000000000
3960 0.000000000 1.000000000 0.000000000
3961 0.000000000 1.000000000 0.000000000
3962 0.000000000 1.000000000 0.000000000
3963 0.000000000 1.000000000 0.000000000
3964 0.000000000 1.000000000 0.000000000
3965 0.000000000 1.000000000 0.000000000
3966 1.000000000 0.000000000 0.000000000
3967 1.000000000 0.000000000 0.000000000
3968 1.000000000 0.000000000 0.000000000
3969 1.000000000 0.000000000 0.000000000
3970 1.000000000 0.000000000 0.000000000
3971 1.000000000 0.000000000 0.000000000
3972 1.000000000 0.000000000 0.000000000
3973 1.000000000 0.000000000 0.000000000
3974 1.000000000 0.000000000 0.000000000
3975 1.000000000 0.000000000 0.000000000
3976 1.000000000 0.000000000 0.000000000
3977 1.000000000 0.000000000 0.000000000
3978 1.000000000 0.000000000 0.000000000
3979 0.000138756 0.999861240 0.000000000
3980 0.986881196 0.013118823 0.000000000
3981 1.000000000 0.000000000 0.000000000
3982 1.000000000 0.000000000 0.000000000
3983 1.000000000 0.000000000 0.000000000
3984 1.000000000 0.000000000 0.000000000
3985 1.000000000 0.000000000 0.000000000
3986 1.000000000 0.000000000 0.000000000
3987 1.000000000 0.000000000 0.000000000
3988 1.000000000 0.000000000 0.000000000
3989 1.000000000 0.000000000 0.000000000
3990 1.000000000 0.000000000 0.000000000
3991 1.000000000 0.000000000 0.000000000
3992 1.000000000 0.000000000 0.000000000
3993 0.000000000 1.000000000 0.000000000
3994 1.000000000 0.000000000 0.000000000
3995 0.990721643 0.009278352 0.000000000
3996 1.000000000 0.000000000 0.000000000
3997 1.000000000 0.000000000 0.000000000
3998 1.000000000 0.000000000 0.000000000
3999 1.000000000 0.000000000 0.000000000
4000 0.993143797 0.006856205 0.000000000
4001 0.997778296 0.002221713 0.000000000
4002 1.000000000 0.000000000 0.000000000
4003 1.000000000 0.000000000 0.000000000
4004 1.000000000 0.000000000 0.000000000
4005 1.000000000 0.000000000 0.000000000
4006 0.950704038 0.049295962 0.000000000
4007 0.000000000 1.000000000 0.000000000
4008 0.936498106 0.063501872 0.000000000
4009 1.000000000 0.000000000 0.000000000
4010 1.000000000 0.000000000 0.000000000
4011 1.000000000 0.000000000 0.000000000
4012 1.000000000 0.000000000 0.000000000
4013 0.936506867 0.063493125 0.000000000
4014 1.000000000 0.000000000 0.000000000
4015 1.000000000 0.000000000 0.000000000
4016 1.000000000 0.000000000 0.000000000
4017 1.000000000 0.000000000 0.000000000
4018 1.000000000 0.000000000 0.000000000
4019 0.994867027 0.005132949 0.000000000
4020 1.000000000 0.000000000 0.000000000
4021 0.000000000 1.000000000 0.000000000
4022 0.983970404 0.016029624 0.000000000
4023 1.000000000 0.000000000 0.000000000
4024 0.997665405 0.002334622 0.000000000
4025 1.000000000 0.000000000 0.000000000
4026 0.978347480 0.021652509 0.000000000
4027 0.991491437 0.008508538 0.000000000
4028 1.000000000 0.000000000 0.000000000
4029 1.000000000 0.000000000 0.000000000
4030 1.000000000 0.000000000 0.000000000
4031 1.000000000 0.000000000 0.000000000
4032 0.989842236 0.010157770 0.000000000
4033 0.998419821 0.001580185 0.000000000
4034 0.998133838 0.001866174 0.000000000
4035 0.000000000 1.000000000 0.000000000
4036 0.941487849 0.058512177 0.000000000
4037 0.996499121 0.003500887 0.000000000
4038 0.995778441 0.004221555 0.000000000
4039 0.975210071 0.024789939 0.000000000
4040 0.987646759 0.012353235 0.000000000
4041 0.996505797 0.003494175 0.000000000
4042 0.944438279 0.055561695 0.000000000
4043 0.946623623 0.053376399 0.000000000
4044 0.974590361 0.025409615 0.000000000
4045 0.934227586 0.065772384 0.000000000
4046 0.948914230 0.051085778 0.000000000
4047 0.938896477 0.061103515 0.000000000
4048 0.928919315 0.071080662 0.000000000
4049 0.000000000 1.000000000 0.000000000
4050 0.897799790 0.102200225 0.000000000
4051 0.893739700 0.106260307 0.000000000
4052 0.105009489 0.894990504 0.000000000
4053 0.910087824 0.089912161 0.000000000
4054 0.928800941 0.071199037 0.000000000
4055 0.866844296 0.133155704 0.000000000
4056 0.966451943 0.033548042 0.000000000
4057 0.958978534 0.041021440 0.000000000
4058 0.951037705 0.048962310 0.000000000
4059 0.967584312 0.032415710 0.000000000
4060 0.977392912 0.022607064 0.000000000
4061 0.952745438 0.047254592 0.000000000
4062 0.908460736 0.091539249 0.000000000
4063 0.000000391 0.999999583 0.000000000
4064 0.806578100 0.193421885 0.000000000
4065 0.876331806 0.123668194 0.000000000
4066 0.907377720 0.092622310 0.000000000
4067 0.840160072 0.159839913 0.000000000
4068 0.723599911 0.276400119 0.000000000
4069 0.906789184 0.093210839 0.000000000
4070 0.902700663 0.097299315 0.000000000
4071 0.820123613 0.179876357 0.000000000
4072 0.772670448 0.227329567 0.000000000
4073 0.916151583 0.083848432 0.000000000
4074 0.855751812 0.144248173 0.000000000
4075 0.784052014 0.215948015 0.000000000
4076 0.740116358 0.259883612 0.000000000
4077 0.000000000 1.000000000 0.000000000
4078 0.013822396 0.986177623 0.000000000
4079 0.725358486 0.274641484 0.000000000
4080 0.793723404 0.206276596 0.000000000
4081 0.668031275 0.331968755 0.000000000
4082 0.882989943 0.117010064 0.000000000
4083 0.852085292 0.147914693 0.000000000
4084 0.715246677 0.284753323 0.000000000
4085 0.720817804 0.279182166 0.000000000
4086 0.879754782 0.120245233 0.000000000
4087 0.693335056 0.306664973 0.000000000
4088 0.873833895 0.126166120 0.000000000
4089 0.840987802 0.159012198 0.000000000
4090 0.737582386 0.262417614 0.000000000
4091 0.000000000 1.000000000 0.000000000
4092 0.808547914 0.191452086 0.000000000
4093 0.898588955 0.101411074 0.000000000
4094 0.577473581 0.422526389 0.000000000
4095 0.767546952 0.232453033 0.000000000
4096 0.896786273 0.103213750 0.000000000
4097 0.745177567 0.254822403 0.000000000
4098 0.441554427 0.558445573 0.000000000
4099 0.763832271 0.236167699 0.000000000
4100 0.321888238 0.678111792 0.000000000
4101 0.830235183 0.169764847 0.000000000
4102 0.499666721 0.500333309 0.000000000
4103 0.364540935 0.635459065 0.000000000
4104 0.070866935 0.929133058 0.000000000
4105 0.000000000 1.000000000 0.000000000
4106 0.442856729 0.557143271 0.000000000
4107 0.076561324 0.923438668 0.000000000
4108 0.330919772 0.669080198 0.000000000
4109 0.242872819 0.757127166 0.000000000
4110 0.294256806 0.705743194 0.000000000
4111 0.283998877 0.716001153 0.000000000
4112 0.206998825 0.793001175 0.000000000
4113 0.326999575 0.673000455 0.000000000
4114 0.264338255 0.735661745 0.000000000
4115 0.376572818 0.623427153 0.000000000
4116 0.345971316 0.654028714 0.000000000
4117 0.435702443 0.564297557 0.000000000
4118 0.496440649 0.503559351 0.000000000
4119 0.000000000 1.000000000 0.000000000
4120 0.129667968 0.870332003 0.000000000
4121 0.000000000 1.000000000 0.000000000
4122 0.000000000 1.000000000 0.000000000
4123 0.000000000 1.000000000 0.000000000
4124 0.000000000 1.000000000 0.000000000
4125 0.000000000 1.000000000 0.000000000
4126 0.000000000 1.000000000 0.000000000
4127 0.000000000 1.000000000 0.000000000
4128 0.000000000 1.000000000 0.000000000
4129 0.000000000 1.000000000 0.000000000
4130 0.000000000 1.000000000 0.000000000
4131 0.000000000 1.000000000 0.000000000
4132 0.000000000 1.000000000 0.000000000
4133 0.000000000 1.000000000 0.000000000
4134 0.000000000 0.275213957 0.724786043
4135 0.000000000 0.571217060 0.428782940
4136 0.000000000 0.439368278 0.560631692
4137 0.000000000 0.395473748 0.604526222
4138 0.000000000 0.452706605 0.547293365
4139 0.000000000 0.429620564 0.570379436
4140 0.000000000 0.451554060 0.548445940
4141 0.000000000 0.437746823 0.562253177
4142 0.000000000 0.438561261 0.561438739
4143 0.000000000 0.418935597 0.581064403
4144 0.000000000 0.460699022 0.539300978
4145 0.000000000 0.496869713 0.503130257
4146 0.000000000 0.513815701 0.486184329
4147 0.000000000 0.503844440 0.496155560
4148 0.000000000 0.378574669 0.621425331
4149 0.000000000 0.502769411 0.497230560
4150 0.000000000 0.447587699 0.552412331
4151 0.000000000 0.521459341 0.478540659
4152 0.000000000 0.504761875 0.495238155
4153 0.000000000 0.523415804 0.476584226
4154 0.000000000 0.504698336 0.495301694
4155 0.000000000 0.501857340 0.498142660
4156 0.000000000 0.501431465 0.498568565
4157 0.000000000 0.524095893 0.475904107
4158 0.000000000 0.503633797 0.496366203
4159 0.000000000 0.481209815 0.518790185
4160 0.000000000 0.985603273 0.014396749
4161 0.000000000 0.857072473 0.142927527
4162 0.000000000 0.309447736 0.690552235
4163 0.000000000 0.791567564 0.208432406
4164 0.000000000 0.822705686 0.177294299
4165 0.000000000 0.813126564 0.186873421
4166 0.000000000 0.825413883 0.174586087
4167 0.000000000 0.875053942 0.124946050
4168 0.000000000 0.882895708 0.117104322
4169 0.000000000 0.821687400 0.178312615
4170 0.000000000 0.830106795 0.169893205
4171 0.000000000 0.822705686 0.177294299
4172 0.000000000 0.822705686 0.177294299
4173 0.000000000 0.909307539 0.090692468
4174 0.000000000 0.853432119 0.146567881
4175 0.000000000 0.829372764 0.170627251
4176 0.000000000 0.004978837 0.995021164
4177 0.000000000 0.824601769 0.175398216
4178 0.000000000 0.855662763 0.144337252
4179 0.000000000 0.850385070 0.149614930
4180 0.000000000 0.889699817 0.110300191
4181 0.000000000 0.852603674 0.147396296
4182 0.000000000 0.850645900 0.149354100
4183 0.000000000 0.874692798 0.125307173
4184 0.000000000 0.875298679 0.124701321
4185 0.000000000 0.908586383 0.091413639
4186 0.000000000 0.889122605 0.110877387
4187 0.000000000 0.771237850 0.228762165
4188 0.000000000 0.775111914 0.224888057
4189 0.000000000 0.774938166 0.225061819
4190 0.000000000 0.100461237 0.899538755
4191 0.000000000 0.730251551 0.269748420
4192 0.000000000 0.827562392 0.172437638
4193 0.000000000 0.957205534 0.042794447
4194 0.000000000 0.787147284 0.212852716
4195 0.000000000 0.779580772 0.220419213
4196 0.000000000 0.791444600 0.208555415
4197 0.000000000 0.778592944 0.221407086
4198 0.000000000 0.767029285 0.232970744
4199 0.000000000 0.985266864 0.014733150
4200 0.000000000 0.932843745 0.067156270
4201 0.000000000 0.943402946 0.056597061
4202 0.000000000 0.943402946 0.056597061
4203 0.000000000 0.955341756 0.044658218
4204 0.000000000 0.185442060 0.814557970
4205 0.000000000 0.913964272 0.086035751
4206 0.000000000 0.941696286 0.058303691
4207 0.000000000 0.964144528 0.035855461
4208 0.000000000 0.955920100 0.044079911
4209 0.000000000 0.965901017 0.034099009
4210 0.000000000 0.960717916 0.039282110
4211 0.000000000 0.977042854 0.022957133
4212 0.000000000 0.979033113 0.020966917
4213 0.000000000 0.911815524 0.088184498
4214 0.000000000 0.854519844 0.145480141
4215 0.000000000 0.854519844 0.145480141
4216 0.000000000 0.913433433 0.086566567
4217 0.000000000 0.854454041 0.145545974
4218 0.000000000 0.456700802 0.543299198
4219 0.000000000 0.955000222 0.044999748
4220 0.000000000 0.997580349 0.002419636
4221 0.000000000 0.851185620 0.148814395
4222 0.000000000 0.872386098 0.127613932
4223 0.000000000 0.870634615 0.129365370
4224 0.000000000 0.914267361 0.085732646
4225 0.000000000 0.857179642 0.142820358
4226 0.000000000 0.786743581 0.213256434
4227 0.000000000 0.714540482 0.285459518
4228 0.000000000 0.837290764 0.162709251
4229 0.000000000 0.714416981 0.285583019
4230 0.000000000 0.714455366 0.285544634
4231 0.000000000 0.870287955 0.129712045
4232 0.000000000 0.357094377 0.642905653
4233 0.000000000 0.766081870 0.233918145
4234 0.000000000 0.722799242 0.277200729
4235 0.000000000 0.721959829 0.278040171
4236 0.000000000 0.714312017 0.285688013
4237 0.000000000 0.734199762 0.265800267
4238 0.000000000 0.992349267 0.007650759
4239 0.000000000 0.969704866 0.030295122
4240 0.000000000 0.969704866 0.030295122
4241 0.000000000 0.969704866 0.030295122
4242 0.000000000 0.969704866 0.030295122
4243 0.000000000 0.973302364 0.026697649
4244 0.000000000 0.992349267 0.007650759
4245 0.000000000 0.992349267 0.007650759
4246 0.000000000 0.069787838 0.930212140
4247 0.000000000 0.982913733 0.017086254
4248 0.000000000 1.000000000 0.000000000
4249 0.000000000 0.977355659 0.022644363
4250 0.000000000 0.990704834 0.009295161
4251 0.000000000 0.991000712 0.008999294
4252 0.000000000 0.976200104 0.023799872
4253 0.000000000 0.850005984 0.149994016
4254 0.000000000 0.991000712 0.008999294
4255 0.000000000 0.964701533 0.035298456
4256 0.000000000 0.850005984 0.149994016
4257 0.000000000 0.991000712 0.008999294
4258 0.000000000 0.991000712 0.008999294
4259 0.000000000 0.991000712 0.008999294
4260 0.000000000 0.349286050 0.650713921
4261 0.000000000 0.905194283 0.094805710
4262 0.000000000 0.939010382 0.060989596
4263 0.000000000 0.973921001 0.026079020
4264 0.000000000 0.994902730 0.005097292
4265 0.000000000 0.957663894 0.042336117
4266 0.000000000 0.866693676 0.133306339
4267 0.000000000 0.951500058 0.048499923
4268 0.000000000 0.945278645 0.054721367
4269 0.000000000 0.912963688 0.087036304
4270 0.000000000 0.998735011 0.001264981
4271 0.000000000 0.998737812 0.001262209
4272 0.000000000 0.993900180 0.006099843
4273 0.000000000 0.916639507 0.083360516
4274 0.000000000 0.441540837 0.558459163
4275 0.000000000 0.907845914 0.092154056
4276 0.000000000 0.939893365 0.060106661
4277 0.000000000 0.931549847 0.068450160
4278 0.000000000 0.867623806 0.132376209
4279 0.000000000 0.839927197 0.160072818
4280 0.000000000 0.806754291 0.193245694
4281 0.000000000 0.825723290 0.174276724
4282 0.000000000 0.843166292 0.156833693
4283 0.000000000 0.899701774 0.100298226
4284 0.000000000 0.983753443 0.016246587
4285 0.000000000 0.898083270 0.101916708
4286 0.000000000 0.918301523 0.081698462
4287 0.000000000 0.952469110 0.047530901
4288 0.000000000 0.565037251 0.434962720
4289 0.000000000 0.782094419 0.217905566
4290 0.000000000 0.718451262 0.281548738
4291 0.000000000 0.537640572 0.462359428
4292 0.000000000 0.653004110 0.346995890
4293 0.000000000 0.627199173 0.372800857
4294 0.000000000 0.590021253 0.409978718
4295 0.000000000 0.559435964 0.440564066
4296 0.000000000 0.611035526 0.388964474
4297 0.000000000 0.611159325 0.388840646
4298 0.000000000 0.633450329 0.366549700
4299 0.000000000 0.606486619 0.393513381
4300 0.000000000 0.748590827 0.251409143
4301 0.000000000 0.645555615 0.354444355
4302 0.000000000 0.306839496 0.693160474
4303 0.000000000 0.000000000 1.000000000
4304 0.000000000 0.000000000 1.000000000
4305 0.000000000 0.000000000 1.000000000
4306 0.000000000 0.000000000 1.000000000
4307 0.000000000 0.000000000 1.000000000
4308 0.000000000 0.000000000 1.000000000
4309 0.000000000 0.000000000 1.000000000
4310 0.000000000 0.000000000 1.000000000
4311 0.000000000 0.000000000 1.000000000
4312 0.000000000 0.000000000 1.000000000
4313 0.000000000 0.000000000 1.000000000
4314 0.000000000 0.000000000 1.000000000
4315 0.000000000 0.000000000 1.000000000
4316 0.000000000 0.007339721 0.992660284
4317 0.000000000 0.000000000 1.000000000
4318 0.000000000 0.007103913 0.992896080
4319 0.000000000 0.007339721 0.992660284
4320 0.000000000 0.007339721 0.992660284
4321 0.000000000 0.007339721 0.992660284
4322 0.000000000 0.007339721 0.992660284
4323 0.000000000 0.007339721 0.992660284
4324 0.000000000 0.007339721 0.992660284
4325 0.000000000 0.007339721 0.992660284
4326 0.000000000 0.007339721 0.992660284
4327 0.000000000 0.007339721 0.992660284
4328 0.000000000 0.007339721 0.992660284
4329 0.000000000 0.009983197 0.990016818
4330 0.000000000 0.009983197 0.990016818
4331 0.000000000 0.000000000 1.000000000
4332 0.000000000 0.009983197 0.990016818
4333 0.000000000 0.009983197 0.990016818
4334 0.000000000 0.009983197 0.990016818
4335 0.000000000 0.009983197 0.990016818
4336 0.000000000 0.009983197 0.990016818
4337 0.000000000 0.019517956 0.980482042
4338 0.000000000 0.009983197 0.990016818
4339 0.000000000 0.142061159 0.857938826
4340 0.000000000 0.010883672 0.989116311
4341 0.000000000 0.009983197 0.990016818
4342 0.000000000 0.000000000 1.000000000
4343 0.000000000 0.000000000 1.000000000
4344 0.000000000 0.000000000 1.000000000
4345 0.000000000 0.000000000 1.000000000
4346 0.000000000 0.000397254 0.999602735
4347 0.000000000 0.000000000 1.000000000
4348 0.000000000 0.000517627 0.999482393
4349 0.000000000 0.000116809 0.999883175
4350 0.000000000 0.000000000 1.000000000
4351 0.000000000 0.001799156 0.998200834
4352 0.000000000 0.000874819 0.999125183
4353 0.000000000 0.001883331 0.998116672
4354 0.000000000 0.019407174 0.980592847
4355 0.000000000 0.020351114 0.979648888
4356 0.000000000 0.015704114 0.984295905
4357 0.000000000 0.017845334 0.982154667
4358 0.000000000 0.019778239 0.980221748
4359 0.000000000 0.000000000 1.000000000
4360 0.000000000 0.065333627 0.934666395
4361 0.000000000 0.018738654 0.981261373
4362 0.000000000 0.025488634 0.974511385
4363 0.000000000 0.036510244 0.963489771
4364 0.000000000 0.048288528 0.951711476
4365 0.000000000 0.042375159 0.957624853
4366 0.000000000 0.117404945 0.882595062
4367 0.000000000 0.018738654 0.981261373
4368 0.000000000 0.467269987 0.532729983
4369 0.000000000 0.467269987 0.532729983
4370 0.000000000 0.452457607 0.547542393
4371 0.000000000 0.467269987 0.532729983
4372 0.000000000 0.467269987 0.532729983
4373 0.000000000 0.000000000 1.000000000
4374 0.000000000 0.443722665 0.556277335
4375 0.000000000 0.467269987 0.532729983
4376 0.000000000 0.456299573 0.543700457
4377 0.000000000 0.450219691 0.549780309
4378 0.000000000 0.452931285 0.547068715
4379 0.000000000 0.467269987 0.532729983
4380 0.000000000 0.467269987 0.532729983
4381 0.000000000 0.337503403 0.662496626
4382 0.000000000 0.409947395 0.590052605
4383 0.000000000 0.358260185 0.641739786
4384 0.000000000 0.403113097 0.596886873
4385 0.000000000 0.386282086 0.613717914
4386 0.000000000 0.375912756 0.624087274
4387 0.000000000 0.000000000 1.000000000
4388 0.000000000 0.417039603 0.582960427
4389 0.000000000 0.376498997 0.623501003
4390 0.000000000 0.367909014 0.632090986
4391 0.000000000 0.380377740 0.619622290
4392 0.000000000 0.406830639 0.593169391
4393 0.000000000 0.417039603 0.582960427
4394 0.000000000 0.309945107 0.690054893
4395 0.000000000 0.337041140 0.662958860
4396 0.000000000 0.271045178 0.728954852
4397 0.000000000 0.242568076 0.757431924
4398 0.000000000 0.341297120 0.658702850
4399 0.000000000 0.345473081 0.654526889
4400 0.000000000 0.349060416 0.650939584
4401 0.000000000 0.000000000 1.000000000
4402 0.000000000 0.360726357 0.639273643
4403 0.000000000 0.351739466 0.648260534
4404 0.000000000 0.379567027 0.620432973
4405 0.000000000 0.418641090 0.581358910
4406 0.000000000 0.396088094 0.603911936
4407 0.000000000 0.818479478 0.181520537
4408 0.000000000 0.822471917 0.177528098
4409 0.000000000 0.824834943 0.175165042
4410 0.000000000 0.824888408 0.175111607
4411 0.000000000 0.822328568 0.177671418
4412 0.000000000 0.824033082 0.175966918
4413 0.000000000 0.824389338 0.175610632
4414 0.000000000 0.989665926 0.010334048
4415 0.000000000 0.000000000 1.000000000
4416 0.000000000 0.824047923 0.175952092
4417 0.000000000 0.827592969 0.172407016
4418 0.000000000 0.826824427 0.173175603
4419 0.000000000 0.827216566 0.172783449
4420 0.000000000 0.791300952 0.208699033
4421 0.000000000 0.799666107 0.200333923
4422 0.000000000 0.799432635 0.200567394
4423 0.000000000 0.853215337 0.146784678
4424 0.000000000 0.867880344 0.132119641
4425 0.000000000 0.839809060 0.160190925
4426 0.000000000 0.817525208 0.182474822
4427 0.000000000 0.951156020 0.048843972
4428 0.000000000 0.889866233 0.110133760
4429 0.000000000 0.000000000 1.000000000
4430 0.000000000 0.778705418 0.221294567
4431 0.000000000 0.847284019 0.152715981
4432 0.000000000 0.788671672 0.211328343
4433 0.000000000 0.861517251 0.138482735
4434 0.000000000 0.877682686 0.122317314
4435 0.000000000 0.833290875 0.166709110
4436 0.000000000 0.859190643 0.140809357
4437 0.000000000 0.911709726 0.088290296
4438 0.000000000 0.894814372 0.105185620
4439 0.000000000 0.896001279 0.103998713
4440 0.000000000 0.947181225 0.052818786
4441 0.000000000 0.922378838 0.077621162
4442 0.000000000 0.871751130 0.128248870
4443 0.000000000 0.001650793 0.998349190
4444 0.000000000 0.814002335 0.185997665
4445 0.000000000 0.796391189 0.203608781
4446 0.000000000 0.483521700 0.516478300
4447 0.000000000 0.434000105 0.565999866
4448 0.000000000 0.459128618 0.540871382
4449 0.000000000 0.519870102 0.480129898
4450 0.000000000 0.493293732 0.506706238
4451 0.000000000 0.465566933 0.534433067
4452 0.000000000 0.570173085 0.429826915
4453 0.000000000 0.726311028 0.273688972
4454 0.000000000 0.617331624 0.382668346
4455 0.000000000 0.766638935 0.233361095
4456 0.000000000 0.706545234 0.293454736
4457 0.000000000 0.000387441 0.999612570
4458 0.000000000 0.343152553 0.656847477
4459 0.000000000 0.000000000 1.000000000
4460 0.000000000 0.000000000 1.000000000
4461 0.000000000 0.000000000 1.000000000
4462 0.000000000 0.000339731 0.999660254
4463 0.000000000 0.000633052 0.999366939
4464 0.000000000 0.000203071 0.999796927
4465 0.000000000 0.001189041 0.998810947
4466 0.000000000 0.000000000 1.000000000
4467 0.000000000 0.000006960 0.999993026
4468 0.000000000 0.000271791 0.999728203
4469 0.000000000 0.002335700 0.997664273
4470 0.000000000 0.000894096 0.999105930
4471 0.000000000 0.000000000 1.000000000
4472 0.000000000 0.000000000 1.000000000
4473 0.793366492 0.000000000 0.206633478
4474 1.000000000 0.000000000 0.000000000
4475 0.848805010 0.000000000 0.151194990
4476 1.000000000 0.000000000 0.000000000
4477 0.848805010 0.000000000 0.151194990
4478 1.000000000 0.000000000 0.000000000
4479 1.000000000 0.000000000 0.000000000
4480 1.000000000 0.000000000 0.000000000
4481 0.793859005 0.000000000 0.206140995
4482 1.000000000 0.000000000 0.000000000
4483 1.000000000 0.000000000 0.000000000
4484 0.938716292 0.000000000 0.061283719
4485 0.950496078 0.000000000 0.049503919
4486 0.000000000 0.000000000 1.000000000
4487 0.929008484 0.000000000 0.070991509
4488 0.856503963 0.000000000 0.143496051
4489 0.955578625 0.000000000 0.044421367
4490 0.937470078 0.000000000 0.062529936
4491 0.956573546 0.000000000 0.043426447
4492 0.956071198 0.000000000 0.043928798
4493 0.955474317 0.000000000 0.044525653
4494 0.858003676 0.000000000 0.141996294
4495 0.955836236 0.000000000 0.044163786
4496 0.956018686 0.000070218 0.043911107
4497 0.894763827 0.000000000 0.105236173
4498 0.972738862 0.000000000 0.027261149
4499 0.972738862 0.000000000 0.027261149
4500 0.000000000 0.000000000 1.000000000
4501 0.802013457 0.001783072 0.196203500
4502 0.979466796 0.000000000 0.020533191
4503 0.983326316 0.000000000 0.016673708
4504 0.980549157 0.000684711 0.018766113
4505 0.989435315 0.000000000 0.010564664
4506 0.990016818 0.000000000 0.009983197
4507 0.923365831 0.004155566 0.072478630
4508 0.946276128 0.001306622 0.052417275
4509 0.987401724 0.001520961 0.011077319
4510 0.965042949 0.000000000 0.034957040
4511 1.000000000 0.000000000 0.000000000
4512 1.000000000 0.000000000 0.000000000
4513 1.000000000 0.000000000 0.000000000
4514 0.000000000 0.000000000 1.000000000
4515 1.000000000 0.000000000 0.000000000
4516 0.796638131 0.000000000 0.203361869
4517 0.897145748 0.000000000 0.102854244
4518 1.000000000 0.000000000 0.000000000
4519 1.000000000 0.000000000 0.000000000
4520 0.897145748 0.000000000 0.102854244
4521 0.897145748 0.000000000 0.102854244
4522 1.000000000 0.000000000 0.000000000
4523 1.000000000 0.000000000 0.000000000
4524 1.000000000 0.000000000 0.000000000
4525 1.000000000 0.000000000 0.000000000
4526 1.000000000 0.000000000 0.000000000
4527 1.000000000 0.000000000 0.000000000
4528 0.000000000 0.000000000 1.000000000
4529 1.000000000 0.000000000 0.000000000
4530 0.996583581 0.003416434 0.000000000
4531 1.000000000 0.000000000 0.000000000
4532 1.000000000 0.000000000 0.000000000
4533 0.961979032 0.000341672 0.037679292
4534 1.000000000 0.000000000 0.000000000
4535 0.988077760 0.001139164 0.010783071
4536 1.000000000 0.000000000 0.000000000
4537 0.945793927 0.019510638 0.034695443
4538 0.945793927 0.025842782 0.028363299
4539 0.945793927 0.028208984 0.025997100
4540 0.945793927 0.021335525 0.032870557
4541 0.945793927 0.031317104 0.022888979
4542 0.000000000 0.014695229 0.985304773
4543 0.945793927 0.025359016 0.028847067
4544 0.945793927 0.024311217 0.029894866
4545 0.945793927 0.026885375 0.027320709
4546 0.945793927 0.027922286 0.026283797
4547 0.945793927 0.026992204 0.027213879
4548 0.945793927 0.026027601 0.028178480
4549 0.945793927 0.018353637 0.035852443
4550 0.920463800 0.014280848 0.065255351
4551 0.920463800 0.031009145 0.048527051
4552 0.920463800 0.037802048 0.041734152
4553 0.920463800 0.028804883 0.050731316
4554 0.920463800 0.036675043 0.042861156
4555 0.920463800 0.072026305 0.007509891
4556 0.000000000 0.021103427 0.978896558
4557 0.920463800 0.034102716 0.045433484
4558 0.920463800 0.033388786 0.046147414
4559 0.920463800 0.035479866 0.044056334
4560 0.920463800 0.040944815 0.038591385
4561 0.924329877 0.037027933 0.038642164
4562 0.920463800 0.026710918 0.052825283
4563 0.627090573 0.225384623 0.147524819
4564 0.648848355 0.232332572 0.118819080
4565 0.655548334 0.241675571 0.102776088
4566 0.663372576 0.182878509 0.153748915
4567 0.711126506 0.202671081 0.086202390
4568 0.698770642 0.149934813 0.151294515
4569 0.757144094 0.160173282 0.082682647
4570 0.000000000 0.031445216 0.968554795
4571 0.570872664 0.340958089 0.088169239
4572 0.589544415 0.311578631 0.098876946
4573 0.642384708 0.273410887 0.084204420
4574 0.627519488 0.296623409 0.075857125
4575 0.458553910 0.424446493 0.116999604
4576 0.908334553 0.075906657 0.015758771
4577 0.980189323 0.009547913 0.010262769
4578 0.980189323 0.010362796 0.009447885
4579 0.899836898 0.089189038 0.010974048
4580 0.854887068 0.135887936 0.009225019
4581 0.972068667 0.017389711 0.010541602
4582 0.908531964 0.083249100 0.008218927
4583 0.980189323 0.009436869 0.010373812
4584 0.000000000 0.005443674 0.994556308
4585 0.980189323 0.010855650 0.008955031
4586 0.944756925 0.047475327 0.007767743
4587 0.889517725 0.101975158 0.008507097
4588 0.855613589 0.133759886 0.010626539
4589 0.651037693 0.348962307 0.000000000
4590 0.616215467 0.383784533 0.000000000
4591 0.493569255 0.506430745 0.000000000
4592 0.496199131 0.503800869 0.000000000
4593 0.905162036 0.094837971 0.000000000
4594 0.555139303 0.444860697 0.000000000
4595 0.704853833 0.295146197 0.000000000
4596 0.687657058 0.312342912 0.000000000
4597 0.534764528 0.465235472 0.000000000
4598 0.000000000 0.011245705 0.988754272
4599 0.477711141 0.522288859 0.000000000
4600 0.510380030 0.489619970 0.000000000
4601 0.304241747 0.695758283 0.000000000
4602 0.328535646 0.657030821 0.014433530
4603 0.320085168 0.666878700 0.013036098
4604 0.173707843 0.810525656 0.015766490
4605 0.151590928 0.835441887 0.012967201
4606 0.289627701 0.701426089 0.008946241
4607 0.315477550 0.675001979 0.009520449
4608 0.271315783 0.720239699 0.008444510
4609 0.314766377 0.673485935 0.011747694
4610 0.225438163 0.763311267 0.011250590
4611 0.347302049 0.640538871 0.012159089
4612 0.000000000 0.006088030 0.993911982
4613 0.156725451 0.829074681 0.014199875
4614 0.116447136 0.866084754 0.017468099
4615 0.004664690 0.976223648 0.019111644
4616 0.021708518 0.957733095 0.020558359
4617 0.020088686 0.970234454 0.009676841
4618 0.007881490 0.984521985 0.007596551
4619 0.015019257 0.973031878 0.011948889
4620 0.023790324 0.969901383 0.006308295
4621 0.008395517 0.984687269 0.006917201
4622 0.022158191 0.963350296 0.014491508
4623 0.013152601 0.980620980 0.006226425
4624 0.018706303 0.971408129 0.009885591
4625 0.021967528 0.973701775 0.004330698
4626 0.000000000 0.013265514 0.986734509
4627 0.000000000 0.948357344 0.051642671
4628 0.000000000 0.171740040 0.828259945
4629 0.000000000 0.249529749 0.750470221
4630 0.000000000 0.236174628 0.763825357
4631 0.000000000 0.196174800 0.803825200
4632 0.000000000 0.216977715 0.783022285
4633 0.000000000 0.189885855 0.810114145
4634 0.000000000 0.399002582 0.600997388
4635 0.000000000 0.488786131 0.511213839
4636 0.000000000 0.416973442 0.583026588
4637 0.000000000 0.490310192 0.509689808
4638 0.000000000 0.638809741 0.361190259
4639 0.000000000 0.591952145 0.408047855
4640 0.000000000 0.001825731 0.998174250
4641 0.000000000 0.010489861 0.989510119
4642 0.917733371 0.003829596 0.078437023
4643 0.872854412 0.000240735 0.126904830
4644 0.969360411 0.007591667 0.023047894
4645 0.845655084 0.000000000 0.154344901
4646 0.905905008 0.000000000 0.094095007
4647 0.852063179 0.005847173 0.142089680
4648 0.889197052 0.000000000 0.110802956
4649 0.869868696 0.003234501 0.126896814
4650 0.826759219 0.007309112 0.165931672
4651 0.853354812 0.000000000 0.146645188
4652 0.854569495 0.000000000 0.145430475
4653 0.923126340 0.000000000 0.076873668
4654 0.884799182 0.003652855 0.111547954
4655 0.002203311 0.005471134 0.992325544
4656 0.882057965 0.000376907 0.117565110
4657 0.991420448 0.003672508 0.004907032
4658 0.846925378 0.000039043 0.153035566
4659 0.881522238 0.002773572 0.115704194
4660 0.844350159 0.000299062 0.155350789
4661 0.882483602 0.002663455 0.114852950
4662 0.884090722 0.000056311 0.115852967
4663 0.887001395 0.002754797 0.110243812
4664 0.842901051 0.000157686 0.156941265
4665 0.883871734 0.000000000 0.116128288
4666 0.923783720 0.000000000 0.076216310
4667 0.978401542 0.000000000 0.021598449
4668 0.999451518 0.000548511 0.000000000
4669 0.000000000 0.000000000 1.000000000
4670 0.999367237 0.000632789 0.000000000
4671 0.960321844 0.000000000 0.039678134
4672 0.973308682 0.000960762 0.025730556
4673 0.959178030 0.001052078 0.039769866
4674 0.962695539 0.000000000 0.037304472
4675 0.963026881 0.000000000 0.036973141
4676 0.961512029 0.000000000 0.038488001
4677 0.957702160 0.002973486 0.039324369
4678 0.960321844 0.000000000 0.039678134
4679 0.960321844 0.008122548 0.031555586
4680 0.991958320 0.003726277 0.004315413
4681 0.990017414 0.004950260 0.005032329
4682 0.989343345 0.003976441 0.006680228
4683 0.148367941 0.370322347 0.481309742
4684 0.941774547 0.005049628 0.053175833
4685 0.937408686 0.019147867 0.043443456
4686 0.946148992 0.012687013 0.041163996
4687 0.981294513 0.002495487 0.016210029
4688 0.949236751 0.002169806 0.048593458
4689 0.933512688 0.010473070 0.056014266
4690 0.971080959 0.014787382 0.014131650
4691 0.974812567 0.007889648 0.017297810
4692 0.851568222 0.137247622 0.011184162
4693 0.984160900 0.000580350 0.015258777
4694 0.997260988 0.001599497 0.001139511
4695 0.997679055 0.000875443 0.001445485
4696 0.998473465 0.000546499 0.000980022
4697 0.000000000 0.004061765 0.995938241
4698 0.984035254 0.004511913 0.011452849
4699 0.986696482 0.002107996 0.011195546
4700 0.986332655 0.001246249 0.012421093
4701 0.981677234 0.001951334 0.016371423
4702 0.981376469 0.002244284 0.016379248
4703 0.972310603 0.005343586 0.022345815
4704 0.981053412 0.000893323 0.018053250
4705 0.996705413 0.001959792 0.001334794
4706 0.978569984 0.001636015 0.019793985
4707 0.996714771 0.001311394 0.001973836
4708 0.996193171 0.001732261 0.002074556
4709 0.995651245 0.003270394 0.001078359
4710 0.972576320 0.003873930 0.023549743
4711 0.000000000 0.009258909 0.990741074
4712 0.970579445 0.004707715 0.024712818
4713 0.963656723 0.011181723 0.025161542
4714 0.972826719 0.002129408 0.025043882
4715 0.972711325 0.002921409 0.024367243
4716 0.970504522 0.005562432 0.023933064
4717 0.972691238 0.002693961 0.024614811
4718 0.950974464 0.027074013 0.021951536
4719 1.000000000 0.000000000 0.000000000
4720 0.999466538 0.000533445 0.000000000
4721 0.999951184 0.000048819 0.000000000
4722 0.999404967 0.000595056 0.000000000
4723 0.980292618 0.000148008 0.019559402
4724 0.999181628 0.000818392 0.000000000
4725 0.000000000 0.000000000 1.000000000
4726 0.900371671 0.080920264 0.018708071
4727 0.981816351 0.000231237 0.017952394
4728 0.978328407 0.000539623 0.021131963
4729 0.978267133 0.003596707 0.018136138
4730 0.978746057 0.000505670 0.020748278
4731 0.962601542 0.017856920 0.019541562
4732 1.000000000 0.000000000 0.000000000
4733 1.000000000 0.000000000 0.000000000
4734 0.999798536 0.000201466 0.000000000
4735 0.941756070 0.058243927 0.000000000
4736 1.000000000 0.000000000 0.000000000
4737 0.999916971 0.000083020 0.000000000
4738 0.844255090 0.141139388 0.014605532
4739 0.000000000 0.000000000 1.000000000
4740 0.999617934 0.000382056 0.000000000
4741 0.988191843 0.000014830 0.011793311
4742 0.989887476 0.000396870 0.009715674
4743 1.000000000 0.000000000 0.000000000
4744 0.990205526 0.009794503 0.000000000
4745 0.969820201 0.026052324 0.004127447
4746 0.957294345 0.039156619 0.003549010
4747 0.935312748 0.060599919 0.004087332
4748 0.896749020 0.099819511 0.003431467
4749 0.835930586 0.161850110 0.002219275
4750 0.931715906 0.063929431 0.004354637
4751 0.961833477 0.037119567 0.001046969
4752 0.975522459 0.021251634 0.003225903
4753 0.000000000 0.055174321 0.944825709
4754 0.842424691 0.147366032 0.010209288
4755 0.915760219 0.076570854 0.007668932
4756 0.863564849 0.124499574 0.011935550
4757 0.897164941 0.099993594 0.002841480
4758 0.662109911 0.334554702 0.003335407
4759 0.616185606 0.377080232 0.006734169
4760 0.577136040 0.415055484 0.007808496
4761 0.549036145 0.446088314 0.004875522
4762 0.604054391 0.391330719 0.004614863
4763 0.640118778 0.349196136 0.010685088
4764 0.639419675 0.355201691 0.005378629
4765 0.663842142 0.330491364 0.005666501
4766 0.539820731 0.452357173 0.007822075
4767 0.000000000 0.012611678 0.987388313
4768 0.617319405 0.343621075 0.039059520
4769 0.596299887 0.359765321 0.043934803
4770 0.469367266 0.494663805 0.035968903
4771 0.321146429 0.678656042 0.000197510
4772 0.283425987 0.716410160 0.000163830
4773 0.275402486 0.724488616 0.000108905
4774 0.310245693 0.689754307 0.000000000
4775 0.334810644 0.664999783 0.000189597
4776 0.316985160 0.681502223 0.001512619
4777 0.341349632 0.658471107 0.000179240
4778 0.315003216 0.684823155 0.000173655
4779 0.353283316 0.646515369 0.000201319
4780 0.482282907 0.517532349 0.000184780
4781 0.000000000 0.000305353 0.999694645
4782 0.332596451 0.665830851 0.001572699
4783 0.204697296 0.793890893 0.001411821
4784 0.000287504 0.985159576 0.014552893
4785 0.000354334 0.985902667 0.013743019
4786 0.000000000 0.950877011 0.049122974
4787 0.000306006 0.989973366 0.009720623
4788 0.000478504 0.989618659 0.009902867
4789 0.029044343 0.960711718 0.010243937
4790 0.000186793 0.988601923 0.011211304
4791 0.000042359 0.992726684 0.007230984
4792 0.000208930 0.988999426 0.010791658
4793 0.000361631 0.992730677 0.006907698
4794 0.055613007 0.938662112 0.005724880
4795 0.000000000 0.000764433 0.999235570
4796 0.000000000 0.911057770 0.088942237
4797 0.000000000 0.154325798 0.845674217
4798 0.000000000 0.131580830 0.868419170
4799 0.000000000 0.000000000 1.000000000
4800 0.000000000 0.279974133 0.720025897
4801 0.000000000 0.348365456 0.651634514
4802 0.000000000 0.266118318 0.733881652
4803 0.000000000 0.183664903 0.816335082
4804 0.000000000 0.403135985 0.596863985
4805 0.000000000 0.189121738 0.810878277
4806 0.000000000 0.244955078 0.755044937
4807 0.000000000 0.555787742 0.444212288
4808 0.000000000 0.588095307 0.411904722
4809 0.000000000 0.000000000 1.000000000
4810 0.000000000 1.000000000 0.000000000
4811 0.960645914 0.039354090 0.000000000
4812 0.969051063 0.030948909 0.000000000
4813 0.933703661 0.066296332 0.000000000
4814 0.997661769 0.002338247 0.000000000
4815 0.945512652 0.054487336 0.000000000
4816 0.983325660 0.016674332 0.000000000
4817 0.969987988 0.030012038 0.000000000
4818 0.997652590 0.002347421 0.000000000
4819 0.997312129 0.002687873 0.000000000
4820 1.000000000 0.000000000 0.000000000
4821 1.000000000 0.000000000 0.000000000
4822 0.963775039 0.036224972 0.000000000
4823 0.960366607 0.039633419 0.000000000
4824 0.000000000 1.000000000 0.000000000
4825 0.960184991 0.039815027 0.000000000
4826 0.902264833 0.097735181 0.000000000
4827 0.997693956 0.002306048 0.000000000
4828 0.960404932 0.039595045 0.000000000
4829 0.998994648 0.001005369 0.000000000
4830 0.960765779 0.039234199 0.000000000
4831 0.959696174 0.040303826 0.000000000
4832 0.958665431 0.041334577 0.000000000
4833 0.999772549 0.000227459 0.000000000
4834 0.960150957 0.039849024 0.000000000
4835 0.957797229 0.042202756 0.000000000
4836 1.000000000 0.000000000 0.000000000
4837 1.000000000 0.000000000 0.000000000
4838 0.000000000 1.000000000 0.000000000
4839 0.843386054 0.156613961 0.000000000
4840 1.000000000 0.000000000 0.000000000
4841 0.937198579 0.062801398 0.000000000
4842 1.000000000 0.000000000 0.000000000
4843 1.000000000 0.000000000 0.000000000
4844 1.000000000 0.000000000 0.000000000
4845 0.994289100 0.005710886 0.000000000
4846 1.000000000 0.000000000 0.000000000
4847 0.998649359 0.001350638 0.000000000
4848 1.000000000 0.000000000 0.000000000
4849 0.873401999 0.126597986 0.000000000
4850 0.917193472 0.082806543 0.000000000
4851 0.730840564 0.269159406 0.000000000
4852 0.000000000 1.000000000 0.000000000
4853 0.998436570 0.001563438 0.000000000
4854 0.863957942 0.136042058 0.000000000
4855 0.909306228 0.090693742 0.000000000
4856 0.687720895 0.312279135 0.000000000
4857 0.920823991 0.079175986 0.000000000
4858 0.995774031 0.004225975 0.000000000
4859 0.995274186 0.004725817 0.000000000
4860 1.000000000 0.000000000 0.000000000
4861 0.618514121 0.381485909 0.000000000
4862 0.959748864 0.040251147 0.000000000
4863 0.980490923 0.019509090 0.000000000
4864 0.980154812 0.019845171 0.000000000
4865 0.980170131 0.019829849 0.000000000
4866 0.000000000 1.000000000 0.000000000
4867 0.965115249 0.034884736 0.000000000
4868 0.947454691 0.052545283 0.000000000
4869 0.861993790 0.138006181 0.000000000
4870 0.978947937 0.021052035 0.000000000
4871 0.978170037 0.021829983 0.000000000
4872 0.998945475 0.001054517 0.000000000
4873 0.979400754 0.020599263 0.000000000
4874 0.927482784 0.072517186 0.000000000
4875 1.000000000 0.000000000 0.000000000
4876 1.000000000 0.000000000 0.000000000
4877 1.000000000 0.000000000 0.000000000
4878 1.000000000 0.000000000 0.000000000
4879 1.000000000 0.000000000 0.000000000
4880 0.000000000 1.000000000 0.000000000
4881 1.000000000 0.000000000 0.000000000
4882 1.000000000 0.000000000 0.000000000
4883 1.000000000 0.000000000 0.000000000
4884 1.000000000 0.000000000 0.000000000
4885 1.000000000 0.000000000 0.000000000
4886 0.965728164 0.034271840 0.000000000
4887 0.805560291 0.194439739 0.000000000
4888 1.000000000 0.000000000 0.000000000
4889 0.797399640 0.202600375 0.000000000
4890 0.877191424 0.122808605 0.000000000
4891 1.000000000 0.000000000 0.000000000
4892 1.000000000 0.000000000 0.000000000
4893 0.877246976 0.122753054 0.000000000
4894 0.000000000 1.000000000 0.000000000
4895 0.999669671 0.000330302 0.000000000
4896 1.000000000 0.000000000 0.000000000
4897 0.998964071 0.001035913 0.000000000
4898 1.000000000 0.000000000 0.000000000
4899 0.997871757 0.002128267 0.000000000
4900 1.000000000 0.000000000 0.000000000
4901 0.910999954 0.089000046 0.000000000
4902 0.940395594 0.059604388 0.000000000
4903 0.955471754 0.044528272 0.000000000
4904 0.921878934 0.078121059 0.000000000
4905 0.955491006 0.044509012 0.000000000
4906 0.955484986 0.044514999 0.000000000
4907 1.000000000 0.000000000 0.000000000
4908 0.000000000 1.000000000 0.000000000
4909 0.945660412 0.054339603 0.000000000
4910 0.984779239 0.015220742 0.000000000
4911 0.980499923 0.019500080 0.000000000
4912 0.955397606 0.044602390 0.000000000
4913 0.952151537 0.047848493 0.000000000
4914 0.000000000 1.000000000 0.000000000
4915 0.747459054 0.252540946 0.000000000
4916 0.747459054 0.252540946 0.000000000
4917 0.747459054 0.252540946 0.000000000
4918 0.747459054 0.252540946 0.000000000
4919 0.713429511 0.286570519 0.000000000
4920 0.000000000 1.000000000 0.000000000
4921 0.000000000 1.000000000 0.000000000
4922 0.000000000 1.000000000 0.000000000
4923 0.938487053 0.061512947 0.000000000
4924 0.500000000 0.500000000 0.000000000
4925 1.000000000 0.000000000 0.000000000
4926 0.000000000 1.000000000 0.000000000
4927 0.000000000 1.000000000 0.000000000
4928 0.621876359 0.378123611 0.000000000
4929 0.841327846 0.158672139 0.000000000
4930 0.000000000 1.000000000 0.000000000
4931 0.778257608 0.221742392 0.000000000
4932 0.841327846 0.158672139 0.000000000
4933 0.000000000 1.000000000 0.000000000
4934 0.000000000 1.000000000 0.000000000
4935 0.000000000 1.000000000 0.000000000
4936 0.000000000 1.000000000 0.000000000
4937 1.000000000 0.000000000 0.000000000
4938 1.000000000 0.000000000 0.000000000
4939 0.567528188 0.432471812 0.000000000
4940 0.000000000 1.000000000 0.000000000
4941 0.169477329 0.830522656 0.000000000
4942 0.821897209 0.178102806 0.000000000
4943 0.151335359 0.848664641 0.000000000
4944 0.407417625 0.592582405 0.000000000
4945 0.194997489 0.805002511 0.000000000
4946 0.000000000 1.000000000 0.000000000
4947 0.000000000 1.000000000 0.000000000
4948 0.000000000 1.000000000 0.000000000
4949 0.973861754 0.026138268 0.000000000
4950 0.000000000 1.000000000 0.000000000
4951 0.718262494 0.281737536 0.000000000
4952 0.504050493 0.495949507 0.000000000
4953 0.823747158 0.176252857 0.000000000
4954 0.272994608 0.727005422 0.000000000
4955 0.153512791 0.846487224 0.000000000
4956 0.455623329 0.544376671 0.000000000
4957 0.660757601 0.339242399 0.000000000
4958 0.458207548 0.541792452 0.000000000
4959 0.310353547 0.689646423 0.000000000
4960 0.356844217 0.643155754 0.000000000
4961 0.241110846 0.758889139 0.000000000
4962 0.505514979 0.494485050 0.000000000
4963 0.747275770 0.252724230 0.000000000
4964 0.000000000 1.000000000 0.000000000
4965 0.040792178 0.959207833 0.000000000
4966 0.000000000 1.000000000 0.000000000
4967 0.000000000 1.000000000 0.000000000
4968 0.000000000 1.000000000 0.000000000
4969 0.000000000 1.000000000 0.000000000
4970 0.000000000 1.000000000 0.000000000
4971 0.000000000 1.000000000 0.000000000
4972 0.000000000 1.000000000 0.000000000
4973 0.000000000 1.000000000 0.000000000
4974 0.000000000 1.000000000 0.000000000
4975 0.000000000 1.000000000 0.000000000
4976 0.000000000 1.000000000 0.000000000
4977 0.000000000 1.000000000 0.000000000
4978 0.000000000 1.000000000 0.000000000
4979 0.000000000 1.000000000 0.000000000
4980 1.000000000 0.000000000 0.000000000
4981 0.994365513 0.005634460 0.000000000
4982 1.000000000 0.000000000 0.000000000
4983 0.994365513 0.005634460 0.000000000
4984 1.000000000 0.000000000 0.000000000
4985 1.000000000 0.000000000 0.000000000
4986 1.000000000 0.000000000 0.000000000
4987 1.000000000 0.000000000 0.000000000
4988 0.989701211 0.010298759 0.000000000
4989 0.994365513 0.005634460 0.000000000
4990 1.000000000 0.000000000 0.000000000
4991 1.000000000 0.000000000 0.000000000
4992 0.994984925 0.005015074 0.000000000
4993 0.000000000 1.000000000 0.000000000
4994 0.994748592 0.005251378 0.000000000
4995 1.000000000 0.000000000 0.000000000
4996 0.994980872 0.005019151 0.000000000
4997 1.000000000 0.000000000 0.000000000
4998 1.000000000 0.000000000 0.000000000
4999 1.000000000 0.000000000 0.000000000
5000 0.994984925 0.005015074 0.000000000
5001 1.000000000 0.000000000 0.000000000
5002 0.994984925 0.005015074 0.000000000
5003 0.994984925 0.005015074 0.000000000
5004 0.994984925 0.005015074 0.000000000
5005 0.976653874 0.023346107 0.000000000
5006 0.980604947 0.019395046 0.000000000
5007 0.000000000 1.000000000 0.000000000
5008 0.982547820 0.017452180 0.000000000
5009 0.974104881 0.025895119 0.000000000
5010 0.979471207 0.020528784 0.000000000
5011 0.974104881 0.025895119 0.000000000
5012 0.982547820 0.017452180 0.000000000
5013 0.982378125 0.017621895 0.000000000
5014 0.974104881 0.025895119 0.000000000
5015 0.977856398 0.022143615 0.000000000
5016 0.977160692 0.022839289 0.000000000
5017 0.982547820 0.017452180 0.000000000
5018 1.000000000 0.000000000 0.000000000
5019 1.000000000 0.000000000 0.000000000
5020 1.000000000 0.000000000 0.000000000
5021 0.000000000 1.000000000 0.000000000
5022 1.000000000 0.000000000 0.000000000
5023 1.000000000 0.000000000 0.000000000
5024 1.000000000 0.000000000 0.000000000
5025 1.000000000 0.000000000 0.000000000
5026 1.000000000 0.000000000 0.000000000
5027 1.000000000 0.000000000 0.000000000
5028 1.000000000 0.000000000 0.000000000
5029 1.000000000 0.000000000 0.000000000
5030 1.000000000 0.000000000 0.000000000
5031 1.000000000 0.000000000 0.000000000
5032 1.000000000 0.000000000 0.000000000
5033 1.000000000 0.000000000 0.000000000
5034 1.000000000 0.000000000 0.000000000
5035 0.000000000 1.000000000 0.000000000
5036 1.000000000 0.000000000 0.000000000
5037 0.991241693 0.008758314 0.000000000
5038 1.000000000 0.000000000 0.000000000
5039 1.000000000 0.000000000 0.000000000
5040 0.993697524 0.006302447 0.000000000
5041 1.000000000 0.000000000 0.000000000
5042 1.000000000 0.000000000 0.000000000
5043 1.000000000 0.000000000 0.000000000
5044 1.000000000 0.000000000 0.000000000
5045 1.000000000 0.000000000 0.000000000
5046 0.972947538 0.027052484 0.000000000
5047 1.000000000 0.000000000 0.000000000
5048 1.000000000 0.000000000 0.000000000
5049 0.000000000 1.000000000 0.000000000
5050 0.957669795 0.042330213 0.000000000
5051 1.000000000 0.000000000 0.000000000
5052 0.979822636 0.020177351 0.000000000
5053 0.968987048 0.031012936 0.000000000
5054 0.973789930 0.026210083 0.000000000
5055 1.000000000 0.000000000 0.000000000
5056 1.000000000 0.000000000 0.000000000
5057 0.879944742 0.120055251 0.000000000
5058 0.987980425 0.012019595 0.000000000
5059 0.908406198 0.091593809 0.000000000
5060 0.976668119 0.023331862 0.000000000
5061 0.949883342 0.050116666 0.000000000
5062 0.934100807 0.065899178 0.000000000
5063 0.000000000 1.000000000 0.000000000
5064 1.000000000 0.000000000 0.000000000
5065 0.934979081 0.065020896 0.000000000
5066 0.922272980 0.077727050 0.000000000
5067 0.940831900 0.059168074 0.000000000
5068 0.982789159 0.017210869 0.000000000
5069 1.000000000 0.000000000 0.000000000
5070 0.692768753 0.307231247 0.000000000
5071 0.724045277 0.275954723 0.000000000
5072 0.686801195 0.313198835 0.000000000
5073 0.660979569 0.339020431 0.000000000
5074 0.734933674 0.265066355 0.000000000
5075 0.730372548 0.269627452 0.000000000
5076 0.734397590 0.265602380 0.000000000
5077 0.000000000 1.000000000 0.000000000
5078 0.578719497 0.421280503 0.000000000
5079 0.737432659 0.262567341 0.000000000
5080 0.770507872 0.229492158 0.000000000
5081 0.711406469 0.288593560 0.000000000
5082 0.675559342 0.324440658 0.000000000
5083 0.890862584 0.109137408 0.000000000
5084 0.910897255 0.089102723 0.000000000
5085 0.923185706 0.076814309 0.000000000
5086 0.923467398 0.076532595 0.000000000
5087 0.910162508 0.089837492 0.000000000
5088 0.918978751 0.081021264 0.000000000
5089 0.920843184 0.079156809 0.000000000
5090 0.000000000 1.000000000 0.000000000
5091 0.000000000 1.000000000 0.000000000
5092 0.919056177 0.080943823 0.000000000
5093 0.937954009 0.062045988 0.000000000
5094 0.933791220 0.066208772 0.000000000
5095 0.935910583 0.064089388 0.000000000
5096 0.919249833 0.080750145 0.000000000
5097 0.812117100 0.187882870 0.000000000
5098 0.933226049 0.066773921 0.000000000
5099 1.000000000 0.000000000 0.000000000
5100 0.933926165 0.066073842 0.000000000
5101 1.000000000 0.000000000 0.000000000
5102 1.000000000 0.000000000 0.000000000
5103 1.000000000 0.000000000 0.000000000
5104 0.997718036 0.002281962 0.000000000
5105 0.000000000 1.000000000 0.000000000
5106 0.984202147 0.015797844 0.000000000
5107 1.000000000 0.000000000 0.000000000
5108 0.933715582 0.066284411 0.000000000
5109 0.371110559 0.628889441 0.000000000
5110 0.237234980 0.762764990 0.000000000
5111 0.463038325 0.536961675 0.000000000
5112 0.392308533 0.607691467 0.000000000
5113 0.261386037 0.738613963 0.000000000
5114 0.519999921 0.480000049 0.000000000
5115 0.674895048 0.325104922 0.000000000
5116 0.441307515 0.558692455 0.000000000
5117 0.453587681 0.546412349 0.000000000
5118 0.726751328 0.273248643 0.000000000
5119 0.000000000 1.000000000 0.000000000
5120 0.351721168 0.648278832 0.000000000
5121 0.231754020 0.768245995 0.000000000
5122 0.423822701 0.576177299 0.000000000
5123 0.459791601 0.540208399 0.000000000
5124 0.359148085 0.640851915 0.000000000
5125 0.341050953 0.658949077 0.000000000
5126 0.496172309 0.503827691 0.000000000
5127 0.461053312 0.538946688 0.000000000
5128 0.394232541 0.605767488 0.000000000
5129 0.245118827 0.754881144 0.000000000
5130 0.413432777 0.586567223 0.000000000
5131 0.225141302 0.774858713 0.000000000
5132 0.490379572 0.509620428 0.000000000
5133 0.000000000 1.000000000 0.000000000
5134 0.121027790 0.878972232 0.000000000
5135 0.000000000 1.000000000 0.000000000
5136 0.000000000 1.000000000 0.000000000
5137 0.000000000 1.000000000 0.000000000
5138 0.000000000 1.000000000 0.000000000
5139 0.000000000 1.000000000 0.000000000
5140 0.000000000 1.000000000 0.000000000
5141 0.000000000 1.000000000 0.000000000
5142 0.000000000 1.000000000 0.000000000
5143 0.000000000 1.000000000 0.000000000
5144 0.000000000 1.000000000 0.000000000
5145 0.000000000 1.000000000 0.000000000
5146 0.000000000 1.000000000 0.000000000
5147 0.000000000 1.000000000 0.000000000
