0 0.000000000 0.563645720 0.436354280
1 0.000000000 0.580680549 0.419319451
2 0.000000000 0.717131793 0.282868207
3 0.000000000 0.839692235 0.160307780
4 0.000000000 0.901908934 0.098091081
5 0.000000000 0.962233305 0.037766717
6 0.000000000 0.962923348 0.037076678
7 0.000000000 1.000000000 0.000000000
8 0.000000000 0.971130490 0.028869513
9 0.000000000 0.662494779 0.337505251
10 0.000000000 0.719726145 0.280273825
11 0.000000000 0.547625482 0.452374518
12 0.000000000 0.304309636 0.695690393
13 0.000000000 0.486383945 0.513616025
14 0.000000000 0.364377260 0.635622740
15 0.000000000 0.582160950 0.417839020
16 0.000000000 0.756652236 0.243347764
17 0.000000000 0.765432596 0.234567419
18 0.000000000 0.989365399 0.010634592
19 0.000000000 0.969996929 0.030003082
20 0.000000000 0.945651829 0.054348186
21 0.000000000 0.962881088 0.037118886
22 0.000000000 0.706742764 0.293257236
23 0.000000000 0.477371931 0.522628069
24 0.000000000 0.399240553 0.600759447
25 0.000000000 0.192454875 0.807545125
26 0.839848518 0.100685425 0.059466034
27 0.905030906 0.040838830 0.054130249
28 0.801511526 0.059801511 0.138686985
29 0.950583041 0.034416318 0.015000616
30 0.820392668 0.048961144 0.130646184
31 0.546814680 0.342795372 0.110389926
32 0.580476284 0.356620789 0.062902942
33 0.487283558 0.437628806 0.075087637
34 0.573489010 0.392381579 0.034129404
35 0.249344796 0.603931308 0.146723866
36 0.018816926 0.802689016 0.178494051
37 0.009605786 0.595723212 0.394671023
38 0.039615460 0.286780417 0.673604131
39 0.954151750 0.002292522 0.043555759
40 0.952479541 0.023612645 0.023907796
41 0.971312702 0.010729160 0.017958164
42 0.893465221 0.093249515 0.013285239
43 0.815448761 0.144434348 0.040116865
44 0.618337154 0.360713094 0.020949753
45 0.788969517 0.199775130 0.011255354
46 0.585048795 0.391908914 0.023042282
47 0.432728857 0.545939684 0.021331485
48 0.258153170 0.689304233 0.052542590
49 0.021942638 0.750895977 0.227161363
50 0.023567211 0.589042902 0.387389868
51 0.037199885 0.236534536 0.726265550
52 0.908657730 0.091342270 0.000000000
53 0.920851469 0.079148531 0.000000000
54 0.949185610 0.050814405 0.000000000
55 0.991038084 0.008961909 0.000000000
56 0.816627622 0.183372378 0.000000000
57 0.860583067 0.139416903 0.000000000
58 0.494515717 0.505484283 0.000000000
59 0.438452393 0.561547637 0.000000000
60 0.538034737 0.461965233 0.000000000
61 0.095428191 0.904571831 0.000000000
62 0.047416329 0.952583671 0.000000000
63 0.031991731 0.968008280 0.000000000
64 0.030095167 0.969904840 0.000000000
65 0.861909986 0.138090029 0.000000000
66 0.856817067 0.143182904 0.000000000
67 0.895891845 0.104108132 0.000000000
68 0.845434189 0.154565781 0.000000000
69 0.748300791 0.251699239 0.000000000
70 0.389638513 0.610361516 0.000000000
71 0.482847661 0.517152369 0.000000000
72 0.297965705 0.702034295 0.000000000
73 0.627739191 0.372260809 0.000000000
74 0.290405512 0.709594488 0.000000000
75 0.008682519 0.991317451 0.000000000
76 0.016583025 0.983416975 0.000000000
77 0.038194135 0.961805880 0.000000000
78 0.000000000 0.355495900 0.644504070
79 0.000000000 0.593453228 0.406546772
80 0.000000000 0.634302020 0.365697950
81 0.000000000 0.589569151 0.410430849
82 0.000000000 0.728501439 0.271498531
83 0.000000000 0.663436532 0.336563498
84 0.000000000 0.625517309 0.374482691
85 0.000000000 0.565074861 0.434925109
86 0.000000000 0.734955370 0.265044630
87 0.000000000 0.669414401 0.330585569
88 0.000000000 0.711043239 0.288956791
89 0.000000000 0.702540398 0.297459573
90 0.000000000 0.787782788 0.212217212
91 0.000000000 0.694973171 0.305026829
92 0.000000000 0.258982927 0.741017044
93 0.000000000 0.764074028 0.235925987
94 0.000000000 0.787345409 0.212654591
95 0.000000000 0.768698037 0.231301948
96 0.000000000 0.750077486 0.249922544
97 0.000000000 0.756324947 0.243675068
98 0.000000000 0.702346325 0.297653675
99 0.000000000 0.818024158 0.181975812
100 0.000000000 0.803023100 0.196976885
101 0.000000000 0.805036604 0.194963396
102 0.000000000 0.827083886 0.172916144
103 0.000000000 0.872325659 0.127674341
104 0.000000000 0.827344596 0.172655433
105 0.000000000 0.742210031 0.257789969
106 0.000000000 0.355535865 0.644464135
107 0.000000000 0.832679093 0.167320922
108 0.000000000 0.864996791 0.135003224
109 0.000000000 0.817067385 0.182932615
110 0.000000000 0.876412570 0.123587415
111 0.000000000 0.851415455 0.148584560
112 0.000000000 0.878495395 0.121504590
113 0.000000000 0.867148757 0.132851273
114 0.000000000 0.871362686 0.128637314
115 0.000000000 0.833339751 0.166660264
116 0.000000000 0.909771919 0.090228096
117 0.000000000 0.846171975 0.153828040
118 0.000000000 0.881761551 0.118238434
119 0.000000000 0.860771954 0.139228031
120 0.000000000 0.369173288 0.630826712
121 0.000000000 0.875936627 0.124063343
122 0.000000000 0.863505542 0.136494458
123 0.000000000 0.867076159 0.132923812
124 0.000000000 0.860254169 0.139745861
125 0.000000000 0.909823716 0.090176262
126 0.000000000 0.902338445 0.097661562
127 0.000000000 0.869368494 0.130631477
128 0.000000000 0.935908318 0.064091705
129 0.000000000 0.935122550 0.064877480
130 0.000000000 0.970387101 0.029612927
131 0.000000000 0.970161617 0.029838400
132 0.000000000 0.936190963 0.063809060
133 0.000000000 0.931815565 0.068184443
134 0.000000000 0.472041816 0.527958214
135 0.000000000 0.930353642 0.069646366
136 0.000000000 0.995279551 0.004720476
137 0.000000000 0.957866907 0.042133063
138 0.000000000 0.958212972 0.041787043
139 0.000000000 0.985130429 0.014869549
140 0.000000000 0.938289821 0.061710153
141 0.000000000 0.918745041 0.081254944
142 0.000000000 0.963670909 0.036329105
143 0.000000000 0.974719942 0.025280045
144 0.000000000 1.000000000 0.000000000
145 0.000000000 0.973595500 0.026404476
146 0.000000000 0.974385619 0.025614353
147 0.000000000 1.000000000 0.000000000
148 0.000000000 0.349004656 0.650995374
149 0.000000000 1.000000000 0.000000000
150 0.000000000 0.952533305 0.047466684
151 0.000000000 1.000000000 0.000000000
152 0.000000000 0.991672158 0.008327845
153 0.000000000 0.955415189 0.044584826
154 0.000000000 0.963950455 0.036049563
155 0.000000000 0.994974315 0.005025680
156 0.000000000 0.965954602 0.034045376
157 0.000000000 0.982530951 0.017469041
158 0.000000000 0.995388925 0.004611065
159 0.000000000 0.988356411 0.011643580
160 0.000000000 0.974171519 0.025828497
161 0.000000000 0.963801861 0.036198139
162 0.000000000 0.235029235 0.764970779
163 0.000000000 0.993229866 0.006770154
164 0.000000000 1.000000000 0.000000000
165 0.000000000 1.000000000 0.000000000
166 0.000000000 0.971720695 0.028279291
167 0.000000000 0.957006752 0.042993229
168 0.000000000 0.970253706 0.029746268
169 0.000000000 0.997530103 0.002469891
170 0.000000000 0.969417751 0.030582268
171 0.000000000 0.992783785 0.007216216
172 0.000000000 1.000000000 0.000000000
173 0.000000000 0.972048342 0.027951684
174 0.000000000 0.995497942 0.004502074
175 0.000000000 0.991818845 0.008181156
176 0.000000000 0.373738438 0.626261532
177 0.000000000 1.000000000 0.000000000
178 0.000000000 0.993082166 0.006917829
179 0.000000000 0.997985423 0.002014597
180 0.000000000 0.986046135 0.013953871
181 0.000000000 0.978539586 0.021460386
182 0.000000000 0.966053188 0.033946797
183 0.000000000 1.000000000 0.000000000
184 0.000000000 0.968130469 0.031869520
185 0.000000000 0.958934367 0.041065626
186 0.000000000 0.967387021 0.032612957
187 0.000000000 0.969303370 0.030696625
188 0.000000000 0.985543013 0.014456999
189 0.000000000 0.973640084 0.026359925
190 0.000000000 0.361817747 0.638182223
191 0.000000000 0.961562276 0.038437732
192 0.000000000 0.955709517 0.044290483
193 0.000000000 0.982091010 0.017909007
194 0.000000000 0.984206855 0.015793141
195 0.000000000 0.879360139 0.120639868
196 0.000000000 0.894565463 0.105434559
197 0.000000000 0.866779923 0.133220047
198 0.000000000 0.866096914 0.133903056
199 0.000000000 0.867527366 0.132472619
200 0.000000000 0.877965212 0.122034810
201 0.000000000 0.934852660 0.065147340
202 0.000000000 0.902863503 0.097136505
203 0.000000000 0.936865330 0.063134670
204 0.000000000 0.206803277 0.793196738
205 0.000000000 0.871949971 0.128050059
206 0.000000000 0.843257427 0.156742558
207 0.000000000 0.811079860 0.188920125
208 0.000000000 0.767477334 0.232522696
209 0.000000000 0.681028187 0.318971813
210 0.000000000 0.657232225 0.342767805
211 0.000000000 0.629486740 0.370513260
212 0.000000000 0.714415193 0.285584837
213 0.000000000 0.709661365 0.290338665
214 0.000000000 0.658260882 0.341739148
215 0.000000000 0.761458635 0.238541380
216 0.000000000 0.762457967 0.237542063
217 0.000000000 0.658122122 0.341877878
218 0.000000000 0.210756630 0.789243400
219 0.000000000 0.562992394 0.437007576
220 0.000000000 0.560472846 0.439527184
221 0.000000000 0.350635678 0.649364293
222 0.000000000 0.367043376 0.632956624
223 0.000000000 0.408148527 0.591851473
224 0.000000000 0.283069491 0.716930509
225 0.000000000 0.410831362 0.589168668
226 0.000000000 0.419933498 0.580066502
227 0.000000000 0.388125688 0.611874282
228 0.000000000 0.515558660 0.484441310
229 0.000000000 0.493033648 0.506966352
230 0.000000000 0.435725242 0.564274728
231 0.000000000 0.595740438 0.404259562
232 0.000000000 0.076221943 0.923778057
233 0.000000000 0.190040410 0.809959590
234 0.000000000 0.459288329 0.540711641
235 0.000000000 0.313000858 0.686999142
236 0.000000000 0.403746277 0.596253753
237 0.000000000 0.325442880 0.674557149
238 0.000000000 0.404771805 0.595228195
239 0.000000000 0.404598773 0.595401227
240 0.000000000 0.396498621 0.603501379
241 0.000000000 0.405768692 0.594231308
242 0.000000000 0.449526131 0.550473869
243 0.000000000 0.478192449 0.521807551
244 0.000000000 0.469595402 0.530404568
245 0.000000000 0.433874160 0.566125810
246 0.000000000 0.284854114 0.715145886
247 0.000000000 0.000000000 1.000000000
248 0.000000000 0.255472332 0.744527698
249 0.000000000 0.218026355 0.781973660
250 0.000000000 0.272699803 0.727300167
251 0.000000000 0.225263625 0.774736404
252 0.000000000 0.293012053 0.706987977
253 0.000000000 0.317025334 0.682974696
254 0.000000000 0.302042544 0.697957456
255 0.000000000 0.309161037 0.690838993
256 0.000000000 0.291676760 0.708323240
257 0.000000000 0.377692580 0.622307420
258 0.000000000 0.383599579 0.616400421
259 0.000000000 0.358288735 0.641711295
260 0.000000000 0.420479506 0.579520464
261 0.000000000 0.000000000 1.000000000
262 0.000000000 0.506187618 0.493812382
263 0.000000000 0.566743731 0.433256269
264 0.000000000 0.625165761 0.374834210
265 0.000000000 0.613758743 0.386241257
266 0.000000000 0.539506018 0.460493982
267 0.000000000 0.630965233 0.369034767
268 0.000000000 0.631611168 0.368388832
269 0.000000000 0.578835964 0.421164036
270 0.000000000 0.699466288 0.300533742
271 0.000000000 0.709277630 0.290722370
272 0.000000000 0.692478418 0.307521582
273 0.000000000 0.462333590 0.537666440
274 0.000000000 0.482091427 0.517908573
275 0.000000000 0.057184566 0.942815423
276 0.000000000 0.620349348 0.379650652
277 0.000000000 0.720391035 0.279608935
278 0.000000000 0.734042764 0.265957206
279 0.000000000 0.657492578 0.342507422
280 0.000000000 0.646392405 0.353607565
281 0.000000000 0.722505450 0.277494550
282 0.000000000 0.659215212 0.340784758
283 0.000000000 0.750496387 0.249503627
284 0.000000000 0.671666741 0.328333259
285 0.000000000 0.763373017 0.236626968
286 0.000000000 0.781560600 0.218439400
287 0.000000000 0.818497002 0.181503028
288 0.000000000 0.798879564 0.201120436
289 0.000000000 0.000000000 1.000000000
290 0.000000000 0.900686264 0.099313721
291 0.000000000 0.886830032 0.113169953
292 0.000000000 0.912327290 0.087672681
293 0.000000000 0.916939437 0.083060540
294 0.000000000 0.954099476 0.045900546
295 0.000000000 0.868533015 0.131467000
296 0.000000000 0.903703332 0.096296668
297 0.000000000 0.900321126 0.099678852
298 0.000000000 0.859158635 0.140841365
299 0.000000000 0.908244550 0.091755457
300 0.000000000 0.813476503 0.186523482
301 0.000000000 0.851636171 0.148363858
302 0.000000000 0.843562245 0.156437740
303 0.000000000 0.002498325 0.997501671
304 0.000000000 0.950750530 0.049249467
305 0.000000000 0.963165164 0.036834851
306 0.000000000 0.939692140 0.060307879
307 0.000000000 1.000000000 0.000000000
308 0.000000000 0.999488592 0.000511406
309 0.000000000 0.965577245 0.034422729
310 0.000000000 0.929463565 0.070536420
311 0.000000000 0.937311292 0.062688693
312 0.000000000 0.994756162 0.005243847
313 0.000000000 0.980940938 0.019059056
314 0.000000000 0.969212234 0.030787777
315 0.000000000 0.971107900 0.028892092
316 0.000000000 0.988814473 0.011185504
317 0.000000000 0.041272100 0.958727896
318 0.000000000 0.925583541 0.074416459
319 0.000000000 0.989206076 0.010793933
320 0.000000000 0.997715354 0.002284652
321 0.000000000 0.992937624 0.007062387
322 0.000000000 1.000000000 0.000000000
323 0.000000000 0.980702996 0.019297013
324 0.000000000 0.955995798 0.044004217
325 0.000000000 1.000000000 0.000000000
326 0.000000000 0.949407697 0.050592296
327 0.000000000 0.983748198 0.016251802
328 0.000000000 0.962921083 0.037078939
329 0.000000000 1.000000000 0.000000000
330 0.000000000 1.000000000 0.000000000
331 0.000000000 0.000000000 1.000000000
332 0.000000000 0.972923338 0.027076639
333 0.000000000 1.000000000 0.000000000
334 0.000000000 0.987192512 0.012807462
335 0.000000000 0.971387446 0.028612576
336 0.000000000 0.925307751 0.074692272
337 0.000000000 0.914346755 0.085653223
338 0.000000000 1.000000000 0.000000000
339 0.000000000 0.982570291 0.017429736
340 0.000000000 0.996309161 0.003690865
341 0.000000000 0.965436518 0.034563504
342 0.000000000 1.000000000 0.000000000
343 0.000000000 0.988471210 0.011528797
344 0.000000000 0.974338770 0.025661206
345 0.000000000 0.000000000 1.000000000
346 0.000000000 1.000000000 0.000000000
347 0.000000000 0.965632737 0.034367245
348 0.000000000 0.994599521 0.005400474
349 0.000000000 0.929280460 0.070719540
350 0.000000000 0.964454532 0.035545472
351 0.000000000 1.000000000 0.000000000
352 0.000000000 0.954147160 0.045852847
353 0.000000000 0.971807718 0.028192287
354 0.000000000 0.916910529 0.083089456
355 0.000000000 0.963232040 0.036767945
356 0.000000000 0.889902771 0.110097215
357 0.000000000 0.910451531 0.089548461
358 0.000000000 0.988996208 0.011003783
359 0.000000000 0.000000000 1.000000000
360 0.000000000 0.920193017 0.079806969
361 0.000000000 0.902952492 0.097047530
362 0.000000000 0.815783978 0.184216008
363 0.000000000 0.817431450 0.182568580
364 0.000000000 0.724375784 0.275624245
365 0.000000000 0.625093222 0.374906778
366 0.000000000 0.656668484 0.343331486
367 0.000000000 0.627830267 0.372169703
368 0.000000000 0.733631372 0.266368628
369 0.000000000 0.654812157 0.345187813
370 0.000000000 0.482858032 0.517141938
371 0.000000000 0.823867083 0.176132888
372 0.000000000 0.701508939 0.298491061
373 0.000000000 0.000000000 1.000000000
374 0.000000000 0.428823918 0.571176112
375 0.000000000 0.280595392 0.719404578
376 0.000000000 0.346603602 0.653396368
377 0.000000000 0.199573129 0.800426900
378 0.000000000 0.055353038 0.944646955
379 0.000000000 0.085436650 0.914563358
380 0.000000000 0.104513548 0.895486474
381 0.000000000 0.163603306 0.836396694
382 0.000000000 0.180721238 0.819278777
383 0.000000000 0.094344348 0.905655622
384 0.000000000 0.241706192 0.758293808
385 0.000000000 0.238966063 0.761033952
386 0.000000000 0.152777761 0.847222209
387 0.000000000 0.000000000 1.000000000
388 0.000000000 0.096901618 0.903098404
389 0.000000000 0.086677730 0.913322270
390 0.000000000 0.058881264 0.941118717
391 0.000000000 0.017090812 0.982909203
392 0.000000000 0.016470043 0.983529985
393 0.000000000 0.000000000 1.000000000
394 0.000000000 0.031186299 0.968813717
395 0.000000000 0.021041613 0.978958368
396 0.000000000 0.027194664 0.972805321
397 0.000000000 0.002495180 0.997504830
398 0.000000000 0.102546453 0.897453547
399 0.000000000 0.028238460 0.971761525
400 0.000000000 0.023580415 0.976419568
401 0.000000000 0.000000000 1.000000000
402 0.000000000 0.000000000 1.000000000
403 0.000000000 0.000000000 1.000000000
404 0.000000000 0.000000000 1.000000000
405 0.000000000 0.000000000 1.000000000
406 0.000000000 0.000000000 1.000000000
407 0.000000000 0.000000000 1.000000000
408 0.000000000 0.000000000 1.000000000
409 0.000000000 0.000000000 1.000000000
410 0.000000000 0.000000000 1.000000000
411 0.000000000 0.016810495 0.983189523
412 0.000000000 0.000000000 1.000000000
413 0.000000000 0.000000000 1.000000000
414 0.000000000 0.000000000 1.000000000
415 0.000000000 0.000000000 1.000000000
416 0.028972138 0.000000000 0.971027851
417 0.995025992 0.000000000 0.004973987
418 1.000000000 0.000000000 0.000000000
419 0.976550519 0.017376196 0.006073289
420 0.965468705 0.034531273 0.000000000
421 0.910652757 0.023793435 0.065553792
422 0.950015843 0.041828711 0.008155457
423 0.980882347 0.000000000 0.019117646
424 0.974880338 0.008527739 0.016591940
425 0.968314588 0.021688294 0.009997111
426 0.931753874 0.049452472 0.018793674
427 0.934693754 0.022843212 0.042463053
428 0.971986294 0.027358105 0.000655581
429 0.980075300 0.000000000 0.019924721
430 0.020027347 0.000000000 0.979972661
431 0.968607187 0.015792800 0.015600036
432 0.942922592 0.044803649 0.012273731
433 0.942999303 0.020430792 0.036569919
434 0.933134913 0.002804928 0.064060159
435 0.932412267 0.021578379 0.046009324
436 0.964424372 0.000000000 0.035575654
437 0.957602978 0.000000000 0.042397037
438 0.950802565 0.017063348 0.032134060
439 0.956522346 0.002963238 0.040514391
440 0.860553205 0.086802818 0.052644007
441 0.896944165 0.075767979 0.027287867
442 0.974967301 0.000328568 0.024704112
443 0.965427995 0.003117798 0.031454224
444 0.000000000 0.000000000 1.000000000
445 0.939182103 0.011205504 0.049612399
446 0.936226904 0.022066483 0.041706614
447 0.849852383 0.076554209 0.073593415
448 0.923458457 0.032071464 0.044470076
449 0.942502677 0.000000000 0.057497341
450 0.977314055 0.004309790 0.018376140
451 0.934717476 0.013120175 0.052162360
452 0.952879369 0.017918253 0.029202389
453 0.935415983 0.027031912 0.037552103
454 0.986092806 0.000000000 0.013907189
455 0.911717594 0.038097050 0.050185345
456 0.886502385 0.094818018 0.018679570
457 0.886311591 0.097924620 0.015763769
458 0.046803053 0.000000000 0.953196943
459 0.915816188 0.044538774 0.039645050
460 0.847765625 0.041851114 0.110383250
461 0.914307833 0.043858103 0.041834082
462 0.944444478 0.017873239 0.037682265
463 0.945728242 0.033727303 0.020544445
464 0.887399554 0.066304348 0.046296090
465 0.857402861 0.083531387 0.059065770
466 0.916922271 0.036896698 0.046181053
467 0.970674336 0.000000000 0.029325660
468 0.957755804 0.000000000 0.042244192
469 0.952396989 0.028379248 0.019223759
470 0.955695689 0.022132182 0.022172136
471 0.930768490 0.011086792 0.058144741
472 0.050654430 0.000000000 0.949345589
473 0.820168555 0.102389604 0.077441871
474 0.912320256 0.069997266 0.017682504
475 0.964786649 0.004629432 0.030583931
476 0.943567157 0.028919423 0.027513422
477 0.963449836 0.020826297 0.015723858
478 0.854745507 0.110149555 0.035104919
479 0.925078392 0.074203312 0.000718312
480 0.939016759 0.041579377 0.019403858
481 0.822278559 0.119791456 0.057929993
482 0.827837944 0.133356795 0.038805265
483 0.858688951 0.109967165 0.031343903
484 0.841354787 0.117013291 0.041631911
485 0.911026061 0.076731443 0.012242506
486 0.032465700 0.000000000 0.967534304
487 0.850036681 0.087331168 0.062632143
488 0.865766406 0.102424391 0.031809207
489 0.852566421 0.124101952 0.023331638
490 0.860426724 0.123065233 0.016508037
491 0.747997344 0.252002656 0.000000000
492 0.802745521 0.158607230 0.038647272
493 0.811874747 0.148615345 0.039509930
494 0.864605665 0.109855823 0.025538536
495 0.724779725 0.248631090 0.026589183
496 0.790147066 0.198315874 0.011537069
497 0.862168670 0.107016109 0.030815214
498 0.834562838 0.142012089 0.023425069
499 0.681611955 0.273734063 0.044654012
500 0.000000000 0.007144508 0.992855489
501 0.843831718 0.129039168 0.027129110
502 0.816005886 0.178821519 0.005172611
503 0.757183135 0.239157274 0.003659605
504 0.609393954 0.381548554 0.009057482
505 0.644215167 0.355784863 0.000000000
506 0.740746021 0.241976663 0.017277323
507 0.704802692 0.263960809 0.031236529
508 0.622131586 0.336344033 0.041524384
509 0.668935597 0.316555440 0.014508965
510 0.640556395 0.354041308 0.005402321
511 0.745872140 0.222326010 0.031801872
512 0.581734061 0.400694817 0.017571155
513 0.639850974 0.355818212 0.004330820
514 0.000000000 0.003032947 0.996967077
515 0.605267584 0.373018116 0.021714313
516 0.538776934 0.436595142 0.024627931
517 0.526341856 0.456668705 0.016989458
518 0.516769171 0.483230829 0.000000000
519 0.597445190 0.402554810 0.000000000
520 0.702216804 0.284020811 0.013762407
521 0.638335764 0.335026115 0.026638126
522 0.640511632 0.359488368 0.000000000
523 0.660750926 0.339249074 0.000000000
524 0.692875624 0.304719001 0.002405390
525 0.543877959 0.422914386 0.033207670
526 0.603696525 0.371259391 0.025044074
527 0.646948874 0.348645777 0.004405359
528 0.019033188 0.000000000 0.980966806
529 0.470816821 0.477160096 0.052023079
530 0.350617558 0.612660885 0.036721591
531 0.528693259 0.471306741 0.000000000
532 0.601355433 0.398644567 0.000000000
533 0.496527225 0.503472745 0.000000000
534 0.442160398 0.556365967 0.001473647
535 0.407127321 0.592872679 0.000000000
536 0.474764615 0.525235415 0.000000000
537 0.604053676 0.388770968 0.007175345
538 0.381274998 0.596875846 0.021849129
539 0.488874882 0.511125088 0.000000000
540 0.500193059 0.499806941 0.000000000
541 0.456996351 0.543003619 0.000000000
542 0.000000000 0.000000000 1.000000000
543 0.219624132 0.746521890 0.033853985
544 0.179873139 0.790627420 0.029499467
545 0.255953372 0.702610850 0.041435778
546 0.142008796 0.857991219 0.000000000
547 0.046541870 0.920159519 0.033298623
548 0.073172823 0.926827192 0.000000000
549 0.075292997 0.921498597 0.003208406
550 0.102339379 0.889266491 0.008394135
551 0.112009965 0.887990057 0.000000000
552 0.099105932 0.900894046 0.000000000
553 0.137906909 0.862093091 0.000000000
554 0.107430249 0.892569780 0.000000000
555 0.113293096 0.856034040 0.030672876
556 0.000000000 0.029656688 0.970343292
557 0.056952648 0.906689405 0.036357939
558 0.054449122 0.904811859 0.040739011
559 0.038505517 0.855163813 0.106330656
560 0.000000000 0.848032832 0.151967183
561 0.052320752 0.818679273 0.128999993
562 0.032118823 0.831402063 0.136479124
563 0.026917679 0.851044118 0.122038215
564 0.028342213 0.818069875 0.153587922
565 0.000000000 0.806904137 0.193095863
566 0.010363535 0.961258411 0.028378068
567 0.000000000 0.953749955 0.046250045
568 0.026264936 0.923127353 0.050607700
569 0.005418030 0.974433422 0.020148523
570 0.012839746 0.007550055 0.979610205
571 0.020804744 0.677015901 0.302179366
572 0.014775136 0.180510357 0.804714501
573 0.018042259 0.057074230 0.924883485
574 0.014262072 0.187536851 0.798201084
575 0.028428016 0.134221181 0.837350786
576 0.029679742 0.159428760 0.810891509
577 0.000000000 0.121766523 0.878233492
578 0.000000000 0.190135762 0.809864223
579 0.002715426 0.234994397 0.762290180
580 0.016954042 0.299256742 0.683789194
581 0.003805131 0.247065172 0.749129713
582 0.005582997 0.213542864 0.780874133
583 0.021111142 0.230732918 0.748155951
584 0.000000000 0.081483267 0.918516755
585 0.024794400 0.088785119 0.886420488
586 0.908667564 0.088281371 0.003051048
587 0.904796600 0.071713038 0.023490362
588 0.899108469 0.072000280 0.028891223
589 0.959682167 0.040317830 0.000000000
590 0.927091718 0.059351292 0.013556976
591 0.894342065 0.097702570 0.007955378
592 0.904205441 0.085198782 0.010595753
593 0.974493504 0.000051326 0.025455149
594 0.895668089 0.068713821 0.035618104
595 0.906377137 0.084789999 0.008832847
596 0.920176983 0.060809080 0.019013949
597 0.943405807 0.056594204 0.000000000
598 0.984771550 0.000000000 0.015228476
599 0.000000000 0.112638541 0.887361467
600 0.924395084 0.018674212 0.056930691
601 0.880664229 0.055157460 0.064178318
602 0.954525054 0.000000000 0.045474928
603 0.909985423 0.044828460 0.045186091
604 0.865843415 0.074941076 0.059215490
605 0.900992632 0.078554317 0.020453028
606 0.909296215 0.045970023 0.044733733
607 0.903750360 0.056313667 0.039935965
608 0.856639802 0.107345715 0.036014501
609 0.883743048 0.076884814 0.039372116
610 0.888484180 0.063055500 0.048460308
611 1.000000000 0.000000000 0.000000000
612 0.946815968 0.011757911 0.041426092
613 0.024974281 0.024107777 0.950917959
614 0.916995645 0.051696137 0.031308215
615 0.923977077 0.033920508 0.042102389
616 0.956097007 0.022267820 0.021635197
617 0.935896993 0.047412951 0.016690034
618 0.929056704 0.056898825 0.014044456
619 0.939564824 0.043596353 0.016838798
620 0.880573630 0.095574729 0.023851654
621 0.875402570 0.102882549 0.021714887
622 0.892210364 0.063332208 0.044457428
623 0.904181302 0.095818713 0.000000000
624 0.978424191 0.021575809 0.000000000
625 0.932072580 0.067927413 0.000000000
626 0.954016507 0.034359634 0.011623884
627 0.024531577 0.000000000 0.975468397
628 0.945660532 0.015592340 0.038747102
629 0.934782326 0.036960676 0.028257009
630 0.953209639 0.035733294 0.011057047
631 0.931784093 0.068215922 0.000000000
632 0.939054251 0.031064728 0.029881012
633 0.919396818 0.042116996 0.038486168
634 0.907446206 0.071751148 0.020802615
635 0.908313930 0.067622714 0.024063352
636 0.912102401 0.052194808 0.035702791
637 0.923013866 0.063864782 0.013121372
638 0.895980954 0.098477483 0.005541546
639 0.871927977 0.113027804 0.015044227
640 0.871078789 0.086513646 0.042407554
641 0.000000000 0.056791387 0.943208635
642 0.862518370 0.105933510 0.031548101
643 0.834479392 0.127008721 0.038511876
644 0.906664968 0.093335055 0.000000000
645 0.882245839 0.109454028 0.008300162
646 0.785260916 0.199501738 0.015237351
647 0.741676092 0.242290631 0.016033245
648 0.742164552 0.205687866 0.052147552
649 0.755478680 0.234101504 0.010419827
650 0.866334021 0.122054622 0.011611353
651 0.854394257 0.130415067 0.015190651
652 0.855543673 0.139468178 0.004988149
653 0.890085697 0.102004953 0.007909373
654 0.889546216 0.110453799 0.000000000
655 0.043528024 0.000000000 0.956471980
656 0.803087890 0.181722134 0.015189981
657 0.864617169 0.129104227 0.006278594
658 0.841270447 0.158729553 0.000000000
659 0.783876121 0.216123864 0.000000000
660 0.724960208 0.275039762 0.000000000
661 0.723968446 0.274727911 0.001303626
662 0.784545124 0.215454862 0.000000000
663 0.885789394 0.108323224 0.005887373
664 0.826140761 0.173859209 0.000000000
665 0.836658478 0.163341492 0.000000000
666 0.865734816 0.114842229 0.019422939
667 0.868713617 0.122906789 0.008379566
668 0.879903495 0.066614732 0.053481758
669 0.041494928 0.059706733 0.898798347
670 0.876012087 0.123987906 0.000000000
671 0.828200221 0.171799779 0.000000000
672 0.744526446 0.255473554 0.000000000
673 0.699545324 0.290986419 0.009468241
674 0.729087412 0.231060371 0.039852224
675 0.732051253 0.267948717 0.000000000
676 0.789970517 0.210029498 0.000000000
677 0.741850317 0.258149683 0.000000000
678 0.816281080 0.183718920 0.000000000
679 0.805729508 0.194270507 0.000000000
680 0.844028711 0.155971304 0.000000000
681 0.800105453 0.193952709 0.005941848
682 0.735942423 0.264057577 0.000000000
683 0.024964869 0.010909412 0.964125693
684 0.690580130 0.309419870 0.000000000
685 0.616281331 0.383718699 0.000000000
686 0.592151642 0.407848328 0.000000000
687 0.592890859 0.398004651 0.009104463
688 0.646905780 0.353094190 0.000000000
689 0.667214632 0.332785398 0.000000000
690 0.594195962 0.393294275 0.012509760
691 0.549505830 0.450494170 0.000000000
692 0.651268065 0.348731935 0.000000000
693 0.684106708 0.305973887 0.009919434
694 0.608354986 0.364062369 0.027582649
695 0.606408834 0.393591166 0.000000000
696 0.711788714 0.283672422 0.004538827
697 0.053386156 0.057428535 0.889185309
698 0.463486701 0.536513269 0.000000000
699 0.420001566 0.579998434 0.000000000
700 0.456002653 0.543997347 0.000000000
701 0.434174180 0.565825820 0.000000000
702 0.459475368 0.535567224 0.004957419
703 0.395460308 0.599272251 0.005267411
704 0.382824421 0.600157380 0.017018162
705 0.415682137 0.577382267 0.006935601
706 0.497706711 0.466026992 0.036266293
707 0.463622838 0.496125877 0.040251292
708 0.460661769 0.539338231 0.000000000
709 0.537123561 0.445012212 0.017864233
710 0.450249046 0.549750924 0.000000000
711 0.038814250 0.130944580 0.830241144
712 0.154835150 0.845164835 0.000000000
713 0.182460427 0.772825837 0.044713743
714 0.148186341 0.817615092 0.034198593
715 0.045328621 0.954671383 0.000000000
716 0.022935648 0.953034401 0.024029937
717 0.000000000 0.960573554 0.039426442
718 0.024086313 0.953016818 0.022896891
719 0.115315966 0.884684026 0.000000000
720 0.055732489 0.930852294 0.013415228
721 0.000000000 0.984765947 0.015234055
722 0.135117292 0.862680495 0.002202244
723 0.090803102 0.909196913 0.000000000
724 0.064460061 0.935539961 0.000000000
725 0.000000000 0.125937492 0.874062479
726 0.000000000 0.997388721 0.002611259
727 0.008064914 0.978354037 0.013581063
728 0.027234867 0.957885683 0.014879480
729 0.000000000 0.814435840 0.185564175
730 0.000000000 0.860662580 0.139337450
731 0.000000000 0.916462541 0.083537430
732 0.024262875 0.901021779 0.074715324
733 0.022896383 0.931878448 0.045225177
734 0.000000000 0.896770775 0.103229225
735 0.021046780 0.959665895 0.019287348
736 0.031164985 0.960187137 0.008647890
737 0.045028590 0.924639940 0.030331442
738 0.034340069 0.947518766 0.018141173
739 0.000000000 0.139311552 0.860688448
740 0.000000000 0.774016976 0.225983024
741 0.000000000 0.098762318 0.901237667
742 0.000000000 0.097259313 0.902740717
743 0.000000000 0.068302467 0.931697547
744 0.007967466 0.155836388 0.836196125
745 0.003422444 0.175486922 0.821090639
746 0.026500506 0.192233220 0.781266272
747 0.000000000 0.165066242 0.834933758
748 0.021737751 0.223992586 0.754269660
749 0.020110857 0.206547737 0.773341417
750 0.030160338 0.248829633 0.721010029
751 0.018283537 0.339166641 0.642549813
752 0.017140912 0.258938462 0.723920643
753 0.000000000 0.170461327 0.829538703
754 0.040409137 0.959590852 0.000000000
755 0.966097057 0.033902917 0.000000000
756 0.937399447 0.062600575 0.000000000
757 0.945988536 0.054011468 0.000000000
758 0.930540323 0.069459654 0.000000000
759 0.905017316 0.094982661 0.000000000
760 0.997385323 0.002614652 0.000000000
761 0.961465359 0.038534649 0.000000000
762 0.960063577 0.039936416 0.000000000
763 0.945328474 0.054671515 0.000000000
764 0.939387441 0.060612574 0.000000000
765 0.970128059 0.029871954 0.000000000
766 0.924507439 0.075492583 0.000000000
767 1.000000000 0.000000000 0.000000000
768 0.037862219 0.962137759 0.000000000
769 0.999772787 0.000227199 0.000000000
770 0.984456837 0.015543157 0.000000000
771 0.986403406 0.013596621 0.000000000
772 0.946221590 0.053778417 0.000000000
773 0.981552601 0.018447425 0.000000000
774 0.924226582 0.075773440 0.000000000
775 0.989207149 0.010792822 0.000000000
776 0.954237819 0.045762166 0.000000000
777 0.904452026 0.095547982 0.000000000
778 0.931355298 0.068644673 0.000000000
779 0.919245064 0.080754928 0.000000000
780 1.000000000 0.000000000 0.000000000
781 0.984176993 0.015823029 0.000000000
782 0.033865288 0.966134727 0.000000000
783 0.958781362 0.041218635 0.000000000
784 0.943651199 0.056348793 0.000000000
785 0.962105334 0.037894662 0.000000000
786 1.000000000 0.000000000 0.000000000
787 1.000000000 0.000000000 0.000000000
788 0.970262527 0.029737497 0.000000000
789 0.948930860 0.051069155 0.000000000
790 0.961158454 0.038841568 0.000000000
791 0.977091789 0.022908229 0.000000000
792 0.942419052 0.057580952 0.000000000
793 0.981692016 0.018307960 0.000000000
794 0.973903656 0.026096316 0.000000000
795 0.966694117 0.033305895 0.000000000
796 0.014404618 0.985595405 0.000000000
797 0.889493823 0.110506162 0.000000000
798 0.901241601 0.098758414 0.000000000
799 0.921664715 0.078335263 0.000000000
800 0.936430514 0.063569456 0.000000000
801 0.918716431 0.081283592 0.000000000
802 0.895789802 0.104210198 0.000000000
803 0.892997801 0.107002176 0.000000000
804 0.959068060 0.040931951 0.000000000
805 0.909014642 0.090985365 0.000000000
806 0.956668973 0.043331042 0.000000000
807 0.953298032 0.046701968 0.000000000
808 0.928456724 0.071543306 0.000000000
809 0.976533353 0.023466643 0.000000000
810 0.016240923 0.983759105 0.000000000
811 0.905594289 0.094405718 0.000000000
812 0.968286157 0.031713825 0.000000000
813 0.986049056 0.013950958 0.000000000
814 0.980938673 0.019061316 0.000000000
815 0.950630903 0.049369082 0.000000000
816 0.913232148 0.086767860 0.000000000
817 0.947097659 0.052902311 0.000000000
818 0.892678499 0.107321531 0.000000000
819 0.931459069 0.068540953 0.000000000
820 0.943280041 0.056719963 0.000000000
821 0.989654541 0.010345438 0.000000000
822 1.000000000 0.000000000 0.000000000
823 1.000000000 0.000000000 0.000000000
824 0.062684312 0.937315702 0.000000000
825 0.982999623 0.017000357 0.000000000
826 0.983062446 0.016937545 0.000000000
827 0.920658410 0.079341590 0.000000000
828 0.924035728 0.075964265 0.000000000
829 0.949312985 0.050687037 0.000000000
830 0.953787684 0.046212323 0.000000000
831 1.000000000 0.000000000 0.000000000
832 0.960068226 0.039931752 0.000000000
833 0.961626232 0.038373746 0.000000000
834 0.949365020 0.050634976 0.000000000
835 0.983425498 0.016574515 0.000000000
836 0.992873073 0.007126910 0.000000000
837 0.972464144 0.027535884 0.000000000
838 0.025008136 0.974991858 0.000000000
839 0.935349345 0.064650662 0.000000000
840 0.892465293 0.107534714 0.000000000
841 0.900156736 0.099843279 0.000000000
842 0.872207642 0.127792343 0.000000000
843 0.897186041 0.102813989 0.000000000
844 0.882137597 0.117862418 0.000000000
845 0.829315007 0.170685008 0.000000000
846 0.841842175 0.158157825 0.000000000
847 0.831937134 0.168062851 0.000000000
848 0.894960165 0.105039820 0.000000000
849 0.921310008 0.078690015 0.000000000
850 0.884422302 0.115577675 0.000000000
851 0.909445822 0.090554193 0.000000000
852 0.000000000 1.000000000 0.000000000
853 0.826519549 0.173480466 0.000000000
854 0.808000624 0.191999376 0.000000000
855 0.795935154 0.204064876 0.000000000
856 0.801614344 0.198385641 0.000000000
857 0.815448999 0.184551001 0.000000000
858 0.896322489 0.103677504 0.000000000
859 0.862884402 0.137115598 0.000000000
860 0.839563310 0.160436720 0.000000000
861 0.910142124 0.089857884 0.000000000
862 0.921608508 0.078391522 0.000000000
863 0.863908172 0.136091799 0.000000000
864 0.855459750 0.144540265 0.000000000
865 0.891392291 0.108607724 0.000000000
866 0.000000000 1.000000000 0.000000000
867 0.798390329 0.201609671 0.000000000
868 0.769117475 0.230882525 0.000000000
869 0.792178035 0.207821995 0.000000000
870 0.750211418 0.249788597 0.000000000
871 0.691759825 0.308240175 0.000000000
872 0.753214180 0.246785805 0.000000000
873 0.679193318 0.320806712 0.000000000
874 0.810000718 0.189999282 0.000000000
875 0.833735228 0.166264758 0.000000000
876 0.711193502 0.288806498 0.000000000
877 0.806482673 0.193517357 0.000000000
878 0.899613559 0.100386471 0.000000000
879 0.757871985 0.242128000 0.000000000
880 0.025430253 0.974569738 0.000000000
881 0.618790090 0.381209910 0.000000000
882 0.679895461 0.320104539 0.000000000
883 0.550213873 0.449786127 0.000000000
884 0.650496125 0.349503875 0.000000000
885 0.649563551 0.350436419 0.000000000
886 0.561753154 0.438246846 0.000000000
887 0.715929151 0.284070849 0.000000000
888 0.798538983 0.201460987 0.000000000
889 0.668857217 0.331142783 0.000000000
890 0.681970477 0.318029493 0.000000000
891 0.739007711 0.260992289 0.000000000
892 0.718945265 0.281054705 0.000000000
893 0.675979674 0.324020326 0.000000000
894 0.017418873 0.982581139 0.000000000
895 0.474916667 0.525083303 0.000000000
896 0.500290692 0.499709278 0.000000000
897 0.116654105 0.883345902 0.000000000
898 0.173241436 0.826758564 0.000000000
899 0.138712138 0.861287892 0.000000000
900 0.204610467 0.795389533 0.000000000
901 0.294236690 0.705763340 0.000000000
902 0.122426167 0.877573848 0.000000000
903 0.177118838 0.822881162 0.000000000
904 0.289493799 0.710506201 0.000000000
905 0.218390644 0.781609356 0.000000000
906 0.211485058 0.788514912 0.000000000
907 0.171720073 0.828279912 0.000000000
908 0.062522419 0.937477589 0.000000000
909 0.030306417 0.969693601 0.000000000
910 0.025141805 0.974858165 0.000000000
911 0.000000000 1.000000000 0.000000000
912 0.000000000 1.000000000 0.000000000
913 0.019543305 0.980456710 0.000000000
914 0.039977796 0.960022211 0.000000000
915 0.036959797 0.963040233 0.000000000
916 0.046361525 0.953638494 0.000000000
917 0.067674428 0.932325602 0.000000000
918 0.037630312 0.962369680 0.000000000
919 0.044949491 0.955050528 0.000000000
920 0.031714465 0.968285561 0.000000000
921 0.058024328 0.941975653 0.000000000
922 0.000000000 1.000000000 0.000000000
923 0.084631599 0.915368378 0.000000000
924 0.928929508 0.071070470 0.000000000
925 0.930840373 0.069159642 0.000000000
926 0.955923975 0.044076052 0.000000000
927 0.920156300 0.079843722 0.000000000
928 0.960270822 0.039729200 0.000000000
929 0.960568488 0.039431490 0.000000000
930 0.965869009 0.034131005 0.000000000
931 0.956120372 0.043879654 0.000000000
932 0.979028642 0.020971384 0.000000000
933 0.940625131 0.059374884 0.000000000
934 0.954879284 0.045120716 0.000000000
935 0.970942140 0.029057864 0.000000000
936 0.992997408 0.007002567 0.000000000
937 0.052712884 0.947287142 0.000000000
938 0.956479013 0.043521013 0.000000000
939 1.000000000 0.000000000 0.000000000
940 0.955892980 0.044107001 0.000000000
941 0.933326244 0.066673733 0.000000000
942 0.969703674 0.030296296 0.000000000
943 0.981771290 0.018228717 0.000000000
944 1.000000000 0.000000000 0.000000000
945 0.955013931 0.044986077 0.000000000
946 0.931124270 0.068875760 0.000000000
947 0.969744742 0.030255277 0.000000000
948 0.945494831 0.054505143 0.000000000
949 0.963921547 0.036078442 0.000000000
950 0.914833009 0.085166976 0.000000000
951 0.000000000 1.000000000 0.000000000
952 0.967821360 0.032178618 0.000000000
953 0.854843438 0.145156562 0.000000000
954 0.949082792 0.050917227 0.000000000
955 0.975436568 0.024563460 0.000000000
956 0.970308423 0.029691560 0.000000000
957 0.943772912 0.056227095 0.000000000
958 0.957331002 0.042669024 0.000000000
959 0.885551214 0.114448801 0.000000000
960 0.938287914 0.061712075 0.000000000
961 0.941594183 0.058405805 0.000000000
962 0.933060229 0.066939786 0.000000000
963 0.888077855 0.111922160 0.000000000
964 0.928994238 0.071005769 0.000000000
965 0.012948432 0.987051547 0.000000000
966 0.871108115 0.128891855 0.000000000
967 0.998690546 0.001309445 0.000000000
968 1.000000000 0.000000000 0.000000000
969 1.000000000 0.000000000 0.000000000
970 0.964167058 0.035832930 0.000000000
971 0.990191460 0.009808544 0.000000000
972 0.920847893 0.079152137 0.000000000
973 0.923892140 0.076107852 0.000000000
974 0.946996450 0.053003531 0.000000000
975 0.938419640 0.061580356 0.000000000
976 0.909354687 0.090645306 0.000000000
977 0.959181190 0.040818833 0.000000000
978 1.000000000 0.000000000 0.000000000
979 0.032289825 0.967710197 0.000000000
980 0.895967722 0.104032248 0.000000000
981 0.913668156 0.086331844 0.000000000
982 0.926687479 0.073312514 0.000000000
983 0.884085417 0.115914613 0.000000000
984 0.880313098 0.119686916 0.000000000
985 0.782104492 0.217895538 0.000000000
986 0.872373760 0.127626255 0.000000000
987 0.872019291 0.127980724 0.000000000
988 0.907864571 0.092135444 0.000000000
989 0.810811222 0.189188793 0.000000000
990 0.945812941 0.054187085 0.000000000
991 0.989416718 0.010583309 0.000000000
992 0.822918892 0.177081093 0.000000000
993 0.011188374 0.988811612 0.000000000
994 0.856172979 0.143827021 0.000000000
995 0.905617058 0.094382919 0.000000000
996 0.811500013 0.188500017 0.000000000
997 0.907374382 0.092625596 0.000000000
998 0.714083791 0.285916239 0.000000000
999 0.714198232 0.285801739 0.000000000
1000 0.860520422 0.139479548 0.000000000
1001 0.855733693 0.144266307 0.000000000
1002 0.821871698 0.178128302 0.000000000
1003 0.928923011 0.071076967 0.000000000
1004 0.984711945 0.015288059 0.000000000
1005 0.887463093 0.112536900 0.000000000
1006 0.887322247 0.112677731 0.000000000
1007 0.061161011 0.938838959 0.000000000
1008 0.868430376 0.131569609 0.000000000
1009 0.879208803 0.120791219 0.000000000
1010 0.847195446 0.152804554 0.000000000
1011 0.742260575 0.257739425 0.000000000
1012 0.821406603 0.178593382 0.000000000
1013 0.835210383 0.164789632 0.000000000
1014 0.637565851 0.362434149 0.000000000
1015 0.537537456 0.462462515 0.000000000
1016 0.660063863 0.339936137 0.000000000
1017 0.699750245 0.300249755 0.000000000
1018 0.702450752 0.297549248 0.000000000
1019 0.705455899 0.294544101 0.000000000
1020 0.753191769 0.246808261 0.000000000
1021 0.064083189 0.935916841 0.000000000
1022 0.638720930 0.361279041 0.000000000
1023 0.630320966 0.369679034 0.000000000
1024 0.591234505 0.408765525 0.000000000
1025 0.675329506 0.324670523 0.000000000
1026 0.634464920 0.365535110 0.000000000
1027 0.709256768 0.290743262 0.000000000
1028 0.625071406 0.374928594 0.000000000
1029 0.762902319 0.237097651 0.000000000
1030 0.790612102 0.209387884 0.000000000
1031 0.694058359 0.305941641 0.000000000
1032 0.723812044 0.276187956 0.000000000
1033 0.734013379 0.265986621 0.000000000
1034 0.760444462 0.239555538 0.000000000
1035 0.039595813 0.960404217 0.000000000
1036 0.559481442 0.440518528 0.000000000
1037 0.496971250 0.503028750 0.000000000
1038 0.460219681 0.539780319 0.000000000
1039 0.584244490 0.415755510 0.000000000
1040 0.695005238 0.304994792 0.000000000
1041 0.668953121 0.331046909 0.000000000
1042 0.794603348 0.205396637 0.000000000
1043 0.835910380 0.164089590 0.000000000
1044 0.737686336 0.262313664 0.000000000
1045 0.857602477 0.142397508 0.000000000
1046 0.798928916 0.201071084 0.000000000
1047 0.852762461 0.147237524 0.000000000
1048 0.818603337 0.181396648 0.000000000
1049 0.036364321 0.963635683 0.000000000
1050 0.522131324 0.477868676 0.000000000
1051 0.391281188 0.608718812 0.000000000
1052 0.553451180 0.446548790 0.000000000
1053 0.488924533 0.511075437 0.000000000
1054 0.357960582 0.642039418 0.000000000
1055 0.493052483 0.506947517 0.000000000
1056 0.529972255 0.470027745 0.000000000
1057 0.550844967 0.449155062 0.000000000
1058 0.558680177 0.441319793 0.000000000
1059 0.527750313 0.472249687 0.000000000
1060 0.641599357 0.358400643 0.000000000
1061 0.583786964 0.416213006 0.000000000
1062 0.605048120 0.394951850 0.000000000
1063 0.038759861 0.961240113 0.000000000
1064 0.163696960 0.836303055 0.000000000
1065 0.167280197 0.832719803 0.000000000
1066 0.118673451 0.881326556 0.000000000
1067 0.109021403 0.890978575 0.000000000
1068 0.148646399 0.851353586 0.000000000
1069 0.181054384 0.818945587 0.000000000
1070 0.135709912 0.864290059 0.000000000
1071 0.105679974 0.894320011 0.000000000
1072 0.163462549 0.836537421 0.000000000
1073 0.198692173 0.801307797 0.000000000
1074 0.142462879 0.857537150 0.000000000
1075 0.201357752 0.798642218 0.000000000
1076 0.147706777 0.852293193 0.000000000
1077 0.083308421 0.916691601 0.000000000
1078 0.051343180 0.948656797 0.000000000
1079 0.034880448 0.965119541 0.000000000
1080 0.002787249 0.997212768 0.000000000
1081 0.048248354 0.951751649 0.000000000
1082 0.046567708 0.953432262 0.000000000
1083 0.031302225 0.968697786 0.000000000
1084 0.000000000 1.000000000 0.000000000
1085 0.015100816 0.984899163 0.000000000
1086 0.035327222 0.964672804 0.000000000
1087 0.035112742 0.964887261 0.000000000
1088 0.041541450 0.958458543 0.000000000
1089 0.027935389 0.972064614 0.000000000
1090 0.035488915 0.964511096 0.000000000
1091 0.067340240 0.932659745 0.000000000
1092 0.000000000 0.130655810 0.869344175
1093 0.000000000 0.439135134 0.560864866
1094 0.000000000 0.497192174 0.502807796
1095 0.000000000 0.435697526 0.564302444
1096 0.000000000 0.623437047 0.376562983
1097 0.000000000 0.570353389 0.429646641
1098 0.000000000 0.594967246 0.405032754
1099 0.000000000 0.510681868 0.489318162
1100 0.000000000 0.617794037 0.382205933
1101 0.000000000 0.551727176 0.448272824
1102 0.000000000 0.609555662 0.390444309
1103 0.000000000 0.593353689 0.406646281
1104 0.000000000 0.622042418 0.377957612
1105 0.000000000 0.533376455 0.466623545
1106 0.000000000 0.009738890 0.990261137
1107 0.000000000 0.627691209 0.372308820
1108 0.000000000 0.578004122 0.421995908
1109 0.000000000 0.656302929 0.343697071
1110 0.000000000 0.667384326 0.332615644
1111 0.000000000 0.694501817 0.305498153
1112 0.000000000 0.626605153 0.373394877
1113 0.000000000 0.696760714 0.303239256
1114 0.000000000 0.649563074 0.350436926
1115 0.000000000 0.743401051 0.256598949
1116 0.000000000 0.808488548 0.191511437
1117 0.000000000 0.801715791 0.198284209
1118 0.000000000 0.568326354 0.431673616
1119 0.000000000 0.566704750 0.433295250
1120 0.000000000 0.134126663 0.865873337
1121 0.000000000 0.599928975 0.400070995
1122 0.000000000 0.669030130 0.330969900
1123 0.000000000 0.703385651 0.296614319
1124 0.000000000 0.712742686 0.287257314
1125 0.000000000 0.612015963 0.387984037
1126 0.000000000 0.734555185 0.265444815
1127 0.000000000 0.727795601 0.272204399
1128 0.000000000 0.747845829 0.252154171
1129 0.000000000 0.732556224 0.267443776
1130 0.000000000 0.816431701 0.183568284
1131 0.000000000 0.619206786 0.380793214
1132 0.000000000 0.609322667 0.390677303
1133 0.000000000 0.625169933 0.374830037
1134 0.000000000 0.062387910 0.937612116
1135 0.000000000 0.733933508 0.266066492
1136 0.000000000 0.766701579 0.233298421
1137 0.000000000 0.797067463 0.202932507
1138 0.000000000 0.732073069 0.267926931
1139 0.000000000 0.796952367 0.203047633
1140 0.000000000 0.772257209 0.227742806
1141 0.000000000 0.784489632 0.215510398
1142 0.000000000 0.793037176 0.206962824
1143 0.000000000 0.863781571 0.136218444
1144 0.000000000 0.730998516 0.269001484
1145 0.000000000 0.606923699 0.393076301
1146 0.000000000 0.711509705 0.288490325
1147 0.000000000 0.706308663 0.293691367
1148 0.000000000 0.149058253 0.850941777
1149 0.000000000 0.788971961 0.211028025
1150 0.000000000 0.841818452 0.158181563
1151 0.000000000 0.792602301 0.207397670
1152 0.000000000 0.855190396 0.144809589
1153 0.000000000 0.763572037 0.236427993
1154 0.000000000 0.810733736 0.189266250
1155 0.000000000 0.774433851 0.225566164
1156 0.000000000 0.858334720 0.141665310
1157 0.000000000 0.693308651 0.306691349
1158 0.000000000 0.645096719 0.354903311
1159 0.000000000 0.606883526 0.393116504
1160 0.000000000 0.655250013 0.344750017
1161 0.000000000 0.675820529 0.324179471
1162 0.000000000 0.005638155 0.994361818
1163 0.000000000 0.791775227 0.208224773
1164 0.000000000 0.776750565 0.223249435
1165 0.000000000 0.815636575 0.184363425
1166 0.000000000 0.712519169 0.287480831
1167 0.000000000 0.824678421 0.175321579
1168 0.000000000 0.803497255 0.196502745
1169 0.000000000 0.950823724 0.049176294
1170 0.000000000 0.795133054 0.204866931
1171 0.000000000 0.814618111 0.185381919
1172 0.000000000 0.800223231 0.199776769
1173 0.000000000 0.836349547 0.163650468
1174 0.000000000 0.822497070 0.177502900
1175 0.000000000 0.840502262 0.159497753
1176 0.000000000 0.034726124 0.965273857
1177 0.000000000 0.861253798 0.138746172
1178 0.000000000 0.849186480 0.150813535
1179 0.000000000 0.856544197 0.143455788
1180 0.000000000 0.924050093 0.075949900
1181 0.000000000 0.879091501 0.120908491
1182 0.000000000 0.916084588 0.083915398
1183 0.000000000 0.878863394 0.121136613
1184 0.000000000 0.867172897 0.132827088
1185 0.000000000 0.905783713 0.094216272
1186 0.000000000 0.867795765 0.132204220
1187 0.000000000 0.840747297 0.159252718
1188 0.000000000 0.900226355 0.099773623
1189 0.000000000 0.916949987 0.083050020
1190 0.000000000 0.136248589 0.863751411
1191 0.000000000 0.838520944 0.161479041
1192 0.000000000 0.869696677 0.130303308
1193 0.000000000 1.000000000 0.000000000
1194 0.000000000 0.997520745 0.002479279
1195 0.000000000 1.000000000 0.000000000
1196 0.000000000 0.812357128 0.187642887
1197 0.000000000 0.689503074 0.310496926
1198 0.000000000 0.720829904 0.279170126
1199 0.000000000 0.710560262 0.289439708
1200 0.000000000 0.743945003 0.256054968
1201 0.000000000 0.772567034 0.227432966
1202 0.000000000 0.803020239 0.196979731
1203 0.000000000 0.777613044 0.222386971
1204 0.000000000 0.000000000 1.000000000
1205 0.000000000 0.796643674 0.203356326
1206 0.000000000 0.825829685 0.174170315
1207 0.000000000 0.855444014 0.144556001
1208 0.000000000 0.905762911 0.094237067
1209 0.000000000 0.690807164 0.309192836
1210 0.000000000 0.802200854 0.197799161
1211 0.000000000 0.763498247 0.236501753
1212 0.000000000 0.701796830 0.298203140
1213 0.000000000 0.814261675 0.185738340
1214 0.000000000 0.736167490 0.263832510
1215 0.000000000 0.874735951 0.125264034
1216 0.000000000 0.887256980 0.112743013
1217 0.000000000 0.848778784 0.151221231
1218 0.000000000 0.090011396 0.909988582
1219 0.000000000 0.808468401 0.191531599
1220 0.000000000 0.836996436 0.163003564
1221 0.000000000 0.805907309 0.194092706
1222 0.000000000 0.597344995 0.402654976
1223 0.000000000 0.583893895 0.416106105
1224 0.000000000 0.623161614 0.376838416
1225 0.000000000 0.573349237 0.426650733
1226 0.000000000 0.612308443 0.387691528
1227 0.000000000 0.591701210 0.408298820
1228 0.000000000 0.662321746 0.337678254
1229 0.000000000 0.798209012 0.201791003
1230 0.000000000 0.726466477 0.273533523
1231 0.000000000 0.717089474 0.282910556
1232 0.000000000 0.128842637 0.871157348
1233 0.000000000 0.613164485 0.386835545
1234 0.000000000 0.665064991 0.334935009
1235 0.000000000 0.284906030 0.715093970
1236 0.000000000 0.168635115 0.831364870
1237 0.000000000 0.175824523 0.824175477
1238 0.000000000 0.121745721 0.878254294
1239 0.000000000 0.138430730 0.861569285
1240 0.000000000 0.176839054 0.823160946
1241 0.000000000 0.111387923 0.888612092
1242 0.000000000 0.226221859 0.773778141
1243 0.000000000 0.266188532 0.733811438
1244 0.000000000 0.287353873 0.712646127
1245 0.000000000 0.326384157 0.673615873
1246 0.000000000 0.045861185 0.954138815
1247 0.000000000 0.102209486 0.897790492
1248 0.000000000 0.076796226 0.923203766
1249 0.000000000 0.060987443 0.939012587
1250 0.000000000 0.051303208 0.948696792
1251 0.000000000 0.049555071 0.950444937
1252 0.000000000 0.076300956 0.923699021
1253 0.000000000 0.043275248 0.956724763
1254 0.000000000 0.051928475 0.948071539
1255 0.000000000 0.088908546 0.911091447
1256 0.000000000 0.108326636 0.891673386
1257 0.000000000 0.114216477 0.885783553
1258 0.000000000 0.148296446 0.851703525
1259 0.000000000 0.080293410 0.919706583
1260 0.000000000 0.000000000 1.000000000
1261 0.000000000 0.000000000 1.000000000
1262 0.000000000 0.022958986 0.977041006
1263 0.000000000 0.015576161 0.984423816
1264 0.000000000 0.000000000 1.000000000
1265 0.000000000 0.015952781 0.984047234
1266 0.000000000 0.073193610 0.926806390
1267 0.000000000 0.101035483 0.898964524
1268 0.000000000 0.039725691 0.960274279
1269 0.000000000 0.054656584 0.945343435
1270 0.000000000 0.070236616 0.929763377
1271 0.000000000 0.162660077 0.837339938
1272 0.000000000 0.044301718 0.955698311
1273 0.000000000 0.090069219 0.909930766
1274 0.000000000 0.348696530 0.651303470
1275 0.000000000 0.000000000 1.000000000
1276 0.000000000 0.186190754 0.813809276
1277 0.000000000 0.220177561 0.779822409
1278 0.000000000 0.318491101 0.681508899
1279 0.000000000 0.283000499 0.716999471
1280 0.000000000 0.264343411 0.735656559
1281 0.000000000 0.286487281 0.713512719
1282 0.000000000 0.322981805 0.677018225
1283 0.000000000 0.197099894 0.802900136
1284 0.000000000 0.379272044 0.620727956
1285 0.000000000 0.315155774 0.684844255
1286 0.000000000 0.297508031 0.702491999
1287 0.000000000 0.322281957 0.677718043
1288 0.000000000 0.269816399 0.730183601
1289 0.000000000 0.000000000 1.000000000
1290 0.000000000 0.138736174 0.861263812
1291 0.000000000 0.218445942 0.781554043
1292 0.000000000 0.205079183 0.794920802
1293 0.000000000 0.257312536 0.742687464
1294 0.000000000 0.221313462 0.778686523
1295 0.000000000 0.185528576 0.814471424
1296 0.000000000 0.204243049 0.795756936
1297 0.000000000 0.419778943 0.580221057
1298 0.000000000 0.294806421 0.705193579
1299 0.000000000 0.277762383 0.722237587
1300 0.000000000 0.589529753 0.410470247
1301 0.000000000 0.610357702 0.389642298
1302 0.000000000 0.654098272 0.345901728
1303 0.000000000 0.000000000 1.000000000
1304 0.000000000 0.524347901 0.475652099
1305 0.000000000 0.508503079 0.491496921
1306 0.000000000 0.516148567 0.483851433
1307 0.000000000 0.488127142 0.511872888
1308 0.000000000 0.554012656 0.445987344
1309 0.000000000 0.434076816 0.565923214
1310 0.000000000 0.579274654 0.420725346
1311 0.000000000 0.619158864 0.380841106
1312 0.000000000 0.574562848 0.425437152
1313 0.000000000 0.678432167 0.321567863
1314 0.000000000 0.644644618 0.355355382
1315 0.000000000 0.671756804 0.328243226
1316 0.000000000 0.601577342 0.398422658
1317 0.000000000 0.000000000 1.000000000
1318 0.000000000 0.604321361 0.395678639
1319 0.000000000 0.653296471 0.346703529
1320 0.000000000 0.629504740 0.370495290
1321 0.000000000 0.663298249 0.336701721
1322 0.000000000 0.650518954 0.349481076
1323 0.000000000 0.681498766 0.318501264
1324 0.000000000 0.665224910 0.334775120
1325 0.000000000 0.583197832 0.416802168
1326 0.000000000 0.830974221 0.169025764
1327 0.000000000 0.808117688 0.191882297
1328 0.000000000 0.837175786 0.162824243
1329 0.000000000 0.834074438 0.165925562
1330 0.000000000 0.840700805 0.159299165
1331 0.000000000 0.000000000 1.000000000
1332 0.000000000 0.826525390 0.173474610
1333 0.000000000 0.830404162 0.169595852
1334 0.000000000 0.792428195 0.207571819
1335 0.000000000 0.874167562 0.125832453
1336 0.000000000 0.873343468 0.126656562
1337 0.000000000 0.847131670 0.152868316
1338 0.000000000 0.814661562 0.185338438
1339 0.000000000 0.910020173 0.089979835
1340 0.000000000 0.918490946 0.081509076
1341 0.000000000 0.976314247 0.023685725
1342 0.000000000 0.871369720 0.128630295
1343 0.000000000 0.917058349 0.082941674
1344 0.000000000 0.863700032 0.136299953
1345 0.000000000 0.000000000 1.000000000
1346 0.000000000 0.823719501 0.176280513
1347 0.000000000 0.828247547 0.171752438
1348 0.000000000 0.822255552 0.177744433
1349 0.000000000 0.855122387 0.144877598
1350 0.000000000 0.869634986 0.130365029
1351 0.000000000 0.788771331 0.211228698
1352 0.000000000 0.979232848 0.020767141
1353 0.000000000 0.947996259 0.052003756
1354 0.000000000 1.000000000 0.000000000
1355 0.000000000 0.965771437 0.034228578
1356 0.000000000 0.966500759 0.033499241
1357 0.000000000 0.950936735 0.049063273
1358 0.000000000 0.985613227 0.014386788
1359 0.000000000 0.000000000 1.000000000
1360 0.000000000 0.925481439 0.074518554
1361 0.000000000 0.949205697 0.050794277
1362 0.000000000 0.999832809 0.000167219
1363 0.000000000 0.943317890 0.056682136
1364 0.000000000 0.938975990 0.061023999
1365 0.000000000 0.970760882 0.029239118
1366 0.000000000 0.955557585 0.044442397
1367 0.000000000 1.000000000 0.000000000
1368 0.000000000 0.859043121 0.140956849
1369 0.000000000 0.941709876 0.058290131
1370 0.000000000 0.836529374 0.163470626
1371 0.000000000 0.892066240 0.107933760
1372 0.000000000 0.922631085 0.077368915
1373 0.000000000 0.000000000 1.000000000
1374 0.000000000 0.837749362 0.162250623
1375 0.000000000 0.873934984 0.126065016
1376 0.000000000 0.919296443 0.080703534
1377 0.000000000 0.822826684 0.177173346
1378 0.000000000 0.933287919 0.066712096
1379 0.000000000 0.876356840 0.123643160
1380 0.000000000 0.893068671 0.106931344
1381 0.000000000 0.841588020 0.158411950
1382 0.000000000 0.863539994 0.136460021
1383 0.000000000 0.776202142 0.223797873
1384 0.000000000 0.869448900 0.130551085
1385 0.000000000 0.898790836 0.101209141
1386 0.000000000 0.907839477 0.092160515
1387 0.000000000 0.000000000 1.000000000
1388 0.000000000 0.841595471 0.158404544
1389 0.000000000 0.797555923 0.202444047
1390 0.000000000 0.812234342 0.187765688
1391 0.000000000 0.794563413 0.205436572
1392 0.000000000 0.785021007 0.214979023
1393 0.000000000 0.787770510 0.212229505
1394 0.000000000 0.739777207 0.260222793
1395 0.000000000 0.713180482 0.286819518
1396 0.000000000 0.622643530 0.377356499
1397 0.000000000 0.764693081 0.235306934
1398 0.000000000 0.881272018 0.118727960
1399 0.000000000 0.895965695 0.104034327
1400 0.000000000 0.841725945 0.158274040
1401 0.000000000 0.000000000 1.000000000
1402 0.000000000 0.454539299 0.545460701
1403 0.000000000 0.538000166 0.461999804
1404 0.000000000 0.151565239 0.848434746
1405 0.000000000 0.075709939 0.924290061
1406 0.000000000 0.113484599 0.886515379
1407 0.000000000 0.051219366 0.948780656
1408 0.000000000 0.039749499 0.960250497
1409 0.000000000 0.029347533 0.970652461
1410 0.000000000 0.035665598 0.964334428
1411 0.000000000 0.171790123 0.828209877
1412 0.000000000 0.192651957 0.807348073
1413 0.000000000 0.255350351 0.744649649
1414 0.000000000 0.184215322 0.815784693
1415 0.000000000 0.000000000 1.000000000
1416 0.000000000 0.000000000 1.000000000
1417 0.000000000 0.000000000 1.000000000
1418 0.000000000 0.050759647 0.949240327
1419 0.000000000 0.000000000 1.000000000
1420 0.000000000 0.017669974 0.982330024
1421 0.000000000 0.011052875 0.988947153
1422 0.000000000 0.000000000 1.000000000
1423 0.000000000 0.026698263 0.973301709
1424 0.000000000 0.051944382 0.948055625
1425 0.000000000 0.035760570 0.964239419
1426 0.000000000 0.046271745 0.953728259
1427 0.000000000 0.021343425 0.978656590
1428 0.000000000 0.000000000 1.000000000
1429 0.000000000 0.000000000 1.000000000
1430 0.051826213 0.000000000 0.948173761
1431 0.932480335 0.029559685 0.037959963
1432 0.989027739 0.000000000 0.010972291
1433 0.940434515 0.028836401 0.030729111
1434 0.927103221 0.055087857 0.017808894
1435 0.909393251 0.034521274 0.056085493
1436 0.883200884 0.000000000 0.116799094
1437 0.915794909 0.041216671 0.042988397
1438 0.953270078 0.014015108 0.032714788
1439 0.921152532 0.034550160 0.044297293
1440 0.960882545 0.000000000 0.039117429
1441 0.824754834 0.041080259 0.134164914
1442 0.930604994 0.000000000 0.069394976
1443 0.888255239 0.030941268 0.080803499
1444 0.031191545 0.000000000 0.968808472
1445 0.987845778 0.012154210 0.000000000
1446 0.922054112 0.059695508 0.018250410
1447 0.863239884 0.066574909 0.070185207
1448 0.902869880 0.026550308 0.070579819
1449 0.812992632 0.069337502 0.117669851
1450 0.920390368 0.045597542 0.034012113
1451 0.902369320 0.052992772 0.044637892
1452 0.842409849 0.053669035 0.103921086
1453 0.887306392 0.029050278 0.083643325
1454 0.799685419 0.128633127 0.071681440
1455 0.832641065 0.076374479 0.090984426
1456 0.861555338 0.138444647 0.000000000
1457 0.819444299 0.154432923 0.026122767
1458 0.000000000 0.000000000 1.000000000
1459 0.893645942 0.055267446 0.051086616
1460 0.856746018 0.055111423 0.088142581
1461 0.869414985 0.076352425 0.054232612
1462 0.831980348 0.073967889 0.094051786
1463 0.879422247 0.058124881 0.062452860
1464 0.936110616 0.028504746 0.035384640
1465 0.793625236 0.103040278 0.103334501
1466 0.905164182 0.056486003 0.038349792
1467 0.787668288 0.123321734 0.089009993
1468 0.847436368 0.109397531 0.043166120
1469 0.802393615 0.112357944 0.085248470
1470 0.858831942 0.046011992 0.095156059
1471 0.800070047 0.142266780 0.057663176
1472 0.086507484 0.000000000 0.913492501
1473 0.886408448 0.111654423 0.001937118
1474 0.816379726 0.116616182 0.067004099
1475 0.787968934 0.114729345 0.097301707
1476 0.766508460 0.163910344 0.069581181
1477 0.927885473 0.057025906 0.015088646
1478 0.866083443 0.083571680 0.050344903
1479 0.800526857 0.125522122 0.073951028
1480 0.860676527 0.086355500 0.052967988
1481 0.896303296 0.103696704 0.000000000
1482 0.846981585 0.110815153 0.042203274
1483 0.877952635 0.099379189 0.022668188
1484 0.876690626 0.119524375 0.003784967
1485 0.818050981 0.133461192 0.048487850
1486 0.045702353 0.000000000 0.954297662
1487 0.768343627 0.188132048 0.043524336
1488 0.885585248 0.080411479 0.034003247
1489 0.777920485 0.179912120 0.042167429
1490 0.939319670 0.060680319 0.000000000
1491 0.944329739 0.048572317 0.007097973
1492 0.894636869 0.061819941 0.043543175
1493 0.879179835 0.091869235 0.028950915
1494 0.950547934 0.049452085 0.000000000
1495 0.773012400 0.184625477 0.042362124
1496 0.851764917 0.137743935 0.010491136
1497 0.810380280 0.145854220 0.043765511
1498 0.768615663 0.166554287 0.064830020
1499 0.756356418 0.218357027 0.025286539
1500 0.082220078 0.035294387 0.882485509
1501 0.722024262 0.207394063 0.070581689
1502 0.704669178 0.237370074 0.057960726
1503 0.761933923 0.186289608 0.051776469
1504 0.766963124 0.208366543 0.024670353
1505 0.767062187 0.187193349 0.045744449
1506 0.759170055 0.213810891 0.027019059
1507 0.788712323 0.145177245 0.066110447
1508 0.774086893 0.185629800 0.040283315
1509 0.814329505 0.185670510 0.000000000
1510 0.772543669 0.194118187 0.033338141
1511 0.740968347 0.209565848 0.049465809
1512 0.730383754 0.269616246 0.000000000
1513 0.631760240 0.327362239 0.040877525
1514 0.003540919 0.000000000 0.996459067
1515 0.758224368 0.187613904 0.054161716
1516 0.746779025 0.220823064 0.032397933
1517 0.706548750 0.236574024 0.056877241
1518 0.640736163 0.346460015 0.012803812
1519 0.592536032 0.371792704 0.035671268
1520 0.755579650 0.218890652 0.025529711
1521 0.628604054 0.317444921 0.053951044
1522 0.693923891 0.306076139 0.000000000
1523 0.628053963 0.359100312 0.012845732
1524 0.530936718 0.419580251 0.049483016
1525 0.573804617 0.419707745 0.006487620
1526 0.518633485 0.427331865 0.054034680
1527 0.563226819 0.436640710 0.000132487
1528 0.027303748 0.000000000 0.972696245
1529 0.584650993 0.357339114 0.058009896
1530 0.542716265 0.394568324 0.062715426
1531 0.533354640 0.426377743 0.040267617
1532 0.464982748 0.465192705 0.069824547
1533 0.594893277 0.405106694 0.000000000
1534 0.690656185 0.278641760 0.030702095
1535 0.711506903 0.285822153 0.002670968
1536 0.587459087 0.399255395 0.013285543
1537 0.583363533 0.383987963 0.032648493
1538 0.598838329 0.392568231 0.008593456
1539 0.481628358 0.483259171 0.035112474
1540 0.531136453 0.425907433 0.042956114
1541 0.623510003 0.328133613 0.048356410
1542 0.063550055 0.000000000 0.936449945
1543 0.538640916 0.342252672 0.119106404
1544 0.502723396 0.434229106 0.063047506
1545 0.508958042 0.457782179 0.033259772
1546 0.599251330 0.344905108 0.055843569
1547 0.619579315 0.380420685 0.000000000
1548 0.616818845 0.383181155 0.000000000
1549 0.534360766 0.458414793 0.007224473
1550 0.548376024 0.415929168 0.035694808
1551 0.580875695 0.419124335 0.000000000
1552 0.474445045 0.506775796 0.018779119
1553 0.482793659 0.517206371 0.000000000
1554 0.533818603 0.458826751 0.007354610
1555 0.546351373 0.453648597 0.000000000
1556 0.000000000 0.000000000 1.000000000
1557 0.235072777 0.711009443 0.053917754
1558 0.265627265 0.734372735 0.000000000
1559 0.325093776 0.650845706 0.024060525
1560 0.372538418 0.585085154 0.042376451
1561 0.329745770 0.670254230 0.000000000
1562 0.234160006 0.765839994 0.000000000
1563 0.295412898 0.664593577 0.039993521
1564 0.250175864 0.732880116 0.016944010
1565 0.298286080 0.661133409 0.040580519
1566 0.265256763 0.714354396 0.020388834
1567 0.317743242 0.682256758 0.000000000
1568 0.278368860 0.721631169 0.000000000
1569 0.247331724 0.752668262 0.000000000
1570 0.045281518 0.000000000 0.954718471
1571 0.082684927 0.902410150 0.014904915
1572 0.091382444 0.867495418 0.041122135
1573 0.018248467 0.923533261 0.058218278
1574 0.037780449 0.941659629 0.020559894
1575 0.009342456 0.906896651 0.083760910
1576 0.052531485 0.877543509 0.069924980
1577 0.030143065 0.897123456 0.072733484
1578 0.009150798 0.891453803 0.099395409
1579 0.052662447 0.898597658 0.048739873
1580 0.047359683 0.928878963 0.023761330
1581 0.021010151 0.942805469 0.036184382
1582 0.029510168 0.922315717 0.048174102
1583 0.048945446 0.917911410 0.033143129
1584 0.048818894 0.000000000 0.951181114
1585 0.020446690 0.887859404 0.091693901
1586 0.072922230 0.166108757 0.760968983
1587 0.065745384 0.078638099 0.855616510
1588 0.068569690 0.175169036 0.756261289
1589 0.022564040 0.118329391 0.859106541
1590 0.021739839 0.055892929 0.922367215
1591 0.000000000 0.104822315 0.895177662
1592 0.055730332 0.227437124 0.716832519
1593 0.055966061 0.246233225 0.697800696
1594 0.010240034 0.196212247 0.793547690
1595 0.022633431 0.221895486 0.755471110
1596 0.027734933 0.247720212 0.724544883
1597 0.000000000 0.367045194 0.632954836
1598 0.048882008 0.028603006 0.922514975
1599 0.029913427 0.081901357 0.888185203
1600 0.966990590 0.002066089 0.030943297
1601 1.000000000 0.000000000 0.000000000
1602 1.000000000 0.000000000 0.000000000
1603 0.978377104 0.021622879 0.000000000
1604 0.937231839 0.025734954 0.037033204
1605 0.896902382 0.056542732 0.046554901
1606 0.898780525 0.040066313 0.061153173
1607 0.935314119 0.042078640 0.022607213
1608 0.912878275 0.041783627 0.045338102
1609 0.963556230 0.001383350 0.035060417
1610 0.930235386 0.000000000 0.069764584
1611 0.922267318 0.033927690 0.043804966
1612 0.871465623 0.047897980 0.080636397
1613 0.025151392 0.079305097 0.895543516
1614 1.000000000 0.000000000 0.000000000
1615 0.963007689 0.021768654 0.015223638
1616 0.949314833 0.050685171 0.000000000
1617 0.992179036 0.007820945 0.000000000
1618 0.956156850 0.043843120 0.000000000
1619 0.972189963 0.027810037 0.000000000
1620 0.999815285 0.000000000 0.000184704
1621 0.919124842 0.080875181 0.000000000
1622 0.935703039 0.063378349 0.000918614
1623 0.975662231 0.024337789 0.000000000
1624 0.948770523 0.042180035 0.009049450
1625 0.971814930 0.002409339 0.025775755
1626 0.887081802 0.074080892 0.038837332
1627 0.039460234 0.037893787 0.922645986
1628 0.965295792 0.032835133 0.001869093
1629 0.961984575 0.033533830 0.004481612
1630 0.935321987 0.033869181 0.030808857
1631 0.947336733 0.027243620 0.025419619
1632 0.901226342 0.050218143 0.048555508
1633 0.942062080 0.046308324 0.011629617
1634 0.903138757 0.020542637 0.076318614
1635 0.919516444 0.052750286 0.027733251
1636 0.976357341 0.000000000 0.023642646
1637 0.937901020 0.056116700 0.005982301
1638 0.920383453 0.000000000 0.079616524
1639 0.872884870 0.034722999 0.092392117
1640 0.939256549 0.014186544 0.046556886
1641 0.051777277 0.000000000 0.948222697
1642 0.836458564 0.130892441 0.032648973
1643 0.906962454 0.093037553 0.000000000
1644 0.916103482 0.073347077 0.010549461
1645 0.905510902 0.081525326 0.012963774
1646 0.935514331 0.050280109 0.014205549
1647 0.913223565 0.069407813 0.017368609
1648 0.881729960 0.118270062 0.000000000
1649 0.936033726 0.063966274 0.000000000
1650 0.921382785 0.078617200 0.000000000
1651 0.857341468 0.098429009 0.044229496
1652 0.901135087 0.083582386 0.015282521
1653 0.919145346 0.080854662 0.000000000
1654 0.912794411 0.034137022 0.053068556
1655 0.000000000 0.072673433 0.927326560
1656 0.866835058 0.133164942 0.000000000
1657 0.932956040 0.067043975 0.000000000
1658 0.878491759 0.121508226 0.000000000
1659 0.929458261 0.069647938 0.000893817
1660 0.943337142 0.056662876 0.000000000
1661 0.923952818 0.076047190 0.000000000
1662 0.929514647 0.049128946 0.021356415
1663 0.974988759 0.025011215 0.000000000
1664 0.814276874 0.122510500 0.063212641
1665 0.803076267 0.161120400 0.035803337
1666 0.877976000 0.101748675 0.020275338
1667 0.833673537 0.124674320 0.041652162
1668 0.826636612 0.157210618 0.016152779
1669 0.110004127 0.140536472 0.749459386
1670 0.801948071 0.173282430 0.024769470
1671 0.789139748 0.184131354 0.026728909
1672 0.803526044 0.187534094 0.008939859
1673 0.828435421 0.149892777 0.021671798
1674 0.767116368 0.218459547 0.014424070
1675 0.741805792 0.238104343 0.020089855
1676 0.858671486 0.128510505 0.012818004
1677 0.880603611 0.068299726 0.051096670
1678 0.904322386 0.078751564 0.016926041
1679 0.952601910 0.046967652 0.000430425
1680 0.912251711 0.052033089 0.035715215
1681 0.871213496 0.114226997 0.014559504
1682 0.906776547 0.072723456 0.020500019
1683 0.038378749 0.153489664 0.808131576
1684 0.889304698 0.090108685 0.020586591
1685 0.865673125 0.134326860 0.000000000
1686 0.883796513 0.116203479 0.000000000
1687 0.838315427 0.161684558 0.000000000
1688 0.901111066 0.097527556 0.001361374
1689 0.911991239 0.088008761 0.000000000
1690 0.812426627 0.134444430 0.053128947
1691 0.867313445 0.116786405 0.015900154
1692 0.848048449 0.151951566 0.000000000
1693 0.896138489 0.095988058 0.007873450
1694 0.814999759 0.183133453 0.001866767
1695 0.871559441 0.119572438 0.008868144
1696 0.798707902 0.197473124 0.003818991
1697 0.032911368 0.139729396 0.827359259
1698 0.694202721 0.305797279 0.000000000
1699 0.748951554 0.251048446 0.000000000
1700 0.727353096 0.272646934 0.000000000
1701 0.697346747 0.302653223 0.000000000
1702 0.753827393 0.246172637 0.000000000
1703 0.735092640 0.216604486 0.048302852
1704 0.751785100 0.145572573 0.102642320
1705 0.750846028 0.216377020 0.032776967
1706 0.816885948 0.106087483 0.077026591
1707 0.736883998 0.205307946 0.057808038
1708 0.793082952 0.163600758 0.043316305
1709 0.706411183 0.242063433 0.051525399
1710 0.809673011 0.146485284 0.043841720
1711 0.051785003 0.170036659 0.778178334
1712 0.647792578 0.296322644 0.055884793
1713 0.654234767 0.307956219 0.037809037
1714 0.648442805 0.329863459 0.021693761
1715 0.664601386 0.335398585 0.000000000
1716 0.519588530 0.468852520 0.011558935
1717 0.483307213 0.516692817 0.000000000
1718 0.505384564 0.494615406 0.000000000
1719 0.535549164 0.464450806 0.000000000
1720 0.497191668 0.502808332 0.000000000
1721 0.541253150 0.452285975 0.006460888
1722 0.455458850 0.544541121 0.000000000
1723 0.537376106 0.462623924 0.000000000
1724 0.517300665 0.482699335 0.000000000
1725 0.000000000 0.149901852 0.850098133
1726 0.206418201 0.772689223 0.020892559
1727 0.240761697 0.698805094 0.060433224
1728 0.148453206 0.794580221 0.056966592
1729 0.307126760 0.689012945 0.003860330
1730 0.308186173 0.657221198 0.034592651
1731 0.246935964 0.737637579 0.015426436
1732 0.275830984 0.698208451 0.025960587
1733 0.365843475 0.619223952 0.014932585
1734 0.321526051 0.631115317 0.047358621
1735 0.339248002 0.653916419 0.006835557
1736 0.360785753 0.639214277 0.000000000
1737 0.342262298 0.657737672 0.000000000
1738 0.331528664 0.668471336 0.000000000
1739 0.075133041 0.107476659 0.817390323
1740 0.132089540 0.788745284 0.079165153
1741 0.113289207 0.783143342 0.103567436
1742 0.005107692 0.994892299 0.000000000
1743 0.000000000 0.925085008 0.074914999
1744 0.000000000 0.823924839 0.176075190
1745 0.013886599 0.887148261 0.098965146
1746 0.022563038 0.871515453 0.105921537
1747 0.000000000 0.888756752 0.111243255
1748 0.023795819 0.889203310 0.087000877
1749 0.075818039 0.880805612 0.043376353
1750 0.058968559 0.878146768 0.062884696
1751 0.029589161 0.956071854 0.014338989
1752 0.028526729 0.957756758 0.013716531
1753 0.073608436 0.022608601 0.903782964
1754 0.000000000 0.883112729 0.116887242
1755 0.000000000 0.178323627 0.821676373
1756 0.005682759 0.154391512 0.839925706
1757 0.014517809 0.102096491 0.883385718
1758 0.000000000 0.042159844 0.957840145
1759 0.000000000 0.134619042 0.865380943
1760 0.004658744 0.149127588 0.846213639
1761 0.030453715 0.105346799 0.864199460
1762 0.000000000 0.197627783 0.802372217
1763 0.019694604 0.160177693 0.820127726
1764 0.044737756 0.214835033 0.740427196
1765 0.041140787 0.323898882 0.634960353
1766 0.033960350 0.181088403 0.784951270
1767 0.017475078 0.141084269 0.841440678
1768 0.053465363 0.946534634 0.000000000
1769 1.000000000 0.000000000 0.000000000
1770 0.953080177 0.046919819 0.000000000
1771 0.957594812 0.042405173 0.000000000
1772 0.921172142 0.078827865 0.000000000
1773 0.930649161 0.069350816 0.000000000
1774 0.978326142 0.021673854 0.000000000
1775 0.954539299 0.045460675 0.000000000
1776 0.950386584 0.049613412 0.000000000
1777 0.971325696 0.028674277 0.000000000
1778 1.000000000 0.000000000 0.000000000
1779 0.950187206 0.049812797 0.000000000
1780 0.951511383 0.048488621 0.000000000
1781 0.973039448 0.026960576 0.000000000
1782 0.078621924 0.921378076 0.000000000
1783 0.976270735 0.023729278 0.000000000
1784 0.989435494 0.010564503 0.000000000
1785 0.957709372 0.042290647 0.000000000
1786 0.934504807 0.065495193 0.000000000
1787 1.000000000 0.000000000 0.000000000
1788 0.938223243 0.061776768 0.000000000
1789 0.972377002 0.027622975 0.000000000
1790 0.994552076 0.005447949 0.000000000
1791 0.991767585 0.008232427 0.000000000
1792 0.966041863 0.033958137 0.000000000
1793 0.965407848 0.034592155 0.000000000
1794 0.979559898 0.020440087 0.000000000
1795 0.989870429 0.010129545 0.000000000
1796 0.019692412 0.980307579 0.000000000
1797 0.938910365 0.061089620 0.000000000
1798 0.948515356 0.051484663 0.000000000
1799 0.911006391 0.088993616 0.000000000
1800 1.000000000 0.000000000 0.000000000
1801 0.968282938 0.031717055 0.000000000
1802 0.977258563 0.022741418 0.000000000
1803 0.972773314 0.027226690 0.000000000
1804 0.980830371 0.019169642 0.000000000
1805 0.953106463 0.046893559 0.000000000
1806 0.963570416 0.036429606 0.000000000
1807 0.991836846 0.008163140 0.000000000
1808 1.000000000 0.000000000 0.000000000
1809 0.970131040 0.029868955 0.000000000
1810 0.070656464 0.929343522 0.000000000
1811 0.857362449 0.142637566 0.000000000
1812 0.849550307 0.150449693 0.000000000
1813 0.951824963 0.048175018 0.000000000
1814 0.884232879 0.115767106 0.000000000
1815 0.919342041 0.080657944 0.000000000
1816 0.913626075 0.086373955 0.000000000
1817 0.908422291 0.091577716 0.000000000
1818 0.936848700 0.063151315 0.000000000
1819 0.909625173 0.090374820 0.000000000
1820 0.917139947 0.082860038 0.000000000
1821 0.957747281 0.042252712 0.000000000
1822 0.899816811 0.100183196 0.000000000
1823 0.945134223 0.054865777 0.000000000
1824 0.000000000 1.000000000 0.000000000
1825 0.836599112 0.163400874 0.000000000
1826 0.952908933 0.047091085 0.000000000
1827 0.886718273 0.113281757 0.000000000
1828 0.892528892 0.107471116 0.000000000
1829 0.928014755 0.071985252 0.000000000
1830 0.925122857 0.074877135 0.000000000
1831 0.923872530 0.076127477 0.000000000
1832 0.931676090 0.068323918 0.000000000
1833 0.896589220 0.103410773 0.000000000
1834 0.928490222 0.071509756 0.000000000
1835 0.936932623 0.063067362 0.000000000
1836 0.975427508 0.024572473 0.000000000
1837 0.938203573 0.061796430 0.000000000
1838 0.109898806 0.890101194 0.000000000
1839 0.917488933 0.082511082 0.000000000
1840 0.881966650 0.118033320 0.000000000
1841 0.818707645 0.181292340 0.000000000
1842 0.901648879 0.098351151 0.000000000
1843 0.920465112 0.079534873 0.000000000
1844 0.843184769 0.156815231 0.000000000
1845 0.858263075 0.141736940 0.000000000
1846 0.899383962 0.100616053 0.000000000
1847 0.946541965 0.053458035 0.000000000
1848 0.890741467 0.109258510 0.000000000
1849 0.936425745 0.063574277 0.000000000
1850 0.938543558 0.061456416 0.000000000
1851 0.926054776 0.073945217 0.000000000
1852 0.000000000 1.000000000 0.000000000
1853 0.876859188 0.123140797 0.000000000
1854 0.873638868 0.126361161 0.000000000
1855 0.878121793 0.121878237 0.000000000
1856 0.849949121 0.150050864 0.000000000
1857 0.862466931 0.137533084 0.000000000
1858 0.885178745 0.114821248 0.000000000
1859 0.859622955 0.140377045 0.000000000
1860 0.934937358 0.065062620 0.000000000
1861 0.807158887 0.192841113 0.000000000
1862 0.851414323 0.148585692 0.000000000
1863 0.872437537 0.127562463 0.000000000
1864 0.899786115 0.100213878 0.000000000
1865 0.924790800 0.075209223 0.000000000
1866 0.000000000 1.000000000 0.000000000
1867 0.788056612 0.211943373 0.000000000
1868 0.865830064 0.134169906 0.000000000
1869 0.827611566 0.172388449 0.000000000
1870 0.706540763 0.293459207 0.000000000
1871 0.766881585 0.233118430 0.000000000
1872 0.879733801 0.120266199 0.000000000
1873 0.912781060 0.087218955 0.000000000
1874 0.831822753 0.168177262 0.000000000
1875 0.941140831 0.058859147 0.000000000
1876 0.849898279 0.150101736 0.000000000
1877 0.916439235 0.083560772 0.000000000
1878 0.860013485 0.139986515 0.000000000
1879 0.914158642 0.085841343 0.000000000
1880 0.015475869 0.984524131 0.000000000
1881 0.816306531 0.183693469 0.000000000
1882 0.769355655 0.230644315 0.000000000
1883 0.802776277 0.197223708 0.000000000
1884 0.741216004 0.258784026 0.000000000
1885 0.876026213 0.123973764 0.000000000
1886 0.915006399 0.084993608 0.000000000
1887 0.857724190 0.142275810 0.000000000
1888 0.949164510 0.050835513 0.000000000
1889 0.917204976 0.082795016 0.000000000
1890 0.888127208 0.111872807 0.000000000
1891 0.859532535 0.140467465 0.000000000
1892 0.960982740 0.039017249 0.000000000
1893 0.902049005 0.097950995 0.000000000
1894 0.007361386 0.992638588 0.000000000
1895 0.699586928 0.300413072 0.000000000
1896 0.677605271 0.322394729 0.000000000
1897 0.553364933 0.446635067 0.000000000
1898 0.686280012 0.313719988 0.000000000
1899 0.675249338 0.324750632 0.000000000
1900 0.689080060 0.310919911 0.000000000
1901 0.692243338 0.307756633 0.000000000
1902 0.715188980 0.284811020 0.000000000
1903 0.671247125 0.328752846 0.000000000
1904 0.668718576 0.331281453 0.000000000
1905 0.681518197 0.318481833 0.000000000
1906 0.640281439 0.359718591 0.000000000
1907 0.627963781 0.372036219 0.000000000
1908 0.006632849 0.993367136 0.000000000
1909 0.444452435 0.555547595 0.000000000
1910 0.481086373 0.518913627 0.000000000
1911 0.331069529 0.668930471 0.000000000
1912 0.359107256 0.640892744 0.000000000
1913 0.292310506 0.707689464 0.000000000
1914 0.365376234 0.634623766 0.000000000
1915 0.426668227 0.573331773 0.000000000
1916 0.360615969 0.639384031 0.000000000
1917 0.449378014 0.550621986 0.000000000
1918 0.446879148 0.553120852 0.000000000
1919 0.420349240 0.579650760 0.000000000
1920 0.418931335 0.581068635 0.000000000
1921 0.474730283 0.525269687 0.000000000
1922 0.078347243 0.921652734 0.000000000
1923 0.159662753 0.840337217 0.000000000
1924 0.000000000 1.000000000 0.000000000
1925 0.014582560 0.985417426 0.000000000
1926 0.000000000 1.000000000 0.000000000
1927 0.023786005 0.976213992 0.000000000
1928 0.034732256 0.965267718 0.000000000
1929 0.030996431 0.969003558 0.000000000
1930 0.049535066 0.950464964 0.000000000
1931 0.061997037 0.938002944 0.000000000
1932 0.003314258 0.996685743 0.000000000
1933 0.003755057 0.996244967 0.000000000
1934 0.012006654 0.987993360 0.000000000
1935 0.004367733 0.995632291 0.000000000
1936 0.031396627 0.968603373 0.000000000
1937 0.035931677 0.964068353 0.000000000
1938 0.948756754 0.051243246 0.000000000
1939 0.887191772 0.112808220 0.000000000
1940 0.966901064 0.033098910 0.000000000
1941 0.874061108 0.125938922 0.000000000
1942 0.938022017 0.061978005 0.000000000
1943 0.956629813 0.043370202 0.000000000
1944 0.919102192 0.080897830 0.000000000
1945 0.930832505 0.069167480 0.000000000
1946 0.978181660 0.021818351 0.000000000
1947 0.937414408 0.062585600 0.000000000
1948 0.925849795 0.074150205 0.000000000
1949 0.918512881 0.081487127 0.000000000
1950 0.883322239 0.116677746 0.000000000
1951 0.072549172 0.927450836 0.000000000
1952 0.893488824 0.106511153 0.000000000
1953 1.000000000 0.000000000 0.000000000
1954 0.858785212 0.141214818 0.000000000
1955 0.972343445 0.027656551 0.000000000
1956 0.970848978 0.029151000 0.000000000
1957 0.974389434 0.025610574 0.000000000
1958 1.000000000 0.000000000 0.000000000
1959 1.000000000 0.000000000 0.000000000
1960 0.897185504 0.102814488 0.000000000
1961 0.982344627 0.017655345 0.000000000
1962 0.947143137 0.052856889 0.000000000
1963 0.794189513 0.205810487 0.000000000
1964 0.762743950 0.237256050 0.000000000
1965 0.000000000 1.000000000 0.000000000
1966 0.986325681 0.013674349 0.000000000
1967 0.762166739 0.237833261 0.000000000
1968 0.863398731 0.136601254 0.000000000
1969 0.858489275 0.141510710 0.000000000
1970 0.938106120 0.061893877 0.000000000
1971 0.862179279 0.137820706 0.000000000
1972 0.938537240 0.061462753 0.000000000
1973 0.942389607 0.057610407 0.000000000
1974 0.862898052 0.137101918 0.000000000
1975 0.957133353 0.042866658 0.000000000
1976 0.945297420 0.054702565 0.000000000
1977 0.963494956 0.036505066 0.000000000
1978 0.945967019 0.054033007 0.000000000
1979 0.000000000 1.000000000 0.000000000
1980 0.727458119 0.272541881 0.000000000
1981 0.883320272 0.116679735 0.000000000
1982 0.919262767 0.080737256 0.000000000
1983 0.962032914 0.037967067 0.000000000
1984 0.874791026 0.125209004 0.000000000
1985 0.938468575 0.061531395 0.000000000
1986 0.913897157 0.086102858 0.000000000
1987 0.870962441 0.129037574 0.000000000
1988 0.880672693 0.119327307 0.000000000
1989 0.792828858 0.207171157 0.000000000
1990 0.842921495 0.157078490 0.000000000
1991 0.843325138 0.156674832 0.000000000
1992 0.966867805 0.033132192 0.000000000
1993 0.011587703 0.988412321 0.000000000
1994 0.786434591 0.213565379 0.000000000
1995 0.857348502 0.142651513 0.000000000
1996 0.893703759 0.106296249 0.000000000
1997 0.846822739 0.153177261 0.000000000
1998 0.878925562 0.121074438 0.000000000
1999 0.825228810 0.174771205 0.000000000
2000 0.829433918 0.170566097 0.000000000
2001 0.887325585 0.112674430 0.000000000
2002 0.853032768 0.146967217 0.000000000
2003 0.843107343 0.156892672 0.000000000
2004 0.850100636 0.149899378 0.000000000
2005 0.956416667 0.043583341 0.000000000
2006 0.784277081 0.215722904 0.000000000
2007 0.058709715 0.941290259 0.000000000
2008 0.718942642 0.281057328 0.000000000
2009 0.843678176 0.156321794 0.000000000
2010 0.744300663 0.255699337 0.000000000
2011 0.886753976 0.113246016 0.000000000
2012 0.769661367 0.230338618 0.000000000
2013 0.655936718 0.344063252 0.000000000
2014 0.777719855 0.222280145 0.000000000
2015 0.714774787 0.285225213 0.000000000
2016 0.726347029 0.273652971 0.000000000
2017 0.803838432 0.196161553 0.000000000
2018 0.886587143 0.113412835 0.000000000
2019 0.802470863 0.197529137 0.000000000
2020 0.797978342 0.202021644 0.000000000
2021 0.013624351 0.986375630 0.000000000
2022 0.785220921 0.214779109 0.000000000
2023 0.795911610 0.204088420 0.000000000
2024 0.739464641 0.260535330 0.000000000
2025 0.714615703 0.285384297 0.000000000
2026 0.761588752 0.238411233 0.000000000
2027 0.772036612 0.227963388 0.000000000
2028 0.719343185 0.280656815 0.000000000
2029 0.783411145 0.216588855 0.000000000
2030 0.701060712 0.298939288 0.000000000
2031 0.803183079 0.196816906 0.000000000
2032 0.704279125 0.295720875 0.000000000
2033 0.715971708 0.284028292 0.000000000
2034 0.740860224 0.259139776 0.000000000
2035 0.041185178 0.958814800 0.000000000
2036 0.617881954 0.382118046 0.000000000
2037 0.730888844 0.269111156 0.000000000
2038 0.661579132 0.338420868 0.000000000
2039 0.641916454 0.358083546 0.000000000
2040 0.583335757 0.416664273 0.000000000
2041 0.650566816 0.349433154 0.000000000
2042 0.753020227 0.246979743 0.000000000
2043 0.664925992 0.335074008 0.000000000
2044 0.791733265 0.208266750 0.000000000
2045 0.637095451 0.362904549 0.000000000
2046 0.696471393 0.303528607 0.000000000
2047 0.622297943 0.377702028 0.000000000
2048 0.813505352 0.186494648 0.000000000
2049 0.009005927 0.990994096 0.000000000
2050 0.632914782 0.367085218 0.000000000
2051 0.631729126 0.368270874 0.000000000
2052 0.524451017 0.475548983 0.000000000
2053 0.595803678 0.404196322 0.000000000
2054 0.581122994 0.418877035 0.000000000
2055 0.597634494 0.402365535 0.000000000
2056 0.594308078 0.405691952 0.000000000
2057 0.733541429 0.266458571 0.000000000
2058 0.506228805 0.493771166 0.000000000
2059 0.713502824 0.286497176 0.000000000
2060 0.554023683 0.445976287 0.000000000
2061 0.769123137 0.230876863 0.000000000
2062 0.712946057 0.287053943 0.000000000
2063 0.028889162 0.971110821 0.000000000
2064 0.462552935 0.537447035 0.000000000
2065 0.325548768 0.674451232 0.000000000
2066 0.396048874 0.603951097 0.000000000
2067 0.462042242 0.537957728 0.000000000
2068 0.394661427 0.605338573 0.000000000
2069 0.436615705 0.563384295 0.000000000
2070 0.523067176 0.476932824 0.000000000
2071 0.482355595 0.517644405 0.000000000
2072 0.468766212 0.531233788 0.000000000
2073 0.472769529 0.527230442 0.000000000
2074 0.486070722 0.513929248 0.000000000
2075 0.515570581 0.484429419 0.000000000
2076 0.448164403 0.551835597 0.000000000
2077 0.000000000 1.000000000 0.000000000
2078 0.212627307 0.787372708 0.000000000
2079 0.255956948 0.744043052 0.000000000
2080 0.176750794 0.823249221 0.000000000
2081 0.137128159 0.862871826 0.000000000
2082 0.212698892 0.787301123 0.000000000
2083 0.240899235 0.759100735 0.000000000
2084 0.180616111 0.819383860 0.000000000
2085 0.215150803 0.784849167 0.000000000
2086 0.214658633 0.785341382 0.000000000
2087 0.245700479 0.754299521 0.000000000
2088 0.193932831 0.806067169 0.000000000
2089 0.244332001 0.755667984 0.000000000
2090 0.246776581 0.753223419 0.000000000
2091 0.025011662 0.974988341 0.000000000
2092 0.102149136 0.897850871 0.000000000
2093 0.059932739 0.940067291 0.000000000
2094 0.009205869 0.990794122 0.000000000
2095 0.031920016 0.968079984 0.000000000
2096 0.031148052 0.968851924 0.000000000
2097 0.000000000 1.000000000 0.000000000
2098 0.000000000 1.000000000 0.000000000
2099 0.019909609 0.980090380 0.000000000
2100 0.048192676 0.951807320 0.000000000
2101 0.019183097 0.980816901 0.000000000
2102 0.025211496 0.974788487 0.000000000
2103 0.071294151 0.928705871 0.000000000
2104 0.001985307 0.998014688 0.000000000
2105 0.035216652 0.964783370 0.000000000
2106 0.000000000 0.338082403 0.661917567
2107 0.000000000 0.698464513 0.301535457
2108 0.000000000 0.750233471 0.249766529
2109 0.000000000 0.766951323 0.233048663
2110 0.000000000 0.674018621 0.325981379
2111 0.000000000 0.729909420 0.270090580
2112 0.000000000 0.772041321 0.227958694
2113 0.000000000 0.753762126 0.246237889
2114 0.000000000 0.744561017 0.255438954
2115 0.000000000 0.697017491 0.302982479
2116 0.000000000 0.651267231 0.348732769
2117 0.000000000 0.723593712 0.276406318
2118 0.000000000 0.721370101 0.278629899
2119 0.000000000 0.763585031 0.236414954
2120 0.000000000 0.474477738 0.525522292
2121 0.000000000 0.680460513 0.319539517
2122 0.000000000 0.742331743 0.257668227
2123 0.000000000 0.720548213 0.279451787
2124 0.000000000 0.721910894 0.278089136
2125 0.000000000 0.741560161 0.258439809
2126 0.000000000 0.752443612 0.247556359
2127 0.000000000 0.747220337 0.252779692
2128 0.000000000 0.718557954 0.281442076
2129 0.000000000 0.744263232 0.255736738
2130 0.000000000 0.814754486 0.185245499
2131 0.000000000 0.757172763 0.242827252
2132 0.000000000 0.867881835 0.132118180
2133 0.000000000 0.790142357 0.209857613
2134 0.000000000 0.489715695 0.510284305
2135 0.000000000 0.838815093 0.161184907
2136 0.000000000 0.779790938 0.220209062
2137 0.000000000 0.868300438 0.131699577
2138 0.000000000 0.829799891 0.170200124
2139 0.000000000 0.823032081 0.176967904
2140 0.000000000 0.870494783 0.129505217
2141 0.000000000 0.802725673 0.197274327
2142 0.000000000 0.846592009 0.153408006
2143 0.000000000 0.840371370 0.159628659
2144 0.000000000 0.845672488 0.154327497
2145 0.000000000 0.956062317 0.043937683
2146 0.000000000 0.937499702 0.062500313
2147 0.000000000 0.902465224 0.097534791
2148 0.000000000 0.638538480 0.361461490
2149 0.000000000 0.969246268 0.030753762
2150 0.000000000 1.000000000 0.000000000
2151 0.000000000 1.000000000 0.000000000
2152 0.000000000 0.964642763 0.035357233
2153 0.000000000 0.982960820 0.017039170
2154 0.000000000 0.930351555 0.069648460
2155 0.000000000 0.934904039 0.065095991
2156 0.000000000 0.988271534 0.011728437
2157 0.000000000 0.928852975 0.071147047
2158 0.000000000 0.897433519 0.102566503
2159 0.000000000 0.846228421 0.153771594
2160 0.000000000 0.889341712 0.110658266
2161 0.000000000 0.908026040 0.091973975
2162 0.000000000 0.649931133 0.350068867
2163 0.000000000 0.947965384 0.052034609
2164 0.000000000 0.926708937 0.073291063
2165 0.000000000 0.930408001 0.069592007
2166 0.000000000 0.969154954 0.030845016
2167 0.000000000 0.946937561 0.053062469
2168 0.000000000 0.886538208 0.113461778
2169 0.000000000 0.923121631 0.076878347
2170 0.000000000 0.887349725 0.112650253
2171 0.000000000 1.000000000 0.000000000
2172 0.000000000 1.000000000 0.000000000
2173 0.000000000 0.984376490 0.015623490
2174 0.000000000 1.000000000 0.000000000
2175 0.000000000 0.983031392 0.016968615
2176 0.000000000 0.710586607 0.289413422
2177 0.000000000 1.000000000 0.000000000
2178 0.000000000 0.985464811 0.014535184
2179 0.000000000 1.000000000 0.000000000
2180 0.000000000 1.000000000 0.000000000
2181 0.000000000 1.000000000 0.000000000
2182 0.000000000 1.000000000 0.000000000
2183 0.000000000 0.986668885 0.013331135
2184 0.000000000 0.976812899 0.023187110
2185 0.000000000 1.000000000 0.000000000
2186 0.000000000 1.000000000 0.000000000
2187 0.000000000 0.997624934 0.002375067
2188 0.000000000 0.996217132 0.003782876
2189 0.000000000 1.000000000 0.000000000
2190 0.000000000 0.632771432 0.367228538
2191 0.000000000 0.930189908 0.069810063
2192 0.000000000 1.000000000 0.000000000
2193 0.000000000 0.978073537 0.021926487
2194 0.000000000 0.968595803 0.031404186
2195 0.000000000 0.977258325 0.022741687
2196 0.000000000 0.970071137 0.029928885
2197 0.000000000 1.000000000 0.000000000
2198 0.000000000 1.000000000 0.000000000
2199 0.000000000 1.000000000 0.000000000
2200 0.000000000 1.000000000 0.000000000
2201 0.000000000 1.000000000 0.000000000
2202 0.000000000 1.000000000 0.000000000
2203 0.000000000 0.980344117 0.019655870
2204 0.000000000 0.689012527 0.310987473
2205 0.000000000 1.000000000 0.000000000
2206 0.000000000 1.000000000 0.000000000
2207 0.000000000 1.000000000 0.000000000
2208 0.000000000 0.990104377 0.009895597
2209 0.000000000 1.000000000 0.000000000
2210 0.000000000 1.000000000 0.000000000
2211 0.000000000 1.000000000 0.000000000
2212 0.000000000 1.000000000 0.000000000
2213 0.000000000 0.999093354 0.000906619
2214 0.000000000 1.000000000 0.000000000
2215 0.000000000 1.000000000 0.000000000
2216 0.000000000 1.000000000 0.000000000
2217 0.000000000 1.000000000 0.000000000
2218 0.000000000 0.840791106 0.159208909
2219 0.000000000 1.000000000 0.000000000
2220 0.000000000 0.987425327 0.012574687
2221 0.000000000 1.000000000 0.000000000
2222 0.000000000 1.000000000 0.000000000
2223 0.000000000 1.000000000 0.000000000
2224 0.000000000 1.000000000 0.000000000
2225 0.000000000 1.000000000 0.000000000
2226 0.000000000 1.000000000 0.000000000
2227 0.000000000 1.000000000 0.000000000
2228 0.000000000 1.000000000 0.000000000
2229 0.000000000 0.997521937 0.002478045
2230 0.000000000 1.000000000 0.000000000
2231 0.000000000 1.000000000 0.000000000
2232 0.000000000 0.357760519 0.642239451
2233 0.000000000 0.986329496 0.013670476
2234 0.000000000 1.000000000 0.000000000
2235 0.000000000 0.970425069 0.029574916
2236 0.000000000 1.000000000 0.000000000
2237 0.000000000 0.994819283 0.005180707
2238 0.000000000 1.000000000 0.000000000
2239 0.000000000 0.997262716 0.002737274
2240 0.000000000 0.998597562 0.001402434
2241 0.000000000 1.000000000 0.000000000
2242 0.000000000 1.000000000 0.000000000
2243 0.000000000 0.998585701 0.001414298
2244 0.000000000 1.000000000 0.000000000
2245 0.000000000 1.000000000 0.000000000
2246 0.000000000 0.776176274 0.223823711
2247 0.000000000 1.000000000 0.000000000
2248 0.000000000 1.000000000 0.000000000
2249 0.000000000 0.976188064 0.023811959
2250 0.000000000 0.964172482 0.035827547
2251 0.000000000 0.939513862 0.060486138
2252 0.000000000 0.918512464 0.081487507
2253 0.000000000 0.946529388 0.053470582
2254 0.000000000 0.924231768 0.075768225
2255 0.000000000 0.925702393 0.074297599
2256 0.000000000 0.933888376 0.066111624
2257 0.000000000 0.955294907 0.044705104
2258 0.000000000 0.903198779 0.096801221
2259 0.000000000 0.984426260 0.015573734
2260 0.000000000 0.436033815 0.563966155
2261 0.000000000 0.885528982 0.114470996
2262 0.000000000 0.841413736 0.158586279
2263 0.000000000 0.765580535 0.234419480
2264 0.000000000 0.782444537 0.217555448
2265 0.000000000 0.738995969 0.261004061
2266 0.000000000 0.794338703 0.205661312
2267 0.000000000 0.731126547 0.268873483
2268 0.000000000 0.796367407 0.203632578
2269 0.000000000 0.786238670 0.213761315
2270 0.000000000 0.823590815 0.176409200
2271 0.000000000 0.853805423 0.146194547
2272 0.000000000 0.867730796 0.132269204
2273 0.000000000 0.850433171 0.149566859
2274 0.000000000 0.583498001 0.416501969
2275 0.000000000 0.003296261 0.996703744
2276 0.000000000 0.486282378 0.513717592
2277 0.000000000 0.515015543 0.484984487
2278 0.000000000 0.644151390 0.355848610
2279 0.000000000 0.611947775 0.388052225
2280 0.000000000 0.693550467 0.306449503
2281 0.000000000 0.695776761 0.304223239
2282 0.000000000 0.696525156 0.303474814
2283 0.000000000 0.761863470 0.238136560
2284 0.000000000 0.663265884 0.336734116
2285 0.000000000 0.683335125 0.316664875
2286 0.000000000 0.722135901 0.277864099
2287 0.000000000 0.809707522 0.190292507
2288 0.000000000 0.473681241 0.526318789
2289 0.000000000 0.000000000 1.000000000
2290 0.000000000 0.462096423 0.537903607
2291 0.000000000 0.578230977 0.421768993
2292 0.000000000 0.574096799 0.425903171
2293 0.000000000 0.723801553 0.276198477
2294 0.000000000 0.677375555 0.322624445
2295 0.000000000 0.712361515 0.287638456
2296 0.000000000 0.731702149 0.268297851
2297 0.000000000 0.649885714 0.350114286
2298 0.000000000 0.722505093 0.277494907
2299 0.000000000 0.770265520 0.229734495
2300 0.000000000 0.779396951 0.220603034
2301 0.000000000 0.525233805 0.474766195
2302 0.000000000 0.455480725 0.544519246
2303 0.000000000 0.051618926 0.948381066
2304 0.000000000 0.580987930 0.419012100
2305 0.000000000 0.607158422 0.392841578
2306 0.000000000 0.657060504 0.342939496
2307 0.000000000 0.614594042 0.385405958
2308 0.000000000 0.663585424 0.336414576
2309 0.000000000 0.709043860 0.290956110
2310 0.000000000 0.642424881 0.357575119
2311 0.000000000 0.665072143 0.334927827
2312 0.000000000 0.639146090 0.360853940
2313 0.000000000 0.755276084 0.244723901
2314 0.000000000 0.670431733 0.329568297
2315 0.000000000 0.549780607 0.450219393
2316 0.000000000 0.603344500 0.396655470
2317 0.000000000 0.000000000 1.000000000
2318 0.000000000 0.669812560 0.330187440
2319 0.000000000 0.738113225 0.261886746
2320 0.000000000 0.758325815 0.241674200
2321 0.000000000 0.791274309 0.208725676
2322 0.000000000 0.789886951 0.210113034
2323 0.000000000 0.754629076 0.245370910
2324 0.000000000 0.762278318 0.237721711
2325 0.000000000 0.725859702 0.274140328
2326 0.000000000 0.775679350 0.224320650
2327 0.000000000 0.641085148 0.358914852
2328 0.000000000 0.422314256 0.577685714
2329 0.000000000 0.564003706 0.435996294
2330 0.000000000 0.534775436 0.465224534
2331 0.000000000 0.000000000 1.000000000
2332 0.000000000 0.717333913 0.282666057
2333 0.000000000 0.735063732 0.264936268
2334 0.000000000 0.781306505 0.218693465
2335 0.000000000 0.708587170 0.291412830
2336 0.000000000 0.747893989 0.252106011
2337 0.000000000 0.746916533 0.253083467
2338 0.000000000 0.744017780 0.255982250
2339 0.000000000 0.825499058 0.174500942
2340 0.000000000 0.850811481 0.149188533
2341 0.000000000 0.763313293 0.236686736
2342 0.000000000 0.840332508 0.159667492
2343 0.000000000 0.801151156 0.198848829
2344 0.000000000 0.888665497 0.111334503
2345 0.000000000 0.032140430 0.967859566
2346 0.000000000 0.892862201 0.107137807
2347 0.000000000 0.900830626 0.099169374
2348 0.000000000 0.898919106 0.101080909
2349 0.000000000 0.898656309 0.101343684
2350 0.000000000 0.915617108 0.084382907
2351 0.000000000 0.888382256 0.111617759
2352 0.000000000 0.860160470 0.139839530
2353 0.000000000 0.934659779 0.065340206
2354 0.000000000 0.783437133 0.216562882
2355 0.000000000 0.894209802 0.105790205
2356 0.000000000 0.857145250 0.142854735
2357 0.000000000 0.935480773 0.064519241
2358 0.000000000 0.925588369 0.074411616
2359 0.000000000 0.000000000 1.000000000
2360 0.000000000 1.000000000 0.000000000
2361 0.000000000 1.000000000 0.000000000
2362 0.000000000 0.972008824 0.027991170
2363 0.000000000 0.953694105 0.046305880
2364 0.000000000 0.998487175 0.001512803
2365 0.000000000 0.961541533 0.038458485
2366 0.000000000 0.791611731 0.208388239
2367 0.000000000 0.785436034 0.214563996
2368 0.000000000 0.787998796 0.212001204
2369 0.000000000 0.759898365 0.240101635
2370 0.000000000 0.839026332 0.160973653
2371 0.000000000 0.776430309 0.223569676
2372 0.000000000 0.755792618 0.244207382
2373 0.000000000 0.025545007 0.974454999
2374 0.000000000 0.921652436 0.078347594
2375 0.000000000 0.890991271 0.109008729
2376 0.000000000 0.877244115 0.122755885
2377 0.000000000 0.812595963 0.187404007
2378 0.000000000 0.851279795 0.148720190
2379 0.000000000 0.908451021 0.091548972
2380 0.000000000 0.871822357 0.128177643
2381 0.000000000 0.903168440 0.096831582
2382 0.000000000 0.853503227 0.146496803
2383 0.000000000 0.847355008 0.152644992
2384 0.000000000 0.899850368 0.100149654
2385 0.000000000 0.881559372 0.118440628
2386 0.000000000 0.943592250 0.056407757
2387 0.000000000 0.090590782 0.909409225
2388 0.000000000 0.895294189 0.104705833
2389 0.000000000 0.923108935 0.076891057
2390 0.000000000 0.919704974 0.080295026
2391 0.000000000 0.906956851 0.093043149
2392 0.000000000 0.872316778 0.127683252
2393 0.000000000 0.787671089 0.212328896
2394 0.000000000 0.853118956 0.146881044
2395 0.000000000 0.865928650 0.134071365
2396 0.000000000 0.908451438 0.091548532
2397 0.000000000 0.909048319 0.090951659
2398 0.000000000 0.864856362 0.135143623
2399 0.000000000 0.971686363 0.028313624
2400 0.000000000 0.950277686 0.049722299
2401 0.000000000 0.000000000 1.000000000
2402 0.000000000 0.888771832 0.111228183
2403 0.000000000 0.792334676 0.207665309
2404 0.000000000 0.902604342 0.097395658
2405 0.000000000 0.542154431 0.457845569
2406 0.000000000 0.412492573 0.587507427
2407 0.000000000 0.484056383 0.515943646
2408 0.000000000 0.470182955 0.529817045
2409 0.000000000 0.578537703 0.421462268
2410 0.000000000 0.558172643 0.441827327
2411 0.000000000 0.487636209 0.512363791
2412 0.000000000 0.742926896 0.257073104
2413 0.000000000 0.713551342 0.286448658
2414 0.000000000 0.679060638 0.320939362
2415 0.000000000 0.026473837 0.973526180
2416 0.000000000 0.374946207 0.625053823
2417 0.000000000 0.443543375 0.556456625
2418 0.000000000 0.081816114 0.918183863
2419 0.000000000 0.033181820 0.966818154
2420 0.000000000 0.006327816 0.993672192
2421 0.000000000 0.010776463 0.989223540
2422 0.000000000 0.042621896 0.957378089
2423 0.000000000 0.065093763 0.934906244
2424 0.000000000 0.000000000 1.000000000
2425 0.000000000 0.016214186 0.983785808
2426 0.000000000 0.120352104 0.879647911
2427 0.000000000 0.079435989 0.920563996
2428 0.000000000 0.150668710 0.849331260
2429 0.000000000 0.000000000 1.000000000
2430 0.000000000 0.000000000 1.000000000
2431 0.000000000 0.000000000 1.000000000
2432 0.000000000 0.000000000 1.000000000
2433 0.000000000 0.017452745 0.982547283
2434 0.000000000 0.001573941 0.998426080
2435 0.000000000 0.000000000 1.000000000
2436 0.000000000 0.000000000 1.000000000
2437 0.000000000 0.038157742 0.961842239
2438 0.000000000 0.027162813 0.972837210
2439 0.000000000 0.034048636 0.965951383
2440 0.000000000 0.000000000 1.000000000
2441 0.000000000 0.000000000 1.000000000
2442 0.000000000 0.000000000 1.000000000
2443 0.000000000 0.000000000 1.000000000
2444 0.000000000 0.023643058 0.976356924
2445 0.897630155 0.071440086 0.030929757
2446 0.919936478 0.035554830 0.044508711
2447 0.903229356 0.055054601 0.041716028
2448 0.949002028 0.032665942 0.018332032
2449 0.886530161 0.060433760 0.053036071
2450 0.937257528 0.028317112 0.034425378
2451 0.916786730 0.041171942 0.042041346
2452 0.933075726 0.028800054 0.038124204
2453 0.911335230 0.057427954 0.031236790
2454 0.955084443 0.016647596 0.028267946
2455 0.976996243 0.023003731 0.000000000
2456 0.914103746 0.029325480 0.056570753
2457 0.960210502 0.027796794 0.011992677
2458 0.016399564 0.000000000 0.983600438
2459 0.913982391 0.031146072 0.054871537
2460 0.922023654 0.022228751 0.055747591
2461 0.905731499 0.037187085 0.057081427
2462 0.871896863 0.052814338 0.075288810
2463 0.933021367 0.015666556 0.051312082
2464 0.928870440 0.020615937 0.050513625
2465 0.927476823 0.030881230 0.041641973
2466 0.945314646 0.018550942 0.036134388
2467 0.929473519 0.028294930 0.042231534
2468 0.940617681 0.059382323 0.000000000
2469 0.899549544 0.050259285 0.050191171
2470 1.000000000 0.000000000 0.000000000
2471 0.995169520 0.000000000 0.004830485
2472 0.023308404 0.000000000 0.976691604
2473 0.919736028 0.034494098 0.045769867
2474 0.959211469 0.000000000 0.040788535
2475 0.912964642 0.028306518 0.058728840
2476 0.947705150 0.000000000 0.052294828
2477 0.941441834 0.014734322 0.043823861
2478 0.949806631 0.009743255 0.040450085
2479 0.964708865 0.000000000 0.035291158
2480 0.950973809 0.000000000 0.049026180
2481 0.938022017 0.059029933 0.002948045
2482 0.967338681 0.000000000 0.032661326
2483 0.946765721 0.053234249 0.000000000
2484 0.938274920 0.061725102 0.000000000
2485 0.951210856 0.048789129 0.000000000
2486 0.057532009 0.000000000 0.942467988
2487 0.939570904 0.017904991 0.042524088
2488 0.941702008 0.030908998 0.027389001
2489 0.934985876 0.023348033 0.041666068
2490 0.884056568 0.063288756 0.052654658
2491 0.949437499 0.016148822 0.034413703
2492 0.912903249 0.049710672 0.037386093
2493 0.905427635 0.032478780 0.062093604
2494 0.967488945 0.023588056 0.008923016
2495 0.941980481 0.033350125 0.024669373
2496 0.974308550 0.023891654 0.001799781
2497 0.976242244 0.022649892 0.001107890
2498 0.913372695 0.048979782 0.037647542
2499 0.953401566 0.000000000 0.046598420
2500 0.046305820 0.000000000 0.953694165
2501 0.905627787 0.035679962 0.058692235
2502 0.923846364 0.034178320 0.041975316
2503 0.937565744 0.039651416 0.022782842
2504 0.912858844 0.046879370 0.040261801
2505 0.907379568 0.069930591 0.022689860
2506 0.914505422 0.041781284 0.043713272
2507 0.940367997 0.040498901 0.019133123
2508 0.883020520 0.069092654 0.047886845
2509 0.912579596 0.029973365 0.057447016
2510 0.899614632 0.053351168 0.047034178
2511 0.933961391 0.066038616 0.000000000
2512 0.864093721 0.078400038 0.057506245
2513 0.913460791 0.049829714 0.036709495
2514 0.000000000 0.000000000 1.000000000
2515 0.878115356 0.045716230 0.076168403
2516 0.897112250 0.013426998 0.089460738
2517 0.874499500 0.023674410 0.101826087
2518 0.904826462 0.020978391 0.074195147
2519 0.840742409 0.081352249 0.077905335
2520 0.819792032 0.141860783 0.038347185
2521 0.807842672 0.147794232 0.044363096
2522 0.821104646 0.143320933 0.035574395
2523 0.882409871 0.117590152 0.000000000
2524 0.765731871 0.219780982 0.014487116
2525 0.860397995 0.109505624 0.030096406
2526 0.875186503 0.116014227 0.008799280
2527 0.815784693 0.124178536 0.060036749
2528 0.000000000 0.000000000 1.000000000
2529 0.825308025 0.130700350 0.043991622
2530 0.783362865 0.186340258 0.030296871
2531 0.802633405 0.180146351 0.017220268
2532 0.800273836 0.199726164 0.000000000
2533 0.826111674 0.173888311 0.000000000
2534 0.755776584 0.244223401 0.000000000
2535 0.699243248 0.273414820 0.027341958
2536 0.619342148 0.337525874 0.043132015
2537 0.685814083 0.297310740 0.016875137
2538 0.687015474 0.256717026 0.056267522
2539 0.752772391 0.212069035 0.035158586
2540 0.688577771 0.256689489 0.054732740
2541 0.697461665 0.265403271 0.037135098
2542 0.017259339 0.000000000 0.982740641
2543 0.673210025 0.253607750 0.073182195
2544 0.636590719 0.291761249 0.071648031
2545 0.612515330 0.328105837 0.059378810
2546 0.646305799 0.324899167 0.028795017
2547 0.638418615 0.333292454 0.028288927
2548 0.709676921 0.268042386 0.022280723
2549 0.660266757 0.282044977 0.057688247
2550 0.683703005 0.283932984 0.032364000
2551 0.678526700 0.258422256 0.063051015
2552 0.696758091 0.244857892 0.058384039
2553 0.675474942 0.249886826 0.074638240
2554 0.653822899 0.283711076 0.062466059
2555 0.656031072 0.290611535 0.053357385
2556 0.000000000 0.000000000 1.000000000
2557 0.716742456 0.249649242 0.033608306
2558 0.655246317 0.324217707 0.020535991
2559 0.652603865 0.347396135 0.000000000
2560 0.632683098 0.367316872 0.000000000
2561 0.539457381 0.460542649 0.000000000
2562 0.508100212 0.491899818 0.000000000
2563 0.434415609 0.564847946 0.000736454
2564 0.486449957 0.474456668 0.039093371
2565 0.653879821 0.343964845 0.002155350
2566 0.451143891 0.547697008 0.001159088
2567 0.640142143 0.341385394 0.018472429
2568 0.576819956 0.401942849 0.021237178
2569 0.616777778 0.383222222 0.000000000
2570 0.000000000 0.000000000 1.000000000
2571 0.425439388 0.565083563 0.009477044
2572 0.433705300 0.552919865 0.013374826
2573 0.374356210 0.606042325 0.019601453
2574 0.182553276 0.782513082 0.034933660
2575 0.144959316 0.789203465 0.065837242
2576 0.123353809 0.823814332 0.052831843
2577 0.190639064 0.752905309 0.056455642
2578 0.218814254 0.718473613 0.062712148
2579 0.206305787 0.765388668 0.028305544
2580 0.292699367 0.649006903 0.058293704
2581 0.294165969 0.680230737 0.025603313
2582 0.253286362 0.706042230 0.040671431
2583 0.335099310 0.636047065 0.028853619
2584 0.028444340 0.030831572 0.940724075
2585 0.118109509 0.817206562 0.064683922
2586 0.125396892 0.842896223 0.031706881
2587 0.009633210 0.935319126 0.055047657
2588 0.025361424 0.896901071 0.077737495
2589 0.016521297 0.920434415 0.063044265
2590 0.007998910 0.926476538 0.065524556
2591 0.000000000 0.943898559 0.056101415
2592 0.019365078 0.948422015 0.032212932
2593 0.045562439 0.902525783 0.051911756
2594 0.025769012 0.959009051 0.015221954
2595 0.023694104 0.972276032 0.004029871
2596 0.076605700 0.920273721 0.003120557
2597 0.005575245 0.990638018 0.003786725
2598 0.000000000 0.054455224 0.945544779
2599 0.000000000 0.926988602 0.073011398
2600 0.028900925 0.111902699 0.859196365
2601 0.025275301 0.099074885 0.875649810
2602 0.001887520 0.173001304 0.825111151
2603 0.024381511 0.117526978 0.858091533
2604 0.034468673 0.135987088 0.829544246
2605 0.000000000 0.115347549 0.884652436
2606 0.032698222 0.178546101 0.788755655
2607 0.032269076 0.305084914 0.662645996
2608 0.016067885 0.278769463 0.705162644
2609 0.022864271 0.310951322 0.666184425
2610 0.010604423 0.468483150 0.520912409
2611 0.020673698 0.396876723 0.582449555
2612 0.017297560 0.024269618 0.958432794
2613 0.000000000 0.136881113 0.863118887
2614 0.719428897 0.175356612 0.105214469
2615 0.764125168 0.132318750 0.103556074
2616 0.738512695 0.154137418 0.107349887
2617 0.810005844 0.107823044 0.082171105
2618 0.762555718 0.159062371 0.078381889
2619 0.778629124 0.140648499 0.080722362
2620 0.784468055 0.144540206 0.070991740
2621 0.762631118 0.169646174 0.067722738
2622 0.725938976 0.206144303 0.067916706
2623 0.774926662 0.193053648 0.032019675
2624 0.788158715 0.173137173 0.038704101
2625 0.793724716 0.140504465 0.065770797
2626 0.871866107 0.078996636 0.049137268
2627 0.031958457 0.179237604 0.788803935
2628 0.757096350 0.128448665 0.114455000
2629 0.761008620 0.148130864 0.090860493
2630 0.791294038 0.137958840 0.070747122
2631 0.729278684 0.206197068 0.064524248
2632 0.839401662 0.097360164 0.063238166
2633 0.805549324 0.144537196 0.049913503
2634 0.753929853 0.176834658 0.069235459
2635 0.780732155 0.151263922 0.068003908
2636 0.847417414 0.109519117 0.043063488
2637 0.846562624 0.116936073 0.036501318
2638 0.810456812 0.106850408 0.082692765
2639 0.920939744 0.055506621 0.023553612
2640 0.841900408 0.067500800 0.090598777
2641 0.076987952 0.149499252 0.773512781
2642 0.779600382 0.153671101 0.066728488
2643 0.816989005 0.121585421 0.061425563
2644 0.796785831 0.146523267 0.056690887
2645 0.874056041 0.077066742 0.048877247
2646 0.834303856 0.131369308 0.034326851
2647 0.794241309 0.130816728 0.074941985
2648 0.774621129 0.175758675 0.049620200
2649 0.826656759 0.142089814 0.031253438
2650 0.840011656 0.127538875 0.032449476
2651 0.836702526 0.120093547 0.043203935
2652 0.903888524 0.027305406 0.068806097
2653 0.896270812 0.062316075 0.041413117
2654 0.866089880 0.055172972 0.078737132
2655 0.096269928 0.004992769 0.898737311
2656 0.903676629 0.033619817 0.062703528
2657 0.883281827 0.053625420 0.063092738
2658 0.870451927 0.094921656 0.034626413
2659 0.836366534 0.116849065 0.046784397
2660 0.857128441 0.092024997 0.050846547
2661 0.823361397 0.121608131 0.055030461
2662 0.840476930 0.091156140 0.068366922
2663 0.896811545 0.047855496 0.055332936
2664 0.856671572 0.063290618 0.080037780
2665 0.796893835 0.109262310 0.093843877
2666 0.806837082 0.089354999 0.103807904
2667 0.790657699 0.105717368 0.103624918
2668 0.768225849 0.129857555 0.101916619
2669 0.099190384 0.000000000 0.900809586
2670 0.628876448 0.276521891 0.094601646
2671 0.721759558 0.200180188 0.078060240
2672 0.742060483 0.179179192 0.078760326
2673 0.707033217 0.196526051 0.096440732
2674 0.699877322 0.221309304 0.078813367
2675 0.706283808 0.207661137 0.086055025
2676 0.783343077 0.113262132 0.103394821
2677 0.683975756 0.227494940 0.088529274
2678 0.734350502 0.248348236 0.017301274
2679 0.665395200 0.308387578 0.026217228
2680 0.777796805 0.189355999 0.032847211
2681 0.732997894 0.239566490 0.027435590
2682 0.765321016 0.227860048 0.006818932
2683 0.073648714 0.000000000 0.926351309
2684 0.657658637 0.321452379 0.020888977
2685 0.722233832 0.250491321 0.027274843
2686 0.696860433 0.252171487 0.050968081
2687 0.702868164 0.271411389 0.025720473
2688 0.670620501 0.314353287 0.015026214
2689 0.733135462 0.242495015 0.024369502
2690 0.628441393 0.346200824 0.025357755
2691 0.704314470 0.295685530 0.000000000
2692 0.679139614 0.320860416 0.000000000
2693 0.679376423 0.300555885 0.020067668
2694 0.670912206 0.307649970 0.021437811
2695 0.750729442 0.245952472 0.003318092
2696 0.644818366 0.322728813 0.032452818
2697 0.045337237 0.000000000 0.954662740
2698 0.714559555 0.264206111 0.021234363
2699 0.605674207 0.340785801 0.053539962
2700 0.616971076 0.349614233 0.033414688
2701 0.624575198 0.358628094 0.016796678
2702 0.666088998 0.287939906 0.045971092
2703 0.659996629 0.318221122 0.021782244
2704 0.675332248 0.322425902 0.002241845
2705 0.562030137 0.424345613 0.013624246
2706 0.663694918 0.307432413 0.028872691
2707 0.628589690 0.349391550 0.022018777
2708 0.673306406 0.313301116 0.013392515
2709 0.625398278 0.344706148 0.029895546
2710 0.678331137 0.289696604 0.031972259
2711 0.031389054 0.000000000 0.968610942
2712 0.512853384 0.439404041 0.047742616
2713 0.531288564 0.450506240 0.018205192
2714 0.536694765 0.463305235 0.000000000
2715 0.549067616 0.410359919 0.040572483
2716 0.572002411 0.393065512 0.034932103
2717 0.501256108 0.451454371 0.047289539
2718 0.466461957 0.492878586 0.040659469
2719 0.463155210 0.491065472 0.045779329
2720 0.491942436 0.458558470 0.049499109
2721 0.559138894 0.406434357 0.034426779
2722 0.464481145 0.495624661 0.039894201
2723 0.534449697 0.441789180 0.023761125
2724 0.569100857 0.430899113 0.000000000
2725 0.060863245 0.007934015 0.931202769
2726 0.389629871 0.592189312 0.018180823
2727 0.407768965 0.579218686 0.013012334
2728 0.484421641 0.505921841 0.009656523
2729 0.486188054 0.512204707 0.001607240
2730 0.385363281 0.598318875 0.016317856
2731 0.411299109 0.568615854 0.020085016
2732 0.374057919 0.604305327 0.021636767
2733 0.377133816 0.596737146 0.026129026
2734 0.480690181 0.519309819 0.000000000
2735 0.348807365 0.651192665 0.000000000
2736 0.480145127 0.519854844 0.000000000
2737 0.513986528 0.486013472 0.000000000
2738 0.460623592 0.532955408 0.006420995
2739 0.013979134 0.089918181 0.896102667
2740 0.233725443 0.766274571 0.000000000
2741 0.291682005 0.683956981 0.024361027
2742 0.277755111 0.713731945 0.008512923
2743 0.020559212 0.979440808 0.000000000
2744 0.041685238 0.958314776 0.000000000
2745 0.026657168 0.964199603 0.009143242
2746 0.053273622 0.943186462 0.003539909
2747 0.062584735 0.937415242 0.000000000
2748 0.000000000 1.000000000 0.000000000
2749 0.074460752 0.916955411 0.008583837
2750 0.114718020 0.866655350 0.018626630
2751 0.039715566 0.934434235 0.025850195
2752 0.087801807 0.912198186 0.000000000
2753 0.050036110 0.020223092 0.929740787
2754 0.000000000 1.000000000 0.000000000
2755 0.016007489 0.983992517 0.000000000
2756 0.003720785 0.965589523 0.030689681
2757 0.000000000 0.926222861 0.073777117
2758 0.000000000 0.940010607 0.059989400
2759 0.006866623 0.951569438 0.041563924
2760 0.000000000 0.973495722 0.026504276
2761 0.000000000 0.971363544 0.028636433
2762 0.000000000 0.964616954 0.035383042
2763 0.008277128 0.961290956 0.030431913
2764 0.000000000 0.946167946 0.053832069
2765 0.043737151 0.956262827 0.000000000
2766 0.000000000 0.986858666 0.013141304
2767 0.000000000 0.075999640 0.924000382
2768 0.000000000 0.946607649 0.053392325
2769 0.000000000 0.189182818 0.810817182
2770 0.000000000 0.184683606 0.815316379
2771 0.000000000 0.170294523 0.829705477
2772 0.000000000 0.130147085 0.869852901
2773 0.000000000 0.225661218 0.774338782
2774 0.000000000 0.180637270 0.819362700
2775 0.000000000 0.144634843 0.855365157
2776 0.000000000 0.261767924 0.738232076
2777 0.000000000 0.268254250 0.731745720
2778 0.000000000 0.343426645 0.656573355
2779 0.000000000 0.469929963 0.530070066
2780 0.000000000 0.494614840 0.505385160
2781 0.000000000 0.057249218 0.942750752
2782 0.015257018 0.984742999 0.000000000
2783 0.886680067 0.113319963 0.000000000
2784 0.883705914 0.116294086 0.000000000
2785 0.899621069 0.100378953 0.000000000
2786 0.857779860 0.142220140 0.000000000
2787 0.847985804 0.152014181 0.000000000
2788 0.908104658 0.091895327 0.000000000
2789 0.897595644 0.102404356 0.000000000
2790 0.869975448 0.130024567 0.000000000
2791 0.868297458 0.131702542 0.000000000
2792 0.904764831 0.095235184 0.000000000
2793 0.922196329 0.077803649 0.000000000
2794 0.878200114 0.121799916 0.000000000
2795 0.889948666 0.110051312 0.000000000
2796 0.035890028 0.964109957 0.000000000
2797 0.862330377 0.137669623 0.000000000
2798 0.877331853 0.122668155 0.000000000
2799 0.867457032 0.132542968 0.000000000
2800 0.859787941 0.140212044 0.000000000
2801 0.869598746 0.130401254 0.000000000
2802 0.865754902 0.134245127 0.000000000
2803 0.865109682 0.134890303 0.000000000
2804 0.871278703 0.128721282 0.000000000
2805 0.888685644 0.111314364 0.000000000
2806 0.896859169 0.103140831 0.000000000
2807 0.832495868 0.167504147 0.000000000
2808 0.918174684 0.081825316 0.000000000
2809 0.928828359 0.071171626 0.000000000
2810 0.064990200 0.935009778 0.000000000
2811 0.846100807 0.153899223 0.000000000
2812 0.861892223 0.138107792 0.000000000
2813 0.825905442 0.174094558 0.000000000
2814 0.878833771 0.121166252 0.000000000
2815 0.872619092 0.127380908 0.000000000
2816 0.827144384 0.172855616 0.000000000
2817 0.806556344 0.193443626 0.000000000
2818 0.848359287 0.151640728 0.000000000
2819 0.860409617 0.139590383 0.000000000
2820 0.820356965 0.179643035 0.000000000
2821 0.947375476 0.052624512 0.000000000
2822 0.982019246 0.017980751 0.000000000
2823 0.997609138 0.002390844 0.000000000
2824 0.114818648 0.885181367 0.000000000
2825 0.899438024 0.100561984 0.000000000
2826 0.895528913 0.104471065 0.000000000
2827 0.899307311 0.100692682 0.000000000
2828 0.866241634 0.133758336 0.000000000
2829 0.915338099 0.084661923 0.000000000
2830 0.886056125 0.113943852 0.000000000
2831 0.879385829 0.120614171 0.000000000
2832 0.913066745 0.086933278 0.000000000
2833 0.856793702 0.143206298 0.000000000
2834 0.949269652 0.050730363 0.000000000
2835 0.925462544 0.074537471 0.000000000
2836 0.928889573 0.071110442 0.000000000
2837 0.943233550 0.056766473 0.000000000
2838 0.002188002 0.997811973 0.000000000
2839 0.874895513 0.125104472 0.000000000
2840 0.928259611 0.071740374 0.000000000
2841 0.911809921 0.088190071 0.000000000
2842 0.896093011 0.103906967 0.000000000
2843 0.884396613 0.115603372 0.000000000
2844 0.908352852 0.091647156 0.000000000
2845 0.917755961 0.082244053 0.000000000
2846 0.871209979 0.128790006 0.000000000
2847 0.889253378 0.110746615 0.000000000
2848 0.865710735 0.134289294 0.000000000
2849 0.960182846 0.039817128 0.000000000
2850 0.925022304 0.074977681 0.000000000
2851 0.891776741 0.108223274 0.000000000
2852 0.048071597 0.951928377 0.000000000
2853 0.946196795 0.053803224 0.000000000
2854 0.927591264 0.072408758 0.000000000
2855 0.885147154 0.114852823 0.000000000
2856 0.907295585 0.092704393 0.000000000
2857 0.895030618 0.104969375 0.000000000
2858 0.903091133 0.096908882 0.000000000
2859 0.879913867 0.120086141 0.000000000
2860 0.830537319 0.169462696 0.000000000
2861 0.826183617 0.173816383 0.000000000
2862 0.832851887 0.167148113 0.000000000
2863 0.891628921 0.108371064 0.000000000
2864 0.881918848 0.118081160 0.000000000
2865 0.891668499 0.108331487 0.000000000
2866 0.000000000 1.000000000 0.000000000
2867 0.830895960 0.169104010 0.000000000
2868 0.794088483 0.205911502 0.000000000
2869 0.795218945 0.204781041 0.000000000
2870 0.803945422 0.196054593 0.000000000
2871 0.832699478 0.167300522 0.000000000
2872 0.792683780 0.207316220 0.000000000
2873 0.677847922 0.322152048 0.000000000
2874 0.696316898 0.303683102 0.000000000
2875 0.693179607 0.306820393 0.000000000
2876 0.697183013 0.302816957 0.000000000
2877 0.752794445 0.247205570 0.000000000
2878 0.707127571 0.292872459 0.000000000
2879 0.789191782 0.210808218 0.000000000
2880 0.000000000 1.000000000 0.000000000
2881 0.697696924 0.302303046 0.000000000
2882 0.684941530 0.315058470 0.000000000
2883 0.692551434 0.307448596 0.000000000
2884 0.664138556 0.335861474 0.000000000
2885 0.714497149 0.285502881 0.000000000
2886 0.764226854 0.235773116 0.000000000
2887 0.673259735 0.326740265 0.000000000
2888 0.699838579 0.300161391 0.000000000
2889 0.752965271 0.247034729 0.000000000
2890 0.765338957 0.234661028 0.000000000
2891 0.768792748 0.231207252 0.000000000
2892 0.775784135 0.224215865 0.000000000
2893 0.745717406 0.254282594 0.000000000
2894 0.000000000 1.000000000 0.000000000
2895 0.692439020 0.307561010 0.000000000
2896 0.689677536 0.310322464 0.000000000
2897 0.714023471 0.285976529 0.000000000
2898 0.628003955 0.371996045 0.000000000
2899 0.749523222 0.250476778 0.000000000
2900 0.792625189 0.207374796 0.000000000
2901 0.740248859 0.259751111 0.000000000
2902 0.812427938 0.187572047 0.000000000
2903 0.835879862 0.164120167 0.000000000
2904 0.745816171 0.254183859 0.000000000
2905 0.864838779 0.135161221 0.000000000
2906 0.809056818 0.190943167 0.000000000
2907 0.787163973 0.212836042 0.000000000
2908 0.001662993 0.998337030 0.000000000
2909 0.623018980 0.376981020 0.000000000
2910 0.627929032 0.372070998 0.000000000
2911 0.640392542 0.359607488 0.000000000
2912 0.465127558 0.534872413 0.000000000
2913 0.375459254 0.624540746 0.000000000
2914 0.388189793 0.611810207 0.000000000
2915 0.404216677 0.595783293 0.000000000
2916 0.485576838 0.514423192 0.000000000
2917 0.445491076 0.554508924 0.000000000
2918 0.482615083 0.517384946 0.000000000
2919 0.461515576 0.538484395 0.000000000
2920 0.452905566 0.547094464 0.000000000
2921 0.427514106 0.572485924 0.000000000
2922 0.000000000 1.000000000 0.000000000
2923 0.329877615 0.670122385 0.000000000
2924 0.363444179 0.636555851 0.000000000
2925 0.101413846 0.898586154 0.000000000
2926 0.127473459 0.872526526 0.000000000
2927 0.144375518 0.855624497 0.000000000
2928 0.170421004 0.829578996 0.000000000
2929 0.204429835 0.795570135 0.000000000
2930 0.118927725 0.881072283 0.000000000
2931 0.137908995 0.862091005 0.000000000
2932 0.171207622 0.828792393 0.000000000
2933 0.226498380 0.773501635 0.000000000
2934 0.192461506 0.807538509 0.000000000
2935 0.141307175 0.858692825 0.000000000
2936 0.036602739 0.963397264 0.000000000
2937 0.025022600 0.974977374 0.000000000
2938 0.000000000 1.000000000 0.000000000
2939 0.000000000 1.000000000 0.000000000
2940 0.000000000 1.000000000 0.000000000
2941 0.000000000 1.000000000 0.000000000
2942 0.000000000 1.000000000 0.000000000
2943 0.000000000 1.000000000 0.000000000
2944 0.000000000 1.000000000 0.000000000
2945 0.000000000 1.000000000 0.000000000
2946 0.016568052 0.983431935 0.000000000
2947 0.000000000 1.000000000 0.000000000
2948 0.004895841 0.995104134 0.000000000
2949 0.031096550 0.968903422 0.000000000
2950 0.000000000 1.000000000 0.000000000
2951 0.016027108 0.983972907 0.000000000
2952 0.870813489 0.129186496 0.000000000
2953 0.925405622 0.074594401 0.000000000
2954 0.945720315 0.054279670 0.000000000
2955 0.961202562 0.038797438 0.000000000
2956 0.967443407 0.032556586 0.000000000
2957 0.980903447 0.019096533 0.000000000
2958 0.945560873 0.054439124 0.000000000
2959 0.963702559 0.036297463 0.000000000
2960 0.956662714 0.043337286 0.000000000
2961 0.930451155 0.069548860 0.000000000
2962 0.917511880 0.082488097 0.000000000
2963 0.950110018 0.049889997 0.000000000
2964 0.924368680 0.075631291 0.000000000
2965 0.001093815 0.998906195 0.000000000
2966 0.919411540 0.080588445 0.000000000
2967 0.961533189 0.038466781 0.000000000
2968 0.905699492 0.094300523 0.000000000
2969 0.944918871 0.055081148 0.000000000
2970 0.946256280 0.053743720 0.000000000
2971 0.920941174 0.079058811 0.000000000
2972 0.937935352 0.062064640 0.000000000
2973 0.952430546 0.047569469 0.000000000
2974 0.921469390 0.078530632 0.000000000
2975 0.896076083 0.103923932 0.000000000
2976 0.925266206 0.074733809 0.000000000
2977 0.950582504 0.049417507 0.000000000
2978 0.870090425 0.129909545 0.000000000
2979 0.043037944 0.956962049 0.000000000
2980 0.927386820 0.072613180 0.000000000
2981 0.926591456 0.073408559 0.000000000
2982 0.939061046 0.060938936 0.000000000
2983 0.947106659 0.052893333 0.000000000
2984 0.924800754 0.075199254 0.000000000
2985 0.947519660 0.052480340 0.000000000
2986 0.955757916 0.044242077 0.000000000
2987 0.922967494 0.077032492 0.000000000
2988 0.932536542 0.067463458 0.000000000
2989 0.898209870 0.101790130 0.000000000
2990 0.994139552 0.005860419 0.000000000
2991 1.000000000 0.000000000 0.000000000
2992 0.985441267 0.014558719 0.000000000
2993 0.061931953 0.938068032 0.000000000
2994 0.939148664 0.060851321 0.000000000
2995 0.918856800 0.081143171 0.000000000
2996 0.946096122 0.053903908 0.000000000
2997 0.930695355 0.069304623 0.000000000
2998 0.906535089 0.093464911 0.000000000
2999 0.994863689 0.005136338 0.000000000
3000 0.924405932 0.075594060 0.000000000
3001 0.910960078 0.089039922 0.000000000
3002 0.897147775 0.102852248 0.000000000
3003 0.942784369 0.057215605 0.000000000
3004 0.931921840 0.068078160 0.000000000
3005 0.955542982 0.044457030 0.000000000
3006 0.961877048 0.038122956 0.000000000
3007 0.000033000 0.999966979 0.000000000
3008 0.889162540 0.110837474 0.000000000
3009 0.945949733 0.054050237 0.000000000
3010 0.915174723 0.084825277 0.000000000
3011 0.859323680 0.140676290 0.000000000
3012 0.972847879 0.027152121 0.000000000
3013 0.892044842 0.107955180 0.000000000
3014 0.897872567 0.102127410 0.000000000
3015 0.873059928 0.126940057 0.000000000
3016 0.837178886 0.162821129 0.000000000
3017 0.789660394 0.210339606 0.000000000
3018 0.874649644 0.125350386 0.000000000
3019 0.868859708 0.131140277 0.000000000
3020 0.854872644 0.145127371 0.000000000
3021 0.033227790 0.966772199 0.000000000
3022 0.829198956 0.170801014 0.000000000
3023 0.876306355 0.123693630 0.000000000
3024 0.852222502 0.147777513 0.000000000
3025 0.881834149 0.118165858 0.000000000
3026 0.773029685 0.226970345 0.000000000
3027 0.803423643 0.196576342 0.000000000
3028 0.799344242 0.200655743 0.000000000
3029 0.873709023 0.126290962 0.000000000
3030 0.840303957 0.159696013 0.000000000
3031 0.856708825 0.143291205 0.000000000
3032 0.897772312 0.102227703 0.000000000
3033 0.893865466 0.106134549 0.000000000
3034 0.876829445 0.123170525 0.000000000
3035 0.060616240 0.939383745 0.000000000
3036 0.865459979 0.134540036 0.000000000
3037 0.861191809 0.138808221 0.000000000
3038 0.859346211 0.140653804 0.000000000
3039 0.775484562 0.224515438 0.000000000
3040 0.804925740 0.195074260 0.000000000
3041 0.823585391 0.176414624 0.000000000
3042 0.595843375 0.404156625 0.000000000
3043 0.572658539 0.427341461 0.000000000
3044 0.599276602 0.400723428 0.000000000
3045 0.621524215 0.378475755 0.000000000
3046 0.677562177 0.322437823 0.000000000
3047 0.629318058 0.370681912 0.000000000
3048 0.740210354 0.259789616 0.000000000
3049 0.080120906 0.919879079 0.000000000
3050 0.584743023 0.415256977 0.000000000
3051 0.641153634 0.358846396 0.000000000
3052 0.572153270 0.427846730 0.000000000
3053 0.619438887 0.380561113 0.000000000
3054 0.586917460 0.413082510 0.000000000
3055 0.669059575 0.330940396 0.000000000
3056 0.653198063 0.346801966 0.000000000
3057 0.631791413 0.368208587 0.000000000
3058 0.682420373 0.317579627 0.000000000
3059 0.730529487 0.269470543 0.000000000
3060 0.747105896 0.252894074 0.000000000
3061 0.774656117 0.225343913 0.000000000
3062 0.683635712 0.316364318 0.000000000
3063 0.014804368 0.985195637 0.000000000
3064 0.613179028 0.386820972 0.000000000
3065 0.618717253 0.381282747 0.000000000
3066 0.609334350 0.390665650 0.000000000
3067 0.619940877 0.380059123 0.000000000
3068 0.688139796 0.311860204 0.000000000
3069 0.657263279 0.342736751 0.000000000
3070 0.751751423 0.248248607 0.000000000
3071 0.758233011 0.241767019 0.000000000
3072 0.764701426 0.235298589 0.000000000
3073 0.809620023 0.190379992 0.000000000
3074 0.791169703 0.208830327 0.000000000
3075 0.793486655 0.206513330 0.000000000
3076 0.793359101 0.206640914 0.000000000
3077 0.004628506 0.995371521 0.000000000
3078 0.614373863 0.385626137 0.000000000
3079 0.522757769 0.477242202 0.000000000
3080 0.580791712 0.419208258 0.000000000
3081 0.484884769 0.515115261 0.000000000
3082 0.430099785 0.569900215 0.000000000
3083 0.431736112 0.568263888 0.000000000
3084 0.470559955 0.529440045 0.000000000
3085 0.546958148 0.453041881 0.000000000
3086 0.520475686 0.479524314 0.000000000
3087 0.575554192 0.424445808 0.000000000
3088 0.564083219 0.435916781 0.000000000
3089 0.515335083 0.484664917 0.000000000
3090 0.559188545 0.440811455 0.000000000
3091 0.042803302 0.957196712 0.000000000
3092 0.360773146 0.639226854 0.000000000
3093 0.343187153 0.656812847 0.000000000
3094 0.258509606 0.741490364 0.000000000
3095 0.265302002 0.734697998 0.000000000
3096 0.313119620 0.686880410 0.000000000
3097 0.280919969 0.719080031 0.000000000
3098 0.319000185 0.680999815 0.000000000
3099 0.285841376 0.714158654 0.000000000
3100 0.339729667 0.660270333 0.000000000
3101 0.321214199 0.678785801 0.000000000
3102 0.330054343 0.669945657 0.000000000
3103 0.383983880 0.616016090 0.000000000
3104 0.281764954 0.718235075 0.000000000
3105 0.030867627 0.969132364 0.000000000
3106 0.113669410 0.886330605 0.000000000
3107 0.011137052 0.988862932 0.000000000
3108 0.018997895 0.981002092 0.000000000
3109 0.038298938 0.961701035 0.000000000
3110 0.013174027 0.986825943 0.000000000
3111 0.029345505 0.970654488 0.000000000
3112 0.000000000 1.000000000 0.000000000
3113 0.016623275 0.983376741 0.000000000
3114 0.034071989 0.965928018 0.000000000
3115 0.027382353 0.972617626 0.000000000
3116 0.036789130 0.963210881 0.000000000
3117 0.039690770 0.960309207 0.000000000
3118 0.025243940 0.974756062 0.000000000
3119 0.027449308 0.972550690 0.000000000
3120 0.000000000 0.140853614 0.859146416
3121 0.000000000 0.086062528 0.913937449
3122 0.000000000 0.137065679 0.862934291
3123 0.000000000 0.024698621 0.975301385
3124 0.000000000 0.095818594 0.904181421
3125 0.000000000 0.029134089 0.970865905
3126 0.000000000 0.149941027 0.850058973
3127 0.000000000 0.046868544 0.953131437
3128 0.000000000 0.064858340 0.935141683
3129 0.000000000 0.000000000 1.000000000
3130 0.000000000 0.000000000 1.000000000
3131 0.000000000 0.069041483 0.930958509
3132 0.000000000 0.180386752 0.819613218
3133 0.000000000 0.289752036 0.710247993
3134 0.000000000 0.228858992 0.771140993
3135 0.000000000 0.274201274 0.725798726
3136 0.000000000 0.249001339 0.750998676
3137 0.000000000 0.232795790 0.767204225
3138 0.000000000 0.120828278 0.879171729
3139 0.000000000 0.232691050 0.767308950
3140 0.000000000 0.214573458 0.785426557
3141 0.000000000 0.221922338 0.778077662
3142 0.000000000 0.068092078 0.931907952
3143 0.000000000 0.000543936 0.999456048
3144 0.000000000 0.208391547 0.791608453
3145 0.000000000 0.169043437 0.830956578
3146 0.000000000 0.140143961 0.859856009
3147 0.000000000 0.225585207 0.774414778
3148 0.000000000 0.255976528 0.744023502
3149 0.000000000 0.139632344 0.860367656
3150 0.000000000 0.145033017 0.854966998
3151 0.000000000 0.114553198 0.885446787
3152 0.000000000 0.171273246 0.828726768
3153 0.000000000 0.184876353 0.815123618
3154 0.000000000 0.161240622 0.838759363
3155 0.000000000 0.000000000 1.000000000
3156 0.000000000 0.098017484 0.901982486
3157 0.000000000 0.251297355 0.748702645
3158 0.000000000 0.292612106 0.707387924
3159 0.000000000 0.366382867 0.633617163
3160 0.000000000 0.440314054 0.559685946
3161 0.000000000 0.398897916 0.601102054
3162 0.000000000 0.317622364 0.682377636
3163 0.000000000 0.397896826 0.602103174
3164 0.000000000 0.352880478 0.647119522
3165 0.000000000 0.440874100 0.559125900
3166 0.000000000 0.437409520 0.562590480
3167 0.000000000 0.364813715 0.635186315
3168 0.000000000 0.208289161 0.791710854
3169 0.000000000 0.293623120 0.706376910
3170 0.000000000 0.514549077 0.485450894
3171 0.000000000 0.438382208 0.561617792
3172 0.000000000 0.276804030 0.723195970
3173 0.000000000 0.235963881 0.764036119
3174 0.000000000 0.276490301 0.723509669
3175 0.000000000 0.257869542 0.742130458
3176 0.000000000 0.332298219 0.667701781
3177 0.000000000 0.115712471 0.884287536
3178 0.000000000 0.321982890 0.678017139
3179 0.000000000 0.201190218 0.798809767
3180 0.000000000 0.233949035 0.766050935
3181 0.000000000 0.144824117 0.855175853
3182 0.000000000 0.137059540 0.862940431
3183 0.000000000 0.220516488 0.779483497
3184 0.000000000 0.401608080 0.598391891
3185 0.000000000 0.398336470 0.601663530
3186 0.000000000 0.512822926 0.487177104
3187 0.000000000 0.500801623 0.499198377
3188 0.000000000 0.533108950 0.466891050
3189 0.000000000 0.521410942 0.478589028
3190 0.000000000 0.187439635 0.812560380
3191 0.000000000 0.344216526 0.655783474
3192 0.000000000 0.362053573 0.637946427
3193 0.000000000 0.354617596 0.645382404
3194 0.000000000 0.239089504 0.760910511
3195 0.000000000 0.342198581 0.657801390
3196 0.000000000 0.440514743 0.559485257
3197 0.000000000 0.542670012 0.457329959
3198 0.000000000 0.382683754 0.617316246
3199 0.000000000 0.387603343 0.612396657
3200 0.000000000 0.442882091 0.557117879
3201 0.000000000 0.421855599 0.578144431
3202 0.000000000 0.405604362 0.594395638
3203 0.000000000 0.442682743 0.557317257
3204 0.000000000 0.237720490 0.762279510
3205 0.000000000 0.380642563 0.619357467
3206 0.000000000 0.509120047 0.490879953
3207 0.000000000 0.293690801 0.706309199
3208 0.000000000 0.377327502 0.622672498
3209 0.000000000 0.324355662 0.675644338
3210 0.000000000 0.611371815 0.388628215
3211 0.000000000 0.687976956 0.312023073
3212 0.000000000 0.785688162 0.214311823
3213 0.000000000 0.672620952 0.327379078
3214 0.000000000 0.816113710 0.183886290
3215 0.000000000 0.680981457 0.319018543
3216 0.000000000 0.672133565 0.327866405
3217 0.000000000 0.804611802 0.195388183
3218 0.000000000 0.372417390 0.627582610
3219 0.000000000 0.582220256 0.417779773
3220 0.000000000 0.494108170 0.505891800
3221 0.000000000 0.663172364 0.336827636
3222 0.000000000 0.596892536 0.403107435
3223 0.000000000 0.757391632 0.242608398
3224 0.000000000 0.498929650 0.501070321
3225 0.000000000 0.545100808 0.454899192
3226 0.000000000 0.525873840 0.474126160
3227 0.000000000 0.528762639 0.471237361
3228 0.000000000 0.448262900 0.551737070
3229 0.000000000 0.516866565 0.483133465
3230 0.000000000 0.571432531 0.428567469
3231 0.000000000 0.550456226 0.449543774
3232 0.000000000 0.109594122 0.890405893
3233 0.000000000 0.420932472 0.579067528
3234 0.000000000 0.479287267 0.520712733
3235 0.000000000 0.484639585 0.515360415
3236 0.000000000 0.603002906 0.396997124
3237 0.000000000 0.914068282 0.085931741
3238 0.000000000 0.914935589 0.085064434
3239 0.000000000 0.933800697 0.066199318
3240 0.000000000 0.929122806 0.070877172
3241 0.000000000 0.942208707 0.057791281
3242 0.000000000 0.956603169 0.043396845
3243 0.000000000 0.916033089 0.083966903
3244 0.000000000 0.913265288 0.086734742
3245 0.000000000 0.940177739 0.059822261
3246 0.000000000 0.168416709 0.831583261
3247 0.000000000 0.866735876 0.133264109
3248 0.000000000 0.903307617 0.096692376
3249 0.000000000 0.901933610 0.098066375
3250 0.000000000 0.985938668 0.014061338
3251 0.000000000 0.999041975 0.000958000
3252 0.000000000 0.991338789 0.008661199
3253 0.000000000 0.997461796 0.002538233
3254 0.000000000 1.000000000 0.000000000
3255 0.000000000 0.973017216 0.026982812
3256 0.000000000 0.979149342 0.020850660
3257 0.000000000 0.947665036 0.052334949
3258 0.000000000 1.000000000 0.000000000
3259 0.000000000 0.955715358 0.044284660
3260 0.000000000 0.426855475 0.573144495
3261 0.000000000 0.876724660 0.123275332
3262 0.000000000 0.926974356 0.073025651
3263 0.000000000 0.920424104 0.079575896
3264 0.000000000 0.935760677 0.064239308
3265 0.000000000 0.860648036 0.139351979
3266 0.000000000 0.873585045 0.126414984
3267 0.000000000 0.850620389 0.149379626
3268 0.000000000 0.857726634 0.142273352
3269 0.000000000 0.905678868 0.094321162
3270 0.000000000 0.960090101 0.039909884
3271 0.000000000 0.961085379 0.038914621
3272 0.000000000 0.958623469 0.041376509
3273 0.000000000 1.000000000 0.000000000
3274 0.000000000 0.243413761 0.756586254
3275 0.000000000 0.723837793 0.276162207
3276 0.000000000 0.591516495 0.408483505
3277 0.000000000 0.562226176 0.437773794
3278 0.000000000 0.576912701 0.423087299
3279 0.000000000 0.480089039 0.519910932
3280 0.000000000 0.450853378 0.549146593
3281 0.000000000 0.464384407 0.535615563
3282 0.000000000 0.537098169 0.462901831
3283 0.000000000 0.588329732 0.411670268
3284 0.000000000 0.641486228 0.358513743
3285 0.000000000 0.527966559 0.472033471
3286 0.000000000 0.662277102 0.337722927
3287 0.000000000 0.664552629 0.335447401
3288 0.000000000 0.160799444 0.839200556
3289 0.000000000 0.000000000 1.000000000
3290 0.000000000 0.293606251 0.706393778
3291 0.000000000 0.310202241 0.689797759
3292 0.000000000 0.312612951 0.687387049
3293 0.000000000 0.302098244 0.697901785
3294 0.000000000 0.283250898 0.716749072
3295 0.000000000 0.477533042 0.522466958
3296 0.000000000 0.450105160 0.549894869
3297 0.000000000 0.318327963 0.681672037
3298 0.000000000 0.308767051 0.691232979
3299 0.000000000 0.380501270 0.619498730
3300 0.000000000 0.431837380 0.568162620
3301 0.000000000 0.557039142 0.442960888
3302 0.000000000 0.494435549 0.505564451
3303 0.000000000 0.000000000 1.000000000
3304 0.000000000 0.478820294 0.521179676
3305 0.000000000 0.557201505 0.442798525
3306 0.000000000 0.556209445 0.443790585
3307 0.000000000 0.624525607 0.375474393
3308 0.000000000 0.624693930 0.375306070
3309 0.000000000 0.609630883 0.390369087
3310 0.000000000 0.663829446 0.336170554
3311 0.000000000 0.520052969 0.479947031
3312 0.000000000 0.545390904 0.454609066
3313 0.000000000 0.631226182 0.368773848
3314 0.000000000 0.689321280 0.310678750
3315 0.000000000 0.431634098 0.568365872
3316 0.000000000 0.380654663 0.619345367
3317 0.000000000 0.016675865 0.983324111
3318 0.000000000 0.368902683 0.631097317
3319 0.000000000 0.339139909 0.660860062
3320 0.000000000 0.394244730 0.605755270
3321 0.000000000 0.486477137 0.513522863
3322 0.000000000 0.470615357 0.529384673
3323 0.000000000 0.475798965 0.524201035
3324 0.000000000 0.393514395 0.606485605
3325 0.000000000 0.376968265 0.623031735
3326 0.000000000 0.391686320 0.608313680
3327 0.000000000 0.486814231 0.513185740
3328 0.000000000 0.488584459 0.511415541
3329 0.000000000 0.433153450 0.566846550
3330 0.000000000 0.490009815 0.509990156
3331 0.000000000 0.000000000 1.000000000
3332 0.000000000 0.477843761 0.522156239
3333 0.000000000 0.476970553 0.523029447
3334 0.000000000 0.575729549 0.424270481
3335 0.000000000 0.539318025 0.460681975
3336 0.000000000 0.569461107 0.430538863
3337 0.000000000 0.527269959 0.472730041
3338 0.000000000 0.497089267 0.502910733
3339 0.000000000 0.526015460 0.473984510
3340 0.000000000 0.630279481 0.369720548
3341 0.000000000 0.511391640 0.488608390
3342 0.000000000 0.413301408 0.586698592
3343 0.000000000 0.495352536 0.504647493
3344 0.000000000 0.437777460 0.562222540
3345 0.000000000 0.000000000 1.000000000
3346 0.000000000 0.497016579 0.502983391
3347 0.000000000 0.609265387 0.390734613
3348 0.000000000 0.546260357 0.453739613
3349 0.000000000 0.605768621 0.394231349
3350 0.000000000 0.598670542 0.401329428
3351 0.000000000 0.591628492 0.408371478
3352 0.000000000 0.558664501 0.441335529
3353 0.000000000 0.678284585 0.321715385
3354 0.000000000 0.623731256 0.376268774
3355 0.000000000 0.509555519 0.490444481
3356 0.000000000 0.573714495 0.426285505
3357 0.000000000 0.580384135 0.419615835
3358 0.000000000 0.589265883 0.410734147
3359 0.000000000 0.000000000 1.000000000
3360 0.000000000 0.719618201 0.280381829
3361 0.000000000 0.702281594 0.297718406
3362 0.000000000 0.669898927 0.330101043
3363 0.000000000 0.646773815 0.353226185
3364 0.000000000 0.651886523 0.348113507
3365 0.000000000 0.659026325 0.340973645
3366 0.000000000 0.762977540 0.237022474
3367 0.000000000 0.809233785 0.190766215
3368 0.000000000 0.695978940 0.304021090
3369 0.000000000 0.763763428 0.236236602
3370 0.000000000 0.753863394 0.246136621
3371 0.000000000 0.756481707 0.243518263
3372 0.000000000 0.795267761 0.204732224
3373 0.000000000 0.000000000 1.000000000
3374 0.000000000 0.884143829 0.115856186
3375 0.000000000 0.908204317 0.091795661
3376 0.000000000 0.879996955 0.120003030
3377 0.000000000 0.832878709 0.167121321
3378 0.000000000 0.838332295 0.161667705
3379 0.000000000 0.859633207 0.140366793
3380 0.000000000 0.829586506 0.170413494
3381 0.000000000 0.796471059 0.203528941
3382 0.000000000 0.835278451 0.164721563
3383 0.000000000 0.795570493 0.204429507
3384 0.000000000 0.796654463 0.203345522
3385 0.000000000 0.786681175 0.213318795
3386 0.000000000 0.808605611 0.191394359
3387 0.000000000 0.000000000 1.000000000
3388 0.000000000 0.869740725 0.130259275
3389 0.000000000 0.865138769 0.134861231
3390 0.000000000 0.865988672 0.134011343
3391 0.000000000 0.789556742 0.210443273
3392 0.000000000 0.880134225 0.119865797
3393 0.000000000 0.797924340 0.202075660
3394 0.000000000 0.749080360 0.250919670
3395 0.000000000 0.823100746 0.176899254
3396 0.000000000 0.756857812 0.243142158
3397 0.000000000 0.733649731 0.266350299
3398 0.000000000 0.714436948 0.285563052
3399 0.000000000 0.797415197 0.202584818
3400 0.000000000 0.790273488 0.209726542
3401 0.000000000 0.000000000 1.000000000
3402 0.000000000 0.884401381 0.115598604
3403 0.000000000 0.847559154 0.152440831
3404 0.000000000 0.857368350 0.142631620
3405 0.000000000 0.921127200 0.078872800
3406 0.000000000 0.911080241 0.088919781
3407 0.000000000 0.857202232 0.142797753
3408 0.000000000 0.970651329 0.029348701
3409 0.000000000 0.924070954 0.075929023
3410 0.000000000 0.946576536 0.053423442
3411 0.000000000 0.898277938 0.101722047
3412 0.000000000 0.925022542 0.074977443
3413 0.000000000 1.000000000 0.000000000
3414 0.000000000 0.958640695 0.041359290
3415 0.000000000 0.000000000 1.000000000
3416 0.000000000 0.911873519 0.088126458
3417 0.000000000 0.841950595 0.158049405
3418 0.000000000 0.843784750 0.156215250
3419 0.000000000 0.915886164 0.084113866
3420 0.000000000 0.870047808 0.129952177
3421 0.000000000 0.910568178 0.089431845
3422 0.000000000 0.882892609 0.117107406
3423 0.000000000 0.911085904 0.088914119
3424 0.000000000 0.833205640 0.166794345
3425 0.000000000 0.875753045 0.124246962
3426 0.000000000 0.913924694 0.086075291
3427 0.000000000 0.950653553 0.049346454
3428 0.000000000 0.960642397 0.039357584
3429 0.000000000 0.000000000 1.000000000
3430 0.000000000 0.715801179 0.284198821
3431 0.000000000 0.712073803 0.287926197
3432 0.000000000 0.197138876 0.802861094
3433 0.000000000 0.172830984 0.827169001
3434 0.000000000 0.193530291 0.806469679
3435 0.000000000 0.136350498 0.863649487
3436 0.000000000 0.169519991 0.830480039
3437 0.000000000 0.198663697 0.801336288
3438 0.000000000 0.089969166 0.910030842
3439 0.000000000 0.287676513 0.712323487
3440 0.000000000 0.374358535 0.625641465
3441 0.000000000 0.381562114 0.618437886
3442 0.000000000 0.419182241 0.580817759
3443 0.000000000 0.000000000 1.000000000
3444 0.000000000 0.000000000 1.000000000
3445 0.000000000 0.022188919 0.977811098
3446 0.000000000 0.018487019 0.981512964
3447 0.000000000 0.016957231 0.983042777
3448 0.000000000 0.008066279 0.991933703
3449 0.000000000 0.008518673 0.991481304
3450 0.000000000 0.054389104 0.945610881
3451 0.000000000 0.010229308 0.989770710
3452 0.000000000 0.010219864 0.989780128
3453 0.000000000 0.036421124 0.963578880
3454 0.000000000 0.000000000 1.000000000
3455 0.000000000 0.000000000 1.000000000
3456 0.000000000 0.000000000 1.000000000
3457 0.000000000 0.000000000 1.000000000
3458 0.057672858 0.000000000 0.942327142
3459 0.879477143 0.003639574 0.116883278
3460 0.870561302 0.044723243 0.084715433
3461 0.855742753 0.054850873 0.089406386
3462 0.913983345 0.004582663 0.081434019
3463 0.788948059 0.106973179 0.104078777
3464 0.870779991 0.042079937 0.087140098
3465 0.845498860 0.060618516 0.093882643
3466 0.913008094 0.016400853 0.070591055
3467 0.886923015 0.026969718 0.086107269
3468 0.911302567 0.018699283 0.069998145
3469 0.864477515 0.056377839 0.079144642
3470 0.877980232 0.035544481 0.086475275
3471 0.948581934 0.008244472 0.043173611
3472 0.038447604 0.000000000 0.961552382
3473 0.943346620 0.030873735 0.025779657
3474 0.917793155 0.037930284 0.044276558
3475 0.956625044 0.000000000 0.043374944
3476 0.855923355 0.073029630 0.071047008
3477 0.939324141 0.000000000 0.060675882
3478 0.918591022 0.036109600 0.045299381
3479 0.950744927 0.000000000 0.049255088
3480 0.944612265 0.000000000 0.055387720
3481 0.934994638 0.000000000 0.065005355
3482 0.988406360 0.000000000 0.011593617
3483 0.950613856 0.000000000 0.049386166
3484 0.935527980 0.043350127 0.021121902
3485 0.963775933 0.002505911 0.033718176
3486 0.024494283 0.000000000 0.975505710
3487 0.944156647 0.016073043 0.039770301
3488 0.933627665 0.025510048 0.040862296
3489 0.907052159 0.050260343 0.042687502
3490 0.940337062 0.022576360 0.037086561
3491 0.913330913 0.033636037 0.053033069
3492 0.975113571 0.000000000 0.024886444
3493 0.930897593 0.035006437 0.034095958
3494 0.961034060 0.000000000 0.038965926
3495 0.954459608 0.022779904 0.022760509
3496 0.954393327 0.045606658 0.000000000
3497 0.916110218 0.000000000 0.083889805
3498 0.974766910 0.000182271 0.025050804
3499 0.923757076 0.028867561 0.047375381
3500 0.065412723 0.000000000 0.934587300
3501 0.937142015 0.000000000 0.062858000
3502 0.919881403 0.018019618 0.062098976
3503 0.889186561 0.033176903 0.077636555
3504 0.938803554 0.000000000 0.061196420
3505 0.947500467 0.000000000 0.052499518
3506 0.930015087 0.000000000 0.069984943
3507 0.943131626 0.000000000 0.056868371
3508 0.973640382 0.000000000 0.026359633
3509 0.970090032 0.000000000 0.029909939
3510 0.978763998 0.000000000 0.021236010
3511 0.980059564 0.000000000 0.019940455
3512 0.958139241 0.000000000 0.041860785
3513 0.937378049 0.002942195 0.059679732
3514 0.033209130 0.000000000 0.966790855
3515 0.875273824 0.040913727 0.083812460
3516 0.919492841 0.000000000 0.080507182
3517 0.931873977 0.013746326 0.054379702
3518 0.960962176 0.002673161 0.036364675
3519 0.956155419 0.023395509 0.020449091
3520 0.957309306 0.000000000 0.042690702
3521 0.972453654 0.000000000 0.027546322
3522 0.950628340 0.010546248 0.038825419
3523 0.896178067 0.023973616 0.079848304
3524 0.908948421 0.017093286 0.073958278
3525 0.925877333 0.014555914 0.059566732
3526 0.838926256 0.081965767 0.079107992
3527 0.919378519 0.000982470 0.079639018
3528 0.106771134 0.000000000 0.893228889
3529 0.842694283 0.108824492 0.048481207
3530 0.751978695 0.166936979 0.081084333
3531 0.835953832 0.098151632 0.065894537
3532 0.813841522 0.129209876 0.056948587
3533 0.774208784 0.147176355 0.078614853
3534 0.845419586 0.131646976 0.022933405
3535 0.768362820 0.188070536 0.043566622
3536 0.875751972 0.062565930 0.061682090
3537 0.913409293 0.060576607 0.026014075
3538 0.913158238 0.023448396 0.063393340
3539 0.845251143 0.062270831 0.092478007
3540 0.832105458 0.109329008 0.058565531
3541 0.764131248 0.140186489 0.095682234
3542 0.000000000 0.120603986 0.879396021
3543 0.808976233 0.125670657 0.065353110
3544 0.816347003 0.114092149 0.069560871
3545 0.848329246 0.127042785 0.024627969
3546 0.797968149 0.165318951 0.036712874
3547 0.842032611 0.125115871 0.032851502
3548 0.838278592 0.126837060 0.034884352
3549 0.712437153 0.223123461 0.064439379
3550 0.767638683 0.181911513 0.050449789
3551 0.731660724 0.201251119 0.067088164
3552 0.703024805 0.204418406 0.092556775
3553 0.744343996 0.159075066 0.096580915
3554 0.671433806 0.237564251 0.091001950
3555 0.734228969 0.205867201 0.059903815
3556 0.000000000 0.057149902 0.942850113
3557 0.668789923 0.253387660 0.077822424
3558 0.699823737 0.229425699 0.070750572
3559 0.675563574 0.254717320 0.069719106
3560 0.686565101 0.245069891 0.068365030
3561 0.693777740 0.275099695 0.031122569
3562 0.758930862 0.186937228 0.054131925
3563 0.715926766 0.197733283 0.086339951
3564 0.732565999 0.181283429 0.086150602
3565 0.745538652 0.144872040 0.109589301
3566 0.713410497 0.197905347 0.088684149
3567 0.642411470 0.221391618 0.136196926
3568 0.681501985 0.234920263 0.083577745
3569 0.659494758 0.244157344 0.096347883
3570 0.027739437 0.000000000 0.972260535
3571 0.723330140 0.238080069 0.038589805
3572 0.692747891 0.262437969 0.044814158
3573 0.706856728 0.293143302 0.000000000
3574 0.661894441 0.314868271 0.023237256
3575 0.604683340 0.385010719 0.010305953
3576 0.654569328 0.345430672 0.000000000
3577 0.575519681 0.408566147 0.015914170
3578 0.600462437 0.354098111 0.045439437
3579 0.661903024 0.305418432 0.032678571
3580 0.540044665 0.393791348 0.066164002
3581 0.604256034 0.351059675 0.044684287
3582 0.635021150 0.298009068 0.066969760
3583 0.671772957 0.267219841 0.061007194
3584 0.024785880 0.000000000 0.975214124
3585 0.613471746 0.386528283 0.000000000
3586 0.559027255 0.440972716 0.000000000
3587 0.488344133 0.511655867 0.000000000
3588 0.220424369 0.762741208 0.016834447
3589 0.161622658 0.834996939 0.003380395
3590 0.193678066 0.802190304 0.004131609
3591 0.128958851 0.832105160 0.038936011
3592 0.275061369 0.691672266 0.033266354
3593 0.231248841 0.715288460 0.053462677
3594 0.234185860 0.721455395 0.044358771
3595 0.228012055 0.750714839 0.021273119
3596 0.259357125 0.731456280 0.009186571
3597 0.290826768 0.695344150 0.013829039
3598 0.041307580 0.174377844 0.784314573
3599 0.168898776 0.831101239 0.000000000
3600 0.167456627 0.832543373 0.000000000
3601 0.000000000 0.929648697 0.070351310
3602 0.007059760 0.915997982 0.076942228
3603 0.000000000 0.933547080 0.066452950
3604 0.000000000 0.941289485 0.058710523
3605 0.000000000 0.942070007 0.057929993
3606 0.000000000 0.965206563 0.034793414
3607 0.023425549 0.887735426 0.088839039
3608 0.016256703 0.928350866 0.055392452
3609 0.018839184 0.946672201 0.034488644
3610 0.002442732 0.958695292 0.038861997
3611 0.000000000 0.957687676 0.042312339
3612 0.000000000 0.069609113 0.930390894
3613 0.007059642 0.903345466 0.089594863
3614 0.020051137 0.177704364 0.802244484
3615 0.021918485 0.218987510 0.759094000
3616 0.023480395 0.212457240 0.764062345
3617 0.007753461 0.195678100 0.796568453
3618 0.003010278 0.142601609 0.854388118
3619 0.009625505 0.107716866 0.882657647
3620 0.031388246 0.225384682 0.743227065
3621 0.020229544 0.336363584 0.643406868
3622 0.024832563 0.337886572 0.637280881
3623 0.016568609 0.322123945 0.661307454
3624 0.017974317 0.441323549 0.540702164
3625 0.022180134 0.490826041 0.486993819
3626 0.069165930 0.008585821 0.922248244
3627 0.103260010 0.153520241 0.743219733
3628 0.731632590 0.000000000 0.268367440
3629 0.775510550 0.000000000 0.224489436
3630 0.758364081 0.000000000 0.241635919
3631 0.761436224 0.000000000 0.238563791
3632 0.746935487 0.000000000 0.253064543
3633 0.752824128 0.014239165 0.232936710
3634 0.742233336 0.054956593 0.202810064
3635 0.783929944 0.000000000 0.216070071
3636 0.715084553 0.000000000 0.284915477
3637 0.759748399 0.000000000 0.240251586
3638 0.788459897 0.000000000 0.211540088
3639 0.821033776 0.014504462 0.164461747
3640 0.880530953 0.005421120 0.114047937
3641 0.129763633 0.152879536 0.717356861
3642 0.792401373 0.070783779 0.136814848
3643 0.825320780 0.035344351 0.139334887
3644 0.778415918 0.055927027 0.165657043
3645 0.780509531 0.038412973 0.181077525
3646 0.777414560 0.091144621 0.131440833
3647 0.802241504 0.067222327 0.130536139
3648 0.850979030 0.000000000 0.149020955
3649 0.810714722 0.000000000 0.189285293
3650 0.831749201 0.000000000 0.168250799
3651 0.835772872 0.000000000 0.164227113
3652 0.784674108 0.083067581 0.132258326
3653 0.895995080 0.000000000 0.104004912
3654 0.849731565 0.000000000 0.150268435
3655 0.153194323 0.172129110 0.674676597
3656 0.851978958 0.000000000 0.148021027
3657 0.830151320 0.000000000 0.169848695
3658 0.724281788 0.000000000 0.275718242
3659 0.895110607 0.003008156 0.101881236
3660 0.852100909 0.014319268 0.133579820
3661 0.817366004 0.000000000 0.182634011
3662 0.771743596 0.000000000 0.228256404
3663 0.886645794 0.000000000 0.113354228
3664 0.884740591 0.000000000 0.115259387
3665 0.914619684 0.021825483 0.063554816
3666 0.907545924 0.000000000 0.092454053
3667 0.923250616 0.000000000 0.076749384
3668 0.873540342 0.000000000 0.126459628
3669 0.193224788 0.089640118 0.717135072
3670 0.936431289 0.000000000 0.063568726
3671 0.885485530 0.000000000 0.114514470
3672 0.897816420 0.019223034 0.082960516
3673 0.892990649 0.016076643 0.090932705
3674 0.915067971 0.000000000 0.084932014
3675 0.881749451 0.013335018 0.104915544
3676 0.923268020 0.000000000 0.076731987
3677 0.954126418 0.000000000 0.045873597
3678 0.934708714 0.000000000 0.065291271
3679 0.857754290 0.028860059 0.113385640
3680 0.876841545 0.000000000 0.123158425
3681 0.832613170 0.041476760 0.125910044
3682 0.866220653 0.011322542 0.122456811
3683 0.126569510 0.121059112 0.752371371
3684 0.766730785 0.067528717 0.165740475
3685 0.828222811 0.061109029 0.110668175
3686 0.805639923 0.082160562 0.112199545
3687 0.831815362 0.033511501 0.134673119
3688 0.785284102 0.028939039 0.185776845
3689 0.814356685 0.064985298 0.120658033
3690 0.823894024 0.053538997 0.122566953
3691 0.822165728 0.081369206 0.096465059
3692 0.770704150 0.113154583 0.116141245
3693 0.759105384 0.115337037 0.125557587
3694 0.767493248 0.082582459 0.149924278
3695 0.744710267 0.125502184 0.129787534
3696 0.777446330 0.091995813 0.130557835
3697 0.233217433 0.000206468 0.766576111
3698 0.784981668 0.120834634 0.094183683
3699 0.709305286 0.191554412 0.099140309
3700 0.779411495 0.080327436 0.140261054
3701 0.763273478 0.122315839 0.114410684
3702 0.704126477 0.206062883 0.089810617
3703 0.751750112 0.165223539 0.083026357
3704 0.713396072 0.246973470 0.039630432
3705 0.875281990 0.038758099 0.085959919
3706 0.812193274 0.068051286 0.119755432
3707 0.815812528 0.090867989 0.093319483
3708 0.807545066 0.107079454 0.085375458
3709 0.799597085 0.098857790 0.101545133
3710 0.776932538 0.111873299 0.111194178
3711 0.100070432 0.109227024 0.790702522
3712 0.790378690 0.114497878 0.095123410
3713 0.802765727 0.127968431 0.069265828
3714 0.748010457 0.090986058 0.161003515
3715 0.706681132 0.217893019 0.075425856
3716 0.793379068 0.102580905 0.104040004
3717 0.800654709 0.126146108 0.073199160
3718 0.733819842 0.198114336 0.068065837
3719 0.681497395 0.265501499 0.053001102
3720 0.699481845 0.239864662 0.060653504
3721 0.723586857 0.205937326 0.070475817
3722 0.701215029 0.218942285 0.079842679
3723 0.701412916 0.213905275 0.084681801
3724 0.725041091 0.220913008 0.054045882
3725 0.051267132 0.109019682 0.839713156
3726 0.718472540 0.222930282 0.058597159
3727 0.746075809 0.214968324 0.038955837
3728 0.677520931 0.308984578 0.013494514
3729 0.699678838 0.222784847 0.077536322
3730 0.702682078 0.275893629 0.021424294
3731 0.757541716 0.153047919 0.089410372
3732 0.690924823 0.186064571 0.123010598
3733 0.659088790 0.211689904 0.129221275
3734 0.727426767 0.141101897 0.131471351
3735 0.722227991 0.129676640 0.148095399
3736 0.708318830 0.128106430 0.163574710
3737 0.745070100 0.200413615 0.054516301
3738 0.757102489 0.159146413 0.083751127
3739 0.092631251 0.168465495 0.738903284
3740 0.751102865 0.085798442 0.163098678
3741 0.675165415 0.224041268 0.100793317
3742 0.715287387 0.202121928 0.082590662
3743 0.690656841 0.293079615 0.016263517
3744 0.786313593 0.213686422 0.000000000
3745 0.713266611 0.285122782 0.001610596
3746 0.740736425 0.259263575 0.000000000
3747 0.795747876 0.198785082 0.005467018
3748 0.724725842 0.262033463 0.013240693
3749 0.713045537 0.279270679 0.007683783
3750 0.795541048 0.194380373 0.010078581
3751 0.856877208 0.143122807 0.000000000
3752 0.826083481 0.173916534 0.000000000
3753 0.005240863 0.188697845 0.806061268
3754 0.782788992 0.205059767 0.012151261
3755 0.786179304 0.157340482 0.056480203
3756 0.734436572 0.256097853 0.009465597
3757 0.381278813 0.567623198 0.051097970
3758 0.334459692 0.598262310 0.067277998
3759 0.237313896 0.716392517 0.046293560
3760 0.343737930 0.612676263 0.043585781
3761 0.408058047 0.549798429 0.042143527
3762 0.352890700 0.560786247 0.086323075
3763 0.499301195 0.479589701 0.021109097
3764 0.438460112 0.549242437 0.012297474
3765 0.396279424 0.543368340 0.060352270
3766 0.441768110 0.498144031 0.060087867
3767 0.135824680 0.000000000 0.864175320
3768 0.260559529 0.643395185 0.096045271
3769 0.285891175 0.669594169 0.044514664
3770 0.027001480 0.939441621 0.033556879
3771 0.011828409 0.912895858 0.075275712
3772 0.000000000 0.933430731 0.066569246
3773 0.000000000 0.932969093 0.067030936
3774 0.029097613 0.918269515 0.052632872
3775 0.034231953 0.910453081 0.055314992
3776 0.054790363 0.858910024 0.086299628
3777 0.035167187 0.894177556 0.070655249
3778 0.000000000 0.970494866 0.029505128
3779 0.037997928 0.955796301 0.006205799
3780 0.012254101 0.943719089 0.044026829
3781 0.116813019 0.000000000 0.883186996
3782 0.026455620 0.882379651 0.091164701
3783 0.000000000 0.089339741 0.910660267
3784 0.000000000 0.190738454 0.809261560
3785 0.000000000 0.161308944 0.838691056
3786 0.000000000 0.141110480 0.858889520
3787 0.000000000 0.137323573 0.862676442
3788 0.013424958 0.104951702 0.881623328
3789 0.014878782 0.142431259 0.842689931
3790 0.000000000 0.324253649 0.675746322
3791 0.004898276 0.258691549 0.736410201
3792 0.047367290 0.275751382 0.676881313
3793 0.031512342 0.436502308 0.531985343
3794 0.030353241 0.320209086 0.649437666
3795 0.080444708 0.029841932 0.889713347
3796 0.113472961 0.886527061 0.000000000
3797 0.976815701 0.023184279 0.000000000
3798 0.994916141 0.005083877 0.000000000
3799 0.961513162 0.038486868 0.000000000
3800 0.916948915 0.083051100 0.000000000
3801 0.909929574 0.090070434 0.000000000
3802 0.982579231 0.017420780 0.000000000
3803 0.930974424 0.069025591 0.000000000
3804 0.971956909 0.028043065 0.000000000
3805 0.956485868 0.043514125 0.000000000
3806 0.988020182 0.011979837 0.000000000
3807 0.975749969 0.024250038 0.000000000
3808 0.961770296 0.038229708 0.000000000
3809 1.000000000 0.000000000 0.000000000
3810 0.134960726 0.865039289 0.000000000
3811 0.978724182 0.021275830 0.000000000
3812 0.959169149 0.040830828 0.000000000
3813 0.960590839 0.039409161 0.000000000
3814 0.921865821 0.078134164 0.000000000
3815 0.990388095 0.009611889 0.000000000
3816 0.898294449 0.101705536 0.000000000
3817 0.985039175 0.014960838 0.000000000
3818 0.985618114 0.014381866 0.000000000
3819 0.980231702 0.019768290 0.000000000
3820 0.994772375 0.005227644 0.000000000
3821 0.932538152 0.067461833 0.000000000
3822 0.992835283 0.007164707 0.000000000
3823 1.000000000 0.000000000 0.000000000
3824 0.127813041 0.872186959 0.000000000
3825 1.000000000 0.000000000 0.000000000
3826 0.978718042 0.021281950 0.000000000
3827 0.941314757 0.058685251 0.000000000
3828 1.000000000 0.000000000 0.000000000
3829 0.927904487 0.072095491 0.000000000
3830 0.961869121 0.038130872 0.000000000
3831 0.970693111 0.029306903 0.000000000
3832 1.000000000 0.000000000 0.000000000
3833 1.000000000 0.000000000 0.000000000
3834 0.994978428 0.005021601 0.000000000
3835 1.000000000 0.000000000 0.000000000
3836 1.000000000 0.000000000 0.000000000
3837 1.000000000 0.000000000 0.000000000
3838 0.154714882 0.845285118 0.000000000
3839 0.939963341 0.060036678 0.000000000
3840 0.966870129 0.033129875 0.000000000
3841 0.973277211 0.026722804 0.000000000
3842 0.894465625 0.105534375 0.000000000
3843 1.000000000 0.000000000 0.000000000
3844 0.986868680 0.013131306 0.000000000
3845 0.972507656 0.027492350 0.000000000
3846 1.000000000 0.000000000 0.000000000
3847 0.968341708 0.031658269 0.000000000
3848 1.000000000 0.000000000 0.000000000
3849 1.000000000 0.000000000 0.000000000
3850 1.000000000 0.000000000 0.000000000
3851 1.000000000 0.000000000 0.000000000
3852 0.125805393 0.874194622 0.000000000
3853 0.912710309 0.087289661 0.000000000
3854 0.955807090 0.044192918 0.000000000
3855 0.896993935 0.103006065 0.000000000
3856 0.954821765 0.045178261 0.000000000
3857 0.992531419 0.007468609 0.000000000
3858 1.000000000 0.000000000 0.000000000
3859 1.000000000 0.000000000 0.000000000
3860 0.978254974 0.021745019 0.000000000
3861 0.901989937 0.098010078 0.000000000
3862 0.950100064 0.049899913 0.000000000
3863 1.000000000 0.000000000 0.000000000
3864 0.986346126 0.013653845 0.000000000
3865 0.927917063 0.072082959 0.000000000
3866 0.206551388 0.793448627 0.000000000
3867 0.912714720 0.087285288 0.000000000
3868 0.818124771 0.181875259 0.000000000
3869 0.859087110 0.140912905 0.000000000
3870 0.908215046 0.091784969 0.000000000
3871 0.917729378 0.082270600 0.000000000
3872 0.905461967 0.094538048 0.000000000
3873 0.879654348 0.120345674 0.000000000
3874 0.970469773 0.029530251 0.000000000
3875 1.000000000 0.000000000 0.000000000
3876 1.000000000 0.000000000 0.000000000
3877 1.000000000 0.000000000 0.000000000
3878 1.000000000 0.000000000 0.000000000
3879 1.000000000 0.000000000 0.000000000
3880 0.000000000 1.000000000 0.000000000
3881 0.823756993 0.176243007 0.000000000
3882 0.907806277 0.092193700 0.000000000
3883 0.916296780 0.083703198 0.000000000
3884 0.889383197 0.110616818 0.000000000
3885 0.926544905 0.073455118 0.000000000
3886 0.909113705 0.090886272 0.000000000
3887 0.865817428 0.134182557 0.000000000
3888 0.903148711 0.096851267 0.000000000
3889 0.854917705 0.145082295 0.000000000
3890 0.881735384 0.118264616 0.000000000
3891 0.837094724 0.162905276 0.000000000
3892 0.894095421 0.105904564 0.000000000
3893 0.917340457 0.082659550 0.000000000
3894 0.000000000 1.000000000 0.000000000
3895 0.754660547 0.245339453 0.000000000
3896 0.825133801 0.174866199 0.000000000
3897 0.782146692 0.217853323 0.000000000
3898 0.769496202 0.230503798 0.000000000
3899 0.807135582 0.192864403 0.000000000
3900 0.906032383 0.093967624 0.000000000
3901 0.884465516 0.115534469 0.000000000
3902 0.880157828 0.119842187 0.000000000
3903 0.936327994 0.063672014 0.000000000
3904 0.864773393 0.135226622 0.000000000
3905 0.905165792 0.094834201 0.000000000
3906 0.824192703 0.175807297 0.000000000
3907 0.875373244 0.124626786 0.000000000
3908 0.006091701 0.993908286 0.000000000
3909 0.820942938 0.179057032 0.000000000
3910 0.774459004 0.225540981 0.000000000
3911 0.795353830 0.204646155 0.000000000
3912 0.736493766 0.263506263 0.000000000
3913 0.893549383 0.106450595 0.000000000
3914 0.907542109 0.092457883 0.000000000
3915 0.844351053 0.155648947 0.000000000
3916 0.915179253 0.084820755 0.000000000
3917 0.866422653 0.133577377 0.000000000
3918 0.919384778 0.080615237 0.000000000
3919 0.896372497 0.103627510 0.000000000
3920 0.909144878 0.090855099 0.000000000
3921 0.974990070 0.025009951 0.000000000
3922 0.026489863 0.973510146 0.000000000
3923 0.753156066 0.246843934 0.000000000
3924 0.691101551 0.308898449 0.000000000
3925 0.680672407 0.319327593 0.000000000
3926 0.515680254 0.484319717 0.000000000
3927 0.443945736 0.556054235 0.000000000
3928 0.476252496 0.523747504 0.000000000
3929 0.490760684 0.509239316 0.000000000
3930 0.526223183 0.473776817 0.000000000
3931 0.475179911 0.524820089 0.000000000
3932 0.590771914 0.409228057 0.000000000
3933 0.490582556 0.509417415 0.000000000
3934 0.553218007 0.446781963 0.000000000
3935 0.501621664 0.498378336 0.000000000
3936 0.000000000 1.000000000 0.000000000
3937 0.364272654 0.635727346 0.000000000
3938 0.440096617 0.559903383 0.000000000
3939 0.229672283 0.770327747 0.000000000
3940 0.196650803 0.803349197 0.000000000
3941 0.172193423 0.827806592 0.000000000
3942 0.139969230 0.860030770 0.000000000
3943 0.267385572 0.732614458 0.000000000
3944 0.152169853 0.847830117 0.000000000
3945 0.304224312 0.695775688 0.000000000
3946 0.243748471 0.756251514 0.000000000
3947 0.272092789 0.727907240 0.000000000
3948 0.309118927 0.690881073 0.000000000
3949 0.284340948 0.715659082 0.000000000
3950 0.042430986 0.957569003 0.000000000
3951 0.129677013 0.870323002 0.000000000
3952 0.004408196 0.995591819 0.000000000
3953 0.000000000 1.000000000 0.000000000
3954 0.000000000 1.000000000 0.000000000
3955 0.000000000 1.000000000 0.000000000
3956 0.000000000 1.000000000 0.000000000
3957 0.009488494 0.990511477 0.000000000
3958 0.000000000 1.000000000 0.000000000
3959 0.000000000 1.000000000 0.000000000
3960 0.002544071 0.997455955 0.000000000
3961 0.000000000 1.000000000 0.000000000
3962 0.013826696 0.986173332 0.000000000
3963 0.013346234 0.986653745 0.000000000
3964 0.001836019 0.998163998 0.000000000
3965 0.040508550 0.959491432 0.000000000
3966 0.871079504 0.128920466 0.000000000
3967 0.887128353 0.112871654 0.000000000
3968 0.979511559 0.020488428 0.000000000
3969 0.884091079 0.115908936 0.000000000
3970 0.900466442 0.099533565 0.000000000
3971 0.872534752 0.127465263 0.000000000
3972 0.891206980 0.108793013 0.000000000
3973 0.918906450 0.081093550 0.000000000
3974 0.968499124 0.031500850 0.000000000
3975 0.903375924 0.096624099 0.000000000
3976 0.893429935 0.106570080 0.000000000
3977 0.909782290 0.090217710 0.000000000
3978 0.868858933 0.131141037 0.000000000
3979 0.075192213 0.924807787 0.000000000
3980 0.881843626 0.118156359 0.000000000
3981 0.974427223 0.025572799 0.000000000
3982 0.838701367 0.161298648 0.000000000
3983 0.890015483 0.109984495 0.000000000
3984 0.899913549 0.100086473 0.000000000
3985 0.922008097 0.077991918 0.000000000
3986 0.909325540 0.090674467 0.000000000
3987 1.000000000 0.000000000 0.000000000
3988 0.918120086 0.081879921 0.000000000
3989 0.901046395 0.098953582 0.000000000
3990 0.868767917 0.131232083 0.000000000
3991 0.852993727 0.147006258 0.000000000
3992 0.896323204 0.103676781 0.000000000
3993 0.040139131 0.959860861 0.000000000
3994 0.964967191 0.035032801 0.000000000
3995 0.868723094 0.131276920 0.000000000
3996 0.921626508 0.078373484 0.000000000
3997 0.882274032 0.117725953 0.000000000
3998 0.898709595 0.101290375 0.000000000
3999 0.947757721 0.052242294 0.000000000
4000 0.982845724 0.017154297 0.000000000
4001 0.962771118 0.037228875 0.000000000
4002 0.858586609 0.141413406 0.000000000
4003 0.881539404 0.118460581 0.000000000
4004 1.000000000 0.000000000 0.000000000
4005 1.000000000 0.000000000 0.000000000
4006 0.974369347 0.025630655 0.000000000
4007 0.138095349 0.861904681 0.000000000
4008 0.919001639 0.080998369 0.000000000
4009 0.959397852 0.040602166 0.000000000
4010 0.948608875 0.051391128 0.000000000
4011 0.985700309 0.014299718 0.000000000
4012 1.000000000 0.000000000 0.000000000
4013 1.000000000 0.000000000 0.000000000
4014 0.987394154 0.012605855 0.000000000
4015 0.954104185 0.045895804 0.000000000
4016 0.936721623 0.063278392 0.000000000
4017 0.904854894 0.095145077 0.000000000
4018 0.989558637 0.010441342 0.000000000
4019 0.891347528 0.108652480 0.000000000
4020 0.993611515 0.006388472 0.000000000
4021 0.052469514 0.947530508 0.000000000
4022 0.916485429 0.083514594 0.000000000
4023 0.932780743 0.067219228 0.000000000
4024 0.908637762 0.091362230 0.000000000
4025 0.941453755 0.058546226 0.000000000
4026 1.000000000 0.000000000 0.000000000
4027 0.975472391 0.024527622 0.000000000
4028 0.968489230 0.031510789 0.000000000
4029 0.914252400 0.085747622 0.000000000
4030 0.914811492 0.085188515 0.000000000
4031 0.929644465 0.070355564 0.000000000
4032 0.898136377 0.101863623 0.000000000
4033 0.963246167 0.036753822 0.000000000
4034 0.930732489 0.069267489 0.000000000
4035 0.149950117 0.850049913 0.000000000
4036 0.879218698 0.120781288 0.000000000
4037 0.837966263 0.162033722 0.000000000
4038 0.921904445 0.078095548 0.000000000
4039 0.950472891 0.049527109 0.000000000
4040 0.818969667 0.181030318 0.000000000
4041 0.819843292 0.180156693 0.000000000
4042 0.809796870 0.190203160 0.000000000
4043 0.864086211 0.135913804 0.000000000
4044 0.876381099 0.123618923 0.000000000
4045 0.861913621 0.138086408 0.000000000
4046 1.000000000 0.000000000 0.000000000
4047 0.903038442 0.096961550 0.000000000
4048 0.943892062 0.056107946 0.000000000
4049 0.040466320 0.959533691 0.000000000
4050 0.808915794 0.191084176 0.000000000
4051 0.859203637 0.140796363 0.000000000
4052 0.879306674 0.120693341 0.000000000
4053 0.798181176 0.201818824 0.000000000
4054 0.842940331 0.157059640 0.000000000
4055 0.797249377 0.202750608 0.000000000
4056 0.862587392 0.137412623 0.000000000
4057 0.856852949 0.143147081 0.000000000
4058 0.752367258 0.247632712 0.000000000
4059 0.851321697 0.148678288 0.000000000
4060 0.842386782 0.157613233 0.000000000
4061 0.791767776 0.208232209 0.000000000
4062 0.852348268 0.147651762 0.000000000
4063 0.044114642 0.955885351 0.000000000
4064 0.766108632 0.233891383 0.000000000
4065 0.817708790 0.182291210 0.000000000
4066 0.731549263 0.268450737 0.000000000
4067 0.739699125 0.260300875 0.000000000
4068 0.669974864 0.330025136 0.000000000
4069 0.782321811 0.217678204 0.000000000
4070 0.863159299 0.136840701 0.000000000
4071 0.702813208 0.297186762 0.000000000
4072 0.886448443 0.113551579 0.000000000
4073 0.756420135 0.243579894 0.000000000
4074 0.861545563 0.138454452 0.000000000
4075 0.777777016 0.222222984 0.000000000
4076 0.899059594 0.100940436 0.000000000
4077 0.044352058 0.955647945 0.000000000
4078 0.762544930 0.237455085 0.000000000
4079 0.756127834 0.243872151 0.000000000
4080 0.684866667 0.315133333 0.000000000
4081 0.688462317 0.311537713 0.000000000
4082 0.739560187 0.260439843 0.000000000
4083 0.762390852 0.237609148 0.000000000
4084 0.698151112 0.301848859 0.000000000
4085 0.841941357 0.158058628 0.000000000
4086 0.726645231 0.273354769 0.000000000
4087 0.758845508 0.241154492 0.000000000
4088 0.717023313 0.282976687 0.000000000
4089 0.761333704 0.238666311 0.000000000
4090 0.806450605 0.193549395 0.000000000
4091 0.066131979 0.933868051 0.000000000
4092 0.655044377 0.344955623 0.000000000
4093 0.625392556 0.374607444 0.000000000
4094 0.608259857 0.391740143 0.000000000
4095 0.500469387 0.499530613 0.000000000
4096 0.407856554 0.592143416 0.000000000
4097 0.414011121 0.585988879 0.000000000
4098 0.470039427 0.529960573 0.000000000
4099 0.533654392 0.466345578 0.000000000
4100 0.494309068 0.505690932 0.000000000
4101 0.548573911 0.451426089 0.000000000
4102 0.489930660 0.510069311 0.000000000
4103 0.566121578 0.433878422 0.000000000
4104 0.541058898 0.458941072 0.000000000
4105 0.001830685 0.998169303 0.000000000
4106 0.342131197 0.657868803 0.000000000
4107 0.321526706 0.678473294 0.000000000
4108 0.269756645 0.730243385 0.000000000
4109 0.264585614 0.735414386 0.000000000
4110 0.293485701 0.706514299 0.000000000
4111 0.296744466 0.703255534 0.000000000
4112 0.309252262 0.690747738 0.000000000
4113 0.334247887 0.665752113 0.000000000
4114 0.343094736 0.656905234 0.000000000
4115 0.328418940 0.671581089 0.000000000
4116 0.303211182 0.696788847 0.000000000
4117 0.430716693 0.569283307 0.000000000
4118 0.367252529 0.632747471 0.000000000
4119 0.011704382 0.988295615 0.000000000
4120 0.154405028 0.845594943 0.000000000
4121 0.059691709 0.940308273 0.000000000
4122 0.009957523 0.990042448 0.000000000
4123 0.007128628 0.992871344 0.000000000
4124 0.018628741 0.981371284 0.000000000
4125 0.034069199 0.965930820 0.000000000
4126 0.042051163 0.957948864 0.000000000
4127 0.012434574 0.987565398 0.000000000
4128 0.000000000 1.000000000 0.000000000
4129 0.014451991 0.985548019 0.000000000
4130 0.003974871 0.996025145 0.000000000
4131 0.050599918 0.949400067 0.000000000
4132 0.034044135 0.965955853 0.000000000
4133 0.011918869 0.988081157 0.000000000
4134 0.000000000 0.189235717 0.810764313
4135 0.000000000 0.340522021 0.659478009
4136 0.000000000 0.400707215 0.599292815
4137 0.000000000 0.348075032 0.651924968
4138 0.000000000 0.444901258 0.555098772
4139 0.000000000 0.433608145 0.566391885
4140 0.000000000 0.378025889 0.621974111
4141 0.000000000 0.379416227 0.620583773
4142 0.000000000 0.482639462 0.517360568
4143 0.000000000 0.387959003 0.612040997
4144 0.000000000 0.359161943 0.640838087
4145 0.000000000 0.449521989 0.550478041
4146 0.000000000 0.462385595 0.537614405
4147 0.000000000 0.478687376 0.521312594
4148 0.000000000 0.182076886 0.817923129
4149 0.000000000 0.430386633 0.569613338
4150 0.000000000 0.426473051 0.573526919
4151 0.000000000 0.584208906 0.415791094
4152 0.000000000 0.543528080 0.456471950
4153 0.000000000 0.584835112 0.415164858
4154 0.000000000 0.514440835 0.485559165
4155 0.000000000 0.594484925 0.405515105
4156 0.000000000 0.484027654 0.515972316
4157 0.000000000 0.437522471 0.562477529
4158 0.000000000 0.579331338 0.420668662
4159 0.000000000 0.608931899 0.391068131
4160 0.000000000 0.597207546 0.402792454
4161 0.000000000 0.555337012 0.444662958
4162 0.000000000 0.212838560 0.787161469
4163 0.000000000 0.419845253 0.580154777
4164 0.000000000 0.589461386 0.410538614
4165 0.000000000 0.578814387 0.421185613
4166 0.000000000 0.567943096 0.432056874
4167 0.000000000 0.508891463 0.491108507
4168 0.000000000 0.583015800 0.416984230
4169 0.000000000 0.440181851 0.559818149
4170 0.000000000 0.531161010 0.468838990
4171 0.000000000 0.612117112 0.387882888
4172 0.000000000 0.667956829 0.332043141
4173 0.000000000 0.780480683 0.219519302
4174 0.000000000 0.739587665 0.260412365
4175 0.000000000 0.730073094 0.269926906
4176 0.000000000 0.237953946 0.762046039
4177 0.000000000 0.689032793 0.310967207
4178 0.000000000 0.629469156 0.370530844
4179 0.000000000 0.708529294 0.291470736
4180 0.000000000 0.642889738 0.357110292
4181 0.000000000 0.652647316 0.347352713
4182 0.000000000 0.632684410 0.367315561
4183 0.000000000 0.626212120 0.373787850
4184 0.000000000 0.758330524 0.241669506
4185 0.000000000 0.811466873 0.188533112
4186 0.000000000 0.761783779 0.238216221
4187 0.000000000 0.718294203 0.281705797
4188 0.000000000 0.790140212 0.209859788
4189 0.000000000 0.712932169 0.287067801
4190 0.000000000 0.305331886 0.694668114
4191 0.000000000 0.723230600 0.276769400
4192 0.000000000 0.753212452 0.246787563
4193 0.000000000 0.755593777 0.244406238
4194 0.000000000 0.742806554 0.257193476
4195 0.000000000 0.640795350 0.359204650
4196 0.000000000 0.652612031 0.347387969
4197 0.000000000 0.741347790 0.258652210
4198 0.000000000 0.708119094 0.291880935
4199 0.000000000 0.951408863 0.048591156
4200 0.000000000 0.877754390 0.122245595
4201 0.000000000 0.882338047 0.117661960
4202 0.000000000 0.942931890 0.057068117
4203 0.000000000 0.967917562 0.032082412
4204 0.000000000 0.324443340 0.675556660
4205 0.000000000 0.800613940 0.199386075
4206 0.000000000 0.843421817 0.156578168
4207 0.000000000 0.929837883 0.070162103
4208 0.000000000 0.784448683 0.215551332
4209 0.000000000 0.895346761 0.104653262
4210 0.000000000 0.967456996 0.032542996
4211 0.000000000 0.859372795 0.140627220
4212 0.000000000 0.933727801 0.066272229
4213 0.000000000 0.964243114 0.035756893
4214 0.000000000 0.947023273 0.052976739
4215 0.000000000 0.943853974 0.056146000
4216 0.000000000 0.982222438 0.017777586
4217 0.000000000 0.896211028 0.103789002
4218 0.000000000 0.340719163 0.659280837
4219 0.000000000 0.851002395 0.148997620
4220 0.000000000 0.928645611 0.071354397
4221 0.000000000 0.856290400 0.143709585
4222 0.000000000 0.853781462 0.146218553
4223 0.000000000 0.876460910 0.123539083
4224 0.000000000 0.807952821 0.192047194
4225 0.000000000 0.719904959 0.280095041
4226 0.000000000 0.785721540 0.214278445
4227 0.000000000 0.823604167 0.176395819
4228 0.000000000 0.768130958 0.231869042
4229 0.000000000 0.814293861 0.185706154
4230 0.000000000 0.676211715 0.323788285
4231 0.000000000 0.646570385 0.353429645
4232 0.000000000 0.329723984 0.670276046
4233 0.000000000 0.717870593 0.282129437
4234 0.000000000 0.662371814 0.337628186
4235 0.000000000 0.689305544 0.310694456
4236 0.000000000 0.682330191 0.317669839
4237 0.000000000 0.768214226 0.231785759
4238 0.000000000 0.960472107 0.039527904
4239 0.000000000 0.874166191 0.125833809
4240 0.000000000 0.913693249 0.086306721
4241 0.000000000 0.900000036 0.099999957
4242 0.000000000 0.928473294 0.071526684
4243 0.000000000 0.908541918 0.091458075
4244 0.000000000 0.899342239 0.100657769
4245 0.000000000 0.919282973 0.080716997
4246 0.000000000 0.329262257 0.670737743
4247 0.000000000 0.898894787 0.101105236
4248 0.000000000 0.954309702 0.045690309
4249 0.000000000 0.898345053 0.101654924
4250 0.000000000 0.847637892 0.152362123
4251 0.000000000 1.000000000 0.000000000
4252 0.000000000 0.994403899 0.005596090
4253 0.000000000 1.000000000 0.000000000
4254 0.000000000 1.000000000 0.000000000
4255 0.000000000 0.978474617 0.021525407
4256 0.000000000 0.975418508 0.024581464
4257 0.000000000 0.969040632 0.030959360
4258 0.000000000 0.999212742 0.000787235
4259 0.000000000 0.966805220 0.033194784
4260 0.000000000 0.137900993 0.862098992
4261 0.000000000 0.887663364 0.112336643
4262 0.000000000 0.904950619 0.095049359
4263 0.000000000 0.843693733 0.156306282
4264 0.000000000 0.930421352 0.069578618
4265 0.000000000 0.972092152 0.027907861
4266 0.000000000 0.921565890 0.078434110
4267 0.000000000 0.944648147 0.055351861
4268 0.000000000 0.931435347 0.068564676
4269 0.000000000 0.963647425 0.036352571
4270 0.000000000 0.944719493 0.055280522
4271 0.000000000 0.973941624 0.026058372
4272 0.000000000 0.965524852 0.034475148
4273 0.000000000 0.819509149 0.180490837
4274 0.000000000 0.460653782 0.539346218
4275 0.000000000 0.902133703 0.097866327
4276 0.000000000 0.835593760 0.164406210
4277 0.000000000 0.852793097 0.147206888
4278 0.000000000 0.805791020 0.194208980
4279 0.000000000 0.842274845 0.157725170
4280 0.000000000 0.812380552 0.187619448
4281 0.000000000 0.833998621 0.166001365
4282 0.000000000 0.814377844 0.185622171
4283 0.000000000 0.932889462 0.067110524
4284 0.000000000 0.927081764 0.072918236
4285 0.000000000 0.875233531 0.124766476
4286 0.000000000 0.866388142 0.133611828
4287 0.000000000 0.920547783 0.079452209
4288 0.000000000 0.443091631 0.556908369
4289 0.000000000 0.787482500 0.212517515
4290 0.000000000 0.626529396 0.373470604
4291 0.000000000 0.526778042 0.473221958
4292 0.000000000 0.567970693 0.432029277
4293 0.000000000 0.557652891 0.442347109
4294 0.000000000 0.498504341 0.501495659
4295 0.000000000 0.501539469 0.498460501
4296 0.000000000 0.540599644 0.459400386
4297 0.000000000 0.621868670 0.378131300
4298 0.000000000 0.604516387 0.395483643
4299 0.000000000 0.513739407 0.486260563
4300 0.000000000 0.669562042 0.330437988
4301 0.000000000 0.653807342 0.346192658
4302 0.000000000 0.281592578 0.718407393
4303 0.000000000 0.000000000 1.000000000
4304 0.000000000 0.037811492 0.962188482
4305 0.000000000 0.025990859 0.974009156
4306 0.000000000 0.059589673 0.940410316
4307 0.000000000 0.030503118 0.969496906
4308 0.000000000 0.089843906 0.910156071
4309 0.000000000 0.069565751 0.930434227
4310 0.000000000 0.067192785 0.932807207
4311 0.000000000 0.111194722 0.888805270
4312 0.000000000 0.026010405 0.973989606
4313 0.000000000 0.040280811 0.959719181
4314 0.000000000 0.040763546 0.959236443
4315 0.000000000 0.105664104 0.894335926
4316 0.000000000 0.025712300 0.974287689
4317 0.000000000 0.000000000 1.000000000
4318 0.000000000 0.000000000 1.000000000
4319 0.000000000 0.011124919 0.988875091
4320 0.000000000 0.046899479 0.953100502
4321 0.000000000 0.018813049 0.981186926
4322 0.000000000 0.024076819 0.975923181
4323 0.000000000 0.089165665 0.910834312
4324 0.000000000 0.086690769 0.913309216
4325 0.000000000 0.036919408 0.963080585
4326 0.000000000 0.000000000 1.000000000
4327 0.000000000 0.083096921 0.916903079
4328 0.000000000 0.048191193 0.951808810
4329 0.000000000 0.030202057 0.969797969
4330 0.000000000 0.034455933 0.965544045
4331 0.000000000 0.000000000 1.000000000
4332 0.000000000 0.003895282 0.996104717
4333 0.000000000 0.019378521 0.980621457
4334 0.000000000 0.086603157 0.913396835
4335 0.000000000 0.028782861 0.971217155
4336 0.000000000 0.034529872 0.965470135
4337 0.000000000 0.117226101 0.882773876
4338 0.000000000 0.000000000 1.000000000
4339 0.000000000 0.042436820 0.957563162
4340 0.000000000 0.028066982 0.971933007
4341 0.000000000 0.089438848 0.910561144
4342 0.000000000 0.094603620 0.905396402
4343 0.000000000 0.100352377 0.899647653
4344 0.000000000 0.071262568 0.928737462
4345 0.000000000 0.000000000 1.000000000
4346 0.000000000 0.000000000 1.000000000
4347 0.000000000 0.000000000 1.000000000
4348 0.000000000 0.000000000 1.000000000
4349 0.000000000 0.043745890 0.956254125
4350 0.000000000 0.070211753 0.929788232
4351 0.000000000 0.008542136 0.991457880
4352 0.000000000 0.012129881 0.987870097
4353 0.000000000 0.055136904 0.944863081
4354 0.000000000 0.037402134 0.962597847
4355 0.000000000 0.143690020 0.856309950
4356 0.000000000 0.100397155 0.899602830
4357 0.000000000 0.105743326 0.894256651
4358 0.000000000 0.023085224 0.976914763
4359 0.000000000 0.000000000 1.000000000
4360 0.000000000 0.127752185 0.872247815
4361 0.000000000 0.108932056 0.891067922
4362 0.000000000 0.029269431 0.970730543
4363 0.000000000 0.151842609 0.848157406
4364 0.000000000 0.069971584 0.930028439
4365 0.000000000 0.088479832 0.911520183
4366 0.000000000 0.057229541 0.942770481
4367 0.000000000 0.095459163 0.904540837
4368 0.000000000 0.355835378 0.644164622
4369 0.000000000 0.267884195 0.732115805
4370 0.000000000 0.337450773 0.662549198
4371 0.000000000 0.290403485 0.709596515
4372 0.000000000 0.448110163 0.551889837
4373 0.000000000 0.000000000 1.000000000
4374 0.000000000 0.309569210 0.690430760
4375 0.000000000 0.293357074 0.706642926
4376 0.000000000 0.370978355 0.629021645
4377 0.000000000 0.280609012 0.719390988
4378 0.000000000 0.384589702 0.615410268
4379 0.000000000 0.453176945 0.546823025
4380 0.000000000 0.429742724 0.570257246
4381 0.000000000 0.371162623 0.628837347
4382 0.000000000 0.366355658 0.633644342
4383 0.000000000 0.396849215 0.603150785
4384 0.000000000 0.372170031 0.627829969
4385 0.000000000 0.502930880 0.497069150
4386 0.000000000 0.405684680 0.594315350
4387 0.000000000 0.000000000 1.000000000
4388 0.000000000 0.392039299 0.607960701
4389 0.000000000 0.403961003 0.596038997
4390 0.000000000 0.328134596 0.671865404
4391 0.000000000 0.410419255 0.589580774
4392 0.000000000 0.513078809 0.486921221
4393 0.000000000 0.442387640 0.557612360
4394 0.000000000 0.377691954 0.622308016
4395 0.000000000 0.290735543 0.709264457
4396 0.000000000 0.348081142 0.651918888
4397 0.000000000 0.306480855 0.693519115
4398 0.000000000 0.349552542 0.650447428
4399 0.000000000 0.339162767 0.660837233
4400 0.000000000 0.383766979 0.616232991
4401 0.000000000 0.078906104 0.921093881
4402 0.000000000 0.432210088 0.567789912
4403 0.000000000 0.419970512 0.580029488
4404 0.000000000 0.406280369 0.593719661
4405 0.000000000 0.369386792 0.630613208
4406 0.000000000 0.477353930 0.522646070
4407 0.000000000 0.519277096 0.480722934
4408 0.000000000 0.509895563 0.490104437
4409 0.000000000 0.522605002 0.477394998
4410 0.000000000 0.459961891 0.540038109
4411 0.000000000 0.532106757 0.467893273
4412 0.000000000 0.527551532 0.472448498
4413 0.000000000 0.577488780 0.422511190
4414 0.000000000 0.613154292 0.386845708
4415 0.000000000 0.000000000 1.000000000
4416 0.000000000 0.429307938 0.570692062
4417 0.000000000 0.497091651 0.502908349
4418 0.000000000 0.519883752 0.480116218
4419 0.000000000 0.515065312 0.484934658
4420 0.000000000 0.793977916 0.206022099
4421 0.000000000 0.652949512 0.347050488
4422 0.000000000 0.760077894 0.239922076
4423 0.000000000 0.735716283 0.264283687
4424 0.000000000 0.685841918 0.314158082
4425 0.000000000 0.757925451 0.242074579
4426 0.000000000 0.761091113 0.238908887
4427 0.000000000 0.837904871 0.162095129
4428 0.000000000 0.803648591 0.196351409
4429 0.000000000 0.000000000 1.000000000
4430 0.000000000 0.769359469 0.230640545
4431 0.000000000 0.766003251 0.233996749
4432 0.000000000 0.733928204 0.266071826
4433 0.000000000 0.841291249 0.158708751
4434 0.000000000 0.811639071 0.188360929
4435 0.000000000 0.788158357 0.211841643
4436 0.000000000 0.807254851 0.192745164
4437 0.000000000 0.833741188 0.166258842
4438 0.000000000 0.820677280 0.179322720
4439 0.000000000 0.829479694 0.170520335
4440 0.000000000 0.897947013 0.102052972
4441 0.000000000 0.870275915 0.129724100
4442 0.000000000 0.826777518 0.173222467
4443 0.000000000 0.074925490 0.925074518
4444 0.000000000 0.769044042 0.230955943
4445 0.000000000 0.743145585 0.256854445
4446 0.000000000 0.507860363 0.492139637
4447 0.000000000 0.460169137 0.539830863
4448 0.000000000 0.496692568 0.503307462
4449 0.000000000 0.459140897 0.540859103
4450 0.000000000 0.462912947 0.537087083
4451 0.000000000 0.441871256 0.558128715
4452 0.000000000 0.505065858 0.494934112
4453 0.000000000 0.641139507 0.358860493
4454 0.000000000 0.590413928 0.409586042
4455 0.000000000 0.635998011 0.364002019
4456 0.000000000 0.651312470 0.348687500
4457 0.000000000 0.000000000 1.000000000
4458 0.000000000 0.193826899 0.806173086
4459 0.000000000 0.000000000 1.000000000
4460 0.000000000 0.000000000 1.000000000
4461 0.000000000 0.000000000 1.000000000
4462 0.000000000 0.000000000 1.000000000
4463 0.000000000 0.000000000 1.000000000
4464 0.000000000 0.000000000 1.000000000
4465 0.000000000 0.014290001 0.985710025
4466 0.000000000 0.008829171 0.991170824
4467 0.000000000 0.026144329 0.973855674
4468 0.000000000 0.000000000 1.000000000
4469 0.000000000 0.024883021 0.975116968
4470 0.000000000 0.017605318 0.982394695
4471 0.000000000 0.000000000 1.000000000
4472 0.070405275 0.033602677 0.895992041
4473 0.814010203 0.032745000 0.153244823
4474 0.837574959 0.052549053 0.109876014
4475 0.873196542 0.038797073 0.088006392
4476 0.903707862 0.000000000 0.096292160
4477 0.825765729 0.027002126 0.147232130
4478 0.872157454 0.051521372 0.076321192
4479 0.914795995 0.033284638 0.051919345
4480 0.913439691 0.022819595 0.063740708
4481 0.887482285 0.027575918 0.084941819
4482 0.901104271 0.000000000 0.098895706
4483 0.956030369 0.000000000 0.043969639
4484 0.850622237 0.086786903 0.062590882
4485 0.826412678 0.055885691 0.117701605
4486 0.043210130 0.000000000 0.956789851
4487 0.859230459 0.000000000 0.140769556
4488 0.852573633 0.000000000 0.147426397
4489 0.893137813 0.000000000 0.106862217
4490 0.846133351 0.031290010 0.122576647
4491 0.880983472 0.000000000 0.119016550
4492 0.929457545 0.000000000 0.070542432
4493 0.939739048 0.007344556 0.052916367
4494 0.869227350 0.000000000 0.130772650
4495 0.913981795 0.028607355 0.057410836
4496 0.988599300 0.011400709 0.000000000
4497 0.893383741 0.051568177 0.055048108
4498 0.943961978 0.000000000 0.056038026
4499 0.870520532 0.025833456 0.103645988
4500 0.066622086 0.000000000 0.933377922
4501 0.880834222 0.000000000 0.119165778
4502 0.962173402 0.000000000 0.037826620
4503 0.899770081 0.030981267 0.069248646
4504 0.918327987 0.000000000 0.081672035
4505 0.964935124 0.000000000 0.035064865
4506 0.978692889 0.021307116 0.000000000
4507 0.906787753 0.000000000 0.093212269
4508 0.997987390 0.000000000 0.002012630
4509 1.000000000 0.000000000 0.000000000
4510 0.940414429 0.049906362 0.009679209
4511 0.842761159 0.039970383 0.117268436
4512 0.853622079 0.071992263 0.074385673
4513 0.923737824 0.053285666 0.022976516
4514 0.049281899 0.000000000 0.950718105
4515 0.904159844 0.025766850 0.070073314
4516 0.809727490 0.020290582 0.169981956
4517 0.864921153 0.035159033 0.099919811
4518 0.852637827 0.054888308 0.092473894
4519 0.953915715 0.000000000 0.046084259
4520 0.834777474 0.000000000 0.165222526
4521 0.867966950 0.000000000 0.132033050
4522 0.999850392 0.000149594 0.000000000
4523 0.884535730 0.091313295 0.024150999
4524 0.923944235 0.004021998 0.072033748
4525 0.892768919 0.050297286 0.056933779
4526 0.909811795 0.040333740 0.049854450
4527 0.924974501 0.002643174 0.072382346
4528 0.046504702 0.000000000 0.953495324
4529 0.880622566 0.000000000 0.119377427
4530 0.931371629 0.000000000 0.068628348
4531 0.976329029 0.000000000 0.023670962
4532 0.989592254 0.000000000 0.010407764
4533 0.885986745 0.000000000 0.114013247
4534 0.957268238 0.000000000 0.042731743
4535 1.000000000 0.000000000 0.000000000
4536 0.935096085 0.000000000 0.064903922
4537 0.910917640 0.089082353 0.000000000
4538 0.977262020 0.000000000 0.022737956
4539 0.965122342 0.000000000 0.034877639
4540 0.995687783 0.000000000 0.004312191
4541 0.985441506 0.000000000 0.014558464
4542 0.014659547 0.000000000 0.985340476
4543 0.923890829 0.074879400 0.001229754
4544 0.945153594 0.054846399 0.000000000
4545 0.890541732 0.088426597 0.021031681
4546 0.893110335 0.101768993 0.005120658
4547 0.926795840 0.073204152 0.000000000
4548 0.913381159 0.086618863 0.000000000
4549 0.866802156 0.101316147 0.031881705
4550 0.876077414 0.103693783 0.020228803
4551 0.921815276 0.078184754 0.000000000
4552 0.950992882 0.040808350 0.008198792
4553 0.957090497 0.030935425 0.011974065
4554 0.889841735 0.078202672 0.031955563
4555 0.830709457 0.114698336 0.054592229
4556 0.011767372 0.115512572 0.872720063
4557 0.964817762 0.035182219 0.000000000
4558 0.869172156 0.087594770 0.043233044
4559 0.882909775 0.088024303 0.029065946
4560 0.934508204 0.065491810 0.000000000
4561 0.885599554 0.114400454 0.000000000
4562 0.864806890 0.111163147 0.024029965
4563 0.627549648 0.299538106 0.072912276
4564 0.626664877 0.240723953 0.132611156
4565 0.670997620 0.264420211 0.064582147
4566 0.649607956 0.315456480 0.034935538
4567 0.712682545 0.287317455 0.000000000
4568 0.678177774 0.250678420 0.071143799
4569 0.635149896 0.261062175 0.103787921
4570 0.000000000 0.068052910 0.931947112
4571 0.593789458 0.313144386 0.093066134
4572 0.608880222 0.294346988 0.096772768
4573 0.588966966 0.299853325 0.111179724
4574 0.563428521 0.340527207 0.096044272
4575 0.525054753 0.361029178 0.113916077
4576 0.887201369 0.098237485 0.014561160
4577 0.798361838 0.154474050 0.047164120
4578 0.865253329 0.127199069 0.007547589
4579 0.791990280 0.169338554 0.038671177
4580 0.814492881 0.136063889 0.049443241
4581 0.822333276 0.125458285 0.052208427
4582 0.763647974 0.167045042 0.069307007
4583 0.828333020 0.120440379 0.051226579
4584 0.044701528 0.000000000 0.955298483
4585 0.808009863 0.151213184 0.040776931
4586 0.802062094 0.170304686 0.027633207
4587 0.823652446 0.176347569 0.000000000
4588 0.753380656 0.220059574 0.026559787
4589 0.680545866 0.317247927 0.002206177
4590 0.635734439 0.350980490 0.013285084
4591 0.584952295 0.411485493 0.003562202
4592 0.617605269 0.359315693 0.023079034
4593 0.807810426 0.168585420 0.023604158
4594 0.615600526 0.352305412 0.032094035
4595 0.710928619 0.259727538 0.029343843
4596 0.719988883 0.256755173 0.023255941
4597 0.673837483 0.281318158 0.044844341
4598 0.039490778 0.000000000 0.960509241
4599 0.601893842 0.398106128 0.000000000
4600 0.499143809 0.485252380 0.015603783
4601 0.452495277 0.527410150 0.020094594
4602 0.248072416 0.735342741 0.016584814
4603 0.191565275 0.784119427 0.024315301
4604 0.143183723 0.832542360 0.024273910
4605 0.149949461 0.833116293 0.016934276
4606 0.213699162 0.773971081 0.012329777
4607 0.219197720 0.765026867 0.015775435
4608 0.207207173 0.744762242 0.048030566
4609 0.240940914 0.748302698 0.010756391
4610 0.232600376 0.758105278 0.009294322
4611 0.311509281 0.670618176 0.017872581
4612 0.039818481 0.013022928 0.947158575
4613 0.111024141 0.816546202 0.072429642
4614 0.120724455 0.825260222 0.054015309
4615 0.000000000 0.966586053 0.033413932
4616 0.014939360 0.917653680 0.067406945
4617 0.000000000 0.922653198 0.077346802
4618 0.019262293 0.890768170 0.089969508
4619 0.042922679 0.919937789 0.037139535
4620 0.099080577 0.866181970 0.034737464
4621 0.000000000 0.977313757 0.022686264
4622 0.028640056 0.967646182 0.003713766
4623 0.039229959 0.960770011 0.000000000
4624 0.034545280 0.942988575 0.022466151
4625 0.049918141 0.912566423 0.037515439
4626 0.000000000 0.017831063 0.982168913
4627 0.025583660 0.900738657 0.073677689
4628 0.000000000 0.227786899 0.772213101
4629 0.017748682 0.250827074 0.731424212
4630 0.023734201 0.276990891 0.699274898
4631 0.008843335 0.252360761 0.738795877
4632 0.010467739 0.272804230 0.716728032
4633 0.029093059 0.220742673 0.750164270
4634 0.021208582 0.375188321 0.603603065
4635 0.043189090 0.464586556 0.492224365
4636 0.012776393 0.405121922 0.582101703
4637 0.020024490 0.456771463 0.523204029
4638 0.000000000 0.608895183 0.391104817
4639 0.036098048 0.588100076 0.375801891
4640 0.059251107 0.000000000 0.940748870
4641 0.028013971 0.178495646 0.793490350
4642 0.740942419 0.058147673 0.200909898
4643 0.785171986 0.002139865 0.212688163
4644 0.801159799 0.056142829 0.142697394
4645 0.856997371 0.028069910 0.114932716
4646 0.802038372 0.047869418 0.150092199
4647 0.883313119 0.000000000 0.116686881
4648 0.817525923 0.056571390 0.125902697
4649 0.805047095 0.063405886 0.131547004
4650 0.756905675 0.084103078 0.158991277
4651 0.834895968 0.039600451 0.125503600
4652 0.835969150 0.066699170 0.097331688
4653 0.803854585 0.044205688 0.151939720
4654 0.863506854 0.065705143 0.070788011
4655 0.109413587 0.115965411 0.774621010
4656 0.837681890 0.006440036 0.155878052
4657 0.895300090 0.028683307 0.076016620
4658 0.876840472 0.050729919 0.072429597
4659 0.874335408 0.058575422 0.067089148
4660 0.942262948 0.010105270 0.047631770
4661 0.932419360 0.047984969 0.019595681
4662 0.860053837 0.084010899 0.055935264
4663 0.857681155 0.056038439 0.086280383
4664 0.870735884 0.061239194 0.068024948
4665 0.922642410 0.056161702 0.021195885
4666 0.849670589 0.071070127 0.079259276
4667 0.952540219 0.001202979 0.046256784
4668 0.762270927 0.067142636 0.170586422
4669 0.098918341 0.049275052 0.851806581
4670 0.887658775 0.058102537 0.054238677
4671 0.855808616 0.076696277 0.067495085
4672 0.880582035 0.090146922 0.029271023
4673 0.992070019 0.007929961 0.000000000
4674 0.902386129 0.085226074 0.012387804
4675 0.833062947 0.113628432 0.053308640
4676 0.831677496 0.079311207 0.089011282
4677 0.951251864 0.037918270 0.010829889
4678 0.974497139 0.025502881 0.000000000
4679 0.936331630 0.039500594 0.024167757
4680 0.970114589 0.001730777 0.028154658
4681 0.882181942 0.000000000 0.117818087
4682 0.968497097 0.000000000 0.031502880
4683 0.115047149 0.012917472 0.872035384
4684 0.848817468 0.115989149 0.035193399
4685 0.872819245 0.127180740 0.000000000
4686 0.884230971 0.115769051 0.000000000
4687 0.854032278 0.145967707 0.000000000
4688 0.890734494 0.109265484 0.000000000
4689 0.839648008 0.104759105 0.055592891
4690 0.889546573 0.084357642 0.026095772
4691 1.000000000 0.000000000 0.000000000
4692 0.898881197 0.101118773 0.000000000
4693 0.961405456 0.019216659 0.019377911
4694 0.922916055 0.012408449 0.064675495
4695 0.966077209 0.000000000 0.033922765
4696 0.938298523 0.000000000 0.061701473
4697 0.168343753 0.001048886 0.830607355
4698 0.866267741 0.084991693 0.048740547
4699 0.948087037 0.048176724 0.003736236
4700 1.000000000 0.000000000 0.000000000
4701 0.902017415 0.054077115 0.043905493
4702 0.897208035 0.056795932 0.045996051
4703 0.953078330 0.046921674 0.000000000
4704 1.000000000 0.000000000 0.000000000
4705 0.891837537 0.093419418 0.014743032
4706 0.983031631 0.000000000 0.016968360
4707 0.986315370 0.000000000 0.013684647
4708 0.989442766 0.000000000 0.010557260
4709 0.996040821 0.000000000 0.003959157
4710 0.992547512 0.000000000 0.007452468
4711 0.136489064 0.038631849 0.824879110
4712 0.968747437 0.000000000 0.031252541
4713 0.976929784 0.000000000 0.023070198
4714 0.969702542 0.000000000 0.030297438
4715 0.939661860 0.000000000 0.060338136
4716 0.997491181 0.000000000 0.002508825
4717 1.000000000 0.000000000 0.000000000
4718 0.988363266 0.005507169 0.006129557
4719 0.986560166 0.000000000 0.013439815
4720 0.931100368 0.039230064 0.029669555
4721 0.977304459 0.000000000 0.022695571
4722 0.988557160 0.000000000 0.011442814
4723 0.954213262 0.000610079 0.045176655
4724 0.976222038 0.000000000 0.023777939
4725 0.065331899 0.151581019 0.783087075
4726 0.983270466 0.016729560 0.000000000
4727 0.963543415 0.017309530 0.019147031
4728 0.897102416 0.087206259 0.015691301
4729 0.946263552 0.053736463 0.000000000
4730 0.982494652 0.012914754 0.004590619
4731 0.919991255 0.080008768 0.000000000
4732 0.873817086 0.051345009 0.074837871
4733 0.653023839 0.167202026 0.179774165
4734 0.764349878 0.094777666 0.140872449
4735 0.768585861 0.098138444 0.133275673
4736 0.754500628 0.100167491 0.145331860
4737 0.876465917 0.028713966 0.094820142
4738 0.856581330 0.002717020 0.140701622
4739 0.000000000 0.132316530 0.867683470
4740 0.797576666 0.100517906 0.101905428
4741 0.730604112 0.141815037 0.127580881
4742 0.749136090 0.173951596 0.076912336
4743 0.770986795 0.076277792 0.152735412
4744 0.758655369 0.183957487 0.057387136
4745 0.845821202 0.121445857 0.032732941
4746 0.696733296 0.245269969 0.057996735
4747 0.749814153 0.230672404 0.019513434
4748 0.784592152 0.173284531 0.042123336
4749 0.772273242 0.159724161 0.068002619
4750 0.787482023 0.165219843 0.047298126
4751 0.836685538 0.135207534 0.028106907
4752 0.799320042 0.163444817 0.037235148
4753 0.160710156 0.007087546 0.832202315
4754 0.713658273 0.227043271 0.059298445
4755 0.721403420 0.258610159 0.019986443
4756 0.751356006 0.225779176 0.022864837
4757 0.735772669 0.228332311 0.035895009
4758 0.599692285 0.400307715 0.000000000
4759 0.524979174 0.475020796 0.000000000
4760 0.591039419 0.408960581 0.000000000
4761 0.586953402 0.413046598 0.000000000
4762 0.674647987 0.325352043 0.000000000
4763 0.588150501 0.411849469 0.000000000
4764 0.710138738 0.289861262 0.000000000
4765 0.703978062 0.296021938 0.000000000
4766 0.686115503 0.313884526 0.000000000
4767 0.025780881 0.252119988 0.722099125
4768 0.551956058 0.448043942 0.000000000
4769 0.520343721 0.479656279 0.000000000
4770 0.445522696 0.525232792 0.029244550
4771 0.187863722 0.783250213 0.028886050
4772 0.173301980 0.765371919 0.061326083
4773 0.140448868 0.806960881 0.052590284
4774 0.178252891 0.750701010 0.071046084
4775 0.254565895 0.693515360 0.051918726
4776 0.256919026 0.743080974 0.000000000
4777 0.238137364 0.722175002 0.039687630
4778 0.311947674 0.655922353 0.032129958
4779 0.330000699 0.645304203 0.024695121
4780 0.328000516 0.610726595 0.061272863
4781 0.040804327 0.207613438 0.751582205
4782 0.191951811 0.788297117 0.019751053
4783 0.180254862 0.819745123 0.000000000
4784 0.000000000 0.965054214 0.034945801
4785 0.000000000 0.931446373 0.068553627
4786 0.000000000 0.944780529 0.055219464
4787 0.000000000 0.944373965 0.055626053
4788 0.036460564 0.888212621 0.075326845
4789 0.051956221 0.915944815 0.032098986
4790 0.000000000 1.000000000 0.000000000
4791 0.000000000 0.991422176 0.008577807
4792 0.061570346 0.913006961 0.025422713
4793 0.045389894 0.921279728 0.033330366
4794 0.014304929 0.977376163 0.008318904
4795 0.050879385 0.233831823 0.715288818
4796 0.000000000 0.935357749 0.064642273
4797 0.000000000 0.207672194 0.792327821
4798 0.000000000 0.239500821 0.760499179
4799 0.022695940 0.235121340 0.742182732
4800 0.000000000 0.192698821 0.807301164
4801 0.024008552 0.213345170 0.762646258
4802 0.006381043 0.223238528 0.770380437
4803 0.000000000 0.242612168 0.757387817
4804 0.008208403 0.380798280 0.610993326
4805 0.073122032 0.298373491 0.628504515
4806 0.045501411 0.387445956 0.567052603
4807 0.005114213 0.526934922 0.467950881
4808 0.047712710 0.452671438 0.499615848
4809 0.074025117 0.033200115 0.892774761
4810 0.201750636 0.798249364 0.000000000
4811 0.932127953 0.067872047 0.000000000
4812 0.938786983 0.061212987 0.000000000
4813 0.956304610 0.043695398 0.000000000
4814 0.946539581 0.053460442 0.000000000
4815 0.929566741 0.070433252 0.000000000
4816 0.942444026 0.057556000 0.000000000
4817 0.947439790 0.052560218 0.000000000
4818 0.953809321 0.046190694 0.000000000
4819 0.936824679 0.063175336 0.000000000
4820 1.000000000 0.000000000 0.000000000
4821 1.000000000 0.000000000 0.000000000
4822 0.964751720 0.035248272 0.000000000
4823 0.983334064 0.016665930 0.000000000
4824 0.202580467 0.797419548 0.000000000
4825 0.942787707 0.057212286 0.000000000
4826 0.969607651 0.030392334 0.000000000
4827 0.925041616 0.074958377 0.000000000
4828 0.927341461 0.072658546 0.000000000
4829 0.977716625 0.022283385 0.000000000
4830 0.969302952 0.030697029 0.000000000
4831 0.962613821 0.037386149 0.000000000
4832 0.960577190 0.039422803 0.000000000
4833 1.000000000 0.000000000 0.000000000
4834 1.000000000 0.000000000 0.000000000
4835 0.936524272 0.063475750 0.000000000
4836 1.000000000 0.000000000 0.000000000
4837 1.000000000 0.000000000 0.000000000
4838 0.149956077 0.850043952 0.000000000
4839 1.000000000 0.000000000 0.000000000
4840 0.965558052 0.034441959 0.000000000
4841 0.979709625 0.020290382 0.000000000
4842 0.992936790 0.007063227 0.000000000
4843 0.997425377 0.002574628 0.000000000
4844 0.950849354 0.049150627 0.000000000
4845 0.953566730 0.046433244 0.000000000
4846 1.000000000 0.000000000 0.000000000
4847 1.000000000 0.000000000 0.000000000
4848 0.991358757 0.008641253 0.000000000
4849 0.999947429 0.000052553 0.000000000
4850 1.000000000 0.000000000 0.000000000
4851 1.000000000 0.000000000 0.000000000
4852 0.169624045 0.830375969 0.000000000
4853 0.907426476 0.092573546 0.000000000
4854 0.976280391 0.023719613 0.000000000
4855 0.962650478 0.037349544 0.000000000
4856 0.954649568 0.045350458 0.000000000
4857 0.932935476 0.067064539 0.000000000
4858 0.956001163 0.043998841 0.000000000
4859 0.962198496 0.037801526 0.000000000
4860 1.000000000 0.000000000 0.000000000
4861 0.967001081 0.032998905 0.000000000
4862 0.974957347 0.025042681 0.000000000
4863 0.974148035 0.025851954 0.000000000
4864 0.976746261 0.023253722 0.000000000
4865 0.998956978 0.001043039 0.000000000
4866 0.156065136 0.843934834 0.000000000
4867 0.948166668 0.051833332 0.000000000
4868 0.981968224 0.018031776 0.000000000
4869 0.971301734 0.028698273 0.000000000
4870 0.956072927 0.043927051 0.000000000
4871 0.992208064 0.007791934 0.000000000
4872 1.000000000 0.000000000 0.000000000
4873 1.000000000 0.000000000 0.000000000
4874 0.955981016 0.044018995 0.000000000
4875 1.000000000 0.000000000 0.000000000
4876 0.994586170 0.005413851 0.000000000
4877 1.000000000 0.000000000 0.000000000
4878 1.000000000 0.000000000 0.000000000
4879 1.000000000 0.000000000 0.000000000
4880 0.282010227 0.717989802 0.000000000
4881 0.956575513 0.043424502 0.000000000
4882 0.981364071 0.018635921 0.000000000
4883 0.961732805 0.038267169 0.000000000
4884 0.933443308 0.066556692 0.000000000
4885 0.979540944 0.020459071 0.000000000
4886 0.979761064 0.020238962 0.000000000
4887 0.957704186 0.042295791 0.000000000
4888 1.000000000 0.000000000 0.000000000
4889 1.000000000 0.000000000 0.000000000
4890 1.000000000 0.000000000 0.000000000
4891 1.000000000 0.000000000 0.000000000
4892 0.994289637 0.005710345 0.000000000
4893 1.000000000 0.000000000 0.000000000
4894 0.063817017 0.936182976 0.000000000
4895 0.970496058 0.029503932 0.000000000
4896 0.887954652 0.112045370 0.000000000
4897 0.927809894 0.072190076 0.000000000
4898 0.976961315 0.023038704 0.000000000
4899 0.982377231 0.017622782 0.000000000
4900 0.944659770 0.055340219 0.000000000
4901 0.906730711 0.093269274 0.000000000
4902 0.848482192 0.151517779 0.000000000
4903 0.947436631 0.052563362 0.000000000
4904 0.975138187 0.024861827 0.000000000
4905 0.940558314 0.059441712 0.000000000
4906 0.935749471 0.064250499 0.000000000
4907 1.000000000 0.000000000 0.000000000
4908 0.000000000 1.000000000 0.000000000
4909 0.872983217 0.127016753 0.000000000
4910 0.865257502 0.134742483 0.000000000
4911 0.921469688 0.078530326 0.000000000
4912 0.934963524 0.065036453 0.000000000
4913 0.945923805 0.054076187 0.000000000
4914 0.961742103 0.038257897 0.000000000
4915 0.962549865 0.037450112 0.000000000
4916 0.972694099 0.027305892 0.000000000
4917 0.972260952 0.027739035 0.000000000
4918 0.942096531 0.057903484 0.000000000
4919 0.986148953 0.013851044 0.000000000
4920 1.000000000 0.000000000 0.000000000
4921 0.955715120 0.044284895 0.000000000
4922 0.053127054 0.946872950 0.000000000
4923 0.859730303 0.140269727 0.000000000
4924 0.893883526 0.106116466 0.000000000
4925 0.924310148 0.075689882 0.000000000
4926 0.824981272 0.175018713 0.000000000
4927 0.905543685 0.094456322 0.000000000
4928 0.894022703 0.105977289 0.000000000
4929 0.922537804 0.077462196 0.000000000
4930 0.939511240 0.060488768 0.000000000
4931 0.932137430 0.067862570 0.000000000
4932 0.896199584 0.103800431 0.000000000
4933 0.955088913 0.044911090 0.000000000
4934 0.935114384 0.064885594 0.000000000
4935 0.922505915 0.077494115 0.000000000
4936 0.056612723 0.943387270 0.000000000
4937 0.814476073 0.185523927 0.000000000
4938 0.753886402 0.246113583 0.000000000
4939 0.762141407 0.237858579 0.000000000
4940 0.682797909 0.317202091 0.000000000
4941 0.526637197 0.473362774 0.000000000
4942 0.581511497 0.418488503 0.000000000
4943 0.584416270 0.415583700 0.000000000
4944 0.635072112 0.364927888 0.000000000
4945 0.626061499 0.373938501 0.000000000
4946 0.661681950 0.338318050 0.000000000
4947 0.623236001 0.376764029 0.000000000
4948 0.620028794 0.379971206 0.000000000
4949 0.611974359 0.388025641 0.000000000
4950 0.000000000 1.000000000 0.000000000
4951 0.503438890 0.496561080 0.000000000
4952 0.510374665 0.489625305 0.000000000
4953 0.318717629 0.681282341 0.000000000
4954 0.276087284 0.723912716 0.000000000
4955 0.244992331 0.755007684 0.000000000
4956 0.363855124 0.636144876 0.000000000
4957 0.434365571 0.565634429 0.000000000
4958 0.353644878 0.646355152 0.000000000
4959 0.408558697 0.591441274 0.000000000
4960 0.397137076 0.602862954 0.000000000
4961 0.360929817 0.639070213 0.000000000
4962 0.390485704 0.609514296 0.000000000
4963 0.365755200 0.634244800 0.000000000
4964 0.000000000 1.000000000 0.000000000
4965 0.186103180 0.813896835 0.000000000
4966 0.031830389 0.968169630 0.000000000
4967 0.001686293 0.998313725 0.000000000
4968 0.030769853 0.969230175 0.000000000
4969 0.009574034 0.990425944 0.000000000
4970 0.053307701 0.946692288 0.000000000
4971 0.028513834 0.971486151 0.000000000
4972 0.088946961 0.911053061 0.000000000
4973 0.063404627 0.936595380 0.000000000
4974 0.075399347 0.924600661 0.000000000
4975 0.075596005 0.924403965 0.000000000
4976 0.034286845 0.965713143 0.000000000
4977 0.042500027 0.957499981 0.000000000
4978 0.013013811 0.986986160 0.000000000
4979 0.016324839 0.983675182 0.000000000
4980 0.905136764 0.094863206 0.000000000
4981 0.967008948 0.032991074 0.000000000
4982 0.931854904 0.068145111 0.000000000
4983 0.930649042 0.069350958 0.000000000
4984 0.893665314 0.106334701 0.000000000
4985 0.952375591 0.047624435 0.000000000
4986 0.940133095 0.059866935 0.000000000
4987 0.981072724 0.018927302 0.000000000
4988 1.000000000 0.000000000 0.000000000
4989 0.987897813 0.012102176 0.000000000
4990 0.975672603 0.024327392 0.000000000
4991 1.000000000 0.000000000 0.000000000
4992 0.918785870 0.081214115 0.000000000
4993 0.001896767 0.998103261 0.000000000
4994 1.000000000 0.000000000 0.000000000
4995 0.996531546 0.003468438 0.000000000
4996 0.975307882 0.024692109 0.000000000
4997 0.924628556 0.075371459 0.000000000
4998 0.990825295 0.009174709 0.000000000
4999 0.957716882 0.042283129 0.000000000
5000 0.916320443 0.083679587 0.000000000
5001 0.935079336 0.064920686 0.000000000
5002 0.906989515 0.093010463 0.000000000
5003 0.989482045 0.010517932 0.000000000
5004 0.957276165 0.042723849 0.000000000
5005 0.920823038 0.079176985 0.000000000
5006 0.838995993 0.161004007 0.000000000
5007 0.032320246 0.967679739 0.000000000
5008 0.963847935 0.036152091 0.000000000
5009 0.968725502 0.031274505 0.000000000
5010 0.929816425 0.070183553 0.000000000
5011 1.000000000 0.000000000 0.000000000
5012 0.960090876 0.039909136 0.000000000
5013 0.974423409 0.025576584 0.000000000
5014 0.974527836 0.025472138 0.000000000
5015 1.000000000 0.000000000 0.000000000
5016 1.000000000 0.000000000 0.000000000
5017 1.000000000 0.000000000 0.000000000
5018 1.000000000 0.000000000 0.000000000
5019 1.000000000 0.000000000 0.000000000
5020 1.000000000 0.000000000 0.000000000
5021 0.102591172 0.897408843 0.000000000
5022 0.913928986 0.086070992 0.000000000
5023 0.960228562 0.039771467 0.000000000
5024 1.000000000 0.000000000 0.000000000
5025 0.982392848 0.017607128 0.000000000
5026 0.898263037 0.101736993 0.000000000
5027 0.961140752 0.038859222 0.000000000
5028 0.912603855 0.087396152 0.000000000
5029 0.940802813 0.059197176 0.000000000
5030 0.893295765 0.106704250 0.000000000
5031 0.968276978 0.031723049 0.000000000
5032 0.884469211 0.115530767 0.000000000
5033 0.939038515 0.060961492 0.000000000
5034 0.924414814 0.075585172 0.000000000
5035 0.058076546 0.941923440 0.000000000
5036 0.936507106 0.063492902 0.000000000
5037 0.967300296 0.032699678 0.000000000
5038 0.981134534 0.018865479 0.000000000
5039 0.904339314 0.095660709 0.000000000
5040 0.947560251 0.052439753 0.000000000
5041 0.889237702 0.110762313 0.000000000
5042 0.939148724 0.060851287 0.000000000
5043 0.887472391 0.112527587 0.000000000
5044 0.930491149 0.069508851 0.000000000
5045 0.921680033 0.078319944 0.000000000
5046 0.904517293 0.095482692 0.000000000
5047 0.923995554 0.076004446 0.000000000
5048 0.911673784 0.088326223 0.000000000
5049 0.184552789 0.815447211 0.000000000
5050 0.901823938 0.098176062 0.000000000
5051 0.910914183 0.089085817 0.000000000
5052 0.861654818 0.138345167 0.000000000
5053 0.887935281 0.112064712 0.000000000
5054 0.902156711 0.097843312 0.000000000
5055 0.892020285 0.107979730 0.000000000
5056 0.854452372 0.145547614 0.000000000
5057 0.926633775 0.073366255 0.000000000
5058 0.870139897 0.129860088 0.000000000
5059 0.883916318 0.116083689 0.000000000
5060 0.874910176 0.125089824 0.000000000
5061 0.911027730 0.088972256 0.000000000
5062 0.909524322 0.090475678 0.000000000
5063 0.074727960 0.925272048 0.000000000
5064 0.921361208 0.078638777 0.000000000
5065 0.876188874 0.123811148 0.000000000
5066 0.836526275 0.163473696 0.000000000
5067 0.834853411 0.165146574 0.000000000
5068 0.891557813 0.108442202 0.000000000
5069 0.854684591 0.145315409 0.000000000
5070 0.724877954 0.275122046 0.000000000
5071 0.662951529 0.337048501 0.000000000
5072 0.708022654 0.291977346 0.000000000
5073 0.716903746 0.283096254 0.000000000
5074 0.750891268 0.249108747 0.000000000
5075 0.734211087 0.265788883 0.000000000
5076 0.835336387 0.164663643 0.000000000
5077 0.000000000 1.000000000 0.000000000
5078 0.687592924 0.312407047 0.000000000
5079 0.691400111 0.308599889 0.000000000
5080 0.669331431 0.330668569 0.000000000
5081 0.748456120 0.251543880 0.000000000
5082 0.574855685 0.425144315 0.000000000
5083 0.884557009 0.115442961 0.000000000
5084 0.786349058 0.213650957 0.000000000
5085 0.822082758 0.177917272 0.000000000
5086 0.833787739 0.166212261 0.000000000
5087 0.849240005 0.150759965 0.000000000
5088 0.867903113 0.132096872 0.000000000
5089 0.916330576 0.083669432 0.000000000
5090 0.899176776 0.100823224 0.000000000
5091 0.057906348 0.942093670 0.000000000
5092 0.773051679 0.226948321 0.000000000
5093 0.783294797 0.216705188 0.000000000
5094 0.715041101 0.284958929 0.000000000
5095 0.724821687 0.275178343 0.000000000
5096 0.879130185 0.120869838 0.000000000
5097 0.772951365 0.227048621 0.000000000
5098 0.842639089 0.157360882 0.000000000
5099 0.820141315 0.179858670 0.000000000
5100 0.851215482 0.148784503 0.000000000
5101 0.833543360 0.166456625 0.000000000
5102 0.852953374 0.147046611 0.000000000
5103 0.825012445 0.174987525 0.000000000
5104 0.830364764 0.169635206 0.000000000
5105 0.015188633 0.984811366 0.000000000
5106 0.780203462 0.219796523 0.000000000
5107 0.675675988 0.324324012 0.000000000
5108 0.712401330 0.287598670 0.000000000
5109 0.441988677 0.558011353 0.000000000
5110 0.285343587 0.714656413 0.000000000
5111 0.410982519 0.589017451 0.000000000
5112 0.419865876 0.580134094 0.000000000
5113 0.466554999 0.533445001 0.000000000
5114 0.476490170 0.523509800 0.000000000
5115 0.497529715 0.502470255 0.000000000
5116 0.524910152 0.475089848 0.000000000
5117 0.530312777 0.469687253 0.000000000
5118 0.537708223 0.462291777 0.000000000
5119 0.035826147 0.964173853 0.000000000
5120 0.312173605 0.687826395 0.000000000
5121 0.257126093 0.742873907 0.000000000
5122 0.323167443 0.676832557 0.000000000
5123 0.276298046 0.723701954 0.000000000
5124 0.328523070 0.671476901 0.000000000
5125 0.329308152 0.670691848 0.000000000
5126 0.391750723 0.608249307 0.000000000
5127 0.359864503 0.640135467 0.000000000
5128 0.297075719 0.702924311 0.000000000
5129 0.315900028 0.684099972 0.000000000
5130 0.360956371 0.639043629 0.000000000
5131 0.320739299 0.679260671 0.000000000
5132 0.322964489 0.677035511 0.000000000
5133 0.000000000 1.000000000 0.000000000
5134 0.195341676 0.804658353 0.000000000
5135 0.008924841 0.991075158 0.000000000
5136 0.029614266 0.970385730 0.000000000
5137 0.008524088 0.991475940 0.000000000
5138 0.023819903 0.976180077 0.000000000
5139 0.045083005 0.954917014 0.000000000
5140 0.007009112 0.992990911 0.000000000
5141 0.034085460 0.965914547 0.000000000
5142 0.027634986 0.972365022 0.000000000
5143 0.025405191 0.974594831 0.000000000
5144 0.036796235 0.963203788 0.000000000
5145 0.053623743 0.946376264 0.000000000
5146 0.044692252 0.955307722 0.000000000
5147 0.065488681 0.934511304 0.000000000
