0 0.000000000 0.802619159 0.197380826
1 0.000000000 0.622373998 0.377626002
2 0.000000000 0.501661241 0.498338789
3 0.000000000 0.891137421 0.108862557
4 0.000000000 0.854959190 0.145040810
5 0.000000000 0.971307993 0.028692015
6 0.000000000 0.962761521 0.037238497
7 0.000000000 0.986751497 0.013248477
8 0.000000000 0.852059424 0.147940576
9 0.000000000 0.868978441 0.131021559
10 0.000000000 0.764774144 0.235225856
11 0.000000000 0.524864316 0.475135714
12 0.000000000 0.341078579 0.658921421
13 0.000000000 0.337867051 0.662132978
14 0.000000000 0.255811036 0.744188964
15 0.000000000 0.464782834 0.535217166
16 0.000000000 0.805431783 0.194568247
17 0.000000000 0.848369658 0.151630327
18 0.000000000 0.999185324 0.000814656
19 0.000000000 0.990522921 0.009477052
20 0.000000000 0.945138097 0.054861914
21 0.000000000 0.969252944 0.030747076
22 0.000000000 0.552214086 0.447785914
23 0.000000000 0.495779961 0.504220009
24 0.000000000 0.179905102 0.820094883
25 0.000000000 0.086304300 0.913695693
26 0.854452014 0.073345006 0.072202988
27 0.921117425 0.042391825 0.036490735
28 0.927564919 0.049128968 0.023306141
29 0.857971072 0.070385963 0.071642950
30 0.716103435 0.208829045 0.075067528
31 0.704495490 0.260690123 0.034814369
32 0.650239110 0.302752078 0.047008805
33 0.492917091 0.429630518 0.077452376
34 0.380408138 0.560722709 0.058869179
35 0.200536162 0.619527459 0.179936379
36 0.000198020 0.855837643 0.143964350
37 0.000209449 0.835338652 0.164451882
38 0.000073396 0.269823670 0.730102897
39 0.998516500 0.000000000 0.001483471
40 0.985968828 0.000000000 0.014031182
41 0.926720500 0.000435425 0.072844081
42 0.954685867 0.040352419 0.004961730
43 0.761014700 0.203034058 0.035951264
44 0.612456799 0.375508159 0.012035081
45 0.687935472 0.272265196 0.039799359
46 0.523802638 0.437563449 0.038633920
47 0.574090719 0.363136619 0.062772661
48 0.043428119 0.801949620 0.154622242
49 0.000000000 0.856911540 0.143088445
50 0.000000000 0.816901505 0.183098495
51 0.000000000 0.306892574 0.693107426
52 0.822241724 0.177758262 0.000000000
53 0.787790716 0.212209284 0.000000000
54 0.765953243 0.234046757 0.000000000
55 0.992422163 0.007577814 0.000000000
56 0.723547876 0.276452094 0.000000000
57 0.486871332 0.513128638 0.000000000
58 0.899464488 0.100535527 0.000000000
59 0.652419746 0.347580224 0.000000000
60 0.354027838 0.645972192 0.000000000
61 0.068010874 0.931989133 0.000000000
62 0.000000000 1.000000000 0.000000000
63 0.000000000 1.000000000 0.000000000
64 0.000000000 1.000000000 0.000000000
65 0.914899945 0.085100062 0.000000000
66 0.943078816 0.056921206 0.000000000
67 0.909496844 0.090503164 0.000000000
68 0.810352743 0.189647257 0.000000000
69 0.731829107 0.268170863 0.000000000
70 0.125262722 0.874737263 0.000000000
71 0.773102522 0.226897478 0.000000000
72 0.381449610 0.618550360 0.000000000
73 0.238290384 0.761709630 0.000000000
74 0.060081501 0.939918518 0.000000000
75 0.000000000 1.000000000 0.000000000
76 0.000000000 1.000000000 0.000000000
77 0.000000000 1.000000000 0.000000000
78 0.000000000 0.364564568 0.635435402
79 0.000000000 0.680143058 0.319856942
80 0.000000000 0.537641287 0.462358713
81 0.000000000 0.709620357 0.290379673
82 0.000000000 0.715534925 0.284465045
83 0.000000000 0.691097677 0.308902353
84 0.000000000 0.771800756 0.228199244
85 0.000000000 0.699861646 0.300138354
86 0.000000000 0.801060259 0.198939770
87 0.000000000 0.783056617 0.216943368
88 0.000000000 0.682684183 0.317315847
89 0.000000000 0.740576148 0.259423882
90 0.000000000 0.769437909 0.230562091
91 0.000000000 0.690768778 0.309231222
92 0.000000000 0.447750986 0.552249014
93 0.000000000 0.630036175 0.369963855
94 0.000000000 0.814360857 0.185639158
95 0.000000000 0.793211997 0.206787989
96 0.000000000 0.733759522 0.266240507
97 0.000000000 0.787665248 0.212334767
98 0.000000000 0.798024833 0.201975152
99 0.000000000 0.803881288 0.196118727
100 0.000000000 0.792241693 0.207758307
101 0.000000000 0.710487306 0.289512694
102 0.000000000 0.773075044 0.226924971
103 0.000000000 0.843823671 0.156176344
104 0.000000000 0.843256593 0.156743392
105 0.000000000 0.933261693 0.066738300
106 0.000000000 0.227321461 0.772678554
107 0.000000000 0.837422490 0.162577510
108 0.000000000 0.848194361 0.151805669
109 0.000000000 0.829695582 0.170304418
110 0.000000000 0.890105903 0.109894112
111 0.000000000 0.842839181 0.157160789
112 0.000000000 0.921262980 0.078737020
113 0.000000000 0.881185770 0.118814245
114 0.000000000 0.781005263 0.218994722
115 0.000000000 0.829956949 0.170043036
116 0.000000000 0.938595891 0.061404116
117 0.000000000 0.923776627 0.076223359
118 0.000000000 0.925648868 0.074351147
119 0.000000000 0.930575788 0.069424190
120 0.000000000 0.463155180 0.536844850
121 0.000000000 0.932996631 0.067003354
122 0.000000000 0.955789626 0.044210345
123 0.000000000 0.978503942 0.021496078
124 0.000000000 0.951369286 0.048630696
125 0.000000000 0.967138112 0.032861892
126 0.000000000 0.959165156 0.040834818
127 0.000000000 0.867145419 0.132854581
128 0.000000000 0.965395927 0.034604046
129 0.000000000 0.922098339 0.077901684
130 0.000000000 0.948751867 0.051248103
131 0.000000000 0.930650651 0.069349326
132 0.000000000 0.973119199 0.026880801
133 0.000000000 0.926602483 0.073397532
134 0.000000000 0.407758653 0.592241347
135 0.000000000 0.943088114 0.056911856
136 0.000000000 0.983089805 0.016910207
137 0.000000000 0.986205935 0.013794092
138 0.000000000 0.987809002 0.012191009
139 0.000000000 0.942740321 0.057259694
140 0.000000000 0.897328198 0.102671780
141 0.000000000 0.960428476 0.039571501
142 0.000000000 0.977944434 0.022055591
143 0.000000000 0.985782385 0.014217605
144 0.000000000 0.999766469 0.000233521
145 0.000000000 0.997107148 0.002892874
146 0.000000000 0.982671738 0.017328244
147 0.000000000 0.982292414 0.017707599
148 0.000000000 0.519795835 0.480204195
149 0.000000000 0.995772481 0.004227496
150 0.000000000 0.998234749 0.001765227
151 0.000000000 0.992192745 0.007807277
152 0.000000000 0.995635808 0.004364169
153 0.000000000 0.968130589 0.031869404
154 0.000000000 0.984614611 0.015385382
155 0.000000000 0.999776959 0.000223023
156 0.000000000 0.993879437 0.006120553
157 0.000000000 0.962824881 0.037175145
158 0.000000000 0.991944909 0.008055087
159 0.000000000 0.982376695 0.017623302
160 0.000000000 0.995941937 0.004058055
161 0.000000000 0.981147766 0.018852210
162 0.000000000 0.419971555 0.580028474
163 0.000000000 0.999678612 0.000321402
164 0.000000000 0.995412111 0.004587883
165 0.000000000 0.984410286 0.015589720
166 0.000000000 0.956647873 0.043352108
167 0.000000000 0.978635490 0.021364484
168 0.000000000 0.991170645 0.008829348
169 0.000000000 0.988123655 0.011876329
170 0.000000000 0.987425923 0.012574052
171 0.000000000 0.999467969 0.000532056
172 0.000000000 0.986736834 0.013263179
173 0.000000000 0.998685777 0.001314246
174 0.000000000 0.989204168 0.010795854
175 0.000000000 0.999097168 0.000902854
176 0.000000000 0.438084573 0.561915457
177 0.000000000 0.982996047 0.017003933
178 0.000000000 0.991230786 0.008769236
179 0.000000000 0.929996133 0.070003875
180 0.000000000 0.940246463 0.059753552
181 0.000000000 0.919880331 0.080119699
182 0.000000000 0.978231788 0.021768214
183 0.000000000 0.961579978 0.038420007
184 0.000000000 0.980271339 0.019728664
185 0.000000000 0.988302529 0.011697453
186 0.000000000 0.959662318 0.040337667
187 0.000000000 0.962874770 0.037125215
188 0.000000000 0.997599244 0.002400743
189 0.000000000 0.966723561 0.033276469
190 0.000000000 0.385350436 0.614649534
191 0.000000000 0.962036371 0.037963632
192 0.000000000 0.815627635 0.184372395
193 0.000000000 0.927608371 0.072391629
194 0.000000000 0.935892403 0.064107567
195 0.000000000 0.962614715 0.037385285
196 0.000000000 0.957532942 0.042467084
197 0.000000000 0.939364910 0.060635068
198 0.000000000 0.938209176 0.061790816
199 0.000000000 0.911881983 0.088117987
200 0.000000000 0.899786055 0.100213945
201 0.000000000 0.968799651 0.031200344
202 0.000000000 0.929487705 0.070512310
203 0.000000000 0.885907233 0.114092797
204 0.000000000 0.345284015 0.654716015
205 0.000000000 0.794555962 0.205444008
206 0.000000000 0.820337236 0.179662764
207 0.000000000 0.760039687 0.239960298
208 0.000000000 0.703202426 0.296797603
209 0.000000000 0.714492202 0.285507798
210 0.000000000 0.704629600 0.295370430
211 0.000000000 0.692974865 0.307025135
212 0.000000000 0.664980888 0.335019082
213 0.000000000 0.715315402 0.284684569
214 0.000000000 0.746377170 0.253622830
215 0.000000000 0.593560696 0.406439304
216 0.000000000 0.724314034 0.275685996
217 0.000000000 0.652581155 0.347418875
218 0.000000000 0.262715697 0.737284303
219 0.000000000 0.573102891 0.426897109
220 0.000000000 0.516388237 0.483611792
221 0.000000000 0.356921762 0.643078268
222 0.000000000 0.266834199 0.733165801
223 0.000000000 0.284953058 0.715046942
224 0.000000000 0.344602644 0.655397356
225 0.000000000 0.326739281 0.673260689
226 0.000000000 0.176566467 0.823433518
227 0.000000000 0.365093142 0.634906888
228 0.000000000 0.261368454 0.738631546
229 0.000000000 0.271970272 0.728029728
230 0.000000000 0.353986442 0.646013558
231 0.000000000 0.264423877 0.735576153
232 0.000000000 0.108092815 0.891907156
233 0.000000000 0.214441732 0.785558283
234 0.000000000 0.274546593 0.725453436
235 0.000000000 0.436394572 0.563605428
236 0.000000000 0.377110422 0.622889578
237 0.000000000 0.429164499 0.570835471
238 0.000000000 0.368363023 0.631636977
239 0.000000000 0.275826186 0.724173844
240 0.000000000 0.418162763 0.581837237
241 0.000000000 0.187850907 0.812149107
242 0.000000000 0.278540075 0.721459925
243 0.000000000 0.361727685 0.638272345
244 0.000000000 0.152150974 0.847849011
245 0.000000000 0.321114063 0.678885937
246 0.000000000 0.191530928 0.808469057
247 0.000000000 0.000754839 0.999245167
248 0.000000000 0.289470285 0.710529745
249 0.000000000 0.435840786 0.564159214
250 0.000000000 0.221118987 0.778881013
251 0.000000000 0.281426966 0.718573034
252 0.000000000 0.508502662 0.491497368
253 0.000000000 0.232976124 0.767023861
254 0.000000000 0.274793655 0.725206316
255 0.000000000 0.485207707 0.514792323
256 0.000000000 0.472594380 0.527405620
257 0.000000000 0.267293096 0.732706904
258 0.000000000 0.601540744 0.398459256
259 0.000000000 0.615065396 0.384934574
260 0.000000000 0.284812540 0.715187490
261 0.000000000 0.009265667 0.990734339
262 0.000000000 0.349279702 0.650720298
263 0.000000000 0.297242790 0.702757239
264 0.000000000 0.364571869 0.635428131
265 0.000000000 0.352276474 0.647723496
266 0.000000000 0.322693855 0.677306175
267 0.000000000 0.400675386 0.599324584
268 0.000000000 0.513621807 0.486378223
269 0.000000000 0.428779691 0.571220338
270 0.000000000 0.523701251 0.476298749
271 0.000000000 0.626454592 0.373545378
272 0.000000000 0.607335091 0.392664880
273 0.000000000 0.522354364 0.477645636
274 0.000000000 0.678811669 0.321188331
275 0.000000000 0.001234293 0.998765707
276 0.000000000 0.615099609 0.384900391
277 0.000000000 0.795387745 0.204612270
278 0.000000000 0.793095410 0.206904575
279 0.000000000 0.661689579 0.338310450
280 0.000000000 0.735479891 0.264520109
281 0.000000000 0.833458483 0.166541502
282 0.000000000 0.693471789 0.306528211
283 0.000000000 0.819752216 0.180247769
284 0.000000000 0.857866943 0.142133072
285 0.000000000 0.793546915 0.206453115
286 0.000000000 0.690571845 0.309428126
287 0.000000000 0.751407146 0.248592868
288 0.000000000 0.561133444 0.438866526
289 0.000000000 0.000603683 0.999396324
290 0.000000000 0.872696400 0.127303585
291 0.000000000 0.928007901 0.071992077
292 0.000000000 0.890157938 0.109842084
293 0.000000000 0.821843266 0.178156704
294 0.000000000 0.930889189 0.069110811
295 0.000000000 0.894872904 0.105127111
296 0.000000000 0.898711622 0.101288371
297 0.000000000 0.926806808 0.073193222
298 0.000000000 0.951824963 0.048175029
299 0.000000000 0.865172148 0.134827852
300 0.000000000 0.878445446 0.121554576
301 0.000000000 0.870808125 0.129191846
302 0.000000000 0.902730465 0.097269528
303 0.000000000 0.002067908 0.997932076
304 0.000000000 0.947810829 0.052189153
305 0.000000000 0.955073297 0.044926681
306 0.000000000 0.966875911 0.033124071
307 0.000000000 0.928478122 0.071521856
308 0.000000000 0.969767570 0.030232435
309 0.000000000 0.978921890 0.021078100
310 0.000000000 0.971589029 0.028410943
311 0.000000000 0.946183860 0.053816166
312 0.000000000 0.963890195 0.036109805
313 0.000000000 0.968548357 0.031451669
314 0.000000000 0.976174116 0.023825854
315 0.000000000 0.984799802 0.015200210
316 0.000000000 0.993392169 0.006607801
317 0.000000000 0.000397146 0.999602854
318 0.000000000 0.982104301 0.017895704
319 0.000000000 0.974190354 0.025809655
320 0.000000000 0.979983687 0.020016307
321 0.000000000 0.974508524 0.025491485
322 0.000000000 0.987505198 0.012494779
323 0.000000000 0.966578007 0.033422008
324 0.000000000 0.999205291 0.000794728
325 0.000000000 0.991539657 0.008460366
326 0.000000000 0.985733807 0.014266220
327 0.000000000 0.980186999 0.019813005
328 0.000000000 0.997847259 0.002152735
329 0.000000000 0.989611447 0.010388563
330 0.000000000 0.998761237 0.001238755
331 0.000000000 0.000226163 0.999773860
332 0.000000000 0.996491730 0.003508288
333 0.000000000 0.991091549 0.008908455
334 0.000000000 0.979921043 0.020078948
335 0.000000000 0.998800516 0.001199486
336 0.000000000 0.986424565 0.013575447
337 0.000000000 0.972464561 0.027535435
338 0.000000000 0.999869883 0.000130108
339 0.000000000 0.998728156 0.001271853
340 0.000000000 0.991785169 0.008214803
341 0.000000000 0.992206395 0.007793630
342 0.000000000 0.999782681 0.000217331
343 0.000000000 0.999676228 0.000323766
344 0.000000000 0.992881596 0.007118422
345 0.000000000 0.000251134 0.999748886
346 0.000000000 0.999891996 0.000108031
347 0.000000000 0.953186572 0.046813432
348 0.000000000 0.990401566 0.009598421
349 0.000000000 0.989708126 0.010291873
350 0.000000000 0.971091330 0.028908651
351 0.000000000 0.966463566 0.033536404
352 0.000000000 0.930486858 0.069513120
353 0.000000000 0.942603528 0.057396472
354 0.000000000 0.972780645 0.027219374
355 0.000000000 0.969708264 0.030291740
356 0.000000000 0.983358741 0.016641270
357 0.000000000 0.983863711 0.016136309
358 0.000000000 0.970052540 0.029947467
359 0.000000000 0.001450089 0.998549938
360 0.000000000 0.899321973 0.100678034
361 0.000000000 0.922464132 0.077535890
362 0.000000000 0.928815126 0.071184859
363 0.000000000 0.845386624 0.154613361
364 0.000000000 0.867084384 0.132915586
365 0.000000000 0.756098688 0.243901283
366 0.000000000 0.751710832 0.248289138
367 0.000000000 0.905948043 0.094051957
368 0.000000000 0.911129534 0.088870481
369 0.000000000 0.901985228 0.098014779
370 0.000000000 0.904316187 0.095683821
371 0.000000000 0.922479272 0.077520750
372 0.000000000 0.851726532 0.148273438
373 0.000000000 0.000553430 0.999446571
374 0.000000000 0.589620769 0.410379231
375 0.000000000 0.665296555 0.334703445
376 0.000000000 0.468444973 0.531554997
377 0.000000000 0.224836782 0.775163233
378 0.000000000 0.145884618 0.854115367
379 0.000000000 0.250195831 0.749804199
380 0.000000000 0.245602190 0.754397810
381 0.000000000 0.235666528 0.764333487
382 0.000000000 0.247653484 0.752346516
383 0.000000000 0.315457642 0.684542358
384 0.000000000 0.369613260 0.630386710
385 0.000000000 0.295790255 0.704209745
386 0.000000000 0.260545284 0.739454687
387 0.000000000 0.000485605 0.999514401
388 0.000000000 0.072881542 0.927118480
389 0.000000000 0.039813574 0.960186422
390 0.000000000 0.008146464 0.991853535
391 0.000000000 0.007026519 0.992973506
392 0.000000000 0.002358628 0.997641385
393 0.000000000 0.003191087 0.996808887
394 0.000000000 0.041775651 0.958224356
395 0.000000000 0.002802822 0.997197151
396 0.000000000 0.001838444 0.998161554
397 0.000000000 0.091095328 0.908904672
398 0.000000000 0.024913609 0.975086391
399 0.000000000 0.006150419 0.993849576
400 0.000000000 0.006309380 0.993690610
401 0.000000000 0.001222122 0.998777866
402 0.000000000 0.001631532 0.998368442
403 0.000000000 0.003644672 0.996355355
404 0.000000000 0.005633562 0.994366467
405 0.000000000 0.003173966 0.996826053
406 0.000000000 0.003735048 0.996264935
407 0.000000000 0.004125009 0.995875001
408 0.000000000 0.004188282 0.995811701
409 0.000000000 0.004058239 0.995941758
410 0.000000000 0.003494863 0.996505141
411 0.000000000 0.005291633 0.994708359
412 0.000000000 0.005825731 0.994174242
413 0.000000000 0.005428248 0.994571745
414 0.000000000 0.002939139 0.997060835
415 0.000000000 0.003272566 0.996727407
416 0.000003478 0.001661201 0.998335302
417 0.952603161 0.000000000 0.047396861
418 0.967532396 0.000000000 0.032467589
419 0.939523518 0.000000000 0.060476489
420 0.967575133 0.000000000 0.032424878
421 0.965266466 0.000127566 0.034605980
422 0.957740664 0.000000000 0.042259354
423 0.986396015 0.000098124 0.013505870
424 0.944616795 0.000000000 0.055383202
425 0.964201629 0.000209524 0.035588831
426 0.966451943 0.000006375 0.033541679
427 0.926541388 0.000000000 0.073458605
428 0.971060455 0.000000000 0.028939551
429 0.973661959 0.000008310 0.026329754
430 0.000008285 0.005479939 0.994511783
431 0.997748554 0.000000000 0.002251430
432 0.974123955 0.000000000 0.025876060
433 0.969859660 0.000457601 0.029682761
434 0.976891160 0.000327003 0.022781830
435 0.973271310 0.000000000 0.026728665
436 0.988211393 0.000000000 0.011788611
437 1.000000000 0.000000000 0.000000000
438 0.960016787 0.000000000 0.039983187
439 0.943225682 0.000000000 0.056774311
440 0.964399993 0.000000000 0.035600014
441 0.966197312 0.000000000 0.033802669
442 0.982697368 0.000000000 0.017302623
443 0.973436952 0.000000000 0.026563035
444 0.000000000 0.001647659 0.998352349
445 0.955449045 0.000000000 0.044550940
446 0.972481906 0.000502924 0.027015194
447 0.962421775 0.000000000 0.037578229
448 0.935111761 0.000000000 0.064888224
449 0.964513361 0.000000000 0.035486639
450 0.960874021 0.000000000 0.039125968
451 0.963950574 0.000224046 0.035825409
452 0.959813774 0.000062322 0.040123891
453 0.926578939 0.000214212 0.073206820
454 0.967512190 0.000000000 0.032487813
455 0.975872755 0.000116930 0.024010295
456 0.967601776 0.002384226 0.030014019
457 0.988163054 0.007215984 0.004620945
458 0.000000000 0.000470069 0.999529958
459 0.973650813 0.000000000 0.026349179
460 0.942621529 0.011151975 0.046226487
461 0.970461488 0.000000000 0.029538499
462 0.974920392 0.000064293 0.025015337
463 0.962243795 0.003505658 0.034250576
464 0.963086784 0.000703171 0.036210023
465 0.959895611 0.011166457 0.028937910
466 0.881052613 0.051327519 0.067619838
467 0.940078974 0.012995806 0.046925191
468 0.898245573 0.035445020 0.066309430
469 0.967098832 0.004329946 0.028571228
470 0.992510438 0.007489563 0.000000000
471 0.949252605 0.030734373 0.020013016
472 0.000007648 0.001148157 0.998844206
473 0.935959756 0.032744795 0.031295445
474 0.913457334 0.038933966 0.047608718
475 0.937878966 0.023906399 0.038214635
476 0.945314825 0.022504209 0.032180950
477 0.911695361 0.033586469 0.054718170
478 0.905841351 0.039963294 0.054195359
479 0.820086122 0.066217937 0.113695942
480 0.837309837 0.110719636 0.051970512
481 0.906096935 0.064968593 0.028934462
482 0.889685810 0.091118410 0.019195767
483 0.897594452 0.086551063 0.015854500
484 0.903337240 0.068458028 0.028204748
485 0.849854112 0.148565948 0.001579953
486 0.000010601 0.019424703 0.980564713
487 0.843239605 0.124973401 0.031786975
488 0.873704135 0.100440644 0.025855219
489 0.858939826 0.106885284 0.034174915
490 0.798066914 0.161124364 0.040808741
491 0.853422344 0.118919343 0.027658332
492 0.619656444 0.266088307 0.114255242
493 0.722162127 0.269514263 0.008323613
494 0.801547348 0.157030568 0.041422058
495 0.749297798 0.220009238 0.030692944
496 0.758524418 0.214468852 0.027006738
497 0.878322542 0.121677443 0.000000000
498 0.791006267 0.201475456 0.007518273
499 0.828316510 0.171147808 0.000535680
500 0.000004377 0.000767790 0.999227822
501 0.810626328 0.172552988 0.016820705
502 0.765197217 0.220689192 0.014113565
503 0.724369168 0.240292624 0.035338178
504 0.763514042 0.222328186 0.014157764
505 0.627249241 0.328635871 0.044114903
506 0.604460776 0.376263559 0.019275663
507 0.765172839 0.204670697 0.030156456
508 0.731958270 0.254178494 0.013863223
509 0.716713369 0.266246587 0.017040037
510 0.819619536 0.179928005 0.000452476
511 0.738603413 0.250289351 0.011107204
512 0.816401601 0.183125854 0.000472524
513 0.821017802 0.147493199 0.031488996
514 0.000002125 0.021306789 0.978691101
515 0.706072986 0.293571830 0.000355197
516 0.650234759 0.341834813 0.007930449
517 0.788979530 0.191326454 0.019694034
518 0.605393291 0.365085125 0.029521562
519 0.551609457 0.436234742 0.012155814
520 0.629838765 0.327055454 0.043105803
521 0.491783619 0.449253649 0.058962714
522 0.559237778 0.417203844 0.023558343
523 0.618207455 0.362950474 0.018842055
524 0.550708234 0.447177231 0.002114556
525 0.710766852 0.278182596 0.011050546
526 0.692467153 0.227968395 0.079564475
527 0.671020687 0.316972494 0.012006801
528 0.000013794 0.003689807 0.996296406
529 0.560973465 0.406260073 0.032766446
530 0.567322969 0.379003763 0.053673245
531 0.411765695 0.508494735 0.079739600
532 0.491172671 0.474926859 0.033900451
533 0.422281951 0.571536899 0.006181166
534 0.352019370 0.637838244 0.010142393
535 0.335236609 0.662785947 0.001977443
536 0.558944166 0.432170182 0.008885670
537 0.359837383 0.638713062 0.001449528
538 0.583319962 0.406454235 0.010225834
539 0.474854589 0.497743130 0.027402297
540 0.466583103 0.531864941 0.001551953
541 0.440759271 0.548965931 0.010274788
542 0.000000000 0.001484415 0.998515606
543 0.400740653 0.580403030 0.018856315
544 0.300916761 0.679754376 0.019328862
545 0.231996253 0.740285933 0.027717829
546 0.041965354 0.955461979 0.002572679
547 0.006366266 0.991544902 0.002088807
548 0.027434010 0.971355200 0.001210776
549 0.060020290 0.937018037 0.002961690
550 0.033372387 0.965178549 0.001449090
551 0.035577253 0.962943554 0.001479214
552 0.006192342 0.922558010 0.071249679
553 0.078646839 0.918224037 0.003129143
554 0.005647928 0.970223188 0.024128877
555 0.032391217 0.959405959 0.008202822
556 0.000012031 0.031665899 0.968322098
557 0.000597588 0.935148180 0.064254232
558 0.000343949 0.897616684 0.102039382
559 0.002063102 0.963991463 0.033945438
560 0.000512605 0.979066849 0.020420576
561 0.000780735 0.980064511 0.019154780
562 0.000646691 0.984806716 0.014546614
563 0.002366032 0.984283626 0.013350332
564 0.001563241 0.989382565 0.009054201
565 0.000697767 0.858143210 0.141159043
566 0.000306213 0.990423977 0.009269812
567 0.002246788 0.989839017 0.007914204
568 0.002460693 0.985565424 0.011973895
569 0.002068896 0.960642874 0.037288237
570 0.000005249 0.041355986 0.958638787
571 0.000185161 0.587718606 0.412096202
572 0.000000000 0.380728364 0.619271636
573 0.000000000 0.007941270 0.992058754
574 0.000000000 0.203998461 0.796001554
575 0.000000000 0.209378839 0.790621161
576 0.000000000 0.283508569 0.716491461
577 0.000005386 0.202154905 0.797839701
578 0.000000000 0.120122895 0.879877090
579 0.000000000 0.304141879 0.695858121
580 0.000432033 0.315681547 0.683886409
581 0.000000000 0.218772054 0.781227946
582 0.000000000 0.446933746 0.553066254
583 0.000000000 0.322462589 0.677537382
584 0.000000000 0.004398417 0.995601594
585 0.000000000 0.000261519 0.999738455
586 0.975071609 0.000000000 0.024928376
587 0.999828458 0.000047607 0.000123919
588 0.999858737 0.000037990 0.000103244
589 0.975376844 0.000022163 0.024600998
590 0.999804139 0.000047671 0.000148214
591 0.999859989 0.000032336 0.000107652
592 0.999839902 0.000020975 0.000139151
593 0.999670863 0.000000000 0.000329117
594 0.972058177 0.000000000 0.027941829
595 0.999869108 0.000024006 0.000106896
596 0.999736428 0.000000000 0.000263555
597 0.999881446 0.000003515 0.000115060
598 0.998804688 0.000049181 0.001146154
599 0.000000000 0.000000459 0.999999523
600 0.967852116 0.000035117 0.032112759
601 0.994120538 0.000041293 0.005838186
602 0.971071899 0.000081685 0.028846420
603 0.998989284 0.000072048 0.000938652
604 0.998334348 0.000146616 0.001519052
605 0.999855876 0.000040932 0.000103172
606 0.993745804 0.000000000 0.006254178
607 0.997216821 0.000038091 0.002745076
608 0.996738851 0.000105928 0.003155246
609 0.999922693 0.000016356 0.000060972
610 0.999887824 0.000018516 0.000093653
611 0.992917418 0.000276935 0.006805633
612 0.928620517 0.000031721 0.071347773
613 0.000000000 0.000107247 0.999892771
614 0.999482512 0.000517482 0.000000000
615 0.991615772 0.000412273 0.007971978
616 0.999413371 0.000348161 0.000238472
617 0.966902077 0.000353597 0.032744341
618 0.965733349 0.000022910 0.034243748
619 0.968745887 0.000007212 0.031246897
620 0.929394603 0.000021624 0.070583768
621 0.986856937 0.000102068 0.013040982
622 1.000000000 0.000000000 0.000000000
623 0.962668121 0.000035521 0.037296366
624 0.999373913 0.000595104 0.000030962
625 0.977048516 0.000003782 0.022947704
626 0.989921629 0.000012562 0.010065788
627 0.000000000 0.000121699 0.999878287
628 0.963277161 0.000248234 0.036474586
629 0.998711944 0.001254834 0.000033207
630 0.999263704 0.000595052 0.000141273
631 0.999634087 0.000232001 0.000133883
632 0.965362847 0.000172750 0.034464378
633 0.989733219 0.010224828 0.000041966
634 0.991142273 0.000366811 0.008490887
635 0.963128924 0.000253180 0.036617890
636 0.972492218 0.010837606 0.016670192
637 0.989523709 0.000724346 0.009751922
638 0.971163988 0.028575242 0.000260778
639 0.982134163 0.011128719 0.006737132
640 0.996993244 0.002954000 0.000052777
641 0.000000000 0.000000000 1.000000000
642 0.935994267 0.028512556 0.035493176
643 0.968166947 0.031430755 0.000402315
644 0.972874463 0.026754322 0.000371195
645 0.957986414 0.025801318 0.016212262
646 0.954029799 0.038004152 0.007966067
647 0.920344770 0.072762713 0.006892497
648 0.872784674 0.090230830 0.036984492
649 0.943729520 0.039551608 0.016718876
650 0.930736244 0.030307265 0.038956478
651 0.908439100 0.072157621 0.019403273
652 0.928855419 0.034656383 0.036488175
653 0.954746664 0.045187503 0.000065805
654 0.958341360 0.037221905 0.004436754
655 0.000000000 0.000000000 1.000000000
656 0.890577137 0.094120502 0.015302352
657 0.894452870 0.105239138 0.000307960
658 0.891334057 0.066398084 0.042267837
659 0.821862400 0.132978871 0.045158722
660 0.831364989 0.158138096 0.010496895
661 0.773491502 0.195287436 0.031221062
662 0.828733921 0.127519801 0.043746263
663 0.853464365 0.118959025 0.027576629
664 0.787156761 0.200916812 0.011926411
665 0.909454942 0.089912415 0.000632656
666 0.788685322 0.203063652 0.008251035
667 0.834010363 0.165896490 0.000093123
668 0.839919090 0.158671945 0.001408956
669 0.000000000 0.035938345 0.964061677
670 0.713526130 0.286204398 0.000269473
671 0.663386285 0.305440158 0.031173583
672 0.654829502 0.321235269 0.023935229
673 0.721751213 0.254466176 0.023782592
674 0.465776265 0.487627625 0.046596106
675 0.629513204 0.341483593 0.029003218
676 0.659693718 0.331573397 0.008732890
677 0.599737465 0.399685293 0.000577254
678 0.791518450 0.207062557 0.001419027
679 0.765602052 0.225652784 0.008745164
680 0.839759052 0.159976557 0.000264386
681 0.717098653 0.282342643 0.000558705
682 0.802647650 0.196111530 0.001240825
683 0.000000000 0.000458082 0.999541938
684 0.613735676 0.381246865 0.005017448
685 0.673269451 0.325465292 0.001265282
686 0.601549804 0.380597502 0.017852668
687 0.509739101 0.489321172 0.000939710
688 0.422220290 0.571788549 0.005991181
689 0.710340083 0.279337466 0.010322456
690 0.639839828 0.357468188 0.002692009
691 0.796562135 0.190123186 0.013314653
692 0.767025232 0.220655426 0.012319351
693 0.772858143 0.224516779 0.002625078
694 0.715864778 0.281257123 0.002878102
695 0.744047344 0.242816180 0.013136498
696 0.838519454 0.160642013 0.000838534
697 0.000000000 0.044086654 0.955913365
698 0.601463258 0.370410770 0.028125964
699 0.500133395 0.476708591 0.023158038
700 0.411231041 0.548515081 0.040253878
701 0.480845869 0.482672632 0.036481496
702 0.489351600 0.498794883 0.011853511
703 0.234613135 0.752587676 0.012799203
704 0.481379122 0.510695100 0.007925788
705 0.421909958 0.557662368 0.020427683
706 0.498335570 0.477039874 0.024624540
707 0.515166521 0.484551519 0.000281973
708 0.536142230 0.461442709 0.002415023
709 0.520981014 0.475031734 0.003987240
710 0.456668615 0.542679667 0.000651718
711 0.000000000 0.110440664 0.889559329
712 0.270395100 0.721735418 0.007869492
713 0.158329502 0.831140220 0.010530306
714 0.142287254 0.835428655 0.022284122
715 0.020687593 0.955800831 0.023511549
716 0.000346338 0.973940670 0.025712974
717 0.024304457 0.970665514 0.005030001
718 0.031980213 0.935363531 0.032656237
719 0.014506361 0.981917918 0.003575742
720 0.038480408 0.936308682 0.025210893
721 0.013506526 0.983873844 0.002619655
722 0.024723131 0.959890068 0.015386780
723 0.004692662 0.990764141 0.004543200
724 0.001913229 0.984999180 0.013087580
725 0.000000000 0.071946926 0.928053081
726 0.000346184 0.991781294 0.007872547
727 0.000000000 0.910446823 0.089553155
728 0.000000000 0.889104426 0.110895574
729 0.000000000 0.856339991 0.143659994
730 0.000000000 0.871158004 0.128841981
731 0.000000000 0.896514416 0.103485569
732 0.000000000 0.792679906 0.207320094
733 0.001973924 0.912110388 0.085915692
734 0.000288820 0.924606264 0.075104900
735 0.000000000 0.921425819 0.078574166
736 0.000661907 0.876306117 0.123032004
737 0.000268241 0.881667376 0.118064381
738 0.000000000 0.985243976 0.014756036
739 0.000000000 0.000000000 1.000000000
740 0.000000000 0.660281897 0.339718103
741 0.000000000 0.305784702 0.694215298
742 0.000000000 0.345257729 0.654742241
743 0.000000000 0.121152967 0.878847003
744 0.000000000 0.338761389 0.661238611
745 0.000000000 0.280903250 0.719096780
746 0.000000000 0.014701295 0.985298693
747 0.000000000 0.345529348 0.654470682
748 0.000000000 0.225130782 0.774869204
749 0.000000000 0.524846911 0.475153089
750 0.000000000 0.533788145 0.466211826
751 0.000000000 0.661700606 0.338299394
752 0.000000000 0.488063961 0.511936009
753 0.000000000 0.000000000 1.000000000
754 0.000000000 1.000000000 0.000000000
755 1.000000000 0.000000000 0.000000000
756 1.000000000 0.000000000 0.000000000
757 1.000000000 0.000000000 0.000000000
758 1.000000000 0.000000000 0.000000000
759 1.000000000 0.000000000 0.000000000
760 1.000000000 0.000000000 0.000000000
761 1.000000000 0.000000000 0.000000000
762 1.000000000 0.000000000 0.000000000
763 1.000000000 0.000000000 0.000000000
764 1.000000000 0.000000000 0.000000000
765 1.000000000 0.000000000 0.000000000
766 1.000000000 0.000000000 0.000000000
767 1.000000000 0.000000000 0.000000000
768 0.000000000 1.000000000 0.000000000
769 1.000000000 0.000000000 0.000000000
770 1.000000000 0.000000000 0.000000000
771 1.000000000 0.000000000 0.000000000
772 1.000000000 0.000000000 0.000000000
773 1.000000000 0.000000000 0.000000000
774 1.000000000 0.000000000 0.000000000
775 1.000000000 0.000000000 0.000000000
776 1.000000000 0.000000000 0.000000000
777 1.000000000 0.000000000 0.000000000
778 0.998636305 0.001363702 0.000000000
779 1.000000000 0.000000000 0.000000000
780 0.999939442 0.000060539 0.000000000
781 0.999066651 0.000933340 0.000000000
782 0.000000000 1.000000000 0.000000000
783 0.999687612 0.000312368 0.000000000
784 1.000000000 0.000000000 0.000000000
785 1.000000000 0.000000000 0.000000000
786 1.000000000 0.000000000 0.000000000
787 1.000000000 0.000000000 0.000000000
788 1.000000000 0.000000000 0.000000000
789 1.000000000 0.000000000 0.000000000
790 1.000000000 0.000000000 0.000000000
791 0.997846544 0.002153467 0.000000000
792 1.000000000 0.000000000 0.000000000
793 0.999827921 0.000172092 0.000000000
794 1.000000000 0.000000000 0.000000000
795 1.000000000 0.000000000 0.000000000
796 0.000000000 1.000000000 0.000000000
797 0.999826968 0.000173007 0.000000000
798 0.992287219 0.007712802 0.000000000
799 0.993291736 0.006708254 0.000000000
800 0.996919394 0.003080630 0.000000000
801 0.998910367 0.001089613 0.000000000
802 1.000000000 0.000000000 0.000000000
803 0.999937236 0.000062734 0.000000000
804 1.000000000 0.000000000 0.000000000
805 1.000000000 0.000000000 0.000000000
806 0.999750555 0.000249428 0.000000000
807 1.000000000 0.000000000 0.000000000
808 0.991383672 0.008616304 0.000000000
809 0.999174476 0.000825545 0.000000000
810 0.000000000 1.000000000 0.000000000
811 1.000000000 0.000000000 0.000000000
812 1.000000000 0.000000000 0.000000000
813 0.991237700 0.008762318 0.000000000
814 1.000000000 0.000000000 0.000000000
815 1.000000000 0.000000000 0.000000000
816 0.999997735 0.000002238 0.000000000
817 1.000000000 0.000000000 0.000000000
818 1.000000000 0.000000000 0.000000000
819 0.999871194 0.000128816 0.000000000
820 0.158103839 0.841896176 0.000000000
821 0.932039857 0.067960165 0.000000000
822 0.011435988 0.988564014 0.000000000
823 1.000000000 0.000000000 0.000000000
824 0.000000000 1.000000000 0.000000000
825 1.000000000 0.000000000 0.000000000
826 1.000000000 0.000000000 0.000000000
827 1.000000000 0.000000000 0.000000000
828 1.000000000 0.000000000 0.000000000
829 0.681263864 0.318736106 0.000000000
830 0.993812919 0.006187068 0.000000000
831 0.118475802 0.881524205 0.000000000
832 0.992133856 0.007866171 0.000000000
833 0.981531322 0.018468685 0.000000000
834 0.959096670 0.040903311 0.000000000
835 0.995630920 0.004369061 0.000000000
836 0.963080287 0.036919732 0.000000000
837 0.985141635 0.014858355 0.000000000
838 0.000000000 1.000000000 0.000000000
839 0.620673060 0.379326969 0.000000000
840 1.000000000 0.000000000 0.000000000
841 0.991991997 0.008007986 0.000000000
842 0.628488660 0.371511340 0.000000000
843 0.968112051 0.031887919 0.000000000
844 0.982559860 0.017440129 0.000000000
845 0.679859638 0.320140332 0.000000000
846 0.971592844 0.028407175 0.000000000
847 0.622824609 0.377175391 0.000000000
848 0.974394202 0.025605826 0.000000000
849 0.396110862 0.603889167 0.000000000
850 0.847030640 0.152969375 0.000000000
851 0.000000000 1.000000000 0.000000000
852 0.000000000 1.000000000 0.000000000
853 0.899113417 0.100886576 0.000000000
854 0.944553852 0.055446137 0.000000000
855 0.122233003 0.877766967 0.000000000
856 0.358538717 0.641461313 0.000000000
857 0.248579979 0.751420021 0.000000000
858 0.999508083 0.000491937 0.000000000
859 0.927063346 0.072936639 0.000000000
860 0.986357987 0.013642035 0.000000000
861 0.982853949 0.017146034 0.000000000
862 0.491368264 0.508631706 0.000000000
863 0.095788352 0.904211640 0.000000000
864 0.995860577 0.004139408 0.000000000
865 0.979201674 0.020798320 0.000000000
866 0.000000000 1.000000000 0.000000000
867 0.694746315 0.305253655 0.000000000
868 0.737399757 0.262600273 0.000000000
869 0.941897869 0.058102105 0.000000000
870 0.641806901 0.358193099 0.000000000
871 0.985409617 0.014590387 0.000000000
872 0.772621691 0.227378309 0.000000000
873 0.735747278 0.264252722 0.000000000
874 0.619646549 0.380353451 0.000000000
875 0.455263913 0.544736087 0.000000000
876 0.778643250 0.221356735 0.000000000
877 0.312713712 0.687286258 0.000000000
878 0.422214836 0.577785194 0.000000000
879 0.469737440 0.530262530 0.000000000
880 0.000000000 1.000000000 0.000000000
881 0.420250952 0.579749048 0.000000000
882 0.438900411 0.561099589 0.000000000
883 0.299536377 0.700463593 0.000000000
884 0.398780107 0.601219893 0.000000000
885 0.315318525 0.684681475 0.000000000
886 0.344669521 0.655330479 0.000000000
887 0.375551015 0.624449015 0.000000000
888 0.315567911 0.684432089 0.000000000
889 0.464845210 0.535154760 0.000000000
890 0.422395796 0.577604175 0.000000000
891 0.352478206 0.647521794 0.000000000
892 0.316847712 0.683152318 0.000000000
893 0.334078610 0.665921390 0.000000000
894 0.000000000 1.000000000 0.000000000
895 0.211043850 0.788956165 0.000000000
896 0.102337360 0.897662640 0.000000000
897 0.093019411 0.906980574 0.000000000
898 0.089963377 0.910036623 0.000000000
899 0.114328079 0.885671914 0.000000000
900 0.159334570 0.840665400 0.000000000
901 0.078682110 0.921317875 0.000000000
902 0.028152687 0.971847296 0.000000000
903 0.211470306 0.788529694 0.000000000
904 0.189598083 0.810401917 0.000000000
905 0.175532788 0.824467242 0.000000000
906 0.129517019 0.870482981 0.000000000
907 0.163146898 0.836853087 0.000000000
908 0.000000000 1.000000000 0.000000000
909 0.000000000 1.000000000 0.000000000
910 0.000000000 1.000000000 0.000000000
911 0.000000000 1.000000000 0.000000000
912 0.000000000 1.000000000 0.000000000
913 0.000000000 1.000000000 0.000000000
914 0.000000000 1.000000000 0.000000000
915 0.000000000 1.000000000 0.000000000
916 0.000000000 1.000000000 0.000000000
917 0.000000000 1.000000000 0.000000000
918 0.000000000 1.000000000 0.000000000
919 0.001596780 0.998403192 0.000000000
920 0.000000000 1.000000000 0.000000000
921 0.000000000 1.000000000 0.000000000
922 0.000000000 1.000000000 0.000000000
923 0.000000000 1.000000000 0.000000000
924 1.000000000 0.000000000 0.000000000
925 1.000000000 0.000000000 0.000000000
926 1.000000000 0.000000000 0.000000000
927 1.000000000 0.000000000 0.000000000
928 1.000000000 0.000000000 0.000000000
929 1.000000000 0.000000000 0.000000000
930 1.000000000 0.000000000 0.000000000
931 1.000000000 0.000000000 0.000000000
932 1.000000000 0.000000000 0.000000000
933 1.000000000 0.000000000 0.000000000
934 1.000000000 0.000000000 0.000000000
935 1.000000000 0.000000000 0.000000000
936 0.999424815 0.000575171 0.000000000
937 0.000000000 1.000000000 0.000000000
938 1.000000000 0.000000000 0.000000000
939 1.000000000 0.000000000 0.000000000
940 0.998358071 0.001641912 0.000000000
941 0.998935878 0.001064132 0.000000000
942 1.000000000 0.000000000 0.000000000
943 0.995862365 0.004137663 0.000000000
944 1.000000000 0.000000000 0.000000000
945 1.000000000 0.000000000 0.000000000
946 1.000000000 0.000000000 0.000000000
947 0.991710901 0.008289073 0.000000000
948 0.996111035 0.003888984 0.000000000
949 0.999058247 0.000941732 0.000000000
950 1.000000000 0.000000000 0.000000000
951 0.000000000 1.000000000 0.000000000
952 0.998550713 0.001449308 0.000000000
953 0.999075532 0.000924450 0.000000000
954 0.996188402 0.003811600 0.000000000
955 1.000000000 0.000000000 0.000000000
956 0.996030271 0.003969708 0.000000000
957 1.000000000 0.000000000 0.000000000
958 1.000000000 0.000000000 0.000000000
959 1.000000000 0.000000000 0.000000000
960 0.988009870 0.011990116 0.000000000
961 0.991745353 0.008254620 0.000000000
962 0.998647094 0.001352880 0.000000000
963 1.000000000 0.000000000 0.000000000
964 1.000000000 0.000000000 0.000000000
965 0.000000000 1.000000000 0.000000000
966 0.997136056 0.002863919 0.000000000
967 1.000000000 0.000000000 0.000000000
968 1.000000000 0.000000000 0.000000000
969 0.997555256 0.002444748 0.000000000
970 1.000000000 0.000000000 0.000000000
971 1.000000000 0.000000000 0.000000000
972 0.999998331 0.000001673 0.000000000
973 0.981245637 0.018754367 0.000000000
974 1.000000000 0.000000000 0.000000000
975 0.996851504 0.003148508 0.000000000
976 0.995879114 0.004120908 0.000000000
977 0.999298871 0.000701130 0.000000000
978 0.991742790 0.008257224 0.000000000
979 0.000000000 1.000000000 0.000000000
980 0.988418639 0.011581333 0.000000000
981 1.000000000 0.000000000 0.000000000
982 0.993403256 0.006596766 0.000000000
983 1.000000000 0.000000000 0.000000000
984 0.974238753 0.025761252 0.000000000
985 1.000000000 0.000000000 0.000000000
986 0.995206296 0.004793686 0.000000000
987 0.982651174 0.017348852 0.000000000
988 0.990850687 0.009149305 0.000000000
989 0.995949864 0.004050117 0.000000000
990 0.995765865 0.004234145 0.000000000
991 0.981771231 0.018228788 0.000000000
992 0.980013728 0.019986289 0.000000000
993 0.000000000 1.000000000 0.000000000
994 1.000000000 0.000000000 0.000000000
995 0.982857049 0.017142978 0.000000000
996 1.000000000 0.000000000 0.000000000
997 0.985764146 0.014235878 0.000000000
998 0.978403151 0.021596843 0.000000000
999 0.978394449 0.021605546 0.000000000
1000 0.253901899 0.746098101 0.000000000
1001 0.996245384 0.003754618 0.000000000
1002 0.975581050 0.024418974 0.000000000
1003 0.948803008 0.051196970 0.000000000
1004 0.288182974 0.711817026 0.000000000
1005 0.997841120 0.002158890 0.000000000
1006 0.145199090 0.854800880 0.000000000
1007 0.000000000 1.000000000 0.000000000
1008 0.000000000 1.000000000 0.000000000
1009 0.989783764 0.010216241 0.000000000
1010 0.985685408 0.014314587 0.000000000
1011 0.152530506 0.847469509 0.000000000
1012 0.971927524 0.028072489 0.000000000
1013 0.987395287 0.012604729 0.000000000
1014 0.349294126 0.650705874 0.000000000
1015 0.635984182 0.364015818 0.000000000
1016 0.986398816 0.013601182 0.000000000
1017 0.940827608 0.059172373 0.000000000
1018 0.139382318 0.860617697 0.000000000
1019 0.032165434 0.967834592 0.000000000
1020 0.957793295 0.042206690 0.000000000
1021 0.000000000 1.000000000 0.000000000
1022 0.000000000 1.000000000 0.000000000
1023 0.997164726 0.002835288 0.000000000
1024 0.997408271 0.002591710 0.000000000
1025 0.938099325 0.061900686 0.000000000
1026 0.964520156 0.035479847 0.000000000
1027 0.999846935 0.000153045 0.000000000
1028 0.989972711 0.010027296 0.000000000
1029 0.978856444 0.021143569 0.000000000
1030 0.986226082 0.013773901 0.000000000
1031 0.887887061 0.112112932 0.000000000
1032 0.926339209 0.073660776 0.000000000
1033 0.903273046 0.096726947 0.000000000
1034 0.920111656 0.079888359 0.000000000
1035 0.000000000 1.000000000 0.000000000
1036 0.924917519 0.075082466 0.000000000
1037 0.469356149 0.530643880 0.000000000
1038 0.694140613 0.305859387 0.000000000
1039 0.529877365 0.470122606 0.000000000
1040 0.884945273 0.115054742 0.000000000
1041 0.631757975 0.368242055 0.000000000
1042 0.800469637 0.199530393 0.000000000
1043 0.564315081 0.435684949 0.000000000
1044 0.708153069 0.291846931 0.000000000
1045 0.860917628 0.139082372 0.000000000
1046 0.736001134 0.263998896 0.000000000
1047 0.708389878 0.291610152 0.000000000
1048 0.702882886 0.297117114 0.000000000
1049 0.000000000 1.000000000 0.000000000
1050 0.400106013 0.599893987 0.000000000
1051 0.633163214 0.366836786 0.000000000
1052 0.400497973 0.599502027 0.000000000
1053 0.138730645 0.861269355 0.000000000
1054 0.198029652 0.801970363 0.000000000
1055 0.413884521 0.586115479 0.000000000
1056 0.180333987 0.819666028 0.000000000
1057 0.441616982 0.558383048 0.000000000
1058 0.227154970 0.772845030 0.000000000
1059 0.514036655 0.485963374 0.000000000
1060 0.482140869 0.517859101 0.000000000
1061 0.353951365 0.646048665 0.000000000
1062 0.529515147 0.470484853 0.000000000
1063 0.000000000 1.000000000 0.000000000
1064 0.253574938 0.746425033 0.000000000
1065 0.128951311 0.871048689 0.000000000
1066 0.086650707 0.913349271 0.000000000
1067 0.007340038 0.992659986 0.000000000
1068 0.158770338 0.841229677 0.000000000
1069 0.000000000 1.000000000 0.000000000
1070 0.290442765 0.709557235 0.000000000
1071 0.091868140 0.908131838 0.000000000
1072 0.161892250 0.838107765 0.000000000
1073 0.281666040 0.718333960 0.000000000
1074 0.054183029 0.945816994 0.000000000
1075 0.212640360 0.787359655 0.000000000
1076 0.000000000 1.000000000 0.000000000
1077 0.000000000 1.000000000 0.000000000
1078 0.000000000 1.000000000 0.000000000
1079 0.000000000 1.000000000 0.000000000
1080 0.000000000 1.000000000 0.000000000
1081 0.000000000 1.000000000 0.000000000
1082 0.000000000 1.000000000 0.000000000
1083 0.000000000 1.000000000 0.000000000
1084 0.000000000 1.000000000 0.000000000
1085 0.000000000 1.000000000 0.000000000
1086 0.000000000 1.000000000 0.000000000
1087 0.000000000 1.000000000 0.000000000
1088 0.000000000 1.000000000 0.000000000
1089 0.000000000 1.000000000 0.000000000
1090 0.000000000 1.000000000 0.000000000
1091 0.000000000 1.000000000 0.000000000
1092 0.000000000 0.364062190 0.635937810
1093 0.000000000 0.416479498 0.583520532
1094 0.000000000 0.222128779 0.777871192
1095 0.000000000 0.753287911 0.246712103
1096 0.000000000 0.557215154 0.442784846
1097 0.000000000 0.576670885 0.423329085
1098 0.000000000 0.649928510 0.350071490
1099 0.000000000 0.557840109 0.442159891
1100 0.000000000 0.679039598 0.320960432
1101 0.000000000 0.625895441 0.374104559
1102 0.000000000 0.696267366 0.303732634
1103 0.000000000 0.741807222 0.258192778
1104 0.000000000 0.666345537 0.333654493
1105 0.000000000 0.481957197 0.518042803
1106 0.000000000 0.188767269 0.811232746
1107 0.000000000 0.346546680 0.653453350
1108 0.000000000 0.717963338 0.282036662
1109 0.000000000 0.690563321 0.309436679
1110 0.000000000 0.689255238 0.310744762
1111 0.000000000 0.766345799 0.233654186
1112 0.000000000 0.656728506 0.343271524
1113 0.000000000 0.813835740 0.186164275
1114 0.000000000 0.801844358 0.198155671
1115 0.000000000 0.703438699 0.296561301
1116 0.000000000 0.773561835 0.226438150
1117 0.000000000 0.833794355 0.166205660
1118 0.000000000 0.557652831 0.442347199
1119 0.000000000 0.505845129 0.494154900
1120 0.000000000 0.134120747 0.865879238
1121 0.000000000 0.802857518 0.197142497
1122 0.000000000 0.660788417 0.339211553
1123 0.000000000 0.690518558 0.309481472
1124 0.000000000 0.760103822 0.239896148
1125 0.000000000 0.682165861 0.317834139
1126 0.000000000 0.829008162 0.170991838
1127 0.000000000 0.759942949 0.240057066
1128 0.000000000 0.783486187 0.216513813
1129 0.000000000 0.752065837 0.247934148
1130 0.000000000 0.731885493 0.268114477
1131 0.000000000 0.767194986 0.232805029
1132 0.000000000 0.639645517 0.360354483
1133 0.000000000 0.579893768 0.420106232
1134 0.000000000 0.386626869 0.613373101
1135 0.000000000 0.740782499 0.259217471
1136 0.000000000 0.990670264 0.009329719
1137 0.000000000 0.819935501 0.180064484
1138 0.000000000 0.935346842 0.064653143
1139 0.000000000 0.988353491 0.011646498
1140 0.000000000 0.885309279 0.114690721
1141 0.000000000 0.878194571 0.121805452
1142 0.000000000 0.999900579 0.000099426
1143 0.000000000 0.991430044 0.008569942
1144 0.000000000 0.898962200 0.101037778
1145 0.000000000 0.925919533 0.074080452
1146 0.000000000 0.827133834 0.172866151
1147 0.000000000 0.827008784 0.172991231
1148 0.000000000 0.383556306 0.616443694
1149 0.000000000 0.951888978 0.048111029
1150 0.000000000 0.997828007 0.002171996
1151 0.000000000 0.906268179 0.093731835
1152 0.000000000 0.993835509 0.006164479
1153 0.000000000 0.981953025 0.018046979
1154 0.000000000 0.991335094 0.008664880
1155 0.000000000 0.999618471 0.000381526
1156 0.000000000 1.000000000 0.000000000
1157 0.000000000 0.999753952 0.000246077
1158 0.000000000 0.983705342 0.016294634
1159 0.000000000 0.991416931 0.008583042
1160 0.000000000 0.977466106 0.022533894
1161 0.000000000 0.999753952 0.000246077
1162 0.000000000 0.594303966 0.405696005
1163 0.000000000 0.977412760 0.022587223
1164 0.000000000 0.884115696 0.115884289
1165 0.000000000 0.982291877 0.017708143
1166 0.000000000 0.999765694 0.000234334
1167 0.000000000 0.983535349 0.016464664
1168 0.000000000 0.996870160 0.003129847
1169 0.000000000 0.979550004 0.020450000
1170 0.000000000 0.804176748 0.195823267
1171 0.000000000 0.972902477 0.027097499
1172 0.000000000 0.988936663 0.011063350
1173 0.000000000 0.959963202 0.040036824
1174 0.000000000 0.983051240 0.016948743
1175 0.000000000 0.987432003 0.012567981
1176 0.000000000 0.317714185 0.682285786
1177 0.000000000 0.808377445 0.191622570
1178 0.000000000 0.980385005 0.019614974
1179 0.000000000 0.993797719 0.006202261
1180 0.000000000 0.990992010 0.009007992
1181 0.000000000 0.998310387 0.001689601
1182 0.000000000 0.987756312 0.012243674
1183 0.000000000 0.961022735 0.038977277
1184 0.000000000 0.870435476 0.129564524
1185 0.000000000 0.910014570 0.089985460
1186 0.000000000 0.915281355 0.084718645
1187 0.000000000 0.780792892 0.219207123
1188 0.000000000 0.908540308 0.091459706
1189 0.000000000 0.973580003 0.026419980
1190 0.000000000 0.621855855 0.378144145
1191 0.000000000 0.983372808 0.016627217
1192 0.000000000 0.973835647 0.026164349
1193 0.000000000 0.904064000 0.095936008
1194 0.000000000 0.993574798 0.006425218
1195 0.000000000 0.981845558 0.018154463
1196 0.000000000 0.996985555 0.003014472
1197 0.000000000 0.953024983 0.046975013
1198 0.000000000 0.991185725 0.008814267
1199 0.000000000 0.860891283 0.139108688
1200 0.000000000 0.993299365 0.006700611
1201 0.000000000 0.997852683 0.002147327
1202 0.000000000 0.998171270 0.001828751
1203 0.000000000 0.969654262 0.030345714
1204 0.000000000 0.366242379 0.633757651
1205 0.000000000 0.996400774 0.003599241
1206 0.000000000 0.995777547 0.004222478
1207 0.000000000 0.944907486 0.055092536
1208 0.000000000 0.963195026 0.036804970
1209 0.000000000 0.911137760 0.088862270
1210 0.000000000 0.797920406 0.202079579
1211 0.000000000 0.967270672 0.032729331
1212 0.000000000 0.890855849 0.109144166
1213 0.000000000 0.881830454 0.118169561
1214 0.000000000 0.866186917 0.133813053
1215 0.000000000 0.947853684 0.052146289
1216 0.000000000 0.926954329 0.073045656
1217 0.000000000 0.991313875 0.008686134
1218 0.000000000 0.217091173 0.782908857
1219 0.000000000 0.748130381 0.251869619
1220 0.000000000 0.799803972 0.200196043
1221 0.000000000 0.853684247 0.146315753
1222 0.000000000 0.762501240 0.237498760
1223 0.000000000 0.578719616 0.421280414
1224 0.000000000 0.566011369 0.433988631
1225 0.000000000 0.820955396 0.179044619
1226 0.000000000 0.645255566 0.354744405
1227 0.000000000 0.685854197 0.314145774
1228 0.000000000 0.758089483 0.241910502
1229 0.000000000 0.682480395 0.317519605
1230 0.000000000 0.886460006 0.113539986
1231 0.000000000 0.734850764 0.265149236
1232 0.000000000 0.154635757 0.845364213
1233 0.000000000 0.601850688 0.398149341
1234 0.000000000 0.632975519 0.367024481
1235 0.000000000 0.353352338 0.646647632
1236 0.000000000 0.260491461 0.739508510
1237 0.000000000 0.200350642 0.799649358
1238 0.000000000 0.392476439 0.607523561
1239 0.000000000 0.316232175 0.683767855
1240 0.000000000 0.316951424 0.683048606
1241 0.000000000 0.381076634 0.618923366
1242 0.000000000 0.320284694 0.679715335
1243 0.000000000 0.381662130 0.618337870
1244 0.000000000 0.484742522 0.515257478
1245 0.000000000 0.227319002 0.772680998
1246 0.000000000 0.178203434 0.821796536
1247 0.000000000 0.311689377 0.688310623
1248 0.000000000 0.146837562 0.853162408
1249 0.000000000 0.112483777 0.887516201
1250 0.000000000 0.102254517 0.897745490
1251 0.000000000 0.224256575 0.775743425
1252 0.000000000 0.118697062 0.881302953
1253 0.000000000 0.123974279 0.876025736
1254 0.000000000 0.171811730 0.828188241
1255 0.000000000 0.138614416 0.861385584
1256 0.000000000 0.143322557 0.856677413
1257 0.000000000 0.227991641 0.772008359
1258 0.000000000 0.181947261 0.818052709
1259 0.000000000 0.223367870 0.776632130
1260 0.000000000 0.125431150 0.874568820
1261 0.000000000 0.000000000 1.000000000
1262 0.000000000 0.000000000 1.000000000
1263 0.000000000 0.000000000 1.000000000
1264 0.000000000 0.000000000 1.000000000
1265 0.000000000 0.000000000 1.000000000
1266 0.000000000 0.000000000 1.000000000
1267 0.000000000 0.000000000 1.000000000
1268 0.000000000 0.000000000 1.000000000
1269 0.000000000 0.000000000 1.000000000
1270 0.000000000 0.000000000 1.000000000
1271 0.000000000 0.000000000 1.000000000
1272 0.000000000 0.000000000 1.000000000
1273 0.000000000 0.000000000 1.000000000
1274 0.000000000 0.000000000 1.000000000
1275 0.000000000 0.000000000 1.000000000
1276 0.000000000 0.000000000 1.000000000
1277 0.000000000 0.000000000 1.000000000
1278 0.000000000 0.000000000 1.000000000
1279 0.000000000 0.000000000 1.000000000
1280 0.000000000 0.000000000 1.000000000
1281 0.000000000 0.000000000 1.000000000
1282 0.000000000 0.000000000 1.000000000
1283 0.000000000 0.000000000 1.000000000
1284 0.000000000 0.000000000 1.000000000
1285 0.000000000 0.000000000 1.000000000
1286 0.000000000 0.000000000 1.000000000
1287 0.000000000 0.133161947 0.866838038
1288 0.000000000 0.174030706 0.825969279
1289 0.000000000 0.000000000 1.000000000
1290 0.000000000 0.086114608 0.913885415
1291 0.000000000 0.198127061 0.801872909
1292 0.000000000 0.255511999 0.744488001
1293 0.000000000 0.241851225 0.758148789
1294 0.000000000 0.118248925 0.881751060
1295 0.000000000 0.174030706 0.825969279
1296 0.000000000 0.267195374 0.732804656
1297 0.000000000 0.067568213 0.932431757
1298 0.000000000 0.129985303 0.870014727
1299 0.000000000 0.148984000 0.851015985
1300 0.000000000 0.595724583 0.404275388
1301 0.000000000 0.710438371 0.289561599
1302 0.000000000 0.611877918 0.388122082
1303 0.000000000 0.000000000 1.000000000
1304 0.000000000 0.693166733 0.306833237
1305 0.000000000 0.716955245 0.283044755
1306 0.000000000 0.700302064 0.299697965
1307 0.000000000 0.618101418 0.381898552
1308 0.000000000 0.737937152 0.262062877
1309 0.000000000 0.654126585 0.345873415
1310 0.000000000 0.673354805 0.326645166
1311 0.000000000 0.677039385 0.322960585
1312 0.000000000 0.642091155 0.357908815
1313 0.000000000 0.627116680 0.372883320
1314 0.000000000 0.825236022 0.174763992
1315 0.000000000 0.802036405 0.197963580
1316 0.000000000 0.743000686 0.256999344
1317 0.000000000 0.000000000 1.000000000
1318 0.000000000 0.762573600 0.237426400
1319 0.000000000 0.801466227 0.198533803
1320 0.000000000 0.657357097 0.342642933
1321 0.000000000 0.800492644 0.199507341
1322 0.000000000 0.752350271 0.247649699
1323 0.000000000 0.709871888 0.290128112
1324 0.000000000 0.740120769 0.259879261
1325 0.000000000 0.827094376 0.172905639
1326 0.000000000 0.760332704 0.239667311
1327 0.000000000 0.791860402 0.208139598
1328 0.000000000 0.862342775 0.137657225
1329 0.000000000 0.824084282 0.175915718
1330 0.000000000 0.877678931 0.122321062
1331 0.000000000 0.000000000 1.000000000
1332 0.000000000 0.752313733 0.247686282
1333 0.000000000 0.731219769 0.268780261
1334 0.000000000 0.752426267 0.247573718
1335 0.000000000 0.862694681 0.137305319
1336 0.000000000 0.730263531 0.269736469
1337 0.000000000 0.888292670 0.111707322
1338 0.000000000 0.869452655 0.130547345
1339 0.000000000 0.813647270 0.186352730
1340 0.000000000 0.850003719 0.149996296
1341 0.000000000 0.955127001 0.044872992
1342 0.000000000 0.904370904 0.095629081
1343 0.000000000 0.886661708 0.113338292
1344 0.000000000 0.838472962 0.161527053
1345 0.000000000 0.000000000 1.000000000
1346 0.000000000 0.785156131 0.214843884
1347 0.000000000 0.819355071 0.180644944
1348 0.000000000 0.884661317 0.115338705
1349 0.000000000 0.817479670 0.182520360
1350 0.000000000 0.929117084 0.070882924
1351 0.000000000 0.936050057 0.063949920
1352 0.000000000 0.910447061 0.089552917
1353 0.000000000 0.939420462 0.060579564
1354 0.000000000 0.941470683 0.058529343
1355 0.000000000 0.941021979 0.058977999
1356 0.000000000 0.930214107 0.069785893
1357 0.000000000 0.920647562 0.079352453
1358 0.000000000 0.855318844 0.144681156
1359 0.000000000 0.000000000 1.000000000
1360 0.000000000 0.881184280 0.118815720
1361 0.000000000 0.930016160 0.069983825
1362 0.000000000 0.866316140 0.133683830
1363 0.000000000 0.913113952 0.086886056
1364 0.000000000 0.875331402 0.124668606
1365 0.000000000 0.953714907 0.046285108
1366 0.000000000 0.942185104 0.057814904
1367 0.000000000 0.983051538 0.016948443
1368 0.000000000 0.966297567 0.033702459
1369 0.000000000 0.962115943 0.037884057
1370 0.000000000 0.879681766 0.120318234
1371 0.000000000 0.877231300 0.122768678
1372 0.000000000 0.905496120 0.094503857
1373 0.000000000 0.000000000 1.000000000
1374 0.000000000 0.893366098 0.106633909
1375 0.000000000 0.856033087 0.143966898
1376 0.000000000 0.906667292 0.093332708
1377 0.000000000 0.784601867 0.215398133
1378 0.000000000 0.932027876 0.067972146
1379 0.000000000 0.947952330 0.052047640
1380 0.000000000 0.947878063 0.052121915
1381 0.000000000 0.956441283 0.043558728
1382 0.000000000 0.949027359 0.050972655
1383 0.000000000 0.912793696 0.087206319
1384 0.000000000 0.921041369 0.078958653
1385 0.000000000 0.908957899 0.091042101
1386 0.000000000 0.909148276 0.090851717
1387 0.000000000 0.000000000 1.000000000
1388 0.000000000 0.827035606 0.172964394
1389 0.000000000 0.909096837 0.090903185
1390 0.000000000 0.841741204 0.158258811
1391 0.000000000 0.815330207 0.184669778
1392 0.000000000 0.776514649 0.223485380
1393 0.000000000 0.883491755 0.116508260
1394 0.000000000 0.748130500 0.251869500
1395 0.000000000 0.809601486 0.190398484
1396 0.000000000 0.759935796 0.240064189
1397 0.000000000 0.827670395 0.172329590
1398 0.000000000 0.864539802 0.135460183
1399 0.000000000 0.808508456 0.191491529
1400 0.000000000 0.869504094 0.130495906
1401 0.000000000 0.000000000 1.000000000
1402 0.000000000 0.707721114 0.292278856
1403 0.000000000 0.551621020 0.448378980
1404 0.000000000 0.324330837 0.675669193
1405 0.000000000 0.389012903 0.610987067
1406 0.000000000 0.453824431 0.546175539
1407 0.000000000 0.387099236 0.612900734
1408 0.000000000 0.393108279 0.606891692
1409 0.000000000 0.325728893 0.674271107
1410 0.000000000 0.391628504 0.608371496
1411 0.000000000 0.410634577 0.589365423
1412 0.000000000 0.451897681 0.548102319
1413 0.000000000 0.503798127 0.496201903
1414 0.000000000 0.513565302 0.486434698
1415 0.000000000 0.000000000 1.000000000
1416 0.000000000 0.074528515 0.925471485
1417 0.000000000 0.000000000 1.000000000
1418 0.000000000 0.000062206 0.999937773
1419 0.000000000 0.000000000 1.000000000
1420 0.000000000 0.000000000 1.000000000
1421 0.000000000 0.000000000 1.000000000
1422 0.000000000 0.000043864 0.999956131
1423 0.000000000 0.000000000 1.000000000
1424 0.000000000 0.000012115 0.999987900
1425 0.000000000 0.000000000 1.000000000
1426 0.000000000 0.000000000 1.000000000
1427 0.000000000 0.000119050 0.999880970
1428 0.000000000 0.000000000 1.000000000
1429 0.000000000 0.000000000 1.000000000
1430 0.000000000 0.000000000 1.000000000
1431 0.931351364 0.000000000 0.068648659
1432 0.983323216 0.000000000 0.016676789
1433 0.895702600 0.000000000 0.104297377
1434 0.980043948 0.000000000 0.019956075
1435 0.900161922 0.000000000 0.099838071
1436 0.892409921 0.000000000 0.107590050
1437 0.974766612 0.000000000 0.025233412
1438 0.905513465 0.000000000 0.094486549
1439 0.956141770 0.000000000 0.043858208
1440 0.926917851 0.000000000 0.073082171
1441 0.948333681 0.000000000 0.051666293
1442 0.956214964 0.000000000 0.043785043
1443 0.878322005 0.000000000 0.121677972
1444 0.000000000 0.000000000 1.000000000
1445 1.000000000 0.000000000 0.000000000
1446 1.000000000 0.000000000 0.000000000
1447 1.000000000 0.000000000 0.000000000
1448 0.994989038 0.000000000 0.005010980
1449 0.866855621 0.000000000 0.133144379
1450 1.000000000 0.000000000 0.000000000
1451 0.999544740 0.000000000 0.000455290
1452 0.878322005 0.000000000 0.121677972
1453 0.878322005 0.000000000 0.121677972
1454 1.000000000 0.000000000 0.000000000
1455 1.000000000 0.000000000 0.000000000
1456 1.000000000 0.000000000 0.000000000
1457 0.993470430 0.000000000 0.006529551
1458 0.000000000 0.000000000 1.000000000
1459 1.000000000 0.000000000 0.000000000
1460 1.000000000 0.000000000 0.000000000
1461 0.983869135 0.000000000 0.016130848
1462 0.927988291 0.000000000 0.072011702
1463 1.000000000 0.000000000 0.000000000
1464 0.886227369 0.000000000 0.113772631
1465 0.996385455 0.000000000 0.003614535
1466 0.999979138 0.000000000 0.000020879
1467 0.957387328 0.000000000 0.042612679
1468 1.000000000 0.000000000 0.000000000
1469 0.737509370 0.257033318 0.005457330
1470 0.990660489 0.000744252 0.008595279
1471 0.834773660 0.158331692 0.006894671
1472 0.000000000 0.000000000 1.000000000
1473 0.877736032 0.117486633 0.004777362
1474 0.982399285 0.000413072 0.017187640
1475 0.883903086 0.007118454 0.108978465
1476 0.957062125 0.001593946 0.041343953
1477 0.878088176 0.011234274 0.110677540
1478 0.782699406 0.133275285 0.084025331
1479 0.891724229 0.037717499 0.070558272
1480 0.912297130 0.053835254 0.033867642
1481 0.952788651 0.047211356 0.000000000
1482 0.706242681 0.269603759 0.024153549
1483 0.826410234 0.166129246 0.007460519
1484 0.898886383 0.100909397 0.000204246
1485 0.910042226 0.075777531 0.014180226
1486 0.000000000 0.000000000 1.000000000
1487 0.807836354 0.170184821 0.021978831
1488 0.789034724 0.179852858 0.031112395
1489 0.781646788 0.191716194 0.026637020
1490 0.869270086 0.061876807 0.068853132
1491 0.771971762 0.221122563 0.006905641
1492 0.723445356 0.243994191 0.032560464
1493 0.811550856 0.177339390 0.011109760
1494 0.783036530 0.215990379 0.000973055
1495 0.751331389 0.226164743 0.022503858
1496 0.895443439 0.081730388 0.022826191
1497 0.885518968 0.114481024 0.000000000
1498 0.929552853 0.045450628 0.024996523
1499 0.937312186 0.048723187 0.013964606
1500 0.000000000 0.000000000 1.000000000
1501 0.737753749 0.106319681 0.155926585
1502 0.645316482 0.306757331 0.047926180
1503 0.699993849 0.196236163 0.103769988
1504 0.603138447 0.309148610 0.087712929
1505 0.776236892 0.186574817 0.037188262
1506 0.530264437 0.432794750 0.036940806
1507 0.654931784 0.288094491 0.056973729
1508 0.610827684 0.380875200 0.008297137
1509 0.802800894 0.179054350 0.018144781
1510 0.835954428 0.162440002 0.001605584
1511 0.872959375 0.122727238 0.004313407
1512 0.852989554 0.117436156 0.029574296
1513 0.623929262 0.355038017 0.021032717
1514 0.000000000 0.000000000 1.000000000
1515 0.725678146 0.256866008 0.017455831
1516 0.550291300 0.349742234 0.099966481
1517 0.641553819 0.347376257 0.011069948
1518 0.694514096 0.272003561 0.033482354
1519 0.508729339 0.475012511 0.016258148
1520 0.517541170 0.455961168 0.026497666
1521 0.735507607 0.258683711 0.005808665
1522 0.818310916 0.173778430 0.007910629
1523 0.818073332 0.181721851 0.000204822
1524 0.788063645 0.206799448 0.005136893
1525 0.833316505 0.153596938 0.013086577
1526 0.735733747 0.255155712 0.009110542
1527 0.729984045 0.230169177 0.039846763
1528 0.000000000 0.000243063 0.999756932
1529 0.630273461 0.343429118 0.026297417
1530 0.700291693 0.291663945 0.008044379
1531 0.744697392 0.236135304 0.019167298
1532 0.567832589 0.411188364 0.020979062
1533 0.578920841 0.402362257 0.018716898
1534 0.498512745 0.495752007 0.005735244
1535 0.480901867 0.491070718 0.028027419
1536 0.737485528 0.260992438 0.001522018
1537 0.664196730 0.321189255 0.014614040
1538 0.543616831 0.436441988 0.019941159
1539 0.554861963 0.408231318 0.036906749
1540 0.668289900 0.253660917 0.078049146
1541 0.626879334 0.363949001 0.009171638
1542 0.000000000 0.000501333 0.999498665
1543 0.463925749 0.510346353 0.025727898
1544 0.441950947 0.525668383 0.032380670
1545 0.394671082 0.575680792 0.029648127
1546 0.414274275 0.574049354 0.011676406
1547 0.520409942 0.474481761 0.005108294
1548 0.567789316 0.420802832 0.011407870
1549 0.649239302 0.347486466 0.003274223
1550 0.677567363 0.316697866 0.005734758
1551 0.605847299 0.385396540 0.008756134
1552 0.590560794 0.393944651 0.015494582
1553 0.587050140 0.381089687 0.031860158
1554 0.624516845 0.374839455 0.000643672
1555 0.613717437 0.372550428 0.013732158
1556 0.000000000 0.000000000 1.000000000
1557 0.476133049 0.514542222 0.009324768
1558 0.376787394 0.620730102 0.002482499
1559 0.419622242 0.573857784 0.006519977
1560 0.070708282 0.927857220 0.001434487
1561 0.046899728 0.952655852 0.000444402
1562 0.231686935 0.767831206 0.000481846
1563 0.068425313 0.929908276 0.001666403
1564 0.146170408 0.852300227 0.001529376
1565 0.044199709 0.948820472 0.006979811
1566 0.052860692 0.945329547 0.001809760
1567 0.145141795 0.852810144 0.002048079
1568 0.085378669 0.911889434 0.002731908
1569 0.080504142 0.913434863 0.006061021
1570 0.000000000 0.000001837 0.999998152
1571 0.016498795 0.981893063 0.001608152
1572 0.013250368 0.979579806 0.007169840
1573 0.000000000 0.991024733 0.008975292
1574 0.000050396 0.989991069 0.009958521
1575 0.013512039 0.977490008 0.008997973
1576 0.000000000 0.979093492 0.020906495
1577 0.000000000 0.995046973 0.004953027
1578 0.000000000 0.985598683 0.014401291
1579 0.000000000 0.981390953 0.018609069
1580 0.000054724 0.994129896 0.005815393
1581 0.000068354 0.994776189 0.005155437
1582 0.000001968 0.994927526 0.005070533
1583 0.000000000 0.995787978 0.004211999
1584 0.000000000 0.021808906 0.978191078
1585 0.000000000 0.963314891 0.036685113
1586 0.000000000 0.132306010 0.867693961
1587 0.000000000 0.031953298 0.968046725
1588 0.000000000 0.272212803 0.727787197
1589 0.000000000 0.072654709 0.927345276
1590 0.000000000 0.139165342 0.860834658
1591 0.000000000 0.000000000 1.000000000
1592 0.000000000 0.105913363 0.894086659
1593 0.000000000 0.190266997 0.809733033
1594 0.000000000 0.128763050 0.871236920
1595 0.000000000 0.127204314 0.872795701
1596 0.000000000 0.303750664 0.696249366
1597 0.000000000 0.438984841 0.561015189
1598 0.000000000 0.000058732 0.999941289
1599 0.000000000 0.000016296 0.999983728
1600 0.996510327 0.000000000 0.003489683
1601 0.993927062 0.002207937 0.003864983
1602 0.998059750 0.000864825 0.001075401
1603 0.997278810 0.001568211 0.001152973
1604 0.996875584 0.001100208 0.002024187
1605 0.998124480 0.000581502 0.001294013
1606 0.997188449 0.000304892 0.002506650
1607 0.998494744 0.000425973 0.001079261
1608 0.998153925 0.000304056 0.001541998
1609 0.987345397 0.000692948 0.011961658
1610 0.998515248 0.000688827 0.000795918
1611 0.998438597 0.000357659 0.001203724
1612 0.998383701 0.000494458 0.001121828
1613 0.000000000 0.000000000 1.000000000
1614 0.982728124 0.000187421 0.017084466
1615 0.997999191 0.000140414 0.001860406
1616 0.993609488 0.000551957 0.005838577
1617 0.989633262 0.000391295 0.009975418
1618 0.966694772 0.000212643 0.033092555
1619 0.996535659 0.000064138 0.003400197
1620 0.998875856 0.000405551 0.000718565
1621 0.996854722 0.000000017 0.003145267
1622 0.998661041 0.000528251 0.000810690
1623 0.990591228 0.000298169 0.009110630
1624 0.999133408 0.000005736 0.000860881
1625 0.998765171 0.000183598 0.001051220
1626 0.974815488 0.000152159 0.025032369
1627 0.000000000 0.000356001 0.999643981
1628 0.986669362 0.000015162 0.013315449
1629 0.959115922 0.000348220 0.040535852
1630 0.930248559 0.000241816 0.069509611
1631 0.925570607 0.000033814 0.074395552
1632 0.918535709 0.000095222 0.081369095
1633 0.991400242 0.000091984 0.008507774
1634 0.972126245 0.000159551 0.027714210
1635 0.990831435 0.000092798 0.009075746
1636 0.991786540 0.000098511 0.008114951
1637 0.999535918 0.000055342 0.000408712
1638 0.997442722 0.001159175 0.001398109
1639 0.977898836 0.000000000 0.022101147
1640 0.995142639 0.001932982 0.002924385
1641 0.000000000 0.000000000 1.000000000
1642 0.994597614 0.003176270 0.002226090
1643 0.887888312 0.001095342 0.111016370
1644 0.996301234 0.001083108 0.002615653
1645 0.984608829 0.001317849 0.014073327
1646 0.997278571 0.000000000 0.002721416
1647 0.996679306 0.002094829 0.001225850
1648 0.996170044 0.002393207 0.001436763
1649 0.905714631 0.000382244 0.093903132
1650 0.997469902 0.000440063 0.002090061
1651 0.998252213 0.000635354 0.001112433
1652 0.911253572 0.008897549 0.079848900
1653 0.997877717 0.000720932 0.001401357
1654 0.998722374 0.000000000 0.001277631
1655 0.000000000 0.000000000 1.000000000
1656 0.873643458 0.000254011 0.126102507
1657 0.998074055 0.000000000 0.001925925
1658 0.997876823 0.000002699 0.002120500
1659 0.998194277 0.000484224 0.001321518
1660 0.998374641 0.000365275 0.001260109
1661 0.998325586 0.000799785 0.000874617
1662 0.999070644 0.000000000 0.000929373
1663 0.997634172 0.000719635 0.001646197
1664 0.992483675 0.002310669 0.005205662
1665 0.992761791 0.000000000 0.007238188
1666 0.990117550 0.005535625 0.004346820
1667 0.992917478 0.001989089 0.005093414
1668 0.989477456 0.006163424 0.004359137
1669 0.000000000 0.000000000 1.000000000
1670 0.987823367 0.005064701 0.007111914
1671 0.990665793 0.004253270 0.005080924
1672 0.991630793 0.005829514 0.002539719
1673 0.991840601 0.004394568 0.003764852
1674 0.991520047 0.005130543 0.003349432
1675 0.994736075 0.002983897 0.002280032
1676 0.993256569 0.002510635 0.004232825
1677 0.993916810 0.001909279 0.004173891
1678 0.966039002 0.021770423 0.012190558
1679 0.994051158 0.001607795 0.004341039
1680 0.871073246 0.125246674 0.003680056
1681 0.964023948 0.033153616 0.002822433
1682 0.994383991 0.002307354 0.003308677
1683 0.000000000 0.003554534 0.996445477
1684 0.905274391 0.091777749 0.002947869
1685 0.909002423 0.087657042 0.003340539
1686 0.927681148 0.069978729 0.002340101
1687 0.927807093 0.069839418 0.002353482
1688 0.929338634 0.068020642 0.002640741
1689 0.926461339 0.069526404 0.004012268
1690 0.281756848 0.718243122 0.000000000
1691 0.223642036 0.761677802 0.014680169
1692 0.393605977 0.598568976 0.007825087
1693 0.183348283 0.816651702 0.000000000
1694 0.182129174 0.812500536 0.005370307
1695 0.378445089 0.575961292 0.045593601
1696 0.227835923 0.767770410 0.004393649
1697 0.000000000 0.000000000 1.000000000
1698 0.401064575 0.589586496 0.009348959
1699 0.448645175 0.537486613 0.013868245
1700 0.472640425 0.522680700 0.004678873
1701 0.403037190 0.589182317 0.007780503
1702 0.402653188 0.586102486 0.011244323
1703 0.802954435 0.195963517 0.001082058
1704 0.603288651 0.259884506 0.136826843
1705 0.555621564 0.329988122 0.114390321
1706 0.694113731 0.305216730 0.000669553
1707 0.802289426 0.196789294 0.000921275
1708 0.779003680 0.187444717 0.033551622
1709 0.557468474 0.328488111 0.114043415
1710 0.680732071 0.317639798 0.001628138
1711 0.000000000 0.001054422 0.998945594
1712 0.642537892 0.237166658 0.120295458
1713 0.622500896 0.231238380 0.146260723
1714 0.526414037 0.354065359 0.119520597
1715 0.653213441 0.229017511 0.117769048
1716 0.536630034 0.461530656 0.001839328
1717 0.454106480 0.471619636 0.074273884
1718 0.382710248 0.576600552 0.040689193
1719 0.454927057 0.538662732 0.006410210
1720 0.469033152 0.461011976 0.069954842
1721 0.640424311 0.333491147 0.026084518
1722 0.573154807 0.381820083 0.045025129
1723 0.601074219 0.356325388 0.042600423
1724 0.600062668 0.398270249 0.001667090
1725 0.000000000 0.000242754 0.999757230
1726 0.398362964 0.598419785 0.003217236
1727 0.215271175 0.761524975 0.023203816
1728 0.378961325 0.616147637 0.004891043
1729 0.163146242 0.753482163 0.083371580
1730 0.140582040 0.811193645 0.048224330
1731 0.074364975 0.903171897 0.022463158
1732 0.202784315 0.715688407 0.081527300
1733 0.253614545 0.617700279 0.128685161
1734 0.203076750 0.679891646 0.117031612
1735 0.152908549 0.803561211 0.043530211
1736 0.215408221 0.779597461 0.004994338
1737 0.185017839 0.814815342 0.000166810
1738 0.172447667 0.827552319 0.000000000
1739 0.000000000 0.000000000 1.000000000
1740 0.088893674 0.857582927 0.053523418
1741 0.079483464 0.869210958 0.051305588
1742 0.000000000 0.923102558 0.076897450
1743 0.000000000 0.796048880 0.203951135
1744 0.002796997 0.856764197 0.140438795
1745 0.000000000 0.917527914 0.082472108
1746 0.000000000 0.814205170 0.185794845
1747 0.002227342 0.761846006 0.235926688
1748 0.000000000 0.861852825 0.138147160
1749 0.000000000 0.937801719 0.062198289
1750 0.003294863 0.983478010 0.013227140
1751 0.002864976 0.954905510 0.042229503
1752 0.000000000 0.977560401 0.022439582
1753 0.000000000 0.000000000 1.000000000
1754 0.000000000 0.728128314 0.271871716
1755 0.000000000 0.000000000 1.000000000
1756 0.000000000 0.000000000 1.000000000
1757 0.000000000 0.000000000 1.000000000
1758 0.000000000 0.099165708 0.900834262
1759 0.000000000 0.000000000 1.000000000
1760 0.000000000 0.000000000 1.000000000
1761 0.000000000 0.000000000 1.000000000
1762 0.000000000 0.000000000 1.000000000
1763 0.000000000 0.025724009 0.974276006
1764 0.000000000 0.195757687 0.804242313
1765 0.000000000 0.091212526 0.908787489
1766 0.000000000 0.324162573 0.675837457
1767 0.000000000 0.000000000 1.000000000
1768 0.000000000 1.000000000 0.000000000
1769 1.000000000 0.000000000 0.000000000
1770 0.999958813 0.000041210 0.000000000
1771 0.999249935 0.000750068 0.000000000
1772 0.999192953 0.000807029 0.000000000
1773 0.999324203 0.000675813 0.000000000
1774 0.999807537 0.000192485 0.000000000
1775 0.999997139 0.000002875 0.000000000
1776 1.000000000 0.000000000 0.000000000
1777 0.999767482 0.000232509 0.000000000
1778 0.998764396 0.001235601 0.000000000
1779 1.000000000 0.000000000 0.000000000
1780 0.999815106 0.000184875 0.000000000
1781 0.999689877 0.000310108 0.000000000
1782 0.000000000 1.000000000 0.000000000
1783 0.999801636 0.000198353 0.000000000
1784 0.999991059 0.000008946 0.000000000
1785 0.999517620 0.000482405 0.000000000
1786 0.999415338 0.000584680 0.000000000
1787 1.000000000 0.000000000 0.000000000
1788 0.999466002 0.000533969 0.000000000
1789 1.000000000 0.000000000 0.000000000
1790 0.999567568 0.000432420 0.000000000
1791 0.999454141 0.000545852 0.000000000
1792 1.000000000 0.000000000 0.000000000
1793 0.999278247 0.000721772 0.000000000
1794 0.999903023 0.000097001 0.000000000
1795 0.999992788 0.000007197 0.000000000
1796 0.000000000 1.000000000 0.000000000
1797 0.999965906 0.000034103 0.000000000
1798 1.000000000 0.000000000 0.000000000
1799 0.999968767 0.000031250 0.000000000
1800 1.000000000 0.000000000 0.000000000
1801 0.999994457 0.000005554 0.000000000
1802 0.999911249 0.000088734 0.000000000
1803 0.999987781 0.000012245 0.000000000
1804 0.999921978 0.000078010 0.000000000
1805 0.999978244 0.000021749 0.000000000
1806 0.999995291 0.000004702 0.000000000
1807 0.997758508 0.002241521 0.000000000
1808 1.000000000 0.000000000 0.000000000
1809 1.000000000 0.000000000 0.000000000
1810 0.000000000 1.000000000 0.000000000
1811 0.997429669 0.002570324 0.000000000
1812 0.943387091 0.056612935 0.000000000
1813 0.998449624 0.001550386 0.000000000
1814 0.980342448 0.019657528 0.000000000
1815 1.000000000 0.000000000 0.000000000
1816 0.997781813 0.002218199 0.000000000
1817 0.995718598 0.004281384 0.000000000
1818 1.000000000 0.000000000 0.000000000
1819 1.000000000 0.000000000 0.000000000
1820 0.998359740 0.001640258 0.000000000
1821 1.000000000 0.000000000 0.000000000
1822 1.000000000 0.000000000 0.000000000
1823 0.997038126 0.002961856 0.000000000
1824 0.000000000 1.000000000 0.000000000
1825 0.993922293 0.006077682 0.000000000
1826 0.990192235 0.009807777 0.000000000
1827 0.997551918 0.002448061 0.000000000
1828 1.000000000 0.000000000 0.000000000
1829 1.000000000 0.000000000 0.000000000
1830 0.971263051 0.028736969 0.000000000
1831 1.000000000 0.000000000 0.000000000
1832 0.500000000 0.500000000 0.000000000
1833 1.000000000 0.000000000 0.000000000
1834 1.000000000 0.000000000 0.000000000
1835 1.000000000 0.000000000 0.000000000
1836 1.000000000 0.000000000 0.000000000
1837 1.000000000 0.000000000 0.000000000
1838 0.000000000 1.000000000 0.000000000
1839 0.846343398 0.153656572 0.000000000
1840 1.000000000 0.000000000 0.000000000
1841 0.992655098 0.007344904 0.000000000
1842 1.000000000 0.000000000 0.000000000
1843 1.000000000 0.000000000 0.000000000
1844 0.926317334 0.073682636 0.000000000
1845 1.000000000 0.000000000 0.000000000
1846 0.997936487 0.002063508 0.000000000
1847 0.989834607 0.010165376 0.000000000
1848 0.975265026 0.024734981 0.000000000
1849 0.959942341 0.040057670 0.000000000
1850 0.952173114 0.047826882 0.000000000
1851 0.938470662 0.061529331 0.000000000
1852 0.000000000 1.000000000 0.000000000
1853 0.994911134 0.005088881 0.000000000
1854 1.000000000 0.000000000 0.000000000
1855 0.878862143 0.121137843 0.000000000
1856 0.892125785 0.107874192 0.000000000
1857 0.916238189 0.083761796 0.000000000
1858 0.899179816 0.100820176 0.000000000
1859 0.498548836 0.501451194 0.000000000
1860 0.913173378 0.086826637 0.000000000
1861 0.894461274 0.105538711 0.000000000
1862 0.738013566 0.261986464 0.000000000
1863 0.924513638 0.075486362 0.000000000
1864 0.831045449 0.168954566 0.000000000
1865 0.422117949 0.577882051 0.000000000
1866 0.000000000 1.000000000 0.000000000
1867 0.045812007 0.954187989 0.000000000
1868 0.028634282 0.971365690 0.000000000
1869 0.736428916 0.263571084 0.000000000
1870 0.316570014 0.683430016 0.000000000
1871 0.531519473 0.468480557 0.000000000
1872 0.552369595 0.447630435 0.000000000
1873 0.976524115 0.023475870 0.000000000
1874 0.443018258 0.556981742 0.000000000
1875 0.963318408 0.036681578 0.000000000
1876 0.821769118 0.178230897 0.000000000
1877 0.343641967 0.656358004 0.000000000
1878 0.483709812 0.516290188 0.000000000
1879 0.801598608 0.198401392 0.000000000
1880 0.000000000 1.000000000 0.000000000
1881 0.117472373 0.882527649 0.000000000
1882 0.046559438 0.953440547 0.000000000
1883 0.912842453 0.087157533 0.000000000
1884 0.891594231 0.108405747 0.000000000
1885 0.827564597 0.172435418 0.000000000
1886 0.892070770 0.107929252 0.000000000
1887 0.515960991 0.484039009 0.000000000
1888 0.563814104 0.436185896 0.000000000
1889 0.597687006 0.402313024 0.000000000
1890 0.891671658 0.108328350 0.000000000
1891 0.497050792 0.502949238 0.000000000
1892 0.836306095 0.163693890 0.000000000
1893 0.087527052 0.912472963 0.000000000
1894 0.000000000 1.000000000 0.000000000
1895 0.908110797 0.091889217 0.000000000
1896 0.895453155 0.104546860 0.000000000
1897 0.769964218 0.230035767 0.000000000
1898 0.638669133 0.361330837 0.000000000
1899 0.703978360 0.296021670 0.000000000
1900 0.814165413 0.185834616 0.000000000
1901 0.716821611 0.283178419 0.000000000
1902 0.833140016 0.166860014 0.000000000
1903 0.828907609 0.171092406 0.000000000
1904 0.678695261 0.321304739 0.000000000
1905 0.821117640 0.178882360 0.000000000
1906 0.851089299 0.148910686 0.000000000
1907 0.920434117 0.079565905 0.000000000
1908 0.000000000 1.000000000 0.000000000
1909 0.780167818 0.219832197 0.000000000
1910 0.703365088 0.296634883 0.000000000
1911 0.329026073 0.670973957 0.000000000
1912 0.276828319 0.723171711 0.000000000
1913 0.342186093 0.657813907 0.000000000
1914 0.338528901 0.661471069 0.000000000
1915 0.386590898 0.613409102 0.000000000
1916 0.267007619 0.732992351 0.000000000
1917 0.395271003 0.604728997 0.000000000
1918 0.421360940 0.578639090 0.000000000
1919 0.443321556 0.556678414 0.000000000
1920 0.484517336 0.515482664 0.000000000
1921 0.443502218 0.556497812 0.000000000
1922 0.000000000 1.000000000 0.000000000
1923 0.029676931 0.970323086 0.000000000
1924 0.000000000 1.000000000 0.000000000
1925 0.000000000 1.000000000 0.000000000
1926 0.000000000 1.000000000 0.000000000
1927 0.000000000 1.000000000 0.000000000
1928 0.000000000 1.000000000 0.000000000
1929 0.000000000 1.000000000 0.000000000
1930 0.000000000 1.000000000 0.000000000
1931 0.000000000 1.000000000 0.000000000
1932 0.000000000 1.000000000 0.000000000
1933 0.010605522 0.989394486 0.000000000
1934 0.000000000 1.000000000 0.000000000
1935 0.000000000 1.000000000 0.000000000
1936 0.000000000 1.000000000 0.000000000
1937 0.000000000 1.000000000 0.000000000
1938 1.000000000 0.000000000 0.000000000
1939 1.000000000 0.000000000 0.000000000
1940 1.000000000 0.000000000 0.000000000
1941 1.000000000 0.000000000 0.000000000
1942 1.000000000 0.000000000 0.000000000
1943 1.000000000 0.000000000 0.000000000
1944 1.000000000 0.000000000 0.000000000
1945 1.000000000 0.000000000 0.000000000
1946 1.000000000 0.000000000 0.000000000
1947 1.000000000 0.000000000 0.000000000
1948 1.000000000 0.000000000 0.000000000
1949 1.000000000 0.000000000 0.000000000
1950 1.000000000 0.000000000 0.000000000
1951 0.000000000 1.000000000 0.000000000
1952 1.000000000 0.000000000 0.000000000
1953 1.000000000 0.000000000 0.000000000
1954 1.000000000 0.000000000 0.000000000
1955 1.000000000 0.000000000 0.000000000
1956 1.000000000 0.000000000 0.000000000
1957 1.000000000 0.000000000 0.000000000
1958 1.000000000 0.000000000 0.000000000
1959 1.000000000 0.000000000 0.000000000
1960 1.000000000 0.000000000 0.000000000
1961 1.000000000 0.000000000 0.000000000
1962 1.000000000 0.000000000 0.000000000
1963 1.000000000 0.000000000 0.000000000
1964 1.000000000 0.000000000 0.000000000
1965 0.000000000 1.000000000 0.000000000
1966 1.000000000 0.000000000 0.000000000
1967 1.000000000 0.000000000 0.000000000
1968 1.000000000 0.000000000 0.000000000
1969 1.000000000 0.000000000 0.000000000
1970 1.000000000 0.000000000 0.000000000
1971 1.000000000 0.000000000 0.000000000
1972 1.000000000 0.000000000 0.000000000
1973 1.000000000 0.000000000 0.000000000
1974 1.000000000 0.000000000 0.000000000
1975 1.000000000 0.000000000 0.000000000
1976 1.000000000 0.000000000 0.000000000
1977 1.000000000 0.000000000 0.000000000
1978 1.000000000 0.000000000 0.000000000
1979 0.000000000 1.000000000 0.000000000
1980 1.000000000 0.000000000 0.000000000
1981 1.000000000 0.000000000 0.000000000
1982 1.000000000 0.000000000 0.000000000
1983 1.000000000 0.000000000 0.000000000
1984 1.000000000 0.000000000 0.000000000
1985 1.000000000 0.000000000 0.000000000
1986 1.000000000 0.000000000 0.000000000
1987 1.000000000 0.000000000 0.000000000
1988 1.000000000 0.000000000 0.000000000
1989 0.999937594 0.000062390 0.000000000
1990 0.999333858 0.000666150 0.000000000
1991 0.989603102 0.010396882 0.000000000
1992 0.994304121 0.005695892 0.000000000
1993 0.000000000 1.000000000 0.000000000
1994 0.980070174 0.019929852 0.000000000
1995 0.990520716 0.009479267 0.000000000
1996 0.994627476 0.005372548 0.000000000
1997 0.995472610 0.004527373 0.000000000
1998 0.997596502 0.002403493 0.000000000
1999 0.999832809 0.000167215 0.000000000
2000 0.992299438 0.007700562 0.000000000
2001 0.991529942 0.008470036 0.000000000
2002 0.999922812 0.000077187 0.000000000
2003 0.999758899 0.000241105 0.000000000
2004 0.997489154 0.002510875 0.000000000
2005 0.998161912 0.001838089 0.000000000
2006 0.997174323 0.002825679 0.000000000
2007 0.000000000 1.000000000 0.000000000
2008 0.990057409 0.009942572 0.000000000
2009 0.995701849 0.004298122 0.000000000
2010 0.994956851 0.005043148 0.000000000
2011 0.991457164 0.008542866 0.000000000
2012 0.999138832 0.000861182 0.000000000
2013 0.989900768 0.010099228 0.000000000
2014 0.990094125 0.009905849 0.000000000
2015 0.988796890 0.011203126 0.000000000
2016 0.995449781 0.004550248 0.000000000
2017 0.783077955 0.216922015 0.000000000
2018 0.934887111 0.065112904 0.000000000
2019 0.949450433 0.050549570 0.000000000
2020 0.988735378 0.011264648 0.000000000
2021 0.000000000 1.000000000 0.000000000
2022 0.873222589 0.126777411 0.000000000
2023 0.945282996 0.054717012 0.000000000
2024 0.984329522 0.015670484 0.000000000
2025 0.935744226 0.064255796 0.000000000
2026 0.920540214 0.079459794 0.000000000
2027 0.893394649 0.106605344 0.000000000
2028 0.994370699 0.005629299 0.000000000
2029 1.000000000 0.000000000 0.000000000
2030 0.925067127 0.074932888 0.000000000
2031 0.980891824 0.019108161 0.000000000
2032 0.984131217 0.015868800 0.000000000
2033 0.872634292 0.127365738 0.000000000
2034 0.975019991 0.024979988 0.000000000
2035 0.000000000 1.000000000 0.000000000
2036 0.984096587 0.015903419 0.000000000
2037 0.986875951 0.013124049 0.000000000
2038 0.994236231 0.005763745 0.000000000
2039 0.889581621 0.110418387 0.000000000
2040 0.839011312 0.160988703 0.000000000
2041 0.997987628 0.002012383 0.000000000
2042 0.998065412 0.001934611 0.000000000
2043 0.724967420 0.275032610 0.000000000
2044 0.975611389 0.024388615 0.000000000
2045 1.000000000 0.000000000 0.000000000
2046 0.994131386 0.005868636 0.000000000
2047 0.956726789 0.043273233 0.000000000
2048 0.955042660 0.044957332 0.000000000
2049 0.000000000 1.000000000 0.000000000
2050 0.924435616 0.075564384 0.000000000
2051 0.924256563 0.075743437 0.000000000
2052 0.978227913 0.021772083 0.000000000
2053 0.987143457 0.012856549 0.000000000
2054 0.862461746 0.137538239 0.000000000
2055 0.985685527 0.014314490 0.000000000
2056 0.897241652 0.102758370 0.000000000
2057 0.438691109 0.561308920 0.000000000
2058 0.745896280 0.254103750 0.000000000
2059 0.964561105 0.035438873 0.000000000
2060 0.856121719 0.143878251 0.000000000
2061 0.947587430 0.052412543 0.000000000
2062 0.941391945 0.058608077 0.000000000
2063 0.000000000 1.000000000 0.000000000
2064 0.672147810 0.327852160 0.000000000
2065 0.858299971 0.141700014 0.000000000
2066 0.702851653 0.297148317 0.000000000
2067 0.273193628 0.726806402 0.000000000
2068 0.377791554 0.622208416 0.000000000
2069 0.739061415 0.260938555 0.000000000
2070 0.269688368 0.730311632 0.000000000
2071 0.493522495 0.506477475 0.000000000
2072 0.359702975 0.640296996 0.000000000
2073 0.395459831 0.604540169 0.000000000
2074 0.533470511 0.466529489 0.000000000
2075 0.409448296 0.590551734 0.000000000
2076 0.776481330 0.223518655 0.000000000
2077 0.000000000 1.000000000 0.000000000
2078 0.414626032 0.585373998 0.000000000
2079 0.160215646 0.839784384 0.000000000
2080 0.122831114 0.877168894 0.000000000
2081 0.142556220 0.857443810 0.000000000
2082 0.331800371 0.668199599 0.000000000
2083 0.031494100 0.968505919 0.000000000
2084 0.261495441 0.738504529 0.000000000
2085 0.147400215 0.852599800 0.000000000
2086 0.288053691 0.711946309 0.000000000
2087 0.241322309 0.758677721 0.000000000
2088 0.193944499 0.806055486 0.000000000
2089 0.279719979 0.720279992 0.000000000
2090 0.180105448 0.819894552 0.000000000
2091 0.000000000 1.000000000 0.000000000
2092 0.030078374 0.969921649 0.000000000
2093 0.000000000 1.000000000 0.000000000
2094 0.000000000 1.000000000 0.000000000
2095 0.000000000 1.000000000 0.000000000
2096 0.000000000 1.000000000 0.000000000
2097 0.000000000 1.000000000 0.000000000
2098 0.000000000 1.000000000 0.000000000
2099 0.000000000 1.000000000 0.000000000
2100 0.000000000 1.000000000 0.000000000
2101 0.000000000 1.000000000 0.000000000
2102 0.000000000 1.000000000 0.000000000
2103 0.000000000 1.000000000 0.000000000
2104 0.000000000 1.000000000 0.000000000
2105 0.000000000 1.000000000 0.000000000
2106 0.000000000 0.500000000 0.500000000
2107 0.000000000 0.500000000 0.500000000
2108 0.000000000 0.500000000 0.500000000
2109 0.000000000 0.500000000 0.500000000
2110 0.000000000 0.500000000 0.500000000
2111 0.000000000 0.500000000 0.500000000
2112 0.000000000 0.500000000 0.500000000
2113 0.000000000 0.500000000 0.500000000
2114 0.000000000 0.500000000 0.500000000
2115 0.000000000 0.500000000 0.500000000
2116 0.000000000 0.500000000 0.500000000
2117 0.000000000 0.500000000 0.500000000
2118 0.000000000 0.500000000 0.500000000
2119 0.000000000 0.500000000 0.500000000
2120 0.000000000 0.500000000 0.500000000
2121 0.000000000 0.500000000 0.500000000
2122 0.000000000 0.500000000 0.500000000
2123 0.000000000 0.500000000 0.500000000
2124 0.000000000 0.500000000 0.500000000
2125 0.000000000 0.500000000 0.500000000
2126 0.000000000 0.500000000 0.500000000
2127 0.000000000 0.500000000 0.500000000
2128 0.000000000 0.500000000 0.500000000
2129 0.000000000 0.500000000 0.500000000
2130 0.000000000 0.500000000 0.500000000
2131 0.000000000 0.500000000 0.500000000
2132 0.000000000 1.000000000 0.000000000
2133 0.000000000 0.755535364 0.244464606
2134 0.000000000 0.000000000 1.000000000
2135 0.000000000 0.159613460 0.840386510
2136 0.000000000 0.000000000 1.000000000
2137 0.000000000 0.000000000 1.000000000
2138 0.000000000 0.000000000 1.000000000
2139 0.000000000 0.000000000 1.000000000
2140 0.000000000 1.000000000 0.000000000
2141 0.000000000 0.000000000 1.000000000
2142 0.000000000 0.000000000 1.000000000
2143 0.000000000 0.000000000 1.000000000
2144 0.000000000 0.000000000 1.000000000
2145 0.000000000 1.000000000 0.000000000
2146 0.000000000 1.000000000 0.000000000
2147 0.000000000 1.000000000 0.000000000
2148 0.000000000 0.493380189 0.506619811
2149 0.000000000 0.592501462 0.407498538
2150 0.000000000 0.592501462 0.407498538
2151 0.000000000 0.592501462 0.407498538
2152 0.000000000 0.506619811 0.493380189
2153 0.000000000 0.506619811 0.493380189
2154 0.000000000 0.592501462 0.407498538
2155 0.000000000 0.506619811 0.493380189
2156 0.000000000 0.506619811 0.493380189
2157 0.000000000 0.506619811 0.493380189
2158 0.000000000 0.993563354 0.006436628
2159 0.000000000 0.997673512 0.002326500
2160 0.000000000 0.987104356 0.012895670
2161 0.000000000 0.961308181 0.038691815
2162 0.000000000 0.434323221 0.565676749
2163 0.000000000 0.919793308 0.080206677
2164 0.000000000 0.984268665 0.015731348
2165 0.000000000 0.907689333 0.092310689
2166 0.000000000 0.868312597 0.131687403
2167 0.000000000 0.985943258 0.014056766
2168 0.000000000 0.955991805 0.044008207
2169 0.000000000 0.934778869 0.065221116
2170 0.000000000 0.965129137 0.034870867
2171 0.000000000 1.000000000 0.000000000
2172 0.000000000 0.968155205 0.031844795
2173 0.000000000 0.999563515 0.000436480
2174 0.000000000 0.968155205 0.031844795
2175 0.000000000 0.984999359 0.015000664
2176 0.000000000 0.568324268 0.431675762
2177 0.000000000 0.952542305 0.047457680
2178 0.000000000 0.906173468 0.093826517
2179 0.000000000 0.956401765 0.043598242
2180 0.000000000 0.995622814 0.004377194
2181 0.000000000 0.923416138 0.076583877
2182 0.000000000 0.982093990 0.017906016
2183 0.000000000 0.862425506 0.137574494
2184 0.000000000 1.000000000 0.000000000
2185 0.000000000 1.000000000 0.000000000
2186 0.000000000 0.999337375 0.000662650
2187 0.000000000 0.985052049 0.014947925
2188 0.000000000 0.977875948 0.022124024
2189 0.000000000 0.999279737 0.000720272
2190 0.000000000 0.506779909 0.493220091
2191 0.000000000 0.985045552 0.014954426
2192 0.000000000 0.941243589 0.058756411
2193 0.000000000 0.982928932 0.017071057
2194 0.000000000 0.929763496 0.070236519
2195 0.000000000 0.954660058 0.045339916
2196 0.000000000 0.898288786 0.101711228
2197 0.000000000 0.999282002 0.000717979
2198 0.000000000 0.998824179 0.001175795
2199 0.000000000 0.998706341 0.001293649
2200 0.000000000 0.999187946 0.000812032
2201 0.000000000 0.998644769 0.001355211
2202 0.000000000 0.997766674 0.002233327
2203 0.000000000 0.998872519 0.001127501
2204 0.000000000 0.553967237 0.446032792
2205 0.000000000 0.888799310 0.111200720
2206 0.000000000 0.996807218 0.003192754
2207 0.000000000 0.952863097 0.047136921
2208 0.000000000 0.966999769 0.033000216
2209 0.000000000 0.922384381 0.077615619
2210 0.000000000 0.998287559 0.001712428
2211 0.000000000 0.997650504 0.002349485
2212 0.000000000 0.958323777 0.041676231
2213 0.000000000 0.997517288 0.002482686
2214 0.000000000 0.997060299 0.002939698
2215 0.000000000 0.996869266 0.003130734
2216 0.000000000 0.997292459 0.002707537
2217 0.000000000 0.957181931 0.042818088
2218 0.000000000 0.625956774 0.374043256
2219 0.000000000 0.995320559 0.004679452
2220 0.000000000 0.898129761 0.101870239
2221 0.000000000 0.991309047 0.008690930
2222 0.000000000 0.885991991 0.114007995
2223 0.000000000 0.999794304 0.000205706
2224 0.000000000 0.999730051 0.000269944
2225 0.000000000 0.999730051 0.000269944
2226 0.000000000 0.999129236 0.000870758
2227 0.000000000 0.999730051 0.000269944
2228 0.000000000 0.999730051 0.000269944
2229 0.000000000 0.976809978 0.023190033
2230 0.000000000 0.973699868 0.026300153
2231 0.000000000 0.999129236 0.000870758
2232 0.000000000 0.717000008 0.282999992
2233 0.000000000 0.983209491 0.016790517
2234 0.000000000 0.989055157 0.010944868
2235 0.000000000 0.987875402 0.012124623
2236 0.000000000 0.999435782 0.000564226
2237 0.000000000 0.999652326 0.000347677
2238 0.000000000 0.999640524 0.000359494
2239 0.000000000 0.999652326 0.000347677
2240 0.000000000 0.999652326 0.000347677
2241 0.000000000 0.998935699 0.001064290
2242 0.000000000 0.987011433 0.012988595
2243 0.000000000 0.973450124 0.026549863
2244 0.000000000 0.996083975 0.003916041
2245 0.000000000 0.998946369 0.001053646
2246 0.000000000 0.463871479 0.536128521
2247 0.000000000 0.974525511 0.025474472
2248 0.000000000 0.918368280 0.081631728
2249 0.000000000 0.960281730 0.039718274
2250 0.000000000 0.999848962 0.000151013
2251 0.000000000 1.000000000 0.000000000
2252 0.000000000 0.960130692 0.039869286
2253 0.000000000 0.948111594 0.051888417
2254 0.000000000 0.960130692 0.039869286
2255 0.000000000 0.949207306 0.050792705
2256 0.000000000 0.906105101 0.093894877
2257 0.000000000 0.949056268 0.050943717
2258 0.000000000 0.960130692 0.039869286
2259 0.000000000 0.916364074 0.083635911
2260 0.000000000 0.451699466 0.548300505
2261 0.000000000 0.752352834 0.247647166
2262 0.000000000 0.902969301 0.097030699
2263 0.000000000 0.908643723 0.091356277
2264 0.000000000 0.989233255 0.010766756
2265 0.000000000 0.818507016 0.181492969
2266 0.000000000 0.813024640 0.186975375
2267 0.000000000 0.813417733 0.186582252
2268 0.000000000 0.880578578 0.119421400
2269 0.000000000 0.644531071 0.355468929
2270 0.000000000 0.628945470 0.371054500
2271 0.000000000 0.913555145 0.086444870
2272 0.000000000 0.640106678 0.359893322
2273 0.000000000 0.728825808 0.271174163
2274 0.000000000 0.436160833 0.563839197
2275 0.000000000 0.000553927 0.999446094
2276 0.000000000 0.327214956 0.672785044
2277 0.000000000 0.590352952 0.409647018
2278 0.000000000 0.541063905 0.458936095
2279 0.000000000 0.678152919 0.321847111
2280 0.000000000 0.770877600 0.229122400
2281 0.000000000 0.653802931 0.346197039
2282 0.000000000 0.725520730 0.274479270
2283 0.000000000 0.692779899 0.307220101
2284 0.000000000 0.653690338 0.346309662
2285 0.000000000 0.668193996 0.331805974
2286 0.000000000 0.713760972 0.286239028
2287 0.000000000 0.732326627 0.267673373
2288 0.000000000 0.387970746 0.612029254
2289 0.000000000 0.000748421 0.999251604
2290 0.000000000 0.570220828 0.429779142
2291 0.000000000 0.603084862 0.396915138
2292 0.000000000 0.664161384 0.335838616
2293 0.000000000 0.725009441 0.274990588
2294 0.000000000 0.641541302 0.358458698
2295 0.000000000 0.755765855 0.244234145
2296 0.000000000 0.734939098 0.265060902
2297 0.000000000 0.657571673 0.342428327
2298 0.000000000 0.659516454 0.340483546
2299 0.000000000 0.656546772 0.343453258
2300 0.000000000 0.763692141 0.236307845
2301 0.000000000 0.417967796 0.582032204
2302 0.000000000 0.391697526 0.608302474
2303 0.000000000 0.000000000 1.000000000
2304 0.000000000 0.623005211 0.376994789
2305 0.000000000 0.679593682 0.320406348
2306 0.000000000 0.733882546 0.266117424
2307 0.000000000 0.692306519 0.307693452
2308 0.000000000 0.756187141 0.243812859
2309 0.000000000 0.649020255 0.350979745
2310 0.000000000 0.719744861 0.280255109
2311 0.000000000 0.661557734 0.338442296
2312 0.000000000 0.675125003 0.324874967
2313 0.000000000 0.703837693 0.296162307
2314 0.000000000 0.596356094 0.403643906
2315 0.000000000 0.414049596 0.585950434
2316 0.000000000 0.561849654 0.438150346
2317 0.000000000 0.000000000 1.000000000
2318 0.000000000 0.696992338 0.303007692
2319 0.000000000 0.685832798 0.314167202
2320 0.000000000 0.790824115 0.209175900
2321 0.000000000 0.892337501 0.107662477
2322 0.000000000 0.917256176 0.082743831
2323 0.000000000 0.926108062 0.073891915
2324 0.000000000 0.872177839 0.127822146
2325 0.000000000 0.751668930 0.248331070
2326 0.000000000 0.827019453 0.172980547
2327 0.000000000 0.246975824 0.753024161
2328 0.000000000 0.445308805 0.554691195
2329 0.000000000 0.475663334 0.524336636
2330 0.000000000 0.391823381 0.608176649
2331 0.000000000 0.004503431 0.995496571
2332 0.000000000 0.971462846 0.028537167
2333 0.000000000 0.932883680 0.067116313
2334 0.000000000 0.963662922 0.036337074
2335 0.000000000 0.975625038 0.024374973
2336 0.000000000 0.738706350 0.261293620
2337 0.000000000 0.916925609 0.083074369
2338 0.000000000 0.814851463 0.185148567
2339 0.000000000 0.995693743 0.004306255
2340 0.000000000 1.000000000 0.000000000
2341 0.000000000 1.000000000 0.000000000
2342 0.000000000 1.000000000 0.000000000
2343 0.000000000 1.000000000 0.000000000
2344 0.000000000 1.000000000 0.000000000
2345 0.000000000 0.681729913 0.318270087
2346 0.000000000 1.000000000 0.000000000
2347 0.000000000 1.000000000 0.000000000
2348 0.000000000 1.000000000 0.000000000
2349 0.000000000 1.000000000 0.000000000
2350 0.000000000 1.000000000 0.000000000
2351 0.000000000 1.000000000 0.000000000
2352 0.000000000 1.000000000 0.000000000
2353 0.000000000 1.000000000 0.000000000
2354 0.000000000 1.000000000 0.000000000
2355 0.000000000 1.000000000 0.000000000
2356 0.000000000 1.000000000 0.000000000
2357 0.000000000 0.979562283 0.020437712
2358 0.000000000 1.000000000 0.000000000
2359 0.000000000 0.056957219 0.943042755
2360 0.000000000 1.000000000 0.000000000
2361 0.000000000 1.000000000 0.000000000
2362 0.000000000 1.000000000 0.000000000
2363 0.000000000 1.000000000 0.000000000
2364 0.000000000 1.000000000 0.000000000
2365 0.000000000 1.000000000 0.000000000
2366 0.000000000 0.866451383 0.133548617
2367 0.000000000 1.000000000 0.000000000
2368 0.000000000 1.000000000 0.000000000
2369 0.000000000 1.000000000 0.000000000
2370 0.000000000 0.841185451 0.158814564
2371 0.000000000 1.000000000 0.000000000
2372 0.000000000 1.000000000 0.000000000
2373 0.000000000 0.022262929 0.977737069
2374 0.000000000 1.000000000 0.000000000
2375 0.000000000 1.000000000 0.000000000
2376 0.000000000 0.909209371 0.090790659
2377 0.000000000 1.000000000 0.000000000
2378 0.000000000 1.000000000 0.000000000
2379 0.000000000 1.000000000 0.000000000
2380 0.000000000 1.000000000 0.000000000
2381 0.000000000 1.000000000 0.000000000
2382 0.000000000 1.000000000 0.000000000
2383 0.000000000 1.000000000 0.000000000
2384 0.000000000 1.000000000 0.000000000
2385 0.000000000 1.000000000 0.000000000
2386 0.000000000 1.000000000 0.000000000
2387 0.000000000 0.007800274 0.992199719
2388 0.000000000 1.000000000 0.000000000
2389 0.000000000 1.000000000 0.000000000
2390 0.000000000 1.000000000 0.000000000
2391 0.000000000 1.000000000 0.000000000
2392 0.000000000 0.930912971 0.069087021
2393 0.000000000 0.915294886 0.084705144
2394 0.000000000 0.829638064 0.170361921
2395 0.000000000 0.925799012 0.074200995
2396 0.000000000 0.932203054 0.067796960
2397 0.000000000 0.976496100 0.023503909
2398 0.000000000 0.951283514 0.048716459
2399 0.000000000 0.986580849 0.013419168
2400 0.000000000 0.971907914 0.028092105
2401 0.000000000 0.004572120 0.995427907
2402 0.000000000 0.915144444 0.084855586
2403 0.000000000 0.934577286 0.065422699
2404 0.000000000 0.905178428 0.094821580
2405 0.000000000 0.374233842 0.625766158
2406 0.000000000 0.332528830 0.667471170
2407 0.000000000 0.275261462 0.724738538
2408 0.000000000 0.404252619 0.595747352
2409 0.000000000 0.553350925 0.446649075
2410 0.000000000 0.433716714 0.566283286
2411 0.000000000 0.653621078 0.346378922
2412 0.000000000 0.629312038 0.370687932
2413 0.000000000 0.457122803 0.542877197
2414 0.000000000 0.671962261 0.328037739
2415 0.000000000 0.000000000 1.000000000
2416 0.000000000 0.179852590 0.820147395
2417 0.000000000 0.071184695 0.928815305
2418 0.000000000 0.030869517 0.969130456
2419 0.000000000 0.003343120 0.996656895
2420 0.000000000 0.002697178 0.997302830
2421 0.000000000 0.040456451 0.959543526
2422 0.000000000 0.065360479 0.934639513
2423 0.000000000 0.002697178 0.997302830
2424 0.000000000 0.028728608 0.971271396
2425 0.000000000 0.054128077 0.945871949
2426 0.000000000 0.048636336 0.951363683
2427 0.000000000 0.079458319 0.920541704
2428 0.000000000 0.021950841 0.978049159
2429 0.000000000 0.000000000 1.000000000
2430 0.000000000 0.001326041 0.998673975
2431 0.000000000 0.001838105 0.998161912
2432 0.000000000 0.002978328 0.997021675
2433 0.000000000 0.000000000 1.000000000
2434 0.000000000 0.000856289 0.999143720
2435 0.000000000 0.001097544 0.998902440
2436 0.000000000 0.001692246 0.998307765
2437 0.000000000 0.000817433 0.999182582
2438 0.000000000 0.000866896 0.999133110
2439 0.000000000 0.000876934 0.999123037
2440 0.000000000 0.001635660 0.998364329
2441 0.000000000 0.000866896 0.999133110
2442 0.000000000 0.000000000 1.000000000
2443 0.000000000 0.000000000 1.000000000
2444 0.000000000 0.000000000 1.000000000
2445 0.736048162 0.000000000 0.263951838
2446 0.812136829 0.000000000 0.187863201
2447 0.733845711 0.000000000 0.266154289
2448 0.844013631 0.000000000 0.155986339
2449 0.830045581 0.000000000 0.169954434
2450 0.769199610 0.000000000 0.230800390
2451 0.788369894 0.000000000 0.211630076
2452 0.811604321 0.000000000 0.188395649
2453 0.837668598 0.000000000 0.162331372
2454 0.809285462 0.000000000 0.190714553
2455 0.781628013 0.000000000 0.218371972
2456 0.771360278 0.000000000 0.228639707
2457 0.772472620 0.000000000 0.227527395
2458 0.000000000 0.000054755 0.999945223
2459 0.778246343 0.000000000 0.221753627
2460 0.728811383 0.000000000 0.271188647
2461 0.844435513 0.000000000 0.155564472
2462 0.797409892 0.000000000 0.202590093
2463 0.705291867 0.000000000 0.294708103
2464 0.782971799 0.000000000 0.217028216
2465 0.770844162 0.000000000 0.229155824
2466 0.811281979 0.000000000 0.188718036
2467 0.754556239 0.000000000 0.245443732
2468 0.741414428 0.000000000 0.258585542
2469 0.724301040 0.000000000 0.275698990
2470 0.739988267 0.002673021 0.257338732
2471 0.738052666 0.000000000 0.261947364
2472 0.000000000 0.013459032 0.986540973
2473 0.690625489 0.000000000 0.309374511
2474 0.796660662 0.000000000 0.203339353
2475 0.727774799 0.000000000 0.272225201
2476 0.678761184 0.000000000 0.321238816
2477 0.717816532 0.000000000 0.282183468
2478 0.722673655 0.000000000 0.277326316
2479 0.803652108 0.000000000 0.196347907
2480 0.741249979 0.000000000 0.258750021
2481 0.700665772 0.000000000 0.299334198
2482 0.668259859 0.000000000 0.331740141
2483 0.797750294 0.000000000 0.202249691
2484 0.789275408 0.003002524 0.207722083
2485 0.873823345 0.000000000 0.126176655
2486 0.000000000 0.000000000 1.000000000
2487 0.845011652 0.000000000 0.154988348
2488 0.851679862 0.001289040 0.147031084
2489 0.849405766 0.000000000 0.150594220
2490 0.792342901 0.000000000 0.207657099
2491 0.886253774 0.000000000 0.113746248
2492 0.786356568 0.000000000 0.213643447
2493 0.841233909 0.024472397 0.134293675
2494 0.808863282 0.002066403 0.189070314
2495 0.849212825 0.000000000 0.150787175
2496 0.616718829 0.035270166 0.348010987
2497 0.697200954 0.032856837 0.269942194
2498 0.824693799 0.000628920 0.174677312
2499 0.614832819 0.048425708 0.336741507
2500 0.000000000 0.000880498 0.999119520
2501 0.759409547 0.000000000 0.240590423
2502 0.682254136 0.000000000 0.317745864
2503 0.653597772 0.027655633 0.318746597
2504 0.818505108 0.000000000 0.181494907
2505 0.710039496 0.047970563 0.241989926
2506 0.628711045 0.042061891 0.329227030
2507 0.705748856 0.032971930 0.261279196
2508 0.741553724 0.013292606 0.245153680
2509 1.000000000 0.000000000 0.000000000
2510 1.000000000 0.000000000 0.000000000
2511 1.000000000 0.000000000 0.000000000
2512 1.000000000 0.000000000 0.000000000
2513 1.000000000 0.000000000 0.000000000
2514 0.000000000 0.040050197 0.959949791
2515 1.000000000 0.000000000 0.000000000
2516 1.000000000 0.000000000 0.000000000
2517 1.000000000 0.000000000 0.000000000
2518 1.000000000 0.000000000 0.000000000
2519 1.000000000 0.000000000 0.000000000
2520 1.000000000 0.000000000 0.000000000
2521 0.810471892 0.189528108 0.000000000
2522 0.973257065 0.026742944 0.000000000
2523 1.000000000 0.000000000 0.000000000
2524 0.948549211 0.026321609 0.025129175
2525 0.998656332 0.001343677 0.000000000
2526 0.999817908 0.000000000 0.000182092
2527 1.000000000 0.000000000 0.000000000
2528 0.000000000 0.028779116 0.971220911
2529 0.976557136 0.023442877 0.000000000
2530 1.000000000 0.000000000 0.000000000
2531 0.343742341 0.000000000 0.656257689
2532 0.967636406 0.032363582 0.000000000
2533 0.971689939 0.028310079 0.000000000
2534 0.820283175 0.179716811 0.000000000
2535 0.833393693 0.166606277 0.000000000
2536 0.725683928 0.158814564 0.115501501
2537 0.987618268 0.012381714 0.000000000
2538 0.603699386 0.280799121 0.115501501
2539 0.731434941 0.033510327 0.235054702
2540 0.990976870 0.009023109 0.000000000
2541 1.000000000 0.000000000 0.000000000
2542 0.000000000 0.000995694 0.999004304
2543 0.796380043 0.203619972 0.000000000
2544 0.952203035 0.000332925 0.047464021
2545 0.993366182 0.006633800 0.000000000
2546 0.813991010 0.173627257 0.012381714
2547 0.563565552 0.017741511 0.418692946
2548 0.685983539 0.313316554 0.000699945
2549 0.667639077 0.094070539 0.238290384
2550 0.541145265 0.452573925 0.006280840
2551 0.520119905 0.238504201 0.241375923
2552 0.882126629 0.117005400 0.000868000
2553 0.748949885 0.251050144 0.000000000
2554 0.970345616 0.028007265 0.001647089
2555 0.970849335 0.029150685 0.000000000
2556 0.000000000 0.005594349 0.994405627
2557 0.362806886 0.398902714 0.238290384
2558 0.981296122 0.018223315 0.000480545
2559 0.425894082 0.184359044 0.389746875
2560 0.599323809 0.014927941 0.385748237
2561 0.310750782 0.645372868 0.043876376
2562 0.408863425 0.543942571 0.047194019
2563 0.437805921 0.536784470 0.025409609
2564 0.345058948 0.650264382 0.004676694
2565 0.477827489 0.508008480 0.014164024
2566 0.480813444 0.501020670 0.018165868
2567 0.432146758 0.536471128 0.031382106
2568 0.514407277 0.472447336 0.013145402
2569 0.461131543 0.521248519 0.017619925
2570 0.000000000 0.001390730 0.998609245
2571 0.435721189 0.514594615 0.049684238
2572 0.460977048 0.502842724 0.036180213
2573 0.348558128 0.581258595 0.070183314
2574 0.073732935 0.900406361 0.025860691
2575 0.121748246 0.824876845 0.053374927
2576 0.173137441 0.781628668 0.045233879
2577 0.139698893 0.820055127 0.040245976
2578 0.204195514 0.775666893 0.020137591
2579 0.144833282 0.835466802 0.019699911
2580 0.135777041 0.839381814 0.024841176
2581 0.245512009 0.747082829 0.007405166
2582 0.136622548 0.846197426 0.017179994
2583 0.216567367 0.738459766 0.044972885
2584 0.000000000 0.000299576 0.999700427
2585 0.059038006 0.758421957 0.182540044
2586 0.030344104 0.710549295 0.259106636
2587 0.067850150 0.803125620 0.129024222
2588 0.067850150 0.802362621 0.129787251
2589 0.087296501 0.814589441 0.098114036
2590 0.040396895 0.869190872 0.090412252
2591 0.101390347 0.778288722 0.120320931
2592 0.059649672 0.857950151 0.082400188
2593 0.116207749 0.775097191 0.108695067
2594 0.150341943 0.753848076 0.095809959
2595 0.109891422 0.843273401 0.046835195
2596 0.164189637 0.763557971 0.072252408
2597 0.162846729 0.798314452 0.038838811
2598 0.000000000 0.000460880 0.999539137
2599 0.016177794 0.576569319 0.407252908
2600 0.000000000 0.150916070 0.849083960
2601 0.000000000 0.091496147 0.908503830
2602 0.000000000 0.231593862 0.768406153
2603 0.000000000 0.225305125 0.774694860
2604 0.000000000 0.245614946 0.754385054
2605 0.000000000 0.149973020 0.850026965
2606 0.000000000 0.248373255 0.751626730
2607 0.000000000 0.310561538 0.689438462
2608 0.000000000 0.329765111 0.670234859
2609 0.000000000 0.302218169 0.697781861
2610 0.000000000 0.347742528 0.652257442
2611 0.000000000 0.335758328 0.664241672
2612 0.000000000 0.000030662 0.999969363
2613 0.333333343 0.333333343 0.333333343
2614 0.333333343 0.333333343 0.333333343
2615 0.333333343 0.333333343 0.333333343
2616 0.333333343 0.333333343 0.333333343
2617 0.333333343 0.333333343 0.333333343
2618 0.333333343 0.333333343 0.333333343
2619 0.333333343 0.333333343 0.333333343
2620 0.333333343 0.333333343 0.333333343
2621 0.333333343 0.333333343 0.333333343
2622 0.333333343 0.333333343 0.333333343
2623 0.333333343 0.333333343 0.333333343
2624 0.333333343 0.333333343 0.333333343
2625 0.333333343 0.333333343 0.333333343
2626 0.333333343 0.333333343 0.333333343
2627 0.333333343 0.333333343 0.333333343
2628 0.333333343 0.333333343 0.333333343
2629 0.333333343 0.333333343 0.333333343
2630 0.333333343 0.333333343 0.333333343
2631 0.333333343 0.333333343 0.333333343
2632 0.333333343 0.333333343 0.333333343
2633 0.333333343 0.333333343 0.333333343
2634 0.333333343 0.333333343 0.333333343
2635 0.333333343 0.333333343 0.333333343
2636 0.333333343 0.333333343 0.333333343
2637 0.333333343 0.333333343 0.333333343
2638 0.333333343 0.333333343 0.333333343
2639 1.000000000 0.000000000 0.000000000
2640 1.000000000 0.000000000 0.000000000
2641 0.333333343 0.333333343 0.333333343
2642 1.000000000 0.000000000 0.000000000
2643 0.333333343 0.333333343 0.333333343
2644 0.333333343 0.333333343 0.333333343
2645 0.333333343 0.333333343 0.333333343
2646 0.333333343 0.333333343 0.333333343
2647 1.000000000 0.000000000 0.000000000
2648 0.333333343 0.333333343 0.333333343
2649 0.333333343 0.333333343 0.333333343
2650 0.333333343 0.333333343 0.333333343
2651 0.333333343 0.333333343 0.333333343
2652 1.000000000 0.000000000 0.000000000
2653 1.000000000 0.000000000 0.000000000
2654 1.000000000 0.000000000 0.000000000
2655 0.000000000 0.000000000 1.000000000
2656 0.855052412 0.000000000 0.144947559
2657 0.855052412 0.000000000 0.144947559
2658 0.855052412 0.000000000 0.144947559
2659 1.000000000 0.000000000 0.000000000
2660 1.000000000 0.000000000 0.000000000
2661 1.000000000 0.000000000 0.000000000
2662 1.000000000 0.000000000 0.000000000
2663 1.000000000 0.000000000 0.000000000
2664 1.000000000 0.000000000 0.000000000
2665 0.943643749 0.006985770 0.049370468
2666 0.882356524 0.117428496 0.000215003
2667 0.826490581 0.173509449 0.000000000
2668 0.829042912 0.118637897 0.052319176
2669 0.000000000 0.000000000 1.000000000
2670 0.589506626 0.237674728 0.172818676
2671 0.671064913 0.219569042 0.109366037
2672 0.563026428 0.362669319 0.074304283
2673 0.793415427 0.138900161 0.067684390
2674 0.874967754 0.123638503 0.001393728
2675 0.821055472 0.178944513 0.000000000
2676 0.782341182 0.217658848 0.000000000
2677 0.737887859 0.246471912 0.015640201
2678 0.881818235 0.092685848 0.025495930
2679 0.895251632 0.080635086 0.024113251
2680 0.794413269 0.187968358 0.017618379
2681 0.770265400 0.188919395 0.040815201
2682 0.799596429 0.161989301 0.038414255
2683 0.000000000 0.066870436 0.933129549
2684 0.551907778 0.335233808 0.112858392
2685 0.609633684 0.338869810 0.051496498
2686 0.745328367 0.207244605 0.047427040
2687 0.789439738 0.182618007 0.027942227
2688 0.775410295 0.222837836 0.001751850
2689 0.728531718 0.271468282 0.000000000
2690 0.718840599 0.281159431 0.000000000
2691 0.899005055 0.068511203 0.032483757
2692 0.832940280 0.167059749 0.000000000
2693 0.804899395 0.186740249 0.008360329
2694 0.814380109 0.160148382 0.025471510
2695 0.730238497 0.269102424 0.000659112
2696 0.729910016 0.239626929 0.030463059
2697 0.000000000 0.000000000 1.000000000
2698 0.534236550 0.456157297 0.009606145
2699 0.667868197 0.295958519 0.036173288
2700 0.852311432 0.147512436 0.000176156
2701 0.717670143 0.282329828 0.000000000
2702 0.613232613 0.386767387 0.000000000
2703 0.712959349 0.286249220 0.000791425
2704 0.689011395 0.288821936 0.022166656
2705 0.691725433 0.306418240 0.001856306
2706 0.749650419 0.245209858 0.005139743
2707 0.500795186 0.486972243 0.012232557
2708 0.594595134 0.401930213 0.003474625
2709 0.540352046 0.445072740 0.014575225
2710 0.534261525 0.445957273 0.019781230
2711 0.000000000 0.036799204 0.963200808
2712 0.499987483 0.464197665 0.035814863
2713 0.724350691 0.271948755 0.003700551
2714 0.627167642 0.371580392 0.001251949
2715 0.502142489 0.497149676 0.000707834
2716 0.501813173 0.496748924 0.001437891
2717 0.691096723 0.279274434 0.029628821
2718 0.601391137 0.396867692 0.001741190
2719 0.691980481 0.289288491 0.018730998
2720 0.520777285 0.457744449 0.021478232
2721 0.583283424 0.350179702 0.066536851
2722 0.500547886 0.463532060 0.035920080
2723 0.557359099 0.395038009 0.047602903
2724 0.676869333 0.313977540 0.009153110
2725 0.000000000 0.000000000 1.000000000
2726 0.600504398 0.394234896 0.005260663
2727 0.547187388 0.450526208 0.002286394
2728 0.523289084 0.460365653 0.016345287
2729 0.414718598 0.580600679 0.004680730
2730 0.555817306 0.442746103 0.001436583
2731 0.539352655 0.460630327 0.000017023
2732 0.690274715 0.282723457 0.027001841
2733 0.460383296 0.539616704 0.000000000
2734 0.522966266 0.470049083 0.006984659
2735 0.447226971 0.552374899 0.000398135
2736 0.455633193 0.534696341 0.009670475
2737 0.550764859 0.422457904 0.026777204
2738 0.607048273 0.390050054 0.002901658
2739 0.000000000 0.072688222 0.927311778
2740 0.435227066 0.564644694 0.000128219
2741 0.380834579 0.618480802 0.000684603
2742 0.350175560 0.649526358 0.000298068
2743 0.104664609 0.894944489 0.000390930
2744 0.099586934 0.899720430 0.000692630
2745 0.243564904 0.754842341 0.001592764
2746 0.053486213 0.945874751 0.000639026
2747 0.108198702 0.889125168 0.002676112
2748 0.115546703 0.883765340 0.000687956
2749 0.081784107 0.917500615 0.000715259
2750 0.113231264 0.885678947 0.001089790
2751 0.163680121 0.835347474 0.000972384
2752 0.289903104 0.710091591 0.000005319
2753 0.000000000 0.054698590 0.945301414
2754 0.034029528 0.965814650 0.000155847
2755 0.008648786 0.989545882 0.001805311
2756 0.000000000 1.000000000 0.000000000
2757 0.000000000 0.999593556 0.000406466
2758 0.000000000 0.998538613 0.001461363
2759 0.000000000 0.997262120 0.002737897
2760 0.000000000 0.998859644 0.001140359
2761 0.000000000 0.998252034 0.001747964
2762 0.000000000 1.000000000 0.000000000
2763 0.000000000 1.000000000 0.000000000
2764 0.000000000 0.999543130 0.000456893
2765 0.000000000 0.999876261 0.000123745
2766 0.000000000 1.000000000 0.000000000
2767 0.000000000 0.196179822 0.803820193
2768 0.000000000 0.946442783 0.053557225
2769 0.000000000 0.483767927 0.516232073
2770 0.000000000 0.294012606 0.705987394
2771 0.000000000 0.303284049 0.696715951
2772 0.000000000 0.682678461 0.317321539
2773 0.000000000 0.385982841 0.614017129
2774 0.000000000 0.385703892 0.614296079
2775 0.000000000 0.295714021 0.704285979
2776 0.000000000 0.403133184 0.596866786
2777 0.000000000 0.219103232 0.780896783
2778 0.000000000 0.724036157 0.275963843
2779 0.000000000 0.407295316 0.592704713
2780 0.000000000 0.898860455 0.101139523
2781 0.000000000 0.014953979 0.985046029
2782 0.500000000 0.500000000 0.000000000
2783 0.500000000 0.500000000 0.000000000
2784 0.500000000 0.500000000 0.000000000
2785 0.500000000 0.500000000 0.000000000
2786 0.500000000 0.500000000 0.000000000
2787 0.500000000 0.500000000 0.000000000
2788 0.500000000 0.500000000 0.000000000
2789 0.500000000 0.500000000 0.000000000
2790 0.500000000 0.500000000 0.000000000
2791 0.500000000 0.500000000 0.000000000
2792 0.500000000 0.500000000 0.000000000
2793 0.500000000 0.500000000 0.000000000
2794 0.500000000 0.500000000 0.000000000
2795 0.500000000 0.500000000 0.000000000
2796 0.500000000 0.500000000 0.000000000
2797 0.500000000 0.500000000 0.000000000
2798 0.500000000 0.500000000 0.000000000
2799 0.500000000 0.500000000 0.000000000
2800 0.500000000 0.500000000 0.000000000
2801 0.500000000 0.500000000 0.000000000
2802 0.500000000 0.500000000 0.000000000
2803 0.500000000 0.500000000 0.000000000
2804 0.500000000 0.500000000 0.000000000
2805 0.500000000 0.500000000 0.000000000
2806 0.500000000 0.500000000 0.000000000
2807 0.500000000 0.500000000 0.000000000
2808 0.500000000 0.500000000 0.000000000
2809 1.000000000 0.000000000 0.000000000
2810 0.000000000 1.000000000 0.000000000
2811 1.000000000 0.000000000 0.000000000
2812 1.000000000 0.000000000 0.000000000
2813 1.000000000 0.000000000 0.000000000
2814 1.000000000 0.000000000 0.000000000
2815 1.000000000 0.000000000 0.000000000
2816 0.500000000 0.500000000 0.000000000
2817 1.000000000 0.000000000 0.000000000
2818 1.000000000 0.000000000 0.000000000
2819 1.000000000 0.000000000 0.000000000
2820 1.000000000 0.000000000 0.000000000
2821 0.500000000 0.500000000 0.000000000
2822 0.500000000 0.500000000 0.000000000
2823 0.500000000 0.500000000 0.000000000
2824 0.000000000 1.000000000 0.000000000
2825 1.000000000 0.000000000 0.000000000
2826 1.000000000 0.000000000 0.000000000
2827 1.000000000 0.000000000 0.000000000
2828 1.000000000 0.000000000 0.000000000
2829 1.000000000 0.000000000 0.000000000
2830 1.000000000 0.000000000 0.000000000
2831 1.000000000 0.000000000 0.000000000
2832 1.000000000 0.000000000 0.000000000
2833 1.000000000 0.000000000 0.000000000
2834 0.895252109 0.104747869 0.000000000
2835 1.000000000 0.000000000 0.000000000
2836 1.000000000 0.000000000 0.000000000
2837 0.982574522 0.017425470 0.000000000
2838 0.000000000 1.000000000 0.000000000
2839 0.952240944 0.047759034 0.000000000
2840 0.957141399 0.042858571 0.000000000
2841 0.992696166 0.007303847 0.000000000
2842 0.994880140 0.005119876 0.000000000
2843 0.952035666 0.047964312 0.000000000
2844 0.984679580 0.015320395 0.000000000
2845 0.989662528 0.010337497 0.000000000
2846 0.980665147 0.019334855 0.000000000
2847 0.500000000 0.500000000 0.000000000
2848 1.000000000 0.000000000 0.000000000
2849 1.000000000 0.000000000 0.000000000
2850 1.000000000 0.000000000 0.000000000
2851 1.000000000 0.000000000 0.000000000
2852 0.000000000 1.000000000 0.000000000
2853 1.000000000 0.000000000 0.000000000
2854 1.000000000 0.000000000 0.000000000
2855 0.822721899 0.177278101 0.000000000
2856 1.000000000 0.000000000 0.000000000
2857 0.958497047 0.041502938 0.000000000
2858 1.000000000 0.000000000 0.000000000
2859 1.000000000 0.000000000 0.000000000
2860 0.500000000 0.500000000 0.000000000
2861 0.500000000 0.500000000 0.000000000
2862 1.000000000 0.000000000 0.000000000
2863 1.000000000 0.000000000 0.000000000
2864 1.000000000 0.000000000 0.000000000
2865 1.000000000 0.000000000 0.000000000
2866 0.000000000 1.000000000 0.000000000
2867 1.000000000 0.000000000 0.000000000
2868 0.312836289 0.687163711 0.000000000
2869 1.000000000 0.000000000 0.000000000
2870 0.645531952 0.354468048 0.000000000
2871 1.000000000 0.000000000 0.000000000
2872 1.000000000 0.000000000 0.000000000
2873 0.000000000 1.000000000 0.000000000
2874 0.389367491 0.610632479 0.000000000
2875 0.444997519 0.555002451 0.000000000
2876 0.115824364 0.884175658 0.000000000
2877 0.000000000 1.000000000 0.000000000
2878 0.244212210 0.755787790 0.000000000
2879 0.363212407 0.636787593 0.000000000
2880 0.000000000 1.000000000 0.000000000
2881 0.272205025 0.727795005 0.000000000
2882 0.605342269 0.394657701 0.000000000
2883 0.025963046 0.974036932 0.000000000
2884 0.978243232 0.021756781 0.000000000
2885 0.840656221 0.159343749 0.000000000
2886 0.250688493 0.749311507 0.000000000
2887 0.481300414 0.518699586 0.000000000
2888 0.042286955 0.957713068 0.000000000
2889 0.168248326 0.831751645 0.000000000
2890 0.000000000 1.000000000 0.000000000
2891 0.047815122 0.952184856 0.000000000
2892 0.000000000 1.000000000 0.000000000
2893 0.067826904 0.932173073 0.000000000
2894 0.000000000 1.000000000 0.000000000
2895 0.486270458 0.513729513 0.000000000
2896 0.002211166 0.997788846 0.000000000
2897 0.284381986 0.715618014 0.000000000
2898 0.647394836 0.352605194 0.000000000
2899 0.000000000 1.000000000 0.000000000
2900 0.000000000 1.000000000 0.000000000
2901 0.000000000 1.000000000 0.000000000
2902 0.689989209 0.310010791 0.000000000
2903 0.000000000 1.000000000 0.000000000
2904 0.000000000 1.000000000 0.000000000
2905 0.531405509 0.468594521 0.000000000
2906 0.989736021 0.010263979 0.000000000
2907 0.689989209 0.310010791 0.000000000
2908 0.000000000 1.000000000 0.000000000
2909 0.000979049 0.999020934 0.000000000
2910 0.709677577 0.290322423 0.000000000
2911 0.000000000 1.000000000 0.000000000
2912 0.000000000 1.000000000 0.000000000
2913 0.000000000 1.000000000 0.000000000
2914 0.032871768 0.967128217 0.000000000
2915 0.000000000 1.000000000 0.000000000
2916 0.000000000 1.000000000 0.000000000
2917 0.010000385 0.989999592 0.000000000
2918 0.000000000 1.000000000 0.000000000
2919 0.000000000 1.000000000 0.000000000
2920 0.911217213 0.088782780 0.000000000
2921 0.000000000 1.000000000 0.000000000
2922 0.000000000 1.000000000 0.000000000
2923 0.000000000 1.000000000 0.000000000
2924 0.000000000 1.000000000 0.000000000
2925 0.000000000 1.000000000 0.000000000
2926 0.000000000 1.000000000 0.000000000
2927 0.500000000 0.500000000 0.000000000
2928 0.000000000 1.000000000 0.000000000
2929 0.000000000 1.000000000 0.000000000
2930 0.000000000 1.000000000 0.000000000
2931 0.000000000 1.000000000 0.000000000
2932 0.000000000 1.000000000 0.000000000
2933 0.000000000 1.000000000 0.000000000
2934 0.000000000 1.000000000 0.000000000
2935 0.000000000 1.000000000 0.000000000
2936 0.000000000 1.000000000 0.000000000
2937 0.000000000 1.000000000 0.000000000
2938 0.000000000 1.000000000 0.000000000
2939 0.000000000 1.000000000 0.000000000
2940 0.000000000 1.000000000 0.000000000
2941 0.000000000 1.000000000 0.000000000
2942 0.000000000 1.000000000 0.000000000
2943 0.000000000 1.000000000 0.000000000
2944 0.000000000 1.000000000 0.000000000
2945 0.000000000 1.000000000 0.000000000
2946 0.000000000 1.000000000 0.000000000
2947 0.000000000 1.000000000 0.000000000
2948 0.000000000 1.000000000 0.000000000
2949 0.000000000 1.000000000 0.000000000
2950 0.000000000 1.000000000 0.000000000
2951 0.000000000 1.000000000 0.000000000
2952 1.000000000 0.000000000 0.000000000
2953 1.000000000 0.000000000 0.000000000
2954 1.000000000 0.000000000 0.000000000
2955 1.000000000 0.000000000 0.000000000
2956 1.000000000 0.000000000 0.000000000
2957 1.000000000 0.000000000 0.000000000
2958 1.000000000 0.000000000 0.000000000
2959 1.000000000 0.000000000 0.000000000
2960 1.000000000 0.000000000 0.000000000
2961 1.000000000 0.000000000 0.000000000
2962 1.000000000 0.000000000 0.000000000
2963 1.000000000 0.000000000 0.000000000
2964 1.000000000 0.000000000 0.000000000
2965 0.000000000 1.000000000 0.000000000
2966 1.000000000 0.000000000 0.000000000
2967 1.000000000 0.000000000 0.000000000
2968 1.000000000 0.000000000 0.000000000
2969 1.000000000 0.000000000 0.000000000
2970 1.000000000 0.000000000 0.000000000
2971 1.000000000 0.000000000 0.000000000
2972 1.000000000 0.000000000 0.000000000
2973 1.000000000 0.000000000 0.000000000
2974 1.000000000 0.000000000 0.000000000
2975 1.000000000 0.000000000 0.000000000
2976 1.000000000 0.000000000 0.000000000
2977 1.000000000 0.000000000 0.000000000
2978 1.000000000 0.000000000 0.000000000
2979 0.000000000 1.000000000 0.000000000
2980 0.959597528 0.040402442 0.000000000
2981 1.000000000 0.000000000 0.000000000
2982 1.000000000 0.000000000 0.000000000
2983 1.000000000 0.000000000 0.000000000
2984 1.000000000 0.000000000 0.000000000
2985 1.000000000 0.000000000 0.000000000
2986 1.000000000 0.000000000 0.000000000
2987 1.000000000 0.000000000 0.000000000
2988 1.000000000 0.000000000 0.000000000
2989 1.000000000 0.000000000 0.000000000
2990 1.000000000 0.000000000 0.000000000
2991 1.000000000 0.000000000 0.000000000
2992 1.000000000 0.000000000 0.000000000
2993 0.000000000 1.000000000 0.000000000
2994 1.000000000 0.000000000 0.000000000
2995 1.000000000 0.000000000 0.000000000
2996 1.000000000 0.000000000 0.000000000
2997 1.000000000 0.000000000 0.000000000
2998 1.000000000 0.000000000 0.000000000
2999 1.000000000 0.000000000 0.000000000
3000 1.000000000 0.000000000 0.000000000
3001 1.000000000 0.000000000 0.000000000
3002 1.000000000 0.000000000 0.000000000
3003 1.000000000 0.000000000 0.000000000
3004 1.000000000 0.000000000 0.000000000
3005 1.000000000 0.000000000 0.000000000
3006 1.000000000 0.000000000 0.000000000
3007 0.000000000 1.000000000 0.000000000
3008 1.000000000 0.000000000 0.000000000
3009 1.000000000 0.000000000 0.000000000
3010 1.000000000 0.000000000 0.000000000
3011 1.000000000 0.000000000 0.000000000
3012 1.000000000 0.000000000 0.000000000
3013 1.000000000 0.000000000 0.000000000
3014 1.000000000 0.000000000 0.000000000
3015 1.000000000 0.000000000 0.000000000
3016 0.500000000 0.500000000 0.000000000
3017 0.500000000 0.500000000 0.000000000
3018 0.500000000 0.500000000 0.000000000
3019 0.500000000 0.500000000 0.000000000
3020 0.500000000 0.500000000 0.000000000
3021 0.000000000 1.000000000 0.000000000
3022 0.500000000 0.500000000 0.000000000
3023 0.500000000 0.500000000 0.000000000
3024 0.500000000 0.500000000 0.000000000
3025 0.500000000 0.500000000 0.000000000
3026 0.500000000 0.500000000 0.000000000
3027 0.500000000 0.500000000 0.000000000
3028 0.500000000 0.500000000 0.000000000
3029 0.500000000 0.500000000 0.000000000
3030 0.500000000 0.500000000 0.000000000
3031 0.500000000 0.500000000 0.000000000
3032 0.500000000 0.500000000 0.000000000
3033 1.000000000 0.000000000 0.000000000
3034 0.500000000 0.500000000 0.000000000
3035 0.000000000 1.000000000 0.000000000
3036 0.500000000 0.500000000 0.000000000
3037 0.500000000 0.500000000 0.000000000
3038 0.500000000 0.500000000 0.000000000
3039 0.500000000 0.500000000 0.000000000
3040 0.500000000 0.500000000 0.000000000
3041 0.500000000 0.500000000 0.000000000
3042 1.000000000 0.000000000 0.000000000
3043 0.500000000 0.500000000 0.000000000
3044 0.500000000 0.500000000 0.000000000
3045 0.500000000 0.500000000 0.000000000
3046 0.989537597 0.010462387 0.000000000
3047 0.500000000 0.500000000 0.000000000
3048 0.500000000 0.500000000 0.000000000
3049 0.000000000 1.000000000 0.000000000
3050 0.500000000 0.500000000 0.000000000
3051 0.500000000 0.500000000 0.000000000
3052 0.000000000 1.000000000 0.000000000
3053 0.500000000 0.500000000 0.000000000
3054 0.500000000 0.500000000 0.000000000
3055 0.500000000 0.500000000 0.000000000
3056 0.500000000 0.500000000 0.000000000
3057 0.500000000 0.500000000 0.000000000
3058 0.500000000 0.500000000 0.000000000
3059 0.500000000 0.500000000 0.000000000
3060 0.500000000 0.500000000 0.000000000
3061 0.500000000 0.500000000 0.000000000
3062 0.500000000 0.500000000 0.000000000
3063 0.000000000 1.000000000 0.000000000
3064 0.500000000 0.500000000 0.000000000
3065 0.500000000 0.500000000 0.000000000
3066 0.500000000 0.500000000 0.000000000
3067 0.500000000 0.500000000 0.000000000
3068 0.761944354 0.238055646 0.000000000
3069 0.599070370 0.400929600 0.000000000
3070 0.958729863 0.041270118 0.000000000
3071 0.787119925 0.212880045 0.000000000
3072 0.973980129 0.026019888 0.000000000
3073 0.975774705 0.024225287 0.000000000
3074 0.992252171 0.007747842 0.000000000
3075 0.976701498 0.023298495 0.000000000
3076 0.985912085 0.014087912 0.000000000
3077 0.000000000 1.000000000 0.000000000
3078 0.783258498 0.216741502 0.000000000
3079 0.596466899 0.403533071 0.000000000
3080 0.217391312 0.782608688 0.000000000
3081 0.469979137 0.530020893 0.000000000
3082 0.568427742 0.431572229 0.000000000
3083 0.634813011 0.365186989 0.000000000
3084 0.382214457 0.617785513 0.000000000
3085 0.697005153 0.302994847 0.000000000
3086 0.510521472 0.489478528 0.000000000
3087 0.530226290 0.469773740 0.000000000
3088 0.646290362 0.353709608 0.000000000
3089 0.551805019 0.448194951 0.000000000
3090 0.786553979 0.213446021 0.000000000
3091 0.000000000 1.000000000 0.000000000
3092 0.232551098 0.767448902 0.000000000
3093 0.153336197 0.846663773 0.000000000
3094 0.299003929 0.700996101 0.000000000
3095 0.323805958 0.676194072 0.000000000
3096 0.509240568 0.490759432 0.000000000
3097 0.199388191 0.800611794 0.000000000
3098 0.601190686 0.398809344 0.000000000
3099 0.409159482 0.590840518 0.000000000
3100 0.466120183 0.533879817 0.000000000
3101 0.451526970 0.548473060 0.000000000
3102 0.349016458 0.650983512 0.000000000
3103 0.608006775 0.391993254 0.000000000
3104 0.555116117 0.444883883 0.000000000
3105 0.000000000 1.000000000 0.000000000
3106 0.113002896 0.886997104 0.000000000
3107 0.000000000 1.000000000 0.000000000
3108 0.000000000 1.000000000 0.000000000
3109 0.000000000 1.000000000 0.000000000
3110 0.000000000 1.000000000 0.000000000
3111 0.000000000 1.000000000 0.000000000
3112 0.000000000 1.000000000 0.000000000
3113 0.000000000 1.000000000 0.000000000
3114 0.000000000 1.000000000 0.000000000
3115 0.000000000 1.000000000 0.000000000
3116 0.000000000 1.000000000 0.000000000
3117 0.000000000 1.000000000 0.000000000
3118 0.014520509 0.985479474 0.000000000
3119 0.000000000 1.000000000 0.000000000
3120 0.000000000 0.241872534 0.758127451
3121 0.000000000 0.452148944 0.547851086
3122 0.000000000 0.413756222 0.586243808
3123 0.000000000 0.452148944 0.547851086
3124 0.000000000 0.452148944 0.547851086
3125 0.000000000 0.413756222 0.586243808
3126 0.000000000 0.413756222 0.586243808
3127 0.000000000 0.413756222 0.586243808
3128 0.000000000 0.413756222 0.586243808
3129 0.000000000 0.452148944 0.547851086
3130 0.000000000 0.452148944 0.547851086
3131 0.000000000 0.452148944 0.547851086
3132 0.000000000 0.452148944 0.547851086
3133 0.000000000 0.064335115 0.935664892
3134 0.000000000 0.265171289 0.734828711
3135 0.000000000 0.255850673 0.744149327
3136 0.000000000 0.224209681 0.775790334
3137 0.000000000 0.159874573 0.840125442
3138 0.000000000 0.159874678 0.840125322
3139 0.000000000 0.163163021 0.836836994
3140 0.000000000 0.224209681 0.775790334
3141 0.000000000 0.159874573 0.840125442
3142 0.000000000 0.224209681 0.775790334
3143 0.000000000 0.233304441 0.766695559
3144 0.000000000 0.224209681 0.775790334
3145 0.000000000 0.250396520 0.749603510
3146 0.000000000 0.043616615 0.956383407
3147 0.000000000 0.044640467 0.955359519
3148 0.000000000 0.158565328 0.841434658
3149 0.000000000 0.022145931 0.977854073
3150 0.000000000 0.002231230 0.997768760
3151 0.000000000 0.005574995 0.994424999
3152 0.000000000 0.009717119 0.990282893
3153 0.000000000 0.000000144 0.999999881
3154 0.000000000 0.001912902 0.998087108
3155 0.000000000 0.043605559 0.956394434
3156 0.000000000 0.000000000 1.000000000
3157 0.000000000 0.043605704 0.956394315
3158 0.000000000 0.001197104 0.998802900
3159 0.000000000 0.000000000 1.000000000
3160 0.000000000 0.071574442 0.928425550
3161 0.000000000 0.013277492 0.986722529
3162 0.000000000 0.000000000 1.000000000
3163 0.000000000 0.000000000 1.000000000
3164 0.000000000 0.089570828 0.910429180
3165 0.000000000 0.000000000 1.000000000
3166 0.000000000 0.000000000 1.000000000
3167 0.000000000 0.000000000 1.000000000
3168 0.000000000 0.000000000 1.000000000
3169 0.000000000 0.000000000 1.000000000
3170 0.000000000 0.000000000 1.000000000
3171 0.000000000 0.521215439 0.478784561
3172 0.000000000 0.213454992 0.786545038
3173 0.000000000 0.214638323 0.785361707
3174 0.000000000 0.235276684 0.764723301
3175 0.000000000 0.252442509 0.747557521
3176 0.000000000 0.028117130 0.971882880
3177 0.000000000 0.247641221 0.752358794
3178 0.000000000 0.128033161 0.871966839
3179 0.000000000 0.205805317 0.794194698
3180 0.000000000 0.129916504 0.870083511
3181 0.000000000 0.288773537 0.711226463
3182 0.000000000 0.236034393 0.763965607
3183 0.000000000 0.235321030 0.764678955
3184 0.000000000 0.326454073 0.673545897
3185 0.000000000 0.000000000 1.000000000
3186 0.000000000 0.009415877 0.990584135
3187 0.000000000 0.008291977 0.991708040
3188 0.000000000 0.000000000 1.000000000
3189 0.000000000 0.009707370 0.990292609
3190 0.000000000 0.897797525 0.102202453
3191 0.000000000 0.000000000 1.000000000
3192 0.000000000 0.000000000 1.000000000
3193 0.000000000 0.018056281 0.981943727
3194 0.000000000 0.000000000 1.000000000
3195 0.000000000 0.010083909 0.989916086
3196 0.000000000 0.000469946 0.999530077
3197 0.000000000 0.017610461 0.982389510
3198 0.000000000 0.764685094 0.235314876
3199 0.000000000 0.345461935 0.654538095
3200 0.000000000 0.845821679 0.154178321
3201 0.000000000 0.787952542 0.212047487
3202 0.000000000 0.855438650 0.144561335
3203 0.000000000 0.797586977 0.202413023
3204 0.000000000 0.034907680 0.965092301
3205 0.000000000 0.888641238 0.111358769
3206 0.000000000 0.338218659 0.661781371
3207 0.000000000 0.797953725 0.202046260
3208 0.000000000 0.824238181 0.175761804
3209 0.000000000 0.758310258 0.241689727
3210 0.000000000 0.484406859 0.515593171
3211 0.000000000 0.859798431 0.140201539
3212 0.000000000 0.680894315 0.319105685
3213 0.000000000 0.836240947 0.163759068
3214 0.000000000 0.862569451 0.137430549
3215 0.000000000 0.708579004 0.291420966
3216 0.000000000 0.908503473 0.091496557
3217 0.000000000 0.931074083 0.068925925
3218 0.000000000 0.622063637 0.377936333
3219 0.000000000 0.965998530 0.034001488
3220 0.000000000 0.929442048 0.070557922
3221 0.000000000 0.943767786 0.056232203
3222 0.000000000 0.815383673 0.184616327
3223 0.000000000 0.943767786 0.056232203
3224 0.000000000 0.823335648 0.176664352
3225 0.000000000 0.639789879 0.360210150
3226 0.000000000 0.807990551 0.192009479
3227 0.000000000 0.759008110 0.240991861
3228 0.000000000 0.603046894 0.396953106
3229 0.000000000 0.545678496 0.454321504
3230 0.000000000 0.474558532 0.525441468
3231 0.000000000 0.711619914 0.288380057
3232 0.000000000 0.240313083 0.759686947
3233 0.000000000 0.585947692 0.414052278
3234 0.000000000 0.548780024 0.451219976
3235 0.000000000 0.599819958 0.400180012
3236 0.000000000 0.549883246 0.450116783
3237 0.000000000 0.984893262 0.015106712
3238 0.000000000 0.942998409 0.057001598
3239 0.000000000 0.908764422 0.091235593
3240 0.000000000 0.941057086 0.058942910
3241 0.000000000 0.982025087 0.017974902
3242 0.000000000 0.959135830 0.040864199
3243 0.000000000 0.919284523 0.080715492
3244 0.000000000 0.757561564 0.242438406
3245 0.000000000 0.876343012 0.123657003
3246 0.000000000 0.405698836 0.594301164
3247 0.000000000 0.940722525 0.059277464
3248 0.000000000 0.886248887 0.113751136
3249 0.000000000 0.741838276 0.258161724
3250 0.000000000 0.903735042 0.096264988
3251 0.000000000 0.871619761 0.128380224
3252 0.000000000 0.879763544 0.120236449
3253 0.000000000 0.926383555 0.073616415
3254 0.000000000 0.800120294 0.199879721
3255 0.000000000 0.878352821 0.121647149
3256 0.000000000 0.872551143 0.127448872
3257 0.000000000 0.805619538 0.194380492
3258 0.000000000 0.842905641 0.157094359
3259 0.000000000 0.990716934 0.009283055
3260 0.000000000 0.244188637 0.755811393
3261 0.000000000 0.835954487 0.164045528
3262 0.000000000 0.769659996 0.230340004
3263 0.000000000 0.987575293 0.012424714
3264 0.000000000 0.949281752 0.050718259
3265 0.000000000 0.953246891 0.046753116
3266 0.000000000 0.924207449 0.075792566
3267 0.000000000 0.862541318 0.137458667
3268 0.000000000 0.884807885 0.115192093
3269 0.000000000 0.995714247 0.004285723
3270 0.000000000 0.903136790 0.096863210
3271 0.000000000 0.879491389 0.120508641
3272 0.000000000 0.952097535 0.047902495
3273 0.000000000 0.918749094 0.081250921
3274 0.000000000 0.284740776 0.715259254
3275 0.000000000 0.645232558 0.354767412
3276 0.000000000 0.404266953 0.595733047
3277 0.000000000 0.374218106 0.625781894
3278 0.000000000 0.294233888 0.705766141
3279 0.000000000 0.357203871 0.642796159
3280 0.000000000 0.182033658 0.817966342
3281 0.000000000 0.259657472 0.740342557
3282 0.000000000 0.283927202 0.716072798
3283 0.000000000 0.246941343 0.753058672
3284 0.000000000 0.265623182 0.734376788
3285 0.000000000 0.616172254 0.383827716
3286 0.000000000 0.359380364 0.640619636
3287 0.000000000 0.417135984 0.582864046
3288 0.000000000 0.121844217 0.878155768
3289 0.000000000 0.007927206 0.992072821
3290 0.000000000 0.100428693 0.899571300
3291 0.000000000 0.599349439 0.400650591
3292 0.000000000 0.166009814 0.833990157
3293 0.000000000 0.580935001 0.419064999
3294 0.000000000 0.240365207 0.759634793
3295 0.000000000 0.244829759 0.755170226
3296 0.000000000 0.147450954 0.852549016
3297 0.000000000 0.387883425 0.612116575
3298 0.000000000 0.160632461 0.839367509
3299 0.000000000 0.529566050 0.470433950
3300 0.000000000 0.040417708 0.959582269
3301 0.000000000 0.289804488 0.710195482
3302 0.000000000 0.240014657 0.759985328
3303 0.000000000 0.026160127 0.973839879
3304 0.000000000 0.362388730 0.637611270
3305 0.000000000 0.078338206 0.921661794
3306 0.000000000 0.811065853 0.188934147
3307 0.000000000 0.163642883 0.836357117
3308 0.000000000 0.113528334 0.886471689
3309 0.000000000 0.163456887 0.836543143
3310 0.000000000 0.106584504 0.893415511
3311 0.000000000 0.438580036 0.561419964
3312 0.000000000 0.081782483 0.918217540
3313 0.000000000 0.087602220 0.912397802
3314 0.000000000 0.233238950 0.766761065
3315 0.000000000 0.835271835 0.164728194
3316 0.000000000 0.236120611 0.763879359
3317 0.000000000 0.000000000 1.000000000
3318 0.000000000 0.207113594 0.792886436
3319 0.000000000 0.728353202 0.271646798
3320 0.000000000 0.237648845 0.762351155
3321 0.000000000 0.821218133 0.178781852
3322 0.000000000 0.223047540 0.776952446
3323 0.000000000 0.859000802 0.140999213
3324 0.000000000 0.858409703 0.141590297
3325 0.000000000 0.829874218 0.170125753
3326 0.000000000 0.166556567 0.833443463
3327 0.000000000 0.268646926 0.731353104
3328 0.000000000 0.584754348 0.415245622
3329 0.000000000 0.582514048 0.417485952
3330 0.000000000 0.807361960 0.192638025
3331 0.000000000 0.009432685 0.990567327
3332 0.000000000 0.643052042 0.356947958
3333 0.000000000 0.594217598 0.405782431
3334 0.000000000 0.607437432 0.392562598
3335 0.000000000 0.735060334 0.264939636
3336 0.000000000 0.544041574 0.455958426
3337 0.000000000 0.710572839 0.289427161
3338 0.000000000 0.795361400 0.204638630
3339 0.000000000 0.622139454 0.377860546
3340 0.000000000 0.898742974 0.101257004
3341 0.000000000 0.761995375 0.238004610
3342 0.000000000 0.625782251 0.374217749
3343 0.000000000 0.669010401 0.330989569
3344 0.000000000 0.398234457 0.601765513
3345 0.000000000 0.000000000 1.000000000
3346 0.000000000 0.623013258 0.376986742
3347 0.000000000 0.793383956 0.206616029
3348 0.000000000 0.819095790 0.180904210
3349 0.000000000 0.609919846 0.390080154
3350 0.000000000 0.797906339 0.202093676
3351 0.000000000 0.804646194 0.195353791
3352 0.000000000 0.581209123 0.418790877
3353 0.000000000 0.670784712 0.329215288
3354 0.000000000 0.596424818 0.403575182
3355 0.000000000 0.473366469 0.526633501
3356 0.000000000 0.705178499 0.294821501
3357 0.000000000 0.343474656 0.656525314
3358 0.000000000 0.656062722 0.343937278
3359 0.000000000 0.000000000 1.000000000
3360 0.000000000 0.678785682 0.321214318
3361 0.000000000 0.740920007 0.259080023
3362 0.000000000 0.712215364 0.287784606
3363 0.000000000 0.853467107 0.146532878
3364 0.000000000 0.826395988 0.173604041
3365 0.000000000 0.722179055 0.277820975
3366 0.000000000 0.886480927 0.113519058
3367 0.000000000 0.725675285 0.274324685
3368 0.000000000 0.851099491 0.148900494
3369 0.000000000 0.809775889 0.190224081
3370 0.000000000 0.824661434 0.175338551
3371 0.000000000 0.731792331 0.268207699
3372 0.000000000 0.842811406 0.157188609
3373 0.000000000 0.002588198 0.997411788
3374 0.000000000 0.879722953 0.120277047
3375 0.000000000 0.870931804 0.129068181
3376 0.000000000 0.937424898 0.062575124
3377 0.000000000 0.971639454 0.028360516
3378 0.000000000 0.849534810 0.150465190
3379 0.000000000 0.977000415 0.022999587
3380 0.000000000 0.712852657 0.287147343
3381 0.000000000 0.861947536 0.138052493
3382 0.000000000 0.904150367 0.095849633
3383 0.000000000 0.688665330 0.311334699
3384 0.000000000 0.748890877 0.251109123
3385 0.000000000 0.889758825 0.110241167
3386 0.000000000 0.651846766 0.348153234
3387 0.000000000 0.000000000 1.000000000
3388 0.000000000 0.941454589 0.058545407
3389 0.000000000 0.997165799 0.002834201
3390 0.000000000 0.999205172 0.000794822
3391 0.000000000 0.906398833 0.093601160
3392 0.000000000 0.906551123 0.093448877
3393 0.000000000 0.949829400 0.050170608
3394 0.000000000 0.953370988 0.046629027
3395 0.000000000 0.979378819 0.020621164
3396 0.000000000 0.927625954 0.072374023
3397 0.000000000 0.990254045 0.009745983
3398 0.000000000 0.927625954 0.072374023
3399 0.000000000 0.881622732 0.118377276
3400 0.000000000 0.948247135 0.051752858
3401 0.000000000 0.000917125 0.999082863
3402 0.000000000 1.000000000 0.000000000
3403 0.000000000 1.000000000 0.000000000
3404 0.000000000 0.840493023 0.159506992
3405 0.000000000 0.999570966 0.000429039
3406 0.000000000 0.953966677 0.046033300
3407 0.000000000 0.964103699 0.035896290
3408 0.000000000 0.959038317 0.040961705
3409 0.000000000 0.919367611 0.080632403
3410 0.000000000 0.954570949 0.045429051
3411 0.000000000 0.978888929 0.021111069
3412 0.000000000 0.943979263 0.056020733
3413 0.000000000 0.960275531 0.039724443
3414 0.000000000 0.953556061 0.046443932
3415 0.000000000 0.000000000 1.000000000
3416 0.000000000 0.997137070 0.002862953
3417 0.000000000 0.997785509 0.002214503
3418 0.000000000 0.998007357 0.001992637
3419 0.000000000 0.825083554 0.174916461
3420 0.000000000 0.900956571 0.099043407
3421 0.000000000 0.945324540 0.054675445
3422 0.000000000 0.889372349 0.110627681
3423 0.000000000 0.931250870 0.068749145
3424 0.000000000 0.926509321 0.073490657
3425 0.000000000 0.934170246 0.065829732
3426 0.000000000 0.956563711 0.043436315
3427 0.000000000 0.952168167 0.047831815
3428 0.000000000 0.980432630 0.019567378
3429 0.000000000 0.000000000 1.000000000
3430 0.000000000 0.912523389 0.087476611
3431 0.000000000 0.792283654 0.207716361
3432 0.000000000 0.546702743 0.453297228
3433 0.000000000 0.331276387 0.668723643
3434 0.000000000 0.623712122 0.376287878
3435 0.000000000 0.511117458 0.488882571
3436 0.000000000 0.629049957 0.370950013
3437 0.000000000 0.566618979 0.433381051
3438 0.000000000 0.673952579 0.326047391
3439 0.000000000 0.690151632 0.309848338
3440 0.000000000 0.754523098 0.245476887
3441 0.000000000 0.837096214 0.162903771
3442 0.000000000 0.623769879 0.376230121
3443 0.000000000 0.000000000 1.000000000
3444 0.000000000 0.384884179 0.615115821
3445 0.000000000 0.000239783 0.999760211
3446 0.000000000 0.000255893 0.999744117
3447 0.000000000 0.000186117 0.999813855
3448 0.000000000 0.000234535 0.999765456
3449 0.000000000 0.000481036 0.999518991
3450 0.000000000 0.000258421 0.999741554
3451 0.000000000 0.000336690 0.999663293
3452 0.000000000 0.000237247 0.999762774
3453 0.000000000 0.000226982 0.999773026
3454 0.000000000 0.000297542 0.999702454
3455 0.000000000 0.000300463 0.999699533
3456 0.000000000 0.000170694 0.999829292
3457 0.000000000 0.000101928 0.999898076
3458 0.000000000 0.000000000 1.000000000
3459 1.000000000 0.000000000 0.000000000
3460 0.995658815 0.000000000 0.004341182
3461 1.000000000 0.000000000 0.000000000
3462 1.000000000 0.000000000 0.000000000
3463 0.997962356 0.002037627 0.000000000
3464 1.000000000 0.000000000 0.000000000
3465 1.000000000 0.000000000 0.000000000
3466 1.000000000 0.000000000 0.000000000
3467 1.000000000 0.000000000 0.000000000
3468 0.999934435 0.000065547 0.000000000
3469 1.000000000 0.000000000 0.000000000
3470 1.000000000 0.000000000 0.000000000
3471 0.956802964 0.000000000 0.043197058
3472 0.000000000 0.003912390 0.996087611
3473 0.985953748 0.000000000 0.014046259
3474 0.992219806 0.000000000 0.007780190
3475 0.981996655 0.000000000 0.018003367
3476 0.979859114 0.006387302 0.013753591
3477 0.987873256 0.005330938 0.006795790
3478 0.989255011 0.001503327 0.009241686
3479 0.990235329 0.000000000 0.009764659
3480 0.996161759 0.000000000 0.003838234
3481 0.984425366 0.001919342 0.013655288
3482 1.000000000 0.000000000 0.000000000
3483 0.995973110 0.000000000 0.004026899
3484 1.000000000 0.000000000 0.000000000
3485 1.000000000 0.000000000 0.000000000
3486 0.000000000 0.000000000 1.000000000
3487 0.996278584 0.000000000 0.003721412
3488 0.996251106 0.000000000 0.003748900
3489 0.991225183 0.006786226 0.001988614
3490 0.993797481 0.006202536 0.000000000
3491 0.995303750 0.001455518 0.003240749
3492 0.995703280 0.000000000 0.004296712
3493 0.999294281 0.000705719 0.000000000
3494 0.992012978 0.004118545 0.003868477
3495 0.997469783 0.000000000 0.002530246
3496 0.997367501 0.002632475 0.000000000
3497 0.892956793 0.104481049 0.002562136
3498 0.996428370 0.000473835 0.003097798
3499 0.973346233 0.000501558 0.026152188
3500 0.000009002 0.000505412 0.999485612
3501 0.995094121 0.000000000 0.004905880
3502 0.849642456 0.021989606 0.128367946
3503 0.864064217 0.002259145 0.133676648
3504 0.887024343 0.069165803 0.043809831
3505 0.955933273 0.000243510 0.043823212
3506 0.957871377 0.000000000 0.042128611
3507 0.937680483 0.001325401 0.060994126
3508 0.910308182 0.001011731 0.088680089
3509 0.918561637 0.000417237 0.081021130
3510 0.813966751 0.133414537 0.052618690
3511 0.824572802 0.128990844 0.046436340
3512 0.925410748 0.056410335 0.018178945
3513 0.839652061 0.096926227 0.063421711
3514 0.000000000 0.000000000 1.000000000
3515 0.810146928 0.034225874 0.155627206
3516 0.667657375 0.030525729 0.301816881
3517 0.815645576 0.036170896 0.148183525
3518 0.821400881 0.025971826 0.152627274
3519 0.825999022 0.026495494 0.147505462
3520 0.817501307 0.038297955 0.144200727
3521 0.834623456 0.041249949 0.124126591
3522 0.688135505 0.045055501 0.266808987
3523 0.793634713 0.060595896 0.145769373
3524 0.813570559 0.010417838 0.176011577
3525 0.837672055 0.003434764 0.158893153
3526 0.831424713 0.000000000 0.168575287
3527 0.833258152 0.000620669 0.166121200
3528 0.000000000 0.000000000 1.000000000
3529 0.671689808 0.021236641 0.307073534
3530 0.802709162 0.007898452 0.189392373
3531 0.777806699 0.030604811 0.191588476
3532 0.822483540 0.000207478 0.177308962
3533 0.839722872 0.011874077 0.148403034
3534 0.969499052 0.014058317 0.016442627
3535 0.962150216 0.032502014 0.005347756
3536 0.718222916 0.170598194 0.111178868
3537 0.896223426 0.007565279 0.096211292
3538 0.753761590 0.126437798 0.119800635
3539 0.851357400 0.067394786 0.081247829
3540 0.867038965 0.049848780 0.083112277
3541 0.904894769 0.048463129 0.046642102
3542 0.000000705 0.001693271 0.998306036
3543 0.803882718 0.092419878 0.103697389
3544 0.846461475 0.072334006 0.081204526
3545 0.894670784 0.039292432 0.066036776
3546 0.756817460 0.157380298 0.085802265
3547 0.797548532 0.198845685 0.003605793
3548 0.814761460 0.172580659 0.012657907
3549 0.735693991 0.129044816 0.135261208
3550 0.777113020 0.099381931 0.123505063
3551 0.686645329 0.077022679 0.236331969
3552 0.750236690 0.114637524 0.135125756
3553 0.690654755 0.114182673 0.195162579
3554 0.816561937 0.115548074 0.067889981
3555 0.781286836 0.102071702 0.116641469
3556 0.000000000 0.000000000 1.000000000
3557 0.685050249 0.120242774 0.194706991
3558 0.793928206 0.068915144 0.137156636
3559 0.769083679 0.075720042 0.155196279
3560 0.786529899 0.133171156 0.080298960
3561 0.870635211 0.076098315 0.053266499
3562 0.835265934 0.093589336 0.071144730
3563 0.825564206 0.072289072 0.102146700
3564 0.866511166 0.058464061 0.075024784
3565 0.845149040 0.061187729 0.093663201
3566 0.861126184 0.056651864 0.082221963
3567 0.878582478 0.062778741 0.058638804
3568 0.841235995 0.073780157 0.084983841
3569 0.870942652 0.047272887 0.081784472
3570 0.000000000 0.000702402 0.999297619
3571 0.855037212 0.078292094 0.066670671
3572 0.835936189 0.062459052 0.101604760
3573 0.908645153 0.060579572 0.030775301
3574 0.775993466 0.209249586 0.014756948
3575 0.481878549 0.432962954 0.085158490
3576 0.544503152 0.347708255 0.107788578
3577 0.555654764 0.288875878 0.155469313
3578 0.572729409 0.323672265 0.103598341
3579 0.596353769 0.308483362 0.095162831
3580 0.628589213 0.282476783 0.088934034
3581 0.533025205 0.345094681 0.121880114
3582 0.673735976 0.223462954 0.102801040
3583 0.598986983 0.329181612 0.071831428
3584 0.000000000 0.000000000 1.000000000
3585 0.498012245 0.414626688 0.087361075
3586 0.605677009 0.340486795 0.053836200
3587 0.671671569 0.318267375 0.010061044
3588 0.180983081 0.724218309 0.094798580
3589 0.266045362 0.591463983 0.142490685
3590 0.246885017 0.512300789 0.240814164
3591 0.222400635 0.612297118 0.165302232
3592 0.266512483 0.519460082 0.214027479
3593 0.230927363 0.552536607 0.216536015
3594 0.322522670 0.511775315 0.165702015
3595 0.275792658 0.501323342 0.222883984
3596 0.265814871 0.631424904 0.102760233
3597 0.357658058 0.612736881 0.029605046
3598 0.000000000 0.000000000 1.000000000
3599 0.284051567 0.580833197 0.135115206
3600 0.233544543 0.738205016 0.028250424
3601 0.050400205 0.816623211 0.132976577
3602 0.068401605 0.800300062 0.131298363
3603 0.140905634 0.706208229 0.152886122
3604 0.036801882 0.822957039 0.140241101
3605 0.136217505 0.682301521 0.181480989
3606 0.036539171 0.826267898 0.137192905
3607 0.074710742 0.749967039 0.175322235
3608 0.098707855 0.731935382 0.169356734
3609 0.050349992 0.880189240 0.069460794
3610 0.125832170 0.799416184 0.074751616
3611 0.059084877 0.875556588 0.065358512
3612 0.000000000 0.000221804 0.999778211
3613 0.004301216 0.868801355 0.126897424
3614 0.000005696 0.118032910 0.881961405
3615 0.000003006 0.046353389 0.953643620
3616 0.000000284 0.305601805 0.694397926
3617 0.000006006 0.137223363 0.862770617
3618 0.000005298 0.141531557 0.858463168
3619 0.000004921 0.066079803 0.933915257
3620 0.000000000 0.107006244 0.892993748
3621 0.000001161 0.309615999 0.690382838
3622 0.000002436 0.253218651 0.746778905
3623 0.000000000 0.252126604 0.747873425
3624 0.000001281 0.336489171 0.663509548
3625 0.000000000 0.373319924 0.626680076
3626 0.000000000 0.000068707 0.999931276
3627 0.000000000 0.000000000 1.000000000
3628 1.000000000 0.000000000 0.000000000
3629 1.000000000 0.000000000 0.000000000
3630 1.000000000 0.000000000 0.000000000
3631 1.000000000 0.000000000 0.000000000
3632 1.000000000 0.000000000 0.000000000
3633 1.000000000 0.000000000 0.000000000
3634 1.000000000 0.000000000 0.000000000
3635 1.000000000 0.000000000 0.000000000
3636 1.000000000 0.000000000 0.000000000
3637 1.000000000 0.000000000 0.000000000
3638 1.000000000 0.000000000 0.000000000
3639 1.000000000 0.000000000 0.000000000
3640 1.000000000 0.000000000 0.000000000
3641 0.000000000 0.000000000 1.000000000
3642 1.000000000 0.000000000 0.000000000
3643 1.000000000 0.000000000 0.000000000
3644 1.000000000 0.000000000 0.000000000
3645 0.999999404 0.000000021 0.000000558
3646 1.000000000 0.000000000 0.000000000
3647 1.000000000 0.000000000 0.000000000
3648 1.000000000 0.000000000 0.000000000
3649 1.000000000 0.000000000 0.000000000
3650 1.000000000 0.000000000 0.000000000
3651 1.000000000 0.000000000 0.000000000
3652 1.000000000 0.000000000 0.000000000
3653 0.999869466 0.000017900 0.000112636
3654 0.986301303 0.001990309 0.011708396
3655 0.000000000 0.000000000 1.000000000
3656 0.996287644 0.000220041 0.003492312
3657 0.963351309 0.003257895 0.033390783
3658 0.812679112 0.084864669 0.102456242
3659 1.000000000 0.000000000 0.000000000
3660 0.171957985 0.033360656 0.794681370
3661 1.000000000 0.000000000 0.000000000
3662 0.999988496 0.000000573 0.000010916
3663 0.333333343 0.333333343 0.333333343
3664 0.999986410 0.000000756 0.000012804
3665 0.889131725 0.053675160 0.057193134
3666 0.333333343 0.333333343 0.333333343
3667 0.349552810 0.025817823 0.624629378
3668 0.515551269 0.183062017 0.301386684
3669 0.333333343 0.333333343 0.333333343
3670 0.333333343 0.333333343 0.333333343
3671 0.665166378 0.203175470 0.131658122
3672 0.333333343 0.333333343 0.333333343
3673 0.333333343 0.333333343 0.333333343
3674 0.333333343 0.333333343 0.333333343
3675 0.333333343 0.333333343 0.333333343
3676 0.333333343 0.333333343 0.333333343
3677 0.333333343 0.333333343 0.333333343
3678 0.863898933 0.113054506 0.023046581
3679 1.000000000 0.000000000 0.000000000
3680 1.000000000 0.000000000 0.000000000
3681 1.000000000 0.000000000 0.000000000
3682 1.000000000 0.000000000 0.000000000
3683 0.000000000 0.000000000 1.000000000
3684 1.000000000 0.000000000 0.000000000
3685 1.000000000 0.000000000 0.000000000
3686 1.000000000 0.000000000 0.000000000
3687 1.000000000 0.000000000 0.000000000
3688 1.000000000 0.000000000 0.000000000
3689 1.000000000 0.000000000 0.000000000
3690 1.000000000 0.000000000 0.000000000
3691 0.999618530 0.000381477 0.000000000
3692 0.333333343 0.333333343 0.333333343
3693 0.647569954 0.160643876 0.191786140
3694 0.387924105 0.383310169 0.228765741
3695 0.333333343 0.333333343 0.333333343
3696 0.605017900 0.244235530 0.150746554
3697 0.000000000 0.000000000 1.000000000
3698 0.333333343 0.333333343 0.333333343
3699 0.333333343 0.333333343 0.333333343
3700 0.846337795 0.153662220 0.000000000
3701 0.333333343 0.333333343 0.333333343
3702 0.904982269 0.095017716 0.000000000
3703 0.956863403 0.043136578 0.000000000
3704 0.774813592 0.225186422 0.000000000
3705 0.961030900 0.012496122 0.026472980
3706 0.804512322 0.081028000 0.114459656
3707 0.912673891 0.051163342 0.036162749
3708 0.941239476 0.029321743 0.029438756
3709 0.927582979 0.040625881 0.031791151
3710 0.928568304 0.044423539 0.027008176
3711 0.000000000 0.000000000 1.000000000
3712 0.941301346 0.016207442 0.042491224
3713 0.762960613 0.151930898 0.085108481
3714 0.954047740 0.019323256 0.026629012
3715 0.930061221 0.042714667 0.027224122
3716 0.961674750 0.032444078 0.005881163
3717 0.802183568 0.162492856 0.035323571
3718 0.993487835 0.006512148 0.000000000
3719 0.641573012 0.358427018 0.000000000
3720 0.955761194 0.044238817 0.000000000
3721 1.000000000 0.000000000 0.000000000
3722 0.975004792 0.018740943 0.006254267
3723 0.646420419 0.353579551 0.000000000
3724 0.993423402 0.006576619 0.000000000
3725 0.000000000 0.000000000 1.000000000
3726 0.519174039 0.457812756 0.023013193
3727 0.902324617 0.097675368 0.000000000
3728 0.892727971 0.107272021 0.000000000
3729 0.825400293 0.156449199 0.018150531
3730 0.870173395 0.129826605 0.000000000
3731 0.859859586 0.139572665 0.000567729
3732 0.687281013 0.309924245 0.002794710
3733 0.722360253 0.274379581 0.003260158
3734 0.887805581 0.111902595 0.000291840
3735 0.796280921 0.201447129 0.002271946
3736 0.903697848 0.094488852 0.001813294
3737 0.538623750 0.457689464 0.003686808
3738 0.772520542 0.227280810 0.000198666
3739 0.000000000 0.000000000 1.000000000
3740 0.874060392 0.125860825 0.000078766
3741 0.966361761 0.033234008 0.000404259
3742 0.632239938 0.365914226 0.001845829
3743 0.541070044 0.457671672 0.001258288
3744 0.839768231 0.156829998 0.003401750
3745 0.803422630 0.189910382 0.006666984
3746 0.749153972 0.247592404 0.003253647
3747 0.921168864 0.074576922 0.004254209
3748 0.902317464 0.092454277 0.005228284
3749 0.787324190 0.210029230 0.002646609
3750 0.772510588 0.226453990 0.001035431
3751 0.811078012 0.184479088 0.004442885
3752 0.870805323 0.119889796 0.009304872
3753 0.000000000 0.000066221 0.999933779
3754 0.832127094 0.162889957 0.004982949
3755 0.762513399 0.236989513 0.000497115
3756 0.626911342 0.371607214 0.001481467
3757 0.442394197 0.556834102 0.000771704
3758 0.491128623 0.506174564 0.002696819
3759 0.414278865 0.584589064 0.001132099
3760 0.455725878 0.544274092 0.000000000
3761 0.449329734 0.548284113 0.002386183
3762 0.425485671 0.573453307 0.001060993
3763 0.493987143 0.498882681 0.007130151
3764 0.635015666 0.364984334 0.000000000
3765 0.651525438 0.343020618 0.005453927
3766 0.744773090 0.252811372 0.002415539
3767 0.000000000 0.000000000 1.000000000
3768 0.316668004 0.677555323 0.005776654
3769 0.317505687 0.675754666 0.006739659
3770 0.000000000 0.999157190 0.000842799
3771 0.045092672 0.948753238 0.006154094
3772 0.000895184 0.998595119 0.000509673
3773 0.000000000 0.999766111 0.000233908
3774 0.036822382 0.962565541 0.000612076
3775 0.000943312 0.998517632 0.000539036
3776 0.031400714 0.968159974 0.000439326
3777 0.000000000 1.000000000 0.000000000
3778 0.027127679 0.971547782 0.001324558
3779 0.158367664 0.841466069 0.000166290
3780 0.046881165 0.952797353 0.000321483
3781 0.000000000 0.025707521 0.974292457
3782 0.000000000 0.997401595 0.002598376
3783 0.000000000 0.095346622 0.904653370
3784 0.000000000 0.183516085 0.816483915
3785 0.000000000 0.036556304 0.963443696
3786 0.000000000 0.127091408 0.872908592
3787 0.000000000 0.053032417 0.946967602
3788 0.000000000 0.051602129 0.948397875
3789 0.000000000 0.020089705 0.979910314
3790 0.000000000 0.169382468 0.830617547
3791 0.000000000 0.166124195 0.833875775
3792 0.000000000 0.578875721 0.421124279
3793 0.000000000 0.436826289 0.563173711
3794 0.000000000 0.725637555 0.274362445
3795 0.000000000 0.000303743 0.999696255
3796 0.000000000 1.000000000 0.000000000
3797 1.000000000 0.000000000 0.000000000
3798 1.000000000 0.000000000 0.000000000
3799 1.000000000 0.000000000 0.000000000
3800 1.000000000 0.000000000 0.000000000
3801 1.000000000 0.000000000 0.000000000
3802 1.000000000 0.000000000 0.000000000
3803 0.999997199 0.000002803 0.000000000
3804 1.000000000 0.000000000 0.000000000
3805 1.000000000 0.000000000 0.000000000
3806 1.000000000 0.000000000 0.000000000
3807 1.000000000 0.000000000 0.000000000
3808 1.000000000 0.000000000 0.000000000
3809 0.999999046 0.000000945 0.000000000
3810 0.000000000 1.000000000 0.000000000
3811 0.999999642 0.000000375 0.000000000
3812 0.999999166 0.000000808 0.000000000
3813 1.000000000 0.000000000 0.000000000
3814 1.000000000 0.000000000 0.000000000
3815 0.999999762 0.000000241 0.000000000
3816 0.999999404 0.000000568 0.000000000
3817 1.000000000 0.000000000 0.000000000
3818 0.999999285 0.000000722 0.000000000
3819 0.999999702 0.000000305 0.000000000
3820 0.999999881 0.000000128 0.000000000
3821 0.999999940 0.000000062 0.000000000
3822 0.999997973 0.000001997 0.000000000
3823 1.000000000 0.000000000 0.000000000
3824 0.000000000 1.000000000 0.000000000
3825 0.999998689 0.000001298 0.000000000
3826 1.000000000 0.000000000 0.000000000
3827 0.999999821 0.000000205 0.000000000
3828 0.999998212 0.000001773 0.000000000
3829 0.999998629 0.000001354 0.000000000
3830 1.000000000 0.000000000 0.000000000
3831 0.999998391 0.000001599 0.000000000
3832 0.999999225 0.000000759 0.000000000
3833 0.999997437 0.000002557 0.000000000
3834 0.999998510 0.000001484 0.000000000
3835 1.000000000 0.000000000 0.000000000
3836 1.000000000 0.000000000 0.000000000
3837 1.000000000 0.000000000 0.000000000
3838 0.000000000 1.000000000 0.000000000
3839 1.000000000 0.000000000 0.000000000
3840 1.000000000 0.000000000 0.000000000
3841 1.000000000 0.000000000 0.000000000
3842 1.000000000 0.000000000 0.000000000
3843 1.000000000 0.000000000 0.000000000
3844 1.000000000 0.000000000 0.000000000
3845 1.000000000 0.000000000 0.000000000
3846 1.000000000 0.000000000 0.000000000
3847 1.000000000 0.000000000 0.000000000
3848 1.000000000 0.000000000 0.000000000
3849 1.000000000 0.000000000 0.000000000
3850 1.000000000 0.000000000 0.000000000
3851 1.000000000 0.000000000 0.000000000
3852 0.000000000 1.000000000 0.000000000
3853 1.000000000 0.000000000 0.000000000
3854 1.000000000 0.000000000 0.000000000
3855 1.000000000 0.000000000 0.000000000
3856 1.000000000 0.000000000 0.000000000
3857 1.000000000 0.000000000 0.000000000
3858 1.000000000 0.000000000 0.000000000
3859 1.000000000 0.000000000 0.000000000
3860 1.000000000 0.000000000 0.000000000
3861 1.000000000 0.000000000 0.000000000
3862 0.999903202 0.000096827 0.000000000
3863 0.999903262 0.000096718 0.000000000
3864 1.000000000 0.000000000 0.000000000
3865 1.000000000 0.000000000 0.000000000
3866 0.000000000 1.000000000 0.000000000
3867 1.000000000 0.000000000 0.000000000
3868 1.000000000 0.000000000 0.000000000
3869 0.999902308 0.000097679 0.000000000
3870 1.000000000 0.000000000 0.000000000
3871 1.000000000 0.000000000 0.000000000
3872 0.999904037 0.000095961 0.000000000
3873 1.000000000 0.000000000 0.000000000
3874 1.000000000 0.000000000 0.000000000
3875 1.000000000 0.000000000 0.000000000
3876 0.999435425 0.000564576 0.000000000
3877 0.897277534 0.102722451 0.000000000
3878 1.000000000 0.000000000 0.000000000
3879 0.657775402 0.342224628 0.000000000
3880 0.000000000 1.000000000 0.000000000
3881 0.999917269 0.000082760 0.000000000
3882 0.999868453 0.000131532 0.000000000
3883 0.999981999 0.000017976 0.000000000
3884 1.000000000 0.000000000 0.000000000
3885 0.999639869 0.000360153 0.000000000
3886 1.000000000 0.000000000 0.000000000
3887 0.598918796 0.401081204 0.000000000
3888 0.823781908 0.176218107 0.000000000
3889 0.656616271 0.343383729 0.000000000
3890 0.590831876 0.409168154 0.000000000
3891 0.822248340 0.177751660 0.000000000
3892 0.385417283 0.614582717 0.000000000
3893 0.184164733 0.815835297 0.000000000
3894 0.000000000 1.000000000 0.000000000
3895 0.000000000 1.000000000 0.000000000
3896 0.203034908 0.796965063 0.000000000
3897 0.000000000 1.000000000 0.000000000
3898 0.775574803 0.224425197 0.000000000
3899 0.000000000 1.000000000 0.000000000
3900 0.988252461 0.011747522 0.000000000
3901 0.992498517 0.007501480 0.000000000
3902 0.969783545 0.030216442 0.000000000
3903 0.988787532 0.011212450 0.000000000
3904 0.995656788 0.004343223 0.000000000
3905 0.995037198 0.004962780 0.000000000
3906 0.997187436 0.002812577 0.000000000
3907 0.990921140 0.009078871 0.000000000
3908 0.000000000 1.000000000 0.000000000
3909 0.993476927 0.006523069 0.000000000
3910 0.994640648 0.005359373 0.000000000
3911 0.996014416 0.003985567 0.000000000
3912 0.993589580 0.006410408 0.000000000
3913 0.829379857 0.170620114 0.000000000
3914 0.962674975 0.037325040 0.000000000
3915 0.934907317 0.065092698 0.000000000
3916 0.932263374 0.067736626 0.000000000
3917 0.803448856 0.196551144 0.000000000
3918 0.782380581 0.217619449 0.000000000
3919 0.953777850 0.046222165 0.000000000
3920 0.978943050 0.021056967 0.000000000
3921 1.000000000 0.000000000 0.000000000
3922 0.000000000 1.000000000 0.000000000
3923 0.825261235 0.174738795 0.000000000
3924 0.824662566 0.175337419 0.000000000
3925 0.934873343 0.065126643 0.000000000
3926 0.876376510 0.123623498 0.000000000
3927 0.807515919 0.192484096 0.000000000
3928 0.918084323 0.081915691 0.000000000
3929 0.877251387 0.122748628 0.000000000
3930 0.802670002 0.197329968 0.000000000
3931 0.749037862 0.250962138 0.000000000
3932 0.691042364 0.308957666 0.000000000
3933 0.864012361 0.135987625 0.000000000
3934 0.984332681 0.015667336 0.000000000
3935 0.593877077 0.406122893 0.000000000
3936 0.000000000 1.000000000 0.000000000
3937 0.921108723 0.078891300 0.000000000
3938 0.411244571 0.588755429 0.000000000
3939 0.000000000 1.000000000 0.000000000
3940 0.745083034 0.254916966 0.000000000
3941 0.183726788 0.816273212 0.000000000
3942 0.921992779 0.078007221 0.000000000
3943 0.616041601 0.383958399 0.000000000
3944 0.328054756 0.671945214 0.000000000
3945 0.000000000 1.000000000 0.000000000
3946 0.404445440 0.595554531 0.000000000
3947 0.860005915 0.139994100 0.000000000
3948 0.900583386 0.099416606 0.000000000
3949 0.947253227 0.052746765 0.000000000
3950 0.000000000 1.000000000 0.000000000
3951 0.249975890 0.750024080 0.000000000
3952 0.000000000 1.000000000 0.000000000
3953 0.000000000 1.000000000 0.000000000
3954 0.000000000 1.000000000 0.000000000
3955 0.000000000 1.000000000 0.000000000
3956 0.000000000 1.000000000 0.000000000
3957 0.000000000 1.000000000 0.000000000
3958 0.000000000 1.000000000 0.000000000
3959 0.000000000 1.000000000 0.000000000
3960 0.000000000 1.000000000 0.000000000
3961 0.000000000 1.000000000 0.000000000
3962 0.000000000 1.000000000 0.000000000
3963 0.000000000 1.000000000 0.000000000
3964 0.000000000 1.000000000 0.000000000
3965 0.000000000 1.000000000 0.000000000
3966 1.000000000 0.000000000 0.000000000
3967 1.000000000 0.000000000 0.000000000
3968 1.000000000 0.000000000 0.000000000
3969 1.000000000 0.000000000 0.000000000
3970 1.000000000 0.000000000 0.000000000
3971 1.000000000 0.000000000 0.000000000
3972 1.000000000 0.000000000 0.000000000
3973 1.000000000 0.000000000 0.000000000
3974 1.000000000 0.000000000 0.000000000
3975 1.000000000 0.000000000 0.000000000
3976 1.000000000 0.000000000 0.000000000
3977 1.000000000 0.000000000 0.000000000
3978 1.000000000 0.000000000 0.000000000
3979 0.000000000 1.000000000 0.000000000
3980 1.000000000 0.000000000 0.000000000
3981 1.000000000 0.000000000 0.000000000
3982 1.000000000 0.000000000 0.000000000
3983 1.000000000 0.000000000 0.000000000
3984 1.000000000 0.000000000 0.000000000
3985 1.000000000 0.000000000 0.000000000
3986 1.000000000 0.000000000 0.000000000
3987 1.000000000 0.000000000 0.000000000
3988 1.000000000 0.000000000 0.000000000
3989 1.000000000 0.000000000 0.000000000
3990 1.000000000 0.000000000 0.000000000
3991 1.000000000 0.000000000 0.000000000
3992 1.000000000 0.000000000 0.000000000
3993 0.000000000 1.000000000 0.000000000
3994 1.000000000 0.000000000 0.000000000
3995 1.000000000 0.000000000 0.000000000
3996 1.000000000 0.000000000 0.000000000
3997 1.000000000 0.000000000 0.000000000
3998 1.000000000 0.000000000 0.000000000
3999 1.000000000 0.000000000 0.000000000
4000 1.000000000 0.000000000 0.000000000
4001 1.000000000 0.000000000 0.000000000
4002 1.000000000 0.000000000 0.000000000
4003 1.000000000 0.000000000 0.000000000
4004 1.000000000 0.000000000 0.000000000
4005 1.000000000 0.000000000 0.000000000
4006 0.991878986 0.008121028 0.000000000
4007 0.000000000 1.000000000 0.000000000
4008 0.995830953 0.004169027 0.000000000
4009 1.000000000 0.000000000 0.000000000
4010 0.998364091 0.001635885 0.000000000
4011 1.000000000 0.000000000 0.000000000
4012 1.000000000 0.000000000 0.000000000
4013 1.000000000 0.000000000 0.000000000
4014 0.996204674 0.003795308 0.000000000
4015 1.000000000 0.000000000 0.000000000
4016 0.997242093 0.002757907 0.000000000
4017 1.000000000 0.000000000 0.000000000
4018 1.000000000 0.000000000 0.000000000
4019 1.000000000 0.000000000 0.000000000
4020 0.995587349 0.004412645 0.000000000
4021 0.000000000 1.000000000 0.000000000
4022 1.000000000 0.000000000 0.000000000
4023 0.989738345 0.010261664 0.000000000
4024 1.000000000 0.000000000 0.000000000
4025 1.000000000 0.000000000 0.000000000
4026 1.000000000 0.000000000 0.000000000
4027 0.994315982 0.005684022 0.000000000
4028 0.997303367 0.002696650 0.000000000
4029 1.000000000 0.000000000 0.000000000
4030 1.000000000 0.000000000 0.000000000
4031 1.000000000 0.000000000 0.000000000
4032 0.970090866 0.029909125 0.000000000
4033 0.994819999 0.005180004 0.000000000
4034 0.975618660 0.024381323 0.000000000
4035 0.000000000 1.000000000 0.000000000
4036 1.000000000 0.000000000 0.000000000
4037 0.993226767 0.006773226 0.000000000
4038 1.000000000 0.000000000 0.000000000
4039 1.000000000 0.000000000 0.000000000
4040 0.980122983 0.019877044 0.000000000
4041 0.989126623 0.010873380 0.000000000
4042 0.940287113 0.059712905 0.000000000
4043 0.969143987 0.030855995 0.000000000
4044 0.949936509 0.050063469 0.000000000
4045 0.867470086 0.132529929 0.000000000
4046 0.914246202 0.085753821 0.000000000
4047 0.954507530 0.045492463 0.000000000
4048 0.926260591 0.073739395 0.000000000
4049 0.000000000 1.000000000 0.000000000
4050 0.859508991 0.140490979 0.000000000
4051 1.000000000 0.000000000 0.000000000
4052 1.000000000 0.000000000 0.000000000
4053 0.754960001 0.245040014 0.000000000
4054 0.934170842 0.065829165 0.000000000
4055 0.339255422 0.660744607 0.000000000
4056 1.000000000 0.000000000 0.000000000
4057 1.000000000 0.000000000 0.000000000
4058 0.973337829 0.026662190 0.000000000
4059 0.997954786 0.002045211 0.000000000
4060 0.996663034 0.003336953 0.000000000
4061 0.996092737 0.003907270 0.000000000
4062 1.000000000 0.000000000 0.000000000
4063 0.000000000 1.000000000 0.000000000
4064 1.000000000 0.000000000 0.000000000
4065 1.000000000 0.000000000 0.000000000
4066 0.000000000 1.000000000 0.000000000
4067 0.991737723 0.008262280 0.000000000
4068 0.989843249 0.010156737 0.000000000
4069 1.000000000 0.000000000 0.000000000
4070 1.000000000 0.000000000 0.000000000
4071 1.000000000 0.000000000 0.000000000
4072 1.000000000 0.000000000 0.000000000
4073 1.000000000 0.000000000 0.000000000
4074 1.000000000 0.000000000 0.000000000
4075 1.000000000 0.000000000 0.000000000
4076 1.000000000 0.000000000 0.000000000
4077 0.000000000 1.000000000 0.000000000
4078 0.500000000 0.500000000 0.000000000
4079 0.500000000 0.500000000 0.000000000
4080 1.000000000 0.000000000 0.000000000
4081 0.000000000 1.000000000 0.000000000
4082 0.907399714 0.092600271 0.000000000
4083 0.989135861 0.010864161 0.000000000
4084 0.842577577 0.157422423 0.000000000
4085 0.823144674 0.176855341 0.000000000
4086 0.658832848 0.341167152 0.000000000
4087 0.867541313 0.132458717 0.000000000
4088 0.738141179 0.261858851 0.000000000
4089 0.988183320 0.011816685 0.000000000
4090 0.966217875 0.033782098 0.000000000
4091 0.000000000 1.000000000 0.000000000
4092 0.000000000 1.000000000 0.000000000
4093 0.643410265 0.356589764 0.000000000
4094 0.000000000 1.000000000 0.000000000
4095 0.737174451 0.262825519 0.000000000
4096 0.829162002 0.170837983 0.000000000
4097 0.090744466 0.909255505 0.000000000
4098 0.396769822 0.603230178 0.000000000
4099 0.337828130 0.662171900 0.000000000
4100 0.446209341 0.553790629 0.000000000
4101 0.021254344 0.978745639 0.000000000
4102 0.000000000 1.000000000 0.000000000
4103 0.120815881 0.879184127 0.000000000
4104 0.000000000 1.000000000 0.000000000
4105 0.000000000 1.000000000 0.000000000
4106 0.732016563 0.267983437 0.000000000
4107 0.436159402 0.563840568 0.000000000
4108 0.420884341 0.579115689 0.000000000
4109 0.329999149 0.670000851 0.000000000
4110 0.529734790 0.470265239 0.000000000
4111 0.329814553 0.670185447 0.000000000
4112 0.741935015 0.258064955 0.000000000
4113 0.641314745 0.358685225 0.000000000
4114 0.699449778 0.300550193 0.000000000
4115 0.724083245 0.275916785 0.000000000
4116 0.697933197 0.302066803 0.000000000
4117 0.495267987 0.504732013 0.000000000
4118 0.550222278 0.449777722 0.000000000
4119 0.000000000 1.000000000 0.000000000
4120 0.216423795 0.783576190 0.000000000
4121 0.000000000 1.000000000 0.000000000
4122 0.000000000 1.000000000 0.000000000
4123 0.000000000 1.000000000 0.000000000
4124 0.000000000 1.000000000 0.000000000
4125 0.000019210 0.999980807 0.000000000
4126 0.000000000 1.000000000 0.000000000
4127 0.000000000 1.000000000 0.000000000
4128 0.000000000 1.000000000 0.000000000
4129 0.000000000 1.000000000 0.000000000
4130 0.000000000 1.000000000 0.000000000
4131 0.000000000 1.000000000 0.000000000
4132 0.000000000 1.000000000 0.000000000
4133 0.000000000 1.000000000 0.000000000
4134 0.000000000 0.254590809 0.745409191
4135 0.000000000 0.745409191 0.254590809
4136 0.000000000 0.745409191 0.254590809
4137 0.000000000 0.745409191 0.254590809
4138 0.000000000 0.745409191 0.254590809
4139 0.000000000 0.745409191 0.254590809
4140 0.000000000 0.730687797 0.269312173
4141 0.000000000 0.604916990 0.395082980
4142 0.000000000 0.745409191 0.254590809
4143 0.000000000 0.741641879 0.258358121
4144 0.000000000 0.745409191 0.254590809
4145 0.000000000 0.745409191 0.254590809
4146 0.000000000 0.745409191 0.254590809
4147 0.000000000 0.306499690 0.693500340
4148 0.000000000 0.490943104 0.509056866
4149 0.000000000 0.307882875 0.692117095
4150 0.000000000 0.549036324 0.450963676
4151 0.000000000 0.225998119 0.774001896
4152 0.000000000 0.288949430 0.711050570
4153 0.000000000 0.303555250 0.696444750
4154 0.000000000 0.222730339 0.777269661
4155 0.000000000 0.228072658 0.771927357
4156 0.000000000 0.307328343 0.692671657
4157 0.000000000 0.307229549 0.692770422
4158 0.000000000 0.455303192 0.544696808
4159 0.000000000 0.304053038 0.695946991
4160 0.000000000 0.321309716 0.678690314
4161 0.000000000 0.865933239 0.134066746
4162 0.000000000 0.258860141 0.741139889
4163 0.000000000 0.970448315 0.029551711
4164 0.000000000 0.543135107 0.456864893
4165 0.000000000 0.527842999 0.472157001
4166 0.000000000 0.335777164 0.664222836
4167 0.000000000 0.301086545 0.698913455
4168 0.000000000 0.281448662 0.718551338
4169 0.000000000 0.977867484 0.022132490
4170 0.000000000 0.881225705 0.118774310
4171 0.000000000 0.706402302 0.293597698
4172 0.000000000 0.527789176 0.472210824
4173 0.000000000 0.943014741 0.056985252
4174 0.000000000 0.571838439 0.428161591
4175 0.000000000 0.841954648 0.158045352
4176 0.000000000 0.926260531 0.073739454
4177 0.000000000 0.943298697 0.056701325
4178 0.000000000 0.465032548 0.534967422
4179 0.000000000 0.609257638 0.390742362
4180 0.000000000 0.945912838 0.054087155
4181 0.000000000 0.465524703 0.534475327
4182 0.000000000 0.943735421 0.056264594
4183 0.000000000 0.942891061 0.057108942
4184 0.000000000 0.219962895 0.780037105
4185 0.000000000 0.265208751 0.734791279
4186 0.000000000 0.988938153 0.011061830
4187 0.000000000 0.803485751 0.196514264
4188 0.000000000 0.548498273 0.451501697
4189 0.000000000 0.827121735 0.172878250
4190 0.000000000 0.622990608 0.377009392
4191 0.000000000 0.822148144 0.177851826
4192 0.000000000 0.857725024 0.142274976
4193 0.000000000 0.783990979 0.216009021
4194 0.000000000 0.738283992 0.261716008
4195 0.000000000 0.989741027 0.010258964
4196 0.000000000 0.820130825 0.179869190
4197 0.000000000 0.847806931 0.152193055
4198 0.000000000 0.857158363 0.142841667
4199 0.000000000 0.973112524 0.026887493
4200 0.000000000 0.973112524 0.026887493
4201 0.000000000 0.983664393 0.016335595
4202 0.000000000 0.841090739 0.158909261
4203 0.000000000 0.975914419 0.024085585
4204 0.000000000 0.645928562 0.354071438
4205 0.000000000 0.809463918 0.190536067
4206 0.000000000 0.969808340 0.030191651
4207 0.000000000 0.687506437 0.312493593
4208 0.000000000 0.973112524 0.026887493
4209 0.000000000 0.970419049 0.029580953
4210 0.000000000 0.977014542 0.022985447
4211 0.000000000 0.988286972 0.011713040
4212 0.000000000 0.920230687 0.079769321
4213 0.000000000 0.577878058 0.422121912
4214 0.000000000 0.758577645 0.241422370
4215 0.000000000 0.797013462 0.202986538
4216 0.000000000 0.675559103 0.324440867
4217 0.000000000 0.669811130 0.330188870
4218 0.000000000 0.252815574 0.747184455
4219 0.000000000 0.756797373 0.243202642
4220 0.000000000 0.639500260 0.360499740
4221 0.000000000 0.987332165 0.012667806
4222 0.000000000 0.778868437 0.221131533
4223 0.000000000 0.809821129 0.190178886
4224 0.000000000 0.705998659 0.294001341
4225 0.000000000 0.991988063 0.008011929
4226 0.000000000 0.898288429 0.101711541
4227 0.000000000 0.847667694 0.152332321
4228 0.000000000 0.872519791 0.127480224
4229 0.000000000 0.805218995 0.194781005
4230 0.000000000 0.733509243 0.266490728
4231 0.000000000 0.577378869 0.422621131
4232 0.000000000 0.385805428 0.614194572
4233 0.000000000 0.789016604 0.210983425
4234 0.000000000 0.871079564 0.128920466
4235 0.000000000 0.885149479 0.114850543
4236 0.000000000 0.987963915 0.012036067
4237 0.000000000 0.861963153 0.138036862
4238 0.000000000 0.992571712 0.007428263
4239 0.000000000 0.722631514 0.277368516
4240 0.000000000 0.795198560 0.204801440
4241 0.000000000 0.962686896 0.037313100
4242 0.000000000 0.981254816 0.018745203
4243 0.000000000 0.775800467 0.224199563
4244 0.000000000 0.746014714 0.253985286
4245 0.000000000 0.778353930 0.221646056
4246 0.000000000 0.493548244 0.506451786
4247 0.000000000 0.943645179 0.056354847
4248 0.000000000 0.818686306 0.181313708
4249 0.000000000 0.819497824 0.180502176
4250 0.000000000 0.822830439 0.177169591
4251 0.000000000 0.981792569 0.018207423
4252 0.000000000 0.987384260 0.012615724
4253 0.000000000 1.000000000 0.000000000
4254 0.000000000 0.998421192 0.001578823
4255 0.000000000 0.997461379 0.002538637
4256 0.000000000 0.997269213 0.002730796
4257 0.000000000 0.982638657 0.017361354
4258 0.000000000 0.997907162 0.002092818
4259 0.000000000 0.998526216 0.001473763
4260 0.000000000 0.581739008 0.418260992
4261 0.000000000 0.998526216 0.001473763
4262 0.000000000 0.991447270 0.008552731
4263 0.000000000 0.989219189 0.010780788
4264 0.000000000 0.979700446 0.020299548
4265 0.000000000 0.994572997 0.005426991
4266 0.000000000 0.994946718 0.005053266
4267 0.000000000 0.989664674 0.010335316
4268 0.000000000 0.852364004 0.147635981
4269 0.000000000 0.996191859 0.003808111
4270 0.000000000 0.872730076 0.127269924
4271 0.000000000 0.988722980 0.011277049
4272 0.000000000 0.853934288 0.146065727
4273 0.000000000 0.996139228 0.003860784
4274 0.000000000 0.485210776 0.514789224
4275 0.000000000 0.992803574 0.007196439
4276 0.000000000 0.849955916 0.150044098
4277 0.000000000 0.937819719 0.062180288
4278 0.000000000 0.950989306 0.049010675
4279 0.000000000 0.948935986 0.051064033
4280 0.000000000 0.943009496 0.056990534
4281 0.000000000 0.946172297 0.053827681
4282 0.000000000 0.952830136 0.047169864
4283 0.000000000 0.946031570 0.053968437
4284 0.000000000 0.952580810 0.047419209
4285 0.000000000 0.946031570 0.053968437
4286 0.000000000 0.949199736 0.050800242
4287 0.000000000 0.785310984 0.214688987
4288 0.000000000 0.295641750 0.704358280
4289 0.000000000 0.943135262 0.056864727
4290 0.000000000 0.593577087 0.406422883
4291 0.000000000 0.536757231 0.463242769
4292 0.000000000 0.449663550 0.550336421
4293 0.000000000 0.695780993 0.304218978
4294 0.000000000 0.479755461 0.520244539
4295 0.000000000 0.469566822 0.530433178
4296 0.000000000 0.475577831 0.524422169
4297 0.000000000 0.432494164 0.567505836
4298 0.000000000 0.356811821 0.643188179
4299 0.000000000 0.728403568 0.271596432
4300 0.000000000 0.563782096 0.436217904
4301 0.000000000 0.683209419 0.316790551
4302 0.000000000 0.247534022 0.752465963
4303 0.000000000 0.000000000 1.000000000
4304 0.000000000 0.000000000 1.000000000
4305 0.000000000 0.000000000 1.000000000
4306 0.000000000 0.000000000 1.000000000
4307 0.000000000 0.000000000 1.000000000
4308 0.000000000 0.000000000 1.000000000
4309 0.000000000 0.000000000 1.000000000
4310 0.000000000 0.000000000 1.000000000
4311 0.000000000 0.000000000 1.000000000
4312 0.000000000 0.000000000 1.000000000
4313 0.000000000 0.000000000 1.000000000
4314 0.000000000 0.000000000 1.000000000
4315 0.000000000 0.000000000 1.000000000
4316 0.000000000 0.000000000 1.000000000
4317 0.000000000 0.000000000 1.000000000
4318 0.000000000 0.000000000 1.000000000
4319 0.000000000 0.000000000 1.000000000
4320 0.000000000 0.000000000 1.000000000
4321 0.000000000 0.020293057 0.979706943
4322 0.000000000 0.000000000 1.000000000
4323 0.000000000 0.000000000 1.000000000
4324 0.000000000 0.000000000 1.000000000
4325 0.000000000 0.000000000 1.000000000
4326 0.000000000 0.002404164 0.997595847
4327 0.000000000 0.000000000 1.000000000
4328 0.000000000 0.000000000 1.000000000
4329 0.000000000 0.000000000 1.000000000
4330 0.000000000 0.059236489 0.940763533
4331 0.000000000 0.000000000 1.000000000
4332 0.000000000 0.011842558 0.988157451
4333 0.000000000 0.000000000 1.000000000
4334 0.000000000 0.065547787 0.934452236
4335 0.000000000 0.000000000 1.000000000
4336 0.000000000 0.000000000 1.000000000
4337 0.000000000 0.000000000 1.000000000
4338 0.000000000 0.000000000 1.000000000
4339 0.000000000 0.000779880 0.999220133
4340 0.000000000 0.000000000 1.000000000
4341 0.000000000 0.000779880 0.999220133
4342 0.000000000 0.007883603 0.992116392
4343 0.000000000 0.010562292 0.989437699
4344 0.000000000 0.005547122 0.994452894
4345 0.000000000 0.000000000 1.000000000
4346 0.000000000 0.019238906 0.980761111
4347 0.000000000 0.024421662 0.975578368
4348 0.000000000 0.018704722 0.981295288
4349 0.000000000 0.016093994 0.983906031
4350 0.000000000 0.018522918 0.981477082
4351 0.000000000 0.018425355 0.981574655
4352 0.000000000 0.024359075 0.975640953
4353 0.000000000 0.000000000 1.000000000
4354 0.000000000 0.024359075 0.975640953
4355 0.000000000 0.052049808 0.947950184
4356 0.000000000 0.126046121 0.873953879
4357 0.000000000 0.101540953 0.898459017
4358 0.000000000 0.076502629 0.923497379
4359 0.000000000 0.011287949 0.988712072
4360 0.000000000 0.142498031 0.857501984
4361 0.000000000 0.141535401 0.858464599
4362 0.000000000 0.135391772 0.864608228
4363 0.000000000 0.052189901 0.947810113
4364 0.000000000 0.029848475 0.970151544
4365 0.000000000 0.245440543 0.754559457
4366 0.000000000 0.162743494 0.837256491
4367 0.000000000 0.220270202 0.779729784
4368 0.000000000 0.694071352 0.305928648
4369 0.000000000 0.160424128 0.839575887
4370 0.000000000 0.211339220 0.788660765
4371 0.000000000 0.378578365 0.621421635
4372 0.000000000 0.290248871 0.709751129
4373 0.000000000 0.063995026 0.936004996
4374 0.000000000 0.220646098 0.779353917
4375 0.000000000 0.220646098 0.779353917
4376 0.000000000 0.232461885 0.767538130
4377 0.000000000 0.164696455 0.835303545
4378 0.000000000 0.422666758 0.577333272
4379 0.000000000 0.195274070 0.804725945
4380 0.000000000 0.597727418 0.402272612
4381 0.000000000 0.427460045 0.572539926
4382 0.000000000 0.401332557 0.598667443
4383 0.000000000 0.547002017 0.452997953
4384 0.000000000 0.703033864 0.296966106
4385 0.000000000 0.428610682 0.571389318
4386 0.000000000 0.534778416 0.465221584
4387 0.000000000 0.251026243 0.748973787
4388 0.000000000 0.299299240 0.700700760
4389 0.000000000 0.476561368 0.523438632
4390 0.000000000 0.501405835 0.498594135
4391 0.000000000 0.571438015 0.428561956
4392 0.000000000 0.507798254 0.492201716
4393 0.000000000 0.907521069 0.092478961
4394 0.000000000 0.070120484 0.929879487
4395 0.000000000 0.074486107 0.925513923
4396 0.000000000 0.088008292 0.911991715
4397 0.000000000 0.077444516 0.922555506
4398 0.000000000 0.075870208 0.924129784
4399 0.000000000 0.149070382 0.850929618
4400 0.000000000 0.154698566 0.845301449
4401 0.000000000 0.028121136 0.971878886
4402 0.000000000 0.154698566 0.845301449
4403 0.000000000 0.103002258 0.896997750
4404 0.000000000 0.539827824 0.460172176
4405 0.000000000 0.156718969 0.843281031
4406 0.000000000 0.174715877 0.825284123
4407 0.000000000 0.360714406 0.639285624
4408 0.000000000 0.441999853 0.558000147
4409 0.000000000 0.484218270 0.515781701
4410 0.000000000 0.386110753 0.613889277
4411 0.000000000 0.473977804 0.526022196
4412 0.000000000 0.473977804 0.526022196
4413 0.000000000 0.473977804 0.526022196
4414 0.000000000 0.473977804 0.526022196
4415 0.000000000 0.014762582 0.985237420
4416 0.000000000 0.473977804 0.526022196
4417 0.000000000 0.840471268 0.159528717
4418 0.000000000 0.318784893 0.681215107
4419 0.000000000 0.332166553 0.667833447
4420 0.000000000 0.823792696 0.176207304
4421 0.000000000 0.688758016 0.311242014
4422 0.000000000 0.926332712 0.073667258
4423 0.000000000 0.903597951 0.096402049
4424 0.000000000 0.882313550 0.117686458
4425 0.000000000 0.845442832 0.154557168
4426 0.000000000 0.889514446 0.110485524
4427 0.000000000 0.863291204 0.136708781
4428 0.000000000 0.842822909 0.157177061
4429 0.000000000 0.003487073 0.996512949
4430 0.000000000 0.834192872 0.165807158
4431 0.000000000 0.781795442 0.218204543
4432 0.000000000 0.857668281 0.142331704
4433 0.000000000 0.767044783 0.232955217
4434 0.000000000 0.846195877 0.153804153
4435 0.000000000 0.867848456 0.132151574
4436 0.000000000 0.871083498 0.128916517
4437 0.000000000 0.885655105 0.114344873
4438 0.000000000 0.841113567 0.158886433
4439 0.000000000 0.908604503 0.091395490
4440 0.000000000 0.949133039 0.050866976
4441 0.000000000 0.930353165 0.069646858
4442 0.000000000 0.959829390 0.040170617
4443 0.000000000 0.001180357 0.998819649
4444 0.000000000 0.581839800 0.418160200
4445 0.000000000 0.518431664 0.481568307
4446 0.000000000 0.407441616 0.592558384
4447 0.000000000 0.438755810 0.561244190
4448 0.000000000 0.527227640 0.472772330
4449 0.000000000 0.527311921 0.472688079
4450 0.000000000 0.579343081 0.420656890
4451 0.000000000 0.413382798 0.586617172
4452 0.000000000 0.563956141 0.436043888
4453 0.000000000 0.490853995 0.509145975
4454 0.000000000 0.494120240 0.505879760
4455 0.000000000 0.718083262 0.281916738
4456 0.000000000 0.700040281 0.299959749
4457 0.000000000 0.000904106 0.999095917
4458 0.000000000 0.138437450 0.861562550
4459 0.000000000 0.000740560 0.999259412
4460 0.000000000 0.000076223 0.999923766
4461 0.000000000 0.000089617 0.999910355
4462 0.000000000 0.000378464 0.999621511
4463 0.000000000 0.000114301 0.999885678
4464 0.000000000 0.000023203 0.999976814
4465 0.000000000 0.000093674 0.999906301
4466 0.000000000 0.000000000 1.000000000
4467 0.000000000 0.000676839 0.999323189
4468 0.000000000 0.000000000 1.000000000
4469 0.000000000 0.000000000 1.000000000
4470 0.000000000 0.000000000 1.000000000
4471 0.000000000 0.000126336 0.999873638
4472 0.000000000 0.000000000 1.000000000
4473 1.000000000 0.000000000 0.000000000
4474 1.000000000 0.000000000 0.000000000
4475 0.885863602 0.000000000 0.114136420
4476 1.000000000 0.000000000 0.000000000
4477 1.000000000 0.000000000 0.000000000
4478 1.000000000 0.000000000 0.000000000
4479 1.000000000 0.000000000 0.000000000
4480 1.000000000 0.000000000 0.000000000
4481 1.000000000 0.000000000 0.000000000
4482 1.000000000 0.000000000 0.000000000
4483 0.784008861 0.000000000 0.215991154
4484 0.853250921 0.000000000 0.146749064
4485 1.000000000 0.000000000 0.000000000
4486 0.000000000 0.000000000 1.000000000
4487 1.000000000 0.000000000 0.000000000
4488 1.000000000 0.000000000 0.000000000
4489 1.000000000 0.000000000 0.000000000
4490 1.000000000 0.000000000 0.000000000
4491 0.974371791 0.000000000 0.025628233
4492 1.000000000 0.000000000 0.000000000
4493 1.000000000 0.000000000 0.000000000
4494 1.000000000 0.000000000 0.000000000
4495 1.000000000 0.000000000 0.000000000
4496 0.985713065 0.000000000 0.014286954
4497 1.000000000 0.000000000 0.000000000
4498 1.000000000 0.000000000 0.000000000
4499 1.000000000 0.000000000 0.000000000
4500 0.000000000 0.000000000 1.000000000
4501 0.958582878 0.000000000 0.041417100
4502 1.000000000 0.000000000 0.000000000
4503 0.938676000 0.000000000 0.061324026
4504 0.982583702 0.000000000 0.017416298
4505 0.947355509 0.000000000 0.052644502
4506 1.000000000 0.000000000 0.000000000
4507 0.993653834 0.000000000 0.006346145
4508 1.000000000 0.000000000 0.000000000
4509 0.932810009 0.000000000 0.067190006
4510 0.947355509 0.000000000 0.052644502
4511 1.000000000 0.000000000 0.000000000
4512 0.955012441 0.000000000 0.044987548
4513 1.000000000 0.000000000 0.000000000
4514 0.000000000 0.000000000 1.000000000
4515 0.906891763 0.000000000 0.093108237
4516 0.781441391 0.000000000 0.218558580
4517 0.943765640 0.000000000 0.056234386
4518 1.000000000 0.000000000 0.000000000
4519 0.916764379 0.000000000 0.083235644
4520 0.899770856 0.000000000 0.100229152
4521 0.984134257 0.000000000 0.015865728
4522 0.888162136 0.000000000 0.111837894
4523 0.958346665 0.000000000 0.041653365
4524 0.985962451 0.014037552 0.000000000
4525 0.972326279 0.014406420 0.013267321
4526 0.990586162 0.009413861 0.000000000
4527 0.984735072 0.014907063 0.000357839
4528 0.000000000 0.008556481 0.991443515
4529 0.826585412 0.017145908 0.156268656
4530 0.944098294 0.019181499 0.036720213
4531 0.927502096 0.026513426 0.045984454
4532 0.978636563 0.017732078 0.003631362
4533 0.986276448 0.013297792 0.000425758
4534 0.975894213 0.020307476 0.003798285
4535 0.938660979 0.015628168 0.045710843
4536 0.928785563 0.013432391 0.057782043
4537 0.125322104 0.587134421 0.287543446
4538 0.159649357 0.496131480 0.344219178
4539 0.366368830 0.488075078 0.145556077
4540 0.390259862 0.601190925 0.008549239
4541 0.068640843 0.517517567 0.413841605
4542 0.000000000 0.409734875 0.590265155
4543 0.100601234 0.556948185 0.342450559
4544 0.029601419 0.518989503 0.451409072
4545 0.058673307 0.495753050 0.445573658
4546 0.185046986 0.471151859 0.343801171
4547 0.128239647 0.485701829 0.386058509
4548 0.123120584 0.451899320 0.424980104
4549 0.185757130 0.524213433 0.290029407
4550 0.128798366 0.730994999 0.140206605
4551 0.120652385 0.653463066 0.225884527
4552 0.263354778 0.548697650 0.187947601
4553 0.384908795 0.615091205 0.000000000
4554 0.109167568 0.620105326 0.270727128
4555 0.303274810 0.469713420 0.227011770
4556 0.000000000 0.281911701 0.718088329
4557 0.090074658 0.620571911 0.289353430
4558 0.239261374 0.511979640 0.248758987
4559 0.431174129 0.373074889 0.195750982
4560 0.190964520 0.593477249 0.215558261
4561 0.225333422 0.580760181 0.193906412
4562 0.379529238 0.405936778 0.214534000
4563 0.933169007 0.039997786 0.026833227
4564 0.933891714 0.037654229 0.028454041
4565 0.941158175 0.040330134 0.018511670
4566 0.937578917 0.037350550 0.025070552
4567 0.933136642 0.036177795 0.030685566
4568 0.515242994 0.455770671 0.028986318
4569 0.941528141 0.036118384 0.022353465
4570 0.000000000 0.023508640 0.976491332
4571 0.512939692 0.457396567 0.029663717
4572 0.936263978 0.035405748 0.028330296
4573 0.933528423 0.038405716 0.028065864
4574 0.935418308 0.035662856 0.028918805
4575 0.519591153 0.037166823 0.443242013
4576 0.831869662 0.154970363 0.013159971
4577 0.859125435 0.128157169 0.012717414
4578 0.903060555 0.085162237 0.011777199
4579 0.661730587 0.326452285 0.011817113
4580 0.932738125 0.054005641 0.013256244
4581 0.524844229 0.462398261 0.012757526
4582 0.852948129 0.134437829 0.012614042
4583 0.538536310 0.448625743 0.012837956
4584 0.000000000 0.010848390 0.989151597
4585 0.245691895 0.741097808 0.013210312
4586 0.414157093 0.573385835 0.012457057
4587 0.245766014 0.498794407 0.255439609
4588 0.473977804 0.326449245 0.199572951
4589 0.384836078 0.611160278 0.004003615
4590 0.474563241 0.515623689 0.009813053
4591 0.463251829 0.532379270 0.004368925
4592 0.390495956 0.605137527 0.004366502
4593 0.527746677 0.466565192 0.005688153
4594 0.437051862 0.558686376 0.004261775
4595 0.482602000 0.511261463 0.006136532
4596 0.555282950 0.437536329 0.007180699
4597 0.519139469 0.470361620 0.010498933
4598 0.000000000 0.003069660 0.996930361
4599 0.404240936 0.586344242 0.009414840
4600 0.398421168 0.576298594 0.025280248
4601 0.349290699 0.640634656 0.010074621
4602 0.026659649 0.966098011 0.007242326
4603 0.124981344 0.869701326 0.005317354
4604 0.099508405 0.893800020 0.006691587
4605 0.123389766 0.872276425 0.004333790
4606 0.113326475 0.876295805 0.010377707
4607 0.089270033 0.904847622 0.005882327
4608 0.105847619 0.890056729 0.004095622
4609 0.099528626 0.895407557 0.005063829
4610 0.137556612 0.857714176 0.004729234
4611 0.166050598 0.830134451 0.003814947
4612 0.000000000 0.011072074 0.988927901
4613 0.103029221 0.869418919 0.027551858
4614 0.030331496 0.925113916 0.044554602
4615 0.017442390 0.966407537 0.016150098
4616 0.056696124 0.930385172 0.012918719
4617 0.099070571 0.888250589 0.012678814
4618 0.047862623 0.943372726 0.008764626
4619 0.080072641 0.907254577 0.012672791
4620 0.054133903 0.934852362 0.011013709
4621 0.041906316 0.946732163 0.011361535
4622 0.065884672 0.924979091 0.009136267
4623 0.074604392 0.913761795 0.011633846
4624 0.121186972 0.869599044 0.009214009
4625 0.077717021 0.915199697 0.007083280
4626 0.000000000 0.002661826 0.997338176
4627 0.013763199 0.861739814 0.124496982
4628 0.000000000 0.489638776 0.510361195
4629 0.000000000 0.459861487 0.540138483
4630 0.000000000 0.587358654 0.412641317
4631 0.000000000 0.493363827 0.506636202
4632 0.000000000 0.538695395 0.461304605
4633 0.000000000 0.419646084 0.580353916
4634 0.000000000 0.498959959 0.501040041
4635 0.000000000 0.548706830 0.451293200
4636 0.000000000 0.627808690 0.372191280
4637 0.000000000 0.655184746 0.344815254
4638 0.000000000 0.711193800 0.288806200
4639 0.000000000 0.654544532 0.345455438
4640 0.000000000 0.002378384 0.997621596
4641 0.000000000 0.402656227 0.597343802
4642 0.924325824 0.000000000 0.075674146
4643 0.944570601 0.008291945 0.047137465
4644 0.938091040 0.035117492 0.026791481
4645 0.925327361 0.018465145 0.056207485
4646 0.927269578 0.023501698 0.049228694
4647 0.933617771 0.014897177 0.051485047
4648 0.914365113 0.010481649 0.075153224
4649 0.976997793 0.011483288 0.011518911
4650 0.944782376 0.009380428 0.045837194
4651 0.929545641 0.010588141 0.059866220
4652 0.948601246 0.036367942 0.015030785
4653 0.947231889 0.030157845 0.022610240
4654 0.715922415 0.008571547 0.275506079
4655 0.000000000 0.007862344 0.992137671
4656 0.716206074 0.005622489 0.278171450
4657 0.840784431 0.005117732 0.154097825
4658 0.969025612 0.009602426 0.021371972
4659 0.754810572 0.006543136 0.238646269
4660 0.717328370 0.007056423 0.275615185
4661 0.971450746 0.006957281 0.021591991
4662 0.977902889 0.009088506 0.013008611
4663 0.976797879 0.006588346 0.016613761
4664 0.715354741 0.006443117 0.278202146
4665 0.662815869 0.006782971 0.330401152
4666 0.720296621 0.007995493 0.271707863
4667 0.258715153 0.003300059 0.737984776
4668 0.297852248 0.000752862 0.701394916
4669 0.000000000 0.000000000 1.000000000
4670 0.373645157 0.001491286 0.624863565
4671 0.554854572 0.008181404 0.436964035
4672 0.265749902 0.002053196 0.732196927
4673 0.209852144 0.002087523 0.788060308
4674 0.209436297 0.000443425 0.790120304
4675 0.159000918 0.001648144 0.839350939
4676 0.517921031 0.000591802 0.481487155
4677 0.161887750 0.001938981 0.836173296
4678 0.348566949 0.001865804 0.649567246
4679 0.192589045 0.002249336 0.805161595
4680 0.997079432 0.001082044 0.001838501
4681 0.995529115 0.000724980 0.003745918
4682 0.996981144 0.001063844 0.001954987
4683 0.000000000 0.032076973 0.967923045
4684 0.974085093 0.023671493 0.002243440
4685 0.974197745 0.021277301 0.004524950
4686 0.995787501 0.001316663 0.002895819
4687 0.981865227 0.012269149 0.005865631
4688 0.995628178 0.002569452 0.001802379
4689 0.996944070 0.001028914 0.002027023
4690 0.981096506 0.016965171 0.001938345
4691 0.988658309 0.006548771 0.004792916
4692 0.875383675 0.003012289 0.121604010
4693 0.481981039 0.001165181 0.516853809
4694 0.362429559 0.001077851 0.636492610
4695 0.697163165 0.002591079 0.300245762
4696 0.488952100 0.002841743 0.508206189
4697 0.000000000 0.050518334 0.949481666
4698 0.374963641 0.001374147 0.623662174
4699 0.402424484 0.001621249 0.595954239
4700 0.333092421 0.002016164 0.664891422
4701 0.429225653 0.001870647 0.568903685
4702 0.829126000 0.003756729 0.167117283
4703 0.482870340 0.011646969 0.505482674
4704 0.502624691 0.002227388 0.495147914
4705 0.497579068 0.004396485 0.498024434
4706 0.585598767 0.003022297 0.411378950
4707 0.584768534 0.002719255 0.412512213
4708 0.579966009 0.003310870 0.416723102
4709 0.519929767 0.004450297 0.475619942
4710 0.584309340 0.002875442 0.412815243
4711 0.000000000 0.025290094 0.974709928
4712 0.350275099 0.155253693 0.494471192
4713 0.458694071 0.128060341 0.413245589
4714 0.416291684 0.003735882 0.579972446
4715 0.627360821 0.050890855 0.321748316
4716 0.587192833 0.002959211 0.409847975
4717 0.584380507 0.003740636 0.411878824
4718 0.549538791 0.030285889 0.420175314
4719 0.897819161 0.080010608 0.022170259
4720 0.988608241 0.008738316 0.002653471
4721 0.962144434 0.034834933 0.003020641
4722 0.913150370 0.062473919 0.024375718
4723 0.960691631 0.009306845 0.030001545
4724 0.931088209 0.046561912 0.022349905
4725 0.000000000 0.069019094 0.930980921
4726 0.841381967 0.156272352 0.002345667
4727 0.889858961 0.052672233 0.057468813
4728 0.858494163 0.123743109 0.017762749
4729 0.910711408 0.075826555 0.013462063
4730 0.926979482 0.048649743 0.024370797
4731 0.647984922 0.331149369 0.020865714
4732 0.903011978 0.096021950 0.000966044
4733 0.888234317 0.111606494 0.000159198
4734 0.955670714 0.036396246 0.007933053
4735 0.877644539 0.122199118 0.000156364
4736 0.993713915 0.005962702 0.000323365
4737 0.960883439 0.038794044 0.000322529
4738 0.964725912 0.034967553 0.000306548
4739 0.000000000 0.015493182 0.984506845
4740 0.423993975 0.537925899 0.038080089
4741 0.534127474 0.465255231 0.000617272
4742 0.524025261 0.475644559 0.000330176
4743 0.778546810 0.220772400 0.000680768
4744 0.488193929 0.508349717 0.003456333
4745 0.680640399 0.073336095 0.246023491
4746 0.538242936 0.082386509 0.379370540
4747 0.503027618 0.071609527 0.425362855
4748 0.662767112 0.068305641 0.268927217
4749 0.457124472 0.248099789 0.294775724
4750 0.567729235 0.045835603 0.386435181
4751 0.485524714 0.102347329 0.412127972
4752 0.526131392 0.079277955 0.394590646
4753 0.000000000 0.006248131 0.993751884
4754 0.710708082 0.092065476 0.197226450
4755 0.575068593 0.090284146 0.334647238
4756 0.690581918 0.079128414 0.230289653
4757 0.565578461 0.116704836 0.317716688
4758 0.557205975 0.121278785 0.321515262
4759 0.499304026 0.188247696 0.312448263
4760 0.623930752 0.130194649 0.245874614
4761 0.707463861 0.193841457 0.098694667
4762 0.581945777 0.110764265 0.307289988
4763 0.660697281 0.125628576 0.213674143
4764 0.563789785 0.122063145 0.314147055
4765 0.472298115 0.188999608 0.338702261
4766 0.644331038 0.141762823 0.213906139
4767 0.000000000 0.003849502 0.996150494
4768 0.312082797 0.473743737 0.214173451
4769 0.577667475 0.304673135 0.117659368
4770 0.390969962 0.315026760 0.294003278
4771 0.470252961 0.193229496 0.336517513
4772 0.277032197 0.169494867 0.553472936
4773 0.558351874 0.131797478 0.309850633
4774 0.579192281 0.352920264 0.067887448
4775 0.608703375 0.102932341 0.288364261
4776 0.488215506 0.104513362 0.407271117
4777 0.397879273 0.218137339 0.383983403
4778 0.357139319 0.171705723 0.471154928
4779 0.468604565 0.421276361 0.110119067
4780 0.632310569 0.293533117 0.074156336
4781 0.000000000 0.000000000 1.000000000
4782 0.363687962 0.629329503 0.006982523
4783 0.000000000 0.914946556 0.085053422
4784 0.000000000 0.788107932 0.211892053
4785 0.000000000 0.776117206 0.223882765
4786 0.053459723 0.941584110 0.004956179
4787 0.000000000 0.783010185 0.216989830
4788 0.000000000 0.998316050 0.001683962
4789 0.000000000 0.993162632 0.006837374
4790 0.000000000 0.788697481 0.211302549
4791 0.000000000 0.777595341 0.222404644
4792 0.000000000 0.788804114 0.211195871
4793 0.000000000 0.996358514 0.003641494
4794 0.064598426 0.930264533 0.005137036
4795 0.000000000 0.007264955 0.992735028
4796 0.000000000 0.948248208 0.051751789
4797 0.000000000 0.000935660 0.999064326
4798 0.000000000 0.000000000 1.000000000
4799 0.000000000 0.000000000 1.000000000
4800 0.000000000 0.051834900 0.948165119
4801 0.000000000 0.000000000 1.000000000
4802 0.000000000 0.000119728 0.999880254
4803 0.000000000 0.000000000 1.000000000
4804 0.000000000 0.000000000 1.000000000
4805 0.000526866 0.031651143 0.967822015
4806 0.000000000 0.126323357 0.873676658
4807 0.000000000 0.182752103 0.817247927
4808 0.000000000 0.437801898 0.562198102
4809 0.000000000 0.000000000 1.000000000
4810 0.000000000 1.000000000 0.000000000
4811 0.360140681 0.639859319 0.000000000
4812 1.000000000 0.000000000 0.000000000
4813 1.000000000 0.000000000 0.000000000
4814 1.000000000 0.000000000 0.000000000
4815 1.000000000 0.000000000 0.000000000
4816 1.000000000 0.000000000 0.000000000
4817 1.000000000 0.000000000 0.000000000
4818 0.360140681 0.639859319 0.000000000
4819 1.000000000 0.000000000 0.000000000
4820 1.000000000 0.000000000 0.000000000
4821 0.360140681 0.639859319 0.000000000
4822 0.360140681 0.639859319 0.000000000
4823 0.995002866 0.004997136 0.000000000
4824 0.000000000 1.000000000 0.000000000
4825 0.994841695 0.005158308 0.000000000
4826 1.000000000 0.000000000 0.000000000
4827 1.000000000 0.000000000 0.000000000
4828 1.000000000 0.000000000 0.000000000
4829 1.000000000 0.000000000 0.000000000
4830 1.000000000 0.000000000 0.000000000
4831 0.971428633 0.028571371 0.000000000
4832 1.000000000 0.000000000 0.000000000
4833 1.000000000 0.000000000 0.000000000
4834 0.959509552 0.040490456 0.000000000
4835 0.968309343 0.031690665 0.000000000
4836 0.992346704 0.007653317 0.000000000
4837 0.995591283 0.004408720 0.000000000
4838 0.000000000 1.000000000 0.000000000
4839 0.990533292 0.009466699 0.000000000
4840 1.000000000 0.000000000 0.000000000
4841 1.000000000 0.000000000 0.000000000
4842 1.000000000 0.000000000 0.000000000
4843 1.000000000 0.000000000 0.000000000
4844 0.993004084 0.006995923 0.000000000
4845 0.973477304 0.026522700 0.000000000
4846 1.000000000 0.000000000 0.000000000
4847 0.982878149 0.017121829 0.000000000
4848 0.989354491 0.010645520 0.000000000
4849 0.854619086 0.145380929 0.000000000
4850 1.000000000 0.000000000 0.000000000
4851 0.999140322 0.000859666 0.000000000
4852 0.000000000 1.000000000 0.000000000
4853 1.000000000 0.000000000 0.000000000
4854 1.000000000 0.000000000 0.000000000
4855 0.995081842 0.004918180 0.000000000
4856 0.937817454 0.062182557 0.000000000
4857 0.916207910 0.083792113 0.000000000
4858 0.923158646 0.076841339 0.000000000
4859 0.804084361 0.195915624 0.000000000
4860 0.942586303 0.057413697 0.000000000
4861 0.981133938 0.018866077 0.000000000
4862 0.996998489 0.003001516 0.000000000
4863 0.967216551 0.032783475 0.000000000
4864 0.985731125 0.014268873 0.000000000
4865 0.976847470 0.023152510 0.000000000
4866 0.000000000 1.000000000 0.000000000
4867 0.942317367 0.057682648 0.000000000
4868 0.927893400 0.072106600 0.000000000
4869 1.000000000 0.000000000 0.000000000
4870 0.975383937 0.024616074 0.000000000
4871 0.627979636 0.372020364 0.000000000
4872 0.978781581 0.021218441 0.000000000
4873 0.932592452 0.067407578 0.000000000
4874 0.973281324 0.026718702 0.000000000
4875 0.000000000 1.000000000 0.000000000
4876 0.392446339 0.607553661 0.000000000
4877 0.000000000 1.000000000 0.000000000
4878 0.835535705 0.164464280 0.000000000
4879 0.321768820 0.678231180 0.000000000
4880 0.000000000 1.000000000 0.000000000
4881 1.000000000 0.000000000 0.000000000
4882 0.458936661 0.541063309 0.000000000
4883 0.947724998 0.052274976 0.000000000
4884 0.000000000 1.000000000 0.000000000
4885 0.447766423 0.552233577 0.000000000
4886 0.459068656 0.540931344 0.000000000
4887 1.000000000 0.000000000 0.000000000
4888 0.892211080 0.107788928 0.000000000
4889 0.982399642 0.017600343 0.000000000
4890 0.964773059 0.035226952 0.000000000
4891 0.955152631 0.044847369 0.000000000
4892 1.000000000 0.000000000 0.000000000
4893 0.987641454 0.012358535 0.000000000
4894 0.000000000 1.000000000 0.000000000
4895 0.991485953 0.008514018 0.000000000
4896 0.986096323 0.013903692 0.000000000
4897 0.282201767 0.717798233 0.000000000
4898 0.981546521 0.018453499 0.000000000
4899 0.973644435 0.026355594 0.000000000
4900 0.990208983 0.009791031 0.000000000
4901 0.007241198 0.992758811 0.000000000
4902 0.913573384 0.086426593 0.000000000
4903 0.986098588 0.013901426 0.000000000
4904 0.930742025 0.069257975 0.000000000
4905 0.954869390 0.045130592 0.000000000
4906 0.966923118 0.033076879 0.000000000
4907 0.979156196 0.020843806 0.000000000
4908 0.000000000 1.000000000 0.000000000
4909 0.963533342 0.036466684 0.000000000
4910 0.935328782 0.064671203 0.000000000
4911 0.923273444 0.076726533 0.000000000
4912 0.325526536 0.674473464 0.000000000
4913 0.963580966 0.036419015 0.000000000
4914 0.011046490 0.988953531 0.000000000
4915 0.972235799 0.027764194 0.000000000
4916 0.971736312 0.028263703 0.000000000
4917 0.830582261 0.169417724 0.000000000
4918 0.829551041 0.170448959 0.000000000
4919 0.971054852 0.028945133 0.000000000
4920 0.982873380 0.017126601 0.000000000
4921 0.973497391 0.026502630 0.000000000
4922 0.000000000 1.000000000 0.000000000
4923 0.934629619 0.065370396 0.000000000
4924 0.999632299 0.000367727 0.000000000
4925 0.966133893 0.033866126 0.000000000
4926 0.967381537 0.032618452 0.000000000
4927 0.000000000 1.000000000 0.000000000
4928 0.785935640 0.214064330 0.000000000
4929 0.500000000 0.500000000 0.000000000
4930 0.000000000 1.000000000 0.000000000
4931 0.580533147 0.419466853 0.000000000
4932 0.539682627 0.460317373 0.000000000
4933 0.915112436 0.084887564 0.000000000
4934 0.000000000 1.000000000 0.000000000
4935 0.000000000 1.000000000 0.000000000
4936 0.000000000 1.000000000 0.000000000
4937 0.000000000 1.000000000 0.000000000
4938 0.709131658 0.290868342 0.000000000
4939 0.000000000 1.000000000 0.000000000
4940 0.000000000 1.000000000 0.000000000
4941 0.000000000 1.000000000 0.000000000
4942 0.280794978 0.719205022 0.000000000
4943 0.386287630 0.613712370 0.000000000
4944 0.980547547 0.019452455 0.000000000
4945 0.020845668 0.979154348 0.000000000
4946 0.991097331 0.008902662 0.000000000
4947 0.000000000 1.000000000 0.000000000
4948 0.992104530 0.007895491 0.000000000
4949 0.000000000 1.000000000 0.000000000
4950 0.000000000 1.000000000 0.000000000
4951 0.484260082 0.515739918 0.000000000
4952 0.000000000 1.000000000 0.000000000
4953 0.000000000 1.000000000 0.000000000
4954 0.000000000 1.000000000 0.000000000
4955 0.000000000 1.000000000 0.000000000
4956 0.000000000 1.000000000 0.000000000
4957 0.000000000 1.000000000 0.000000000
4958 0.000000000 1.000000000 0.000000000
4959 0.000000000 1.000000000 0.000000000
4960 0.000000000 1.000000000 0.000000000
4961 0.000000000 1.000000000 0.000000000
4962 0.000000000 1.000000000 0.000000000
4963 0.911781251 0.088218771 0.000000000
4964 0.000000000 1.000000000 0.000000000
4965 0.000000000 1.000000000 0.000000000
4966 0.000000000 1.000000000 0.000000000
4967 0.000000000 1.000000000 0.000000000
4968 0.000000000 1.000000000 0.000000000
4969 0.000000000 1.000000000 0.000000000
4970 0.000000000 1.000000000 0.000000000
4971 0.000000000 1.000000000 0.000000000
4972 0.000000000 1.000000000 0.000000000
4973 0.000000000 1.000000000 0.000000000
4974 0.000000000 1.000000000 0.000000000
4975 0.000000000 1.000000000 0.000000000
4976 0.000000000 1.000000000 0.000000000
4977 0.000000000 1.000000000 0.000000000
4978 0.000000000 1.000000000 0.000000000
4979 0.000000000 1.000000000 0.000000000
4980 1.000000000 0.000000000 0.000000000
4981 1.000000000 0.000000000 0.000000000
4982 1.000000000 0.000000000 0.000000000
4983 1.000000000 0.000000000 0.000000000
4984 1.000000000 0.000000000 0.000000000
4985 1.000000000 0.000000000 0.000000000
4986 1.000000000 0.000000000 0.000000000
4987 1.000000000 0.000000000 0.000000000
4988 1.000000000 0.000000000 0.000000000
4989 1.000000000 0.000000000 0.000000000
4990 1.000000000 0.000000000 0.000000000
4991 1.000000000 0.000000000 0.000000000
4992 1.000000000 0.000000000 0.000000000
4993 0.000000000 1.000000000 0.000000000
4994 1.000000000 0.000000000 0.000000000
4995 1.000000000 0.000000000 0.000000000
4996 1.000000000 0.000000000 0.000000000
4997 1.000000000 0.000000000 0.000000000
4998 1.000000000 0.000000000 0.000000000
4999 1.000000000 0.000000000 0.000000000
5000 1.000000000 0.000000000 0.000000000
5001 1.000000000 0.000000000 0.000000000
5002 1.000000000 0.000000000 0.000000000
5003 1.000000000 0.000000000 0.000000000
5004 1.000000000 0.000000000 0.000000000
5005 1.000000000 0.000000000 0.000000000
5006 1.000000000 0.000000000 0.000000000
5007 0.000000000 1.000000000 0.000000000
5008 1.000000000 0.000000000 0.000000000
5009 1.000000000 0.000000000 0.000000000
5010 1.000000000 0.000000000 0.000000000
5011 1.000000000 0.000000000 0.000000000
5012 1.000000000 0.000000000 0.000000000
5013 1.000000000 0.000000000 0.000000000
5014 1.000000000 0.000000000 0.000000000
5015 1.000000000 0.000000000 0.000000000
5016 1.000000000 0.000000000 0.000000000
5017 1.000000000 0.000000000 0.000000000
5018 1.000000000 0.000000000 0.000000000
5019 1.000000000 0.000000000 0.000000000
5020 1.000000000 0.000000000 0.000000000
5021 0.000000000 1.000000000 0.000000000
5022 0.999775767 0.000224224 0.000000000
5023 1.000000000 0.000000000 0.000000000
5024 0.994237840 0.005762134 0.000000000
5025 1.000000000 0.000000000 0.000000000
5026 0.999937534 0.000062441 0.000000000
5027 1.000000000 0.000000000 0.000000000
5028 1.000000000 0.000000000 0.000000000
5029 1.000000000 0.000000000 0.000000000
5030 1.000000000 0.000000000 0.000000000
5031 0.984363258 0.015636770 0.000000000
5032 0.983144641 0.016855376 0.000000000
5033 0.997150064 0.002849948 0.000000000
5034 0.981260419 0.018739557 0.000000000
5035 0.000000000 1.000000000 0.000000000
5036 0.962138712 0.037861276 0.000000000
5037 0.964793146 0.035206828 0.000000000
5038 0.977083981 0.022916021 0.000000000
5039 0.963632524 0.036367465 0.000000000
5040 0.975038469 0.024961546 0.000000000
5041 0.974876821 0.025123179 0.000000000
5042 0.971925855 0.028074170 0.000000000
5043 0.974859536 0.025140485 0.000000000
5044 0.189438999 0.810561001 0.000000000
5045 0.081827953 0.918172061 0.000000000
5046 0.174688786 0.825311244 0.000000000
5047 0.058208846 0.941791177 0.000000000
5048 0.008799738 0.991200268 0.000000000
5049 0.000000000 1.000000000 0.000000000
5050 0.195641890 0.804358125 0.000000000
5051 0.000000000 1.000000000 0.000000000
5052 0.787206113 0.212793887 0.000000000
5053 0.000000000 1.000000000 0.000000000
5054 0.009101181 0.990898848 0.000000000
5055 0.021133000 0.978866994 0.000000000
5056 0.147255346 0.852744639 0.000000000
5057 0.000000000 1.000000000 0.000000000
5058 0.150458589 0.849541426 0.000000000
5059 0.121749192 0.878250778 0.000000000
5060 0.000000000 1.000000000 0.000000000
5061 0.157641485 0.842358530 0.000000000
5062 0.000000000 1.000000000 0.000000000
5063 0.000000000 1.000000000 0.000000000
5064 0.128549397 0.871450603 0.000000000
5065 0.172082558 0.827917457 0.000000000
5066 0.000000000 1.000000000 0.000000000
5067 0.000000000 1.000000000 0.000000000
5068 0.183003545 0.816996455 0.000000000
5069 0.000000000 1.000000000 0.000000000
5070 0.947751224 0.052248750 0.000000000
5071 0.953061640 0.046938363 0.000000000
5072 0.966340423 0.033659555 0.000000000
5073 0.955469549 0.044530448 0.000000000
5074 0.953647971 0.046352055 0.000000000
5075 0.946759164 0.053240843 0.000000000
5076 0.952642739 0.047357261 0.000000000
5077 0.000000000 1.000000000 0.000000000
5078 0.952642739 0.047357261 0.000000000
5079 0.949321985 0.050678033 0.000000000
5080 0.913008273 0.086991698 0.000000000
5081 0.954925179 0.045074850 0.000000000
5082 0.975749135 0.024250861 0.000000000
5083 0.977376699 0.022623315 0.000000000
5084 0.955728948 0.044271033 0.000000000
5085 0.971959531 0.028040465 0.000000000
5086 0.962285638 0.037714336 0.000000000
5087 0.953037620 0.046962354 0.000000000
5088 0.953037620 0.046962354 0.000000000
5089 0.953037620 0.046962354 0.000000000
5090 0.953037620 0.046962354 0.000000000
5091 0.000000000 1.000000000 0.000000000
5092 0.953037620 0.046962354 0.000000000
5093 0.935807884 0.064192094 0.000000000
5094 0.993765950 0.006234025 0.000000000
5095 0.984666109 0.015333886 0.000000000
5096 0.946603000 0.053397011 0.000000000
5097 0.967914224 0.032085750 0.000000000
5098 0.871089041 0.128910944 0.000000000
5099 0.945978463 0.054021526 0.000000000
5100 0.914326370 0.085673615 0.000000000
5101 0.953334987 0.046665039 0.000000000
5102 0.938301086 0.061698940 0.000000000
5103 0.933468163 0.066531837 0.000000000
5104 0.963222742 0.036777269 0.000000000
5105 0.000000000 1.000000000 0.000000000
5106 0.864384472 0.135615513 0.000000000
5107 0.957191706 0.042808317 0.000000000
5108 0.586158693 0.413841307 0.000000000
5109 0.630661368 0.369338632 0.000000000
5110 0.910701752 0.089298218 0.000000000
5111 0.677715719 0.322284281 0.000000000
5112 0.936401486 0.063598529 0.000000000
5113 0.864090264 0.135909751 0.000000000
5114 0.631982982 0.368016988 0.000000000
5115 0.889802098 0.110197894 0.000000000
5116 0.784707069 0.215292931 0.000000000
5117 0.833155274 0.166844696 0.000000000
5118 0.632438004 0.367561966 0.000000000
5119 0.000000000 1.000000000 0.000000000
5120 0.404767513 0.595232487 0.000000000
5121 0.134975702 0.865024328 0.000000000
5122 0.403933406 0.596066594 0.000000000
5123 0.536122441 0.463877559 0.000000000
5124 0.361587286 0.638412714 0.000000000
5125 0.343533516 0.656466484 0.000000000
5126 0.630426347 0.369573653 0.000000000
5127 0.481744409 0.518255591 0.000000000
5128 0.689165831 0.310834199 0.000000000
5129 0.539508939 0.460491061 0.000000000
5130 0.552165866 0.447834134 0.000000000
5131 0.516238332 0.483761668 0.000000000
5132 0.539358795 0.460641235 0.000000000
5133 0.000000000 1.000000000 0.000000000
5134 0.132120401 0.867879629 0.000000000
5135 0.000000000 1.000000000 0.000000000
5136 0.000000000 1.000000000 0.000000000
5137 0.000000000 1.000000000 0.000000000
5138 0.000000000 1.000000000 0.000000000
5139 0.000000000 1.000000000 0.000000000
5140 0.000000000 1.000000000 0.000000000
5141 0.000000000 1.000000000 0.000000000
5142 0.000000000 1.000000000 0.000000000
5143 0.000000000 1.000000000 0.000000000
5144 0.000000000 1.000000000 0.000000000
5145 0.000000000 1.000000000 0.000000000
5146 0.000000000 1.000000000 0.000000000
5147 0.000000000 1.000000000 0.000000000
