0 0.000000000 0.708742917 0.291257083
1 0.000000000 0.607087672 0.392912328
2 0.000000000 0.702794433 0.297205567
3 0.000000000 0.866188407 0.133811593
4 0.000000000 0.930619061 0.069380961
5 0.000000000 0.986923158 0.013076813
6 0.000000000 0.934374690 0.065625325
7 0.000000000 0.921346903 0.078653120
8 0.000000000 0.875270307 0.124729685
9 0.000000000 0.818973422 0.181026548
10 0.000000000 0.800426781 0.199573249
11 0.000000000 0.403274208 0.596725821
12 0.000000000 0.449415028 0.550584972
13 0.000000000 0.255462259 0.744537711
14 0.000000000 0.314294428 0.685705543
15 0.000000000 0.596382022 0.403617948
16 0.000000000 0.645149231 0.354850769
17 0.000000000 0.932183921 0.067816086
18 0.000000000 0.907865882 0.092134140
19 0.000000000 0.972179234 0.027820762
20 0.000000000 0.887732565 0.112267449
21 0.000000000 0.845217109 0.154782891
22 0.000000000 0.518008709 0.481991261
23 0.000000000 0.478163123 0.521836877
24 0.000000000 0.314433873 0.685566127
25 0.000000000 0.000000000 1.000000000
26 0.837205172 0.057872240 0.104922585
27 0.805127978 0.037420861 0.157451138
28 0.861797333 0.088825755 0.049376912
29 0.818922639 0.112222299 0.068855032
30 0.672493458 0.206010431 0.121496081
31 0.654451311 0.212383375 0.133165285
32 0.518804014 0.342322737 0.138873249
33 0.389842361 0.577943504 0.032214161
34 0.409708440 0.524754345 0.065537214
35 0.135233045 0.762949944 0.101817012
36 0.000000000 0.785108626 0.214891389
37 0.000000000 0.775504768 0.224495217
38 0.023280457 0.429619819 0.547099710
39 0.951150656 0.000000000 0.048849374
40 0.969643772 0.000000000 0.030356241
41 0.954174936 0.000000000 0.045825053
42 0.922294199 0.029415786 0.048290033
43 0.833355665 0.131017655 0.035626698
44 0.757948756 0.207624584 0.034426682
45 0.509256244 0.455764651 0.034979090
46 0.496664524 0.425790101 0.077545382
47 0.436358064 0.498914927 0.064727016
48 0.250896186 0.626849353 0.122254469
49 0.000000000 0.772382140 0.227617845
50 0.021026235 0.821145117 0.157828674
51 0.004356454 0.392061442 0.603582144
52 0.891318858 0.108681127 0.000000000
53 0.978637159 0.021362828 0.000000000
54 0.915772617 0.084227398 0.000000000
55 0.959944844 0.040055167 0.000000000
56 0.835919797 0.164080203 0.000000000
57 0.873413205 0.126586825 0.000000000
58 0.603768587 0.396231383 0.000000000
59 0.470618874 0.529381096 0.000000000
60 0.253646106 0.746353924 0.000000000
61 0.427441865 0.572558105 0.000000000
62 0.000090892 0.999909103 0.000000000
63 0.000000000 1.000000000 0.000000000
64 0.006068564 0.993931413 0.000000000
65 0.844322801 0.155677214 0.000000000
66 0.858200371 0.141799614 0.000000000
67 0.889344335 0.110655643 0.000000000
68 0.705857754 0.294142246 0.000000000
69 0.860315859 0.139684126 0.000000000
70 0.673249841 0.326750159 0.000000000
71 0.576374292 0.423625708 0.000000000
72 0.302666634 0.697333395 0.000000000
73 0.095399372 0.904600620 0.000000000
74 0.002133041 0.997866988 0.000000000
75 0.000000000 1.000000000 0.000000000
76 0.007768969 0.992231011 0.000000000
77 0.001390694 0.998609304 0.000000000
78 0.000000000 0.409226328 0.590773642
79 0.000000000 0.705084324 0.294915706
80 0.000000000 0.687704563 0.312295437
81 0.000000000 0.624833226 0.375166804
82 0.000000000 0.713881016 0.286118984
83 0.000000000 0.667774320 0.332225680
84 0.000000000 0.754688919 0.245311096
85 0.000000000 0.674833894 0.325166106
86 0.000000000 0.714300752 0.285699248
87 0.000000000 0.727097273 0.272902757
88 0.000000000 0.786043882 0.213956133
89 0.000000000 0.634424686 0.365575343
90 0.000000000 0.807459772 0.192540213
91 0.000000000 0.654296339 0.345703691
92 0.000000000 0.356958330 0.643041670
93 0.000000000 0.574138820 0.425861210
94 0.000000000 0.602834404 0.397165596
95 0.000000000 0.651726484 0.348273486
96 0.000000000 0.618351758 0.381648242
97 0.000000000 0.755673170 0.244326845
98 0.000000000 0.588137269 0.411862731
99 0.000000000 0.686651647 0.313348383
100 0.000000000 0.657062173 0.342937857
101 0.000000000 0.761099756 0.238900244
102 0.000000000 0.612858474 0.387141526
103 0.000000000 0.836195588 0.163804382
104 0.000000000 0.827353060 0.172646910
105 0.000000000 0.830294490 0.169705525
106 0.000000000 0.328016728 0.671983242
107 0.000000000 0.843081295 0.156918690
108 0.000000000 0.868233502 0.131766498
109 0.000000000 0.831859708 0.168140277
110 0.000000000 0.890357733 0.109642252
111 0.000000000 0.793489993 0.206509992
112 0.000000000 0.871748269 0.128251731
113 0.000000000 0.846076727 0.153923303
114 0.000000000 0.906510353 0.093489625
115 0.000000000 0.841462851 0.158537120
116 0.000000000 0.920193255 0.079806723
117 0.000000000 0.857474685 0.142525315
118 0.000000000 0.896678627 0.103321396
119 0.000000000 0.928547382 0.071452603
120 0.000000000 0.413160503 0.586839497
121 0.000000000 0.933501005 0.066498972
122 0.000000000 0.894771159 0.105228871
123 0.000000000 0.950709820 0.049290154
124 0.000000000 0.887295485 0.112704515
125 0.000000000 0.932105541 0.067894451
126 0.000000000 0.947327971 0.052672006
127 0.000000000 0.981082082 0.018917900
128 0.000000000 0.913416862 0.086583167
129 0.000000000 0.974937379 0.025062637
130 0.000000000 0.909388900 0.090611108
131 0.000000000 0.957678854 0.042321138
132 0.000000000 0.949413657 0.050586332
133 0.000000000 0.964189470 0.035810534
134 0.000000000 0.397885978 0.602114022
135 0.000000000 0.968751371 0.031248633
136 0.000000000 1.000000000 0.000000000
137 0.000000000 0.921786427 0.078213580
138 0.000000000 0.930891216 0.069108792
139 0.000000000 0.923399568 0.076600432
140 0.000000000 0.996745825 0.003254193
141 0.000000000 0.951469123 0.048530858
142 0.000000000 0.966927588 0.033072401
143 0.000000000 0.935883403 0.064116597
144 0.000000000 0.940315783 0.059684239
145 0.000000000 0.966843128 0.033156861
146 0.000000000 0.938762009 0.061237965
147 0.000000000 0.946414948 0.053585038
148 0.000000000 0.363357931 0.636642039
149 0.000000000 0.964200795 0.035799179
150 0.000000000 0.886072457 0.113927543
151 0.000000000 0.945384383 0.054615635
152 0.000000000 0.955210030 0.044789989
153 0.000000000 0.986582100 0.013417890
154 0.000000000 0.962889254 0.037110765
155 0.000000000 0.962407768 0.037592221
156 0.000000000 0.955027580 0.044972435
157 0.000000000 0.968966782 0.031033190
158 0.000000000 0.968636274 0.031363737
159 0.000000000 1.000000000 0.000000000
160 0.000000000 0.998908579 0.001091417
161 0.000000000 0.976485729 0.023514250
162 0.000000000 0.482403010 0.517597020
163 0.000000000 1.000000000 0.000000000
164 0.000000000 0.968624353 0.031375654
165 0.000000000 0.966734707 0.033265281
166 0.000000000 1.000000000 0.000000000
167 0.000000000 0.960621715 0.039378259
168 0.000000000 0.959379733 0.040620279
169 0.000000000 0.970852554 0.029147424
170 0.000000000 0.951264799 0.048735209
171 0.000000000 1.000000000 0.000000000
172 0.000000000 0.925656080 0.074343942
173 0.000000000 0.981091797 0.018908212
174 0.000000000 0.974195361 0.025804611
175 0.000000000 0.989991009 0.010009002
176 0.000000000 0.378091842 0.621908128
177 0.000000000 0.959361255 0.040638722
178 0.000000000 0.959957182 0.040042803
179 0.000000000 0.992965817 0.007034204
180 0.000000000 0.958037913 0.041962076
181 0.000000000 0.953367293 0.046632733
182 0.000000000 0.980964065 0.019035960
183 0.000000000 0.954115689 0.045884300
184 0.000000000 0.977367997 0.022632025
185 0.000000000 0.988260567 0.011739404
186 0.000000000 0.955693901 0.044306122
187 0.000000000 0.960518658 0.039481360
188 0.000000000 0.976094425 0.023905547
189 0.000000000 0.885856628 0.114143349
190 0.000000000 0.305150300 0.694849730
191 0.000000000 1.000000000 0.000000000
192 0.000000000 0.997355342 0.002644647
193 0.000000000 0.913201511 0.086798467
194 0.000000000 0.987511039 0.012488985
195 0.000000000 0.887463152 0.112536870
196 0.000000000 0.793280065 0.206719935
197 0.000000000 0.825996280 0.174003720
198 0.000000000 0.805275798 0.194724202
199 0.000000000 0.869953394 0.130046606
200 0.000000000 0.836089730 0.163910285
201 0.000000000 0.870899379 0.129100636
202 0.000000000 0.826889634 0.173110366
203 0.000000000 0.827014387 0.172985628
204 0.000000000 0.302285761 0.697714210
205 0.000000000 0.753626645 0.246373340
206 0.000000000 0.616463184 0.383536786
207 0.000000000 0.732422650 0.267577350
208 0.000000000 0.487104625 0.512895346
209 0.000000000 0.499892712 0.500107288
210 0.000000000 0.460427284 0.539572716
211 0.000000000 0.425762594 0.574237406
212 0.000000000 0.474463522 0.525536478
213 0.000000000 0.519533277 0.480466753
214 0.000000000 0.565063179 0.434936821
215 0.000000000 0.434334546 0.565665424
216 0.000000000 0.451300859 0.548699141
217 0.000000000 0.545114696 0.454885274
218 0.000000000 0.163755581 0.836244404
219 0.000000000 0.366305381 0.633694589
220 0.000000000 0.401819199 0.598180771
221 0.000000000 0.365913242 0.634086728
222 0.000000000 0.329099953 0.670900047
223 0.000000000 0.307339668 0.692660332
224 0.000000000 0.258882910 0.741117060
225 0.000000000 0.256279558 0.743720472
226 0.000000000 0.299553126 0.700446904
227 0.000000000 0.349728346 0.650271654
228 0.000000000 0.304707915 0.695292115
229 0.000000000 0.253620684 0.746379316
230 0.000000000 0.336397707 0.663602293
231 0.000000000 0.303461730 0.696538270
232 0.000000000 0.154781833 0.845218182
233 0.000000000 0.239624202 0.760375798
234 0.000000000 0.252945930 0.747054040
235 0.000000000 0.300893396 0.699106574
236 0.000000000 0.201086372 0.798913658
237 0.000000000 0.256301224 0.743698776
238 0.000000000 0.180753917 0.819246054
239 0.000000000 0.199478701 0.800521314
240 0.000000000 0.262944221 0.737055779
241 0.000000000 0.199225232 0.800774753
242 0.000000000 0.190091267 0.809908748
243 0.000000000 0.308229715 0.691770315
244 0.000000000 0.213484868 0.786515117
245 0.000000000 0.275510043 0.724489987
246 0.000000000 0.243493319 0.756506681
247 0.000000000 0.000000000 1.000000000
248 0.000000000 0.345898002 0.654101968
249 0.000000000 0.251357287 0.748642743
250 0.000000000 0.300895303 0.699104667
251 0.000000000 0.248948678 0.751051307
252 0.000000000 0.192055076 0.807944894
253 0.000000000 0.321243644 0.678756356
254 0.000000000 0.238827422 0.761172593
255 0.000000000 0.158913940 0.841086090
256 0.000000000 0.254197896 0.745802104
257 0.000000000 0.341598868 0.658401132
258 0.000000000 0.234443605 0.765556395
259 0.000000000 0.372267187 0.627732813
260 0.000000000 0.274362028 0.725637972
261 0.000000000 0.000000000 1.000000000
262 0.000000000 0.253389627 0.746610343
263 0.000000000 0.307833046 0.692166924
264 0.000000000 0.323104978 0.676895022
265 0.000000000 0.207752615 0.792247355
266 0.000000000 0.463202626 0.536797345
267 0.000000000 0.273853093 0.726146877
268 0.000000000 0.218403280 0.781596720
269 0.000000000 0.342254221 0.657745779
270 0.000000000 0.378126591 0.621873379
271 0.000000000 0.224081740 0.775918245
272 0.000000000 0.452197284 0.547802687
273 0.000000000 0.435353428 0.564646602
274 0.000000000 0.628447711 0.371552259
275 0.000000000 0.000000000 1.000000000
276 0.000000000 0.475469589 0.524530411
277 0.000000000 0.511350989 0.488649011
278 0.000000000 0.536351502 0.463648528
279 0.000000000 0.643063426 0.356936574
280 0.000000000 0.468307257 0.531692743
281 0.000000000 0.555494249 0.444505751
282 0.000000000 0.591511428 0.408488601
283 0.000000000 0.621628344 0.378371626
284 0.000000000 0.597660661 0.402339309
285 0.000000000 0.785800755 0.214199260
286 0.000000000 0.751605093 0.248394921
287 0.000000000 0.839588225 0.160411775
288 0.000000000 0.793596387 0.206403628
289 0.000000000 0.000000000 1.000000000
290 0.000000000 0.798877895 0.201122105
291 0.000000000 0.759300053 0.240699917
292 0.000000000 0.872158647 0.127841353
293 0.000000000 0.751624107 0.248375908
294 0.000000000 0.734875321 0.265124679
295 0.000000000 0.787331045 0.212668985
296 0.000000000 0.838666558 0.161333442
297 0.000000000 0.792430222 0.207569793
298 0.000000000 0.919499218 0.080500789
299 0.000000000 0.917057574 0.082942441
300 0.000000000 0.977757990 0.022242023
301 0.000000000 0.968094528 0.031905491
302 0.000000000 0.908205330 0.091794677
303 0.000000000 0.000000000 1.000000000
304 0.000000000 0.889137149 0.110862873
305 0.000000000 0.957594573 0.042405456
306 0.000000000 0.887350559 0.112649456
307 0.000000000 0.935781896 0.064218104
308 0.000000000 0.907195210 0.092804819
309 0.000000000 0.966053963 0.033946041
310 0.000000000 0.941558719 0.058441304
311 0.000000000 0.974874735 0.025125276
312 0.000000000 0.935991228 0.064008765
313 0.000000000 0.990663767 0.009336242
314 0.000000000 0.944790423 0.055209558
315 0.000000000 0.995486259 0.004513736
316 0.000000000 0.975094676 0.024905326
317 0.000000000 0.000000000 1.000000000
318 0.000000000 0.946700096 0.053299896
319 0.000000000 0.946990192 0.053009823
320 0.000000000 0.981097460 0.018902510
321 0.000000000 0.957341790 0.042658232
322 0.000000000 0.993153989 0.006846026
323 0.000000000 0.967859507 0.032140486
324 0.000000000 1.000000000 0.000000000
325 0.000000000 0.967944801 0.032055181
326 0.000000000 0.948513567 0.051486447
327 0.000000000 0.988179147 0.011820839
328 0.000000000 0.983418465 0.016581513
329 0.000000000 0.970287442 0.029712558
330 0.000000000 0.993424237 0.006575755
331 0.000000000 0.011025188 0.988974810
332 0.000000000 0.947034538 0.052965492
333 0.000000000 0.958808541 0.041191433
334 0.000000000 0.991575599 0.008424392
335 0.000000000 0.994470060 0.005529939
336 0.000000000 0.951378107 0.048621923
337 0.000000000 0.956935644 0.043064367
338 0.000000000 1.000000000 0.000000000
339 0.000000000 0.979971707 0.020028289
340 0.000000000 0.959565699 0.040434312
341 0.000000000 0.970290065 0.029709913
342 0.000000000 1.000000000 0.000000000
343 0.000000000 0.964272976 0.035727009
344 0.000000000 1.000000000 0.000000000
345 0.000000000 0.000000000 1.000000000
346 0.000000000 0.941394150 0.058605827
347 0.000000000 0.975471497 0.024528528
348 0.000000000 0.950113595 0.049886420
349 0.000000000 0.925224245 0.074775741
350 0.000000000 0.964958072 0.035041925
351 0.000000000 0.976552963 0.023447063
352 0.000000000 0.980176508 0.019823514
353 0.000000000 0.937859654 0.062140346
354 0.000000000 0.935225844 0.064774156
355 0.000000000 0.928137541 0.071862467
356 0.000000000 0.955279291 0.044720694
357 0.000000000 0.969912231 0.030087797
358 0.000000000 0.992506683 0.007493292
359 0.000000000 0.000000000 1.000000000
360 0.000000000 0.926873684 0.073126286
361 0.000000000 0.966853082 0.033146933
362 0.000000000 0.880130410 0.119869567
363 0.000000000 0.930101991 0.069897994
364 0.000000000 0.814260244 0.185739756
365 0.000000000 0.789590359 0.210409626
366 0.000000000 0.761423528 0.238576472
367 0.000000000 0.856843472 0.143156499
368 0.000000000 0.904654264 0.095345758
369 0.000000000 0.921824038 0.078175977
370 0.000000000 0.952767730 0.047232281
371 0.000000000 0.919530272 0.080469728
372 0.000000000 0.900833726 0.099166274
373 0.000000000 0.000000000 1.000000000
374 0.000000000 0.644632280 0.355367690
375 0.000000000 0.503738403 0.496261597
376 0.000000000 0.450550258 0.549449742
377 0.000000000 0.143206254 0.856793761
378 0.000000000 0.130342558 0.869657457
379 0.000000000 0.085469417 0.914530575
380 0.000000000 0.185785234 0.814214766
381 0.000000000 0.175580561 0.824419439
382 0.000000000 0.214463726 0.785536289
383 0.000000000 0.300508529 0.699491441
384 0.000000000 0.280415118 0.719584882
385 0.000000000 0.320684552 0.679315448
386 0.000000000 0.473336428 0.526663601
387 0.000000000 0.000000000 1.000000000
388 0.000000000 0.026369970 0.973630011
389 0.000000000 0.083623111 0.916376889
390 0.000000000 0.000000000 1.000000000
391 0.000000000 0.000000000 1.000000000
392 0.000000000 0.000000000 1.000000000
393 0.000000000 0.000000000 1.000000000
394 0.000000000 0.000000000 1.000000000
395 0.000000000 0.000000000 1.000000000
396 0.000000000 0.040077686 0.959922314
397 0.000000000 0.000000000 1.000000000
398 0.000000000 0.000000000 1.000000000
399 0.000000000 0.013288608 0.986711383
400 0.000000000 0.000000000 1.000000000
401 0.000000000 0.000000000 1.000000000
402 0.000000000 0.000000000 1.000000000
403 0.000000000 0.000000000 1.000000000
404 0.000000000 0.083376840 0.916623175
405 0.000000000 0.000000000 1.000000000
406 0.000000000 0.015543737 0.984456241
407 0.000000000 0.038797565 0.961202443
408 0.000000000 0.000000000 1.000000000
409 0.000000000 0.000000000 1.000000000
410 0.000000000 0.000000000 1.000000000
411 0.000000000 0.000000000 1.000000000
412 0.000000000 0.045935344 0.954064667
413 0.000000000 0.000000000 1.000000000
414 0.000000000 0.000000000 1.000000000
415 0.000000000 0.000000000 1.000000000
416 0.000000000 0.000000000 1.000000000
417 0.817345858 0.029199595 0.153454572
418 0.854803205 0.000000000 0.145196810
419 0.887996614 0.000000000 0.112003371
420 0.933026016 0.000000000 0.066974014
421 0.876958013 0.012734182 0.110307828
422 0.906552434 0.020701226 0.072746351
423 0.873426318 0.005664621 0.120909072
424 0.895664871 0.007527838 0.096807294
425 0.871349573 0.005482021 0.123168409
426 0.889159143 0.014796667 0.096044198
427 0.942506373 0.000000000 0.057493605
428 0.927141488 0.008347628 0.064510904
429 0.948734045 0.002585899 0.048680075
430 0.000000000 0.000000000 1.000000000
431 0.853508532 0.032072857 0.114418633
432 0.867237628 0.015398003 0.117364362
433 0.932299078 0.009119792 0.058581155
434 0.846661091 0.054473940 0.098864965
435 0.898835003 0.011522638 0.089642346
436 0.921796262 0.000000000 0.078203723
437 0.913330376 0.000000000 0.086669602
438 0.881425679 0.002858575 0.115715764
439 0.936289907 0.001750470 0.061959639
440 0.963336766 0.000000000 0.036663264
441 0.976835012 0.000000000 0.023165004
442 0.955172837 0.000000000 0.044827182
443 0.936257362 0.013761409 0.049981233
444 0.000000000 0.000000000 1.000000000
445 0.903426826 0.000000000 0.096573189
446 0.938870609 0.015970850 0.045158554
447 0.876553714 0.019528553 0.103917710
448 0.908994436 0.023604611 0.067400947
449 0.950809777 0.000000000 0.049190234
450 0.914694726 0.000000000 0.085305288
451 0.896706283 0.013920982 0.089372762
452 0.923923314 0.028034665 0.048042025
453 0.953917682 0.000000000 0.046082292
454 0.958394766 0.011516565 0.030088678
455 0.911255777 0.028031146 0.060713083
456 0.890883029 0.031157183 0.077959806
457 0.873503447 0.045743432 0.080753140
458 0.000000000 0.000000000 1.000000000
459 0.947979331 0.008505647 0.043515000
460 0.865128279 0.033223968 0.101647742
461 0.892271876 0.023085441 0.084642701
462 0.877098262 0.014194522 0.108707212
463 0.853443980 0.041160293 0.105395719
464 0.910789430 0.011930253 0.077280335
465 0.904839337 0.017212169 0.077948481
466 0.910890520 0.000000000 0.089109488
467 0.973387480 0.000000000 0.026612494
468 0.881586969 0.058709715 0.059703343
469 0.899739861 0.030013712 0.070246428
470 0.863761663 0.081296906 0.054941412
471 0.849954724 0.092475809 0.057569500
472 0.004269778 0.000000000 0.995730221
473 0.821051896 0.133553535 0.045394547
474 0.869933128 0.094696410 0.035370447
475 0.819702864 0.053158816 0.127138332
476 0.848729491 0.088878222 0.062392306
477 0.876487851 0.048102155 0.075409964
478 0.890618324 0.079174601 0.030207075
479 0.825690746 0.127682820 0.046626434
480 0.910852611 0.059543356 0.029604020
481 0.848114967 0.111540392 0.040344637
482 0.871438801 0.075710520 0.052850675
483 0.890559316 0.059093446 0.050347257
484 0.882904649 0.074568264 0.042527087
485 0.916218221 0.056752738 0.027029039
486 0.000000000 0.000000000 1.000000000
487 0.846109569 0.102891028 0.050999399
488 0.842580318 0.059327103 0.098092563
489 0.828573227 0.142387539 0.029039204
490 0.889751732 0.066059388 0.044188891
491 0.866301119 0.072274961 0.061423942
492 0.825061560 0.091913350 0.083025105
493 0.892259479 0.075556055 0.032184452
494 0.702776849 0.248070985 0.049152181
495 0.771712422 0.194734201 0.033553392
496 0.760738194 0.214383751 0.024878070
497 0.727651417 0.201085255 0.071263351
498 0.783083797 0.163046762 0.053869456
499 0.749293327 0.222670272 0.028036386
500 0.000000000 0.000000000 1.000000000
501 0.738579571 0.239162460 0.022257937
502 0.579475999 0.407065094 0.013458915
503 0.624270201 0.351176918 0.024552915
504 0.680114925 0.313717425 0.006167650
505 0.655373156 0.336166769 0.008460068
506 0.667403400 0.324768633 0.007827998
507 0.626240015 0.348397285 0.025362696
508 0.638920248 0.327149391 0.033930376
509 0.564132273 0.394241452 0.041626297
510 0.559877753 0.396353692 0.043768559
511 0.698332071 0.298428595 0.003239330
512 0.547236502 0.428747535 0.024015997
513 0.579311013 0.346025676 0.074663311
514 0.000000000 0.000000000 1.000000000
515 0.424788594 0.529537022 0.045674376
516 0.465944916 0.429139316 0.104915775
517 0.549446821 0.411788285 0.038764913
518 0.470269144 0.502050936 0.027679916
519 0.550200701 0.434454054 0.015345252
520 0.572234035 0.376685470 0.051080473
521 0.678774893 0.293177933 0.028047213
522 0.593667209 0.352973670 0.053359129
523 0.621925890 0.355358660 0.022715468
524 0.614448905 0.326522499 0.059028592
525 0.648162484 0.310068816 0.041768722
526 0.660445988 0.301857650 0.037696403
527 0.636802614 0.263307333 0.099890031
528 0.000000000 0.000000000 1.000000000
529 0.617806315 0.327665746 0.054527927
530 0.653998792 0.277016908 0.068984300
531 0.498417765 0.452803195 0.048779033
532 0.675503671 0.316235363 0.008260983
533 0.245255232 0.728831112 0.025913680
534 0.252880961 0.684426904 0.062692136
535 0.198434442 0.730627775 0.070937753
536 0.307666272 0.650034189 0.042299550
537 0.354870856 0.599403262 0.045725916
538 0.303631455 0.664079785 0.032288767
539 0.367510498 0.601458371 0.031031121
540 0.320196986 0.635369956 0.044433050
541 0.286167890 0.674291432 0.039540704
542 0.000000000 0.000000000 1.000000000
543 0.295549393 0.687946081 0.016504515
544 0.182189107 0.755376995 0.062433902
545 0.169430718 0.777827859 0.052741434
546 0.000000000 0.986308217 0.013691810
547 0.007765667 0.931959629 0.060274687
548 0.000000000 0.912001491 0.087998517
549 0.019084265 0.911839306 0.069076411
550 0.019059433 0.921304405 0.059636179
551 0.062892430 0.919419587 0.017688014
552 0.076160625 0.899042130 0.024797229
553 0.020592777 0.937121272 0.042285934
554 0.049605265 0.950394750 0.000000000
555 0.017420307 0.982579708 0.000000000
556 0.016779415 0.000000000 0.983220577
557 0.057025220 0.837654054 0.105320714
558 0.008028783 0.930376351 0.061594862
559 0.000000000 0.892136037 0.107863978
560 0.000000000 0.829938710 0.170061290
561 0.000000000 0.749660552 0.250339419
562 0.000000000 0.848692238 0.151307777
563 0.000000000 0.863369584 0.136630431
564 0.000000000 0.891940475 0.108059540
565 0.000000000 0.921803832 0.078196153
566 0.000000000 0.877927601 0.122072391
567 0.001433946 0.903868854 0.094697170
568 0.000000000 0.915564120 0.084435903
569 0.000000000 0.867733359 0.132266641
570 0.002513341 0.004159268 0.993327379
571 0.023465684 0.635049522 0.341484785
572 0.020551173 0.276547581 0.702901244
573 0.062856957 0.279690951 0.657452106
574 0.000000000 0.216440842 0.783559144
575 0.051583610 0.252979308 0.695437074
576 0.070601143 0.331900448 0.597498417
577 0.000000000 0.309957623 0.690042377
578 0.005389046 0.358155370 0.636455595
579 0.017862301 0.424214959 0.557922781
580 0.054149747 0.264563024 0.681287229
581 0.046002563 0.306344420 0.647653043
582 0.042959124 0.312083125 0.644957781
583 0.043319751 0.634064913 0.322615325
584 0.000000000 0.013342926 0.986657083
585 0.000000000 0.000000000 1.000000000
586 0.867393851 0.021138247 0.111467876
587 0.901610136 0.006683938 0.091705933
588 0.905867815 0.000000000 0.094132170
589 0.922565520 0.000000000 0.077434458
590 0.929078996 0.000000000 0.070921019
591 0.951392949 0.000000000 0.048607025
592 0.929915726 0.000000000 0.070084251
593 0.934766769 0.000000000 0.065233223
594 0.895437360 0.000000000 0.104562670
595 0.940877676 0.000000000 0.059122320
596 0.917451084 0.030183781 0.052365165
597 0.958095014 0.000000000 0.041904986
598 0.918467522 0.003660833 0.077871628
599 0.045922395 0.000000000 0.954077601
600 0.888471663 0.011628007 0.099900335
601 0.877649546 0.000000000 0.122350454
602 0.876224399 0.000000000 0.123775609
603 0.885312855 0.000000000 0.114687122
604 0.914367020 0.000000000 0.085632972
605 0.945847571 0.000000000 0.054152407
606 0.929799557 0.000000000 0.070200451
607 0.906190097 0.000000000 0.093809888
608 0.914461851 0.000000000 0.085538164
609 0.895023823 0.011005394 0.093970798
610 0.919612050 0.000000000 0.080387972
611 0.931137979 0.004200064 0.064661950
612 0.871269584 0.057231024 0.071499385
613 0.000000000 0.000000000 1.000000000
614 0.877739549 0.000000000 0.122260459
615 0.921107113 0.000000000 0.078892909
616 0.908248723 0.000000000 0.091751255
617 0.934589803 0.000000000 0.065410182
618 0.970025659 0.000000000 0.029974345
619 0.917769492 0.000000000 0.082230508
620 0.939122915 0.000000000 0.060877059
621 0.941500783 0.000000000 0.058499221
622 0.954811692 0.002009422 0.043178871
623 0.967484176 0.000000000 0.032515846
624 0.871069789 0.051251270 0.077678911
625 0.844877660 0.068350181 0.086772151
626 0.928904176 0.015827885 0.055267937
627 0.000000000 0.000000000 1.000000000
628 0.931883276 0.000000000 0.068116695
629 0.916650772 0.000000000 0.083349206
630 0.922569454 0.000000000 0.077430561
631 0.946838498 0.000000000 0.053161483
632 0.923969328 0.000000000 0.076030664
633 0.939900637 0.005245143 0.054854222
634 0.927956283 0.007033843 0.065009855
635 0.894387841 0.039522983 0.066089176
636 0.926521003 0.028207717 0.045271281
637 0.887402475 0.036418330 0.076179214
638 0.857829869 0.081216678 0.060953483
639 0.887947321 0.071530141 0.040522557
640 0.848566830 0.064530618 0.086902536
641 0.037969328 0.000000000 0.962030649
642 0.880067468 0.055503830 0.064428724
643 0.940362632 0.017303407 0.042333942
644 0.894837618 0.028942877 0.076219514
645 0.864609420 0.067700163 0.067690425
646 0.895349622 0.037930604 0.066719785
647 0.899921000 0.039514009 0.060564987
648 0.834773898 0.120494343 0.044731781
649 0.927948773 0.035296500 0.036754720
650 0.850481987 0.088383488 0.061134528
651 0.815116286 0.162874132 0.022009565
652 0.835025668 0.098783337 0.066191018
653 0.802334368 0.112705037 0.084960595
654 0.852981627 0.078938819 0.068079539
655 0.000000000 0.000000000 1.000000000
656 0.888781190 0.056854438 0.054364379
657 0.859057128 0.086868793 0.054074071
658 0.894383371 0.053184301 0.052432336
659 0.842434227 0.106033489 0.051532261
660 0.902690530 0.048825696 0.048483796
661 0.799189210 0.168842450 0.031968333
662 0.859669805 0.109105326 0.031224865
663 0.795883834 0.168371201 0.035744939
664 0.715296924 0.232453570 0.052249521
665 0.769591093 0.190655470 0.039753441
666 0.802371740 0.151666373 0.045961868
667 0.773653269 0.168334275 0.058012456
668 0.722291172 0.226510465 0.051198382
669 0.023277763 0.000000000 0.976722240
670 0.743321121 0.218032479 0.038646407
671 0.777911901 0.204020500 0.018067619
672 0.786338568 0.178303599 0.035357855
673 0.811678171 0.160173953 0.028147891
674 0.672760367 0.309760809 0.017478818
675 0.760176659 0.214980841 0.024842506
676 0.570384979 0.370269269 0.059345733
677 0.511891723 0.451416075 0.036692187
678 0.578422129 0.353944004 0.067633890
679 0.615963578 0.317062199 0.066974230
680 0.614284098 0.345073789 0.040642127
681 0.577083528 0.397212446 0.025704026
682 0.643018901 0.286540896 0.070440188
683 0.000000000 0.000000000 1.000000000
684 0.556908369 0.378795356 0.064296253
685 0.540840328 0.389052212 0.070107482
686 0.578945518 0.390815586 0.030238898
687 0.447241366 0.475996375 0.076762252
688 0.472660661 0.445500016 0.081839301
689 0.580437303 0.350925356 0.068637319
690 0.546509802 0.399017662 0.054472521
691 0.578103304 0.380749553 0.041147143
692 0.615232527 0.331154287 0.053613216
693 0.641028523 0.295301318 0.063670158
694 0.609581053 0.371231467 0.019187488
695 0.693161249 0.257459790 0.049378973
696 0.674292803 0.274159253 0.051547918
697 0.000000000 0.000000000 1.000000000
698 0.605697691 0.358653575 0.035648771
699 0.644607842 0.340232968 0.015159188
700 0.497033894 0.494206786 0.008759314
701 0.504591167 0.495408803 0.000000000
702 0.308553159 0.691446841 0.000000000
703 0.293062478 0.666796207 0.040141292
704 0.234360456 0.737933517 0.027706036
705 0.353706509 0.575040340 0.071253136
706 0.437503755 0.505477905 0.057018343
707 0.305856019 0.694144011 0.000000000
708 0.426711500 0.520927250 0.052361235
709 0.348314494 0.580370188 0.071315326
710 0.344779074 0.640576065 0.014644871
711 0.000000000 0.000000000 1.000000000
712 0.189107552 0.779075980 0.031816471
713 0.170572639 0.801234722 0.028192654
714 0.112177782 0.834943593 0.052878641
715 0.070553117 0.923914731 0.005532169
716 0.008498386 0.926074743 0.065426871
717 0.000000000 0.924915910 0.075084075
718 0.000000000 0.932877123 0.067122854
719 0.000000000 0.929682255 0.070317745
720 0.000000000 0.948290169 0.051709827
721 0.003588697 0.925444424 0.070966892
722 0.065293401 0.894096196 0.040610392
723 0.053758129 0.933210969 0.013030888
724 0.023423592 0.925958991 0.050617393
725 0.000000000 0.020515690 0.979484320
726 0.026735509 0.933936894 0.039327580
727 0.000000000 0.951396346 0.048603658
728 0.029910017 0.723708212 0.246381760
729 0.038483564 0.700548947 0.260967523
730 0.000000000 0.746006429 0.253993541
731 0.020585554 0.763513565 0.215900868
732 0.020919159 0.790563166 0.188517660
733 0.000000000 0.846207559 0.153792471
734 0.001981408 0.813863099 0.184155509
735 0.000000000 0.835493505 0.164506465
736 0.000000000 0.836528420 0.163471594
737 0.000000000 0.792325497 0.207674533
738 0.046052426 0.783697009 0.170250550
739 0.000000000 0.038945049 0.961054981
740 0.000000000 0.760260940 0.239739046
741 0.035505507 0.073893420 0.890601039
742 0.037515070 0.000100489 0.962384462
743 0.000000000 0.007463446 0.992536545
744 0.002508439 0.095992662 0.901498914
745 0.000000000 0.033602044 0.966397941
746 0.000000000 0.024799636 0.975200355
747 0.000000000 0.127208397 0.872791588
748 0.008869430 0.072983913 0.918146670
749 0.054880951 0.085881457 0.859237611
750 0.082240745 0.008398529 0.909360707
751 0.000000000 0.080736063 0.919263959
752 0.026034323 0.196237400 0.777728260
753 0.000000000 0.000000000 1.000000000
754 0.000000000 1.000000000 0.000000000
755 1.000000000 0.000000000 0.000000000
756 1.000000000 0.000000000 0.000000000
757 1.000000000 0.000000000 0.000000000
758 1.000000000 0.000000000 0.000000000
759 0.996060312 0.003939713 0.000000000
760 1.000000000 0.000000000 0.000000000
761 1.000000000 0.000000000 0.000000000
762 1.000000000 0.000000000 0.000000000
763 1.000000000 0.000000000 0.000000000
764 1.000000000 0.000000000 0.000000000
765 1.000000000 0.000000000 0.000000000
766 1.000000000 0.000000000 0.000000000
767 1.000000000 0.000000000 0.000000000
768 0.000000000 1.000000000 0.000000000
769 0.944716692 0.055283293 0.000000000
770 0.946769297 0.053230703 0.000000000
771 0.965908408 0.034091618 0.000000000
772 0.955340922 0.044659097 0.000000000
773 1.000000000 0.000000000 0.000000000
774 0.973549008 0.026450990 0.000000000
775 1.000000000 0.000000000 0.000000000
776 1.000000000 0.000000000 0.000000000
777 0.972421765 0.027578218 0.000000000
778 1.000000000 0.000000000 0.000000000
779 1.000000000 0.000000000 0.000000000
780 1.000000000 0.000000000 0.000000000
781 1.000000000 0.000000000 0.000000000
782 0.000000000 1.000000000 0.000000000
783 1.000000000 0.000000000 0.000000000
784 1.000000000 0.000000000 0.000000000
785 1.000000000 0.000000000 0.000000000
786 1.000000000 0.000000000 0.000000000
787 1.000000000 0.000000000 0.000000000
788 1.000000000 0.000000000 0.000000000
789 1.000000000 0.000000000 0.000000000
790 1.000000000 0.000000000 0.000000000
791 1.000000000 0.000000000 0.000000000
792 0.984316528 0.015683444 0.000000000
793 1.000000000 0.000000000 0.000000000
794 0.959430814 0.040569156 0.000000000
795 0.969046652 0.030953323 0.000000000
796 0.000000000 1.000000000 0.000000000
797 0.938730657 0.061269362 0.000000000
798 0.982425570 0.017574420 0.000000000
799 1.000000000 0.000000000 0.000000000
800 1.000000000 0.000000000 0.000000000
801 1.000000000 0.000000000 0.000000000
802 1.000000000 0.000000000 0.000000000
803 1.000000000 0.000000000 0.000000000
804 1.000000000 0.000000000 0.000000000
805 0.989807248 0.010192764 0.000000000
806 1.000000000 0.000000000 0.000000000
807 1.000000000 0.000000000 0.000000000
808 1.000000000 0.000000000 0.000000000
809 1.000000000 0.000000000 0.000000000
810 0.019287627 0.980712354 0.000000000
811 0.892468214 0.107531764 0.000000000
812 0.989732444 0.010267571 0.000000000
813 0.968143940 0.031856071 0.000000000
814 0.957247615 0.042752411 0.000000000
815 1.000000000 0.000000000 0.000000000
816 0.983931959 0.016068030 0.000000000
817 0.941224873 0.058775134 0.000000000
818 0.952510178 0.047489837 0.000000000
819 1.000000000 0.000000000 0.000000000
820 0.997370243 0.002629748 0.000000000
821 1.000000000 0.000000000 0.000000000
822 0.998527765 0.001472212 0.000000000
823 1.000000000 0.000000000 0.000000000
824 0.002448495 0.997551501 0.000000000
825 1.000000000 0.000000000 0.000000000
826 1.000000000 0.000000000 0.000000000
827 0.982386291 0.017613703 0.000000000
828 1.000000000 0.000000000 0.000000000
829 0.995724261 0.004275727 0.000000000
830 1.000000000 0.000000000 0.000000000
831 0.958081901 0.041918084 0.000000000
832 0.946141362 0.053858608 0.000000000
833 0.915031791 0.084968202 0.000000000
834 0.844338775 0.155661196 0.000000000
835 0.884295523 0.115704484 0.000000000
836 0.996260285 0.003739731 0.000000000
837 0.951635540 0.048364487 0.000000000
838 0.013209533 0.986790478 0.000000000
839 0.878259599 0.121740378 0.000000000
840 0.813491046 0.186508968 0.000000000
841 0.963266850 0.036733124 0.000000000
842 0.844002664 0.155997351 0.000000000
843 0.950509667 0.049490362 0.000000000
844 0.792744398 0.207255617 0.000000000
845 0.879575193 0.120424807 0.000000000
846 0.790282369 0.209717602 0.000000000
847 0.803491294 0.196508721 0.000000000
848 0.797981679 0.202018321 0.000000000
849 0.901436388 0.098563619 0.000000000
850 0.800207853 0.199792132 0.000000000
851 0.850792050 0.149207965 0.000000000
852 0.000000000 1.000000000 0.000000000
853 0.713201165 0.286798805 0.000000000
854 0.800645411 0.199354559 0.000000000
855 0.714981019 0.285019010 0.000000000
856 0.702873409 0.297126621 0.000000000
857 0.678051651 0.321948379 0.000000000
858 0.838270426 0.161729559 0.000000000
859 0.756871760 0.243128255 0.000000000
860 0.776795387 0.223204598 0.000000000
861 0.774988115 0.225011915 0.000000000
862 0.886602879 0.113397121 0.000000000
863 0.832528114 0.167471901 0.000000000
864 0.902535439 0.097464584 0.000000000
865 0.970888972 0.029111022 0.000000000
866 0.000000000 1.000000000 0.000000000
867 0.874142766 0.125857204 0.000000000
868 0.835803747 0.164196283 0.000000000
869 0.796550155 0.203449816 0.000000000
870 0.762021363 0.237978652 0.000000000
871 0.528569758 0.471430242 0.000000000
872 0.501782537 0.498217463 0.000000000
873 0.562081873 0.437918156 0.000000000
874 0.614915252 0.385084748 0.000000000
875 0.707222164 0.292777807 0.000000000
876 0.622774959 0.377225071 0.000000000
877 0.634858966 0.365141004 0.000000000
878 0.675719440 0.324280530 0.000000000
879 0.667827964 0.332172036 0.000000000
880 0.000000000 1.000000000 0.000000000
881 0.542201638 0.457798362 0.000000000
882 0.569466531 0.430533499 0.000000000
883 0.302595228 0.697404802 0.000000000
884 0.424698055 0.575301945 0.000000000
885 0.313792855 0.686207116 0.000000000
886 0.451142579 0.548857450 0.000000000
887 0.438139737 0.561860263 0.000000000
888 0.537092388 0.462907642 0.000000000
889 0.359858632 0.640141368 0.000000000
890 0.477432698 0.522567272 0.000000000
891 0.533661008 0.466339022 0.000000000
892 0.536886275 0.463113725 0.000000000
893 0.593096554 0.406903446 0.000000000
894 0.000000000 1.000000000 0.000000000
895 0.303282261 0.696717739 0.000000000
896 0.176013693 0.823986292 0.000000000
897 0.000000000 1.000000000 0.000000000
898 0.049975790 0.950024188 0.000000000
899 0.000000000 1.000000000 0.000000000
900 0.064958245 0.935041726 0.000000000
901 0.036659878 0.963340104 0.000000000
902 0.000000000 1.000000000 0.000000000
903 0.070307419 0.929692566 0.000000000
904 0.051369991 0.948630035 0.000000000
905 0.020128144 0.979871869 0.000000000
906 0.070983090 0.929016888 0.000000000
907 0.103609592 0.896390378 0.000000000
908 0.000000000 1.000000000 0.000000000
909 0.000000000 1.000000000 0.000000000
910 0.000000000 1.000000000 0.000000000
911 0.000000000 1.000000000 0.000000000
912 0.000000000 1.000000000 0.000000000
913 0.000000000 1.000000000 0.000000000
914 0.000000000 1.000000000 0.000000000
915 0.000000000 1.000000000 0.000000000
916 0.000000000 1.000000000 0.000000000
917 0.000000000 1.000000000 0.000000000
918 0.000000000 1.000000000 0.000000000
919 0.000000000 1.000000000 0.000000000
920 0.000000000 1.000000000 0.000000000
921 0.000000000 1.000000000 0.000000000
922 0.000000000 1.000000000 0.000000000
923 0.000000000 1.000000000 0.000000000
924 1.000000000 0.000000000 0.000000000
925 0.964091599 0.035908427 0.000000000
926 0.986139178 0.013860792 0.000000000
927 1.000000000 0.000000000 0.000000000
928 0.998190701 0.001809301 0.000000000
929 0.948016167 0.051983844 0.000000000
930 1.000000000 0.000000000 0.000000000
931 0.984699368 0.015300622 0.000000000
932 1.000000000 0.000000000 0.000000000
933 0.975035310 0.024964662 0.000000000
934 0.973577380 0.026422640 0.000000000
935 0.936064661 0.063935339 0.000000000
936 0.954365969 0.045634057 0.000000000
937 0.000000000 1.000000000 0.000000000
938 0.951093554 0.048906427 0.000000000
939 1.000000000 0.000000000 0.000000000
940 1.000000000 0.000000000 0.000000000
941 0.982898176 0.017101802 0.000000000
942 0.954810321 0.045189656 0.000000000
943 1.000000000 0.000000000 0.000000000
944 0.992455781 0.007544199 0.000000000
945 0.994863391 0.005136603 0.000000000
946 0.957538903 0.042461075 0.000000000
947 1.000000000 0.000000000 0.000000000
948 0.947150111 0.052849863 0.000000000
949 1.000000000 0.000000000 0.000000000
950 0.977881610 0.022118377 0.000000000
951 0.000000000 1.000000000 0.000000000
952 0.976976693 0.023023318 0.000000000
953 1.000000000 0.000000000 0.000000000
954 0.925927997 0.074071988 0.000000000
955 0.962558746 0.037441228 0.000000000
956 0.998052418 0.001947598 0.000000000
957 0.927962124 0.072037861 0.000000000
958 1.000000000 0.000000000 0.000000000
959 0.968750298 0.031249722 0.000000000
960 0.973369837 0.026630187 0.000000000
961 0.972448885 0.027551124 0.000000000
962 0.930532813 0.069467209 0.000000000
963 0.874250293 0.125749722 0.000000000
964 0.967202306 0.032797683 0.000000000
965 0.000000000 1.000000000 0.000000000
966 0.951742351 0.048257638 0.000000000
967 0.917812169 0.082187817 0.000000000
968 0.926866829 0.073133200 0.000000000
969 0.940190315 0.059809662 0.000000000
970 0.877235651 0.122764364 0.000000000
971 0.913794219 0.086205803 0.000000000
972 0.915497184 0.084502846 0.000000000
973 0.908878446 0.091121577 0.000000000
974 0.907427847 0.092572123 0.000000000
975 0.898095667 0.101904318 0.000000000
976 0.856262803 0.143737182 0.000000000
977 0.899615288 0.100384712 0.000000000
978 0.896965861 0.103034124 0.000000000
979 0.000000000 1.000000000 0.000000000
980 0.850159168 0.149840847 0.000000000
981 0.878277540 0.121722445 0.000000000
982 0.884454012 0.115545966 0.000000000
983 0.820535839 0.179464191 0.000000000
984 0.843165040 0.156834990 0.000000000
985 0.803638756 0.196361229 0.000000000
986 0.837894917 0.162105098 0.000000000
987 0.813797712 0.186202288 0.000000000
988 0.865994751 0.134005219 0.000000000
989 0.799242139 0.200757846 0.000000000
990 0.885644019 0.114355996 0.000000000
991 0.786549747 0.213450283 0.000000000
992 0.867579281 0.132420704 0.000000000
993 0.000000000 1.000000000 0.000000000
994 0.844987214 0.155012757 0.000000000
995 0.880549788 0.119450212 0.000000000
996 0.795415819 0.204584166 0.000000000
997 0.804839730 0.195160255 0.000000000
998 0.829960465 0.170039564 0.000000000
999 0.759989977 0.240010023 0.000000000
1000 0.742718518 0.257281452 0.000000000
1001 0.777239203 0.222760782 0.000000000
1002 0.822182000 0.177818015 0.000000000
1003 0.818196416 0.181803614 0.000000000
1004 0.782385409 0.217614591 0.000000000
1005 0.854680121 0.145319894 0.000000000
1006 0.800252378 0.199747622 0.000000000
1007 0.000000000 1.000000000 0.000000000
1008 0.788448215 0.211551800 0.000000000
1009 0.713791668 0.286208332 0.000000000
1010 0.748222470 0.251777560 0.000000000
1011 0.745671213 0.254328758 0.000000000
1012 0.757566690 0.242433339 0.000000000
1013 0.703246951 0.296753049 0.000000000
1014 0.703896940 0.296103090 0.000000000
1015 0.679325163 0.320674837 0.000000000
1016 0.772426605 0.227573410 0.000000000
1017 0.733691096 0.266308904 0.000000000
1018 0.748694658 0.251305372 0.000000000
1019 0.741539121 0.258460909 0.000000000
1020 0.771714032 0.228285983 0.000000000
1021 0.000000000 1.000000000 0.000000000
1022 0.605394006 0.394605964 0.000000000
1023 0.640655637 0.359344333 0.000000000
1024 0.657717586 0.342282414 0.000000000
1025 0.622050941 0.377949059 0.000000000
1026 0.509252846 0.490747124 0.000000000
1027 0.683059871 0.316940129 0.000000000
1028 0.653621256 0.346378773 0.000000000
1029 0.742446244 0.257553756 0.000000000
1030 0.656530976 0.343469024 0.000000000
1031 0.730142176 0.269857794 0.000000000
1032 0.708937287 0.291062683 0.000000000
1033 0.748323321 0.251676708 0.000000000
1034 0.728310883 0.271689117 0.000000000
1035 0.000000000 1.000000000 0.000000000
1036 0.635945797 0.364054233 0.000000000
1037 0.701495469 0.298504531 0.000000000
1038 0.552856863 0.447143137 0.000000000
1039 0.494751632 0.505248368 0.000000000
1040 0.466467381 0.533532619 0.000000000
1041 0.433920234 0.566079795 0.000000000
1042 0.476787418 0.523212552 0.000000000
1043 0.464094937 0.535905063 0.000000000
1044 0.524437726 0.475562274 0.000000000
1045 0.502042890 0.497957081 0.000000000
1046 0.532080352 0.467919648 0.000000000
1047 0.521748483 0.478251517 0.000000000
1048 0.500656247 0.499343783 0.000000000
1049 0.000000000 1.000000000 0.000000000
1050 0.377970457 0.622029543 0.000000000
1051 0.427832812 0.572167218 0.000000000
1052 0.161202043 0.838797987 0.000000000
1053 0.381530792 0.618469179 0.000000000
1054 0.385509282 0.614490688 0.000000000
1055 0.462689131 0.537310839 0.000000000
1056 0.322747499 0.677252471 0.000000000
1057 0.475143820 0.524856150 0.000000000
1058 0.488699794 0.511300206 0.000000000
1059 0.502126515 0.497873485 0.000000000
1060 0.450705856 0.549294174 0.000000000
1061 0.433340490 0.566659510 0.000000000
1062 0.434460044 0.565539956 0.000000000
1063 0.000000000 1.000000000 0.000000000
1064 0.378040373 0.621959627 0.000000000
1065 0.179116115 0.820883870 0.000000000
1066 0.062043589 0.937956393 0.000000000
1067 0.110209033 0.889790952 0.000000000
1068 0.109252788 0.890747190 0.000000000
1069 0.064747892 0.935252130 0.000000000
1070 0.124480948 0.875519037 0.000000000
1071 0.114243791 0.885756195 0.000000000
1072 0.147477776 0.852522254 0.000000000
1073 0.106211111 0.893788874 0.000000000
1074 0.072504967 0.927495062 0.000000000
1075 0.095441341 0.904558659 0.000000000
1076 0.112582549 0.887417436 0.000000000
1077 0.038713746 0.961286247 0.000000000
1078 0.019180637 0.980819345 0.000000000
1079 0.028695324 0.971304655 0.000000000
1080 0.000000000 1.000000000 0.000000000
1081 0.000000000 1.000000000 0.000000000
1082 0.000000000 1.000000000 0.000000000
1083 0.000000000 1.000000000 0.000000000
1084 0.000000000 1.000000000 0.000000000
1085 0.013614415 0.986385584 0.000000000
1086 0.025377151 0.974622846 0.000000000
1087 0.000000000 1.000000000 0.000000000
1088 0.000000000 1.000000000 0.000000000
1089 0.000000000 1.000000000 0.000000000
1090 0.031199230 0.968800783 0.000000000
1091 0.000000000 1.000000000 0.000000000
1092 0.000000000 0.338807732 0.661192298
1093 0.000000000 0.570477247 0.429522783
1094 0.000000000 0.523657858 0.476342142
1095 0.000000000 0.551061213 0.448938787
1096 0.000000000 0.683431327 0.316568702
1097 0.000000000 0.605760157 0.394239873
1098 0.000000000 0.709700584 0.290299416
1099 0.000000000 0.571775556 0.428224415
1100 0.000000000 0.623310864 0.376689136
1101 0.000000000 0.678956091 0.321043909
1102 0.000000000 0.723321676 0.276678324
1103 0.000000000 0.605946124 0.394053906
1104 0.000000000 0.795106888 0.204893097
1105 0.000000000 0.516481996 0.483517975
1106 0.000000000 0.251543343 0.748456657
1107 0.000000000 0.552936316 0.447063714
1108 0.000000000 0.526497304 0.473502696
1109 0.000000000 0.592692375 0.407307655
1110 0.000000000 0.591477215 0.408522815
1111 0.000000000 0.711402118 0.288597852
1112 0.000000000 0.573361337 0.426638633
1113 0.000000000 0.650420725 0.349579275
1114 0.000000000 0.637951374 0.362048626
1115 0.000000000 0.745880902 0.254119128
1116 0.000000000 0.583660483 0.416339487
1117 0.000000000 0.803283870 0.196716145
1118 0.000000000 0.543189287 0.456810713
1119 0.000000000 0.593707383 0.406292588
1120 0.000000000 0.220279932 0.779720068
1121 0.000000000 0.590500057 0.409499943
1122 0.000000000 0.631357670 0.368642330
1123 0.000000000 0.563288808 0.436711192
1124 0.000000000 0.726603985 0.273396015
1125 0.000000000 0.603061855 0.396938175
1126 0.000000000 0.682721436 0.317278564
1127 0.000000000 0.719365001 0.280634999
1128 0.000000000 0.706234157 0.293765813
1129 0.000000000 0.722407281 0.277592748
1130 0.000000000 0.827753007 0.172247007
1131 0.000000000 0.642565966 0.357434034
1132 0.000000000 0.645200253 0.354799718
1133 0.000000000 0.666232526 0.333767474
1134 0.000000000 0.383425444 0.616574526
1135 0.000000000 0.620115757 0.379884243
1136 0.000000000 0.597159147 0.402840823
1137 0.000000000 0.714005530 0.285994470
1138 0.000000000 0.705905318 0.294094652
1139 0.000000000 0.725793660 0.274206370
1140 0.000000000 0.767890036 0.232109934
1141 0.000000000 0.836351633 0.163648367
1142 0.000000000 0.749274373 0.250725657
1143 0.000000000 0.838252485 0.161747500
1144 0.000000000 0.811708033 0.188291982
1145 0.000000000 0.855848968 0.144151017
1146 0.000000000 0.837475240 0.162524745
1147 0.000000000 0.816934288 0.183065698
1148 0.000000000 0.229921088 0.770078897
1149 0.000000000 0.941772699 0.058227308
1150 0.000000000 0.975914717 0.024085307
1151 0.000000000 0.924125552 0.075874440
1152 0.000000000 0.871171296 0.128828689
1153 0.000000000 0.878059983 0.121940039
1154 0.000000000 0.979579985 0.020419993
1155 0.000000000 0.914245546 0.085754432
1156 0.000000000 0.941524267 0.058475740
1157 0.000000000 0.718532026 0.281467944
1158 0.000000000 0.774962127 0.225037873
1159 0.000000000 0.777915835 0.222084150
1160 0.000000000 0.719883382 0.280116588
1161 0.000000000 0.823529184 0.176470786
1162 0.000000000 0.145118594 0.854881406
1163 0.000000000 0.909087598 0.090912409
1164 0.000000000 0.865594327 0.134405702
1165 0.000000000 0.879517734 0.120482281
1166 0.000000000 0.931241453 0.068758570
1167 0.000000000 0.978047073 0.021952940
1168 0.000000000 0.934643924 0.065356061
1169 0.000000000 0.942635477 0.057364531
1170 0.000000000 0.863319516 0.136680469
1171 0.000000000 0.863075614 0.136924416
1172 0.000000000 0.886726260 0.113273747
1173 0.000000000 0.858038068 0.141961932
1174 0.000000000 0.856449127 0.143550843
1175 0.000000000 0.884698689 0.115301318
1176 0.000000000 0.226896822 0.773103178
1177 0.000000000 0.965505958 0.034494057
1178 0.000000000 0.857048273 0.142951697
1179 0.000000000 0.924011528 0.075988442
1180 0.000000000 0.949558496 0.050441515
1181 0.000000000 0.960600317 0.039399683
1182 0.000000000 0.925118029 0.074881986
1183 0.000000000 0.934370935 0.065629043
1184 0.000000000 0.894003749 0.105996273
1185 0.000000000 0.925837338 0.074162647
1186 0.000000000 0.934142649 0.065857381
1187 0.000000000 0.941269457 0.058730554
1188 0.000000000 0.903518379 0.096481614
1189 0.000000000 0.938792288 0.061207715
1190 0.000000000 0.397552371 0.602447629
1191 0.000000000 0.976502120 0.023497876
1192 0.000000000 0.947341025 0.052658975
1193 0.000000000 0.990203679 0.009796350
1194 0.000000000 0.948148251 0.051851746
1195 0.000000000 0.955326617 0.044673387
1196 0.000000000 0.869501173 0.130498797
1197 0.000000000 0.830706537 0.169293463
1198 0.000000000 0.922990382 0.077009611
1199 0.000000000 0.882891834 0.117108181
1200 0.000000000 0.900878668 0.099121332
1201 0.000000000 0.924384475 0.075615525
1202 0.000000000 0.905864418 0.094135575
1203 0.000000000 0.895386636 0.104613356
1204 0.000000000 0.275236279 0.724763691
1205 0.000000000 0.941320062 0.058679909
1206 0.000000000 0.986117423 0.013882590
1207 0.000000000 0.925926685 0.074073285
1208 0.000000000 0.941299975 0.058700036
1209 0.000000000 0.854693770 0.145306244
1210 0.000000000 0.784727454 0.215272561
1211 0.000000000 0.780741751 0.219258219
1212 0.000000000 0.808535814 0.191464216
1213 0.000000000 0.847210169 0.152789846
1214 0.000000000 0.859480083 0.140519932
1215 0.000000000 0.845340729 0.154659271
1216 0.000000000 0.784235418 0.215764567
1217 0.000000000 0.827641606 0.172358379
1218 0.000000000 0.236109421 0.763890564
1219 0.000000000 0.868440926 0.131559044
1220 0.000000000 0.764159381 0.235840589
1221 0.000000000 0.787906289 0.212093726
1222 0.000000000 0.624570251 0.375429779
1223 0.000000000 0.628757298 0.371242702
1224 0.000000000 0.604871035 0.395128995
1225 0.000000000 0.552544475 0.447455525
1226 0.000000000 0.646164358 0.353835672
1227 0.000000000 0.662018299 0.337981701
1228 0.000000000 0.712665260 0.287334770
1229 0.000000000 0.697850227 0.302149773
1230 0.000000000 0.604851902 0.395148069
1231 0.000000000 0.677260876 0.322739154
1232 0.000000000 0.148310319 0.851689696
1233 0.000000000 0.636214316 0.363785684
1234 0.000000000 0.547802567 0.452197433
1235 0.000000000 0.154755682 0.845244288
1236 0.000000000 0.179957330 0.820042670
1237 0.000000000 0.177984893 0.822015107
1238 0.000000000 0.137551948 0.862448037
1239 0.000000000 0.144241661 0.855758309
1240 0.000000000 0.182231039 0.817768931
1241 0.000000000 0.259215653 0.740784347
1242 0.000000000 0.269340932 0.730659068
1243 0.000000000 0.277175069 0.722824931
1244 0.000000000 0.253766030 0.746233940
1245 0.000000000 0.321332932 0.678667068
1246 0.000000000 0.117478982 0.882521033
1247 0.000000000 0.205254301 0.794745684
1248 0.000000000 0.034146350 0.965853631
1249 0.000000000 0.062024903 0.937975109
1250 0.000000000 0.000000000 1.000000000
1251 0.000000000 0.016707746 0.983292282
1252 0.000000000 0.009930914 0.990069091
1253 0.000000000 0.013338409 0.986661613
1254 0.000000000 0.000000000 1.000000000
1255 0.000000000 0.039048091 0.960951924
1256 0.000000000 0.000000000 1.000000000
1257 0.000000000 0.061194230 0.938805759
1258 0.000000000 0.078942589 0.921057403
1259 0.000000000 0.139516577 0.860483408
1260 0.000000000 0.086385258 0.913614750
1261 0.000000000 0.000000000 1.000000000
1262 0.000000000 0.052236784 0.947763205
1263 0.000000000 0.005004186 0.994995832
1264 0.000000000 0.055652075 0.944347918
1265 0.000000000 0.000000000 1.000000000
1266 0.000000000 0.000000000 1.000000000
1267 0.000000000 0.067432798 0.932567179
1268 0.000000000 0.001214180 0.998785794
1269 0.000000000 0.000000000 1.000000000
1270 0.000000000 0.000000000 1.000000000
1271 0.000000000 0.053770836 0.946229160
1272 0.000000000 0.000000000 1.000000000
1273 0.000000000 0.000000000 1.000000000
1274 0.000000000 0.000000000 1.000000000
1275 0.000000000 0.000000000 1.000000000
1276 0.000000000 0.014362734 0.985637248
1277 0.000000000 0.123649612 0.876350403
1278 0.000000000 0.000000000 1.000000000
1279 0.000000000 0.000000000 1.000000000
1280 0.000000000 0.202866942 0.797133029
1281 0.000000000 0.000000000 1.000000000
1282 0.000000000 0.000000000 1.000000000
1283 0.000000000 0.011126230 0.988873780
1284 0.000000000 0.035202075 0.964797914
1285 0.000000000 0.000000000 1.000000000
1286 0.000000000 0.097030222 0.902969778
1287 0.000000000 0.021608122 0.978391886
1288 0.000000000 0.194515318 0.805484653
1289 0.000000000 0.011880700 0.988119304
1290 0.000000000 0.143457338 0.856542647
1291 0.000000000 0.007081549 0.992918432
1292 0.000000000 0.054160893 0.945839107
1293 0.000000000 0.200312674 0.799687326
1294 0.000000000 0.000000000 1.000000000
1295 0.000000000 0.013758964 0.986241043
1296 0.000000000 0.071825556 0.928174436
1297 0.000000000 0.150954142 0.849045873
1298 0.000000000 0.053742837 0.946257174
1299 0.000000000 0.244401053 0.755598962
1300 0.000000000 0.354909241 0.645090759
1301 0.000000000 0.406358302 0.593641698
1302 0.000000000 0.425041169 0.574958801
1303 0.000000000 0.010621850 0.989378154
1304 0.000000000 0.252304494 0.747695506
1305 0.000000000 0.252756357 0.747243643
1306 0.000000000 0.369595617 0.630404413
1307 0.000000000 0.223810583 0.776189446
1308 0.000000000 0.249786273 0.750213742
1309 0.000000000 0.277041435 0.722958565
1310 0.000000000 0.471656621 0.528343379
1311 0.000000000 0.237102360 0.762897670
1312 0.000000000 0.543601751 0.456398278
1313 0.000000000 0.557986557 0.442013413
1314 0.000000000 0.605006158 0.394993812
1315 0.000000000 0.572784185 0.427215815
1316 0.000000000 0.493364990 0.506635010
1317 0.000000000 0.000000000 1.000000000
1318 0.000000000 0.520119667 0.479880303
1319 0.000000000 0.642832220 0.357167751
1320 0.000000000 0.425745457 0.574254572
1321 0.000000000 0.397406220 0.602593780
1322 0.000000000 0.497955501 0.502044499
1323 0.000000000 0.608621716 0.391378313
1324 0.000000000 0.661216021 0.338783979
1325 0.000000000 0.713591456 0.286408514
1326 0.000000000 0.565990925 0.434009105
1327 0.000000000 0.656073868 0.343926132
1328 0.000000000 0.637529492 0.362470508
1329 0.000000000 0.632204771 0.367795229
1330 0.000000000 0.655574143 0.344425827
1331 0.000000000 0.000000000 1.000000000
1332 0.000000000 0.683864117 0.316135913
1333 0.000000000 0.625645220 0.374354780
1334 0.000000000 0.623327672 0.376672357
1335 0.000000000 0.659644544 0.340355456
1336 0.000000000 0.799565613 0.200434357
1337 0.000000000 0.771659017 0.228340998
1338 0.000000000 0.768537223 0.231462747
1339 0.000000000 0.787238061 0.212761953
1340 0.000000000 0.786918819 0.213081166
1341 0.000000000 0.812084019 0.187915996
1342 0.000000000 0.779864430 0.220135555
1343 0.000000000 0.743528605 0.256471395
1344 0.000000000 0.807630062 0.192369953
1345 0.000000000 0.000000000 1.000000000
1346 0.000000000 0.689367115 0.310632885
1347 0.000000000 0.746525109 0.253474921
1348 0.000000000 0.810556114 0.189443856
1349 0.000000000 0.861088753 0.138911277
1350 0.000000000 0.830482602 0.169517413
1351 0.000000000 0.850777507 0.149222478
1352 0.000000000 0.927042186 0.072957784
1353 0.000000000 0.884401619 0.115598395
1354 0.000000000 0.842621386 0.157378629
1355 0.000000000 0.813233912 0.186766103
1356 0.000000000 0.914538860 0.085461162
1357 0.000000000 0.926144242 0.073855780
1358 0.000000000 0.923345268 0.076654740
1359 0.000000000 0.043564714 0.956435263
1360 0.000000000 0.817271948 0.182728067
1361 0.000000000 0.845956028 0.154043958
1362 0.000000000 0.918665469 0.081334516
1363 0.000000000 0.938415051 0.061584946
1364 0.000000000 0.920125902 0.079874106
1365 0.000000000 0.898125827 0.101874188
1366 0.000000000 0.877669513 0.122330464
1367 0.000000000 0.971770942 0.028229088
1368 0.000000000 0.835947096 0.164052919
1369 0.000000000 0.903578043 0.096421950
1370 0.000000000 0.975161254 0.024838753
1371 0.000000000 0.918096423 0.081903577
1372 0.000000000 0.944687843 0.055312160
1373 0.000000000 0.000000000 1.000000000
1374 0.000000000 0.908555984 0.091444030
1375 0.000000000 0.943938732 0.056061286
1376 0.000000000 0.935965359 0.064034626
1377 0.000000000 0.925408781 0.074591197
1378 0.000000000 0.870405555 0.129594460
1379 0.000000000 0.821150601 0.178849399
1380 0.000000000 0.874302983 0.125697032
1381 0.000000000 0.878935814 0.121064164
1382 0.000000000 0.846378267 0.153621748
1383 0.000000000 0.902146876 0.097853124
1384 0.000000000 0.869214535 0.130785450
1385 0.000000000 0.958479643 0.041520350
1386 0.000000000 0.908608913 0.091391072
1387 0.000000000 0.000000000 1.000000000
1388 0.000000000 0.919943571 0.080056444
1389 0.000000000 0.774839938 0.225160047
1390 0.000000000 0.661455393 0.338544577
1391 0.000000000 0.684827805 0.315172195
1392 0.000000000 0.593063593 0.406936437
1393 0.000000000 0.714862168 0.285137832
1394 0.000000000 0.678649306 0.321350664
1395 0.000000000 0.650406539 0.349593431
1396 0.000000000 0.759206712 0.240793258
1397 0.000000000 0.796384037 0.203615949
1398 0.000000000 0.773629546 0.226370454
1399 0.000000000 0.783817649 0.216182381
1400 0.000000000 0.800616145 0.199383840
1401 0.000000000 0.000000000 1.000000000
1402 0.000000000 0.513815045 0.486184955
1403 0.000000000 0.339020997 0.660979033
1404 0.000000000 0.056793593 0.943206429
1405 0.000000000 0.079569779 0.920430243
1406 0.000000000 0.067095377 0.932904601
1407 0.000000000 0.111920491 0.888079524
1408 0.000000000 0.074130960 0.925869048
1409 0.000000000 0.086217619 0.913782358
1410 0.000000000 0.107856326 0.892143667
1411 0.000000000 0.160301328 0.839698672
1412 0.000000000 0.135578200 0.864421785
1413 0.000000000 0.182631850 0.817368150
1414 0.000000000 0.227568462 0.772431552
1415 0.000000000 0.000000000 1.000000000
1416 0.000000000 0.000000000 1.000000000
1417 0.000000000 0.024519240 0.975480735
1418 0.000000000 0.000726485 0.999273539
1419 0.000000000 0.000000000 1.000000000
1420 0.000000000 0.000000000 1.000000000
1421 0.000000000 0.000000000 1.000000000
1422 0.000000000 0.000000000 1.000000000
1423 0.000000000 0.020962071 0.979037941
1424 0.000000000 0.000000000 1.000000000
1425 0.000000000 0.027596159 0.972403824
1426 0.000000000 0.049530417 0.950469553
1427 0.000000000 0.015696758 0.984303236
1428 0.000000000 0.026389502 0.973610520
1429 0.000000000 0.000000000 1.000000000
1430 0.018187003 0.042785726 0.939027250
1431 0.736306250 0.041099280 0.222594485
1432 0.786668777 0.017976603 0.195354596
1433 0.749528229 0.040915992 0.209555790
1434 0.881472349 0.016129673 0.102398001
1435 0.755847692 0.077791981 0.166360334
1436 0.766470730 0.072481655 0.161047623
1437 0.803332150 0.057343870 0.139323995
1438 0.761763334 0.078008786 0.160227865
1439 0.788127720 0.049793851 0.162078440
1440 0.777223706 0.115910977 0.106865317
1441 0.812227488 0.099872090 0.087900408
1442 0.824947715 0.075854167 0.099198088
1443 0.889831722 0.024876069 0.085292213
1444 0.047184847 0.000000000 0.952815175
1445 0.868695915 0.000000000 0.131304100
1446 0.875073791 0.000000000 0.124926195
1447 0.943414152 0.000000000 0.056585860
1448 0.821826160 0.049630187 0.128543660
1449 0.857876003 0.046222195 0.095901802
1450 0.888144016 0.006737593 0.105118364
1451 0.889548659 0.000000000 0.110451341
1452 0.850958645 0.000000000 0.149041340
1453 0.923696637 0.006353501 0.069949850
1454 0.918931842 0.043036398 0.038031768
1455 0.936757088 0.009879477 0.053363413
1456 0.827933192 0.000000000 0.172066823
1457 0.803751230 0.000000000 0.196248755
1458 0.006765796 0.000000000 0.993234217
1459 0.788656831 0.000000000 0.211343184
1460 0.860119343 0.000000000 0.139880672
1461 0.795729637 0.048242517 0.156027824
1462 0.795086861 0.062945351 0.141967803
1463 0.892469883 0.006544360 0.100985765
1464 0.830117822 0.000000000 0.169882149
1465 0.853471398 0.000000000 0.146528631
1466 0.857190490 0.027567478 0.115242019
1467 0.914108157 0.035644811 0.050247006
1468 0.894367933 0.006965496 0.098666571
1469 0.821972013 0.065432683 0.112595275
1470 0.810445011 0.028682586 0.160872415
1471 0.817737937 0.071715929 0.110546120
1472 0.006155463 0.070340224 0.923504293
1473 0.794032931 0.082538538 0.123428531
1474 0.701349258 0.144044608 0.154606134
1475 0.673491180 0.129175678 0.197333157
1476 0.833271980 0.051362880 0.115365118
1477 0.755375266 0.105125591 0.139499158
1478 0.823158801 0.043460492 0.133380696
1479 0.840573967 0.053025559 0.106400467
1480 0.852367342 0.098672651 0.048960023
1481 0.871581256 0.018526150 0.109892562
1482 0.868517458 0.056071799 0.075410724
1483 0.859703958 0.059708558 0.080587499
1484 0.832253516 0.100754224 0.066992231
1485 0.832030118 0.116308682 0.051661186
1486 0.006027784 0.000000000 0.993972242
1487 0.708707690 0.227938354 0.063353956
1488 0.700755298 0.233897150 0.065347537
1489 0.812283337 0.085258514 0.102458172
1490 0.766739428 0.193169907 0.040090673
1491 0.872526526 0.078452140 0.049021326
1492 0.828064859 0.145620152 0.026314998
1493 0.793917894 0.177643821 0.028438294
1494 0.899453998 0.091659226 0.008886760
1495 0.797556341 0.097557686 0.104885988
1496 0.788329542 0.094570689 0.117099784
1497 0.764566839 0.124419861 0.111013301
1498 0.746176422 0.152540505 0.101283059
1499 0.790480494 0.148188770 0.061330721
1500 0.000000000 0.000000000 1.000000000
1501 0.682193816 0.191813141 0.125993073
1502 0.784381509 0.097654767 0.117963724
1503 0.704799592 0.188734248 0.106466159
1504 0.808165073 0.121305920 0.070528999
1505 0.767322123 0.134836420 0.097841479
1506 0.745250762 0.168943465 0.085805751
1507 0.846043646 0.091724977 0.062231399
1508 0.622086883 0.286850750 0.091062345
1509 0.653319180 0.242996082 0.103684708
1510 0.625753760 0.300617337 0.073628873
1511 0.649930894 0.222952142 0.127116978
1512 0.667647779 0.244715765 0.087636434
1513 0.610170424 0.357763052 0.032066554
1514 0.000000000 0.000000000 1.000000000
1515 0.656879067 0.276638240 0.066482671
1516 0.443247855 0.458296567 0.098455586
1517 0.665708601 0.303547770 0.030743657
1518 0.548538029 0.373750061 0.077711888
1519 0.622473300 0.341125667 0.036401041
1520 0.624588668 0.354253799 0.021157540
1521 0.627707183 0.317377478 0.054915328
1522 0.662358999 0.273754954 0.063886024
1523 0.540561497 0.396580219 0.062858246
1524 0.584008515 0.349015892 0.066975594
1525 0.666912198 0.327472955 0.005614857
1526 0.571741581 0.425749004 0.002509443
1527 0.546569109 0.420774102 0.032656763
1528 0.000000000 0.036926728 0.963073254
1529 0.419561923 0.576995790 0.003442305
1530 0.525533080 0.429238081 0.045228843
1531 0.477887481 0.474636942 0.047475576
1532 0.508601248 0.491398782 0.000000000
1533 0.574102342 0.425897628 0.000000000
1534 0.645598829 0.340780497 0.013620705
1535 0.662237287 0.296675056 0.041087683
1536 0.609365642 0.355686694 0.034947671
1537 0.644195557 0.339406610 0.016397847
1538 0.651706338 0.315015703 0.033277944
1539 0.608866096 0.382366776 0.008767148
1540 0.605932117 0.394067913 0.000000000
1541 0.771416366 0.173843905 0.054739740
1542 0.000000000 0.000000000 1.000000000
1543 0.664235353 0.335764647 0.000000000
1544 0.580606222 0.417845190 0.001548577
1545 0.530606627 0.436186850 0.033206504
1546 0.681777477 0.318222523 0.000000000
1547 0.228178740 0.733672619 0.038148645
1548 0.305411756 0.619390726 0.075197503
1549 0.209794551 0.723528028 0.066677414
1550 0.345393986 0.578903079 0.075702958
1551 0.360424578 0.582297266 0.057278182
1552 0.262006819 0.721227288 0.016765907
1553 0.370422304 0.623427927 0.006149760
1554 0.459017426 0.481617242 0.059365347
1555 0.357197434 0.604891002 0.037911531
1556 0.015447513 0.000000000 0.984552503
1557 0.263592124 0.716254652 0.020153224
1558 0.284301460 0.690757275 0.024941288
1559 0.182116330 0.787105560 0.030778110
1560 0.053254765 0.946745217 0.000000000
1561 0.035137452 0.931891501 0.032971021
1562 0.063849717 0.936150253 0.000000000
1563 0.076358132 0.881560504 0.042081334
1564 0.071273766 0.928726256 0.000000000
1565 0.107701927 0.892298102 0.000000000
1566 0.050175548 0.945151091 0.004673373
1567 0.180850193 0.786120594 0.033029217
1568 0.062827863 0.937172115 0.000000000
1569 0.101244569 0.894680142 0.004075301
1570 0.013560030 0.000000000 0.986439943
1571 0.102294393 0.862482786 0.035222843
1572 0.000000000 0.959190607 0.040809367
1573 0.000000000 0.964801073 0.035198916
1574 0.000000000 0.891163170 0.108836830
1575 0.000000000 0.949991703 0.050008297
1576 0.000000000 0.908521652 0.091478348
1577 0.000000000 0.964928210 0.035071801
1578 0.000000000 1.000000000 0.000000000
1579 0.000000000 0.992148757 0.007851232
1580 0.021339998 0.955663860 0.022996165
1581 0.000000000 1.000000000 0.000000000
1582 0.000000000 0.991686344 0.008313635
1583 0.000000000 0.960504055 0.039495926
1584 0.057605162 0.004198486 0.938196361
1585 0.000000000 0.872293949 0.127706036
1586 0.000000000 0.178290844 0.821709156
1587 0.000000000 0.045941252 0.954058766
1588 0.000000000 0.075341634 0.924658358
1589 0.001212749 0.072968759 0.925818503
1590 0.000000000 0.124230474 0.875769556
1591 0.000000000 0.060598876 0.939401150
1592 0.000000000 0.085721180 0.914278805
1593 0.000000000 0.203401521 0.796598494
1594 0.000000000 0.141881973 0.858118057
1595 0.006019566 0.130858690 0.863121748
1596 0.001856306 0.230208978 0.767934740
1597 0.010144015 0.577906847 0.411949128
1598 0.000000000 0.000000000 1.000000000
1599 0.030625824 0.069280930 0.900093257
1600 0.882269681 0.000000000 0.117730334
1601 0.863326550 0.000000000 0.136673450
1602 0.864556849 0.002369915 0.133073255
1603 0.929816842 0.000000000 0.070183180
1604 0.858918965 0.005696433 0.135384575
1605 0.924554706 0.000000000 0.075445265
1606 0.909224510 0.000000000 0.090775467
1607 0.880801618 0.000000000 0.119198360
1608 0.824975550 0.000000000 0.175024450
1609 0.861551166 0.017022057 0.121426798
1610 0.824972332 0.054814037 0.120213643
1611 0.912626505 0.000000000 0.087373473
1612 0.884296656 0.023801779 0.091901556
1613 0.109055795 0.059260648 0.831683576
1614 0.896742165 0.000000000 0.103257827
1615 0.893227160 0.000000000 0.106772847
1616 0.896441519 0.000000000 0.103558473
1617 0.866314232 0.000000000 0.133685753
1618 0.937376797 0.000000000 0.062623225
1619 0.914979994 0.000000000 0.085020021
1620 0.867906034 0.000000000 0.132093936
1621 0.859139204 0.000000000 0.140860796
1622 0.857272387 0.000000000 0.142727599
1623 0.865051210 0.011703369 0.123245411
1624 0.881178975 0.000000000 0.118821017
1625 0.847673357 0.008528099 0.143798515
1626 0.830233812 0.000000000 0.169766188
1627 0.061896548 0.015347329 0.922756135
1628 0.819748640 0.000000000 0.180251330
1629 0.857780874 0.000000000 0.142219096
1630 0.803025723 0.005283903 0.191690400
1631 0.877359748 0.000000000 0.122640274
1632 0.922286212 0.000000000 0.077713788
1633 0.810130954 0.000000000 0.189869031
1634 0.844925284 0.000000000 0.155074731
1635 0.854741991 0.000000000 0.145258039
1636 0.853868425 0.000000000 0.146131605
1637 0.907353580 0.000000000 0.092646442
1638 0.854803860 0.046015199 0.099180959
1639 0.869568348 0.041718572 0.088713087
1640 0.864679098 0.021449665 0.113871254
1641 0.028736172 0.098788403 0.872475445
1642 0.897989631 0.020986998 0.081023358
1643 0.853214025 0.000821452 0.145964518
1644 0.903391898 0.014850611 0.081757516
1645 0.864244819 0.000000000 0.135755196
1646 0.859952331 0.000000000 0.140047669
1647 0.888791680 0.006280045 0.104928300
1648 0.887916744 0.000000000 0.112083249
1649 0.886093855 0.024693817 0.089212336
1650 0.910086274 0.000000000 0.089913726
1651 0.818658590 0.087039657 0.094301730
1652 0.769927382 0.128990650 0.101081982
1653 0.776662230 0.092806391 0.130531400
1654 0.783809662 0.097564466 0.118625887
1655 0.112391718 0.000000000 0.887608290
1656 0.783425808 0.063526250 0.153047934
1657 0.850257218 0.071184404 0.078558393
1658 0.936219096 0.000000000 0.063780896
1659 0.844952524 0.017366810 0.137680650
1660 0.924275339 0.036001440 0.039723199
1661 0.847961664 0.059618272 0.092420049
1662 0.804329097 0.110915542 0.084755376
1663 0.851379395 0.075485386 0.073135220
1664 0.793913662 0.090834402 0.115251929
1665 0.784939826 0.104734190 0.110326000
1666 0.784557164 0.091360085 0.124082737
1667 0.778796256 0.085018985 0.136184752
1668 0.740600109 0.085986257 0.173413619
1669 0.011880985 0.019030701 0.969088316
1670 0.831146002 0.000439092 0.168414906
1671 0.873176157 0.000000000 0.126823813
1672 0.789622784 0.039624434 0.170752764
1673 0.830480039 0.042879980 0.126639977
1674 0.795256853 0.078201309 0.126541823
1675 0.728318214 0.153826654 0.117855132
1676 0.848859429 0.037637692 0.113502868
1677 0.713351727 0.196445152 0.090203121
1678 0.712720454 0.183813751 0.103465773
1679 0.700896680 0.173994958 0.125108346
1680 0.792979002 0.126365766 0.080655247
1681 0.739661038 0.142855555 0.117483400
1682 0.754435182 0.157422811 0.088142000
1683 0.049262222 0.000000000 0.950737774
1684 0.724408329 0.104098871 0.171492800
1685 0.689852655 0.138033986 0.172113359
1686 0.718204916 0.161495179 0.120299928
1687 0.752868712 0.146332115 0.100799151
1688 0.736962676 0.167157978 0.095879346
1689 0.712360799 0.161478028 0.126161173
1690 0.726732194 0.202930197 0.070337594
1691 0.683835566 0.247354940 0.068809509
1692 0.697636485 0.218626603 0.083736889
1693 0.788733900 0.150606468 0.060659651
1694 0.772254109 0.151413128 0.076332740
1695 0.717843473 0.189263985 0.092892550
1696 0.781295717 0.169252053 0.049452242
1697 0.000000000 0.000000000 1.000000000
1698 0.698846459 0.231418803 0.069734715
1699 0.741213977 0.157941595 0.100844420
1700 0.686841547 0.242171466 0.070986994
1701 0.655604422 0.278580189 0.065815367
1702 0.627408326 0.294533372 0.078058295
1703 0.668940187 0.254338264 0.076721571
1704 0.699108720 0.234152153 0.066739120
1705 0.700974464 0.233734101 0.065291427
1706 0.754265845 0.206203088 0.039531063
1707 0.698099971 0.221060723 0.080839306
1708 0.706443489 0.230262354 0.063294180
1709 0.745664001 0.198476881 0.055859115
1710 0.754534185 0.178082302 0.067383491
1711 0.000000000 0.000000000 1.000000000
1712 0.778742254 0.183865935 0.037391838
1713 0.739711404 0.211276591 0.049012013
1714 0.652761579 0.333034754 0.014203676
1715 0.655297697 0.278815687 0.065886609
1716 0.525783181 0.461843580 0.012373249
1717 0.487990707 0.454129934 0.057879340
1718 0.431951463 0.499406159 0.068642378
1719 0.577443719 0.382859766 0.039696548
1720 0.579320967 0.360801429 0.059877589
1721 0.519506991 0.443776429 0.036716569
1722 0.643934309 0.289036423 0.067029253
1723 0.563417435 0.417886913 0.018695682
1724 0.533763647 0.397747874 0.068488479
1725 0.000000000 0.000000000 1.000000000
1726 0.441654176 0.557111740 0.001234114
1727 0.457109779 0.541525185 0.001365041
1728 0.352871686 0.604422987 0.042705305
1729 0.402549148 0.586929917 0.010520969
1730 0.244099662 0.696054816 0.059845515
1731 0.260680258 0.657933474 0.081386231
1732 0.357438892 0.572409630 0.070151471
1733 0.287329793 0.711570919 0.001099292
1734 0.232236639 0.742412150 0.025351208
1735 0.321557641 0.617947876 0.060494471
1736 0.322682381 0.647462308 0.029855339
1737 0.358681440 0.641318560 0.000000000
1738 0.455383360 0.524225175 0.020391472
1739 0.000000000 0.000000000 1.000000000
1740 0.234110221 0.715635538 0.050254256
1741 0.059212107 0.852926075 0.087861799
1742 0.029615084 0.756873190 0.213511750
1743 0.001587510 0.789566219 0.208846301
1744 0.000000000 0.846155465 0.153844520
1745 0.058036964 0.776427031 0.165535986
1746 0.000000000 0.841636419 0.158363596
1747 0.000000000 0.933890879 0.066109143
1748 0.009603772 0.862840414 0.127555832
1749 0.010450128 0.865416229 0.124133639
1750 0.000000000 0.917705476 0.082294524
1751 0.026975969 0.859722197 0.113301851
1752 0.028175110 0.858539641 0.113285251
1753 0.000000000 0.045860827 0.954139173
1754 0.000000000 0.767994821 0.232005209
1755 0.039362170 0.199410573 0.761227250
1756 0.009060145 0.150522813 0.840417027
1757 0.000000000 0.197822094 0.802177906
1758 0.059178840 0.174639657 0.766181469
1759 0.000000000 0.117190115 0.882809877
1760 0.000000000 0.214730144 0.785269856
1761 0.000000000 0.167225599 0.832774401
1762 0.000000000 0.117548354 0.882451653
1763 0.000000000 0.201792628 0.798207343
1764 0.063867725 0.155702740 0.780429542
1765 0.000000000 0.272083342 0.727916658
1766 0.000000000 0.402199805 0.597800195
1767 0.000000000 0.000000000 1.000000000
1768 0.000000000 1.000000000 0.000000000
1769 0.937959254 0.062040739 0.000000000
1770 1.000000000 0.000000000 0.000000000
1771 1.000000000 0.000000000 0.000000000
1772 0.948614776 0.051385205 0.000000000
1773 0.956765294 0.043234725 0.000000000
1774 0.993288398 0.006711614 0.000000000
1775 1.000000000 0.000000000 0.000000000
1776 1.000000000 0.000000000 0.000000000
1777 1.000000000 0.000000000 0.000000000
1778 1.000000000 0.000000000 0.000000000
1779 1.000000000 0.000000000 0.000000000
1780 1.000000000 0.000000000 0.000000000
1781 1.000000000 0.000000000 0.000000000
1782 0.000000000 1.000000000 0.000000000
1783 1.000000000 0.000000000 0.000000000
1784 1.000000000 0.000000000 0.000000000
1785 0.981361628 0.018638365 0.000000000
1786 0.975886583 0.024113432 0.000000000
1787 1.000000000 0.000000000 0.000000000
1788 1.000000000 0.000000000 0.000000000
1789 1.000000000 0.000000000 0.000000000
1790 1.000000000 0.000000000 0.000000000
1791 1.000000000 0.000000000 0.000000000
1792 0.985746920 0.014253080 0.000000000
1793 1.000000000 0.000000000 0.000000000
1794 0.995121181 0.004878841 0.000000000
1795 0.955756187 0.044243835 0.000000000
1796 0.000000000 1.000000000 0.000000000
1797 1.000000000 0.000000000 0.000000000
1798 0.960715532 0.039284449 0.000000000
1799 0.953232825 0.046767171 0.000000000
1800 0.973249316 0.026750676 0.000000000
1801 0.998489618 0.001510409 0.000000000
1802 1.000000000 0.000000000 0.000000000
1803 1.000000000 0.000000000 0.000000000
1804 1.000000000 0.000000000 0.000000000
1805 1.000000000 0.000000000 0.000000000
1806 1.000000000 0.000000000 0.000000000
1807 1.000000000 0.000000000 0.000000000
1808 0.898201704 0.101798318 0.000000000
1809 0.997169495 0.002830500 0.000000000
1810 0.000000000 1.000000000 0.000000000
1811 0.881149888 0.118850127 0.000000000
1812 0.907177508 0.092822485 0.000000000
1813 0.945587397 0.054412607 0.000000000
1814 0.984291673 0.015708316 0.000000000
1815 1.000000000 0.000000000 0.000000000
1816 1.000000000 0.000000000 0.000000000
1817 1.000000000 0.000000000 0.000000000
1818 1.000000000 0.000000000 0.000000000
1819 0.961942911 0.038057085 0.000000000
1820 1.000000000 0.000000000 0.000000000
1821 0.941842854 0.058157146 0.000000000
1822 1.000000000 0.000000000 0.000000000
1823 1.000000000 0.000000000 0.000000000
1824 0.000000000 1.000000000 0.000000000
1825 0.918486416 0.081513599 0.000000000
1826 1.000000000 0.000000000 0.000000000
1827 1.000000000 0.000000000 0.000000000
1828 1.000000000 0.000000000 0.000000000
1829 1.000000000 0.000000000 0.000000000
1830 1.000000000 0.000000000 0.000000000
1831 1.000000000 0.000000000 0.000000000
1832 1.000000000 0.000000000 0.000000000
1833 1.000000000 0.000000000 0.000000000
1834 0.929125071 0.070874952 0.000000000
1835 1.000000000 0.000000000 0.000000000
1836 1.000000000 0.000000000 0.000000000
1837 1.000000000 0.000000000 0.000000000
1838 0.000000000 1.000000000 0.000000000
1839 1.000000000 0.000000000 0.000000000
1840 1.000000000 0.000000000 0.000000000
1841 1.000000000 0.000000000 0.000000000
1842 1.000000000 0.000000000 0.000000000
1843 1.000000000 0.000000000 0.000000000
1844 1.000000000 0.000000000 0.000000000
1845 0.999217927 0.000782064 0.000000000
1846 0.938997567 0.061002411 0.000000000
1847 0.816871107 0.183128908 0.000000000
1848 0.927778304 0.072221696 0.000000000
1849 1.000000000 0.000000000 0.000000000
1850 0.953730881 0.046269134 0.000000000
1851 1.000000000 0.000000000 0.000000000
1852 0.025440713 0.974559307 0.000000000
1853 0.970886469 0.029113507 0.000000000
1854 0.955704927 0.044295054 0.000000000
1855 1.000000000 0.000000000 0.000000000
1856 1.000000000 0.000000000 0.000000000
1857 1.000000000 0.000000000 0.000000000
1858 0.894948065 0.105051912 0.000000000
1859 0.947355926 0.052644055 0.000000000
1860 0.789584577 0.210415423 0.000000000
1861 0.917545736 0.082454279 0.000000000
1862 1.000000000 0.000000000 0.000000000
1863 0.951617122 0.048382860 0.000000000
1864 0.925448656 0.074551344 0.000000000
1865 0.974648595 0.025351422 0.000000000
1866 0.000000000 1.000000000 0.000000000
1867 0.855701447 0.144298539 0.000000000
1868 0.897354722 0.102645271 0.000000000
1869 0.794772267 0.205227733 0.000000000
1870 0.844921470 0.155078545 0.000000000
1871 0.810990453 0.189009532 0.000000000
1872 1.000000000 0.000000000 0.000000000
1873 0.853845894 0.146154091 0.000000000
1874 1.000000000 0.000000000 0.000000000
1875 0.923008978 0.076991044 0.000000000
1876 1.000000000 0.000000000 0.000000000
1877 1.000000000 0.000000000 0.000000000
1878 1.000000000 0.000000000 0.000000000
1879 1.000000000 0.000000000 0.000000000
1880 0.000000000 1.000000000 0.000000000
1881 1.000000000 0.000000000 0.000000000
1882 1.000000000 0.000000000 0.000000000
1883 1.000000000 0.000000000 0.000000000
1884 0.869409621 0.130590364 0.000000000
1885 0.736126959 0.263873041 0.000000000
1886 0.614469886 0.385530114 0.000000000
1887 0.693721831 0.306278169 0.000000000
1888 0.821917892 0.178082108 0.000000000
1889 0.856224179 0.143775821 0.000000000
1890 0.771437287 0.228562713 0.000000000
1891 0.823039830 0.176960155 0.000000000
1892 0.974000871 0.025999112 0.000000000
1893 1.000000000 0.000000000 0.000000000
1894 0.000000000 1.000000000 0.000000000
1895 0.712324739 0.287675291 0.000000000
1896 0.793222308 0.206777677 0.000000000
1897 0.560158610 0.439841390 0.000000000
1898 0.764661789 0.235338196 0.000000000
1899 0.647200584 0.352799445 0.000000000
1900 0.825866222 0.174133763 0.000000000
1901 0.758908570 0.241091430 0.000000000
1902 0.832573831 0.167426154 0.000000000
1903 0.761341751 0.238658264 0.000000000
1904 0.885726869 0.114273116 0.000000000
1905 0.896693766 0.103306212 0.000000000
1906 1.000000000 0.000000000 0.000000000
1907 0.954155684 0.045844320 0.000000000
1908 0.000000000 1.000000000 0.000000000
1909 0.671246350 0.328753650 0.000000000
1910 0.506332695 0.493667275 0.000000000
1911 0.312494934 0.687505066 0.000000000
1912 0.265850097 0.734149933 0.000000000
1913 0.275896758 0.724103212 0.000000000
1914 0.441159338 0.558840692 0.000000000
1915 0.421831489 0.578168511 0.000000000
1916 0.263465881 0.736534119 0.000000000
1917 0.436134428 0.563865542 0.000000000
1918 0.401879340 0.598120689 0.000000000
1919 0.419632584 0.580367386 0.000000000
1920 0.524490356 0.475509673 0.000000000
1921 0.400330484 0.599669516 0.000000000
1922 0.000000000 1.000000000 0.000000000
1923 0.114600599 0.885399401 0.000000000
1924 0.000000000 1.000000000 0.000000000
1925 0.000000000 1.000000000 0.000000000
1926 0.006124707 0.993875265 0.000000000
1927 0.002661353 0.997338653 0.000000000
1928 0.000000000 1.000000000 0.000000000
1929 0.000000000 1.000000000 0.000000000
1930 0.000000000 1.000000000 0.000000000
1931 0.000000000 1.000000000 0.000000000
1932 0.000000000 1.000000000 0.000000000
1933 0.000000000 1.000000000 0.000000000
1934 0.000000000 1.000000000 0.000000000
1935 0.000176807 0.999823213 0.000000000
1936 0.000000000 1.000000000 0.000000000
1937 0.000000000 1.000000000 0.000000000
1938 0.942689657 0.057310365 0.000000000
1939 0.947700024 0.052299991 0.000000000
1940 0.957566559 0.042433437 0.000000000
1941 1.000000000 0.000000000 0.000000000
1942 0.946258187 0.053741790 0.000000000
1943 0.946430326 0.053569656 0.000000000
1944 0.994325280 0.005674722 0.000000000
1945 0.977797985 0.022202043 0.000000000
1946 0.998722672 0.001277333 0.000000000
1947 0.966232717 0.033767287 0.000000000
1948 0.963591754 0.036408260 0.000000000
1949 0.970330358 0.029669659 0.000000000
1950 0.932569563 0.067430437 0.000000000
1951 0.000000000 1.000000000 0.000000000
1952 0.915287793 0.084712185 0.000000000
1953 0.919900298 0.080099717 0.000000000
1954 0.958465517 0.041534510 0.000000000
1955 0.889953911 0.110046111 0.000000000
1956 0.934171021 0.065828949 0.000000000
1957 0.970259011 0.029741006 0.000000000
1958 0.944997072 0.055002917 0.000000000
1959 0.965735078 0.034264896 0.000000000
1960 0.919438541 0.080561474 0.000000000
1961 0.916871071 0.083128929 0.000000000
1962 0.937551141 0.062448829 0.000000000
1963 0.939623594 0.060376383 0.000000000
1964 0.979656696 0.020343313 0.000000000
1965 0.005683053 0.994316936 0.000000000
1966 0.975112855 0.024887132 0.000000000
1967 0.980883002 0.019116970 0.000000000
1968 0.898449779 0.101550192 0.000000000
1969 0.976200163 0.023799812 0.000000000
1970 1.000000000 0.000000000 0.000000000
1971 0.954984903 0.045015089 0.000000000
1972 0.992729247 0.007270736 0.000000000
1973 0.972832024 0.027167970 0.000000000
1974 0.978071094 0.021928884 0.000000000
1975 0.995564818 0.004435195 0.000000000
1976 0.891388595 0.108611397 0.000000000
1977 0.898616731 0.101383254 0.000000000
1978 0.919535995 0.080464035 0.000000000
1979 0.000000000 1.000000000 0.000000000
1980 0.961002529 0.038997453 0.000000000
1981 0.910052598 0.089947425 0.000000000
1982 0.936408281 0.063591719 0.000000000
1983 1.000000000 0.000000000 0.000000000
1984 0.900148511 0.099851519 0.000000000
1985 0.957599163 0.042400856 0.000000000
1986 0.942655742 0.057344243 0.000000000
1987 0.942212403 0.057787627 0.000000000
1988 0.895560026 0.104439996 0.000000000
1989 0.932690680 0.067309320 0.000000000
1990 0.927558064 0.072441921 0.000000000
1991 0.910428584 0.089571439 0.000000000
1992 0.913644373 0.086355649 0.000000000
1993 0.000000000 1.000000000 0.000000000
1994 0.832835436 0.167164549 0.000000000
1995 0.858995914 0.141004086 0.000000000
1996 0.943263948 0.056736056 0.000000000
1997 0.824610591 0.175389409 0.000000000
1998 0.938622653 0.061377365 0.000000000
1999 0.804400802 0.195599183 0.000000000
2000 0.830161750 0.169838265 0.000000000
2001 0.806807935 0.193192095 0.000000000
2002 0.904532075 0.095467918 0.000000000
2003 0.858790100 0.141209885 0.000000000
2004 0.918813288 0.081186727 0.000000000
2005 0.922324717 0.077675276 0.000000000
2006 0.916287541 0.083712436 0.000000000
2007 0.004856943 0.995143056 0.000000000
2008 0.889548540 0.110451445 0.000000000
2009 0.918388307 0.081611693 0.000000000
2010 0.816651285 0.183348715 0.000000000
2011 0.925004900 0.074995093 0.000000000
2012 0.869548857 0.130451143 0.000000000
2013 0.877141595 0.122858398 0.000000000
2014 0.792147696 0.207852319 0.000000000
2015 0.728241086 0.271758914 0.000000000
2016 0.729773045 0.270226955 0.000000000
2017 0.742584825 0.257415175 0.000000000
2018 0.761325538 0.238674432 0.000000000
2019 0.764765799 0.235234171 0.000000000
2020 0.739997864 0.260002136 0.000000000
2021 0.000000000 1.000000000 0.000000000
2022 0.749407768 0.250592262 0.000000000
2023 0.653202415 0.346797585 0.000000000
2024 0.723028421 0.276971549 0.000000000
2025 0.715213656 0.284786344 0.000000000
2026 0.695571303 0.304428697 0.000000000
2027 0.610654235 0.389345765 0.000000000
2028 0.678489506 0.321510524 0.000000000
2029 0.642421663 0.357578337 0.000000000
2030 0.686527848 0.313472152 0.000000000
2031 0.771400273 0.228599712 0.000000000
2032 0.732757807 0.267242163 0.000000000
2033 0.722097218 0.277902812 0.000000000
2034 0.759476602 0.240523398 0.000000000
2035 0.000000000 1.000000000 0.000000000
2036 0.604374349 0.395625621 0.000000000
2037 0.669002056 0.330997944 0.000000000
2038 0.633502185 0.366497815 0.000000000
2039 0.632428765 0.367571235 0.000000000
2040 0.499872804 0.500127196 0.000000000
2041 0.711407721 0.288592279 0.000000000
2042 0.677996218 0.322003812 0.000000000
2043 0.718342841 0.281657189 0.000000000
2044 0.705791950 0.294208080 0.000000000
2045 0.740969956 0.259030044 0.000000000
2046 0.737224698 0.262775332 0.000000000
2047 0.782381892 0.217618108 0.000000000
2048 0.764780462 0.235219553 0.000000000
2049 0.000000000 1.000000000 0.000000000
2050 0.641396105 0.358603925 0.000000000
2051 0.648645163 0.351354808 0.000000000
2052 0.601575553 0.398424447 0.000000000
2053 0.490022153 0.509977877 0.000000000
2054 0.529116929 0.470883101 0.000000000
2055 0.463724613 0.536275387 0.000000000
2056 0.478877366 0.521122634 0.000000000
2057 0.534117520 0.465882510 0.000000000
2058 0.527409673 0.472590327 0.000000000
2059 0.533447206 0.466552794 0.000000000
2060 0.540861309 0.459138721 0.000000000
2061 0.604717672 0.395282358 0.000000000
2062 0.582563639 0.417436361 0.000000000
2063 0.000000000 1.000000000 0.000000000
2064 0.481908202 0.518091798 0.000000000
2065 0.496726424 0.503273547 0.000000000
2066 0.283813238 0.716186762 0.000000000
2067 0.428037405 0.571962595 0.000000000
2068 0.396508008 0.603491962 0.000000000
2069 0.458557308 0.541442692 0.000000000
2070 0.381314188 0.618685842 0.000000000
2071 0.454852432 0.545147598 0.000000000
2072 0.489484131 0.510515869 0.000000000
2073 0.520781100 0.479218900 0.000000000
2074 0.481777191 0.518222809 0.000000000
2075 0.535377443 0.464622557 0.000000000
2076 0.524753988 0.475246042 0.000000000
2077 0.039572254 0.960427761 0.000000000
2078 0.313820124 0.686179876 0.000000000
2079 0.180402830 0.819597185 0.000000000
2080 0.000000000 1.000000000 0.000000000
2081 0.027540162 0.972459853 0.000000000
2082 0.000000000 1.000000000 0.000000000
2083 0.000000000 1.000000000 0.000000000
2084 0.015373619 0.984626353 0.000000000
2085 0.000000000 1.000000000 0.000000000
2086 0.022914913 0.977085114 0.000000000
2087 0.053004865 0.946995139 0.000000000
2088 0.007458645 0.992541373 0.000000000
2089 0.040184103 0.959815919 0.000000000
2090 0.047933839 0.952066183 0.000000000
2091 0.021864586 0.978135407 0.000000000
2092 0.000000000 1.000000000 0.000000000
2093 0.009411194 0.990588784 0.000000000
2094 0.000000000 1.000000000 0.000000000
2095 0.000000000 1.000000000 0.000000000
2096 0.000000000 1.000000000 0.000000000
2097 0.000000000 1.000000000 0.000000000
2098 0.000000000 1.000000000 0.000000000
2099 0.000000000 1.000000000 0.000000000
2100 0.003353848 0.996646166 0.000000000
2101 0.000000000 1.000000000 0.000000000
2102 0.000000000 1.000000000 0.000000000
2103 0.000000000 1.000000000 0.000000000
2104 0.036693603 0.963306367 0.000000000
2105 0.000000000 1.000000000 0.000000000
2106 0.000000000 0.617540598 0.382459372
2107 0.000000000 0.880158305 0.119841695
2108 0.000000000 0.978794217 0.021205757
2109 0.000000000 0.950916648 0.049083363
2110 0.000000000 0.934163272 0.065836728
2111 0.000000000 0.913582325 0.086417682
2112 0.000000000 1.000000000 0.000000000
2113 0.000000000 0.848061442 0.151938573
2114 0.000000000 0.942438602 0.057561371
2115 0.000000000 0.865486145 0.134513855
2116 0.000000000 0.882693350 0.117306672
2117 0.000000000 0.924268842 0.075731143
2118 0.000000000 1.000000000 0.000000000
2119 0.000000000 0.646930277 0.353069723
2120 0.000000000 0.683411777 0.316588253
2121 0.000000000 0.939151645 0.060848352
2122 0.000000000 0.909124494 0.090875529
2123 0.000000000 0.979811132 0.020188857
2124 0.000000000 0.961797059 0.038202919
2125 0.000000000 1.000000000 0.000000000
2126 0.000000000 0.825185239 0.174814761
2127 0.000000000 0.964346588 0.035653442
2128 0.000000000 0.780782342 0.219217673
2129 0.000000000 0.937350571 0.062649436
2130 0.000000000 0.905220568 0.094779409
2131 0.000000000 1.000000000 0.000000000
2132 0.000000000 0.693165004 0.306835026
2133 0.000000000 0.754155576 0.245844424
2134 0.000000000 0.432294399 0.567705631
2135 0.000000000 0.952309310 0.047690675
2136 0.000000000 0.888170242 0.111829787
2137 0.000000000 0.908131540 0.091868438
2138 0.000000000 0.984572053 0.015427950
2139 0.000000000 0.727673471 0.272326499
2140 0.000000000 0.892839611 0.107160397
2141 0.000000000 0.828287601 0.171712384
2142 0.000000000 0.925125778 0.074874200
2143 0.000000000 0.882485271 0.117514722
2144 0.000000000 0.978915215 0.021084761
2145 0.000000000 0.903109014 0.096890986
2146 0.000000000 0.949088812 0.050911214
2147 0.000000000 0.916017890 0.083982140
2148 0.000000000 0.706510305 0.293489695
2149 0.000000000 0.952833414 0.047166582
2150 0.000000000 0.945876837 0.054123182
2151 0.000000000 1.000000000 0.000000000
2152 0.000000000 0.911579788 0.088420220
2153 0.000000000 0.903133810 0.096866205
2154 0.000000000 0.932209432 0.067790590
2155 0.000000000 0.922434747 0.077565283
2156 0.000000000 0.907024384 0.092975616
2157 0.000000000 1.000000000 0.000000000
2158 0.000000000 0.996633768 0.003366240
2159 0.000000000 0.965230644 0.034769371
2160 0.000000000 0.946954548 0.053045474
2161 0.000000000 1.000000000 0.000000000
2162 0.000000000 0.764096439 0.235903531
2163 0.000000000 1.000000000 0.000000000
2164 0.000000000 1.000000000 0.000000000
2165 0.000000000 0.952077806 0.047922194
2166 0.000000000 1.000000000 0.000000000
2167 0.000000000 0.982681811 0.017318213
2168 0.000000000 0.970369935 0.029630044
2169 0.000000000 0.990377843 0.009622158
2170 0.000000000 1.000000000 0.000000000
2171 0.000000000 0.978275955 0.021724069
2172 0.000000000 1.000000000 0.000000000
2173 0.000000000 0.949456811 0.050543200
2174 0.000000000 0.933830142 0.066169888
2175 0.000000000 0.954635978 0.045364030
2176 0.000000000 0.566274822 0.433725178
2177 0.000000000 0.971995831 0.028004164
2178 0.000000000 0.835238457 0.164761558
2179 0.000000000 0.863111436 0.136888549
2180 0.000000000 0.878930688 0.121069282
2181 0.000000000 0.910247922 0.089752078
2182 0.000000000 0.930679142 0.069320872
2183 0.000000000 0.993453979 0.006546010
2184 0.000000000 0.984339178 0.015660798
2185 0.000000000 0.969532192 0.030467827
2186 0.000000000 0.981143236 0.018856740
2187 0.000000000 0.936981916 0.063018098
2188 0.000000000 0.971054614 0.028945375
2189 0.000000000 0.967937589 0.032062408
2190 0.000000000 0.849393904 0.150606126
2191 0.000000000 0.983800530 0.016199457
2192 0.000000000 0.935088873 0.064911142
2193 0.000000000 0.958592355 0.041407652
2194 0.000000000 0.985746384 0.014253601
2195 0.000000000 0.936895490 0.063104533
2196 0.000000000 0.969956458 0.030043526
2197 0.000000000 0.979787886 0.020212136
2198 0.000000000 1.000000000 0.000000000
2199 0.000000000 0.982433558 0.017566457
2200 0.000000000 0.975838721 0.024161268
2201 0.000000000 0.990148664 0.009851330
2202 0.000000000 0.912400007 0.087600000
2203 0.000000000 0.936463773 0.063536219
2204 0.000000000 0.721355200 0.278644770
2205 0.000000000 0.901882172 0.098117843
2206 0.000000000 0.907171309 0.092828713
2207 0.000000000 0.947204590 0.052795440
2208 0.000000000 0.966894031 0.033105951
2209 0.000000000 1.000000000 0.000000000
2210 0.000000000 1.000000000 0.000000000
2211 0.000000000 1.000000000 0.000000000
2212 0.000000000 1.000000000 0.000000000
2213 0.000000000 1.000000000 0.000000000
2214 0.000000000 1.000000000 0.000000000
2215 0.000000000 0.986227095 0.013772896
2216 0.000000000 1.000000000 0.000000000
2217 0.000000000 0.953930020 0.046069991
2218 0.000000000 0.564023674 0.435976297
2219 0.000000000 0.990491748 0.009508234
2220 0.000000000 0.954237223 0.045762777
2221 0.000000000 1.000000000 0.000000000
2222 0.000000000 1.000000000 0.000000000
2223 0.000000000 0.978873849 0.021126162
2224 0.000000000 0.977096677 0.022903327
2225 0.000000000 0.986318886 0.013681140
2226 0.000000000 0.935419858 0.064580150
2227 0.000000000 0.950706422 0.049293596
2228 0.000000000 0.955011964 0.044988032
2229 0.000000000 0.989130139 0.010869861
2230 0.000000000 0.961762249 0.038237773
2231 0.000000000 0.966423512 0.033576500
2232 0.000000000 0.583848357 0.416151643
2233 0.000000000 0.987864375 0.012135644
2234 0.000000000 0.947331667 0.052668314
2235 0.000000000 1.000000000 0.000000000
2236 0.000000000 0.882843256 0.117156766
2237 0.000000000 0.918824673 0.081175305
2238 0.000000000 0.955143452 0.044856526
2239 0.000000000 0.938178599 0.061821427
2240 0.000000000 0.946632624 0.053367358
2241 0.000000000 0.950643241 0.049356770
2242 0.000000000 0.982911229 0.017088762
2243 0.000000000 0.991573870 0.008426110
2244 0.000000000 1.000000000 0.000000000
2245 0.000000000 1.000000000 0.000000000
2246 0.000000000 0.589309990 0.410690010
2247 0.000000000 0.895036280 0.104963735
2248 0.000000000 0.980492890 0.019507134
2249 0.000000000 0.908408821 0.091591179
2250 0.000000000 0.884670019 0.115329988
2251 0.000000000 0.914699078 0.085300930
2252 0.000000000 0.992698610 0.007301390
2253 0.000000000 0.941390634 0.058609389
2254 0.000000000 0.920035839 0.079964131
2255 0.000000000 0.993210614 0.006789361
2256 0.000000000 0.893217921 0.106782109
2257 0.000000000 0.941724062 0.058275923
2258 0.000000000 0.987963557 0.012036428
2259 0.000000000 0.942004144 0.057995860
2260 0.000000000 0.639260530 0.360739470
2261 0.000000000 0.895339131 0.104660891
2262 0.000000000 0.964129984 0.035870042
2263 0.000000000 0.942206919 0.057793081
2264 0.000000000 0.720016420 0.279983580
2265 0.000000000 0.960048914 0.039951060
2266 0.000000000 0.911782980 0.088217042
2267 0.000000000 0.886122882 0.113877118
2268 0.000000000 0.940313995 0.059686016
2269 0.000000000 0.938187003 0.061812978
2270 0.000000000 0.776627600 0.223372370
2271 0.000000000 0.842673123 0.157326892
2272 0.000000000 0.784311473 0.215688527
2273 0.000000000 0.857475877 0.142524138
2274 0.000000000 0.647945046 0.352054924
2275 0.000000000 0.000000000 1.000000000
2276 0.000000000 0.520246327 0.479753703
2277 0.000000000 0.579154074 0.420845956
2278 0.000000000 0.596136689 0.403863281
2279 0.000000000 0.662618279 0.337381721
2280 0.000000000 0.569675446 0.430324554
2281 0.000000000 0.805465400 0.194534585
2282 0.000000000 0.604665875 0.395334125
2283 0.000000000 0.762280107 0.237719879
2284 0.000000000 0.615906179 0.384093821
2285 0.000000000 0.733495474 0.266504496
2286 0.000000000 0.642293036 0.357706994
2287 0.000000000 0.862169206 0.137830794
2288 0.000000000 0.429157019 0.570842981
2289 0.000000000 0.000000000 1.000000000
2290 0.000000000 0.540017307 0.459982693
2291 0.000000000 0.628049254 0.371950746
2292 0.000000000 0.692091107 0.307908922
2293 0.000000000 0.641332209 0.358667791
2294 0.000000000 0.832257032 0.167742983
2295 0.000000000 0.660742700 0.339257270
2296 0.000000000 0.785884857 0.214115158
2297 0.000000000 0.598024070 0.401975900
2298 0.000000000 0.744582713 0.255417287
2299 0.000000000 0.590862513 0.409137487
2300 0.000000000 0.920262933 0.079737052
2301 0.000000000 0.421456009 0.578543961
2302 0.000000000 0.642774999 0.357224971
2303 0.000000000 0.000000000 1.000000000
2304 0.000000000 0.755437434 0.244562551
2305 0.000000000 0.757916212 0.242083803
2306 0.000000000 0.710133314 0.289866716
2307 0.000000000 0.893441498 0.106558509
2308 0.000000000 0.742321968 0.257678002
2309 0.000000000 0.826350272 0.173649728
2310 0.000000000 0.762906849 0.237093121
2311 0.000000000 0.875331402 0.124668576
2312 0.000000000 0.730692983 0.269307047
2313 0.000000000 0.963786185 0.036213793
2314 0.000000000 0.418810815 0.581189215
2315 0.000000000 0.600179851 0.399820119
2316 0.000000000 0.497536033 0.502463937
2317 0.000000000 0.000000000 1.000000000
2318 0.000000000 0.646171749 0.353828222
2319 0.000000000 0.572081447 0.427918583
2320 0.000000000 0.695909679 0.304090291
2321 0.000000000 0.587520182 0.412479848
2322 0.000000000 0.633761764 0.366238236
2323 0.000000000 0.592742562 0.407257438
2324 0.000000000 0.740470111 0.259529889
2325 0.000000000 0.664937854 0.335062146
2326 0.000000000 0.842842996 0.157156989
2327 0.000000000 0.688238919 0.311761111
2328 0.000000000 0.700070262 0.299929738
2329 0.000000000 0.776956022 0.223043963
2330 0.000000000 0.791631103 0.208368897
2331 0.000000000 0.110000595 0.889999390
2332 0.000000000 0.787515819 0.212484211
2333 0.000000000 0.850351870 0.149648115
2334 0.000000000 0.712087512 0.287912488
2335 0.000000000 0.751826942 0.248173043
2336 0.000000000 0.701658070 0.298341930
2337 0.000000000 0.785668492 0.214331523
2338 0.000000000 0.761137009 0.238862991
2339 0.000000000 0.888508916 0.111491099
2340 0.000000000 0.578168035 0.421831995
2341 0.000000000 0.795174539 0.204825491
2342 0.000000000 0.793937147 0.206062868
2343 0.000000000 0.774223149 0.225776851
2344 0.000000000 0.837425172 0.162574843
2345 0.000000000 0.000000000 1.000000000
2346 0.000000000 0.871262312 0.128737703
2347 0.000000000 0.738695264 0.261304706
2348 0.000000000 0.809061706 0.190938309
2349 0.000000000 0.793979347 0.206020683
2350 0.000000000 0.877672672 0.122327343
2351 0.000000000 0.850380301 0.149619713
2352 0.000000000 0.832456112 0.167543918
2353 0.000000000 0.709626913 0.290373117
2354 0.000000000 0.820179999 0.179819971
2355 0.000000000 0.867415249 0.132584766
2356 0.000000000 0.794478476 0.205521539
2357 0.000000000 0.815365970 0.184634045
2358 0.000000000 0.794170678 0.205829322
2359 0.000000000 0.031409390 0.968590617
2360 0.000000000 0.677649498 0.322350502
2361 0.000000000 0.768897772 0.231102243
2362 0.000000000 0.778234303 0.221765682
2363 0.000000000 0.841280937 0.158719078
2364 0.000000000 0.817320824 0.182679147
2365 0.000000000 0.818884373 0.181115612
2366 0.000000000 0.787763476 0.212236509
2367 0.000000000 0.907971799 0.092028208
2368 0.000000000 0.911782861 0.088217162
2369 0.000000000 0.891462207 0.108537778
2370 0.000000000 0.976989150 0.023010826
2371 0.000000000 0.861980557 0.138019428
2372 0.000000000 0.906052828 0.093947187
2373 0.000000000 0.000000000 1.000000000
2374 0.000000000 0.915741324 0.084258676
2375 0.000000000 0.805055857 0.194944128
2376 0.000000000 0.937787890 0.062212098
2377 0.000000000 0.960882723 0.039117247
2378 0.000000000 1.000000000 0.000000000
2379 0.000000000 0.896896243 0.103103735
2380 0.000000000 0.819863617 0.180136383
2381 0.000000000 0.970083177 0.029916819
2382 0.000000000 0.969119370 0.030880613
2383 0.000000000 1.000000000 0.000000000
2384 0.000000000 0.936276317 0.063723668
2385 0.000000000 0.962629855 0.037370138
2386 0.000000000 0.921234608 0.078765415
2387 0.000000000 0.080148906 0.919851124
2388 0.000000000 0.894316971 0.105683051
2389 0.000000000 1.000000000 0.000000000
2390 0.000000000 0.897252142 0.102747828
2391 0.000000000 0.950479031 0.049520966
2392 0.000000000 0.810837865 0.189162165
2393 0.000000000 0.871927083 0.128072917
2394 0.000000000 0.928171754 0.071828268
2395 0.000000000 0.962618768 0.037381258
2396 0.000000000 0.986480534 0.013519442
2397 0.000000000 0.936209977 0.063790008
2398 0.000000000 0.997662127 0.002337854
2399 0.000000000 0.954536617 0.045463353
2400 0.000000000 0.955947101 0.044052891
2401 0.000000000 0.000000000 1.000000000
2402 0.000000000 0.876222670 0.123777337
2403 0.000000000 0.849185407 0.150814593
2404 0.000000000 0.789631963 0.210368052
2405 0.000000000 0.175681591 0.824318409
2406 0.000000000 0.164354980 0.835645020
2407 0.000000000 0.199222311 0.800777674
2408 0.000000000 0.278356463 0.721643507
2409 0.000000000 0.247463763 0.752536237
2410 0.000000000 0.230969161 0.769030869
2411 0.000000000 0.354046911 0.645953059
2412 0.000000000 0.391638786 0.608361185
2413 0.000000000 0.428839624 0.571160376
2414 0.000000000 0.438127786 0.561872184
2415 0.000000000 0.000000000 1.000000000
2416 0.000000000 0.104068682 0.895931304
2417 0.000000000 0.218340069 0.781659961
2418 0.000000000 0.000000000 1.000000000
2419 0.000000000 0.000000000 1.000000000
2420 0.000000000 0.000000000 1.000000000
2421 0.000000000 0.000000000 1.000000000
2422 0.000000000 0.000000000 1.000000000
2423 0.000000000 0.000000000 1.000000000
2424 0.000000000 0.000000000 1.000000000
2425 0.000000000 0.000000000 1.000000000
2426 0.000000000 0.000000000 1.000000000
2427 0.000000000 0.000000000 1.000000000
2428 0.000000000 0.000000000 1.000000000
2429 0.000000000 0.000000000 1.000000000
2430 0.000000000 0.000000000 1.000000000
2431 0.000000000 0.004833417 0.995166600
2432 0.000000000 0.000000000 1.000000000
2433 0.000000000 0.000000000 1.000000000
2434 0.000000000 0.000000000 1.000000000
2435 0.000000000 0.000000000 1.000000000
2436 0.000000000 0.000000000 1.000000000
2437 0.000000000 0.000000000 1.000000000
2438 0.000000000 0.000000000 1.000000000
2439 0.000000000 0.000000000 1.000000000
2440 0.000000000 0.000000000 1.000000000
2441 0.000000000 0.000000000 1.000000000
2442 0.000000000 0.000000000 1.000000000
2443 0.000000000 0.000000000 1.000000000
2444 0.000000000 0.000000000 1.000000000
2445 0.795929790 0.000000000 0.204070225
2446 0.840651155 0.000000000 0.159348845
2447 0.781104684 0.033147309 0.185748011
2448 0.895325363 0.000000000 0.104674645
2449 0.853459597 0.000000000 0.146540388
2450 0.865370929 0.006306455 0.128322601
2451 0.854065418 0.000000000 0.145934582
2452 0.840524495 0.000000000 0.159475490
2453 0.860219896 0.000000000 0.139780089
2454 0.841425836 0.000000000 0.158574149
2455 0.910285890 0.002836501 0.086877584
2456 0.885017931 0.011839846 0.103142247
2457 0.874835372 0.000000000 0.125164628
2458 0.000000000 0.000000000 1.000000000
2459 0.828823924 0.000000000 0.171176091
2460 0.807673872 0.000000000 0.192326143
2461 0.881159127 0.000000000 0.118840851
2462 0.883883238 0.000000000 0.116116762
2463 0.866295040 0.000000000 0.133704960
2464 0.867543519 0.000000000 0.132456496
2465 0.839387178 0.000000000 0.160612822
2466 0.848754883 0.000000000 0.151245132
2467 0.870512366 0.023565212 0.105922408
2468 0.900655389 0.000707744 0.098636895
2469 0.847813487 0.000000000 0.152186513
2470 0.868311286 0.000000000 0.131688729
2471 0.871942282 0.000000000 0.128057718
2472 0.000000000 0.000000000 1.000000000
2473 0.836993396 0.016695904 0.146310687
2474 0.898276567 0.000000000 0.101723418
2475 0.869736791 0.000000000 0.130263180
2476 0.885557830 0.022536214 0.091905944
2477 0.860787570 0.000000000 0.139212444
2478 0.860189915 0.000000000 0.139810100
2479 0.844241142 0.000000000 0.155758873
2480 0.869857311 0.000000000 0.130142674
2481 0.878923774 0.000000000 0.121076226
2482 0.883175433 0.022112092 0.094712481
2483 0.842332900 0.023145270 0.134521797
2484 0.856505811 0.000000000 0.143494174
2485 0.932895780 0.000852178 0.066252053
2486 0.000000000 0.000000000 1.000000000
2487 0.870477557 0.000000000 0.129522473
2488 0.824132979 0.000000000 0.175867036
2489 0.842768312 0.021855565 0.135376140
2490 0.822902679 0.000000000 0.177097321
2491 0.855440259 0.000000000 0.144559726
2492 0.837785423 0.000000000 0.162214562
2493 0.846608281 0.000000000 0.153391734
2494 0.888948023 0.000000000 0.111051947
2495 0.883006752 0.007610844 0.109382376
2496 0.931702673 0.000000000 0.068297312
2497 0.949743986 0.000000000 0.050255992
2498 0.978003383 0.000000000 0.021996601
2499 0.977709353 0.008629574 0.013661054
2500 0.000000000 0.000000000 1.000000000
2501 0.915122867 0.000000000 0.084877133
2502 0.896139979 0.000000000 0.103859998
2503 0.911082149 0.021870397 0.067047440
2504 0.928226590 0.037551600 0.034221839
2505 0.961555660 0.000000000 0.038444348
2506 0.965358138 0.000000000 0.034641840
2507 0.927151978 0.000000000 0.072848022
2508 0.914144754 0.069407120 0.016448129
2509 0.851066113 0.028510844 0.120423056
2510 0.931850255 0.000455934 0.067693830
2511 0.904853523 0.000000000 0.095146447
2512 0.821698785 0.105660431 0.072640784
2513 0.928892016 0.000797907 0.070310101
2514 0.000000000 0.000000000 1.000000000
2515 0.939394414 0.000081771 0.060523834
2516 0.886537015 0.009050228 0.104412749
2517 0.837522864 0.058498975 0.103978157
2518 0.911212385 0.000000000 0.088787585
2519 0.883647799 0.003461736 0.112890467
2520 0.829552054 0.015006821 0.155441105
2521 0.855157733 0.037765421 0.107076876
2522 0.870321989 0.112410069 0.017267928
2523 0.959264457 0.040735554 0.000000000
2524 0.916097820 0.053644277 0.030257924
2525 0.845381558 0.122755520 0.031862915
2526 1.000000000 0.000000000 0.000000000
2527 0.836899698 0.136217952 0.026882358
2528 0.000000000 0.000000000 1.000000000
2529 0.852282584 0.066328749 0.081388675
2530 0.736282825 0.222455770 0.041261408
2531 0.761321783 0.189798608 0.048879597
2532 0.805803180 0.155056745 0.039140064
2533 0.839613318 0.115953885 0.044432767
2534 0.841290712 0.158709273 0.000000000
2535 0.726678133 0.227873459 0.045448400
2536 0.757545173 0.219952539 0.022502316
2537 0.804275870 0.161829844 0.033894278
2538 0.719558716 0.251801789 0.028639508
2539 0.874615610 0.113028325 0.012356057
2540 0.706811309 0.215924934 0.077263728
2541 0.693721175 0.271882862 0.034395982
2542 0.000000000 0.000000000 1.000000000
2543 0.716209471 0.178988576 0.104801930
2544 0.597671032 0.232387438 0.169941515
2545 0.626501560 0.174610749 0.198887691
2546 0.681662023 0.215007335 0.103330635
2547 0.736848295 0.224082917 0.039068781
2548 0.789197326 0.210802674 0.000000000
2549 0.828354001 0.171646029 0.000000000
2550 0.791764200 0.160289139 0.047946658
2551 0.732115686 0.227708086 0.040176243
2552 0.808510661 0.166239709 0.025249649
2553 0.753850758 0.172612071 0.073537163
2554 0.808457017 0.136546522 0.054996435
2555 0.825794995 0.103777379 0.070427619
2556 0.000000000 0.000000000 1.000000000
2557 0.702486098 0.251300156 0.046213757
2558 0.710203886 0.202008948 0.087787189
2559 0.733355463 0.233873099 0.032771442
2560 0.727907479 0.250380993 0.021711504
2561 0.445583016 0.483902574 0.070514403
2562 0.458786964 0.430419922 0.110793091
2563 0.504396796 0.452748865 0.042854380
2564 0.488382429 0.467528284 0.044089280
2565 0.559929967 0.399432957 0.040637057
2566 0.515209436 0.465704232 0.019086337
2567 0.542964041 0.446714222 0.010321737
2568 0.511292756 0.438618034 0.050089236
2569 0.532078028 0.426766038 0.041155946
2570 0.000000000 0.000000000 1.000000000
2571 0.493766576 0.463580102 0.042653337
2572 0.375445038 0.505836844 0.118718140
2573 0.340491027 0.550299108 0.109209888
2574 0.164810687 0.744835258 0.090354025
2575 0.145624608 0.711763859 0.142611533
2576 0.175663456 0.699292183 0.125044376
2577 0.145563975 0.696383893 0.158052146
2578 0.239162475 0.695865929 0.064971626
2579 0.151402861 0.795695424 0.052901730
2580 0.185741529 0.765797377 0.048461113
2581 0.235960945 0.722254634 0.041784421
2582 0.250929296 0.667304933 0.081765749
2583 0.247186795 0.705372691 0.047440529
2584 0.000000000 0.000000000 1.000000000
2585 0.149536252 0.746686697 0.103777029
2586 0.042027220 0.755021572 0.202951178
2587 0.000000000 0.765890241 0.234109774
2588 0.000000000 0.680999994 0.319000006
2589 0.000000000 0.743339479 0.256660521
2590 0.002298930 0.774886668 0.222814411
2591 0.016960608 0.786563814 0.196475580
2592 0.000000000 0.877602279 0.122397751
2593 0.021600027 0.839852214 0.138547778
2594 0.026464276 0.876649141 0.096886598
2595 0.017126786 0.820795715 0.162077487
2596 0.048303097 0.807126403 0.144570515
2597 0.051077895 0.848747134 0.100174956
2598 0.000000000 0.000000000 1.000000000
2599 0.000000000 0.440719724 0.559280276
2600 0.000000000 0.050674573 0.949325442
2601 0.000000000 0.000000000 1.000000000
2602 0.000000000 0.022870908 0.977129102
2603 0.022640735 0.030978236 0.946381032
2604 0.059706032 0.027426202 0.912867785
2605 0.000000000 0.003405461 0.996594548
2606 0.000000000 0.078946508 0.921053469
2607 0.010949708 0.037247490 0.951802790
2608 0.010199286 0.028327189 0.961473525
2609 0.015473923 0.075336725 0.909189343
2610 0.000000000 0.111189649 0.888810337
2611 0.000000000 0.319678783 0.680321217
2612 0.000000000 0.000000000 1.000000000
2613 0.067721501 0.000000000 0.932278514
2614 0.714937866 0.102156870 0.182905242
2615 0.860180974 0.052146249 0.087672807
2616 0.635501742 0.112379111 0.252119124
2617 0.789131045 0.021290839 0.189578131
2618 0.745802879 0.083070993 0.171126127
2619 0.779228270 0.105487637 0.115284100
2620 0.735046148 0.091501370 0.173452497
2621 0.689888299 0.165084153 0.145027518
2622 0.806446493 0.022806028 0.170747459
2623 0.796813369 0.042210255 0.160976395
2624 0.817166865 0.033844974 0.148988172
2625 0.699659467 0.168125808 0.132214755
2626 0.824131370 0.038034443 0.137834162
2627 0.088104427 0.000000000 0.911895573
2628 0.882227838 0.117772140 0.000000000
2629 0.778845310 0.210474610 0.010680071
2630 0.829246700 0.103406489 0.067346819
2631 0.775588751 0.197444111 0.026967142
2632 0.907587528 0.092412449 0.000000000
2633 0.770383358 0.171438918 0.058177728
2634 0.724968255 0.212590486 0.062441237
2635 0.716784894 0.173551202 0.109663911
2636 0.785535216 0.112930097 0.101534687
2637 0.809882522 0.158732399 0.031385094
2638 0.671196103 0.234920681 0.093883209
2639 0.894137621 0.000000000 0.105862394
2640 0.866253138 0.020022362 0.113724530
2641 0.008265901 0.028441897 0.963292181
2642 0.727891624 0.122985542 0.149122834
2643 0.878472805 0.000000000 0.121527217
2644 0.816412270 0.088589557 0.094998173
2645 0.899796784 0.070468985 0.029734230
2646 0.796971440 0.106034614 0.096993923
2647 0.732477069 0.140597567 0.126925394
2648 0.770504057 0.056320805 0.173175126
2649 0.797463238 0.072566062 0.129970729
2650 0.773331285 0.105094574 0.121574126
2651 0.744510710 0.112955235 0.142534062
2652 0.839471221 0.043362118 0.117166691
2653 0.866125584 0.038969960 0.094904467
2654 0.868922412 0.044608470 0.086469136
2655 0.000000000 0.000000000 1.000000000
2656 0.893387079 0.002223677 0.104389213
2657 0.906740248 0.061362628 0.031897094
2658 0.917094886 0.057666320 0.025238821
2659 0.822434127 0.060550783 0.117015079
2660 0.791348636 0.134937361 0.073714003
2661 0.901894152 0.015422690 0.082683146
2662 0.821361184 0.097218581 0.081420213
2663 0.834400594 0.069448873 0.096150525
2664 0.871480167 0.100402817 0.028117029
2665 0.843834281 0.075431176 0.080734536
2666 0.843001246 0.089598559 0.067400195
2667 0.912820995 0.023673166 0.063505836
2668 0.802915096 0.105139032 0.091945894
2669 0.000000000 0.000000000 1.000000000
2670 0.884655476 0.100304648 0.015039852
2671 0.944503486 0.000000000 0.055496499
2672 0.861705959 0.076746151 0.061547898
2673 0.873367071 0.086388402 0.040244512
2674 0.875544608 0.105800219 0.018655155
2675 0.921916783 0.053593453 0.024489747
2676 0.887754977 0.091902561 0.020342456
2677 0.923335373 0.076664649 0.000000000
2678 0.769248903 0.137301475 0.093449645
2679 0.813594937 0.115944587 0.070460491
2680 0.727544844 0.194800079 0.077655084
2681 0.600657642 0.278050423 0.121291935
2682 0.779022396 0.123080626 0.097896978
2683 0.000000000 0.000000000 1.000000000
2684 0.789642811 0.189173922 0.021183277
2685 0.609904170 0.263350338 0.126745522
2686 0.616587222 0.306092918 0.077319868
2687 0.637573361 0.308883339 0.053543322
2688 0.699401855 0.199836597 0.100761533
2689 0.659660935 0.259786665 0.080552407
2690 0.675377488 0.252179563 0.072442979
2691 0.758554816 0.178975344 0.062469862
2692 0.725129306 0.217337102 0.057533596
2693 0.737856328 0.225108951 0.037034705
2694 0.672226846 0.258661598 0.069111556
2695 0.702680647 0.243342087 0.053977262
2696 0.600742698 0.373182058 0.026075240
2697 0.034623206 0.000000000 0.965376794
2698 0.680046856 0.258123338 0.061829783
2699 0.706956446 0.211946726 0.081096806
2700 0.607654810 0.326565146 0.065780044
2701 0.711366713 0.218571305 0.070061997
2702 0.697236359 0.254980385 0.047783267
2703 0.626201987 0.336253285 0.037544709
2704 0.610512733 0.285410672 0.104076579
2705 0.559051991 0.397648335 0.043299690
2706 0.569001436 0.373052180 0.057946365
2707 0.461519033 0.438576370 0.099904604
2708 0.539821744 0.387999177 0.072179042
2709 0.471364230 0.453410059 0.075225718
2710 0.544410110 0.359628320 0.095961586
2711 0.000000000 0.000000000 1.000000000
2712 0.527112126 0.340176582 0.132711306
2713 0.424963534 0.474351048 0.100685418
2714 0.516769469 0.398182005 0.085048527
2715 0.493790060 0.456546187 0.049663767
2716 0.460685104 0.482789099 0.056525789
2717 0.575700402 0.394833922 0.029465675
2718 0.529903471 0.463910282 0.006186280
2719 0.563664913 0.436335117 0.000000000
2720 0.461101770 0.538898230 0.000000000
2721 0.511049509 0.465643466 0.023307005
2722 0.484999359 0.511243641 0.003757024
2723 0.588188887 0.388390929 0.023420190
2724 0.549114645 0.380444467 0.070440903
2725 0.022760162 0.045362473 0.931877375
2726 0.487075984 0.493185818 0.019738195
2727 0.523644805 0.453132182 0.023223007
2728 0.530987263 0.469012737 0.000000000
2729 0.487222284 0.484912604 0.027865104
2730 0.494267523 0.492130905 0.013601546
2731 0.490366757 0.501725614 0.007907599
2732 0.485888004 0.469929159 0.044182830
2733 0.438022614 0.538783371 0.023193989
2734 0.470987111 0.486322641 0.042690244
2735 0.480942488 0.504597604 0.014459905
2736 0.506586790 0.462004215 0.031408999
2737 0.514899015 0.418555915 0.066545084
2738 0.515728593 0.415255845 0.069015555
2739 0.000000000 0.000000000 1.000000000
2740 0.368913859 0.565511167 0.065574959
2741 0.367067218 0.632932782 0.000000000
2742 0.300669670 0.658027709 0.041302625
2743 0.183746457 0.771883905 0.044369631
2744 0.128338426 0.798727810 0.072933778
2745 0.147563010 0.792015970 0.060421005
2746 0.080625318 0.887557864 0.031816795
2747 0.098696776 0.901303232 0.000000000
2748 0.144942686 0.834721804 0.020335533
2749 0.190701500 0.753931463 0.055367060
2750 0.208032623 0.731227696 0.060739648
2751 0.197136134 0.767296255 0.035567600
2752 0.276309967 0.674646795 0.049043257
2753 0.000000000 0.000000000 1.000000000
2754 0.043485027 0.944084883 0.012430103
2755 0.069535501 0.898129642 0.032334879
2756 0.000000000 0.831384778 0.168615192
2757 0.000000000 0.853227198 0.146772787
2758 0.000467481 0.975353181 0.024179354
2759 0.000000000 0.899109364 0.100890636
2760 0.000000000 0.914383411 0.085616596
2761 0.000000000 0.938126504 0.061873518
2762 0.000000000 0.957001746 0.042998243
2763 0.000000000 0.963485718 0.036514308
2764 0.000000000 0.896393895 0.103606112
2765 0.000000000 0.953269184 0.046730790
2766 0.008572985 0.963735461 0.027691539
2767 0.000000000 0.000000000 1.000000000
2768 0.000000000 0.847233415 0.152766585
2769 0.005894922 0.192975581 0.801129520
2770 0.006144333 0.211319104 0.782536566
2771 0.000000000 0.305528760 0.694471240
2772 0.039099026 0.425589025 0.535311937
2773 0.000000000 0.228847533 0.771152496
2774 0.000000000 0.266162902 0.733837128
2775 0.000000000 0.397173047 0.602826953
2776 0.009746159 0.337347388 0.652906418
2777 0.000000000 0.404390901 0.595609069
2778 0.045943461 0.372511655 0.581544876
2779 0.005019353 0.426800013 0.568180621
2780 0.020760348 0.458903044 0.520336628
2781 0.000000000 0.082045391 0.917954624
2782 0.000000000 1.000000000 0.000000000
2783 1.000000000 0.000000000 0.000000000
2784 1.000000000 0.000000000 0.000000000
2785 1.000000000 0.000000000 0.000000000
2786 0.974984169 0.025015811 0.000000000
2787 0.995530784 0.004469209 0.000000000
2788 1.000000000 0.000000000 0.000000000
2789 1.000000000 0.000000000 0.000000000
2790 1.000000000 0.000000000 0.000000000
2791 1.000000000 0.000000000 0.000000000
2792 1.000000000 0.000000000 0.000000000
2793 1.000000000 0.000000000 0.000000000
2794 1.000000000 0.000000000 0.000000000
2795 1.000000000 0.000000000 0.000000000
2796 0.000000000 1.000000000 0.000000000
2797 0.941855252 0.058144759 0.000000000
2798 0.964891076 0.035108920 0.000000000
2799 0.963780880 0.036219113 0.000000000
2800 0.940626144 0.059373878 0.000000000
2801 1.000000000 0.000000000 0.000000000
2802 0.973177254 0.026822759 0.000000000
2803 0.982650876 0.017349148 0.000000000
2804 1.000000000 0.000000000 0.000000000
2805 1.000000000 0.000000000 0.000000000
2806 1.000000000 0.000000000 0.000000000
2807 1.000000000 0.000000000 0.000000000
2808 1.000000000 0.000000000 0.000000000
2809 1.000000000 0.000000000 0.000000000
2810 0.014010848 0.985989153 0.000000000
2811 1.000000000 0.000000000 0.000000000
2812 0.930255830 0.069744155 0.000000000
2813 0.953948796 0.046051182 0.000000000
2814 1.000000000 0.000000000 0.000000000
2815 0.944140434 0.055859543 0.000000000
2816 1.000000000 0.000000000 0.000000000
2817 1.000000000 0.000000000 0.000000000
2818 0.998450875 0.001549132 0.000000000
2819 1.000000000 0.000000000 0.000000000
2820 0.956793308 0.043206718 0.000000000
2821 1.000000000 0.000000000 0.000000000
2822 1.000000000 0.000000000 0.000000000
2823 1.000000000 0.000000000 0.000000000
2824 0.014727261 0.985272765 0.000000000
2825 0.927141011 0.072859012 0.000000000
2826 0.992281079 0.007718905 0.000000000
2827 1.000000000 0.000000000 0.000000000
2828 1.000000000 0.000000000 0.000000000
2829 1.000000000 0.000000000 0.000000000
2830 1.000000000 0.000000000 0.000000000
2831 1.000000000 0.000000000 0.000000000
2832 1.000000000 0.000000000 0.000000000
2833 0.997501493 0.002498519 0.000000000
2834 1.000000000 0.000000000 0.000000000
2835 1.000000000 0.000000000 0.000000000
2836 1.000000000 0.000000000 0.000000000
2837 1.000000000 0.000000000 0.000000000
2838 0.000000000 1.000000000 0.000000000
2839 1.000000000 0.000000000 0.000000000
2840 1.000000000 0.000000000 0.000000000
2841 0.994455278 0.005544693 0.000000000
2842 0.956322849 0.043677136 0.000000000
2843 1.000000000 0.000000000 0.000000000
2844 1.000000000 0.000000000 0.000000000
2845 0.992555737 0.007444259 0.000000000
2846 0.917913795 0.082086235 0.000000000
2847 0.963439167 0.036560819 0.000000000
2848 0.956339538 0.043660492 0.000000000
2849 1.000000000 0.000000000 0.000000000
2850 0.844510913 0.155489102 0.000000000
2851 0.927556217 0.072443761 0.000000000
2852 0.000000000 1.000000000 0.000000000
2853 0.915772140 0.084227860 0.000000000
2854 0.874316394 0.125683576 0.000000000
2855 0.831800342 0.168199673 0.000000000
2856 0.969673693 0.030326288 0.000000000
2857 0.938605547 0.061394434 0.000000000
2858 1.000000000 0.000000000 0.000000000
2859 0.847507417 0.152492553 0.000000000
2860 1.000000000 0.000000000 0.000000000
2861 1.000000000 0.000000000 0.000000000
2862 1.000000000 0.000000000 0.000000000
2863 0.997292340 0.002707644 0.000000000
2864 1.000000000 0.000000000 0.000000000
2865 0.989768147 0.010231842 0.000000000
2866 0.091114454 0.908885539 0.000000000
2867 0.955214322 0.044785704 0.000000000
2868 0.869302869 0.130697131 0.000000000
2869 1.000000000 0.000000000 0.000000000
2870 1.000000000 0.000000000 0.000000000
2871 0.962952614 0.037047360 0.000000000
2872 0.891197383 0.108802609 0.000000000
2873 1.000000000 0.000000000 0.000000000
2874 0.955303252 0.044696748 0.000000000
2875 0.977377653 0.022622339 0.000000000
2876 0.919942915 0.080057070 0.000000000
2877 1.000000000 0.000000000 0.000000000
2878 0.963966608 0.036033403 0.000000000
2879 1.000000000 0.000000000 0.000000000
2880 0.000000000 1.000000000 0.000000000
2881 0.871921539 0.128078446 0.000000000
2882 0.873071909 0.126928091 0.000000000
2883 0.957911670 0.042088326 0.000000000
2884 0.899816573 0.100183405 0.000000000
2885 0.815580070 0.184419945 0.000000000
2886 0.985914707 0.014085281 0.000000000
2887 0.881263494 0.118736535 0.000000000
2888 0.977593601 0.022406422 0.000000000
2889 0.873050213 0.126949772 0.000000000
2890 0.989352405 0.010647603 0.000000000
2891 0.983865321 0.016134692 0.000000000
2892 0.959137738 0.040862236 0.000000000
2893 1.000000000 0.000000000 0.000000000
2894 0.004589804 0.995410204 0.000000000
2895 0.855470359 0.144529641 0.000000000
2896 0.918710291 0.081289686 0.000000000
2897 0.958173454 0.041826524 0.000000000
2898 0.806420684 0.193579331 0.000000000
2899 0.843972802 0.156027168 0.000000000
2900 0.873585403 0.126414597 0.000000000
2901 0.895607412 0.104392596 0.000000000
2902 0.864688635 0.135311365 0.000000000
2903 1.000000000 0.000000000 0.000000000
2904 0.955140650 0.044859324 0.000000000
2905 0.951199591 0.048800383 0.000000000
2906 0.929819584 0.070180386 0.000000000
2907 0.890228093 0.109771930 0.000000000
2908 0.000000000 1.000000000 0.000000000
2909 0.754167974 0.245832011 0.000000000
2910 0.858788967 0.141211033 0.000000000
2911 0.639817953 0.360182017 0.000000000
2912 0.726770997 0.273229003 0.000000000
2913 0.640268981 0.359730989 0.000000000
2914 0.813635409 0.186364621 0.000000000
2915 0.827948153 0.172051862 0.000000000
2916 0.849344850 0.150655150 0.000000000
2917 0.729219675 0.270780295 0.000000000
2918 0.819589198 0.180410802 0.000000000
2919 0.960542738 0.039457262 0.000000000
2920 0.983098507 0.016901484 0.000000000
2921 0.977035403 0.022964608 0.000000000
2922 0.000000000 1.000000000 0.000000000
2923 0.725235403 0.274764568 0.000000000
2924 0.574614346 0.425385684 0.000000000
2925 0.277213097 0.722786903 0.000000000
2926 0.275063485 0.724936545 0.000000000
2927 0.258050710 0.741949320 0.000000000
2928 0.355847210 0.644152761 0.000000000
2929 0.446175933 0.553824067 0.000000000
2930 0.258350134 0.741649866 0.000000000
2931 0.404586136 0.595413864 0.000000000
2932 0.393414170 0.606585801 0.000000000
2933 0.377233833 0.622766137 0.000000000
2934 0.430244029 0.569755971 0.000000000
2935 0.464055419 0.535944581 0.000000000
2936 0.000000000 1.000000000 0.000000000
2937 0.124010541 0.875989437 0.000000000
2938 0.000000000 1.000000000 0.000000000
2939 0.000000000 1.000000000 0.000000000
2940 0.000000000 1.000000000 0.000000000
2941 0.000000000 1.000000000 0.000000000
2942 0.000000000 1.000000000 0.000000000
2943 0.000000000 1.000000000 0.000000000
2944 0.000000000 1.000000000 0.000000000
2945 0.000000000 1.000000000 0.000000000
2946 0.000000000 1.000000000 0.000000000
2947 0.028819082 0.971180916 0.000000000
2948 0.000000000 1.000000000 0.000000000
2949 0.000000000 1.000000000 0.000000000
2950 0.000000000 1.000000000 0.000000000
2951 0.000000000 1.000000000 0.000000000
2952 0.963597000 0.036403023 0.000000000
2953 0.986264765 0.013735256 0.000000000
2954 0.969543695 0.030456299 0.000000000
2955 0.997255743 0.002744234 0.000000000
2956 1.000000000 0.000000000 0.000000000
2957 0.997306883 0.002693127 0.000000000
2958 0.996351540 0.003648432 0.000000000
2959 0.984789014 0.015211008 0.000000000
2960 1.000000000 0.000000000 0.000000000
2961 1.000000000 0.000000000 0.000000000
2962 1.000000000 0.000000000 0.000000000
2963 1.000000000 0.000000000 0.000000000
2964 1.000000000 0.000000000 0.000000000
2965 0.000000000 1.000000000 0.000000000
2966 0.958455801 0.041544180 0.000000000
2967 0.991696775 0.008303226 0.000000000
2968 0.979895890 0.020104118 0.000000000
2969 0.969494820 0.030505199 0.000000000
2970 0.999424398 0.000575583 0.000000000
2971 0.971525908 0.028474068 0.000000000
2972 1.000000000 0.000000000 0.000000000
2973 1.000000000 0.000000000 0.000000000
2974 0.981381893 0.018618137 0.000000000
2975 0.922473073 0.077526912 0.000000000
2976 0.967682123 0.032317899 0.000000000
2977 1.000000000 0.000000000 0.000000000
2978 1.000000000 0.000000000 0.000000000
2979 0.023887908 0.976112068 0.000000000
2980 0.936830640 0.063169383 0.000000000
2981 1.000000000 0.000000000 0.000000000
2982 0.981519520 0.018480489 0.000000000
2983 1.000000000 0.000000000 0.000000000
2984 1.000000000 0.000000000 0.000000000
2985 1.000000000 0.000000000 0.000000000
2986 1.000000000 0.000000000 0.000000000
2987 1.000000000 0.000000000 0.000000000
2988 1.000000000 0.000000000 0.000000000
2989 0.993755221 0.006244800 0.000000000
2990 0.997429907 0.002570094 0.000000000
2991 0.938116252 0.061883736 0.000000000
2992 0.983694017 0.016305996 0.000000000
2993 0.000000000 1.000000000 0.000000000
2994 0.975059450 0.024940535 0.000000000
2995 0.974422574 0.025577454 0.000000000
2996 0.961865366 0.038134608 0.000000000
2997 1.000000000 0.000000000 0.000000000
2998 0.959486306 0.040513724 0.000000000
2999 1.000000000 0.000000000 0.000000000
3000 1.000000000 0.000000000 0.000000000
3001 1.000000000 0.000000000 0.000000000
3002 0.971757174 0.028242797 0.000000000
3003 0.936382413 0.063617609 0.000000000
3004 0.937210083 0.062789910 0.000000000
3005 1.000000000 0.000000000 0.000000000
3006 0.984244227 0.015755799 0.000000000
3007 0.000000000 1.000000000 0.000000000
3008 1.000000000 0.000000000 0.000000000
3009 1.000000000 0.000000000 0.000000000
3010 0.991268694 0.008731330 0.000000000
3011 0.998392522 0.001607494 0.000000000
3012 0.964454234 0.035545785 0.000000000
3013 0.987846375 0.012153628 0.000000000
3014 0.968703508 0.031296503 0.000000000
3015 0.924320102 0.075679906 0.000000000
3016 0.847904384 0.152095616 0.000000000
3017 0.821317375 0.178682655 0.000000000
3018 0.865918338 0.134081677 0.000000000
3019 0.773370028 0.226629972 0.000000000
3020 0.818137705 0.181862295 0.000000000
3021 0.000000000 1.000000000 0.000000000
3022 0.861896455 0.138103575 0.000000000
3023 0.869192541 0.130807430 0.000000000
3024 0.888174117 0.111825868 0.000000000
3025 0.826564789 0.173435241 0.000000000
3026 0.858196497 0.141803473 0.000000000
3027 0.900282562 0.099717453 0.000000000
3028 0.733545721 0.266454279 0.000000000
3029 0.838599622 0.161400363 0.000000000
3030 0.824904919 0.175095081 0.000000000
3031 0.965397000 0.034602974 0.000000000
3032 0.874054492 0.125945479 0.000000000
3033 0.947548449 0.052451566 0.000000000
3034 0.940148175 0.059851848 0.000000000
3035 0.000000000 1.000000000 0.000000000
3036 0.961885512 0.038114510 0.000000000
3037 0.919223726 0.080776282 0.000000000
3038 0.865003169 0.134996831 0.000000000
3039 0.861447275 0.138552710 0.000000000
3040 0.922835648 0.077164374 0.000000000
3041 0.727695167 0.272304833 0.000000000
3042 0.796923995 0.203076005 0.000000000
3043 0.768557310 0.231442720 0.000000000
3044 0.855436683 0.144563347 0.000000000
3045 0.770747900 0.229252070 0.000000000
3046 0.826226234 0.173773780 0.000000000
3047 0.811777771 0.188222215 0.000000000
3048 0.868427813 0.131572172 0.000000000
3049 0.053132404 0.946867585 0.000000000
3050 0.813879967 0.186120018 0.000000000
3051 0.812873542 0.187126473 0.000000000
3052 0.799973369 0.200026646 0.000000000
3053 0.732374549 0.267625481 0.000000000
3054 0.586576939 0.413423061 0.000000000
3055 0.780211329 0.219788700 0.000000000
3056 0.733765125 0.266234845 0.000000000
3057 0.810039699 0.189960331 0.000000000
3058 0.732193410 0.267806590 0.000000000
3059 0.826375425 0.173624590 0.000000000
3060 0.770078540 0.229921445 0.000000000
3061 0.827587426 0.172412589 0.000000000
3062 0.841660619 0.158339366 0.000000000
3063 0.018837458 0.981162548 0.000000000
3064 0.727602839 0.272397161 0.000000000
3065 0.730108678 0.269891292 0.000000000
3066 0.699637353 0.300362647 0.000000000
3067 0.576161921 0.423838079 0.000000000
3068 0.594816506 0.405183494 0.000000000
3069 0.587828636 0.412171364 0.000000000
3070 0.600542605 0.399457395 0.000000000
3071 0.648355126 0.351644874 0.000000000
3072 0.632978499 0.367021531 0.000000000
3073 0.668538213 0.331461817 0.000000000
3074 0.690199018 0.309800982 0.000000000
3075 0.682800949 0.317199022 0.000000000
3076 0.732085943 0.267914087 0.000000000
3077 0.000000000 1.000000000 0.000000000
3078 0.577825427 0.422174573 0.000000000
3079 0.540413201 0.459586799 0.000000000
3080 0.401994675 0.598005354 0.000000000
3081 0.620556951 0.379443079 0.000000000
3082 0.577212274 0.422787726 0.000000000
3083 0.669314325 0.330685645 0.000000000
3084 0.615292788 0.384707183 0.000000000
3085 0.667132020 0.332868010 0.000000000
3086 0.708566964 0.291433007 0.000000000
3087 0.773263633 0.226736382 0.000000000
3088 0.736470163 0.263529807 0.000000000
3089 0.760212600 0.239787400 0.000000000
3090 0.747224033 0.252775967 0.000000000
3091 0.000000000 1.000000000 0.000000000
3092 0.511161804 0.488838166 0.000000000
3093 0.291239560 0.708760440 0.000000000
3094 0.137568697 0.862431288 0.000000000
3095 0.136040345 0.863959670 0.000000000
3096 0.194919795 0.805080175 0.000000000
3097 0.278707504 0.721292496 0.000000000
3098 0.226937249 0.773062766 0.000000000
3099 0.183300644 0.816699326 0.000000000
3100 0.323949724 0.676050246 0.000000000
3101 0.303385347 0.696614623 0.000000000
3102 0.262276143 0.737723887 0.000000000
3103 0.381296366 0.618703663 0.000000000
3104 0.315405995 0.684594035 0.000000000
3105 0.000000000 1.000000000 0.000000000
3106 0.086094931 0.913905084 0.000000000
3107 0.000000000 1.000000000 0.000000000
3108 0.000000000 1.000000000 0.000000000
3109 0.000000000 1.000000000 0.000000000
3110 0.000000000 1.000000000 0.000000000
3111 0.000000000 1.000000000 0.000000000
3112 0.000000000 1.000000000 0.000000000
3113 0.000000000 1.000000000 0.000000000
3114 0.000000000 1.000000000 0.000000000
3115 0.000000000 1.000000000 0.000000000
3116 0.000000000 1.000000000 0.000000000
3117 0.000000000 1.000000000 0.000000000
3118 0.000000000 1.000000000 0.000000000
3119 0.000000000 1.000000000 0.000000000
3120 0.000000000 0.227220699 0.772779286
3121 0.000000000 0.243419021 0.756580949
3122 0.000000000 0.260125101 0.739874899
3123 0.000000000 0.265532374 0.734467626
3124 0.000000000 0.218564317 0.781435668
3125 0.000000000 0.301520675 0.698479354
3126 0.000000000 0.209958449 0.790041566
3127 0.000000000 0.234245062 0.765754938
3128 0.000000000 0.299449801 0.700550199
3129 0.000000000 0.219424099 0.780575871
3130 0.000000000 0.274129391 0.725870609
3131 0.000000000 0.281972200 0.718027771
3132 0.000000000 0.338262439 0.661737561
3133 0.000000000 0.169529349 0.830470681
3134 0.000000000 0.155369774 0.844630241
3135 0.000000000 0.141610503 0.858389497
3136 0.000000000 0.196729124 0.803270876
3137 0.000000000 0.166850165 0.833149850
3138 0.000000000 0.220612526 0.779387474
3139 0.000000000 0.192193776 0.807806253
3140 0.000000000 0.159799591 0.840200424
3141 0.000000000 0.285006076 0.714993894
3142 0.000000000 0.226860583 0.773139417
3143 0.000000000 0.290756315 0.709243655
3144 0.000000000 0.244791761 0.755208254
3145 0.000000000 0.339030474 0.660969496
3146 0.000000000 0.145730600 0.854269385
3147 0.000000000 0.160835594 0.839164436
3148 0.000000000 0.193703383 0.806296587
3149 0.000000000 0.171736896 0.828263104
3150 0.000000000 0.126631007 0.873368979
3151 0.000000000 0.172709048 0.827290952
3152 0.000000000 0.164427757 0.835572243
3153 0.000000000 0.114298411 0.885701597
3154 0.000000000 0.199220344 0.800779641
3155 0.000000000 0.172747329 0.827252686
3156 0.000000000 0.209614381 0.790385604
3157 0.000000000 0.160709560 0.839290440
3158 0.000000000 0.262299925 0.737700105
3159 0.000000000 0.319802433 0.680197537
3160 0.000000000 0.312880427 0.687119603
3161 0.000000000 0.314372659 0.685627341
3162 0.000000000 0.218656287 0.781343699
3163 0.000000000 0.175155863 0.824844122
3164 0.000000000 0.182683811 0.817316175
3165 0.000000000 0.227581248 0.772418737
3166 0.000000000 0.209905088 0.790094912
3167 0.000000000 0.247823209 0.752176762
3168 0.000000000 0.246138573 0.753861427
3169 0.000000000 0.185971051 0.814028978
3170 0.000000000 0.166714609 0.833285391
3171 0.000000000 0.320410937 0.679589033
3172 0.000000000 0.491474718 0.508525252
3173 0.000000000 0.557294428 0.442705572
3174 0.000000000 0.511371195 0.488628775
3175 0.000000000 0.508672953 0.491327077
3176 0.000000000 0.298700154 0.701299846
3177 0.000000000 0.648140550 0.351859421
3178 0.000000000 0.584823012 0.415176988
3179 0.000000000 0.496274203 0.503725767
3180 0.000000000 0.446371853 0.553628147
3181 0.000000000 0.574833274 0.425166756
3182 0.000000000 0.508796215 0.491203785
3183 0.000000000 0.525247335 0.474752665
3184 0.000000000 0.599172831 0.400827199
3185 0.000000000 0.436711073 0.563288927
3186 0.000000000 0.455316722 0.544683278
3187 0.000000000 0.507710457 0.492289513
3188 0.000000000 0.490646899 0.509353101
3189 0.000000000 0.427469820 0.572530150
3190 0.000000000 0.148818910 0.851181090
3191 0.000000000 0.358170301 0.641829729
3192 0.000000000 0.248850152 0.751149833
3193 0.000000000 0.364236861 0.635763168
3194 0.000000000 0.362311512 0.637688518
3195 0.000000000 0.425030649 0.574969351
3196 0.000000000 0.404327214 0.595672786
3197 0.000000000 0.463963419 0.536036551
3198 0.000000000 0.515896142 0.484103858
3199 0.000000000 0.473865151 0.526134849
3200 0.000000000 0.502003670 0.497996300
3201 0.000000000 0.529183388 0.470816612
3202 0.000000000 0.409148544 0.590851426
3203 0.000000000 0.500880718 0.499119252
3204 0.000000000 0.400887400 0.599112630
3205 0.000000000 0.487855196 0.512144804
3206 0.000000000 0.371383756 0.628616273
3207 0.000000000 0.515190899 0.484809101
3208 0.000000000 0.451723248 0.548276782
3209 0.000000000 0.358026654 0.641973317
3210 0.000000000 0.525313735 0.474686295
3211 0.000000000 0.466034919 0.533965051
3212 0.000000000 0.381652862 0.618347108
3213 0.000000000 0.492856383 0.507143617
3214 0.000000000 0.416591227 0.583408773
3215 0.000000000 0.376234740 0.623765290
3216 0.000000000 0.411978245 0.588021755
3217 0.000000000 0.396178752 0.603821218
3218 0.000000000 0.288569123 0.711430907
3219 0.000000000 0.388076544 0.611923456
3220 0.000000000 0.443082958 0.556917071
3221 0.000000000 0.342182934 0.657817066
3222 0.000000000 0.363141090 0.636858940
3223 0.000000000 0.445438772 0.554561198
3224 0.000000000 0.742905200 0.257094771
3225 0.000000000 0.639498353 0.360501647
3226 0.000000000 0.721241593 0.278758436
3227 0.000000000 0.694544971 0.305455029
3228 0.000000000 0.701069057 0.298930973
3229 0.000000000 0.676561892 0.323438108
3230 0.000000000 0.656932354 0.343067646
3231 0.000000000 0.618982315 0.381017715
3232 0.000000000 0.401638150 0.598361850
3233 0.000000000 0.708101034 0.291898936
3234 0.000000000 0.598088205 0.401911795
3235 0.000000000 0.584720373 0.415279627
3236 0.000000000 0.595887065 0.404112935
3237 0.000000000 0.833095670 0.166904345
3238 0.000000000 0.799859583 0.200140387
3239 0.000000000 0.834558189 0.165441796
3240 0.000000000 0.732385099 0.267614901
3241 0.000000000 0.756785870 0.243214116
3242 0.000000000 0.738108933 0.261891097
3243 0.000000000 0.769699097 0.230300918
3244 0.000000000 0.703098416 0.296901613
3245 0.000000000 0.699659467 0.300340533
3246 0.000000000 0.333406150 0.666593850
3247 0.000000000 0.703649759 0.296350241
3248 0.000000000 0.691469669 0.308530360
3249 0.000000000 0.682529092 0.317470878
3250 0.000000000 0.882955313 0.117044695
3251 0.000000000 0.824144065 0.175855905
3252 0.000000000 0.834527135 0.165472865
3253 0.000000000 0.842967987 0.157032043
3254 0.000000000 0.906232357 0.093767621
3255 0.000000000 0.860620737 0.139379233
3256 0.000000000 0.856324673 0.143675312
3257 0.000000000 0.888596952 0.111403048
3258 0.000000000 0.815253198 0.184746817
3259 0.000000000 0.806877851 0.193122149
3260 0.000000000 0.467691451 0.532308519
3261 0.000000000 0.823967099 0.176032916
3262 0.000000000 0.867102325 0.132897660
3263 0.000000000 0.882514119 0.117485903
3264 0.000000000 0.839059651 0.160940364
3265 0.000000000 0.901607335 0.098392695
3266 0.000000000 0.857220173 0.142779842
3267 0.000000000 0.838900685 0.161099330
3268 0.000000000 0.856475294 0.143524691
3269 0.000000000 0.865921676 0.134078324
3270 0.000000000 0.813426614 0.186573356
3271 0.000000000 0.781250358 0.218749642
3272 0.000000000 0.809125543 0.190874472
3273 0.000000000 0.868799448 0.131200537
3274 0.000000000 0.517306030 0.482694000
3275 0.000000000 0.799203336 0.200796694
3276 0.000000000 0.456760138 0.543239832
3277 0.000000000 0.406900316 0.593099654
3278 0.000000000 0.352161050 0.647838950
3279 0.000000000 0.387868851 0.612131178
3280 0.000000000 0.417481273 0.582518756
3281 0.000000000 0.370173901 0.629826069
3282 0.000000000 0.338643432 0.661356568
3283 0.000000000 0.339641482 0.660358548
3284 0.000000000 0.407085329 0.592914641
3285 0.000000000 0.332084805 0.667915225
3286 0.000000000 0.368777066 0.631222904
3287 0.000000000 0.382950097 0.617049873
3288 0.000000000 0.347580343 0.652419627
3289 0.000000000 0.000000000 1.000000000
3290 0.000000000 0.116120741 0.883879244
3291 0.000000000 0.119579926 0.880420089
3292 0.000000000 0.058218811 0.941781163
3293 0.000000000 0.034177523 0.965822458
3294 0.000000000 0.028138652 0.971861362
3295 0.000000000 0.176846847 0.823153138
3296 0.000000000 0.052657824 0.947342157
3297 0.000000000 0.071046226 0.928953767
3298 0.000000000 0.070190720 0.929809272
3299 0.000000000 0.071680129 0.928319871
3300 0.000000000 0.067832470 0.932167530
3301 0.000000000 0.116656840 0.883343160
3302 0.000000000 0.086197458 0.913802564
3303 0.000000000 0.000000000 1.000000000
3304 0.000000000 0.116111748 0.883888245
3305 0.000000000 0.166471481 0.833528519
3306 0.000000000 0.157224983 0.842774987
3307 0.000000000 0.100986518 0.899013460
3308 0.000000000 0.237838835 0.762161136
3309 0.000000000 0.109900199 0.890099823
3310 0.000000000 0.167090118 0.832909882
3311 0.000000000 0.135970205 0.864029765
3312 0.000000000 0.161875680 0.838124335
3313 0.000000000 0.055822656 0.944177330
3314 0.000000000 0.205776885 0.794223130
3315 0.000000000 0.045816775 0.954183221
3316 0.000000000 0.074728355 0.925271630
3317 0.000000000 0.000000000 1.000000000
3318 0.000000000 0.112152971 0.887847006
3319 0.000000000 0.094218530 0.905781448
3320 0.000000000 0.120232187 0.879767835
3321 0.000000000 0.190160051 0.809839964
3322 0.000000000 0.043761615 0.956238389
3323 0.000000000 0.119746208 0.880253792
3324 0.000000000 0.115243539 0.884756446
3325 0.000000000 0.178315997 0.821684003
3326 0.000000000 0.080080442 0.919919550
3327 0.000000000 0.317902952 0.682097018
3328 0.000000000 0.092904396 0.907095611
3329 0.000000000 0.168913111 0.831086874
3330 0.000000000 0.135527328 0.864472687
3331 0.000000000 0.000000000 1.000000000
3332 0.000000000 0.115508184 0.884491801
3333 0.000000000 0.076866113 0.923133910
3334 0.000000000 0.121637158 0.878362834
3335 0.000000000 0.041017246 0.958982766
3336 0.000000000 0.104881421 0.895118594
3337 0.000000000 0.109707154 0.890292823
3338 0.000000000 0.175008997 0.824990988
3339 0.000000000 0.051856611 0.948143363
3340 0.000000000 0.221092716 0.778907299
3341 0.000000000 0.464661419 0.535338581
3342 0.000000000 0.466154963 0.533845007
3343 0.000000000 0.507222295 0.492777705
3344 0.000000000 0.522157907 0.477842093
3345 0.000000000 0.000000000 1.000000000
3346 0.000000000 0.447358310 0.552641690
3347 0.000000000 0.485754788 0.514245212
3348 0.000000000 0.400827855 0.599172115
3349 0.000000000 0.444374263 0.555625737
3350 0.000000000 0.451782107 0.548217893
3351 0.000000000 0.523295939 0.476704091
3352 0.000000000 0.507580340 0.492419660
3353 0.000000000 0.565837204 0.434162825
3354 0.000000000 0.164861009 0.835138977
3355 0.000000000 0.229317278 0.770682752
3356 0.000000000 0.287754565 0.712245405
3357 0.000000000 0.284509808 0.715490162
3358 0.000000000 0.303082168 0.696917832
3359 0.000000000 0.000000000 1.000000000
3360 0.000000000 0.272061586 0.727938414
3361 0.000000000 0.208727121 0.791272879
3362 0.000000000 0.248165503 0.751834512
3363 0.000000000 0.339363694 0.660636306
3364 0.000000000 0.411423743 0.588576257
3365 0.000000000 0.406862587 0.593137443
3366 0.000000000 0.384449720 0.615550280
3367 0.000000000 0.463772595 0.536227405
3368 0.000000000 0.601268947 0.398731053
3369 0.000000000 0.590211213 0.409788787
3370 0.000000000 0.607718468 0.392281532
3371 0.000000000 0.525579929 0.474420041
3372 0.000000000 0.620796740 0.379203290
3373 0.000000000 0.016381809 0.983618200
3374 0.000000000 0.521681488 0.478318512
3375 0.000000000 0.517264485 0.482735485
3376 0.000000000 0.599254370 0.400745600
3377 0.000000000 0.608257115 0.391742885
3378 0.000000000 0.585731506 0.414268523
3379 0.000000000 0.669378221 0.330621809
3380 0.000000000 0.613340020 0.386659980
3381 0.000000000 0.631649733 0.368350267
3382 0.000000000 0.630139709 0.369860291
3383 0.000000000 0.642684221 0.357315779
3384 0.000000000 0.666411638 0.333588392
3385 0.000000000 0.516250134 0.483749866
3386 0.000000000 0.623667657 0.376332313
3387 0.000000000 0.000000000 1.000000000
3388 0.000000000 0.583758593 0.416241437
3389 0.000000000 0.677790284 0.322209716
3390 0.000000000 0.636085570 0.363914430
3391 0.000000000 0.654921830 0.345078140
3392 0.000000000 0.670997381 0.329002619
3393 0.000000000 0.712755263 0.287244707
3394 0.000000000 0.764978826 0.235021204
3395 0.000000000 0.822066724 0.177933291
3396 0.000000000 0.807461619 0.192538381
3397 0.000000000 0.812320590 0.187679395
3398 0.000000000 0.764569163 0.235430822
3399 0.000000000 0.831251800 0.168748230
3400 0.000000000 0.770249128 0.229750842
3401 0.000000000 0.053032573 0.946967423
3402 0.000000000 0.801777899 0.198222101
3403 0.000000000 0.793606699 0.206393316
3404 0.000000000 0.783271492 0.216728508
3405 0.000000000 0.828158796 0.171841204
3406 0.000000000 0.819900334 0.180099651
3407 0.000000000 0.883866549 0.116133437
3408 0.000000000 0.888383746 0.111616246
3409 0.000000000 0.860649526 0.139350474
3410 0.000000000 0.833109319 0.166890666
3411 0.000000000 0.895545840 0.104454137
3412 0.000000000 0.859030187 0.140969783
3413 0.000000000 0.786363602 0.213636383
3414 0.000000000 0.749639392 0.250360608
3415 0.000000000 0.000000000 1.000000000
3416 0.000000000 0.880572855 0.119427145
3417 0.000000000 0.790463507 0.209536523
3418 0.000000000 0.696466982 0.303533047
3419 0.000000000 0.703360856 0.296639115
3420 0.000000000 0.704081237 0.295918763
3421 0.000000000 0.831278980 0.168721035
3422 0.000000000 0.757102311 0.242897674
3423 0.000000000 0.887793779 0.112206213
3424 0.000000000 0.836230338 0.163769692
3425 0.000000000 0.875406682 0.124593295
3426 0.000000000 0.833557963 0.166442052
3427 0.000000000 0.819587708 0.180412307
3428 0.000000000 0.869406521 0.130593494
3429 0.000000000 0.099277392 0.900722623
3430 0.000000000 0.615302265 0.384697735
3431 0.000000000 0.475343376 0.524656594
3432 0.000000000 0.286739409 0.713260591
3433 0.000000000 0.245404556 0.754595459
3434 0.000000000 0.334043443 0.665956557
3435 0.000000000 0.345354408 0.654645622
3436 0.000000000 0.312032163 0.687967837
3437 0.000000000 0.319836497 0.680163503
3438 0.000000000 0.412143707 0.587856293
3439 0.000000000 0.344335020 0.655664980
3440 0.000000000 0.355958790 0.644041240
3441 0.000000000 0.338826299 0.661173701
3442 0.000000000 0.331186086 0.668813884
3443 0.000000000 0.000000000 1.000000000
3444 0.000000000 0.143486723 0.856513262
3445 0.000000000 0.000000000 1.000000000
3446 0.000000000 0.000000000 1.000000000
3447 0.000000000 0.008281414 0.991718590
3448 0.000000000 0.000000000 1.000000000
3449 0.000000000 0.000000000 1.000000000
3450 0.000000000 0.000000000 1.000000000
3451 0.000000000 0.018949337 0.981050670
3452 0.000000000 0.000000000 1.000000000
3453 0.000000000 0.000000000 1.000000000
3454 0.000000000 0.012628612 0.987371385
3455 0.000000000 0.029285884 0.970714092
3456 0.000000000 0.008378438 0.991621554
3457 0.000000000 0.000000000 1.000000000
3458 0.000000000 0.088068500 0.911931515
3459 0.784956336 0.000000000 0.215043664
3460 0.837619901 0.000000000 0.162380099
3461 0.760265768 0.017479038 0.222255215
3462 0.898819625 0.006362977 0.094817415
3463 0.830353498 0.000000000 0.169646487
3464 0.807444632 0.000000000 0.192555353
3465 0.849890053 0.009219090 0.140890881
3466 0.814403772 0.000000000 0.185596243
3467 0.844033122 0.011149389 0.144817501
3468 0.836746573 0.040759370 0.122494087
3469 0.880543590 0.023076849 0.096379586
3470 0.922647715 0.009808638 0.067543618
3471 0.857323706 0.022141257 0.120535068
3472 0.024092566 0.000000000 0.975907445
3473 0.887213647 0.000000000 0.112786353
3474 0.822042525 0.000000000 0.177957460
3475 0.952736616 0.000000000 0.047263376
3476 0.828859389 0.000000000 0.171140596
3477 0.882210374 0.000000000 0.117789648
3478 0.837532938 0.000866147 0.161600903
3479 0.836488485 0.000000000 0.163511500
3480 0.830006778 0.000000000 0.169993207
3481 0.874859452 0.003023893 0.122116625
3482 0.891434312 0.001437658 0.107128054
3483 0.932087123 0.000000000 0.067912877
3484 0.875272572 0.000000000 0.124727435
3485 0.872658312 0.000000000 0.127341673
3486 0.033981331 0.015014675 0.951003969
3487 0.793634236 0.000000000 0.206365764
3488 0.867616057 0.000000000 0.132383928
3489 0.826274037 0.000000000 0.173725963
3490 0.824642599 0.000000000 0.175357386
3491 0.834985435 0.000000000 0.165014535
3492 0.801049650 0.000000000 0.198950320
3493 0.839363098 0.000000000 0.160636872
3494 0.842398822 0.000000000 0.157601207
3495 0.870760798 0.000220659 0.129018515
3496 0.918119907 0.000000000 0.081880108
3497 0.880614996 0.000000000 0.119384989
3498 0.833737612 0.024488859 0.141773552
3499 0.923660338 0.000000000 0.076339655
3500 0.000000000 0.036034796 0.963965178
3501 0.890426278 0.000000000 0.109573714
3502 0.765468061 0.000000000 0.234531969
3503 0.829377949 0.000000000 0.170622051
3504 0.808603644 0.000000000 0.191396356
3505 0.813292563 0.000000000 0.186707422
3506 0.848357797 0.000000000 0.151642188
3507 0.864135206 0.000000000 0.135864794
3508 0.849925756 0.030961176 0.119113073
3509 0.891682804 0.000000000 0.108317219
3510 0.915338755 0.026232986 0.058428235
3511 0.870450079 0.051244076 0.078305826
3512 0.976896584 0.009350340 0.013753074
3513 0.926118672 0.053704787 0.020176558
3514 0.000000000 0.000000000 1.000000000
3515 0.883116841 0.000000000 0.116883151
3516 0.915957451 0.000000000 0.084042579
3517 0.929059267 0.029618958 0.041321773
3518 0.928635716 0.026225470 0.045138787
3519 0.930444419 0.000000000 0.069555596
3520 0.937441289 0.000000000 0.062558688
3521 0.961688519 0.021123847 0.017187614
3522 0.921234727 0.069755822 0.009009454
3523 0.795264661 0.000000000 0.204735324
3524 0.804735065 0.000000000 0.195264935
3525 0.855073988 0.000000000 0.144925997
3526 0.803472400 0.031604588 0.164922997
3527 0.928412676 0.000000000 0.071587309
3528 0.000000000 0.098916091 0.901083887
3529 0.818127096 0.000000000 0.181872919
3530 0.823631525 0.000000000 0.176368460
3531 0.838854015 0.027384032 0.133761942
3532 0.852553070 0.000000000 0.147446960
3533 0.822300136 0.031036710 0.146663159
3534 0.823940635 0.075724348 0.100334987
3535 0.835293174 0.073039390 0.091667429
3536 0.743769586 0.121304199 0.134926215
3537 0.769737124 0.120361067 0.109901778
3538 0.882000685 0.033347454 0.084651850
3539 0.790845990 0.107118718 0.102035284
3540 0.881594419 0.102778055 0.015627507
3541 0.790762842 0.144263238 0.064973898
3542 0.021339618 0.000000000 0.978660405
3543 0.759585381 0.103680864 0.136733726
3544 0.729135692 0.168675780 0.102188535
3545 0.785088480 0.142781913 0.072129637
3546 0.800464392 0.116990022 0.082545556
3547 0.794847786 0.136504084 0.068648115
3548 0.780371904 0.178734824 0.040893268
3549 0.686212480 0.143224627 0.170562878
3550 0.706498146 0.151160955 0.142340869
3551 0.771964669 0.171040505 0.056994818
3552 0.692902029 0.193005562 0.114092395
3553 0.789098263 0.172415018 0.038486719
3554 0.725036800 0.176555783 0.098407447
3555 0.719320536 0.219198599 0.061480835
3556 0.000000000 0.045954175 0.954045832
3557 0.611856401 0.204726264 0.183417305
3558 0.652673602 0.126974419 0.220351964
3559 0.645099640 0.168451354 0.186449006
3560 0.638287604 0.241347164 0.120365240
3561 0.709784925 0.202307716 0.087907374
3562 0.774090052 0.115994692 0.109915264
3563 0.832896173 0.079640202 0.087463625
3564 0.832735777 0.072701141 0.094563112
3565 0.781287372 0.122166067 0.096546553
3566 0.875525713 0.083602577 0.040871702
3567 0.771287382 0.132901639 0.095810957
3568 0.875417113 0.102277681 0.022305196
3569 0.886678159 0.069855236 0.043466583
3570 0.008341064 0.000000000 0.991658926
3571 0.761919260 0.100836158 0.137244582
3572 0.748337090 0.119348511 0.132314414
3573 0.679183900 0.225864545 0.094951548
3574 0.708292007 0.179683894 0.112024076
3575 0.470853269 0.439291507 0.089855209
3576 0.530876756 0.320880949 0.148242280
3577 0.527539432 0.422779888 0.049680639
3578 0.599672198 0.313929617 0.086398169
3579 0.597523630 0.345445126 0.057031248
3580 0.551860750 0.392687917 0.055451315
3581 0.622519314 0.358108610 0.019372061
3582 0.603448868 0.327603310 0.068947822
3583 0.617936075 0.337414920 0.044649001
3584 0.016942691 0.033981711 0.949075580
3585 0.495353550 0.404869348 0.099777110
3586 0.463460326 0.449284405 0.087255262
3587 0.449575484 0.433712721 0.116711788
3588 0.283807725 0.714638293 0.001553989
3589 0.285770684 0.677967370 0.036261916
3590 0.392912149 0.596137106 0.010950721
3591 0.423469454 0.480537504 0.095993035
3592 0.462727338 0.493441671 0.043830983
3593 0.346879631 0.640453339 0.012667017
3594 0.329734743 0.632354736 0.037910528
3595 0.492604733 0.447510362 0.059884902
3596 0.469243735 0.467402697 0.063353568
3597 0.481245607 0.459899127 0.058855243
3598 0.057983421 0.010670757 0.931345820
3599 0.328889191 0.607371628 0.063739218
3600 0.118625350 0.801564932 0.079809725
3601 0.000000000 0.903021455 0.096978530
3602 0.014502994 0.862024903 0.123472124
3603 0.000000000 0.967183650 0.032816328
3604 0.039267842 0.921321332 0.039410815
3605 0.083563268 0.863470018 0.052966714
3606 0.037651457 0.962348521 0.000000000
3607 0.000000000 0.968764663 0.031235358
3608 0.152747557 0.847252429 0.000000000
3609 0.000000000 0.921379805 0.078620173
3610 0.082890898 0.876405060 0.040704049
3611 0.083765596 0.910929739 0.005304643
3612 0.017708303 0.009290497 0.973001182
3613 0.000000000 0.871482134 0.128517896
3614 0.007299084 0.212416574 0.780284345
3615 0.000000000 0.078964703 0.921035290
3616 0.000000000 0.112536401 0.887463629
3617 0.002820593 0.066796102 0.930383325
3618 0.000000000 0.094699234 0.905300736
3619 0.000000000 0.043147624 0.956852376
3620 0.000000000 0.011544808 0.988455176
3621 0.000000000 0.119922101 0.880077899
3622 0.006541689 0.118012220 0.875446081
3623 0.000000000 0.181149885 0.818850100
3624 0.000000000 0.245636299 0.754363716
3625 0.017547667 0.352826744 0.629625559
3626 0.000000000 0.000000000 1.000000000
3627 0.081594147 0.000000000 0.918405831
3628 0.830188811 0.000000000 0.169811204
3629 0.895793915 0.000000000 0.104206108
3630 0.752074599 0.000000000 0.247925401
3631 0.859071136 0.000000000 0.140928894
3632 0.793126106 0.000000000 0.206873864
3633 0.857846558 0.000000000 0.142153412
3634 0.735073268 0.000000000 0.264926761
3635 0.737248003 0.002223989 0.260528028
3636 0.804807544 0.000000000 0.195192441
3637 0.785017610 0.000000000 0.214982405
3638 0.774406970 0.000000000 0.225593030
3639 0.764808655 0.000000000 0.235191315
3640 0.816322267 0.029495887 0.154181823
3641 0.109913975 0.000000000 0.890086055
3642 0.981146157 0.000000000 0.018853864
3643 0.902063727 0.000000000 0.097936302
3644 0.903740823 0.000000000 0.096259162
3645 0.868473649 0.000000000 0.131526351
3646 0.966782987 0.000000000 0.033216998
3647 0.751590788 0.024071299 0.224337935
3648 0.814450383 0.000000000 0.185549632
3649 0.751040161 0.037965711 0.210994154
3650 0.793501139 0.000000000 0.206498846
3651 0.832008719 0.000000000 0.167991266
3652 0.807552278 0.000000000 0.192447722
3653 0.866434574 0.004593640 0.128971770
3654 0.833595216 0.000000000 0.166404769
3655 0.095624544 0.000000000 0.904375434
3656 0.682650506 0.032575388 0.284774125
3657 0.779069543 0.000000000 0.220930442
3658 0.789425313 0.000000000 0.210574687
3659 0.842819214 0.000000000 0.157180756
3660 0.802952945 0.000000000 0.197047040
3661 0.697580516 0.000000000 0.302419484
3662 0.781825662 0.000000000 0.218174353
3663 0.777407110 0.000000000 0.222592920
3664 0.725472450 0.000000000 0.274527520
3665 0.706053972 0.000000000 0.293945998
3666 0.882234752 0.020634679 0.097130574
3667 0.895191848 0.000000000 0.104808182
3668 0.860990703 0.016798969 0.122210339
3669 0.035158683 0.000000000 0.964841306
3670 0.800021529 0.000000000 0.199978471
3671 0.790632844 0.000000000 0.209367171
3672 0.833544910 0.007699240 0.158755869
3673 0.798833728 0.000000000 0.201166302
3674 0.805710733 0.000000000 0.194289282
3675 0.884730756 0.000000000 0.115269221
3676 0.834713340 0.000000000 0.165286645
3677 0.781423986 0.063205905 0.155370131
3678 0.842642665 0.000000000 0.157357350
3679 0.808456063 0.110320099 0.081223845
3680 0.802124918 0.128828257 0.069046818
3681 0.838521063 0.081908233 0.079570711
3682 0.785444021 0.107979104 0.106576890
3683 0.066331260 0.000000000 0.933668733
3684 0.851712584 0.049754791 0.098532602
3685 0.931770921 0.061188918 0.007040185
3686 0.916387022 0.045368709 0.038244266
3687 0.916064858 0.021431789 0.062503368
3688 0.959906578 0.040093396 0.000000000
3689 0.912989020 0.000000000 0.087011002
3690 0.884333432 0.072842613 0.042823941
3691 0.923983157 0.051152520 0.024864299
3692 0.786914527 0.042557541 0.170527935
3693 0.819143951 0.000000000 0.180856019
3694 0.822825015 0.004778617 0.172396347
3695 0.693204403 0.082455799 0.224339813
3696 0.825770378 0.000000000 0.174229622
3697 0.000000000 0.000000000 1.000000000
3698 0.867169142 0.000000000 0.132830843
3699 0.747926056 0.043855071 0.208218873
3700 0.744527936 0.049267568 0.206204474
3701 0.814440489 0.007801556 0.177757964
3702 0.767428041 0.017557234 0.215014711
3703 0.771386862 0.037323512 0.191289619
3704 0.726984501 0.083244443 0.189771041
3705 0.766836762 0.098659560 0.134503677
3706 0.761458158 0.103310049 0.135231823
3707 0.764763772 0.078639053 0.156597197
3708 0.720474005 0.130690500 0.148835480
3709 0.773614645 0.100317396 0.126067966
3710 0.742544591 0.142508104 0.114947304
3711 0.072607815 0.000000000 0.927392185
3712 0.708674669 0.074373193 0.216952145
3713 0.706301749 0.148309335 0.145388946
3714 0.785285413 0.127895489 0.086819068
3715 0.758984149 0.066625275 0.174390569
3716 0.697557449 0.169221193 0.133221328
3717 0.638338923 0.195296213 0.166364849
3718 0.753156900 0.198956236 0.047886867
3719 0.708309710 0.201967284 0.089722969
3720 0.663049161 0.222748205 0.114202619
3721 0.644085288 0.263280421 0.092634320
3722 0.687411129 0.232831568 0.079757325
3723 0.673350155 0.249243811 0.077406012
3724 0.769481957 0.224542916 0.005975134
3725 0.083786272 0.000000000 0.916213751
3726 0.636140168 0.160708576 0.203151286
3727 0.624952555 0.208958119 0.166089326
3728 0.612986207 0.128478587 0.258535206
3729 0.656907499 0.283985555 0.059106909
3730 0.560327291 0.256320655 0.183352038
3731 0.753467798 0.220161319 0.026370851
3732 0.770320892 0.229679108 0.000000000
3733 0.701793611 0.246332794 0.051873587
3734 0.664713621 0.330930382 0.004355987
3735 0.714678288 0.247691363 0.037630331
3736 0.684081852 0.315918118 0.000000000
3737 0.781714559 0.218285441 0.000000000
3738 0.762729049 0.215325788 0.021945141
3739 0.031539638 0.000000000 0.968460381
3740 0.666321397 0.333678603 0.000000000
3741 0.688680112 0.270101190 0.041218683
3742 0.706810951 0.293189049 0.000000000
3743 0.580137908 0.368256390 0.051605660
3744 0.732711673 0.265573651 0.001714664
3745 0.652187288 0.305193365 0.042619340
3746 0.652026415 0.290347964 0.057625618
3747 0.683261216 0.257498622 0.059240181
3748 0.688273370 0.240492389 0.071234241
3749 0.693971217 0.212172806 0.093855962
3750 0.711028397 0.215999037 0.072972573
3751 0.780146778 0.138713032 0.081140175
3752 0.705396950 0.243949324 0.050653737
3753 0.050469358 0.000000000 0.949530661
3754 0.659502208 0.271679342 0.068818450
3755 0.717414081 0.236594513 0.045991376
3756 0.477590948 0.422961742 0.099447295
3757 0.625926375 0.332353234 0.041720361
3758 0.547647178 0.399377704 0.052975144
3759 0.604671180 0.301445663 0.093883164
3760 0.581568480 0.336920798 0.081510738
3761 0.626565993 0.267135203 0.106298804
3762 0.529487669 0.388211459 0.082300849
3763 0.615583956 0.280162215 0.104253851
3764 0.666417003 0.268332273 0.065250710
3765 0.586965680 0.320156395 0.092877924
3766 0.687388957 0.279068172 0.033542879
3767 0.067732498 0.000000000 0.932267487
3768 0.458611310 0.452441633 0.088947065
3769 0.391655743 0.509467900 0.098876327
3770 0.005379847 0.940941572 0.053678572
3771 0.012071283 0.912950456 0.074978270
3772 0.000000000 0.945942223 0.054057781
3773 0.033997748 0.930198312 0.035803959
3774 0.028739151 0.928707242 0.042553585
3775 0.000000000 0.991061389 0.008938606
3776 0.000000000 0.921093524 0.078906462
3777 0.021566840 0.915876508 0.062556624
3778 0.030061077 0.887568057 0.082370847
3779 0.081293613 0.846736014 0.071970388
3780 0.043104984 0.942644358 0.014250632
3781 0.000000000 0.000000000 1.000000000
3782 0.000000000 0.869982183 0.130017817
3783 0.018437292 0.208396152 0.773166537
3784 0.009176922 0.152622998 0.838200092
3785 0.000000000 0.232757956 0.767242014
3786 0.000000000 0.165350541 0.834649444
3787 0.000000000 0.177916884 0.822083116
3788 0.000000000 0.183765352 0.816234648
3789 0.000000000 0.174820349 0.825179636
3790 0.000000000 0.106592663 0.893407345
3791 0.000000000 0.138065189 0.861934781
3792 0.007158234 0.252448469 0.740393281
3793 0.000000000 0.308653623 0.691346347
3794 0.039783929 0.337345630 0.622870445
3795 0.000000000 0.000000000 1.000000000
3796 0.000000000 1.000000000 0.000000000
3797 0.995213509 0.004786510 0.000000000
3798 0.993941903 0.006058102 0.000000000
3799 1.000000000 0.000000000 0.000000000
3800 0.972894788 0.027105208 0.000000000
3801 1.000000000 0.000000000 0.000000000
3802 1.000000000 0.000000000 0.000000000
3803 0.986682653 0.013317351 0.000000000
3804 1.000000000 0.000000000 0.000000000
3805 1.000000000 0.000000000 0.000000000
3806 1.000000000 0.000000000 0.000000000
3807 1.000000000 0.000000000 0.000000000
3808 1.000000000 0.000000000 0.000000000
3809 1.000000000 0.000000000 0.000000000
3810 0.020032125 0.979967892 0.000000000
3811 0.962103367 0.037896644 0.000000000
3812 1.000000000 0.000000000 0.000000000
3813 0.990403414 0.009596609 0.000000000
3814 0.961272538 0.038727481 0.000000000
3815 0.997223854 0.002776117 0.000000000
3816 0.998161674 0.001838341 0.000000000
3817 1.000000000 0.000000000 0.000000000
3818 1.000000000 0.000000000 0.000000000
3819 1.000000000 0.000000000 0.000000000
3820 1.000000000 0.000000000 0.000000000
3821 1.000000000 0.000000000 0.000000000
3822 1.000000000 0.000000000 0.000000000
3823 1.000000000 0.000000000 0.000000000
3824 0.059389804 0.940610170 0.000000000
3825 0.986614525 0.013385504 0.000000000
3826 0.935428560 0.064571433 0.000000000
3827 0.965908289 0.034091718 0.000000000
3828 0.997595608 0.002404384 0.000000000
3829 0.971648991 0.028351013 0.000000000
3830 1.000000000 0.000000000 0.000000000
3831 1.000000000 0.000000000 0.000000000
3832 1.000000000 0.000000000 0.000000000
3833 1.000000000 0.000000000 0.000000000
3834 1.000000000 0.000000000 0.000000000
3835 1.000000000 0.000000000 0.000000000
3836 1.000000000 0.000000000 0.000000000
3837 1.000000000 0.000000000 0.000000000
3838 0.000000000 1.000000000 0.000000000
3839 0.917853117 0.082146913 0.000000000
3840 0.963867724 0.036132291 0.000000000
3841 1.000000000 0.000000000 0.000000000
3842 0.993342161 0.006657859 0.000000000
3843 0.990762055 0.009237928 0.000000000
3844 1.000000000 0.000000000 0.000000000
3845 1.000000000 0.000000000 0.000000000
3846 1.000000000 0.000000000 0.000000000
3847 0.969321251 0.030678762 0.000000000
3848 1.000000000 0.000000000 0.000000000
3849 0.990926743 0.009073248 0.000000000
3850 1.000000000 0.000000000 0.000000000
3851 1.000000000 0.000000000 0.000000000
3852 0.000000000 1.000000000 0.000000000
3853 0.859467626 0.140532404 0.000000000
3854 0.943944275 0.056055732 0.000000000
3855 1.000000000 0.000000000 0.000000000
3856 0.952717066 0.047282964 0.000000000
3857 1.000000000 0.000000000 0.000000000
3858 0.998281956 0.001718033 0.000000000
3859 0.989510417 0.010489577 0.000000000
3860 0.932406306 0.067593679 0.000000000
3861 0.976471603 0.023528377 0.000000000
3862 0.864822626 0.135177404 0.000000000
3863 0.992743134 0.007256880 0.000000000
3864 0.911622226 0.088377789 0.000000000
3865 0.905624986 0.094375044 0.000000000
3866 0.000000000 1.000000000 0.000000000
3867 0.851037383 0.148962602 0.000000000
3868 0.876388252 0.123611741 0.000000000
3869 0.852692187 0.147307813 0.000000000
3870 0.959711015 0.040289000 0.000000000
3871 0.928482592 0.071517400 0.000000000
3872 1.000000000 0.000000000 0.000000000
3873 0.914534390 0.085465625 0.000000000
3874 1.000000000 0.000000000 0.000000000
3875 0.973011255 0.026988756 0.000000000
3876 1.000000000 0.000000000 0.000000000
3877 0.967618942 0.032381065 0.000000000
3878 0.937567592 0.062432379 0.000000000
3879 1.000000000 0.000000000 0.000000000
3880 0.035191614 0.964808404 0.000000000
3881 0.957712591 0.042287398 0.000000000
3882 0.887442410 0.112557568 0.000000000
3883 0.998069167 0.001930841 0.000000000
3884 1.000000000 0.000000000 0.000000000
3885 0.993631005 0.006368993 0.000000000
3886 0.908117354 0.091882639 0.000000000
3887 1.000000000 0.000000000 0.000000000
3888 0.967315912 0.032684073 0.000000000
3889 0.982061148 0.017938873 0.000000000
3890 0.979345322 0.020654686 0.000000000
3891 0.963126302 0.036873691 0.000000000
3892 0.956735730 0.043264288 0.000000000
3893 1.000000000 0.000000000 0.000000000
3894 0.000000000 1.000000000 0.000000000
3895 0.854059756 0.145940244 0.000000000
3896 0.939590156 0.060409825 0.000000000
3897 0.985947371 0.014052608 0.000000000
3898 0.923547685 0.076452315 0.000000000
3899 0.851400733 0.148599252 0.000000000
3900 0.947975814 0.052024215 0.000000000
3901 0.882529616 0.117470406 0.000000000
3902 0.927338183 0.072661832 0.000000000
3903 0.843175769 0.156824201 0.000000000
3904 0.898989499 0.101010501 0.000000000
3905 0.936323047 0.063676976 0.000000000
3906 1.000000000 0.000000000 0.000000000
3907 1.000000000 0.000000000 0.000000000
3908 0.000000000 1.000000000 0.000000000
3909 0.937315822 0.062684193 0.000000000
3910 0.942228556 0.057771459 0.000000000
3911 0.986788571 0.013211438 0.000000000
3912 0.801799238 0.198200762 0.000000000
3913 0.931439221 0.068560757 0.000000000
3914 0.862039328 0.137960657 0.000000000
3915 0.876173496 0.123826526 0.000000000
3916 0.951871753 0.048128255 0.000000000
3917 0.969844937 0.030155044 0.000000000
3918 0.912353337 0.087646671 0.000000000
3919 1.000000000 0.000000000 0.000000000
3920 1.000000000 0.000000000 0.000000000
3921 1.000000000 0.000000000 0.000000000
3922 0.000000000 1.000000000 0.000000000
3923 0.865360975 0.134639010 0.000000000
3924 0.859707057 0.140292928 0.000000000
3925 0.752704263 0.247295752 0.000000000
3926 0.902859449 0.097140521 0.000000000
3927 0.798506975 0.201493055 0.000000000
3928 0.958547950 0.041452046 0.000000000
3929 0.959413588 0.040586431 0.000000000
3930 1.000000000 0.000000000 0.000000000
3931 0.967546105 0.032453910 0.000000000
3932 0.978391588 0.021608392 0.000000000
3933 1.000000000 0.000000000 0.000000000
3934 1.000000000 0.000000000 0.000000000
3935 1.000000000 0.000000000 0.000000000
3936 0.000000000 1.000000000 0.000000000
3937 0.935832500 0.064167507 0.000000000
3938 0.714744866 0.285255104 0.000000000
3939 0.571330845 0.428669155 0.000000000
3940 0.476683706 0.523316324 0.000000000
3941 0.588473201 0.411526799 0.000000000
3942 0.708363771 0.291636199 0.000000000
3943 0.792335749 0.207664266 0.000000000
3944 0.597815931 0.402184099 0.000000000
3945 0.702157855 0.297842145 0.000000000
3946 0.803774536 0.196225494 0.000000000
3947 0.752033770 0.247966245 0.000000000
3948 0.814742625 0.185257375 0.000000000
3949 0.878725827 0.121274143 0.000000000
3950 0.000000000 1.000000000 0.000000000
3951 0.321336836 0.678663194 0.000000000
3952 0.000000000 1.000000000 0.000000000
3953 0.012154117 0.987845898 0.000000000
3954 0.000000000 1.000000000 0.000000000
3955 0.014078558 0.985921443 0.000000000
3956 0.000000000 1.000000000 0.000000000
3957 0.000000000 1.000000000 0.000000000
3958 0.000000000 1.000000000 0.000000000
3959 0.000000000 1.000000000 0.000000000
3960 0.000000000 1.000000000 0.000000000
3961 0.002037192 0.997962832 0.000000000
3962 0.014188972 0.985811055 0.000000000
3963 0.018293494 0.981706500 0.000000000
3964 0.000000000 1.000000000 0.000000000
3965 0.004469819 0.995530188 0.000000000
3966 0.947559953 0.052440021 0.000000000
3967 0.960754335 0.039245676 0.000000000
3968 0.955512881 0.044487104 0.000000000
3969 0.950846434 0.049153578 0.000000000
3970 0.954318523 0.045681480 0.000000000
3971 1.000000000 0.000000000 0.000000000
3972 0.962911129 0.037088875 0.000000000
3973 0.939547956 0.060452033 0.000000000
3974 0.997852266 0.002147729 0.000000000
3975 0.996405542 0.003594475 0.000000000
3976 1.000000000 0.000000000 0.000000000
3977 1.000000000 0.000000000 0.000000000
3978 0.998500049 0.001499946 0.000000000
3979 0.066219509 0.933780491 0.000000000
3980 1.000000000 0.000000000 0.000000000
3981 1.000000000 0.000000000 0.000000000
3982 1.000000000 0.000000000 0.000000000
3983 1.000000000 0.000000000 0.000000000
3984 1.000000000 0.000000000 0.000000000
3985 0.975200176 0.024799800 0.000000000
3986 0.982530296 0.017469691 0.000000000
3987 1.000000000 0.000000000 0.000000000
3988 1.000000000 0.000000000 0.000000000
3989 0.981811166 0.018188808 0.000000000
3990 1.000000000 0.000000000 0.000000000
3991 1.000000000 0.000000000 0.000000000
3992 1.000000000 0.000000000 0.000000000
3993 0.075506181 0.924493849 0.000000000
3994 0.975829661 0.024170311 0.000000000
3995 0.949548960 0.050451014 0.000000000
3996 0.990496576 0.009503448 0.000000000
3997 1.000000000 0.000000000 0.000000000
3998 1.000000000 0.000000000 0.000000000
3999 0.993699014 0.006300998 0.000000000
4000 1.000000000 0.000000000 0.000000000
4001 1.000000000 0.000000000 0.000000000
4002 1.000000000 0.000000000 0.000000000
4003 1.000000000 0.000000000 0.000000000
4004 1.000000000 0.000000000 0.000000000
4005 0.998617053 0.001382925 0.000000000
4006 1.000000000 0.000000000 0.000000000
4007 0.008508145 0.991491854 0.000000000
4008 0.960694909 0.039305083 0.000000000
4009 1.000000000 0.000000000 0.000000000
4010 1.000000000 0.000000000 0.000000000
4011 1.000000000 0.000000000 0.000000000
4012 1.000000000 0.000000000 0.000000000
4013 1.000000000 0.000000000 0.000000000
4014 1.000000000 0.000000000 0.000000000
4015 1.000000000 0.000000000 0.000000000
4016 1.000000000 0.000000000 0.000000000
4017 0.971998155 0.028001824 0.000000000
4018 0.968190908 0.031809077 0.000000000
4019 1.000000000 0.000000000 0.000000000
4020 0.928990960 0.071009018 0.000000000
4021 0.000000000 1.000000000 0.000000000
4022 1.000000000 0.000000000 0.000000000
4023 0.999003291 0.000996685 0.000000000
4024 0.993633509 0.006366487 0.000000000
4025 0.941380024 0.058620006 0.000000000
4026 1.000000000 0.000000000 0.000000000
4027 1.000000000 0.000000000 0.000000000
4028 0.967203021 0.032796953 0.000000000
4029 0.983943701 0.016056323 0.000000000
4030 1.000000000 0.000000000 0.000000000
4031 0.965685487 0.034314524 0.000000000
4032 1.000000000 0.000000000 0.000000000
4033 0.971479177 0.028520815 0.000000000
4034 1.000000000 0.000000000 0.000000000
4035 0.000684161 0.999315858 0.000000000
4036 1.000000000 0.000000000 0.000000000
4037 1.000000000 0.000000000 0.000000000
4038 1.000000000 0.000000000 0.000000000
4039 1.000000000 0.000000000 0.000000000
4040 1.000000000 0.000000000 0.000000000
4041 1.000000000 0.000000000 0.000000000
4042 1.000000000 0.000000000 0.000000000
4043 0.928641438 0.071358569 0.000000000
4044 0.878699005 0.121300988 0.000000000
4045 0.981296480 0.018703522 0.000000000
4046 0.933557332 0.066442683 0.000000000
4047 0.967158556 0.032841455 0.000000000
4048 0.955131948 0.044868041 0.000000000
4049 0.070300326 0.929699659 0.000000000
4050 0.961675406 0.038324576 0.000000000
4051 0.894362509 0.105637498 0.000000000
4052 0.930828214 0.069171771 0.000000000
4053 0.933965564 0.066034429 0.000000000
4054 0.898156226 0.101843767 0.000000000
4055 0.783517122 0.216482848 0.000000000
4056 0.835484147 0.164515838 0.000000000
4057 0.843077719 0.156922311 0.000000000
4058 0.879609704 0.120390326 0.000000000
4059 0.880587518 0.119412452 0.000000000
4060 0.883953869 0.116046160 0.000000000
4061 0.913769364 0.086230643 0.000000000
4062 0.918121159 0.081878841 0.000000000
4063 0.094834499 0.905165493 0.000000000
4064 0.838903546 0.161096439 0.000000000
4065 0.882306516 0.117693461 0.000000000
4066 0.921397686 0.078602314 0.000000000
4067 0.881736159 0.118263833 0.000000000
4068 0.716823518 0.283176482 0.000000000
4069 0.867587030 0.132412985 0.000000000
4070 0.815394580 0.184605435 0.000000000
4071 0.874175310 0.125824720 0.000000000
4072 0.857256293 0.142743692 0.000000000
4073 0.919620097 0.080379874 0.000000000
4074 0.891327441 0.108672552 0.000000000
4075 0.931946576 0.068053454 0.000000000
4076 0.913926065 0.086073913 0.000000000
4077 0.000000000 1.000000000 0.000000000
4078 0.833292365 0.166707620 0.000000000
4079 0.863067627 0.136932388 0.000000000
4080 0.822685599 0.177314371 0.000000000
4081 0.694857001 0.305143028 0.000000000
4082 0.733437300 0.266562730 0.000000000
4083 0.712262571 0.287737429 0.000000000
4084 0.718306124 0.281693906 0.000000000
4085 0.750075340 0.249924675 0.000000000
4086 0.758351803 0.241648212 0.000000000
4087 0.776821017 0.223178968 0.000000000
4088 0.751533568 0.248466402 0.000000000
4089 0.797719717 0.202280298 0.000000000
4090 0.795522451 0.204477578 0.000000000
4091 0.000000000 1.000000000 0.000000000
4092 0.755322099 0.244677871 0.000000000
4093 0.759616017 0.240383968 0.000000000
4094 0.569921136 0.430078864 0.000000000
4095 0.765622020 0.234377995 0.000000000
4096 0.730447292 0.269552678 0.000000000
4097 0.777885973 0.222114012 0.000000000
4098 0.718655407 0.281344622 0.000000000
4099 0.745391250 0.254608780 0.000000000
4100 0.817158580 0.182841435 0.000000000
4101 0.819663942 0.180336073 0.000000000
4102 0.897015929 0.102984048 0.000000000
4103 0.824763179 0.175236806 0.000000000
4104 0.866775513 0.133224487 0.000000000
4105 0.000000000 1.000000000 0.000000000
4106 0.698694646 0.301305383 0.000000000
4107 0.521731019 0.478268981 0.000000000
4108 0.340017378 0.659982622 0.000000000
4109 0.324722767 0.675277233 0.000000000
4110 0.368139058 0.631860971 0.000000000
4111 0.403884709 0.596115291 0.000000000
4112 0.359936297 0.640063703 0.000000000
4113 0.346492469 0.653507531 0.000000000
4114 0.513763011 0.486236989 0.000000000
4115 0.466128021 0.533872008 0.000000000
4116 0.406406432 0.593593597 0.000000000
4117 0.496716410 0.503283620 0.000000000
4118 0.520533144 0.479466826 0.000000000
4119 0.000000000 1.000000000 0.000000000
4120 0.154939592 0.845060408 0.000000000
4121 0.000000000 1.000000000 0.000000000
4122 0.000000000 1.000000000 0.000000000
4123 0.000000000 1.000000000 0.000000000
4124 0.000000000 1.000000000 0.000000000
4125 0.000000000 1.000000000 0.000000000
4126 0.001658023 0.998341978 0.000000000
4127 0.000000000 1.000000000 0.000000000
4128 0.000000000 1.000000000 0.000000000
4129 0.000000000 1.000000000 0.000000000
4130 0.000000000 1.000000000 0.000000000
4131 0.033911154 0.966088831 0.000000000
4132 0.022457937 0.977542043 0.000000000
4133 0.000000000 1.000000000 0.000000000
4134 0.000000000 0.525394082 0.474605918
4135 0.000000000 0.778628170 0.221371830
4136 0.000000000 0.832956374 0.167043611
4137 0.000000000 0.700845361 0.299154609
4138 0.000000000 0.654160261 0.345839769
4139 0.000000000 0.713167429 0.286832541
4140 0.000000000 0.744260609 0.255739391
4141 0.000000000 0.784243107 0.215756878
4142 0.000000000 0.768146515 0.231853485
4143 0.000000000 0.734415531 0.265584469
4144 0.000000000 0.670088530 0.329911470
4145 0.000000000 0.696668088 0.303331912
4146 0.000000000 0.794601977 0.205398038
4147 0.000000000 0.329424679 0.670575321
4148 0.000000000 0.408698529 0.591301501
4149 0.000000000 0.399785995 0.600214005
4150 0.000000000 0.399822742 0.600177228
4151 0.000000000 0.345959991 0.654039979
4152 0.000000000 0.446113825 0.553886175
4153 0.000000000 0.439194441 0.560805559
4154 0.000000000 0.241524801 0.758475184
4155 0.000000000 0.357600480 0.642399549
4156 0.000000000 0.302894652 0.697105348
4157 0.000000000 0.342554212 0.657445788
4158 0.000000000 0.334625334 0.665374696
4159 0.000000000 0.429563671 0.570436358
4160 0.000000000 0.242772669 0.757227302
4161 0.000000000 0.152643532 0.847356498
4162 0.000000000 0.213495478 0.786504507
4163 0.000000000 0.285510302 0.714489698
4164 0.000000000 0.237123936 0.762876034
4165 0.000000000 0.244562253 0.755437732
4166 0.000000000 0.301105648 0.698894382
4167 0.000000000 0.259111583 0.740888417
4168 0.000000000 0.313420773 0.686579227
4169 0.000000000 0.289508283 0.710491717
4170 0.000000000 0.218642041 0.781357944
4171 0.000000000 0.217578173 0.782421827
4172 0.000000000 0.403392076 0.596607924
4173 0.000000000 0.773799062 0.226200938
4174 0.000000000 0.755242109 0.244757921
4175 0.000000000 0.753754795 0.246245176
4176 0.000000000 0.358714819 0.641285181
4177 0.000000000 0.836380422 0.163619578
4178 0.000000000 0.787629664 0.212370321
4179 0.000000000 0.857880771 0.142119199
4180 0.000000000 0.857860744 0.142139241
4181 0.000000000 0.940953970 0.059046000
4182 0.000000000 0.843804598 0.156195417
4183 0.000000000 0.754251957 0.245748073
4184 0.000000000 0.832929075 0.167070925
4185 0.000000000 0.931152523 0.068847463
4186 0.000000000 0.840796947 0.159203067
4187 0.000000000 0.847090244 0.152909726
4188 0.000000000 0.850317478 0.149682537
4189 0.000000000 0.789738715 0.210261300
4190 0.000000000 0.590712368 0.409287602
4191 0.000000000 0.894457102 0.105542883
4192 0.000000000 0.877314925 0.122685105
4193 0.000000000 0.917190135 0.082809880
4194 0.000000000 0.965670645 0.034329351
4195 0.000000000 0.884281635 0.115718342
4196 0.000000000 0.858267903 0.141732097
4197 0.000000000 0.876856267 0.123143710
4198 0.000000000 0.875158906 0.124841101
4199 0.000000000 0.828189075 0.171810940
4200 0.000000000 0.820449769 0.179550245
4201 0.000000000 0.857194245 0.142805725
4202 0.000000000 0.779164672 0.220835313
4203 0.000000000 0.804239035 0.195760936
4204 0.000000000 0.343319178 0.656680822
4205 0.000000000 0.883656263 0.116343714
4206 0.000000000 0.938000977 0.061999023
4207 0.000000000 0.936023414 0.063976601
4208 0.000000000 0.870974839 0.129025191
4209 0.000000000 0.792560399 0.207439572
4210 0.000000000 0.856455922 0.143544063
4211 0.000000000 0.904226542 0.095773473
4212 0.000000000 0.592108011 0.407891959
4213 0.000000000 0.623448312 0.376551718
4214 0.000000000 0.597425699 0.402574301
4215 0.000000000 0.610408068 0.389591902
4216 0.000000000 0.601700902 0.398299098
4217 0.000000000 0.592939258 0.407060742
4218 0.000000000 0.427943408 0.572056592
4219 0.000000000 0.612680912 0.387319088
4220 0.000000000 0.717472851 0.282527119
4221 0.000000000 0.690451682 0.309548289
4222 0.000000000 0.646213651 0.353786349
4223 0.000000000 0.757471383 0.242528617
4224 0.000000000 0.805496156 0.194503814
4225 0.000000000 0.505460382 0.494539618
4226 0.000000000 0.445790380 0.554209650
4227 0.000000000 0.494666070 0.505333900
4228 0.000000000 0.490529448 0.509470522
4229 0.000000000 0.449670762 0.550329208
4230 0.000000000 0.479049563 0.520950437
4231 0.000000000 0.472187877 0.527812123
4232 0.000000000 0.426909417 0.573090613
4233 0.000000000 0.547243178 0.452756792
4234 0.000000000 0.506894290 0.493105680
4235 0.000000000 0.465714782 0.534285188
4236 0.000000000 0.631458819 0.368541181
4237 0.000000000 0.639555693 0.360444307
4238 0.000000000 0.755998552 0.244001463
4239 0.000000000 0.604686320 0.395313710
4240 0.000000000 0.714021742 0.285978228
4241 0.000000000 0.646309435 0.353690594
4242 0.000000000 0.589349389 0.410650641
4243 0.000000000 0.610181808 0.389818192
4244 0.000000000 0.529715300 0.470284700
4245 0.000000000 0.625584006 0.374415994
4246 0.000000000 0.419039577 0.580960393
4247 0.000000000 0.738255560 0.261744410
4248 0.000000000 0.641938925 0.358061045
4249 0.000000000 0.733625531 0.266374469
4250 0.000000000 0.759989262 0.240010709
4251 0.000000000 0.712311924 0.287688047
4252 0.000000000 0.661075056 0.338924944
4253 0.000000000 0.756487191 0.243512779
4254 0.000000000 0.654232144 0.345767856
4255 0.000000000 0.602444291 0.397555739
4256 0.000000000 0.622541785 0.377458215
4257 0.000000000 0.609379947 0.390620053
4258 0.000000000 0.649916828 0.350083172
4259 0.000000000 0.662358820 0.337641150
4260 0.000000000 0.132654503 0.867345512
4261 0.000000000 0.757912815 0.242087185
4262 0.000000000 0.796851099 0.203148887
4263 0.000000000 0.840923905 0.159076124
4264 0.000000000 0.747691274 0.252308726
4265 0.000000000 0.617847025 0.382152975
4266 0.000000000 0.696778834 0.303221196
4267 0.000000000 0.697284341 0.302715629
4268 0.000000000 0.654868186 0.345131814
4269 0.000000000 0.628967106 0.371032923
4270 0.000000000 0.603372157 0.396627873
4271 0.000000000 0.675462425 0.324537575
4272 0.000000000 0.736733854 0.263266116
4273 0.000000000 0.770985246 0.229014754
4274 0.000000000 0.357426643 0.642573357
4275 0.000000000 0.790855229 0.209144756
4276 0.000000000 0.797657549 0.202342451
4277 0.000000000 0.891983807 0.108016200
4278 0.000000000 0.793464303 0.206535727
4279 0.000000000 0.830496669 0.169503361
4280 0.000000000 0.867554367 0.132445663
4281 0.000000000 0.805866539 0.194133461
4282 0.000000000 0.759687066 0.240312964
4283 0.000000000 0.747338474 0.252661556
4284 0.000000000 0.862615347 0.137384623
4285 0.000000000 0.854806244 0.145193771
4286 0.000000000 0.846751928 0.153248057
4287 0.000000000 0.775076091 0.224923939
4288 0.000000000 0.330967069 0.669032931
4289 0.000000000 0.753735900 0.246264100
4290 0.000000000 0.230453879 0.769546151
4291 0.000000000 0.241489232 0.758510768
4292 0.000000000 0.196169198 0.803830802
4293 0.000000000 0.187301978 0.812698007
4294 0.000000000 0.205710694 0.794289291
4295 0.000000000 0.217812940 0.782187045
4296 0.000000000 0.197936878 0.802063107
4297 0.000000000 0.213925377 0.786074638
4298 0.000000000 0.237673014 0.762327015
4299 0.000000000 0.188561440 0.811438560
4300 0.000000000 0.253876716 0.746123254
4301 0.000000000 0.442956865 0.557043135
4302 0.000000000 0.401231676 0.598768353
4303 0.000000000 0.031628769 0.968371212
4304 0.000000000 0.000000000 1.000000000
4305 0.000000000 0.000000000 1.000000000
4306 0.000000000 0.003341627 0.996658385
4307 0.000000000 0.000000000 1.000000000
4308 0.000000000 0.000000000 1.000000000
4309 0.000000000 0.000000000 1.000000000
4310 0.000000000 0.000000000 1.000000000
4311 0.000000000 0.000000000 1.000000000
4312 0.000000000 0.000000000 1.000000000
4313 0.000000000 0.000000000 1.000000000
4314 0.000000000 0.000000000 1.000000000
4315 0.000000000 0.023125142 0.976874828
4316 0.000000000 0.009340901 0.990659118
4317 0.000000000 0.074820608 0.925179422
4318 0.000000000 0.000000000 1.000000000
4319 0.000000000 0.015815986 0.984184027
4320 0.000000000 0.000000000 1.000000000
4321 0.000000000 0.032087419 0.967912555
4322 0.000000000 0.008663887 0.991336107
4323 0.000000000 0.000000000 1.000000000
4324 0.000000000 0.000000000 1.000000000
4325 0.000000000 0.000000000 1.000000000
4326 0.000000000 0.005612418 0.994387567
4327 0.000000000 0.000000000 1.000000000
4328 0.000000000 0.034021061 0.965978920
4329 0.000000000 0.000000000 1.000000000
4330 0.000000000 0.000000000 1.000000000
4331 0.000000000 0.000000000 1.000000000
4332 0.000000000 0.000000000 1.000000000
4333 0.000000000 0.000000000 1.000000000
4334 0.000000000 0.003505141 0.996494830
4335 0.000000000 0.000000000 1.000000000
4336 0.000000000 0.000000000 1.000000000
4337 0.000000000 0.000000000 1.000000000
4338 0.000000000 0.000000000 1.000000000
4339 0.000000000 0.000000000 1.000000000
4340 0.000000000 0.000000000 1.000000000
4341 0.000000000 0.046149060 0.953850925
4342 0.000000000 0.114466250 0.885533750
4343 0.000000000 0.158806399 0.841193616
4344 0.000000000 0.193974227 0.806025803
4345 0.000000000 0.000000000 1.000000000
4346 0.000000000 0.000000000 1.000000000
4347 0.000000000 0.000000000 1.000000000
4348 0.000000000 0.041610114 0.958389878
4349 0.000000000 0.004687449 0.995312572
4350 0.000000000 0.042800441 0.957199574
4351 0.000000000 0.029334197 0.970665812
4352 0.000000000 0.035418615 0.964581370
4353 0.000000000 0.030303547 0.969696462
4354 0.000000000 0.115384206 0.884615779
4355 0.000000000 0.490207851 0.509792149
4356 0.000000000 0.540776014 0.459224015
4357 0.000000000 0.403160363 0.596839607
4358 0.000000000 0.406795323 0.593204677
4359 0.000000000 0.098238580 0.901761413
4360 0.000000000 0.548048735 0.451951236
4361 0.000000000 0.547315121 0.452684850
4362 0.000000000 0.464592963 0.535407066
4363 0.000000000 0.468469590 0.531530380
4364 0.000000000 0.463862598 0.536137402
4365 0.000000000 0.471295089 0.528704941
4366 0.000000000 0.540354908 0.459645092
4367 0.000000000 0.585927367 0.414072633
4368 0.000000000 0.421091259 0.578908741
4369 0.000000000 0.486038208 0.513961792
4370 0.000000000 0.471950740 0.528049290
4371 0.000000000 0.482102990 0.517897010
4372 0.000000000 0.346407175 0.653592825
4373 0.000000000 0.000000000 1.000000000
4374 0.000000000 0.411726981 0.588272989
4375 0.000000000 0.499352068 0.500647962
4376 0.000000000 0.507238030 0.492761970
4377 0.000000000 0.483669698 0.516330302
4378 0.000000000 0.535883963 0.464116037
4379 0.000000000 0.584785163 0.415214866
4380 0.000000000 0.632156909 0.367843121
4381 0.000000000 0.569297075 0.430702895
4382 0.000000000 0.660839438 0.339160562
4383 0.000000000 0.602283955 0.397716016
4384 0.000000000 0.653263271 0.346736759
4385 0.000000000 0.590280473 0.409719527
4386 0.000000000 0.638552845 0.361447126
4387 0.000000000 0.004149894 0.995850086
4388 0.000000000 0.487542212 0.512457788
4389 0.000000000 0.575079858 0.424920171
4390 0.000000000 0.635812223 0.364187747
4391 0.000000000 0.594088018 0.405911982
4392 0.000000000 0.683755279 0.316244692
4393 0.000000000 0.649443686 0.350556284
4394 0.000000000 0.506571829 0.493428171
4395 0.000000000 0.570632041 0.429367930
4396 0.000000000 0.539721608 0.460278392
4397 0.000000000 0.581689477 0.418310523
4398 0.000000000 0.596914828 0.403085172
4399 0.000000000 0.558778405 0.441221565
4400 0.000000000 0.545161664 0.454838336
4401 0.000000000 0.114691377 0.885308623
4402 0.000000000 0.540164292 0.459835708
4403 0.000000000 0.548510492 0.451489508
4404 0.000000000 0.571178913 0.428821087
4405 0.000000000 0.672770381 0.327229589
4406 0.000000000 0.719215274 0.280784726
4407 0.000000000 0.636756897 0.363243103
4408 0.000000000 0.627471685 0.372528285
4409 0.000000000 0.660804749 0.339195281
4410 0.000000000 0.624624908 0.375375062
4411 0.000000000 0.646663070 0.353336900
4412 0.000000000 0.657901764 0.342098236
4413 0.000000000 0.631816030 0.368183970
4414 0.000000000 0.674742281 0.325257719
4415 0.000000000 0.102283344 0.897716641
4416 0.000000000 0.568299711 0.431700289
4417 0.000000000 0.649368823 0.350631207
4418 0.000000000 0.765668988 0.234330982
4419 0.000000000 0.753762424 0.246237591
4420 0.000000000 0.773189723 0.226810291
4421 0.000000000 0.823359013 0.176640987
4422 0.000000000 0.839071453 0.160928547
4423 0.000000000 0.877766252 0.122233771
4424 0.000000000 0.799777329 0.200222686
4425 0.000000000 0.834229112 0.165770873
4426 0.000000000 0.824410915 0.175589070
4427 0.000000000 0.773710787 0.226289213
4428 0.000000000 0.809396982 0.190603018
4429 0.000000000 0.000000000 1.000000000
4430 0.000000000 0.906079650 0.093920343
4431 0.000000000 0.927520216 0.072479770
4432 0.000000000 0.862130523 0.137869462
4433 0.000000000 0.593102634 0.406897366
4434 0.000000000 0.576871991 0.423128009
4435 0.000000000 0.690757751 0.309242249
4436 0.000000000 0.744056225 0.255943745
4437 0.000000000 0.701395452 0.298604518
4438 0.000000000 0.725553513 0.274446487
4439 0.000000000 0.738668382 0.261331618
4440 0.000000000 0.771355569 0.228644431
4441 0.000000000 0.743918121 0.256081849
4442 0.000000000 0.756902516 0.243097514
4443 0.000000000 0.000000000 1.000000000
4444 0.000000000 0.630552769 0.369447231
4445 0.000000000 0.531908631 0.468091339
4446 0.000000000 0.335822850 0.664177179
4447 0.000000000 0.276446670 0.723553300
4448 0.000000000 0.330021858 0.669978142
4449 0.000000000 0.372349173 0.627650857
4450 0.000000000 0.391887665 0.608112335
4451 0.000000000 0.352218956 0.647781014
4452 0.000000000 0.391411245 0.608588755
4453 0.000000000 0.508504808 0.491495162
4454 0.000000000 0.347973794 0.652026176
4455 0.000000000 0.423881561 0.576118410
4456 0.000000000 0.479944080 0.520055950
4457 0.000000000 0.000000000 1.000000000
4458 0.000000000 0.114495672 0.885504305
4459 0.000000000 0.002662554 0.997337461
4460 0.000000000 0.003946019 0.996053994
4461 0.000000000 0.000000000 1.000000000
4462 0.000000000 0.000000000 1.000000000
4463 0.000000000 0.000000000 1.000000000
4464 0.000000000 0.000000000 1.000000000
4465 0.000000000 0.000000000 1.000000000
4466 0.000000000 0.000000000 1.000000000
4467 0.000000000 0.000000000 1.000000000
4468 0.000000000 0.000357178 0.999642849
4469 0.000000000 0.000000000 1.000000000
4470 0.000000000 0.000000000 1.000000000
4471 0.000000000 0.001096619 0.998903394
4472 0.000000000 0.046643067 0.953356922
4473 0.780298233 0.104971364 0.114730433
4474 0.834901571 0.043690294 0.121408157
4475 0.817420006 0.032219753 0.150360227
4476 0.909709990 0.000000000 0.090289988
4477 0.845768750 0.019308977 0.134922281
4478 0.880733728 0.025035534 0.094230734
4479 0.854154468 0.054080810 0.091764696
4480 0.925616443 0.000000000 0.074383542
4481 0.853433549 0.038157228 0.108409218
4482 0.900532186 0.000000000 0.099467807
4483 0.898812830 0.000000000 0.101187155
4484 0.952564180 0.004776512 0.042659309
4485 0.789760530 0.103591405 0.106648035
4486 0.000000000 0.024194272 0.975805700
4487 0.831852555 0.040568031 0.127579391
4488 0.801181614 0.057548493 0.141269878
4489 0.887505651 0.004745408 0.107748926
4490 0.854804218 0.034669437 0.110526353
4491 0.857468128 0.056768317 0.085763574
4492 0.830780745 0.084729888 0.084489353
4493 0.931184411 0.005479496 0.063336104
4494 0.775878131 0.115440153 0.108681716
4495 0.903824866 0.034806836 0.061368316
4496 0.931393683 0.000000000 0.068606295
4497 0.983309150 0.000000000 0.016690850
4498 0.920832574 0.000000000 0.079167441
4499 0.963047981 0.000000000 0.036952015
4500 0.000000000 0.049454719 0.950545311
4501 0.872399807 0.000000000 0.127600193
4502 0.890559196 0.000000000 0.109440804
4503 0.827735662 0.000129717 0.172134593
4504 0.880851686 0.000000000 0.119148292
4505 0.917556286 0.023231035 0.059212685
4506 0.914355934 0.000000000 0.085644059
4507 0.926591992 0.000000000 0.073408015
4508 0.954214811 0.000000000 0.045785218
4509 0.912202835 0.000000000 0.087797135
4510 0.940057456 0.000000000 0.059942547
4511 0.850641429 0.079835206 0.069523364
4512 0.840759397 0.104963481 0.054277122
4513 0.953078866 0.025933284 0.020987829
4514 0.000000000 0.000000000 1.000000000
4515 0.809533238 0.058426358 0.132040381
4516 0.772591054 0.049922500 0.177486464
4517 0.830108821 0.027639033 0.142252147
4518 0.805791318 0.082007073 0.112201639
4519 0.836089253 0.034512140 0.129398614
4520 0.859064281 0.047530856 0.093404852
4521 0.875004649 0.042158872 0.082836494
4522 0.836021781 0.094850332 0.069127902
4523 0.889317572 0.036420487 0.074261919
4524 0.836555183 0.087353319 0.076091483
4525 0.853628218 0.114342771 0.032028995
4526 0.927441120 0.059459366 0.013099502
4527 0.884745896 0.115254126 0.000000000
4528 0.000000000 0.053717975 0.946282029
4529 0.711821437 0.147331104 0.140847430
4530 0.807841718 0.140160084 0.051998213
4531 0.722904205 0.179098159 0.097997643
4532 0.809649825 0.134295493 0.056054711
4533 0.783404946 0.124561571 0.092033461
4534 0.804203331 0.141673476 0.054123200
4535 0.794203937 0.193959594 0.011836472
4536 0.827705741 0.172294244 0.000000000
4537 0.743167877 0.077073313 0.179758817
4538 0.755507112 0.112426855 0.132065997
4539 0.863380134 0.027292883 0.109326996
4540 0.772638559 0.087880552 0.139480859
4541 0.868800640 0.025088979 0.106110372
4542 0.000000000 0.000000000 1.000000000
4543 0.779976010 0.063881919 0.156142071
4544 0.713782072 0.099112064 0.187105864
4545 0.769488513 0.124156989 0.106354520
4546 0.742624640 0.078589693 0.178785667
4547 0.716338396 0.070104055 0.213557571
4548 0.745719016 0.123085462 0.131195530
4549 0.806546926 0.080958076 0.112494983
4550 0.613647521 0.276051402 0.110301040
4551 0.673524499 0.233475894 0.092999600
4552 0.791682065 0.178688750 0.029629191
4553 0.656987965 0.258229554 0.084782466
4554 0.741985857 0.209342793 0.048671316
4555 0.641741157 0.280805081 0.077453740
4556 0.012572763 0.000000000 0.987427235
4557 0.619972408 0.249603018 0.130424574
4558 0.606047273 0.285493284 0.108459465
4559 0.610361516 0.237522960 0.152115509
4560 0.575210869 0.243440151 0.181348979
4561 0.582925677 0.305192918 0.111881405
4562 0.645629644 0.264247417 0.090122968
4563 0.489222765 0.319241524 0.191535711
4564 0.565367877 0.303424984 0.131207123
4565 0.630449057 0.260831475 0.108719476
4566 0.572324812 0.297459304 0.130215853
4567 0.636440635 0.289052993 0.074506365
4568 0.596622705 0.260034472 0.143342793
4569 0.609361827 0.282026470 0.108611703
4570 0.000000000 0.000000000 1.000000000
4571 0.531872749 0.277266711 0.190860525
4572 0.483037204 0.284963787 0.231999025
4573 0.484346122 0.287970245 0.227683634
4574 0.497346252 0.345580816 0.157072946
4575 0.540724397 0.348090112 0.111185484
4576 0.643123627 0.241142422 0.115733922
4577 0.710667253 0.220867917 0.068464845
4578 0.776236236 0.150781840 0.072981939
4579 0.700202048 0.234823912 0.064974017
4580 0.755667746 0.178182065 0.066150218
4581 0.696341574 0.217471033 0.086187400
4582 0.782068431 0.167243868 0.050687701
4583 0.775492132 0.154190749 0.070317112
4584 0.000000000 0.000000000 1.000000000
4585 0.626300871 0.287407190 0.086291939
4586 0.671028733 0.283815652 0.045155648
4587 0.681403399 0.297608584 0.020988047
4588 0.639225066 0.312416971 0.048357993
4589 0.455537975 0.430637866 0.113824159
4590 0.526317596 0.391657710 0.082024656
4591 0.545821428 0.391862184 0.062316358
4592 0.544611633 0.346034318 0.109354012
4593 0.542059958 0.349043161 0.108896874
4594 0.474738210 0.416107982 0.109153822
4595 0.544050038 0.398442209 0.057507731
4596 0.584488034 0.325485706 0.090026259
4597 0.605884910 0.352112293 0.042002775
4598 0.000000000 0.000000000 1.000000000
4599 0.476124972 0.445876151 0.077998884
4600 0.493569314 0.423906684 0.082523994
4601 0.440722018 0.489039540 0.070238449
4602 0.262906075 0.717128575 0.019965380
4603 0.279557824 0.657681763 0.062760398
4604 0.368939996 0.631060004 0.000000000
4605 0.352687597 0.604487002 0.042825408
4606 0.405734330 0.564355373 0.029910309
4607 0.403748244 0.533830464 0.062421326
4608 0.443373591 0.521101594 0.035524815
4609 0.481170088 0.458415776 0.060414132
4610 0.522078156 0.393428475 0.084493376
4611 0.486538589 0.461689562 0.051771842
4612 0.000000000 0.000000000 1.000000000
4613 0.321727961 0.584610343 0.093661718
4614 0.229861930 0.697767973 0.072370067
4615 0.136570454 0.759858608 0.103570946
4616 0.133375257 0.780993938 0.085630797
4617 0.152834892 0.778166890 0.068998210
4618 0.197017476 0.726194918 0.076787606
4619 0.154249430 0.759338796 0.086411759
4620 0.141812503 0.790414274 0.067773201
4621 0.131098896 0.795867324 0.073033772
4622 0.216814458 0.707751751 0.075433820
4623 0.189449787 0.759872258 0.050677985
4624 0.255471975 0.692750335 0.051777694
4625 0.248008251 0.671472549 0.080519192
4626 0.000000000 0.000000000 1.000000000
4627 0.100199327 0.796289563 0.103511125
4628 0.000000000 0.499615222 0.500384808
4629 0.004067443 0.500113845 0.495818704
4630 0.000000000 0.527854085 0.472145915
4631 0.000000000 0.533680618 0.466319382
4632 0.000000000 0.576692820 0.423307180
4633 0.000000000 0.533158720 0.466841310
4634 0.000000000 0.562866390 0.437133580
4635 0.000000000 0.576344311 0.423655689
4636 0.000000000 0.603002608 0.396997392
4637 0.000000000 0.575704873 0.424295127
4638 0.010088630 0.652981997 0.336929351
4639 0.016492818 0.779036939 0.204470232
4640 0.000000000 0.000000000 1.000000000
4641 0.000000000 0.124800295 0.875199676
4642 0.788048208 0.105317399 0.106634393
4643 0.838137984 0.074804544 0.087057486
4644 0.772027433 0.065379933 0.162592649
4645 0.868839145 0.000000000 0.131160870
4646 0.841898620 0.027644565 0.130456835
4647 0.879176319 0.058441341 0.062382367
4648 0.787345648 0.136458203 0.076196171
4649 0.873046339 0.058710624 0.068243064
4650 0.868431866 0.028000599 0.103567541
4651 0.760493934 0.095865473 0.143640563
4652 0.872522771 0.045030203 0.082447007
4653 0.790666521 0.180080593 0.029252890
4654 0.913065374 0.000000000 0.086934641
4655 0.000000000 0.126131877 0.873868108
4656 1.000000000 0.000000000 0.000000000
4657 0.912422359 0.019769372 0.067808248
4658 0.847043037 0.062276285 0.090680674
4659 0.857217669 0.040668298 0.102114014
4660 0.942619801 0.031796362 0.025583848
4661 0.897139490 0.039158083 0.063702397
4662 0.945823729 0.000000000 0.054176245
4663 0.906842709 0.000000000 0.093157306
4664 0.863822877 0.058788512 0.077388614
4665 0.869067729 0.046682056 0.084250197
4666 0.798342586 0.115663283 0.085994117
4667 0.900376260 0.000000000 0.099623762
4668 0.940949440 0.000000000 0.059050553
4669 0.000000000 0.100065276 0.899934709
4670 0.846997917 0.005379037 0.147623017
4671 0.852561176 0.000000000 0.147438824
4672 0.823513269 0.018946812 0.157539919
4673 0.889430165 0.015992349 0.094577476
4674 0.902154326 0.001991646 0.095854044
4675 0.867624879 0.000000000 0.132375121
4676 0.873266578 0.000000000 0.126733437
4677 0.774131179 0.053438015 0.172430828
4678 0.871713161 0.000164151 0.128122672
4679 0.886853933 0.000000000 0.113146082
4680 0.838609755 0.060768303 0.100621924
4681 0.851038218 0.081771106 0.067190677
4682 0.810779870 0.091344669 0.097875468
4683 0.000000000 0.064367205 0.935632825
4684 0.782953024 0.039187085 0.177859873
4685 0.765681565 0.097041428 0.137277007
4686 0.816963851 0.086855032 0.096181102
4687 0.735914052 0.163079128 0.101006798
4688 0.740611553 0.164439157 0.094949320
4689 0.822174251 0.075399801 0.102425948
4690 0.720329285 0.123613238 0.156057462
4691 0.774425983 0.125884414 0.099689618
4692 0.778446615 0.166627303 0.054926094
4693 0.850058138 0.084374227 0.065567657
4694 0.808107674 0.124138616 0.067753717
4695 0.868880630 0.089536302 0.041583091
4696 0.935377955 0.058414236 0.006207827
4697 0.024821369 0.169715255 0.805463374
4698 0.807278633 0.154528677 0.038192704
4699 0.913209081 0.050513264 0.036277652
4700 0.778014660 0.179997891 0.041987430
4701 0.879774809 0.120225206 0.000000000
4702 0.891170859 0.090824343 0.018004779
4703 0.856097698 0.135963127 0.007939152
4704 0.867506981 0.132493004 0.000000000
4705 0.816085517 0.183914468 0.000000000
4706 0.813917220 0.043072723 0.143010080
4707 0.815803170 0.092955276 0.091241568
4708 0.808913171 0.107324533 0.083762266
4709 0.777351499 0.083333716 0.139314786
4710 0.832818210 0.038270421 0.128911376
4711 0.000000000 0.037367027 0.962632954
4712 0.908095717 0.000853390 0.091050863
4713 0.736760855 0.123679027 0.139560103
4714 0.779228985 0.117562518 0.103208520
4715 0.829714715 0.059202429 0.111082859
4716 0.776927948 0.069417268 0.153654769
4717 0.827017784 0.118088208 0.054894030
4718 0.778376460 0.194197848 0.027425719
4719 0.768417597 0.179314956 0.052267440
4720 0.747347116 0.214393586 0.038259294
4721 0.783752084 0.190052763 0.026195154
4722 0.778881133 0.150772706 0.070346169
4723 0.734347284 0.212182671 0.053470064
4724 0.657818258 0.327984244 0.014197459
4725 0.005165897 0.145240068 0.849594057
4726 0.704505324 0.215161979 0.080332682
4727 0.628676772 0.294531107 0.076792113
4728 0.718158007 0.176821604 0.105020382
4729 0.656186998 0.256392241 0.087420762
4730 0.697174907 0.276146531 0.026678588
4731 0.549386263 0.337025553 0.113588214
4732 0.663732409 0.222756326 0.113511279
4733 0.693449020 0.229596734 0.076954253
4734 0.647861540 0.241669968 0.110468492
4735 0.691426039 0.150585517 0.157988444
4736 0.612238765 0.289904088 0.097857140
4737 0.581506073 0.309855312 0.108638629
4738 0.725917518 0.207751542 0.066330910
4739 0.000000000 0.142956823 0.857043147
4740 0.629899561 0.257305652 0.112794787
4741 0.603861570 0.272164643 0.123973750
4742 0.524633229 0.333437920 0.141928837
4743 0.621747375 0.361043662 0.017208973
4744 0.466793686 0.457101047 0.076105259
4745 0.659493804 0.270972311 0.069533870
4746 0.701713622 0.243989855 0.054296497
4747 0.671255469 0.328744560 0.000000000
4748 0.646180153 0.307013631 0.046806220
4749 0.681334376 0.306572050 0.012093601
4750 0.624625564 0.375374407 0.000000000
4751 0.734754443 0.265245587 0.000000000
4752 0.654434085 0.275346071 0.070219837
4753 0.000000000 0.147565946 0.852434039
4754 0.672234118 0.256033510 0.071732350
4755 0.573617697 0.365899563 0.060482763
4756 0.672941625 0.327058375 0.000000000
4757 0.553544164 0.398377717 0.048078112
4758 0.671357334 0.274193347 0.054449346
4759 0.686593533 0.235984236 0.077422202
4760 0.702064514 0.297935486 0.000000000
4761 0.654291570 0.276850283 0.068858132
4762 0.662658513 0.233698368 0.103643127
4763 0.644340873 0.305771142 0.049887981
4764 0.650063992 0.326455027 0.023480982
4765 0.664500296 0.239305422 0.096194290
4766 0.653037906 0.291372299 0.055589814
4767 0.000000000 0.005621999 0.994378030
4768 0.530349433 0.364784211 0.104866341
4769 0.631057680 0.325439095 0.043503199
4770 0.459803790 0.465154588 0.075041600
4771 0.458253711 0.478971839 0.062774427
4772 0.465388298 0.479217380 0.055394314
4773 0.520961702 0.479038268 0.000000000
4774 0.432392359 0.491377324 0.076230332
4775 0.444470406 0.516569674 0.038959917
4776 0.462638706 0.506862342 0.030498946
4777 0.534947395 0.428886414 0.036166228
4778 0.477076471 0.436802208 0.086121328
4779 0.546054721 0.399182588 0.054762658
4780 0.542845309 0.362671167 0.094483495
4781 0.000000000 0.000000000 1.000000000
4782 0.327163488 0.654160738 0.018675765
4783 0.102963760 0.874222517 0.022813724
4784 0.031063560 0.938670456 0.030265961
4785 0.017261565 0.974310517 0.008427899
4786 0.042444661 0.896964192 0.060591169
4787 0.030959709 0.911795378 0.057244901
4788 0.000000000 0.945884824 0.054115184
4789 0.014657971 0.985342026 0.000000000
4790 0.040761229 0.917428613 0.041810170
4791 0.077330165 0.898489594 0.024180271
4792 0.004157685 0.995842338 0.000000000
4793 0.114912428 0.813557565 0.071530029
4794 0.109682240 0.870571375 0.019746369
4795 0.000000000 0.027928513 0.972071469
4796 0.000000000 0.943482280 0.056517694
4797 0.021784794 0.324311435 0.653903782
4798 0.018956743 0.259444773 0.721598506
4799 0.000000000 0.288788348 0.711211622
4800 0.000000000 0.354160011 0.645839989
4801 0.000000000 0.258720458 0.741279542
4802 0.000000000 0.316924602 0.683075368
4803 0.000000000 0.362297088 0.637702882
4804 0.000000000 0.415602118 0.584397912
4805 0.000000000 0.436815351 0.563184679
4806 0.097577423 0.378118843 0.524303734
4807 0.000000000 0.483252108 0.516747892
4808 0.025318732 0.546507835 0.428173423
4809 0.000000000 0.000000000 1.000000000
4810 0.000000000 1.000000000 0.000000000
4811 0.921307206 0.078692786 0.000000000
4812 0.968558252 0.031441737 0.000000000
4813 0.987988949 0.012011023 0.000000000
4814 1.000000000 0.000000000 0.000000000
4815 1.000000000 0.000000000 0.000000000
4816 1.000000000 0.000000000 0.000000000
4817 1.000000000 0.000000000 0.000000000
4818 1.000000000 0.000000000 0.000000000
4819 1.000000000 0.000000000 0.000000000
4820 1.000000000 0.000000000 0.000000000
4821 1.000000000 0.000000000 0.000000000
4822 1.000000000 0.000000000 0.000000000
4823 1.000000000 0.000000000 0.000000000
4824 0.000000000 1.000000000 0.000000000
4825 1.000000000 0.000000000 0.000000000
4826 1.000000000 0.000000000 0.000000000
4827 1.000000000 0.000000000 0.000000000
4828 1.000000000 0.000000000 0.000000000
4829 1.000000000 0.000000000 0.000000000
4830 1.000000000 0.000000000 0.000000000
4831 1.000000000 0.000000000 0.000000000
4832 1.000000000 0.000000000 0.000000000
4833 1.000000000 0.000000000 0.000000000
4834 1.000000000 0.000000000 0.000000000
4835 1.000000000 0.000000000 0.000000000
4836 1.000000000 0.000000000 0.000000000
4837 1.000000000 0.000000000 0.000000000
4838 0.000000000 1.000000000 0.000000000
4839 1.000000000 0.000000000 0.000000000
4840 1.000000000 0.000000000 0.000000000
4841 1.000000000 0.000000000 0.000000000
4842 1.000000000 0.000000000 0.000000000
4843 1.000000000 0.000000000 0.000000000
4844 1.000000000 0.000000000 0.000000000
4845 1.000000000 0.000000000 0.000000000
4846 1.000000000 0.000000000 0.000000000
4847 1.000000000 0.000000000 0.000000000
4848 1.000000000 0.000000000 0.000000000
4849 1.000000000 0.000000000 0.000000000
4850 1.000000000 0.000000000 0.000000000
4851 1.000000000 0.000000000 0.000000000
4852 0.000000000 1.000000000 0.000000000
4853 1.000000000 0.000000000 0.000000000
4854 0.985548198 0.014451812 0.000000000
4855 1.000000000 0.000000000 0.000000000
4856 0.995938718 0.004061256 0.000000000
4857 1.000000000 0.000000000 0.000000000
4858 1.000000000 0.000000000 0.000000000
4859 1.000000000 0.000000000 0.000000000
4860 1.000000000 0.000000000 0.000000000
4861 0.993568957 0.006431016 0.000000000
4862 1.000000000 0.000000000 0.000000000
4863 0.940481842 0.059518173 0.000000000
4864 1.000000000 0.000000000 0.000000000
4865 1.000000000 0.000000000 0.000000000
4866 0.020344622 0.979655385 0.000000000
4867 0.976225317 0.023774691 0.000000000
4868 1.000000000 0.000000000 0.000000000
4869 0.941377819 0.058622159 0.000000000
4870 0.990658104 0.009341895 0.000000000
4871 1.000000000 0.000000000 0.000000000
4872 1.000000000 0.000000000 0.000000000
4873 0.936776578 0.063223407 0.000000000
4874 0.995092928 0.004907042 0.000000000
4875 1.000000000 0.000000000 0.000000000
4876 1.000000000 0.000000000 0.000000000
4877 1.000000000 0.000000000 0.000000000
4878 1.000000000 0.000000000 0.000000000
4879 1.000000000 0.000000000 0.000000000
4880 0.000000000 1.000000000 0.000000000
4881 1.000000000 0.000000000 0.000000000
4882 1.000000000 0.000000000 0.000000000
4883 1.000000000 0.000000000 0.000000000
4884 1.000000000 0.000000000 0.000000000
4885 1.000000000 0.000000000 0.000000000
4886 1.000000000 0.000000000 0.000000000
4887 1.000000000 0.000000000 0.000000000
4888 1.000000000 0.000000000 0.000000000
4889 1.000000000 0.000000000 0.000000000
4890 1.000000000 0.000000000 0.000000000
4891 1.000000000 0.000000000 0.000000000
4892 1.000000000 0.000000000 0.000000000
4893 1.000000000 0.000000000 0.000000000
4894 0.034694415 0.965305567 0.000000000
4895 0.960035801 0.039964195 0.000000000
4896 0.931673110 0.068326861 0.000000000
4897 1.000000000 0.000000000 0.000000000
4898 0.994372547 0.005627453 0.000000000
4899 0.942768753 0.057231233 0.000000000
4900 0.944445908 0.055554073 0.000000000
4901 0.948713899 0.051286086 0.000000000
4902 0.894329906 0.105670080 0.000000000
4903 0.970059097 0.029940898 0.000000000
4904 0.981923580 0.018076442 0.000000000
4905 0.972713113 0.027286880 0.000000000
4906 0.950292766 0.049707208 0.000000000
4907 0.992202580 0.007797399 0.000000000
4908 0.000000000 1.000000000 0.000000000
4909 0.854915440 0.145084575 0.000000000
4910 0.900145471 0.099854514 0.000000000
4911 0.912326694 0.087673329 0.000000000
4912 0.893231273 0.106768750 0.000000000
4913 0.852072358 0.147927642 0.000000000
4914 1.000000000 0.000000000 0.000000000
4915 0.982277513 0.017722497 0.000000000
4916 1.000000000 0.000000000 0.000000000
4917 1.000000000 0.000000000 0.000000000
4918 1.000000000 0.000000000 0.000000000
4919 1.000000000 0.000000000 0.000000000
4920 1.000000000 0.000000000 0.000000000
4921 1.000000000 0.000000000 0.000000000
4922 0.003724136 0.996275842 0.000000000
4923 1.000000000 0.000000000 0.000000000
4924 1.000000000 0.000000000 0.000000000
4925 0.988086879 0.011913117 0.000000000
4926 0.933295012 0.066704974 0.000000000
4927 1.000000000 0.000000000 0.000000000
4928 0.959192216 0.040807765 0.000000000
4929 0.995494127 0.004505844 0.000000000
4930 0.983604312 0.016395658 0.000000000
4931 1.000000000 0.000000000 0.000000000
4932 0.954958379 0.045041628 0.000000000
4933 0.999942362 0.000057661 0.000000000
4934 1.000000000 0.000000000 0.000000000
4935 1.000000000 0.000000000 0.000000000
4936 0.000000000 1.000000000 0.000000000
4937 0.942671061 0.057328913 0.000000000
4938 0.967074513 0.032925479 0.000000000
4939 0.875954211 0.124045767 0.000000000
4940 0.796516240 0.203483760 0.000000000
4941 0.813513756 0.186486259 0.000000000
4942 0.904483438 0.095516555 0.000000000
4943 0.854696393 0.145303592 0.000000000
4944 0.917826116 0.082173891 0.000000000
4945 0.826152980 0.173847020 0.000000000
4946 0.894980311 0.105019711 0.000000000
4947 0.904568195 0.095431820 0.000000000
4948 1.000000000 0.000000000 0.000000000
4949 0.997156084 0.002843917 0.000000000
4950 0.000000000 1.000000000 0.000000000
4951 0.835085332 0.164914697 0.000000000
4952 0.719992101 0.280007899 0.000000000
4953 0.485072315 0.514927685 0.000000000
4954 0.460859567 0.539140403 0.000000000
4955 0.539677203 0.460322767 0.000000000
4956 0.618340969 0.381659061 0.000000000
4957 0.659338772 0.340661198 0.000000000
4958 0.497142315 0.502857685 0.000000000
4959 0.577469051 0.422530949 0.000000000
4960 0.583987057 0.416012943 0.000000000
4961 0.668936908 0.331063092 0.000000000
4962 0.724417865 0.275582135 0.000000000
4963 0.682263315 0.317736685 0.000000000
4964 0.000000000 1.000000000 0.000000000
4965 0.312290996 0.687709033 0.000000000
4966 0.000000000 1.000000000 0.000000000
4967 0.000000000 1.000000000 0.000000000
4968 0.000000000 1.000000000 0.000000000
4969 0.000000000 1.000000000 0.000000000
4970 0.000000000 1.000000000 0.000000000
4971 0.000000000 1.000000000 0.000000000
4972 0.000000000 1.000000000 0.000000000
4973 0.000000000 1.000000000 0.000000000
4974 0.000000000 1.000000000 0.000000000
4975 0.000000000 1.000000000 0.000000000
4976 0.000000000 1.000000000 0.000000000
4977 0.000000000 1.000000000 0.000000000
4978 0.000000000 1.000000000 0.000000000
4979 0.000000000 1.000000000 0.000000000
4980 1.000000000 0.000000000 0.000000000
4981 0.937382758 0.062617272 0.000000000
4982 0.956470609 0.043529391 0.000000000
4983 0.961691439 0.038308587 0.000000000
4984 0.953409970 0.046590056 0.000000000
4985 0.979372799 0.020627186 0.000000000
4986 1.000000000 0.000000000 0.000000000
4987 0.975470543 0.024529463 0.000000000
4988 1.000000000 0.000000000 0.000000000
4989 0.994610727 0.005389269 0.000000000
4990 0.983587503 0.016412506 0.000000000
4991 1.000000000 0.000000000 0.000000000
4992 0.974962533 0.025037447 0.000000000
4993 0.000000000 1.000000000 0.000000000
4994 0.948914051 0.051085949 0.000000000
4995 0.949242890 0.050757136 0.000000000
4996 0.943815470 0.056184553 0.000000000
4997 0.962083519 0.037916489 0.000000000
4998 1.000000000 0.000000000 0.000000000
4999 0.989654243 0.010345772 0.000000000
5000 0.967507899 0.032492105 0.000000000
5001 1.000000000 0.000000000 0.000000000
5002 1.000000000 0.000000000 0.000000000
5003 0.990226924 0.009773065 0.000000000
5004 1.000000000 0.000000000 0.000000000
5005 1.000000000 0.000000000 0.000000000
5006 1.000000000 0.000000000 0.000000000
5007 0.086461917 0.913538098 0.000000000
5008 0.954875588 0.045124419 0.000000000
5009 0.950314283 0.049685709 0.000000000
5010 0.950968087 0.049031924 0.000000000
5011 0.957276464 0.042723514 0.000000000
5012 0.982972801 0.017027197 0.000000000
5013 0.950850666 0.049149308 0.000000000
5014 1.000000000 0.000000000 0.000000000
5015 0.978851140 0.021148842 0.000000000
5016 0.983621001 0.016379017 0.000000000
5017 1.000000000 0.000000000 0.000000000
5018 0.988828063 0.011171935 0.000000000
5019 1.000000000 0.000000000 0.000000000
5020 1.000000000 0.000000000 0.000000000
5021 0.000000000 1.000000000 0.000000000
5022 0.887305975 0.112694032 0.000000000
5023 0.912563860 0.087436132 0.000000000
5024 0.953650594 0.046349399 0.000000000
5025 0.963004768 0.036995247 0.000000000
5026 0.906076908 0.093923070 0.000000000
5027 0.985087454 0.014912519 0.000000000
5028 0.993157566 0.006842463 0.000000000
5029 0.964624941 0.035375062 0.000000000
5030 1.000000000 0.000000000 0.000000000
5031 0.951798975 0.048201010 0.000000000
5032 0.965788126 0.034211859 0.000000000
5033 0.948460996 0.051538989 0.000000000
5034 0.918729365 0.081270657 0.000000000
5035 0.000000000 1.000000000 0.000000000
5036 0.948390424 0.051609598 0.000000000
5037 0.931313097 0.068686917 0.000000000
5038 0.941904485 0.058095515 0.000000000
5039 0.888265312 0.111734658 0.000000000
5040 1.000000000 0.000000000 0.000000000
5041 0.922001362 0.077998646 0.000000000
5042 0.939905643 0.060094349 0.000000000
5043 0.903532743 0.096467271 0.000000000
5044 1.000000000 0.000000000 0.000000000
5045 1.000000000 0.000000000 0.000000000
5046 1.000000000 0.000000000 0.000000000
5047 1.000000000 0.000000000 0.000000000
5048 1.000000000 0.000000000 0.000000000
5049 0.000000000 1.000000000 0.000000000
5050 1.000000000 0.000000000 0.000000000
5051 1.000000000 0.000000000 0.000000000
5052 1.000000000 0.000000000 0.000000000
5053 1.000000000 0.000000000 0.000000000
5054 1.000000000 0.000000000 0.000000000
5055 1.000000000 0.000000000 0.000000000
5056 1.000000000 0.000000000 0.000000000
5057 0.934291184 0.065708801 0.000000000
5058 1.000000000 0.000000000 0.000000000
5059 0.973724902 0.026275087 0.000000000
5060 0.983334303 0.016665725 0.000000000
5061 0.995603442 0.004396551 0.000000000
5062 0.941225171 0.058774851 0.000000000
5063 0.000000000 1.000000000 0.000000000
5064 0.983466625 0.016533379 0.000000000
5065 0.849368095 0.150631875 0.000000000
5066 1.000000000 0.000000000 0.000000000
5067 0.923180580 0.076819390 0.000000000
5068 0.890141428 0.109858565 0.000000000
5069 0.838300169 0.161699831 0.000000000
5070 0.946347773 0.053652246 0.000000000
5071 1.000000000 0.000000000 0.000000000
5072 0.967471004 0.032528996 0.000000000
5073 1.000000000 0.000000000 0.000000000
5074 0.964306116 0.035693891 0.000000000
5075 0.932335615 0.067664377 0.000000000
5076 1.000000000 0.000000000 0.000000000
5077 0.000000000 1.000000000 0.000000000
5078 0.860020161 0.139979854 0.000000000
5079 0.962860346 0.037139654 0.000000000
5080 0.899199665 0.100800335 0.000000000
5081 0.898452997 0.101546988 0.000000000
5082 0.766991436 0.233008564 0.000000000
5083 1.000000000 0.000000000 0.000000000
5084 1.000000000 0.000000000 0.000000000
5085 0.999548137 0.000451859 0.000000000
5086 1.000000000 0.000000000 0.000000000
5087 1.000000000 0.000000000 0.000000000
5088 0.984342933 0.015657078 0.000000000
5089 1.000000000 0.000000000 0.000000000
5090 1.000000000 0.000000000 0.000000000
5091 0.000000000 1.000000000 0.000000000
5092 1.000000000 0.000000000 0.000000000
5093 0.948198199 0.051801831 0.000000000
5094 0.896051943 0.103948064 0.000000000
5095 0.787842572 0.212157443 0.000000000
5096 0.881634533 0.118365489 0.000000000
5097 0.855345845 0.144654185 0.000000000
5098 0.824820936 0.175179064 0.000000000
5099 0.917132318 0.082867675 0.000000000
5100 0.881331742 0.118668236 0.000000000
5101 0.930424213 0.069575801 0.000000000
5102 0.928506851 0.071493119 0.000000000
5103 0.931569993 0.068429999 0.000000000
5104 0.914122641 0.085877329 0.000000000
5105 0.000000000 1.000000000 0.000000000
5106 0.839006722 0.160993278 0.000000000
5107 0.844085157 0.155914873 0.000000000
5108 0.677639723 0.322360247 0.000000000
5109 0.939976633 0.060023341 0.000000000
5110 0.869911253 0.130088717 0.000000000
5111 0.907790422 0.092209585 0.000000000
5112 0.924114466 0.075885527 0.000000000
5113 0.930783033 0.069216967 0.000000000
5114 0.904257178 0.095742822 0.000000000
5115 0.940824509 0.059175517 0.000000000
5116 0.943807840 0.056192156 0.000000000
5117 0.951858878 0.048141114 0.000000000
5118 0.990476549 0.009523456 0.000000000
5119 0.000000000 1.000000000 0.000000000
5120 0.721490920 0.278509080 0.000000000
5121 0.557646453 0.442353547 0.000000000
5122 0.536224484 0.463775516 0.000000000
5123 0.562133729 0.437866271 0.000000000
5124 0.521762669 0.478237331 0.000000000
5125 0.631060600 0.368939430 0.000000000
5126 0.575222850 0.424777120 0.000000000
5127 0.537960887 0.462039113 0.000000000
5128 0.601558268 0.398441732 0.000000000
5129 0.623972297 0.376027703 0.000000000
5130 0.589272559 0.410727471 0.000000000
5131 0.714990318 0.285009652 0.000000000
5132 0.591311395 0.408688635 0.000000000
5133 0.000000000 1.000000000 0.000000000
5134 0.137677878 0.862322152 0.000000000
5135 0.000000000 1.000000000 0.000000000
5136 0.000000000 1.000000000 0.000000000
5137 0.000000000 1.000000000 0.000000000
5138 0.000000000 1.000000000 0.000000000
5139 0.000000000 1.000000000 0.000000000
5140 0.000000000 1.000000000 0.000000000
5141 0.000000000 1.000000000 0.000000000
5142 0.000817229 0.999182761 0.000000000
5143 0.000000000 1.000000000 0.000000000
5144 0.000000000 1.000000000 0.000000000
5145 0.000000000 1.000000000 0.000000000
5146 0.000000000 1.000000000 0.000000000
5147 0.000000000 1.000000000 0.000000000
