0 0 -1 0 0 -1 0.000000000 0.623087168 0.376912832
1 0 -1 0 1 -1 0.000000000 0.695321023 0.304678977
2 0 -1 0 2 -1 0.000000000 0.676435649 0.323564380
3 0 -1 0 3 -1 0.000000000 0.992815554 0.007184424
4 0 -1 0 4 -1 0.000000000 0.999623120 0.000376850
5 0 -1 0 5 -1 0.000000000 0.999796033 0.000203963
6 0 -1 0 6 -1 0.000000000 0.999855995 0.000144034
7 0 -1 0 7 -1 0.000000000 0.999854982 0.000145020
8 0 -1 0 8 -1 0.000000000 0.999846339 0.000153671
9 0 -1 0 9 -1 0.000000000 0.998913288 0.001086704
10 0 -1 0 10 -1 0.000000000 0.998880744 0.001119285
11 0 -1 0 11 -1 0.000000000 0.776506484 0.223493487
12 0 -1 0 12 -1 0.000000000 0.223061621 0.776938379
13 0 -1 1 0 -1 0.000000000 0.322465092 0.677534938
14 0 -1 1 1 -1 0.000000000 0.323073447 0.676926553
15 0 -1 1 2 -1 0.000000000 0.317344725 0.682655275
16 0 -1 1 3 -1 0.000000000 0.999305606 0.000694395
17 0 -1 1 4 -1 0.000000000 0.999966383 0.000033618
18 0 -1 1 5 -1 0.000000000 0.999998987 0.000000999
19 0 -1 1 6 -1 0.000000000 0.999896646 0.000103336
20 0 -1 1 7 -1 0.000000000 0.999931514 0.000068510
21 0 -1 1 8 -1 0.000000000 0.999940395 0.000059625
22 0 -1 1 9 -1 0.000000000 0.729054153 0.270945817
23 0 -1 1 10 -1 0.000000000 0.525742590 0.474257410
24 0 -1 1 11 -1 0.000000000 0.344024837 0.655975163
25 0 -1 1 12 -1 0.000000000 0.000086578 0.999913394
26 0 -1 2 0 -1 0.997071087 0.002836152 0.000092770
27 0 -1 2 1 -1 0.997052133 0.002906260 0.000041604
28 0 -1 2 2 -1 0.995260656 0.004724973 0.000014354
29 0 -1 2 3 -1 0.904210329 0.095704250 0.000085402
30 0 -1 2 4 -1 0.729998589 0.269859910 0.000141499
31 0 -1 2 5 -1 0.702686489 0.296932101 0.000381433
32 0 -1 2 6 -1 0.660714865 0.338431597 0.000853562
33 0 -1 2 7 -1 0.487603307 0.510979891 0.001416801
34 0 -1 2 8 -1 0.001929609 0.997781396 0.000288994
35 0 -1 2 9 -1 0.001929779 0.996746838 0.001323411
36 0 -1 2 10 -1 0.001178474 0.997073948 0.001747564
37 0 -1 2 11 -1 0.000000666 0.998903811 0.001095506
38 0 -1 2 12 -1 0.000000666 0.994822621 0.005176736
39 0 -1 3 0 -1 0.999975562 0.000001374 0.000023087
40 0 -1 3 1 -1 0.999971986 0.000000980 0.000027023
41 0 -1 3 2 -1 0.999974251 0.000002885 0.000022841
42 0 -1 3 3 -1 0.968152940 0.030314242 0.001532799
43 0 -1 3 4 -1 0.781224668 0.217345193 0.001430133
44 0 -1 3 5 -1 0.770169854 0.228246734 0.001583402
45 0 -1 3 6 -1 0.729976177 0.269469321 0.000554517
46 0 -1 3 7 -1 0.616569042 0.382777810 0.000653165
47 0 -1 3 8 -1 0.306517065 0.691651106 0.001831836
48 0 -1 3 9 -1 0.000012622 0.999482930 0.000504478
49 0 -1 3 10 -1 0.000000333 0.999406576 0.000593113
50 0 -1 3 11 -1 0.000000429 0.999601185 0.000398398
51 0 -1 3 12 -1 0.000001493 0.933162987 0.066835523
52 0 -1 4 0 -1 0.902207255 0.097792752 0.000000000
53 0 -1 4 1 -1 0.872921050 0.127078936 0.000000000
54 0 -1 4 2 -1 0.872626722 0.127373293 0.000000000
55 0 -1 4 3 -1 0.805370688 0.194629312 0.000000000
56 0 -1 4 4 -1 0.917294264 0.082705736 0.000000000
57 0 -1 4 5 -1 0.879870176 0.120129816 0.000000000
58 0 -1 4 6 -1 0.815483809 0.184516191 0.000000000
59 0 -1 4 7 -1 0.625737727 0.374262273 0.000000000
60 0 -1 4 8 -1 0.290265828 0.709734201 0.000000000
61 0 -1 4 9 -1 0.006926930 0.993073046 0.000000000
62 0 -1 4 10 -1 0.003471434 0.996528566 0.000000000
63 0 -1 4 11 -1 0.000002235 0.999997795 0.000000000
64 0 -1 4 12 -1 0.000000643 0.999999344 0.000000000
65 0 -1 5 0 -1 0.932910800 0.067089222 0.000000000
66 0 -1 5 1 -1 0.913471639 0.086528338 0.000000000
67 0 -1 5 2 -1 0.995245695 0.004754318 0.000000000
68 0 -1 5 3 -1 0.978746653 0.021253373 0.000000000
69 0 -1 5 4 -1 0.472227067 0.527772963 0.000000000
70 0 -1 5 5 -1 0.500000000 0.500000000 0.000000000
71 0 -1 5 6 -1 0.710292041 0.289707989 0.000000000
72 0 -1 5 7 -1 0.523241878 0.476758122 0.000000000
73 0 -1 5 8 -1 0.386315525 0.613684475 0.000000000
74 0 -1 5 9 -1 0.069542363 0.930457652 0.000000000
75 0 -1 5 10 -1 0.050855841 0.949144185 0.000000000
76 0 -1 5 11 -1 0.102520540 0.897479475 0.000000000
77 0 -1 5 12 -1 0.000000500 0.999999523 0.000000000
78 1 0 0 0 0 0.000000000 0.540690720 0.459309280
79 1 0 0 0 1 0.000000000 0.037715793 0.962284207
80 1 0 0 0 2 0.000000000 0.018052712 0.981947303
81 1 0 0 0 3 0.000000000 0.663225412 0.336774617
82 1 0 0 0 4 0.000000000 0.685121894 0.314878136
83 1 0 0 0 5 0.000000000 0.679005504 0.320994467
84 1 0 0 0 6 0.000000000 0.674371719 0.325628281
85 1 0 0 0 7 0.000000000 0.678457618 0.321542382
86 1 0 0 0 8 0.000000000 0.674458206 0.325541824
87 1 0 0 0 9 0.000000000 0.213883117 0.786116898
88 1 0 0 0 10 0.000000000 0.229360715 0.770639300
89 1 0 0 0 11 0.000000000 0.425410181 0.574589789
90 1 0 0 0 12 0.000000000 0.319996536 0.680003464
91 1 0 0 1 0 0.000000000 0.137672380 0.862327635
92 1 0 0 1 1 0.000000000 0.464748681 0.535251319
93 1 0 0 1 2 0.000000000 0.090235233 0.909764767
94 1 0 0 1 3 0.000000000 0.755348802 0.244651198
95 1 0 0 1 4 0.000000000 0.772649288 0.227350727
96 1 0 0 1 5 0.000000000 0.765079737 0.234920233
97 1 0 0 1 6 0.000000000 0.763851821 0.236148179
98 1 0 0 1 7 0.000000000 0.767004609 0.232995376
99 1 0 0 1 8 0.000000000 0.762322724 0.237677261
100 1 0 0 1 9 0.000000000 0.356730819 0.643269181
101 1 0 0 1 10 0.000000000 0.366781652 0.633218348
102 1 0 0 1 11 0.000000000 0.517415762 0.482584238
103 1 0 0 1 12 0.000000000 0.440123975 0.559876025
104 1 0 0 2 0 0.000000000 0.081428468 0.918571532
105 1 0 0 2 1 0.000000000 0.030212156 0.969787836
106 1 0 0 2 2 0.000000000 0.463713944 0.536286056
107 1 0 0 2 3 0.000000000 0.745800316 0.254199684
108 1 0 0 2 4 0.000000000 0.747089446 0.252910554
109 1 0 0 2 5 0.000000000 0.739880323 0.260119677
110 1 0 0 2 6 0.000000000 0.739637852 0.260362148
111 1 0 0 2 7 0.000000000 0.740832269 0.259167731
112 1 0 0 2 8 0.000000000 0.737765253 0.262234747
113 1 0 0 2 9 0.000000000 0.369457006 0.630542994
114 1 0 0 2 10 0.000000000 0.347655624 0.652344346
115 1 0 0 2 11 0.000000000 0.433162004 0.566837966
116 1 0 0 2 12 0.000000000 0.449089110 0.550910890
117 1 0 0 3 0 0.000000000 0.998625517 0.001374508
118 1 0 0 3 1 0.000000000 0.998605907 0.001394064
119 1 0 0 3 2 0.000000000 0.999089658 0.000910347
120 1 0 0 3 3 0.000000000 0.131306753 0.868693233
121 1 0 0 3 4 0.000000000 0.999841750 0.000158226
122 1 0 0 3 5 0.000000000 0.999783278 0.000216702
123 1 0 0 3 6 0.000000000 0.999808013 0.000191976
124 1 0 0 3 7 0.000000000 0.999801159 0.000198861
125 1 0 0 3 8 0.000000000 0.999801636 0.000198390
126 1 0 0 3 9 0.000000000 0.999762595 0.000237418
127 1 0 0 3 10 0.000000000 0.999785483 0.000214507
128 1 0 0 3 11 0.000000000 0.999861777 0.000138229
129 1 0 0 3 12 0.000000000 0.999883115 0.000116893
130 1 0 0 4 0 0.000000000 0.999894381 0.000105635
131 1 0 0 4 1 0.000000000 0.999911249 0.000088733
132 1 0 0 4 2 0.000000000 0.999953508 0.000046501
133 1 0 0 4 3 0.000000000 0.999880314 0.000119698
134 1 0 0 4 4 0.000000000 0.075823635 0.924176395
135 1 0 0 4 5 0.000000000 0.999976754 0.000023234
136 1 0 0 4 6 0.000000000 0.999982476 0.000017528
137 1 0 0 4 7 0.000000000 0.999975920 0.000024098
138 1 0 0 4 8 0.000000000 0.999976635 0.000023352
139 1 0 0 4 9 0.000000000 0.999972820 0.000027180
140 1 0 0 4 10 0.000000000 0.999976575 0.000023424
141 1 0 0 4 11 0.000000000 0.999979496 0.000020516
142 1 0 0 4 12 0.000000000 0.999974906 0.000025120
143 1 0 0 5 0 0.000000000 0.999986768 0.000013210
144 1 0 0 5 1 0.000000000 0.999986529 0.000013494
145 1 0 0 5 2 0.000000000 0.999986708 0.000013303
146 1 0 0 5 3 0.000000000 0.999981761 0.000018252
147 1 0 0 5 4 0.000000000 0.999982536 0.000017450
148 1 0 0 5 5 0.000000000 0.061997578 0.938002408
149 1 0 0 5 6 0.000000000 0.999982655 0.000017354
150 1 0 0 5 7 0.000000000 0.999983013 0.000017006
151 1 0 0 5 8 0.000000000 0.999982595 0.000017429
152 1 0 0 5 9 0.000000000 0.999982476 0.000017501
153 1 0 0 5 10 0.000000000 0.999982834 0.000017183
154 1 0 0 5 11 0.000000000 0.999983072 0.000016922
155 1 0 0 5 12 0.000000000 0.999981403 0.000018578
156 1 0 0 6 0 0.000000000 0.999983668 0.000016361
157 1 0 0 6 1 0.000000000 0.999983668 0.000016344
158 1 0 0 6 2 0.000000000 0.999983847 0.000016172
159 1 0 0 6 3 0.000000000 0.999983013 0.000016970
160 1 0 0 6 4 0.000000000 0.999984860 0.000015158
161 1 0 0 6 5 0.000000000 0.999985456 0.000014534
162 1 0 0 6 6 0.000000000 0.134621412 0.865378618
163 1 0 0 6 7 0.000000000 0.999981463 0.000018531
164 1 0 0 6 8 0.000000000 0.999980867 0.000019160
165 1 0 0 6 9 0.000000000 0.999980688 0.000019291
166 1 0 0 6 10 0.000000000 0.999981165 0.000018815
167 1 0 0 6 11 0.000000000 0.999981642 0.000018370
168 1 0 0 6 12 0.000000000 0.999979794 0.000020190
169 1 0 0 7 0 0.000000000 0.999985278 0.000014713
170 1 0 0 7 1 0.000000000 0.999984801 0.000015213
171 1 0 0 7 2 0.000000000 0.999984741 0.000015251
172 1 0 0 7 3 0.000000000 0.999983668 0.000016361
173 1 0 0 7 4 0.000000000 0.999985397 0.000014574
174 1 0 0 7 5 0.000000000 0.999986053 0.000013956
175 1 0 0 7 6 0.000000000 0.999982059 0.000017933
176 1 0 0 7 7 0.000000000 0.125431329 0.874568641
177 1 0 0 7 8 0.000000000 0.999976993 0.000023008
178 1 0 0 7 9 0.000000000 0.999976814 0.000023203
179 1 0 0 7 10 0.000000000 0.999977767 0.000022204
180 1 0 0 7 11 0.000000000 0.999979019 0.000020999
181 1 0 0 7 12 0.000000000 0.999976277 0.000023752
182 1 0 0 8 0 0.000000000 0.999978423 0.000021577
183 1 0 0 8 1 0.000000000 0.999976695 0.000023300
184 1 0 0 8 2 0.000000000 0.999976277 0.000023718
185 1 0 0 8 3 0.000000000 0.999974549 0.000025425
186 1 0 0 8 4 0.000000000 0.999977946 0.000022063
187 1 0 0 8 5 0.000000000 0.999978900 0.000021084
188 1 0 0 8 6 0.000000000 0.999971092 0.000028934
189 1 0 0 8 7 0.000000000 0.999972820 0.000027200
190 1 0 0 8 8 0.000000000 0.109032497 0.890967488
191 1 0 0 8 9 0.000000000 0.999885976 0.000114053
192 1 0 0 8 10 0.000000000 0.999947488 0.000052528
193 1 0 0 8 11 0.000000000 0.999955118 0.000044896
194 1 0 0 8 12 0.000000000 0.999947250 0.000052762
195 1 0 0 9 0 0.000000000 0.999085903 0.000914111
196 1 0 0 9 1 0.000000000 0.999116719 0.000883282
197 1 0 0 9 2 0.000000000 0.997581959 0.002418024
198 1 0 0 9 3 0.000000000 0.999656677 0.000343345
199 1 0 0 9 4 0.000000000 0.999906719 0.000093304
200 1 0 0 9 5 0.000000000 0.999899566 0.000100436
201 1 0 0 9 6 0.000000000 0.999920249 0.000079727
202 1 0 0 9 7 0.000000000 0.999904573 0.000095417
203 1 0 0 9 8 0.000000000 0.999909401 0.000090610
204 1 0 0 9 9 0.000000000 0.526412964 0.473587066
205 1 0 0 9 10 0.000000000 0.071191303 0.928808689
206 1 0 0 9 11 0.000000000 0.459532171 0.540467858
207 1 0 0 9 12 0.000000000 0.358616382 0.641383588
208 1 0 0 10 0 0.000000000 0.073717289 0.926282704
209 1 0 0 10 1 0.000000000 0.020629635 0.979370356
210 1 0 0 10 2 0.000000000 0.050620954 0.949379027
211 1 0 0 10 3 0.000000000 0.966986418 0.033013575
212 1 0 0 10 4 0.000000000 0.993509293 0.006490708
213 1 0 0 10 5 0.000000000 0.993476927 0.006523053
214 1 0 0 10 6 0.000000000 0.995216250 0.004783755
215 1 0 0 10 7 0.000000000 0.995510101 0.004489902
216 1 0 0 10 8 0.000000000 0.995736837 0.004263188
217 1 0 0 10 9 0.000000000 0.072688878 0.927311122
218 1 0 0 10 10 0.000000000 0.530758798 0.469241202
219 1 0 0 10 11 0.000000000 0.001352619 0.998647392
220 1 0 0 10 12 0.000000000 0.001269993 0.998730004
221 1 0 0 11 0 0.000000000 0.144849941 0.855150044
222 1 0 0 11 1 0.000000000 0.222606018 0.777393997
223 1 0 0 11 2 0.000000000 0.202848464 0.797151566
224 1 0 0 11 3 0.000000000 0.676600158 0.323399842
225 1 0 0 11 4 0.000000000 0.751554489 0.248445526
226 1 0 0 11 5 0.000000000 0.733997583 0.266002417
227 1 0 0 11 6 0.000000000 0.648658633 0.351341337
228 1 0 0 11 7 0.000000000 0.667492867 0.332507163
229 1 0 0 11 8 0.000000000 0.667120218 0.332879812
230 1 0 0 11 9 0.000000000 0.001539938 0.998460054
231 1 0 0 11 10 0.000000000 0.003427273 0.996572733
232 1 0 0 11 11 0.000000000 0.870903671 0.129096299
233 1 0 0 11 12 0.000000000 0.837993801 0.162006214
234 1 0 0 12 0 0.000000000 0.549603820 0.450396180
235 1 0 0 12 1 0.000000000 0.476359278 0.523640752
236 1 0 0 12 2 0.000000000 0.475156426 0.524843574
237 1 0 0 12 3 0.000000000 0.495120734 0.504879236
238 1 0 0 12 4 0.000000000 0.430606931 0.569393039
239 1 0 0 12 5 0.000000000 0.428885370 0.571114659
240 1 0 0 12 6 0.000000000 0.529442191 0.470557809
241 1 0 0 12 7 0.000000000 0.520370901 0.479629070
242 1 0 0 12 8 0.000000000 0.504727423 0.495272547
243 1 0 0 12 9 0.000000000 0.516855776 0.483144224
244 1 0 0 12 10 0.000000000 0.519745946 0.480254084
245 1 0 0 12 11 0.000000000 0.872933745 0.127066225
246 1 0 0 12 12 0.000000000 0.868781984 0.131218016
247 1 0 1 0 0 0.000000000 0.000001549 0.999998450
248 1 0 1 0 1 0.000000000 0.000337394 0.999662578
249 1 0 1 0 2 0.000000000 0.000253551 0.999746442
250 1 0 1 0 3 0.000000000 0.000173630 0.999826372
251 1 0 1 0 4 0.000000000 0.000161372 0.999838650
252 1 0 1 0 5 0.000000000 0.000159346 0.999840677
253 1 0 1 0 6 0.000000000 0.000168682 0.999831319
254 1 0 1 0 7 0.000000000 0.000167267 0.999832749
255 1 0 1 0 8 0.000000000 0.000168117 0.999831855
256 1 0 1 0 9 0.000000000 0.000176265 0.999823749
257 1 0 1 0 10 0.000000000 0.000167593 0.999832392
258 1 0 1 0 11 0.000000000 0.000166637 0.999833345
259 1 0 1 0 12 0.000000000 0.000169718 0.999830306
260 1 0 1 1 0 0.000000000 0.000335738 0.999664247
261 1 0 1 1 1 0.000000000 0.000001546 0.999998450
262 1 0 1 1 2 0.000000000 0.000569187 0.999430835
263 1 0 1 1 3 0.000000000 0.000310171 0.999689817
264 1 0 1 1 4 0.000000000 0.000258649 0.999741375
265 1 0 1 1 5 0.000000000 0.000380396 0.999619603
266 1 0 1 1 6 0.000000000 0.000263655 0.999736369
267 1 0 1 1 7 0.000000000 0.000250753 0.999749243
268 1 0 1 1 8 0.000000000 0.000258393 0.999741614
269 1 0 1 1 9 0.000000000 0.000617551 0.999382436
270 1 0 1 1 10 0.000000000 0.000493806 0.999506176
271 1 0 1 1 11 0.000000000 0.000249804 0.999750197
272 1 0 1 1 12 0.000000000 0.001182448 0.998817563
273 1 0 1 2 0 0.000000000 0.000550012 0.999449968
274 1 0 1 2 1 0.000000000 0.000585982 0.999414027
275 1 0 1 2 2 0.000000000 0.000001574 0.999998450
276 1 0 1 2 3 0.000000000 0.158269152 0.841730833
277 1 0 1 2 4 0.000000000 0.158540085 0.841459930
278 1 0 1 2 5 0.000000000 0.158659250 0.841340721
279 1 0 1 2 6 0.000000000 0.158004850 0.841995120
280 1 0 1 2 7 0.000000000 0.157973066 0.842026949
281 1 0 1 2 8 0.000000000 0.158181831 0.841818154
282 1 0 1 2 9 0.000000000 0.110159159 0.889840841
283 1 0 1 2 10 0.000000000 0.072604701 0.927395284
284 1 0 1 2 11 0.000000000 0.041521031 0.958478987
285 1 0 1 2 12 0.000000000 0.124824591 0.875175416
286 1 0 1 3 0 0.000000000 0.690171719 0.309828311
287 1 0 1 3 1 0.000000000 0.689634204 0.310365796
288 1 0 1 3 2 0.000000000 0.696315646 0.303684354
289 1 0 1 3 3 0.000000000 0.000000500 0.999999523
290 1 0 1 3 4 0.000000000 0.999848425 0.000151561
291 1 0 1 3 5 0.000000000 0.999884844 0.000115150
292 1 0 1 3 6 0.000000000 0.999849916 0.000150091
293 1 0 1 3 7 0.000000000 0.999869883 0.000130114
294 1 0 1 3 8 0.000000000 0.999870420 0.000129567
295 1 0 1 3 9 0.000000000 0.999713957 0.000286023
296 1 0 1 3 10 0.000000000 0.999572396 0.000427626
297 1 0 1 3 11 0.000000000 0.999217272 0.000782743
298 1 0 1 3 12 0.000000000 0.999762416 0.000237565
299 1 0 1 4 0 0.000000000 0.999886513 0.000113515
300 1 0 1 4 1 0.000000000 0.999895155 0.000104830
301 1 0 1 4 2 0.000000000 0.999903142 0.000096870
302 1 0 1 4 3 0.000000000 0.999796450 0.000203571
303 1 0 1 4 4 0.000000000 0.000000500 0.999999523
304 1 0 1 4 5 0.000000000 0.999968588 0.000031385
305 1 0 1 4 6 0.000000000 0.999975026 0.000024962
306 1 0 1 4 7 0.000000000 0.999973774 0.000026208
307 1 0 1 4 8 0.000000000 0.999973714 0.000026290
308 1 0 1 4 9 0.000000000 0.999973595 0.000026398
309 1 0 1 4 10 0.000000000 0.999973476 0.000026514
310 1 0 1 4 11 0.000000000 0.999973297 0.000026687
311 1 0 1 4 12 0.000000000 0.999975145 0.000024860
312 1 0 1 5 0 0.000000000 0.999977350 0.000022646
313 1 0 1 5 1 0.000000000 0.999977946 0.000022037
314 1 0 1 5 2 0.000000000 0.999976754 0.000023232
315 1 0 1 5 3 0.000000000 0.999964058 0.000035926
316 1 0 1 5 4 0.000000000 0.999967933 0.000032075
317 1 0 1 5 5 0.000000000 0.000000500 0.999999523
318 1 0 1 5 6 0.000000000 0.999980986 0.000019003
319 1 0 1 5 7 0.000000000 0.999979556 0.000020457
320 1 0 1 5 8 0.000000000 0.999979734 0.000020279
321 1 0 1 5 9 0.000000000 0.999979496 0.000020524
322 1 0 1 5 10 0.000000000 0.999979377 0.000020615
323 1 0 1 5 11 0.000000000 0.999979973 0.000020005
324 1 0 1 5 12 0.000000000 0.999981701 0.000018321
325 1 0 1 6 0 0.000000000 0.999991834 0.000008186
326 1 0 1 6 1 0.000000000 0.999991179 0.000008849
327 1 0 1 6 2 0.000000000 0.999990582 0.000009400
328 1 0 1 6 3 0.000000000 0.999988675 0.000011297
329 1 0 1 6 4 0.000000000 0.999986649 0.000013367
330 1 0 1 6 5 0.000000000 0.999986291 0.000013720
331 1 0 1 6 6 0.000000000 0.000000500 0.999999523
332 1 0 1 6 7 0.000000000 0.999991357 0.000008672
333 1 0 1 6 8 0.000000000 0.999991596 0.000008386
334 1 0 1 6 9 0.000000000 0.999991477 0.000008505
335 1 0 1 6 10 0.000000000 0.999991417 0.000008594
336 1 0 1 6 11 0.000000000 0.999991834 0.000008147
337 1 0 1 6 12 0.000000000 0.999992788 0.000007214
338 1 0 1 7 0 0.000000000 0.999992728 0.000007275
339 1 0 1 7 1 0.000000000 0.999991715 0.000008262
340 1 0 1 7 2 0.000000000 0.999991119 0.000008899
341 1 0 1 7 3 0.000000000 0.999989927 0.000010081
342 1 0 1 7 4 0.000000000 0.999988377 0.000011608
343 1 0 1 7 5 0.000000000 0.999987960 0.000012033
344 1 0 1 7 6 0.000000000 0.999990582 0.000009437
345 1 0 1 7 7 0.000000000 0.000000500 0.999999523
346 1 0 1 7 8 0.000000000 0.999991655 0.000008355
347 1 0 1 7 9 0.000000000 0.999991536 0.000008466
348 1 0 1 7 10 0.000000000 0.999991477 0.000008539
349 1 0 1 7 11 0.000000000 0.999991894 0.000008117
350 1 0 1 7 12 0.000000000 0.999992669 0.000007309
351 1 0 1 8 0 0.000000000 0.999991953 0.000008066
352 1 0 1 8 1 0.000000000 0.999991119 0.000008910
353 1 0 1 8 2 0.000000000 0.999990702 0.000009313
354 1 0 1 8 3 0.000000000 0.999990821 0.000009194
355 1 0 1 8 4 0.000000000 0.999990225 0.000009773
356 1 0 1 8 5 0.000000000 0.999989867 0.000010147
357 1 0 1 8 6 0.000000000 0.999991179 0.000008838
358 1 0 1 8 7 0.000000000 0.999990761 0.000009212
359 1 0 1 8 8 0.000000000 0.000000500 0.999999523
360 1 0 1 8 9 0.000000000 0.842112362 0.157887608
361 1 0 1 8 10 0.000000000 0.925462306 0.074537702
362 1 0 1 8 11 0.000000000 0.999973953 0.000026044
363 1 0 1 8 12 0.000000000 0.999972880 0.000027090
364 1 0 1 9 0 0.000000000 0.459621757 0.540378213
365 1 0 1 9 1 0.000000000 0.460282952 0.539717019
366 1 0 1 9 2 0.000000000 0.458114415 0.541885555
367 1 0 1 9 3 0.000000000 0.999381006 0.000618986
368 1 0 1 9 4 0.000000000 0.999823928 0.000176065
369 1 0 1 9 5 0.000000000 0.999851584 0.000148414
370 1 0 1 9 6 0.000000000 0.999825120 0.000174857
371 1 0 1 9 7 0.000000000 0.999841511 0.000158474
372 1 0 1 9 8 0.000000000 0.999845028 0.000154953
373 1 0 1 9 9 0.000000000 0.000000685 0.999999344
374 1 0 1 9 10 0.000000000 0.000092740 0.999907255
375 1 0 1 9 11 0.000000000 0.002668503 0.997331500
376 1 0 1 9 12 0.000000000 0.293695450 0.706304550
377 1 0 1 10 0 0.000000000 0.000050579 0.999949396
378 1 0 1 10 1 0.000000000 0.000052636 0.999947369
379 1 0 1 10 2 0.000000000 0.000047842 0.999952137
380 1 0 1 10 3 0.000000000 0.000858001 0.999141991
381 1 0 1 10 4 0.000000000 0.001459680 0.998540342
382 1 0 1 10 5 0.000000000 0.001606199 0.998393774
383 1 0 1 10 6 0.000000000 0.001118950 0.998881042
384 1 0 1 10 7 0.000000000 0.001168273 0.998831749
385 1 0 1 10 8 0.000000000 0.001290329 0.998709679
386 1 0 1 10 9 0.000000000 0.000017191 0.999982834
387 1 0 1 10 10 0.000000000 0.000000950 0.999999046
388 1 0 1 10 11 0.000000000 0.000002973 0.999997020
389 1 0 1 10 12 0.000000000 0.000003427 0.999996603
390 1 0 1 11 0 0.000000000 0.000033798 0.999966204
391 1 0 1 11 1 0.000000000 0.000033717 0.999966264
392 1 0 1 11 2 0.000000000 0.000033575 0.999966443
393 1 0 1 11 3 0.000000000 0.000006130 0.999993861
394 1 0 1 11 4 0.000000000 0.000004916 0.999995112
395 1 0 1 11 5 0.000000000 0.000004789 0.999995232
396 1 0 1 11 6 0.000000000 0.000004471 0.999995530
397 1 0 1 11 7 0.000000000 0.000004206 0.999995768
398 1 0 1 11 8 0.000000000 0.000005507 0.999994516
399 1 0 1 11 9 0.000000000 0.000005461 0.999994516
400 1 0 1 11 10 0.000000000 0.000005174 0.999994814
401 1 0 1 11 11 0.000000000 0.000001452 0.999998569
402 1 0 1 11 12 0.000000000 0.000001452 0.999998569
403 1 0 1 12 0 0.000000000 0.194138870 0.805861115
404 1 0 1 12 1 0.000000000 0.189276144 0.810723841
405 1 0 1 12 2 0.000000000 0.189936221 0.810063779
406 1 0 1 12 3 0.000000000 0.013144927 0.986855090
407 1 0 1 12 4 0.000000000 0.007784131 0.992215872
408 1 0 1 12 5 0.000000000 0.007865127 0.992134869
409 1 0 1 12 6 0.000000000 0.005769370 0.994230628
410 1 0 1 12 7 0.000000000 0.005769370 0.994230628
411 1 0 1 12 8 0.000000000 0.006811030 0.993188977
412 1 0 1 12 9 0.000000000 0.006904101 0.993095875
413 1 0 1 12 10 0.000000000 0.006434861 0.993565142
414 1 0 1 12 11 0.000000000 0.005769370 0.994230628
415 1 0 1 12 12 0.000000000 0.005769370 0.994230628
416 1 0 2 0 0 0.000001033 0.000004461 0.999994516
417 1 0 2 0 1 0.999985397 0.000001033 0.000013565
418 1 0 2 0 2 0.999985397 0.000001033 0.000013548
419 1 0 2 0 3 0.999978721 0.000001146 0.000020158
420 1 0 2 0 4 0.999978662 0.000001148 0.000020176
421 1 0 2 0 5 0.999978662 0.000001148 0.000020177
422 1 0 2 0 6 0.999978721 0.000001154 0.000020154
423 1 0 2 0 7 0.999978721 0.000001154 0.000020153
424 1 0 2 0 8 0.999978185 0.000001090 0.000020732
425 1 0 2 0 9 0.999978125 0.000001080 0.000020823
426 1 0 2 0 10 0.999978185 0.000001091 0.000020721
427 1 0 2 0 11 0.999978364 0.000001112 0.000020531
428 1 0 2 0 12 0.999978423 0.000001117 0.000020488
429 1 0 2 1 0 0.999984622 0.000001031 0.000014326
430 1 0 2 1 1 0.000001031 0.000004439 0.999994516
431 1 0 2 1 2 0.999979317 0.000009474 0.000011234
432 1 0 2 1 3 0.999976754 0.000003876 0.000019379
433 1 0 2 1 4 0.999976754 0.000003843 0.000019411
434 1 0 2 1 5 0.999976754 0.000003837 0.000019415
435 1 0 2 1 6 0.999976814 0.000003809 0.000019395
436 1 0 2 1 7 0.999976814 0.000003800 0.000019395
437 1 0 2 1 8 0.999975979 0.000004086 0.000019946
438 1 0 2 1 9 0.999975860 0.000004126 0.000020032
439 1 0 2 1 10 0.999975979 0.000004071 0.000019935
440 1 0 2 1 11 0.999976277 0.000003961 0.000019755
441 1 0 2 1 12 0.999976337 0.000003947 0.000019714
442 1 0 2 2 0 0.999978364 0.000010117 0.000011509
443 1 0 2 2 1 0.999978781 0.000009704 0.000011498
444 1 0 2 2 2 0.000001049 0.000004519 0.999994457
445 1 0 2 2 3 0.999966383 0.000018148 0.000015449
446 1 0 2 2 4 0.999965668 0.000018186 0.000016149
447 1 0 2 2 5 0.999965250 0.000018275 0.000016448
448 1 0 2 2 6 0.999965668 0.000017931 0.000016416
449 1 0 2 2 7 0.999965310 0.000017932 0.000016768
450 1 0 2 2 8 0.999964893 0.000018405 0.000016693
451 1 0 2 2 9 0.999965310 0.000018463 0.000016229
452 1 0 2 2 10 0.999966025 0.000018320 0.000015655
453 1 0 2 2 11 0.999966145 0.000018033 0.000015840
454 1 0 2 2 12 0.999966264 0.000017856 0.000015895
455 1 0 2 3 0 0.956567645 0.032273553 0.011158817
456 1 0 2 3 1 0.949626267 0.036216341 0.014157414
457 1 0 2 3 2 0.969382584 0.013349175 0.017268216
458 1 0 2 3 3 0.000000333 0.000001435 0.999998212
459 1 0 2 3 4 0.934887111 0.050906446 0.014206412
460 1 0 2 3 5 0.937404037 0.047057979 0.015537957
461 1 0 2 3 6 0.950986147 0.030052083 0.018961770
462 1 0 2 3 7 0.934029520 0.043506894 0.022463562
463 1 0 2 3 8 0.936893404 0.042941961 0.020164607
464 1 0 2 3 9 0.932353914 0.050273456 0.017372636
465 1 0 2 3 10 0.939275444 0.039717235 0.021007311
466 1 0 2 3 11 0.933166146 0.039248578 0.027585283
467 1 0 2 3 12 0.942903578 0.036696084 0.020400314
468 1 0 2 4 0 0.921994805 0.053914506 0.024090679
469 1 0 2 4 1 0.888872147 0.093219332 0.017908534
470 1 0 2 4 2 0.900663078 0.081564792 0.017772101
471 1 0 2 4 3 0.945421100 0.043116000 0.011462918
472 1 0 2 4 4 0.000000333 0.000001433 0.999998212
473 1 0 2 4 5 0.894949436 0.077903777 0.027146783
474 1 0 2 4 6 0.893868744 0.081813097 0.024318159
475 1 0 2 4 7 0.905076206 0.069747455 0.025176350
476 1 0 2 4 8 0.901740432 0.071855359 0.026404191
477 1 0 2 4 9 0.907687962 0.067455128 0.024856893
478 1 0 2 4 10 0.886410892 0.088080585 0.025508519
479 1 0 2 4 11 0.892547727 0.080648139 0.026804114
480 1 0 2 4 12 0.915269136 0.064518169 0.020212712
481 1 0 2 5 0 0.862992227 0.113483727 0.023524037
482 1 0 2 5 1 0.878772795 0.101119347 0.020107867
483 1 0 2 5 2 0.891547918 0.088958770 0.019493330
484 1 0 2 5 3 0.937806904 0.050084256 0.012108862
485 1 0 2 5 4 0.902837574 0.073007941 0.024154468
486 1 0 2 5 5 0.000000333 0.000001432 0.999998212
487 1 0 2 5 6 0.872258961 0.102364250 0.025376793
488 1 0 2 5 7 0.862420022 0.111703582 0.025876371
489 1 0 2 5 8 0.861086786 0.112059534 0.026853675
490 1 0 2 5 9 0.857802570 0.117425375 0.024772076
491 1 0 2 5 10 0.849173784 0.124961950 0.025864290
492 1 0 2 5 11 0.863046348 0.109982431 0.026971197
493 1 0 2 5 12 0.876113713 0.104149260 0.019736996
494 1 0 2 6 0 0.849614263 0.124509387 0.025876341
495 1 0 2 6 1 0.870950937 0.107165940 0.021883145
496 1 0 2 6 2 0.883244812 0.095644549 0.021110669
497 1 0 2 6 3 0.933424294 0.053598676 0.012977058
498 1 0 2 6 4 0.875689864 0.098715603 0.025594514
499 1 0 2 6 5 0.859246850 0.111789584 0.028963588
500 1 0 2 6 6 0.000000333 0.000000967 0.999998689
501 1 0 2 6 7 0.857862473 0.115288779 0.026848763
502 1 0 2 6 8 0.857038498 0.115249962 0.027711540
503 1 0 2 6 9 0.853727639 0.120674022 0.025598323
504 1 0 2 6 10 0.844738066 0.128559753 0.026702201
505 1 0 2 6 11 0.857967854 0.114101291 0.027930835
506 1 0 2 6 12 0.871356845 0.108152524 0.020490633
507 1 0 2 7 0 0.848396778 0.125503451 0.026099775
508 1 0 2 7 1 0.869044065 0.108634621 0.022321310
509 1 0 2 7 2 0.834327519 0.144652978 0.021019509
510 1 0 2 7 3 0.930822790 0.055692513 0.013484681
511 1 0 2 7 4 0.872478604 0.101173624 0.026347760
512 1 0 2 7 5 0.855966926 0.114266090 0.029766964
513 1 0 2 7 6 0.867852747 0.105763569 0.026383713
514 1 0 2 7 7 0.000000333 0.000000949 0.999998689
515 1 0 2 7 8 0.648836195 0.327908248 0.023255575
516 1 0 2 7 9 0.666084647 0.310653389 0.023261944
517 1 0 2 7 10 0.680623114 0.297020137 0.022356777
518 1 0 2 7 11 0.695638120 0.284384310 0.019977549
519 1 0 2 7 12 0.741783857 0.243440419 0.014775741
520 1 0 2 8 0 0.558940470 0.422890633 0.018168917
521 1 0 2 8 1 0.543634534 0.427789778 0.028575657
522 1 0 2 8 2 0.514283776 0.460070103 0.025646094
523 1 0 2 8 3 0.644282103 0.323650241 0.032067649
524 1 0 2 8 4 0.615438938 0.357603908 0.026957164
525 1 0 2 8 5 0.637139678 0.339393467 0.023466855
526 1 0 2 8 6 0.628134966 0.346826047 0.025038995
527 1 0 2 8 7 0.640528142 0.336212248 0.023259602
528 1 0 2 8 8 0.000000333 0.000000931 0.999998748
529 1 0 2 8 9 0.339814961 0.634585619 0.025599433
530 1 0 2 8 10 0.424823970 0.553336978 0.021839062
531 1 0 2 8 11 0.443821818 0.540737987 0.015440182
532 1 0 2 8 12 0.452962935 0.532342553 0.014694517
533 1 0 2 9 0 0.021368871 0.959126115 0.019505011
534 1 0 2 9 1 0.022883397 0.950657308 0.026459277
535 1 0 2 9 2 0.026227517 0.946037471 0.027735023
536 1 0 2 9 3 0.101004742 0.818719566 0.080275714
537 1 0 2 9 4 0.362761170 0.604750931 0.032487907
538 1 0 2 9 5 0.385351777 0.592409074 0.022239143
539 1 0 2 9 6 0.346862525 0.624194920 0.028942565
540 1 0 2 9 7 0.364958972 0.610944152 0.024096863
541 1 0 2 9 8 0.357100368 0.619790137 0.023109479
542 1 0 2 9 9 0.000000457 0.000001247 0.999998271
543 1 0 2 9 10 0.000031797 0.999682724 0.000285485
544 1 0 2 9 11 0.000123323 0.999660909 0.000215791
545 1 0 2 9 12 0.000104578 0.999676347 0.000219080
546 1 0 2 10 0 0.000039382 0.999857366 0.000103227
547 1 0 2 10 1 0.000037305 0.999832511 0.000130167
548 1 0 2 10 2 0.000026348 0.999807179 0.000166467
549 1 0 2 10 3 0.000087740 0.999708891 0.000203381
550 1 0 2 10 4 0.000404500 0.999182761 0.000412719
551 1 0 2 10 5 0.000542534 0.998949647 0.000507790
552 1 0 2 10 6 0.000533229 0.998925745 0.000541054
553 1 0 2 10 7 0.000438502 0.999031365 0.000530149
554 1 0 2 10 8 0.000450365 0.998981059 0.000568586
555 1 0 2 10 9 0.000027356 0.999766827 0.000205792
556 1 0 2 10 10 0.000000633 0.000001680 0.999997675
557 1 0 2 10 11 0.000008208 0.363271475 0.636720300
558 1 0 2 10 12 0.000008212 0.917815983 0.082175821
559 1 0 2 11 0 0.000013999 0.009276441 0.990709543
560 1 0 2 11 1 0.000012462 0.001961586 0.998025954
561 1 0 2 11 2 0.000012462 0.011330530 0.988656998
562 1 0 2 11 3 0.000012400 0.998112738 0.001874850
563 1 0 2 11 4 0.000012400 0.999472678 0.000514936
564 1 0 2 11 5 0.000014300 0.999591053 0.000394674
565 1 0 2 11 6 0.000012400 0.999401987 0.000585601
566 1 0 2 11 7 0.000012400 0.999480069 0.000507558
567 1 0 2 11 8 0.000012501 0.999478459 0.000509020
568 1 0 2 11 9 0.000012532 0.621641397 0.378346056
569 1 0 2 11 10 0.000012498 0.306832373 0.693155110
570 1 0 2 11 11 0.000000968 0.000002526 0.999996483
571 1 0 2 11 12 0.000000968 0.000003785 0.999995232
572 1 0 2 12 0 0.003846247 0.047229890 0.948923886
573 1 0 2 12 1 0.003846247 0.022424765 0.973729014
574 1 0 2 12 2 0.003846247 0.016108172 0.980045557
575 1 0 2 12 3 0.003846247 0.015872836 0.980280936
576 1 0 2 12 4 0.003846247 0.017787082 0.978366673
577 1 0 2 12 5 0.003846247 0.026274543 0.969879210
578 1 0 2 12 6 0.003846247 0.016139749 0.980014026
579 1 0 2 12 7 0.003846247 0.018104300 0.978049457
580 1 0 2 12 8 0.003846247 0.021381842 0.974771917
581 1 0 2 12 9 0.003846247 0.015859986 0.980293751
582 1 0 2 12 10 0.003846247 0.015861364 0.980292380
583 1 0 2 12 11 0.003846247 0.015861820 0.980291903
584 1 0 2 12 12 0.003846247 0.010530437 0.985623300
585 1 0 3 0 0 0.000000494 0.000000494 0.999998987
586 1 0 3 0 1 0.999985814 0.000007085 0.000007085
587 1 0 3 0 2 0.999970376 0.000014802 0.000014802
588 1 0 3 0 3 0.999999166 0.000000403 0.000000403
589 1 0 3 0 4 0.999999225 0.000000390 0.000000390
590 1 0 3 0 5 0.999999225 0.000000394 0.000000394
591 1 0 3 0 6 0.999999225 0.000000396 0.000000396
592 1 0 3 0 7 0.999999225 0.000000394 0.000000394
593 1 0 3 0 8 0.999999225 0.000000396 0.000000396
594 1 0 3 0 9 0.999997497 0.000001249 0.000001249
595 1 0 3 0 10 0.999997675 0.000001165 0.000001165
596 1 0 3 0 11 0.999998748 0.000000628 0.000000628
597 1 0 3 0 12 0.999998331 0.000000835 0.000000835
598 1 0 3 1 0 0.999982893 0.000001739 0.000015338
599 1 0 3 1 1 0.000000515 0.000000515 0.999998987
600 1 0 3 1 2 0.999963880 0.000002654 0.000033478
601 1 0 3 1 3 0.999995708 0.000000317 0.000003999
602 1 0 3 1 4 0.999995768 0.000000310 0.000003910
603 1 0 3 1 5 0.999995768 0.000000313 0.000003949
604 1 0 3 1 6 0.999995708 0.000000313 0.000003955
605 1 0 3 1 7 0.999995768 0.000000312 0.000003939
606 1 0 3 1 8 0.999995708 0.000000314 0.000003963
607 1 0 3 1 9 0.999990880 0.000000671 0.000008468
608 1 0 3 1 10 0.999991119 0.000000653 0.000008236
609 1 0 3 1 11 0.999993682 0.000000463 0.000005838
610 1 0 3 1 12 0.999992609 0.000000544 0.000006864
611 1 0 3 2 0 0.999953628 0.000003023 0.000043354
612 1 0 3 2 1 0.999861956 0.000008147 0.000129899
613 1 0 3 2 2 0.000000531 0.000000531 0.999998927
614 1 0 3 2 3 0.999992788 0.000000654 0.000006538
615 1 0 3 2 4 0.999993384 0.000000653 0.000005935
616 1 0 3 2 5 0.999993086 0.000000660 0.000006279
617 1 0 3 2 6 0.999992967 0.000000913 0.000006128
618 1 0 3 2 7 0.999993086 0.000000921 0.000005985
619 1 0 3 2 8 0.999993026 0.000000937 0.000006010
620 1 0 3 2 9 0.999958575 0.000001893 0.000039534
621 1 0 3 2 10 0.999970794 0.000001986 0.000027221
622 1 0 3 2 11 0.999988198 0.000001575 0.000010236
623 1 0 3 2 12 0.999958158 0.000001579 0.000040281
624 1 0 3 3 0 0.999996483 0.000000326 0.000003189
625 1 0 3 3 1 0.999996662 0.000000314 0.000003025
626 1 0 3 3 2 0.999877453 0.000019236 0.000103305
627 1 0 3 3 3 0.000001277 0.000001277 0.999997437
628 1 0 3 3 4 0.967380166 0.031022342 0.001597472
629 1 0 3 3 5 0.954592705 0.044042330 0.001364935
630 1 0 3 3 6 0.971849859 0.025205968 0.002944199
631 1 0 3 3 7 0.968829691 0.029130340 0.002039950
632 1 0 3 3 8 0.966498554 0.031944636 0.001556817
633 1 0 3 3 9 0.971724451 0.017453166 0.010822376
634 1 0 3 3 10 0.971163630 0.015685400 0.013150990
635 1 0 3 3 11 0.901350915 0.086622439 0.012026634
636 1 0 3 3 12 0.875874877 0.081415430 0.042709664
637 1 0 3 4 0 0.948911905 0.030438602 0.020649476
638 1 0 3 4 1 0.942746222 0.030611524 0.026642280
639 1 0 3 4 2 0.960063577 0.024645817 0.015290624
640 1 0 3 4 3 0.986185551 0.012295723 0.001518726
641 1 0 3 4 4 0.000002197 0.000002197 0.999995589
642 1 0 3 4 5 0.955146015 0.043472428 0.001381586
643 1 0 3 4 6 0.972118676 0.024940837 0.002940475
644 1 0 3 4 7 0.969093800 0.028859269 0.002046929
645 1 0 3 4 8 0.966779470 0.031654309 0.001566211
646 1 0 3 4 9 0.968721271 0.017839720 0.013438984
647 1 0 3 4 10 0.960179985 0.022076918 0.017743109
648 1 0 3 4 11 0.851493776 0.114322416 0.034183808
649 1 0 3 4 12 0.860028148 0.096857220 0.043114647
650 1 0 3 5 0 0.939609945 0.040592842 0.019797191
651 1 0 3 5 1 0.939785182 0.034275953 0.025938844
652 1 0 3 5 2 0.956755221 0.024326194 0.018918565
653 1 0 3 5 3 0.986319184 0.012184178 0.001496623
654 1 0 3 5 4 0.967729807 0.030661441 0.001608742
655 1 0 3 5 5 0.000002686 0.000002686 0.999994636
656 1 0 3 5 6 0.919657350 0.077528618 0.002814014
657 1 0 3 5 7 0.923923910 0.074196681 0.001879390
658 1 0 3 5 8 0.916834474 0.081644155 0.001521356
659 1 0 3 5 9 0.847553134 0.127484709 0.024962172
660 1 0 3 5 10 0.849642515 0.126941070 0.023416400
661 1 0 3 5 11 0.801509321 0.168100953 0.030389722
662 1 0 3 5 12 0.821083724 0.140754759 0.038161494
663 1 0 3 6 0 0.827069581 0.150003389 0.022927020
664 1 0 3 6 1 0.823132098 0.153790206 0.023077717
665 1 0 3 6 2 0.821176887 0.153518587 0.025304545
666 1 0 3 6 3 0.974624574 0.023911303 0.001464133
667 1 0 3 6 4 0.918526947 0.079705335 0.001767692
668 1 0 3 6 5 0.920380235 0.078383557 0.001236226
669 1 0 3 6 6 0.000001237 0.000001237 0.999997497
670 1 0 3 6 7 0.823586404 0.174391106 0.002022520
671 1 0 3 6 8 0.819079936 0.178875312 0.002044735
672 1 0 3 6 9 0.759589255 0.211461619 0.028949119
673 1 0 3 6 10 0.761363983 0.211484551 0.027151443
674 1 0 3 6 11 0.732396126 0.241255254 0.026348643
675 1 0 3 6 12 0.757510900 0.210180342 0.032308746
676 1 0 3 7 0 0.784562767 0.190913752 0.024523472
677 1 0 3 7 1 0.781306684 0.194630072 0.024063269
678 1 0 3 7 2 0.772956014 0.198791012 0.028252939
679 1 0 3 7 3 0.888381481 0.110183150 0.001435380
680 1 0 3 7 4 0.830883682 0.167191893 0.001924435
681 1 0 3 7 5 0.831526518 0.167283148 0.001190347
682 1 0 3 7 6 0.826230705 0.171074674 0.002694653
683 1 0 3 7 7 0.000001328 0.000001328 0.999997318
684 1 0 3 7 8 0.786598146 0.210781038 0.002620834
685 1 0 3 7 9 0.730667889 0.239520103 0.029812006
686 1 0 3 7 10 0.731583178 0.240522712 0.027894106
687 1 0 3 7 11 0.710264087 0.264769763 0.024966132
688 1 0 3 7 12 0.739137650 0.230411395 0.030450935
689 1 0 3 8 0 0.734277487 0.238531709 0.027190797
690 1 0 3 8 1 0.736738741 0.237215370 0.026045907
691 1 0 3 8 2 0.717622817 0.250188679 0.032188497
692 1 0 3 8 3 0.834621489 0.163906053 0.001472472
693 1 0 3 8 4 0.786225498 0.211779460 0.001995066
694 1 0 3 8 5 0.783232570 0.215416685 0.001350746
695 1 0 3 8 6 0.788635075 0.208639234 0.002725676
696 1 0 3 8 7 0.786908627 0.210486412 0.002604966
697 1 0 3 8 8 0.000001527 0.000001527 0.999996960
698 1 0 3 8 9 0.005900882 0.993952394 0.000146699
699 1 0 3 8 10 0.013147902 0.986700058 0.000152049
700 1 0 3 8 11 0.654332995 0.320762485 0.024904504
701 1 0 3 8 12 0.661336303 0.311342984 0.027320705
702 1 0 3 9 0 0.000184264 0.999787450 0.000028289
703 1 0 3 9 1 0.000184530 0.999777615 0.000037850
704 1 0 3 9 2 0.000160974 0.999812424 0.000026628
705 1 0 3 9 3 0.399322391 0.587760866 0.012916770
706 1 0 3 9 4 0.629580557 0.367560923 0.002858542
707 1 0 3 9 5 0.641742587 0.355155528 0.003101914
708 1 0 3 9 6 0.604623795 0.389318287 0.006057939
709 1 0 3 9 7 0.616055906 0.375791997 0.008152102
710 1 0 3 9 8 0.624784887 0.368223786 0.006991324
711 1 0 3 9 9 0.000000317 0.000000317 0.999999344
712 1 0 3 9 10 0.000021469 0.999410629 0.000567930
713 1 0 3 9 11 0.000009206 0.999952674 0.000038101
714 1 0 3 9 12 0.000005576 0.999953151 0.000041290
715 1 0 3 10 0 0.000081989 0.999438763 0.000479267
716 1 0 3 10 1 0.000216337 0.997762024 0.002021646
717 1 0 3 10 2 0.000067419 0.998677433 0.001255127
718 1 0 3 10 3 0.000005763 0.999967039 0.000027202
719 1 0 3 10 4 0.000017278 0.999966443 0.000016298
720 1 0 3 10 5 0.000023905 0.999960065 0.000016043
721 1 0 3 10 6 0.000001660 0.999982417 0.000015947
722 1 0 3 10 7 0.000002671 0.999982953 0.000014374
723 1 0 3 10 8 0.000002913 0.999983668 0.000013442
724 1 0 3 10 9 0.000025625 0.999746442 0.000227928
725 1 0 3 10 10 0.000000314 0.000000314 0.999999344
726 1 0 3 10 11 0.000163249 0.043186549 0.956650198
727 1 0 3 10 12 0.000167413 0.233859226 0.765973389
728 1 0 3 11 0 0.000002213 0.000105942 0.999891818
729 1 0 3 11 1 0.000001443 0.000080980 0.999917567
730 1 0 3 11 2 0.000001583 0.000070669 0.999927759
731 1 0 3 11 3 0.000000463 0.998380065 0.001619444
732 1 0 3 11 4 0.000000416 0.999801576 0.000197979
733 1 0 3 11 5 0.000000426 0.999904037 0.000095522
734 1 0 3 11 6 0.000000415 0.999327242 0.000672327
735 1 0 3 11 7 0.000000401 0.999567747 0.000431876
736 1 0 3 11 8 0.000000398 0.999659598 0.000340003
737 1 0 3 11 9 0.000171150 0.113819554 0.886009276
738 1 0 3 11 10 0.000074480 0.099856913 0.900068581
739 1 0 3 11 11 0.000000246 0.000000246 0.999999523
740 1 0 3 11 12 0.000000256 0.000000256 0.999999464
741 1 0 3 12 0 0.000002087 0.000001733 0.999996185
742 1 0 3 12 1 0.000002473 0.000002033 0.999995470
743 1 0 3 12 2 0.000002489 0.000002042 0.999995470
744 1 0 3 12 3 0.000001772 0.942523181 0.057475030
745 1 0 3 12 4 0.000002037 0.959155798 0.040842142
746 1 0 3 12 5 0.000002045 0.966270864 0.033727072
747 1 0 3 12 6 0.000001410 0.967128694 0.032869916
748 1 0 3 12 7 0.000001434 0.969847441 0.030151140
749 1 0 3 12 8 0.000001479 0.971928179 0.028070372
750 1 0 3 12 9 0.000001444 0.000071098 0.999927461
751 1 0 3 12 10 0.000001436 0.000001436 0.999997139
752 1 0 3 12 11 0.000000855 0.000000855 0.999998271
753 1 0 3 12 12 0.000000859 0.000000859 0.999998271
754 1 0 4 0 0 0.000000873 0.999999106 0.000000000
755 1 0 4 0 1 0.999999583 0.000000417 0.000000000
756 1 0 4 0 2 0.999999583 0.000000408 0.000000000
757 1 0 4 0 3 0.999998808 0.000001190 0.000000000
758 1 0 4 0 4 0.999998748 0.000001273 0.000000000
759 1 0 4 0 5 0.999998748 0.000001249 0.000000000
760 1 0 4 0 6 0.999998748 0.000001231 0.000000000
761 1 0 4 0 7 0.999998748 0.000001247 0.000000000
762 1 0 4 0 8 0.999998748 0.000001231 0.000000000
763 1 0 4 0 9 0.999999464 0.000000510 0.000000000
764 1 0 4 0 10 0.999999464 0.000000520 0.000000000
765 1 0 4 0 11 0.999999285 0.000000698 0.000000000
766 1 0 4 0 12 0.999999404 0.000000589 0.000000000
767 1 0 4 1 0 0.999999583 0.000000417 0.000000000
768 1 0 4 1 1 0.000000671 0.999999344 0.000000000
769 1 0 4 1 2 0.999999583 0.000000395 0.000000000
770 1 0 4 1 3 0.999998510 0.000001496 0.000000000
771 1 0 4 1 4 0.999998391 0.000001610 0.000000000
772 1 0 4 1 5 0.999998450 0.000001558 0.000000000
773 1 0 4 1 6 0.999998450 0.000001554 0.000000000
774 1 0 4 1 7 0.999998450 0.000001575 0.000000000
775 1 0 4 1 8 0.999998450 0.000001544 0.000000000
776 1 0 4 1 9 0.999999404 0.000000571 0.000000000
777 1 0 4 1 10 0.999999404 0.000000580 0.000000000
778 1 0 4 1 11 0.999999225 0.000000761 0.000000000
779 1 0 4 1 12 0.999999046 0.000000957 0.000000000
780 1 0 4 2 0 0.999999583 0.000000402 0.000000000
781 1 0 4 2 1 0.999999642 0.000000381 0.000000000
782 1 0 4 2 2 0.000000688 0.999999285 0.000000000
783 1 0 4 2 3 0.999989033 0.000010944 0.000000000
784 1 0 4 2 4 0.999989152 0.000010839 0.000000000
785 1 0 4 2 5 0.999989569 0.000010403 0.000000000
786 1 0 4 2 6 0.999989390 0.000010630 0.000000000
787 1 0 4 2 7 0.999989331 0.000010665 0.000000000
788 1 0 4 2 8 0.999989450 0.000010531 0.000000000
789 1 0 4 2 9 0.999995649 0.000004376 0.000000000
790 1 0 4 2 10 0.999995768 0.000004235 0.000000000
791 1 0 4 2 11 0.999995112 0.000004896 0.000000000
792 1 0 4 2 12 0.999994695 0.000005321 0.000000000
793 1 0 4 3 0 0.997622728 0.002377294 0.000000000
794 1 0 4 3 1 0.997695565 0.002304440 0.000000000
795 1 0 4 3 2 0.996509075 0.003490940 0.000000000
796 1 0 4 3 3 0.000000290 0.999999702 0.000000000
797 1 0 4 3 4 0.961834788 0.038165201 0.000000000
798 1 0 4 3 5 0.972737134 0.027262885 0.000000000
799 1 0 4 3 6 0.968183815 0.031816207 0.000000000
800 1 0 4 3 7 0.969408810 0.030591212 0.000000000
801 1 0 4 3 8 0.969136477 0.030863520 0.000000000
802 1 0 4 3 9 0.974201143 0.025798863 0.000000000
803 1 0 4 3 10 0.971439779 0.028560232 0.000000000
804 1 0 4 3 11 0.955484092 0.044515930 0.000000000
805 1 0 4 3 12 0.943044960 0.056955066 0.000000000
806 1 0 4 4 0 0.948220611 0.051779397 0.000000000
807 1 0 4 4 1 0.938561559 0.061438441 0.000000000
808 1 0 4 4 2 0.883556604 0.116443403 0.000000000
809 1 0 4 4 3 0.953320503 0.046679493 0.000000000
810 1 0 4 4 4 0.000000270 0.999999702 0.000000000
811 1 0 4 4 5 0.645777106 0.354222894 0.000000000
812 1 0 4 4 6 0.506098270 0.493901700 0.000000000
813 1 0 4 4 7 0.644581735 0.355418265 0.000000000
814 1 0 4 4 8 0.623796165 0.376203865 0.000000000
815 1 0 4 4 9 0.675814569 0.324185431 0.000000000
816 1 0 4 4 10 0.626060128 0.373939872 0.000000000
817 1 0 4 4 11 0.574053168 0.425946832 0.000000000
818 1 0 4 4 12 0.620451927 0.379548073 0.000000000
819 1 0 4 5 0 0.375070065 0.624929965 0.000000000
820 1 0 4 5 1 0.411256820 0.588743210 0.000000000
821 1 0 4 5 2 0.404969633 0.595030367 0.000000000
822 1 0 4 5 3 0.514005721 0.485994279 0.000000000
823 1 0 4 5 4 0.523468196 0.476531804 0.000000000
824 1 0 4 5 5 0.000000266 0.999999762 0.000000000
825 1 0 4 5 6 0.331691533 0.668308496 0.000000000
826 1 0 4 5 7 0.327665776 0.672334254 0.000000000
827 1 0 4 5 8 0.328259438 0.671740532 0.000000000
828 1 0 4 5 9 0.328245699 0.671754301 0.000000000
829 1 0 4 5 10 0.323515981 0.676483989 0.000000000
830 1 0 4 5 11 0.319243759 0.680756211 0.000000000
831 1 0 4 5 12 0.330106825 0.669893146 0.000000000
832 1 0 4 6 0 0.388102204 0.611897826 0.000000000
833 1 0 4 6 1 0.421440989 0.578558981 0.000000000
834 1 0 4 6 2 0.416008055 0.583991945 0.000000000
835 1 0 4 6 3 0.356706500 0.643293500 0.000000000
836 1 0 4 6 4 0.329470485 0.670529544 0.000000000
837 1 0 4 6 5 0.330213845 0.669786155 0.000000000
838 1 0 4 6 6 0.000000289 0.999999702 0.000000000
839 1 0 4 6 7 0.309715688 0.690284312 0.000000000
840 1 0 4 6 8 0.305475801 0.694524229 0.000000000
841 1 0 4 6 9 0.305194378 0.694805622 0.000000000
842 1 0 4 6 10 0.302093506 0.697906494 0.000000000
843 1 0 4 6 11 0.300088078 0.699911952 0.000000000
844 1 0 4 6 12 0.302685797 0.697314203 0.000000000
845 1 0 4 7 0 0.354279935 0.645720065 0.000000000
846 1 0 4 7 1 0.391463578 0.608536422 0.000000000
847 1 0 4 7 2 0.391326964 0.608673036 0.000000000
848 1 0 4 7 3 0.339490741 0.660509229 0.000000000
849 1 0 4 7 4 0.312503904 0.687496126 0.000000000
850 1 0 4 7 5 0.314427882 0.685572088 0.000000000
851 1 0 4 7 6 0.312430859 0.687569141 0.000000000
852 1 0 4 7 7 0.000000286 0.999999702 0.000000000
853 1 0 4 7 8 0.310273916 0.689726114 0.000000000
854 1 0 4 7 9 0.308752805 0.691247165 0.000000000
855 1 0 4 7 10 0.304754555 0.695245445 0.000000000
856 1 0 4 7 11 0.299767286 0.700232685 0.000000000
857 1 0 4 7 12 0.303147942 0.696852028 0.000000000
858 1 0 4 8 0 0.326768488 0.673231483 0.000000000
859 1 0 4 8 1 0.369835377 0.630164623 0.000000000
860 1 0 4 8 2 0.373284817 0.626715183 0.000000000
861 1 0 4 8 3 0.316016048 0.683983982 0.000000000
862 1 0 4 8 4 0.280733109 0.719266891 0.000000000
863 1 0 4 8 5 0.283092439 0.716907561 0.000000000
864 1 0 4 8 6 0.298579216 0.701420784 0.000000000
865 1 0 4 8 7 0.289745003 0.710254967 0.000000000
866 1 0 4 8 8 0.000000280 0.999999702 0.000000000
867 1 0 4 8 9 0.645346045 0.354653984 0.000000000
868 1 0 4 8 10 0.318256676 0.681743324 0.000000000
869 1 0 4 8 11 0.297416747 0.702583253 0.000000000
870 1 0 4 8 12 0.305728525 0.694271445 0.000000000
871 1 0 4 9 0 0.906438470 0.093561500 0.000000000
872 1 0 4 9 1 0.937651634 0.062348373 0.000000000
873 1 0 4 9 2 0.866713583 0.133286417 0.000000000
874 1 0 4 9 3 0.874985754 0.125014231 0.000000000
875 1 0 4 9 4 0.690529168 0.309470832 0.000000000
876 1 0 4 9 5 0.735496819 0.264503181 0.000000000
877 1 0 4 9 6 0.462534815 0.537465215 0.000000000
878 1 0 4 9 7 0.589186728 0.410813272 0.000000000
879 1 0 4 9 8 0.582400203 0.417599797 0.000000000
880 1 0 4 9 9 0.000000528 0.999999464 0.000000000
881 1 0 4 9 10 0.628856480 0.371143520 0.000000000
882 1 0 4 9 11 0.854668796 0.145331204 0.000000000
883 1 0 4 9 12 0.790182531 0.209817454 0.000000000
884 1 0 4 10 0 0.565233886 0.434766144 0.000000000
885 1 0 4 10 1 0.549785435 0.450214565 0.000000000
886 1 0 4 10 2 0.560548544 0.439451456 0.000000000
887 1 0 4 10 3 0.953097224 0.046902761 0.000000000
888 1 0 4 10 4 0.939427137 0.060572866 0.000000000
889 1 0 4 10 5 0.935211360 0.064788654 0.000000000
890 1 0 4 10 6 0.908919334 0.091080666 0.000000000
891 1 0 4 10 7 0.912697434 0.087302543 0.000000000
892 1 0 4 10 8 0.916051209 0.083948798 0.000000000
893 1 0 4 10 9 0.630655169 0.369344801 0.000000000
894 1 0 4 10 10 0.000000533 0.999999464 0.000000000
895 1 0 4 10 11 0.000005470 0.999994516 0.000000000
896 1 0 4 10 12 0.001651523 0.998348475 0.000000000
897 1 0 4 11 0 0.000011920 0.999988079 0.000000000
898 1 0 4 11 1 0.000005562 0.999994457 0.000000000
899 1 0 4 11 2 0.000001803 0.999998212 0.000000000
900 1 0 4 11 3 0.482641309 0.517358720 0.000000000
901 1 0 4 11 4 0.585818112 0.414181918 0.000000000
902 1 0 4 11 5 0.578152597 0.421847373 0.000000000
903 1 0 4 11 6 0.575099170 0.424900860 0.000000000
904 1 0 4 11 7 0.580840647 0.419159353 0.000000000
905 1 0 4 11 8 0.580498755 0.419501215 0.000000000
906 1 0 4 11 9 0.000252466 0.999747515 0.000000000
907 1 0 4 11 10 0.000054171 0.999945819 0.000000000
908 1 0 4 11 11 0.000002491 0.999997497 0.000000000
909 1 0 4 11 12 0.000001985 0.999998033 0.000000000
910 1 0 4 12 0 0.000076384 0.999923587 0.000000000
911 1 0 4 12 1 0.000024441 0.999975562 0.000000000
912 1 0 4 12 2 0.000007573 0.999992430 0.000000000
913 1 0 4 12 3 0.742593825 0.257406175 0.000000000
914 1 0 4 12 4 0.834578156 0.165421814 0.000000000
915 1 0 4 12 5 0.829021454 0.170978561 0.000000000
916 1 0 4 12 6 0.681235075 0.318764895 0.000000000
917 1 0 4 12 7 0.713318169 0.286681801 0.000000000
918 1 0 4 12 8 0.722310424 0.277689546 0.000000000
919 1 0 4 12 9 0.000203766 0.999796212 0.000000000
920 1 0 4 12 10 0.000002331 0.999997675 0.000000000
921 1 0 4 12 11 0.000008812 0.999991179 0.000000000
922 1 0 4 12 12 0.000008533 0.999991477 0.000000000
923 1 0 5 0 0 0.000000775 0.999999225 0.000000000
924 1 0 5 0 1 0.999999225 0.000000775 0.000000000
925 1 0 5 0 2 0.999999225 0.000000775 0.000000000
926 1 0 5 0 3 0.999999225 0.000000775 0.000000000
927 1 0 5 0 4 0.999999225 0.000000775 0.000000000
928 1 0 5 0 5 0.999999225 0.000000775 0.000000000
929 1 0 5 0 6 0.999999225 0.000000775 0.000000000
930 1 0 5 0 7 0.999999225 0.000000775 0.000000000
931 1 0 5 0 8 0.999999225 0.000000775 0.000000000
932 1 0 5 0 9 0.999999225 0.000000775 0.000000000
933 1 0 5 0 10 0.999999225 0.000000775 0.000000000
934 1 0 5 0 11 0.999999225 0.000000775 0.000000000
935 1 0 5 0 12 0.999999225 0.000000775 0.000000000
936 1 0 5 1 0 0.999999225 0.000000773 0.000000000
937 1 0 5 1 1 0.000000773 0.999999225 0.000000000
938 1 0 5 1 2 0.999999225 0.000000773 0.000000000
939 1 0 5 1 3 0.999999225 0.000000773 0.000000000
940 1 0 5 1 4 0.999999225 0.000000773 0.000000000
941 1 0 5 1 5 0.999999225 0.000000773 0.000000000
942 1 0 5 1 6 0.999999225 0.000000773 0.000000000
943 1 0 5 1 7 0.999999225 0.000000773 0.000000000
944 1 0 5 1 8 0.999999225 0.000000773 0.000000000
945 1 0 5 1 9 0.999999225 0.000000774 0.000000000
946 1 0 5 1 10 0.999999225 0.000000773 0.000000000
947 1 0 5 1 11 0.999999225 0.000000773 0.000000000
948 1 0 5 1 12 0.999999225 0.000000774 0.000000000
949 1 0 5 2 0 0.999999225 0.000000787 0.000000000
950 1 0 5 2 1 0.999999225 0.000000787 0.000000000
951 1 0 5 2 2 0.000000787 0.999999225 0.000000000
952 1 0 5 2 3 0.999999046 0.000000935 0.000000000
953 1 0 5 2 4 0.999999046 0.000000935 0.000000000
954 1 0 5 2 5 0.999999046 0.000000935 0.000000000
955 1 0 5 2 6 0.999999046 0.000000935 0.000000000
956 1 0 5 2 7 0.999999046 0.000000935 0.000000000
957 1 0 5 2 8 0.999999046 0.000000935 0.000000000
958 1 0 5 2 9 0.999999106 0.000000884 0.000000000
959 1 0 5 2 10 0.999999166 0.000000849 0.000000000
960 1 0 5 2 11 0.999999166 0.000000821 0.000000000
961 1 0 5 2 12 0.999999106 0.000000899 0.000000000
962 1 0 5 3 0 0.999999166 0.000000807 0.000000000
963 1 0 5 3 1 0.999999166 0.000000805 0.000000000
964 1 0 5 3 2 0.999999166 0.000000823 0.000000000
965 1 0 5 3 3 0.000000250 0.999999762 0.000000000
966 1 0 5 3 4 0.998350978 0.001649001 0.000000000
967 1 0 5 3 5 0.997829556 0.002170427 0.000000000
968 1 0 5 3 6 0.998334825 0.001665145 0.000000000
969 1 0 5 3 7 0.998079181 0.001920813 0.000000000
970 1 0 5 3 8 0.998071074 0.001928916 0.000000000
971 1 0 5 3 9 0.999126196 0.000873789 0.000000000
972 1 0 5 3 10 0.999415576 0.000584445 0.000000000
973 1 0 5 3 11 0.999680698 0.000319292 0.000000000
974 1 0 5 3 12 0.998947978 0.001052024 0.000000000
975 1 0 5 4 0 0.997799754 0.002200221 0.000000000
976 1 0 5 4 1 0.997617483 0.002382518 0.000000000
977 1 0 5 4 2 0.997421682 0.002578298 0.000000000
978 1 0 5 4 3 0.998773098 0.001226888 0.000000000
979 1 0 5 4 4 0.000000250 0.999999762 0.000000000
980 1 0 5 4 5 0.227275580 0.772724450 0.000000000
981 1 0 5 4 6 0.209883854 0.790116131 0.000000000
982 1 0 5 4 7 0.214052811 0.785947204 0.000000000
983 1 0 5 4 8 0.226408496 0.773591518 0.000000000
984 1 0 5 4 9 0.226958334 0.773041666 0.000000000
985 1 0 5 4 10 0.229564965 0.770435035 0.000000000
986 1 0 5 4 11 0.243904397 0.756095588 0.000000000
987 1 0 5 4 12 0.238294020 0.761705995 0.000000000
988 1 0 5 5 0 0.379518390 0.620481610 0.000000000
989 1 0 5 5 1 0.337933332 0.662066638 0.000000000
990 1 0 5 5 2 0.340165228 0.659834802 0.000000000
991 1 0 5 5 3 0.406476676 0.593523324 0.000000000
992 1 0 5 5 4 0.230996564 0.769003451 0.000000000
993 1 0 5 5 5 0.000000250 0.999999762 0.000000000
994 1 0 5 5 6 0.085277386 0.914722621 0.000000000
995 1 0 5 5 7 0.088197604 0.911802411 0.000000000
996 1 0 5 5 8 0.095491499 0.904508471 0.000000000
997 1 0 5 5 9 0.096255533 0.903744459 0.000000000
998 1 0 5 5 10 0.097316578 0.902683437 0.000000000
999 1 0 5 5 11 0.102376275 0.897623718 0.000000000
1000 1 0 5 5 12 0.100404814 0.899595201 0.000000000
1001 1 0 5 6 0 0.170025706 0.829974294 0.000000000
1002 1 0 5 6 1 0.173785552 0.826214433 0.000000000
1003 1 0 5 6 2 0.172669977 0.827330053 0.000000000
1004 1 0 5 6 3 0.102796927 0.897203088 0.000000000
1005 1 0 5 6 4 0.107434310 0.892565668 0.000000000
1006 1 0 5 6 5 0.109068096 0.890931904 0.000000000
1007 1 0 5 6 6 0.000000250 0.999999762 0.000000000
1008 1 0 5 6 7 0.065160222 0.934839785 0.000000000
1009 1 0 5 6 8 0.070433766 0.929566264 0.000000000
1010 1 0 5 6 9 0.070594601 0.929405391 0.000000000
1011 1 0 5 6 10 0.071075313 0.928924680 0.000000000
1012 1 0 5 6 11 0.074756667 0.925243318 0.000000000
1013 1 0 5 6 12 0.076283984 0.923716009 0.000000000
1014 1 0 5 7 0 0.119659148 0.880340874 0.000000000
1015 1 0 5 7 1 0.118251964 0.881748021 0.000000000
1016 1 0 5 7 2 0.117497012 0.882502973 0.000000000
1017 1 0 5 7 3 0.061600666 0.938399315 0.000000000
1018 1 0 5 7 4 0.060937136 0.939062834 0.000000000
1019 1 0 5 7 5 0.061607759 0.938392222 0.000000000
1020 1 0 5 7 6 0.061297826 0.938702166 0.000000000
1021 1 0 5 7 7 0.000000250 0.999999762 0.000000000
1022 1 0 5 7 8 0.049733799 0.950266182 0.000000000
1023 1 0 5 7 9 0.049794793 0.950205207 0.000000000
1024 1 0 5 7 10 0.049615789 0.950384200 0.000000000
1025 1 0 5 7 11 0.052154094 0.947845936 0.000000000
1026 1 0 5 7 12 0.054786507 0.945213497 0.000000000
1027 1 0 5 8 0 0.093316928 0.906683087 0.000000000
1028 1 0 5 8 1 0.089112118 0.910887897 0.000000000
1029 1 0 5 8 2 0.087979600 0.912020385 0.000000000
1030 1 0 5 8 3 0.065340839 0.934659183 0.000000000
1031 1 0 5 8 4 0.042379469 0.957620502 0.000000000
1032 1 0 5 8 5 0.042189024 0.957810998 0.000000000
1033 1 0 5 8 6 0.043939702 0.956060290 0.000000000
1034 1 0 5 8 7 0.043075826 0.956924200 0.000000000
1035 1 0 5 8 8 0.000000250 0.999999762 0.000000000
1036 1 0 5 8 9 0.666370392 0.333629578 0.000000000
1037 1 0 5 8 10 0.685136795 0.314863235 0.000000000
1038 1 0 5 8 11 0.023617279 0.976382732 0.000000000
1039 1 0 5 8 12 0.024063995 0.975935996 0.000000000
1040 1 0 5 9 0 0.506606460 0.493393570 0.000000000
1041 1 0 5 9 1 0.523748994 0.476251036 0.000000000
1042 1 0 5 9 2 0.525156677 0.474843323 0.000000000
1043 1 0 5 9 3 0.400803357 0.599196613 0.000000000
1044 1 0 5 9 4 0.293076843 0.706923127 0.000000000
1045 1 0 5 9 5 0.282718211 0.717281818 0.000000000
1046 1 0 5 9 6 0.279900640 0.720099390 0.000000000
1047 1 0 5 9 7 0.270735353 0.729264617 0.000000000
1048 1 0 5 9 8 0.266749889 0.733250082 0.000000000
1049 1 0 5 9 9 0.000000343 0.999999642 0.000000000
1050 1 0 5 9 10 0.467323005 0.532676995 0.000000000
1051 1 0 5 9 11 0.547738075 0.452261955 0.000000000
1052 1 0 5 9 12 0.717204392 0.282795638 0.000000000
1053 1 0 5 10 0 0.394495398 0.605504572 0.000000000
1054 1 0 5 10 1 0.382068455 0.617931545 0.000000000
1055 1 0 5 10 2 0.378801078 0.621198952 0.000000000
1056 1 0 5 10 3 0.641412854 0.358587146 0.000000000
1057 1 0 5 10 4 0.502026737 0.497973293 0.000000000
1058 1 0 5 10 5 0.483507335 0.516492665 0.000000000
1059 1 0 5 10 6 0.547748327 0.452251643 0.000000000
1060 1 0 5 10 7 0.524434090 0.475565910 0.000000000
1061 1 0 5 10 8 0.515062213 0.484937787 0.000000000
1062 1 0 5 10 9 0.481209844 0.518790185 0.000000000
1063 1 0 5 10 10 0.000000475 0.999999523 0.000000000
1064 1 0 5 10 11 0.016164506 0.983835518 0.000000000
1065 1 0 5 10 12 0.049676944 0.950323045 0.000000000
1066 1 0 5 11 0 0.000131309 0.999868691 0.000000000
1067 1 0 5 11 1 0.000043030 0.999956965 0.000000000
1068 1 0 5 11 2 0.000006404 0.999993622 0.000000000
1069 1 0 5 11 3 0.151354164 0.848645806 0.000000000
1070 1 0 5 11 4 0.366282552 0.633717418 0.000000000
1071 1 0 5 11 5 0.389609933 0.610390067 0.000000000
1072 1 0 5 11 6 0.295762926 0.704237044 0.000000000
1073 1 0 5 11 7 0.331817478 0.668182492 0.000000000
1074 1 0 5 11 8 0.346198350 0.653801680 0.000000000
1075 1 0 5 11 9 0.114464559 0.885535419 0.000000000
1076 1 0 5 11 10 0.032417249 0.967582762 0.000000000
1077 1 0 5 11 11 0.000000726 0.999999285 0.000000000
1078 1 0 5 11 12 0.000000726 0.999999285 0.000000000
1079 1 0 5 12 0 0.012033335 0.987966657 0.000000000
1080 1 0 5 12 1 0.011550374 0.988449633 0.000000000
1081 1 0 5 12 2 0.011625120 0.988374889 0.000000000
1082 1 0 5 12 3 0.003013737 0.996986270 0.000000000
1083 1 0 5 12 4 0.002928579 0.997071445 0.000000000
1084 1 0 5 12 5 0.005071089 0.994928896 0.000000000
1085 1 0 5 12 6 0.002901424 0.997098565 0.000000000
1086 1 0 5 12 7 0.002901424 0.997098565 0.000000000
1087 1 0 5 12 8 0.002904467 0.997095525 0.000000000
1088 1 0 5 12 9 0.002904739 0.997095287 0.000000000
1089 1 0 5 12 10 0.002903368 0.997096658 0.000000000
1090 1 0 5 12 11 0.002901424 0.997098565 0.000000000
1091 1 0 5 12 12 0.002901424 0.997098565 0.000000000
1092 1 1 0 0 0 0.000000000 0.002531320 0.997468710
1093 1 1 0 0 1 0.000000000 0.279279143 0.720720887
1094 1 1 0 0 2 0.000000000 0.318276823 0.681723177
1095 1 1 0 0 3 0.000000000 0.573236525 0.426763505
1096 1 1 0 0 4 0.000000000 0.570831001 0.429168969
1097 1 1 0 0 5 0.000000000 0.572746515 0.427253455
1098 1 1 0 0 6 0.000000000 0.573683619 0.426316381
1099 1 1 0 0 7 0.000000000 0.565890491 0.434109479
1100 1 1 0 0 8 0.000000000 0.560167015 0.439832985
1101 1 1 0 0 9 0.000000000 0.561918199 0.438081801
1102 1 1 0 0 10 0.000000000 0.559906960 0.440093040
1103 1 1 0 0 11 0.000000000 0.601042509 0.398957521
1104 1 1 0 0 12 0.000000000 0.701076806 0.298923165
1105 1 1 0 1 0 0.000000000 0.212473586 0.787526429
1106 1 1 0 1 1 0.000000000 0.002899442 0.997100532
1107 1 1 0 1 2 0.000000000 0.320286632 0.679713368
1108 1 1 0 1 3 0.000000000 0.569911957 0.430088043
1109 1 1 0 1 4 0.000000000 0.573227882 0.426772088
1110 1 1 0 1 5 0.000000000 0.571834981 0.428165019
1111 1 1 0 1 6 0.000000000 0.571500659 0.428499341
1112 1 1 0 1 7 0.000000000 0.574250042 0.425749958
1113 1 1 0 1 8 0.000000000 0.573965847 0.426034123
1114 1 1 0 1 9 0.000000000 0.571731985 0.428268015
1115 1 1 0 1 10 0.000000000 0.575036943 0.424963027
1116 1 1 0 1 11 0.000000000 0.617653608 0.382346392
1117 1 1 0 1 12 0.000000000 0.715637326 0.284362704
1118 1 1 0 2 0 0.000000000 0.276921421 0.723078609
1119 1 1 0 2 1 0.000000000 0.416371375 0.583628654
1120 1 1 0 2 2 0.000000000 0.002413851 0.997586131
1121 1 1 0 2 3 0.000000000 0.661496758 0.338503242
1122 1 1 0 2 4 0.000000000 0.665960610 0.334039360
1123 1 1 0 2 5 0.000000000 0.665225029 0.334774971
1124 1 1 0 2 6 0.000000000 0.664481282 0.335518748
1125 1 1 0 2 7 0.000000000 0.671566427 0.328433543
1126 1 1 0 2 8 0.000000000 0.680024266 0.319975764
1127 1 1 0 2 9 0.000000000 0.679189980 0.320810050
1128 1 1 0 2 10 0.000000000 0.678252637 0.321747392
1129 1 1 0 2 11 0.000000000 0.726911783 0.273088247
1130 1 1 0 2 12 0.000000000 0.860263526 0.139736474
1131 1 1 0 3 0 0.000000000 0.830270648 0.169729352
1132 1 1 0 3 1 0.000000000 0.950741291 0.049258709
1133 1 1 0 3 2 0.000000000 0.920489609 0.079510383
1134 1 1 0 3 3 0.000000000 0.054591969 0.945408046
1135 1 1 0 3 4 0.000000000 0.964685142 0.035314877
1136 1 1 0 3 5 0.000000000 0.967106700 0.032893270
1137 1 1 0 3 6 0.000000000 0.968169808 0.031830214
1138 1 1 0 3 7 0.000000000 0.971152127 0.028847897
1139 1 1 0 3 8 0.000000000 0.982178986 0.017820986
1140 1 1 0 3 9 0.000000000 0.976095974 0.023904014
1141 1 1 0 3 10 0.000000000 0.969659209 0.030340778
1142 1 1 0 3 11 0.000000000 0.970786512 0.029213510
1143 1 1 0 3 12 0.000000000 0.974330485 0.025669541
1144 1 1 0 4 0 0.000000000 0.718359292 0.281640738
1145 1 1 0 4 1 0.000000000 0.686532140 0.313467830
1146 1 1 0 4 2 0.000000000 0.595166028 0.404833972
1147 1 1 0 4 3 0.000000000 0.696944416 0.303055584
1148 1 1 0 4 4 0.000000000 0.124390304 0.875609696
1149 1 1 0 4 5 0.000000000 0.726952076 0.273047924
1150 1 1 0 4 6 0.000000000 0.756261766 0.243738204
1151 1 1 0 4 7 0.000000000 0.776100397 0.223899588
1152 1 1 0 4 8 0.000000000 0.833400488 0.166599497
1153 1 1 0 4 9 0.000000000 0.784295976 0.215703994
1154 1 1 0 4 10 0.000000000 0.760659099 0.239340901
1155 1 1 0 4 11 0.000000000 0.757067204 0.242932826
1156 1 1 0 4 12 0.000000000 0.773766994 0.226233020
1157 1 1 0 5 0 0.000000000 0.852609038 0.147390991
1158 1 1 0 5 1 0.000000000 0.809932292 0.190067723
1159 1 1 0 5 2 0.000000000 0.772263706 0.227736264
1160 1 1 0 5 3 0.000000000 0.799975872 0.200024143
1161 1 1 0 5 4 0.000000000 0.782221496 0.217778519
1162 1 1 0 5 5 0.000000000 0.218842134 0.781157851
1163 1 1 0 5 6 0.000000000 0.766907275 0.233092695
1164 1 1 0 5 7 0.000000000 0.780999362 0.219000608
1165 1 1 0 5 8 0.000000000 0.821396828 0.178603202
1166 1 1 0 5 9 0.000000000 0.776245534 0.223754466
1167 1 1 0 5 10 0.000000000 0.754552126 0.245447904
1168 1 1 0 5 11 0.000000000 0.748750567 0.251249462
1169 1 1 0 5 12 0.000000000 0.764209867 0.235790104
1170 1 1 0 6 0 0.000000000 0.900448799 0.099551231
1171 1 1 0 6 1 0.000000000 0.830071926 0.169928074
1172 1 1 0 6 2 0.000000000 0.796956480 0.203043506
1173 1 1 0 6 3 0.000000000 0.814105988 0.185894042
1174 1 1 0 6 4 0.000000000 0.801436126 0.198563859
1175 1 1 0 6 5 0.000000000 0.803779602 0.196220368
1176 1 1 0 6 6 0.000000000 0.293659896 0.706340134
1177 1 1 0 6 7 0.000000000 0.779477656 0.220522374
1178 1 1 0 6 8 0.000000000 0.808254778 0.191745222
1179 1 1 0 6 9 0.000000000 0.778870225 0.221129760
1180 1 1 0 6 10 0.000000000 0.777055502 0.222944513
1181 1 1 0 6 11 0.000000000 0.777369618 0.222630411
1182 1 1 0 6 12 0.000000000 0.785220563 0.214779451
1183 1 1 0 7 0 0.000000000 0.925802231 0.074197747
1184 1 1 0 7 1 0.000000000 0.762526274 0.237473756
1185 1 1 0 7 2 0.000000000 0.733773172 0.266226858
1186 1 1 0 7 3 0.000000000 0.759069800 0.240930170
1187 1 1 0 7 4 0.000000000 0.747964859 0.252035141
1188 1 1 0 7 5 0.000000000 0.748202205 0.251797765
1189 1 1 0 7 6 0.000000000 0.760585070 0.239414915
1190 1 1 0 7 7 0.000000000 0.334435761 0.665564239
1191 1 1 0 7 8 0.000000000 0.760697961 0.239302039
1192 1 1 0 7 9 0.000000000 0.740719616 0.259280413
1193 1 1 0 7 10 0.000000000 0.736933112 0.263066888
1194 1 1 0 7 11 0.000000000 0.749384284 0.250615746
1195 1 1 0 7 12 0.000000000 0.767298222 0.232701778
1196 1 1 0 8 0 0.000000000 0.913634837 0.086365171
1197 1 1 0 8 1 0.000000000 0.542568624 0.457431406
1198 1 1 0 8 2 0.000000000 0.526646793 0.473353207
1199 1 1 0 8 3 0.000000000 0.538924336 0.461075664
1200 1 1 0 8 4 0.000000000 0.567890823 0.432109177
1201 1 1 0 8 5 0.000000000 0.565673947 0.434326023
1202 1 1 0 8 6 0.000000000 0.569274127 0.430725902
1203 1 1 0 8 7 0.000000000 0.623088062 0.376911938
1204 1 1 0 8 8 0.000000000 0.392049253 0.607950747
1205 1 1 0 8 9 0.000000000 0.846273601 0.153726414
1206 1 1 0 8 10 0.000000000 0.836808622 0.163191393
1207 1 1 0 8 11 0.000000000 0.840526879 0.159473151
1208 1 1 0 8 12 0.000000000 0.850825012 0.149174958
1209 1 1 0 9 0 0.000000000 0.841133654 0.158866346
1210 1 1 0 9 1 0.000000000 0.867572963 0.132427037
1211 1 1 0 9 2 0.000000000 0.855672359 0.144327626
1212 1 1 0 9 3 0.000000000 0.845700741 0.154299274
1213 1 1 0 9 4 0.000000000 0.852309227 0.147690758
1214 1 1 0 9 5 0.000000000 0.856372237 0.143627763
1215 1 1 0 9 6 0.000000000 0.856036365 0.143963635
1216 1 1 0 9 7 0.000000000 0.891928613 0.108071402
1217 1 1 0 9 8 0.000000000 0.957445979 0.042554021
1218 1 1 0 9 9 0.000000000 0.064975493 0.935024500
1219 1 1 0 9 10 0.000000000 0.923993230 0.076006770
1220 1 1 0 9 11 0.000000000 0.905255556 0.094744451
1221 1 1 0 9 12 0.000000000 0.928673744 0.071326226
1222 1 1 0 10 0 0.000000000 0.275356770 0.724643230
1223 1 1 0 10 1 0.000000000 0.392128587 0.607871413
1224 1 1 0 10 2 0.000000000 0.378138930 0.621861100
1225 1 1 0 10 3 0.000000000 0.394295186 0.605704844
1226 1 1 0 10 4 0.000000000 0.369201213 0.630798817
1227 1 1 0 10 5 0.000000000 0.376363277 0.623636723
1228 1 1 0 10 6 0.000000000 0.387403071 0.612596929
1229 1 1 0 10 7 0.000000000 0.752674758 0.247325256
1230 1 1 0 10 8 0.000000000 0.973599851 0.026400119
1231 1 1 0 10 9 0.000000000 0.914323092 0.085676894
1232 1 1 0 10 10 0.000000000 0.087932609 0.912067413
1233 1 1 0 10 11 0.000000000 0.182658702 0.817341268
1234 1 1 0 10 12 0.000000000 0.339892060 0.660107911
1235 1 1 0 11 0 0.000000000 0.000272414 0.999727607
1236 1 1 0 11 1 0.000000000 0.000420133 0.999579847
1237 1 1 0 11 2 0.000000000 0.000385582 0.999614418
1238 1 1 0 11 3 0.000000000 0.000291183 0.999708831
1239 1 1 0 11 4 0.000000000 0.000285449 0.999714553
1240 1 1 0 11 5 0.000000000 0.000280839 0.999719143
1241 1 1 0 11 6 0.000000000 0.000283226 0.999716759
1242 1 1 0 11 7 0.000000000 0.000469672 0.999530315
1243 1 1 0 11 8 0.000000000 0.006808712 0.993191302
1244 1 1 0 11 9 0.000000000 0.005566586 0.994433403
1245 1 1 0 11 10 0.000000000 0.003730792 0.996269226
1246 1 1 0 11 11 0.000000000 0.001426431 0.998573542
1247 1 1 0 11 12 0.000000000 0.000445266 0.999554753
1248 1 1 0 12 0 0.000000000 0.000365493 0.999634504
1249 1 1 0 12 1 0.000000000 0.000180877 0.999819100
1250 1 1 0 12 2 0.000000000 0.000148754 0.999851227
1251 1 1 0 12 3 0.000000000 0.000249479 0.999750495
1252 1 1 0 12 4 0.000000000 0.000261800 0.999738216
1253 1 1 0 12 5 0.000000000 0.000262647 0.999737382
1254 1 1 0 12 6 0.000000000 0.000261283 0.999738693
1255 1 1 0 12 7 0.000000000 0.000295322 0.999704659
1256 1 1 0 12 8 0.000000000 0.000360999 0.999638975
1257 1 1 0 12 9 0.000000000 0.000151104 0.999848902
1258 1 1 0 12 10 0.000000000 0.000276981 0.999723017
1259 1 1 0 12 11 0.000000000 0.000286808 0.999713182
1260 1 1 0 12 12 0.000000000 0.000712849 0.999287128
1261 1 1 1 0 0 0.000000000 0.000688575 0.999311447
1262 1 1 1 0 1 0.000000000 0.001005110 0.998994887
1263 1 1 1 0 2 0.000000000 0.001005284 0.998994708
1264 1 1 1 0 3 0.000000000 0.001004515 0.998995483
1265 1 1 1 0 4 0.000000000 0.001004720 0.998995304
1266 1 1 1 0 5 0.000000000 0.001004779 0.998995245
1267 1 1 1 0 6 0.000000000 0.001004793 0.998995185
1268 1 1 1 0 7 0.000000000 0.001004482 0.998995543
1269 1 1 1 0 8 0.000000000 0.001003863 0.998996139
1270 1 1 1 0 9 0.000000000 0.001006000 0.998993993
1271 1 1 1 0 10 0.000000000 0.001005651 0.998994350
1272 1 1 1 0 11 0.000000000 0.001005219 0.998994768
1273 1 1 1 0 12 0.000000000 0.001005200 0.998994827
1274 1 1 1 1 0 0.000000000 0.001310217 0.998689771
1275 1 1 1 1 1 0.000000000 0.000592225 0.999407768
1276 1 1 1 1 2 0.000000000 0.001687887 0.998312116
1277 1 1 1 1 3 0.000000000 0.001247643 0.998752356
1278 1 1 1 1 4 0.000000000 0.001252293 0.998747706
1279 1 1 1 1 5 0.000000000 0.001248911 0.998751104
1280 1 1 1 1 6 0.000000000 0.001247643 0.998752356
1281 1 1 1 1 7 0.000000000 0.001247643 0.998752356
1282 1 1 1 1 8 0.000000000 0.001247643 0.998752356
1283 1 1 1 1 9 0.000000000 0.001247643 0.998752356
1284 1 1 1 1 10 0.000000000 0.001247643 0.998752356
1285 1 1 1 1 11 0.000000000 0.001247643 0.998752356
1286 1 1 1 1 12 0.000000000 0.001247643 0.998752356
1287 1 1 1 2 0 0.000000000 0.000833265 0.999166727
1288 1 1 1 2 1 0.000000000 0.000774251 0.999225736
1289 1 1 1 2 2 0.000000000 0.000364268 0.999635756
1290 1 1 1 2 3 0.000000000 0.000774251 0.999225736
1291 1 1 1 2 4 0.000000000 0.000978254 0.999021769
1292 1 1 1 2 5 0.000000000 0.000964589 0.999035418
1293 1 1 1 2 6 0.000000000 0.000883752 0.999116242
1294 1 1 1 2 7 0.000000000 0.000872373 0.999127626
1295 1 1 1 2 8 0.000000000 0.000823434 0.999176562
1296 1 1 1 2 9 0.000000000 0.001613416 0.998386562
1297 1 1 1 2 10 0.000000000 0.000851710 0.999148309
1298 1 1 1 2 11 0.000000000 0.000844601 0.999155402
1299 1 1 1 2 12 0.000000000 0.000817871 0.999182105
1300 1 1 1 3 0 0.000000000 0.001226087 0.998773932
1301 1 1 1 3 1 0.000000000 0.026792070 0.973207951
1302 1 1 1 3 2 0.000000000 0.033381622 0.966618359
1303 1 1 1 3 3 0.000000000 0.000018045 0.999981940
1304 1 1 1 3 4 0.000000000 0.000890641 0.999109387
1305 1 1 1 3 5 0.000000000 0.000476036 0.999523938
1306 1 1 1 3 6 0.000000000 0.001299139 0.998700857
1307 1 1 1 3 7 0.000000000 0.006396985 0.993602991
1308 1 1 1 3 8 0.000000000 0.043034673 0.956965327
1309 1 1 1 3 9 0.000000000 0.058078106 0.941921890
1310 1 1 1 3 10 0.000000000 0.031102795 0.968897223
1311 1 1 1 3 11 0.000000000 0.000893825 0.999106169
1312 1 1 1 3 12 0.000000000 0.007042343 0.992957652
1313 1 1 1 4 0 0.000000000 0.291278780 0.708721220
1314 1 1 1 4 1 0.000000000 0.157479048 0.842520952
1315 1 1 1 4 2 0.000000000 0.102859221 0.897140801
1316 1 1 1 4 3 0.000000000 0.135836542 0.864163458
1317 1 1 1 4 4 0.000000000 0.000006394 0.999993622
1318 1 1 1 4 5 0.000000000 0.393309236 0.606690764
1319 1 1 1 4 6 0.000000000 0.257615894 0.742384136
1320 1 1 1 4 7 0.000000000 0.140238896 0.859761119
1321 1 1 1 4 8 0.000000000 0.284590036 0.715409935
1322 1 1 1 4 9 0.000000000 0.555229962 0.444770038
1323 1 1 1 4 10 0.000000000 0.344233871 0.655766129
1324 1 1 1 4 11 0.000000000 0.123810962 0.876189053
1325 1 1 1 4 12 0.000000000 0.150345162 0.849654853
1326 1 1 1 5 0 0.000000000 0.536954582 0.463045418
1327 1 1 1 5 1 0.000000000 0.404032588 0.595967412
1328 1 1 1 5 2 0.000000000 0.460539222 0.539460778
1329 1 1 1 5 3 0.000000000 0.279152364 0.720847666
1330 1 1 1 5 4 0.000000000 0.455525309 0.544474721
1331 1 1 1 5 5 0.000000000 0.000005808 0.999994218
1332 1 1 1 5 6 0.000000000 0.588836014 0.411163986
1333 1 1 1 5 7 0.000000000 0.525514960 0.474485070
1334 1 1 1 5 8 0.000000000 0.564499676 0.435500324
1335 1 1 1 5 9 0.000000000 0.944637954 0.055362068
1336 1 1 1 5 10 0.000000000 0.664964199 0.335035801
1337 1 1 1 5 11 0.000000000 0.520874023 0.479125977
1338 1 1 1 5 12 0.000000000 0.544747770 0.455252230
1339 1 1 1 6 0 0.000000000 0.810157239 0.189842761
1340 1 1 1 6 1 0.000000000 0.635563314 0.364436656
1341 1 1 1 6 2 0.000000000 0.678151309 0.321848720
1342 1 1 1 6 3 0.000000000 0.550501227 0.449498773
1343 1 1 1 6 4 0.000000000 0.670218945 0.329781085
1344 1 1 1 6 5 0.000000000 0.651176751 0.348823279
1345 1 1 1 6 6 0.000000000 0.000005101 0.999994874
1346 1 1 1 6 7 0.000000000 0.761251867 0.238748103
1347 1 1 1 6 8 0.000000000 0.770333946 0.229666054
1348 1 1 1 6 9 0.000000000 0.947075129 0.052924860
1349 1 1 1 6 10 0.000000000 0.827835321 0.172164679
1350 1 1 1 6 11 0.000000000 0.819336712 0.180663317
1351 1 1 1 6 12 0.000000000 0.848255098 0.151744917
1352 1 1 1 7 0 0.000000000 0.893358707 0.106641315
1353 1 1 1 7 1 0.000000000 0.946030676 0.053969309
1354 1 1 1 7 2 0.000000000 0.926743090 0.073256895
1355 1 1 1 7 3 0.000000000 0.852142870 0.147857115
1356 1 1 1 7 4 0.000000000 0.782301068 0.217698917
1357 1 1 1 7 5 0.000000000 0.778086126 0.221913889
1358 1 1 1 7 6 0.000000000 0.780935824 0.219064161
1359 1 1 1 7 7 0.000000000 0.000003389 0.999996603
1360 1 1 1 7 8 0.000000000 0.769130945 0.230869040
1361 1 1 1 7 9 0.000000000 0.945686460 0.054313533
1362 1 1 1 7 10 0.000000000 0.826764405 0.173235625
1363 1 1 1 7 11 0.000000000 0.821512103 0.178487897
1364 1 1 1 7 12 0.000000000 0.847538888 0.152461126
1365 1 1 1 8 0 0.000000000 0.911698937 0.088301033
1366 1 1 1 8 1 0.000000000 0.946011961 0.053988032
1367 1 1 1 8 2 0.000000000 0.926965177 0.073034808
1368 1 1 1 8 3 0.000000000 0.851628721 0.148371279
1369 1 1 1 8 4 0.000000000 0.780732512 0.219267502
1370 1 1 1 8 5 0.000000000 0.776707172 0.223292843
1371 1 1 1 8 6 0.000000000 0.780235827 0.219764158
1372 1 1 1 8 7 0.000000000 0.761983454 0.238016561
1373 1 1 1 8 8 0.000000000 0.000001753 0.999998271
1374 1 1 1 8 9 0.000000000 0.941097677 0.058902342
1375 1 1 1 8 10 0.000000000 0.818344295 0.181655690
1376 1 1 1 8 11 0.000000000 0.816473961 0.183526024
1377 1 1 1 8 12 0.000000000 0.839252234 0.160747752
1378 1 1 1 9 0 0.000000000 0.999214113 0.000785902
1379 1 1 1 9 1 0.000000000 0.998814106 0.001185893
1380 1 1 1 9 2 0.000000000 0.999649048 0.000350943
1381 1 1 1 9 3 0.000000000 0.999825418 0.000174581
1382 1 1 1 9 4 0.000000000 0.963884652 0.036115367
1383 1 1 1 9 5 0.000000000 0.963207185 0.036792841
1384 1 1 1 9 6 0.000000000 0.971835613 0.028164389
1385 1 1 1 9 7 0.000000000 0.943671763 0.056328267
1386 1 1 1 9 8 0.000000000 0.909702301 0.090297706
1387 1 1 1 9 9 0.000000000 0.000001796 0.999998212
1388 1 1 1 9 10 0.000000000 0.988914013 0.011085963
1389 1 1 1 9 11 0.000000000 0.974912703 0.025087291
1390 1 1 1 9 12 0.000000000 0.976952255 0.023047740
1391 1 1 1 10 0 0.000000000 0.746410191 0.253589809
1392 1 1 1 10 1 0.000000000 0.813182652 0.186817348
1393 1 1 1 10 2 0.000000000 0.837279975 0.162720039
1394 1 1 1 10 3 0.000000000 0.721289456 0.278710514
1395 1 1 1 10 4 0.000000000 0.650518477 0.349481523
1396 1 1 1 10 5 0.000000000 0.667780876 0.332219154
1397 1 1 1 10 6 0.000000000 0.706600428 0.293399543
1398 1 1 1 10 7 0.000000000 0.814865589 0.185134411
1399 1 1 1 10 8 0.000000000 0.997809291 0.002190728
1400 1 1 1 10 9 0.000000000 0.980972588 0.019027423
1401 1 1 1 10 10 0.000000000 0.000001747 0.999998271
1402 1 1 1 10 11 0.000000000 0.284440428 0.715559542
1403 1 1 1 10 12 0.000000000 0.331833184 0.668166816
1404 1 1 1 11 0 0.000000000 0.292117596 0.707882404
1405 1 1 1 11 1 0.000000000 0.197443530 0.802556455
1406 1 1 1 11 2 0.000000000 0.193447471 0.806552529
1407 1 1 1 11 3 0.000000000 0.163540334 0.836459696
1408 1 1 1 11 4 0.000000000 0.096497029 0.903502941
1409 1 1 1 11 5 0.000000000 0.107674494 0.892325521
1410 1 1 1 11 6 0.000000000 0.099622682 0.900377333
1411 1 1 1 11 7 0.000000000 0.091962464 0.908037543
1412 1 1 1 11 8 0.000000000 0.060443450 0.939556539
1413 1 1 1 11 9 0.000000000 0.000034539 0.999965489
1414 1 1 1 11 10 0.000000000 0.100048237 0.899951756
1415 1 1 1 11 11 0.000000000 0.000001705 0.999998271
1416 1 1 1 11 12 0.000000000 0.244855613 0.755144417
1417 1 1 1 12 0 0.000000000 0.160140604 0.839859426
1418 1 1 1 12 1 0.000000000 0.187298208 0.812701762
1419 1 1 1 12 2 0.000000000 0.180882633 0.819117367
1420 1 1 1 12 3 0.000000000 0.065254122 0.934745848
1421 1 1 1 12 4 0.000000000 0.000001712 0.999998271
1422 1 1 1 12 5 0.000000000 0.000001712 0.999998271
1423 1 1 1 12 6 0.000000000 0.000001712 0.999998271
1424 1 1 1 12 7 0.000000000 0.000001712 0.999998271
1425 1 1 1 12 8 0.000000000 0.000001712 0.999998271
1426 1 1 1 12 9 0.000000000 0.000001712 0.999998271
1427 1 1 1 12 10 0.000000000 0.000050870 0.999949157
1428 1 1 1 12 11 0.000000000 0.155040070 0.844959915
1429 1 1 1 12 12 0.000000000 0.000001712 0.999998271
1430 1 1 2 0 0 0.000078275 0.000229399 0.999692321
1431 1 1 2 0 1 0.999200761 0.000078275 0.000720962
1432 1 1 2 0 2 0.999147952 0.000078275 0.000773776
1433 1 1 2 0 3 0.999068141 0.000078275 0.000853585
1434 1 1 2 0 4 0.998635054 0.000078275 0.001286647
1435 1 1 2 0 5 0.998240530 0.000078275 0.001681210
1436 1 1 2 0 6 0.998801470 0.000078275 0.001120244
1437 1 1 2 0 7 0.998639405 0.000078275 0.001282305
1438 1 1 2 0 8 0.998001158 0.000078275 0.001920565
1439 1 1 2 0 9 0.997943163 0.000078275 0.001978551
1440 1 1 2 0 10 0.997411668 0.000078275 0.002510071
1441 1 1 2 0 11 0.997327328 0.000078275 0.002594372
1442 1 1 2 0 12 0.996956229 0.000078275 0.002965491
1443 1 1 2 1 0 0.997739315 0.000076387 0.002184269
1444 1 1 2 1 1 0.000233545 0.000369755 0.999396682
1445 1 1 2 1 2 0.999203682 0.000233545 0.000562774
1446 1 1 2 1 3 0.999126911 0.000233545 0.000639567
1447 1 1 2 1 4 0.998828173 0.000233545 0.000938301
1448 1 1 2 1 5 0.998411238 0.000233545 0.001355209
1449 1 1 2 1 6 0.998891532 0.000233545 0.000874899
1450 1 1 2 1 7 0.998724878 0.000233545 0.001041548
1451 1 1 2 1 8 0.998337865 0.000233545 0.001428605
1452 1 1 2 1 9 0.998425841 0.000233545 0.001340585
1453 1 1 2 1 10 0.998086929 0.000233545 0.001679496
1454 1 1 2 1 11 0.998179317 0.000233545 0.001587133
1455 1 1 2 1 12 0.998132288 0.000233545 0.001634185
1456 1 1 2 2 0 0.999482274 0.000051545 0.000466175
1457 1 1 2 2 1 0.999541998 0.000143650 0.000314348
1458 1 1 2 2 2 0.000143650 0.000228039 0.999628305
1459 1 1 2 2 3 0.999595344 0.000143650 0.000261004
1460 1 1 2 2 4 0.999595582 0.000143650 0.000260781
1461 1 1 2 2 5 0.999495566 0.000143650 0.000360764
1462 1 1 2 2 6 0.999576867 0.000143650 0.000279474
1463 1 1 2 2 7 0.999534905 0.000143650 0.000321438
1464 1 1 2 2 8 0.999507010 0.000143650 0.000349337
1465 1 1 2 2 9 0.999331534 0.000143650 0.000524823
1466 1 1 2 2 10 0.999215126 0.000144626 0.000640258
1467 1 1 2 2 11 0.999099076 0.000148118 0.000752801
1468 1 1 2 2 12 0.999085188 0.000148190 0.000766626
1469 1 1 2 3 0 0.963930845 0.035775617 0.000293547
1470 1 1 2 3 1 0.982128143 0.017768504 0.000103330
1471 1 1 2 3 2 0.977242291 0.022448875 0.000308811
1472 1 1 2 3 3 0.000007092 0.000010854 0.999982059
1473 1 1 2 3 4 0.994349957 0.002723353 0.002926718
1474 1 1 2 3 5 0.993036568 0.004025456 0.002937956
1475 1 1 2 3 6 0.991250157 0.004457153 0.004292684
1476 1 1 2 3 7 0.995358229 0.002227132 0.002414668
1477 1 1 2 3 8 0.993418872 0.003801631 0.002779514
1478 1 1 2 3 9 0.994953275 0.003361342 0.001685384
1479 1 1 2 3 10 0.994891107 0.003717289 0.001391622
1480 1 1 2 3 11 0.996537387 0.003379215 0.000083400
1481 1 1 2 3 12 0.986398757 0.005515196 0.008086053
1482 1 1 2 4 0 0.769164979 0.230699569 0.000135438
1483 1 1 2 4 1 0.963797748 0.036146086 0.000056164
1484 1 1 2 4 2 0.957800925 0.042063251 0.000135821
1485 1 1 2 4 3 0.969464421 0.028561143 0.001974433
1486 1 1 2 4 4 0.000002515 0.000003667 0.999993801
1487 1 1 2 4 5 0.995160639 0.002755621 0.002083750
1488 1 1 2 4 6 0.992572606 0.004103213 0.003324190
1489 1 1 2 4 7 0.996745884 0.001454675 0.001799430
1490 1 1 2 4 8 0.995746851 0.002283552 0.001969583
1491 1 1 2 4 9 0.996630251 0.002093308 0.001276422
1492 1 1 2 4 10 0.996598005 0.002406778 0.000995206
1493 1 1 2 4 11 0.997253597 0.002726078 0.000020316
1494 1 1 2 4 12 0.989412665 0.004452747 0.006134559
1495 1 1 2 5 0 0.796721697 0.203115061 0.000163245
1496 1 1 2 5 1 0.971704304 0.028242424 0.000053298
1497 1 1 2 5 2 0.966893852 0.032946333 0.000159801
1498 1 1 2 5 3 0.976446867 0.021942111 0.001611020
1499 1 1 2 5 4 0.995753407 0.002089498 0.002157096
1500 1 1 2 5 5 0.000002286 0.000003298 0.999994397
1501 1 1 2 5 6 0.983221531 0.014085998 0.002692497
1502 1 1 2 5 7 0.906357646 0.092355102 0.001287244
1503 1 1 2 5 8 0.674346268 0.304037184 0.021616559
1504 1 1 2 5 9 0.634063661 0.274529308 0.091407053
1505 1 1 2 5 10 0.628489375 0.278749764 0.092760906
1506 1 1 2 5 11 0.665186167 0.334688216 0.000125589
1507 1 1 2 5 12 0.640136600 0.350344598 0.009518829
1508 1 1 2 6 0 0.899563909 0.100311622 0.000124470
1509 1 1 2 6 1 0.847995937 0.151952475 0.000051592
1510 1 1 2 6 2 0.904023051 0.095805191 0.000171758
1511 1 1 2 6 3 0.904230356 0.094251931 0.001517690
1512 1 1 2 6 4 0.932268560 0.055120759 0.012610673
1513 1 1 2 6 5 0.940014064 0.058219302 0.001766617
1514 1 1 2 6 6 0.000002006 0.000002966 0.999995053
1515 1 1 2 6 7 0.506588280 0.337682873 0.155728832
1516 1 1 2 6 8 0.407054812 0.436644405 0.156300768
1517 1 1 2 6 9 0.392625839 0.423181087 0.184193090
1518 1 1 2 6 10 0.391508281 0.429889023 0.178602681
1519 1 1 2 6 11 0.462921292 0.536167145 0.000911567
1520 1 1 2 6 12 0.448496938 0.540499628 0.011003450
1521 1 1 2 7 0 0.820261955 0.179565132 0.000172931
1522 1 1 2 7 1 0.588275909 0.410391152 0.001332915
1523 1 1 2 7 2 0.606114805 0.393287480 0.000597708
1524 1 1 2 7 3 0.611592054 0.385913163 0.002494769
1525 1 1 2 7 4 0.602233529 0.365215719 0.032550775
1526 1 1 2 7 5 0.605199873 0.366922677 0.027877450
1527 1 1 2 7 6 0.588359237 0.356399089 0.055241674
1528 1 1 2 7 7 0.000001328 0.000002116 0.999996543
1529 1 1 2 7 8 0.443567753 0.526506782 0.029925458
1530 1 1 2 7 9 0.442786276 0.516695023 0.040518723
1531 1 1 2 7 10 0.444009244 0.526324272 0.029666470
1532 1 1 2 7 11 0.443679720 0.556257606 0.000062693
1533 1 1 2 7 12 0.430528700 0.556155324 0.013315937
1534 1 1 2 8 0 0.651098371 0.348658502 0.000243146
1535 1 1 2 8 1 0.616487265 0.383383960 0.000128794
1536 1 1 2 8 2 0.624821365 0.375029087 0.000149526
1537 1 1 2 8 3 0.576245904 0.421474367 0.002279714
1538 1 1 2 8 4 0.560911477 0.397157967 0.041930560
1539 1 1 2 8 5 0.564754188 0.399874300 0.035371490
1540 1 1 2 8 6 0.563761532 0.396802664 0.039435782
1541 1 1 2 8 7 0.551017940 0.423884362 0.025097713
1542 1 1 2 8 8 0.000000680 0.000001470 0.999997854
1543 1 1 2 8 9 0.928191185 0.068390079 0.003418715
1544 1 1 2 8 10 0.914867640 0.082267851 0.002864488
1545 1 1 2 8 11 0.891474724 0.108430125 0.000095173
1546 1 1 2 8 12 0.861764610 0.109454744 0.028780647
1547 1 1 2 9 0 0.542622447 0.457121789 0.000255771
1548 1 1 2 9 1 0.736056805 0.263764143 0.000179051
1549 1 1 2 9 2 0.685370624 0.314421177 0.000208209
1550 1 1 2 9 3 0.810733140 0.185790434 0.003476399
1551 1 1 2 9 4 0.893458903 0.101291217 0.005249859
1552 1 1 2 9 5 0.894146383 0.099153802 0.006699833
1553 1 1 2 9 6 0.925465345 0.063199669 0.011335009
1554 1 1 2 9 7 0.990205884 0.004664432 0.005129676
1555 1 1 2 9 8 0.888027072 0.106634647 0.005338294
1556 1 1 2 9 9 0.000000681 0.000002532 0.999996781
1557 1 1 2 9 10 0.573071897 0.425107688 0.001820396
1558 1 1 2 9 11 0.514611542 0.485334665 0.000053761
1559 1 1 2 9 12 0.538786352 0.430898786 0.030314850
1560 1 1 2 10 0 0.146711349 0.853181064 0.000107612
1561 1 1 2 10 1 0.017457921 0.982462168 0.000079898
1562 1 1 2 10 2 0.035364438 0.964458823 0.000176735
1563 1 1 2 10 3 0.021320879 0.976176262 0.002502860
1564 1 1 2 10 4 0.075567842 0.890562594 0.033869572
1565 1 1 2 10 5 0.088771030 0.879883349 0.031345602
1566 1 1 2 10 6 0.085905232 0.884750009 0.029344782
1567 1 1 2 10 7 0.150304705 0.820819318 0.028875958
1568 1 1 2 10 8 0.582208276 0.403224289 0.014567457
1569 1 1 2 10 9 0.558199286 0.439804584 0.001996116
1570 1 1 2 10 10 0.000000681 0.000002017 0.999997318
1571 1 1 2 10 11 0.046115663 0.953752816 0.000131546
1572 1 1 2 10 12 0.074639298 0.889452636 0.035908092
1573 1 1 2 11 0 0.000001594 0.998989463 0.001008928
1574 1 1 2 11 1 0.000000751 0.999823928 0.000175340
1575 1 1 2 11 2 0.000001369 0.999859571 0.000139060
1576 1 1 2 11 3 0.000000809 0.999833405 0.000165794
1577 1 1 2 11 4 0.000000815 0.999835134 0.000164061
1578 1 1 2 11 5 0.000000845 0.999831915 0.000167222
1579 1 1 2 11 6 0.000000884 0.999833405 0.000165715
1580 1 1 2 11 7 0.000001255 0.999850094 0.000148665
1581 1 1 2 11 8 0.000037633 0.999796808 0.000165579
1582 1 1 2 11 9 0.000022459 0.999851942 0.000125583
1583 1 1 2 11 10 0.000025234 0.999870956 0.000103833
1584 1 1 2 11 11 0.000000679 0.000001679 0.999997616
1585 1 1 2 11 12 0.000000679 0.997992575 0.002006717
1586 1 1 2 12 0 0.000001601 0.949709177 0.050289214
1587 1 1 2 12 1 0.000000682 0.983304441 0.016694851
1588 1 1 2 12 2 0.000000682 0.991485536 0.008513755
1589 1 1 2 12 3 0.000000682 0.367683232 0.632316053
1590 1 1 2 12 4 0.000000682 0.000001112 0.999998212
1591 1 1 2 12 5 0.000000682 0.000001111 0.999998212
1592 1 1 2 12 6 0.000000682 0.000001113 0.999998212
1593 1 1 2 12 7 0.000000682 0.000001122 0.999998212
1594 1 1 2 12 8 0.000000682 0.000001105 0.999998212
1595 1 1 2 12 9 0.000000682 0.106343627 0.893655717
1596 1 1 2 12 10 0.000000682 0.024513895 0.975485444
1597 1 1 2 12 11 0.000000682 0.429064959 0.570934355
1598 1 1 2 12 12 0.000000682 0.000001670 0.999997675
1599 1 1 3 0 0 0.000174513 0.000599938 0.999225557
1600 1 1 3 0 1 0.999642789 0.000002410 0.000354819
1601 1 1 3 0 2 0.999742091 0.000002115 0.000255787
1602 1 1 3 0 3 0.999938071 0.000001162 0.000060749
1603 1 1 3 0 4 0.999980330 0.000001166 0.000018526
1604 1 1 3 0 5 0.999980152 0.000001160 0.000018703
1605 1 1 3 0 6 0.999979913 0.000001162 0.000018900
1606 1 1 3 0 7 0.999979973 0.000001188 0.000018810
1607 1 1 3 0 8 0.999981463 0.000001225 0.000017327
1608 1 1 3 0 9 0.999980569 0.000001225 0.000018205
1609 1 1 3 0 10 0.999978423 0.000001224 0.000020346
1610 1 1 3 0 11 0.999977052 0.000001136 0.000021833
1611 1 1 3 0 12 0.999973476 0.000000974 0.000025523
1612 1 1 3 1 0 0.999921978 0.000008452 0.000069544
1613 1 1 3 1 1 0.000188477 0.000188477 0.999623060
1614 1 1 3 1 2 0.999840319 0.000004642 0.000155019
1615 1 1 3 1 3 0.999977410 0.000002850 0.000019727
1616 1 1 3 1 4 0.999986231 0.000002842 0.000010908
1617 1 1 3 1 5 0.999986470 0.000002846 0.000010675
1618 1 1 3 1 6 0.999987841 0.000002856 0.000009307
1619 1 1 3 1 7 0.999989092 0.000002872 0.000008015
1620 1 1 3 1 8 0.999992669 0.000002804 0.000004520
1621 1 1 3 1 9 0.999990344 0.000002716 0.000006918
1622 1 1 3 1 10 0.999987245 0.000002912 0.000009824
1623 1 1 3 1 11 0.999984443 0.000002843 0.000012725
1624 1 1 3 1 12 0.999988198 0.000002440 0.000009382
1625 1 1 3 2 0 0.999889255 0.000008401 0.000102322
1626 1 1 3 2 1 0.999825895 0.000003429 0.000170654
1627 1 1 3 2 2 0.000213179 0.000213179 0.999573648
1628 1 1 3 2 3 0.999892712 0.000002973 0.000104316
1629 1 1 3 2 4 0.999978065 0.000002952 0.000019011
1630 1 1 3 2 5 0.999978602 0.000002950 0.000018469
1631 1 1 3 2 6 0.999981403 0.000002966 0.000015608
1632 1 1 3 2 7 0.999984086 0.000002975 0.000012953
1633 1 1 3 2 8 0.999984205 0.000002898 0.000012916
1634 1 1 3 2 9 0.999978840 0.000002760 0.000018406
1635 1 1 3 2 10 0.999979436 0.000002905 0.000017630
1636 1 1 3 2 11 0.999976516 0.000002799 0.000020662
1637 1 1 3 2 12 0.999958396 0.000002355 0.000039250
1638 1 1 3 3 0 0.998607934 0.000195718 0.001196355
1639 1 1 3 3 1 0.998958826 0.000069947 0.000971229
1640 1 1 3 3 2 0.998860002 0.000072192 0.001067781
1641 1 1 3 3 3 0.000424516 0.000424516 0.999150991
1642 1 1 3 3 4 0.998802960 0.000083513 0.001113539
1643 1 1 3 3 5 0.998817027 0.000083599 0.001099380
1644 1 1 3 3 6 0.998857379 0.000085217 0.001057390
1645 1 1 3 3 7 0.998896539 0.000086939 0.001016510
1646 1 1 3 3 8 0.998959422 0.000084132 0.000956426
1647 1 1 3 3 9 0.998905599 0.000083746 0.001010651
1648 1 1 3 3 10 0.998849392 0.000087000 0.001063609
1649 1 1 3 3 11 0.998786271 0.000088885 0.001124818
1650 1 1 3 3 12 0.998856962 0.000088272 0.001054780
1651 1 1 3 4 0 0.958974063 0.006278918 0.034747023
1652 1 1 3 4 1 0.962544739 0.002230539 0.035224706
1653 1 1 3 4 2 0.951591074 0.002571395 0.045837518
1654 1 1 3 4 3 0.966107428 0.002300839 0.031591740
1655 1 1 3 4 4 0.003551886 0.003551886 0.992896199
1656 1 1 3 4 5 0.948956490 0.011734566 0.039308943
1657 1 1 3 4 6 0.951417506 0.012384076 0.036198437
1658 1 1 3 4 7 0.955364704 0.011856576 0.032778699
1659 1 1 3 4 8 0.960708737 0.009426234 0.029865038
1660 1 1 3 4 9 0.954291463 0.008663396 0.037045140
1661 1 1 3 4 10 0.946466863 0.012020495 0.041512650
1662 1 1 3 4 11 0.947056532 0.014150036 0.038793452
1663 1 1 3 4 12 0.957855880 0.008356649 0.033787463
1664 1 1 3 5 0 0.947801888 0.011930248 0.040267851
1665 1 1 3 5 1 0.942798197 0.003634996 0.053566828
1666 1 1 3 5 2 0.931541383 0.003810060 0.064648561
1667 1 1 3 5 3 0.945591033 0.003869732 0.050539218
1668 1 1 3 5 4 0.912712753 0.021202601 0.066084638
1669 1 1 3 5 5 0.003730210 0.003730210 0.992539585
1670 1 1 3 5 6 0.931180060 0.027087104 0.041732814
1671 1 1 3 5 7 0.936457336 0.027385119 0.036157534
1672 1 1 3 5 8 0.952009737 0.022806369 0.025183870
1673 1 1 3 5 9 0.945407152 0.020786269 0.033806562
1674 1 1 3 5 10 0.934807479 0.023933169 0.041259374
1675 1 1 3 5 11 0.931987703 0.024117840 0.043894481
1676 1 1 3 5 12 0.943061173 0.019828549 0.037110262
1677 1 1 3 6 0 0.925098717 0.019782489 0.055118781
1678 1 1 3 6 1 0.959193468 0.004785251 0.036021259
1679 1 1 3 6 2 0.947233260 0.004980223 0.047786534
1680 1 1 3 6 3 0.959622145 0.006468107 0.033909764
1681 1 1 3 6 4 0.898352683 0.047543857 0.054103449
1682 1 1 3 6 5 0.906176329 0.040262185 0.053561471
1683 1 1 3 6 6 0.003936463 0.003936463 0.992127061
1684 1 1 3 6 7 0.901021361 0.065272711 0.033705913
1685 1 1 3 6 8 0.923756719 0.056576077 0.019667221
1686 1 1 3 6 9 0.922151387 0.050117292 0.027731312
1687 1 1 3 6 10 0.906771183 0.059280377 0.033948436
1688 1 1 3 6 11 0.899508178 0.061684370 0.038807452
1689 1 1 3 6 12 0.912428558 0.055275869 0.032295559
1690 1 1 3 7 0 0.893079519 0.040776987 0.066143468
1691 1 1 3 7 1 0.955191791 0.019402448 0.025405789
1692 1 1 3 7 2 0.942845225 0.021796966 0.035357784
1693 1 1 3 7 3 0.940436602 0.035750292 0.023813136
1694 1 1 3 7 4 0.838048100 0.118323207 0.043628693
1695 1 1 3 7 5 0.848462760 0.108567603 0.042969644
1696 1 1 3 7 6 0.880061150 0.083159156 0.036779683
1697 1 1 3 7 7 0.003433007 0.003433007 0.993133962
1698 1 1 3 7 8 0.858838320 0.116769992 0.024391713
1699 1 1 3 7 9 0.821883500 0.143931925 0.034184560
1700 1 1 3 7 10 0.838495255 0.125045434 0.036459304
1701 1 1 3 7 11 0.825061321 0.132242069 0.042696629
1702 1 1 3 7 12 0.841372013 0.120897226 0.037730746
1703 1 1 3 8 0 0.834867716 0.084259368 0.080872893
1704 1 1 3 8 1 0.781335235 0.174163833 0.044500928
1705 1 1 3 8 2 0.764373064 0.189317062 0.046309866
1706 1 1 3 8 3 0.742721558 0.223099142 0.034179319
1707 1 1 3 8 4 0.641295731 0.312175781 0.046528488
1708 1 1 3 8 5 0.654394209 0.300289482 0.045316335
1709 1 1 3 8 6 0.688648105 0.271878183 0.039473686
1710 1 1 3 8 7 0.804269850 0.162487492 0.033242650
1711 1 1 3 8 8 0.002763644 0.004289455 0.992946923
1712 1 1 3 8 9 0.618012607 0.352667600 0.029319806
1713 1 1 3 8 10 0.588177383 0.381415755 0.030406877
1714 1 1 3 8 11 0.570081294 0.396395922 0.033522807
1715 1 1 3 8 12 0.591746509 0.376764745 0.031488732
1716 1 1 3 9 0 0.865598083 0.110674098 0.023727830
1717 1 1 3 9 1 0.787340164 0.171524867 0.041134972
1718 1 1 3 9 2 0.747470319 0.210301697 0.042227957
1719 1 1 3 9 3 0.733451068 0.255308211 0.011240745
1720 1 1 3 9 4 0.842128813 0.149512857 0.008358303
1721 1 1 3 9 5 0.843240619 0.149024934 0.007734455
1722 1 1 3 9 6 0.847226739 0.146021590 0.006751646
1723 1 1 3 9 7 0.847344160 0.146518499 0.006137347
1724 1 1 3 9 8 0.921971500 0.070545197 0.007483286
1725 1 1 3 9 9 0.002358054 0.008882079 0.988759875
1726 1 1 3 9 10 0.758110106 0.230263039 0.011626878
1727 1 1 3 9 11 0.713889658 0.267724574 0.018385768
1728 1 1 3 9 12 0.705673814 0.248638749 0.045687452
1729 1 1 3 10 0 0.031291258 0.936318457 0.032390296
1730 1 1 3 10 1 0.050784998 0.919545054 0.029669952
1731 1 1 3 10 2 0.062087569 0.904841959 0.033070441
1732 1 1 3 10 3 0.061615117 0.912887394 0.025497515
1733 1 1 3 10 4 0.170846179 0.798737824 0.030415976
1734 1 1 3 10 5 0.176303208 0.793936729 0.029760066
1735 1 1 3 10 6 0.108708441 0.863414168 0.027877402
1736 1 1 3 10 7 0.248697788 0.737085164 0.014217076
1737 1 1 3 10 8 0.626072109 0.351702243 0.022225611
1738 1 1 3 10 9 0.583850265 0.400008082 0.016141657
1739 1 1 3 10 10 0.001691703 0.001880440 0.996427834
1740 1 1 3 10 11 0.014620685 0.849211872 0.136167422
1741 1 1 3 10 12 0.012219285 0.925551534 0.062229201
1742 1 1 3 11 0 0.002734770 0.012459108 0.984806120
1743 1 1 3 11 1 0.001773223 0.282189935 0.716036856
1744 1 1 3 11 2 0.001932113 0.278774917 0.719292998
1745 1 1 3 11 3 0.002558491 0.283762068 0.713679433
1746 1 1 3 11 4 0.002609884 0.172460020 0.824930072
1747 1 1 3 11 5 0.002652722 0.196427286 0.800920010
1748 1 1 3 11 6 0.002630366 0.252918452 0.744451165
1749 1 1 3 11 7 0.001586189 0.469481528 0.528932273
1750 1 1 3 11 8 0.003245889 0.971840441 0.024913685
1751 1 1 3 11 9 0.005616941 0.967404783 0.026978264
1752 1 1 3 11 10 0.009082505 0.956686914 0.034230564
1753 1 1 3 11 11 0.000522275 0.000522275 0.998955429
1754 1 1 3 11 12 0.001673131 0.008153264 0.990173578
1755 1 1 3 12 0 0.000586340 0.005361770 0.994051874
1756 1 1 3 12 1 0.001184797 0.001184797 0.997630417
1757 1 1 3 12 2 0.001440654 0.001440654 0.997118711
1758 1 1 3 12 3 0.000859001 0.000859001 0.998282015
1759 1 1 3 12 4 0.000818575 0.000818575 0.998362839
1760 1 1 3 12 5 0.000815935 0.000815935 0.998368144
1761 1 1 3 12 6 0.000820194 0.000820194 0.998359621
1762 1 1 3 12 7 0.000725659 0.000725659 0.998548687
1763 1 1 3 12 8 0.000593638 0.232676506 0.766729832
1764 1 1 3 12 9 0.001418245 0.051537208 0.947044551
1765 1 1 3 12 10 0.000773710 0.017430384 0.981795907
1766 1 1 3 12 11 0.000747200 0.012299487 0.986953318
1767 1 1 3 12 12 0.000300629 0.000300629 0.999398768
1768 1 1 4 0 0 0.000000664 0.999999344 0.000000000
1769 1 1 4 0 1 0.999999106 0.000000919 0.000000000
1770 1 1 4 0 2 0.999999046 0.000000972 0.000000000
1771 1 1 4 0 3 0.999998450 0.000001553 0.000000000
1772 1 1 4 0 4 0.999998450 0.000001544 0.000000000
1773 1 1 4 0 5 0.999998450 0.000001551 0.000000000
1774 1 1 4 0 6 0.999998450 0.000001554 0.000000000
1775 1 1 4 0 7 0.999998450 0.000001526 0.000000000
1776 1 1 4 0 8 0.999998510 0.000001507 0.000000000
1777 1 1 4 0 9 0.999998510 0.000001513 0.000000000
1778 1 1 4 0 10 0.999998510 0.000001506 0.000000000
1779 1 1 4 0 11 0.999998331 0.000001661 0.000000000
1780 1 1 4 0 12 0.999997795 0.000002217 0.000000000
1781 1 1 4 1 0 0.999998987 0.000001041 0.000000000
1782 1 1 4 1 1 0.000000822 0.999999166 0.000000000
1783 1 1 4 1 2 0.999998808 0.000001206 0.000000000
1784 1 1 4 1 3 0.999998093 0.000001906 0.000000000
1785 1 1 4 1 4 0.999998093 0.000001921 0.000000000
1786 1 1 4 1 5 0.999998093 0.000001914 0.000000000
1787 1 1 4 1 6 0.999998093 0.000001913 0.000000000
1788 1 1 4 1 7 0.999998093 0.000001925 0.000000000
1789 1 1 4 1 8 0.999998093 0.000001924 0.000000000
1790 1 1 4 1 9 0.999998093 0.000001914 0.000000000
1791 1 1 4 1 10 0.999998093 0.000001929 0.000000000
1792 1 1 4 1 11 0.999997854 0.000002144 0.000000000
1793 1 1 4 1 12 0.999997139 0.000002883 0.000000000
1794 1 1 4 2 0 0.999998927 0.000001067 0.000000000
1795 1 1 4 2 1 0.999998689 0.000001323 0.000000000
1796 1 1 4 2 2 0.000000774 0.999999225 0.000000000
1797 1 1 4 2 3 0.999997735 0.000002280 0.000000000
1798 1 1 4 2 4 0.999997675 0.000002311 0.000000000
1799 1 1 4 2 5 0.999997675 0.000002306 0.000000000
1800 1 1 4 2 6 0.999997675 0.000002301 0.000000000
1801 1 1 4 2 7 0.999997675 0.000002350 0.000000000
1802 1 1 4 2 8 0.999997616 0.000002412 0.000000000
1803 1 1 4 2 9 0.999997616 0.000002406 0.000000000
1804 1 1 4 2 10 0.999997616 0.000002399 0.000000000
1805 1 1 4 2 11 0.999997199 0.000002826 0.000000000
1806 1 1 4 2 12 0.999994457 0.000005524 0.000000000
1807 1 1 4 3 0 0.995347798 0.004652225 0.000000000
1808 1 1 4 3 1 0.999294281 0.000705718 0.000000000
1809 1 1 4 3 2 0.999562800 0.000437210 0.000000000
1810 1 1 4 3 3 0.000036770 0.999963224 0.000000000
1811 1 1 4 3 4 0.986772656 0.013227332 0.000000000
1812 1 1 4 3 5 0.985747755 0.014252261 0.000000000
1813 1 1 4 3 6 0.985382855 0.014617147 0.000000000
1814 1 1 4 3 7 0.984256923 0.015743060 0.000000000
1815 1 1 4 3 8 0.976297200 0.023702782 0.000000000
1816 1 1 4 3 9 0.983513832 0.016486160 0.000000000
1817 1 1 4 3 10 0.988143146 0.011856829 0.000000000
1818 1 1 4 3 11 0.988789380 0.011210630 0.000000000
1819 1 1 4 3 12 0.987239957 0.012760024 0.000000000
1820 1 1 4 4 0 0.940502226 0.059497777 0.000000000
1821 1 1 4 4 1 0.976285398 0.023714574 0.000000000
1822 1 1 4 4 2 0.981637537 0.018362479 0.000000000
1823 1 1 4 4 3 0.970851064 0.029148918 0.000000000
1824 1 1 4 4 4 0.000756879 0.999243140 0.000000000
1825 1 1 4 4 5 0.955232263 0.044767756 0.000000000
1826 1 1 4 4 6 0.950144231 0.049855795 0.000000000
1827 1 1 4 4 7 0.946744800 0.053255185 0.000000000
1828 1 1 4 4 8 0.932419538 0.067580476 0.000000000
1829 1 1 4 4 9 0.950632036 0.049367987 0.000000000
1830 1 1 4 4 10 0.958541572 0.041458417 0.000000000
1831 1 1 4 4 11 0.962124825 0.037875164 0.000000000
1832 1 1 4 4 12 0.959324658 0.040675364 0.000000000
1833 1 1 4 5 0 0.779114425 0.220885560 0.000000000
1834 1 1 4 5 1 0.896850705 0.103149317 0.000000000
1835 1 1 4 5 2 0.913911998 0.086087979 0.000000000
1836 1 1 4 5 3 0.888029218 0.111970775 0.000000000
1837 1 1 4 5 4 0.896548152 0.103451878 0.000000000
1838 1 1 4 5 5 0.001567533 0.998432457 0.000000000
1839 1 1 4 5 6 0.802774131 0.197225884 0.000000000
1840 1 1 4 5 7 0.791684747 0.208315253 0.000000000
1841 1 1 4 5 8 0.750501096 0.249498889 0.000000000
1842 1 1 4 5 9 0.805432320 0.194567695 0.000000000
1843 1 1 4 5 10 0.828571975 0.171428040 0.000000000
1844 1 1 4 5 11 0.838340521 0.161659464 0.000000000
1845 1 1 4 5 12 0.827733457 0.172266528 0.000000000
1846 1 1 4 6 0 0.513135254 0.486864716 0.000000000
1847 1 1 4 6 1 0.639703035 0.360296935 0.000000000
1848 1 1 4 6 2 0.698465765 0.301534235 0.000000000
1849 1 1 4 6 3 0.650261462 0.349738538 0.000000000
1850 1 1 4 6 4 0.671665490 0.328334510 0.000000000
1851 1 1 4 6 5 0.667363942 0.332636088 0.000000000
1852 1 1 4 6 6 0.002454868 0.997545123 0.000000000
1853 1 1 4 6 7 0.646824121 0.353175908 0.000000000
1854 1 1 4 6 8 0.601337850 0.398662150 0.000000000
1855 1 1 4 6 9 0.658732116 0.341267884 0.000000000
1856 1 1 4 6 10 0.671017468 0.328982532 0.000000000
1857 1 1 4 6 11 0.677070022 0.322929949 0.000000000
1858 1 1 4 6 12 0.665530205 0.334469795 0.000000000
1859 1 1 4 7 0 0.291243762 0.708756268 0.000000000
1860 1 1 4 7 1 0.688625276 0.311374694 0.000000000
1861 1 1 4 7 2 0.722281635 0.277718335 0.000000000
1862 1 1 4 7 3 0.677323937 0.322676092 0.000000000
1863 1 1 4 7 4 0.690609992 0.309390038 0.000000000
1864 1 1 4 7 5 0.690032840 0.309967190 0.000000000
1865 1 1 4 7 6 0.674629331 0.325370669 0.000000000
1866 1 1 4 7 7 0.002587550 0.997412443 0.000000000
1867 1 1 4 7 8 0.699740350 0.300259650 0.000000000
1868 1 1 4 7 9 0.727185726 0.272814274 0.000000000
1869 1 1 4 7 10 0.728149116 0.271850884 0.000000000
1870 1 1 4 7 11 0.692483962 0.307516038 0.000000000
1871 1 1 4 7 12 0.673618853 0.326381147 0.000000000
1872 1 1 4 8 0 0.522550583 0.477449387 0.000000000
1873 1 1 4 8 1 0.874597847 0.125402167 0.000000000
1874 1 1 4 8 2 0.878830075 0.121169910 0.000000000
1875 1 1 4 8 3 0.867807329 0.132192641 0.000000000
1876 1 1 4 8 4 0.858578086 0.141421914 0.000000000
1877 1 1 4 8 5 0.859588265 0.140411749 0.000000000
1878 1 1 4 8 6 0.857732236 0.142267779 0.000000000
1879 1 1 4 8 7 0.835370064 0.164629906 0.000000000
1880 1 1 4 8 8 0.002673287 0.997326732 0.000000000
1881 1 1 4 8 9 0.543423653 0.456576318 0.000000000
1882 1 1 4 8 10 0.556046069 0.443953961 0.000000000
1883 1 1 4 8 11 0.536105871 0.463894129 0.000000000
1884 1 1 4 8 12 0.517325759 0.482674241 0.000000000
1885 1 1 4 9 0 0.906862497 0.093137532 0.000000000
1886 1 1 4 9 1 0.848349214 0.151650786 0.000000000
1887 1 1 4 9 2 0.857197821 0.142802164 0.000000000
1888 1 1 4 9 3 0.802735090 0.197264925 0.000000000
1889 1 1 4 9 4 0.760348797 0.239651203 0.000000000
1890 1 1 4 9 5 0.749250770 0.250749260 0.000000000
1891 1 1 4 9 6 0.803469598 0.196530387 0.000000000
1892 1 1 4 9 7 0.880618572 0.119381398 0.000000000
1893 1 1 4 9 8 0.780745864 0.219254136 0.000000000
1894 1 1 4 9 9 0.000245794 0.999754190 0.000000000
1895 1 1 4 9 10 0.797198534 0.202801481 0.000000000
1896 1 1 4 9 11 0.811277628 0.188722357 0.000000000
1897 1 1 4 9 12 0.772148013 0.227852002 0.000000000
1898 1 1 4 10 0 0.797643363 0.202356622 0.000000000
1899 1 1 4 10 1 0.934871912 0.065128088 0.000000000
1900 1 1 4 10 2 0.930319667 0.069680318 0.000000000
1901 1 1 4 10 3 0.909126699 0.090873323 0.000000000
1902 1 1 4 10 4 0.844332457 0.155667529 0.000000000
1903 1 1 4 10 5 0.816598058 0.183401912 0.000000000
1904 1 1 4 10 6 0.862264633 0.137735352 0.000000000
1905 1 1 4 10 7 0.864369273 0.135630712 0.000000000
1906 1 1 4 10 8 0.383733898 0.616266072 0.000000000
1907 1 1 4 10 9 0.807062805 0.192937195 0.000000000
1908 1 1 4 10 10 0.000244646 0.999755383 0.000000000
1909 1 1 4 10 11 0.794509888 0.205490097 0.000000000
1910 1 1 4 10 12 0.847109199 0.152890801 0.000000000
1911 1 1 4 11 0 0.993096530 0.006903495 0.000000000
1912 1 1 4 11 1 0.991052270 0.008947728 0.000000000
1913 1 1 4 11 2 0.977864444 0.022135532 0.000000000
1914 1 1 4 11 3 0.992391109 0.007608915 0.000000000
1915 1 1 4 11 4 0.992340028 0.007659968 0.000000000
1916 1 1 4 11 5 0.992327332 0.007672665 0.000000000
1917 1 1 4 11 6 0.992188990 0.007811008 0.000000000
1918 1 1 4 11 7 0.993656278 0.006343738 0.000000000
1919 1 1 4 11 8 0.999369740 0.000630250 0.000000000
1920 1 1 4 11 9 0.998589516 0.001410463 0.000000000
1921 1 1 4 11 10 0.997204125 0.002795878 0.000000000
1922 1 1 4 11 11 0.000001119 0.999998868 0.000000000
1923 1 1 4 11 12 0.604575932 0.395424038 0.000000000
1924 1 1 4 12 0 0.012558289 0.987441719 0.000000000
1925 1 1 4 12 1 0.037300758 0.962699234 0.000000000
1926 1 1 4 12 2 0.044507112 0.955492914 0.000000000
1927 1 1 4 12 3 0.000000322 0.999999702 0.000000000
1928 1 1 4 12 4 0.000000322 0.999999702 0.000000000
1929 1 1 4 12 5 0.000000322 0.999999702 0.000000000
1930 1 1 4 12 6 0.000000322 0.999999702 0.000000000
1931 1 1 4 12 7 0.000000322 0.999999702 0.000000000
1932 1 1 4 12 8 0.000000322 0.999999702 0.000000000
1933 1 1 4 12 9 0.000000322 0.999999702 0.000000000
1934 1 1 4 12 10 0.000000322 0.999999702 0.000000000
1935 1 1 4 12 11 0.161505282 0.838494718 0.000000000
1936 1 1 4 12 12 0.000000322 0.999999702 0.000000000
1937 1 1 5 0 0 0.000058747 0.999941230 0.000000000
1938 1 1 5 0 1 0.999938548 0.000061462 0.000000000
1939 1 1 5 0 2 0.999941170 0.000058804 0.000000000
1940 1 1 5 0 3 0.999941230 0.000058765 0.000000000
1941 1 1 5 0 4 0.999941230 0.000058765 0.000000000
1942 1 1 5 0 5 0.999941230 0.000058765 0.000000000
1943 1 1 5 0 6 0.999941230 0.000058765 0.000000000
1944 1 1 5 0 7 0.999941230 0.000058765 0.000000000
1945 1 1 5 0 8 0.999941230 0.000058765 0.000000000
1946 1 1 5 0 9 0.999941230 0.000058765 0.000000000
1947 1 1 5 0 10 0.999941230 0.000058765 0.000000000
1948 1 1 5 0 11 0.999941230 0.000058765 0.000000000
1949 1 1 5 0 12 0.999940991 0.000059006 0.000000000
1950 1 1 5 1 0 0.999824584 0.000175389 0.000000000
1951 1 1 5 1 1 0.000057324 0.999942660 0.000000000
1952 1 1 5 1 2 0.999738216 0.000261805 0.000000000
1953 1 1 5 1 3 0.999931335 0.000068675 0.000000000
1954 1 1 5 1 4 0.999942660 0.000057362 0.000000000
1955 1 1 5 1 5 0.999942660 0.000057362 0.000000000
1956 1 1 5 1 6 0.999942660 0.000057362 0.000000000
1957 1 1 5 1 7 0.999942660 0.000057362 0.000000000
1958 1 1 5 1 8 0.999942660 0.000057362 0.000000000
1959 1 1 5 1 9 0.999942660 0.000057362 0.000000000
1960 1 1 5 1 10 0.999942660 0.000057362 0.000000000
1961 1 1 5 1 11 0.999942660 0.000057362 0.000000000
1962 1 1 5 1 12 0.999793708 0.000206298 0.000000000
1963 1 1 5 2 0 0.999892175 0.000107828 0.000000000
1964 1 1 5 2 1 0.999914229 0.000085768 0.000000000
1965 1 1 5 2 2 0.000035251 0.999964774 0.000000000
1966 1 1 5 2 3 0.999752283 0.000247713 0.000000000
1967 1 1 5 2 4 0.999964714 0.000035273 0.000000000
1968 1 1 5 2 5 0.999964714 0.000035272 0.000000000
1969 1 1 5 2 6 0.999964714 0.000035270 0.000000000
1970 1 1 5 2 7 0.999964714 0.000035269 0.000000000
1971 1 1 5 2 8 0.999963284 0.000036724 0.000000000
1972 1 1 5 2 9 0.998551905 0.001448072 0.000000000
1973 1 1 5 2 10 0.999961674 0.000038346 0.000000000
1974 1 1 5 2 11 0.999964118 0.000035857 0.000000000
1975 1 1 5 2 12 0.999848306 0.000151718 0.000000000
1976 1 1 5 3 0 0.999891818 0.000108188 0.000000000
1977 1 1 5 3 1 0.996744812 0.003255166 0.000000000
1978 1 1 5 3 2 0.998715758 0.001284259 0.000000000
1979 1 1 5 3 3 0.000001740 0.999998271 0.000000000
1980 1 1 5 3 4 0.999997616 0.000002385 0.000000000
1981 1 1 5 3 5 0.999982655 0.000017331 0.000000000
1982 1 1 5 3 6 0.999968648 0.000031332 0.000000000
1983 1 1 5 3 7 0.999998271 0.000001751 0.000000000
1984 1 1 5 3 8 0.999990404 0.000009616 0.000000000
1985 1 1 5 3 9 0.961531579 0.038468439 0.000000000
1986 1 1 5 3 10 0.999430478 0.000569544 0.000000000
1987 1 1 5 3 11 0.999832034 0.000167947 0.000000000
1988 1 1 5 3 12 0.999973953 0.000026043 0.000000000
1989 1 1 5 4 0 0.999836087 0.000163936 0.000000000
1990 1 1 5 4 1 0.996916413 0.003083567 0.000000000
1991 1 1 5 4 2 0.999031842 0.000968164 0.000000000
1992 1 1 5 4 3 0.999887526 0.000112499 0.000000000
1993 1 1 5 4 4 0.000000617 0.999999404 0.000000000
1994 1 1 5 4 5 0.999976933 0.000023092 0.000000000
1995 1 1 5 4 6 0.999975979 0.000024022 0.000000000
1996 1 1 5 4 7 0.999994040 0.000005970 0.000000000
1997 1 1 5 4 8 0.999987125 0.000012849 0.000000000
1998 1 1 5 4 9 0.951097548 0.048902471 0.000000000
1999 1 1 5 4 10 0.983015060 0.016984940 0.000000000
2000 1 1 5 4 11 0.999804974 0.000195034 0.000000000
2001 1 1 5 4 12 0.999972522 0.000027492 0.000000000
2002 1 1 5 5 0 0.998941302 0.001058687 0.000000000
2003 1 1 5 5 1 0.996900976 0.003099038 0.000000000
2004 1 1 5 5 2 0.998998284 0.001001694 0.000000000
2005 1 1 5 5 3 0.999877036 0.000122958 0.000000000
2006 1 1 5 5 4 0.999983549 0.000016471 0.000000000
2007 1 1 5 5 5 0.000000561 0.999999464 0.000000000
2008 1 1 5 5 6 0.999905884 0.000094113 0.000000000
2009 1 1 5 5 7 0.999981165 0.000018848 0.000000000
2010 1 1 5 5 8 0.999973595 0.000026394 0.000000000
2011 1 1 5 5 9 0.922919929 0.077080056 0.000000000
2012 1 1 5 5 10 0.892350674 0.107649334 0.000000000
2013 1 1 5 5 11 0.999307990 0.000692027 0.000000000
2014 1 1 5 5 12 0.999903262 0.000096746 0.000000000
2015 1 1 5 6 0 0.556860626 0.443139374 0.000000000
2016 1 1 5 6 1 0.996869564 0.003130425 0.000000000
2017 1 1 5 6 2 0.998962581 0.001037416 0.000000000
2018 1 1 5 6 3 0.999777019 0.000223001 0.000000000
2019 1 1 5 6 4 0.999949574 0.000050406 0.000000000
2020 1 1 5 6 5 0.999921203 0.000078816 0.000000000
2021 1 1 5 6 6 0.000000492 0.999999523 0.000000000
2022 1 1 5 6 7 0.999964654 0.000035347 0.000000000
2023 1 1 5 6 8 0.999960780 0.000039200 0.000000000
2024 1 1 5 6 9 0.892439365 0.107560642 0.000000000
2025 1 1 5 6 10 0.847270668 0.152729318 0.000000000
2026 1 1 5 6 11 0.982694149 0.017305840 0.000000000
2027 1 1 5 6 12 0.999925852 0.000074132 0.000000000
2028 1 1 5 7 0 0.402450144 0.597549856 0.000000000
2029 1 1 5 7 1 0.996687412 0.003312613 0.000000000
2030 1 1 5 7 2 0.998948157 0.001051825 0.000000000
2031 1 1 5 7 3 0.999832630 0.000167350 0.000000000
2032 1 1 5 7 4 0.999964118 0.000035865 0.000000000
2033 1 1 5 7 5 0.999960244 0.000039749 0.000000000
2034 1 1 5 7 6 0.999930739 0.000069287 0.000000000
2035 1 1 5 7 7 0.000000326 0.999999702 0.000000000
2036 1 1 5 7 8 0.999973774 0.000026208 0.000000000
2037 1 1 5 7 9 0.863441050 0.136558935 0.000000000
2038 1 1 5 7 10 0.812935114 0.187064886 0.000000000
2039 1 1 5 7 11 0.921057582 0.078942388 0.000000000
2040 1 1 5 7 12 0.999945402 0.000054627 0.000000000
2041 1 1 5 8 0 0.302118838 0.697881162 0.000000000
2042 1 1 5 8 1 0.996412039 0.003587943 0.000000000
2043 1 1 5 8 2 0.998826563 0.001173430 0.000000000
2044 1 1 5 8 3 0.999776661 0.000223350 0.000000000
2045 1 1 5 8 4 0.999930799 0.000069206 0.000000000
2046 1 1 5 8 5 0.999899030 0.000100953 0.000000000
2047 1 1 5 8 6 0.995924354 0.004075631 0.000000000
2048 1 1 5 8 7 0.999967933 0.000032091 0.000000000
2049 1 1 5 8 8 0.000000167 0.999999821 0.000000000
2050 1 1 5 8 9 0.802634776 0.197365224 0.000000000
2051 1 1 5 8 10 0.749742746 0.250257283 0.000000000
2052 1 1 5 8 11 0.850187123 0.149812862 0.000000000
2053 1 1 5 8 12 0.999920368 0.000079633 0.000000000
2054 1 1 5 9 0 0.940810561 0.059189420 0.000000000
2055 1 1 5 9 1 0.982882142 0.017117830 0.000000000
2056 1 1 5 9 2 0.945115447 0.054884546 0.000000000
2057 1 1 5 9 3 0.896221161 0.103778832 0.000000000
2058 1 1 5 9 4 0.991449058 0.008550940 0.000000000
2059 1 1 5 9 5 0.966851830 0.033148170 0.000000000
2060 1 1 5 9 6 0.929814756 0.070185222 0.000000000
2061 1 1 5 9 7 0.999650776 0.000349253 0.000000000
2062 1 1 5 9 8 0.999867260 0.000132738 0.000000000
2063 1 1 5 9 9 0.000000167 0.999999821 0.000000000
2064 1 1 5 9 10 0.653056324 0.346943647 0.000000000
2065 1 1 5 9 11 0.692261696 0.307738304 0.000000000
2066 1 1 5 9 12 0.802881658 0.197118312 0.000000000
2067 1 1 5 10 0 0.688867748 0.311132282 0.000000000
2068 1 1 5 10 1 0.975477278 0.024522720 0.000000000
2069 1 1 5 10 2 0.764406323 0.235593662 0.000000000
2070 1 1 5 10 3 0.765626431 0.234373555 0.000000000
2071 1 1 5 10 4 0.687649190 0.312350839 0.000000000
2072 1 1 5 10 5 0.666462898 0.333537072 0.000000000
2073 1 1 5 10 6 0.662236512 0.337763488 0.000000000
2074 1 1 5 10 7 0.899638295 0.100361675 0.000000000
2075 1 1 5 10 8 0.882748842 0.117251135 0.000000000
2076 1 1 5 10 9 0.693332791 0.306667209 0.000000000
2077 1 1 5 10 10 0.000000167 0.999999821 0.000000000
2078 1 1 5 10 11 0.409031212 0.590968788 0.000000000
2079 1 1 5 10 12 0.439139932 0.560860097 0.000000000
2080 1 1 5 11 0 0.247816205 0.752183795 0.000000000
2081 1 1 5 11 1 0.183751807 0.816248178 0.000000000
2082 1 1 5 11 2 0.180207059 0.819792926 0.000000000
2083 1 1 5 11 3 0.261140436 0.738859534 0.000000000
2084 1 1 5 11 4 0.261079997 0.738920033 0.000000000
2085 1 1 5 11 5 0.282134682 0.717865288 0.000000000
2086 1 1 5 11 6 0.288401872 0.711598098 0.000000000
2087 1 1 5 11 7 0.308618695 0.691381335 0.000000000
2088 1 1 5 11 8 0.436789483 0.563210487 0.000000000
2089 1 1 5 11 9 0.400262296 0.599737704 0.000000000
2090 1 1 5 11 10 0.448183566 0.551816463 0.000000000
2091 1 1 5 11 11 0.000000167 0.999999821 0.000000000
2092 1 1 5 11 12 0.163453281 0.836546719 0.000000000
2093 1 1 5 12 0 0.077231094 0.922768891 0.000000000
2094 1 1 5 12 1 0.091427498 0.908572495 0.000000000
2095 1 1 5 12 2 0.144233808 0.855766177 0.000000000
2096 1 1 5 12 3 0.017853258 0.982146740 0.000000000
2097 1 1 5 12 4 0.000000167 0.999999821 0.000000000
2098 1 1 5 12 5 0.000000167 0.999999821 0.000000000
2099 1 1 5 12 6 0.000000167 0.999999821 0.000000000
2100 1 1 5 12 7 0.000000167 0.999999821 0.000000000
2101 1 1 5 12 8 0.000000167 0.999999821 0.000000000
2102 1 1 5 12 9 0.000000167 0.999999821 0.000000000
2103 1 1 5 12 10 0.004078512 0.995921493 0.000000000
2104 1 1 5 12 11 0.092272505 0.907727480 0.000000000
2105 1 1 5 12 12 0.000000167 0.999999821 0.000000000
2106 1 2 0 0 0 0.000000000 0.243991286 0.756008685
2107 1 2 0 0 1 0.000000000 0.224100471 0.775899529
2108 1 2 0 0 2 0.000000000 0.224100471 0.775899529
2109 1 2 0 0 3 0.000000000 0.224100471 0.775899529
2110 1 2 0 0 4 0.000000000 0.224100471 0.775899529
2111 1 2 0 0 5 0.000000000 0.224100471 0.775899529
2112 1 2 0 0 6 0.000000000 0.229960367 0.770039618
2113 1 2 0 0 7 0.000000000 0.228945151 0.771054864
2114 1 2 0 0 8 0.000000000 0.226351842 0.773648143
2115 1 2 0 0 9 0.000000000 0.227224275 0.772775710
2116 1 2 0 0 10 0.000000000 0.227627084 0.772372901
2117 1 2 0 0 11 0.000000000 0.227039143 0.772960842
2118 1 2 0 0 12 0.000000000 0.227646679 0.772353292
2119 1 2 0 1 0 0.000000000 0.244861022 0.755138993
2120 1 2 0 1 1 0.000000000 0.244401559 0.755598426
2121 1 2 0 1 2 0.000000000 0.244770452 0.755229533
2122 1 2 0 1 3 0.000000000 0.244770452 0.755229533
2123 1 2 0 1 4 0.000000000 0.244770452 0.755229533
2124 1 2 0 1 5 0.000000000 0.244770452 0.755229533
2125 1 2 0 1 6 0.000000000 0.244829431 0.755170584
2126 1 2 0 1 7 0.000000000 0.244814128 0.755185902
2127 1 2 0 1 8 0.000000000 0.244777709 0.755222261
2128 1 2 0 1 9 0.000000000 0.244788513 0.755211473
2129 1 2 0 1 10 0.000000000 0.244793013 0.755207002
2130 1 2 0 1 11 0.000000000 0.244787201 0.755212784
2131 1 2 0 1 12 0.000000000 0.244792789 0.755207241
2132 1 2 0 2 0 0.000000000 0.226818681 0.773181319
2133 1 2 0 2 1 0.000000000 0.234974220 0.765025795
2134 1 2 0 2 2 0.000000000 0.085304290 0.914695680
2135 1 2 0 2 3 0.000000000 0.240547821 0.759452164
2136 1 2 0 2 4 0.000000000 0.236125961 0.763874054
2137 1 2 0 2 5 0.000000000 0.232326210 0.767673790
2138 1 2 0 2 6 0.000000000 0.270910800 0.729089200
2139 1 2 0 2 7 0.000000000 0.270329326 0.729670644
2140 1 2 0 2 8 0.000000000 0.245526493 0.754473507
2141 1 2 0 2 9 0.000000000 0.240519702 0.759480298
2142 1 2 0 2 10 0.000000000 0.241085976 0.758913994
2143 1 2 0 2 11 0.000000000 0.241065696 0.758934319
2144 1 2 0 2 12 0.000000000 0.250257313 0.749742687
2145 1 2 0 3 0 0.000000000 0.999873757 0.000126228
2146 1 2 0 3 1 0.000000000 0.999875665 0.000124330
2147 1 2 0 3 2 0.000000000 0.999874055 0.000125919
2148 1 2 0 3 3 0.000000000 0.999636412 0.000363604
2149 1 2 0 3 4 0.000000000 0.999870062 0.000129936
2150 1 2 0 3 5 0.000000000 0.999859929 0.000140094
2151 1 2 0 3 6 0.000000000 0.999880493 0.000119506
2152 1 2 0 3 7 0.000000000 0.999880314 0.000119685
2153 1 2 0 3 8 0.000000000 0.999866784 0.000133227
2154 1 2 0 3 9 0.000000000 0.999832273 0.000167750
2155 1 2 0 3 10 0.000000000 0.999853015 0.000147011
2156 1 2 0 3 11 0.000000000 0.999871671 0.000128300
2157 1 2 0 3 12 0.000000000 0.999865651 0.000134326
2158 1 2 0 4 0 0.000000000 0.999983907 0.000016080
2159 1 2 0 4 1 0.000000000 0.999984145 0.000015828
2160 1 2 0 4 2 0.000000000 0.999984026 0.000015985
2161 1 2 0 4 3 0.000000000 0.999982297 0.000017675
2162 1 2 0 4 4 0.000000000 0.999935389 0.000064614
2163 1 2 0 4 5 0.000000000 0.999981999 0.000017975
2164 1 2 0 4 6 0.000000000 0.999983966 0.000016049
2165 1 2 0 4 7 0.000000000 0.999984503 0.000015481
2166 1 2 0 4 8 0.000000000 0.999981105 0.000018912
2167 1 2 0 4 9 0.000000000 0.999978304 0.000021682
2168 1 2 0 4 10 0.000000000 0.999974430 0.000025578
2169 1 2 0 4 11 0.000000000 0.999983013 0.000016958
2170 1 2 0 4 12 0.000000000 0.999968886 0.000031142
2171 1 2 0 5 0 0.000000000 0.999983847 0.000016174
2172 1 2 0 5 1 0.000000000 0.999984205 0.000015773
2173 1 2 0 5 2 0.000000000 0.999984086 0.000015912
2174 1 2 0 5 3 0.000000000 0.999982417 0.000017580
2175 1 2 0 5 4 0.000000000 0.999981821 0.000018199
2176 1 2 0 5 5 0.000000000 0.999938309 0.000061671
2177 1 2 0 5 6 0.000000000 0.999984026 0.000015972
2178 1 2 0 5 7 0.000000000 0.999984145 0.000015840
2179 1 2 0 5 8 0.000000000 0.999979675 0.000020328
2180 1 2 0 5 9 0.000000000 0.999975204 0.000024810
2181 1 2 0 5 10 0.000000000 0.999973059 0.000026918
2182 1 2 0 5 11 0.000000000 0.999982715 0.000017289
2183 1 2 0 5 12 0.000000000 0.999967933 0.000032052
2184 1 2 0 6 0 0.000000000 0.999986291 0.000013730
2185 1 2 0 6 1 0.000000000 0.999986649 0.000013363
2186 1 2 0 6 2 0.000000000 0.999986649 0.000013359
2187 1 2 0 6 3 0.000000000 0.999986291 0.000013699
2188 1 2 0 6 4 0.000000000 0.999985635 0.000014338
2189 1 2 0 6 5 0.000000000 0.999985754 0.000014221
2190 1 2 0 6 6 0.000000000 0.999943733 0.000056272
2191 1 2 0 6 7 0.000000000 0.999986291 0.000013685
2192 1 2 0 6 8 0.000000000 0.999981940 0.000018090
2193 1 2 0 6 9 0.000000000 0.999980330 0.000019697
2194 1 2 0 6 10 0.000000000 0.999977171 0.000022836
2195 1 2 0 6 11 0.000000000 0.999985039 0.000014954
2196 1 2 0 6 12 0.000000000 0.999968410 0.000031592
2197 1 2 0 7 0 0.000000000 0.999989271 0.000010747
2198 1 2 0 7 1 0.000000000 0.999989510 0.000010483
2199 1 2 0 7 2 0.000000000 0.999989688 0.000010294
2200 1 2 0 7 3 0.000000000 0.999989808 0.000010202
2201 1 2 0 7 4 0.000000000 0.999989152 0.000010869
2202 1 2 0 7 5 0.000000000 0.999988854 0.000011174
2203 1 2 0 7 6 0.000000000 0.999990523 0.000009459
2204 1 2 0 7 7 0.000000000 0.999965847 0.000034163
2205 1 2 0 7 8 0.000000000 0.999984264 0.000015727
2206 1 2 0 7 9 0.000000000 0.999978840 0.000021186
2207 1 2 0 7 10 0.000000000 0.999981165 0.000018817
2208 1 2 0 7 11 0.000000000 0.999987185 0.000012805
2209 1 2 0 7 12 0.000000000 0.999981046 0.000018962
2210 1 2 0 8 0 0.000000000 0.999989092 0.000010920
2211 1 2 0 8 1 0.000000000 0.999988794 0.000011180
2212 1 2 0 8 2 0.000000000 0.999989927 0.000010076
2213 1 2 0 8 3 0.000000000 0.999990761 0.000009261
2214 1 2 0 8 4 0.000000000 0.999988794 0.000011185
2215 1 2 0 8 5 0.000000000 0.999987900 0.000012100
2216 1 2 0 8 6 0.000000000 0.999991834 0.000008174
2217 1 2 0 8 7 0.000000000 0.999991119 0.000008865
2218 1 2 0 8 8 0.000000000 0.999952197 0.000047791
2219 1 2 0 8 9 0.000000000 0.999980092 0.000019914
2220 1 2 0 8 10 0.000000000 0.999983370 0.000016602
2221 1 2 0 8 11 0.000000000 0.999985874 0.000014153
2222 1 2 0 8 12 0.000000000 0.999983191 0.000016793
2223 1 2 0 9 0 0.000000000 0.999982834 0.000017152
2224 1 2 0 9 1 0.000000000 0.999983966 0.000016049
2225 1 2 0 9 2 0.000000000 0.999984026 0.000015955
2226 1 2 0 9 3 0.000000000 0.999985695 0.000014294
2227 1 2 0 9 4 0.000000000 0.999984145 0.000015883
2228 1 2 0 9 5 0.000000000 0.999984145 0.000015863
2229 1 2 0 9 6 0.000000000 0.999986768 0.000013261
2230 1 2 0 9 7 0.000000000 0.999984682 0.000015346
2231 1 2 0 9 8 0.000000000 0.999982357 0.000017652
2232 1 2 0 9 9 0.000000000 0.999895215 0.000104800
2233 1 2 0 9 10 0.000000000 0.999975145 0.000024836
2234 1 2 0 9 11 0.000000000 0.999978483 0.000021497
2235 1 2 0 9 12 0.000000000 0.999970376 0.000029595
2236 1 2 0 10 0 0.000000000 0.999988019 0.000012008
2237 1 2 0 10 1 0.000000000 0.999986768 0.000013234
2238 1 2 0 10 2 0.000000000 0.999987662 0.000012312
2239 1 2 0 10 3 0.000000000 0.999988437 0.000011538
2240 1 2 0 10 4 0.000000000 0.999984503 0.000015486
2241 1 2 0 10 5 0.000000000 0.999983490 0.000016526
2242 1 2 0 10 6 0.000000000 0.999988914 0.000011081
2243 1 2 0 10 7 0.000000000 0.999989212 0.000010800
2244 1 2 0 10 8 0.000000000 0.999987662 0.000012312
2245 1 2 0 10 9 0.000000000 0.999978423 0.000021572
2246 1 2 0 10 10 0.000000000 0.999892116 0.000107856
2247 1 2 0 10 11 0.000000000 0.999972582 0.000027408
2248 1 2 0 10 12 0.000000000 0.999977171 0.000022811
2249 1 2 0 11 0 0.000000000 0.999985397 0.000014593
2250 1 2 0 11 1 0.000000000 0.999984920 0.000015089
2251 1 2 0 11 2 0.000000000 0.999985576 0.000014431
2252 1 2 0 11 3 0.000000000 0.999987185 0.000012811
2253 1 2 0 11 4 0.000000000 0.999984503 0.000015504
2254 1 2 0 11 5 0.000000000 0.999982893 0.000017124
2255 1 2 0 11 6 0.000000000 0.999988198 0.000011797
2256 1 2 0 11 7 0.000000000 0.999986768 0.000013217
2257 1 2 0 11 8 0.000000000 0.999985933 0.000014053
2258 1 2 0 11 9 0.000000000 0.999977291 0.000022702
2259 1 2 0 11 10 0.000000000 0.999987781 0.000012215
2260 1 2 0 11 11 0.000000000 0.999977589 0.000022395
2261 1 2 0 11 12 0.000000000 0.999979734 0.000020248
2262 1 2 0 12 0 0.000000000 0.999777675 0.000222321
2263 1 2 0 12 1 0.000000000 0.999804139 0.000195888
2264 1 2 0 12 2 0.000000000 0.999725342 0.000274635
2265 1 2 0 12 3 0.000000000 0.999776959 0.000223018
2266 1 2 0 12 4 0.000000000 0.999868453 0.000131545
2267 1 2 0 12 5 0.000000000 0.999853253 0.000146732
2268 1 2 0 12 6 0.000000000 0.999847770 0.000152229
2269 1 2 0 12 7 0.000000000 0.999838948 0.000161060
2270 1 2 0 12 8 0.000000000 0.999843061 0.000156961
2271 1 2 0 12 9 0.000000000 0.999083936 0.000916077
2272 1 2 0 12 10 0.000000000 0.999866962 0.000133067
2273 1 2 0 12 11 0.000000000 0.999964416 0.000035596
2274 1 2 0 12 12 0.000000000 0.999217868 0.000782130
2275 1 2 1 0 0 0.000000000 0.000004931 0.999995053
2276 1 2 1 0 1 0.000000000 0.409176439 0.590823591
2277 1 2 1 0 2 0.000000000 0.410547346 0.589452684
2278 1 2 1 0 3 0.000000000 0.671864331 0.328135669
2279 1 2 1 0 4 0.000000000 0.672080159 0.327919871
2280 1 2 1 0 5 0.000000000 0.673054397 0.326945603
2281 1 2 1 0 6 0.000000000 0.672411919 0.327588081
2282 1 2 1 0 7 0.000000000 0.671123505 0.328876466
2283 1 2 1 0 8 0.000000000 0.675276577 0.324723452
2284 1 2 1 0 9 0.000000000 0.698240697 0.301759273
2285 1 2 1 0 10 0.000000000 0.717389882 0.282610118
2286 1 2 1 0 11 0.000000000 0.647088230 0.352911770
2287 1 2 1 0 12 0.000000000 0.773345768 0.226654217
2288 1 2 1 1 0 0.000000000 0.408490330 0.591509700
2289 1 2 1 1 1 0.000000000 0.000004579 0.999995410
2290 1 2 1 1 2 0.000000000 0.409358412 0.590641558
2291 1 2 1 1 3 0.000000000 0.672035694 0.327964306
2292 1 2 1 1 4 0.000000000 0.672256052 0.327743918
2293 1 2 1 1 5 0.000000000 0.673180997 0.326819032
2294 1 2 1 1 6 0.000000000 0.672603905 0.327396065
2295 1 2 1 1 7 0.000000000 0.671100795 0.328899175
2296 1 2 1 1 8 0.000000000 0.675273180 0.324726820
2297 1 2 1 1 9 0.000000000 0.698258102 0.301741928
2298 1 2 1 1 10 0.000000000 0.717364609 0.282635361
2299 1 2 1 1 11 0.000000000 0.647263110 0.352736890
2300 1 2 1 1 12 0.000000000 0.773532629 0.226467341
2301 1 2 1 2 0 0.000000000 0.417511880 0.582488120
2302 1 2 1 2 1 0.000000000 0.417500615 0.582499385
2303 1 2 1 2 2 0.000000000 0.000004507 0.999995470
2304 1 2 1 2 3 0.000000000 0.679877639 0.320122361
2305 1 2 1 2 4 0.000000000 0.680071533 0.319928437
2306 1 2 1 2 5 0.000000000 0.678287625 0.321712404
2307 1 2 1 2 6 0.000000000 0.679448962 0.320551068
2308 1 2 1 2 7 0.000000000 0.682346582 0.317653418
2309 1 2 1 2 8 0.000000000 0.674228430 0.325771540
2310 1 2 1 2 9 0.000000000 0.705458224 0.294541776
2311 1 2 1 2 10 0.000000000 0.721982598 0.278017402
2312 1 2 1 2 11 0.000000000 0.644693911 0.355306089
2313 1 2 1 2 12 0.000000000 0.769899130 0.230100855
2314 1 2 1 3 0 0.000000000 0.631652117 0.368347853
2315 1 2 1 3 1 0.000000000 0.649664938 0.350335091
2316 1 2 1 3 2 0.000000000 0.597399592 0.402600378
2317 1 2 1 3 3 0.000000000 0.003484291 0.996515691
2318 1 2 1 3 4 0.000000000 0.834778368 0.165221602
2319 1 2 1 3 5 0.000000000 0.821536958 0.178463042
2320 1 2 1 3 6 0.000000000 0.844095349 0.155904651
2321 1 2 1 3 7 0.000000000 0.865657985 0.134342000
2322 1 2 1 3 8 0.000000000 0.821703136 0.178296864
2323 1 2 1 3 9 0.000000000 0.861096263 0.138903722
2324 1 2 1 3 10 0.000000000 0.833512843 0.166487172
2325 1 2 1 3 11 0.000000000 0.814357579 0.185642451
2326 1 2 1 3 12 0.000000000 0.836490393 0.163509592
2327 1 2 1 4 0 0.000000000 0.658196747 0.341803223
2328 1 2 1 4 1 0.000000000 0.716319382 0.283680648
2329 1 2 1 4 2 0.000000000 0.719297588 0.280702412
2330 1 2 1 4 3 0.000000000 0.695771635 0.304228395
2331 1 2 1 4 4 0.000000000 0.046917282 0.953082740
2332 1 2 1 4 5 0.000000000 0.874723494 0.125276491
2333 1 2 1 4 6 0.000000000 0.861282945 0.138717055
2334 1 2 1 4 7 0.000000000 0.865785956 0.134214014
2335 1 2 1 4 8 0.000000000 0.797355831 0.202644184
2336 1 2 1 4 9 0.000000000 0.846470535 0.153529450
2337 1 2 1 4 10 0.000000000 0.776852548 0.223147437
2338 1 2 1 4 11 0.000000000 0.788859904 0.211140111
2339 1 2 1 4 12 0.000000000 0.787366867 0.212633133
2340 1 2 1 5 0 0.000000000 0.500000000 0.500000000
2341 1 2 1 5 1 0.000000000 0.500000000 0.500000000
2342 1 2 1 5 2 0.000000000 0.500000000 0.500000000
2343 1 2 1 5 3 0.000000000 0.500000000 0.500000000
2344 1 2 1 5 4 0.000000000 0.500000000 0.500000000
2345 1 2 1 5 5 0.000000000 0.500000000 0.500000000
2346 1 2 1 5 6 0.000000000 0.500000000 0.500000000
2347 1 2 1 5 7 0.000000000 0.500000000 0.500000000
2348 1 2 1 5 8 0.000000000 0.500000000 0.500000000
2349 1 2 1 5 9 0.000000000 0.500000000 0.500000000
2350 1 2 1 5 10 0.000000000 0.500000000 0.500000000
2351 1 2 1 5 11 0.000000000 0.500000000 0.500000000
2352 1 2 1 5 12 0.000000000 0.500000000 0.500000000
2353 1 2 1 6 0 0.000000000 0.812486231 0.187513769
2354 1 2 1 6 1 0.000000000 0.867749929 0.132250056
2355 1 2 1 6 2 0.000000000 0.857772410 0.142227605
2356 1 2 1 6 3 0.000000000 0.839900017 0.160099983
2357 1 2 1 6 4 0.000000000 0.864477456 0.135522574
2358 1 2 1 6 5 0.000000000 0.879012764 0.120987207
2359 1 2 1 6 6 0.000000000 0.069031775 0.930968225
2360 1 2 1 6 7 0.000000000 0.886474013 0.113525972
2361 1 2 1 6 8 0.000000000 0.865662575 0.134337425
2362 1 2 1 6 9 0.000000000 0.928737640 0.071262360
2363 1 2 1 6 10 0.000000000 0.862586975 0.137413025
2364 1 2 1 6 11 0.000000000 0.872931242 0.127068773
2365 1 2 1 6 12 0.000000000 0.864574969 0.135425016
2366 1 2 1 7 0 0.000000000 0.861072659 0.138927355
2367 1 2 1 7 1 0.000000000 0.888768554 0.111231469
2368 1 2 1 7 2 0.000000000 0.881347060 0.118652947
2369 1 2 1 7 3 0.000000000 0.880546629 0.119453393
2370 1 2 1 7 4 0.000000000 0.906753242 0.093246765
2371 1 2 1 7 5 0.000000000 0.914965808 0.085034192
2372 1 2 1 7 6 0.000000000 0.860143244 0.139856786
2373 1 2 1 7 7 0.000000000 0.089235447 0.910764575
2374 1 2 1 7 8 0.000000000 0.900047004 0.099952981
2375 1 2 1 7 9 0.000000000 0.973380446 0.026619557
2376 1 2 1 7 10 0.000000000 0.924019396 0.075980604
2377 1 2 1 7 11 0.000000000 0.926526189 0.073473796
2378 1 2 1 7 12 0.000000000 0.915478408 0.084521577
2379 1 2 1 8 0 0.000000000 0.876077950 0.123922080
2380 1 2 1 8 1 0.000000000 0.908196688 0.091803320
2381 1 2 1 8 2 0.000000000 0.906140268 0.093859755
2382 1 2 1 8 3 0.000000000 0.922360778 0.077639252
2383 1 2 1 8 4 0.000000000 0.933106005 0.066894010
2384 1 2 1 8 5 0.000000000 0.925382435 0.074617587
2385 1 2 1 8 6 0.000000000 0.897463679 0.102536328
2386 1 2 1 8 7 0.000000000 0.887290657 0.112709351
2387 1 2 1 8 8 0.000000000 0.060529001 0.939471006
2388 1 2 1 8 9 0.000000000 0.782597065 0.217402935
2389 1 2 1 8 10 0.000000000 0.797334969 0.202665016
2390 1 2 1 8 11 0.000000000 0.816723645 0.183276370
2391 1 2 1 8 12 0.000000000 0.820167124 0.179832861
2392 1 2 1 9 0 0.000000000 0.999912798 0.000087216
2393 1 2 1 9 1 0.000000000 0.999918044 0.000081950
2394 1 2 1 9 2 0.000000000 0.999921322 0.000078671
2395 1 2 1 9 3 0.000000000 0.999940991 0.000059001
2396 1 2 1 9 4 0.000000000 0.999939978 0.000060018
2397 1 2 1 9 5 0.000000000 0.999933600 0.000066421
2398 1 2 1 9 6 0.000000000 0.999956310 0.000043717
2399 1 2 1 9 7 0.000000000 0.999942958 0.000057048
2400 1 2 1 9 8 0.000000000 0.999937654 0.000062322
2401 1 2 1 9 9 0.000000000 0.000014469 0.999985516
2402 1 2 1 9 10 0.000000000 0.999666452 0.000333519
2403 1 2 1 9 11 0.000000000 0.999692440 0.000307575
2404 1 2 1 9 12 0.000000000 0.999720156 0.000279835
2405 1 2 1 10 0 0.000000000 0.997380257 0.002619765
2406 1 2 1 10 1 0.000000000 0.997347653 0.002652321
2407 1 2 1 10 2 0.000000000 0.996598065 0.003401955
2408 1 2 1 10 3 0.000000000 0.997590363 0.002409634
2409 1 2 1 10 4 0.000000000 0.998545885 0.001454115
2410 1 2 1 10 5 0.000000000 0.998640418 0.001359593
2411 1 2 1 10 6 0.000000000 0.998790085 0.001209927
2412 1 2 1 10 7 0.000000000 0.999176681 0.000823305
2413 1 2 1 10 8 0.000000000 0.999511719 0.000488252
2414 1 2 1 10 9 0.000000000 0.999777973 0.000222002
2415 1 2 1 10 10 0.000000000 0.000008701 0.999991298
2416 1 2 1 10 11 0.000000000 0.000114907 0.999885082
2417 1 2 1 10 12 0.000000000 0.990505338 0.009494657
2418 1 2 1 11 0 0.000000000 0.000012861 0.999987125
2419 1 2 1 11 1 0.000000000 0.000012004 0.999988019
2420 1 2 1 11 2 0.000000000 0.000012025 0.999987960
2421 1 2 1 11 3 0.000000000 0.000011996 0.999988019
2422 1 2 1 11 4 0.000000000 0.000011996 0.999988019
2423 1 2 1 11 5 0.000000000 0.000011996 0.999988019
2424 1 2 1 11 6 0.000000000 0.000011976 0.999988019
2425 1 2 1 11 7 0.000000000 0.000013107 0.999986887
2426 1 2 1 11 8 0.000000000 0.000020654 0.999979317
2427 1 2 1 11 9 0.000000000 0.406341404 0.593658566
2428 1 2 1 11 10 0.000000000 0.702685297 0.297314674
2429 1 2 1 11 11 0.000000000 0.000006516 0.999993503
2430 1 2 1 11 12 0.000000000 0.000006386 0.999993622
2431 1 2 1 12 0 0.000000000 0.000006034 0.999993980
2432 1 2 1 12 1 0.000000000 0.000005759 0.999994218
2433 1 2 1 12 2 0.000000000 0.000005768 0.999994218
2434 1 2 1 12 3 0.000000000 0.000005756 0.999994218
2435 1 2 1 12 4 0.000000000 0.000005756 0.999994218
2436 1 2 1 12 5 0.000000000 0.000005756 0.999994218
2437 1 2 1 12 6 0.000000000 0.000005748 0.999994278
2438 1 2 1 12 7 0.000000000 0.000005697 0.999994278
2439 1 2 1 12 8 0.000000000 0.000008093 0.999991894
2440 1 2 1 12 9 0.000000000 0.000003942 0.999996066
2441 1 2 1 12 10 0.000000000 0.000003258 0.999996722
2442 1 2 1 12 11 0.000000000 0.000003258 0.999996722
2443 1 2 1 12 12 0.000000000 0.000003223 0.999996781
2444 1 2 2 0 0 0.000000491 0.000002690 0.999996841
2445 1 2 2 0 1 0.999988496 0.000000491 0.000011014
2446 1 2 2 0 2 0.999990225 0.000000491 0.000009289
2447 1 2 2 0 3 0.999992549 0.000000491 0.000006951
2448 1 2 2 0 4 0.999726117 0.000000491 0.000273393
2449 1 2 2 0 5 0.999877274 0.000000491 0.000122219
2450 1 2 2 0 6 0.999969900 0.000000491 0.000029618
2451 1 2 2 0 7 0.999990046 0.000000491 0.000009489
2452 1 2 2 0 8 0.999979079 0.000000502 0.000020427
2453 1 2 2 0 9 0.982566237 0.000000491 0.017433297
2454 1 2 2 0 10 0.984018862 0.000000491 0.015980627
2455 1 2 2 0 11 0.999990404 0.000000491 0.000009097
2456 1 2 2 0 12 0.998920262 0.000000491 0.001079259
2457 1 2 2 1 0 0.999988973 0.000000492 0.000010524
2458 1 2 2 1 1 0.000000492 0.000002548 0.999996960
2459 1 2 2 1 2 0.999990165 0.000000560 0.000009284
2460 1 2 2 1 3 0.999992490 0.000000558 0.000006971
2461 1 2 2 1 4 0.999702930 0.000000558 0.000296494
2462 1 2 2 1 5 0.999867201 0.000000558 0.000132257
2463 1 2 2 1 6 0.999967873 0.000000556 0.000031549
2464 1 2 2 1 7 0.999989986 0.000000556 0.000009461
2465 1 2 2 1 8 0.999979556 0.000000585 0.000019853
2466 1 2 2 1 9 0.982695282 0.000000551 0.017304143
2467 1 2 2 1 10 0.984146237 0.000000552 0.015853211
2468 1 2 2 1 11 0.999990344 0.000000554 0.000009076
2469 1 2 2 1 12 0.998940289 0.000000554 0.001059168
2470 1 2 2 2 0 0.999989152 0.000000488 0.000010347
2471 1 2 2 2 1 0.999988735 0.000000551 0.000010687
2472 1 2 2 2 2 0.000000488 0.000002545 0.999996960
2473 1 2 2 2 3 0.999992609 0.000000552 0.000006826
2474 1 2 2 2 4 0.999598503 0.000000552 0.000400938
2475 1 2 2 2 5 0.999822617 0.000000552 0.000176847
2476 1 2 2 2 6 0.999959528 0.000000550 0.000039951
2477 1 2 2 2 7 0.999990106 0.000000550 0.000009325
2478 1 2 2 2 8 0.999979675 0.000000576 0.000019757
2479 1 2 2 2 9 0.982577860 0.000000545 0.017421572
2480 1 2 2 2 10 0.983996272 0.000000547 0.016003205
2481 1 2 2 2 11 0.999990284 0.000000548 0.000009173
2482 1 2 2 2 12 0.998893023 0.000000549 0.001106438
2483 1 2 2 3 0 0.991104424 0.000479555 0.008416029
2484 1 2 2 3 1 0.990870893 0.000481990 0.008647130
2485 1 2 2 3 2 0.992139578 0.000481810 0.007378603
2486 1 2 2 3 3 0.000479555 0.001960304 0.997560143
2487 1 2 2 3 4 0.992476463 0.000482038 0.007041498
2488 1 2 2 3 5 0.993305027 0.000482038 0.006212951
2489 1 2 2 3 6 0.991882265 0.000481965 0.007635755
2490 1 2 2 3 7 0.991849601 0.000481941 0.007668479
2491 1 2 2 3 8 0.985112369 0.000485982 0.014401619
2492 1 2 2 3 9 0.991983294 0.000481767 0.007534953
2493 1 2 2 3 10 0.965724945 0.000646598 0.033628434
2494 1 2 2 3 11 0.992482543 0.000484383 0.007033081
2495 1 2 2 3 12 0.992110610 0.000481900 0.007407488
2496 1 2 2 4 0 0.899056137 0.028182611 0.072761245
2497 1 2 2 4 1 0.898859203 0.025511330 0.075629488
2498 1 2 2 4 2 0.907431304 0.019477848 0.073090866
2499 1 2 2 4 3 0.932253182 0.009905384 0.057841457
2500 1 2 2 4 4 0.009905384 0.025809955 0.964284658
2501 1 2 2 4 5 0.904646993 0.038218826 0.057134155
2502 1 2 2 4 6 0.897723615 0.034716476 0.067559928
2503 1 2 2 4 7 0.897049785 0.033418488 0.069531702
2504 1 2 2 4 8 0.902219594 0.033638321 0.064142086
2505 1 2 2 4 9 0.903358340 0.031652030 0.064989649
2506 1 2 2 4 10 0.902174771 0.031810310 0.066014901
2507 1 2 2 4 11 0.903109729 0.031922068 0.064968176
2508 1 2 2 4 12 0.901748240 0.031884238 0.066367492
2509 1 2 2 5 0 0.333333343 0.333333343 0.333333343
2510 1 2 2 5 1 0.333333343 0.333333343 0.333333343
2511 1 2 2 5 2 0.333333343 0.333333343 0.333333343
2512 1 2 2 5 3 0.333333343 0.333333343 0.333333343
2513 1 2 2 5 4 0.333333343 0.333333343 0.333333343
2514 1 2 2 5 5 0.333333343 0.333333343 0.333333343
2515 1 2 2 5 6 0.333333343 0.333333343 0.333333343
2516 1 2 2 5 7 0.333333343 0.333333343 0.333333343
2517 1 2 2 5 8 0.333333343 0.333333343 0.333333343
2518 1 2 2 5 9 0.333333343 0.333333343 0.333333343
2519 1 2 2 5 10 0.333333343 0.333333343 0.333333343
2520 1 2 2 5 11 0.333333343 0.333333343 0.333333343
2521 1 2 2 5 12 0.333333343 0.333333343 0.333333343
2522 1 2 2 6 0 0.593342423 0.314476430 0.092181168
2523 1 2 2 6 1 0.604853928 0.305809498 0.089336559
2524 1 2 2 6 2 0.641589642 0.277720302 0.080690041
2525 1 2 2 6 3 0.773771405 0.165645555 0.060583048
2526 1 2 2 6 4 0.793620288 0.143556073 0.062823631
2527 1 2 2 6 5 0.806486368 0.131398529 0.062115092
2528 1 2 2 6 6 0.003222509 0.045335349 0.951442122
2529 1 2 2 6 7 0.547953069 0.347955167 0.104091763
2530 1 2 2 6 8 0.565081120 0.327270746 0.107648104
2531 1 2 2 6 9 0.572037756 0.312510997 0.115451247
2532 1 2 2 6 10 0.576329172 0.316474319 0.107196517
2533 1 2 2 6 11 0.597308517 0.299340069 0.103351444
2534 1 2 2 6 12 0.586291313 0.307835966 0.105872720
2535 1 2 2 7 0 0.454580426 0.356309325 0.189110264
2536 1 2 2 7 1 0.460297644 0.371209323 0.168493032
2537 1 2 2 7 2 0.486765325 0.362942815 0.150291860
2538 1 2 2 7 3 0.553520203 0.333964884 0.112514921
2539 1 2 2 7 4 0.557949126 0.327743292 0.114307605
2540 1 2 2 7 5 0.563753664 0.323034436 0.113211907
2541 1 2 2 7 6 0.519920528 0.341405690 0.138673782
2542 1 2 2 7 7 0.004860643 0.064643718 0.930495620
2543 1 2 2 7 8 0.399660200 0.366568208 0.233771577
2544 1 2 2 7 9 0.402816147 0.361112624 0.236071229
2545 1 2 2 7 10 0.410290420 0.362168103 0.227541462
2546 1 2 2 7 11 0.426936775 0.364380687 0.208682552
2547 1 2 2 7 12 0.422112614 0.364784062 0.213103339
2548 1 2 2 8 0 0.355687648 0.365333587 0.278978765
2549 1 2 2 8 1 0.323360384 0.394020945 0.282618672
2550 1 2 2 8 2 0.347543836 0.386837453 0.265618712
2551 1 2 2 8 3 0.399104953 0.379321069 0.221573964
2552 1 2 2 8 4 0.395547420 0.381067604 0.223384991
2553 1 2 2 8 5 0.396016836 0.381346196 0.222636983
2554 1 2 2 8 6 0.383725524 0.373162240 0.243112236
2555 1 2 2 8 7 0.390513688 0.367878675 0.241607651
2556 1 2 2 8 8 0.005584919 0.066316485 0.928098619
2557 1 2 2 8 9 0.282006979 0.373124301 0.344868720
2558 1 2 2 8 10 0.281291991 0.378839374 0.339868635
2559 1 2 2 8 11 0.293670923 0.379315823 0.327013254
2560 1 2 2 8 12 0.291176170 0.381310642 0.327513188
2561 1 2 2 9 0 0.155520633 0.450919002 0.393560350
2562 1 2 2 9 1 0.181858763 0.444819868 0.373321354
2563 1 2 2 9 2 0.180507436 0.451422185 0.368070364
2564 1 2 2 9 3 0.190674230 0.474657297 0.334668458
2565 1 2 2 9 4 0.218892798 0.455999404 0.325107813
2566 1 2 2 9 5 0.224904597 0.454489887 0.320605516
2567 1 2 2 9 6 0.198830396 0.464216739 0.336952865
2568 1 2 2 9 7 0.192111626 0.469549805 0.338338554
2569 1 2 2 9 8 0.221775010 0.476268321 0.301956683
2570 1 2 2 9 9 0.000001229 0.000014292 0.999984503
2571 1 2 2 9 10 0.194148749 0.413385451 0.392465800
2572 1 2 2 9 11 0.242764860 0.378797531 0.378437608
2573 1 2 2 9 12 0.288346797 0.391428828 0.320224375
2574 1 2 2 10 0 0.113676809 0.313263386 0.573059797
2575 1 2 2 10 1 0.148719996 0.268702567 0.582577407
2576 1 2 2 10 2 0.151770681 0.274744034 0.573485255
2577 1 2 2 10 3 0.159084961 0.302267402 0.538647652
2578 1 2 2 10 4 0.181537196 0.270998895 0.547463894
2579 1 2 2 10 5 0.180773079 0.270980835 0.548246086
2580 1 2 2 10 6 0.171820462 0.321502924 0.506676614
2581 1 2 2 10 7 0.153227478 0.321793199 0.524979353
2582 1 2 2 10 8 0.114724636 0.395208180 0.490067184
2583 1 2 2 10 9 0.357357144 0.482399046 0.160243794
2584 1 2 2 10 10 0.000000702 0.000008534 0.999990761
2585 1 2 2 10 11 0.230393171 0.131160051 0.638446808
2586 1 2 2 10 12 0.491393924 0.341592848 0.167013228
2587 1 2 2 11 0 0.459037930 0.124273859 0.416688204
2588 1 2 2 11 1 0.406257480 0.124966420 0.468776077
2589 1 2 2 11 2 0.398133099 0.122804210 0.479062676
2590 1 2 2 11 3 0.474525928 0.124884397 0.400589675
2591 1 2 2 11 4 0.470762014 0.155389652 0.373848349
2592 1 2 2 11 5 0.459937096 0.151336163 0.388726741
2593 1 2 2 11 6 0.457922250 0.162850082 0.379227668
2594 1 2 2 11 7 0.484187931 0.145533070 0.370279014
2595 1 2 2 11 8 0.377256125 0.323591411 0.299152464
2596 1 2 2 11 9 0.540767550 0.433580995 0.025651470
2597 1 2 2 11 10 0.513840616 0.453528076 0.032631319
2598 1 2 2 11 11 0.000000508 0.000006369 0.999993145
2599 1 2 2 11 12 0.226892099 0.172920361 0.600187540
2600 1 2 2 12 0 0.000000333 0.000003552 0.999996126
2601 1 2 2 12 1 0.000000333 0.000003512 0.999996126
2602 1 2 2 12 2 0.000000333 0.000003537 0.999996126
2603 1 2 2 12 3 0.000000333 0.006950323 0.993049324
2604 1 2 2 12 4 0.015589075 0.046118166 0.938292742
2605 1 2 2 12 5 0.015433199 0.044547420 0.940019369
2606 1 2 2 12 6 0.032873198 0.053101599 0.914025187
2607 1 2 2 12 7 0.035478484 0.036276240 0.928245246
2608 1 2 2 12 8 0.026585151 0.146164775 0.827250063
2609 1 2 2 12 9 0.000019611 0.302740723 0.697239697
2610 1 2 2 12 10 0.089894660 0.265943795 0.644161522
2611 1 2 2 12 11 0.095855981 0.051449183 0.852694809
2612 1 2 2 12 12 0.000000333 0.000003218 0.999996424
2613 1 2 3 0 0 0.265657514 0.265657514 0.468684971
2614 1 2 3 0 1 0.382103175 0.311348021 0.306548804
2615 1 2 3 0 2 0.382103175 0.311348021 0.306548804
2616 1 2 3 0 3 0.382103175 0.311348021 0.306548804
2617 1 2 3 0 4 0.382103175 0.311348021 0.306548804
2618 1 2 3 0 5 0.382103175 0.311348021 0.306548804
2619 1 2 3 0 6 0.394217700 0.309268504 0.296513796
2620 1 2 3 0 7 0.395338744 0.310899317 0.293761969
2621 1 2 3 0 8 0.396335721 0.314361781 0.289302498
2622 1 2 3 0 9 0.396819264 0.313518792 0.289661974
2623 1 2 3 0 10 0.397285223 0.313229948 0.289484829
2624 1 2 3 0 11 0.396207750 0.313492179 0.290300071
2625 1 2 3 0 12 0.397535592 0.313307583 0.289156824
2626 1 2 3 1 0 0.334025085 0.333021492 0.332953423
2627 1 2 3 1 1 0.333333343 0.333333343 0.333333343
2628 1 2 3 1 2 0.333617240 0.333190262 0.333192497
2629 1 2 3 1 3 0.333617240 0.333190262 0.333192497
2630 1 2 3 1 4 0.333617240 0.333190262 0.333192497
2631 1 2 3 1 5 0.333617240 0.333190262 0.333192497
2632 1 2 3 1 6 0.333690614 0.333181769 0.333127618
2633 1 2 3 1 7 0.333695292 0.333196074 0.333108634
2634 1 2 3 1 8 0.333694428 0.333223999 0.333081543
2635 1 2 3 1 9 0.333698779 0.333217800 0.333083421
2636 1 2 3 1 10 0.333701789 0.333215833 0.333082378
2637 1 2 3 1 11 0.333695650 0.333217263 0.333087087
2638 1 2 3 1 12 0.333702922 0.333216578 0.333080500
2639 1 2 3 2 0 0.725741446 0.148261905 0.125996664
2640 1 2 3 2 1 0.743796587 0.134579852 0.121623538
2641 1 2 3 2 2 0.333333343 0.333333343 0.333333343
2642 1 2 3 2 3 0.724293351 0.156852514 0.118854128
2643 1 2 3 2 4 0.716135085 0.162785023 0.121079870
2644 1 2 3 2 5 0.703999817 0.172940016 0.123060159
2645 1 2 3 2 6 0.747295976 0.147097945 0.105606072
2646 1 2 3 2 7 0.693648160 0.180936709 0.125415146
2647 1 2 3 2 8 0.600693583 0.269557565 0.129748866
2648 1 2 3 2 9 0.645313680 0.175052330 0.179633960
2649 1 2 3 2 10 0.685761094 0.154253379 0.159985542
2650 1 2 3 2 11 0.683262110 0.156119391 0.160618514
2651 1 2 3 2 12 0.707973063 0.140201285 0.151825652
2652 1 2 3 3 0 0.946281672 0.053274408 0.000443910
2653 1 2 3 3 1 0.951665342 0.048016801 0.000317836
2654 1 2 3 3 2 0.970418274 0.029564161 0.000017554
2655 1 2 3 3 3 0.000001845 0.000001845 0.999996305
2656 1 2 3 3 4 0.908736408 0.060535029 0.030728541
2657 1 2 3 3 5 0.866967738 0.079083934 0.053948306
2658 1 2 3 3 6 0.869597375 0.081532262 0.048870392
2659 1 2 3 3 7 0.930677295 0.044961423 0.024361253
2660 1 2 3 3 8 0.914781690 0.045295745 0.039922539
2661 1 2 3 3 9 0.927319825 0.042295948 0.030384202
2662 1 2 3 3 10 0.891669631 0.067799091 0.040531266
2663 1 2 3 3 11 0.859206080 0.090312034 0.050481863
2664 1 2 3 3 12 0.923120737 0.065546423 0.011332828
2665 1 2 3 4 0 0.944453597 0.054870103 0.000676283
2666 1 2 3 4 1 0.944703102 0.054803401 0.000493488
2667 1 2 3 4 2 0.960030556 0.039916623 0.000052825
2668 1 2 3 4 3 0.915075004 0.052274533 0.032650489
2669 1 2 3 4 4 0.000000255 0.000000255 0.999999464
2670 1 2 3 4 5 0.879335463 0.075053990 0.045610562
2671 1 2 3 4 6 0.872000635 0.079979055 0.048020314
2672 1 2 3 4 7 0.934875786 0.041421507 0.023702689
2673 1 2 3 4 8 0.897800982 0.064254291 0.037944745
2674 1 2 3 4 9 0.864103556 0.106078066 0.029818352
2675 1 2 3 4 10 0.897569895 0.066329405 0.036100715
2676 1 2 3 4 11 0.867405832 0.085968405 0.046625741
2677 1 2 3 4 12 0.931726754 0.058017533 0.010255733
2678 1 2 3 5 0 0.945615172 0.053729601 0.000655207
2679 1 2 3 5 1 0.946127474 0.053392336 0.000480221
2680 1 2 3 5 2 0.960783422 0.039164744 0.000051835
2681 1 2 3 5 3 0.909487367 0.059648879 0.030863734
2682 1 2 3 5 4 0.912412226 0.059491437 0.028096352
2683 1 2 3 5 5 0.000000243 0.000000243 0.999999523
2684 1 2 3 5 6 0.839527130 0.120949261 0.039523628
2685 1 2 3 5 7 0.935721457 0.040943637 0.023334920
2686 1 2 3 5 8 0.901155651 0.061291404 0.037552956
2687 1 2 3 5 9 0.836473882 0.135477483 0.028048621
2688 1 2 3 5 10 0.897972524 0.066155374 0.035872091
2689 1 2 3 5 11 0.868262589 0.085533291 0.046204098
2690 1 2 3 5 12 0.932630539 0.057212360 0.010157125
2691 1 2 3 6 0 0.939027309 0.060355976 0.000616690
2692 1 2 3 6 1 0.947499931 0.052029613 0.000470456
2693 1 2 3 6 2 0.961600840 0.038348038 0.000051122
2694 1 2 3 6 3 0.905308187 0.065582775 0.029109033
2695 1 2 3 6 4 0.915532172 0.057316717 0.027151112
2696 1 2 3 6 5 0.872523248 0.085141502 0.042335253
2697 1 2 3 6 6 0.000000206 0.000000206 0.999999583
2698 1 2 3 6 7 0.855938196 0.125862852 0.018198969
2699 1 2 3 6 8 0.868357062 0.097222514 0.034420405
2700 1 2 3 6 9 0.807063341 0.166038305 0.026898323
2701 1 2 3 6 10 0.838100314 0.130437523 0.031462189
2702 1 2 3 6 11 0.829355597 0.130519733 0.040124677
2703 1 2 3 6 12 0.931890786 0.057902299 0.010206939
2704 1 2 3 7 0 0.809155107 0.190426394 0.000418474
2705 1 2 3 7 1 0.765162408 0.234536976 0.000300625
2706 1 2 3 7 2 0.771297038 0.228647828 0.000055106
2707 1 2 3 7 3 0.731384158 0.255206168 0.013409661
2708 1 2 3 7 4 0.741714478 0.242929846 0.015355695
2709 1 2 3 7 5 0.737004042 0.241307884 0.021688061
2710 1 2 3 7 6 0.778771400 0.193239525 0.027989043
2711 1 2 3 7 7 0.000000145 0.000000145 0.999999702
2712 1 2 3 7 8 0.745011926 0.228225619 0.026762450
2713 1 2 3 7 9 0.742858410 0.232319608 0.024822004
2714 1 2 3 7 10 0.715445697 0.256944537 0.027609745
2715 1 2 3 7 11 0.724431336 0.246033013 0.029535646
2716 1 2 3 7 12 0.794677198 0.197601959 0.007720816
2717 1 2 3 8 0 0.638951004 0.360752434 0.000296565
2718 1 2 3 8 1 0.634748816 0.364998788 0.000252410
2719 1 2 3 8 2 0.637843430 0.362091184 0.000065375
2720 1 2 3 8 3 0.619666457 0.372173905 0.008159634
2721 1 2 3 8 4 0.649077415 0.338427573 0.012495005
2722 1 2 3 8 5 0.655116439 0.330246359 0.014637228
2723 1 2 3 8 6 0.651811779 0.333876163 0.014312051
2724 1 2 3 8 7 0.683328271 0.303859323 0.012812400
2725 1 2 3 8 8 0.000000080 0.000000123 0.999999821
2726 1 2 3 8 9 0.670643747 0.303968370 0.025387883
2727 1 2 3 8 10 0.613898456 0.355427027 0.030674540
2728 1 2 3 8 11 0.635928392 0.340937436 0.023134140
2729 1 2 3 8 12 0.669035196 0.324618310 0.006346520
2730 1 2 3 9 0 0.435364902 0.564327121 0.000307985
2731 1 2 3 9 1 0.447857887 0.551887929 0.000254146
2732 1 2 3 9 2 0.457949460 0.541957080 0.000093455
2733 1 2 3 9 3 0.475945652 0.518699765 0.005354563
2734 1 2 3 9 4 0.513423026 0.475440353 0.011136644
2735 1 2 3 9 5 0.516898155 0.473763376 0.009338485
2736 1 2 3 9 6 0.521203279 0.468063682 0.010733018
2737 1 2 3 9 7 0.533460855 0.454824477 0.011714651
2738 1 2 3 9 8 0.617641747 0.357680440 0.024677785
2739 1 2 3 9 9 0.000000056 0.000000056 0.999999881
2740 1 2 3 9 10 0.370015293 0.576241851 0.053742874
2741 1 2 3 9 11 0.412485272 0.561352968 0.026161803
2742 1 2 3 9 12 0.414661855 0.579521775 0.005816364
2743 1 2 3 10 0 0.031471834 0.968170643 0.000357535
2744 1 2 3 10 1 0.036179397 0.963554502 0.000266086
2745 1 2 3 10 2 0.010497828 0.989477634 0.000024556
2746 1 2 3 10 3 0.080244914 0.908283234 0.011471841
2747 1 2 3 10 4 0.149288371 0.820617735 0.030093880
2748 1 2 3 10 5 0.171219200 0.807858586 0.020922229
2749 1 2 3 10 6 0.190051496 0.786024868 0.023923613
2750 1 2 3 10 7 0.163366914 0.784472704 0.052160371
2751 1 2 3 10 8 0.218159482 0.720900893 0.060939603
2752 1 2 3 10 9 0.348877966 0.587962508 0.063159540
2753 1 2 3 10 10 0.000000056 0.000000056 0.999999881
2754 1 2 3 10 11 0.000009264 0.999988258 0.000002472
2755 1 2 3 10 12 0.003479010 0.994139671 0.002381299
2756 1 2 3 11 0 0.000000072 0.999997795 0.000002163
2757 1 2 3 11 1 0.000000072 0.999997318 0.000002613
2758 1 2 3 11 2 0.000000072 0.999996960 0.000002949
2759 1 2 3 11 3 0.000000072 0.999995232 0.000004674
2760 1 2 3 11 4 0.000000072 0.999982715 0.000017193
2761 1 2 3 11 5 0.000000072 0.999974787 0.000025153
2762 1 2 3 11 6 0.000000072 0.999989331 0.000010601
2763 1 2 3 11 7 0.000000072 0.999967039 0.000032891
2764 1 2 3 11 8 0.000000072 0.999963462 0.000036480
2765 1 2 3 11 9 0.000012060 0.999966919 0.000021020
2766 1 2 3 11 10 0.000103169 0.999804556 0.000092287
2767 1 2 3 11 11 0.000000072 0.000000072 0.999999881
2768 1 2 3 11 12 0.000000072 0.999670088 0.000329835
2769 1 2 3 12 0 0.000000267 0.966882527 0.033117183
2770 1 2 3 12 1 0.000000267 0.974228799 0.025770923
2771 1 2 3 12 2 0.000000267 0.994745970 0.005253756
2772 1 2 3 12 3 0.000000267 0.000000267 0.999999464
2773 1 2 3 12 4 0.000000267 0.000000267 0.999999464
2774 1 2 3 12 5 0.000000267 0.000000267 0.999999464
2775 1 2 3 12 6 0.000000267 0.000000267 0.999999464
2776 1 2 3 12 7 0.000000267 0.000000267 0.999999464
2777 1 2 3 12 8 0.000000267 0.000000267 0.999999464
2778 1 2 3 12 9 0.000000267 0.990029156 0.009970585
2779 1 2 3 12 10 0.000000267 0.993755519 0.006244215
2780 1 2 3 12 11 0.000000267 0.996060848 0.003938865
2781 1 2 3 12 12 0.000000267 0.000000267 0.999999464
2782 1 2 4 0 0 0.128605902 0.871394098 0.000000000
2783 1 2 4 0 1 0.874691010 0.125308990 0.000000000
2784 1 2 4 0 2 0.874691010 0.125308990 0.000000000
2785 1 2 4 0 3 0.874691010 0.125308990 0.000000000
2786 1 2 4 0 4 0.874691010 0.125308990 0.000000000
2787 1 2 4 0 5 0.874691010 0.125308990 0.000000000
2788 1 2 4 0 6 0.873737454 0.126262575 0.000000000
2789 1 2 4 0 7 0.873903692 0.126096323 0.000000000
2790 1 2 4 0 8 0.874326348 0.125673637 0.000000000
2791 1 2 4 0 9 0.874184489 0.125815526 0.000000000
2792 1 2 4 0 10 0.874118865 0.125881135 0.000000000
2793 1 2 4 0 11 0.874214590 0.125785396 0.000000000
2794 1 2 4 0 12 0.874115646 0.125884339 0.000000000
2795 1 2 4 1 0 0.838174462 0.161825553 0.000000000
2796 1 2 4 1 1 0.161727145 0.838272870 0.000000000
2797 1 2 4 1 2 0.838193834 0.161806136 0.000000000
2798 1 2 4 1 3 0.838193834 0.161806136 0.000000000
2799 1 2 4 1 4 0.838193834 0.161806136 0.000000000
2800 1 2 4 1 5 0.838193834 0.161806136 0.000000000
2801 1 2 4 1 6 0.838181198 0.161818787 0.000000000
2802 1 2 4 1 7 0.838184476 0.161815509 0.000000000
2803 1 2 4 1 8 0.838192284 0.161807701 0.000000000
2804 1 2 4 1 9 0.838189960 0.161810011 0.000000000
2805 1 2 4 1 10 0.838189006 0.161810979 0.000000000
2806 1 2 4 1 11 0.838190258 0.161809728 0.000000000
2807 1 2 4 1 12 0.838189065 0.161810935 0.000000000
2808 1 2 4 2 0 0.944835544 0.055164482 0.000000000
2809 1 2 4 2 1 0.944247425 0.055752560 0.000000000
2810 1 2 4 2 2 0.046629876 0.953370154 0.000000000
2811 1 2 4 2 3 0.825304091 0.174695894 0.000000000
2812 1 2 4 2 4 0.813676476 0.186323494 0.000000000
2813 1 2 4 2 5 0.810974717 0.189025283 0.000000000
2814 1 2 4 2 6 0.795197368 0.204802662 0.000000000
2815 1 2 4 2 7 0.795538425 0.204461545 0.000000000
2816 1 2 4 2 8 0.811511874 0.188488096 0.000000000
2817 1 2 4 2 9 0.816227138 0.183772892 0.000000000
2818 1 2 4 2 10 0.816117227 0.183882788 0.000000000
2819 1 2 4 2 11 0.808602571 0.191397443 0.000000000
2820 1 2 4 2 12 0.831295431 0.168704569 0.000000000
2821 1 2 4 3 0 0.762266278 0.237733707 0.000000000
2822 1 2 4 3 1 0.757261276 0.242738754 0.000000000
2823 1 2 4 3 2 0.787567377 0.212432638 0.000000000
2824 1 2 4 3 3 0.007607474 0.992392540 0.000000000
2825 1 2 4 3 4 0.711041451 0.288958549 0.000000000
2826 1 2 4 3 5 0.728048861 0.271951109 0.000000000
2827 1 2 4 3 6 0.694562376 0.305437654 0.000000000
2828 1 2 4 3 7 0.689734638 0.310265332 0.000000000
2829 1 2 4 3 8 0.713110566 0.286889434 0.000000000
2830 1 2 4 3 9 0.766338885 0.233661100 0.000000000
2831 1 2 4 3 10 0.734038115 0.265961915 0.000000000
2832 1 2 4 3 11 0.688682199 0.311317801 0.000000000
2833 1 2 4 3 12 0.721723735 0.278276265 0.000000000
2834 1 2 4 4 0 0.665565610 0.334434360 0.000000000
2835 1 2 4 4 1 0.672631621 0.327368349 0.000000000
2836 1 2 4 4 2 0.694471121 0.305528879 0.000000000
2837 1 2 4 4 3 0.749275327 0.250724703 0.000000000
2838 1 2 4 4 4 0.005930207 0.994069815 0.000000000
2839 1 2 4 4 5 0.550265014 0.449734986 0.000000000
2840 1 2 4 4 6 0.603520870 0.396479160 0.000000000
2841 1 2 4 4 7 0.574426591 0.425573438 0.000000000
2842 1 2 4 4 8 0.547879636 0.452120394 0.000000000
2843 1 2 4 4 9 0.597741425 0.402258575 0.000000000
2844 1 2 4 4 10 0.658993065 0.341006935 0.000000000
2845 1 2 4 4 11 0.487478703 0.512521327 0.000000000
2846 1 2 4 4 12 0.735724509 0.264275521 0.000000000
2847 1 2 4 5 0 0.463595569 0.536404431 0.000000000
2848 1 2 4 5 1 0.518850386 0.481149614 0.000000000
2849 1 2 4 5 2 0.545214117 0.454785883 0.000000000
2850 1 2 4 5 3 0.610499144 0.389500827 0.000000000
2851 1 2 4 5 4 0.564183295 0.435816675 0.000000000
2852 1 2 4 5 5 0.005915486 0.994084537 0.000000000
2853 1 2 4 5 6 0.438194931 0.561805069 0.000000000
2854 1 2 4 5 7 0.423198253 0.576801717 0.000000000
2855 1 2 4 5 8 0.467545003 0.532455027 0.000000000
2856 1 2 4 5 9 0.553488195 0.446511775 0.000000000
2857 1 2 4 5 10 0.587031603 0.412968397 0.000000000
2858 1 2 4 5 11 0.356130719 0.643869281 0.000000000
2859 1 2 4 5 12 0.668883920 0.331116110 0.000000000
2860 1 2 4 6 0 0.333507746 0.666492283 0.000000000
2861 1 2 4 6 1 0.358741134 0.641258836 0.000000000
2862 1 2 4 6 2 0.370507151 0.629492879 0.000000000
2863 1 2 4 6 3 0.396884233 0.603115737 0.000000000
2864 1 2 4 6 4 0.362520397 0.637479603 0.000000000
2865 1 2 4 6 5 0.326599836 0.673400164 0.000000000
2866 1 2 4 6 6 0.005490913 0.994509101 0.000000000
2867 1 2 4 6 7 0.309773147 0.690226853 0.000000000
2868 1 2 4 6 8 0.418030322 0.581969678 0.000000000
2869 1 2 4 6 9 0.449664652 0.550335348 0.000000000
2870 1 2 4 6 10 0.522162795 0.477837205 0.000000000
2871 1 2 4 6 11 0.266325355 0.733674645 0.000000000
2872 1 2 4 6 12 0.668053687 0.331946313 0.000000000
2873 1 2 4 7 0 0.199030027 0.800969958 0.000000000
2874 1 2 4 7 1 0.200533122 0.799466908 0.000000000
2875 1 2 4 7 2 0.227560133 0.772439837 0.000000000
2876 1 2 4 7 3 0.242700234 0.757299781 0.000000000
2877 1 2 4 7 4 0.227577344 0.772422671 0.000000000
2878 1 2 4 7 5 0.221260995 0.778739035 0.000000000
2879 1 2 4 7 6 0.287828118 0.712171853 0.000000000
2880 1 2 4 7 7 0.006367149 0.993632853 0.000000000
2881 1 2 4 7 8 0.376365691 0.623634279 0.000000000
2882 1 2 4 7 9 0.509253800 0.490746170 0.000000000
2883 1 2 4 7 10 0.437522054 0.562477946 0.000000000
2884 1 2 4 7 11 0.162908703 0.837091267 0.000000000
2885 1 2 4 7 12 0.473782718 0.526217282 0.000000000
2886 1 2 4 8 0 0.114406921 0.885593057 0.000000000
2887 1 2 4 8 1 0.120044865 0.879955113 0.000000000
2888 1 2 4 8 2 0.113663428 0.886336565 0.000000000
2889 1 2 4 8 3 0.163935184 0.836064816 0.000000000
2890 1 2 4 8 4 0.153213099 0.846786916 0.000000000
2891 1 2 4 8 5 0.152757496 0.847242534 0.000000000
2892 1 2 4 8 6 0.164717987 0.835282028 0.000000000
2893 1 2 4 8 7 0.150463730 0.849536240 0.000000000
2894 1 2 4 8 8 0.002518925 0.997481048 0.000000000
2895 1 2 4 8 9 0.308968514 0.691031516 0.000000000
2896 1 2 4 8 10 0.246383697 0.753616333 0.000000000
2897 1 2 4 8 11 0.089793421 0.910206556 0.000000000
2898 1 2 4 8 12 0.272995919 0.727004051 0.000000000
2899 1 2 4 9 0 0.044239685 0.955760300 0.000000000
2900 1 2 4 9 1 0.036268510 0.963731468 0.000000000
2901 1 2 4 9 2 0.048151944 0.951848030 0.000000000
2902 1 2 4 9 3 0.058533784 0.941466212 0.000000000
2903 1 2 4 9 4 0.055325266 0.944674730 0.000000000
2904 1 2 4 9 5 0.054503601 0.945496380 0.000000000
2905 1 2 4 9 6 0.056112770 0.943887234 0.000000000
2906 1 2 4 9 7 0.070299834 0.929700136 0.000000000
2907 1 2 4 9 8 0.100954667 0.899045348 0.000000000
2908 1 2 4 9 9 0.000795644 0.999204338 0.000000000
2909 1 2 4 9 10 0.217217252 0.782782733 0.000000000
2910 1 2 4 9 11 0.044223268 0.955776751 0.000000000
2911 1 2 4 9 12 0.362083584 0.637916446 0.000000000
2912 1 2 4 10 0 0.011844231 0.988155782 0.000000000
2913 1 2 4 10 1 0.019283490 0.980716527 0.000000000
2914 1 2 4 10 2 0.019127699 0.980872273 0.000000000
2915 1 2 4 10 3 0.021726912 0.978273094 0.000000000
2916 1 2 4 10 4 0.112935968 0.887064040 0.000000000
2917 1 2 4 10 5 0.122704193 0.877295792 0.000000000
2918 1 2 4 10 6 0.110464774 0.889535248 0.000000000
2919 1 2 4 10 7 0.018048635 0.981951356 0.000000000
2920 1 2 4 10 8 0.030683953 0.969316065 0.000000000
2921 1 2 4 10 9 0.404230624 0.595769405 0.000000000
2922 1 2 4 10 10 0.000773185 0.999226809 0.000000000
2923 1 2 4 10 11 0.026683155 0.973316848 0.000000000
2924 1 2 4 10 12 0.025071569 0.974928439 0.000000000
2925 1 2 4 11 0 0.007349897 0.992650092 0.000000000
2926 1 2 4 11 1 0.007107881 0.992892146 0.000000000
2927 1 2 4 11 2 0.007432135 0.992567837 0.000000000
2928 1 2 4 11 3 0.008372311 0.991627693 0.000000000
2929 1 2 4 11 4 0.006917885 0.993082106 0.000000000
2930 1 2 4 11 5 0.006263297 0.993736684 0.000000000
2931 1 2 4 11 6 0.009091795 0.990908206 0.000000000
2932 1 2 4 11 7 0.008114949 0.991885066 0.000000000
2933 1 2 4 11 8 0.007632303 0.992367685 0.000000000
2934 1 2 4 11 9 0.004724409 0.995275617 0.000000000
2935 1 2 4 11 10 0.011798789 0.988201201 0.000000000
2936 1 2 4 11 11 0.004789249 0.995210767 0.000000000
2937 1 2 4 11 12 0.005296941 0.994703054 0.000000000
2938 1 2 4 12 0 0.001798962 0.998201013 0.000000000
2939 1 2 4 12 1 0.002041712 0.997958302 0.000000000
2940 1 2 4 12 2 0.001456283 0.998543739 0.000000000
2941 1 2 4 12 3 0.001793339 0.998206675 0.000000000
2942 1 2 4 12 4 0.003040376 0.996959627 0.000000000
2943 1 2 4 12 5 0.002725692 0.997274280 0.000000000
2944 1 2 4 12 6 0.002627278 0.997372746 0.000000000
2945 1 2 4 12 7 0.002483211 0.997516811 0.000000000
2946 1 2 4 12 8 0.002548071 0.997451901 0.000000000
2947 1 2 4 12 9 0.000436587 0.999563396 0.000000000
2948 1 2 4 12 10 0.003005598 0.996994376 0.000000000
2949 1 2 4 12 11 0.011235682 0.988764346 0.000000000
2950 1 2 4 12 12 0.000511356 0.999488652 0.000000000
2951 1 2 5 0 0 0.000000369 0.999999642 0.000000000
2952 1 2 5 0 1 0.999999404 0.000000626 0.000000000
2953 1 2 5 0 2 0.999999344 0.000000627 0.000000000
2954 1 2 5 0 3 0.999998868 0.000001123 0.000000000
2955 1 2 5 0 4 0.999998868 0.000001124 0.000000000
2956 1 2 5 0 5 0.999998868 0.000001127 0.000000000
2957 1 2 5 0 6 0.999998868 0.000001125 0.000000000
2958 1 2 5 0 7 0.999998868 0.000001121 0.000000000
2959 1 2 5 0 8 0.999998868 0.000001135 0.000000000
2960 1 2 5 0 9 0.999998808 0.000001222 0.000000000
2961 1 2 5 0 10 0.999998689 0.000001304 0.000000000
2962 1 2 5 0 11 0.999998927 0.000001044 0.000000000
2963 1 2 5 0 12 0.999998391 0.000001626 0.000000000
2964 1 2 5 1 0 0.999999404 0.000000624 0.000000000
2965 1 2 5 1 1 0.000000369 0.999999642 0.000000000
2966 1 2 5 1 2 0.999999225 0.000000785 0.000000000
2967 1 2 5 1 3 0.999998808 0.000001208 0.000000000
2968 1 2 5 1 4 0.999998808 0.000001209 0.000000000
2969 1 2 5 1 5 0.999998808 0.000001209 0.000000000
2970 1 2 5 1 6 0.999998808 0.000001218 0.000000000
2971 1 2 5 1 7 0.999998868 0.000001122 0.000000000
2972 1 2 5 1 8 0.999998868 0.000001136 0.000000000
2973 1 2 5 1 9 0.999998748 0.000001223 0.000000000
2974 1 2 5 1 10 0.999998689 0.000001306 0.000000000
2975 1 2 5 1 11 0.999998927 0.000001047 0.000000000
2976 1 2 5 1 12 0.999998271 0.000001758 0.000000000
2977 1 2 5 2 0 0.999999344 0.000000628 0.000000000
2978 1 2 5 2 1 0.999999106 0.000000890 0.000000000
2979 1 2 5 2 2 0.000000366 0.999999642 0.000000000
2980 1 2 5 2 3 0.999998748 0.000001238 0.000000000
2981 1 2 5 2 4 0.999998748 0.000001239 0.000000000
2982 1 2 5 2 5 0.999998748 0.000001228 0.000000000
2983 1 2 5 2 6 0.999998748 0.000001250 0.000000000
2984 1 2 5 2 7 0.999998868 0.000001152 0.000000000
2985 1 2 5 2 8 0.999998868 0.000001123 0.000000000
2986 1 2 5 2 9 0.999998748 0.000001243 0.000000000
2987 1 2 5 2 10 0.999998689 0.000001317 0.000000000
2988 1 2 5 2 11 0.999998987 0.000001030 0.000000000
2989 1 2 5 2 12 0.999998271 0.000001754 0.000000000
2990 1 2 5 3 0 0.999023557 0.000976430 0.000000000
2991 1 2 5 3 1 0.998605251 0.001394725 0.000000000
2992 1 2 5 3 2 0.998899698 0.001100320 0.000000000
2993 1 2 5 3 3 0.000360923 0.999639094 0.000000000
2994 1 2 5 3 4 0.997669160 0.002330815 0.000000000
2995 1 2 5 3 5 0.997848749 0.002151279 0.000000000
2996 1 2 5 3 6 0.997489631 0.002510343 0.000000000
2997 1 2 5 3 7 0.997322738 0.002677242 0.000000000
2998 1 2 5 3 8 0.997982740 0.002017231 0.000000000
2999 1 2 5 3 9 0.997409701 0.002590294 0.000000000
3000 1 2 5 3 10 0.997838855 0.002161158 0.000000000
3001 1 2 5 3 11 0.998061478 0.001938542 0.000000000
3002 1 2 5 3 12 0.997558773 0.002441205 0.000000000
3003 1 2 5 4 0 0.978265166 0.021734837 0.000000000
3004 1 2 5 4 1 0.973170817 0.026829157 0.000000000
3005 1 2 5 4 2 0.972926438 0.027073542 0.000000000
3006 1 2 5 4 3 0.975016654 0.024983341 0.000000000
3007 1 2 5 4 4 0.007794746 0.992205262 0.000000000
3008 1 2 5 4 5 0.939650476 0.060349498 0.000000000
3009 1 2 5 4 6 0.945076406 0.054923605 0.000000000
3010 1 2 5 4 7 0.944647849 0.055352174 0.000000000
3011 1 2 5 4 8 0.963339508 0.036660504 0.000000000
3012 1 2 5 4 9 0.951601386 0.048398592 0.000000000
3013 1 2 5 4 10 0.966700733 0.033299297 0.000000000
3014 1 2 5 4 11 0.964803100 0.035196893 0.000000000
3015 1 2 5 4 12 0.963898063 0.036101956 0.000000000
3016 1 2 5 5 0 0.500000000 0.500000000 0.000000000
3017 1 2 5 5 1 0.500000000 0.500000000 0.000000000
3018 1 2 5 5 2 0.500000000 0.500000000 0.000000000
3019 1 2 5 5 3 0.500000000 0.500000000 0.000000000
3020 1 2 5 5 4 0.500000000 0.500000000 0.000000000
3021 1 2 5 5 5 0.500000000 0.500000000 0.000000000
3022 1 2 5 5 6 0.500000000 0.500000000 0.000000000
3023 1 2 5 5 7 0.500000000 0.500000000 0.000000000
3024 1 2 5 5 8 0.500000000 0.500000000 0.000000000
3025 1 2 5 5 9 0.500000000 0.500000000 0.000000000
3026 1 2 5 5 10 0.500000000 0.500000000 0.000000000
3027 1 2 5 5 11 0.500000000 0.500000000 0.000000000
3028 1 2 5 5 12 0.500000000 0.500000000 0.000000000
3029 1 2 5 6 0 0.987110913 0.012889088 0.000000000
3030 1 2 5 6 1 0.976868331 0.023131674 0.000000000
3031 1 2 5 6 2 0.980057478 0.019942494 0.000000000
3032 1 2 5 6 3 0.984091163 0.015908847 0.000000000
3033 1 2 5 6 4 0.981225491 0.018774491 0.000000000
3034 1 2 5 6 5 0.979033947 0.020966036 0.000000000
3035 1 2 5 6 6 0.002596095 0.997403920 0.000000000
3036 1 2 5 6 7 0.921471357 0.078528620 0.000000000
3037 1 2 5 6 8 0.868994474 0.131005526 0.000000000
3038 1 2 5 6 9 0.735051215 0.264948785 0.000000000
3039 1 2 5 6 10 0.880436957 0.119563028 0.000000000
3040 1 2 5 6 11 0.891812801 0.108187176 0.000000000
3041 1 2 5 6 12 0.890459299 0.109540701 0.000000000
3042 1 2 5 7 0 0.973759770 0.026240205 0.000000000
3043 1 2 5 7 1 0.960629463 0.039370529 0.000000000
3044 1 2 5 7 2 0.965165913 0.034834117 0.000000000
3045 1 2 5 7 3 0.968291044 0.031708926 0.000000000
3046 1 2 5 7 4 0.959405959 0.040594041 0.000000000
3047 1 2 5 7 5 0.955594838 0.044405159 0.000000000
3048 1 2 5 7 6 0.971999407 0.028000619 0.000000000
3049 1 2 5 7 7 0.004002661 0.995997310 0.000000000
3050 1 2 5 7 8 0.671882987 0.328116983 0.000000000
3051 1 2 5 7 9 0.862838566 0.137161449 0.000000000
3052 1 2 5 7 10 0.777642190 0.222357824 0.000000000
3053 1 2 5 7 11 0.804953516 0.195046484 0.000000000
3054 1 2 5 7 12 0.784133673 0.215866357 0.000000000
3055 1 2 5 8 0 0.183648303 0.816351712 0.000000000
3056 1 2 5 8 1 0.122141689 0.877858281 0.000000000
3057 1 2 5 8 2 0.129199252 0.870800734 0.000000000
3058 1 2 5 8 3 0.232199371 0.767800629 0.000000000
3059 1 2 5 8 4 0.204217657 0.795782328 0.000000000
3060 1 2 5 8 5 0.160074815 0.839925170 0.000000000
3061 1 2 5 8 6 0.279283732 0.720716238 0.000000000
3062 1 2 5 8 7 0.701678276 0.298321724 0.000000000
3063 1 2 5 8 8 0.004458562 0.995541453 0.000000000
3064 1 2 5 8 9 0.061770186 0.938229799 0.000000000
3065 1 2 5 8 10 0.038965426 0.961034596 0.000000000
3066 1 2 5 8 11 0.041876301 0.958123684 0.000000000
3067 1 2 5 8 12 0.047467824 0.952532172 0.000000000
3068 1 2 5 9 0 0.062715247 0.937284768 0.000000000
3069 1 2 5 9 1 0.051458146 0.948541880 0.000000000
3070 1 2 5 9 2 0.055175930 0.944824100 0.000000000
3071 1 2 5 9 3 0.053318180 0.946681798 0.000000000
3072 1 2 5 9 4 0.058765475 0.941234529 0.000000000
3073 1 2 5 9 5 0.052269623 0.947730362 0.000000000
3074 1 2 5 9 6 0.049977809 0.950022161 0.000000000
3075 1 2 5 9 7 0.065825850 0.934174180 0.000000000
3076 1 2 5 9 8 0.123171642 0.876828372 0.000000000
3077 1 2 5 9 9 0.000000922 0.999999106 0.000000000
3078 1 2 5 9 10 0.200380102 0.799619913 0.000000000
3079 1 2 5 9 11 0.076827310 0.923172712 0.000000000
3080 1 2 5 9 12 0.110725693 0.889274299 0.000000000
3081 1 2 5 10 0 0.375160813 0.624839187 0.000000000
3082 1 2 5 10 1 0.386851817 0.613148153 0.000000000
3083 1 2 5 10 2 0.440509081 0.559490919 0.000000000
3084 1 2 5 10 3 0.375716567 0.624283433 0.000000000
3085 1 2 5 10 4 0.345459133 0.654540896 0.000000000
3086 1 2 5 10 5 0.360858023 0.639141977 0.000000000
3087 1 2 5 10 6 0.352092981 0.647907019 0.000000000
3088 1 2 5 10 7 0.337561309 0.662438691 0.000000000
3089 1 2 5 10 8 0.178955853 0.821044147 0.000000000
3090 1 2 5 10 9 0.143678993 0.856320977 0.000000000
3091 1 2 5 10 10 0.000000527 0.999999464 0.000000000
3092 1 2 5 10 11 0.568141997 0.431858003 0.000000000
3093 1 2 5 10 12 0.727603674 0.272396356 0.000000000
3094 1 2 5 11 0 0.648813903 0.351186097 0.000000000
3095 1 2 5 11 1 0.647631586 0.352368385 0.000000000
3096 1 2 5 11 2 0.624881804 0.375118226 0.000000000
3097 1 2 5 11 3 0.560217679 0.439782292 0.000000000
3098 1 2 5 11 4 0.560417950 0.439582050 0.000000000
3099 1 2 5 11 5 0.560391843 0.439608157 0.000000000
3100 1 2 5 11 6 0.560530841 0.439469188 0.000000000
3101 1 2 5 11 7 0.560665131 0.439334840 0.000000000
3102 1 2 5 11 8 0.560675740 0.439324230 0.000000000
3103 1 2 5 11 9 0.761835814 0.238164186 0.000000000
3104 1 2 5 11 10 0.731590271 0.268409729 0.000000000
3105 1 2 5 11 11 0.000000381 0.999999642 0.000000000
3106 1 2 5 11 12 0.387321085 0.612678945 0.000000000
3107 1 2 5 12 0 0.000000255 0.999999762 0.000000000
3108 1 2 5 12 1 0.000000250 0.999999762 0.000000000
3109 1 2 5 12 2 0.000000250 0.999999762 0.000000000
3110 1 2 5 12 3 0.000000250 0.999999762 0.000000000
3111 1 2 5 12 4 0.000000250 0.999999762 0.000000000
3112 1 2 5 12 5 0.000000424 0.999999583 0.000000000
3113 1 2 5 12 6 0.000006974 0.999993026 0.000000000
3114 1 2 5 12 7 0.000025601 0.999974370 0.000000000
3115 1 2 5 12 8 0.000071388 0.999928594 0.000000000
3116 1 2 5 12 9 0.042039279 0.957960725 0.000000000
3117 1 2 5 12 10 0.175421417 0.824578583 0.000000000
3118 1 2 5 12 11 0.130720556 0.869279444 0.000000000
3119 1 2 5 12 12 0.000000250 0.999999762 0.000000000
3120 1 3 0 0 0 0.000000000 0.853234291 0.146765679
3121 1 3 0 0 1 0.000000000 0.012238520 0.987761497
3122 1 3 0 0 2 0.000000000 0.004944204 0.995055795
3123 1 3 0 0 3 0.000000000 0.027079897 0.972920120
3124 1 3 0 0 4 0.000000000 0.025766164 0.974233866
3125 1 3 0 0 5 0.000000000 0.027052132 0.972947896
3126 1 3 0 0 6 0.000000000 0.033484910 0.966515064
3127 1 3 0 0 7 0.000000000 0.156285703 0.843714297
3128 1 3 0 0 8 0.000000000 0.030299360 0.969700634
3129 1 3 0 0 9 0.000000000 0.032550510 0.967449486
3130 1 3 0 0 10 0.000000000 0.347281396 0.652718604
3131 1 3 0 0 11 0.000000000 0.000036497 0.999963522
3132 1 3 0 0 12 0.000000000 0.015926842 0.984073162
3133 1 3 0 1 0 0.000000000 0.001876858 0.998123169
3134 1 3 0 1 1 0.000000000 0.847191334 0.152808681
3135 1 3 0 1 2 0.000000000 0.004944463 0.995055556
3136 1 3 0 1 3 0.000000000 0.027094362 0.972905636
3137 1 3 0 1 4 0.000000000 0.025755275 0.974244714
3138 1 3 0 1 5 0.000000000 0.026839487 0.973160505
3139 1 3 0 1 6 0.000000000 0.033190891 0.966809094
3140 1 3 0 1 7 0.000000000 0.155619755 0.844380260
3141 1 3 0 1 8 0.000000000 0.030071896 0.969928086
3142 1 3 0 1 9 0.000000000 0.032550570 0.967449427
3143 1 3 0 1 10 0.000000000 0.347443044 0.652556956
3144 1 3 0 1 11 0.000000000 0.000056957 0.999943018
3145 1 3 0 1 12 0.000000000 0.015908457 0.984091520
3146 1 3 0 2 0 0.000000000 0.001898199 0.998101830
3147 1 3 0 2 1 0.000000000 0.012139046 0.987860978
3148 1 3 0 2 2 0.000000000 0.741418183 0.258581817
3149 1 3 0 2 3 0.000000000 0.028641557 0.971358418
3150 1 3 0 2 4 0.000000000 0.027282020 0.972718000
3151 1 3 0 2 5 0.000000000 0.028446909 0.971553087
3152 1 3 0 2 6 0.000000000 0.035179108 0.964820862
3153 1 3 0 2 7 0.000000000 0.164297715 0.835702300
3154 1 3 0 2 8 0.000000000 0.032010976 0.967989028
3155 1 3 0 2 9 0.000000000 0.034406330 0.965593696
3156 1 3 0 2 10 0.000000000 0.362238884 0.637761116
3157 1 3 0 2 11 0.000000000 0.000063915 0.999936104
3158 1 3 0 2 12 0.000000000 0.016749602 0.983250380
3159 1 3 0 3 0 0.000000000 0.007339568 0.992660403
3160 1 3 0 3 1 0.000000000 0.015905401 0.984094620
3161 1 3 0 3 2 0.000000000 0.014323662 0.985676348
3162 1 3 0 3 3 0.000000000 0.682263017 0.317737013
3163 1 3 0 3 4 0.000000000 0.033342827 0.966657162
3164 1 3 0 3 5 0.000000000 0.033538073 0.966461957
3165 1 3 0 3 6 0.000000000 0.039467573 0.960532427
3166 1 3 0 3 7 0.000000000 0.174503878 0.825496137
3167 1 3 0 3 8 0.000000000 0.037471559 0.962528467
3168 1 3 0 3 9 0.000000000 0.038165126 0.961834848
3169 1 3 0 3 10 0.000000000 0.374870181 0.625129819
3170 1 3 0 3 11 0.000000000 0.005986419 0.994013608
3171 1 3 0 3 12 0.000000000 0.022411315 0.977588713
3172 1 3 0 4 0 0.000000000 0.327987850 0.672012150
3173 1 3 0 4 1 0.000000000 0.324982256 0.675017774
3174 1 3 0 4 2 0.000000000 0.324991643 0.675008357
3175 1 3 0 4 3 0.000000000 0.321921319 0.678078711
3176 1 3 0 4 4 0.000000000 0.191085950 0.808914065
3177 1 3 0 4 5 0.000000000 0.314495951 0.685504019
3178 1 3 0 4 6 0.000000000 0.314650744 0.685349286
3179 1 3 0 4 7 0.000000000 0.318260491 0.681739509
3180 1 3 0 4 8 0.000000000 0.319180310 0.680819690
3181 1 3 0 4 9 0.000000000 0.322597533 0.677402437
3182 1 3 0 4 10 0.000000000 0.321877539 0.678122461
3183 1 3 0 4 11 0.000000000 0.320617527 0.679382443
3184 1 3 0 4 12 0.000000000 0.319968194 0.680031776
3185 1 3 0 5 0 0.000000000 0.507003248 0.492996782
3186 1 3 0 5 1 0.000000000 0.499596357 0.500403643
3187 1 3 0 5 2 0.000000000 0.499731869 0.500268102
3188 1 3 0 5 3 0.000000000 0.493305147 0.506694853
3189 1 3 0 5 4 0.000000000 0.485061705 0.514938295
3190 1 3 0 5 5 0.000000000 0.171605080 0.828394949
3191 1 3 0 5 6 0.000000000 0.490083516 0.509916484
3192 1 3 0 5 7 0.000000000 0.497056872 0.502943158
3193 1 3 0 5 8 0.000000000 0.500201702 0.499798298
3194 1 3 0 5 9 0.000000000 0.500396311 0.499603689
3195 1 3 0 5 10 0.000000000 0.499270350 0.500729680
3196 1 3 0 5 11 0.000000000 0.496425092 0.503574908
3197 1 3 0 5 12 0.000000000 0.495713770 0.504286230
3198 1 3 0 6 0 0.000000000 0.592072904 0.407927096
3199 1 3 0 6 1 0.000000000 0.580160916 0.419839084
3200 1 3 0 6 2 0.000000000 0.581849873 0.418150157
3201 1 3 0 6 3 0.000000000 0.575296164 0.424703807
3202 1 3 0 6 4 0.000000000 0.567002416 0.432997584
3203 1 3 0 6 5 0.000000000 0.547973216 0.452026784
3204 1 3 0 6 6 0.000000000 0.177074939 0.822925091
3205 1 3 0 6 7 0.000000000 0.588897169 0.411102802
3206 1 3 0 6 8 0.000000000 0.599537790 0.400462240
3207 1 3 0 6 9 0.000000000 0.576142728 0.423857272
3208 1 3 0 6 10 0.000000000 0.575781405 0.424218565
3209 1 3 0 6 11 0.000000000 0.556855917 0.443144113
3210 1 3 0 6 12 0.000000000 0.556594551 0.443405420
3211 1 3 0 7 0 0.000000000 0.688725471 0.311274529
3212 1 3 0 7 1 0.000000000 0.663205922 0.336794049
3213 1 3 0 7 2 0.000000000 0.675340414 0.324659616
3214 1 3 0 7 3 0.000000000 0.693520486 0.306479543
3215 1 3 0 7 4 0.000000000 0.676139712 0.323860317
3216 1 3 0 7 5 0.000000000 0.651368618 0.348631412
3217 1 3 0 7 6 0.000000000 0.622188866 0.377811104
3218 1 3 0 7 7 0.000000000 0.375113517 0.624886453
3219 1 3 0 7 8 0.000000000 0.782981217 0.217018783
3220 1 3 0 7 9 0.000000000 0.749038398 0.250961602
3221 1 3 0 7 10 0.000000000 0.730607092 0.269392937
3222 1 3 0 7 11 0.000000000 0.737928391 0.262071609
3223 1 3 0 7 12 0.000000000 0.737259388 0.262740642
3224 1 3 0 8 0 0.000000000 0.829788208 0.170211777
3225 1 3 0 8 1 0.000000000 0.823789656 0.176210344
3226 1 3 0 8 2 0.000000000 0.814726412 0.185273603
3227 1 3 0 8 3 0.000000000 0.853168905 0.146831080
3228 1 3 0 8 4 0.000000000 0.850889564 0.149110466
3229 1 3 0 8 5 0.000000000 0.836464942 0.163535058
3230 1 3 0 8 6 0.000000000 0.792089880 0.207910120
3231 1 3 0 8 7 0.000000000 0.682752132 0.317247868
3232 1 3 0 8 8 0.000000000 0.525615454 0.474384546
3233 1 3 0 8 9 0.000000000 0.873870790 0.126129195
3234 1 3 0 8 10 0.000000000 0.887787700 0.112212285
3235 1 3 0 8 11 0.000000000 0.901417911 0.098582081
3236 1 3 0 8 12 0.000000000 0.893152535 0.106847487
3237 1 3 0 9 0 0.000000000 0.914775014 0.085225001
3238 1 3 0 9 1 0.000000000 0.932934463 0.067065522
3239 1 3 0 9 2 0.000000000 0.814807534 0.185192451
3240 1 3 0 9 3 0.000000000 0.941184759 0.058815241
3241 1 3 0 9 4 0.000000000 0.962601662 0.037398368
3242 1 3 0 9 5 0.000000000 0.954869628 0.045130353
3243 1 3 0 9 6 0.000000000 0.977530241 0.022469733
3244 1 3 0 9 7 0.000000000 0.976133764 0.023866251
3245 1 3 0 9 8 0.000000000 0.923497677 0.076502308
3246 1 3 0 9 9 0.000000000 0.690147817 0.309852153
3247 1 3 0 9 10 0.000000000 0.951287448 0.048712578
3248 1 3 0 9 11 0.000000000 0.931982815 0.068017207
3249 1 3 0 9 12 0.000000000 0.938724756 0.061275240
3250 1 3 0 10 0 0.000000000 0.886026204 0.113973804
3251 1 3 0 10 1 0.000000000 0.897927046 0.102072954
3252 1 3 0 10 2 0.000000000 0.889882028 0.110117950
3253 1 3 0 10 3 0.000000000 0.881656945 0.118343025
3254 1 3 0 10 4 0.000000000 0.877465546 0.122534469
3255 1 3 0 10 5 0.000000000 0.895407379 0.104592636
3256 1 3 0 10 6 0.000000000 0.922160089 0.077839911
3257 1 3 0 10 7 0.000000000 0.937376916 0.062623084
3258 1 3 0 10 8 0.000000000 0.951692939 0.048307080
3259 1 3 0 10 9 0.000000000 0.939955592 0.060044419
3260 1 3 0 10 10 0.000000000 0.603356421 0.396643549
3261 1 3 0 10 11 0.000000000 0.842855096 0.157144889
3262 1 3 0 10 12 0.000000000 0.823576391 0.176423609
3263 1 3 0 11 0 0.000000000 0.905779898 0.094220079
3264 1 3 0 11 1 0.000000000 0.918252110 0.081747904
3265 1 3 0 11 2 0.000000000 0.933346391 0.066653609
3266 1 3 0 11 3 0.000000000 0.838154256 0.161845759
3267 1 3 0 11 4 0.000000000 0.873593330 0.126406699
3268 1 3 0 11 5 0.000000000 0.836008668 0.163991332
3269 1 3 0 11 6 0.000000000 0.846326292 0.153673723
3270 1 3 0 11 7 0.000000000 0.897847891 0.102152124
3271 1 3 0 11 8 0.000000000 0.812848389 0.187151626
3272 1 3 0 11 9 0.000000000 0.881421626 0.118578367
3273 1 3 0 11 10 0.000000000 0.908308864 0.091691114
3274 1 3 0 11 11 0.000000000 0.076156214 0.923843801
3275 1 3 0 11 12 0.000000000 0.827180564 0.172819436
3276 1 3 0 12 0 0.000000000 0.661139548 0.338860452
3277 1 3 0 12 1 0.000000000 0.682949960 0.317050040
3278 1 3 0 12 2 0.000000000 0.668251693 0.331748337
3279 1 3 0 12 3 0.000000000 0.562313437 0.437686592
3280 1 3 0 12 4 0.000000000 0.534002483 0.465997517
3281 1 3 0 12 5 0.000000000 0.546312332 0.453687668
3282 1 3 0 12 6 0.000000000 0.574371099 0.425628871
3283 1 3 0 12 7 0.000000000 0.638993859 0.361006171
3284 1 3 0 12 8 0.000000000 0.547649741 0.452350259
3285 1 3 0 12 9 0.000000000 0.613659441 0.386340559
3286 1 3 0 12 10 0.000000000 0.634860098 0.365139902
3287 1 3 0 12 11 0.000000000 0.337587446 0.662412524
3288 1 3 0 12 12 0.000000000 0.087827034 0.912172973
3289 1 3 1 0 0 0.000000000 0.028452750 0.971547246
3290 1 3 1 0 1 0.000000000 0.150462613 0.849537373
3291 1 3 1 0 2 0.000000000 0.232533112 0.767466903
3292 1 3 1 0 3 0.000000000 0.152204216 0.847795784
3293 1 3 1 0 4 0.000000000 0.197777212 0.802222788
3294 1 3 1 0 5 0.000000000 0.205911130 0.794088900
3295 1 3 1 0 6 0.000000000 0.143639162 0.856360853
3296 1 3 1 0 7 0.000000000 0.160250530 0.839749455
3297 1 3 1 0 8 0.000000000 0.180470511 0.819529474
3298 1 3 1 0 9 0.000000000 0.178881764 0.821118236
3299 1 3 1 0 10 0.000000000 0.169380352 0.830619633
3300 1 3 1 0 11 0.000000000 0.158417687 0.841582298
3301 1 3 1 0 12 0.000000000 0.278574198 0.721425831
3302 1 3 1 1 0 0.000000000 0.164293826 0.835706174
3303 1 3 1 1 1 0.000000000 0.044891484 0.955108523
3304 1 3 1 1 2 0.000000000 0.258525223 0.741474807
3305 1 3 1 1 3 0.000000000 0.172097355 0.827902675
3306 1 3 1 1 4 0.000000000 0.217742249 0.782257736
3307 1 3 1 1 5 0.000000000 0.259895623 0.740104377
3308 1 3 1 1 6 0.000000000 0.200480402 0.799519598
3309 1 3 1 1 7 0.000000000 0.213594705 0.786405325
3310 1 3 1 1 8 0.000000000 0.208978817 0.791021168
3311 1 3 1 1 9 0.000000000 0.233631760 0.766368270
3312 1 3 1 1 10 0.000000000 0.235198975 0.764801025
3313 1 3 1 1 11 0.000000000 0.229292110 0.770707905
3314 1 3 1 1 12 0.000000000 0.330731183 0.669268847
3315 1 3 1 2 0 0.000000000 0.387213588 0.612786412
3316 1 3 1 2 1 0.000000000 0.394644409 0.605355620
3317 1 3 1 2 2 0.000000000 0.130133167 0.869866848
3318 1 3 1 2 3 0.000000000 0.372960180 0.627039790
3319 1 3 1 2 4 0.000000000 0.409573704 0.590426266
3320 1 3 1 2 5 0.000000000 0.417108238 0.582891762
3321 1 3 1 2 6 0.000000000 0.376915187 0.623084843
3322 1 3 1 2 7 0.000000000 0.384614915 0.615385056
3323 1 3 1 2 8 0.000000000 0.383988172 0.616011798
3324 1 3 1 2 9 0.000000000 0.400785089 0.599214911
3325 1 3 1 2 10 0.000000000 0.431774557 0.568225443
3326 1 3 1 2 11 0.000000000 0.446488231 0.553511798
3327 1 3 1 2 12 0.000000000 0.484611690 0.515388310
3328 1 3 1 3 0 0.000000000 0.146696493 0.853303492
3329 1 3 1 3 1 0.000000000 0.163488269 0.836511731
3330 1 3 1 3 2 0.000000000 0.209217235 0.790782750
3331 1 3 1 3 3 0.000000000 0.022005742 0.977994263
3332 1 3 1 3 4 0.000000000 0.167437762 0.832562268
3333 1 3 1 3 5 0.000000000 0.199933037 0.800066948
3334 1 3 1 3 6 0.000000000 0.177365825 0.822634161
3335 1 3 1 3 7 0.000000000 0.194518924 0.805481076
3336 1 3 1 3 8 0.000000000 0.204825714 0.795174301
3337 1 3 1 3 9 0.000000000 0.207689717 0.792310297
3338 1 3 1 3 10 0.000000000 0.155600175 0.844399810
3339 1 3 1 3 11 0.000000000 0.157042816 0.842957199
3340 1 3 1 3 12 0.000000000 0.180855051 0.819144964
3341 1 3 1 4 0 0.000000000 0.270666063 0.729333937
3342 1 3 1 4 1 0.000000000 0.260732055 0.739267945
3343 1 3 1 4 2 0.000000000 0.255504519 0.744495511
3344 1 3 1 4 3 0.000000000 0.309690416 0.690309584
3345 1 3 1 4 4 0.000000000 0.014232304 0.985767722
3346 1 3 1 4 5 0.000000000 0.301326394 0.698673606
3347 1 3 1 4 6 0.000000000 0.288655102 0.711344898
3348 1 3 1 4 7 0.000000000 0.236070111 0.763929904
3349 1 3 1 4 8 0.000000000 0.309421152 0.690578878
3350 1 3 1 4 9 0.000000000 0.266134977 0.733865023
3351 1 3 1 4 10 0.000000000 0.229195714 0.770804286
3352 1 3 1 4 11 0.000000000 0.316811234 0.683188736
3353 1 3 1 4 12 0.000000000 0.243846864 0.756153166
3354 1 3 1 5 0 0.000000000 0.156151459 0.843848526
3355 1 3 1 5 1 0.000000000 0.174041048 0.825958967
3356 1 3 1 5 2 0.000000000 0.222761244 0.777238727
3357 1 3 1 5 3 0.000000000 0.198708117 0.801291883
3358 1 3 1 5 4 0.000000000 0.188771427 0.811228573
3359 1 3 1 5 5 0.000000000 0.005612592 0.994387388
3360 1 3 1 5 6 0.000000000 0.122933768 0.877066255
3361 1 3 1 5 7 0.000000000 0.103078179 0.896921813
3362 1 3 1 5 8 0.000000000 0.140845269 0.859154761
3363 1 3 1 5 9 0.000000000 0.314383090 0.685616910
3364 1 3 1 5 10 0.000000000 0.172342807 0.827657163
3365 1 3 1 5 11 0.000000000 0.364214063 0.635785937
3366 1 3 1 5 12 0.000000000 0.344860643 0.655139387
3367 1 3 1 6 0 0.000000000 0.398676306 0.601323664
3368 1 3 1 6 1 0.000000000 0.503820837 0.496179163
3369 1 3 1 6 2 0.000000000 0.586970508 0.413029522
3370 1 3 1 6 3 0.000000000 0.367206603 0.632793427
3371 1 3 1 6 4 0.000000000 0.409656167 0.590343833
3372 1 3 1 6 5 0.000000000 0.213464960 0.786535025
3373 1 3 1 6 6 0.000000000 0.002675149 0.997324824
3374 1 3 1 6 7 0.000000000 0.321156472 0.678843558
3375 1 3 1 6 8 0.000000000 0.462123424 0.537876546
3376 1 3 1 6 9 0.000000000 0.451642156 0.548357844
3377 1 3 1 6 10 0.000000000 0.400405735 0.599594235
3378 1 3 1 6 11 0.000000000 0.754737794 0.245262191
3379 1 3 1 6 12 0.000000000 0.744699717 0.255300313
3380 1 3 1 7 0 0.000000000 0.941855192 0.058144830
3381 1 3 1 7 1 0.000000000 0.962120473 0.037879497
3382 1 3 1 7 2 0.000000000 0.938629627 0.061370362
3383 1 3 1 7 3 0.000000000 0.914793491 0.085206509
3384 1 3 1 7 4 0.000000000 0.874978662 0.125021324
3385 1 3 1 7 5 0.000000000 0.826417148 0.173582867
3386 1 3 1 7 6 0.000000000 0.586781502 0.413218498
3387 1 3 1 7 7 0.000000000 0.001711208 0.998288810
3388 1 3 1 7 8 0.000000000 0.918782711 0.081217296
3389 1 3 1 7 9 0.000000000 0.859097779 0.140902236
3390 1 3 1 7 10 0.000000000 0.829814851 0.170185179
3391 1 3 1 7 11 0.000000000 0.976922750 0.023077233
3392 1 3 1 7 12 0.000000000 0.943393469 0.056606542
3393 1 3 1 8 0 0.000000000 0.967905045 0.032094974
3394 1 3 1 8 1 0.000000000 0.973924398 0.026075613
3395 1 3 1 8 2 0.000000000 0.973570466 0.026429538
3396 1 3 1 8 3 0.000000000 0.970083237 0.029916776
3397 1 3 1 8 4 0.000000000 0.970916271 0.029083753
3398 1 3 1 8 5 0.000000000 0.956066310 0.043933704
3399 1 3 1 8 6 0.000000000 0.914276242 0.085723750
3400 1 3 1 8 7 0.000000000 0.904296279 0.095703743
3401 1 3 1 8 8 0.000000000 0.008681051 0.991318941
3402 1 3 1 8 9 0.000000000 0.911366045 0.088633955
3403 1 3 1 8 10 0.000000000 0.943576515 0.056423489
3404 1 3 1 8 11 0.000000000 0.952548802 0.047451206
3405 1 3 1 8 12 0.000000000 0.951147735 0.048852243
3406 1 3 1 9 0 0.000000000 0.986622274 0.013377744
3407 1 3 1 9 1 0.000000000 0.982786298 0.017213710
3408 1 3 1 9 2 0.000000000 0.975539923 0.024460059
3409 1 3 1 9 3 0.000000000 0.988707483 0.011292497
3410 1 3 1 9 4 0.000000000 0.977512658 0.022487350
3411 1 3 1 9 5 0.000000000 0.985828042 0.014171968
3412 1 3 1 9 6 0.000000000 0.966134727 0.033865251
3413 1 3 1 9 7 0.000000000 0.966818273 0.033181731
3414 1 3 1 9 8 0.000000000 0.978507698 0.021492332
3415 1 3 1 9 9 0.000000000 0.002112510 0.997887492
3416 1 3 1 9 10 0.000000000 0.936062932 0.063937090
3417 1 3 1 9 11 0.000000000 0.968327224 0.031672794
3418 1 3 1 9 12 0.000000000 0.964601815 0.035398178
3419 1 3 1 10 0 0.000000000 0.963353992 0.036645990
3420 1 3 1 10 1 0.000000000 0.964439690 0.035560332
3421 1 3 1 10 2 0.000000000 0.964221776 0.035778236
3422 1 3 1 10 3 0.000000000 0.961596787 0.038403232
3423 1 3 1 10 4 0.000000000 0.965525866 0.034474142
3424 1 3 1 10 5 0.000000000 0.970125437 0.029874563
3425 1 3 1 10 6 0.000000000 0.972886026 0.027113998
3426 1 3 1 10 7 0.000000000 0.975363970 0.024636054
3427 1 3 1 10 8 0.000000000 0.971781611 0.028218370
3428 1 3 1 10 9 0.000000000 0.970098376 0.029901620
3429 1 3 1 10 10 0.000000000 0.003120877 0.996879101
3430 1 3 1 10 11 0.000000000 0.921754777 0.078245208
3431 1 3 1 10 12 0.000000000 0.914939880 0.085060105
3432 1 3 1 11 0 0.000000000 0.402681351 0.597318649
3433 1 3 1 11 1 0.000000000 0.420446903 0.579553127
3434 1 3 1 11 2 0.000000000 0.462569296 0.537430704
3435 1 3 1 11 3 0.000000000 0.384887934 0.615112066
3436 1 3 1 11 4 0.000000000 0.387579590 0.612420440
3437 1 3 1 11 5 0.000000000 0.372480690 0.627519310
3438 1 3 1 11 6 0.000000000 0.389410973 0.610589027
3439 1 3 1 11 7 0.000000000 0.443625927 0.556374073
3440 1 3 1 11 8 0.000000000 0.496562034 0.503437936
3441 1 3 1 11 9 0.000000000 0.737049103 0.262950867
3442 1 3 1 11 10 0.000000000 0.851024330 0.148975700
3443 1 3 1 11 11 0.000000000 0.007052490 0.992947519
3444 1 3 1 11 12 0.000000000 0.027711263 0.972288728
3445 1 3 1 12 0 0.000000000 0.003042263 0.996957719
3446 1 3 1 12 1 0.000000000 0.006658895 0.993341088
3447 1 3 1 12 2 0.000000000 0.013189266 0.986810744
3448 1 3 1 12 3 0.000000000 0.001494521 0.998505473
3449 1 3 1 12 4 0.000000000 0.001495165 0.998504817
3450 1 3 1 12 5 0.000000000 0.001495577 0.998504400
3451 1 3 1 12 6 0.000000000 0.001495722 0.998504281
3452 1 3 1 12 7 0.000000000 0.001495047 0.998504937
3453 1 3 1 12 8 0.000000000 0.001494330 0.998505652
3454 1 3 1 12 9 0.000000000 0.010703717 0.989296257
3455 1 3 1 12 10 0.000000000 0.001700157 0.998299837
3456 1 3 1 12 11 0.000000000 0.205052227 0.794947743
3457 1 3 1 12 12 0.000000000 0.001496791 0.998503208
3458 1 3 2 0 0 0.016751157 0.026298804 0.956950068
3459 1 3 2 0 1 0.955266774 0.016751157 0.027982075
3460 1 3 2 0 2 0.957592070 0.016751157 0.025656747
3461 1 3 2 0 3 0.955329597 0.016751157 0.027919250
3462 1 3 2 0 4 0.956473708 0.016751157 0.026775125
3463 1 3 2 0 5 0.958259046 0.016751157 0.024989817
3464 1 3 2 0 6 0.961514056 0.016751157 0.021734787
3465 1 3 2 0 7 0.959470749 0.016751157 0.023778098
3466 1 3 2 0 8 0.957493961 0.016751157 0.025754873
3467 1 3 2 0 9 0.960353255 0.016751157 0.022895560
3468 1 3 2 0 10 0.956313193 0.016751157 0.026935633
3469 1 3 2 0 11 0.954348207 0.016751157 0.028900655
3470 1 3 2 0 12 0.954937398 0.016751157 0.028311441
3471 1 3 2 1 0 0.929725707 0.026373986 0.043900292
3472 1 3 2 1 1 0.026373986 0.045105085 0.928520918
3473 1 3 2 1 2 0.933693230 0.026373986 0.039932791
3474 1 3 2 1 3 0.930756629 0.026373986 0.042869359
3475 1 3 2 1 4 0.933867753 0.026373986 0.039758280
3476 1 3 2 1 5 0.936403394 0.026373986 0.037222642
3477 1 3 2 1 6 0.941599429 0.026373986 0.032026608
3478 1 3 2 1 7 0.938832343 0.026373986 0.034793641
3479 1 3 2 1 8 0.935228229 0.026373986 0.038397789
3480 1 3 2 1 9 0.939399481 0.026373986 0.034226559
3481 1 3 2 1 10 0.932948112 0.026373986 0.040677879
3482 1 3 2 1 11 0.930190563 0.026373986 0.043435447
3483 1 3 2 1 12 0.931056798 0.026373986 0.042569205
3484 1 3 2 2 0 0.813737035 0.076441027 0.109821923
3485 1 3 2 2 1 0.814743996 0.076441027 0.108814955
3486 1 3 2 2 2 0.076441027 0.130260244 0.793298721
3487 1 3 2 2 3 0.816415548 0.076441027 0.107143410
3488 1 3 2 2 4 0.822983384 0.076441027 0.100575581
3489 1 3 2 2 5 0.829310596 0.076441027 0.094248369
3490 1 3 2 2 6 0.837082207 0.076524876 0.086392909
3491 1 3 2 2 7 0.832518220 0.076473422 0.091008373
3492 1 3 2 2 8 0.827904403 0.076537125 0.095558502
3493 1 3 2 2 9 0.832130969 0.076441027 0.091428019
3494 1 3 2 2 10 0.823643506 0.076471314 0.099885158
3495 1 3 2 2 11 0.820336938 0.076669529 0.102993511
3496 1 3 2 2 12 0.820837319 0.076689698 0.102472976
3497 1 3 2 3 0 0.940114081 0.033688091 0.026197853
3498 1 3 2 3 1 0.927456737 0.046679374 0.025863895
3499 1 3 2 3 2 0.956967771 0.019793864 0.023238355
3500 1 3 2 3 3 0.012848146 0.024192719 0.962959111
3501 1 3 2 3 4 0.933667481 0.043063454 0.023269061
3502 1 3 2 3 5 0.933256626 0.045099575 0.021643803
3503 1 3 2 3 6 0.927271545 0.054761309 0.017967161
3504 1 3 2 3 7 0.925706387 0.054257724 0.020035874
3505 1 3 2 3 8 0.934523761 0.042913903 0.022562332
3506 1 3 2 3 9 0.923355579 0.057367932 0.019276464
3507 1 3 2 3 10 0.936792374 0.038193516 0.025014088
3508 1 3 2 3 11 0.960038364 0.013888874 0.026072739
3509 1 3 2 3 12 0.936511397 0.038075503 0.025413102
3510 1 3 2 4 0 0.828688622 0.151372969 0.019938402
3511 1 3 2 4 1 0.794257283 0.187361062 0.018381666
3512 1 3 2 4 2 0.877042830 0.105640061 0.017317120
3513 1 3 2 4 3 0.824784756 0.156018019 0.019197218
3514 1 3 2 4 4 0.007754526 0.019059367 0.973186135
3515 1 3 2 4 5 0.797100067 0.185409769 0.017490165
3516 1 3 2 4 6 0.783496916 0.201203570 0.015299501
3517 1 3 2 4 7 0.780723035 0.203272194 0.016004773
3518 1 3 2 4 8 0.802668810 0.179890528 0.017440645
3519 1 3 2 4 9 0.764102995 0.220583320 0.015313711
3520 1 3 2 4 10 0.829727888 0.151438147 0.018833984
3521 1 3 2 4 11 0.967373490 0.013233472 0.019393062
3522 1 3 2 4 12 0.817461729 0.163430631 0.019107625
3523 1 3 2 5 0 0.977191448 0.013460794 0.009347780
3524 1 3 2 5 1 0.979136229 0.012458149 0.008405646
3525 1 3 2 5 2 0.977377594 0.014404778 0.008217625
3526 1 3 2 5 3 0.972839057 0.017982351 0.009178586
3527 1 3 2 5 4 0.975814641 0.014697458 0.009487926
3528 1 3 2 5 5 0.002876670 0.008958774 0.988164544
3529 1 3 2 5 6 0.962540805 0.028947068 0.008512108
3530 1 3 2 5 7 0.959976137 0.031595495 0.008428346
3531 1 3 2 5 8 0.966017783 0.025195954 0.008786277
3532 1 3 2 5 9 0.925059199 0.067008317 0.007932466
3533 1 3 2 5 10 0.830414474 0.135733515 0.033851996
3534 1 3 2 5 11 0.977395415 0.012631702 0.009972881
3535 1 3 2 5 12 0.973014534 0.016998775 0.009986666
3536 1 3 2 6 0 0.975913942 0.017415294 0.006670769
3537 1 3 2 6 1 0.973927617 0.020026019 0.006046348
3538 1 3 2 6 2 0.968250394 0.025989028 0.005760554
3539 1 3 2 6 3 0.963202059 0.030091165 0.006706772
3540 1 3 2 6 4 0.972007632 0.020863771 0.007128586
3541 1 3 2 6 5 0.966567039 0.027213603 0.006219378
3542 1 3 2 6 6 0.001285505 0.005019384 0.993695140
3543 1 3 2 6 7 0.939406037 0.053183690 0.007410300
3544 1 3 2 6 8 0.948470771 0.044726357 0.006802862
3545 1 3 2 6 9 0.898979843 0.094785057 0.006235126
3546 1 3 2 6 10 0.786482632 0.177260637 0.036256764
3547 1 3 2 6 11 0.975007415 0.017233450 0.007759149
3548 1 3 2 6 12 0.970371664 0.021831609 0.007796744
3549 1 3 2 7 0 0.966498196 0.026786931 0.006714864
3550 1 3 2 7 1 0.961487651 0.032698952 0.005813407
3551 1 3 2 7 2 0.955139339 0.039224669 0.005635967
3552 1 3 2 7 3 0.948684871 0.044793736 0.006521417
3553 1 3 2 7 4 0.959907472 0.033603098 0.006489454
3554 1 3 2 7 5 0.952947736 0.041200500 0.005851789
3555 1 3 2 7 6 0.940194309 0.054870952 0.004934717
3556 1 3 2 7 7 0.000774462 0.003568430 0.995657086
3557 1 3 2 7 8 0.898168027 0.094073057 0.007758935
3558 1 3 2 7 9 0.846988380 0.144902661 0.008108948
3559 1 3 2 7 10 0.729331672 0.229665130 0.041003194
3560 1 3 2 7 11 0.964505911 0.026686262 0.008807817
3561 1 3 2 7 12 0.955336392 0.036080088 0.008583524
3562 1 3 2 8 0 0.765906334 0.176213965 0.057879709
3563 1 3 2 8 1 0.775021613 0.170050457 0.054927923
3564 1 3 2 8 2 0.783003986 0.162707925 0.054288078
3565 1 3 2 8 3 0.751990259 0.188059077 0.059950650
3566 1 3 2 8 4 0.756373048 0.183710113 0.059916839
3567 1 3 2 8 5 0.741088450 0.204050764 0.054860778
3568 1 3 2 8 6 0.677809536 0.272903413 0.049287055
3569 1 3 2 8 7 0.699933410 0.254426926 0.045639683
3570 1 3 2 8 8 0.003796822 0.019776508 0.976426661
3571 1 3 2 8 9 0.847601950 0.130420044 0.021977982
3572 1 3 2 8 10 0.834860742 0.135370508 0.029768746
3573 1 3 2 8 11 0.845605552 0.117664441 0.036730018
3574 1 3 2 8 12 0.837833047 0.125483498 0.036683485
3575 1 3 2 9 0 0.935199499 0.056649771 0.008150704
3576 1 3 2 9 1 0.932494044 0.059669428 0.007836530
3577 1 3 2 9 2 0.917722940 0.075526908 0.006750138
3578 1 3 2 9 3 0.914495409 0.076825090 0.008679472
3579 1 3 2 9 4 0.922352970 0.066769831 0.010877184
3580 1 3 2 9 5 0.910817921 0.079042517 0.010139539
3581 1 3 2 9 6 0.891239226 0.097937033 0.010823746
3582 1 3 2 9 7 0.892985642 0.097254679 0.009759688
3583 1 3 2 9 8 0.911694169 0.082362100 0.005943730
3584 1 3 2 9 9 0.000829114 0.002713195 0.996457696
3585 1 3 2 9 10 0.738181591 0.230523035 0.031295352
3586 1 3 2 9 11 0.897414565 0.091277711 0.011307730
3587 1 3 2 9 12 0.879064083 0.110358328 0.010577601
3588 1 3 2 10 0 0.528989077 0.454081237 0.016929675
3589 1 3 2 10 1 0.562435389 0.422617465 0.014947124
3590 1 3 2 10 2 0.557962000 0.431809723 0.010228272
3591 1 3 2 10 3 0.478205711 0.506869674 0.014924614
3592 1 3 2 10 4 0.444498181 0.545359612 0.010142229
3593 1 3 2 10 5 0.456990868 0.531396747 0.011612401
3594 1 3 2 10 6 0.448636293 0.537758529 0.013605180
3595 1 3 2 10 7 0.471796215 0.518593729 0.009610048
3596 1 3 2 10 8 0.564295948 0.428514957 0.007189114
3597 1 3 2 10 9 0.729463100 0.263721913 0.006814980
3598 1 3 2 10 10 0.000627879 0.002326919 0.997045219
3599 1 3 2 10 11 0.414018244 0.535445809 0.050535940
3600 1 3 2 10 12 0.215088665 0.729618669 0.055292688
3601 1 3 2 11 0 0.117421590 0.666222334 0.216356084
3602 1 3 2 11 1 0.154574007 0.631392300 0.214033708
3603 1 3 2 11 2 0.187393039 0.600194931 0.212412044
3604 1 3 2 11 3 0.054235216 0.758919895 0.186844856
3605 1 3 2 11 4 0.020852456 0.803463161 0.175684407
3606 1 3 2 11 5 0.014541904 0.816463590 0.168994516
3607 1 3 2 11 6 0.026201110 0.814132154 0.159666717
3608 1 3 2 11 7 0.045609698 0.821002662 0.133387610
3609 1 3 2 11 8 0.040833361 0.840536535 0.118630119
3610 1 3 2 11 9 0.175273895 0.726796806 0.097929299
3611 1 3 2 11 10 0.173315004 0.736834884 0.089850090
3612 1 3 2 11 11 0.001001599 0.004499990 0.994498432
3613 1 3 2 11 12 0.001008020 0.309938252 0.689053714
3614 1 3 2 12 0 0.000211960 0.025695218 0.974092841
3615 1 3 2 12 1 0.000211960 0.034447297 0.965340734
3616 1 3 2 12 2 0.000211960 0.045570929 0.954217136
3617 1 3 2 12 3 0.000211960 0.016024498 0.983763516
3618 1 3 2 12 4 0.000211960 0.007677157 0.992110908
3619 1 3 2 12 5 0.000211960 0.002188141 0.997599900
3620 1 3 2 12 6 0.000211960 0.001862112 0.997925937
3621 1 3 2 12 7 0.000211960 0.002003593 0.997784436
3622 1 3 2 12 8 0.000211960 0.010875043 0.988913000
3623 1 3 2 12 9 0.000211960 0.128930241 0.870857775
3624 1 3 2 12 10 0.000211960 0.193585306 0.806202710
3625 1 3 2 12 11 0.000211960 0.421392322 0.578395724
3626 1 3 2 12 12 0.000211960 0.001024307 0.998763740
3627 1 3 3 0 0 0.000002647 0.000004081 0.999993265
3628 1 3 3 0 1 0.980558574 0.000194527 0.019246882
3629 1 3 3 0 2 0.970902801 0.000481980 0.028615192
3630 1 3 3 0 3 0.940604985 0.000088260 0.059306748
3631 1 3 3 0 4 0.957850218 0.000093610 0.042056158
3632 1 3 3 0 5 0.945178270 0.000089659 0.054732066
3633 1 3 3 0 6 0.930178523 0.000072617 0.069748849
3634 1 3 3 0 7 0.933420002 0.000015635 0.066564344
3635 1 3 3 0 8 0.938874245 0.000079599 0.061046164
3636 1 3 3 0 9 0.959622443 0.000073982 0.040303554
3637 1 3 3 0 10 0.962550879 0.000007018 0.037442129
3638 1 3 3 0 11 0.871552408 0.066562891 0.061884698
3639 1 3 3 0 12 0.975216746 0.000152591 0.024630671
3640 1 3 3 1 0 0.966980517 0.001398370 0.031621121
3641 1 3 3 1 1 0.000002538 0.000004298 0.999993145
3642 1 3 3 1 2 0.968678117 0.001205539 0.030116323
3643 1 3 3 1 3 0.940167248 0.000199146 0.059633579
3644 1 3 3 1 4 0.957458973 0.000204915 0.042336110
3645 1 3 3 1 5 0.944827914 0.000177105 0.054994997
3646 1 3 3 1 6 0.929863274 0.000140443 0.069996290
3647 1 3 3 1 7 0.933228791 0.000034855 0.066736341
3648 1 3 3 1 8 0.938582778 0.000181455 0.061235785
3649 1 3 3 1 9 0.959151983 0.000194336 0.040653694
3650 1 3 3 1 10 0.962438345 0.000018125 0.037543550
3651 1 3 3 1 11 0.767269611 0.104742900 0.127987489
3652 1 3 3 1 12 0.974658072 0.000376977 0.024964925
3653 1 3 3 2 0 0.963360786 0.001812480 0.034826737
3654 1 3 3 2 1 0.979561806 0.000395123 0.020043090
3655 1 3 3 2 2 0.000002724 0.000004583 0.999992669
3656 1 3 3 2 3 0.942454755 0.000156052 0.057389203
3657 1 3 3 2 4 0.959087014 0.000159074 0.040753882
3658 1 3 3 2 5 0.947115958 0.000136813 0.052747257
3659 1 3 3 2 6 0.933063745 0.000108487 0.066827744
3660 1 3 3 2 7 0.936956286 0.000027146 0.063016541
3661 1 3 3 2 8 0.939796209 0.000142983 0.060060803
3662 1 3 3 2 9 0.961082458 0.000153305 0.038764253
3663 1 3 3 2 10 0.964243889 0.000014375 0.035741728
3664 1 3 3 2 11 0.755034924 0.078103185 0.166861877
3665 1 3 3 2 12 0.975035727 0.000298964 0.024665309
3666 1 3 3 3 0 0.188810423 0.015853660 0.795335889
3667 1 3 3 3 1 0.620778501 0.007010614 0.372210860
3668 1 3 3 3 2 0.577498198 0.007763834 0.414737999
3669 1 3 3 3 3 0.000087264 0.000127822 0.999784887
3670 1 3 3 3 4 0.791978717 0.002863856 0.205157444
3671 1 3 3 3 5 0.788035274 0.002573867 0.209390879
3672 1 3 3 3 6 0.802445710 0.002143027 0.195411250
3673 1 3 3 3 7 0.916697443 0.000544070 0.082758464
3674 1 3 3 3 8 0.800158262 0.002611638 0.197230086
3675 1 3 3 3 9 0.829175711 0.002903532 0.167920783
3676 1 3 3 3 10 0.959356606 0.000291896 0.040351480
3677 1 3 3 3 11 0.029765701 0.017581219 0.952653050
3678 1 3 3 3 12 0.729305446 0.004740930 0.265953660
3679 1 3 3 4 0 0.048968218 0.024741571 0.926290214
3680 1 3 3 4 1 0.046220511 0.023735449 0.930044055
3681 1 3 3 4 2 0.045960944 0.023624009 0.930415034
3682 1 3 3 4 3 0.040209666 0.021240067 0.938550293
3683 1 3 3 4 4 0.013978199 0.033653621 0.952368200
3684 1 3 3 4 5 0.035642814 0.019130994 0.945226192
3685 1 3 3 4 6 0.038245980 0.019074898 0.942679107
3686 1 3 3 4 7 0.043769818 0.021859398 0.934370756
3687 1 3 3 4 8 0.045409743 0.022315046 0.932275236
3688 1 3 3 4 9 0.047975037 0.024523711 0.927501261
3689 1 3 3 4 10 0.048224945 0.024433391 0.927341640
3690 1 3 3 4 11 0.053681560 0.023659986 0.922658443
3691 1 3 3 4 12 0.051108714 0.023729164 0.925162137
3692 1 3 3 5 0 0.101145275 0.041291874 0.857562840
3693 1 3 3 5 1 0.096937619 0.039892737 0.863169670
3694 1 3 3 5 2 0.096440636 0.039722528 0.863836825
3695 1 3 3 5 3 0.086826868 0.036169536 0.877003610
3696 1 3 3 5 4 0.081538551 0.033952214 0.884509206
3697 1 3 3 5 5 0.019799456 0.087530844 0.892669678
3698 1 3 3 5 6 0.098655745 0.035529483 0.865814745
3699 1 3 3 5 7 0.105351008 0.040402293 0.854246676
3700 1 3 3 5 8 0.110073768 0.041242402 0.848683834
3701 1 3 3 5 9 0.105213620 0.042980086 0.851806283
3702 1 3 3 5 10 0.106869675 0.043099105 0.850031197
3703 1 3 3 5 11 0.121610872 0.041531730 0.836857378
3704 1 3 3 5 12 0.118925266 0.041617360 0.839457393
3705 1 3 3 6 0 0.221539095 0.051917709 0.726543188
3706 1 3 3 6 1 0.215627357 0.051149264 0.733223379
3707 1 3 3 6 2 0.216625541 0.051028550 0.732345939
3708 1 3 3 6 3 0.204716876 0.049234256 0.746048868
3709 1 3 3 6 4 0.200963080 0.047160510 0.751876414
3710 1 3 3 6 5 0.191787079 0.042884648 0.765328288
3711 1 3 3 6 6 0.017690055 0.110040538 0.872269392
3712 1 3 3 6 7 0.233974352 0.057710264 0.708315372
3713 1 3 3 6 8 0.244941145 0.056698993 0.698359847
3714 1 3 3 6 9 0.222007751 0.058799144 0.719193101
3715 1 3 3 6 10 0.228356391 0.057967950 0.713675678
3716 1 3 3 6 11 0.237849355 0.051966757 0.710183918
3717 1 3 3 6 12 0.235172570 0.052624382 0.712203026
3718 1 3 3 7 0 0.665586650 0.039356865 0.295056462
3719 1 3 3 7 1 0.658242524 0.040639002 0.301118463
3720 1 3 3 7 2 0.663148701 0.040933665 0.295917600
3721 1 3 3 7 3 0.671923578 0.043417431 0.284658998
3722 1 3 3 7 4 0.657919288 0.050231986 0.291848719
3723 1 3 3 7 5 0.658342183 0.042217206 0.299440622
3724 1 3 3 7 6 0.655962706 0.037067387 0.306969911
3725 1 3 3 7 7 0.004089014 0.025097987 0.970812976
3726 1 3 3 7 8 0.689146876 0.071292102 0.239561036
3727 1 3 3 7 9 0.698623836 0.069986247 0.231389910
3728 1 3 3 7 10 0.695397735 0.071629763 0.232972488
3729 1 3 3 7 11 0.723154426 0.065932930 0.210912645
3730 1 3 3 7 12 0.720279336 0.066668719 0.213051930
3731 1 3 3 8 0 0.763321817 0.116710924 0.119967267
3732 1 3 3 8 1 0.760906994 0.117282122 0.121810898
3733 1 3 3 8 2 0.752465963 0.124688424 0.122845635
3734 1 3 3 8 3 0.713947833 0.178964779 0.107087404
3735 1 3 3 8 4 0.671354592 0.222527742 0.106117681
3736 1 3 3 8 5 0.674629748 0.219948843 0.105421402
3737 1 3 3 8 6 0.724132061 0.169913217 0.105954729
3738 1 3 3 8 7 0.776699722 0.106064700 0.117235586
3739 1 3 3 8 8 0.001452208 0.007727582 0.990820229
3740 1 3 3 8 9 0.742921889 0.131630823 0.125447303
3741 1 3 3 8 10 0.752079964 0.123579375 0.124340668
3742 1 3 3 8 11 0.762325764 0.116085954 0.121588290
3743 1 3 3 8 12 0.754831672 0.121032834 0.124135494
3744 1 3 3 9 0 0.916380584 0.062236112 0.021383287
3745 1 3 3 9 1 0.929434836 0.052549671 0.018015498
3746 1 3 3 9 2 0.911694109 0.066551238 0.021754656
3747 1 3 3 9 3 0.863038599 0.108719483 0.028241893
3748 1 3 3 9 4 0.863543391 0.110791042 0.025665592
3749 1 3 3 9 5 0.852360368 0.121367715 0.026271908
3750 1 3 3 9 6 0.868072808 0.101859152 0.030068064
3751 1 3 3 9 7 0.893670142 0.083028644 0.023301220
3752 1 3 3 9 8 0.888248086 0.084371664 0.027380232
3753 1 3 3 9 9 0.000111776 0.000279712 0.999608517
3754 1 3 3 9 10 0.869170904 0.107102223 0.023726895
3755 1 3 3 9 11 0.869541705 0.113037355 0.017420916
3756 1 3 3 9 12 0.854379058 0.122448675 0.023172293
3757 1 3 3 10 0 0.635112941 0.337251723 0.027635368
3758 1 3 3 10 1 0.634724736 0.338015318 0.027259929
3759 1 3 3 10 2 0.664918303 0.307537287 0.027544387
3760 1 3 3 10 3 0.654078901 0.317797869 0.028123206
3761 1 3 3 10 4 0.673995078 0.299171060 0.026833847
3762 1 3 3 10 5 0.686481416 0.286433399 0.027085185
3763 1 3 3 10 6 0.681975842 0.291563570 0.026460595
3764 1 3 3 10 7 0.687456012 0.290153056 0.022390898
3765 1 3 3 10 8 0.640156567 0.336864650 0.022978755
3766 1 3 3 10 9 0.821126103 0.158179566 0.020694308
3767 1 3 3 10 10 0.000123703 0.000389242 0.999487042
3768 1 3 3 10 11 0.546594024 0.416287541 0.037118457
3769 1 3 3 10 12 0.548607111 0.408811241 0.042581674
3770 1 3 3 11 0 0.931249440 0.046859287 0.021891251
3771 1 3 3 11 1 0.963783264 0.021850774 0.014365943
3772 1 3 3 11 2 0.949883163 0.028330475 0.021786384
3773 1 3 3 11 3 0.849500358 0.114752263 0.035747394
3774 1 3 3 11 4 0.844594002 0.131624833 0.023781199
3775 1 3 3 11 5 0.832176924 0.137993664 0.029829420
3776 1 3 3 11 6 0.875094533 0.080363438 0.044542018
3777 1 3 3 11 7 0.902120054 0.053418767 0.044461187
3778 1 3 3 11 8 0.867890298 0.094094984 0.038014691
3779 1 3 3 11 9 0.926407754 0.045591462 0.028000789
3780 1 3 3 11 10 0.920780361 0.052894544 0.026325086
3781 1 3 3 11 11 0.000004891 0.000010194 0.999984920
3782 1 3 3 11 12 0.290733159 0.687218130 0.022048736
3783 1 3 3 12 0 0.000000162 0.000000204 0.999999642
3784 1 3 3 12 1 0.000000157 0.000000193 0.999999642
3785 1 3 3 12 2 0.000000160 0.000000195 0.999999642
3786 1 3 3 12 3 0.000711938 0.002013940 0.997274101
3787 1 3 3 12 4 0.007923215 0.028593965 0.963482797
3788 1 3 3 12 5 0.000548898 0.142322600 0.857128501
3789 1 3 3 12 6 0.000000327 0.259951413 0.740048230
3790 1 3 3 12 7 0.000067436 0.385859042 0.614073515
3791 1 3 3 12 8 0.000092444 0.004513022 0.995394528
3792 1 3 3 12 9 0.000086427 0.417885959 0.582027614
3793 1 3 3 12 10 0.000034229 0.833814085 0.166151688
3794 1 3 3 12 11 0.030121492 0.550221443 0.419657052
3795 1 3 3 12 12 0.000001220 0.000002828 0.999995947
3796 1 3 4 0 0 0.000023084 0.999976933 0.000000000
3797 1 3 4 0 1 0.999996543 0.000003430 0.000000000
3798 1 3 4 0 2 0.999996603 0.000003405 0.000000000
3799 1 3 4 0 3 0.999996543 0.000003482 0.000000000
3800 1 3 4 0 4 0.999996543 0.000003477 0.000000000
3801 1 3 4 0 5 0.999996543 0.000003482 0.000000000
3802 1 3 4 0 6 0.999996483 0.000003505 0.000000000
3803 1 3 4 0 7 0.999996006 0.000004015 0.000000000
3804 1 3 4 0 8 0.999996483 0.000003494 0.000000000
3805 1 3 4 0 9 0.999996483 0.000003502 0.000000000
3806 1 3 4 0 10 0.999994814 0.000005190 0.000000000
3807 1 3 4 0 11 0.999996603 0.000003388 0.000000000
3808 1 3 4 0 12 0.999996543 0.000003443 0.000000000
3809 1 3 4 1 0 0.999996781 0.000003231 0.000000000
3810 1 3 4 1 1 0.000021106 0.999978900 0.000000000
3811 1 3 4 1 2 0.999996781 0.000003241 0.000000000
3812 1 3 4 1 3 0.999996662 0.000003315 0.000000000
3813 1 3 4 1 4 0.999996662 0.000003310 0.000000000
3814 1 3 4 1 5 0.999996662 0.000003314 0.000000000
3815 1 3 4 1 6 0.999996662 0.000003336 0.000000000
3816 1 3 4 1 7 0.999996185 0.000003820 0.000000000
3817 1 3 4 1 8 0.999996662 0.000003325 0.000000000
3818 1 3 4 1 9 0.999996662 0.000003334 0.000000000
3819 1 3 4 1 10 0.999995053 0.000004942 0.000000000
3820 1 3 4 1 11 0.999996781 0.000003225 0.000000000
3821 1 3 4 1 12 0.999996722 0.000003277 0.000000000
3822 1 3 4 2 0 0.999996960 0.000003036 0.000000000
3823 1 3 4 2 1 0.999996960 0.000003067 0.000000000
3824 1 3 4 2 2 0.000011718 0.999988258 0.000000000
3825 1 3 4 2 3 0.999996901 0.000003119 0.000000000
3826 1 3 4 2 4 0.999996901 0.000003115 0.000000000
3827 1 3 4 2 5 0.999996901 0.000003119 0.000000000
3828 1 3 4 2 6 0.999996841 0.000003140 0.000000000
3829 1 3 4 2 7 0.999996364 0.000003626 0.000000000
3830 1 3 4 2 8 0.999996841 0.000003130 0.000000000
3831 1 3 4 2 9 0.999996841 0.000003138 0.000000000
3832 1 3 4 2 10 0.999995232 0.000004751 0.000000000
3833 1 3 4 2 11 0.999996960 0.000003030 0.000000000
3834 1 3 4 2 12 0.999996901 0.000003082 0.000000000
3835 1 3 4 3 0 0.999784529 0.000215448 0.000000000
3836 1 3 4 3 1 0.999775410 0.000224583 0.000000000
3837 1 3 4 3 2 0.999775767 0.000224222 0.000000000
3838 1 3 4 3 3 0.000281066 0.999718904 0.000000000
3839 1 3 4 3 4 0.999625385 0.000374613 0.000000000
3840 1 3 4 3 5 0.999714553 0.000285422 0.000000000
3841 1 3 4 3 6 0.999731302 0.000268674 0.000000000
3842 1 3 4 3 7 0.999687374 0.000312624 0.000000000
3843 1 3 4 3 8 0.999731898 0.000268117 0.000000000
3844 1 3 4 3 9 0.999574482 0.000425488 0.000000000
3845 1 3 4 3 10 0.999350905 0.000649116 0.000000000
3846 1 3 4 3 11 0.999563873 0.000436102 0.000000000
3847 1 3 4 3 12 0.999540567 0.000459462 0.000000000
3848 1 3 4 4 0 0.959949791 0.040050197 0.000000000
3849 1 3 4 4 1 0.958650649 0.041349355 0.000000000
3850 1 3 4 4 2 0.958674192 0.041325837 0.000000000
3851 1 3 4 4 3 0.961694300 0.038305700 0.000000000
3852 1 3 4 4 4 0.004953006 0.995046973 0.000000000
3853 1 3 4 4 5 0.935868561 0.064131424 0.000000000
3854 1 3 4 4 6 0.941346586 0.058653384 0.000000000
3855 1 3 4 4 7 0.942162454 0.057837561 0.000000000
3856 1 3 4 4 8 0.944862247 0.055137746 0.000000000
3857 1 3 4 4 9 0.930328131 0.069671877 0.000000000
3858 1 3 4 4 10 0.929708183 0.070291810 0.000000000
3859 1 3 4 4 11 0.925331652 0.074668370 0.000000000
3860 1 3 4 4 12 0.924611270 0.075388744 0.000000000
3861 1 3 4 5 0 0.797368944 0.202631027 0.000000000
3862 1 3 4 5 1 0.792788565 0.207211435 0.000000000
3863 1 3 4 5 2 0.792711318 0.207288697 0.000000000
3864 1 3 4 5 3 0.804622293 0.195377693 0.000000000
3865 1 3 4 5 4 0.826500893 0.173499092 0.000000000
3866 1 3 4 5 5 0.006152296 0.993847728 0.000000000
3867 1 3 4 5 6 0.770999491 0.229000494 0.000000000
3868 1 3 4 5 7 0.770484865 0.229515105 0.000000000
3869 1 3 4 5 8 0.777734160 0.222265825 0.000000000
3870 1 3 4 5 9 0.737942040 0.262057960 0.000000000
3871 1 3 4 5 10 0.735372126 0.264627874 0.000000000
3872 1 3 4 5 11 0.718762338 0.281237692 0.000000000
3873 1 3 4 5 12 0.716979980 0.283020020 0.000000000
3874 1 3 4 6 0 0.554338574 0.445661455 0.000000000
3875 1 3 4 6 1 0.555176437 0.444823593 0.000000000
3876 1 3 4 6 2 0.553741574 0.446258426 0.000000000
3877 1 3 4 6 3 0.568277836 0.431722194 0.000000000
3878 1 3 4 6 4 0.626303017 0.373696983 0.000000000
3879 1 3 4 6 5 0.681377590 0.318622410 0.000000000
3880 1 3 4 6 6 0.005709752 0.994290233 0.000000000
3881 1 3 4 6 7 0.532809258 0.467190742 0.000000000
3882 1 3 4 6 8 0.538795769 0.461204231 0.000000000
3883 1 3 4 6 9 0.497200191 0.502799809 0.000000000
3884 1 3 4 6 10 0.489260435 0.510739565 0.000000000
3885 1 3 4 6 11 0.471578687 0.528421283 0.000000000
3886 1 3 4 6 12 0.468963176 0.531036794 0.000000000
3887 1 3 4 7 0 0.538741350 0.461258650 0.000000000
3888 1 3 4 7 1 0.560767770 0.439232200 0.000000000
3889 1 3 4 7 2 0.554139256 0.445860773 0.000000000
3890 1 3 4 7 3 0.527033210 0.472966760 0.000000000
3891 1 3 4 7 4 0.598420262 0.401579767 0.000000000
3892 1 3 4 7 5 0.666493773 0.333506227 0.000000000
3893 1 3 4 7 6 0.718127370 0.281872660 0.000000000
3894 1 3 4 7 7 0.003681896 0.996318102 0.000000000
3895 1 3 4 7 8 0.407547802 0.592452168 0.000000000
3896 1 3 4 7 9 0.383861333 0.616138637 0.000000000
3897 1 3 4 7 10 0.408262134 0.591737866 0.000000000
3898 1 3 4 7 11 0.339830846 0.660169125 0.000000000
3899 1 3 4 7 12 0.337242275 0.662757754 0.000000000
3900 1 3 4 8 0 0.509452701 0.490547329 0.000000000
3901 1 3 4 8 1 0.547612548 0.452387422 0.000000000
3902 1 3 4 8 2 0.562623680 0.437376320 0.000000000
3903 1 3 4 8 3 0.485696286 0.514303744 0.000000000
3904 1 3 4 8 4 0.529482841 0.470517159 0.000000000
3905 1 3 4 8 5 0.582552731 0.417447299 0.000000000
3906 1 3 4 8 6 0.675373316 0.324626684 0.000000000
3907 1 3 4 8 7 0.785716057 0.214283973 0.000000000
3908 1 3 4 8 8 0.002413558 0.997586429 0.000000000
3909 1 3 4 8 9 0.328075320 0.671924710 0.000000000
3910 1 3 4 8 10 0.217172176 0.782827795 0.000000000
3911 1 3 4 8 11 0.097516187 0.902483821 0.000000000
3912 1 3 4 8 12 0.111221284 0.888778746 0.000000000
3913 1 3 4 9 0 0.725614607 0.274385363 0.000000000
3914 1 3 4 9 1 0.680483878 0.319516152 0.000000000
3915 1 3 4 9 2 0.880372047 0.119627923 0.000000000
3916 1 3 4 9 3 0.611683488 0.388316512 0.000000000
3917 1 3 4 9 4 0.454167873 0.545832098 0.000000000
3918 1 3 4 9 5 0.643437326 0.356562704 0.000000000
3919 1 3 4 9 6 0.409008592 0.590991378 0.000000000
3920 1 3 4 9 7 0.461586565 0.538413465 0.000000000
3921 1 3 4 9 8 0.878636181 0.121363796 0.000000000
3922 1 3 4 9 9 0.000373447 0.999626577 0.000000000
3923 1 3 4 9 10 0.446151495 0.553848505 0.000000000
3924 1 3 4 9 11 0.542945027 0.457055002 0.000000000
3925 1 3 4 9 12 0.475744218 0.524255753 0.000000000
3926 1 3 4 10 0 0.545938194 0.454061836 0.000000000
3927 1 3 4 10 1 0.511717916 0.488282055 0.000000000
3928 1 3 4 10 2 0.537781060 0.462218970 0.000000000
3929 1 3 4 10 3 0.563616514 0.436383486 0.000000000
3930 1 3 4 10 4 0.579379797 0.420620203 0.000000000
3931 1 3 4 10 5 0.527734995 0.472265005 0.000000000
3932 1 3 4 10 6 0.419016480 0.580983520 0.000000000
3933 1 3 4 10 7 0.389993966 0.610006034 0.000000000
3934 1 3 4 10 8 0.372514099 0.627485931 0.000000000
3935 1 3 4 10 9 0.516037643 0.483962357 0.000000000
3936 1 3 4 10 10 0.000282257 0.999717772 0.000000000
3937 1 3 4 10 11 0.497793138 0.502206862 0.000000000
3938 1 3 4 10 12 0.517924249 0.482075751 0.000000000
3939 1 3 4 11 0 0.992632449 0.007367569 0.000000000
3940 1 3 4 11 1 0.991656959 0.008343013 0.000000000
3941 1 3 4 11 2 0.989872634 0.010127340 0.000000000
3942 1 3 4 11 3 0.995393336 0.004606690 0.000000000
3943 1 3 4 11 4 0.993945658 0.006054362 0.000000000
3944 1 3 4 11 5 0.995143235 0.004856746 0.000000000
3945 1 3 4 11 6 0.995796025 0.004203989 0.000000000
3946 1 3 4 11 7 0.995061040 0.004938959 0.000000000
3947 1 3 4 11 8 0.997684240 0.002315752 0.000000000
3948 1 3 4 11 9 0.996661663 0.003338344 0.000000000
3949 1 3 4 11 10 0.995184660 0.004815330 0.000000000
3950 1 3 4 11 11 0.000000605 0.999999404 0.000000000
3951 1 3 4 11 12 0.979382634 0.020617371 0.000000000
3952 1 3 4 12 0 0.000000474 0.999999523 0.000000000
3953 1 3 4 12 1 0.000000507 0.999999464 0.000000000
3954 1 3 4 12 2 0.000000484 0.999999523 0.000000000
3955 1 3 4 12 3 0.001546270 0.998453736 0.000000000
3956 1 3 4 12 4 0.006580698 0.993419290 0.000000000
3957 1 3 4 12 5 0.000709055 0.999290943 0.000000000
3958 1 3 4 12 6 0.000581836 0.999418139 0.000000000
3959 1 3 4 12 7 0.013247653 0.986752331 0.000000000
3960 1 3 4 12 8 0.000796246 0.999203742 0.000000000
3961 1 3 4 12 9 0.009474817 0.990525186 0.000000000
3962 1 3 4 12 10 0.010128069 0.989871919 0.000000000
3963 1 3 4 12 11 0.033672784 0.966327190 0.000000000
3964 1 3 4 12 12 0.000000176 0.999999821 0.000000000
3965 1 3 5 0 0 0.012931298 0.987068713 0.000000000
3966 1 3 5 0 1 0.985211492 0.014788481 0.000000000
3967 1 3 5 0 2 0.983630061 0.016369915 0.000000000
3968 1 3 5 0 3 0.985181153 0.014818861 0.000000000
3969 1 3 5 0 4 0.984339297 0.015660696 0.000000000
3970 1 3 5 0 5 0.984178901 0.015821110 0.000000000
3971 1 3 5 0 6 0.985329330 0.014670647 0.000000000
3972 1 3 5 0 7 0.985039175 0.014960852 0.000000000
3973 1 3 5 0 8 0.984670043 0.015329977 0.000000000
3974 1 3 5 0 9 0.984699667 0.015300315 0.000000000
3975 1 3 5 0 10 0.984874725 0.015125295 0.000000000
3976 1 3 5 0 11 0.985071719 0.014928269 0.000000000
3977 1 3 5 0 12 0.982585371 0.017414635 0.000000000
3978 1 3 5 1 0 0.976330817 0.023669191 0.000000000
3979 1 3 5 1 1 0.020710200 0.979289770 0.000000000
3980 1 3 5 1 2 0.973322749 0.026677225 0.000000000
3981 1 3 5 1 3 0.976107717 0.023892289 0.000000000
3982 1 3 5 1 4 0.974713564 0.025286408 0.000000000
3983 1 3 5 1 5 0.973273396 0.026726622 0.000000000
3984 1 3 5 1 6 0.975259542 0.024740469 0.000000000
3985 1 3 5 1 7 0.974846959 0.025153046 0.000000000
3986 1 3 5 1 8 0.974993706 0.025006270 0.000000000
3987 1 3 5 1 9 0.974189341 0.025810685 0.000000000
3988 1 3 5 1 10 0.974136412 0.025863575 0.000000000
3989 1 3 5 1 11 0.974334657 0.025665352 0.000000000
3990 1 3 5 1 12 0.970444620 0.029555373 0.000000000
3991 1 3 5 2 0 0.906442463 0.093557507 0.000000000
3992 1 3 5 2 1 0.905294061 0.094705939 0.000000000
3993 1 3 5 2 2 0.065907523 0.934092462 0.000000000
3994 1 3 5 2 3 0.908569157 0.091430835 0.000000000
3995 1 3 5 2 4 0.902899384 0.097100645 0.000000000
3996 1 3 5 2 5 0.901644230 0.098355778 0.000000000
3997 1 3 5 2 6 0.907988787 0.092011184 0.000000000
3998 1 3 5 2 7 0.906837583 0.093162432 0.000000000
3999 1 3 5 2 8 0.906932354 0.093067646 0.000000000
4000 1 3 5 2 9 0.904323518 0.095676482 0.000000000
4001 1 3 5 2 10 0.899105608 0.100894414 0.000000000
4002 1 3 5 2 11 0.896423578 0.103576429 0.000000000
4003 1 3 5 2 12 0.888761997 0.111238010 0.000000000
4004 1 3 5 3 0 0.988707304 0.011292711 0.000000000
4005 1 3 5 3 1 0.988480628 0.011519396 0.000000000
4006 1 3 5 3 2 0.987814486 0.012185534 0.000000000
4007 1 3 5 3 3 0.009852931 0.990147054 0.000000000
4008 1 3 5 3 4 0.988425970 0.011574041 0.000000000
4009 1 3 5 3 5 0.987955868 0.012044129 0.000000000
4010 1 3 5 3 6 0.988286257 0.011713725 0.000000000
4011 1 3 5 3 7 0.988036811 0.011963174 0.000000000
4012 1 3 5 3 8 0.987881780 0.012118236 0.000000000
4013 1 3 5 3 9 0.987837970 0.012162040 0.000000000
4014 1 3 5 3 10 0.988588214 0.011411786 0.000000000
4015 1 3 5 3 11 0.988568664 0.011431316 0.000000000
4016 1 3 5 3 12 0.988236368 0.011763620 0.000000000
4017 1 3 5 4 0 0.992025733 0.007974254 0.000000000
4018 1 3 5 4 1 0.992132902 0.007867099 0.000000000
4019 1 3 5 4 2 0.992188156 0.007811860 0.000000000
4020 1 3 5 4 3 0.991574943 0.008425052 0.000000000
4021 1 3 5 4 4 0.005899863 0.994100153 0.000000000
4022 1 3 5 4 5 0.990370691 0.009629333 0.000000000
4023 1 3 5 4 6 0.990477979 0.009522050 0.000000000
4024 1 3 5 4 7 0.991482794 0.008517188 0.000000000
4025 1 3 5 4 8 0.991027296 0.008972687 0.000000000
4026 1 3 5 4 9 0.991755605 0.008244400 0.000000000
4027 1 3 5 4 10 0.992329299 0.007670681 0.000000000
4028 1 3 5 4 11 0.990312934 0.009687045 0.000000000
4029 1 3 5 4 12 0.991268635 0.008731341 0.000000000
4030 1 3 5 5 0 0.983910084 0.016089888 0.000000000
4031 1 3 5 5 1 0.984230340 0.015769683 0.000000000
4032 1 3 5 5 2 0.983155906 0.016844112 0.000000000
4033 1 3 5 5 3 0.993503809 0.006496176 0.000000000
4034 1 3 5 5 4 0.995383739 0.004616261 0.000000000
4035 1 3 5 5 5 0.002169680 0.997830331 0.000000000
4036 1 3 5 5 6 0.974596977 0.025403032 0.000000000
4037 1 3 5 5 7 0.977763534 0.022236470 0.000000000
4038 1 3 5 5 8 0.980963826 0.019036166 0.000000000
4039 1 3 5 5 9 0.975525498 0.024474524 0.000000000
4040 1 3 5 5 10 0.980659544 0.019340454 0.000000000
4041 1 3 5 5 11 0.975178182 0.024821810 0.000000000
4042 1 3 5 5 12 0.975941300 0.024058674 0.000000000
4043 1 3 5 6 0 0.884189248 0.115810759 0.000000000
4044 1 3 5 6 1 0.898920000 0.101080015 0.000000000
4045 1 3 5 6 2 0.904242992 0.095757030 0.000000000
4046 1 3 5 6 3 0.967436850 0.032563135 0.000000000
4047 1 3 5 6 4 0.965531468 0.034468558 0.000000000
4048 1 3 5 6 5 0.976839721 0.023160290 0.000000000
4049 1 3 5 6 6 0.000966715 0.999033272 0.000000000
4050 1 3 5 6 7 0.858545840 0.141454160 0.000000000
4051 1 3 5 6 8 0.846081018 0.153918996 0.000000000
4052 1 3 5 6 9 0.874243975 0.125756025 0.000000000
4053 1 3 5 6 10 0.906386971 0.093613051 0.000000000
4054 1 3 5 6 11 0.833260775 0.166739255 0.000000000
4055 1 3 5 6 12 0.754821658 0.245178357 0.000000000
4056 1 3 5 7 0 0.643167257 0.356832713 0.000000000
4057 1 3 5 7 1 0.537182689 0.462817281 0.000000000
4058 1 3 5 7 2 0.707365036 0.292634964 0.000000000
4059 1 3 5 7 3 0.807932198 0.192067817 0.000000000
4060 1 3 5 7 4 0.844372630 0.155627385 0.000000000
4061 1 3 5 7 5 0.868051469 0.131948546 0.000000000
4062 1 3 5 7 6 0.882567465 0.117432535 0.000000000
4063 1 3 5 7 7 0.000581842 0.999418139 0.000000000
4064 1 3 5 7 8 0.686784148 0.313215852 0.000000000
4065 1 3 5 7 9 0.708011091 0.291988909 0.000000000
4066 1 3 5 7 10 0.800441325 0.199558675 0.000000000
4067 1 3 5 7 11 0.544293642 0.455706358 0.000000000
4068 1 3 5 7 12 0.571438134 0.428561866 0.000000000
4069 1 3 5 8 0 0.224170342 0.775829673 0.000000000
4070 1 3 5 8 1 0.206337333 0.793662667 0.000000000
4071 1 3 5 8 2 0.232074261 0.767925739 0.000000000
4072 1 3 5 8 3 0.236129925 0.763870060 0.000000000
4073 1 3 5 8 4 0.225788310 0.774211705 0.000000000
4074 1 3 5 8 5 0.294968963 0.705031037 0.000000000
4075 1 3 5 8 6 0.380423516 0.619576514 0.000000000
4076 1 3 5 8 7 0.397038579 0.602961421 0.000000000
4077 1 3 5 8 8 0.002872553 0.997127473 0.000000000
4078 1 3 5 8 9 0.389430553 0.610569417 0.000000000
4079 1 3 5 8 10 0.361261249 0.638738751 0.000000000
4080 1 3 5 8 11 0.137218848 0.862781167 0.000000000
4081 1 3 5 8 12 0.136717960 0.863282025 0.000000000
4082 1 3 5 9 0 0.105215333 0.894784689 0.000000000
4083 1 3 5 9 1 0.191911548 0.808088422 0.000000000
4084 1 3 5 9 2 0.315565526 0.684434474 0.000000000
4085 1 3 5 9 3 0.182690173 0.817309856 0.000000000
4086 1 3 5 9 4 0.403380096 0.596619904 0.000000000
4087 1 3 5 9 5 0.365049452 0.634950519 0.000000000
4088 1 3 5 9 6 0.440713108 0.559286892 0.000000000
4089 1 3 5 9 7 0.563083947 0.436916053 0.000000000
4090 1 3 5 9 8 0.408244580 0.591755390 0.000000000
4091 1 3 5 9 9 0.000623152 0.999376833 0.000000000
4092 1 3 5 9 10 0.382232100 0.617767870 0.000000000
4093 1 3 5 9 11 0.065583587 0.934416413 0.000000000
4094 1 3 5 9 12 0.097764716 0.902235270 0.000000000
4095 1 3 5 10 0 0.076820128 0.923179865 0.000000000
4096 1 3 5 10 1 0.075326078 0.924673915 0.000000000
4097 1 3 5 10 2 0.078911543 0.921088457 0.000000000
4098 1 3 5 10 3 0.149792030 0.850207984 0.000000000
4099 1 3 5 10 4 0.117132239 0.882867754 0.000000000
4100 1 3 5 10 5 0.116233587 0.883766413 0.000000000
4101 1 3 5 10 6 0.123197496 0.876802504 0.000000000
4102 1 3 5 10 7 0.100352407 0.899647593 0.000000000
4103 1 3 5 10 8 0.213493645 0.786506355 0.000000000
4104 1 3 5 10 9 0.338374078 0.661625922 0.000000000
4105 1 3 5 10 10 0.000472383 0.999527633 0.000000000
4106 1 3 5 10 11 0.144316122 0.855683863 0.000000000
4107 1 3 5 10 12 0.146588400 0.853411615 0.000000000
4108 1 3 5 11 0 0.112965181 0.887034833 0.000000000
4109 1 3 5 11 1 0.124862477 0.875137508 0.000000000
4110 1 3 5 11 2 0.129306883 0.870693147 0.000000000
4111 1 3 5 11 3 0.137484342 0.862515628 0.000000000
4112 1 3 5 11 4 0.143356904 0.856643081 0.000000000
4113 1 3 5 11 5 0.154349089 0.845650911 0.000000000
4114 1 3 5 11 6 0.184713334 0.815286636 0.000000000
4115 1 3 5 11 7 0.203467607 0.796532393 0.000000000
4116 1 3 5 11 8 0.232390791 0.767609239 0.000000000
4117 1 3 5 11 9 0.247824669 0.752175331 0.000000000
4118 1 3 5 11 10 0.172352538 0.827647448 0.000000000
4119 1 3 5 11 11 0.000756535 0.999243438 0.000000000
4120 1 3 5 11 12 0.030633131 0.969366848 0.000000000
4121 1 3 5 12 0 0.000159455 0.999840558 0.000000000
4122 1 3 5 12 1 0.000160035 0.999839962 0.000000000
4123 1 3 5 12 2 0.000161094 0.999838889 0.000000000
4124 1 3 5 12 3 0.000159208 0.999840796 0.000000000
4125 1 3 5 12 4 0.000159208 0.999840796 0.000000000
4126 1 3 5 12 5 0.000159208 0.999840796 0.000000000
4127 1 3 5 12 6 0.000159208 0.999840796 0.000000000
4128 1 3 5 12 7 0.000159208 0.999840796 0.000000000
4129 1 3 5 12 8 0.000159208 0.999840796 0.000000000
4130 1 3 5 12 9 0.000414147 0.999585867 0.000000000
4131 1 3 5 12 10 0.000547331 0.999452651 0.000000000
4132 1 3 5 12 11 0.034811217 0.965188801 0.000000000
4133 1 3 5 12 12 0.000159208 0.999840796 0.000000000
4134 1 4 0 0 0 0.000000000 0.513391495 0.486608475
4135 1 4 0 0 1 0.000000000 0.747694552 0.252305448
4136 1 4 0 0 2 0.000000000 0.747584999 0.252414972
4137 1 4 0 0 3 0.000000000 0.746371448 0.253628552
4138 1 4 0 0 4 0.000000000 0.745196700 0.254803330
4139 1 4 0 0 5 0.000000000 0.745219052 0.254780978
4140 1 4 0 0 6 0.000000000 0.748700202 0.251299798
4141 1 4 0 0 7 0.000000000 0.747435272 0.252564728
4142 1 4 0 0 8 0.000000000 0.746401191 0.253598779
4143 1 4 0 0 9 0.000000000 0.743393064 0.256606966
4144 1 4 0 0 10 0.000000000 0.744437814 0.255562186
4145 1 4 0 0 11 0.000000000 0.744234920 0.255765110
4146 1 4 0 0 12 0.000000000 0.743591964 0.256408066
4147 1 4 0 1 0 0.000000000 0.608269036 0.391730994
4148 1 4 0 1 1 0.000000000 0.514633536 0.485366464
4149 1 4 0 1 2 0.000000000 0.608190835 0.391809195
4150 1 4 0 1 3 0.000000000 0.607609630 0.392390341
4151 1 4 0 1 4 0.000000000 0.607046545 0.392953485
4152 1 4 0 1 5 0.000000000 0.607057214 0.392942786
4153 1 4 0 1 6 0.000000000 0.608721435 0.391278595
4154 1 4 0 1 7 0.000000000 0.608113766 0.391886204
4155 1 4 0 1 8 0.000000000 0.607618988 0.392380983
4156 1 4 0 1 9 0.000000000 0.606176496 0.393823504
4157 1 4 0 1 10 0.000000000 0.606677890 0.393322110
4158 1 4 0 1 11 0.000000000 0.606580675 0.393419296
4159 1 4 0 1 12 0.000000000 0.606272519 0.393727452
4160 1 4 0 2 0 0.000000000 0.394716680 0.605283320
4161 1 4 0 2 1 0.000000000 0.394696891 0.605303109
4162 1 4 0 2 2 0.000000000 0.345885307 0.654114723
4163 1 4 0 2 3 0.000000000 0.394567281 0.605432749
4164 1 4 0 2 4 0.000000000 0.394289583 0.605710447
4165 1 4 0 2 5 0.000000000 0.394292504 0.605707467
4166 1 4 0 2 6 0.000000000 0.395117015 0.604882956
4167 1 4 0 2 7 0.000000000 0.394822925 0.605177104
4168 1 4 0 2 8 0.000000000 0.394588977 0.605410993
4169 1 4 0 2 9 0.000000000 0.393876135 0.606123865
4170 1 4 0 2 10 0.000000000 0.394126952 0.605873048
4171 1 4 0 2 11 0.000000000 0.394079387 0.605920613
4172 1 4 0 2 12 0.000000000 0.393931389 0.606068611
4173 1 4 0 3 0 0.000000000 0.417621315 0.582378685
4174 1 4 0 3 1 0.000000000 0.473989844 0.526010156
4175 1 4 0 3 2 0.000000000 0.493928999 0.506070971
4176 1 4 0 3 3 0.000000000 0.030199563 0.969800413
4177 1 4 0 3 4 0.000000000 0.391068280 0.608931720
4178 1 4 0 3 5 0.000000000 0.368542463 0.631457567
4179 1 4 0 3 6 0.000000000 0.442462981 0.557537019
4180 1 4 0 3 7 0.000000000 0.419077396 0.580922604
4181 1 4 0 3 8 0.000000000 0.252794653 0.747205377
4182 1 4 0 3 9 0.000000000 0.436032921 0.563967049
4183 1 4 0 3 10 0.000000000 0.899247825 0.100752160
4184 1 4 0 3 11 0.000000000 0.997115850 0.002884145
4185 1 4 0 3 12 0.000000000 0.730488777 0.269511223
4186 1 4 0 4 0 0.000000000 0.440666735 0.559333265
4187 1 4 0 4 1 0.000000000 0.496644169 0.503355801
4188 1 4 0 4 2 0.000000000 0.507304251 0.492695719
4189 1 4 0 4 3 0.000000000 0.392694443 0.607305586
4190 1 4 0 4 4 0.000000000 0.048021890 0.951978087
4191 1 4 0 4 5 0.000000000 0.390926391 0.609073579
4192 1 4 0 4 6 0.000000000 0.456313521 0.543686509
4193 1 4 0 4 7 0.000000000 0.422617286 0.577382684
4194 1 4 0 4 8 0.000000000 0.238570586 0.761429429
4195 1 4 0 4 9 0.000000000 0.419859916 0.580140054
4196 1 4 0 4 10 0.000000000 0.860318482 0.139681548
4197 1 4 0 4 11 0.000000000 0.996954560 0.003045447
4198 1 4 0 4 12 0.000000000 0.740338981 0.259661019
4199 1 4 0 5 0 0.000000000 0.446279496 0.553720474
4200 1 4 0 5 1 0.000000000 0.501517653 0.498482317
4201 1 4 0 5 2 0.000000000 0.512456775 0.487543225
4202 1 4 0 5 3 0.000000000 0.396041840 0.603958189
4203 1 4 0 5 4 0.000000000 0.414931744 0.585068285
4204 1 4 0 5 5 0.000000000 0.046508938 0.953491092
4205 1 4 0 5 6 0.000000000 0.462126702 0.537873328
4206 1 4 0 5 7 0.000000000 0.429885268 0.570114732
4207 1 4 0 5 8 0.000000000 0.251562893 0.748437107
4208 1 4 0 5 9 0.000000000 0.426029831 0.573970139
4209 1 4 0 5 10 0.000000000 0.869480610 0.130519360
4210 1 4 0 5 11 0.000000000 0.997239232 0.002760757
4211 1 4 0 5 12 0.000000000 0.742888510 0.257111460
4212 1 4 0 6 0 0.000000000 0.417337418 0.582662582
4213 1 4 0 6 1 0.000000000 0.474097431 0.525902569
4214 1 4 0 6 2 0.000000000 0.499487877 0.500512123
4215 1 4 0 6 3 0.000000000 0.378611535 0.621388435
4216 1 4 0 6 4 0.000000000 0.403298080 0.596701920
4217 1 4 0 6 5 0.000000000 0.381479025 0.618520975
4218 1 4 0 6 6 0.000000000 0.179152533 0.820847452
4219 1 4 0 6 7 0.000000000 0.360043675 0.639956355
4220 1 4 0 6 8 0.000000000 0.301285744 0.698714256
4221 1 4 0 6 9 0.000000000 0.487631202 0.512368798
4222 1 4 0 6 10 0.000000000 0.796637714 0.203362256
4223 1 4 0 6 11 0.000000000 0.992101312 0.007898659
4224 1 4 0 6 12 0.000000000 0.778102875 0.221897110
4225 1 4 0 7 0 0.000000000 0.343128711 0.656871319
4226 1 4 0 7 1 0.000000000 0.330821097 0.669178903
4227 1 4 0 7 2 0.000000000 0.358251065 0.641748905
4228 1 4 0 7 3 0.000000000 0.224233046 0.775766969
4229 1 4 0 7 4 0.000000000 0.208629563 0.791370451
4230 1 4 0 7 5 0.000000000 0.194894552 0.805105448
4231 1 4 0 7 6 0.000000000 0.391865194 0.608134806
4232 1 4 0 7 7 0.000000000 0.157871798 0.842128217
4233 1 4 0 7 8 0.000000000 0.282448441 0.717551529
4234 1 4 0 7 9 0.000000000 0.424950063 0.575049937
4235 1 4 0 7 10 0.000000000 0.649580359 0.350419641
4236 1 4 0 7 11 0.000000000 0.993584752 0.006415231
4237 1 4 0 7 12 0.000000000 0.713816106 0.286183894
4238 1 4 0 8 0 0.000000000 0.494675845 0.505324125
4239 1 4 0 8 1 0.000000000 0.378881544 0.621118486
4240 1 4 0 8 2 0.000000000 0.345114022 0.654885948
4241 1 4 0 8 3 0.000000000 0.171512365 0.828487635
4242 1 4 0 8 4 0.000000000 0.202450305 0.797549665
4243 1 4 0 8 5 0.000000000 0.191853374 0.808146596
4244 1 4 0 8 6 0.000000000 0.384591907 0.615408063
4245 1 4 0 8 7 0.000000000 0.431064963 0.568935037
4246 1 4 0 8 8 0.000000000 0.107302800 0.892697215
4247 1 4 0 8 9 0.000000000 0.498738378 0.501261652
4248 1 4 0 8 10 0.000000000 0.853929102 0.146070868
4249 1 4 0 8 11 0.000000000 0.997508764 0.002491222
4250 1 4 0 8 12 0.000000000 0.506057262 0.493942708
4251 1 4 0 9 0 0.000000000 0.927431464 0.072568506
4252 1 4 0 9 1 0.000000000 0.916459382 0.083540618
4253 1 4 0 9 2 0.000000000 0.866788566 0.133211449
4254 1 4 0 9 3 0.000000000 0.731458604 0.268541425
4255 1 4 0 9 4 0.000000000 0.674445570 0.325554401
4256 1 4 0 9 5 0.000000000 0.673275948 0.326724023
4257 1 4 0 9 6 0.000000000 0.751245916 0.248754054
4258 1 4 0 9 7 0.000000000 0.739675283 0.260324687
4259 1 4 0 9 8 0.000000000 0.628671587 0.371328384
4260 1 4 0 9 9 0.000000000 0.171717077 0.828282952
4261 1 4 0 9 10 0.000000000 0.938134789 0.061865199
4262 1 4 0 9 11 0.000000000 0.975816727 0.024183296
4263 1 4 0 9 12 0.000000000 0.870630383 0.129369631
4264 1 4 0 10 0 0.000000000 0.220720366 0.779279649
4265 1 4 0 10 1 0.000000000 0.208715379 0.791284621
4266 1 4 0 10 2 0.000000000 0.207795978 0.792204022
4267 1 4 0 10 3 0.000000000 0.295286626 0.704713345
4268 1 4 0 10 4 0.000000000 0.317298472 0.682701528
4269 1 4 0 10 5 0.000000000 0.311062306 0.688937724
4270 1 4 0 10 6 0.000000000 0.253921151 0.746078849
4271 1 4 0 10 7 0.000000000 0.266387731 0.733612239
4272 1 4 0 10 8 0.000000000 0.436407775 0.563592255
4273 1 4 0 10 9 0.000000000 0.972191989 0.027808005
4274 1 4 0 10 10 0.000000000 0.150016710 0.849983275
4275 1 4 0 10 11 0.000000000 0.945896327 0.054103699
4276 1 4 0 10 12 0.000000000 0.343107194 0.656892776
4277 1 4 0 11 0 0.000000000 0.798247397 0.201752588
4278 1 4 0 11 1 0.000000000 0.795988977 0.204011038
4279 1 4 0 11 2 0.000000000 0.801984549 0.198015466
4280 1 4 0 11 3 0.000000000 0.798581600 0.201418415
4281 1 4 0 11 4 0.000000000 0.793003321 0.206996650
4282 1 4 0 11 5 0.000000000 0.782413125 0.217586860
4283 1 4 0 11 6 0.000000000 0.837992966 0.162007019
4284 1 4 0 11 7 0.000000000 0.832194746 0.167805225
4285 1 4 0 11 8 0.000000000 0.814435065 0.185564920
4286 1 4 0 11 9 0.000000000 0.815537393 0.184462607
4287 1 4 0 11 10 0.000000000 0.926103115 0.073896892
4288 1 4 0 11 11 0.000000000 0.387465298 0.612534702
4289 1 4 0 11 12 0.000000000 0.357451349 0.642548621
4290 1 4 0 12 0 0.000000000 0.011313884 0.988686144
4291 1 4 0 12 1 0.000000000 0.010818349 0.989181638
4292 1 4 0 12 2 0.000000000 0.011487524 0.988512456
4293 1 4 0 12 3 0.000000000 0.011655129 0.988344848
4294 1 4 0 12 4 0.000000000 0.011264750 0.988735259
4295 1 4 0 12 5 0.000000000 0.011007040 0.988992989
4296 1 4 0 12 6 0.000000000 0.010471184 0.989528835
4297 1 4 0 12 7 0.000000000 0.010743514 0.989256501
4298 1 4 0 12 8 0.000000000 0.007834472 0.992165506
4299 1 4 0 12 9 0.000000000 0.017501663 0.982498348
4300 1 4 0 12 10 0.000000000 0.607146382 0.392853588
4301 1 4 0 12 11 0.000000000 0.818177462 0.181822568
4302 1 4 0 12 12 0.000000000 0.031810429 0.968189597
4303 1 4 1 0 0 0.000000000 0.000005494 0.999994516
4304 1 4 1 0 1 0.000000000 0.000069225 0.999930799
4305 1 4 1 0 2 0.000000000 0.000066950 0.999933064
4306 1 4 1 0 3 0.000000000 0.000202833 0.999797165
4307 1 4 1 0 4 0.000000000 0.000323319 0.999676704
4308 1 4 1 0 5 0.000000000 0.000287535 0.999712467
4309 1 4 1 0 6 0.000000000 0.000070373 0.999929607
4310 1 4 1 0 7 0.000000000 0.000202914 0.999797106
4311 1 4 1 0 8 0.000000000 0.000294805 0.999705195
4312 1 4 1 0 9 0.000000000 0.000984560 0.999015450
4313 1 4 1 0 10 0.000000000 0.003171555 0.996828437
4314 1 4 1 0 11 0.000000000 0.001616181 0.998383820
4315 1 4 1 0 12 0.000000000 0.000311890 0.999688089
4316 1 4 1 1 0 0.000000000 0.000039752 0.999960244
4317 1 4 1 1 1 0.000000000 0.000004264 0.999995708
4318 1 4 1 1 2 0.000000000 0.000052748 0.999947250
4319 1 4 1 1 3 0.000000000 0.000190515 0.999809504
4320 1 4 1 1 4 0.000000000 0.000320985 0.999679029
4321 1 4 1 1 5 0.000000000 0.000274254 0.999725759
4322 1 4 1 1 6 0.000000000 0.000054205 0.999945819
4323 1 4 1 1 7 0.000000000 0.000196800 0.999803185
4324 1 4 1 1 8 0.000000000 0.000257322 0.999742687
4325 1 4 1 1 9 0.000000000 0.000934210 0.999065816
4326 1 4 1 1 10 0.000000000 0.003363284 0.996636689
4327 1 4 1 1 11 0.000000000 0.001625624 0.998374403
4328 1 4 1 1 12 0.000000000 0.000279010 0.999720991
4329 1 4 1 2 0 0.000000000 0.000614937 0.999385059
4330 1 4 1 2 1 0.000000000 0.000763248 0.999236763
4331 1 4 1 2 2 0.000000000 0.000076951 0.999923050
4332 1 4 1 2 3 0.000000000 0.001744975 0.998255014
4333 1 4 1 2 4 0.000000000 0.002214077 0.997785926
4334 1 4 1 2 5 0.000000000 0.002297564 0.997702420
4335 1 4 1 2 6 0.000000000 0.000807120 0.999192894
4336 1 4 1 2 7 0.000000000 0.001545525 0.998454452
4337 1 4 1 2 8 0.000000000 0.002445922 0.997554064
4338 1 4 1 2 9 0.000000000 0.008506587 0.991493404
4339 1 4 1 2 10 0.000000000 0.006493287 0.993506730
4340 1 4 1 2 11 0.000000000 0.007060768 0.992939234
4341 1 4 1 2 12 0.000000000 0.002280623 0.997719347
4342 1 4 1 3 0 0.000000000 0.056966491 0.943033516
4343 1 4 1 3 1 0.000000000 0.063748695 0.936251283
4344 1 4 1 3 2 0.000000000 0.069049872 0.930950105
4345 1 4 1 3 3 0.000000000 0.019225789 0.980774224
4346 1 4 1 3 4 0.000000000 0.100568868 0.899431109
4347 1 4 1 3 5 0.000000000 0.114569359 0.885430634
4348 1 4 1 3 6 0.000000000 0.057131819 0.942868173
4349 1 4 1 3 7 0.000000000 0.057353053 0.942646921
4350 1 4 1 3 8 0.000000000 0.093703464 0.906296551
4351 1 4 1 3 9 0.000000000 0.143306792 0.856693208
4352 1 4 1 3 10 0.000000000 0.121940374 0.878059626
4353 1 4 1 3 11 0.000000000 0.124801069 0.875198960
4354 1 4 1 3 12 0.000000000 0.118444957 0.881555021
4355 1 4 1 4 0 0.000000000 0.272989243 0.727010727
4356 1 4 1 4 1 0.000000000 0.297625721 0.702374279
4357 1 4 1 4 2 0.000000000 0.301104873 0.698895097
4358 1 4 1 4 3 0.000000000 0.361112744 0.638887286
4359 1 4 1 4 4 0.000000000 0.023904793 0.976095200
4360 1 4 1 4 5 0.000000000 0.468503177 0.531496823
4361 1 4 1 4 6 0.000000000 0.312279224 0.687720776
4362 1 4 1 4 7 0.000000000 0.336256832 0.663743138
4363 1 4 1 4 8 0.000000000 0.434812874 0.565187097
4364 1 4 1 4 9 0.000000000 0.508022904 0.491977096
4365 1 4 1 4 10 0.000000000 0.524675131 0.475324839
4366 1 4 1 4 11 0.000000000 0.510169089 0.489830881
4367 1 4 1 4 12 0.000000000 0.495265484 0.504734516
4368 1 4 1 5 0 0.000000000 0.500000000 0.500000000
4369 1 4 1 5 1 0.000000000 0.500000000 0.500000000
4370 1 4 1 5 2 0.000000000 0.500000000 0.500000000
4371 1 4 1 5 3 0.000000000 0.500000000 0.500000000
4372 1 4 1 5 4 0.000000000 0.500000000 0.500000000
4373 1 4 1 5 5 0.000000000 0.500000000 0.500000000
4374 1 4 1 5 6 0.000000000 0.500000000 0.500000000
4375 1 4 1 5 7 0.000000000 0.500000000 0.500000000
4376 1 4 1 5 8 0.000000000 0.500000000 0.500000000
4377 1 4 1 5 9 0.000000000 0.500000000 0.500000000
4378 1 4 1 5 10 0.000000000 0.500000000 0.500000000
4379 1 4 1 5 11 0.000000000 0.500000000 0.500000000
4380 1 4 1 5 12 0.000000000 0.500000000 0.500000000
4381 1 4 1 6 0 0.000000000 0.321820855 0.678179145
4382 1 4 1 6 1 0.000000000 0.330614507 0.669385493
4383 1 4 1 6 2 0.000000000 0.335857600 0.664142430
4384 1 4 1 6 3 0.000000000 0.362029791 0.637970209
4385 1 4 1 6 4 0.000000000 0.365178704 0.634821296
4386 1 4 1 6 5 0.000000000 0.385317177 0.614682794
4387 1 4 1 6 6 0.000000000 0.213016257 0.786983728
4388 1 4 1 6 7 0.000000000 0.334302306 0.665697694
4389 1 4 1 6 8 0.000000000 0.379387885 0.620612085
4390 1 4 1 6 9 0.000000000 0.427220315 0.572779715
4391 1 4 1 6 10 0.000000000 0.419315785 0.580684185
4392 1 4 1 6 11 0.000000000 0.416258812 0.583741188
4393 1 4 1 6 12 0.000000000 0.405438513 0.594561517
4394 1 4 1 7 0 0.000000000 0.438089967 0.561910033
4395 1 4 1 7 1 0.000000000 0.441662431 0.558337569
4396 1 4 1 7 2 0.000000000 0.443546653 0.556453347
4397 1 4 1 7 3 0.000000000 0.456408918 0.543591082
4398 1 4 1 7 4 0.000000000 0.453152388 0.546847641
4399 1 4 1 7 5 0.000000000 0.468843877 0.531156123
4400 1 4 1 7 6 0.000000000 0.428173810 0.571826220
4401 1 4 1 7 7 0.000000000 0.229637355 0.770362675
4402 1 4 1 7 8 0.000000000 0.465647548 0.534352422
4403 1 4 1 7 9 0.000000000 0.495006859 0.504993141
4404 1 4 1 7 10 0.000000000 0.490408272 0.509591758
4405 1 4 1 7 11 0.000000000 0.496253312 0.503746688
4406 1 4 1 7 12 0.000000000 0.473030865 0.526969135
4407 1 4 1 8 0 0.000000000 0.573970079 0.426029891
4408 1 4 1 8 1 0.000000000 0.588292837 0.411707133
4409 1 4 1 8 2 0.000000000 0.582769930 0.417230070
4410 1 4 1 8 3 0.000000000 0.624306321 0.375693649
4411 1 4 1 8 4 0.000000000 0.641842782 0.358157218
4412 1 4 1 8 5 0.000000000 0.674708247 0.325291723
4413 1 4 1 8 6 0.000000000 0.518973708 0.481026292
4414 1 4 1 8 7 0.000000000 0.459411591 0.540588439
4415 1 4 1 8 8 0.000000000 0.221763015 0.778236985
4416 1 4 1 8 9 0.000000000 0.792561948 0.207438052
4417 1 4 1 8 10 0.000000000 0.830363095 0.169636890
4418 1 4 1 8 11 0.000000000 0.867532790 0.132467195
4419 1 4 1 8 12 0.000000000 0.744793236 0.255206734
4420 1 4 1 9 0 0.000000000 0.149125114 0.850874901
4421 1 4 1 9 1 0.000000000 0.010903896 0.989096105
4422 1 4 1 9 2 0.000000000 0.023033662 0.976966321
4423 1 4 1 9 3 0.000000000 0.024980111 0.975019872
4424 1 4 1 9 4 0.000000000 0.011106621 0.988893390
4425 1 4 1 9 5 0.000000000 0.010492070 0.989507914
4426 1 4 1 9 6 0.000000000 0.013788101 0.986211896
4427 1 4 1 9 7 0.000000000 0.011388200 0.988611817
4428 1 4 1 9 8 0.000000000 0.126166865 0.873833120
4429 1 4 1 9 9 0.000000000 0.000035454 0.999964535
4430 1 4 1 9 10 0.000000000 0.993370354 0.006629627
4431 1 4 1 9 11 0.000000000 0.990274787 0.009725220
4432 1 4 1 9 12 0.000000000 0.439174831 0.560825169
4433 1 4 1 10 0 0.000000000 0.927589715 0.072410256
4434 1 4 1 10 1 0.000000000 0.922603905 0.077396072
4435 1 4 1 10 2 0.000000000 0.931394517 0.068605460
4436 1 4 1 10 3 0.000000000 0.960981548 0.039018460
4437 1 4 1 10 4 0.000000000 0.968318224 0.031681757
4438 1 4 1 10 5 0.000000000 0.961210251 0.038789723
4439 1 4 1 10 6 0.000000000 0.999265730 0.000734289
4440 1 4 1 10 7 0.000000000 0.991375566 0.008624444
4441 1 4 1 10 8 0.000000000 0.997211635 0.002788340
4442 1 4 1 10 9 0.000000000 0.630768120 0.369231880
4443 1 4 1 10 10 0.000000000 0.000022369 0.999977648
4444 1 4 1 10 11 0.000000000 0.999204934 0.000795037
4445 1 4 1 10 12 0.000000000 0.960107207 0.039892793
4446 1 4 1 11 0 0.000000000 0.627691805 0.372308195
4447 1 4 1 11 1 0.000000000 0.621148348 0.378851622
4448 1 4 1 11 2 0.000000000 0.606837690 0.393162310
4449 1 4 1 11 3 0.000000000 0.608402252 0.391597748
4450 1 4 1 11 4 0.000000000 0.610433757 0.389566272
4451 1 4 1 11 5 0.000000000 0.608113468 0.391886532
4452 1 4 1 11 6 0.000000000 0.573538065 0.426461905
4453 1 4 1 11 7 0.000000000 0.587036610 0.412963390
4454 1 4 1 11 8 0.000000000 0.628123105 0.371876895
4455 1 4 1 11 9 0.000000000 0.993321002 0.006679012
4456 1 4 1 11 10 0.000000000 0.998662174 0.001337815
4457 1 4 1 11 11 0.000000000 0.000017687 0.999982297
4458 1 4 1 11 12 0.000000000 0.254778683 0.745221317
4459 1 4 1 12 0 0.000000000 0.000008766 0.999991238
4460 1 4 1 12 1 0.000000000 0.000008603 0.999991417
4461 1 4 1 12 2 0.000000000 0.000008585 0.999991417
4462 1 4 1 12 3 0.000000000 0.084010556 0.915989459
4463 1 4 1 12 4 0.000000000 0.087339185 0.912660837
4464 1 4 1 12 5 0.000000000 0.086894050 0.913105965
4465 1 4 1 12 6 0.000000000 0.094908409 0.905091584
4466 1 4 1 12 7 0.000000000 0.101527028 0.898472965
4467 1 4 1 12 8 0.000000000 0.092121437 0.907878578
4468 1 4 1 12 9 0.000000000 0.269087344 0.730912685
4469 1 4 1 12 10 0.000000000 0.086085595 0.913914382
4470 1 4 1 12 11 0.000000000 0.106440999 0.893558979
4471 1 4 1 12 12 0.000000000 0.000008528 0.999991477
4472 1 4 2 0 0 0.000003663 0.000270636 0.999725699
4473 1 4 2 0 1 0.999516606 0.000003663 0.000479712
4474 1 4 2 0 2 0.999367893 0.000003663 0.000628441
4475 1 4 2 0 3 0.998897314 0.000003663 0.001099030
4476 1 4 2 0 4 0.998442411 0.000003663 0.001553932
4477 1 4 2 0 5 0.998447180 0.000003663 0.001549158
4478 1 4 2 0 6 0.998939693 0.000003663 0.001056643
4479 1 4 2 0 7 0.999148130 0.000003663 0.000848234
4480 1 4 2 0 8 0.999301910 0.000003663 0.000694400
4481 1 4 2 0 9 0.999349535 0.000003663 0.000646817
4482 1 4 2 0 10 0.998597085 0.000003663 0.001399280
4483 1 4 2 0 11 0.999992669 0.000003663 0.000003663
4484 1 4 2 0 12 0.995266318 0.000003663 0.004729993
4485 1 4 2 1 0 0.999526322 0.000002843 0.000470813
4486 1 4 2 1 1 0.000002843 0.000142392 0.999854743
4487 1 4 2 1 2 0.999357343 0.000002843 0.000639842
4488 1 4 2 1 3 0.998889148 0.000002843 0.001107986
4489 1 4 2 1 4 0.998428941 0.000002843 0.001568242
4490 1 4 2 1 5 0.998429596 0.000002843 0.001567538
4491 1 4 2 1 6 0.998917997 0.000002843 0.001079182
4492 1 4 2 1 7 0.999134004 0.000002843 0.000863155
4493 1 4 2 1 8 0.999284983 0.000002843 0.000712201
4494 1 4 2 1 9 0.999345601 0.000002843 0.000651579
4495 1 4 2 1 10 0.998638332 0.000002843 0.001358832
4496 1 4 2 1 11 0.999994338 0.000002843 0.000002843
4497 1 4 2 1 12 0.995754957 0.000002843 0.004242178
4498 1 4 2 2 0 0.997852027 0.000106175 0.002041774
4499 1 4 2 2 1 0.998075604 0.000051301 0.001873089
4500 1 4 2 2 2 0.000051301 0.001967207 0.997981489
4501 1 4 2 2 3 0.991110027 0.002627349 0.006262629
4502 1 4 2 2 4 0.986807406 0.002627782 0.010564814
4503 1 4 2 2 5 0.986815214 0.002542706 0.010642081
4504 1 4 2 2 6 0.990588188 0.003668875 0.005742953
4505 1 4 2 2 7 0.992895007 0.003813093 0.003291898
4506 1 4 2 2 8 0.994240344 0.002648889 0.003110788
4507 1 4 2 2 9 0.995477259 0.002316906 0.002205861
4508 1 4 2 2 10 0.995196104 0.003695932 0.001107975
4509 1 4 2 2 11 0.996562421 0.003386277 0.000051301
4510 1 4 2 2 12 0.985669017 0.003270849 0.011060140
4511 1 4 2 3 0 0.666600943 0.318907559 0.014491506
4512 1 4 2 3 1 0.789182544 0.196631745 0.014185730
4513 1 4 2 3 2 0.867951155 0.118636720 0.013412098
4514 1 4 2 3 3 0.011281844 0.112634480 0.876083672
4515 1 4 2 3 4 0.515682578 0.439285249 0.045032177
4516 1 4 2 3 5 0.519864023 0.436362445 0.043773551
4517 1 4 2 3 6 0.464459747 0.458574176 0.076966099
4518 1 4 2 3 7 0.454013407 0.461200833 0.084785737
4519 1 4 2 3 8 0.493592232 0.440815806 0.065591939
4520 1 4 2 3 9 0.506865978 0.436954767 0.056179259
4521 1 4 2 3 10 0.458935916 0.460768908 0.080295160
4522 1 4 2 3 11 0.478116781 0.453522682 0.068360507
4523 1 4 2 3 12 0.478020042 0.457009345 0.064970620
4524 1 4 2 4 0 0.822129250 0.168486640 0.009384134
4525 1 4 2 4 1 0.575974882 0.403611004 0.020414125
4526 1 4 2 4 2 0.593397319 0.386206985 0.020395689
4527 1 4 2 4 3 0.438179404 0.502505064 0.059315559
4528 1 4 2 4 4 0.009384134 0.148403510 0.842212379
4529 1 4 2 4 5 0.827988565 0.162627324 0.009384134
4530 1 4 2 4 6 0.734216213 0.251632661 0.014151153
4531 1 4 2 4 7 0.710550904 0.275114566 0.014334520
4532 1 4 2 4 8 0.803500175 0.184504017 0.011995837
4533 1 4 2 4 9 0.822081387 0.168534458 0.009384134
4534 1 4 2 4 10 0.732094228 0.258521616 0.009384134
4535 1 4 2 4 11 0.770457089 0.220158786 0.009384134
4536 1 4 2 4 12 0.786411464 0.204204395 0.009384134
4537 1 4 2 5 0 0.333333343 0.333333343 0.333333343
4538 1 4 2 5 1 0.333333343 0.333333343 0.333333343
4539 1 4 2 5 2 0.333333343 0.333333343 0.333333343
4540 1 4 2 5 3 0.333333343 0.333333343 0.333333343
4541 1 4 2 5 4 0.333333343 0.333333343 0.333333343
4542 1 4 2 5 5 0.333333343 0.333333343 0.333333343
4543 1 4 2 5 6 0.333333343 0.333333343 0.333333343
4544 1 4 2 5 7 0.333333343 0.333333343 0.333333343
4545 1 4 2 5 8 0.333333343 0.333333343 0.333333343
4546 1 4 2 5 9 0.333333343 0.333333343 0.333333343
4547 1 4 2 5 10 0.333333343 0.333333343 0.333333343
4548 1 4 2 5 11 0.333333343 0.333333343 0.333333343
4549 1 4 2 5 12 0.333333343 0.333333343 0.333333343
4550 1 4 2 6 0 0.354642034 0.514738321 0.130619660
4551 1 4 2 6 1 0.395531654 0.503668845 0.100799516
4552 1 4 2 6 2 0.407059610 0.508189201 0.084751181
4553 1 4 2 6 3 0.436372727 0.436905801 0.126721472
4554 1 4 2 6 4 0.431170464 0.441823423 0.127006099
4555 1 4 2 6 5 0.434110105 0.438836217 0.127053678
4556 1 4 2 6 6 0.005561650 0.222893059 0.771545291
4557 1 4 2 6 7 0.298281997 0.429753631 0.271964371
4558 1 4 2 6 8 0.328676015 0.429570138 0.241753846
4559 1 4 2 6 9 0.350643814 0.430254728 0.219101474
4560 1 4 2 6 10 0.322900683 0.436492264 0.240607053
4561 1 4 2 6 11 0.343913943 0.436724544 0.219361544
4562 1 4 2 6 12 0.349308521 0.437405825 0.213285655
4563 1 4 2 7 0 0.245943964 0.465660483 0.288395554
4564 1 4 2 7 1 0.281113744 0.480387330 0.238498941
4565 1 4 2 7 2 0.289169669 0.488340437 0.222489879
4566 1 4 2 7 3 0.304176927 0.428584069 0.267239004
4567 1 4 2 7 4 0.299826115 0.429113656 0.271060258
4568 1 4 2 7 5 0.302062541 0.428791642 0.269145787
4569 1 4 2 7 6 0.257351309 0.430755138 0.311893523
4570 1 4 2 7 7 0.005097598 0.242248654 0.752653718
4571 1 4 2 7 8 0.204616874 0.372909963 0.422473162
4572 1 4 2 7 9 0.220250264 0.374202490 0.405547261
4573 1 4 2 7 10 0.208719462 0.374971688 0.416308850
4574 1 4 2 7 11 0.221905768 0.375364602 0.402729630
4575 1 4 2 7 12 0.224946603 0.376057625 0.398995757
4576 1 4 2 8 0 0.197769746 0.412808061 0.389422178
4577 1 4 2 8 1 0.216739476 0.416925579 0.366334945
4578 1 4 2 8 2 0.221026197 0.421311140 0.357662678
4579 1 4 2 8 3 0.230505481 0.375119656 0.394374847
4580 1 4 2 8 4 0.227994874 0.375189513 0.396815628
4581 1 4 2 8 5 0.228987262 0.375013918 0.395998836
4582 1 4 2 8 6 0.198107108 0.375387013 0.426505864
4583 1 4 2 8 7 0.191415906 0.374547541 0.434036553
4584 1 4 2 8 8 0.004550318 0.241892621 0.753557026
4585 1 4 2 8 9 0.181296006 0.345781475 0.472922534
4586 1 4 2 8 10 0.172916964 0.346312255 0.480770767
4587 1 4 2 8 11 0.184072569 0.346598715 0.469328701
4588 1 4 2 8 12 0.186827436 0.347007275 0.466165274
4589 1 4 2 9 0 0.676899195 0.322617382 0.000483447
4590 1 4 2 9 1 0.719632506 0.279872656 0.000494832
4591 1 4 2 9 2 0.694201589 0.305305272 0.000493131
4592 1 4 2 9 3 0.745314062 0.254134983 0.000550977
4593 1 4 2 9 4 0.764518917 0.234933838 0.000547217
4594 1 4 2 9 5 0.769306362 0.230151296 0.000542329
4595 1 4 2 9 6 0.721440911 0.277935117 0.000623982
4596 1 4 2 9 7 0.719809890 0.279558688 0.000631447
4597 1 4 2 9 8 0.761072397 0.238515303 0.000412306
4598 1 4 2 9 9 0.000000660 0.000074912 0.999924421
4599 1 4 2 9 10 0.711987317 0.287427038 0.000585669
4600 1 4 2 9 11 0.711924076 0.283433855 0.004642052
4601 1 4 2 9 12 0.606420100 0.392265618 0.001314312
4602 1 4 2 10 0 0.482504040 0.516879082 0.000616865
4603 1 4 2 10 1 0.488979399 0.510484278 0.000536298
4604 1 4 2 10 2 0.445889086 0.553585470 0.000525418
4605 1 4 2 10 3 0.433109552 0.566185057 0.000705381
4606 1 4 2 10 4 0.427772075 0.571572661 0.000655269
4607 1 4 2 10 5 0.427117139 0.572234631 0.000648260
4608 1 4 2 10 6 0.450681150 0.548635244 0.000683638
4609 1 4 2 10 7 0.463555008 0.535794735 0.000650251
4610 1 4 2 10 8 0.470442086 0.529066205 0.000491699
4611 1 4 2 10 9 0.607583940 0.391921103 0.000494956
4612 1 4 2 10 10 0.000000370 0.000127095 0.999872506
4613 1 4 2 10 11 0.471015275 0.340720952 0.188263789
4614 1 4 2 10 12 0.419747859 0.557147563 0.023104595
4615 1 4 2 11 0 0.376104146 0.618913829 0.004981993
4616 1 4 2 11 1 0.377012253 0.619601905 0.003385876
4617 1 4 2 11 2 0.338473946 0.657832682 0.003693387
4618 1 4 2 11 3 0.337210506 0.657577753 0.005211734
4619 1 4 2 11 4 0.331423223 0.664019942 0.004556851
4620 1 4 2 11 5 0.330376029 0.665058374 0.004565613
4621 1 4 2 11 6 0.331488848 0.664109051 0.004402080
4622 1 4 2 11 7 0.322033942 0.673900664 0.004065402
4623 1 4 2 11 8 0.297294408 0.700004935 0.002700694
4624 1 4 2 11 9 0.457460999 0.540579557 0.001959434
4625 1 4 2 11 10 0.563173592 0.434912026 0.001914369
4626 1 4 2 11 11 0.000000283 0.000139954 0.999859750
4627 1 4 2 11 12 0.159325689 0.492769927 0.347904384
4628 1 4 2 12 0 0.000000167 0.215541705 0.784458101
4629 1 4 2 12 1 0.000000167 0.196289107 0.803710759
4630 1 4 2 12 2 0.000000167 0.194403514 0.805596292
4631 1 4 2 12 3 0.000000253 0.176070526 0.823929250
4632 1 4 2 12 4 0.000000194 0.181287736 0.818712056
4633 1 4 2 12 5 0.000000170 0.180012867 0.819986999
4634 1 4 2 12 6 0.000000167 0.196884915 0.803114951
4635 1 4 2 12 7 0.000000167 0.214663744 0.785336077
4636 1 4 2 12 8 0.000000167 0.255789995 0.744209826
4637 1 4 2 12 9 0.000000176 0.258966774 0.741033018
4638 1 4 2 12 10 0.000192790 0.292105913 0.707701266
4639 1 4 2 12 11 0.000705862 0.293698549 0.705595613
4640 1 4 2 12 12 0.000000167 0.017414099 0.982585728
4641 1 4 3 0 0 0.007514831 0.007514831 0.984970331
4642 1 4 3 0 1 0.969807744 0.023550458 0.006641823
4643 1 4 3 0 2 0.969611287 0.023346048 0.007042672
4644 1 4 3 0 3 0.970636368 0.023565119 0.005798485
4645 1 4 3 0 4 0.962114692 0.023688335 0.014196999
4646 1 4 3 0 5 0.962704718 0.023250347 0.014044915
4647 1 4 3 0 6 0.967032850 0.023529373 0.009437769
4648 1 4 3 0 7 0.970252037 0.024586245 0.005161718
4649 1 4 3 0 8 0.969960511 0.024649343 0.005390155
4650 1 4 3 0 9 0.970811307 0.023998931 0.005189786
4651 1 4 3 0 10 0.968877494 0.024245964 0.006876548
4652 1 4 3 0 11 0.968207359 0.024197875 0.007594760
4653 1 4 3 0 12 0.969774365 0.023194527 0.007031078
4654 1 4 3 1 0 0.978737533 0.015958590 0.005303858
4655 1 4 3 1 1 0.005739557 0.005739557 0.988520861
4656 1 4 3 1 2 0.978256345 0.015656598 0.006087043
4657 1 4 3 1 3 0.978876650 0.015780641 0.005342687
4658 1 4 3 1 4 0.972185433 0.015869355 0.011945194
4659 1 4 3 1 5 0.972514927 0.015588313 0.011896771
4660 1 4 3 1 6 0.976664901 0.015762856 0.007572248
4661 1 4 3 1 7 0.978720784 0.016421983 0.004857263
4662 1 4 3 1 8 0.978408754 0.016414102 0.005177141
4663 1 4 3 1 9 0.979075372 0.016051855 0.004872786
4664 1 4 3 1 10 0.977778912 0.016163416 0.006057672
4665 1 4 3 1 11 0.977383137 0.016133366 0.006483489
4666 1 4 3 1 12 0.977527499 0.015575320 0.006897201
4667 1 4 3 2 0 0.969101667 0.020907436 0.009990881
4668 1 4 3 2 1 0.968822241 0.020724831 0.010452935
4669 1 4 3 2 2 0.010385469 0.010385469 0.979229033
4670 1 4 3 2 3 0.968064666 0.020763403 0.011171939
4671 1 4 3 2 4 0.961488485 0.021068934 0.017442554
4672 1 4 3 2 5 0.961324096 0.020613527 0.018062362
4673 1 4 3 2 6 0.965878189 0.020631129 0.013490682
4674 1 4 3 2 7 0.968090951 0.021438729 0.010470347
4675 1 4 3 2 8 0.967569292 0.021434631 0.010996104
4676 1 4 3 2 9 0.968474030 0.021297049 0.010228916
4677 1 4 3 2 10 0.966820896 0.021264004 0.011915081
4678 1 4 3 2 11 0.966393769 0.021240357 0.012365856
4679 1 4 3 2 12 0.967661560 0.020921754 0.011416677
4680 1 4 3 3 0 0.999632955 0.000239126 0.000127949
4681 1 4 3 3 1 0.999675632 0.000208765 0.000115615
4682 1 4 3 3 2 0.999698639 0.000199015 0.000102344
4683 1 4 3 3 3 0.001207644 0.001207644 0.997584701
4684 1 4 3 3 4 0.999437153 0.000255848 0.000306971
4685 1 4 3 3 5 0.999408722 0.000264962 0.000326287
4686 1 4 3 3 6 0.999276042 0.000221338 0.000502642
4687 1 4 3 3 7 0.998770833 0.000243693 0.000985498
4688 1 4 3 3 8 0.995274603 0.000403582 0.004321827
4689 1 4 3 3 9 0.999660015 0.000231848 0.000108109
4690 1 4 3 3 10 0.999822617 0.000112544 0.000064831
4691 1 4 3 3 11 0.999805808 0.000112245 0.000081918
4692 1 4 3 3 12 0.996406794 0.000243463 0.003349732
4693 1 4 3 4 0 0.999572933 0.000231153 0.000195925
4694 1 4 3 4 1 0.999598503 0.000203311 0.000198204
4695 1 4 3 4 2 0.999636829 0.000198022 0.000165127
4696 1 4 3 4 3 0.999481022 0.000257541 0.000261457
4697 1 4 3 4 4 0.000808428 0.000808428 0.998383164
4698 1 4 3 4 5 0.999247313 0.000255437 0.000497252
4699 1 4 3 4 6 0.999070466 0.000219498 0.000710014
4700 1 4 3 4 7 0.998767614 0.000246533 0.000985836
4701 1 4 3 4 8 0.998928189 0.000456264 0.000615536
4702 1 4 3 4 9 0.999365866 0.000244688 0.000389422
4703 1 4 3 4 10 0.999658883 0.000186022 0.000155114
4704 1 4 3 4 11 0.999214053 0.000646500 0.000139454
4705 1 4 3 4 12 0.995429635 0.002626817 0.001943531
4706 1 4 3 5 0 0.999600470 0.000210142 0.000189371
4707 1 4 3 5 1 0.999621570 0.000185880 0.000192580
4708 1 4 3 5 2 0.999655604 0.000181123 0.000163248
4709 1 4 3 5 3 0.999505818 0.000237654 0.000256517
4710 1 4 3 5 4 0.999323428 0.000220849 0.000455737
4711 1 4 3 5 5 0.000753797 0.000753797 0.998492420
4712 1 4 3 5 6 0.999127805 0.000226815 0.000645408
4713 1 4 3 5 7 0.998861909 0.000244906 0.000893183
4714 1 4 3 5 8 0.999026537 0.000454537 0.000518932
4715 1 4 3 5 9 0.999279618 0.000242184 0.000478191
4716 1 4 3 5 10 0.999645650 0.000193235 0.000161118
4717 1 4 3 5 11 0.999110281 0.000743998 0.000145739
4718 1 4 3 5 12 0.994917870 0.003187047 0.001895109
4719 1 4 3 6 0 0.999072373 0.000520460 0.000407160
4720 1 4 3 6 1 0.999175668 0.000455843 0.000368497
4721 1 4 3 6 2 0.999213934 0.000431003 0.000355072
4722 1 4 3 6 3 0.998976886 0.000576381 0.000446708
4723 1 4 3 6 4 0.998935640 0.000528683 0.000535694
4724 1 4 3 6 5 0.998873830 0.000563673 0.000562476
4725 1 4 3 6 6 0.000558751 0.000558751 0.998882473
4726 1 4 3 6 7 0.998240650 0.000999156 0.000760209
4727 1 4 3 6 8 0.987658083 0.001093582 0.011248346
4728 1 4 3 6 9 0.998495698 0.000614883 0.000889405
4729 1 4 3 6 10 0.998986959 0.000568508 0.000444552
4730 1 4 3 6 11 0.997905254 0.001712073 0.000382645
4731 1 4 3 6 12 0.986489177 0.005436368 0.008074474
4732 1 4 3 7 0 0.996303678 0.001275667 0.002420680
4733 1 4 3 7 1 0.996166885 0.001308291 0.002524818
4734 1 4 3 7 2 0.996440470 0.001218705 0.002340854
4735 1 4 3 7 3 0.994163930 0.002144531 0.003691530
4736 1 4 3 7 4 0.992799699 0.002890022 0.004310269
4737 1 4 3 7 5 0.991306961 0.004081305 0.004611712
4738 1 4 3 7 6 0.995555878 0.001345738 0.003098371
4739 1 4 3 7 7 0.000538305 0.000538305 0.998923361
4740 1 4 3 7 8 0.959506810 0.008689265 0.031803947
4741 1 4 3 7 9 0.994486034 0.003100103 0.002413848
4742 1 4 3 7 10 0.994418025 0.003994502 0.001587446
4743 1 4 3 7 11 0.990885198 0.008051214 0.001063586
4744 1 4 3 7 12 0.975959718 0.009446959 0.014593353
4745 1 4 3 8 0 0.987842739 0.008680420 0.003476819
4746 1 4 3 8 1 0.981850505 0.013552813 0.004596686
4747 1 4 3 8 2 0.978834569 0.016076915 0.005088533
4748 1 4 3 8 3 0.945097864 0.044920061 0.009982096
4749 1 4 3 8 4 0.952568293 0.038768519 0.008663189
4750 1 4 3 8 5 0.937229455 0.053556107 0.009214437
4751 1 4 3 8 6 0.978097200 0.017216690 0.004686133
4752 1 4 3 8 7 0.981073916 0.014653898 0.004272158
4753 1 4 3 8 8 0.000282399 0.000282399 0.999435186
4754 1 4 3 8 9 0.972906590 0.022470420 0.004622976
4755 1 4 3 8 10 0.980188489 0.017612835 0.002198655
4756 1 4 3 8 11 0.978244185 0.019879455 0.001876364
4757 1 4 3 8 12 0.944133282 0.047043398 0.008823295
4758 1 4 3 9 0 0.934426367 0.046335746 0.019237896
4759 1 4 3 9 1 0.931935847 0.048567802 0.019496366
4760 1 4 3 9 2 0.926078141 0.053282380 0.020639496
4761 1 4 3 9 3 0.906864822 0.068709016 0.024426185
4762 1 4 3 9 4 0.897720814 0.075761430 0.026517771
4763 1 4 3 9 5 0.893636703 0.079620503 0.026742775
4764 1 4 3 9 6 0.916288078 0.059609856 0.024102040
4765 1 4 3 9 7 0.915144205 0.060979158 0.023876652
4766 1 4 3 9 8 0.910290182 0.061666746 0.028043050
4767 1 4 3 9 9 0.000641373 0.000641373 0.998717248
4768 1 4 3 9 10 0.918618560 0.061292395 0.020089054
4769 1 4 3 9 11 0.911273360 0.068531029 0.020195605
4770 1 4 3 9 12 0.740845323 0.235426024 0.023728630
4771 1 4 3 10 0 0.557740390 0.406952143 0.035307474
4772 1 4 3 10 1 0.523266971 0.436401069 0.040331952
4773 1 4 3 10 2 0.483724177 0.473906994 0.042368837
4774 1 4 3 10 3 0.592925310 0.380144984 0.026929721
4775 1 4 3 10 4 0.640059769 0.335007995 0.024932224
4776 1 4 3 10 5 0.623438716 0.350651681 0.025909593
4777 1 4 3 10 6 0.482651711 0.449901640 0.067446642
4778 1 4 3 10 7 0.498665005 0.429805875 0.071529135
4779 1 4 3 10 8 0.399032354 0.551781178 0.049186479
4780 1 4 3 10 9 0.876345873 0.103951633 0.019702472
4781 1 4 3 10 10 0.000624457 0.000624457 0.998751104
4782 1 4 3 10 11 0.850751400 0.134283081 0.014965501
4783 1 4 3 10 12 0.473927796 0.493867636 0.032204576
4784 1 4 3 11 0 0.000244171 0.942638874 0.057116978
4785 1 4 3 11 1 0.000466532 0.944034874 0.055498593
4786 1 4 3 11 2 0.000223700 0.942215741 0.057560563
4787 1 4 3 11 3 0.000224653 0.928102136 0.071673185
4788 1 4 3 11 4 0.000226233 0.926150680 0.073623076
4789 1 4 3 11 5 0.000229296 0.918731391 0.081039332
4790 1 4 3 11 6 0.000214087 0.924151301 0.075634621
4791 1 4 3 11 7 0.000215579 0.930025458 0.069758952
4792 1 4 3 11 8 0.000220280 0.950000226 0.049779508
4793 1 4 3 11 9 0.000219982 0.974609792 0.025170244
4794 1 4 3 11 10 0.001917954 0.958683014 0.039399054
4795 1 4 3 11 11 0.000463019 0.000463019 0.999073982
4796 1 4 3 11 12 0.000501897 0.591811061 0.407687068
4797 1 4 3 12 0 0.000329041 0.000329041 0.999341905
4798 1 4 3 12 1 0.000344112 0.000344112 0.999311805
4799 1 4 3 12 2 0.000324067 0.000324067 0.999351859
4800 1 4 3 12 3 0.000319407 0.000319407 0.999361157
4801 1 4 3 12 4 0.000330476 0.000330476 0.999339044
4802 1 4 3 12 5 0.000338213 0.000338213 0.999323547
4803 1 4 3 12 6 0.000355521 0.000355521 0.999288976
4804 1 4 3 12 7 0.000346509 0.000346509 0.999306977
4805 1 4 3 12 8 0.000475173 0.000475173 0.999049664
4806 1 4 3 12 9 0.000212707 0.522613227 0.477174044
4807 1 4 3 12 10 0.000006132 0.989982069 0.010011827
4808 1 4 3 12 11 0.000004550 0.996347070 0.003648377
4809 1 4 3 12 12 0.000117029 0.000117029 0.999765933
4810 1 4 4 0 0 0.011892674 0.988107324 0.000000000
4811 1 4 4 0 1 0.977063239 0.022936786 0.000000000
4812 1 4 4 0 2 0.977073193 0.022926832 0.000000000
4813 1 4 4 0 3 0.977182865 0.022817131 0.000000000
4814 1 4 4 0 4 0.977288067 0.022711933 0.000000000
4815 1 4 4 0 5 0.977286100 0.022713926 0.000000000
4816 1 4 4 0 6 0.976971447 0.023028575 0.000000000
4817 1 4 4 0 7 0.977086782 0.022913240 0.000000000
4818 1 4 4 0 8 0.977180183 0.022819810 0.000000000
4819 1 4 4 0 9 0.977447689 0.022552295 0.000000000
4820 1 4 4 0 10 0.977355480 0.022644494 0.000000000
4821 1 4 4 0 11 0.977373481 0.022626527 0.000000000
4822 1 4 4 0 12 0.977430224 0.022569789 0.000000000
4823 1 4 4 1 0 0.988689542 0.011310447 0.000000000
4824 1 4 4 1 1 0.009128469 0.990871549 0.000000000
4825 1 4 4 1 2 0.988691807 0.011308189 0.000000000
4826 1 4 4 1 3 0.988708556 0.011291442 0.000000000
4827 1 4 4 1 4 0.988724768 0.011275261 0.000000000
4828 1 4 4 1 5 0.988724411 0.011275567 0.000000000
4829 1 4 4 1 6 0.988676488 0.011323525 0.000000000
4830 1 4 4 1 7 0.988694012 0.011305967 0.000000000
4831 1 4 4 1 8 0.988708317 0.011291711 0.000000000
4832 1 4 4 1 9 0.988749623 0.011250352 0.000000000
4833 1 4 4 1 10 0.988735318 0.011264693 0.000000000
4834 1 4 4 1 11 0.988738120 0.011261909 0.000000000
4835 1 4 4 1 12 0.988746881 0.011253095 0.000000000
4836 1 4 4 2 0 0.991097927 0.008902065 0.000000000
4837 1 4 4 2 1 0.991098225 0.008901774 0.000000000
4838 1 4 4 2 2 0.008237503 0.991762519 0.000000000
4839 1 4 4 2 3 0.010223590 0.989776433 0.000000000
4840 1 4 4 2 4 0.010677383 0.989322603 0.000000000
4841 1 4 4 2 5 0.010672592 0.989327431 0.000000000
4842 1 4 4 2 6 0.009324031 0.990675986 0.000000000
4843 1 4 4 2 7 0.009805478 0.990194499 0.000000000
4844 1 4 4 2 8 0.010188106 0.989811897 0.000000000
4845 1 4 4 2 9 0.011352202 0.988647819 0.000000000
4846 1 4 4 2 10 0.010942939 0.989057064 0.000000000
4847 1 4 4 2 11 0.011020544 0.988979459 0.000000000
4848 1 4 4 2 12 0.011262085 0.988737941 0.000000000
4849 1 4 4 3 0 0.995172739 0.004827245 0.000000000
4850 1 4 4 3 1 0.994655430 0.005344544 0.000000000
4851 1 4 4 3 2 0.994444907 0.005555118 0.000000000
4852 1 4 4 3 3 0.000056409 0.999943614 0.000000000
4853 1 4 4 3 4 0.995383263 0.004616748 0.000000000
4854 1 4 4 3 5 0.995547950 0.004452056 0.000000000
4855 1 4 4 3 6 0.994957685 0.005042328 0.000000000
4856 1 4 4 3 7 0.995160639 0.004839344 0.000000000
4857 1 4 4 3 8 0.996237576 0.003762399 0.000000000
4858 1 4 4 3 9 0.995015144 0.004984837 0.000000000
4859 1 4 4 3 10 0.972097039 0.027902968 0.000000000
4860 1 4 4 3 11 0.025262354 0.974737644 0.000000000
4861 1 4 4 3 12 0.989568949 0.010431048 0.000000000
4862 1 4 4 4 0 0.994691610 0.005308406 0.000000000
4863 1 4 4 4 1 0.994101226 0.005898746 0.000000000
4864 1 4 4 4 2 0.993973613 0.006026373 0.000000000
4865 1 4 4 4 3 0.995110929 0.004889084 0.000000000
4866 1 4 4 4 4 0.000061171 0.999938846 0.000000000
4867 1 4 4 4 5 0.995125115 0.004874893 0.000000000
4868 1 4 4 4 6 0.994538844 0.005461177 0.000000000
4869 1 4 4 4 7 0.994857550 0.005142462 0.000000000
4870 1 4 4 4 8 0.996100545 0.003899466 0.000000000
4871 1 4 4 4 9 0.994881988 0.005118020 0.000000000
4872 1 4 4 4 10 0.978743315 0.021256698 0.000000000
4873 1 4 4 4 11 0.025046855 0.974953115 0.000000000
4874 1 4 4 4 12 0.988565207 0.011434787 0.000000000
4875 1 4 4 5 0 0.995163977 0.004836012 0.000000000
4876 1 4 4 5 1 0.994628072 0.005371904 0.000000000
4877 1 4 4 5 2 0.994507551 0.005492434 0.000000000
4878 1 4 4 5 3 0.995566249 0.004433749 0.000000000
4879 1 4 4 5 4 0.995423079 0.004576901 0.000000000
4880 1 4 4 5 5 0.000055153 0.999944866 0.000000000
4881 1 4 4 5 6 0.995021522 0.004978494 0.000000000
4882 1 4 4 5 7 0.995303035 0.004696948 0.000000000
4883 1 4 4 5 8 0.996422172 0.003577854 0.000000000
4884 1 4 4 5 9 0.995334625 0.004665398 0.000000000
4885 1 4 4 5 10 0.979483485 0.020516491 0.000000000
4886 1 4 4 5 11 0.030049067 0.969950914 0.000000000
4887 1 4 4 5 12 0.989585042 0.010414935 0.000000000
4888 1 4 4 6 0 0.986887932 0.013112083 0.000000000
4889 1 4 4 6 1 0.985472739 0.014527255 0.000000000
4890 1 4 4 6 2 0.984735787 0.015264207 0.000000000
4891 1 4 4 6 3 0.987705052 0.012294918 0.000000000
4892 1 4 4 6 4 0.987196445 0.012803580 0.000000000
4893 1 4 4 6 5 0.987648070 0.012351918 0.000000000
4894 1 4 4 6 6 0.000182924 0.999817073 0.000000000
4895 1 4 4 6 7 0.988061786 0.011938190 0.000000000
4896 1 4 4 6 8 0.989065766 0.010934256 0.000000000
4897 1 4 4 6 9 0.985089004 0.014910979 0.000000000
4898 1 4 4 6 10 0.962431967 0.037568036 0.000000000
4899 1 4 4 6 11 0.032757293 0.967242718 0.000000000
4900 1 4 4 6 12 0.965569973 0.034430012 0.000000000
4901 1 4 4 7 0 0.990469337 0.009530688 0.000000000
4902 1 4 4 7 1 0.990648329 0.009351647 0.000000000
4903 1 4 4 7 2 0.990249157 0.009750850 0.000000000
4904 1 4 4 7 3 0.991930485 0.008069533 0.000000000
4905 1 4 4 7 4 0.992091477 0.007908550 0.000000000
4906 1 4 4 7 5 0.992225766 0.007774234 0.000000000
4907 1 4 4 7 6 0.989710152 0.010289819 0.000000000
4908 1 4 4 7 7 0.000151372 0.999848604 0.000000000
4909 1 4 4 7 8 0.991266966 0.008733017 0.000000000
4910 1 4 4 7 9 0.989078820 0.010921207 0.000000000
4911 1 4 4 7 10 0.982093334 0.017906640 0.000000000
4912 1 4 4 7 11 0.022166284 0.977833688 0.000000000
4913 1 4 4 7 12 0.978082836 0.021917151 0.000000000
4914 1 4 4 8 0 0.995795071 0.004204946 0.000000000
4915 1 4 4 8 1 0.996619344 0.003380636 0.000000000
4916 1 4 4 8 2 0.996822894 0.003177110 0.000000000
4917 1 4 4 8 3 0.997421741 0.002578278 0.000000000
4918 1 4 4 8 4 0.997405171 0.002594856 0.000000000
4919 1 4 4 8 5 0.997386277 0.002613703 0.000000000
4920 1 4 4 8 6 0.996799409 0.003200588 0.000000000
4921 1 4 4 8 7 0.996560454 0.003439542 0.000000000
4922 1 4 4 8 8 0.000050917 0.999949098 0.000000000
4923 1 4 4 8 9 0.995118141 0.004881877 0.000000000
4924 1 4 4 8 10 0.983312786 0.016687242 0.000000000
4925 1 4 4 8 11 0.037509024 0.962490976 0.000000000
4926 1 4 4 8 12 0.995349705 0.004650320 0.000000000
4927 1 4 4 9 0 0.800543308 0.199456722 0.000000000
4928 1 4 4 9 1 0.832265913 0.167734072 0.000000000
4929 1 4 4 9 2 0.896634400 0.103365630 0.000000000
4930 1 4 4 9 3 0.947488606 0.052511372 0.000000000
4931 1 4 4 9 4 0.960195541 0.039804433 0.000000000
4932 1 4 4 9 5 0.957690656 0.042309351 0.000000000
4933 1 4 4 9 6 0.951345623 0.048654355 0.000000000
4934 1 4 4 9 7 0.960683942 0.039316081 0.000000000
4935 1 4 4 9 8 0.973696947 0.026303047 0.000000000
4936 1 4 4 9 9 0.000199451 0.999800563 0.000000000
4937 1 4 4 9 10 0.607955694 0.392044306 0.000000000
4938 1 4 4 9 11 0.030312007 0.969687998 0.000000000
4939 1 4 4 9 12 0.845712423 0.154287547 0.000000000
4940 1 4 4 10 0 0.927116513 0.072883502 0.000000000
4941 1 4 4 10 1 0.929140210 0.070859775 0.000000000
4942 1 4 4 10 2 0.929331481 0.070668519 0.000000000
4943 1 4 4 10 3 0.923672378 0.076327637 0.000000000
4944 1 4 4 10 4 0.921438217 0.078561760 0.000000000
4945 1 4 4 10 5 0.921543002 0.078456990 0.000000000
4946 1 4 4 10 6 0.940550685 0.059449337 0.000000000
4947 1 4 4 10 7 0.949371696 0.050628304 0.000000000
4948 1 4 4 10 8 0.939249277 0.060750749 0.000000000
4949 1 4 4 10 9 0.019623199 0.980376780 0.000000000
4950 1 4 4 10 10 0.000165319 0.999834657 0.000000000
4951 1 4 4 10 11 0.002597208 0.997402787 0.000000000
4952 1 4 4 10 12 0.922676921 0.077323094 0.000000000
4953 1 4 4 11 0 0.001333840 0.998666167 0.000000000
4954 1 4 4 11 1 0.001319074 0.998680949 0.000000000
4955 1 4 4 11 2 0.001359014 0.998641014 0.000000000
4956 1 4 4 11 3 0.001336053 0.998663962 0.000000000
4957 1 4 4 11 4 0.001300049 0.998699963 0.000000000
4958 1 4 4 11 5 0.001236774 0.998763204 0.000000000
4959 1 4 4 11 6 0.001661074 0.998338938 0.000000000
4960 1 4 4 11 7 0.001603679 0.998396337 0.000000000
4961 1 4 4 11 8 0.001450197 0.998549819 0.000000000
4962 1 4 4 11 9 0.001458863 0.998541117 0.000000000
4963 1 4 4 11 10 0.003641638 0.996358335 0.000000000
4964 1 4 4 11 11 0.000439331 0.999560654 0.000000000
4965 1 4 4 11 12 0.000418810 0.999581218 0.000000000
4966 1 4 4 12 0 0.000005648 0.999994338 0.000000000
4967 1 4 4 12 1 0.000005645 0.999994338 0.000000000
4968 1 4 4 12 2 0.000005649 0.999994338 0.000000000
4969 1 4 4 12 3 0.000005650 0.999994338 0.000000000
4970 1 4 4 12 4 0.000005648 0.999994338 0.000000000
4971 1 4 4 12 5 0.000005646 0.999994338 0.000000000
4972 1 4 4 12 6 0.000005643 0.999994338 0.000000000
4973 1 4 4 12 7 0.000005645 0.999994338 0.000000000
4974 1 4 4 12 8 0.000005628 0.999994397 0.000000000
4975 1 4 4 12 9 0.000005684 0.999994338 0.000000000
4976 1 4 4 12 10 0.000014214 0.999985814 0.000000000
4977 1 4 4 12 11 0.000030712 0.999969304 0.000000000
4978 1 4 4 12 12 0.000005768 0.999994218 0.000000000
4979 1 4 5 0 0 0.000002747 0.999997258 0.000000000
4980 1 4 5 0 1 0.999997258 0.000002747 0.000000000
4981 1 4 5 0 2 0.999997258 0.000002747 0.000000000
4982 1 4 5 0 3 0.999997258 0.000002748 0.000000000
4983 1 4 5 0 4 0.999997258 0.000002748 0.000000000
4984 1 4 5 0 5 0.999997258 0.000002748 0.000000000
4985 1 4 5 0 6 0.999997258 0.000002747 0.000000000
4986 1 4 5 0 7 0.999997258 0.000002748 0.000000000
4987 1 4 5 0 8 0.999997258 0.000002748 0.000000000
4988 1 4 5 0 9 0.999997258 0.000002750 0.000000000
4989 1 4 5 0 10 0.999997258 0.000002756 0.000000000
4990 1 4 5 0 11 0.999997258 0.000002752 0.000000000
4991 1 4 5 0 12 0.999997258 0.000002748 0.000000000
4992 1 4 5 1 0 0.999997854 0.000002132 0.000000000
4993 1 4 5 1 1 0.000002132 0.999997854 0.000000000
4994 1 4 5 1 2 0.999997854 0.000002132 0.000000000
4995 1 4 5 1 3 0.999997854 0.000002132 0.000000000
4996 1 4 5 1 4 0.999997854 0.000002133 0.000000000
4997 1 4 5 1 5 0.999997854 0.000002133 0.000000000
4998 1 4 5 1 6 0.999997854 0.000002132 0.000000000
4999 1 4 5 1 7 0.999997854 0.000002132 0.000000000
5000 1 4 5 1 8 0.999997854 0.000002132 0.000000000
5001 1 4 5 1 9 0.999997854 0.000002134 0.000000000
5002 1 4 5 1 10 0.999997854 0.000002139 0.000000000
5003 1 4 5 1 11 0.999997854 0.000002135 0.000000000
5004 1 4 5 1 12 0.999997854 0.000002133 0.000000000
5005 1 4 5 2 0 0.999961495 0.000038499 0.000000000
5006 1 4 5 2 1 0.999961495 0.000038505 0.000000000
5007 1 4 5 2 2 0.000038479 0.999961495 0.000000000
5008 1 4 5 2 3 0.999961436 0.000038543 0.000000000
5009 1 4 5 2 4 0.999961436 0.000038561 0.000000000
5010 1 4 5 2 5 0.999961436 0.000038564 0.000000000
5011 1 4 5 2 6 0.999961495 0.000038507 0.000000000
5012 1 4 5 2 7 0.999961436 0.000038535 0.000000000
5013 1 4 5 2 8 0.999961436 0.000038570 0.000000000
5014 1 4 5 2 9 0.999961197 0.000038806 0.000000000
5015 1 4 5 2 10 0.999961257 0.000038727 0.000000000
5016 1 4 5 2 11 0.999961257 0.000038749 0.000000000
5017 1 4 5 2 12 0.999961436 0.000038564 0.000000000
5018 1 4 5 3 0 0.991027474 0.008972516 0.000000000
5019 1 4 5 3 1 0.990962505 0.009037513 0.000000000
5020 1 4 5 3 2 0.990911007 0.009088976 0.000000000
5021 1 4 5 3 3 0.008627249 0.991372764 0.000000000
5022 1 4 5 3 4 0.990592539 0.009407483 0.000000000
5023 1 4 5 3 5 0.990443766 0.009556235 0.000000000
5024 1 4 5 3 6 0.991025925 0.008974089 0.000000000
5025 1 4 5 3 7 0.991023779 0.008976196 0.000000000
5026 1 4 5 3 8 0.990663767 0.009336219 0.000000000
5027 1 4 5 3 9 0.990123212 0.009876795 0.000000000
5028 1 4 5 3 10 0.990363538 0.009636457 0.000000000
5029 1 4 5 3 11 0.990332067 0.009667954 0.000000000
5030 1 4 5 3 12 0.990401745 0.009598248 0.000000000
5031 1 4 5 4 0 0.990319133 0.009680876 0.000000000
5032 1 4 5 4 1 0.989979565 0.010020441 0.000000000
5033 1 4 5 4 2 0.989929676 0.010070324 0.000000000
5034 1 4 5 4 3 0.988983810 0.011016185 0.000000000
5035 1 4 5 4 4 0.007210465 0.992789507 0.000000000
5036 1 4 5 4 5 0.986757934 0.013242036 0.000000000
5037 1 4 5 4 6 0.989766061 0.010233951 0.000000000
5038 1 4 5 4 7 0.989396334 0.010603650 0.000000000
5039 1 4 5 4 8 0.987547338 0.012452690 0.000000000
5040 1 4 5 4 9 0.985694230 0.014305748 0.000000000
5041 1 4 5 4 10 0.985193074 0.014806926 0.000000000
5042 1 4 5 4 11 0.985631585 0.014368429 0.000000000
5043 1 4 5 4 12 0.986055851 0.013944163 0.000000000
5044 1 4 5 5 0 0.500000000 0.500000000 0.000000000
5045 1 4 5 5 1 0.500000000 0.500000000 0.000000000
5046 1 4 5 5 2 0.500000000 0.500000000 0.000000000
5047 1 4 5 5 3 0.500000000 0.500000000 0.000000000
5048 1 4 5 5 4 0.500000000 0.500000000 0.000000000
5049 1 4 5 5 5 0.500000000 0.500000000 0.000000000
5050 1 4 5 5 6 0.500000000 0.500000000 0.000000000
5051 1 4 5 5 7 0.500000000 0.500000000 0.000000000
5052 1 4 5 5 8 0.500000000 0.500000000 0.000000000
5053 1 4 5 5 9 0.500000000 0.500000000 0.000000000
5054 1 4 5 5 10 0.500000000 0.500000000 0.000000000
5055 1 4 5 5 11 0.500000000 0.500000000 0.000000000
5056 1 4 5 5 12 0.500000000 0.500000000 0.000000000
5057 1 4 5 6 0 0.936580479 0.063419513 0.000000000
5058 1 4 5 6 1 0.935747325 0.064252645 0.000000000
5059 1 4 5 6 2 0.935240090 0.064759895 0.000000000
5060 1 4 5 6 3 0.932583392 0.067416608 0.000000000
5061 1 4 5 6 4 0.932249010 0.067751020 0.000000000
5062 1 4 5 6 5 0.930029273 0.069970705 0.000000000
5063 1 4 5 6 6 0.054651435 0.945348561 0.000000000
5064 1 4 5 6 7 0.935391426 0.064608596 0.000000000
5065 1 4 5 6 8 0.930697799 0.069302209 0.000000000
5066 1 4 5 6 9 0.924910426 0.075089589 0.000000000
5067 1 4 5 6 10 0.925932586 0.074067436 0.000000000
5068 1 4 5 6 11 0.926320434 0.073679551 0.000000000
5069 1 4 5 6 12 0.927661300 0.072338678 0.000000000
5070 1 4 5 7 0 0.927399993 0.072600007 0.000000000
5071 1 4 5 7 1 0.926935494 0.073064536 0.000000000
5072 1 4 5 7 2 0.926688075 0.073311940 0.000000000
5073 1 4 5 7 3 0.924953401 0.075046621 0.000000000
5074 1 4 5 7 4 0.925400317 0.074599713 0.000000000
5075 1 4 5 7 5 0.923196435 0.076803550 0.000000000
5076 1 4 5 7 6 0.928658962 0.071341038 0.000000000
5077 1 4 5 7 7 0.052955154 0.947044849 0.000000000
5078 1 4 5 7 8 0.923655868 0.076344132 0.000000000
5079 1 4 5 7 9 0.919217348 0.080782630 0.000000000
5080 1 4 5 7 10 0.916515350 0.083484635 0.000000000
5081 1 4 5 7 11 0.913282037 0.086717956 0.000000000
5082 1 4 5 7 12 0.922586203 0.077413782 0.000000000
5083 1 4 5 8 0 0.898744285 0.101255715 0.000000000
5084 1 4 5 8 1 0.893004715 0.106995299 0.000000000
5085 1 4 5 8 2 0.893020809 0.106979199 0.000000000
5086 1 4 5 8 3 0.885124445 0.114875548 0.000000000
5087 1 4 5 8 4 0.883229434 0.116770558 0.000000000
5088 1 4 5 8 5 0.867385268 0.132614717 0.000000000
5089 1 4 5 8 6 0.910331249 0.089668766 0.000000000
5090 1 4 5 8 7 0.930330336 0.069669656 0.000000000
5091 1 4 5 8 8 0.048394781 0.951605201 0.000000000
5092 1 4 5 8 9 0.779539645 0.220460370 0.000000000
5093 1 4 5 8 10 0.723027706 0.276972264 0.000000000
5094 1 4 5 8 11 0.588817656 0.411182374 0.000000000
5095 1 4 5 8 12 0.808839858 0.191160172 0.000000000
5096 1 4 5 9 0 0.999953270 0.000046708 0.000000000
5097 1 4 5 9 1 0.999964893 0.000035108 0.000000000
5098 1 4 5 9 2 0.999966025 0.000033995 0.000000000
5099 1 4 5 9 3 0.999958932 0.000041081 0.000000000
5100 1 4 5 9 4 0.999959648 0.000040367 0.000000000
5101 1 4 5 9 5 0.999958634 0.000041370 0.000000000
5102 1 4 5 9 6 0.999893308 0.000106701 0.000000000
5103 1 4 5 9 7 0.993278027 0.006722000 0.000000000
5104 1 4 5 9 8 0.761319041 0.238680959 0.000000000
5105 1 4 5 9 9 0.000005676 0.999994338 0.000000000
5106 1 4 5 9 10 0.989648819 0.010351165 0.000000000
5107 1 4 5 9 11 0.992619872 0.007380142 0.000000000
5108 1 4 5 9 12 0.725721478 0.274278522 0.000000000
5109 1 4 5 10 0 0.998000681 0.001999340 0.000000000
5110 1 4 5 10 1 0.998163283 0.001836744 0.000000000
5111 1 4 5 10 2 0.997967839 0.002032185 0.000000000
5112 1 4 5 10 3 0.996435523 0.003564496 0.000000000
5113 1 4 5 10 4 0.995390356 0.004609661 0.000000000
5114 1 4 5 10 5 0.996191800 0.003808177 0.000000000
5115 1 4 5 10 6 0.804831147 0.195168853 0.000000000
5116 1 4 5 10 7 0.981353819 0.018646160 0.000000000
5117 1 4 5 10 8 0.905652583 0.094347402 0.000000000
5118 1 4 5 10 9 0.999812543 0.000187471 0.000000000
5119 1 4 5 10 10 0.000003325 0.999996662 0.000000000
5120 1 4 5 10 11 0.703041792 0.296958238 0.000000000
5121 1 4 5 10 12 0.853184044 0.146815941 0.000000000
5122 1 4 5 11 0 0.643575490 0.356424510 0.000000000
5123 1 4 5 11 1 0.632038713 0.367961287 0.000000000
5124 1 4 5 11 2 0.624257863 0.375742167 0.000000000
5125 1 4 5 11 3 0.643753290 0.356246680 0.000000000
5126 1 4 5 11 4 0.675698161 0.324301839 0.000000000
5127 1 4 5 11 5 0.683772206 0.316227764 0.000000000
5128 1 4 5 11 6 0.665971875 0.334028125 0.000000000
5129 1 4 5 11 7 0.676644087 0.323355943 0.000000000
5130 1 4 5 11 8 0.744166911 0.255833119 0.000000000
5131 1 4 5 11 9 0.856765628 0.143234372 0.000000000
5132 1 4 5 11 10 0.539392650 0.460607320 0.000000000
5133 1 4 5 11 11 0.000002603 0.999997377 0.000000000
5134 1 4 5 11 12 0.281354010 0.718645990 0.000000000
5135 1 4 5 12 0 0.000001425 0.999998569 0.000000000
5136 1 4 5 12 1 0.000001425 0.999998569 0.000000000
5137 1 4 5 12 2 0.000001425 0.999998569 0.000000000
5138 1 4 5 12 3 0.000168872 0.999831140 0.000000000
5139 1 4 5 12 4 0.000031550 0.999968469 0.000000000
5140 1 4 5 12 5 0.000050042 0.999949932 0.000000000
5141 1 4 5 12 6 0.000238708 0.999761283 0.000000000
5142 1 4 5 12 7 0.010613499 0.989386499 0.000000000
5143 1 4 5 12 8 0.021228287 0.978771687 0.000000000
5144 1 4 5 12 9 0.000012012 0.999987960 0.000000000
5145 1 4 5 12 10 0.014206232 0.985793769 0.000000000
5146 1 4 5 12 11 0.033523820 0.966476202 0.000000000
5147 1 4 5 12 12 0.000001425 0.999998569 0.000000000
