===== 2026-10-08 08:25:32 attempt 1 (from epoch 0) =====
[jax] fresh start
WARNING: All log messages before absl::InitializeLog() is called are written to STDERR
I0000 00:00:1791447933.380165 2836073 port.cc:153] oneDNN custom operations are on. You may see slightly different numerical results due to floating-point round-off errors from different computation orders. To turn them off, set the environment variable `TF_ENABLE_ONEDNN_OPTS=0`.
WARNING: All log messages before absl::InitializeLog() is called are written to STDERR
I0000 00:00:1791447934.389022 2836073 port.cc:153] oneDNN custom operations are on. You may see slightly different numerical results due to floating-point round-off errors from different computation orders. To turn them off, set the environment variable `TF_ENABLE_ONEDNN_OPTS=0`.
ResNet-50 (ImageNet) · Lean 4 → JAX
  Conv(3→64,7x7/2)+BN → Pool(3x3) → BN3(64→256,s1) → BN4(256→512,s2) → BN6(512→1024,s2) → BN3(1024→2048,s2) → GAP → 2048→1000

ImageNet (1000-class) — tfds streaming pipeline
lr=0.100000  batch_size=256 (4 devices x 64)  epochs=90  params=25557032
steps_per_epoch=5004  total_steps=450360
backend=gpu  devices=[CudaDevice(id=0), CudaDevice(id=1), CudaDevice(id=2), CudaDevice(id=3)]
Starting training...
  step 100/450360  loss=6.9998  lr=0.0004  (357.0ms/step avg)
  step 200/450360  loss=6.9669  lr=0.0008  (280.0ms/step avg)
  step 300/450360  loss=6.9212  lr=0.0012  (254.0ms/step avg)
  step 400/450360  loss=6.8933  lr=0.0016  (241.0ms/step avg)
  step 500/450360  loss=6.8253  lr=0.002  (233.0ms/step avg)
  step 600/450360  loss=6.7878  lr=0.0024  (228.0ms/step avg)
  step 700/450360  loss=6.7397  lr=0.0028  (224.0ms/step avg)
  step 800/450360  loss=6.6549  lr=0.0032  (222.0ms/step avg)
  step 900/450360  loss=6.7014  lr=0.0036  (220.0ms/step avg)
  step 1000/450360  loss=6.6894  lr=0.004  (218.0ms/step avg)
  step 1100/450360  loss=6.6181  lr=0.0044  (216.0ms/step avg)
  step 1200/450360  loss=6.5872  lr=0.0048  (215.0ms/step avg)
  step 1300/450360  loss=6.5164  lr=0.0052  (214.0ms/step avg)
  step 1400/450360  loss=6.5402  lr=0.0056  (213.0ms/step avg)
  step 1500/450360  loss=6.4486  lr=0.006  (213.0ms/step avg)
  step 1600/450360  loss=6.281  lr=0.00639  (212.0ms/step avg)
  step 1700/450360  loss=6.4297  lr=0.00679  (211.0ms/step avg)
  step 1800/450360  loss=6.4201  lr=0.00719  (211.0ms/step avg)
  step 1900/450360  loss=6.386  lr=0.00759  (210.0ms/step avg)
  step 2000/450360  loss=6.3857  lr=0.00799  (210.0ms/step avg)
  step 2100/450360  loss=6.3146  lr=0.00839  (210.0ms/step avg)
  step 2200/450360  loss=6.2267  lr=0.00879  (209.0ms/step avg)
  step 2300/450360  loss=6.227  lr=0.00919  (209.0ms/step avg)
  step 2400/450360  loss=6.2891  lr=0.00959  (209.0ms/step avg)
  step 2500/450360  loss=6.339  lr=0.00999  (209.0ms/step avg)
  step 2600/450360  loss=6.1382  lr=0.01039  (208.0ms/step avg)
  step 2700/450360  loss=6.2238  lr=0.01079  (208.0ms/step avg)
  step 2800/450360  loss=6.1313  lr=0.01119  (208.0ms/step avg)
  step 2900/450360  loss=6.2603  lr=0.01159  (208.0ms/step avg)
  step 3000/450360  loss=6.1565  lr=0.01199  (207.0ms/step avg)
  step 3100/450360  loss=6.1922  lr=0.01239  (207.0ms/step avg)
  step 3200/450360  loss=6.151  lr=0.01279  (207.0ms/step avg)
  step 3300/450360  loss=6.2298  lr=0.01319  (207.0ms/step avg)
  step 3400/450360  loss=6.1298  lr=0.01359  (207.0ms/step avg)
  step 3500/450360  loss=6.1746  lr=0.01399  (207.0ms/step avg)
  step 3600/450360  loss=6.0758  lr=0.01439  (207.0ms/step avg)
  step 3700/450360  loss=6.1313  lr=0.01479  (206.0ms/step avg)
  step 3800/450360  loss=6.0456  lr=0.01519  (206.0ms/step avg)
  step 3900/450360  loss=6.0626  lr=0.01559  (206.0ms/step avg)
  step 4000/450360  loss=6.0821  lr=0.01599  (206.0ms/step avg)
  step 4100/450360  loss=6.009  lr=0.01639  (206.0ms/step avg)
  step 4200/450360  loss=5.9067  lr=0.01679  (206.0ms/step avg)
  step 4300/450360  loss=5.8828  lr=0.01719  (206.0ms/step avg)
  step 4400/450360  loss=5.9492  lr=0.01759  (206.0ms/step avg)
  step 4500/450360  loss=5.997  lr=0.01799  (206.0ms/step avg)
  step 4600/450360  loss=5.9304  lr=0.01839  (206.0ms/step avg)
  step 4700/450360  loss=5.9502  lr=0.01878  (206.0ms/step avg)
  step 4800/450360  loss=6.0014  lr=0.01918  (206.0ms/step avg)
  step 4900/450360  loss=5.9091  lr=0.01958  (205.0ms/step avg)
  step 5000/450360  loss=5.8105  lr=0.01998  (205.0ms/step avg)
  Running validation ...
[Epoch 1] lr=0.02 loss(train_avg)=6.3231 val_top1=2306/50000 (0.0461) val_top5=0.133 val_loss=5.7677  [1027.7s train, 20.5s val]
saved 54 param-groups to /home/skoonce/r50_2018_jax_2610/resnet50_imagenet_2018_e1.bin (102228128 bytes)
  saved full train state -> /home/skoonce/r50_2018_jax_2610/resnet50_imagenet_2018_e1.state.npz (428 arrays, step=5004)
  step 5100/450360  loss=5.8343  lr=0.02038  (209.0ms/step avg)
  step 5200/450360  loss=5.8563  lr=0.02078  (209.0ms/step avg)
  step 5300/450360  loss=5.8567  lr=0.02118  (209.0ms/step avg)
  step 5400/450360  loss=5.832  lr=0.02158  (209.0ms/step avg)
  step 5500/450360  loss=5.738  lr=0.02198  (209.0ms/step avg)
  step 5600/450360  loss=5.7814  lr=0.02238  (209.0ms/step avg)
  step 5700/450360  loss=5.6713  lr=0.02278  (209.0ms/step avg)
  step 5800/450360  loss=5.6838  lr=0.02318  (209.0ms/step avg)
  step 5900/450360  loss=5.7895  lr=0.02358  (208.0ms/step avg)
  step 6000/450360  loss=5.7734  lr=0.02398  (208.0ms/step avg)
  step 6100/450360  loss=5.7207  lr=0.02438  (208.0ms/step avg)
  step 6200/450360  loss=5.5702  lr=0.02478  (208.0ms/step avg)
  step 6300/450360  loss=5.6531  lr=0.02518  (208.0ms/step avg)
  step 6400/450360  loss=5.6484  lr=0.02558  (208.0ms/step avg)
  step 6500/450360  loss=5.5802  lr=0.02598  (208.0ms/step avg)
  step 6600/450360  loss=5.7064  lr=0.02638  (208.0ms/step avg)
  step 6700/450360  loss=5.6351  lr=0.02678  (208.0ms/step avg)
  step 6800/450360  loss=5.4993  lr=0.02718  (208.0ms/step avg)
  step 6900/450360  loss=5.5352  lr=0.02758  (208.0ms/step avg)
  step 7000/450360  loss=5.6418  lr=0.02798  (207.0ms/step avg)
  step 7100/450360  loss=5.5252  lr=0.02838  (207.0ms/step avg)
  step 7200/450360  loss=5.2753  lr=0.02878  (207.0ms/step avg)
  step 7300/450360  loss=5.5408  lr=0.02918  (207.0ms/step avg)
  step 7400/450360  loss=5.6242  lr=0.02958  (207.0ms/step avg)
  step 7500/450360  loss=5.3281  lr=0.02998  (207.0ms/step avg)
  step 7600/450360  loss=5.5068  lr=0.03038  (207.0ms/step avg)
  step 7700/450360  loss=5.5013  lr=0.03078  (207.0ms/step avg)
  step 7800/450360  loss=5.1833  lr=0.03118  (207.0ms/step avg)
  step 7900/450360  loss=5.4336  lr=0.03157  (207.0ms/step avg)
  step 8000/450360  loss=5.2536  lr=0.03197  (207.0ms/step avg)
  step 8100/450360  loss=5.3364  lr=0.03237  (207.0ms/step avg)
  step 8200/450360  loss=5.2744  lr=0.03277  (207.0ms/step avg)
  step 8300/450360  loss=5.2442  lr=0.03317  (207.0ms/step avg)
  step 8400/450360  loss=5.3655  lr=0.03357  (207.0ms/step avg)
  step 8500/450360  loss=5.2318  lr=0.03397  (207.0ms/step avg)
  step 8600/450360  loss=5.1134  lr=0.03437  (207.0ms/step avg)
  step 8700/450360  loss=5.1716  lr=0.03477  (206.0ms/step avg)
  step 8800/450360  loss=5.2315  lr=0.03517  (206.0ms/step avg)
  step 8900/450360  loss=5.0684  lr=0.03557  (206.0ms/step avg)
  step 9000/450360  loss=5.0943  lr=0.03597  (206.0ms/step avg)
  step 9100/450360  loss=5.2128  lr=0.03637  (206.0ms/step avg)
  step 9200/450360  loss=5.0601  lr=0.03677  (206.0ms/step avg)
  step 9300/450360  loss=5.0735  lr=0.03717  (206.0ms/step avg)
  step 9400/450360  loss=5.1704  lr=0.03757  (206.0ms/step avg)
  step 9500/450360  loss=5.1183  lr=0.03797  (206.0ms/step avg)
  step 9600/450360  loss=4.934  lr=0.03837  (206.0ms/step avg)
  step 9700/450360  loss=5.075  lr=0.03877  (206.0ms/step avg)
  step 9800/450360  loss=5.055  lr=0.03917  (206.0ms/step avg)
  step 9900/450360  loss=5.0785  lr=0.03957  (206.0ms/step avg)
  step 10000/450360  loss=5.0038  lr=0.03997  (206.0ms/step avg)
  Running validation ...
[Epoch 2] lr=0.04 loss(train_avg)=5.4317 val_top1=6774/50000 (0.1355) val_top5=0.3174 val_loss=4.5845  [1012.7s train, 17.7s val]
saved 54 param-groups to /home/skoonce/r50_2018_jax_2610/resnet50_imagenet_2018_e2.bin (102228128 bytes)
  saved full train state -> /home/skoonce/r50_2018_jax_2610/resnet50_imagenet_2018_e2.state.npz (428 arrays, step=10008)
  step 10100/450360  loss=5.0076  lr=0.04037  (208.0ms/step avg)
  step 10200/450360  loss=4.9633  lr=0.04077  (208.0ms/step avg)
  step 10300/450360  loss=5.0814  lr=0.04117  (208.0ms/step avg)
  step 10400/450360  loss=5.015  lr=0.04157  (208.0ms/step avg)
  step 10500/450360  loss=5.0552  lr=0.04197  (208.0ms/step avg)
  step 10600/450360  loss=5.0746  lr=0.04237  (207.0ms/step avg)
  step 10700/450360  loss=4.7658  lr=0.04277  (207.0ms/step avg)
  step 10800/450360  loss=4.9968  lr=0.04317  (207.0ms/step avg)
  step 10900/450360  loss=4.8435  lr=0.04357  (207.0ms/step avg)
  step 11000/450360  loss=5.0231  lr=0.04396  (207.0ms/step avg)
  step 11100/450360  loss=4.9141  lr=0.04436  (207.0ms/step avg)
  step 11200/450360  loss=4.9719  lr=0.04476  (207.0ms/step avg)
  step 11300/450360  loss=4.6451  lr=0.04516  (207.0ms/step avg)
  step 11400/450360  loss=4.8348  lr=0.04556  (207.0ms/step avg)
  step 11500/450360  loss=4.9367  lr=0.04596  (207.0ms/step avg)
  step 11600/450360  loss=4.728  lr=0.04636  (207.0ms/step avg)
  step 11700/450360  loss=4.6522  lr=0.04676  (207.0ms/step avg)
  step 11800/450360  loss=4.9134  lr=0.04716  (207.0ms/step avg)
  step 11900/450360  loss=4.7028  lr=0.04756  (207.0ms/step avg)
  step 12000/450360  loss=4.7389  lr=0.04796  (207.0ms/step avg)
  step 12100/450360  loss=4.6478  lr=0.04836  (207.0ms/step avg)
  step 12200/450360  loss=4.725  lr=0.04876  (207.0ms/step avg)
  step 12300/450360  loss=4.7118  lr=0.04916  (207.0ms/step avg)
  step 12400/450360  loss=4.6768  lr=0.04956  (207.0ms/step avg)
  step 12500/450360  loss=4.7428  lr=0.04996  (207.0ms/step avg)
  step 12600/450360  loss=4.7063  lr=0.05036  (207.0ms/step avg)
  step 12700/450360  loss=4.5341  lr=0.05076  (207.0ms/step avg)
  step 12800/450360  loss=4.6605  lr=0.05116  (207.0ms/step avg)
  step 12900/450360  loss=4.4961  lr=0.05156  (207.0ms/step avg)
  step 13000/450360  loss=4.6817  lr=0.05196  (207.0ms/step avg)
  step 13100/450360  loss=4.588  lr=0.05236  (207.0ms/step avg)
  step 13200/450360  loss=4.5073  lr=0.05276  (207.0ms/step avg)
  step 13300/450360  loss=4.4379  lr=0.05316  (206.0ms/step avg)
  step 13400/450360  loss=4.495  lr=0.05356  (206.0ms/step avg)
  step 13500/450360  loss=4.4611  lr=0.05396  (206.0ms/step avg)
  step 13600/450360  loss=4.5372  lr=0.05436  (206.0ms/step avg)
  step 13700/450360  loss=4.4942  lr=0.05476  (206.0ms/step avg)
  step 13800/450360  loss=4.3958  lr=0.05516  (206.0ms/step avg)
  step 13900/450360  loss=4.2703  lr=0.05556  (206.0ms/step avg)
  step 14000/450360  loss=4.3959  lr=0.05596  (206.0ms/step avg)
  step 14100/450360  loss=4.2194  lr=0.05635  (206.0ms/step avg)
  step 14200/450360  loss=4.5537  lr=0.05675  (206.0ms/step avg)
  step 14300/450360  loss=4.255  lr=0.05715  (206.0ms/step avg)
  step 14400/450360  loss=4.3819  lr=0.05755  (206.0ms/step avg)
  step 14500/450360  loss=4.2746  lr=0.05795  (206.0ms/step avg)
  step 14600/450360  loss=4.5815  lr=0.05835  (206.0ms/step avg)
  step 14700/450360  loss=4.3623  lr=0.05875  (206.0ms/step avg)
  step 14800/450360  loss=4.2001  lr=0.05915  (206.0ms/step avg)
  step 14900/450360  loss=4.3751  lr=0.05955  (206.0ms/step avg)
  step 15000/450360  loss=4.4641  lr=0.05995  (206.0ms/step avg)
  Running validation ...
[Epoch 3] lr=0.06 loss(train_avg)=4.6243 val_top1=11635/50000 (0.2327) val_top5=0.4721 val_loss=3.8011  [1013.7s train, 17.7s val]
saved 54 param-groups to /home/skoonce/r50_2018_jax_2610/resnet50_imagenet_2018_e3.bin (102228128 bytes)
  saved full train state -> /home/skoonce/r50_2018_jax_2610/resnet50_imagenet_2018_e3.state.npz (428 arrays, step=15012)
  step 15100/450360  loss=4.214  lr=0.06035  (207.0ms/step avg)
  step 15200/450360  loss=4.307  lr=0.06075  (207.0ms/step avg)
  step 15300/450360  loss=4.2636  lr=0.06115  (207.0ms/step avg)
  step 15400/450360  loss=4.2859  lr=0.06155  (207.0ms/step avg)
  step 15500/450360  loss=4.1694  lr=0.06195  (207.0ms/step avg)
  step 15600/450360  loss=4.322  lr=0.06235  (207.0ms/step avg)
  step 15700/450360  loss=4.1106  lr=0.06275  (207.0ms/step avg)
  step 15800/450360  loss=4.4521  lr=0.06315  (207.0ms/step avg)
  step 15900/450360  loss=4.258  lr=0.06355  (207.0ms/step avg)
  step 16000/450360  loss=3.9608  lr=0.06395  (207.0ms/step avg)
  step 16100/450360  loss=4.2056  lr=0.06435  (207.0ms/step avg)
  step 16200/450360  loss=4.3779  lr=0.06475  (207.0ms/step avg)
  step 16300/450360  loss=4.1963  lr=0.06515  (207.0ms/step avg)
  step 16400/450360  loss=4.0568  lr=0.06555  (207.0ms/step avg)
  step 16500/450360  loss=4.1492  lr=0.06595  (207.0ms/step avg)
  step 16600/450360  loss=4.0102  lr=0.06635  (207.0ms/step avg)
  step 16700/450360  loss=4.1425  lr=0.06675  (207.0ms/step avg)
  step 16800/450360  loss=4.0878  lr=0.06715  (207.0ms/step avg)
  step 16900/450360  loss=4.2345  lr=0.06755  (207.0ms/step avg)
  step 17000/450360  loss=4.1184  lr=0.06795  (207.0ms/step avg)
  step 17100/450360  loss=4.0854  lr=0.06835  (207.0ms/step avg)
  step 17200/450360  loss=4.0073  lr=0.06875  (207.0ms/step avg)
  step 17300/450360  loss=4.2006  lr=0.06914  (207.0ms/step avg)
  step 17400/450360  loss=4.0708  lr=0.06954  (207.0ms/step avg)
  step 17500/450360  loss=3.9682  lr=0.06994  (207.0ms/step avg)
  step 17600/450360  loss=4.0447  lr=0.07034  (207.0ms/step avg)
  step 17700/450360  loss=4.1644  lr=0.07074  (207.0ms/step avg)
  step 17800/450360  loss=3.8948  lr=0.07114  (207.0ms/step avg)
  step 17900/450360  loss=4.1624  lr=0.07154  (207.0ms/step avg)
  step 18000/450360  loss=3.8482  lr=0.07194  (207.0ms/step avg)
  step 18100/450360  loss=3.9754  lr=0.07234  (207.0ms/step avg)
  step 18200/450360  loss=3.7804  lr=0.07274  (206.0ms/step avg)
  step 18300/450360  loss=3.8369  lr=0.07314  (206.0ms/step avg)
  step 18400/450360  loss=3.9685  lr=0.07354  (206.0ms/step avg)
  step 18500/450360  loss=3.9138  lr=0.07394  (206.0ms/step avg)
  step 18600/450360  loss=3.8732  lr=0.07434  (206.0ms/step avg)
  step 18700/450360  loss=3.9387  lr=0.07474  (206.0ms/step avg)
  step 18800/450360  loss=4.0729  lr=0.07514  (206.0ms/step avg)
  step 18900/450360  loss=3.9356  lr=0.07554  (206.0ms/step avg)
  step 19000/450360  loss=4.0577  lr=0.07594  (206.0ms/step avg)
  step 19100/450360  loss=4.0736  lr=0.07634  (206.0ms/step avg)
  step 19200/450360  loss=3.957  lr=0.07674  (206.0ms/step avg)
  step 19300/450360  loss=3.914  lr=0.07714  (206.0ms/step avg)
  step 19400/450360  loss=3.7926  lr=0.07754  (206.0ms/step avg)
  step 19500/450360  loss=3.8211  lr=0.07794  (206.0ms/step avg)
  step 19600/450360  loss=3.9496  lr=0.07834  (206.0ms/step avg)
  step 19700/450360  loss=4.0099  lr=0.07874  (206.0ms/step avg)
  step 19800/450360  loss=4.0787  lr=0.07914  (206.0ms/step avg)
  step 19900/450360  loss=3.7036  lr=0.07954  (206.0ms/step avg)
  step 20000/450360  loss=4.0321  lr=0.07994  (206.0ms/step avg)
  Running validation ...
[Epoch 4] lr=0.08 loss(train_avg)=4.079 val_top1=15930/50000 (0.3186) val_top5=0.5822 val_loss=3.2174  [1014.2s train, 17.7s val]
saved 54 param-groups to /home/skoonce/r50_2018_jax_2610/resnet50_imagenet_2018_e4.bin (102228128 bytes)
  saved full train state -> /home/skoonce/r50_2018_jax_2610/resnet50_imagenet_2018_e4.state.npz (428 arrays, step=20016)
  step 20100/450360  loss=4.0027  lr=0.08034  (207.0ms/step avg)
  step 20200/450360  loss=3.9344  lr=0.08074  (207.0ms/step avg)
  step 20300/450360  loss=4.1501  lr=0.08114  (207.0ms/step avg)
  step 20400/450360  loss=3.7867  lr=0.08153  (207.0ms/step avg)
  step 20500/450360  loss=4.0453  lr=0.08193  (207.0ms/step avg)
  step 20600/450360  loss=3.7794  lr=0.08233  (207.0ms/step avg)
  step 20700/450360  loss=3.8455  lr=0.08273  (207.0ms/step avg)
  step 20800/450360  loss=4.1127  lr=0.08313  (207.0ms/step avg)
  step 20900/450360  loss=3.8826  lr=0.08353  (207.0ms/step avg)
  step 21000/450360  loss=3.8964  lr=0.08393  (207.0ms/step avg)
  step 21100/450360  loss=3.8098  lr=0.08433  (207.0ms/step avg)
  step 21200/450360  loss=3.7183  lr=0.08473  (207.0ms/step avg)
  step 21300/450360  loss=3.8336  lr=0.08513  (207.0ms/step avg)
  step 21400/450360  loss=3.8527  lr=0.08553  (207.0ms/step avg)
  step 21500/450360  loss=3.782  lr=0.08593  (207.0ms/step avg)
  step 21600/450360  loss=3.9494  lr=0.08633  (207.0ms/step avg)
  step 21700/450360  loss=3.8733  lr=0.08673  (207.0ms/step avg)
  step 21800/450360  loss=3.9193  lr=0.08713  (207.0ms/step avg)
  step 21900/450360  loss=3.9554  lr=0.08753  (207.0ms/step avg)
  step 22000/450360  loss=3.839  lr=0.08793  (207.0ms/step avg)
  step 22100/450360  loss=3.9163  lr=0.08833  (207.0ms/step avg)
  step 22200/450360  loss=3.7355  lr=0.08873  (207.0ms/step avg)
  step 22300/450360  loss=3.7365  lr=0.08913  (207.0ms/step avg)
  step 22400/450360  loss=3.7418  lr=0.08953  (207.0ms/step avg)
  step 22500/450360  loss=3.5586  lr=0.08993  (207.0ms/step avg)
  step 22600/450360  loss=3.5898  lr=0.09033  (207.0ms/step avg)
  step 22700/450360  loss=3.6984  lr=0.09073  (207.0ms/step avg)
  step 22800/450360  loss=3.929  lr=0.09113  (207.0ms/step avg)
  step 22900/450360  loss=3.6299  lr=0.09153  (206.0ms/step avg)
  step 23000/450360  loss=3.8058  lr=0.09193  (206.0ms/step avg)
  step 23100/450360  loss=3.7025  lr=0.09233  (206.0ms/step avg)
  step 23200/450360  loss=3.8291  lr=0.09273  (206.0ms/step avg)
  step 23300/450360  loss=3.704  lr=0.09313  (206.0ms/step avg)
  step 23400/450360  loss=3.7103  lr=0.09353  (206.0ms/step avg)
  step 23500/450360  loss=3.7597  lr=0.09392  (206.0ms/step avg)
  step 23600/450360  loss=3.8312  lr=0.09432  (206.0ms/step avg)
  step 23700/450360  loss=3.4649  lr=0.09472  (206.0ms/step avg)
  step 23800/450360  loss=3.5709  lr=0.09512  (206.0ms/step avg)
  step 23900/450360  loss=3.8544  lr=0.09552  (206.0ms/step avg)
  step 24000/450360  loss=3.5678  lr=0.09592  (206.0ms/step avg)
  step 24100/450360  loss=3.6556  lr=0.09632  (206.0ms/step avg)
  step 24200/450360  loss=3.629  lr=0.09672  (206.0ms/step avg)
  step 24300/450360  loss=3.8566  lr=0.09712  (206.0ms/step avg)
  step 24400/450360  loss=3.6181  lr=0.09752  (206.0ms/step avg)
  step 24500/450360  loss=3.6221  lr=0.09792  (206.0ms/step avg)
  step 24600/450360  loss=3.5894  lr=0.09832  (206.0ms/step avg)
  step 24700/450360  loss=3.792  lr=0.09872  (206.0ms/step avg)
  step 24800/450360  loss=3.6457  lr=0.09912  (206.0ms/step avg)
  step 24900/450360  loss=3.8517  lr=0.09952  (206.0ms/step avg)
  step 25000/450360  loss=3.4542  lr=0.09992  (206.0ms/step avg)
  Running validation ...
[Epoch 5] lr=0.1 loss(train_avg)=3.7743 val_top1=18583/50000 (0.3717) val_top5=0.6402 val_loss=2.9077  [1013.6s train, 17.8s val]
saved 54 param-groups to /home/skoonce/r50_2018_jax_2610/resnet50_imagenet_2018_e5.bin (102228128 bytes)
  saved full train state -> /home/skoonce/r50_2018_jax_2610/resnet50_imagenet_2018_e5.state.npz (428 arrays, step=25020)
  step 25100/450360  loss=3.6521  lr=0.1  (207.0ms/step avg)
  step 25200/450360  loss=3.7327  lr=0.1  (207.0ms/step avg)
  step 25300/450360  loss=3.5332  lr=0.1  (207.0ms/step avg)
  step 25400/450360  loss=3.6565  lr=0.1  (207.0ms/step avg)
  step 25500/450360  loss=3.5457  lr=0.1  (207.0ms/step avg)
  step 25600/450360  loss=3.4294  lr=0.1  (207.0ms/step avg)
  step 25700/450360  loss=3.6173  lr=0.1  (207.0ms/step avg)
  step 25800/450360  loss=3.7305  lr=0.1  (207.0ms/step avg)
  step 25900/450360  loss=3.6465  lr=0.1  (207.0ms/step avg)
  step 26000/450360  loss=3.5347  lr=0.1  (207.0ms/step avg)
  step 26100/450360  loss=3.6262  lr=0.1  (207.0ms/step avg)
  step 26200/450360  loss=3.5303  lr=0.1  (207.0ms/step avg)
  step 26300/450360  loss=3.7362  lr=0.1  (207.0ms/step avg)
  step 26400/450360  loss=3.5546  lr=0.1  (207.0ms/step avg)
  step 26500/450360  loss=3.7598  lr=0.1  (207.0ms/step avg)
  step 26600/450360  loss=3.6593  lr=0.1  (207.0ms/step avg)
  step 26700/450360  loss=3.5113  lr=0.1  (207.0ms/step avg)
  step 26800/450360  loss=3.7307  lr=0.1  (207.0ms/step avg)
  step 26900/450360  loss=3.5138  lr=0.1  (207.0ms/step avg)
  step 27000/450360  loss=3.7039  lr=0.09999  (207.0ms/step avg)
  step 27100/450360  loss=3.7669  lr=0.09999  (207.0ms/step avg)
  step 27200/450360  loss=3.6813  lr=0.09999  (207.0ms/step avg)
  step 27300/450360  loss=3.4533  lr=0.09999  (207.0ms/step avg)
  step 27400/450360  loss=3.5534  lr=0.09999  (207.0ms/step avg)
  step 27500/450360  loss=3.6171  lr=0.09999  (207.0ms/step avg)
  step 27600/450360  loss=3.594  lr=0.09999  (206.0ms/step avg)
  step 27700/450360  loss=3.3947  lr=0.09999  (206.0ms/step avg)
  step 27800/450360  loss=3.7017  lr=0.09999  (206.0ms/step avg)
  step 27900/450360  loss=3.3962  lr=0.09999  (206.0ms/step avg)
  step 28000/450360  loss=3.7173  lr=0.09999  (206.0ms/step avg)
  step 28100/450360  loss=3.5782  lr=0.09999  (206.0ms/step avg)
  step 28200/450360  loss=3.6326  lr=0.09999  (206.0ms/step avg)
  step 28300/450360  loss=3.5862  lr=0.09999  (206.0ms/step avg)
  step 28400/450360  loss=3.3759  lr=0.09998  (206.0ms/step avg)
  step 28500/450360  loss=3.5247  lr=0.09998  (206.0ms/step avg)
  step 28600/450360  loss=3.5546  lr=0.09998  (206.0ms/step avg)
  step 28700/450360  loss=3.5355  lr=0.09998  (206.0ms/step avg)
  step 28800/450360  loss=3.4197  lr=0.09998  (206.0ms/step avg)
  step 28900/450360  loss=3.5439  lr=0.09998  (206.0ms/step avg)
  step 29000/450360  loss=3.5942  lr=0.09998  (206.0ms/step avg)
  step 29100/450360  loss=3.6835  lr=0.09998  (206.0ms/step avg)
  step 29200/450360  loss=3.5993  lr=0.09998  (206.0ms/step avg)
  step 29300/450360  loss=3.5676  lr=0.09998  (206.0ms/step avg)
  step 29400/450360  loss=3.2493  lr=0.09997  (206.0ms/step avg)
  step 29500/450360  loss=3.4167  lr=0.09997  (206.0ms/step avg)
  step 29600/450360  loss=3.7032  lr=0.09997  (206.0ms/step avg)
  step 29700/450360  loss=3.3677  lr=0.09997  (206.0ms/step avg)
  step 29800/450360  loss=3.4  lr=0.09997  (206.0ms/step avg)
  step 29900/450360  loss=3.7296  lr=0.09997  (206.0ms/step avg)
  step 30000/450360  loss=3.527  lr=0.09997  (206.0ms/step avg)
  Running validation ...
[Epoch 6] lr=0.099966 loss(train_avg)=3.5628 val_top1=21027/50000 (0.4205) val_top5=0.6911 val_loss=2.6388  [1014.0s train, 17.6s val]
saved 54 param-groups to /home/skoonce/r50_2018_jax_2610/resnet50_imagenet_2018_e6.bin (102228128 bytes)
  saved full train state -> /home/skoonce/r50_2018_jax_2610/resnet50_imagenet_2018_e6.state.npz (428 arrays, step=30024)
  step 30100/450360  loss=3.2656  lr=0.09996  (207.0ms/step avg)
  step 30200/450360  loss=3.4629  lr=0.09996  (207.0ms/step avg)
  step 30300/450360  loss=3.3601  lr=0.09996  (207.0ms/step avg)
  step 30400/450360  loss=3.7055  lr=0.09996  (207.0ms/step avg)
  step 30500/450360  loss=3.3531  lr=0.09996  (207.0ms/step avg)
  step 30600/450360  loss=3.5293  lr=0.09996  (207.0ms/step avg)
  step 30700/450360  loss=3.6231  lr=0.09996  (207.0ms/step avg)
  step 30800/450360  loss=3.383  lr=0.09995  (207.0ms/step avg)
  step 30900/450360  loss=3.5552  lr=0.09995  (207.0ms/step avg)
  step 31000/450360  loss=3.4286  lr=0.09995  (207.0ms/step avg)
  step 31100/450360  loss=3.3844  lr=0.09995  (207.0ms/step avg)
  step 31200/450360  loss=3.4208  lr=0.09995  (207.0ms/step avg)
  step 31300/450360  loss=3.1701  lr=0.09995  (207.0ms/step avg)
  step 31400/450360  loss=3.5158  lr=0.09994  (207.0ms/step avg)
  step 31500/450360  loss=3.373  lr=0.09994  (207.0ms/step avg)
  step 31600/450360  loss=3.4843  lr=0.09994  (207.0ms/step avg)
  step 31700/450360  loss=3.4275  lr=0.09994  (207.0ms/step avg)
  step 31800/450360  loss=3.4064  lr=0.09994  (207.0ms/step avg)
  step 31900/450360  loss=3.739  lr=0.09994  (207.0ms/step avg)
  step 32000/450360  loss=3.3913  lr=0.09993  (207.0ms/step avg)
  step 32100/450360  loss=3.4075  lr=0.09993  (207.0ms/step avg)
  step 32200/450360  loss=3.4819  lr=0.09993  (206.0ms/step avg)
  step 32300/450360  loss=3.3933  lr=0.09993  (206.0ms/step avg)
  step 32400/450360  loss=3.6419  lr=0.09993  (206.0ms/step avg)
  step 32500/450360  loss=3.293  lr=0.09992  (206.0ms/step avg)
  step 32600/450360  loss=3.4418  lr=0.09992  (206.0ms/step avg)
  step 32700/450360  loss=3.3843  lr=0.09992  (206.0ms/step avg)
  step 32800/450360  loss=3.2738  lr=0.09992  (206.0ms/step avg)
  step 32900/450360  loss=3.4043  lr=0.09992  (206.0ms/step avg)
  step 33000/450360  loss=3.1928  lr=0.09991  (206.0ms/step avg)
  step 33100/450360  loss=3.3235  lr=0.09991  (206.0ms/step avg)
  step 33200/450360  loss=3.2919  lr=0.09991  (206.0ms/step avg)
  step 33300/450360  loss=3.218  lr=0.09991  (206.0ms/step avg)
  step 33400/450360  loss=3.5752  lr=0.0999  (206.0ms/step avg)
  step 33500/450360  loss=3.2166  lr=0.0999  (206.0ms/step avg)
  step 33600/450360  loss=3.4627  lr=0.0999  (206.0ms/step avg)
  step 33700/450360  loss=3.2241  lr=0.0999  (206.0ms/step avg)
  step 33800/450360  loss=3.3814  lr=0.09989  (206.0ms/step avg)
  step 33900/450360  loss=3.1861  lr=0.09989  (206.0ms/step avg)
  step 34000/450360  loss=3.3425  lr=0.09989  (206.0ms/step avg)
  step 34100/450360  loss=3.4244  lr=0.09989  (206.0ms/step avg)
  step 34200/450360  loss=3.1852  lr=0.09989  (206.0ms/step avg)
  step 34300/450360  loss=3.4697  lr=0.09988  (206.0ms/step avg)
  step 34400/450360  loss=3.336  lr=0.09988  (206.0ms/step avg)
  step 34500/450360  loss=3.3515  lr=0.09988  (206.0ms/step avg)
  step 34600/450360  loss=3.6831  lr=0.09987  (206.0ms/step avg)
  step 34700/450360  loss=3.3184  lr=0.09987  (206.0ms/step avg)
  step 34800/450360  loss=3.3502  lr=0.09987  (206.0ms/step avg)
  step 34900/450360  loss=3.4345  lr=0.09987  (206.0ms/step avg)
  step 35000/450360  loss=3.2736  lr=0.09986  (206.0ms/step avg)
  Running validation ...
[Epoch 7] lr=0.099863 loss(train_avg)=3.4104 val_top1=21818/50000 (0.4364) val_top5=0.7033 val_loss=2.6163  [1014.0s train, 17.7s val]
saved 54 param-groups to /home/skoonce/r50_2018_jax_2610/resnet50_imagenet_2018_e7.bin (102228128 bytes)
  saved full train state -> /home/skoonce/r50_2018_jax_2610/resnet50_imagenet_2018_e7.state.npz (428 arrays, step=35028)
  step 35100/450360  loss=3.3293  lr=0.09986  (207.0ms/step avg)
  step 35200/450360  loss=3.0289  lr=0.09986  (207.0ms/step avg)
  step 35300/450360  loss=3.4058  lr=0.09986  (207.0ms/step avg)
  step 35400/450360  loss=3.5734  lr=0.09985  (207.0ms/step avg)
  step 35500/450360  loss=3.3059  lr=0.09985  (207.0ms/step avg)
  step 35600/450360  loss=3.4488  lr=0.09985  (207.0ms/step avg)
  step 35700/450360  loss=3.5246  lr=0.09984  (207.0ms/step avg)
  step 35800/450360  loss=3.2913  lr=0.09984  (207.0ms/step avg)
  step 35900/450360  loss=3.5431  lr=0.09984  (207.0ms/step avg)
  step 36000/450360  loss=3.2541  lr=0.09984  (207.0ms/step avg)
  step 36100/450360  loss=3.294  lr=0.09983  (207.0ms/step avg)
  step 36200/450360  loss=3.4977  lr=0.09983  (207.0ms/step avg)
  step 36300/450360  loss=3.3665  lr=0.09983  (207.0ms/step avg)
  step 36400/450360  loss=3.4301  lr=0.09982  (207.0ms/step avg)
  step 36500/450360  loss=3.4569  lr=0.09982  (207.0ms/step avg)
  step 36600/450360  loss=3.5133  lr=0.09982  (207.0ms/step avg)
  step 36700/450360  loss=3.2835  lr=0.09981  (207.0ms/step avg)
  step 36800/450360  loss=3.1853  lr=0.09981  (207.0ms/step avg)
  step 36900/450360  loss=3.6416  lr=0.09981  (206.0ms/step avg)
  step 37000/450360  loss=3.2938  lr=0.0998  (206.0ms/step avg)
  step 37100/450360  loss=3.198  lr=0.0998  (206.0ms/step avg)
  step 37200/450360  loss=3.3312  lr=0.0998  (206.0ms/step avg)
  step 37300/450360  loss=3.2467  lr=0.09979  (206.0ms/step avg)
  step 37400/450360  loss=3.21  lr=0.09979  (206.0ms/step avg)
  step 37500/450360  loss=3.3334  lr=0.09979  (206.0ms/step avg)
  step 37600/450360  loss=3.3091  lr=0.09978  (206.0ms/step avg)
  step 37700/450360  loss=3.3001  lr=0.09978  (206.0ms/step avg)
  step 37800/450360  loss=3.4434  lr=0.09978  (206.0ms/step avg)
  step 37900/450360  loss=3.1308  lr=0.09977  (206.0ms/step avg)
  step 38000/450360  loss=3.3063  lr=0.09977  (206.0ms/step avg)
  step 38100/450360  loss=3.3565  lr=0.09977  (206.0ms/step avg)
  step 38200/450360  loss=3.3226  lr=0.09976  (206.0ms/step avg)
  step 38300/450360  loss=3.0166  lr=0.09976  (206.0ms/step avg)
  step 38400/450360  loss=3.4405  lr=0.09976  (206.0ms/step avg)
  step 38500/450360  loss=3.2982  lr=0.09975  (206.0ms/step avg)
  step 38600/450360  loss=3.3513  lr=0.09975  (206.0ms/step avg)
  step 38700/450360  loss=3.4607  lr=0.09975  (206.0ms/step avg)
  step 38800/450360  loss=3.1186  lr=0.09974  (206.0ms/step avg)
  step 38900/450360  loss=3.3235  lr=0.09974  (206.0ms/step avg)
  step 39000/450360  loss=3.2938  lr=0.09973  (206.0ms/step avg)
  step 39100/450360  loss=3.3328  lr=0.09973  (206.0ms/step avg)
  step 39200/450360  loss=3.2278  lr=0.09973  (206.0ms/step avg)
  step 39300/450360  loss=3.3393  lr=0.09972  (206.0ms/step avg)
  step 39400/450360  loss=3.3521  lr=0.09972  (206.0ms/step avg)
  step 39500/450360  loss=3.3626  lr=0.09971  (206.0ms/step avg)
  step 39600/450360  loss=3.3807  lr=0.09971  (206.0ms/step avg)
  step 39700/450360  loss=3.2905  lr=0.09971  (206.0ms/step avg)
  step 39800/450360  loss=3.3043  lr=0.0997  (206.0ms/step avg)
  step 39900/450360  loss=3.0545  lr=0.0997  (206.0ms/step avg)
  step 40000/450360  loss=3.43  lr=0.09969  (206.0ms/step avg)
  Running validation ...
[Epoch 8] lr=0.099693 loss(train_avg)=3.3096 val_top1=22809/50000 (0.4562) val_top5=0.7189 val_loss=2.4948  [1014.0s train, 17.7s val]
saved 54 param-groups to /home/skoonce/r50_2018_jax_2610/resnet50_imagenet_2018_e8.bin (102228128 bytes)
  saved full train state -> /home/skoonce/r50_2018_jax_2610/resnet50_imagenet_2018_e8.state.npz (428 arrays, step=40032)
  step 40100/450360  loss=3.2966  lr=0.09969  (207.0ms/step avg)
  step 40200/450360  loss=3.3703  lr=0.09969  (207.0ms/step avg)
  step 40300/450360  loss=3.2004  lr=0.09968  (207.0ms/step avg)
  step 40400/450360  loss=3.3079  lr=0.09968  (207.0ms/step avg)
  step 40500/450360  loss=3.2349  lr=0.09967  (207.0ms/step avg)
  step 40600/450360  loss=3.212  lr=0.09967  (207.0ms/step avg)
  step 40700/450360  loss=3.6486  lr=0.09967  (207.0ms/step avg)
  step 40800/450360  loss=3.0306  lr=0.09966  (207.0ms/step avg)
  step 40900/450360  loss=3.4317  lr=0.09966  (207.0ms/step avg)
  step 41000/450360  loss=3.1295  lr=0.09965  (207.0ms/step avg)
  step 41100/450360  loss=3.3525  lr=0.09965  (207.0ms/step avg)
  step 41200/450360  loss=3.1935  lr=0.09964  (207.0ms/step avg)
  step 41300/450360  loss=3.2225  lr=0.09964  (207.0ms/step avg)
  step 41400/450360  loss=3.1257  lr=0.09963  (207.0ms/step avg)
  step 41500/450360  loss=3.2795  lr=0.09963  (207.0ms/step avg)
  step 41600/450360  loss=3.2203  lr=0.09963  (206.0ms/step avg)
  step 41700/450360  loss=3.4027  lr=0.09962  (206.0ms/step avg)
  step 41800/450360  loss=3.3163  lr=0.09962  (206.0ms/step avg)
  step 41900/450360  loss=3.403  lr=0.09961  (206.0ms/step avg)
  step 42000/450360  loss=3.2365  lr=0.09961  (206.0ms/step avg)
  step 42100/450360  loss=3.1494  lr=0.0996  (206.0ms/step avg)
  step 42200/450360  loss=3.1244  lr=0.0996  (206.0ms/step avg)
  step 42300/450360  loss=3.217  lr=0.09959  (206.0ms/step avg)
  step 42400/450360  loss=3.2672  lr=0.09959  (206.0ms/step avg)
  step 42500/450360  loss=3.2015  lr=0.09958  (206.0ms/step avg)
  step 42600/450360  loss=3.341  lr=0.09958  (206.0ms/step avg)
  step 42700/450360  loss=3.4459  lr=0.09957  (206.0ms/step avg)
  step 42800/450360  loss=3.2729  lr=0.09957  (206.0ms/step avg)
  step 42900/450360  loss=3.0622  lr=0.09956  (206.0ms/step avg)
  step 43000/450360  loss=3.0889  lr=0.09956  (206.0ms/step avg)
  step 43100/450360  loss=3.2029  lr=0.09955  (206.0ms/step avg)
  step 43200/450360  loss=3.2094  lr=0.09955  (206.0ms/step avg)
  step 43300/450360  loss=3.1054  lr=0.09955  (206.0ms/step avg)
  step 43400/450360  loss=3.2106  lr=0.09954  (206.0ms/step avg)
  step 43500/450360  loss=3.1854  lr=0.09954  (206.0ms/step avg)
  step 43600/450360  loss=3.0676  lr=0.09953  (206.0ms/step avg)
  step 43700/450360  loss=3.3033  lr=0.09952  (206.0ms/step avg)
  step 43800/450360  loss=3.1481  lr=0.09952  (206.0ms/step avg)
  step 43900/450360  loss=3.331  lr=0.09951  (206.0ms/step avg)
  step 44000/450360  loss=3.1793  lr=0.09951  (206.0ms/step avg)
  step 44100/450360  loss=3.2039  lr=0.0995  (206.0ms/step avg)
  step 44200/450360  loss=3.1906  lr=0.0995  (206.0ms/step avg)
  step 44300/450360  loss=3.1615  lr=0.09949  (206.0ms/step avg)
  step 44400/450360  loss=3.1344  lr=0.09949  (206.0ms/step avg)
  step 44500/450360  loss=3.2144  lr=0.09948  (206.0ms/step avg)
  step 44600/450360  loss=3.2766  lr=0.09948  (206.0ms/step avg)
  step 44700/450360  loss=3.1564  lr=0.09947  (206.0ms/step avg)
  step 44800/450360  loss=3.426  lr=0.09947  (206.0ms/step avg)
  step 44900/450360  loss=3.0903  lr=0.09946  (206.0ms/step avg)
  step 45000/450360  loss=3.2996  lr=0.09946  (206.0ms/step avg)
  Running validation ...
[Epoch 9] lr=0.099455 loss(train_avg)=3.2433 val_top1=23703/50000 (0.4741) val_top5=0.7392 val_loss=2.3345  [1014.4s train, 17.7s val]
saved 54 param-groups to /home/skoonce/r50_2018_jax_2610/resnet50_imagenet_2018_e9.bin (102228128 bytes)
  saved full train state -> /home/skoonce/r50_2018_jax_2610/resnet50_imagenet_2018_e9.state.npz (428 arrays, step=45036)
  step 45100/450360  loss=3.2682  lr=0.09945  (207.0ms/step avg)
  step 45200/450360  loss=3.4781  lr=0.09945  (207.0ms/step avg)
  step 45300/450360  loss=3.2578  lr=0.09944  (207.0ms/step avg)
  step 45400/450360  loss=3.1192  lr=0.09943  (207.0ms/step avg)
  step 45500/450360  loss=3.2221  lr=0.09943  (207.0ms/step avg)
  step 45600/450360  loss=3.2611  lr=0.09942  (207.0ms/step avg)
  step 45700/450360  loss=3.1826  lr=0.09942  (207.0ms/step avg)
  step 45800/450360  loss=3.2449  lr=0.09941  (207.0ms/step avg)
  step 45900/450360  loss=3.2317  lr=0.09941  (207.0ms/step avg)
  step 46000/450360  loss=3.2193  lr=0.0994  (207.0ms/step avg)
  step 46100/450360  loss=3.0191  lr=0.0994  (207.0ms/step avg)
  step 46200/450360  loss=3.2227  lr=0.09939  (207.0ms/step avg)
  step 46300/450360  loss=3.4042  lr=0.09938  (207.0ms/step avg)
  step 46400/450360  loss=3.1836  lr=0.09938  (206.0ms/step avg)
  step 46500/450360  loss=3.2163  lr=0.09937  (206.0ms/step avg)
  step 46600/450360  loss=3.106  lr=0.09937  (206.0ms/step avg)
  step 46700/450360  loss=3.0969  lr=0.09936  (206.0ms/step avg)
  step 46800/450360  loss=3.0012  lr=0.09935  (206.0ms/step avg)
  step 46900/450360  loss=3.2139  lr=0.09935  (206.0ms/step avg)
  step 47000/450360  loss=3.2762  lr=0.09934  (206.0ms/step avg)
  step 47100/450360  loss=3.1866  lr=0.09934  (206.0ms/step avg)
  step 47200/450360  loss=3.2382  lr=0.09933  (206.0ms/step avg)
  step 47300/450360  loss=3.1665  lr=0.09932  (206.0ms/step avg)
  step 47400/450360  loss=3.2034  lr=0.09932  (206.0ms/step avg)
  step 47500/450360  loss=3.0172  lr=0.09931  (206.0ms/step avg)
  step 47600/450360  loss=2.9658  lr=0.09931  (206.0ms/step avg)
  step 47700/450360  loss=3.1411  lr=0.0993  (206.0ms/step avg)
  step 47800/450360  loss=3.2388  lr=0.09929  (206.0ms/step avg)
  step 47900/450360  loss=3.5862  lr=0.09929  (206.0ms/step avg)
  step 48000/450360  loss=3.1024  lr=0.09928  (206.0ms/step avg)
  step 48100/450360  loss=3.3628  lr=0.09928  (206.0ms/step avg)
  step 48200/450360  loss=3.0504  lr=0.09927  (206.0ms/step avg)
  step 48300/450360  loss=3.0784  lr=0.09926  (206.0ms/step avg)
  step 48400/450360  loss=3.0313  lr=0.09926  (206.0ms/step avg)
  step 48500/450360  loss=2.8677  lr=0.09925  (206.0ms/step avg)
  step 48600/450360  loss=3.226  lr=0.09924  (206.0ms/step avg)
  step 48700/450360  loss=3.1089  lr=0.09924  (206.0ms/step avg)
  step 48800/450360  loss=3.0632  lr=0.09923  (206.0ms/step avg)
  step 48900/450360  loss=2.9421  lr=0.09922  (206.0ms/step avg)
  step 49000/450360  loss=3.3439  lr=0.09922  (206.0ms/step avg)
  step 49100/450360  loss=2.9871  lr=0.09921  (206.0ms/step avg)
  step 49200/450360  loss=3.0969  lr=0.0992  (206.0ms/step avg)
  step 49300/450360  loss=3.0709  lr=0.0992  (206.0ms/step avg)
  step 49400/450360  loss=3.2527  lr=0.09919  (206.0ms/step avg)
  step 49500/450360  loss=3.1107  lr=0.09918  (206.0ms/step avg)
  step 49600/450360  loss=3.0389  lr=0.09918  (206.0ms/step avg)
  step 49700/450360  loss=3.1821  lr=0.09917  (206.0ms/step avg)
  step 49800/450360  loss=3.2301  lr=0.09916  (206.0ms/step avg)
  step 49900/450360  loss=3.1909  lr=0.09916  (206.0ms/step avg)
  step 50000/450360  loss=3.3623  lr=0.09915  (206.0ms/step avg)
  Running validation ...
[Epoch 10] lr=0.099149 loss(train_avg)=3.1879 val_top1=24994/50000 (0.4999) val_top5=0.7647 val_loss=2.2537  [1014.8s train, 17.8s val]
saved 54 param-groups to /home/skoonce/r50_2018_jax_2610/resnet50_imagenet_2018_e10.bin (102228128 bytes)
  saved full train state -> /home/skoonce/r50_2018_jax_2610/resnet50_imagenet_2018_e10.state.npz (428 arrays, step=50040)
  step 50100/450360  loss=3.031  lr=0.09914  (207.0ms/step avg)
  step 50200/450360  loss=3.263  lr=0.09914  (207.0ms/step avg)
  step 50300/450360  loss=3.0473  lr=0.09913  (207.0ms/step avg)
  step 50400/450360  loss=3.0739  lr=0.09912  (207.0ms/step avg)
  step 50500/450360  loss=3.2796  lr=0.09912  (207.0ms/step avg)
  step 50600/450360  loss=3.0038  lr=0.09911  (207.0ms/step avg)
  step 50700/450360  loss=3.2919  lr=0.0991  (207.0ms/step avg)
  step 50800/450360  loss=3.263  lr=0.0991  (207.0ms/step avg)
  step 50900/450360  loss=3.1997  lr=0.09909  (207.0ms/step avg)
  step 51000/450360  loss=3.1056  lr=0.09908  (207.0ms/step avg)
  step 51100/450360  loss=3.1153  lr=0.09908  (207.0ms/step avg)
  step 51200/450360  loss=3.2316  lr=0.09907  (206.0ms/step avg)
  step 51300/450360  loss=3.1303  lr=0.09906  (206.0ms/step avg)
  step 51400/450360  loss=3.0556  lr=0.09905  (206.0ms/step avg)
  step 51500/450360  loss=3.237  lr=0.09905  (206.0ms/step avg)
  step 51600/450360  loss=3.1896  lr=0.09904  (206.0ms/step avg)
  step 51700/450360  loss=3.1648  lr=0.09903  (206.0ms/step avg)
  step 51800/450360  loss=3.0324  lr=0.09903  (206.0ms/step avg)
  step 51900/450360  loss=3.3143  lr=0.09902  (206.0ms/step avg)
  step 52000/450360  loss=3.0932  lr=0.09901  (206.0ms/step avg)
  step 52100/450360  loss=3.168  lr=0.099  (206.0ms/step avg)
  step 52200/450360  loss=3.254  lr=0.099  (206.0ms/step avg)
  step 52300/450360  loss=3.2706  lr=0.09899  (206.0ms/step avg)
  step 52400/450360  loss=3.0838  lr=0.09898  (206.0ms/step avg)
  step 52500/450360  loss=3.2065  lr=0.09897  (206.0ms/step avg)
  step 52600/450360  loss=3.0255  lr=0.09897  (206.0ms/step avg)
  step 52700/450360  loss=3.1276  lr=0.09896  (206.0ms/step avg)
  step 52800/450360  loss=3.1252  lr=0.09895  (206.0ms/step avg)
  step 52900/450360  loss=3.2237  lr=0.09894  (206.0ms/step avg)
  step 53000/450360  loss=3.3232  lr=0.09894  (206.0ms/step avg)
  step 53100/450360  loss=2.8874  lr=0.09893  (206.0ms/step avg)
  step 53200/450360  loss=3.1856  lr=0.09892  (206.0ms/step avg)
  step 53300/450360  loss=3.1205  lr=0.09891  (206.0ms/step avg)
  step 53400/450360  loss=3.1527  lr=0.09891  (206.0ms/step avg)
  step 53500/450360  loss=3.342  lr=0.0989  (206.0ms/step avg)
  step 53600/450360  loss=3.2428  lr=0.09889  (206.0ms/step avg)
  step 53700/450360  loss=3.2598  lr=0.09888  (206.0ms/step avg)
  step 53800/450360  loss=3.1572  lr=0.09887  (206.0ms/step avg)
  step 53900/450360  loss=3.1342  lr=0.09887  (206.0ms/step avg)
  step 54000/450360  loss=2.9441  lr=0.09886  (206.0ms/step avg)
  step 54100/450360  loss=3.1846  lr=0.09885  (206.0ms/step avg)
  step 54200/450360  loss=3.3275  lr=0.09884  (206.0ms/step avg)
  step 54300/450360  loss=3.0478  lr=0.09884  (206.0ms/step avg)
  step 54400/450360  loss=3.3059  lr=0.09883  (206.0ms/step avg)
  step 54500/450360  loss=3.1773  lr=0.09882  (206.0ms/step avg)
  step 54600/450360  loss=3.1973  lr=0.09881  (206.0ms/step avg)
  step 54700/450360  loss=3.1627  lr=0.0988  (206.0ms/step avg)
  step 54800/450360  loss=3.2846  lr=0.0988  (206.0ms/step avg)
  step 54900/450360  loss=3.3104  lr=0.09879  (206.0ms/step avg)
  step 55000/450360  loss=3.2225  lr=0.09878  (206.0ms/step avg)
  Running validation ...
[Epoch 11] lr=0.098776 loss(train_avg)=3.147 val_top1=24099/50000 (0.482) val_top5=0.7463 val_loss=2.3314  [1013.9s train, 17.8s val]
saved 54 param-groups to /home/skoonce/r50_2018_jax_2610/resnet50_imagenet_2018_e11.bin (102228128 bytes)
  saved full train state -> /home/skoonce/r50_2018_jax_2610/resnet50_imagenet_2018_e11.state.npz (428 arrays, step=55044)
  step 55100/450360  loss=3.2496  lr=0.09877  (207.0ms/step avg)
  step 55200/450360  loss=3.0186  lr=0.09876  (207.0ms/step avg)
  step 55300/450360  loss=3.1108  lr=0.09875  (207.0ms/step avg)
  step 55400/450360  loss=3.0659  lr=0.09875  (207.0ms/step avg)
  step 55500/450360  loss=2.998  lr=0.09874  (207.0ms/step avg)
  step 55600/450360  loss=3.0807  lr=0.09873  (207.0ms/step avg)
  step 55700/450360  loss=3.3861  lr=0.09872  (207.0ms/step avg)
  step 55800/450360  loss=3.1247  lr=0.09871  (207.0ms/step avg)
  step 55900/450360  loss=3.4677  lr=0.09871  (206.0ms/step avg)
  step 56000/450360  loss=2.951  lr=0.0987  (206.0ms/step avg)
  step 56100/450360  loss=3.142  lr=0.09869  (206.0ms/step avg)
  step 56200/450360  loss=3.0895  lr=0.09868  (206.0ms/step avg)
  step 56300/450360  loss=2.8791  lr=0.09867  (206.0ms/step avg)
  step 56400/450360  loss=3.105  lr=0.09866  (206.0ms/step avg)
  step 56500/450360  loss=3.1379  lr=0.09865  (206.0ms/step avg)
  step 56600/450360  loss=3.1157  lr=0.09865  (206.0ms/step avg)
  step 56700/450360  loss=3.0072  lr=0.09864  (206.0ms/step avg)
  step 56800/450360  loss=3.0657  lr=0.09863  (206.0ms/step avg)
  step 56900/450360  loss=3.045  lr=0.09862  (206.0ms/step avg)
  step 57000/450360  loss=3.0877  lr=0.09861  (206.0ms/step avg)
  step 57100/450360  loss=3.0825  lr=0.0986  (206.0ms/step avg)
  step 57200/450360  loss=3.1467  lr=0.09859  (206.0ms/step avg)
  step 57300/450360  loss=3.0715  lr=0.09859  (206.0ms/step avg)
  step 57400/450360  loss=3.3849  lr=0.09858  (206.0ms/step avg)
  step 57500/450360  loss=3.0624  lr=0.09857  (206.0ms/step avg)
  step 57600/450360  loss=3.0951  lr=0.09856  (206.0ms/step avg)
  step 57700/450360  loss=2.9821  lr=0.09855  (206.0ms/step avg)
  step 57800/450360  loss=3.0731  lr=0.09854  (206.0ms/step avg)
  step 57900/450360  loss=2.9127  lr=0.09853  (206.0ms/step avg)
  step 58000/450360  loss=2.9959  lr=0.09852  (206.0ms/step avg)
  step 58100/450360  loss=3.0534  lr=0.09852  (206.0ms/step avg)
  step 58200/450360  loss=3.1337  lr=0.09851  (206.0ms/step avg)
  step 58300/450360  loss=3.2033  lr=0.0985  (206.0ms/step avg)
  step 58400/450360  loss=3.0521  lr=0.09849  (206.0ms/step avg)
  step 58500/450360  loss=3.1661  lr=0.09848  (206.0ms/step avg)
  step 58600/450360  loss=3.1763  lr=0.09847  (206.0ms/step avg)
  step 58700/450360  loss=3.2066  lr=0.09846  (206.0ms/step avg)
  step 58800/450360  loss=3.025  lr=0.09845  (206.0ms/step avg)
  step 58900/450360  loss=3.091  lr=0.09844  (206.0ms/step avg)
  step 59000/450360  loss=3.1722  lr=0.09843  (206.0ms/step avg)
  step 59100/450360  loss=3.1921  lr=0.09842  (206.0ms/step avg)
  step 59200/450360  loss=3.0265  lr=0.09842  (206.0ms/step avg)
  step 59300/450360  loss=3.2374  lr=0.09841  (206.0ms/step avg)
  step 59400/450360  loss=3.0775  lr=0.0984  (206.0ms/step avg)
  step 59500/450360  loss=3.1792  lr=0.09839  (206.0ms/step avg)
  step 59600/450360  loss=2.9629  lr=0.09838  (206.0ms/step avg)
  step 59700/450360  loss=2.9939  lr=0.09837  (206.0ms/step avg)
  step 59800/450360  loss=3.1977  lr=0.09836  (206.0ms/step avg)
  step 59900/450360  loss=3.2469  lr=0.09835  (206.0ms/step avg)
  step 60000/450360  loss=3.1554  lr=0.09834  (206.0ms/step avg)
  Running validation ...
[Epoch 12] lr=0.098336 loss(train_avg)=3.1134 val_top1=24699/50000 (0.494) val_top5=0.7576 val_loss=2.2681  [1014.4s train, 17.7s val]
saved 54 param-groups to /home/skoonce/r50_2018_jax_2610/resnet50_imagenet_2018_e12.bin (102228128 bytes)
  saved full train state -> /home/skoonce/r50_2018_jax_2610/resnet50_imagenet_2018_e12.state.npz (428 arrays, step=60048)
  step 60100/450360  loss=3.1275  lr=0.09833  (207.0ms/step avg)
  step 60200/450360  loss=3.1042  lr=0.09832  (207.0ms/step avg)
  step 60300/450360  loss=3.1747  lr=0.09831  (207.0ms/step avg)
  step 60400/450360  loss=2.8783  lr=0.0983  (207.0ms/step avg)
  step 60500/450360  loss=3.0877  lr=0.09829  (207.0ms/step avg)
  step 60600/450360  loss=3.0886  lr=0.09828  (207.0ms/step avg)
  step 60700/450360  loss=3.0442  lr=0.09827  (206.0ms/step avg)
  step 60800/450360  loss=3.2953  lr=0.09826  (206.0ms/step avg)
  step 60900/450360  loss=2.9529  lr=0.09825  (206.0ms/step avg)
  step 61000/450360  loss=3.0202  lr=0.09824  (206.0ms/step avg)
  step 61100/450360  loss=3.1399  lr=0.09824  (206.0ms/step avg)
  step 61200/450360  loss=3.0826  lr=0.09823  (206.0ms/step avg)
  step 61300/450360  loss=3.074  lr=0.09822  (206.0ms/step avg)
  step 61400/450360  loss=3.0658  lr=0.09821  (206.0ms/step avg)
  step 61500/450360  loss=3.0636  lr=0.0982  (206.0ms/step avg)
  step 61600/450360  loss=3.0036  lr=0.09819  (206.0ms/step avg)
  step 61700/450360  loss=2.9584  lr=0.09818  (206.0ms/step avg)
  step 61800/450360  loss=3.1678  lr=0.09817  (206.0ms/step avg)
  step 61900/450360  loss=3.0867  lr=0.09816  (206.0ms/step avg)
  step 62000/450360  loss=3.1335  lr=0.09815  (206.0ms/step avg)
  step 62100/450360  loss=3.1684  lr=0.09814  (206.0ms/step avg)
  step 62200/450360  loss=3.0611  lr=0.09813  (206.0ms/step avg)
  step 62300/450360  loss=3.0426  lr=0.09812  (206.0ms/step avg)
  step 62400/450360  loss=2.9753  lr=0.09811  (206.0ms/step avg)
  step 62500/450360  loss=3.0776  lr=0.0981  (206.0ms/step avg)
  step 62600/450360  loss=3.1176  lr=0.09809  (206.0ms/step avg)
  step 62700/450360  loss=2.8626  lr=0.09808  (206.0ms/step avg)
  step 62800/450360  loss=3.0826  lr=0.09807  (206.0ms/step avg)
  step 62900/450360  loss=3.1674  lr=0.09806  (206.0ms/step avg)
  step 63000/450360  loss=3.0603  lr=0.09805  (206.0ms/step avg)
  step 63100/450360  loss=2.9562  lr=0.09804  (206.0ms/step avg)
  step 63200/450360  loss=2.8894  lr=0.09803  (206.0ms/step avg)
  step 63300/450360  loss=3.0352  lr=0.09801  (206.0ms/step avg)
  step 63400/450360  loss=3.0127  lr=0.098  (206.0ms/step avg)
  step 63500/450360  loss=3.0859  lr=0.09799  (206.0ms/step avg)
  step 63600/450360  loss=2.9584  lr=0.09798  (206.0ms/step avg)
  step 63700/450360  loss=3.3207  lr=0.09797  (206.0ms/step avg)
  step 63800/450360  loss=2.905  lr=0.09796  (206.0ms/step avg)
  step 63900/450360  loss=2.955  lr=0.09795  (206.0ms/step avg)
  step 64000/450360  loss=3.0994  lr=0.09794  (206.0ms/step avg)
  step 64100/450360  loss=3.1311  lr=0.09793  (206.0ms/step avg)
  step 64200/450360  loss=3.0467  lr=0.09792  (206.0ms/step avg)
  step 64300/450360  loss=3.0597  lr=0.09791  (206.0ms/step avg)
  step 64400/450360  loss=3.1179  lr=0.0979  (206.0ms/step avg)
  step 64500/450360  loss=3.0658  lr=0.09789  (206.0ms/step avg)
  step 64600/450360  loss=3.0984  lr=0.09788  (206.0ms/step avg)
  step 64700/450360  loss=3.1894  lr=0.09787  (206.0ms/step avg)
  step 64800/450360  loss=3.064  lr=0.09786  (206.0ms/step avg)
  step 64900/450360  loss=3.1141  lr=0.09785  (206.0ms/step avg)
  step 65000/450360  loss=3.1201  lr=0.09784  (206.0ms/step avg)
  Running validation ...
[Epoch 13] lr=0.09783 loss(train_avg)=3.0891 val_top1=25126/50000 (0.5025) val_top5=0.7644 val_loss=2.2081  [1014.5s train, 17.7s val]
saved 54 param-groups to /home/skoonce/r50_2018_jax_2610/resnet50_imagenet_2018_e13.bin (102228128 bytes)
  saved full train state -> /home/skoonce/r50_2018_jax_2610/resnet50_imagenet_2018_e13.state.npz (428 arrays, step=65052)
  step 65100/450360  loss=3.2856  lr=0.09783  (207.0ms/step avg)
  step 65200/450360  loss=2.8808  lr=0.09781  (207.0ms/step avg)
  step 65300/450360  loss=3.0764  lr=0.0978  (207.0ms/step avg)
  step 65400/450360  loss=3.111  lr=0.09779  (207.0ms/step avg)
  step 65500/450360  loss=3.2629  lr=0.09778  (206.0ms/step avg)
  step 65600/450360  loss=3.2665  lr=0.09777  (206.0ms/step avg)
  step 65700/450360  loss=2.9742  lr=0.09776  (206.0ms/step avg)
  step 65800/450360  loss=3.2818  lr=0.09775  (206.0ms/step avg)
  step 65900/450360  loss=2.8082  lr=0.09774  (206.0ms/step avg)
  step 66000/450360  loss=3.1554  lr=0.09773  (206.0ms/step avg)
  step 66100/450360  loss=3.2722  lr=0.09772  (206.0ms/step avg)
  step 66200/450360  loss=2.9599  lr=0.09771  (206.0ms/step avg)
  step 66300/450360  loss=3.0587  lr=0.09769  (206.0ms/step avg)
  step 66400/450360  loss=2.8664  lr=0.09768  (206.0ms/step avg)
  step 66500/450360  loss=2.9497  lr=0.09767  (206.0ms/step avg)
  step 66600/450360  loss=3.0424  lr=0.09766  (206.0ms/step avg)
  step 66700/450360  loss=3.1051  lr=0.09765  (206.0ms/step avg)
  step 66800/450360  loss=3.2157  lr=0.09764  (206.0ms/step avg)
  step 66900/450360  loss=2.9966  lr=0.09763  (206.0ms/step avg)
  step 67000/450360  loss=2.903  lr=0.09762  (206.0ms/step avg)
  step 67100/450360  loss=3.0957  lr=0.0976  (206.0ms/step avg)
  step 67200/450360  loss=2.9726  lr=0.09759  (206.0ms/step avg)
  step 67300/450360  loss=3.166  lr=0.09758  (206.0ms/step avg)
  step 67400/450360  loss=3.0666  lr=0.09757  (206.0ms/step avg)
  step 67500/450360  loss=3.0683  lr=0.09756  (206.0ms/step avg)
  step 67600/450360  loss=3.0514  lr=0.09755  (206.0ms/step avg)
  step 67700/450360  loss=3.0113  lr=0.09754  (206.0ms/step avg)
  step 67800/450360  loss=3.1108  lr=0.09752  (206.0ms/step avg)
  step 67900/450360  loss=3.0163  lr=0.09751  (206.0ms/step avg)
  step 68000/450360  loss=2.9796  lr=0.0975  (206.0ms/step avg)
  step 68100/450360  loss=2.9219  lr=0.09749  (206.0ms/step avg)
  step 68200/450360  loss=2.9856  lr=0.09748  (206.0ms/step avg)
  step 68300/450360  loss=2.9477  lr=0.09747  (206.0ms/step avg)
  step 68400/450360  loss=3.1764  lr=0.09746  (206.0ms/step avg)
  step 68500/450360  loss=3.2747  lr=0.09744  (206.0ms/step avg)
  step 68600/450360  loss=3.0342  lr=0.09743  (206.0ms/step avg)
  step 68700/450360  loss=3.1175  lr=0.09742  (206.0ms/step avg)
  step 68800/450360  loss=3.1379  lr=0.09741  (206.0ms/step avg)
  step 68900/450360  loss=3.1981  lr=0.0974  (206.0ms/step avg)
  step 69000/450360  loss=3.0048  lr=0.09739  (206.0ms/step avg)
  step 69100/450360  loss=3.1436  lr=0.09737  (206.0ms/step avg)
  step 69200/450360  loss=3.0251  lr=0.09736  (206.0ms/step avg)
  step 69300/450360  loss=3.1948  lr=0.09735  (206.0ms/step avg)
  step 69400/450360  loss=3.0675  lr=0.09734  (206.0ms/step avg)
  step 69500/450360  loss=3.1628  lr=0.09733  (206.0ms/step avg)
  step 69600/450360  loss=3.0509  lr=0.09731  (206.0ms/step avg)
  step 69700/450360  loss=3.1451  lr=0.0973  (206.0ms/step avg)
  step 69800/450360  loss=2.8559  lr=0.09729  (206.0ms/step avg)
  step 69900/450360  loss=2.9006  lr=0.09728  (206.0ms/step avg)
  step 70000/450360  loss=2.9495  lr=0.09727  (206.0ms/step avg)
  Running validation ...
[Epoch 14] lr=0.097259 loss(train_avg)=3.0662 val_top1=25065/50000 (0.5013) val_top5=0.7623 val_loss=2.2752  [1015.5s train, 17.6s val]
saved 54 param-groups to /home/skoonce/r50_2018_jax_2610/resnet50_imagenet_2018_e14.bin (102228128 bytes)
  saved full train state -> /home/skoonce/r50_2018_jax_2610/resnet50_imagenet_2018_e14.state.npz (428 arrays, step=70056)
  step 70100/450360  loss=3.1612  lr=0.09725  (207.0ms/step avg)
  step 70200/450360  loss=3.2419  lr=0.09724  (207.0ms/step avg)
  step 70300/450360  loss=2.8652  lr=0.09723  (207.0ms/step avg)
  step 70400/450360  loss=3.1927  lr=0.09722  (207.0ms/step avg)
  step 70500/450360  loss=3.1051  lr=0.09721  (206.0ms/step avg)
  step 70600/450360  loss=3.0775  lr=0.09719  (206.0ms/step avg)
  step 70700/450360  loss=2.8393  lr=0.09718  (206.0ms/step avg)
  step 70800/450360  loss=2.9034  lr=0.09717  (206.0ms/step avg)
  step 70900/450360  loss=3.2369  lr=0.09716  (206.0ms/step avg)
  step 71000/450360  loss=3.0227  lr=0.09714  (206.0ms/step avg)
  step 71100/450360  loss=3.0772  lr=0.09713  (206.0ms/step avg)
  step 71200/450360  loss=2.9956  lr=0.09712  (206.0ms/step avg)
  step 71300/450360  loss=3.1581  lr=0.09711  (206.0ms/step avg)
  step 71400/450360  loss=3.0791  lr=0.09709  (206.0ms/step avg)
  step 71500/450360  loss=3.0828  lr=0.09708  (206.0ms/step avg)
  step 71600/450360  loss=3.1061  lr=0.09707  (206.0ms/step avg)
  step 71700/450360  loss=3.0752  lr=0.09706  (206.0ms/step avg)
  step 71800/450360  loss=2.8719  lr=0.09705  (206.0ms/step avg)
  step 71900/450360  loss=2.9534  lr=0.09703  (206.0ms/step avg)
  step 72000/450360  loss=3.1834  lr=0.09702  (206.0ms/step avg)
  step 72100/450360  loss=3.0522  lr=0.09701  (206.0ms/step avg)
  step 72200/450360  loss=2.9253  lr=0.09699  (206.0ms/step avg)
  step 72300/450360  loss=2.7766  lr=0.09698  (206.0ms/step avg)
  step 72400/450360  loss=3.2297  lr=0.09697  (206.0ms/step avg)
  step 72500/450360  loss=3.0224  lr=0.09696  (206.0ms/step avg)
  step 72600/450360  loss=2.904  lr=0.09694  (206.0ms/step avg)
  step 72700/450360  loss=2.9586  lr=0.09693  (206.0ms/step avg)
  step 72800/450360  loss=3.2853  lr=0.09692  (206.0ms/step avg)
  step 72900/450360  loss=2.9274  lr=0.09691  (206.0ms/step avg)
  step 73000/450360  loss=3.1228  lr=0.09689  (206.0ms/step avg)
  step 73100/450360  loss=3.1894  lr=0.09688  (206.0ms/step avg)
  step 73200/450360  loss=2.8785  lr=0.09687  (206.0ms/step avg)
  step 73300/450360  loss=3.0883  lr=0.09685  (206.0ms/step avg)
  step 73400/450360  loss=2.9622  lr=0.09684  (206.0ms/step avg)
  step 73500/450360  loss=3.4629  lr=0.09683  (206.0ms/step avg)
  step 73600/450360  loss=3.1271  lr=0.09682  (206.0ms/step avg)
  step 73700/450360  loss=2.937  lr=0.0968  (206.0ms/step avg)
  step 73800/450360  loss=2.9965  lr=0.09679  (206.0ms/step avg)
  step 73900/450360  loss=3.0147  lr=0.09678  (206.0ms/step avg)
  step 74000/450360  loss=2.9348  lr=0.09676  (206.0ms/step avg)
  step 74100/450360  loss=3.0768  lr=0.09675  (206.0ms/step avg)
  step 74200/450360  loss=2.9647  lr=0.09674  (206.0ms/step avg)
  step 74300/450360  loss=3.3425  lr=0.09672  (206.0ms/step avg)
  step 74400/450360  loss=3.1109  lr=0.09671  (206.0ms/step avg)
  step 74500/450360  loss=3.0566  lr=0.0967  (206.0ms/step avg)
  step 74600/450360  loss=3.0153  lr=0.09668  (206.0ms/step avg)
  step 74700/450360  loss=3.0846  lr=0.09667  (206.0ms/step avg)
  step 74800/450360  loss=2.8998  lr=0.09666  (206.0ms/step avg)
  step 74900/450360  loss=2.8736  lr=0.09665  (206.0ms/step avg)
  step 75000/450360  loss=2.973  lr=0.09663  (206.0ms/step avg)
  Running validation ...
[Epoch 15] lr=0.096624 loss(train_avg)=3.0491 val_top1=25418/50000 (0.5084) val_top5=0.7641 val_loss=2.2138  [1015.9s train, 17.8s val]
saved 54 param-groups to /home/skoonce/r50_2018_jax_2610/resnet50_imagenet_2018_e15.bin (102228128 bytes)
  saved full train state -> /home/skoonce/r50_2018_jax_2610/resnet50_imagenet_2018_e15.state.npz (428 arrays, step=75060)
  step 75100/450360  loss=3.0834  lr=0.09662  (207.0ms/step avg)
  step 75200/450360  loss=2.9031  lr=0.09661  (207.0ms/step avg)
  step 75300/450360  loss=3.0092  lr=0.09659  (207.0ms/step avg)
  step 75400/450360  loss=2.9975  lr=0.09658  (207.0ms/step avg)
  step 75500/450360  loss=3.1251  lr=0.09656  (207.0ms/step avg)
  step 75600/450360  loss=3.1807  lr=0.09655  (207.0ms/step avg)
  step 75700/450360  loss=3.0338  lr=0.09654  (206.0ms/step avg)
  step 75800/450360  loss=3.1446  lr=0.09652  (206.0ms/step avg)
  step 75900/450360  loss=2.9958  lr=0.09651  (206.0ms/step avg)
  step 76000/450360  loss=3.3878  lr=0.0965  (206.0ms/step avg)
  step 76100/450360  loss=3.0402  lr=0.09648  (206.0ms/step avg)
  step 76200/450360  loss=3.1362  lr=0.09647  (206.0ms/step avg)
  step 76300/450360  loss=2.9608  lr=0.09646  (206.0ms/step avg)
  step 76400/450360  loss=3.1386  lr=0.09644  (206.0ms/step avg)
  step 76500/450360  loss=3.0505  lr=0.09643  (206.0ms/step avg)
  step 76600/450360  loss=3.0078  lr=0.09642  (206.0ms/step avg)
  step 76700/450360  loss=3.052  lr=0.0964  (206.0ms/step avg)
  step 76800/450360  loss=3.0758  lr=0.09639  (206.0ms/step avg)
  step 76900/450360  loss=2.9238  lr=0.09637  (206.0ms/step avg)
  step 77000/450360  loss=2.9628  lr=0.09636  (206.0ms/step avg)
  step 77100/450360  loss=2.8535  lr=0.09635  (206.0ms/step avg)
  step 77200/450360  loss=2.8329  lr=0.09633  (206.0ms/step avg)
  step 77300/450360  loss=3.2544  lr=0.09632  (206.0ms/step avg)
  step 77400/450360  loss=3.0187  lr=0.0963  (206.0ms/step avg)
  step 77500/450360  loss=3.1947  lr=0.09629  (206.0ms/step avg)
  step 77600/450360  loss=3.0595  lr=0.09628  (206.0ms/step avg)
  step 77700/450360  loss=3.0947  lr=0.09626  (206.0ms/step avg)
  step 77800/450360  loss=3.1629  lr=0.09625  (206.0ms/step avg)
  step 77900/450360  loss=2.941  lr=0.09623  (206.0ms/step avg)
  step 78000/450360  loss=3.0294  lr=0.09622  (206.0ms/step avg)
  step 78100/450360  loss=3.0334  lr=0.09621  (206.0ms/step avg)
  step 78200/450360  loss=2.9719  lr=0.09619  (206.0ms/step avg)
  step 78300/450360  loss=2.8144  lr=0.09618  (206.0ms/step avg)
  step 78400/450360  loss=3.0872  lr=0.09616  (206.0ms/step avg)
  step 78500/450360  loss=3.0319  lr=0.09615  (206.0ms/step avg)
  step 78600/450360  loss=2.8049  lr=0.09614  (206.0ms/step avg)
  step 78700/450360  loss=3.0124  lr=0.09612  (206.0ms/step avg)
  step 78800/450360  loss=3.0215  lr=0.09611  (206.0ms/step avg)
  step 78900/450360  loss=2.9404  lr=0.09609  (206.0ms/step avg)
  step 79000/450360  loss=2.9131  lr=0.09608  (206.0ms/step avg)
  step 79100/450360  loss=2.8941  lr=0.09606  (206.0ms/step avg)
  step 79200/450360  loss=3.0596  lr=0.09605  (206.0ms/step avg)
  step 79300/450360  loss=3.0439  lr=0.09604  (206.0ms/step avg)
  step 79400/450360  loss=3.0845  lr=0.09602  (206.0ms/step avg)
  step 79500/450360  loss=2.911  lr=0.09601  (206.0ms/step avg)
  step 79600/450360  loss=3.1443  lr=0.09599  (206.0ms/step avg)
  step 79700/450360  loss=2.9622  lr=0.09598  (206.0ms/step avg)
  step 79800/450360  loss=2.8646  lr=0.09596  (206.0ms/step avg)
  step 79900/450360  loss=3.1183  lr=0.09595  (206.0ms/step avg)
  step 80000/450360  loss=2.9985  lr=0.09593  (206.0ms/step avg)
  Running validation ...
[Epoch 16] lr=0.095924 loss(train_avg)=3.0286 val_top1=26055/50000 (0.5211) val_top5=0.7784 val_loss=2.165  [1015.4s train, 17.8s val]
saved 54 param-groups to /home/skoonce/r50_2018_jax_2610/resnet50_imagenet_2018_e16.bin (102228128 bytes)
  saved full train state -> /home/skoonce/r50_2018_jax_2610/resnet50_imagenet_2018_e16.state.npz (428 arrays, step=80064)
  step 80100/450360  loss=3.1359  lr=0.09592  (207.0ms/step avg)
  step 80200/450360  loss=2.9294  lr=0.0959  (207.0ms/step avg)
  step 80300/450360  loss=2.931  lr=0.09589  (207.0ms/step avg)
  step 80400/450360  loss=3.0917  lr=0.09588  (207.0ms/step avg)
  step 80500/450360  loss=2.7437  lr=0.09586  (207.0ms/step avg)
  step 80600/450360  loss=3.0462  lr=0.09585  (207.0ms/step avg)
  step 80700/450360  loss=3.0893  lr=0.09583  (206.0ms/step avg)
  step 80800/450360  loss=3.0241  lr=0.09582  (206.0ms/step avg)
  step 80900/450360  loss=2.8893  lr=0.0958  (206.0ms/step avg)
  step 81000/450360  loss=3.2531  lr=0.09579  (206.0ms/step avg)
  step 81100/450360  loss=2.8301  lr=0.09577  (206.0ms/step avg)
  step 81200/450360  loss=2.9656  lr=0.09576  (206.0ms/step avg)
  step 81300/450360  loss=2.8838  lr=0.09574  (206.0ms/step avg)
  step 81400/450360  loss=3.0393  lr=0.09573  (206.0ms/step avg)
  step 81500/450360  loss=3.0847  lr=0.09571  (206.0ms/step avg)
  step 81600/450360  loss=3.2783  lr=0.0957  (206.0ms/step avg)
  step 81700/450360  loss=3.1264  lr=0.09568  (206.0ms/step avg)
  step 81800/450360  loss=2.9181  lr=0.09567  (206.0ms/step avg)
  step 81900/450360  loss=3.0762  lr=0.09565  (206.0ms/step avg)
  step 82000/450360  loss=2.825  lr=0.09564  (206.0ms/step avg)
  step 82100/450360  loss=3.0191  lr=0.09562  (206.0ms/step avg)
  step 82200/450360  loss=3.0109  lr=0.09561  (206.0ms/step avg)
  step 82300/450360  loss=2.8876  lr=0.09559  (206.0ms/step avg)
  step 82400/450360  loss=2.9995  lr=0.09558  (206.0ms/step avg)
  step 82500/450360  loss=3.0799  lr=0.09556  (206.0ms/step avg)
  step 82600/450360  loss=3.0262  lr=0.09555  (206.0ms/step avg)
  step 82700/450360  loss=2.9514  lr=0.09553  (206.0ms/step avg)
  step 82800/450360  loss=3.0817  lr=0.09552  (206.0ms/step avg)
  step 82900/450360  loss=2.9586  lr=0.0955  (206.0ms/step avg)
  step 83000/450360  loss=3.0202  lr=0.09548  (206.0ms/step avg)
  step 83100/450360  loss=3.1575  lr=0.09547  (206.0ms/step avg)
  step 83200/450360  loss=2.9517  lr=0.09545  (206.0ms/step avg)
  step 83300/450360  loss=2.9621  lr=0.09544  (206.0ms/step avg)
  step 83400/450360  loss=2.9921  lr=0.09542  (206.0ms/step avg)
  step 83500/450360  loss=3.1553  lr=0.09541  (206.0ms/step avg)
  step 83600/450360  loss=3.0613  lr=0.09539  (206.0ms/step avg)
  step 83700/450360  loss=3.0135  lr=0.09538  (206.0ms/step avg)
  step 83800/450360  loss=3.0571  lr=0.09536  (206.0ms/step avg)
  step 83900/450360  loss=2.9261  lr=0.09535  (206.0ms/step avg)
  step 84000/450360  loss=2.9085  lr=0.09533  (206.0ms/step avg)
  step 84100/450360  loss=3.0617  lr=0.09531  (206.0ms/step avg)
  step 84200/450360  loss=3.0583  lr=0.0953  (206.0ms/step avg)
  step 84300/450360  loss=3.0047  lr=0.09528  (206.0ms/step avg)
  step 84400/450360  loss=2.8832  lr=0.09527  (206.0ms/step avg)
  step 84500/450360  loss=2.8297  lr=0.09525  (206.0ms/step avg)
  step 84600/450360  loss=2.8854  lr=0.09524  (206.0ms/step avg)
  step 84700/450360  loss=2.9178  lr=0.09522  (206.0ms/step avg)
  step 84800/450360  loss=3.2836  lr=0.0952  (206.0ms/step avg)
  step 84900/450360  loss=2.6703  lr=0.09519  (206.0ms/step avg)
  step 85000/450360  loss=3.0558  lr=0.09517  (206.0ms/step avg)
  Running validation ...
[Epoch 17] lr=0.095163 loss(train_avg)=3.0151 val_top1=26792/50000 (0.5358) val_top5=0.7856 val_loss=2.0952  [1015.5s train, 17.7s val]
saved 54 param-groups to /home/skoonce/r50_2018_jax_2610/resnet50_imagenet_2018_e17.bin (102228128 bytes)
  saved full train state -> /home/skoonce/r50_2018_jax_2610/resnet50_imagenet_2018_e17.state.npz (428 arrays, step=85068)
  step 85100/450360  loss=2.9933  lr=0.09516  (207.0ms/step avg)
  step 85200/450360  loss=2.999  lr=0.09514  (207.0ms/step avg)
  step 85300/450360  loss=3.186  lr=0.09513  (207.0ms/step avg)
  step 85400/450360  loss=3.1386  lr=0.09511  (207.0ms/step avg)
  step 85500/450360  loss=3.0817  lr=0.09509  (207.0ms/step avg)
  step 85600/450360  loss=2.8899  lr=0.09508  (207.0ms/step avg)
  step 85700/450360  loss=2.8788  lr=0.09506  (207.0ms/step avg)
  step 85800/450360  loss=3.0715  lr=0.09505  (206.0ms/step avg)
  step 85900/450360  loss=2.9927  lr=0.09503  (206.0ms/step avg)
  step 86000/450360  loss=3.0441  lr=0.09501  (206.0ms/step avg)
  step 86100/450360  loss=2.9227  lr=0.095  (206.0ms/step avg)
  step 86200/450360  loss=3.0748  lr=0.09498  (206.0ms/step avg)
  step 86300/450360  loss=2.9868  lr=0.09497  (206.0ms/step avg)
  step 86400/450360  loss=2.9977  lr=0.09495  (206.0ms/step avg)
  step 86500/450360  loss=3.1016  lr=0.09493  (206.0ms/step avg)
  step 86600/450360  loss=3.0928  lr=0.09492  (206.0ms/step avg)
  step 86700/450360  loss=2.8835  lr=0.0949  (206.0ms/step avg)
  step 86800/450360  loss=3.1262  lr=0.09488  (206.0ms/step avg)
  step 86900/450360  loss=3.1037  lr=0.09487  (206.0ms/step avg)
  step 87000/450360  loss=3.0197  lr=0.09485  (206.0ms/step avg)
  step 87100/450360  loss=3.0318  lr=0.09484  (206.0ms/step avg)
  step 87200/450360  loss=3.1723  lr=0.09482  (206.0ms/step avg)
  step 87300/450360  loss=3.1355  lr=0.0948  (206.0ms/step avg)
  step 87400/450360  loss=3.0035  lr=0.09479  (206.0ms/step avg)
  step 87500/450360  loss=2.8694  lr=0.09477  (206.0ms/step avg)
  step 87600/450360  loss=3.1292  lr=0.09475  (206.0ms/step avg)
  step 87700/450360  loss=2.8944  lr=0.09474  (206.0ms/step avg)
  step 87800/450360  loss=3.0595  lr=0.09472  (206.0ms/step avg)
  step 87900/450360  loss=2.7889  lr=0.0947  (206.0ms/step avg)
  step 88000/450360  loss=2.9544  lr=0.09469  (206.0ms/step avg)
  step 88100/450360  loss=2.8065  lr=0.09467  (206.0ms/step avg)
  step 88200/450360  loss=3.0156  lr=0.09465  (206.0ms/step avg)
  step 88300/450360  loss=3.1762  lr=0.09464  (206.0ms/step avg)
  step 88400/450360  loss=2.9749  lr=0.09462  (206.0ms/step avg)
  step 88500/450360  loss=2.9628  lr=0.0946  (206.0ms/step avg)
  step 88600/450360  loss=3.0157  lr=0.09459  (206.0ms/step avg)
  step 88700/450360  loss=2.9091  lr=0.09457  (206.0ms/step avg)
  step 88800/450360  loss=2.8815  lr=0.09455  (206.0ms/step avg)
  step 88900/450360  loss=3.0582  lr=0.09454  (206.0ms/step avg)
  step 89000/450360  loss=2.9789  lr=0.09452  (206.0ms/step avg)
  step 89100/450360  loss=2.9589  lr=0.0945  (206.0ms/step avg)
  step 89200/450360  loss=3.0331  lr=0.09449  (206.0ms/step avg)
  step 89300/450360  loss=2.9835  lr=0.09447  (206.0ms/step avg)
  step 89400/450360  loss=2.9419  lr=0.09445  (206.0ms/step avg)
  step 89500/450360  loss=3.0307  lr=0.09444  (206.0ms/step avg)
  step 89600/450360  loss=3.0524  lr=0.09442  (206.0ms/step avg)
  step 89700/450360  loss=3.0439  lr=0.0944  (206.0ms/step avg)
  step 89800/450360  loss=3.0274  lr=0.09439  (206.0ms/step avg)
  step 89900/450360  loss=2.9741  lr=0.09437  (206.0ms/step avg)
  step 90000/450360  loss=2.969  lr=0.09435  (206.0ms/step avg)
  Running validation ...
[Epoch 18] lr=0.094339 loss(train_avg)=2.9994 val_top1=26221/50000 (0.5244) val_top5=0.7812 val_loss=2.1073  [1015.4s train, 17.7s val]
saved 54 param-groups to /home/skoonce/r50_2018_jax_2610/resnet50_imagenet_2018_e18.bin (102228128 bytes)
  saved full train state -> /home/skoonce/r50_2018_jax_2610/resnet50_imagenet_2018_e18.state.npz (428 arrays, step=90072)
  step 90100/450360  loss=2.9201  lr=0.09433  (207.0ms/step avg)
  step 90200/450360  loss=3.1548  lr=0.09432  (207.0ms/step avg)
  step 90300/450360  loss=3.0264  lr=0.0943  (207.0ms/step avg)
  step 90400/450360  loss=3.0198  lr=0.09428  (207.0ms/step avg)
  step 90500/450360  loss=3.0972  lr=0.09427  (207.0ms/step avg)
  step 90600/450360  loss=3.0711  lr=0.09425  (207.0ms/step avg)
  step 90700/450360  loss=2.914  lr=0.09423  (207.0ms/step avg)
  step 90800/450360  loss=2.9068  lr=0.09421  (206.0ms/step avg)
  step 90900/450360  loss=3.0975  lr=0.0942  (206.0ms/step avg)
  step 91000/450360  loss=3.1334  lr=0.09418  (206.0ms/step avg)
  step 91100/450360  loss=2.9479  lr=0.09416  (206.0ms/step avg)
  step 91200/450360  loss=3.0534  lr=0.09414  (206.0ms/step avg)
  step 91300/450360  loss=3.0838  lr=0.09413  (206.0ms/step avg)
  step 91400/450360  loss=2.9929  lr=0.09411  (206.0ms/step avg)
  step 91500/450360  loss=2.9821  lr=0.09409  (206.0ms/step avg)
  step 91600/450360  loss=3.0111  lr=0.09408  (206.0ms/step avg)
  step 91700/450360  loss=2.9716  lr=0.09406  (206.0ms/step avg)
  step 91800/450360  loss=2.9561  lr=0.09404  (206.0ms/step avg)
  step 91900/450360  loss=3.1723  lr=0.09402  (206.0ms/step avg)
  step 92000/450360  loss=3.0548  lr=0.09401  (206.0ms/step avg)
  step 92100/450360  loss=3.2021  lr=0.09399  (206.0ms/step avg)
  step 92200/450360  loss=2.9335  lr=0.09397  (206.0ms/step avg)
  step 92300/450360  loss=3.1885  lr=0.09395  (206.0ms/step avg)
  step 92400/450360  loss=2.7832  lr=0.09393  (206.0ms/step avg)
  step 92500/450360  loss=2.8324  lr=0.09392  (206.0ms/step avg)
  step 92600/450360  loss=2.8619  lr=0.0939  (206.0ms/step avg)
  step 92700/450360  loss=2.9409  lr=0.09388  (206.0ms/step avg)
  step 92800/450360  loss=2.9729  lr=0.09386  (206.0ms/step avg)
  step 92900/450360  loss=2.8792  lr=0.09385  (206.0ms/step avg)
  step 93000/450360  loss=3.1948  lr=0.09383  (206.0ms/step avg)
  step 93100/450360  loss=2.8891  lr=0.09381  (206.0ms/step avg)
  step 93200/450360  loss=2.8882  lr=0.09379  (206.0ms/step avg)
  step 93300/450360  loss=2.828  lr=0.09378  (206.0ms/step avg)
  step 93400/450360  loss=3.07  lr=0.09376  (206.0ms/step avg)
  step 93500/450360  loss=3.0792  lr=0.09374  (206.0ms/step avg)
  step 93600/450360  loss=3.0473  lr=0.09372  (206.0ms/step avg)
  step 93700/450360  loss=2.9438  lr=0.0937  (206.0ms/step avg)
  step 93800/450360  loss=3.1122  lr=0.09369  (206.0ms/step avg)
  step 93900/450360  loss=3.0325  lr=0.09367  (206.0ms/step avg)
  step 94000/450360  loss=3.0907  lr=0.09365  (206.0ms/step avg)
  step 94100/450360  loss=2.858  lr=0.09363  (206.0ms/step avg)
  step 94200/450360  loss=2.8505  lr=0.09361  (206.0ms/step avg)
  step 94300/450360  loss=3.1054  lr=0.0936  (206.0ms/step avg)
  step 94400/450360  loss=3.016  lr=0.09358  (206.0ms/step avg)
  step 94500/450360  loss=2.8293  lr=0.09356  (206.0ms/step avg)
  step 94600/450360  loss=3.011  lr=0.09354  (206.0ms/step avg)
  step 94700/450360  loss=3.0523  lr=0.09352  (206.0ms/step avg)
  step 94800/450360  loss=2.9567  lr=0.0935  (206.0ms/step avg)
  step 94900/450360  loss=2.9479  lr=0.09349  (206.0ms/step avg)
  step 95000/450360  loss=2.9806  lr=0.09347  (206.0ms/step avg)
  Running validation ...
[Epoch 19] lr=0.093455 loss(train_avg)=2.9867 val_top1=25615/50000 (0.5123) val_top5=0.7713 val_loss=2.2003  [1014.5s train, 17.6s val]
saved 54 param-groups to /home/skoonce/r50_2018_jax_2610/resnet50_imagenet_2018_e19.bin (102228128 bytes)
  saved full train state -> /home/skoonce/r50_2018_jax_2610/resnet50_imagenet_2018_e19.state.npz (428 arrays, step=95076)
  step 95100/450360  loss=2.9654  lr=0.09345  (207.0ms/step avg)
  step 95200/450360  loss=3.0659  lr=0.09343  (207.0ms/step avg)
  step 95300/450360  loss=3.0089  lr=0.09341  (207.0ms/step avg)
  step 95400/450360  loss=2.8224  lr=0.0934  (207.0ms/step avg)
  step 95500/450360  loss=2.9684  lr=0.09338  (207.0ms/step avg)
  step 95600/450360  loss=3.1074  lr=0.09336  (206.0ms/step avg)
  step 95700/450360  loss=3.0533  lr=0.09334  (206.0ms/step avg)
  step 95800/450360  loss=2.7954  lr=0.09332  (206.0ms/step avg)
  step 95900/450360  loss=2.7967  lr=0.0933  (206.0ms/step avg)
  step 96000/450360  loss=2.8562  lr=0.09328  (206.0ms/step avg)
  step 96100/450360  loss=3.2077  lr=0.09327  (206.0ms/step avg)
  step 96200/450360  loss=3.013  lr=0.09325  (206.0ms/step avg)
  step 96300/450360  loss=2.9046  lr=0.09323  (206.0ms/step avg)
  step 96400/450360  loss=2.9687  lr=0.09321  (206.0ms/step avg)
  step 96500/450360  loss=2.9372  lr=0.09319  (206.0ms/step avg)
  step 96600/450360  loss=3.0994  lr=0.09317  (206.0ms/step avg)
  step 96700/450360  loss=2.8779  lr=0.09315  (206.0ms/step avg)
  step 96800/450360  loss=2.982  lr=0.09314  (206.0ms/step avg)
  step 96900/450360  loss=3.0664  lr=0.09312  (206.0ms/step avg)
  step 97000/450360  loss=2.8757  lr=0.0931  (206.0ms/step avg)
  step 97100/450360  loss=3.1301  lr=0.09308  (206.0ms/step avg)
  step 97200/450360  loss=3.0403  lr=0.09306  (206.0ms/step avg)
  step 97300/450360  loss=2.9517  lr=0.09304  (206.0ms/step avg)
  step 97400/450360  loss=3.0695  lr=0.09302  (206.0ms/step avg)
  step 97500/450360  loss=3.0653  lr=0.093  (206.0ms/step avg)
  step 97600/450360  loss=3.0443  lr=0.09299  (206.0ms/step avg)
  step 97700/450360  loss=3.0238  lr=0.09297  (206.0ms/step avg)
  step 97800/450360  loss=2.7422  lr=0.09295  (206.0ms/step avg)
  step 97900/450360  loss=2.8932  lr=0.09293  (206.0ms/step avg)
  step 98000/450360  loss=2.8199  lr=0.09291  (206.0ms/step avg)
  step 98100/450360  loss=2.813  lr=0.09289  (206.0ms/step avg)
  step 98200/450360  loss=2.9313  lr=0.09287  (206.0ms/step avg)
  step 98300/450360  loss=2.9709  lr=0.09285  (206.0ms/step avg)
  step 98400/450360  loss=2.7947  lr=0.09283  (206.0ms/step avg)
  step 98500/450360  loss=3.1501  lr=0.09282  (206.0ms/step avg)
  step 98600/450360  loss=3.0094  lr=0.0928  (206.0ms/step avg)
  step 98700/450360  loss=3.0516  lr=0.09278  (206.0ms/step avg)
  step 98800/450360  loss=3.0132  lr=0.09276  (206.0ms/step avg)
  step 98900/450360  loss=3.1547  lr=0.09274  (206.0ms/step avg)
  step 99000/450360  loss=3.0042  lr=0.09272  (206.0ms/step avg)
  step 99100/450360  loss=3.2525  lr=0.0927  (206.0ms/step avg)
  step 99200/450360  loss=2.9562  lr=0.09268  (206.0ms/step avg)
  step 99300/450360  loss=3.1252  lr=0.09266  (206.0ms/step avg)
  step 99400/450360  loss=2.9615  lr=0.09264  (206.0ms/step avg)
  step 99500/450360  loss=2.7765  lr=0.09262  (206.0ms/step avg)
  step 99600/450360  loss=2.9108  lr=0.0926  (206.0ms/step avg)
  step 99700/450360  loss=3.0835  lr=0.09258  (206.0ms/step avg)
  step 99800/450360  loss=2.8238  lr=0.09257  (206.0ms/step avg)
  step 99900/450360  loss=2.9941  lr=0.09255  (206.0ms/step avg)
  step 100000/450360  loss=3.0256  lr=0.09253  (206.0ms/step avg)
  Running validation ...
[Epoch 20] lr=0.092511 loss(train_avg)=2.9744 val_top1=27137/50000 (0.5427) val_top5=0.7936 val_loss=2.0151  [1014.8s train, 17.7s val]
saved 54 param-groups to /home/skoonce/r50_2018_jax_2610/resnet50_imagenet_2018_e20.bin (102228128 bytes)
  saved full train state -> /home/skoonce/r50_2018_jax_2610/resnet50_imagenet_2018_e20.state.npz (428 arrays, step=100080)
  step 100100/450360  loss=2.8924  lr=0.09251  (207.0ms/step avg)
  step 100200/450360  loss=3.1101  lr=0.09249  (207.0ms/step avg)
  step 100300/450360  loss=2.9802  lr=0.09247  (207.0ms/step avg)
  step 100400/450360  loss=2.8081  lr=0.09245  (206.0ms/step avg)
  step 100500/450360  loss=2.9995  lr=0.09243  (206.0ms/step avg)
  step 100600/450360  loss=2.988  lr=0.09241  (206.0ms/step avg)
  step 100700/450360  loss=2.9285  lr=0.09239  (206.0ms/step avg)
  step 100800/450360  loss=2.9746  lr=0.09237  (206.0ms/step avg)
  step 100900/450360  loss=2.9306  lr=0.09235  (206.0ms/step avg)
  step 101000/450360  loss=2.9569  lr=0.09233  (206.0ms/step avg)
  step 101100/450360  loss=2.9698  lr=0.09231  (206.0ms/step avg)
  step 101200/450360  loss=3.0369  lr=0.09229  (206.0ms/step avg)
  step 101300/450360  loss=2.8411  lr=0.09227  (206.0ms/step avg)
  step 101400/450360  loss=2.9359  lr=0.09225  (206.0ms/step avg)
  step 101500/450360  loss=2.9241  lr=0.09223  (206.0ms/step avg)
  step 101600/450360  loss=3.0263  lr=0.09221  (206.0ms/step avg)
  step 101700/450360  loss=2.9838  lr=0.09219  (206.0ms/step avg)
  step 101800/450360  loss=2.9573  lr=0.09217  (206.0ms/step avg)
  step 101900/450360  loss=3.0845  lr=0.09215  (206.0ms/step avg)
  step 102000/450360  loss=2.9315  lr=0.09213  (206.0ms/step avg)
  step 102100/450360  loss=3.1137  lr=0.09211  (206.0ms/step avg)
  step 102200/450360  loss=2.9164  lr=0.09209  (206.0ms/step avg)
  step 102300/450360  loss=3.0837  lr=0.09207  (206.0ms/step avg)
  step 102400/450360  loss=2.8311  lr=0.09205  (206.0ms/step avg)
  step 102500/450360  loss=2.9619  lr=0.09203  (206.0ms/step avg)
  step 102600/450360  loss=2.8048  lr=0.09201  (206.0ms/step avg)
  step 102700/450360  loss=3.1831  lr=0.09199  (206.0ms/step avg)
  step 102800/450360  loss=2.7666  lr=0.09197  (206.0ms/step avg)
  step 102900/450360  loss=2.9642  lr=0.09195  (206.0ms/step avg)
  step 103000/450360  loss=3.0525  lr=0.09193  (206.0ms/step avg)
  step 103100/450360  loss=3.0556  lr=0.09191  (206.0ms/step avg)
  step 103200/450360  loss=3.0089  lr=0.09189  (206.0ms/step avg)
  step 103300/450360  loss=2.7909  lr=0.09187  (206.0ms/step avg)
  step 103400/450360  loss=3.0057  lr=0.09185  (206.0ms/step avg)
  step 103500/450360  loss=2.9897  lr=0.09183  (206.0ms/step avg)
  step 103600/450360  loss=3.0441  lr=0.09181  (206.0ms/step avg)
  step 103700/450360  loss=3.0233  lr=0.09179  (206.0ms/step avg)
  step 103800/450360  loss=3.0344  lr=0.09177  (206.0ms/step avg)
  step 103900/450360  loss=3.0627  lr=0.09175  (206.0ms/step avg)
  step 104000/450360  loss=2.9658  lr=0.09173  (206.0ms/step avg)
  step 104100/450360  loss=3.0706  lr=0.09171  (206.0ms/step avg)
  step 104200/450360  loss=3.0491  lr=0.09169  (206.0ms/step avg)
  step 104300/450360  loss=2.9917  lr=0.09167  (206.0ms/step avg)
  step 104400/450360  loss=2.9278  lr=0.09165  (206.0ms/step avg)
  step 104500/450360  loss=2.867  lr=0.09163  (206.0ms/step avg)
  step 104600/450360  loss=3.0399  lr=0.09161  (206.0ms/step avg)
  step 104700/450360  loss=3.1145  lr=0.09159  (206.0ms/step avg)
  step 104800/450360  loss=3.0673  lr=0.09157  (206.0ms/step avg)
  step 104900/450360  loss=2.9532  lr=0.09155  (206.0ms/step avg)
  step 105000/450360  loss=3.0126  lr=0.09153  (206.0ms/step avg)
  Running validation ...
[Epoch 21] lr=0.091509 loss(train_avg)=2.961 val_top1=26609/50000 (0.5322) val_top5=0.7869 val_loss=2.0777  [1014.9s train, 17.7s val]
saved 54 param-groups to /home/skoonce/r50_2018_jax_2610/resnet50_imagenet_2018_e21.bin (102228128 bytes)
  saved full train state -> /home/skoonce/r50_2018_jax_2610/resnet50_imagenet_2018_e21.state.npz (428 arrays, step=105084)
  step 105100/450360  loss=2.9101  lr=0.09151  (207.0ms/step avg)
  step 105200/450360  loss=2.8367  lr=0.09149  (207.0ms/step avg)
  step 105300/450360  loss=2.9228  lr=0.09146  (206.0ms/step avg)
  step 105400/450360  loss=2.8922  lr=0.09144  (206.0ms/step avg)
  step 105500/450360  loss=2.926  lr=0.09142  (206.0ms/step avg)
  step 105600/450360  loss=3.1867  lr=0.0914  (206.0ms/step avg)
  step 105700/450360  loss=2.8346  lr=0.09138  (206.0ms/step avg)
  step 105800/450360  loss=2.8781  lr=0.09136  (206.0ms/step avg)
  step 105900/450360  loss=3.0683  lr=0.09134  (206.0ms/step avg)
  step 106000/450360  loss=2.8874  lr=0.09132  (206.0ms/step avg)
  step 106100/450360  loss=2.8383  lr=0.0913  (206.0ms/step avg)
  step 106200/450360  loss=2.7643  lr=0.09128  (206.0ms/step avg)
  step 106300/450360  loss=3.05  lr=0.09126  (206.0ms/step avg)
  step 106400/450360  loss=2.9396  lr=0.09124  (206.0ms/step avg)
  step 106500/450360  loss=2.7583  lr=0.09122  (206.0ms/step avg)
  step 106600/450360  loss=2.9417  lr=0.09119  (206.0ms/step avg)
  step 106700/450360  loss=3.1223  lr=0.09117  (206.0ms/step avg)
  step 106800/450360  loss=2.9845  lr=0.09115  (206.0ms/step avg)
  step 106900/450360  loss=2.9426  lr=0.09113  (206.0ms/step avg)
  step 107000/450360  loss=2.931  lr=0.09111  (206.0ms/step avg)
  step 107100/450360  loss=2.9661  lr=0.09109  (206.0ms/step avg)
  step 107200/450360  loss=3.0387  lr=0.09107  (206.0ms/step avg)
  step 107300/450360  loss=3.0013  lr=0.09105  (206.0ms/step avg)
  step 107400/450360  loss=2.9703  lr=0.09103  (206.0ms/step avg)
  step 107500/450360  loss=3.0325  lr=0.09101  (206.0ms/step avg)
  step 107600/450360  loss=2.9152  lr=0.09098  (206.0ms/step avg)
  step 107700/450360  loss=2.9615  lr=0.09096  (206.0ms/step avg)
  step 107800/450360  loss=2.8937  lr=0.09094  (206.0ms/step avg)
  step 107900/450360  loss=3.0343  lr=0.09092  (206.0ms/step avg)
  step 108000/450360  loss=2.8825  lr=0.0909  (206.0ms/step avg)
  step 108100/450360  loss=2.9079  lr=0.09088  (206.0ms/step avg)
  step 108200/450360  loss=2.9522  lr=0.09086  (206.0ms/step avg)
  step 108300/450360  loss=3.0515  lr=0.09084  (206.0ms/step avg)
  step 108400/450360  loss=2.9728  lr=0.09081  (206.0ms/step avg)
  step 108500/450360  loss=2.8888  lr=0.09079  (206.0ms/step avg)
  step 108600/450360  loss=2.9683  lr=0.09077  (206.0ms/step avg)
  step 108700/450360  loss=2.8842  lr=0.09075  (206.0ms/step avg)
  step 108800/450360  loss=2.9552  lr=0.09073  (206.0ms/step avg)
  step 108900/450360  loss=2.6666  lr=0.09071  (206.0ms/step avg)
  step 109000/450360  loss=3.0096  lr=0.09069  (206.0ms/step avg)
  step 109100/450360  loss=3.0374  lr=0.09066  (206.0ms/step avg)
  step 109200/450360  loss=2.9726  lr=0.09064  (206.0ms/step avg)
  step 109300/450360  loss=3.0601  lr=0.09062  (206.0ms/step avg)
  step 109400/450360  loss=2.9223  lr=0.0906  (206.0ms/step avg)
  step 109500/450360  loss=3.131  lr=0.09058  (206.0ms/step avg)
  step 109600/450360  loss=2.8916  lr=0.09056  (206.0ms/step avg)
  step 109700/450360  loss=3.0671  lr=0.09054  (206.0ms/step avg)
  step 109800/450360  loss=2.9185  lr=0.09051  (206.0ms/step avg)
  step 109900/450360  loss=3.2137  lr=0.09049  (206.0ms/step avg)
  step 110000/450360  loss=3.0084  lr=0.09047  (206.0ms/step avg)
  Running validation ...
[Epoch 22] lr=0.090451 loss(train_avg)=2.9502 val_top1=25333/50000 (0.5067) val_top5=0.7635 val_loss=2.222  [1014.9s train, 17.8s val]
saved 54 param-groups to /home/skoonce/r50_2018_jax_2610/resnet50_imagenet_2018_e22.bin (102228128 bytes)
  saved full train state -> /home/skoonce/r50_2018_jax_2610/resnet50_imagenet_2018_e22.state.npz (428 arrays, step=110088)
  step 110100/450360  loss=2.8358  lr=0.09045  (207.0ms/step avg)
  step 110200/450360  loss=3.0036  lr=0.09043  (206.0ms/step avg)
  step 110300/450360  loss=3.0034  lr=0.09041  (206.0ms/step avg)
  step 110400/450360  loss=2.8293  lr=0.09038  (206.0ms/step avg)
  step 110500/450360  loss=2.9704  lr=0.09036  (206.0ms/step avg)
  step 110600/450360  loss=2.9814  lr=0.09034  (206.0ms/step avg)
  step 110700/450360  loss=2.736  lr=0.09032  (206.0ms/step avg)
  step 110800/450360  loss=3.0224  lr=0.0903  (206.0ms/step avg)
  step 110900/450360  loss=2.9119  lr=0.09027  (206.0ms/step avg)
  step 111000/450360  loss=2.8852  lr=0.09025  (206.0ms/step avg)
  step 111100/450360  loss=2.9332  lr=0.09023  (206.0ms/step avg)
  step 111200/450360  loss=3.0705  lr=0.09021  (206.0ms/step avg)
  step 111300/450360  loss=3.1023  lr=0.09019  (206.0ms/step avg)
  step 111400/450360  loss=3.0457  lr=0.09016  (206.0ms/step avg)
  step 111500/450360  loss=2.811  lr=0.09014  (206.0ms/step avg)
  step 111600/450360  loss=2.8796  lr=0.09012  (206.0ms/step avg)
  step 111700/450360  loss=2.7995  lr=0.0901  (206.0ms/step avg)
  step 111800/450360  loss=2.8916  lr=0.09008  (206.0ms/step avg)
  step 111900/450360  loss=3.1922  lr=0.09005  (206.0ms/step avg)
  step 112000/450360  loss=3.0341  lr=0.09003  (206.0ms/step avg)
  step 112100/450360  loss=3.0699  lr=0.09001  (206.0ms/step avg)
  step 112200/450360  loss=2.9626  lr=0.08999  (206.0ms/step avg)
  step 112300/450360  loss=2.9601  lr=0.08997  (206.0ms/step avg)
  step 112400/450360  loss=2.9212  lr=0.08994  (206.0ms/step avg)
  step 112500/450360  loss=2.9455  lr=0.08992  (206.0ms/step avg)
  step 112600/450360  loss=2.963  lr=0.0899  (206.0ms/step avg)
  step 112700/450360  loss=2.9281  lr=0.08988  (206.0ms/step avg)
  step 112800/450360  loss=3.0128  lr=0.08985  (206.0ms/step avg)
  step 112900/450360  loss=3.1152  lr=0.08983  (206.0ms/step avg)
  step 113000/450360  loss=3.0147  lr=0.08981  (206.0ms/step avg)
  step 113100/450360  loss=2.6517  lr=0.08979  (206.0ms/step avg)
  step 113200/450360  loss=2.873  lr=0.08976  (206.0ms/step avg)
  step 113300/450360  loss=2.8968  lr=0.08974  (206.0ms/step avg)
  step 113400/450360  loss=2.7283  lr=0.08972  (206.0ms/step avg)
  step 113500/450360  loss=2.7418  lr=0.0897  (206.0ms/step avg)
  step 113600/450360  loss=2.9363  lr=0.08968  (206.0ms/step avg)
  step 113700/450360  loss=2.9349  lr=0.08965  (206.0ms/step avg)
  step 113800/450360  loss=2.9789  lr=0.08963  (206.0ms/step avg)
  step 113900/450360  loss=2.8784  lr=0.08961  (206.0ms/step avg)
  step 114000/450360  loss=2.9161  lr=0.08959  (206.0ms/step avg)
  step 114100/450360  loss=2.9091  lr=0.08956  (206.0ms/step avg)
  step 114200/450360  loss=3.0855  lr=0.08954  (206.0ms/step avg)
  step 114300/450360  loss=2.8472  lr=0.08952  (206.0ms/step avg)
  step 114400/450360  loss=3.0566  lr=0.08949  (206.0ms/step avg)
  step 114500/450360  loss=2.8504  lr=0.08947  (206.0ms/step avg)
  step 114600/450360  loss=2.8626  lr=0.08945  (206.0ms/step avg)
  step 114700/450360  loss=2.9337  lr=0.08943  (206.0ms/step avg)
  step 114800/450360  loss=2.9203  lr=0.0894  (206.0ms/step avg)
  step 114900/450360  loss=2.921  lr=0.08938  (206.0ms/step avg)
  step 115000/450360  loss=3.055  lr=0.08936  (206.0ms/step avg)
  Running validation ...
[Epoch 23] lr=0.089337 loss(train_avg)=2.9417 val_top1=27276/50000 (0.5455) val_top5=0.796 val_loss=1.9764  [1013.8s train, 17.7s val]
saved 54 param-groups to /home/skoonce/r50_2018_jax_2610/resnet50_imagenet_2018_e23.bin (102228128 bytes)
  saved full train state -> /home/skoonce/r50_2018_jax_2610/resnet50_imagenet_2018_e23.state.npz (428 arrays, step=115092)
  step 115100/450360  loss=2.9576  lr=0.08934  (206.0ms/step avg)
  step 115200/450360  loss=2.842  lr=0.08931  (206.0ms/step avg)
  step 115300/450360  loss=3.0561  lr=0.08929  (206.0ms/step avg)
  step 115400/450360  loss=3.1462  lr=0.08927  (206.0ms/step avg)
  step 115500/450360  loss=2.8837  lr=0.08924  (206.0ms/step avg)
  step 115600/450360  loss=2.962  lr=0.08922  (206.0ms/step avg)
  step 115700/450360  loss=3.0576  lr=0.0892  (206.0ms/step avg)
  step 115800/450360  loss=2.8793  lr=0.08918  (206.0ms/step avg)
  step 115900/450360  loss=2.7733  lr=0.08915  (206.0ms/step avg)
  step 116000/450360  loss=2.8475  lr=0.08913  (206.0ms/step avg)
  step 116100/450360  loss=2.8888  lr=0.08911  (206.0ms/step avg)
  step 116200/450360  loss=2.9389  lr=0.08908  (206.0ms/step avg)
  step 116300/450360  loss=3.0442  lr=0.08906  (206.0ms/step avg)
  step 116400/450360  loss=3.0144  lr=0.08904  (206.0ms/step avg)
  step 116500/450360  loss=2.8958  lr=0.08901  (206.0ms/step avg)
  step 116600/450360  loss=3.0756  lr=0.08899  (206.0ms/step avg)
  step 116700/450360  loss=2.872  lr=0.08897  (206.0ms/step avg)
  step 116800/450360  loss=2.9102  lr=0.08894  (206.0ms/step avg)
  step 116900/450360  loss=2.9731  lr=0.08892  (206.0ms/step avg)
  step 117000/450360  loss=3.0033  lr=0.0889  (206.0ms/step avg)
  step 117100/450360  loss=2.9397  lr=0.08888  (206.0ms/step avg)
  step 117200/450360  loss=2.9852  lr=0.08885  (206.0ms/step avg)
  step 117300/450360  loss=2.9216  lr=0.08883  (206.0ms/step avg)
  step 117400/450360  loss=2.8631  lr=0.08881  (206.0ms/step avg)
  step 117500/450360  loss=2.8074  lr=0.08878  (206.0ms/step avg)
  step 117600/450360  loss=2.9667  lr=0.08876  (206.0ms/step avg)
  step 117700/450360  loss=2.852  lr=0.08874  (206.0ms/step avg)
  step 117800/450360  loss=3.219  lr=0.08871  (206.0ms/step avg)
  step 117900/450360  loss=3.117  lr=0.08869  (206.0ms/step avg)
  step 118000/450360  loss=2.7785  lr=0.08867  (206.0ms/step avg)
  step 118100/450360  loss=3.0862  lr=0.08864  (206.0ms/step avg)
  step 118200/450360  loss=2.9875  lr=0.08862  (206.0ms/step avg)
  step 118300/450360  loss=2.6769  lr=0.0886  (206.0ms/step avg)
  step 118400/450360  loss=2.9538  lr=0.08857  (206.0ms/step avg)
  step 118500/450360  loss=3.3138  lr=0.08855  (206.0ms/step avg)
  step 118600/450360  loss=3.0889  lr=0.08852  (206.0ms/step avg)
  step 118700/450360  loss=2.882  lr=0.0885  (206.0ms/step avg)
  step 118800/450360  loss=2.895  lr=0.08848  (206.0ms/step avg)
  step 118900/450360  loss=3.0081  lr=0.08845  (206.0ms/step avg)
  step 119000/450360  loss=2.8825  lr=0.08843  (206.0ms/step avg)
  step 119100/450360  loss=2.9133  lr=0.08841  (206.0ms/step avg)
  step 119200/450360  loss=2.8054  lr=0.08838  (206.0ms/step avg)
  step 119300/450360  loss=3.0688  lr=0.08836  (206.0ms/step avg)
  step 119400/450360  loss=2.7812  lr=0.08834  (206.0ms/step avg)
  step 119500/450360  loss=3.0104  lr=0.08831  (206.0ms/step avg)
  step 119600/450360  loss=2.8825  lr=0.08829  (206.0ms/step avg)
  step 119700/450360  loss=2.9842  lr=0.08826  (206.0ms/step avg)
  step 119800/450360  loss=2.9551  lr=0.08824  (206.0ms/step avg)
  step 119900/450360  loss=2.8446  lr=0.08822  (206.0ms/step avg)
  step 120000/450360  loss=2.9663  lr=0.08819  (206.0ms/step avg)
  Running validation ...
[Epoch 24] lr=0.08817 loss(train_avg)=2.93 val_top1=25556/50000 (0.5111) val_top5=0.764 val_loss=2.196  [1014.6s train, 17.7s val]
saved 54 param-groups to /home/skoonce/r50_2018_jax_2610/resnet50_imagenet_2018_e24.bin (102228128 bytes)
  saved full train state -> /home/skoonce/r50_2018_jax_2610/resnet50_imagenet_2018_e24.state.npz (428 arrays, step=120096)
  step 120100/450360  loss=3.0211  lr=0.08817  (206.0ms/step avg)
  step 120200/450360  loss=2.7036  lr=0.08815  (206.0ms/step avg)
  step 120300/450360  loss=3.2365  lr=0.08812  (206.0ms/step avg)
  step 120400/450360  loss=3.0231  lr=0.0881  (206.0ms/step avg)
  step 120500/450360  loss=2.8684  lr=0.08807  (206.0ms/step avg)
  step 120600/450360  loss=2.7986  lr=0.08805  (206.0ms/step avg)
  step 120700/450360  loss=3.026  lr=0.08803  (206.0ms/step avg)
  step 120800/450360  loss=3.1571  lr=0.088  (206.0ms/step avg)
  step 120900/450360  loss=3.0213  lr=0.08798  (206.0ms/step avg)
  step 121000/450360  loss=2.9238  lr=0.08795  (206.0ms/step avg)
  step 121100/450360  loss=2.8977  lr=0.08793  (206.0ms/step avg)
  step 121200/450360  loss=2.9991  lr=0.08791  (206.0ms/step avg)
  step 121300/450360  loss=2.9091  lr=0.08788  (206.0ms/step avg)
  step 121400/450360  loss=2.9061  lr=0.08786  (206.0ms/step avg)
  step 121500/450360  loss=2.7946  lr=0.08783  (206.0ms/step avg)
  step 121600/450360  loss=2.9381  lr=0.08781  (206.0ms/step avg)
  step 121700/450360  loss=2.9874  lr=0.08778  (206.0ms/step avg)
  step 121800/450360  loss=2.8233  lr=0.08776  (206.0ms/step avg)
  step 121900/450360  loss=3.004  lr=0.08774  (206.0ms/step avg)
  step 122000/450360  loss=3.0231  lr=0.08771  (206.0ms/step avg)
  step 122100/450360  loss=2.8857  lr=0.08769  (206.0ms/step avg)
  step 122200/450360  loss=2.7491  lr=0.08766  (206.0ms/step avg)
  step 122300/450360  loss=3.023  lr=0.08764  (206.0ms/step avg)
  step 122400/450360  loss=2.8922  lr=0.08762  (206.0ms/step avg)
  step 122500/450360  loss=2.8402  lr=0.08759  (206.0ms/step avg)
  step 122600/450360  loss=3.0573  lr=0.08757  (206.0ms/step avg)
  step 122700/450360  loss=2.9415  lr=0.08754  (206.0ms/step avg)
  step 122800/450360  loss=2.8476  lr=0.08752  (206.0ms/step avg)
  step 122900/450360  loss=2.9152  lr=0.08749  (206.0ms/step avg)
  step 123000/450360  loss=3.0247  lr=0.08747  (206.0ms/step avg)
  step 123100/450360  loss=2.702  lr=0.08744  (206.0ms/step avg)
  step 123200/450360  loss=2.8737  lr=0.08742  (206.0ms/step avg)
  step 123300/450360  loss=2.9965  lr=0.0874  (206.0ms/step avg)
  step 123400/450360  loss=2.8002  lr=0.08737  (206.0ms/step avg)
  step 123500/450360  loss=2.9502  lr=0.08735  (206.0ms/step avg)
  step 123600/450360  loss=3.055  lr=0.08732  (206.0ms/step avg)
  step 123700/450360  loss=2.9055  lr=0.0873  (206.0ms/step avg)
  step 123800/450360  loss=2.8261  lr=0.08727  (206.0ms/step avg)
  step 123900/450360  loss=2.9627  lr=0.08725  (206.0ms/step avg)
  step 124000/450360  loss=2.8251  lr=0.08722  (206.0ms/step avg)
  step 124100/450360  loss=2.9958  lr=0.0872  (206.0ms/step avg)
  step 124200/450360  loss=2.8795  lr=0.08717  (206.0ms/step avg)
  step 124300/450360  loss=2.7915  lr=0.08715  (206.0ms/step avg)
  step 124400/450360  loss=2.788  lr=0.08712  (206.0ms/step avg)
  step 124500/450360  loss=2.8333  lr=0.0871  (206.0ms/step avg)
  step 124600/450360  loss=2.9142  lr=0.08707  (206.0ms/step avg)
  step 124700/450360  loss=2.8011  lr=0.08705  (206.0ms/step avg)
  step 124800/450360  loss=3.0578  lr=0.08703  (206.0ms/step avg)
  step 124900/450360  loss=2.809  lr=0.087  (206.0ms/step avg)
  step 125000/450360  loss=2.9049  lr=0.08698  (206.0ms/step avg)
  step 125100/450360  loss=3.0416  lr=0.08695  (206.0ms/step avg)
  Running validation ...
[Epoch 25] lr=0.086951 loss(train_avg)=2.9189 val_top1=27343/50000 (0.5469) val_top5=0.7975 val_loss=1.9831  [1014.8s train, 17.7s val]
saved 54 param-groups to /home/skoonce/r50_2018_jax_2610/resnet50_imagenet_2018_e25.bin (102228128 bytes)
  saved full train state -> /home/skoonce/r50_2018_jax_2610/resnet50_imagenet_2018_e25.state.npz (428 arrays, step=125100)
  step 125200/450360  loss=2.6546  lr=0.08693  (206.0ms/step avg)
  step 125300/450360  loss=2.8429  lr=0.0869  (206.0ms/step avg)
  step 125400/450360  loss=2.8396  lr=0.08688  (206.0ms/step avg)
  step 125500/450360  loss=2.8532  lr=0.08685  (206.0ms/step avg)
  step 125600/450360  loss=2.8438  lr=0.08683  (206.0ms/step avg)
  step 125700/450360  loss=2.7211  lr=0.0868  (206.0ms/step avg)
  step 125800/450360  loss=2.9077  lr=0.08678  (206.0ms/step avg)
  step 125900/450360  loss=2.9894  lr=0.08675  (206.0ms/step avg)
  step 126000/450360  loss=2.888  lr=0.08673  (206.0ms/step avg)
  step 126100/450360  loss=2.9644  lr=0.0867  (206.0ms/step avg)
  step 126200/450360  loss=3.1951  lr=0.08668  (206.0ms/step avg)
  step 126300/450360  loss=2.7907  lr=0.08665  (206.0ms/step avg)
  step 126400/450360  loss=2.8037  lr=0.08663  (206.0ms/step avg)
  step 126500/450360  loss=2.8671  lr=0.0866  (206.0ms/step avg)
  step 126600/450360  loss=2.8613  lr=0.08658  (206.0ms/step avg)
  step 126700/450360  loss=2.8801  lr=0.08655  (206.0ms/step avg)
  step 126800/450360  loss=2.9181  lr=0.08652  (206.0ms/step avg)
  step 126900/450360  loss=3.048  lr=0.0865  (206.0ms/step avg)
  step 127000/450360  loss=2.8308  lr=0.08647  (206.0ms/step avg)
  step 127100/450360  loss=2.9485  lr=0.08645  (206.0ms/step avg)
  step 127200/450360  loss=2.891  lr=0.08642  (206.0ms/step avg)
  step 127300/450360  loss=2.7625  lr=0.0864  (206.0ms/step avg)
  step 127400/450360  loss=2.9371  lr=0.08637  (206.0ms/step avg)
  step 127500/450360  loss=2.8128  lr=0.08635  (206.0ms/step avg)
  step 127600/450360  loss=2.8647  lr=0.08632  (206.0ms/step avg)
  step 127700/450360  loss=3.0446  lr=0.0863  (206.0ms/step avg)
  step 127800/450360  loss=2.9386  lr=0.08627  (206.0ms/step avg)
  step 127900/450360  loss=2.8932  lr=0.08625  (206.0ms/step avg)
  step 128000/450360  loss=2.9968  lr=0.08622  (206.0ms/step avg)
  step 128100/450360  loss=2.7805  lr=0.0862  (206.0ms/step avg)
  step 128200/450360  loss=2.989  lr=0.08617  (206.0ms/step avg)
  step 128300/450360  loss=2.7881  lr=0.08614  (206.0ms/step avg)
  step 128400/450360  loss=3.0205  lr=0.08612  (206.0ms/step avg)
  step 128500/450360  loss=2.7127  lr=0.08609  (206.0ms/step avg)
  step 128600/450360  loss=3.041  lr=0.08607  (206.0ms/step avg)
  step 128700/450360  loss=2.9896  lr=0.08604  (206.0ms/step avg)
  step 128800/450360  loss=3.0219  lr=0.08602  (206.0ms/step avg)
  step 128900/450360  loss=2.8394  lr=0.08599  (206.0ms/step avg)
  step 129000/450360  loss=3.1085  lr=0.08597  (206.0ms/step avg)
  step 129100/450360  loss=3.1955  lr=0.08594  (206.0ms/step avg)
  step 129200/450360  loss=3.0573  lr=0.08591  (206.0ms/step avg)
  step 129300/450360  loss=2.8566  lr=0.08589  (206.0ms/step avg)
  step 129400/450360  loss=2.8579  lr=0.08586  (206.0ms/step avg)
  step 129500/450360  loss=2.8205  lr=0.08584  (206.0ms/step avg)
  step 129600/450360  loss=2.7584  lr=0.08581  (206.0ms/step avg)
  step 129700/450360  loss=2.9285  lr=0.08579  (206.0ms/step avg)
  step 129800/450360  loss=3.0095  lr=0.08576  (206.0ms/step avg)
  step 129900/450360  loss=2.9233  lr=0.08573  (206.0ms/step avg)
  step 130000/450360  loss=2.9418  lr=0.08571  (206.0ms/step avg)
  step 130100/450360  loss=3.0071  lr=0.08568  (206.0ms/step avg)
  Running validation ...
[Epoch 26] lr=0.085681 loss(train_avg)=2.909 val_top1=28144/50000 (0.5629) val_top5=0.8081 val_loss=1.9805  [1014.2s train, 17.6s val]
saved 54 param-groups to /home/skoonce/r50_2018_jax_2610/resnet50_imagenet_2018_e26.bin (102228128 bytes)
  saved full train state -> /home/skoonce/r50_2018_jax_2610/resnet50_imagenet_2018_e26.state.npz (428 arrays, step=130104)
  step 130200/450360  loss=2.9901  lr=0.08566  (206.0ms/step avg)
  step 130300/450360  loss=3.0698  lr=0.08563  (206.0ms/step avg)
  step 130400/450360  loss=2.7607  lr=0.0856  (206.0ms/step avg)
  step 130500/450360  loss=2.8804  lr=0.08558  (206.0ms/step avg)
  step 130600/450360  loss=2.8563  lr=0.08555  (206.0ms/step avg)
  step 130700/450360  loss=2.9588  lr=0.08553  (206.0ms/step avg)
  step 130800/450360  loss=3.0424  lr=0.0855  (206.0ms/step avg)
  step 130900/450360  loss=2.9394  lr=0.08547  (206.0ms/step avg)
  step 131000/450360  loss=2.9008  lr=0.08545  (206.0ms/step avg)
  step 131100/450360  loss=2.9899  lr=0.08542  (206.0ms/step avg)
  step 131200/450360  loss=2.9861  lr=0.0854  (206.0ms/step avg)
  step 131300/450360  loss=2.9099  lr=0.08537  (206.0ms/step avg)
  step 131400/450360  loss=2.9157  lr=0.08534  (206.0ms/step avg)
  step 131500/450360  loss=2.7513  lr=0.08532  (206.0ms/step avg)
  step 131600/450360  loss=2.698  lr=0.08529  (206.0ms/step avg)
  step 131700/450360  loss=2.943  lr=0.08527  (206.0ms/step avg)
  step 131800/450360  loss=2.7445  lr=0.08524  (206.0ms/step avg)
  step 131900/450360  loss=2.727  lr=0.08521  (206.0ms/step avg)
  step 132000/450360  loss=3.1593  lr=0.08519  (206.0ms/step avg)
  step 132100/450360  loss=2.7976  lr=0.08516  (206.0ms/step avg)
  step 132200/450360  loss=2.8786  lr=0.08513  (206.0ms/step avg)
  step 132300/450360  loss=2.8493  lr=0.08511  (206.0ms/step avg)
  step 132400/450360  loss=2.9382  lr=0.08508  (206.0ms/step avg)
  step 132500/450360  loss=2.8372  lr=0.08506  (206.0ms/step avg)
  step 132600/450360  loss=2.8411  lr=0.08503  (206.0ms/step avg)
  step 132700/450360  loss=2.7517  lr=0.085  (206.0ms/step avg)
  step 132800/450360  loss=2.7653  lr=0.08498  (206.0ms/step avg)
  step 132900/450360  loss=2.9579  lr=0.08495  (206.0ms/step avg)
  step 133000/450360  loss=2.8281  lr=0.08492  (206.0ms/step avg)
  step 133100/450360  loss=2.8724  lr=0.0849  (206.0ms/step avg)
  step 133200/450360  loss=2.9347  lr=0.08487  (206.0ms/step avg)
  step 133300/450360  loss=2.9536  lr=0.08484  (206.0ms/step avg)
  step 133400/450360  loss=2.8673  lr=0.08482  (206.0ms/step avg)
  step 133500/450360  loss=3.0375  lr=0.08479  (206.0ms/step avg)
  step 133600/450360  loss=2.8227  lr=0.08476  (206.0ms/step avg)
  step 133700/450360  loss=2.838  lr=0.08474  (206.0ms/step avg)
  step 133800/450360  loss=2.732  lr=0.08471  (206.0ms/step avg)
  step 133900/450360  loss=2.8162  lr=0.08468  (206.0ms/step avg)
  step 134000/450360  loss=2.8552  lr=0.08466  (206.0ms/step avg)
  step 134100/450360  loss=2.903  lr=0.08463  (206.0ms/step avg)
  step 134200/450360  loss=3.0005  lr=0.0846  (206.0ms/step avg)
  step 134300/450360  loss=2.7854  lr=0.08458  (206.0ms/step avg)
  step 134400/450360  loss=3.0274  lr=0.08455  (206.0ms/step avg)
  step 134500/450360  loss=3.0691  lr=0.08452  (206.0ms/step avg)
  step 134600/450360  loss=2.8413  lr=0.0845  (206.0ms/step avg)
  step 134700/450360  loss=2.9312  lr=0.08447  (206.0ms/step avg)
  step 134800/450360  loss=2.795  lr=0.08444  (206.0ms/step avg)
  step 134900/450360  loss=3.0832  lr=0.08442  (206.0ms/step avg)
  step 135000/450360  loss=2.9591  lr=0.08439  (206.0ms/step avg)
  step 135100/450360  loss=2.9185  lr=0.08436  (206.0ms/step avg)
  Running validation ...
[Epoch 27] lr=0.084362 loss(train_avg)=2.8999 val_top1=28297/50000 (0.5659) val_top5=0.8129 val_loss=1.9213  [1013.9s train, 17.8s val]
saved 54 param-groups to /home/skoonce/r50_2018_jax_2610/resnet50_imagenet_2018_e27.bin (102228128 bytes)
  saved full train state -> /home/skoonce/r50_2018_jax_2610/resnet50_imagenet_2018_e27.state.npz (428 arrays, step=135108)
  step 135200/450360  loss=2.8705  lr=0.08434  (206.0ms/step avg)
  step 135300/450360  loss=2.7832  lr=0.08431  (206.0ms/step avg)
  step 135400/450360  loss=2.912  lr=0.08428  (206.0ms/step avg)
  step 135500/450360  loss=3.0076  lr=0.08426  (206.0ms/step avg)
  step 135600/450360  loss=2.7652  lr=0.08423  (206.0ms/step avg)
  step 135700/450360  loss=2.8399  lr=0.0842  (206.0ms/step avg)
  step 135800/450360  loss=2.8148  lr=0.08418  (206.0ms/step avg)
  step 135900/450360  loss=2.7147  lr=0.08415  (206.0ms/step avg)
  step 136000/450360  loss=2.7682  lr=0.08412  (206.0ms/step avg)
  step 136100/450360  loss=3.0434  lr=0.0841  (206.0ms/step avg)
  step 136200/450360  loss=2.9918  lr=0.08407  (206.0ms/step avg)
  step 136300/450360  loss=2.9519  lr=0.08404  (206.0ms/step avg)
  step 136400/450360  loss=2.8553  lr=0.08401  (206.0ms/step avg)
  step 136500/450360  loss=2.8864  lr=0.08399  (206.0ms/step avg)
  step 136600/450360  loss=3.0313  lr=0.08396  (206.0ms/step avg)
  step 136700/450360  loss=3.0359  lr=0.08393  (206.0ms/step avg)
  step 136800/450360  loss=2.9888  lr=0.08391  (206.0ms/step avg)
  step 136900/450360  loss=2.9909  lr=0.08388  (206.0ms/step avg)
  step 137000/450360  loss=3.1384  lr=0.08385  (206.0ms/step avg)
  step 137100/450360  loss=2.8401  lr=0.08382  (206.0ms/step avg)
  step 137200/450360  loss=2.9502  lr=0.0838  (206.0ms/step avg)
  step 137300/450360  loss=2.976  lr=0.08377  (206.0ms/step avg)
  step 137400/450360  loss=2.8827  lr=0.08374  (206.0ms/step avg)
  step 137500/450360  loss=2.8563  lr=0.08372  (206.0ms/step avg)
  step 137600/450360  loss=2.8179  lr=0.08369  (206.0ms/step avg)
  step 137700/450360  loss=3.0682  lr=0.08366  (206.0ms/step avg)
  step 137800/450360  loss=2.6383  lr=0.08363  (206.0ms/step avg)
  step 137900/450360  loss=2.7708  lr=0.08361  (206.0ms/step avg)
  step 138000/450360  loss=2.7974  lr=0.08358  (206.0ms/step avg)
  step 138100/450360  loss=3.049  lr=0.08355  (206.0ms/step avg)
  step 138200/450360  loss=2.8654  lr=0.08352  (206.0ms/step avg)
  step 138300/450360  loss=3.0029  lr=0.0835  (206.0ms/step avg)
  step 138400/450360  loss=2.7878  lr=0.08347  (206.0ms/step avg)
  step 138500/450360  loss=2.8192  lr=0.08344  (206.0ms/step avg)
  step 138600/450360  loss=2.7991  lr=0.08341  (206.0ms/step avg)
  step 138700/450360  loss=3.043  lr=0.08339  (206.0ms/step avg)
  step 138800/450360  loss=2.9636  lr=0.08336  (206.0ms/step avg)
  step 138900/450360  loss=2.7993  lr=0.08333  (206.0ms/step avg)
  step 139000/450360  loss=2.844  lr=0.0833  (206.0ms/step avg)
  step 139100/450360  loss=3.016  lr=0.08328  (206.0ms/step avg)
  step 139200/450360  loss=2.7252  lr=0.08325  (206.0ms/step avg)
  step 139300/450360  loss=2.7241  lr=0.08322  (206.0ms/step avg)
  step 139400/450360  loss=3.1909  lr=0.08319  (206.0ms/step avg)
  step 139500/450360  loss=2.952  lr=0.08317  (206.0ms/step avg)
  step 139600/450360  loss=2.8936  lr=0.08314  (206.0ms/step avg)
  step 139700/450360  loss=3.0364  lr=0.08311  (206.0ms/step avg)
  step 139800/450360  loss=2.9372  lr=0.08308  (206.0ms/step avg)
  step 139900/450360  loss=2.8313  lr=0.08306  (206.0ms/step avg)
  step 140000/450360  loss=2.6087  lr=0.08303  (206.0ms/step avg)
  step 140100/450360  loss=2.866  lr=0.083  (206.0ms/step avg)
  Running validation ...
[Epoch 28] lr=0.082997 loss(train_avg)=2.8872 val_top1=27735/50000 (0.5547) val_top5=0.8042 val_loss=1.9675  [1014.9s train, 17.8s val]
saved 54 param-groups to /home/skoonce/r50_2018_jax_2610/resnet50_imagenet_2018_e28.bin (102228128 bytes)
  saved full train state -> /home/skoonce/r50_2018_jax_2610/resnet50_imagenet_2018_e28.state.npz (428 arrays, step=140112)
  step 140200/450360  loss=2.9342  lr=0.08297  (206.0ms/step avg)
  step 140300/450360  loss=2.7539  lr=0.08294  (206.0ms/step avg)
  step 140400/450360  loss=2.7722  lr=0.08292  (206.0ms/step avg)
  step 140500/450360  loss=2.8111  lr=0.08289  (206.0ms/step avg)
  step 140600/450360  loss=2.9331  lr=0.08286  (206.0ms/step avg)
  step 140700/450360  loss=3.0966  lr=0.08283  (206.0ms/step avg)
  step 140800/450360  loss=2.7769  lr=0.08281  (206.0ms/step avg)
  step 140900/450360  loss=2.8352  lr=0.08278  (206.0ms/step avg)
  step 141000/450360  loss=2.8247  lr=0.08275  (206.0ms/step avg)
  step 141100/450360  loss=2.9876  lr=0.08272  (206.0ms/step avg)
  step 141200/450360  loss=2.9977  lr=0.08269  (206.0ms/step avg)
  step 141300/450360  loss=2.8973  lr=0.08267  (206.0ms/step avg)
  step 141400/450360  loss=2.9222  lr=0.08264  (206.0ms/step avg)
  step 141500/450360  loss=2.8309  lr=0.08261  (206.0ms/step avg)
  step 141600/450360  loss=2.9556  lr=0.08258  (206.0ms/step avg)
  step 141700/450360  loss=2.938  lr=0.08255  (206.0ms/step avg)
  step 141800/450360  loss=2.8272  lr=0.08253  (206.0ms/step avg)
  step 141900/450360  loss=2.8781  lr=0.0825  (206.0ms/step avg)
  step 142000/450360  loss=2.9501  lr=0.08247  (206.0ms/step avg)
  step 142100/450360  loss=2.8262  lr=0.08244  (206.0ms/step avg)
  step 142200/450360  loss=3.0756  lr=0.08241  (206.0ms/step avg)
  step 142300/450360  loss=2.99  lr=0.08239  (206.0ms/step avg)
  step 142400/450360  loss=3.086  lr=0.08236  (206.0ms/step avg)
  step 142500/450360  loss=2.7619  lr=0.08233  (206.0ms/step avg)
  step 142600/450360  loss=2.7626  lr=0.0823  (206.0ms/step avg)
  step 142700/450360  loss=2.9033  lr=0.08227  (206.0ms/step avg)
  step 142800/450360  loss=2.7792  lr=0.08224  (206.0ms/step avg)
  step 142900/450360  loss=2.8582  lr=0.08222  (206.0ms/step avg)
  step 143000/450360  loss=2.8767  lr=0.08219  (206.0ms/step avg)
  step 143100/450360  loss=3.1119  lr=0.08216  (206.0ms/step avg)
  step 143200/450360  loss=2.9661  lr=0.08213  (206.0ms/step avg)
  step 143300/450360  loss=2.8977  lr=0.0821  (206.0ms/step avg)
  step 143400/450360  loss=2.8869  lr=0.08207  (206.0ms/step avg)
  step 143500/450360  loss=2.8176  lr=0.08205  (206.0ms/step avg)
  step 143600/450360  loss=2.7429  lr=0.08202  (206.0ms/step avg)
  step 143700/450360  loss=3.0025  lr=0.08199  (206.0ms/step avg)
  step 143800/450360  loss=2.7885  lr=0.08196  (206.0ms/step avg)
  step 143900/450360  loss=3.0494  lr=0.08193  (206.0ms/step avg)
  step 144000/450360  loss=2.8284  lr=0.0819  (206.0ms/step avg)
  step 144100/450360  loss=2.9066  lr=0.08188  (206.0ms/step avg)
  step 144200/450360  loss=2.9473  lr=0.08185  (206.0ms/step avg)
  step 144300/450360  loss=2.7825  lr=0.08182  (206.0ms/step avg)
  step 144400/450360  loss=2.958  lr=0.08179  (206.0ms/step avg)
  step 144500/450360  loss=2.8477  lr=0.08176  (206.0ms/step avg)
  step 144600/450360  loss=2.8926  lr=0.08173  (206.0ms/step avg)
  step 144700/450360  loss=2.6939  lr=0.0817  (206.0ms/step avg)
  step 144800/450360  loss=2.8121  lr=0.08168  (206.0ms/step avg)
  step 144900/450360  loss=2.8775  lr=0.08165  (206.0ms/step avg)
  step 145000/450360  loss=2.9705  lr=0.08162  (206.0ms/step avg)
  step 145100/450360  loss=2.744  lr=0.08159  (206.0ms/step avg)
  Running validation ...
[Epoch 29] lr=0.081586 loss(train_avg)=2.8779 val_top1=27894/50000 (0.5579) val_top5=0.8037 val_loss=1.9736  [1014.8s train, 17.7s val]
saved 54 param-groups to /home/skoonce/r50_2018_jax_2610/resnet50_imagenet_2018_e29.bin (102228128 bytes)
  saved full train state -> /home/skoonce/r50_2018_jax_2610/resnet50_imagenet_2018_e29.state.npz (428 arrays, step=145116)
  step 145200/450360  loss=2.9188  lr=0.08156  (206.0ms/step avg)
  step 145300/450360  loss=3.0152  lr=0.08153  (206.0ms/step avg)
  step 145400/450360  loss=2.8031  lr=0.0815  (206.0ms/step avg)
  step 145500/450360  loss=2.8732  lr=0.08148  (206.0ms/step avg)
  step 145600/450360  loss=2.7945  lr=0.08145  (206.0ms/step avg)
  step 145700/450360  loss=2.9423  lr=0.08142  (206.0ms/step avg)
  step 145800/450360  loss=2.9225  lr=0.08139  (206.0ms/step avg)
  step 145900/450360  loss=2.923  lr=0.08136  (206.0ms/step avg)
  step 146000/450360  loss=2.8677  lr=0.08133  (206.0ms/step avg)
  step 146100/450360  loss=2.9079  lr=0.0813  (206.0ms/step avg)
  step 146200/450360  loss=2.8297  lr=0.08127  (206.0ms/step avg)
  step 146300/450360  loss=2.7126  lr=0.08125  (206.0ms/step avg)
  step 146400/450360  loss=2.925  lr=0.08122  (206.0ms/step avg)
  step 146500/450360  loss=2.8746  lr=0.08119  (206.0ms/step avg)
  step 146600/450360  loss=2.8902  lr=0.08116  (206.0ms/step avg)
  step 146700/450360  loss=2.9994  lr=0.08113  (206.0ms/step avg)
  step 146800/450360  loss=2.9156  lr=0.0811  (206.0ms/step avg)
  step 146900/450360  loss=2.7781  lr=0.08107  (206.0ms/step avg)
  step 147000/450360  loss=2.7638  lr=0.08104  (206.0ms/step avg)
  step 147100/450360  loss=2.8833  lr=0.08101  (206.0ms/step avg)
  step 147200/450360  loss=2.8196  lr=0.08099  (206.0ms/step avg)
  step 147300/450360  loss=2.7903  lr=0.08096  (206.0ms/step avg)
  step 147400/450360  loss=2.8447  lr=0.08093  (206.0ms/step avg)
  step 147500/450360  loss=2.7907  lr=0.0809  (206.0ms/step avg)
  step 147600/450360  loss=2.9358  lr=0.08087  (206.0ms/step avg)
  step 147700/450360  loss=2.8306  lr=0.08084  (206.0ms/step avg)
  step 147800/450360  loss=2.9142  lr=0.08081  (206.0ms/step avg)
  step 147900/450360  loss=3.0171  lr=0.08078  (206.0ms/step avg)
  step 148000/450360  loss=2.9089  lr=0.08075  (206.0ms/step avg)
  step 148100/450360  loss=3.0674  lr=0.08072  (206.0ms/step avg)
  step 148200/450360  loss=3.0143  lr=0.08069  (206.0ms/step avg)
  step 148300/450360  loss=2.7588  lr=0.08067  (206.0ms/step avg)
  step 148400/450360  loss=2.769  lr=0.08064  (206.0ms/step avg)
  step 148500/450360  loss=2.8432  lr=0.08061  (206.0ms/step avg)
  step 148600/450360  loss=2.8319  lr=0.08058  (206.0ms/step avg)
  step 148700/450360  loss=2.687  lr=0.08055  (206.0ms/step avg)
  step 148800/450360  loss=2.7737  lr=0.08052  (206.0ms/step avg)
  step 148900/450360  loss=3.0218  lr=0.08049  (206.0ms/step avg)
  step 149000/450360  loss=2.9144  lr=0.08046  (206.0ms/step avg)
  step 149100/450360  loss=2.8938  lr=0.08043  (206.0ms/step avg)
  step 149200/450360  loss=3.1051  lr=0.0804  (206.0ms/step avg)
  step 149300/450360  loss=3.026  lr=0.08037  (206.0ms/step avg)
  step 149400/450360  loss=2.9705  lr=0.08034  (206.0ms/step avg)
  step 149500/450360  loss=2.8065  lr=0.08031  (206.0ms/step avg)
  step 149600/450360  loss=2.9314  lr=0.08029  (206.0ms/step avg)
  step 149700/450360  loss=2.8604  lr=0.08026  (206.0ms/step avg)
  step 149800/450360  loss=2.774  lr=0.08023  (206.0ms/step avg)
  step 149900/450360  loss=2.84  lr=0.0802  (206.0ms/step avg)
  step 150000/450360  loss=2.729  lr=0.08017  (206.0ms/step avg)
  step 150100/450360  loss=2.7945  lr=0.08014  (206.0ms/step avg)
  Running validation ...
[Epoch 30] lr=0.080132 loss(train_avg)=2.8682 val_top1=27187/50000 (0.5437) val_top5=0.7893 val_loss=2.0658  [1014.6s train, 17.7s val]
saved 54 param-groups to /home/skoonce/r50_2018_jax_2610/resnet50_imagenet_2018_e30.bin (102228128 bytes)
  saved full train state -> /home/skoonce/r50_2018_jax_2610/resnet50_imagenet_2018_e30.state.npz (428 arrays, step=150120)
  step 150200/450360  loss=2.9162  lr=0.08011  (206.0ms/step avg)
  step 150300/450360  loss=2.8531  lr=0.08008  (206.0ms/step avg)
  step 150400/450360  loss=2.8162  lr=0.08005  (206.0ms/step avg)
  step 150500/450360  loss=2.9588  lr=0.08002  (206.0ms/step avg)
  step 150600/450360  loss=2.7353  lr=0.07999  (206.0ms/step avg)
  step 150700/450360  loss=2.7976  lr=0.07996  (206.0ms/step avg)
  step 150800/450360  loss=2.91  lr=0.07993  (206.0ms/step avg)
  step 150900/450360  loss=2.5722  lr=0.0799  (206.0ms/step avg)
  step 151000/450360  loss=2.884  lr=0.07987  (206.0ms/step avg)
  step 151100/450360  loss=2.9359  lr=0.07984  (206.0ms/step avg)
  step 151200/450360  loss=2.8566  lr=0.07981  (206.0ms/step avg)
  step 151300/450360  loss=2.9881  lr=0.07978  (206.0ms/step avg)
  step 151400/450360  loss=2.8789  lr=0.07975  (206.0ms/step avg)
  step 151500/450360  loss=2.9153  lr=0.07972  (206.0ms/step avg)
  step 151600/450360  loss=2.895  lr=0.07969  (206.0ms/step avg)
  step 151700/450360  loss=2.9701  lr=0.07966  (206.0ms/step avg)
  step 151800/450360  loss=2.7049  lr=0.07963  (206.0ms/step avg)
  step 151900/450360  loss=2.8445  lr=0.0796  (206.0ms/step avg)
  step 152000/450360  loss=2.7863  lr=0.07958  (206.0ms/step avg)
  step 152100/450360  loss=2.8563  lr=0.07955  (206.0ms/step avg)
  step 152200/450360  loss=2.8069  lr=0.07952  (206.0ms/step avg)
  step 152300/450360  loss=2.899  lr=0.07949  (206.0ms/step avg)
  step 152400/450360  loss=2.9802  lr=0.07946  (206.0ms/step avg)
  step 152500/450360  loss=2.938  lr=0.07943  (206.0ms/step avg)
  step 152600/450360  loss=2.8013  lr=0.0794  (206.0ms/step avg)
  step 152700/450360  loss=2.9376  lr=0.07937  (206.0ms/step avg)
  step 152800/450360  loss=3.0369  lr=0.07934  (206.0ms/step avg)
  step 152900/450360  loss=2.7949  lr=0.07931  (206.0ms/step avg)
  step 153000/450360  loss=2.8638  lr=0.07928  (206.0ms/step avg)
  step 153100/450360  loss=2.7845  lr=0.07925  (206.0ms/step avg)
  step 153200/450360  loss=2.9551  lr=0.07922  (206.0ms/step avg)
  step 153300/450360  loss=2.7894  lr=0.07919  (206.0ms/step avg)
  step 153400/450360  loss=2.7515  lr=0.07916  (206.0ms/step avg)
  step 153500/450360  loss=2.8492  lr=0.07913  (206.0ms/step avg)
  step 153600/450360  loss=2.8802  lr=0.0791  (206.0ms/step avg)
  step 153700/450360  loss=2.8999  lr=0.07907  (206.0ms/step avg)
  step 153800/450360  loss=2.8401  lr=0.07904  (206.0ms/step avg)
  step 153900/450360  loss=2.7518  lr=0.07901  (206.0ms/step avg)
  step 154000/450360  loss=2.7945  lr=0.07898  (206.0ms/step avg)
  step 154100/450360  loss=2.8588  lr=0.07895  (206.0ms/step avg)
  step 154200/450360  loss=2.887  lr=0.07892  (206.0ms/step avg)
  step 154300/450360  loss=2.7111  lr=0.07889  (206.0ms/step avg)
  step 154400/450360  loss=3.1611  lr=0.07886  (206.0ms/step avg)
  step 154500/450360  loss=2.8012  lr=0.07883  (206.0ms/step avg)
  step 154600/450360  loss=2.7946  lr=0.0788  (206.0ms/step avg)
  step 154700/450360  loss=2.9808  lr=0.07877  (206.0ms/step avg)
  step 154800/450360  loss=2.8609  lr=0.07874  (206.0ms/step avg)
  step 154900/450360  loss=2.7958  lr=0.0787  (206.0ms/step avg)
  step 155000/450360  loss=2.8657  lr=0.07867  (206.0ms/step avg)
  step 155100/450360  loss=2.7746  lr=0.07864  (206.0ms/step avg)
  Running validation ...
[Epoch 31] lr=0.078637 loss(train_avg)=2.8586 val_top1=27825/50000 (0.5565) val_top5=0.8054 val_loss=1.9595  [1015.0s train, 17.7s val]
saved 54 param-groups to /home/skoonce/r50_2018_jax_2610/resnet50_imagenet_2018_e31.bin (102228128 bytes)
  saved full train state -> /home/skoonce/r50_2018_jax_2610/resnet50_imagenet_2018_e31.state.npz (428 arrays, step=155124)
  step 155200/450360  loss=2.8954  lr=0.07861  (206.0ms/step avg)
  step 155300/450360  loss=2.7823  lr=0.07858  (206.0ms/step avg)
  step 155400/450360  loss=2.9887  lr=0.07855  (206.0ms/step avg)
  step 155500/450360  loss=2.8069  lr=0.07852  (206.0ms/step avg)
  step 155600/450360  loss=2.9242  lr=0.07849  (206.0ms/step avg)
  step 155700/450360  loss=2.8414  lr=0.07846  (206.0ms/step avg)
  step 155800/450360  loss=2.8701  lr=0.07843  (206.0ms/step avg)
  step 155900/450360  loss=2.7402  lr=0.0784  (206.0ms/step avg)
  step 156000/450360  loss=2.7456  lr=0.07837  (206.0ms/step avg)
  step 156100/450360  loss=2.7032  lr=0.07834  (206.0ms/step avg)
  step 156200/450360  loss=2.8668  lr=0.07831  (206.0ms/step avg)
  step 156300/450360  loss=2.6338  lr=0.07828  (206.0ms/step avg)
  step 156400/450360  loss=2.8978  lr=0.07825  (206.0ms/step avg)
  step 156500/450360  loss=3.0121  lr=0.07822  (206.0ms/step avg)
  step 156600/450360  loss=2.8203  lr=0.07819  (206.0ms/step avg)
  step 156700/450360  loss=2.82  lr=0.07816  (206.0ms/step avg)
  step 156800/450360  loss=2.8527  lr=0.07813  (206.0ms/step avg)
  step 156900/450360  loss=2.8679  lr=0.0781  (206.0ms/step avg)
  step 157000/450360  loss=2.7912  lr=0.07807  (206.0ms/step avg)
  step 157100/450360  loss=2.7072  lr=0.07804  (206.0ms/step avg)
  step 157200/450360  loss=2.8825  lr=0.07801  (206.0ms/step avg)
  step 157300/450360  loss=2.8013  lr=0.07797  (206.0ms/step avg)
  step 157400/450360  loss=2.7414  lr=0.07794  (206.0ms/step avg)
  step 157500/450360  loss=2.9769  lr=0.07791  (206.0ms/step avg)
  step 157600/450360  loss=2.8984  lr=0.07788  (206.0ms/step avg)
  step 157700/450360  loss=2.7646  lr=0.07785  (206.0ms/step avg)
  step 157800/450360  loss=2.8618  lr=0.07782  (206.0ms/step avg)
  step 157900/450360  loss=2.988  lr=0.07779  (206.0ms/step avg)
  step 158000/450360  loss=2.7992  lr=0.07776  (206.0ms/step avg)
  step 158100/450360  loss=2.8993  lr=0.07773  (206.0ms/step avg)
  step 158200/450360  loss=3.0052  lr=0.0777  (206.0ms/step avg)
  step 158300/450360  loss=2.7022  lr=0.07767  (206.0ms/step avg)
  step 158400/450360  loss=2.7253  lr=0.07764  (206.0ms/step avg)
  step 158500/450360  loss=2.9332  lr=0.07761  (206.0ms/step avg)
  step 158600/450360  loss=2.9294  lr=0.07758  (206.0ms/step avg)
  step 158700/450360  loss=2.7467  lr=0.07754  (206.0ms/step avg)
  step 158800/450360  loss=2.7103  lr=0.07751  (206.0ms/step avg)
  step 158900/450360  loss=2.8993  lr=0.07748  (206.0ms/step avg)
  step 159000/450360  loss=2.7518  lr=0.07745  (206.0ms/step avg)
  step 159100/450360  loss=2.7452  lr=0.07742  (206.0ms/step avg)
  step 159200/450360  loss=2.8032  lr=0.07739  (206.0ms/step avg)
  step 159300/450360  loss=2.8754  lr=0.07736  (206.0ms/step avg)
  step 159400/450360  loss=2.9566  lr=0.07733  (206.0ms/step avg)
  step 159500/450360  loss=2.7762  lr=0.0773  (206.0ms/step avg)
  step 159600/450360  loss=2.956  lr=0.07727  (206.0ms/step avg)
  step 159700/450360  loss=2.6798  lr=0.07724  (206.0ms/step avg)
  step 159800/450360  loss=2.6531  lr=0.0772  (206.0ms/step avg)
  step 159900/450360  loss=2.6361  lr=0.07717  (206.0ms/step avg)
  step 160000/450360  loss=2.9531  lr=0.07714  (206.0ms/step avg)
  step 160100/450360  loss=2.6928  lr=0.07711  (206.0ms/step avg)
  Running validation ...
[Epoch 32] lr=0.077103 loss(train_avg)=2.848 val_top1=28335/50000 (0.5667) val_top5=0.8139 val_loss=1.9113  [1014.6s train, 17.7s val]
saved 54 param-groups to /home/skoonce/r50_2018_jax_2610/resnet50_imagenet_2018_e32.bin (102228128 bytes)
  saved full train state -> /home/skoonce/r50_2018_jax_2610/resnet50_imagenet_2018_e32.state.npz (428 arrays, step=160128)
  step 160200/450360  loss=2.9946  lr=0.07708  (206.0ms/step avg)
  step 160300/450360  loss=2.9121  lr=0.07705  (206.0ms/step avg)
  step 160400/450360  loss=2.9383  lr=0.07702  (206.0ms/step avg)
  step 160500/450360  loss=2.7284  lr=0.07699  (206.0ms/step avg)
  step 160600/450360  loss=2.8384  lr=0.07696  (206.0ms/step avg)
  step 160700/450360  loss=2.7315  lr=0.07693  (206.0ms/step avg)
  step 160800/450360  loss=2.9674  lr=0.07689  (206.0ms/step avg)
  step 160900/450360  loss=2.9433  lr=0.07686  (206.0ms/step avg)
  step 161000/450360  loss=2.9566  lr=0.07683  (206.0ms/step avg)
  step 161100/450360  loss=2.7283  lr=0.0768  (206.0ms/step avg)
  step 161200/450360  loss=2.8812  lr=0.07677  (206.0ms/step avg)
  step 161300/450360  loss=2.9136  lr=0.07674  (206.0ms/step avg)
  step 161400/450360  loss=2.8574  lr=0.07671  (206.0ms/step avg)
  step 161500/450360  loss=2.7424  lr=0.07668  (206.0ms/step avg)
  step 161600/450360  loss=2.7436  lr=0.07664  (206.0ms/step avg)
  step 161700/450360  loss=2.8707  lr=0.07661  (206.0ms/step avg)
  step 161800/450360  loss=2.9175  lr=0.07658  (206.0ms/step avg)
  step 161900/450360  loss=2.7265  lr=0.07655  (206.0ms/step avg)
  step 162000/450360  loss=2.7026  lr=0.07652  (206.0ms/step avg)
  step 162100/450360  loss=2.7034  lr=0.07649  (206.0ms/step avg)
  step 162200/450360  loss=2.5604  lr=0.07646  (206.0ms/step avg)
  step 162300/450360  loss=2.7643  lr=0.07643  (206.0ms/step avg)
  step 162400/450360  loss=2.7627  lr=0.07639  (206.0ms/step avg)
  step 162500/450360  loss=2.7747  lr=0.07636  (206.0ms/step avg)
  step 162600/450360  loss=2.7253  lr=0.07633  (206.0ms/step avg)
  step 162700/450360  loss=2.7296  lr=0.0763  (206.0ms/step avg)
  step 162800/450360  loss=2.907  lr=0.07627  (206.0ms/step avg)
  step 162900/450360  loss=2.7958  lr=0.07624  (206.0ms/step avg)
  step 163000/450360  loss=2.7252  lr=0.07621  (206.0ms/step avg)
  step 163100/450360  loss=2.7628  lr=0.07617  (206.0ms/step avg)
  step 163200/450360  loss=2.7799  lr=0.07614  (206.0ms/step avg)
  step 163300/450360  loss=2.9133  lr=0.07611  (206.0ms/step avg)
  step 163400/450360  loss=2.8798  lr=0.07608  (206.0ms/step avg)
  step 163500/450360  loss=2.7947  lr=0.07605  (206.0ms/step avg)
  step 163600/450360  loss=2.9429  lr=0.07602  (206.0ms/step avg)
  step 163700/450360  loss=2.7508  lr=0.07599  (206.0ms/step avg)
  step 163800/450360  loss=2.9131  lr=0.07595  (206.0ms/step avg)
  step 163900/450360  loss=2.9977  lr=0.07592  (206.0ms/step avg)
  step 164000/450360  loss=2.8239  lr=0.07589  (206.0ms/step avg)
  step 164100/450360  loss=2.7664  lr=0.07586  (206.0ms/step avg)
  step 164200/450360  loss=2.7294  lr=0.07583  (206.0ms/step avg)
  step 164300/450360  loss=2.8866  lr=0.0758  (206.0ms/step avg)
  step 164400/450360  loss=2.7013  lr=0.07576  (206.0ms/step avg)
  step 164500/450360  loss=2.8536  lr=0.07573  (206.0ms/step avg)
  step 164600/450360  loss=2.8146  lr=0.0757  (206.0ms/step avg)
  step 164700/450360  loss=2.9649  lr=0.07567  (206.0ms/step avg)
  step 164800/450360  loss=2.7857  lr=0.07564  (206.0ms/step avg)
  step 164900/450360  loss=2.7953  lr=0.07561  (206.0ms/step avg)
  step 165000/450360  loss=2.816  lr=0.07557  (206.0ms/step avg)
  step 165100/450360  loss=2.7231  lr=0.07554  (206.0ms/step avg)
  Running validation ...
[Epoch 33] lr=0.075532 loss(train_avg)=2.8361 val_top1=28713/50000 (0.5743) val_top5=0.8176 val_loss=1.8658  [1014.6s train, 17.8s val]
saved 54 param-groups to /home/skoonce/r50_2018_jax_2610/resnet50_imagenet_2018_e33.bin (102228128 bytes)
  saved full train state -> /home/skoonce/r50_2018_jax_2610/resnet50_imagenet_2018_e33.state.npz (428 arrays, step=165132)
  step 165200/450360  loss=2.8389  lr=0.07551  (206.0ms/step avg)
  step 165300/450360  loss=2.7807  lr=0.07548  (206.0ms/step avg)
  step 165400/450360  loss=2.8465  lr=0.07545  (206.0ms/step avg)
  step 165500/450360  loss=2.913  lr=0.07541  (206.0ms/step avg)
  step 165600/450360  loss=2.7032  lr=0.07538  (206.0ms/step avg)
  step 165700/450360  loss=2.7547  lr=0.07535  (206.0ms/step avg)
  step 165800/450360  loss=2.8265  lr=0.07532  (206.0ms/step avg)
  step 165900/450360  loss=2.958  lr=0.07529  (206.0ms/step avg)
  step 166000/450360  loss=3.0848  lr=0.07526  (206.0ms/step avg)
  step 166100/450360  loss=2.6671  lr=0.07522  (206.0ms/step avg)
  step 166200/450360  loss=2.8003  lr=0.07519  (206.0ms/step avg)
  step 166300/450360  loss=2.7592  lr=0.07516  (206.0ms/step avg)
  step 166400/450360  loss=2.7214  lr=0.07513  (206.0ms/step avg)
  step 166500/450360  loss=2.8705  lr=0.0751  (206.0ms/step avg)
  step 166600/450360  loss=2.9398  lr=0.07506  (206.0ms/step avg)
  step 166700/450360  loss=2.8642  lr=0.07503  (206.0ms/step avg)
  step 166800/450360  loss=2.7971  lr=0.075  (206.0ms/step avg)
  step 166900/450360  loss=2.9725  lr=0.07497  (206.0ms/step avg)
  step 167000/450360  loss=2.6729  lr=0.07494  (206.0ms/step avg)
  step 167100/450360  loss=2.804  lr=0.0749  (206.0ms/step avg)
  step 167200/450360  loss=2.825  lr=0.07487  (206.0ms/step avg)
  step 167300/450360  loss=2.8356  lr=0.07484  (206.0ms/step avg)
  step 167400/450360  loss=2.933  lr=0.07481  (206.0ms/step avg)
  step 167500/450360  loss=2.9081  lr=0.07478  (206.0ms/step avg)
  step 167600/450360  loss=2.8907  lr=0.07474  (206.0ms/step avg)
  step 167700/450360  loss=2.9969  lr=0.07471  (206.0ms/step avg)
  step 167800/450360  loss=2.8294  lr=0.07468  (206.0ms/step avg)
  step 167900/450360  loss=2.8721  lr=0.07465  (206.0ms/step avg)
  step 168000/450360  loss=2.6881  lr=0.07462  (206.0ms/step avg)
  step 168100/450360  loss=2.8821  lr=0.07458  (206.0ms/step avg)
  step 168200/450360  loss=2.8625  lr=0.07455  (206.0ms/step avg)
  step 168300/450360  loss=2.8122  lr=0.07452  (206.0ms/step avg)
  step 168400/450360  loss=2.5889  lr=0.07449  (206.0ms/step avg)
  step 168500/450360  loss=2.786  lr=0.07445  (206.0ms/step avg)
  step 168600/450360  loss=2.7632  lr=0.07442  (206.0ms/step avg)
  step 168700/450360  loss=2.8095  lr=0.07439  (206.0ms/step avg)
  step 168800/450360  loss=2.6867  lr=0.07436  (206.0ms/step avg)
  step 168900/450360  loss=2.6  lr=0.07433  (206.0ms/step avg)
  step 169000/450360  loss=2.9571  lr=0.07429  (206.0ms/step avg)
  step 169100/450360  loss=2.6792  lr=0.07426  (206.0ms/step avg)
  step 169200/450360  loss=2.8206  lr=0.07423  (206.0ms/step avg)
  step 169300/450360  loss=2.6947  lr=0.0742  (206.0ms/step avg)
  step 169400/450360  loss=2.9163  lr=0.07416  (206.0ms/step avg)
  step 169500/450360  loss=2.7955  lr=0.07413  (206.0ms/step avg)
  step 169600/450360  loss=2.8138  lr=0.0741  (206.0ms/step avg)
  step 169700/450360  loss=2.8699  lr=0.07407  (206.0ms/step avg)
  step 169800/450360  loss=2.7045  lr=0.07403  (206.0ms/step avg)
  step 169900/450360  loss=2.7673  lr=0.074  (206.0ms/step avg)
  step 170000/450360  loss=2.8782  lr=0.07397  (206.0ms/step avg)
  step 170100/450360  loss=3.0341  lr=0.07394  (206.0ms/step avg)
  Running validation ...
[Epoch 34] lr=0.073926 loss(train_avg)=2.8262 val_top1=28410/50000 (0.5682) val_top5=0.8152 val_loss=1.8817  [1014.3s train, 17.6s val]
saved 54 param-groups to /home/skoonce/r50_2018_jax_2610/resnet50_imagenet_2018_e34.bin (102228128 bytes)
  saved full train state -> /home/skoonce/r50_2018_jax_2610/resnet50_imagenet_2018_e34.state.npz (428 arrays, step=170136)
  step 170200/450360  loss=2.7926  lr=0.07391  (206.0ms/step avg)
  step 170300/450360  loss=2.8201  lr=0.07387  (206.0ms/step avg)
  step 170400/450360  loss=2.6355  lr=0.07384  (206.0ms/step avg)
  step 170500/450360  loss=2.9028  lr=0.07381  (206.0ms/step avg)
  step 170600/450360  loss=2.8117  lr=0.07378  (206.0ms/step avg)
  step 170700/450360  loss=2.8296  lr=0.07374  (206.0ms/step avg)
  step 170800/450360  loss=2.8758  lr=0.07371  (206.0ms/step avg)
  step 170900/450360  loss=2.7712  lr=0.07368  (206.0ms/step avg)
  step 171000/450360  loss=2.7909  lr=0.07365  (206.0ms/step avg)
  step 171100/450360  loss=2.9308  lr=0.07361  (206.0ms/step avg)
  step 171200/450360  loss=2.862  lr=0.07358  (206.0ms/step avg)
  step 171300/450360  loss=2.7674  lr=0.07355  (206.0ms/step avg)
  step 171400/450360  loss=2.9495  lr=0.07351  (206.0ms/step avg)
  step 171500/450360  loss=2.6934  lr=0.07348  (206.0ms/step avg)
  step 171600/450360  loss=3.0009  lr=0.07345  (206.0ms/step avg)
  step 171700/450360  loss=2.825  lr=0.07342  (206.0ms/step avg)
  step 171800/450360  loss=2.6369  lr=0.07338  (206.0ms/step avg)
  step 171900/450360  loss=2.9023  lr=0.07335  (206.0ms/step avg)
  step 172000/450360  loss=2.8008  lr=0.07332  (206.0ms/step avg)
  step 172100/450360  loss=2.7001  lr=0.07329  (206.0ms/step avg)
  step 172200/450360  loss=2.8504  lr=0.07325  (206.0ms/step avg)
  step 172300/450360  loss=2.7459  lr=0.07322  (206.0ms/step avg)
  step 172400/450360  loss=2.6971  lr=0.07319  (206.0ms/step avg)
  step 172500/450360  loss=2.6298  lr=0.07316  (206.0ms/step avg)
  step 172600/450360  loss=2.8003  lr=0.07312  (206.0ms/step avg)
  step 172700/450360  loss=2.8156  lr=0.07309  (206.0ms/step avg)
  step 172800/450360  loss=2.6144  lr=0.07306  (206.0ms/step avg)
  step 172900/450360  loss=2.7705  lr=0.07302  (206.0ms/step avg)
  step 173000/450360  loss=2.7551  lr=0.07299  (206.0ms/step avg)
  step 173100/450360  loss=2.8573  lr=0.07296  (206.0ms/step avg)
  step 173200/450360  loss=2.9094  lr=0.07293  (206.0ms/step avg)
  step 173300/450360  loss=2.8212  lr=0.07289  (206.0ms/step avg)
  step 173400/450360  loss=2.749  lr=0.07286  (206.0ms/step avg)
  step 173500/450360  loss=2.6665  lr=0.07283  (206.0ms/step avg)
  step 173600/450360  loss=2.8555  lr=0.07279  (206.0ms/step avg)
  step 173700/450360  loss=2.7935  lr=0.07276  (206.0ms/step avg)
  step 173800/450360  loss=2.9172  lr=0.07273  (206.0ms/step avg)
  step 173900/450360  loss=2.8869  lr=0.0727  (206.0ms/step avg)
  step 174000/450360  loss=2.6795  lr=0.07266  (206.0ms/step avg)
  step 174100/450360  loss=2.8796  lr=0.07263  (206.0ms/step avg)
  step 174200/450360  loss=2.5671  lr=0.0726  (206.0ms/step avg)
  step 174300/450360  loss=2.6535  lr=0.07256  (206.0ms/step avg)
  step 174400/450360  loss=2.8062  lr=0.07253  (206.0ms/step avg)
  step 174500/450360  loss=2.792  lr=0.0725  (206.0ms/step avg)
  step 174600/450360  loss=2.8563  lr=0.07247  (206.0ms/step avg)
  step 174700/450360  loss=2.8678  lr=0.07243  (206.0ms/step avg)
  step 174800/450360  loss=2.9722  lr=0.0724  (206.0ms/step avg)
  step 174900/450360  loss=2.9157  lr=0.07237  (206.0ms/step avg)
  step 175000/450360  loss=2.6441  lr=0.07233  (206.0ms/step avg)
  step 175100/450360  loss=2.6889  lr=0.0723  (206.0ms/step avg)
  Running validation ...
[Epoch 35] lr=0.072287 loss(train_avg)=2.8161 val_top1=29484/50000 (0.5897) val_top5=0.8319 val_loss=1.7929  [1014.2s train, 17.7s val]
saved 54 param-groups to /home/skoonce/r50_2018_jax_2610/resnet50_imagenet_2018_e35.bin (102228128 bytes)
  saved full train state -> /home/skoonce/r50_2018_jax_2610/resnet50_imagenet_2018_e35.state.npz (428 arrays, step=175140)
  step 175200/450360  loss=2.7262  lr=0.07227  (206.0ms/step avg)
  step 175300/450360  loss=3.0243  lr=0.07223  (206.0ms/step avg)
  step 175400/450360  loss=2.9203  lr=0.0722  (206.0ms/step avg)
  step 175500/450360  loss=2.857  lr=0.07217  (206.0ms/step avg)
  step 175600/450360  loss=2.971  lr=0.07214  (206.0ms/step avg)
  step 175700/450360  loss=2.7076  lr=0.0721  (206.0ms/step avg)
  step 175800/450360  loss=2.9084  lr=0.07207  (206.0ms/step avg)
  step 175900/450360  loss=2.6841  lr=0.07204  (206.0ms/step avg)
  step 176000/450360  loss=2.7962  lr=0.072  (206.0ms/step avg)
  step 176100/450360  loss=2.7972  lr=0.07197  (206.0ms/step avg)
  step 176200/450360  loss=2.8944  lr=0.07194  (206.0ms/step avg)
  step 176300/450360  loss=2.7441  lr=0.0719  (206.0ms/step avg)
  step 176400/450360  loss=2.9746  lr=0.07187  (206.0ms/step avg)
  step 176500/450360  loss=2.9221  lr=0.07184  (206.0ms/step avg)
  step 176600/450360  loss=2.8686  lr=0.0718  (206.0ms/step avg)
  step 176700/450360  loss=2.6952  lr=0.07177  (206.0ms/step avg)
  step 176800/450360  loss=2.8376  lr=0.07174  (206.0ms/step avg)
  step 176900/450360  loss=2.8186  lr=0.0717  (206.0ms/step avg)
  step 177000/450360  loss=2.67  lr=0.07167  (206.0ms/step avg)
  step 177100/450360  loss=3.0687  lr=0.07164  (206.0ms/step avg)
  step 177200/450360  loss=2.7221  lr=0.0716  (206.0ms/step avg)
  step 177300/450360  loss=2.9656  lr=0.07157  (206.0ms/step avg)
  step 177400/450360  loss=2.7878  lr=0.07154  (206.0ms/step avg)
  step 177500/450360  loss=2.7917  lr=0.0715  (206.0ms/step avg)
  step 177600/450360  loss=2.8611  lr=0.07147  (206.0ms/step avg)
  step 177700/450360  loss=3.0062  lr=0.07144  (206.0ms/step avg)
  step 177800/450360  loss=2.6268  lr=0.0714  (206.0ms/step avg)
  step 177900/450360  loss=2.8844  lr=0.07137  (206.0ms/step avg)
  step 178000/450360  loss=2.8586  lr=0.07134  (206.0ms/step avg)
  step 178100/450360  loss=2.6906  lr=0.0713  (206.0ms/step avg)
  step 178200/450360  loss=2.6061  lr=0.07127  (206.0ms/step avg)
  step 178300/450360  loss=2.7827  lr=0.07124  (206.0ms/step avg)
  step 178400/450360  loss=2.9336  lr=0.0712  (206.0ms/step avg)
  step 178500/450360  loss=2.8863  lr=0.07117  (206.0ms/step avg)
  step 178600/450360  loss=2.822  lr=0.07114  (206.0ms/step avg)
  step 178700/450360  loss=2.8052  lr=0.0711  (206.0ms/step avg)
  step 178800/450360  loss=2.6584  lr=0.07107  (206.0ms/step avg)
  step 178900/450360  loss=2.9575  lr=0.07104  (206.0ms/step avg)
  step 179000/450360  loss=2.6675  lr=0.071  (206.0ms/step avg)
  step 179100/450360  loss=2.7967  lr=0.07097  (206.0ms/step avg)
  step 179200/450360  loss=2.915  lr=0.07094  (206.0ms/step avg)
  step 179300/450360  loss=2.9434  lr=0.0709  (206.0ms/step avg)
  step 179400/450360  loss=2.9595  lr=0.07087  (206.0ms/step avg)
  step 179500/450360  loss=2.8748  lr=0.07083  (206.0ms/step avg)
  step 179600/450360  loss=2.8782  lr=0.0708  (206.0ms/step avg)
  step 179700/450360  loss=2.614  lr=0.07077  (206.0ms/step avg)
  step 179800/450360  loss=2.7437  lr=0.07073  (206.0ms/step avg)
  step 179900/450360  loss=2.8618  lr=0.0707  (206.0ms/step avg)
  step 180000/450360  loss=2.7845  lr=0.07067  (206.0ms/step avg)
  step 180100/450360  loss=2.8773  lr=0.07063  (206.0ms/step avg)
  Running validation ...
[Epoch 36] lr=0.070618 loss(train_avg)=2.8041 val_top1=28760/50000 (0.5752) val_top5=0.8194 val_loss=1.8565  [1014.7s train, 17.6s val]
saved 54 param-groups to /home/skoonce/r50_2018_jax_2610/resnet50_imagenet_2018_e36.bin (102228128 bytes)
  saved full train state -> /home/skoonce/r50_2018_jax_2610/resnet50_imagenet_2018_e36.state.npz (428 arrays, step=180144)
  step 180200/450360  loss=2.9668  lr=0.0706  (206.0ms/step avg)
  step 180300/450360  loss=2.9212  lr=0.07057  (206.0ms/step avg)
  step 180400/450360  loss=2.9142  lr=0.07053  (206.0ms/step avg)
  step 180500/450360  loss=2.7105  lr=0.0705  (206.0ms/step avg)
  step 180600/450360  loss=2.6889  lr=0.07046  (206.0ms/step avg)
  step 180700/450360  loss=2.8024  lr=0.07043  (206.0ms/step avg)
  step 180800/450360  loss=2.7967  lr=0.0704  (206.0ms/step avg)
  step 180900/450360  loss=2.85  lr=0.07036  (206.0ms/step avg)
  step 181000/450360  loss=2.8034  lr=0.07033  (206.0ms/step avg)
  step 181100/450360  loss=2.9408  lr=0.0703  (206.0ms/step avg)
  step 181200/450360  loss=2.9413  lr=0.07026  (206.0ms/step avg)
  step 181300/450360  loss=2.6867  lr=0.07023  (206.0ms/step avg)
  step 181400/450360  loss=2.8508  lr=0.07019  (206.0ms/step avg)
  step 181500/450360  loss=2.9692  lr=0.07016  (206.0ms/step avg)
  step 181600/450360  loss=2.6862  lr=0.07013  (206.0ms/step avg)
  step 181700/450360  loss=2.7179  lr=0.07009  (206.0ms/step avg)
  step 181800/450360  loss=2.7753  lr=0.07006  (206.0ms/step avg)
  step 181900/450360  loss=2.8914  lr=0.07003  (206.0ms/step avg)
  step 182000/450360  loss=2.6778  lr=0.06999  (206.0ms/step avg)
  step 182100/450360  loss=2.5647  lr=0.06996  (206.0ms/step avg)
  step 182200/450360  loss=2.7168  lr=0.06992  (206.0ms/step avg)
  step 182300/450360  loss=2.8366  lr=0.06989  (206.0ms/step avg)
  step 182400/450360  loss=2.7139  lr=0.06986  (206.0ms/step avg)
  step 182500/450360  loss=2.7153  lr=0.06982  (206.0ms/step avg)
  step 182600/450360  loss=2.7153  lr=0.06979  (206.0ms/step avg)
  step 182700/450360  loss=2.8177  lr=0.06975  (206.0ms/step avg)
  step 182800/450360  loss=2.7485  lr=0.06972  (206.0ms/step avg)
  step 182900/450360  loss=2.6392  lr=0.06969  (206.0ms/step avg)
  step 183000/450360  loss=2.9629  lr=0.06965  (206.0ms/step avg)
  step 183100/450360  loss=2.805  lr=0.06962  (206.0ms/step avg)
  step 183200/450360  loss=2.7354  lr=0.06958  (206.0ms/step avg)
  step 183300/450360  loss=2.7825  lr=0.06955  (206.0ms/step avg)
  step 183400/450360  loss=2.7824  lr=0.06952  (206.0ms/step avg)
  step 183500/450360  loss=2.9276  lr=0.06948  (206.0ms/step avg)
  step 183600/450360  loss=2.6769  lr=0.06945  (206.0ms/step avg)
  step 183700/450360  loss=2.7769  lr=0.06941  (206.0ms/step avg)
  step 183800/450360  loss=2.6127  lr=0.06938  (206.0ms/step avg)
  step 183900/450360  loss=2.7942  lr=0.06935  (206.0ms/step avg)
  step 184000/450360  loss=2.6546  lr=0.06931  (206.0ms/step avg)
  step 184100/450360  loss=2.5459  lr=0.06928  (206.0ms/step avg)
  step 184200/450360  loss=3.0105  lr=0.06924  (206.0ms/step avg)
  step 184300/450360  loss=2.9075  lr=0.06921  (206.0ms/step avg)
  step 184400/450360  loss=2.8351  lr=0.06918  (206.0ms/step avg)
  step 184500/450360  loss=2.6294  lr=0.06914  (206.0ms/step avg)
  step 184600/450360  loss=2.6154  lr=0.06911  (206.0ms/step avg)
  step 184700/450360  loss=2.9733  lr=0.06907  (206.0ms/step avg)
  step 184800/450360  loss=2.6281  lr=0.06904  (206.0ms/step avg)
  step 184900/450360  loss=2.5994  lr=0.06901  (206.0ms/step avg)
  step 185000/450360  loss=2.8538  lr=0.06897  (206.0ms/step avg)
  step 185100/450360  loss=2.7766  lr=0.06894  (206.0ms/step avg)
  Running validation ...
[Epoch 37] lr=0.068921 loss(train_avg)=2.7948 val_top1=29243/50000 (0.5849) val_top5=0.8256 val_loss=1.8277  [1014.6s train, 17.7s val]
saved 54 param-groups to /home/skoonce/r50_2018_jax_2610/resnet50_imagenet_2018_e37.bin (102228128 bytes)
  saved full train state -> /home/skoonce/r50_2018_jax_2610/resnet50_imagenet_2018_e37.state.npz (428 arrays, step=185148)
  step 185200/450360  loss=2.6609  lr=0.0689  (206.0ms/step avg)
  step 185300/450360  loss=2.9205  lr=0.06887  (206.0ms/step avg)
  step 185400/450360  loss=2.7638  lr=0.06883  (206.0ms/step avg)
  step 185500/450360  loss=2.7738  lr=0.0688  (206.0ms/step avg)
  step 185600/450360  loss=2.9097  lr=0.06877  (206.0ms/step avg)
  step 185700/450360  loss=2.8567  lr=0.06873  (206.0ms/step avg)
  step 185800/450360  loss=2.7493  lr=0.0687  (206.0ms/step avg)
  step 185900/450360  loss=2.7814  lr=0.06866  (206.0ms/step avg)
  step 186000/450360  loss=2.8104  lr=0.06863  (206.0ms/step avg)
  step 186100/450360  loss=2.6677  lr=0.06859  (206.0ms/step avg)
  step 186200/450360  loss=2.7503  lr=0.06856  (206.0ms/step avg)
  step 186300/450360  loss=2.9688  lr=0.06853  (206.0ms/step avg)
  step 186400/450360  loss=2.7105  lr=0.06849  (206.0ms/step avg)
  step 186500/450360  loss=2.5995  lr=0.06846  (206.0ms/step avg)
  step 186600/450360  loss=2.9995  lr=0.06842  (206.0ms/step avg)
  step 186700/450360  loss=2.914  lr=0.06839  (206.0ms/step avg)
  step 186800/450360  loss=2.742  lr=0.06835  (206.0ms/step avg)
  step 186900/450360  loss=2.7212  lr=0.06832  (206.0ms/step avg)
  step 187000/450360  loss=2.8547  lr=0.06829  (206.0ms/step avg)
  step 187100/450360  loss=2.8731  lr=0.06825  (206.0ms/step avg)
  step 187200/450360  loss=2.5893  lr=0.06822  (206.0ms/step avg)
  step 187300/450360  loss=3.0184  lr=0.06818  (206.0ms/step avg)
  step 187400/450360  loss=2.8899  lr=0.06815  (206.0ms/step avg)
  step 187500/450360  loss=2.8331  lr=0.06811  (206.0ms/step avg)
  step 187600/450360  loss=2.8399  lr=0.06808  (206.0ms/step avg)
  step 187700/450360  loss=2.7516  lr=0.06805  (206.0ms/step avg)
  step 187800/450360  loss=2.9051  lr=0.06801  (206.0ms/step avg)
  step 187900/450360  loss=2.9723  lr=0.06798  (206.0ms/step avg)
  step 188000/450360  loss=2.779  lr=0.06794  (206.0ms/step avg)
  step 188100/450360  loss=2.9127  lr=0.06791  (206.0ms/step avg)
  step 188200/450360  loss=2.8187  lr=0.06787  (206.0ms/step avg)
  step 188300/450360  loss=2.6759  lr=0.06784  (206.0ms/step avg)
  step 188400/450360  loss=2.9249  lr=0.0678  (206.0ms/step avg)
  step 188500/450360  loss=2.8414  lr=0.06777  (206.0ms/step avg)
  step 188600/450360  loss=2.7673  lr=0.06773  (206.0ms/step avg)
  step 188700/450360  loss=2.908  lr=0.0677  (206.0ms/step avg)
  step 188800/450360  loss=2.9898  lr=0.06767  (206.0ms/step avg)
  step 188900/450360  loss=2.6655  lr=0.06763  (206.0ms/step avg)
  step 189000/450360  loss=2.9074  lr=0.0676  (206.0ms/step avg)
  step 189100/450360  loss=2.6459  lr=0.06756  (206.0ms/step avg)
  step 189200/450360  loss=3.0236  lr=0.06753  (206.0ms/step avg)
  step 189300/450360  loss=2.859  lr=0.06749  (206.0ms/step avg)
  step 189400/450360  loss=2.8121  lr=0.06746  (206.0ms/step avg)
  step 189500/450360  loss=2.8666  lr=0.06742  (206.0ms/step avg)
  step 189600/450360  loss=2.6873  lr=0.06739  (206.0ms/step avg)
  step 189700/450360  loss=2.7492  lr=0.06735  (206.0ms/step avg)
  step 189800/450360  loss=2.5321  lr=0.06732  (206.0ms/step avg)
  step 189900/450360  loss=2.7611  lr=0.06729  (206.0ms/step avg)
  step 190000/450360  loss=2.8986  lr=0.06725  (206.0ms/step avg)
  step 190100/450360  loss=2.8216  lr=0.06722  (206.0ms/step avg)
  Running validation ...
[Epoch 38] lr=0.067198 loss(train_avg)=2.7821 val_top1=29060/50000 (0.5812) val_top5=0.8194 val_loss=1.8454  [1015.9s train, 17.6s val]
saved 54 param-groups to /home/skoonce/r50_2018_jax_2610/resnet50_imagenet_2018_e38.bin (102228128 bytes)
  saved full train state -> /home/skoonce/r50_2018_jax_2610/resnet50_imagenet_2018_e38.state.npz (428 arrays, step=190152)
  step 190200/450360  loss=2.6446  lr=0.06718  (206.0ms/step avg)
  step 190300/450360  loss=2.7834  lr=0.06715  (206.0ms/step avg)
  step 190400/450360  loss=2.8377  lr=0.06711  (206.0ms/step avg)
  step 190500/450360  loss=2.7441  lr=0.06708  (206.0ms/step avg)
  step 190600/450360  loss=2.7131  lr=0.06704  (206.0ms/step avg)
  step 190700/450360  loss=2.8271  lr=0.06701  (206.0ms/step avg)
  step 190800/450360  loss=2.695  lr=0.06697  (206.0ms/step avg)
  step 190900/450360  loss=2.8363  lr=0.06694  (206.0ms/step avg)
  step 191000/450360  loss=2.7909  lr=0.0669  (206.0ms/step avg)
  step 191100/450360  loss=2.5448  lr=0.06687  (206.0ms/step avg)
  step 191200/450360  loss=2.7356  lr=0.06683  (206.0ms/step avg)
  step 191300/450360  loss=2.6497  lr=0.0668  (206.0ms/step avg)
  step 191400/450360  loss=2.7512  lr=0.06676  (206.0ms/step avg)
  step 191500/450360  loss=2.6441  lr=0.06673  (206.0ms/step avg)
  step 191600/450360  loss=2.8315  lr=0.06669  (206.0ms/step avg)
  step 191700/450360  loss=2.6909  lr=0.06666  (206.0ms/step avg)
  step 191800/450360  loss=2.7761  lr=0.06663  (206.0ms/step avg)
  step 191900/450360  loss=2.6289  lr=0.06659  (206.0ms/step avg)
  step 192000/450360  loss=2.9254  lr=0.06656  (206.0ms/step avg)
  step 192100/450360  loss=2.7539  lr=0.06652  (206.0ms/step avg)
  step 192200/450360  loss=2.6679  lr=0.06649  (206.0ms/step avg)
  step 192300/450360  loss=2.6631  lr=0.06645  (206.0ms/step avg)
  step 192400/450360  loss=2.944  lr=0.06642  (206.0ms/step avg)
  step 192500/450360  loss=2.8128  lr=0.06638  (206.0ms/step avg)
  step 192600/450360  loss=2.7647  lr=0.06635  (206.0ms/step avg)
  step 192700/450360  loss=2.6952  lr=0.06631  (206.0ms/step avg)
  step 192800/450360  loss=2.798  lr=0.06628  (206.0ms/step avg)
  step 192900/450360  loss=2.8686  lr=0.06624  (206.0ms/step avg)
  step 193000/450360  loss=2.9415  lr=0.06621  (206.0ms/step avg)
  step 193100/450360  loss=2.6428  lr=0.06617  (206.0ms/step avg)
  step 193200/450360  loss=2.9782  lr=0.06614  (206.0ms/step avg)
  step 193300/450360  loss=2.8438  lr=0.0661  (206.0ms/step avg)
  step 193400/450360  loss=2.6772  lr=0.06607  (206.0ms/step avg)
  step 193500/450360  loss=2.7293  lr=0.06603  (206.0ms/step avg)
  step 193600/450360  loss=2.7838  lr=0.066  (206.0ms/step avg)
  step 193700/450360  loss=2.795  lr=0.06596  (206.0ms/step avg)
  step 193800/450360  loss=2.7071  lr=0.06593  (206.0ms/step avg)
  step 193900/450360  loss=2.85  lr=0.06589  (206.0ms/step avg)
  step 194000/450360  loss=2.6541  lr=0.06586  (206.0ms/step avg)
  step 194100/450360  loss=2.7017  lr=0.06582  (206.0ms/step avg)
  step 194200/450360  loss=2.8597  lr=0.06579  (206.0ms/step avg)
  step 194300/450360  loss=2.7684  lr=0.06575  (206.0ms/step avg)
  step 194400/450360  loss=2.7943  lr=0.06572  (206.0ms/step avg)
  step 194500/450360  loss=2.8613  lr=0.06568  (206.0ms/step avg)
  step 194600/450360  loss=2.8185  lr=0.06565  (206.0ms/step avg)
  step 194700/450360  loss=2.582  lr=0.06561  (206.0ms/step avg)
  step 194800/450360  loss=2.7012  lr=0.06558  (206.0ms/step avg)
  step 194900/450360  loss=2.7371  lr=0.06554  (206.0ms/step avg)
  step 195000/450360  loss=2.8937  lr=0.06551  (206.0ms/step avg)
  step 195100/450360  loss=2.6314  lr=0.06547  (206.0ms/step avg)
  Running validation ...
[Epoch 39] lr=0.065451 loss(train_avg)=2.7707 val_top1=29578/50000 (0.5916) val_top5=0.8303 val_loss=1.7967  [1015.9s train, 17.8s val]
saved 54 param-groups to /home/skoonce/r50_2018_jax_2610/resnet50_imagenet_2018_e39.bin (102228128 bytes)
  saved full train state -> /home/skoonce/r50_2018_jax_2610/resnet50_imagenet_2018_e39.state.npz (428 arrays, step=195156)
  step 195200/450360  loss=2.7013  lr=0.06544  (206.0ms/step avg)
  step 195300/450360  loss=2.917  lr=0.0654  (206.0ms/step avg)
  step 195400/450360  loss=2.7165  lr=0.06537  (206.0ms/step avg)
  step 195500/450360  loss=2.7342  lr=0.06533  (206.0ms/step avg)
  step 195600/450360  loss=2.6468  lr=0.0653  (206.0ms/step avg)
  step 195700/450360  loss=2.6516  lr=0.06526  (206.0ms/step avg)
  step 195800/450360  loss=2.868  lr=0.06522  (206.0ms/step avg)
  step 195900/450360  loss=2.8314  lr=0.06519  (206.0ms/step avg)
  step 196000/450360  loss=2.708  lr=0.06515  (206.0ms/step avg)
  step 196100/450360  loss=2.6591  lr=0.06512  (206.0ms/step avg)
  step 196200/450360  loss=2.9885  lr=0.06508  (206.0ms/step avg)
  step 196300/450360  loss=2.7954  lr=0.06505  (206.0ms/step avg)
  step 196400/450360  loss=3.0578  lr=0.06501  (206.0ms/step avg)
  step 196500/450360  loss=2.8049  lr=0.06498  (206.0ms/step avg)
  step 196600/450360  loss=2.7482  lr=0.06494  (206.0ms/step avg)
  step 196700/450360  loss=2.7594  lr=0.06491  (206.0ms/step avg)
  step 196800/450360  loss=2.5952  lr=0.06487  (206.0ms/step avg)
  step 196900/450360  loss=2.5955  lr=0.06484  (206.0ms/step avg)
  step 197000/450360  loss=2.7726  lr=0.0648  (206.0ms/step avg)
  step 197100/450360  loss=3.0088  lr=0.06477  (206.0ms/step avg)
  step 197200/450360  loss=2.8902  lr=0.06473  (206.0ms/step avg)
  step 197300/450360  loss=2.7555  lr=0.0647  (206.0ms/step avg)
  step 197400/450360  loss=2.8103  lr=0.06466  (206.0ms/step avg)
  step 197500/450360  loss=2.6826  lr=0.06463  (206.0ms/step avg)
  step 197600/450360  loss=2.8681  lr=0.06459  (206.0ms/step avg)
  step 197700/450360  loss=2.6239  lr=0.06456  (206.0ms/step avg)
  step 197800/450360  loss=2.7673  lr=0.06452  (206.0ms/step avg)
  step 197900/450360  loss=2.6393  lr=0.06448  (206.0ms/step avg)
  step 198000/450360  loss=2.7689  lr=0.06445  (206.0ms/step avg)
  step 198100/450360  loss=2.7276  lr=0.06441  (206.0ms/step avg)
  step 198200/450360  loss=2.8682  lr=0.06438  (206.0ms/step avg)
  step 198300/450360  loss=2.9344  lr=0.06434  (206.0ms/step avg)
  step 198400/450360  loss=2.7094  lr=0.06431  (206.0ms/step avg)
  step 198500/450360  loss=2.8306  lr=0.06427  (206.0ms/step avg)
  step 198600/450360  loss=2.6209  lr=0.06424  (206.0ms/step avg)
  step 198700/450360  loss=2.6808  lr=0.0642  (206.0ms/step avg)
  step 198800/450360  loss=2.6538  lr=0.06417  (206.0ms/step avg)
  step 198900/450360  loss=2.7792  lr=0.06413  (206.0ms/step avg)
  step 199000/450360  loss=2.7429  lr=0.0641  (206.0ms/step avg)
  step 199100/450360  loss=2.6874  lr=0.06406  (206.0ms/step avg)
  step 199200/450360  loss=2.6664  lr=0.06402  (206.0ms/step avg)
  step 199300/450360  loss=2.5413  lr=0.06399  (206.0ms/step avg)
  step 199400/450360  loss=2.6151  lr=0.06395  (206.0ms/step avg)
  step 199500/450360  loss=2.8193  lr=0.06392  (206.0ms/step avg)
  step 199600/450360  loss=2.8461  lr=0.06388  (206.0ms/step avg)
  step 199700/450360  loss=2.684  lr=0.06385  (206.0ms/step avg)
  step 199800/450360  loss=2.9163  lr=0.06381  (206.0ms/step avg)
  step 199900/450360  loss=2.7934  lr=0.06378  (206.0ms/step avg)
  step 200000/450360  loss=2.7979  lr=0.06374  (206.0ms/step avg)
  step 200100/450360  loss=2.5698  lr=0.0637  (206.0ms/step avg)
  Running validation ...
[Epoch 40] lr=0.063684 loss(train_avg)=2.7596 val_top1=29270/50000 (0.5854) val_top5=0.8282 val_loss=1.8257  [1016.1s train, 17.8s val]
saved 54 param-groups to /home/skoonce/r50_2018_jax_2610/resnet50_imagenet_2018_e40.bin (102228128 bytes)
  saved full train state -> /home/skoonce/r50_2018_jax_2610/resnet50_imagenet_2018_e40.state.npz (428 arrays, step=200160)
  step 200200/450360  loss=2.7152  lr=0.06367  (206.0ms/step avg)
  step 200300/450360  loss=2.5614  lr=0.06363  (206.0ms/step avg)
  step 200400/450360  loss=2.9359  lr=0.0636  (206.0ms/step avg)
  step 200500/450360  loss=2.9149  lr=0.06356  (206.0ms/step avg)
  step 200600/450360  loss=2.7796  lr=0.06353  (206.0ms/step avg)
  step 200700/450360  loss=2.5844  lr=0.06349  (206.0ms/step avg)
  step 200800/450360  loss=2.6898  lr=0.06346  (206.0ms/step avg)
  step 200900/450360  loss=2.7192  lr=0.06342  (206.0ms/step avg)
  step 201000/450360  loss=2.9199  lr=0.06338  (206.0ms/step avg)
  step 201100/450360  loss=2.7247  lr=0.06335  (206.0ms/step avg)
  step 201200/450360  loss=2.7939  lr=0.06331  (206.0ms/step avg)
  step 201300/450360  loss=2.7729  lr=0.06328  (206.0ms/step avg)
  step 201400/450360  loss=2.6268  lr=0.06324  (206.0ms/step avg)
  step 201500/450360  loss=2.7505  lr=0.06321  (206.0ms/step avg)
  step 201600/450360  loss=2.8467  lr=0.06317  (206.0ms/step avg)
  step 201700/450360  loss=2.7371  lr=0.06314  (206.0ms/step avg)
  step 201800/450360  loss=2.7948  lr=0.0631  (206.0ms/step avg)
  step 201900/450360  loss=2.6507  lr=0.06306  (206.0ms/step avg)
  step 202000/450360  loss=2.8627  lr=0.06303  (206.0ms/step avg)
  step 202100/450360  loss=2.6458  lr=0.06299  (206.0ms/step avg)
  step 202200/450360  loss=2.7886  lr=0.06296  (206.0ms/step avg)
  step 202300/450360  loss=2.8589  lr=0.06292  (206.0ms/step avg)
  step 202400/450360  loss=2.8377  lr=0.06289  (206.0ms/step avg)
  step 202500/450360  loss=2.6804  lr=0.06285  (206.0ms/step avg)
  step 202600/450360  loss=2.765  lr=0.06281  (206.0ms/step avg)
  step 202700/450360  loss=2.5899  lr=0.06278  (206.0ms/step avg)
  step 202800/450360  loss=2.6969  lr=0.06274  (206.0ms/step avg)
  step 202900/450360  loss=2.8095  lr=0.06271  (206.0ms/step avg)
  step 203000/450360  loss=2.7943  lr=0.06267  (206.0ms/step avg)
  step 203100/450360  loss=2.6551  lr=0.06264  (206.0ms/step avg)
  step 203200/450360  loss=2.9027  lr=0.0626  (206.0ms/step avg)
  step 203300/450360  loss=2.7683  lr=0.06256  (206.0ms/step avg)
  step 203400/450360  loss=2.6743  lr=0.06253  (206.0ms/step avg)
  step 203500/450360  loss=2.9513  lr=0.06249  (206.0ms/step avg)
  step 203600/450360  loss=2.7325  lr=0.06246  (206.0ms/step avg)
  step 203700/450360  loss=2.6917  lr=0.06242  (206.0ms/step avg)
  step 203800/450360  loss=2.8629  lr=0.06239  (206.0ms/step avg)
  step 203900/450360  loss=2.6819  lr=0.06235  (206.0ms/step avg)
  step 204000/450360  loss=2.7405  lr=0.06231  (206.0ms/step avg)
  step 204100/450360  loss=2.6967  lr=0.06228  (206.0ms/step avg)
  step 204200/450360  loss=2.8512  lr=0.06224  (206.0ms/step avg)
  step 204300/450360  loss=2.7446  lr=0.06221  (206.0ms/step avg)
  step 204400/450360  loss=2.6299  lr=0.06217  (206.0ms/step avg)
  step 204500/450360  loss=2.6686  lr=0.06214  (206.0ms/step avg)
  step 204600/450360  loss=2.5592  lr=0.0621  (206.0ms/step avg)
  step 204700/450360  loss=2.708  lr=0.06206  (206.0ms/step avg)
  step 204800/450360  loss=2.8862  lr=0.06203  (206.0ms/step avg)
  step 204900/450360  loss=2.9369  lr=0.06199  (206.0ms/step avg)
  step 205000/450360  loss=2.9651  lr=0.06196  (206.0ms/step avg)
  step 205100/450360  loss=2.6469  lr=0.06192  (206.0ms/step avg)
  Running validation ...
[Epoch 41] lr=0.061897 loss(train_avg)=2.7475 val_top1=29616/50000 (0.5923) val_top5=0.8305 val_loss=1.7904  [1015.8s train, 17.7s val]
saved 54 param-groups to /home/skoonce/r50_2018_jax_2610/resnet50_imagenet_2018_e41.bin (102228128 bytes)
  saved full train state -> /home/skoonce/r50_2018_jax_2610/resnet50_imagenet_2018_e41.state.npz (428 arrays, step=205164)
  step 205200/450360  loss=2.6206  lr=0.06188  (206.0ms/step avg)
  step 205300/450360  loss=2.8576  lr=0.06185  (206.0ms/step avg)
  step 205400/450360  loss=2.7863  lr=0.06181  (206.0ms/step avg)
  step 205500/450360  loss=2.7843  lr=0.06178  (206.0ms/step avg)
  step 205600/450360  loss=2.5874  lr=0.06174  (206.0ms/step avg)
  step 205700/450360  loss=2.6035  lr=0.0617  (206.0ms/step avg)
  step 205800/450360  loss=2.7114  lr=0.06167  (206.0ms/step avg)
  step 205900/450360  loss=2.777  lr=0.06163  (206.0ms/step avg)
  step 206000/450360  loss=2.8269  lr=0.0616  (206.0ms/step avg)
  step 206100/450360  loss=2.5121  lr=0.06156  (206.0ms/step avg)
  step 206200/450360  loss=2.6558  lr=0.06153  (206.0ms/step avg)
  step 206300/450360  loss=2.8236  lr=0.06149  (206.0ms/step avg)
  step 206400/450360  loss=2.7991  lr=0.06145  (206.0ms/step avg)
  step 206500/450360  loss=2.734  lr=0.06142  (206.0ms/step avg)
  step 206600/450360  loss=2.7045  lr=0.06138  (206.0ms/step avg)
  step 206700/450360  loss=2.6447  lr=0.06135  (206.0ms/step avg)
  step 206800/450360  loss=2.6385  lr=0.06131  (206.0ms/step avg)
  step 206900/450360  loss=2.8363  lr=0.06127  (206.0ms/step avg)
  step 207000/450360  loss=2.5291  lr=0.06124  (206.0ms/step avg)
  step 207100/450360  loss=2.8617  lr=0.0612  (206.0ms/step avg)
  step 207200/450360  loss=2.6753  lr=0.06117  (206.0ms/step avg)
  step 207300/450360  loss=2.7419  lr=0.06113  (206.0ms/step avg)
  step 207400/450360  loss=2.7573  lr=0.06109  (206.0ms/step avg)
  step 207500/450360  loss=2.652  lr=0.06106  (206.0ms/step avg)
  step 207600/450360  loss=2.6782  lr=0.06102  (206.0ms/step avg)
  step 207700/450360  loss=2.7055  lr=0.06099  (206.0ms/step avg)
  step 207800/450360  loss=2.8568  lr=0.06095  (206.0ms/step avg)
  step 207900/450360  loss=2.8411  lr=0.06091  (206.0ms/step avg)
  step 208000/450360  loss=2.7236  lr=0.06088  (206.0ms/step avg)
  step 208100/450360  loss=2.7092  lr=0.06084  (206.0ms/step avg)
  step 208200/450360  loss=2.786  lr=0.06081  (206.0ms/step avg)
  step 208300/450360  loss=2.7315  lr=0.06077  (206.0ms/step avg)
  step 208400/450360  loss=2.659  lr=0.06073  (206.0ms/step avg)
  step 208500/450360  loss=2.7101  lr=0.0607  (206.0ms/step avg)
  step 208600/450360  loss=2.6967  lr=0.06066  (206.0ms/step avg)
  step 208700/450360  loss=2.7417  lr=0.06062  (206.0ms/step avg)
  step 208800/450360  loss=2.6109  lr=0.06059  (206.0ms/step avg)
  step 208900/450360  loss=2.6804  lr=0.06055  (206.0ms/step avg)
  step 209000/450360  loss=2.771  lr=0.06052  (206.0ms/step avg)
  step 209100/450360  loss=2.7084  lr=0.06048  (206.0ms/step avg)
  step 209200/450360  loss=2.8109  lr=0.06044  (206.0ms/step avg)
  step 209300/450360  loss=2.9269  lr=0.06041  (206.0ms/step avg)
  step 209400/450360  loss=2.785  lr=0.06037  (206.0ms/step avg)
  step 209500/450360  loss=2.6373  lr=0.06034  (206.0ms/step avg)
  step 209600/450360  loss=2.8408  lr=0.0603  (206.0ms/step avg)
  step 209700/450360  loss=2.8254  lr=0.06026  (206.0ms/step avg)
  step 209800/450360  loss=2.7358  lr=0.06023  (206.0ms/step avg)
  step 209900/450360  loss=2.6353  lr=0.06019  (206.0ms/step avg)
  step 210000/450360  loss=2.5899  lr=0.06016  (206.0ms/step avg)
  step 210100/450360  loss=2.6502  lr=0.06012  (206.0ms/step avg)
  Running validation ...
[Epoch 42] lr=0.060094 loss(train_avg)=2.7351 val_top1=30292/50000 (0.6058) val_top5=0.84 val_loss=1.7119  [1016.0s train, 17.7s val]
saved 54 param-groups to /home/skoonce/r50_2018_jax_2610/resnet50_imagenet_2018_e42.bin (102228128 bytes)
  saved full train state -> /home/skoonce/r50_2018_jax_2610/resnet50_imagenet_2018_e42.state.npz (428 arrays, step=210168)
  step 210200/450360  loss=2.6123  lr=0.06008  (206.0ms/step avg)
  step 210300/450360  loss=2.5628  lr=0.06005  (206.0ms/step avg)
  step 210400/450360  loss=2.6655  lr=0.06001  (206.0ms/step avg)
  step 210500/450360  loss=2.6189  lr=0.05997  (206.0ms/step avg)
  step 210600/450360  loss=2.6579  lr=0.05994  (206.0ms/step avg)
  step 210700/450360  loss=2.5639  lr=0.0599  (206.0ms/step avg)
  step 210800/450360  loss=2.5906  lr=0.05987  (206.0ms/step avg)
  step 210900/450360  loss=2.6536  lr=0.05983  (206.0ms/step avg)
  step 211000/450360  loss=2.7984  lr=0.05979  (206.0ms/step avg)
  step 211100/450360  loss=2.5658  lr=0.05976  (206.0ms/step avg)
  step 211200/450360  loss=2.9424  lr=0.05972  (206.0ms/step avg)
  step 211300/450360  loss=2.7693  lr=0.05968  (206.0ms/step avg)
  step 211400/450360  loss=2.8119  lr=0.05965  (206.0ms/step avg)
  step 211500/450360  loss=2.8932  lr=0.05961  (206.0ms/step avg)
  step 211600/450360  loss=2.5939  lr=0.05958  (206.0ms/step avg)
  step 211700/450360  loss=2.7539  lr=0.05954  (206.0ms/step avg)
  step 211800/450360  loss=2.8255  lr=0.0595  (206.0ms/step avg)
  step 211900/450360  loss=2.7144  lr=0.05947  (206.0ms/step avg)
  step 212000/450360  loss=2.8786  lr=0.05943  (206.0ms/step avg)
  step 212100/450360  loss=2.6999  lr=0.05939  (206.0ms/step avg)
  step 212200/450360  loss=2.7919  lr=0.05936  (206.0ms/step avg)
  step 212300/450360  loss=2.7651  lr=0.05932  (206.0ms/step avg)
  step 212400/450360  loss=2.6701  lr=0.05929  (206.0ms/step avg)
  step 212500/450360  loss=2.7442  lr=0.05925  (206.0ms/step avg)
  step 212600/450360  loss=2.6012  lr=0.05921  (206.0ms/step avg)
  step 212700/450360  loss=2.6344  lr=0.05918  (206.0ms/step avg)
  step 212800/450360  loss=2.8791  lr=0.05914  (206.0ms/step avg)
  step 212900/450360  loss=2.6069  lr=0.0591  (206.0ms/step avg)
  step 213000/450360  loss=2.5667  lr=0.05907  (206.0ms/step avg)
  step 213100/450360  loss=2.9225  lr=0.05903  (206.0ms/step avg)
  step 213200/450360  loss=2.7963  lr=0.059  (206.0ms/step avg)
  step 213300/450360  loss=2.8574  lr=0.05896  (206.0ms/step avg)
  step 213400/450360  loss=2.7869  lr=0.05892  (206.0ms/step avg)
  step 213500/450360  loss=2.734  lr=0.05889  (206.0ms/step avg)
  step 213600/450360  loss=2.911  lr=0.05885  (206.0ms/step avg)
  step 213700/450360  loss=2.5237  lr=0.05881  (206.0ms/step avg)
  step 213800/450360  loss=2.613  lr=0.05878  (206.0ms/step avg)
  step 213900/450360  loss=2.6034  lr=0.05874  (206.0ms/step avg)
  step 214000/450360  loss=2.7293  lr=0.0587  (206.0ms/step avg)
  step 214100/450360  loss=2.651  lr=0.05867  (206.0ms/step avg)
  step 214200/450360  loss=2.8329  lr=0.05863  (206.0ms/step avg)
  step 214300/450360  loss=2.6701  lr=0.0586  (206.0ms/step avg)
  step 214400/450360  loss=2.629  lr=0.05856  (206.0ms/step avg)
  step 214500/450360  loss=2.746  lr=0.05852  (206.0ms/step avg)
  step 214600/450360  loss=2.8362  lr=0.05849  (206.0ms/step avg)
  step 214700/450360  loss=2.6227  lr=0.05845  (206.0ms/step avg)
  step 214800/450360  loss=2.7359  lr=0.05841  (206.0ms/step avg)
  step 214900/450360  loss=2.6421  lr=0.05838  (206.0ms/step avg)
  step 215000/450360  loss=2.8417  lr=0.05834  (206.0ms/step avg)
  step 215100/450360  loss=2.7481  lr=0.0583  (206.0ms/step avg)
  Running validation ...
[Epoch 43] lr=0.058278 loss(train_avg)=2.7216 val_top1=30380/50000 (0.6076) val_top5=0.8421 val_loss=1.6996  [1015.8s train, 17.6s val]
saved 54 param-groups to /home/skoonce/r50_2018_jax_2610/resnet50_imagenet_2018_e43.bin (102228128 bytes)
  saved full train state -> /home/skoonce/r50_2018_jax_2610/resnet50_imagenet_2018_e43.state.npz (428 arrays, step=215172)
  step 215200/450360  loss=2.9588  lr=0.05827  (206.0ms/step avg)
  step 215300/450360  loss=2.9136  lr=0.05823  (206.0ms/step avg)
  step 215400/450360  loss=2.5708  lr=0.0582  (206.0ms/step avg)
  step 215500/450360  loss=2.6655  lr=0.05816  (206.0ms/step avg)
  step 215600/450360  loss=2.8271  lr=0.05812  (206.0ms/step avg)
  step 215700/450360  loss=2.744  lr=0.05809  (206.0ms/step avg)
  step 215800/450360  loss=2.6765  lr=0.05805  (206.0ms/step avg)
  step 215900/450360  loss=2.8646  lr=0.05801  (206.0ms/step avg)
  step 216000/450360  loss=2.6732  lr=0.05798  (206.0ms/step avg)
  step 216100/450360  loss=2.7367  lr=0.05794  (206.0ms/step avg)
  step 216200/450360  loss=2.6035  lr=0.0579  (206.0ms/step avg)
  step 216300/450360  loss=2.7292  lr=0.05787  (206.0ms/step avg)
  step 216400/450360  loss=2.6956  lr=0.05783  (206.0ms/step avg)
  step 216500/450360  loss=2.6213  lr=0.05779  (206.0ms/step avg)
  step 216600/450360  loss=2.62  lr=0.05776  (206.0ms/step avg)
  step 216700/450360  loss=2.7201  lr=0.05772  (206.0ms/step avg)
  step 216800/450360  loss=2.7336  lr=0.05768  (206.0ms/step avg)
  step 216900/450360  loss=2.7584  lr=0.05765  (206.0ms/step avg)
  step 217000/450360  loss=2.6335  lr=0.05761  (206.0ms/step avg)
  step 217100/450360  loss=2.7343  lr=0.05758  (206.0ms/step avg)
  step 217200/450360  loss=2.753  lr=0.05754  (206.0ms/step avg)
  step 217300/450360  loss=2.6787  lr=0.0575  (206.0ms/step avg)
  step 217400/450360  loss=2.3414  lr=0.05747  (206.0ms/step avg)
  step 217500/450360  loss=2.6531  lr=0.05743  (206.0ms/step avg)
  step 217600/450360  loss=2.7011  lr=0.05739  (206.0ms/step avg)
  step 217700/450360  loss=2.8186  lr=0.05736  (206.0ms/step avg)
  step 217800/450360  loss=2.8232  lr=0.05732  (206.0ms/step avg)
  step 217900/450360  loss=2.7942  lr=0.05728  (206.0ms/step avg)
  step 218000/450360  loss=2.7935  lr=0.05725  (206.0ms/step avg)
  step 218100/450360  loss=2.685  lr=0.05721  (206.0ms/step avg)
  step 218200/450360  loss=2.8636  lr=0.05717  (206.0ms/step avg)
  step 218300/450360  loss=2.7838  lr=0.05714  (206.0ms/step avg)
  step 218400/450360  loss=2.9301  lr=0.0571  (206.0ms/step avg)
  step 218500/450360  loss=2.8546  lr=0.05706  (206.0ms/step avg)
  step 218600/450360  loss=2.7111  lr=0.05703  (206.0ms/step avg)
  step 218700/450360  loss=2.7551  lr=0.05699  (206.0ms/step avg)
  step 218800/450360  loss=2.7576  lr=0.05695  (206.0ms/step avg)
  step 218900/450360  loss=2.7996  lr=0.05692  (206.0ms/step avg)
  step 219000/450360  loss=2.6403  lr=0.05688  (206.0ms/step avg)
  step 219100/450360  loss=2.6054  lr=0.05684  (206.0ms/step avg)
  step 219200/450360  loss=2.7701  lr=0.05681  (206.0ms/step avg)
  step 219300/450360  loss=2.5737  lr=0.05677  (206.0ms/step avg)
  step 219400/450360  loss=2.6075  lr=0.05673  (206.0ms/step avg)
  step 219500/450360  loss=2.6157  lr=0.0567  (206.0ms/step avg)
  step 219600/450360  loss=2.6166  lr=0.05666  (206.0ms/step avg)
  step 219700/450360  loss=2.5468  lr=0.05662  (206.0ms/step avg)
  step 219800/450360  loss=2.8619  lr=0.05659  (206.0ms/step avg)
  step 219900/450360  loss=2.6599  lr=0.05655  (206.0ms/step avg)
  step 220000/450360  loss=2.7462  lr=0.05651  (206.0ms/step avg)
  step 220100/450360  loss=2.6933  lr=0.05648  (206.0ms/step avg)
  Running validation ...
[Epoch 44] lr=0.05645 loss(train_avg)=2.7108 val_top1=30005/50000 (0.6001) val_top5=0.838 val_loss=1.7574  [1015.4s train, 17.7s val]
saved 54 param-groups to /home/skoonce/r50_2018_jax_2610/resnet50_imagenet_2018_e44.bin (102228128 bytes)
  saved full train state -> /home/skoonce/r50_2018_jax_2610/resnet50_imagenet_2018_e44.state.npz (428 arrays, step=220176)
  step 220200/450360  loss=2.6501  lr=0.05644  (206.0ms/step avg)
  step 220300/450360  loss=2.8217  lr=0.0564  (206.0ms/step avg)
  step 220400/450360  loss=2.6381  lr=0.05637  (206.0ms/step avg)
  step 220500/450360  loss=2.4547  lr=0.05633  (206.0ms/step avg)
  step 220600/450360  loss=2.6704  lr=0.0563  (206.0ms/step avg)
  step 220700/450360  loss=2.4921  lr=0.05626  (206.0ms/step avg)
  step 220800/450360  loss=2.4692  lr=0.05622  (206.0ms/step avg)
  step 220900/450360  loss=2.5032  lr=0.05619  (206.0ms/step avg)
  step 221000/450360  loss=2.7318  lr=0.05615  (206.0ms/step avg)
  step 221100/450360  loss=2.8583  lr=0.05611  (206.0ms/step avg)
  step 221200/450360  loss=2.5766  lr=0.05608  (206.0ms/step avg)
  step 221300/450360  loss=2.9405  lr=0.05604  (206.0ms/step avg)
  step 221400/450360  loss=2.6561  lr=0.056  (206.0ms/step avg)
  step 221500/450360  loss=2.7  lr=0.05597  (206.0ms/step avg)
  step 221600/450360  loss=2.8323  lr=0.05593  (206.0ms/step avg)
  step 221700/450360  loss=2.6693  lr=0.05589  (206.0ms/step avg)
  step 221800/450360  loss=2.7731  lr=0.05586  (206.0ms/step avg)
  step 221900/450360  loss=2.7417  lr=0.05582  (206.0ms/step avg)
  step 222000/450360  loss=2.6067  lr=0.05578  (206.0ms/step avg)
  step 222100/450360  loss=2.93  lr=0.05575  (206.0ms/step avg)
  step 222200/450360  loss=2.5793  lr=0.05571  (206.0ms/step avg)
  step 222300/450360  loss=2.739  lr=0.05567  (206.0ms/step avg)
  step 222400/450360  loss=2.8721  lr=0.05564  (206.0ms/step avg)
  step 222500/450360  loss=2.7999  lr=0.0556  (206.0ms/step avg)
  step 222600/450360  loss=2.6496  lr=0.05556  (206.0ms/step avg)
  step 222700/450360  loss=2.644  lr=0.05552  (206.0ms/step avg)
  step 222800/450360  loss=2.8047  lr=0.05549  (206.0ms/step avg)
  step 222900/450360  loss=2.8499  lr=0.05545  (206.0ms/step avg)
  step 223000/450360  loss=2.5203  lr=0.05541  (206.0ms/step avg)
  step 223100/450360  loss=2.5884  lr=0.05538  (206.0ms/step avg)
  step 223200/450360  loss=2.7099  lr=0.05534  (206.0ms/step avg)
  step 223300/450360  loss=2.7164  lr=0.0553  (206.0ms/step avg)
  step 223400/450360  loss=2.5573  lr=0.05527  (206.0ms/step avg)
  step 223500/450360  loss=2.5495  lr=0.05523  (206.0ms/step avg)
  step 223600/450360  loss=2.6526  lr=0.05519  (206.0ms/step avg)
  step 223700/450360  loss=2.454  lr=0.05516  (206.0ms/step avg)
  step 223800/450360  loss=2.7305  lr=0.05512  (206.0ms/step avg)
  step 223900/450360  loss=2.7142  lr=0.05508  (206.0ms/step avg)
  step 224000/450360  loss=2.717  lr=0.05505  (206.0ms/step avg)
  step 224100/450360  loss=2.531  lr=0.05501  (206.0ms/step avg)
  step 224200/450360  loss=2.8245  lr=0.05497  (206.0ms/step avg)
  step 224300/450360  loss=2.6507  lr=0.05494  (206.0ms/step avg)
  step 224400/450360  loss=2.9137  lr=0.0549  (206.0ms/step avg)
  step 224500/450360  loss=2.8137  lr=0.05486  (206.0ms/step avg)
  step 224600/450360  loss=2.5594  lr=0.05483  (206.0ms/step avg)
  step 224700/450360  loss=2.7791  lr=0.05479  (206.0ms/step avg)
  step 224800/450360  loss=2.7649  lr=0.05475  (206.0ms/step avg)
  step 224900/450360  loss=2.807  lr=0.05472  (206.0ms/step avg)
  step 225000/450360  loss=2.7588  lr=0.05468  (206.0ms/step avg)
  step 225100/450360  loss=2.7464  lr=0.05464  (206.0ms/step avg)
  Running validation ...
[Epoch 45] lr=0.054614 loss(train_avg)=2.6966 val_top1=30367/50000 (0.6073) val_top5=0.8409 val_loss=1.7042  [1014.9s train, 17.8s val]
saved 54 param-groups to /home/skoonce/r50_2018_jax_2610/resnet50_imagenet_2018_e45.bin (102228128 bytes)
  saved full train state -> /home/skoonce/r50_2018_jax_2610/resnet50_imagenet_2018_e45.state.npz (428 arrays, step=225180)
  step 225200/450360  loss=2.7451  lr=0.05461  (206.0ms/step avg)
  step 225300/450360  loss=2.8344  lr=0.05457  (206.0ms/step avg)
  step 225400/450360  loss=2.7272  lr=0.05453  (206.0ms/step avg)
  step 225500/450360  loss=2.5123  lr=0.0545  (206.0ms/step avg)
  step 225600/450360  loss=2.7608  lr=0.05446  (206.0ms/step avg)
  step 225700/450360  loss=2.707  lr=0.05442  (206.0ms/step avg)
  step 225800/450360  loss=2.552  lr=0.05439  (206.0ms/step avg)
  step 225900/450360  loss=2.7238  lr=0.05435  (206.0ms/step avg)
  step 226000/450360  loss=2.6598  lr=0.05431  (206.0ms/step avg)
  step 226100/450360  loss=2.6082  lr=0.05428  (206.0ms/step avg)
  step 226200/450360  loss=2.8363  lr=0.05424  (206.0ms/step avg)
  step 226300/450360  loss=2.7158  lr=0.0542  (206.0ms/step avg)
  step 226400/450360  loss=2.635  lr=0.05416  (206.0ms/step avg)
  step 226500/450360  loss=2.6453  lr=0.05413  (206.0ms/step avg)
  step 226600/450360  loss=2.7889  lr=0.05409  (206.0ms/step avg)
  step 226700/450360  loss=2.7266  lr=0.05405  (206.0ms/step avg)
  step 226800/450360  loss=2.8913  lr=0.05402  (206.0ms/step avg)
  step 226900/450360  loss=2.71  lr=0.05398  (206.0ms/step avg)
  step 227000/450360  loss=2.5233  lr=0.05394  (206.0ms/step avg)
  step 227100/450360  loss=2.8948  lr=0.05391  (206.0ms/step avg)
  step 227200/450360  loss=2.5781  lr=0.05387  (206.0ms/step avg)
  step 227300/450360  loss=2.8695  lr=0.05383  (206.0ms/step avg)
  step 227400/450360  loss=2.8019  lr=0.0538  (206.0ms/step avg)
  step 227500/450360  loss=2.8166  lr=0.05376  (206.0ms/step avg)
  step 227600/450360  loss=2.8215  lr=0.05372  (206.0ms/step avg)
  step 227700/450360  loss=2.8457  lr=0.05369  (206.0ms/step avg)
  step 227800/450360  loss=2.654  lr=0.05365  (206.0ms/step avg)
  step 227900/450360  loss=2.6549  lr=0.05361  (206.0ms/step avg)
  step 228000/450360  loss=2.6873  lr=0.05358  (206.0ms/step avg)
  step 228100/450360  loss=2.6448  lr=0.05354  (206.0ms/step avg)
  step 228200/450360  loss=2.575  lr=0.0535  (206.0ms/step avg)
  step 228300/450360  loss=2.6685  lr=0.05347  (206.0ms/step avg)
  step 228400/450360  loss=2.5267  lr=0.05343  (206.0ms/step avg)
  step 228500/450360  loss=2.6589  lr=0.05339  (206.0ms/step avg)
  step 228600/450360  loss=2.7055  lr=0.05335  (206.0ms/step avg)
  step 228700/450360  loss=2.6985  lr=0.05332  (206.0ms/step avg)
  step 228800/450360  loss=2.8212  lr=0.05328  (206.0ms/step avg)
  step 228900/450360  loss=2.5642  lr=0.05324  (206.0ms/step avg)
  step 229000/450360  loss=2.7762  lr=0.05321  (206.0ms/step avg)
  step 229100/450360  loss=2.7668  lr=0.05317  (206.0ms/step avg)
  step 229200/450360  loss=2.4709  lr=0.05313  (206.0ms/step avg)
  step 229300/450360  loss=2.7243  lr=0.0531  (206.0ms/step avg)
  step 229400/450360  loss=2.7163  lr=0.05306  (206.0ms/step avg)
  step 229500/450360  loss=2.5917  lr=0.05302  (206.0ms/step avg)
  step 229600/450360  loss=2.6657  lr=0.05299  (206.0ms/step avg)
  step 229700/450360  loss=2.711  lr=0.05295  (206.0ms/step avg)
  step 229800/450360  loss=2.721  lr=0.05291  (206.0ms/step avg)
  step 229900/450360  loss=2.7439  lr=0.05288  (206.0ms/step avg)
  step 230000/450360  loss=2.6083  lr=0.05284  (206.0ms/step avg)
  step 230100/450360  loss=2.688  lr=0.0528  (206.0ms/step avg)
  Running validation ...
[Epoch 46] lr=0.052771 loss(train_avg)=2.6838 val_top1=29869/50000 (0.5974) val_top5=0.8327 val_loss=1.7567  [1015.5s train, 17.7s val]
saved 54 param-groups to /home/skoonce/r50_2018_jax_2610/resnet50_imagenet_2018_e46.bin (102228128 bytes)
  saved full train state -> /home/skoonce/r50_2018_jax_2610/resnet50_imagenet_2018_e46.state.npz (428 arrays, step=230184)
  step 230200/450360  loss=2.6585  lr=0.05277  (206.0ms/step avg)
  step 230300/450360  loss=2.764  lr=0.05273  (206.0ms/step avg)
  step 230400/450360  loss=2.7229  lr=0.05269  (206.0ms/step avg)
  step 230500/450360  loss=2.7462  lr=0.05265  (206.0ms/step avg)
  step 230600/450360  loss=2.9203  lr=0.05262  (206.0ms/step avg)
  step 230700/450360  loss=2.8618  lr=0.05258  (206.0ms/step avg)
  step 230800/450360  loss=2.9541  lr=0.05254  (206.0ms/step avg)
  step 230900/450360  loss=2.6367  lr=0.05251  (206.0ms/step avg)
  step 231000/450360  loss=2.6484  lr=0.05247  (206.0ms/step avg)
  step 231100/450360  loss=2.5977  lr=0.05243  (206.0ms/step avg)
  step 231200/450360  loss=2.6833  lr=0.0524  (206.0ms/step avg)
  step 231300/450360  loss=2.6014  lr=0.05236  (206.0ms/step avg)
  step 231400/450360  loss=2.6538  lr=0.05232  (206.0ms/step avg)
  step 231500/450360  loss=2.7846  lr=0.05229  (206.0ms/step avg)
  step 231600/450360  loss=2.61  lr=0.05225  (206.0ms/step avg)
  step 231700/450360  loss=2.852  lr=0.05221  (206.0ms/step avg)
  step 231800/450360  loss=2.4845  lr=0.05217  (206.0ms/step avg)
  step 231900/450360  loss=2.88  lr=0.05214  (206.0ms/step avg)
  step 232000/450360  loss=2.8625  lr=0.0521  (206.0ms/step avg)
  step 232100/450360  loss=2.7405  lr=0.05206  (206.0ms/step avg)
  step 232200/450360  loss=2.5733  lr=0.05203  (206.0ms/step avg)
  step 232300/450360  loss=2.6365  lr=0.05199  (206.0ms/step avg)
  step 232400/450360  loss=2.4076  lr=0.05195  (206.0ms/step avg)
  step 232500/450360  loss=2.7383  lr=0.05192  (206.0ms/step avg)
  step 232600/450360  loss=2.7062  lr=0.05188  (206.0ms/step avg)
  step 232700/450360  loss=2.5623  lr=0.05184  (206.0ms/step avg)
  step 232800/450360  loss=2.8341  lr=0.05181  (206.0ms/step avg)
  step 232900/450360  loss=2.7071  lr=0.05177  (206.0ms/step avg)
  step 233000/450360  loss=2.5948  lr=0.05173  (206.0ms/step avg)
  step 233100/450360  loss=2.5856  lr=0.0517  (206.0ms/step avg)
  step 233200/450360  loss=2.6474  lr=0.05166  (206.0ms/step avg)
  step 233300/450360  loss=2.758  lr=0.05162  (206.0ms/step avg)
  step 233400/450360  loss=2.5507  lr=0.05158  (206.0ms/step avg)
  step 233500/450360  loss=2.6668  lr=0.05155  (206.0ms/step avg)
  step 233600/450360  loss=2.8273  lr=0.05151  (206.0ms/step avg)
  step 233700/450360  loss=2.4085  lr=0.05147  (206.0ms/step avg)
  step 233800/450360  loss=2.7189  lr=0.05144  (206.0ms/step avg)
  step 233900/450360  loss=2.6841  lr=0.0514  (206.0ms/step avg)
  step 234000/450360  loss=2.7934  lr=0.05136  (206.0ms/step avg)
  step 234100/450360  loss=2.6058  lr=0.05133  (206.0ms/step avg)
  step 234200/450360  loss=2.7963  lr=0.05129  (206.0ms/step avg)
  step 234300/450360  loss=2.7426  lr=0.05125  (206.0ms/step avg)
  step 234400/450360  loss=2.4311  lr=0.05122  (206.0ms/step avg)
  step 234500/450360  loss=2.5789  lr=0.05118  (206.0ms/step avg)
  step 234600/450360  loss=2.5774  lr=0.05114  (206.0ms/step avg)
  step 234700/450360  loss=2.6642  lr=0.0511  (206.0ms/step avg)
  step 234800/450360  loss=2.5044  lr=0.05107  (206.0ms/step avg)
  step 234900/450360  loss=2.6176  lr=0.05103  (206.0ms/step avg)
  step 235000/450360  loss=2.7515  lr=0.05099  (206.0ms/step avg)
  step 235100/450360  loss=2.6056  lr=0.05096  (206.0ms/step avg)
  Running validation ...
[Epoch 47] lr=0.050924 loss(train_avg)=2.67 val_top1=31146/50000 (0.6229) val_top5=0.8521 val_loss=1.6522  [1014.7s train, 17.7s val]
saved 54 param-groups to /home/skoonce/r50_2018_jax_2610/resnet50_imagenet_2018_e47.bin (102228128 bytes)
  saved full train state -> /home/skoonce/r50_2018_jax_2610/resnet50_imagenet_2018_e47.state.npz (428 arrays, step=235188)
  step 235200/450360  loss=2.4019  lr=0.05092  (206.0ms/step avg)
  step 235300/450360  loss=2.806  lr=0.05088  (206.0ms/step avg)
  step 235400/450360  loss=2.6122  lr=0.05085  (206.0ms/step avg)
  step 235500/450360  loss=2.6362  lr=0.05081  (206.0ms/step avg)
  step 235600/450360  loss=2.6358  lr=0.05077  (206.0ms/step avg)
  step 235700/450360  loss=2.6131  lr=0.05074  (206.0ms/step avg)
  step 235800/450360  loss=2.5526  lr=0.0507  (206.0ms/step avg)
  step 235900/450360  loss=2.5591  lr=0.05066  (206.0ms/step avg)
  step 236000/450360  loss=2.773  lr=0.05062  (206.0ms/step avg)
  step 236100/450360  loss=2.5282  lr=0.05059  (206.0ms/step avg)
  step 236200/450360  loss=2.77  lr=0.05055  (206.0ms/step avg)
  step 236300/450360  loss=2.6212  lr=0.05051  (206.0ms/step avg)
  step 236400/450360  loss=2.6545  lr=0.05048  (206.0ms/step avg)
  step 236500/450360  loss=2.7465  lr=0.05044  (206.0ms/step avg)
  step 236600/450360  loss=2.714  lr=0.0504  (206.0ms/step avg)
  step 236700/450360  loss=2.816  lr=0.05037  (206.0ms/step avg)
  step 236800/450360  loss=2.7037  lr=0.05033  (206.0ms/step avg)
  step 236900/450360  loss=2.7004  lr=0.05029  (206.0ms/step avg)
  step 237000/450360  loss=2.7123  lr=0.05026  (206.0ms/step avg)
  step 237100/450360  loss=2.5526  lr=0.05022  (206.0ms/step avg)
  step 237200/450360  loss=2.5075  lr=0.05018  (206.0ms/step avg)
  step 237300/450360  loss=2.8179  lr=0.05014  (206.0ms/step avg)
  step 237400/450360  loss=2.4824  lr=0.05011  (206.0ms/step avg)
  step 237500/450360  loss=2.6206  lr=0.05007  (206.0ms/step avg)
  step 237600/450360  loss=2.713  lr=0.05003  (206.0ms/step avg)
  step 237700/450360  loss=2.6384  lr=0.05  (206.0ms/step avg)
  step 237800/450360  loss=2.7115  lr=0.04996  (206.0ms/step avg)
  step 237900/450360  loss=2.5997  lr=0.04992  (206.0ms/step avg)
  step 238000/450360  loss=2.5457  lr=0.04989  (206.0ms/step avg)
  step 238100/450360  loss=2.4258  lr=0.04985  (206.0ms/step avg)
  step 238200/450360  loss=2.4858  lr=0.04981  (206.0ms/step avg)
  step 238300/450360  loss=2.6662  lr=0.04978  (206.0ms/step avg)
  step 238400/450360  loss=2.6696  lr=0.04974  (206.0ms/step avg)
  step 238500/450360  loss=2.6969  lr=0.0497  (206.0ms/step avg)
  step 238600/450360  loss=2.7832  lr=0.04966  (206.0ms/step avg)
  step 238700/450360  loss=2.4883  lr=0.04963  (206.0ms/step avg)
  step 238800/450360  loss=2.5731  lr=0.04959  (206.0ms/step avg)
  step 238900/450360  loss=2.6674  lr=0.04955  (206.0ms/step avg)
  step 239000/450360  loss=2.6469  lr=0.04952  (206.0ms/step avg)
  step 239100/450360  loss=2.6765  lr=0.04948  (206.0ms/step avg)
  step 239200/450360  loss=2.6911  lr=0.04944  (206.0ms/step avg)
  step 239300/450360  loss=2.862  lr=0.04941  (206.0ms/step avg)
  step 239400/450360  loss=2.652  lr=0.04937  (206.0ms/step avg)
  step 239500/450360  loss=2.6664  lr=0.04933  (206.0ms/step avg)
  step 239600/450360  loss=2.7107  lr=0.0493  (206.0ms/step avg)
  step 239700/450360  loss=2.638  lr=0.04926  (206.0ms/step avg)
  step 239800/450360  loss=2.6608  lr=0.04922  (206.0ms/step avg)
  step 239900/450360  loss=2.753  lr=0.04918  (206.0ms/step avg)
  step 240000/450360  loss=2.6287  lr=0.04915  (206.0ms/step avg)
  step 240100/450360  loss=2.4493  lr=0.04911  (206.0ms/step avg)
  Running validation ...
[Epoch 48] lr=0.049076 loss(train_avg)=2.6584 val_top1=30854/50000 (0.6171) val_top5=0.8474 val_loss=1.6762  [1014.9s train, 17.7s val]
saved 54 param-groups to /home/skoonce/r50_2018_jax_2610/resnet50_imagenet_2018_e48.bin (102228128 bytes)
  saved full train state -> /home/skoonce/r50_2018_jax_2610/resnet50_imagenet_2018_e48.state.npz (428 arrays, step=240192)
  step 240200/450360  loss=2.6529  lr=0.04907  (206.0ms/step avg)
  step 240300/450360  loss=2.6624  lr=0.04904  (206.0ms/step avg)
  step 240400/450360  loss=2.7792  lr=0.049  (206.0ms/step avg)
  step 240500/450360  loss=2.6658  lr=0.04896  (206.0ms/step avg)
  step 240600/450360  loss=2.6871  lr=0.04893  (206.0ms/step avg)
  step 240700/450360  loss=2.6631  lr=0.04889  (206.0ms/step avg)
  step 240800/450360  loss=2.5209  lr=0.04885  (206.0ms/step avg)
  step 240900/450360  loss=2.6676  lr=0.04882  (206.0ms/step avg)
  step 241000/450360  loss=2.7229  lr=0.04878  (206.0ms/step avg)
  step 241100/450360  loss=2.5464  lr=0.04874  (206.0ms/step avg)
  step 241200/450360  loss=2.7914  lr=0.0487  (206.0ms/step avg)
  step 241300/450360  loss=2.6043  lr=0.04867  (206.0ms/step avg)
  step 241400/450360  loss=2.6888  lr=0.04863  (206.0ms/step avg)
  step 241500/450360  loss=2.6169  lr=0.04859  (206.0ms/step avg)
  step 241600/450360  loss=2.5903  lr=0.04856  (206.0ms/step avg)
  step 241700/450360  loss=2.6676  lr=0.04852  (206.0ms/step avg)
  step 241800/450360  loss=2.7294  lr=0.04848  (206.0ms/step avg)
  step 241900/450360  loss=2.6854  lr=0.04845  (206.0ms/step avg)
  step 242000/450360  loss=2.6844  lr=0.04841  (206.0ms/step avg)
  step 242100/450360  loss=2.9147  lr=0.04837  (206.0ms/step avg)
  step 242200/450360  loss=2.4112  lr=0.04834  (206.0ms/step avg)
  step 242300/450360  loss=2.5945  lr=0.0483  (206.0ms/step avg)
  step 242400/450360  loss=2.6389  lr=0.04826  (206.0ms/step avg)
  step 242500/450360  loss=2.5721  lr=0.04822  (206.0ms/step avg)
  step 242600/450360  loss=2.5511  lr=0.04819  (206.0ms/step avg)
  step 242700/450360  loss=2.6474  lr=0.04815  (206.0ms/step avg)
  step 242800/450360  loss=2.7576  lr=0.04811  (206.0ms/step avg)
  step 242900/450360  loss=2.7078  lr=0.04808  (206.0ms/step avg)
  step 243000/450360  loss=2.6772  lr=0.04804  (206.0ms/step avg)
  step 243100/450360  loss=2.7889  lr=0.048  (206.0ms/step avg)
  step 243200/450360  loss=2.9165  lr=0.04797  (206.0ms/step avg)
  step 243300/450360  loss=2.8355  lr=0.04793  (206.0ms/step avg)
  step 243400/450360  loss=2.7913  lr=0.04789  (206.0ms/step avg)
  step 243500/450360  loss=2.4347  lr=0.04786  (206.0ms/step avg)
  step 243600/450360  loss=2.6976  lr=0.04782  (206.0ms/step avg)
  step 243700/450360  loss=2.6079  lr=0.04778  (206.0ms/step avg)
  step 243800/450360  loss=2.7015  lr=0.04774  (206.0ms/step avg)
  step 243900/450360  loss=2.6493  lr=0.04771  (206.0ms/step avg)
  step 244000/450360  loss=2.6785  lr=0.04767  (206.0ms/step avg)
  step 244100/450360  loss=2.3517  lr=0.04763  (206.0ms/step avg)
  step 244200/450360  loss=2.7544  lr=0.0476  (206.0ms/step avg)
  step 244300/450360  loss=2.7653  lr=0.04756  (206.0ms/step avg)
  step 244400/450360  loss=2.598  lr=0.04752  (206.0ms/step avg)
  step 244500/450360  loss=2.7223  lr=0.04749  (206.0ms/step avg)
  step 244600/450360  loss=2.6536  lr=0.04745  (206.0ms/step avg)
  step 244700/450360  loss=2.6648  lr=0.04741  (206.0ms/step avg)
  step 244800/450360  loss=2.6902  lr=0.04738  (206.0ms/step avg)
  step 244900/450360  loss=2.6501  lr=0.04734  (206.0ms/step avg)
  step 245000/450360  loss=2.8905  lr=0.0473  (206.0ms/step avg)
  step 245100/450360  loss=2.6563  lr=0.04727  (206.0ms/step avg)
  Running validation ...
[Epoch 49] lr=0.04723 loss(train_avg)=2.6424 val_top1=30619/50000 (0.6124) val_top5=0.8449 val_loss=1.6737  [1015.3s train, 17.7s val]
saved 54 param-groups to /home/skoonce/r50_2018_jax_2610/resnet50_imagenet_2018_e49.bin (102228128 bytes)
  saved full train state -> /home/skoonce/r50_2018_jax_2610/resnet50_imagenet_2018_e49.state.npz (428 arrays, step=245196)
  step 245200/450360  loss=2.5549  lr=0.04723  (206.0ms/step avg)
  step 245300/450360  loss=2.7497  lr=0.04719  (206.0ms/step avg)
  step 245400/450360  loss=2.6516  lr=0.04715  (206.0ms/step avg)
  step 245500/450360  loss=2.5019  lr=0.04712  (206.0ms/step avg)
  step 245600/450360  loss=2.8107  lr=0.04708  (206.0ms/step avg)
  step 245700/450360  loss=2.5799  lr=0.04704  (206.0ms/step avg)
  step 245800/450360  loss=2.6177  lr=0.04701  (206.0ms/step avg)
  step 245900/450360  loss=2.6974  lr=0.04697  (206.0ms/step avg)
  step 246000/450360  loss=2.7301  lr=0.04693  (206.0ms/step avg)
  step 246100/450360  loss=2.5054  lr=0.0469  (206.0ms/step avg)
  step 246200/450360  loss=2.7636  lr=0.04686  (206.0ms/step avg)
  step 246300/450360  loss=2.6763  lr=0.04682  (206.0ms/step avg)
  step 246400/450360  loss=2.6598  lr=0.04679  (206.0ms/step avg)
  step 246500/450360  loss=2.5493  lr=0.04675  (206.0ms/step avg)
  step 246600/450360  loss=2.6805  lr=0.04671  (206.0ms/step avg)
  step 246700/450360  loss=2.8982  lr=0.04668  (206.0ms/step avg)
  step 246800/450360  loss=2.522  lr=0.04664  (206.0ms/step avg)
  step 246900/450360  loss=2.5422  lr=0.0466  (206.0ms/step avg)
  step 247000/450360  loss=2.6968  lr=0.04656  (206.0ms/step avg)
  step 247100/450360  loss=2.5244  lr=0.04653  (206.0ms/step avg)
  step 247200/450360  loss=2.77  lr=0.04649  (206.0ms/step avg)
  step 247300/450360  loss=2.6278  lr=0.04645  (206.0ms/step avg)
  step 247400/450360  loss=2.745  lr=0.04642  (206.0ms/step avg)
  step 247500/450360  loss=2.7499  lr=0.04638  (206.0ms/step avg)
  step 247600/450360  loss=2.7172  lr=0.04634  (206.0ms/step avg)
  step 247700/450360  loss=2.6512  lr=0.04631  (206.0ms/step avg)
  step 247800/450360  loss=2.6096  lr=0.04627  (206.0ms/step avg)
  step 247900/450360  loss=2.4206  lr=0.04623  (206.0ms/step avg)
  step 248000/450360  loss=2.634  lr=0.0462  (206.0ms/step avg)
  step 248100/450360  loss=2.6506  lr=0.04616  (206.0ms/step avg)
  step 248200/450360  loss=2.623  lr=0.04612  (206.0ms/step avg)
  step 248300/450360  loss=2.5102  lr=0.04609  (206.0ms/step avg)
  step 248400/450360  loss=2.5733  lr=0.04605  (206.0ms/step avg)
  step 248500/450360  loss=2.3705  lr=0.04601  (206.0ms/step avg)
  step 248600/450360  loss=2.4415  lr=0.04598  (206.0ms/step avg)
  step 248700/450360  loss=2.6521  lr=0.04594  (206.0ms/step avg)
  step 248800/450360  loss=2.4676  lr=0.0459  (206.0ms/step avg)
  step 248900/450360  loss=2.6223  lr=0.04587  (206.0ms/step avg)
  step 249000/450360  loss=2.7023  lr=0.04583  (206.0ms/step avg)
  step 249100/450360  loss=2.7063  lr=0.04579  (206.0ms/step avg)
  step 249200/450360  loss=2.7201  lr=0.04575  (206.0ms/step avg)
  step 249300/450360  loss=2.4817  lr=0.04572  (206.0ms/step avg)
  step 249400/450360  loss=2.6155  lr=0.04568  (206.0ms/step avg)
  step 249500/450360  loss=2.6396  lr=0.04564  (206.0ms/step avg)
  step 249600/450360  loss=2.5313  lr=0.04561  (206.0ms/step avg)
  step 249700/450360  loss=2.7516  lr=0.04557  (206.0ms/step avg)
  step 249800/450360  loss=2.5894  lr=0.04553  (206.0ms/step avg)
  step 249900/450360  loss=2.7871  lr=0.0455  (206.0ms/step avg)
  step 250000/450360  loss=2.6836  lr=0.04546  (206.0ms/step avg)
  step 250100/450360  loss=2.5223  lr=0.04542  (206.0ms/step avg)
  step 250200/450360  loss=2.6664  lr=0.04539  (206.0ms/step avg)
  Running validation ...
[Epoch 50] lr=0.045387 loss(train_avg)=2.6276 val_top1=31543/50000 (0.6309) val_top5=0.8583 val_loss=1.5982  [1015.0s train, 17.8s val]
saved 54 param-groups to /home/skoonce/r50_2018_jax_2610/resnet50_imagenet_2018_e50.bin (102228128 bytes)
  saved full train state -> /home/skoonce/r50_2018_jax_2610/resnet50_imagenet_2018_e50.state.npz (428 arrays, step=250200)
  step 250300/450360  loss=2.6112  lr=0.04535  (206.0ms/step avg)
  step 250400/450360  loss=2.5402  lr=0.04531  (206.0ms/step avg)
  step 250500/450360  loss=2.5156  lr=0.04528  (206.0ms/step avg)
  step 250600/450360  loss=2.6457  lr=0.04524  (206.0ms/step avg)
  step 250700/450360  loss=2.4814  lr=0.0452  (206.0ms/step avg)
  step 250800/450360  loss=2.4893  lr=0.04517  (206.0ms/step avg)
  step 250900/450360  loss=2.7028  lr=0.04513  (206.0ms/step avg)
  step 251000/450360  loss=2.683  lr=0.04509  (206.0ms/step avg)
  step 251100/450360  loss=2.6672  lr=0.04506  (206.0ms/step avg)
  step 251200/450360  loss=2.7378  lr=0.04502  (206.0ms/step avg)
  step 251300/450360  loss=2.5825  lr=0.04498  (206.0ms/step avg)
  step 251400/450360  loss=2.6829  lr=0.04495  (206.0ms/step avg)
  step 251500/450360  loss=2.765  lr=0.04491  (206.0ms/step avg)
  step 251600/450360  loss=2.571  lr=0.04487  (206.0ms/step avg)
  step 251700/450360  loss=2.696  lr=0.04484  (206.0ms/step avg)
  step 251800/450360  loss=2.7725  lr=0.0448  (206.0ms/step avg)
  step 251900/450360  loss=2.8229  lr=0.04476  (206.0ms/step avg)
  step 252000/450360  loss=2.6896  lr=0.04473  (206.0ms/step avg)
  step 252100/450360  loss=2.6842  lr=0.04469  (206.0ms/step avg)
  step 252200/450360  loss=2.6418  lr=0.04465  (206.0ms/step avg)
  step 252300/450360  loss=2.3877  lr=0.04462  (206.0ms/step avg)
  step 252400/450360  loss=2.4068  lr=0.04458  (206.0ms/step avg)
  step 252500/450360  loss=2.5294  lr=0.04454  (206.0ms/step avg)
  step 252600/450360  loss=2.6571  lr=0.04451  (206.0ms/step avg)
  step 252700/450360  loss=2.6997  lr=0.04447  (206.0ms/step avg)
  step 252800/450360  loss=2.6363  lr=0.04443  (206.0ms/step avg)
  step 252900/450360  loss=2.5566  lr=0.0444  (206.0ms/step avg)
  step 253000/450360  loss=2.6176  lr=0.04436  (206.0ms/step avg)
  step 253100/450360  loss=2.6504  lr=0.04432  (206.0ms/step avg)
  step 253200/450360  loss=2.4319  lr=0.04428  (206.0ms/step avg)
  step 253300/450360  loss=2.7847  lr=0.04425  (206.0ms/step avg)
  step 253400/450360  loss=2.4341  lr=0.04421  (206.0ms/step avg)
  step 253500/450360  loss=2.5933  lr=0.04417  (206.0ms/step avg)
  step 253600/450360  loss=2.4382  lr=0.04414  (206.0ms/step avg)
  step 253700/450360  loss=2.6668  lr=0.0441  (206.0ms/step avg)
  step 253800/450360  loss=2.6057  lr=0.04406  (206.0ms/step avg)
  step 253900/450360  loss=2.6198  lr=0.04403  (206.0ms/step avg)
  step 254000/450360  loss=2.5147  lr=0.04399  (206.0ms/step avg)
  step 254100/450360  loss=2.5775  lr=0.04395  (206.0ms/step avg)
  step 254200/450360  loss=2.5188  lr=0.04392  (206.0ms/step avg)
  step 254300/450360  loss=2.3833  lr=0.04388  (206.0ms/step avg)
  step 254400/450360  loss=2.706  lr=0.04384  (206.0ms/step avg)
  step 254500/450360  loss=2.6275  lr=0.04381  (206.0ms/step avg)
  step 254600/450360  loss=2.6828  lr=0.04377  (206.0ms/step avg)
  step 254700/450360  loss=2.6359  lr=0.04374  (206.0ms/step avg)
  step 254800/450360  loss=2.6108  lr=0.0437  (206.0ms/step avg)
  step 254900/450360  loss=2.4926  lr=0.04366  (206.0ms/step avg)
  step 255000/450360  loss=2.5932  lr=0.04363  (206.0ms/step avg)
  step 255100/450360  loss=2.4956  lr=0.04359  (206.0ms/step avg)
  step 255200/450360  loss=2.5447  lr=0.04355  (206.0ms/step avg)
  Running validation ...
[Epoch 51] lr=0.04355 loss(train_avg)=2.6111 val_top1=31590/50000 (0.6318) val_top5=0.8562 val_loss=1.586  [1015.0s train, 17.7s val]
saved 54 param-groups to /home/skoonce/r50_2018_jax_2610/resnet50_imagenet_2018_e51.bin (102228128 bytes)
  saved full train state -> /home/skoonce/r50_2018_jax_2610/resnet50_imagenet_2018_e51.state.npz (428 arrays, step=255204)
  step 255300/450360  loss=2.577  lr=0.04352  (206.0ms/step avg)
  step 255400/450360  loss=2.4357  lr=0.04348  (206.0ms/step avg)
  step 255500/450360  loss=2.6709  lr=0.04344  (206.0ms/step avg)
  step 255600/450360  loss=2.5115  lr=0.04341  (206.0ms/step avg)
  step 255700/450360  loss=2.5063  lr=0.04337  (206.0ms/step avg)
  step 255800/450360  loss=2.4294  lr=0.04333  (206.0ms/step avg)
  step 255900/450360  loss=2.4659  lr=0.0433  (206.0ms/step avg)
  step 256000/450360  loss=2.5466  lr=0.04326  (206.0ms/step avg)
  step 256100/450360  loss=2.7469  lr=0.04322  (206.0ms/step avg)
  step 256200/450360  loss=2.6317  lr=0.04319  (206.0ms/step avg)
  step 256300/450360  loss=2.5832  lr=0.04315  (206.0ms/step avg)
  step 256400/450360  loss=2.5963  lr=0.04311  (206.0ms/step avg)
  step 256500/450360  loss=2.6583  lr=0.04308  (206.0ms/step avg)
  step 256600/450360  loss=2.628  lr=0.04304  (206.0ms/step avg)
  step 256700/450360  loss=2.4826  lr=0.043  (206.0ms/step avg)
  step 256800/450360  loss=2.5152  lr=0.04297  (206.0ms/step avg)
  step 256900/450360  loss=2.6371  lr=0.04293  (206.0ms/step avg)
  step 257000/450360  loss=2.6281  lr=0.04289  (206.0ms/step avg)
  step 257100/450360  loss=2.4822  lr=0.04286  (206.0ms/step avg)
  step 257200/450360  loss=2.4723  lr=0.04282  (206.0ms/step avg)
  step 257300/450360  loss=2.7492  lr=0.04278  (206.0ms/step avg)
  step 257400/450360  loss=2.6351  lr=0.04275  (206.0ms/step avg)
  step 257500/450360  loss=2.3576  lr=0.04271  (206.0ms/step avg)
  step 257600/450360  loss=2.6071  lr=0.04267  (206.0ms/step avg)
  step 257700/450360  loss=2.4739  lr=0.04264  (206.0ms/step avg)
  step 257800/450360  loss=2.6084  lr=0.0426  (206.0ms/step avg)
  step 257900/450360  loss=2.5143  lr=0.04256  (206.0ms/step avg)
  step 258000/450360  loss=2.6022  lr=0.04253  (206.0ms/step avg)
  step 258100/450360  loss=2.7408  lr=0.04249  (206.0ms/step avg)
  step 258200/450360  loss=2.7502  lr=0.04245  (206.0ms/step avg)
  step 258300/450360  loss=2.3951  lr=0.04242  (206.0ms/step avg)
  step 258400/450360  loss=2.4851  lr=0.04238  (206.0ms/step avg)
  step 258500/450360  loss=2.5195  lr=0.04235  (206.0ms/step avg)
  step 258600/450360  loss=2.4966  lr=0.04231  (206.0ms/step avg)
  step 258700/450360  loss=2.573  lr=0.04227  (206.0ms/step avg)
  step 258800/450360  loss=2.6697  lr=0.04224  (206.0ms/step avg)
  step 258900/450360  loss=2.5837  lr=0.0422  (206.0ms/step avg)
  step 259000/450360  loss=2.6995  lr=0.04216  (206.0ms/step avg)
  step 259100/450360  loss=2.6437  lr=0.04213  (206.0ms/step avg)
  step 259200/450360  loss=2.5206  lr=0.04209  (206.0ms/step avg)
  step 259300/450360  loss=2.6482  lr=0.04205  (206.0ms/step avg)
  step 259400/450360  loss=2.5224  lr=0.04202  (206.0ms/step avg)
  step 259500/450360  loss=2.5531  lr=0.04198  (206.0ms/step avg)
  step 259600/450360  loss=2.7192  lr=0.04194  (206.0ms/step avg)
  step 259700/450360  loss=2.6611  lr=0.04191  (206.0ms/step avg)
  step 259800/450360  loss=2.6  lr=0.04187  (206.0ms/step avg)
  step 259900/450360  loss=2.6529  lr=0.04183  (206.0ms/step avg)
  step 260000/450360  loss=2.5646  lr=0.0418  (206.0ms/step avg)
  step 260100/450360  loss=2.525  lr=0.04176  (206.0ms/step avg)
  step 260200/450360  loss=2.6586  lr=0.04173  (206.0ms/step avg)
  Running validation ...
[Epoch 52] lr=0.041723 loss(train_avg)=2.5989 val_top1=31645/50000 (0.6329) val_top5=0.8617 val_loss=1.5599  [1014.7s train, 17.7s val]
saved 54 param-groups to /home/skoonce/r50_2018_jax_2610/resnet50_imagenet_2018_e52.bin (102228128 bytes)
  saved full train state -> /home/skoonce/r50_2018_jax_2610/resnet50_imagenet_2018_e52.state.npz (428 arrays, step=260208)
  step 260300/450360  loss=2.716  lr=0.04169  (206.0ms/step avg)
  step 260400/450360  loss=2.6488  lr=0.04165  (206.0ms/step avg)
  step 260500/450360  loss=2.6602  lr=0.04162  (206.0ms/step avg)
  step 260600/450360  loss=2.6818  lr=0.04158  (206.0ms/step avg)
  step 260700/450360  loss=2.5922  lr=0.04154  (206.0ms/step avg)
  step 260800/450360  loss=2.6617  lr=0.04151  (206.0ms/step avg)
  step 260900/450360  loss=2.4947  lr=0.04147  (206.0ms/step avg)
  step 261000/450360  loss=2.561  lr=0.04143  (206.0ms/step avg)
  step 261100/450360  loss=2.6388  lr=0.0414  (206.0ms/step avg)
  step 261200/450360  loss=2.5365  lr=0.04136  (206.0ms/step avg)
  step 261300/450360  loss=2.5154  lr=0.04133  (206.0ms/step avg)
  step 261400/450360  loss=2.6773  lr=0.04129  (206.0ms/step avg)
  step 261500/450360  loss=2.554  lr=0.04125  (206.0ms/step avg)
  step 261600/450360  loss=2.5738  lr=0.04122  (206.0ms/step avg)
  step 261700/450360  loss=2.78  lr=0.04118  (206.0ms/step avg)
  step 261800/450360  loss=2.5822  lr=0.04114  (206.0ms/step avg)
  step 261900/450360  loss=2.4629  lr=0.04111  (206.0ms/step avg)
  step 262000/450360  loss=2.5101  lr=0.04107  (206.0ms/step avg)
  step 262100/450360  loss=2.644  lr=0.04103  (206.0ms/step avg)
  step 262200/450360  loss=2.6514  lr=0.041  (206.0ms/step avg)
  step 262300/450360  loss=2.5304  lr=0.04096  (206.0ms/step avg)
  step 262400/450360  loss=2.7304  lr=0.04093  (206.0ms/step avg)
  step 262500/450360  loss=2.6845  lr=0.04089  (206.0ms/step avg)
  step 262600/450360  loss=2.4488  lr=0.04085  (206.0ms/step avg)
  step 262700/450360  loss=2.5225  lr=0.04082  (206.0ms/step avg)
  step 262800/450360  loss=2.5671  lr=0.04078  (206.0ms/step avg)
  step 262900/450360  loss=2.4041  lr=0.04074  (206.0ms/step avg)
  step 263000/450360  loss=2.7058  lr=0.04071  (206.0ms/step avg)
  step 263100/450360  loss=2.5179  lr=0.04067  (206.0ms/step avg)
  step 263200/450360  loss=2.6816  lr=0.04064  (206.0ms/step avg)
  step 263300/450360  loss=2.5599  lr=0.0406  (206.0ms/step avg)
  step 263400/450360  loss=2.6187  lr=0.04056  (206.0ms/step avg)
  step 263500/450360  loss=2.7457  lr=0.04053  (206.0ms/step avg)
  step 263600/450360  loss=2.5804  lr=0.04049  (206.0ms/step avg)
  step 263700/450360  loss=2.4696  lr=0.04045  (206.0ms/step avg)
  step 263800/450360  loss=2.5766  lr=0.04042  (206.0ms/step avg)
  step 263900/450360  loss=2.688  lr=0.04038  (206.0ms/step avg)
  step 264000/450360  loss=2.5916  lr=0.04035  (206.0ms/step avg)
  step 264100/450360  loss=2.3905  lr=0.04031  (206.0ms/step avg)
  step 264200/450360  loss=2.5111  lr=0.04027  (206.0ms/step avg)
  step 264300/450360  loss=2.595  lr=0.04024  (206.0ms/step avg)
  step 264400/450360  loss=2.6826  lr=0.0402  (206.0ms/step avg)
  step 264500/450360  loss=2.587  lr=0.04016  (206.0ms/step avg)
  step 264600/450360  loss=2.6614  lr=0.04013  (206.0ms/step avg)
  step 264700/450360  loss=2.4487  lr=0.04009  (206.0ms/step avg)
  step 264800/450360  loss=2.6512  lr=0.04006  (206.0ms/step avg)
  step 264900/450360  loss=2.5426  lr=0.04002  (206.0ms/step avg)
  step 265000/450360  loss=2.3969  lr=0.03998  (206.0ms/step avg)
  step 265100/450360  loss=2.5665  lr=0.03995  (206.0ms/step avg)
  step 265200/450360  loss=2.5505  lr=0.03991  (206.0ms/step avg)
  Running validation ...
[Epoch 53] lr=0.039906 loss(train_avg)=2.5828 val_top1=31600/50000 (0.632) val_top5=0.8574 val_loss=1.5848  [1015.3s train, 17.6s val]
saved 54 param-groups to /home/skoonce/r50_2018_jax_2610/resnet50_imagenet_2018_e53.bin (102228128 bytes)
  saved full train state -> /home/skoonce/r50_2018_jax_2610/resnet50_imagenet_2018_e53.state.npz (428 arrays, step=265212)
  step 265300/450360  loss=2.4485  lr=0.03987  (206.0ms/step avg)
  step 265400/450360  loss=2.7117  lr=0.03984  (206.0ms/step avg)
  step 265500/450360  loss=2.5998  lr=0.0398  (206.0ms/step avg)
  step 265600/450360  loss=2.5004  lr=0.03977  (206.0ms/step avg)
  step 265700/450360  loss=2.6128  lr=0.03973  (206.0ms/step avg)
  step 265800/450360  loss=2.5907  lr=0.03969  (206.0ms/step avg)
  step 265900/450360  loss=2.7083  lr=0.03966  (206.0ms/step avg)
  step 266000/450360  loss=2.5139  lr=0.03962  (206.0ms/step avg)
  step 266100/450360  loss=2.5728  lr=0.03959  (206.0ms/step avg)
  step 266200/450360  loss=2.4864  lr=0.03955  (206.0ms/step avg)
  step 266300/450360  loss=2.6911  lr=0.03951  (206.0ms/step avg)
  step 266400/450360  loss=2.5966  lr=0.03948  (206.0ms/step avg)
  step 266500/450360  loss=2.5915  lr=0.03944  (206.0ms/step avg)
  step 266600/450360  loss=2.4381  lr=0.0394  (206.0ms/step avg)
  step 266700/450360  loss=2.5784  lr=0.03937  (206.0ms/step avg)
  step 266800/450360  loss=2.5845  lr=0.03933  (206.0ms/step avg)
  step 266900/450360  loss=2.7205  lr=0.0393  (206.0ms/step avg)
  step 267000/450360  loss=2.5624  lr=0.03926  (206.0ms/step avg)
  step 267100/450360  loss=2.5993  lr=0.03922  (206.0ms/step avg)
  step 267200/450360  loss=2.5187  lr=0.03919  (206.0ms/step avg)
  step 267300/450360  loss=2.6731  lr=0.03915  (206.0ms/step avg)
  step 267400/450360  loss=2.7634  lr=0.03912  (206.0ms/step avg)
  step 267500/450360  loss=2.5801  lr=0.03908  (206.0ms/step avg)
  step 267600/450360  loss=2.5821  lr=0.03904  (206.0ms/step avg)
  step 267700/450360  loss=2.6748  lr=0.03901  (206.0ms/step avg)
  step 267800/450360  loss=2.5555  lr=0.03897  (206.0ms/step avg)
  step 267900/450360  loss=2.4913  lr=0.03894  (206.0ms/step avg)
  step 268000/450360  loss=2.8098  lr=0.0389  (206.0ms/step avg)
  step 268100/450360  loss=2.3795  lr=0.03886  (206.0ms/step avg)
  step 268200/450360  loss=2.6751  lr=0.03883  (206.0ms/step avg)
  step 268300/450360  loss=2.5481  lr=0.03879  (206.0ms/step avg)
  step 268400/450360  loss=2.5545  lr=0.03876  (206.0ms/step avg)
  step 268500/450360  loss=2.5693  lr=0.03872  (206.0ms/step avg)
  step 268600/450360  loss=2.643  lr=0.03868  (206.0ms/step avg)
  step 268700/450360  loss=2.6686  lr=0.03865  (206.0ms/step avg)
  step 268800/450360  loss=2.5672  lr=0.03861  (206.0ms/step avg)
  step 268900/450360  loss=2.6018  lr=0.03858  (206.0ms/step avg)
  step 269000/450360  loss=2.5659  lr=0.03854  (206.0ms/step avg)
  step 269100/450360  loss=2.5089  lr=0.0385  (206.0ms/step avg)
  step 269200/450360  loss=2.4752  lr=0.03847  (206.0ms/step avg)
  step 269300/450360  loss=2.4018  lr=0.03843  (206.0ms/step avg)
  step 269400/450360  loss=2.7172  lr=0.0384  (206.0ms/step avg)
  step 269500/450360  loss=2.5952  lr=0.03836  (206.0ms/step avg)
  step 269600/450360  loss=2.7064  lr=0.03832  (206.0ms/step avg)
  step 269700/450360  loss=2.554  lr=0.03829  (206.0ms/step avg)
  step 269800/450360  loss=2.4688  lr=0.03825  (206.0ms/step avg)
  step 269900/450360  loss=2.6562  lr=0.03822  (206.0ms/step avg)
  step 270000/450360  loss=2.5534  lr=0.03818  (206.0ms/step avg)
  step 270100/450360  loss=2.4205  lr=0.03815  (206.0ms/step avg)
  step 270200/450360  loss=2.4218  lr=0.03811  (206.0ms/step avg)
  Running validation ...
[Epoch 54] lr=0.038104 loss(train_avg)=2.5669 val_top1=31753/50000 (0.6351) val_top5=0.8613 val_loss=1.5771  [1014.3s train, 17.7s val]
saved 54 param-groups to /home/skoonce/r50_2018_jax_2610/resnet50_imagenet_2018_e54.bin (102228128 bytes)
  saved full train state -> /home/skoonce/r50_2018_jax_2610/resnet50_imagenet_2018_e54.state.npz (428 arrays, step=270216)
  step 270300/450360  loss=2.4991  lr=0.03807  (206.0ms/step avg)
  step 270400/450360  loss=2.5038  lr=0.03804  (206.0ms/step avg)
  step 270500/450360  loss=2.4802  lr=0.038  (206.0ms/step avg)
  step 270600/450360  loss=2.5702  lr=0.03797  (206.0ms/step avg)
  step 270700/450360  loss=2.736  lr=0.03793  (206.0ms/step avg)
  step 270800/450360  loss=2.437  lr=0.03789  (206.0ms/step avg)
  step 270900/450360  loss=2.7169  lr=0.03786  (206.0ms/step avg)
  step 271000/450360  loss=2.4814  lr=0.03782  (206.0ms/step avg)
  step 271100/450360  loss=2.5658  lr=0.03779  (206.0ms/step avg)
  step 271200/450360  loss=2.4797  lr=0.03775  (206.0ms/step avg)
  step 271300/450360  loss=2.6301  lr=0.03772  (206.0ms/step avg)
  step 271400/450360  loss=2.4455  lr=0.03768  (206.0ms/step avg)
  step 271500/450360  loss=2.733  lr=0.03764  (206.0ms/step avg)
  step 271600/450360  loss=2.7067  lr=0.03761  (206.0ms/step avg)
  step 271700/450360  loss=2.6848  lr=0.03757  (206.0ms/step avg)
  step 271800/450360  loss=2.4701  lr=0.03754  (206.0ms/step avg)
  step 271900/450360  loss=2.5169  lr=0.0375  (206.0ms/step avg)
  step 272000/450360  loss=2.6052  lr=0.03746  (206.0ms/step avg)
  step 272100/450360  loss=2.7424  lr=0.03743  (206.0ms/step avg)
  step 272200/450360  loss=2.5646  lr=0.03739  (206.0ms/step avg)
  step 272300/450360  loss=2.4133  lr=0.03736  (206.0ms/step avg)
  step 272400/450360  loss=2.3468  lr=0.03732  (206.0ms/step avg)
  step 272500/450360  loss=2.5918  lr=0.03729  (206.0ms/step avg)
  step 272600/450360  loss=2.4444  lr=0.03725  (206.0ms/step avg)
  step 272700/450360  loss=2.5848  lr=0.03721  (206.0ms/step avg)
  step 272800/450360  loss=2.4483  lr=0.03718  (206.0ms/step avg)
  step 272900/450360  loss=2.5428  lr=0.03714  (206.0ms/step avg)
  step 273000/450360  loss=2.4761  lr=0.03711  (206.0ms/step avg)
  step 273100/450360  loss=2.4983  lr=0.03707  (206.0ms/step avg)
  step 273200/450360  loss=2.6097  lr=0.03704  (206.0ms/step avg)
  step 273300/450360  loss=2.4461  lr=0.037  (206.0ms/step avg)
  step 273400/450360  loss=2.4995  lr=0.03696  (206.0ms/step avg)
  step 273500/450360  loss=2.654  lr=0.03693  (206.0ms/step avg)
  step 273600/450360  loss=2.6871  lr=0.03689  (206.0ms/step avg)
  step 273700/450360  loss=2.5319  lr=0.03686  (206.0ms/step avg)
  step 273800/450360  loss=2.6453  lr=0.03682  (206.0ms/step avg)
  step 273900/450360  loss=2.4614  lr=0.03679  (206.0ms/step avg)
  step 274000/450360  loss=2.5475  lr=0.03675  (206.0ms/step avg)
  step 274100/450360  loss=2.5648  lr=0.03672  (206.0ms/step avg)
  step 274200/450360  loss=2.6359  lr=0.03668  (206.0ms/step avg)
  step 274300/450360  loss=2.6303  lr=0.03664  (206.0ms/step avg)
  step 274400/450360  loss=2.62  lr=0.03661  (206.0ms/step avg)
  step 274500/450360  loss=2.4737  lr=0.03657  (206.0ms/step avg)
  step 274600/450360  loss=2.4817  lr=0.03654  (206.0ms/step avg)
  step 274700/450360  loss=2.3929  lr=0.0365  (206.0ms/step avg)
  step 274800/450360  loss=2.3126  lr=0.03647  (206.0ms/step avg)
  step 274900/450360  loss=2.483  lr=0.03643  (206.0ms/step avg)
  step 275000/450360  loss=2.5064  lr=0.0364  (206.0ms/step avg)
  step 275100/450360  loss=2.6744  lr=0.03636  (206.0ms/step avg)
  step 275200/450360  loss=2.6101  lr=0.03632  (206.0ms/step avg)
  Running validation ...
[Epoch 55] lr=0.036317 loss(train_avg)=2.5501 val_top1=32451/50000 (0.649) val_top5=0.8678 val_loss=1.5299  [1016.2s train, 17.6s val]
saved 54 param-groups to /home/skoonce/r50_2018_jax_2610/resnet50_imagenet_2018_e55.bin (102228128 bytes)
  saved full train state -> /home/skoonce/r50_2018_jax_2610/resnet50_imagenet_2018_e55.state.npz (428 arrays, step=275220)
  step 275300/450360  loss=2.468  lr=0.03629  (206.0ms/step avg)
  step 275400/450360  loss=2.4589  lr=0.03625  (206.0ms/step avg)
  step 275500/450360  loss=2.4642  lr=0.03622  (206.0ms/step avg)
  step 275600/450360  loss=2.5125  lr=0.03618  (206.0ms/step avg)
  step 275700/450360  loss=2.5053  lr=0.03615  (206.0ms/step avg)
  step 275800/450360  loss=2.5488  lr=0.03611  (206.0ms/step avg)
  step 275900/450360  loss=2.6286  lr=0.03608  (206.0ms/step avg)
  step 276000/450360  loss=2.5781  lr=0.03604  (206.0ms/step avg)
  step 276100/450360  loss=2.6119  lr=0.036  (206.0ms/step avg)
  step 276200/450360  loss=2.5362  lr=0.03597  (206.0ms/step avg)
  step 276300/450360  loss=2.6264  lr=0.03593  (206.0ms/step avg)
  step 276400/450360  loss=2.3645  lr=0.0359  (206.0ms/step avg)
  step 276500/450360  loss=2.5013  lr=0.03586  (206.0ms/step avg)
  step 276600/450360  loss=2.6815  lr=0.03583  (206.0ms/step avg)
  step 276700/450360  loss=2.7528  lr=0.03579  (206.0ms/step avg)
  step 276800/450360  loss=2.6779  lr=0.03576  (206.0ms/step avg)
  step 276900/450360  loss=2.6051  lr=0.03572  (206.0ms/step avg)
  step 277000/450360  loss=2.5727  lr=0.03569  (206.0ms/step avg)
  step 277100/450360  loss=2.3759  lr=0.03565  (206.0ms/step avg)
  step 277200/450360  loss=2.5715  lr=0.03562  (206.0ms/step avg)
  step 277300/450360  loss=2.5699  lr=0.03558  (206.0ms/step avg)
  step 277400/450360  loss=2.6169  lr=0.03554  (206.0ms/step avg)
  step 277500/450360  loss=2.4038  lr=0.03551  (206.0ms/step avg)
  step 277600/450360  loss=2.5851  lr=0.03547  (206.0ms/step avg)
  step 277700/450360  loss=2.571  lr=0.03544  (206.0ms/step avg)
  step 277800/450360  loss=2.6739  lr=0.0354  (206.0ms/step avg)
  step 277900/450360  loss=2.6666  lr=0.03537  (206.0ms/step avg)
  step 278000/450360  loss=2.6173  lr=0.03533  (206.0ms/step avg)
  step 278100/450360  loss=2.3844  lr=0.0353  (206.0ms/step avg)
  step 278200/450360  loss=2.3293  lr=0.03526  (206.0ms/step avg)
  step 278300/450360  loss=2.5064  lr=0.03523  (206.0ms/step avg)
  step 278400/450360  loss=2.5945  lr=0.03519  (206.0ms/step avg)
  step 278500/450360  loss=2.4999  lr=0.03516  (206.0ms/step avg)
  step 278600/450360  loss=2.4758  lr=0.03512  (206.0ms/step avg)
  step 278700/450360  loss=2.534  lr=0.03509  (206.0ms/step avg)
  step 278800/450360  loss=2.5089  lr=0.03505  (206.0ms/step avg)
  step 278900/450360  loss=2.5387  lr=0.03502  (206.0ms/step avg)
  step 279000/450360  loss=2.552  lr=0.03498  (206.0ms/step avg)
  step 279100/450360  loss=2.4584  lr=0.03494  (206.0ms/step avg)
  step 279200/450360  loss=2.4102  lr=0.03491  (206.0ms/step avg)
  step 279300/450360  loss=2.5822  lr=0.03487  (206.0ms/step avg)
  step 279400/450360  loss=2.6329  lr=0.03484  (206.0ms/step avg)
  step 279500/450360  loss=2.3893  lr=0.0348  (206.0ms/step avg)
  step 279600/450360  loss=2.624  lr=0.03477  (206.0ms/step avg)
  step 279700/450360  loss=2.464  lr=0.03473  (206.0ms/step avg)
  step 279800/450360  loss=2.3677  lr=0.0347  (206.0ms/step avg)
  step 279900/450360  loss=2.5641  lr=0.03466  (206.0ms/step avg)
  step 280000/450360  loss=2.5724  lr=0.03463  (206.0ms/step avg)
  step 280100/450360  loss=2.5799  lr=0.03459  (206.0ms/step avg)
  step 280200/450360  loss=2.5316  lr=0.03456  (206.0ms/step avg)
  Running validation ...
[Epoch 56] lr=0.03455 loss(train_avg)=2.5342 val_top1=31968/50000 (0.6394) val_top5=0.8636 val_loss=1.5518  [1016.0s train, 17.8s val]
saved 54 param-groups to /home/skoonce/r50_2018_jax_2610/resnet50_imagenet_2018_e56.bin (102228128 bytes)
  saved full train state -> /home/skoonce/r50_2018_jax_2610/resnet50_imagenet_2018_e56.state.npz (428 arrays, step=280224)
  step 280300/450360  loss=2.4228  lr=0.03452  (206.0ms/step avg)
  step 280400/450360  loss=2.5381  lr=0.03449  (206.0ms/step avg)
  step 280500/450360  loss=2.452  lr=0.03445  (206.0ms/step avg)
  step 280600/450360  loss=2.466  lr=0.03442  (206.0ms/step avg)
  step 280700/450360  loss=2.5962  lr=0.03438  (206.0ms/step avg)
  step 280800/450360  loss=2.4548  lr=0.03435  (206.0ms/step avg)
  step 280900/450360  loss=2.4422  lr=0.03431  (206.0ms/step avg)
  step 281000/450360  loss=2.2858  lr=0.03428  (206.0ms/step avg)
  step 281100/450360  loss=2.5103  lr=0.03424  (206.0ms/step avg)
  step 281200/450360  loss=2.5268  lr=0.03421  (206.0ms/step avg)
  step 281300/450360  loss=2.6861  lr=0.03417  (206.0ms/step avg)
  step 281400/450360  loss=2.4667  lr=0.03414  (206.0ms/step avg)
  step 281500/450360  loss=2.4092  lr=0.0341  (206.0ms/step avg)
  step 281600/450360  loss=2.4778  lr=0.03407  (206.0ms/step avg)
  step 281700/450360  loss=2.4531  lr=0.03403  (206.0ms/step avg)
  step 281800/450360  loss=2.4984  lr=0.034  (206.0ms/step avg)
  step 281900/450360  loss=2.4249  lr=0.03396  (206.0ms/step avg)
  step 282000/450360  loss=2.5835  lr=0.03393  (206.0ms/step avg)
  step 282100/450360  loss=2.4678  lr=0.03389  (206.0ms/step avg)
  step 282200/450360  loss=2.6709  lr=0.03386  (206.0ms/step avg)
  step 282300/450360  loss=2.4781  lr=0.03382  (206.0ms/step avg)
  step 282400/450360  loss=2.4344  lr=0.03379  (206.0ms/step avg)
  step 282500/450360  loss=2.5399  lr=0.03375  (206.0ms/step avg)
  step 282600/450360  loss=2.5403  lr=0.03372  (206.0ms/step avg)
  step 282700/450360  loss=2.4367  lr=0.03368  (206.0ms/step avg)
  step 282800/450360  loss=2.6962  lr=0.03365  (206.0ms/step avg)
  step 282900/450360  loss=2.6532  lr=0.03361  (206.0ms/step avg)
  step 283000/450360  loss=2.5144  lr=0.03358  (206.0ms/step avg)
  step 283100/450360  loss=2.8132  lr=0.03354  (206.0ms/step avg)
  step 283200/450360  loss=2.4979  lr=0.03351  (206.0ms/step avg)
  step 283300/450360  loss=2.4822  lr=0.03347  (206.0ms/step avg)
  step 283400/450360  loss=2.6698  lr=0.03344  (206.0ms/step avg)
  step 283500/450360  loss=2.599  lr=0.0334  (206.0ms/step avg)
  step 283600/450360  loss=2.4347  lr=0.03337  (206.0ms/step avg)
  step 283700/450360  loss=2.4939  lr=0.03333  (206.0ms/step avg)
  step 283800/450360  loss=2.5114  lr=0.0333  (206.0ms/step avg)
  step 283900/450360  loss=2.5635  lr=0.03326  (206.0ms/step avg)
  step 284000/450360  loss=2.5133  lr=0.03323  (206.0ms/step avg)
  step 284100/450360  loss=2.4794  lr=0.03319  (206.0ms/step avg)
  step 284200/450360  loss=2.4418  lr=0.03316  (206.0ms/step avg)
  step 284300/450360  loss=2.4454  lr=0.03313  (206.0ms/step avg)
  step 284400/450360  loss=2.572  lr=0.03309  (206.0ms/step avg)
  step 284500/450360  loss=2.5759  lr=0.03306  (206.0ms/step avg)
  step 284600/450360  loss=2.4603  lr=0.03302  (206.0ms/step avg)
  step 284700/450360  loss=2.6021  lr=0.03299  (206.0ms/step avg)
  step 284800/450360  loss=2.694  lr=0.03295  (206.0ms/step avg)
  step 284900/450360  loss=2.4992  lr=0.03292  (206.0ms/step avg)
  step 285000/450360  loss=2.5689  lr=0.03288  (206.0ms/step avg)
  step 285100/450360  loss=2.3625  lr=0.03285  (206.0ms/step avg)
  step 285200/450360  loss=2.6786  lr=0.03281  (206.0ms/step avg)
  Running validation ...
[Epoch 57] lr=0.032803 loss(train_avg)=2.5139 val_top1=32230/50000 (0.6446) val_top5=0.8663 val_loss=1.5332  [1016.3s train, 17.8s val]
saved 54 param-groups to /home/skoonce/r50_2018_jax_2610/resnet50_imagenet_2018_e57.bin (102228128 bytes)
  saved full train state -> /home/skoonce/r50_2018_jax_2610/resnet50_imagenet_2018_e57.state.npz (428 arrays, step=285228)
  step 285300/450360  loss=2.549  lr=0.03278  (206.0ms/step avg)
  step 285400/450360  loss=2.4112  lr=0.03274  (206.0ms/step avg)
  step 285500/450360  loss=2.4519  lr=0.03271  (206.0ms/step avg)
  step 285600/450360  loss=2.5699  lr=0.03267  (206.0ms/step avg)
  step 285700/450360  loss=2.3997  lr=0.03264  (206.0ms/step avg)
  step 285800/450360  loss=2.3733  lr=0.0326  (206.0ms/step avg)
  step 285900/450360  loss=2.5366  lr=0.03257  (206.0ms/step avg)
  step 286000/450360  loss=2.5805  lr=0.03254  (206.0ms/step avg)
  step 286100/450360  loss=2.2025  lr=0.0325  (206.0ms/step avg)
  step 286200/450360  loss=2.5671  lr=0.03247  (206.0ms/step avg)
  step 286300/450360  loss=2.6225  lr=0.03243  (206.0ms/step avg)
  step 286400/450360  loss=2.6697  lr=0.0324  (206.0ms/step avg)
  step 286500/450360  loss=2.5215  lr=0.03236  (206.0ms/step avg)
  step 286600/450360  loss=2.7692  lr=0.03233  (206.0ms/step avg)
  step 286700/450360  loss=2.4262  lr=0.03229  (206.0ms/step avg)
  step 286800/450360  loss=2.4907  lr=0.03226  (206.0ms/step avg)
  step 286900/450360  loss=2.4817  lr=0.03222  (206.0ms/step avg)
  step 287000/450360  loss=2.3976  lr=0.03219  (206.0ms/step avg)
  step 287100/450360  loss=2.5948  lr=0.03216  (206.0ms/step avg)
  step 287200/450360  loss=2.2836  lr=0.03212  (206.0ms/step avg)
  step 287300/450360  loss=2.5865  lr=0.03209  (206.0ms/step avg)
  step 287400/450360  loss=2.5271  lr=0.03205  (206.0ms/step avg)
  step 287500/450360  loss=2.6181  lr=0.03202  (206.0ms/step avg)
  step 287600/450360  loss=2.5285  lr=0.03198  (206.0ms/step avg)
  step 287700/450360  loss=2.6606  lr=0.03195  (206.0ms/step avg)
  step 287800/450360  loss=2.4947  lr=0.03191  (206.0ms/step avg)
  step 287900/450360  loss=2.5075  lr=0.03188  (206.0ms/step avg)
  step 288000/450360  loss=2.6586  lr=0.03185  (206.0ms/step avg)
  step 288100/450360  loss=2.4224  lr=0.03181  (206.0ms/step avg)
  step 288200/450360  loss=2.5077  lr=0.03178  (206.0ms/step avg)
  step 288300/450360  loss=2.6514  lr=0.03174  (206.0ms/step avg)
  step 288400/450360  loss=2.4227  lr=0.03171  (206.0ms/step avg)
  step 288500/450360  loss=2.2259  lr=0.03167  (206.0ms/step avg)
  step 288600/450360  loss=2.6441  lr=0.03164  (206.0ms/step avg)
  step 288700/450360  loss=2.4112  lr=0.0316  (206.0ms/step avg)
  step 288800/450360  loss=2.4302  lr=0.03157  (206.0ms/step avg)
  step 288900/450360  loss=2.4472  lr=0.03154  (206.0ms/step avg)
  step 289000/450360  loss=2.4283  lr=0.0315  (206.0ms/step avg)
  step 289100/450360  loss=2.481  lr=0.03147  (206.0ms/step avg)
  step 289200/450360  loss=2.4579  lr=0.03143  (206.0ms/step avg)
  step 289300/450360  loss=2.3942  lr=0.0314  (206.0ms/step avg)
  step 289400/450360  loss=2.4489  lr=0.03136  (206.0ms/step avg)
  step 289500/450360  loss=2.3398  lr=0.03133  (206.0ms/step avg)
  step 289600/450360  loss=2.474  lr=0.0313  (206.0ms/step avg)
  step 289700/450360  loss=2.4461  lr=0.03126  (206.0ms/step avg)
  step 289800/450360  loss=2.5747  lr=0.03123  (206.0ms/step avg)
  step 289900/450360  loss=2.4678  lr=0.03119  (206.0ms/step avg)
  step 290000/450360  loss=2.6742  lr=0.03116  (206.0ms/step avg)
  step 290100/450360  loss=2.472  lr=0.03112  (206.0ms/step avg)
  step 290200/450360  loss=2.4734  lr=0.03109  (206.0ms/step avg)
  Running validation ...
[Epoch 58] lr=0.03108 loss(train_avg)=2.5008 val_top1=32701/50000 (0.654) val_top5=0.8707 val_loss=1.5043  [1016.3s train, 17.7s val]
saved 54 param-groups to /home/skoonce/r50_2018_jax_2610/resnet50_imagenet_2018_e58.bin (102228128 bytes)
  saved full train state -> /home/skoonce/r50_2018_jax_2610/resnet50_imagenet_2018_e58.state.npz (428 arrays, step=290232)
  step 290300/450360  loss=2.5881  lr=0.03106  (206.0ms/step avg)
  step 290400/450360  loss=2.559  lr=0.03102  (206.0ms/step avg)
  step 290500/450360  loss=2.5637  lr=0.03099  (206.0ms/step avg)
  step 290600/450360  loss=2.3775  lr=0.03095  (206.0ms/step avg)
  step 290700/450360  loss=2.5039  lr=0.03092  (206.0ms/step avg)
  step 290800/450360  loss=2.5034  lr=0.03089  (206.0ms/step avg)
  step 290900/450360  loss=2.3655  lr=0.03085  (206.0ms/step avg)
  step 291000/450360  loss=2.4659  lr=0.03082  (206.0ms/step avg)
  step 291100/450360  loss=2.3742  lr=0.03078  (206.0ms/step avg)
  step 291200/450360  loss=2.7002  lr=0.03075  (206.0ms/step avg)
  step 291300/450360  loss=2.4848  lr=0.03072  (206.0ms/step avg)
  step 291400/450360  loss=2.4518  lr=0.03068  (206.0ms/step avg)
  step 291500/450360  loss=2.3535  lr=0.03065  (206.0ms/step avg)
  step 291600/450360  loss=2.4116  lr=0.03061  (206.0ms/step avg)
  step 291700/450360  loss=2.5515  lr=0.03058  (206.0ms/step avg)
  step 291800/450360  loss=2.4318  lr=0.03055  (206.0ms/step avg)
  step 291900/450360  loss=2.3672  lr=0.03051  (206.0ms/step avg)
  step 292000/450360  loss=2.5114  lr=0.03048  (206.0ms/step avg)
  step 292100/450360  loss=2.4929  lr=0.03044  (206.0ms/step avg)
  step 292200/450360  loss=2.3223  lr=0.03041  (206.0ms/step avg)
  step 292300/450360  loss=2.6159  lr=0.03038  (206.0ms/step avg)
  step 292400/450360  loss=2.3373  lr=0.03034  (206.0ms/step avg)
  step 292500/450360  loss=2.7532  lr=0.03031  (206.0ms/step avg)
  step 292600/450360  loss=2.3526  lr=0.03027  (206.0ms/step avg)
  step 292700/450360  loss=2.5242  lr=0.03024  (206.0ms/step avg)
  step 292800/450360  loss=2.4879  lr=0.03021  (206.0ms/step avg)
  step 292900/450360  loss=2.4037  lr=0.03017  (206.0ms/step avg)
  step 293000/450360  loss=2.3141  lr=0.03014  (206.0ms/step avg)
  step 293100/450360  loss=2.5684  lr=0.0301  (206.0ms/step avg)
  step 293200/450360  loss=2.482  lr=0.03007  (206.0ms/step avg)
  step 293300/450360  loss=2.5149  lr=0.03004  (206.0ms/step avg)
  step 293400/450360  loss=2.5466  lr=0.03  (206.0ms/step avg)
  step 293500/450360  loss=2.3851  lr=0.02997  (206.0ms/step avg)
  step 293600/450360  loss=2.4735  lr=0.02993  (206.0ms/step avg)
  step 293700/450360  loss=2.3905  lr=0.0299  (206.0ms/step avg)
  step 293800/450360  loss=2.6281  lr=0.02987  (206.0ms/step avg)
  step 293900/450360  loss=2.4774  lr=0.02983  (206.0ms/step avg)
  step 294000/450360  loss=2.4932  lr=0.0298  (206.0ms/step avg)
  step 294100/450360  loss=2.3786  lr=0.02977  (206.0ms/step avg)
  step 294200/450360  loss=2.5784  lr=0.02973  (206.0ms/step avg)
  step 294300/450360  loss=2.561  lr=0.0297  (206.0ms/step avg)
  step 294400/450360  loss=2.2585  lr=0.02966  (206.0ms/step avg)
  step 294500/450360  loss=2.2851  lr=0.02963  (206.0ms/step avg)
  step 294600/450360  loss=2.6115  lr=0.0296  (206.0ms/step avg)
  step 294700/450360  loss=2.558  lr=0.02956  (206.0ms/step avg)
  step 294800/450360  loss=2.5073  lr=0.02953  (206.0ms/step avg)
  step 294900/450360  loss=2.2963  lr=0.0295  (206.0ms/step avg)
  step 295000/450360  loss=2.646  lr=0.02946  (206.0ms/step avg)
  step 295100/450360  loss=2.5447  lr=0.02943  (206.0ms/step avg)
  step 295200/450360  loss=2.3233  lr=0.02939  (206.0ms/step avg)
  Running validation ...
[Epoch 59] lr=0.029383 loss(train_avg)=2.4789 val_top1=33013/50000 (0.6603) val_top5=0.8736 val_loss=1.4707  [1015.8s train, 17.7s val]
saved 54 param-groups to /home/skoonce/r50_2018_jax_2610/resnet50_imagenet_2018_e59.bin (102228128 bytes)
  saved full train state -> /home/skoonce/r50_2018_jax_2610/resnet50_imagenet_2018_e59.state.npz (428 arrays, step=295236)
  step 295300/450360  loss=2.3234  lr=0.02936  (206.0ms/step avg)
  step 295400/450360  loss=2.5561  lr=0.02933  (206.0ms/step avg)
  step 295500/450360  loss=2.3886  lr=0.02929  (206.0ms/step avg)
  step 295600/450360  loss=2.596  lr=0.02926  (206.0ms/step avg)
  step 295700/450360  loss=2.3433  lr=0.02923  (206.0ms/step avg)
  step 295800/450360  loss=2.3219  lr=0.02919  (206.0ms/step avg)
  step 295900/450360  loss=2.4965  lr=0.02916  (206.0ms/step avg)
  step 296000/450360  loss=2.7307  lr=0.02913  (206.0ms/step avg)
  step 296100/450360  loss=2.4637  lr=0.02909  (206.0ms/step avg)
  step 296200/450360  loss=2.5238  lr=0.02906  (206.0ms/step avg)
  step 296300/450360  loss=2.226  lr=0.02903  (206.0ms/step avg)
  step 296400/450360  loss=2.457  lr=0.02899  (206.0ms/step avg)
  step 296500/450360  loss=2.5316  lr=0.02896  (206.0ms/step avg)
  step 296600/450360  loss=2.4376  lr=0.02892  (206.0ms/step avg)
  step 296700/450360  loss=2.5089  lr=0.02889  (206.0ms/step avg)
  step 296800/450360  loss=2.4664  lr=0.02886  (206.0ms/step avg)
  step 296900/450360  loss=2.3868  lr=0.02882  (206.0ms/step avg)
  step 297000/450360  loss=2.4329  lr=0.02879  (206.0ms/step avg)
  step 297100/450360  loss=2.595  lr=0.02876  (206.0ms/step avg)
  step 297200/450360  loss=2.4769  lr=0.02872  (206.0ms/step avg)
  step 297300/450360  loss=2.4548  lr=0.02869  (206.0ms/step avg)
  step 297400/450360  loss=2.533  lr=0.02866  (206.0ms/step avg)
  step 297500/450360  loss=2.5259  lr=0.02862  (206.0ms/step avg)
  step 297600/450360  loss=2.288  lr=0.02859  (206.0ms/step avg)
  step 297700/450360  loss=2.4655  lr=0.02856  (206.0ms/step avg)
  step 297800/450360  loss=2.5733  lr=0.02852  (206.0ms/step avg)
  step 297900/450360  loss=2.4042  lr=0.02849  (206.0ms/step avg)
  step 298000/450360  loss=2.3631  lr=0.02846  (206.0ms/step avg)
  step 298100/450360  loss=2.1791  lr=0.02842  (206.0ms/step avg)
  step 298200/450360  loss=2.5636  lr=0.02839  (206.0ms/step avg)
  step 298300/450360  loss=2.4564  lr=0.02836  (206.0ms/step avg)
  step 298400/450360  loss=2.3672  lr=0.02832  (206.0ms/step avg)
  step 298500/450360  loss=2.5395  lr=0.02829  (206.0ms/step avg)
  step 298600/450360  loss=2.4806  lr=0.02826  (206.0ms/step avg)
  step 298700/450360  loss=2.5465  lr=0.02822  (206.0ms/step avg)
  step 298800/450360  loss=2.3989  lr=0.02819  (206.0ms/step avg)
  step 298900/450360  loss=2.3373  lr=0.02816  (206.0ms/step avg)
  step 299000/450360  loss=2.3626  lr=0.02812  (206.0ms/step avg)
  step 299100/450360  loss=2.4999  lr=0.02809  (206.0ms/step avg)
  step 299200/450360  loss=2.3642  lr=0.02806  (206.0ms/step avg)
  step 299300/450360  loss=2.4165  lr=0.02802  (206.0ms/step avg)
  step 299400/450360  loss=2.4629  lr=0.02799  (206.0ms/step avg)
  step 299500/450360  loss=2.3754  lr=0.02796  (206.0ms/step avg)
  step 299600/450360  loss=2.4621  lr=0.02793  (206.0ms/step avg)
  step 299700/450360  loss=2.4787  lr=0.02789  (206.0ms/step avg)
  step 299800/450360  loss=2.5354  lr=0.02786  (206.0ms/step avg)
  step 299900/450360  loss=2.3962  lr=0.02783  (206.0ms/step avg)
  step 300000/450360  loss=2.4666  lr=0.02779  (206.0ms/step avg)
  step 300100/450360  loss=2.4362  lr=0.02776  (206.0ms/step avg)
  step 300200/450360  loss=2.455  lr=0.02773  (206.0ms/step avg)
  Running validation ...
[Epoch 60] lr=0.027713 loss(train_avg)=2.4637 val_top1=33316/50000 (0.6663) val_top5=0.8812 val_loss=1.4325  [1016.0s train, 17.7s val]
saved 54 param-groups to /home/skoonce/r50_2018_jax_2610/resnet50_imagenet_2018_e60.bin (102228128 bytes)
  saved full train state -> /home/skoonce/r50_2018_jax_2610/resnet50_imagenet_2018_e60.state.npz (428 arrays, step=300240)
  step 300300/450360  loss=2.3986  lr=0.02769  (206.0ms/step avg)
  step 300400/450360  loss=2.6155  lr=0.02766  (206.0ms/step avg)
  step 300500/450360  loss=2.5398  lr=0.02763  (206.0ms/step avg)
  step 300600/450360  loss=2.4086  lr=0.02759  (206.0ms/step avg)
  step 300700/450360  loss=2.3116  lr=0.02756  (206.0ms/step avg)
  step 300800/450360  loss=2.5984  lr=0.02753  (206.0ms/step avg)
  step 300900/450360  loss=2.701  lr=0.0275  (206.0ms/step avg)
  step 301000/450360  loss=2.3367  lr=0.02746  (206.0ms/step avg)
  step 301100/450360  loss=2.4088  lr=0.02743  (206.0ms/step avg)
  step 301200/450360  loss=2.3769  lr=0.0274  (206.0ms/step avg)
  step 301300/450360  loss=2.5253  lr=0.02736  (206.0ms/step avg)
  step 301400/450360  loss=2.5024  lr=0.02733  (206.0ms/step avg)
  step 301500/450360  loss=2.2215  lr=0.0273  (206.0ms/step avg)
  step 301600/450360  loss=2.4386  lr=0.02726  (206.0ms/step avg)
  step 301700/450360  loss=2.4752  lr=0.02723  (206.0ms/step avg)
  step 301800/450360  loss=2.4114  lr=0.0272  (206.0ms/step avg)
  step 301900/450360  loss=2.3964  lr=0.02717  (206.0ms/step avg)
  step 302000/450360  loss=2.3814  lr=0.02713  (206.0ms/step avg)
  step 302100/450360  loss=2.5248  lr=0.0271  (206.0ms/step avg)
  step 302200/450360  loss=2.4256  lr=0.02707  (206.0ms/step avg)
  step 302300/450360  loss=2.4257  lr=0.02704  (206.0ms/step avg)
  step 302400/450360  loss=2.4652  lr=0.027  (206.0ms/step avg)
  step 302500/450360  loss=2.5896  lr=0.02697  (206.0ms/step avg)
  step 302600/450360  loss=2.2855  lr=0.02694  (206.0ms/step avg)
  step 302700/450360  loss=2.5926  lr=0.0269  (206.0ms/step avg)
  step 302800/450360  loss=2.405  lr=0.02687  (206.0ms/step avg)
  step 302900/450360  loss=2.4174  lr=0.02684  (206.0ms/step avg)
  step 303000/450360  loss=2.5188  lr=0.02681  (206.0ms/step avg)
  step 303100/450360  loss=2.3734  lr=0.02677  (206.0ms/step avg)
  step 303200/450360  loss=2.4274  lr=0.02674  (206.0ms/step avg)
  step 303300/450360  loss=2.5037  lr=0.02671  (206.0ms/step avg)
  step 303400/450360  loss=2.5493  lr=0.02667  (206.0ms/step avg)
  step 303500/450360  loss=2.5506  lr=0.02664  (206.0ms/step avg)
  step 303600/450360  loss=2.4939  lr=0.02661  (206.0ms/step avg)
  step 303700/450360  loss=2.4471  lr=0.02658  (206.0ms/step avg)
  step 303800/450360  loss=2.5146  lr=0.02654  (206.0ms/step avg)
  step 303900/450360  loss=2.5436  lr=0.02651  (206.0ms/step avg)
  step 304000/450360  loss=2.2454  lr=0.02648  (206.0ms/step avg)
  step 304100/450360  loss=2.5465  lr=0.02645  (206.0ms/step avg)
  step 304200/450360  loss=2.3322  lr=0.02641  (206.0ms/step avg)
  step 304300/450360  loss=2.488  lr=0.02638  (206.0ms/step avg)
  step 304400/450360  loss=2.3921  lr=0.02635  (206.0ms/step avg)
  step 304500/450360  loss=2.2941  lr=0.02632  (206.0ms/step avg)
  step 304600/450360  loss=2.5337  lr=0.02628  (206.0ms/step avg)
  step 304700/450360  loss=2.2809  lr=0.02625  (206.0ms/step avg)
  step 304800/450360  loss=2.4349  lr=0.02622  (206.0ms/step avg)
  step 304900/450360  loss=2.4114  lr=0.02619  (206.0ms/step avg)
  step 305000/450360  loss=2.5125  lr=0.02615  (206.0ms/step avg)
  step 305100/450360  loss=2.3623  lr=0.02612  (206.0ms/step avg)
  step 305200/450360  loss=2.3668  lr=0.02609  (206.0ms/step avg)
  Running validation ...
[Epoch 61] lr=0.026075 loss(train_avg)=2.4465 val_top1=33502/50000 (0.67) val_top5=0.881 val_loss=1.4202  [1015.8s train, 17.7s val]
saved 54 param-groups to /home/skoonce/r50_2018_jax_2610/resnet50_imagenet_2018_e61.bin (102228128 bytes)
  saved full train state -> /home/skoonce/r50_2018_jax_2610/resnet50_imagenet_2018_e61.state.npz (428 arrays, step=305244)
  step 305300/450360  loss=2.4132  lr=0.02606  (206.0ms/step avg)
  step 305400/450360  loss=2.2849  lr=0.02602  (206.0ms/step avg)
  step 305500/450360  loss=2.5472  lr=0.02599  (206.0ms/step avg)
  step 305600/450360  loss=2.5725  lr=0.02596  (206.0ms/step avg)
  step 305700/450360  loss=2.5495  lr=0.02593  (206.0ms/step avg)
  step 305800/450360  loss=2.4295  lr=0.02589  (206.0ms/step avg)
  step 305900/450360  loss=2.5283  lr=0.02586  (206.0ms/step avg)
  step 306000/450360  loss=2.4036  lr=0.02583  (206.0ms/step avg)
  step 306100/450360  loss=2.3615  lr=0.0258  (206.0ms/step avg)
  step 306200/450360  loss=2.6296  lr=0.02577  (206.0ms/step avg)
  step 306300/450360  loss=2.4098  lr=0.02573  (206.0ms/step avg)
  step 306400/450360  loss=2.4701  lr=0.0257  (206.0ms/step avg)
  step 306500/450360  loss=2.4511  lr=0.02567  (206.0ms/step avg)
  step 306600/450360  loss=2.5212  lr=0.02564  (206.0ms/step avg)
  step 306700/450360  loss=2.4633  lr=0.0256  (206.0ms/step avg)
  step 306800/450360  loss=2.4158  lr=0.02557  (206.0ms/step avg)
  step 306900/450360  loss=2.3005  lr=0.02554  (206.0ms/step avg)
  step 307000/450360  loss=2.4583  lr=0.02551  (206.0ms/step avg)
  step 307100/450360  loss=2.3499  lr=0.02548  (206.0ms/step avg)
  step 307200/450360  loss=2.4763  lr=0.02544  (206.0ms/step avg)
  step 307300/450360  loss=2.6139  lr=0.02541  (206.0ms/step avg)
  step 307400/450360  loss=2.4324  lr=0.02538  (206.0ms/step avg)
  step 307500/450360  loss=2.4859  lr=0.02535  (206.0ms/step avg)
  step 307600/450360  loss=2.2664  lr=0.02531  (206.0ms/step avg)
  step 307700/450360  loss=2.3372  lr=0.02528  (206.0ms/step avg)
  step 307800/450360  loss=2.1717  lr=0.02525  (206.0ms/step avg)
  step 307900/450360  loss=2.3177  lr=0.02522  (206.0ms/step avg)
  step 308000/450360  loss=2.3475  lr=0.02519  (206.0ms/step avg)
  step 308100/450360  loss=2.3294  lr=0.02515  (206.0ms/step avg)
  step 308200/450360  loss=2.4642  lr=0.02512  (206.0ms/step avg)
  step 308300/450360  loss=2.4758  lr=0.02509  (206.0ms/step avg)
  step 308400/450360  loss=2.5987  lr=0.02506  (206.0ms/step avg)
  step 308500/450360  loss=2.3703  lr=0.02503  (206.0ms/step avg)
  step 308600/450360  loss=2.4552  lr=0.02499  (206.0ms/step avg)
  step 308700/450360  loss=2.2401  lr=0.02496  (206.0ms/step avg)
  step 308800/450360  loss=2.4678  lr=0.02493  (206.0ms/step avg)
  step 308900/450360  loss=2.3483  lr=0.0249  (206.0ms/step avg)
  step 309000/450360  loss=2.4096  lr=0.02487  (206.0ms/step avg)
  step 309100/450360  loss=2.3052  lr=0.02483  (206.0ms/step avg)
  step 309200/450360  loss=2.5425  lr=0.0248  (206.0ms/step avg)
  step 309300/450360  loss=2.4354  lr=0.02477  (206.0ms/step avg)
  step 309400/450360  loss=2.61  lr=0.02474  (206.0ms/step avg)
  step 309500/450360  loss=2.5238  lr=0.02471  (206.0ms/step avg)
  step 309600/450360  loss=2.3721  lr=0.02467  (206.0ms/step avg)
  step 309700/450360  loss=2.3946  lr=0.02464  (206.0ms/step avg)
  step 309800/450360  loss=2.4776  lr=0.02461  (206.0ms/step avg)
  step 309900/450360  loss=2.5173  lr=0.02458  (206.0ms/step avg)
  step 310000/450360  loss=2.4181  lr=0.02455  (206.0ms/step avg)
  step 310100/450360  loss=2.2745  lr=0.02452  (206.0ms/step avg)
  step 310200/450360  loss=2.5628  lr=0.02448  (206.0ms/step avg)
  Running validation ...
[Epoch 62] lr=0.024469 loss(train_avg)=2.4244 val_top1=33503/50000 (0.6701) val_top5=0.8843 val_loss=1.4096  [1015.9s train, 17.9s val]
saved 54 param-groups to /home/skoonce/r50_2018_jax_2610/resnet50_imagenet_2018_e62.bin (102228128 bytes)
  saved full train state -> /home/skoonce/r50_2018_jax_2610/resnet50_imagenet_2018_e62.state.npz (428 arrays, step=310248)
  step 310300/450360  loss=2.4973  lr=0.02445  (206.0ms/step avg)
  step 310400/450360  loss=2.3886  lr=0.02442  (206.0ms/step avg)
  step 310500/450360  loss=2.4234  lr=0.02439  (206.0ms/step avg)
  step 310600/450360  loss=2.4585  lr=0.02436  (206.0ms/step avg)
  step 310700/450360  loss=2.405  lr=0.02433  (206.0ms/step avg)
  step 310800/450360  loss=2.4508  lr=0.02429  (206.0ms/step avg)
  step 310900/450360  loss=2.3576  lr=0.02426  (206.0ms/step avg)
  step 311000/450360  loss=2.4156  lr=0.02423  (206.0ms/step avg)
  step 311100/450360  loss=2.5486  lr=0.0242  (206.0ms/step avg)
  step 311200/450360  loss=2.6003  lr=0.02417  (206.0ms/step avg)
  step 311300/450360  loss=2.4611  lr=0.02414  (206.0ms/step avg)
  step 311400/450360  loss=2.7465  lr=0.0241  (206.0ms/step avg)
  step 311500/450360  loss=2.6562  lr=0.02407  (206.0ms/step avg)
  step 311600/450360  loss=2.4336  lr=0.02404  (206.0ms/step avg)
  step 311700/450360  loss=2.3315  lr=0.02401  (206.0ms/step avg)
  step 311800/450360  loss=2.3349  lr=0.02398  (206.0ms/step avg)
  step 311900/450360  loss=2.2701  lr=0.02395  (206.0ms/step avg)
  step 312000/450360  loss=2.2904  lr=0.02391  (206.0ms/step avg)
  step 312100/450360  loss=2.5305  lr=0.02388  (206.0ms/step avg)
  step 312200/450360  loss=2.4412  lr=0.02385  (206.0ms/step avg)
  step 312300/450360  loss=2.302  lr=0.02382  (206.0ms/step avg)
  step 312400/450360  loss=2.2708  lr=0.02379  (206.0ms/step avg)
  step 312500/450360  loss=2.4057  lr=0.02376  (206.0ms/step avg)
  step 312600/450360  loss=2.5226  lr=0.02373  (206.0ms/step avg)
  step 312700/450360  loss=2.3403  lr=0.02369  (206.0ms/step avg)
  step 312800/450360  loss=2.43  lr=0.02366  (206.0ms/step avg)
  step 312900/450360  loss=2.4581  lr=0.02363  (206.0ms/step avg)
  step 313000/450360  loss=2.4048  lr=0.0236  (206.0ms/step avg)
  step 313100/450360  loss=2.3427  lr=0.02357  (206.0ms/step avg)
  step 313200/450360  loss=2.5908  lr=0.02354  (206.0ms/step avg)
  step 313300/450360  loss=2.387  lr=0.02351  (206.0ms/step avg)
  step 313400/450360  loss=2.3473  lr=0.02347  (206.0ms/step avg)
  step 313500/450360  loss=2.3512  lr=0.02344  (206.0ms/step avg)
  step 313600/450360  loss=2.407  lr=0.02341  (206.0ms/step avg)
  step 313700/450360  loss=2.2504  lr=0.02338  (206.0ms/step avg)
  step 313800/450360  loss=2.3001  lr=0.02335  (206.0ms/step avg)
  step 313900/450360  loss=2.3522  lr=0.02332  (206.0ms/step avg)
  step 314000/450360  loss=2.4607  lr=0.02329  (206.0ms/step avg)
  step 314100/450360  loss=2.2297  lr=0.02326  (206.0ms/step avg)
  step 314200/450360  loss=2.3166  lr=0.02322  (206.0ms/step avg)
  step 314300/450360  loss=2.4599  lr=0.02319  (206.0ms/step avg)
  step 314400/450360  loss=2.3336  lr=0.02316  (206.0ms/step avg)
  step 314500/450360  loss=2.3902  lr=0.02313  (206.0ms/step avg)
  step 314600/450360  loss=2.4806  lr=0.0231  (206.0ms/step avg)
  step 314700/450360  loss=2.4247  lr=0.02307  (206.0ms/step avg)
  step 314800/450360  loss=2.2482  lr=0.02304  (206.0ms/step avg)
  step 314900/450360  loss=2.4998  lr=0.02301  (206.0ms/step avg)
  step 315000/450360  loss=2.3849  lr=0.02298  (206.0ms/step avg)
  step 315100/450360  loss=2.336  lr=0.02294  (206.0ms/step avg)
  step 315200/450360  loss=2.1497  lr=0.02291  (206.0ms/step avg)
  Running validation ...
[Epoch 63] lr=0.022898 loss(train_avg)=2.4039 val_top1=32857/50000 (0.6571) val_top5=0.8716 val_loss=1.4906  [1016.1s train, 17.7s val]
saved 54 param-groups to /home/skoonce/r50_2018_jax_2610/resnet50_imagenet_2018_e63.bin (102228128 bytes)
  saved full train state -> /home/skoonce/r50_2018_jax_2610/resnet50_imagenet_2018_e63.state.npz (428 arrays, step=315252)
  step 315300/450360  loss=2.2644  lr=0.02288  (206.0ms/step avg)
  step 315400/450360  loss=2.3346  lr=0.02285  (206.0ms/step avg)
  step 315500/450360  loss=2.3408  lr=0.02282  (206.0ms/step avg)
  step 315600/450360  loss=2.6023  lr=0.02279  (206.0ms/step avg)
  step 315700/450360  loss=2.3423  lr=0.02276  (206.0ms/step avg)
  step 315800/450360  loss=2.4426  lr=0.02273  (206.0ms/step avg)
  step 315900/450360  loss=2.3503  lr=0.0227  (206.0ms/step avg)
  step 316000/450360  loss=2.4572  lr=0.02267  (206.0ms/step avg)
  step 316100/450360  loss=2.4128  lr=0.02264  (206.0ms/step avg)
  step 316200/450360  loss=2.3561  lr=0.0226  (206.0ms/step avg)
  step 316300/450360  loss=2.3938  lr=0.02257  (206.0ms/step avg)
  step 316400/450360  loss=2.3218  lr=0.02254  (206.0ms/step avg)
  step 316500/450360  loss=2.4596  lr=0.02251  (206.0ms/step avg)
  step 316600/450360  loss=2.4109  lr=0.02248  (206.0ms/step avg)
  step 316700/450360  loss=2.4644  lr=0.02245  (206.0ms/step avg)
  step 316800/450360  loss=2.3923  lr=0.02242  (206.0ms/step avg)
  step 316900/450360  loss=2.2556  lr=0.02239  (206.0ms/step avg)
  step 317000/450360  loss=2.392  lr=0.02236  (206.0ms/step avg)
  step 317100/450360  loss=2.2103  lr=0.02233  (206.0ms/step avg)
  step 317200/450360  loss=2.3671  lr=0.0223  (206.0ms/step avg)
  step 317300/450360  loss=2.489  lr=0.02227  (206.0ms/step avg)
  step 317400/450360  loss=2.5196  lr=0.02223  (206.0ms/step avg)
  step 317500/450360  loss=2.2473  lr=0.0222  (206.0ms/step avg)
  step 317600/450360  loss=2.4807  lr=0.02217  (206.0ms/step avg)
  step 317700/450360  loss=2.5481  lr=0.02214  (206.0ms/step avg)
  step 317800/450360  loss=2.4177  lr=0.02211  (206.0ms/step avg)
  step 317900/450360  loss=2.513  lr=0.02208  (206.0ms/step avg)
  step 318000/450360  loss=2.374  lr=0.02205  (206.0ms/step avg)
  step 318100/450360  loss=2.3736  lr=0.02202  (206.0ms/step avg)
  step 318200/450360  loss=2.3031  lr=0.02199  (206.0ms/step avg)
  step 318300/450360  loss=2.3966  lr=0.02196  (206.0ms/step avg)
  step 318400/450360  loss=2.5578  lr=0.02193  (206.0ms/step avg)
  step 318500/450360  loss=2.3517  lr=0.0219  (206.0ms/step avg)
  step 318600/450360  loss=2.4539  lr=0.02187  (206.0ms/step avg)
  step 318700/450360  loss=2.4621  lr=0.02184  (206.0ms/step avg)
  step 318800/450360  loss=2.5982  lr=0.02181  (206.0ms/step avg)
  step 318900/450360  loss=2.3378  lr=0.02178  (206.0ms/step avg)
  step 319000/450360  loss=2.2691  lr=0.02175  (206.0ms/step avg)
  step 319100/450360  loss=2.3159  lr=0.02171  (206.0ms/step avg)
  step 319200/450360  loss=2.4425  lr=0.02168  (206.0ms/step avg)
  step 319300/450360  loss=2.2908  lr=0.02165  (206.0ms/step avg)
  step 319400/450360  loss=2.4066  lr=0.02162  (206.0ms/step avg)
  step 319500/450360  loss=2.4032  lr=0.02159  (206.0ms/step avg)
  step 319600/450360  loss=2.3695  lr=0.02156  (206.0ms/step avg)
  step 319700/450360  loss=2.4239  lr=0.02153  (206.0ms/step avg)
  step 319800/450360  loss=2.3872  lr=0.0215  (206.0ms/step avg)
  step 319900/450360  loss=2.4688  lr=0.02147  (206.0ms/step avg)
  step 320000/450360  loss=2.3553  lr=0.02144  (206.0ms/step avg)
  step 320100/450360  loss=2.4659  lr=0.02141  (206.0ms/step avg)
  step 320200/450360  loss=2.4043  lr=0.02138  (206.0ms/step avg)
  Running validation ...
[Epoch 64] lr=0.021364 loss(train_avg)=2.3839 val_top1=33594/50000 (0.6719) val_top5=0.8819 val_loss=1.4334  [1015.3s train, 17.7s val]
saved 54 param-groups to /home/skoonce/r50_2018_jax_2610/resnet50_imagenet_2018_e64.bin (102228128 bytes)
  saved full train state -> /home/skoonce/r50_2018_jax_2610/resnet50_imagenet_2018_e64.state.npz (428 arrays, step=320256)
  step 320300/450360  loss=2.281  lr=0.02135  (206.0ms/step avg)
  step 320400/450360  loss=2.2616  lr=0.02132  (206.0ms/step avg)
  step 320500/450360  loss=2.5805  lr=0.02129  (206.0ms/step avg)
  step 320600/450360  loss=2.4482  lr=0.02126  (206.0ms/step avg)
  step 320700/450360  loss=2.282  lr=0.02123  (206.0ms/step avg)
  step 320800/450360  loss=2.3957  lr=0.0212  (206.0ms/step avg)
  step 320900/450360  loss=2.3925  lr=0.02117  (206.0ms/step avg)
  step 321000/450360  loss=2.2673  lr=0.02114  (206.0ms/step avg)
  step 321100/450360  loss=2.3502  lr=0.02111  (206.0ms/step avg)
  step 321200/450360  loss=2.3552  lr=0.02108  (206.0ms/step avg)
  step 321300/450360  loss=2.4496  lr=0.02105  (206.0ms/step avg)
  step 321400/450360  loss=2.4461  lr=0.02102  (206.0ms/step avg)
  step 321500/450360  loss=2.3284  lr=0.02099  (206.0ms/step avg)
  step 321600/450360  loss=2.3864  lr=0.02096  (206.0ms/step avg)
  step 321700/450360  loss=2.3696  lr=0.02093  (206.0ms/step avg)
  step 321800/450360  loss=2.4077  lr=0.0209  (206.0ms/step avg)
  step 321900/450360  loss=2.4952  lr=0.02087  (206.0ms/step avg)
  step 322000/450360  loss=2.3852  lr=0.02084  (206.0ms/step avg)
  step 322100/450360  loss=2.4687  lr=0.02081  (206.0ms/step avg)
  step 322200/450360  loss=2.1927  lr=0.02078  (206.0ms/step avg)
  step 322300/450360  loss=2.4676  lr=0.02075  (206.0ms/step avg)
  step 322400/450360  loss=2.4412  lr=0.02072  (206.0ms/step avg)
  step 322500/450360  loss=2.2374  lr=0.02069  (206.0ms/step avg)
  step 322600/450360  loss=2.3301  lr=0.02066  (206.0ms/step avg)
  step 322700/450360  loss=2.2608  lr=0.02063  (206.0ms/step avg)
  step 322800/450360  loss=2.3755  lr=0.0206  (206.0ms/step avg)
  step 322900/450360  loss=2.1093  lr=0.02057  (206.0ms/step avg)
  step 323000/450360  loss=2.4235  lr=0.02054  (206.0ms/step avg)
  step 323100/450360  loss=2.3154  lr=0.02051  (206.0ms/step avg)
  step 323200/450360  loss=2.3539  lr=0.02048  (206.0ms/step avg)
  step 323300/450360  loss=2.283  lr=0.02045  (206.0ms/step avg)
  step 323400/450360  loss=2.3039  lr=0.02042  (206.0ms/step avg)
  step 323500/450360  loss=2.3189  lr=0.02039  (206.0ms/step avg)
  step 323600/450360  loss=2.4445  lr=0.02036  (206.0ms/step avg)
  step 323700/450360  loss=2.6936  lr=0.02033  (206.0ms/step avg)
  step 323800/450360  loss=2.3711  lr=0.0203  (206.0ms/step avg)
  step 323900/450360  loss=2.3442  lr=0.02027  (206.0ms/step avg)
  step 324000/450360  loss=2.1864  lr=0.02024  (206.0ms/step avg)
  step 324100/450360  loss=2.308  lr=0.02021  (206.0ms/step avg)
  step 324200/450360  loss=2.5088  lr=0.02018  (206.0ms/step avg)
  step 324300/450360  loss=2.1926  lr=0.02015  (206.0ms/step avg)
  step 324400/450360  loss=2.2789  lr=0.02012  (206.0ms/step avg)
  step 324500/450360  loss=2.3463  lr=0.02009  (206.0ms/step avg)
  step 324600/450360  loss=2.6973  lr=0.02006  (206.0ms/step avg)
  step 324700/450360  loss=2.3277  lr=0.02003  (206.0ms/step avg)
  step 324800/450360  loss=2.2827  lr=0.02  (206.0ms/step avg)
  step 324900/450360  loss=2.3563  lr=0.01997  (206.0ms/step avg)
  step 325000/450360  loss=2.3429  lr=0.01995  (206.0ms/step avg)
  step 325100/450360  loss=2.3781  lr=0.01992  (206.0ms/step avg)
  step 325200/450360  loss=2.3221  lr=0.01989  (206.0ms/step avg)
  Running validation ...
[Epoch 65] lr=0.019869 loss(train_avg)=2.3614 val_top1=34262/50000 (0.6852) val_top5=0.891 val_loss=1.3475  [1015.0s train, 17.7s val]
saved 54 param-groups to /home/skoonce/r50_2018_jax_2610/resnet50_imagenet_2018_e65.bin (102228128 bytes)
  saved full train state -> /home/skoonce/r50_2018_jax_2610/resnet50_imagenet_2018_e65.state.npz (428 arrays, step=325260)
  step 325300/450360  loss=2.4204  lr=0.01986  (206.0ms/step avg)
  step 325400/450360  loss=2.3313  lr=0.01983  (206.0ms/step avg)
  step 325500/450360  loss=2.345  lr=0.0198  (206.0ms/step avg)
  step 325600/450360  loss=2.3561  lr=0.01977  (206.0ms/step avg)
  step 325700/450360  loss=2.3312  lr=0.01974  (206.0ms/step avg)
  step 325800/450360  loss=2.2206  lr=0.01971  (206.0ms/step avg)
  step 325900/450360  loss=2.5682  lr=0.01968  (206.0ms/step avg)
  step 326000/450360  loss=2.2734  lr=0.01965  (206.0ms/step avg)
  step 326100/450360  loss=2.2836  lr=0.01962  (206.0ms/step avg)
  step 326200/450360  loss=2.3455  lr=0.01959  (206.0ms/step avg)
  step 326300/450360  loss=2.4793  lr=0.01956  (206.0ms/step avg)
  step 326400/450360  loss=2.3648  lr=0.01953  (206.0ms/step avg)
  step 326500/450360  loss=2.3825  lr=0.0195  (206.0ms/step avg)
  step 326600/450360  loss=2.2259  lr=0.01948  (206.0ms/step avg)
  step 326700/450360  loss=2.1731  lr=0.01945  (206.0ms/step avg)
  step 326800/450360  loss=2.328  lr=0.01942  (206.0ms/step avg)
  step 326900/450360  loss=2.3106  lr=0.01939  (206.0ms/step avg)
  step 327000/450360  loss=2.1181  lr=0.01936  (206.0ms/step avg)
  step 327100/450360  loss=2.4014  lr=0.01933  (206.0ms/step avg)
  step 327200/450360  loss=2.1858  lr=0.0193  (206.0ms/step avg)
  step 327300/450360  loss=2.0997  lr=0.01927  (206.0ms/step avg)
  step 327400/450360  loss=2.2541  lr=0.01924  (206.0ms/step avg)
  step 327500/450360  loss=2.2578  lr=0.01921  (206.0ms/step avg)
  step 327600/450360  loss=2.4429  lr=0.01918  (206.0ms/step avg)
  step 327700/450360  loss=2.16  lr=0.01915  (206.0ms/step avg)
  step 327800/450360  loss=2.3771  lr=0.01913  (206.0ms/step avg)
  step 327900/450360  loss=2.4332  lr=0.0191  (206.0ms/step avg)
  step 328000/450360  loss=2.3023  lr=0.01907  (206.0ms/step avg)
  step 328100/450360  loss=2.3821  lr=0.01904  (206.0ms/step avg)
  step 328200/450360  loss=2.4512  lr=0.01901  (206.0ms/step avg)
  step 328300/450360  loss=2.3453  lr=0.01898  (206.0ms/step avg)
  step 328400/450360  loss=2.299  lr=0.01895  (206.0ms/step avg)
  step 328500/450360  loss=2.3477  lr=0.01892  (206.0ms/step avg)
  step 328600/450360  loss=2.3268  lr=0.01889  (206.0ms/step avg)
  step 328700/450360  loss=2.4167  lr=0.01886  (206.0ms/step avg)
  step 328800/450360  loss=2.4811  lr=0.01884  (206.0ms/step avg)
  step 328900/450360  loss=2.4073  lr=0.01881  (206.0ms/step avg)
  step 329000/450360  loss=2.4496  lr=0.01878  (206.0ms/step avg)
  step 329100/450360  loss=2.3338  lr=0.01875  (206.0ms/step avg)
  step 329200/450360  loss=2.4759  lr=0.01872  (206.0ms/step avg)
  step 329300/450360  loss=2.1312  lr=0.01869  (206.0ms/step avg)
  step 329400/450360  loss=2.2274  lr=0.01866  (206.0ms/step avg)
  step 329500/450360  loss=2.4154  lr=0.01863  (206.0ms/step avg)
  step 329600/450360  loss=2.3088  lr=0.01861  (206.0ms/step avg)
  step 329700/450360  loss=2.201  lr=0.01858  (206.0ms/step avg)
  step 329800/450360  loss=2.3577  lr=0.01855  (206.0ms/step avg)
  step 329900/450360  loss=2.3298  lr=0.01852  (206.0ms/step avg)
  step 330000/450360  loss=2.3813  lr=0.01849  (206.0ms/step avg)
  step 330100/450360  loss=2.3675  lr=0.01846  (206.0ms/step avg)
  step 330200/450360  loss=2.475  lr=0.01843  (206.0ms/step avg)
  Running validation ...
[Epoch 66] lr=0.018415 loss(train_avg)=2.3398 val_top1=34006/50000 (0.6801) val_top5=0.8874 val_loss=1.3636  [1014.8s train, 17.7s val]
saved 54 param-groups to /home/skoonce/r50_2018_jax_2610/resnet50_imagenet_2018_e66.bin (102228128 bytes)
  saved full train state -> /home/skoonce/r50_2018_jax_2610/resnet50_imagenet_2018_e66.state.npz (428 arrays, step=330264)
  step 330300/450360  loss=2.187  lr=0.0184  (206.0ms/step avg)
  step 330400/450360  loss=2.2605  lr=0.01838  (206.0ms/step avg)
  step 330500/450360  loss=2.3538  lr=0.01835  (206.0ms/step avg)
  step 330600/450360  loss=2.3363  lr=0.01832  (206.0ms/step avg)
  step 330700/450360  loss=2.2864  lr=0.01829  (206.0ms/step avg)
  step 330800/450360  loss=2.1266  lr=0.01826  (206.0ms/step avg)
  step 330900/450360  loss=2.3518  lr=0.01823  (206.0ms/step avg)
  step 331000/450360  loss=2.2922  lr=0.0182  (206.0ms/step avg)
  step 331100/450360  loss=2.4134  lr=0.01818  (206.0ms/step avg)
  step 331200/450360  loss=2.4081  lr=0.01815  (206.0ms/step avg)
  step 331300/450360  loss=2.3642  lr=0.01812  (206.0ms/step avg)
  step 331400/450360  loss=2.2216  lr=0.01809  (206.0ms/step avg)
  step 331500/450360  loss=2.5244  lr=0.01806  (206.0ms/step avg)
  step 331600/450360  loss=2.385  lr=0.01803  (206.0ms/step avg)
  step 331700/450360  loss=2.239  lr=0.01801  (206.0ms/step avg)
  step 331800/450360  loss=2.1905  lr=0.01798  (206.0ms/step avg)
  step 331900/450360  loss=2.4815  lr=0.01795  (206.0ms/step avg)
  step 332000/450360  loss=2.2414  lr=0.01792  (206.0ms/step avg)
  step 332100/450360  loss=2.312  lr=0.01789  (206.0ms/step avg)
  step 332200/450360  loss=2.3959  lr=0.01786  (206.0ms/step avg)
  step 332300/450360  loss=2.1884  lr=0.01784  (206.0ms/step avg)
  step 332400/450360  loss=2.3394  lr=0.01781  (206.0ms/step avg)
  step 332500/450360  loss=2.1378  lr=0.01778  (206.0ms/step avg)
  step 332600/450360  loss=2.4179  lr=0.01775  (206.0ms/step avg)
  step 332700/450360  loss=2.4179  lr=0.01772  (206.0ms/step avg)
  step 332800/450360  loss=2.3363  lr=0.01769  (206.0ms/step avg)
  step 332900/450360  loss=2.3528  lr=0.01767  (206.0ms/step avg)
  step 333000/450360  loss=2.2299  lr=0.01764  (206.0ms/step avg)
  step 333100/450360  loss=2.2766  lr=0.01761  (206.0ms/step avg)
  step 333200/450360  loss=2.2458  lr=0.01758  (206.0ms/step avg)
  step 333300/450360  loss=2.272  lr=0.01755  (206.0ms/step avg)
  step 333400/450360  loss=2.2135  lr=0.01753  (206.0ms/step avg)
  step 333500/450360  loss=2.4323  lr=0.0175  (206.0ms/step avg)
  step 333600/450360  loss=2.2707  lr=0.01747  (206.0ms/step avg)
  step 333700/450360  loss=2.3674  lr=0.01744  (206.0ms/step avg)
  step 333800/450360  loss=2.2671  lr=0.01741  (206.0ms/step avg)
  step 333900/450360  loss=2.3811  lr=0.01739  (206.0ms/step avg)
  step 334000/450360  loss=2.2913  lr=0.01736  (206.0ms/step avg)
  step 334100/450360  loss=2.3062  lr=0.01733  (206.0ms/step avg)
  step 334200/450360  loss=2.2866  lr=0.0173  (206.0ms/step avg)
  step 334300/450360  loss=2.2337  lr=0.01727  (206.0ms/step avg)
  step 334400/450360  loss=2.226  lr=0.01725  (206.0ms/step avg)
  step 334500/450360  loss=2.238  lr=0.01722  (206.0ms/step avg)
  step 334600/450360  loss=2.1754  lr=0.01719  (206.0ms/step avg)
  step 334700/450360  loss=2.0557  lr=0.01716  (206.0ms/step avg)
  step 334800/450360  loss=2.3279  lr=0.01713  (206.0ms/step avg)
  step 334900/450360  loss=2.2275  lr=0.01711  (206.0ms/step avg)
  step 335000/450360  loss=2.2389  lr=0.01708  (206.0ms/step avg)
  step 335100/450360  loss=2.0572  lr=0.01705  (206.0ms/step avg)
  step 335200/450360  loss=2.1996  lr=0.01702  (206.0ms/step avg)
  Running validation ...
[Epoch 67] lr=0.017004 loss(train_avg)=2.3171 val_top1=34491/50000 (0.6898) val_top5=0.8952 val_loss=1.3489  [1015.1s train, 17.9s val]
saved 54 param-groups to /home/skoonce/r50_2018_jax_2610/resnet50_imagenet_2018_e67.bin (102228128 bytes)
  saved full train state -> /home/skoonce/r50_2018_jax_2610/resnet50_imagenet_2018_e67.state.npz (428 arrays, step=335268)
  step 335300/450360  loss=2.2288  lr=0.017  (206.0ms/step avg)
  step 335400/450360  loss=2.347  lr=0.01697  (206.0ms/step avg)
  step 335500/450360  loss=2.3015  lr=0.01694  (206.0ms/step avg)
  step 335600/450360  loss=2.2484  lr=0.01691  (206.0ms/step avg)
  step 335700/450360  loss=2.1811  lr=0.01688  (206.0ms/step avg)
  step 335800/450360  loss=2.2616  lr=0.01686  (206.0ms/step avg)
  step 335900/450360  loss=2.3409  lr=0.01683  (206.0ms/step avg)
  step 336000/450360  loss=2.2466  lr=0.0168  (206.0ms/step avg)
  step 336100/450360  loss=2.2472  lr=0.01677  (206.0ms/step avg)
  step 336200/450360  loss=2.491  lr=0.01675  (206.0ms/step avg)
  step 336300/450360  loss=2.3818  lr=0.01672  (206.0ms/step avg)
  step 336400/450360  loss=2.3136  lr=0.01669  (206.0ms/step avg)
  step 336500/450360  loss=2.5711  lr=0.01666  (206.0ms/step avg)
  step 336600/450360  loss=2.2384  lr=0.01664  (206.0ms/step avg)
  step 336700/450360  loss=2.3551  lr=0.01661  (206.0ms/step avg)
  step 336800/450360  loss=2.3578  lr=0.01658  (206.0ms/step avg)
  step 336900/450360  loss=2.2743  lr=0.01655  (206.0ms/step avg)
  step 337000/450360  loss=2.3046  lr=0.01653  (206.0ms/step avg)
  step 337100/450360  loss=2.4303  lr=0.0165  (206.0ms/step avg)
  step 337200/450360  loss=2.309  lr=0.01647  (206.0ms/step avg)
  step 337300/450360  loss=2.5404  lr=0.01644  (206.0ms/step avg)
  step 337400/450360  loss=2.2766  lr=0.01642  (206.0ms/step avg)
  step 337500/450360  loss=2.3182  lr=0.01639  (206.0ms/step avg)
  step 337600/450360  loss=2.4945  lr=0.01636  (206.0ms/step avg)
  step 337700/450360  loss=2.5783  lr=0.01633  (206.0ms/step avg)
  step 337800/450360  loss=2.3084  lr=0.01631  (206.0ms/step avg)
  step 337900/450360  loss=2.3409  lr=0.01628  (206.0ms/step avg)
  step 338000/450360  loss=2.4339  lr=0.01625  (206.0ms/step avg)
  step 338100/450360  loss=2.3351  lr=0.01623  (206.0ms/step avg)
  step 338200/450360  loss=2.3272  lr=0.0162  (206.0ms/step avg)
  step 338300/450360  loss=2.1981  lr=0.01617  (206.0ms/step avg)
  step 338400/450360  loss=2.261  lr=0.01614  (206.0ms/step avg)
  step 338500/450360  loss=2.5144  lr=0.01612  (206.0ms/step avg)
  step 338600/450360  loss=2.2166  lr=0.01609  (206.0ms/step avg)
  step 338700/450360  loss=2.3005  lr=0.01606  (206.0ms/step avg)
  step 338800/450360  loss=2.192  lr=0.01604  (206.0ms/step avg)
  step 338900/450360  loss=2.2443  lr=0.01601  (206.0ms/step avg)
  step 339000/450360  loss=2.2584  lr=0.01598  (206.0ms/step avg)
  step 339100/450360  loss=2.3007  lr=0.01595  (206.0ms/step avg)
  step 339200/450360  loss=2.1517  lr=0.01593  (206.0ms/step avg)
  step 339300/450360  loss=2.2887  lr=0.0159  (206.0ms/step avg)
  step 339400/450360  loss=2.3115  lr=0.01587  (206.0ms/step avg)
  step 339500/450360  loss=2.3703  lr=0.01585  (206.0ms/step avg)
  step 339600/450360  loss=2.3353  lr=0.01582  (206.0ms/step avg)
  step 339700/450360  loss=2.3871  lr=0.01579  (206.0ms/step avg)
  step 339800/450360  loss=2.1237  lr=0.01577  (206.0ms/step avg)
  step 339900/450360  loss=2.1956  lr=0.01574  (206.0ms/step avg)
  step 340000/450360  loss=2.3902  lr=0.01571  (206.0ms/step avg)
  step 340100/450360  loss=2.2173  lr=0.01568  (206.0ms/step avg)
  step 340200/450360  loss=2.2845  lr=0.01566  (206.0ms/step avg)
  Running validation ...
[Epoch 68] lr=0.015638 loss(train_avg)=2.2941 val_top1=34938/50000 (0.6988) val_top5=0.8985 val_loss=1.2862  [1014.2s train, 17.7s val]
saved 54 param-groups to /home/skoonce/r50_2018_jax_2610/resnet50_imagenet_2018_e68.bin (102228128 bytes)
  saved full train state -> /home/skoonce/r50_2018_jax_2610/resnet50_imagenet_2018_e68.state.npz (428 arrays, step=340272)
  step 340300/450360  loss=2.3439  lr=0.01563  (206.0ms/step avg)
  step 340400/450360  loss=2.3793  lr=0.0156  (206.0ms/step avg)
  step 340500/450360  loss=2.3401  lr=0.01558  (206.0ms/step avg)
  step 340600/450360  loss=2.1485  lr=0.01555  (206.0ms/step avg)
  step 340700/450360  loss=2.1896  lr=0.01552  (206.0ms/step avg)
  step 340800/450360  loss=2.1629  lr=0.0155  (206.0ms/step avg)
  step 340900/450360  loss=2.3326  lr=0.01547  (206.0ms/step avg)
  step 341000/450360  loss=2.2219  lr=0.01544  (206.0ms/step avg)
  step 341100/450360  loss=2.3033  lr=0.01542  (206.0ms/step avg)
  step 341200/450360  loss=2.4489  lr=0.01539  (206.0ms/step avg)
  step 341300/450360  loss=2.3274  lr=0.01536  (206.0ms/step avg)
  step 341400/450360  loss=2.0731  lr=0.01534  (206.0ms/step avg)
  step 341500/450360  loss=2.2318  lr=0.01531  (206.0ms/step avg)
  step 341600/450360  loss=2.2686  lr=0.01528  (206.0ms/step avg)
  step 341700/450360  loss=2.3036  lr=0.01526  (206.0ms/step avg)
  step 341800/450360  loss=2.3772  lr=0.01523  (206.0ms/step avg)
  step 341900/450360  loss=2.3525  lr=0.0152  (206.0ms/step avg)
  step 342000/450360  loss=2.0888  lr=0.01518  (206.0ms/step avg)
  step 342100/450360  loss=2.138  lr=0.01515  (206.0ms/step avg)
  step 342200/450360  loss=2.2985  lr=0.01512  (206.0ms/step avg)
  step 342300/450360  loss=2.32  lr=0.0151  (206.0ms/step avg)
  step 342400/450360  loss=2.2984  lr=0.01507  (206.0ms/step avg)
  step 342500/450360  loss=2.2719  lr=0.01505  (206.0ms/step avg)
  step 342600/450360  loss=2.2505  lr=0.01502  (206.0ms/step avg)
  step 342700/450360  loss=2.3038  lr=0.01499  (206.0ms/step avg)
  step 342800/450360  loss=2.336  lr=0.01497  (206.0ms/step avg)
  step 342900/450360  loss=2.293  lr=0.01494  (206.0ms/step avg)
  step 343000/450360  loss=2.1654  lr=0.01491  (206.0ms/step avg)
  step 343100/450360  loss=2.2599  lr=0.01489  (206.0ms/step avg)
  step 343200/450360  loss=2.5024  lr=0.01486  (206.0ms/step avg)
  step 343300/450360  loss=2.2993  lr=0.01483  (206.0ms/step avg)
  step 343400/450360  loss=2.2689  lr=0.01481  (206.0ms/step avg)
  step 343500/450360  loss=2.2964  lr=0.01478  (206.0ms/step avg)
  step 343600/450360  loss=2.2478  lr=0.01476  (206.0ms/step avg)
  step 343700/450360  loss=2.2531  lr=0.01473  (206.0ms/step avg)
  step 343800/450360  loss=2.237  lr=0.0147  (206.0ms/step avg)
  step 343900/450360  loss=2.5167  lr=0.01468  (206.0ms/step avg)
  step 344000/450360  loss=2.285  lr=0.01465  (206.0ms/step avg)
  step 344100/450360  loss=2.2841  lr=0.01463  (206.0ms/step avg)
  step 344200/450360  loss=2.1642  lr=0.0146  (206.0ms/step avg)
  step 344300/450360  loss=2.2129  lr=0.01457  (206.0ms/step avg)
  step 344400/450360  loss=2.3402  lr=0.01455  (206.0ms/step avg)
  step 344500/450360  loss=2.202  lr=0.01452  (206.0ms/step avg)
  step 344600/450360  loss=2.1981  lr=0.0145  (206.0ms/step avg)
  step 344700/450360  loss=2.2628  lr=0.01447  (206.0ms/step avg)
  step 344800/450360  loss=2.2087  lr=0.01444  (206.0ms/step avg)
  step 344900/450360  loss=2.2431  lr=0.01442  (206.0ms/step avg)
  step 345000/450360  loss=2.414  lr=0.01439  (206.0ms/step avg)
  step 345100/450360  loss=2.2602  lr=0.01437  (206.0ms/step avg)
  step 345200/450360  loss=2.3621  lr=0.01434  (206.0ms/step avg)
  Running validation ...
[Epoch 69] lr=0.01432 loss(train_avg)=2.273 val_top1=35044/50000 (0.7009) val_top5=0.8995 val_loss=1.2713  [1014.5s train, 17.7s val]
saved 54 param-groups to /home/skoonce/r50_2018_jax_2610/resnet50_imagenet_2018_e69.bin (102228128 bytes)
  saved full train state -> /home/skoonce/r50_2018_jax_2610/resnet50_imagenet_2018_e69.state.npz (428 arrays, step=345276)
  step 345300/450360  loss=2.2392  lr=0.01431  (206.0ms/step avg)
  step 345400/450360  loss=2.2606  lr=0.01429  (206.0ms/step avg)
  step 345500/450360  loss=2.4145  lr=0.01426  (206.0ms/step avg)
  step 345600/450360  loss=2.2737  lr=0.01424  (206.0ms/step avg)
  step 345700/450360  loss=2.4054  lr=0.01421  (206.0ms/step avg)
  step 345800/450360  loss=2.2423  lr=0.01418  (206.0ms/step avg)
  step 345900/450360  loss=2.4089  lr=0.01416  (206.0ms/step avg)
  step 346000/450360  loss=2.1833  lr=0.01413  (206.0ms/step avg)
  step 346100/450360  loss=2.2053  lr=0.01411  (206.0ms/step avg)
  step 346200/450360  loss=2.2329  lr=0.01408  (206.0ms/step avg)
  step 346300/450360  loss=2.2556  lr=0.01406  (206.0ms/step avg)
  step 346400/450360  loss=2.2162  lr=0.01403  (206.0ms/step avg)
  step 346500/450360  loss=2.1143  lr=0.014  (206.0ms/step avg)
  step 346600/450360  loss=2.2679  lr=0.01398  (206.0ms/step avg)
  step 346700/450360  loss=2.1518  lr=0.01395  (206.0ms/step avg)
  step 346800/450360  loss=2.2856  lr=0.01393  (206.0ms/step avg)
  step 346900/450360  loss=2.2893  lr=0.0139  (206.0ms/step avg)
  step 347000/450360  loss=2.2702  lr=0.01388  (206.0ms/step avg)
  step 347100/450360  loss=2.2358  lr=0.01385  (206.0ms/step avg)
  step 347200/450360  loss=2.3871  lr=0.01383  (206.0ms/step avg)
  step 347300/450360  loss=2.2353  lr=0.0138  (206.0ms/step avg)
  step 347400/450360  loss=2.1371  lr=0.01377  (206.0ms/step avg)
  step 347500/450360  loss=2.1125  lr=0.01375  (206.0ms/step avg)
  step 347600/450360  loss=2.3364  lr=0.01372  (206.0ms/step avg)
  step 347700/450360  loss=2.1766  lr=0.0137  (206.0ms/step avg)
  step 347800/450360  loss=2.4006  lr=0.01367  (206.0ms/step avg)
  step 347900/450360  loss=2.4368  lr=0.01365  (206.0ms/step avg)
  step 348000/450360  loss=2.2856  lr=0.01362  (206.0ms/step avg)
  step 348100/450360  loss=2.2408  lr=0.0136  (206.0ms/step avg)
  step 348200/450360  loss=2.3182  lr=0.01357  (206.0ms/step avg)
  step 348300/450360  loss=2.2208  lr=0.01355  (206.0ms/step avg)
  step 348400/450360  loss=2.1649  lr=0.01352  (206.0ms/step avg)
  step 348500/450360  loss=2.1953  lr=0.0135  (206.0ms/step avg)
  step 348600/450360  loss=2.2701  lr=0.01347  (206.0ms/step avg)
  step 348700/450360  loss=2.2335  lr=0.01345  (206.0ms/step avg)
  step 348800/450360  loss=2.301  lr=0.01342  (206.0ms/step avg)
  step 348900/450360  loss=2.0038  lr=0.0134  (206.0ms/step avg)
  step 349000/450360  loss=2.2123  lr=0.01337  (206.0ms/step avg)
  step 349100/450360  loss=2.3423  lr=0.01334  (206.0ms/step avg)
  step 349200/450360  loss=2.4049  lr=0.01332  (206.0ms/step avg)
  step 349300/450360  loss=2.2639  lr=0.01329  (206.0ms/step avg)
  step 349400/450360  loss=2.307  lr=0.01327  (206.0ms/step avg)
  step 349500/450360  loss=2.2783  lr=0.01324  (206.0ms/step avg)
  step 349600/450360  loss=2.3096  lr=0.01322  (206.0ms/step avg)
  step 349700/450360  loss=2.3828  lr=0.01319  (206.0ms/step avg)
  step 349800/450360  loss=2.3047  lr=0.01317  (206.0ms/step avg)
  step 349900/450360  loss=2.4137  lr=0.01314  (206.0ms/step avg)
  step 350000/450360  loss=2.2976  lr=0.01312  (206.0ms/step avg)
  step 350100/450360  loss=2.2026  lr=0.01309  (206.0ms/step avg)
  step 350200/450360  loss=2.2241  lr=0.01307  (206.0ms/step avg)
  Running validation ...
[Epoch 70] lr=0.01305 loss(train_avg)=2.2489 val_top1=35335/50000 (0.7067) val_top5=0.903 val_loss=1.2495  [1015.0s train, 17.6s val]
saved 54 param-groups to /home/skoonce/r50_2018_jax_2610/resnet50_imagenet_2018_e70.bin (102228128 bytes)
  saved full train state -> /home/skoonce/r50_2018_jax_2610/resnet50_imagenet_2018_e70.state.npz (428 arrays, step=350280)
  step 350300/450360  loss=2.2213  lr=0.01304  (206.0ms/step avg)
  step 350400/450360  loss=1.9801  lr=0.01302  (206.0ms/step avg)
  step 350500/450360  loss=2.137  lr=0.013  (206.0ms/step avg)
  step 350600/450360  loss=2.1771  lr=0.01297  (206.0ms/step avg)
  step 350700/450360  loss=2.2387  lr=0.01295  (206.0ms/step avg)
  step 350800/450360  loss=2.2599  lr=0.01292  (206.0ms/step avg)
  step 350900/450360  loss=2.3814  lr=0.0129  (206.0ms/step avg)
  step 351000/450360  loss=2.2555  lr=0.01287  (206.0ms/step avg)
  step 351100/450360  loss=2.2592  lr=0.01285  (206.0ms/step avg)
  step 351200/450360  loss=2.4349  lr=0.01282  (206.0ms/step avg)
  step 351300/450360  loss=2.235  lr=0.0128  (206.0ms/step avg)
  step 351400/450360  loss=2.3032  lr=0.01277  (206.0ms/step avg)
  step 351500/450360  loss=2.1201  lr=0.01275  (206.0ms/step avg)
  step 351600/450360  loss=2.2739  lr=0.01272  (206.0ms/step avg)
  step 351700/450360  loss=2.1425  lr=0.0127  (206.0ms/step avg)
  step 351800/450360  loss=2.1593  lr=0.01267  (206.0ms/step avg)
  step 351900/450360  loss=2.1934  lr=0.01265  (206.0ms/step avg)
  step 352000/450360  loss=2.266  lr=0.01262  (206.0ms/step avg)
  step 352100/450360  loss=2.3434  lr=0.0126  (206.0ms/step avg)
  step 352200/450360  loss=2.156  lr=0.01258  (206.0ms/step avg)
  step 352300/450360  loss=2.3386  lr=0.01255  (206.0ms/step avg)
  step 352400/450360  loss=2.1438  lr=0.01253  (206.0ms/step avg)
  step 352500/450360  loss=2.1982  lr=0.0125  (206.0ms/step avg)
  step 352600/450360  loss=2.2049  lr=0.01248  (206.0ms/step avg)
  step 352700/450360  loss=2.0243  lr=0.01245  (206.0ms/step avg)
  step 352800/450360  loss=2.2457  lr=0.01243  (206.0ms/step avg)
  step 352900/450360  loss=2.1597  lr=0.0124  (206.0ms/step avg)
  step 353000/450360  loss=2.2393  lr=0.01238  (206.0ms/step avg)
  step 353100/450360  loss=2.1498  lr=0.01236  (206.0ms/step avg)
  step 353200/450360  loss=2.1834  lr=0.01233  (206.0ms/step avg)
  step 353300/450360  loss=2.1746  lr=0.01231  (206.0ms/step avg)
  step 353400/450360  loss=2.325  lr=0.01228  (206.0ms/step avg)
  step 353500/450360  loss=2.1018  lr=0.01226  (206.0ms/step avg)
  step 353600/450360  loss=2.2286  lr=0.01223  (206.0ms/step avg)
  step 353700/450360  loss=2.0232  lr=0.01221  (206.0ms/step avg)
  step 353800/450360  loss=2.1609  lr=0.01219  (206.0ms/step avg)
  step 353900/450360  loss=2.3029  lr=0.01216  (206.0ms/step avg)
  step 354000/450360  loss=2.266  lr=0.01214  (206.0ms/step avg)
  step 354100/450360  loss=2.1313  lr=0.01211  (206.0ms/step avg)
  step 354200/450360  loss=2.0438  lr=0.01209  (206.0ms/step avg)
  step 354300/450360  loss=2.3433  lr=0.01207  (206.0ms/step avg)
  step 354400/450360  loss=2.181  lr=0.01204  (206.0ms/step avg)
  step 354500/450360  loss=2.0895  lr=0.01202  (206.0ms/step avg)
  step 354600/450360  loss=2.2812  lr=0.01199  (206.0ms/step avg)
  step 354700/450360  loss=2.2357  lr=0.01197  (206.0ms/step avg)
  step 354800/450360  loss=2.2377  lr=0.01195  (206.0ms/step avg)
  step 354900/450360  loss=2.1566  lr=0.01192  (206.0ms/step avg)
  step 355000/450360  loss=2.1645  lr=0.0119  (206.0ms/step avg)
  step 355100/450360  loss=2.2969  lr=0.01187  (206.0ms/step avg)
  step 355200/450360  loss=2.1976  lr=0.01185  (206.0ms/step avg)
  Running validation ...
[Epoch 71] lr=0.01183 loss(train_avg)=2.2246 val_top1=35298/50000 (0.706) val_top5=0.9026 val_loss=1.2465  [1015.2s train, 17.7s val]
saved 54 param-groups to /home/skoonce/r50_2018_jax_2610/resnet50_imagenet_2018_e71.bin (102228128 bytes)
  saved full train state -> /home/skoonce/r50_2018_jax_2610/resnet50_imagenet_2018_e71.state.npz (428 arrays, step=355284)
  step 355300/450360  loss=2.2773  lr=0.01183  (206.0ms/step avg)
  step 355400/450360  loss=2.2079  lr=0.0118  (206.0ms/step avg)
  step 355500/450360  loss=2.2371  lr=0.01178  (206.0ms/step avg)
  step 355600/450360  loss=2.2265  lr=0.01176  (206.0ms/step avg)
  step 355700/450360  loss=2.3238  lr=0.01173  (206.0ms/step avg)
  step 355800/450360  loss=2.2563  lr=0.01171  (206.0ms/step avg)
  step 355900/450360  loss=2.2166  lr=0.01168  (206.0ms/step avg)
  step 356000/450360  loss=2.1527  lr=0.01166  (206.0ms/step avg)
  step 356100/450360  loss=2.1432  lr=0.01164  (206.0ms/step avg)
  step 356200/450360  loss=2.2622  lr=0.01161  (206.0ms/step avg)
  step 356300/450360  loss=2.0789  lr=0.01159  (206.0ms/step avg)
  step 356400/450360  loss=2.0849  lr=0.01157  (206.0ms/step avg)
  step 356500/450360  loss=2.2551  lr=0.01154  (206.0ms/step avg)
  step 356600/450360  loss=2.3061  lr=0.01152  (206.0ms/step avg)
  step 356700/450360  loss=2.2901  lr=0.01149  (206.0ms/step avg)
  step 356800/450360  loss=2.2347  lr=0.01147  (206.0ms/step avg)
  step 356900/450360  loss=2.3058  lr=0.01145  (206.0ms/step avg)
  step 357000/450360  loss=2.1282  lr=0.01142  (206.0ms/step avg)
  step 357100/450360  loss=2.1216  lr=0.0114  (206.0ms/step avg)
  step 357200/450360  loss=2.0023  lr=0.01138  (206.0ms/step avg)
  step 357300/450360  loss=2.1424  lr=0.01135  (206.0ms/step avg)
  step 357400/450360  loss=2.3518  lr=0.01133  (206.0ms/step avg)
  step 357500/450360  loss=2.2529  lr=0.01131  (206.0ms/step avg)
  step 357600/450360  loss=2.1331  lr=0.01128  (206.0ms/step avg)
  step 357700/450360  loss=1.9266  lr=0.01126  (206.0ms/step avg)
  step 357800/450360  loss=2.1468  lr=0.01124  (206.0ms/step avg)
  step 357900/450360  loss=2.1179  lr=0.01121  (206.0ms/step avg)
  step 358000/450360  loss=2.2386  lr=0.01119  (206.0ms/step avg)
  step 358100/450360  loss=2.2638  lr=0.01117  (206.0ms/step avg)
  step 358200/450360  loss=2.2464  lr=0.01114  (206.0ms/step avg)
  step 358300/450360  loss=2.0764  lr=0.01112  (206.0ms/step avg)
  step 358400/450360  loss=2.2844  lr=0.0111  (206.0ms/step avg)
  step 358500/450360  loss=2.2414  lr=0.01107  (206.0ms/step avg)
  step 358600/450360  loss=2.1786  lr=0.01105  (206.0ms/step avg)
  step 358700/450360  loss=1.9816  lr=0.01103  (206.0ms/step avg)
  step 358800/450360  loss=2.2812  lr=0.011  (206.0ms/step avg)
  step 358900/450360  loss=2.137  lr=0.01098  (206.0ms/step avg)
  step 359000/450360  loss=2.0456  lr=0.01096  (206.0ms/step avg)
  step 359100/450360  loss=2.2882  lr=0.01094  (206.0ms/step avg)
  step 359200/450360  loss=2.1021  lr=0.01091  (206.0ms/step avg)
  step 359300/450360  loss=2.2472  lr=0.01089  (206.0ms/step avg)
  step 359400/450360  loss=2.1663  lr=0.01087  (206.0ms/step avg)
  step 359500/450360  loss=2.042  lr=0.01084  (206.0ms/step avg)
  step 359600/450360  loss=2.2157  lr=0.01082  (206.0ms/step avg)
  step 359700/450360  loss=2.2284  lr=0.0108  (206.0ms/step avg)
  step 359800/450360  loss=1.9877  lr=0.01077  (206.0ms/step avg)
  step 359900/450360  loss=2.1833  lr=0.01075  (206.0ms/step avg)
  step 360000/450360  loss=2.1781  lr=0.01073  (206.0ms/step avg)
  step 360100/450360  loss=2.2411  lr=0.01071  (206.0ms/step avg)
  step 360200/450360  loss=1.925  lr=0.01068  (206.0ms/step avg)
  Running validation ...
[Epoch 72] lr=0.010663 loss(train_avg)=2.1999 val_top1=35842/50000 (0.7168) val_top5=0.9092 val_loss=1.2084  [1016.3s train, 17.7s val]
saved 54 param-groups to /home/skoonce/r50_2018_jax_2610/resnet50_imagenet_2018_e72.bin (102228128 bytes)
  saved full train state -> /home/skoonce/r50_2018_jax_2610/resnet50_imagenet_2018_e72.state.npz (428 arrays, step=360288)
  step 360300/450360  loss=2.2752  lr=0.01066  (206.0ms/step avg)
  step 360400/450360  loss=2.3431  lr=0.01064  (206.0ms/step avg)
  step 360500/450360  loss=2.1721  lr=0.01061  (206.0ms/step avg)
  step 360600/450360  loss=2.2004  lr=0.01059  (206.0ms/step avg)
  step 360700/450360  loss=2.2648  lr=0.01057  (206.0ms/step avg)
  step 360800/450360  loss=2.1186  lr=0.01055  (206.0ms/step avg)
  step 360900/450360  loss=2.2679  lr=0.01052  (206.0ms/step avg)
  step 361000/450360  loss=2.2182  lr=0.0105  (206.0ms/step avg)
  step 361100/450360  loss=2.0917  lr=0.01048  (206.0ms/step avg)
  step 361200/450360  loss=2.2344  lr=0.01046  (206.0ms/step avg)
  step 361300/450360  loss=2.2422  lr=0.01043  (206.0ms/step avg)
  step 361400/450360  loss=2.0391  lr=0.01041  (206.0ms/step avg)
  step 361500/450360  loss=2.1691  lr=0.01039  (206.0ms/step avg)
  step 361600/450360  loss=2.2098  lr=0.01037  (206.0ms/step avg)
  step 361700/450360  loss=2.2694  lr=0.01034  (206.0ms/step avg)
  step 361800/450360  loss=2.056  lr=0.01032  (206.0ms/step avg)
  step 361900/450360  loss=2.1279  lr=0.0103  (206.0ms/step avg)
  step 362000/450360  loss=2.2219  lr=0.01028  (206.0ms/step avg)
  step 362100/450360  loss=2.1294  lr=0.01025  (206.0ms/step avg)
  step 362200/450360  loss=2.3003  lr=0.01023  (206.0ms/step avg)
  step 362300/450360  loss=2.0557  lr=0.01021  (206.0ms/step avg)
  step 362400/450360  loss=2.0332  lr=0.01019  (206.0ms/step avg)
  step 362500/450360  loss=2.0221  lr=0.01016  (206.0ms/step avg)
  step 362600/450360  loss=2.0893  lr=0.01014  (206.0ms/step avg)
  step 362700/450360  loss=2.2587  lr=0.01012  (206.0ms/step avg)
  step 362800/450360  loss=2.3271  lr=0.0101  (206.0ms/step avg)
  step 362900/450360  loss=2.2877  lr=0.01007  (206.0ms/step avg)
  step 363000/450360  loss=2.1725  lr=0.01005  (206.0ms/step avg)
  step 363100/450360  loss=2.1812  lr=0.01003  (206.0ms/step avg)
  step 363200/450360  loss=2.1248  lr=0.01001  (206.0ms/step avg)
  step 363300/450360  loss=2.1588  lr=0.00999  (206.0ms/step avg)
  step 363400/450360  loss=2.3714  lr=0.00996  (206.0ms/step avg)
  step 363500/450360  loss=2.3249  lr=0.00994  (206.0ms/step avg)
  step 363600/450360  loss=2.1282  lr=0.00992  (206.0ms/step avg)
  step 363700/450360  loss=2.2553  lr=0.0099  (206.0ms/step avg)
  step 363800/450360  loss=2.1914  lr=0.00988  (206.0ms/step avg)
  step 363900/450360  loss=2.158  lr=0.00985  (206.0ms/step avg)
  step 364000/450360  loss=2.1755  lr=0.00983  (206.0ms/step avg)
  step 364100/450360  loss=2.1674  lr=0.00981  (206.0ms/step avg)
  step 364200/450360  loss=2.1544  lr=0.00979  (206.0ms/step avg)
  step 364300/450360  loss=2.1257  lr=0.00977  (206.0ms/step avg)
  step 364400/450360  loss=2.2844  lr=0.00974  (206.0ms/step avg)
  step 364500/450360  loss=2.1175  lr=0.00972  (206.0ms/step avg)
  step 364600/450360  loss=2.1354  lr=0.0097  (206.0ms/step avg)
  step 364700/450360  loss=2.0673  lr=0.00968  (206.0ms/step avg)
  step 364800/450360  loss=2.2031  lr=0.00966  (206.0ms/step avg)
  step 364900/450360  loss=2.0739  lr=0.00963  (206.0ms/step avg)
  step 365000/450360  loss=2.2076  lr=0.00961  (206.0ms/step avg)
  step 365100/450360  loss=2.0928  lr=0.00959  (206.0ms/step avg)
  step 365200/450360  loss=2.1404  lr=0.00957  (206.0ms/step avg)
  Running validation ...
[Epoch 73] lr=0.009549 loss(train_avg)=2.1759 val_top1=36054/50000 (0.7211) val_top5=0.9095 val_loss=1.1843  [1016.3s train, 17.8s val]
saved 54 param-groups to /home/skoonce/r50_2018_jax_2610/resnet50_imagenet_2018_e73.bin (102228128 bytes)
  saved full train state -> /home/skoonce/r50_2018_jax_2610/resnet50_imagenet_2018_e73.state.npz (428 arrays, step=365292)
  step 365300/450360  loss=2.2268  lr=0.00955  (206.0ms/step avg)
  step 365400/450360  loss=2.2589  lr=0.00953  (206.0ms/step avg)
  step 365500/450360  loss=2.1866  lr=0.0095  (206.0ms/step avg)
  step 365600/450360  loss=2.1008  lr=0.00948  (206.0ms/step avg)
  step 365700/450360  loss=2.1017  lr=0.00946  (206.0ms/step avg)
  step 365800/450360  loss=2.1639  lr=0.00944  (206.0ms/step avg)
  step 365900/450360  loss=2.0204  lr=0.00942  (206.0ms/step avg)
  step 366000/450360  loss=2.305  lr=0.0094  (206.0ms/step avg)
  step 366100/450360  loss=2.145  lr=0.00937  (206.0ms/step avg)
  step 366200/450360  loss=2.128  lr=0.00935  (206.0ms/step avg)
  step 366300/450360  loss=1.9398  lr=0.00933  (206.0ms/step avg)
  step 366400/450360  loss=2.2899  lr=0.00931  (206.0ms/step avg)
  step 366500/450360  loss=2.0861  lr=0.00929  (206.0ms/step avg)
  step 366600/450360  loss=2.2153  lr=0.00927  (206.0ms/step avg)
  step 366700/450360  loss=2.1769  lr=0.00925  (206.0ms/step avg)
  step 366800/450360  loss=2.2687  lr=0.00922  (206.0ms/step avg)
  step 366900/450360  loss=2.0195  lr=0.0092  (206.0ms/step avg)
  step 367000/450360  loss=2.1031  lr=0.00918  (206.0ms/step avg)
  step 367100/450360  loss=2.3049  lr=0.00916  (206.0ms/step avg)
  step 367200/450360  loss=2.0225  lr=0.00914  (206.0ms/step avg)
  step 367300/450360  loss=1.977  lr=0.00912  (206.0ms/step avg)
  step 367400/450360  loss=2.0659  lr=0.0091  (206.0ms/step avg)
  step 367500/450360  loss=2.2012  lr=0.00908  (206.0ms/step avg)
  step 367600/450360  loss=1.9745  lr=0.00905  (206.0ms/step avg)
  step 367700/450360  loss=2.1006  lr=0.00903  (206.0ms/step avg)
  step 367800/450360  loss=2.205  lr=0.00901  (206.0ms/step avg)
  step 367900/450360  loss=2.0363  lr=0.00899  (206.0ms/step avg)
  step 368000/450360  loss=2.1806  lr=0.00897  (206.0ms/step avg)
  step 368100/450360  loss=2.1509  lr=0.00895  (206.0ms/step avg)
  step 368200/450360  loss=2.1092  lr=0.00893  (206.0ms/step avg)
  step 368300/450360  loss=2.1434  lr=0.00891  (206.0ms/step avg)
  step 368400/450360  loss=2.199  lr=0.00889  (206.0ms/step avg)
  step 368500/450360  loss=2.0884  lr=0.00886  (206.0ms/step avg)
  step 368600/450360  loss=2.1827  lr=0.00884  (206.0ms/step avg)
  step 368700/450360  loss=2.1723  lr=0.00882  (206.0ms/step avg)
  step 368800/450360  loss=2.0949  lr=0.0088  (206.0ms/step avg)
  step 368900/450360  loss=2.0495  lr=0.00878  (206.0ms/step avg)
  step 369000/450360  loss=2.014  lr=0.00876  (206.0ms/step avg)
  step 369100/450360  loss=2.1228  lr=0.00874  (206.0ms/step avg)
  step 369200/450360  loss=2.1779  lr=0.00872  (206.0ms/step avg)
  step 369300/450360  loss=2.0688  lr=0.0087  (206.0ms/step avg)
  step 369400/450360  loss=2.232  lr=0.00868  (206.0ms/step avg)
  step 369500/450360  loss=1.9631  lr=0.00866  (206.0ms/step avg)
  step 369600/450360  loss=2.0205  lr=0.00863  (206.0ms/step avg)
  step 369700/450360  loss=2.1009  lr=0.00861  (206.0ms/step avg)
  step 369800/450360  loss=2.0815  lr=0.00859  (206.0ms/step avg)
  step 369900/450360  loss=2.0491  lr=0.00857  (206.0ms/step avg)
  step 370000/450360  loss=2.2004  lr=0.00855  (206.0ms/step avg)
  step 370100/450360  loss=2.1021  lr=0.00853  (206.0ms/step avg)
  step 370200/450360  loss=2.2245  lr=0.00851  (206.0ms/step avg)
  Running validation ...
[Epoch 74] lr=0.008491 loss(train_avg)=2.1456 val_top1=36294/50000 (0.7259) val_top5=0.9125 val_loss=1.165  [1016.0s train, 17.7s val]
saved 54 param-groups to /home/skoonce/r50_2018_jax_2610/resnet50_imagenet_2018_e74.bin (102228128 bytes)
  saved full train state -> /home/skoonce/r50_2018_jax_2610/resnet50_imagenet_2018_e74.state.npz (428 arrays, step=370296)
  step 370300/450360  loss=2.0475  lr=0.00849  (207.0ms/step avg)
  step 370400/450360  loss=2.1177  lr=0.00847  (206.0ms/step avg)
  step 370500/450360  loss=2.143  lr=0.00845  (206.0ms/step avg)
  step 370600/450360  loss=2.1244  lr=0.00843  (206.0ms/step avg)
  step 370700/450360  loss=2.2126  lr=0.00841  (206.0ms/step avg)
  step 370800/450360  loss=2.0703  lr=0.00839  (206.0ms/step avg)
  step 370900/450360  loss=2.2615  lr=0.00837  (206.0ms/step avg)
  step 371000/450360  loss=2.1292  lr=0.00835  (206.0ms/step avg)
  step 371100/450360  loss=2.0052  lr=0.00833  (206.0ms/step avg)
  step 371200/450360  loss=2.0844  lr=0.00831  (206.0ms/step avg)
  step 371300/450360  loss=2.1172  lr=0.00829  (206.0ms/step avg)
  step 371400/450360  loss=2.1976  lr=0.00827  (206.0ms/step avg)
  step 371500/450360  loss=2.0906  lr=0.00824  (206.0ms/step avg)
  step 371600/450360  loss=2.1279  lr=0.00822  (206.0ms/step avg)
  step 371700/450360  loss=2.2353  lr=0.0082  (206.0ms/step avg)
  step 371800/450360  loss=1.9449  lr=0.00818  (206.0ms/step avg)
  step 371900/450360  loss=2.2086  lr=0.00816  (206.0ms/step avg)
  step 372000/450360  loss=2.0519  lr=0.00814  (206.0ms/step avg)
  step 372100/450360  loss=2.0795  lr=0.00812  (206.0ms/step avg)
  step 372200/450360  loss=2.067  lr=0.0081  (206.0ms/step avg)
  step 372300/450360  loss=2.128  lr=0.00808  (206.0ms/step avg)
  step 372400/450360  loss=1.9885  lr=0.00806  (206.0ms/step avg)
  step 372500/450360  loss=2.0353  lr=0.00804  (206.0ms/step avg)
  step 372600/450360  loss=2.1739  lr=0.00802  (206.0ms/step avg)
  step 372700/450360  loss=2.0928  lr=0.008  (206.0ms/step avg)
  step 372800/450360  loss=2.1392  lr=0.00798  (206.0ms/step avg)
  step 372900/450360  loss=1.9159  lr=0.00796  (206.0ms/step avg)
  step 373000/450360  loss=1.98  lr=0.00794  (206.0ms/step avg)
  step 373100/450360  loss=2.2236  lr=0.00792  (206.0ms/step avg)
  step 373200/450360  loss=2.1194  lr=0.0079  (206.0ms/step avg)
  step 373300/450360  loss=2.0803  lr=0.00788  (206.0ms/step avg)
  step 373400/450360  loss=2.1009  lr=0.00786  (206.0ms/step avg)
  step 373500/450360  loss=2.0261  lr=0.00784  (206.0ms/step avg)
  step 373600/450360  loss=2.0364  lr=0.00782  (206.0ms/step avg)
  step 373700/450360  loss=2.0542  lr=0.0078  (206.0ms/step avg)
  step 373800/450360  loss=2.2805  lr=0.00778  (206.0ms/step avg)
  step 373900/450360  loss=1.9885  lr=0.00776  (206.0ms/step avg)
  step 374000/450360  loss=2.0906  lr=0.00774  (206.0ms/step avg)
  step 374100/450360  loss=2.0448  lr=0.00772  (206.0ms/step avg)
  step 374200/450360  loss=2.0105  lr=0.0077  (206.0ms/step avg)
  step 374300/450360  loss=2.1302  lr=0.00768  (206.0ms/step avg)
  step 374400/450360  loss=2.1932  lr=0.00767  (206.0ms/step avg)
  step 374500/450360  loss=2.1182  lr=0.00765  (206.0ms/step avg)
  step 374600/450360  loss=1.9749  lr=0.00763  (206.0ms/step avg)
  step 374700/450360  loss=2.1592  lr=0.00761  (206.0ms/step avg)
  step 374800/450360  loss=2.0261  lr=0.00759  (206.0ms/step avg)
  step 374900/450360  loss=2.2223  lr=0.00757  (206.0ms/step avg)
  step 375000/450360  loss=2.0375  lr=0.00755  (206.0ms/step avg)
  step 375100/450360  loss=2.2265  lr=0.00753  (206.0ms/step avg)
  step 375200/450360  loss=2.1154  lr=0.00751  (206.0ms/step avg)
  step 375300/450360  loss=2.0474  lr=0.00749  (206.0ms/step avg)
  Running validation ...
[Epoch 75] lr=0.007489 loss(train_avg)=2.1203 val_top1=36433/50000 (0.7287) val_top5=0.9135 val_loss=1.1627  [1015.0s train, 17.7s val]
saved 54 param-groups to /home/skoonce/r50_2018_jax_2610/resnet50_imagenet_2018_e75.bin (102228128 bytes)
  saved full train state -> /home/skoonce/r50_2018_jax_2610/resnet50_imagenet_2018_e75.state.npz (428 arrays, step=375300)
  step 375400/450360  loss=2.198  lr=0.00747  (206.0ms/step avg)
  step 375500/450360  loss=1.9856  lr=0.00745  (206.0ms/step avg)
  step 375600/450360  loss=2.1295  lr=0.00743  (206.0ms/step avg)
  step 375700/450360  loss=1.9527  lr=0.00741  (206.0ms/step avg)
  step 375800/450360  loss=2.1143  lr=0.00739  (206.0ms/step avg)
  step 375900/450360  loss=2.2249  lr=0.00737  (206.0ms/step avg)
  step 376000/450360  loss=2.1028  lr=0.00735  (206.0ms/step avg)
  step 376100/450360  loss=2.2023  lr=0.00733  (206.0ms/step avg)
  step 376200/450360  loss=2.1278  lr=0.00732  (206.0ms/step avg)
  step 376300/450360  loss=1.9365  lr=0.0073  (206.0ms/step avg)
  step 376400/450360  loss=2.2761  lr=0.00728  (206.0ms/step avg)
  step 376500/450360  loss=2.0015  lr=0.00726  (206.0ms/step avg)
  step 376600/450360  loss=1.9541  lr=0.00724  (206.0ms/step avg)
  step 376700/450360  loss=2.0513  lr=0.00722  (206.0ms/step avg)
  step 376800/450360  loss=2.0715  lr=0.0072  (206.0ms/step avg)
  step 376900/450360  loss=2.0787  lr=0.00718  (206.0ms/step avg)
  step 377000/450360  loss=1.9732  lr=0.00716  (206.0ms/step avg)
  step 377100/450360  loss=1.9961  lr=0.00714  (206.0ms/step avg)
  step 377200/450360  loss=2.2338  lr=0.00712  (206.0ms/step avg)
  step 377300/450360  loss=2.0314  lr=0.00711  (206.0ms/step avg)
  step 377400/450360  loss=2.0098  lr=0.00709  (206.0ms/step avg)
  step 377500/450360  loss=2.1491  lr=0.00707  (206.0ms/step avg)
  step 377600/450360  loss=2.1963  lr=0.00705  (206.0ms/step avg)
  step 377700/450360  loss=2.0451  lr=0.00703  (206.0ms/step avg)
  step 377800/450360  loss=1.8916  lr=0.00701  (206.0ms/step avg)
  step 377900/450360  loss=2.283  lr=0.00699  (206.0ms/step avg)
  step 378000/450360  loss=2.0931  lr=0.00697  (206.0ms/step avg)
  step 378100/450360  loss=2.0875  lr=0.00695  (206.0ms/step avg)
  step 378200/450360  loss=2.1134  lr=0.00694  (206.0ms/step avg)
  step 378300/450360  loss=1.9666  lr=0.00692  (206.0ms/step avg)
  step 378400/450360  loss=2.0566  lr=0.0069  (206.0ms/step avg)
  step 378500/450360  loss=2.0403  lr=0.00688  (206.0ms/step avg)
  step 378600/450360  loss=1.8556  lr=0.00686  (206.0ms/step avg)
  step 378700/450360  loss=2.1616  lr=0.00684  (206.0ms/step avg)
  step 378800/450360  loss=1.9336  lr=0.00682  (206.0ms/step avg)
  step 378900/450360  loss=2.0917  lr=0.0068  (206.0ms/step avg)
  step 379000/450360  loss=2.1504  lr=0.00679  (206.0ms/step avg)
  step 379100/450360  loss=2.1661  lr=0.00677  (206.0ms/step avg)
  step 379200/450360  loss=2.1193  lr=0.00675  (206.0ms/step avg)
  step 379300/450360  loss=2.0995  lr=0.00673  (206.0ms/step avg)
  step 379400/450360  loss=2.0796  lr=0.00671  (206.0ms/step avg)
  step 379500/450360  loss=2.0421  lr=0.00669  (206.0ms/step avg)
  step 379600/450360  loss=1.9387  lr=0.00667  (206.0ms/step avg)
  step 379700/450360  loss=2.0258  lr=0.00666  (206.0ms/step avg)
  step 379800/450360  loss=2.0326  lr=0.00664  (206.0ms/step avg)
  step 379900/450360  loss=2.0898  lr=0.00662  (206.0ms/step avg)
  step 380000/450360  loss=2.1262  lr=0.0066  (206.0ms/step avg)
  step 380100/450360  loss=1.9783  lr=0.00658  (206.0ms/step avg)
  step 380200/450360  loss=2.041  lr=0.00656  (206.0ms/step avg)
  step 380300/450360  loss=2.1569  lr=0.00655  (206.0ms/step avg)
  Running validation ...
[Epoch 76] lr=0.006546 loss(train_avg)=2.0935 val_top1=36713/50000 (0.7343) val_top5=0.9181 val_loss=1.1377  [1014.7s train, 17.7s val]
saved 54 param-groups to /home/skoonce/r50_2018_jax_2610/resnet50_imagenet_2018_e76.bin (102228128 bytes)
  saved full train state -> /home/skoonce/r50_2018_jax_2610/resnet50_imagenet_2018_e76.state.npz (428 arrays, step=380304)
  step 380400/450360  loss=1.9868  lr=0.00653  (206.0ms/step avg)
  step 380500/450360  loss=2.2549  lr=0.00651  (206.0ms/step avg)
  step 380600/450360  loss=2.3902  lr=0.00649  (206.0ms/step avg)
  step 380700/450360  loss=1.9807  lr=0.00647  (206.0ms/step avg)
  step 380800/450360  loss=2.0284  lr=0.00646  (206.0ms/step avg)
  step 380900/450360  loss=1.9767  lr=0.00644  (206.0ms/step avg)
  step 381000/450360  loss=1.9656  lr=0.00642  (206.0ms/step avg)
  step 381100/450360  loss=2.1994  lr=0.0064  (206.0ms/step avg)
  step 381200/450360  loss=2.0315  lr=0.00638  (206.0ms/step avg)
  step 381300/450360  loss=2.185  lr=0.00636  (206.0ms/step avg)
  step 381400/450360  loss=1.9658  lr=0.00635  (206.0ms/step avg)
  step 381500/450360  loss=2.1738  lr=0.00633  (206.0ms/step avg)
  step 381600/450360  loss=1.9911  lr=0.00631  (206.0ms/step avg)
  step 381700/450360  loss=2.1508  lr=0.00629  (206.0ms/step avg)
  step 381800/450360  loss=2.0769  lr=0.00628  (206.0ms/step avg)
  step 381900/450360  loss=2.0257  lr=0.00626  (206.0ms/step avg)
  step 382000/450360  loss=2.0306  lr=0.00624  (206.0ms/step avg)
  step 382100/450360  loss=1.9461  lr=0.00622  (206.0ms/step avg)
  step 382200/450360  loss=2.0166  lr=0.0062  (206.0ms/step avg)
  step 382300/450360  loss=2.0219  lr=0.00619  (206.0ms/step avg)
  step 382400/450360  loss=2.078  lr=0.00617  (206.0ms/step avg)
  step 382500/450360  loss=2.08  lr=0.00615  (206.0ms/step avg)
  step 382600/450360  loss=2.0678  lr=0.00613  (206.0ms/step avg)
  step 382700/450360  loss=1.9052  lr=0.00611  (206.0ms/step avg)
  step 382800/450360  loss=1.9417  lr=0.0061  (206.0ms/step avg)
  step 382900/450360  loss=2.0074  lr=0.00608  (206.0ms/step avg)
  step 383000/450360  loss=2.1699  lr=0.00606  (206.0ms/step avg)
  step 383100/450360  loss=2.1437  lr=0.00604  (206.0ms/step avg)
  step 383200/450360  loss=2.1497  lr=0.00603  (206.0ms/step avg)
  step 383300/450360  loss=2.0638  lr=0.00601  (206.0ms/step avg)
  step 383400/450360  loss=2.0761  lr=0.00599  (206.0ms/step avg)
  step 383500/450360  loss=2.074  lr=0.00597  (206.0ms/step avg)
  step 383600/450360  loss=2.1104  lr=0.00596  (206.0ms/step avg)
  step 383700/450360  loss=1.8744  lr=0.00594  (206.0ms/step avg)
  step 383800/450360  loss=2.0016  lr=0.00592  (206.0ms/step avg)
  step 383900/450360  loss=1.9987  lr=0.0059  (206.0ms/step avg)
  step 384000/450360  loss=2.0113  lr=0.00589  (206.0ms/step avg)
  step 384100/450360  loss=2.1538  lr=0.00587  (206.0ms/step avg)
  step 384200/450360  loss=1.9684  lr=0.00585  (206.0ms/step avg)
  step 384300/450360  loss=2.1367  lr=0.00583  (206.0ms/step avg)
  step 384400/450360  loss=2.1271  lr=0.00582  (206.0ms/step avg)
  step 384500/450360  loss=2.0866  lr=0.0058  (206.0ms/step avg)
  step 384600/450360  loss=2.0217  lr=0.00578  (206.0ms/step avg)
  step 384700/450360  loss=1.9924  lr=0.00577  (206.0ms/step avg)
  step 384800/450360  loss=1.9683  lr=0.00575  (206.0ms/step avg)
  step 384900/450360  loss=2.0389  lr=0.00573  (206.0ms/step avg)
  step 385000/450360  loss=2.0916  lr=0.00571  (206.0ms/step avg)
  step 385100/450360  loss=1.955  lr=0.0057  (206.0ms/step avg)
  step 385200/450360  loss=2.1554  lr=0.00568  (206.0ms/step avg)
  step 385300/450360  loss=2.0834  lr=0.00566  (206.0ms/step avg)
  Running validation ...
[Epoch 77] lr=0.005661 loss(train_avg)=2.0633 val_top1=36939/50000 (0.7388) val_top5=0.9181 val_loss=1.1155  [1015.3s train, 17.7s val]
saved 54 param-groups to /home/skoonce/r50_2018_jax_2610/resnet50_imagenet_2018_e77.bin (102228128 bytes)
  saved full train state -> /home/skoonce/r50_2018_jax_2610/resnet50_imagenet_2018_e77.state.npz (428 arrays, step=385308)
  step 385400/450360  loss=1.9702  lr=0.00565  (206.0ms/step avg)
  step 385500/450360  loss=2.0458  lr=0.00563  (206.0ms/step avg)
  step 385600/450360  loss=2.0551  lr=0.00561  (206.0ms/step avg)
  step 385700/450360  loss=2.1458  lr=0.00559  (206.0ms/step avg)
  step 385800/450360  loss=1.9564  lr=0.00558  (206.0ms/step avg)
  step 385900/450360  loss=2.0695  lr=0.00556  (206.0ms/step avg)
  step 386000/450360  loss=1.9701  lr=0.00554  (206.0ms/step avg)
  step 386100/450360  loss=1.9897  lr=0.00553  (206.0ms/step avg)
  step 386200/450360  loss=1.9977  lr=0.00551  (206.0ms/step avg)
  step 386300/450360  loss=2.0939  lr=0.00549  (206.0ms/step avg)
  step 386400/450360  loss=2.1398  lr=0.00548  (206.0ms/step avg)
  step 386500/450360  loss=2.059  lr=0.00546  (206.0ms/step avg)
  step 386600/450360  loss=2.0671  lr=0.00544  (206.0ms/step avg)
  step 386700/450360  loss=1.982  lr=0.00543  (206.0ms/step avg)
  step 386800/450360  loss=2.1302  lr=0.00541  (206.0ms/step avg)
  step 386900/450360  loss=2.0464  lr=0.00539  (206.0ms/step avg)
  step 387000/450360  loss=1.9552  lr=0.00538  (206.0ms/step avg)
  step 387100/450360  loss=2.155  lr=0.00536  (206.0ms/step avg)
  step 387200/450360  loss=2.0171  lr=0.00534  (206.0ms/step avg)
  step 387300/450360  loss=2.1761  lr=0.00533  (206.0ms/step avg)
  step 387400/450360  loss=2.0564  lr=0.00531  (206.0ms/step avg)
  step 387500/450360  loss=2.0539  lr=0.00529  (206.0ms/step avg)
  step 387600/450360  loss=2.0519  lr=0.00528  (206.0ms/step avg)
  step 387700/450360  loss=1.9828  lr=0.00526  (206.0ms/step avg)
  step 387800/450360  loss=2.0853  lr=0.00524  (206.0ms/step avg)
  step 387900/450360  loss=2.059  lr=0.00523  (206.0ms/step avg)
  step 388000/450360  loss=2.0499  lr=0.00521  (206.0ms/step avg)
  step 388100/450360  loss=1.9119  lr=0.00519  (206.0ms/step avg)
  step 388200/450360  loss=2.0123  lr=0.00518  (206.0ms/step avg)
  step 388300/450360  loss=2.2713  lr=0.00516  (206.0ms/step avg)
  step 388400/450360  loss=2.1092  lr=0.00515  (206.0ms/step avg)
  step 388500/450360  loss=2.1103  lr=0.00513  (206.0ms/step avg)
  step 388600/450360  loss=2.1919  lr=0.00511  (206.0ms/step avg)
  step 388700/450360  loss=2.2079  lr=0.0051  (206.0ms/step avg)
  step 388800/450360  loss=1.9672  lr=0.00508  (206.0ms/step avg)
  step 388900/450360  loss=2.1542  lr=0.00506  (206.0ms/step avg)
  step 389000/450360  loss=2.0065  lr=0.00505  (206.0ms/step avg)
  step 389100/450360  loss=2.0864  lr=0.00503  (206.0ms/step avg)
  step 389200/450360  loss=2.1059  lr=0.00502  (206.0ms/step avg)
  step 389300/450360  loss=2.0888  lr=0.005  (206.0ms/step avg)
  step 389400/450360  loss=2.072  lr=0.00498  (206.0ms/step avg)
  step 389500/450360  loss=2.0968  lr=0.00497  (206.0ms/step avg)
  step 389600/450360  loss=1.8788  lr=0.00495  (206.0ms/step avg)
  step 389700/450360  loss=1.8862  lr=0.00494  (206.0ms/step avg)
  step 389800/450360  loss=2.1723  lr=0.00492  (206.0ms/step avg)
  step 389900/450360  loss=2.0261  lr=0.0049  (206.0ms/step avg)
  step 390000/450360  loss=2.0728  lr=0.00489  (206.0ms/step avg)
  step 390100/450360  loss=2.0124  lr=0.00487  (206.0ms/step avg)
  step 390200/450360  loss=1.9886  lr=0.00486  (206.0ms/step avg)
  step 390300/450360  loss=2.0097  lr=0.00484  (206.0ms/step avg)
  Running validation ...
[Epoch 78] lr=0.004838 loss(train_avg)=2.0365 val_top1=37187/50000 (0.7437) val_top5=0.9216 val_loss=1.0991  [1015.6s train, 18.1s val]
saved 54 param-groups to /home/skoonce/r50_2018_jax_2610/resnet50_imagenet_2018_e78.bin (102228128 bytes)
  saved full train state -> /home/skoonce/r50_2018_jax_2610/resnet50_imagenet_2018_e78.state.npz (428 arrays, step=390312)
  step 390400/450360  loss=1.8825  lr=0.00482  (207.0ms/step avg)
  step 390500/450360  loss=2.095  lr=0.00481  (206.0ms/step avg)
  step 390600/450360  loss=2.0759  lr=0.00479  (206.0ms/step avg)
  step 390700/450360  loss=2.0696  lr=0.00478  (206.0ms/step avg)
  step 390800/450360  loss=2.0549  lr=0.00476  (206.0ms/step avg)
  step 390900/450360  loss=2.1104  lr=0.00475  (206.0ms/step avg)
  step 391000/450360  loss=1.915  lr=0.00473  (206.0ms/step avg)
  step 391100/450360  loss=1.9391  lr=0.00471  (206.0ms/step avg)
  step 391200/450360  loss=2.1105  lr=0.0047  (206.0ms/step avg)
  step 391300/450360  loss=1.9556  lr=0.00468  (206.0ms/step avg)
  step 391400/450360  loss=2.0705  lr=0.00467  (206.0ms/step avg)
  step 391500/450360  loss=2.0175  lr=0.00465  (206.0ms/step avg)
  step 391600/450360  loss=2.0588  lr=0.00464  (206.0ms/step avg)
  step 391700/450360  loss=1.8645  lr=0.00462  (206.0ms/step avg)
  step 391800/450360  loss=1.9888  lr=0.0046  (206.0ms/step avg)
  step 391900/450360  loss=1.9575  lr=0.00459  (206.0ms/step avg)
  step 392000/450360  loss=1.983  lr=0.00457  (206.0ms/step avg)
  step 392100/450360  loss=2.1009  lr=0.00456  (206.0ms/step avg)
  step 392200/450360  loss=1.9836  lr=0.00454  (206.0ms/step avg)
  step 392300/450360  loss=2.0907  lr=0.00453  (206.0ms/step avg)
  step 392400/450360  loss=2.0978  lr=0.00451  (206.0ms/step avg)
  step 392500/450360  loss=2.0748  lr=0.0045  (206.0ms/step avg)
  step 392600/450360  loss=2.0036  lr=0.00448  (206.0ms/step avg)
  step 392700/450360  loss=2.0678  lr=0.00447  (206.0ms/step avg)
  step 392800/450360  loss=1.858  lr=0.00445  (206.0ms/step avg)
  step 392900/450360  loss=2.1378  lr=0.00444  (206.0ms/step avg)
  step 393000/450360  loss=1.9797  lr=0.00442  (206.0ms/step avg)
  step 393100/450360  loss=2.1929  lr=0.00441  (206.0ms/step avg)
  step 393200/450360  loss=1.9938  lr=0.00439  (206.0ms/step avg)
  step 393300/450360  loss=1.9295  lr=0.00438  (206.0ms/step avg)
  step 393400/450360  loss=2.0557  lr=0.00436  (206.0ms/step avg)
  step 393500/450360  loss=2.1591  lr=0.00435  (206.0ms/step avg)
  step 393600/450360  loss=1.9564  lr=0.00433  (206.0ms/step avg)
  step 393700/450360  loss=2.0652  lr=0.00432  (206.0ms/step avg)
  step 393800/450360  loss=1.8025  lr=0.0043  (206.0ms/step avg)
  step 393900/450360  loss=2.0687  lr=0.00429  (206.0ms/step avg)
  step 394000/450360  loss=1.8719  lr=0.00427  (206.0ms/step avg)
  step 394100/450360  loss=2.1337  lr=0.00426  (206.0ms/step avg)
  step 394200/450360  loss=2.0631  lr=0.00424  (206.0ms/step avg)
  step 394300/450360  loss=2.0278  lr=0.00423  (206.0ms/step avg)
  step 394400/450360  loss=1.8715  lr=0.00421  (206.0ms/step avg)
  step 394500/450360  loss=1.9793  lr=0.0042  (206.0ms/step avg)
  step 394600/450360  loss=1.9252  lr=0.00418  (206.0ms/step avg)
  step 394700/450360  loss=2.2312  lr=0.00417  (206.0ms/step avg)
  step 394800/450360  loss=2.0276  lr=0.00415  (206.0ms/step avg)
  step 394900/450360  loss=1.9054  lr=0.00414  (206.0ms/step avg)
  step 395000/450360  loss=1.7859  lr=0.00412  (206.0ms/step avg)
  step 395100/450360  loss=2.0031  lr=0.00411  (206.0ms/step avg)
  step 395200/450360  loss=1.9462  lr=0.00409  (206.0ms/step avg)
  step 395300/450360  loss=2.046  lr=0.00408  (206.0ms/step avg)
  Running validation ...
[Epoch 79] lr=0.004076 loss(train_avg)=2.0071 val_top1=37203/50000 (0.7441) val_top5=0.9223 val_loss=1.0982  [1015.5s train, 17.9s val]
saved 54 param-groups to /home/skoonce/r50_2018_jax_2610/resnet50_imagenet_2018_e79.bin (102228128 bytes)
  saved full train state -> /home/skoonce/r50_2018_jax_2610/resnet50_imagenet_2018_e79.state.npz (428 arrays, step=395316)
  step 395400/450360  loss=2.0289  lr=0.00406  (207.0ms/step avg)
  step 395500/450360  loss=1.8253  lr=0.00405  (207.0ms/step avg)
  step 395600/450360  loss=2.0462  lr=0.00403  (207.0ms/step avg)
  step 395700/450360  loss=2.0407  lr=0.00402  (206.0ms/step avg)
  step 395800/450360  loss=1.9156  lr=0.00401  (206.0ms/step avg)
  step 395900/450360  loss=1.9563  lr=0.00399  (206.0ms/step avg)
  step 396000/450360  loss=1.9175  lr=0.00398  (206.0ms/step avg)
  step 396100/450360  loss=2.0328  lr=0.00396  (206.0ms/step avg)
  step 396200/450360  loss=1.9791  lr=0.00395  (206.0ms/step avg)
  step 396300/450360  loss=1.8694  lr=0.00393  (206.0ms/step avg)
  step 396400/450360  loss=2.1671  lr=0.00392  (206.0ms/step avg)
  step 396500/450360  loss=1.982  lr=0.0039  (206.0ms/step avg)
  step 396600/450360  loss=1.8435  lr=0.00389  (206.0ms/step avg)
  step 396700/450360  loss=1.9264  lr=0.00388  (206.0ms/step avg)
  step 396800/450360  loss=2.0337  lr=0.00386  (206.0ms/step avg)
  step 396900/450360  loss=2.0441  lr=0.00385  (206.0ms/step avg)
  step 397000/450360  loss=1.9501  lr=0.00383  (206.0ms/step avg)
  step 397100/450360  loss=2.076  lr=0.00382  (206.0ms/step avg)
  step 397200/450360  loss=2.028  lr=0.00381  (206.0ms/step avg)
  step 397300/450360  loss=1.9042  lr=0.00379  (206.0ms/step avg)
  step 397400/450360  loss=2.0343  lr=0.00378  (206.0ms/step avg)
  step 397500/450360  loss=1.9542  lr=0.00376  (206.0ms/step avg)
  step 397600/450360  loss=2.0555  lr=0.00375  (206.0ms/step avg)
  step 397700/450360  loss=1.9461  lr=0.00373  (206.0ms/step avg)
  step 397800/450360  loss=2.0076  lr=0.00372  (206.0ms/step avg)
  step 397900/450360  loss=1.9285  lr=0.00371  (206.0ms/step avg)
  step 398000/450360  loss=2.0502  lr=0.00369  (206.0ms/step avg)
  step 398100/450360  loss=1.8624  lr=0.00368  (206.0ms/step avg)
  step 398200/450360  loss=1.9068  lr=0.00367  (206.0ms/step avg)
  step 398300/450360  loss=1.8724  lr=0.00365  (206.0ms/step avg)
  step 398400/450360  loss=1.972  lr=0.00364  (206.0ms/step avg)
  step 398500/450360  loss=1.8858  lr=0.00362  (206.0ms/step avg)
  step 398600/450360  loss=1.8777  lr=0.00361  (206.0ms/step avg)
  step 398700/450360  loss=1.9031  lr=0.0036  (206.0ms/step avg)
  step 398800/450360  loss=2.0121  lr=0.00358  (206.0ms/step avg)
  step 398900/450360  loss=2.0466  lr=0.00357  (206.0ms/step avg)
  step 399000/450360  loss=1.9195  lr=0.00355  (206.0ms/step avg)
  step 399100/450360  loss=2.1724  lr=0.00354  (206.0ms/step avg)
  step 399200/450360  loss=2.1051  lr=0.00353  (206.0ms/step avg)
  step 399300/450360  loss=2.0028  lr=0.00351  (206.0ms/step avg)
  step 399400/450360  loss=1.8508  lr=0.0035  (206.0ms/step avg)
  step 399500/450360  loss=1.9607  lr=0.00349  (206.0ms/step avg)
  step 399600/450360  loss=1.8918  lr=0.00347  (206.0ms/step avg)
  step 399700/450360  loss=1.9556  lr=0.00346  (206.0ms/step avg)
  step 399800/450360  loss=2.0572  lr=0.00345  (206.0ms/step avg)
  step 399900/450360  loss=1.9544  lr=0.00343  (206.0ms/step avg)
  step 400000/450360  loss=1.8586  lr=0.00342  (206.0ms/step avg)
  step 400100/450360  loss=2.1065  lr=0.00341  (206.0ms/step avg)
  step 400200/450360  loss=1.9741  lr=0.00339  (206.0ms/step avg)
  step 400300/450360  loss=1.9069  lr=0.00338  (206.0ms/step avg)
  Running validation ...
[Epoch 80] lr=0.003377 loss(train_avg)=1.9809 val_top1=37377/50000 (0.7475) val_top5=0.9241 val_loss=1.0821  [1015.8s train, 17.8s val]
saved 54 param-groups to /home/skoonce/r50_2018_jax_2610/resnet50_imagenet_2018_e80.bin (102228128 bytes)
  saved full train state -> /home/skoonce/r50_2018_jax_2610/resnet50_imagenet_2018_e80.state.npz (428 arrays, step=400320)
  step 400400/450360  loss=2.126  lr=0.00337  (207.0ms/step avg)
  step 400500/450360  loss=1.9012  lr=0.00335  (207.0ms/step avg)
  step 400600/450360  loss=1.9859  lr=0.00334  (207.0ms/step avg)
  step 400700/450360  loss=1.9001  lr=0.00333  (207.0ms/step avg)
  step 400800/450360  loss=2.0434  lr=0.00331  (207.0ms/step avg)
  step 400900/450360  loss=1.8721  lr=0.0033  (206.0ms/step avg)
  step 401000/450360  loss=1.9026  lr=0.00329  (206.0ms/step avg)
  step 401100/450360  loss=1.8572  lr=0.00327  (206.0ms/step avg)
  step 401200/450360  loss=2.0985  lr=0.00326  (206.0ms/step avg)
  step 401300/450360  loss=1.9002  lr=0.00325  (206.0ms/step avg)
  step 401400/450360  loss=2.1618  lr=0.00323  (206.0ms/step avg)
  step 401500/450360  loss=2.0216  lr=0.00322  (206.0ms/step avg)
  step 401600/450360  loss=1.9057  lr=0.00321  (206.0ms/step avg)
  step 401700/450360  loss=1.9034  lr=0.00319  (206.0ms/step avg)
  step 401800/450360  loss=1.8197  lr=0.00318  (206.0ms/step avg)
  step 401900/450360  loss=1.8398  lr=0.00317  (206.0ms/step avg)
  step 402000/450360  loss=1.8477  lr=0.00316  (206.0ms/step avg)
  step 402100/450360  loss=1.8356  lr=0.00314  (206.0ms/step avg)
  step 402200/450360  loss=1.7319  lr=0.00313  (206.0ms/step avg)
  step 402300/450360  loss=2.0045  lr=0.00312  (206.0ms/step avg)
  step 402400/450360  loss=2.0436  lr=0.0031  (206.0ms/step avg)
  step 402500/450360  loss=1.843  lr=0.00309  (206.0ms/step avg)
  step 402600/450360  loss=1.9559  lr=0.00308  (206.0ms/step avg)
  step 402700/450360  loss=2.087  lr=0.00307  (206.0ms/step avg)
  step 402800/450360  loss=1.9616  lr=0.00305  (206.0ms/step avg)
  step 402900/450360  loss=1.8334  lr=0.00304  (206.0ms/step avg)
  step 403000/450360  loss=1.9589  lr=0.00303  (206.0ms/step avg)
  step 403100/450360  loss=1.8873  lr=0.00302  (206.0ms/step avg)
  step 403200/450360  loss=1.8481  lr=0.003  (206.0ms/step avg)
  step 403300/450360  loss=1.8922  lr=0.00299  (206.0ms/step avg)
  step 403400/450360  loss=1.9908  lr=0.00298  (206.0ms/step avg)
  step 403500/450360  loss=1.9962  lr=0.00297  (206.0ms/step avg)
  step 403600/450360  loss=2.1126  lr=0.00295  (206.0ms/step avg)
  step 403700/450360  loss=1.9399  lr=0.00294  (206.0ms/step avg)
  step 403800/450360  loss=2.0492  lr=0.00293  (206.0ms/step avg)
  step 403900/450360  loss=1.9159  lr=0.00292  (206.0ms/step avg)
  step 404000/450360  loss=1.842  lr=0.0029  (206.0ms/step avg)
  step 404100/450360  loss=1.8154  lr=0.00289  (206.0ms/step avg)
  step 404200/450360  loss=1.9497  lr=0.00288  (206.0ms/step avg)
  step 404300/450360  loss=2.0842  lr=0.00287  (206.0ms/step avg)
  step 404400/450360  loss=1.9916  lr=0.00285  (206.0ms/step avg)
  step 404500/450360  loss=1.8308  lr=0.00284  (206.0ms/step avg)
  step 404600/450360  loss=1.901  lr=0.00283  (206.0ms/step avg)
  step 404700/450360  loss=1.8647  lr=0.00282  (206.0ms/step avg)
  step 404800/450360  loss=1.898  lr=0.0028  (206.0ms/step avg)
  step 404900/450360  loss=2.2308  lr=0.00279  (206.0ms/step avg)
  step 405000/450360  loss=2.0169  lr=0.00278  (206.0ms/step avg)
  step 405100/450360  loss=1.8206  lr=0.00277  (206.0ms/step avg)
  step 405200/450360  loss=1.9601  lr=0.00276  (206.0ms/step avg)
  step 405300/450360  loss=1.9162  lr=0.00274  (206.0ms/step avg)
  Running validation ...
[Epoch 81] lr=0.002741 loss(train_avg)=1.9525 val_top1=37654/50000 (0.7531) val_top5=0.9269 val_loss=1.065  [1016.2s train, 17.7s val]
saved 54 param-groups to /home/skoonce/r50_2018_jax_2610/resnet50_imagenet_2018_e81.bin (102228128 bytes)
  saved full train state -> /home/skoonce/r50_2018_jax_2610/resnet50_imagenet_2018_e81.state.npz (428 arrays, step=405324)
  step 405400/450360  loss=2.018  lr=0.00273  (207.0ms/step avg)
  step 405500/450360  loss=1.9636  lr=0.00272  (207.0ms/step avg)
  step 405600/450360  loss=1.8926  lr=0.00271  (207.0ms/step avg)
  step 405700/450360  loss=1.9528  lr=0.0027  (207.0ms/step avg)
  step 405800/450360  loss=1.8446  lr=0.00268  (207.0ms/step avg)
  step 405900/450360  loss=1.9669  lr=0.00267  (207.0ms/step avg)
  step 406000/450360  loss=2.1006  lr=0.00266  (207.0ms/step avg)
  step 406100/450360  loss=2.0091  lr=0.00265  (206.0ms/step avg)
  step 406200/450360  loss=2.0352  lr=0.00264  (206.0ms/step avg)
  step 406300/450360  loss=1.9748  lr=0.00262  (206.0ms/step avg)
  step 406400/450360  loss=2.0177  lr=0.00261  (206.0ms/step avg)
  step 406500/450360  loss=1.8733  lr=0.0026  (206.0ms/step avg)
  step 406600/450360  loss=2.0198  lr=0.00259  (206.0ms/step avg)
  step 406700/450360  loss=2.0414  lr=0.00258  (206.0ms/step avg)
  step 406800/450360  loss=2.0388  lr=0.00257  (206.0ms/step avg)
  step 406900/450360  loss=1.9171  lr=0.00255  (206.0ms/step avg)
  step 407000/450360  loss=1.9903  lr=0.00254  (206.0ms/step avg)
  step 407100/450360  loss=2.0536  lr=0.00253  (206.0ms/step avg)
  step 407200/450360  loss=1.9468  lr=0.00252  (206.0ms/step avg)
  step 407300/450360  loss=1.7633  lr=0.00251  (206.0ms/step avg)
  step 407400/450360  loss=1.8683  lr=0.0025  (206.0ms/step avg)
  step 407500/450360  loss=1.8047  lr=0.00248  (206.0ms/step avg)
  step 407600/450360  loss=1.9496  lr=0.00247  (206.0ms/step avg)
  step 407700/450360  loss=1.9816  lr=0.00246  (206.0ms/step avg)
  step 407800/450360  loss=1.9163  lr=0.00245  (206.0ms/step avg)
  step 407900/450360  loss=1.9979  lr=0.00244  (206.0ms/step avg)
  step 408000/450360  loss=1.957  lr=0.00243  (206.0ms/step avg)
  step 408100/450360  loss=1.7917  lr=0.00242  (206.0ms/step avg)
  step 408200/450360  loss=2.1023  lr=0.0024  (206.0ms/step avg)
  step 408300/450360  loss=1.9391  lr=0.00239  (206.0ms/step avg)
  step 408400/450360  loss=1.9673  lr=0.00238  (206.0ms/step avg)
  step 408500/450360  loss=1.8292  lr=0.00237  (206.0ms/step avg)
  step 408600/450360  loss=2.1094  lr=0.00236  (206.0ms/step avg)
  step 408700/450360  loss=1.9035  lr=0.00235  (206.0ms/step avg)
  step 408800/450360  loss=1.9277  lr=0.00234  (206.0ms/step avg)
  step 408900/450360  loss=1.8751  lr=0.00233  (206.0ms/step avg)
  step 409000/450360  loss=2.0466  lr=0.00232  (206.0ms/step avg)
  step 409100/450360  loss=1.8787  lr=0.0023  (206.0ms/step avg)
  step 409200/450360  loss=1.7747  lr=0.00229  (206.0ms/step avg)
  step 409300/450360  loss=2.098  lr=0.00228  (206.0ms/step avg)
  step 409400/450360  loss=2.0107  lr=0.00227  (206.0ms/step avg)
  step 409500/450360  loss=1.9886  lr=0.00226  (206.0ms/step avg)
  step 409600/450360  loss=1.8529  lr=0.00225  (206.0ms/step avg)
  step 409700/450360  loss=1.9383  lr=0.00224  (206.0ms/step avg)
  step 409800/450360  loss=1.92  lr=0.00223  (206.0ms/step avg)
  step 409900/450360  loss=1.8912  lr=0.00222  (206.0ms/step avg)
  step 410000/450360  loss=1.8082  lr=0.00221  (206.0ms/step avg)
  step 410100/450360  loss=2.0206  lr=0.00219  (206.0ms/step avg)
  step 410200/450360  loss=2.0315  lr=0.00218  (206.0ms/step avg)
  step 410300/450360  loss=1.9118  lr=0.00217  (206.0ms/step avg)
  Running validation ...
[Epoch 82] lr=0.00217 loss(train_avg)=1.9276 val_top1=37797/50000 (0.7559) val_top5=0.9278 val_loss=1.0486  [1016.1s train, 17.7s val]
saved 54 param-groups to /home/skoonce/r50_2018_jax_2610/resnet50_imagenet_2018_e82.bin (102228128 bytes)
  saved full train state -> /home/skoonce/r50_2018_jax_2610/resnet50_imagenet_2018_e82.state.npz (428 arrays, step=410328)
  step 410400/450360  loss=2.001  lr=0.00216  (207.0ms/step avg)
  step 410500/450360  loss=2.0139  lr=0.00215  (207.0ms/step avg)
  step 410600/450360  loss=2.0118  lr=0.00214  (207.0ms/step avg)
  step 410700/450360  loss=1.8658  lr=0.00213  (207.0ms/step avg)
  step 410800/450360  loss=2.0773  lr=0.00212  (207.0ms/step avg)
  step 410900/450360  loss=1.6876  lr=0.00211  (207.0ms/step avg)
  step 411000/450360  loss=2.0912  lr=0.0021  (207.0ms/step avg)
  step 411100/450360  loss=1.941  lr=0.00209  (207.0ms/step avg)
  step 411200/450360  loss=1.9993  lr=0.00208  (207.0ms/step avg)
  step 411300/450360  loss=1.9578  lr=0.00207  (207.0ms/step avg)
  step 411400/450360  loss=1.9678  lr=0.00206  (206.0ms/step avg)
  step 411500/450360  loss=1.7689  lr=0.00205  (206.0ms/step avg)
  step 411600/450360  loss=1.8996  lr=0.00204  (206.0ms/step avg)
  step 411700/450360  loss=1.9028  lr=0.00202  (206.0ms/step avg)
  step 411800/450360  loss=1.9392  lr=0.00201  (206.0ms/step avg)
  step 411900/450360  loss=1.8182  lr=0.002  (206.0ms/step avg)
  step 412000/450360  loss=1.9176  lr=0.00199  (206.0ms/step avg)
  step 412100/450360  loss=1.9404  lr=0.00198  (206.0ms/step avg)
  step 412200/450360  loss=1.9036  lr=0.00197  (206.0ms/step avg)
  step 412300/450360  loss=2.0037  lr=0.00196  (206.0ms/step avg)
  step 412400/450360  loss=2.0735  lr=0.00195  (206.0ms/step avg)
  step 412500/450360  loss=1.913  lr=0.00194  (206.0ms/step avg)
  step 412600/450360  loss=1.8232  lr=0.00193  (206.0ms/step avg)
  step 412700/450360  loss=1.9331  lr=0.00192  (206.0ms/step avg)
  step 412800/450360  loss=1.9863  lr=0.00191  (206.0ms/step avg)
  step 412900/450360  loss=1.9467  lr=0.0019  (206.0ms/step avg)
  step 413000/450360  loss=1.9842  lr=0.00189  (206.0ms/step avg)
  step 413100/450360  loss=1.8015  lr=0.00188  (206.0ms/step avg)
  step 413200/450360  loss=1.9029  lr=0.00187  (206.0ms/step avg)
  step 413300/450360  loss=1.9071  lr=0.00186  (206.0ms/step avg)
  step 413400/450360  loss=1.8982  lr=0.00185  (206.0ms/step avg)
  step 413500/450360  loss=1.8354  lr=0.00184  (206.0ms/step avg)
  step 413600/450360  loss=1.973  lr=0.00183  (206.0ms/step avg)
  step 413700/450360  loss=1.8653  lr=0.00182  (206.0ms/step avg)
  step 413800/450360  loss=1.9763  lr=0.00181  (206.0ms/step avg)
  step 413900/450360  loss=1.8911  lr=0.0018  (206.0ms/step avg)
  step 414000/450360  loss=1.7834  lr=0.00179  (206.0ms/step avg)
  step 414100/450360  loss=1.9199  lr=0.00178  (206.0ms/step avg)
  step 414200/450360  loss=1.9298  lr=0.00177  (206.0ms/step avg)
  step 414300/450360  loss=1.7016  lr=0.00176  (206.0ms/step avg)
  step 414400/450360  loss=1.8909  lr=0.00175  (206.0ms/step avg)
  step 414500/450360  loss=2.0222  lr=0.00174  (206.0ms/step avg)
  step 414600/450360  loss=1.8933  lr=0.00173  (206.0ms/step avg)
  step 414700/450360  loss=1.8901  lr=0.00172  (206.0ms/step avg)
  step 414800/450360  loss=1.8799  lr=0.00171  (206.0ms/step avg)
  step 414900/450360  loss=1.9121  lr=0.00171  (206.0ms/step avg)
  step 415000/450360  loss=1.922  lr=0.0017  (206.0ms/step avg)
  step 415100/450360  loss=1.8908  lr=0.00169  (206.0ms/step avg)
  step 415200/450360  loss=2.1218  lr=0.00168  (206.0ms/step avg)
  step 415300/450360  loss=1.8437  lr=0.00167  (206.0ms/step avg)
  Running validation ...
[Epoch 83] lr=0.001664 loss(train_avg)=1.9027 val_top1=37977/50000 (0.7595) val_top5=0.9293 val_loss=1.0341  [1015.9s train, 17.6s val]
saved 54 param-groups to /home/skoonce/r50_2018_jax_2610/resnet50_imagenet_2018_e83.bin (102228128 bytes)
  saved full train state -> /home/skoonce/r50_2018_jax_2610/resnet50_imagenet_2018_e83.state.npz (428 arrays, step=415332)
  step 415400/450360  loss=1.9126  lr=0.00166  (207.0ms/step avg)
  step 415500/450360  loss=1.7936  lr=0.00165  (207.0ms/step avg)
  step 415600/450360  loss=1.9527  lr=0.00164  (207.0ms/step avg)
  step 415700/450360  loss=1.8255  lr=0.00163  (207.0ms/step avg)
  step 415800/450360  loss=1.7528  lr=0.00162  (207.0ms/step avg)
  step 415900/450360  loss=1.8724  lr=0.00161  (207.0ms/step avg)
  step 416000/450360  loss=1.8815  lr=0.0016  (207.0ms/step avg)
  step 416100/450360  loss=1.843  lr=0.00159  (207.0ms/step avg)
  step 416200/450360  loss=1.7406  lr=0.00158  (207.0ms/step avg)
  step 416300/450360  loss=1.8361  lr=0.00157  (207.0ms/step avg)
  step 416400/450360  loss=1.8278  lr=0.00156  (207.0ms/step avg)
  step 416500/450360  loss=1.9087  lr=0.00156  (207.0ms/step avg)
  step 416600/450360  loss=1.8581  lr=0.00155  (206.0ms/step avg)
  step 416700/450360  loss=1.9488  lr=0.00154  (206.0ms/step avg)
  step 416800/450360  loss=1.8668  lr=0.00153  (206.0ms/step avg)
  step 416900/450360  loss=1.9953  lr=0.00152  (206.0ms/step avg)
  step 417000/450360  loss=1.9054  lr=0.00151  (206.0ms/step avg)
  step 417100/450360  loss=1.8306  lr=0.0015  (206.0ms/step avg)
  step 417200/450360  loss=1.9305  lr=0.00149  (206.0ms/step avg)
  step 417300/450360  loss=1.8993  lr=0.00148  (206.0ms/step avg)
  step 417400/450360  loss=1.8749  lr=0.00147  (206.0ms/step avg)
  step 417500/450360  loss=1.8551  lr=0.00147  (206.0ms/step avg)
  step 417600/450360  loss=1.7357  lr=0.00146  (206.0ms/step avg)
  step 417700/450360  loss=1.8324  lr=0.00145  (206.0ms/step avg)
  step 417800/450360  loss=1.8362  lr=0.00144  (206.0ms/step avg)
  step 417900/450360  loss=1.8162  lr=0.00143  (206.0ms/step avg)
  step 418000/450360  loss=1.9693  lr=0.00142  (206.0ms/step avg)
  step 418100/450360  loss=2.0256  lr=0.00141  (206.0ms/step avg)
  step 418200/450360  loss=1.9664  lr=0.0014  (206.0ms/step avg)
  step 418300/450360  loss=1.8838  lr=0.0014  (206.0ms/step avg)
  step 418400/450360  loss=1.8462  lr=0.00139  (206.0ms/step avg)
  step 418500/450360  loss=2.116  lr=0.00138  (206.0ms/step avg)
  step 418600/450360  loss=1.8107  lr=0.00137  (206.0ms/step avg)
  step 418700/450360  loss=1.8919  lr=0.00136  (206.0ms/step avg)
  step 418800/450360  loss=1.8837  lr=0.00135  (206.0ms/step avg)
  step 418900/450360  loss=1.9064  lr=0.00134  (206.0ms/step avg)
  step 419000/450360  loss=1.9012  lr=0.00134  (206.0ms/step avg)
  step 419100/450360  loss=1.8893  lr=0.00133  (206.0ms/step avg)
  step 419200/450360  loss=1.9042  lr=0.00132  (206.0ms/step avg)
  step 419300/450360  loss=1.8156  lr=0.00131  (206.0ms/step avg)
  step 419400/450360  loss=1.6567  lr=0.0013  (206.0ms/step avg)
  step 419500/450360  loss=1.9667  lr=0.00129  (206.0ms/step avg)
  step 419600/450360  loss=1.8185  lr=0.00128  (206.0ms/step avg)
  step 419700/450360  loss=1.7943  lr=0.00128  (206.0ms/step avg)
  step 419800/450360  loss=1.9866  lr=0.00127  (206.0ms/step avg)
  step 419900/450360  loss=2.0599  lr=0.00126  (206.0ms/step avg)
  step 420000/450360  loss=1.8495  lr=0.00125  (206.0ms/step avg)
  step 420100/450360  loss=1.8498  lr=0.00124  (206.0ms/step avg)
  step 420200/450360  loss=1.8489  lr=0.00124  (206.0ms/step avg)
  step 420300/450360  loss=1.9104  lr=0.00123  (206.0ms/step avg)
  Running validation ...
[Epoch 84] lr=0.001224 loss(train_avg)=1.8802 val_top1=38080/50000 (0.7616) val_top5=0.9299 val_loss=1.0264  [1015.6s train, 17.8s val]
saved 54 param-groups to /home/skoonce/r50_2018_jax_2610/resnet50_imagenet_2018_e84.bin (102228128 bytes)
  saved full train state -> /home/skoonce/r50_2018_jax_2610/resnet50_imagenet_2018_e84.state.npz (428 arrays, step=420336)
  step 420400/450360  loss=1.8056  lr=0.00122  (207.0ms/step avg)
  step 420500/450360  loss=1.859  lr=0.00121  (207.0ms/step avg)
  step 420600/450360  loss=1.9278  lr=0.0012  (207.0ms/step avg)
  step 420700/450360  loss=1.7745  lr=0.0012  (207.0ms/step avg)
  step 420800/450360  loss=1.9634  lr=0.00119  (207.0ms/step avg)
  step 420900/450360  loss=1.8637  lr=0.00118  (207.0ms/step avg)
  step 421000/450360  loss=2.1063  lr=0.00117  (207.0ms/step avg)
  step 421100/450360  loss=1.8177  lr=0.00116  (207.0ms/step avg)
  step 421200/450360  loss=1.9616  lr=0.00116  (207.0ms/step avg)
  step 421300/450360  loss=1.9314  lr=0.00115  (207.0ms/step avg)
  step 421400/450360  loss=1.8668  lr=0.00114  (207.0ms/step avg)
  step 421500/450360  loss=1.9485  lr=0.00113  (207.0ms/step avg)
  step 421600/450360  loss=1.8994  lr=0.00112  (207.0ms/step avg)
  step 421700/450360  loss=1.8446  lr=0.00112  (207.0ms/step avg)
  step 421800/450360  loss=1.8328  lr=0.00111  (206.0ms/step avg)
  step 421900/450360  loss=1.8006  lr=0.0011  (206.0ms/step avg)
  step 422000/450360  loss=1.9352  lr=0.00109  (206.0ms/step avg)
  step 422100/450360  loss=1.9609  lr=0.00109  (206.0ms/step avg)
  step 422200/450360  loss=1.86  lr=0.00108  (206.0ms/step avg)
  step 422300/450360  loss=1.8277  lr=0.00107  (206.0ms/step avg)
  step 422400/450360  loss=1.7277  lr=0.00106  (206.0ms/step avg)
  step 422500/450360  loss=1.8446  lr=0.00105  (206.0ms/step avg)
  step 422600/450360  loss=1.8817  lr=0.00105  (206.0ms/step avg)
  step 422700/450360  loss=1.881  lr=0.00104  (206.0ms/step avg)
  step 422800/450360  loss=1.975  lr=0.00103  (206.0ms/step avg)
  step 422900/450360  loss=1.9379  lr=0.00102  (206.0ms/step avg)
  step 423000/450360  loss=1.7868  lr=0.00102  (206.0ms/step avg)
  step 423100/450360  loss=2.0126  lr=0.00101  (206.0ms/step avg)
  step 423200/450360  loss=1.7726  lr=0.001  (206.0ms/step avg)
  step 423300/450360  loss=1.8342  lr=0.001  (206.0ms/step avg)
  step 423400/450360  loss=1.6425  lr=0.00099  (206.0ms/step avg)
  step 423500/450360  loss=1.7937  lr=0.00098  (206.0ms/step avg)
  step 423600/450360  loss=1.846  lr=0.00097  (206.0ms/step avg)
  step 423700/450360  loss=1.7558  lr=0.00097  (206.0ms/step avg)
  step 423800/450360  loss=1.9772  lr=0.00096  (206.0ms/step avg)
  step 423900/450360  loss=1.7711  lr=0.00095  (206.0ms/step avg)
  step 424000/450360  loss=1.7244  lr=0.00094  (206.0ms/step avg)
  step 424100/450360  loss=1.7493  lr=0.00094  (206.0ms/step avg)
  step 424200/450360  loss=1.7827  lr=0.00093  (206.0ms/step avg)
  step 424300/450360  loss=1.8101  lr=0.00092  (206.0ms/step avg)
  step 424400/450360  loss=1.811  lr=0.00092  (206.0ms/step avg)
  step 424500/450360  loss=1.8563  lr=0.00091  (206.0ms/step avg)
  step 424600/450360  loss=2.0147  lr=0.0009  (206.0ms/step avg)
  step 424700/450360  loss=1.8634  lr=0.0009  (206.0ms/step avg)
  step 424800/450360  loss=1.7503  lr=0.00089  (206.0ms/step avg)
  step 424900/450360  loss=1.8225  lr=0.00088  (206.0ms/step avg)
  step 425000/450360  loss=1.848  lr=0.00087  (206.0ms/step avg)
  step 425100/450360  loss=1.8228  lr=0.00087  (206.0ms/step avg)
  step 425200/450360  loss=1.8287  lr=0.00086  (206.0ms/step avg)
  step 425300/450360  loss=1.8731  lr=0.00085  (206.0ms/step avg)
  Running validation ...
[Epoch 85] lr=0.000851 loss(train_avg)=1.8636 val_top1=38246/50000 (0.7649) val_top5=0.9326 val_loss=1.0091  [1015.9s train, 17.7s val]
saved 54 param-groups to /home/skoonce/r50_2018_jax_2610/resnet50_imagenet_2018_e85.bin (102228128 bytes)
  saved full train state -> /home/skoonce/r50_2018_jax_2610/resnet50_imagenet_2018_e85.state.npz (428 arrays, step=425340)
  step 425400/450360  loss=1.8739  lr=0.00085  (207.0ms/step avg)
  step 425500/450360  loss=1.7524  lr=0.00084  (207.0ms/step avg)
  step 425600/450360  loss=1.9869  lr=0.00083  (207.0ms/step avg)
  step 425700/450360  loss=1.9267  lr=0.00083  (207.0ms/step avg)
  step 425800/450360  loss=1.8461  lr=0.00082  (207.0ms/step avg)
  step 425900/450360  loss=1.8187  lr=0.00081  (207.0ms/step avg)
  step 426000/450360  loss=1.8764  lr=0.00081  (207.0ms/step avg)
  step 426100/450360  loss=1.9892  lr=0.0008  (207.0ms/step avg)
  step 426200/450360  loss=1.9908  lr=0.00079  (207.0ms/step avg)
  step 426300/450360  loss=1.9383  lr=0.00079  (207.0ms/step avg)
  step 426400/450360  loss=1.8514  lr=0.00078  (207.0ms/step avg)
  step 426500/450360  loss=1.8462  lr=0.00077  (207.0ms/step avg)
  step 426600/450360  loss=1.8998  lr=0.00077  (207.0ms/step avg)
  step 426700/450360  loss=1.8243  lr=0.00076  (207.0ms/step avg)
  step 426800/450360  loss=1.8474  lr=0.00076  (207.0ms/step avg)
  step 426900/450360  loss=1.8119  lr=0.00075  (207.0ms/step avg)
  step 427000/450360  loss=1.8654  lr=0.00074  (206.0ms/step avg)
  step 427100/450360  loss=1.8366  lr=0.00074  (206.0ms/step avg)
  step 427200/450360  loss=1.8451  lr=0.00073  (206.0ms/step avg)
  step 427300/450360  loss=1.6906  lr=0.00072  (206.0ms/step avg)
  step 427400/450360  loss=1.7988  lr=0.00072  (206.0ms/step avg)
  step 427500/450360  loss=2.0287  lr=0.00071  (206.0ms/step avg)
  step 427600/450360  loss=1.7823  lr=0.0007  (206.0ms/step avg)
  step 427700/450360  loss=1.9362  lr=0.0007  (206.0ms/step avg)
  step 427800/450360  loss=1.9308  lr=0.00069  (206.0ms/step avg)
  step 427900/450360  loss=1.8675  lr=0.00069  (206.0ms/step avg)
  step 428000/450360  loss=1.835  lr=0.00068  (206.0ms/step avg)
  step 428100/450360  loss=1.8007  lr=0.00067  (206.0ms/step avg)
  step 428200/450360  loss=1.9346  lr=0.00067  (206.0ms/step avg)
  step 428300/450360  loss=1.8241  lr=0.00066  (206.0ms/step avg)
  step 428400/450360  loss=1.9417  lr=0.00066  (206.0ms/step avg)
  step 428500/450360  loss=1.8462  lr=0.00065  (206.0ms/step avg)
  step 428600/450360  loss=1.9171  lr=0.00064  (206.0ms/step avg)
  step 428700/450360  loss=1.7738  lr=0.00064  (206.0ms/step avg)
  step 428800/450360  loss=1.8834  lr=0.00063  (206.0ms/step avg)
  step 428900/450360  loss=1.7604  lr=0.00063  (206.0ms/step avg)
  step 429000/450360  loss=2.0082  lr=0.00062  (206.0ms/step avg)
  step 429100/450360  loss=1.837  lr=0.00062  (206.0ms/step avg)
  step 429200/450360  loss=1.7882  lr=0.00061  (206.0ms/step avg)
  step 429300/450360  loss=1.8523  lr=0.0006  (206.0ms/step avg)
  step 429400/450360  loss=1.8105  lr=0.0006  (206.0ms/step avg)
  step 429500/450360  loss=1.7742  lr=0.00059  (206.0ms/step avg)
  step 429600/450360  loss=1.6913  lr=0.00059  (206.0ms/step avg)
  step 429700/450360  loss=1.8103  lr=0.00058  (206.0ms/step avg)
  step 429800/450360  loss=1.9262  lr=0.00058  (206.0ms/step avg)
  step 429900/450360  loss=1.8077  lr=0.00057  (206.0ms/step avg)
  step 430000/450360  loss=1.779  lr=0.00056  (206.0ms/step avg)
  step 430100/450360  loss=2.0245  lr=0.00056  (206.0ms/step avg)
  step 430200/450360  loss=1.7166  lr=0.00055  (206.0ms/step avg)
  step 430300/450360  loss=1.8655  lr=0.00055  (206.0ms/step avg)
  Running validation ...
[Epoch 86] lr=0.000545 loss(train_avg)=1.8447 val_top1=38233/50000 (0.7647) val_top5=0.9324 val_loss=1.0087  [1015.8s train, 17.7s val]
saved 54 param-groups to /home/skoonce/r50_2018_jax_2610/resnet50_imagenet_2018_e86.bin (102228128 bytes)
  saved full train state -> /home/skoonce/r50_2018_jax_2610/resnet50_imagenet_2018_e86.state.npz (428 arrays, step=430344)
  step 430400/450360  loss=1.7622  lr=0.00054  (207.0ms/step avg)
  step 430500/450360  loss=1.9691  lr=0.00054  (207.0ms/step avg)
  step 430600/450360  loss=1.9195  lr=0.00053  (207.0ms/step avg)
  step 430700/450360  loss=1.8269  lr=0.00053  (207.0ms/step avg)
  step 430800/450360  loss=1.7567  lr=0.00052  (207.0ms/step avg)
  step 430900/450360  loss=1.9097  lr=0.00052  (207.0ms/step avg)
  step 431000/450360  loss=1.9807  lr=0.00051  (207.0ms/step avg)
  step 431100/450360  loss=1.8345  lr=0.00051  (207.0ms/step avg)
  step 431200/450360  loss=1.8941  lr=0.0005  (207.0ms/step avg)
  step 431300/450360  loss=1.8946  lr=0.00049  (207.0ms/step avg)
  step 431400/450360  loss=1.9037  lr=0.00049  (207.0ms/step avg)
  step 431500/450360  loss=1.9446  lr=0.00048  (207.0ms/step avg)
  step 431600/450360  loss=1.8561  lr=0.00048  (207.0ms/step avg)
  step 431700/450360  loss=1.8523  lr=0.00047  (207.0ms/step avg)
  step 431800/450360  loss=1.8342  lr=0.00047  (207.0ms/step avg)
  step 431900/450360  loss=1.647  lr=0.00046  (207.0ms/step avg)
  step 432000/450360  loss=1.8381  lr=0.00046  (207.0ms/step avg)
  step 432100/450360  loss=1.7394  lr=0.00045  (207.0ms/step avg)
  step 432200/450360  loss=1.9683  lr=0.00045  (206.0ms/step avg)
  step 432300/450360  loss=1.8374  lr=0.00044  (206.0ms/step avg)
  step 432400/450360  loss=1.7863  lr=0.00044  (206.0ms/step avg)
  step 432500/450360  loss=1.8807  lr=0.00043  (206.0ms/step avg)
  step 432600/450360  loss=1.9585  lr=0.00043  (206.0ms/step avg)
  step 432700/450360  loss=1.8801  lr=0.00042  (206.0ms/step avg)
  step 432800/450360  loss=1.8015  lr=0.00042  (206.0ms/step avg)
  step 432900/450360  loss=1.7225  lr=0.00042  (206.0ms/step avg)
  step 433000/450360  loss=1.8781  lr=0.00041  (206.0ms/step avg)
  step 433100/450360  loss=1.7907  lr=0.00041  (206.0ms/step avg)
  step 433200/450360  loss=1.947  lr=0.0004  (206.0ms/step avg)
  step 433300/450360  loss=1.8643  lr=0.0004  (206.0ms/step avg)
  step 433400/450360  loss=1.8817  lr=0.00039  (206.0ms/step avg)
  step 433500/450360  loss=1.9524  lr=0.00039  (206.0ms/step avg)
  step 433600/450360  loss=1.754  lr=0.00038  (206.0ms/step avg)
  step 433700/450360  loss=1.8099  lr=0.00038  (206.0ms/step avg)
  step 433800/450360  loss=1.7271  lr=0.00037  (206.0ms/step avg)
  step 433900/450360  loss=1.7259  lr=0.00037  (206.0ms/step avg)
  step 434000/450360  loss=1.8508  lr=0.00036  (206.0ms/step avg)
  step 434100/450360  loss=1.8224  lr=0.00036  (206.0ms/step avg)
  step 434200/450360  loss=1.7363  lr=0.00036  (206.0ms/step avg)
  step 434300/450360  loss=1.8002  lr=0.00035  (206.0ms/step avg)
  step 434400/450360  loss=1.7935  lr=0.00035  (206.0ms/step avg)
  step 434500/450360  loss=1.7554  lr=0.00034  (206.0ms/step avg)
  step 434600/450360  loss=1.8691  lr=0.00034  (206.0ms/step avg)
  step 434700/450360  loss=1.6863  lr=0.00033  (206.0ms/step avg)
  step 434800/450360  loss=1.7376  lr=0.00033  (206.0ms/step avg)
  step 434900/450360  loss=1.6642  lr=0.00033  (206.0ms/step avg)
  step 435000/450360  loss=1.9574  lr=0.00032  (206.0ms/step avg)
  step 435100/450360  loss=1.8702  lr=0.00032  (206.0ms/step avg)
  step 435200/450360  loss=1.7785  lr=0.00031  (206.0ms/step avg)
  step 435300/450360  loss=1.9883  lr=0.00031  (206.0ms/step avg)
  Running validation ...
[Epoch 87] lr=0.000307 loss(train_avg)=1.8335 val_top1=38407/50000 (0.7681) val_top5=0.9331 val_loss=1.007  [1016.2s train, 17.6s val]
saved 54 param-groups to /home/skoonce/r50_2018_jax_2610/resnet50_imagenet_2018_e87.bin (102228128 bytes)
  saved full train state -> /home/skoonce/r50_2018_jax_2610/resnet50_imagenet_2018_e87.state.npz (428 arrays, step=435348)
  step 435400/450360  loss=1.7077  lr=0.0003  (207.0ms/step avg)
  step 435500/450360  loss=1.7086  lr=0.0003  (207.0ms/step avg)
  step 435600/450360  loss=1.9256  lr=0.0003  (207.0ms/step avg)
  step 435700/450360  loss=1.8422  lr=0.00029  (207.0ms/step avg)
  step 435800/450360  loss=1.7797  lr=0.00029  (207.0ms/step avg)
  step 435900/450360  loss=1.8413  lr=0.00028  (207.0ms/step avg)
  step 436000/450360  loss=1.9475  lr=0.00028  (207.0ms/step avg)
  step 436100/450360  loss=1.8251  lr=0.00028  (207.0ms/step avg)
  step 436200/450360  loss=1.7838  lr=0.00027  (207.0ms/step avg)
  step 436300/450360  loss=1.8517  lr=0.00027  (207.0ms/step avg)
  step 436400/450360  loss=1.7578  lr=0.00027  (207.0ms/step avg)
  step 436500/450360  loss=1.8447  lr=0.00026  (207.0ms/step avg)
  step 436600/450360  loss=1.955  lr=0.00026  (207.0ms/step avg)
  step 436700/450360  loss=1.8093  lr=0.00025  (207.0ms/step avg)
  step 436800/450360  loss=1.6987  lr=0.00025  (207.0ms/step avg)
  step 436900/450360  loss=1.8065  lr=0.00025  (207.0ms/step avg)
  step 437000/450360  loss=1.7517  lr=0.00024  (207.0ms/step avg)
  step 437100/450360  loss=1.883  lr=0.00024  (207.0ms/step avg)
  step 437200/450360  loss=1.8133  lr=0.00024  (207.0ms/step avg)
  step 437300/450360  loss=1.8154  lr=0.00023  (207.0ms/step avg)
  step 437400/450360  loss=1.8681  lr=0.00023  (207.0ms/step avg)
  step 437500/450360  loss=1.8914  lr=0.00023  (206.0ms/step avg)
  step 437600/450360  loss=1.8916  lr=0.00022  (206.0ms/step avg)
  step 437700/450360  loss=1.9326  lr=0.00022  (206.0ms/step avg)
  step 437800/450360  loss=1.7017  lr=0.00022  (206.0ms/step avg)
  step 437900/450360  loss=1.7398  lr=0.00021  (206.0ms/step avg)
  step 438000/450360  loss=2.0916  lr=0.00021  (206.0ms/step avg)
  step 438100/450360  loss=1.888  lr=0.0002  (206.0ms/step avg)
  step 438200/450360  loss=1.6826  lr=0.0002  (206.0ms/step avg)
  step 438300/450360  loss=1.8479  lr=0.0002  (206.0ms/step avg)
  step 438400/450360  loss=1.8806  lr=0.00019  (206.0ms/step avg)
  step 438500/450360  loss=1.7995  lr=0.00019  (206.0ms/step avg)
  step 438600/450360  loss=1.8482  lr=0.00019  (206.0ms/step avg)
  step 438700/450360  loss=1.9222  lr=0.00019  (206.0ms/step avg)
  step 438800/450360  loss=1.8739  lr=0.00018  (206.0ms/step avg)
  step 438900/450360  loss=1.6648  lr=0.00018  (206.0ms/step avg)
  step 439000/450360  loss=1.8104  lr=0.00018  (206.0ms/step avg)
  step 439100/450360  loss=1.8588  lr=0.00017  (206.0ms/step avg)
  step 439200/450360  loss=1.8291  lr=0.00017  (206.0ms/step avg)
  step 439300/450360  loss=1.7777  lr=0.00017  (206.0ms/step avg)
  step 439400/450360  loss=1.7846  lr=0.00016  (206.0ms/step avg)
  step 439500/450360  loss=1.7188  lr=0.00016  (206.0ms/step avg)
  step 439600/450360  loss=1.8346  lr=0.00016  (206.0ms/step avg)
  step 439700/450360  loss=1.9207  lr=0.00015  (206.0ms/step avg)
  step 439800/450360  loss=1.7889  lr=0.00015  (206.0ms/step avg)
  step 439900/450360  loss=1.7409  lr=0.00015  (206.0ms/step avg)
  step 440000/450360  loss=1.9772  lr=0.00015  (206.0ms/step avg)
  step 440100/450360  loss=1.7894  lr=0.00014  (206.0ms/step avg)
  step 440200/450360  loss=1.8172  lr=0.00014  (206.0ms/step avg)
  step 440300/450360  loss=1.7878  lr=0.00014  (206.0ms/step avg)
  Running validation ...
[Epoch 88] lr=0.000137 loss(train_avg)=1.8227 val_top1=38359/50000 (0.7672) val_top5=0.9329 val_loss=1.0089  [1015.4s train, 17.7s val]
saved 54 param-groups to /home/skoonce/r50_2018_jax_2610/resnet50_imagenet_2018_e88.bin (102228128 bytes)
  saved full train state -> /home/skoonce/r50_2018_jax_2610/resnet50_imagenet_2018_e88.state.npz (428 arrays, step=440352)
  step 440400/450360  loss=1.9308  lr=0.00014  (207.0ms/step avg)
  step 440500/450360  loss=1.9438  lr=0.00013  (207.0ms/step avg)
  step 440600/450360  loss=1.7924  lr=0.00013  (207.0ms/step avg)
  step 440700/450360  loss=1.7623  lr=0.00013  (207.0ms/step avg)
  step 440800/450360  loss=1.7125  lr=0.00012  (207.0ms/step avg)
  step 440900/450360  loss=1.6837  lr=0.00012  (207.0ms/step avg)
  step 441000/450360  loss=1.8322  lr=0.00012  (207.0ms/step avg)
  step 441100/450360  loss=1.7913  lr=0.00012  (207.0ms/step avg)
  step 441200/450360  loss=1.8684  lr=0.00011  (207.0ms/step avg)
  step 441300/450360  loss=1.8488  lr=0.00011  (207.0ms/step avg)
  step 441400/450360  loss=1.8873  lr=0.00011  (207.0ms/step avg)
  step 441500/450360  loss=1.6719  lr=0.00011  (207.0ms/step avg)
  step 441600/450360  loss=1.9094  lr=0.0001  (207.0ms/step avg)
  step 441700/450360  loss=1.848  lr=0.0001  (207.0ms/step avg)
  step 441800/450360  loss=1.7486  lr=0.0001  (207.0ms/step avg)
  step 441900/450360  loss=1.6972  lr=0.0001  (207.0ms/step avg)
  step 442000/450360  loss=1.8694  lr=0.0001  (207.0ms/step avg)
  step 442100/450360  loss=1.7432  lr=9e-05  (207.0ms/step avg)
  step 442200/450360  loss=1.9112  lr=9e-05  (207.0ms/step avg)
  step 442300/450360  loss=1.819  lr=9e-05  (207.0ms/step avg)
  step 442400/450360  loss=1.7672  lr=9e-05  (207.0ms/step avg)
  step 442500/450360  loss=1.7029  lr=8e-05  (206.0ms/step avg)
  step 442600/450360  loss=1.7655  lr=8e-05  (206.0ms/step avg)
  step 442700/450360  loss=1.7243  lr=8e-05  (206.0ms/step avg)
  step 442800/450360  loss=1.9017  lr=8e-05  (206.0ms/step avg)
  step 442900/450360  loss=1.7459  lr=8e-05  (206.0ms/step avg)
  step 443000/450360  loss=1.8606  lr=7e-05  (206.0ms/step avg)
  step 443100/450360  loss=1.9288  lr=7e-05  (206.0ms/step avg)
  step 443200/450360  loss=1.7774  lr=7e-05  (206.0ms/step avg)
  step 443300/450360  loss=1.9404  lr=7e-05  (206.0ms/step avg)
  step 443400/450360  loss=1.6674  lr=7e-05  (206.0ms/step avg)
  step 443500/450360  loss=1.8118  lr=6e-05  (206.0ms/step avg)
  step 443600/450360  loss=1.7686  lr=6e-05  (206.0ms/step avg)
  step 443700/450360  loss=1.7824  lr=6e-05  (206.0ms/step avg)
  step 443800/450360  loss=1.8076  lr=6e-05  (206.0ms/step avg)
  step 443900/450360  loss=1.6212  lr=6e-05  (206.0ms/step avg)
  step 444000/450360  loss=1.8102  lr=6e-05  (206.0ms/step avg)
  step 444100/450360  loss=1.7408  lr=5e-05  (206.0ms/step avg)
  step 444200/450360  loss=1.7983  lr=5e-05  (206.0ms/step avg)
  step 444300/450360  loss=1.8364  lr=5e-05  (206.0ms/step avg)
  step 444400/450360  loss=1.8405  lr=5e-05  (206.0ms/step avg)
  step 444500/450360  loss=1.6831  lr=5e-05  (206.0ms/step avg)
  step 444600/450360  loss=1.7608  lr=5e-05  (206.0ms/step avg)
  step 444700/450360  loss=1.8011  lr=4e-05  (206.0ms/step avg)
  step 444800/450360  loss=1.7616  lr=4e-05  (206.0ms/step avg)
  step 444900/450360  loss=1.7658  lr=4e-05  (206.0ms/step avg)
  step 445000/450360  loss=1.7578  lr=4e-05  (206.0ms/step avg)
  step 445100/450360  loss=1.7395  lr=4e-05  (206.0ms/step avg)
  step 445200/450360  loss=1.7478  lr=4e-05  (206.0ms/step avg)
  step 445300/450360  loss=1.8455  lr=3e-05  (206.0ms/step avg)
  Running validation ...
[Epoch 89] lr=3.4e-05 loss(train_avg)=1.8159 val_top1=38392/50000 (0.7678) val_top5=0.9333 val_loss=0.9992  [1015.2s train, 17.7s val]
saved 54 param-groups to /home/skoonce/r50_2018_jax_2610/resnet50_imagenet_2018_e89.bin (102228128 bytes)
  saved full train state -> /home/skoonce/r50_2018_jax_2610/resnet50_imagenet_2018_e89.state.npz (428 arrays, step=445356)
  step 445400/450360  loss=1.8598  lr=3e-05  (207.0ms/step avg)
  step 445500/450360  loss=1.8476  lr=3e-05  (207.0ms/step avg)
  step 445600/450360  loss=1.824  lr=3e-05  (207.0ms/step avg)
  step 445700/450360  loss=1.8549  lr=3e-05  (207.0ms/step avg)
  step 445800/450360  loss=1.881  lr=3e-05  (207.0ms/step avg)
  step 445900/450360  loss=1.8855  lr=3e-05  (207.0ms/step avg)
  step 446000/450360  loss=1.8557  lr=3e-05  (207.0ms/step avg)
  step 446100/450360  loss=1.9389  lr=2e-05  (207.0ms/step avg)
  step 446200/450360  loss=1.8283  lr=2e-05  (207.0ms/step avg)
  step 446300/450360  loss=1.6626  lr=2e-05  (207.0ms/step avg)
  step 446400/450360  loss=1.8541  lr=2e-05  (207.0ms/step avg)
  step 446500/450360  loss=1.8138  lr=2e-05  (207.0ms/step avg)
  step 446600/450360  loss=1.8663  lr=2e-05  (207.0ms/step avg)
  step 446700/450360  loss=1.8268  lr=2e-05  (207.0ms/step avg)
  step 446800/450360  loss=1.8422  lr=2e-05  (207.0ms/step avg)
  step 446900/450360  loss=1.9244  lr=2e-05  (207.0ms/step avg)
  step 447000/450360  loss=1.8483  lr=2e-05  (207.0ms/step avg)
  step 447100/450360  loss=1.8245  lr=1e-05  (207.0ms/step avg)
  step 447200/450360  loss=1.8814  lr=1e-05  (207.0ms/step avg)
  step 447300/450360  loss=1.8103  lr=1e-05  (207.0ms/step avg)
  step 447400/450360  loss=1.7533  lr=1e-05  (207.0ms/step avg)
  step 447500/450360  loss=1.8051  lr=1e-05  (206.0ms/step avg)
  step 447600/450360  loss=1.6739  lr=1e-05  (206.0ms/step avg)
  step 447700/450360  loss=1.8605  lr=1e-05  (206.0ms/step avg)
  step 447800/450360  loss=1.7775  lr=1e-05  (206.0ms/step avg)
  step 447900/450360  loss=1.8  lr=1e-05  (206.0ms/step avg)
  step 448000/450360  loss=1.7013  lr=1e-05  (206.0ms/step avg)
  step 448100/450360  loss=1.7131  lr=1e-05  (206.0ms/step avg)
  step 448200/450360  loss=1.7759  lr=1e-05  (206.0ms/step avg)
  step 448300/450360  loss=1.7299  lr=1e-05  (206.0ms/step avg)
  step 448400/450360  loss=1.9407  lr=1e-05  (206.0ms/step avg)
  step 448500/450360  loss=1.764  lr=0.0  (206.0ms/step avg)
  step 448600/450360  loss=1.7655  lr=0.0  (206.0ms/step avg)
  step 448700/450360  loss=1.8853  lr=0.0  (206.0ms/step avg)
  step 448800/450360  loss=2.0514  lr=0.0  (206.0ms/step avg)
  step 448900/450360  loss=1.8046  lr=0.0  (206.0ms/step avg)
  step 449000/450360  loss=1.8463  lr=0.0  (206.0ms/step avg)
  step 449100/450360  loss=1.6954  lr=0.0  (206.0ms/step avg)
  step 449200/450360  loss=1.8224  lr=0.0  (206.0ms/step avg)
  step 449300/450360  loss=1.7724  lr=0.0  (206.0ms/step avg)
  step 449400/450360  loss=1.742  lr=0.0  (206.0ms/step avg)
  step 449500/450360  loss=1.665  lr=0.0  (206.0ms/step avg)
  step 449600/450360  loss=1.8197  lr=0.0  (206.0ms/step avg)
  step 449700/450360  loss=1.7138  lr=0.0  (206.0ms/step avg)
  step 449800/450360  loss=1.8762  lr=0.0  (206.0ms/step avg)
  step 449900/450360  loss=1.75  lr=0.0  (206.0ms/step avg)
  step 450000/450360  loss=1.9468  lr=0.0  (206.0ms/step avg)
  step 450100/450360  loss=1.7626  lr=0.0  (206.0ms/step avg)
  step 450200/450360  loss=1.9117  lr=0.0  (206.0ms/step avg)
  step 450300/450360  loss=1.7339  lr=0.0  (206.0ms/step avg)
  Running validation ...
[Epoch 90] lr=0.0 loss(train_avg)=1.8131 val_top1=38398/50000 (0.768) val_top5=0.9336 val_loss=1.0001  [1015.0s train, 17.9s val]
saved 54 param-groups to /home/skoonce/r50_2018_jax_2610/resnet50_imagenet_2018_e90.bin (102228128 bytes)
  saved full train state -> /home/skoonce/r50_2018_jax_2610/resnet50_imagenet_2018_e90.state.npz (428 arrays, step=450360)
saved 54 param-groups to /home/skoonce/r50_2018_jax_2610/resnet50_imagenet_2018.bin (102228128 bytes)
  saved full train state -> /home/skoonce/r50_2018_jax_2610/resnet50_imagenet_2018.state.npz (428 arrays, step=450360)

Done. Total time: 93007.1s
