2026-09-17 04:05:01 [pjrt_ffi] RESIDENT: @convnextin_adamdpwxclipdropbf16_train_step holds 546 parameter tensors (327.2 MB) on 4 devices; they stop crossing PCIe from here
2026-09-17 04:05:04   ▸ SHIM RESPAWN: one producer every 10 epoch(s), round-robin over 4 — no loader lives past 40 epochs.
2026-09-17 04:05:04   step 0/5004: loss=7.370423
2026-09-17 04:05:04   step 1/5004: loss=7.369489
2026-09-17 04:05:04   step 2/5004: loss=7.362888
2026-09-17 04:05:26   step 100/5004: loss=7.280829
2026-09-17 04:05:49   step 200/5004: loss=7.303651
2026-09-17 04:06:11   step 300/5004: loss=7.273100
2026-09-17 04:06:34   step 400/5004: loss=7.324256
2026-09-17 04:06:57   step 500/5004: loss=7.350042
2026-09-17 04:07:19   step 600/5004: loss=7.224670
2026-09-17 04:07:42   step 700/5004: loss=7.045177
2026-09-17 04:08:04   step 800/5004: loss=7.170749
2026-09-17 04:08:27   step 900/5004: loss=7.280087
2026-09-17 04:08:49   step 1000/5004: loss=7.156620
2026-09-17 04:09:11   step 1100/5004: loss=7.137424
2026-09-17 04:09:33   step 1200/5004: loss=7.109892
2026-09-17 04:09:55   step 1300/5004: loss=7.064216
2026-09-17 04:10:17   step 1400/5004: loss=7.078242
2026-09-17 04:10:39   step 1500/5004: loss=6.855132
2026-09-17 04:11:01   step 1600/5004: loss=6.951263
2026-09-17 04:11:24   step 1700/5004: loss=6.985007
2026-09-17 04:11:46   step 1800/5004: loss=6.887939
2026-09-17 04:12:08   step 1900/5004: loss=6.903456
2026-09-17 04:12:31   step 2000/5004: loss=6.932481
2026-09-17 04:12:53   step 2100/5004: loss=6.938325
2026-09-17 04:13:16   step 2200/5004: loss=6.994341
2026-09-17 04:13:38   step 2300/5004: loss=6.933364
2026-09-17 04:14:01   step 2400/5004: loss=6.924187
2026-09-17 04:14:24   step 2500/5004: loss=6.947131
2026-09-17 04:14:46   step 2600/5004: loss=6.952240
2026-09-17 04:15:09   step 2700/5004: loss=6.904543
2026-09-17 04:15:31   step 2800/5004: loss=6.880698
2026-09-17 04:15:54   step 2900/5004: loss=6.890462
2026-09-17 04:16:17   step 3000/5004: loss=6.863672
2026-09-17 04:16:39   step 3100/5004: loss=6.854840
2026-09-17 04:17:01   step 3200/5004: loss=6.867633
2026-09-17 04:17:24   step 3300/5004: loss=6.930145
2026-09-17 04:17:46   step 3400/5004: loss=6.813937
2026-09-17 04:18:09   step 3500/5004: loss=6.931196
2026-09-17 04:18:32   step 3600/5004: loss=6.821282
2026-09-17 04:18:55   step 3700/5004: loss=6.916671
2026-09-17 04:19:18   step 3800/5004: loss=6.896214
2026-09-17 04:19:40   step 3900/5004: loss=6.909181
2026-09-17 04:20:03   step 4000/5004: loss=6.868364
2026-09-17 04:20:26   step 4100/5004: loss=6.895985
2026-09-17 04:20:48   step 4200/5004: loss=6.831061
2026-09-17 04:21:11   step 4300/5004: loss=6.880836
2026-09-17 04:21:33   step 4400/5004: loss=6.885040
2026-09-17 04:21:56   step 4500/5004: loss=6.863479
2026-09-17 04:22:18   step 4600/5004: loss=6.891374
2026-09-17 04:22:40   step 4700/5004: loss=6.985977
2026-09-17 04:23:03   step 4800/5004: loss=6.891130
2026-09-17 04:23:25   step 4900/5004: loss=6.887802
2026-09-17 04:23:48   step 5000/5004: loss=6.870165
2026-09-17 04:23:49 [pjrt_ffi] RESIDENT: @convnextin_fwd holds 182 parameter tensors (109.1 MB) on 1 device; they stop crossing PCIe from here
2026-09-17 04:25:33 Epoch 1/300: loss=7.000162 lr=0.000013
2026-09-17 04:25:33   epoch 1: test_acc = 253/50000 = 0.506000%  top5 = 1099/50000 = 2.198000%  [95% CI 0.45–0.57]
2026-09-17 04:25:33   step 0/5004: loss=6.929111
2026-09-17 04:25:33   step 1/5004: loss=6.921187
2026-09-17 04:25:34   step 2/5004: loss=6.845026
2026-09-17 04:27:08   ▸ resuming from checkpoint at epoch 1
2026-09-17 04:27:26 [pjrt_ffi] RESIDENT: @convnextin_adamdpwxclipdropbf16_train_step holds 546 parameter tensors (327.2 MB) on 4 devices; they stop crossing PCIe from here
2026-09-17 04:27:29   ▸ SHIM RESPAWN: one producer every 10 epoch(s), round-robin over 4 — no loader lives past 40 epochs.
2026-09-17 04:27:29   step 0/5004: loss=6.874997
2026-09-17 04:27:29   step 1/5004: loss=6.880845
2026-09-17 04:27:29   step 2/5004: loss=6.831951
2026-09-17 04:27:51   step 100/5004: loss=6.853177
2026-09-17 04:28:14   step 200/5004: loss=6.920063
2026-09-17 04:28:36   step 300/5004: loss=6.904537
2026-09-17 04:28:59   step 400/5004: loss=6.881836
2026-09-17 04:29:22   step 500/5004: loss=6.890711
2026-09-17 04:29:44   step 600/5004: loss=6.835747
2026-09-17 04:30:06   step 700/5004: loss=6.858743
2026-09-17 04:30:29   step 800/5004: loss=6.849773
2026-09-17 04:30:51   step 900/5004: loss=6.890842
2026-09-17 04:31:13   step 1000/5004: loss=6.886522
2026-09-17 04:31:36   step 1100/5004: loss=6.821736
2026-09-17 04:31:58   step 1200/5004: loss=6.964911
2026-09-17 04:32:20   step 1300/5004: loss=6.953500
2026-09-17 04:32:43   step 1400/5004: loss=6.872738
2026-09-17 04:33:05   step 1500/5004: loss=6.829679
2026-09-17 04:33:28   step 1600/5004: loss=6.881200
2026-09-17 04:33:50   step 1700/5004: loss=6.907840
2026-09-17 04:34:12   step 1800/5004: loss=6.810763
2026-09-17 04:34:34   step 1900/5004: loss=6.894632
2026-09-17 04:34:57   step 2000/5004: loss=6.859120
2026-09-17 04:35:19   step 2100/5004: loss=6.907231
2026-09-17 04:35:41   step 2200/5004: loss=6.844670
2026-09-17 04:36:04   step 2300/5004: loss=6.893492
2026-09-17 04:36:26   step 2400/5004: loss=6.820334
2026-09-17 04:36:48   step 2500/5004: loss=6.893598
2026-09-17 04:37:10   step 2600/5004: loss=6.843198
2026-09-17 04:37:32   step 2700/5004: loss=6.921475
2026-09-17 04:37:55   step 2800/5004: loss=6.912318
2026-09-17 04:38:17   step 2900/5004: loss=6.867286
2026-09-17 04:38:39   step 3000/5004: loss=6.885735
2026-09-17 04:39:02   step 3100/5004: loss=6.846599
2026-09-17 04:39:24   step 3200/5004: loss=6.833813
2026-09-17 04:39:46   step 3300/5004: loss=6.879852
2026-09-17 04:40:09   step 3400/5004: loss=6.760485
2026-09-17 04:40:31   step 3500/5004: loss=6.883670
2026-09-17 04:40:53   step 3600/5004: loss=6.785641
2026-09-17 04:41:16   step 3700/5004: loss=6.886690
2026-09-17 04:41:38   step 3800/5004: loss=6.908041
2026-09-17 04:42:00   step 3900/5004: loss=6.857817
2026-09-17 04:42:22   step 4000/5004: loss=6.852276
2026-09-17 04:42:45   step 4100/5004: loss=6.875661
2026-09-17 04:43:07   step 4200/5004: loss=6.887551
2026-09-17 04:43:29   step 4300/5004: loss=6.895428
2026-09-17 04:43:52   step 4400/5004: loss=6.900478
2026-09-17 04:44:14   step 4500/5004: loss=6.836105
2026-09-17 04:44:37   step 4600/5004: loss=6.827663
2026-09-17 04:44:59   step 4700/5004: loss=6.855137
2026-09-17 04:45:21   step 4800/5004: loss=6.856695
2026-09-17 04:45:44   step 4900/5004: loss=6.870233
2026-09-17 04:46:06   step 5000/5004: loss=6.791213
2026-09-17 04:46:07 [pjrt_ffi] RESIDENT: @convnextin_fwd holds 182 parameter tensors (109.1 MB) on 1 device; they stop crossing PCIe from here
2026-09-17 04:48:10 Epoch 2/300: loss=6.867127 lr=0.000025
2026-09-17 04:48:10   epoch 2: test_acc = 303/50000 = 0.606000%  top5 = 1287/50000 = 2.574000%  [95% CI 0.54–0.68]
2026-09-17 04:48:10   step 0/5004: loss=6.851874
2026-09-17 04:48:10   step 1/5004: loss=6.867495
2026-09-17 04:48:11   step 2/5004: loss=6.925776
2026-09-17 04:48:32   step 100/5004: loss=6.821613
2026-09-17 04:48:55   step 200/5004: loss=6.879312
2026-09-17 04:49:17   step 300/5004: loss=6.889141
2026-09-17 04:49:40   step 400/5004: loss=6.750873
2026-09-17 04:50:03   step 500/5004: loss=6.874992
2026-09-17 04:50:25   step 600/5004: loss=6.746712
2026-09-17 04:50:48   step 700/5004: loss=6.884385
2026-09-17 04:51:10   step 800/5004: loss=6.899433
2026-09-17 04:51:33   step 900/5004: loss=6.854237
2026-09-17 04:51:55   step 1000/5004: loss=6.757080
2026-09-17 04:52:18   step 1100/5004: loss=6.840177
2026-09-17 04:52:40   step 1200/5004: loss=6.795300
2026-09-17 04:53:03   step 1300/5004: loss=6.860143
2026-09-17 04:53:26   step 1400/5004: loss=6.857822
2026-09-17 04:53:48   step 1500/5004: loss=6.873724
2026-09-17 04:54:11   step 1600/5004: loss=6.842445
2026-09-17 04:54:33   step 1700/5004: loss=6.806334
2026-09-17 04:54:55   step 1800/5004: loss=6.889853
2026-09-17 04:55:18   step 1900/5004: loss=6.907318
2026-09-17 04:55:40   step 2000/5004: loss=6.780800
2026-09-17 04:56:02   step 2100/5004: loss=6.863309
2026-09-17 04:56:25   step 2200/5004: loss=6.810258
2026-09-17 04:56:47   step 2300/5004: loss=6.846222
2026-09-17 04:57:09   step 2400/5004: loss=6.927581
2026-09-17 04:57:31   step 2500/5004: loss=6.748260
2026-09-17 04:57:54   step 2600/5004: loss=6.872085
2026-09-17 04:58:16   step 2700/5004: loss=6.852122
2026-09-17 04:58:39   step 2800/5004: loss=6.864714
2026-09-17 04:59:01   step 2900/5004: loss=6.766463
2026-09-17 04:59:23   step 3000/5004: loss=6.782210
2026-09-17 04:59:46   step 3100/5004: loss=6.813618
2026-09-17 05:00:08   step 3200/5004: loss=6.747559
2026-09-17 05:00:31   step 3300/5004: loss=6.808196
2026-09-17 05:00:53   step 3400/5004: loss=6.890960
2026-09-17 05:01:15   step 3500/5004: loss=6.753255
2026-09-17 05:01:37   step 3600/5004: loss=6.821701
2026-09-17 05:01:59   step 3700/5004: loss=6.735119
2026-09-17 05:02:21   step 3800/5004: loss=6.793089
2026-09-17 05:02:44   step 3900/5004: loss=6.802478
2026-09-17 05:03:06   step 4000/5004: loss=6.817735
2026-09-17 05:03:29   step 4100/5004: loss=6.777455
2026-09-17 05:03:51   step 4200/5004: loss=6.758550
2026-09-17 05:04:13   step 4300/5004: loss=6.766922
2026-09-17 05:04:36   step 4400/5004: loss=6.875625
2026-09-17 05:04:58   step 4500/5004: loss=6.682683
2026-09-17 05:05:21   step 4600/5004: loss=6.786434
2026-09-17 05:05:43   step 4700/5004: loss=6.773047
2026-09-17 05:06:05   step 4800/5004: loss=6.817290
2026-09-17 05:06:27   step 4900/5004: loss=6.668892
2026-09-17 05:06:49   step 5000/5004: loss=6.760080
2026-09-17 05:06:50 [pjrt_ffi] RESIDENT: @convnextin_fwd holds 182 parameter tensors (109.1 MB) on 1 device; they stop crossing PCIe from here
2026-09-17 05:08:34 Epoch 3/300: loss=6.824517 lr=0.000038
2026-09-17 05:08:34   epoch 3: test_acc = 705/50000 = 1.410000%  top5 = 2615/50000 = 5.230000%  [95% CI 1.31–1.52]
2026-09-17 05:08:35   step 0/5004: loss=6.731133
2026-09-17 05:08:35   step 1/5004: loss=6.763635
2026-09-17 05:08:35   step 2/5004: loss=6.752426
2026-09-17 05:08:57   step 100/5004: loss=6.904922
2026-09-17 05:09:19   step 200/5004: loss=6.809596
2026-09-17 05:09:41   step 300/5004: loss=6.808056
2026-09-17 05:10:04   step 400/5004: loss=6.707786
2026-09-17 05:10:26   step 500/5004: loss=6.845004
2026-09-17 05:10:49   step 600/5004: loss=6.672799
2026-09-17 05:11:12   step 700/5004: loss=6.655416
2026-09-17 05:11:34   step 800/5004: loss=6.755976
2026-09-17 05:11:57   step 900/5004: loss=6.808287
2026-09-17 05:12:19   step 1000/5004: loss=6.720551
2026-09-17 05:12:42   step 1100/5004: loss=6.755740
2026-09-17 05:13:05   step 1200/5004: loss=6.687054
2026-09-17 05:13:27   step 1300/5004: loss=6.759099
2026-09-17 05:13:50   step 1400/5004: loss=6.777539
2026-09-17 05:14:12   step 1500/5004: loss=6.635946
2026-09-17 05:14:35   step 1600/5004: loss=6.781542
2026-09-17 05:14:57   step 1700/5004: loss=6.736418
2026-09-17 05:15:20   step 1800/5004: loss=6.755489
2026-09-17 05:15:42   step 1900/5004: loss=6.684904
2026-09-17 05:16:04   step 2000/5004: loss=6.759759
2026-09-17 05:16:26   step 2100/5004: loss=6.861034
2026-09-17 05:16:49   step 2200/5004: loss=6.738685
2026-09-17 05:17:11   step 2300/5004: loss=6.758306
2026-09-17 05:17:34   step 2400/5004: loss=6.692403
2026-09-17 05:17:56   step 2500/5004: loss=6.772660
2026-09-17 05:18:18   step 2600/5004: loss=6.582506
2026-09-17 05:18:40   step 2700/5004: loss=6.663609
2026-09-17 05:19:02   step 2800/5004: loss=6.460355
2026-09-17 05:19:24   step 2900/5004: loss=6.729211
2026-09-17 05:19:46   step 3000/5004: loss=6.506710
2026-09-17 05:20:08   step 3100/5004: loss=6.694067
2026-09-17 05:20:31   step 3200/5004: loss=6.680995
2026-09-17 05:20:53   step 3300/5004: loss=6.759539
2026-09-17 05:21:16   step 3400/5004: loss=6.615794
2026-09-17 05:21:38   step 3500/5004: loss=6.760263
2026-09-17 05:22:01   step 3600/5004: loss=6.623281
2026-09-17 05:22:23   step 3700/5004: loss=6.748157
2026-09-17 05:22:46   step 3800/5004: loss=6.700287
2026-09-17 05:23:08   step 3900/5004: loss=6.796701
2026-09-17 05:23:31   step 4000/5004: loss=6.725499
2026-09-17 05:23:53   step 4100/5004: loss=6.636889
2026-09-17 05:24:16   step 4200/5004: loss=6.699778
2026-09-17 05:24:38   step 4300/5004: loss=6.687078
2026-09-17 05:25:01   step 4400/5004: loss=6.562938
2026-09-17 05:25:23   step 4500/5004: loss=6.772324
2026-09-17 05:25:46   step 4600/5004: loss=6.775813
2026-09-17 05:26:08   step 4700/5004: loss=6.757271
2026-09-17 05:26:31   step 4800/5004: loss=6.471264
2026-09-17 05:26:53   step 4900/5004: loss=6.674936
2026-09-17 05:27:16   step 5000/5004: loss=6.544035
2026-09-17 05:27:17 [pjrt_ffi] RESIDENT: @convnextin_fwd holds 182 parameter tensors (109.1 MB) on 1 device; they stop crossing PCIe from here
2026-09-17 05:28:58 Epoch 4/300: loss=6.706240 lr=0.000050
2026-09-17 05:28:58   epoch 4: test_acc = 1409/50000 = 2.818000%  top5 = 4457/50000 = 8.914000%  [95% CI 2.68–2.97]
2026-09-17 05:28:58   step 0/5004: loss=6.496832
2026-09-17 05:28:58   step 1/5004: loss=6.711829
2026-09-17 05:28:58   step 2/5004: loss=6.780737
2026-09-17 05:29:21   step 100/5004: loss=6.279125
2026-09-17 05:29:43   step 200/5004: loss=6.742361
2026-09-17 05:30:05   step 300/5004: loss=6.670199
2026-09-17 05:30:27   step 400/5004: loss=6.819199
2026-09-17 05:30:50   step 500/5004: loss=6.612355
2026-09-17 05:31:12   step 600/5004: loss=6.826876
2026-09-17 05:31:35   step 700/5004: loss=6.577838
2026-09-17 05:31:57   step 800/5004: loss=6.580311
2026-09-17 05:32:20   step 900/5004: loss=6.676512
2026-09-17 05:32:42   step 1000/5004: loss=6.636003
2026-09-17 05:33:05   step 1100/5004: loss=6.631219
2026-09-17 05:33:28   step 1200/5004: loss=6.527038
2026-09-17 05:33:50   step 1300/5004: loss=6.481898
2026-09-17 05:34:13   step 1400/5004: loss=6.695424
2026-09-17 05:34:35   step 1500/5004: loss=6.709467
2026-09-17 05:34:58   step 1600/5004: loss=6.465641
2026-09-17 05:35:20   step 1700/5004: loss=6.689334
2026-09-17 05:35:43   step 1800/5004: loss=6.533685
2026-09-17 05:36:06   step 1900/5004: loss=6.656196
2026-09-17 05:36:28   step 2000/5004: loss=6.659391
2026-09-17 05:36:50   step 2100/5004: loss=6.605894
2026-09-17 05:37:12   step 2200/5004: loss=6.593957
2026-09-17 05:37:35   step 2300/5004: loss=6.659387
2026-09-17 05:37:57   step 2400/5004: loss=6.519230
2026-09-17 05:38:19   step 2500/5004: loss=6.671950
2026-09-17 05:38:42   step 2600/5004: loss=6.641031
2026-09-17 05:39:04   step 2700/5004: loss=6.408630
2026-09-17 05:39:26   step 2800/5004: loss=6.650035
2026-09-17 05:39:48   step 2900/5004: loss=6.400280
2026-09-17 05:40:11   step 3000/5004: loss=6.594714
2026-09-17 05:40:33   step 3100/5004: loss=6.670409
2026-09-17 05:40:55   step 3200/5004: loss=6.606977
2026-09-17 05:41:17   step 3300/5004: loss=6.582649
2026-09-17 05:41:40   step 3400/5004: loss=6.757009
2026-09-17 05:42:02   step 3500/5004: loss=6.533398
2026-09-17 05:42:24   step 3600/5004: loss=6.571737
2026-09-17 05:42:47   step 3700/5004: loss=6.466975
2026-09-17 05:43:09   step 3800/5004: loss=6.530406
2026-09-17 05:43:32   step 3900/5004: loss=6.425650
2026-09-17 05:43:54   step 4000/5004: loss=6.584097
2026-09-17 05:44:17   step 4100/5004: loss=6.862489
2026-09-17 05:44:39   step 4200/5004: loss=6.649259
2026-09-17 05:45:02   step 4300/5004: loss=6.602462
2026-09-17 05:45:24   step 4400/5004: loss=6.530807
2026-09-17 05:45:47   step 4500/5004: loss=6.654716
2026-09-17 05:46:09   step 4600/5004: loss=6.404003
2026-09-17 05:46:31   step 4700/5004: loss=6.500010
2026-09-17 05:46:53   step 4800/5004: loss=6.493739
2026-09-17 05:47:16   step 4900/5004: loss=6.667298
2026-09-17 05:47:38   step 5000/5004: loss=6.343825
2026-09-17 05:47:39 [pjrt_ffi] RESIDENT: @convnextin_fwd holds 182 parameter tensors (109.1 MB) on 1 device; they stop crossing PCIe from here
2026-09-17 05:49:20 Epoch 5/300: loss=6.584476 lr=0.000063
2026-09-17 05:49:20   epoch 5: test_acc = 2554/50000 = 5.108000%  top5 = 7575/50000 = 15.150000%  [95% CI 4.92–5.30]
2026-09-17 05:49:21   step 0/5004: loss=6.364005
2026-09-17 05:49:21   step 1/5004: loss=6.643594
2026-09-17 05:49:21   step 2/5004: loss=6.299999
2026-09-17 05:49:43   step 100/5004: loss=6.656537
2026-09-17 05:50:05   step 200/5004: loss=6.679893
2026-09-17 05:50:28   step 300/5004: loss=6.572922
2026-09-17 05:50:50   step 400/5004: loss=6.365654
2026-09-17 05:51:12   step 500/5004: loss=6.646001
2026-09-17 05:51:34   step 600/5004: loss=6.050456
2026-09-17 05:51:57   step 700/5004: loss=6.691678
2026-09-17 05:52:19   step 800/5004: loss=6.532291
2026-09-17 05:52:42   step 900/5004: loss=6.570343
2026-09-17 05:53:04   step 1000/5004: loss=6.737674
2026-09-17 05:53:27   step 1100/5004: loss=6.403930
2026-09-17 05:53:49   step 1200/5004: loss=6.489003
2026-09-17 05:54:12   step 1300/5004: loss=6.123831
2026-09-17 05:54:34   step 1400/5004: loss=6.413225
2026-09-17 05:54:57   step 1500/5004: loss=6.378145
2026-09-17 05:55:19   step 1600/5004: loss=6.144496
2026-09-17 05:55:42   step 1700/5004: loss=6.202027
2026-09-17 05:56:04   step 1800/5004: loss=6.690174
2026-09-17 05:56:27   step 1900/5004: loss=6.377873
2026-09-17 05:56:49   step 2000/5004: loss=6.551881
2026-09-17 05:57:11   step 2100/5004: loss=6.691316
2026-09-17 05:57:33   step 2200/5004: loss=6.635548
2026-09-17 05:57:55   step 2300/5004: loss=6.584427
2026-09-17 05:58:18   step 2400/5004: loss=6.211316
2026-09-17 05:58:40   step 2500/5004: loss=6.755847
2026-09-17 05:59:02   step 2600/5004: loss=6.336039
2026-09-17 05:59:24   step 2700/5004: loss=6.643382
2026-09-17 05:59:46   step 2800/5004: loss=6.574081
2026-09-17 06:00:08   step 2900/5004: loss=6.649253
2026-09-17 06:00:30   step 3000/5004: loss=6.190519
2026-09-17 06:00:52   step 3100/5004: loss=6.430350
2026-09-17 06:01:14   step 3200/5004: loss=6.375226
2026-09-17 06:01:37   step 3300/5004: loss=6.564036
2026-09-17 06:01:59   step 3400/5004: loss=6.156884
2026-09-17 06:02:21   step 3500/5004: loss=6.351227
2026-09-17 06:02:44   step 3600/5004: loss=6.161171
2026-09-17 06:03:06   step 3700/5004: loss=6.477773
2026-09-17 06:03:29   step 3800/5004: loss=6.371070
2026-09-17 06:03:51   step 3900/5004: loss=6.519893
2026-09-17 06:04:13   step 4000/5004: loss=6.436258
2026-09-17 06:04:36   step 4100/5004: loss=6.586836
2026-09-17 06:04:58   step 4200/5004: loss=6.391855
2026-09-17 06:05:21   step 4300/5004: loss=6.454167
2026-09-17 06:05:43   step 4400/5004: loss=6.671531
2026-09-17 06:06:05   step 4500/5004: loss=6.412185
2026-09-17 06:06:28   step 4600/5004: loss=6.327399
2026-09-17 06:06:50   step 4700/5004: loss=6.423980
2026-09-17 06:07:12   step 4800/5004: loss=6.092042
2026-09-17 06:07:35   step 4900/5004: loss=6.465848
2026-09-17 06:07:57   step 5000/5004: loss=6.419104
2026-09-17 06:07:58 [pjrt_ffi] RESIDENT: @convnextin_fwd holds 182 parameter tensors (109.1 MB) on 1 device; they stop crossing PCIe from here
2026-09-17 06:09:39 Epoch 6/300: loss=6.429606 lr=0.000075
2026-09-17 06:09:39   epoch 6: test_acc = 4173/50000 = 8.346000%  top5 = 11103/50000 = 22.206000%  [95% CI 8.11–8.59]
2026-09-17 06:09:39   step 0/5004: loss=6.454148
2026-09-17 06:09:40   step 1/5004: loss=6.515129
2026-09-17 06:09:40   step 2/5004: loss=6.577522
2026-09-17 06:10:02   step 100/5004: loss=6.449596
2026-09-17 06:10:24   step 200/5004: loss=6.227914
2026-09-17 06:10:47   step 300/5004: loss=6.140049
2026-09-17 06:11:09   step 400/5004: loss=6.562491
2026-09-17 06:11:31   step 500/5004: loss=6.362002
2026-09-17 06:11:54   step 600/5004: loss=6.572603
2026-09-17 06:12:16   step 700/5004: loss=6.499717
2026-09-17 06:12:39   step 800/5004: loss=6.601498
2026-09-17 06:13:01   step 900/5004: loss=6.134047
2026-09-17 06:13:24   step 1000/5004: loss=6.227472
2026-09-17 06:13:46   step 1100/5004: loss=6.606883
2026-09-17 06:14:09   step 1200/5004: loss=6.453602
2026-09-17 06:14:32   step 1300/5004: loss=6.394062
2026-09-17 06:14:54   step 1400/5004: loss=6.558077
2026-09-17 06:15:17   step 1500/5004: loss=5.852755
2026-09-17 06:15:39   step 1600/5004: loss=6.639185
2026-09-17 06:16:02   step 1700/5004: loss=5.571898
2026-09-17 06:16:24   step 1800/5004: loss=6.382157
2026-09-17 06:16:46   step 1900/5004: loss=5.898899
2026-09-17 06:17:08   step 2000/5004: loss=6.590291
2026-09-17 06:17:30   step 2100/5004: loss=6.570530
2026-09-17 06:17:52   step 2200/5004: loss=6.382700
2026-09-17 06:18:15   step 2300/5004: loss=6.510679
2026-09-17 06:18:37   step 2400/5004: loss=6.343324
2026-09-17 06:18:59   step 2500/5004: loss=6.026160
2026-09-17 06:19:21   step 2600/5004: loss=6.231444
2026-09-17 06:19:44   step 2700/5004: loss=6.430834
2026-09-17 06:20:06   step 2800/5004: loss=6.571735
2026-09-17 06:20:28   step 2900/5004: loss=6.126950
2026-09-17 06:20:50   step 3000/5004: loss=5.594460
2026-09-17 06:21:12   step 3100/5004: loss=6.421363
2026-09-17 06:21:35   step 3200/5004: loss=6.227196
2026-09-17 06:21:57   step 3300/5004: loss=6.302381
2026-09-17 06:22:19   step 3400/5004: loss=6.385659
2026-09-17 06:22:42   step 3500/5004: loss=6.539515
2026-09-17 06:23:04   step 3600/5004: loss=6.542087
2026-09-17 06:23:26   step 3700/5004: loss=5.965368
2026-09-17 06:23:49   step 3800/5004: loss=6.392815
2026-09-17 06:24:11   step 3900/5004: loss=6.481632
2026-09-17 06:24:34   step 4000/5004: loss=6.285762
2026-09-17 06:24:56   step 4100/5004: loss=5.916480
2026-09-17 06:25:18   step 4200/5004: loss=6.534421
2026-09-17 06:25:41   step 4300/5004: loss=6.491730
2026-09-17 06:26:03   step 4400/5004: loss=6.205954
2026-09-17 06:26:26   step 4500/5004: loss=6.219450
2026-09-17 06:26:48   step 4600/5004: loss=5.906703
2026-09-17 06:27:10   step 4700/5004: loss=6.439798
2026-09-17 06:27:33   step 4800/5004: loss=5.485976
2026-09-17 06:27:55   step 4900/5004: loss=6.431298
2026-09-17 06:28:18   step 5000/5004: loss=6.477999
2026-09-17 06:28:18 [pjrt_ffi] RESIDENT: @convnextin_fwd holds 182 parameter tensors (109.1 MB) on 1 device; they stop crossing PCIe from here
2026-09-17 06:29:59 Epoch 7/300: loss=6.273346 lr=0.000087
2026-09-17 06:29:59   epoch 7: test_acc = 6524/50000 = 13.048000%  top5 = 15026/50000 = 30.052000%  [95% CI 12.76–13.35]
2026-09-17 06:30:00   step 0/5004: loss=5.763387
2026-09-17 06:30:00   step 1/5004: loss=6.256337
2026-09-17 06:30:00   step 2/5004: loss=6.219224
2026-09-17 06:30:22   step 100/5004: loss=5.895041
2026-09-17 06:30:45   step 200/5004: loss=5.952645
2026-09-17 06:31:07   step 300/5004: loss=6.057852
2026-09-17 06:31:29   step 400/5004: loss=5.971413
2026-09-17 06:31:51   step 500/5004: loss=6.097683
2026-09-17 06:32:13   step 600/5004: loss=6.104798
2026-09-17 06:32:35   step 700/5004: loss=6.384091
2026-09-17 06:32:57   step 800/5004: loss=6.050821
2026-09-17 06:33:20   step 900/5004: loss=6.194895
2026-09-17 06:33:42   step 1000/5004: loss=5.951645
2026-09-17 06:34:05   step 1100/5004: loss=5.970330
2026-09-17 06:34:27   step 1200/5004: loss=5.491607
2026-09-17 06:34:50   step 1300/5004: loss=5.806201
2026-09-17 06:35:13   step 1400/5004: loss=5.671242
2026-09-17 06:35:35   step 1500/5004: loss=6.275049
2026-09-17 06:35:58   step 1600/5004: loss=6.076085
2026-09-17 06:36:20   step 1700/5004: loss=6.479763
2026-09-17 06:36:43   step 1800/5004: loss=6.007158
2026-09-17 06:37:05   step 1900/5004: loss=6.259835
2026-09-17 06:37:28   step 2000/5004: loss=5.293550
2026-09-17 06:37:50   step 2100/5004: loss=6.244345
2026-09-17 06:38:12   step 2200/5004: loss=6.316849
2026-09-17 06:38:35   step 2300/5004: loss=6.163572
2026-09-17 06:38:57   step 2400/5004: loss=6.418355
2026-09-17 06:39:19   step 2500/5004: loss=6.162622
2026-09-17 06:39:41   step 2600/5004: loss=6.379136
2026-09-17 06:40:03   step 2700/5004: loss=5.695158
2026-09-17 06:40:25   step 2800/5004: loss=5.965423
2026-09-17 06:40:47   step 2900/5004: loss=6.259614
2026-09-17 06:41:09   step 3000/5004: loss=5.965421
2026-09-17 06:41:32   step 3100/5004: loss=5.641478
2026-09-17 06:41:54   step 3200/5004: loss=5.821918
2026-09-17 06:42:17   step 3300/5004: loss=6.344563
2026-09-17 06:42:39   step 3400/5004: loss=5.847818
2026-09-17 06:43:02   step 3500/5004: loss=6.372883
2026-09-17 06:43:24   step 3600/5004: loss=6.104342
2026-09-17 06:43:46   step 3700/5004: loss=6.444967
2026-09-17 06:44:09   step 3800/5004: loss=5.966484
2026-09-17 06:44:31   step 3900/5004: loss=6.327082
2026-09-17 06:44:54   step 4000/5004: loss=6.272542
2026-09-17 06:45:16   step 4100/5004: loss=6.189876
2026-09-17 06:45:39   step 4200/5004: loss=5.790758
2026-09-17 06:46:01   step 4300/5004: loss=5.884185
2026-09-17 06:46:24   step 4400/5004: loss=5.929757
2026-09-17 06:46:47   step 4500/5004: loss=6.230765
2026-09-17 06:47:09   step 4600/5004: loss=5.821829
2026-09-17 06:47:31   step 4700/5004: loss=6.167762
2026-09-17 06:47:54   step 4800/5004: loss=6.246637
2026-09-17 06:48:16   step 4900/5004: loss=6.276164
2026-09-17 06:48:38   step 5000/5004: loss=6.010607
2026-09-17 06:48:39 [pjrt_ffi] RESIDENT: @convnextin_fwd holds 182 parameter tensors (109.1 MB) on 1 device; they stop crossing PCIe from here
2026-09-17 06:50:20 Epoch 8/300: loss=6.101430 lr=0.000100
2026-09-17 06:50:20   epoch 8: test_acc = 8820/50000 = 17.640000%  top5 = 19021/50000 = 38.042000%  [95% CI 17.31–17.98]
2026-09-17 06:50:20   step 0/5004: loss=6.214324
2026-09-17 06:50:21   step 1/5004: loss=6.149570
2026-09-17 06:50:21   step 2/5004: loss=6.208718
2026-09-17 06:50:43   step 100/5004: loss=6.550958
2026-09-17 06:51:05   step 200/5004: loss=6.252579
2026-09-17 06:51:27   step 300/5004: loss=6.036461
2026-09-17 06:51:49   step 400/5004: loss=6.251178
2026-09-17 06:52:12   step 500/5004: loss=6.224138
2026-09-17 06:52:34   step 600/5004: loss=6.248820
2026-09-17 06:52:57   step 700/5004: loss=6.397232
2026-09-17 06:53:19   step 800/5004: loss=6.275953
2026-09-17 06:53:42   step 900/5004: loss=5.354383
2026-09-17 06:54:04   step 1000/5004: loss=5.756666
2026-09-17 06:54:27   step 1100/5004: loss=6.010885
2026-09-17 06:54:49   step 1200/5004: loss=6.097592
2026-09-17 06:55:11   step 1300/5004: loss=5.602810
2026-09-17 06:55:34   step 1400/5004: loss=6.240893
2026-09-17 06:55:57   step 1500/5004: loss=6.299571
2026-09-17 06:56:19   step 1600/5004: loss=6.042842
2026-09-17 06:56:42   step 1700/5004: loss=5.536177
2026-09-17 06:57:04   step 1800/5004: loss=6.415355
2026-09-17 06:57:27   step 1900/5004: loss=5.564565
2026-09-17 06:57:49   step 2000/5004: loss=6.298323
2026-09-17 06:58:11   step 2100/5004: loss=6.276911
2026-09-17 06:58:34   step 2200/5004: loss=6.314029
2026-09-17 06:58:56   step 2300/5004: loss=6.345536
2026-09-17 06:59:18   step 2400/5004: loss=6.160905
2026-09-17 06:59:41   step 2500/5004: loss=5.906543
2026-09-17 07:00:03   step 2600/5004: loss=6.310627
2026-09-17 07:00:25   step 2700/5004: loss=5.560448
2026-09-17 07:00:47   step 2800/5004: loss=6.243743
2026-09-17 07:01:09   step 2900/5004: loss=6.104204
2026-09-17 07:01:31   step 3000/5004: loss=5.714931
2026-09-17 07:01:54   step 3100/5004: loss=5.885205
2026-09-17 07:02:16   step 3200/5004: loss=6.146695
2026-09-17 07:02:39   step 3300/5004: loss=6.168196
2026-09-17 07:03:01   step 3400/5004: loss=5.639790
2026-09-17 07:03:24   step 3500/5004: loss=5.403523
2026-09-17 07:03:46   step 3600/5004: loss=5.502001
2026-09-17 07:04:08   step 3700/5004: loss=5.874018
2026-09-17 07:04:30   step 3800/5004: loss=6.189646
2026-09-17 07:04:53   step 3900/5004: loss=5.575540
2026-09-17 07:05:15   step 4000/5004: loss=5.504418
2026-09-17 07:05:38   step 4100/5004: loss=6.287147
2026-09-17 07:06:00   step 4200/5004: loss=6.409218
2026-09-17 07:06:22   step 4300/5004: loss=4.942537
2026-09-17 07:06:45   step 4400/5004: loss=6.045750
2026-09-17 07:07:07   step 4500/5004: loss=5.219748
2026-09-17 07:07:30   step 4600/5004: loss=5.654219
2026-09-17 07:07:52   step 4700/5004: loss=5.436019
2026-09-17 07:08:15   step 4800/5004: loss=5.906558
2026-09-17 07:08:37   step 4900/5004: loss=5.398659
2026-09-17 07:08:59   step 5000/5004: loss=5.949704
2026-09-17 07:09:00 [pjrt_ffi] RESIDENT: @convnextin_fwd holds 182 parameter tensors (109.1 MB) on 1 device; they stop crossing PCIe from here
2026-09-17 07:10:41 Epoch 9/300: loss=5.919647 lr=0.000112
2026-09-17 07:10:41   epoch 9: test_acc = 11850/50000 = 23.700000%  top5 = 23362/50000 = 46.724000%  [95% CI 23.33–24.07]
2026-09-17 07:10:41   step 0/5004: loss=5.288400
2026-09-17 07:10:42   step 1/5004: loss=5.961826
2026-09-17 07:10:42   step 2/5004: loss=5.306744
2026-09-17 07:11:04   step 100/5004: loss=6.292776
2026-09-17 07:11:26   step 200/5004: loss=6.343697
2026-09-17 07:11:48   step 300/5004: loss=5.747788
2026-09-17 07:12:11   step 400/5004: loss=5.020487
2026-09-17 07:12:33   step 500/5004: loss=6.036528
2026-09-17 07:12:56   step 600/5004: loss=5.245196
2026-09-17 07:13:19   step 700/5004: loss=6.098800
2026-09-17 07:13:41   step 800/5004: loss=5.803290
2026-09-17 07:14:03   step 900/5004: loss=6.103323
2026-09-17 07:14:26   step 1000/5004: loss=4.879469
2026-09-17 07:14:48   step 1100/5004: loss=6.057015
2026-09-17 07:15:11   step 1200/5004: loss=5.972409
2026-09-17 07:15:33   step 1300/5004: loss=5.921390
2026-09-17 07:15:56   step 1400/5004: loss=5.986346
2026-09-17 07:16:18   step 1500/5004: loss=5.543025
2026-09-17 07:16:41   step 1600/5004: loss=6.110955
2026-09-17 07:17:03   step 1700/5004: loss=6.095842
2026-09-17 07:17:25   step 1800/5004: loss=5.757239
2026-09-17 07:17:48   step 1900/5004: loss=5.790317
2026-09-17 07:18:10   step 2000/5004: loss=5.545935
2026-09-17 07:18:32   step 2100/5004: loss=5.963243
2026-09-17 07:18:55   step 2200/5004: loss=5.344934
2026-09-17 07:19:17   step 2300/5004: loss=5.202668
2026-09-17 07:19:40   step 2400/5004: loss=6.246586
2026-09-17 07:20:02   step 2500/5004: loss=5.921602
2026-09-17 07:20:24   step 2600/5004: loss=5.440642
2026-09-17 07:20:46   step 2700/5004: loss=5.697775
2026-09-17 07:21:08   step 2800/5004: loss=6.251330
2026-09-17 07:21:30   step 2900/5004: loss=5.408987
2026-09-17 07:21:53   step 3000/5004: loss=6.174891
2026-09-17 07:22:15   step 3100/5004: loss=5.300203
2026-09-17 07:22:38   step 3200/5004: loss=6.155042
2026-09-17 07:23:00   step 3300/5004: loss=5.805689
2026-09-17 07:23:22   step 3400/5004: loss=6.170051
2026-09-17 07:23:44   step 3500/5004: loss=5.944003
2026-09-17 07:24:07   step 3600/5004: loss=6.298326
2026-09-17 07:24:29   step 3700/5004: loss=6.102008
2026-09-17 07:24:52   step 3800/5004: loss=5.054300
2026-09-17 07:25:14   step 3900/5004: loss=5.515148
2026-09-17 07:25:36   step 4000/5004: loss=5.180926
2026-09-17 07:25:58   step 4100/5004: loss=5.748071
2026-09-17 07:26:21   step 4200/5004: loss=5.264457
2026-09-17 07:26:44   step 4300/5004: loss=5.721280
2026-09-17 07:27:06   step 4400/5004: loss=4.967813
2026-09-17 07:27:29   step 4500/5004: loss=5.717801
2026-09-17 07:27:51   step 4600/5004: loss=5.632655
2026-09-17 07:28:13   step 4700/5004: loss=5.621058
2026-09-17 07:28:36   step 4800/5004: loss=6.059527
2026-09-17 07:28:58   step 4900/5004: loss=5.804350
2026-09-17 07:29:20   step 5000/5004: loss=5.334322
2026-09-17 07:29:21 [pjrt_ffi] RESIDENT: @convnextin_fwd holds 182 parameter tensors (109.1 MB) on 1 device; they stop crossing PCIe from here
2026-09-17 07:31:02 Epoch 10/300: loss=5.733899 lr=0.000125
2026-09-17 07:31:02   epoch 10: test_acc = 14998/50000 = 29.996000%  top5 = 27217/50000 = 54.434000%  [95% CI 29.60–30.40]
2026-09-17 07:31:07   ▸ shim respawn: producer 0 of 4 replaced after epoch 10 (generation 1, seed 5)
2026-09-17 07:31:09   step 0/5004: loss=5.663696
2026-09-17 07:31:09   step 1/5004: loss=5.624550
2026-09-17 07:31:09   step 2/5004: loss=5.001856
2026-09-17 07:31:31   step 100/5004: loss=5.381501
2026-09-17 07:31:54   step 200/5004: loss=4.760217
2026-09-17 07:32:16   step 300/5004: loss=5.939480
2026-09-17 07:32:38   step 400/5004: loss=5.608406
2026-09-17 07:33:00   step 500/5004: loss=5.469265
2026-09-17 07:33:22   step 600/5004: loss=6.227511
2026-09-17 07:33:44   step 700/5004: loss=5.878673
2026-09-17 07:34:06   step 800/5004: loss=5.229637
2026-09-17 07:34:29   step 900/5004: loss=5.822628
2026-09-17 07:34:51   step 1000/5004: loss=6.204747
2026-09-17 07:35:13   step 1100/5004: loss=5.819177
2026-09-17 07:35:36   step 1200/5004: loss=6.026496
2026-09-17 07:35:58   step 1300/5004: loss=5.940008
2026-09-17 07:36:20   step 1400/5004: loss=5.009514
2026-09-17 07:36:43   step 1500/5004: loss=5.998821
2026-09-17 07:37:05   step 1600/5004: loss=5.831976
2026-09-17 07:37:27   step 1700/5004: loss=5.752661
2026-09-17 07:37:50   step 1800/5004: loss=4.475564
2026-09-17 07:38:12   step 1900/5004: loss=5.839364
2026-09-17 07:38:35   step 2000/5004: loss=4.967345
2026-09-17 07:38:57   step 2100/5004: loss=5.812393
2026-09-17 07:39:19   step 2200/5004: loss=4.752567
2026-09-17 07:39:42   step 2300/5004: loss=5.197075
2026-09-17 07:40:04   step 2400/5004: loss=5.757511
2026-09-17 07:40:27   step 2500/5004: loss=5.737162
2026-09-17 07:40:49   step 2600/5004: loss=5.710201
2026-09-17 07:41:12   step 2700/5004: loss=5.677723
2026-09-17 07:41:34   step 2800/5004: loss=6.157569
2026-09-17 07:41:56   step 2900/5004: loss=5.547372
2026-09-17 07:42:19   step 3000/5004: loss=5.792708
2026-09-17 07:42:41   step 3100/5004: loss=5.786730
2026-09-17 07:43:04   step 3200/5004: loss=5.524790
2026-09-17 07:43:26   step 3300/5004: loss=5.879134
2026-09-17 07:43:48   step 3400/5004: loss=5.279386
2026-09-17 07:44:11   step 3500/5004: loss=5.798397
2026-09-17 07:44:33   step 3600/5004: loss=5.856940
2026-09-17 07:44:56   step 3700/5004: loss=5.738824
2026-09-17 07:45:18   step 3800/5004: loss=5.944443
2026-09-17 07:45:40   step 3900/5004: loss=5.142264
2026-09-17 07:46:03   step 4000/5004: loss=4.724053
2026-09-17 07:46:25   step 4100/5004: loss=5.891830
2026-09-17 07:46:48   step 4200/5004: loss=5.761115
2026-09-17 07:47:10   step 4300/5004: loss=5.916667
2026-09-17 07:47:33   step 4400/5004: loss=5.910689
2026-09-17 07:47:55   step 4500/5004: loss=4.933475
2026-09-17 07:48:18   step 4600/5004: loss=6.194932
2026-09-17 07:48:40   step 4700/5004: loss=5.336098
2026-09-17 07:49:03   step 4800/5004: loss=5.972847
2026-09-17 07:49:25   step 4900/5004: loss=5.779449
2026-09-17 07:49:47   step 5000/5004: loss=6.083824
2026-09-17 07:49:48 [pjrt_ffi] RESIDENT: @convnextin_fwd holds 182 parameter tensors (109.1 MB) on 1 device; they stop crossing PCIe from here
2026-09-17 07:51:29 Epoch 11/300: loss=5.564027 lr=0.000138
2026-09-17 07:51:29   epoch 11: test_acc = 17228/50000 = 34.456000%  top5 = 29767/50000 = 59.534000%  [95% CI 34.04–34.87]
2026-09-17 07:51:29   step 0/5004: loss=5.933772
2026-09-17 07:51:30   step 1/5004: loss=4.774873
2026-09-17 07:51:30   step 2/5004: loss=5.558613
2026-09-17 07:51:51   step 100/5004: loss=5.844927
2026-09-17 07:52:13   step 200/5004: loss=5.528710
2026-09-17 07:52:36   step 300/5004: loss=5.923758
2026-09-17 07:52:58   step 400/5004: loss=5.530324
2026-09-17 07:53:20   step 500/5004: loss=4.758905
2026-09-17 07:53:43   step 600/5004: loss=5.812606
2026-09-17 07:54:05   step 700/5004: loss=5.987494
2026-09-17 07:54:27   step 800/5004: loss=5.550727
2026-09-17 07:54:50   step 900/5004: loss=5.338098
2026-09-17 07:55:12   step 1000/5004: loss=5.566422
2026-09-17 07:55:35   step 1100/5004: loss=5.181629
2026-09-17 07:55:57   step 1200/5004: loss=5.510837
2026-09-17 07:56:20   step 1300/5004: loss=4.748610
2026-09-17 07:56:42   step 1400/5004: loss=5.710574
2026-09-17 07:57:05   step 1500/5004: loss=5.938145
2026-09-17 07:57:27   step 1600/5004: loss=5.787236
2026-09-17 07:57:50   step 1700/5004: loss=4.678534
2026-09-17 07:58:12   step 1800/5004: loss=5.711703
2026-09-17 07:58:35   step 1900/5004: loss=5.014698
2026-09-17 07:58:57   step 2000/5004: loss=5.835980
2026-09-17 07:59:20   step 2100/5004: loss=6.069748
2026-09-17 07:59:42   step 2200/5004: loss=5.829323
2026-09-17 08:00:05   step 2300/5004: loss=4.343781
2026-09-17 08:00:27   step 2400/5004: loss=5.618179
2026-09-17 08:00:49   step 2500/5004: loss=5.509886
2026-09-17 08:01:11   step 2600/5004: loss=5.699749
2026-09-17 08:01:34   step 2700/5004: loss=5.747607
2026-09-17 08:01:56   step 2800/5004: loss=5.302532
2026-09-17 08:02:18   step 2900/5004: loss=4.520477
2026-09-17 08:02:41   step 3000/5004: loss=5.796679
2026-09-17 08:03:03   step 3100/5004: loss=5.507209
2026-09-17 08:03:26   step 3200/5004: loss=5.706974
2026-09-17 08:03:48   step 3300/5004: loss=5.871800
2026-09-17 08:04:10   step 3400/5004: loss=5.744776
2026-09-17 08:04:33   step 3500/5004: loss=5.868492
2026-09-17 08:04:55   step 3600/5004: loss=5.843822
2026-09-17 08:05:17   step 3700/5004: loss=5.933168
2026-09-17 08:05:39   step 3800/5004: loss=4.871372
2026-09-17 08:06:01   step 3900/5004: loss=4.376017
2026-09-17 08:06:24   step 4000/5004: loss=5.658019
2026-09-17 08:06:46   step 4100/5004: loss=5.483301
2026-09-17 08:07:08   step 4200/5004: loss=5.344088
2026-09-17 08:07:30   step 4300/5004: loss=5.461183
2026-09-17 08:07:52   step 4400/5004: loss=5.463696
2026-09-17 08:08:15   step 4500/5004: loss=5.882368
2026-09-17 08:08:37   step 4600/5004: loss=5.793077
2026-09-17 08:09:00   step 4700/5004: loss=4.911355
2026-09-17 08:09:22   step 4800/5004: loss=5.257161
2026-09-17 08:09:44   step 4900/5004: loss=6.177793
2026-09-17 08:10:06   step 5000/5004: loss=5.490665
2026-09-17 08:10:07 [pjrt_ffi] RESIDENT: @convnextin_fwd holds 182 parameter tensors (109.1 MB) on 1 device; they stop crossing PCIe from here
2026-09-17 08:11:48 Epoch 12/300: loss=5.402629 lr=0.000150
2026-09-17 08:11:48   epoch 12: test_acc = 19819/50000 = 39.638000%  top5 = 32438/50000 = 64.876000%  [95% CI 39.21–40.07]
2026-09-17 08:11:48   step 0/5004: loss=5.722340
2026-09-17 08:11:49   step 1/5004: loss=5.617589
2026-09-17 08:11:49   step 2/5004: loss=5.443995
2026-09-17 08:12:10   step 100/5004: loss=5.641924
2026-09-17 08:12:33   step 200/5004: loss=5.747286
2026-09-17 08:12:55   step 300/5004: loss=5.474743
2026-09-17 08:13:17   step 400/5004: loss=5.766016
2026-09-17 08:13:39   step 500/5004: loss=5.581971
2026-09-17 08:14:02   step 600/5004: loss=5.546067
2026-09-17 08:14:24   step 700/5004: loss=5.553796
2026-09-17 08:14:46   step 800/5004: loss=5.424963
2026-09-17 08:15:09   step 900/5004: loss=5.672123
2026-09-17 08:15:31   step 1000/5004: loss=5.816390
2026-09-17 08:15:53   step 1100/5004: loss=5.611516
2026-09-17 08:16:16   step 1200/5004: loss=5.747263
2026-09-17 08:16:38   step 1300/5004: loss=5.310875
2026-09-17 08:17:00   step 1400/5004: loss=4.363219
2026-09-17 08:17:23   step 1500/5004: loss=5.448753
2026-09-17 08:17:45   step 1600/5004: loss=5.983771
2026-09-17 08:18:07   step 1700/5004: loss=5.571573
2026-09-17 08:18:30   step 1800/5004: loss=5.053432
2026-09-17 08:18:52   step 1900/5004: loss=5.604284
2026-09-17 08:19:14   step 2000/5004: loss=4.312065
2026-09-17 08:19:37   step 2100/5004: loss=4.447328
2026-09-17 08:19:59   step 2200/5004: loss=4.248851
2026-09-17 08:20:22   step 2300/5004: loss=5.798454
2026-09-17 08:20:44   step 2400/5004: loss=5.338959
2026-09-17 08:21:06   step 2500/5004: loss=5.655951
2026-09-17 08:21:29   step 2600/5004: loss=4.022821
2026-09-17 08:21:51   step 2700/5004: loss=5.616478
2026-09-17 08:22:13   step 2800/5004: loss=5.575217
2026-09-17 08:22:35   step 2900/5004: loss=5.452521
2026-09-17 08:22:58   step 3000/5004: loss=5.598892
2026-09-17 08:23:20   step 3100/5004: loss=5.645476
2026-09-17 08:23:42   step 3200/5004: loss=5.683779
2026-09-17 08:24:04   step 3300/5004: loss=5.145315
2026-09-17 08:24:27   step 3400/5004: loss=5.760157
2026-09-17 08:24:49   step 3500/5004: loss=5.334728
2026-09-17 08:25:12   step 3600/5004: loss=5.414537
2026-09-17 08:25:34   step 3700/5004: loss=5.679810
2026-09-17 08:25:57   step 3800/5004: loss=5.762954
2026-09-17 08:26:19   step 3900/5004: loss=4.870400
2026-09-17 08:26:41   step 4000/5004: loss=5.702128
2026-09-17 08:27:03   step 4100/5004: loss=4.565409
2026-09-17 08:27:26   step 4200/5004: loss=5.599335
2026-09-17 08:27:48   step 4300/5004: loss=4.520081
2026-09-17 08:28:10   step 4400/5004: loss=4.556621
2026-09-17 08:28:33   step 4500/5004: loss=5.703681
2026-09-17 08:28:55   step 4600/5004: loss=5.647322
2026-09-17 08:29:18   step 4700/5004: loss=5.698028
2026-09-17 08:29:40   step 4800/5004: loss=4.609243
2026-09-17 08:30:02   step 4900/5004: loss=5.175677
2026-09-17 08:30:23   step 5000/5004: loss=5.764503
2026-09-17 08:30:24 [pjrt_ffi] RESIDENT: @convnextin_fwd holds 182 parameter tensors (109.1 MB) on 1 device; they stop crossing PCIe from here
2026-09-17 08:32:04 Epoch 13/300: loss=5.247379 lr=0.000163
2026-09-17 08:32:04   epoch 13: test_acc = 21800/50000 = 43.600000%  top5 = 34445/50000 = 68.890000%  [95% CI 43.17–44.04]
2026-09-17 08:32:05   step 0/5004: loss=5.388647
2026-09-17 08:32:05   step 1/5004: loss=4.710443
2026-09-17 08:32:05   step 2/5004: loss=5.311094
2026-09-17 08:32:27   step 100/5004: loss=4.283961
2026-09-17 08:32:49   step 200/5004: loss=5.115792
2026-09-17 08:33:11   step 300/5004: loss=4.628098
2026-09-17 08:33:34   step 400/5004: loss=5.298111
2026-09-17 08:33:56   step 500/5004: loss=5.647121
2026-09-17 08:34:18   step 600/5004: loss=5.101765
2026-09-17 08:34:40   step 700/5004: loss=4.197156
2026-09-17 08:35:02   step 800/5004: loss=5.493988
2026-09-17 08:35:24   step 900/5004: loss=4.395390
2026-09-17 08:35:46   step 1000/5004: loss=5.764519
2026-09-17 08:36:08   step 1100/5004: loss=5.458911
2026-09-17 08:36:30   step 1200/5004: loss=4.648659
2026-09-17 08:36:53   step 1300/5004: loss=5.165195
2026-09-17 08:37:15   step 1400/5004: loss=5.335120
2026-09-17 08:37:37   step 1500/5004: loss=5.060791
2026-09-17 08:37:59   step 1600/5004: loss=5.448238
2026-09-17 08:38:22   step 1700/5004: loss=5.105862
2026-09-17 08:38:44   step 1800/5004: loss=4.994459
2026-09-17 08:39:07   step 1900/5004: loss=4.433977
2026-09-17 08:39:29   step 2000/5004: loss=5.227187
2026-09-17 08:39:51   step 2100/5004: loss=5.826209
2026-09-17 08:40:14   step 2200/5004: loss=5.590230
2026-09-17 08:40:36   step 2300/5004: loss=5.696159
2026-09-17 08:40:59   step 2400/5004: loss=5.390100
2026-09-17 08:41:21   step 2500/5004: loss=5.735946
2026-09-17 08:41:44   step 2600/5004: loss=4.885046
2026-09-17 08:42:06   step 2700/5004: loss=5.379725
2026-09-17 08:42:29   step 2800/5004: loss=5.516878
2026-09-17 08:42:51   step 2900/5004: loss=5.840214
2026-09-17 08:43:13   step 3000/5004: loss=5.631943
2026-09-17 08:43:35   step 3100/5004: loss=4.723798
2026-09-17 08:43:58   step 3200/5004: loss=5.799970
2026-09-17 08:44:20   step 3300/5004: loss=3.990267
2026-09-17 08:44:43   step 3400/5004: loss=5.022669
2026-09-17 08:45:05   step 3500/5004: loss=5.743166
2026-09-17 08:45:27   step 3600/5004: loss=4.321634
2026-09-17 08:45:50   step 3700/5004: loss=4.161545
2026-09-17 08:46:12   step 3800/5004: loss=4.997754
2026-09-17 08:46:34   step 3900/5004: loss=4.218154
2026-09-17 08:46:57   step 4000/5004: loss=5.818579
2026-09-17 08:47:19   step 4100/5004: loss=5.931098
2026-09-17 08:47:41   step 4200/5004: loss=4.853087
2026-09-17 08:48:04   step 4300/5004: loss=4.711849
2026-09-17 08:48:26   step 4400/5004: loss=5.672113
2026-09-17 08:48:48   step 4500/5004: loss=4.151808
2026-09-17 08:49:11   step 4600/5004: loss=4.919267
2026-09-17 08:49:33   step 4700/5004: loss=4.091092
2026-09-17 08:49:56   step 4800/5004: loss=4.726931
2026-09-17 08:50:18   step 4900/5004: loss=4.098764
2026-09-17 08:50:40   step 5000/5004: loss=5.249720
2026-09-17 08:50:41 [pjrt_ffi] RESIDENT: @convnextin_fwd holds 182 parameter tensors (109.1 MB) on 1 device; they stop crossing PCIe from here
2026-09-17 08:52:22 Epoch 14/300: loss=5.105299 lr=0.000175
2026-09-17 08:52:22   epoch 14: test_acc = 23792/50000 = 47.584000%  top5 = 36391/50000 = 72.782000%  [95% CI 47.15–48.02]
2026-09-17 08:52:22   step 0/5004: loss=5.575025
2026-09-17 08:52:22   step 1/5004: loss=5.541836
2026-09-17 08:52:23   step 2/5004: loss=5.291981
2026-09-17 08:52:44   step 100/5004: loss=3.740102
2026-09-17 08:53:06   step 200/5004: loss=5.438478
2026-09-17 08:53:28   step 300/5004: loss=4.157317
2026-09-17 08:53:50   step 400/5004: loss=4.399280
2026-09-17 08:54:13   step 500/5004: loss=5.043227
2026-09-17 08:54:35   step 600/5004: loss=4.817233
2026-09-17 08:54:57   step 700/5004: loss=4.862433
2026-09-17 08:55:19   step 800/5004: loss=5.359251
2026-09-17 08:55:42   step 900/5004: loss=5.708425
2026-09-17 08:56:04   step 1000/5004: loss=5.484708
2026-09-17 08:56:27   step 1100/5004: loss=5.166492
2026-09-17 08:56:50   step 1200/5004: loss=4.619575
2026-09-17 08:57:12   step 1300/5004: loss=4.889688
2026-09-17 08:57:34   step 1400/5004: loss=5.484496
2026-09-17 08:57:57   step 1500/5004: loss=5.329637
2026-09-17 08:58:19   step 1600/5004: loss=3.963810
2026-09-17 08:58:42   step 1700/5004: loss=4.931710
2026-09-17 08:59:04   step 1800/5004: loss=4.175191
2026-09-17 08:59:26   step 1900/5004: loss=5.085154
2026-09-17 08:59:49   step 2000/5004: loss=5.590134
2026-09-17 09:00:11   step 2100/5004: loss=5.319834
2026-09-17 09:00:34   step 2200/5004: loss=4.838073
2026-09-17 09:00:56   step 2300/5004: loss=4.773327
2026-09-17 09:01:18   step 2400/5004: loss=4.420388
2026-09-17 09:01:40   step 2500/5004: loss=5.348660
2026-09-17 09:02:02   step 2600/5004: loss=4.506568
2026-09-17 09:02:25   step 2700/5004: loss=5.432197
2026-09-17 09:02:47   step 2800/5004: loss=4.296878
2026-09-17 09:03:10   step 2900/5004: loss=5.495188
2026-09-17 09:03:32   step 3000/5004: loss=4.197237
2026-09-17 09:03:54   step 3100/5004: loss=4.861776
2026-09-17 09:04:17   step 3200/5004: loss=4.581488
2026-09-17 09:04:39   step 3300/5004: loss=5.274034
2026-09-17 09:05:02   step 3400/5004: loss=5.708132
2026-09-17 09:05:24   step 3500/5004: loss=5.468580
2026-09-17 09:05:46   step 3600/5004: loss=4.313770
2026-09-17 09:06:09   step 3700/5004: loss=5.230484
2026-09-17 09:06:31   step 3800/5004: loss=4.449098
2026-09-17 09:06:54   step 3900/5004: loss=4.891978
2026-09-17 09:07:16   step 4000/5004: loss=5.475654
2026-09-17 09:07:38   step 4100/5004: loss=5.240445
2026-09-17 09:08:01   step 4200/5004: loss=5.382296
2026-09-17 09:08:23   step 4300/5004: loss=4.500962
2026-09-17 09:08:45   step 4400/5004: loss=3.972702
2026-09-17 09:09:08   step 4500/5004: loss=4.283779
2026-09-17 09:09:30   step 4600/5004: loss=3.842775
2026-09-17 09:09:53   step 4700/5004: loss=5.012971
2026-09-17 09:10:15   step 4800/5004: loss=5.256846
2026-09-17 09:10:37   step 4900/5004: loss=4.718564
2026-09-17 09:11:00   step 5000/5004: loss=4.744674
2026-09-17 09:11:00 [pjrt_ffi] RESIDENT: @convnextin_fwd holds 182 parameter tensors (109.1 MB) on 1 device; they stop crossing PCIe from here
2026-09-17 09:12:41 Epoch 15/300: loss=4.970017 lr=0.000188
2026-09-17 09:12:41   epoch 15: test_acc = 25206/50000 = 50.412000%  top5 = 37646/50000 = 75.292000%  [95% CI 49.97–50.85]
2026-09-17 09:12:42   step 0/5004: loss=4.090464
2026-09-17 09:12:42   step 1/5004: loss=3.411768
2026-09-17 09:12:42   step 2/5004: loss=3.876715
2026-09-17 09:13:04   step 100/5004: loss=4.346780
2026-09-17 09:13:26   step 200/5004: loss=5.251297
2026-09-17 09:13:48   step 300/5004: loss=5.244205
2026-09-17 09:14:10   step 400/5004: loss=5.243576
2026-09-17 09:14:33   step 500/5004: loss=4.921810
2026-09-17 09:14:55   step 600/5004: loss=5.432970
2026-09-17 09:15:17   step 700/5004: loss=4.718434
2026-09-17 09:15:39   step 800/5004: loss=5.337313
2026-09-17 09:16:01   step 900/5004: loss=5.430815
2026-09-17 09:16:23   step 1000/5004: loss=5.388429
2026-09-17 09:16:45   step 1100/5004: loss=5.163312
2026-09-17 09:17:07   step 1200/5004: loss=4.839470
2026-09-17 09:17:30   step 1300/5004: loss=5.568513
2026-09-17 09:17:52   step 1400/5004: loss=4.945826
2026-09-17 09:18:14   step 1500/5004: loss=4.826008
2026-09-17 09:18:36   step 1600/5004: loss=5.372119
2026-09-17 09:18:59   step 1700/5004: loss=4.997116
2026-09-17 09:19:21   step 1800/5004: loss=5.096558
2026-09-17 09:19:43   step 1900/5004: loss=4.987685
2026-09-17 09:20:05   step 2000/5004: loss=5.219034
2026-09-17 09:20:28   step 2100/5004: loss=5.385587
2026-09-17 09:20:50   step 2200/5004: loss=4.658122
2026-09-17 09:21:12   step 2300/5004: loss=5.374688
2026-09-17 09:21:34   step 2400/5004: loss=4.946203
2026-09-17 09:21:56   step 2500/5004: loss=4.699083
2026-09-17 09:22:18   step 2600/5004: loss=5.263338
2026-09-17 09:22:40   step 2700/5004: loss=4.822120
2026-09-17 09:23:02   step 2800/5004: loss=5.219978
2026-09-17 09:23:24   step 2900/5004: loss=5.160598
2026-09-17 09:23:46   step 3000/5004: loss=5.355188
2026-09-17 09:24:09   step 3100/5004: loss=4.872999
2026-09-17 09:24:31   step 3200/5004: loss=5.413436
2026-09-17 09:24:54   step 3300/5004: loss=4.875249
2026-09-17 09:25:16   step 3400/5004: loss=5.176158
2026-09-17 09:25:38   step 3500/5004: loss=5.108749
2026-09-17 09:26:00   step 3600/5004: loss=4.525914
2026-09-17 09:26:22   step 3700/5004: loss=5.080610
2026-09-17 09:26:44   step 3800/5004: loss=4.976747
2026-09-17 09:27:07   step 3900/5004: loss=4.117284
2026-09-17 09:27:29   step 4000/5004: loss=5.163024
2026-09-17 09:27:51   step 4100/5004: loss=5.820756
2026-09-17 09:28:14   step 4200/5004: loss=5.393513
2026-09-17 09:28:36   step 4300/5004: loss=5.347069
2026-09-17 09:28:59   step 4400/5004: loss=5.095882
2026-09-17 09:29:21   step 4500/5004: loss=5.493094
2026-09-17 09:29:43   step 4600/5004: loss=5.252755
2026-09-17 09:30:06   step 4700/5004: loss=4.559714
2026-09-17 09:30:28   step 4800/5004: loss=4.037659
2026-09-17 09:30:50   step 4900/5004: loss=3.861500
2026-09-17 09:31:12   step 5000/5004: loss=4.952782
2026-09-17 09:31:13 [pjrt_ffi] RESIDENT: @convnextin_fwd holds 182 parameter tensors (109.1 MB) on 1 device; they stop crossing PCIe from here
2026-09-17 09:32:54 Epoch 16/300: loss=4.862670 lr=0.000200
2026-09-17 09:32:54   epoch 16: test_acc = 26353/50000 = 52.706000%  top5 = 38700/50000 = 77.400000%  [95% CI 52.27–53.14]
2026-09-17 09:32:55   step 0/5004: loss=4.344668
2026-09-17 09:32:55   step 1/5004: loss=5.259310
2026-09-17 09:32:55   step 2/5004: loss=4.807364
2026-09-17 09:33:17   step 100/5004: loss=5.440379
2026-09-17 09:33:39   step 200/5004: loss=5.658794
2026-09-17 09:34:01   step 300/5004: loss=3.013511
2026-09-17 09:34:23   step 400/5004: loss=5.436830
2026-09-17 09:34:45   step 500/5004: loss=5.151234
2026-09-17 09:35:07   step 600/5004: loss=4.429036
2026-09-17 09:35:29   step 700/5004: loss=4.988164
2026-09-17 09:35:51   step 800/5004: loss=4.138617
2026-09-17 09:36:13   step 900/5004: loss=4.830268
2026-09-17 09:36:36   step 1000/5004: loss=4.070200
2026-09-17 09:36:58   step 1100/5004: loss=3.847138
2026-09-17 09:37:20   step 1200/5004: loss=5.402139
2026-09-17 09:37:42   step 1300/5004: loss=4.668522
2026-09-17 09:38:04   step 1400/5004: loss=5.456738
2026-09-17 09:38:27   step 1500/5004: loss=4.718225
2026-09-17 09:38:49   step 1600/5004: loss=4.322035
2026-09-17 09:39:11   step 1700/5004: loss=5.093323
2026-09-17 09:39:34   step 1800/5004: loss=4.530252
2026-09-17 09:39:56   step 1900/5004: loss=4.660633
2026-09-17 09:40:18   step 2000/5004: loss=4.581583
2026-09-17 09:40:41   step 2100/5004: loss=4.838467
2026-09-17 09:41:03   step 2200/5004: loss=4.823791
2026-09-17 09:41:25   step 2300/5004: loss=5.288159
2026-09-17 09:41:47   step 2400/5004: loss=3.540874
2026-09-17 09:42:09   step 2500/5004: loss=4.145898
2026-09-17 09:42:31   step 2600/5004: loss=3.999207
2026-09-17 09:42:53   step 2700/5004: loss=4.992389
2026-09-17 09:43:15   step 2800/5004: loss=4.459643
2026-09-17 09:43:37   step 2900/5004: loss=5.035169
2026-09-17 09:43:59   step 3000/5004: loss=3.604471
2026-09-17 09:44:21   step 3100/5004: loss=5.357216
2026-09-17 09:44:43   step 3200/5004: loss=5.637103
2026-09-17 09:45:06   step 3300/5004: loss=5.226634
2026-09-17 09:45:28   step 3400/5004: loss=4.790382
2026-09-17 09:45:50   step 3500/5004: loss=3.811376
2026-09-17 09:46:13   step 3600/5004: loss=4.999760
2026-09-17 09:46:35   step 3700/5004: loss=5.002817
2026-09-17 09:46:57   step 3800/5004: loss=5.388467
2026-09-17 09:47:19   step 3900/5004: loss=3.931877
2026-09-17 09:47:41   step 4000/5004: loss=3.442962
2026-09-17 09:48:04   step 4100/5004: loss=5.292815
2026-09-17 09:48:26   step 4200/5004: loss=4.685107
2026-09-17 09:48:48   step 4300/5004: loss=4.974473
2026-09-17 09:49:10   step 4400/5004: loss=5.302500
2026-09-17 09:49:32   step 4500/5004: loss=3.691130
2026-09-17 09:49:54   step 4600/5004: loss=4.113939
2026-09-17 09:50:16   step 4700/5004: loss=4.813908
2026-09-17 09:50:38   step 4800/5004: loss=4.810999
2026-09-17 09:51:00   step 4900/5004: loss=5.117919
2026-09-17 09:51:22   step 5000/5004: loss=4.383231
2026-09-17 09:51:23 [pjrt_ffi] RESIDENT: @convnextin_fwd holds 182 parameter tensors (109.1 MB) on 1 device; they stop crossing PCIe from here
2026-09-17 09:53:04 Epoch 17/300: loss=4.775700 lr=0.000212
2026-09-17 09:53:04   epoch 17: test_acc = 27706/50000 = 55.412000%  top5 = 39638/50000 = 79.276000%  [95% CI 54.98–55.85]
2026-09-17 09:53:04   step 0/5004: loss=4.372908
2026-09-17 09:53:04   step 1/5004: loss=5.186669
2026-09-17 09:53:04   step 2/5004: loss=5.340956
2026-09-17 09:53:26   step 100/5004: loss=4.458357
2026-09-17 09:53:48   step 200/5004: loss=5.252497
2026-09-17 09:54:10   step 300/5004: loss=5.499913
2026-09-17 09:54:33   step 400/5004: loss=4.834445
2026-09-17 09:54:55   step 500/5004: loss=5.282502
2026-09-17 09:55:17   step 600/5004: loss=4.784772
2026-09-17 09:55:39   step 700/5004: loss=5.441886
2026-09-17 09:56:01   step 800/5004: loss=5.173862
2026-09-17 09:56:24   step 900/5004: loss=4.671190
2026-09-17 09:56:46   step 1000/5004: loss=4.281621
2026-09-17 09:57:08   step 1100/5004: loss=4.532331
2026-09-17 09:57:30   step 1200/5004: loss=4.138231
2026-09-17 09:57:53   step 1300/5004: loss=4.785918
2026-09-17 09:58:15   step 1400/5004: loss=3.553517
2026-09-17 09:58:37   step 1500/5004: loss=5.003399
2026-09-17 09:58:59   step 1600/5004: loss=5.107065
2026-09-17 09:59:22   step 1700/5004: loss=4.283565
2026-09-17 09:59:44   step 1800/5004: loss=4.439849
2026-09-17 10:00:06   step 1900/5004: loss=5.183065
2026-09-17 10:00:27   step 2000/5004: loss=4.589335
2026-09-17 10:00:50   step 2100/5004: loss=4.674063
2026-09-17 10:01:12   step 2200/5004: loss=4.441415
2026-09-17 10:01:34   step 2300/5004: loss=4.728074
2026-09-17 10:01:56   step 2400/5004: loss=4.962602
2026-09-17 10:02:19   step 2500/5004: loss=4.319715
2026-09-17 10:02:40   step 2600/5004: loss=4.870097
2026-09-17 10:03:02   step 2700/5004: loss=5.202867
2026-09-17 10:03:25   step 2800/5004: loss=3.594273
2026-09-17 10:03:47   step 2900/5004: loss=3.390037
2026-09-17 10:04:09   step 3000/5004: loss=4.188609
2026-09-17 10:04:31   step 3100/5004: loss=5.352380
2026-09-17 10:04:53   step 3200/5004: loss=4.128607
2026-09-17 10:05:16   step 3300/5004: loss=5.448087
2026-09-17 10:05:38   step 3400/5004: loss=4.746252
2026-09-17 10:06:00   step 3500/5004: loss=5.600253
2026-09-17 10:06:22   step 3600/5004: loss=5.135294
2026-09-17 10:06:44   step 3700/5004: loss=5.526816
2026-09-17 10:07:06   step 3800/5004: loss=5.152413
2026-09-17 10:07:28   step 3900/5004: loss=5.328773
2026-09-17 10:07:50   step 4000/5004: loss=5.322666
2026-09-17 10:08:13   step 4100/5004: loss=5.411687
2026-09-17 10:08:35   step 4200/5004: loss=3.229136
2026-09-17 10:08:56   step 4300/5004: loss=5.320770
2026-09-17 10:09:18   step 4400/5004: loss=5.010456
2026-09-17 10:09:40   step 4500/5004: loss=5.434299
2026-09-17 10:10:02   step 4600/5004: loss=4.721107
2026-09-17 10:10:24   step 4700/5004: loss=5.354047
2026-09-17 10:10:47   step 4800/5004: loss=4.873727
2026-09-17 10:11:09   step 4900/5004: loss=5.309779
2026-09-17 10:11:31   step 5000/5004: loss=4.943177
2026-09-17 10:11:31 [pjrt_ffi] RESIDENT: @convnextin_fwd holds 182 parameter tensors (109.1 MB) on 1 device; they stop crossing PCIe from here
2026-09-17 10:13:12 Epoch 18/300: loss=4.697831 lr=0.000225
2026-09-17 10:13:12   epoch 18: test_acc = 28552/50000 = 57.104000%  top5 = 40335/50000 = 80.670000%  [95% CI 56.67–57.54]
2026-09-17 10:13:13   step 0/5004: loss=5.105615
2026-09-17 10:13:13   step 1/5004: loss=4.401981
2026-09-17 10:13:13   step 2/5004: loss=3.897509
2026-09-17 10:13:34   step 100/5004: loss=5.175429
2026-09-17 10:13:56   step 200/5004: loss=3.904648
2026-09-17 10:14:18   step 300/5004: loss=3.987721
2026-09-17 10:14:41   step 400/5004: loss=5.085172
2026-09-17 10:15:03   step 500/5004: loss=5.017289
2026-09-17 10:15:26   step 600/5004: loss=5.535207
2026-09-17 10:15:48   step 700/5004: loss=5.422152
2026-09-17 10:16:10   step 800/5004: loss=4.061852
2026-09-17 10:16:33   step 900/5004: loss=4.994541
2026-09-17 10:16:55   step 1000/5004: loss=5.267372
2026-09-17 10:17:17   step 1100/5004: loss=4.658937
2026-09-17 10:17:40   step 1200/5004: loss=4.758455
2026-09-17 10:18:02   step 1300/5004: loss=4.842925
2026-09-17 10:18:24   step 1400/5004: loss=3.824121
2026-09-17 10:18:46   step 1500/5004: loss=4.926076
2026-09-17 10:19:09   step 1600/5004: loss=4.661867
2026-09-17 10:19:31   step 1700/5004: loss=3.980372
2026-09-17 10:19:53   step 1800/5004: loss=4.119807
2026-09-17 10:20:15   step 1900/5004: loss=5.055632
2026-09-17 10:20:37   step 2000/5004: loss=5.340823
2026-09-17 10:20:59   step 2100/5004: loss=4.945775
2026-09-17 10:21:21   step 2200/5004: loss=3.790986
2026-09-17 10:21:43   step 2300/5004: loss=5.104122
2026-09-17 10:22:05   step 2400/5004: loss=3.548842
2026-09-17 10:22:27   step 2500/5004: loss=3.840806
2026-09-17 10:22:49   step 2600/5004: loss=4.733365
2026-09-17 10:23:11   step 2700/5004: loss=4.590492
2026-09-17 10:23:34   step 2800/5004: loss=5.418923
2026-09-17 10:23:56   step 2900/5004: loss=5.199732
2026-09-17 10:24:18   step 3000/5004: loss=5.126629
2026-09-17 10:24:40   step 3100/5004: loss=4.551531
2026-09-17 10:25:02   step 3200/5004: loss=4.988009
2026-09-17 10:25:25   step 3300/5004: loss=5.210958
2026-09-17 10:25:47   step 3400/5004: loss=4.899117
2026-09-17 10:26:09   step 3500/5004: loss=4.897851
2026-09-17 10:26:32   step 3600/5004: loss=4.968095
2026-09-17 10:26:54   step 3700/5004: loss=5.027542
2026-09-17 10:27:16   step 3800/5004: loss=3.913760
2026-09-17 10:27:38   step 3900/5004: loss=5.156489
2026-09-17 10:28:00   step 4000/5004: loss=3.531200
2026-09-17 10:28:22   step 4100/5004: loss=5.039837
2026-09-17 10:28:44   step 4200/5004: loss=4.852795
2026-09-17 10:29:05   step 4300/5004: loss=3.766410
2026-09-17 10:29:27   step 4400/5004: loss=5.382507
2026-09-17 10:29:50   step 4500/5004: loss=5.007966
2026-09-17 10:30:12   step 4600/5004: loss=4.271001
2026-09-17 10:30:34   step 4700/5004: loss=3.964457
2026-09-17 10:30:55   step 4800/5004: loss=5.374054
2026-09-17 10:31:17   step 4900/5004: loss=3.603912
2026-09-17 10:31:40   step 5000/5004: loss=3.608264
2026-09-17 10:31:40 [pjrt_ffi] RESIDENT: @convnextin_fwd holds 182 parameter tensors (109.1 MB) on 1 device; they stop crossing PCIe from here
2026-09-17 10:33:21 Epoch 19/300: loss=4.622793 lr=0.000238
2026-09-17 10:33:21   epoch 19: test_acc = 29201/50000 = 58.402000%  top5 = 40860/50000 = 81.720000%  [95% CI 57.97–58.83]
2026-09-17 10:33:22   step 0/5004: loss=4.351459
2026-09-17 10:33:22   step 1/5004: loss=5.265018
2026-09-17 10:33:22   step 2/5004: loss=4.044979
2026-09-17 10:33:43   step 100/5004: loss=4.532264
2026-09-17 10:34:05   step 200/5004: loss=4.569079
2026-09-17 10:34:27   step 300/5004: loss=4.354485
2026-09-17 10:34:49   step 400/5004: loss=4.851865
2026-09-17 10:35:11   step 500/5004: loss=4.861399
2026-09-17 10:35:33   step 600/5004: loss=3.869300
2026-09-17 10:35:54   step 700/5004: loss=3.731390
2026-09-17 10:36:16   step 800/5004: loss=4.016226
2026-09-17 10:36:38   step 900/5004: loss=3.972064
2026-09-17 10:37:00   step 1000/5004: loss=4.904852
2026-09-17 10:37:22   step 1100/5004: loss=5.123358
2026-09-17 10:37:44   step 1200/5004: loss=4.553535
2026-09-17 10:38:06   step 1300/5004: loss=5.356582
2026-09-17 10:38:28   step 1400/5004: loss=4.996864
2026-09-17 10:38:50   step 1500/5004: loss=5.446491
2026-09-17 10:39:12   step 1600/5004: loss=4.471945
2026-09-17 10:39:34   step 1700/5004: loss=3.659489
2026-09-17 10:39:56   step 1800/5004: loss=5.037836
2026-09-17 10:40:17   step 1900/5004: loss=3.576371
2026-09-17 10:40:39   step 2000/5004: loss=3.546515
2026-09-17 10:41:01   step 2100/5004: loss=5.439232
2026-09-17 10:41:23   step 2200/5004: loss=5.002049
2026-09-17 10:41:45   step 2300/5004: loss=4.615911
2026-09-17 10:42:07   step 2400/5004: loss=4.898577
2026-09-17 10:42:29   step 2500/5004: loss=5.151355
2026-09-17 10:42:51   step 2600/5004: loss=4.856969
2026-09-17 10:43:13   step 2700/5004: loss=5.228932
2026-09-17 10:43:35   step 2800/5004: loss=5.048229
2026-09-17 10:43:57   step 2900/5004: loss=3.396372
2026-09-17 10:44:20   step 3000/5004: loss=4.499797
2026-09-17 10:44:42   step 3100/5004: loss=4.224703
2026-09-17 10:45:04   step 3200/5004: loss=4.770402
2026-09-17 10:45:26   step 3300/5004: loss=3.680939
2026-09-17 10:45:48   step 3400/5004: loss=4.973200
2026-09-17 10:46:10   step 3500/5004: loss=5.581240
2026-09-17 10:46:32   step 3600/5004: loss=4.658028
2026-09-17 10:46:54   step 3700/5004: loss=5.123453
2026-09-17 10:47:16   step 3800/5004: loss=5.029988
2026-09-17 10:47:38   step 3900/5004: loss=4.781117
2026-09-17 10:48:01   step 4000/5004: loss=3.772661
2026-09-17 10:48:23   step 4100/5004: loss=5.370408
2026-09-17 10:48:45   step 4200/5004: loss=4.814906
2026-09-17 10:49:06   step 4300/5004: loss=4.865726
2026-09-17 10:49:28   step 4400/5004: loss=5.076764
2026-09-17 10:49:51   step 4500/5004: loss=3.809330
2026-09-17 10:50:12   step 4600/5004: loss=3.955469
2026-09-17 10:50:35   step 4700/5004: loss=5.386052
2026-09-17 10:50:57   step 4800/5004: loss=3.376770
2026-09-17 10:51:19   step 4900/5004: loss=5.443961
2026-09-17 10:51:41   step 5000/5004: loss=4.343230
2026-09-17 10:51:41 [pjrt_ffi] RESIDENT: @convnextin_fwd holds 182 parameter tensors (109.1 MB) on 1 device; they stop crossing PCIe from here
2026-09-17 10:53:22 Epoch 20/300: loss=4.587678 lr=0.000250
2026-09-17 10:53:22   epoch 20: test_acc = 29788/50000 = 59.576000%  top5 = 41416/50000 = 82.832000%  [95% CI 59.15–60.01]
2026-09-17 10:53:28   ▸ shim respawn: producer 1 of 4 replaced after epoch 20 (generation 2, seed 10)
2026-09-17 10:53:28   step 0/5004: loss=3.892697
2026-09-17 10:53:29   step 1/5004: loss=3.977116
2026-09-17 10:53:29   step 2/5004: loss=4.608783
2026-09-17 10:53:51   step 100/5004: loss=4.459359
2026-09-17 10:54:14   step 200/5004: loss=3.171802
2026-09-17 10:54:36   step 300/5004: loss=3.703550
2026-09-17 10:54:59   step 400/5004: loss=3.756675
2026-09-17 10:55:21   step 500/5004: loss=4.896392
2026-09-17 10:55:44   step 600/5004: loss=5.521604
2026-09-17 10:56:06   step 700/5004: loss=4.297318
2026-09-17 10:56:28   step 800/5004: loss=4.515105
2026-09-17 10:56:50   step 900/5004: loss=4.940124
2026-09-17 10:57:12   step 1000/5004: loss=4.919782
2026-09-17 10:57:34   step 1100/5004: loss=4.498825
2026-09-17 10:57:57   step 1200/5004: loss=3.544995
2026-09-17 10:58:19   step 1300/5004: loss=3.650109
2026-09-17 10:58:41   step 1400/5004: loss=3.668246
2026-09-17 10:59:03   step 1500/5004: loss=5.124632
2026-09-17 10:59:25   step 1600/5004: loss=5.029843
2026-09-17 10:59:47   step 1700/5004: loss=4.279489
2026-09-17 11:00:09   step 1800/5004: loss=4.246013
2026-09-17 11:00:31   step 1900/5004: loss=3.858323
2026-09-17 11:00:53   step 2000/5004: loss=5.087508
2026-09-17 11:01:15   step 2100/5004: loss=4.870419
2026-09-17 11:01:37   step 2200/5004: loss=4.501235
2026-09-17 11:01:59   step 2300/5004: loss=4.943718
2026-09-17 11:02:21   step 2400/5004: loss=3.343742
2026-09-17 11:02:43   step 2500/5004: loss=4.297672
2026-09-17 11:03:06   step 2600/5004: loss=5.365926
2026-09-17 11:03:28   step 2700/5004: loss=4.557629
2026-09-17 11:03:50   step 2800/5004: loss=3.364405
2026-09-17 11:04:13   step 2900/5004: loss=3.505701
2026-09-17 11:04:35   step 3000/5004: loss=5.145578
2026-09-17 11:04:57   step 3100/5004: loss=4.760069
2026-09-17 11:05:19   step 3200/5004: loss=5.094975
2026-09-17 11:05:42   step 3300/5004: loss=4.212188
2026-09-17 11:06:04   step 3400/5004: loss=4.185571
2026-09-17 11:06:26   step 3500/5004: loss=4.986351
2026-09-17 11:06:48   step 3600/5004: loss=3.481281
2026-09-17 11:07:10   step 3700/5004: loss=4.410560
2026-09-17 11:07:32   step 3800/5004: loss=4.018350
2026-09-17 11:07:54   step 3900/5004: loss=4.594701
2026-09-17 11:08:16   step 4000/5004: loss=5.289438
2026-09-17 11:08:38   step 4100/5004: loss=4.636179
2026-09-17 11:09:00   step 4200/5004: loss=4.231283
2026-09-17 11:09:22   step 4300/5004: loss=3.864996
2026-09-17 11:09:44   step 4400/5004: loss=5.275459
2026-09-17 11:10:06   step 4500/5004: loss=4.909880
2026-09-17 11:10:28   step 4600/5004: loss=4.862005
2026-09-17 11:10:50   step 4700/5004: loss=5.072085
2026-09-17 11:11:12   step 4800/5004: loss=4.745931
2026-09-17 11:11:34   step 4900/5004: loss=4.077291
2026-09-17 11:11:56   step 5000/5004: loss=5.311794
2026-09-17 11:11:57 [pjrt_ffi] RESIDENT: @convnextin_fwd holds 182 parameter tensors (109.1 MB) on 1 device; they stop crossing PCIe from here
2026-09-17 11:13:38 Epoch 21/300: loss=4.516302 lr=0.000250
2026-09-17 11:13:38   epoch 21: test_acc = 30459/50000 = 60.918000%  top5 = 41711/50000 = 83.422000%  [95% CI 60.49–61.34]
2026-09-17 11:13:38   step 0/5004: loss=4.466535
2026-09-17 11:13:38   step 1/5004: loss=4.461904
2026-09-17 11:13:39   step 2/5004: loss=3.416227
2026-09-17 11:14:00   step 100/5004: loss=3.465488
2026-09-17 11:14:22   step 200/5004: loss=4.570570
2026-09-17 11:14:44   step 300/5004: loss=4.729225
2026-09-17 11:15:06   step 400/5004: loss=5.161061
2026-09-17 11:15:28   step 500/5004: loss=3.997465
2026-09-17 11:15:50   step 600/5004: loss=3.659896
2026-09-17 11:16:13   step 700/5004: loss=4.967853
2026-09-17 11:16:35   step 800/5004: loss=4.930687
2026-09-17 11:16:57   step 900/5004: loss=4.647308
2026-09-17 11:17:19   step 1000/5004: loss=3.925961
2026-09-17 11:17:41   step 1100/5004: loss=3.923409
2026-09-17 11:18:03   step 1200/5004: loss=4.774707
2026-09-17 11:18:25   step 1300/5004: loss=4.600518
2026-09-17 11:18:48   step 1400/5004: loss=4.725774
2026-09-17 11:19:10   step 1500/5004: loss=3.588693
2026-09-17 11:19:32   step 1600/5004: loss=4.626600
2026-09-17 11:19:54   step 1700/5004: loss=4.826612
2026-09-17 11:20:16   step 1800/5004: loss=4.618346
2026-09-17 11:20:38   step 1900/5004: loss=5.505599
2026-09-17 11:21:00   step 2000/5004: loss=3.988061
2026-09-17 11:21:23   step 2100/5004: loss=3.589503
2026-09-17 11:21:45   step 2200/5004: loss=4.813790
2026-09-17 11:22:08   step 2300/5004: loss=3.298539
2026-09-17 11:22:30   step 2400/5004: loss=5.030367
2026-09-17 11:22:52   step 2500/5004: loss=4.070820
2026-09-17 11:23:15   step 2600/5004: loss=4.135129
2026-09-17 11:23:37   step 2700/5004: loss=3.815589
2026-09-17 11:23:59   step 2800/5004: loss=4.653304
2026-09-17 11:24:22   step 2900/5004: loss=5.292591
2026-09-17 11:24:44   step 3000/5004: loss=3.781980
2026-09-17 11:25:06   step 3100/5004: loss=4.773446
2026-09-17 11:25:28   step 3200/5004: loss=4.568209
2026-09-17 11:25:51   step 3300/5004: loss=4.984108
2026-09-17 11:26:13   step 3400/5004: loss=4.603444
2026-09-17 11:26:35   step 3500/5004: loss=5.023442
2026-09-17 11:26:58   step 3600/5004: loss=4.732982
2026-09-17 11:27:20   step 3700/5004: loss=4.149286
2026-09-17 11:27:42   step 3800/5004: loss=4.881544
2026-09-17 11:28:05   step 3900/5004: loss=3.850498
2026-09-17 11:28:27   step 4000/5004: loss=4.353696
2026-09-17 11:28:49   step 4100/5004: loss=3.351018
2026-09-17 11:29:11   step 4200/5004: loss=5.101972
2026-09-17 11:29:33   step 4300/5004: loss=3.395377
2026-09-17 11:29:55   step 4400/5004: loss=4.369915
2026-09-17 11:30:18   step 4500/5004: loss=4.569075
2026-09-17 11:30:40   step 4600/5004: loss=5.035044
2026-09-17 11:31:03   step 4700/5004: loss=3.546847
2026-09-17 11:31:25   step 4800/5004: loss=4.636596
2026-09-17 11:31:47   step 4900/5004: loss=3.702566
2026-09-17 11:32:09   step 5000/5004: loss=4.344476
2026-09-17 11:32:10 [pjrt_ffi] RESIDENT: @convnextin_fwd holds 182 parameter tensors (109.1 MB) on 1 device; they stop crossing PCIe from here
2026-09-17 11:33:51 Epoch 22/300: loss=4.458521 lr=0.000250
2026-09-17 11:33:51   epoch 22: test_acc = 30991/50000 = 61.982000%  top5 = 42139/50000 = 84.278000%  [95% CI 61.56–62.41]
2026-09-17 11:33:51   step 0/5004: loss=3.516753
2026-09-17 11:33:51   step 1/5004: loss=5.128322
2026-09-17 11:33:51   step 2/5004: loss=4.827824
2026-09-17 11:34:13   step 100/5004: loss=4.713680
2026-09-17 11:34:35   step 200/5004: loss=3.822803
2026-09-17 11:34:57   step 300/5004: loss=4.712034
2026-09-17 11:35:19   step 400/5004: loss=5.298755
2026-09-17 11:35:42   step 500/5004: loss=4.492735
2026-09-17 11:36:04   step 600/5004: loss=3.449694
2026-09-17 11:36:26   step 700/5004: loss=3.069028
2026-09-17 11:36:49   step 800/5004: loss=2.790536
2026-09-17 11:37:11   step 900/5004: loss=3.621407
2026-09-17 11:37:33   step 1000/5004: loss=3.262557
2026-09-17 11:37:55   step 1100/5004: loss=4.837729
2026-09-17 11:38:17   step 1200/5004: loss=4.885576
2026-09-17 11:38:40   step 1300/5004: loss=3.807135
2026-09-17 11:39:02   step 1400/5004: loss=4.315886
2026-09-17 11:39:24   step 1500/5004: loss=4.753489
2026-09-17 11:39:46   step 1600/5004: loss=5.040267
2026-09-17 11:40:08   step 1700/5004: loss=4.942384
2026-09-17 11:40:30   step 1800/5004: loss=4.796062
2026-09-17 11:40:53   step 1900/5004: loss=4.517350
2026-09-17 11:41:15   step 2000/5004: loss=4.803148
2026-09-17 11:41:37   step 2100/5004: loss=4.530524
2026-09-17 11:41:59   step 2200/5004: loss=5.123074
2026-09-17 11:42:21   step 2300/5004: loss=3.827811
2026-09-17 11:42:43   step 2400/5004: loss=3.600726
2026-09-17 11:43:05   step 2500/5004: loss=4.888400
2026-09-17 11:43:27   step 2600/5004: loss=4.547718
2026-09-17 11:43:49   step 2700/5004: loss=3.392543
2026-09-17 11:44:12   step 2800/5004: loss=3.560558
2026-09-17 11:44:34   step 2900/5004: loss=4.491614
2026-09-17 11:44:56   step 3000/5004: loss=4.227066
2026-09-17 11:45:18   step 3100/5004: loss=4.293762
2026-09-17 11:45:41   step 3200/5004: loss=4.943259
2026-09-17 11:46:03   step 3300/5004: loss=3.363474
2026-09-17 11:46:25   step 3400/5004: loss=3.643033
2026-09-17 11:46:47   step 3500/5004: loss=4.843395
2026-09-17 11:47:09   step 3600/5004: loss=5.250330
2026-09-17 11:47:31   step 3700/5004: loss=2.870934
2026-09-17 11:47:53   step 3800/5004: loss=5.369966
2026-09-17 11:48:15   step 3900/5004: loss=4.286208
2026-09-17 11:48:37   step 4000/5004: loss=4.445170
2026-09-17 11:48:59   step 4100/5004: loss=4.508082
2026-09-17 11:49:21   step 4200/5004: loss=5.346023
2026-09-17 11:49:42   step 4300/5004: loss=3.533229
2026-09-17 11:50:04   step 4400/5004: loss=3.835899
2026-09-17 11:50:26   step 4500/5004: loss=4.724087
2026-09-17 11:50:48   step 4600/5004: loss=4.265757
2026-09-17 11:51:11   step 4700/5004: loss=4.748570
2026-09-17 11:51:33   step 4800/5004: loss=4.765230
2026-09-17 11:51:55   step 4900/5004: loss=4.507404
2026-09-17 11:52:17   step 5000/5004: loss=5.115703
2026-09-17 11:52:18 [pjrt_ffi] RESIDENT: @convnextin_fwd holds 182 parameter tensors (109.1 MB) on 1 device; they stop crossing PCIe from here
2026-09-17 11:53:59 Epoch 23/300: loss=4.401623 lr=0.000250
2026-09-17 11:53:59   epoch 23: test_acc = 31349/50000 = 62.698000%  top5 = 42474/50000 = 84.948000%  [95% CI 62.27–63.12]
2026-09-17 11:53:59   step 0/5004: loss=4.766419
2026-09-17 11:53:59   step 1/5004: loss=5.002014
2026-09-17 11:54:00   step 2/5004: loss=3.016654
2026-09-17 11:54:20   step 100/5004: loss=3.911732
2026-09-17 11:54:43   step 200/5004: loss=4.735781
2026-09-17 11:55:05   step 300/5004: loss=3.953158
2026-09-17 11:55:27   step 400/5004: loss=4.625434
2026-09-17 11:55:50   step 500/5004: loss=4.018110
2026-09-17 11:56:12   step 600/5004: loss=4.585158
2026-09-17 11:56:35   step 700/5004: loss=5.173443
2026-09-17 11:56:57   step 800/5004: loss=4.881392
2026-09-17 11:57:20   step 900/5004: loss=3.956920
2026-09-17 11:57:42   step 1000/5004: loss=4.702187
2026-09-17 11:58:05   step 1100/5004: loss=2.601544
2026-09-17 11:58:27   step 1200/5004: loss=3.937220
2026-09-17 11:58:49   step 1300/5004: loss=4.731523
2026-09-17 11:59:11   step 1400/5004: loss=4.073771
2026-09-17 11:59:33   step 1500/5004: loss=3.494463
2026-09-17 11:59:55   step 1600/5004: loss=4.685279
2026-09-17 12:00:17   step 1700/5004: loss=4.468616
2026-09-17 12:00:39   step 1800/5004: loss=4.437850
2026-09-17 12:01:00   step 1900/5004: loss=4.816984
2026-09-17 12:01:23   step 2000/5004: loss=4.603838
2026-09-17 12:01:45   step 2100/5004: loss=3.515376
2026-09-17 12:02:07   step 2200/5004: loss=4.128765
2026-09-17 12:02:29   step 2300/5004: loss=3.607800
2026-09-17 12:02:51   step 2400/5004: loss=4.429214
2026-09-17 12:03:13   step 2500/5004: loss=3.719893
2026-09-17 12:03:35   step 2600/5004: loss=4.490000
2026-09-17 12:03:57   step 2700/5004: loss=5.185109
2026-09-17 12:04:20   step 2800/5004: loss=3.628377
2026-09-17 12:04:42   step 2900/5004: loss=4.721488
2026-09-17 12:05:04   step 3000/5004: loss=4.730035
2026-09-17 12:05:26   step 3100/5004: loss=4.360463
2026-09-17 12:05:49   step 3200/5004: loss=4.523352
2026-09-17 12:06:11   step 3300/5004: loss=3.505286
2026-09-17 12:06:33   step 3400/5004: loss=4.630493
2026-09-17 12:06:55   step 3500/5004: loss=5.116460
2026-09-17 12:07:18   step 3600/5004: loss=4.776064
2026-09-17 12:07:40   step 3700/5004: loss=4.967437
2026-09-17 12:08:02   step 3800/5004: loss=4.410410
2026-09-17 12:08:24   step 3900/5004: loss=3.238876
2026-09-17 12:08:46   step 4000/5004: loss=4.501819
2026-09-17 12:09:09   step 4100/5004: loss=4.882099
2026-09-17 12:09:31   step 4200/5004: loss=3.186980
2026-09-17 12:09:53   step 4300/5004: loss=3.851134
2026-09-17 12:10:15   step 4400/5004: loss=3.203336
2026-09-17 12:10:38   step 4500/5004: loss=3.122504
2026-09-17 12:11:00   step 4600/5004: loss=2.868126
2026-09-17 12:11:22   step 4700/5004: loss=3.624414
2026-09-17 12:11:44   step 4800/5004: loss=4.778059
2026-09-17 12:12:06   step 4900/5004: loss=4.366723
2026-09-17 12:12:28   step 5000/5004: loss=4.631921
2026-09-17 12:12:28 [pjrt_ffi] RESIDENT: @convnextin_fwd holds 182 parameter tensors (109.1 MB) on 1 device; they stop crossing PCIe from here
2026-09-17 12:14:09 Epoch 24/300: loss=4.360578 lr=0.000250
2026-09-17 12:14:09   epoch 24: test_acc = 31829/50000 = 63.658000%  top5 = 42848/50000 = 85.696000%  [95% CI 63.24–64.08]
2026-09-17 12:14:10   step 0/5004: loss=5.084575
2026-09-17 12:14:10   step 1/5004: loss=5.042468
2026-09-17 12:14:10   step 2/5004: loss=3.321023
2026-09-17 12:14:31   step 100/5004: loss=4.608883
2026-09-17 12:14:53   step 200/5004: loss=3.757092
2026-09-17 12:15:15   step 300/5004: loss=3.639446
2026-09-17 12:15:37   step 400/5004: loss=4.953498
2026-09-17 12:15:59   step 500/5004: loss=4.414118
2026-09-17 12:16:22   step 600/5004: loss=3.680337
2026-09-17 12:16:44   step 700/5004: loss=4.702552
2026-09-17 12:17:06   step 800/5004: loss=4.849565
2026-09-17 12:17:28   step 900/5004: loss=3.333291
2026-09-17 12:17:49   step 1000/5004: loss=5.318422
2026-09-17 12:18:11   step 1100/5004: loss=4.488873
2026-09-17 12:18:32   step 1200/5004: loss=5.177796
2026-09-17 12:18:54   step 1300/5004: loss=4.600892
2026-09-17 12:19:16   step 1400/5004: loss=4.735415
2026-09-17 12:19:38   step 1500/5004: loss=4.708989
2026-09-17 12:20:00   step 1600/5004: loss=4.222515
2026-09-17 12:20:22   step 1700/5004: loss=4.041253
2026-09-17 12:20:45   step 1800/5004: loss=3.855754
2026-09-17 12:21:06   step 1900/5004: loss=4.741328
2026-09-17 12:21:29   step 2000/5004: loss=5.191790
2026-09-17 12:21:51   step 2100/5004: loss=4.546414
2026-09-17 12:22:13   step 2200/5004: loss=5.049746
2026-09-17 12:22:35   step 2300/5004: loss=4.240633
2026-09-17 12:22:57   step 2400/5004: loss=5.196191
2026-09-17 12:23:20   step 2500/5004: loss=5.150754
2026-09-17 12:23:42   step 2600/5004: loss=5.254193
2026-09-17 12:24:04   step 2700/5004: loss=3.704355
2026-09-17 12:24:26   step 2800/5004: loss=3.730961
2026-09-17 12:24:48   step 2900/5004: loss=3.433341
2026-09-17 12:25:11   step 3000/5004: loss=3.615173
2026-09-17 12:25:33   step 3100/5004: loss=4.773247
2026-09-17 12:25:56   step 3200/5004: loss=3.699785
2026-09-17 12:26:18   step 3300/5004: loss=4.433978
2026-09-17 12:26:40   step 3400/5004: loss=3.373892
2026-09-17 12:27:02   step 3500/5004: loss=3.580471
2026-09-17 12:27:25   step 3600/5004: loss=5.221418
2026-09-17 12:27:47   step 3700/5004: loss=4.450991
2026-09-17 12:28:09   step 3800/5004: loss=3.841247
2026-09-17 12:28:31   step 3900/5004: loss=4.314902
2026-09-17 12:28:53   step 4000/5004: loss=4.676936
2026-09-17 12:29:16   step 4100/5004: loss=4.718857
2026-09-17 12:29:38   step 4200/5004: loss=4.607511
2026-09-17 12:30:00   step 4300/5004: loss=4.448268
2026-09-17 12:30:22   step 4400/5004: loss=5.156128
2026-09-17 12:30:45   step 4500/5004: loss=4.693300
2026-09-17 12:31:07   step 4600/5004: loss=3.458504
2026-09-17 12:31:29   step 4700/5004: loss=4.046214
2026-09-17 12:31:51   step 4800/5004: loss=5.133079
2026-09-17 12:32:13   step 4900/5004: loss=3.593952
2026-09-17 12:32:35   step 5000/5004: loss=3.961420
2026-09-17 12:32:36 [pjrt_ffi] RESIDENT: @convnextin_fwd holds 182 parameter tensors (109.1 MB) on 1 device; they stop crossing PCIe from here
2026-09-17 12:34:16 Epoch 25/300: loss=4.321880 lr=0.000250
2026-09-17 12:34:16   epoch 25: test_acc = 32424/50000 = 64.848000%  top5 = 43121/50000 = 86.242000%  [95% CI 64.43–65.27]
2026-09-17 12:34:17   step 0/5004: loss=5.088877
2026-09-17 12:34:17   step 1/5004: loss=4.022608
2026-09-17 12:34:17   step 2/5004: loss=4.892676
2026-09-17 12:34:39   step 100/5004: loss=3.579243
2026-09-17 12:35:02   step 200/5004: loss=4.516896
2026-09-17 12:35:24   step 300/5004: loss=4.561625
2026-09-17 12:35:46   step 400/5004: loss=4.051239
2026-09-17 12:36:09   step 500/5004: loss=5.123062
2026-09-17 12:36:31   step 600/5004: loss=4.613082
2026-09-17 12:36:53   step 700/5004: loss=3.409978
2026-09-17 12:37:15   step 800/5004: loss=4.837091
2026-09-17 12:37:37   step 900/5004: loss=4.485593
2026-09-17 12:37:59   step 1000/5004: loss=4.508677
2026-09-17 12:38:21   step 1100/5004: loss=5.181186
2026-09-17 12:38:43   step 1200/5004: loss=4.907542
2026-09-17 12:39:05   step 1300/5004: loss=4.373522
2026-09-17 12:39:27   step 1400/5004: loss=4.535491
2026-09-17 12:39:50   step 1500/5004: loss=3.607957
2026-09-17 12:40:12   step 1600/5004: loss=4.145877
2026-09-17 12:40:34   step 1700/5004: loss=4.453342
2026-09-17 12:40:56   step 1800/5004: loss=4.123663
2026-09-17 12:41:19   step 1900/5004: loss=4.582183
2026-09-17 12:41:40   step 2000/5004: loss=4.681853
2026-09-17 12:42:02   step 2100/5004: loss=4.240761
2026-09-17 12:42:24   step 2200/5004: loss=2.884139
2026-09-17 12:42:46   step 2300/5004: loss=4.212552
2026-09-17 12:43:08   step 2400/5004: loss=3.996715
2026-09-17 12:43:30   step 2500/5004: loss=4.654834
2026-09-17 12:43:52   step 2600/5004: loss=3.601667
2026-09-17 12:44:15   step 2700/5004: loss=2.908512
2026-09-17 12:44:37   step 2800/5004: loss=4.764994
2026-09-17 12:44:59   step 2900/5004: loss=3.988652
2026-09-17 12:45:22   step 3000/5004: loss=4.910300
2026-09-17 12:45:44   step 3100/5004: loss=3.882098
2026-09-17 12:46:06   step 3200/5004: loss=4.706487
2026-09-17 12:46:29   step 3300/5004: loss=5.039708
2026-09-17 12:46:51   step 3400/5004: loss=4.762028
2026-09-17 12:47:13   step 3500/5004: loss=5.061685
2026-09-17 12:47:36   step 3600/5004: loss=3.923157
2026-09-17 12:47:58   step 3700/5004: loss=4.482396
2026-09-17 12:48:20   step 3800/5004: loss=4.531911
2026-09-17 12:48:41   step 3900/5004: loss=4.646979
2026-09-17 12:49:04   step 4000/5004: loss=4.398703
2026-09-17 12:49:25   step 4100/5004: loss=4.862145
2026-09-17 12:49:48   step 4200/5004: loss=4.632494
2026-09-17 12:50:10   step 4300/5004: loss=4.936910
2026-09-17 12:50:32   step 4400/5004: loss=4.484436
2026-09-17 12:50:54   step 4500/5004: loss=4.805106
2026-09-17 12:51:17   step 4600/5004: loss=4.624907
2026-09-17 12:51:39   step 4700/5004: loss=3.538596
2026-09-17 12:52:01   step 4800/5004: loss=3.090375
2026-09-17 12:52:24   step 4900/5004: loss=5.021508
2026-09-17 12:52:46   step 5000/5004: loss=4.217535
2026-09-17 12:52:46 [pjrt_ffi] RESIDENT: @convnextin_fwd holds 182 parameter tensors (109.1 MB) on 1 device; they stop crossing PCIe from here
2026-09-17 12:54:27 Epoch 26/300: loss=4.265762 lr=0.000250
2026-09-17 12:54:27   epoch 26: test_acc = 32411/50000 = 64.822000%  top5 = 43350/50000 = 86.700000%  [95% CI 64.40–65.24]
2026-09-17 12:54:28   step 0/5004: loss=4.537586
2026-09-17 12:54:28   step 1/5004: loss=4.417331
2026-09-17 12:54:28   step 2/5004: loss=5.200728
2026-09-17 12:54:49   step 100/5004: loss=4.615291
2026-09-17 12:55:12   step 200/5004: loss=4.616747
2026-09-17 12:55:34   step 300/5004: loss=4.178029
2026-09-17 12:55:56   step 400/5004: loss=2.898980
2026-09-17 12:56:18   step 500/5004: loss=4.625499
2026-09-17 12:56:40   step 600/5004: loss=3.723328
2026-09-17 12:57:02   step 700/5004: loss=4.879996
2026-09-17 12:57:25   step 800/5004: loss=4.277494
2026-09-17 12:57:47   step 900/5004: loss=4.422647
2026-09-17 12:58:09   step 1000/5004: loss=3.372428
2026-09-17 12:58:31   step 1100/5004: loss=4.122643
2026-09-17 12:58:53   step 1200/5004: loss=4.832217
2026-09-17 12:59:15   step 1300/5004: loss=4.966983
2026-09-17 12:59:37   step 1400/5004: loss=4.228759
2026-09-17 12:59:59   step 1500/5004: loss=4.565952
2026-09-17 13:00:22   step 1600/5004: loss=4.855911
2026-09-17 13:00:44   step 1700/5004: loss=4.687460
2026-09-17 13:01:06   step 1800/5004: loss=4.772655
2026-09-17 13:01:28   step 1900/5004: loss=4.587005
2026-09-17 13:01:50   step 2000/5004: loss=3.225554
2026-09-17 13:02:12   step 2100/5004: loss=4.518778
2026-09-17 13:02:34   step 2200/5004: loss=2.844928
2026-09-17 13:02:56   step 2300/5004: loss=4.248517
2026-09-17 13:03:19   step 2400/5004: loss=3.685159
2026-09-17 13:03:41   step 2500/5004: loss=4.186242
2026-09-17 13:04:04   step 2600/5004: loss=4.509269
2026-09-17 13:04:25   step 2700/5004: loss=3.175814
2026-09-17 13:04:48   step 2800/5004: loss=3.188715
2026-09-17 13:05:10   step 2900/5004: loss=3.996131
2026-09-17 13:05:32   step 3000/5004: loss=4.526028
2026-09-17 13:05:55   step 3100/5004: loss=3.673518
2026-09-17 13:06:17   step 3200/5004: loss=3.235688
2026-09-17 13:06:39   step 3300/5004: loss=4.142959
2026-09-17 13:07:02   step 3400/5004: loss=4.365476
2026-09-17 13:07:24   step 3500/5004: loss=4.305443
2026-09-17 13:07:46   step 3600/5004: loss=2.937548
2026-09-17 13:08:08   step 3700/5004: loss=4.719255
2026-09-17 13:08:30   step 3800/5004: loss=3.821067
2026-09-17 13:08:53   step 3900/5004: loss=2.779555
2026-09-17 13:09:15   step 4000/5004: loss=4.354339
2026-09-17 13:09:37   step 4100/5004: loss=3.685694
2026-09-17 13:09:59   step 4200/5004: loss=3.825621
2026-09-17 13:10:21   step 4300/5004: loss=4.811176
2026-09-17 13:10:43   step 4400/5004: loss=3.388895
2026-09-17 13:11:05   step 4500/5004: loss=4.000246
2026-09-17 13:11:27   step 4600/5004: loss=4.275185
2026-09-17 13:11:50   step 4700/5004: loss=4.358934
2026-09-17 13:12:12   step 4800/5004: loss=2.894792
2026-09-17 13:12:34   step 4900/5004: loss=3.154311
2026-09-17 13:12:55   step 5000/5004: loss=5.122498
2026-09-17 13:12:56 [pjrt_ffi] RESIDENT: @convnextin_fwd holds 182 parameter tensors (109.1 MB) on 1 device; they stop crossing PCIe from here
2026-09-17 13:14:37 Epoch 27/300: loss=4.227161 lr=0.000250
2026-09-17 13:14:37   epoch 27: test_acc = 32890/50000 = 65.780000%  top5 = 43581/50000 = 87.162000%  [95% CI 65.36–66.19]
2026-09-17 13:14:38   step 0/5004: loss=4.076376
2026-09-17 13:14:38   step 1/5004: loss=4.700937
2026-09-17 13:14:38   step 2/5004: loss=4.773396
2026-09-17 13:14:59   step 100/5004: loss=5.037261
2026-09-17 13:15:21   step 200/5004: loss=4.506471
2026-09-17 13:15:43   step 300/5004: loss=5.203929
2026-09-17 13:16:05   step 400/5004: loss=4.234490
2026-09-17 13:16:27   step 500/5004: loss=4.149949
2026-09-17 13:16:50   step 600/5004: loss=4.260953
2026-09-17 13:17:12   step 700/5004: loss=4.115402
2026-09-17 13:17:35   step 800/5004: loss=3.794309
2026-09-17 13:17:57   step 900/5004: loss=3.688940
2026-09-17 13:18:19   step 1000/5004: loss=4.712550
2026-09-17 13:18:41   step 1100/5004: loss=3.476737
2026-09-17 13:19:03   step 1200/5004: loss=3.317628
2026-09-17 13:19:25   step 1300/5004: loss=3.133819
2026-09-17 13:19:47   step 1400/5004: loss=4.503664
2026-09-17 13:20:09   step 1500/5004: loss=2.883455
2026-09-17 13:20:31   step 1600/5004: loss=4.530902
2026-09-17 13:20:53   step 1700/5004: loss=4.938341
2026-09-17 13:21:16   step 1800/5004: loss=3.578305
2026-09-17 13:21:38   step 1900/5004: loss=4.923618
2026-09-17 13:22:00   step 2000/5004: loss=4.571591
2026-09-17 13:22:22   step 2100/5004: loss=3.274414
2026-09-17 13:22:44   step 2200/5004: loss=4.596361
2026-09-17 13:23:06   step 2300/5004: loss=3.103697
2026-09-17 13:23:29   step 2400/5004: loss=4.035494
2026-09-17 13:23:51   step 2500/5004: loss=4.201654
2026-09-17 13:24:13   step 2600/5004: loss=4.562784
2026-09-17 13:24:35   step 2700/5004: loss=3.332532
2026-09-17 13:24:58   step 2800/5004: loss=4.552026
2026-09-17 13:25:20   step 2900/5004: loss=3.786689
2026-09-17 13:25:42   step 3000/5004: loss=4.213526
2026-09-17 13:26:04   step 3100/5004: loss=3.805482
2026-09-17 13:26:26   step 3200/5004: loss=4.652408
2026-09-17 13:26:48   step 3300/5004: loss=2.923949
2026-09-17 13:27:10   step 3400/5004: loss=4.200975
2026-09-17 13:27:33   step 3500/5004: loss=4.565614
2026-09-17 13:27:55   step 3600/5004: loss=3.748187
2026-09-17 13:28:17   step 3700/5004: loss=4.413587
2026-09-17 13:28:39   step 3800/5004: loss=4.452879
2026-09-17 13:29:01   step 3900/5004: loss=5.054966
2026-09-17 13:29:23   step 4000/5004: loss=3.640439
2026-09-17 13:29:45   step 4100/5004: loss=4.687313
2026-09-17 13:30:07   step 4200/5004: loss=3.735902
2026-09-17 13:30:29   step 4300/5004: loss=3.112588
2026-09-17 13:30:50   step 4400/5004: loss=4.916995
2026-09-17 13:31:13   step 4500/5004: loss=3.081635
2026-09-17 13:31:35   step 4600/5004: loss=4.164730
2026-09-17 13:31:57   step 4700/5004: loss=3.102551
2026-09-17 13:32:19   step 4800/5004: loss=4.486717
2026-09-17 13:32:41   step 4900/5004: loss=4.310425
2026-09-17 13:33:03   step 5000/5004: loss=4.406297
2026-09-17 13:33:04 [pjrt_ffi] RESIDENT: @convnextin_fwd holds 182 parameter tensors (109.1 MB) on 1 device; they stop crossing PCIe from here
2026-09-17 13:34:45 Epoch 28/300: loss=4.206849 lr=0.000249
2026-09-17 13:34:45   epoch 28: test_acc = 33239/50000 = 66.478000%  top5 = 43862/50000 = 87.724000%  [95% CI 66.06–66.89]
2026-09-17 13:34:45   step 0/5004: loss=2.859065
2026-09-17 13:34:46   step 1/5004: loss=4.155273
2026-09-17 13:34:46   step 2/5004: loss=4.090103
2026-09-17 13:35:07   step 100/5004: loss=3.232080
2026-09-17 13:35:29   step 200/5004: loss=4.521619
2026-09-17 13:35:51   step 300/5004: loss=4.570487
2026-09-17 13:36:13   step 400/5004: loss=3.807377
2026-09-17 13:36:35   step 500/5004: loss=4.247321
2026-09-17 13:36:57   step 600/5004: loss=3.265794
2026-09-17 13:37:19   step 700/5004: loss=4.344794
2026-09-17 13:37:42   step 800/5004: loss=4.694645
2026-09-17 13:38:04   step 900/5004: loss=3.392247
2026-09-17 13:38:26   step 1000/5004: loss=4.440456
2026-09-17 13:38:48   step 1100/5004: loss=3.485185
2026-09-17 13:39:10   step 1200/5004: loss=4.902820
2026-09-17 13:39:32   step 1300/5004: loss=3.341944
2026-09-17 13:39:53   step 1400/5004: loss=3.051850
2026-09-17 13:40:15   step 1500/5004: loss=4.692424
2026-09-17 13:40:37   step 1600/5004: loss=4.830251
2026-09-17 13:40:59   step 1700/5004: loss=4.219474
2026-09-17 13:41:21   step 1800/5004: loss=4.711249
2026-09-17 13:41:43   step 1900/5004: loss=4.407024
2026-09-17 13:42:04   step 2000/5004: loss=4.576282
2026-09-17 13:42:26   step 2100/5004: loss=4.562985
2026-09-17 13:42:48   step 2200/5004: loss=3.982147
2026-09-17 13:43:10   step 2300/5004: loss=3.634165
2026-09-17 13:43:33   step 2400/5004: loss=4.614205
2026-09-17 13:43:55   step 2500/5004: loss=4.427120
2026-09-17 13:44:17   step 2600/5004: loss=3.817134
2026-09-17 13:44:40   step 2700/5004: loss=4.272584
2026-09-17 13:45:02   step 2800/5004: loss=4.781373
2026-09-17 13:45:24   step 2900/5004: loss=4.330719
2026-09-17 13:45:46   step 3000/5004: loss=5.166123
2026-09-17 13:46:08   step 3100/5004: loss=5.010198
2026-09-17 13:46:30   step 3200/5004: loss=3.885345
2026-09-17 13:46:53   step 3300/5004: loss=4.480298
2026-09-17 13:47:15   step 3400/5004: loss=2.846809
2026-09-17 13:47:37   step 3500/5004: loss=4.160156
2026-09-17 13:47:59   step 3600/5004: loss=3.058102
2026-09-17 13:48:21   step 3700/5004: loss=4.059676
2026-09-17 13:48:43   step 3800/5004: loss=4.526622
2026-09-17 13:49:05   step 3900/5004: loss=4.358037
2026-09-17 13:49:27   step 4000/5004: loss=4.343260
2026-09-17 13:49:49   step 4100/5004: loss=4.670586
2026-09-17 13:50:11   step 4200/5004: loss=4.746747
2026-09-17 13:50:33   step 4300/5004: loss=4.418271
2026-09-17 13:50:55   step 4400/5004: loss=3.608209
2026-09-17 13:51:17   step 4500/5004: loss=4.650779
2026-09-17 13:51:39   step 4600/5004: loss=4.685480
2026-09-17 13:52:02   step 4700/5004: loss=4.493358
2026-09-17 13:52:24   step 4800/5004: loss=4.265848
2026-09-17 13:52:46   step 4900/5004: loss=4.353013
2026-09-17 13:53:08   step 5000/5004: loss=3.825476
2026-09-17 13:53:09 [pjrt_ffi] RESIDENT: @convnextin_fwd holds 182 parameter tensors (109.1 MB) on 1 device; they stop crossing PCIe from here
2026-09-17 13:54:50 Epoch 29/300: loss=4.162749 lr=0.000249
2026-09-17 13:54:50   epoch 29: test_acc = 33446/50000 = 66.892000%  top5 = 43886/50000 = 87.772000%  [95% CI 66.48–67.30]
2026-09-17 13:54:50   step 0/5004: loss=4.475842
2026-09-17 13:54:50   step 1/5004: loss=4.629091
2026-09-17 13:54:50   step 2/5004: loss=2.962129
2026-09-17 13:55:12   step 100/5004: loss=4.131406
2026-09-17 13:55:34   step 200/5004: loss=4.395263
2026-09-17 13:55:56   step 300/5004: loss=4.200258
2026-09-17 13:56:18   step 400/5004: loss=4.364841
2026-09-17 13:56:40   step 500/5004: loss=2.868191
2026-09-17 13:57:02   step 600/5004: loss=3.634182
2026-09-17 13:57:24   step 700/5004: loss=4.643448
2026-09-17 13:57:46   step 800/5004: loss=4.658363
2026-09-17 13:58:08   step 900/5004: loss=2.901709
2026-09-17 13:58:30   step 1000/5004: loss=4.020816
2026-09-17 13:58:52   step 1100/5004: loss=4.240444
2026-09-17 13:59:13   step 1200/5004: loss=4.327258
2026-09-17 13:59:35   step 1300/5004: loss=2.909511
2026-09-17 13:59:57   step 1400/5004: loss=4.436813
2026-09-17 14:00:19   step 1500/5004: loss=4.678498
2026-09-17 14:00:41   step 1600/5004: loss=4.555741
2026-09-17 14:01:03   step 1700/5004: loss=4.911321
2026-09-17 14:01:26   step 1800/5004: loss=4.458245
2026-09-17 14:01:48   step 1900/5004: loss=4.180815
2026-09-17 14:02:09   step 2000/5004: loss=4.252319
2026-09-17 14:02:31   step 2100/5004: loss=4.720145
2026-09-17 14:02:53   step 2200/5004: loss=4.433249
2026-09-17 14:03:15   step 2300/5004: loss=4.213929
2026-09-17 14:03:36   step 2400/5004: loss=4.501400
2026-09-17 14:03:59   step 2500/5004: loss=3.523800
2026-09-17 14:04:21   step 2600/5004: loss=4.104970
2026-09-17 14:04:43   step 2700/5004: loss=3.887396
2026-09-17 14:05:05   step 2800/5004: loss=4.192295
2026-09-17 14:05:27   step 2900/5004: loss=4.724090
2026-09-17 14:05:48   step 3000/5004: loss=4.590919
2026-09-17 14:06:10   step 3100/5004: loss=4.440769
2026-09-17 14:06:32   step 3200/5004: loss=4.464344
2026-09-17 14:06:54   step 3300/5004: loss=3.346768
2026-09-17 14:07:16   step 3400/5004: loss=4.500700
2026-09-17 14:07:38   step 3500/5004: loss=4.215839
2026-09-17 14:08:00   step 3600/5004: loss=4.102509
2026-09-17 14:08:21   step 3700/5004: loss=4.110976
2026-09-17 14:08:43   step 3800/5004: loss=4.554534
2026-09-17 14:09:05   step 3900/5004: loss=4.986159
2026-09-17 14:09:27   step 4000/5004: loss=3.665291
2026-09-17 14:09:48   step 4100/5004: loss=3.108020
2026-09-17 14:10:10   step 4200/5004: loss=4.622637
2026-09-17 14:10:31   step 4300/5004: loss=4.231903
2026-09-17 14:10:53   step 4400/5004: loss=4.625186
2026-09-17 14:11:15   step 4500/5004: loss=4.616680
2026-09-17 14:11:37   step 4600/5004: loss=4.468654
2026-09-17 14:11:59   step 4700/5004: loss=3.348890
2026-09-17 14:12:20   step 4800/5004: loss=3.304771
2026-09-17 14:12:42   step 4900/5004: loss=4.787982
2026-09-17 14:13:04   step 5000/5004: loss=4.419740
2026-09-17 14:13:05 [pjrt_ffi] RESIDENT: @convnextin_fwd holds 182 parameter tensors (109.1 MB) on 1 device; they stop crossing PCIe from here
2026-09-17 14:14:46 Epoch 30/300: loss=4.143704 lr=0.000249
2026-09-17 14:14:46   epoch 30: test_acc = 33646/50000 = 67.292000%  top5 = 44123/50000 = 88.246000%  [95% CI 66.88–67.70]
2026-09-17 14:14:51   ▸ shim respawn: producer 2 of 4 replaced after epoch 30 (generation 3, seed 15)
2026-09-17 14:14:51   step 0/5004: loss=4.756785
2026-09-17 14:14:51   step 1/5004: loss=4.387079
2026-09-17 14:14:52   step 2/5004: loss=3.285927
2026-09-17 14:15:14   step 100/5004: loss=4.477388
2026-09-17 14:15:37   step 200/5004: loss=3.287883
2026-09-17 14:16:00   step 300/5004: loss=4.781730
2026-09-17 14:16:22   step 400/5004: loss=4.100863
2026-09-17 14:16:45   step 500/5004: loss=4.287460
2026-09-17 14:17:07   step 600/5004: loss=4.720153
2026-09-17 14:17:29   step 700/5004: loss=4.579473
2026-09-17 14:17:52   step 800/5004: loss=5.183279
2026-09-17 14:18:14   step 900/5004: loss=4.480558
2026-09-17 14:18:37   step 1000/5004: loss=4.197981
2026-09-17 14:18:59   step 1100/5004: loss=3.945805
2026-09-17 14:19:21   step 1200/5004: loss=3.168536
2026-09-17 14:19:44   step 1300/5004: loss=4.455680
2026-09-17 14:20:06   step 1400/5004: loss=3.132384
2026-09-17 14:20:28   step 1500/5004: loss=4.128685
2026-09-17 14:20:50   step 1600/5004: loss=3.705313
2026-09-17 14:21:13   step 1700/5004: loss=4.542593
2026-09-17 14:21:35   step 1800/5004: loss=3.857479
2026-09-17 14:21:57   step 1900/5004: loss=4.714781
2026-09-17 14:22:19   step 2000/5004: loss=2.622370
2026-09-17 14:22:41   step 2100/5004: loss=4.453731
2026-09-17 14:23:03   step 2200/5004: loss=4.834960
2026-09-17 14:23:26   step 2300/5004: loss=3.867281
2026-09-17 14:23:49   step 2400/5004: loss=3.116617
2026-09-17 14:24:11   step 2500/5004: loss=3.320327
2026-09-17 14:24:33   step 2600/5004: loss=4.686681
2026-09-17 14:24:56   step 2700/5004: loss=4.561731
2026-09-17 14:25:18   step 2800/5004: loss=4.806869
2026-09-17 14:25:41   step 2900/5004: loss=4.635456
2026-09-17 14:26:03   step 3000/5004: loss=3.564121
2026-09-17 14:26:26   step 3100/5004: loss=2.941070
2026-09-17 14:26:48   step 3200/5004: loss=4.290294
2026-09-17 14:27:10   step 3300/5004: loss=4.027436
2026-09-17 14:27:33   step 3400/5004: loss=4.096693
2026-09-17 14:27:55   step 3500/5004: loss=4.525293
2026-09-17 14:28:17   step 3600/5004: loss=3.855695
2026-09-17 14:28:40   step 3700/5004: loss=4.875319
2026-09-17 14:29:02   step 3800/5004: loss=4.783964
2026-09-17 14:29:24   step 3900/5004: loss=3.510041
2026-09-17 14:29:46   step 4000/5004: loss=4.088216
2026-09-17 14:30:08   step 4100/5004: loss=4.170585
2026-09-17 14:30:31   step 4200/5004: loss=4.094811
2026-09-17 14:30:53   step 4300/5004: loss=2.990389
2026-09-17 14:31:15   step 4400/5004: loss=4.699005
2026-09-17 14:31:38   step 4500/5004: loss=4.493108
2026-09-17 14:32:00   step 4600/5004: loss=3.112051
2026-09-17 14:32:22   step 4700/5004: loss=4.493691
2026-09-17 14:32:45   step 4800/5004: loss=4.155883
2026-09-17 14:33:07   step 4900/5004: loss=3.846716
2026-09-17 14:33:29   step 5000/5004: loss=3.092186
2026-09-17 14:33:30 [pjrt_ffi] RESIDENT: @convnextin_fwd holds 182 parameter tensors (109.1 MB) on 1 device; they stop crossing PCIe from here
2026-09-17 14:35:11 Epoch 31/300: loss=4.137751 lr=0.000249
2026-09-17 14:35:11   epoch 31: test_acc = 33981/50000 = 67.962000%  top5 = 44191/50000 = 88.382000%  [95% CI 67.55–68.37]
2026-09-17 14:35:11   step 0/5004: loss=4.554095
2026-09-17 14:35:11   step 1/5004: loss=3.611876
2026-09-17 14:35:11   step 2/5004: loss=4.476482
2026-09-17 14:35:33   step 100/5004: loss=4.841358
2026-09-17 14:35:55   step 200/5004: loss=4.217960
2026-09-17 14:36:17   step 300/5004: loss=4.446772
2026-09-17 14:36:39   step 400/5004: loss=4.065766
2026-09-17 14:37:01   step 500/5004: loss=3.362357
2026-09-17 14:37:23   step 600/5004: loss=4.836373
2026-09-17 14:37:45   step 700/5004: loss=2.693326
2026-09-17 14:38:07   step 800/5004: loss=4.133625
2026-09-17 14:38:29   step 900/5004: loss=3.999538
2026-09-17 14:38:51   step 1000/5004: loss=4.666717
2026-09-17 14:39:14   step 1100/5004: loss=4.955755
2026-09-17 14:39:36   step 1200/5004: loss=3.894682
2026-09-17 14:39:58   step 1300/5004: loss=2.793838
2026-09-17 14:40:19   step 1400/5004: loss=3.532559
2026-09-17 14:40:41   step 1500/5004: loss=2.976945
2026-09-17 14:41:03   step 1600/5004: loss=4.318667
2026-09-17 14:41:25   step 1700/5004: loss=4.815153
2026-09-17 14:41:47   step 1800/5004: loss=3.431630
2026-09-17 14:42:09   step 1900/5004: loss=4.448685
2026-09-17 14:42:31   step 2000/5004: loss=3.284585
2026-09-17 14:42:53   step 2100/5004: loss=3.050892
2026-09-17 14:43:15   step 2200/5004: loss=4.302754
2026-09-17 14:43:37   step 2300/5004: loss=4.812551
2026-09-17 14:43:59   step 2400/5004: loss=3.589880
2026-09-17 14:44:21   step 2500/5004: loss=2.672802
2026-09-17 14:44:43   step 2600/5004: loss=4.526729
2026-09-17 14:45:05   step 2700/5004: loss=4.461099
2026-09-17 14:45:27   step 2800/5004: loss=4.423487
2026-09-17 14:45:49   step 2900/5004: loss=4.811813
2026-09-17 14:46:11   step 3000/5004: loss=3.427666
2026-09-17 14:46:33   step 3100/5004: loss=4.049541
2026-09-17 14:46:55   step 3200/5004: loss=4.563667
2026-09-17 14:47:18   step 3300/5004: loss=4.152689
2026-09-17 14:47:40   step 3400/5004: loss=4.435758
2026-09-17 14:48:02   step 3500/5004: loss=4.497071
2026-09-17 14:48:24   step 3600/5004: loss=4.482118
2026-09-17 14:48:46   step 3700/5004: loss=4.898343
2026-09-17 14:49:08   step 3800/5004: loss=4.477151
2026-09-17 14:49:30   step 3900/5004: loss=4.491695
2026-09-17 14:49:52   step 4000/5004: loss=4.397319
2026-09-17 14:50:14   step 4100/5004: loss=3.509169
2026-09-17 14:50:36   step 4200/5004: loss=4.226815
2026-09-17 14:50:58   step 4300/5004: loss=4.524919
2026-09-17 14:51:19   step 4400/5004: loss=4.436660
2026-09-17 14:51:42   step 4500/5004: loss=4.988598
2026-09-17 14:52:04   step 4600/5004: loss=4.534108
2026-09-17 14:52:26   step 4700/5004: loss=4.845652
2026-09-17 14:52:47   step 4800/5004: loss=4.371054
2026-09-17 14:53:09   step 4900/5004: loss=3.098629
2026-09-17 14:53:31   step 5000/5004: loss=3.770819
2026-09-17 14:53:32 [pjrt_ffi] RESIDENT: @convnextin_fwd holds 182 parameter tensors (109.1 MB) on 1 device; they stop crossing PCIe from here
2026-09-17 14:55:13 Epoch 32/300: loss=4.107176 lr=0.000249
2026-09-17 14:55:13   epoch 32: test_acc = 34111/50000 = 68.222000%  top5 = 44307/50000 = 88.614000%  [95% CI 67.81–68.63]
2026-09-17 14:55:13   step 0/5004: loss=3.952795
2026-09-17 14:55:13   step 1/5004: loss=4.693001
2026-09-17 14:55:13   step 2/5004: loss=3.946613
2026-09-17 14:55:34   step 100/5004: loss=4.199414
2026-09-17 14:55:56   step 200/5004: loss=3.536093
2026-09-17 14:56:19   step 300/5004: loss=3.247444
2026-09-17 14:56:41   step 400/5004: loss=3.243381
2026-09-17 14:57:03   step 500/5004: loss=4.482862
2026-09-17 14:57:25   step 600/5004: loss=2.766162
2026-09-17 14:57:48   step 700/5004: loss=4.589852
2026-09-17 14:58:10   step 800/5004: loss=4.308193
2026-09-17 14:58:32   step 900/5004: loss=4.634135
2026-09-17 14:58:54   step 1000/5004: loss=5.247072
2026-09-17 14:59:17   step 1100/5004: loss=4.424154
2026-09-17 14:59:39   step 1200/5004: loss=4.418782
2026-09-17 15:00:01   step 1300/5004: loss=3.822128
2026-09-17 15:00:23   step 1400/5004: loss=3.134404
2026-09-17 15:00:45   step 1500/5004: loss=2.909900
2026-09-17 15:01:07   step 1600/5004: loss=4.460574
2026-09-17 15:01:29   step 1700/5004: loss=4.455451
2026-09-17 15:01:52   step 1800/5004: loss=5.001067
2026-09-17 15:02:14   step 1900/5004: loss=3.961709
2026-09-17 15:02:36   step 2000/5004: loss=4.616590
2026-09-17 15:02:58   step 2100/5004: loss=4.589185
2026-09-17 15:03:20   step 2200/5004: loss=3.162622
2026-09-17 15:03:42   step 2300/5004: loss=4.457137
2026-09-17 15:04:04   step 2400/5004: loss=4.083980
2026-09-17 15:04:27   step 2500/5004: loss=3.496083
2026-09-17 15:04:49   step 2600/5004: loss=2.691168
2026-09-17 15:05:11   step 2700/5004: loss=4.517565
2026-09-17 15:05:33   step 2800/5004: loss=4.684731
2026-09-17 15:05:55   step 2900/5004: loss=4.018391
2026-09-17 15:06:18   step 3000/5004: loss=2.976551
2026-09-17 15:06:40   step 3100/5004: loss=4.503405
2026-09-17 15:07:02   step 3200/5004: loss=4.798395
2026-09-17 15:07:24   step 3300/5004: loss=4.480680
2026-09-17 15:07:46   step 3400/5004: loss=3.568828
2026-09-17 15:08:08   step 3500/5004: loss=4.340878
2026-09-17 15:08:30   step 3600/5004: loss=4.657379
2026-09-17 15:08:53   step 3700/5004: loss=4.612974
2026-09-17 15:09:15   step 3800/5004: loss=4.387466
2026-09-17 15:09:37   step 3900/5004: loss=4.232338
2026-09-17 15:09:59   step 4000/5004: loss=3.102250
2026-09-17 15:10:22   step 4100/5004: loss=4.359069
2026-09-17 15:10:44   step 4200/5004: loss=4.215783
2026-09-17 15:11:06   step 4300/5004: loss=4.263272
2026-09-17 15:11:29   step 4400/5004: loss=4.502710
2026-09-17 15:11:51   step 4500/5004: loss=3.666870
2026-09-17 15:12:14   step 4600/5004: loss=3.100145
2026-09-17 15:12:36   step 4700/5004: loss=4.409635
2026-09-17 15:12:58   step 4800/5004: loss=2.956478
2026-09-17 15:13:20   step 4900/5004: loss=4.228158
2026-09-17 15:13:42   step 5000/5004: loss=4.935640
2026-09-17 15:13:43 [pjrt_ffi] RESIDENT: @convnextin_fwd holds 182 parameter tensors (109.1 MB) on 1 device; they stop crossing PCIe from here
2026-09-17 15:15:23 Epoch 33/300: loss=4.083817 lr=0.000249
2026-09-17 15:15:23   epoch 33: test_acc = 34359/50000 = 68.718000%  top5 = 44551/50000 = 89.102000%  [95% CI 68.31–69.12]
2026-09-17 15:15:24   step 0/5004: loss=3.894614
2026-09-17 15:15:24   step 1/5004: loss=4.700324
2026-09-17 15:15:24   step 2/5004: loss=4.403686
2026-09-17 15:15:45   step 100/5004: loss=3.931778
2026-09-17 15:16:07   step 200/5004: loss=3.853147
2026-09-17 15:16:28   step 300/5004: loss=4.650873
2026-09-17 15:16:50   step 400/5004: loss=4.227788
2026-09-17 15:17:12   step 500/5004: loss=4.985618
2026-09-17 15:17:34   step 600/5004: loss=4.556176
2026-09-17 15:17:56   step 700/5004: loss=4.603746
2026-09-17 15:18:18   step 800/5004: loss=4.028713
2026-09-17 15:18:40   step 900/5004: loss=4.835726
2026-09-17 15:19:02   step 1000/5004: loss=3.687545
2026-09-17 15:19:23   step 1100/5004: loss=4.935965
2026-09-17 15:19:45   step 1200/5004: loss=4.534762
2026-09-17 15:20:07   step 1300/5004: loss=4.895231
2026-09-17 15:20:29   step 1400/5004: loss=4.710376
2026-09-17 15:20:51   step 1500/5004: loss=3.007576
2026-09-17 15:21:13   step 1600/5004: loss=3.174165
2026-09-17 15:21:35   step 1700/5004: loss=3.476464
2026-09-17 15:21:57   step 1800/5004: loss=3.995267
2026-09-17 15:22:19   step 1900/5004: loss=3.122872
2026-09-17 15:22:40   step 2000/5004: loss=3.946748
2026-09-17 15:23:02   step 2100/5004: loss=4.548635
2026-09-17 15:23:24   step 2200/5004: loss=4.535682
2026-09-17 15:23:46   step 2300/5004: loss=4.840728
2026-09-17 15:24:08   step 2400/5004: loss=4.447709
2026-09-17 15:24:30   step 2500/5004: loss=3.185121
2026-09-17 15:24:52   step 2600/5004: loss=4.158103
2026-09-17 15:25:14   step 2700/5004: loss=3.473001
2026-09-17 15:25:36   step 2800/5004: loss=3.292681
2026-09-17 15:25:58   step 2900/5004: loss=3.738154
2026-09-17 15:26:21   step 3000/5004: loss=4.255572
2026-09-17 15:26:43   step 3100/5004: loss=3.538242
2026-09-17 15:27:05   step 3200/5004: loss=4.550148
2026-09-17 15:27:27   step 3300/5004: loss=3.495484
2026-09-17 15:27:49   step 3400/5004: loss=4.631957
2026-09-17 15:28:12   step 3500/5004: loss=3.802833
2026-09-17 15:28:34   step 3600/5004: loss=3.076402
2026-09-17 15:28:56   step 3700/5004: loss=4.579582
2026-09-17 15:29:18   step 3800/5004: loss=4.163512
2026-09-17 15:29:40   step 3900/5004: loss=2.937184
2026-09-17 15:30:02   step 4000/5004: loss=3.088240
2026-09-17 15:30:24   step 4100/5004: loss=3.258294
2026-09-17 15:30:46   step 4200/5004: loss=4.232517
2026-09-17 15:31:08   step 4300/5004: loss=4.943988
2026-09-17 15:31:30   step 4400/5004: loss=3.731663
2026-09-17 15:31:52   step 4500/5004: loss=4.706748
2026-09-17 15:32:14   step 4600/5004: loss=4.142513
2026-09-17 15:32:36   step 4700/5004: loss=4.470285
2026-09-17 15:32:58   step 4800/5004: loss=3.507215
2026-09-17 15:33:20   step 4900/5004: loss=5.037564
2026-09-17 15:33:42   step 5000/5004: loss=3.171520
2026-09-17 15:33:43 [pjrt_ffi] RESIDENT: @convnextin_fwd holds 182 parameter tensors (109.1 MB) on 1 device; they stop crossing PCIe from here
2026-09-17 15:35:23 Epoch 34/300: loss=4.049912 lr=0.000248
2026-09-17 15:35:23   epoch 34: test_acc = 34564/50000 = 69.128000%  top5 = 44704/50000 = 89.408000%  [95% CI 68.72–69.53]
2026-09-17 15:35:24   step 0/5004: loss=4.026376
2026-09-17 15:35:24   step 1/5004: loss=3.494035
2026-09-17 15:35:24   step 2/5004: loss=5.067719
2026-09-17 15:35:46   step 100/5004: loss=4.648590
2026-09-17 15:36:07   step 200/5004: loss=3.845325
2026-09-17 15:36:29   step 300/5004: loss=2.842322
2026-09-17 15:36:51   step 400/5004: loss=3.793438
2026-09-17 15:37:13   step 500/5004: loss=3.191249
2026-09-17 15:37:35   step 600/5004: loss=4.422411
2026-09-17 15:37:58   step 700/5004: loss=3.573691
2026-09-17 15:38:20   step 800/5004: loss=3.677928
2026-09-17 15:38:42   step 900/5004: loss=2.805351
2026-09-17 15:39:05   step 1000/5004: loss=4.866982
2026-09-17 15:39:27   step 1100/5004: loss=3.620694
2026-09-17 15:39:49   step 1200/5004: loss=4.329731
2026-09-17 15:40:11   step 1300/5004: loss=4.438981
2026-09-17 15:40:34   step 1400/5004: loss=4.154914
2026-09-17 15:40:56   step 1500/5004: loss=4.328170
2026-09-17 15:41:18   step 1600/5004: loss=4.371756
2026-09-17 15:41:40   step 1700/5004: loss=3.235632
2026-09-17 15:42:02   step 1800/5004: loss=4.643127
2026-09-17 15:42:24   step 1900/5004: loss=2.364734
2026-09-17 15:42:46   step 2000/5004: loss=4.235024
2026-09-17 15:43:08   step 2100/5004: loss=3.731088
2026-09-17 15:43:29   step 2200/5004: loss=4.162273
2026-09-17 15:43:52   step 2300/5004: loss=2.766279
2026-09-17 15:44:14   step 2400/5004: loss=4.702954
2026-09-17 15:44:36   step 2500/5004: loss=4.338052
2026-09-17 15:44:58   step 2600/5004: loss=2.933915
2026-09-17 15:45:21   step 2700/5004: loss=3.790751
2026-09-17 15:45:43   step 2800/5004: loss=4.308331
2026-09-17 15:46:05   step 2900/5004: loss=3.665117
2026-09-17 15:46:27   step 3000/5004: loss=4.478235
2026-09-17 15:46:49   step 3100/5004: loss=3.814742
2026-09-17 15:47:11   step 3200/5004: loss=4.684935
2026-09-17 15:47:33   step 3300/5004: loss=4.408740
2026-09-17 15:47:55   step 3400/5004: loss=3.054059
2026-09-17 15:48:17   step 3500/5004: loss=4.404914
2026-09-17 15:48:39   step 3600/5004: loss=4.407226
2026-09-17 15:49:01   step 3700/5004: loss=4.330242
2026-09-17 15:49:23   step 3800/5004: loss=4.777507
2026-09-17 15:49:45   step 3900/5004: loss=4.095783
2026-09-17 15:50:07   step 4000/5004: loss=4.328778
2026-09-17 15:50:28   step 4100/5004: loss=4.216045
2026-09-17 15:50:50   step 4200/5004: loss=3.263947
2026-09-17 15:51:12   step 4300/5004: loss=4.335812
2026-09-17 15:51:34   step 4400/5004: loss=4.701508
2026-09-17 15:51:56   step 4500/5004: loss=4.250895
2026-09-17 15:52:18   step 4600/5004: loss=4.719002
2026-09-17 15:52:40   step 4700/5004: loss=4.364872
2026-09-17 15:53:01   step 4800/5004: loss=3.231537
2026-09-17 15:53:23   step 4900/5004: loss=4.510465
2026-09-17 15:53:45   step 5000/5004: loss=3.257039
2026-09-17 15:53:46 [pjrt_ffi] RESIDENT: @convnextin_fwd holds 182 parameter tensors (109.1 MB) on 1 device; they stop crossing PCIe from here
2026-09-17 15:55:27 Epoch 35/300: loss=4.032291 lr=0.000248
2026-09-17 15:55:27   epoch 35: test_acc = 34764/50000 = 69.528000%  top5 = 44628/50000 = 89.256000%  [95% CI 69.12–69.93]
2026-09-17 15:55:27   step 0/5004: loss=4.035173
2026-09-17 15:55:27   step 1/5004: loss=3.679565
2026-09-17 15:55:28   step 2/5004: loss=4.470725
2026-09-17 15:55:49   step 100/5004: loss=4.424628
2026-09-17 15:56:11   step 200/5004: loss=4.274842
2026-09-17 15:56:32   step 300/5004: loss=4.499099
2026-09-17 15:56:54   step 400/5004: loss=4.060893
2026-09-17 15:57:16   step 500/5004: loss=3.854162
2026-09-17 15:57:38   step 600/5004: loss=3.858515
2026-09-17 15:58:00   step 700/5004: loss=4.746763
2026-09-17 15:58:23   step 800/5004: loss=4.061055
2026-09-17 15:58:45   step 900/5004: loss=3.586879
2026-09-17 15:59:07   step 1000/5004: loss=4.470924
2026-09-17 15:59:29   step 1100/5004: loss=4.754383
2026-09-17 15:59:52   step 1200/5004: loss=4.406827
2026-09-17 16:00:14   step 1300/5004: loss=4.236979
2026-09-17 16:00:36   step 1400/5004: loss=3.883749
2026-09-17 16:00:58   step 1500/5004: loss=3.559626
2026-09-17 16:01:20   step 1600/5004: loss=4.202988
2026-09-17 16:01:42   step 1700/5004: loss=3.481413
2026-09-17 16:02:04   step 1800/5004: loss=2.702848
2026-09-17 16:02:26   step 1900/5004: loss=3.785731
2026-09-17 16:02:48   step 2000/5004: loss=4.153835
2026-09-17 16:03:10   step 2100/5004: loss=4.170458
2026-09-17 16:03:32   step 2200/5004: loss=3.840917
2026-09-17 16:03:53   step 2300/5004: loss=5.103864
2026-09-17 16:04:16   step 2400/5004: loss=4.101580
2026-09-17 16:04:38   step 2500/5004: loss=3.800717
2026-09-17 16:05:00   step 2600/5004: loss=4.227604
2026-09-17 16:05:22   step 2700/5004: loss=4.468075
2026-09-17 16:05:45   step 2800/5004: loss=4.260419
2026-09-17 16:06:07   step 2900/5004: loss=4.893027
2026-09-17 16:06:29   step 3000/5004: loss=4.350056
2026-09-17 16:06:51   step 3100/5004: loss=3.061576
2026-09-17 16:07:14   step 3200/5004: loss=4.315845
2026-09-17 16:07:35   step 3300/5004: loss=4.544677
2026-09-17 16:07:57   step 3400/5004: loss=3.860307
2026-09-17 16:08:19   step 3500/5004: loss=2.467790
2026-09-17 16:08:41   step 3600/5004: loss=3.010723
2026-09-17 16:09:03   step 3700/5004: loss=2.853964
2026-09-17 16:09:25   step 3800/5004: loss=4.212688
2026-09-17 16:09:47   step 3900/5004: loss=4.473888
2026-09-17 16:10:09   step 4000/5004: loss=2.967890
2026-09-17 16:10:30   step 4100/5004: loss=3.723056
2026-09-17 16:10:52   step 4200/5004: loss=4.141895
2026-09-17 16:11:13   step 4300/5004: loss=4.523270
2026-09-17 16:11:35   step 4400/5004: loss=4.541419
2026-09-17 16:11:57   step 4500/5004: loss=4.225474
2026-09-17 16:12:19   step 4600/5004: loss=3.819925
2026-09-17 16:12:41   step 4700/5004: loss=3.243537
2026-09-17 16:13:03   step 4800/5004: loss=4.260773
2026-09-17 16:13:25   step 4900/5004: loss=3.548321
2026-09-17 16:13:47   step 5000/5004: loss=4.040788
2026-09-17 16:13:47 [pjrt_ffi] RESIDENT: @convnextin_fwd holds 182 parameter tensors (109.1 MB) on 1 device; they stop crossing PCIe from here
2026-09-17 16:15:28 Epoch 36/300: loss=4.009807 lr=0.000248
2026-09-17 16:15:28   epoch 36: test_acc = 34842/50000 = 69.684000%  top5 = 44692/50000 = 89.384000%  [95% CI 69.28–70.09]
2026-09-17 16:15:29   step 0/5004: loss=3.041976
2026-09-17 16:15:29   step 1/5004: loss=4.762956
2026-09-17 16:15:29   step 2/5004: loss=4.473876
2026-09-17 16:15:50   step 100/5004: loss=4.062678
2026-09-17 16:16:12   step 200/5004: loss=4.480742
2026-09-17 16:16:34   step 300/5004: loss=3.437297
2026-09-17 16:16:55   step 400/5004: loss=4.698103
2026-09-17 16:17:18   step 500/5004: loss=4.372983
2026-09-17 16:17:40   step 600/5004: loss=4.686365
2026-09-17 16:18:02   step 700/5004: loss=4.238508
2026-09-17 16:18:24   step 800/5004: loss=4.435088
2026-09-17 16:18:46   step 900/5004: loss=3.882830
2026-09-17 16:19:08   step 1000/5004: loss=5.078000
2026-09-17 16:19:31   step 1100/5004: loss=3.743819
2026-09-17 16:19:53   step 1200/5004: loss=4.911305
2026-09-17 16:20:15   step 1300/5004: loss=4.411861
2026-09-17 16:20:38   step 1400/5004: loss=4.195958
2026-09-17 16:21:00   step 1500/5004: loss=4.043262
2026-09-17 16:21:22   step 1600/5004: loss=3.041807
2026-09-17 16:21:44   step 1700/5004: loss=2.737245
2026-09-17 16:22:07   step 1800/5004: loss=3.470206
2026-09-17 16:22:29   step 1900/5004: loss=3.821252
2026-09-17 16:22:50   step 2000/5004: loss=4.738687
2026-09-17 16:23:12   step 2100/5004: loss=4.360476
2026-09-17 16:23:35   step 2200/5004: loss=3.192917
2026-09-17 16:23:57   step 2300/5004: loss=3.222854
2026-09-17 16:24:20   step 2400/5004: loss=2.997382
2026-09-17 16:24:42   step 2500/5004: loss=4.095065
2026-09-17 16:25:04   step 2600/5004: loss=2.720549
2026-09-17 16:25:26   step 2700/5004: loss=4.165329
2026-09-17 16:25:48   step 2800/5004: loss=4.557690
2026-09-17 16:26:10   step 2900/5004: loss=4.193412
2026-09-17 16:26:33   step 3000/5004: loss=4.977787
2026-09-17 16:26:54   step 3100/5004: loss=4.175837
2026-09-17 16:27:17   step 3200/5004: loss=4.631540
2026-09-17 16:27:39   step 3300/5004: loss=3.898711
2026-09-17 16:28:01   step 3400/5004: loss=3.440756
2026-09-17 16:28:23   step 3500/5004: loss=3.917629
2026-09-17 16:28:46   step 3600/5004: loss=4.609609
2026-09-17 16:29:08   step 3700/5004: loss=4.357424
2026-09-17 16:29:30   step 3800/5004: loss=4.084918
2026-09-17 16:29:52   step 3900/5004: loss=4.402140
2026-09-17 16:30:14   step 4000/5004: loss=3.947162
2026-09-17 16:30:36   step 4100/5004: loss=4.406557
2026-09-17 16:30:59   step 4200/5004: loss=4.439470
2026-09-17 16:31:21   step 4300/5004: loss=4.415406
2026-09-17 16:31:43   step 4400/5004: loss=4.543699
2026-09-17 16:32:05   step 4500/5004: loss=3.160772
2026-09-17 16:32:27   step 4600/5004: loss=4.663461
2026-09-17 16:32:49   step 4700/5004: loss=3.738193
2026-09-17 16:33:11   step 4800/5004: loss=4.073958
2026-09-17 16:33:33   step 4900/5004: loss=3.900134
2026-09-17 16:33:55   step 5000/5004: loss=4.589000
2026-09-17 16:33:56 [pjrt_ffi] RESIDENT: @convnextin_fwd holds 182 parameter tensors (109.1 MB) on 1 device; they stop crossing PCIe from here
2026-09-17 16:35:37 Epoch 37/300: loss=4.010835 lr=0.000248
2026-09-17 16:35:37   epoch 37: test_acc = 35135/50000 = 70.270000%  top5 = 44911/50000 = 89.822000%  [95% CI 69.87–70.67]
2026-09-17 16:35:37   step 0/5004: loss=4.518385
2026-09-17 16:35:37   step 1/5004: loss=4.725978
2026-09-17 16:35:37   step 2/5004: loss=4.412977
2026-09-17 16:35:59   step 100/5004: loss=3.199214
2026-09-17 16:36:20   step 200/5004: loss=4.143814
2026-09-17 16:36:42   step 300/5004: loss=3.637774
2026-09-17 16:37:04   step 400/5004: loss=4.134929
2026-09-17 16:37:26   step 500/5004: loss=3.438457
2026-09-17 16:37:48   step 600/5004: loss=4.173315
2026-09-17 16:38:10   step 700/5004: loss=4.837426
2026-09-17 16:38:32   step 800/5004: loss=3.724503
2026-09-17 16:38:55   step 900/5004: loss=3.587253
2026-09-17 16:39:17   step 1000/5004: loss=4.520331
2026-09-17 16:39:39   step 1100/5004: loss=4.335325
2026-09-17 16:40:01   step 1200/5004: loss=3.660058
2026-09-17 16:40:24   step 1300/5004: loss=4.490604
2026-09-17 16:40:46   step 1400/5004: loss=4.369874
2026-09-17 16:41:08   step 1500/5004: loss=4.978068
2026-09-17 16:41:31   step 1600/5004: loss=4.051427
2026-09-17 16:41:53   step 1700/5004: loss=4.709234
2026-09-17 16:42:15   step 1800/5004: loss=3.083050
2026-09-17 16:42:37   step 1900/5004: loss=4.443314
2026-09-17 16:42:59   step 2000/5004: loss=4.452335
2026-09-17 16:43:21   step 2100/5004: loss=4.608999
2026-09-17 16:43:44   step 2200/5004: loss=4.517457
2026-09-17 16:44:06   step 2300/5004: loss=4.724908
2026-09-17 16:44:28   step 2400/5004: loss=3.843178
2026-09-17 16:44:50   step 2500/5004: loss=4.704181
2026-09-17 16:45:13   step 2600/5004: loss=4.307363
2026-09-17 16:45:35   step 2700/5004: loss=4.639888
2026-09-17 16:45:57   step 2800/5004: loss=4.606600
2026-09-17 16:46:20   step 2900/5004: loss=4.318981
2026-09-17 16:46:42   step 3000/5004: loss=4.342170
2026-09-17 16:47:04   step 3100/5004: loss=3.476737
2026-09-17 16:47:26   step 3200/5004: loss=3.796300
2026-09-17 16:47:49   step 3300/5004: loss=2.945695
2026-09-17 16:48:11   step 3400/5004: loss=3.444394
2026-09-17 16:48:33   step 3500/5004: loss=4.514657
2026-09-17 16:48:55   step 3600/5004: loss=3.794395
2026-09-17 16:49:17   step 3700/5004: loss=2.785253
2026-09-17 16:49:39   step 3800/5004: loss=3.712395
2026-09-17 16:50:01   step 3900/5004: loss=4.221654
2026-09-17 16:50:23   step 4000/5004: loss=4.368086
2026-09-17 16:50:45   step 4100/5004: loss=4.666748
2026-09-17 16:51:07   step 4200/5004: loss=4.237500
2026-09-17 16:51:29   step 4300/5004: loss=3.773994
2026-09-17 16:51:51   step 4400/5004: loss=4.015806
2026-09-17 16:52:13   step 4500/5004: loss=4.948653
2026-09-17 16:52:35   step 4600/5004: loss=3.512828
2026-09-17 16:52:58   step 4700/5004: loss=4.824424
2026-09-17 16:53:20   step 4800/5004: loss=4.251285
2026-09-17 16:53:42   step 4900/5004: loss=3.979560
2026-09-17 16:54:03   step 5000/5004: loss=4.066143
2026-09-17 16:54:04 [pjrt_ffi] RESIDENT: @convnextin_fwd holds 182 parameter tensors (109.1 MB) on 1 device; they stop crossing PCIe from here
2026-09-17 16:55:45 Epoch 38/300: loss=3.980054 lr=0.000247
2026-09-17 16:55:45   epoch 38: test_acc = 35083/50000 = 70.166000%  top5 = 44944/50000 = 89.888000%  [95% CI 69.76–70.57]
2026-09-17 16:55:45   step 0/5004: loss=3.370486
2026-09-17 16:55:45   step 1/5004: loss=3.012519
2026-09-17 16:55:46   step 2/5004: loss=3.860403
2026-09-17 16:56:07   step 100/5004: loss=3.421730
2026-09-17 16:56:29   step 200/5004: loss=3.860735
2026-09-17 16:56:51   step 300/5004: loss=4.064712
2026-09-17 16:57:13   step 400/5004: loss=2.699233
2026-09-17 16:57:35   step 500/5004: loss=4.083446
2026-09-17 16:57:58   step 600/5004: loss=4.718223
2026-09-17 16:58:20   step 700/5004: loss=3.925273
2026-09-17 16:58:42   step 800/5004: loss=3.450486
2026-09-17 16:59:05   step 900/5004: loss=4.452796
2026-09-17 16:59:27   step 1000/5004: loss=3.463985
2026-09-17 16:59:50   step 1100/5004: loss=4.103379
2026-09-17 17:00:12   step 1200/5004: loss=3.193090
2026-09-17 17:00:34   step 1300/5004: loss=4.004869
2026-09-17 17:00:56   step 1400/5004: loss=4.069026
2026-09-17 17:01:19   step 1500/5004: loss=2.954389
2026-09-17 17:01:41   step 1600/5004: loss=4.506000
2026-09-17 17:02:03   step 1700/5004: loss=4.499473
2026-09-17 17:02:26   step 1800/5004: loss=2.755007
2026-09-17 17:02:48   step 1900/5004: loss=3.801886
2026-09-17 17:03:10   step 2000/5004: loss=4.662419
2026-09-17 17:03:32   step 2100/5004: loss=4.088993
2026-09-17 17:03:54   step 2200/5004: loss=3.100562
2026-09-17 17:04:16   step 2300/5004: loss=4.115182
2026-09-17 17:04:38   step 2400/5004: loss=3.490215
2026-09-17 17:05:00   step 2500/5004: loss=4.113474
2026-09-17 17:05:22   step 2600/5004: loss=3.738605
2026-09-17 17:05:44   step 2700/5004: loss=4.147638
2026-09-17 17:06:06   step 2800/5004: loss=4.537773
2026-09-17 17:06:28   step 2900/5004: loss=2.702417
2026-09-17 17:06:50   step 3000/5004: loss=4.722758
2026-09-17 17:07:12   step 3100/5004: loss=4.411247
2026-09-17 17:07:34   step 3200/5004: loss=2.754964
2026-09-17 17:07:57   step 3300/5004: loss=3.934628
2026-09-17 17:08:18   step 3400/5004: loss=4.948833
2026-09-17 17:08:41   step 3500/5004: loss=3.599628
2026-09-17 17:09:03   step 3600/5004: loss=3.797793
2026-09-17 17:09:25   step 3700/5004: loss=3.793006
2026-09-17 17:09:47   step 3800/5004: loss=3.811962
2026-09-17 17:10:09   step 3900/5004: loss=4.138049
2026-09-17 17:10:31   step 4000/5004: loss=3.137431
2026-09-17 17:10:53   step 4100/5004: loss=3.930609
2026-09-17 17:11:15   step 4200/5004: loss=4.014189
2026-09-17 17:11:37   step 4300/5004: loss=4.683185
2026-09-17 17:11:58   step 4400/5004: loss=4.041640
2026-09-17 17:12:20   step 4500/5004: loss=3.092486
2026-09-17 17:12:42   step 4600/5004: loss=4.404217
2026-09-17 17:13:04   step 4700/5004: loss=3.774529
2026-09-17 17:13:26   step 4800/5004: loss=4.019779
2026-09-17 17:13:48   step 4900/5004: loss=4.313656
2026-09-17 17:14:09   step 5000/5004: loss=5.013316
2026-09-17 17:14:10 [pjrt_ffi] RESIDENT: @convnextin_fwd holds 182 parameter tensors (109.1 MB) on 1 device; they stop crossing PCIe from here
2026-09-17 17:15:51 Epoch 39/300: loss=3.982089 lr=0.000247
2026-09-17 17:15:51   epoch 39: test_acc = 35260/50000 = 70.520000%  top5 = 44989/50000 = 89.978000%  [95% CI 70.12–70.92]
2026-09-17 17:15:51   step 0/5004: loss=4.015548
2026-09-17 17:15:52   step 1/5004: loss=4.251884
2026-09-17 17:15:52   step 2/5004: loss=3.988661
2026-09-17 17:16:13   step 100/5004: loss=4.358479
2026-09-17 17:16:35   step 200/5004: loss=4.003263
2026-09-17 17:16:57   step 300/5004: loss=4.319462
2026-09-17 17:17:19   step 400/5004: loss=4.144139
2026-09-17 17:17:42   step 500/5004: loss=4.797054
2026-09-17 17:18:04   step 600/5004: loss=4.352922
2026-09-17 17:18:26   step 700/5004: loss=3.033012
2026-09-17 17:18:49   step 800/5004: loss=3.090992
2026-09-17 17:19:11   step 900/5004: loss=4.619125
2026-09-17 17:19:34   step 1000/5004: loss=3.783614
2026-09-17 17:19:56   step 1100/5004: loss=4.439633
2026-09-17 17:20:18   step 1200/5004: loss=3.678722
2026-09-17 17:20:41   step 1300/5004: loss=3.392155
2026-09-17 17:21:03   step 1400/5004: loss=3.006169
2026-09-17 17:21:25   step 1500/5004: loss=4.596332
2026-09-17 17:21:47   step 1600/5004: loss=3.407695
2026-09-17 17:22:09   step 1700/5004: loss=3.812691
2026-09-17 17:22:32   step 1800/5004: loss=3.987701
2026-09-17 17:22:54   step 1900/5004: loss=3.091979
2026-09-17 17:23:16   step 2000/5004: loss=3.851550
2026-09-17 17:23:38   step 2100/5004: loss=4.391360
2026-09-17 17:24:01   step 2200/5004: loss=4.372241
2026-09-17 17:24:23   step 2300/5004: loss=4.103753
2026-09-17 17:24:46   step 2400/5004: loss=4.224847
2026-09-17 17:25:08   step 2500/5004: loss=2.751020
2026-09-17 17:25:30   step 2600/5004: loss=4.182226
2026-09-17 17:25:52   step 2700/5004: loss=2.998273
2026-09-17 17:26:15   step 2800/5004: loss=4.406647
2026-09-17 17:26:37   step 2900/5004: loss=4.399979
2026-09-17 17:26:59   step 3000/5004: loss=2.894521
2026-09-17 17:27:21   step 3100/5004: loss=4.055170
2026-09-17 17:27:44   step 3200/5004: loss=4.269380
2026-09-17 17:28:06   step 3300/5004: loss=4.133121
2026-09-17 17:28:27   step 3400/5004: loss=2.877182
2026-09-17 17:28:49   step 3500/5004: loss=3.413947
2026-09-17 17:29:11   step 3600/5004: loss=3.608162
2026-09-17 17:29:33   step 3700/5004: loss=3.657426
2026-09-17 17:29:55   step 3800/5004: loss=4.305615
2026-09-17 17:30:17   step 3900/5004: loss=3.621552
2026-09-17 17:30:39   step 4000/5004: loss=3.975296
2026-09-17 17:31:01   step 4100/5004: loss=4.682672
2026-09-17 17:31:23   step 4200/5004: loss=3.720922
2026-09-17 17:31:44   step 4300/5004: loss=3.674994
2026-09-17 17:32:06   step 4400/5004: loss=4.427376
2026-09-17 17:32:28   step 4500/5004: loss=4.527439
2026-09-17 17:32:50   step 4600/5004: loss=4.121328
2026-09-17 17:33:12   step 4700/5004: loss=2.981530
2026-09-17 17:33:34   step 4800/5004: loss=4.253212
2026-09-17 17:33:56   step 4900/5004: loss=3.669838
2026-09-17 17:34:18   step 5000/5004: loss=4.034462
2026-09-17 17:34:19 [pjrt_ffi] RESIDENT: @convnextin_fwd holds 182 parameter tensors (109.1 MB) on 1 device; they stop crossing PCIe from here
2026-09-17 17:36:00 Epoch 40/300: loss=3.962023 lr=0.000247
2026-09-17 17:36:00   epoch 40: test_acc = 35242/50000 = 70.484000%  top5 = 45034/50000 = 90.068000%  [95% CI 70.08–70.88]
2026-09-17 17:36:05   ▸ shim respawn: producer 3 of 4 replaced after epoch 40 (generation 4, seed 20)
2026-09-17 17:36:06   step 0/5004: loss=3.017321
2026-09-17 17:36:06   step 1/5004: loss=4.114562
2026-09-17 17:36:06   step 2/5004: loss=4.650376
2026-09-17 17:36:29   step 100/5004: loss=3.951934
2026-09-17 17:36:51   step 200/5004: loss=2.945626
2026-09-17 17:37:14   step 300/5004: loss=4.088770
2026-09-17 17:37:36   step 400/5004: loss=3.312248
2026-09-17 17:37:58   step 500/5004: loss=3.248269
2026-09-17 17:38:21   step 600/5004: loss=2.807896
2026-09-17 17:38:43   step 700/5004: loss=4.036231
2026-09-17 17:39:05   step 800/5004: loss=4.628806
2026-09-17 17:39:28   step 900/5004: loss=4.147613
2026-09-17 17:39:50   step 1000/5004: loss=4.640198
2026-09-17 17:40:12   step 1100/5004: loss=4.353810
2026-09-17 17:40:35   step 1200/5004: loss=4.313817
2026-09-17 17:40:57   step 1300/5004: loss=4.419876
2026-09-17 17:41:19   step 1400/5004: loss=3.793280
2026-09-17 17:41:41   step 1500/5004: loss=3.689510
2026-09-17 17:42:04   step 1600/5004: loss=4.304339
2026-09-17 17:42:25   step 1700/5004: loss=3.526777
2026-09-17 17:42:48   step 1800/5004: loss=4.805569
2026-09-17 17:43:10   step 1900/5004: loss=3.633062
2026-09-17 17:43:32   step 2000/5004: loss=2.420203
2026-09-17 17:43:55   step 2100/5004: loss=3.973114
2026-09-17 17:44:17   step 2200/5004: loss=4.366055
2026-09-17 17:44:40   step 2300/5004: loss=4.324785
2026-09-17 17:45:02   step 2400/5004: loss=4.153219
2026-09-17 17:45:24   step 2500/5004: loss=4.597426
2026-09-17 17:45:47   step 2600/5004: loss=3.709633
2026-09-17 17:46:09   step 2700/5004: loss=4.420992
2026-09-17 17:46:32   step 2800/5004: loss=3.904005
2026-09-17 17:46:54   step 2900/5004: loss=3.938670
2026-09-17 17:47:16   step 3000/5004: loss=4.713539
2026-09-17 17:47:38   step 3100/5004: loss=4.021759
2026-09-17 17:48:00   step 3200/5004: loss=2.980698
2026-09-17 17:48:23   step 3300/5004: loss=4.347911
2026-09-17 17:48:45   step 3400/5004: loss=3.141694
2026-09-17 17:49:08   step 3500/5004: loss=4.228219
2026-09-17 17:49:30   step 3600/5004: loss=4.726981
2026-09-17 17:49:52   step 3700/5004: loss=3.437102
2026-09-17 17:50:13   step 3800/5004: loss=4.916706
2026-09-17 17:50:35   step 3900/5004: loss=4.296535
2026-09-17 17:50:57   step 4000/5004: loss=4.186293
2026-09-17 17:51:19   step 4100/5004: loss=4.335338
2026-09-17 17:51:41   step 4200/5004: loss=3.711082
2026-09-17 17:52:03   step 4300/5004: loss=4.248849
2026-09-17 17:52:25   step 4400/5004: loss=4.056651
2026-09-17 17:52:47   step 4500/5004: loss=4.250514
2026-09-17 17:53:09   step 4600/5004: loss=3.973723
2026-09-17 17:53:31   step 4700/5004: loss=4.188079
2026-09-17 17:53:53   step 4800/5004: loss=4.426847
2026-09-17 17:54:15   step 4900/5004: loss=3.813633
2026-09-17 17:54:36   step 5000/5004: loss=2.836333
2026-09-17 17:54:37 [pjrt_ffi] RESIDENT: @convnextin_fwd holds 182 parameter tensors (109.1 MB) on 1 device; they stop crossing PCIe from here
2026-09-17 17:56:18 Epoch 41/300: loss=3.939034 lr=0.000247
2026-09-17 17:56:18   epoch 41: test_acc = 35254/50000 = 70.508000%  top5 = 45120/50000 = 90.240000%  [95% CI 70.11–70.91]
2026-09-17 17:56:19   step 0/5004: loss=2.629861
2026-09-17 17:56:19   step 1/5004: loss=4.377742
2026-09-17 17:56:19   step 2/5004: loss=4.509037
2026-09-17 17:56:40   step 100/5004: loss=4.371116
2026-09-17 17:57:02   step 200/5004: loss=4.097496
2026-09-17 17:57:24   step 300/5004: loss=4.568297
2026-09-17 17:57:46   step 400/5004: loss=3.742395
2026-09-17 17:58:08   step 500/5004: loss=3.141135
2026-09-17 17:58:30   step 600/5004: loss=3.736440
2026-09-17 17:58:52   step 700/5004: loss=3.398429
2026-09-17 17:59:14   step 800/5004: loss=4.647118
2026-09-17 17:59:36   step 900/5004: loss=3.103254
2026-09-17 17:59:58   step 1000/5004: loss=4.063366
2026-09-17 18:00:20   step 1100/5004: loss=3.969481
2026-09-17 18:00:42   step 1200/5004: loss=3.494673
2026-09-17 18:01:04   step 1300/5004: loss=4.874265
2026-09-17 18:01:27   step 1400/5004: loss=3.696499
2026-09-17 18:01:48   step 1500/5004: loss=4.073743
2026-09-17 18:02:11   step 1600/5004: loss=4.530486
2026-09-17 18:02:33   step 1700/5004: loss=3.449346
2026-09-17 18:02:55   step 1800/5004: loss=4.091603
2026-09-17 18:03:17   step 1900/5004: loss=3.540186
2026-09-17 18:03:40   step 2000/5004: loss=4.022584
2026-09-17 18:04:02   step 2100/5004: loss=4.765691
2026-09-17 18:04:24   step 2200/5004: loss=4.105948
2026-09-17 18:04:46   step 2300/5004: loss=3.154382
2026-09-17 18:05:08   step 2400/5004: loss=3.099181
2026-09-17 18:05:30   step 2500/5004: loss=2.738853
2026-09-17 18:05:53   step 2600/5004: loss=3.899172
2026-09-17 18:06:15   step 2700/5004: loss=4.464054
2026-09-17 18:06:37   step 2800/5004: loss=4.260619
2026-09-17 18:06:59   step 2900/5004: loss=3.534942
2026-09-17 18:07:22   step 3000/5004: loss=3.937194
2026-09-17 18:07:44   step 3100/5004: loss=4.129963
2026-09-17 18:08:06   step 3200/5004: loss=4.018580
2026-09-17 18:08:28   step 3300/5004: loss=4.865583
2026-09-17 18:08:50   step 3400/5004: loss=4.086793
2026-09-17 18:09:12   step 3500/5004: loss=2.873052
2026-09-17 18:09:34   step 3600/5004: loss=4.212698
2026-09-17 18:09:56   step 3700/5004: loss=4.287842
2026-09-17 18:10:18   step 3800/5004: loss=4.273417
2026-09-17 18:10:40   step 3900/5004: loss=4.265349
2026-09-17 18:11:02   step 4000/5004: loss=4.367579
2026-09-17 18:11:24   step 4100/5004: loss=3.329628
2026-09-17 18:11:46   step 4200/5004: loss=4.490687
2026-09-17 18:12:09   step 4300/5004: loss=3.956177
2026-09-17 18:12:31   step 4400/5004: loss=4.356448
2026-09-17 18:12:53   step 4500/5004: loss=2.981564
2026-09-17 18:13:16   step 4600/5004: loss=4.241731
2026-09-17 18:13:38   step 4700/5004: loss=4.420697
2026-09-17 18:14:00   step 4800/5004: loss=4.073743
2026-09-17 18:14:22   step 4900/5004: loss=3.380913
2026-09-17 18:14:44   step 5000/5004: loss=4.426752
2026-09-17 18:14:45 [pjrt_ffi] RESIDENT: @convnextin_fwd holds 182 parameter tensors (109.1 MB) on 1 device; they stop crossing PCIe from here
2026-09-17 18:16:26 Epoch 42/300: loss=3.936277 lr=0.000246
2026-09-17 18:16:26   epoch 42: test_acc = 35459/50000 = 70.918000%  top5 = 45204/50000 = 90.408000%  [95% CI 70.52–71.31]
2026-09-17 18:16:26   step 0/5004: loss=4.755293
2026-09-17 18:16:27   step 1/5004: loss=4.434376
2026-09-17 18:16:27   step 2/5004: loss=3.146458
2026-09-17 18:16:48   step 100/5004: loss=3.595454
2026-09-17 18:17:09   step 200/5004: loss=4.218017
2026-09-17 18:17:31   step 300/5004: loss=3.608304
2026-09-17 18:17:52   step 400/5004: loss=4.413818
2026-09-17 18:18:14   step 500/5004: loss=3.635209
2026-09-17 18:18:36   step 600/5004: loss=4.421581
2026-09-17 18:18:58   step 700/5004: loss=3.591217
2026-09-17 18:19:19   step 800/5004: loss=4.546912
2026-09-17 18:19:41   step 900/5004: loss=4.081119
2026-09-17 18:20:03   step 1000/5004: loss=3.455323
2026-09-17 18:20:25   step 1100/5004: loss=2.952564
2026-09-17 18:20:46   step 1200/5004: loss=4.754919
2026-09-17 18:21:08   step 1300/5004: loss=3.887743
2026-09-17 18:21:30   step 1400/5004: loss=4.853238
2026-09-17 18:21:52   step 1500/5004: loss=3.727972
2026-09-17 18:22:15   step 1600/5004: loss=3.192605
2026-09-17 18:22:36   step 1700/5004: loss=3.263169
2026-09-17 18:22:58   step 1800/5004: loss=4.242235
2026-09-17 18:23:20   step 1900/5004: loss=4.319492
2026-09-17 18:23:42   step 2000/5004: loss=4.438793
2026-09-17 18:24:04   step 2100/5004: loss=4.015672
2026-09-17 18:24:26   step 2200/5004: loss=4.217620
2026-09-17 18:24:48   step 2300/5004: loss=4.364933
2026-09-17 18:25:11   step 2400/5004: loss=3.730380
2026-09-17 18:25:33   step 2500/5004: loss=3.371355
2026-09-17 18:25:55   step 2600/5004: loss=3.680247
2026-09-17 18:26:17   step 2700/5004: loss=3.429038
2026-09-17 18:26:39   step 2800/5004: loss=4.103270
2026-09-17 18:27:01   step 2900/5004: loss=4.277794
2026-09-17 18:27:23   step 3000/5004: loss=4.155325
2026-09-17 18:27:46   step 3100/5004: loss=4.091366
2026-09-17 18:28:08   step 3200/5004: loss=4.040529
2026-09-17 18:28:30   step 3300/5004: loss=4.291432
2026-09-17 18:28:52   step 3400/5004: loss=4.387746
2026-09-17 18:29:14   step 3500/5004: loss=3.851834
2026-09-17 18:29:36   step 3600/5004: loss=3.956544
2026-09-17 18:29:58   step 3700/5004: loss=4.074657
2026-09-17 18:30:20   step 3800/5004: loss=3.256259
2026-09-17 18:30:42   step 3900/5004: loss=4.022665
2026-09-17 18:31:03   step 4000/5004: loss=2.717206
2026-09-17 18:31:25   step 4100/5004: loss=4.030216
2026-09-17 18:31:47   step 4200/5004: loss=2.806005
2026-09-17 18:32:09   step 4300/5004: loss=4.342138
2026-09-17 18:32:30   step 4400/5004: loss=4.164298
2026-09-17 18:32:52   step 4500/5004: loss=4.480859
2026-09-17 18:33:15   step 4600/5004: loss=4.570301
2026-09-17 18:33:36   step 4700/5004: loss=3.982971
2026-09-17 18:33:58   step 4800/5004: loss=4.069166
2026-09-17 18:34:20   step 4900/5004: loss=4.293884
2026-09-17 18:34:41   step 5000/5004: loss=4.267146
2026-09-17 18:34:42 [pjrt_ffi] RESIDENT: @convnextin_fwd holds 182 parameter tensors (109.1 MB) on 1 device; they stop crossing PCIe from here
2026-09-17 18:36:23 Epoch 43/300: loss=3.923233 lr=0.000246
2026-09-17 18:36:23   epoch 43: test_acc = 35513/50000 = 71.026000%  top5 = 45199/50000 = 90.398000%  [95% CI 70.63–71.42]
2026-09-17 18:36:24   step 0/5004: loss=3.827010
2026-09-17 18:36:24   step 1/5004: loss=4.013729
2026-09-17 18:36:24   step 2/5004: loss=4.187160
2026-09-17 18:36:45   step 100/5004: loss=4.774439
2026-09-17 18:37:07   step 200/5004: loss=3.165579
2026-09-17 18:37:29   step 300/5004: loss=3.105008
2026-09-17 18:37:51   step 400/5004: loss=2.978750
2026-09-17 18:38:13   step 500/5004: loss=3.632061
2026-09-17 18:38:36   step 600/5004: loss=3.956877
2026-09-17 18:38:58   step 700/5004: loss=2.912751
2026-09-17 18:39:20   step 800/5004: loss=4.571414
2026-09-17 18:39:43   step 900/5004: loss=2.883484
2026-09-17 18:40:05   step 1000/5004: loss=3.668028
2026-09-17 18:40:27   step 1100/5004: loss=4.746122
2026-09-17 18:40:50   step 1200/5004: loss=4.370090
2026-09-17 18:41:12   step 1300/5004: loss=4.444317
2026-09-17 18:41:35   step 1400/5004: loss=3.023126
2026-09-17 18:41:57   step 1500/5004: loss=2.691216
2026-09-17 18:42:20   step 1600/5004: loss=3.917394
2026-09-17 18:42:42   step 1700/5004: loss=3.214171
2026-09-17 18:43:05   step 1800/5004: loss=4.218251
2026-09-17 18:43:27   step 1900/5004: loss=2.880282
2026-09-17 18:43:49   step 2000/5004: loss=3.705518
2026-09-17 18:44:12   step 2100/5004: loss=4.835062
2026-09-17 18:44:34   step 2200/5004: loss=4.000411
2026-09-17 18:44:56   step 2300/5004: loss=3.807427
2026-09-17 18:45:19   step 2400/5004: loss=4.340384
2026-09-17 18:45:41   step 2500/5004: loss=4.961518
2026-09-17 18:46:04   step 2600/5004: loss=4.324841
2026-09-17 18:46:26   step 2700/5004: loss=2.752440
2026-09-17 18:46:48   step 2800/5004: loss=3.612837
2026-09-17 18:47:10   step 2900/5004: loss=3.861319
2026-09-17 18:47:33   step 3000/5004: loss=4.101690
2026-09-17 18:47:55   step 3100/5004: loss=4.331957
2026-09-17 18:48:17   step 3200/5004: loss=3.437459
2026-09-17 18:48:39   step 3300/5004: loss=4.083510
2026-09-17 18:49:02   step 3400/5004: loss=3.985119
2026-09-17 18:49:24   step 3500/5004: loss=3.948371
2026-09-17 18:49:46   step 3600/5004: loss=2.524616
2026-09-17 18:50:09   step 3700/5004: loss=4.600224
2026-09-17 18:50:31   step 3800/5004: loss=4.060616
2026-09-17 18:50:53   step 3900/5004: loss=3.945155
2026-09-17 18:51:15   step 4000/5004: loss=4.058083
2026-09-17 18:51:37   step 4100/5004: loss=4.654095
2026-09-17 18:51:59   step 4200/5004: loss=3.788594
2026-09-17 18:52:21   step 4300/5004: loss=3.709746
2026-09-17 18:52:43   step 4400/5004: loss=4.111865
2026-09-17 18:53:05   step 4500/5004: loss=3.128513
2026-09-17 18:53:28   step 4600/5004: loss=4.289307
2026-09-17 18:53:50   step 4700/5004: loss=4.389065
2026-09-17 18:54:12   step 4800/5004: loss=3.342331
2026-09-17 18:54:35   step 4900/5004: loss=4.037340
2026-09-17 18:54:57   step 5000/5004: loss=4.391396
2026-09-17 18:54:58 [pjrt_ffi] RESIDENT: @convnextin_fwd holds 182 parameter tensors (109.1 MB) on 1 device; they stop crossing PCIe from here
2026-09-17 18:56:39 Epoch 44/300: loss=3.901434 lr=0.000245
2026-09-17 18:56:39   epoch 44: test_acc = 35703/50000 = 71.406000%  top5 = 45293/50000 = 90.586000%  [95% CI 71.01–71.80]
2026-09-17 18:56:39   step 0/5004: loss=4.067345
2026-09-17 18:56:39   step 1/5004: loss=3.755828
2026-09-17 18:56:39   step 2/5004: loss=4.748065
2026-09-17 18:57:00   step 100/5004: loss=4.480645
2026-09-17 18:57:23   step 200/5004: loss=3.880490
2026-09-17 18:57:44   step 300/5004: loss=3.924481
2026-09-17 18:58:07   step 400/5004: loss=4.307333
2026-09-17 18:58:29   step 500/5004: loss=4.035227
2026-09-17 18:58:51   step 600/5004: loss=4.586578
2026-09-17 18:59:12   step 700/5004: loss=2.506015
2026-09-17 18:59:34   step 800/5004: loss=4.617807
2026-09-17 18:59:56   step 900/5004: loss=4.419710
2026-09-17 19:00:18   step 1000/5004: loss=4.360785
2026-09-17 19:00:40   step 1100/5004: loss=3.357103
2026-09-17 19:01:02   step 1200/5004: loss=4.105140
2026-09-17 19:01:24   step 1300/5004: loss=4.361518
2026-09-17 19:01:46   step 1400/5004: loss=3.014532
2026-09-17 19:02:08   step 1500/5004: loss=4.324924
2026-09-17 19:02:30   step 1600/5004: loss=2.951263
2026-09-17 19:02:52   step 1700/5004: loss=4.511944
2026-09-17 19:03:14   step 1800/5004: loss=3.388312
2026-09-17 19:03:36   step 1900/5004: loss=3.630587
2026-09-17 19:03:58   step 2000/5004: loss=4.805415
2026-09-17 19:04:20   step 2100/5004: loss=4.087297
2026-09-17 19:04:42   step 2200/5004: loss=4.346891
2026-09-17 19:05:04   step 2300/5004: loss=4.319711
2026-09-17 19:05:26   step 2400/5004: loss=2.500363
2026-09-17 19:05:48   step 2500/5004: loss=4.440910
2026-09-17 19:06:11   step 2600/5004: loss=4.428220
2026-09-17 19:06:33   step 2700/5004: loss=4.268648
2026-09-17 19:06:55   step 2800/5004: loss=4.722335
2026-09-17 19:07:17   step 2900/5004: loss=3.778306
2026-09-17 19:07:39   step 3000/5004: loss=4.280592
2026-09-17 19:08:01   step 3100/5004: loss=4.488278
2026-09-17 19:08:24   step 3200/5004: loss=2.791027
2026-09-17 19:08:46   step 3300/5004: loss=3.689253
2026-09-17 19:09:08   step 3400/5004: loss=4.556468
2026-09-17 19:09:30   step 3500/5004: loss=3.718987
2026-09-17 19:09:51   step 3600/5004: loss=3.087790
2026-09-17 19:10:13   step 3700/5004: loss=4.018354
2026-09-17 19:10:35   step 3800/5004: loss=4.956553
2026-09-17 19:10:57   step 3900/5004: loss=4.407637
2026-09-17 19:11:18   step 4000/5004: loss=4.661460
2026-09-17 19:11:40   step 4100/5004: loss=4.036366
2026-09-17 19:12:02   step 4200/5004: loss=3.877378
2026-09-17 19:12:23   step 4300/5004: loss=4.004103
2026-09-17 19:12:45   step 4400/5004: loss=4.099104
2026-09-17 19:13:07   step 4500/5004: loss=4.176270
2026-09-17 19:13:29   step 4600/5004: loss=3.547069
2026-09-17 19:13:51   step 4700/5004: loss=3.179621
2026-09-17 19:14:13   step 4800/5004: loss=3.966054
2026-09-17 19:14:35   step 4900/5004: loss=3.566841
2026-09-17 19:14:57   step 5000/5004: loss=2.628363
2026-09-17 19:14:58 [pjrt_ffi] RESIDENT: @convnextin_fwd holds 182 parameter tensors (109.1 MB) on 1 device; they stop crossing PCIe from here
2026-09-17 19:16:39 Epoch 45/300: loss=3.876838 lr=0.000245
2026-09-17 19:16:39   epoch 45: test_acc = 35856/50000 = 71.712000%  top5 = 45353/50000 = 90.706000%  [95% CI 71.32–72.11]
2026-09-17 19:16:39   step 0/5004: loss=4.090457
2026-09-17 19:16:39   step 1/5004: loss=3.275234
2026-09-17 19:16:39   step 2/5004: loss=4.492519
2026-09-17 19:17:00   step 100/5004: loss=4.703010
2026-09-17 19:17:22   step 200/5004: loss=3.132010
2026-09-17 19:17:43   step 300/5004: loss=3.642847
2026-09-17 19:18:05   step 400/5004: loss=4.184315
2026-09-17 19:18:27   step 500/5004: loss=2.718981
2026-09-17 19:18:49   step 600/5004: loss=3.364959
2026-09-17 19:19:11   step 700/5004: loss=3.938965
2026-09-17 19:19:33   step 800/5004: loss=3.817302
2026-09-17 19:19:55   step 900/5004: loss=4.072530
2026-09-17 19:20:17   step 1000/5004: loss=3.494180
2026-09-17 19:20:38   step 1100/5004: loss=3.212287
2026-09-17 19:21:00   step 1200/5004: loss=3.512734
2026-09-17 19:21:22   step 1300/5004: loss=4.525879
2026-09-17 19:21:44   step 1400/5004: loss=4.250803
2026-09-17 19:22:06   step 1500/5004: loss=3.082502
2026-09-17 19:22:28   step 1600/5004: loss=4.265943
2026-09-17 19:22:50   step 1700/5004: loss=4.038342
2026-09-17 19:23:12   step 1800/5004: loss=3.916450
2026-09-17 19:23:34   step 1900/5004: loss=2.749990
2026-09-17 19:23:56   step 2000/5004: loss=3.845917
2026-09-17 19:24:18   step 2100/5004: loss=3.632980
2026-09-17 19:24:41   step 2200/5004: loss=4.051503
2026-09-17 19:25:03   step 2300/5004: loss=3.044190
2026-09-17 19:25:25   step 2400/5004: loss=4.015085
2026-09-17 19:25:47   step 2500/5004: loss=4.547069
2026-09-17 19:26:09   step 2600/5004: loss=3.949058
2026-09-17 19:26:31   step 2700/5004: loss=4.582790
2026-09-17 19:26:53   step 2800/5004: loss=4.021059
2026-09-17 19:27:15   step 2900/5004: loss=4.315356
2026-09-17 19:27:37   step 3000/5004: loss=4.255346
2026-09-17 19:27:59   step 3100/5004: loss=4.015590
2026-09-17 19:28:21   step 3200/5004: loss=3.951591
2026-09-17 19:28:43   step 3300/5004: loss=4.281184
2026-09-17 19:29:05   step 3400/5004: loss=3.681785
2026-09-17 19:29:27   step 3500/5004: loss=4.841254
2026-09-17 19:29:49   step 3600/5004: loss=4.184104
2026-09-17 19:30:11   step 3700/5004: loss=4.147096
2026-09-17 19:30:33   step 3800/5004: loss=3.540794
2026-09-17 19:30:55   step 3900/5004: loss=4.636142
2026-09-17 19:31:17   step 4000/5004: loss=2.574232
2026-09-17 19:31:38   step 4100/5004: loss=3.556771
2026-09-17 19:32:00   step 4200/5004: loss=3.932847
2026-09-17 19:32:22   step 4300/5004: loss=4.194678
2026-09-17 19:32:44   step 4400/5004: loss=4.045248
2026-09-17 19:33:06   step 4500/5004: loss=3.879277
2026-09-17 19:33:28   step 4600/5004: loss=4.123557
2026-09-17 19:33:50   step 4700/5004: loss=3.430263
2026-09-17 19:34:12   step 4800/5004: loss=4.016520
2026-09-17 19:34:34   step 4900/5004: loss=3.063185
2026-09-17 19:34:56   step 5000/5004: loss=3.823742
2026-09-17 19:34:56 [pjrt_ffi] RESIDENT: @convnextin_fwd holds 182 parameter tensors (109.1 MB) on 1 device; they stop crossing PCIe from here
2026-09-17 19:36:37 Epoch 46/300: loss=3.881682 lr=0.000245
2026-09-17 19:36:37   epoch 46: test_acc = 35947/50000 = 71.894000%  top5 = 45449/50000 = 90.898000%  [95% CI 71.50–72.29]
2026-09-17 19:36:38   step 0/5004: loss=3.168952
2026-09-17 19:36:38   step 1/5004: loss=4.082718
2026-09-17 19:36:38   step 2/5004: loss=4.016088
2026-09-17 19:36:59   step 100/5004: loss=3.532120
2026-09-17 19:37:21   step 200/5004: loss=4.090665
2026-09-17 19:37:42   step 300/5004: loss=4.212577
2026-09-17 19:38:03   step 400/5004: loss=4.309589
2026-09-17 19:38:25   step 500/5004: loss=2.962483
2026-09-17 19:38:47   step 600/5004: loss=4.706445
2026-09-17 19:39:09   step 700/5004: loss=3.158923
2026-09-17 19:39:30   step 800/5004: loss=3.165604
2026-09-17 19:39:52   step 900/5004: loss=4.191937
2026-09-17 19:40:14   step 1000/5004: loss=2.643791
2026-09-17 19:40:36   step 1100/5004: loss=3.802110
2026-09-17 19:40:58   step 1200/5004: loss=4.233348
2026-09-17 19:41:20   step 1300/5004: loss=3.723110
2026-09-17 19:41:41   step 1400/5004: loss=4.059413
2026-09-17 19:42:03   step 1500/5004: loss=3.972210
2026-09-17 19:42:25   step 1600/5004: loss=4.042106
2026-09-17 19:42:47   step 1700/5004: loss=3.624860
2026-09-17 19:43:09   step 1800/5004: loss=3.990474
2026-09-17 19:43:31   step 1900/5004: loss=4.295560
2026-09-17 19:43:52   step 2000/5004: loss=4.498004
2026-09-17 19:44:14   step 2100/5004: loss=3.903811
2026-09-17 19:44:36   step 2200/5004: loss=3.152416
2026-09-17 19:44:58   step 2300/5004: loss=4.196630
2026-09-17 19:45:20   step 2400/5004: loss=3.330423
2026-09-17 19:45:42   step 2500/5004: loss=3.598684
2026-09-17 19:46:03   step 2600/5004: loss=4.315403
2026-09-17 19:46:25   step 2700/5004: loss=3.701340
2026-09-17 19:46:47   step 2800/5004: loss=3.792143
2026-09-17 19:47:09   step 2900/5004: loss=4.234787
2026-09-17 19:47:31   step 3000/5004: loss=3.233968
2026-09-17 19:47:53   step 3100/5004: loss=3.993429
2026-09-17 19:48:14   step 3200/5004: loss=4.210951
2026-09-17 19:48:36   step 3300/5004: loss=4.283184
2026-09-17 19:48:58   step 3400/5004: loss=3.132522
2026-09-17 19:49:20   step 3500/5004: loss=3.536317
2026-09-17 19:49:41   step 3600/5004: loss=4.743711
2026-09-17 19:50:03   step 3700/5004: loss=4.277630
2026-09-17 19:50:25   step 3800/5004: loss=4.508068
2026-09-17 19:50:47   step 3900/5004: loss=4.305085
2026-09-17 19:51:09   step 4000/5004: loss=4.049684
2026-09-17 19:51:30   step 4100/5004: loss=4.110926
2026-09-17 19:51:52   step 4200/5004: loss=3.547663
2026-09-17 19:52:14   step 4300/5004: loss=4.106524
2026-09-17 19:52:36   step 4400/5004: loss=3.598877
2026-09-17 19:52:58   step 4500/5004: loss=3.566519
2026-09-17 19:53:20   step 4600/5004: loss=4.106643
2026-09-17 19:53:42   step 4700/5004: loss=4.540508
2026-09-17 19:54:03   step 4800/5004: loss=4.115935
2026-09-17 19:54:25   step 4900/5004: loss=4.300811
2026-09-17 19:54:47   step 5000/5004: loss=3.435236
2026-09-17 19:54:48 [pjrt_ffi] RESIDENT: @convnextin_fwd holds 182 parameter tensors (109.1 MB) on 1 device; they stop crossing PCIe from here
2026-09-17 19:56:29 Epoch 47/300: loss=3.868442 lr=0.000244
2026-09-17 19:56:29   epoch 47: test_acc = 35937/50000 = 71.874000%  top5 = 45520/50000 = 91.040000%  [95% CI 71.48–72.27]
2026-09-17 19:56:29   step 0/5004: loss=3.499203
2026-09-17 19:56:29   step 1/5004: loss=3.915366
2026-09-17 19:56:29   step 2/5004: loss=4.195811
2026-09-17 19:56:51   step 100/5004: loss=3.426888
2026-09-17 19:57:12   step 200/5004: loss=4.287803
2026-09-17 19:57:34   step 300/5004: loss=3.115627
2026-09-17 19:57:56   step 400/5004: loss=4.394980
2026-09-17 19:58:18   step 500/5004: loss=4.642751
2026-09-17 19:58:39   step 600/5004: loss=3.984580
2026-09-17 19:59:01   step 700/5004: loss=3.408253
2026-09-17 19:59:23   step 800/5004: loss=2.419810
2026-09-17 19:59:45   step 900/5004: loss=4.601724
2026-09-17 20:00:07   step 1000/5004: loss=4.208963
2026-09-17 20:00:29   step 1100/5004: loss=4.136962
2026-09-17 20:00:51   step 1200/5004: loss=4.356244
2026-09-17 20:01:13   step 1300/5004: loss=3.254502
2026-09-17 20:01:34   step 1400/5004: loss=4.351236
2026-09-17 20:01:57   step 1500/5004: loss=4.335985
2026-09-17 20:02:19   step 1600/5004: loss=3.988746
2026-09-17 20:02:41   step 1700/5004: loss=4.354183
2026-09-17 20:03:03   step 1800/5004: loss=3.802562
2026-09-17 20:03:25   step 1900/5004: loss=2.818734
2026-09-17 20:03:47   step 2000/5004: loss=2.773751
2026-09-17 20:04:09   step 2100/5004: loss=3.798470
2026-09-17 20:04:31   step 2200/5004: loss=4.218161
2026-09-17 20:04:53   step 2300/5004: loss=3.733702
2026-09-17 20:05:15   step 2400/5004: loss=3.783959
2026-09-17 20:05:37   step 2500/5004: loss=2.698669
2026-09-17 20:05:59   step 2600/5004: loss=3.445827
2026-09-17 20:06:21   step 2700/5004: loss=2.461627
2026-09-17 20:06:43   step 2800/5004: loss=4.080679
2026-09-17 20:07:05   step 2900/5004: loss=3.318490
2026-09-17 20:07:27   step 3000/5004: loss=2.536580
2026-09-17 20:07:49   step 3100/5004: loss=3.026691
2026-09-17 20:08:11   step 3200/5004: loss=3.996294
2026-09-17 20:08:33   step 3300/5004: loss=3.436006
2026-09-17 20:08:55   step 3400/5004: loss=4.377325
2026-09-17 20:09:17   step 3500/5004: loss=4.229392
2026-09-17 20:09:40   step 3600/5004: loss=3.478699
2026-09-17 20:10:01   step 3700/5004: loss=4.627203
2026-09-17 20:10:23   step 3800/5004: loss=4.218476
2026-09-17 20:10:45   step 3900/5004: loss=3.887673
2026-09-17 20:11:07   step 4000/5004: loss=4.179734
2026-09-17 20:11:29   step 4100/5004: loss=4.413487
2026-09-17 20:11:50   step 4200/5004: loss=3.809148
2026-09-17 20:12:12   step 4300/5004: loss=2.947009
2026-09-17 20:12:34   step 4400/5004: loss=3.308089
2026-09-17 20:12:56   step 4500/5004: loss=4.824187
2026-09-17 20:13:19   step 4600/5004: loss=4.331689
2026-09-17 20:13:41   step 4700/5004: loss=4.680527
2026-09-17 20:14:03   step 4800/5004: loss=4.071869
2026-09-17 20:14:25   step 4900/5004: loss=4.765115
2026-09-17 20:14:46   step 5000/5004: loss=3.451991
2026-09-17 20:14:47 [pjrt_ffi] RESIDENT: @convnextin_fwd holds 182 parameter tensors (109.1 MB) on 1 device; they stop crossing PCIe from here
2026-09-17 20:16:28 Epoch 48/300: loss=3.848870 lr=0.000244
2026-09-17 20:16:28   epoch 48: test_acc = 36148/50000 = 72.296000%  top5 = 45616/50000 = 91.232000%  [95% CI 71.90–72.69]
2026-09-17 20:16:29   step 0/5004: loss=3.582406
2026-09-17 20:16:29   step 1/5004: loss=4.484120
2026-09-17 20:16:29   step 2/5004: loss=3.830021
2026-09-17 20:16:50   step 100/5004: loss=3.073241
2026-09-17 20:17:12   step 200/5004: loss=4.039467
2026-09-17 20:17:34   step 300/5004: loss=3.034555
2026-09-17 20:17:55   step 400/5004: loss=4.714851
2026-09-17 20:18:17   step 500/5004: loss=3.477612
2026-09-17 20:18:39   step 600/5004: loss=4.266987
2026-09-17 20:19:01   step 700/5004: loss=4.386687
2026-09-17 20:19:23   step 800/5004: loss=2.829920
2026-09-17 20:19:45   step 900/5004: loss=4.121427
2026-09-17 20:20:07   step 1000/5004: loss=3.782277
2026-09-17 20:20:29   step 1100/5004: loss=3.977164
2026-09-17 20:20:51   step 1200/5004: loss=3.632687
2026-09-17 20:21:13   step 1300/5004: loss=4.260026
2026-09-17 20:21:35   step 1400/5004: loss=4.673441
2026-09-17 20:21:57   step 1500/5004: loss=4.105491
2026-09-17 20:22:19   step 1600/5004: loss=4.469418
2026-09-17 20:22:41   step 1700/5004: loss=4.262909
2026-09-17 20:23:04   step 1800/5004: loss=4.772317
2026-09-17 20:23:26   step 1900/5004: loss=4.023623
2026-09-17 20:23:48   step 2000/5004: loss=3.497817
2026-09-17 20:24:10   step 2100/5004: loss=4.263217
2026-09-17 20:24:32   step 2200/5004: loss=3.991810
2026-09-17 20:24:54   step 2300/5004: loss=3.503643
2026-09-17 20:25:16   step 2400/5004: loss=3.326240
2026-09-17 20:25:38   step 2500/5004: loss=4.360079
2026-09-17 20:26:00   step 2600/5004: loss=3.775474
2026-09-17 20:26:22   step 2700/5004: loss=3.658659
2026-09-17 20:26:43   step 2800/5004: loss=4.174595
2026-09-17 20:27:05   step 2900/5004: loss=4.068704
2026-09-17 20:27:27   step 3000/5004: loss=4.509796
2026-09-17 20:27:49   step 3100/5004: loss=3.887396
2026-09-17 20:28:11   step 3200/5004: loss=3.530364
2026-09-17 20:28:33   step 3300/5004: loss=4.219954
2026-09-17 20:28:55   step 3400/5004: loss=4.631346
2026-09-17 20:29:17   step 3500/5004: loss=3.300779
2026-09-17 20:29:38   step 3600/5004: loss=3.336494
2026-09-17 20:30:00   step 3700/5004: loss=3.524119
2026-09-17 20:30:22   step 3800/5004: loss=4.712192
2026-09-17 20:30:44   step 3900/5004: loss=4.044509
2026-09-17 20:31:06   step 4000/5004: loss=4.606339
2026-09-17 20:31:28   step 4100/5004: loss=3.834354
2026-09-17 20:31:50   step 4200/5004: loss=4.726003
2026-09-17 20:32:11   step 4300/5004: loss=3.636314
2026-09-17 20:32:33   step 4400/5004: loss=4.407921
2026-09-17 20:32:55   step 4500/5004: loss=3.018428
2026-09-17 20:33:17   step 4600/5004: loss=2.436261
2026-09-17 20:33:39   step 4700/5004: loss=4.059602
2026-09-17 20:34:00   step 4800/5004: loss=3.486660
2026-09-17 20:34:22   step 4900/5004: loss=3.425806
2026-09-17 20:34:44   step 5000/5004: loss=3.087602
2026-09-17 20:34:45 [pjrt_ffi] RESIDENT: @convnextin_fwd holds 182 parameter tensors (109.1 MB) on 1 device; they stop crossing PCIe from here
2026-09-17 20:36:26 Epoch 49/300: loss=3.860338 lr=0.000243
2026-09-17 20:36:26   epoch 49: test_acc = 36076/50000 = 72.152000%  top5 = 45542/50000 = 91.084000%  [95% CI 71.76–72.54]
2026-09-17 20:36:26   step 0/5004: loss=4.119668
2026-09-17 20:36:26   step 1/5004: loss=4.140760
2026-09-17 20:36:27   step 2/5004: loss=4.184477
2026-09-17 20:36:48   step 100/5004: loss=4.135392
2026-09-17 20:37:10   step 200/5004: loss=3.454410
2026-09-17 20:37:32   step 300/5004: loss=4.728106
2026-09-17 20:37:54   step 400/5004: loss=3.310477
2026-09-17 20:38:16   step 500/5004: loss=4.490607
2026-09-17 20:38:38   step 600/5004: loss=3.574040
2026-09-17 20:39:00   step 700/5004: loss=4.227935
2026-09-17 20:39:23   step 800/5004: loss=4.003582
2026-09-17 20:39:45   step 900/5004: loss=4.980132
2026-09-17 20:40:07   step 1000/5004: loss=4.130641
2026-09-17 20:40:30   step 1100/5004: loss=3.756883
2026-09-17 20:40:52   step 1200/5004: loss=3.912057
2026-09-17 20:41:14   step 1300/5004: loss=3.281872
2026-09-17 20:41:36   step 1400/5004: loss=4.062597
2026-09-17 20:41:58   step 1500/5004: loss=4.147861
2026-09-17 20:42:21   step 1600/5004: loss=4.104568
2026-09-17 20:42:43   step 1700/5004: loss=3.169952
2026-09-17 20:43:05   step 1800/5004: loss=4.040017
2026-09-17 20:43:27   step 1900/5004: loss=2.914534
2026-09-17 20:43:49   step 2000/5004: loss=3.831423
2026-09-17 20:44:11   step 2100/5004: loss=4.588834
2026-09-17 20:44:33   step 2200/5004: loss=3.532086
2026-09-17 20:44:55   step 2300/5004: loss=4.372627
2026-09-17 20:45:17   step 2400/5004: loss=3.680394
2026-09-17 20:45:39   step 2500/5004: loss=4.604338
2026-09-17 20:46:02   step 2600/5004: loss=3.521071
2026-09-17 20:46:24   step 2700/5004: loss=4.372519
2026-09-17 20:46:46   step 2800/5004: loss=4.120189
2026-09-17 20:47:08   step 2900/5004: loss=3.984443
2026-09-17 20:47:30   step 3000/5004: loss=4.369069
2026-09-17 20:47:52   step 3100/5004: loss=4.332183
2026-09-17 20:48:14   step 3200/5004: loss=3.861541
2026-09-17 20:48:37   step 3300/5004: loss=4.064666
2026-09-17 20:48:59   step 3400/5004: loss=3.906398
2026-09-17 20:49:20   step 3500/5004: loss=4.406302
2026-09-17 20:49:42   step 3600/5004: loss=3.772000
2026-09-17 20:50:04   step 3700/5004: loss=2.474268
2026-09-17 20:50:27   step 3800/5004: loss=3.825560
2026-09-17 20:50:48   step 3900/5004: loss=4.630249
2026-09-17 20:51:11   step 4000/5004: loss=3.254291
2026-09-17 20:51:33   step 4100/5004: loss=4.315494
2026-09-17 20:51:55   step 4200/5004: loss=4.272360
2026-09-17 20:52:17   step 4300/5004: loss=4.892916
2026-09-17 20:52:39   step 4400/5004: loss=3.696363
2026-09-17 20:53:01   step 4500/5004: loss=4.127929
2026-09-17 20:53:23   step 4600/5004: loss=4.165530
2026-09-17 20:53:45   step 4700/5004: loss=4.044797
2026-09-17 20:54:08   step 4800/5004: loss=3.793123
2026-09-17 20:54:29   step 4900/5004: loss=4.424381
2026-09-17 20:54:51   step 5000/5004: loss=4.119393
2026-09-17 20:54:52 [pjrt_ffi] RESIDENT: @convnextin_fwd holds 182 parameter tensors (109.1 MB) on 1 device; they stop crossing PCIe from here
2026-09-17 20:56:33 Epoch 50/300: loss=3.842133 lr=0.000243
2026-09-17 20:56:33   epoch 50: test_acc = 36187/50000 = 72.374000%  top5 = 45613/50000 = 91.226000%  [95% CI 71.98–72.76]
2026-09-17 20:56:38   ▸ shim respawn: producer 0 of 4 replaced after epoch 50 (generation 5, seed 21)
2026-09-17 20:56:40   step 0/5004: loss=2.898209
2026-09-17 20:56:40   step 1/5004: loss=4.458482
2026-09-17 20:56:40   step 2/5004: loss=2.774143
2026-09-17 20:57:02   step 100/5004: loss=4.315416
2026-09-17 20:57:25   step 200/5004: loss=4.453725
2026-09-17 20:57:48   step 300/5004: loss=3.934208
2026-09-17 20:58:10   step 400/5004: loss=3.867346
2026-09-17 20:58:33   step 500/5004: loss=3.676114
2026-09-17 20:58:55   step 600/5004: loss=3.271821
2026-09-17 20:59:18   step 700/5004: loss=4.405204
2026-09-17 20:59:40   step 800/5004: loss=4.322861
2026-09-17 21:00:03   step 900/5004: loss=2.477459
2026-09-17 21:00:26   step 1000/5004: loss=4.168715
2026-09-17 21:00:48   step 1100/5004: loss=3.753016
2026-09-17 21:01:11   step 1200/5004: loss=3.390057
2026-09-17 21:01:33   step 1300/5004: loss=3.687078
2026-09-17 21:01:56   step 1400/5004: loss=4.555580
2026-09-17 21:02:18   step 1500/5004: loss=2.956805
2026-09-17 21:02:40   step 1600/5004: loss=3.772585
2026-09-17 21:03:03   step 1700/5004: loss=3.330014
2026-09-17 21:03:25   step 1800/5004: loss=4.070753
2026-09-17 21:03:48   step 1900/5004: loss=3.957586
2026-09-17 21:04:10   step 2000/5004: loss=2.899705
2026-09-17 21:04:33   step 2100/5004: loss=4.231180
2026-09-17 21:04:55   step 2200/5004: loss=3.742425
2026-09-17 21:05:18   step 2300/5004: loss=4.246006
2026-09-17 21:05:40   step 2400/5004: loss=3.086268
2026-09-17 21:06:02   step 2500/5004: loss=2.882521
2026-09-17 21:06:25   step 2600/5004: loss=4.274278
2026-09-17 21:06:47   step 2700/5004: loss=3.033951
2026-09-17 21:07:10   step 2800/5004: loss=4.446118
2026-09-17 21:07:32   step 2900/5004: loss=4.224212
2026-09-17 21:07:54   step 3000/5004: loss=3.113657
2026-09-17 21:08:16   step 3100/5004: loss=3.593147
2026-09-17 21:08:38   step 3200/5004: loss=4.578407
2026-09-17 21:09:00   step 3300/5004: loss=3.202737
2026-09-17 21:09:22   step 3400/5004: loss=4.219023
2026-09-17 21:09:44   step 3500/5004: loss=4.143796
2026-09-17 21:10:06   step 3600/5004: loss=4.571836
2026-09-17 21:10:28   step 3700/5004: loss=3.892944
2026-09-17 21:10:50   step 3800/5004: loss=2.911026
2026-09-17 21:11:12   step 3900/5004: loss=4.060472
2026-09-17 21:11:34   step 4000/5004: loss=2.812830
2026-09-17 21:11:56   step 4100/5004: loss=3.760991
2026-09-17 21:12:18   step 4200/5004: loss=4.588941
2026-09-17 21:12:40   step 4300/5004: loss=3.989534
2026-09-17 21:13:02   step 4400/5004: loss=4.584079
2026-09-17 21:13:24   step 4500/5004: loss=4.008555
2026-09-17 21:13:46   step 4600/5004: loss=4.378932
2026-09-17 21:14:09   step 4700/5004: loss=2.819726
2026-09-17 21:14:31   step 4800/5004: loss=4.896034
2026-09-17 21:14:53   step 4900/5004: loss=4.085446
2026-09-17 21:15:16   step 5000/5004: loss=4.267074
2026-09-17 21:15:16 [pjrt_ffi] RESIDENT: @convnextin_fwd holds 182 parameter tensors (109.1 MB) on 1 device; they stop crossing PCIe from here
2026-09-17 21:16:57 Epoch 51/300: loss=3.839548 lr=0.000243
2026-09-17 21:16:57   epoch 51: test_acc = 36158/50000 = 72.316000%  top5 = 45590/50000 = 91.180000%  [95% CI 71.92–72.71]
2026-09-17 21:16:58   step 0/5004: loss=4.125095
2026-09-17 21:16:58   step 1/5004: loss=3.708155
2026-09-17 21:16:58   step 2/5004: loss=3.994349
2026-09-17 21:17:19   step 100/5004: loss=4.279513
2026-09-17 21:17:41   step 200/5004: loss=4.331718
2026-09-17 21:18:03   step 300/5004: loss=4.614017
2026-09-17 21:18:25   step 400/5004: loss=4.311663
2026-09-17 21:18:47   step 500/5004: loss=3.718044
2026-09-17 21:19:09   step 600/5004: loss=3.811477
2026-09-17 21:19:31   step 700/5004: loss=3.110810
2026-09-17 21:19:53   step 800/5004: loss=2.935243
2026-09-17 21:20:15   step 900/5004: loss=3.632495
2026-09-17 21:20:37   step 1000/5004: loss=3.289955
2026-09-17 21:20:59   step 1100/5004: loss=4.571465
2026-09-17 21:21:21   step 1200/5004: loss=4.000584
2026-09-17 21:21:43   step 1300/5004: loss=4.389712
2026-09-17 21:22:06   step 1400/5004: loss=4.728786
2026-09-17 21:22:28   step 1500/5004: loss=4.022921
2026-09-17 21:22:49   step 1600/5004: loss=3.792242
2026-09-17 21:23:11   step 1700/5004: loss=3.801334
2026-09-17 21:23:33   step 1800/5004: loss=4.113828
2026-09-17 21:23:55   step 1900/5004: loss=4.454533
2026-09-17 21:24:18   step 2000/5004: loss=4.163328
2026-09-17 21:24:40   step 2100/5004: loss=3.736729
2026-09-17 21:25:02   step 2200/5004: loss=3.980127
2026-09-17 21:25:24   step 2300/5004: loss=4.565746
2026-09-17 21:25:47   step 2400/5004: loss=3.544899
2026-09-17 21:26:09   step 2500/5004: loss=2.604998
2026-09-17 21:26:31   step 2600/5004: loss=3.381221
2026-09-17 21:26:54   step 2700/5004: loss=2.531904
2026-09-17 21:27:16   step 2800/5004: loss=3.861115
2026-09-17 21:27:38   step 2900/5004: loss=3.304228
2026-09-17 21:28:00   step 3000/5004: loss=3.421001
2026-09-17 21:28:22   step 3100/5004: loss=3.893450
2026-09-17 21:28:44   step 3200/5004: loss=4.279842
2026-09-17 21:29:06   step 3300/5004: loss=3.829504
2026-09-17 21:29:28   step 3400/5004: loss=3.293764
2026-09-17 21:29:50   step 3500/5004: loss=4.566678
2026-09-17 21:30:12   step 3600/5004: loss=4.159116
2026-09-17 21:30:34   step 3700/5004: loss=3.030941
2026-09-17 21:30:56   step 3800/5004: loss=4.070001
2026-09-17 21:31:18   step 3900/5004: loss=3.071412
2026-09-17 21:31:40   step 4000/5004: loss=3.175905
2026-09-17 21:32:02   step 4100/5004: loss=4.748222
2026-09-17 21:32:24   step 4200/5004: loss=4.146677
2026-09-17 21:32:46   step 4300/5004: loss=4.234094
2026-09-17 21:33:07   step 4400/5004: loss=4.054077
2026-09-17 21:33:29   step 4500/5004: loss=3.227835
2026-09-17 21:33:51   step 4600/5004: loss=4.050217
2026-09-17 21:34:13   step 4700/5004: loss=3.623528
2026-09-17 21:34:35   step 4800/5004: loss=3.545279
2026-09-17 21:34:57   step 4900/5004: loss=4.742578
2026-09-17 21:35:19   step 5000/5004: loss=3.723532
2026-09-17 21:35:19 [pjrt_ffi] RESIDENT: @convnextin_fwd holds 182 parameter tensors (109.1 MB) on 1 device; they stop crossing PCIe from here
2026-09-17 21:37:00 Epoch 52/300: loss=3.821242 lr=0.000242
2026-09-17 21:37:00   epoch 52: test_acc = 36265/50000 = 72.530000%  top5 = 45594/50000 = 91.188000%  [95% CI 72.14–72.92]
2026-09-17 21:37:01   step 0/5004: loss=3.611578
2026-09-17 21:37:01   step 1/5004: loss=4.419493
2026-09-17 21:37:01   step 2/5004: loss=3.807629
2026-09-17 21:37:22   step 100/5004: loss=4.153305
2026-09-17 21:37:43   step 200/5004: loss=3.045738
2026-09-17 21:38:05   step 300/5004: loss=3.876920
2026-09-17 21:38:27   step 400/5004: loss=4.530075
2026-09-17 21:38:49   step 500/5004: loss=4.257344
2026-09-17 21:39:11   step 600/5004: loss=4.473175
2026-09-17 21:39:33   step 700/5004: loss=4.249178
2026-09-17 21:39:55   step 800/5004: loss=4.669049
2026-09-17 21:40:16   step 900/5004: loss=3.500167
2026-09-17 21:40:38   step 1000/5004: loss=2.644840
2026-09-17 21:41:00   step 1100/5004: loss=3.858724
2026-09-17 21:41:22   step 1200/5004: loss=4.235526
2026-09-17 21:41:44   step 1300/5004: loss=4.116978
2026-09-17 21:42:06   step 1400/5004: loss=4.608381
2026-09-17 21:42:27   step 1500/5004: loss=3.804691
2026-09-17 21:42:49   step 1600/5004: loss=3.812798
2026-09-17 21:43:11   step 1700/5004: loss=4.327769
2026-09-17 21:43:33   step 1800/5004: loss=3.125635
2026-09-17 21:43:55   step 1900/5004: loss=2.565784
2026-09-17 21:44:18   step 2000/5004: loss=2.583335
2026-09-17 21:44:40   step 2100/5004: loss=3.724051
2026-09-17 21:45:03   step 2200/5004: loss=4.304089
2026-09-17 21:45:25   step 2300/5004: loss=4.094275
2026-09-17 21:45:47   step 2400/5004: loss=2.484444
2026-09-17 21:46:10   step 2500/5004: loss=4.012202
2026-09-17 21:46:32   step 2600/5004: loss=2.675652
2026-09-17 21:46:54   step 2700/5004: loss=3.994554
2026-09-17 21:47:16   step 2800/5004: loss=3.751328
2026-09-17 21:47:38   step 2900/5004: loss=3.616802
2026-09-17 21:48:01   step 3000/5004: loss=3.783829
2026-09-17 21:48:23   step 3100/5004: loss=3.340119
2026-09-17 21:48:44   step 3200/5004: loss=4.645506
2026-09-17 21:49:06   step 3300/5004: loss=3.965314
2026-09-17 21:49:28   step 3400/5004: loss=4.514213
2026-09-17 21:49:51   step 3500/5004: loss=3.940831
2026-09-17 21:50:13   step 3600/5004: loss=4.561423
2026-09-17 21:50:35   step 3700/5004: loss=3.923499
2026-09-17 21:50:57   step 3800/5004: loss=3.567065
2026-09-17 21:51:19   step 3900/5004: loss=2.969588
2026-09-17 21:51:41   step 4000/5004: loss=2.874716
2026-09-17 21:52:03   step 4100/5004: loss=3.684518
2026-09-17 21:52:25   step 4200/5004: loss=4.621738
2026-09-17 21:52:47   step 4300/5004: loss=3.058908
2026-09-17 21:53:09   step 4400/5004: loss=3.755277
2026-09-17 21:53:31   step 4500/5004: loss=3.466312
2026-09-17 21:53:54   step 4600/5004: loss=4.946004
2026-09-17 21:54:16   step 4700/5004: loss=2.977005
2026-09-17 21:54:38   step 4800/5004: loss=3.520389
2026-09-17 21:55:00   step 4900/5004: loss=3.188334
2026-09-17 21:55:21   step 5000/5004: loss=2.443758
2026-09-17 21:55:22 [pjrt_ffi] RESIDENT: @convnextin_fwd holds 182 parameter tensors (109.1 MB) on 1 device; they stop crossing PCIe from here
2026-09-17 21:57:03 Epoch 53/300: loss=3.816893 lr=0.000242
2026-09-17 21:57:03   epoch 53: test_acc = 36280/50000 = 72.560000%  top5 = 45667/50000 = 91.334000%  [95% CI 72.17–72.95]
2026-09-17 21:57:03   step 0/5004: loss=3.657653
2026-09-17 21:57:04   step 1/5004: loss=4.034798
2026-09-17 21:57:04   step 2/5004: loss=3.821071
2026-09-17 21:57:25   step 100/5004: loss=4.206689
2026-09-17 21:57:46   step 200/5004: loss=4.011100
2026-09-17 21:58:08   step 300/5004: loss=3.252378
2026-09-17 21:58:30   step 400/5004: loss=3.998354
2026-09-17 21:58:52   step 500/5004: loss=4.450618
2026-09-17 21:59:14   step 600/5004: loss=3.534429
2026-09-17 21:59:36   step 700/5004: loss=4.345174
2026-09-17 21:59:58   step 800/5004: loss=3.390089
2026-09-17 22:00:20   step 900/5004: loss=3.108698
2026-09-17 22:00:42   step 1000/5004: loss=2.467615
2026-09-17 22:01:04   step 1100/5004: loss=4.409805
2026-09-17 22:01:26   step 1200/5004: loss=3.950412
2026-09-17 22:01:48   step 1300/5004: loss=2.980185
2026-09-17 22:02:10   step 1400/5004: loss=3.961588
2026-09-17 22:02:32   step 1500/5004: loss=4.154644
2026-09-17 22:02:54   step 1600/5004: loss=3.959154
2026-09-17 22:03:17   step 1700/5004: loss=3.700030
2026-09-17 22:03:39   step 1800/5004: loss=3.788375
2026-09-17 22:04:02   step 1900/5004: loss=4.228631
2026-09-17 22:04:24   step 2000/5004: loss=3.478759
2026-09-17 22:04:47   step 2100/5004: loss=3.847146
2026-09-17 22:05:09   step 2200/5004: loss=3.971024
2026-09-17 22:05:31   step 2300/5004: loss=3.758237
2026-09-17 22:05:53   step 2400/5004: loss=3.864943
2026-09-17 22:06:16   step 2500/5004: loss=4.616402
2026-09-17 22:06:38   step 2600/5004: loss=3.997005
2026-09-17 22:07:00   step 2700/5004: loss=4.473156
2026-09-17 22:07:23   step 2800/5004: loss=4.027213
2026-09-17 22:07:45   step 2900/5004: loss=2.408612
2026-09-17 22:08:07   step 3000/5004: loss=4.208191
2026-09-17 22:08:29   step 3100/5004: loss=4.638852
2026-09-17 22:08:51   step 3200/5004: loss=4.089860
2026-09-17 22:09:13   step 3300/5004: loss=3.053831
2026-09-17 22:09:35   step 3400/5004: loss=4.091546
2026-09-17 22:09:57   step 3500/5004: loss=4.570143
2026-09-17 22:10:19   step 3600/5004: loss=4.230731
2026-09-17 22:10:41   step 3700/5004: loss=3.168574
2026-09-17 22:11:03   step 3800/5004: loss=3.622549
2026-09-17 22:11:25   step 3900/5004: loss=2.661649
2026-09-17 22:11:47   step 4000/5004: loss=3.763081
2026-09-17 22:12:09   step 4100/5004: loss=3.969786
2026-09-17 22:12:30   step 4200/5004: loss=3.792231
2026-09-17 22:12:52   step 4300/5004: loss=4.496404
2026-09-17 22:13:14   step 4400/5004: loss=3.923868
2026-09-17 22:13:37   step 4500/5004: loss=4.433504
2026-09-17 22:13:59   step 4600/5004: loss=2.647992
2026-09-17 22:14:21   step 4700/5004: loss=3.909417
2026-09-17 22:14:43   step 4800/5004: loss=4.234426
2026-09-17 22:15:05   step 4900/5004: loss=4.211952
2026-09-17 22:15:26   step 5000/5004: loss=4.354924
2026-09-17 22:15:27 [pjrt_ffi] RESIDENT: @convnextin_fwd holds 182 parameter tensors (109.1 MB) on 1 device; they stop crossing PCIe from here
2026-09-17 22:17:08 Epoch 54/300: loss=3.817298 lr=0.000241
2026-09-17 22:17:08   epoch 54: test_acc = 36537/50000 = 73.074000%  top5 = 45746/50000 = 91.492000%  [95% CI 72.68–73.46]
2026-09-17 22:17:08   step 0/5004: loss=4.093950
2026-09-17 22:17:08   step 1/5004: loss=4.449401
2026-09-17 22:17:09   step 2/5004: loss=2.889758
2026-09-17 22:17:30   step 100/5004: loss=4.410439
2026-09-17 22:17:51   step 200/5004: loss=3.216083
2026-09-17 22:18:13   step 300/5004: loss=3.933925
2026-09-17 22:18:35   step 400/5004: loss=3.515999
2026-09-17 22:18:56   step 500/5004: loss=3.668821
2026-09-17 22:19:18   step 600/5004: loss=3.104027
2026-09-17 22:19:40   step 700/5004: loss=3.482462
2026-09-17 22:20:02   step 800/5004: loss=4.327760
2026-09-17 22:20:24   step 900/5004: loss=4.157179
2026-09-17 22:20:46   step 1000/5004: loss=4.254485
2026-09-17 22:21:08   step 1100/5004: loss=3.956810
2026-09-17 22:21:30   step 1200/5004: loss=2.761696
2026-09-17 22:21:52   step 1300/5004: loss=3.831955
2026-09-17 22:22:15   step 1400/5004: loss=4.008073
2026-09-17 22:22:37   step 1500/5004: loss=3.844873
2026-09-17 22:22:59   step 1600/5004: loss=2.672642
2026-09-17 22:23:22   step 1700/5004: loss=4.084063
2026-09-17 22:23:44   step 1800/5004: loss=2.663490
2026-09-17 22:24:07   step 1900/5004: loss=3.613673
2026-09-17 22:24:29   step 2000/5004: loss=4.738289
2026-09-17 22:24:52   step 2100/5004: loss=3.900571
2026-09-17 22:25:14   step 2200/5004: loss=4.329813
2026-09-17 22:25:37   step 2300/5004: loss=3.141684
2026-09-17 22:25:59   step 2400/5004: loss=2.849684
2026-09-17 22:26:21   step 2500/5004: loss=3.520146
2026-09-17 22:26:43   step 2600/5004: loss=4.010152
2026-09-17 22:27:05   step 2700/5004: loss=4.130748
2026-09-17 22:27:27   step 2800/5004: loss=4.393947
2026-09-17 22:27:50   step 2900/5004: loss=4.299350
2026-09-17 22:28:12   step 3000/5004: loss=3.702769
2026-09-17 22:28:34   step 3100/5004: loss=3.454905
2026-09-17 22:28:56   step 3200/5004: loss=4.354380
2026-09-17 22:29:18   step 3300/5004: loss=4.145020
2026-09-17 22:29:40   step 3400/5004: loss=2.819970
2026-09-17 22:30:02   step 3500/5004: loss=3.120865
2026-09-17 22:30:24   step 3600/5004: loss=4.806335
2026-09-17 22:30:46   step 3700/5004: loss=3.576249
2026-09-17 22:31:08   step 3800/5004: loss=3.029004
2026-09-17 22:31:30   step 3900/5004: loss=4.067304
2026-09-17 22:31:52   step 4000/5004: loss=2.625544
2026-09-17 22:32:14   step 4100/5004: loss=3.761459
2026-09-17 22:32:36   step 4200/5004: loss=4.365727
2026-09-17 22:32:58   step 4300/5004: loss=2.968717
2026-09-17 22:33:21   step 4400/5004: loss=4.482021
2026-09-17 22:33:43   step 4500/5004: loss=3.977582
2026-09-17 22:34:05   step 4600/5004: loss=4.672259
2026-09-17 22:34:27   step 4700/5004: loss=4.148525
2026-09-17 22:34:49   step 4800/5004: loss=3.538893
2026-09-17 22:35:11   step 4900/5004: loss=3.850976
2026-09-17 22:35:32   step 5000/5004: loss=3.705194
2026-09-17 22:35:33 [pjrt_ffi] RESIDENT: @convnextin_fwd holds 182 parameter tensors (109.1 MB) on 1 device; they stop crossing PCIe from here
2026-09-17 22:37:14 Epoch 55/300: loss=3.793569 lr=0.000240
2026-09-17 22:37:14   epoch 55: test_acc = 36510/50000 = 73.020000%  top5 = 45756/50000 = 91.512000%  [95% CI 72.63–73.41]
2026-09-17 22:37:15   step 0/5004: loss=4.281705
2026-09-17 22:37:15   step 1/5004: loss=3.062054
2026-09-17 22:37:15   step 2/5004: loss=3.951384
2026-09-17 22:37:36   step 100/5004: loss=3.617598
2026-09-17 22:37:58   step 200/5004: loss=4.196293
2026-09-17 22:38:20   step 300/5004: loss=4.473789
2026-09-17 22:38:42   step 400/5004: loss=4.430307
2026-09-17 22:39:04   step 500/5004: loss=4.786142
2026-09-17 22:39:26   step 600/5004: loss=3.615198
2026-09-17 22:39:48   step 700/5004: loss=4.577300
2026-09-17 22:40:11   step 800/5004: loss=4.205497
2026-09-17 22:40:33   step 900/5004: loss=3.863634
2026-09-17 22:40:55   step 1000/5004: loss=4.102012
2026-09-17 22:41:17   step 1100/5004: loss=2.989933
2026-09-17 22:41:39   step 1200/5004: loss=4.064347
2026-09-17 22:42:01   step 1300/5004: loss=3.258521
2026-09-17 22:42:23   step 1400/5004: loss=3.789885
2026-09-17 22:42:45   step 1500/5004: loss=3.113442
2026-09-17 22:43:07   step 1600/5004: loss=3.925338
2026-09-17 22:43:30   step 1700/5004: loss=4.535485
2026-09-17 22:43:52   step 1800/5004: loss=2.647816
2026-09-17 22:44:14   step 1900/5004: loss=4.317420
2026-09-17 22:44:37   step 2000/5004: loss=3.844381
2026-09-17 22:44:59   step 2100/5004: loss=3.237455
2026-09-17 22:45:22   step 2200/5004: loss=3.964704
2026-09-17 22:45:44   step 2300/5004: loss=3.565386
2026-09-17 22:46:07   step 2400/5004: loss=3.564332
2026-09-17 22:46:29   step 2500/5004: loss=2.294890
2026-09-17 22:46:51   step 2600/5004: loss=3.912255
2026-09-17 22:47:13   step 2700/5004: loss=4.543179
2026-09-17 22:47:36   step 2800/5004: loss=2.560804
2026-09-17 22:47:58   step 2900/5004: loss=3.148426
2026-09-17 22:48:20   step 3000/5004: loss=4.008428
2026-09-17 22:48:42   step 3100/5004: loss=3.065038
2026-09-17 22:49:03   step 3200/5004: loss=4.039960
2026-09-17 22:49:25   step 3300/5004: loss=4.489418
2026-09-17 22:49:48   step 3400/5004: loss=3.693682
2026-09-17 22:50:10   step 3500/5004: loss=3.810264
2026-09-17 22:50:32   step 3600/5004: loss=3.616811
2026-09-17 22:50:54   step 3700/5004: loss=3.403436
2026-09-17 22:51:16   step 3800/5004: loss=4.014352
2026-09-17 22:51:38   step 3900/5004: loss=4.746575
2026-09-17 22:52:00   step 4000/5004: loss=4.529553
2026-09-17 22:52:21   step 4100/5004: loss=4.239670
2026-09-17 22:52:43   step 4200/5004: loss=3.699417
2026-09-17 22:53:04   step 4300/5004: loss=2.913814
2026-09-17 22:53:26   step 4400/5004: loss=4.099780
2026-09-17 22:53:48   step 4500/5004: loss=4.241680
2026-09-17 22:54:10   step 4600/5004: loss=2.198237
2026-09-17 22:54:32   step 4700/5004: loss=3.548990
2026-09-17 22:54:54   step 4800/5004: loss=3.209119
2026-09-17 22:55:16   step 4900/5004: loss=4.686532
2026-09-17 22:55:37   step 5000/5004: loss=3.441937
2026-09-17 22:55:38 [pjrt_ffi] RESIDENT: @convnextin_fwd holds 182 parameter tensors (109.1 MB) on 1 device; they stop crossing PCIe from here
2026-09-17 22:57:19 Epoch 56/300: loss=3.803028 lr=0.000240
2026-09-17 22:57:19   epoch 56: test_acc = 36564/50000 = 73.128000%  top5 = 45744/50000 = 91.488000%  [95% CI 72.74–73.51]
2026-09-17 22:57:19   step 0/5004: loss=2.865422
2026-09-17 22:57:19   step 1/5004: loss=4.844616
2026-09-17 22:57:20   step 2/5004: loss=3.503072
2026-09-17 22:57:41   step 100/5004: loss=3.882930
2026-09-17 22:58:02   step 200/5004: loss=4.791277
2026-09-17 22:58:24   step 300/5004: loss=3.812368
2026-09-17 22:58:45   step 400/5004: loss=3.898404
2026-09-17 22:59:08   step 500/5004: loss=4.061832
2026-09-17 22:59:30   step 600/5004: loss=4.857128
2026-09-17 22:59:52   step 700/5004: loss=4.034082
2026-09-17 23:00:14   step 800/5004: loss=2.740507
2026-09-17 23:00:36   step 900/5004: loss=3.719310
2026-09-17 23:00:58   step 1000/5004: loss=3.206471
2026-09-17 23:01:20   step 1100/5004: loss=2.560935
2026-09-17 23:01:42   step 1200/5004: loss=3.838751
2026-09-17 23:02:04   step 1300/5004: loss=2.950055
2026-09-17 23:02:26   step 1400/5004: loss=3.906330
2026-09-17 23:02:49   step 1500/5004: loss=4.401242
2026-09-17 23:03:11   step 1600/5004: loss=2.661245
2026-09-17 23:03:33   step 1700/5004: loss=3.597993
2026-09-17 23:03:55   step 1800/5004: loss=3.039701
2026-09-17 23:04:18   step 1900/5004: loss=4.035963
2026-09-17 23:04:40   step 2000/5004: loss=3.612533
2026-09-17 23:05:02   step 2100/5004: loss=4.251607
2026-09-17 23:05:25   step 2200/5004: loss=4.375512
2026-09-17 23:05:47   step 2300/5004: loss=3.637992
2026-09-17 23:06:09   step 2400/5004: loss=3.909342
2026-09-17 23:06:31   step 2500/5004: loss=3.920455
2026-09-17 23:06:53   step 2600/5004: loss=4.042762
2026-09-17 23:07:15   step 2700/5004: loss=2.841959
2026-09-17 23:07:38   step 2800/5004: loss=3.693467
2026-09-17 23:08:00   step 2900/5004: loss=3.158416
2026-09-17 23:08:22   step 3000/5004: loss=4.566103
2026-09-17 23:08:44   step 3100/5004: loss=3.958302
2026-09-17 23:09:06   step 3200/5004: loss=4.710342
2026-09-17 23:09:28   step 3300/5004: loss=4.002299
2026-09-17 23:09:50   step 3400/5004: loss=3.755206
2026-09-17 23:10:12   step 3500/5004: loss=3.914626
2026-09-17 23:10:34   step 3600/5004: loss=3.599327
2026-09-17 23:10:56   step 3700/5004: loss=4.354505
2026-09-17 23:11:18   step 3800/5004: loss=4.104261
2026-09-17 23:11:40   step 3900/5004: loss=3.945410
2026-09-17 23:12:01   step 4000/5004: loss=4.105863
2026-09-17 23:12:23   step 4100/5004: loss=3.625420
2026-09-17 23:12:45   step 4200/5004: loss=2.854506
2026-09-17 23:13:06   step 4300/5004: loss=3.643968
2026-09-17 23:13:27   step 4400/5004: loss=2.909321
2026-09-17 23:13:49   step 4500/5004: loss=4.086479
2026-09-17 23:14:11   step 4600/5004: loss=3.087851
2026-09-17 23:14:33   step 4700/5004: loss=4.347173
2026-09-17 23:14:55   step 4800/5004: loss=4.421314
2026-09-17 23:15:16   step 4900/5004: loss=4.127157
2026-09-17 23:15:38   step 5000/5004: loss=3.925454
2026-09-17 23:15:38 [pjrt_ffi] RESIDENT: @convnextin_fwd holds 182 parameter tensors (109.1 MB) on 1 device; they stop crossing PCIe from here
2026-09-17 23:17:19 Epoch 57/300: loss=3.778415 lr=0.000239
2026-09-17 23:17:19   epoch 57: test_acc = 36385/50000 = 72.770000%  top5 = 45770/50000 = 91.540000%  [95% CI 72.38–73.16]
2026-09-17 23:17:20   step 0/5004: loss=4.066632
2026-09-17 23:17:20   step 1/5004: loss=4.021463
2026-09-17 23:17:20   step 2/5004: loss=3.953768
2026-09-17 23:17:41   step 100/5004: loss=3.405095
2026-09-17 23:18:03   step 200/5004: loss=3.988135
2026-09-17 23:18:25   step 300/5004: loss=4.423039
2026-09-17 23:18:47   step 400/5004: loss=4.285657
2026-09-17 23:19:09   step 500/5004: loss=2.866144
2026-09-17 23:19:31   step 600/5004: loss=3.235539
2026-09-17 23:19:53   step 700/5004: loss=2.812207
2026-09-17 23:20:15   step 800/5004: loss=3.326741
2026-09-17 23:20:37   step 900/5004: loss=4.726898
2026-09-17 23:20:59   step 1000/5004: loss=3.487370
2026-09-17 23:21:21   step 1100/5004: loss=3.716257
2026-09-17 23:21:42   step 1200/5004: loss=2.964581
2026-09-17 23:22:04   step 1300/5004: loss=4.579477
2026-09-17 23:22:26   step 1400/5004: loss=3.090181
2026-09-17 23:22:48   step 1500/5004: loss=3.792702
2026-09-17 23:23:10   step 1600/5004: loss=4.007689
2026-09-17 23:23:32   step 1700/5004: loss=3.328490
2026-09-17 23:23:55   step 1800/5004: loss=3.874208
2026-09-17 23:24:17   step 1900/5004: loss=2.670682
2026-09-17 23:24:40   step 2000/5004: loss=4.117487
2026-09-17 23:25:02   step 2100/5004: loss=4.603727
2026-09-17 23:25:24   step 2200/5004: loss=4.178967
2026-09-17 23:25:47   step 2300/5004: loss=3.085620
2026-09-17 23:26:09   step 2400/5004: loss=3.877760
2026-09-17 23:26:31   step 2500/5004: loss=3.930588
2026-09-17 23:26:53   step 2600/5004: loss=4.432006
2026-09-17 23:27:16   step 2700/5004: loss=2.777255
2026-09-17 23:27:38   step 2800/5004: loss=3.945226
2026-09-17 23:28:00   step 2900/5004: loss=3.324342
2026-09-17 23:28:22   step 3000/5004: loss=3.723009
2026-09-17 23:28:44   step 3100/5004: loss=4.335559
2026-09-17 23:29:06   step 3200/5004: loss=3.976494
2026-09-17 23:29:28   step 3300/5004: loss=3.551173
2026-09-17 23:29:50   step 3400/5004: loss=3.972096
2026-09-17 23:30:12   step 3500/5004: loss=3.504600
2026-09-17 23:30:34   step 3600/5004: loss=3.883518
2026-09-17 23:30:56   step 3700/5004: loss=2.786196
2026-09-17 23:31:18   step 3800/5004: loss=4.588078
2026-09-17 23:31:40   step 3900/5004: loss=3.573844
2026-09-17 23:32:02   step 4000/5004: loss=4.258978
2026-09-17 23:32:24   step 4100/5004: loss=4.635752
2026-09-17 23:32:47   step 4200/5004: loss=4.216441
2026-09-17 23:33:09   step 4300/5004: loss=3.796069
2026-09-17 23:33:31   step 4400/5004: loss=3.553362
2026-09-17 23:33:53   step 4500/5004: loss=3.907509
2026-09-17 23:34:15   step 4600/5004: loss=4.247539
2026-09-17 23:34:37   step 4700/5004: loss=2.280675
2026-09-17 23:34:59   step 4800/5004: loss=3.977498
2026-09-17 23:35:21   step 4900/5004: loss=4.768190
2026-09-17 23:35:43   step 5000/5004: loss=3.229287
2026-09-17 23:35:44 [pjrt_ffi] RESIDENT: @convnextin_fwd holds 182 parameter tensors (109.1 MB) on 1 device; they stop crossing PCIe from here
2026-09-17 23:37:25 Epoch 58/300: loss=3.775095 lr=0.000239
2026-09-17 23:37:25   epoch 58: test_acc = 36522/50000 = 73.044000%  top5 = 45798/50000 = 91.596000%  [95% CI 72.65–73.43]
2026-09-17 23:37:25   step 0/5004: loss=3.536412
2026-09-17 23:37:25   step 1/5004: loss=4.122672
2026-09-17 23:37:25   step 2/5004: loss=4.081594
2026-09-17 23:37:47   step 100/5004: loss=4.081452
2026-09-17 23:38:09   step 200/5004: loss=4.618573
2026-09-17 23:38:30   step 300/5004: loss=4.187197
2026-09-17 23:38:52   step 400/5004: loss=2.415764
2026-09-17 23:39:15   step 500/5004: loss=3.965696
2026-09-17 23:39:37   step 600/5004: loss=4.701131
2026-09-17 23:39:59   step 700/5004: loss=4.186545
2026-09-17 23:40:21   step 800/5004: loss=3.923453
2026-09-17 23:40:43   step 900/5004: loss=2.578038
2026-09-17 23:41:05   step 1000/5004: loss=4.458261
2026-09-17 23:41:27   step 1100/5004: loss=3.976916
2026-09-17 23:41:49   step 1200/5004: loss=4.689928
2026-09-17 23:42:12   step 1300/5004: loss=4.140186
2026-09-17 23:42:34   step 1400/5004: loss=4.737581
2026-09-17 23:42:56   step 1500/5004: loss=3.801467
2026-09-17 23:43:18   step 1600/5004: loss=4.408469
2026-09-17 23:43:40   step 1700/5004: loss=4.053481
2026-09-17 23:44:02   step 1800/5004: loss=2.710862
2026-09-17 23:44:24   step 1900/5004: loss=3.170899
2026-09-17 23:44:47   step 2000/5004: loss=3.990466
2026-09-17 23:45:09   step 2100/5004: loss=4.289747
2026-09-17 23:45:31   step 2200/5004: loss=2.218758
2026-09-17 23:45:54   step 2300/5004: loss=3.572358
2026-09-17 23:46:16   step 2400/5004: loss=3.399821
2026-09-17 23:46:38   step 2500/5004: loss=3.808663
2026-09-17 23:47:00   step 2600/5004: loss=4.492088
2026-09-17 23:47:23   step 2700/5004: loss=3.803962
2026-09-17 23:47:45   step 2800/5004: loss=2.842838
2026-09-17 23:48:07   step 2900/5004: loss=3.083477
2026-09-17 23:48:29   step 3000/5004: loss=3.561605
2026-09-17 23:48:51   step 3100/5004: loss=3.214677
2026-09-17 23:49:13   step 3200/5004: loss=4.151445
2026-09-17 23:49:35   step 3300/5004: loss=4.139279
2026-09-17 23:49:57   step 3400/5004: loss=4.403882
2026-09-17 23:50:19   step 3500/5004: loss=3.892559
2026-09-17 23:50:41   step 3600/5004: loss=2.937441
2026-09-17 23:51:03   step 3700/5004: loss=3.844693
2026-09-17 23:51:25   step 3800/5004: loss=3.440354
2026-09-17 23:51:47   step 3900/5004: loss=3.787002
2026-09-17 23:52:08   step 4000/5004: loss=3.354060
2026-09-17 23:52:30   step 4100/5004: loss=3.932541
2026-09-17 23:52:52   step 4200/5004: loss=3.605018
2026-09-17 23:53:14   step 4300/5004: loss=4.210312
2026-09-17 23:53:35   step 4400/5004: loss=3.680284
2026-09-17 23:53:58   step 4500/5004: loss=3.991497
2026-09-17 23:54:20   step 4600/5004: loss=2.840134
2026-09-17 23:54:42   step 4700/5004: loss=3.848373
2026-09-17 23:55:04   step 4800/5004: loss=3.987883
2026-09-17 23:55:25   step 4900/5004: loss=3.810023
2026-09-17 23:55:47   step 5000/5004: loss=4.511674
2026-09-17 23:55:48 [pjrt_ffi] RESIDENT: @convnextin_fwd holds 182 parameter tensors (109.1 MB) on 1 device; they stop crossing PCIe from here
2026-09-17 23:57:29 Epoch 59/300: loss=3.772018 lr=0.000238
2026-09-17 23:57:29   epoch 59: test_acc = 36605/50000 = 73.210000%  top5 = 45852/50000 = 91.704000%  [95% CI 72.82–73.60]
2026-09-17 23:57:29   step 0/5004: loss=3.549833
2026-09-17 23:57:29   step 1/5004: loss=4.103050
2026-09-17 23:57:30   step 2/5004: loss=3.943124
2026-09-17 23:57:51   step 100/5004: loss=3.379965
2026-09-17 23:58:12   step 200/5004: loss=2.792958
2026-09-17 23:58:34   step 300/5004: loss=4.187931
2026-09-17 23:58:56   step 400/5004: loss=3.640333
2026-09-17 23:59:18   step 500/5004: loss=3.280748
2026-09-17 23:59:40   step 600/5004: loss=3.852622
2026-09-18 00:00:02   step 700/5004: loss=3.650954
2026-09-18 00:00:24   step 800/5004: loss=3.202188
2026-09-18 00:00:46   step 900/5004: loss=3.393019
2026-09-18 00:01:08   step 1000/5004: loss=2.596542
2026-09-18 00:01:30   step 1100/5004: loss=3.760212
2026-09-18 00:01:53   step 1200/5004: loss=4.267966
2026-09-18 00:02:15   step 1300/5004: loss=2.680605
2026-09-18 00:02:37   step 1400/5004: loss=4.006430
2026-09-18 00:03:00   step 1500/5004: loss=4.583987
2026-09-18 00:03:22   step 1600/5004: loss=3.620736
2026-09-18 00:03:45   step 1700/5004: loss=2.984360
2026-09-18 00:04:07   step 1800/5004: loss=3.528445
2026-09-18 00:04:29   step 1900/5004: loss=3.149138
2026-09-18 00:04:51   step 2000/5004: loss=3.663226
2026-09-18 00:05:14   step 2100/5004: loss=3.012624
2026-09-18 00:05:36   step 2200/5004: loss=3.096182
2026-09-18 00:05:58   step 2300/5004: loss=3.317645
2026-09-18 00:06:20   step 2400/5004: loss=4.002234
2026-09-18 00:06:43   step 2500/5004: loss=4.630575
2026-09-18 00:07:05   step 2600/5004: loss=3.616599
2026-09-18 00:07:27   step 2700/5004: loss=4.224256
2026-09-18 00:07:49   step 2800/5004: loss=4.226861
2026-09-18 00:08:11   step 2900/5004: loss=3.009813
2026-09-18 00:08:33   step 3000/5004: loss=4.020139
2026-09-18 00:08:55   step 3100/5004: loss=3.850013
2026-09-18 00:09:16   step 3200/5004: loss=2.830683
2026-09-18 00:09:38   step 3300/5004: loss=4.569710
2026-09-18 00:09:59   step 3400/5004: loss=3.073767
2026-09-18 00:10:21   step 3500/5004: loss=3.989527
2026-09-18 00:10:43   step 3600/5004: loss=4.240462
2026-09-18 00:11:05   step 3700/5004: loss=4.508110
2026-09-18 00:11:27   step 3800/5004: loss=3.734139
2026-09-18 00:11:49   step 3900/5004: loss=3.504985
2026-09-18 00:12:11   step 4000/5004: loss=4.138420
2026-09-18 00:12:32   step 4100/5004: loss=4.198583
2026-09-18 00:12:54   step 4200/5004: loss=3.727476
2026-09-18 00:13:15   step 4300/5004: loss=4.610881
2026-09-18 00:13:37   step 4400/5004: loss=4.447579
2026-09-18 00:13:59   step 4500/5004: loss=3.137519
2026-09-18 00:14:21   step 4600/5004: loss=3.446632
2026-09-18 00:14:42   step 4700/5004: loss=4.138246
2026-09-18 00:15:04   step 4800/5004: loss=3.293729
2026-09-18 00:15:26   step 4900/5004: loss=3.974547
2026-09-18 00:15:47   step 5000/5004: loss=4.163188
2026-09-18 00:15:48 [pjrt_ffi] RESIDENT: @convnextin_fwd holds 182 parameter tensors (109.1 MB) on 1 device; they stop crossing PCIe from here
2026-09-18 00:17:29 Epoch 60/300: loss=3.764385 lr=0.000238
2026-09-18 00:17:29   epoch 60: test_acc = 36671/50000 = 73.342000%  top5 = 45867/50000 = 91.734000%  [95% CI 72.95–73.73]
2026-09-18 00:17:34   ▸ shim respawn: producer 1 of 4 replaced after epoch 60 (generation 6, seed 26)
2026-09-18 00:17:34   step 0/5004: loss=4.471804
2026-09-18 00:17:36   step 1/5004: loss=4.041080
2026-09-18 00:17:36   step 2/5004: loss=2.524718
2026-09-18 00:17:58   step 100/5004: loss=3.896271
2026-09-18 00:18:20   step 200/5004: loss=2.862980
2026-09-18 00:18:43   step 300/5004: loss=3.570121
2026-09-18 00:19:05   step 400/5004: loss=4.533595
2026-09-18 00:19:27   step 500/5004: loss=4.006870
2026-09-18 00:19:50   step 600/5004: loss=4.511715
2026-09-18 00:20:12   step 700/5004: loss=2.959132
2026-09-18 00:20:35   step 800/5004: loss=4.674227
2026-09-18 00:20:57   step 900/5004: loss=4.203761
2026-09-18 00:21:19   step 1000/5004: loss=3.999392
2026-09-18 00:21:42   step 1100/5004: loss=3.824136
2026-09-18 00:22:04   step 1200/5004: loss=4.699627
2026-09-18 00:22:26   step 1300/5004: loss=4.077388
2026-09-18 00:22:48   step 1400/5004: loss=3.778029
2026-09-18 00:23:11   step 1500/5004: loss=3.551813
2026-09-18 00:23:33   step 1600/5004: loss=3.275080
2026-09-18 00:23:55   step 1700/5004: loss=4.167130
2026-09-18 00:24:18   step 1800/5004: loss=4.384586
2026-09-18 00:24:40   step 1900/5004: loss=4.175263
2026-09-18 00:25:03   step 2000/5004: loss=3.960837
2026-09-18 00:25:25   step 2100/5004: loss=4.260015
2026-09-18 00:25:48   step 2200/5004: loss=4.333885
2026-09-18 00:26:10   step 2300/5004: loss=4.006248
2026-09-18 00:26:32   step 2400/5004: loss=4.276186
2026-09-18 00:26:55   step 2500/5004: loss=3.616878
2026-09-18 00:27:17   step 2600/5004: loss=2.805495
2026-09-18 00:27:40   step 2700/5004: loss=3.797526
2026-09-18 00:28:02   step 2800/5004: loss=4.362003
2026-09-18 00:28:24   step 2900/5004: loss=4.213162
2026-09-18 00:28:47   step 3000/5004: loss=4.286784
2026-09-18 00:29:09   step 3100/5004: loss=3.091232
2026-09-18 00:29:31   step 3200/5004: loss=3.629988
2026-09-18 00:29:54   step 3300/5004: loss=4.137330
2026-09-18 00:30:16   step 3400/5004: loss=4.329890
2026-09-18 00:30:38   step 3500/5004: loss=4.049503
2026-09-18 00:31:00   step 3600/5004: loss=4.490382
2026-09-18 00:31:21   step 3700/5004: loss=3.891352
2026-09-18 00:31:43   step 3800/5004: loss=4.617453
2026-09-18 00:32:05   step 3900/5004: loss=4.026417
2026-09-18 00:32:27   step 4000/5004: loss=4.146824
2026-09-18 00:32:49   step 4100/5004: loss=3.886164
2026-09-18 00:33:11   step 4200/5004: loss=4.323867
2026-09-18 00:33:32   step 4300/5004: loss=3.989516
2026-09-18 00:33:54   step 4400/5004: loss=4.634210
2026-09-18 00:34:16   step 4500/5004: loss=3.828957
2026-09-18 00:34:38   step 4600/5004: loss=2.971029
2026-09-18 00:35:00   step 4700/5004: loss=3.414310
2026-09-18 00:35:22   step 4800/5004: loss=4.032732
2026-09-18 00:35:44   step 4900/5004: loss=4.158019
2026-09-18 00:36:05   step 5000/5004: loss=4.341337
2026-09-18 00:36:06 [pjrt_ffi] RESIDENT: @convnextin_fwd holds 182 parameter tensors (109.1 MB) on 1 device; they stop crossing PCIe from here
2026-09-18 00:37:47 Epoch 61/300: loss=3.761333 lr=0.000237
2026-09-18 00:37:47   epoch 61: test_acc = 36620/50000 = 73.240000%  top5 = 45899/50000 = 91.798000%  [95% CI 72.85–73.63]
2026-09-18 00:37:48   step 0/5004: loss=4.206576
2026-09-18 00:37:48   step 1/5004: loss=3.900675
2026-09-18 00:37:48   step 2/5004: loss=3.846373
2026-09-18 00:38:09   step 100/5004: loss=4.774912
2026-09-18 00:38:31   step 200/5004: loss=3.978930
2026-09-18 00:38:53   step 300/5004: loss=4.416321
2026-09-18 00:39:15   step 400/5004: loss=2.825107
2026-09-18 00:39:37   step 500/5004: loss=2.579148
2026-09-18 00:39:59   step 600/5004: loss=3.472866
2026-09-18 00:40:20   step 700/5004: loss=3.692982
2026-09-18 00:40:42   step 800/5004: loss=3.895174
2026-09-18 00:41:04   step 900/5004: loss=4.310099
2026-09-18 00:41:26   step 1000/5004: loss=3.312543
2026-09-18 00:41:48   step 1100/5004: loss=4.386058
2026-09-18 00:42:10   step 1200/5004: loss=4.000523
2026-09-18 00:42:32   step 1300/5004: loss=2.612479
2026-09-18 00:42:54   step 1400/5004: loss=3.190370
2026-09-18 00:43:16   step 1500/5004: loss=3.115300
2026-09-18 00:43:38   step 1600/5004: loss=3.722007
2026-09-18 00:44:00   step 1700/5004: loss=2.807734
2026-09-18 00:44:22   step 1800/5004: loss=4.134664
2026-09-18 00:44:45   step 1900/5004: loss=4.439859
2026-09-18 00:45:07   step 2000/5004: loss=3.074495
2026-09-18 00:45:29   step 2100/5004: loss=3.053598
2026-09-18 00:45:51   step 2200/5004: loss=2.411165
2026-09-18 00:46:14   step 2300/5004: loss=4.394249
2026-09-18 00:46:36   step 2400/5004: loss=4.056088
2026-09-18 00:46:59   step 2500/5004: loss=4.110469
2026-09-18 00:47:21   step 2600/5004: loss=3.837759
2026-09-18 00:47:43   step 2700/5004: loss=3.994968
2026-09-18 00:48:05   step 2800/5004: loss=4.050434
2026-09-18 00:48:28   step 2900/5004: loss=4.185061
2026-09-18 00:48:50   step 3000/5004: loss=3.961316
2026-09-18 00:49:12   step 3100/5004: loss=4.645005
2026-09-18 00:49:34   step 3200/5004: loss=4.085155
2026-09-18 00:49:56   step 3300/5004: loss=2.688962
2026-09-18 00:50:18   step 3400/5004: loss=3.465016
2026-09-18 00:50:41   step 3500/5004: loss=4.572550
2026-09-18 00:51:03   step 3600/5004: loss=4.136525
2026-09-18 00:51:25   step 3700/5004: loss=3.384184
2026-09-18 00:51:47   step 3800/5004: loss=3.234302
2026-09-18 00:52:09   step 3900/5004: loss=4.620187
2026-09-18 00:52:31   step 4000/5004: loss=4.176477
2026-09-18 00:52:53   step 4100/5004: loss=2.888829
2026-09-18 00:53:14   step 4200/5004: loss=2.811566
2026-09-18 00:53:37   step 4300/5004: loss=4.336948
2026-09-18 00:53:58   step 4400/5004: loss=3.510670
2026-09-18 00:54:21   step 4500/5004: loss=2.399824
2026-09-18 00:54:43   step 4600/5004: loss=3.755565
2026-09-18 00:55:05   step 4700/5004: loss=2.566678
2026-09-18 00:55:27   step 4800/5004: loss=3.856658
2026-09-18 00:55:49   step 4900/5004: loss=3.429427
2026-09-18 00:56:10   step 5000/5004: loss=2.842968
2026-09-18 00:56:11 [pjrt_ffi] RESIDENT: @convnextin_fwd holds 182 parameter tensors (109.1 MB) on 1 device; they stop crossing PCIe from here
2026-09-18 00:57:52 Epoch 62/300: loss=3.760007 lr=0.000236
2026-09-18 00:57:52   epoch 62: test_acc = 36871/50000 = 73.742000%  top5 = 45983/50000 = 91.966000%  [95% CI 73.35–74.13]
2026-09-18 00:57:52   step 0/5004: loss=3.664179
2026-09-18 00:57:53   step 1/5004: loss=4.120282
2026-09-18 00:57:53   step 2/5004: loss=2.788894
2026-09-18 00:58:14   step 100/5004: loss=4.249706
2026-09-18 00:58:36   step 200/5004: loss=3.469895
2026-09-18 00:58:57   step 300/5004: loss=3.662405
2026-09-18 00:59:19   step 400/5004: loss=4.595364
2026-09-18 00:59:41   step 500/5004: loss=4.076635
2026-09-18 01:00:03   step 600/5004: loss=3.819118
2026-09-18 01:00:25   step 700/5004: loss=4.003676
2026-09-18 01:00:47   step 800/5004: loss=4.534939
2026-09-18 01:01:09   step 900/5004: loss=3.816280
2026-09-18 01:01:30   step 1000/5004: loss=4.149045
2026-09-18 01:01:52   step 1100/5004: loss=4.331801
2026-09-18 01:02:14   step 1200/5004: loss=4.267136
2026-09-18 01:02:36   step 1300/5004: loss=3.502298
2026-09-18 01:02:58   step 1400/5004: loss=4.062323
2026-09-18 01:03:20   step 1500/5004: loss=3.464152
2026-09-18 01:03:42   step 1600/5004: loss=3.242191
2026-09-18 01:04:04   step 1700/5004: loss=4.192805
2026-09-18 01:04:26   step 1800/5004: loss=4.065319
2026-09-18 01:04:49   step 1900/5004: loss=2.513093
2026-09-18 01:05:11   step 2000/5004: loss=2.474094
2026-09-18 01:05:33   step 2100/5004: loss=4.029640
2026-09-18 01:05:56   step 2200/5004: loss=2.606933
2026-09-18 01:06:18   step 2300/5004: loss=3.787242
2026-09-18 01:06:41   step 2400/5004: loss=4.395441
2026-09-18 01:07:03   step 2500/5004: loss=3.832672
2026-09-18 01:07:25   step 2600/5004: loss=4.306539
2026-09-18 01:07:47   step 2700/5004: loss=3.888149
2026-09-18 01:08:09   step 2800/5004: loss=4.254417
2026-09-18 01:08:32   step 2900/5004: loss=3.422190
2026-09-18 01:08:53   step 3000/5004: loss=3.697306
2026-09-18 01:09:15   step 3100/5004: loss=4.211991
2026-09-18 01:09:38   step 3200/5004: loss=2.626885
2026-09-18 01:10:00   step 3300/5004: loss=4.187859
2026-09-18 01:10:22   step 3400/5004: loss=3.083393
2026-09-18 01:10:44   step 3500/5004: loss=4.284920
2026-09-18 01:11:06   step 3600/5004: loss=3.738516
2026-09-18 01:11:29   step 3700/5004: loss=3.939126
2026-09-18 01:11:51   step 3800/5004: loss=2.561859
2026-09-18 01:12:13   step 3900/5004: loss=3.711700
2026-09-18 01:12:34   step 4000/5004: loss=3.298300
2026-09-18 01:12:56   step 4100/5004: loss=3.778683
2026-09-18 01:13:18   step 4200/5004: loss=2.697225
2026-09-18 01:13:40   step 4300/5004: loss=3.379984
2026-09-18 01:14:01   step 4400/5004: loss=4.473180
2026-09-18 01:14:24   step 4500/5004: loss=3.775950
2026-09-18 01:14:45   step 4600/5004: loss=4.574853
2026-09-18 01:15:07   step 4700/5004: loss=3.907610
2026-09-18 01:15:29   step 4800/5004: loss=3.238074
2026-09-18 01:15:51   step 4900/5004: loss=4.272014
2026-09-18 01:16:13   step 5000/5004: loss=3.094227
2026-09-18 01:16:13 [pjrt_ffi] RESIDENT: @convnextin_fwd holds 182 parameter tensors (109.1 MB) on 1 device; they stop crossing PCIe from here
2026-09-18 01:17:54 Epoch 63/300: loss=3.756309 lr=0.000236
2026-09-18 01:17:54   epoch 63: test_acc = 36771/50000 = 73.542000%  top5 = 45902/50000 = 91.804000%  [95% CI 73.15–73.93]
2026-09-18 01:17:55   step 0/5004: loss=4.004221
2026-09-18 01:17:55   step 1/5004: loss=3.347889
2026-09-18 01:17:55   step 2/5004: loss=4.259613
2026-09-18 01:18:16   step 100/5004: loss=3.078035
2026-09-18 01:18:37   step 200/5004: loss=4.079677
2026-09-18 01:18:59   step 300/5004: loss=3.296031
2026-09-18 01:19:21   step 400/5004: loss=4.254007
2026-09-18 01:19:43   step 500/5004: loss=4.282349
2026-09-18 01:20:05   step 600/5004: loss=3.880174
2026-09-18 01:20:26   step 700/5004: loss=2.730292
2026-09-18 01:20:48   step 800/5004: loss=3.935125
2026-09-18 01:21:10   step 900/5004: loss=3.323094
2026-09-18 01:21:32   step 1000/5004: loss=4.298907
2026-09-18 01:21:54   step 1100/5004: loss=4.169477
2026-09-18 01:22:15   step 1200/5004: loss=3.883520
2026-09-18 01:22:37   step 1300/5004: loss=4.818214
2026-09-18 01:22:59   step 1400/5004: loss=4.040636
2026-09-18 01:23:22   step 1500/5004: loss=4.272571
2026-09-18 01:23:44   step 1600/5004: loss=3.394085
2026-09-18 01:24:06   step 1700/5004: loss=4.292614
2026-09-18 01:24:28   step 1800/5004: loss=4.345407
2026-09-18 01:24:51   step 1900/5004: loss=3.606409
2026-09-18 01:25:13   step 2000/5004: loss=3.688870
2026-09-18 01:25:35   step 2100/5004: loss=3.932885
2026-09-18 01:25:58   step 2200/5004: loss=3.815862
2026-09-18 01:26:20   step 2300/5004: loss=4.632632
2026-09-18 01:26:43   step 2400/5004: loss=3.173478
2026-09-18 01:27:05   step 2500/5004: loss=3.912961
2026-09-18 01:27:27   step 2600/5004: loss=3.689620
2026-09-18 01:27:49   step 2700/5004: loss=4.196558
2026-09-18 01:28:11   step 2800/5004: loss=3.510163
2026-09-18 01:28:33   step 2900/5004: loss=2.523592
2026-09-18 01:28:55   step 3000/5004: loss=4.235463
2026-09-18 01:29:16   step 3100/5004: loss=2.425663
2026-09-18 01:29:38   step 3200/5004: loss=3.197662
2026-09-18 01:30:00   step 3300/5004: loss=3.623092
2026-09-18 01:30:21   step 3400/5004: loss=3.444686
2026-09-18 01:30:43   step 3500/5004: loss=3.600444
2026-09-18 01:31:05   step 3600/5004: loss=4.051295
2026-09-18 01:31:27   step 3700/5004: loss=3.308058
2026-09-18 01:31:49   step 3800/5004: loss=3.958998
2026-09-18 01:32:11   step 3900/5004: loss=2.759955
2026-09-18 01:32:33   step 4000/5004: loss=3.417501
2026-09-18 01:32:55   step 4100/5004: loss=3.816559
2026-09-18 01:33:17   step 4200/5004: loss=3.087837
2026-09-18 01:33:38   step 4300/5004: loss=4.139381
2026-09-18 01:34:00   step 4400/5004: loss=3.752035
2026-09-18 01:34:22   step 4500/5004: loss=4.499607
2026-09-18 01:34:44   step 4600/5004: loss=4.128876
2026-09-18 01:35:06   step 4700/5004: loss=4.178893
2026-09-18 01:35:28   step 4800/5004: loss=3.464852
2026-09-18 01:35:49   step 4900/5004: loss=2.732381
2026-09-18 01:36:11   step 5000/5004: loss=3.199336
2026-09-18 01:36:12 [pjrt_ffi] RESIDENT: @convnextin_fwd holds 182 parameter tensors (109.1 MB) on 1 device; they stop crossing PCIe from here
2026-09-18 01:37:52 Epoch 64/300: loss=3.720355 lr=0.000235
2026-09-18 01:37:52   epoch 64: test_acc = 36922/50000 = 73.844000%  top5 = 45995/50000 = 91.990000%  [95% CI 73.46–74.23]
2026-09-18 01:37:53   step 0/5004: loss=3.831246
2026-09-18 01:37:53   step 1/5004: loss=3.562979
2026-09-18 01:37:53   step 2/5004: loss=4.244261
2026-09-18 01:38:15   step 100/5004: loss=3.847865
2026-09-18 01:38:36   step 200/5004: loss=4.099547
2026-09-18 01:38:58   step 300/5004: loss=2.803209
2026-09-18 01:39:20   step 400/5004: loss=2.290544
2026-09-18 01:39:42   step 500/5004: loss=3.269373
2026-09-18 01:40:04   step 600/5004: loss=4.443518
2026-09-18 01:40:26   step 700/5004: loss=2.447548
2026-09-18 01:40:49   step 800/5004: loss=4.602030
2026-09-18 01:41:11   step 900/5004: loss=4.080215
2026-09-18 01:41:32   step 1000/5004: loss=4.538429
2026-09-18 01:41:54   step 1100/5004: loss=3.476074
2026-09-18 01:42:16   step 1200/5004: loss=4.186841
2026-09-18 01:42:38   step 1300/5004: loss=4.071600
2026-09-18 01:43:00   step 1400/5004: loss=4.052285
2026-09-18 01:43:22   step 1500/5004: loss=4.103498
2026-09-18 01:43:44   step 1600/5004: loss=3.948262
2026-09-18 01:44:07   step 1700/5004: loss=2.773497
2026-09-18 01:44:29   step 1800/5004: loss=4.274817
2026-09-18 01:44:51   step 1900/5004: loss=3.816823
2026-09-18 01:45:14   step 2000/5004: loss=3.147644
2026-09-18 01:45:36   step 2100/5004: loss=4.120584
2026-09-18 01:45:59   step 2200/5004: loss=4.258350
2026-09-18 01:46:21   step 2300/5004: loss=3.859343
2026-09-18 01:46:43   step 2400/5004: loss=3.771657
2026-09-18 01:47:06   step 2500/5004: loss=4.151089
2026-09-18 01:47:28   step 2600/5004: loss=3.450246
2026-09-18 01:47:50   step 2700/5004: loss=3.953214
2026-09-18 01:48:12   step 2800/5004: loss=3.452717
2026-09-18 01:48:34   step 2900/5004: loss=3.613730
2026-09-18 01:48:56   step 3000/5004: loss=2.755538
2026-09-18 01:49:18   step 3100/5004: loss=4.138663
2026-09-18 01:49:40   step 3200/5004: loss=3.173546
2026-09-18 01:50:02   step 3300/5004: loss=3.992677
2026-09-18 01:50:24   step 3400/5004: loss=4.146440
2026-09-18 01:50:46   step 3500/5004: loss=4.421681
2026-09-18 01:51:09   step 3600/5004: loss=3.611834
2026-09-18 01:51:31   step 3700/5004: loss=3.178770
2026-09-18 01:51:53   step 3800/5004: loss=2.358103
2026-09-18 01:52:15   step 3900/5004: loss=3.788810
2026-09-18 01:52:37   step 4000/5004: loss=4.561647
2026-09-18 01:52:58   step 4100/5004: loss=3.072783
2026-09-18 01:53:20   step 4200/5004: loss=4.081407
2026-09-18 01:53:42   step 4300/5004: loss=3.871692
2026-09-18 01:54:04   step 4400/5004: loss=4.479116
2026-09-18 01:54:26   step 4500/5004: loss=3.950162
2026-09-18 01:54:47   step 4600/5004: loss=3.705380
2026-09-18 01:55:09   step 4700/5004: loss=3.747452
2026-09-18 01:55:32   step 4800/5004: loss=4.450586
2026-09-18 01:55:53   step 4900/5004: loss=3.871801
2026-09-18 01:56:15   step 5000/5004: loss=4.517552
2026-09-18 01:56:16 [pjrt_ffi] RESIDENT: @convnextin_fwd holds 182 parameter tensors (109.1 MB) on 1 device; they stop crossing PCIe from here
2026-09-18 01:57:57 Epoch 65/300: loss=3.730523 lr=0.000234
2026-09-18 01:57:57   epoch 65: test_acc = 36876/50000 = 73.752000%  top5 = 46051/50000 = 92.102000%  [95% CI 73.36–74.14]
2026-09-18 01:57:57   step 0/5004: loss=3.664303
2026-09-18 01:57:57   step 1/5004: loss=4.109188
2026-09-18 01:57:58   step 2/5004: loss=2.723134
2026-09-18 01:58:19   step 100/5004: loss=3.882139
2026-09-18 01:58:41   step 200/5004: loss=3.757130
2026-09-18 01:59:03   step 300/5004: loss=4.150996
2026-09-18 01:59:25   step 400/5004: loss=3.803804
2026-09-18 01:59:47   step 500/5004: loss=4.069736
2026-09-18 02:00:09   step 600/5004: loss=4.056576
2026-09-18 02:00:31   step 700/5004: loss=4.331980
2026-09-18 02:00:53   step 800/5004: loss=3.809975
2026-09-18 02:01:15   step 900/5004: loss=3.543064
2026-09-18 02:01:37   step 1000/5004: loss=3.938089
2026-09-18 02:01:59   step 1100/5004: loss=4.490469
2026-09-18 02:02:21   step 1200/5004: loss=3.234114
2026-09-18 02:02:43   step 1300/5004: loss=4.375264
2026-09-18 02:03:06   step 1400/5004: loss=4.160568
2026-09-18 02:03:28   step 1500/5004: loss=4.454132
2026-09-18 02:03:50   step 1600/5004: loss=3.871923
2026-09-18 02:04:13   step 1700/5004: loss=2.339610
2026-09-18 02:04:35   step 1800/5004: loss=4.082819
2026-09-18 02:04:58   step 1900/5004: loss=3.108502
2026-09-18 02:05:20   step 2000/5004: loss=3.563886
2026-09-18 02:05:43   step 2100/5004: loss=3.943870
2026-09-18 02:06:05   step 2200/5004: loss=4.256271
2026-09-18 02:06:27   step 2300/5004: loss=3.186517
2026-09-18 02:06:50   step 2400/5004: loss=4.082940
2026-09-18 02:07:12   step 2500/5004: loss=4.085914
2026-09-18 02:07:34   step 2600/5004: loss=3.735452
2026-09-18 02:07:56   step 2700/5004: loss=4.810248
2026-09-18 02:08:18   step 2800/5004: loss=3.632915
2026-09-18 02:08:41   step 2900/5004: loss=3.649820
2026-09-18 02:09:03   step 3000/5004: loss=3.191957
2026-09-18 02:09:25   step 3100/5004: loss=4.369755
2026-09-18 02:09:47   step 3200/5004: loss=4.187489
2026-09-18 02:10:09   step 3300/5004: loss=3.736178
2026-09-18 02:10:31   step 3400/5004: loss=2.806880
2026-09-18 02:10:53   step 3500/5004: loss=3.733540
2026-09-18 02:11:15   step 3600/5004: loss=3.956285
2026-09-18 02:11:37   step 3700/5004: loss=3.641920
2026-09-18 02:11:59   step 3800/5004: loss=3.996054
2026-09-18 02:12:21   step 3900/5004: loss=3.416188
2026-09-18 02:12:42   step 4000/5004: loss=3.385067
2026-09-18 02:13:04   step 4100/5004: loss=3.771480
2026-09-18 02:13:25   step 4200/5004: loss=4.062777
2026-09-18 02:13:47   step 4300/5004: loss=3.829044
2026-09-18 02:14:08   step 4400/5004: loss=3.533855
2026-09-18 02:14:30   step 4500/5004: loss=4.213333
2026-09-18 02:14:52   step 4600/5004: loss=3.496708
2026-09-18 02:15:14   step 4700/5004: loss=4.139841
2026-09-18 02:15:36   step 4800/5004: loss=3.040109
2026-09-18 02:15:58   step 4900/5004: loss=2.463012
2026-09-18 02:16:19   step 5000/5004: loss=3.778766
2026-09-18 02:16:20 [pjrt_ffi] RESIDENT: @convnextin_fwd holds 182 parameter tensors (109.1 MB) on 1 device; they stop crossing PCIe from here
2026-09-18 02:18:01 Epoch 66/300: loss=3.728243 lr=0.000234
2026-09-18 02:18:01   epoch 66: test_acc = 36819/50000 = 73.638000%  top5 = 46012/50000 = 92.024000%  [95% CI 73.25–74.02]
2026-09-18 02:18:01   step 0/5004: loss=3.082588
2026-09-18 02:18:01   step 1/5004: loss=3.365508
2026-09-18 02:18:02   step 2/5004: loss=3.369881
2026-09-18 02:18:23   step 100/5004: loss=4.042506
2026-09-18 02:18:45   step 200/5004: loss=2.950645
2026-09-18 02:19:07   step 300/5004: loss=4.109158
2026-09-18 02:19:29   step 400/5004: loss=4.053283
2026-09-18 02:19:51   step 500/5004: loss=3.691773
2026-09-18 02:20:13   step 600/5004: loss=4.021133
2026-09-18 02:20:34   step 700/5004: loss=3.654681
2026-09-18 02:20:56   step 800/5004: loss=4.575226
2026-09-18 02:21:19   step 900/5004: loss=4.109104
2026-09-18 02:21:41   step 1000/5004: loss=4.746037
2026-09-18 02:22:03   step 1100/5004: loss=3.425835
2026-09-18 02:22:25   step 1200/5004: loss=3.964663
2026-09-18 02:22:48   step 1300/5004: loss=3.912833
2026-09-18 02:23:10   step 1400/5004: loss=4.091147
2026-09-18 02:23:32   step 1500/5004: loss=3.923453
2026-09-18 02:23:55   step 1600/5004: loss=3.289639
2026-09-18 02:24:17   step 1700/5004: loss=3.976531
2026-09-18 02:24:39   step 1800/5004: loss=3.741547
2026-09-18 02:25:02   step 1900/5004: loss=3.986164
2026-09-18 02:25:24   step 2000/5004: loss=3.132039
2026-09-18 02:25:47   step 2100/5004: loss=3.765030
2026-09-18 02:26:09   step 2200/5004: loss=3.814482
2026-09-18 02:26:31   step 2300/5004: loss=3.721509
2026-09-18 02:26:53   step 2400/5004: loss=4.022321
2026-09-18 02:27:16   step 2500/5004: loss=4.084652
2026-09-18 02:27:38   step 2600/5004: loss=3.864398
2026-09-18 02:28:00   step 2700/5004: loss=3.513171
2026-09-18 02:28:22   step 2800/5004: loss=4.450978
2026-09-18 02:28:45   step 2900/5004: loss=4.142295
2026-09-18 02:29:07   step 3000/5004: loss=4.502016
2026-09-18 02:29:29   step 3100/5004: loss=3.518265
2026-09-18 02:29:51   step 3200/5004: loss=2.639833
2026-09-18 02:30:13   step 3300/5004: loss=3.540570
2026-09-18 02:30:35   step 3400/5004: loss=3.173357
2026-09-18 02:30:57   step 3500/5004: loss=4.004154
2026-09-18 02:31:18   step 3600/5004: loss=4.133055
2026-09-18 02:31:40   step 3700/5004: loss=4.006993
2026-09-18 02:32:02   step 3800/5004: loss=3.008033
2026-09-18 02:32:24   step 3900/5004: loss=4.016682
2026-09-18 02:32:46   step 4000/5004: loss=4.368355
2026-09-18 02:33:07   step 4100/5004: loss=3.890692
2026-09-18 02:33:29   step 4200/5004: loss=4.107544
2026-09-18 02:33:51   step 4300/5004: loss=3.728641
2026-09-18 02:34:13   step 4400/5004: loss=4.631915
2026-09-18 02:34:35   step 4500/5004: loss=2.940960
2026-09-18 02:34:56   step 4600/5004: loss=2.637649
2026-09-18 02:35:18   step 4700/5004: loss=2.530185
2026-09-18 02:35:40   step 4800/5004: loss=4.528725
2026-09-18 02:36:02   step 4900/5004: loss=4.193501
2026-09-18 02:36:23   step 5000/5004: loss=3.149422
2026-09-18 02:36:24 [pjrt_ffi] RESIDENT: @convnextin_fwd holds 182 parameter tensors (109.1 MB) on 1 device; they stop crossing PCIe from here
2026-09-18 02:38:04 Epoch 67/300: loss=3.706712 lr=0.000233
2026-09-18 02:38:04   epoch 67: test_acc = 36937/50000 = 73.874000%  top5 = 46046/50000 = 92.092000%  [95% CI 73.49–74.26]
2026-09-18 02:38:05   step 0/5004: loss=4.204662
2026-09-18 02:38:05   step 1/5004: loss=3.453342
2026-09-18 02:38:05   step 2/5004: loss=4.355804
2026-09-18 02:38:27   step 100/5004: loss=2.446481
2026-09-18 02:38:48   step 200/5004: loss=3.766134
2026-09-18 02:39:10   step 300/5004: loss=4.050832
2026-09-18 02:39:32   step 400/5004: loss=2.877945
2026-09-18 02:39:54   step 500/5004: loss=2.874247
2026-09-18 02:40:16   step 600/5004: loss=4.102203
2026-09-18 02:40:38   step 700/5004: loss=3.684530
2026-09-18 02:41:00   step 800/5004: loss=4.222643
2026-09-18 02:41:23   step 900/5004: loss=4.094584
2026-09-18 02:41:45   step 1000/5004: loss=3.901820
2026-09-18 02:42:07   step 1100/5004: loss=4.710402
2026-09-18 02:42:30   step 1200/5004: loss=4.039452
2026-09-18 02:42:52   step 1300/5004: loss=3.778152
2026-09-18 02:43:14   step 1400/5004: loss=4.030207
2026-09-18 02:43:36   step 1500/5004: loss=2.927142
2026-09-18 02:43:59   step 1600/5004: loss=3.086688
2026-09-18 02:44:21   step 1700/5004: loss=2.830683
2026-09-18 02:44:43   step 1800/5004: loss=4.248344
2026-09-18 02:45:06   step 1900/5004: loss=3.370976
2026-09-18 02:45:28   step 2000/5004: loss=4.101825
2026-09-18 02:45:51   step 2100/5004: loss=2.449847
2026-09-18 02:46:13   step 2200/5004: loss=3.140559
2026-09-18 02:46:35   step 2300/5004: loss=4.566416
2026-09-18 02:46:58   step 2400/5004: loss=3.722007
2026-09-18 02:47:19   step 2500/5004: loss=4.683365
2026-09-18 02:47:42   step 2600/5004: loss=4.224384
2026-09-18 02:48:04   step 2700/5004: loss=4.641884
