2026-10-03 14:11:08 [pjrt_ffi] RESIDENT: @vitin_emadp128x4wxclipdropeps0000001bf16_train_step holds 800 parameter tensors (87.2 MB) on 4 devices; they stop crossing PCIe from here
2026-10-03 14:11:09   ▸ SHIM RESPAWN: one producer every 10 epoch(s), round-robin over 4 — no loader lives past 40 epochs.
2026-10-03 14:11:09   step 0/2502: loss=6.937203
2026-10-03 14:11:09   step 1/2502: loss=6.950496
2026-10-03 14:11:09   step 2/2502: loss=6.926102
2026-10-03 14:11:42   step 100/2502: loss=6.934906
2026-10-03 14:12:12   step 200/2502: loss=6.896070
2026-10-03 14:12:42   step 300/2502: loss=6.921391
2026-10-03 14:13:12   step 400/2502: loss=6.898778
2026-10-03 14:13:43   step 500/2502: loss=6.917626
2026-10-03 14:14:13   step 600/2502: loss=6.846951
2026-10-03 14:14:43   step 700/2502: loss=6.864411
2026-10-03 14:15:12   step 800/2502: loss=6.886513
2026-10-03 14:15:43   step 900/2502: loss=6.861247
2026-10-03 14:16:13   step 1000/2502: loss=6.815700
2026-10-03 14:16:43   step 1100/2502: loss=6.849345
2026-10-03 14:17:12   step 1200/2502: loss=6.841131
2026-10-03 14:17:41   step 1300/2502: loss=6.823911
2026-10-03 14:18:11   step 1400/2502: loss=6.824105
2026-10-03 14:18:40   step 1500/2502: loss=6.775351
2026-10-03 14:19:08   step 1600/2502: loss=6.772812
2026-10-03 14:19:37   step 1700/2502: loss=6.787561
2026-10-03 14:20:06   step 1800/2502: loss=6.686768
2026-10-03 14:20:36   step 1900/2502: loss=6.782583
2026-10-03 14:21:05   step 2000/2502: loss=6.600489
2026-10-03 14:21:34   step 2100/2502: loss=6.784366
2026-10-03 14:22:03   step 2200/2502: loss=6.745720
2026-10-03 14:22:32   step 2300/2502: loss=6.749928
2026-10-03 14:23:01   step 2400/2502: loss=6.695883
2026-10-03 14:23:32   step 2500/2502: loss=6.697659
2026-10-03 14:23:39 [pjrt_ffi] RESIDENT: @vitin_emadp128x4wxclipdropeps0000001bf16_fwd holds 200 parameter tensors (21.8 MB) on 4 devices; they stop crossing PCIe from here
2026-10-03 14:24:18 Epoch 1/300: loss=6.813256 lr=0.000100
2026-10-03 14:24:18   epoch 1: test_acc = 1003/50000 = 2.006000%  top5 = 3480/50000 = 6.960000%  [95% CI 1.89–2.13]
2026-10-03 14:24:18   step 0/2502: loss=6.759293
2026-10-03 14:24:18   step 1/2502: loss=6.552955
2026-10-03 14:24:19   step 2/2502: loss=6.603171
2026-10-03 14:24:47   step 100/2502: loss=6.670672
2026-10-03 14:25:17   step 200/2502: loss=6.735829
2026-10-03 14:25:46   step 300/2502: loss=6.593967
2026-10-03 14:26:15   step 400/2502: loss=6.713423
2026-10-03 14:26:44   step 500/2502: loss=6.551520
2026-10-03 14:27:15   step 600/2502: loss=6.500723
2026-10-03 14:27:44   step 700/2502: loss=6.709877
2026-10-03 14:28:15   step 800/2502: loss=6.601617
2026-10-03 14:28:44   step 900/2502: loss=6.643918
2026-10-03 14:29:13   step 1000/2502: loss=6.465768
2026-10-03 14:29:42   step 1100/2502: loss=6.513221
2026-10-03 14:30:11   step 1200/2502: loss=6.644204
2026-10-03 14:30:40   step 1300/2502: loss=6.709439
2026-10-03 14:31:09   step 1400/2502: loss=6.270021
2026-10-03 14:31:38   step 1500/2502: loss=6.375916
2026-10-03 14:32:07   step 1600/2502: loss=6.709897
2026-10-03 14:32:37   step 1700/2502: loss=6.734893
2026-10-03 14:33:08   step 1800/2502: loss=6.581585
2026-10-03 14:33:38   step 1900/2502: loss=6.671814
2026-10-03 14:34:06   step 2000/2502: loss=6.648956
2026-10-03 14:34:35   step 2100/2502: loss=6.695586
2026-10-03 14:35:04   step 2200/2502: loss=6.537635
2026-10-03 14:35:33   step 2300/2502: loss=6.488837
2026-10-03 14:36:02   step 2400/2502: loss=6.654720
2026-10-03 14:36:31   step 2500/2502: loss=6.710332
2026-10-03 14:36:41 [pjrt_ffi] RESIDENT: @vitin_emadp128x4wxclipdropeps0000001bf16_fwd holds 200 parameter tensors (21.8 MB) on 4 devices; they stop crossing PCIe from here
2026-10-03 14:37:26 Epoch 2/300: loss=6.592917 lr=0.000200
2026-10-03 14:37:26   epoch 2: test_acc = 2304/50000 = 4.608000%  top5 = 7053/50000 = 14.106000%  [95% CI 4.43–4.80]
2026-10-03 14:37:26   step 0/2502: loss=6.628824
2026-10-03 14:37:26   step 1/2502: loss=6.638541
2026-10-03 14:37:26   step 2/2502: loss=6.661718
2026-10-03 14:37:55   step 100/2502: loss=6.580019
2026-10-03 14:38:24   step 200/2502: loss=6.423595
2026-10-03 14:38:53   step 300/2502: loss=6.595927
2026-10-03 14:39:22   step 400/2502: loss=6.273552
2026-10-03 14:39:51   step 500/2502: loss=6.663875
2026-10-03 14:40:21   step 600/2502: loss=6.315548
2026-10-03 14:40:50   step 700/2502: loss=6.334703
2026-10-03 14:41:20   step 800/2502: loss=6.548778
2026-10-03 14:41:49   step 900/2502: loss=6.696568
2026-10-03 14:42:20   step 1000/2502: loss=6.619927
2026-10-03 14:42:49   step 1100/2502: loss=6.158994
2026-10-03 14:43:18   step 1200/2502: loss=6.104085
2026-10-03 14:43:47   step 1300/2502: loss=6.468552
2026-10-03 14:44:21   step 1400/2502: loss=6.591468
2026-10-03 14:44:51   step 1500/2502: loss=6.586328
2026-10-03 14:45:19   step 1600/2502: loss=6.622687
2026-10-03 14:45:48   step 1700/2502: loss=6.283589
2026-10-03 14:46:17   step 1800/2502: loss=6.722203
2026-10-03 14:46:47   step 1900/2502: loss=6.532905
2026-10-03 14:47:15   step 2000/2502: loss=6.487132
2026-10-03 14:47:45   step 2100/2502: loss=6.449755
2026-10-03 14:48:14   step 2200/2502: loss=6.343079
2026-10-03 14:48:43   step 2300/2502: loss=6.595089
2026-10-03 14:49:12   step 2400/2502: loss=6.492831
2026-10-03 14:49:41   step 2500/2502: loss=6.165089
2026-10-03 14:49:50 [pjrt_ffi] RESIDENT: @vitin_emadp128x4wxclipdropeps0000001bf16_fwd holds 200 parameter tensors (21.8 MB) on 4 devices; they stop crossing PCIe from here
2026-10-03 14:50:27 Epoch 3/300: loss=6.464206 lr=0.000300
2026-10-03 14:50:27   epoch 3: test_acc = 3851/50000 = 7.702000%  top5 = 10209/50000 = 20.418000%  [95% CI 7.47–7.94]
2026-10-03 14:50:27   step 0/2502: loss=6.092884
2026-10-03 14:50:27   step 1/2502: loss=5.878160
2026-10-03 14:50:27   step 2/2502: loss=6.345705
2026-10-03 14:50:56   step 100/2502: loss=6.534731
2026-10-03 14:51:25   step 200/2502: loss=6.528037
2026-10-03 14:51:54   step 300/2502: loss=6.588996
2026-10-03 14:52:23   step 400/2502: loss=6.095281
2026-10-03 14:52:52   step 500/2502: loss=5.767217
2026-10-03 14:53:22   step 600/2502: loss=6.089004
2026-10-03 14:53:53   step 700/2502: loss=6.320043
2026-10-03 14:54:23   step 800/2502: loss=6.055227
2026-10-03 14:54:53   step 900/2502: loss=6.262684
2026-10-03 14:55:23   step 1000/2502: loss=6.433912
2026-10-03 14:55:52   step 1100/2502: loss=6.582971
2026-10-03 14:56:22   step 1200/2502: loss=6.549489
2026-10-03 14:56:51   step 1300/2502: loss=6.365996
2026-10-03 14:57:20   step 1400/2502: loss=5.836629
2026-10-03 14:57:50   step 1500/2502: loss=6.557002
2026-10-03 14:58:18   step 1600/2502: loss=6.234818
2026-10-03 14:58:48   step 1700/2502: loss=6.294931
2026-10-03 14:59:17   step 1800/2502: loss=6.357903
2026-10-03 14:59:47   step 1900/2502: loss=6.494770
2026-10-03 15:00:17   step 2000/2502: loss=6.332299
2026-10-03 15:00:47   step 2100/2502: loss=6.624161
2026-10-03 15:01:16   step 2200/2502: loss=5.945158
2026-10-03 15:01:46   step 2300/2502: loss=6.559181
2026-10-03 15:02:15   step 2400/2502: loss=5.853274
2026-10-03 15:02:45   step 2500/2502: loss=6.559319
2026-10-03 15:02:53 [pjrt_ffi] RESIDENT: @vitin_emadp128x4wxclipdropeps0000001bf16_fwd holds 200 parameter tensors (21.8 MB) on 4 devices; they stop crossing PCIe from here
2026-10-03 15:03:31 Epoch 4/300: loss=6.335732 lr=0.000400
2026-10-03 15:03:31   epoch 4: test_acc = 5340/50000 = 10.680000%  top5 = 13135/50000 = 26.270000%  [95% CI 10.41–10.95]
2026-10-03 15:03:32   step 0/2502: loss=6.450148
2026-10-03 15:03:32   step 1/2502: loss=6.431790
2026-10-03 15:03:32   step 2/2502: loss=6.215772
2026-10-03 15:04:00   step 100/2502: loss=6.549601
2026-10-03 15:04:29   step 200/2502: loss=6.369528
2026-10-03 15:04:58   step 300/2502: loss=6.556163
2026-10-03 15:05:27   step 400/2502: loss=5.785153
2026-10-03 15:05:56   step 500/2502: loss=6.643365
2026-10-03 15:06:25   step 600/2502: loss=6.352808
2026-10-03 15:06:53   step 700/2502: loss=6.456839
2026-10-03 15:07:22   step 800/2502: loss=6.466211
2026-10-03 15:07:51   step 900/2502: loss=6.412856
2026-10-03 15:08:21   step 1000/2502: loss=6.510672
2026-10-03 15:08:49   step 1100/2502: loss=6.049369
2026-10-03 15:09:18   step 1200/2502: loss=5.979777
2026-10-03 15:09:47   step 1300/2502: loss=6.246506
2026-10-03 15:10:16   step 1400/2502: loss=6.134852
2026-10-03 15:10:45   step 1500/2502: loss=5.888005
2026-10-03 15:11:14   step 1600/2502: loss=6.551684
2026-10-03 15:11:44   step 1700/2502: loss=6.284823
2026-10-03 15:12:13   step 1800/2502: loss=6.478371
2026-10-03 15:12:41   step 1900/2502: loss=5.994617
2026-10-03 15:13:12   step 2000/2502: loss=6.558671
2026-10-03 15:13:41   step 2100/2502: loss=6.092862
2026-10-03 15:14:10   step 2200/2502: loss=5.983003
2026-10-03 15:14:39   step 2300/2502: loss=6.530428
2026-10-03 15:15:07   step 2400/2502: loss=6.159347
2026-10-03 15:15:36   step 2500/2502: loss=6.389872
2026-10-03 15:15:45 [pjrt_ffi] RESIDENT: @vitin_emadp128x4wxclipdropeps0000001bf16_fwd holds 200 parameter tensors (21.8 MB) on 4 devices; they stop crossing PCIe from here
2026-10-03 15:16:23 Epoch 5/300: loss=6.221763 lr=0.000500
2026-10-03 15:16:23   epoch 5: test_acc = 6943/50000 = 13.886000%  top5 = 15791/50000 = 31.582000%  [95% CI 13.59–14.19]
2026-10-03 15:16:23   step 0/2502: loss=6.436013
2026-10-03 15:16:24   step 1/2502: loss=5.542040
2026-10-03 15:16:24   step 2/2502: loss=5.942067
2026-10-03 15:16:52   step 100/2502: loss=6.131337
2026-10-03 15:17:21   step 200/2502: loss=6.237351
2026-10-03 15:17:50   step 300/2502: loss=6.339864
2026-10-03 15:18:19   step 400/2502: loss=5.879540
2026-10-03 15:18:47   step 500/2502: loss=6.370752
2026-10-03 15:19:16   step 600/2502: loss=6.492115
2026-10-03 15:19:45   step 700/2502: loss=6.041006
2026-10-03 15:20:14   step 800/2502: loss=5.460540
2026-10-03 15:20:43   step 900/2502: loss=6.268508
2026-10-03 15:21:13   step 1000/2502: loss=6.392494
2026-10-03 15:21:42   step 1100/2502: loss=6.414840
2026-10-03 15:22:11   step 1200/2502: loss=6.588541
2026-10-03 15:22:40   step 1300/2502: loss=5.679111
2026-10-03 15:23:09   step 1400/2502: loss=5.538096
2026-10-03 15:23:38   step 1500/2502: loss=6.535841
2026-10-03 15:24:07   step 1600/2502: loss=5.786327
2026-10-03 15:24:36   step 1700/2502: loss=6.452935
2026-10-03 15:25:05   step 1800/2502: loss=6.104971
2026-10-03 15:25:34   step 1900/2502: loss=6.251452
2026-10-03 15:26:03   step 2000/2502: loss=6.425393
2026-10-03 15:26:32   step 2100/2502: loss=6.273260
2026-10-03 15:27:01   step 2200/2502: loss=5.918627
2026-10-03 15:27:29   step 2300/2502: loss=6.137794
2026-10-03 15:27:58   step 2400/2502: loss=6.372477
2026-10-03 15:28:27   step 2500/2502: loss=6.269881
2026-10-03 15:28:35 [pjrt_ffi] RESIDENT: @vitin_emadp128x4wxclipdropeps0000001bf16_fwd holds 200 parameter tensors (21.8 MB) on 4 devices; they stop crossing PCIe from here
2026-10-03 15:29:14 Epoch 6/300: loss=6.107381 lr=0.000500
2026-10-03 15:29:14   epoch 6: test_acc = 8757/50000 = 17.514000%  top5 = 18574/50000 = 37.148000%  [95% CI 17.18–17.85]
2026-10-03 15:29:14   step 0/2502: loss=5.628167
2026-10-03 15:29:15   step 1/2502: loss=6.519529
2026-10-03 15:29:15   step 2/2502: loss=6.346341
2026-10-03 15:29:43   step 100/2502: loss=5.491002
2026-10-03 15:30:12   step 200/2502: loss=6.284321
2026-10-03 15:30:41   step 300/2502: loss=6.150377
2026-10-03 15:31:10   step 400/2502: loss=6.401978
2026-10-03 15:31:39   step 500/2502: loss=6.043232
2026-10-03 15:32:08   step 600/2502: loss=6.180624
2026-10-03 15:32:36   step 700/2502: loss=5.880718
2026-10-03 15:33:08   step 800/2502: loss=6.138663
2026-10-03 15:33:36   step 900/2502: loss=6.475494
2026-10-03 15:34:07   step 1000/2502: loss=6.206917
2026-10-03 15:34:36   step 1100/2502: loss=6.265129
2026-10-03 15:35:05   step 1200/2502: loss=5.800856
2026-10-03 15:35:34   step 1300/2502: loss=5.405480
2026-10-03 15:36:03   step 1400/2502: loss=5.995377
2026-10-03 15:36:31   step 1500/2502: loss=6.379196
2026-10-03 15:37:01   step 1600/2502: loss=5.631142
2026-10-03 15:37:29   step 1700/2502: loss=6.202256
2026-10-03 15:37:59   step 1800/2502: loss=5.760126
2026-10-03 15:38:28   step 1900/2502: loss=6.211299
2026-10-03 15:38:58   step 2000/2502: loss=6.181248
2026-10-03 15:39:27   step 2100/2502: loss=6.050231
2026-10-03 15:39:57   step 2200/2502: loss=6.071586
2026-10-03 15:40:26   step 2300/2502: loss=6.256768
2026-10-03 15:40:56   step 2400/2502: loss=5.180089
2026-10-03 15:41:25   step 2500/2502: loss=5.789816
2026-10-03 15:41:33 [pjrt_ffi] RESIDENT: @vitin_emadp128x4wxclipdropeps0000001bf16_fwd holds 200 parameter tensors (21.8 MB) on 4 devices; they stop crossing PCIe from here
2026-10-03 15:42:12 Epoch 7/300: loss=5.979661 lr=0.000500
2026-10-03 15:42:12   epoch 7: test_acc = 10469/50000 = 20.938000%  top5 = 20983/50000 = 41.966000%  [95% CI 20.58–21.30]
2026-10-03 15:42:12   step 0/2502: loss=6.108609
2026-10-03 15:42:12   step 1/2502: loss=5.776672
2026-10-03 15:42:12   step 2/2502: loss=5.065543
2026-10-03 15:42:41   step 100/2502: loss=6.160617
2026-10-03 15:43:10   step 200/2502: loss=5.244965
2026-10-03 15:43:38   step 300/2502: loss=5.373725
2026-10-03 15:44:07   step 400/2502: loss=5.106878
2026-10-03 15:44:36   step 500/2502: loss=6.120206
2026-10-03 15:45:04   step 600/2502: loss=6.289385
2026-10-03 15:45:33   step 700/2502: loss=5.475921
2026-10-03 15:46:01   step 800/2502: loss=5.445626
2026-10-03 15:46:32   step 900/2502: loss=5.881148
2026-10-03 15:47:02   step 1000/2502: loss=6.275423
2026-10-03 15:47:32   step 1100/2502: loss=5.976102
2026-10-03 15:48:01   step 1200/2502: loss=6.023983
2026-10-03 15:48:30   step 1300/2502: loss=6.164116
2026-10-03 15:48:58   step 1400/2502: loss=5.569478
2026-10-03 15:49:28   step 1500/2502: loss=6.138371
2026-10-03 15:49:57   step 1600/2502: loss=5.675961
2026-10-03 15:50:26   step 1700/2502: loss=6.262919
2026-10-03 15:50:56   step 1800/2502: loss=6.150877
2026-10-03 15:51:25   step 1900/2502: loss=5.528096
2026-10-03 15:51:54   step 2000/2502: loss=6.221716
2026-10-03 15:52:23   step 2100/2502: loss=5.818900
2026-10-03 15:52:52   step 2200/2502: loss=5.920030
2026-10-03 15:53:21   step 2300/2502: loss=5.629559
2026-10-03 15:53:49   step 2400/2502: loss=6.205107
2026-10-03 15:54:18   step 2500/2502: loss=6.099225
2026-10-03 15:54:27 [pjrt_ffi] RESIDENT: @vitin_emadp128x4wxclipdropeps0000001bf16_fwd holds 200 parameter tensors (21.8 MB) on 4 devices; they stop crossing PCIe from here
2026-10-03 15:55:04 Epoch 8/300: loss=5.861534 lr=0.000500
2026-10-03 15:55:04   epoch 8: test_acc = 12087/50000 = 24.174000%  top5 = 23323/50000 = 46.646000%  [95% CI 23.80–24.55]
2026-10-03 15:55:04   step 0/2502: loss=5.176201
2026-10-03 15:55:04   step 1/2502: loss=6.077279
2026-10-03 15:55:05   step 2/2502: loss=4.822386
2026-10-03 15:55:33   step 100/2502: loss=6.139926
2026-10-03 15:56:01   step 200/2502: loss=6.122759
2026-10-03 15:56:30   step 300/2502: loss=5.641133
2026-10-03 15:56:59   step 400/2502: loss=5.403854
2026-10-03 15:57:28   step 500/2502: loss=6.274650
2026-10-03 15:57:57   step 600/2502: loss=4.957281
2026-10-03 15:58:25   step 700/2502: loss=5.929474
2026-10-03 15:58:54   step 800/2502: loss=6.143492
2026-10-03 15:59:22   step 900/2502: loss=6.364125
2026-10-03 15:59:51   step 1000/2502: loss=6.323539
2026-10-03 16:00:20   step 1100/2502: loss=5.440691
2026-10-03 16:00:50   step 1200/2502: loss=5.783253
2026-10-03 16:01:18   step 1300/2502: loss=5.610745
2026-10-03 16:01:47   step 1400/2502: loss=5.451272
2026-10-03 16:02:16   step 1500/2502: loss=5.634893
2026-10-03 16:02:44   step 1600/2502: loss=5.371256
2026-10-03 16:03:13   step 1700/2502: loss=4.904105
2026-10-03 16:03:42   step 1800/2502: loss=5.958648
2026-10-03 16:04:10   step 1900/2502: loss=5.852162
2026-10-03 16:04:39   step 2000/2502: loss=5.694680
2026-10-03 16:05:07   step 2100/2502: loss=6.139814
2026-10-03 16:05:36   step 2200/2502: loss=6.066581
2026-10-03 16:06:05   step 2300/2502: loss=6.132979
2026-10-03 16:06:33   step 2400/2502: loss=5.205119
2026-10-03 16:07:03   step 2500/2502: loss=6.084128
2026-10-03 16:07:11 [pjrt_ffi] RESIDENT: @vitin_emadp128x4wxclipdropeps0000001bf16_fwd holds 200 parameter tensors (21.8 MB) on 4 devices; they stop crossing PCIe from here
2026-10-03 16:07:51 Epoch 9/300: loss=5.746181 lr=0.000500
2026-10-03 16:07:51   epoch 9: test_acc = 13617/50000 = 27.234000%  top5 = 25300/50000 = 50.600000%  [95% CI 26.85–27.63]
2026-10-03 16:07:51   step 0/2502: loss=5.898392
2026-10-03 16:07:51   step 1/2502: loss=6.073093
2026-10-03 16:07:51   step 2/2502: loss=5.479681
2026-10-03 16:08:19   step 100/2502: loss=5.819336
2026-10-03 16:08:48   step 200/2502: loss=5.460258
2026-10-03 16:09:17   step 300/2502: loss=4.426190
2026-10-03 16:09:46   step 400/2502: loss=6.141554
2026-10-03 16:10:15   step 500/2502: loss=5.671717
2026-10-03 16:10:44   step 600/2502: loss=5.656147
2026-10-03 16:11:12   step 700/2502: loss=5.121369
2026-10-03 16:11:41   step 800/2502: loss=5.948887
2026-10-03 16:12:10   step 900/2502: loss=4.791737
2026-10-03 16:12:39   step 1000/2502: loss=5.120409
2026-10-03 16:13:08   step 1100/2502: loss=4.933702
2026-10-03 16:13:37   step 1200/2502: loss=5.971760
2026-10-03 16:14:06   step 1300/2502: loss=5.740316
2026-10-03 16:14:35   step 1400/2502: loss=5.679443
2026-10-03 16:15:03   step 1500/2502: loss=5.426755
2026-10-03 16:15:32   step 1600/2502: loss=6.163837
2026-10-03 16:16:01   step 1700/2502: loss=5.938191
2026-10-03 16:16:29   step 1800/2502: loss=5.011243
2026-10-03 16:16:59   step 1900/2502: loss=5.793380
2026-10-03 16:17:28   step 2000/2502: loss=5.256879
2026-10-03 16:17:59   step 2100/2502: loss=4.950212
2026-10-03 16:18:29   step 2200/2502: loss=6.168515
2026-10-03 16:18:57   step 2300/2502: loss=6.358476
2026-10-03 16:19:26   step 2400/2502: loss=6.131728
2026-10-03 16:19:56   step 2500/2502: loss=5.462969
2026-10-03 16:20:04 [pjrt_ffi] RESIDENT: @vitin_emadp128x4wxclipdropeps0000001bf16_fwd holds 200 parameter tensors (21.8 MB) on 4 devices; they stop crossing PCIe from here
2026-10-03 16:20:45 Epoch 10/300: loss=5.660117 lr=0.000500
2026-10-03 16:20:45   epoch 10: test_acc = 15039/50000 = 30.078000%  top5 = 26936/50000 = 53.872000%  [95% CI 29.68–30.48]
2026-10-03 16:20:50   ▸ shim respawn: producer 0 of 4 replaced after epoch 10 (generation 1, seed 5)
2026-10-03 16:20:52   step 0/2502: loss=5.881845
2026-10-03 16:20:52   step 1/2502: loss=6.013787
2026-10-03 16:20:53   step 2/2502: loss=5.715096
2026-10-03 16:21:21   step 100/2502: loss=5.760448
2026-10-03 16:21:50   step 200/2502: loss=4.823277
2026-10-03 16:22:19   step 300/2502: loss=5.960386
2026-10-03 16:22:48   step 400/2502: loss=5.537745
2026-10-03 16:23:17   step 500/2502: loss=5.018545
2026-10-03 16:23:45   step 600/2502: loss=6.108272
2026-10-03 16:24:14   step 700/2502: loss=6.005717
2026-10-03 16:24:43   step 800/2502: loss=4.840868
2026-10-03 16:25:12   step 900/2502: loss=5.933033
2026-10-03 16:25:41   step 1000/2502: loss=6.110741
2026-10-03 16:26:10   step 1100/2502: loss=6.005727
2026-10-03 16:26:41   step 1200/2502: loss=6.214532
2026-10-03 16:27:09   step 1300/2502: loss=5.836157
2026-10-03 16:27:39   step 1400/2502: loss=5.029383
2026-10-03 16:28:07   step 1500/2502: loss=5.907990
2026-10-03 16:28:36   step 1600/2502: loss=5.553432
2026-10-03 16:29:06   step 1700/2502: loss=5.884849
2026-10-03 16:29:35   step 1800/2502: loss=4.486496
2026-10-03 16:30:04   step 1900/2502: loss=5.827243
2026-10-03 16:30:33   step 2000/2502: loss=5.107193
2026-10-03 16:31:02   step 2100/2502: loss=5.683226
2026-10-03 16:31:32   step 2200/2502: loss=4.651122
2026-10-03 16:32:01   step 2300/2502: loss=5.447523
2026-10-03 16:32:29   step 2400/2502: loss=5.678458
2026-10-03 16:33:00   step 2500/2502: loss=5.747308
2026-10-03 16:33:09 [pjrt_ffi] RESIDENT: @vitin_emadp128x4wxclipdropeps0000001bf16_fwd holds 200 parameter tensors (21.8 MB) on 4 devices; they stop crossing PCIe from here
2026-10-03 16:33:50 Epoch 11/300: loss=5.594142 lr=0.000500
2026-10-03 16:33:50   epoch 11: test_acc = 16120/50000 = 32.240000%  top5 = 28196/50000 = 56.392000%  [95% CI 31.83–32.65]
2026-10-03 16:33:50   step 0/2502: loss=4.749454
2026-10-03 16:33:51   step 1/2502: loss=5.754605
2026-10-03 16:33:51   step 2/2502: loss=5.906500
2026-10-03 16:34:19   step 100/2502: loss=4.746114
2026-10-03 16:34:48   step 200/2502: loss=4.657628
2026-10-03 16:35:17   step 300/2502: loss=5.886619
2026-10-03 16:35:46   step 400/2502: loss=5.109514
2026-10-03 16:36:15   step 500/2502: loss=5.887163
2026-10-03 16:36:43   step 600/2502: loss=6.142700
2026-10-03 16:37:12   step 700/2502: loss=6.014335
2026-10-03 16:37:42   step 800/2502: loss=5.028933
2026-10-03 16:38:11   step 900/2502: loss=5.865000
2026-10-03 16:38:42   step 1000/2502: loss=5.837586
2026-10-03 16:39:11   step 1100/2502: loss=5.793070
2026-10-03 16:39:42   step 1200/2502: loss=6.053524
2026-10-03 16:40:11   step 1300/2502: loss=5.621608
2026-10-03 16:40:40   step 1400/2502: loss=5.206133
2026-10-03 16:41:10   step 1500/2502: loss=5.851902
2026-10-03 16:41:39   step 1600/2502: loss=5.003961
2026-10-03 16:42:07   step 1700/2502: loss=4.930541
2026-10-03 16:42:38   step 1800/2502: loss=5.683441
2026-10-03 16:43:06   step 1900/2502: loss=5.956584
2026-10-03 16:43:35   step 2000/2502: loss=5.506021
2026-10-03 16:44:04   step 2100/2502: loss=6.032927
2026-10-03 16:44:34   step 2200/2502: loss=5.692171
2026-10-03 16:45:03   step 2300/2502: loss=5.876874
2026-10-03 16:45:34   step 2400/2502: loss=5.141495
2026-10-03 16:46:02   step 2500/2502: loss=6.031446
2026-10-03 16:46:08 [pjrt_ffi] RESIDENT: @vitin_emadp128x4wxclipdropeps0000001bf16_fwd holds 200 parameter tensors (21.8 MB) on 4 devices; they stop crossing PCIe from here
2026-10-03 16:46:42 Epoch 12/300: loss=5.534783 lr=0.000499
2026-10-03 16:46:42   epoch 12: test_acc = 17206/50000 = 34.412000%  top5 = 29461/50000 = 58.922000%  [95% CI 34.00–34.83]
2026-10-03 16:46:43   step 0/2502: loss=5.933726
2026-10-03 16:46:43   step 1/2502: loss=5.719265
2026-10-03 16:46:43   step 2/2502: loss=5.909307
2026-10-03 16:47:12   step 100/2502: loss=5.790582
2026-10-03 16:47:41   step 200/2502: loss=5.347040
2026-10-03 16:48:09   step 300/2502: loss=6.035801
2026-10-03 16:48:38   step 400/2502: loss=5.682556
2026-10-03 16:49:07   step 500/2502: loss=4.424076
2026-10-03 16:49:36   step 600/2502: loss=5.943736
2026-10-03 16:50:04   step 700/2502: loss=5.983740
2026-10-03 16:50:33   step 800/2502: loss=5.755190
2026-10-03 16:51:02   step 900/2502: loss=5.677647
2026-10-03 16:51:31   step 1000/2502: loss=5.677520
2026-10-03 16:51:59   step 1100/2502: loss=5.226701
2026-10-03 16:52:28   step 1200/2502: loss=5.535976
2026-10-03 16:52:57   step 1300/2502: loss=4.687133
2026-10-03 16:53:26   step 1400/2502: loss=5.707007
2026-10-03 16:53:55   step 1500/2502: loss=6.006582
2026-10-03 16:54:26   step 1600/2502: loss=5.996273
2026-10-03 16:54:55   step 1700/2502: loss=4.764711
2026-10-03 16:55:24   step 1800/2502: loss=5.608995
2026-10-03 16:55:53   step 1900/2502: loss=5.033750
2026-10-03 16:56:21   step 2000/2502: loss=5.885868
2026-10-03 16:56:50   step 2100/2502: loss=5.926918
2026-10-03 16:57:19   step 2200/2502: loss=5.977455
2026-10-03 16:57:48   step 2300/2502: loss=4.368662
2026-10-03 16:58:17   step 2400/2502: loss=5.728168
2026-10-03 16:58:47   step 2500/2502: loss=5.688939
2026-10-03 16:58:52 [pjrt_ffi] RESIDENT: @vitin_emadp128x4wxclipdropeps0000001bf16_fwd holds 200 parameter tensors (21.8 MB) on 4 devices; they stop crossing PCIe from here
2026-10-03 16:59:21 Epoch 13/300: loss=5.454861 lr=0.000499
2026-10-03 16:59:21   epoch 13: test_acc = 18101/50000 = 36.202000%  top5 = 30444/50000 = 60.888000%  [95% CI 35.78–36.62]
2026-10-03 16:59:21   step 0/2502: loss=5.514010
2026-10-03 16:59:21   step 1/2502: loss=4.982513
2026-10-03 16:59:21   step 2/2502: loss=5.805224
2026-10-03 16:59:49   step 100/2502: loss=5.303542
2026-10-03 17:00:18   step 200/2502: loss=5.943067
2026-10-03 17:00:46   step 300/2502: loss=5.574255
2026-10-03 17:01:15   step 400/2502: loss=5.249570
2026-10-03 17:01:44   step 500/2502: loss=5.441569
2026-10-03 17:02:12   step 600/2502: loss=4.612576
2026-10-03 17:02:44   step 700/2502: loss=4.831999
2026-10-03 17:03:12   step 800/2502: loss=5.860133
2026-10-03 17:03:41   step 900/2502: loss=5.544087
2026-10-03 17:04:10   step 1000/2502: loss=5.749517
2026-10-03 17:04:38   step 1100/2502: loss=5.867805
2026-10-03 17:05:07   step 1200/2502: loss=5.765476
2026-10-03 17:05:36   step 1300/2502: loss=5.868758
2026-10-03 17:06:08   step 1400/2502: loss=4.947552
2026-10-03 17:06:36   step 1500/2502: loss=6.000296
2026-10-03 17:07:06   step 1600/2502: loss=5.184251
2026-10-03 17:07:35   step 1700/2502: loss=4.939515
2026-10-03 17:08:04   step 1800/2502: loss=4.313953
2026-10-03 17:08:32   step 1900/2502: loss=6.013758
2026-10-03 17:09:01   step 2000/2502: loss=5.234118
2026-10-03 17:09:30   step 2100/2502: loss=5.035374
2026-10-03 17:09:58   step 2200/2502: loss=5.906796
2026-10-03 17:10:29   step 2300/2502: loss=5.181184
2026-10-03 17:10:58   step 2400/2502: loss=5.813531
2026-10-03 17:11:27   step 2500/2502: loss=5.068103
2026-10-03 17:11:33 [pjrt_ffi] RESIDENT: @vitin_emadp128x4wxclipdropeps0000001bf16_fwd holds 200 parameter tensors (21.8 MB) on 4 devices; they stop crossing PCIe from here
2026-10-03 17:12:14 Epoch 14/300: loss=5.409295 lr=0.000499
2026-10-03 17:12:14   epoch 14: test_acc = 18920/50000 = 37.840000%  top5 = 31317/50000 = 62.634000%  [95% CI 37.42–38.27]
2026-10-03 17:12:14   step 0/2502: loss=5.818078
2026-10-03 17:12:14   step 1/2502: loss=5.672029
2026-10-03 17:12:15   step 2/2502: loss=5.536356
2026-10-03 17:12:43   step 100/2502: loss=5.725820
2026-10-03 17:13:11   step 200/2502: loss=5.807553
2026-10-03 17:13:40   step 300/2502: loss=5.303566
2026-10-03 17:14:09   step 400/2502: loss=5.901176
2026-10-03 17:14:38   step 500/2502: loss=5.664506
2026-10-03 17:15:07   step 600/2502: loss=5.975155
2026-10-03 17:15:37   step 700/2502: loss=5.425683
2026-10-03 17:16:07   step 800/2502: loss=5.673570
2026-10-03 17:16:38   step 900/2502: loss=6.003525
2026-10-03 17:17:08   step 1000/2502: loss=5.679378
2026-10-03 17:17:37   step 1100/2502: loss=5.915769
2026-10-03 17:18:06   step 1200/2502: loss=5.808373
2026-10-03 17:18:35   step 1300/2502: loss=5.465564
2026-10-03 17:19:07   step 1400/2502: loss=4.636485
2026-10-03 17:19:36   step 1500/2502: loss=5.581988
2026-10-03 17:20:05   step 1600/2502: loss=5.907277
2026-10-03 17:20:34   step 1700/2502: loss=5.785356
2026-10-03 17:21:03   step 1800/2502: loss=5.333265
2026-10-03 17:21:33   step 1900/2502: loss=5.766383
2026-10-03 17:22:01   step 2000/2502: loss=5.013242
2026-10-03 17:22:30   step 2100/2502: loss=4.543316
2026-10-03 17:22:59   step 2200/2502: loss=4.756142
2026-10-03 17:23:28   step 2300/2502: loss=5.648671
2026-10-03 17:23:58   step 2400/2502: loss=5.590693
2026-10-03 17:24:26   step 2500/2502: loss=5.852910
2026-10-03 17:24:34 [pjrt_ffi] RESIDENT: @vitin_emadp128x4wxclipdropeps0000001bf16_fwd holds 200 parameter tensors (21.8 MB) on 4 devices; they stop crossing PCIe from here
2026-10-03 17:25:20 Epoch 15/300: loss=5.359702 lr=0.000499
2026-10-03 17:25:20   epoch 15: test_acc = 19553/50000 = 39.106000%  top5 = 32094/50000 = 64.188000%  [95% CI 38.68–39.53]
2026-10-03 17:25:20   step 0/2502: loss=5.521233
2026-10-03 17:25:21   step 1/2502: loss=5.091525
2026-10-03 17:25:21   step 2/2502: loss=6.020120
2026-10-03 17:25:49   step 100/2502: loss=5.521292
2026-10-03 17:26:17   step 200/2502: loss=6.008204
2026-10-03 17:26:46   step 300/2502: loss=5.271943
2026-10-03 17:27:14   step 400/2502: loss=4.293386
2026-10-03 17:27:43   step 500/2502: loss=5.736764
2026-10-03 17:28:12   step 600/2502: loss=5.749115
2026-10-03 17:28:40   step 700/2502: loss=5.728947
2026-10-03 17:29:09   step 800/2502: loss=4.853904
2026-10-03 17:29:37   step 900/2502: loss=5.369483
2026-10-03 17:30:06   step 1000/2502: loss=5.999347
2026-10-03 17:30:36   step 1100/2502: loss=5.539283
2026-10-03 17:31:04   step 1200/2502: loss=5.899283
2026-10-03 17:31:33   step 1300/2502: loss=5.775171
2026-10-03 17:32:01   step 1400/2502: loss=5.391988
2026-10-03 17:32:30   step 1500/2502: loss=6.032312
2026-10-03 17:32:59   step 1600/2502: loss=4.734865
2026-10-03 17:33:27   step 1700/2502: loss=5.844201
2026-10-03 17:33:56   step 1800/2502: loss=4.425404
2026-10-03 17:34:24   step 1900/2502: loss=4.028810
2026-10-03 17:34:53   step 2000/2502: loss=4.899918
2026-10-03 17:35:21   step 2100/2502: loss=5.756710
2026-10-03 17:35:50   step 2200/2502: loss=4.395602
2026-10-03 17:36:18   step 2300/2502: loss=5.052027
2026-10-03 17:36:48   step 2400/2502: loss=5.552602
2026-10-03 17:37:16   step 2500/2502: loss=5.593099
2026-10-03 17:37:22 [pjrt_ffi] RESIDENT: @vitin_emadp128x4wxclipdropeps0000001bf16_fwd holds 200 parameter tensors (21.8 MB) on 4 devices; they stop crossing PCIe from here
2026-10-03 17:38:00 Epoch 16/300: loss=5.306133 lr=0.000498
2026-10-03 17:38:00   epoch 16: test_acc = 20192/50000 = 40.384000%  top5 = 32810/50000 = 65.620000%  [95% CI 39.95–40.81]
2026-10-03 17:38:00   step 0/2502: loss=5.292838
2026-10-03 17:38:00   step 1/2502: loss=5.347209
2026-10-03 17:38:01   step 2/2502: loss=5.020638
2026-10-03 17:38:29   step 100/2502: loss=4.188800
2026-10-03 17:38:58   step 200/2502: loss=5.432343
2026-10-03 17:39:27   step 300/2502: loss=4.545119
2026-10-03 17:39:56   step 400/2502: loss=5.668167
2026-10-03 17:40:25   step 500/2502: loss=5.819579
2026-10-03 17:40:53   step 600/2502: loss=5.301009
2026-10-03 17:41:22   step 700/2502: loss=4.184583
2026-10-03 17:41:51   step 800/2502: loss=5.485395
2026-10-03 17:42:20   step 900/2502: loss=4.579951
2026-10-03 17:42:51   step 1000/2502: loss=5.651268
2026-10-03 17:43:20   step 1100/2502: loss=5.666274
2026-10-03 17:43:49   step 1200/2502: loss=4.654401
2026-10-03 17:44:18   step 1300/2502: loss=5.551740
2026-10-03 17:44:47   step 1400/2502: loss=5.670776
2026-10-03 17:45:16   step 1500/2502: loss=4.508907
2026-10-03 17:45:45   step 1600/2502: loss=5.724374
2026-10-03 17:46:14   step 1700/2502: loss=5.651762
2026-10-03 17:46:43   step 1800/2502: loss=5.327288
2026-10-03 17:47:11   step 1900/2502: loss=4.422443
2026-10-03 17:47:42   step 2000/2502: loss=5.318790
2026-10-03 17:48:10   step 2100/2502: loss=5.942731
2026-10-03 17:48:39   step 2200/2502: loss=5.707135
2026-10-03 17:49:08   step 2300/2502: loss=5.971629
2026-10-03 17:49:37   step 2400/2502: loss=5.713755
2026-10-03 17:50:05   step 2500/2502: loss=5.638901
2026-10-03 17:50:14 [pjrt_ffi] RESIDENT: @vitin_emadp128x4wxclipdropeps0000001bf16_fwd holds 200 parameter tensors (21.8 MB) on 4 devices; they stop crossing PCIe from here
2026-10-03 17:50:56 Epoch 17/300: loss=5.265629 lr=0.000498
2026-10-03 17:50:56   epoch 17: test_acc = 20759/50000 = 41.518000%  top5 = 33425/50000 = 66.850000%  [95% CI 41.09–41.95]
2026-10-03 17:50:56   step 0/2502: loss=5.628216
2026-10-03 17:50:57   step 1/2502: loss=5.410331
2026-10-03 17:50:57   step 2/2502: loss=5.453443
2026-10-03 17:51:25   step 100/2502: loss=5.376486
2026-10-03 17:51:54   step 200/2502: loss=5.359550
2026-10-03 17:52:23   step 300/2502: loss=4.601120
2026-10-03 17:52:52   step 400/2502: loss=5.084371
2026-10-03 17:53:20   step 500/2502: loss=5.226295
2026-10-03 17:53:51   step 600/2502: loss=5.189369
2026-10-03 17:54:19   step 700/2502: loss=4.227833
2026-10-03 17:54:49   step 800/2502: loss=4.643834
2026-10-03 17:55:19   step 900/2502: loss=5.062965
2026-10-03 17:55:51   step 1000/2502: loss=5.152541
2026-10-03 17:56:20   step 1100/2502: loss=5.915004
2026-10-03 17:56:50   step 1200/2502: loss=5.774942
2026-10-03 17:57:20   step 1300/2502: loss=4.818248
2026-10-03 17:57:50   step 1400/2502: loss=5.712675
2026-10-03 17:58:19   step 1500/2502: loss=4.736578
2026-10-03 17:58:48   step 1600/2502: loss=5.703727
2026-10-03 17:59:17   step 1700/2502: loss=5.530714
2026-10-03 17:59:47   step 1800/2502: loss=5.638152
2026-10-03 18:00:16   step 1900/2502: loss=4.379894
2026-10-03 18:00:44   step 2000/2502: loss=5.710660
2026-10-03 18:01:14   step 2100/2502: loss=4.437780
2026-10-03 18:01:43   step 2200/2502: loss=5.315352
2026-10-03 18:02:12   step 2300/2502: loss=5.217220
2026-10-03 18:02:40   step 2400/2502: loss=5.427532
2026-10-03 18:03:09   step 2500/2502: loss=4.087866
2026-10-03 18:03:18 [pjrt_ffi] RESIDENT: @vitin_emadp128x4wxclipdropeps0000001bf16_fwd holds 200 parameter tensors (21.8 MB) on 4 devices; they stop crossing PCIe from here
2026-10-03 18:04:00 Epoch 18/300: loss=5.229956 lr=0.000498
2026-10-03 18:04:00   epoch 18: test_acc = 21313/50000 = 42.626000%  top5 = 33969/50000 = 67.938000%  [95% CI 42.19–43.06]
2026-10-03 18:04:01   step 0/2502: loss=5.827311
2026-10-03 18:04:01   step 1/2502: loss=5.408307
2026-10-03 18:04:01   step 2/2502: loss=4.364716
2026-10-03 18:04:30   step 100/2502: loss=4.073102
2026-10-03 18:04:58   step 200/2502: loss=5.647296
2026-10-03 18:05:27   step 300/2502: loss=4.743321
2026-10-03 18:05:55   step 400/2502: loss=4.358293
2026-10-03 18:06:24   step 500/2502: loss=5.404228
2026-10-03 18:06:53   step 600/2502: loss=4.975737
2026-10-03 18:07:21   step 700/2502: loss=5.240979
2026-10-03 18:07:50   step 800/2502: loss=5.263019
2026-10-03 18:08:19   step 900/2502: loss=5.817528
2026-10-03 18:08:47   step 1000/2502: loss=4.932147
2026-10-03 18:09:16   step 1100/2502: loss=5.311469
2026-10-03 18:09:45   step 1200/2502: loss=4.292981
2026-10-03 18:10:14   step 1300/2502: loss=5.067689
2026-10-03 18:10:42   step 1400/2502: loss=5.821475
2026-10-03 18:11:11   step 1500/2502: loss=5.648688
2026-10-03 18:11:40   step 1600/2502: loss=4.593719
2026-10-03 18:12:08   step 1700/2502: loss=5.555573
2026-10-03 18:12:39   step 1800/2502: loss=4.131455
2026-10-03 18:13:07   step 1900/2502: loss=5.552202
2026-10-03 18:13:36   step 2000/2502: loss=5.871182
2026-10-03 18:14:04   step 2100/2502: loss=5.634440
2026-10-03 18:14:33   step 2200/2502: loss=5.099274
2026-10-03 18:15:01   step 2300/2502: loss=4.810878
2026-10-03 18:15:30   step 2400/2502: loss=4.196122
2026-10-03 18:15:58   step 2500/2502: loss=5.324266
2026-10-03 18:16:04 [pjrt_ffi] RESIDENT: @vitin_emadp128x4wxclipdropeps0000001bf16_fwd holds 200 parameter tensors (21.8 MB) on 4 devices; they stop crossing PCIe from here
2026-10-03 18:16:41 Epoch 19/300: loss=5.191154 lr=0.000497
2026-10-03 18:16:41   epoch 19: test_acc = 21815/50000 = 43.630000%  top5 = 34469/50000 = 68.938000%  [95% CI 43.20–44.07]
2026-10-03 18:16:41   step 0/2502: loss=5.178379
2026-10-03 18:16:42   step 1/2502: loss=5.316638
2026-10-03 18:16:42   step 2/2502: loss=5.625792
2026-10-03 18:17:10   step 100/2502: loss=5.542490
2026-10-03 18:17:38   step 200/2502: loss=5.174982
2026-10-03 18:18:07   step 300/2502: loss=5.741117
2026-10-03 18:18:35   step 400/2502: loss=5.645604
2026-10-03 18:19:04   step 500/2502: loss=5.017615
2026-10-03 18:19:32   step 600/2502: loss=5.862548
2026-10-03 18:20:01   step 700/2502: loss=5.346058
2026-10-03 18:20:31   step 800/2502: loss=4.650320
2026-10-03 18:21:00   step 900/2502: loss=4.965664
2026-10-03 18:21:30   step 1000/2502: loss=5.195527
2026-10-03 18:21:58   step 1100/2502: loss=5.511699
2026-10-03 18:22:28   step 1200/2502: loss=5.143702
2026-10-03 18:22:57   step 1300/2502: loss=5.660891
2026-10-03 18:23:25   step 1400/2502: loss=5.709802
2026-10-03 18:23:54   step 1500/2502: loss=5.626554
2026-10-03 18:24:23   step 1600/2502: loss=4.629975
2026-10-03 18:24:52   step 1700/2502: loss=4.198040
2026-10-03 18:25:21   step 1800/2502: loss=5.661746
2026-10-03 18:25:49   step 1900/2502: loss=4.915614
2026-10-03 18:26:18   step 2000/2502: loss=5.596672
2026-10-03 18:26:46   step 2100/2502: loss=5.662484
2026-10-03 18:27:15   step 2200/2502: loss=4.951262
2026-10-03 18:27:44   step 2300/2502: loss=5.428367
2026-10-03 18:28:13   step 2400/2502: loss=5.609139
2026-10-03 18:28:41   step 2500/2502: loss=5.567567
2026-10-03 18:28:49 [pjrt_ffi] RESIDENT: @vitin_emadp128x4wxclipdropeps0000001bf16_fwd holds 200 parameter tensors (21.8 MB) on 4 devices; they stop crossing PCIe from here
2026-10-03 18:29:31 Epoch 20/300: loss=5.171785 lr=0.000497
2026-10-03 18:29:31   epoch 20: test_acc = 22201/50000 = 44.402000%  top5 = 34888/50000 = 69.776000%  [95% CI 43.97–44.84]
2026-10-03 18:29:36   ▸ shim respawn: producer 1 of 4 replaced after epoch 20 (generation 2, seed 10)
2026-10-03 18:29:36   step 0/2502: loss=4.288564
2026-10-03 18:29:38   step 1/2502: loss=4.594032
2026-10-03 18:29:39   step 2/2502: loss=5.418283
2026-10-03 18:30:07   step 100/2502: loss=4.685381
2026-10-03 18:30:36   step 200/2502: loss=5.592721
2026-10-03 18:31:05   step 300/2502: loss=5.131573
2026-10-03 18:31:34   step 400/2502: loss=5.276727
2026-10-03 18:32:03   step 500/2502: loss=4.859639
2026-10-03 18:32:32   step 600/2502: loss=5.811191
2026-10-03 18:33:02   step 700/2502: loss=5.183597
2026-10-03 18:33:33   step 800/2502: loss=5.423186
2026-10-03 18:34:02   step 900/2502: loss=5.619625
2026-10-03 18:34:33   step 1000/2502: loss=5.647347
2026-10-03 18:35:02   step 1100/2502: loss=4.874883
2026-10-03 18:35:31   step 1200/2502: loss=5.278747
2026-10-03 18:36:01   step 1300/2502: loss=5.719827
2026-10-03 18:36:30   step 1400/2502: loss=5.243225
2026-10-03 18:37:00   step 1500/2502: loss=4.940252
2026-10-03 18:37:29   step 1600/2502: loss=5.743547
2026-10-03 18:38:00   step 1700/2502: loss=5.061078
2026-10-03 18:38:29   step 1800/2502: loss=5.498180
2026-10-03 18:39:00   step 1900/2502: loss=4.996161
2026-10-03 18:39:29   step 2000/2502: loss=5.467349
2026-10-03 18:39:58   step 2100/2502: loss=5.594381
2026-10-03 18:40:26   step 2200/2502: loss=4.993464
2026-10-03 18:40:55   step 2300/2502: loss=5.621562
2026-10-03 18:41:24   step 2400/2502: loss=4.929182
2026-10-03 18:41:54   step 2500/2502: loss=5.033284
2026-10-03 18:42:01 [pjrt_ffi] RESIDENT: @vitin_emadp128x4wxclipdropeps0000001bf16_fwd holds 200 parameter tensors (21.8 MB) on 4 devices; they stop crossing PCIe from here
2026-10-03 18:42:38 Epoch 21/300: loss=5.149713 lr=0.000496
2026-10-03 18:42:38   epoch 21: test_acc = 22647/50000 = 45.294000%  top5 = 35282/50000 = 70.564000%  [95% CI 44.86–45.73]
2026-10-03 18:42:38   step 0/2502: loss=5.252329
2026-10-03 18:42:39   step 1/2502: loss=5.820439
2026-10-03 18:42:39   step 2/2502: loss=5.527640
2026-10-03 18:43:08   step 100/2502: loss=5.360004
2026-10-03 18:43:36   step 200/2502: loss=5.160167
2026-10-03 18:44:05   step 300/2502: loss=4.620534
2026-10-03 18:44:33   step 400/2502: loss=5.566115
2026-10-03 18:45:02   step 500/2502: loss=5.038011
2026-10-03 18:45:34   step 600/2502: loss=5.624866
2026-10-03 18:46:02   step 700/2502: loss=4.246311
2026-10-03 18:46:33   step 800/2502: loss=5.668173
2026-10-03 18:47:01   step 900/2502: loss=5.937320
2026-10-03 18:47:33   step 1000/2502: loss=5.254902
2026-10-03 18:48:03   step 1100/2502: loss=4.589685
2026-10-03 18:48:33   step 1200/2502: loss=5.422542
2026-10-03 18:49:01   step 1300/2502: loss=5.663449
2026-10-03 18:49:32   step 1400/2502: loss=4.768698
2026-10-03 18:50:01   step 1500/2502: loss=4.872646
2026-10-03 18:50:30   step 1600/2502: loss=5.680923
2026-10-03 18:50:58   step 1700/2502: loss=5.021661
2026-10-03 18:51:29   step 1800/2502: loss=4.940425
2026-10-03 18:51:57   step 1900/2502: loss=5.275470
2026-10-03 18:52:26   step 2000/2502: loss=5.350017
2026-10-03 18:52:55   step 2100/2502: loss=5.112336
2026-10-03 18:53:24   step 2200/2502: loss=5.652255
2026-10-03 18:53:52   step 2300/2502: loss=5.155818
2026-10-03 18:54:21   step 2400/2502: loss=4.530891
2026-10-03 18:54:51   step 2500/2502: loss=5.054293
2026-10-03 18:54:59 [pjrt_ffi] RESIDENT: @vitin_emadp128x4wxclipdropeps0000001bf16_fwd holds 200 parameter tensors (21.8 MB) on 4 devices; they stop crossing PCIe from here
2026-10-03 18:55:42 Epoch 22/300: loss=5.099999 lr=0.000496
2026-10-03 18:55:42   epoch 22: test_acc = 23014/50000 = 46.028000%  top5 = 35629/50000 = 71.258000%  [95% CI 45.59–46.47]
2026-10-03 18:55:42   step 0/2502: loss=4.863582
2026-10-03 18:55:42   step 1/2502: loss=5.078968
2026-10-03 18:55:43   step 2/2502: loss=5.359000
2026-10-03 18:56:11   step 100/2502: loss=5.494007
2026-10-03 18:56:41   step 200/2502: loss=5.856686
2026-10-03 18:57:10   step 300/2502: loss=4.104815
2026-10-03 18:57:39   step 400/2502: loss=5.471576
2026-10-03 18:58:08   step 500/2502: loss=5.571466
2026-10-03 18:58:37   step 600/2502: loss=4.547896
2026-10-03 18:59:07   step 700/2502: loss=5.446958
2026-10-03 18:59:37   step 800/2502: loss=4.215348
2026-10-03 19:00:07   step 900/2502: loss=5.378836
2026-10-03 19:00:39   step 1000/2502: loss=4.173961
2026-10-03 19:01:08   step 1100/2502: loss=4.059355
2026-10-03 19:01:37   step 1200/2502: loss=5.617678
2026-10-03 19:02:07   step 1300/2502: loss=5.199947
2026-10-03 19:02:37   step 1400/2502: loss=5.536341
2026-10-03 19:03:07   step 1500/2502: loss=4.973766
2026-10-03 19:03:36   step 1600/2502: loss=4.772143
2026-10-03 19:04:05   step 1700/2502: loss=5.405872
2026-10-03 19:04:35   step 1800/2502: loss=4.614415
2026-10-03 19:05:05   step 1900/2502: loss=4.806646
2026-10-03 19:05:34   step 2000/2502: loss=5.132027
2026-10-03 19:06:04   step 2100/2502: loss=5.102163
2026-10-03 19:06:33   step 2200/2502: loss=5.409122
2026-10-03 19:07:02   step 2300/2502: loss=5.638340
2026-10-03 19:07:31   step 2400/2502: loss=4.272449
2026-10-03 19:08:02   step 2500/2502: loss=4.965586
2026-10-03 19:08:08 [pjrt_ffi] RESIDENT: @vitin_emadp128x4wxclipdropeps0000001bf16_fwd holds 200 parameter tensors (21.8 MB) on 4 devices; they stop crossing PCIe from here
2026-10-03 19:08:45 Epoch 23/300: loss=5.088127 lr=0.000496
2026-10-03 19:08:45   epoch 23: test_acc = 23418/50000 = 46.836000%  top5 = 35962/50000 = 71.924000%  [95% CI 46.40–47.27]
2026-10-03 19:08:45   step 0/2502: loss=4.341912
2026-10-03 19:08:45   step 1/2502: loss=4.007417
2026-10-03 19:08:45   step 2/2502: loss=4.067585
2026-10-03 19:09:14   step 100/2502: loss=4.500579
2026-10-03 19:09:43   step 200/2502: loss=5.317177
2026-10-03 19:10:11   step 300/2502: loss=4.080543
2026-10-03 19:10:40   step 400/2502: loss=5.435880
2026-10-03 19:11:10   step 500/2502: loss=5.451172
2026-10-03 19:11:42   step 600/2502: loss=5.349458
2026-10-03 19:12:10   step 700/2502: loss=5.516086
2026-10-03 19:12:41   step 800/2502: loss=4.334741
2026-10-03 19:13:13   step 900/2502: loss=5.608913
2026-10-03 19:13:42   step 1000/2502: loss=4.776546
2026-10-03 19:14:11   step 1100/2502: loss=4.582107
2026-10-03 19:14:40   step 1200/2502: loss=5.548955
2026-10-03 19:15:11   step 1300/2502: loss=5.054511
2026-10-03 19:15:41   step 1400/2502: loss=5.746830
2026-10-03 19:16:11   step 1500/2502: loss=5.152264
2026-10-03 19:16:42   step 1600/2502: loss=5.858043
2026-10-03 19:17:11   step 1700/2502: loss=5.537277
2026-10-03 19:17:40   step 1800/2502: loss=5.202991
2026-10-03 19:18:10   step 1900/2502: loss=4.797609
2026-10-03 19:18:38   step 2000/2502: loss=5.763568
2026-10-03 19:19:07   step 2100/2502: loss=4.858271
2026-10-03 19:19:38   step 2200/2502: loss=4.713272
2026-10-03 19:20:07   step 2300/2502: loss=5.475343
2026-10-03 19:20:35   step 2400/2502: loss=5.578435
2026-10-03 19:21:04   step 2500/2502: loss=5.574680
2026-10-03 19:21:13 [pjrt_ffi] RESIDENT: @vitin_emadp128x4wxclipdropeps0000001bf16_fwd holds 200 parameter tensors (21.8 MB) on 4 devices; they stop crossing PCIe from here
2026-10-03 19:21:56 Epoch 24/300: loss=5.053340 lr=0.000495
2026-10-03 19:21:56   epoch 24: test_acc = 23817/50000 = 47.634000%  top5 = 36283/50000 = 72.566000%  [95% CI 47.20–48.07]
2026-10-03 19:21:56   step 0/2502: loss=4.877059
2026-10-03 19:21:56   step 1/2502: loss=5.581527
2026-10-03 19:21:56   step 2/2502: loss=5.304702
2026-10-03 19:22:26   step 100/2502: loss=4.611881
2026-10-03 19:22:54   step 200/2502: loss=5.452626
2026-10-03 19:23:23   step 300/2502: loss=5.654384
2026-10-03 19:23:52   step 400/2502: loss=5.543611
2026-10-03 19:24:21   step 500/2502: loss=5.472845
2026-10-03 19:24:50   step 600/2502: loss=5.450643
2026-10-03 19:25:20   step 700/2502: loss=5.702041
2026-10-03 19:25:51   step 800/2502: loss=5.432984
2026-10-03 19:26:20   step 900/2502: loss=4.877504
2026-10-03 19:26:50   step 1000/2502: loss=4.799063
2026-10-03 19:27:19   step 1100/2502: loss=4.696153
2026-10-03 19:27:48   step 1200/2502: loss=4.557127
2026-10-03 19:28:19   step 1300/2502: loss=4.614440
2026-10-03 19:28:49   step 1400/2502: loss=4.184953
2026-10-03 19:29:19   step 1500/2502: loss=5.174693
2026-10-03 19:29:48   step 1600/2502: loss=5.712458
2026-10-03 19:30:17   step 1700/2502: loss=4.578602
2026-10-03 19:30:46   step 1800/2502: loss=4.881414
2026-10-03 19:31:16   step 1900/2502: loss=5.626584
2026-10-03 19:31:45   step 2000/2502: loss=4.738959
2026-10-03 19:32:14   step 2100/2502: loss=5.203443
2026-10-03 19:32:43   step 2200/2502: loss=4.724783
2026-10-03 19:33:12   step 2300/2502: loss=4.852360
2026-10-03 19:33:43   step 2400/2502: loss=5.239981
2026-10-03 19:34:12   step 2500/2502: loss=4.068260
2026-10-03 19:34:19 [pjrt_ffi] RESIDENT: @vitin_emadp128x4wxclipdropeps0000001bf16_fwd holds 200 parameter tensors (21.8 MB) on 4 devices; they stop crossing PCIe from here
2026-10-03 19:34:57 Epoch 25/300: loss=5.046140 lr=0.000494
2026-10-03 19:34:57   epoch 25: test_acc = 24133/50000 = 48.266000%  top5 = 36572/50000 = 73.144000%  [95% CI 47.83–48.70]
2026-10-03 19:34:57   step 0/2502: loss=3.994678
2026-10-03 19:34:57   step 1/2502: loss=4.501525
2026-10-03 19:34:57   step 2/2502: loss=5.524298
2026-10-03 19:35:26   step 100/2502: loss=4.400925
2026-10-03 19:35:55   step 200/2502: loss=4.840652
2026-10-03 19:36:25   step 300/2502: loss=4.224127
2026-10-03 19:36:54   step 400/2502: loss=5.493899
2026-10-03 19:37:22   step 500/2502: loss=4.650825
2026-10-03 19:37:52   step 600/2502: loss=5.579359
2026-10-03 19:38:24   step 700/2502: loss=4.090726
2026-10-03 19:38:53   step 800/2502: loss=4.249506
2026-10-03 19:39:21   step 900/2502: loss=5.347413
2026-10-03 19:39:52   step 1000/2502: loss=5.381130
2026-10-03 19:40:21   step 1100/2502: loss=5.290938
2026-10-03 19:40:51   step 1200/2502: loss=5.189150
2026-10-03 19:41:22   step 1300/2502: loss=5.536630
2026-10-03 19:41:51   step 1400/2502: loss=5.160502
2026-10-03 19:42:20   step 1500/2502: loss=4.441608
2026-10-03 19:42:49   step 1600/2502: loss=5.271566
2026-10-03 19:43:18   step 1700/2502: loss=5.631149
2026-10-03 19:43:48   step 1800/2502: loss=4.737775
2026-10-03 19:44:18   step 1900/2502: loss=3.934526
2026-10-03 19:44:47   step 2000/2502: loss=5.041708
2026-10-03 19:45:16   step 2100/2502: loss=3.998385
2026-10-03 19:45:45   step 2200/2502: loss=5.330812
2026-10-03 19:46:14   step 2300/2502: loss=4.227886
2026-10-03 19:46:45   step 2400/2502: loss=5.482594
2026-10-03 19:47:13   step 2500/2502: loss=5.040000
2026-10-03 19:47:20 [pjrt_ffi] RESIDENT: @vitin_emadp128x4wxclipdropeps0000001bf16_fwd holds 200 parameter tensors (21.8 MB) on 4 devices; they stop crossing PCIe from here
2026-10-03 19:47:58 Epoch 26/300: loss=5.016181 lr=0.000494
2026-10-03 19:47:58   epoch 26: test_acc = 24446/50000 = 48.892000%  top5 = 36812/50000 = 73.624000%  [95% CI 48.45–49.33]
2026-10-03 19:47:58   step 0/2502: loss=5.463078
2026-10-03 19:47:58   step 1/2502: loss=5.405997
2026-10-03 19:47:58   step 2/2502: loss=5.442863
2026-10-03 19:48:27   step 100/2502: loss=5.504179
2026-10-03 19:48:56   step 200/2502: loss=4.517025
2026-10-03 19:49:25   step 300/2502: loss=4.376200
2026-10-03 19:49:54   step 400/2502: loss=5.285268
2026-10-03 19:50:23   step 500/2502: loss=5.400979
2026-10-03 19:50:53   step 600/2502: loss=5.714015
2026-10-03 19:51:23   step 700/2502: loss=5.555493
2026-10-03 19:51:53   step 800/2502: loss=4.370216
2026-10-03 19:52:24   step 900/2502: loss=5.551573
2026-10-03 19:52:53   step 1000/2502: loss=5.644853
2026-10-03 19:53:21   step 1100/2502: loss=4.975763
2026-10-03 19:53:51   step 1200/2502: loss=5.013485
2026-10-03 19:54:20   step 1300/2502: loss=5.449998
2026-10-03 19:54:49   step 1400/2502: loss=4.088398
2026-10-03 19:55:18   step 1500/2502: loss=5.603709
2026-10-03 19:55:47   step 1600/2502: loss=5.087880
2026-10-03 19:56:19   step 1700/2502: loss=4.696546
2026-10-03 19:56:48   step 1800/2502: loss=4.296927
2026-10-03 19:57:16   step 1900/2502: loss=5.302190
2026-10-03 19:57:45   step 2000/2502: loss=5.751563
2026-10-03 19:58:14   step 2100/2502: loss=4.944517
2026-10-03 19:58:43   step 2200/2502: loss=4.243733
2026-10-03 19:59:12   step 2300/2502: loss=5.483765
2026-10-03 19:59:43   step 2400/2502: loss=4.038392
2026-10-03 20:00:11   step 2500/2502: loss=3.869893
2026-10-03 20:00:17 [pjrt_ffi] RESIDENT: @vitin_emadp128x4wxclipdropeps0000001bf16_fwd holds 200 parameter tensors (21.8 MB) on 4 devices; they stop crossing PCIe from here
2026-10-03 20:00:56 Epoch 27/300: loss=4.982159 lr=0.000493
2026-10-03 20:00:56   epoch 27: test_acc = 24670/50000 = 49.340000%  top5 = 37053/50000 = 74.106000%  [95% CI 48.90–49.78]
2026-10-03 20:00:56   step 0/2502: loss=3.988332
2026-10-03 20:00:56   step 1/2502: loss=4.646546
2026-10-03 20:00:56   step 2/2502: loss=5.226462
2026-10-03 20:01:24   step 100/2502: loss=4.657621
2026-10-03 20:01:54   step 200/2502: loss=5.108100
2026-10-03 20:02:24   step 300/2502: loss=4.204875
2026-10-03 20:02:52   step 400/2502: loss=4.524876
2026-10-03 20:03:21   step 500/2502: loss=5.519470
2026-10-03 20:03:50   step 600/2502: loss=5.653747
2026-10-03 20:04:21   step 700/2502: loss=5.105529
2026-10-03 20:04:51   step 800/2502: loss=5.492977
2026-10-03 20:05:20   step 900/2502: loss=5.480186
2026-10-03 20:05:49   step 1000/2502: loss=5.473450
2026-10-03 20:06:18   step 1100/2502: loss=5.558200
2026-10-03 20:06:47   step 1200/2502: loss=5.173341
2026-10-03 20:07:17   step 1300/2502: loss=5.375892
2026-10-03 20:07:46   step 1400/2502: loss=4.244737
2026-10-03 20:08:15   step 1500/2502: loss=4.161229
2026-10-03 20:08:44   step 1600/2502: loss=5.571411
2026-10-03 20:09:13   step 1700/2502: loss=5.541399
2026-10-03 20:09:45   step 1800/2502: loss=4.037176
2026-10-03 20:10:14   step 1900/2502: loss=5.036493
2026-10-03 20:10:42   step 2000/2502: loss=4.940510
2026-10-03 20:11:11   step 2100/2502: loss=5.550931
2026-10-03 20:11:40   step 2200/2502: loss=5.588199
2026-10-03 20:12:09   step 2300/2502: loss=5.440417
2026-10-03 20:12:37   step 2400/2502: loss=4.508046
2026-10-03 20:13:06   step 2500/2502: loss=4.132031
2026-10-03 20:13:13 [pjrt_ffi] RESIDENT: @vitin_emadp128x4wxclipdropeps0000001bf16_fwd holds 200 parameter tensors (21.8 MB) on 4 devices; they stop crossing PCIe from here
2026-10-03 20:13:57 Epoch 28/300: loss=4.961657 lr=0.000493
2026-10-03 20:13:57   epoch 28: test_acc = 24915/50000 = 49.830000%  top5 = 37297/50000 = 74.594000%  [95% CI 49.39–50.27]
2026-10-03 20:13:57   step 0/2502: loss=4.206439
2026-10-03 20:13:58   step 1/2502: loss=5.738620
2026-10-03 20:13:58   step 2/2502: loss=3.940603
2026-10-03 20:14:27   step 100/2502: loss=4.702036
2026-10-03 20:14:55   step 200/2502: loss=5.120312
2026-10-03 20:15:25   step 300/2502: loss=4.591071
2026-10-03 20:15:53   step 400/2502: loss=5.420576
2026-10-03 20:16:22   step 500/2502: loss=5.463238
2026-10-03 20:16:51   step 600/2502: loss=4.490633
2026-10-03 20:17:21   step 700/2502: loss=4.110925
2026-10-03 20:17:53   step 800/2502: loss=4.633473
2026-10-03 20:18:22   step 900/2502: loss=3.673016
2026-10-03 20:18:52   step 1000/2502: loss=5.303915
2026-10-03 20:19:21   step 1100/2502: loss=5.349929
2026-10-03 20:19:50   step 1200/2502: loss=4.997195
2026-10-03 20:20:20   step 1300/2502: loss=5.636331
2026-10-03 20:20:50   step 1400/2502: loss=5.518164
2026-10-03 20:21:19   step 1500/2502: loss=5.609763
2026-10-03 20:21:47   step 1600/2502: loss=5.165112
2026-10-03 20:22:19   step 1700/2502: loss=3.927101
2026-10-03 20:22:48   step 1800/2502: loss=5.315278
2026-10-03 20:23:17   step 1900/2502: loss=4.421574
2026-10-03 20:23:46   step 2000/2502: loss=4.208281
2026-10-03 20:24:15   step 2100/2502: loss=5.621245
2026-10-03 20:24:43   step 2200/2502: loss=5.531690
2026-10-03 20:25:12   step 2300/2502: loss=4.529258
2026-10-03 20:25:41   step 2400/2502: loss=5.564579
2026-10-03 20:26:11   step 2500/2502: loss=5.820043
2026-10-03 20:26:18 [pjrt_ffi] RESIDENT: @vitin_emadp128x4wxclipdropeps0000001bf16_fwd holds 200 parameter tensors (21.8 MB) on 4 devices; they stop crossing PCIe from here
2026-10-03 20:26:55 Epoch 29/300: loss=4.967955 lr=0.000492
2026-10-03 20:26:55   epoch 29: test_acc = 25142/50000 = 50.284000%  top5 = 37519/50000 = 75.038000%  [95% CI 49.85–50.72]
2026-10-03 20:26:55   step 0/2502: loss=5.548511
2026-10-03 20:26:56   step 1/2502: loss=5.096944
2026-10-03 20:26:56   step 2/2502: loss=5.494053
2026-10-03 20:27:25   step 100/2502: loss=4.763195
2026-10-03 20:27:53   step 200/2502: loss=4.282538
2026-10-03 20:28:23   step 300/2502: loss=5.514073
2026-10-03 20:28:52   step 400/2502: loss=5.483058
2026-10-03 20:29:21   step 500/2502: loss=5.513465
2026-10-03 20:29:51   step 600/2502: loss=5.489708
2026-10-03 20:30:21   step 700/2502: loss=4.045657
2026-10-03 20:30:50   step 800/2502: loss=4.758113
2026-10-03 20:31:21   step 900/2502: loss=4.811041
2026-10-03 20:31:50   step 1000/2502: loss=5.391532
2026-10-03 20:32:20   step 1100/2502: loss=4.177721
2026-10-03 20:32:49   step 1200/2502: loss=4.947897
2026-10-03 20:33:20   step 1300/2502: loss=3.937993
2026-10-03 20:33:48   step 1400/2502: loss=4.990180
2026-10-03 20:34:18   step 1500/2502: loss=5.228133
2026-10-03 20:34:47   step 1600/2502: loss=5.120934
2026-10-03 20:35:16   step 1700/2502: loss=5.442152
2026-10-03 20:35:45   step 1800/2502: loss=4.904898
2026-10-03 20:36:14   step 1900/2502: loss=3.817248
2026-10-03 20:36:44   step 2000/2502: loss=5.446696
2026-10-03 20:37:13   step 2100/2502: loss=5.299903
2026-10-03 20:37:42   step 2200/2502: loss=5.330527
2026-10-03 20:38:11   step 2300/2502: loss=4.354676
2026-10-03 20:38:40   step 2400/2502: loss=4.977499
2026-10-03 20:39:08   step 2500/2502: loss=5.779125
2026-10-03 20:39:16 [pjrt_ffi] RESIDENT: @vitin_emadp128x4wxclipdropeps0000001bf16_fwd holds 200 parameter tensors (21.8 MB) on 4 devices; they stop crossing PCIe from here
2026-10-03 20:39:57 Epoch 30/300: loss=4.942689 lr=0.000491
2026-10-03 20:39:57   epoch 30: test_acc = 25404/50000 = 50.808000%  top5 = 37741/50000 = 75.482000%  [95% CI 50.37–51.25]
2026-10-03 20:40:01   ▸ shim respawn: producer 2 of 4 replaced after epoch 30 (generation 3, seed 15)
2026-10-03 20:40:01   step 0/2502: loss=4.440932
2026-10-03 20:40:01   step 1/2502: loss=4.494028
2026-10-03 20:40:04   step 2/2502: loss=4.263255
2026-10-03 20:40:33   step 100/2502: loss=4.968150
2026-10-03 20:41:02   step 200/2502: loss=3.856153
2026-10-03 20:41:31   step 300/2502: loss=3.659550
2026-10-03 20:42:00   step 400/2502: loss=4.502326
2026-10-03 20:42:28   step 500/2502: loss=5.180865
2026-10-03 20:42:57   step 600/2502: loss=5.588738
2026-10-03 20:43:26   step 700/2502: loss=4.574370
2026-10-03 20:43:58   step 800/2502: loss=4.023571
2026-10-03 20:44:27   step 900/2502: loss=5.445260
2026-10-03 20:44:58   step 1000/2502: loss=5.318052
2026-10-03 20:45:28   step 1100/2502: loss=4.739891
2026-10-03 20:45:57   step 1200/2502: loss=3.911532
2026-10-03 20:46:27   step 1300/2502: loss=4.287634
2026-10-03 20:46:56   step 1400/2502: loss=4.055154
2026-10-03 20:47:25   step 1500/2502: loss=5.242682
2026-10-03 20:47:54   step 1600/2502: loss=5.460023
2026-10-03 20:48:25   step 1700/2502: loss=4.602545
2026-10-03 20:48:55   step 1800/2502: loss=4.402476
2026-10-03 20:49:24   step 1900/2502: loss=4.186887
2026-10-03 20:49:52   step 2000/2502: loss=5.514729
2026-10-03 20:50:21   step 2100/2502: loss=5.129067
2026-10-03 20:50:50   step 2200/2502: loss=4.985969
2026-10-03 20:51:21   step 2300/2502: loss=5.453074
2026-10-03 20:51:50   step 2400/2502: loss=3.936783
2026-10-03 20:52:18   step 2500/2502: loss=4.775617
2026-10-03 20:52:26 [pjrt_ffi] RESIDENT: @vitin_emadp128x4wxclipdropeps0000001bf16_fwd holds 200 parameter tensors (21.8 MB) on 4 devices; they stop crossing PCIe from here
2026-10-03 20:53:02 Epoch 31/300: loss=4.900100 lr=0.000491
2026-10-03 20:53:03   epoch 31: test_acc = 25624/50000 = 51.248000%  top5 = 37965/50000 = 75.930000%  [95% CI 50.81–51.69]
2026-10-03 20:53:03   step 0/2502: loss=5.400917
2026-10-03 20:53:03   step 1/2502: loss=4.768401
2026-10-03 20:53:03   step 2/2502: loss=4.554184
2026-10-03 20:53:32   step 100/2502: loss=4.539758
2026-10-03 20:54:01   step 200/2502: loss=5.235049
2026-10-03 20:54:30   step 300/2502: loss=3.834807
2026-10-03 20:54:59   step 400/2502: loss=5.153589
2026-10-03 20:55:28   step 500/2502: loss=4.789634
2026-10-03 20:55:57   step 600/2502: loss=4.977488
2026-10-03 20:56:29   step 700/2502: loss=5.653852
2026-10-03 20:56:58   step 800/2502: loss=4.698859
2026-10-03 20:57:28   step 900/2502: loss=5.562754
2026-10-03 20:57:59   step 1000/2502: loss=5.358872
2026-10-03 20:58:28   step 1100/2502: loss=4.589879
2026-10-03 20:58:57   step 1200/2502: loss=5.015110
2026-10-03 20:59:29   step 1300/2502: loss=5.287426
2026-10-03 20:59:58   step 1400/2502: loss=5.296498
2026-10-03 21:00:27   step 1500/2502: loss=5.605090
2026-10-03 21:00:56   step 1600/2502: loss=5.506265
2026-10-03 21:01:25   step 1700/2502: loss=5.621094
2026-10-03 21:01:56   step 1800/2502: loss=5.447071
2026-10-03 21:02:25   step 1900/2502: loss=5.144994
2026-10-03 21:02:54   step 2000/2502: loss=5.326090
2026-10-03 21:03:23   step 2100/2502: loss=3.881521
2026-10-03 21:03:52   step 2200/2502: loss=4.852561
2026-10-03 21:04:22   step 2300/2502: loss=4.929379
2026-10-03 21:04:52   step 2400/2502: loss=5.030434
2026-10-03 21:05:21   step 2500/2502: loss=4.188352
2026-10-03 21:05:27 [pjrt_ffi] RESIDENT: @vitin_emadp128x4wxclipdropeps0000001bf16_fwd holds 200 parameter tensors (21.8 MB) on 4 devices; they stop crossing PCIe from here
2026-10-03 21:06:05 Epoch 32/300: loss=4.915997 lr=0.000490
2026-10-03 21:06:05   epoch 32: test_acc = 25813/50000 = 51.626000%  top5 = 38182/50000 = 76.364000%  [95% CI 51.19–52.06]
2026-10-03 21:06:05   step 0/2502: loss=5.200920
2026-10-03 21:06:06   step 1/2502: loss=5.045794
2026-10-03 21:06:06   step 2/2502: loss=5.403307
2026-10-03 21:06:35   step 100/2502: loss=3.981363
2026-10-03 21:07:03   step 200/2502: loss=5.019884
2026-10-03 21:07:32   step 300/2502: loss=5.144846
2026-10-03 21:08:01   step 400/2502: loss=5.425664
2026-10-03 21:08:30   step 500/2502: loss=4.927431
2026-10-03 21:09:02   step 600/2502: loss=4.436745
2026-10-03 21:09:32   step 700/2502: loss=5.161708
2026-10-03 21:10:01   step 800/2502: loss=5.241679
2026-10-03 21:10:32   step 900/2502: loss=4.939459
2026-10-03 21:11:01   step 1000/2502: loss=4.714149
2026-10-03 21:11:31   step 1100/2502: loss=4.439415
2026-10-03 21:11:59   step 1200/2502: loss=5.350474
2026-10-03 21:12:29   step 1300/2502: loss=4.820695
2026-10-03 21:12:58   step 1400/2502: loss=5.391408
2026-10-03 21:13:30   step 1500/2502: loss=3.753409
2026-10-03 21:13:59   step 1600/2502: loss=5.246029
2026-10-03 21:14:28   step 1700/2502: loss=5.115357
2026-10-03 21:14:59   step 1800/2502: loss=5.284760
2026-10-03 21:15:28   step 1900/2502: loss=5.506855
2026-10-03 21:15:57   step 2000/2502: loss=4.598957
2026-10-03 21:16:26   step 2100/2502: loss=3.576877
2026-10-03 21:16:54   step 2200/2502: loss=5.095612
2026-10-03 21:17:23   step 2300/2502: loss=4.074308
2026-10-03 21:17:52   step 2400/2502: loss=5.400448
2026-10-03 21:18:21   step 2500/2502: loss=4.395716
2026-10-03 21:18:28 [pjrt_ffi] RESIDENT: @vitin_emadp128x4wxclipdropeps0000001bf16_fwd holds 200 parameter tensors (21.8 MB) on 4 devices; they stop crossing PCIe from here
2026-10-03 21:19:16 Epoch 33/300: loss=4.888957 lr=0.000489
2026-10-03 21:19:16   epoch 33: test_acc = 26044/50000 = 52.088000%  top5 = 38369/50000 = 76.738000%  [95% CI 51.65–52.53]
2026-10-03 21:19:16   step 0/2502: loss=5.614807
2026-10-03 21:19:16   step 1/2502: loss=5.347492
2026-10-03 21:19:16   step 2/2502: loss=5.437316
2026-10-03 21:19:45   step 100/2502: loss=4.741395
2026-10-03 21:20:14   step 200/2502: loss=5.641772
2026-10-03 21:20:44   step 300/2502: loss=5.258129
2026-10-03 21:21:12   step 400/2502: loss=4.314855
2026-10-03 21:21:41   step 500/2502: loss=5.271180
2026-10-03 21:22:10   step 600/2502: loss=3.882599
2026-10-03 21:22:39   step 700/2502: loss=5.384970
2026-10-03 21:23:09   step 800/2502: loss=5.311354
2026-10-03 21:23:39   step 900/2502: loss=3.833148
2026-10-03 21:24:10   step 1000/2502: loss=5.794064
2026-10-03 21:24:39   step 1100/2502: loss=4.853404
2026-10-03 21:25:08   step 1200/2502: loss=3.565626
2026-10-03 21:25:38   step 1300/2502: loss=4.709107
2026-10-03 21:26:08   step 1400/2502: loss=5.369720
2026-10-03 21:26:37   step 1500/2502: loss=5.412951
2026-10-03 21:27:06   step 1600/2502: loss=4.856225
2026-10-03 21:27:36   step 1700/2502: loss=5.320189
2026-10-03 21:28:05   step 1800/2502: loss=5.114582
2026-10-03 21:28:35   step 1900/2502: loss=5.071355
2026-10-03 21:29:04   step 2000/2502: loss=4.029048
2026-10-03 21:29:33   step 2100/2502: loss=5.068725
2026-10-03 21:30:03   step 2200/2502: loss=4.999621
2026-10-03 21:30:33   step 2300/2502: loss=3.548015
2026-10-03 21:31:02   step 2400/2502: loss=5.394194
2026-10-03 21:31:31   step 2500/2502: loss=4.112369
2026-10-03 21:31:38 [pjrt_ffi] RESIDENT: @vitin_emadp128x4wxclipdropeps0000001bf16_fwd holds 200 parameter tensors (21.8 MB) on 4 devices; they stop crossing PCIe from here
2026-10-03 21:32:21 Epoch 34/300: loss=4.868396 lr=0.000488
2026-10-03 21:32:21   epoch 34: test_acc = 26256/50000 = 52.512000%  top5 = 38548/50000 = 77.096000%  [95% CI 52.07–52.95]
2026-10-03 21:32:21   step 0/2502: loss=4.195754
2026-10-03 21:32:21   step 1/2502: loss=5.391353
2026-10-03 21:32:21   step 2/2502: loss=4.634562
2026-10-03 21:32:50   step 100/2502: loss=5.303263
2026-10-03 21:33:19   step 200/2502: loss=3.976052
2026-10-03 21:33:48   step 300/2502: loss=5.308780
2026-10-03 21:34:17   step 400/2502: loss=5.390090
2026-10-03 21:34:46   step 500/2502: loss=5.109041
2026-10-03 21:35:15   step 600/2502: loss=3.581603
2026-10-03 21:35:45   step 700/2502: loss=4.187997
2026-10-03 21:36:14   step 800/2502: loss=3.395702
2026-10-03 21:36:44   step 900/2502: loss=4.209534
2026-10-03 21:37:14   step 1000/2502: loss=4.226680
2026-10-03 21:37:43   step 1100/2502: loss=5.249473
2026-10-03 21:38:12   step 1200/2502: loss=5.460807
2026-10-03 21:38:44   step 1300/2502: loss=4.306043
2026-10-03 21:39:13   step 1400/2502: loss=4.348295
2026-10-03 21:39:42   step 1500/2502: loss=5.431177
2026-10-03 21:40:12   step 1600/2502: loss=5.121714
2026-10-03 21:40:41   step 1700/2502: loss=5.363550
2026-10-03 21:41:11   step 1800/2502: loss=5.269316
2026-10-03 21:41:40   step 1900/2502: loss=5.074092
2026-10-03 21:42:08   step 2000/2502: loss=4.464965
2026-10-03 21:42:37   step 2100/2502: loss=4.925582
2026-10-03 21:43:06   step 2200/2502: loss=5.682459
2026-10-03 21:43:37   step 2300/2502: loss=4.680892
2026-10-03 21:44:06   step 2400/2502: loss=3.880849
2026-10-03 21:44:35   step 2500/2502: loss=5.236761
2026-10-03 21:44:42 [pjrt_ffi] RESIDENT: @vitin_emadp128x4wxclipdropeps0000001bf16_fwd holds 200 parameter tensors (21.8 MB) on 4 devices; they stop crossing PCIe from here
2026-10-03 21:45:18 Epoch 35/300: loss=4.865842 lr=0.000488
2026-10-03 21:45:18   epoch 35: test_acc = 26476/50000 = 52.952000%  top5 = 38704/50000 = 77.408000%  [95% CI 52.51–53.39]
2026-10-03 21:45:18   step 0/2502: loss=5.219485
2026-10-03 21:45:18   step 1/2502: loss=4.573235
2026-10-03 21:45:18   step 2/2502: loss=5.414268
2026-10-03 21:45:48   step 100/2502: loss=5.417089
2026-10-03 21:46:16   step 200/2502: loss=5.418896
2026-10-03 21:46:45   step 300/2502: loss=4.063459
2026-10-03 21:47:14   step 400/2502: loss=5.306158
2026-10-03 21:47:42   step 500/2502: loss=4.575227
2026-10-03 21:48:15   step 600/2502: loss=4.078444
2026-10-03 21:48:43   step 700/2502: loss=5.534739
2026-10-03 21:49:15   step 800/2502: loss=5.184789
2026-10-03 21:49:44   step 900/2502: loss=5.394135
2026-10-03 21:50:13   step 1000/2502: loss=5.100153
2026-10-03 21:50:45   step 1100/2502: loss=3.546190
2026-10-03 21:51:14   step 1200/2502: loss=5.026218
2026-10-03 21:51:43   step 1300/2502: loss=4.110728
2026-10-03 21:52:13   step 1400/2502: loss=5.329701
2026-10-03 21:52:42   step 1500/2502: loss=5.365218
2026-10-03 21:53:11   step 1600/2502: loss=5.374006
2026-10-03 21:53:40   step 1700/2502: loss=4.646008
2026-10-03 21:54:09   step 1800/2502: loss=4.243478
2026-10-03 21:54:39   step 1900/2502: loss=5.397495
2026-10-03 21:55:09   step 2000/2502: loss=5.240016
2026-10-03 21:55:37   step 2100/2502: loss=5.429744
2026-10-03 21:56:06   step 2200/2502: loss=5.231578
2026-10-03 21:56:35   step 2300/2502: loss=4.083138
2026-10-03 21:57:04   step 2400/2502: loss=5.140320
2026-10-03 21:57:33   step 2500/2502: loss=4.447027
2026-10-03 21:57:41 [pjrt_ffi] RESIDENT: @vitin_emadp128x4wxclipdropeps0000001bf16_fwd holds 200 parameter tensors (21.8 MB) on 4 devices; they stop crossing PCIe from here
2026-10-03 21:58:24 Epoch 36/300: loss=4.845426 lr=0.000487
2026-10-03 21:58:24   epoch 36: test_acc = 26693/50000 = 53.386000%  top5 = 38854/50000 = 77.708000%  [95% CI 52.95–53.82]
2026-10-03 21:58:24   step 0/2502: loss=5.214588
2026-10-03 21:58:24   step 1/2502: loss=4.640173
2026-10-03 21:58:24   step 2/2502: loss=5.338118
2026-10-03 21:58:53   step 100/2502: loss=4.319373
2026-10-03 21:59:22   step 200/2502: loss=5.190326
2026-10-03 21:59:51   step 300/2502: loss=4.504408
2026-10-03 22:00:21   step 400/2502: loss=4.947451
2026-10-03 22:00:49   step 500/2502: loss=4.763597
2026-10-03 22:01:18   step 600/2502: loss=5.181995
2026-10-03 22:01:49   step 700/2502: loss=5.563887
2026-10-03 22:02:18   step 800/2502: loss=5.313855
2026-10-03 22:02:47   step 900/2502: loss=4.429297
2026-10-03 22:03:16   step 1000/2502: loss=5.252034
2026-10-03 22:03:46   step 1100/2502: loss=3.396986
2026-10-03 22:04:17   step 1200/2502: loss=4.237991
2026-10-03 22:04:46   step 1300/2502: loss=5.007230
2026-10-03 22:05:15   step 1400/2502: loss=4.656667
2026-10-03 22:05:45   step 1500/2502: loss=3.894322
2026-10-03 22:06:13   step 1600/2502: loss=5.052043
2026-10-03 22:06:42   step 1700/2502: loss=5.012967
2026-10-03 22:07:12   step 1800/2502: loss=4.854239
2026-10-03 22:07:41   step 1900/2502: loss=5.024526
2026-10-03 22:08:10   step 2000/2502: loss=5.244459
2026-10-03 22:08:39   step 2100/2502: loss=4.002884
2026-10-03 22:09:08   step 2200/2502: loss=4.643888
2026-10-03 22:09:38   step 2300/2502: loss=3.698330
2026-10-03 22:10:07   step 2400/2502: loss=4.992572
2026-10-03 22:10:36   step 2500/2502: loss=4.058182
2026-10-03 22:10:43 [pjrt_ffi] RESIDENT: @vitin_emadp128x4wxclipdropeps0000001bf16_fwd holds 200 parameter tensors (21.8 MB) on 4 devices; they stop crossing PCIe from here
2026-10-03 22:11:23 Epoch 37/300: loss=4.832863 lr=0.000486
2026-10-03 22:11:23   epoch 37: test_acc = 26878/50000 = 53.756000%  top5 = 39015/50000 = 78.030000%  [95% CI 53.32–54.19]
2026-10-03 22:11:23   step 0/2502: loss=5.386794
2026-10-03 22:11:23   step 1/2502: loss=4.671956
2026-10-03 22:11:24   step 2/2502: loss=5.165753
2026-10-03 22:11:53   step 100/2502: loss=3.983426
2026-10-03 22:12:23   step 200/2502: loss=5.111085
2026-10-03 22:12:51   step 300/2502: loss=5.236049
2026-10-03 22:13:20   step 400/2502: loss=5.006586
2026-10-03 22:13:49   step 500/2502: loss=4.656290
2026-10-03 22:14:18   step 600/2502: loss=3.533869
2026-10-03 22:14:48   step 700/2502: loss=4.101386
2026-10-03 22:15:19   step 800/2502: loss=5.428747
2026-10-03 22:15:50   step 900/2502: loss=5.126359
2026-10-03 22:16:18   step 1000/2502: loss=4.090710
2026-10-03 22:16:48   step 1100/2502: loss=4.704837
2026-10-03 22:17:18   step 1200/2502: loss=5.607811
2026-10-03 22:17:47   step 1300/2502: loss=4.496957
2026-10-03 22:18:16   step 1400/2502: loss=4.899645
2026-10-03 22:18:46   step 1500/2502: loss=5.292681
2026-10-03 22:19:15   step 1600/2502: loss=4.389566
2026-10-03 22:19:44   step 1700/2502: loss=4.443189
2026-10-03 22:20:15   step 1800/2502: loss=4.926149
2026-10-03 22:20:44   step 1900/2502: loss=5.149541
2026-10-03 22:21:13   step 2000/2502: loss=4.385293
2026-10-03 22:21:42   step 2100/2502: loss=4.619792
2026-10-03 22:22:11   step 2200/2502: loss=3.424509
2026-10-03 22:22:40   step 2300/2502: loss=5.143482
2026-10-03 22:23:09   step 2400/2502: loss=4.261317
2026-10-03 22:23:40   step 2500/2502: loss=4.988226
2026-10-03 22:23:46 [pjrt_ffi] RESIDENT: @vitin_emadp128x4wxclipdropeps0000001bf16_fwd holds 200 parameter tensors (21.8 MB) on 4 devices; they stop crossing PCIe from here
2026-10-03 22:24:21 Epoch 38/300: loss=4.806479 lr=0.000485
2026-10-03 22:24:21   epoch 38: test_acc = 27075/50000 = 54.150000%  top5 = 39130/50000 = 78.260000%  [95% CI 53.71–54.59]
2026-10-03 22:24:21   step 0/2502: loss=5.393998
2026-10-03 22:24:21   step 1/2502: loss=5.510908
2026-10-03 22:24:21   step 2/2502: loss=5.311024
2026-10-03 22:24:50   step 100/2502: loss=5.012505
2026-10-03 22:25:19   step 200/2502: loss=3.977843
2026-10-03 22:25:49   step 300/2502: loss=4.141732
2026-10-03 22:26:17   step 400/2502: loss=5.238864
2026-10-03 22:26:47   step 500/2502: loss=4.838212
2026-10-03 22:27:18   step 600/2502: loss=4.338420
2026-10-03 22:27:47   step 700/2502: loss=5.218292
2026-10-03 22:28:17   step 800/2502: loss=5.257932
2026-10-03 22:28:47   step 900/2502: loss=3.951185
2026-10-03 22:29:16   step 1000/2502: loss=5.448764
2026-10-03 22:29:45   step 1100/2502: loss=4.659403
2026-10-03 22:30:15   step 1200/2502: loss=5.607240
2026-10-03 22:30:44   step 1300/2502: loss=4.671455
2026-10-03 22:31:13   step 1400/2502: loss=5.335736
2026-10-03 22:31:43   step 1500/2502: loss=5.254056
2026-10-03 22:32:12   step 1600/2502: loss=5.156508
2026-10-03 22:32:41   step 1700/2502: loss=4.884957
2026-10-03 22:33:12   step 1800/2502: loss=3.935612
2026-10-03 22:33:40   step 1900/2502: loss=5.444476
2026-10-03 22:34:09   step 2000/2502: loss=5.514971
2026-10-03 22:34:38   step 2100/2502: loss=5.269107
2026-10-03 22:35:07   step 2200/2502: loss=5.307187
2026-10-03 22:35:37   step 2300/2502: loss=4.908538
2026-10-03 22:36:06   step 2400/2502: loss=5.574962
2026-10-03 22:36:35   step 2500/2502: loss=5.382188
2026-10-03 22:36:44 [pjrt_ffi] RESIDENT: @vitin_emadp128x4wxclipdropeps0000001bf16_fwd holds 200 parameter tensors (21.8 MB) on 4 devices; they stop crossing PCIe from here
2026-10-03 22:37:25 Epoch 39/300: loss=4.811434 lr=0.000484
2026-10-03 22:37:25   epoch 39: test_acc = 27196/50000 = 54.392000%  top5 = 39263/50000 = 78.526000%  [95% CI 53.96–54.83]
2026-10-03 22:37:25   step 0/2502: loss=3.702732
2026-10-03 22:37:25   step 1/2502: loss=3.781748
2026-10-03 22:37:25   step 2/2502: loss=5.464623
2026-10-03 22:37:54   step 100/2502: loss=5.649116
2026-10-03 22:38:24   step 200/2502: loss=5.378265
2026-10-03 22:38:53   step 300/2502: loss=5.674518
2026-10-03 22:39:22   step 400/2502: loss=5.361564
2026-10-03 22:39:51   step 500/2502: loss=3.982806
2026-10-03 22:40:20   step 600/2502: loss=4.638911
2026-10-03 22:40:50   step 700/2502: loss=3.658570
2026-10-03 22:41:21   step 800/2502: loss=5.201948
2026-10-03 22:41:50   step 900/2502: loss=5.307395
2026-10-03 22:42:20   step 1000/2502: loss=4.453316
2026-10-03 22:42:49   step 1100/2502: loss=5.449899
2026-10-03 22:43:19   step 1200/2502: loss=5.214889
2026-10-03 22:43:51   step 1300/2502: loss=4.028814
2026-10-03 22:44:20   step 1400/2502: loss=4.970855
2026-10-03 22:44:49   step 1500/2502: loss=4.746993
2026-10-03 22:45:18   step 1600/2502: loss=5.053693
2026-10-03 22:45:47   step 1700/2502: loss=5.303774
2026-10-03 22:46:16   step 1800/2502: loss=5.329515
2026-10-03 22:46:47   step 1900/2502: loss=5.404836
2026-10-03 22:47:16   step 2000/2502: loss=5.004982
2026-10-03 22:47:45   step 2100/2502: loss=5.571731
2026-10-03 22:48:14   step 2200/2502: loss=4.947951
2026-10-03 22:48:43   step 2300/2502: loss=4.652539
2026-10-03 22:49:12   step 2400/2502: loss=5.205164
2026-10-03 22:49:41   step 2500/2502: loss=4.176694
2026-10-03 22:49:49 [pjrt_ffi] RESIDENT: @vitin_emadp128x4wxclipdropeps0000001bf16_fwd holds 200 parameter tensors (21.8 MB) on 4 devices; they stop crossing PCIe from here
2026-10-03 22:50:32 Epoch 40/300: loss=4.791379 lr=0.000483
2026-10-03 22:50:32   epoch 40: test_acc = 27359/50000 = 54.718000%  top5 = 39395/50000 = 78.790000%  [95% CI 54.28–55.15]
2026-10-03 22:50:36   ▸ shim respawn: producer 3 of 4 replaced after epoch 40 (generation 4, seed 20)
2026-10-03 22:50:36   step 0/2502: loss=5.198190
2026-10-03 22:50:36   step 1/2502: loss=4.826950
2026-10-03 22:50:36   step 2/2502: loss=5.159984
2026-10-03 22:51:08   step 100/2502: loss=4.308139
2026-10-03 22:51:37   step 200/2502: loss=5.157510
2026-10-03 22:52:06   step 300/2502: loss=5.170912
2026-10-03 22:52:35   step 400/2502: loss=4.904358
2026-10-03 22:53:03   step 500/2502: loss=5.423920
2026-10-03 22:53:32   step 600/2502: loss=5.408598
2026-10-03 22:54:00   step 700/2502: loss=3.875433
2026-10-03 22:54:30   step 800/2502: loss=5.174637
2026-10-03 22:54:59   step 900/2502: loss=5.065903
2026-10-03 22:55:30   step 1000/2502: loss=5.361061
2026-10-03 22:56:00   step 1100/2502: loss=5.437222
2026-10-03 22:56:29   step 1200/2502: loss=5.182246
2026-10-03 22:56:58   step 1300/2502: loss=4.701780
2026-10-03 22:57:27   step 1400/2502: loss=4.935317
2026-10-03 22:57:57   step 1500/2502: loss=4.153040
2026-10-03 22:58:25   step 1600/2502: loss=4.388925
2026-10-03 22:58:55   step 1700/2502: loss=4.801246
2026-10-03 22:59:25   step 1800/2502: loss=4.812438
2026-10-03 22:59:53   step 1900/2502: loss=5.199525
2026-10-03 23:00:23   step 2000/2502: loss=5.273036
2026-10-03 23:00:51   step 2100/2502: loss=4.507324
2026-10-03 23:01:19   step 2200/2502: loss=3.838724
2026-10-03 23:01:48   step 2300/2502: loss=4.994840
2026-10-03 23:02:16   step 2400/2502: loss=4.659881
2026-10-03 23:02:47   step 2500/2502: loss=5.127015
2026-10-03 23:02:54 [pjrt_ffi] RESIDENT: @vitin_emadp128x4wxclipdropeps0000001bf16_fwd holds 200 parameter tensors (21.8 MB) on 4 devices; they stop crossing PCIe from here
2026-10-03 23:03:28 Epoch 41/300: loss=4.783140 lr=0.000482
2026-10-03 23:03:28   epoch 41: test_acc = 27534/50000 = 55.068000%  top5 = 39550/50000 = 79.100000%  [95% CI 54.63–55.50]
2026-10-03 23:03:29   step 0/2502: loss=4.895137
2026-10-03 23:03:29   step 1/2502: loss=5.295270
2026-10-03 23:03:29   step 2/2502: loss=5.400212
2026-10-03 23:03:57   step 100/2502: loss=5.231509
2026-10-03 23:04:26   step 200/2502: loss=5.116637
2026-10-03 23:04:54   step 300/2502: loss=5.039399
2026-10-03 23:05:23   step 400/2502: loss=5.348651
2026-10-03 23:05:54   step 500/2502: loss=4.651697
2026-10-03 23:06:23   step 600/2502: loss=5.086083
2026-10-03 23:06:53   step 700/2502: loss=5.263399
2026-10-03 23:07:23   step 800/2502: loss=4.571430
2026-10-03 23:07:52   step 900/2502: loss=4.066402
2026-10-03 23:08:22   step 1000/2502: loss=4.064182
2026-10-03 23:08:51   step 1100/2502: loss=4.132998
2026-10-03 23:09:21   step 1200/2502: loss=5.502816
2026-10-03 23:09:51   step 1300/2502: loss=5.272047
2026-10-03 23:10:20   step 1400/2502: loss=5.221933
2026-10-03 23:10:49   step 1500/2502: loss=4.957352
2026-10-03 23:11:17   step 1600/2502: loss=3.679926
2026-10-03 23:11:47   step 1700/2502: loss=4.548144
2026-10-03 23:12:18   step 1800/2502: loss=5.536310
2026-10-03 23:12:47   step 1900/2502: loss=4.142979
2026-10-03 23:13:15   step 2000/2502: loss=4.407879
2026-10-03 23:13:44   step 2100/2502: loss=5.020871
2026-10-03 23:14:13   step 2200/2502: loss=5.400204
2026-10-03 23:14:42   step 2300/2502: loss=5.039895
2026-10-03 23:15:11   step 2400/2502: loss=5.528036
2026-10-03 23:15:40   step 2500/2502: loss=3.635440
2026-10-03 23:15:49 [pjrt_ffi] RESIDENT: @vitin_emadp128x4wxclipdropeps0000001bf16_fwd holds 200 parameter tensors (21.8 MB) on 4 devices; they stop crossing PCIe from here
2026-10-03 23:16:32 Epoch 42/300: loss=4.757143 lr=0.000481
2026-10-03 23:16:32   epoch 42: test_acc = 27629/50000 = 55.258000%  top5 = 39663/50000 = 79.326000%  [95% CI 54.82–55.69]
2026-10-03 23:16:33   step 0/2502: loss=4.980324
2026-10-03 23:16:33   step 1/2502: loss=4.397289
2026-10-03 23:16:33   step 2/2502: loss=5.105717
2026-10-03 23:17:02   step 100/2502: loss=5.095686
2026-10-03 23:17:30   step 200/2502: loss=5.126908
2026-10-03 23:17:59   step 300/2502: loss=5.067814
2026-10-03 23:18:28   step 400/2502: loss=3.500294
2026-10-03 23:18:56   step 500/2502: loss=4.954792
2026-10-03 23:19:25   step 600/2502: loss=3.855078
2026-10-03 23:19:54   step 700/2502: loss=5.172438
2026-10-03 23:20:24   step 800/2502: loss=4.577709
2026-10-03 23:20:54   step 900/2502: loss=4.915825
2026-10-03 23:21:24   step 1000/2502: loss=3.912471
2026-10-03 23:21:53   step 1100/2502: loss=4.779683
2026-10-03 23:22:23   step 1200/2502: loss=5.100981
2026-10-03 23:22:53   step 1300/2502: loss=5.321452
2026-10-03 23:23:21   step 1400/2502: loss=4.922679
2026-10-03 23:23:50   step 1500/2502: loss=5.224538
2026-10-03 23:24:19   step 1600/2502: loss=5.261821
2026-10-03 23:24:49   step 1700/2502: loss=5.269521
2026-10-03 23:25:17   step 1800/2502: loss=5.542219
2026-10-03 23:25:46   step 1900/2502: loss=5.004663
2026-10-03 23:26:17   step 2000/2502: loss=3.489336
2026-10-03 23:26:45   step 2100/2502: loss=5.172488
2026-10-03 23:27:14   step 2200/2502: loss=3.588706
2026-10-03 23:27:43   step 2300/2502: loss=4.638592
2026-10-03 23:28:11   step 2400/2502: loss=4.136885
2026-10-03 23:28:41   step 2500/2502: loss=4.841874
2026-10-03 23:28:49 [pjrt_ffi] RESIDENT: @vitin_emadp128x4wxclipdropeps0000001bf16_fwd holds 200 parameter tensors (21.8 MB) on 4 devices; they stop crossing PCIe from here
2026-10-03 23:29:26 Epoch 43/300: loss=4.785109 lr=0.000480
2026-10-03 23:29:26   epoch 43: test_acc = 27744/50000 = 55.488000%  top5 = 39766/50000 = 79.532000%  [95% CI 55.05–55.92]
2026-10-03 23:29:26   step 0/2502: loss=4.420578
2026-10-03 23:29:26   step 1/2502: loss=4.664925
2026-10-03 23:29:26   step 2/2502: loss=5.581005
2026-10-03 23:29:54   step 100/2502: loss=3.854260
2026-10-03 23:30:23   step 200/2502: loss=4.225739
2026-10-03 23:30:52   step 300/2502: loss=3.783066
2026-10-03 23:31:21   step 400/2502: loss=4.910040
2026-10-03 23:31:50   step 500/2502: loss=4.882771
2026-10-03 23:32:20   step 600/2502: loss=5.187487
2026-10-03 23:32:50   step 700/2502: loss=3.807073
2026-10-03 23:33:19   step 800/2502: loss=3.971418
2026-10-03 23:33:50   step 900/2502: loss=5.254117
2026-10-03 23:34:19   step 1000/2502: loss=4.967605
2026-10-03 23:34:48   step 1100/2502: loss=5.344518
2026-10-03 23:35:18   step 1200/2502: loss=5.379707
2026-10-03 23:35:48   step 1300/2502: loss=4.123978
2026-10-03 23:36:16   step 1400/2502: loss=5.226760
2026-10-03 23:36:46   step 1500/2502: loss=4.783037
2026-10-03 23:37:15   step 1600/2502: loss=4.513086
2026-10-03 23:37:44   step 1700/2502: loss=3.775417
2026-10-03 23:38:13   step 1800/2502: loss=4.649052
2026-10-03 23:38:42   step 1900/2502: loss=4.399694
2026-10-03 23:39:11   step 2000/2502: loss=5.085630
2026-10-03 23:39:39   step 2100/2502: loss=4.837469
2026-10-03 23:40:08   step 2200/2502: loss=4.985961
2026-10-03 23:40:37   step 2300/2502: loss=4.760287
2026-10-03 23:41:08   step 2400/2502: loss=5.234097
2026-10-03 23:41:37   step 2500/2502: loss=4.187507
2026-10-03 23:41:44 [pjrt_ffi] RESIDENT: @vitin_emadp128x4wxclipdropeps0000001bf16_fwd holds 200 parameter tensors (21.8 MB) on 4 devices; they stop crossing PCIe from here
2026-10-03 23:42:24 Epoch 44/300: loss=4.739876 lr=0.000479
2026-10-03 23:42:24   epoch 44: test_acc = 27911/50000 = 55.822000%  top5 = 39864/50000 = 79.728000%  [95% CI 55.39–56.26]
2026-10-03 23:42:24   step 0/2502: loss=4.312297
2026-10-03 23:42:24   step 1/2502: loss=5.151258
2026-10-03 23:42:24   step 2/2502: loss=5.057035
2026-10-03 23:42:52   step 100/2502: loss=5.359797
2026-10-03 23:43:21   step 200/2502: loss=5.052479
2026-10-03 23:43:50   step 300/2502: loss=5.442826
2026-10-03 23:44:18   step 400/2502: loss=4.774252
2026-10-03 23:44:47   step 500/2502: loss=4.808659
2026-10-03 23:45:16   step 600/2502: loss=4.603365
2026-10-03 23:45:46   step 700/2502: loss=4.555390
2026-10-03 23:46:16   step 800/2502: loss=4.683785
2026-10-03 23:46:45   step 900/2502: loss=4.196345
2026-10-03 23:47:16   step 1000/2502: loss=4.852723
2026-10-03 23:47:45   step 1100/2502: loss=4.015319
2026-10-03 23:48:14   step 1200/2502: loss=3.820786
2026-10-03 23:48:44   step 1300/2502: loss=4.232248
2026-10-03 23:49:13   step 1400/2502: loss=5.019432
2026-10-03 23:49:42   step 1500/2502: loss=3.708144
2026-10-03 23:50:12   step 1600/2502: loss=5.160880
2026-10-03 23:50:42   step 1700/2502: loss=5.026568
2026-10-03 23:51:11   step 1800/2502: loss=3.650509
2026-10-03 23:51:39   step 1900/2502: loss=5.482273
2026-10-03 23:52:08   step 2000/2502: loss=5.383893
2026-10-03 23:52:39   step 2100/2502: loss=3.395084
2026-10-03 23:53:07   step 2200/2502: loss=4.589706
2026-10-03 23:53:36   step 2300/2502: loss=3.557709
2026-10-03 23:54:05   step 2400/2502: loss=4.426004
2026-10-03 23:54:34   step 2500/2502: loss=4.494108
2026-10-03 23:54:41 [pjrt_ffi] RESIDENT: @vitin_emadp128x4wxclipdropeps0000001bf16_fwd holds 200 parameter tensors (21.8 MB) on 4 devices; they stop crossing PCIe from here
2026-10-03 23:55:20 Epoch 45/300: loss=4.727215 lr=0.000478
2026-10-03 23:55:20   epoch 45: test_acc = 28036/50000 = 56.072000%  top5 = 39991/50000 = 79.982000%  [95% CI 55.64–56.51]
2026-10-03 23:55:20   step 0/2502: loss=5.513903
2026-10-03 23:55:20   step 1/2502: loss=4.708502
2026-10-03 23:55:21   step 2/2502: loss=5.220498
2026-10-03 23:55:49   step 100/2502: loss=5.128059
2026-10-03 23:56:17   step 200/2502: loss=4.715727
2026-10-03 23:56:46   step 300/2502: loss=5.055889
2026-10-03 23:57:14   step 400/2502: loss=3.789518
2026-10-03 23:57:43   step 500/2502: loss=4.469297
2026-10-03 23:58:13   step 600/2502: loss=5.521770
2026-10-03 23:58:45   step 700/2502: loss=3.908000
2026-10-03 23:59:14   step 800/2502: loss=4.246808
2026-10-03 23:59:43   step 900/2502: loss=4.962469
2026-10-04 00:00:13   step 1000/2502: loss=3.797057
2026-10-04 00:00:42   step 1100/2502: loss=4.919734
2026-10-04 00:01:11   step 1200/2502: loss=4.732749
2026-10-04 00:01:41   step 1300/2502: loss=4.804967
2026-10-04 00:02:10   step 1400/2502: loss=5.077938
2026-10-04 00:02:39   step 1500/2502: loss=4.588314
2026-10-04 00:03:07   step 1600/2502: loss=4.062893
2026-10-04 00:03:35   step 1700/2502: loss=5.062579
2026-10-04 00:04:07   step 1800/2502: loss=4.755879
2026-10-04 00:04:36   step 1900/2502: loss=4.934113
2026-10-04 00:05:04   step 2000/2502: loss=4.411440
2026-10-04 00:05:33   step 2100/2502: loss=4.707259
2026-10-04 00:06:02   step 2200/2502: loss=3.913332
2026-10-04 00:06:31   step 2300/2502: loss=5.092546
2026-10-04 00:07:01   step 2400/2502: loss=4.749008
2026-10-04 00:07:29   step 2500/2502: loss=4.624847
2026-10-04 00:07:37 [pjrt_ffi] RESIDENT: @vitin_emadp128x4wxclipdropeps0000001bf16_fwd holds 200 parameter tensors (21.8 MB) on 4 devices; they stop crossing PCIe from here
2026-10-04 00:08:16 Epoch 46/300: loss=4.718891 lr=0.000477
2026-10-04 00:08:16   epoch 46: test_acc = 28134/50000 = 56.268000%  top5 = 40100/50000 = 80.200000%  [95% CI 55.83–56.70]
2026-10-04 00:08:16   step 0/2502: loss=3.518737
2026-10-04 00:08:16   step 1/2502: loss=5.349036
2026-10-04 00:08:17   step 2/2502: loss=4.107985
2026-10-04 00:08:45   step 100/2502: loss=3.795455
2026-10-04 00:09:14   step 200/2502: loss=5.242541
2026-10-04 00:09:43   step 300/2502: loss=5.041492
2026-10-04 00:10:12   step 400/2502: loss=4.702278
2026-10-04 00:10:40   step 500/2502: loss=4.661746
2026-10-04 00:11:09   step 600/2502: loss=3.738124
2026-10-04 00:11:39   step 700/2502: loss=5.304070
2026-10-04 00:12:10   step 800/2502: loss=5.200715
2026-10-04 00:12:40   step 900/2502: loss=3.709774
2026-10-04 00:13:09   step 1000/2502: loss=5.097795
2026-10-04 00:13:38   step 1100/2502: loss=3.708544
2026-10-04 00:14:08   step 1200/2502: loss=5.353229
2026-10-04 00:14:38   step 1300/2502: loss=4.138517
2026-10-04 00:15:07   step 1400/2502: loss=3.853814
2026-10-04 00:15:36   step 1500/2502: loss=4.986289
2026-10-04 00:16:04   step 1600/2502: loss=5.293449
2026-10-04 00:16:33   step 1700/2502: loss=4.723810
2026-10-04 00:17:02   step 1800/2502: loss=5.058442
2026-10-04 00:17:32   step 1900/2502: loss=5.153205
2026-10-04 00:18:01   step 2000/2502: loss=5.132019
2026-10-04 00:18:29   step 2100/2502: loss=4.841210
2026-10-04 00:18:58   step 2200/2502: loss=4.199344
2026-10-04 00:19:28   step 2300/2502: loss=4.284599
2026-10-04 00:19:56   step 2400/2502: loss=4.978339
2026-10-04 00:20:25   step 2500/2502: loss=4.923104
2026-10-04 00:20:34 [pjrt_ffi] RESIDENT: @vitin_emadp128x4wxclipdropeps0000001bf16_fwd holds 200 parameter tensors (21.8 MB) on 4 devices; they stop crossing PCIe from here
2026-10-04 00:21:13 Epoch 47/300: loss=4.707257 lr=0.000476
2026-10-04 00:21:13   epoch 47: test_acc = 28292/50000 = 56.584000%  top5 = 40226/50000 = 80.452000%  [95% CI 56.15–57.02]
2026-10-04 00:21:13   step 0/2502: loss=5.031534
2026-10-04 00:21:13   step 1/2502: loss=4.443722
2026-10-04 00:21:14   step 2/2502: loss=5.426004
2026-10-04 00:21:42   step 100/2502: loss=5.438290
2026-10-04 00:22:11   step 200/2502: loss=4.626273
2026-10-04 00:22:40   step 300/2502: loss=4.503413
2026-10-04 00:23:09   step 400/2502: loss=3.837118
2026-10-04 00:23:38   step 500/2502: loss=3.579998
2026-10-04 00:24:06   step 600/2502: loss=5.131734
2026-10-04 00:24:37   step 700/2502: loss=5.432199
2026-10-04 00:25:07   step 800/2502: loss=5.192840
2026-10-04 00:25:35   step 900/2502: loss=4.330885
2026-10-04 00:26:06   step 1000/2502: loss=5.299648
2026-10-04 00:26:37   step 1100/2502: loss=5.134856
2026-10-04 00:27:06   step 1200/2502: loss=4.756034
2026-10-04 00:27:34   step 1300/2502: loss=5.170218
2026-10-04 00:28:03   step 1400/2502: loss=3.842570
2026-10-04 00:28:33   step 1500/2502: loss=4.114782
2026-10-04 00:29:02   step 1600/2502: loss=4.948537
2026-10-04 00:29:32   step 1700/2502: loss=5.140727
2026-10-04 00:30:01   step 1800/2502: loss=4.214628
2026-10-04 00:30:30   step 1900/2502: loss=4.830598
2026-10-04 00:30:59   step 2000/2502: loss=5.143679
2026-10-04 00:31:27   step 2100/2502: loss=3.769004
2026-10-04 00:31:56   step 2200/2502: loss=4.836250
2026-10-04 00:32:26   step 2300/2502: loss=5.242476
2026-10-04 00:32:55   step 2400/2502: loss=4.921950
2026-10-04 00:33:24   step 2500/2502: loss=5.492552
2026-10-04 00:33:30 [pjrt_ffi] RESIDENT: @vitin_emadp128x4wxclipdropeps0000001bf16_fwd holds 200 parameter tensors (21.8 MB) on 4 devices; they stop crossing PCIe from here
2026-10-04 00:34:09 Epoch 48/300: loss=4.700772 lr=0.000475
2026-10-04 00:34:09   epoch 48: test_acc = 28381/50000 = 56.762000%  top5 = 40353/50000 = 80.706000%  [95% CI 56.33–57.20]
2026-10-04 00:34:09   step 0/2502: loss=4.788558
2026-10-04 00:34:09   step 1/2502: loss=4.229314
2026-10-04 00:34:10   step 2/2502: loss=4.665262
2026-10-04 00:34:38   step 100/2502: loss=4.631563
2026-10-04 00:35:07   step 200/2502: loss=5.384232
2026-10-04 00:35:36   step 300/2502: loss=4.426938
2026-10-04 00:36:05   step 400/2502: loss=5.341451
2026-10-04 00:36:34   step 500/2502: loss=3.733570
2026-10-04 00:37:04   step 600/2502: loss=4.188399
2026-10-04 00:37:33   step 700/2502: loss=5.184404
2026-10-04 00:38:03   step 800/2502: loss=4.963243
2026-10-04 00:38:32   step 900/2502: loss=3.689785
2026-10-04 00:39:02   step 1000/2502: loss=4.999050
2026-10-04 00:39:31   step 1100/2502: loss=4.434371
2026-10-04 00:40:01   step 1200/2502: loss=4.712159
2026-10-04 00:40:30   step 1300/2502: loss=3.950047
2026-10-04 00:40:59   step 1400/2502: loss=5.068739
2026-10-04 00:41:29   step 1500/2502: loss=5.645213
2026-10-04 00:41:59   step 1600/2502: loss=5.191863
2026-10-04 00:42:28   step 1700/2502: loss=5.457256
2026-10-04 00:42:57   step 1800/2502: loss=5.105630
2026-10-04 00:43:25   step 1900/2502: loss=5.040608
2026-10-04 00:43:54   step 2000/2502: loss=5.268355
2026-10-04 00:44:24   step 2100/2502: loss=5.352421
2026-10-04 00:44:53   step 2200/2502: loss=4.776324
2026-10-04 00:45:21   step 2300/2502: loss=4.483869
2026-10-04 00:45:51   step 2400/2502: loss=5.159157
2026-10-04 00:46:20   step 2500/2502: loss=3.935023
2026-10-04 00:46:27 [pjrt_ffi] RESIDENT: @vitin_emadp128x4wxclipdropeps0000001bf16_fwd holds 200 parameter tensors (21.8 MB) on 4 devices; they stop crossing PCIe from here
2026-10-04 00:47:06 Epoch 49/300: loss=4.692646 lr=0.000474
2026-10-04 00:47:06   epoch 49: test_acc = 28519/50000 = 57.038000%  top5 = 40441/50000 = 80.882000%  [95% CI 56.60–57.47]
2026-10-04 00:47:07   step 0/2502: loss=4.988684
2026-10-04 00:47:07   step 1/2502: loss=4.964110
2026-10-04 00:47:07   step 2/2502: loss=3.934327
2026-10-04 00:47:35   step 100/2502: loss=5.210645
2026-10-04 00:48:04   step 200/2502: loss=4.722783
2026-10-04 00:48:33   step 300/2502: loss=4.047270
2026-10-04 00:49:02   step 400/2502: loss=4.652787
2026-10-04 00:49:30   step 500/2502: loss=5.013215
2026-10-04 00:50:00   step 600/2502: loss=4.602200
2026-10-04 00:50:30   step 700/2502: loss=5.198072
2026-10-04 00:50:59   step 800/2502: loss=5.567596
2026-10-04 00:51:28   step 900/2502: loss=4.502063
2026-10-04 00:51:57   step 1000/2502: loss=4.777235
2026-10-04 00:52:30   step 1100/2502: loss=5.102910
2026-10-04 00:53:00   step 1200/2502: loss=4.054837
2026-10-04 00:53:28   step 1300/2502: loss=5.258671
2026-10-04 00:53:57   step 1400/2502: loss=5.515056
2026-10-04 00:54:26   step 1500/2502: loss=5.041790
2026-10-04 00:54:55   step 1600/2502: loss=5.407197
2026-10-04 00:55:27   step 1700/2502: loss=4.940355
2026-10-04 00:55:55   step 1800/2502: loss=4.633997
2026-10-04 00:56:24   step 1900/2502: loss=5.152378
2026-10-04 00:56:53   step 2000/2502: loss=5.486603
2026-10-04 00:57:21   step 2100/2502: loss=5.086761
2026-10-04 00:57:50   step 2200/2502: loss=4.294384
2026-10-04 00:58:18   step 2300/2502: loss=5.083013
2026-10-04 00:58:47   step 2400/2502: loss=4.926229
2026-10-04 00:59:18   step 2500/2502: loss=4.909943
2026-10-04 00:59:24 [pjrt_ffi] RESIDENT: @vitin_emadp128x4wxclipdropeps0000001bf16_fwd holds 200 parameter tensors (21.8 MB) on 4 devices; they stop crossing PCIe from here
2026-10-04 01:00:01 Epoch 50/300: loss=4.667078 lr=0.000472
2026-10-04 01:00:01   epoch 50: test_acc = 28631/50000 = 57.262000%  top5 = 40508/50000 = 81.016000%  [95% CI 56.83–57.70]
2026-10-04 01:00:05   ▸ shim respawn: producer 0 of 4 replaced after epoch 50 (generation 5, seed 21)
2026-10-04 01:00:08   step 0/2502: loss=3.922580
2026-10-04 01:00:08   step 1/2502: loss=4.491244
2026-10-04 01:00:08   step 2/2502: loss=5.272638
2026-10-04 01:00:37   step 100/2502: loss=5.169647
2026-10-04 01:01:06   step 200/2502: loss=5.429243
2026-10-04 01:01:34   step 300/2502: loss=5.396822
2026-10-04 01:02:03   step 400/2502: loss=4.568593
2026-10-04 01:02:32   step 500/2502: loss=4.713519
2026-10-04 01:03:01   step 600/2502: loss=3.861011
2026-10-04 01:03:32   step 700/2502: loss=5.263880
2026-10-04 01:04:01   step 800/2502: loss=5.069539
2026-10-04 01:04:31   step 900/2502: loss=3.481391
2026-10-04 01:05:01   step 1000/2502: loss=4.701420
2026-10-04 01:05:30   step 1100/2502: loss=4.374097
2026-10-04 01:06:00   step 1200/2502: loss=4.096404
2026-10-04 01:06:28   step 1300/2502: loss=4.830709
2026-10-04 01:06:59   step 1400/2502: loss=5.477311
2026-10-04 01:07:27   step 1500/2502: loss=4.027465
2026-10-04 01:07:57   step 1600/2502: loss=4.331104
2026-10-04 01:08:26   step 1700/2502: loss=4.109852
2026-10-04 01:08:54   step 1800/2502: loss=5.077863
2026-10-04 01:09:24   step 1900/2502: loss=4.853727
2026-10-04 01:09:53   step 2000/2502: loss=3.707630
2026-10-04 01:10:22   step 2100/2502: loss=5.200968
2026-10-04 01:10:51   step 2200/2502: loss=4.525373
2026-10-04 01:11:21   step 2300/2502: loss=5.173102
2026-10-04 01:11:51   step 2400/2502: loss=4.092527
2026-10-04 01:12:20   step 2500/2502: loss=3.451861
2026-10-04 01:12:27 [pjrt_ffi] RESIDENT: @vitin_emadp128x4wxclipdropeps0000001bf16_fwd holds 200 parameter tensors (21.8 MB) on 4 devices; they stop crossing PCIe from here
2026-10-04 01:13:00 Epoch 51/300: loss=4.665383 lr=0.000471
2026-10-04 01:13:00   epoch 51: test_acc = 28717/50000 = 57.434000%  top5 = 40600/50000 = 81.200000%  [95% CI 57.00–57.87]
2026-10-04 01:13:00   step 0/2502: loss=4.247445
2026-10-04 01:13:00   step 1/2502: loss=4.610391
2026-10-04 01:13:00   step 2/2502: loss=5.083307
2026-10-04 01:13:29   step 100/2502: loss=3.964058
2026-10-04 01:13:57   step 200/2502: loss=4.958144
2026-10-04 01:14:27   step 300/2502: loss=5.376191
2026-10-04 01:14:56   step 400/2502: loss=4.998454
2026-10-04 01:15:26   step 500/2502: loss=4.834936
2026-10-04 01:15:55   step 600/2502: loss=5.092052
2026-10-04 01:16:24   step 700/2502: loss=4.124073
2026-10-04 01:16:54   step 800/2502: loss=4.863640
2026-10-04 01:17:23   step 900/2502: loss=3.989130
2026-10-04 01:17:54   step 1000/2502: loss=4.637395
2026-10-04 01:18:23   step 1100/2502: loss=5.266874
2026-10-04 01:18:52   step 1200/2502: loss=3.962793
2026-10-04 01:19:21   step 1300/2502: loss=5.437046
2026-10-04 01:19:51   step 1400/2502: loss=4.704274
2026-10-04 01:20:20   step 1500/2502: loss=5.399115
2026-10-04 01:20:50   step 1600/2502: loss=5.048811
2026-10-04 01:21:19   step 1700/2502: loss=5.451192
2026-10-04 01:21:48   step 1800/2502: loss=4.530138
2026-10-04 01:22:17   step 1900/2502: loss=3.681584
2026-10-04 01:22:45   step 2000/2502: loss=5.042075
2026-10-04 01:23:16   step 2100/2502: loss=4.184918
2026-10-04 01:23:45   step 2200/2502: loss=5.287302
2026-10-04 01:24:14   step 2300/2502: loss=5.271514
2026-10-04 01:24:43   step 2400/2502: loss=4.454752
2026-10-04 01:25:12   step 2500/2502: loss=5.011659
2026-10-04 01:25:19 [pjrt_ffi] RESIDENT: @vitin_emadp128x4wxclipdropeps0000001bf16_fwd holds 200 parameter tensors (21.8 MB) on 4 devices; they stop crossing PCIe from here
2026-10-04 01:25:54 Epoch 52/300: loss=4.656436 lr=0.000470
2026-10-04 01:25:54   epoch 52: test_acc = 28837/50000 = 57.674000%  top5 = 40652/50000 = 81.304000%  [95% CI 57.24–58.11]
2026-10-04 01:25:55   step 0/2502: loss=4.833489
2026-10-04 01:25:55   step 1/2502: loss=5.325284
2026-10-04 01:25:55   step 2/2502: loss=4.893700
2026-10-04 01:26:24   step 100/2502: loss=5.029968
2026-10-04 01:26:52   step 200/2502: loss=5.435373
2026-10-04 01:27:22   step 300/2502: loss=5.317768
2026-10-04 01:27:51   step 400/2502: loss=4.896843
2026-10-04 01:28:21   step 500/2502: loss=4.420591
2026-10-04 01:28:50   step 600/2502: loss=5.026254
2026-10-04 01:29:20   step 700/2502: loss=3.820973
2026-10-04 01:29:49   step 800/2502: loss=3.897670
2026-10-04 01:30:21   step 900/2502: loss=4.260612
2026-10-04 01:30:50   step 1000/2502: loss=4.258636
2026-10-04 01:31:19   step 1100/2502: loss=5.304606
2026-10-04 01:31:48   step 1200/2502: loss=5.213755
2026-10-04 01:32:17   step 1300/2502: loss=4.962471
2026-10-04 01:32:47   step 1400/2502: loss=5.186373
2026-10-04 01:33:16   step 1500/2502: loss=4.946567
2026-10-04 01:33:46   step 1600/2502: loss=4.743204
2026-10-04 01:34:15   step 1700/2502: loss=4.729122
2026-10-04 01:34:45   step 1800/2502: loss=5.175616
2026-10-04 01:35:14   step 1900/2502: loss=4.988152
2026-10-04 01:35:43   step 2000/2502: loss=4.860938
2026-10-04 01:36:12   step 2100/2502: loss=4.270677
2026-10-04 01:36:41   step 2200/2502: loss=4.977438
2026-10-04 01:37:11   step 2300/2502: loss=5.226289
2026-10-04 01:37:39   step 2400/2502: loss=4.457452
2026-10-04 01:38:08   step 2500/2502: loss=3.845605
2026-10-04 01:38:16 [pjrt_ffi] RESIDENT: @vitin_emadp128x4wxclipdropeps0000001bf16_fwd holds 200 parameter tensors (21.8 MB) on 4 devices; they stop crossing PCIe from here
2026-10-04 01:38:56 Epoch 53/300: loss=4.645065 lr=0.000469
2026-10-04 01:38:56   epoch 53: test_acc = 28917/50000 = 57.834000%  top5 = 40748/50000 = 81.496000%  [95% CI 57.40–58.27]
2026-10-04 01:38:56   step 0/2502: loss=5.272532
2026-10-04 01:38:56   step 1/2502: loss=5.358646
2026-10-04 01:38:56   step 2/2502: loss=5.224773
2026-10-04 01:39:25   step 100/2502: loss=4.632976
2026-10-04 01:39:54   step 200/2502: loss=5.369536
2026-10-04 01:40:24   step 300/2502: loss=5.277049
2026-10-04 01:40:53   step 400/2502: loss=4.488714
2026-10-04 01:41:21   step 500/2502: loss=4.938207
2026-10-04 01:41:53   step 600/2502: loss=3.762787
2026-10-04 01:42:22   step 700/2502: loss=4.834995
2026-10-04 01:42:50   step 800/2502: loss=5.293621
2026-10-04 01:43:22   step 900/2502: loss=5.148588
2026-10-04 01:43:51   step 1000/2502: loss=3.578402
2026-10-04 01:44:20   step 1100/2502: loss=4.810724
2026-10-04 01:44:49   step 1200/2502: loss=3.528048
2026-10-04 01:45:18   step 1300/2502: loss=4.791889
2026-10-04 01:45:48   step 1400/2502: loss=5.421866
2026-10-04 01:46:18   step 1500/2502: loss=4.268098
2026-10-04 01:46:47   step 1600/2502: loss=4.849897
2026-10-04 01:47:16   step 1700/2502: loss=5.023307
2026-10-04 01:47:46   step 1800/2502: loss=5.383550
2026-10-04 01:48:15   step 1900/2502: loss=4.608804
2026-10-04 01:48:43   step 2000/2502: loss=4.946136
2026-10-04 01:49:12   step 2100/2502: loss=3.955293
2026-10-04 01:49:42   step 2200/2502: loss=4.064155
2026-10-04 01:50:11   step 2300/2502: loss=3.905585
2026-10-04 01:50:41   step 2400/2502: loss=5.036397
2026-10-04 01:51:10   step 2500/2502: loss=4.749236
2026-10-04 01:51:17 [pjrt_ffi] RESIDENT: @vitin_emadp128x4wxclipdropeps0000001bf16_fwd holds 200 parameter tensors (21.8 MB) on 4 devices; they stop crossing PCIe from here
2026-10-04 01:51:52 Epoch 54/300: loss=4.641792 lr=0.000467
2026-10-04 01:51:52   epoch 54: test_acc = 29034/50000 = 58.068000%  top5 = 40830/50000 = 81.660000%  [95% CI 57.63–58.50]
2026-10-04 01:51:52   step 0/2502: loss=4.056595
2026-10-04 01:51:52   step 1/2502: loss=5.256053
2026-10-04 01:51:52   step 2/2502: loss=3.699861
2026-10-04 01:52:21   step 100/2502: loss=5.105682
2026-10-04 01:52:50   step 200/2502: loss=3.793285
2026-10-04 01:53:19   step 300/2502: loss=4.749340
2026-10-04 01:53:48   step 400/2502: loss=5.265413
2026-10-04 01:54:17   step 500/2502: loss=4.813736
2026-10-04 01:54:48   step 600/2502: loss=5.352341
2026-10-04 01:55:17   step 700/2502: loss=4.968151
2026-10-04 01:55:46   step 800/2502: loss=5.468947
2026-10-04 01:56:17   step 900/2502: loss=4.527598
2026-10-04 01:56:45   step 1000/2502: loss=3.500950
2026-10-04 01:57:14   step 1100/2502: loss=4.713412
2026-10-04 01:57:44   step 1200/2502: loss=5.019588
2026-10-04 01:58:16   step 1300/2502: loss=5.246925
2026-10-04 01:58:45   step 1400/2502: loss=5.400581
2026-10-04 01:59:14   step 1500/2502: loss=4.581960
2026-10-04 01:59:43   step 1600/2502: loss=4.503560
2026-10-04 02:00:12   step 1700/2502: loss=4.940199
2026-10-04 02:00:41   step 1800/2502: loss=3.715486
2026-10-04 02:01:10   step 1900/2502: loss=3.574229
2026-10-04 02:01:40   step 2000/2502: loss=3.447510
2026-10-04 02:02:09   step 2100/2502: loss=4.616679
2026-10-04 02:02:38   step 2200/2502: loss=5.249316
2026-10-04 02:03:08   step 2300/2502: loss=4.610260
2026-10-04 02:03:36   step 2400/2502: loss=3.610674
2026-10-04 02:04:06   step 2500/2502: loss=4.893595
2026-10-04 02:04:13 [pjrt_ffi] RESIDENT: @vitin_emadp128x4wxclipdropeps0000001bf16_fwd holds 200 parameter tensors (21.8 MB) on 4 devices; they stop crossing PCIe from here
2026-10-04 02:04:52 Epoch 55/300: loss=4.641252 lr=0.000466
2026-10-04 02:04:52   epoch 55: test_acc = 29108/50000 = 58.216000%  top5 = 40930/50000 = 81.860000%  [95% CI 57.78–58.65]
2026-10-04 02:04:52   step 0/2502: loss=4.889121
2026-10-04 02:04:52   step 1/2502: loss=4.102111
2026-10-04 02:04:53   step 2/2502: loss=3.633329
2026-10-04 02:05:21   step 100/2502: loss=5.366703
2026-10-04 02:05:50   step 200/2502: loss=4.088921
2026-10-04 02:06:19   step 300/2502: loss=4.858509
2026-10-04 02:06:47   step 400/2502: loss=4.981181
2026-10-04 02:07:16   step 500/2502: loss=4.064537
2026-10-04 02:07:46   step 600/2502: loss=4.759495
2026-10-04 02:08:17   step 700/2502: loss=5.215762
2026-10-04 02:08:47   step 800/2502: loss=4.354397
2026-10-04 02:09:17   step 900/2502: loss=5.209998
2026-10-04 02:09:46   step 1000/2502: loss=4.313594
2026-10-04 02:10:15   step 1100/2502: loss=3.862121
2026-10-04 02:10:47   step 1200/2502: loss=5.107406
2026-10-04 02:11:17   step 1300/2502: loss=5.014051
2026-10-04 02:11:46   step 1400/2502: loss=5.202583
2026-10-04 02:12:15   step 1500/2502: loss=4.061464
2026-10-04 02:12:44   step 1600/2502: loss=4.814092
2026-10-04 02:13:13   step 1700/2502: loss=5.184329
2026-10-04 02:13:45   step 1800/2502: loss=4.281430
2026-10-04 02:14:14   step 1900/2502: loss=4.490382
2026-10-04 02:14:43   step 2000/2502: loss=5.133853
2026-10-04 02:15:12   step 2100/2502: loss=4.709461
2026-10-04 02:15:40   step 2200/2502: loss=4.076905
2026-10-04 02:16:11   step 2300/2502: loss=5.059469
2026-10-04 02:16:41   step 2400/2502: loss=4.246924
2026-10-04 02:17:09   step 2500/2502: loss=3.714181
2026-10-04 02:17:17 [pjrt_ffi] RESIDENT: @vitin_emadp128x4wxclipdropeps0000001bf16_fwd holds 200 parameter tensors (21.8 MB) on 4 devices; they stop crossing PCIe from here
2026-10-04 02:17:59 Epoch 56/300: loss=4.599720 lr=0.000465
2026-10-04 02:17:59   epoch 56: test_acc = 29199/50000 = 58.398000%  top5 = 40991/50000 = 81.982000%  [95% CI 57.97–58.83]
2026-10-04 02:17:59   step 0/2502: loss=5.186601
2026-10-04 02:17:59   step 1/2502: loss=3.785861
2026-10-04 02:17:59   step 2/2502: loss=5.142714
2026-10-04 02:18:28   step 100/2502: loss=4.906719
2026-10-04 02:18:56   step 200/2502: loss=4.559419
2026-10-04 02:19:25   step 300/2502: loss=4.441535
2026-10-04 02:19:54   step 400/2502: loss=4.811869
2026-10-04 02:20:23   step 500/2502: loss=4.804879
2026-10-04 02:20:52   step 600/2502: loss=4.487728
2026-10-04 02:21:22   step 700/2502: loss=4.815886
2026-10-04 02:21:53   step 800/2502: loss=4.161655
2026-10-04 02:22:22   step 900/2502: loss=4.101654
2026-10-04 02:22:51   step 1000/2502: loss=3.398098
2026-10-04 02:23:21   step 1100/2502: loss=5.199857
2026-10-04 02:23:50   step 1200/2502: loss=4.891849
2026-10-04 02:24:19   step 1300/2502: loss=3.767291
2026-10-04 02:24:49   step 1400/2502: loss=5.039122
2026-10-04 02:25:19   step 1500/2502: loss=4.637408
2026-10-04 02:25:48   step 1600/2502: loss=5.153840
2026-10-04 02:26:17   step 1700/2502: loss=4.056675
2026-10-04 02:26:46   step 1800/2502: loss=4.760557
2026-10-04 02:27:16   step 1900/2502: loss=5.137897
2026-10-04 02:27:45   step 2000/2502: loss=4.191983
2026-10-04 02:28:13   step 2100/2502: loss=4.692826
2026-10-04 02:28:43   step 2200/2502: loss=4.720974
2026-10-04 02:29:14   step 2300/2502: loss=4.260463
2026-10-04 02:29:44   step 2400/2502: loss=4.610734
2026-10-04 02:30:12   step 2500/2502: loss=5.335238
2026-10-04 02:30:18 [pjrt_ffi] RESIDENT: @vitin_emadp128x4wxclipdropeps0000001bf16_fwd holds 200 parameter tensors (21.8 MB) on 4 devices; they stop crossing PCIe from here
2026-10-04 02:30:56 Epoch 57/300: loss=4.623507 lr=0.000463
2026-10-04 02:30:56   epoch 57: test_acc = 29306/50000 = 58.612000%  top5 = 41076/50000 = 82.152000%  [95% CI 58.18–59.04]
2026-10-04 02:30:57   step 0/2502: loss=3.386096
2026-10-04 02:30:57   step 1/2502: loss=4.872120
2026-10-04 02:30:57   step 2/2502: loss=5.102430
2026-10-04 02:31:26   step 100/2502: loss=5.082176
2026-10-04 02:31:55   step 200/2502: loss=3.731326
2026-10-04 02:32:24   step 300/2502: loss=4.301099
2026-10-04 02:32:53   step 400/2502: loss=4.401335
2026-10-04 02:33:22   step 500/2502: loss=5.288195
2026-10-04 02:33:51   step 600/2502: loss=3.646912
2026-10-04 02:34:23   step 700/2502: loss=4.837705
2026-10-04 02:34:51   step 800/2502: loss=4.453821
2026-10-04 02:35:21   step 900/2502: loss=4.652843
2026-10-04 02:35:51   step 1000/2502: loss=4.909322
2026-10-04 02:36:22   step 1100/2502: loss=4.999224
2026-10-04 02:36:50   step 1200/2502: loss=4.641770
2026-10-04 02:37:22   step 1300/2502: loss=4.267001
2026-10-04 02:37:50   step 1400/2502: loss=5.372151
2026-10-04 02:38:19   step 1500/2502: loss=5.108906
2026-10-04 02:38:51   step 1600/2502: loss=4.192369
2026-10-04 02:39:19   step 1700/2502: loss=4.831758
2026-10-04 02:39:48   step 1800/2502: loss=4.262816
2026-10-04 02:40:16   step 1900/2502: loss=4.437063
2026-10-04 02:40:45   step 2000/2502: loss=4.620041
2026-10-04 02:41:16   step 2100/2502: loss=3.158636
2026-10-04 02:41:45   step 2200/2502: loss=4.096740
2026-10-04 02:42:14   step 2300/2502: loss=4.419297
2026-10-04 02:42:43   step 2400/2502: loss=5.181010
2026-10-04 02:43:11   step 2500/2502: loss=4.512053
2026-10-04 02:43:19 [pjrt_ffi] RESIDENT: @vitin_emadp128x4wxclipdropeps0000001bf16_fwd holds 200 parameter tensors (21.8 MB) on 4 devices; they stop crossing PCIe from here
2026-10-04 02:43:58 Epoch 58/300: loss=4.606445 lr=0.000462
2026-10-04 02:43:58   epoch 58: test_acc = 29395/50000 = 58.790000%  top5 = 41135/50000 = 82.270000%  [95% CI 58.36–59.22]
2026-10-04 02:43:58   step 0/2502: loss=4.497458
2026-10-04 02:43:58   step 1/2502: loss=4.631914
2026-10-04 02:43:59   step 2/2502: loss=5.389022
2026-10-04 02:44:27   step 100/2502: loss=5.023992
2026-10-04 02:44:56   step 200/2502: loss=4.066263
2026-10-04 02:45:24   step 300/2502: loss=4.481472
2026-10-04 02:45:53   step 400/2502: loss=3.537802
2026-10-04 02:46:22   step 500/2502: loss=4.436352
2026-10-04 02:46:52   step 600/2502: loss=3.864219
2026-10-04 02:47:23   step 700/2502: loss=4.496531
2026-10-04 02:47:52   step 800/2502: loss=5.174037
2026-10-04 02:48:22   step 900/2502: loss=5.030541
2026-10-04 02:48:52   step 1000/2502: loss=5.163218
2026-10-04 02:49:21   step 1100/2502: loss=4.774588
2026-10-04 02:49:50   step 1200/2502: loss=3.297484
2026-10-04 02:50:20   step 1300/2502: loss=4.379685
2026-10-04 02:50:49   step 1400/2502: loss=4.472208
2026-10-04 02:51:19   step 1500/2502: loss=4.484702
2026-10-04 02:51:47   step 1600/2502: loss=3.512827
2026-10-04 02:52:16   step 1700/2502: loss=4.756970
2026-10-04 02:52:47   step 1800/2502: loss=4.076599
2026-10-04 02:53:15   step 1900/2502: loss=4.347454
2026-10-04 02:53:45   step 2000/2502: loss=5.511306
2026-10-04 02:54:13   step 2100/2502: loss=4.811794
2026-10-04 02:54:42   step 2200/2502: loss=5.141378
2026-10-04 02:55:13   step 2300/2502: loss=3.979908
2026-10-04 02:55:42   step 2400/2502: loss=3.728466
2026-10-04 02:56:11   step 2500/2502: loss=4.789790
2026-10-04 02:56:18 [pjrt_ffi] RESIDENT: @vitin_emadp128x4wxclipdropeps0000001bf16_fwd holds 200 parameter tensors (21.8 MB) on 4 devices; they stop crossing PCIe from here
2026-10-04 02:56:59 Epoch 59/300: loss=4.581874 lr=0.000461
2026-10-04 02:56:59   epoch 59: test_acc = 29494/50000 = 58.988000%  top5 = 41226/50000 = 82.452000%  [95% CI 58.56–59.42]
2026-10-04 02:56:59   step 0/2502: loss=3.469516
2026-10-04 02:56:59   step 1/2502: loss=5.236297
2026-10-04 02:56:59   step 2/2502: loss=5.214632
2026-10-04 02:57:29   step 100/2502: loss=3.829314
2026-10-04 02:57:57   step 200/2502: loss=4.927995
2026-10-04 02:58:26   step 300/2502: loss=3.935688
2026-10-04 02:58:55   step 400/2502: loss=5.121976
2026-10-04 02:59:24   step 500/2502: loss=3.383057
2026-10-04 02:59:53   step 600/2502: loss=5.024300
2026-10-04 03:00:22   step 700/2502: loss=4.794128
2026-10-04 03:00:52   step 800/2502: loss=5.124798
2026-10-04 03:01:21   step 900/2502: loss=4.115287
2026-10-04 03:01:52   step 1000/2502: loss=5.022568
2026-10-04 03:02:21   step 1100/2502: loss=4.762603
2026-10-04 03:02:50   step 1200/2502: loss=4.636107
2026-10-04 03:03:19   step 1300/2502: loss=4.838569
2026-10-04 03:03:50   step 1400/2502: loss=4.579021
2026-10-04 03:04:19   step 1500/2502: loss=3.823348
2026-10-04 03:04:48   step 1600/2502: loss=4.608274
2026-10-04 03:05:16   step 1700/2502: loss=5.324234
2026-10-04 03:05:47   step 1800/2502: loss=4.930867
2026-10-04 03:06:16   step 1900/2502: loss=5.190574
2026-10-04 03:06:45   step 2000/2502: loss=4.596423
2026-10-04 03:07:14   step 2100/2502: loss=4.885694
2026-10-04 03:07:43   step 2200/2502: loss=4.366107
2026-10-04 03:08:14   step 2300/2502: loss=3.736927
2026-10-04 03:08:43   step 2400/2502: loss=5.108334
2026-10-04 03:09:12   step 2500/2502: loss=3.605409
2026-10-04 03:09:19 [pjrt_ffi] RESIDENT: @vitin_emadp128x4wxclipdropeps0000001bf16_fwd holds 200 parameter tensors (21.8 MB) on 4 devices; they stop crossing PCIe from here
2026-10-04 03:10:01 Epoch 60/300: loss=4.585364 lr=0.000459
2026-10-04 03:10:01   epoch 60: test_acc = 29600/50000 = 59.200000%  top5 = 41301/50000 = 82.602000%  [95% CI 58.77–59.63]
2026-10-04 03:10:06   ▸ shim respawn: producer 1 of 4 replaced after epoch 60 (generation 6, seed 26)
2026-10-04 03:10:06   step 0/2502: loss=4.926092
2026-10-04 03:10:09   step 1/2502: loss=4.829889
2026-10-04 03:10:09   step 2/2502: loss=5.019343
2026-10-04 03:10:38   step 100/2502: loss=4.265639
2026-10-04 03:11:07   step 200/2502: loss=4.949292
2026-10-04 03:11:35   step 300/2502: loss=5.267895
2026-10-04 03:12:04   step 400/2502: loss=5.065896
2026-10-04 03:12:33   step 500/2502: loss=5.474104
2026-10-04 03:13:02   step 600/2502: loss=4.817994
2026-10-04 03:13:31   step 700/2502: loss=5.296402
2026-10-04 03:14:02   step 800/2502: loss=4.638908
2026-10-04 03:14:31   step 900/2502: loss=4.330433
2026-10-04 03:15:01   step 1000/2502: loss=4.962342
2026-10-04 03:15:31   step 1100/2502: loss=4.327392
2026-10-04 03:16:01   step 1200/2502: loss=4.926826
2026-10-04 03:16:30   step 1300/2502: loss=3.927363
2026-10-04 03:16:59   step 1400/2502: loss=4.689783
2026-10-04 03:17:29   step 1500/2502: loss=3.556437
2026-10-04 03:17:58   step 1600/2502: loss=4.913624
2026-10-04 03:18:27   step 1700/2502: loss=5.260220
2026-10-04 03:18:56   step 1800/2502: loss=3.458862
2026-10-04 03:19:26   step 1900/2502: loss=5.400565
2026-10-04 03:19:55   step 2000/2502: loss=4.427263
2026-10-04 03:20:25   step 2100/2502: loss=3.610243
2026-10-04 03:20:54   step 2200/2502: loss=4.844253
2026-10-04 03:21:23   step 2300/2502: loss=4.212685
2026-10-04 03:21:52   step 2400/2502: loss=4.327456
2026-10-04 03:22:22   step 2500/2502: loss=3.605045
2026-10-04 03:22:30 [pjrt_ffi] RESIDENT: @vitin_emadp128x4wxclipdropeps0000001bf16_fwd holds 200 parameter tensors (21.8 MB) on 4 devices; they stop crossing PCIe from here
2026-10-04 03:23:08 Epoch 61/300: loss=4.585734 lr=0.000458
2026-10-04 03:23:08   epoch 61: test_acc = 29677/50000 = 59.354000%  top5 = 41340/50000 = 82.680000%  [95% CI 58.92–59.78]
2026-10-04 03:23:08   step 0/2502: loss=4.666545
2026-10-04 03:23:08   step 1/2502: loss=4.940368
2026-10-04 03:23:08   step 2/2502: loss=3.434116
2026-10-04 03:23:37   step 100/2502: loss=3.512087
2026-10-04 03:24:06   step 200/2502: loss=5.267541
2026-10-04 03:24:35   step 300/2502: loss=4.979859
2026-10-04 03:25:04   step 400/2502: loss=4.963492
2026-10-04 03:25:33   step 500/2502: loss=3.900254
2026-10-04 03:26:02   step 600/2502: loss=3.501572
2026-10-04 03:26:33   step 700/2502: loss=4.516826
2026-10-04 03:27:02   step 800/2502: loss=4.277695
2026-10-04 03:27:32   step 900/2502: loss=4.997472
2026-10-04 03:28:02   step 1000/2502: loss=4.936930
2026-10-04 03:28:30   step 1100/2502: loss=5.156199
2026-10-04 03:29:01   step 1200/2502: loss=5.249127
2026-10-04 03:29:30   step 1300/2502: loss=5.323157
2026-10-04 03:29:59   step 1400/2502: loss=4.348122
2026-10-04 03:30:28   step 1500/2502: loss=4.213056
2026-10-04 03:30:57   step 1600/2502: loss=5.383339
2026-10-04 03:31:28   step 1700/2502: loss=3.831052
2026-10-04 03:31:58   step 1800/2502: loss=5.094331
2026-10-04 03:32:27   step 1900/2502: loss=4.191944
2026-10-04 03:32:56   step 2000/2502: loss=4.377877
2026-10-04 03:33:24   step 2100/2502: loss=3.503026
2026-10-04 03:33:53   step 2200/2502: loss=5.277308
2026-10-04 03:34:24   step 2300/2502: loss=5.095573
2026-10-04 03:34:53   step 2400/2502: loss=4.469230
2026-10-04 03:35:22   step 2500/2502: loss=5.153950
2026-10-04 03:35:29 [pjrt_ffi] RESIDENT: @vitin_emadp128x4wxclipdropeps0000001bf16_fwd holds 200 parameter tensors (21.8 MB) on 4 devices; they stop crossing PCIe from here
2026-10-04 03:36:07 Epoch 62/300: loss=4.567228 lr=0.000456
2026-10-04 03:36:07   epoch 62: test_acc = 29762/50000 = 59.524000%  top5 = 41428/50000 = 82.856000%  [95% CI 59.09–59.95]
2026-10-04 03:36:07   step 0/2502: loss=3.566973
2026-10-04 03:36:07   step 1/2502: loss=5.007944
2026-10-04 03:36:08   step 2/2502: loss=5.149531
2026-10-04 03:36:36   step 100/2502: loss=5.075844
2026-10-04 03:37:05   step 200/2502: loss=5.182625
2026-10-04 03:37:34   step 300/2502: loss=4.231595
2026-10-04 03:38:03   step 400/2502: loss=4.733359
2026-10-04 03:38:32   step 500/2502: loss=4.971298
2026-10-04 03:39:02   step 600/2502: loss=5.400271
2026-10-04 03:39:30   step 700/2502: loss=4.408782
2026-10-04 03:40:00   step 800/2502: loss=3.497826
2026-10-04 03:40:30   step 900/2502: loss=4.808193
2026-10-04 03:41:00   step 1000/2502: loss=4.004638
2026-10-04 03:41:28   step 1100/2502: loss=3.357182
2026-10-04 03:41:59   step 1200/2502: loss=4.602143
2026-10-04 03:42:30   step 1300/2502: loss=3.841256
2026-10-04 03:42:59   step 1400/2502: loss=4.248077
2026-10-04 03:43:27   step 1500/2502: loss=5.166932
2026-10-04 03:43:56   step 1600/2502: loss=3.706061
2026-10-04 03:44:25   step 1700/2502: loss=4.519984
2026-10-04 03:44:54   step 1800/2502: loss=4.025820
2026-10-04 03:45:23   step 1900/2502: loss=5.016252
2026-10-04 03:45:54   step 2000/2502: loss=4.361393
2026-10-04 03:46:23   step 2100/2502: loss=5.110671
2026-10-04 03:46:52   step 2200/2502: loss=5.081260
2026-10-04 03:47:21   step 2300/2502: loss=4.691965
2026-10-04 03:47:50   step 2400/2502: loss=4.719750
2026-10-04 03:48:20   step 2500/2502: loss=4.556305
2026-10-04 03:48:28 [pjrt_ffi] RESIDENT: @vitin_emadp128x4wxclipdropeps0000001bf16_fwd holds 200 parameter tensors (21.8 MB) on 4 devices; they stop crossing PCIe from here
2026-10-04 03:49:06 Epoch 63/300: loss=4.579332 lr=0.000455
2026-10-04 03:49:06   epoch 63: test_acc = 29830/50000 = 59.660000%  top5 = 41506/50000 = 83.012000%  [95% CI 59.23–60.09]
2026-10-04 03:49:06   step 0/2502: loss=4.041263
2026-10-04 03:49:06   step 1/2502: loss=4.548902
2026-10-04 03:49:06   step 2/2502: loss=5.154880
2026-10-04 03:49:35   step 100/2502: loss=5.106105
2026-10-04 03:50:04   step 200/2502: loss=4.749082
2026-10-04 03:50:33   step 300/2502: loss=4.289873
2026-10-04 03:51:02   step 400/2502: loss=4.850266
2026-10-04 03:51:31   step 500/2502: loss=5.409080
2026-10-04 03:52:00   step 600/2502: loss=4.720982
2026-10-04 03:52:32   step 700/2502: loss=3.309104
2026-10-04 03:53:01   step 800/2502: loss=4.031585
2026-10-04 03:53:30   step 900/2502: loss=4.729127
2026-10-04 03:54:01   step 1000/2502: loss=4.715545
2026-10-04 03:54:31   step 1100/2502: loss=4.010116
2026-10-04 03:55:01   step 1200/2502: loss=5.113657
2026-10-04 03:55:30   step 1300/2502: loss=5.346808
2026-10-04 03:55:59   step 1400/2502: loss=4.498882
2026-10-04 03:56:27   step 1500/2502: loss=4.977974
2026-10-04 03:56:57   step 1600/2502: loss=4.655759
2026-10-04 03:57:26   step 1700/2502: loss=5.437883
2026-10-04 03:57:57   step 1800/2502: loss=4.324798
2026-10-04 03:58:27   step 1900/2502: loss=5.212361
2026-10-04 03:58:56   step 2000/2502: loss=5.066199
2026-10-04 03:59:24   step 2100/2502: loss=4.081818
2026-10-04 03:59:53   step 2200/2502: loss=4.568994
2026-10-04 04:00:23   step 2300/2502: loss=4.956520
2026-10-04 04:00:53   step 2400/2502: loss=3.851176
2026-10-04 04:01:22   step 2500/2502: loss=4.499421
2026-10-04 04:01:28 [pjrt_ffi] RESIDENT: @vitin_emadp128x4wxclipdropeps0000001bf16_fwd holds 200 parameter tensors (21.8 MB) on 4 devices; they stop crossing PCIe from here
2026-10-04 04:02:04 Epoch 64/300: loss=4.554944 lr=0.000453
2026-10-04 04:02:04   epoch 64: test_acc = 29910/50000 = 59.820000%  top5 = 41563/50000 = 83.126000%  [95% CI 59.39–60.25]
2026-10-04 04:02:04   step 0/2502: loss=4.856657
2026-10-04 04:02:04   step 1/2502: loss=4.867542
2026-10-04 04:02:05   step 2/2502: loss=5.021192
2026-10-04 04:02:33   step 100/2502: loss=4.046777
2026-10-04 04:03:03   step 200/2502: loss=4.667614
2026-10-04 04:03:32   step 300/2502: loss=5.132115
2026-10-04 04:04:00   step 400/2502: loss=5.034482
2026-10-04 04:04:30   step 500/2502: loss=3.645668
2026-10-04 04:05:00   step 600/2502: loss=4.162027
2026-10-04 04:05:30   step 700/2502: loss=3.651917
2026-10-04 04:05:59   step 800/2502: loss=3.824265
2026-10-04 04:06:30   step 900/2502: loss=5.240756
2026-10-04 04:06:58   step 1000/2502: loss=4.243723
2026-10-04 04:07:29   step 1100/2502: loss=4.273603
2026-10-04 04:07:58   step 1200/2502: loss=3.871839
2026-10-04 04:08:29   step 1300/2502: loss=5.289278
2026-10-04 04:08:58   step 1400/2502: loss=3.977353
2026-10-04 04:09:27   step 1500/2502: loss=4.249084
2026-10-04 04:09:56   step 1600/2502: loss=4.661056
2026-10-04 04:10:25   step 1700/2502: loss=3.778450
2026-10-04 04:10:56   step 1800/2502: loss=4.613528
2026-10-04 04:11:25   step 1900/2502: loss=3.449418
2026-10-04 04:11:54   step 2000/2502: loss=4.949244
2026-10-04 04:12:23   step 2100/2502: loss=5.434051
2026-10-04 04:12:52   step 2200/2502: loss=5.121749
2026-10-04 04:13:24   step 2300/2502: loss=3.515739
2026-10-04 04:13:53   step 2400/2502: loss=4.781399
2026-10-04 04:14:22   step 2500/2502: loss=4.362972
2026-10-04 04:14:30 [pjrt_ffi] RESIDENT: @vitin_emadp128x4wxclipdropeps0000001bf16_fwd holds 200 parameter tensors (21.8 MB) on 4 devices; they stop crossing PCIe from here
2026-10-04 04:15:09 Epoch 65/300: loss=4.547227 lr=0.000452
2026-10-04 04:15:09   epoch 65: test_acc = 29989/50000 = 59.978000%  top5 = 41634/50000 = 83.268000%  [95% CI 59.55–60.41]
2026-10-04 04:15:09   step 0/2502: loss=5.107233
2026-10-04 04:15:09   step 1/2502: loss=5.209287
2026-10-04 04:15:09   step 2/2502: loss=5.061908
2026-10-04 04:15:38   step 100/2502: loss=3.544005
2026-10-04 04:16:06   step 200/2502: loss=3.368921
2026-10-04 04:16:36   step 300/2502: loss=4.818410
2026-10-04 04:17:05   step 400/2502: loss=5.448735
2026-10-04 04:17:34   step 500/2502: loss=4.679491
2026-10-04 04:18:03   step 600/2502: loss=3.500887
2026-10-04 04:18:33   step 700/2502: loss=4.833289
2026-10-04 04:19:03   step 800/2502: loss=4.978467
2026-10-04 04:19:32   step 900/2502: loss=4.964478
2026-10-04 04:20:03   step 1000/2502: loss=3.243422
2026-10-04 04:20:32   step 1100/2502: loss=4.992363
2026-10-04 04:21:02   step 1200/2502: loss=3.532658
2026-10-04 04:21:31   step 1300/2502: loss=5.212102
2026-10-04 04:21:59   step 1400/2502: loss=3.978290
2026-10-04 04:22:29   step 1500/2502: loss=4.575922
2026-10-04 04:22:58   step 1600/2502: loss=5.073126
2026-10-04 04:23:28   step 1700/2502: loss=4.738421
2026-10-04 04:23:56   step 1800/2502: loss=4.892372
2026-10-04 04:24:26   step 1900/2502: loss=4.730920
2026-10-04 04:24:55   step 2000/2502: loss=4.808347
2026-10-04 04:25:24   step 2100/2502: loss=4.963456
2026-10-04 04:25:53   step 2200/2502: loss=3.410086
2026-10-04 04:26:21   step 2300/2502: loss=5.017839
2026-10-04 04:26:52   step 2400/2502: loss=5.352250
2026-10-04 04:27:22   step 2500/2502: loss=5.109316
2026-10-04 04:27:27 [pjrt_ffi] RESIDENT: @vitin_emadp128x4wxclipdropeps0000001bf16_fwd holds 200 parameter tensors (21.8 MB) on 4 devices; they stop crossing PCIe from here
2026-10-04 04:28:00 Epoch 66/300: loss=4.536823 lr=0.000450
2026-10-04 04:28:00   epoch 66: test_acc = 30054/50000 = 60.108000%  top5 = 41669/50000 = 83.338000%  [95% CI 59.68–60.54]
2026-10-04 04:28:00   step 0/2502: loss=4.713424
2026-10-04 04:28:00   step 1/2502: loss=3.805729
2026-10-04 04:28:01   step 2/2502: loss=4.667460
2026-10-04 04:28:29   step 100/2502: loss=5.120426
2026-10-04 04:28:59   step 200/2502: loss=5.410732
2026-10-04 04:29:27   step 300/2502: loss=4.773736
2026-10-04 04:29:56   step 400/2502: loss=3.285775
2026-10-04 04:30:27   step 500/2502: loss=4.496267
2026-10-04 04:30:56   step 600/2502: loss=5.322433
2026-10-04 04:31:25   step 700/2502: loss=5.026692
2026-10-04 04:31:56   step 800/2502: loss=4.468189
2026-10-04 04:32:26   step 900/2502: loss=3.523933
2026-10-04 04:32:55   step 1000/2502: loss=4.944098
2026-10-04 04:33:24   step 1100/2502: loss=4.509579
2026-10-04 04:33:54   step 1200/2502: loss=5.194771
2026-10-04 04:34:24   step 1300/2502: loss=4.810693
2026-10-04 04:34:53   step 1400/2502: loss=5.224557
2026-10-04 04:35:21   step 1500/2502: loss=4.252476
2026-10-04 04:35:52   step 1600/2502: loss=5.219584
2026-10-04 04:36:21   step 1700/2502: loss=4.665913
2026-10-04 04:36:52   step 1800/2502: loss=3.189624
2026-10-04 04:37:22   step 1900/2502: loss=3.734218
2026-10-04 04:37:51   step 2000/2502: loss=4.767661
2026-10-04 04:38:20   step 2100/2502: loss=5.105103
2026-10-04 04:38:49   step 2200/2502: loss=3.316341
2026-10-04 04:39:19   step 2300/2502: loss=4.736727
2026-10-04 04:39:48   step 2400/2502: loss=4.256183
2026-10-04 04:40:17   step 2500/2502: loss=4.914845
2026-10-04 04:40:24 [pjrt_ffi] RESIDENT: @vitin_emadp128x4wxclipdropeps0000001bf16_fwd holds 200 parameter tensors (21.8 MB) on 4 devices; they stop crossing PCIe from here
2026-10-04 04:41:01 Epoch 67/300: loss=4.537418 lr=0.000449
2026-10-04 04:41:01   epoch 67: test_acc = 30133/50000 = 60.266000%  top5 = 41753/50000 = 83.506000%  [95% CI 59.84–60.69]
2026-10-04 04:41:01   step 0/2502: loss=3.697013
2026-10-04 04:41:01   step 1/2502: loss=3.352979
2026-10-04 04:41:01   step 2/2502: loss=4.065407
2026-10-04 04:41:30   step 100/2502: loss=5.095479
2026-10-04 04:41:59   step 200/2502: loss=4.259962
2026-10-04 04:42:28   step 300/2502: loss=4.128172
2026-10-04 04:42:57   step 400/2502: loss=4.604240
2026-10-04 04:43:25   step 500/2502: loss=4.917649
2026-10-04 04:43:56   step 600/2502: loss=4.924495
2026-10-04 04:44:25   step 700/2502: loss=4.713029
2026-10-04 04:44:55   step 800/2502: loss=4.792853
2026-10-04 04:45:25   step 900/2502: loss=4.337512
2026-10-04 04:45:55   step 1000/2502: loss=4.750096
2026-10-04 04:46:24   step 1100/2502: loss=3.792267
2026-10-04 04:46:55   step 1200/2502: loss=4.535193
2026-10-04 04:47:24   step 1300/2502: loss=3.461129
2026-10-04 04:47:53   step 1400/2502: loss=3.946261
2026-10-04 04:48:23   step 1500/2502: loss=5.068230
2026-10-04 04:48:52   step 1600/2502: loss=5.070877
2026-10-04 04:49:22   step 1700/2502: loss=5.360153
2026-10-04 04:49:51   step 1800/2502: loss=5.037397
2026-10-04 04:50:20   step 1900/2502: loss=4.515027
2026-10-04 04:50:49   step 2000/2502: loss=5.121241
2026-10-04 04:51:18   step 2100/2502: loss=5.222246
2026-10-04 04:51:47   step 2200/2502: loss=5.023575
2026-10-04 04:52:17   step 2300/2502: loss=3.054678
2026-10-04 04:52:48   step 2400/2502: loss=4.951394
2026-10-04 04:53:18   step 2500/2502: loss=5.423635
2026-10-04 04:53:25 [pjrt_ffi] RESIDENT: @vitin_emadp128x4wxclipdropeps0000001bf16_fwd holds 200 parameter tensors (21.8 MB) on 4 devices; they stop crossing PCIe from here
2026-10-04 04:54:01 Epoch 68/300: loss=4.526344 lr=0.000447
2026-10-04 04:54:01   epoch 68: test_acc = 30178/50000 = 60.356000%  top5 = 41772/50000 = 83.544000%  [95% CI 59.93–60.78]
2026-10-04 04:54:02   step 0/2502: loss=4.525662
2026-10-04 04:54:02   step 1/2502: loss=4.001389
2026-10-04 04:54:02   step 2/2502: loss=4.904805
2026-10-04 04:54:31   step 100/2502: loss=3.969038
2026-10-04 04:55:00   step 200/2502: loss=3.458330
2026-10-04 04:55:29   step 300/2502: loss=4.976357
2026-10-04 04:55:57   step 400/2502: loss=4.200024
2026-10-04 04:56:27   step 500/2502: loss=4.188247
2026-10-04 04:56:57   step 600/2502: loss=4.831445
2026-10-04 04:57:28   step 700/2502: loss=4.050683
2026-10-04 04:57:57   step 800/2502: loss=3.401267
2026-10-04 04:58:26   step 900/2502: loss=4.274873
2026-10-04 04:58:58   step 1000/2502: loss=3.492976
2026-10-04 04:59:27   step 1100/2502: loss=4.352710
2026-10-04 04:59:56   step 1200/2502: loss=4.857389
2026-10-04 05:00:25   step 1300/2502: loss=3.947485
2026-10-04 05:00:55   step 1400/2502: loss=4.585273
2026-10-04 05:01:24   step 1500/2502: loss=5.257115
2026-10-04 05:01:54   step 1600/2502: loss=4.175817
2026-10-04 05:02:24   step 1700/2502: loss=3.733913
2026-10-04 05:02:54   step 1800/2502: loss=4.146761
2026-10-04 05:03:22   step 1900/2502: loss=3.716480
2026-10-04 05:03:52   step 2000/2502: loss=4.739591
2026-10-04 05:04:20   step 2100/2502: loss=3.738942
2026-10-04 05:04:49   step 2200/2502: loss=3.485617
2026-10-04 05:05:19   step 2300/2502: loss=4.192549
2026-10-04 05:05:50   step 2400/2502: loss=4.787996
2026-10-04 05:06:19   step 2500/2502: loss=5.165543
2026-10-04 05:06:26 [pjrt_ffi] RESIDENT: @vitin_emadp128x4wxclipdropeps0000001bf16_fwd holds 200 parameter tensors (21.8 MB) on 4 devices; they stop crossing PCIe from here
2026-10-04 05:07:01 Epoch 69/300: loss=4.547976 lr=0.000445
2026-10-04 05:07:01   epoch 69: test_acc = 30231/50000 = 60.462000%  top5 = 41831/50000 = 83.662000%  [95% CI 60.03–60.89]
2026-10-04 05:07:01   step 0/2502: loss=4.694799
2026-10-04 05:07:01   step 1/2502: loss=3.370131
2026-10-04 05:07:02   step 2/2502: loss=4.922869
2026-10-04 05:07:30   step 100/2502: loss=4.778676
2026-10-04 05:07:59   step 200/2502: loss=5.248098
2026-10-04 05:08:28   step 300/2502: loss=4.947596
2026-10-04 05:08:57   step 400/2502: loss=3.931851
2026-10-04 05:09:26   step 500/2502: loss=5.183427
2026-10-04 05:09:57   step 600/2502: loss=5.057381
2026-10-04 05:10:26   step 700/2502: loss=4.345850
2026-10-04 05:10:57   step 800/2502: loss=4.864222
2026-10-04 05:11:27   step 900/2502: loss=4.157494
2026-10-04 05:11:56   step 1000/2502: loss=5.110900
2026-10-04 05:12:25   step 1100/2502: loss=3.433861
2026-10-04 05:12:56   step 1200/2502: loss=3.601372
2026-10-04 05:13:25   step 1300/2502: loss=4.405328
2026-10-04 05:13:55   step 1400/2502: loss=5.448306
2026-10-04 05:14:24   step 1500/2502: loss=4.798675
2026-10-04 05:14:54   step 1600/2502: loss=5.439471
2026-10-04 05:15:24   step 1700/2502: loss=4.985584
2026-10-04 05:15:53   step 1800/2502: loss=4.845891
2026-10-04 05:16:22   step 1900/2502: loss=4.031668
2026-10-04 05:16:51   step 2000/2502: loss=4.759025
2026-10-04 05:17:20   step 2100/2502: loss=4.892454
2026-10-04 05:17:49   step 2200/2502: loss=4.891576
2026-10-04 05:18:19   step 2300/2502: loss=4.734267
2026-10-04 05:18:48   step 2400/2502: loss=3.682929
2026-10-04 05:19:17   step 2500/2502: loss=4.398105
2026-10-04 05:19:25 [pjrt_ffi] RESIDENT: @vitin_emadp128x4wxclipdropeps0000001bf16_fwd holds 200 parameter tensors (21.8 MB) on 4 devices; they stop crossing PCIe from here
2026-10-04 05:20:04 Epoch 70/300: loss=4.532538 lr=0.000444
2026-10-04 05:20:04   epoch 70: test_acc = 30303/50000 = 60.606000%  top5 = 41877/50000 = 83.754000%  [95% CI 60.18–61.03]
2026-10-04 05:20:08   ▸ shim respawn: producer 2 of 4 replaced after epoch 70 (generation 7, seed 31)
2026-10-04 05:20:08   step 0/2502: loss=4.990678
2026-10-04 05:20:09   step 1/2502: loss=5.176621
2026-10-04 05:20:11   step 2/2502: loss=3.630689
2026-10-04 05:20:40   step 100/2502: loss=4.885653
2026-10-04 05:21:09   step 200/2502: loss=3.642078
2026-10-04 05:21:38   step 300/2502: loss=4.437815
2026-10-04 05:22:08   step 400/2502: loss=4.920253
2026-10-04 05:22:37   step 500/2502: loss=5.148905
2026-10-04 05:23:06   step 600/2502: loss=5.017309
2026-10-04 05:23:37   step 700/2502: loss=3.778967
2026-10-04 05:24:06   step 800/2502: loss=5.344399
2026-10-04 05:24:36   step 900/2502: loss=4.964373
2026-10-04 05:25:07   step 1000/2502: loss=4.757824
2026-10-04 05:25:37   step 1100/2502: loss=4.758428
2026-10-04 05:26:05   step 1200/2502: loss=5.231947
2026-10-04 05:26:36   step 1300/2502: loss=4.682950
2026-10-04 05:27:06   step 1400/2502: loss=4.184796
2026-10-04 05:27:35   step 1500/2502: loss=4.673607
2026-10-04 05:28:04   step 1600/2502: loss=3.954162
2026-10-04 05:28:34   step 1700/2502: loss=4.954135
2026-10-04 05:29:04   step 1800/2502: loss=4.926098
2026-10-04 05:29:34   step 1900/2502: loss=4.898994
2026-10-04 05:30:02   step 2000/2502: loss=4.206852
2026-10-04 05:30:31   step 2100/2502: loss=4.955020
2026-10-04 05:31:00   step 2200/2502: loss=5.183313
2026-10-04 05:31:30   step 2300/2502: loss=4.822406
2026-10-04 05:32:00   step 2400/2502: loss=5.066843
2026-10-04 05:32:30   step 2500/2502: loss=4.007306
2026-10-04 05:32:37 [pjrt_ffi] RESIDENT: @vitin_emadp128x4wxclipdropeps0000001bf16_fwd holds 200 parameter tensors (21.8 MB) on 4 devices; they stop crossing PCIe from here
2026-10-04 05:33:14 Epoch 71/300: loss=4.505890 lr=0.000442
2026-10-04 05:33:14   epoch 71: test_acc = 30359/50000 = 60.718000%  top5 = 41913/50000 = 83.826000%  [95% CI 60.29–61.15]
2026-10-04 05:33:14   step 0/2502: loss=3.644408
2026-10-04 05:33:14   step 1/2502: loss=4.207249
2026-10-04 05:33:15   step 2/2502: loss=3.949963
2026-10-04 05:33:43   step 100/2502: loss=4.036506
2026-10-04 05:34:12   step 200/2502: loss=3.569046
2026-10-04 05:34:41   step 300/2502: loss=3.707737
2026-10-04 05:35:10   step 400/2502: loss=4.650562
2026-10-04 05:35:39   step 500/2502: loss=3.441649
2026-10-04 05:36:08   step 600/2502: loss=4.079318
2026-10-04 05:36:38   step 700/2502: loss=5.241800
2026-10-04 05:37:08   step 800/2502: loss=3.592672
2026-10-04 05:37:38   step 900/2502: loss=4.937664
2026-10-04 05:38:07   step 1000/2502: loss=4.978580
2026-10-04 05:38:37   step 1100/2502: loss=5.263570
2026-10-04 05:39:06   step 1200/2502: loss=3.378246
2026-10-04 05:39:36   step 1300/2502: loss=5.232406
2026-10-04 05:40:05   step 1400/2502: loss=5.070879
2026-10-04 05:40:35   step 1500/2502: loss=4.652770
2026-10-04 05:41:04   step 1600/2502: loss=4.532146
2026-10-04 05:41:34   step 1700/2502: loss=4.817096
2026-10-04 05:42:03   step 1800/2502: loss=4.781251
2026-10-04 05:42:34   step 1900/2502: loss=5.177649
2026-10-04 05:43:02   step 2000/2502: loss=4.817101
2026-10-04 05:43:31   step 2100/2502: loss=4.291785
2026-10-04 05:44:00   step 2200/2502: loss=4.726627
2026-10-04 05:44:30   step 2300/2502: loss=5.041907
2026-10-04 05:44:59   step 2400/2502: loss=4.829687
2026-10-04 05:45:28   step 2500/2502: loss=4.706357
2026-10-04 05:45:36 [pjrt_ffi] RESIDENT: @vitin_emadp128x4wxclipdropeps0000001bf16_fwd holds 200 parameter tensors (21.8 MB) on 4 devices; they stop crossing PCIe from here
2026-10-04 05:46:17 Epoch 72/300: loss=4.512984 lr=0.000440
2026-10-04 05:46:17   epoch 72: test_acc = 30444/50000 = 60.888000%  top5 = 41943/50000 = 83.886000%  [95% CI 60.46–61.31]
2026-10-04 05:46:18   step 0/2502: loss=4.978328
2026-10-04 05:46:18   step 1/2502: loss=4.050852
2026-10-04 05:46:18   step 2/2502: loss=4.728270
2026-10-04 05:46:47   step 100/2502: loss=5.256861
2026-10-04 05:47:16   step 200/2502: loss=4.846550
2026-10-04 05:47:45   step 300/2502: loss=5.291246
2026-10-04 05:48:14   step 400/2502: loss=3.734109
2026-10-04 05:48:43   step 500/2502: loss=3.353449
2026-10-04 05:49:12   step 600/2502: loss=4.434810
2026-10-04 05:49:42   step 700/2502: loss=4.473965
2026-10-04 05:50:11   step 800/2502: loss=4.579853
2026-10-04 05:50:42   step 900/2502: loss=4.761422
2026-10-04 05:51:11   step 1000/2502: loss=4.345687
2026-10-04 05:51:40   step 1100/2502: loss=5.384912
2026-10-04 05:52:10   step 1200/2502: loss=4.809535
2026-10-04 05:52:39   step 1300/2502: loss=3.797666
2026-10-04 05:53:09   step 1400/2502: loss=3.649061
2026-10-04 05:53:38   step 1500/2502: loss=4.247039
2026-10-04 05:54:07   step 1600/2502: loss=4.712156
2026-10-04 05:54:37   step 1700/2502: loss=3.848090
2026-10-04 05:55:06   step 1800/2502: loss=4.931115
2026-10-04 05:55:37   step 1900/2502: loss=5.268331
2026-10-04 05:56:05   step 2000/2502: loss=3.551591
2026-10-04 05:56:35   step 2100/2502: loss=3.312804
2026-10-04 05:57:03   step 2200/2502: loss=3.362029
2026-10-04 05:57:33   step 2300/2502: loss=5.039777
2026-10-04 05:58:02   step 2400/2502: loss=4.876728
2026-10-04 05:58:31   step 2500/2502: loss=4.895756
2026-10-04 05:58:39 [pjrt_ffi] RESIDENT: @vitin_emadp128x4wxclipdropeps0000001bf16_fwd holds 200 parameter tensors (21.8 MB) on 4 devices; they stop crossing PCIe from here
2026-10-04 05:59:18 Epoch 73/300: loss=4.511420 lr=0.000439
2026-10-04 05:59:18   epoch 73: test_acc = 30492/50000 = 60.984000%  top5 = 41996/50000 = 83.992000%  [95% CI 60.56–61.41]
2026-10-04 05:59:18   step 0/2502: loss=4.865289
2026-10-04 05:59:20   step 1/2502: loss=4.200907
2026-10-04 05:59:20   step 2/2502: loss=4.036647
2026-10-04 05:59:49   step 100/2502: loss=5.080480
2026-10-04 06:00:17   step 200/2502: loss=4.378440
2026-10-04 06:00:46   step 300/2502: loss=4.580564
2026-10-04 06:01:15   step 400/2502: loss=4.561835
2026-10-04 06:01:44   step 500/2502: loss=4.341864
2026-10-04 06:02:13   step 600/2502: loss=5.008670
2026-10-04 06:02:44   step 700/2502: loss=4.996669
2026-10-04 06:03:13   step 800/2502: loss=5.285212
2026-10-04 06:03:43   step 900/2502: loss=5.041615
2026-10-04 06:04:13   step 1000/2502: loss=5.350519
2026-10-04 06:04:42   step 1100/2502: loss=4.296986
2026-10-04 06:05:12   step 1200/2502: loss=5.364337
2026-10-04 06:05:41   step 1300/2502: loss=3.739495
2026-10-04 06:06:11   step 1400/2502: loss=4.374095
2026-10-04 06:06:40   step 1500/2502: loss=4.778256
2026-10-04 06:07:10   step 1600/2502: loss=3.877763
2026-10-04 06:07:39   step 1700/2502: loss=5.060594
2026-10-04 06:08:09   step 1800/2502: loss=5.154214
2026-10-04 06:08:37   step 1900/2502: loss=4.690063
2026-10-04 06:09:08   step 2000/2502: loss=5.098068
2026-10-04 06:09:39   step 2100/2502: loss=4.754625
2026-10-04 06:10:08   step 2200/2502: loss=4.742931
2026-10-04 06:10:37   step 2300/2502: loss=3.220894
2026-10-04 06:11:06   step 2400/2502: loss=4.574890
2026-10-04 06:11:35   step 2500/2502: loss=4.057394
2026-10-04 06:11:42 [pjrt_ffi] RESIDENT: @vitin_emadp128x4wxclipdropeps0000001bf16_fwd holds 200 parameter tensors (21.8 MB) on 4 devices; they stop crossing PCIe from here
2026-10-04 06:12:19 Epoch 74/300: loss=4.486441 lr=0.000437
2026-10-04 06:12:19   epoch 74: test_acc = 30569/50000 = 61.138000%  top5 = 42041/50000 = 84.082000%  [95% CI 60.71–61.56]
2026-10-04 06:12:19   step 0/2502: loss=4.408586
2026-10-04 06:12:19   step 1/2502: loss=4.167850
2026-10-04 06:12:19   step 2/2502: loss=3.713649
2026-10-04 06:12:48   step 100/2502: loss=4.490839
2026-10-04 06:13:16   step 200/2502: loss=4.566315
2026-10-04 06:13:45   step 300/2502: loss=4.302968
2026-10-04 06:14:14   step 400/2502: loss=5.333759
2026-10-04 06:14:44   step 500/2502: loss=4.877831
2026-10-04 06:15:13   step 600/2502: loss=4.265276
2026-10-04 06:15:44   step 700/2502: loss=4.453893
2026-10-04 06:16:12   step 800/2502: loss=4.973020
2026-10-04 06:16:44   step 900/2502: loss=4.674093
2026-10-04 06:17:13   step 1000/2502: loss=4.989795
2026-10-04 06:17:43   step 1100/2502: loss=5.217614
2026-10-04 06:18:12   step 1200/2502: loss=4.508584
2026-10-04 06:18:41   step 1300/2502: loss=4.073423
2026-10-04 06:19:10   step 1400/2502: loss=4.688366
2026-10-04 06:19:41   step 1500/2502: loss=4.400885
2026-10-04 06:20:11   step 1600/2502: loss=4.048376
2026-10-04 06:20:39   step 1700/2502: loss=4.860886
2026-10-04 06:21:10   step 1800/2502: loss=4.620063
2026-10-04 06:21:39   step 1900/2502: loss=3.841119
2026-10-04 06:22:08   step 2000/2502: loss=3.212901
2026-10-04 06:22:37   step 2100/2502: loss=4.763566
2026-10-04 06:23:06   step 2200/2502: loss=3.386732
2026-10-04 06:23:35   step 2300/2502: loss=4.494492
2026-10-04 06:24:04   step 2400/2502: loss=4.886872
2026-10-04 06:24:34   step 2500/2502: loss=4.580844
2026-10-04 06:24:41 [pjrt_ffi] RESIDENT: @vitin_emadp128x4wxclipdropeps0000001bf16_fwd holds 200 parameter tensors (21.8 MB) on 4 devices; they stop crossing PCIe from here
2026-10-04 06:25:18 Epoch 75/300: loss=4.486009 lr=0.000435
2026-10-04 06:25:18   epoch 75: test_acc = 30669/50000 = 61.338000%  top5 = 42093/50000 = 84.186000%  [95% CI 60.91–61.76]
2026-10-04 06:25:19   step 0/2502: loss=4.627755
2026-10-04 06:25:19   step 1/2502: loss=4.553899
2026-10-04 06:25:19   step 2/2502: loss=5.202719
2026-10-04 06:25:48   step 100/2502: loss=3.495430
2026-10-04 06:26:17   step 200/2502: loss=3.095377
2026-10-04 06:26:45   step 300/2502: loss=4.187340
2026-10-04 06:27:14   step 400/2502: loss=4.832198
2026-10-04 06:27:43   step 500/2502: loss=4.135522
2026-10-04 06:28:13   step 600/2502: loss=4.892685
2026-10-04 06:28:43   step 700/2502: loss=4.580293
2026-10-04 06:29:14   step 800/2502: loss=4.477897
2026-10-04 06:29:42   step 900/2502: loss=3.795403
2026-10-04 06:30:12   step 1000/2502: loss=4.604469
2026-10-04 06:30:41   step 1100/2502: loss=4.743629
2026-10-04 06:31:12   step 1200/2502: loss=3.808610
2026-10-04 06:31:42   step 1300/2502: loss=5.181444
2026-10-04 06:32:12   step 1400/2502: loss=3.807785
2026-10-04 06:32:41   step 1500/2502: loss=3.897879
2026-10-04 06:33:09   step 1600/2502: loss=3.541033
2026-10-04 06:33:40   step 1700/2502: loss=4.650785
2026-10-04 06:34:10   step 1800/2502: loss=4.983518
2026-10-04 06:34:39   step 1900/2502: loss=3.599275
2026-10-04 06:35:08   step 2000/2502: loss=4.095212
2026-10-04 06:35:38   step 2100/2502: loss=3.378356
2026-10-04 06:36:07   step 2200/2502: loss=4.671031
2026-10-04 06:36:36   step 2300/2502: loss=4.042226
2026-10-04 06:37:04   step 2400/2502: loss=5.043740
2026-10-04 06:37:33   step 2500/2502: loss=3.617961
2026-10-04 06:37:40 [pjrt_ffi] RESIDENT: @vitin_emadp128x4wxclipdropeps0000001bf16_fwd holds 200 parameter tensors (21.8 MB) on 4 devices; they stop crossing PCIe from here
2026-10-04 06:38:20 Epoch 76/300: loss=4.483510 lr=0.000433
2026-10-04 06:38:20   epoch 76: test_acc = 30706/50000 = 61.412000%  top5 = 42129/50000 = 84.258000%  [95% CI 60.98–61.84]
2026-10-04 06:38:20   step 0/2502: loss=4.747847
2026-10-04 06:38:20   step 1/2502: loss=5.049836
2026-10-04 06:38:20   step 2/2502: loss=4.506872
2026-10-04 06:38:49   step 100/2502: loss=3.673338
2026-10-04 06:39:18   step 200/2502: loss=5.121383
2026-10-04 06:39:46   step 300/2502: loss=3.573502
2026-10-04 06:40:15   step 400/2502: loss=4.794192
2026-10-04 06:40:44   step 500/2502: loss=5.108372
2026-10-04 06:41:14   step 600/2502: loss=5.003038
2026-10-04 06:41:44   step 700/2502: loss=3.674912
2026-10-04 06:42:13   step 800/2502: loss=4.599869
2026-10-04 06:42:44   step 900/2502: loss=3.570734
2026-10-04 06:43:13   step 1000/2502: loss=4.898973
2026-10-04 06:43:43   step 1100/2502: loss=4.637443
2026-10-04 06:44:12   step 1200/2502: loss=4.707768
2026-10-04 06:44:42   step 1300/2502: loss=5.238380
2026-10-04 06:45:11   step 1400/2502: loss=4.670295
2026-10-04 06:45:40   step 1500/2502: loss=4.902280
2026-10-04 06:46:09   step 1600/2502: loss=4.480216
2026-10-04 06:46:39   step 1700/2502: loss=4.992120
2026-10-04 06:47:08   step 1800/2502: loss=4.831675
2026-10-04 06:47:38   step 1900/2502: loss=4.101572
2026-10-04 06:48:07   step 2000/2502: loss=4.591914
2026-10-04 06:48:38   step 2100/2502: loss=4.193314
2026-10-04 06:49:06   step 2200/2502: loss=4.455060
2026-10-04 06:49:35   step 2300/2502: loss=5.237380
2026-10-04 06:50:07   step 2400/2502: loss=4.294051
2026-10-04 06:50:37   step 2500/2502: loss=4.638063
2026-10-04 06:50:43 [pjrt_ffi] RESIDENT: @vitin_emadp128x4wxclipdropeps0000001bf16_fwd holds 200 parameter tensors (21.8 MB) on 4 devices; they stop crossing PCIe from here
2026-10-04 06:51:15 Epoch 77/300: loss=4.473287 lr=0.000431
2026-10-04 06:51:15   epoch 77: test_acc = 30770/50000 = 61.540000%  top5 = 42186/50000 = 84.372000%  [95% CI 61.11–61.97]
2026-10-04 06:51:15   step 0/2502: loss=3.418125
2026-10-04 06:51:15   step 1/2502: loss=4.779688
2026-10-04 06:51:15   step 2/2502: loss=3.812148
2026-10-04 06:51:44   step 100/2502: loss=4.585148
2026-10-04 06:52:13   step 200/2502: loss=5.095625
2026-10-04 06:52:42   step 300/2502: loss=3.653068
2026-10-04 06:53:11   step 400/2502: loss=5.014216
2026-10-04 06:53:41   step 500/2502: loss=4.295072
2026-10-04 06:54:10   step 600/2502: loss=4.762669
2026-10-04 06:54:42   step 700/2502: loss=3.501103
2026-10-04 06:55:12   step 800/2502: loss=4.797257
2026-10-04 06:55:41   step 900/2502: loss=3.429232
2026-10-04 06:56:10   step 1000/2502: loss=3.765109
2026-10-04 06:56:39   step 1100/2502: loss=4.814478
2026-10-04 06:57:09   step 1200/2502: loss=3.886658
2026-10-04 06:57:39   step 1300/2502: loss=4.990365
2026-10-04 06:58:08   step 1400/2502: loss=3.786269
2026-10-04 06:58:37   step 1500/2502: loss=4.647741
2026-10-04 06:59:07   step 1600/2502: loss=5.317529
2026-10-04 06:59:35   step 1700/2502: loss=4.977777
2026-10-04 07:00:05   step 1800/2502: loss=5.107388
2026-10-04 07:00:34   step 1900/2502: loss=4.986468
2026-10-04 07:01:03   step 2000/2502: loss=4.200596
2026-10-04 07:01:32   step 2100/2502: loss=4.759159
2026-10-04 07:02:01   step 2200/2502: loss=5.085100
2026-10-04 07:02:30   step 2300/2502: loss=4.549507
2026-10-04 07:02:59   step 2400/2502: loss=5.152365
2026-10-04 07:03:28   step 2500/2502: loss=4.787713
2026-10-04 07:03:37 [pjrt_ffi] RESIDENT: @vitin_emadp128x4wxclipdropeps0000001bf16_fwd holds 200 parameter tensors (21.8 MB) on 4 devices; they stop crossing PCIe from here
2026-10-04 07:04:17 Epoch 78/300: loss=4.466012 lr=0.000430
2026-10-04 07:04:17   epoch 78: test_acc = 30851/50000 = 61.702000%  top5 = 42217/50000 = 84.434000%  [95% CI 61.28–62.13]
2026-10-04 07:04:17   step 0/2502: loss=4.549178
2026-10-04 07:04:18   step 1/2502: loss=3.894426
2026-10-04 07:04:18   step 2/2502: loss=4.305871
2026-10-04 07:04:46   step 100/2502: loss=4.173370
2026-10-04 07:05:15   step 200/2502: loss=4.537805
2026-10-04 07:05:44   step 300/2502: loss=3.376426
2026-10-04 07:06:13   step 400/2502: loss=3.331907
2026-10-04 07:06:42   step 500/2502: loss=4.027200
2026-10-04 07:07:12   step 600/2502: loss=5.093582
2026-10-04 07:07:41   step 700/2502: loss=3.437017
2026-10-04 07:08:13   step 800/2502: loss=5.360776
2026-10-04 07:08:43   step 900/2502: loss=5.175501
2026-10-04 07:09:12   step 1000/2502: loss=5.047742
2026-10-04 07:09:41   step 1100/2502: loss=4.046715
2026-10-04 07:10:13   step 1200/2502: loss=4.861964
2026-10-04 07:10:43   step 1300/2502: loss=4.977624
2026-10-04 07:11:11   step 1400/2502: loss=4.990506
2026-10-04 07:11:41   step 1500/2502: loss=4.875143
2026-10-04 07:12:11   step 1600/2502: loss=4.745490
2026-10-04 07:12:40   step 1700/2502: loss=3.778132
2026-10-04 07:13:10   step 1800/2502: loss=5.140132
2026-10-04 07:13:40   step 1900/2502: loss=4.857573
2026-10-04 07:14:09   step 2000/2502: loss=4.138932
2026-10-04 07:14:38   step 2100/2502: loss=4.982400
2026-10-04 07:15:06   step 2200/2502: loss=5.013085
2026-10-04 07:15:35   step 2300/2502: loss=5.031335
2026-10-04 07:16:06   step 2400/2502: loss=4.535494
2026-10-04 07:16:35   step 2500/2502: loss=4.740499
2026-10-04 07:16:42 [pjrt_ffi] RESIDENT: @vitin_emadp128x4wxclipdropeps0000001bf16_fwd holds 200 parameter tensors (21.8 MB) on 4 devices; they stop crossing PCIe from here
2026-10-04 07:17:18 Epoch 79/300: loss=4.455452 lr=0.000428
2026-10-04 07:17:18   epoch 79: test_acc = 30890/50000 = 61.780000%  top5 = 42236/50000 = 84.472000%  [95% CI 61.35–62.21]
2026-10-04 07:17:18   step 0/2502: loss=5.009849
2026-10-04 07:17:19   step 1/2502: loss=5.109641
2026-10-04 07:17:19   step 2/2502: loss=3.605601
2026-10-04 07:17:47   step 100/2502: loss=3.477139
2026-10-04 07:18:16   step 200/2502: loss=4.742545
2026-10-04 07:18:45   step 300/2502: loss=5.100783
2026-10-04 07:19:14   step 400/2502: loss=4.607270
2026-10-04 07:19:43   step 500/2502: loss=4.636122
2026-10-04 07:20:13   step 600/2502: loss=4.068008
2026-10-04 07:20:43   step 700/2502: loss=3.787800
2026-10-04 07:21:13   step 800/2502: loss=4.819524
2026-10-04 07:21:43   step 900/2502: loss=3.490250
2026-10-04 07:22:12   step 1000/2502: loss=4.807419
2026-10-04 07:22:41   step 1100/2502: loss=4.239846
2026-10-04 07:23:12   step 1200/2502: loss=4.538125
2026-10-04 07:23:41   step 1300/2502: loss=4.584254
2026-10-04 07:24:10   step 1400/2502: loss=4.014170
2026-10-04 07:24:39   step 1500/2502: loss=4.608281
2026-10-04 07:25:09   step 1600/2502: loss=5.067800
2026-10-04 07:25:38   step 1700/2502: loss=4.551556
2026-10-04 07:26:07   step 1800/2502: loss=4.329560
2026-10-04 07:26:36   step 1900/2502: loss=5.160024
2026-10-04 07:27:05   step 2000/2502: loss=4.821313
2026-10-04 07:27:34   step 2100/2502: loss=5.237589
2026-10-04 07:28:04   step 2200/2502: loss=5.047893
2026-10-04 07:28:33   step 2300/2502: loss=3.837409
2026-10-04 07:29:02   step 2400/2502: loss=5.039541
2026-10-04 07:29:31   step 2500/2502: loss=3.785223
2026-10-04 07:29:38 [pjrt_ffi] RESIDENT: @vitin_emadp128x4wxclipdropeps0000001bf16_fwd holds 200 parameter tensors (21.8 MB) on 4 devices; they stop crossing PCIe from here
2026-10-04 07:30:17 Epoch 80/300: loss=4.454448 lr=0.000426
2026-10-04 07:30:17   epoch 80: test_acc = 30921/50000 = 61.842000%  top5 = 42310/50000 = 84.620000%  [95% CI 61.42–62.27]
2026-10-04 07:30:21   ▸ shim respawn: producer 3 of 4 replaced after epoch 80 (generation 8, seed 36)
2026-10-04 07:30:21   step 0/2502: loss=4.442476
2026-10-04 07:30:21   step 1/2502: loss=5.297340
2026-10-04 07:30:22   step 2/2502: loss=4.418618
2026-10-04 07:30:53   step 100/2502: loss=4.743506
2026-10-04 07:31:21   step 200/2502: loss=4.727823
2026-10-04 07:31:50   step 300/2502: loss=4.619230
2026-10-04 07:32:19   step 400/2502: loss=4.546280
2026-10-04 07:32:47   step 500/2502: loss=4.545342
2026-10-04 07:33:16   step 600/2502: loss=4.816353
2026-10-04 07:33:45   step 700/2502: loss=5.295488
2026-10-04 07:34:15   step 800/2502: loss=4.653786
2026-10-04 07:34:44   step 900/2502: loss=3.834921
2026-10-04 07:35:15   step 1000/2502: loss=4.688463
2026-10-04 07:35:43   step 1100/2502: loss=5.022591
2026-10-04 07:36:15   step 1200/2502: loss=3.937899
2026-10-04 07:36:44   step 1300/2502: loss=5.212876
2026-10-04 07:37:13   step 1400/2502: loss=4.871994
2026-10-04 07:37:43   step 1500/2502: loss=5.230946
2026-10-04 07:38:12   step 1600/2502: loss=4.852600
2026-10-04 07:38:41   step 1700/2502: loss=3.360674
2026-10-04 07:39:10   step 1800/2502: loss=4.974732
2026-10-04 07:39:39   step 1900/2502: loss=3.820389
2026-10-04 07:40:09   step 2000/2502: loss=4.694009
2026-10-04 07:40:38   step 2100/2502: loss=4.459352
2026-10-04 07:41:08   step 2200/2502: loss=4.535292
2026-10-04 07:41:37   step 2300/2502: loss=4.071754
2026-10-04 07:42:06   step 2400/2502: loss=5.055915
2026-10-04 07:42:35   step 2500/2502: loss=4.809987
2026-10-04 07:42:42 [pjrt_ffi] RESIDENT: @vitin_emadp128x4wxclipdropeps0000001bf16_fwd holds 200 parameter tensors (21.8 MB) on 4 devices; they stop crossing PCIe from here
2026-10-04 07:43:15 Epoch 81/300: loss=4.467401 lr=0.000424
2026-10-04 07:43:15   epoch 81: test_acc = 30968/50000 = 61.936000%  top5 = 42356/50000 = 84.712000%  [95% CI 61.51–62.36]
2026-10-04 07:43:16   step 0/2502: loss=3.728177
2026-10-04 07:43:16   step 1/2502: loss=4.722618
2026-10-04 07:43:16   step 2/2502: loss=4.696762
2026-10-04 07:43:45   step 100/2502: loss=4.856472
2026-10-04 07:44:13   step 200/2502: loss=4.807210
2026-10-04 07:44:42   step 300/2502: loss=4.641392
2026-10-04 07:45:11   step 400/2502: loss=3.424503
2026-10-04 07:45:42   step 500/2502: loss=4.704665
2026-10-04 07:46:10   step 600/2502: loss=4.990864
2026-10-04 07:46:39   step 700/2502: loss=4.743465
2026-10-04 07:47:10   step 800/2502: loss=3.283329
2026-10-04 07:47:40   step 900/2502: loss=4.300239
2026-10-04 07:48:09   step 1000/2502: loss=5.155919
2026-10-04 07:48:39   step 1100/2502: loss=4.998458
2026-10-04 07:49:08   step 1200/2502: loss=4.926955
2026-10-04 07:49:39   step 1300/2502: loss=4.805783
2026-10-04 07:50:08   step 1400/2502: loss=3.310734
2026-10-04 07:50:36   step 1500/2502: loss=4.335196
2026-10-04 07:51:07   step 1600/2502: loss=3.822017
2026-10-04 07:51:36   step 1700/2502: loss=4.780396
2026-10-04 07:52:05   step 1800/2502: loss=5.348566
2026-10-04 07:52:34   step 1900/2502: loss=4.437509
2026-10-04 07:53:03   step 2000/2502: loss=4.638565
2026-10-04 07:53:32   step 2100/2502: loss=4.623082
2026-10-04 07:54:02   step 2200/2502: loss=3.976244
2026-10-04 07:54:31   step 2300/2502: loss=5.054544
2026-10-04 07:55:00   step 2400/2502: loss=4.960792
2026-10-04 07:55:28   step 2500/2502: loss=3.865730
2026-10-04 07:55:36 [pjrt_ffi] RESIDENT: @vitin_emadp128x4wxclipdropeps0000001bf16_fwd holds 200 parameter tensors (21.8 MB) on 4 devices; they stop crossing PCIe from here
2026-10-04 07:56:18 Epoch 82/300: loss=4.452538 lr=0.000422
2026-10-04 07:56:18   epoch 82: test_acc = 31023/50000 = 62.046000%  top5 = 42401/50000 = 84.802000%  [95% CI 61.62–62.47]
2026-10-04 07:56:18   step 0/2502: loss=3.507739
2026-10-04 07:56:18   step 1/2502: loss=4.977442
2026-10-04 07:56:19   step 2/2502: loss=5.235918
2026-10-04 07:56:47   step 100/2502: loss=4.411116
2026-10-04 07:57:15   step 200/2502: loss=3.508337
2026-10-04 07:57:44   step 300/2502: loss=4.961194
2026-10-04 07:58:14   step 400/2502: loss=4.343826
2026-10-04 07:58:43   step 500/2502: loss=4.497060
2026-10-04 07:59:12   step 600/2502: loss=5.188982
2026-10-04 07:59:42   step 700/2502: loss=3.940321
2026-10-04 08:00:12   step 800/2502: loss=5.058433
2026-10-04 08:00:42   step 900/2502: loss=4.730744
2026-10-04 08:01:12   step 1000/2502: loss=5.029004
2026-10-04 08:01:40   step 1100/2502: loss=4.021235
2026-10-04 08:02:09   step 1200/2502: loss=4.473405
2026-10-04 08:02:40   step 1300/2502: loss=4.731443
2026-10-04 08:03:09   step 1400/2502: loss=4.522937
2026-10-04 08:03:37   step 1500/2502: loss=4.530577
2026-10-04 08:04:06   step 1600/2502: loss=4.096717
2026-10-04 08:04:35   step 1700/2502: loss=4.926619
2026-10-04 08:05:05   step 1800/2502: loss=4.024257
2026-10-04 08:05:34   step 1900/2502: loss=4.884844
2026-10-04 08:06:03   step 2000/2502: loss=3.697923
2026-10-04 08:06:32   step 2100/2502: loss=4.644442
2026-10-04 08:07:01   step 2200/2502: loss=4.902941
2026-10-04 08:07:30   step 2300/2502: loss=4.284287
2026-10-04 08:07:59   step 2400/2502: loss=4.501432
2026-10-04 08:08:28   step 2500/2502: loss=4.942463
2026-10-04 08:08:36 [pjrt_ffi] RESIDENT: @vitin_emadp128x4wxclipdropeps0000001bf16_fwd holds 200 parameter tensors (21.8 MB) on 4 devices; they stop crossing PCIe from here
2026-10-04 08:09:11 Epoch 83/300: loss=4.430174 lr=0.000420
2026-10-04 08:09:11   epoch 83: test_acc = 31083/50000 = 62.166000%  top5 = 42420/50000 = 84.840000%  [95% CI 61.74–62.59]
2026-10-04 08:09:11   step 0/2502: loss=4.452581
2026-10-04 08:09:11   step 1/2502: loss=3.971900
2026-10-04 08:09:12   step 2/2502: loss=4.836889
2026-10-04 08:09:40   step 100/2502: loss=4.461225
2026-10-04 08:10:09   step 200/2502: loss=3.903747
2026-10-04 08:10:38   step 300/2502: loss=3.323957
2026-10-04 08:11:07   step 400/2502: loss=4.897367
2026-10-04 08:11:36   step 500/2502: loss=3.956303
2026-10-04 08:12:05   step 600/2502: loss=4.137171
2026-10-04 08:12:35   step 700/2502: loss=5.186110
2026-10-04 08:13:05   step 800/2502: loss=4.515673
2026-10-04 08:13:35   step 900/2502: loss=3.623091
2026-10-04 08:14:04   step 1000/2502: loss=4.389373
2026-10-04 08:14:33   step 1100/2502: loss=4.723288
2026-10-04 08:15:02   step 1200/2502: loss=3.145477
2026-10-04 08:15:33   step 1300/2502: loss=5.193844
2026-10-04 08:16:02   step 1400/2502: loss=4.467373
2026-10-04 08:16:30   step 1500/2502: loss=5.109321
2026-10-04 08:16:59   step 1600/2502: loss=3.689374
2026-10-04 08:17:28   step 1700/2502: loss=4.418051
2026-10-04 08:17:57   step 1800/2502: loss=4.260502
2026-10-04 08:18:28   step 1900/2502: loss=3.457338
2026-10-04 08:18:57   step 2000/2502: loss=3.534528
2026-10-04 08:19:26   step 2100/2502: loss=5.388730
2026-10-04 08:19:55   step 2200/2502: loss=3.998224
2026-10-04 08:20:24   step 2300/2502: loss=4.899583
2026-10-04 08:20:52   step 2400/2502: loss=3.923981
2026-10-04 08:21:21   step 2500/2502: loss=4.315640
2026-10-04 08:21:28 [pjrt_ffi] RESIDENT: @vitin_emadp128x4wxclipdropeps0000001bf16_fwd holds 200 parameter tensors (21.8 MB) on 4 devices; they stop crossing PCIe from here
2026-10-04 08:22:06 Epoch 84/300: loss=4.454176 lr=0.000418
2026-10-04 08:22:06   epoch 84: test_acc = 31124/50000 = 62.248000%  top5 = 42475/50000 = 84.950000%  [95% CI 61.82–62.67]
2026-10-04 08:22:07   step 0/2502: loss=5.029737
2026-10-04 08:22:07   step 1/2502: loss=3.782687
2026-10-04 08:22:07   step 2/2502: loss=4.723167
2026-10-04 08:22:35   step 100/2502: loss=3.220690
2026-10-04 08:23:04   step 200/2502: loss=4.544625
2026-10-04 08:23:33   step 300/2502: loss=4.965546
2026-10-04 08:24:01   step 400/2502: loss=3.152696
2026-10-04 08:24:30   step 500/2502: loss=3.595528
2026-10-04 08:25:00   step 600/2502: loss=5.054913
2026-10-04 08:25:30   step 700/2502: loss=4.255928
2026-10-04 08:26:01   step 800/2502: loss=4.839350
2026-10-04 08:26:30   step 900/2502: loss=4.890109
2026-10-04 08:26:59   step 1000/2502: loss=4.803085
2026-10-04 08:27:31   step 1100/2502: loss=5.230139
2026-10-04 08:28:00   step 1200/2502: loss=4.834293
2026-10-04 08:28:29   step 1300/2502: loss=4.179579
2026-10-04 08:28:58   step 1400/2502: loss=4.688365
2026-10-04 08:29:28   step 1500/2502: loss=3.701041
2026-10-04 08:29:57   step 1600/2502: loss=3.618018
2026-10-04 08:30:25   step 1700/2502: loss=3.109122
2026-10-04 08:30:54   step 1800/2502: loss=4.936952
2026-10-04 08:31:23   step 1900/2502: loss=4.305401
2026-10-04 08:31:52   step 2000/2502: loss=4.745155
2026-10-04 08:32:21   step 2100/2502: loss=3.295029
2026-10-04 08:32:51   step 2200/2502: loss=4.271785
2026-10-04 08:33:19   step 2300/2502: loss=4.893015
2026-10-04 08:33:48   step 2400/2502: loss=4.567555
2026-10-04 08:34:17   step 2500/2502: loss=5.114989
2026-10-04 08:34:24 [pjrt_ffi] RESIDENT: @vitin_emadp128x4wxclipdropeps0000001bf16_fwd holds 200 parameter tensors (21.8 MB) on 4 devices; they stop crossing PCIe from here
2026-10-04 08:35:02 Epoch 85/300: loss=4.444383 lr=0.000416
2026-10-04 08:35:02   epoch 85: test_acc = 31189/50000 = 62.378000%  top5 = 42483/50000 = 84.966000%  [95% CI 61.95–62.80]
2026-10-04 08:35:03   step 0/2502: loss=4.782632
2026-10-04 08:35:03   step 1/2502: loss=3.788050
2026-10-04 08:35:03   step 2/2502: loss=3.881831
2026-10-04 08:35:31   step 100/2502: loss=4.740685
2026-10-04 08:36:00   step 200/2502: loss=3.280283
2026-10-04 08:36:29   step 300/2502: loss=4.379591
2026-10-04 08:36:58   step 400/2502: loss=4.492129
2026-10-04 08:37:26   step 500/2502: loss=5.001029
2026-10-04 08:37:55   step 600/2502: loss=3.659562
2026-10-04 08:38:25   step 700/2502: loss=3.608286
2026-10-04 08:38:54   step 800/2502: loss=4.875585
2026-10-04 08:39:25   step 900/2502: loss=5.000400
2026-10-04 08:39:53   step 1000/2502: loss=3.864223
2026-10-04 08:40:22   step 1100/2502: loss=4.874751
2026-10-04 08:40:54   step 1200/2502: loss=4.903525
2026-10-04 08:41:23   step 1300/2502: loss=4.065289
2026-10-04 08:41:51   step 1400/2502: loss=5.053547
2026-10-04 08:42:20   step 1500/2502: loss=3.884384
2026-10-04 08:42:48   step 1600/2502: loss=4.536668
2026-10-04 08:43:17   step 1700/2502: loss=4.858148
2026-10-04 08:43:47   step 1800/2502: loss=5.386250
2026-10-04 08:44:16   step 1900/2502: loss=3.357516
2026-10-04 08:44:46   step 2000/2502: loss=4.284789
2026-10-04 08:45:14   step 2100/2502: loss=3.109762
2026-10-04 08:45:43   step 2200/2502: loss=4.396403
2026-10-04 08:46:12   step 2300/2502: loss=4.137059
2026-10-04 08:46:42   step 2400/2502: loss=3.732828
2026-10-04 08:47:10   step 2500/2502: loss=4.846174
2026-10-04 08:47:18 [pjrt_ffi] RESIDENT: @vitin_emadp128x4wxclipdropeps0000001bf16_fwd holds 200 parameter tensors (21.8 MB) on 4 devices; they stop crossing PCIe from here
2026-10-04 08:47:56 Epoch 86/300: loss=4.421091 lr=0.000414
2026-10-04 08:47:56   epoch 86: test_acc = 31199/50000 = 62.398000%  top5 = 42534/50000 = 85.068000%  [95% CI 61.97–62.82]
2026-10-04 08:47:57   step 0/2502: loss=4.691305
2026-10-04 08:47:57   step 1/2502: loss=4.709401
2026-10-04 08:47:57   step 2/2502: loss=4.647382
2026-10-04 08:48:25   step 100/2502: loss=4.340369
2026-10-04 08:48:55   step 200/2502: loss=3.923286
2026-10-04 08:49:23   step 300/2502: loss=3.954387
2026-10-04 08:49:52   step 400/2502: loss=3.393783
2026-10-04 08:50:20   step 500/2502: loss=4.149213
2026-10-04 08:50:49   step 600/2502: loss=4.563643
2026-10-04 08:51:19   step 700/2502: loss=4.805564
2026-10-04 08:51:50   step 800/2502: loss=5.103708
2026-10-04 08:52:20   step 900/2502: loss=5.071640
2026-10-04 08:52:49   step 1000/2502: loss=3.886367
2026-10-04 08:53:18   step 1100/2502: loss=4.869385
2026-10-04 08:53:47   step 1200/2502: loss=3.551590
2026-10-04 08:54:17   step 1300/2502: loss=4.445686
2026-10-04 08:54:46   step 1400/2502: loss=4.359759
2026-10-04 08:55:15   step 1500/2502: loss=4.973397
2026-10-04 08:55:44   step 1600/2502: loss=3.704408
2026-10-04 08:56:14   step 1700/2502: loss=4.715278
2026-10-04 08:56:43   step 1800/2502: loss=3.641706
2026-10-04 08:57:11   step 1900/2502: loss=3.272216
2026-10-04 08:57:39   step 2000/2502: loss=4.067830
2026-10-04 08:58:09   step 2100/2502: loss=4.868558
2026-10-04 08:58:38   step 2200/2502: loss=3.203440
2026-10-04 08:59:07   step 2300/2502: loss=4.704412
2026-10-04 08:59:36   step 2400/2502: loss=5.403739
2026-10-04 09:00:05   step 2500/2502: loss=4.584285
2026-10-04 09:00:12 [pjrt_ffi] RESIDENT: @vitin_emadp128x4wxclipdropeps0000001bf16_fwd holds 200 parameter tensors (21.8 MB) on 4 devices; they stop crossing PCIe from here
2026-10-04 09:00:49 Epoch 87/300: loss=4.443935 lr=0.000412
2026-10-04 09:00:49   epoch 87: test_acc = 31268/50000 = 62.536000%  top5 = 42563/50000 = 85.126000%  [95% CI 62.11–62.96]
2026-10-04 09:00:49   step 0/2502: loss=4.599235
2026-10-04 09:00:49   step 1/2502: loss=5.200646
2026-10-04 09:00:49   step 2/2502: loss=4.707030
2026-10-04 09:01:18   step 100/2502: loss=5.156296
2026-10-04 09:01:46   step 200/2502: loss=3.282166
2026-10-04 09:02:15   step 300/2502: loss=3.730260
2026-10-04 09:02:43   step 400/2502: loss=3.734915
2026-10-04 09:03:12   step 500/2502: loss=3.935312
2026-10-04 09:03:40   step 600/2502: loss=4.887960
2026-10-04 09:04:10   step 700/2502: loss=4.098875
2026-10-04 09:04:41   step 800/2502: loss=4.682128
2026-10-04 09:05:10   step 900/2502: loss=4.991013
2026-10-04 09:05:39   step 1000/2502: loss=4.310181
2026-10-04 09:06:08   step 1100/2502: loss=5.117671
2026-10-04 09:06:39   step 1200/2502: loss=3.753070
2026-10-04 09:07:08   step 1300/2502: loss=5.073757
2026-10-04 09:07:37   step 1400/2502: loss=4.265516
2026-10-04 09:08:05   step 1500/2502: loss=3.358216
2026-10-04 09:08:35   step 1600/2502: loss=4.431520
2026-10-04 09:09:04   step 1700/2502: loss=3.747501
2026-10-04 09:09:33   step 1800/2502: loss=5.061552
2026-10-04 09:10:01   step 1900/2502: loss=4.750024
2026-10-04 09:10:32   step 2000/2502: loss=4.667628
2026-10-04 09:11:00   step 2100/2502: loss=3.303568
2026-10-04 09:11:29   step 2200/2502: loss=5.010950
2026-10-04 09:11:57   step 2300/2502: loss=3.010696
2026-10-04 09:12:26   step 2400/2502: loss=4.180411
2026-10-04 09:12:55   step 2500/2502: loss=3.747321
2026-10-04 09:13:02 [pjrt_ffi] RESIDENT: @vitin_emadp128x4wxclipdropeps0000001bf16_fwd holds 200 parameter tensors (21.8 MB) on 4 devices; they stop crossing PCIe from here
2026-10-04 09:13:42 Epoch 88/300: loss=4.430075 lr=0.000410
2026-10-04 09:13:42   epoch 88: test_acc = 31267/50000 = 62.534000%  top5 = 42580/50000 = 85.160000%  [95% CI 62.11–62.96]
2026-10-04 09:13:42   step 0/2502: loss=3.548209
2026-10-04 09:13:42   step 1/2502: loss=4.231745
2026-10-04 09:13:42   step 2/2502: loss=4.237124
2026-10-04 09:14:11   step 100/2502: loss=4.218298
2026-10-04 09:14:40   step 200/2502: loss=4.771753
2026-10-04 09:15:09   step 300/2502: loss=4.764439
2026-10-04 09:15:37   step 400/2502: loss=4.674832
2026-10-04 09:16:06   step 500/2502: loss=4.110798
2026-10-04 09:16:35   step 600/2502: loss=4.473447
2026-10-04 09:17:04   step 700/2502: loss=3.862911
2026-10-04 09:17:36   step 800/2502: loss=4.871197
2026-10-04 09:18:04   step 900/2502: loss=3.648046
2026-10-04 09:18:34   step 1000/2502: loss=4.093856
2026-10-04 09:19:05   step 1100/2502: loss=4.124729
2026-10-04 09:19:35   step 1200/2502: loss=4.585827
2026-10-04 09:20:03   step 1300/2502: loss=4.880724
2026-10-04 09:20:32   step 1400/2502: loss=4.570618
2026-10-04 09:21:03   step 1500/2502: loss=4.557841
2026-10-04 09:21:31   step 1600/2502: loss=4.104774
2026-10-04 09:22:00   step 1700/2502: loss=4.801285
2026-10-04 09:22:29   step 1800/2502: loss=4.940952
2026-10-04 09:22:58   step 1900/2502: loss=3.416979
2026-10-04 09:23:27   step 2000/2502: loss=4.786414
2026-10-04 09:23:55   step 2100/2502: loss=3.373488
2026-10-04 09:24:24   step 2200/2502: loss=4.013148
2026-10-04 09:24:54   step 2300/2502: loss=4.946171
2026-10-04 09:25:23   step 2400/2502: loss=4.855184
2026-10-04 09:25:52   step 2500/2502: loss=5.249950
2026-10-04 09:25:59 [pjrt_ffi] RESIDENT: @vitin_emadp128x4wxclipdropeps0000001bf16_fwd holds 200 parameter tensors (21.8 MB) on 4 devices; they stop crossing PCIe from here
2026-10-04 09:26:37 Epoch 89/300: loss=4.400160 lr=0.000408
2026-10-04 09:26:37   epoch 89: test_acc = 31335/50000 = 62.670000%  top5 = 42601/50000 = 85.202000%  [95% CI 62.25–63.09]
2026-10-04 09:26:37   step 0/2502: loss=3.121130
2026-10-04 09:26:37   step 1/2502: loss=4.488429
2026-10-04 09:26:37   step 2/2502: loss=4.143100
2026-10-04 09:27:06   step 100/2502: loss=4.605361
2026-10-04 09:27:35   step 200/2502: loss=4.006529
2026-10-04 09:28:04   step 300/2502: loss=3.172022
2026-10-04 09:28:32   step 400/2502: loss=4.001667
2026-10-04 09:29:01   step 500/2502: loss=4.206057
2026-10-04 09:29:30   step 600/2502: loss=5.283359
2026-10-04 09:30:01   step 700/2502: loss=4.766840
2026-10-04 09:30:30   step 800/2502: loss=4.869762
2026-10-04 09:31:00   step 900/2502: loss=4.157152
2026-10-04 09:31:29   step 1000/2502: loss=3.820575
2026-10-04 09:31:59   step 1100/2502: loss=4.373690
2026-10-04 09:32:28   step 1200/2502: loss=4.551178
2026-10-04 09:32:57   step 1300/2502: loss=4.830413
2026-10-04 09:33:25   step 1400/2502: loss=5.278662
2026-10-04 09:33:56   step 1500/2502: loss=4.390908
2026-10-04 09:34:24   step 1600/2502: loss=4.399198
2026-10-04 09:34:53   step 1700/2502: loss=4.449872
2026-10-04 09:35:22   step 1800/2502: loss=4.894338
2026-10-04 09:35:51   step 1900/2502: loss=4.782402
2026-10-04 09:36:20   step 2000/2502: loss=4.914699
2026-10-04 09:36:48   step 2100/2502: loss=4.840975
2026-10-04 09:37:17   step 2200/2502: loss=3.683874
2026-10-04 09:37:47   step 2300/2502: loss=4.810002
2026-10-04 09:38:16   step 2400/2502: loss=4.901811
2026-10-04 09:38:46   step 2500/2502: loss=5.040374
2026-10-04 09:38:52 [pjrt_ffi] RESIDENT: @vitin_emadp128x4wxclipdropeps0000001bf16_fwd holds 200 parameter tensors (21.8 MB) on 4 devices; they stop crossing PCIe from here
2026-10-04 09:39:27 Epoch 90/300: loss=4.428689 lr=0.000406
2026-10-04 09:39:27   epoch 90: test_acc = 31344/50000 = 62.688000%  top5 = 42627/50000 = 85.254000%  [95% CI 62.26–63.11]
2026-10-04 09:39:31   ▸ shim respawn: producer 0 of 4 replaced after epoch 90 (generation 9, seed 37)
2026-10-04 09:39:34   step 0/2502: loss=3.559299
2026-10-04 09:39:34   step 1/2502: loss=4.730560
2026-10-04 09:39:35   step 2/2502: loss=4.123744
2026-10-04 09:40:03   step 100/2502: loss=4.797125
2026-10-04 09:40:32   step 200/2502: loss=3.987658
2026-10-04 09:41:01   step 300/2502: loss=4.766595
2026-10-04 09:41:30   step 400/2502: loss=3.612420
2026-10-04 09:41:58   step 500/2502: loss=4.929335
2026-10-04 09:42:28   step 600/2502: loss=4.542797
2026-10-04 09:42:58   step 700/2502: loss=3.342091
2026-10-04 09:43:27   step 800/2502: loss=4.440506
2026-10-04 09:43:59   step 900/2502: loss=3.925295
2026-10-04 09:44:27   step 1000/2502: loss=3.696957
2026-10-04 09:44:57   step 1100/2502: loss=4.150417
2026-10-04 09:45:28   step 1200/2502: loss=4.609379
2026-10-04 09:45:59   step 1300/2502: loss=4.888283
2026-10-04 09:46:28   step 1400/2502: loss=4.406285
2026-10-04 09:46:57   step 1500/2502: loss=3.432902
2026-10-04 09:47:26   step 1600/2502: loss=4.204922
2026-10-04 09:47:55   step 1700/2502: loss=4.996130
2026-10-04 09:48:24   step 1800/2502: loss=3.957087
2026-10-04 09:48:54   step 1900/2502: loss=3.409693
2026-10-04 09:49:22   step 2000/2502: loss=4.946218
2026-10-04 09:49:51   step 2100/2502: loss=3.388365
2026-10-04 09:50:20   step 2200/2502: loss=5.036942
2026-10-04 09:50:49   step 2300/2502: loss=4.880118
2026-10-04 09:51:20   step 2400/2502: loss=3.782940
2026-10-04 09:51:48   step 2500/2502: loss=4.900516
2026-10-04 09:51:56 [pjrt_ffi] RESIDENT: @vitin_emadp128x4wxclipdropeps0000001bf16_fwd holds 200 parameter tensors (21.8 MB) on 4 devices; they stop crossing PCIe from here
2026-10-04 09:52:33 Epoch 91/300: loss=4.395868 lr=0.000404
2026-10-04 09:52:33   epoch 91: test_acc = 31398/50000 = 62.796000%  top5 = 42652/50000 = 85.304000%  [95% CI 62.37–63.22]
2026-10-04 09:52:33   step 0/2502: loss=4.547925
2026-10-04 09:52:33   step 1/2502: loss=3.933243
2026-10-04 09:52:33   step 2/2502: loss=4.943578
2026-10-04 09:53:02   step 100/2502: loss=4.189651
2026-10-04 09:53:31   step 200/2502: loss=4.004556
2026-10-04 09:54:00   step 300/2502: loss=4.426628
2026-10-04 09:54:29   step 400/2502: loss=3.925578
2026-10-04 09:54:58   step 500/2502: loss=5.138849
2026-10-04 09:55:28   step 600/2502: loss=3.824101
2026-10-04 09:55:57   step 700/2502: loss=4.858470
2026-10-04 09:56:27   step 800/2502: loss=4.768305
2026-10-04 09:56:56   step 900/2502: loss=3.447903
2026-10-04 09:57:28   step 1000/2502: loss=3.228213
2026-10-04 09:57:57   step 1100/2502: loss=4.885588
2026-10-04 09:58:26   step 1200/2502: loss=4.746201
2026-10-04 09:58:54   step 1300/2502: loss=4.246847
2026-10-04 09:59:23   step 1400/2502: loss=4.766366
2026-10-04 09:59:52   step 1500/2502: loss=5.274168
2026-10-04 10:00:22   step 1600/2502: loss=5.082291
2026-10-04 10:00:51   step 1700/2502: loss=3.793996
2026-10-04 10:01:19   step 1800/2502: loss=4.579771
2026-10-04 10:01:49   step 1900/2502: loss=5.232091
2026-10-04 10:02:17   step 2000/2502: loss=4.535601
2026-10-04 10:02:47   step 2100/2502: loss=3.946267
2026-10-04 10:03:18   step 2200/2502: loss=4.379780
2026-10-04 10:03:47   step 2300/2502: loss=5.126286
2026-10-04 10:04:15   step 2400/2502: loss=4.310267
2026-10-04 10:04:44   step 2500/2502: loss=4.879757
2026-10-04 10:04:51 [pjrt_ffi] RESIDENT: @vitin_emadp128x4wxclipdropeps0000001bf16_fwd holds 200 parameter tensors (21.8 MB) on 4 devices; they stop crossing PCIe from here
2026-10-04 10:05:29 Epoch 92/300: loss=4.407006 lr=0.000402
2026-10-04 10:05:29   epoch 92: test_acc = 31435/50000 = 62.870000%  top5 = 42708/50000 = 85.416000%  [95% CI 62.45–63.29]
2026-10-04 10:05:29   step 0/2502: loss=4.728127
2026-10-04 10:05:30   step 1/2502: loss=4.864757
2026-10-04 10:05:30   step 2/2502: loss=4.395055
2026-10-04 10:05:58   step 100/2502: loss=3.170390
2026-10-04 10:06:27   step 200/2502: loss=3.586436
2026-10-04 10:06:56   step 300/2502: loss=3.690759
2026-10-04 10:07:25   step 400/2502: loss=4.836587
2026-10-04 10:07:53   step 500/2502: loss=5.364646
2026-10-04 10:08:24   step 600/2502: loss=4.809207
2026-10-04 10:08:52   step 700/2502: loss=5.288673
2026-10-04 10:09:23   step 800/2502: loss=4.849963
2026-10-04 10:09:53   step 900/2502: loss=3.123770
2026-10-04 10:10:23   step 1000/2502: loss=4.751745
2026-10-04 10:10:53   step 1100/2502: loss=5.227810
2026-10-04 10:11:22   step 1200/2502: loss=3.916947
2026-10-04 10:11:51   step 1300/2502: loss=3.534732
2026-10-04 10:12:20   step 1400/2502: loss=4.223912
2026-10-04 10:12:49   step 1500/2502: loss=3.689497
2026-10-04 10:13:19   step 1600/2502: loss=3.632656
2026-10-04 10:13:49   step 1700/2502: loss=4.944316
2026-10-04 10:14:17   step 1800/2502: loss=4.658032
2026-10-04 10:14:46   step 1900/2502: loss=5.042805
2026-10-04 10:15:15   step 2000/2502: loss=3.347243
2026-10-04 10:15:44   step 2100/2502: loss=3.544325
2026-10-04 10:16:12   step 2200/2502: loss=4.685202
2026-10-04 10:16:41   step 2300/2502: loss=3.463443
2026-10-04 10:17:12   step 2400/2502: loss=3.552451
2026-10-04 10:17:41   step 2500/2502: loss=3.348978
2026-10-04 10:17:48 [pjrt_ffi] RESIDENT: @vitin_emadp128x4wxclipdropeps0000001bf16_fwd holds 200 parameter tensors (21.8 MB) on 4 devices; they stop crossing PCIe from here
2026-10-04 10:18:25 Epoch 93/300: loss=4.370424 lr=0.000400
2026-10-04 10:18:25   epoch 93: test_acc = 31487/50000 = 62.974000%  top5 = 42724/50000 = 85.448000%  [95% CI 62.55–63.40]
2026-10-04 10:18:25   step 0/2502: loss=4.879639
2026-10-04 10:18:26   step 1/2502: loss=4.819313
2026-10-04 10:18:26   step 2/2502: loss=4.407909
2026-10-04 10:18:55   step 100/2502: loss=4.640337
2026-10-04 10:19:24   step 200/2502: loss=4.238490
2026-10-04 10:19:53   step 300/2502: loss=3.995163
2026-10-04 10:20:21   step 400/2502: loss=4.296253
2026-10-04 10:20:50   step 500/2502: loss=3.672807
2026-10-04 10:21:19   step 600/2502: loss=4.042148
2026-10-04 10:21:49   step 700/2502: loss=4.574430
2026-10-04 10:22:19   step 800/2502: loss=3.913571
2026-10-04 10:22:50   step 900/2502: loss=4.381036
2026-10-04 10:23:18   step 1000/2502: loss=5.118028
2026-10-04 10:23:47   step 1100/2502: loss=4.753775
2026-10-04 10:24:18   step 1200/2502: loss=4.738583
2026-10-04 10:24:47   step 1300/2502: loss=4.809216
2026-10-04 10:25:16   step 1400/2502: loss=3.845626
2026-10-04 10:25:45   step 1500/2502: loss=4.873015
2026-10-04 10:26:14   step 1600/2502: loss=4.872595
2026-10-04 10:26:43   step 1700/2502: loss=4.057240
2026-10-04 10:27:12   step 1800/2502: loss=4.799070
2026-10-04 10:27:42   step 1900/2502: loss=4.792269
2026-10-04 10:28:11   step 2000/2502: loss=5.066619
2026-10-04 10:28:39   step 2100/2502: loss=4.224244
2026-10-04 10:29:07   step 2200/2502: loss=3.861010
2026-10-04 10:29:38   step 2300/2502: loss=3.482979
2026-10-04 10:30:07   step 2400/2502: loss=4.287291
2026-10-04 10:30:36   step 2500/2502: loss=3.921145
2026-10-04 10:30:43 [pjrt_ffi] RESIDENT: @vitin_emadp128x4wxclipdropeps0000001bf16_fwd holds 200 parameter tensors (21.8 MB) on 4 devices; they stop crossing PCIe from here
2026-10-04 10:31:23 Epoch 94/300: loss=4.398053 lr=0.000398
2026-10-04 10:31:23   epoch 94: test_acc = 31534/50000 = 63.068000%  top5 = 42759/50000 = 85.518000%  [95% CI 62.64–63.49]
2026-10-04 10:31:23   step 0/2502: loss=4.960180
2026-10-04 10:31:23   step 1/2502: loss=4.148715
2026-10-04 10:31:23   step 2/2502: loss=3.421275
2026-10-04 10:31:52   step 100/2502: loss=4.966194
2026-10-04 10:32:20   step 200/2502: loss=4.039656
2026-10-04 10:32:50   step 300/2502: loss=3.771236
2026-10-04 10:33:19   step 400/2502: loss=4.950951
2026-10-04 10:33:48   step 500/2502: loss=5.094283
2026-10-04 10:34:16   step 600/2502: loss=3.262551
2026-10-04 10:34:46   step 700/2502: loss=4.264911
2026-10-04 10:35:15   step 800/2502: loss=4.999809
2026-10-04 10:35:45   step 900/2502: loss=4.714270
2026-10-04 10:36:14   step 1000/2502: loss=3.374273
2026-10-04 10:36:43   step 1100/2502: loss=3.503390
2026-10-04 10:37:14   step 1200/2502: loss=4.110686
2026-10-04 10:37:43   step 1300/2502: loss=4.463284
2026-10-04 10:38:11   step 1400/2502: loss=3.635592
2026-10-04 10:38:40   step 1500/2502: loss=3.872602
2026-10-04 10:39:10   step 1600/2502: loss=4.694819
2026-10-04 10:39:39   step 1700/2502: loss=4.775464
2026-10-04 10:40:08   step 1800/2502: loss=3.845700
2026-10-04 10:40:37   step 1900/2502: loss=4.959363
2026-10-04 10:41:06   step 2000/2502: loss=3.782589
2026-10-04 10:41:35   step 2100/2502: loss=3.841699
2026-10-04 10:42:05   step 2200/2502: loss=3.320108
2026-10-04 10:42:34   step 2300/2502: loss=4.969339
2026-10-04 10:43:03   step 2400/2502: loss=5.201880
2026-10-04 10:43:31   step 2500/2502: loss=4.722731
2026-10-04 10:43:38 [pjrt_ffi] RESIDENT: @vitin_emadp128x4wxclipdropeps0000001bf16_fwd holds 200 parameter tensors (21.8 MB) on 4 devices; they stop crossing PCIe from here
2026-10-04 10:44:17 Epoch 95/300: loss=4.385987 lr=0.000396
2026-10-04 10:44:17   epoch 95: test_acc = 31583/50000 = 63.166000%  top5 = 42787/50000 = 85.574000%  [95% CI 62.74–63.59]
2026-10-04 10:44:17   step 0/2502: loss=4.663072
2026-10-04 10:44:17   step 1/2502: loss=5.301894
2026-10-04 10:44:17   step 2/2502: loss=4.393577
2026-10-04 10:44:46   step 100/2502: loss=4.228878
2026-10-04 10:45:15   step 200/2502: loss=4.614402
2026-10-04 10:45:44   step 300/2502: loss=3.668576
2026-10-04 10:46:13   step 400/2502: loss=4.201355
2026-10-04 10:46:41   step 500/2502: loss=4.894427
2026-10-04 10:47:12   step 600/2502: loss=4.259976
2026-10-04 10:47:41   step 700/2502: loss=3.728793
2026-10-04 10:48:11   step 800/2502: loss=4.605773
2026-10-04 10:48:40   step 900/2502: loss=3.665114
2026-10-04 10:49:09   step 1000/2502: loss=3.536095
2026-10-04 10:49:39   step 1100/2502: loss=3.101198
2026-10-04 10:50:08   step 1200/2502: loss=4.959074
2026-10-04 10:50:38   step 1300/2502: loss=4.611148
2026-10-04 10:51:07   step 1400/2502: loss=4.741493
2026-10-04 10:51:37   step 1500/2502: loss=3.205352
2026-10-04 10:52:06   step 1600/2502: loss=4.443652
2026-10-04 10:52:34   step 1700/2502: loss=3.821458
2026-10-04 10:53:03   step 1800/2502: loss=4.906269
2026-10-04 10:53:32   step 1900/2502: loss=4.039800
2026-10-04 10:54:01   step 2000/2502: loss=3.401341
2026-10-04 10:54:30   step 2100/2502: loss=4.620770
2026-10-04 10:54:59   step 2200/2502: loss=3.656894
2026-10-04 10:55:29   step 2300/2502: loss=3.198110
2026-10-04 10:55:57   step 2400/2502: loss=4.688695
2026-10-04 10:56:26   step 2500/2502: loss=4.381343
2026-10-04 10:56:33 [pjrt_ffi] RESIDENT: @vitin_emadp128x4wxclipdropeps0000001bf16_fwd holds 200 parameter tensors (21.8 MB) on 4 devices; they stop crossing PCIe from here
2026-10-04 10:57:12 Epoch 96/300: loss=4.379472 lr=0.000394
2026-10-04 10:57:13   epoch 96: test_acc = 31603/50000 = 63.206000%  top5 = 42828/50000 = 85.656000%  [95% CI 62.78–63.63]
2026-10-04 10:57:13   step 0/2502: loss=4.567265
2026-10-04 10:57:13   step 1/2502: loss=4.385909
2026-10-04 10:57:13   step 2/2502: loss=4.347966
2026-10-04 10:57:42   step 100/2502: loss=4.202350
2026-10-04 10:58:11   step 200/2502: loss=3.734227
2026-10-04 10:58:40   step 300/2502: loss=5.190001
2026-10-04 10:59:08   step 400/2502: loss=4.906887
2026-10-04 10:59:36   step 500/2502: loss=5.226000
2026-10-04 11:00:05   step 600/2502: loss=4.201086
2026-10-04 11:00:35   step 700/2502: loss=3.777123
2026-10-04 11:01:06   step 800/2502: loss=4.695113
2026-10-04 11:01:36   step 900/2502: loss=4.898336
2026-10-04 11:02:05   step 1000/2502: loss=3.290128
2026-10-04 11:02:34   step 1100/2502: loss=4.213994
2026-10-04 11:03:03   step 1200/2502: loss=4.825922
2026-10-04 11:03:32   step 1300/2502: loss=3.894195
2026-10-04 11:04:01   step 1400/2502: loss=4.214564
2026-10-04 11:04:31   step 1500/2502: loss=5.285065
2026-10-04 11:05:00   step 1600/2502: loss=3.415996
2026-10-04 11:05:29   step 1700/2502: loss=3.410170
2026-10-04 11:05:58   step 1800/2502: loss=3.990676
2026-10-04 11:06:27   step 1900/2502: loss=3.709607
2026-10-04 11:06:56   step 2000/2502: loss=4.564722
2026-10-04 11:07:25   step 2100/2502: loss=4.577776
2026-10-04 11:07:53   step 2200/2502: loss=4.907491
2026-10-04 11:08:23   step 2300/2502: loss=5.098617
2026-10-04 11:08:51   step 2400/2502: loss=4.263175
2026-10-04 11:09:21   step 2500/2502: loss=5.101621
2026-10-04 11:09:27 [pjrt_ffi] RESIDENT: @vitin_emadp128x4wxclipdropeps0000001bf16_fwd holds 200 parameter tensors (21.8 MB) on 4 devices; they stop crossing PCIe from here
2026-10-04 11:10:04 Epoch 97/300: loss=4.372118 lr=0.000392
2026-10-04 11:10:04   epoch 97: test_acc = 31666/50000 = 63.332000%  top5 = 42876/50000 = 85.752000%  [95% CI 62.91–63.75]
2026-10-04 11:10:04   step 0/2502: loss=5.076196
2026-10-04 11:10:04   step 1/2502: loss=4.383625
2026-10-04 11:10:05   step 2/2502: loss=4.871112
2026-10-04 11:10:33   step 100/2502: loss=4.097311
2026-10-04 11:11:02   step 200/2502: loss=4.145445
2026-10-04 11:11:31   step 300/2502: loss=4.968587
2026-10-04 11:12:00   step 400/2502: loss=4.619078
2026-10-04 11:12:28   step 500/2502: loss=3.910762
2026-10-04 11:12:59   step 600/2502: loss=3.801089
2026-10-04 11:13:27   step 700/2502: loss=5.012499
2026-10-04 11:13:57   step 800/2502: loss=2.947414
2026-10-04 11:14:27   step 900/2502: loss=3.778129
2026-10-04 11:14:56   step 1000/2502: loss=3.953703
2026-10-04 11:15:25   step 1100/2502: loss=4.531399
2026-10-04 11:15:55   step 1200/2502: loss=4.805896
2026-10-04 11:16:24   step 1300/2502: loss=4.080444
2026-10-04 11:16:54   step 1400/2502: loss=4.041155
2026-10-04 11:17:23   step 1500/2502: loss=3.230236
2026-10-04 11:17:52   step 1600/2502: loss=4.588314
2026-10-04 11:18:21   step 1700/2502: loss=3.961231
2026-10-04 11:18:50   step 1800/2502: loss=4.687281
2026-10-04 11:19:19   step 1900/2502: loss=4.801996
2026-10-04 11:19:48   step 2000/2502: loss=3.602490
2026-10-04 11:20:18   step 2100/2502: loss=4.408187
2026-10-04 11:20:47   step 2200/2502: loss=3.431089
2026-10-04 11:21:15   step 2300/2502: loss=4.876905
2026-10-04 11:21:44   step 2400/2502: loss=3.476777
2026-10-04 11:22:13   step 2500/2502: loss=4.792825
2026-10-04 11:22:21 [pjrt_ffi] RESIDENT: @vitin_emadp128x4wxclipdropeps0000001bf16_fwd holds 200 parameter tensors (21.8 MB) on 4 devices; they stop crossing PCIe from here
2026-10-04 11:22:58 Epoch 98/300: loss=4.389685 lr=0.000389
2026-10-04 11:22:58   epoch 98: test_acc = 31689/50000 = 63.378000%  top5 = 42905/50000 = 85.810000%  [95% CI 62.95–63.80]
2026-10-04 11:22:58   step 0/2502: loss=3.828575
2026-10-04 11:22:58   step 1/2502: loss=4.714311
2026-10-04 11:22:58   step 2/2502: loss=3.929715
2026-10-04 11:23:27   step 100/2502: loss=4.664221
2026-10-04 11:23:56   step 200/2502: loss=4.029064
2026-10-04 11:24:25   step 300/2502: loss=4.571316
2026-10-04 11:24:55   step 400/2502: loss=4.157366
2026-10-04 11:25:24   step 500/2502: loss=4.864122
2026-10-04 11:25:53   step 600/2502: loss=5.219773
2026-10-04 11:26:23   step 700/2502: loss=5.066331
2026-10-04 11:26:52   step 800/2502: loss=4.809640
2026-10-04 11:27:23   step 900/2502: loss=4.740552
2026-10-04 11:27:51   step 1000/2502: loss=3.589424
2026-10-04 11:28:20   step 1100/2502: loss=4.813694
2026-10-04 11:28:50   step 1200/2502: loss=4.712388
2026-10-04 11:29:20   step 1300/2502: loss=4.830333
2026-10-04 11:29:48   step 1400/2502: loss=3.263013
2026-10-04 11:30:17   step 1500/2502: loss=4.328600
2026-10-04 11:30:47   step 1600/2502: loss=4.852166
2026-10-04 11:31:17   step 1700/2502: loss=4.759731
2026-10-04 11:31:46   step 1800/2502: loss=4.493655
2026-10-04 11:32:15   step 1900/2502: loss=3.762163
2026-10-04 11:32:43   step 2000/2502: loss=4.524111
2026-10-04 11:33:12   step 2100/2502: loss=4.803952
2026-10-04 11:33:41   step 2200/2502: loss=3.425087
2026-10-04 11:34:10   step 2300/2502: loss=3.421137
2026-10-04 11:34:40   step 2400/2502: loss=4.484592
2026-10-04 11:35:08   step 2500/2502: loss=4.814420
2026-10-04 11:35:16 [pjrt_ffi] RESIDENT: @vitin_emadp128x4wxclipdropeps0000001bf16_fwd holds 200 parameter tensors (21.8 MB) on 4 devices; they stop crossing PCIe from here
2026-10-04 11:35:58 Epoch 99/300: loss=4.372337 lr=0.000387
2026-10-04 11:35:58   epoch 99: test_acc = 31727/50000 = 63.454000%  top5 = 42926/50000 = 85.852000%  [95% CI 63.03–63.88]
2026-10-04 11:35:59   step 0/2502: loss=4.791004
2026-10-04 11:35:59   step 1/2502: loss=3.298650
2026-10-04 11:35:59   step 2/2502: loss=2.974913
2026-10-04 11:36:28   step 100/2502: loss=3.330233
2026-10-04 11:36:56   step 200/2502: loss=4.484527
2026-10-04 11:37:25   step 300/2502: loss=4.981143
2026-10-04 11:37:54   step 400/2502: loss=3.561085
2026-10-04 11:38:23   step 500/2502: loss=5.321039
2026-10-04 11:38:52   step 600/2502: loss=4.528955
2026-10-04 11:39:21   step 700/2502: loss=3.979115
2026-10-04 11:39:51   step 800/2502: loss=4.335217
2026-10-04 11:40:21   step 900/2502: loss=4.652437
2026-10-04 11:40:51   step 1000/2502: loss=4.414760
2026-10-04 11:41:19   step 1100/2502: loss=3.312148
2026-10-04 11:41:49   step 1200/2502: loss=4.724815
2026-10-04 11:42:18   step 1300/2502: loss=5.119504
2026-10-04 11:42:47   step 1400/2502: loss=4.176546
2026-10-04 11:43:16   step 1500/2502: loss=4.943272
2026-10-04 11:43:45   step 1600/2502: loss=4.175057
2026-10-04 11:44:14   step 1700/2502: loss=3.473125
2026-10-04 11:44:43   step 1800/2502: loss=4.556514
2026-10-04 11:45:13   step 1900/2502: loss=4.160779
2026-10-04 11:45:43   step 2000/2502: loss=3.523341
2026-10-04 11:46:11   step 2100/2502: loss=4.882421
2026-10-04 11:46:40   step 2200/2502: loss=4.758583
2026-10-04 11:47:09   step 2300/2502: loss=5.223270
2026-10-04 11:47:38   step 2400/2502: loss=4.460414
2026-10-04 11:48:06   step 2500/2502: loss=4.603391
2026-10-04 11:48:14 [pjrt_ffi] RESIDENT: @vitin_emadp128x4wxclipdropeps0000001bf16_fwd holds 200 parameter tensors (21.8 MB) on 4 devices; they stop crossing PCIe from here
2026-10-04 11:48:52 Epoch 100/300: loss=4.358252 lr=0.000385
2026-10-04 11:48:52   epoch 100: test_acc = 31800/50000 = 63.600000%  top5 = 42957/50000 = 85.914000%  [95% CI 63.18–64.02]
2026-10-04 11:48:57   ▸ shim respawn: producer 1 of 4 replaced after epoch 100 (generation 10, seed 42)
2026-10-04 11:48:57   step 0/2502: loss=4.751590
2026-10-04 11:49:00   step 1/2502: loss=4.206937
2026-10-04 11:49:00   step 2/2502: loss=4.740546
2026-10-04 11:49:29   step 100/2502: loss=3.439183
2026-10-04 11:49:58   step 200/2502: loss=4.600807
2026-10-04 11:50:27   step 300/2502: loss=4.580882
2026-10-04 11:50:55   step 400/2502: loss=4.087124
2026-10-04 11:51:24   step 500/2502: loss=4.959193
2026-10-04 11:51:53   step 600/2502: loss=4.523194
2026-10-04 11:52:23   step 700/2502: loss=4.737484
2026-10-04 11:52:54   step 800/2502: loss=4.818741
2026-10-04 11:53:25   step 900/2502: loss=5.058099
2026-10-04 11:53:54   step 1000/2502: loss=4.555498
2026-10-04 11:54:25   step 1100/2502: loss=3.703035
2026-10-04 11:54:53   step 1200/2502: loss=4.996395
2026-10-04 11:55:25   step 1300/2502: loss=5.149107
2026-10-04 11:55:54   step 1400/2502: loss=4.911938
2026-10-04 11:56:23   step 1500/2502: loss=5.017992
2026-10-04 11:56:51   step 1600/2502: loss=3.741045
2026-10-04 11:57:21   step 1700/2502: loss=3.301367
2026-10-04 11:57:50   step 1800/2502: loss=3.131753
2026-10-04 11:58:19   step 1900/2502: loss=3.298415
2026-10-04 11:58:49   step 2000/2502: loss=4.867746
2026-10-04 11:59:18   step 2100/2502: loss=3.679247
2026-10-04 11:59:46   step 2200/2502: loss=3.519568
2026-10-04 12:00:15   step 2300/2502: loss=5.109680
2026-10-04 12:00:43   step 2400/2502: loss=3.139311
2026-10-04 12:01:13   step 2500/2502: loss=4.008402
2026-10-04 12:01:20 [pjrt_ffi] RESIDENT: @vitin_emadp128x4wxclipdropeps0000001bf16_fwd holds 200 parameter tensors (21.8 MB) on 4 devices; they stop crossing PCIe from here
2026-10-04 12:01:58 Epoch 101/300: loss=4.362145 lr=0.000383
2026-10-04 12:01:58   epoch 101: test_acc = 31840/50000 = 63.680000%  top5 = 42971/50000 = 85.942000%  [95% CI 63.26–64.10]
2026-10-04 12:01:58   step 0/2502: loss=4.293590
2026-10-04 12:01:58   step 1/2502: loss=4.770665
2026-10-04 12:01:58   step 2/2502: loss=3.241214
2026-10-04 12:02:27   step 100/2502: loss=4.790340
2026-10-04 12:02:55   step 200/2502: loss=3.278966
2026-10-04 12:03:24   step 300/2502: loss=4.804618
2026-10-04 12:03:54   step 400/2502: loss=4.449354
2026-10-04 12:04:22   step 500/2502: loss=3.287123
2026-10-04 12:04:54   step 600/2502: loss=4.024727
2026-10-04 12:05:23   step 700/2502: loss=4.866838
2026-10-04 12:05:52   step 800/2502: loss=3.658073
2026-10-04 12:06:22   step 900/2502: loss=4.396010
2026-10-04 12:06:51   step 1000/2502: loss=4.267653
2026-10-04 12:07:21   step 1100/2502: loss=4.809232
2026-10-04 12:07:50   step 1200/2502: loss=4.409572
2026-10-04 12:08:20   step 1300/2502: loss=3.987446
2026-10-04 12:08:49   step 1400/2502: loss=4.218130
2026-10-04 12:09:18   step 1500/2502: loss=4.937898
2026-10-04 12:09:48   step 1600/2502: loss=3.447463
2026-10-04 12:10:17   step 1700/2502: loss=4.387218
2026-10-04 12:10:46   step 1800/2502: loss=4.743860
2026-10-04 12:11:15   step 1900/2502: loss=4.474984
2026-10-04 12:11:46   step 2000/2502: loss=4.066531
2026-10-04 12:12:14   step 2100/2502: loss=3.858644
2026-10-04 12:12:44   step 2200/2502: loss=4.866496
2026-10-04 12:13:13   step 2300/2502: loss=4.278953
2026-10-04 12:13:41   step 2400/2502: loss=3.966335
2026-10-04 12:14:10   step 2500/2502: loss=2.937082
2026-10-04 12:14:17 [pjrt_ffi] RESIDENT: @vitin_emadp128x4wxclipdropeps0000001bf16_fwd holds 200 parameter tensors (21.8 MB) on 4 devices; they stop crossing PCIe from here
2026-10-04 12:14:55 Epoch 102/300: loss=4.359086 lr=0.000381
2026-10-04 12:14:55   epoch 102: test_acc = 31876/50000 = 63.752000%  top5 = 42997/50000 = 85.994000%  [95% CI 63.33–64.17]
2026-10-04 12:14:55   step 0/2502: loss=4.282063
2026-10-04 12:14:56   step 1/2502: loss=4.331651
2026-10-04 12:14:56   step 2/2502: loss=4.597540
2026-10-04 12:15:24   step 100/2502: loss=4.231263
2026-10-04 12:15:53   step 200/2502: loss=3.166755
2026-10-04 12:16:23   step 300/2502: loss=3.416221
2026-10-04 12:16:52   step 400/2502: loss=4.715100
2026-10-04 12:17:20   step 500/2502: loss=4.718654
2026-10-04 12:17:49   step 600/2502: loss=5.216211
2026-10-04 12:18:20   step 700/2502: loss=4.894780
2026-10-04 12:18:49   step 800/2502: loss=4.797112
2026-10-04 12:19:19   step 900/2502: loss=4.949632
2026-10-04 12:19:50   step 1000/2502: loss=5.158370
2026-10-04 12:20:19   step 1100/2502: loss=3.309083
2026-10-04 12:20:49   step 1200/2502: loss=4.422152
2026-10-04 12:21:18   step 1300/2502: loss=4.147440
2026-10-04 12:21:47   step 1400/2502: loss=4.443474
2026-10-04 12:22:16   step 1500/2502: loss=4.595726
2026-10-04 12:22:46   step 1600/2502: loss=3.309425
2026-10-04 12:23:15   step 1700/2502: loss=4.774331
2026-10-04 12:23:44   step 1800/2502: loss=3.080502
2026-10-04 12:24:16   step 1900/2502: loss=3.640204
2026-10-04 12:24:44   step 2000/2502: loss=4.313117
2026-10-04 12:25:13   step 2100/2502: loss=4.593170
2026-10-04 12:25:42   step 2200/2502: loss=4.620900
2026-10-04 12:26:10   step 2300/2502: loss=3.960451
2026-10-04 12:26:39   step 2400/2502: loss=3.912033
2026-10-04 12:27:08   step 2500/2502: loss=4.929746
2026-10-04 12:27:17 [pjrt_ffi] RESIDENT: @vitin_emadp128x4wxclipdropeps0000001bf16_fwd holds 200 parameter tensors (21.8 MB) on 4 devices; they stop crossing PCIe from here
2026-10-04 12:27:56 Epoch 103/300: loss=4.364523 lr=0.000378
2026-10-04 12:27:56   epoch 103: test_acc = 31957/50000 = 63.914000%  top5 = 43034/50000 = 86.068000%  [95% CI 63.49–64.33]
2026-10-04 12:27:56   step 0/2502: loss=4.407353
2026-10-04 12:27:56   step 1/2502: loss=5.051720
2026-10-04 12:27:56   step 2/2502: loss=3.712890
2026-10-04 12:28:25   step 100/2502: loss=4.704349
2026-10-04 12:28:54   step 200/2502: loss=4.357964
2026-10-04 12:29:23   step 300/2502: loss=3.827138
2026-10-04 12:29:52   step 400/2502: loss=4.849149
2026-10-04 12:30:21   step 500/2502: loss=4.038915
2026-10-04 12:30:50   step 600/2502: loss=4.591763
2026-10-04 12:31:20   step 700/2502: loss=3.829114
2026-10-04 12:31:50   step 800/2502: loss=4.736737
2026-10-04 12:32:21   step 900/2502: loss=5.046053
2026-10-04 12:32:50   step 1000/2502: loss=5.002130
2026-10-04 12:33:19   step 1100/2502: loss=4.728014
2026-10-04 12:33:49   step 1200/2502: loss=4.716466
2026-10-04 12:34:17   step 1300/2502: loss=5.102556
2026-10-04 12:34:47   step 1400/2502: loss=4.618946
2026-10-04 12:35:16   step 1500/2502: loss=5.049461
2026-10-04 12:35:45   step 1600/2502: loss=4.248079
2026-10-04 12:36:14   step 1700/2502: loss=4.915352
2026-10-04 12:36:43   step 1800/2502: loss=4.818763
2026-10-04 12:37:14   step 1900/2502: loss=3.096326
2026-10-04 12:37:44   step 2000/2502: loss=4.750031
2026-10-04 12:38:13   step 2100/2502: loss=4.197267
2026-10-04 12:38:41   step 2200/2502: loss=4.643382
2026-10-04 12:39:10   step 2300/2502: loss=3.505963
2026-10-04 12:39:39   step 2400/2502: loss=4.565105
2026-10-04 12:40:07   step 2500/2502: loss=4.888432
2026-10-04 12:40:15 [pjrt_ffi] RESIDENT: @vitin_emadp128x4wxclipdropeps0000001bf16_fwd holds 200 parameter tensors (21.8 MB) on 4 devices; they stop crossing PCIe from here
2026-10-04 12:40:53 Epoch 104/300: loss=4.365975 lr=0.000376
2026-10-04 12:40:53   epoch 104: test_acc = 31961/50000 = 63.922000%  top5 = 43065/50000 = 86.130000%  [95% CI 63.50–64.34]
2026-10-04 12:40:53   step 0/2502: loss=4.469157
2026-10-04 12:40:53   step 1/2502: loss=5.189178
2026-10-04 12:40:54   step 2/2502: loss=4.641126
2026-10-04 12:41:22   step 100/2502: loss=3.620404
2026-10-04 12:41:51   step 200/2502: loss=4.784987
2026-10-04 12:42:20   step 300/2502: loss=4.788565
2026-10-04 12:42:49   step 400/2502: loss=4.443479
2026-10-04 12:43:18   step 500/2502: loss=5.093903
2026-10-04 12:43:49   step 600/2502: loss=3.424132
2026-10-04 12:44:17   step 700/2502: loss=5.007084
2026-10-04 12:44:48   step 800/2502: loss=3.921203
2026-10-04 12:45:16   step 900/2502: loss=3.441277
2026-10-04 12:45:47   step 1000/2502: loss=4.444639
2026-10-04 12:46:15   step 1100/2502: loss=3.263699
2026-10-04 12:46:44   step 1200/2502: loss=4.931887
2026-10-04 12:47:14   step 1300/2502: loss=3.289569
2026-10-04 12:47:43   step 1400/2502: loss=4.875991
2026-10-04 12:48:13   step 1500/2502: loss=4.588401
2026-10-04 12:48:41   step 1600/2502: loss=4.854975
2026-10-04 12:49:11   step 1700/2502: loss=5.020616
2026-10-04 12:49:40   step 1800/2502: loss=4.805203
2026-10-04 12:50:08   step 1900/2502: loss=5.064667
2026-10-04 12:50:38   step 2000/2502: loss=4.836443
2026-10-04 12:51:07   step 2100/2502: loss=4.984335
2026-10-04 12:51:36   step 2200/2502: loss=3.817294
2026-10-04 12:52:05   step 2300/2502: loss=5.002656
2026-10-04 12:52:34   step 2400/2502: loss=4.350006
2026-10-04 12:53:03   step 2500/2502: loss=4.968159
2026-10-04 12:53:10 [pjrt_ffi] RESIDENT: @vitin_emadp128x4wxclipdropeps0000001bf16_fwd holds 200 parameter tensors (21.8 MB) on 4 devices; they stop crossing PCIe from here
2026-10-04 12:53:48 Epoch 105/300: loss=4.358308 lr=0.000374
2026-10-04 12:53:48   epoch 105: test_acc = 31965/50000 = 63.930000%  top5 = 43095/50000 = 86.190000%  [95% CI 63.51–64.35]
2026-10-04 12:53:48   step 0/2502: loss=4.544044
2026-10-04 12:53:48   step 1/2502: loss=4.680346
2026-10-04 12:53:49   step 2/2502: loss=4.457767
2026-10-04 12:54:17   step 100/2502: loss=4.137490
2026-10-04 12:54:46   step 200/2502: loss=5.022500
2026-10-04 12:55:16   step 300/2502: loss=4.946564
2026-10-04 12:55:44   step 400/2502: loss=3.976614
2026-10-04 12:56:13   step 500/2502: loss=4.420000
2026-10-04 12:56:42   step 600/2502: loss=4.188383
2026-10-04 12:57:13   step 700/2502: loss=4.690701
2026-10-04 12:57:43   step 800/2502: loss=4.942884
2026-10-04 12:58:13   step 900/2502: loss=4.394764
2026-10-04 12:58:43   step 1000/2502: loss=4.942627
2026-10-04 12:59:12   step 1100/2502: loss=4.458917
2026-10-04 12:59:41   step 1200/2502: loss=3.969339
2026-10-04 13:00:10   step 1300/2502: loss=4.544525
2026-10-04 13:00:39   step 1400/2502: loss=3.332319
2026-10-04 13:01:08   step 1500/2502: loss=4.516126
2026-10-04 13:01:37   step 1600/2502: loss=4.800600
2026-10-04 13:02:06   step 1700/2502: loss=4.502745
2026-10-04 13:02:36   step 1800/2502: loss=5.142696
2026-10-04 13:03:05   step 1900/2502: loss=4.784040
2026-10-04 13:03:33   step 2000/2502: loss=3.245018
2026-10-04 13:04:04   step 2100/2502: loss=4.777237
2026-10-04 13:04:32   step 2200/2502: loss=4.281492
2026-10-04 13:05:01   step 2300/2502: loss=4.152458
2026-10-04 13:05:31   step 2400/2502: loss=4.246011
2026-10-04 13:06:00   step 2500/2502: loss=3.067860
2026-10-04 13:06:07 [pjrt_ffi] RESIDENT: @vitin_emadp128x4wxclipdropeps0000001bf16_fwd holds 200 parameter tensors (21.8 MB) on 4 devices; they stop crossing PCIe from here
2026-10-04 13:06:45 Epoch 106/300: loss=4.362412 lr=0.000371
2026-10-04 13:06:45   epoch 106: test_acc = 31987/50000 = 63.974000%  top5 = 43104/50000 = 86.208000%  [95% CI 63.55–64.39]
2026-10-04 13:06:46   step 0/2502: loss=4.981222
2026-10-04 13:06:46   step 1/2502: loss=3.668818
2026-10-04 13:06:46   step 2/2502: loss=3.652989
2026-10-04 13:07:15   step 100/2502: loss=3.738821
2026-10-04 13:07:44   step 200/2502: loss=4.626505
2026-10-04 13:08:12   step 300/2502: loss=4.427640
2026-10-04 13:08:42   step 400/2502: loss=4.630960
2026-10-04 13:09:10   step 500/2502: loss=3.982510
2026-10-04 13:09:40   step 600/2502: loss=4.599216
2026-10-04 13:10:11   step 700/2502: loss=4.243401
2026-10-04 13:10:42   step 800/2502: loss=5.051666
2026-10-04 13:11:11   step 900/2502: loss=4.070900
2026-10-04 13:11:40   step 1000/2502: loss=4.816611
2026-10-04 13:12:10   step 1100/2502: loss=4.269256
2026-10-04 13:12:39   step 1200/2502: loss=4.432714
2026-10-04 13:13:08   step 1300/2502: loss=4.837338
2026-10-04 13:13:39   step 1400/2502: loss=4.864325
2026-10-04 13:14:09   step 1500/2502: loss=3.339696
2026-10-04 13:14:38   step 1600/2502: loss=5.082331
2026-10-04 13:15:07   step 1700/2502: loss=4.025931
2026-10-04 13:15:37   step 1800/2502: loss=5.088221
2026-10-04 13:16:07   step 1900/2502: loss=4.011325
2026-10-04 13:16:35   step 2000/2502: loss=4.994471
2026-10-04 13:17:04   step 2100/2502: loss=4.040723
2026-10-04 13:17:35   step 2200/2502: loss=4.470823
2026-10-04 13:18:03   step 2300/2502: loss=4.333247
2026-10-04 13:18:32   step 2400/2502: loss=3.608656
2026-10-04 13:19:01   step 2500/2502: loss=4.367425
2026-10-04 13:19:08 [pjrt_ffi] RESIDENT: @vitin_emadp128x4wxclipdropeps0000001bf16_fwd holds 200 parameter tensors (21.8 MB) on 4 devices; they stop crossing PCIe from here
2026-10-04 13:19:45 Epoch 107/300: loss=4.355239 lr=0.000369
2026-10-04 13:19:45   epoch 107: test_acc = 32025/50000 = 64.050000%  top5 = 43136/50000 = 86.272000%  [95% CI 63.63–64.47]
2026-10-04 13:19:45   step 0/2502: loss=3.803030
2026-10-04 13:19:45   step 1/2502: loss=5.043519
2026-10-04 13:19:45   step 2/2502: loss=4.805211
2026-10-04 13:20:14   step 100/2502: loss=5.012419
2026-10-04 13:20:42   step 200/2502: loss=3.755375
2026-10-04 13:21:11   step 300/2502: loss=4.967762
2026-10-04 13:21:40   step 400/2502: loss=3.750329
2026-10-04 13:22:10   step 500/2502: loss=4.503896
2026-10-04 13:22:38   step 600/2502: loss=4.492741
2026-10-04 13:23:08   step 700/2502: loss=5.141047
2026-10-04 13:23:37   step 800/2502: loss=4.533364
2026-10-04 13:24:08   step 900/2502: loss=3.809590
2026-10-04 13:24:38   step 1000/2502: loss=4.448997
2026-10-04 13:25:06   step 1100/2502: loss=4.060891
2026-10-04 13:25:36   step 1200/2502: loss=4.615187
2026-10-04 13:26:05   step 1300/2502: loss=3.775990
2026-10-04 13:26:36   step 1400/2502: loss=4.410703
2026-10-04 13:27:05   step 1500/2502: loss=4.927307
2026-10-04 13:27:34   step 1600/2502: loss=4.460365
2026-10-04 13:28:03   step 1700/2502: loss=3.443386
2026-10-04 13:28:32   step 1800/2502: loss=4.464757
2026-10-04 13:29:03   step 1900/2502: loss=4.869937
2026-10-04 13:29:32   step 2000/2502: loss=4.729510
2026-10-04 13:30:01   step 2100/2502: loss=4.028885
2026-10-04 13:30:30   step 2200/2502: loss=3.565354
2026-10-04 13:30:59   step 2300/2502: loss=4.564235
2026-10-04 13:31:28   step 2400/2502: loss=3.710073
2026-10-04 13:31:57   step 2500/2502: loss=4.776885
2026-10-04 13:32:05 [pjrt_ffi] RESIDENT: @vitin_emadp128x4wxclipdropeps0000001bf16_fwd holds 200 parameter tensors (21.8 MB) on 4 devices; they stop crossing PCIe from here
2026-10-04 13:32:47 Epoch 108/300: loss=4.346861 lr=0.000367
2026-10-04 13:32:47   epoch 108: test_acc = 32065/50000 = 64.130000%  top5 = 43180/50000 = 86.360000%  [95% CI 63.71–64.55]
2026-10-04 13:32:47   step 0/2502: loss=4.649372
2026-10-04 13:32:48   step 1/2502: loss=4.729811
2026-10-04 13:32:48   step 2/2502: loss=3.655694
2026-10-04 13:33:16   step 100/2502: loss=4.456615
2026-10-04 13:33:45   step 200/2502: loss=4.755478
2026-10-04 13:34:14   step 300/2502: loss=3.323860
2026-10-04 13:34:43   step 400/2502: loss=3.856568
2026-10-04 13:35:12   step 500/2502: loss=5.000752
2026-10-04 13:35:41   step 600/2502: loss=4.465206
2026-10-04 13:36:11   step 700/2502: loss=3.717200
2026-10-04 13:36:40   step 800/2502: loss=5.075479
2026-10-04 13:37:10   step 900/2502: loss=4.567940
2026-10-04 13:37:39   step 1000/2502: loss=3.601933
2026-10-04 13:38:08   step 1100/2502: loss=4.779842
2026-10-04 13:38:38   step 1200/2502: loss=4.860023
2026-10-04 13:39:07   step 1300/2502: loss=3.891628
2026-10-04 13:39:38   step 1400/2502: loss=4.748887
2026-10-04 13:40:07   step 1500/2502: loss=3.544659
2026-10-04 13:40:36   step 1600/2502: loss=4.604952
2026-10-04 13:41:06   step 1700/2502: loss=5.246951
2026-10-04 13:41:35   step 1800/2502: loss=4.777369
2026-10-04 13:42:03   step 1900/2502: loss=3.364019
2026-10-04 13:42:32   step 2000/2502: loss=4.593933
2026-10-04 13:43:01   step 2100/2502: loss=4.296051
2026-10-04 13:43:30   step 2200/2502: loss=4.738971
2026-10-04 13:44:00   step 2300/2502: loss=3.479889
2026-10-04 13:44:29   step 2400/2502: loss=3.546663
2026-10-04 13:44:59   step 2500/2502: loss=4.956306
2026-10-04 13:45:06 [pjrt_ffi] RESIDENT: @vitin_emadp128x4wxclipdropeps0000001bf16_fwd holds 200 parameter tensors (21.8 MB) on 4 devices; they stop crossing PCIe from here
2026-10-04 13:45:45 Epoch 109/300: loss=4.322767 lr=0.000364
2026-10-04 13:45:45   epoch 109: test_acc = 32065/50000 = 64.130000%  top5 = 43199/50000 = 86.398000%  [95% CI 63.71–64.55]
2026-10-04 13:45:45   step 0/2502: loss=4.659584
2026-10-04 13:45:45   step 1/2502: loss=4.617524
2026-10-04 13:45:45   step 2/2502: loss=3.434100
2026-10-04 13:46:14   step 100/2502: loss=4.023725
2026-10-04 13:46:43   step 200/2502: loss=4.393848
2026-10-04 13:47:12   step 300/2502: loss=4.935334
2026-10-04 13:47:41   step 400/2502: loss=3.395282
2026-10-04 13:48:10   step 500/2502: loss=3.869449
2026-10-04 13:48:39   step 600/2502: loss=4.840990
2026-10-04 13:49:09   step 700/2502: loss=3.611528
2026-10-04 13:49:38   step 800/2502: loss=5.146200
2026-10-04 13:50:10   step 900/2502: loss=4.848848
2026-10-04 13:50:39   step 1000/2502: loss=4.553384
2026-10-04 13:51:08   step 1100/2502: loss=4.003751
2026-10-04 13:51:37   step 1200/2502: loss=5.005936
2026-10-04 13:52:06   step 1300/2502: loss=4.686896
2026-10-04 13:52:36   step 1400/2502: loss=3.995756
2026-10-04 13:53:05   step 1500/2502: loss=4.098874
2026-10-04 13:53:35   step 1600/2502: loss=3.669227
2026-10-04 13:54:04   step 1700/2502: loss=4.228129
2026-10-04 13:54:34   step 1800/2502: loss=4.028086
2026-10-04 13:55:03   step 1900/2502: loss=4.180498
2026-10-04 13:55:32   step 2000/2502: loss=3.660685
2026-10-04 13:56:01   step 2100/2502: loss=4.934573
2026-10-04 13:56:29   step 2200/2502: loss=3.194405
2026-10-04 13:56:59   step 2300/2502: loss=3.814558
2026-10-04 13:57:29   step 2400/2502: loss=3.881201
2026-10-04 13:57:58   step 2500/2502: loss=4.346172
2026-10-04 13:58:04 [pjrt_ffi] RESIDENT: @vitin_emadp128x4wxclipdropeps0000001bf16_fwd holds 200 parameter tensors (21.8 MB) on 4 devices; they stop crossing PCIe from here
2026-10-04 13:58:38 Epoch 110/300: loss=4.350380 lr=0.000362
2026-10-04 13:58:38   epoch 110: test_acc = 32090/50000 = 64.180000%  top5 = 43209/50000 = 86.418000%  [95% CI 63.76–64.60]
2026-10-04 13:58:42   ▸ shim respawn: producer 2 of 4 replaced after epoch 110 (generation 11, seed 47)
2026-10-04 13:58:42   step 0/2502: loss=3.911576
2026-10-04 13:58:43   step 1/2502: loss=4.694723
2026-10-04 13:58:45   step 2/2502: loss=3.728748
2026-10-04 13:59:15   step 100/2502: loss=4.299653
2026-10-04 13:59:43   step 200/2502: loss=4.688838
2026-10-04 14:00:12   step 300/2502: loss=4.603098
2026-10-04 14:00:41   step 400/2502: loss=3.360757
2026-10-04 14:01:10   step 500/2502: loss=3.434187
2026-10-04 14:01:41   step 600/2502: loss=3.214301
2026-10-04 14:02:11   step 700/2502: loss=4.460822
2026-10-04 14:02:40   step 800/2502: loss=4.402074
2026-10-04 14:03:11   step 900/2502: loss=3.931789
2026-10-04 14:03:41   step 1000/2502: loss=4.051095
2026-10-04 14:04:11   step 1100/2502: loss=4.640440
2026-10-04 14:04:40   step 1200/2502: loss=5.055779
2026-10-04 14:05:10   step 1300/2502: loss=3.977966
2026-10-04 14:05:38   step 1400/2502: loss=3.752873
2026-10-04 14:06:09   step 1500/2502: loss=2.987144
2026-10-04 14:06:38   step 1600/2502: loss=4.505100
2026-10-04 14:07:07   step 1700/2502: loss=4.935657
2026-10-04 14:07:37   step 1800/2502: loss=3.404932
2026-10-04 14:08:07   step 1900/2502: loss=3.488158
2026-10-04 14:08:36   step 2000/2502: loss=4.701950
2026-10-04 14:09:05   step 2100/2502: loss=4.658040
2026-10-04 14:09:34   step 2200/2502: loss=4.775884
2026-10-04 14:10:03   step 2300/2502: loss=4.250208
2026-10-04 14:10:32   step 2400/2502: loss=3.536420
2026-10-04 14:11:02   step 2500/2502: loss=4.935009
2026-10-04 14:11:10 [pjrt_ffi] RESIDENT: @vitin_emadp128x4wxclipdropeps0000001bf16_fwd holds 200 parameter tensors (21.8 MB) on 4 devices; they stop crossing PCIe from here
2026-10-04 14:11:45 Epoch 111/300: loss=4.327382 lr=0.000360
2026-10-04 14:11:45   epoch 111: test_acc = 32126/50000 = 64.252000%  top5 = 43246/50000 = 86.492000%  [95% CI 63.83–64.67]
2026-10-04 14:11:45   step 0/2502: loss=4.613689
2026-10-04 14:11:45   step 1/2502: loss=4.900054
2026-10-04 14:11:45   step 2/2502: loss=4.589904
2026-10-04 14:12:14   step 100/2502: loss=4.463880
2026-10-04 14:12:43   step 200/2502: loss=4.388736
2026-10-04 14:13:13   step 300/2502: loss=4.720675
2026-10-04 14:13:41   step 400/2502: loss=4.628447
2026-10-04 14:14:10   step 500/2502: loss=4.506563
2026-10-04 14:14:40   step 600/2502: loss=3.761012
2026-10-04 14:15:10   step 700/2502: loss=3.156629
2026-10-04 14:15:39   step 800/2502: loss=4.831777
2026-10-04 14:16:09   step 900/2502: loss=5.015206
2026-10-04 14:16:41   step 1000/2502: loss=4.679902
2026-10-04 14:17:10   step 1100/2502: loss=3.521853
2026-10-04 14:17:39   step 1200/2502: loss=4.622934
2026-10-04 14:18:08   step 1300/2502: loss=4.430584
2026-10-04 14:18:37   step 1400/2502: loss=4.119098
2026-10-04 14:19:07   step 1500/2502: loss=3.068804
2026-10-04 14:19:37   step 1600/2502: loss=4.021408
2026-10-04 14:20:06   step 1700/2502: loss=3.129159
2026-10-04 14:20:35   step 1800/2502: loss=3.760203
2026-10-04 14:21:04   step 1900/2502: loss=4.776666
2026-10-04 14:21:33   step 2000/2502: loss=4.119422
2026-10-04 14:22:02   step 2100/2502: loss=4.833317
2026-10-04 14:22:31   step 2200/2502: loss=3.327074
2026-10-04 14:23:00   step 2300/2502: loss=3.762110
2026-10-04 14:23:31   step 2400/2502: loss=4.367445
2026-10-04 14:24:00   step 2500/2502: loss=4.969145
2026-10-04 14:24:08 [pjrt_ffi] RESIDENT: @vitin_emadp128x4wxclipdropeps0000001bf16_fwd holds 200 parameter tensors (21.8 MB) on 4 devices; they stop crossing PCIe from here
2026-10-04 14:24:42 Epoch 112/300: loss=4.332106 lr=0.000357
2026-10-04 14:24:42   epoch 112: test_acc = 32161/50000 = 64.322000%  top5 = 43272/50000 = 86.544000%  [95% CI 63.90–64.74]
2026-10-04 14:24:42   step 0/2502: loss=4.576975
2026-10-04 14:24:42   step 1/2502: loss=4.955673
2026-10-04 14:24:43   step 2/2502: loss=4.468768
2026-10-04 14:25:11   step 100/2502: loss=4.514566
2026-10-04 14:25:40   step 200/2502: loss=3.310013
2026-10-04 14:26:09   step 300/2502: loss=3.268388
2026-10-04 14:26:38   step 400/2502: loss=3.149426
2026-10-04 14:27:07   step 500/2502: loss=5.320031
2026-10-04 14:27:38   step 600/2502: loss=4.927764
2026-10-04 14:28:07   step 700/2502: loss=4.603164
2026-10-04 14:28:39   step 800/2502: loss=4.714489
2026-10-04 14:29:07   step 900/2502: loss=5.117144
2026-10-04 14:29:39   step 1000/2502: loss=4.831481
2026-10-04 14:30:08   step 1100/2502: loss=4.887687
2026-10-04 14:30:37   step 1200/2502: loss=4.779797
2026-10-04 14:31:06   step 1300/2502: loss=4.993443
2026-10-04 14:31:36   step 1400/2502: loss=4.760619
2026-10-04 14:32:06   step 1500/2502: loss=3.897407
2026-10-04 14:32:35   step 1600/2502: loss=4.727768
2026-10-04 14:33:04   step 1700/2502: loss=3.215721
2026-10-04 14:33:33   step 1800/2502: loss=4.113276
2026-10-04 14:34:03   step 1900/2502: loss=3.465044
2026-10-04 14:34:32   step 2000/2502: loss=3.944560
2026-10-04 14:35:02   step 2100/2502: loss=4.923846
2026-10-04 14:35:30   step 2200/2502: loss=4.341039
2026-10-04 14:35:59   step 2300/2502: loss=3.548565
2026-10-04 14:36:29   step 2400/2502: loss=4.772840
2026-10-04 14:36:58   step 2500/2502: loss=3.158374
2026-10-04 14:37:06 [pjrt_ffi] RESIDENT: @vitin_emadp128x4wxclipdropeps0000001bf16_fwd holds 200 parameter tensors (21.8 MB) on 4 devices; they stop crossing PCIe from here
2026-10-04 14:37:46 Epoch 113/300: loss=4.336758 lr=0.000355
2026-10-04 14:37:46   epoch 113: test_acc = 32198/50000 = 64.396000%  top5 = 43301/50000 = 86.602000%  [95% CI 63.98–64.81]
2026-10-04 14:37:46   step 0/2502: loss=3.704102
2026-10-04 14:37:46   step 1/2502: loss=4.541927
2026-10-04 14:37:46   step 2/2502: loss=4.218949
2026-10-04 14:38:15   step 100/2502: loss=3.803690
2026-10-04 14:38:44   step 200/2502: loss=4.756281
2026-10-04 14:39:13   step 300/2502: loss=3.591415
2026-10-04 14:39:41   step 400/2502: loss=4.455755
2026-10-04 14:40:10   step 500/2502: loss=4.294422
2026-10-04 14:40:39   step 600/2502: loss=4.381657
2026-10-04 14:41:10   step 700/2502: loss=4.527493
2026-10-04 14:41:39   step 800/2502: loss=3.017184
2026-10-04 14:42:10   step 900/2502: loss=4.261821
2026-10-04 14:42:39   step 1000/2502: loss=4.821383
2026-10-04 14:43:08   step 1100/2502: loss=4.029372
2026-10-04 14:43:37   step 1200/2502: loss=3.361309
2026-10-04 14:44:08   step 1300/2502: loss=4.599844
2026-10-04 14:44:37   step 1400/2502: loss=4.713959
2026-10-04 14:45:06   step 1500/2502: loss=4.450625
2026-10-04 14:45:36   step 1600/2502: loss=3.751886
2026-10-04 14:46:04   step 1700/2502: loss=3.476840
2026-10-04 14:46:34   step 1800/2502: loss=3.507934
2026-10-04 14:47:03   step 1900/2502: loss=2.914284
2026-10-04 14:47:33   step 2000/2502: loss=3.290889
2026-10-04 14:48:01   step 2100/2502: loss=4.037904
2026-10-04 14:48:30   step 2200/2502: loss=5.077893
2026-10-04 14:49:00   step 2300/2502: loss=5.159411
2026-10-04 14:49:28   step 2400/2502: loss=4.062513
2026-10-04 14:49:57   step 2500/2502: loss=3.453215
2026-10-04 14:50:04 [pjrt_ffi] RESIDENT: @vitin_emadp128x4wxclipdropeps0000001bf16_fwd holds 200 parameter tensors (21.8 MB) on 4 devices; they stop crossing PCIe from here
2026-10-04 14:50:42 Epoch 114/300: loss=4.327065 lr=0.000353
2026-10-04 14:50:42   epoch 114: test_acc = 32218/50000 = 64.436000%  top5 = 43326/50000 = 86.652000%  [95% CI 64.02–64.85]
2026-10-04 14:50:42   step 0/2502: loss=4.052175
2026-10-04 14:50:43   step 1/2502: loss=4.524379
2026-10-04 14:50:43   step 2/2502: loss=4.639668
2026-10-04 14:51:12   step 100/2502: loss=4.597988
2026-10-04 14:51:40   step 200/2502: loss=3.062254
2026-10-04 14:52:10   step 300/2502: loss=4.379662
2026-10-04 14:52:39   step 400/2502: loss=4.541253
2026-10-04 14:53:08   step 500/2502: loss=4.000497
2026-10-04 14:53:39   step 600/2502: loss=4.666980
2026-10-04 14:54:08   step 700/2502: loss=4.736761
2026-10-04 14:54:38   step 800/2502: loss=5.011001
2026-10-04 14:55:09   step 900/2502: loss=4.760840
2026-10-04 14:55:38   step 1000/2502: loss=4.536010
2026-10-04 14:56:07   step 1100/2502: loss=4.786409
2026-10-04 14:56:37   step 1200/2502: loss=3.849233
2026-10-04 14:57:07   step 1300/2502: loss=4.793258
2026-10-04 14:57:36   step 1400/2502: loss=5.009311
2026-10-04 14:58:05   step 1500/2502: loss=4.818322
2026-10-04 14:58:34   step 1600/2502: loss=5.092277
2026-10-04 14:59:03   step 1700/2502: loss=4.437980
2026-10-04 14:59:33   step 1800/2502: loss=4.845911
2026-10-04 15:00:02   step 1900/2502: loss=4.059973
2026-10-04 15:00:31   step 2000/2502: loss=4.497729
2026-10-04 15:01:00   step 2100/2502: loss=4.807378
2026-10-04 15:01:29   step 2200/2502: loss=4.562876
2026-10-04 15:01:58   step 2300/2502: loss=4.505073
2026-10-04 15:02:27   step 2400/2502: loss=5.229613
2026-10-04 15:02:56   step 2500/2502: loss=4.815204
2026-10-04 15:03:03 [pjrt_ffi] RESIDENT: @vitin_emadp128x4wxclipdropeps0000001bf16_fwd holds 200 parameter tensors (21.8 MB) on 4 devices; they stop crossing PCIe from here
2026-10-04 15:03:43 Epoch 115/300: loss=4.340516 lr=0.000350
2026-10-04 15:03:43   epoch 115: test_acc = 32233/50000 = 64.466000%  top5 = 43348/50000 = 86.696000%  [95% CI 64.05–64.88]
2026-10-04 15:03:43   step 0/2502: loss=4.762071
2026-10-04 15:03:43   step 1/2502: loss=4.959466
2026-10-04 15:03:44   step 2/2502: loss=4.491371
2026-10-04 15:04:12   step 100/2502: loss=3.552987
2026-10-04 15:04:41   step 200/2502: loss=4.046053
2026-10-04 15:05:09   step 300/2502: loss=4.323221
2026-10-04 15:05:39   step 400/2502: loss=4.638657
2026-10-04 15:06:08   step 500/2502: loss=3.056705
2026-10-04 15:06:36   step 600/2502: loss=4.353056
2026-10-04 15:07:06   step 700/2502: loss=4.954329
2026-10-04 15:07:37   step 800/2502: loss=4.330471
2026-10-04 15:08:06   step 900/2502: loss=4.785335
2026-10-04 15:08:35   step 1000/2502: loss=4.517287
2026-10-04 15:09:06   step 1100/2502: loss=3.368232
2026-10-04 15:09:35   step 1200/2502: loss=4.766636
2026-10-04 15:10:04   step 1300/2502: loss=5.123976
2026-10-04 15:10:34   step 1400/2502: loss=4.316079
2026-10-04 15:11:04   step 1500/2502: loss=3.875525
2026-10-04 15:11:32   step 1600/2502: loss=4.882002
2026-10-04 15:12:02   step 1700/2502: loss=4.869382
2026-10-04 15:12:32   step 1800/2502: loss=4.612004
2026-10-04 15:13:02   step 1900/2502: loss=3.153552
2026-10-04 15:13:32   step 2000/2502: loss=4.360616
2026-10-04 15:14:01   step 2100/2502: loss=3.613551
2026-10-04 15:14:30   step 2200/2502: loss=4.552026
2026-10-04 15:14:59   step 2300/2502: loss=4.462399
2026-10-04 15:15:27   step 2400/2502: loss=4.220310
2026-10-04 15:15:56   step 2500/2502: loss=3.563544
2026-10-04 15:16:03 [pjrt_ffi] RESIDENT: @vitin_emadp128x4wxclipdropeps0000001bf16_fwd holds 200 parameter tensors (21.8 MB) on 4 devices; they stop crossing PCIe from here
2026-10-04 15:16:42 Epoch 116/300: loss=4.322254 lr=0.000348
2026-10-04 15:16:42   epoch 116: test_acc = 32285/50000 = 64.570000%  top5 = 43364/50000 = 86.728000%  [95% CI 64.15–64.99]
2026-10-04 15:16:42   step 0/2502: loss=4.284272
2026-10-04 15:16:42   step 1/2502: loss=5.336315
2026-10-04 15:16:42   step 2/2502: loss=4.050141
2026-10-04 15:17:11   step 100/2502: loss=3.438945
2026-10-04 15:17:40   step 200/2502: loss=4.438782
2026-10-04 15:18:09   step 300/2502: loss=4.613091
2026-10-04 15:18:39   step 400/2502: loss=4.704611
2026-10-04 15:19:07   step 500/2502: loss=4.639562
2026-10-04 15:19:37   step 600/2502: loss=4.884601
2026-10-04 15:20:06   step 700/2502: loss=3.270135
2026-10-04 15:20:37   step 800/2502: loss=4.773349
2026-10-04 15:21:06   step 900/2502: loss=4.104147
2026-10-04 15:21:36   step 1000/2502: loss=4.750116
2026-10-04 15:22:07   step 1100/2502: loss=4.390550
2026-10-04 15:22:35   step 1200/2502: loss=4.378693
2026-10-04 15:23:05   step 1300/2502: loss=5.060852
2026-10-04 15:23:33   step 1400/2502: loss=3.359690
2026-10-04 15:24:03   step 1500/2502: loss=4.022094
2026-10-04 15:24:32   step 1600/2502: loss=4.509767
2026-10-04 15:25:01   step 1700/2502: loss=4.329443
2026-10-04 15:25:32   step 1800/2502: loss=4.813087
2026-10-04 15:26:01   step 1900/2502: loss=4.112131
2026-10-04 15:26:29   step 2000/2502: loss=3.428217
2026-10-04 15:26:59   step 2100/2502: loss=4.503240
2026-10-04 15:27:27   step 2200/2502: loss=3.830902
2026-10-04 15:27:56   step 2300/2502: loss=4.861932
2026-10-04 15:28:25   step 2400/2502: loss=4.908828
2026-10-04 15:28:54   step 2500/2502: loss=4.920490
2026-10-04 15:29:01 [pjrt_ffi] RESIDENT: @vitin_emadp128x4wxclipdropeps0000001bf16_fwd holds 200 parameter tensors (21.8 MB) on 4 devices; they stop crossing PCIe from here
2026-10-04 15:29:40 Epoch 117/300: loss=4.303867 lr=0.000345
2026-10-04 15:29:40   epoch 117: test_acc = 32334/50000 = 64.668000%  top5 = 43393/50000 = 86.786000%  [95% CI 64.25–65.09]
2026-10-04 15:29:41   step 0/2502: loss=3.624503
2026-10-04 15:29:41   step 1/2502: loss=4.890101
2026-10-04 15:29:41   step 2/2502: loss=4.759033
2026-10-04 15:30:09   step 100/2502: loss=4.832153
2026-10-04 15:30:38   step 200/2502: loss=4.367017
2026-10-04 15:31:07   step 300/2502: loss=4.815346
2026-10-04 15:31:36   step 400/2502: loss=5.091431
2026-10-04 15:32:05   step 500/2502: loss=4.429149
2026-10-04 15:32:33   step 600/2502: loss=3.131013
2026-10-04 15:33:04   step 700/2502: loss=4.783168
2026-10-04 15:33:33   step 800/2502: loss=3.683071
2026-10-04 15:34:03   step 900/2502: loss=4.484030
2026-10-04 15:34:33   step 1000/2502: loss=4.539673
2026-10-04 15:35:03   step 1100/2502: loss=3.564990
2026-10-04 15:35:32   step 1200/2502: loss=5.030635
2026-10-04 15:36:01   step 1300/2502: loss=4.678985
2026-10-04 15:36:31   step 1400/2502: loss=3.242377
2026-10-04 15:37:00   step 1500/2502: loss=4.680669
2026-10-04 15:37:29   step 1600/2502: loss=4.380106
2026-10-04 15:37:58   step 1700/2502: loss=4.580305
2026-10-04 15:38:28   step 1800/2502: loss=4.449660
2026-10-04 15:38:57   step 1900/2502: loss=4.614273
2026-10-04 15:39:26   step 2000/2502: loss=4.880423
2026-10-04 15:39:55   step 2100/2502: loss=4.487305
2026-10-04 15:40:24   step 2200/2502: loss=3.691386
2026-10-04 15:40:53   step 2300/2502: loss=3.319916
2026-10-04 15:41:23   step 2400/2502: loss=3.911267
2026-10-04 15:41:52   step 2500/2502: loss=3.843643
2026-10-04 15:42:00 [pjrt_ffi] RESIDENT: @vitin_emadp128x4wxclipdropeps0000001bf16_fwd holds 200 parameter tensors (21.8 MB) on 4 devices; they stop crossing PCIe from here
2026-10-04 15:42:38 Epoch 118/300: loss=4.297156 lr=0.000343
2026-10-04 15:42:38   epoch 118: test_acc = 32357/50000 = 64.714000%  top5 = 43430/50000 = 86.860000%  [95% CI 64.29–65.13]
2026-10-04 15:42:38   step 0/2502: loss=3.876888
2026-10-04 15:42:39   step 1/2502: loss=4.664278
2026-10-04 15:42:39   step 2/2502: loss=5.149655
2026-10-04 15:43:07   step 100/2502: loss=4.544892
2026-10-04 15:43:36   step 200/2502: loss=5.046060
2026-10-04 15:44:05   step 300/2502: loss=3.531116
2026-10-04 15:44:34   step 400/2502: loss=4.203853
2026-10-04 15:45:03   step 500/2502: loss=3.283596
2026-10-04 15:45:34   step 600/2502: loss=5.226931
2026-10-04 15:46:03   step 700/2502: loss=3.370415
2026-10-04 15:46:31   step 800/2502: loss=3.097071
2026-10-04 15:47:02   step 900/2502: loss=4.483920
2026-10-04 15:47:33   step 1000/2502: loss=5.142344
2026-10-04 15:48:01   step 1100/2502: loss=4.110814
2026-10-04 15:48:30   step 1200/2502: loss=3.726569
2026-10-04 15:49:01   step 1300/2502: loss=4.612833
2026-10-04 15:49:30   step 1400/2502: loss=4.186806
2026-10-04 15:49:59   step 1500/2502: loss=3.708369
2026-10-04 15:50:28   step 1600/2502: loss=5.047342
2026-10-04 15:50:58   step 1700/2502: loss=3.253484
2026-10-04 15:51:27   step 1800/2502: loss=5.124656
2026-10-04 15:51:57   step 1900/2502: loss=3.408872
2026-10-04 15:52:25   step 2000/2502: loss=3.843144
2026-10-04 15:52:55   step 2100/2502: loss=3.652182
2026-10-04 15:53:24   step 2200/2502: loss=3.863546
2026-10-04 15:53:54   step 2300/2502: loss=4.716393
2026-10-04 15:54:23   step 2400/2502: loss=5.074396
2026-10-04 15:54:52   step 2500/2502: loss=3.779457
2026-10-04 15:54:59 [pjrt_ffi] RESIDENT: @vitin_emadp128x4wxclipdropeps0000001bf16_fwd holds 200 parameter tensors (21.8 MB) on 4 devices; they stop crossing PCIe from here
2026-10-04 15:55:36 Epoch 119/300: loss=4.303290 lr=0.000341
2026-10-04 15:55:36   epoch 119: test_acc = 32393/50000 = 64.786000%  top5 = 43432/50000 = 86.864000%  [95% CI 64.37–65.20]
2026-10-04 15:55:36   step 0/2502: loss=3.891975
2026-10-04 15:55:36   step 1/2502: loss=4.615209
2026-10-04 15:55:37   step 2/2502: loss=4.779288
2026-10-04 15:56:05   step 100/2502: loss=3.938247
2026-10-04 15:56:34   step 200/2502: loss=4.704110
2026-10-04 15:57:02   step 300/2502: loss=5.160131
2026-10-04 15:57:31   step 400/2502: loss=4.638349
2026-10-04 15:57:59   step 500/2502: loss=3.600402
2026-10-04 15:58:28   step 600/2502: loss=4.377109
2026-10-04 15:58:59   step 700/2502: loss=3.277440
2026-10-04 15:59:29   step 800/2502: loss=3.257225
2026-10-04 15:59:58   step 900/2502: loss=3.224501
2026-10-04 16:00:27   step 1000/2502: loss=4.518689
2026-10-04 16:00:57   step 1100/2502: loss=4.093318
2026-10-04 16:01:26   step 1200/2502: loss=4.271660
2026-10-04 16:01:56   step 1300/2502: loss=3.757763
2026-10-04 16:02:26   step 1400/2502: loss=3.749573
2026-10-04 16:02:54   step 1500/2502: loss=5.163412
2026-10-04 16:03:23   step 1600/2502: loss=4.853389
2026-10-04 16:03:52   step 1700/2502: loss=4.987278
2026-10-04 16:04:21   step 1800/2502: loss=4.478467
2026-10-04 16:04:50   step 1900/2502: loss=3.424048
2026-10-04 16:05:19   step 2000/2502: loss=4.570320
2026-10-04 16:05:49   step 2100/2502: loss=4.630255
2026-10-04 16:06:18   step 2200/2502: loss=4.446353
2026-10-04 16:06:46   step 2300/2502: loss=3.396724
2026-10-04 16:07:15   step 2400/2502: loss=4.768850
2026-10-04 16:07:46   step 2500/2502: loss=3.711273
2026-10-04 16:07:53 [pjrt_ffi] RESIDENT: @vitin_emadp128x4wxclipdropeps0000001bf16_fwd holds 200 parameter tensors (21.8 MB) on 4 devices; they stop crossing PCIe from here
2026-10-04 16:08:31 Epoch 120/300: loss=4.297001 lr=0.000338
2026-10-04 16:08:31   epoch 120: test_acc = 32437/50000 = 64.874000%  top5 = 43449/50000 = 86.898000%  [95% CI 64.45–65.29]
2026-10-04 16:08:35   ▸ shim respawn: producer 3 of 4 replaced after epoch 120 (generation 12, seed 52)
2026-10-04 16:08:35   step 0/2502: loss=3.898409
2026-10-04 16:08:36   step 1/2502: loss=4.202765
2026-10-04 16:08:36   step 2/2502: loss=3.565945
2026-10-04 16:09:07   step 100/2502: loss=4.252471
2026-10-04 16:09:36   step 200/2502: loss=4.811172
2026-10-04 16:10:05   step 300/2502: loss=4.982767
2026-10-04 16:10:34   step 400/2502: loss=3.901398
2026-10-04 16:11:02   step 500/2502: loss=4.702244
2026-10-04 16:11:32   step 600/2502: loss=4.490787
2026-10-04 16:12:00   step 700/2502: loss=3.016022
2026-10-04 16:12:30   step 800/2502: loss=4.125685
2026-10-04 16:13:01   step 900/2502: loss=3.225138
2026-10-04 16:13:30   step 1000/2502: loss=4.434473
2026-10-04 16:13:59   step 1100/2502: loss=3.206723
2026-10-04 16:14:28   step 1200/2502: loss=4.803452
2026-10-04 16:15:01   step 1300/2502: loss=5.029209
2026-10-04 16:15:29   step 1400/2502: loss=4.812749
2026-10-04 16:15:58   step 1500/2502: loss=4.499072
2026-10-04 16:16:27   step 1600/2502: loss=3.801384
2026-10-04 16:16:55   step 1700/2502: loss=4.930783
2026-10-04 16:17:26   step 1800/2502: loss=4.708128
2026-10-04 16:17:55   step 1900/2502: loss=3.409740
2026-10-04 16:18:24   step 2000/2502: loss=4.814166
2026-10-04 16:18:52   step 2100/2502: loss=4.306078
2026-10-04 16:19:21   step 2200/2502: loss=4.273733
2026-10-04 16:19:52   step 2300/2502: loss=4.996044
2026-10-04 16:20:21   step 2400/2502: loss=4.629447
2026-10-04 16:20:50   step 2500/2502: loss=3.509789
2026-10-04 16:20:57 [pjrt_ffi] RESIDENT: @vitin_emadp128x4wxclipdropeps0000001bf16_fwd holds 200 parameter tensors (21.8 MB) on 4 devices; they stop crossing PCIe from here
2026-10-04 16:21:30 Epoch 121/300: loss=4.265057 lr=0.000336
2026-10-04 16:21:30   epoch 121: test_acc = 32491/50000 = 64.982000%  top5 = 43471/50000 = 86.942000%  [95% CI 64.56–65.40]
2026-10-04 16:21:30   step 0/2502: loss=3.083976
2026-10-04 16:21:30   step 1/2502: loss=4.658122
2026-10-04 16:21:30   step 2/2502: loss=4.602090
2026-10-04 16:21:59   step 100/2502: loss=4.862005
2026-10-04 16:22:28   step 200/2502: loss=2.963083
2026-10-04 16:22:56   step 300/2502: loss=4.772615
2026-10-04 16:23:25   step 400/2502: loss=4.773410
2026-10-04 16:23:56   step 500/2502: loss=3.553552
2026-10-04 16:24:25   step 600/2502: loss=4.442522
2026-10-04 16:24:55   step 700/2502: loss=3.041089
2026-10-04 16:25:24   step 800/2502: loss=3.809111
2026-10-04 16:25:53   step 900/2502: loss=4.722161
2026-10-04 16:26:22   step 1000/2502: loss=4.619256
2026-10-04 16:26:52   step 1100/2502: loss=4.554722
2026-10-04 16:27:21   step 1200/2502: loss=4.891487
2026-10-04 16:27:52   step 1300/2502: loss=4.520822
2026-10-04 16:28:22   step 1400/2502: loss=3.420730
2026-10-04 16:28:50   step 1500/2502: loss=4.511115
2026-10-04 16:29:19   step 1600/2502: loss=3.931852
2026-10-04 16:29:48   step 1700/2502: loss=4.466217
2026-10-04 16:30:18   step 1800/2502: loss=4.865417
2026-10-04 16:30:47   step 1900/2502: loss=4.747497
2026-10-04 16:31:16   step 2000/2502: loss=5.156072
2026-10-04 16:31:46   step 2100/2502: loss=4.171453
2026-10-04 16:32:14   step 2200/2502: loss=4.570881
2026-10-04 16:32:44   step 2300/2502: loss=3.997121
2026-10-04 16:33:13   step 2400/2502: loss=3.170966
2026-10-04 16:33:42   step 2500/2502: loss=3.646212
2026-10-04 16:33:49 [pjrt_ffi] RESIDENT: @vitin_emadp128x4wxclipdropeps0000001bf16_fwd holds 200 parameter tensors (21.8 MB) on 4 devices; they stop crossing PCIe from here
2026-10-04 16:34:27 Epoch 122/300: loss=4.304993 lr=0.000333
2026-10-04 16:34:27   epoch 122: test_acc = 32530/50000 = 65.060000%  top5 = 43479/50000 = 86.958000%  [95% CI 64.64–65.48]
2026-10-04 16:34:27   step 0/2502: loss=4.330353
2026-10-04 16:34:28   step 1/2502: loss=4.618712
2026-10-04 16:34:29   step 2/2502: loss=5.118646
2026-10-04 16:34:57   step 100/2502: loss=4.129959
2026-10-04 16:35:26   step 200/2502: loss=4.544970
2026-10-04 16:35:54   step 300/2502: loss=4.595657
2026-10-04 16:36:23   step 400/2502: loss=3.398735
2026-10-04 16:36:52   step 500/2502: loss=3.967890
2026-10-04 16:37:22   step 600/2502: loss=3.366458
2026-10-04 16:37:52   step 700/2502: loss=3.254011
2026-10-04 16:38:22   step 800/2502: loss=4.177287
2026-10-04 16:38:52   step 900/2502: loss=3.379090
2026-10-04 16:39:21   step 1000/2502: loss=4.950717
2026-10-04 16:39:50   step 1100/2502: loss=4.894528
2026-10-04 16:40:20   step 1200/2502: loss=4.569763
2026-10-04 16:40:49   step 1300/2502: loss=3.523335
2026-10-04 16:41:18   step 1400/2502: loss=4.914742
2026-10-04 16:41:48   step 1500/2502: loss=3.687887
2026-10-04 16:42:16   step 1600/2502: loss=2.820975
2026-10-04 16:42:46   step 1700/2502: loss=4.735727
2026-10-04 16:43:16   step 1800/2502: loss=3.686948
2026-10-04 16:43:45   step 1900/2502: loss=4.382936
2026-10-04 16:44:13   step 2000/2502: loss=4.761419
2026-10-04 16:44:42   step 2100/2502: loss=4.232206
2026-10-04 16:45:11   step 2200/2502: loss=4.254103
2026-10-04 16:45:41   step 2300/2502: loss=4.523882
2026-10-04 16:46:10   step 2400/2502: loss=3.504299
2026-10-04 16:46:39   step 2500/2502: loss=4.605297
2026-10-04 16:46:46 [pjrt_ffi] RESIDENT: @vitin_emadp128x4wxclipdropeps0000001bf16_fwd holds 200 parameter tensors (21.8 MB) on 4 devices; they stop crossing PCIe from here
2026-10-04 16:47:22 Epoch 123/300: loss=4.296557 lr=0.000331
2026-10-04 16:47:22   epoch 123: test_acc = 32580/50000 = 65.160000%  top5 = 43482/50000 = 86.964000%  [95% CI 64.74–65.58]
2026-10-04 16:47:22   step 0/2502: loss=4.638325
2026-10-04 16:47:22   step 1/2502: loss=4.984946
2026-10-04 16:47:22   step 2/2502: loss=3.825291
2026-10-04 16:47:51   step 100/2502: loss=4.151012
2026-10-04 16:48:20   step 200/2502: loss=4.598033
2026-10-04 16:48:48   step 300/2502: loss=3.100923
2026-10-04 16:49:17   step 400/2502: loss=4.689156
2026-10-04 16:49:46   step 500/2502: loss=3.710371
2026-10-04 16:50:16   step 600/2502: loss=4.077106
2026-10-04 16:50:46   step 700/2502: loss=3.395144
2026-10-04 16:51:15   step 800/2502: loss=4.305575
2026-10-04 16:51:43   step 900/2502: loss=4.913563
2026-10-04 16:52:15   step 1000/2502: loss=4.733962
2026-10-04 16:52:43   step 1100/2502: loss=4.821283
2026-10-04 16:53:13   step 1200/2502: loss=4.743665
2026-10-04 16:53:43   step 1300/2502: loss=3.061034
2026-10-04 16:54:11   step 1400/2502: loss=4.387880
2026-10-04 16:54:40   step 1500/2502: loss=3.827132
2026-10-04 16:55:10   step 1600/2502: loss=4.455559
2026-10-04 16:55:40   step 1700/2502: loss=4.159408
2026-10-04 16:56:09   step 1800/2502: loss=4.232506
2026-10-04 16:56:38   step 1900/2502: loss=5.093237
2026-10-04 16:57:06   step 2000/2502: loss=4.813054
2026-10-04 16:57:35   step 2100/2502: loss=4.853189
2026-10-04 16:58:07   step 2200/2502: loss=4.854063
2026-10-04 16:58:35   step 2300/2502: loss=3.411894
2026-10-04 16:59:04   step 2400/2502: loss=4.749740
2026-10-04 16:59:33   step 2500/2502: loss=3.320832
2026-10-04 16:59:40 [pjrt_ffi] RESIDENT: @vitin_emadp128x4wxclipdropeps0000001bf16_fwd holds 200 parameter tensors (21.8 MB) on 4 devices; they stop crossing PCIe from here
2026-10-04 17:00:21 Epoch 124/300: loss=4.290407 lr=0.000328
2026-10-04 17:00:21   epoch 124: test_acc = 32635/50000 = 65.270000%  top5 = 43495/50000 = 86.990000%  [95% CI 64.85–65.69]
2026-10-04 17:00:21   step 0/2502: loss=4.765536
2026-10-04 17:00:21   step 1/2502: loss=4.691743
2026-10-04 17:00:21   step 2/2502: loss=4.515775
2026-10-04 17:00:50   step 100/2502: loss=3.096940
2026-10-04 17:01:19   step 200/2502: loss=3.589096
2026-10-04 17:01:48   step 300/2502: loss=3.269150
2026-10-04 17:02:16   step 400/2502: loss=4.388986
2026-10-04 17:02:45   step 500/2502: loss=3.963751
2026-10-04 17:03:14   step 600/2502: loss=3.876235
2026-10-04 17:03:45   step 700/2502: loss=3.809350
2026-10-04 17:04:15   step 800/2502: loss=3.879944
2026-10-04 17:04:43   step 900/2502: loss=4.484352
2026-10-04 17:05:15   step 1000/2502: loss=4.720407
2026-10-04 17:05:44   step 1100/2502: loss=3.652864
2026-10-04 17:06:13   step 1200/2502: loss=3.960307
2026-10-04 17:06:41   step 1300/2502: loss=4.930553
2026-10-04 17:07:10   step 1400/2502: loss=3.579710
2026-10-04 17:07:40   step 1500/2502: loss=3.781092
2026-10-04 17:08:09   step 1600/2502: loss=4.013215
2026-10-04 17:08:38   step 1700/2502: loss=5.047004
2026-10-04 17:09:08   step 1800/2502: loss=3.770927
2026-10-04 17:09:37   step 1900/2502: loss=4.768411
2026-10-04 17:10:06   step 2000/2502: loss=4.384379
2026-10-04 17:10:35   step 2100/2502: loss=3.370740
2026-10-04 17:11:06   step 2200/2502: loss=4.630103
2026-10-04 17:11:35   step 2300/2502: loss=4.962153
2026-10-04 17:12:03   step 2400/2502: loss=3.235863
2026-10-04 17:12:32   step 2500/2502: loss=4.957133
2026-10-04 17:12:40 [pjrt_ffi] RESIDENT: @vitin_emadp128x4wxclipdropeps0000001bf16_fwd holds 200 parameter tensors (21.8 MB) on 4 devices; they stop crossing PCIe from here
2026-10-04 17:13:17 Epoch 125/300: loss=4.267479 lr=0.000326
2026-10-04 17:13:17   epoch 125: test_acc = 32645/50000 = 65.290000%  top5 = 43508/50000 = 87.016000%  [95% CI 64.87–65.71]
2026-10-04 17:13:17   step 0/2502: loss=3.798002
2026-10-04 17:13:17   step 1/2502: loss=4.725439
2026-10-04 17:13:18   step 2/2502: loss=4.718017
2026-10-04 17:13:47   step 100/2502: loss=4.139868
2026-10-04 17:14:15   step 200/2502: loss=5.127629
2026-10-04 17:14:44   step 300/2502: loss=4.649719
2026-10-04 17:15:13   step 400/2502: loss=4.911978
2026-10-04 17:15:42   step 500/2502: loss=3.628571
2026-10-04 17:16:11   step 600/2502: loss=3.904843
2026-10-04 17:16:41   step 700/2502: loss=4.542695
2026-10-04 17:17:10   step 800/2502: loss=3.387801
2026-10-04 17:17:40   step 900/2502: loss=4.506260
2026-10-04 17:18:10   step 1000/2502: loss=5.063924
2026-10-04 17:18:39   step 1100/2502: loss=4.652471
2026-10-04 17:19:08   step 1200/2502: loss=3.202217
2026-10-04 17:19:37   step 1300/2502: loss=3.339426
2026-10-04 17:20:06   step 1400/2502: loss=3.435216
2026-10-04 17:20:35   step 1500/2502: loss=4.630577
2026-10-04 17:21:04   step 1600/2502: loss=5.115415
2026-10-04 17:21:33   step 1700/2502: loss=4.560662
2026-10-04 17:22:02   step 1800/2502: loss=4.892215
2026-10-04 17:22:32   step 1900/2502: loss=4.710865
2026-10-04 17:23:01   step 2000/2502: loss=5.000465
2026-10-04 17:23:30   step 2100/2502: loss=2.966602
2026-10-04 17:23:59   step 2200/2502: loss=3.407661
2026-10-04 17:24:28   step 2300/2502: loss=3.479033
2026-10-04 17:24:58   step 2400/2502: loss=4.750638
2026-10-04 17:25:26   step 2500/2502: loss=4.036308
2026-10-04 17:25:33 [pjrt_ffi] RESIDENT: @vitin_emadp128x4wxclipdropeps0000001bf16_fwd holds 200 parameter tensors (21.8 MB) on 4 devices; they stop crossing PCIe from here
2026-10-04 17:26:09 Epoch 126/300: loss=4.271792 lr=0.000323
2026-10-04 17:26:09   epoch 126: test_acc = 32659/50000 = 65.318000%  top5 = 43536/50000 = 87.072000%  [95% CI 64.90–65.73]
2026-10-04 17:26:09   step 0/2502: loss=4.643481
2026-10-04 17:26:09   step 1/2502: loss=4.907489
2026-10-04 17:26:09   step 2/2502: loss=3.245360
2026-10-04 17:26:38   step 100/2502: loss=3.689690
2026-10-04 17:27:08   step 200/2502: loss=4.768259
2026-10-04 17:27:37   step 300/2502: loss=4.805925
2026-10-04 17:28:06   step 400/2502: loss=4.395718
2026-10-04 17:28:35   step 500/2502: loss=3.857524
2026-10-04 17:29:04   step 600/2502: loss=2.689870
2026-10-04 17:29:34   step 700/2502: loss=4.177150
2026-10-04 17:30:03   step 800/2502: loss=3.336143
2026-10-04 17:30:34   step 900/2502: loss=3.776431
2026-10-04 17:31:03   step 1000/2502: loss=4.550474
2026-10-04 17:31:31   step 1100/2502: loss=4.222669
2026-10-04 17:32:01   step 1200/2502: loss=4.764759
2026-10-04 17:32:30   step 1300/2502: loss=4.694275
2026-10-04 17:32:59   step 1400/2502: loss=4.784415
2026-10-04 17:33:31   step 1500/2502: loss=4.643128
2026-10-04 17:34:00   step 1600/2502: loss=3.268197
2026-10-04 17:34:29   step 1700/2502: loss=4.687749
2026-10-04 17:34:58   step 1800/2502: loss=4.344185
2026-10-04 17:35:27   step 1900/2502: loss=3.402329
2026-10-04 17:35:55   step 2000/2502: loss=4.654675
2026-10-04 17:36:24   step 2100/2502: loss=4.893610
2026-10-04 17:36:53   step 2200/2502: loss=3.378053
2026-10-04 17:37:22   step 2300/2502: loss=4.361489
2026-10-04 17:37:51   step 2400/2502: loss=4.941886
2026-10-04 17:38:21   step 2500/2502: loss=4.618163
2026-10-04 17:38:29 [pjrt_ffi] RESIDENT: @vitin_emadp128x4wxclipdropeps0000001bf16_fwd holds 200 parameter tensors (21.8 MB) on 4 devices; they stop crossing PCIe from here
2026-10-04 17:39:02 Epoch 127/300: loss=4.274295 lr=0.000321
2026-10-04 17:39:02   epoch 127: test_acc = 32705/50000 = 65.410000%  top5 = 43545/50000 = 87.090000%  [95% CI 64.99–65.83]
2026-10-04 17:39:02   step 0/2502: loss=4.269487
2026-10-04 17:39:02   step 1/2502: loss=4.417653
2026-10-04 17:39:02   step 2/2502: loss=4.408998
2026-10-04 17:39:31   step 100/2502: loss=4.752603
2026-10-04 17:39:59   step 200/2502: loss=4.261766
2026-10-04 17:40:28   step 300/2502: loss=4.058552
2026-10-04 17:40:57   step 400/2502: loss=3.638986
2026-10-04 17:41:26   step 500/2502: loss=4.573590
2026-10-04 17:41:55   step 600/2502: loss=4.726869
2026-10-04 17:42:25   step 700/2502: loss=3.623474
2026-10-04 17:42:56   step 800/2502: loss=4.817743
2026-10-04 17:43:24   step 900/2502: loss=4.975577
2026-10-04 17:43:53   step 1000/2502: loss=4.629265
2026-10-04 17:44:24   step 1100/2502: loss=3.934382
2026-10-04 17:44:52   step 1200/2502: loss=4.345181
2026-10-04 17:45:22   step 1300/2502: loss=3.164967
2026-10-04 17:45:50   step 1400/2502: loss=3.603067
2026-10-04 17:46:21   step 1500/2502: loss=5.159378
2026-10-04 17:46:49   step 1600/2502: loss=4.435831
2026-10-04 17:47:18   step 1700/2502: loss=4.505480
2026-10-04 17:47:48   step 1800/2502: loss=3.620574
2026-10-04 17:48:17   step 1900/2502: loss=3.821237
2026-10-04 17:48:45   step 2000/2502: loss=4.789814
2026-10-04 17:49:14   step 2100/2502: loss=5.002053
2026-10-04 17:49:43   step 2200/2502: loss=4.338113
2026-10-04 17:50:14   step 2300/2502: loss=4.817727
2026-10-04 17:50:43   step 2400/2502: loss=4.807872
2026-10-04 17:51:11   step 2500/2502: loss=5.086839
2026-10-04 17:51:18 [pjrt_ffi] RESIDENT: @vitin_emadp128x4wxclipdropeps0000001bf16_fwd holds 200 parameter tensors (21.8 MB) on 4 devices; they stop crossing PCIe from here
2026-10-04 17:51:56 Epoch 128/300: loss=4.286219 lr=0.000318
2026-10-04 17:51:56   epoch 128: test_acc = 32748/50000 = 65.496000%  top5 = 43573/50000 = 87.146000%  [95% CI 65.08–65.91]
2026-10-04 17:51:56   step 0/2502: loss=4.318587
2026-10-04 17:51:56   step 1/2502: loss=3.516734
2026-10-04 17:51:56   step 2/2502: loss=4.358262
2026-10-04 17:52:25   step 100/2502: loss=4.651668
2026-10-04 17:52:53   step 200/2502: loss=4.560421
2026-10-04 17:53:22   step 300/2502: loss=4.732733
2026-10-04 17:53:50   step 400/2502: loss=3.427015
2026-10-04 17:54:20   step 500/2502: loss=5.072314
2026-10-04 17:54:50   step 600/2502: loss=4.309422
2026-10-04 17:55:19   step 700/2502: loss=4.975085
2026-10-04 17:55:49   step 800/2502: loss=4.675233
2026-10-04 17:56:20   step 900/2502: loss=4.855819
2026-10-04 17:56:49   step 1000/2502: loss=4.194186
2026-10-04 17:57:18   step 1100/2502: loss=3.638308
2026-10-04 17:57:47   step 1200/2502: loss=3.325324
2026-10-04 17:58:16   step 1300/2502: loss=4.957957
2026-10-04 17:58:45   step 1400/2502: loss=4.463988
2026-10-04 17:59:14   step 1500/2502: loss=3.417596
2026-10-04 17:59:43   step 1600/2502: loss=4.164511
2026-10-04 18:00:13   step 1700/2502: loss=3.523131
2026-10-04 18:00:42   step 1800/2502: loss=4.600651
2026-10-04 18:01:10   step 1900/2502: loss=3.891447
2026-10-04 18:01:40   step 2000/2502: loss=4.387492
2026-10-04 18:02:09   step 2100/2502: loss=4.435342
2026-10-04 18:02:38   step 2200/2502: loss=4.549883
2026-10-04 18:03:08   step 2300/2502: loss=4.793952
2026-10-04 18:03:37   step 2400/2502: loss=4.549888
2026-10-04 18:04:06   step 2500/2502: loss=4.168024
2026-10-04 18:04:12 [pjrt_ffi] RESIDENT: @vitin_emadp128x4wxclipdropeps0000001bf16_fwd holds 200 parameter tensors (21.8 MB) on 4 devices; they stop crossing PCIe from here
2026-10-04 18:04:50 Epoch 129/300: loss=4.266851 lr=0.000316
2026-10-04 18:04:50   epoch 129: test_acc = 32797/50000 = 65.594000%  top5 = 43583/50000 = 87.166000%  [95% CI 65.18–66.01]
2026-10-04 18:04:50   step 0/2502: loss=4.755066
2026-10-04 18:04:50   step 1/2502: loss=4.746215
2026-10-04 18:04:51   step 2/2502: loss=3.431372
2026-10-04 18:05:19   step 100/2502: loss=4.710185
2026-10-04 18:05:48   step 200/2502: loss=3.909106
2026-10-04 18:06:16   step 300/2502: loss=3.546291
2026-10-04 18:06:45   step 400/2502: loss=4.920255
2026-10-04 18:07:14   step 500/2502: loss=4.162004
2026-10-04 18:07:45   step 600/2502: loss=4.822969
2026-10-04 18:08:14   step 700/2502: loss=4.251177
2026-10-04 18:08:45   step 800/2502: loss=4.694590
2026-10-04 18:09:14   step 900/2502: loss=4.199750
2026-10-04 18:09:42   step 1000/2502: loss=3.786131
2026-10-04 18:10:11   step 1100/2502: loss=4.460521
2026-10-04 18:10:41   step 1200/2502: loss=3.095577
2026-10-04 18:11:10   step 1300/2502: loss=4.607029
2026-10-04 18:11:39   step 1400/2502: loss=4.381553
2026-10-04 18:12:08   step 1500/2502: loss=4.158912
2026-10-04 18:12:37   step 1600/2502: loss=4.837998
2026-10-04 18:13:06   step 1700/2502: loss=3.661611
2026-10-04 18:13:35   step 1800/2502: loss=4.020365
2026-10-04 18:14:05   step 1900/2502: loss=4.238431
2026-10-04 18:14:34   step 2000/2502: loss=3.980560
2026-10-04 18:15:04   step 2100/2502: loss=4.718453
2026-10-04 18:15:33   step 2200/2502: loss=5.122883
2026-10-04 18:16:01   step 2300/2502: loss=3.771067
2026-10-04 18:16:30   step 2400/2502: loss=3.650957
2026-10-04 18:16:59   step 2500/2502: loss=4.683083
2026-10-04 18:17:06 [pjrt_ffi] RESIDENT: @vitin_emadp128x4wxclipdropeps0000001bf16_fwd holds 200 parameter tensors (21.8 MB) on 4 devices; they stop crossing PCIe from here
2026-10-04 18:17:41 Epoch 130/300: loss=4.268275 lr=0.000313
2026-10-04 18:17:41   epoch 130: test_acc = 32832/50000 = 65.664000%  top5 = 43617/50000 = 87.234000%  [95% CI 65.25–66.08]
2026-10-04 18:17:45   ▸ shim respawn: producer 0 of 4 replaced after epoch 130 (generation 13, seed 53)
2026-10-04 18:17:48   step 0/2502: loss=2.905337
2026-10-04 18:17:48   step 1/2502: loss=4.756397
2026-10-04 18:17:48   step 2/2502: loss=3.803975
2026-10-04 18:18:17   step 100/2502: loss=4.339565
2026-10-04 18:18:46   step 200/2502: loss=5.087068
2026-10-04 18:19:15   step 300/2502: loss=4.475511
2026-10-04 18:19:44   step 400/2502: loss=3.585296
2026-10-04 18:20:13   step 500/2502: loss=3.533520
2026-10-04 18:20:43   step 600/2502: loss=4.159331
2026-10-04 18:21:14   step 700/2502: loss=4.402963
2026-10-04 18:21:43   step 800/2502: loss=4.413450
2026-10-04 18:22:13   step 900/2502: loss=3.811033
2026-10-04 18:22:44   step 1000/2502: loss=3.310054
2026-10-04 18:23:12   step 1100/2502: loss=4.221127
2026-10-04 18:23:41   step 1200/2502: loss=4.008809
2026-10-04 18:24:11   step 1300/2502: loss=3.903337
2026-10-04 18:24:41   step 1400/2502: loss=4.950856
2026-10-04 18:25:11   step 1500/2502: loss=4.600701
2026-10-04 18:25:40   step 1600/2502: loss=4.969702
2026-10-04 18:26:09   step 1700/2502: loss=4.774199
2026-10-04 18:26:38   step 1800/2502: loss=4.830863
2026-10-04 18:27:09   step 1900/2502: loss=4.604936
2026-10-04 18:27:38   step 2000/2502: loss=3.080932
2026-10-04 18:28:07   step 2100/2502: loss=4.837777
2026-10-04 18:28:36   step 2200/2502: loss=4.777134
2026-10-04 18:29:05   step 2300/2502: loss=4.542673
2026-10-04 18:29:34   step 2400/2502: loss=4.519585
2026-10-04 18:30:03   step 2500/2502: loss=4.550857
2026-10-04 18:30:11 [pjrt_ffi] RESIDENT: @vitin_emadp128x4wxclipdropeps0000001bf16_fwd holds 200 parameter tensors (21.8 MB) on 4 devices; they stop crossing PCIe from here
2026-10-04 18:30:46 Epoch 131/300: loss=4.263021 lr=0.000311
2026-10-04 18:30:46   epoch 131: test_acc = 32845/50000 = 65.690000%  top5 = 43637/50000 = 87.274000%  [95% CI 65.27–66.10]
2026-10-04 18:30:47   step 0/2502: loss=2.858629
2026-10-04 18:30:47   step 1/2502: loss=5.002983
2026-10-04 18:30:47   step 2/2502: loss=4.759081
2026-10-04 18:31:15   step 100/2502: loss=3.521945
2026-10-04 18:31:45   step 200/2502: loss=4.593731
2026-10-04 18:32:14   step 300/2502: loss=3.907205
2026-10-04 18:32:43   step 400/2502: loss=3.588865
2026-10-04 18:33:12   step 500/2502: loss=4.941303
2026-10-04 18:33:41   step 600/2502: loss=4.467821
2026-10-04 18:34:11   step 700/2502: loss=4.964240
2026-10-04 18:34:43   step 800/2502: loss=4.604188
2026-10-04 18:35:12   step 900/2502: loss=4.094246
2026-10-04 18:35:42   step 1000/2502: loss=4.653112
2026-10-04 18:36:11   step 1100/2502: loss=4.843549
2026-10-04 18:36:40   step 1200/2502: loss=3.679586
2026-10-04 18:37:11   step 1300/2502: loss=5.060028
2026-10-04 18:37:40   step 1400/2502: loss=3.993665
2026-10-04 18:38:09   step 1500/2502: loss=3.413801
2026-10-04 18:38:38   step 1600/2502: loss=3.864941
2026-10-04 18:39:08   step 1700/2502: loss=4.278871
2026-10-04 18:39:37   step 1800/2502: loss=4.135832
2026-10-04 18:40:06   step 1900/2502: loss=4.280829
2026-10-04 18:40:35   step 2000/2502: loss=4.796254
2026-10-04 18:41:04   step 2100/2502: loss=4.580663
2026-10-04 18:41:33   step 2200/2502: loss=4.372292
2026-10-04 18:42:04   step 2300/2502: loss=4.056262
2026-10-04 18:42:33   step 2400/2502: loss=4.750067
2026-10-04 18:43:03   step 2500/2502: loss=3.095553
2026-10-04 18:43:09 [pjrt_ffi] RESIDENT: @vitin_emadp128x4wxclipdropeps0000001bf16_fwd holds 200 parameter tensors (21.8 MB) on 4 devices; they stop crossing PCIe from here
2026-10-04 18:43:42 Epoch 132/300: loss=4.268061 lr=0.000308
2026-10-04 18:43:42   epoch 132: test_acc = 32843/50000 = 65.686000%  top5 = 43658/50000 = 87.316000%  [95% CI 65.27–66.10]
2026-10-04 18:43:42   step 0/2502: loss=4.565514
2026-10-04 18:43:42   step 1/2502: loss=4.448589
2026-10-04 18:43:42   step 2/2502: loss=4.811302
2026-10-04 18:44:11   step 100/2502: loss=3.642778
2026-10-04 18:44:40   step 200/2502: loss=3.795795
2026-10-04 18:45:09   step 300/2502: loss=5.090128
2026-10-04 18:45:38   step 400/2502: loss=4.788599
2026-10-04 18:46:09   step 500/2502: loss=3.558865
2026-10-04 18:46:38   step 600/2502: loss=4.651352
2026-10-04 18:47:08   step 700/2502: loss=3.035353
2026-10-04 18:47:38   step 800/2502: loss=4.729915
2026-10-04 18:48:08   step 900/2502: loss=4.899937
2026-10-04 18:48:37   step 1000/2502: loss=4.359597
2026-10-04 18:49:07   step 1100/2502: loss=4.277106
2026-10-04 18:49:36   step 1200/2502: loss=4.301252
2026-10-04 18:50:05   step 1300/2502: loss=4.331902
2026-10-04 18:50:35   step 1400/2502: loss=4.049196
2026-10-04 18:51:05   step 1500/2502: loss=3.991998
2026-10-04 18:51:34   step 1600/2502: loss=4.709105
2026-10-04 18:52:04   step 1700/2502: loss=4.833289
2026-10-04 18:52:33   step 1800/2502: loss=4.293705
2026-10-04 18:53:02   step 1900/2502: loss=4.210821
2026-10-04 18:53:32   step 2000/2502: loss=4.603246
2026-10-04 18:54:02   step 2100/2502: loss=4.819718
2026-10-04 18:54:31   step 2200/2502: loss=4.330622
2026-10-04 18:55:01   step 2300/2502: loss=3.450941
2026-10-04 18:55:31   step 2400/2502: loss=4.626649
2026-10-04 18:55:59   step 2500/2502: loss=4.596925
2026-10-04 18:56:06 [pjrt_ffi] RESIDENT: @vitin_emadp128x4wxclipdropeps0000001bf16_fwd holds 200 parameter tensors (21.8 MB) on 4 devices; they stop crossing PCIe from here
2026-10-04 18:56:42 Epoch 133/300: loss=4.250785 lr=0.000306
2026-10-04 18:56:42   epoch 133: test_acc = 32864/50000 = 65.728000%  top5 = 43672/50000 = 87.344000%  [95% CI 65.31–66.14]
2026-10-04 18:56:42   step 0/2502: loss=3.709875
2026-10-04 18:56:42   step 1/2502: loss=3.925729
2026-10-04 18:56:42   step 2/2502: loss=4.795277
2026-10-04 18:57:11   step 100/2502: loss=4.191830
2026-10-04 18:57:40   step 200/2502: loss=3.541884
2026-10-04 18:58:09   step 300/2502: loss=4.408239
2026-10-04 18:58:38   step 400/2502: loss=4.712462
2026-10-04 18:59:08   step 500/2502: loss=4.369611
2026-10-04 18:59:37   step 600/2502: loss=4.158049
2026-10-04 19:00:06   step 700/2502: loss=4.558093
2026-10-04 19:00:35   step 800/2502: loss=5.101973
2026-10-04 19:01:07   step 900/2502: loss=4.073502
2026-10-04 19:01:36   step 1000/2502: loss=4.718537
2026-10-04 19:02:05   step 1100/2502: loss=3.181484
2026-10-04 19:02:34   step 1200/2502: loss=4.397425
2026-10-04 19:03:06   step 1300/2502: loss=4.028720
2026-10-04 19:03:35   step 1400/2502: loss=3.361785
2026-10-04 19:04:04   step 1500/2502: loss=4.595669
2026-10-04 19:04:33   step 1600/2502: loss=4.900636
2026-10-04 19:05:02   step 1700/2502: loss=3.405790
2026-10-04 19:05:33   step 1800/2502: loss=3.361840
2026-10-04 19:06:02   step 1900/2502: loss=4.789368
2026-10-04 19:06:30   step 2000/2502: loss=3.551606
2026-10-04 19:06:59   step 2100/2502: loss=4.616313
2026-10-04 19:07:27   step 2200/2502: loss=4.851614
2026-10-04 19:07:56   step 2300/2502: loss=4.078215
2026-10-04 19:08:26   step 2400/2502: loss=4.295360
2026-10-04 19:08:54   step 2500/2502: loss=4.617754
2026-10-04 19:09:02 [pjrt_ffi] RESIDENT: @vitin_emadp128x4wxclipdropeps0000001bf16_fwd holds 200 parameter tensors (21.8 MB) on 4 devices; they stop crossing PCIe from here
2026-10-04 19:09:38 Epoch 134/300: loss=4.255053 lr=0.000303
2026-10-04 19:09:38   epoch 134: test_acc = 32901/50000 = 65.802000%  top5 = 43710/50000 = 87.420000%  [95% CI 65.39–66.22]
2026-10-04 19:09:38   step 0/2502: loss=3.735243
2026-10-04 19:09:38   step 1/2502: loss=4.493229
2026-10-04 19:09:39   step 2/2502: loss=5.002712
2026-10-04 19:10:09   step 100/2502: loss=3.639821
2026-10-04 19:10:37   step 200/2502: loss=4.341838
2026-10-04 19:11:06   step 300/2502: loss=4.612424
2026-10-04 19:11:35   step 400/2502: loss=3.590186
2026-10-04 19:12:05   step 500/2502: loss=3.973949
2026-10-04 19:12:35   step 600/2502: loss=3.231637
2026-10-04 19:13:04   step 700/2502: loss=3.988453
2026-10-04 19:13:35   step 800/2502: loss=4.397838
2026-10-04 19:14:05   step 900/2502: loss=4.566928
2026-10-04 19:14:34   step 1000/2502: loss=4.783195
2026-10-04 19:15:02   step 1100/2502: loss=4.770690
2026-10-04 19:15:33   step 1200/2502: loss=4.206035
2026-10-04 19:16:02   step 1300/2502: loss=4.529561
2026-10-04 19:16:33   step 1400/2502: loss=4.984484
2026-10-04 19:17:01   step 1500/2502: loss=4.280066
2026-10-04 19:17:30   step 1600/2502: loss=3.198912
2026-10-04 19:17:59   step 1700/2502: loss=3.808763
2026-10-04 19:18:28   step 1800/2502: loss=3.050925
2026-10-04 19:18:57   step 1900/2502: loss=4.348934
2026-10-04 19:19:26   step 2000/2502: loss=4.656916
2026-10-04 19:19:56   step 2100/2502: loss=4.558355
2026-10-04 19:20:25   step 2200/2502: loss=3.863079
2026-10-04 19:20:56   step 2300/2502: loss=3.414743
2026-10-04 19:21:24   step 2400/2502: loss=2.987332
2026-10-04 19:21:53   step 2500/2502: loss=4.617792
2026-10-04 19:21:59 [pjrt_ffi] RESIDENT: @vitin_emadp128x4wxclipdropeps0000001bf16_fwd holds 200 parameter tensors (21.8 MB) on 4 devices; they stop crossing PCIe from here
2026-10-04 19:22:39 Epoch 135/300: loss=4.261662 lr=0.000300
2026-10-04 19:22:39   epoch 135: test_acc = 32953/50000 = 65.906000%  top5 = 43746/50000 = 87.492000%  [95% CI 65.49–66.32]
2026-10-04 19:22:39   step 0/2502: loss=4.699974
2026-10-04 19:22:39   step 1/2502: loss=4.643239
2026-10-04 19:22:39   step 2/2502: loss=4.898117
2026-10-04 19:23:08   step 100/2502: loss=2.980107
2026-10-04 19:23:37   step 200/2502: loss=4.510357
2026-10-04 19:24:06   step 300/2502: loss=4.902707
2026-10-04 19:24:35   step 400/2502: loss=3.692831
2026-10-04 19:25:04   step 500/2502: loss=4.844807
2026-10-04 19:25:33   step 600/2502: loss=4.603434
2026-10-04 19:26:03   step 700/2502: loss=4.826020
2026-10-04 19:26:34   step 800/2502: loss=3.751251
2026-10-04 19:27:02   step 900/2502: loss=3.631490
2026-10-04 19:27:32   step 1000/2502: loss=4.447013
2026-10-04 19:28:02   step 1100/2502: loss=4.931686
2026-10-04 19:28:31   step 1200/2502: loss=4.296950
2026-10-04 19:29:01   step 1300/2502: loss=4.365637
2026-10-04 19:29:30   step 1400/2502: loss=3.910672
2026-10-04 19:29:59   step 1500/2502: loss=4.799570
2026-10-04 19:30:28   step 1600/2502: loss=4.693721
2026-10-04 19:30:56   step 1700/2502: loss=4.726019
2026-10-04 19:31:26   step 1800/2502: loss=4.762629
2026-10-04 19:31:55   step 1900/2502: loss=4.383345
2026-10-04 19:32:25   step 2000/2502: loss=3.636316
2026-10-04 19:32:54   step 2100/2502: loss=4.687386
2026-10-04 19:33:24   step 2200/2502: loss=2.976532
2026-10-04 19:33:52   step 2300/2502: loss=4.753045
2026-10-04 19:34:22   step 2400/2502: loss=4.836559
2026-10-04 19:34:51   step 2500/2502: loss=3.874660
2026-10-04 19:34:58 [pjrt_ffi] RESIDENT: @vitin_emadp128x4wxclipdropeps0000001bf16_fwd holds 200 parameter tensors (21.8 MB) on 4 devices; they stop crossing PCIe from here
2026-10-04 19:35:35 Epoch 136/300: loss=4.253864 lr=0.000298
2026-10-04 19:35:36   epoch 136: test_acc = 32966/50000 = 65.932000%  top5 = 43754/50000 = 87.508000%  [95% CI 65.52–66.35]
2026-10-04 19:35:36   step 0/2502: loss=4.205912
2026-10-04 19:35:36   step 1/2502: loss=4.778461
2026-10-04 19:35:36   step 2/2502: loss=3.784072
2026-10-04 19:36:04   step 100/2502: loss=4.607594
2026-10-04 19:36:34   step 200/2502: loss=4.113574
2026-10-04 19:37:02   step 300/2502: loss=4.051998
2026-10-04 19:37:31   step 400/2502: loss=4.186513
2026-10-04 19:37:59   step 500/2502: loss=4.748270
2026-10-04 19:38:31   step 600/2502: loss=4.645018
2026-10-04 19:39:00   step 700/2502: loss=4.522138
2026-10-04 19:39:29   step 800/2502: loss=4.687794
2026-10-04 19:39:59   step 900/2502: loss=4.000969
2026-10-04 19:40:30   step 1000/2502: loss=4.454413
2026-10-04 19:40:59   step 1100/2502: loss=4.959090
2026-10-04 19:41:28   step 1200/2502: loss=4.066926
2026-10-04 19:41:59   step 1300/2502: loss=3.280207
2026-10-04 19:42:28   step 1400/2502: loss=4.598823
2026-10-04 19:42:56   step 1500/2502: loss=4.882970
2026-10-04 19:43:25   step 1600/2502: loss=4.705984
2026-10-04 19:43:55   step 1700/2502: loss=4.320893
2026-10-04 19:44:25   step 1800/2502: loss=4.073595
2026-10-04 19:44:54   step 1900/2502: loss=4.655409
2026-10-04 19:45:23   step 2000/2502: loss=3.331323
2026-10-04 19:45:52   step 2100/2502: loss=4.649243
2026-10-04 19:46:21   step 2200/2502: loss=4.214838
2026-10-04 19:46:50   step 2300/2502: loss=2.976072
2026-10-04 19:47:19   step 2400/2502: loss=4.223936
2026-10-04 19:47:49   step 2500/2502: loss=5.018236
2026-10-04 19:47:56 [pjrt_ffi] RESIDENT: @vitin_emadp128x4wxclipdropeps0000001bf16_fwd holds 200 parameter tensors (21.8 MB) on 4 devices; they stop crossing PCIe from here
2026-10-04 19:48:35 Epoch 137/300: loss=4.254025 lr=0.000295
2026-10-04 19:48:35   epoch 137: test_acc = 33004/50000 = 66.008000%  top5 = 43752/50000 = 87.504000%  [95% CI 65.59–66.42]
2026-10-04 19:48:36   step 0/2502: loss=4.765498
2026-10-04 19:48:36   step 1/2502: loss=3.481832
2026-10-04 19:48:36   step 2/2502: loss=4.526162
2026-10-04 19:49:05   step 100/2502: loss=4.713540
2026-10-04 19:49:33   step 200/2502: loss=4.109255
2026-10-04 19:50:02   step 300/2502: loss=3.445996
2026-10-04 19:50:31   step 400/2502: loss=3.187492
2026-10-04 19:51:00   step 500/2502: loss=4.734754
2026-10-04 19:51:29   step 600/2502: loss=4.916087
2026-10-04 19:51:59   step 700/2502: loss=3.904749
2026-10-04 19:52:28   step 800/2502: loss=4.260182
2026-10-04 19:52:59   step 900/2502: loss=4.615775
2026-10-04 19:53:28   step 1000/2502: loss=3.145369
2026-10-04 19:53:57   step 1100/2502: loss=4.734451
2026-10-04 19:54:27   step 1200/2502: loss=4.400221
2026-10-04 19:54:57   step 1300/2502: loss=4.845764
2026-10-04 19:55:26   step 1400/2502: loss=3.447241
2026-10-04 19:55:55   step 1500/2502: loss=4.431384
2026-10-04 19:56:24   step 1600/2502: loss=4.163512
2026-10-04 19:56:53   step 1700/2502: loss=3.191368
2026-10-04 19:57:22   step 1800/2502: loss=4.598404
2026-10-04 19:57:51   step 1900/2502: loss=4.759187
2026-10-04 19:58:22   step 2000/2502: loss=5.079587
2026-10-04 19:58:50   step 2100/2502: loss=4.594244
2026-10-04 19:59:19   step 2200/2502: loss=4.562500
2026-10-04 19:59:48   step 2300/2502: loss=4.189210
2026-10-04 20:00:17   step 2400/2502: loss=4.425890
2026-10-04 20:00:47   step 2500/2502: loss=4.179389
2026-10-04 20:00:54 [pjrt_ffi] RESIDENT: @vitin_emadp128x4wxclipdropeps0000001bf16_fwd holds 200 parameter tensors (21.8 MB) on 4 devices; they stop crossing PCIe from here
2026-10-04 20:01:32 Epoch 138/300: loss=4.238144 lr=0.000293
2026-10-04 20:01:32   epoch 138: test_acc = 33054/50000 = 66.108000%  top5 = 43759/50000 = 87.518000%  [95% CI 65.69–66.52]
2026-10-04 20:01:32   step 0/2502: loss=3.576268
2026-10-04 20:01:33   step 1/2502: loss=4.526982
2026-10-04 20:01:33   step 2/2502: loss=3.011720
2026-10-04 20:02:01   step 100/2502: loss=3.814667
2026-10-04 20:02:31   step 200/2502: loss=3.348077
2026-10-04 20:02:59   step 300/2502: loss=4.497190
2026-10-04 20:03:28   step 400/2502: loss=4.926814
2026-10-04 20:03:57   step 500/2502: loss=4.667847
2026-10-04 20:04:26   step 600/2502: loss=3.462497
2026-10-04 20:04:55   step 700/2502: loss=3.569795
2026-10-04 20:05:26   step 800/2502: loss=3.902735
2026-10-04 20:05:54   step 900/2502: loss=4.555536
2026-10-04 20:06:24   step 1000/2502: loss=3.705122
2026-10-04 20:06:54   step 1100/2502: loss=3.897634
2026-10-04 20:07:22   step 1200/2502: loss=4.845616
2026-10-04 20:07:53   step 1300/2502: loss=3.689213
2026-10-04 20:08:22   step 1400/2502: loss=3.958807
2026-10-04 20:08:51   step 1500/2502: loss=3.700408
2026-10-04 20:09:21   step 1600/2502: loss=4.783763
2026-10-04 20:09:49   step 1700/2502: loss=4.130354
2026-10-04 20:10:19   step 1800/2502: loss=4.261927
2026-10-04 20:10:48   step 1900/2502: loss=4.458967
2026-10-04 20:11:18   step 2000/2502: loss=4.950891
2026-10-04 20:11:47   step 2100/2502: loss=4.705068
2026-10-04 20:12:16   step 2200/2502: loss=4.975397
2026-10-04 20:12:45   step 2300/2502: loss=3.681960
2026-10-04 20:13:15   step 2400/2502: loss=3.223230
2026-10-04 20:13:43   step 2500/2502: loss=4.444740
2026-10-04 20:13:51 [pjrt_ffi] RESIDENT: @vitin_emadp128x4wxclipdropeps0000001bf16_fwd holds 200 parameter tensors (21.8 MB) on 4 devices; they stop crossing PCIe from here
2026-10-04 20:14:30 Epoch 139/300: loss=4.239384 lr=0.000290
2026-10-04 20:14:30   epoch 139: test_acc = 33088/50000 = 66.176000%  top5 = 43779/50000 = 87.558000%  [95% CI 65.76–66.59]
2026-10-04 20:14:30   step 0/2502: loss=4.202738
2026-10-04 20:14:30   step 1/2502: loss=5.128160
2026-10-04 20:14:30   step 2/2502: loss=5.032411
2026-10-04 20:14:59   step 100/2502: loss=4.034383
2026-10-04 20:15:28   step 200/2502: loss=4.542651
2026-10-04 20:15:56   step 300/2502: loss=3.441727
2026-10-04 20:16:25   step 400/2502: loss=4.236181
2026-10-04 20:16:54   step 500/2502: loss=3.881972
2026-10-04 20:17:23   step 600/2502: loss=3.398595
2026-10-04 20:17:55   step 700/2502: loss=4.018980
2026-10-04 20:18:24   step 800/2502: loss=4.564196
2026-10-04 20:18:53   step 900/2502: loss=4.361323
2026-10-04 20:19:22   step 1000/2502: loss=4.500510
2026-10-04 20:19:52   step 1100/2502: loss=4.229681
2026-10-04 20:20:21   step 1200/2502: loss=4.740742
2026-10-04 20:20:51   step 1300/2502: loss=4.729931
2026-10-04 20:21:20   step 1400/2502: loss=4.135683
2026-10-04 20:21:49   step 1500/2502: loss=4.461821
2026-10-04 20:22:18   step 1600/2502: loss=4.767593
2026-10-04 20:22:48   step 1700/2502: loss=3.596824
2026-10-04 20:23:17   step 1800/2502: loss=4.453108
2026-10-04 20:23:46   step 1900/2502: loss=4.471327
2026-10-04 20:24:15   step 2000/2502: loss=4.491184
2026-10-04 20:24:44   step 2100/2502: loss=4.623173
2026-10-04 20:25:13   step 2200/2502: loss=4.063103
2026-10-04 20:25:45   step 2300/2502: loss=3.776993
2026-10-04 20:26:14   step 2400/2502: loss=4.103714
2026-10-04 20:26:43   step 2500/2502: loss=5.056180
2026-10-04 20:26:49 [pjrt_ffi] RESIDENT: @vitin_emadp128x4wxclipdropeps0000001bf16_fwd holds 200 parameter tensors (21.8 MB) on 4 devices; they stop crossing PCIe from here
2026-10-04 20:27:21 Epoch 140/300: loss=4.251536 lr=0.000288
2026-10-04 20:27:21   epoch 140: test_acc = 33096/50000 = 66.192000%  top5 = 43808/50000 = 87.616000%  [95% CI 65.78–66.61]
2026-10-04 20:27:25   ▸ shim respawn: producer 1 of 4 replaced after epoch 140 (generation 14, seed 58)
2026-10-04 20:27:25   step 0/2502: loss=4.202987
2026-10-04 20:27:28   step 1/2502: loss=4.920680
2026-10-04 20:27:28   step 2/2502: loss=3.686423
2026-10-04 20:27:57   step 100/2502: loss=4.439501
2026-10-04 20:28:26   step 200/2502: loss=3.778489
2026-10-04 20:28:55   step 300/2502: loss=3.956462
2026-10-04 20:29:24   step 400/2502: loss=4.495512
2026-10-04 20:29:55   step 500/2502: loss=4.454778
2026-10-04 20:30:25   step 600/2502: loss=4.398721
2026-10-04 20:30:54   step 700/2502: loss=4.878286
2026-10-04 20:31:24   step 800/2502: loss=4.552254
2026-10-04 20:31:55   step 900/2502: loss=3.062090
2026-10-04 20:32:25   step 1000/2502: loss=4.324215
2026-10-04 20:32:53   step 1100/2502: loss=4.765013
2026-10-04 20:33:25   step 1200/2502: loss=4.653731
2026-10-04 20:33:54   step 1300/2502: loss=3.396170
2026-10-04 20:34:23   step 1400/2502: loss=4.272403
2026-10-04 20:34:53   step 1500/2502: loss=4.649442
2026-10-04 20:35:22   step 1600/2502: loss=4.141756
2026-10-04 20:35:52   step 1700/2502: loss=4.816735
2026-10-04 20:36:21   step 1800/2502: loss=4.188735
2026-10-04 20:36:50   step 1900/2502: loss=5.112544
2026-10-04 20:37:19   step 2000/2502: loss=3.672012
2026-10-04 20:37:50   step 2100/2502: loss=3.545438
2026-10-04 20:38:19   step 2200/2502: loss=3.867733
2026-10-04 20:38:48   step 2300/2502: loss=3.485268
2026-10-04 20:39:17   step 2400/2502: loss=4.116763
2026-10-04 20:39:46   step 2500/2502: loss=3.681581
2026-10-04 20:39:54 [pjrt_ffi] RESIDENT: @vitin_emadp128x4wxclipdropeps0000001bf16_fwd holds 200 parameter tensors (21.8 MB) on 4 devices; they stop crossing PCIe from here
2026-10-04 20:40:34 Epoch 141/300: loss=4.210812 lr=0.000285
2026-10-04 20:40:34   epoch 141: test_acc = 33141/50000 = 66.282000%  top5 = 43822/50000 = 87.644000%  [95% CI 65.87–66.70]
2026-10-04 20:40:35   step 0/2502: loss=3.611505
2026-10-04 20:40:35   step 1/2502: loss=3.904705
2026-10-04 20:40:35   step 2/2502: loss=4.265077
2026-10-04 20:41:04   step 100/2502: loss=3.304911
2026-10-04 20:41:32   step 200/2502: loss=4.012466
2026-10-04 20:42:01   step 300/2502: loss=4.070487
2026-10-04 20:42:30   step 400/2502: loss=3.695422
2026-10-04 20:42:59   step 500/2502: loss=4.581206
2026-10-04 20:43:30   step 600/2502: loss=3.539048
2026-10-04 20:43:59   step 700/2502: loss=4.521402
2026-10-04 20:44:29   step 800/2502: loss=4.819179
2026-10-04 20:44:59   step 900/2502: loss=3.647340
2026-10-04 20:45:29   step 1000/2502: loss=3.253120
2026-10-04 20:45:58   step 1100/2502: loss=3.408257
2026-10-04 20:46:28   step 1200/2502: loss=5.116100
2026-10-04 20:46:57   step 1300/2502: loss=3.450235
2026-10-04 20:47:28   step 1400/2502: loss=4.481112
2026-10-04 20:47:57   step 1500/2502: loss=3.277144
2026-10-04 20:48:28   step 1600/2502: loss=4.897408
2026-10-04 20:48:58   step 1700/2502: loss=3.461818
2026-10-04 20:49:27   step 1800/2502: loss=3.314143
2026-10-04 20:49:56   step 1900/2502: loss=4.573670
2026-10-04 20:50:25   step 2000/2502: loss=4.426214
2026-10-04 20:50:54   step 2100/2502: loss=4.341327
2026-10-04 20:51:23   step 2200/2502: loss=4.723691
2026-10-04 20:51:53   step 2300/2502: loss=4.099841
2026-10-04 20:52:22   step 2400/2502: loss=4.833092
2026-10-04 20:52:51   step 2500/2502: loss=4.230257
2026-10-04 20:52:58 [pjrt_ffi] RESIDENT: @vitin_emadp128x4wxclipdropeps0000001bf16_fwd holds 200 parameter tensors (21.8 MB) on 4 devices; they stop crossing PCIe from here
2026-10-04 20:53:31 Epoch 142/300: loss=4.210402 lr=0.000282
2026-10-04 20:53:31   epoch 142: test_acc = 33146/50000 = 66.292000%  top5 = 43843/50000 = 87.686000%  [95% CI 65.88–66.71]
2026-10-04 20:53:31   step 0/2502: loss=2.957052
2026-10-04 20:53:31   step 1/2502: loss=4.781893
2026-10-04 20:53:32   step 2/2502: loss=4.271919
2026-10-04 20:54:01   step 100/2502: loss=4.519699
2026-10-04 20:54:30   step 200/2502: loss=4.384400
2026-10-04 20:54:59   step 300/2502: loss=4.679582
2026-10-04 20:55:28   step 400/2502: loss=3.026741
2026-10-04 20:55:57   step 500/2502: loss=3.249799
2026-10-04 20:56:27   step 600/2502: loss=4.485456
2026-10-04 20:56:59   step 700/2502: loss=4.264027
2026-10-04 20:57:28   step 800/2502: loss=4.809000
2026-10-04 20:57:59   step 900/2502: loss=4.367967
2026-10-04 20:58:28   step 1000/2502: loss=4.397038
2026-10-04 20:58:57   step 1100/2502: loss=3.881645
2026-10-04 20:59:27   step 1200/2502: loss=4.777378
2026-10-04 20:59:58   step 1300/2502: loss=4.285604
2026-10-04 21:00:27   step 1400/2502: loss=5.034261
2026-10-04 21:00:57   step 1500/2502: loss=3.477388
2026-10-04 21:01:26   step 1600/2502: loss=3.122353
2026-10-04 21:01:56   step 1700/2502: loss=4.296683
2026-10-04 21:02:24   step 1800/2502: loss=4.946156
2026-10-04 21:02:54   step 1900/2502: loss=4.432567
2026-10-04 21:03:24   step 2000/2502: loss=3.386722
2026-10-04 21:03:53   step 2100/2502: loss=4.368250
2026-10-04 21:04:22   step 2200/2502: loss=5.088408
2026-10-04 21:04:51   step 2300/2502: loss=3.705853
2026-10-04 21:05:20   step 2400/2502: loss=4.914594
2026-10-04 21:05:49   step 2500/2502: loss=4.827560
2026-10-04 21:05:57 [pjrt_ffi] RESIDENT: @vitin_emadp128x4wxclipdropeps0000001bf16_fwd holds 200 parameter tensors (21.8 MB) on 4 devices; they stop crossing PCIe from here
2026-10-04 21:06:40 Epoch 143/300: loss=4.231406 lr=0.000280
2026-10-04 21:06:40   epoch 143: test_acc = 33146/50000 = 66.292000%  top5 = 43851/50000 = 87.702000%  [95% CI 65.88–66.71]
2026-10-04 21:06:40   step 0/2502: loss=4.518700
2026-10-04 21:06:40   step 1/2502: loss=4.183211
2026-10-04 21:06:41   step 2/2502: loss=2.946959
2026-10-04 21:07:10   step 100/2502: loss=5.101899
2026-10-04 21:07:39   step 200/2502: loss=4.768673
2026-10-04 21:08:08   step 300/2502: loss=4.882284
2026-10-04 21:08:38   step 400/2502: loss=4.593361
2026-10-04 21:09:07   step 500/2502: loss=3.476459
2026-10-04 21:09:36   step 600/2502: loss=3.925526
2026-10-04 21:10:05   step 700/2502: loss=4.895140
2026-10-04 21:10:35   step 800/2502: loss=2.933601
2026-10-04 21:11:05   step 900/2502: loss=3.502962
2026-10-04 21:11:37   step 1000/2502: loss=4.641359
2026-10-04 21:12:06   step 1100/2502: loss=4.156140
2026-10-04 21:12:35   step 1200/2502: loss=4.495131
2026-10-04 21:13:05   step 1300/2502: loss=4.525708
2026-10-04 21:13:35   step 1400/2502: loss=4.643033
2026-10-04 21:14:04   step 1500/2502: loss=3.012749
2026-10-04 21:14:33   step 1600/2502: loss=4.488473
2026-10-04 21:15:03   step 1700/2502: loss=3.859290
2026-10-04 21:15:32   step 1800/2502: loss=4.277444
2026-10-04 21:16:01   step 1900/2502: loss=3.411388
2026-10-04 21:16:31   step 2000/2502: loss=4.963777
2026-10-04 21:17:00   step 2100/2502: loss=2.885414
2026-10-04 21:17:29   step 2200/2502: loss=4.677816
2026-10-04 21:17:59   step 2300/2502: loss=4.302418
2026-10-04 21:18:29   step 2400/2502: loss=4.197896
2026-10-04 21:18:58   step 2500/2502: loss=3.197295
2026-10-04 21:19:05 [pjrt_ffi] RESIDENT: @vitin_emadp128x4wxclipdropeps0000001bf16_fwd holds 200 parameter tensors (21.8 MB) on 4 devices; they stop crossing PCIe from here
2026-10-04 21:19:42 Epoch 144/300: loss=4.228583 lr=0.000277
2026-10-04 21:19:42   epoch 144: test_acc = 33188/50000 = 66.376000%  top5 = 43862/50000 = 87.724000%  [95% CI 65.96–66.79]
2026-10-04 21:19:43   step 0/2502: loss=4.114173
2026-10-04 21:19:43   step 1/2502: loss=4.408164
2026-10-04 21:19:43   step 2/2502: loss=3.706141
2026-10-04 21:20:12   step 100/2502: loss=4.717319
2026-10-04 21:20:41   step 200/2502: loss=4.694633
2026-10-04 21:21:10   step 300/2502: loss=4.799492
2026-10-04 21:21:39   step 400/2502: loss=4.450341
2026-10-04 21:22:08   step 500/2502: loss=3.958983
2026-10-04 21:22:37   step 600/2502: loss=4.262491
2026-10-04 21:23:08   step 700/2502: loss=4.239380
2026-10-04 21:23:37   step 800/2502: loss=4.315673
2026-10-04 21:24:07   step 900/2502: loss=4.785956
2026-10-04 21:24:37   step 1000/2502: loss=4.322530
2026-10-04 21:25:06   step 1100/2502: loss=4.635050
2026-10-04 21:25:36   step 1200/2502: loss=4.192630
2026-10-04 21:26:05   step 1300/2502: loss=3.789146
2026-10-04 21:26:34   step 1400/2502: loss=3.829067
2026-10-04 21:27:05   step 1500/2502: loss=4.771996
2026-10-04 21:27:34   step 1600/2502: loss=3.785475
2026-10-04 21:28:03   step 1700/2502: loss=4.499843
2026-10-04 21:28:32   step 1800/2502: loss=4.361969
2026-10-04 21:29:02   step 1900/2502: loss=4.944955
2026-10-04 21:29:31   step 2000/2502: loss=4.451128
2026-10-04 21:30:00   step 2100/2502: loss=5.019908
2026-10-04 21:30:30   step 2200/2502: loss=3.738389
2026-10-04 21:31:00   step 2300/2502: loss=4.941332
2026-10-04 21:31:29   step 2400/2502: loss=4.645173
2026-10-04 21:31:58   step 2500/2502: loss=4.566584
2026-10-04 21:32:05 [pjrt_ffi] RESIDENT: @vitin_emadp128x4wxclipdropeps0000001bf16_fwd holds 200 parameter tensors (21.8 MB) on 4 devices; they stop crossing PCIe from here
2026-10-04 21:32:41 Epoch 145/300: loss=4.210100 lr=0.000275
2026-10-04 21:32:41   epoch 145: test_acc = 33229/50000 = 66.458000%  top5 = 43885/50000 = 87.770000%  [95% CI 66.04–66.87]
2026-10-04 21:32:41   step 0/2502: loss=3.886832
2026-10-04 21:32:41   step 1/2502: loss=3.267343
2026-10-04 21:32:42   step 2/2502: loss=4.272988
2026-10-04 21:33:10   step 100/2502: loss=3.473911
2026-10-04 21:33:39   step 200/2502: loss=3.493903
2026-10-04 21:34:08   step 300/2502: loss=4.238536
2026-10-04 21:34:38   step 400/2502: loss=4.501086
2026-10-04 21:35:07   step 500/2502: loss=4.661369
2026-10-04 21:35:36   step 600/2502: loss=5.102513
2026-10-04 21:36:06   step 700/2502: loss=4.471617
2026-10-04 21:36:36   step 800/2502: loss=3.469781
2026-10-04 21:37:07   step 900/2502: loss=4.386280
2026-10-04 21:37:36   step 1000/2502: loss=3.213898
2026-10-04 21:38:05   step 1100/2502: loss=3.379411
2026-10-04 21:38:35   step 1200/2502: loss=4.142651
2026-10-04 21:39:04   step 1300/2502: loss=4.626297
2026-10-04 21:39:34   step 1400/2502: loss=4.216722
2026-10-04 21:40:04   step 1500/2502: loss=4.574779
2026-10-04 21:40:33   step 1600/2502: loss=5.040822
2026-10-04 21:41:03   step 1700/2502: loss=2.867935
2026-10-04 21:41:32   step 1800/2502: loss=4.070652
2026-10-04 21:42:01   step 1900/2502: loss=4.296999
2026-10-04 21:42:31   step 2000/2502: loss=3.524265
2026-10-04 21:43:00   step 2100/2502: loss=3.852544
2026-10-04 21:43:29   step 2200/2502: loss=4.556232
2026-10-04 21:43:59   step 2300/2502: loss=4.640288
2026-10-04 21:44:27   step 2400/2502: loss=4.783386
2026-10-04 21:44:56   step 2500/2502: loss=4.215711
2026-10-04 21:45:04 [pjrt_ffi] RESIDENT: @vitin_emadp128x4wxclipdropeps0000001bf16_fwd holds 200 parameter tensors (21.8 MB) on 4 devices; they stop crossing PCIe from here
2026-10-04 21:45:42 Epoch 146/300: loss=4.196081 lr=0.000272
2026-10-04 21:45:42   epoch 146: test_acc = 33273/50000 = 66.546000%  top5 = 43889/50000 = 87.778000%  [95% CI 66.13–66.96]
2026-10-04 21:45:42   step 0/2502: loss=4.229400
2026-10-04 21:45:42   step 1/2502: loss=4.442824
2026-10-04 21:45:42   step 2/2502: loss=4.459352
2026-10-04 21:46:11   step 100/2502: loss=4.021854
2026-10-04 21:46:41   step 200/2502: loss=4.825177
2026-10-04 21:47:10   step 300/2502: loss=3.677438
2026-10-04 21:47:38   step 400/2502: loss=3.410753
2026-10-04 21:48:08   step 500/2502: loss=4.310615
2026-10-04 21:48:37   step 600/2502: loss=4.622243
2026-10-04 21:49:07   step 700/2502: loss=3.818792
2026-10-04 21:49:37   step 800/2502: loss=4.104970
2026-10-04 21:50:06   step 900/2502: loss=4.166326
2026-10-04 21:50:36   step 1000/2502: loss=4.177095
2026-10-04 21:51:05   step 1100/2502: loss=4.607770
2026-10-04 21:51:35   step 1200/2502: loss=4.885695
2026-10-04 21:52:05   step 1300/2502: loss=4.073787
2026-10-04 21:52:36   step 1400/2502: loss=4.148754
2026-10-04 21:53:05   step 1500/2502: loss=4.464173
2026-10-04 21:53:34   step 1600/2502: loss=4.415690
2026-10-04 21:54:03   step 1700/2502: loss=4.712647
2026-10-04 21:54:34   step 1800/2502: loss=3.097751
2026-10-04 21:55:02   step 1900/2502: loss=4.702873
2026-10-04 21:55:32   step 2000/2502: loss=4.679249
2026-10-04 21:56:01   step 2100/2502: loss=4.280007
2026-10-04 21:56:30   step 2200/2502: loss=3.702001
2026-10-04 21:56:59   step 2300/2502: loss=3.796807
2026-10-04 21:57:29   step 2400/2502: loss=4.241127
2026-10-04 21:57:58   step 2500/2502: loss=4.590684
2026-10-04 21:58:05 [pjrt_ffi] RESIDENT: @vitin_emadp128x4wxclipdropeps0000001bf16_fwd holds 200 parameter tensors (21.8 MB) on 4 devices; they stop crossing PCIe from here
2026-10-04 21:58:44 Epoch 147/300: loss=4.184063 lr=0.000269
2026-10-04 21:58:44   epoch 147: test_acc = 33292/50000 = 66.584000%  top5 = 43917/50000 = 87.834000%  [95% CI 66.17–67.00]
2026-10-04 21:58:44   step 0/2502: loss=4.511843
2026-10-04 21:58:45   step 1/2502: loss=4.116594
2026-10-04 21:58:45   step 2/2502: loss=2.769512
2026-10-04 21:59:13   step 100/2502: loss=5.012879
2026-10-04 21:59:42   step 200/2502: loss=3.671183
2026-10-04 22:00:12   step 300/2502: loss=4.514652
2026-10-04 22:00:40   step 400/2502: loss=4.463830
2026-10-04 22:01:10   step 500/2502: loss=4.982175
2026-10-04 22:01:39   step 600/2502: loss=3.673080
2026-10-04 22:02:10   step 700/2502: loss=4.551490
2026-10-04 22:02:38   step 800/2502: loss=4.837704
2026-10-04 22:03:08   step 900/2502: loss=3.340939
2026-10-04 22:03:38   step 1000/2502: loss=4.376986
2026-10-04 22:04:07   step 1100/2502: loss=4.738308
2026-10-04 22:04:38   step 1200/2502: loss=4.585145
2026-10-04 22:05:07   step 1300/2502: loss=3.725767
2026-10-04 22:05:36   step 1400/2502: loss=4.706178
2026-10-04 22:06:06   step 1500/2502: loss=4.949875
2026-10-04 22:06:35   step 1600/2502: loss=3.923791
2026-10-04 22:07:06   step 1700/2502: loss=4.790548
2026-10-04 22:07:36   step 1800/2502: loss=4.239092
2026-10-04 22:08:06   step 1900/2502: loss=4.180539
2026-10-04 22:08:35   step 2000/2502: loss=4.150984
2026-10-04 22:09:04   step 2100/2502: loss=3.928687
2026-10-04 22:09:34   step 2200/2502: loss=4.615018
2026-10-04 22:10:03   step 2300/2502: loss=4.441119
2026-10-04 22:10:32   step 2400/2502: loss=4.285680
2026-10-04 22:11:01   step 2500/2502: loss=5.033903
2026-10-04 22:11:09 [pjrt_ffi] RESIDENT: @vitin_emadp128x4wxclipdropeps0000001bf16_fwd holds 200 parameter tensors (21.8 MB) on 4 devices; they stop crossing PCIe from here
2026-10-04 22:11:47 Epoch 148/300: loss=4.200723 lr=0.000267
2026-10-04 22:11:47   epoch 148: test_acc = 33346/50000 = 66.692000%  top5 = 43934/50000 = 87.868000%  [95% CI 66.28–67.10]
2026-10-04 22:11:47   step 0/2502: loss=4.170727
2026-10-04 22:11:47   step 1/2502: loss=3.381070
2026-10-04 22:11:47   step 2/2502: loss=4.377835
2026-10-04 22:12:16   step 100/2502: loss=4.752400
2026-10-04 22:12:45   step 200/2502: loss=4.439232
2026-10-04 22:13:14   step 300/2502: loss=4.385464
2026-10-04 22:13:43   step 400/2502: loss=3.877079
2026-10-04 22:14:12   step 500/2502: loss=2.974334
2026-10-04 22:14:42   step 600/2502: loss=4.484251
2026-10-04 22:15:12   step 700/2502: loss=3.708418
2026-10-04 22:15:43   step 800/2502: loss=4.002881
2026-10-04 22:16:12   step 900/2502: loss=4.794303
2026-10-04 22:16:43   step 1000/2502: loss=4.537193
2026-10-04 22:17:13   step 1100/2502: loss=4.857064
2026-10-04 22:17:42   step 1200/2502: loss=4.454767
2026-10-04 22:18:11   step 1300/2502: loss=3.238307
2026-10-04 22:18:42   step 1400/2502: loss=4.664552
2026-10-04 22:19:11   step 1500/2502: loss=4.616643
2026-10-04 22:19:40   step 1600/2502: loss=4.705483
2026-10-04 22:20:10   step 1700/2502: loss=4.366730
2026-10-04 22:20:40   step 1800/2502: loss=4.809465
2026-10-04 22:21:09   step 1900/2502: loss=2.802300
2026-10-04 22:21:38   step 2000/2502: loss=4.582424
2026-10-04 22:22:08   step 2100/2502: loss=3.323075
2026-10-04 22:22:37   step 2200/2502: loss=4.028974
2026-10-04 22:23:06   step 2300/2502: loss=3.603796
2026-10-04 22:23:35   step 2400/2502: loss=3.087602
2026-10-04 22:24:03   step 2500/2502: loss=4.921485
2026-10-04 22:24:12 [pjrt_ffi] RESIDENT: @vitin_emadp128x4wxclipdropeps0000001bf16_fwd holds 200 parameter tensors (21.8 MB) on 4 devices; they stop crossing PCIe from here
2026-10-04 22:24:48 Epoch 149/300: loss=4.210017 lr=0.000264
2026-10-04 22:24:48   epoch 149: test_acc = 33384/50000 = 66.768000%  top5 = 43955/50000 = 87.910000%  [95% CI 66.35–67.18]
2026-10-04 22:24:48   step 0/2502: loss=3.474931
2026-10-04 22:24:48   step 1/2502: loss=4.338878
2026-10-04 22:24:48   step 2/2502: loss=4.076819
2026-10-04 22:25:18   step 100/2502: loss=4.449084
2026-10-04 22:25:47   step 200/2502: loss=4.109775
2026-10-04 22:26:16   step 300/2502: loss=3.172775
2026-10-04 22:26:45   step 400/2502: loss=3.870179
2026-10-04 22:27:13   step 500/2502: loss=4.749193
2026-10-04 22:27:44   step 600/2502: loss=4.271729
2026-10-04 22:28:13   step 700/2502: loss=4.011430
2026-10-04 22:28:43   step 800/2502: loss=4.910024
2026-10-04 22:29:11   step 900/2502: loss=4.363050
2026-10-04 22:29:43   step 1000/2502: loss=4.729213
2026-10-04 22:30:13   step 1100/2502: loss=4.491961
2026-10-04 22:30:42   step 1200/2502: loss=3.713552
2026-10-04 22:31:11   step 1300/2502: loss=4.544551
2026-10-04 22:31:41   step 1400/2502: loss=3.345232
2026-10-04 22:32:09   step 1500/2502: loss=3.491123
2026-10-04 22:32:39   step 1600/2502: loss=4.535265
2026-10-04 22:33:10   step 1700/2502: loss=4.771556
2026-10-04 22:33:39   step 1800/2502: loss=4.830184
2026-10-04 22:34:07   step 1900/2502: loss=4.554820
2026-10-04 22:34:37   step 2000/2502: loss=3.869478
2026-10-04 22:35:06   step 2100/2502: loss=4.519571
2026-10-04 22:35:36   step 2200/2502: loss=3.232926
2026-10-04 22:36:05   step 2300/2502: loss=4.790682
2026-10-04 22:36:34   step 2400/2502: loss=4.452774
2026-10-04 22:37:03   step 2500/2502: loss=4.139031
2026-10-04 22:37:10 [pjrt_ffi] RESIDENT: @vitin_emadp128x4wxclipdropeps0000001bf16_fwd holds 200 parameter tensors (21.8 MB) on 4 devices; they stop crossing PCIe from here
2026-10-04 22:37:47 Epoch 150/300: loss=4.193406 lr=0.000262
2026-10-04 22:37:47   epoch 150: test_acc = 33388/50000 = 66.776000%  top5 = 43979/50000 = 87.958000%  [95% CI 66.36–67.19]
2026-10-04 22:37:52   ▸ shim respawn: producer 2 of 4 replaced after epoch 150 (generation 15, seed 63)
2026-10-04 22:37:52   step 0/2502: loss=4.364811
2026-10-04 22:37:52   step 1/2502: loss=4.564696
2026-10-04 22:37:55   step 2/2502: loss=4.336036
2026-10-04 22:38:23   step 100/2502: loss=4.942355
2026-10-04 22:38:52   step 200/2502: loss=3.329764
2026-10-04 22:39:21   step 300/2502: loss=4.281413
2026-10-04 22:39:50   step 400/2502: loss=4.658616
2026-10-04 22:40:19   step 500/2502: loss=4.183011
2026-10-04 22:40:49   step 600/2502: loss=4.950722
2026-10-04 22:41:18   step 700/2502: loss=3.423058
2026-10-04 22:41:48   step 800/2502: loss=4.963277
2026-10-04 22:42:18   step 900/2502: loss=3.601478
2026-10-04 22:42:49   step 1000/2502: loss=4.783788
2026-10-04 22:43:18   step 1100/2502: loss=4.015574
2026-10-04 22:43:47   step 1200/2502: loss=4.503769
2026-10-04 22:44:16   step 1300/2502: loss=3.846557
2026-10-04 22:44:47   step 1400/2502: loss=4.121105
2026-10-04 22:45:17   step 1500/2502: loss=4.158748
2026-10-04 22:45:46   step 1600/2502: loss=4.603129
2026-10-04 22:46:15   step 1700/2502: loss=2.896252
2026-10-04 22:46:44   step 1800/2502: loss=4.904803
2026-10-04 22:47:14   step 1900/2502: loss=3.729505
2026-10-04 22:47:43   step 2000/2502: loss=4.901675
2026-10-04 22:48:12   step 2100/2502: loss=4.588122
2026-10-04 22:48:42   step 2200/2502: loss=4.722879
2026-10-04 22:49:11   step 2300/2502: loss=4.393234
2026-10-04 22:49:40   step 2400/2502: loss=3.504132
2026-10-04 22:50:09   step 2500/2502: loss=4.422312
2026-10-04 22:50:17 [pjrt_ffi] RESIDENT: @vitin_emadp128x4wxclipdropeps0000001bf16_fwd holds 200 parameter tensors (21.8 MB) on 4 devices; they stop crossing PCIe from here
2026-10-04 22:50:50 Epoch 151/300: loss=4.185068 lr=0.000259
2026-10-04 22:50:50   epoch 151: test_acc = 33413/50000 = 66.826000%  top5 = 44008/50000 = 88.016000%  [95% CI 66.41–67.24]
2026-10-04 22:50:50   step 0/2502: loss=4.742745
2026-10-04 22:50:51   step 1/2502: loss=3.716919
2026-10-04 22:50:51   step 2/2502: loss=5.026669
2026-10-04 22:51:19   step 100/2502: loss=4.146982
2026-10-04 22:51:49   step 200/2502: loss=3.828729
2026-10-04 22:52:17   step 300/2502: loss=4.700213
2026-10-04 22:52:46   step 400/2502: loss=4.500941
2026-10-04 22:53:17   step 500/2502: loss=4.650872
2026-10-04 22:53:46   step 600/2502: loss=3.983174
2026-10-04 22:54:16   step 700/2502: loss=3.157529
2026-10-04 22:54:46   step 800/2502: loss=4.223687
2026-10-04 22:55:15   step 900/2502: loss=3.341886
2026-10-04 22:55:46   step 1000/2502: loss=4.428865
2026-10-04 22:56:15   step 1100/2502: loss=4.615891
2026-10-04 22:56:45   step 1200/2502: loss=4.552261
2026-10-04 22:57:16   step 1300/2502: loss=4.514443
2026-10-04 22:57:45   step 1400/2502: loss=4.027180
2026-10-04 22:58:15   step 1500/2502: loss=4.488696
2026-10-04 22:58:44   step 1600/2502: loss=4.034567
2026-10-04 22:59:14   step 1700/2502: loss=4.592906
2026-10-04 22:59:43   step 1800/2502: loss=4.337129
2026-10-04 23:00:14   step 1900/2502: loss=4.038195
2026-10-04 23:00:43   step 2000/2502: loss=3.450396
2026-10-04 23:01:12   step 2100/2502: loss=3.618162
2026-10-04 23:01:41   step 2200/2502: loss=4.567675
2026-10-04 23:02:10   step 2300/2502: loss=3.922797
2026-10-04 23:02:39   step 2400/2502: loss=4.312945
2026-10-04 23:03:09   step 2500/2502: loss=3.260474
2026-10-04 23:03:17 [pjrt_ffi] RESIDENT: @vitin_emadp128x4wxclipdropeps0000001bf16_fwd holds 200 parameter tensors (21.8 MB) on 4 devices; they stop crossing PCIe from here
2026-10-04 23:03:57 Epoch 152/300: loss=4.198099 lr=0.000256
2026-10-04 23:03:57   epoch 152: test_acc = 33430/50000 = 66.860000%  top5 = 44009/50000 = 88.018000%  [95% CI 66.45–67.27]
2026-10-04 23:03:57   step 0/2502: loss=4.643539
2026-10-04 23:03:57   step 1/2502: loss=3.147902
2026-10-04 23:03:57   step 2/2502: loss=4.034641
2026-10-04 23:04:25   step 100/2502: loss=4.305372
2026-10-04 23:04:54   step 200/2502: loss=4.484351
2026-10-04 23:05:23   step 300/2502: loss=3.210146
2026-10-04 23:05:52   step 400/2502: loss=3.522381
2026-10-04 23:06:21   step 500/2502: loss=4.981613
2026-10-04 23:06:50   step 600/2502: loss=4.197317
2026-10-04 23:07:20   step 700/2502: loss=3.364688
2026-10-04 23:07:50   step 800/2502: loss=4.281714
2026-10-04 23:08:21   step 900/2502: loss=5.088125
2026-10-04 23:08:50   step 1000/2502: loss=4.285595
2026-10-04 23:09:20   step 1100/2502: loss=4.208021
2026-10-04 23:09:49   step 1200/2502: loss=4.114839
2026-10-04 23:10:20   step 1300/2502: loss=4.595528
2026-10-04 23:10:49   step 1400/2502: loss=4.407457
2026-10-04 23:11:17   step 1500/2502: loss=4.254951
2026-10-04 23:11:46   step 1600/2502: loss=4.457786
2026-10-04 23:12:16   step 1700/2502: loss=3.581236
2026-10-04 23:12:45   step 1800/2502: loss=4.210161
2026-10-04 23:13:14   step 1900/2502: loss=4.397903
2026-10-04 23:13:44   step 2000/2502: loss=3.788738
2026-10-04 23:14:13   step 2100/2502: loss=4.483478
2026-10-04 23:14:42   step 2200/2502: loss=4.408417
2026-10-04 23:15:11   step 2300/2502: loss=4.913363
2026-10-04 23:15:40   step 2400/2502: loss=4.327323
2026-10-04 23:16:10   step 2500/2502: loss=5.096273
2026-10-04 23:16:17 [pjrt_ffi] RESIDENT: @vitin_emadp128x4wxclipdropeps0000001bf16_fwd holds 200 parameter tensors (21.8 MB) on 4 devices; they stop crossing PCIe from here
2026-10-04 23:16:54 Epoch 153/300: loss=4.188970 lr=0.000254
2026-10-04 23:16:54   epoch 153: test_acc = 33456/50000 = 66.912000%  top5 = 44009/50000 = 88.018000%  [95% CI 66.50–67.32]
2026-10-04 23:16:55   step 0/2502: loss=3.024984
2026-10-04 23:16:55   step 1/2502: loss=4.627042
2026-10-04 23:16:55   step 2/2502: loss=4.416553
2026-10-04 23:17:24   step 100/2502: loss=4.680592
2026-10-04 23:17:52   step 200/2502: loss=3.194730
2026-10-04 23:18:22   step 300/2502: loss=4.533960
2026-10-04 23:18:51   step 400/2502: loss=4.879269
2026-10-04 23:19:20   step 500/2502: loss=4.532056
2026-10-04 23:19:49   step 600/2502: loss=4.667108
2026-10-04 23:20:20   step 700/2502: loss=4.174959
2026-10-04 23:20:50   step 800/2502: loss=2.997030
2026-10-04 23:21:19   step 900/2502: loss=4.703256
2026-10-04 23:21:50   step 1000/2502: loss=4.582331
2026-10-04 23:22:20   step 1100/2502: loss=4.397243
2026-10-04 23:22:49   step 1200/2502: loss=4.630084
2026-10-04 23:23:18   step 1300/2502: loss=4.762213
2026-10-04 23:23:48   step 1400/2502: loss=5.189764
2026-10-04 23:24:17   step 1500/2502: loss=4.628372
2026-10-04 23:24:46   step 1600/2502: loss=3.325090
2026-10-04 23:25:17   step 1700/2502: loss=4.350143
2026-10-04 23:25:46   step 1800/2502: loss=4.850985
2026-10-04 23:26:15   step 1900/2502: loss=4.113106
2026-10-04 23:26:45   step 2000/2502: loss=5.030507
2026-10-04 23:27:15   step 2100/2502: loss=4.083529
2026-10-04 23:27:44   step 2200/2502: loss=4.550063
2026-10-04 23:28:13   step 2300/2502: loss=4.519824
2026-10-04 23:28:42   step 2400/2502: loss=4.766744
2026-10-04 23:29:11   step 2500/2502: loss=3.711308
2026-10-04 23:29:18 [pjrt_ffi] RESIDENT: @vitin_emadp128x4wxclipdropeps0000001bf16_fwd holds 200 parameter tensors (21.8 MB) on 4 devices; they stop crossing PCIe from here
2026-10-04 23:29:56 Epoch 154/300: loss=4.160832 lr=0.000251
2026-10-04 23:29:56   epoch 154: test_acc = 33460/50000 = 66.920000%  top5 = 44035/50000 = 88.070000%  [95% CI 66.51–67.33]
2026-10-04 23:29:56   step 0/2502: loss=4.252396
2026-10-04 23:29:56   step 1/2502: loss=3.026570
2026-10-04 23:29:57   step 2/2502: loss=4.475246
2026-10-04 23:30:26   step 100/2502: loss=3.739704
2026-10-04 23:30:55   step 200/2502: loss=3.706746
2026-10-04 23:31:23   step 300/2502: loss=4.571082
2026-10-04 23:31:52   step 400/2502: loss=3.995745
2026-10-04 23:32:21   step 500/2502: loss=4.378559
2026-10-04 23:32:50   step 600/2502: loss=3.012061
2026-10-04 23:33:20   step 700/2502: loss=3.522129
2026-10-04 23:33:50   step 800/2502: loss=4.737424
2026-10-04 23:34:20   step 900/2502: loss=4.096957
2026-10-04 23:34:51   step 1000/2502: loss=4.373660
2026-10-04 23:35:20   step 1100/2502: loss=3.963154
2026-10-04 23:35:49   step 1200/2502: loss=4.163610
2026-10-04 23:36:19   step 1300/2502: loss=4.478712
2026-10-04 23:36:50   step 1400/2502: loss=3.582778
2026-10-04 23:37:19   step 1500/2502: loss=3.558448
2026-10-04 23:37:48   step 1600/2502: loss=4.901386
2026-10-04 23:38:17   step 1700/2502: loss=4.115014
2026-10-04 23:38:46   step 1800/2502: loss=4.763439
2026-10-04 23:39:16   step 1900/2502: loss=4.695178
2026-10-04 23:39:44   step 2000/2502: loss=3.804898
2026-10-04 23:40:13   step 2100/2502: loss=4.418317
2026-10-04 23:40:42   step 2200/2502: loss=4.657526
2026-10-04 23:41:11   step 2300/2502: loss=3.014190
2026-10-04 23:41:40   step 2400/2502: loss=4.007382
2026-10-04 23:42:10   step 2500/2502: loss=4.423425
2026-10-04 23:42:17 [pjrt_ffi] RESIDENT: @vitin_emadp128x4wxclipdropeps0000001bf16_fwd holds 200 parameter tensors (21.8 MB) on 4 devices; they stop crossing PCIe from here
2026-10-04 23:42:55 Epoch 155/300: loss=4.158956 lr=0.000248
2026-10-04 23:42:55   epoch 155: test_acc = 33491/50000 = 66.982000%  top5 = 44061/50000 = 88.122000%  [95% CI 66.57–67.39]
2026-10-04 23:42:55   step 0/2502: loss=3.825873
2026-10-04 23:42:55   step 1/2502: loss=3.929545
2026-10-04 23:42:56   step 2/2502: loss=3.437227
2026-10-04 23:43:24   step 100/2502: loss=4.856942
2026-10-04 23:43:53   step 200/2502: loss=4.560616
2026-10-04 23:44:22   step 300/2502: loss=3.840279
2026-10-04 23:44:52   step 400/2502: loss=3.579096
2026-10-04 23:45:20   step 500/2502: loss=4.816987
2026-10-04 23:45:49   step 600/2502: loss=3.681683
2026-10-04 23:46:20   step 700/2502: loss=3.432430
2026-10-04 23:46:49   step 800/2502: loss=3.856406
2026-10-04 23:47:18   step 900/2502: loss=4.720910
2026-10-04 23:47:49   step 1000/2502: loss=3.314281
2026-10-04 23:48:18   step 1100/2502: loss=4.804830
2026-10-04 23:48:47   step 1200/2502: loss=3.457058
2026-10-04 23:49:17   step 1300/2502: loss=3.259928
2026-10-04 23:49:46   step 1400/2502: loss=4.587953
2026-10-04 23:50:17   step 1500/2502: loss=3.476101
2026-10-04 23:50:46   step 1600/2502: loss=4.665344
2026-10-04 23:51:15   step 1700/2502: loss=4.148785
2026-10-04 23:51:44   step 1800/2502: loss=4.569963
2026-10-04 23:52:13   step 1900/2502: loss=4.162370
2026-10-04 23:52:44   step 2000/2502: loss=3.939969
2026-10-04 23:53:13   step 2100/2502: loss=4.811419
2026-10-04 23:53:43   step 2200/2502: loss=4.154923
2026-10-04 23:54:12   step 2300/2502: loss=2.903198
2026-10-04 23:54:41   step 2400/2502: loss=4.117738
2026-10-04 23:55:10   step 2500/2502: loss=3.015278
2026-10-04 23:55:17 [pjrt_ffi] RESIDENT: @vitin_emadp128x4wxclipdropeps0000001bf16_fwd holds 200 parameter tensors (21.8 MB) on 4 devices; they stop crossing PCIe from here
2026-10-04 23:55:53 Epoch 156/300: loss=4.165472 lr=0.000246
2026-10-04 23:55:53   epoch 156: test_acc = 33531/50000 = 67.062000%  top5 = 44069/50000 = 88.138000%  [95% CI 66.65–67.47]
2026-10-04 23:55:53   step 0/2502: loss=3.911942
2026-10-04 23:55:53   step 1/2502: loss=4.076151
2026-10-04 23:55:53   step 2/2502: loss=4.559156
2026-10-04 23:56:22   step 100/2502: loss=5.047835
2026-10-04 23:56:51   step 200/2502: loss=4.266623
2026-10-04 23:57:19   step 300/2502: loss=3.137817
2026-10-04 23:57:48   step 400/2502: loss=4.601935
2026-10-04 23:58:17   step 500/2502: loss=3.106884
2026-10-04 23:58:47   step 600/2502: loss=4.588084
2026-10-04 23:59:17   step 700/2502: loss=3.817054
2026-10-04 23:59:48   step 800/2502: loss=3.798420
2026-10-05 00:00:17   step 900/2502: loss=3.784688
2026-10-05 00:00:47   step 1000/2502: loss=4.549499
2026-10-05 00:01:18   step 1100/2502: loss=4.602454
2026-10-05 00:01:47   step 1200/2502: loss=4.459096
2026-10-05 00:02:15   step 1300/2502: loss=4.663439
2026-10-05 00:02:46   step 1400/2502: loss=3.217233
2026-10-05 00:03:15   step 1500/2502: loss=4.166918
2026-10-05 00:03:44   step 1600/2502: loss=4.423322
2026-10-05 00:04:14   step 1700/2502: loss=3.229063
2026-10-05 00:04:43   step 1800/2502: loss=4.575350
2026-10-05 00:05:12   step 1900/2502: loss=3.677437
2026-10-05 00:05:42   step 2000/2502: loss=3.681900
2026-10-05 00:06:11   step 2100/2502: loss=4.066202
2026-10-05 00:06:40   step 2200/2502: loss=3.804561
2026-10-05 00:07:09   step 2300/2502: loss=4.553878
2026-10-05 00:07:38   step 2400/2502: loss=4.511444
2026-10-05 00:08:07   step 2500/2502: loss=3.305761
2026-10-05 00:08:15 [pjrt_ffi] RESIDENT: @vitin_emadp128x4wxclipdropeps0000001bf16_fwd holds 200 parameter tensors (21.8 MB) on 4 devices; they stop crossing PCIe from here
2026-10-05 00:08:51 Epoch 157/300: loss=4.187529 lr=0.000243
2026-10-05 00:08:51   epoch 157: test_acc = 33532/50000 = 67.064000%  top5 = 44080/50000 = 88.160000%  [95% CI 66.65–67.47]
2026-10-05 00:08:51   step 0/2502: loss=4.647200
2026-10-05 00:08:51   step 1/2502: loss=4.616312
2026-10-05 00:08:51   step 2/2502: loss=4.316237
2026-10-05 00:09:20   step 100/2502: loss=4.279064
2026-10-05 00:09:49   step 200/2502: loss=4.017138
2026-10-05 00:10:17   step 300/2502: loss=3.912458
2026-10-05 00:10:46   step 400/2502: loss=5.001877
2026-10-05 00:11:15   step 500/2502: loss=3.975045
2026-10-05 00:11:45   step 600/2502: loss=4.683165
2026-10-05 00:12:15   step 700/2502: loss=4.770479
2026-10-05 00:12:44   step 800/2502: loss=3.508406
2026-10-05 00:13:14   step 900/2502: loss=4.605046
2026-10-05 00:13:45   step 1000/2502: loss=4.762141
2026-10-05 00:14:14   step 1100/2502: loss=3.889301
2026-10-05 00:14:43   step 1200/2502: loss=4.288776
2026-10-05 00:15:13   step 1300/2502: loss=3.278850
2026-10-05 00:15:42   step 1400/2502: loss=3.825993
2026-10-05 00:16:11   step 1500/2502: loss=4.488141
2026-10-05 00:16:40   step 1600/2502: loss=4.448766
2026-10-05 00:17:11   step 1700/2502: loss=4.254460
2026-10-05 00:17:40   step 1800/2502: loss=4.660110
2026-10-05 00:18:09   step 1900/2502: loss=4.457111
2026-10-05 00:18:38   step 2000/2502: loss=2.953230
2026-10-05 00:19:08   step 2100/2502: loss=4.637868
2026-10-05 00:19:37   step 2200/2502: loss=3.710245
2026-10-05 00:20:06   step 2300/2502: loss=4.281062
2026-10-05 00:20:35   step 2400/2502: loss=4.484847
2026-10-05 00:21:03   step 2500/2502: loss=4.714499
2026-10-05 00:21:11 [pjrt_ffi] RESIDENT: @vitin_emadp128x4wxclipdropeps0000001bf16_fwd holds 200 parameter tensors (21.8 MB) on 4 devices; they stop crossing PCIe from here
2026-10-05 00:21:49 Epoch 158/300: loss=4.178519 lr=0.000241
2026-10-05 00:21:49   epoch 158: test_acc = 33577/50000 = 67.154000%  top5 = 44106/50000 = 88.212000%  [95% CI 66.74–67.56]
2026-10-05 00:21:50   step 0/2502: loss=3.951671
2026-10-05 00:21:50   step 1/2502: loss=4.494351
2026-10-05 00:21:50   step 2/2502: loss=4.864185
2026-10-05 00:22:19   step 100/2502: loss=4.661289
2026-10-05 00:22:48   step 200/2502: loss=4.185952
2026-10-05 00:23:17   step 300/2502: loss=4.536016
2026-10-05 00:23:47   step 400/2502: loss=3.000576
2026-10-05 00:24:15   step 500/2502: loss=4.574229
2026-10-05 00:24:44   step 600/2502: loss=3.130060
2026-10-05 00:25:16   step 700/2502: loss=4.646359
2026-10-05 00:25:44   step 800/2502: loss=4.394136
2026-10-05 00:26:13   step 900/2502: loss=3.523328
2026-10-05 00:26:43   step 1000/2502: loss=3.727802
2026-10-05 00:27:13   step 1100/2502: loss=4.819334
2026-10-05 00:27:43   step 1200/2502: loss=4.118274
2026-10-05 00:28:12   step 1300/2502: loss=4.358135
2026-10-05 00:28:41   step 1400/2502: loss=4.481370
2026-10-05 00:29:11   step 1500/2502: loss=4.634585
2026-10-05 00:29:40   step 1600/2502: loss=5.002966
2026-10-05 00:30:09   step 1700/2502: loss=3.689162
2026-10-05 00:30:40   step 1800/2502: loss=4.407642
2026-10-05 00:31:09   step 1900/2502: loss=3.024008
2026-10-05 00:31:37   step 2000/2502: loss=4.260682
2026-10-05 00:32:07   step 2100/2502: loss=4.058560
2026-10-05 00:32:36   step 2200/2502: loss=4.956903
2026-10-05 00:33:05   step 2300/2502: loss=4.560898
2026-10-05 00:33:34   step 2400/2502: loss=4.840222
2026-10-05 00:34:03   step 2500/2502: loss=4.133872
2026-10-05 00:34:11 [pjrt_ffi] RESIDENT: @vitin_emadp128x4wxclipdropeps0000001bf16_fwd holds 200 parameter tensors (21.8 MB) on 4 devices; they stop crossing PCIe from here
2026-10-05 00:34:49 Epoch 159/300: loss=4.162580 lr=0.000238
2026-10-05 00:34:49   epoch 159: test_acc = 33610/50000 = 67.220000%  top5 = 44114/50000 = 88.228000%  [95% CI 66.81–67.63]
2026-10-05 00:34:49   step 0/2502: loss=4.751119
2026-10-05 00:34:50   step 1/2502: loss=4.250407
2026-10-05 00:34:50   step 2/2502: loss=3.988149
2026-10-05 00:35:19   step 100/2502: loss=3.422750
2026-10-05 00:35:48   step 200/2502: loss=4.594619
2026-10-05 00:36:17   step 300/2502: loss=4.613679
2026-10-05 00:36:45   step 400/2502: loss=3.613296
2026-10-05 00:37:14   step 500/2502: loss=4.556005
2026-10-05 00:37:43   step 600/2502: loss=3.277546
2026-10-05 00:38:13   step 700/2502: loss=4.681552
2026-10-05 00:38:42   step 800/2502: loss=3.506858
2026-10-05 00:39:13   step 900/2502: loss=4.162861
2026-10-05 00:39:43   step 1000/2502: loss=2.674354
2026-10-05 00:40:12   step 1100/2502: loss=2.978307
2026-10-05 00:40:44   step 1200/2502: loss=3.822308
2026-10-05 00:41:13   step 1300/2502: loss=4.862485
2026-10-05 00:41:43   step 1400/2502: loss=2.685737
2026-10-05 00:42:11   step 1500/2502: loss=4.465815
2026-10-05 00:42:41   step 1600/2502: loss=4.164803
2026-10-05 00:43:10   step 1700/2502: loss=4.755811
2026-10-05 00:43:40   step 1800/2502: loss=3.765568
2026-10-05 00:44:09   step 1900/2502: loss=2.951956
2026-10-05 00:44:38   step 2000/2502: loss=4.130708
2026-10-05 00:45:08   step 2100/2502: loss=3.703328
2026-10-05 00:45:37   step 2200/2502: loss=3.529219
2026-10-05 00:46:06   step 2300/2502: loss=3.544145
2026-10-05 00:46:35   step 2400/2502: loss=3.114557
2026-10-05 00:47:04   step 2500/2502: loss=4.322301
2026-10-05 00:47:12 [pjrt_ffi] RESIDENT: @vitin_emadp128x4wxclipdropeps0000001bf16_fwd holds 200 parameter tensors (21.8 MB) on 4 devices; they stop crossing PCIe from here
2026-10-05 00:47:48 Epoch 160/300: loss=4.152020 lr=0.000235
2026-10-05 00:47:48   epoch 160: test_acc = 33608/50000 = 67.216000%  top5 = 44122/50000 = 88.244000%  [95% CI 66.80–67.63]
2026-10-05 00:47:52   ▸ shim respawn: producer 3 of 4 replaced after epoch 160 (generation 16, seed 68)
2026-10-05 00:47:52   step 0/2502: loss=4.191359
2026-10-05 00:47:52   step 1/2502: loss=4.857463
2026-10-05 00:47:52   step 2/2502: loss=4.834278
2026-10-05 00:48:24   step 100/2502: loss=3.788188
2026-10-05 00:48:53   step 200/2502: loss=4.596737
2026-10-05 00:49:22   step 300/2502: loss=3.937416
2026-10-05 00:49:51   step 400/2502: loss=4.537192
2026-10-05 00:50:20   step 500/2502: loss=4.826346
2026-10-05 00:50:49   step 600/2502: loss=4.461473
2026-10-05 00:51:20   step 700/2502: loss=3.115698
2026-10-05 00:51:49   step 800/2502: loss=3.998317
2026-10-05 00:52:19   step 900/2502: loss=3.369726
2026-10-05 00:52:48   step 1000/2502: loss=4.542019
2026-10-05 00:53:17   step 1100/2502: loss=4.317740
2026-10-05 00:53:47   step 1200/2502: loss=4.594769
2026-10-05 00:54:18   step 1300/2502: loss=3.638662
2026-10-05 00:54:47   step 1400/2502: loss=4.822076
2026-10-05 00:55:16   step 1500/2502: loss=3.581595
2026-10-05 00:55:45   step 1600/2502: loss=3.272707
2026-10-05 00:56:14   step 1700/2502: loss=4.627900
2026-10-05 00:56:45   step 1800/2502: loss=4.345779
2026-10-05 00:57:14   step 1900/2502: loss=4.818747
2026-10-05 00:57:43   step 2000/2502: loss=4.263400
2026-10-05 00:58:12   step 2100/2502: loss=3.499906
2026-10-05 00:58:41   step 2200/2502: loss=3.685939
2026-10-05 00:59:11   step 2300/2502: loss=3.462130
2026-10-05 00:59:41   step 2400/2502: loss=4.672488
2026-10-05 01:00:10   step 2500/2502: loss=3.736475
2026-10-05 01:00:17 [pjrt_ffi] RESIDENT: @vitin_emadp128x4wxclipdropeps0000001bf16_fwd holds 200 parameter tensors (21.8 MB) on 4 devices; they stop crossing PCIe from here
2026-10-05 01:00:56 Epoch 161/300: loss=4.157477 lr=0.000233
2026-10-05 01:00:56   epoch 161: test_acc = 33640/50000 = 67.280000%  top5 = 44163/50000 = 88.326000%  [95% CI 66.87–67.69]
2026-10-05 01:00:56   step 0/2502: loss=4.588956
2026-10-05 01:00:56   step 1/2502: loss=3.313184
2026-10-05 01:00:57   step 2/2502: loss=4.567998
2026-10-05 01:01:25   step 100/2502: loss=4.634826
2026-10-05 01:01:54   step 200/2502: loss=4.578374
2026-10-05 01:02:22   step 300/2502: loss=4.639277
2026-10-05 01:02:51   step 400/2502: loss=3.966240
2026-10-05 01:03:20   step 500/2502: loss=4.401067
2026-10-05 01:03:48   step 600/2502: loss=3.259481
2026-10-05 01:04:18   step 700/2502: loss=3.194260
2026-10-05 01:04:49   step 800/2502: loss=3.573071
2026-10-05 01:05:18   step 900/2502: loss=4.697489
2026-10-05 01:05:50   step 1000/2502: loss=4.668028
2026-10-05 01:06:19   step 1100/2502: loss=4.487681
2026-10-05 01:06:48   step 1200/2502: loss=3.582489
2026-10-05 01:07:17   step 1300/2502: loss=4.085480
2026-10-05 01:07:47   step 1400/2502: loss=4.657206
2026-10-05 01:08:16   step 1500/2502: loss=3.999998
2026-10-05 01:08:45   step 1600/2502: loss=3.120788
2026-10-05 01:09:14   step 1700/2502: loss=3.974608
2026-10-05 01:09:43   step 1800/2502: loss=4.284893
2026-10-05 01:10:14   step 1900/2502: loss=3.832616
2026-10-05 01:10:43   step 2000/2502: loss=3.509017
2026-10-05 01:11:12   step 2100/2502: loss=4.228360
2026-10-05 01:11:41   step 2200/2502: loss=2.778955
2026-10-05 01:12:10   step 2300/2502: loss=3.944024
2026-10-05 01:12:39   step 2400/2502: loss=4.843520
2026-10-05 01:13:08   step 2500/2502: loss=4.669981
2026-10-05 01:13:16 [pjrt_ffi] RESIDENT: @vitin_emadp128x4wxclipdropeps0000001bf16_fwd holds 200 parameter tensors (21.8 MB) on 4 devices; they stop crossing PCIe from here
2026-10-05 01:13:54 Epoch 162/300: loss=4.150260 lr=0.000230
2026-10-05 01:13:54   epoch 162: test_acc = 33667/50000 = 67.334000%  top5 = 44175/50000 = 88.350000%  [95% CI 66.92–67.74]
2026-10-05 01:13:54   step 0/2502: loss=3.579962
2026-10-05 01:13:54   step 1/2502: loss=4.526507
2026-10-05 01:13:54   step 2/2502: loss=4.600386
2026-10-05 01:14:23   step 100/2502: loss=4.400155
2026-10-05 01:14:52   step 200/2502: loss=4.712530
2026-10-05 01:15:21   step 300/2502: loss=2.980181
2026-10-05 01:15:50   step 400/2502: loss=4.062573
2026-10-05 01:16:19   step 500/2502: loss=3.862135
2026-10-05 01:16:48   step 600/2502: loss=4.698759
2026-10-05 01:17:18   step 700/2502: loss=4.502943
2026-10-05 01:17:48   step 800/2502: loss=3.263746
2026-10-05 01:18:17   step 900/2502: loss=4.100309
2026-10-05 01:18:48   step 1000/2502: loss=3.267917
2026-10-05 01:19:18   step 1100/2502: loss=3.754641
2026-10-05 01:19:48   step 1200/2502: loss=3.221135
2026-10-05 01:20:17   step 1300/2502: loss=3.809231
2026-10-05 01:20:47   step 1400/2502: loss=3.432293
2026-10-05 01:21:16   step 1500/2502: loss=4.163987
2026-10-05 01:21:45   step 1600/2502: loss=4.132844
2026-10-05 01:22:14   step 1700/2502: loss=4.659308
2026-10-05 01:22:44   step 1800/2502: loss=4.743793
2026-10-05 01:23:13   step 1900/2502: loss=2.978065
2026-10-05 01:23:42   step 2000/2502: loss=2.737970
2026-10-05 01:24:11   step 2100/2502: loss=4.206671
2026-10-05 01:24:40   step 2200/2502: loss=4.095109
2026-10-05 01:25:10   step 2300/2502: loss=4.610356
2026-10-05 01:25:39   step 2400/2502: loss=2.914635
2026-10-05 01:26:08   step 2500/2502: loss=3.990709
2026-10-05 01:26:16 [pjrt_ffi] RESIDENT: @vitin_emadp128x4wxclipdropeps0000001bf16_fwd holds 200 parameter tensors (21.8 MB) on 4 devices; they stop crossing PCIe from here
2026-10-05 01:26:54 Epoch 163/300: loss=4.134991 lr=0.000228
2026-10-05 01:26:54   epoch 163: test_acc = 33709/50000 = 67.418000%  top5 = 44193/50000 = 88.386000%  [95% CI 67.01–67.83]
2026-10-05 01:26:54   step 0/2502: loss=4.076001
2026-10-05 01:26:54   step 1/2502: loss=3.877873
2026-10-05 01:26:54   step 2/2502: loss=4.846054
2026-10-05 01:27:23   step 100/2502: loss=4.429116
2026-10-05 01:27:52   step 200/2502: loss=3.707277
2026-10-05 01:28:21   step 300/2502: loss=4.570935
2026-10-05 01:28:50   step 400/2502: loss=4.625196
2026-10-05 01:29:19   step 500/2502: loss=3.254427
2026-10-05 01:29:49   step 600/2502: loss=4.397809
2026-10-05 01:30:19   step 700/2502: loss=3.090997
2026-10-05 01:30:50   step 800/2502: loss=4.613254
2026-10-05 01:31:19   step 900/2502: loss=3.808939
2026-10-05 01:31:49   step 1000/2502: loss=4.386696
2026-10-05 01:32:20   step 1100/2502: loss=4.733408
2026-10-05 01:32:49   step 1200/2502: loss=3.463431
2026-10-05 01:33:17   step 1300/2502: loss=3.387185
2026-10-05 01:33:48   step 1400/2502: loss=4.366345
2026-10-05 01:34:17   step 1500/2502: loss=4.180651
2026-10-05 01:34:46   step 1600/2502: loss=4.738324
2026-10-05 01:35:16   step 1700/2502: loss=4.886106
2026-10-05 01:35:46   step 1800/2502: loss=3.349119
2026-10-05 01:36:15   step 1900/2502: loss=4.869240
2026-10-05 01:36:44   step 2000/2502: loss=4.727421
2026-10-05 01:37:13   step 2100/2502: loss=3.392660
2026-10-05 01:37:42   step 2200/2502: loss=3.532325
2026-10-05 01:38:11   step 2300/2502: loss=4.648323
2026-10-05 01:38:40   step 2400/2502: loss=4.357858
2026-10-05 01:39:09   step 2500/2502: loss=3.888508
2026-10-05 01:39:17 [pjrt_ffi] RESIDENT: @vitin_emadp128x4wxclipdropeps0000001bf16_fwd holds 200 parameter tensors (21.8 MB) on 4 devices; they stop crossing PCIe from here
2026-10-05 01:39:55 Epoch 164/300: loss=4.142921 lr=0.000225
2026-10-05 01:39:55   epoch 164: test_acc = 33739/50000 = 67.478000%  top5 = 44214/50000 = 88.428000%  [95% CI 67.07–67.89]
2026-10-05 01:39:56   step 0/2502: loss=4.532742
2026-10-05 01:39:56   step 1/2502: loss=4.596703
2026-10-05 01:39:56   step 2/2502: loss=3.831137
2026-10-05 01:40:24   step 100/2502: loss=4.040393
2026-10-05 01:40:53   step 200/2502: loss=4.351892
2026-10-05 01:41:22   step 300/2502: loss=5.040025
2026-10-05 01:41:51   step 400/2502: loss=4.558647
2026-10-05 01:42:21   step 500/2502: loss=3.373312
2026-10-05 01:42:50   step 600/2502: loss=3.192822
2026-10-05 01:43:20   step 700/2502: loss=4.878220
2026-10-05 01:43:50   step 800/2502: loss=3.753116
2026-10-05 01:44:19   step 900/2502: loss=4.423876
2026-10-05 01:44:49   step 1000/2502: loss=3.628785
2026-10-05 01:45:18   step 1100/2502: loss=4.619698
2026-10-05 01:45:50   step 1200/2502: loss=3.762874
2026-10-05 01:46:19   step 1300/2502: loss=3.096858
2026-10-05 01:46:48   step 1400/2502: loss=4.588400
2026-10-05 01:47:18   step 1500/2502: loss=2.951283
2026-10-05 01:47:47   step 1600/2502: loss=4.396975
2026-10-05 01:48:16   step 1700/2502: loss=3.558037
2026-10-05 01:48:46   step 1800/2502: loss=3.586500
2026-10-05 01:49:15   step 1900/2502: loss=4.834957
2026-10-05 01:49:44   step 2000/2502: loss=3.189698
2026-10-05 01:50:12   step 2100/2502: loss=3.569573
2026-10-05 01:50:41   step 2200/2502: loss=4.295382
2026-10-05 01:51:12   step 2300/2502: loss=3.701443
2026-10-05 01:51:41   step 2400/2502: loss=4.305407
2026-10-05 01:52:10   step 2500/2502: loss=3.193318
2026-10-05 01:52:18 [pjrt_ffi] RESIDENT: @vitin_emadp128x4wxclipdropeps0000001bf16_fwd holds 200 parameter tensors (21.8 MB) on 4 devices; they stop crossing PCIe from here
2026-10-05 01:52:56 Epoch 165/300: loss=4.142320 lr=0.000222
2026-10-05 01:52:56   epoch 165: test_acc = 33771/50000 = 67.542000%  top5 = 44212/50000 = 88.424000%  [95% CI 67.13–67.95]
2026-10-05 01:52:56   step 0/2502: loss=3.495481
2026-10-05 01:52:57   step 1/2502: loss=4.479234
2026-10-05 01:52:57   step 2/2502: loss=3.305607
2026-10-05 01:53:25   step 100/2502: loss=4.701113
2026-10-05 01:53:54   step 200/2502: loss=3.455581
2026-10-05 01:54:23   step 300/2502: loss=3.517425
2026-10-05 01:54:52   step 400/2502: loss=3.248326
2026-10-05 01:55:21   step 500/2502: loss=3.774848
2026-10-05 01:55:50   step 600/2502: loss=4.157454
2026-10-05 01:56:20   step 700/2502: loss=4.709375
2026-10-05 01:56:50   step 800/2502: loss=4.905788
2026-10-05 01:57:20   step 900/2502: loss=4.043314
2026-10-05 01:57:48   step 1000/2502: loss=2.965008
2026-10-05 01:58:18   step 1100/2502: loss=4.033790
2026-10-05 01:58:48   step 1200/2502: loss=4.900303
2026-10-05 01:59:16   step 1300/2502: loss=3.939235
2026-10-05 01:59:47   step 1400/2502: loss=3.908490
2026-10-05 02:00:16   step 1500/2502: loss=4.591213
2026-10-05 02:00:46   step 1600/2502: loss=3.072657
2026-10-05 02:01:14   step 1700/2502: loss=4.559083
2026-10-05 02:01:43   step 1800/2502: loss=4.788656
2026-10-05 02:02:14   step 1900/2502: loss=4.256863
2026-10-05 02:02:43   step 2000/2502: loss=4.553485
2026-10-05 02:03:11   step 2100/2502: loss=4.513843
2026-10-05 02:03:42   step 2200/2502: loss=4.828391
2026-10-05 02:04:12   step 2300/2502: loss=4.626595
2026-10-05 02:04:41   step 2400/2502: loss=3.125705
2026-10-05 02:05:10   step 2500/2502: loss=3.626119
2026-10-05 02:05:18 [pjrt_ffi] RESIDENT: @vitin_emadp128x4wxclipdropeps0000001bf16_fwd holds 200 parameter tensors (21.8 MB) on 4 devices; they stop crossing PCIe from here
2026-10-05 02:05:57 Epoch 166/300: loss=4.134507 lr=0.000220
2026-10-05 02:05:57   epoch 166: test_acc = 33786/50000 = 67.572000%  top5 = 44228/50000 = 88.456000%  [95% CI 67.16–67.98]
2026-10-05 02:05:57   step 0/2502: loss=2.782799
2026-10-05 02:05:57   step 1/2502: loss=3.850224
2026-10-05 02:05:57   step 2/2502: loss=4.382473
2026-10-05 02:06:26   step 100/2502: loss=4.116902
2026-10-05 02:06:55   step 200/2502: loss=5.069213
2026-10-05 02:07:24   step 300/2502: loss=4.431460
2026-10-05 02:07:53   step 400/2502: loss=4.861272
2026-10-05 02:08:22   step 500/2502: loss=4.541076
2026-10-05 02:08:51   step 600/2502: loss=4.378799
2026-10-05 02:09:22   step 700/2502: loss=4.307810
2026-10-05 02:09:51   step 800/2502: loss=4.171017
2026-10-05 02:10:20   step 900/2502: loss=4.063573
2026-10-05 02:10:49   step 1000/2502: loss=4.812194
2026-10-05 02:11:19   step 1100/2502: loss=4.712847
2026-10-05 02:11:49   step 1200/2502: loss=4.544526
2026-10-05 02:12:19   step 1300/2502: loss=3.214201
2026-10-05 02:12:48   step 1400/2502: loss=5.032410
2026-10-05 02:13:17   step 1500/2502: loss=4.335777
2026-10-05 02:13:46   step 1600/2502: loss=4.555701
2026-10-05 02:14:16   step 1700/2502: loss=4.459121
2026-10-05 02:14:45   step 1800/2502: loss=4.735459
2026-10-05 02:15:15   step 1900/2502: loss=3.299883
2026-10-05 02:15:44   step 2000/2502: loss=2.941011
2026-10-05 02:16:13   step 2100/2502: loss=4.456862
2026-10-05 02:16:42   step 2200/2502: loss=3.397392
2026-10-05 02:17:11   step 2300/2502: loss=4.088997
2026-10-05 02:17:40   step 2400/2502: loss=3.635466
2026-10-05 02:18:09   step 2500/2502: loss=4.040372
2026-10-05 02:18:17 [pjrt_ffi] RESIDENT: @vitin_emadp128x4wxclipdropeps0000001bf16_fwd holds 200 parameter tensors (21.8 MB) on 4 devices; they stop crossing PCIe from here
2026-10-05 02:18:54 Epoch 167/300: loss=4.122677 lr=0.000217
2026-10-05 02:18:54   epoch 167: test_acc = 33831/50000 = 67.662000%  top5 = 44244/50000 = 88.488000%  [95% CI 67.25–68.07]
2026-10-05 02:18:54   step 0/2502: loss=3.810576
2026-10-05 02:18:55   step 1/2502: loss=2.971881
2026-10-05 02:18:55   step 2/2502: loss=2.863492
2026-10-05 02:19:23   step 100/2502: loss=3.015588
2026-10-05 02:19:52   step 200/2502: loss=4.523316
2026-10-05 02:20:21   step 300/2502: loss=3.135075
2026-10-05 02:20:50   step 400/2502: loss=4.112583
2026-10-05 02:21:19   step 500/2502: loss=4.426682
2026-10-05 02:21:48   step 600/2502: loss=4.495067
2026-10-05 02:22:18   step 700/2502: loss=4.799435
2026-10-05 02:22:47   step 800/2502: loss=4.526257
2026-10-05 02:23:18   step 900/2502: loss=4.415866
2026-10-05 02:23:46   step 1000/2502: loss=4.507935
2026-10-05 02:24:16   step 1100/2502: loss=4.480655
2026-10-05 02:24:45   step 1200/2502: loss=4.502626
2026-10-05 02:25:16   step 1300/2502: loss=4.638816
2026-10-05 02:25:45   step 1400/2502: loss=4.417545
2026-10-05 02:26:13   step 1500/2502: loss=4.632552
2026-10-05 02:26:43   step 1600/2502: loss=3.617489
2026-10-05 02:27:12   step 1700/2502: loss=4.714280
2026-10-05 02:27:41   step 1800/2502: loss=4.032369
2026-10-05 02:28:12   step 1900/2502: loss=3.903357
2026-10-05 02:28:41   step 2000/2502: loss=4.499051
2026-10-05 02:29:11   step 2100/2502: loss=4.704205
2026-10-05 02:29:40   step 2200/2502: loss=4.262789
2026-10-05 02:30:09   step 2300/2502: loss=2.944996
2026-10-05 02:30:37   step 2400/2502: loss=4.395518
2026-10-05 02:31:06   step 2500/2502: loss=3.831002
2026-10-05 02:31:14 [pjrt_ffi] RESIDENT: @vitin_emadp128x4wxclipdropeps0000001bf16_fwd holds 200 parameter tensors (21.8 MB) on 4 devices; they stop crossing PCIe from here
2026-10-05 02:31:52 Epoch 168/300: loss=4.144934 lr=0.000215
2026-10-05 02:31:52   epoch 168: test_acc = 33860/50000 = 67.720000%  top5 = 44242/50000 = 88.484000%  [95% CI 67.31–68.13]
2026-10-05 02:31:52   step 0/2502: loss=4.110354
2026-10-05 02:31:52   step 1/2502: loss=3.955434
2026-10-05 02:31:52   step 2/2502: loss=4.255063
2026-10-05 02:32:21   step 100/2502: loss=4.742462
2026-10-05 02:32:50   step 200/2502: loss=3.385936
2026-10-05 02:33:19   step 300/2502: loss=4.748216
2026-10-05 02:33:48   step 400/2502: loss=4.158803
2026-10-05 02:34:18   step 500/2502: loss=4.070810
2026-10-05 02:34:46   step 600/2502: loss=4.339451
2026-10-05 02:35:16   step 700/2502: loss=4.701594
2026-10-05 02:35:46   step 800/2502: loss=4.428317
2026-10-05 02:36:17   step 900/2502: loss=4.810267
2026-10-05 02:36:46   step 1000/2502: loss=4.340205
2026-10-05 02:37:15   step 1100/2502: loss=3.689903
2026-10-05 02:37:44   step 1200/2502: loss=4.393696
2026-10-05 02:38:14   step 1300/2502: loss=4.787417
2026-10-05 02:38:43   step 1400/2502: loss=4.072522
2026-10-05 02:39:13   step 1500/2502: loss=4.613781
2026-10-05 02:39:44   step 1600/2502: loss=4.353590
2026-10-05 02:40:12   step 1700/2502: loss=4.045612
2026-10-05 02:40:41   step 1800/2502: loss=3.937905
2026-10-05 02:41:11   step 1900/2502: loss=3.674185
2026-10-05 02:41:40   step 2000/2502: loss=4.647028
2026-10-05 02:42:09   step 2100/2502: loss=2.867857
2026-10-05 02:42:38   step 2200/2502: loss=4.190127
2026-10-05 02:43:07   step 2300/2502: loss=3.781464
2026-10-05 02:43:36   step 2400/2502: loss=4.455826
2026-10-05 02:44:04   step 2500/2502: loss=5.090662
2026-10-05 02:44:12 [pjrt_ffi] RESIDENT: @vitin_emadp128x4wxclipdropeps0000001bf16_fwd holds 200 parameter tensors (21.8 MB) on 4 devices; they stop crossing PCIe from here
2026-10-05 02:44:51 Epoch 169/300: loss=4.126116 lr=0.000212
2026-10-05 02:44:51   epoch 169: test_acc = 33921/50000 = 67.842000%  top5 = 44252/50000 = 88.504000%  [95% CI 67.43–68.25]
2026-10-05 02:44:52   step 0/2502: loss=4.009587
2026-10-05 02:44:52   step 1/2502: loss=3.069688
2026-10-05 02:44:52   step 2/2502: loss=4.583771
2026-10-05 02:45:21   step 100/2502: loss=4.335774
2026-10-05 02:45:50   step 200/2502: loss=4.830983
2026-10-05 02:46:19   step 300/2502: loss=4.623600
2026-10-05 02:46:48   step 400/2502: loss=4.765277
2026-10-05 02:47:17   step 500/2502: loss=4.163245
2026-10-05 02:47:46   step 600/2502: loss=3.875922
2026-10-05 02:48:17   step 700/2502: loss=4.645503
2026-10-05 02:48:46   step 800/2502: loss=4.752851
2026-10-05 02:49:18   step 900/2502: loss=4.665383
2026-10-05 02:49:46   step 1000/2502: loss=4.715980
2026-10-05 02:50:16   step 1100/2502: loss=3.131098
2026-10-05 02:50:47   step 1200/2502: loss=3.540353
2026-10-05 02:51:16   step 1300/2502: loss=4.366591
2026-10-05 02:51:45   step 1400/2502: loss=4.080497
2026-10-05 02:52:15   step 1500/2502: loss=4.564446
2026-10-05 02:52:44   step 1600/2502: loss=4.829100
2026-10-05 02:53:15   step 1700/2502: loss=4.667184
2026-10-05 02:53:43   step 1800/2502: loss=4.662535
2026-10-05 02:54:12   step 1900/2502: loss=3.041790
2026-10-05 02:54:43   step 2000/2502: loss=3.876783
2026-10-05 02:55:12   step 2100/2502: loss=4.352318
2026-10-05 02:55:41   step 2200/2502: loss=4.394633
2026-10-05 02:56:10   step 2300/2502: loss=3.220375
2026-10-05 02:56:39   step 2400/2502: loss=3.449044
2026-10-05 02:57:08   step 2500/2502: loss=4.277753
2026-10-05 02:57:16 [pjrt_ffi] RESIDENT: @vitin_emadp128x4wxclipdropeps0000001bf16_fwd holds 200 parameter tensors (21.8 MB) on 4 devices; they stop crossing PCIe from here
2026-10-05 02:57:55 Epoch 170/300: loss=4.128138 lr=0.000210
2026-10-05 02:57:55   epoch 170: test_acc = 33927/50000 = 67.854000%  top5 = 44294/50000 = 88.588000%  [95% CI 67.44–68.26]
2026-10-05 02:58:00   ▸ shim respawn: producer 0 of 4 replaced after epoch 170 (generation 17, seed 69)
2026-10-05 02:58:02   step 0/2502: loss=4.910736
2026-10-05 02:58:02   step 1/2502: loss=4.486858
2026-10-05 02:58:03   step 2/2502: loss=4.361693
2026-10-05 02:58:31   step 100/2502: loss=4.180221
2026-10-05 02:59:00   step 200/2502: loss=4.781714
2026-10-05 02:59:29   step 300/2502: loss=3.441911
2026-10-05 02:59:58   step 400/2502: loss=4.853435
2026-10-05 03:00:27   step 500/2502: loss=4.240758
2026-10-05 03:00:56   step 600/2502: loss=5.035002
2026-10-05 03:01:24   step 700/2502: loss=3.523726
2026-10-05 03:01:54   step 800/2502: loss=3.018442
2026-10-05 03:02:25   step 900/2502: loss=4.334242
2026-10-05 03:02:54   step 1000/2502: loss=4.529596
2026-10-05 03:03:23   step 1100/2502: loss=4.674399
2026-10-05 03:03:53   step 1200/2502: loss=4.768629
2026-10-05 03:04:23   step 1300/2502: loss=2.958816
2026-10-05 03:04:53   step 1400/2502: loss=4.013268
2026-10-05 03:05:21   step 1500/2502: loss=4.334454
2026-10-05 03:05:50   step 1600/2502: loss=3.567702
2026-10-05 03:06:21   step 1700/2502: loss=4.462494
2026-10-05 03:06:50   step 1800/2502: loss=4.195295
2026-10-05 03:07:19   step 1900/2502: loss=4.480880
2026-10-05 03:07:48   step 2000/2502: loss=4.545423
2026-10-05 03:08:17   step 2100/2502: loss=4.427835
2026-10-05 03:08:46   step 2200/2502: loss=3.048710
2026-10-05 03:09:15   step 2300/2502: loss=4.311394
2026-10-05 03:09:44   step 2400/2502: loss=4.165379
2026-10-05 03:10:14   step 2500/2502: loss=3.628955
2026-10-05 03:10:21 [pjrt_ffi] RESIDENT: @vitin_emadp128x4wxclipdropeps0000001bf16_fwd holds 200 parameter tensors (21.8 MB) on 4 devices; they stop crossing PCIe from here
2026-10-05 03:10:55 Epoch 171/300: loss=4.122235 lr=0.000207
2026-10-05 03:10:55   epoch 171: test_acc = 33969/50000 = 67.938000%  top5 = 44286/50000 = 88.572000%  [95% CI 67.53–68.35]
2026-10-05 03:10:55   step 0/2502: loss=4.356455
2026-10-05 03:10:55   step 1/2502: loss=3.943612
2026-10-05 03:10:55   step 2/2502: loss=4.854485
2026-10-05 03:11:24   step 100/2502: loss=3.571373
2026-10-05 03:11:53   step 200/2502: loss=4.114003
2026-10-05 03:12:22   step 300/2502: loss=4.545704
2026-10-05 03:12:53   step 400/2502: loss=4.423399
2026-10-05 03:13:22   step 500/2502: loss=3.837671
2026-10-05 03:13:51   step 600/2502: loss=3.914719
2026-10-05 03:14:22   step 700/2502: loss=4.213011
2026-10-05 03:14:51   step 800/2502: loss=4.609481
2026-10-05 03:15:22   step 900/2502: loss=4.796998
2026-10-05 03:15:51   step 1000/2502: loss=4.416073
2026-10-05 03:16:20   step 1100/2502: loss=3.799197
2026-10-05 03:16:49   step 1200/2502: loss=4.453664
2026-10-05 03:17:19   step 1300/2502: loss=4.648017
2026-10-05 03:17:49   step 1400/2502: loss=3.871585
2026-10-05 03:18:18   step 1500/2502: loss=4.306218
2026-10-05 03:18:48   step 1600/2502: loss=3.613857
2026-10-05 03:19:16   step 1700/2502: loss=4.405851
2026-10-05 03:19:46   step 1800/2502: loss=3.761624
2026-10-05 03:20:15   step 1900/2502: loss=3.585618
2026-10-05 03:20:43   step 2000/2502: loss=4.465940
2026-10-05 03:21:12   step 2100/2502: loss=4.221252
2026-10-05 03:21:44   step 2200/2502: loss=3.585977
2026-10-05 03:22:13   step 2300/2502: loss=4.879528
2026-10-05 03:22:42   step 2400/2502: loss=4.372972
2026-10-05 03:23:11   step 2500/2502: loss=4.181087
2026-10-05 03:23:18 [pjrt_ffi] RESIDENT: @vitin_emadp128x4wxclipdropeps0000001bf16_fwd holds 200 parameter tensors (21.8 MB) on 4 devices; they stop crossing PCIe from here
2026-10-05 03:23:58 Epoch 172/300: loss=4.127107 lr=0.000204
2026-10-05 03:23:58   epoch 172: test_acc = 33993/50000 = 67.986000%  top5 = 44316/50000 = 88.632000%  [95% CI 67.58–68.39]
2026-10-05 03:23:58   step 0/2502: loss=3.505932
2026-10-05 03:23:58   step 1/2502: loss=3.976179
2026-10-05 03:23:58   step 2/2502: loss=3.181742
2026-10-05 03:24:26   step 100/2502: loss=4.311573
2026-10-05 03:24:55   step 200/2502: loss=4.581551
2026-10-05 03:25:23   step 300/2502: loss=3.789511
2026-10-05 03:25:52   step 400/2502: loss=4.560259
2026-10-05 03:26:21   step 500/2502: loss=4.714683
2026-10-05 03:26:51   step 600/2502: loss=4.629174
2026-10-05 03:27:22   step 700/2502: loss=3.799207
2026-10-05 03:27:51   step 800/2502: loss=3.614064
2026-10-05 03:28:20   step 900/2502: loss=4.581604
2026-10-05 03:28:50   step 1000/2502: loss=3.558071
2026-10-05 03:29:20   step 1100/2502: loss=4.849448
2026-10-05 03:29:50   step 1200/2502: loss=4.197371
2026-10-05 03:30:19   step 1300/2502: loss=4.693659
2026-10-05 03:30:48   step 1400/2502: loss=3.891783
2026-10-05 03:31:17   step 1500/2502: loss=4.724925
2026-10-05 03:31:47   step 1600/2502: loss=3.365396
2026-10-05 03:32:16   step 1700/2502: loss=4.172809
2026-10-05 03:32:46   step 1800/2502: loss=3.402143
2026-10-05 03:33:15   step 1900/2502: loss=4.135553
2026-10-05 03:33:46   step 2000/2502: loss=3.960835
2026-10-05 03:34:15   step 2100/2502: loss=4.376132
2026-10-05 03:34:44   step 2200/2502: loss=3.971618
2026-10-05 03:35:13   step 2300/2502: loss=4.441836
2026-10-05 03:35:42   step 2400/2502: loss=3.655600
2026-10-05 03:36:11   step 2500/2502: loss=4.052653
2026-10-05 03:36:19 [pjrt_ffi] RESIDENT: @vitin_emadp128x4wxclipdropeps0000001bf16_fwd holds 200 parameter tensors (21.8 MB) on 4 devices; they stop crossing PCIe from here
2026-10-05 03:36:55 Epoch 173/300: loss=4.128561 lr=0.000202
2026-10-05 03:36:55   epoch 173: test_acc = 34006/50000 = 68.012000%  top5 = 44342/50000 = 88.684000%  [95% CI 67.60–68.42]
2026-10-05 03:36:56   step 0/2502: loss=4.884879
2026-10-05 03:36:56   step 1/2502: loss=4.445266
2026-10-05 03:36:56   step 2/2502: loss=4.627653
2026-10-05 03:37:24   step 100/2502: loss=4.432394
2026-10-05 03:37:53   step 200/2502: loss=4.138460
2026-10-05 03:38:23   step 300/2502: loss=4.437255
2026-10-05 03:38:51   step 400/2502: loss=4.412643
2026-10-05 03:39:20   step 500/2502: loss=4.451810
2026-10-05 03:39:49   step 600/2502: loss=4.400530
2026-10-05 03:40:19   step 700/2502: loss=3.698780
2026-10-05 03:40:50   step 800/2502: loss=4.652616
2026-10-05 03:41:19   step 900/2502: loss=4.810652
2026-10-05 03:41:48   step 1000/2502: loss=4.598897
2026-10-05 03:42:18   step 1100/2502: loss=4.398308
2026-10-05 03:42:47   step 1200/2502: loss=3.432707
2026-10-05 03:43:18   step 1300/2502: loss=3.931463
2026-10-05 03:43:47   step 1400/2502: loss=2.947091
2026-10-05 03:44:16   step 1500/2502: loss=3.332206
2026-10-05 03:44:44   step 1600/2502: loss=3.980005
2026-10-05 03:45:14   step 1700/2502: loss=4.051671
2026-10-05 03:45:44   step 1800/2502: loss=3.935750
2026-10-05 03:46:13   step 1900/2502: loss=4.368613
2026-10-05 03:46:42   step 2000/2502: loss=4.774489
2026-10-05 03:47:11   step 2100/2502: loss=4.475744
2026-10-05 03:47:40   step 2200/2502: loss=4.173071
2026-10-05 03:48:10   step 2300/2502: loss=4.601623
2026-10-05 03:48:39   step 2400/2502: loss=3.878438
2026-10-05 03:49:08   step 2500/2502: loss=3.694862
2026-10-05 03:49:15 [pjrt_ffi] RESIDENT: @vitin_emadp128x4wxclipdropeps0000001bf16_fwd holds 200 parameter tensors (21.8 MB) on 4 devices; they stop crossing PCIe from here
2026-10-05 03:49:54 Epoch 174/300: loss=4.105961 lr=0.000199
2026-10-05 03:49:54   epoch 174: test_acc = 34000/50000 = 68.000000%  top5 = 44354/50000 = 88.708000%  [95% CI 67.59–68.41]
2026-10-05 03:49:54   step 0/2502: loss=4.718920
2026-10-05 03:49:54   step 1/2502: loss=4.802210
2026-10-05 03:49:55   step 2/2502: loss=3.504716
2026-10-05 03:50:23   step 100/2502: loss=3.930538
2026-10-05 03:50:52   step 200/2502: loss=3.047678
2026-10-05 03:51:21   step 300/2502: loss=4.606164
2026-10-05 03:51:50   step 400/2502: loss=3.818758
2026-10-05 03:52:19   step 500/2502: loss=4.547842
2026-10-05 03:52:48   step 600/2502: loss=4.774685
2026-10-05 03:53:18   step 700/2502: loss=4.464746
2026-10-05 03:53:48   step 800/2502: loss=3.215149
2026-10-05 03:54:18   step 900/2502: loss=4.374524
2026-10-05 03:54:49   step 1000/2502: loss=4.016332
2026-10-05 03:55:18   step 1100/2502: loss=4.130421
2026-10-05 03:55:47   step 1200/2502: loss=4.773718
2026-10-05 03:56:16   step 1300/2502: loss=4.617141
2026-10-05 03:56:46   step 1400/2502: loss=3.157650
2026-10-05 03:57:15   step 1500/2502: loss=4.506850
2026-10-05 03:57:45   step 1600/2502: loss=4.276293
2026-10-05 03:58:14   step 1700/2502: loss=2.808138
2026-10-05 03:58:44   step 1800/2502: loss=4.482600
2026-10-05 03:59:15   step 1900/2502: loss=3.375818
2026-10-05 03:59:44   step 2000/2502: loss=4.183028
2026-10-05 04:00:13   step 2100/2502: loss=4.491620
2026-10-05 04:00:42   step 2200/2502: loss=3.958646
2026-10-05 04:01:11   step 2300/2502: loss=4.756937
2026-10-05 04:01:40   step 2400/2502: loss=3.653890
2026-10-05 04:02:09   step 2500/2502: loss=4.551648
2026-10-05 04:02:16 [pjrt_ffi] RESIDENT: @vitin_emadp128x4wxclipdropeps0000001bf16_fwd holds 200 parameter tensors (21.8 MB) on 4 devices; they stop crossing PCIe from here
2026-10-05 04:02:53 Epoch 175/300: loss=4.117647 lr=0.000197
2026-10-05 04:02:53   epoch 175: test_acc = 34012/50000 = 68.024000%  top5 = 44373/50000 = 88.746000%  [95% CI 67.61–68.43]
2026-10-05 04:02:53   step 0/2502: loss=4.715915
2026-10-05 04:02:53   step 1/2502: loss=4.110141
2026-10-05 04:02:53   step 2/2502: loss=3.520133
2026-10-05 04:03:22   step 100/2502: loss=4.850874
2026-10-05 04:03:51   step 200/2502: loss=3.361202
2026-10-05 04:04:20   step 300/2502: loss=4.326624
2026-10-05 04:04:48   step 400/2502: loss=4.360138
2026-10-05 04:05:17   step 500/2502: loss=3.864394
2026-10-05 04:05:47   step 600/2502: loss=4.256706
2026-10-05 04:06:17   step 700/2502: loss=4.451048
2026-10-05 04:06:46   step 800/2502: loss=4.489299
2026-10-05 04:07:15   step 900/2502: loss=4.879805
2026-10-05 04:07:46   step 1000/2502: loss=4.256794
2026-10-05 04:08:15   step 1100/2502: loss=4.660581
2026-10-05 04:08:45   step 1200/2502: loss=4.026702
2026-10-05 04:09:14   step 1300/2502: loss=2.884807
2026-10-05 04:09:44   step 1400/2502: loss=2.852009
2026-10-05 04:10:13   step 1500/2502: loss=4.268162
2026-10-05 04:10:42   step 1600/2502: loss=4.684052
2026-10-05 04:11:13   step 1700/2502: loss=3.288924
2026-10-05 04:11:42   step 1800/2502: loss=4.344045
2026-10-05 04:12:11   step 1900/2502: loss=4.254517
2026-10-05 04:12:41   step 2000/2502: loss=4.400308
2026-10-05 04:13:09   step 2100/2502: loss=4.098046
2026-10-05 04:13:38   step 2200/2502: loss=3.637316
2026-10-05 04:14:08   step 2300/2502: loss=3.438307
2026-10-05 04:14:37   step 2400/2502: loss=3.167970
2026-10-05 04:15:06   step 2500/2502: loss=3.449269
2026-10-05 04:15:13 [pjrt_ffi] RESIDENT: @vitin_emadp128x4wxclipdropeps0000001bf16_fwd holds 200 parameter tensors (21.8 MB) on 4 devices; they stop crossing PCIe from here
2026-10-05 04:15:45 Epoch 176/300: loss=4.111676 lr=0.000194
2026-10-05 04:15:45   epoch 176: test_acc = 34018/50000 = 68.036000%  top5 = 44386/50000 = 88.772000%  [95% CI 67.63–68.44]
2026-10-05 04:15:46   step 0/2502: loss=4.518478
2026-10-05 04:15:46   step 1/2502: loss=4.251539
2026-10-05 04:15:46   step 2/2502: loss=3.929885
2026-10-05 04:16:14   step 100/2502: loss=3.176244
2026-10-05 04:16:43   step 200/2502: loss=4.213609
2026-10-05 04:17:12   step 300/2502: loss=4.764452
2026-10-05 04:17:41   step 400/2502: loss=3.655443
2026-10-05 04:18:10   step 500/2502: loss=4.433610
2026-10-05 04:18:40   step 600/2502: loss=4.579601
2026-10-05 04:19:10   step 700/2502: loss=4.117713
2026-10-05 04:19:41   step 800/2502: loss=4.346644
2026-10-05 04:20:10   step 900/2502: loss=3.328845
2026-10-05 04:20:39   step 1000/2502: loss=4.376382
2026-10-05 04:21:10   step 1100/2502: loss=4.203909
2026-10-05 04:21:39   step 1200/2502: loss=3.341562
2026-10-05 04:22:08   step 1300/2502: loss=3.792444
2026-10-05 04:22:37   step 1400/2502: loss=4.063199
2026-10-05 04:23:07   step 1500/2502: loss=4.541945
2026-10-05 04:23:36   step 1600/2502: loss=3.652205
2026-10-05 04:24:06   step 1700/2502: loss=4.971567
2026-10-05 04:24:36   step 1800/2502: loss=4.129447
2026-10-05 04:25:05   step 1900/2502: loss=4.497560
2026-10-05 04:25:34   step 2000/2502: loss=3.103500
2026-10-05 04:26:03   step 2100/2502: loss=4.704546
2026-10-05 04:26:32   step 2200/2502: loss=4.331050
2026-10-05 04:27:00   step 2300/2502: loss=4.975906
2026-10-05 04:27:29   step 2400/2502: loss=2.819226
2026-10-05 04:27:58   step 2500/2502: loss=4.353927
2026-10-05 04:28:06 [pjrt_ffi] RESIDENT: @vitin_emadp128x4wxclipdropeps0000001bf16_fwd holds 200 parameter tensors (21.8 MB) on 4 devices; they stop crossing PCIe from here
2026-10-05 04:28:43 Epoch 177/300: loss=4.090421 lr=0.000192
2026-10-05 04:28:43   epoch 177: test_acc = 34037/50000 = 68.074000%  top5 = 44408/50000 = 88.816000%  [95% CI 67.66–68.48]
2026-10-05 04:28:43   step 0/2502: loss=4.362116
2026-10-05 04:28:43   step 1/2502: loss=4.315738
2026-10-05 04:28:43   step 2/2502: loss=4.301465
2026-10-05 04:29:12   step 100/2502: loss=4.470410
2026-10-05 04:29:41   step 200/2502: loss=3.014278
2026-10-05 04:30:10   step 300/2502: loss=3.323150
2026-10-05 04:30:39   step 400/2502: loss=3.258540
2026-10-05 04:31:08   step 500/2502: loss=3.762882
2026-10-05 04:31:37   step 600/2502: loss=2.998064
2026-10-05 04:32:07   step 700/2502: loss=3.421364
2026-10-05 04:32:38   step 800/2502: loss=4.149968
2026-10-05 04:33:07   step 900/2502: loss=4.009066
2026-10-05 04:33:37   step 1000/2502: loss=4.126017
2026-10-05 04:34:06   step 1100/2502: loss=3.468267
2026-10-05 04:34:35   step 1200/2502: loss=3.738355
2026-10-05 04:35:05   step 1300/2502: loss=3.923099
2026-10-05 04:35:36   step 1400/2502: loss=4.592390
2026-10-05 04:36:05   step 1500/2502: loss=4.084118
2026-10-05 04:36:34   step 1600/2502: loss=4.088895
2026-10-05 04:37:02   step 1700/2502: loss=3.995554
2026-10-05 04:37:33   step 1800/2502: loss=4.096852
2026-10-05 04:38:01   step 1900/2502: loss=4.154474
2026-10-05 04:38:30   step 2000/2502: loss=3.925739
2026-10-05 04:39:01   step 2100/2502: loss=4.267425
2026-10-05 04:39:30   step 2200/2502: loss=4.695158
2026-10-05 04:40:00   step 2300/2502: loss=4.135084
2026-10-05 04:40:29   step 2400/2502: loss=4.759469
2026-10-05 04:40:58   step 2500/2502: loss=3.907043
2026-10-05 04:41:05 [pjrt_ffi] RESIDENT: @vitin_emadp128x4wxclipdropeps0000001bf16_fwd holds 200 parameter tensors (21.8 MB) on 4 devices; they stop crossing PCIe from here
2026-10-05 04:41:42 Epoch 178/300: loss=4.104715 lr=0.000189
2026-10-05 04:41:42   epoch 178: test_acc = 34063/50000 = 68.126000%  top5 = 44418/50000 = 88.836000%  [95% CI 67.72–68.53]
2026-10-05 04:41:43   step 0/2502: loss=3.707999
2026-10-05 04:41:43   step 1/2502: loss=4.389768
2026-10-05 04:41:43   step 2/2502: loss=3.842162
2026-10-05 04:42:11   step 100/2502: loss=3.774436
2026-10-05 04:42:40   step 200/2502: loss=4.738759
2026-10-05 04:43:09   step 300/2502: loss=4.415067
2026-10-05 04:43:38   step 400/2502: loss=4.266971
2026-10-05 04:44:07   step 500/2502: loss=3.960390
2026-10-05 04:44:36   step 600/2502: loss=3.080190
2026-10-05 04:45:06   step 700/2502: loss=3.352313
2026-10-05 04:45:37   step 800/2502: loss=4.632720
2026-10-05 04:46:06   step 900/2502: loss=4.426994
2026-10-05 04:46:35   step 1000/2502: loss=3.971288
2026-10-05 04:47:04   step 1100/2502: loss=3.452160
2026-10-05 04:47:34   step 1200/2502: loss=4.698975
2026-10-05 04:48:04   step 1300/2502: loss=4.295017
2026-10-05 04:48:33   step 1400/2502: loss=4.643819
2026-10-05 04:49:02   step 1500/2502: loss=3.603858
2026-10-05 04:49:31   step 1600/2502: loss=4.407828
2026-10-05 04:50:01   step 1700/2502: loss=4.480101
2026-10-05 04:50:31   step 1800/2502: loss=4.469001
2026-10-05 04:51:00   step 1900/2502: loss=4.585972
2026-10-05 04:51:29   step 2000/2502: loss=4.865939
2026-10-05 04:51:58   step 2100/2502: loss=3.827623
2026-10-05 04:52:27   step 2200/2502: loss=4.678678
2026-10-05 04:52:56   step 2300/2502: loss=3.788085
2026-10-05 04:53:25   step 2400/2502: loss=3.076741
2026-10-05 04:53:54   step 2500/2502: loss=4.153064
2026-10-05 04:54:01 [pjrt_ffi] RESIDENT: @vitin_emadp128x4wxclipdropeps0000001bf16_fwd holds 200 parameter tensors (21.8 MB) on 4 devices; they stop crossing PCIe from here
2026-10-05 04:54:36 Epoch 179/300: loss=4.070668 lr=0.000187
2026-10-05 04:54:36   epoch 179: test_acc = 34106/50000 = 68.212000%  top5 = 44448/50000 = 88.896000%  [95% CI 67.80–68.62]
2026-10-05 04:54:36   step 0/2502: loss=4.131866
2026-10-05 04:54:36   step 1/2502: loss=4.806318
2026-10-05 04:54:36   step 2/2502: loss=3.077919
2026-10-05 04:55:05   step 100/2502: loss=4.628699
2026-10-05 04:55:33   step 200/2502: loss=3.693491
2026-10-05 04:56:02   step 300/2502: loss=4.172612
2026-10-05 04:56:31   step 400/2502: loss=4.598248
2026-10-05 04:57:00   step 500/2502: loss=4.418279
2026-10-05 04:57:30   step 600/2502: loss=3.576745
2026-10-05 04:58:00   step 700/2502: loss=3.149711
2026-10-05 04:58:30   step 800/2502: loss=3.882898
2026-10-05 04:59:01   step 900/2502: loss=3.840290
2026-10-05 04:59:31   step 1000/2502: loss=4.334627
2026-10-05 04:59:59   step 1100/2502: loss=4.370170
2026-10-05 05:00:30   step 1200/2502: loss=4.418266
2026-10-05 05:01:01   step 1300/2502: loss=4.751729
2026-10-05 05:01:28   step 1400/2502: loss=4.010664
2026-10-05 05:01:58   step 1500/2502: loss=4.103980
2026-10-05 05:02:27   step 1600/2502: loss=4.505601
2026-10-05 05:02:56   step 1700/2502: loss=4.346016
2026-10-05 05:03:25   step 1800/2502: loss=4.605021
2026-10-05 05:03:56   step 1900/2502: loss=4.964863
2026-10-05 05:04:25   step 2000/2502: loss=4.141573
2026-10-05 05:04:53   step 2100/2502: loss=3.055627
2026-10-05 05:05:22   step 2200/2502: loss=4.283877
2026-10-05 05:05:51   step 2300/2502: loss=4.953074
2026-10-05 05:06:20   step 2400/2502: loss=4.533528
2026-10-05 05:06:49   step 2500/2502: loss=4.711375
2026-10-05 05:06:57 [pjrt_ffi] RESIDENT: @vitin_emadp128x4wxclipdropeps0000001bf16_fwd holds 200 parameter tensors (21.8 MB) on 4 devices; they stop crossing PCIe from here
2026-10-05 05:07:35 Epoch 180/300: loss=4.107885 lr=0.000184
2026-10-05 05:07:35   epoch 180: test_acc = 34134/50000 = 68.268000%  top5 = 44469/50000 = 88.938000%  [95% CI 67.86–68.67]
2026-10-05 05:07:39   ▸ shim respawn: producer 1 of 4 replaced after epoch 180 (generation 18, seed 74)
2026-10-05 05:07:40   step 0/2502: loss=3.828345
2026-10-05 05:07:42   step 1/2502: loss=4.703722
2026-10-05 05:07:42   step 2/2502: loss=4.376863
2026-10-05 05:08:11   step 100/2502: loss=4.865220
2026-10-05 05:08:40   step 200/2502: loss=4.187958
2026-10-05 05:09:09   step 300/2502: loss=3.343022
2026-10-05 05:09:38   step 400/2502: loss=4.416292
2026-10-05 05:10:07   step 500/2502: loss=3.652786
2026-10-05 05:10:35   step 600/2502: loss=3.848236
2026-10-05 05:11:06   step 700/2502: loss=4.597731
2026-10-05 05:11:35   step 800/2502: loss=3.801882
2026-10-05 05:12:05   step 900/2502: loss=4.202567
2026-10-05 05:12:34   step 1000/2502: loss=3.686705
2026-10-05 05:13:04   step 1100/2502: loss=4.450461
2026-10-05 05:13:33   step 1200/2502: loss=3.995420
2026-10-05 05:14:02   step 1300/2502: loss=4.572703
2026-10-05 05:14:33   step 1400/2502: loss=4.250327
2026-10-05 05:15:02   step 1500/2502: loss=4.920692
2026-10-05 05:15:31   step 1600/2502: loss=3.266386
2026-10-05 05:16:00   step 1700/2502: loss=3.184958
2026-10-05 05:16:29   step 1800/2502: loss=4.513865
2026-10-05 05:16:59   step 1900/2502: loss=2.729194
2026-10-05 05:17:28   step 2000/2502: loss=4.394607
2026-10-05 05:17:57   step 2100/2502: loss=4.860435
2026-10-05 05:18:27   step 2200/2502: loss=4.424736
2026-10-05 05:18:57   step 2300/2502: loss=4.584813
2026-10-05 05:19:25   step 2400/2502: loss=4.160712
2026-10-05 05:19:55   step 2500/2502: loss=2.954863
2026-10-05 05:20:02 [pjrt_ffi] RESIDENT: @vitin_emadp128x4wxclipdropeps0000001bf16_fwd holds 200 parameter tensors (21.8 MB) on 4 devices; they stop crossing PCIe from here
2026-10-05 05:20:39 Epoch 181/300: loss=4.076781 lr=0.000182
2026-10-05 05:20:39   epoch 181: test_acc = 34153/50000 = 68.306000%  top5 = 44486/50000 = 88.972000%  [95% CI 67.90–68.71]
2026-10-05 05:20:39   step 0/2502: loss=4.917888
2026-10-05 05:20:39   step 1/2502: loss=3.955580
2026-10-05 05:20:39   step 2/2502: loss=4.644507
2026-10-05 05:21:08   step 100/2502: loss=4.253074
2026-10-05 05:21:36   step 200/2502: loss=4.460185
2026-10-05 05:22:05   step 300/2502: loss=4.163946
2026-10-05 05:22:34   step 400/2502: loss=3.950396
2026-10-05 05:23:03   step 500/2502: loss=4.010112
2026-10-05 05:23:34   step 600/2502: loss=2.917676
2026-10-05 05:24:03   step 700/2502: loss=4.571525
2026-10-05 05:24:33   step 800/2502: loss=3.083907
2026-10-05 05:25:02   step 900/2502: loss=4.560158
2026-10-05 05:25:31   step 1000/2502: loss=4.724735
2026-10-05 05:26:00   step 1100/2502: loss=3.953234
2026-10-05 05:26:31   step 1200/2502: loss=4.241558
2026-10-05 05:27:00   step 1300/2502: loss=3.160050
2026-10-05 05:27:30   step 1400/2502: loss=4.789264
2026-10-05 05:28:00   step 1500/2502: loss=4.453181
2026-10-05 05:28:29   step 1600/2502: loss=4.924068
2026-10-05 05:28:59   step 1700/2502: loss=4.118049
2026-10-05 05:29:28   step 1800/2502: loss=4.756163
2026-10-05 05:29:57   step 1900/2502: loss=4.567841
2026-10-05 05:30:26   step 2000/2502: loss=2.805233
2026-10-05 05:30:55   step 2100/2502: loss=4.544127
2026-10-05 05:31:23   step 2200/2502: loss=4.664867
2026-10-05 05:31:54   step 2300/2502: loss=4.322294
2026-10-05 05:32:22   step 2400/2502: loss=4.611161
2026-10-05 05:32:51   step 2500/2502: loss=4.547784
2026-10-05 05:32:58 [pjrt_ffi] RESIDENT: @vitin_emadp128x4wxclipdropeps0000001bf16_fwd holds 200 parameter tensors (21.8 MB) on 4 devices; they stop crossing PCIe from here
2026-10-05 05:33:38 Epoch 182/300: loss=4.086440 lr=0.000179
2026-10-05 05:33:38   epoch 182: test_acc = 34190/50000 = 68.380000%  top5 = 44501/50000 = 89.002000%  [95% CI 67.97–68.79]
2026-10-05 05:33:38   step 0/2502: loss=4.540352
2026-10-05 05:33:38   step 1/2502: loss=3.144834
2026-10-05 05:33:38   step 2/2502: loss=2.877042
2026-10-05 05:34:07   step 100/2502: loss=4.375128
2026-10-05 05:34:35   step 200/2502: loss=3.531243
2026-10-05 05:35:04   step 300/2502: loss=3.740278
2026-10-05 05:35:33   step 400/2502: loss=4.197517
2026-10-05 05:36:02   step 500/2502: loss=4.155291
2026-10-05 05:36:31   step 600/2502: loss=3.468611
2026-10-05 05:37:03   step 700/2502: loss=4.405117
2026-10-05 05:37:32   step 800/2502: loss=4.830306
2026-10-05 05:38:01   step 900/2502: loss=4.164231
2026-10-05 05:38:32   step 1000/2502: loss=4.599909
2026-10-05 05:39:02   step 1100/2502: loss=2.971715
2026-10-05 05:39:31   step 1200/2502: loss=3.887405
2026-10-05 05:39:59   step 1300/2502: loss=4.594866
2026-10-05 05:40:28   step 1400/2502: loss=4.269203
2026-10-05 05:40:58   step 1500/2502: loss=4.751837
2026-10-05 05:41:26   step 1600/2502: loss=4.051213
2026-10-05 05:41:56   step 1700/2502: loss=4.306290
2026-10-05 05:42:25   step 1800/2502: loss=4.911752
2026-10-05 05:42:54   step 1900/2502: loss=4.521951
2026-10-05 05:43:22   step 2000/2502: loss=3.710001
2026-10-05 05:43:51   step 2100/2502: loss=4.493558
2026-10-05 05:44:21   step 2200/2502: loss=4.370138
2026-10-05 05:44:51   step 2300/2502: loss=3.358670
2026-10-05 05:45:21   step 2400/2502: loss=4.227087
2026-10-05 05:45:49   step 2500/2502: loss=2.979240
2026-10-05 05:45:56 [pjrt_ffi] RESIDENT: @vitin_emadp128x4wxclipdropeps0000001bf16_fwd holds 200 parameter tensors (21.8 MB) on 4 devices; they stop crossing PCIe from here
2026-10-05 05:46:32 Epoch 183/300: loss=4.083431 lr=0.000177
2026-10-05 05:46:32   epoch 183: test_acc = 34213/50000 = 68.426000%  top5 = 44508/50000 = 89.016000%  [95% CI 68.02–68.83]
2026-10-05 05:46:32   step 0/2502: loss=4.244124
2026-10-05 05:46:32   step 1/2502: loss=4.727447
2026-10-05 05:46:32   step 2/2502: loss=4.293766
2026-10-05 05:47:01   step 100/2502: loss=2.825844
2026-10-05 05:47:30   step 200/2502: loss=4.123569
2026-10-05 05:47:58   step 300/2502: loss=3.681329
2026-10-05 05:48:27   step 400/2502: loss=4.637162
2026-10-05 05:48:56   step 500/2502: loss=4.460891
2026-10-05 05:49:26   step 600/2502: loss=4.257920
2026-10-05 05:49:56   step 700/2502: loss=3.925524
2026-10-05 05:50:25   step 800/2502: loss=4.259757
2026-10-05 05:50:54   step 900/2502: loss=4.648227
2026-10-05 05:51:25   step 1000/2502: loss=4.418468
2026-10-05 05:51:54   step 1100/2502: loss=4.171750
2026-10-05 05:52:23   step 1200/2502: loss=4.456197
2026-10-05 05:52:53   step 1300/2502: loss=2.872523
2026-10-05 05:53:23   step 1400/2502: loss=4.186823
2026-10-05 05:53:52   step 1500/2502: loss=3.193106
2026-10-05 05:54:20   step 1600/2502: loss=4.020097
2026-10-05 05:54:50   step 1700/2502: loss=2.765935
2026-10-05 05:55:18   step 1800/2502: loss=2.913424
2026-10-05 05:55:48   step 1900/2502: loss=4.857041
2026-10-05 05:56:17   step 2000/2502: loss=4.614277
2026-10-05 05:56:45   step 2100/2502: loss=4.305146
2026-10-05 05:57:15   step 2200/2502: loss=3.490162
2026-10-05 05:57:45   step 2300/2502: loss=4.798242
2026-10-05 05:58:13   step 2400/2502: loss=4.268732
2026-10-05 05:58:42   step 2500/2502: loss=4.623300
2026-10-05 05:58:50 [pjrt_ffi] RESIDENT: @vitin_emadp128x4wxclipdropeps0000001bf16_fwd holds 200 parameter tensors (21.8 MB) on 4 devices; they stop crossing PCIe from here
2026-10-05 05:59:30 Epoch 184/300: loss=4.064947 lr=0.000174
2026-10-05 05:59:30   epoch 184: test_acc = 34234/50000 = 68.468000%  top5 = 44523/50000 = 89.046000%  [95% CI 68.06–68.87]
2026-10-05 05:59:30   step 0/2502: loss=3.266254
2026-10-05 05:59:31   step 1/2502: loss=4.503672
2026-10-05 05:59:31   step 2/2502: loss=3.217629
2026-10-05 06:00:00   step 100/2502: loss=4.166731
2026-10-05 06:00:28   step 200/2502: loss=4.111258
2026-10-05 06:00:57   step 300/2502: loss=3.264377
2026-10-05 06:01:26   step 400/2502: loss=3.212184
2026-10-05 06:01:55   step 500/2502: loss=4.205626
2026-10-05 06:02:23   step 600/2502: loss=3.277081
2026-10-05 06:02:54   step 700/2502: loss=4.122015
2026-10-05 06:03:23   step 800/2502: loss=3.414429
2026-10-05 06:03:52   step 900/2502: loss=3.303985
2026-10-05 06:04:21   step 1000/2502: loss=3.904678
2026-10-05 06:04:50   step 1100/2502: loss=4.970852
2026-10-05 06:05:20   step 1200/2502: loss=4.365544
2026-10-05 06:05:51   step 1300/2502: loss=4.837108
2026-10-05 06:06:19   step 1400/2502: loss=3.663794
2026-10-05 06:06:48   step 1500/2502: loss=4.063296
2026-10-05 06:07:19   step 1600/2502: loss=4.156996
2026-10-05 06:07:48   step 1700/2502: loss=4.606408
2026-10-05 06:08:18   step 1800/2502: loss=3.667877
2026-10-05 06:08:47   step 1900/2502: loss=3.293393
2026-10-05 06:09:15   step 2000/2502: loss=3.827455
2026-10-05 06:09:44   step 2100/2502: loss=4.100781
2026-10-05 06:10:12   step 2200/2502: loss=3.943421
2026-10-05 06:10:43   step 2300/2502: loss=3.516210
2026-10-05 06:11:13   step 2400/2502: loss=3.936694
2026-10-05 06:11:43   step 2500/2502: loss=3.409083
2026-10-05 06:11:49 [pjrt_ffi] RESIDENT: @vitin_emadp128x4wxclipdropeps0000001bf16_fwd holds 200 parameter tensors (21.8 MB) on 4 devices; they stop crossing PCIe from here
2026-10-05 06:12:28 Epoch 185/300: loss=4.053659 lr=0.000172
2026-10-05 06:12:28   epoch 185: test_acc = 34270/50000 = 68.540000%  top5 = 44538/50000 = 89.076000%  [95% CI 68.13–68.95]
2026-10-05 06:12:28   step 0/2502: loss=4.386251
2026-10-05 06:12:28   step 1/2502: loss=3.611115
2026-10-05 06:12:28   step 2/2502: loss=3.763727
2026-10-05 06:12:57   step 100/2502: loss=4.561230
2026-10-05 06:13:25   step 200/2502: loss=3.915303
2026-10-05 06:13:54   step 300/2502: loss=4.359865
2026-10-05 06:14:23   step 400/2502: loss=4.748576
2026-10-05 06:14:52   step 500/2502: loss=3.948265
2026-10-05 06:15:21   step 600/2502: loss=4.272317
2026-10-05 06:15:51   step 700/2502: loss=4.482939
2026-10-05 06:16:21   step 800/2502: loss=2.881583
2026-10-05 06:16:51   step 900/2502: loss=3.998054
2026-10-05 06:17:19   step 1000/2502: loss=4.780002
2026-10-05 06:17:49   step 1100/2502: loss=3.412230
2026-10-05 06:18:19   step 1200/2502: loss=4.933623
2026-10-05 06:18:48   step 1300/2502: loss=4.183432
2026-10-05 06:19:17   step 1400/2502: loss=3.116212
2026-10-05 06:19:46   step 1500/2502: loss=3.677210
2026-10-05 06:20:15   step 1600/2502: loss=4.682942
2026-10-05 06:20:45   step 1700/2502: loss=4.563416
2026-10-05 06:21:13   step 1800/2502: loss=4.279570
2026-10-05 06:21:43   step 1900/2502: loss=4.520345
2026-10-05 06:22:13   step 2000/2502: loss=4.476270
2026-10-05 06:22:42   step 2100/2502: loss=4.711957
2026-10-05 06:23:10   step 2200/2502: loss=3.367939
2026-10-05 06:23:39   step 2300/2502: loss=4.127295
2026-10-05 06:24:08   step 2400/2502: loss=4.723499
2026-10-05 06:24:38   step 2500/2502: loss=3.156319
2026-10-05 06:24:45 [pjrt_ffi] RESIDENT: @vitin_emadp128x4wxclipdropeps0000001bf16_fwd holds 200 parameter tensors (21.8 MB) on 4 devices; they stop crossing PCIe from here
2026-10-05 06:25:23 Epoch 186/300: loss=4.056643 lr=0.000169
2026-10-05 06:25:23   epoch 186: test_acc = 34295/50000 = 68.590000%  top5 = 44533/50000 = 89.066000%  [95% CI 68.18–69.00]
2026-10-05 06:25:23   step 0/2502: loss=4.057614
2026-10-05 06:25:24   step 1/2502: loss=3.432573
2026-10-05 06:25:24   step 2/2502: loss=3.967396
2026-10-05 06:25:52   step 100/2502: loss=4.178649
2026-10-05 06:26:21   step 200/2502: loss=4.051571
2026-10-05 06:26:50   step 300/2502: loss=4.571217
2026-10-05 06:27:19   step 400/2502: loss=4.767294
2026-10-05 06:27:48   step 500/2502: loss=3.805996
2026-10-05 06:28:17   step 600/2502: loss=4.598335
2026-10-05 06:28:46   step 700/2502: loss=4.459179
2026-10-05 06:29:15   step 800/2502: loss=4.044384
2026-10-05 06:29:46   step 900/2502: loss=4.576063
2026-10-05 06:30:15   step 1000/2502: loss=4.200495
2026-10-05 06:30:44   step 1100/2502: loss=4.457265
2026-10-05 06:31:14   step 1200/2502: loss=4.375579
2026-10-05 06:31:43   step 1300/2502: loss=4.305106
2026-10-05 06:32:12   step 1400/2502: loss=3.567094
2026-10-05 06:32:41   step 1500/2502: loss=3.113430
2026-10-05 06:33:11   step 1600/2502: loss=4.701110
2026-10-05 06:33:41   step 1700/2502: loss=4.373870
2026-10-05 06:34:09   step 1800/2502: loss=3.628574
2026-10-05 06:34:39   step 1900/2502: loss=4.316575
2026-10-05 06:35:09   step 2000/2502: loss=4.817195
2026-10-05 06:35:37   step 2100/2502: loss=3.900369
2026-10-05 06:36:06   step 2200/2502: loss=4.813519
2026-10-05 06:36:35   step 2300/2502: loss=4.507357
2026-10-05 06:37:04   step 2400/2502: loss=3.321364
2026-10-05 06:37:32   step 2500/2502: loss=4.074267
2026-10-05 06:37:39 [pjrt_ffi] RESIDENT: @vitin_emadp128x4wxclipdropeps0000001bf16_fwd holds 200 parameter tensors (21.8 MB) on 4 devices; they stop crossing PCIe from here
2026-10-05 06:38:22 Epoch 187/300: loss=4.057282 lr=0.000167
2026-10-05 06:38:22   epoch 187: test_acc = 34328/50000 = 68.656000%  top5 = 44552/50000 = 89.104000%  [95% CI 68.25–69.06]
2026-10-05 06:38:22   step 0/2502: loss=3.424468
2026-10-05 06:38:22   step 1/2502: loss=4.933879
2026-10-05 06:38:23   step 2/2502: loss=4.774609
2026-10-05 06:38:50   step 100/2502: loss=4.488418
2026-10-05 06:39:19   step 200/2502: loss=4.593408
2026-10-05 06:39:49   step 300/2502: loss=4.696819
2026-10-05 06:40:17   step 400/2502: loss=4.582053
2026-10-05 06:40:46   step 500/2502: loss=3.224691
2026-10-05 06:41:15   step 600/2502: loss=3.997753
2026-10-05 06:41:45   step 700/2502: loss=3.842172
2026-10-05 06:42:15   step 800/2502: loss=4.303775
2026-10-05 06:42:43   step 900/2502: loss=4.169054
2026-10-05 06:43:13   step 1000/2502: loss=4.421589
2026-10-05 06:43:41   step 1100/2502: loss=3.775004
2026-10-05 06:44:11   step 1200/2502: loss=4.471616
2026-10-05 06:44:43   step 1300/2502: loss=4.174494
2026-10-05 06:45:12   step 1400/2502: loss=3.666066
2026-10-05 06:45:40   step 1500/2502: loss=4.510882
2026-10-05 06:46:09   step 1600/2502: loss=4.380666
2026-10-05 06:46:38   step 1700/2502: loss=4.320612
2026-10-05 06:47:08   step 1800/2502: loss=4.122417
2026-10-05 06:47:37   step 1900/2502: loss=3.769557
2026-10-05 06:48:05   step 2000/2502: loss=3.207235
2026-10-05 06:48:34   step 2100/2502: loss=4.752592
2026-10-05 06:49:03   step 2200/2502: loss=3.891091
2026-10-05 06:49:32   step 2300/2502: loss=4.769027
2026-10-05 06:50:01   step 2400/2502: loss=4.388186
2026-10-05 06:50:30   step 2500/2502: loss=3.309119
2026-10-05 06:50:38 [pjrt_ffi] RESIDENT: @vitin_emadp128x4wxclipdropeps0000001bf16_fwd holds 200 parameter tensors (21.8 MB) on 4 devices; they stop crossing PCIe from here
2026-10-05 06:51:16 Epoch 188/300: loss=4.040458 lr=0.000165
2026-10-05 06:51:16   epoch 188: test_acc = 34373/50000 = 68.746000%  top5 = 44592/50000 = 89.184000%  [95% CI 68.34–69.15]
2026-10-05 06:51:16   step 0/2502: loss=4.628260
2026-10-05 06:51:17   step 1/2502: loss=4.630646
2026-10-05 06:51:17   step 2/2502: loss=3.181263
2026-10-05 06:51:45   step 100/2502: loss=3.686243
2026-10-05 06:52:13   step 200/2502: loss=4.515949
2026-10-05 06:52:42   step 300/2502: loss=4.343303
2026-10-05 06:53:11   step 400/2502: loss=4.555919
2026-10-05 06:53:40   step 500/2502: loss=3.234043
2026-10-05 06:54:09   step 600/2502: loss=3.713109
2026-10-05 06:54:39   step 700/2502: loss=3.804754
2026-10-05 06:55:09   step 800/2502: loss=4.113854
2026-10-05 06:55:38   step 900/2502: loss=4.450759
2026-10-05 06:56:08   step 1000/2502: loss=3.903936
2026-10-05 06:56:38   step 1100/2502: loss=3.933099
2026-10-05 06:57:06   step 1200/2502: loss=4.195934
2026-10-05 06:57:35   step 1300/2502: loss=3.293419
2026-10-05 06:58:07   step 1400/2502: loss=4.516343
2026-10-05 06:58:36   step 1500/2502: loss=3.524889
2026-10-05 06:59:04   step 1600/2502: loss=4.241161
2026-10-05 06:59:33   step 1700/2502: loss=4.679749
2026-10-05 07:00:03   step 1800/2502: loss=3.808450
2026-10-05 07:00:32   step 1900/2502: loss=3.789474
2026-10-05 07:01:01   step 2000/2502: loss=3.265972
2026-10-05 07:01:30   step 2100/2502: loss=4.994175
2026-10-05 07:01:59   step 2200/2502: loss=4.650592
2026-10-05 07:02:28   step 2300/2502: loss=4.831798
2026-10-05 07:02:58   step 2400/2502: loss=3.736076
2026-10-05 07:03:26   step 2500/2502: loss=4.830197
2026-10-05 07:03:34 [pjrt_ffi] RESIDENT: @vitin_emadp128x4wxclipdropeps0000001bf16_fwd holds 200 parameter tensors (21.8 MB) on 4 devices; they stop crossing PCIe from here
2026-10-05 07:04:14 Epoch 189/300: loss=4.048020 lr=0.000162
2026-10-05 07:04:14   epoch 189: test_acc = 34399/50000 = 68.798000%  top5 = 44613/50000 = 89.226000%  [95% CI 68.39–69.20]
2026-10-05 07:04:14   step 0/2502: loss=4.704720
2026-10-05 07:04:14   step 1/2502: loss=4.644479
2026-10-05 07:04:14   step 2/2502: loss=4.393993
2026-10-05 07:04:43   step 100/2502: loss=4.209813
2026-10-05 07:05:12   step 200/2502: loss=4.577789
2026-10-05 07:05:40   step 300/2502: loss=3.459313
2026-10-05 07:06:09   step 400/2502: loss=4.553601
2026-10-05 07:06:38   step 500/2502: loss=4.213199
2026-10-05 07:07:07   step 600/2502: loss=2.895349
2026-10-05 07:07:37   step 700/2502: loss=3.854208
2026-10-05 07:08:08   step 800/2502: loss=4.408445
2026-10-05 07:08:36   step 900/2502: loss=4.124508
2026-10-05 07:09:07   step 1000/2502: loss=4.390394
2026-10-05 07:09:35   step 1100/2502: loss=4.485421
2026-10-05 07:10:04   step 1200/2502: loss=4.524814
2026-10-05 07:10:33   step 1300/2502: loss=3.605351
2026-10-05 07:11:04   step 1400/2502: loss=4.515875
2026-10-05 07:11:32   step 1500/2502: loss=3.851740
2026-10-05 07:12:01   step 1600/2502: loss=3.162830
2026-10-05 07:12:31   step 1700/2502: loss=4.400123
2026-10-05 07:13:00   step 1800/2502: loss=4.771919
2026-10-05 07:13:29   step 1900/2502: loss=3.976189
2026-10-05 07:13:58   step 2000/2502: loss=4.184079
2026-10-05 07:14:27   step 2100/2502: loss=3.768559
2026-10-05 07:14:56   step 2200/2502: loss=4.811213
2026-10-05 07:15:26   step 2300/2502: loss=4.306067
2026-10-05 07:15:55   step 2400/2502: loss=3.410520
2026-10-05 07:16:23   step 2500/2502: loss=4.230904
2026-10-05 07:16:30 [pjrt_ffi] RESIDENT: @vitin_emadp128x4wxclipdropeps0000001bf16_fwd holds 200 parameter tensors (21.8 MB) on 4 devices; they stop crossing PCIe from here
2026-10-05 07:17:08 Epoch 190/300: loss=4.057306 lr=0.000160
2026-10-05 07:17:08   epoch 190: test_acc = 34414/50000 = 68.828000%  top5 = 44630/50000 = 89.260000%  [95% CI 68.42–69.23]
2026-10-05 07:17:12   ▸ shim respawn: producer 2 of 4 replaced after epoch 190 (generation 19, seed 79)
2026-10-05 07:17:12   step 0/2502: loss=4.348509
2026-10-05 07:17:12   step 1/2502: loss=4.502242
2026-10-05 07:17:15   step 2/2502: loss=2.861852
2026-10-05 07:17:44   step 100/2502: loss=4.548330
2026-10-05 07:18:12   step 200/2502: loss=3.774853
2026-10-05 07:18:41   step 300/2502: loss=4.146339
2026-10-05 07:19:10   step 400/2502: loss=4.161315
2026-10-05 07:19:38   step 500/2502: loss=3.178633
2026-10-05 07:20:07   step 600/2502: loss=4.515384
2026-10-05 07:20:37   step 700/2502: loss=4.272848
2026-10-05 07:21:07   step 800/2502: loss=4.112340
2026-10-05 07:21:36   step 900/2502: loss=4.429739
2026-10-05 07:22:07   step 1000/2502: loss=3.611651
2026-10-05 07:22:37   step 1100/2502: loss=4.131830
2026-10-05 07:23:05   step 1200/2502: loss=4.621277
2026-10-05 07:23:34   step 1300/2502: loss=3.763361
2026-10-05 07:24:03   step 1400/2502: loss=4.872501
2026-10-05 07:24:34   step 1500/2502: loss=4.332683
2026-10-05 07:25:03   step 1600/2502: loss=2.629856
2026-10-05 07:25:32   step 1700/2502: loss=3.670447
2026-10-05 07:26:00   step 1800/2502: loss=3.730771
2026-10-05 07:26:30   step 1900/2502: loss=4.583764
2026-10-05 07:26:59   step 2000/2502: loss=3.046695
2026-10-05 07:27:28   step 2100/2502: loss=3.820395
2026-10-05 07:27:56   step 2200/2502: loss=3.879343
2026-10-05 07:28:25   step 2300/2502: loss=4.121357
2026-10-05 07:28:54   step 2400/2502: loss=3.260532
2026-10-05 07:29:24   step 2500/2502: loss=4.297250
2026-10-05 07:29:31 [pjrt_ffi] RESIDENT: @vitin_emadp128x4wxclipdropeps0000001bf16_fwd holds 200 parameter tensors (21.8 MB) on 4 devices; they stop crossing PCIe from here
2026-10-05 07:30:06 Epoch 191/300: loss=4.054726 lr=0.000157
2026-10-05 07:30:06   epoch 191: test_acc = 34450/50000 = 68.900000%  top5 = 44627/50000 = 89.254000%  [95% CI 68.49–69.30]
2026-10-05 07:30:07   step 0/2502: loss=4.298335
2026-10-05 07:30:07   step 1/2502: loss=3.713790
2026-10-05 07:30:07   step 2/2502: loss=4.751623
2026-10-05 07:30:35   step 100/2502: loss=4.467404
2026-10-05 07:31:04   step 200/2502: loss=4.415584
2026-10-05 07:31:33   step 300/2502: loss=4.731825
2026-10-05 07:32:03   step 400/2502: loss=3.985344
2026-10-05 07:32:33   step 500/2502: loss=4.635529
2026-10-05 07:33:02   step 600/2502: loss=4.058953
2026-10-05 07:33:31   step 700/2502: loss=3.950692
2026-10-05 07:34:02   step 800/2502: loss=4.314605
2026-10-05 07:34:31   step 900/2502: loss=4.642626
2026-10-05 07:35:01   step 1000/2502: loss=3.122985
2026-10-05 07:35:29   step 1100/2502: loss=4.898630
2026-10-05 07:36:00   step 1200/2502: loss=4.620179
2026-10-05 07:36:29   step 1300/2502: loss=4.077847
2026-10-05 07:36:59   step 1400/2502: loss=4.428807
2026-10-05 07:37:27   step 1500/2502: loss=3.253711
2026-10-05 07:37:58   step 1600/2502: loss=4.464505
2026-10-05 07:38:26   step 1700/2502: loss=4.766131
2026-10-05 07:38:55   step 1800/2502: loss=4.420238
2026-10-05 07:39:24   step 1900/2502: loss=4.655318
2026-10-05 07:39:54   step 2000/2502: loss=3.897789
2026-10-05 07:40:23   step 2100/2502: loss=4.043741
2026-10-05 07:40:52   step 2200/2502: loss=4.401859
2026-10-05 07:41:21   step 2300/2502: loss=2.881182
2026-10-05 07:41:49   step 2400/2502: loss=3.368529
2026-10-05 07:42:19   step 2500/2502: loss=4.908916
2026-10-05 07:42:27 [pjrt_ffi] RESIDENT: @vitin_emadp128x4wxclipdropeps0000001bf16_fwd holds 200 parameter tensors (21.8 MB) on 4 devices; they stop crossing PCIe from here
2026-10-05 07:43:08 Epoch 192/300: loss=4.029414 lr=0.000155
2026-10-05 07:43:08   epoch 192: test_acc = 34482/50000 = 68.964000%  top5 = 44617/50000 = 89.234000%  [95% CI 68.56–69.37]
2026-10-05 07:43:08   step 0/2502: loss=4.098596
2026-10-05 07:43:08   step 1/2502: loss=3.944536
2026-10-05 07:43:08   step 2/2502: loss=4.185237
2026-10-05 07:43:36   step 100/2502: loss=4.672661
2026-10-05 07:44:05   step 200/2502: loss=4.273405
2026-10-05 07:44:34   step 300/2502: loss=4.608702
2026-10-05 07:45:03   step 400/2502: loss=4.718926
2026-10-05 07:45:31   step 500/2502: loss=4.712528
2026-10-05 07:46:01   step 600/2502: loss=3.144401
2026-10-05 07:46:31   step 700/2502: loss=4.383688
2026-10-05 07:47:00   step 800/2502: loss=3.819340
2026-10-05 07:47:30   step 900/2502: loss=4.542160
2026-10-05 07:48:00   step 1000/2502: loss=4.143691
2026-10-05 07:48:30   step 1100/2502: loss=2.817968
2026-10-05 07:48:58   step 1200/2502: loss=3.682042
2026-10-05 07:49:27   step 1300/2502: loss=3.688046
2026-10-05 07:49:58   step 1400/2502: loss=3.152048
2026-10-05 07:50:27   step 1500/2502: loss=4.520569
2026-10-05 07:50:56   step 1600/2502: loss=3.528664
2026-10-05 07:51:25   step 1700/2502: loss=3.171117
2026-10-05 07:51:55   step 1800/2502: loss=3.813310
2026-10-05 07:52:24   step 1900/2502: loss=4.165382
2026-10-05 07:52:54   step 2000/2502: loss=3.874279
2026-10-05 07:53:23   step 2100/2502: loss=4.656242
2026-10-05 07:53:51   step 2200/2502: loss=3.731410
2026-10-05 07:54:20   step 2300/2502: loss=3.942582
2026-10-05 07:54:50   step 2400/2502: loss=3.928055
2026-10-05 07:55:19   step 2500/2502: loss=4.291865
2026-10-05 07:55:26 [pjrt_ffi] RESIDENT: @vitin_emadp128x4wxclipdropeps0000001bf16_fwd holds 200 parameter tensors (21.8 MB) on 4 devices; they stop crossing PCIe from here
2026-10-05 07:56:06 Epoch 193/300: loss=4.036479 lr=0.000153
2026-10-05 07:56:06   epoch 193: test_acc = 34496/50000 = 68.992000%  top5 = 44642/50000 = 89.284000%  [95% CI 68.59–69.40]
2026-10-05 07:56:06   step 0/2502: loss=4.284548
2026-10-05 07:56:06   step 1/2502: loss=4.300585
2026-10-05 07:56:06   step 2/2502: loss=3.476512
2026-10-05 07:56:35   step 100/2502: loss=3.165247
2026-10-05 07:57:04   step 200/2502: loss=4.464978
2026-10-05 07:57:33   step 300/2502: loss=3.105189
2026-10-05 07:58:02   step 400/2502: loss=4.634743
2026-10-05 07:58:30   step 500/2502: loss=4.007739
2026-10-05 07:58:59   step 600/2502: loss=2.854552
2026-10-05 07:59:29   step 700/2502: loss=4.693643
2026-10-05 07:59:58   step 800/2502: loss=3.015106
2026-10-05 08:00:29   step 900/2502: loss=3.824746
2026-10-05 08:00:58   step 1000/2502: loss=3.036075
2026-10-05 08:01:29   step 1100/2502: loss=4.473804
2026-10-05 08:01:57   step 1200/2502: loss=3.862387
2026-10-05 08:02:29   step 1300/2502: loss=4.319680
2026-10-05 08:02:58   step 1400/2502: loss=4.191969
2026-10-05 08:03:27   step 1500/2502: loss=3.620445
2026-10-05 08:03:56   step 1600/2502: loss=4.718598
2026-10-05 08:04:24   step 1700/2502: loss=4.075418
2026-10-05 08:04:53   step 1800/2502: loss=4.793623
2026-10-05 08:05:23   step 1900/2502: loss=4.556266
2026-10-05 08:05:52   step 2000/2502: loss=4.696941
2026-10-05 08:06:21   step 2100/2502: loss=4.411900
2026-10-05 08:06:49   step 2200/2502: loss=3.919660
2026-10-05 08:07:20   step 2300/2502: loss=4.417607
2026-10-05 08:07:49   step 2400/2502: loss=2.946345
2026-10-05 08:08:17   step 2500/2502: loss=3.876363
2026-10-05 08:08:24 [pjrt_ffi] RESIDENT: @vitin_emadp128x4wxclipdropeps0000001bf16_fwd holds 200 parameter tensors (21.8 MB) on 4 devices; they stop crossing PCIe from here
2026-10-05 08:09:04 Epoch 194/300: loss=4.044916 lr=0.000150
2026-10-05 08:09:04   epoch 194: test_acc = 34529/50000 = 69.058000%  top5 = 44639/50000 = 89.278000%  [95% CI 68.65–69.46]
2026-10-05 08:09:05   step 0/2502: loss=4.659853
2026-10-05 08:09:05   step 1/2502: loss=3.495285
2026-10-05 08:09:05   step 2/2502: loss=3.454637
2026-10-05 08:09:33   step 100/2502: loss=4.301666
2026-10-05 08:10:02   step 200/2502: loss=4.637650
2026-10-05 08:10:31   step 300/2502: loss=4.196206
2026-10-05 08:11:00   step 400/2502: loss=3.810483
2026-10-05 08:11:28   step 500/2502: loss=4.758009
2026-10-05 08:11:58   step 600/2502: loss=3.819368
2026-10-05 08:12:27   step 700/2502: loss=4.472983
2026-10-05 08:12:58   step 800/2502: loss=4.356910
2026-10-05 08:13:27   step 900/2502: loss=4.393178
2026-10-05 08:13:57   step 1000/2502: loss=4.794589
2026-10-05 08:14:25   step 1100/2502: loss=4.191987
2026-10-05 08:14:56   step 1200/2502: loss=4.778348
2026-10-05 08:15:25   step 1300/2502: loss=4.290539
2026-10-05 08:15:54   step 1400/2502: loss=3.882120
2026-10-05 08:16:23   step 1500/2502: loss=4.675025
2026-10-05 08:16:52   step 1600/2502: loss=4.557476
2026-10-05 08:17:21   step 1700/2502: loss=4.025317
2026-10-05 08:17:49   step 1800/2502: loss=4.218896
2026-10-05 08:18:19   step 1900/2502: loss=4.230628
2026-10-05 08:18:48   step 2000/2502: loss=3.934222
2026-10-05 08:19:17   step 2100/2502: loss=3.250040
2026-10-05 08:19:47   step 2200/2502: loss=4.451906
2026-10-05 08:20:16   step 2300/2502: loss=4.059134
2026-10-05 08:20:44   step 2400/2502: loss=4.297575
2026-10-05 08:21:12   step 2500/2502: loss=4.286462
2026-10-05 08:21:20 [pjrt_ffi] RESIDENT: @vitin_emadp128x4wxclipdropeps0000001bf16_fwd holds 200 parameter tensors (21.8 MB) on 4 devices; they stop crossing PCIe from here
2026-10-05 08:21:56 Epoch 195/300: loss=4.031739 lr=0.000148
2026-10-05 08:21:56   epoch 195: test_acc = 34537/50000 = 69.074000%  top5 = 44651/50000 = 89.302000%  [95% CI 68.67–69.48]
2026-10-05 08:21:56   step 0/2502: loss=4.233056
2026-10-05 08:21:56   step 1/2502: loss=4.517531
2026-10-05 08:21:56   step 2/2502: loss=4.222944
2026-10-05 08:22:24   step 100/2502: loss=2.683126
2026-10-05 08:22:53   step 200/2502: loss=3.485092
2026-10-05 08:23:22   step 300/2502: loss=4.610409
2026-10-05 08:23:50   step 400/2502: loss=3.573544
2026-10-05 08:24:19   step 500/2502: loss=3.494334
2026-10-05 08:24:48   step 600/2502: loss=3.729430
2026-10-05 08:25:18   step 700/2502: loss=3.593452
2026-10-05 08:25:47   step 800/2502: loss=4.395478
2026-10-05 08:26:18   step 900/2502: loss=3.777451
2026-10-05 08:26:48   step 1000/2502: loss=3.690748
2026-10-05 08:27:16   step 1100/2502: loss=3.801426
2026-10-05 08:27:46   step 1200/2502: loss=3.866156
2026-10-05 08:28:17   step 1300/2502: loss=3.117959
2026-10-05 08:28:46   step 1400/2502: loss=4.610311
2026-10-05 08:29:14   step 1500/2502: loss=3.147772
2026-10-05 08:29:43   step 1600/2502: loss=2.885151
2026-10-05 08:30:12   step 1700/2502: loss=3.400867
2026-10-05 08:30:42   step 1800/2502: loss=4.462455
2026-10-05 08:31:11   step 1900/2502: loss=3.744132
2026-10-05 08:31:40   step 2000/2502: loss=4.318470
2026-10-05 08:32:08   step 2100/2502: loss=3.072398
2026-10-05 08:32:37   step 2200/2502: loss=3.249554
2026-10-05 08:33:08   step 2300/2502: loss=2.797733
2026-10-05 08:33:37   step 2400/2502: loss=4.303524
2026-10-05 08:34:06   step 2500/2502: loss=4.551805
2026-10-05 08:34:12 [pjrt_ffi] RESIDENT: @vitin_emadp128x4wxclipdropeps0000001bf16_fwd holds 200 parameter tensors (21.8 MB) on 4 devices; they stop crossing PCIe from here
2026-10-05 08:34:52 Epoch 196/300: loss=4.031930 lr=0.000146
2026-10-05 08:34:52   epoch 196: test_acc = 34548/50000 = 69.096000%  top5 = 44671/50000 = 89.342000%  [95% CI 68.69–69.50]
2026-10-05 08:34:52   step 0/2502: loss=4.205755
2026-10-05 08:34:52   step 1/2502: loss=3.122899
2026-10-05 08:34:53   step 2/2502: loss=3.878378
2026-10-05 08:35:21   step 100/2502: loss=4.757802
2026-10-05 08:35:50   step 200/2502: loss=3.137878
2026-10-05 08:36:19   step 300/2502: loss=3.848795
2026-10-05 08:36:48   step 400/2502: loss=4.423336
2026-10-05 08:37:17   step 500/2502: loss=3.115155
2026-10-05 08:37:46   step 600/2502: loss=3.336843
2026-10-05 08:38:16   step 700/2502: loss=4.252172
2026-10-05 08:38:45   step 800/2502: loss=4.477581
2026-10-05 08:39:15   step 900/2502: loss=4.273889
2026-10-05 08:39:44   step 1000/2502: loss=4.196251
2026-10-05 08:40:14   step 1100/2502: loss=3.300905
2026-10-05 08:40:43   step 1200/2502: loss=4.253104
2026-10-05 08:41:12   step 1300/2502: loss=4.202142
2026-10-05 08:41:42   step 1400/2502: loss=3.963953
2026-10-05 08:42:11   step 1500/2502: loss=4.036875
2026-10-05 08:42:40   step 1600/2502: loss=4.476014
2026-10-05 08:43:09   step 1700/2502: loss=4.083349
2026-10-05 08:43:37   step 1800/2502: loss=3.716646
2026-10-05 08:44:07   step 1900/2502: loss=3.608401
2026-10-05 08:44:36   step 2000/2502: loss=4.527885
2026-10-05 08:45:04   step 2100/2502: loss=3.478058
2026-10-05 08:45:33   step 2200/2502: loss=3.487786
2026-10-05 08:46:02   step 2300/2502: loss=3.743913
2026-10-05 08:46:32   step 2400/2502: loss=4.633124
2026-10-05 08:47:01   step 2500/2502: loss=4.197398
2026-10-05 08:47:08 [pjrt_ffi] RESIDENT: @vitin_emadp128x4wxclipdropeps0000001bf16_fwd holds 200 parameter tensors (21.8 MB) on 4 devices; they stop crossing PCIe from here
2026-10-05 08:47:48 Epoch 197/300: loss=4.047358 lr=0.000143
2026-10-05 08:47:48   epoch 197: test_acc = 34524/50000 = 69.048000%  top5 = 44672/50000 = 89.344000%  [95% CI 68.64–69.45]
2026-10-05 08:47:48   step 0/2502: loss=2.922130
2026-10-05 08:47:48   step 1/2502: loss=3.911572
2026-10-05 08:47:48   step 2/2502: loss=4.058143
2026-10-05 08:48:17   step 100/2502: loss=4.011564
2026-10-05 08:48:46   step 200/2502: loss=3.957212
2026-10-05 08:49:14   step 300/2502: loss=3.943457
2026-10-05 08:49:43   step 400/2502: loss=4.568531
2026-10-05 08:50:12   step 500/2502: loss=3.021459
2026-10-05 08:50:42   step 600/2502: loss=4.514106
2026-10-05 08:51:11   step 700/2502: loss=4.287302
2026-10-05 08:51:41   step 800/2502: loss=3.414525
2026-10-05 08:52:12   step 900/2502: loss=4.336798
2026-10-05 08:52:42   step 1000/2502: loss=4.560383
2026-10-05 08:53:10   step 1100/2502: loss=3.753990
2026-10-05 08:53:40   step 1200/2502: loss=4.221007
2026-10-05 08:54:09   step 1300/2502: loss=3.143608
2026-10-05 08:54:38   step 1400/2502: loss=3.840091
2026-10-05 08:55:07   step 1500/2502: loss=4.122785
2026-10-05 08:55:37   step 1600/2502: loss=4.512103
2026-10-05 08:56:07   step 1700/2502: loss=3.670365
2026-10-05 08:56:36   step 1800/2502: loss=3.233548
2026-10-05 08:57:04   step 1900/2502: loss=3.820222
2026-10-05 08:57:33   step 2000/2502: loss=3.660669
2026-10-05 08:58:02   step 2100/2502: loss=3.825925
2026-10-05 08:58:31   step 2200/2502: loss=4.528680
2026-10-05 08:59:01   step 2300/2502: loss=3.507901
2026-10-05 08:59:30   step 2400/2502: loss=4.269590
2026-10-05 08:59:59   step 2500/2502: loss=4.137295
2026-10-05 09:00:07 [pjrt_ffi] RESIDENT: @vitin_emadp128x4wxclipdropeps0000001bf16_fwd holds 200 parameter tensors (21.8 MB) on 4 devices; they stop crossing PCIe from here
2026-10-05 09:00:46 Epoch 198/300: loss=4.023697 lr=0.000141
2026-10-05 09:00:46   epoch 198: test_acc = 34549/50000 = 69.098000%  top5 = 44698/50000 = 89.396000%  [95% CI 68.69–69.50]
2026-10-05 09:00:47   step 0/2502: loss=3.195076
2026-10-05 09:00:47   step 1/2502: loss=4.556649
2026-10-05 09:00:47   step 2/2502: loss=3.668765
2026-10-05 09:01:15   step 100/2502: loss=4.443631
2026-10-05 09:01:44   step 200/2502: loss=4.649594
2026-10-05 09:02:12   step 300/2502: loss=4.428370
2026-10-05 09:02:41   step 400/2502: loss=4.591150
2026-10-05 09:03:09   step 500/2502: loss=3.962298
2026-10-05 09:03:39   step 600/2502: loss=3.771715
2026-10-05 09:04:09   step 700/2502: loss=4.110600
2026-10-05 09:04:38   step 800/2502: loss=4.596900
2026-10-05 09:05:08   step 900/2502: loss=4.201187
2026-10-05 09:05:38   step 1000/2502: loss=4.667950
2026-10-05 09:06:06   step 1100/2502: loss=4.082750
2026-10-05 09:06:36   step 1200/2502: loss=4.281269
2026-10-05 09:07:07   step 1300/2502: loss=3.896829
2026-10-05 09:07:36   step 1400/2502: loss=4.611704
2026-10-05 09:08:05   step 1500/2502: loss=4.082972
2026-10-05 09:08:34   step 1600/2502: loss=4.116147
2026-10-05 09:09:05   step 1700/2502: loss=4.347556
2026-10-05 09:09:34   step 1800/2502: loss=2.924540
2026-10-05 09:10:03   step 1900/2502: loss=3.238119
2026-10-05 09:10:32   step 2000/2502: loss=4.519940
2026-10-05 09:11:00   step 2100/2502: loss=3.754320
2026-10-05 09:11:29   step 2200/2502: loss=3.099455
2026-10-05 09:11:58   step 2300/2502: loss=3.510705
2026-10-05 09:12:27   step 2400/2502: loss=3.263302
2026-10-05 09:12:56   step 2500/2502: loss=4.045103
2026-10-05 09:13:04 [pjrt_ffi] RESIDENT: @vitin_emadp128x4wxclipdropeps0000001bf16_fwd holds 200 parameter tensors (21.8 MB) on 4 devices; they stop crossing PCIe from here
2026-10-05 09:13:47 Epoch 199/300: loss=4.011868 lr=0.000139
2026-10-05 09:13:47   epoch 199: test_acc = 34567/50000 = 69.134000%  top5 = 44702/50000 = 89.404000%  [95% CI 68.73–69.54]
2026-10-05 09:13:47   step 0/2502: loss=4.430927
2026-10-05 09:13:47   step 1/2502: loss=4.739845
2026-10-05 09:13:48   step 2/2502: loss=4.806198
2026-10-05 09:14:16   step 100/2502: loss=3.540839
2026-10-05 09:14:45   step 200/2502: loss=3.934825
2026-10-05 09:15:15   step 300/2502: loss=2.993091
2026-10-05 09:15:43   step 400/2502: loss=3.927617
2026-10-05 09:16:12   step 500/2502: loss=4.758913
2026-10-05 09:16:41   step 600/2502: loss=3.715050
2026-10-05 09:17:11   step 700/2502: loss=4.577296
2026-10-05 09:17:40   step 800/2502: loss=3.257114
2026-10-05 09:18:11   step 900/2502: loss=4.025973
2026-10-05 09:18:39   step 1000/2502: loss=2.679807
2026-10-05 09:19:09   step 1100/2502: loss=4.882974
2026-10-05 09:19:38   step 1200/2502: loss=4.273071
2026-10-05 09:20:08   step 1300/2502: loss=4.723910
2026-10-05 09:20:37   step 1400/2502: loss=3.879477
2026-10-05 09:21:07   step 1500/2502: loss=2.864634
2026-10-05 09:21:36   step 1600/2502: loss=4.232547
2026-10-05 09:22:04   step 1700/2502: loss=4.845348
2026-10-05 09:22:33   step 1800/2502: loss=4.239100
2026-10-05 09:23:03   step 1900/2502: loss=4.639169
2026-10-05 09:23:32   step 2000/2502: loss=4.434518
2026-10-05 09:24:01   step 2100/2502: loss=3.689442
2026-10-05 09:24:30   step 2200/2502: loss=4.575092
2026-10-05 09:24:59   step 2300/2502: loss=3.746456
2026-10-05 09:25:28   step 2400/2502: loss=4.343031
2026-10-05 09:25:57   step 2500/2502: loss=2.723140
2026-10-05 09:26:04 [pjrt_ffi] RESIDENT: @vitin_emadp128x4wxclipdropeps0000001bf16_fwd holds 200 parameter tensors (21.8 MB) on 4 devices; they stop crossing PCIe from here
2026-10-05 09:26:42 Epoch 200/300: loss=4.022042 lr=0.000136
2026-10-05 09:26:42   epoch 200: test_acc = 34577/50000 = 69.154000%  top5 = 44728/50000 = 89.456000%  [95% CI 68.75–69.56]
2026-10-05 09:26:46   ▸ shim respawn: producer 3 of 4 replaced after epoch 200 (generation 20, seed 84)
2026-10-05 09:26:46   step 0/2502: loss=4.218065
2026-10-05 09:26:47   step 1/2502: loss=3.717685
2026-10-05 09:26:47   step 2/2502: loss=4.511293
2026-10-05 09:27:18   step 100/2502: loss=5.041930
2026-10-05 09:27:47   step 200/2502: loss=4.428852
2026-10-05 09:28:16   step 300/2502: loss=3.910841
2026-10-05 09:28:45   step 400/2502: loss=4.071432
2026-10-05 09:29:14   step 500/2502: loss=3.931695
2026-10-05 09:29:43   step 600/2502: loss=4.584175
2026-10-05 09:30:12   step 700/2502: loss=4.843225
2026-10-05 09:30:42   step 800/2502: loss=4.367094
2026-10-05 09:31:11   step 900/2502: loss=4.513565
2026-10-05 09:31:41   step 1000/2502: loss=4.246923
2026-10-05 09:32:11   step 1100/2502: loss=3.265835
2026-10-05 09:32:40   step 1200/2502: loss=2.888491
2026-10-05 09:33:10   step 1300/2502: loss=4.499305
2026-10-05 09:33:38   step 1400/2502: loss=3.266479
2026-10-05 09:34:09   step 1500/2502: loss=4.633233
2026-10-05 09:34:37   step 1600/2502: loss=3.330939
2026-10-05 09:35:06   step 1700/2502: loss=3.337465
2026-10-05 09:35:35   step 1800/2502: loss=4.091413
2026-10-05 09:36:05   step 1900/2502: loss=2.836097
2026-10-05 09:36:34   step 2000/2502: loss=4.376041
2026-10-05 09:37:03   step 2100/2502: loss=3.657994
2026-10-05 09:37:32   step 2200/2502: loss=4.278151
2026-10-05 09:38:01   step 2300/2502: loss=4.725726
2026-10-05 09:38:30   step 2400/2502: loss=4.445761
2026-10-05 09:38:59   step 2500/2502: loss=3.298040
2026-10-05 09:39:06 [pjrt_ffi] RESIDENT: @vitin_emadp128x4wxclipdropeps0000001bf16_fwd holds 200 parameter tensors (21.8 MB) on 4 devices; they stop crossing PCIe from here
2026-10-05 09:39:44 Epoch 201/300: loss=4.015270 lr=0.000134
2026-10-05 09:39:44   epoch 201: test_acc = 34620/50000 = 69.240000%  top5 = 44738/50000 = 89.476000%  [95% CI 68.83–69.64]
2026-10-05 09:39:45   step 0/2502: loss=4.003701
2026-10-05 09:39:45   step 1/2502: loss=3.309479
2026-10-05 09:39:45   step 2/2502: loss=4.021603
2026-10-05 09:40:13   step 100/2502: loss=4.333869
2026-10-05 09:40:42   step 200/2502: loss=3.546626
2026-10-05 09:41:11   step 300/2502: loss=4.198527
2026-10-05 09:41:40   step 400/2502: loss=4.375147
2026-10-05 09:42:09   step 500/2502: loss=3.710154
2026-10-05 09:42:38   step 600/2502: loss=4.681533
2026-10-05 09:43:08   step 700/2502: loss=4.195689
2026-10-05 09:43:37   step 800/2502: loss=3.651328
2026-10-05 09:44:07   step 900/2502: loss=4.238225
2026-10-05 09:44:37   step 1000/2502: loss=3.247896
2026-10-05 09:45:06   step 1100/2502: loss=4.212738
2026-10-05 09:45:37   step 1200/2502: loss=3.043408
2026-10-05 09:46:06   step 1300/2502: loss=4.245250
2026-10-05 09:46:36   step 1400/2502: loss=3.016718
2026-10-05 09:47:05   step 1500/2502: loss=4.236193
2026-10-05 09:47:34   step 1600/2502: loss=4.638561
2026-10-05 09:48:04   step 1700/2502: loss=4.158923
2026-10-05 09:48:33   step 1800/2502: loss=4.734514
2026-10-05 09:49:02   step 1900/2502: loss=4.482938
2026-10-05 09:49:30   step 2000/2502: loss=3.944517
2026-10-05 09:49:59   step 2100/2502: loss=4.513623
2026-10-05 09:50:30   step 2200/2502: loss=2.793585
2026-10-05 09:50:59   step 2300/2502: loss=3.982039
2026-10-05 09:51:29   step 2400/2502: loss=4.588271
2026-10-05 09:51:58   step 2500/2502: loss=3.523290
2026-10-05 09:52:05 [pjrt_ffi] RESIDENT: @vitin_emadp128x4wxclipdropeps0000001bf16_fwd holds 200 parameter tensors (21.8 MB) on 4 devices; they stop crossing PCIe from here
2026-10-05 09:52:47 Epoch 202/300: loss=3.996070 lr=0.000132
2026-10-05 09:52:47   epoch 202: test_acc = 34621/50000 = 69.242000%  top5 = 44763/50000 = 89.526000%  [95% CI 68.84–69.65]
2026-10-05 09:52:47   step 0/2502: loss=2.858722
2026-10-05 09:52:47   step 1/2502: loss=4.359349
2026-10-05 09:52:47   step 2/2502: loss=4.604575
2026-10-05 09:53:16   step 100/2502: loss=4.594872
2026-10-05 09:53:45   step 200/2502: loss=4.759017
2026-10-05 09:54:14   step 300/2502: loss=4.495338
2026-10-05 09:54:43   step 400/2502: loss=4.777346
2026-10-05 09:55:12   step 500/2502: loss=4.436354
2026-10-05 09:55:41   step 600/2502: loss=2.520246
2026-10-05 09:56:11   step 700/2502: loss=3.239982
2026-10-05 09:56:40   step 800/2502: loss=3.026793
2026-10-05 09:57:12   step 900/2502: loss=4.248987
2026-10-05 09:57:41   step 1000/2502: loss=4.821524
2026-10-05 09:58:10   step 1100/2502: loss=4.496921
2026-10-05 09:58:39   step 1200/2502: loss=3.360439
2026-10-05 09:59:08   step 1300/2502: loss=4.178427
2026-10-05 09:59:38   step 1400/2502: loss=4.254881
2026-10-05 10:00:07   step 1500/2502: loss=3.831198
2026-10-05 10:00:37   step 1600/2502: loss=3.352798
2026-10-05 10:01:06   step 1700/2502: loss=4.136417
2026-10-05 10:01:35   step 1800/2502: loss=4.080189
2026-10-05 10:02:05   step 1900/2502: loss=2.692805
2026-10-05 10:02:34   step 2000/2502: loss=4.645453
2026-10-05 10:03:03   step 2100/2502: loss=3.693120
2026-10-05 10:03:31   step 2200/2502: loss=3.336397
2026-10-05 10:04:00   step 2300/2502: loss=3.800661
2026-10-05 10:04:29   step 2400/2502: loss=4.964155
2026-10-05 10:04:59   step 2500/2502: loss=4.219900
2026-10-05 10:05:06 [pjrt_ffi] RESIDENT: @vitin_emadp128x4wxclipdropeps0000001bf16_fwd holds 200 parameter tensors (21.8 MB) on 4 devices; they stop crossing PCIe from here
2026-10-05 10:05:45 Epoch 203/300: loss=4.024269 lr=0.000130
2026-10-05 10:05:45   epoch 203: test_acc = 34637/50000 = 69.274000%  top5 = 44768/50000 = 89.536000%  [95% CI 68.87–69.68]
2026-10-05 10:05:45   step 0/2502: loss=4.389547
2026-10-05 10:05:45   step 1/2502: loss=3.003611
2026-10-05 10:05:46   step 2/2502: loss=3.140785
2026-10-05 10:06:14   step 100/2502: loss=4.265158
2026-10-05 10:06:43   step 200/2502: loss=4.299204
2026-10-05 10:07:12   step 300/2502: loss=4.545422
2026-10-05 10:07:41   step 400/2502: loss=3.659329
2026-10-05 10:08:09   step 500/2502: loss=3.957232
2026-10-05 10:08:38   step 600/2502: loss=3.438552
2026-10-05 10:09:08   step 700/2502: loss=4.787142
2026-10-05 10:09:37   step 800/2502: loss=4.325719
2026-10-05 10:10:07   step 900/2502: loss=4.618522
2026-10-05 10:10:37   step 1000/2502: loss=4.150484
2026-10-05 10:11:08   step 1100/2502: loss=4.562560
2026-10-05 10:11:38   step 1200/2502: loss=4.347321
2026-10-05 10:12:07   step 1300/2502: loss=4.718102
2026-10-05 10:12:36   step 1400/2502: loss=4.408199
2026-10-05 10:13:04   step 1500/2502: loss=4.373395
2026-10-05 10:13:33   step 1600/2502: loss=3.199311
2026-10-05 10:14:03   step 1700/2502: loss=2.868584
2026-10-05 10:14:31   step 1800/2502: loss=4.104964
2026-10-05 10:15:00   step 1900/2502: loss=2.944490
2026-10-05 10:15:30   step 2000/2502: loss=4.389799
2026-10-05 10:15:58   step 2100/2502: loss=4.615082
2026-10-05 10:16:27   step 2200/2502: loss=4.030542
2026-10-05 10:16:57   step 2300/2502: loss=4.793558
2026-10-05 10:17:26   step 2400/2502: loss=4.049050
2026-10-05 10:17:55   step 2500/2502: loss=3.415183
2026-10-05 10:18:02 [pjrt_ffi] RESIDENT: @vitin_emadp128x4wxclipdropeps0000001bf16_fwd holds 200 parameter tensors (21.8 MB) on 4 devices; they stop crossing PCIe from here
2026-10-05 10:18:41 Epoch 204/300: loss=4.003503 lr=0.000127
2026-10-05 10:18:41   epoch 204: test_acc = 34655/50000 = 69.310000%  top5 = 44788/50000 = 89.576000%  [95% CI 68.90–69.71]
2026-10-05 10:18:41   step 0/2502: loss=3.421473
2026-10-05 10:18:42   step 1/2502: loss=4.089245
2026-10-05 10:18:42   step 2/2502: loss=4.214828
2026-10-05 10:19:10   step 100/2502: loss=3.657843
2026-10-05 10:19:39   step 200/2502: loss=4.488883
2026-10-05 10:20:08   step 300/2502: loss=4.642703
2026-10-05 10:20:37   step 400/2502: loss=3.746833
2026-10-05 10:21:06   step 500/2502: loss=4.650520
2026-10-05 10:21:35   step 600/2502: loss=4.229109
2026-10-05 10:22:05   step 700/2502: loss=3.774380
2026-10-05 10:22:35   step 800/2502: loss=3.986495
2026-10-05 10:23:05   step 900/2502: loss=4.211051
2026-10-05 10:23:34   step 1000/2502: loss=4.547705
2026-10-05 10:24:04   step 1100/2502: loss=4.772487
2026-10-05 10:24:32   step 1200/2502: loss=4.320017
2026-10-05 10:25:04   step 1300/2502: loss=3.746707
2026-10-05 10:25:34   step 1400/2502: loss=4.344454
2026-10-05 10:26:03   step 1500/2502: loss=3.748880
2026-10-05 10:26:31   step 1600/2502: loss=4.315742
2026-10-05 10:27:00   step 1700/2502: loss=4.341889
2026-10-05 10:27:30   step 1800/2502: loss=4.457214
2026-10-05 10:27:59   step 1900/2502: loss=3.624848
2026-10-05 10:28:28   step 2000/2502: loss=3.788549
2026-10-05 10:28:58   step 2100/2502: loss=4.746462
2026-10-05 10:29:27   step 2200/2502: loss=4.273701
2026-10-05 10:29:56   step 2300/2502: loss=3.298160
2026-10-05 10:30:24   step 2400/2502: loss=3.146215
2026-10-05 10:30:53   step 2500/2502: loss=4.252447
2026-10-05 10:31:00 [pjrt_ffi] RESIDENT: @vitin_emadp128x4wxclipdropeps0000001bf16_fwd holds 200 parameter tensors (21.8 MB) on 4 devices; they stop crossing PCIe from here
2026-10-05 10:31:38 Epoch 205/300: loss=3.999404 lr=0.000125
2026-10-05 10:31:38   epoch 205: test_acc = 34651/50000 = 69.302000%  top5 = 44796/50000 = 89.592000%  [95% CI 68.90–69.70]
2026-10-05 10:31:38   step 0/2502: loss=4.429565
2026-10-05 10:31:38   step 1/2502: loss=3.899575
2026-10-05 10:31:38   step 2/2502: loss=4.414733
2026-10-05 10:32:07   step 100/2502: loss=3.909508
2026-10-05 10:32:35   step 200/2502: loss=4.271245
2026-10-05 10:33:04   step 300/2502: loss=4.296604
2026-10-05 10:33:33   step 400/2502: loss=4.201430
2026-10-05 10:34:02   step 500/2502: loss=3.897733
2026-10-05 10:34:31   step 600/2502: loss=3.758646
2026-10-05 10:35:04   step 700/2502: loss=4.271635
2026-10-05 10:35:33   step 800/2502: loss=4.720540
2026-10-05 10:36:02   step 900/2502: loss=4.127058
2026-10-05 10:36:32   step 1000/2502: loss=4.576534
2026-10-05 10:37:02   step 1100/2502: loss=4.392020
2026-10-05 10:37:32   step 1200/2502: loss=3.793898
2026-10-05 10:38:00   step 1300/2502: loss=4.139757
2026-10-05 10:38:29   step 1400/2502: loss=3.579965
2026-10-05 10:38:59   step 1500/2502: loss=3.115501
2026-10-05 10:39:28   step 1600/2502: loss=3.729729
2026-10-05 10:39:57   step 1700/2502: loss=4.368012
2026-10-05 10:40:27   step 1800/2502: loss=4.186837
2026-10-05 10:40:56   step 1900/2502: loss=4.085284
2026-10-05 10:41:25   step 2000/2502: loss=4.519356
2026-10-05 10:41:54   step 2100/2502: loss=4.183161
2026-10-05 10:42:23   step 2200/2502: loss=4.639790
2026-10-05 10:42:53   step 2300/2502: loss=3.305664
2026-10-05 10:43:22   step 2400/2502: loss=4.529958
2026-10-05 10:43:51   step 2500/2502: loss=4.466303
2026-10-05 10:43:58 [pjrt_ffi] RESIDENT: @vitin_emadp128x4wxclipdropeps0000001bf16_fwd holds 200 parameter tensors (21.8 MB) on 4 devices; they stop crossing PCIe from here
2026-10-05 10:44:37 Epoch 206/300: loss=3.988409 lr=0.000123
2026-10-05 10:44:37   epoch 206: test_acc = 34701/50000 = 69.402000%  top5 = 44819/50000 = 89.638000%  [95% CI 69.00–69.80]
2026-10-05 10:44:37   step 0/2502: loss=4.024928
2026-10-05 10:44:37   step 1/2502: loss=3.279643
2026-10-05 10:44:37   step 2/2502: loss=3.932514
2026-10-05 10:45:06   step 100/2502: loss=4.228814
2026-10-05 10:45:35   step 200/2502: loss=4.446269
2026-10-05 10:46:04   step 300/2502: loss=4.229202
2026-10-05 10:46:32   step 400/2502: loss=4.247830
2026-10-05 10:47:01   step 500/2502: loss=3.880361
2026-10-05 10:47:30   step 600/2502: loss=3.483938
2026-10-05 10:48:01   step 700/2502: loss=4.146867
2026-10-05 10:48:30   step 800/2502: loss=2.699962
2026-10-05 10:49:01   step 900/2502: loss=3.208641
2026-10-05 10:49:30   step 1000/2502: loss=4.330655
2026-10-05 10:49:59   step 1100/2502: loss=4.442873
2026-10-05 10:50:29   step 1200/2502: loss=3.210127
2026-10-05 10:50:58   step 1300/2502: loss=4.245435
2026-10-05 10:51:28   step 1400/2502: loss=4.166021
2026-10-05 10:51:56   step 1500/2502: loss=4.332021
2026-10-05 10:52:25   step 1600/2502: loss=4.533285
2026-10-05 10:52:54   step 1700/2502: loss=4.426535
2026-10-05 10:53:24   step 1800/2502: loss=3.128167
2026-10-05 10:53:54   step 1900/2502: loss=4.237339
2026-10-05 10:54:23   step 2000/2502: loss=4.510541
2026-10-05 10:54:51   step 2100/2502: loss=4.323339
2026-10-05 10:55:20   step 2200/2502: loss=4.855325
2026-10-05 10:55:49   step 2300/2502: loss=4.398030
2026-10-05 10:56:17   step 2400/2502: loss=4.482437
2026-10-05 10:56:47   step 2500/2502: loss=4.430583
2026-10-05 10:56:55 [pjrt_ffi] RESIDENT: @vitin_emadp128x4wxclipdropeps0000001bf16_fwd holds 200 parameter tensors (21.8 MB) on 4 devices; they stop crossing PCIe from here
2026-10-05 10:57:34 Epoch 207/300: loss=3.980004 lr=0.000121
2026-10-05 10:57:34   epoch 207: test_acc = 34740/50000 = 69.480000%  top5 = 44835/50000 = 89.670000%  [95% CI 69.07–69.88]
2026-10-05 10:57:34   step 0/2502: loss=4.302051
2026-10-05 10:57:34   step 1/2502: loss=4.388340
2026-10-05 10:57:34   step 2/2502: loss=3.117313
2026-10-05 10:58:03   step 100/2502: loss=2.911781
2026-10-05 10:58:31   step 200/2502: loss=4.431746
2026-10-05 10:59:00   step 300/2502: loss=4.213291
2026-10-05 10:59:30   step 400/2502: loss=4.540814
2026-10-05 10:59:58   step 500/2502: loss=4.348547
2026-10-05 11:00:27   step 600/2502: loss=3.165238
2026-10-05 11:00:56   step 700/2502: loss=4.661468
2026-10-05 11:01:25   step 800/2502: loss=3.819091
2026-10-05 11:01:56   step 900/2502: loss=3.951203
2026-10-05 11:02:25   step 1000/2502: loss=4.403990
2026-10-05 11:02:54   step 1100/2502: loss=3.817081
2026-10-05 11:03:24   step 1200/2502: loss=4.397019
2026-10-05 11:03:54   step 1300/2502: loss=3.584360
2026-10-05 11:04:24   step 1400/2502: loss=4.415493
2026-10-05 11:04:53   step 1500/2502: loss=4.748734
2026-10-05 11:05:23   step 1600/2502: loss=3.887412
2026-10-05 11:05:54   step 1700/2502: loss=3.546409
2026-10-05 11:06:22   step 1800/2502: loss=4.147035
2026-10-05 11:06:51   step 1900/2502: loss=3.374988
2026-10-05 11:07:20   step 2000/2502: loss=4.462923
2026-10-05 11:07:49   step 2100/2502: loss=3.684457
2026-10-05 11:08:17   step 2200/2502: loss=4.329162
2026-10-05 11:08:46   step 2300/2502: loss=4.117412
2026-10-05 11:09:15   step 2400/2502: loss=4.274422
2026-10-05 11:09:45   step 2500/2502: loss=2.715461
2026-10-05 11:09:52 [pjrt_ffi] RESIDENT: @vitin_emadp128x4wxclipdropeps0000001bf16_fwd holds 200 parameter tensors (21.8 MB) on 4 devices; they stop crossing PCIe from here
2026-10-05 11:10:31 Epoch 208/300: loss=4.012096 lr=0.000118
2026-10-05 11:10:31   epoch 208: test_acc = 34766/50000 = 69.532000%  top5 = 44835/50000 = 89.670000%  [95% CI 69.13–69.93]
2026-10-05 11:10:32   step 0/2502: loss=4.215866
2026-10-05 11:10:32   step 1/2502: loss=4.162659
2026-10-05 11:10:32   step 2/2502: loss=4.130129
2026-10-05 11:11:00   step 100/2502: loss=4.460723
2026-10-05 11:11:29   step 200/2502: loss=3.756326
2026-10-05 11:11:58   step 300/2502: loss=4.559019
2026-10-05 11:12:26   step 400/2502: loss=4.035147
2026-10-05 11:12:55   step 500/2502: loss=4.592586
2026-10-05 11:13:24   step 600/2502: loss=4.212204
2026-10-05 11:13:54   step 700/2502: loss=4.598700
2026-10-05 11:14:24   step 800/2502: loss=3.986974
2026-10-05 11:14:56   step 900/2502: loss=3.623210
2026-10-05 11:15:26   step 1000/2502: loss=3.925334
2026-10-05 11:15:54   step 1100/2502: loss=3.466334
2026-10-05 11:16:23   step 1200/2502: loss=4.435908
2026-10-05 11:16:52   step 1300/2502: loss=4.646899
2026-10-05 11:17:22   step 1400/2502: loss=4.301740
2026-10-05 11:17:50   step 1500/2502: loss=4.811019
2026-10-05 11:18:19   step 1600/2502: loss=4.210281
2026-10-05 11:18:49   step 1700/2502: loss=3.580929
2026-10-05 11:19:19   step 1800/2502: loss=4.400354
2026-10-05 11:19:47   step 1900/2502: loss=4.381482
2026-10-05 11:20:16   step 2000/2502: loss=3.579662
2026-10-05 11:20:45   step 2100/2502: loss=4.603168
2026-10-05 11:21:14   step 2200/2502: loss=3.492920
2026-10-05 11:21:45   step 2300/2502: loss=3.710451
2026-10-05 11:22:14   step 2400/2502: loss=3.982367
2026-10-05 11:22:43   step 2500/2502: loss=2.581610
2026-10-05 11:22:50 [pjrt_ffi] RESIDENT: @vitin_emadp128x4wxclipdropeps0000001bf16_fwd holds 200 parameter tensors (21.8 MB) on 4 devices; they stop crossing PCIe from here
2026-10-05 11:23:28 Epoch 209/300: loss=3.992593 lr=0.000116
2026-10-05 11:23:28   epoch 209: test_acc = 34783/50000 = 69.566000%  top5 = 44820/50000 = 89.640000%  [95% CI 69.16–69.97]
2026-10-05 11:23:28   step 0/2502: loss=4.658574
2026-10-05 11:23:28   step 1/2502: loss=4.098479
2026-10-05 11:23:28   step 2/2502: loss=3.305968
2026-10-05 11:23:56   step 100/2502: loss=3.524060
2026-10-05 11:24:25   step 200/2502: loss=4.557253
2026-10-05 11:24:54   step 300/2502: loss=3.766271
2026-10-05 11:25:23   step 400/2502: loss=2.981832
2026-10-05 11:25:52   step 500/2502: loss=4.367519
2026-10-05 11:26:21   step 600/2502: loss=4.646779
2026-10-05 11:26:52   step 700/2502: loss=4.499962
2026-10-05 11:27:21   step 800/2502: loss=4.207588
2026-10-05 11:27:51   step 900/2502: loss=4.444234
2026-10-05 11:28:22   step 1000/2502: loss=3.042744
2026-10-05 11:28:51   step 1100/2502: loss=4.318884
2026-10-05 11:29:20   step 1200/2502: loss=2.896694
2026-10-05 11:29:49   step 1300/2502: loss=3.843821
2026-10-05 11:30:18   step 1400/2502: loss=4.693310
2026-10-05 11:30:47   step 1500/2502: loss=4.804258
2026-10-05 11:31:17   step 1600/2502: loss=2.935834
2026-10-05 11:31:46   step 1700/2502: loss=4.414464
2026-10-05 11:32:15   step 1800/2502: loss=3.491774
2026-10-05 11:32:43   step 1900/2502: loss=3.176371
2026-10-05 11:33:12   step 2000/2502: loss=2.684604
2026-10-05 11:33:42   step 2100/2502: loss=2.899579
2026-10-05 11:34:10   step 2200/2502: loss=4.191837
2026-10-05 11:34:39   step 2300/2502: loss=4.665808
2026-10-05 11:35:08   step 2400/2502: loss=4.582281
2026-10-05 11:35:37   step 2500/2502: loss=4.370564
2026-10-05 11:35:45 [pjrt_ffi] RESIDENT: @vitin_emadp128x4wxclipdropeps0000001bf16_fwd holds 200 parameter tensors (21.8 MB) on 4 devices; they stop crossing PCIe from here
2026-10-05 11:36:25 Epoch 210/300: loss=3.977934 lr=0.000114
2026-10-05 11:36:25   epoch 210: test_acc = 34791/50000 = 69.582000%  top5 = 44841/50000 = 89.682000%  [95% CI 69.18–69.98]
2026-10-05 11:36:29   ▸ shim respawn: producer 0 of 4 replaced after epoch 210 (generation 21, seed 85)
2026-10-05 11:36:32   step 0/2502: loss=3.259315
2026-10-05 11:36:32   step 1/2502: loss=4.348170
2026-10-05 11:36:32   step 2/2502: loss=2.819790
2026-10-05 11:37:00   step 100/2502: loss=3.985775
2026-10-05 11:37:29   step 200/2502: loss=4.428688
2026-10-05 11:37:58   step 300/2502: loss=4.075254
2026-10-05 11:38:27   step 400/2502: loss=4.882032
2026-10-05 11:38:56   step 500/2502: loss=4.521822
2026-10-05 11:39:25   step 600/2502: loss=3.237148
2026-10-05 11:39:54   step 700/2502: loss=4.449178
2026-10-05 11:40:25   step 800/2502: loss=4.192095
2026-10-05 11:40:54   step 900/2502: loss=4.043980
2026-10-05 11:41:23   step 1000/2502: loss=4.583353
2026-10-05 11:41:54   step 1100/2502: loss=4.366394
2026-10-05 11:42:22   step 1200/2502: loss=4.499420
2026-10-05 11:42:52   step 1300/2502: loss=4.442006
2026-10-05 11:43:22   step 1400/2502: loss=3.064392
2026-10-05 11:43:51   step 1500/2502: loss=4.310264
2026-10-05 11:44:20   step 1600/2502: loss=3.899416
2026-10-05 11:44:49   step 1700/2502: loss=4.300612
2026-10-05 11:45:18   step 1800/2502: loss=4.859608
2026-10-05 11:45:47   step 1900/2502: loss=3.773222
2026-10-05 11:46:17   step 2000/2502: loss=3.083670
2026-10-05 11:46:46   step 2100/2502: loss=4.143199
2026-10-05 11:47:15   step 2200/2502: loss=4.635358
2026-10-05 11:47:44   step 2300/2502: loss=4.206972
2026-10-05 11:48:12   step 2400/2502: loss=4.330703
2026-10-05 11:48:42   step 2500/2502: loss=2.988033
2026-10-05 11:48:49 [pjrt_ffi] RESIDENT: @vitin_emadp128x4wxclipdropeps0000001bf16_fwd holds 200 parameter tensors (21.8 MB) on 4 devices; they stop crossing PCIe from here
2026-10-05 11:49:26 Epoch 211/300: loss=3.965164 lr=0.000112
2026-10-05 11:49:26   epoch 211: test_acc = 34822/50000 = 69.644000%  top5 = 44858/50000 = 89.716000%  [95% CI 69.24–70.05]
2026-10-05 11:49:26   step 0/2502: loss=3.357054
2026-10-05 11:49:26   step 1/2502: loss=3.139079
2026-10-05 11:49:26   step 2/2502: loss=3.498110
2026-10-05 11:49:55   step 100/2502: loss=4.775858
2026-10-05 11:50:23   step 200/2502: loss=4.302186
2026-10-05 11:50:52   step 300/2502: loss=4.007251
2026-10-05 11:51:21   step 400/2502: loss=4.250269
2026-10-05 11:51:50   step 500/2502: loss=3.287635
2026-10-05 11:52:21   step 600/2502: loss=4.370544
2026-10-05 11:52:51   step 700/2502: loss=3.316408
2026-10-05 11:53:20   step 800/2502: loss=4.087766
2026-10-05 11:53:49   step 900/2502: loss=2.803368
2026-10-05 11:54:19   step 1000/2502: loss=4.396697
2026-10-05 11:54:49   step 1100/2502: loss=4.668243
2026-10-05 11:55:17   step 1200/2502: loss=3.651618
2026-10-05 11:55:47   step 1300/2502: loss=4.296850
2026-10-05 11:56:16   step 1400/2502: loss=2.747598
2026-10-05 11:56:47   step 1500/2502: loss=2.925390
2026-10-05 11:57:16   step 1600/2502: loss=4.401980
2026-10-05 11:57:45   step 1700/2502: loss=3.739870
2026-10-05 11:58:14   step 1800/2502: loss=3.490986
2026-10-05 11:58:43   step 1900/2502: loss=4.359465
2026-10-05 11:59:13   step 2000/2502: loss=4.145081
2026-10-05 11:59:42   step 2100/2502: loss=4.563023
2026-10-05 12:00:11   step 2200/2502: loss=3.888523
2026-10-05 12:00:40   step 2300/2502: loss=3.820199
2026-10-05 12:01:09   step 2400/2502: loss=3.868267
2026-10-05 12:01:38   step 2500/2502: loss=3.749565
2026-10-05 12:01:45 [pjrt_ffi] RESIDENT: @vitin_emadp128x4wxclipdropeps0000001bf16_fwd holds 200 parameter tensors (21.8 MB) on 4 devices; they stop crossing PCIe from here
2026-10-05 12:02:22 Epoch 212/300: loss=3.973063 lr=0.000110
2026-10-05 12:02:22   epoch 212: test_acc = 34855/50000 = 69.710000%  top5 = 44872/50000 = 89.744000%  [95% CI 69.31–70.11]
2026-10-05 12:02:22   step 0/2502: loss=3.377547
2026-10-05 12:02:22   step 1/2502: loss=4.624914
2026-10-05 12:02:22   step 2/2502: loss=3.873561
2026-10-05 12:02:51   step 100/2502: loss=3.544298
2026-10-05 12:03:20   step 200/2502: loss=4.324859
2026-10-05 12:03:48   step 300/2502: loss=4.196343
2026-10-05 12:04:17   step 400/2502: loss=3.234828
2026-10-05 12:04:46   step 500/2502: loss=4.041867
2026-10-05 12:05:15   step 600/2502: loss=3.725657
2026-10-05 12:05:46   step 700/2502: loss=4.772821
2026-10-05 12:06:15   step 800/2502: loss=3.055558
2026-10-05 12:06:46   step 900/2502: loss=3.030900
2026-10-05 12:07:17   step 1000/2502: loss=4.399162
2026-10-05 12:07:45   step 1100/2502: loss=4.716696
2026-10-05 12:08:14   step 1200/2502: loss=4.181837
2026-10-05 12:08:44   step 1300/2502: loss=4.689087
2026-10-05 12:09:12   step 1400/2502: loss=4.213567
2026-10-05 12:09:41   step 1500/2502: loss=4.740912
2026-10-05 12:10:10   step 1600/2502: loss=4.296163
2026-10-05 12:10:42   step 1700/2502: loss=4.568706
2026-10-05 12:11:10   step 1800/2502: loss=4.337714
2026-10-05 12:11:39   step 1900/2502: loss=3.324016
2026-10-05 12:12:08   step 2000/2502: loss=4.499897
2026-10-05 12:12:37   step 2100/2502: loss=3.971093
2026-10-05 12:13:06   step 2200/2502: loss=4.378322
2026-10-05 12:13:35   step 2300/2502: loss=2.697954
2026-10-05 12:14:04   step 2400/2502: loss=4.435540
2026-10-05 12:14:34   step 2500/2502: loss=3.536498
2026-10-05 12:14:40 [pjrt_ffi] RESIDENT: @vitin_emadp128x4wxclipdropeps0000001bf16_fwd holds 200 parameter tensors (21.8 MB) on 4 devices; they stop crossing PCIe from here
2026-10-05 12:15:13 Epoch 213/300: loss=3.949237 lr=0.000108
2026-10-05 12:15:13   epoch 213: test_acc = 34870/50000 = 69.740000%  top5 = 44878/50000 = 89.756000%  [95% CI 69.34–70.14]
2026-10-05 12:15:13   step 0/2502: loss=4.597013
2026-10-05 12:15:13   step 1/2502: loss=4.287841
2026-10-05 12:15:14   step 2/2502: loss=3.951005
2026-10-05 12:15:42   step 100/2502: loss=3.281796
2026-10-05 12:16:11   step 200/2502: loss=4.548573
2026-10-05 12:16:40   step 300/2502: loss=2.995824
2026-10-05 12:17:09   step 400/2502: loss=3.604185
2026-10-05 12:17:38   step 500/2502: loss=4.320714
2026-10-05 12:18:08   step 600/2502: loss=3.061520
2026-10-05 12:18:38   step 700/2502: loss=4.091203
2026-10-05 12:19:08   step 800/2502: loss=3.837787
2026-10-05 12:19:37   step 900/2502: loss=4.462106
2026-10-05 12:20:08   step 1000/2502: loss=3.989225
2026-10-05 12:20:37   step 1100/2502: loss=4.389858
2026-10-05 12:21:08   step 1200/2502: loss=4.451262
2026-10-05 12:21:36   step 1300/2502: loss=4.394784
2026-10-05 12:22:06   step 1400/2502: loss=3.124264
2026-10-05 12:22:35   step 1500/2502: loss=4.336846
2026-10-05 12:23:05   step 1600/2502: loss=3.765697
2026-10-05 12:23:34   step 1700/2502: loss=4.294372
2026-10-05 12:24:03   step 1800/2502: loss=3.243701
2026-10-05 12:24:32   step 1900/2502: loss=3.770427
2026-10-05 12:25:00   step 2000/2502: loss=3.276455
2026-10-05 12:25:30   step 2100/2502: loss=3.484350
2026-10-05 12:25:58   step 2200/2502: loss=2.907838
2026-10-05 12:26:28   step 2300/2502: loss=4.295772
2026-10-05 12:26:57   step 2400/2502: loss=4.111976
2026-10-05 12:27:26   step 2500/2502: loss=4.357300
2026-10-05 12:27:32 [pjrt_ffi] RESIDENT: @vitin_emadp128x4wxclipdropeps0000001bf16_fwd holds 200 parameter tensors (21.8 MB) on 4 devices; they stop crossing PCIe from here
2026-10-05 12:28:08 Epoch 214/300: loss=3.951312 lr=0.000106
2026-10-05 12:28:08   epoch 214: test_acc = 34892/50000 = 69.784000%  top5 = 44895/50000 = 89.790000%  [95% CI 69.38–70.18]
2026-10-05 12:28:08   step 0/2502: loss=3.678033
2026-10-05 12:28:08   step 1/2502: loss=3.155497
2026-10-05 12:28:08   step 2/2502: loss=4.755963
2026-10-05 12:28:37   step 100/2502: loss=4.299602
2026-10-05 12:29:06   step 200/2502: loss=4.633242
2026-10-05 12:29:34   step 300/2502: loss=4.330025
2026-10-05 12:30:03   step 400/2502: loss=4.522920
2026-10-05 12:30:33   step 500/2502: loss=4.599680
2026-10-05 12:31:02   step 600/2502: loss=2.897985
2026-10-05 12:31:32   step 700/2502: loss=4.334052
2026-10-05 12:32:02   step 800/2502: loss=4.327347
2026-10-05 12:32:30   step 900/2502: loss=4.351325
2026-10-05 12:32:59   step 1000/2502: loss=3.267879
2026-10-05 12:33:28   step 1100/2502: loss=3.518431
2026-10-05 12:33:58   step 1200/2502: loss=2.761350
2026-10-05 12:34:28   step 1300/2502: loss=4.376393
2026-10-05 12:34:57   step 1400/2502: loss=4.364131
2026-10-05 12:35:25   step 1500/2502: loss=4.313463
2026-10-05 12:35:54   step 1600/2502: loss=4.701469
2026-10-05 12:36:25   step 1700/2502: loss=2.786141
2026-10-05 12:36:54   step 1800/2502: loss=4.025568
2026-10-05 12:37:22   step 1900/2502: loss=4.430837
2026-10-05 12:37:51   step 2000/2502: loss=4.034438
2026-10-05 12:38:20   step 2100/2502: loss=4.097239
2026-10-05 12:38:49   step 2200/2502: loss=4.036991
2026-10-05 12:39:18   step 2300/2502: loss=4.273956
2026-10-05 12:39:48   step 2400/2502: loss=4.017615
2026-10-05 12:40:18   step 2500/2502: loss=4.139505
2026-10-05 12:40:24 [pjrt_ffi] RESIDENT: @vitin_emadp128x4wxclipdropeps0000001bf16_fwd holds 200 parameter tensors (21.8 MB) on 4 devices; they stop crossing PCIe from here
2026-10-05 12:41:02 Epoch 215/300: loss=3.952991 lr=0.000104
2026-10-05 12:41:02   epoch 215: test_acc = 34903/50000 = 69.806000%  top5 = 44911/50000 = 89.822000%  [95% CI 69.40–70.21]
2026-10-05 12:41:02   step 0/2502: loss=3.965390
2026-10-05 12:41:03   step 1/2502: loss=4.528452
2026-10-05 12:41:03   step 2/2502: loss=2.710383
2026-10-05 12:41:31   step 100/2502: loss=4.801252
2026-10-05 12:42:00   step 200/2502: loss=3.356944
2026-10-05 12:42:29   step 300/2502: loss=3.222174
2026-10-05 12:42:57   step 400/2502: loss=3.863981
2026-10-05 12:43:26   step 500/2502: loss=3.178244
2026-10-05 12:43:55   step 600/2502: loss=4.384035
2026-10-05 12:44:26   step 700/2502: loss=3.803273
2026-10-05 12:44:57   step 800/2502: loss=3.084926
2026-10-05 12:45:25   step 900/2502: loss=3.347834
2026-10-05 12:45:54   step 1000/2502: loss=2.958706
2026-10-05 12:46:24   step 1100/2502: loss=3.908343
2026-10-05 12:46:55   step 1200/2502: loss=4.354780
2026-10-05 12:47:25   step 1300/2502: loss=3.136253
2026-10-05 12:47:54   step 1400/2502: loss=3.711440
2026-10-05 12:48:23   step 1500/2502: loss=4.375548
2026-10-05 12:48:52   step 1600/2502: loss=4.322735
2026-10-05 12:49:20   step 1700/2502: loss=3.684328
2026-10-05 12:49:51   step 1800/2502: loss=3.227374
2026-10-05 12:50:20   step 1900/2502: loss=3.012034
2026-10-05 12:50:49   step 2000/2502: loss=4.338938
2026-10-05 12:51:17   step 2100/2502: loss=4.484567
2026-10-05 12:51:45   step 2200/2502: loss=4.109207
2026-10-05 12:52:15   step 2300/2502: loss=2.726730
2026-10-05 12:52:44   step 2400/2502: loss=3.030847
2026-10-05 12:53:15   step 2500/2502: loss=3.209320
2026-10-05 12:53:21 [pjrt_ffi] RESIDENT: @vitin_emadp128x4wxclipdropeps0000001bf16_fwd holds 200 parameter tensors (21.8 MB) on 4 devices; they stop crossing PCIe from here
2026-10-05 12:53:54 Epoch 216/300: loss=3.963131 lr=0.000102
2026-10-05 12:53:54   epoch 216: test_acc = 34939/50000 = 69.878000%  top5 = 44914/50000 = 89.828000%  [95% CI 69.47–70.28]
2026-10-05 12:53:55   step 0/2502: loss=3.389416
2026-10-05 12:53:55   step 1/2502: loss=4.678606
2026-10-05 12:53:55   step 2/2502: loss=4.100395
2026-10-05 12:54:23   step 100/2502: loss=4.566446
2026-10-05 12:54:52   step 200/2502: loss=3.805924
2026-10-05 12:55:21   step 300/2502: loss=3.108854
2026-10-05 12:55:49   step 400/2502: loss=3.634021
2026-10-05 12:56:19   step 500/2502: loss=3.530872
2026-10-05 12:56:48   step 600/2502: loss=4.591702
2026-10-05 12:57:18   step 700/2502: loss=3.804780
2026-10-05 12:57:48   step 800/2502: loss=3.204049
2026-10-05 12:58:17   step 900/2502: loss=4.381757
2026-10-05 12:58:47   step 1000/2502: loss=4.396102
2026-10-05 12:59:17   step 1100/2502: loss=4.219412
2026-10-05 12:59:45   step 1200/2502: loss=4.239582
2026-10-05 13:00:16   step 1300/2502: loss=4.657721
2026-10-05 13:00:45   step 1400/2502: loss=4.206227
2026-10-05 13:01:14   step 1500/2502: loss=4.186301
2026-10-05 13:01:42   step 1600/2502: loss=4.373374
2026-10-05 13:02:13   step 1700/2502: loss=2.756289
2026-10-05 13:02:41   step 1800/2502: loss=4.454402
2026-10-05 13:03:11   step 1900/2502: loss=4.237103
2026-10-05 13:03:39   step 2000/2502: loss=4.251457
2026-10-05 13:04:08   step 2100/2502: loss=4.084837
2026-10-05 13:04:37   step 2200/2502: loss=3.708980
2026-10-05 13:05:06   step 2300/2502: loss=4.552848
2026-10-05 13:05:35   step 2400/2502: loss=3.944575
2026-10-05 13:06:03   step 2500/2502: loss=4.649223
2026-10-05 13:06:11 [pjrt_ffi] RESIDENT: @vitin_emadp128x4wxclipdropeps0000001bf16_fwd holds 200 parameter tensors (21.8 MB) on 4 devices; they stop crossing PCIe from here
2026-10-05 13:06:46 Epoch 217/300: loss=3.934837 lr=0.000100
2026-10-05 13:06:46   epoch 217: test_acc = 34983/50000 = 69.966000%  top5 = 44926/50000 = 89.852000%  [95% CI 69.56–70.37]
2026-10-05 13:06:46   step 0/2502: loss=4.274752
2026-10-05 13:06:46   step 1/2502: loss=4.126385
2026-10-05 13:06:46   step 2/2502: loss=4.574241
2026-10-05 13:07:15   step 100/2502: loss=3.763381
2026-10-05 13:07:44   step 200/2502: loss=4.031941
2026-10-05 13:08:13   step 300/2502: loss=3.402482
2026-10-05 13:08:41   step 400/2502: loss=3.096265
2026-10-05 13:09:10   step 500/2502: loss=4.005869
2026-10-05 13:09:40   step 600/2502: loss=2.955163
2026-10-05 13:10:10   step 700/2502: loss=3.450834
2026-10-05 13:10:38   step 800/2502: loss=4.596588
2026-10-05 13:11:07   step 900/2502: loss=3.781346
2026-10-05 13:11:37   step 1000/2502: loss=3.603447
2026-10-05 13:12:06   step 1100/2502: loss=4.068701
2026-10-05 13:12:36   step 1200/2502: loss=3.331956
2026-10-05 13:13:06   step 1300/2502: loss=4.075055
2026-10-05 13:13:35   step 1400/2502: loss=3.423889
2026-10-05 13:14:05   step 1500/2502: loss=3.247395
2026-10-05 13:14:33   step 1600/2502: loss=3.151124
2026-10-05 13:15:03   step 1700/2502: loss=3.899675
2026-10-05 13:15:32   step 1800/2502: loss=3.569426
2026-10-05 13:16:01   step 1900/2502: loss=4.036024
2026-10-05 13:16:31   step 2000/2502: loss=4.688996
2026-10-05 13:16:59   step 2100/2502: loss=4.314398
2026-10-05 13:17:28   step 2200/2502: loss=3.173630
2026-10-05 13:17:56   step 2300/2502: loss=4.284989
2026-10-05 13:18:25   step 2400/2502: loss=4.572388
2026-10-05 13:18:54   step 2500/2502: loss=4.148108
2026-10-05 13:19:01 [pjrt_ffi] RESIDENT: @vitin_emadp128x4wxclipdropeps0000001bf16_fwd holds 200 parameter tensors (21.8 MB) on 4 devices; they stop crossing PCIe from here
2026-10-05 13:19:38 Epoch 218/300: loss=3.939935 lr=0.000098
2026-10-05 13:19:38   epoch 218: test_acc = 35012/50000 = 70.024000%  top5 = 44932/50000 = 89.864000%  [95% CI 69.62–70.42]
2026-10-05 13:19:38   step 0/2502: loss=4.527915
2026-10-05 13:19:38   step 1/2502: loss=4.231658
2026-10-05 13:19:38   step 2/2502: loss=3.058371
2026-10-05 13:20:07   step 100/2502: loss=4.503798
2026-10-05 13:20:35   step 200/2502: loss=4.310889
2026-10-05 13:21:04   step 300/2502: loss=3.922066
2026-10-05 13:21:33   step 400/2502: loss=4.764643
2026-10-05 13:22:02   step 500/2502: loss=4.361426
2026-10-05 13:22:33   step 600/2502: loss=3.785773
2026-10-05 13:23:02   step 700/2502: loss=4.299507
2026-10-05 13:23:31   step 800/2502: loss=4.769913
2026-10-05 13:24:00   step 900/2502: loss=4.121702
2026-10-05 13:24:31   step 1000/2502: loss=4.745813
2026-10-05 13:25:00   step 1100/2502: loss=3.660487
2026-10-05 13:25:29   step 1200/2502: loss=3.612907
2026-10-05 13:25:58   step 1300/2502: loss=4.309829
2026-10-05 13:26:28   step 1400/2502: loss=4.584988
2026-10-05 13:26:57   step 1500/2502: loss=4.164547
2026-10-05 13:27:26   step 1600/2502: loss=2.648212
2026-10-05 13:27:54   step 1700/2502: loss=4.235166
2026-10-05 13:28:23   step 1800/2502: loss=4.262712
2026-10-05 13:28:54   step 1900/2502: loss=3.528143
2026-10-05 13:29:23   step 2000/2502: loss=3.645673
2026-10-05 13:29:52   step 2100/2502: loss=4.450847
2026-10-05 13:30:21   step 2200/2502: loss=3.948191
2026-10-05 13:30:49   step 2300/2502: loss=3.476905
2026-10-05 13:31:18   step 2400/2502: loss=4.575918
2026-10-05 13:31:47   step 2500/2502: loss=4.096488
2026-10-05 13:31:54 [pjrt_ffi] RESIDENT: @vitin_emadp128x4wxclipdropeps0000001bf16_fwd holds 200 parameter tensors (21.8 MB) on 4 devices; they stop crossing PCIe from here
2026-10-05 13:32:36 Epoch 219/300: loss=3.927381 lr=0.000096
2026-10-05 13:32:36   epoch 219: test_acc = 35023/50000 = 70.046000%  top5 = 44973/50000 = 89.946000%  [95% CI 69.64–70.45]
2026-10-05 13:32:36   step 0/2502: loss=4.385500
2026-10-05 13:32:36   step 1/2502: loss=3.868149
2026-10-05 13:32:37   step 2/2502: loss=3.730259
2026-10-05 13:33:05   step 100/2502: loss=4.850068
2026-10-05 13:33:34   step 200/2502: loss=3.180682
2026-10-05 13:34:03   step 300/2502: loss=3.574096
2026-10-05 13:34:32   step 400/2502: loss=3.922907
2026-10-05 13:35:00   step 500/2502: loss=4.558900
2026-10-05 13:35:29   step 600/2502: loss=4.377510
2026-10-05 13:35:59   step 700/2502: loss=2.882163
2026-10-05 13:36:28   step 800/2502: loss=4.093837
2026-10-05 13:36:59   step 900/2502: loss=4.259624
2026-10-05 13:37:28   step 1000/2502: loss=4.356227
2026-10-05 13:37:57   step 1100/2502: loss=4.764125
2026-10-05 13:38:25   step 1200/2502: loss=4.417197
2026-10-05 13:38:56   step 1300/2502: loss=4.382310
2026-10-05 13:39:24   step 1400/2502: loss=3.665336
2026-10-05 13:39:53   step 1500/2502: loss=3.528576
2026-10-05 13:40:24   step 1600/2502: loss=4.418273
2026-10-05 13:40:52   step 1700/2502: loss=3.341761
2026-10-05 13:41:22   step 1800/2502: loss=4.067086
2026-10-05 13:41:51   step 1900/2502: loss=4.240630
2026-10-05 13:42:20   step 2000/2502: loss=4.083871
2026-10-05 13:42:48   step 2100/2502: loss=4.651564
2026-10-05 13:43:17   step 2200/2502: loss=3.605701
2026-10-05 13:43:48   step 2300/2502: loss=4.393708
2026-10-05 13:44:16   step 2400/2502: loss=3.735519
2026-10-05 13:44:46   step 2500/2502: loss=4.150466
2026-10-05 13:44:52 [pjrt_ffi] RESIDENT: @vitin_emadp128x4wxclipdropeps0000001bf16_fwd holds 200 parameter tensors (21.8 MB) on 4 devices; they stop crossing PCIe from here
2026-10-05 13:45:30 Epoch 220/300: loss=3.941442 lr=0.000094
2026-10-05 13:45:30   epoch 220: test_acc = 35047/50000 = 70.094000%  top5 = 44976/50000 = 89.952000%  [95% CI 69.69–70.49]
2026-10-05 13:45:34   ▸ shim respawn: producer 1 of 4 replaced after epoch 220 (generation 22, seed 90)
2026-10-05 13:45:35   step 0/2502: loss=4.303296
2026-10-05 13:45:37   step 1/2502: loss=4.403636
2026-10-05 13:45:37   step 2/2502: loss=3.963162
2026-10-05 13:46:06   step 100/2502: loss=4.646431
2026-10-05 13:46:35   step 200/2502: loss=3.747264
2026-10-05 13:47:04   step 300/2502: loss=4.171592
2026-10-05 13:47:32   step 400/2502: loss=4.088734
2026-10-05 13:48:01   step 500/2502: loss=4.398887
2026-10-05 13:48:30   step 600/2502: loss=3.844815
2026-10-05 13:48:59   step 700/2502: loss=4.295514
2026-10-05 13:49:29   step 800/2502: loss=3.708702
2026-10-05 13:49:58   step 900/2502: loss=4.707843
2026-10-05 13:50:29   step 1000/2502: loss=3.895824
2026-10-05 13:50:58   step 1100/2502: loss=3.492651
2026-10-05 13:51:27   step 1200/2502: loss=3.976335
2026-10-05 13:51:57   step 1300/2502: loss=3.889396
2026-10-05 13:52:27   step 1400/2502: loss=4.096884
2026-10-05 13:52:56   step 1500/2502: loss=4.278728
2026-10-05 13:53:25   step 1600/2502: loss=4.217767
2026-10-05 13:53:54   step 1700/2502: loss=2.711677
2026-10-05 13:54:23   step 1800/2502: loss=4.172215
2026-10-05 13:54:52   step 1900/2502: loss=3.845948
2026-10-05 13:55:21   step 2000/2502: loss=4.072681
2026-10-05 13:55:50   step 2100/2502: loss=4.570529
2026-10-05 13:56:19   step 2200/2502: loss=4.094940
2026-10-05 13:56:48   step 2300/2502: loss=3.113686
2026-10-05 13:57:17   step 2400/2502: loss=3.963733
2026-10-05 13:57:46   step 2500/2502: loss=3.487895
2026-10-05 13:57:53 [pjrt_ffi] RESIDENT: @vitin_emadp128x4wxclipdropeps0000001bf16_fwd holds 200 parameter tensors (21.8 MB) on 4 devices; they stop crossing PCIe from here
2026-10-05 13:58:33 Epoch 221/300: loss=3.951151 lr=0.000092
2026-10-05 13:58:33   epoch 221: test_acc = 35091/50000 = 70.182000%  top5 = 44999/50000 = 89.998000%  [95% CI 69.78–70.58]
2026-10-05 13:58:33   step 0/2502: loss=3.661489
2026-10-05 13:58:33   step 1/2502: loss=4.236232
2026-10-05 13:58:33   step 2/2502: loss=4.005448
2026-10-05 13:59:02   step 100/2502: loss=4.278787
2026-10-05 13:59:31   step 200/2502: loss=3.264044
2026-10-05 14:00:00   step 300/2502: loss=3.638057
2026-10-05 14:00:29   step 400/2502: loss=3.179021
2026-10-05 14:00:58   step 500/2502: loss=4.449541
2026-10-05 14:01:26   step 600/2502: loss=3.351992
2026-10-05 14:01:57   step 700/2502: loss=3.836674
2026-10-05 14:02:27   step 800/2502: loss=4.725631
2026-10-05 14:02:56   step 900/2502: loss=4.486475
2026-10-05 14:03:26   step 1000/2502: loss=4.476562
2026-10-05 14:03:55   step 1100/2502: loss=4.175410
2026-10-05 14:04:25   step 1200/2502: loss=4.104050
2026-10-05 14:04:55   step 1300/2502: loss=4.135246
2026-10-05 14:05:25   step 1400/2502: loss=4.764216
2026-10-05 14:05:53   step 1500/2502: loss=3.966066
2026-10-05 14:06:22   step 1600/2502: loss=4.624943
2026-10-05 14:06:51   step 1700/2502: loss=3.891679
2026-10-05 14:07:21   step 1800/2502: loss=3.408380
2026-10-05 14:07:51   step 1900/2502: loss=3.886516
2026-10-05 14:08:20   step 2000/2502: loss=3.771616
2026-10-05 14:08:50   step 2100/2502: loss=2.981648
2026-10-05 14:09:18   step 2200/2502: loss=3.592734
2026-10-05 14:09:48   step 2300/2502: loss=4.019656
2026-10-05 14:10:17   step 2400/2502: loss=4.572752
2026-10-05 14:10:46   step 2500/2502: loss=3.275585
2026-10-05 14:10:53 [pjrt_ffi] RESIDENT: @vitin_emadp128x4wxclipdropeps0000001bf16_fwd holds 200 parameter tensors (21.8 MB) on 4 devices; they stop crossing PCIe from here
2026-10-05 14:11:36 Epoch 222/300: loss=3.936836 lr=0.000090
2026-10-05 14:11:36   epoch 222: test_acc = 35095/50000 = 70.190000%  top5 = 45014/50000 = 90.028000%  [95% CI 69.79–70.59]
2026-10-05 14:11:36   step 0/2502: loss=4.263348
2026-10-05 14:11:36   step 1/2502: loss=3.387039
2026-10-05 14:11:37   step 2/2502: loss=4.028897
2026-10-05 14:12:05   step 100/2502: loss=3.374881
2026-10-05 14:12:34   step 200/2502: loss=4.357578
2026-10-05 14:13:03   step 300/2502: loss=3.140423
2026-10-05 14:13:32   step 400/2502: loss=4.227479
2026-10-05 14:14:01   step 500/2502: loss=4.045912
2026-10-05 14:14:30   step 600/2502: loss=4.676332
2026-10-05 14:15:01   step 700/2502: loss=3.691650
2026-10-05 14:15:29   step 800/2502: loss=3.868662
2026-10-05 14:16:00   step 900/2502: loss=4.210512
2026-10-05 14:16:29   step 1000/2502: loss=2.797686
2026-10-05 14:16:58   step 1100/2502: loss=4.458819
2026-10-05 14:17:27   step 1200/2502: loss=4.500063
2026-10-05 14:17:57   step 1300/2502: loss=3.408226
2026-10-05 14:18:26   step 1400/2502: loss=4.619083
2026-10-05 14:18:55   step 1500/2502: loss=4.095278
2026-10-05 14:19:24   step 1600/2502: loss=4.741435
2026-10-05 14:19:53   step 1700/2502: loss=4.145993
2026-10-05 14:20:22   step 1800/2502: loss=3.538293
2026-10-05 14:20:51   step 1900/2502: loss=4.143453
2026-10-05 14:21:20   step 2000/2502: loss=3.401151
2026-10-05 14:21:49   step 2100/2502: loss=3.976665
2026-10-05 14:22:18   step 2200/2502: loss=4.844127
2026-10-05 14:22:49   step 2300/2502: loss=4.290947
2026-10-05 14:23:17   step 2400/2502: loss=2.826160
2026-10-05 14:23:46   step 2500/2502: loss=3.882768
2026-10-05 14:23:53 [pjrt_ffi] RESIDENT: @vitin_emadp128x4wxclipdropeps0000001bf16_fwd holds 200 parameter tensors (21.8 MB) on 4 devices; they stop crossing PCIe from here
2026-10-05 14:24:30 Epoch 223/300: loss=3.927387 lr=0.000088
2026-10-05 14:24:30   epoch 223: test_acc = 35134/50000 = 70.268000%  top5 = 45014/50000 = 90.028000%  [95% CI 69.87–70.67]
2026-10-05 14:24:30   step 0/2502: loss=3.850278
2026-10-05 14:24:30   step 1/2502: loss=4.747927
2026-10-05 14:24:30   step 2/2502: loss=4.528367
2026-10-05 14:24:59   step 100/2502: loss=2.671690
2026-10-05 14:25:28   step 200/2502: loss=3.932081
2026-10-05 14:25:57   step 300/2502: loss=4.938711
2026-10-05 14:26:25   step 400/2502: loss=3.406533
2026-10-05 14:26:54   step 500/2502: loss=4.476400
2026-10-05 14:27:23   step 600/2502: loss=4.162908
2026-10-05 14:27:54   step 700/2502: loss=3.289002
2026-10-05 14:28:23   step 800/2502: loss=4.504232
2026-10-05 14:28:53   step 900/2502: loss=3.256065
2026-10-05 14:29:22   step 1000/2502: loss=4.398375
2026-10-05 14:29:52   step 1100/2502: loss=3.854780
2026-10-05 14:30:21   step 1200/2502: loss=3.776339
2026-10-05 14:30:50   step 1300/2502: loss=4.391577
2026-10-05 14:31:20   step 1400/2502: loss=4.404957
2026-10-05 14:31:49   step 1500/2502: loss=3.280511
2026-10-05 14:32:18   step 1600/2502: loss=4.021855
2026-10-05 14:32:47   step 1700/2502: loss=3.152040
2026-10-05 14:33:17   step 1800/2502: loss=3.594276
2026-10-05 14:33:46   step 1900/2502: loss=3.766353
2026-10-05 14:34:14   step 2000/2502: loss=3.646406
2026-10-05 14:34:44   step 2100/2502: loss=4.617226
2026-10-05 14:35:15   step 2200/2502: loss=3.939116
2026-10-05 14:35:44   step 2300/2502: loss=3.266970
2026-10-05 14:36:13   step 2400/2502: loss=4.097888
2026-10-05 14:36:41   step 2500/2502: loss=4.576242
2026-10-05 14:36:49 [pjrt_ffi] RESIDENT: @vitin_emadp128x4wxclipdropeps0000001bf16_fwd holds 200 parameter tensors (21.8 MB) on 4 devices; they stop crossing PCIe from here
2026-10-05 14:37:28 Epoch 224/300: loss=3.922015 lr=0.000086
2026-10-05 14:37:28   epoch 224: test_acc = 35150/50000 = 70.300000%  top5 = 45023/50000 = 90.046000%  [95% CI 69.90–70.70]
2026-10-05 14:37:28   step 0/2502: loss=4.417727
2026-10-05 14:37:29   step 1/2502: loss=2.967614
2026-10-05 14:37:29   step 2/2502: loss=4.405331
2026-10-05 14:37:57   step 100/2502: loss=4.750991
2026-10-05 14:38:26   step 200/2502: loss=4.136506
2026-10-05 14:38:55   step 300/2502: loss=3.409104
2026-10-05 14:39:24   step 400/2502: loss=3.852095
2026-10-05 14:39:53   step 500/2502: loss=3.404240
2026-10-05 14:40:21   step 600/2502: loss=3.936412
2026-10-05 14:40:51   step 700/2502: loss=4.240133
2026-10-05 14:41:20   step 800/2502: loss=4.085731
2026-10-05 14:41:51   step 900/2502: loss=3.247190
2026-10-05 14:42:20   step 1000/2502: loss=3.460644
2026-10-05 14:42:50   step 1100/2502: loss=3.444213
2026-10-05 14:43:19   step 1200/2502: loss=3.963499
2026-10-05 14:43:49   step 1300/2502: loss=4.143262
2026-10-05 14:44:18   step 1400/2502: loss=4.298131
2026-10-05 14:44:47   step 1500/2502: loss=3.027934
2026-10-05 14:45:17   step 1600/2502: loss=4.317313
2026-10-05 14:45:45   step 1700/2502: loss=4.131442
2026-10-05 14:46:16   step 1800/2502: loss=4.195882
2026-10-05 14:46:45   step 1900/2502: loss=3.405864
2026-10-05 14:47:13   step 2000/2502: loss=4.204949
2026-10-05 14:47:43   step 2100/2502: loss=4.284657
2026-10-05 14:48:11   step 2200/2502: loss=4.299284
2026-10-05 14:48:40   step 2300/2502: loss=4.549779
2026-10-05 14:49:09   step 2400/2502: loss=3.839837
2026-10-05 14:49:38   step 2500/2502: loss=4.013996
2026-10-05 14:49:45 [pjrt_ffi] RESIDENT: @vitin_emadp128x4wxclipdropeps0000001bf16_fwd holds 200 parameter tensors (21.8 MB) on 4 devices; they stop crossing PCIe from here
2026-10-05 14:50:24 Epoch 225/300: loss=3.921888 lr=0.000084
2026-10-05 14:50:24   epoch 225: test_acc = 35198/50000 = 70.396000%  top5 = 45029/50000 = 90.058000%  [95% CI 69.99–70.79]
2026-10-05 14:50:24   step 0/2502: loss=4.745689
2026-10-05 14:50:24   step 1/2502: loss=4.501401
2026-10-05 14:50:24   step 2/2502: loss=3.433745
2026-10-05 14:50:53   step 100/2502: loss=3.925127
2026-10-05 14:51:21   step 200/2502: loss=4.252106
2026-10-05 14:51:50   step 300/2502: loss=4.152325
2026-10-05 14:52:19   step 400/2502: loss=3.490188
2026-10-05 14:52:48   step 500/2502: loss=3.273875
2026-10-05 14:53:17   step 600/2502: loss=3.387605
2026-10-05 14:53:47   step 700/2502: loss=3.732962
2026-10-05 14:54:17   step 800/2502: loss=4.586060
2026-10-05 14:54:48   step 900/2502: loss=4.395752
2026-10-05 14:55:18   step 1000/2502: loss=2.977439
2026-10-05 14:55:48   step 1100/2502: loss=4.067641
2026-10-05 14:56:17   step 1200/2502: loss=3.555808
2026-10-05 14:56:46   step 1300/2502: loss=3.822304
2026-10-05 14:57:15   step 1400/2502: loss=4.187530
2026-10-05 14:57:43   step 1500/2502: loss=4.144023
2026-10-05 14:58:13   step 1600/2502: loss=2.787136
2026-10-05 14:58:43   step 1700/2502: loss=4.359492
2026-10-05 14:59:13   step 1800/2502: loss=3.224021
2026-10-05 14:59:41   step 1900/2502: loss=4.203281
2026-10-05 15:00:10   step 2000/2502: loss=4.709240
2026-10-05 15:00:39   step 2100/2502: loss=3.819039
2026-10-05 15:01:07   step 2200/2502: loss=4.702955
2026-10-05 15:01:38   step 2300/2502: loss=4.299889
2026-10-05 15:02:06   step 2400/2502: loss=4.562482
2026-10-05 15:02:35   step 2500/2502: loss=4.127234
2026-10-05 15:02:43 [pjrt_ffi] RESIDENT: @vitin_emadp128x4wxclipdropeps0000001bf16_fwd holds 200 parameter tensors (21.8 MB) on 4 devices; they stop crossing PCIe from here
2026-10-05 15:03:18 Epoch 226/300: loss=3.942635 lr=0.000082
2026-10-05 15:03:18   epoch 226: test_acc = 35212/50000 = 70.424000%  top5 = 45056/50000 = 90.112000%  [95% CI 70.02–70.82]
2026-10-05 15:03:18   step 0/2502: loss=4.576619
2026-10-05 15:03:18   step 1/2502: loss=4.475538
2026-10-05 15:03:18   step 2/2502: loss=4.665986
2026-10-05 15:03:47   step 100/2502: loss=4.237546
2026-10-05 15:04:16   step 200/2502: loss=3.481857
2026-10-05 15:04:45   step 300/2502: loss=3.901727
2026-10-05 15:05:14   step 400/2502: loss=3.852026
2026-10-05 15:05:43   step 500/2502: loss=4.421586
2026-10-05 15:06:14   step 600/2502: loss=3.174664
2026-10-05 15:06:43   step 700/2502: loss=3.627591
2026-10-05 15:07:12   step 800/2502: loss=4.499310
2026-10-05 15:07:41   step 900/2502: loss=4.215593
2026-10-05 15:08:11   step 1000/2502: loss=4.218273
2026-10-05 15:08:42   step 1100/2502: loss=4.338010
2026-10-05 15:09:11   step 1200/2502: loss=3.579159
2026-10-05 15:09:40   step 1300/2502: loss=3.963977
2026-10-05 15:10:08   step 1400/2502: loss=4.491286
2026-10-05 15:10:38   step 1500/2502: loss=3.793419
2026-10-05 15:11:07   step 1600/2502: loss=4.452788
2026-10-05 15:11:36   step 1700/2502: loss=4.150999
2026-10-05 15:12:05   step 1800/2502: loss=4.112731
2026-10-05 15:12:34   step 1900/2502: loss=3.217478
2026-10-05 15:13:05   step 2000/2502: loss=3.428710
2026-10-05 15:13:34   step 2100/2502: loss=3.828099
2026-10-05 15:14:03   step 2200/2502: loss=4.731300
2026-10-05 15:14:31   step 2300/2502: loss=3.242037
2026-10-05 15:15:00   step 2400/2502: loss=4.349318
2026-10-05 15:15:29   step 2500/2502: loss=4.286614
2026-10-05 15:15:37 [pjrt_ffi] RESIDENT: @vitin_emadp128x4wxclipdropeps0000001bf16_fwd holds 200 parameter tensors (21.8 MB) on 4 devices; they stop crossing PCIe from here
2026-10-05 15:16:16 Epoch 227/300: loss=3.913132 lr=0.000080
2026-10-05 15:16:16   epoch 227: test_acc = 35247/50000 = 70.494000%  top5 = 45073/50000 = 90.146000%  [95% CI 70.09–70.89]
2026-10-05 15:16:16   step 0/2502: loss=3.983794
2026-10-05 15:16:16   step 1/2502: loss=2.710664
2026-10-05 15:16:16   step 2/2502: loss=4.366327
2026-10-05 15:16:45   step 100/2502: loss=4.535354
2026-10-05 15:17:14   step 200/2502: loss=4.214974
2026-10-05 15:17:43   step 300/2502: loss=4.205507
2026-10-05 15:18:11   step 400/2502: loss=3.630497
2026-10-05 15:18:41   step 500/2502: loss=3.865522
2026-10-05 15:19:10   step 600/2502: loss=3.072755
2026-10-05 15:19:40   step 700/2502: loss=3.461713
2026-10-05 15:20:10   step 800/2502: loss=2.732305
2026-10-05 15:20:39   step 900/2502: loss=2.920382
2026-10-05 15:21:09   step 1000/2502: loss=3.635908
2026-10-05 15:21:38   step 1100/2502: loss=4.853636
2026-10-05 15:22:08   step 1200/2502: loss=3.926081
2026-10-05 15:22:36   step 1300/2502: loss=3.933042
2026-10-05 15:23:06   step 1400/2502: loss=2.747379
2026-10-05 15:23:37   step 1500/2502: loss=2.809138
2026-10-05 15:24:07   step 1600/2502: loss=4.437145
2026-10-05 15:24:35   step 1700/2502: loss=3.278859
2026-10-05 15:25:06   step 1800/2502: loss=4.038334
2026-10-05 15:25:35   step 1900/2502: loss=3.443638
2026-10-05 15:26:04   step 2000/2502: loss=3.275512
2026-10-05 15:26:32   step 2100/2502: loss=3.190569
2026-10-05 15:27:01   step 2200/2502: loss=3.422693
2026-10-05 15:27:30   step 2300/2502: loss=3.401148
2026-10-05 15:28:00   step 2400/2502: loss=4.219694
2026-10-05 15:28:29   step 2500/2502: loss=4.446375
2026-10-05 15:28:35 [pjrt_ffi] RESIDENT: @vitin_emadp128x4wxclipdropeps0000001bf16_fwd holds 200 parameter tensors (21.8 MB) on 4 devices; they stop crossing PCIe from here
2026-10-05 15:29:15 Epoch 228/300: loss=3.894839 lr=0.000079
2026-10-05 15:29:15   epoch 228: test_acc = 35251/50000 = 70.502000%  top5 = 45093/50000 = 90.186000%  [95% CI 70.10–70.90]
2026-10-05 15:29:15   step 0/2502: loss=4.283873
2026-10-05 15:29:15   step 1/2502: loss=2.859668
2026-10-05 15:29:15   step 2/2502: loss=3.586562
2026-10-05 15:29:44   step 100/2502: loss=4.545240
2026-10-05 15:30:13   step 200/2502: loss=3.580186
2026-10-05 15:30:42   step 300/2502: loss=3.177532
2026-10-05 15:31:11   step 400/2502: loss=2.784062
2026-10-05 15:31:39   step 500/2502: loss=2.860170
2026-10-05 15:32:09   step 600/2502: loss=4.360650
2026-10-05 15:32:38   step 700/2502: loss=3.835200
2026-10-05 15:33:08   step 800/2502: loss=4.166161
2026-10-05 15:33:37   step 900/2502: loss=4.519311
2026-10-05 15:34:06   step 1000/2502: loss=3.181149
2026-10-05 15:34:37   step 1100/2502: loss=2.841076
2026-10-05 15:35:07   step 1200/2502: loss=4.319737
2026-10-05 15:35:36   step 1300/2502: loss=3.128798
2026-10-05 15:36:05   step 1400/2502: loss=3.928209
2026-10-05 15:36:34   step 1500/2502: loss=3.917395
2026-10-05 15:37:04   step 1600/2502: loss=3.762370
2026-10-05 15:37:33   step 1700/2502: loss=2.954075
2026-10-05 15:38:02   step 1800/2502: loss=4.164399
2026-10-05 15:38:32   step 1900/2502: loss=2.977725
2026-10-05 15:39:01   step 2000/2502: loss=4.317469
2026-10-05 15:39:30   step 2100/2502: loss=3.965843
2026-10-05 15:39:59   step 2200/2502: loss=4.404613
2026-10-05 15:40:30   step 2300/2502: loss=4.654755
2026-10-05 15:40:59   step 2400/2502: loss=3.190439
2026-10-05 15:41:28   step 2500/2502: loss=3.682086
2026-10-05 15:41:34 [pjrt_ffi] RESIDENT: @vitin_emadp128x4wxclipdropeps0000001bf16_fwd holds 200 parameter tensors (21.8 MB) on 4 devices; they stop crossing PCIe from here
2026-10-05 15:42:12 Epoch 229/300: loss=3.913658 lr=0.000077
2026-10-05 15:42:12   epoch 229: test_acc = 35280/50000 = 70.560000%  top5 = 45089/50000 = 90.178000%  [95% CI 70.16–70.96]
2026-10-05 15:42:12   step 0/2502: loss=4.671278
2026-10-05 15:42:12   step 1/2502: loss=4.149913
2026-10-05 15:42:12   step 2/2502: loss=2.990174
2026-10-05 15:42:41   step 100/2502: loss=3.609251
2026-10-05 15:43:09   step 200/2502: loss=3.308393
2026-10-05 15:43:38   step 300/2502: loss=2.772141
2026-10-05 15:44:07   step 400/2502: loss=3.597468
2026-10-05 15:44:36   step 500/2502: loss=4.376153
2026-10-05 15:45:07   step 600/2502: loss=4.584967
2026-10-05 15:45:36   step 700/2502: loss=4.458257
2026-10-05 15:46:05   step 800/2502: loss=3.777335
2026-10-05 15:46:34   step 900/2502: loss=3.546579
2026-10-05 15:47:05   step 1000/2502: loss=3.933492
2026-10-05 15:47:34   step 1100/2502: loss=3.760087
2026-10-05 15:48:03   step 1200/2502: loss=4.317784
2026-10-05 15:48:32   step 1300/2502: loss=3.721065
2026-10-05 15:49:01   step 1400/2502: loss=4.588937
2026-10-05 15:49:32   step 1500/2502: loss=4.345348
2026-10-05 15:50:01   step 1600/2502: loss=3.199186
2026-10-05 15:50:30   step 1700/2502: loss=4.193466
2026-10-05 15:50:59   step 1800/2502: loss=4.600358
2026-10-05 15:51:29   step 1900/2502: loss=3.182609
2026-10-05 15:51:58   step 2000/2502: loss=3.610631
2026-10-05 15:52:26   step 2100/2502: loss=4.158045
2026-10-05 15:52:55   step 2200/2502: loss=2.846081
2026-10-05 15:53:24   step 2300/2502: loss=3.410341
2026-10-05 15:53:54   step 2400/2502: loss=3.751295
2026-10-05 15:54:23   step 2500/2502: loss=4.098948
2026-10-05 15:54:30 [pjrt_ffi] RESIDENT: @vitin_emadp128x4wxclipdropeps0000001bf16_fwd holds 200 parameter tensors (21.8 MB) on 4 devices; they stop crossing PCIe from here
2026-10-05 15:55:07 Epoch 230/300: loss=3.898609 lr=0.000075
2026-10-05 15:55:07   epoch 230: test_acc = 35293/50000 = 70.586000%  top5 = 45115/50000 = 90.230000%  [95% CI 70.19–70.98]
2026-10-05 15:55:12   ▸ shim respawn: producer 2 of 4 replaced after epoch 230 (generation 23, seed 95)
2026-10-05 15:55:12   step 0/2502: loss=3.675962
2026-10-05 15:55:12   step 1/2502: loss=4.122364
2026-10-05 15:55:15   step 2/2502: loss=4.475530
2026-10-05 15:55:43   step 100/2502: loss=3.792693
2026-10-05 15:56:12   step 200/2502: loss=4.754994
2026-10-05 15:56:41   step 300/2502: loss=3.634055
2026-10-05 15:57:09   step 400/2502: loss=4.288878
2026-10-05 15:57:38   step 500/2502: loss=4.299726
2026-10-05 15:58:08   step 600/2502: loss=4.165609
2026-10-05 15:58:38   step 700/2502: loss=4.204961
2026-10-05 15:59:08   step 800/2502: loss=4.565329
2026-10-05 15:59:37   step 900/2502: loss=4.587767
2026-10-05 16:00:07   step 1000/2502: loss=3.532562
2026-10-05 16:00:38   step 1100/2502: loss=3.717859
2026-10-05 16:01:07   step 1200/2502: loss=4.166499
2026-10-05 16:01:37   step 1300/2502: loss=4.474608
2026-10-05 16:02:06   step 1400/2502: loss=3.234583
2026-10-05 16:02:36   step 1500/2502: loss=3.699896
2026-10-05 16:03:07   step 1600/2502: loss=3.573353
2026-10-05 16:03:36   step 1700/2502: loss=4.008554
2026-10-05 16:04:05   step 1800/2502: loss=4.381051
2026-10-05 16:04:34   step 1900/2502: loss=4.193903
2026-10-05 16:05:03   step 2000/2502: loss=2.950205
2026-10-05 16:05:32   step 2100/2502: loss=2.963868
2026-10-05 16:06:00   step 2200/2502: loss=4.026691
2026-10-05 16:06:30   step 2300/2502: loss=3.913213
2026-10-05 16:06:59   step 2400/2502: loss=2.859641
2026-10-05 16:07:29   step 2500/2502: loss=3.736885
2026-10-05 16:07:36 [pjrt_ffi] RESIDENT: @vitin_emadp128x4wxclipdropeps0000001bf16_fwd holds 200 parameter tensors (21.8 MB) on 4 devices; they stop crossing PCIe from here
2026-10-05 16:08:15 Epoch 231/300: loss=3.887769 lr=0.000073
2026-10-05 16:08:15   epoch 231: test_acc = 35303/50000 = 70.606000%  top5 = 45130/50000 = 90.260000%  [95% CI 70.21–71.00]
2026-10-05 16:08:15   step 0/2502: loss=3.988816
2026-10-05 16:08:15   step 1/2502: loss=3.205397
2026-10-05 16:08:15   step 2/2502: loss=4.427216
2026-10-05 16:08:43   step 100/2502: loss=4.676096
2026-10-05 16:09:12   step 200/2502: loss=4.251925
2026-10-05 16:09:41   step 300/2502: loss=3.499880
2026-10-05 16:10:10   step 400/2502: loss=4.158855
2026-10-05 16:10:39   step 500/2502: loss=4.515779
2026-10-05 16:11:08   step 600/2502: loss=4.550099
2026-10-05 16:11:39   step 700/2502: loss=3.774369
2026-10-05 16:12:08   step 800/2502: loss=4.204248
2026-10-05 16:12:38   step 900/2502: loss=4.503183
2026-10-05 16:13:07   step 1000/2502: loss=3.316811
2026-10-05 16:13:37   step 1100/2502: loss=3.538908
2026-10-05 16:14:07   step 1200/2502: loss=3.970393
2026-10-05 16:14:36   step 1300/2502: loss=3.072822
2026-10-05 16:15:05   step 1400/2502: loss=4.119785
2026-10-05 16:15:35   step 1500/2502: loss=4.707058
2026-10-05 16:16:04   step 1600/2502: loss=4.005778
2026-10-05 16:16:35   step 1700/2502: loss=4.537552
2026-10-05 16:17:03   step 1800/2502: loss=4.362703
2026-10-05 16:17:33   step 1900/2502: loss=3.108886
2026-10-05 16:18:02   step 2000/2502: loss=3.314803
2026-10-05 16:18:31   step 2100/2502: loss=3.497984
2026-10-05 16:19:00   step 2200/2502: loss=4.294453
2026-10-05 16:19:30   step 2300/2502: loss=2.991023
2026-10-05 16:19:59   step 2400/2502: loss=3.555333
2026-10-05 16:20:28   step 2500/2502: loss=4.340636
2026-10-05 16:20:35 [pjrt_ffi] RESIDENT: @vitin_emadp128x4wxclipdropeps0000001bf16_fwd holds 200 parameter tensors (21.8 MB) on 4 devices; they stop crossing PCIe from here
2026-10-05 16:21:15 Epoch 232/300: loss=3.913444 lr=0.000071
2026-10-05 16:21:15   epoch 232: test_acc = 35335/50000 = 70.670000%  top5 = 45141/50000 = 90.282000%  [95% CI 70.27–71.07]
2026-10-05 16:21:16   step 0/2502: loss=4.314977
2026-10-05 16:21:16   step 1/2502: loss=4.615168
2026-10-05 16:21:16   step 2/2502: loss=3.917859
2026-10-05 16:21:45   step 100/2502: loss=4.147841
2026-10-05 16:22:13   step 200/2502: loss=4.499302
2026-10-05 16:22:43   step 300/2502: loss=3.929113
2026-10-05 16:23:12   step 400/2502: loss=2.827217
2026-10-05 16:23:40   step 500/2502: loss=4.189154
2026-10-05 16:24:09   step 600/2502: loss=4.163917
2026-10-05 16:24:39   step 700/2502: loss=4.632782
2026-10-05 16:25:09   step 800/2502: loss=4.108757
2026-10-05 16:25:39   step 900/2502: loss=3.003691
2026-10-05 16:26:09   step 1000/2502: loss=4.300641
2026-10-05 16:26:38   step 1100/2502: loss=2.730115
2026-10-05 16:27:07   step 1200/2502: loss=4.189297
2026-10-05 16:27:38   step 1300/2502: loss=4.263087
2026-10-05 16:28:06   step 1400/2502: loss=4.608301
2026-10-05 16:28:36   step 1500/2502: loss=3.754146
2026-10-05 16:29:06   step 1600/2502: loss=3.024996
2026-10-05 16:29:36   step 1700/2502: loss=3.252569
2026-10-05 16:30:05   step 1800/2502: loss=3.131409
2026-10-05 16:30:35   step 1900/2502: loss=4.054403
2026-10-05 16:31:03   step 2000/2502: loss=3.998935
2026-10-05 16:31:32   step 2100/2502: loss=2.697048
2026-10-05 16:32:01   step 2200/2502: loss=4.354427
2026-10-05 16:32:30   step 2300/2502: loss=2.800722
2026-10-05 16:32:58   step 2400/2502: loss=3.977981
2026-10-05 16:33:28   step 2500/2502: loss=3.937524
2026-10-05 16:33:35 [pjrt_ffi] RESIDENT: @vitin_emadp128x4wxclipdropeps0000001bf16_fwd holds 200 parameter tensors (21.8 MB) on 4 devices; they stop crossing PCIe from here
2026-10-05 16:34:16 Epoch 233/300: loss=3.873630 lr=0.000070
2026-10-05 16:34:16   epoch 233: test_acc = 35368/50000 = 70.736000%  top5 = 45154/50000 = 90.308000%  [95% CI 70.34–71.13]
2026-10-05 16:34:16   step 0/2502: loss=4.282580
2026-10-05 16:34:17   step 1/2502: loss=4.229685
2026-10-05 16:34:17   step 2/2502: loss=3.817814
2026-10-05 16:34:45   step 100/2502: loss=4.091187
2026-10-05 16:35:14   step 200/2502: loss=4.662965
2026-10-05 16:35:43   step 300/2502: loss=4.299041
2026-10-05 16:36:12   step 400/2502: loss=3.793484
2026-10-05 16:36:41   step 500/2502: loss=4.157025
2026-10-05 16:37:10   step 600/2502: loss=4.414280
2026-10-05 16:37:42   step 700/2502: loss=3.819097
2026-10-05 16:38:12   step 800/2502: loss=4.261619
2026-10-05 16:38:41   step 900/2502: loss=4.216133
2026-10-05 16:39:12   step 1000/2502: loss=3.453173
2026-10-05 16:39:40   step 1100/2502: loss=4.271654
2026-10-05 16:40:10   step 1200/2502: loss=4.657972
2026-10-05 16:40:41   step 1300/2502: loss=4.309133
2026-10-05 16:41:11   step 1400/2502: loss=4.668066
2026-10-05 16:41:40   step 1500/2502: loss=4.041196
2026-10-05 16:42:08   step 1600/2502: loss=4.427485
2026-10-05 16:42:37   step 1700/2502: loss=4.165888
2026-10-05 16:43:08   step 1800/2502: loss=3.438781
2026-10-05 16:43:37   step 1900/2502: loss=3.596858
2026-10-05 16:44:06   step 2000/2502: loss=3.990101
2026-10-05 16:44:36   step 2100/2502: loss=3.509917
2026-10-05 16:45:06   step 2200/2502: loss=4.036097
2026-10-05 16:45:35   step 2300/2502: loss=3.499068
2026-10-05 16:46:04   step 2400/2502: loss=4.183061
2026-10-05 16:46:33   step 2500/2502: loss=4.319973
2026-10-05 16:46:40 [pjrt_ffi] RESIDENT: @vitin_emadp128x4wxclipdropeps0000001bf16_fwd holds 200 parameter tensors (21.8 MB) on 4 devices; they stop crossing PCIe from here
2026-10-05 16:47:17 Epoch 234/300: loss=3.886063 lr=0.000068
2026-10-05 16:47:17   epoch 234: test_acc = 35380/50000 = 70.760000%  top5 = 45172/50000 = 90.344000%  [95% CI 70.36–71.16]
2026-10-05 16:47:17   step 0/2502: loss=4.076547
2026-10-05 16:47:17   step 1/2502: loss=4.336383
2026-10-05 16:47:18   step 2/2502: loss=4.584682
2026-10-05 16:47:46   step 100/2502: loss=4.470495
2026-10-05 16:48:15   step 200/2502: loss=4.331863
2026-10-05 16:48:44   step 300/2502: loss=4.039964
2026-10-05 16:49:14   step 400/2502: loss=4.245381
2026-10-05 16:49:42   step 500/2502: loss=4.203305
2026-10-05 16:50:12   step 600/2502: loss=3.572863
2026-10-05 16:50:41   step 700/2502: loss=4.081559
2026-10-05 16:51:11   step 800/2502: loss=3.912353
2026-10-05 16:51:42   step 900/2502: loss=3.501078
2026-10-05 16:52:12   step 1000/2502: loss=3.870975
2026-10-05 16:52:41   step 1100/2502: loss=3.052340
2026-10-05 16:53:10   step 1200/2502: loss=4.619645
2026-10-05 16:53:40   step 1300/2502: loss=3.798409
2026-10-05 16:54:08   step 1400/2502: loss=2.508198
2026-10-05 16:54:38   step 1500/2502: loss=3.437668
2026-10-05 16:55:06   step 1600/2502: loss=4.435932
2026-10-05 16:55:35   step 1700/2502: loss=3.698333
2026-10-05 16:56:05   step 1800/2502: loss=4.723790
2026-10-05 16:56:34   step 1900/2502: loss=4.071156
2026-10-05 16:57:04   step 2000/2502: loss=2.632515
2026-10-05 16:57:33   step 2100/2502: loss=3.630080
2026-10-05 16:58:02   step 2200/2502: loss=4.359249
2026-10-05 16:58:31   step 2300/2502: loss=3.028826
2026-10-05 16:59:00   step 2400/2502: loss=4.065306
2026-10-05 16:59:29   step 2500/2502: loss=3.338347
2026-10-05 16:59:37 [pjrt_ffi] RESIDENT: @vitin_emadp128x4wxclipdropeps0000001bf16_fwd holds 200 parameter tensors (21.8 MB) on 4 devices; they stop crossing PCIe from here
2026-10-05 17:00:13 Epoch 235/300: loss=3.855374 lr=0.000066
2026-10-05 17:00:13   epoch 235: test_acc = 35395/50000 = 70.790000%  top5 = 45186/50000 = 90.372000%  [95% CI 70.39–71.19]
2026-10-05 17:00:13   step 0/2502: loss=4.275079
2026-10-05 17:00:13   step 1/2502: loss=3.486920
2026-10-05 17:00:13   step 2/2502: loss=2.960228
2026-10-05 17:00:42   step 100/2502: loss=4.520783
2026-10-05 17:01:11   step 200/2502: loss=4.204631
2026-10-05 17:01:40   step 300/2502: loss=3.412400
2026-10-05 17:02:09   step 400/2502: loss=4.154472
2026-10-05 17:02:38   step 500/2502: loss=3.895780
2026-10-05 17:03:07   step 600/2502: loss=3.303666
2026-10-05 17:03:37   step 700/2502: loss=4.498178
2026-10-05 17:04:06   step 800/2502: loss=3.069573
2026-10-05 17:04:36   step 900/2502: loss=4.413870
2026-10-05 17:05:05   step 1000/2502: loss=3.994941
2026-10-05 17:05:35   step 1100/2502: loss=3.319293
2026-10-05 17:06:04   step 1200/2502: loss=4.124455
2026-10-05 17:06:32   step 1300/2502: loss=3.444906
2026-10-05 17:07:03   step 1400/2502: loss=3.693460
2026-10-05 17:07:32   step 1500/2502: loss=4.315865
2026-10-05 17:08:01   step 1600/2502: loss=3.984733
2026-10-05 17:08:30   step 1700/2502: loss=4.346857
2026-10-05 17:09:00   step 1800/2502: loss=4.331082
2026-10-05 17:09:30   step 1900/2502: loss=2.618472
2026-10-05 17:09:59   step 2000/2502: loss=4.146072
2026-10-05 17:10:28   step 2100/2502: loss=3.377207
2026-10-05 17:10:57   step 2200/2502: loss=3.979534
2026-10-05 17:11:26   step 2300/2502: loss=4.110807
2026-10-05 17:11:55   step 2400/2502: loss=2.942691
2026-10-05 17:12:24   step 2500/2502: loss=4.824083
2026-10-05 17:12:32 [pjrt_ffi] RESIDENT: @vitin_emadp128x4wxclipdropeps0000001bf16_fwd holds 200 parameter tensors (21.8 MB) on 4 devices; they stop crossing PCIe from here
2026-10-05 17:13:09 Epoch 236/300: loss=3.884383 lr=0.000065
2026-10-05 17:13:09   epoch 236: test_acc = 35418/50000 = 70.836000%  top5 = 45187/50000 = 90.374000%  [95% CI 70.44–71.23]
2026-10-05 17:13:09   step 0/2502: loss=4.392108
2026-10-05 17:13:09   step 1/2502: loss=2.962868
2026-10-05 17:13:09   step 2/2502: loss=3.837739
2026-10-05 17:13:38   step 100/2502: loss=4.383665
2026-10-05 17:14:07   step 200/2502: loss=2.918406
2026-10-05 17:14:35   step 300/2502: loss=3.129776
2026-10-05 17:15:05   step 400/2502: loss=3.723117
2026-10-05 17:15:34   step 500/2502: loss=4.202780
2026-10-05 17:16:03   step 600/2502: loss=3.795946
2026-10-05 17:16:34   step 700/2502: loss=3.860126
2026-10-05 17:17:04   step 800/2502: loss=2.918089
2026-10-05 17:17:32   step 900/2502: loss=4.126437
2026-10-05 17:18:03   step 1000/2502: loss=3.081820
2026-10-05 17:18:32   step 1100/2502: loss=4.651190
2026-10-05 17:19:02   step 1200/2502: loss=4.008153
2026-10-05 17:19:31   step 1300/2502: loss=4.503643
2026-10-05 17:20:00   step 1400/2502: loss=4.360479
2026-10-05 17:20:30   step 1500/2502: loss=2.846630
2026-10-05 17:20:59   step 1600/2502: loss=3.474294
2026-10-05 17:21:29   step 1700/2502: loss=4.625813
2026-10-05 17:21:58   step 1800/2502: loss=4.121347
2026-10-05 17:22:27   step 1900/2502: loss=4.439819
2026-10-05 17:22:55   step 2000/2502: loss=3.884139
2026-10-05 17:23:25   step 2100/2502: loss=4.237567
2026-10-05 17:23:54   step 2200/2502: loss=4.088176
2026-10-05 17:24:22   step 2300/2502: loss=3.976520
2026-10-05 17:24:52   step 2400/2502: loss=2.784589
2026-10-05 17:25:22   step 2500/2502: loss=3.413407
2026-10-05 17:25:30 [pjrt_ffi] RESIDENT: @vitin_emadp128x4wxclipdropeps0000001bf16_fwd holds 200 parameter tensors (21.8 MB) on 4 devices; they stop crossing PCIe from here
2026-10-05 17:26:13 Epoch 237/300: loss=3.857379 lr=0.000063
2026-10-05 17:26:13   epoch 237: test_acc = 35436/50000 = 70.872000%  top5 = 45177/50000 = 90.354000%  [95% CI 70.47–71.27]
2026-10-05 17:26:13   step 0/2502: loss=2.794160
2026-10-05 17:26:14   step 1/2502: loss=4.128815
2026-10-05 17:26:14   step 2/2502: loss=4.307979
2026-10-05 17:26:42   step 100/2502: loss=4.239238
2026-10-05 17:27:11   step 200/2502: loss=2.872003
2026-10-05 17:27:40   step 300/2502: loss=3.713135
2026-10-05 17:28:09   step 400/2502: loss=2.847591
2026-10-05 17:28:37   step 500/2502: loss=3.992621
2026-10-05 17:29:06   step 600/2502: loss=4.631203
2026-10-05 17:29:36   step 700/2502: loss=4.251730
2026-10-05 17:30:05   step 800/2502: loss=4.688278
2026-10-05 17:30:34   step 900/2502: loss=4.262038
2026-10-05 17:31:03   step 1000/2502: loss=4.340428
2026-10-05 17:31:33   step 1100/2502: loss=4.330863
2026-10-05 17:32:02   step 1200/2502: loss=4.423244
2026-10-05 17:32:32   step 1300/2502: loss=3.594419
2026-10-05 17:33:02   step 1400/2502: loss=3.041543
2026-10-05 17:33:30   step 1500/2502: loss=2.818623
2026-10-05 17:33:59   step 1600/2502: loss=3.049388
2026-10-05 17:34:28   step 1700/2502: loss=3.891718
2026-10-05 17:34:58   step 1800/2502: loss=4.094231
2026-10-05 17:35:28   step 1900/2502: loss=2.908841
2026-10-05 17:35:57   step 2000/2502: loss=4.666375
2026-10-05 17:36:25   step 2100/2502: loss=2.586959
2026-10-05 17:36:54   step 2200/2502: loss=4.374829
2026-10-05 17:37:25   step 2300/2502: loss=3.198862
2026-10-05 17:37:54   step 2400/2502: loss=4.295035
2026-10-05 17:38:22   step 2500/2502: loss=4.402251
2026-10-05 17:38:30 [pjrt_ffi] RESIDENT: @vitin_emadp128x4wxclipdropeps0000001bf16_fwd holds 200 parameter tensors (21.8 MB) on 4 devices; they stop crossing PCIe from here
2026-10-05 17:39:09 Epoch 238/300: loss=3.863469 lr=0.000061
2026-10-05 17:39:09   epoch 238: test_acc = 35457/50000 = 70.914000%  top5 = 45193/50000 = 90.386000%  [95% CI 70.51–71.31]
2026-10-05 17:39:10   step 0/2502: loss=4.355596
2026-10-05 17:39:10   step 1/2502: loss=4.049818
2026-10-05 17:39:10   step 2/2502: loss=4.657881
2026-10-05 17:39:38   step 100/2502: loss=4.044006
2026-10-05 17:40:07   step 200/2502: loss=3.385224
2026-10-05 17:40:36   step 300/2502: loss=4.317584
2026-10-05 17:41:04   step 400/2502: loss=4.165414
2026-10-05 17:41:33   step 500/2502: loss=4.406894
2026-10-05 17:42:02   step 600/2502: loss=3.426815
2026-10-05 17:42:32   step 700/2502: loss=4.335670
2026-10-05 17:43:01   step 800/2502: loss=3.372371
2026-10-05 17:43:30   step 900/2502: loss=2.923946
2026-10-05 17:44:01   step 1000/2502: loss=3.961524
2026-10-05 17:44:30   step 1100/2502: loss=4.311982
2026-10-05 17:44:59   step 1200/2502: loss=4.594395
2026-10-05 17:45:30   step 1300/2502: loss=4.268982
2026-10-05 17:45:59   step 1400/2502: loss=3.373213
2026-10-05 17:46:28   step 1500/2502: loss=3.862474
2026-10-05 17:46:57   step 1600/2502: loss=3.759695
2026-10-05 17:47:26   step 1700/2502: loss=4.261075
2026-10-05 17:47:55   step 1800/2502: loss=3.417263
2026-10-05 17:48:24   step 1900/2502: loss=2.789670
2026-10-05 17:48:54   step 2000/2502: loss=4.401072
2026-10-05 17:49:23   step 2100/2502: loss=4.238203
2026-10-05 17:49:52   step 2200/2502: loss=3.805700
2026-10-05 17:50:21   step 2300/2502: loss=3.906627
2026-10-05 17:50:49   step 2400/2502: loss=4.515162
2026-10-05 17:51:18   step 2500/2502: loss=3.616105
2026-10-05 17:51:25 [pjrt_ffi] RESIDENT: @vitin_emadp128x4wxclipdropeps0000001bf16_fwd holds 200 parameter tensors (21.8 MB) on 4 devices; they stop crossing PCIe from here
2026-10-05 17:52:05 Epoch 239/300: loss=3.866575 lr=0.000060
2026-10-05 17:52:05   epoch 239: test_acc = 35467/50000 = 70.934000%  top5 = 45188/50000 = 90.376000%  [95% CI 70.53–71.33]
2026-10-05 17:52:06   step 0/2502: loss=3.746085
2026-10-05 17:52:06   step 1/2502: loss=3.133666
2026-10-05 17:52:06   step 2/2502: loss=4.520902
2026-10-05 17:52:34   step 100/2502: loss=3.431530
2026-10-05 17:53:03   step 200/2502: loss=4.019612
2026-10-05 17:53:32   step 300/2502: loss=4.605611
2026-10-05 17:54:01   step 400/2502: loss=4.265216
2026-10-05 17:54:30   step 500/2502: loss=3.837088
2026-10-05 17:54:59   step 600/2502: loss=4.344120
2026-10-05 17:55:28   step 700/2502: loss=3.449223
2026-10-05 17:55:59   step 800/2502: loss=4.147627
2026-10-05 17:56:28   step 900/2502: loss=4.522962
2026-10-05 17:56:57   step 1000/2502: loss=4.064661
2026-10-05 17:57:27   step 1100/2502: loss=4.117418
2026-10-05 17:57:55   step 1200/2502: loss=3.899322
2026-10-05 17:58:25   step 1300/2502: loss=2.911363
2026-10-05 17:58:55   step 1400/2502: loss=4.227104
2026-10-05 17:59:24   step 1500/2502: loss=3.687996
2026-10-05 17:59:54   step 1600/2502: loss=4.183337
2026-10-05 18:00:23   step 1700/2502: loss=4.485743
2026-10-05 18:00:53   step 1800/2502: loss=4.265733
2026-10-05 18:01:22   step 1900/2502: loss=2.605550
2026-10-05 18:01:51   step 2000/2502: loss=3.906446
2026-10-05 18:02:20   step 2100/2502: loss=4.011230
2026-10-05 18:02:49   step 2200/2502: loss=3.440382
2026-10-05 18:03:19   step 2300/2502: loss=3.360906
2026-10-05 18:03:47   step 2400/2502: loss=4.561154
2026-10-05 18:04:17   step 2500/2502: loss=3.078108
2026-10-05 18:04:24 [pjrt_ffi] RESIDENT: @vitin_emadp128x4wxclipdropeps0000001bf16_fwd holds 200 parameter tensors (21.8 MB) on 4 devices; they stop crossing PCIe from here
2026-10-05 18:05:04 Epoch 240/300: loss=3.856104 lr=0.000058
2026-10-05 18:05:04   epoch 240: test_acc = 35503/50000 = 71.006000%  top5 = 45201/50000 = 90.402000%  [95% CI 70.61–71.40]
2026-10-05 18:05:09   ▸ shim respawn: producer 3 of 4 replaced after epoch 240 (generation 24, seed 100)
2026-10-05 18:05:09   step 0/2502: loss=4.100852
2026-10-05 18:05:09   step 1/2502: loss=4.231076
2026-10-05 18:05:09   step 2/2502: loss=4.114410
2026-10-05 18:05:40   step 100/2502: loss=3.928714
2026-10-05 18:06:09   step 200/2502: loss=4.405024
2026-10-05 18:06:38   step 300/2502: loss=4.528715
2026-10-05 18:07:07   step 400/2502: loss=2.648507
2026-10-05 18:07:35   step 500/2502: loss=4.658674
2026-10-05 18:08:04   step 600/2502: loss=2.761288
2026-10-05 18:08:33   step 700/2502: loss=4.232352
2026-10-05 18:09:03   step 800/2502: loss=4.600961
2026-10-05 18:09:31   step 900/2502: loss=4.454485
2026-10-05 18:10:02   step 1000/2502: loss=4.160084
2026-10-05 18:10:31   step 1100/2502: loss=3.568826
2026-10-05 18:11:01   step 1200/2502: loss=4.143917
2026-10-05 18:11:29   step 1300/2502: loss=3.673439
2026-10-05 18:11:58   step 1400/2502: loss=4.300071
2026-10-05 18:12:28   step 1500/2502: loss=4.668470
2026-10-05 18:12:57   step 1600/2502: loss=3.392751
2026-10-05 18:13:26   step 1700/2502: loss=3.020816
2026-10-05 18:13:58   step 1800/2502: loss=4.414324
2026-10-05 18:14:36   step 1900/2502: loss=4.594024
2026-10-05 18:15:05   step 2000/2502: loss=3.184937
2026-10-05 18:15:35   step 2100/2502: loss=3.991865
2026-10-05 18:16:04   step 2200/2502: loss=2.927707
2026-10-05 18:16:34   step 2300/2502: loss=4.577554
2026-10-05 18:17:04   step 2400/2502: loss=4.260826
2026-10-05 18:17:35   step 2500/2502: loss=4.354788
2026-10-05 18:17:41 [pjrt_ffi] RESIDENT: @vitin_emadp128x4wxclipdropeps0000001bf16_fwd holds 200 parameter tensors (21.8 MB) on 4 devices; they stop crossing PCIe from here
2026-10-05 18:18:14 Epoch 241/300: loss=3.851716 lr=0.000057
2026-10-05 18:18:14   epoch 241: test_acc = 35509/50000 = 71.018000%  top5 = 45211/50000 = 90.422000%  [95% CI 70.62–71.41]
2026-10-05 18:18:14   step 0/2502: loss=4.455541
2026-10-05 18:18:14   step 1/2502: loss=4.281587
2026-10-05 18:18:14   step 2/2502: loss=3.415517
2026-10-05 18:18:43   step 100/2502: loss=3.791394
2026-10-05 18:19:12   step 200/2502: loss=4.324334
2026-10-05 18:19:40   step 300/2502: loss=4.136209
2026-10-05 18:20:09   step 400/2502: loss=4.096219
2026-10-05 18:20:38   step 500/2502: loss=4.046459
2026-10-05 18:21:07   step 600/2502: loss=3.882592
2026-10-05 18:21:38   step 700/2502: loss=4.531654
2026-10-05 18:22:08   step 800/2502: loss=3.692116
2026-10-05 18:22:38   step 900/2502: loss=4.017655
2026-10-05 18:23:06   step 1000/2502: loss=3.946113
2026-10-05 18:23:37   step 1100/2502: loss=4.110842
2026-10-05 18:24:05   step 1200/2502: loss=3.372320
2026-10-05 18:24:34   step 1300/2502: loss=3.140447
2026-10-05 18:25:04   step 1400/2502: loss=2.969136
2026-10-05 18:25:33   step 1500/2502: loss=4.145658
2026-10-05 18:26:02   step 1600/2502: loss=4.427371
2026-10-05 18:26:30   step 1700/2502: loss=4.384107
2026-10-05 18:27:00   step 1800/2502: loss=4.654029
2026-10-05 18:27:29   step 1900/2502: loss=4.053235
2026-10-05 18:27:58   step 2000/2502: loss=4.353860
2026-10-05 18:28:26   step 2100/2502: loss=4.559300
2026-10-05 18:28:55   step 2200/2502: loss=4.556509
2026-10-05 18:29:23   step 2300/2502: loss=3.843885
2026-10-05 18:29:52   step 2400/2502: loss=3.768133
2026-10-05 18:30:21   step 2500/2502: loss=3.331234
2026-10-05 18:30:28 [pjrt_ffi] RESIDENT: @vitin_emadp128x4wxclipdropeps0000001bf16_fwd holds 200 parameter tensors (21.8 MB) on 4 devices; they stop crossing PCIe from here
2026-10-05 18:31:08 Epoch 242/300: loss=3.872964 lr=0.000055
2026-10-05 18:31:08   epoch 242: test_acc = 35535/50000 = 71.070000%  top5 = 45223/50000 = 90.446000%  [95% CI 70.67–71.47]
2026-10-05 18:31:08   step 0/2502: loss=2.860978
2026-10-05 18:31:08   step 1/2502: loss=4.575243
2026-10-05 18:31:08   step 2/2502: loss=2.534238
2026-10-05 18:31:37   step 100/2502: loss=3.227993
2026-10-05 18:32:05   step 200/2502: loss=3.725370
2026-10-05 18:32:34   step 300/2502: loss=3.812388
2026-10-05 18:33:02   step 400/2502: loss=4.565973
2026-10-05 18:33:31   step 500/2502: loss=3.870641
2026-10-05 18:34:01   step 600/2502: loss=4.471667
2026-10-05 18:34:30   step 700/2502: loss=4.144543
2026-10-05 18:35:00   step 800/2502: loss=4.341092
2026-10-05 18:35:29   step 900/2502: loss=4.363200
2026-10-05 18:35:58   step 1000/2502: loss=4.248441
2026-10-05 18:36:28   step 1100/2502: loss=4.152410
2026-10-05 18:36:57   step 1200/2502: loss=2.464513
2026-10-05 18:37:27   step 1300/2502: loss=3.900218
2026-10-05 18:37:56   step 1400/2502: loss=4.476083
2026-10-05 18:38:25   step 1500/2502: loss=3.483382
2026-10-05 18:38:54   step 1600/2502: loss=3.345004
2026-10-05 18:39:22   step 1700/2502: loss=4.181925
2026-10-05 18:39:52   step 1800/2502: loss=3.992564
2026-10-05 18:40:22   step 1900/2502: loss=2.773494
2026-10-05 18:40:51   step 2000/2502: loss=4.351249
2026-10-05 18:41:20   step 2100/2502: loss=2.798317
2026-10-05 18:41:49   step 2200/2502: loss=4.166048
2026-10-05 18:42:18   step 2300/2502: loss=4.297583
2026-10-05 18:42:47   step 2400/2502: loss=3.283566
2026-10-05 18:43:16   step 2500/2502: loss=4.426903
2026-10-05 18:43:23 [pjrt_ffi] RESIDENT: @vitin_emadp128x4wxclipdropeps0000001bf16_fwd holds 200 parameter tensors (21.8 MB) on 4 devices; they stop crossing PCIe from here
2026-10-05 18:44:01 Epoch 243/300: loss=3.854566 lr=0.000054
2026-10-05 18:44:01   epoch 243: test_acc = 35551/50000 = 71.102000%  top5 = 45259/50000 = 90.518000%  [95% CI 70.70–71.50]
2026-10-05 18:44:01   step 0/2502: loss=4.171687
2026-10-05 18:44:02   step 1/2502: loss=3.880885
2026-10-05 18:44:02   step 2/2502: loss=3.835712
2026-10-05 18:44:30   step 100/2502: loss=3.283688
2026-10-05 18:44:59   step 200/2502: loss=3.922076
2026-10-05 18:45:27   step 300/2502: loss=4.749093
2026-10-05 18:45:57   step 400/2502: loss=3.443756
2026-10-05 18:46:26   step 500/2502: loss=4.208088
2026-10-05 18:46:55   step 600/2502: loss=4.463197
2026-10-05 18:47:25   step 700/2502: loss=4.364095
2026-10-05 18:47:54   step 800/2502: loss=3.745007
2026-10-05 18:48:24   step 900/2502: loss=3.259755
2026-10-05 18:48:52   step 1000/2502: loss=3.392159
2026-10-05 18:49:23   step 1100/2502: loss=3.126896
2026-10-05 18:49:52   step 1200/2502: loss=4.278293
2026-10-05 18:50:22   step 1300/2502: loss=3.095270
2026-10-05 18:50:51   step 1400/2502: loss=3.233037
2026-10-05 18:51:19   step 1500/2502: loss=3.829798
2026-10-05 18:51:49   step 1600/2502: loss=3.778865
2026-10-05 18:52:17   step 1700/2502: loss=2.717863
2026-10-05 18:52:46   step 1800/2502: loss=4.003881
2026-10-05 18:53:16   step 1900/2502: loss=3.887191
2026-10-05 18:53:44   step 2000/2502: loss=3.641738
2026-10-05 18:54:13   step 2100/2502: loss=3.544809
2026-10-05 18:54:41   step 2200/2502: loss=2.385880
2026-10-05 18:55:12   step 2300/2502: loss=4.600669
2026-10-05 18:55:40   step 2400/2502: loss=3.147647
2026-10-05 18:56:09   step 2500/2502: loss=4.211629
2026-10-05 18:56:16 [pjrt_ffi] RESIDENT: @vitin_emadp128x4wxclipdropeps0000001bf16_fwd holds 200 parameter tensors (21.8 MB) on 4 devices; they stop crossing PCIe from here
2026-10-05 18:56:57 Epoch 244/300: loss=3.852444 lr=0.000052
2026-10-05 18:56:57   epoch 244: test_acc = 35572/50000 = 71.144000%  top5 = 45270/50000 = 90.540000%  [95% CI 70.75–71.54]
2026-10-05 18:56:57   step 0/2502: loss=4.094843
2026-10-05 18:56:57   step 1/2502: loss=4.023341
2026-10-05 18:56:57   step 2/2502: loss=3.281789
2026-10-05 18:57:26   step 100/2502: loss=4.490806
2026-10-05 18:57:55   step 200/2502: loss=3.558051
2026-10-05 18:58:23   step 300/2502: loss=4.466125
2026-10-05 18:58:53   step 400/2502: loss=3.927886
2026-10-05 18:59:21   step 500/2502: loss=3.343331
2026-10-05 18:59:50   step 600/2502: loss=3.462748
2026-10-05 19:00:19   step 700/2502: loss=4.111866
2026-10-05 19:00:49   step 800/2502: loss=3.964499
2026-10-05 19:01:18   step 900/2502: loss=4.498405
2026-10-05 19:01:48   step 1000/2502: loss=4.099228
2026-10-05 19:02:17   step 1100/2502: loss=3.664560
2026-10-05 19:02:46   step 1200/2502: loss=3.908227
2026-10-05 19:03:15   step 1300/2502: loss=4.408304
2026-10-05 19:03:45   step 1400/2502: loss=3.924824
2026-10-05 19:04:14   step 1500/2502: loss=4.146782
2026-10-05 19:04:44   step 1600/2502: loss=4.122778
2026-10-05 19:05:12   step 1700/2502: loss=4.712011
2026-10-05 19:05:41   step 1800/2502: loss=4.305119
2026-10-05 19:06:10   step 1900/2502: loss=3.060694
2026-10-05 19:06:38   step 2000/2502: loss=3.090022
2026-10-05 19:07:07   step 2100/2502: loss=2.808696
2026-10-05 19:07:39   step 2200/2502: loss=4.043471
2026-10-05 19:08:09   step 2300/2502: loss=2.730828
2026-10-05 19:08:38   step 2400/2502: loss=3.473942
2026-10-05 19:09:07   step 2500/2502: loss=3.812938
2026-10-05 19:09:14 [pjrt_ffi] RESIDENT: @vitin_emadp128x4wxclipdropeps0000001bf16_fwd holds 200 parameter tensors (21.8 MB) on 4 devices; they stop crossing PCIe from here
2026-10-05 19:09:51 Epoch 245/300: loss=3.859353 lr=0.000051
2026-10-05 19:09:51   epoch 245: test_acc = 35586/50000 = 71.172000%  top5 = 45281/50000 = 90.562000%  [95% CI 70.77–71.57]
2026-10-05 19:09:51   step 0/2502: loss=4.154598
2026-10-05 19:09:51   step 1/2502: loss=3.838477
2026-10-05 19:09:51   step 2/2502: loss=4.007071
2026-10-05 19:10:20   step 100/2502: loss=4.164870
2026-10-05 19:10:49   step 200/2502: loss=4.516882
2026-10-05 19:11:20   step 300/2502: loss=4.294026
2026-10-05 19:11:56   step 400/2502: loss=3.414344
2026-10-05 19:12:25   step 500/2502: loss=4.001937
2026-10-05 19:13:04   step 600/2502: loss=4.402358
2026-10-05 19:13:38   step 700/2502: loss=3.747531
2026-10-05 19:14:07   step 800/2502: loss=4.654726
2026-10-05 19:14:38   step 900/2502: loss=4.290182
2026-10-05 19:15:09   step 1000/2502: loss=4.470404
2026-10-05 19:15:40   step 1100/2502: loss=3.614847
2026-10-05 19:16:11   step 1200/2502: loss=4.339281
2026-10-05 19:16:42   step 1300/2502: loss=3.019352
2026-10-05 19:17:13   step 1400/2502: loss=4.105836
2026-10-05 19:17:46   step 1500/2502: loss=4.126701
2026-10-05 19:18:17   step 1600/2502: loss=4.202290
2026-10-05 19:18:47   step 1700/2502: loss=2.691122
2026-10-05 19:19:18   step 1800/2502: loss=4.460159
2026-10-05 19:19:48   step 1900/2502: loss=3.796536
2026-10-05 19:20:19   step 2000/2502: loss=3.217330
2026-10-05 19:20:49   step 2100/2502: loss=4.296747
2026-10-05 19:21:20   step 2200/2502: loss=4.002043
2026-10-05 19:21:50   step 2300/2502: loss=4.268789
2026-10-05 19:22:22   step 2400/2502: loss=4.687150
2026-10-05 19:23:03   step 2500/2502: loss=3.539475
2026-10-05 19:23:12 [pjrt_ffi] RESIDENT: @vitin_emadp128x4wxclipdropeps0000001bf16_fwd holds 200 parameter tensors (21.8 MB) on 4 devices; they stop crossing PCIe from here
2026-10-05 19:23:50 Epoch 246/300: loss=3.859559 lr=0.000049
2026-10-05 19:23:50   epoch 246: test_acc = 35616/50000 = 71.232000%  top5 = 45292/50000 = 90.584000%  [95% CI 70.83–71.63]
2026-10-05 19:23:51   step 0/2502: loss=3.996985
2026-10-05 19:23:51   step 1/2502: loss=4.246387
2026-10-05 19:23:51   step 2/2502: loss=4.434854
2026-10-05 19:24:22   step 100/2502: loss=4.015879
2026-10-05 19:24:51   step 200/2502: loss=4.578568
2026-10-05 19:25:20   step 300/2502: loss=4.088801
2026-10-05 19:25:48   step 400/2502: loss=2.998659
2026-10-05 19:26:18   step 500/2502: loss=4.302263
2026-10-05 19:26:46   step 600/2502: loss=2.366865
2026-10-05 19:27:16   step 700/2502: loss=3.952876
2026-10-05 19:27:45   step 800/2502: loss=2.877408
2026-10-05 19:28:15   step 900/2502: loss=3.758654
2026-10-05 19:28:45   step 1000/2502: loss=4.579121
2026-10-05 19:29:14   step 1100/2502: loss=4.318284
2026-10-05 19:29:43   step 1200/2502: loss=3.500263
2026-10-05 19:30:12   step 1300/2502: loss=3.062627
2026-10-05 19:30:41   step 1400/2502: loss=4.572606
2026-10-05 19:31:10   step 1500/2502: loss=4.313694
2026-10-05 19:31:39   step 1600/2502: loss=2.829578
2026-10-05 19:32:09   step 1700/2502: loss=3.837066
2026-10-05 19:32:38   step 1800/2502: loss=4.135813
2026-10-05 19:33:06   step 1900/2502: loss=4.036809
2026-10-05 19:33:35   step 2000/2502: loss=4.607947
2026-10-05 19:34:04   step 2100/2502: loss=4.108169
2026-10-05 19:34:33   step 2200/2502: loss=2.739028
2026-10-05 19:35:02   step 2300/2502: loss=4.407467
2026-10-05 19:35:32   step 2400/2502: loss=3.166636
2026-10-05 19:36:01   step 2500/2502: loss=4.178904
2026-10-05 19:36:08 [pjrt_ffi] RESIDENT: @vitin_emadp128x4wxclipdropeps0000001bf16_fwd holds 200 parameter tensors (21.8 MB) on 4 devices; they stop crossing PCIe from here
2026-10-05 19:36:47 Epoch 247/300: loss=3.821398 lr=0.000048
2026-10-05 19:36:47   epoch 247: test_acc = 35648/50000 = 71.296000%  top5 = 45302/50000 = 90.604000%  [95% CI 70.90–71.69]
2026-10-05 19:36:47   step 0/2502: loss=4.120792
2026-10-05 19:36:47   step 1/2502: loss=4.687511
2026-10-05 19:36:47   step 2/2502: loss=3.801966
2026-10-05 19:37:15   step 100/2502: loss=4.038034
2026-10-05 19:37:44   step 200/2502: loss=3.798604
2026-10-05 19:38:12   step 300/2502: loss=4.434109
2026-10-05 19:38:41   step 400/2502: loss=3.749900
2026-10-05 19:39:10   step 500/2502: loss=3.452389
2026-10-05 19:39:38   step 600/2502: loss=4.179232
2026-10-05 19:40:08   step 700/2502: loss=3.880299
2026-10-05 19:40:36   step 800/2502: loss=2.826414
2026-10-05 19:41:06   step 900/2502: loss=4.577953
2026-10-05 19:41:36   step 1000/2502: loss=4.273737
2026-10-05 19:42:05   step 1100/2502: loss=2.717978
2026-10-05 19:42:34   step 1200/2502: loss=2.797527
2026-10-05 19:43:02   step 1300/2502: loss=4.728259
2026-10-05 19:43:32   step 1400/2502: loss=3.244266
2026-10-05 19:44:02   step 1500/2502: loss=4.445531
2026-10-05 19:44:32   step 1600/2502: loss=4.017617
2026-10-05 19:45:00   step 1700/2502: loss=4.361145
2026-10-05 19:45:29   step 1800/2502: loss=3.504735
2026-10-05 19:45:58   step 1900/2502: loss=3.860140
2026-10-05 19:46:26   step 2000/2502: loss=4.278215
2026-10-05 19:46:55   step 2100/2502: loss=4.513289
2026-10-05 19:47:25   step 2200/2502: loss=4.325384
2026-10-05 19:47:54   step 2300/2502: loss=3.246182
2026-10-05 19:48:23   step 2400/2502: loss=3.772335
2026-10-05 19:48:51   step 2500/2502: loss=3.546718
2026-10-05 19:48:58 [pjrt_ffi] RESIDENT: @vitin_emadp128x4wxclipdropeps0000001bf16_fwd holds 200 parameter tensors (21.8 MB) on 4 devices; they stop crossing PCIe from here
2026-10-05 19:49:32 Epoch 248/300: loss=3.835737 lr=0.000047
2026-10-05 19:49:32   epoch 248: test_acc = 35670/50000 = 71.340000%  top5 = 45302/50000 = 90.604000%  [95% CI 70.94–71.73]
2026-10-05 19:49:33   step 0/2502: loss=3.444311
2026-10-05 19:49:33   step 1/2502: loss=3.973670
2026-10-05 19:49:33   step 2/2502: loss=3.888461
2026-10-05 19:50:01   step 100/2502: loss=2.783159
2026-10-05 19:50:30   step 200/2502: loss=4.195249
2026-10-05 19:51:00   step 300/2502: loss=4.433234
2026-10-05 19:51:28   step 400/2502: loss=3.945269
2026-10-05 19:51:57   step 500/2502: loss=2.762280
2026-10-05 19:52:28   step 600/2502: loss=4.096442
2026-10-05 19:52:57   step 700/2502: loss=2.861465
2026-10-05 19:53:28   step 800/2502: loss=3.210463
2026-10-05 19:53:57   step 900/2502: loss=4.652266
2026-10-05 19:54:25   step 1000/2502: loss=4.210679
2026-10-05 19:54:55   step 1100/2502: loss=2.957450
2026-10-05 19:55:24   step 1200/2502: loss=3.773395
2026-10-05 19:55:53   step 1300/2502: loss=3.891660
2026-10-05 19:56:22   step 1400/2502: loss=4.363018
2026-10-05 19:56:52   step 1500/2502: loss=2.595611
2026-10-05 19:57:21   step 1600/2502: loss=3.529557
2026-10-05 19:57:49   step 1700/2502: loss=4.235389
2026-10-05 19:58:18   step 1800/2502: loss=3.747866
2026-10-05 19:58:47   step 1900/2502: loss=4.438238
2026-10-05 19:59:16   step 2000/2502: loss=4.146036
2026-10-05 19:59:45   step 2100/2502: loss=4.181707
2026-10-05 20:00:14   step 2200/2502: loss=2.996909
2026-10-05 20:00:43   step 2300/2502: loss=4.574635
2026-10-05 20:01:12   step 2400/2502: loss=3.535973
2026-10-05 20:01:41   step 2500/2502: loss=4.298671
2026-10-05 20:01:48 [pjrt_ffi] RESIDENT: @vitin_emadp128x4wxclipdropeps0000001bf16_fwd holds 200 parameter tensors (21.8 MB) on 4 devices; they stop crossing PCIe from here
2026-10-05 20:02:22 Epoch 249/300: loss=3.812408 lr=0.000045
2026-10-05 20:02:22   epoch 249: test_acc = 35704/50000 = 71.408000%  top5 = 45315/50000 = 90.630000%  [95% CI 71.01–71.80]
2026-10-05 20:02:24   step 0/2502: loss=3.674750
2026-10-05 20:02:24   step 1/2502: loss=3.018116
2026-10-05 20:02:24   step 2/2502: loss=4.180044
2026-10-05 20:02:52   step 100/2502: loss=4.038161
2026-10-05 20:03:21   step 200/2502: loss=3.864367
2026-10-05 20:03:49   step 300/2502: loss=4.011282
2026-10-05 20:04:18   step 400/2502: loss=2.798445
2026-10-05 20:04:46   step 500/2502: loss=3.580975
2026-10-05 20:05:16   step 600/2502: loss=3.117887
2026-10-05 20:05:45   step 700/2502: loss=3.977103
2026-10-05 20:06:15   step 800/2502: loss=4.561828
2026-10-05 20:06:44   step 900/2502: loss=4.186321
2026-10-05 20:07:13   step 1000/2502: loss=2.628029
2026-10-05 20:07:43   step 1100/2502: loss=3.318267
2026-10-05 20:08:12   step 1200/2502: loss=4.541564
2026-10-05 20:08:41   step 1300/2502: loss=4.175414
2026-10-05 20:09:10   step 1400/2502: loss=3.097681
2026-10-05 20:09:40   step 1500/2502: loss=4.032039
2026-10-05 20:10:10   step 1600/2502: loss=3.575152
2026-10-05 20:10:39   step 1700/2502: loss=4.334628
2026-10-05 20:11:08   step 1800/2502: loss=3.921173
2026-10-05 20:11:36   step 1900/2502: loss=3.337830
2026-10-05 20:12:05   step 2000/2502: loss=4.720265
2026-10-05 20:12:34   step 2100/2502: loss=3.947323
2026-10-05 20:13:02   step 2200/2502: loss=4.175428
2026-10-05 20:13:33   step 2300/2502: loss=3.479097
2026-10-05 20:14:02   step 2400/2502: loss=3.480747
2026-10-05 20:14:31   step 2500/2502: loss=3.765298
2026-10-05 20:14:36 [pjrt_ffi] RESIDENT: @vitin_emadp128x4wxclipdropeps0000001bf16_fwd holds 200 parameter tensors (21.8 MB) on 4 devices; they stop crossing PCIe from here
2026-10-05 20:15:11 Epoch 250/300: loss=3.829630 lr=0.000044
2026-10-05 20:15:11   epoch 250: test_acc = 35690/50000 = 71.380000%  top5 = 45341/50000 = 90.682000%  [95% CI 70.98–71.77]
2026-10-05 20:15:15   ▸ shim respawn: producer 0 of 4 replaced after epoch 250 (generation 25, seed 101)
2026-10-05 20:15:18   step 0/2502: loss=2.911509
2026-10-05 20:15:18   step 1/2502: loss=4.324574
2026-10-05 20:15:18   step 2/2502: loss=3.686502
2026-10-05 20:15:46   step 100/2502: loss=4.344707
2026-10-05 20:16:15   step 200/2502: loss=3.649963
2026-10-05 20:16:44   step 300/2502: loss=4.093098
2026-10-05 20:17:12   step 400/2502: loss=2.628806
2026-10-05 20:17:41   step 500/2502: loss=3.716308
2026-10-05 20:18:10   step 600/2502: loss=3.730299
2026-10-05 20:18:40   step 700/2502: loss=4.122259
2026-10-05 20:19:10   step 800/2502: loss=4.347950
2026-10-05 20:19:38   step 900/2502: loss=3.948509
2026-10-05 20:20:08   step 1000/2502: loss=4.634469
2026-10-05 20:20:36   step 1100/2502: loss=4.268270
2026-10-05 20:21:07   step 1200/2502: loss=4.242281
2026-10-05 20:21:35   step 1300/2502: loss=4.234303
2026-10-05 20:22:05   step 1400/2502: loss=3.755218
2026-10-05 20:22:34   step 1500/2502: loss=3.868998
2026-10-05 20:23:02   step 1600/2502: loss=2.390141
2026-10-05 20:23:32   step 1700/2502: loss=4.201536
2026-10-05 20:24:00   step 1800/2502: loss=4.313222
2026-10-05 20:24:31   step 1900/2502: loss=2.682993
2026-10-05 20:25:00   step 2000/2502: loss=4.619397
2026-10-05 20:25:28   step 2100/2502: loss=3.239247
2026-10-05 20:25:57   step 2200/2502: loss=3.473862
2026-10-05 20:26:26   step 2300/2502: loss=4.059542
2026-10-05 20:26:54   step 2400/2502: loss=2.650077
2026-10-05 20:27:24   step 2500/2502: loss=4.181929
2026-10-05 20:27:30 [pjrt_ffi] RESIDENT: @vitin_emadp128x4wxclipdropeps0000001bf16_fwd holds 200 parameter tensors (21.8 MB) on 4 devices; they stop crossing PCIe from here
2026-10-05 20:28:06 Epoch 251/300: loss=3.825338 lr=0.000043
2026-10-05 20:28:06   epoch 251: test_acc = 35715/50000 = 71.430000%  top5 = 45341/50000 = 90.682000%  [95% CI 71.03–71.82]
2026-10-05 20:28:06   step 0/2502: loss=4.386883
2026-10-05 20:28:06   step 1/2502: loss=4.098384
2026-10-05 20:28:07   step 2/2502: loss=3.878785
2026-10-05 20:28:35   step 100/2502: loss=4.254050
2026-10-05 20:29:04   step 200/2502: loss=4.132337
2026-10-05 20:29:33   step 300/2502: loss=4.694597
2026-10-05 20:30:02   step 400/2502: loss=4.173704
2026-10-05 20:30:31   step 500/2502: loss=3.954473
2026-10-05 20:31:00   step 600/2502: loss=4.155179
2026-10-05 20:31:30   step 700/2502: loss=4.761718
2026-10-05 20:32:01   step 800/2502: loss=4.092727
2026-10-05 20:32:29   step 900/2502: loss=4.488557
2026-10-05 20:32:58   step 1000/2502: loss=4.214517
2026-10-05 20:33:28   step 1100/2502: loss=4.393808
2026-10-05 20:33:57   step 1200/2502: loss=4.273748
2026-10-05 20:34:27   step 1300/2502: loss=4.193637
2026-10-05 20:34:56   step 1400/2502: loss=4.220089
2026-10-05 20:35:25   step 1500/2502: loss=4.204443
2026-10-05 20:35:53   step 1600/2502: loss=4.044084
2026-10-05 20:36:22   step 1700/2502: loss=4.493712
2026-10-05 20:36:52   step 1800/2502: loss=4.387846
2026-10-05 20:37:21   step 1900/2502: loss=2.885101
2026-10-05 20:37:50   step 2000/2502: loss=3.967767
2026-10-05 20:38:18   step 2100/2502: loss=3.833224
2026-10-05 20:38:47   step 2200/2502: loss=3.890226
2026-10-05 20:39:17   step 2300/2502: loss=3.165681
2026-10-05 20:39:46   step 2400/2502: loss=4.207212
2026-10-05 20:40:15   step 2500/2502: loss=3.760449
2026-10-05 20:40:22 [pjrt_ffi] RESIDENT: @vitin_emadp128x4wxclipdropeps0000001bf16_fwd holds 200 parameter tensors (21.8 MB) on 4 devices; they stop crossing PCIe from here
2026-10-05 20:41:01 Epoch 252/300: loss=3.822231 lr=0.000041
2026-10-05 20:41:01   epoch 252: test_acc = 35727/50000 = 71.454000%  top5 = 45350/50000 = 90.700000%  [95% CI 71.06–71.85]
2026-10-05 20:41:01   step 0/2502: loss=3.834106
2026-10-05 20:41:01   step 1/2502: loss=4.380011
2026-10-05 20:41:01   step 2/2502: loss=3.919456
2026-10-05 20:41:30   step 100/2502: loss=4.089923
2026-10-05 20:41:58   step 200/2502: loss=3.976891
2026-10-05 20:42:28   step 300/2502: loss=3.375333
2026-10-05 20:42:56   step 400/2502: loss=2.784432
2026-10-05 20:43:25   step 500/2502: loss=3.953049
2026-10-05 20:43:54   step 600/2502: loss=4.066855
2026-10-05 20:44:24   step 700/2502: loss=4.564141
2026-10-05 20:44:54   step 800/2502: loss=4.302713
2026-10-05 20:45:23   step 900/2502: loss=3.408011
2026-10-05 20:45:51   step 1000/2502: loss=3.927361
2026-10-05 20:46:21   step 1100/2502: loss=3.217740
2026-10-05 20:46:50   step 1200/2502: loss=3.750338
2026-10-05 20:47:19   step 1300/2502: loss=3.288129
2026-10-05 20:47:49   step 1400/2502: loss=4.220698
2026-10-05 20:48:18   step 1500/2502: loss=4.056345
2026-10-05 20:48:47   step 1600/2502: loss=3.862850
2026-10-05 20:49:17   step 1700/2502: loss=3.526472
2026-10-05 20:49:46   step 1800/2502: loss=3.924837
2026-10-05 20:50:15   step 1900/2502: loss=3.126208
2026-10-05 20:50:44   step 2000/2502: loss=3.347775
2026-10-05 20:51:13   step 2100/2502: loss=2.642193
2026-10-05 20:51:41   step 2200/2502: loss=3.683747
2026-10-05 20:52:10   step 2300/2502: loss=4.325198
2026-10-05 20:52:38   step 2400/2502: loss=4.123879
2026-10-05 20:53:07   step 2500/2502: loss=2.686229
2026-10-05 20:53:15 [pjrt_ffi] RESIDENT: @vitin_emadp128x4wxclipdropeps0000001bf16_fwd holds 200 parameter tensors (21.8 MB) on 4 devices; they stop crossing PCIe from here
2026-10-05 20:53:54 Epoch 253/300: loss=3.823641 lr=0.000040
2026-10-05 20:53:54   epoch 253: test_acc = 35746/50000 = 71.492000%  top5 = 45348/50000 = 90.696000%  [95% CI 71.09–71.89]
2026-10-05 20:53:54   step 0/2502: loss=4.272790
2026-10-05 20:53:54   step 1/2502: loss=3.936593
2026-10-05 20:53:54   step 2/2502: loss=3.191977
2026-10-05 20:54:23   step 100/2502: loss=2.981951
2026-10-05 20:54:51   step 200/2502: loss=3.035641
2026-10-05 20:55:20   step 300/2502: loss=3.931474
2026-10-05 20:55:49   step 400/2502: loss=2.775782
2026-10-05 20:56:18   step 500/2502: loss=4.123472
2026-10-05 20:56:46   step 600/2502: loss=3.843694
2026-10-05 20:57:16   step 700/2502: loss=3.730434
2026-10-05 20:57:49   step 800/2502: loss=4.476866
2026-10-05 20:58:19   step 900/2502: loss=4.112875
2026-10-05 20:58:49   step 1000/2502: loss=4.250500
2026-10-05 20:59:19   step 1100/2502: loss=3.844719
2026-10-05 20:59:49   step 1200/2502: loss=4.391691
2026-10-05 21:00:18   step 1300/2502: loss=3.740553
2026-10-05 21:00:48   step 1400/2502: loss=3.391283
2026-10-05 21:01:16   step 1500/2502: loss=4.296553
2026-10-05 21:01:45   step 1600/2502: loss=4.615872
2026-10-05 21:02:14   step 1700/2502: loss=2.569257
2026-10-05 21:02:44   step 1800/2502: loss=4.140416
2026-10-05 21:03:15   step 1900/2502: loss=3.906414
2026-10-05 21:03:45   step 2000/2502: loss=2.537035
2026-10-05 21:04:15   step 2100/2502: loss=3.599655
2026-10-05 21:04:44   step 2200/2502: loss=4.636924
2026-10-05 21:05:13   step 2300/2502: loss=3.989650
2026-10-05 21:05:44   step 2400/2502: loss=3.659827
2026-10-05 21:06:13   step 2500/2502: loss=3.289011
2026-10-05 21:06:21 [pjrt_ffi] RESIDENT: @vitin_emadp128x4wxclipdropeps0000001bf16_fwd holds 200 parameter tensors (21.8 MB) on 4 devices; they stop crossing PCIe from here
2026-10-05 21:06:59 Epoch 254/300: loss=3.815211 lr=0.000039
2026-10-05 21:06:59   epoch 254: test_acc = 35752/50000 = 71.504000%  top5 = 45348/50000 = 90.696000%  [95% CI 71.11–71.90]
2026-10-05 21:06:59   step 0/2502: loss=4.300568
2026-10-05 21:06:59   step 1/2502: loss=4.217175
2026-10-05 21:06:59   step 2/2502: loss=3.030191
2026-10-05 21:07:28   step 100/2502: loss=3.437662
2026-10-05 21:07:57   step 200/2502: loss=3.920639
2026-10-05 21:08:26   step 300/2502: loss=3.152547
2026-10-05 21:08:55   step 400/2502: loss=4.475096
2026-10-05 21:09:23   step 500/2502: loss=3.697638
2026-10-05 21:09:52   step 600/2502: loss=4.432406
2026-10-05 21:10:22   step 700/2502: loss=4.031538
2026-10-05 21:10:51   step 800/2502: loss=2.644806
2026-10-05 21:11:21   step 900/2502: loss=4.021991
2026-10-05 21:11:50   step 1000/2502: loss=4.734914
2026-10-05 21:12:22   step 1100/2502: loss=4.033978
2026-10-05 21:12:51   step 1200/2502: loss=2.677268
2026-10-05 21:13:21   step 1300/2502: loss=4.034492
2026-10-05 21:13:50   step 1400/2502: loss=4.810833
2026-10-05 21:14:20   step 1500/2502: loss=3.594274
2026-10-05 21:14:49   step 1600/2502: loss=4.213451
2026-10-05 21:15:22   step 1700/2502: loss=3.321297
2026-10-05 21:15:53   step 1800/2502: loss=2.795547
2026-10-05 21:16:22   step 1900/2502: loss=4.374993
2026-10-05 21:16:51   step 2000/2502: loss=4.499662
2026-10-05 21:17:19   step 2100/2502: loss=3.217948
2026-10-05 21:17:48   step 2200/2502: loss=3.692163
2026-10-05 21:18:17   step 2300/2502: loss=3.624583
2026-10-05 21:18:46   step 2400/2502: loss=3.608226
2026-10-05 21:19:16   step 2500/2502: loss=4.243958
2026-10-05 21:19:23 [pjrt_ffi] RESIDENT: @vitin_emadp128x4wxclipdropeps0000001bf16_fwd holds 200 parameter tensors (21.8 MB) on 4 devices; they stop crossing PCIe from here
2026-10-05 21:19:59 Epoch 255/300: loss=3.796692 lr=0.000038
2026-10-05 21:19:59   epoch 255: test_acc = 35768/50000 = 71.536000%  top5 = 45350/50000 = 90.700000%  [95% CI 71.14–71.93]
2026-10-05 21:20:00   step 0/2502: loss=3.545304
2026-10-05 21:20:00   step 1/2502: loss=4.420751
2026-10-05 21:20:00   step 2/2502: loss=3.552378
2026-10-05 21:20:29   step 100/2502: loss=4.428649
2026-10-05 21:20:57   step 200/2502: loss=4.008706
2026-10-05 21:21:26   step 300/2502: loss=3.127900
2026-10-05 21:21:54   step 400/2502: loss=3.301351
2026-10-05 21:22:23   step 500/2502: loss=4.426482
2026-10-05 21:22:52   step 600/2502: loss=4.307958
2026-10-05 21:23:22   step 700/2502: loss=3.173445
2026-10-05 21:23:51   step 800/2502: loss=2.972201
2026-10-05 21:24:21   step 900/2502: loss=4.249919
2026-10-05 21:24:50   step 1000/2502: loss=4.165997
2026-10-05 21:25:20   step 1100/2502: loss=3.953705
2026-10-05 21:25:49   step 1200/2502: loss=3.885943
2026-10-05 21:26:18   step 1300/2502: loss=3.678717
2026-10-05 21:26:48   step 1400/2502: loss=4.126183
2026-10-05 21:27:16   step 1500/2502: loss=3.779791
2026-10-05 21:27:45   step 1600/2502: loss=4.159112
2026-10-05 21:28:14   step 1700/2502: loss=4.473058
2026-10-05 21:28:43   step 1800/2502: loss=2.962564
2026-10-05 21:29:12   step 1900/2502: loss=3.107807
2026-10-05 21:29:41   step 2000/2502: loss=3.862604
2026-10-05 21:30:10   step 2100/2502: loss=4.602933
2026-10-05 21:30:39   step 2200/2502: loss=3.944574
2026-10-05 21:31:07   step 2300/2502: loss=4.388205
2026-10-05 21:31:36   step 2400/2502: loss=3.875175
2026-10-05 21:32:04   step 2500/2502: loss=4.310599
2026-10-05 21:32:12 [pjrt_ffi] RESIDENT: @vitin_emadp128x4wxclipdropeps0000001bf16_fwd holds 200 parameter tensors (21.8 MB) on 4 devices; they stop crossing PCIe from here
2026-10-05 21:32:50 Epoch 256/300: loss=3.806596 lr=0.000036
2026-10-05 21:32:50   epoch 256: test_acc = 35775/50000 = 71.550000%  top5 = 45371/50000 = 90.742000%  [95% CI 71.15–71.94]
2026-10-05 21:32:50   step 0/2502: loss=4.205634
2026-10-05 21:32:51   step 1/2502: loss=3.593524
2026-10-05 21:32:51   step 2/2502: loss=4.108444
2026-10-05 21:33:19   step 100/2502: loss=2.997794
2026-10-05 21:33:48   step 200/2502: loss=3.690910
2026-10-05 21:34:17   step 300/2502: loss=4.463674
2026-10-05 21:34:46   step 400/2502: loss=4.009799
2026-10-05 21:35:14   step 500/2502: loss=4.519762
2026-10-05 21:35:44   step 600/2502: loss=3.694801
2026-10-05 21:36:14   step 700/2502: loss=4.181823
2026-10-05 21:36:42   step 800/2502: loss=4.189873
2026-10-05 21:37:13   step 900/2502: loss=4.658537
2026-10-05 21:37:46   step 1000/2502: loss=3.039289
2026-10-05 21:38:15   step 1100/2502: loss=2.842707
2026-10-05 21:38:44   step 1200/2502: loss=3.938479
2026-10-05 21:39:14   step 1300/2502: loss=3.232705
2026-10-05 21:39:43   step 1400/2502: loss=4.167749
2026-10-05 21:40:12   step 1500/2502: loss=4.193419
2026-10-05 21:40:41   step 1600/2502: loss=3.779102
2026-10-05 21:41:09   step 1700/2502: loss=2.451982
2026-10-05 21:41:38   step 1800/2502: loss=4.061060
2026-10-05 21:42:07   step 1900/2502: loss=4.716127
2026-10-05 21:42:36   step 2000/2502: loss=3.153753
2026-10-05 21:43:04   step 2100/2502: loss=3.972081
2026-10-05 21:43:33   step 2200/2502: loss=3.956159
2026-10-05 21:44:02   step 2300/2502: loss=4.363421
2026-10-05 21:44:30   step 2400/2502: loss=4.414636
2026-10-05 21:44:59   step 2500/2502: loss=3.388355
2026-10-05 21:45:07 [pjrt_ffi] RESIDENT: @vitin_emadp128x4wxclipdropeps0000001bf16_fwd holds 200 parameter tensors (21.8 MB) on 4 devices; they stop crossing PCIe from here
2026-10-05 21:45:47 Epoch 257/300: loss=3.791711 lr=0.000035
2026-10-05 21:45:47   epoch 257: test_acc = 35795/50000 = 71.590000%  top5 = 45386/50000 = 90.772000%  [95% CI 71.19–71.98]
2026-10-05 21:45:47   step 0/2502: loss=4.231099
2026-10-05 21:45:47   step 1/2502: loss=4.162698
2026-10-05 21:45:47   step 2/2502: loss=4.318259
2026-10-05 21:46:16   step 100/2502: loss=3.464586
2026-10-05 21:46:45   step 200/2502: loss=3.394865
2026-10-05 21:47:14   step 300/2502: loss=4.438458
2026-10-05 21:47:42   step 400/2502: loss=3.041917
2026-10-05 21:48:11   step 500/2502: loss=4.343187
2026-10-05 21:48:40   step 600/2502: loss=3.801095
2026-10-05 21:49:11   step 700/2502: loss=4.267375
2026-10-05 21:49:39   step 800/2502: loss=3.823944
2026-10-05 21:50:09   step 900/2502: loss=3.381385
2026-10-05 21:50:37   step 1000/2502: loss=4.329827
2026-10-05 21:51:08   step 1100/2502: loss=4.477204
2026-10-05 21:51:36   step 1200/2502: loss=3.060716
2026-10-05 21:52:05   step 1300/2502: loss=4.256684
2026-10-05 21:52:34   step 1400/2502: loss=4.204473
2026-10-05 21:53:03   step 1500/2502: loss=4.199475
2026-10-05 21:53:32   step 1600/2502: loss=4.268452
2026-10-05 21:54:03   step 1700/2502: loss=4.165883
2026-10-05 21:54:32   step 1800/2502: loss=3.333919
2026-10-05 21:55:01   step 1900/2502: loss=4.228363
2026-10-05 21:55:29   step 2000/2502: loss=4.421076
2026-10-05 21:55:58   step 2100/2502: loss=4.194924
2026-10-05 21:56:27   step 2200/2502: loss=3.267427
2026-10-05 21:56:57   step 2300/2502: loss=4.207924
2026-10-05 21:57:26   step 2400/2502: loss=3.139601
2026-10-05 21:57:56   step 2500/2502: loss=4.056756
2026-10-05 21:58:02 [pjrt_ffi] RESIDENT: @vitin_emadp128x4wxclipdropeps0000001bf16_fwd holds 200 parameter tensors (21.8 MB) on 4 devices; they stop crossing PCIe from here
2026-10-05 21:58:39 Epoch 258/300: loss=3.809442 lr=0.000034
2026-10-05 21:58:39   epoch 258: test_acc = 35810/50000 = 71.620000%  top5 = 45397/50000 = 90.794000%  [95% CI 71.22–72.01]
2026-10-05 21:58:39   step 0/2502: loss=3.510155
2026-10-05 21:58:39   step 1/2502: loss=4.192443
2026-10-05 21:58:39   step 2/2502: loss=4.216388
2026-10-05 21:59:07   step 100/2502: loss=3.998841
2026-10-05 21:59:36   step 200/2502: loss=4.385560
2026-10-05 22:00:05   step 300/2502: loss=3.957701
2026-10-05 22:00:33   step 400/2502: loss=3.948754
2026-10-05 22:01:01   step 500/2502: loss=3.792362
2026-10-05 22:01:31   step 600/2502: loss=4.743243
2026-10-05 22:02:02   step 700/2502: loss=4.114425
2026-10-05 22:02:30   step 800/2502: loss=4.520284
2026-10-05 22:02:59   step 900/2502: loss=4.011575
2026-10-05 22:03:30   step 1000/2502: loss=4.216978
2026-10-05 22:03:59   step 1100/2502: loss=3.759408
2026-10-05 22:04:27   step 1200/2502: loss=4.076184
2026-10-05 22:04:57   step 1300/2502: loss=3.583097
2026-10-05 22:05:26   step 1400/2502: loss=3.557258
2026-10-05 22:05:55   step 1500/2502: loss=4.380121
2026-10-05 22:06:23   step 1600/2502: loss=3.535105
2026-10-05 22:06:52   step 1700/2502: loss=2.767513
2026-10-05 22:07:22   step 1800/2502: loss=3.666784
2026-10-05 22:07:51   step 1900/2502: loss=3.208835
2026-10-05 22:08:19   step 2000/2502: loss=2.875326
2026-10-05 22:08:48   step 2100/2502: loss=4.308228
2026-10-05 22:09:16   step 2200/2502: loss=2.486084
2026-10-05 22:09:45   step 2300/2502: loss=4.077309
2026-10-05 22:10:14   step 2400/2502: loss=3.336889
2026-10-05 22:10:43   step 2500/2502: loss=3.910680
2026-10-05 22:10:50 [pjrt_ffi] RESIDENT: @vitin_emadp128x4wxclipdropeps0000001bf16_fwd holds 200 parameter tensors (21.8 MB) on 4 devices; they stop crossing PCIe from here
2026-10-05 22:11:25 Epoch 259/300: loss=3.801104 lr=0.000033
2026-10-05 22:11:25   epoch 259: test_acc = 35820/50000 = 71.640000%  top5 = 45404/50000 = 90.808000%  [95% CI 71.24–72.03]
2026-10-05 22:11:25   step 0/2502: loss=4.064418
2026-10-05 22:11:25   step 1/2502: loss=4.242867
2026-10-05 22:11:25   step 2/2502: loss=3.816605
2026-10-05 22:11:54   step 100/2502: loss=2.979744
2026-10-05 22:12:22   step 200/2502: loss=4.183823
2026-10-05 22:12:52   step 300/2502: loss=3.869529
2026-10-05 22:13:20   step 400/2502: loss=3.950428
2026-10-05 22:13:49   step 500/2502: loss=3.141754
2026-10-05 22:14:18   step 600/2502: loss=4.138694
2026-10-05 22:14:47   step 700/2502: loss=3.023314
2026-10-05 22:15:16   step 800/2502: loss=4.297863
2026-10-05 22:15:45   step 900/2502: loss=3.599011
2026-10-05 22:16:15   step 1000/2502: loss=3.689909
2026-10-05 22:16:44   step 1100/2502: loss=3.198305
2026-10-05 22:17:12   step 1200/2502: loss=3.950787
2026-10-05 22:17:42   step 1300/2502: loss=2.789376
2026-10-05 22:18:12   step 1400/2502: loss=3.984351
2026-10-05 22:18:40   step 1500/2502: loss=3.721567
2026-10-05 22:19:09   step 1600/2502: loss=3.071359
2026-10-05 22:19:40   step 1700/2502: loss=4.279854
2026-10-05 22:20:10   step 1800/2502: loss=4.022066
2026-10-05 22:20:38   step 1900/2502: loss=3.979008
2026-10-05 22:21:07   step 2000/2502: loss=3.328035
2026-10-05 22:21:36   step 2100/2502: loss=4.458924
2026-10-05 22:22:05   step 2200/2502: loss=4.090098
2026-10-05 22:22:34   step 2300/2502: loss=2.942322
2026-10-05 22:23:03   step 2400/2502: loss=4.432641
2026-10-05 22:23:32   step 2500/2502: loss=3.410810
2026-10-05 22:23:40 [pjrt_ffi] RESIDENT: @vitin_emadp128x4wxclipdropeps0000001bf16_fwd holds 200 parameter tensors (21.8 MB) on 4 devices; they stop crossing PCIe from here
2026-10-05 22:24:16 Epoch 260/300: loss=3.809322 lr=0.000032
2026-10-05 22:24:16   epoch 260: test_acc = 35828/50000 = 71.656000%  top5 = 45419/50000 = 90.838000%  [95% CI 71.26–72.05]
2026-10-05 22:24:20   ▸ shim respawn: producer 1 of 4 replaced after epoch 260 (generation 26, seed 106)
2026-10-05 22:24:20   step 0/2502: loss=4.214369
2026-10-05 22:24:23   step 1/2502: loss=2.769857
2026-10-05 22:24:23   step 2/2502: loss=4.199348
2026-10-05 22:24:52   step 100/2502: loss=4.253971
2026-10-05 22:25:20   step 200/2502: loss=4.127920
2026-10-05 22:25:49   step 300/2502: loss=4.394083
2026-10-05 22:26:18   step 400/2502: loss=3.905859
2026-10-05 22:26:47   step 500/2502: loss=4.179791
2026-10-05 22:27:15   step 600/2502: loss=3.541708
2026-10-05 22:27:45   step 700/2502: loss=4.618448
2026-10-05 22:28:15   step 800/2502: loss=3.258543
2026-10-05 22:28:43   step 900/2502: loss=4.208140
2026-10-05 22:29:14   step 1000/2502: loss=2.924248
2026-10-05 22:29:43   step 1100/2502: loss=4.423683
2026-10-05 22:30:11   step 1200/2502: loss=4.182442
2026-10-05 22:30:40   step 1300/2502: loss=4.573138
2026-10-05 22:31:11   step 1400/2502: loss=3.683931
2026-10-05 22:31:40   step 1500/2502: loss=4.520129
2026-10-05 22:32:08   step 1600/2502: loss=4.265508
2026-10-05 22:32:37   step 1700/2502: loss=3.903408
2026-10-05 22:33:07   step 1800/2502: loss=2.919483
2026-10-05 22:33:37   step 1900/2502: loss=3.042549
2026-10-05 22:34:05   step 2000/2502: loss=3.269539
2026-10-05 22:34:34   step 2100/2502: loss=4.292191
2026-10-05 22:35:02   step 2200/2502: loss=4.093940
2026-10-05 22:35:33   step 2300/2502: loss=4.065261
2026-10-05 22:36:02   step 2400/2502: loss=4.164031
2026-10-05 22:36:31   step 2500/2502: loss=3.429146
2026-10-05 22:36:37 [pjrt_ffi] RESIDENT: @vitin_emadp128x4wxclipdropeps0000001bf16_fwd holds 200 parameter tensors (21.8 MB) on 4 devices; they stop crossing PCIe from here
2026-10-05 22:37:13 Epoch 261/300: loss=3.805205 lr=0.000031
2026-10-05 22:37:13   epoch 261: test_acc = 35863/50000 = 71.726000%  top5 = 45417/50000 = 90.834000%  [95% CI 71.33–72.12]
2026-10-05 22:37:13   step 0/2502: loss=4.027794
2026-10-05 22:37:13   step 1/2502: loss=3.558500
2026-10-05 22:37:13   step 2/2502: loss=2.908582
2026-10-05 22:37:41   step 100/2502: loss=4.291546
2026-10-05 22:38:10   step 200/2502: loss=3.815820
2026-10-05 22:38:38   step 300/2502: loss=3.085749
2026-10-05 22:39:07   step 400/2502: loss=3.416716
2026-10-05 22:39:35   step 500/2502: loss=3.556971
2026-10-05 22:40:05   step 600/2502: loss=3.883605
2026-10-05 22:40:34   step 700/2502: loss=3.179449
2026-10-05 22:41:03   step 800/2502: loss=2.716328
2026-10-05 22:41:32   step 900/2502: loss=4.175299
2026-10-05 22:42:02   step 1000/2502: loss=2.998260
2026-10-05 22:42:31   step 1100/2502: loss=4.109396
2026-10-05 22:43:00   step 1200/2502: loss=2.790823
2026-10-05 22:43:30   step 1300/2502: loss=4.197147
2026-10-05 22:43:59   step 1400/2502: loss=3.063551
2026-10-05 22:44:28   step 1500/2502: loss=2.309768
2026-10-05 22:44:57   step 1600/2502: loss=2.818215
2026-10-05 22:45:25   step 1700/2502: loss=3.811912
2026-10-05 22:45:54   step 1800/2502: loss=2.812955
2026-10-05 22:46:23   step 1900/2502: loss=3.739536
2026-10-05 22:46:51   step 2000/2502: loss=3.311899
2026-10-05 22:47:20   step 2100/2502: loss=4.401126
2026-10-05 22:47:49   step 2200/2502: loss=4.443748
2026-10-05 22:48:19   step 2300/2502: loss=4.105947
2026-10-05 22:48:47   step 2400/2502: loss=4.496045
2026-10-05 22:49:16   step 2500/2502: loss=2.925460
2026-10-05 22:49:24 [pjrt_ffi] RESIDENT: @vitin_emadp128x4wxclipdropeps0000001bf16_fwd holds 200 parameter tensors (21.8 MB) on 4 devices; they stop crossing PCIe from here
2026-10-05 22:50:00 Epoch 262/300: loss=3.767104 lr=0.000030
2026-10-05 22:50:00   epoch 262: test_acc = 35870/50000 = 71.740000%  top5 = 45422/50000 = 90.844000%  [95% CI 71.34–72.13]
2026-10-05 22:50:01   step 0/2502: loss=2.800983
2026-10-05 22:50:01   step 1/2502: loss=4.205215
2026-10-05 22:50:01   step 2/2502: loss=4.060403
2026-10-05 22:50:29   step 100/2502: loss=3.805592
2026-10-05 22:50:57   step 200/2502: loss=4.641119
2026-10-05 22:51:26   step 300/2502: loss=4.108737
2026-10-05 22:51:55   step 400/2502: loss=2.682311
2026-10-05 22:52:24   step 500/2502: loss=3.964905
2026-10-05 22:52:52   step 600/2502: loss=4.639349
2026-10-05 22:53:23   step 700/2502: loss=4.002895
2026-10-05 22:53:51   step 800/2502: loss=2.787458
2026-10-05 22:54:20   step 900/2502: loss=3.866483
2026-10-05 22:54:51   step 1000/2502: loss=4.362212
2026-10-05 22:55:19   step 1100/2502: loss=4.185013
2026-10-05 22:55:48   step 1200/2502: loss=3.510495
2026-10-05 22:56:17   step 1300/2502: loss=4.433980
2026-10-05 22:56:47   step 1400/2502: loss=2.975928
2026-10-05 22:57:16   step 1500/2502: loss=4.249356
2026-10-05 22:57:45   step 1600/2502: loss=4.104920
2026-10-05 22:58:14   step 1700/2502: loss=4.054271
2026-10-05 22:58:45   step 1800/2502: loss=3.778650
2026-10-05 22:59:14   step 1900/2502: loss=3.703669
2026-10-05 22:59:42   step 2000/2502: loss=3.176383
2026-10-05 23:00:11   step 2100/2502: loss=4.008205
2026-10-05 23:00:40   step 2200/2502: loss=3.574556
2026-10-05 23:01:08   step 2300/2502: loss=4.309454
2026-10-05 23:01:39   step 2400/2502: loss=4.148413
2026-10-05 23:02:07   step 2500/2502: loss=4.089522
2026-10-05 23:02:14 [pjrt_ffi] RESIDENT: @vitin_emadp128x4wxclipdropeps0000001bf16_fwd holds 200 parameter tensors (21.8 MB) on 4 devices; they stop crossing PCIe from here
2026-10-05 23:02:52 Epoch 263/300: loss=3.784714 lr=0.000029
2026-10-05 23:02:52   epoch 263: test_acc = 35894/50000 = 71.788000%  top5 = 45421/50000 = 90.842000%  [95% CI 71.39–72.18]
2026-10-05 23:02:52   step 0/2502: loss=4.105062
2026-10-05 23:02:52   step 1/2502: loss=4.360164
2026-10-05 23:02:52   step 2/2502: loss=2.583382
2026-10-05 23:03:21   step 100/2502: loss=2.581700
2026-10-05 23:03:49   step 200/2502: loss=4.006247
2026-10-05 23:04:18   step 300/2502: loss=3.806153
2026-10-05 23:04:47   step 400/2502: loss=3.199718
2026-10-05 23:05:17   step 500/2502: loss=4.025636
2026-10-05 23:05:46   step 600/2502: loss=4.353578
2026-10-05 23:06:15   step 700/2502: loss=4.426127
2026-10-05 23:06:44   step 800/2502: loss=4.228504
2026-10-05 23:07:14   step 900/2502: loss=4.223544
2026-10-05 23:07:43   step 1000/2502: loss=2.874199
2026-10-05 23:08:11   step 1100/2502: loss=3.394575
2026-10-05 23:08:41   step 1200/2502: loss=4.311806
2026-10-05 23:09:09   step 1300/2502: loss=3.901398
2026-10-05 23:09:39   step 1400/2502: loss=4.284682
2026-10-05 23:10:08   step 1500/2502: loss=2.933395
2026-10-05 23:10:37   step 1600/2502: loss=3.746133
2026-10-05 23:11:05   step 1700/2502: loss=3.110428
2026-10-05 23:11:36   step 1800/2502: loss=3.820681
2026-10-05 23:12:05   step 1900/2502: loss=4.214872
2026-10-05 23:12:34   step 2000/2502: loss=3.622375
2026-10-05 23:13:02   step 2100/2502: loss=4.372416
2026-10-05 23:13:30   step 2200/2502: loss=3.896787
2026-10-05 23:13:59   step 2300/2502: loss=4.026167
2026-10-05 23:14:27   step 2400/2502: loss=4.153836
2026-10-05 23:14:56   step 2500/2502: loss=4.363986
2026-10-05 23:15:04 [pjrt_ffi] RESIDENT: @vitin_emadp128x4wxclipdropeps0000001bf16_fwd holds 200 parameter tensors (21.8 MB) on 4 devices; they stop crossing PCIe from here
2026-10-05 23:15:40 Epoch 264/300: loss=3.770863 lr=0.000028
2026-10-05 23:15:40   epoch 264: test_acc = 35911/50000 = 71.822000%  top5 = 45435/50000 = 90.870000%  [95% CI 71.43–72.21]
2026-10-05 23:15:40   step 0/2502: loss=3.501173
2026-10-05 23:15:40   step 1/2502: loss=4.325121
2026-10-05 23:15:40   step 2/2502: loss=3.763829
2026-10-05 23:16:09   step 100/2502: loss=4.074936
2026-10-05 23:16:37   step 200/2502: loss=4.105056
2026-10-05 23:17:06   step 300/2502: loss=4.612482
2026-10-05 23:17:34   step 400/2502: loss=3.864598
2026-10-05 23:18:03   step 500/2502: loss=3.403143
2026-10-05 23:18:31   step 600/2502: loss=4.110885
2026-10-05 23:19:01   step 700/2502: loss=4.529238
2026-10-05 23:19:33   step 800/2502: loss=4.134900
2026-10-05 23:20:02   step 900/2502: loss=2.997866
2026-10-05 23:20:31   step 1000/2502: loss=3.333751
2026-10-05 23:20:59   step 1100/2502: loss=2.541312
2026-10-05 23:21:30   step 1200/2502: loss=4.269170
2026-10-05 23:21:59   step 1300/2502: loss=4.351892
2026-10-05 23:22:28   step 1400/2502: loss=4.092401
2026-10-05 23:22:57   step 1500/2502: loss=4.597380
2026-10-05 23:23:26   step 1600/2502: loss=4.103250
2026-10-05 23:23:55   step 1700/2502: loss=4.149068
2026-10-05 23:24:24   step 1800/2502: loss=2.835581
2026-10-05 23:24:53   step 1900/2502: loss=3.946126
2026-10-05 23:25:21   step 2000/2502: loss=3.844249
2026-10-05 23:25:51   step 2100/2502: loss=3.853691
2026-10-05 23:26:20   step 2200/2502: loss=4.143512
2026-10-05 23:26:49   step 2300/2502: loss=3.342479
2026-10-05 23:27:17   step 2400/2502: loss=4.101100
2026-10-05 23:27:45   step 2500/2502: loss=4.513245
2026-10-05 23:27:53 [pjrt_ffi] RESIDENT: @vitin_emadp128x4wxclipdropeps0000001bf16_fwd holds 200 parameter tensors (21.8 MB) on 4 devices; they stop crossing PCIe from here
2026-10-05 23:28:35 Epoch 265/300: loss=3.786388 lr=0.000027
2026-10-05 23:28:35   epoch 265: test_acc = 35913/50000 = 71.826000%  top5 = 45449/50000 = 90.898000%  [95% CI 71.43–72.22]
2026-10-05 23:28:35   step 0/2502: loss=4.421414
2026-10-05 23:28:35   step 1/2502: loss=3.676278
2026-10-05 23:28:35   step 2/2502: loss=4.162213
2026-10-05 23:29:03   step 100/2502: loss=4.198971
2026-10-05 23:29:32   step 200/2502: loss=3.932971
2026-10-05 23:30:00   step 300/2502: loss=4.151940
2026-10-05 23:30:29   step 400/2502: loss=4.643243
2026-10-05 23:30:57   step 500/2502: loss=3.106890
2026-10-05 23:31:26   step 600/2502: loss=4.063737
2026-10-05 23:31:57   step 700/2502: loss=3.953709
2026-10-05 23:32:26   step 800/2502: loss=2.747332
2026-10-05 23:32:55   step 900/2502: loss=3.778075
2026-10-05 23:33:24   step 1000/2502: loss=3.230643
2026-10-05 23:33:53   step 1100/2502: loss=4.149772
2026-10-05 23:34:23   step 1200/2502: loss=4.169145
2026-10-05 23:34:52   step 1300/2502: loss=4.025497
2026-10-05 23:35:20   step 1400/2502: loss=2.702114
2026-10-05 23:35:50   step 1500/2502: loss=3.842190
2026-10-05 23:36:19   step 1600/2502: loss=3.260961
2026-10-05 23:36:48   step 1700/2502: loss=2.840063
2026-10-05 23:37:18   step 1800/2502: loss=4.119030
2026-10-05 23:37:47   step 1900/2502: loss=3.517980
2026-10-05 23:38:15   step 2000/2502: loss=3.606443
2026-10-05 23:38:44   step 2100/2502: loss=4.171345
2026-10-05 23:39:12   step 2200/2502: loss=3.956276
2026-10-05 23:39:41   step 2300/2502: loss=4.186369
2026-10-05 23:40:11   step 2400/2502: loss=4.220480
2026-10-05 23:40:40   step 2500/2502: loss=3.647410
2026-10-05 23:40:46 [pjrt_ffi] RESIDENT: @vitin_emadp128x4wxclipdropeps0000001bf16_fwd holds 200 parameter tensors (21.8 MB) on 4 devices; they stop crossing PCIe from here
2026-10-05 23:41:19 Epoch 266/300: loss=3.797824 lr=0.000026
2026-10-05 23:41:19   epoch 266: test_acc = 35933/50000 = 71.866000%  top5 = 45448/50000 = 90.896000%  [95% CI 71.47–72.26]
2026-10-05 23:41:19   step 0/2502: loss=4.557573
2026-10-05 23:41:20   step 1/2502: loss=3.869462
2026-10-05 23:41:20   step 2/2502: loss=4.494217
2026-10-05 23:41:48   step 100/2502: loss=3.956355
2026-10-05 23:42:16   step 200/2502: loss=3.321088
2026-10-05 23:42:45   step 300/2502: loss=3.692126
2026-10-05 23:43:14   step 400/2502: loss=2.885088
2026-10-05 23:43:43   step 500/2502: loss=4.250901
2026-10-05 23:44:12   step 600/2502: loss=4.307510
2026-10-05 23:44:43   step 700/2502: loss=3.959925
2026-10-05 23:45:11   step 800/2502: loss=2.706080
2026-10-05 23:45:40   step 900/2502: loss=4.006043
2026-10-05 23:46:12   step 1000/2502: loss=3.275542
2026-10-05 23:46:41   step 1100/2502: loss=4.199390
2026-10-05 23:47:09   step 1200/2502: loss=4.318675
2026-10-05 23:47:38   step 1300/2502: loss=4.183066
2026-10-05 23:48:07   step 1400/2502: loss=3.132703
2026-10-05 23:48:37   step 1500/2502: loss=2.962599
2026-10-05 23:49:06   step 1600/2502: loss=4.028825
2026-10-05 23:49:35   step 1700/2502: loss=4.138276
2026-10-05 23:50:03   step 1800/2502: loss=4.491774
2026-10-05 23:50:33   step 1900/2502: loss=4.319827
2026-10-05 23:51:01   step 2000/2502: loss=4.658540
2026-10-05 23:51:30   step 2100/2502: loss=4.109532
2026-10-05 23:52:01   step 2200/2502: loss=3.747009
2026-10-05 23:52:30   step 2300/2502: loss=3.549019
2026-10-05 23:52:58   step 2400/2502: loss=2.666909
2026-10-05 23:53:27   step 2500/2502: loss=3.104294
2026-10-05 23:53:33 [pjrt_ffi] RESIDENT: @vitin_emadp128x4wxclipdropeps0000001bf16_fwd holds 200 parameter tensors (21.8 MB) on 4 devices; they stop crossing PCIe from here
2026-10-05 23:54:06 Epoch 267/300: loss=3.784439 lr=0.000025
2026-10-05 23:54:06   epoch 267: test_acc = 35954/50000 = 71.908000%  top5 = 45465/50000 = 90.930000%  [95% CI 71.51–72.30]
2026-10-05 23:54:07   step 0/2502: loss=2.888497
2026-10-05 23:54:07   step 1/2502: loss=4.414632
2026-10-05 23:54:07   step 2/2502: loss=4.367645
2026-10-05 23:54:35   step 100/2502: loss=4.148744
2026-10-05 23:55:04   step 200/2502: loss=3.763832
2026-10-05 23:55:33   step 300/2502: loss=4.464207
2026-10-05 23:56:01   step 400/2502: loss=3.731822
2026-10-05 23:56:32   step 500/2502: loss=3.700315
2026-10-05 23:57:01   step 600/2502: loss=4.222105
2026-10-05 23:57:30   step 700/2502: loss=4.102665
2026-10-05 23:57:58   step 800/2502: loss=3.836592
2026-10-05 23:58:28   step 900/2502: loss=2.779543
2026-10-05 23:58:57   step 1000/2502: loss=4.170667
2026-10-05 23:59:28   step 1100/2502: loss=4.154131
2026-10-05 23:59:56   step 1200/2502: loss=2.814282
2026-10-06 00:00:25   step 1300/2502: loss=4.420280
2026-10-06 00:00:54   step 1400/2502: loss=3.830892
2026-10-06 00:01:22   step 1500/2502: loss=4.177853
2026-10-06 00:01:51   step 1600/2502: loss=4.093156
2026-10-06 00:02:20   step 1700/2502: loss=4.321859
2026-10-06 00:02:49   step 1800/2502: loss=3.869433
2026-10-06 00:03:17   step 1900/2502: loss=2.821090
2026-10-06 00:03:46   step 2000/2502: loss=3.648861
2026-10-06 00:04:16   step 2100/2502: loss=2.660544
2026-10-06 00:04:45   step 2200/2502: loss=4.073143
2026-10-06 00:05:14   step 2300/2502: loss=3.895244
2026-10-06 00:05:42   step 2400/2502: loss=3.694628
2026-10-06 00:06:11   step 2500/2502: loss=4.521831
2026-10-06 00:06:19 [pjrt_ffi] RESIDENT: @vitin_emadp128x4wxclipdropeps0000001bf16_fwd holds 200 parameter tensors (21.8 MB) on 4 devices; they stop crossing PCIe from here
2026-10-06 00:06:58 Epoch 268/300: loss=3.781271 lr=0.000024
2026-10-06 00:06:58   epoch 268: test_acc = 35965/50000 = 71.930000%  top5 = 45466/50000 = 90.932000%  [95% CI 71.53–72.32]
2026-10-06 00:06:58   step 0/2502: loss=4.090156
2026-10-06 00:06:58   step 1/2502: loss=2.882912
2026-10-06 00:06:58   step 2/2502: loss=4.148707
2026-10-06 00:07:27   step 100/2502: loss=4.389181
2026-10-06 00:07:55   step 200/2502: loss=2.912751
2026-10-06 00:08:24   step 300/2502: loss=4.218968
2026-10-06 00:08:52   step 400/2502: loss=3.898925
2026-10-06 00:09:20   step 500/2502: loss=3.931148
2026-10-06 00:09:51   step 600/2502: loss=4.164658
2026-10-06 00:10:19   step 700/2502: loss=4.447957
2026-10-06 00:10:50   step 800/2502: loss=4.258649
2026-10-06 00:11:19   step 900/2502: loss=3.476758
2026-10-06 00:11:47   step 1000/2502: loss=4.125082
2026-10-06 00:12:18   step 1100/2502: loss=2.450725
2026-10-06 00:12:48   step 1200/2502: loss=4.104060
2026-10-06 00:13:16   step 1300/2502: loss=3.996668
2026-10-06 00:13:46   step 1400/2502: loss=4.307726
2026-10-06 00:14:16   step 1500/2502: loss=4.486229
2026-10-06 00:14:44   step 1600/2502: loss=4.162807
2026-10-06 00:15:14   step 1700/2502: loss=3.497921
2026-10-06 00:15:42   step 1800/2502: loss=3.595840
2026-10-06 00:16:11   step 1900/2502: loss=3.826763
2026-10-06 00:16:39   step 2000/2502: loss=3.617987
2026-10-06 00:17:10   step 2100/2502: loss=2.739980
2026-10-06 00:17:38   step 2200/2502: loss=3.663098
2026-10-06 00:18:06   step 2300/2502: loss=4.470707
2026-10-06 00:18:35   step 2400/2502: loss=3.656834
2026-10-06 00:19:04   step 2500/2502: loss=3.049882
2026-10-06 00:19:11 [pjrt_ffi] RESIDENT: @vitin_emadp128x4wxclipdropeps0000001bf16_fwd holds 200 parameter tensors (21.8 MB) on 4 devices; they stop crossing PCIe from here
2026-10-06 00:19:52 Epoch 269/300: loss=3.770072 lr=0.000023
2026-10-06 00:19:52   epoch 269: test_acc = 35964/50000 = 71.928000%  top5 = 45471/50000 = 90.942000%  [95% CI 71.53–72.32]
2026-10-06 00:19:53   step 0/2502: loss=4.092638
2026-10-06 00:19:53   step 1/2502: loss=3.720182
2026-10-06 00:19:53   step 2/2502: loss=3.997929
2026-10-06 00:20:21   step 100/2502: loss=3.594280
2026-10-06 00:20:50   step 200/2502: loss=3.586875
2026-10-06 00:21:19   step 300/2502: loss=3.947083
2026-10-06 00:21:47   step 400/2502: loss=3.808015
2026-10-06 00:22:15   step 500/2502: loss=2.425454
2026-10-06 00:22:44   step 600/2502: loss=3.391913
2026-10-06 00:23:13   step 700/2502: loss=4.101681
2026-10-06 00:23:44   step 800/2502: loss=3.013721
2026-10-06 00:24:13   step 900/2502: loss=4.078017
2026-10-06 00:24:41   step 1000/2502: loss=4.169287
2026-10-06 00:25:11   step 1100/2502: loss=3.596369
2026-10-06 00:25:41   step 1200/2502: loss=4.156669
2026-10-06 00:26:10   step 1300/2502: loss=4.257631
2026-10-06 00:26:39   step 1400/2502: loss=4.208496
2026-10-06 00:27:08   step 1500/2502: loss=4.049498
2026-10-06 00:27:37   step 1600/2502: loss=3.976900
2026-10-06 00:28:05   step 1700/2502: loss=4.274576
2026-10-06 00:28:35   step 1800/2502: loss=3.865796
2026-10-06 00:29:04   step 1900/2502: loss=3.307121
2026-10-06 00:29:33   step 2000/2502: loss=3.398830
2026-10-06 00:30:01   step 2100/2502: loss=4.303342
2026-10-06 00:30:30   step 2200/2502: loss=3.123650
2026-10-06 00:30:59   step 2300/2502: loss=3.947003
2026-10-06 00:31:28   step 2400/2502: loss=4.506489
2026-10-06 00:31:56   step 2500/2502: loss=4.164209
2026-10-06 00:32:03 [pjrt_ffi] RESIDENT: @vitin_emadp128x4wxclipdropeps0000001bf16_fwd holds 200 parameter tensors (21.8 MB) on 4 devices; they stop crossing PCIe from here
2026-10-06 00:32:38 Epoch 270/300: loss=3.749879 lr=0.000022
2026-10-06 00:32:38   epoch 270: test_acc = 35989/50000 = 71.978000%  top5 = 45483/50000 = 90.966000%  [95% CI 71.58–72.37]
2026-10-06 00:32:42   ▸ shim respawn: producer 2 of 4 replaced after epoch 270 (generation 27, seed 111)
2026-10-06 00:32:43   step 0/2502: loss=4.569208
2026-10-06 00:32:43   step 1/2502: loss=4.198389
2026-10-06 00:32:46   step 2/2502: loss=4.467059
2026-10-06 00:33:14   step 100/2502: loss=4.440434
2026-10-06 00:33:44   step 200/2502: loss=2.609970
2026-10-06 00:34:13   step 300/2502: loss=3.889924
2026-10-06 00:34:42   step 400/2502: loss=3.702868
2026-10-06 00:35:12   step 500/2502: loss=3.933802
2026-10-06 00:35:42   step 600/2502: loss=2.744879
2026-10-06 00:36:12   step 700/2502: loss=4.112400
2026-10-06 00:36:42   step 800/2502: loss=3.137496
2026-10-06 00:37:12   step 900/2502: loss=3.942703
2026-10-06 00:37:42   step 1000/2502: loss=3.577726
2026-10-06 00:38:12   step 1100/2502: loss=3.547846
2026-10-06 00:38:43   step 1200/2502: loss=3.961201
2026-10-06 00:39:12   step 1300/2502: loss=4.182985
2026-10-06 00:39:43   step 1400/2502: loss=4.460424
2026-10-06 00:40:13   step 1500/2502: loss=4.387900
2026-10-06 00:40:42   step 1600/2502: loss=4.431914
2026-10-06 00:41:12   step 1700/2502: loss=2.740421
2026-10-06 00:41:41   step 1800/2502: loss=2.711389
2026-10-06 00:42:11   step 1900/2502: loss=3.238134
2026-10-06 00:42:40   step 2000/2502: loss=4.333858
2026-10-06 00:43:09   step 2100/2502: loss=3.414392
2026-10-06 00:43:39   step 2200/2502: loss=4.067397
2026-10-06 00:44:07   step 2300/2502: loss=3.914324
2026-10-06 00:44:38   step 2400/2502: loss=2.787786
2026-10-06 00:45:08   step 2500/2502: loss=3.842794
2026-10-06 00:45:15 [pjrt_ffi] RESIDENT: @vitin_emadp128x4wxclipdropeps0000001bf16_fwd holds 200 parameter tensors (21.8 MB) on 4 devices; they stop crossing PCIe from here
2026-10-06 00:45:53 Epoch 271/300: loss=3.748815 lr=0.000022
2026-10-06 00:45:53   epoch 271: test_acc = 36003/50000 = 72.006000%  top5 = 45475/50000 = 90.950000%  [95% CI 71.61–72.40]
2026-10-06 00:45:53   step 0/2502: loss=4.135259
2026-10-06 00:45:53   step 1/2502: loss=4.513560
2026-10-06 00:45:53   step 2/2502: loss=3.678426
2026-10-06 00:46:22   step 100/2502: loss=4.295559
2026-10-06 00:46:51   step 200/2502: loss=3.345391
2026-10-06 00:47:21   step 300/2502: loss=4.588207
2026-10-06 00:47:50   step 400/2502: loss=3.769747
2026-10-06 00:48:20   step 500/2502: loss=4.326764
2026-10-06 00:48:49   step 600/2502: loss=3.938921
2026-10-06 00:49:20   step 700/2502: loss=4.220574
2026-10-06 00:49:50   step 800/2502: loss=3.236934
2026-10-06 00:50:19   step 900/2502: loss=4.345918
2026-10-06 00:50:51   step 1000/2502: loss=3.915374
2026-10-06 00:51:20   step 1100/2502: loss=3.153072
2026-10-06 00:51:50   step 1200/2502: loss=3.772164
2026-10-06 00:52:19   step 1300/2502: loss=3.179369
2026-10-06 00:52:49   step 1400/2502: loss=4.346102
2026-10-06 00:53:20   step 1500/2502: loss=4.162281
2026-10-06 00:53:49   step 1600/2502: loss=3.963484
2026-10-06 00:54:18   step 1700/2502: loss=4.542500
2026-10-06 00:54:48   step 1800/2502: loss=3.488864
2026-10-06 00:55:17   step 1900/2502: loss=4.275908
2026-10-06 00:55:46   step 2000/2502: loss=3.755757
2026-10-06 00:56:16   step 2100/2502: loss=4.168110
2026-10-06 00:56:46   step 2200/2502: loss=4.026216
2026-10-06 00:57:15   step 2300/2502: loss=2.535997
2026-10-06 00:57:45   step 2400/2502: loss=4.333280
2026-10-06 00:58:14   step 2500/2502: loss=3.382724
2026-10-06 00:58:22 [pjrt_ffi] RESIDENT: @vitin_emadp128x4wxclipdropeps0000001bf16_fwd holds 200 parameter tensors (21.8 MB) on 4 devices; they stop crossing PCIe from here
2026-10-06 00:59:02 Epoch 272/300: loss=3.772683 lr=0.000021
2026-10-06 00:59:02   epoch 272: test_acc = 36004/50000 = 72.008000%  top5 = 45490/50000 = 90.980000%  [95% CI 71.61–72.40]
2026-10-06 00:59:02   step 0/2502: loss=4.068371
2026-10-06 00:59:02   step 1/2502: loss=4.455870
2026-10-06 00:59:02   step 2/2502: loss=3.727310
2026-10-06 00:59:31   step 100/2502: loss=2.793701
2026-10-06 01:00:01   step 200/2502: loss=3.582875
2026-10-06 01:00:29   step 300/2502: loss=4.466585
2026-10-06 01:00:59   step 400/2502: loss=4.140820
2026-10-06 01:01:28   step 500/2502: loss=2.424833
2026-10-06 01:01:58   step 600/2502: loss=3.360042
2026-10-06 01:02:27   step 700/2502: loss=2.858284
2026-10-06 01:02:58   step 800/2502: loss=4.269023
2026-10-06 01:03:27   step 900/2502: loss=3.770184
2026-10-06 01:03:57   step 1000/2502: loss=4.225917
2026-10-06 01:04:26   step 1100/2502: loss=3.327275
2026-10-06 01:04:58   step 1200/2502: loss=3.018807
2026-10-06 01:05:28   step 1300/2502: loss=4.268391
2026-10-06 01:05:57   step 1400/2502: loss=3.884279
2026-10-06 01:06:28   step 1500/2502: loss=4.221105
2026-10-06 01:06:57   step 1600/2502: loss=4.078436
2026-10-06 01:07:27   step 1700/2502: loss=4.142163
2026-10-06 01:07:58   step 1800/2502: loss=2.556199
2026-10-06 01:08:27   step 1900/2502: loss=3.831191
2026-10-06 01:08:57   step 2000/2502: loss=3.412156
2026-10-06 01:09:26   step 2100/2502: loss=4.353289
2026-10-06 01:09:55   step 2200/2502: loss=3.658015
2026-10-06 01:10:23   step 2300/2502: loss=4.468451
2026-10-06 01:10:52   step 2400/2502: loss=4.179090
2026-10-06 01:11:22   step 2500/2502: loss=3.878720
2026-10-06 01:11:30 [pjrt_ffi] RESIDENT: @vitin_emadp128x4wxclipdropeps0000001bf16_fwd holds 200 parameter tensors (21.8 MB) on 4 devices; they stop crossing PCIe from here
2026-10-06 01:12:08 Epoch 273/300: loss=3.756150 lr=0.000020
2026-10-06 01:12:08   epoch 273: test_acc = 36019/50000 = 72.038000%  top5 = 45498/50000 = 90.996000%  [95% CI 71.64–72.43]
2026-10-06 01:12:08   step 0/2502: loss=3.134698
2026-10-06 01:12:09   step 1/2502: loss=4.275760
2026-10-06 01:12:09   step 2/2502: loss=3.843224
2026-10-06 01:12:38   step 100/2502: loss=3.737177
2026-10-06 01:13:07   step 200/2502: loss=4.510827
2026-10-06 01:13:37   step 300/2502: loss=3.747088
2026-10-06 01:14:06   step 400/2502: loss=2.963542
2026-10-06 01:14:35   step 500/2502: loss=3.991171
2026-10-06 01:15:05   step 600/2502: loss=3.801774
2026-10-06 01:15:37   step 700/2502: loss=3.970128
2026-10-06 01:16:06   step 800/2502: loss=3.279964
2026-10-06 01:16:35   step 900/2502: loss=2.677197
2026-10-06 01:17:05   step 1000/2502: loss=3.004005
2026-10-06 01:17:34   step 1100/2502: loss=4.031306
2026-10-06 01:18:04   step 1200/2502: loss=3.651397
2026-10-06 01:18:33   step 1300/2502: loss=3.943920
2026-10-06 01:19:03   step 1400/2502: loss=3.202882
2026-10-06 01:19:34   step 1500/2502: loss=4.023208
2026-10-06 01:20:03   step 1600/2502: loss=3.737240
2026-10-06 01:20:33   step 1700/2502: loss=2.999785
2026-10-06 01:21:02   step 1800/2502: loss=2.678689
2026-10-06 01:21:31   step 1900/2502: loss=3.964384
2026-10-06 01:22:01   step 2000/2502: loss=4.467844
2026-10-06 01:22:30   step 2100/2502: loss=3.941609
2026-10-06 01:22:59   step 2200/2502: loss=3.412876
2026-10-06 01:23:29   step 2300/2502: loss=4.036507
2026-10-06 01:23:59   step 2400/2502: loss=2.851336
2026-10-06 01:24:29   step 2500/2502: loss=3.538854
2026-10-06 01:24:35 [pjrt_ffi] RESIDENT: @vitin_emadp128x4wxclipdropeps0000001bf16_fwd holds 200 parameter tensors (21.8 MB) on 4 devices; they stop crossing PCIe from here
2026-10-06 01:25:11 Epoch 274/300: loss=3.753437 lr=0.000019
2026-10-06 01:25:11   epoch 274: test_acc = 36022/50000 = 72.044000%  top5 = 45503/50000 = 91.006000%  [95% CI 71.65–72.44]
2026-10-06 01:25:11   step 0/2502: loss=2.877084
2026-10-06 01:25:12   step 1/2502: loss=3.966350
2026-10-06 01:25:12   step 2/2502: loss=3.785651
2026-10-06 01:25:41   step 100/2502: loss=4.137896
2026-10-06 01:26:10   step 200/2502: loss=4.308919
2026-10-06 01:26:39   step 300/2502: loss=3.546774
2026-10-06 01:27:08   step 400/2502: loss=3.644711
2026-10-06 01:27:39   step 500/2502: loss=3.529326
2026-10-06 01:28:08   step 600/2502: loss=4.543420
2026-10-06 01:28:38   step 700/2502: loss=3.603171
2026-10-06 01:29:08   step 800/2502: loss=3.613761
2026-10-06 01:29:39   step 900/2502: loss=3.185328
2026-10-06 01:30:08   step 1000/2502: loss=2.823447
2026-10-06 01:30:38   step 1100/2502: loss=2.677910
2026-10-06 01:31:08   step 1200/2502: loss=4.372536
2026-10-06 01:31:38   step 1300/2502: loss=4.187998
2026-10-06 01:32:08   step 1400/2502: loss=4.209868
2026-10-06 01:32:37   step 1500/2502: loss=4.025061
2026-10-06 01:33:07   step 1600/2502: loss=2.628957
2026-10-06 01:33:36   step 1700/2502: loss=3.495196
2026-10-06 01:34:07   step 1800/2502: loss=4.217710
2026-10-06 01:34:36   step 1900/2502: loss=3.309458
2026-10-06 01:35:07   step 2000/2502: loss=4.313604
2026-10-06 01:35:36   step 2100/2502: loss=4.255299
2026-10-06 01:36:05   step 2200/2502: loss=4.315622
2026-10-06 01:36:34   step 2300/2502: loss=3.155519
2026-10-06 01:37:03   step 2400/2502: loss=3.911087
2026-10-06 01:37:33   step 2500/2502: loss=3.895736
2026-10-06 01:37:41 [pjrt_ffi] RESIDENT: @vitin_emadp128x4wxclipdropeps0000001bf16_fwd holds 200 parameter tensors (21.8 MB) on 4 devices; they stop crossing PCIe from here
2026-10-06 01:38:21 Epoch 275/300: loss=3.754054 lr=0.000019
2026-10-06 01:38:21   epoch 275: test_acc = 36039/50000 = 72.078000%  top5 = 45498/50000 = 90.996000%  [95% CI 71.68–72.47]
2026-10-06 01:38:21   step 0/2502: loss=3.953563
2026-10-06 01:38:21   step 1/2502: loss=3.875474
2026-10-06 01:38:22   step 2/2502: loss=3.373201
2026-10-06 01:38:51   step 100/2502: loss=3.512054
2026-10-06 01:39:20   step 200/2502: loss=4.103862
2026-10-06 01:39:50   step 300/2502: loss=4.042748
2026-10-06 01:40:19   step 400/2502: loss=4.097912
2026-10-06 01:40:48   step 500/2502: loss=3.513901
2026-10-06 01:41:17   step 600/2502: loss=3.885396
2026-10-06 01:41:48   step 700/2502: loss=4.466167
2026-10-06 01:42:17   step 800/2502: loss=3.606474
2026-10-06 01:42:48   step 900/2502: loss=2.774580
2026-10-06 01:43:18   step 1000/2502: loss=4.108198
2026-10-06 01:43:47   step 1100/2502: loss=4.349787
2026-10-06 01:44:17   step 1200/2502: loss=3.719702
2026-10-06 01:44:47   step 1300/2502: loss=4.482304
2026-10-06 01:45:16   step 1400/2502: loss=3.248079
2026-10-06 01:45:46   step 1500/2502: loss=3.851362
2026-10-06 01:46:16   step 1600/2502: loss=2.927957
2026-10-06 01:46:45   step 1700/2502: loss=4.212878
2026-10-06 01:47:14   step 1800/2502: loss=4.285920
2026-10-06 01:47:43   step 1900/2502: loss=2.678861
2026-10-06 01:48:14   step 2000/2502: loss=4.338765
2026-10-06 01:48:43   step 2100/2502: loss=4.267736
2026-10-06 01:49:14   step 2200/2502: loss=4.169662
2026-10-06 01:49:43   step 2300/2502: loss=3.966053
2026-10-06 01:50:12   step 2400/2502: loss=3.686700
2026-10-06 01:50:41   step 2500/2502: loss=3.212458
2026-10-06 01:50:49 [pjrt_ffi] RESIDENT: @vitin_emadp128x4wxclipdropeps0000001bf16_fwd holds 200 parameter tensors (21.8 MB) on 4 devices; they stop crossing PCIe from here
2026-10-06 01:51:24 Epoch 276/300: loss=3.756337 lr=0.000018
2026-10-06 01:51:24   epoch 276: test_acc = 36041/50000 = 72.082000%  top5 = 45507/50000 = 91.014000%  [95% CI 71.69–72.47]
2026-10-06 01:51:25   step 0/2502: loss=3.841408
2026-10-06 01:51:25   step 1/2502: loss=4.201275
2026-10-06 01:51:25   step 2/2502: loss=3.306872
2026-10-06 01:51:54   step 100/2502: loss=2.506790
2026-10-06 01:52:23   step 200/2502: loss=4.242884
2026-10-06 01:52:52   step 300/2502: loss=2.403098
2026-10-06 01:53:21   step 400/2502: loss=4.008742
2026-10-06 01:53:50   step 500/2502: loss=2.852267
2026-10-06 01:54:21   step 600/2502: loss=3.793444
2026-10-06 01:54:52   step 700/2502: loss=3.648353
2026-10-06 01:55:21   step 800/2502: loss=4.178467
2026-10-06 01:55:53   step 900/2502: loss=3.657872
2026-10-06 01:56:22   step 1000/2502: loss=4.429529
2026-10-06 01:56:51   step 1100/2502: loss=2.964412
2026-10-06 01:57:21   step 1200/2502: loss=3.995805
2026-10-06 01:57:51   step 1300/2502: loss=4.596446
2026-10-06 01:58:21   step 1400/2502: loss=3.867383
2026-10-06 01:58:50   step 1500/2502: loss=2.738836
2026-10-06 01:59:19   step 1600/2502: loss=4.355578
2026-10-06 01:59:48   step 1700/2502: loss=3.076068
2026-10-06 02:00:18   step 1800/2502: loss=2.955426
2026-10-06 02:00:47   step 1900/2502: loss=3.341710
2026-10-06 02:01:16   step 2000/2502: loss=3.236567
2026-10-06 02:01:46   step 2100/2502: loss=3.685594
2026-10-06 02:02:15   step 2200/2502: loss=3.923423
2026-10-06 02:02:44   step 2300/2502: loss=3.359286
2026-10-06 02:03:14   step 2400/2502: loss=4.100718
2026-10-06 02:03:43   step 2500/2502: loss=4.174773
2026-10-06 02:03:51 [pjrt_ffi] RESIDENT: @vitin_emadp128x4wxclipdropeps0000001bf16_fwd holds 200 parameter tensors (21.8 MB) on 4 devices; they stop crossing PCIe from here
2026-10-06 02:04:33 Epoch 277/300: loss=3.749261 lr=0.000017
2026-10-06 02:04:33   epoch 277: test_acc = 36062/50000 = 72.124000%  top5 = 45519/50000 = 91.038000%  [95% CI 71.73–72.52]
2026-10-06 02:04:33   step 0/2502: loss=2.921745
2026-10-06 02:04:33   step 1/2502: loss=4.021009
2026-10-06 02:04:33   step 2/2502: loss=4.324257
2026-10-06 02:05:02   step 100/2502: loss=3.779403
2026-10-06 02:05:31   step 200/2502: loss=3.576234
2026-10-06 02:06:00   step 300/2502: loss=3.941803
2026-10-06 02:06:29   step 400/2502: loss=4.181135
2026-10-06 02:06:58   step 500/2502: loss=3.917418
2026-10-06 02:07:27   step 600/2502: loss=2.773844
2026-10-06 02:07:57   step 700/2502: loss=3.647441
2026-10-06 02:08:27   step 800/2502: loss=3.605146
2026-10-06 02:08:56   step 900/2502: loss=4.202763
2026-10-06 02:09:25   step 1000/2502: loss=3.900862
2026-10-06 02:09:56   step 1100/2502: loss=2.859260
2026-10-06 02:10:27   step 1200/2502: loss=4.270720
2026-10-06 02:10:56   step 1300/2502: loss=4.097088
2026-10-06 02:11:25   step 1400/2502: loss=4.094358
2026-10-06 02:11:54   step 1500/2502: loss=3.410595
2026-10-06 02:12:26   step 1600/2502: loss=4.345121
2026-10-06 02:12:55   step 1700/2502: loss=4.288628
2026-10-06 02:13:24   step 1800/2502: loss=3.568366
2026-10-06 02:13:53   step 1900/2502: loss=2.481310
2026-10-06 02:14:23   step 2000/2502: loss=2.552927
2026-10-06 02:14:52   step 2100/2502: loss=2.976816
2026-10-06 02:15:21   step 2200/2502: loss=4.291078
2026-10-06 02:15:51   step 2300/2502: loss=4.023787
2026-10-06 02:16:20   step 2400/2502: loss=4.321239
2026-10-06 02:16:49   step 2500/2502: loss=3.928294
2026-10-06 02:16:56 [pjrt_ffi] RESIDENT: @vitin_emadp128x4wxclipdropeps0000001bf16_fwd holds 200 parameter tensors (21.8 MB) on 4 devices; they stop crossing PCIe from here
2026-10-06 02:17:32 Epoch 278/300: loss=3.769432 lr=0.000017
2026-10-06 02:17:32   epoch 278: test_acc = 36070/50000 = 72.140000%  top5 = 45535/50000 = 91.070000%  [95% CI 71.75–72.53]
2026-10-06 02:17:32   step 0/2502: loss=3.356411
2026-10-06 02:17:32   step 1/2502: loss=3.861689
2026-10-06 02:17:32   step 2/2502: loss=3.756576
2026-10-06 02:18:01   step 100/2502: loss=3.767107
2026-10-06 02:18:30   step 200/2502: loss=4.709922
2026-10-06 02:18:59   step 300/2502: loss=3.638994
2026-10-06 02:19:29   step 400/2502: loss=4.009259
2026-10-06 02:19:59   step 500/2502: loss=2.924829
2026-10-06 02:20:28   step 600/2502: loss=3.587714
2026-10-06 02:20:59   step 700/2502: loss=4.007791
2026-10-06 02:21:28   step 800/2502: loss=4.022027
2026-10-06 02:21:57   step 900/2502: loss=3.257929
2026-10-06 02:22:28   step 1000/2502: loss=3.419773
2026-10-06 02:22:57   step 1100/2502: loss=4.044490
2026-10-06 02:23:26   step 1200/2502: loss=4.280699
2026-10-06 02:23:56   step 1300/2502: loss=3.990998
2026-10-06 02:24:26   step 1400/2502: loss=3.612557
2026-10-06 02:24:55   step 1500/2502: loss=3.506777
2026-10-06 02:25:25   step 1600/2502: loss=3.347361
2026-10-06 02:25:55   step 1700/2502: loss=4.174785
2026-10-06 02:26:24   step 1800/2502: loss=4.091324
2026-10-06 02:26:55   step 1900/2502: loss=4.215464
2026-10-06 02:27:24   step 2000/2502: loss=3.948643
2026-10-06 02:27:53   step 2100/2502: loss=3.719343
2026-10-06 02:28:22   step 2200/2502: loss=3.251908
2026-10-06 02:28:51   step 2300/2502: loss=4.155538
2026-10-06 02:29:20   step 2400/2502: loss=3.511295
2026-10-06 02:29:49   step 2500/2502: loss=3.219522
2026-10-06 02:29:58 [pjrt_ffi] RESIDENT: @vitin_emadp128x4wxclipdropeps0000001bf16_fwd holds 200 parameter tensors (21.8 MB) on 4 devices; they stop crossing PCIe from here
2026-10-06 02:30:40 Epoch 279/300: loss=3.766420 lr=0.000016
2026-10-06 02:30:40   epoch 279: test_acc = 36082/50000 = 72.164000%  top5 = 45543/50000 = 91.086000%  [95% CI 71.77–72.56]
2026-10-06 02:30:40   step 0/2502: loss=3.648624
2026-10-06 02:30:40   step 1/2502: loss=4.280896
2026-10-06 02:30:40   step 2/2502: loss=4.433700
2026-10-06 02:31:09   step 100/2502: loss=3.043638
2026-10-06 02:31:38   step 200/2502: loss=4.068651
2026-10-06 02:32:07   step 300/2502: loss=4.004276
2026-10-06 02:32:37   step 400/2502: loss=3.278041
2026-10-06 02:33:05   step 500/2502: loss=2.691207
2026-10-06 02:33:35   step 600/2502: loss=4.135316
2026-10-06 02:34:05   step 700/2502: loss=3.450383
2026-10-06 02:34:35   step 800/2502: loss=4.041538
2026-10-06 02:35:05   step 900/2502: loss=4.356592
2026-10-06 02:35:36   step 1000/2502: loss=4.006293
2026-10-06 02:36:05   step 1100/2502: loss=4.127308
2026-10-06 02:36:35   step 1200/2502: loss=3.664035
2026-10-06 02:37:05   step 1300/2502: loss=2.922625
2026-10-06 02:37:34   step 1400/2502: loss=3.742389
2026-10-06 02:38:03   step 1500/2502: loss=4.350667
2026-10-06 02:38:33   step 1600/2502: loss=3.773980
2026-10-06 02:39:03   step 1700/2502: loss=3.725965
2026-10-06 02:39:31   step 1800/2502: loss=4.105289
2026-10-06 02:40:02   step 1900/2502: loss=2.621166
2026-10-06 02:40:31   step 2000/2502: loss=3.197605
2026-10-06 02:41:00   step 2100/2502: loss=4.460974
2026-10-06 02:41:29   step 2200/2502: loss=4.112334
2026-10-06 02:42:00   step 2300/2502: loss=4.340559
2026-10-06 02:42:29   step 2400/2502: loss=4.131697
2026-10-06 02:42:58   step 2500/2502: loss=3.745715
2026-10-06 02:43:05 [pjrt_ffi] RESIDENT: @vitin_emadp128x4wxclipdropeps0000001bf16_fwd holds 200 parameter tensors (21.8 MB) on 4 devices; they stop crossing PCIe from here
2026-10-06 02:43:41 Epoch 280/300: loss=3.747029 lr=0.000016
2026-10-06 02:43:41   epoch 280: test_acc = 36101/50000 = 72.202000%  top5 = 45543/50000 = 91.086000%  [95% CI 71.81–72.59]
2026-10-06 02:43:45   ▸ shim respawn: producer 3 of 4 replaced after epoch 280 (generation 28, seed 116)
2026-10-06 02:43:45   step 0/2502: loss=3.692801
2026-10-06 02:43:46   step 1/2502: loss=4.457521
2026-10-06 02:43:46   step 2/2502: loss=3.321179
2026-10-06 02:44:17   step 100/2502: loss=3.718303
2026-10-06 02:44:46   step 200/2502: loss=2.675241
2026-10-06 02:45:16   step 300/2502: loss=4.627520
2026-10-06 02:45:45   step 400/2502: loss=3.886217
2026-10-06 02:46:15   step 500/2502: loss=4.395048
2026-10-06 02:46:45   step 600/2502: loss=4.287995
2026-10-06 02:47:16   step 700/2502: loss=3.419976
2026-10-06 02:47:45   step 800/2502: loss=4.176237
2026-10-06 02:48:15   step 900/2502: loss=3.128013
2026-10-06 02:48:46   step 1000/2502: loss=4.021460
2026-10-06 02:49:15   step 1100/2502: loss=3.770661
2026-10-06 02:49:46   step 1200/2502: loss=4.066035
2026-10-06 02:50:16   step 1300/2502: loss=2.447309
2026-10-06 02:50:45   step 1400/2502: loss=4.043663
2026-10-06 02:51:14   step 1500/2502: loss=3.481506
2026-10-06 02:51:44   step 1600/2502: loss=3.913020
2026-10-06 02:52:15   step 1700/2502: loss=3.411565
2026-10-06 02:52:45   step 1800/2502: loss=3.445465
2026-10-06 02:53:14   step 1900/2502: loss=3.733085
2026-10-06 02:53:43   step 2000/2502: loss=4.043174
2026-10-06 02:54:12   step 2100/2502: loss=2.725316
2026-10-06 02:54:41   step 2200/2502: loss=4.026351
2026-10-06 02:55:10   step 2300/2502: loss=4.704331
2026-10-06 02:55:40   step 2400/2502: loss=4.225473
2026-10-06 02:56:10   step 2500/2502: loss=2.915702
2026-10-06 02:56:18 [pjrt_ffi] RESIDENT: @vitin_emadp128x4wxclipdropeps0000001bf16_fwd holds 200 parameter tensors (21.8 MB) on 4 devices; they stop crossing PCIe from here
2026-10-06 02:56:55 Epoch 281/300: loss=3.741386 lr=0.000015
2026-10-06 02:56:55   epoch 281: test_acc = 36120/50000 = 72.240000%  top5 = 45548/50000 = 91.096000%  [95% CI 71.85–72.63]
2026-10-06 02:56:55   step 0/2502: loss=3.395156
2026-10-06 02:56:55   step 1/2502: loss=3.786624
2026-10-06 02:56:56   step 2/2502: loss=3.565985
2026-10-06 02:57:25   step 100/2502: loss=4.182888
2026-10-06 02:57:54   step 200/2502: loss=4.603172
2026-10-06 02:58:24   step 300/2502: loss=4.315747
2026-10-06 02:58:52   step 400/2502: loss=4.372322
2026-10-06 02:59:21   step 500/2502: loss=4.234530
2026-10-06 02:59:52   step 600/2502: loss=4.357249
2026-10-06 03:00:22   step 700/2502: loss=4.241408
2026-10-06 03:00:52   step 800/2502: loss=3.378699
2026-10-06 03:01:22   step 900/2502: loss=3.413753
2026-10-06 03:01:52   step 1000/2502: loss=4.186007
2026-10-06 03:02:22   step 1100/2502: loss=3.844402
2026-10-06 03:02:52   step 1200/2502: loss=4.368815
2026-10-06 03:03:21   step 1300/2502: loss=3.929971
2026-10-06 03:03:50   step 1400/2502: loss=2.831035
2026-10-06 03:04:21   step 1500/2502: loss=2.689024
2026-10-06 03:04:50   step 1600/2502: loss=3.054822
2026-10-06 03:05:20   step 1700/2502: loss=4.209888
2026-10-06 03:05:50   step 1800/2502: loss=2.700588
2026-10-06 03:06:18   step 1900/2502: loss=2.740409
2026-10-06 03:06:49   step 2000/2502: loss=4.279234
2026-10-06 03:07:18   step 2100/2502: loss=3.554395
2026-10-06 03:07:47   step 2200/2502: loss=3.360534
2026-10-06 03:08:17   step 2300/2502: loss=3.488941
2026-10-06 03:08:46   step 2400/2502: loss=3.607024
2026-10-06 03:09:16   step 2500/2502: loss=2.780675
2026-10-06 03:09:24 [pjrt_ffi] RESIDENT: @vitin_emadp128x4wxclipdropeps0000001bf16_fwd holds 200 parameter tensors (21.8 MB) on 4 devices; they stop crossing PCIe from here
2026-10-06 03:10:04 Epoch 282/300: loss=3.746375 lr=0.000014
2026-10-06 03:10:04   epoch 282: test_acc = 36128/50000 = 72.256000%  top5 = 45554/50000 = 91.108000%  [95% CI 71.86–72.65]
2026-10-06 03:10:04   step 0/2502: loss=3.711530
2026-10-06 03:10:04   step 1/2502: loss=4.124056
2026-10-06 03:10:04   step 2/2502: loss=3.603254
2026-10-06 03:10:33   step 100/2502: loss=2.918342
2026-10-06 03:11:02   step 200/2502: loss=4.295719
2026-10-06 03:11:31   step 300/2502: loss=4.162203
2026-10-06 03:12:00   step 400/2502: loss=3.864820
2026-10-06 03:12:29   step 500/2502: loss=3.729039
2026-10-06 03:12:58   step 600/2502: loss=3.562838
2026-10-06 03:13:29   step 700/2502: loss=4.280763
2026-10-06 03:13:59   step 800/2502: loss=4.287438
2026-10-06 03:14:29   step 900/2502: loss=4.172560
2026-10-06 03:15:00   step 1000/2502: loss=4.570032
2026-10-06 03:15:29   step 1100/2502: loss=3.709722
2026-10-06 03:15:59   step 1200/2502: loss=4.139674
2026-10-06 03:16:28   step 1300/2502: loss=4.086552
2026-10-06 03:16:58   step 1400/2502: loss=3.577858
2026-10-06 03:17:28   step 1500/2502: loss=2.831864
2026-10-06 03:17:58   step 1600/2502: loss=4.225418
2026-10-06 03:18:27   step 1700/2502: loss=2.657653
2026-10-06 03:18:56   step 1800/2502: loss=3.889750
2026-10-06 03:19:25   step 1900/2502: loss=4.101052
2026-10-06 03:19:55   step 2000/2502: loss=4.332933
2026-10-06 03:20:25   step 2100/2502: loss=3.954637
2026-10-06 03:20:54   step 2200/2502: loss=3.820743
2026-10-06 03:21:24   step 2300/2502: loss=4.202883
2026-10-06 03:21:53   step 2400/2502: loss=4.114382
2026-10-06 03:22:23   step 2500/2502: loss=2.799720
2026-10-06 03:22:30 [pjrt_ffi] RESIDENT: @vitin_emadp128x4wxclipdropeps0000001bf16_fwd holds 200 parameter tensors (21.8 MB) on 4 devices; they stop crossing PCIe from here
2026-10-06 03:23:09 Epoch 283/300: loss=3.749666 lr=0.000014
2026-10-06 03:23:09   epoch 283: test_acc = 36123/50000 = 72.246000%  top5 = 45542/50000 = 91.084000%  [95% CI 71.85–72.64]
2026-10-06 03:23:09   step 0/2502: loss=2.706524
2026-10-06 03:23:09   step 1/2502: loss=4.117274
2026-10-06 03:23:09   step 2/2502: loss=2.875962
2026-10-06 03:23:38   step 100/2502: loss=2.615492
2026-10-06 03:24:07   step 200/2502: loss=3.623100
2026-10-06 03:24:36   step 300/2502: loss=2.763745
2026-10-06 03:25:05   step 400/2502: loss=3.048668
2026-10-06 03:25:34   step 500/2502: loss=3.052878
2026-10-06 03:26:04   step 600/2502: loss=4.153818
2026-10-06 03:26:34   step 700/2502: loss=3.356832
2026-10-06 03:27:05   step 800/2502: loss=3.597197
2026-10-06 03:27:34   step 900/2502: loss=2.472531
2026-10-06 03:28:05   step 1000/2502: loss=3.888510
2026-10-06 03:28:35   step 1100/2502: loss=2.911980
2026-10-06 03:29:06   step 1200/2502: loss=3.101717
2026-10-06 03:29:35   step 1300/2502: loss=4.067161
2026-10-06 03:30:04   step 1400/2502: loss=4.103971
2026-10-06 03:30:35   step 1500/2502: loss=3.291507
2026-10-06 03:31:05   step 1600/2502: loss=4.131797
2026-10-06 03:31:33   step 1700/2502: loss=4.176028
2026-10-06 03:32:03   step 1800/2502: loss=4.116107
2026-10-06 03:32:32   step 1900/2502: loss=3.035040
2026-10-06 03:33:02   step 2000/2502: loss=2.832677
2026-10-06 03:33:32   step 2100/2502: loss=4.504834
2026-10-06 03:34:01   step 2200/2502: loss=4.327883
2026-10-06 03:34:31   step 2300/2502: loss=3.462005
2026-10-06 03:34:59   step 2400/2502: loss=3.744667
2026-10-06 03:35:30   step 2500/2502: loss=2.796020
2026-10-06 03:35:36 [pjrt_ffi] RESIDENT: @vitin_emadp128x4wxclipdropeps0000001bf16_fwd holds 200 parameter tensors (21.8 MB) on 4 devices; they stop crossing PCIe from here
2026-10-06 03:36:16 Epoch 284/300: loss=3.739385 lr=0.000014
2026-10-06 03:36:16   epoch 284: test_acc = 36144/50000 = 72.288000%  top5 = 45552/50000 = 91.104000%  [95% CI 71.89–72.68]
2026-10-06 03:36:17   step 0/2502: loss=3.917749
2026-10-06 03:36:17   step 1/2502: loss=4.045821
2026-10-06 03:36:17   step 2/2502: loss=3.468538
2026-10-06 03:36:46   step 100/2502: loss=3.726890
2026-10-06 03:37:15   step 200/2502: loss=3.994514
2026-10-06 03:37:45   step 300/2502: loss=3.340464
2026-10-06 03:38:15   step 400/2502: loss=4.056122
2026-10-06 03:38:44   step 500/2502: loss=4.785152
2026-10-06 03:39:14   step 600/2502: loss=4.448765
2026-10-06 03:39:44   step 700/2502: loss=4.303604
2026-10-06 03:40:14   step 800/2502: loss=3.927410
2026-10-06 03:40:45   step 900/2502: loss=3.986364
2026-10-06 03:41:15   step 1000/2502: loss=3.748371
2026-10-06 03:41:44   step 1100/2502: loss=3.992665
2026-10-06 03:42:14   step 1200/2502: loss=3.980045
2026-10-06 03:42:45   step 1300/2502: loss=3.069112
2026-10-06 03:43:15   step 1400/2502: loss=2.841978
2026-10-06 03:43:44   step 1500/2502: loss=3.409510
2026-10-06 03:44:13   step 1600/2502: loss=3.533917
2026-10-06 03:44:43   step 1700/2502: loss=3.789331
2026-10-06 03:45:12   step 1800/2502: loss=3.427438
2026-10-06 03:45:41   step 1900/2502: loss=3.461598
2026-10-06 03:46:10   step 2000/2502: loss=4.180615
2026-10-06 03:46:40   step 2100/2502: loss=4.533978
2026-10-06 03:47:09   step 2200/2502: loss=4.130379
2026-10-06 03:47:39   step 2300/2502: loss=2.764259
2026-10-06 03:48:08   step 2400/2502: loss=4.226997
2026-10-06 03:48:37   step 2500/2502: loss=3.014310
2026-10-06 03:48:45 [pjrt_ffi] RESIDENT: @vitin_emadp128x4wxclipdropeps0000001bf16_fwd holds 200 parameter tensors (21.8 MB) on 4 devices; they stop crossing PCIe from here
2026-10-06 03:49:21 Epoch 285/300: loss=3.734362 lr=0.000013
2026-10-06 03:49:21   epoch 285: test_acc = 36159/50000 = 72.318000%  top5 = 45557/50000 = 91.114000%  [95% CI 71.92–72.71]
2026-10-06 03:49:22   step 0/2502: loss=3.781631
2026-10-06 03:49:22   step 1/2502: loss=3.345858
2026-10-06 03:49:22   step 2/2502: loss=3.824795
2026-10-06 03:49:50   step 100/2502: loss=4.370523
2026-10-06 03:50:20   step 200/2502: loss=4.599746
2026-10-06 03:50:49   step 300/2502: loss=2.956239
2026-10-06 03:51:18   step 400/2502: loss=4.238955
2026-10-06 03:51:47   step 500/2502: loss=4.229085
2026-10-06 03:52:18   step 600/2502: loss=3.714078
2026-10-06 03:52:48   step 700/2502: loss=4.156919
2026-10-06 03:53:18   step 800/2502: loss=4.143105
2026-10-06 03:53:47   step 900/2502: loss=3.903960
2026-10-06 03:54:18   step 1000/2502: loss=4.527917
2026-10-06 03:54:49   step 1100/2502: loss=4.095213
2026-10-06 03:55:18   step 1200/2502: loss=3.988056
2026-10-06 03:55:47   step 1300/2502: loss=2.609438
2026-10-06 03:56:17   step 1400/2502: loss=4.240932
2026-10-06 03:56:47   step 1500/2502: loss=4.099484
2026-10-06 03:57:16   step 1600/2502: loss=4.417177
2026-10-06 03:57:46   step 1700/2502: loss=3.960254
2026-10-06 03:58:15   step 1800/2502: loss=4.332259
2026-10-06 03:58:45   step 1900/2502: loss=3.725873
2026-10-06 03:59:13   step 2000/2502: loss=3.765784
2026-10-06 03:59:45   step 2100/2502: loss=3.930304
2026-10-06 04:00:14   step 2200/2502: loss=3.671259
2026-10-06 04:00:44   step 2300/2502: loss=3.244913
2026-10-06 04:01:13   step 2400/2502: loss=3.932220
2026-10-06 04:01:42   step 2500/2502: loss=3.875442
2026-10-06 04:01:49 [pjrt_ffi] RESIDENT: @vitin_emadp128x4wxclipdropeps0000001bf16_fwd holds 200 parameter tensors (21.8 MB) on 4 devices; they stop crossing PCIe from here
2026-10-06 04:02:28 Epoch 286/300: loss=3.734292 lr=0.000013
2026-10-06 04:02:28   epoch 286: test_acc = 36177/50000 = 72.354000%  top5 = 45560/50000 = 91.120000%  [95% CI 71.96–72.74]
2026-10-06 04:02:28   step 0/2502: loss=4.055389
2026-10-06 04:02:29   step 1/2502: loss=4.186539
2026-10-06 04:02:29   step 2/2502: loss=2.796461
2026-10-06 04:02:58   step 100/2502: loss=3.780823
2026-10-06 04:03:27   step 200/2502: loss=2.808260
2026-10-06 04:03:56   step 300/2502: loss=3.983337
2026-10-06 04:04:26   step 400/2502: loss=4.539893
2026-10-06 04:04:55   step 500/2502: loss=3.935359
2026-10-06 04:05:24   step 600/2502: loss=4.510984
2026-10-06 04:05:56   step 700/2502: loss=4.104663
2026-10-06 04:06:25   step 800/2502: loss=3.857013
2026-10-06 04:06:54   step 900/2502: loss=4.197225
2026-10-06 04:07:24   step 1000/2502: loss=3.091337
2026-10-06 04:07:53   step 1100/2502: loss=3.959167
2026-10-06 04:08:25   step 1200/2502: loss=2.903984
2026-10-06 04:08:54   step 1300/2502: loss=4.028756
2026-10-06 04:09:23   step 1400/2502: loss=4.604954
2026-10-06 04:09:53   step 1500/2502: loss=3.306892
2026-10-06 04:10:22   step 1600/2502: loss=4.290841
2026-10-06 04:10:52   step 1700/2502: loss=4.246017
2026-10-06 04:11:21   step 1800/2502: loss=2.750310
2026-10-06 04:11:50   step 1900/2502: loss=4.223395
2026-10-06 04:12:20   step 2000/2502: loss=3.432198
2026-10-06 04:12:49   step 2100/2502: loss=4.145965
2026-10-06 04:13:18   step 2200/2502: loss=3.527469
2026-10-06 04:13:49   step 2300/2502: loss=4.279523
2026-10-06 04:14:18   step 2400/2502: loss=4.048300
2026-10-06 04:14:47   step 2500/2502: loss=4.227736
2026-10-06 04:14:54 [pjrt_ffi] RESIDENT: @vitin_emadp128x4wxclipdropeps0000001bf16_fwd holds 200 parameter tensors (21.8 MB) on 4 devices; they stop crossing PCIe from here
2026-10-06 04:15:30 Epoch 287/300: loss=3.734895 lr=0.000012
2026-10-06 04:15:30   epoch 287: test_acc = 36171/50000 = 72.342000%  top5 = 45572/50000 = 91.144000%  [95% CI 71.95–72.73]
2026-10-06 04:15:30   step 0/2502: loss=4.246871
2026-10-06 04:15:30   step 1/2502: loss=4.362787
2026-10-06 04:15:31   step 2/2502: loss=3.498667
2026-10-06 04:15:59   step 100/2502: loss=4.102476
2026-10-06 04:16:29   step 200/2502: loss=3.938140
2026-10-06 04:16:58   step 300/2502: loss=4.139364
2026-10-06 04:17:27   step 400/2502: loss=4.001690
2026-10-06 04:17:56   step 500/2502: loss=2.814801
2026-10-06 04:18:27   step 600/2502: loss=3.750745
2026-10-06 04:18:57   step 700/2502: loss=3.582220
2026-10-06 04:19:26   step 800/2502: loss=4.141241
2026-10-06 04:19:56   step 900/2502: loss=4.139565
2026-10-06 04:20:26   step 1000/2502: loss=3.843548
2026-10-06 04:20:55   step 1100/2502: loss=4.450314
2026-10-06 04:21:25   step 1200/2502: loss=2.440915
2026-10-06 04:21:54   step 1300/2502: loss=2.599279
2026-10-06 04:22:24   step 1400/2502: loss=3.814222
2026-10-06 04:22:53   step 1500/2502: loss=3.932386
2026-10-06 04:23:23   step 1600/2502: loss=3.886268
2026-10-06 04:23:52   step 1700/2502: loss=4.086965
2026-10-06 04:24:21   step 1800/2502: loss=4.120224
2026-10-06 04:24:51   step 1900/2502: loss=4.340967
2026-10-06 04:25:21   step 2000/2502: loss=4.148095
2026-10-06 04:25:51   step 2100/2502: loss=2.996604
2026-10-06 04:26:20   step 2200/2502: loss=4.125136
2026-10-06 04:26:49   step 2300/2502: loss=2.960712
2026-10-06 04:27:18   step 2400/2502: loss=3.226283
2026-10-06 04:27:47   step 2500/2502: loss=3.281892
2026-10-06 04:27:54 [pjrt_ffi] RESIDENT: @vitin_emadp128x4wxclipdropeps0000001bf16_fwd holds 200 parameter tensors (21.8 MB) on 4 devices; they stop crossing PCIe from here
2026-10-06 04:28:29 Epoch 288/300: loss=3.725385 lr=0.000012
2026-10-06 04:28:29   epoch 288: test_acc = 36190/50000 = 72.380000%  top5 = 45571/50000 = 91.142000%  [95% CI 71.99–72.77]
2026-10-06 04:28:29   step 0/2502: loss=4.142818
2026-10-06 04:28:29   step 1/2502: loss=4.442021
2026-10-06 04:28:29   step 2/2502: loss=4.168353
2026-10-06 04:28:58   step 100/2502: loss=4.308628
2026-10-06 04:29:27   step 200/2502: loss=4.012170
2026-10-06 04:29:56   step 300/2502: loss=4.457383
2026-10-06 04:30:25   step 400/2502: loss=4.110103
2026-10-06 04:30:56   step 500/2502: loss=3.669751
2026-10-06 04:31:26   step 600/2502: loss=3.867280
2026-10-06 04:31:57   step 700/2502: loss=3.009800
2026-10-06 04:32:27   step 800/2502: loss=4.072179
2026-10-06 04:32:57   step 900/2502: loss=4.126305
2026-10-06 04:33:27   step 1000/2502: loss=4.137263
2026-10-06 04:33:59   step 1100/2502: loss=4.500312
2026-10-06 04:34:28   step 1200/2502: loss=3.752661
2026-10-06 04:34:57   step 1300/2502: loss=3.044144
2026-10-06 04:35:26   step 1400/2502: loss=3.745811
2026-10-06 04:35:56   step 1500/2502: loss=2.987694
2026-10-06 04:36:26   step 1600/2502: loss=2.696707
2026-10-06 04:36:57   step 1700/2502: loss=3.979738
2026-10-06 04:37:27   step 1800/2502: loss=4.198775
2026-10-06 04:37:57   step 1900/2502: loss=3.453780
2026-10-06 04:38:26   step 2000/2502: loss=3.950498
2026-10-06 04:38:54   step 2100/2502: loss=3.887269
2026-10-06 04:39:24   step 2200/2502: loss=3.905407
2026-10-06 04:39:53   step 2300/2502: loss=4.532089
2026-10-06 04:40:22   step 2400/2502: loss=3.592113
2026-10-06 04:40:52   step 2500/2502: loss=3.301450
2026-10-06 04:40:59 [pjrt_ffi] RESIDENT: @vitin_emadp128x4wxclipdropeps0000001bf16_fwd holds 200 parameter tensors (21.8 MB) on 4 devices; they stop crossing PCIe from here
2026-10-06 04:41:40 Epoch 289/300: loss=3.749400 lr=0.000012
2026-10-06 04:41:40   epoch 289: test_acc = 36194/50000 = 72.388000%  top5 = 45573/50000 = 91.146000%  [95% CI 71.99–72.78]
2026-10-06 04:41:40   step 0/2502: loss=3.658520
2026-10-06 04:41:40   step 1/2502: loss=4.000319
2026-10-06 04:41:40   step 2/2502: loss=4.173938
2026-10-06 04:42:09   step 100/2502: loss=3.349077
2026-10-06 04:42:39   step 200/2502: loss=2.419567
2026-10-06 04:43:08   step 300/2502: loss=3.597930
2026-10-06 04:43:37   step 400/2502: loss=4.225887
2026-10-06 04:44:06   step 500/2502: loss=2.837043
2026-10-06 04:44:35   step 600/2502: loss=3.467705
2026-10-06 04:45:05   step 700/2502: loss=4.031381
2026-10-06 04:45:35   step 800/2502: loss=3.897166
2026-10-06 04:46:06   step 900/2502: loss=4.126965
2026-10-06 04:46:37   step 1000/2502: loss=4.105882
2026-10-06 04:47:05   step 1100/2502: loss=2.756022
2026-10-06 04:47:35   step 1200/2502: loss=2.666861
2026-10-06 04:48:06   step 1300/2502: loss=3.237863
2026-10-06 04:48:35   step 1400/2502: loss=2.579819
2026-10-06 04:49:05   step 1500/2502: loss=3.863228
2026-10-06 04:49:35   step 1600/2502: loss=3.103308
2026-10-06 04:50:04   step 1700/2502: loss=3.016223
2026-10-06 04:50:33   step 1800/2502: loss=3.610691
2026-10-06 04:51:02   step 1900/2502: loss=2.582569
2026-10-06 04:51:32   step 2000/2502: loss=3.101311
2026-10-06 04:52:01   step 2100/2502: loss=3.808721
2026-10-06 04:52:31   step 2200/2502: loss=4.121467
2026-10-06 04:53:00   step 2300/2502: loss=3.429515
2026-10-06 04:53:29   step 2400/2502: loss=3.040084
2026-10-06 04:53:59   step 2500/2502: loss=3.920873
2026-10-06 04:54:06 [pjrt_ffi] RESIDENT: @vitin_emadp128x4wxclipdropeps0000001bf16_fwd holds 200 parameter tensors (21.8 MB) on 4 devices; they stop crossing PCIe from here
2026-10-06 04:54:47 Epoch 290/300: loss=3.732539 lr=0.000011
2026-10-06 04:54:47   epoch 290: test_acc = 36193/50000 = 72.386000%  top5 = 45579/50000 = 91.158000%  [95% CI 71.99–72.78]
2026-10-06 04:54:51   ▸ shim respawn: producer 0 of 4 replaced after epoch 290 (generation 29, seed 117)
2026-10-06 04:54:54   step 0/2502: loss=3.466300
2026-10-06 04:54:54   step 1/2502: loss=3.712535
2026-10-06 04:54:54   step 2/2502: loss=3.545769
2026-10-06 04:55:23   step 100/2502: loss=4.242427
2026-10-06 04:55:52   step 200/2502: loss=3.170016
2026-10-06 04:56:23   step 300/2502: loss=3.603307
2026-10-06 04:56:52   step 400/2502: loss=4.456388
2026-10-06 04:57:21   step 500/2502: loss=4.035932
2026-10-06 04:57:50   step 600/2502: loss=4.530698
2026-10-06 04:58:19   step 700/2502: loss=4.185310
2026-10-06 04:58:49   step 800/2502: loss=4.172831
2026-10-06 04:59:20   step 900/2502: loss=4.112324
2026-10-06 04:59:49   step 1000/2502: loss=4.270565
2026-10-06 05:00:19   step 1100/2502: loss=2.638943
2026-10-06 05:00:48   step 1200/2502: loss=4.427783
2026-10-06 05:01:19   step 1300/2502: loss=3.975592
2026-10-06 05:01:48   step 1400/2502: loss=3.291838
2026-10-06 05:02:18   step 1500/2502: loss=3.422928
2026-10-06 05:02:47   step 1600/2502: loss=4.032699
2026-10-06 05:03:16   step 1700/2502: loss=4.202384
2026-10-06 05:03:45   step 1800/2502: loss=3.834281
2026-10-06 05:04:14   step 1900/2502: loss=3.915464
2026-10-06 05:04:44   step 2000/2502: loss=3.108153
2026-10-06 05:05:12   step 2100/2502: loss=4.099275
2026-10-06 05:05:41   step 2200/2502: loss=3.031518
2026-10-06 05:06:10   step 2300/2502: loss=4.063449
2026-10-06 05:06:40   step 2400/2502: loss=4.583830
2026-10-06 05:07:08   step 2500/2502: loss=3.168531
2026-10-06 05:07:16 [pjrt_ffi] RESIDENT: @vitin_emadp128x4wxclipdropeps0000001bf16_fwd holds 200 parameter tensors (21.8 MB) on 4 devices; they stop crossing PCIe from here
2026-10-06 05:07:54 Epoch 291/300: loss=3.748851 lr=0.000011
2026-10-06 05:07:54   epoch 291: test_acc = 36191/50000 = 72.382000%  top5 = 45582/50000 = 91.164000%  [95% CI 71.99–72.77]
2026-10-06 05:07:54   step 0/2502: loss=3.283596
2026-10-06 05:07:55   step 1/2502: loss=3.891896
2026-10-06 05:07:55   step 2/2502: loss=2.928476
2026-10-06 05:08:24   step 100/2502: loss=3.630037
2026-10-06 05:08:53   step 200/2502: loss=3.747685
2026-10-06 05:09:22   step 300/2502: loss=3.424736
2026-10-06 05:09:52   step 400/2502: loss=4.033187
2026-10-06 05:10:21   step 500/2502: loss=4.024490
2026-10-06 05:10:50   step 600/2502: loss=4.058971
2026-10-06 05:11:20   step 700/2502: loss=3.440970
2026-10-06 05:11:49   step 800/2502: loss=3.497485
2026-10-06 05:12:19   step 900/2502: loss=2.840783
2026-10-06 05:12:48   step 1000/2502: loss=3.710144
2026-10-06 05:13:17   step 1100/2502: loss=4.372298
2026-10-06 05:13:48   step 1200/2502: loss=3.085335
2026-10-06 05:14:17   step 1300/2502: loss=4.438084
2026-10-06 05:14:47   step 1400/2502: loss=3.944692
2026-10-06 05:15:16   step 1500/2502: loss=3.955618
2026-10-06 05:15:45   step 1600/2502: loss=3.204775
2026-10-06 05:16:14   step 1700/2502: loss=4.329648
2026-10-06 05:16:45   step 1800/2502: loss=3.385365
2026-10-06 05:17:14   step 1900/2502: loss=4.317862
2026-10-06 05:17:43   step 2000/2502: loss=4.043333
2026-10-06 05:18:13   step 2100/2502: loss=3.110554
2026-10-06 05:18:42   step 2200/2502: loss=3.446946
2026-10-06 05:19:11   step 2300/2502: loss=4.201835
2026-10-06 05:19:43   step 2400/2502: loss=3.635762
2026-10-06 05:20:12   step 2500/2502: loss=4.265697
2026-10-06 05:20:18 [pjrt_ffi] RESIDENT: @vitin_emadp128x4wxclipdropeps0000001bf16_fwd holds 200 parameter tensors (21.8 MB) on 4 devices; they stop crossing PCIe from here
2026-10-06 05:20:54 Epoch 292/300: loss=3.740465 lr=0.000011
2026-10-06 05:20:54   epoch 292: test_acc = 36194/50000 = 72.388000%  top5 = 45594/50000 = 91.188000%  [95% CI 71.99–72.78]
2026-10-06 05:20:55   step 0/2502: loss=3.330707
2026-10-06 05:20:55   step 1/2502: loss=4.007270
2026-10-06 05:20:55   step 2/2502: loss=3.230813
2026-10-06 05:21:24   step 100/2502: loss=4.178262
2026-10-06 05:21:53   step 200/2502: loss=3.868163
2026-10-06 05:22:23   step 300/2502: loss=4.114072
2026-10-06 05:22:52   step 400/2502: loss=3.473936
2026-10-06 05:23:21   step 500/2502: loss=4.129462
2026-10-06 05:23:52   step 600/2502: loss=4.432716
2026-10-06 05:24:22   step 700/2502: loss=3.578682
2026-10-06 05:24:51   step 800/2502: loss=2.755370
2026-10-06 05:25:21   step 900/2502: loss=2.612622
2026-10-06 05:25:52   step 1000/2502: loss=4.180264
2026-10-06 05:26:21   step 1100/2502: loss=2.689291
2026-10-06 05:26:50   step 1200/2502: loss=3.762736
2026-10-06 05:27:21   step 1300/2502: loss=4.371806
2026-10-06 05:27:50   step 1400/2502: loss=2.762620
2026-10-06 05:28:19   step 1500/2502: loss=4.071066
2026-10-06 05:28:51   step 1600/2502: loss=3.345557
2026-10-06 05:29:21   step 1700/2502: loss=2.711247
2026-10-06 05:29:50   step 1800/2502: loss=3.722896
2026-10-06 05:30:20   step 1900/2502: loss=4.337226
2026-10-06 05:30:49   step 2000/2502: loss=4.118395
2026-10-06 05:31:18   step 2100/2502: loss=4.474200
2026-10-06 05:31:47   step 2200/2502: loss=4.301295
2026-10-06 05:32:17   step 2300/2502: loss=2.829112
2026-10-06 05:32:46   step 2400/2502: loss=3.798065
2026-10-06 05:33:16   step 2500/2502: loss=3.978538
2026-10-06 05:33:23 [pjrt_ffi] RESIDENT: @vitin_emadp128x4wxclipdropeps0000001bf16_fwd holds 200 parameter tensors (21.8 MB) on 4 devices; they stop crossing PCIe from here
2026-10-06 05:34:08 Epoch 293/300: loss=3.722459 lr=0.000011
2026-10-06 05:34:08   epoch 293: test_acc = 36218/50000 = 72.436000%  top5 = 45596/50000 = 91.192000%  [95% CI 72.04–72.83]
2026-10-06 05:34:08   step 0/2502: loss=4.262604
2026-10-06 05:34:08   step 1/2502: loss=4.037300
2026-10-06 05:34:08   step 2/2502: loss=4.112154
2026-10-06 05:34:37   step 100/2502: loss=4.211196
2026-10-06 05:35:06   step 200/2502: loss=2.669394
2026-10-06 05:35:35   step 300/2502: loss=3.950591
2026-10-06 05:36:04   step 400/2502: loss=4.327671
2026-10-06 05:36:33   step 500/2502: loss=3.553551
2026-10-06 05:37:02   step 600/2502: loss=4.205273
2026-10-06 05:37:32   step 700/2502: loss=3.984321
2026-10-06 05:38:02   step 800/2502: loss=2.639041
2026-10-06 05:38:31   step 900/2502: loss=4.071159
2026-10-06 05:39:01   step 1000/2502: loss=2.878973
2026-10-06 05:39:30   step 1100/2502: loss=3.055732
2026-10-06 05:40:01   step 1200/2502: loss=2.489122
2026-10-06 05:40:30   step 1300/2502: loss=2.283474
2026-10-06 05:41:01   step 1400/2502: loss=4.126354
2026-10-06 05:41:30   step 1500/2502: loss=2.673483
2026-10-06 05:41:59   step 1600/2502: loss=3.206723
2026-10-06 05:42:28   step 1700/2502: loss=4.170884
2026-10-06 05:43:00   step 1800/2502: loss=3.367722
2026-10-06 05:43:29   step 1900/2502: loss=3.317954
2026-10-06 05:43:58   step 2000/2502: loss=4.063509
2026-10-06 05:44:27   step 2100/2502: loss=3.930204
2026-10-06 05:44:55   step 2200/2502: loss=3.556506
2026-10-06 05:45:26   step 2300/2502: loss=3.642905
2026-10-06 05:45:55   step 2400/2502: loss=2.755337
2026-10-06 05:46:24   step 2500/2502: loss=3.989695
2026-10-06 05:46:32 [pjrt_ffi] RESIDENT: @vitin_emadp128x4wxclipdropeps0000001bf16_fwd holds 200 parameter tensors (21.8 MB) on 4 devices; they stop crossing PCIe from here
2026-10-06 05:47:17 Epoch 294/300: loss=3.749740 lr=0.000011
2026-10-06 05:47:17   epoch 294: test_acc = 36208/50000 = 72.416000%  top5 = 45595/50000 = 91.190000%  [95% CI 72.02–72.81]
2026-10-06 05:47:17   step 0/2502: loss=4.310291
2026-10-06 05:47:17   step 1/2502: loss=3.178640
2026-10-06 05:47:17   step 2/2502: loss=4.237254
2026-10-06 05:47:46   step 100/2502: loss=4.023141
2026-10-06 05:48:15   step 200/2502: loss=3.361426
2026-10-06 05:48:44   step 300/2502: loss=3.674274
2026-10-06 05:49:13   step 400/2502: loss=3.249871
2026-10-06 05:49:42   step 500/2502: loss=3.663106
2026-10-06 05:50:11   step 600/2502: loss=3.971853
2026-10-06 05:50:41   step 700/2502: loss=4.365945
2026-10-06 05:51:10   step 800/2502: loss=3.539896
2026-10-06 05:51:40   step 900/2502: loss=2.766764
2026-10-06 05:52:09   step 1000/2502: loss=2.453093
2026-10-06 05:52:38   step 1100/2502: loss=4.144200
2026-10-06 05:53:09   step 1200/2502: loss=3.961340
2026-10-06 05:53:38   step 1300/2502: loss=3.621887
2026-10-06 05:54:07   step 1400/2502: loss=4.453179
2026-10-06 05:54:36   step 1500/2502: loss=4.053292
2026-10-06 05:55:06   step 1600/2502: loss=3.647757
2026-10-06 05:55:35   step 1700/2502: loss=4.007046
2026-10-06 05:56:05   step 1800/2502: loss=4.253953
2026-10-06 05:56:34   step 1900/2502: loss=4.234559
2026-10-06 05:57:02   step 2000/2502: loss=4.572229
2026-10-06 05:57:32   step 2100/2502: loss=3.589279
2026-10-06 05:58:01   step 2200/2502: loss=4.578664
2026-10-06 05:58:30   step 2300/2502: loss=3.952914
2026-10-06 05:58:59   step 2400/2502: loss=3.877870
2026-10-06 05:59:29   step 2500/2502: loss=4.151420
2026-10-06 05:59:36 [pjrt_ffi] RESIDENT: @vitin_emadp128x4wxclipdropeps0000001bf16_fwd holds 200 parameter tensors (21.8 MB) on 4 devices; they stop crossing PCIe from here
2026-10-06 06:00:15 Epoch 295/300: loss=3.741795 lr=0.000010
2026-10-06 06:00:15   epoch 295: test_acc = 36203/50000 = 72.406000%  top5 = 45600/50000 = 91.200000%  [95% CI 72.01–72.80]
2026-10-06 06:00:15   step 0/2502: loss=3.966083
2026-10-06 06:00:16   step 1/2502: loss=2.928029
2026-10-06 06:00:16   step 2/2502: loss=3.955053
2026-10-06 06:00:45   step 100/2502: loss=4.198725
2026-10-06 06:01:15   step 200/2502: loss=4.210982
2026-10-06 06:01:44   step 300/2502: loss=4.318301
2026-10-06 06:02:13   step 400/2502: loss=3.819807
2026-10-06 06:02:42   step 500/2502: loss=4.540885
2026-10-06 06:03:11   step 600/2502: loss=3.784851
2026-10-06 06:03:42   step 700/2502: loss=4.309859
2026-10-06 06:04:11   step 800/2502: loss=4.044686
2026-10-06 06:04:40   step 900/2502: loss=3.780761
2026-10-06 06:05:10   step 1000/2502: loss=4.028617
2026-10-06 06:05:40   step 1100/2502: loss=4.192527
2026-10-06 06:06:10   step 1200/2502: loss=4.105746
2026-10-06 06:06:41   step 1300/2502: loss=3.020661
2026-10-06 06:07:11   step 1400/2502: loss=3.889953
2026-10-06 06:07:40   step 1500/2502: loss=2.552598
2026-10-06 06:08:09   step 1600/2502: loss=4.116234
2026-10-06 06:08:38   step 1700/2502: loss=2.706068
2026-10-06 06:09:10   step 1800/2502: loss=4.195234
2026-10-06 06:09:39   step 1900/2502: loss=4.567381
2026-10-06 06:10:09   step 2000/2502: loss=3.005838
2026-10-06 06:10:38   step 2100/2502: loss=4.315804
2026-10-06 06:11:07   step 2200/2502: loss=3.866612
2026-10-06 06:11:37   step 2300/2502: loss=3.166357
2026-10-06 06:12:06   step 2400/2502: loss=3.292569
2026-10-06 06:12:36   step 2500/2502: loss=4.524576
2026-10-06 06:12:42 [pjrt_ffi] RESIDENT: @vitin_emadp128x4wxclipdropeps0000001bf16_fwd holds 200 parameter tensors (21.8 MB) on 4 devices; they stop crossing PCIe from here
2026-10-06 06:13:23 Epoch 296/300: loss=3.734573 lr=0.000010
2026-10-06 06:13:23   epoch 296: test_acc = 36200/50000 = 72.400000%  top5 = 45607/50000 = 91.214000%  [95% CI 72.01–72.79]
2026-10-06 06:13:23   step 0/2502: loss=4.129473
2026-10-06 06:13:24   step 1/2502: loss=3.093963
2026-10-06 06:13:24   step 2/2502: loss=4.193779
2026-10-06 06:13:53   step 100/2502: loss=3.152309
2026-10-06 06:14:22   step 200/2502: loss=3.831882
2026-10-06 06:14:51   step 300/2502: loss=4.366044
2026-10-06 06:15:20   step 400/2502: loss=4.072529
2026-10-06 06:15:49   step 500/2502: loss=4.483203
2026-10-06 06:16:18   step 600/2502: loss=3.097287
2026-10-06 06:16:48   step 700/2502: loss=4.461264
2026-10-06 06:17:17   step 800/2502: loss=2.952249
2026-10-06 06:17:48   step 900/2502: loss=4.205530
2026-10-06 06:18:17   step 1000/2502: loss=3.167641
2026-10-06 06:18:47   step 1100/2502: loss=4.528828
2026-10-06 06:19:16   step 1200/2502: loss=4.347020
2026-10-06 06:19:45   step 1300/2502: loss=2.548460
2026-10-06 06:20:14   step 1400/2502: loss=3.369942
2026-10-06 06:20:45   step 1500/2502: loss=4.491098
2026-10-06 06:21:14   step 1600/2502: loss=3.524329
2026-10-06 06:21:44   step 1700/2502: loss=3.734907
2026-10-06 06:22:13   step 1800/2502: loss=4.443264
2026-10-06 06:22:41   step 1900/2502: loss=3.461091
2026-10-06 06:23:11   step 2000/2502: loss=3.840812
2026-10-06 06:23:40   step 2100/2502: loss=3.615697
2026-10-06 06:24:09   step 2200/2502: loss=4.117170
2026-10-06 06:24:38   step 2300/2502: loss=2.950912
2026-10-06 06:25:08   step 2400/2502: loss=4.156993
2026-10-06 06:25:39   step 2500/2502: loss=3.436775
2026-10-06 06:25:46 [pjrt_ffi] RESIDENT: @vitin_emadp128x4wxclipdropeps0000001bf16_fwd holds 200 parameter tensors (21.8 MB) on 4 devices; they stop crossing PCIe from here
2026-10-06 06:26:27 Epoch 297/300: loss=3.725847 lr=0.000010
2026-10-06 06:26:27   epoch 297: test_acc = 36194/50000 = 72.388000%  top5 = 45618/50000 = 91.236000%  [95% CI 71.99–72.78]
2026-10-06 06:26:27   step 0/2502: loss=3.383667
2026-10-06 06:26:27   step 1/2502: loss=4.299818
2026-10-06 06:26:27   step 2/2502: loss=3.491384
2026-10-06 06:26:57   step 100/2502: loss=4.108034
2026-10-06 06:27:26   step 200/2502: loss=3.753593
2026-10-06 06:27:55   step 300/2502: loss=3.863406
2026-10-06 06:28:24   step 400/2502: loss=4.299950
2026-10-06 06:28:53   step 500/2502: loss=4.357933
2026-10-06 06:29:22   step 600/2502: loss=4.126595
2026-10-06 06:29:51   step 700/2502: loss=3.852268
2026-10-06 06:30:22   step 800/2502: loss=4.399548
2026-10-06 06:30:51   step 900/2502: loss=3.245824
2026-10-06 06:31:21   step 1000/2502: loss=4.300188
2026-10-06 06:31:51   step 1100/2502: loss=4.246284
2026-10-06 06:32:21   step 1200/2502: loss=4.457220
2026-10-06 06:32:50   step 1300/2502: loss=3.942898
2026-10-06 06:33:21   step 1400/2502: loss=4.353183
2026-10-06 06:33:50   step 1500/2502: loss=4.056291
2026-10-06 06:34:19   step 1600/2502: loss=3.259212
2026-10-06 06:34:48   step 1700/2502: loss=3.840139
2026-10-06 06:35:18   step 1800/2502: loss=3.533536
2026-10-06 06:35:47   step 1900/2502: loss=2.853613
2026-10-06 06:36:16   step 2000/2502: loss=4.261417
2026-10-06 06:36:45   step 2100/2502: loss=4.134621
2026-10-06 06:37:14   step 2200/2502: loss=4.052529
2026-10-06 06:37:43   step 2300/2502: loss=3.655109
2026-10-06 06:38:13   step 2400/2502: loss=3.178073
2026-10-06 06:38:43   step 2500/2502: loss=4.106585
2026-10-06 06:38:50 [pjrt_ffi] RESIDENT: @vitin_emadp128x4wxclipdropeps0000001bf16_fwd holds 200 parameter tensors (21.8 MB) on 4 devices; they stop crossing PCIe from here
2026-10-06 06:39:28 Epoch 298/300: loss=3.736969 lr=0.000010
2026-10-06 06:39:28   epoch 298: test_acc = 36189/50000 = 72.378000%  top5 = 45618/50000 = 91.236000%  [95% CI 71.98–72.77]
2026-10-06 06:39:29   step 0/2502: loss=4.255691
2026-10-06 06:39:29   step 1/2502: loss=3.294388
2026-10-06 06:39:29   step 2/2502: loss=3.863342
2026-10-06 06:39:58   step 100/2502: loss=3.745859
2026-10-06 06:40:27   step 200/2502: loss=3.827188
2026-10-06 06:40:56   step 300/2502: loss=3.231615
2026-10-06 06:41:25   step 400/2502: loss=2.697919
2026-10-06 06:41:54   step 500/2502: loss=2.946794
2026-10-06 06:42:24   step 600/2502: loss=4.232068
2026-10-06 06:42:55   step 700/2502: loss=3.469327
2026-10-06 06:43:24   step 800/2502: loss=3.689214
2026-10-06 06:43:54   step 900/2502: loss=3.557626
2026-10-06 06:44:24   step 1000/2502: loss=4.152253
2026-10-06 06:44:53   step 1100/2502: loss=3.968770
2026-10-06 06:45:22   step 1200/2502: loss=3.794062
2026-10-06 06:45:52   step 1300/2502: loss=3.598853
2026-10-06 06:46:21   step 1400/2502: loss=4.296121
2026-10-06 06:46:50   step 1500/2502: loss=4.089550
2026-10-06 06:47:21   step 1600/2502: loss=4.534389
2026-10-06 06:47:50   step 1700/2502: loss=4.276678
2026-10-06 06:48:20   step 1800/2502: loss=4.407702
2026-10-06 06:48:48   step 1900/2502: loss=3.964211
2026-10-06 06:49:17   step 2000/2502: loss=2.848570
2026-10-06 06:49:47   step 2100/2502: loss=3.408882
2026-10-06 06:50:16   step 2200/2502: loss=4.132671
2026-10-06 06:50:46   step 2300/2502: loss=3.911751
2026-10-06 06:51:16   step 2400/2502: loss=3.680859
2026-10-06 06:51:45   step 2500/2502: loss=3.039872
2026-10-06 06:51:52 [pjrt_ffi] RESIDENT: @vitin_emadp128x4wxclipdropeps0000001bf16_fwd holds 200 parameter tensors (21.8 MB) on 4 devices; they stop crossing PCIe from here
2026-10-06 06:52:36 Epoch 299/300: loss=3.719497 lr=0.000010
2026-10-06 06:52:36   epoch 299: test_acc = 36186/50000 = 72.372000%  top5 = 45605/50000 = 91.210000%  [95% CI 71.98–72.76]
2026-10-06 06:52:36   step 0/2502: loss=3.899985
2026-10-06 06:52:36   step 1/2502: loss=2.837484
2026-10-06 06:52:36   step 2/2502: loss=4.172065
2026-10-06 06:53:06   step 100/2502: loss=3.839101
2026-10-06 06:53:35   step 200/2502: loss=3.244589
2026-10-06 06:54:04   step 300/2502: loss=4.225434
2026-10-06 06:54:33   step 400/2502: loss=4.162713
2026-10-06 06:55:02   step 500/2502: loss=4.455685
2026-10-06 06:55:31   step 600/2502: loss=4.189137
2026-10-06 06:56:01   step 700/2502: loss=4.422041
2026-10-06 06:56:31   step 800/2502: loss=4.337226
2026-10-06 06:57:00   step 900/2502: loss=3.647452
2026-10-06 06:57:29   step 1000/2502: loss=4.242285
2026-10-06 06:57:59   step 1100/2502: loss=3.899334
2026-10-06 06:58:29   step 1200/2502: loss=3.078714
2026-10-06 06:58:59   step 1300/2502: loss=4.250537
2026-10-06 06:59:28   step 1400/2502: loss=3.778991
2026-10-06 06:59:57   step 1500/2502: loss=4.199902
2026-10-06 07:00:27   step 1600/2502: loss=3.931160
2026-10-06 07:00:56   step 1700/2502: loss=3.895193
2026-10-06 07:01:26   step 1800/2502: loss=3.680605
2026-10-06 07:01:55   step 1900/2502: loss=3.585195
2026-10-06 07:02:23   step 2000/2502: loss=3.657727
2026-10-06 07:02:53   step 2100/2502: loss=4.232444
2026-10-06 07:03:22   step 2200/2502: loss=4.285653
2026-10-06 07:03:51   step 2300/2502: loss=4.337596
2026-10-06 07:04:22   step 2400/2502: loss=3.400987
2026-10-06 07:04:52   step 2500/2502: loss=2.730746
2026-10-06 07:04:57 [pjrt_ffi] RESIDENT: @vitin_emadp128x4wxclipdropeps0000001bf16_fwd holds 200 parameter tensors (21.8 MB) on 4 devices; they stop crossing PCIe from here
2026-10-06 07:05:27 Epoch 300/300: loss=3.707019 lr=0.000010
2026-10-06 07:05:27   epoch 300: test_acc = 36208/50000 = 72.416000%  top5 = 45606/50000 = 91.212000%  [95% CI 72.02–72.81]
