===== 2026-09-18 14:26:13 attempt 1 (from epoch 0) =====
I0918 14:26:13.862739   54251 service.cc:154] XLA service 0x7c05fc008500 initialized for platform CUDA (this does not guarantee that XLA will be used). Devices:
I0918 14:26:13.862763   54251 service.cc:170]   StreamExecutor [0]: NVIDIA GeForce RTX 3060, Compute Capability 8.6 (Driver: 13.3.0[610.57.4]; Runtime: 13.3.0; Toolkit: 13.0.0; DNN: 9.24.0)
I0918 14:26:13.862767   54251 service.cc:170]   StreamExecutor [1]: NVIDIA GeForce RTX 3060, Compute Capability 8.6 (Driver: 13.3.0[610.57.4]; Runtime: 13.3.0; Toolkit: 13.0.0; DNN: 9.24.0)
I0918 14:26:13.862769   54251 service.cc:170]   StreamExecutor [2]: NVIDIA GeForce RTX 3060, Compute Capability 8.6 (Driver: 13.3.0[610.57.4]; Runtime: 13.3.0; Toolkit: 13.0.0; DNN: 9.24.0)
I0918 14:26:13.862770   54251 service.cc:170]   StreamExecutor [3]: NVIDIA GeForce RTX 3060, Compute Capability 8.6 (Driver: 13.3.0[610.57.4]; Runtime: 13.3.0; Toolkit: 13.0.0; DNN: 9.24.0)
I0918 14:26:13.864665   54251 se_gpu_pjrt_client.cc:1450] Using BFC allocator.
I0918 14:26:13.864706   54251 gpu_helpers.cc:162] XLA backend allocating 8.72GiB (9365880832 bytes) on device 0 for BFCAllocator.
I0918 14:26:13.864741   54251 gpu_helpers.cc:162] XLA backend allocating 8.72GiB (9365880832 bytes) on device 1 for BFCAllocator.
I0918 14:26:13.864749   54251 gpu_helpers.cc:162] XLA backend allocating 8.72GiB (9365880832 bytes) on device 2 for BFCAllocator.
I0918 14:26:13.864756   54251 gpu_helpers.cc:162] XLA backend allocating 8.72GiB (9365880832 bytes) on device 3 for BFCAllocator.
[pjrt_ffi] XLA backend: PJRT 0.114, 4 device(s)
[pjrt_ffi] command buffers: enabled (CUDA default)
I0918 14:26:13.955859   54251 se_gpu_pjrt_compiler.cc:382] Found GPU target config and a PjRtClient with matching configuration. Performing a JIT compilation.
I0918 14:26:20.011656   54251 cuda_dnn.cc:442] Loaded cuDNN version 92400
W0918 14:26:21.394765   54313 cuda_timer.cc:88] Delay kernel timed out: measured time has sub-optimal accuracy. There may be a missing warmup execution, please investigate in Nsight Systems.
W0918 14:26:22.456627   54309 cuda_timer.cc:88] Delay kernel timed out: measured time has sub-optimal accuracy. There may be a missing warmup execution, please investigate in Nsight Systems.
I0918 14:26:22.853039   54322 subprocess_compilation.cc:349] ptxas warning : Registers are spilled to local memory in function 'gemm_fusion_dot', 128 bytes spill stores, 128 bytes spill loads

I0918 14:26:22.911363   54314 subprocess_compilation.cc:349] ptxas warning : Registers are spilled to local memory in function 'gemm_fusion_dot_1', 124 bytes spill stores, 72 bytes spill loads

W0918 14:26:23.318328   54309 cuda_timer.cc:88] Delay kernel timed out: measured time has sub-optimal accuracy. There may be a missing warmup execution, please investigate in Nsight Systems.
I0918 14:26:25.940863   54325 subprocess_compilation.cc:349] ptxas warning : Registers are spilled to local memory in function 'gemm_fusion_dot', 804 bytes spill stores, 548 bytes spill loads

I0918 14:26:35.494083   54325 subprocess_compilation.cc:349] ptxas warning : Registers are spilled to local memory in function 'fusion_1023', 8 bytes spill stores, 8 bytes spill loads

I0918 14:26:35.833639   54312 subprocess_compilation.cc:349] ptxas warning : Registers are spilled to local memory in function 'fusion_443', 88 bytes spill stores, 88 bytes spill loads

[pjrt_ffi] compiled verified_mlir/convnextin_adamdpwxclipdropbf16_train_step.mlir (@convnextin_adamdpwxclipdropbf16_train_step, 567 outputs, 4 replicas) in 22283 ms
W0918 14:26:36.483928   54313 cuda_timer.cc:88] Delay kernel timed out: measured time has sub-optimal accuracy. There may be a missing warmup execution, please investigate in Nsight Systems.
W0918 14:26:37.769561   54322 cuda_timer.cc:88] Delay kernel timed out: measured time has sub-optimal accuracy. There may be a missing warmup execution, please investigate in Nsight Systems.
[pjrt_ffi] compiled verified_mlir/convnextin_fwd.mlir (@convnextin_fwd, 1 outputs, 4 replicas, SHARDED — outputs gathered from every replica) in 3394 ms
WARNING: All log messages before absl::InitializeLog() is called are written to STDERR
I0000 00:00:1789741599.854455   55551 port.cc:153] oneDNN custom operations are on. You may see slightly different numerical results due to floating-point round-off errors from different computation orders. To turn them off, set the environment variable `TF_ENABLE_ONEDNN_OPTS=0`.
I0000 00:00:1789741599.882865   55551 cpu_feature_guard.cc:227] This TensorFlow binary is optimized to use available CPU instructions in performance-critical operations.
To enable the following instructions: AVX2 AVX512F AVX512_VNNI AVX512_BF16 AVX512_FP16 AVX_VNNI AMX_TILE AMX_INT8 AMX_BF16 FMA, in other operations, rebuild TensorFlow with the appropriate compiler flags.
WARNING: All log messages before absl::InitializeLog() is called are written to STDERR
I0000 00:00:1789741600.932858   55551 port.cc:153] oneDNN custom operations are on. You may see slightly different numerical results due to floating-point round-off errors from different computation orders. To turn them off, set the environment variable `TF_ENABLE_ONEDNN_OPTS=0`.
I0000 00:00:1789741601.481246   55656 tf_record_dataset_op.cc:396] The default buffer size is 262144, which is overridden by the user specified `buffer_size` of 8388608
ConvNeXt-T on full 1000-class ImageNet via the VERIFIED renderer → XLA/PJRT → GPU, with the tfds batch shim supplying the same augmentation the Lean→JAX reference trainer uses
  xla/pjrt verified_mlir/convnextin_adamdpwxclipdropbf16_train_step.mlir
  xla/pjrt verified_mlir/convnextin_fwd.mlir  (eval, SHARDED over 4 replicas)
  imagenet shim: jax/.lake/build/generated_convnext_tiny_imagenet_shim.py — validation split, batch 256, 150528 floats/img (seed 0)
  imagenet: draining the val split into RAM (~30 GB, one time)…
  imagenet: val ready — 50000 images, 28710 MB
  ▸ val = all 50,000 (timm's denominator; drop_remainder=False on the val split)
  train 1281167, test 50000; bs 64, ConvNeXt-T (ImageNet-1k) adamdpwxclipdropbf16 (cosine+warmup 20ep, baseLR 0.000250), He init
  ▸ STOCHASTIC DEPTH: 18 drop sites, keeps #[1.000000, 0.994000, 0.988000, 0.982000, 0.976000, 0.971000, 0.965000, 0.959000, 0.953000, 0.947000, 0.941000, 0.935000, 0.929000, 0.924000, 0.918000, 0.912000, 0.906000, 0.900000] — host-drawn per step, 1/keep folded in, NOT on the resident path. Eval is the identity (drop-free forward).
  DATA-PARALLEL: 4 replicas x bs 64 = global batch 256, 5004 steps/epoch
  EVAL SHARDED: 4 replicas x 64 = 256 test images per invoke, 196 invokes, last one 80 real + 176 pad
WARNING: All log messages before absl::InitializeLog() is called are written to STDERR
I0000 00:00:1789741637.510225   55989 port.cc:153] oneDNN custom operations are on. You may see slightly different numerical results due to floating-point round-off errors from different computation orders. To turn them off, set the environment variable `TF_ENABLE_ONEDNN_OPTS=0`.
I0000 00:00:1789741637.538994   55989 cpu_feature_guard.cc:227] This TensorFlow binary is optimized to use available CPU instructions in performance-critical operations.
To enable the following instructions: AVX2 AVX512F AVX512_VNNI AVX512_BF16 AVX512_FP16 AVX_VNNI AMX_TILE AMX_INT8 AMX_BF16 FMA, in other operations, rebuild TensorFlow with the appropriate compiler flags.
WARNING: All log messages before absl::InitializeLog() is called are written to STDERR
I0000 00:00:1789741638.575883   55989 port.cc:153] oneDNN custom operations are on. You may see slightly different numerical results due to floating-point round-off errors from different computation orders. To turn them off, set the environment variable `TF_ENABLE_ONEDNN_OPTS=0`.
WARNING: All log messages before absl::InitializeLog() is called are written to STDERR
I0000 00:00:1789741640.479744   56085 port.cc:153] oneDNN custom operations are on. You may see slightly different numerical results due to floating-point round-off errors from different computation orders. To turn them off, set the environment variable `TF_ENABLE_ONEDNN_OPTS=0`.
I0000 00:00:1789741640.506958   56085 cpu_feature_guard.cc:227] This TensorFlow binary is optimized to use available CPU instructions in performance-critical operations.
To enable the following instructions: AVX2 AVX512F AVX512_VNNI AVX512_BF16 AVX512_FP16 AVX_VNNI AMX_TILE AMX_INT8 AMX_BF16 FMA, in other operations, rebuild TensorFlow with the appropriate compiler flags.
I0000 00:00:1789741640.643997   56106 tf_record_dataset_op.cc:396] The default buffer size is 262144, which is overridden by the user specified `buffer_size` of 8388608
WARNING: All log messages before absl::InitializeLog() is called are written to STDERR
I0000 00:00:1789741641.906855   56085 port.cc:153] oneDNN custom operations are on. You may see slightly different numerical results due to floating-point round-off errors from different computation orders. To turn them off, set the environment variable `TF_ENABLE_ONEDNN_OPTS=0`.
WARNING: All log messages before absl::InitializeLog() is called are written to STDERR
I0000 00:00:1789741643.804226   56271 port.cc:153] oneDNN custom operations are on. You may see slightly different numerical results due to floating-point round-off errors from different computation orders. To turn them off, set the environment variable `TF_ENABLE_ONEDNN_OPTS=0`.
I0000 00:00:1789741643.831797   56271 cpu_feature_guard.cc:227] This TensorFlow binary is optimized to use available CPU instructions in performance-critical operations.
To enable the following instructions: AVX2 AVX512F AVX512_VNNI AVX512_BF16 AVX512_FP16 AVX_VNNI AMX_TILE AMX_INT8 AMX_BF16 FMA, in other operations, rebuild TensorFlow with the appropriate compiler flags.
I0000 00:00:1789741643.994980   56295 tf_record_dataset_op.cc:396] The default buffer size is 262144, which is overridden by the user specified `buffer_size` of 8388608
WARNING: All log messages before absl::InitializeLog() is called are written to STDERR
I0000 00:00:1789741645.237524   56271 port.cc:153] oneDNN custom operations are on. You may see slightly different numerical results due to floating-point round-off errors from different computation orders. To turn them off, set the environment variable `TF_ENABLE_ONEDNN_OPTS=0`.
WARNING: All log messages before absl::InitializeLog() is called are written to STDERR
I0000 00:00:1789741647.129165   56490 port.cc:153] oneDNN custom operations are on. You may see slightly different numerical results due to floating-point round-off errors from different computation orders. To turn them off, set the environment variable `TF_ENABLE_ONEDNN_OPTS=0`.
I0000 00:00:1789741647.156226   56490 cpu_feature_guard.cc:227] This TensorFlow binary is optimized to use available CPU instructions in performance-critical operations.
To enable the following instructions: AVX2 AVX512F AVX512_VNNI AVX512_BF16 AVX512_FP16 AVX_VNNI AMX_TILE AMX_INT8 AMX_BF16 FMA, in other operations, rebuild TensorFlow with the appropriate compiler flags.
I0000 00:00:1789741647.319781   56514 tf_record_dataset_op.cc:396] The default buffer size is 262144, which is overridden by the user specified `buffer_size` of 8388608
WARNING: All log messages before absl::InitializeLog() is called are written to STDERR
I0000 00:00:1789741648.557969   56490 port.cc:153] oneDNN custom operations are on. You may see slightly different numerical results due to floating-point round-off errors from different computation orders. To turn them off, set the environment variable `TF_ENABLE_ONEDNN_OPTS=0`.
I0000 00:00:1789741650.836192   56697 tf_record_dataset_op.cc:396] The default buffer size is 262144, which is overridden by the user specified `buffer_size` of 8388608
[pjrt_ffi] RESIDENT: @convnextin_adamdpwxclipdropbf16_train_step holds 546 parameter tensors (327.2 MB) on 4 devices; they stop crossing PCIe from here
I0918 14:27:31.865024   54300 cuda_dnn.cc:442] Loaded cuDNN version 92400
I0918 14:27:31.872653   54303 cuda_dnn.cc:442] Loaded cuDNN version 92400
I0918 14:27:31.873203   54306 cuda_dnn.cc:442] Loaded cuDNN version 92400
  ▸ INIT: ConvNeXt _init_weights (σ=0.02 on every conv AND the head; biases 0, LN γ 1, LayerScale γ 1e-6)
  ▸ MIXUP/CUTMIX: this net's recipe declares SHIM_MIX=both; ON (wire v2, soft float32 targets — the reference recipe). ⚠ λ is drawn from numpy's Generator, not jax.random — agreement with the reference is DISTRIBUTIONAL, never per-step.
  imagenet shim: jax/.lake/build/generated_convnext_tiny_imagenet_shim.py — train split, batch 256, 150528 floats/img (seed 1), wire v4 soft targets [256x1000]
  imagenet shim: jax/.lake/build/generated_convnext_tiny_imagenet_shim.py — train split, batch 256, 150528 floats/img (seed 2), wire v4 soft targets [256x1000]
  imagenet shim: jax/.lake/build/generated_convnext_tiny_imagenet_shim.py — train split, batch 256, 150528 floats/img (seed 3), wire v4 soft targets [256x1000]
  imagenet shim: jax/.lake/build/generated_convnext_tiny_imagenet_shim.py — train split, batch 256, 150528 floats/img (seed 4), wire v4 soft targets [256x1000]
  imagenet shim: 4 sharded producers (round-robin over batches)
  ▸ SHIM RESPAWN: one producer every 10 epoch(s), round-robin over 4 — no loader lives past 40 epochs.
  ▸ SHIM PREFETCH: ON (depth 4 over 4 producer handle(s) — each step's read is issued before the previous step's invoke, one in flight PER HANDLE, so every producer drains during compute instead of blocking in write()). Measured 377 → 224 ms/step on R34/ImageNet 4×bs64 for depth 1. Batch buffers are allocated and freed on the main thread; the pool only fills them.
  step 0/5004: loss=7.084948
  step 1/5004: loss=7.082787
  step 2/5004: loss=7.087646
  step 100/5004: loss=7.093860
  step 200/5004: loss=6.998925
  step 300/5004: loss=7.057651
  step 400/5004: loss=7.082492
  step 500/5004: loss=7.000387
  step 600/5004: loss=6.921345
  step 700/5004: loss=7.020524
  step 800/5004: loss=6.997497
  step 900/5004: loss=7.008597
  step 1000/5004: loss=6.997440
  step 1100/5004: loss=6.921913
  step 1200/5004: loss=6.962987
  step 1300/5004: loss=6.943697
  step 1400/5004: loss=6.920403
  step 1500/5004: loss=6.884409
  step 1600/5004: loss=6.925415
  step 1700/5004: loss=6.908214
  step 1800/5004: loss=6.907610
  step 1900/5004: loss=6.936138
  step 2000/5004: loss=6.875580
  step 2100/5004: loss=6.932172
  step 2200/5004: loss=6.889168
  step 2300/5004: loss=6.931457
  step 2400/5004: loss=6.884542
  step 2500/5004: loss=6.895169
  step 2600/5004: loss=6.910402
  step 2700/5004: loss=6.914513
  step 2800/5004: loss=6.885866
  step 2900/5004: loss=6.888531
  step 3000/5004: loss=6.892079
  step 3100/5004: loss=6.841364
  step 3200/5004: loss=6.865935
  step 3300/5004: loss=6.892570
  step 3400/5004: loss=6.840026
  step 3500/5004: loss=6.882402
  step 3600/5004: loss=6.774924
  step 3700/5004: loss=6.884027
  step 3800/5004: loss=6.834590
  step 3900/5004: loss=6.873357
  step 4000/5004: loss=6.897914
  step 4100/5004: loss=6.855366
  step 4200/5004: loss=6.860342
  step 4300/5004: loss=6.918100
  step 4400/5004: loss=6.858059
  step 4500/5004: loss=6.861768
  step 4600/5004: loss=6.855301
  step 4700/5004: loss=6.878460
  step 4800/5004: loss=6.845419
  step 4900/5004: loss=6.842081
  step 5000/5004: loss=6.804806
[pjrt_ffi] RESIDENT: @convnextin_fwd holds 182 parameter tensors (109.1 MB) on 4 devices; they stop crossing PCIe from here
Epoch 1/300: loss=6.917888 lr=0.000013
  epoch 1: test_acc = 257/50000 = 0.514000%  top5 = 1106/50000 = 2.212000%  [95% CI 0.46–0.58]
  step 0/5004: loss=6.856622
  step 1/5004: loss=6.874068
  step 2/5004: loss=6.893871
===== 2026-09-18 14:46:57 attempt 2 (from epoch 1) =====
I0918 14:46:58.755370   66110 service.cc:154] XLA service 0x7c5770052930 initialized for platform CUDA (this does not guarantee that XLA will be used). Devices:
I0918 14:46:58.755406   66110 service.cc:170]   StreamExecutor [0]: NVIDIA GeForce RTX 3060, Compute Capability 8.6 (Driver: 13.3.0[610.57.4]; Runtime: 13.3.0; Toolkit: 13.0.0; DNN: 9.24.0)
I0918 14:46:58.755412   66110 service.cc:170]   StreamExecutor [1]: NVIDIA GeForce RTX 3060, Compute Capability 8.6 (Driver: 13.3.0[610.57.4]; Runtime: 13.3.0; Toolkit: 13.0.0; DNN: 9.24.0)
I0918 14:46:58.755415   66110 service.cc:170]   StreamExecutor [2]: NVIDIA GeForce RTX 3060, Compute Capability 8.6 (Driver: 13.3.0[610.57.4]; Runtime: 13.3.0; Toolkit: 13.0.0; DNN: 9.24.0)
I0918 14:46:58.755417   66110 service.cc:170]   StreamExecutor [3]: NVIDIA GeForce RTX 3060, Compute Capability 8.6 (Driver: 13.3.0[610.57.4]; Runtime: 13.3.0; Toolkit: 13.0.0; DNN: 9.24.0)
I0918 14:46:58.757370   66110 se_gpu_pjrt_client.cc:1450] Using BFC allocator.
I0918 14:46:58.757410   66110 gpu_helpers.cc:162] XLA backend allocating 8.72GiB (9365880832 bytes) on device 0 for BFCAllocator.
I0918 14:46:58.757455   66110 gpu_helpers.cc:162] XLA backend allocating 8.72GiB (9365880832 bytes) on device 1 for BFCAllocator.
I0918 14:46:58.757464   66110 gpu_helpers.cc:162] XLA backend allocating 8.72GiB (9365880832 bytes) on device 2 for BFCAllocator.
I0918 14:46:58.757472   66110 gpu_helpers.cc:162] XLA backend allocating 8.72GiB (9365880832 bytes) on device 3 for BFCAllocator.
[pjrt_ffi] XLA backend: PJRT 0.114, 4 device(s)
[pjrt_ffi] command buffers: enabled (CUDA default)
I0918 14:46:58.849230   66110 se_gpu_pjrt_compiler.cc:382] Found GPU target config and a PjRtClient with matching configuration. Performing a JIT compilation.
I0918 14:47:04.754551   66110 cuda_dnn.cc:442] Loaded cuDNN version 92400
W0918 14:47:06.085674   66186 cuda_timer.cc:88] Delay kernel timed out: measured time has sub-optimal accuracy. There may be a missing warmup execution, please investigate in Nsight Systems.
W0918 14:47:07.971933   66197 cuda_timer.cc:88] Delay kernel timed out: measured time has sub-optimal accuracy. There may be a missing warmup execution, please investigate in Nsight Systems.
I0918 14:47:08.911890   66191 subprocess_compilation.cc:349] ptxas warning : Registers are spilled to local memory in function 'gemm_fusion_dot', 804 bytes spill stores, 548 bytes spill loads

I0918 14:47:09.353122   66191 subprocess_compilation.cc:349] ptxas warning : Registers are spilled to local memory in function 'gemm_fusion_dot_1', 124 bytes spill stores, 72 bytes spill loads

I0918 14:47:10.135501   66184 subprocess_compilation.cc:349] ptxas warning : Registers are spilled to local memory in function 'gemm_fusion_dot', 128 bytes spill stores, 128 bytes spill loads

I0918 14:47:20.046811   66183 subprocess_compilation.cc:349] ptxas warning : Registers are spilled to local memory in function 'fusion_1023', 8 bytes spill stores, 8 bytes spill loads

I0918 14:47:20.311227   66178 subprocess_compilation.cc:349] ptxas warning : Registers are spilled to local memory in function 'fusion_443', 88 bytes spill stores, 88 bytes spill loads

[pjrt_ffi] compiled verified_mlir/convnextin_adamdpwxclipdropbf16_train_step.mlir (@convnextin_adamdpwxclipdropbf16_train_step, 567 outputs, 4 replicas) in 22187 ms
W0918 14:47:22.576857   66180 cuda_timer.cc:88] Delay kernel timed out: measured time has sub-optimal accuracy. There may be a missing warmup execution, please investigate in Nsight Systems.
W0918 14:47:22.735813   66189 cuda_timer.cc:88] Delay kernel timed out: measured time has sub-optimal accuracy. There may be a missing warmup execution, please investigate in Nsight Systems.
W0918 14:47:24.013939   66185 cuda_timer.cc:88] Delay kernel timed out: measured time has sub-optimal accuracy. There may be a missing warmup execution, please investigate in Nsight Systems.
[pjrt_ffi] compiled verified_mlir/convnextin_fwd.mlir (@convnextin_fwd, 1 outputs, 4 replicas, SHARDED — outputs gathered from every replica) in 3404 ms
WARNING: All log messages before absl::InitializeLog() is called are written to STDERR
I0000 00:00:1789742844.653568   67322 port.cc:153] oneDNN custom operations are on. You may see slightly different numerical results due to floating-point round-off errors from different computation orders. To turn them off, set the environment variable `TF_ENABLE_ONEDNN_OPTS=0`.
I0000 00:00:1789742844.685097   67322 cpu_feature_guard.cc:227] This TensorFlow binary is optimized to use available CPU instructions in performance-critical operations.
To enable the following instructions: AVX2 AVX512F AVX512_VNNI AVX512_BF16 AVX512_FP16 AVX_VNNI AMX_TILE AMX_INT8 AMX_BF16 FMA, in other operations, rebuild TensorFlow with the appropriate compiler flags.
WARNING: All log messages before absl::InitializeLog() is called are written to STDERR
I0000 00:00:1789742845.732546   67322 port.cc:153] oneDNN custom operations are on. You may see slightly different numerical results due to floating-point round-off errors from different computation orders. To turn them off, set the environment variable `TF_ENABLE_ONEDNN_OPTS=0`.
I0000 00:00:1789742846.271143   67431 tf_record_dataset_op.cc:396] The default buffer size is 262144, which is overridden by the user specified `buffer_size` of 8388608
ConvNeXt-T on full 1000-class ImageNet via the VERIFIED renderer → XLA/PJRT → GPU, with the tfds batch shim supplying the same augmentation the Lean→JAX reference trainer uses
  xla/pjrt verified_mlir/convnextin_adamdpwxclipdropbf16_train_step.mlir
  xla/pjrt verified_mlir/convnextin_fwd.mlir  (eval, SHARDED over 4 replicas)
  imagenet shim: jax/.lake/build/generated_convnext_tiny_imagenet_shim.py — validation split, batch 256, 150528 floats/img (seed 0)
  imagenet: draining the val split into RAM (~30 GB, one time)…
  imagenet: val ready — 50000 images, 28710 MB
  ▸ val = all 50,000 (timm's denominator; drop_remainder=False on the val split)
  train 1281167, test 50000; bs 64, ConvNeXt-T (ImageNet-1k) adamdpwxclipdropbf16 (cosine+warmup 20ep, baseLR 0.000250), He init
  ▸ STOCHASTIC DEPTH: 18 drop sites, keeps #[1.000000, 0.994000, 0.988000, 0.982000, 0.976000, 0.971000, 0.965000, 0.959000, 0.953000, 0.947000, 0.941000, 0.935000, 0.929000, 0.924000, 0.918000, 0.912000, 0.906000, 0.900000] — host-drawn per step, 1/keep folded in, NOT on the resident path. Eval is the identity (drop-free forward).
  DATA-PARALLEL: 4 replicas x bs 64 = global batch 256, 5004 steps/epoch
  EVAL SHARDED: 4 replicas x 64 = 256 test images per invoke, 196 invokes, last one 80 real + 176 pad
  ▸ INIT: ConvNeXt _init_weights (σ=0.02 on every conv AND the head; biases 0, LN γ 1, LayerScale γ 1e-6)
  ▸ resuming from checkpoint at epoch 1
WARNING: All log messages before absl::InitializeLog() is called are written to STDERR
I0000 00:00:1789742884.472586   67695 port.cc:153] oneDNN custom operations are on. You may see slightly different numerical results due to floating-point round-off errors from different computation orders. To turn them off, set the environment variable `TF_ENABLE_ONEDNN_OPTS=0`.
I0000 00:00:1789742884.502428   67695 cpu_feature_guard.cc:227] This TensorFlow binary is optimized to use available CPU instructions in performance-critical operations.
To enable the following instructions: AVX2 AVX512F AVX512_VNNI AVX512_BF16 AVX512_FP16 AVX_VNNI AMX_TILE AMX_INT8 AMX_BF16 FMA, in other operations, rebuild TensorFlow with the appropriate compiler flags.
WARNING: All log messages before absl::InitializeLog() is called are written to STDERR
I0000 00:00:1789742885.672672   67695 port.cc:153] oneDNN custom operations are on. You may see slightly different numerical results due to floating-point round-off errors from different computation orders. To turn them off, set the environment variable `TF_ENABLE_ONEDNN_OPTS=0`.
WARNING: All log messages before absl::InitializeLog() is called are written to STDERR
I0000 00:00:1789742887.619102   67793 port.cc:153] oneDNN custom operations are on. You may see slightly different numerical results due to floating-point round-off errors from different computation orders. To turn them off, set the environment variable `TF_ENABLE_ONEDNN_OPTS=0`.
I0000 00:00:1789742887.646418   67793 cpu_feature_guard.cc:227] This TensorFlow binary is optimized to use available CPU instructions in performance-critical operations.
To enable the following instructions: AVX2 AVX512F AVX512_VNNI AVX512_BF16 AVX512_FP16 AVX_VNNI AMX_TILE AMX_INT8 AMX_BF16 FMA, in other operations, rebuild TensorFlow with the appropriate compiler flags.
I0000 00:00:1789742887.771810   67816 tf_record_dataset_op.cc:396] The default buffer size is 262144, which is overridden by the user specified `buffer_size` of 8388608
WARNING: All log messages before absl::InitializeLog() is called are written to STDERR
I0000 00:00:1789742889.049637   67793 port.cc:153] oneDNN custom operations are on. You may see slightly different numerical results due to floating-point round-off errors from different computation orders. To turn them off, set the environment variable `TF_ENABLE_ONEDNN_OPTS=0`.
WARNING: All log messages before absl::InitializeLog() is called are written to STDERR
I0000 00:00:1789742890.998282   67991 port.cc:153] oneDNN custom operations are on. You may see slightly different numerical results due to floating-point round-off errors from different computation orders. To turn them off, set the environment variable `TF_ENABLE_ONEDNN_OPTS=0`.
I0000 00:00:1789742891.025481   67991 cpu_feature_guard.cc:227] This TensorFlow binary is optimized to use available CPU instructions in performance-critical operations.
To enable the following instructions: AVX2 AVX512F AVX512_VNNI AVX512_BF16 AVX512_FP16 AVX_VNNI AMX_TILE AMX_INT8 AMX_BF16 FMA, in other operations, rebuild TensorFlow with the appropriate compiler flags.
I0000 00:00:1789742891.140971   68012 tf_record_dataset_op.cc:396] The default buffer size is 262144, which is overridden by the user specified `buffer_size` of 8388608
WARNING: All log messages before absl::InitializeLog() is called are written to STDERR
I0000 00:00:1789742892.410015   67991 port.cc:153] oneDNN custom operations are on. You may see slightly different numerical results due to floating-point round-off errors from different computation orders. To turn them off, set the environment variable `TF_ENABLE_ONEDNN_OPTS=0`.
WARNING: All log messages before absl::InitializeLog() is called are written to STDERR
I0000 00:00:1789742894.301855   68175 port.cc:153] oneDNN custom operations are on. You may see slightly different numerical results due to floating-point round-off errors from different computation orders. To turn them off, set the environment variable `TF_ENABLE_ONEDNN_OPTS=0`.
I0000 00:00:1789742894.328078   68175 cpu_feature_guard.cc:227] This TensorFlow binary is optimized to use available CPU instructions in performance-critical operations.
To enable the following instructions: AVX2 AVX512F AVX512_VNNI AVX512_BF16 AVX512_FP16 AVX_VNNI AMX_TILE AMX_INT8 AMX_BF16 FMA, in other operations, rebuild TensorFlow with the appropriate compiler flags.
I0000 00:00:1789742894.496451   68199 tf_record_dataset_op.cc:396] The default buffer size is 262144, which is overridden by the user specified `buffer_size` of 8388608
WARNING: All log messages before absl::InitializeLog() is called are written to STDERR
I0000 00:00:1789742895.724327   68175 port.cc:153] oneDNN custom operations are on. You may see slightly different numerical results due to floating-point round-off errors from different computation orders. To turn them off, set the environment variable `TF_ENABLE_ONEDNN_OPTS=0`.
I0000 00:00:1789742898.056250   68398 tf_record_dataset_op.cc:396] The default buffer size is 262144, which is overridden by the user specified `buffer_size` of 8388608
[pjrt_ffi] RESIDENT: @convnextin_adamdpwxclipdropbf16_train_step holds 546 parameter tensors (327.2 MB) on 4 devices; they stop crossing PCIe from here
I0918 14:48:19.083971   66169 cuda_dnn.cc:442] Loaded cuDNN version 92400
I0918 14:48:19.084050   66166 cuda_dnn.cc:442] Loaded cuDNN version 92400
I0918 14:48:19.084101   66172 cuda_dnn.cc:442] Loaded cuDNN version 92400
  ▸ MIXUP/CUTMIX: this net's recipe declares SHIM_MIX=both; ON (wire v2, soft float32 targets — the reference recipe). ⚠ λ is drawn from numpy's Generator, not jax.random — agreement with the reference is DISTRIBUTIONAL, never per-step.
  imagenet shim: jax/.lake/build/generated_convnext_tiny_imagenet_shim.py — train split, batch 256, 150528 floats/img (seed 1), wire v4 soft targets [256x1000]
  imagenet shim: jax/.lake/build/generated_convnext_tiny_imagenet_shim.py — train split, batch 256, 150528 floats/img (seed 2), wire v4 soft targets [256x1000]
  imagenet shim: jax/.lake/build/generated_convnext_tiny_imagenet_shim.py — train split, batch 256, 150528 floats/img (seed 3), wire v4 soft targets [256x1000]
  imagenet shim: jax/.lake/build/generated_convnext_tiny_imagenet_shim.py — train split, batch 256, 150528 floats/img (seed 4), wire v4 soft targets [256x1000]
  imagenet shim: 4 sharded producers (round-robin over batches)
  ▸ SHIM RESPAWN: one producer every 10 epoch(s), round-robin over 4 — no loader lives past 40 epochs.
  ▸ SHIM PREFETCH: ON (depth 4 over 4 producer handle(s) — each step's read is issued before the previous step's invoke, one in flight PER HANDLE, so every producer drains during compute instead of blocking in write()). Measured 377 → 224 ms/step on R34/ImageNet 4×bs64 for depth 1. Batch buffers are allocated and freed on the main thread; the pool only fills them.
  step 0/5004: loss=6.880144
  step 1/5004: loss=6.861269
  step 2/5004: loss=6.825717
  step 100/5004: loss=6.869071
  step 200/5004: loss=6.822646
  step 300/5004: loss=6.867859
  step 400/5004: loss=6.869659
  step 500/5004: loss=6.852901
  step 600/5004: loss=6.887878
  step 700/5004: loss=6.823641
  step 800/5004: loss=6.858402
  step 900/5004: loss=6.910262
  step 1000/5004: loss=6.836205
  step 1100/5004: loss=6.886717
  step 1200/5004: loss=6.889369
  step 1300/5004: loss=6.882395
  step 1400/5004: loss=6.853947
  step 1500/5004: loss=6.773165
  step 1600/5004: loss=6.805779
  step 1700/5004: loss=6.918527
  step 1800/5004: loss=6.867244
  step 1900/5004: loss=6.886374
  step 2000/5004: loss=6.864005
  step 2100/5004: loss=6.877924
  step 2200/5004: loss=6.903542
  step 2300/5004: loss=6.919083
  step 2400/5004: loss=6.862971
  step 2500/5004: loss=6.902782
  step 2600/5004: loss=6.789989
  step 2700/5004: loss=6.841237
  step 2800/5004: loss=6.848173
  step 2900/5004: loss=6.908001
  step 3000/5004: loss=6.859944
  step 3100/5004: loss=6.814105
  step 3200/5004: loss=6.812082
  step 3300/5004: loss=6.875652
  step 3400/5004: loss=6.811309
  step 3500/5004: loss=6.913098
  step 3600/5004: loss=6.798004
  step 3700/5004: loss=6.857220
  step 3800/5004: loss=6.777785
  step 3900/5004: loss=6.861725
  step 4000/5004: loss=6.852683
  step 4100/5004: loss=6.880724
  step 4200/5004: loss=6.846792
  step 4300/5004: loss=6.900211
  step 4400/5004: loss=6.814449
  step 4500/5004: loss=6.822866
  step 4600/5004: loss=6.819897
  step 4700/5004: loss=6.858626
  step 4800/5004: loss=6.894835
  step 4900/5004: loss=6.832942
  step 5000/5004: loss=6.773273
[pjrt_ffi] RESIDENT: @convnextin_fwd holds 182 parameter tensors (109.1 MB) on 4 devices; they stop crossing PCIe from here
Epoch 2/300: loss=6.856796 lr=0.000025
  epoch 2: test_acc = 333/50000 = 0.666000%  top5 = 1267/50000 = 2.534000%  [95% CI 0.60–0.74]
  step 0/5004: loss=6.833595
  step 1/5004: loss=6.850512
  step 2/5004: loss=6.881494
  step 100/5004: loss=6.843614
  step 200/5004: loss=6.846079
  step 300/5004: loss=6.817641
  step 400/5004: loss=6.752791
  step 500/5004: loss=6.894094
  step 600/5004: loss=6.790204
  step 700/5004: loss=6.865504
  step 800/5004: loss=6.884058
  step 900/5004: loss=6.879759
  step 1000/5004: loss=6.817586
  step 1100/5004: loss=6.837771
  step 1200/5004: loss=6.797317
  step 1300/5004: loss=6.856244
  step 1400/5004: loss=6.761512
  step 1500/5004: loss=6.814125
  step 1600/5004: loss=6.813307
  step 1700/5004: loss=6.723187
  step 1800/5004: loss=6.888313
  step 1900/5004: loss=6.802397
  step 2000/5004: loss=6.786660
  step 2100/5004: loss=6.789452
  step 2200/5004: loss=6.801222
  step 2300/5004: loss=6.813736
  step 2400/5004: loss=6.864074
  step 2500/5004: loss=6.712457
  step 2600/5004: loss=6.845455
  step 2700/5004: loss=6.784809
  step 2800/5004: loss=6.813128
  step 2900/5004: loss=6.750097
  step 3000/5004: loss=6.737063
  step 3100/5004: loss=6.764875
  step 3200/5004: loss=6.725610
  step 3300/5004: loss=6.843481
  step 3400/5004: loss=6.821335
  step 3500/5004: loss=6.764009
  step 3600/5004: loss=6.777561
  step 3700/5004: loss=6.784885
  step 3800/5004: loss=6.770053
  step 3900/5004: loss=6.783331
  step 4000/5004: loss=6.756560
  step 4100/5004: loss=6.768023
  step 4200/5004: loss=6.850429
  step 4300/5004: loss=6.691546
  step 4400/5004: loss=6.757558
  step 4500/5004: loss=6.661196
  step 4600/5004: loss=6.797099
  step 4700/5004: loss=6.721751
  step 4800/5004: loss=6.815765
  step 4900/5004: loss=6.646563
  step 5000/5004: loss=6.753625
[pjrt_ffi] RESIDENT: @convnextin_fwd holds 182 parameter tensors (109.1 MB) on 4 devices; they stop crossing PCIe from here
Epoch 3/300: loss=6.801946 lr=0.000038
  epoch 3: test_acc = 758/50000 = 1.516000%  top5 = 2726/50000 = 5.452000%  [95% CI 1.41–1.63]
  step 0/5004: loss=6.706182
  step 1/5004: loss=6.693224
  step 2/5004: loss=6.689230
  step 100/5004: loss=6.831928
  step 200/5004: loss=6.729743
  step 300/5004: loss=6.792993
  step 400/5004: loss=6.553403
  step 500/5004: loss=6.836661
  step 600/5004: loss=6.769790
  step 700/5004: loss=6.696322
  step 800/5004: loss=6.773193
  step 900/5004: loss=6.788926
  step 1000/5004: loss=6.741447
  step 1100/5004: loss=6.756867
  step 1200/5004: loss=6.682834
  step 1300/5004: loss=6.742305
  step 1400/5004: loss=6.842301
  step 1500/5004: loss=6.539982
  step 1600/5004: loss=6.725499
  step 1700/5004: loss=6.766657
  step 1800/5004: loss=6.734411
  step 1900/5004: loss=6.689737
  step 2000/5004: loss=6.888920
  step 2100/5004: loss=6.822962
  step 2200/5004: loss=6.670641
  step 2300/5004: loss=6.798190
  step 2400/5004: loss=6.719878
  step 2500/5004: loss=6.787207
  step 2600/5004: loss=6.638738
  step 2700/5004: loss=6.715696
  step 2800/5004: loss=6.538918
  step 2900/5004: loss=6.762709
  step 3000/5004: loss=6.466115
  step 3100/5004: loss=6.682210
  step 3200/5004: loss=6.766308
  step 3300/5004: loss=6.776539
  step 3400/5004: loss=6.647400
  step 3500/5004: loss=6.758378
  step 3600/5004: loss=6.638361
  step 3700/5004: loss=6.724035
  step 3800/5004: loss=6.776420
  step 3900/5004: loss=6.792051
  step 4000/5004: loss=6.719829
  step 4100/5004: loss=6.661284
  step 4200/5004: loss=6.749356
  step 4300/5004: loss=6.764102
  step 4400/5004: loss=6.629527
  step 4500/5004: loss=6.693071
  step 4600/5004: loss=6.790606
  step 4700/5004: loss=6.651478
  step 4800/5004: loss=6.370798
  step 4900/5004: loss=6.750861
  step 5000/5004: loss=6.623757
[pjrt_ffi] RESIDENT: @convnextin_fwd holds 182 parameter tensors (109.1 MB) on 4 devices; they stop crossing PCIe from here
Epoch 4/300: loss=6.701191 lr=0.000050
  epoch 4: test_acc = 1253/50000 = 2.506000%  top5 = 4248/50000 = 8.496000%  [95% CI 2.37–2.65]
  step 0/5004: loss=6.455522
  step 1/5004: loss=6.711985
  step 2/5004: loss=6.704655
  step 100/5004: loss=6.454561
  step 200/5004: loss=6.667516
  step 300/5004: loss=6.726447
  step 400/5004: loss=6.797339
  step 500/5004: loss=6.605332
  step 600/5004: loss=6.787697
  step 700/5004: loss=6.540765
  step 800/5004: loss=6.641191
  step 900/5004: loss=6.754427
  step 1000/5004: loss=6.591883
  step 1100/5004: loss=6.626801
  step 1200/5004: loss=6.676847
  step 1300/5004: loss=6.508662
  step 1400/5004: loss=6.598119
  step 1500/5004: loss=6.727527
  step 1600/5004: loss=6.383580
  step 1700/5004: loss=6.612733
  step 1800/5004: loss=6.474688
  step 1900/5004: loss=6.579856
  step 2000/5004: loss=6.733720
  step 2100/5004: loss=6.596627
  step 2200/5004: loss=6.615252
  step 2300/5004: loss=6.618850
  step 2400/5004: loss=6.612746
  step 2500/5004: loss=6.544830
  step 2600/5004: loss=6.710715
  step 2700/5004: loss=6.402665
  step 2800/5004: loss=6.630418
  step 2900/5004: loss=6.476580
  step 3000/5004: loss=6.613553
  step 3100/5004: loss=6.791111
  step 3200/5004: loss=6.460671
  step 3300/5004: loss=6.628167
  step 3400/5004: loss=6.628479
  step 3500/5004: loss=6.498391
  step 3600/5004: loss=6.630580
  step 3700/5004: loss=6.471290
  step 3800/5004: loss=6.611843
  step 3900/5004: loss=6.383613
  step 4000/5004: loss=6.609361
  step 4100/5004: loss=6.783607
  step 4200/5004: loss=6.703287
  step 4300/5004: loss=6.544083
  step 4400/5004: loss=6.592563
  step 4500/5004: loss=6.648914
  step 4600/5004: loss=6.451974
  step 4700/5004: loss=6.492111
  step 4800/5004: loss=6.507441
  step 4900/5004: loss=6.652699
  step 5000/5004: loss=6.336743
[pjrt_ffi] RESIDENT: @convnextin_fwd holds 182 parameter tensors (109.1 MB) on 4 devices; they stop crossing PCIe from here
Epoch 5/300: loss=6.594286 lr=0.000063
  epoch 5: test_acc = 2122/50000 = 4.244000%  top5 = 6716/50000 = 13.432000%  [95% CI 4.07–4.42]
  step 0/5004: loss=6.409789
  step 1/5004: loss=6.735685
  step 2/5004: loss=6.350898
  step 100/5004: loss=6.632050
  step 200/5004: loss=6.728000
  step 300/5004: loss=6.469419
  step 400/5004: loss=6.360857
  step 500/5004: loss=6.706744
  step 600/5004: loss=5.979727
  step 700/5004: loss=6.657180
  step 800/5004: loss=6.508667
  step 900/5004: loss=6.631516
  step 1000/5004: loss=6.704349
  step 1100/5004: loss=6.495280
  step 1200/5004: loss=6.404959
  step 1300/5004: loss=6.288301
  step 1400/5004: loss=6.447864
  step 1500/5004: loss=6.308653
  step 1600/5004: loss=6.190103
  step 1700/5004: loss=6.307026
  step 1800/5004: loss=6.691956
  step 1900/5004: loss=6.484504
  step 2000/5004: loss=6.471835
  step 2100/5004: loss=6.640106
  step 2200/5004: loss=6.697557
  step 2300/5004: loss=6.587487
  step 2400/5004: loss=6.335024
  step 2500/5004: loss=6.698899
  step 2600/5004: loss=6.503780
  step 2700/5004: loss=6.627833
  step 2800/5004: loss=6.579530
  step 2900/5004: loss=6.619008
  step 3000/5004: loss=6.465496
  step 3100/5004: loss=6.550758
  step 3200/5004: loss=6.335632
  step 3300/5004: loss=6.512607
  step 3400/5004: loss=6.208405
  step 3500/5004: loss=6.503438
  step 3600/5004: loss=6.323825
  step 3700/5004: loss=6.521142
  step 3800/5004: loss=6.416206
  step 3900/5004: loss=6.589147
  step 4000/5004: loss=6.327903
  step 4100/5004: loss=6.469695
  step 4200/5004: loss=6.409584
  step 4300/5004: loss=6.533070
  step 4400/5004: loss=6.618304
  step 4500/5004: loss=6.500427
  step 4600/5004: loss=6.532502
  step 4700/5004: loss=6.502391
  step 4800/5004: loss=6.179544
  step 4900/5004: loss=6.446261
  step 5000/5004: loss=6.253407
[pjrt_ffi] RESIDENT: @convnextin_fwd holds 182 parameter tensors (109.1 MB) on 4 devices; they stop crossing PCIe from here
Epoch 6/300: loss=6.459901 lr=0.000075
  epoch 6: test_acc = 3696/50000 = 7.392000%  top5 = 9992/50000 = 19.984000%  [95% CI 7.17–7.62]
  step 0/5004: loss=6.350733
  step 1/5004: loss=6.555723
  step 2/5004: loss=6.626341
  step 100/5004: loss=6.365735
  step 200/5004: loss=6.281212
  step 300/5004: loss=6.043431
  step 400/5004: loss=6.438978
  step 500/5004: loss=6.535822
  step 600/5004: loss=6.596174
  step 700/5004: loss=6.546421
  step 800/5004: loss=6.516620
  step 900/5004: loss=6.184060
  step 1000/5004: loss=6.328150
  step 1100/5004: loss=6.605804
  step 1200/5004: loss=6.425754
  step 1300/5004: loss=6.391481
  step 1400/5004: loss=6.657096
  step 1500/5004: loss=5.941710
  step 1600/5004: loss=6.551965
  step 1700/5004: loss=5.947184
  step 1800/5004: loss=6.363686
  step 1900/5004: loss=6.193561
  step 2000/5004: loss=6.539478
  step 2100/5004: loss=6.541787
  step 2200/5004: loss=6.456568
  step 2300/5004: loss=6.553867
  step 2400/5004: loss=6.299810
  step 2500/5004: loss=6.263263
  step 2600/5004: loss=6.277060
  step 2700/5004: loss=6.374331
  step 2800/5004: loss=6.527958
  step 2900/5004: loss=6.285197
  step 3000/5004: loss=5.645168
  step 3100/5004: loss=6.370905
  step 3200/5004: loss=6.194287
  step 3300/5004: loss=6.376055
  step 3400/5004: loss=6.363635
  step 3500/5004: loss=6.612607
  step 3600/5004: loss=6.512353
  step 3700/5004: loss=5.895327
  step 3800/5004: loss=6.429224
  step 3900/5004: loss=6.635276
  step 4000/5004: loss=6.350523
  step 4100/5004: loss=5.939281
  step 4200/5004: loss=6.442623
  step 4300/5004: loss=6.510260
  step 4400/5004: loss=6.127809
  step 4500/5004: loss=6.242454
  step 4600/5004: loss=5.942175
  step 4700/5004: loss=6.314019
  step 4800/5004: loss=5.809443
  step 4900/5004: loss=6.384929
  step 5000/5004: loss=6.382557
[pjrt_ffi] RESIDENT: @convnextin_fwd holds 182 parameter tensors (109.1 MB) on 4 devices; they stop crossing PCIe from here
Epoch 7/300: loss=6.305431 lr=0.000087
  epoch 7: test_acc = 6053/50000 = 12.106000%  top5 = 14298/50000 = 28.596000%  [95% CI 11.82–12.39]
  step 0/5004: loss=5.856188
  step 1/5004: loss=6.211792
  step 2/5004: loss=6.371662
  step 100/5004: loss=5.833645
  step 200/5004: loss=5.834293
  step 300/5004: loss=6.168036
  step 400/5004: loss=6.056310
  step 500/5004: loss=6.189973
  step 600/5004: loss=6.162587
  step 700/5004: loss=6.349990
  step 800/5004: loss=6.208213
  step 900/5004: loss=6.189262
  step 1000/5004: loss=5.763019
  step 1100/5004: loss=5.944075
  step 1200/5004: loss=5.575603
  step 1300/5004: loss=5.934171
  step 1400/5004: loss=5.740479
  step 1500/5004: loss=6.154496
  step 1600/5004: loss=6.065171
  step 1700/5004: loss=6.525159
  step 1800/5004: loss=6.086097
  step 1900/5004: loss=6.122778
  step 2000/5004: loss=5.561043
  step 2100/5004: loss=6.302847
  step 2200/5004: loss=6.317663
  step 2300/5004: loss=6.108122
  step 2400/5004: loss=6.497652
  step 2500/5004: loss=6.299242
  step 2600/5004: loss=6.338688
  step 2700/5004: loss=5.607362
  step 2800/5004: loss=6.015768
  step 2900/5004: loss=6.216028
  step 3000/5004: loss=5.935975
  step 3100/5004: loss=5.635670
  step 3200/5004: loss=5.867978
  step 3300/5004: loss=6.362070
  step 3400/5004: loss=6.036478
  step 3500/5004: loss=6.456916
  step 3600/5004: loss=6.240457
  step 3700/5004: loss=6.371735
  step 3800/5004: loss=5.846228
  step 3900/5004: loss=6.439412
  step 4000/5004: loss=6.278767
  step 4100/5004: loss=6.083224
  step 4200/5004: loss=5.945238
  step 4300/5004: loss=5.792394
  step 4400/5004: loss=5.780849
  step 4500/5004: loss=6.344351
  step 4600/5004: loss=5.888328
  step 4700/5004: loss=6.107689
  step 4800/5004: loss=6.461221
  step 4900/5004: loss=6.262942
  step 5000/5004: loss=6.072462
[pjrt_ffi] RESIDENT: @convnextin_fwd holds 182 parameter tensors (109.1 MB) on 4 devices; they stop crossing PCIe from here
Epoch 8/300: loss=6.137462 lr=0.000100
  epoch 8: test_acc = 8410/50000 = 16.820000%  top5 = 18433/50000 = 36.866000%  [95% CI 16.49–17.15]
  step 0/5004: loss=6.167690
  step 1/5004: loss=6.128652
  step 2/5004: loss=6.325677
  step 100/5004: loss=6.362812
  step 200/5004: loss=6.231283
  step 300/5004: loss=6.166718
  step 400/5004: loss=6.290352
  step 500/5004: loss=6.243200
  step 600/5004: loss=6.309703
  step 700/5004: loss=6.443084
  step 800/5004: loss=6.344169
  step 900/5004: loss=5.264889
  step 1000/5004: loss=5.812978
  step 1100/5004: loss=6.090575
  step 1200/5004: loss=6.179152
  step 1300/5004: loss=5.843194
  step 1400/5004: loss=6.194377
  step 1500/5004: loss=6.345834
  step 1600/5004: loss=6.236040
  step 1700/5004: loss=5.796340
  step 1800/5004: loss=6.354259
  step 1900/5004: loss=5.606210
  step 2000/5004: loss=6.234809
  step 2100/5004: loss=6.161310
  step 2200/5004: loss=6.368659
  step 2300/5004: loss=6.441718
  step 2400/5004: loss=6.156360
  step 2500/5004: loss=6.037195
  step 2600/5004: loss=6.419555
  step 2700/5004: loss=5.506154
  step 2800/5004: loss=6.228007
  step 2900/5004: loss=6.140222
  step 3000/5004: loss=5.591239
  step 3100/5004: loss=5.923912
  step 3200/5004: loss=6.209664
  step 3300/5004: loss=6.257749
  step 3400/5004: loss=5.513165
  step 3500/5004: loss=5.590279
  step 3600/5004: loss=5.480188
  step 3700/5004: loss=5.780740
  step 3800/5004: loss=6.049131
  step 3900/5004: loss=5.534208
  step 4000/5004: loss=5.773313
  step 4100/5004: loss=6.327855
  step 4200/5004: loss=6.374422
  step 4300/5004: loss=5.051916
  step 4400/5004: loss=6.205194
  step 4500/5004: loss=5.324679
  step 4600/5004: loss=5.473358
  step 4700/5004: loss=5.423720
  step 4800/5004: loss=5.877975
  step 4900/5004: loss=5.428616
  step 5000/5004: loss=6.140737
[pjrt_ffi] RESIDENT: @convnextin_fwd holds 182 parameter tensors (109.1 MB) on 4 devices; they stop crossing PCIe from here
Epoch 9/300: loss=5.961836 lr=0.000112
  epoch 9: test_acc = 11191/50000 = 22.382000%  top5 = 22501/50000 = 45.002000%  [95% CI 22.02–22.75]
  step 0/5004: loss=5.311535
  step 1/5004: loss=5.860089
  step 2/5004: loss=5.530950
  step 100/5004: loss=6.323719
  step 200/5004: loss=6.170082
  step 300/5004: loss=5.782628
  step 400/5004: loss=5.229305
  step 500/5004: loss=5.885877
  step 600/5004: loss=5.241603
  step 700/5004: loss=6.015815
  step 800/5004: loss=5.962314
  step 900/5004: loss=6.214012
  step 1000/5004: loss=4.905286
  step 1100/5004: loss=6.101150
  step 1200/5004: loss=6.026887
  step 1300/5004: loss=6.007854
  step 1400/5004: loss=6.002756
  step 1500/5004: loss=5.564347
  step 1600/5004: loss=6.229574
  step 1700/5004: loss=6.262464
  step 1800/5004: loss=5.449295
  step 1900/5004: loss=5.718600
  step 2000/5004: loss=5.440564
  step 2100/5004: loss=6.060381
  step 2200/5004: loss=5.388801
  step 2300/5004: loss=5.459244
  step 2400/5004: loss=6.183402
  step 2500/5004: loss=5.864824
  step 2600/5004: loss=5.831652
  step 2700/5004: loss=5.756313
  step 2800/5004: loss=6.177714
  step 2900/5004: loss=5.638306
  step 3000/5004: loss=6.145031
  step 3100/5004: loss=5.139238
  step 3200/5004: loss=6.114864
  step 3300/5004: loss=5.940934
  step 3400/5004: loss=5.990845
  step 3500/5004: loss=6.060439
  step 3600/5004: loss=6.223111
  step 3700/5004: loss=5.853975
  step 3800/5004: loss=5.126639
  step 3900/5004: loss=5.582972
  step 4000/5004: loss=5.314722
  step 4100/5004: loss=5.571937
  step 4200/5004: loss=5.305545
  step 4300/5004: loss=5.951088
  step 4400/5004: loss=4.983753
  step 4500/5004: loss=5.597460
  step 4600/5004: loss=5.499552
  step 4700/5004: loss=5.638862
  step 4800/5004: loss=6.033441
  step 4900/5004: loss=5.900560
  step 5000/5004: loss=5.320476
[pjrt_ffi] RESIDENT: @convnextin_fwd holds 182 parameter tensors (109.1 MB) on 4 devices; they stop crossing PCIe from here
Epoch 10/300: loss=5.770290 lr=0.000125
  epoch 10: test_acc = 14094/50000 = 28.188000%  top5 = 26361/50000 = 52.722000%  [95% CI 27.80–28.58]
WARNING: All log messages before absl::InitializeLog() is called are written to STDERR
I0000 00:00:1789752842.114720  108102 port.cc:153] oneDNN custom operations are on. You may see slightly different numerical results due to floating-point round-off errors from different computation orders. To turn them off, set the environment variable `TF_ENABLE_ONEDNN_OPTS=0`.
I0000 00:00:1789752842.144051  108102 cpu_feature_guard.cc:227] This TensorFlow binary is optimized to use available CPU instructions in performance-critical operations.
To enable the following instructions: AVX2 AVX512F AVX512_VNNI AVX512_BF16 AVX512_FP16 AVX_VNNI AMX_TILE AMX_INT8 AMX_BF16 FMA, in other operations, rebuild TensorFlow with the appropriate compiler flags.
WARNING: All log messages before absl::InitializeLog() is called are written to STDERR
I0000 00:00:1789752843.381196  108102 port.cc:153] oneDNN custom operations are on. You may see slightly different numerical results due to floating-point round-off errors from different computation orders. To turn them off, set the environment variable `TF_ENABLE_ONEDNN_OPTS=0`.
  imagenet shim: jax/.lake/build/generated_convnext_tiny_imagenet_shim.py — train split, batch 256, 150528 floats/img (seed 5), wire v4 soft targets [256x1000]
  ▸ shim respawn: producer 0 of 4 replaced after epoch 10 (generation 1, seed 5)
I0000 00:00:1789752845.570693  108220 tf_record_dataset_op.cc:396] The default buffer size is 262144, which is overridden by the user specified `buffer_size` of 8388608
  step 0/5004: loss=5.923146
  step 1/5004: loss=5.572822
  step 2/5004: loss=5.026432
  step 100/5004: loss=5.636431
  step 200/5004: loss=4.884979
  step 300/5004: loss=5.996984
  step 400/5004: loss=5.457885
  step 500/5004: loss=5.282925
  step 600/5004: loss=6.089134
  step 700/5004: loss=5.862175
  step 800/5004: loss=5.132015
  step 900/5004: loss=5.795874
  step 1000/5004: loss=6.095388
  step 1100/5004: loss=5.881133
  step 1200/5004: loss=6.163818
  step 1300/5004: loss=6.056551
  step 1400/5004: loss=4.978940
  step 1500/5004: loss=5.919004
  step 1600/5004: loss=5.472450
  step 1700/5004: loss=5.772340
  step 1800/5004: loss=4.555545
  step 1900/5004: loss=5.918909
  step 2000/5004: loss=5.284474
  step 2100/5004: loss=5.689499
  step 2200/5004: loss=4.682329
  step 2300/5004: loss=5.187310
  step 2400/5004: loss=5.617413
  step 2500/5004: loss=5.999731
  step 2600/5004: loss=5.654334
  step 2700/5004: loss=5.731032
  step 2800/5004: loss=6.046554
  step 2900/5004: loss=5.820942
  step 3000/5004: loss=5.784592
  step 3100/5004: loss=5.836509
  step 3200/5004: loss=5.438815
  step 3300/5004: loss=5.701000
  step 3400/5004: loss=5.356223
  step 3500/5004: loss=5.627260
  step 3600/5004: loss=5.904770
  step 3700/5004: loss=5.868874
  step 3800/5004: loss=5.961996
  step 3900/5004: loss=5.462829
  step 4000/5004: loss=4.798169
  step 4100/5004: loss=6.013795
  step 4200/5004: loss=6.055316
  step 4300/5004: loss=5.957808
  step 4400/5004: loss=6.189524
  step 4500/5004: loss=5.070768
  step 4600/5004: loss=6.279156
  step 4700/5004: loss=5.464696
  step 4800/5004: loss=6.049760
  step 4900/5004: loss=5.760863
  step 5000/5004: loss=6.114681
[pjrt_ffi] RESIDENT: @convnextin_fwd holds 182 parameter tensors (109.1 MB) on 4 devices; they stop crossing PCIe from here
Epoch 11/300: loss=5.586691 lr=0.000138
  epoch 11: test_acc = 17070/50000 = 34.140000%  top5 = 29569/50000 = 59.138000%  [95% CI 33.73–34.56]
  step 0/5004: loss=5.860241
  step 1/5004: loss=4.565746
  step 2/5004: loss=5.626955
  step 100/5004: loss=5.839116
  step 200/5004: loss=5.430943
  step 300/5004: loss=5.889216
  step 400/5004: loss=5.825024
  step 500/5004: loss=4.672996
  step 600/5004: loss=5.838347
  step 700/5004: loss=6.099301
  step 800/5004: loss=5.656104
  step 900/5004: loss=5.378054
  step 1000/5004: loss=5.491811
  step 1100/5004: loss=5.047915
  step 1200/5004: loss=5.424336
  step 1300/5004: loss=4.740775
  step 1400/5004: loss=5.771789
  step 1500/5004: loss=6.067410
  step 1600/5004: loss=5.951930
  step 1700/5004: loss=5.018035
  step 1800/5004: loss=5.722842
  step 1900/5004: loss=4.734754
  step 2000/5004: loss=5.899955
  step 2100/5004: loss=6.045031
  step 2200/5004: loss=5.897954
  step 2300/5004: loss=4.269799
  step 2400/5004: loss=5.528937
  step 2500/5004: loss=5.634233
  step 2600/5004: loss=5.673165
  step 2700/5004: loss=5.693916
  step 2800/5004: loss=5.399328
  step 2900/5004: loss=4.523067
  step 3000/5004: loss=5.970320
  step 3100/5004: loss=5.738626
  step 3200/5004: loss=5.809412
  step 3300/5004: loss=5.747332
  step 3400/5004: loss=5.656393
  step 3500/5004: loss=5.872026
  step 3600/5004: loss=5.729135
  step 3700/5004: loss=5.900147
  step 3800/5004: loss=4.935833
  step 3900/5004: loss=4.427561
  step 4000/5004: loss=5.835551
  step 4100/5004: loss=5.186978
  step 4200/5004: loss=5.401801
  step 4300/5004: loss=5.368139
  step 4400/5004: loss=5.432792
  step 4500/5004: loss=5.660884
  step 4600/5004: loss=5.774790
  step 4700/5004: loss=5.142957
  step 4800/5004: loss=5.202403
  step 4900/5004: loss=6.120656
  step 5000/5004: loss=5.588706
[pjrt_ffi] RESIDENT: @convnextin_fwd holds 182 parameter tensors (109.1 MB) on 4 devices; they stop crossing PCIe from here
Epoch 12/300: loss=5.405083 lr=0.000150
  epoch 12: test_acc = 19444/50000 = 38.888000%  top5 = 32235/50000 = 64.470000%  [95% CI 38.46–39.32]
  step 0/5004: loss=5.608829
  step 1/5004: loss=5.686860
  step 2/5004: loss=5.481769
  step 100/5004: loss=5.723651
  step 200/5004: loss=6.084783
  step 300/5004: loss=5.457228
  step 400/5004: loss=5.621124
  step 500/5004: loss=5.558662
  step 600/5004: loss=5.803010
  step 700/5004: loss=5.501866
  step 800/5004: loss=5.415154
  step 900/5004: loss=5.719532
  step 1000/5004: loss=5.832656
  step 1100/5004: loss=5.778555
  step 1200/5004: loss=5.764142
  step 1300/5004: loss=5.361159
  step 1400/5004: loss=4.472890
  step 1500/5004: loss=5.600022
  step 1600/5004: loss=5.985751
  step 1700/5004: loss=5.564075
  step 1800/5004: loss=5.485382
  step 1900/5004: loss=5.732348
  step 2000/5004: loss=4.616668
  step 2100/5004: loss=4.337402
  step 2200/5004: loss=4.416852
  step 2300/5004: loss=5.579629
  step 2400/5004: loss=5.302550
  step 2500/5004: loss=5.763839
  step 2600/5004: loss=3.820773
  step 2700/5004: loss=5.544388
  step 2800/5004: loss=5.516119
  step 2900/5004: loss=5.610851
  step 3000/5004: loss=5.783462
  step 3100/5004: loss=5.603980
  step 3200/5004: loss=5.706414
  step 3300/5004: loss=5.209178
  step 3400/5004: loss=5.752253
  step 3500/5004: loss=5.430934
  step 3600/5004: loss=5.172861
  step 3700/5004: loss=5.683698
  step 3800/5004: loss=5.895164
  step 3900/5004: loss=4.577122
  step 4000/5004: loss=5.739347
  step 4100/5004: loss=4.672024
  step 4200/5004: loss=5.581659
  step 4300/5004: loss=4.469730
  step 4400/5004: loss=4.768587
  step 4500/5004: loss=5.686934
  step 4600/5004: loss=5.533823
  step 4700/5004: loss=5.590264
  step 4800/5004: loss=4.669689
  step 4900/5004: loss=5.077179
  step 5000/5004: loss=5.864632
[pjrt_ffi] RESIDENT: @convnextin_fwd holds 182 parameter tensors (109.1 MB) on 4 devices; they stop crossing PCIe from here
Epoch 13/300: loss=5.232421 lr=0.000163
  epoch 13: test_acc = 21909/50000 = 43.818000%  top5 = 34709/50000 = 69.418000%  [95% CI 43.38–44.25]
  step 0/5004: loss=5.292972
  step 1/5004: loss=4.321347
  step 2/5004: loss=5.419682
  step 100/5004: loss=4.232712
  step 200/5004: loss=5.074235
  step 300/5004: loss=4.656556
  step 400/5004: loss=5.400591
  step 500/5004: loss=5.754648
  step 600/5004: loss=4.971510
  step 700/5004: loss=4.202833
  step 800/5004: loss=5.543765
  step 900/5004: loss=4.537758
  step 1000/5004: loss=5.599247
  step 1100/5004: loss=5.503863
  step 1200/5004: loss=4.638082
  step 1300/5004: loss=5.286944
  step 1400/5004: loss=5.185596
  step 1500/5004: loss=4.734906
  step 1600/5004: loss=5.465594
  step 1700/5004: loss=4.999867
  step 1800/5004: loss=4.937389
  step 1900/5004: loss=4.365623
  step 2000/5004: loss=5.246585
  step 2100/5004: loss=5.676899
  step 2200/5004: loss=5.788169
  step 2300/5004: loss=5.683750
  step 2400/5004: loss=5.501061
  step 2500/5004: loss=5.610591
  step 2600/5004: loss=4.580065
  step 2700/5004: loss=5.043255
  step 2800/5004: loss=5.460878
  step 2900/5004: loss=5.812171
  step 3000/5004: loss=5.602503
  step 3100/5004: loss=4.795465
  step 3200/5004: loss=5.632109
  step 3300/5004: loss=3.740186
  step 3400/5004: loss=5.012946
  step 3500/5004: loss=5.481222
  step 3600/5004: loss=4.426480
  step 3700/5004: loss=3.970208
  step 3800/5004: loss=4.858833
  step 3900/5004: loss=4.364304
  step 4000/5004: loss=5.642844
  step 4100/5004: loss=5.784039
  step 4200/5004: loss=4.731065
  step 4300/5004: loss=4.826603
  step 4400/5004: loss=5.545221
  step 4500/5004: loss=4.133669
  step 4600/5004: loss=5.122728
  step 4700/5004: loss=4.100353
  step 4800/5004: loss=4.849636
  step 4900/5004: loss=4.163972
  step 5000/5004: loss=5.250410
[pjrt_ffi] RESIDENT: @convnextin_fwd holds 182 parameter tensors (109.1 MB) on 4 devices; they stop crossing PCIe from here
Epoch 14/300: loss=5.083098 lr=0.000175
  epoch 14: test_acc = 23748/50000 = 47.496000%  top5 = 36518/50000 = 73.036000%  [95% CI 47.06–47.93]
  step 0/5004: loss=5.516607
  step 1/5004: loss=5.221255
  step 2/5004: loss=5.397777
  step 100/5004: loss=3.848429
  step 200/5004: loss=5.376351
  step 300/5004: loss=4.169183
  step 400/5004: loss=4.155479
  step 500/5004: loss=4.981195
  step 600/5004: loss=4.652693
  step 700/5004: loss=4.764157
  step 800/5004: loss=5.397522
  step 900/5004: loss=5.627889
  step 1000/5004: loss=5.243971
  step 1100/5004: loss=5.314139
  step 1200/5004: loss=4.373767
  step 1300/5004: loss=4.866183
  step 1400/5004: loss=5.659241
  step 1500/5004: loss=5.182298
  step 1600/5004: loss=4.028703
  step 1700/5004: loss=5.202899
  step 1800/5004: loss=3.908309
  step 1900/5004: loss=5.009969
  step 2000/5004: loss=5.679844
  step 2100/5004: loss=5.098102
  step 2200/5004: loss=4.777352
  step 2300/5004: loss=4.962046
  step 2400/5004: loss=4.208515
  step 2500/5004: loss=5.459031
  step 2600/5004: loss=4.790384
  step 2700/5004: loss=5.327599
  step 2800/5004: loss=4.187263
  step 2900/5004: loss=5.377282
  step 3000/5004: loss=4.248633
  step 3100/5004: loss=4.969190
  step 3200/5004: loss=4.359928
  step 3300/5004: loss=5.133307
  step 3400/5004: loss=5.577711
  step 3500/5004: loss=5.334409
  step 3600/5004: loss=4.308814
  step 3700/5004: loss=5.255966
  step 3800/5004: loss=4.451925
  step 3900/5004: loss=4.823991
  step 4000/5004: loss=5.336203
  step 4100/5004: loss=5.214323
  step 4200/5004: loss=5.332973
  step 4300/5004: loss=4.770190
  step 4400/5004: loss=4.158489
  step 4500/5004: loss=4.335507
  step 4600/5004: loss=3.851225
  step 4700/5004: loss=4.961911
  step 4800/5004: loss=5.373462
  step 4900/5004: loss=4.558917
  step 5000/5004: loss=4.885711
[pjrt_ffi] RESIDENT: @convnextin_fwd holds 182 parameter tensors (109.1 MB) on 4 devices; they stop crossing PCIe from here
Epoch 15/300: loss=4.943739 lr=0.000188
  epoch 15: test_acc = 25251/50000 = 50.502000%  top5 = 37878/50000 = 75.756000%  [95% CI 50.06–50.94]
  step 0/5004: loss=4.022400
  step 1/5004: loss=3.530808
  step 2/5004: loss=4.018531
  step 100/5004: loss=4.371257
  step 200/5004: loss=5.000610
  step 300/5004: loss=5.231253
  step 400/5004: loss=5.230819
  step 500/5004: loss=4.878537
  step 600/5004: loss=5.570307
  step 700/5004: loss=4.764666
  step 800/5004: loss=5.307925
  step 900/5004: loss=5.465415
  step 1000/5004: loss=5.383486
  step 1100/5004: loss=5.090358
  step 1200/5004: loss=4.978662
  step 1300/5004: loss=5.749124
  step 1400/5004: loss=4.834532
  step 1500/5004: loss=4.813072
  step 1600/5004: loss=5.421820
  step 1700/5004: loss=4.845896
  step 1800/5004: loss=5.067861
  step 1900/5004: loss=4.835681
  step 2000/5004: loss=5.060910
  step 2100/5004: loss=5.225545
  step 2200/5004: loss=4.627614
  step 2300/5004: loss=5.370167
  step 2400/5004: loss=4.741614
  step 2500/5004: loss=4.822684
  step 2600/5004: loss=5.224048
  step 2700/5004: loss=4.917657
  step 2800/5004: loss=5.082438
  step 2900/5004: loss=4.998193
  step 3000/5004: loss=5.227224
  step 3100/5004: loss=4.859978
  step 3200/5004: loss=5.199051
  step 3300/5004: loss=4.764812
  step 3400/5004: loss=5.403885
  step 3500/5004: loss=5.062007
  step 3600/5004: loss=4.328619
  step 3700/5004: loss=5.052713
  step 3800/5004: loss=5.130330
  step 3900/5004: loss=3.995020
  step 4000/5004: loss=5.375299
  step 4100/5004: loss=5.615264
  step 4200/5004: loss=5.096579
  step 4300/5004: loss=5.373942
  step 4400/5004: loss=5.219169
  step 4500/5004: loss=5.271449
  step 4600/5004: loss=5.114580
  step 4700/5004: loss=4.408136
  step 4800/5004: loss=3.943650
  step 4900/5004: loss=3.821376
  step 5000/5004: loss=4.759544
[pjrt_ffi] RESIDENT: @convnextin_fwd holds 182 parameter tensors (109.1 MB) on 4 devices; they stop crossing PCIe from here
Epoch 16/300: loss=4.835839 lr=0.000200
  epoch 16: test_acc = 26697/50000 = 53.394000%  top5 = 38996/50000 = 77.992000%  [95% CI 52.96–53.83]
  step 0/5004: loss=4.429500
  step 1/5004: loss=5.053502
  step 2/5004: loss=4.839459
  step 100/5004: loss=5.262567
  step 200/5004: loss=5.670959
  step 300/5004: loss=3.044140
  step 400/5004: loss=5.547454
  step 500/5004: loss=5.006158
  step 600/5004: loss=4.552165
  step 700/5004: loss=5.076010
  step 800/5004: loss=4.096900
  step 900/5004: loss=4.697336
  step 1000/5004: loss=3.693990
  step 1100/5004: loss=3.759034
  step 1200/5004: loss=5.332925
  step 1300/5004: loss=5.006924
  step 1400/5004: loss=5.324296
  step 1500/5004: loss=4.867512
  step 1600/5004: loss=4.389884
  step 1700/5004: loss=4.889707
  step 1800/5004: loss=4.372499
  step 1900/5004: loss=4.580416
  step 2000/5004: loss=4.470904
  step 2100/5004: loss=4.813906
  step 2200/5004: loss=5.011945
  step 2300/5004: loss=5.226231
  step 2400/5004: loss=3.374192
  step 2500/5004: loss=4.359447
  step 2600/5004: loss=3.785508
  step 2700/5004: loss=5.117882
  step 2800/5004: loss=4.678829
  step 2900/5004: loss=4.784235
  step 3000/5004: loss=3.483042
  step 3100/5004: loss=5.242064
  step 3200/5004: loss=5.392228
  step 3300/5004: loss=5.213688
  step 3400/5004: loss=4.977604
  step 3500/5004: loss=3.713530
  step 3600/5004: loss=4.800193
  step 3700/5004: loss=5.144280
  step 3800/5004: loss=5.287204
  step 3900/5004: loss=3.832345
  step 4000/5004: loss=3.225278
  step 4100/5004: loss=5.306340
  step 4200/5004: loss=4.588686
  step 4300/5004: loss=5.034399
  step 4400/5004: loss=5.463388
  step 4500/5004: loss=3.812044
  step 4600/5004: loss=3.909356
  step 4700/5004: loss=4.451148
  step 4800/5004: loss=4.923272
  step 4900/5004: loss=5.076451
  step 5000/5004: loss=3.852298
[pjrt_ffi] RESIDENT: @convnextin_fwd holds 182 parameter tensors (109.1 MB) on 4 devices; they stop crossing PCIe from here
Epoch 17/300: loss=4.754553 lr=0.000212
  epoch 17: test_acc = 27739/50000 = 55.478000%  top5 = 39759/50000 = 79.518000%  [95% CI 55.04–55.91]
  step 0/5004: loss=4.440584
  step 1/5004: loss=5.312139
  step 2/5004: loss=5.459497
  step 100/5004: loss=4.286784
  step 200/5004: loss=5.171041
  step 300/5004: loss=5.577928
  step 400/5004: loss=4.827734
  step 500/5004: loss=5.319540
  step 600/5004: loss=5.072909
  step 700/5004: loss=5.413489
  step 800/5004: loss=5.113015
  step 900/5004: loss=4.644744
  step 1000/5004: loss=4.336586
  step 1100/5004: loss=4.424321
  step 1200/5004: loss=4.194384
  step 1300/5004: loss=4.734475
  step 1400/5004: loss=3.497616
  step 1500/5004: loss=5.097225
  step 1600/5004: loss=5.081118
  step 1700/5004: loss=4.341590
  step 1800/5004: loss=4.587265
  step 1900/5004: loss=5.325316
  step 2000/5004: loss=4.573018
  step 2100/5004: loss=4.678608
  step 2200/5004: loss=4.769581
  step 2300/5004: loss=4.550735
  step 2400/5004: loss=4.987474
  step 2500/5004: loss=3.872868
  step 2600/5004: loss=4.576345
  step 2700/5004: loss=5.270959
  step 2800/5004: loss=3.707110
  step 2900/5004: loss=3.409918
  step 3000/5004: loss=4.161688
  step 3100/5004: loss=5.305300
  step 3200/5004: loss=4.059263
  step 3300/5004: loss=5.335714
  step 3400/5004: loss=4.861263
  step 3500/5004: loss=5.486630
  step 3600/5004: loss=5.213777
  step 3700/5004: loss=5.411797
  step 3800/5004: loss=4.905036
  step 3900/5004: loss=5.328097
  step 4000/5004: loss=5.054849
  step 4100/5004: loss=5.387072
  step 4200/5004: loss=3.395242
  step 4300/5004: loss=5.305051
  step 4400/5004: loss=4.739223
  step 4500/5004: loss=5.285937
  step 4600/5004: loss=5.012624
  step 4700/5004: loss=5.257598
  step 4800/5004: loss=4.933922
  step 4900/5004: loss=5.476552
  step 5000/5004: loss=4.949382
[pjrt_ffi] RESIDENT: @convnextin_fwd holds 182 parameter tensors (109.1 MB) on 4 devices; they stop crossing PCIe from here
Epoch 18/300: loss=4.672165 lr=0.000225
  epoch 18: test_acc = 28515/50000 = 57.030000%  top5 = 40479/50000 = 80.958000%  [95% CI 56.60–57.46]
  step 0/5004: loss=5.265394
  step 1/5004: loss=4.447814
  step 2/5004: loss=3.802359
  step 100/5004: loss=4.923905
  step 200/5004: loss=4.137036
  step 300/5004: loss=3.965641
  step 400/5004: loss=5.005998
  step 500/5004: loss=5.324834
  step 600/5004: loss=5.560241
  step 700/5004: loss=5.246649
  step 800/5004: loss=4.411032
  step 900/5004: loss=5.210213
  step 1000/5004: loss=5.271104
  step 1100/5004: loss=4.538186
  step 1200/5004: loss=4.860156
  step 1300/5004: loss=5.066163
  step 1400/5004: loss=3.779583
  step 1500/5004: loss=4.819004
  step 1600/5004: loss=4.478914
  step 1700/5004: loss=4.295264
  step 1800/5004: loss=3.647454
  step 1900/5004: loss=4.965407
  step 2000/5004: loss=5.374568
  step 2100/5004: loss=4.798956
  step 2200/5004: loss=3.726911
  step 2300/5004: loss=5.051346
  step 2400/5004: loss=3.770671
  step 2500/5004: loss=3.621759
  step 2600/5004: loss=4.683475
  step 2700/5004: loss=4.601240
  step 2800/5004: loss=5.478790
  step 2900/5004: loss=4.988749
  step 3000/5004: loss=4.987514
  step 3100/5004: loss=4.832253
  step 3200/5004: loss=4.650096
  step 3300/5004: loss=5.101719
  step 3400/5004: loss=4.978398
  step 3500/5004: loss=4.812978
  step 3600/5004: loss=4.881352
  step 3700/5004: loss=4.805356
  step 3800/5004: loss=3.986478
  step 3900/5004: loss=4.627037
  step 4000/5004: loss=3.911912
  step 4100/5004: loss=5.162598
  step 4200/5004: loss=4.921103
  step 4300/5004: loss=3.890661
  step 4400/5004: loss=5.460842
  step 4500/5004: loss=4.878774
  step 4600/5004: loss=4.375416
  step 4700/5004: loss=4.126312
  step 4800/5004: loss=5.302517
  step 4900/5004: loss=3.585914
  step 5000/5004: loss=3.619205
[pjrt_ffi] RESIDENT: @convnextin_fwd holds 182 parameter tensors (109.1 MB) on 4 devices; they stop crossing PCIe from here
Epoch 19/300: loss=4.607409 lr=0.000238
  epoch 19: test_acc = 29125/50000 = 58.250000%  top5 = 40984/50000 = 81.968000%  [95% CI 57.82–58.68]
  step 0/5004: loss=3.993863
  step 1/5004: loss=5.230926
  step 2/5004: loss=4.413497
  step 100/5004: loss=4.460953
  step 200/5004: loss=4.656594
  step 300/5004: loss=4.279877
  step 400/5004: loss=4.812175
  step 500/5004: loss=4.982434
  step 600/5004: loss=3.611453
  step 700/5004: loss=3.824021
  step 800/5004: loss=4.092957
  step 900/5004: loss=3.579875
  step 1000/5004: loss=4.560247
  step 1100/5004: loss=5.253979
  step 1200/5004: loss=4.325767
  step 1300/5004: loss=5.218280
  step 1400/5004: loss=4.884297
  step 1500/5004: loss=5.302190
  step 1600/5004: loss=4.441791
  step 1700/5004: loss=4.126868
  step 1800/5004: loss=4.675998
  step 1900/5004: loss=4.055264
  step 2000/5004: loss=3.632629
  step 2100/5004: loss=5.366262
  step 2200/5004: loss=5.189519
  step 2300/5004: loss=4.481072
  step 2400/5004: loss=5.080746
  step 2500/5004: loss=5.057872
  step 2600/5004: loss=4.933028
  step 2700/5004: loss=4.943968
  step 2800/5004: loss=4.983491
  step 2900/5004: loss=3.566364
  step 3000/5004: loss=4.550163
  step 3100/5004: loss=3.819624
  step 3200/5004: loss=4.609581
  step 3300/5004: loss=3.990562
  step 3400/5004: loss=4.646552
  step 3500/5004: loss=5.443604
  step 3600/5004: loss=4.377747
  step 3700/5004: loss=4.972042
  step 3800/5004: loss=4.892079
  step 3900/5004: loss=4.752648
  step 4000/5004: loss=3.917577
  step 4100/5004: loss=5.333054
  step 4200/5004: loss=4.743286
  step 4300/5004: loss=4.832902
  step 4400/5004: loss=4.877892
  step 4500/5004: loss=3.834299
  step 4600/5004: loss=3.852097
  step 4700/5004: loss=5.394957
  step 4800/5004: loss=3.417078
  step 4900/5004: loss=5.481384
  step 5000/5004: loss=4.306540
[pjrt_ffi] RESIDENT: @convnextin_fwd holds 182 parameter tensors (109.1 MB) on 4 devices; they stop crossing PCIe from here
Epoch 20/300: loss=4.571628 lr=0.000250
  epoch 20: test_acc = 29886/50000 = 59.772000%  top5 = 41420/50000 = 82.840000%  [95% CI 59.34–60.20]
WARNING: All log messages before absl::InitializeLog() is called are written to STDERR
I0000 00:00:1789763831.103507  147398 port.cc:153] oneDNN custom operations are on. You may see slightly different numerical results due to floating-point round-off errors from different computation orders. To turn them off, set the environment variable `TF_ENABLE_ONEDNN_OPTS=0`.
I0000 00:00:1789763831.169176  147398 cpu_feature_guard.cc:227] This TensorFlow binary is optimized to use available CPU instructions in performance-critical operations.
To enable the following instructions: AVX2 AVX512F AVX512_VNNI AVX512_BF16 AVX512_FP16 AVX_VNNI AMX_TILE AMX_INT8 AMX_BF16 FMA, in other operations, rebuild TensorFlow with the appropriate compiler flags.
WARNING: All log messages before absl::InitializeLog() is called are written to STDERR
I0000 00:00:1789763832.816038  147398 port.cc:153] oneDNN custom operations are on. You may see slightly different numerical results due to floating-point round-off errors from different computation orders. To turn them off, set the environment variable `TF_ENABLE_ONEDNN_OPTS=0`.
  imagenet shim: jax/.lake/build/generated_convnext_tiny_imagenet_shim.py — train split, batch 256, 150528 floats/img (seed 10), wire v4 soft targets [256x1000]
  ▸ shim respawn: producer 1 of 4 replaced after epoch 20 (generation 2, seed 10)
  step 0/5004: loss=3.746517
I0000 00:00:1789763835.278073  147519 tf_record_dataset_op.cc:396] The default buffer size is 262144, which is overridden by the user specified `buffer_size` of 8388608
  step 1/5004: loss=4.274412
  step 2/5004: loss=4.678451
  step 100/5004: loss=4.509771
  step 200/5004: loss=3.214714
  step 300/5004: loss=3.604257
  step 400/5004: loss=3.814463
  step 500/5004: loss=4.838028
  step 600/5004: loss=5.495451
  step 700/5004: loss=4.476825
  step 800/5004: loss=4.112552
  step 900/5004: loss=4.707302
  step 1000/5004: loss=4.908554
  step 1100/5004: loss=4.534631
  step 1200/5004: loss=3.666842
  step 1300/5004: loss=3.774515
  step 1400/5004: loss=3.549177
  step 1500/5004: loss=5.187206
  step 1600/5004: loss=5.024694
  step 1700/5004: loss=4.113669
  step 1800/5004: loss=4.329711
  step 1900/5004: loss=3.893269
  step 2000/5004: loss=5.117040
  step 2100/5004: loss=4.713391
  step 2200/5004: loss=4.253139
  step 2300/5004: loss=5.213769
  step 2400/5004: loss=3.161754
  step 2500/5004: loss=4.577880
  step 2600/5004: loss=4.978061
  step 2700/5004: loss=4.792217
  step 2800/5004: loss=3.408103
  step 2900/5004: loss=3.241355
  step 3000/5004: loss=5.355200
  step 3100/5004: loss=4.822691
  step 3200/5004: loss=5.043829
  step 3300/5004: loss=4.316830
  step 3400/5004: loss=4.254080
  step 3500/5004: loss=4.849783
  step 3600/5004: loss=3.623865
  step 3700/5004: loss=4.394470
  step 3800/5004: loss=3.892906
  step 3900/5004: loss=4.783117
  step 4000/5004: loss=5.328931
  step 4100/5004: loss=4.502406
  step 4200/5004: loss=4.313056
  step 4300/5004: loss=3.797764
  step 4400/5004: loss=5.233358
  step 4500/5004: loss=5.038108
  step 4600/5004: loss=4.711579
  step 4700/5004: loss=5.172169
  step 4800/5004: loss=4.642708
  step 4900/5004: loss=3.988134
  step 5000/5004: loss=5.206141
[pjrt_ffi] RESIDENT: @convnextin_fwd holds 182 parameter tensors (109.1 MB) on 4 devices; they stop crossing PCIe from here
Epoch 21/300: loss=4.504952 lr=0.000250
  epoch 21: test_acc = 30296/50000 = 60.592000%  top5 = 41703/50000 = 83.406000%  [95% CI 60.16–61.02]
  step 0/5004: loss=4.651743
  step 1/5004: loss=4.501251
  step 2/5004: loss=3.480304
  step 100/5004: loss=3.319911
  step 200/5004: loss=4.488484
  step 300/5004: loss=4.934305
  step 400/5004: loss=5.046199
  step 500/5004: loss=4.101114
  step 600/5004: loss=3.494817
  step 700/5004: loss=4.826358
  step 800/5004: loss=4.868384
  step 900/5004: loss=4.559847
  step 1000/5004: loss=4.202540
  step 1100/5004: loss=4.064939
  step 1200/5004: loss=4.673955
  step 1300/5004: loss=4.621815
  step 1400/5004: loss=4.862416
  step 1500/5004: loss=3.638424
  step 1600/5004: loss=4.339210
  step 1700/5004: loss=4.817801
  step 1800/5004: loss=4.637100
  step 1900/5004: loss=5.119156
  step 2000/5004: loss=4.036007
  step 2100/5004: loss=3.610819
  step 2200/5004: loss=4.532043
  step 2300/5004: loss=3.270475
  step 2400/5004: loss=5.056433
  step 2500/5004: loss=4.000985
  step 2600/5004: loss=3.991411
  step 2700/5004: loss=3.916564
  step 2800/5004: loss=4.866332
  step 2900/5004: loss=5.460464
  step 3000/5004: loss=4.165276
  step 3100/5004: loss=4.514631
  step 3200/5004: loss=4.652157
  step 3300/5004: loss=5.043662
  step 3400/5004: loss=4.581381
  step 3500/5004: loss=5.058071
  step 3600/5004: loss=4.701814
  step 3700/5004: loss=4.111557
  step 3800/5004: loss=4.794967
  step 3900/5004: loss=3.677578
  step 4000/5004: loss=4.593519
  step 4100/5004: loss=3.304080
  step 4200/5004: loss=5.038470
  step 4300/5004: loss=3.686142
  step 4400/5004: loss=4.424725
  step 4500/5004: loss=4.486575
  step 4600/5004: loss=5.099245
  step 4700/5004: loss=3.483643
  step 4800/5004: loss=4.762354
  step 4900/5004: loss=3.583416
  step 5000/5004: loss=4.562754
[pjrt_ffi] RESIDENT: @convnextin_fwd holds 182 parameter tensors (109.1 MB) on 4 devices; they stop crossing PCIe from here
Epoch 22/300: loss=4.449302 lr=0.000250
  epoch 22: test_acc = 30907/50000 = 61.814000%  top5 = 42187/50000 = 84.374000%  [95% CI 61.39–62.24]
  step 0/5004: loss=3.617268
  step 1/5004: loss=5.180583
  step 2/5004: loss=4.929013
  step 100/5004: loss=4.671509
  step 200/5004: loss=3.753753
  step 300/5004: loss=4.663052
  step 400/5004: loss=5.117279
  step 500/5004: loss=4.430080
  step 600/5004: loss=3.384254
  step 700/5004: loss=3.107428
  step 800/5004: loss=2.652783
  step 900/5004: loss=3.597525
  step 1000/5004: loss=3.244791
  step 1100/5004: loss=4.683807
  step 1200/5004: loss=5.173623
  step 1300/5004: loss=3.972691
  step 1400/5004: loss=4.305030
  step 1500/5004: loss=4.729586
  step 1600/5004: loss=4.897615
  step 1700/5004: loss=5.000353
  step 1800/5004: loss=4.790042
  step 1900/5004: loss=4.620527
  step 2000/5004: loss=4.441176
  step 2100/5004: loss=4.725319
  step 2200/5004: loss=5.098266
  step 2300/5004: loss=3.825232
  step 2400/5004: loss=3.690277
  step 2500/5004: loss=4.843746
  step 2600/5004: loss=4.518460
  step 2700/5004: loss=3.497824
  step 2800/5004: loss=3.228561
  step 2900/5004: loss=4.590842
  step 3000/5004: loss=4.402138
  step 3100/5004: loss=4.151416
  step 3200/5004: loss=5.216920
  step 3300/5004: loss=3.255901
  step 3400/5004: loss=3.256353
  step 3500/5004: loss=4.800942
  step 3600/5004: loss=5.223516
  step 3700/5004: loss=2.963991
  step 3800/5004: loss=5.371510
  step 3900/5004: loss=4.531870
  step 4000/5004: loss=4.524693
  step 4100/5004: loss=4.438178
  step 4200/5004: loss=5.307931
  step 4300/5004: loss=3.452849
  step 4400/5004: loss=4.180189
  step 4500/5004: loss=4.448113
  step 4600/5004: loss=4.094045
  step 4700/5004: loss=4.664707
  step 4800/5004: loss=4.675954
  step 4900/5004: loss=4.638834
  step 5000/5004: loss=5.074928
[pjrt_ffi] RESIDENT: @convnextin_fwd holds 182 parameter tensors (109.1 MB) on 4 devices; they stop crossing PCIe from here
Epoch 23/300: loss=4.393767 lr=0.000250
  epoch 23: test_acc = 31469/50000 = 62.938000%  top5 = 42502/50000 = 85.004000%  [95% CI 62.51–63.36]
  step 0/5004: loss=4.591689
  step 1/5004: loss=4.872365
  step 2/5004: loss=3.084787
  step 100/5004: loss=3.901925
  step 200/5004: loss=4.880417
  step 300/5004: loss=4.124213
  step 400/5004: loss=4.637630
  step 500/5004: loss=3.774329
  step 600/5004: loss=4.535817
  step 700/5004: loss=5.183621
  step 800/5004: loss=4.953658
  step 900/5004: loss=3.893155
  step 1000/5004: loss=4.728102
  step 1100/5004: loss=2.827407
  step 1200/5004: loss=3.794661
  step 1300/5004: loss=4.624248
  step 1400/5004: loss=4.281514
  step 1500/5004: loss=3.447592
  step 1600/5004: loss=4.880006
  step 1700/5004: loss=4.818385
  step 1800/5004: loss=4.404863
  step 1900/5004: loss=4.666535
  step 2000/5004: loss=4.546398
  step 2100/5004: loss=3.151821
  step 2200/5004: loss=4.185066
  step 2300/5004: loss=3.507768
  step 2400/5004: loss=4.439156
  step 2500/5004: loss=3.629282
  step 2600/5004: loss=4.574833
  step 2700/5004: loss=5.052881
  step 2800/5004: loss=4.065634
  step 2900/5004: loss=4.575108
  step 3000/5004: loss=4.550271
  step 3100/5004: loss=4.385460
  step 3200/5004: loss=4.685238
  step 3300/5004: loss=3.789488
  step 3400/5004: loss=4.515824
  step 3500/5004: loss=5.164082
  step 3600/5004: loss=4.719543
  step 3700/5004: loss=4.928044
  step 3800/5004: loss=4.168180
  step 3900/5004: loss=3.173105
  step 4000/5004: loss=4.681512
  step 4100/5004: loss=4.808754
  step 4200/5004: loss=3.590274
  step 4300/5004: loss=3.748264
  step 4400/5004: loss=2.975491
  step 4500/5004: loss=2.987537
  step 4600/5004: loss=3.660557
  step 4700/5004: loss=3.526564
  step 4800/5004: loss=4.829798
  step 4900/5004: loss=4.474490
  step 5000/5004: loss=4.895565
[pjrt_ffi] RESIDENT: @convnextin_fwd holds 182 parameter tensors (109.1 MB) on 4 devices; they stop crossing PCIe from here
Epoch 24/300: loss=4.354447 lr=0.000250
  epoch 24: test_acc = 31810/50000 = 63.620000%  top5 = 42826/50000 = 85.652000%  [95% CI 63.20–64.04]
  step 0/5004: loss=5.228920
  step 1/5004: loss=5.043821
  step 2/5004: loss=3.425764
  step 100/5004: loss=4.654097
  step 200/5004: loss=3.711527
  step 300/5004: loss=3.669367
  step 400/5004: loss=5.065663
  step 500/5004: loss=4.416310
  step 600/5004: loss=3.618112
  step 700/5004: loss=4.693213
  step 800/5004: loss=4.670752
  step 900/5004: loss=3.114392
  step 1000/5004: loss=5.316640
  step 1100/5004: loss=4.275210
  step 1200/5004: loss=5.103684
  step 1300/5004: loss=4.113496
  step 1400/5004: loss=4.724107
  step 1500/5004: loss=4.909421
  step 1600/5004: loss=4.436354
  step 1700/5004: loss=4.170182
  step 1800/5004: loss=3.874552
  step 1900/5004: loss=4.692406
  step 2000/5004: loss=5.152040
  step 2100/5004: loss=4.554802
  step 2200/5004: loss=4.886671
  step 2300/5004: loss=4.532066
  step 2400/5004: loss=4.996422
  step 2500/5004: loss=5.083766
  step 2600/5004: loss=5.090369
  step 2700/5004: loss=4.028254
  step 2800/5004: loss=3.899414
  step 2900/5004: loss=3.339961
  step 3000/5004: loss=3.528883
  step 3100/5004: loss=4.520535
  step 3200/5004: loss=3.576324
  step 3300/5004: loss=4.530582
  step 3400/5004: loss=3.681353
  step 3500/5004: loss=3.796443
  step 3600/5004: loss=5.063792
  step 3700/5004: loss=4.511039
  step 3800/5004: loss=3.793309
  step 3900/5004: loss=4.354964
  step 4000/5004: loss=4.636138
  step 4100/5004: loss=4.642650
  step 4200/5004: loss=4.534244
  step 4300/5004: loss=4.517716
  step 4400/5004: loss=5.219833
  step 4500/5004: loss=4.805382
  step 4600/5004: loss=3.455899
  step 4700/5004: loss=4.058952
  step 4800/5004: loss=5.088799
  step 4900/5004: loss=3.493459
  step 5000/5004: loss=4.144922
[pjrt_ffi] RESIDENT: @convnextin_fwd holds 182 parameter tensors (109.1 MB) on 4 devices; they stop crossing PCIe from here
Epoch 25/300: loss=4.318269 lr=0.000250
  epoch 25: test_acc = 32283/50000 = 64.566000%  top5 = 43079/50000 = 86.158000%  [95% CI 64.15–64.98]
  step 0/5004: loss=5.001498
  step 1/5004: loss=3.873685
  step 2/5004: loss=4.766968
  step 100/5004: loss=3.399951
  step 200/5004: loss=4.513453
  step 300/5004: loss=4.443585
  step 400/5004: loss=4.102618
  step 500/5004: loss=5.123631
  step 600/5004: loss=4.515785
  step 700/5004: loss=3.350940
  step 800/5004: loss=4.893106
  step 900/5004: loss=4.575509
  step 1000/5004: loss=4.580089
  step 1100/5004: loss=5.139290
  step 1200/5004: loss=4.838135
  step 1300/5004: loss=4.111807
  step 1400/5004: loss=4.680292
  step 1500/5004: loss=3.539634
  step 1600/5004: loss=4.096592
  step 1700/5004: loss=4.628058
  step 1800/5004: loss=4.186171
  step 1900/5004: loss=4.859563
  step 2000/5004: loss=4.514872
  step 2100/5004: loss=4.184015
  step 2200/5004: loss=3.236853
  step 2300/5004: loss=4.262518
  step 2400/5004: loss=3.871354
  step 2500/5004: loss=4.765405
  step 2600/5004: loss=3.660314
  step 2700/5004: loss=2.773565
  step 2800/5004: loss=4.746020
  step 2900/5004: loss=3.910210
  step 3000/5004: loss=5.006682
  step 3100/5004: loss=3.880389
  step 3200/5004: loss=4.684495
  step 3300/5004: loss=4.906325
  step 3400/5004: loss=4.725590
  step 3500/5004: loss=4.999589
  step 3600/5004: loss=3.924556
  step 3700/5004: loss=4.457898
  step 3800/5004: loss=4.596326
  step 3900/5004: loss=4.409706
  step 4000/5004: loss=4.209896
  step 4100/5004: loss=4.588976
  step 4200/5004: loss=4.544083
  step 4300/5004: loss=4.976989
  step 4400/5004: loss=4.388372
  step 4500/5004: loss=4.875624
  step 4600/5004: loss=4.441322
  step 4700/5004: loss=4.141111
  step 4800/5004: loss=3.076629
  step 4900/5004: loss=4.978250
  step 5000/5004: loss=4.324367
[pjrt_ffi] RESIDENT: @convnextin_fwd holds 182 parameter tensors (109.1 MB) on 4 devices; they stop crossing PCIe from here
Epoch 26/300: loss=4.263425 lr=0.000250
  epoch 26: test_acc = 32647/50000 = 65.294000%  top5 = 43474/50000 = 86.948000%  [95% CI 64.88–65.71]
  step 0/5004: loss=4.723799
  step 1/5004: loss=4.315660
  step 2/5004: loss=5.225472
  step 100/5004: loss=4.423936
  step 200/5004: loss=4.533209
  step 300/5004: loss=4.253014
  step 400/5004: loss=2.705164
  step 500/5004: loss=4.387108
  step 600/5004: loss=3.767214
  step 700/5004: loss=4.839969
  step 800/5004: loss=4.135721
  step 900/5004: loss=4.480172
  step 1000/5004: loss=4.047171
  step 1100/5004: loss=4.447036
  step 1200/5004: loss=4.746787
  step 1300/5004: loss=4.986434
  step 1400/5004: loss=4.203247
  step 1500/5004: loss=4.398148
  step 1600/5004: loss=4.959414
  step 1700/5004: loss=4.764633
  step 1800/5004: loss=4.870176
  step 1900/5004: loss=4.627098
  step 2000/5004: loss=3.056482
  step 2100/5004: loss=4.732049
  step 2200/5004: loss=3.110294
  step 2300/5004: loss=4.224712
  step 2400/5004: loss=3.683811
  step 2500/5004: loss=4.430243
  step 2600/5004: loss=4.553298
  step 2700/5004: loss=2.930436
  step 2800/5004: loss=2.932064
  step 2900/5004: loss=3.904291
  step 3000/5004: loss=4.438025
  step 3100/5004: loss=3.797738
  step 3200/5004: loss=3.406690
  step 3300/5004: loss=4.479225
  step 3400/5004: loss=4.469884
  step 3500/5004: loss=4.280479
  step 3600/5004: loss=2.782969
  step 3700/5004: loss=4.815196
  step 3800/5004: loss=3.760670
  step 3900/5004: loss=2.868142
  step 4000/5004: loss=4.309599
  step 4100/5004: loss=3.983163
  step 4200/5004: loss=3.707299
  step 4300/5004: loss=4.884178
  step 4400/5004: loss=3.439981
  step 4500/5004: loss=3.925904
  step 4600/5004: loss=4.312465
  step 4700/5004: loss=4.478679
  step 4800/5004: loss=2.855344
  step 4900/5004: loss=3.062195
  step 5000/5004: loss=5.230715
[pjrt_ffi] RESIDENT: @convnextin_fwd holds 182 parameter tensors (109.1 MB) on 4 devices; they stop crossing PCIe from here
Epoch 27/300: loss=4.227810 lr=0.000250
  epoch 27: test_acc = 32879/50000 = 65.758000%  top5 = 43584/50000 = 87.168000%  [95% CI 65.34–66.17]
  step 0/5004: loss=3.939089
  step 1/5004: loss=4.466263
  step 2/5004: loss=4.796422
  step 100/5004: loss=5.003930
  step 200/5004: loss=4.452590
  step 300/5004: loss=5.182471
  step 400/5004: loss=4.278815
  step 500/5004: loss=4.155849
  step 600/5004: loss=3.996409
  step 700/5004: loss=4.383481
  step 800/5004: loss=3.695469
  step 900/5004: loss=3.828433
  step 1000/5004: loss=4.499918
  step 1100/5004: loss=3.496100
  step 1200/5004: loss=3.346624
  step 1300/5004: loss=3.287215
  step 1400/5004: loss=4.367397
  step 1500/5004: loss=2.908196
  step 1600/5004: loss=4.344861
  step 1700/5004: loss=5.126471
  step 1800/5004: loss=3.178065
  step 1900/5004: loss=4.956235
  step 2000/5004: loss=4.659778
  step 2100/5004: loss=3.429298
  step 2200/5004: loss=4.578944
  step 2300/5004: loss=3.110532
  step 2400/5004: loss=4.347302
  step 2500/5004: loss=4.081960
  step 2600/5004: loss=4.342777
  step 2700/5004: loss=3.056478
  step 2800/5004: loss=4.564107
  step 2900/5004: loss=3.686709
  step 3000/5004: loss=4.391415
  step 3100/5004: loss=3.864690
  step 3200/5004: loss=4.670035
  step 3300/5004: loss=2.897669
  step 3400/5004: loss=4.109660
  step 3500/5004: loss=4.590254
  step 3600/5004: loss=3.992445
  step 3700/5004: loss=4.411748
  step 3800/5004: loss=4.176887
  step 3900/5004: loss=5.044068
  step 4000/5004: loss=3.371659
  step 4100/5004: loss=4.658168
  step 4200/5004: loss=3.800550
  step 4300/5004: loss=3.315373
  step 4400/5004: loss=4.922483
  step 4500/5004: loss=3.239846
  step 4600/5004: loss=4.034411
  step 4700/5004: loss=3.189501
  step 4800/5004: loss=4.664046
  step 4900/5004: loss=4.192464
  step 5000/5004: loss=4.217943
[pjrt_ffi] RESIDENT: @convnextin_fwd holds 182 parameter tensors (109.1 MB) on 4 devices; they stop crossing PCIe from here
Epoch 28/300: loss=4.203433 lr=0.000249
  epoch 28: test_acc = 33444/50000 = 66.888000%  top5 = 43829/50000 = 87.658000%  [95% CI 66.47–67.30]
  step 0/5004: loss=2.779849
  step 1/5004: loss=4.201485
  step 2/5004: loss=3.845134
  step 100/5004: loss=3.113918
  step 200/5004: loss=4.327365
  step 300/5004: loss=4.489778
  step 400/5004: loss=4.068470
  step 500/5004: loss=4.220453
  step 600/5004: loss=3.316956
  step 700/5004: loss=4.568211
  step 800/5004: loss=4.710191
  step 900/5004: loss=3.697803
  step 1000/5004: loss=4.301742
  step 1100/5004: loss=3.338121
  step 1200/5004: loss=5.017543
  step 1300/5004: loss=3.402978
  step 1400/5004: loss=3.241181
  step 1500/5004: loss=4.570798
  step 1600/5004: loss=4.928890
  step 1700/5004: loss=4.091910
  step 1800/5004: loss=4.707481
  step 1900/5004: loss=4.341655
  step 2000/5004: loss=4.778770
  step 2100/5004: loss=4.475440
  step 2200/5004: loss=4.000362
  step 2300/5004: loss=3.664919
  step 2400/5004: loss=4.583979
  step 2500/5004: loss=4.499736
  step 2600/5004: loss=3.899621
  step 2700/5004: loss=4.471329
  step 2800/5004: loss=4.805868
  step 2900/5004: loss=4.543827
  step 3000/5004: loss=5.063673
  step 3100/5004: loss=4.796754
  step 3200/5004: loss=4.015981
  step 3300/5004: loss=4.435501
  step 3400/5004: loss=2.958333
  step 3500/5004: loss=4.241402
  step 3600/5004: loss=3.001895
  step 3700/5004: loss=3.993963
  step 3800/5004: loss=4.671228
  step 3900/5004: loss=4.501521
  step 4000/5004: loss=4.104265
  step 4100/5004: loss=4.591888
  step 4200/5004: loss=4.298552
  step 4300/5004: loss=4.380610
  step 4400/5004: loss=3.410220
  step 4500/5004: loss=4.419180
  step 4600/5004: loss=4.818846
  step 4700/5004: loss=4.510628
  step 4800/5004: loss=4.415245
  step 4900/5004: loss=4.229800
  step 5000/5004: loss=3.867006
[pjrt_ffi] RESIDENT: @convnextin_fwd holds 182 parameter tensors (109.1 MB) on 4 devices; they stop crossing PCIe from here
Epoch 29/300: loss=4.161035 lr=0.000249
  epoch 29: test_acc = 33583/50000 = 67.166000%  top5 = 44063/50000 = 88.126000%  [95% CI 66.75–67.58]
  step 0/5004: loss=4.488470
  step 1/5004: loss=4.653678
  step 2/5004: loss=2.909099
  step 100/5004: loss=4.510715
  step 200/5004: loss=4.344320
  step 300/5004: loss=4.214079
  step 400/5004: loss=4.542566
  step 500/5004: loss=3.147768
  step 600/5004: loss=3.584635
  step 700/5004: loss=4.670593
  step 800/5004: loss=4.398566
  step 900/5004: loss=2.998328
  step 1000/5004: loss=4.098377
  step 1100/5004: loss=4.187521
  step 1200/5004: loss=4.491943
  step 1300/5004: loss=2.791502
  step 1400/5004: loss=4.251610
  step 1500/5004: loss=4.849254
  step 1600/5004: loss=4.300930
  step 1700/5004: loss=4.920566
  step 1800/5004: loss=4.390666
  step 1900/5004: loss=4.294687
  step 2000/5004: loss=4.555207
  step 2100/5004: loss=4.874703
  step 2200/5004: loss=4.486551
  step 2300/5004: loss=3.973061
  step 2400/5004: loss=4.534021
  step 2500/5004: loss=3.535241
  step 2600/5004: loss=4.241336
  step 2700/5004: loss=3.636432
  step 2800/5004: loss=4.446188
  step 2900/5004: loss=4.713142
  step 3000/5004: loss=4.560887
  step 3100/5004: loss=4.510410
  step 3200/5004: loss=4.601958
  step 3300/5004: loss=3.824683
  step 3400/5004: loss=4.433026
  step 3500/5004: loss=4.403402
  step 3600/5004: loss=3.972999
  step 3700/5004: loss=4.208259
  step 3800/5004: loss=4.439153
  step 3900/5004: loss=5.047291
  step 4000/5004: loss=3.529212
  step 4100/5004: loss=3.570975
  step 4200/5004: loss=4.383204
  step 4300/5004: loss=4.232345
  step 4400/5004: loss=4.606590
  step 4500/5004: loss=4.660192
  step 4600/5004: loss=4.027831
  step 4700/5004: loss=3.074246
  step 4800/5004: loss=3.512875
  step 4900/5004: loss=4.912629
  step 5000/5004: loss=4.244547
[pjrt_ffi] RESIDENT: @convnextin_fwd holds 182 parameter tensors (109.1 MB) on 4 devices; they stop crossing PCIe from here
Epoch 30/300: loss=4.139646 lr=0.000249
  epoch 30: test_acc = 33788/50000 = 67.576000%  top5 = 44177/50000 = 88.354000%  [95% CI 67.16–67.98]
WARNING: All log messages before absl::InitializeLog() is called are written to STDERR
I0000 00:00:1789774774.809000  186964 port.cc:153] oneDNN custom operations are on. You may see slightly different numerical results due to floating-point round-off errors from different computation orders. To turn them off, set the environment variable `TF_ENABLE_ONEDNN_OPTS=0`.
I0000 00:00:1789774774.838545  186964 cpu_feature_guard.cc:227] This TensorFlow binary is optimized to use available CPU instructions in performance-critical operations.
To enable the following instructions: AVX2 AVX512F AVX512_VNNI AVX512_BF16 AVX512_FP16 AVX_VNNI AMX_TILE AMX_INT8 AMX_BF16 FMA, in other operations, rebuild TensorFlow with the appropriate compiler flags.
WARNING: All log messages before absl::InitializeLog() is called are written to STDERR
I0000 00:00:1789774776.381354  186964 port.cc:153] oneDNN custom operations are on. You may see slightly different numerical results due to floating-point round-off errors from different computation orders. To turn them off, set the environment variable `TF_ENABLE_ONEDNN_OPTS=0`.
  imagenet shim: jax/.lake/build/generated_convnext_tiny_imagenet_shim.py — train split, batch 256, 150528 floats/img (seed 15), wire v4 soft targets [256x1000]
  ▸ shim respawn: producer 2 of 4 replaced after epoch 30 (generation 3, seed 15)
  step 0/5004: loss=4.722328
  step 1/5004: loss=4.291718
I0000 00:00:1789774778.814483  187086 tf_record_dataset_op.cc:396] The default buffer size is 262144, which is overridden by the user specified `buffer_size` of 8388608
  step 2/5004: loss=3.133255
  step 100/5004: loss=4.311360
  step 200/5004: loss=3.347539
  step 300/5004: loss=4.553329
  step 400/5004: loss=4.087221
  step 500/5004: loss=4.160006
  step 600/5004: loss=4.450895
  step 700/5004: loss=4.375564
  step 800/5004: loss=5.030528
  step 900/5004: loss=4.335725
  step 1000/5004: loss=3.948400
  step 1100/5004: loss=4.116897
  step 1200/5004: loss=3.142735
  step 1300/5004: loss=4.597428
  step 1400/5004: loss=3.003020
  step 1500/5004: loss=4.044955
  step 1600/5004: loss=3.671832
  step 1700/5004: loss=4.665133
  step 1800/5004: loss=3.961193
  step 1900/5004: loss=4.639727
  step 2000/5004: loss=2.476936
  step 2100/5004: loss=4.653836
  step 2200/5004: loss=4.446229
  step 2300/5004: loss=3.833584
  step 2400/5004: loss=3.080350
  step 2500/5004: loss=3.355325
  step 2600/5004: loss=4.479084
  step 2700/5004: loss=4.621011
  step 2800/5004: loss=4.819427
  step 2900/5004: loss=4.626505
  step 3000/5004: loss=3.429725
  step 3100/5004: loss=2.974922
  step 3200/5004: loss=4.458519
  step 3300/5004: loss=3.799844
  step 3400/5004: loss=4.158846
  step 3500/5004: loss=4.385080
  step 3600/5004: loss=3.572910
  step 3700/5004: loss=4.849225
  step 3800/5004: loss=4.798606
  step 3900/5004: loss=3.514347
  step 4000/5004: loss=3.936863
  step 4100/5004: loss=4.449664
  step 4200/5004: loss=4.022613
  step 4300/5004: loss=3.022673
  step 4400/5004: loss=4.866407
  step 4500/5004: loss=4.357767
  step 4600/5004: loss=2.830658
  step 4700/5004: loss=4.457847
  step 4800/5004: loss=4.213124
  step 4900/5004: loss=3.891840
  step 5000/5004: loss=3.204752
[pjrt_ffi] RESIDENT: @convnextin_fwd holds 182 parameter tensors (109.1 MB) on 4 devices; they stop crossing PCIe from here
Epoch 31/300: loss=4.136517 lr=0.000249
  epoch 31: test_acc = 33941/50000 = 67.882000%  top5 = 44162/50000 = 88.324000%  [95% CI 67.47–68.29]
  step 0/5004: loss=4.616722
  step 1/5004: loss=3.844265
  step 2/5004: loss=4.399342
  step 100/5004: loss=4.741825
  step 200/5004: loss=4.239546
  step 300/5004: loss=4.539033
  step 400/5004: loss=4.032132
  step 500/5004: loss=3.373892
  step 600/5004: loss=4.431174
  step 700/5004: loss=3.053526
  step 800/5004: loss=4.183772
  step 900/5004: loss=4.197702
  step 1000/5004: loss=4.639021
  step 1100/5004: loss=5.066592
  step 1200/5004: loss=3.715842
  step 1300/5004: loss=3.131843
  step 1400/5004: loss=3.529705
  step 1500/5004: loss=3.165449
  step 1600/5004: loss=4.417619
  step 1700/5004: loss=4.641876
  step 1800/5004: loss=3.338757
  step 1900/5004: loss=4.378494
  step 2000/5004: loss=3.255099
  step 2100/5004: loss=3.292444
  step 2200/5004: loss=4.177673
  step 2300/5004: loss=4.758090
  step 2400/5004: loss=3.537445
  step 2500/5004: loss=2.884334
  step 2600/5004: loss=4.275271
  step 2700/5004: loss=4.341401
  step 2800/5004: loss=4.235891
  step 2900/5004: loss=4.654175
  step 3000/5004: loss=3.673985
  step 3100/5004: loss=4.206891
  step 3200/5004: loss=4.377572
  step 3300/5004: loss=4.316792
  step 3400/5004: loss=4.271839
  step 3500/5004: loss=4.639188
  step 3600/5004: loss=4.620838
  step 3700/5004: loss=4.443521
  step 3800/5004: loss=4.340758
  step 3900/5004: loss=4.264049
  step 4000/5004: loss=4.547972
  step 4100/5004: loss=3.388748
  step 4200/5004: loss=4.249113
  step 4300/5004: loss=4.551286
  step 4400/5004: loss=4.617896
  step 4500/5004: loss=4.752045
  step 4600/5004: loss=4.402294
  step 4700/5004: loss=4.795814
  step 4800/5004: loss=4.635606
  step 4900/5004: loss=3.209704
  step 5000/5004: loss=3.763927
[pjrt_ffi] RESIDENT: @convnextin_fwd holds 182 parameter tensors (109.1 MB) on 4 devices; they stop crossing PCIe from here
Epoch 32/300: loss=4.102703 lr=0.000249
  epoch 32: test_acc = 34325/50000 = 68.650000%  top5 = 44467/50000 = 88.934000%  [95% CI 68.24–69.06]
  step 0/5004: loss=4.187133
  step 1/5004: loss=4.577210
  step 2/5004: loss=3.957089
  step 100/5004: loss=4.186755
  step 200/5004: loss=3.211875
  step 300/5004: loss=3.059155
  step 400/5004: loss=3.000190
  step 500/5004: loss=4.300845
  step 600/5004: loss=2.556764
  step 700/5004: loss=4.138866
  step 800/5004: loss=4.358782
  step 900/5004: loss=4.488362
  step 1000/5004: loss=5.007903
  step 1100/5004: loss=4.228316
  step 1200/5004: loss=4.328869
  step 1300/5004: loss=3.700490
  step 1400/5004: loss=3.319830
  step 1500/5004: loss=3.226172
  step 1600/5004: loss=4.448782
  step 1700/5004: loss=4.431804
  step 1800/5004: loss=4.797318
  step 1900/5004: loss=3.992344
  step 2000/5004: loss=4.833047
  step 2100/5004: loss=4.499524
  step 2200/5004: loss=3.082181
  step 2300/5004: loss=4.819793
  step 2400/5004: loss=4.417215
  step 2500/5004: loss=3.295469
  step 2600/5004: loss=2.947984
  step 2700/5004: loss=4.335554
  step 2800/5004: loss=4.621666
  step 2900/5004: loss=4.010741
  step 3000/5004: loss=2.957463
  step 3100/5004: loss=4.423143
  step 3200/5004: loss=4.780616
  step 3300/5004: loss=4.553167
  step 3400/5004: loss=3.203088
  step 3500/5004: loss=4.334766
  step 3600/5004: loss=4.528751
  step 3700/5004: loss=4.491509
  step 3800/5004: loss=4.325973
  step 3900/5004: loss=4.275142
  step 4000/5004: loss=2.894634
  step 4100/5004: loss=4.297608
  step 4200/5004: loss=3.975797
  step 4300/5004: loss=4.428158
  step 4400/5004: loss=4.573473
  step 4500/5004: loss=3.737446
  step 4600/5004: loss=3.262166
  step 4700/5004: loss=4.572618
  step 4800/5004: loss=2.961600
  step 4900/5004: loss=4.511966
  step 5000/5004: loss=4.881508
[pjrt_ffi] RESIDENT: @convnextin_fwd holds 182 parameter tensors (109.1 MB) on 4 devices; they stop crossing PCIe from here
Epoch 33/300: loss=4.082509 lr=0.000249
  epoch 33: test_acc = 34096/50000 = 68.192000%  top5 = 44323/50000 = 88.646000%  [95% CI 67.78–68.60]
  step 0/5004: loss=4.023136
  step 1/5004: loss=4.529100
  step 2/5004: loss=4.445966
  step 100/5004: loss=3.983527
  step 200/5004: loss=3.682361
  step 300/5004: loss=4.625885
  step 400/5004: loss=4.049577
  step 500/5004: loss=4.880949
  step 600/5004: loss=4.020177
  step 700/5004: loss=4.269538
  step 800/5004: loss=3.957344
  step 900/5004: loss=4.808364
  step 1000/5004: loss=3.615902
  step 1100/5004: loss=4.998775
  step 1200/5004: loss=4.567493
  step 1300/5004: loss=4.748037
  step 1400/5004: loss=4.664886
  step 1500/5004: loss=3.127576
  step 1600/5004: loss=3.301353
  step 1700/5004: loss=3.683687
  step 1800/5004: loss=4.147466
  step 1900/5004: loss=3.140746
  step 2000/5004: loss=3.907781
  step 2100/5004: loss=4.529869
  step 2200/5004: loss=4.460782
  step 2300/5004: loss=4.947773
  step 2400/5004: loss=4.414762
  step 2500/5004: loss=2.938700
  step 2600/5004: loss=3.605252
  step 2700/5004: loss=3.527550
  step 2800/5004: loss=3.225893
  step 2900/5004: loss=3.639554
  step 3000/5004: loss=4.486851
  step 3100/5004: loss=3.401556
  step 3200/5004: loss=4.566670
  step 3300/5004: loss=3.655805
  step 3400/5004: loss=4.535403
  step 3500/5004: loss=3.640940
  step 3600/5004: loss=3.230407
  step 3700/5004: loss=4.602058
  step 3800/5004: loss=4.210607
  step 3900/5004: loss=2.836697
  step 4000/5004: loss=3.117705
  step 4100/5004: loss=3.481953
  step 4200/5004: loss=4.233171
  step 4300/5004: loss=4.988541
  step 4400/5004: loss=3.736486
  step 4500/5004: loss=4.668489
  step 4600/5004: loss=4.330968
  step 4700/5004: loss=4.385430
  step 4800/5004: loss=3.496970
  step 4900/5004: loss=4.945208
  step 5000/5004: loss=3.050181
[pjrt_ffi] RESIDENT: @convnextin_fwd holds 182 parameter tensors (109.1 MB) on 4 devices; they stop crossing PCIe from here
Epoch 34/300: loss=4.045924 lr=0.000248
  epoch 34: test_acc = 34448/50000 = 68.896000%  top5 = 44541/50000 = 89.082000%  [95% CI 68.49–69.30]
  step 0/5004: loss=3.771246
  step 1/5004: loss=3.414697
  step 2/5004: loss=5.025786
  step 100/5004: loss=4.740594
  step 200/5004: loss=4.028006
  step 300/5004: loss=3.021766
  step 400/5004: loss=4.049527
  step 500/5004: loss=3.237418
  step 600/5004: loss=4.390779
  step 700/5004: loss=3.842864
  step 800/5004: loss=3.781667
  step 900/5004: loss=2.950966
  step 1000/5004: loss=4.753189
  step 1100/5004: loss=3.812553
  step 1200/5004: loss=4.392294
  step 1300/5004: loss=4.504538
  step 1400/5004: loss=4.195621
  step 1500/5004: loss=4.399394
  step 1600/5004: loss=4.382820
  step 1700/5004: loss=3.409554
  step 1800/5004: loss=4.898927
  step 1900/5004: loss=2.550081
  step 2000/5004: loss=3.820898
  step 2100/5004: loss=3.782517
  step 2200/5004: loss=4.120626
  step 2300/5004: loss=2.817339
  step 2400/5004: loss=4.522520
  step 2500/5004: loss=4.424896
  step 2600/5004: loss=2.960815
  step 2700/5004: loss=3.862080
  step 2800/5004: loss=4.268176
  step 2900/5004: loss=3.570992
  step 3000/5004: loss=4.776398
  step 3100/5004: loss=3.601195
  step 3200/5004: loss=4.894866
  step 3300/5004: loss=4.453712
  step 3400/5004: loss=2.857285
  step 3500/5004: loss=4.527415
  step 3600/5004: loss=4.596245
  step 3700/5004: loss=4.284746
  step 3800/5004: loss=4.962085
  step 3900/5004: loss=4.226583
  step 4000/5004: loss=4.414038
  step 4100/5004: loss=4.165221
  step 4200/5004: loss=3.007964
  step 4300/5004: loss=4.435913
  step 4400/5004: loss=4.810768
  step 4500/5004: loss=3.920675
  step 4600/5004: loss=4.736727
  step 4700/5004: loss=4.160909
  step 4800/5004: loss=3.235240
  step 4900/5004: loss=4.665609
  step 5000/5004: loss=3.315269
[pjrt_ffi] RESIDENT: @convnextin_fwd holds 182 parameter tensors (109.1 MB) on 4 devices; they stop crossing PCIe from here
Epoch 35/300: loss=4.029154 lr=0.000248
  epoch 35: test_acc = 34571/50000 = 69.142000%  top5 = 44755/50000 = 89.510000%  [95% CI 68.74–69.55]
  step 0/5004: loss=4.197139
  step 1/5004: loss=4.092069
  step 2/5004: loss=4.600738
  step 100/5004: loss=4.421501
  step 200/5004: loss=4.267406
  step 300/5004: loss=4.606236
  step 400/5004: loss=4.098521
  step 500/5004: loss=3.595420
  step 600/5004: loss=4.068731
  step 700/5004: loss=4.701405
  step 800/5004: loss=4.247690
  step 900/5004: loss=3.662657
  step 1000/5004: loss=4.417414
  step 1100/5004: loss=4.887572
  step 1200/5004: loss=4.482361
  step 1300/5004: loss=4.137237
  step 1400/5004: loss=3.739130
  step 1500/5004: loss=3.539864
  step 1600/5004: loss=4.339734
  step 1700/5004: loss=3.349121
  step 1800/5004: loss=2.766927
  step 1900/5004: loss=3.614764
  step 2000/5004: loss=4.220247
  step 2100/5004: loss=4.278509
  step 2200/5004: loss=3.962425
  step 2300/5004: loss=4.801993
  step 2400/5004: loss=3.728254
  step 2500/5004: loss=3.850322
  step 2600/5004: loss=4.390813
  step 2700/5004: loss=4.423845
  step 2800/5004: loss=4.264302
  step 2900/5004: loss=4.877296
  step 3000/5004: loss=4.414410
  step 3100/5004: loss=3.190075
  step 3200/5004: loss=4.216429
  step 3300/5004: loss=4.398848
  step 3400/5004: loss=3.723234
  step 3500/5004: loss=2.693160
  step 3600/5004: loss=3.080289
  step 3700/5004: loss=2.842095
  step 3800/5004: loss=4.610726
  step 3900/5004: loss=4.413243
  step 4000/5004: loss=3.124151
  step 4100/5004: loss=3.450764
  step 4200/5004: loss=4.041195
  step 4300/5004: loss=4.610600
  step 4400/5004: loss=4.402849
  step 4500/5004: loss=3.758808
  step 4600/5004: loss=3.569196
  step 4700/5004: loss=3.142980
  step 4800/5004: loss=4.330899
  step 4900/5004: loss=3.614828
  step 5000/5004: loss=4.293727
[pjrt_ffi] RESIDENT: @convnextin_fwd holds 182 parameter tensors (109.1 MB) on 4 devices; they stop crossing PCIe from here
Epoch 36/300: loss=4.006510 lr=0.000248
  epoch 36: test_acc = 34706/50000 = 69.412000%  top5 = 44667/50000 = 89.334000%  [95% CI 69.01–69.81]
  step 0/5004: loss=2.920770
  step 1/5004: loss=4.934470
  step 2/5004: loss=4.605146
  step 100/5004: loss=4.193738
  step 200/5004: loss=4.347297
  step 300/5004: loss=3.638879
  step 400/5004: loss=4.679059
  step 500/5004: loss=4.449010
  step 600/5004: loss=4.908920
  step 700/5004: loss=4.420297
  step 800/5004: loss=4.277210
  step 900/5004: loss=4.140781
  step 1000/5004: loss=4.734583
  step 1100/5004: loss=3.608634
  step 1200/5004: loss=4.960303
  step 1300/5004: loss=4.265649
  step 1400/5004: loss=4.220650
  step 1500/5004: loss=3.550832
  step 1600/5004: loss=3.173558
  step 1700/5004: loss=3.042383
  step 1800/5004: loss=3.581266
  step 1900/5004: loss=3.947786
  step 2000/5004: loss=4.635540
  step 2100/5004: loss=4.252757
  step 2200/5004: loss=3.162079
  step 2300/5004: loss=3.251786
  step 2400/5004: loss=2.695422
  step 2500/5004: loss=4.065994
  step 2600/5004: loss=3.006430
  step 2700/5004: loss=4.106229
  step 2800/5004: loss=4.647603
  step 2900/5004: loss=4.118482
  step 3000/5004: loss=4.867936
  step 3100/5004: loss=4.045386
  step 3200/5004: loss=4.742988
  step 3300/5004: loss=3.892608
  step 3400/5004: loss=3.585412
  step 3500/5004: loss=3.863766
  step 3600/5004: loss=4.683204
  step 3700/5004: loss=4.173683
  step 3800/5004: loss=3.980613
  step 3900/5004: loss=4.575105
  step 4000/5004: loss=3.663209
  step 4100/5004: loss=4.461255
  step 4200/5004: loss=4.488933
  step 4300/5004: loss=4.314814
  step 4400/5004: loss=4.351857
  step 4500/5004: loss=3.149958
  step 4600/5004: loss=4.330687
  step 4700/5004: loss=3.598032
  step 4800/5004: loss=4.203665
  step 4900/5004: loss=3.762360
  step 5000/5004: loss=4.532450
[pjrt_ffi] RESIDENT: @convnextin_fwd holds 182 parameter tensors (109.1 MB) on 4 devices; they stop crossing PCIe from here
Epoch 37/300: loss=4.008733 lr=0.000248
  epoch 37: test_acc = 34855/50000 = 69.710000%  top5 = 44761/50000 = 89.522000%  [95% CI 69.31–70.11]
  step 0/5004: loss=4.421340
  step 1/5004: loss=4.534977
  step 2/5004: loss=4.052207
  step 100/5004: loss=3.146284
  step 200/5004: loss=4.084748
  step 300/5004: loss=3.719965
  step 400/5004: loss=4.189495
  step 500/5004: loss=3.672427
  step 600/5004: loss=4.012106
  step 700/5004: loss=4.980515
  step 800/5004: loss=3.653580
  step 900/5004: loss=3.792091
  step 1000/5004: loss=4.303545
  step 1100/5004: loss=4.332663
  step 1200/5004: loss=3.474721
  step 1300/5004: loss=4.148932
  step 1400/5004: loss=4.514571
  step 1500/5004: loss=4.624910
  step 1600/5004: loss=4.116431
  step 1700/5004: loss=4.637248
  step 1800/5004: loss=3.078095
  step 1900/5004: loss=4.320618
  step 2000/5004: loss=4.379981
  step 2100/5004: loss=4.478028
  step 2200/5004: loss=4.198860
  step 2300/5004: loss=4.609368
  step 2400/5004: loss=3.874521
  step 2500/5004: loss=4.747089
  step 2600/5004: loss=4.225515
  step 2700/5004: loss=4.700578
  step 2800/5004: loss=4.483210
  step 2900/5004: loss=4.166742
  step 3000/5004: loss=4.225496
  step 3100/5004: loss=3.347534
  step 3200/5004: loss=3.767613
  step 3300/5004: loss=2.770972
  step 3400/5004: loss=3.284701
  step 3500/5004: loss=4.607257
  step 3600/5004: loss=3.564910
  step 3700/5004: loss=3.023254
  step 3800/5004: loss=3.757691
  step 3900/5004: loss=4.225772
  step 4000/5004: loss=4.152049
  step 4100/5004: loss=4.636718
  step 4200/5004: loss=4.261004
  step 4300/5004: loss=3.622081
  step 4400/5004: loss=4.037203
  step 4500/5004: loss=4.833766
  step 4600/5004: loss=3.734901
  step 4700/5004: loss=4.488220
  step 4800/5004: loss=4.057532
  step 4900/5004: loss=4.006347
  step 5000/5004: loss=4.178580
[pjrt_ffi] RESIDENT: @convnextin_fwd holds 182 parameter tensors (109.1 MB) on 4 devices; they stop crossing PCIe from here
Epoch 38/300: loss=3.976315 lr=0.000247
  epoch 38: test_acc = 35053/50000 = 70.106000%  top5 = 44891/50000 = 89.782000%  [95% CI 69.70–70.51]
  step 0/5004: loss=3.398409
  step 1/5004: loss=3.176577
  step 2/5004: loss=3.811367
  step 100/5004: loss=3.296436
  step 200/5004: loss=3.925286
  step 300/5004: loss=4.077885
  step 400/5004: loss=2.812962
  step 500/5004: loss=3.873742
  step 600/5004: loss=4.470664
  step 700/5004: loss=3.761154
  step 800/5004: loss=3.613748
  step 900/5004: loss=4.180012
  step 1000/5004: loss=3.469048
  step 1100/5004: loss=4.079892
  step 1200/5004: loss=3.009747
  step 1300/5004: loss=4.262279
  step 1400/5004: loss=3.932974
  step 1500/5004: loss=2.694825
  step 1600/5004: loss=4.493759
  step 1700/5004: loss=4.652429
  step 1800/5004: loss=3.061537
  step 1900/5004: loss=3.927010
  step 2000/5004: loss=4.795996
  step 2100/5004: loss=4.262775
  step 2200/5004: loss=3.373127
  step 2300/5004: loss=4.032357
  step 2400/5004: loss=3.547701
  step 2500/5004: loss=4.059865
  step 2600/5004: loss=3.773876
  step 2700/5004: loss=4.171913
  step 2800/5004: loss=4.610725
  step 2900/5004: loss=2.787015
  step 3000/5004: loss=4.665701
  step 3100/5004: loss=4.351606
  step 3200/5004: loss=2.837337
  step 3300/5004: loss=3.897618
  step 3400/5004: loss=4.857572
  step 3500/5004: loss=3.752680
  step 3600/5004: loss=3.665632
  step 3700/5004: loss=3.867130
  step 3800/5004: loss=3.708697
  step 3900/5004: loss=4.098379
  step 4000/5004: loss=3.118182
  step 4100/5004: loss=3.949124
  step 4200/5004: loss=3.786307
  step 4300/5004: loss=4.544351
  step 4400/5004: loss=4.168038
  step 4500/5004: loss=2.881094
  step 4600/5004: loss=4.385374
  step 4700/5004: loss=4.334691
  step 4800/5004: loss=4.267115
  step 4900/5004: loss=4.292116
  step 5000/5004: loss=4.913470
[pjrt_ffi] RESIDENT: @convnextin_fwd holds 182 parameter tensors (109.1 MB) on 4 devices; they stop crossing PCIe from here
Epoch 39/300: loss=3.975208 lr=0.000247
  epoch 39: test_acc = 35272/50000 = 70.544000%  top5 = 45015/50000 = 90.030000%  [95% CI 70.14–70.94]
  step 0/5004: loss=3.851215
  step 1/5004: loss=4.039710
  step 2/5004: loss=4.100778
  step 100/5004: loss=4.154597
  step 200/5004: loss=4.038605
  step 300/5004: loss=4.470351
  step 400/5004: loss=4.234834
  step 500/5004: loss=4.895550
  step 600/5004: loss=4.394971
  step 700/5004: loss=3.053220
  step 800/5004: loss=2.959914
  step 900/5004: loss=4.825779
  step 1000/5004: loss=3.809918
  step 1100/5004: loss=4.546542
  step 1200/5004: loss=3.825400
  step 1300/5004: loss=3.206861
  step 1400/5004: loss=3.215998
  step 1500/5004: loss=4.493490
  step 1600/5004: loss=3.555026
  step 1700/5004: loss=3.803713
  step 1800/5004: loss=4.153426
  step 1900/5004: loss=3.034834
  step 2000/5004: loss=3.873128
  step 2100/5004: loss=4.465873
  step 2200/5004: loss=4.249722
  step 2300/5004: loss=4.147728
  step 2400/5004: loss=4.070859
  step 2500/5004: loss=2.539854
  step 2600/5004: loss=4.224904
  step 2700/5004: loss=2.711674
  step 2800/5004: loss=4.305264
  step 2900/5004: loss=3.984775
  step 3000/5004: loss=2.929251
  step 3100/5004: loss=4.321980
  step 3200/5004: loss=4.152011
  step 3300/5004: loss=3.967419
  step 3400/5004: loss=2.791017
  step 3500/5004: loss=3.386937
  step 3600/5004: loss=3.876128
  step 3700/5004: loss=3.916613
  step 3800/5004: loss=4.053535
  step 3900/5004: loss=3.706831
  step 4000/5004: loss=3.700262
  step 4100/5004: loss=4.586045
  step 4200/5004: loss=3.829414
  step 4300/5004: loss=3.913338
  step 4400/5004: loss=4.211918
  step 4500/5004: loss=4.689778
  step 4600/5004: loss=4.331030
  step 4700/5004: loss=3.207267
  step 4800/5004: loss=4.351401
  step 4900/5004: loss=3.767614
  step 5000/5004: loss=4.159012
[pjrt_ffi] RESIDENT: @convnextin_fwd holds 182 parameter tensors (109.1 MB) on 4 devices; they stop crossing PCIe from here
Epoch 40/300: loss=3.955910 lr=0.000247
  epoch 40: test_acc = 35351/50000 = 70.702000%  top5 = 45129/50000 = 90.258000%  [95% CI 70.30–71.10]
WARNING: All log messages before absl::InitializeLog() is called are written to STDERR
I0000 00:00:1789785728.785387  225571 port.cc:153] oneDNN custom operations are on. You may see slightly different numerical results due to floating-point round-off errors from different computation orders. To turn them off, set the environment variable `TF_ENABLE_ONEDNN_OPTS=0`.
I0000 00:00:1789785728.814754  225571 cpu_feature_guard.cc:227] This TensorFlow binary is optimized to use available CPU instructions in performance-critical operations.
To enable the following instructions: AVX2 AVX512F AVX512_VNNI AVX512_BF16 AVX512_FP16 AVX_VNNI AMX_TILE AMX_INT8 AMX_BF16 FMA, in other operations, rebuild TensorFlow with the appropriate compiler flags.
WARNING: All log messages before absl::InitializeLog() is called are written to STDERR
I0000 00:00:1789785730.299940  225571 port.cc:153] oneDNN custom operations are on. You may see slightly different numerical results due to floating-point round-off errors from different computation orders. To turn them off, set the environment variable `TF_ENABLE_ONEDNN_OPTS=0`.
  imagenet shim: jax/.lake/build/generated_convnext_tiny_imagenet_shim.py — train split, batch 256, 150528 floats/img (seed 20), wire v4 soft targets [256x1000]
  ▸ shim respawn: producer 3 of 4 replaced after epoch 40 (generation 4, seed 20)
  step 0/5004: loss=3.175894
  step 1/5004: loss=3.986003
I0000 00:00:1789785732.700782  225677 tf_record_dataset_op.cc:396] The default buffer size is 262144, which is overridden by the user specified `buffer_size` of 8388608
  step 2/5004: loss=4.538476
  step 100/5004: loss=4.091051
  step 200/5004: loss=2.934366
  step 300/5004: loss=4.273542
  step 400/5004: loss=3.268909
  step 500/5004: loss=3.225016
  step 600/5004: loss=2.899031
  step 700/5004: loss=4.256014
  step 800/5004: loss=4.739155
  step 900/5004: loss=3.971898
  step 1000/5004: loss=4.750922
  step 1100/5004: loss=3.906358
  step 1200/5004: loss=4.296948
  step 1300/5004: loss=4.251276
  step 1400/5004: loss=3.676280
  step 1500/5004: loss=3.628252
  step 1600/5004: loss=4.552108
  step 1700/5004: loss=3.588823
  step 1800/5004: loss=4.860122
  step 1900/5004: loss=3.341134
  step 2000/5004: loss=2.811975
  step 2100/5004: loss=4.019441
  step 2200/5004: loss=4.468738
  step 2300/5004: loss=4.309766
  step 2400/5004: loss=4.250177
  step 2500/5004: loss=4.575055
  step 2600/5004: loss=3.783930
  step 2700/5004: loss=4.407385
  step 2800/5004: loss=4.078419
  step 2900/5004: loss=4.158422
  step 3000/5004: loss=4.603728
  step 3100/5004: loss=4.084960
  step 3200/5004: loss=2.800147
  step 3300/5004: loss=4.117315
  step 3400/5004: loss=2.984108
  step 3500/5004: loss=4.467954
  step 3600/5004: loss=4.583923
  step 3700/5004: loss=3.719255
  step 3800/5004: loss=4.832718
  step 3900/5004: loss=4.214171
  step 4000/5004: loss=4.105265
  step 4100/5004: loss=4.263645
  step 4200/5004: loss=3.688125
  step 4300/5004: loss=3.991521
  step 4400/5004: loss=4.145244
  step 4500/5004: loss=4.218022
  step 4600/5004: loss=3.964601
  step 4700/5004: loss=4.392684
  step 4800/5004: loss=4.533865
  step 4900/5004: loss=3.498952
  step 5000/5004: loss=2.963115
[pjrt_ffi] RESIDENT: @convnextin_fwd holds 182 parameter tensors (109.1 MB) on 4 devices; they stop crossing PCIe from here
Epoch 41/300: loss=3.933009 lr=0.000247
  epoch 41: test_acc = 35388/50000 = 70.776000%  top5 = 45147/50000 = 90.294000%  [95% CI 70.38–71.17]
  step 0/5004: loss=2.541281
  step 1/5004: loss=4.594812
  step 2/5004: loss=4.419803
  step 100/5004: loss=4.679967
  step 200/5004: loss=4.008617
  step 300/5004: loss=4.359041
  step 400/5004: loss=3.762082
  step 500/5004: loss=3.118568
  step 600/5004: loss=3.617375
  step 700/5004: loss=3.551050
  step 800/5004: loss=4.174273
  step 900/5004: loss=3.353031
  step 1000/5004: loss=3.979548
  step 1100/5004: loss=3.975561
  step 1200/5004: loss=3.371703
  step 1300/5004: loss=4.770603
  step 1400/5004: loss=3.920714
  step 1500/5004: loss=4.208302
  step 1600/5004: loss=4.427337
  step 1700/5004: loss=3.452652
  step 1800/5004: loss=4.134011
  step 1900/5004: loss=3.719301
  step 2000/5004: loss=3.976417
  step 2100/5004: loss=4.889420
  step 2200/5004: loss=4.120293
  step 2300/5004: loss=2.842848
  step 2400/5004: loss=2.984197
  step 2500/5004: loss=2.750160
  step 2600/5004: loss=4.248326
  step 2700/5004: loss=4.608552
  step 2800/5004: loss=4.322965
  step 2900/5004: loss=3.636361
  step 3000/5004: loss=3.986918
  step 3100/5004: loss=3.987764
  step 3200/5004: loss=4.186577
  step 3300/5004: loss=4.866995
  step 3400/5004: loss=4.215549
  step 3500/5004: loss=2.618775
  step 3600/5004: loss=4.319535
  step 3700/5004: loss=4.088159
  step 3800/5004: loss=4.235267
  step 3900/5004: loss=4.345408
  step 4000/5004: loss=4.134131
  step 4100/5004: loss=2.962571
  step 4200/5004: loss=4.438023
  step 4300/5004: loss=4.172750
  step 4400/5004: loss=4.424602
  step 4500/5004: loss=3.217626
  step 4600/5004: loss=4.394909
  step 4700/5004: loss=4.455281
  step 4800/5004: loss=4.106515
  step 4900/5004: loss=3.366166
  step 5000/5004: loss=4.310627
[pjrt_ffi] RESIDENT: @convnextin_fwd holds 182 parameter tensors (109.1 MB) on 4 devices; they stop crossing PCIe from here
Epoch 42/300: loss=3.927190 lr=0.000246
  epoch 42: test_acc = 35468/50000 = 70.936000%  top5 = 45137/50000 = 90.274000%  [95% CI 70.54–71.33]
  step 0/5004: loss=4.735583
  step 1/5004: loss=4.574015
  step 2/5004: loss=2.993834
  step 100/5004: loss=3.386555
  step 200/5004: loss=4.537600
  step 300/5004: loss=3.381804
  step 400/5004: loss=4.250334
  step 500/5004: loss=3.654450
  step 600/5004: loss=4.408216
  step 700/5004: loss=3.438497
  step 800/5004: loss=4.546068
  step 900/5004: loss=4.125422
  step 1000/5004: loss=3.570905
  step 1100/5004: loss=3.213148
  step 1200/5004: loss=4.716318
  step 1300/5004: loss=3.966932
  step 1400/5004: loss=4.745363
  step 1500/5004: loss=3.725919
  step 1600/5004: loss=3.451498
  step 1700/5004: loss=3.455669
  step 1800/5004: loss=4.480636
  step 1900/5004: loss=4.334599
  step 2000/5004: loss=4.469821
  step 2100/5004: loss=3.723453
  step 2200/5004: loss=4.294796
  step 2300/5004: loss=4.082771
  step 2400/5004: loss=3.694075
  step 2500/5004: loss=3.188993
  step 2600/5004: loss=3.735149
  step 2700/5004: loss=3.586436
  step 2800/5004: loss=4.211275
  step 2900/5004: loss=4.336321
  step 3000/5004: loss=4.021108
  step 3100/5004: loss=4.317388
  step 3200/5004: loss=3.961679
  step 3300/5004: loss=4.225477
  step 3400/5004: loss=4.419905
  step 3500/5004: loss=3.825586
  step 3600/5004: loss=3.645129
  step 3700/5004: loss=4.091243
  step 3800/5004: loss=3.423645
  step 3900/5004: loss=4.045400
  step 4000/5004: loss=3.192913
  step 4100/5004: loss=4.015215
  step 4200/5004: loss=2.616793
  step 4300/5004: loss=4.413777
  step 4400/5004: loss=4.091204
  step 4500/5004: loss=4.521078
  step 4600/5004: loss=4.578271
  step 4700/5004: loss=4.037891
  step 4800/5004: loss=4.287824
  step 4900/5004: loss=4.247523
  step 5000/5004: loss=4.292908
[pjrt_ffi] RESIDENT: @convnextin_fwd holds 182 parameter tensors (109.1 MB) on 4 devices; they stop crossing PCIe from here
Epoch 43/300: loss=3.918983 lr=0.000246
  epoch 43: test_acc = 35529/50000 = 71.058000%  top5 = 45253/50000 = 90.506000%  [95% CI 70.66–71.45]
  step 0/5004: loss=4.036159
  step 1/5004: loss=4.190686
  step 2/5004: loss=4.285870
  step 100/5004: loss=4.779648
  step 200/5004: loss=3.108407
  step 300/5004: loss=2.807115
  step 400/5004: loss=2.820765
  step 500/5004: loss=3.617201
  step 600/5004: loss=4.057485
  step 700/5004: loss=2.735946
  step 800/5004: loss=4.688801
  step 900/5004: loss=2.813677
  step 1000/5004: loss=3.573229
  step 1100/5004: loss=4.731052
  step 1200/5004: loss=4.149038
  step 1300/5004: loss=4.123424
  step 1400/5004: loss=3.087067
  step 1500/5004: loss=2.700415
  step 1600/5004: loss=3.970289
  step 1700/5004: loss=3.405056
  step 1800/5004: loss=4.095178
  step 1900/5004: loss=2.996764
  step 2000/5004: loss=3.722141
  step 2100/5004: loss=4.775289
  step 2200/5004: loss=4.121934
  step 2300/5004: loss=3.985590
  step 2400/5004: loss=4.154499
  step 2500/5004: loss=4.791519
  step 2600/5004: loss=4.227388
  step 2700/5004: loss=2.899998
  step 2800/5004: loss=3.484073
  step 2900/5004: loss=3.799675
  step 3000/5004: loss=4.176534
  step 3100/5004: loss=4.288364
  step 3200/5004: loss=3.036179
  step 3300/5004: loss=3.702737
  step 3400/5004: loss=4.208480
  step 3500/5004: loss=4.262821
  step 3600/5004: loss=2.660390
  step 3700/5004: loss=4.698494
  step 3800/5004: loss=4.181123
  step 3900/5004: loss=4.058194
  step 4000/5004: loss=3.803151
  step 4100/5004: loss=4.574805
  step 4200/5004: loss=3.921974
  step 4300/5004: loss=3.527927
  step 4400/5004: loss=4.383645
  step 4500/5004: loss=3.025531
  step 4600/5004: loss=4.505399
  step 4700/5004: loss=4.722377
  step 4800/5004: loss=3.132241
  step 4900/5004: loss=3.983351
  step 5000/5004: loss=4.337166
[pjrt_ffi] RESIDENT: @convnextin_fwd holds 182 parameter tensors (109.1 MB) on 4 devices; they stop crossing PCIe from here
Epoch 44/300: loss=3.895469 lr=0.000245
  epoch 44: test_acc = 35706/50000 = 71.412000%  top5 = 45237/50000 = 90.474000%  [95% CI 71.01–71.81]
  step 0/5004: loss=4.099010
  step 1/5004: loss=3.560363
  step 2/5004: loss=4.737799
  step 100/5004: loss=4.730010
  step 200/5004: loss=3.727371
  step 300/5004: loss=4.101417
  step 400/5004: loss=4.353914
  step 500/5004: loss=4.086197
  step 600/5004: loss=4.781518
  step 700/5004: loss=2.774090
  step 800/5004: loss=4.375586
  step 900/5004: loss=4.218116
  step 1000/5004: loss=4.065424
  step 1100/5004: loss=3.462869
  step 1200/5004: loss=3.778640
  step 1300/5004: loss=4.470246
  step 1400/5004: loss=2.916527
  step 1500/5004: loss=4.512880
  step 1600/5004: loss=3.049132
  step 1700/5004: loss=4.368717
  step 1800/5004: loss=3.576328
  step 1900/5004: loss=3.811358
  step 2000/5004: loss=4.673488
  step 2100/5004: loss=4.064831
  step 2200/5004: loss=4.118585
  step 2300/5004: loss=4.118539
  step 2400/5004: loss=2.677713
  step 2500/5004: loss=4.218776
  step 2600/5004: loss=4.401663
  step 2700/5004: loss=4.288499
  step 2800/5004: loss=4.863404
  step 2900/5004: loss=3.862596
  step 3000/5004: loss=4.201970
  step 3100/5004: loss=4.413621
  step 3200/5004: loss=3.104906
  step 3300/5004: loss=3.840987
  step 3400/5004: loss=4.699691
  step 3500/5004: loss=3.964314
  step 3600/5004: loss=3.300729
  step 3700/5004: loss=4.117730
  step 3800/5004: loss=4.689273
  step 3900/5004: loss=4.305117
  step 4000/5004: loss=4.615837
  step 4100/5004: loss=3.716687
  step 4200/5004: loss=3.929568
  step 4300/5004: loss=3.764088
  step 4400/5004: loss=3.835215
  step 4500/5004: loss=4.184064
  step 4600/5004: loss=3.429470
  step 4700/5004: loss=3.071520
  step 4800/5004: loss=3.786654
  step 4900/5004: loss=3.615786
  step 5000/5004: loss=3.240195
[pjrt_ffi] RESIDENT: @convnextin_fwd holds 182 parameter tensors (109.1 MB) on 4 devices; they stop crossing PCIe from here
Epoch 45/300: loss=3.871259 lr=0.000245
  epoch 45: test_acc = 35839/50000 = 71.678000%  top5 = 45318/50000 = 90.636000%  [95% CI 71.28–72.07]
  step 0/5004: loss=4.060081
  step 1/5004: loss=3.352189
  step 2/5004: loss=4.455690
  step 100/5004: loss=4.175204
  step 200/5004: loss=3.375212
  step 300/5004: loss=3.794046
  step 400/5004: loss=4.297469
  step 500/5004: loss=2.636356
  step 600/5004: loss=3.409752
  step 700/5004: loss=3.944494
  step 800/5004: loss=3.727188
  step 900/5004: loss=4.217606
  step 1000/5004: loss=3.659538
  step 1100/5004: loss=3.167456
  step 1200/5004: loss=3.412085
  step 1300/5004: loss=4.540617
  step 1400/5004: loss=4.224113
  step 1500/5004: loss=2.923022
  step 1600/5004: loss=4.112420
  step 1700/5004: loss=4.243067
  step 1800/5004: loss=4.020439
  step 1900/5004: loss=2.737242
  step 2000/5004: loss=3.825234
  step 2100/5004: loss=3.584157
  step 2200/5004: loss=4.131402
  step 2300/5004: loss=3.050784
  step 2400/5004: loss=4.018675
  step 2500/5004: loss=4.604414
  step 2600/5004: loss=3.738804
  step 2700/5004: loss=4.697358
  step 2800/5004: loss=3.991333
  step 2900/5004: loss=4.258088
  step 3000/5004: loss=4.310699
  step 3100/5004: loss=4.407234
  step 3200/5004: loss=3.912690
  step 3300/5004: loss=4.350449
  step 3400/5004: loss=3.634940
  step 3500/5004: loss=4.718237
  step 3600/5004: loss=4.348649
  step 3700/5004: loss=4.191926
  step 3800/5004: loss=3.473852
  step 3900/5004: loss=4.348913
  step 4000/5004: loss=2.595333
  step 4100/5004: loss=3.780184
  step 4200/5004: loss=3.949378
  step 4300/5004: loss=4.384965
  step 4400/5004: loss=4.070324
  step 4500/5004: loss=3.597911
  step 4600/5004: loss=4.139007
  step 4700/5004: loss=3.308816
  step 4800/5004: loss=4.218196
  step 4900/5004: loss=3.030986
  step 5000/5004: loss=3.779002
[pjrt_ffi] RESIDENT: @convnextin_fwd holds 182 parameter tensors (109.1 MB) on 4 devices; they stop crossing PCIe from here
Epoch 46/300: loss=3.877376 lr=0.000245
  epoch 46: test_acc = 35877/50000 = 71.754000%  top5 = 45440/50000 = 90.880000%  [95% CI 71.36–72.15]
  step 0/5004: loss=3.206931
  step 1/5004: loss=3.886887
  step 2/5004: loss=4.006372
  step 100/5004: loss=3.602756
  step 200/5004: loss=4.130543
  step 300/5004: loss=4.233059
  step 400/5004: loss=3.888962
  step 500/5004: loss=2.939514
  step 600/5004: loss=4.959116
  step 700/5004: loss=3.170427
  step 800/5004: loss=3.218452
  step 900/5004: loss=4.294719
  step 1000/5004: loss=2.260572
  step 1100/5004: loss=3.703333
  step 1200/5004: loss=4.596888
  step 1300/5004: loss=3.977233
  step 1400/5004: loss=3.914232
  step 1500/5004: loss=3.925328
  step 1600/5004: loss=4.014486
  step 1700/5004: loss=3.796082
  step 1800/5004: loss=3.934222
  step 1900/5004: loss=4.234654
  step 2000/5004: loss=4.752815
  step 2100/5004: loss=3.813351
  step 2200/5004: loss=3.163168
  step 2300/5004: loss=4.238637
  step 2400/5004: loss=3.566817
  step 2500/5004: loss=3.584481
  step 2600/5004: loss=4.479730
  step 2700/5004: loss=3.516797
  step 2800/5004: loss=3.712694
  step 2900/5004: loss=4.300885
  step 3000/5004: loss=3.058498
  step 3100/5004: loss=3.936561
  step 3200/5004: loss=4.187809
  step 3300/5004: loss=4.224003
  step 3400/5004: loss=3.571752
  step 3500/5004: loss=3.679820
  step 3600/5004: loss=4.533235
  step 3700/5004: loss=4.118273
  step 3800/5004: loss=4.484166
  step 3900/5004: loss=4.272875
  step 4000/5004: loss=3.951883
  step 4100/5004: loss=3.828996
  step 4200/5004: loss=3.742621
  step 4300/5004: loss=4.488717
  step 4400/5004: loss=3.201891
  step 4500/5004: loss=3.857509
  step 4600/5004: loss=3.859915
  step 4700/5004: loss=4.541869
  step 4800/5004: loss=4.167952
  step 4900/5004: loss=4.288485
  step 5000/5004: loss=3.261949
[pjrt_ffi] RESIDENT: @convnextin_fwd holds 182 parameter tensors (109.1 MB) on 4 devices; they stop crossing PCIe from here
Epoch 47/300: loss=3.864268 lr=0.000244
  epoch 47: test_acc = 35945/50000 = 71.890000%  top5 = 45387/50000 = 90.774000%  [95% CI 71.49–72.28]
  step 0/5004: loss=3.402120
  step 1/5004: loss=3.905914
  step 2/5004: loss=4.004086
  step 100/5004: loss=3.415503
  step 200/5004: loss=4.236675
  step 300/5004: loss=3.006707
  step 400/5004: loss=4.156534
  step 500/5004: loss=4.364741
  step 600/5004: loss=3.708237
  step 700/5004: loss=3.492129
  step 800/5004: loss=2.522792
  step 900/5004: loss=3.993821
  step 1000/5004: loss=4.253005
  step 1100/5004: loss=4.186041
  step 1200/5004: loss=4.715568
  step 1300/5004: loss=3.533226
  step 1400/5004: loss=4.220491
  step 1500/5004: loss=4.620110
  step 1600/5004: loss=3.892909
  step 1700/5004: loss=4.080191
  step 1800/5004: loss=3.800534
  step 1900/5004: loss=2.951334
  step 2000/5004: loss=2.444870
  step 2100/5004: loss=3.965793
  step 2200/5004: loss=4.129313
  step 2300/5004: loss=3.674553
  step 2400/5004: loss=3.879815
  step 2500/5004: loss=2.730945
  step 2600/5004: loss=3.519426
  step 2700/5004: loss=2.623755
  step 2800/5004: loss=4.084239
  step 2900/5004: loss=3.110669
  step 3000/5004: loss=2.973789
  step 3100/5004: loss=3.279433
  step 3200/5004: loss=3.894791
  step 3300/5004: loss=3.884727
  step 3400/5004: loss=4.077555
  step 3500/5004: loss=3.995136
  step 3600/5004: loss=3.484047
  step 3700/5004: loss=4.582864
  step 3800/5004: loss=4.094491
  step 3900/5004: loss=3.892671
  step 4000/5004: loss=4.218330
  step 4100/5004: loss=4.421814
  step 4200/5004: loss=3.892134
  step 4300/5004: loss=2.709109
  step 4400/5004: loss=3.642088
  step 4500/5004: loss=4.739014
  step 4600/5004: loss=4.344504
  step 4700/5004: loss=4.734245
  step 4800/5004: loss=4.009836
  step 4900/5004: loss=4.641737
  step 5000/5004: loss=3.397320
[pjrt_ffi] RESIDENT: @convnextin_fwd holds 182 parameter tensors (109.1 MB) on 4 devices; they stop crossing PCIe from here
Epoch 48/300: loss=3.844988 lr=0.000244
  epoch 48: test_acc = 35924/50000 = 71.848000%  top5 = 45507/50000 = 91.014000%  [95% CI 71.45–72.24]
  step 0/5004: loss=3.601917
  step 1/5004: loss=4.534253
  step 2/5004: loss=3.946559
  step 100/5004: loss=3.036020
  step 200/5004: loss=4.019707
  step 300/5004: loss=3.080093
  step 400/5004: loss=4.918623
  step 500/5004: loss=3.312580
  step 600/5004: loss=4.232424
  step 700/5004: loss=4.288715
  step 800/5004: loss=2.768390
  step 900/5004: loss=4.028542
  step 1000/5004: loss=3.874540
  step 1100/5004: loss=4.022644
  step 1200/5004: loss=3.376995
  step 1300/5004: loss=4.153674
  step 1400/5004: loss=4.325409
  step 1500/5004: loss=4.056676
  step 1600/5004: loss=4.677833
  step 1700/5004: loss=4.096123
  step 1800/5004: loss=4.586806
  step 1900/5004: loss=4.051334
  step 2000/5004: loss=3.449970
  step 2100/5004: loss=4.263635
  step 2200/5004: loss=4.041208
  step 2300/5004: loss=3.603888
  step 2400/5004: loss=3.642500
  step 2500/5004: loss=4.244535
  step 2600/5004: loss=3.573023
  step 2700/5004: loss=3.669886
  step 2800/5004: loss=4.055799
  step 2900/5004: loss=4.006773
  step 3000/5004: loss=4.541519
  step 3100/5004: loss=3.626298
  step 3200/5004: loss=3.142847
  step 3300/5004: loss=4.425703
  step 3400/5004: loss=4.509503
  step 3500/5004: loss=3.298885
  step 3600/5004: loss=2.991886
  step 3700/5004: loss=3.502578
  step 3800/5004: loss=4.602218
  step 3900/5004: loss=4.081625
  step 4000/5004: loss=4.557752
  step 4100/5004: loss=3.700274
  step 4200/5004: loss=4.562152
  step 4300/5004: loss=3.351379
  step 4400/5004: loss=4.276563
  step 4500/5004: loss=2.909441
  step 4600/5004: loss=2.446317
  step 4700/5004: loss=4.365326
  step 4800/5004: loss=3.357785
  step 4900/5004: loss=3.341028
  step 5000/5004: loss=2.959912
[pjrt_ffi] RESIDENT: @convnextin_fwd holds 182 parameter tensors (109.1 MB) on 4 devices; they stop crossing PCIe from here
Epoch 49/300: loss=3.855432 lr=0.000243
  epoch 49: test_acc = 36086/50000 = 72.172000%  top5 = 45540/50000 = 91.080000%  [95% CI 71.78–72.56]
  step 0/5004: loss=4.128423
  step 1/5004: loss=4.224044
  step 2/5004: loss=3.874239
  step 100/5004: loss=4.329269
  step 200/5004: loss=3.628892
  step 300/5004: loss=4.669116
  step 400/5004: loss=3.404981
  step 500/5004: loss=4.472420
  step 600/5004: loss=3.500243
  step 700/5004: loss=4.180043
  step 800/5004: loss=3.974346
  step 900/5004: loss=4.998016
  step 1000/5004: loss=4.082063
  step 1100/5004: loss=3.644332
  step 1200/5004: loss=4.031458
  step 1300/5004: loss=3.217760
  step 1400/5004: loss=4.072785
  step 1500/5004: loss=4.177179
  step 1600/5004: loss=4.101255
  step 1700/5004: loss=2.954046
  step 1800/5004: loss=4.116460
  step 1900/5004: loss=2.870039
  step 2000/5004: loss=4.006255
  step 2100/5004: loss=4.616366
  step 2200/5004: loss=3.806035
  step 2300/5004: loss=4.577260
  step 2400/5004: loss=3.875992
  step 2500/5004: loss=4.673607
  step 2600/5004: loss=3.250063
  step 2700/5004: loss=4.053486
  step 2800/5004: loss=4.297975
  step 2900/5004: loss=3.615229
  step 3000/5004: loss=4.554707
  step 3100/5004: loss=4.250768
  step 3200/5004: loss=3.872949
  step 3300/5004: loss=3.860915
  step 3400/5004: loss=3.962123
  step 3500/5004: loss=4.356511
  step 3600/5004: loss=3.541840
  step 3700/5004: loss=2.354504
  step 3800/5004: loss=3.756422
  step 3900/5004: loss=4.441051
  step 4000/5004: loss=3.291560
  step 4100/5004: loss=4.291914
  step 4200/5004: loss=4.116894
  step 4300/5004: loss=4.752337
  step 4400/5004: loss=3.859891
  step 4500/5004: loss=4.191067
  step 4600/5004: loss=4.090899
  step 4700/5004: loss=3.846603
  step 4800/5004: loss=3.751684
  step 4900/5004: loss=4.453543
  step 5000/5004: loss=3.849965
[pjrt_ffi] RESIDENT: @convnextin_fwd holds 182 parameter tensors (109.1 MB) on 4 devices; they stop crossing PCIe from here
Epoch 50/300: loss=3.839780 lr=0.000243
  epoch 50: test_acc = 36111/50000 = 72.222000%  top5 = 45529/50000 = 91.058000%  [95% CI 71.83–72.61]
WARNING: All log messages before absl::InitializeLog() is called are written to STDERR
I0000 00:00:1789796667.597892  265274 port.cc:153] oneDNN custom operations are on. You may see slightly different numerical results due to floating-point round-off errors from different computation orders. To turn them off, set the environment variable `TF_ENABLE_ONEDNN_OPTS=0`.
I0000 00:00:1789796667.627503  265274 cpu_feature_guard.cc:227] This TensorFlow binary is optimized to use available CPU instructions in performance-critical operations.
To enable the following instructions: AVX2 AVX512F AVX512_VNNI AVX512_BF16 AVX512_FP16 AVX_VNNI AMX_TILE AMX_INT8 AMX_BF16 FMA, in other operations, rebuild TensorFlow with the appropriate compiler flags.
WARNING: All log messages before absl::InitializeLog() is called are written to STDERR
I0000 00:00:1789796669.151742  265274 port.cc:153] oneDNN custom operations are on. You may see slightly different numerical results due to floating-point round-off errors from different computation orders. To turn them off, set the environment variable `TF_ENABLE_ONEDNN_OPTS=0`.
  imagenet shim: jax/.lake/build/generated_convnext_tiny_imagenet_shim.py — train split, batch 256, 150528 floats/img (seed 21), wire v4 soft targets [256x1000]
  ▸ shim respawn: producer 0 of 4 replaced after epoch 50 (generation 5, seed 21)
I0000 00:00:1789796671.454802  265394 tf_record_dataset_op.cc:396] The default buffer size is 262144, which is overridden by the user specified `buffer_size` of 8388608
  step 0/5004: loss=2.694401
  step 1/5004: loss=4.432155
  step 2/5004: loss=3.059033
  step 100/5004: loss=4.227381
  step 200/5004: loss=4.429890
  step 300/5004: loss=4.120619
  step 400/5004: loss=3.944021
  step 500/5004: loss=3.567135
  step 600/5004: loss=3.189825
  step 700/5004: loss=4.311760
  step 800/5004: loss=4.306210
  step 900/5004: loss=2.503098
  step 1000/5004: loss=3.939274
  step 1100/5004: loss=3.589614
  step 1200/5004: loss=3.683618
  step 1300/5004: loss=3.911014
  step 1400/5004: loss=4.575893
  step 1500/5004: loss=2.856083
  step 1600/5004: loss=3.930636
  step 1700/5004: loss=3.342093
  step 1800/5004: loss=4.288932
  step 1900/5004: loss=3.837781
  step 2000/5004: loss=2.877757
  step 2100/5004: loss=4.508470
  step 2200/5004: loss=3.458511
  step 2300/5004: loss=4.182006
  step 2400/5004: loss=3.081396
  step 2500/5004: loss=2.708211
  step 2600/5004: loss=4.293559
  step 2700/5004: loss=3.406864
  step 2800/5004: loss=4.460613
  step 2900/5004: loss=4.180395
  step 3000/5004: loss=2.704066
  step 3100/5004: loss=3.794902
  step 3200/5004: loss=4.793667
  step 3300/5004: loss=3.223348
  step 3400/5004: loss=4.379914
  step 3500/5004: loss=4.052630
  step 3600/5004: loss=4.399391
  step 3700/5004: loss=3.864588
  step 3800/5004: loss=2.757749
  step 3900/5004: loss=3.731773
  step 4000/5004: loss=2.637586
  step 4100/5004: loss=3.885923
  step 4200/5004: loss=4.694087
  step 4300/5004: loss=3.957646
  step 4400/5004: loss=4.427804
  step 4500/5004: loss=4.141109
  step 4600/5004: loss=4.728247
  step 4700/5004: loss=3.150784
  step 4800/5004: loss=4.697347
  step 4900/5004: loss=4.045869
  step 5000/5004: loss=4.436615
[pjrt_ffi] RESIDENT: @convnextin_fwd holds 182 parameter tensors (109.1 MB) on 4 devices; they stop crossing PCIe from here
Epoch 51/300: loss=3.833744 lr=0.000243
  epoch 51: test_acc = 36219/50000 = 72.438000%  top5 = 45659/50000 = 91.318000%  [95% CI 72.04–72.83]
  step 0/5004: loss=4.096086
  step 1/5004: loss=3.590765
  step 2/5004: loss=4.226133
  step 100/5004: loss=4.283669
  step 200/5004: loss=4.114557
  step 300/5004: loss=4.827527
  step 400/5004: loss=4.194532
  step 500/5004: loss=3.784204
  step 600/5004: loss=3.622897
  step 700/5004: loss=3.166772
  step 800/5004: loss=2.923986
  step 900/5004: loss=3.588138
  step 1000/5004: loss=3.217070
  step 1100/5004: loss=4.509163
  step 1200/5004: loss=4.465773
  step 1300/5004: loss=4.107688
  step 1400/5004: loss=4.593660
  step 1500/5004: loss=4.204876
  step 1600/5004: loss=3.585161
  step 1700/5004: loss=4.055767
  step 1800/5004: loss=4.178977
  step 1900/5004: loss=4.302031
  step 2000/5004: loss=4.119967
  step 2100/5004: loss=3.667384
  step 2200/5004: loss=3.991410
  step 2300/5004: loss=4.718365
  step 2400/5004: loss=3.564936
  step 2500/5004: loss=2.876690
  step 2600/5004: loss=3.182011
  step 2700/5004: loss=2.513355
  step 2800/5004: loss=4.050678
  step 2900/5004: loss=3.378677
  step 3000/5004: loss=3.332239
  step 3100/5004: loss=4.112125
  step 3200/5004: loss=3.757947
  step 3300/5004: loss=3.618948
  step 3400/5004: loss=3.666938
  step 3500/5004: loss=4.766560
  step 3600/5004: loss=4.237243
  step 3700/5004: loss=3.010694
  step 3800/5004: loss=4.092485
  step 3900/5004: loss=3.145976
  step 4000/5004: loss=3.235122
  step 4100/5004: loss=4.509987
  step 4200/5004: loss=4.032061
  step 4300/5004: loss=4.399928
  step 4400/5004: loss=3.893170
  step 4500/5004: loss=3.172148
  step 4600/5004: loss=4.125166
  step 4700/5004: loss=3.873823
  step 4800/5004: loss=3.408578
  step 4900/5004: loss=4.782048
  step 5000/5004: loss=3.908718
[pjrt_ffi] RESIDENT: @convnextin_fwd holds 182 parameter tensors (109.1 MB) on 4 devices; they stop crossing PCIe from here
Epoch 52/300: loss=3.815472 lr=0.000242
  epoch 52: test_acc = 36280/50000 = 72.560000%  top5 = 45621/50000 = 91.242000%  [95% CI 72.17–72.95]
  step 0/5004: loss=3.692198
  step 1/5004: loss=4.369036
  step 2/5004: loss=3.716504
  step 100/5004: loss=4.161942
  step 200/5004: loss=3.122380
  step 300/5004: loss=3.877296
  step 400/5004: loss=4.539677
  step 500/5004: loss=3.770890
  step 600/5004: loss=4.620980
  step 700/5004: loss=4.204702
  step 800/5004: loss=4.590926
  step 900/5004: loss=3.598497
  step 1000/5004: loss=2.584545
  step 1100/5004: loss=3.875048
  step 1200/5004: loss=4.166530
  step 1300/5004: loss=4.145536
  step 1400/5004: loss=4.447976
  step 1500/5004: loss=3.668887
  step 1600/5004: loss=3.714286
  step 1700/5004: loss=4.305957
  step 1800/5004: loss=3.232868
  step 1900/5004: loss=2.960325
  step 2000/5004: loss=2.642226
  step 2100/5004: loss=3.893860
  step 2200/5004: loss=4.465219
  step 2300/5004: loss=4.027342
  step 2400/5004: loss=2.535167
  step 2500/5004: loss=4.013714
  step 2600/5004: loss=2.693928
  step 2700/5004: loss=4.157272
  step 2800/5004: loss=3.947592
  step 2900/5004: loss=3.796069
  step 3000/5004: loss=4.110313
  step 3100/5004: loss=2.790229
  step 3200/5004: loss=4.565963
  step 3300/5004: loss=3.863092
  step 3400/5004: loss=4.453815
  step 3500/5004: loss=3.924352
  step 3600/5004: loss=4.621937
  step 3700/5004: loss=3.901439
  step 3800/5004: loss=3.540203
  step 3900/5004: loss=3.310648
  step 4000/5004: loss=2.618572
  step 4100/5004: loss=3.782768
  step 4200/5004: loss=4.751752
  step 4300/5004: loss=3.449872
  step 4400/5004: loss=3.699133
  step 4500/5004: loss=3.677175
  step 4600/5004: loss=4.842570
  step 4700/5004: loss=3.063247
  step 4800/5004: loss=3.682573
  step 4900/5004: loss=3.008317
  step 5000/5004: loss=2.786082
[pjrt_ffi] RESIDENT: @convnextin_fwd holds 182 parameter tensors (109.1 MB) on 4 devices; they stop crossing PCIe from here
Epoch 53/300: loss=3.811947 lr=0.000242
  epoch 53: test_acc = 36426/50000 = 72.852000%  top5 = 45682/50000 = 91.364000%  [95% CI 72.46–73.24]
  step 0/5004: loss=3.849971
  step 1/5004: loss=4.040564
  step 2/5004: loss=3.792963
  step 100/5004: loss=4.235796
  step 200/5004: loss=3.977751
  step 300/5004: loss=3.612256
  step 400/5004: loss=3.690072
  step 500/5004: loss=4.119236
  step 600/5004: loss=3.558865
  step 700/5004: loss=4.031790
  step 800/5004: loss=3.325561
  step 900/5004: loss=3.204753
  step 1000/5004: loss=2.376885
  step 1100/5004: loss=4.331105
  step 1200/5004: loss=4.183310
  step 1300/5004: loss=3.033099
  step 1400/5004: loss=4.385535
  step 1500/5004: loss=4.025315
  step 1600/5004: loss=4.401335
  step 1700/5004: loss=3.723049
  step 1800/5004: loss=3.995816
  step 1900/5004: loss=4.455871
  step 2000/5004: loss=3.434652
  step 2100/5004: loss=4.010249
  step 2200/5004: loss=4.002877
  step 2300/5004: loss=3.885039
  step 2400/5004: loss=3.858508
  step 2500/5004: loss=4.528149
  step 2600/5004: loss=3.932190
  step 2700/5004: loss=4.290619
  step 2800/5004: loss=3.935476
  step 2900/5004: loss=2.705319
  step 3000/5004: loss=4.292643
  step 3100/5004: loss=4.812820
  step 3200/5004: loss=4.054660
  step 3300/5004: loss=2.686622
  step 3400/5004: loss=4.219591
  step 3500/5004: loss=4.453381
  step 3600/5004: loss=4.070073
  step 3700/5004: loss=3.416488
  step 3800/5004: loss=3.570405
  step 3900/5004: loss=2.953376
  step 4000/5004: loss=4.177054
  step 4100/5004: loss=3.920667
  step 4200/5004: loss=3.794513
  step 4300/5004: loss=4.515817
  step 4400/5004: loss=4.149570
  step 4500/5004: loss=4.497150
  step 4600/5004: loss=2.498775
  step 4700/5004: loss=4.135541
  step 4800/5004: loss=4.125391
  step 4900/5004: loss=4.155776
  step 5000/5004: loss=4.414351
[pjrt_ffi] RESIDENT: @convnextin_fwd holds 182 parameter tensors (109.1 MB) on 4 devices; they stop crossing PCIe from here
Epoch 54/300: loss=3.814566 lr=0.000241
  epoch 54: test_acc = 36343/50000 = 72.686000%  top5 = 45652/50000 = 91.304000%  [95% CI 72.29–73.07]
  step 0/5004: loss=4.170364
  step 1/5004: loss=4.202733
  step 2/5004: loss=2.940475
  step 100/5004: loss=4.065497
  step 200/5004: loss=3.127335
  step 300/5004: loss=3.890170
  step 400/5004: loss=2.928665
  step 500/5004: loss=3.454185
  step 600/5004: loss=2.861781
  step 700/5004: loss=3.665554
  step 800/5004: loss=4.343273
  step 900/5004: loss=4.189780
  step 1000/5004: loss=4.380949
  step 1100/5004: loss=4.036429
  step 1200/5004: loss=2.743911
  step 1300/5004: loss=3.846957
  step 1400/5004: loss=4.191233
  step 1500/5004: loss=3.659778
  step 1600/5004: loss=2.653545
  step 1700/5004: loss=4.105445
  step 1800/5004: loss=2.906169
  step 1900/5004: loss=3.648674
  step 2000/5004: loss=4.827226
  step 2100/5004: loss=3.941331
  step 2200/5004: loss=4.476613
  step 2300/5004: loss=3.260830
  step 2400/5004: loss=2.716244
  step 2500/5004: loss=3.606699
  step 2600/5004: loss=3.946793
  step 2700/5004: loss=4.426262
  step 2800/5004: loss=4.314235
  step 2900/5004: loss=4.458789
  step 3000/5004: loss=3.625909
  step 3100/5004: loss=3.465998
  step 3200/5004: loss=4.196400
  step 3300/5004: loss=4.190852
  step 3400/5004: loss=2.816188
  step 3500/5004: loss=3.433768
  step 3600/5004: loss=4.509902
  step 3700/5004: loss=3.422624
  step 3800/5004: loss=2.805994
  step 3900/5004: loss=4.256154
  step 4000/5004: loss=2.770165
  step 4100/5004: loss=3.549028
  step 4200/5004: loss=4.105607
  step 4300/5004: loss=3.036747
  step 4400/5004: loss=4.317590
  step 4500/5004: loss=3.878888
  step 4600/5004: loss=4.721666
  step 4700/5004: loss=3.975928
  step 4800/5004: loss=3.487413
  step 4900/5004: loss=3.853624
  step 5000/5004: loss=3.608774
[pjrt_ffi] RESIDENT: @convnextin_fwd holds 182 parameter tensors (109.1 MB) on 4 devices; they stop crossing PCIe from here
Epoch 55/300: loss=3.789756 lr=0.000240
  epoch 55: test_acc = 36472/50000 = 72.944000%  top5 = 45745/50000 = 91.490000%  [95% CI 72.55–73.33]
  step 0/5004: loss=4.390550
  step 1/5004: loss=2.882388
  step 2/5004: loss=4.219460
  step 100/5004: loss=3.428059
  step 200/5004: loss=3.931573
  step 300/5004: loss=4.352921
  step 400/5004: loss=4.402730
  step 500/5004: loss=4.528565
  step 600/5004: loss=3.772257
  step 700/5004: loss=4.968846
  step 800/5004: loss=4.145760
  step 900/5004: loss=3.578615
  step 1000/5004: loss=3.803101
  step 1100/5004: loss=3.076313
  step 1200/5004: loss=3.863708
  step 1300/5004: loss=3.326792
  step 1400/5004: loss=3.961039
  step 1500/5004: loss=2.777190
  step 1600/5004: loss=3.925719
  step 1700/5004: loss=4.466323
  step 1800/5004: loss=2.636834
  step 1900/5004: loss=4.493876
  step 2000/5004: loss=3.443199
  step 2100/5004: loss=2.844615
  step 2200/5004: loss=3.989356
  step 2300/5004: loss=3.641913
  step 2400/5004: loss=3.519013
  step 2500/5004: loss=2.620758
  step 2600/5004: loss=3.896161
  step 2700/5004: loss=4.420985
  step 2800/5004: loss=2.543459
  step 2900/5004: loss=3.132138
  step 3000/5004: loss=3.997046
  step 3100/5004: loss=2.927375
  step 3200/5004: loss=4.297317
  step 3300/5004: loss=4.419858
  step 3400/5004: loss=3.411191
  step 3500/5004: loss=4.135191
  step 3600/5004: loss=3.708889
  step 3700/5004: loss=3.556497
  step 3800/5004: loss=4.058759
  step 3900/5004: loss=4.865948
  step 4000/5004: loss=4.325620
  step 4100/5004: loss=4.375469
  step 4200/5004: loss=3.751392
  step 4300/5004: loss=2.754839
  step 4400/5004: loss=4.220520
  step 4500/5004: loss=4.106016
  step 4600/5004: loss=2.250250
  step 4700/5004: loss=3.803016
  step 4800/5004: loss=3.191050
  step 4900/5004: loss=4.561272
  step 5000/5004: loss=3.576836
[pjrt_ffi] RESIDENT: @convnextin_fwd holds 182 parameter tensors (109.1 MB) on 4 devices; they stop crossing PCIe from here
Epoch 56/300: loss=3.797655 lr=0.000240
  epoch 56: test_acc = 36589/50000 = 73.178000%  top5 = 45757/50000 = 91.514000%  [95% CI 72.79–73.56]
  step 0/5004: loss=3.029398
  step 1/5004: loss=4.559498
  step 2/5004: loss=3.605357
  step 100/5004: loss=4.163183
  step 200/5004: loss=4.547161
  step 300/5004: loss=3.814788
  step 400/5004: loss=3.933682
  step 500/5004: loss=4.069699
  step 600/5004: loss=4.788125
  step 700/5004: loss=3.992092
  step 800/5004: loss=2.805573
  step 900/5004: loss=3.715329
  step 1000/5004: loss=2.881951
  step 1100/5004: loss=2.291781
  step 1200/5004: loss=3.683326
  step 1300/5004: loss=3.154228
  step 1400/5004: loss=3.813900
  step 1500/5004: loss=4.053200
  step 1600/5004: loss=2.876021
  step 1700/5004: loss=3.730423
  step 1800/5004: loss=2.787769
  step 1900/5004: loss=4.162381
  step 2000/5004: loss=3.683812
  step 2100/5004: loss=4.354451
  step 2200/5004: loss=4.441635
  step 2300/5004: loss=3.836373
  step 2400/5004: loss=3.797916
  step 2500/5004: loss=4.001420
  step 2600/5004: loss=3.871567
  step 2700/5004: loss=2.514877
  step 2800/5004: loss=3.737113
  step 2900/5004: loss=3.255963
  step 3000/5004: loss=4.494867
  step 3100/5004: loss=3.852330
  step 3200/5004: loss=4.600736
  step 3300/5004: loss=3.762926
  step 3400/5004: loss=3.711678
  step 3500/5004: loss=4.153232
  step 3600/5004: loss=3.204685
  step 3700/5004: loss=4.175745
  step 3800/5004: loss=3.941137
  step 3900/5004: loss=4.047128
  step 4000/5004: loss=4.276035
  step 4100/5004: loss=3.727394
  step 4200/5004: loss=2.622906
  step 4300/5004: loss=3.564109
  step 4400/5004: loss=2.931394
  step 4500/5004: loss=3.977272
  step 4600/5004: loss=3.274815
  step 4700/5004: loss=4.118932
  step 4800/5004: loss=4.296001
  step 4900/5004: loss=3.939319
  step 5000/5004: loss=4.031796
[pjrt_ffi] RESIDENT: @convnextin_fwd holds 182 parameter tensors (109.1 MB) on 4 devices; they stop crossing PCIe from here
Epoch 57/300: loss=3.772389 lr=0.000239
  epoch 57: test_acc = 36602/50000 = 73.204000%  top5 = 45823/50000 = 91.646000%  [95% CI 72.81–73.59]
  step 0/5004: loss=3.850518
  step 1/5004: loss=4.101119
  step 2/5004: loss=4.243117
  step 100/5004: loss=3.164402
  step 200/5004: loss=3.626168
  step 300/5004: loss=4.371835
  step 400/5004: loss=4.599941
  step 500/5004: loss=2.741894
  step 600/5004: loss=3.388106
  step 700/5004: loss=3.058643
  step 800/5004: loss=3.077279
  step 900/5004: loss=4.728115
  step 1000/5004: loss=3.551844
  step 1100/5004: loss=3.404899
  step 1200/5004: loss=3.208412
  step 1300/5004: loss=4.902828
  step 1400/5004: loss=3.099152
  step 1500/5004: loss=3.588136
  step 1600/5004: loss=4.067179
  step 1700/5004: loss=3.247705
  step 1800/5004: loss=4.173894
  step 1900/5004: loss=2.852200
  step 2000/5004: loss=4.077016
  step 2100/5004: loss=4.703324
  step 2200/5004: loss=4.264033
  step 2300/5004: loss=3.078603
  step 2400/5004: loss=3.921758
  step 2500/5004: loss=3.863032
  step 2600/5004: loss=4.336427
  step 2700/5004: loss=2.945872
  step 2800/5004: loss=3.824178
  step 2900/5004: loss=2.924343
  step 3000/5004: loss=3.667235
  step 3100/5004: loss=4.491241
  step 3200/5004: loss=4.214749
  step 3300/5004: loss=3.577726
  step 3400/5004: loss=3.884463
  step 3500/5004: loss=3.631938
  step 3600/5004: loss=3.845001
  step 3700/5004: loss=2.881248
  step 3800/5004: loss=4.332755
  step 3900/5004: loss=3.497190
  step 4000/5004: loss=4.146281
  step 4100/5004: loss=4.597842
  step 4200/5004: loss=4.277155
  step 4300/5004: loss=3.691758
  step 4400/5004: loss=3.450267
  step 4500/5004: loss=3.790581
  step 4600/5004: loss=4.418544
  step 4700/5004: loss=2.085210
  step 4800/5004: loss=3.954503
  step 4900/5004: loss=4.530364
  step 5000/5004: loss=3.139929
[pjrt_ffi] RESIDENT: @convnextin_fwd holds 182 parameter tensors (109.1 MB) on 4 devices; they stop crossing PCIe from here
Epoch 58/300: loss=3.767421 lr=0.000239
  epoch 58: test_acc = 36702/50000 = 73.404000%  top5 = 45850/50000 = 91.700000%  [95% CI 73.01–73.79]
  step 0/5004: loss=3.467108
  step 1/5004: loss=4.253576
  step 2/5004: loss=4.170079
  step 100/5004: loss=4.291164
  step 200/5004: loss=4.482867
  step 300/5004: loss=4.042085
  step 400/5004: loss=2.690016
  step 500/5004: loss=3.950001
  step 600/5004: loss=4.487875
  step 700/5004: loss=4.180641
  step 800/5004: loss=3.878203
  step 900/5004: loss=2.704826
  step 1000/5004: loss=4.442137
  step 1100/5004: loss=4.033559
  step 1200/5004: loss=4.741048
  step 1300/5004: loss=3.893307
  step 1400/5004: loss=4.748458
  step 1500/5004: loss=3.599559
  step 1600/5004: loss=4.552215
  step 1700/5004: loss=4.065292
  step 1800/5004: loss=2.295050
  step 1900/5004: loss=3.268025
  step 2000/5004: loss=3.979688
  step 2100/5004: loss=4.311730
  step 2200/5004: loss=2.282326
  step 2300/5004: loss=3.720598
  step 2400/5004: loss=3.431453
  step 2500/5004: loss=3.683967
  step 2600/5004: loss=4.531493
  step 2700/5004: loss=3.861694
  step 2800/5004: loss=2.735077
  step 2900/5004: loss=3.167920
  step 3000/5004: loss=3.676718
  step 3100/5004: loss=2.987964
  step 3200/5004: loss=3.958481
  step 3300/5004: loss=4.161613
  step 3400/5004: loss=4.499366
  step 3500/5004: loss=3.691699
  step 3600/5004: loss=2.825331
  step 3700/5004: loss=3.574580
  step 3800/5004: loss=3.462695
  step 3900/5004: loss=3.760935
  step 4000/5004: loss=3.621237
  step 4100/5004: loss=3.642160
  step 4200/5004: loss=3.777068
  step 4300/5004: loss=4.186430
  step 4400/5004: loss=3.448224
  step 4500/5004: loss=3.939071
  step 4600/5004: loss=2.623856
  step 4700/5004: loss=3.861408
  step 4800/5004: loss=4.041425
  step 4900/5004: loss=3.643434
  step 5000/5004: loss=4.348085
[pjrt_ffi] RESIDENT: @convnextin_fwd holds 182 parameter tensors (109.1 MB) on 4 devices; they stop crossing PCIe from here
Epoch 59/300: loss=3.771232 lr=0.000238
  epoch 59: test_acc = 36738/50000 = 73.476000%  top5 = 45857/50000 = 91.714000%  [95% CI 73.09–73.86]
  step 0/5004: loss=3.652501
  step 1/5004: loss=4.123917
  step 2/5004: loss=4.074317
  step 100/5004: loss=3.339386
  step 200/5004: loss=2.728384
  step 300/5004: loss=4.249014
  step 400/5004: loss=3.854844
  step 500/5004: loss=3.429323
  step 600/5004: loss=3.679741
  step 700/5004: loss=3.575855
  step 800/5004: loss=2.858181
  step 900/5004: loss=3.666220
  step 1000/5004: loss=2.582822
  step 1100/5004: loss=3.512387
  step 1200/5004: loss=4.188693
  step 1300/5004: loss=2.611313
  step 1400/5004: loss=3.921485
  step 1500/5004: loss=4.732715
  step 1600/5004: loss=3.409737
  step 1700/5004: loss=2.814086
  step 1800/5004: loss=3.301805
  step 1900/5004: loss=3.301597
  step 2000/5004: loss=3.701269
  step 2100/5004: loss=2.851476
  step 2200/5004: loss=3.081242
  step 2300/5004: loss=3.428514
  step 2400/5004: loss=3.959299
  step 2500/5004: loss=4.507792
  step 2600/5004: loss=3.785257
  step 2700/5004: loss=4.114427
  step 2800/5004: loss=4.382767
  step 2900/5004: loss=3.012016
  step 3000/5004: loss=3.884537
  step 3100/5004: loss=4.094605
  step 3200/5004: loss=2.669874
  step 3300/5004: loss=4.715328
  step 3400/5004: loss=2.949768
  step 3500/5004: loss=3.840591
  step 3600/5004: loss=4.283643
  step 3700/5004: loss=4.133164
  step 3800/5004: loss=3.855336
  step 3900/5004: loss=3.561097
  step 4000/5004: loss=4.083756
  step 4100/5004: loss=4.014336
  step 4200/5004: loss=3.762561
  step 4300/5004: loss=4.522564
  step 4400/5004: loss=4.438627
  step 4500/5004: loss=3.271084
  step 4600/5004: loss=3.787666
  step 4700/5004: loss=4.235226
  step 4800/5004: loss=3.249961
  step 4900/5004: loss=3.966069
  step 5000/5004: loss=4.141688
[pjrt_ffi] RESIDENT: @convnextin_fwd holds 182 parameter tensors (109.1 MB) on 4 devices; they stop crossing PCIe from here
Epoch 60/300: loss=3.761725 lr=0.000238
  epoch 60: test_acc = 36753/50000 = 73.506000%  top5 = 45993/50000 = 91.986000%  [95% CI 73.12–73.89]
WARNING: All log messages before absl::InitializeLog() is called are written to STDERR
I0000 00:00:1789807642.183773  303502 port.cc:153] oneDNN custom operations are on. You may see slightly different numerical results due to floating-point round-off errors from different computation orders. To turn them off, set the environment variable `TF_ENABLE_ONEDNN_OPTS=0`.
I0000 00:00:1789807642.213210  303502 cpu_feature_guard.cc:227] This TensorFlow binary is optimized to use available CPU instructions in performance-critical operations.
To enable the following instructions: AVX2 AVX512F AVX512_VNNI AVX512_BF16 AVX512_FP16 AVX_VNNI AMX_TILE AMX_INT8 AMX_BF16 FMA, in other operations, rebuild TensorFlow with the appropriate compiler flags.
WARNING: All log messages before absl::InitializeLog() is called are written to STDERR
I0000 00:00:1789807643.637111  303502 port.cc:153] oneDNN custom operations are on. You may see slightly different numerical results due to floating-point round-off errors from different computation orders. To turn them off, set the environment variable `TF_ENABLE_ONEDNN_OPTS=0`.
  imagenet shim: jax/.lake/build/generated_convnext_tiny_imagenet_shim.py — train split, batch 256, 150528 floats/img (seed 26), wire v4 soft targets [256x1000]
  ▸ shim respawn: producer 1 of 4 replaced after epoch 60 (generation 6, seed 26)
  step 0/5004: loss=4.014905
I0000 00:00:1789807645.932457  303610 tf_record_dataset_op.cc:396] The default buffer size is 262144, which is overridden by the user specified `buffer_size` of 8388608
  step 1/5004: loss=3.913098
  step 2/5004: loss=2.360186
  step 100/5004: loss=4.055226
  step 200/5004: loss=2.755430
  step 300/5004: loss=3.550354
  step 400/5004: loss=4.578323
  step 500/5004: loss=3.936039
  step 600/5004: loss=4.369383
  step 700/5004: loss=2.964488
  step 800/5004: loss=4.659602
  step 900/5004: loss=4.260386
  step 1000/5004: loss=4.159376
  step 1100/5004: loss=3.637441
  step 1200/5004: loss=4.789590
  step 1300/5004: loss=4.238266
  step 1400/5004: loss=3.871075
  step 1500/5004: loss=3.914278
  step 1600/5004: loss=2.972457
  step 1700/5004: loss=4.146957
  step 1800/5004: loss=4.253015
  step 1900/5004: loss=4.233951
  step 2000/5004: loss=3.596823
  step 2100/5004: loss=4.485854
  step 2200/5004: loss=4.192308
  step 2300/5004: loss=4.038898
  step 2400/5004: loss=4.402483
  step 2500/5004: loss=3.433329
  step 2600/5004: loss=3.291995
  step 2700/5004: loss=4.031418
  step 2800/5004: loss=4.597181
  step 2900/5004: loss=3.976335
  step 3000/5004: loss=4.286792
  step 3100/5004: loss=3.066068
  step 3200/5004: loss=3.468571
  step 3300/5004: loss=4.173509
  step 3400/5004: loss=4.334749
  step 3500/5004: loss=3.795413
  step 3600/5004: loss=4.366202
  step 3700/5004: loss=3.958814
  step 3800/5004: loss=4.490324
  step 3900/5004: loss=4.011178
  step 4000/5004: loss=4.017475
  step 4100/5004: loss=3.860279
  step 4200/5004: loss=4.443840
  step 4300/5004: loss=3.799920
  step 4400/5004: loss=4.391808
  step 4500/5004: loss=3.953838
  step 4600/5004: loss=2.839668
  step 4700/5004: loss=3.086435
  step 4800/5004: loss=4.014491
  step 4900/5004: loss=4.016561
  step 5000/5004: loss=4.659294
[pjrt_ffi] RESIDENT: @convnextin_fwd holds 182 parameter tensors (109.1 MB) on 4 devices; they stop crossing PCIe from here
Epoch 61/300: loss=3.754989 lr=0.000237
  epoch 61: test_acc = 36646/50000 = 73.292000%  top5 = 45895/50000 = 91.790000%  [95% CI 72.90–73.68]
  step 0/5004: loss=4.179544
  step 1/5004: loss=4.383949
  step 2/5004: loss=3.336588
  step 100/5004: loss=4.602569
  step 200/5004: loss=3.739915
  step 300/5004: loss=4.596182
  step 400/5004: loss=3.089137
  step 500/5004: loss=2.297527
  step 600/5004: loss=3.375982
  step 700/5004: loss=3.758299
  step 800/5004: loss=3.772061
  step 900/5004: loss=3.879073
  step 1000/5004: loss=3.379102
  step 1100/5004: loss=4.746648
  step 1200/5004: loss=4.035395
  step 1300/5004: loss=2.869550
  step 1400/5004: loss=3.224371
  step 1500/5004: loss=3.322410
  step 1600/5004: loss=3.597941
  step 1700/5004: loss=3.297980
  step 1800/5004: loss=3.930766
  step 1900/5004: loss=4.640791
  step 2000/5004: loss=2.948359
  step 2100/5004: loss=2.668302
  step 2200/5004: loss=2.478163
  step 2300/5004: loss=4.453620
  step 2400/5004: loss=4.268425
  step 2500/5004: loss=4.074378
  step 2600/5004: loss=4.040795
  step 2700/5004: loss=4.228435
  step 2800/5004: loss=4.286223
  step 2900/5004: loss=4.236656
  step 3000/5004: loss=3.895136
  step 3100/5004: loss=4.577240
  step 3200/5004: loss=3.926376
  step 3300/5004: loss=2.542641
  step 3400/5004: loss=3.686362
  step 3500/5004: loss=4.418145
  step 3600/5004: loss=4.105703
  step 3700/5004: loss=3.085043
  step 3800/5004: loss=3.280787
  step 3900/5004: loss=4.475724
  step 4000/5004: loss=4.115889
  step 4100/5004: loss=2.626912
  step 4200/5004: loss=3.112190
  step 4300/5004: loss=4.470186
  step 4400/5004: loss=3.648092
  step 4500/5004: loss=2.430754
  step 4600/5004: loss=3.493899
  step 4700/5004: loss=2.459798
  step 4800/5004: loss=3.675521
  step 4900/5004: loss=3.408977
  step 5000/5004: loss=3.034736
[pjrt_ffi] RESIDENT: @convnextin_fwd holds 182 parameter tensors (109.1 MB) on 4 devices; they stop crossing PCIe from here
Epoch 62/300: loss=3.754273 lr=0.000236
  epoch 62: test_acc = 36919/50000 = 73.838000%  top5 = 45980/50000 = 91.960000%  [95% CI 73.45–74.22]
  step 0/5004: loss=3.607072
  step 1/5004: loss=4.101504
  step 2/5004: loss=3.009505
  step 100/5004: loss=4.019168
  step 200/5004: loss=3.709329
  step 300/5004: loss=3.726764
  step 400/5004: loss=4.433042
  step 500/5004: loss=4.078095
  step 600/5004: loss=3.786520
  step 700/5004: loss=3.806376
  step 800/5004: loss=4.467901
  step 900/5004: loss=3.873595
  step 1000/5004: loss=4.087245
  step 1100/5004: loss=4.618188
  step 1200/5004: loss=4.263222
  step 1300/5004: loss=3.556728
  step 1400/5004: loss=4.091733
  step 1500/5004: loss=3.506999
  step 1600/5004: loss=3.019769
  step 1700/5004: loss=3.950454
  step 1800/5004: loss=3.974728
  step 1900/5004: loss=2.717301
  step 2000/5004: loss=2.471479
  step 2100/5004: loss=3.941265
  step 2200/5004: loss=3.008089
  step 2300/5004: loss=3.895225
  step 2400/5004: loss=4.570690
  step 2500/5004: loss=3.972828
  step 2600/5004: loss=4.082863
  step 2700/5004: loss=3.968762
  step 2800/5004: loss=4.233456
  step 2900/5004: loss=3.498352
  step 3000/5004: loss=3.505596
  step 3100/5004: loss=4.262484
  step 3200/5004: loss=2.488717
  step 3300/5004: loss=4.336385
  step 3400/5004: loss=3.360238
  step 3500/5004: loss=4.199059
  step 3600/5004: loss=3.754074
  step 3700/5004: loss=4.041302
  step 3800/5004: loss=2.715363
  step 3900/5004: loss=3.762278
  step 4000/5004: loss=3.480618
  step 4100/5004: loss=3.520559
  step 4200/5004: loss=3.111722
  step 4300/5004: loss=3.287691
  step 4400/5004: loss=4.350475
  step 4500/5004: loss=3.818717
  step 4600/5004: loss=4.369539
  step 4700/5004: loss=4.204171
  step 4800/5004: loss=3.518785
  step 4900/5004: loss=4.192011
  step 5000/5004: loss=3.000523
[pjrt_ffi] RESIDENT: @convnextin_fwd holds 182 parameter tensors (109.1 MB) on 4 devices; they stop crossing PCIe from here
Epoch 63/300: loss=3.748020 lr=0.000236
  epoch 63: test_acc = 36802/50000 = 73.604000%  top5 = 45943/50000 = 91.886000%  [95% CI 73.22–73.99]
  step 0/5004: loss=3.744128
  step 1/5004: loss=3.405965
  step 2/5004: loss=3.889855
  step 100/5004: loss=3.142365
  step 200/5004: loss=4.193548
  step 300/5004: loss=3.260763
  step 400/5004: loss=4.316965
  step 500/5004: loss=4.448208
  step 600/5004: loss=3.937270
  step 700/5004: loss=2.842488
  step 800/5004: loss=3.662706
  step 900/5004: loss=3.189607
  step 1000/5004: loss=4.385251
  step 1100/5004: loss=4.255265
  step 1200/5004: loss=3.809247
  step 1300/5004: loss=4.695487
  step 1400/5004: loss=4.038153
  step 1500/5004: loss=4.200068
  step 1600/5004: loss=3.374658
  step 1700/5004: loss=4.225110
  step 1800/5004: loss=4.385857
  step 1900/5004: loss=3.483067
  step 2000/5004: loss=3.794396
  step 2100/5004: loss=4.099907
  step 2200/5004: loss=3.555312
  step 2300/5004: loss=4.243455
  step 2400/5004: loss=3.456367
  step 2500/5004: loss=4.163866
  step 2600/5004: loss=3.728257
  step 2700/5004: loss=4.144744
  step 2800/5004: loss=3.419881
  step 2900/5004: loss=2.356802
  step 3000/5004: loss=4.195819
  step 3100/5004: loss=2.241947
  step 3200/5004: loss=3.244618
  step 3300/5004: loss=3.619642
  step 3400/5004: loss=3.845603
  step 3500/5004: loss=3.297215
  step 3600/5004: loss=4.109429
  step 3700/5004: loss=3.643336
  step 3800/5004: loss=3.847264
  step 3900/5004: loss=2.695265
  step 4000/5004: loss=3.377671
  step 4100/5004: loss=3.777986
  step 4200/5004: loss=3.255819
  step 4300/5004: loss=4.057976
  step 4400/5004: loss=3.716613
  step 4500/5004: loss=4.407885
  step 4600/5004: loss=4.070864
  step 4700/5004: loss=4.369619
  step 4800/5004: loss=3.567090
  step 4900/5004: loss=2.744745
  step 5000/5004: loss=3.193298
[pjrt_ffi] RESIDENT: @convnextin_fwd holds 182 parameter tensors (109.1 MB) on 4 devices; they stop crossing PCIe from here
Epoch 64/300: loss=3.720148 lr=0.000235
  epoch 64: test_acc = 36990/50000 = 73.980000%  top5 = 46057/50000 = 92.114000%  [95% CI 73.59–74.36]
  step 0/5004: loss=3.957524
  step 1/5004: loss=3.128343
  step 2/5004: loss=4.202956
  step 100/5004: loss=3.896987
  step 200/5004: loss=3.754994
  step 300/5004: loss=2.726376
  step 400/5004: loss=2.226496
  step 500/5004: loss=3.509047
  step 600/5004: loss=4.378483
  step 700/5004: loss=2.426469
  step 800/5004: loss=4.596687
  step 900/5004: loss=4.095523
  step 1000/5004: loss=4.577531
  step 1100/5004: loss=3.647656
  step 1200/5004: loss=4.198802
  step 1300/5004: loss=4.110601
  step 1400/5004: loss=4.392452
  step 1500/5004: loss=4.205215
  step 1600/5004: loss=3.926272
  step 1700/5004: loss=2.919941
  step 1800/5004: loss=4.347457
  step 1900/5004: loss=3.634762
  step 2000/5004: loss=3.113705
  step 2100/5004: loss=4.210292
  step 2200/5004: loss=4.323339
  step 2300/5004: loss=3.873072
  step 2400/5004: loss=4.147653
  step 2500/5004: loss=3.860596
  step 2600/5004: loss=3.519964
  step 2700/5004: loss=3.832852
  step 2800/5004: loss=3.451355
  step 2900/5004: loss=3.541112
  step 3000/5004: loss=2.542192
  step 3100/5004: loss=3.833215
  step 3200/5004: loss=2.930779
  step 3300/5004: loss=3.863831
  step 3400/5004: loss=4.356247
  step 3500/5004: loss=4.314058
  step 3600/5004: loss=3.850478
  step 3700/5004: loss=3.020832
  step 3800/5004: loss=2.543334
  step 3900/5004: loss=3.720742
  step 4000/5004: loss=4.503808
  step 4100/5004: loss=3.073370
  step 4200/5004: loss=4.116770
  step 4300/5004: loss=3.949263
  step 4400/5004: loss=4.261879
  step 4500/5004: loss=4.180795
  step 4600/5004: loss=3.734513
  step 4700/5004: loss=3.828899
  step 4800/5004: loss=4.359263
  step 4900/5004: loss=3.724405
  step 5000/5004: loss=4.369651
[pjrt_ffi] RESIDENT: @convnextin_fwd holds 182 parameter tensors (109.1 MB) on 4 devices; they stop crossing PCIe from here
Epoch 65/300: loss=3.726684 lr=0.000234
  epoch 65: test_acc = 36887/50000 = 73.774000%  top5 = 46015/50000 = 92.030000%  [95% CI 73.39–74.16]
  step 0/5004: loss=3.810831
  step 1/5004: loss=4.117482
  step 2/5004: loss=2.883635
  step 100/5004: loss=3.942540
  step 200/5004: loss=3.872241
  step 300/5004: loss=3.901965
  step 400/5004: loss=3.968436
  step 500/5004: loss=3.974211
  step 600/5004: loss=4.055300
  step 700/5004: loss=4.368773
  step 800/5004: loss=3.648658
  step 900/5004: loss=3.518823
  step 1000/5004: loss=3.840189
  step 1100/5004: loss=4.533297
  step 1200/5004: loss=2.898488
  step 1300/5004: loss=4.456779
  step 1400/5004: loss=4.023537
  step 1500/5004: loss=4.519864
  step 1600/5004: loss=4.165668
  step 1700/5004: loss=2.241539
  step 1800/5004: loss=4.081021
  step 1900/5004: loss=3.093990
  step 2000/5004: loss=3.899151
  step 2100/5004: loss=3.831097
  step 2200/5004: loss=4.052603
  step 2300/5004: loss=3.107703
  step 2400/5004: loss=3.981404
  step 2500/5004: loss=4.134663
  step 2600/5004: loss=3.713331
  step 2700/5004: loss=4.677254
  step 2800/5004: loss=3.341063
  step 2900/5004: loss=3.892157
  step 3000/5004: loss=3.087801
  step 3100/5004: loss=4.434620
  step 3200/5004: loss=4.000161
  step 3300/5004: loss=3.719139
  step 3400/5004: loss=2.898767
  step 3500/5004: loss=3.725004
  step 3600/5004: loss=3.972759
  step 3700/5004: loss=3.715823
  step 3800/5004: loss=4.093140
  step 3900/5004: loss=3.518792
  step 4000/5004: loss=3.659698
  step 4100/5004: loss=3.857204
  step 4200/5004: loss=3.983842
  step 4300/5004: loss=3.823781
  step 4400/5004: loss=3.554592
  step 4500/5004: loss=4.291597
  step 4600/5004: loss=3.287707
  step 4700/5004: loss=3.938489
  step 4800/5004: loss=2.706306
  step 4900/5004: loss=2.496197
  step 5000/5004: loss=3.895586
[pjrt_ffi] RESIDENT: @convnextin_fwd holds 182 parameter tensors (109.1 MB) on 4 devices; they stop crossing PCIe from here
Epoch 66/300: loss=3.717689 lr=0.000234
  epoch 66: test_acc = 36912/50000 = 73.824000%  top5 = 46069/50000 = 92.138000%  [95% CI 73.44–74.21]
  step 0/5004: loss=2.980343
  step 1/5004: loss=3.485996
  step 2/5004: loss=3.807833
  step 100/5004: loss=3.916225
  step 200/5004: loss=2.958418
  step 300/5004: loss=3.953505
  step 400/5004: loss=3.852574
  step 500/5004: loss=3.929684
  step 600/5004: loss=4.255673
  step 700/5004: loss=3.470183
  step 800/5004: loss=4.537924
  step 900/5004: loss=4.042320
  step 1000/5004: loss=4.655970
  step 1100/5004: loss=3.577520
  step 1200/5004: loss=4.044571
  step 1300/5004: loss=3.815608
  step 1400/5004: loss=3.977562
  step 1500/5004: loss=3.848874
  step 1600/5004: loss=3.133879
  step 1700/5004: loss=4.168636
  step 1800/5004: loss=3.648935
  step 1900/5004: loss=3.890524
  step 2000/5004: loss=2.911410
  step 2100/5004: loss=3.975734
  step 2200/5004: loss=3.895296
  step 2300/5004: loss=3.683743
  step 2400/5004: loss=3.862806
  step 2500/5004: loss=4.138680
  step 2600/5004: loss=4.108030
  step 2700/5004: loss=3.734266
  step 2800/5004: loss=4.637731
  step 2900/5004: loss=4.191506
  step 3000/5004: loss=4.542051
  step 3100/5004: loss=3.339560
  step 3200/5004: loss=2.483106
  step 3300/5004: loss=3.658180
  step 3400/5004: loss=3.222351
  step 3500/5004: loss=3.951273
  step 3600/5004: loss=4.184638
  step 3700/5004: loss=3.943396
  step 3800/5004: loss=2.807572
  step 3900/5004: loss=4.082234
  step 4000/5004: loss=4.602928
  step 4100/5004: loss=4.008379
  step 4200/5004: loss=4.064351
  step 4300/5004: loss=3.558887
  step 4400/5004: loss=4.835893
  step 4500/5004: loss=3.083257
  step 4600/5004: loss=2.670404
  step 4700/5004: loss=2.406505
  step 4800/5004: loss=4.681485
  step 4900/5004: loss=4.392617
  step 5000/5004: loss=3.132441
[pjrt_ffi] RESIDENT: @convnextin_fwd holds 182 parameter tensors (109.1 MB) on 4 devices; they stop crossing PCIe from here
Epoch 67/300: loss=3.702731 lr=0.000233
  epoch 67: test_acc = 36929/50000 = 73.858000%  top5 = 45993/50000 = 91.986000%  [95% CI 73.47–74.24]
  step 0/5004: loss=4.182898
  step 1/5004: loss=3.441709
  step 2/5004: loss=3.933952
  step 100/5004: loss=2.314338
  step 200/5004: loss=3.700183
  step 300/5004: loss=4.077665
  step 400/5004: loss=2.644004
  step 500/5004: loss=2.739176
  step 600/5004: loss=3.943038
  step 700/5004: loss=3.577791
  step 800/5004: loss=4.210367
  step 900/5004: loss=4.231310
  step 1000/5004: loss=3.837368
  step 1100/5004: loss=4.706029
  step 1200/5004: loss=4.156081
  step 1300/5004: loss=3.604334
  step 1400/5004: loss=3.774954
  step 1500/5004: loss=3.343204
  step 1600/5004: loss=3.208217
  step 1700/5004: loss=3.352600
  step 1800/5004: loss=3.982106
  step 1900/5004: loss=3.526748
  step 2000/5004: loss=3.990392
  step 2100/5004: loss=2.185388
  step 2200/5004: loss=3.253091
  step 2300/5004: loss=4.513927
  step 2400/5004: loss=3.863970
  step 2500/5004: loss=4.628580
  step 2600/5004: loss=4.076460
  step 2700/5004: loss=4.423361
  step 2800/5004: loss=4.132031
  step 2900/5004: loss=4.068298
  step 3000/5004: loss=3.905543
  step 3100/5004: loss=4.342138
  step 3200/5004: loss=2.791660
  step 3300/5004: loss=2.956386
  step 3400/5004: loss=3.842713
  step 3500/5004: loss=3.091660
  step 3600/5004: loss=3.461376
  step 3700/5004: loss=4.719614
  step 3800/5004: loss=3.796036
  step 3900/5004: loss=3.514206
  step 4000/5004: loss=4.207809
  step 4100/5004: loss=4.450906
  step 4200/5004: loss=4.059729
  step 4300/5004: loss=3.475715
  step 4400/5004: loss=3.713582
  step 4500/5004: loss=3.864687
  step 4600/5004: loss=3.015412
  step 4700/5004: loss=4.287893
  step 4800/5004: loss=3.960383
  step 4900/5004: loss=4.681417
  step 5000/5004: loss=4.048545
[pjrt_ffi] RESIDENT: @convnextin_fwd holds 182 parameter tensors (109.1 MB) on 4 devices; they stop crossing PCIe from here
Epoch 68/300: loss=3.712558 lr=0.000232
  epoch 68: test_acc = 36980/50000 = 73.960000%  top5 = 46074/50000 = 92.148000%  [95% CI 73.57–74.34]
  step 0/5004: loss=3.906320
  step 1/5004: loss=4.185835
  step 2/5004: loss=3.867507
  step 100/5004: loss=3.380633
  step 200/5004: loss=3.148364
  step 300/5004: loss=3.385602
  step 400/5004: loss=2.559560
  step 500/5004: loss=3.613905
  step 600/5004: loss=3.740444
  step 700/5004: loss=4.034010
  step 800/5004: loss=4.294967
  step 900/5004: loss=4.014200
  step 1000/5004: loss=3.657807
  step 1100/5004: loss=3.954737
  step 1200/5004: loss=2.583884
  step 1300/5004: loss=3.615333
  step 1400/5004: loss=3.460978
  step 1500/5004: loss=4.231470
  step 1600/5004: loss=2.778090
  step 1700/5004: loss=4.132642
  step 1800/5004: loss=2.835447
  step 1900/5004: loss=2.909599
  step 2000/5004: loss=3.339792
  step 2100/5004: loss=4.359839
  step 2200/5004: loss=2.609599
  step 2300/5004: loss=3.747180
  step 2400/5004: loss=4.451843
  step 2500/5004: loss=3.558994
  step 2600/5004: loss=3.621745
  step 2700/5004: loss=2.529649
  step 2800/5004: loss=4.041361
  step 2900/5004: loss=3.985642
  step 3000/5004: loss=4.462660
  step 3100/5004: loss=3.836538
  step 3200/5004: loss=4.056391
  step 3300/5004: loss=4.018217
  step 3400/5004: loss=4.471486
  step 3500/5004: loss=3.656337
  step 3600/5004: loss=3.907840
  step 3700/5004: loss=3.606838
  step 3800/5004: loss=2.833519
  step 3900/5004: loss=3.171915
  step 4000/5004: loss=3.385358
  step 4100/5004: loss=3.945803
  step 4200/5004: loss=3.695939
  step 4300/5004: loss=3.794559
  step 4400/5004: loss=4.499534
  step 4500/5004: loss=3.714186
  step 4600/5004: loss=2.219648
  step 4700/5004: loss=3.818575
  step 4800/5004: loss=4.127357
  step 4900/5004: loss=3.826474
  step 5000/5004: loss=2.689919
[pjrt_ffi] RESIDENT: @convnextin_fwd holds 182 parameter tensors (109.1 MB) on 4 devices; they stop crossing PCIe from here
Epoch 69/300: loss=3.699988 lr=0.000232
  epoch 69: test_acc = 36843/50000 = 73.686000%  top5 = 46044/50000 = 92.088000%  [95% CI 73.30–74.07]
  step 0/5004: loss=2.873254
  step 1/5004: loss=2.898028
  step 2/5004: loss=3.616416
  step 100/5004: loss=3.877680
  step 200/5004: loss=4.162911
  step 300/5004: loss=3.595036
  step 400/5004: loss=3.955541
  step 500/5004: loss=3.878043
  step 600/5004: loss=3.250436
  step 700/5004: loss=2.898783
  step 800/5004: loss=3.724921
  step 900/5004: loss=3.100766
  step 1000/5004: loss=3.598392
  step 1100/5004: loss=3.491220
  step 1200/5004: loss=4.103028
  step 1300/5004: loss=4.345079
  step 1400/5004: loss=3.974211
  step 1500/5004: loss=3.896136
  step 1600/5004: loss=2.937712
  step 1700/5004: loss=4.280881
  step 1800/5004: loss=4.062666
  step 1900/5004: loss=2.916560
  step 2000/5004: loss=4.109696
  step 2100/5004: loss=2.594931
  step 2200/5004: loss=3.044614
  step 2300/5004: loss=4.608841
  step 2400/5004: loss=3.920755
  step 2500/5004: loss=4.615527
  step 2600/5004: loss=3.292017
  step 2700/5004: loss=3.178019
  step 2800/5004: loss=2.675974
  step 2900/5004: loss=3.664996
  step 3000/5004: loss=3.775930
  step 3100/5004: loss=4.169321
  step 3200/5004: loss=4.136052
  step 3300/5004: loss=4.477046
  step 3400/5004: loss=3.763847
  step 3500/5004: loss=3.511849
  step 3600/5004: loss=4.268602
  step 3700/5004: loss=2.944837
  step 3800/5004: loss=3.901906
  step 3900/5004: loss=3.363669
  step 4000/5004: loss=3.891432
  step 4100/5004: loss=4.380682
  step 4200/5004: loss=4.040648
  step 4300/5004: loss=4.591838
  step 4400/5004: loss=4.206123
  step 4500/5004: loss=3.948463
  step 4600/5004: loss=2.571969
  step 4700/5004: loss=2.574195
  step 4800/5004: loss=3.916289
  step 4900/5004: loss=2.811805
  step 5000/5004: loss=3.644108
[pjrt_ffi] RESIDENT: @convnextin_fwd holds 182 parameter tensors (109.1 MB) on 4 devices; they stop crossing PCIe from here
Epoch 70/300: loss=3.697829 lr=0.000231
  epoch 70: test_acc = 37034/50000 = 74.068000%  top5 = 46067/50000 = 92.134000%  [95% CI 73.68–74.45]
WARNING: All log messages before absl::InitializeLog() is called are written to STDERR
I0000 00:00:1789818615.422091  341435 port.cc:153] oneDNN custom operations are on. You may see slightly different numerical results due to floating-point round-off errors from different computation orders. To turn them off, set the environment variable `TF_ENABLE_ONEDNN_OPTS=0`.
I0000 00:00:1789818615.454317  341435 cpu_feature_guard.cc:227] This TensorFlow binary is optimized to use available CPU instructions in performance-critical operations.
To enable the following instructions: AVX2 AVX512F AVX512_VNNI AVX512_BF16 AVX512_FP16 AVX_VNNI AMX_TILE AMX_INT8 AMX_BF16 FMA, in other operations, rebuild TensorFlow with the appropriate compiler flags.
WARNING: All log messages before absl::InitializeLog() is called are written to STDERR
I0000 00:00:1789818617.058184  341435 port.cc:153] oneDNN custom operations are on. You may see slightly different numerical results due to floating-point round-off errors from different computation orders. To turn them off, set the environment variable `TF_ENABLE_ONEDNN_OPTS=0`.
  imagenet shim: jax/.lake/build/generated_convnext_tiny_imagenet_shim.py — train split, batch 256, 150528 floats/img (seed 31), wire v4 soft targets [256x1000]
  ▸ shim respawn: producer 2 of 4 replaced after epoch 70 (generation 7, seed 31)
  step 0/5004: loss=4.403224
  step 1/5004: loss=4.528396
I0000 00:00:1789818619.562425  341545 tf_record_dataset_op.cc:396] The default buffer size is 262144, which is overridden by the user specified `buffer_size` of 8388608
  step 2/5004: loss=2.894678
  step 100/5004: loss=3.416806
  step 200/5004: loss=3.002105
  step 300/5004: loss=2.258199
  step 400/5004: loss=3.659286
  step 500/5004: loss=3.938646
  step 600/5004: loss=2.298024
  step 700/5004: loss=2.765145
  step 800/5004: loss=4.551184
  step 900/5004: loss=3.457020
  step 1000/5004: loss=4.022693
  step 1100/5004: loss=4.203912
  step 1200/5004: loss=4.266105
  step 1300/5004: loss=4.134373
  step 1400/5004: loss=2.737448
  step 1500/5004: loss=4.029263
  step 1600/5004: loss=3.037117
  step 1700/5004: loss=3.892642
  step 1800/5004: loss=3.234547
  step 1900/5004: loss=3.095559
  step 2000/5004: loss=4.233285
  step 2100/5004: loss=3.262727
  step 2200/5004: loss=4.250736
  step 2300/5004: loss=3.702809
  step 2400/5004: loss=3.796191
  step 2500/5004: loss=3.895234
  step 2600/5004: loss=4.077628
  step 2700/5004: loss=2.883981
  step 2800/5004: loss=2.562420
  step 2900/5004: loss=3.611524
  step 3000/5004: loss=2.681258
  step 3100/5004: loss=3.929584
  step 3200/5004: loss=4.601848
  step 3300/5004: loss=4.082295
  step 3400/5004: loss=3.070313
  step 3500/5004: loss=3.003286
  step 3600/5004: loss=2.781017
  step 3700/5004: loss=3.964303
  step 3800/5004: loss=4.062684
  step 3900/5004: loss=2.575819
  step 4000/5004: loss=2.340113
  step 4100/5004: loss=3.409276
  step 4200/5004: loss=3.565037
  step 4300/5004: loss=3.852118
  step 4400/5004: loss=4.763494
  step 4500/5004: loss=4.214773
  step 4600/5004: loss=4.234443
  step 4700/5004: loss=3.858333
  step 4800/5004: loss=3.885652
  step 4900/5004: loss=4.015996
  step 5000/5004: loss=4.300738
[pjrt_ffi] RESIDENT: @convnextin_fwd holds 182 parameter tensors (109.1 MB) on 4 devices; they stop crossing PCIe from here
Epoch 71/300: loss=3.699532 lr=0.000230
  epoch 71: test_acc = 37039/50000 = 74.078000%  top5 = 46060/50000 = 92.120000%  [95% CI 73.69–74.46]
  step 0/5004: loss=4.239083
  step 1/5004: loss=4.366313
  step 2/5004: loss=4.070913
  step 100/5004: loss=4.666143
  step 200/5004: loss=2.637950
  step 300/5004: loss=3.396647
  step 400/5004: loss=3.490583
  step 500/5004: loss=3.208362
  step 600/5004: loss=4.167256
  step 700/5004: loss=4.748919
  step 800/5004: loss=3.670507
  step 900/5004: loss=3.817399
  step 1000/5004: loss=2.682814
  step 1100/5004: loss=4.607276
  step 1200/5004: loss=4.044708
  step 1300/5004: loss=4.486317
  step 1400/5004: loss=4.181433
  step 1500/5004: loss=4.589893
  step 1600/5004: loss=3.215958
  step 1700/5004: loss=2.411400
  step 1800/5004: loss=3.772964
  step 1900/5004: loss=3.548426
  step 2000/5004: loss=3.918219
  step 2100/5004: loss=4.134925
  step 2200/5004: loss=3.271915
  step 2300/5004: loss=3.834903
  step 2400/5004: loss=4.058762
  step 2500/5004: loss=2.446811
  step 2600/5004: loss=4.020439
  step 2700/5004: loss=4.370471
  step 2800/5004: loss=3.825853
  step 2900/5004: loss=4.337753
  step 3000/5004: loss=2.591226
  step 3100/5004: loss=4.478146
  step 3200/5004: loss=4.093036
  step 3300/5004: loss=4.136829
  step 3400/5004: loss=2.850710
  step 3500/5004: loss=2.708981
  step 3600/5004: loss=2.192620
  step 3700/5004: loss=3.355016
  step 3800/5004: loss=3.278877
  step 3900/5004: loss=3.239287
  step 4000/5004: loss=4.024312
  step 4100/5004: loss=4.433573
  step 4200/5004: loss=4.110053
  step 4300/5004: loss=4.201901
  step 4400/5004: loss=4.183101
  step 4500/5004: loss=3.985609
  step 4600/5004: loss=4.049627
  step 4700/5004: loss=3.918599
  step 4800/5004: loss=4.252079
  step 4900/5004: loss=4.460283
  step 5000/5004: loss=3.839415
[pjrt_ffi] RESIDENT: @convnextin_fwd holds 182 parameter tensors (109.1 MB) on 4 devices; they stop crossing PCIe from here
Epoch 72/300: loss=3.687826 lr=0.000229
  epoch 72: test_acc = 37025/50000 = 74.050000%  top5 = 46115/50000 = 92.230000%  [95% CI 73.66–74.43]
  step 0/5004: loss=3.676040
  step 1/5004: loss=2.944138
  step 2/5004: loss=2.854193
  step 100/5004: loss=3.814231
  step 200/5004: loss=2.548350
  step 300/5004: loss=3.218933
  step 400/5004: loss=3.624301
  step 500/5004: loss=3.239211
  step 600/5004: loss=4.724058
  step 700/5004: loss=3.894877
  step 800/5004: loss=3.981601
  step 900/5004: loss=3.285616
  step 1000/5004: loss=3.447352
  step 1100/5004: loss=4.052661
  step 1200/5004: loss=3.951268
  step 1300/5004: loss=4.155718
  step 1400/5004: loss=4.340970
  step 1500/5004: loss=4.169204
  step 1600/5004: loss=2.770954
  step 1700/5004: loss=4.002693
  step 1800/5004: loss=4.093328
  step 1900/5004: loss=4.018663
  step 2000/5004: loss=2.973127
  step 2100/5004: loss=2.617106
  step 2200/5004: loss=4.084105
  step 2300/5004: loss=2.660151
  step 2400/5004: loss=2.672592
  step 2500/5004: loss=3.763062
  step 2600/5004: loss=4.378599
  step 2700/5004: loss=3.713078
  step 2800/5004: loss=3.432011
  step 2900/5004: loss=3.477932
  step 3000/5004: loss=3.751019
  step 3100/5004: loss=4.326696
  step 3200/5004: loss=4.066239
  step 3300/5004: loss=3.877271
  step 3400/5004: loss=4.250408
  step 3500/5004: loss=4.071446
  step 3600/5004: loss=2.743177
  step 3700/5004: loss=3.678106
  step 3800/5004: loss=3.220385
  step 3900/5004: loss=3.530732
  step 4000/5004: loss=4.496714
  step 4100/5004: loss=4.270368
  step 4200/5004: loss=4.243755
  step 4300/5004: loss=3.895086
  step 4400/5004: loss=2.162079
  step 4500/5004: loss=3.743596
  step 4600/5004: loss=2.669906
  step 4700/5004: loss=3.992269
  step 4800/5004: loss=3.951808
  step 4900/5004: loss=4.172922
  step 5000/5004: loss=3.585949
[pjrt_ffi] RESIDENT: @convnextin_fwd holds 182 parameter tensors (109.1 MB) on 4 devices; they stop crossing PCIe from here
Epoch 73/300: loss=3.673649 lr=0.000229
  epoch 73: test_acc = 37059/50000 = 74.118000%  top5 = 46133/50000 = 92.266000%  [95% CI 73.73–74.50]
  step 0/5004: loss=3.439390
  step 1/5004: loss=4.020444
  step 2/5004: loss=3.663049
  step 100/5004: loss=4.787652
  step 200/5004: loss=4.070949
  step 300/5004: loss=3.023057
  step 400/5004: loss=3.384728
  step 500/5004: loss=2.743374
  step 600/5004: loss=2.659813
  step 700/5004: loss=3.019287
  step 800/5004: loss=3.950839
  step 900/5004: loss=4.358366
  step 1000/5004: loss=3.364380
  step 1100/5004: loss=3.961849
  step 1200/5004: loss=3.772667
  step 1300/5004: loss=4.462426
  step 1400/5004: loss=3.874685
  step 1500/5004: loss=2.743522
  step 1600/5004: loss=3.219304
  step 1700/5004: loss=2.853557
  step 1800/5004: loss=3.302383
  step 1900/5004: loss=3.600542
  step 2000/5004: loss=3.936557
  step 2100/5004: loss=4.710551
  step 2200/5004: loss=3.853802
  step 2300/5004: loss=2.903561
  step 2400/5004: loss=3.712913
  step 2500/5004: loss=2.884589
  step 2600/5004: loss=2.875258
  step 2700/5004: loss=2.750086
  step 2800/5004: loss=3.927270
  step 2900/5004: loss=3.869765
  step 3000/5004: loss=2.939511
  step 3100/5004: loss=3.514134
  step 3200/5004: loss=3.344439
  step 3300/5004: loss=2.541240
  step 3400/5004: loss=3.794647
  step 3500/5004: loss=4.530977
  step 3600/5004: loss=3.588160
  step 3700/5004: loss=4.432920
  step 3800/5004: loss=3.768534
  step 3900/5004: loss=2.809165
  step 4000/5004: loss=3.391134
  step 4100/5004: loss=4.469548
  step 4200/5004: loss=4.074340
  step 4300/5004: loss=4.244808
  step 4400/5004: loss=4.185140
  step 4500/5004: loss=4.437878
  step 4600/5004: loss=4.082169
  step 4700/5004: loss=3.120108
  step 4800/5004: loss=3.930066
  step 4900/5004: loss=4.462288
  step 5000/5004: loss=3.410404
[pjrt_ffi] RESIDENT: @convnextin_fwd holds 182 parameter tensors (109.1 MB) on 4 devices; they stop crossing PCIe from here
Epoch 74/300: loss=3.679361 lr=0.000228
  epoch 74: test_acc = 37307/50000 = 74.614000%  top5 = 46196/50000 = 92.392000%  [95% CI 74.23–74.99]
  step 0/5004: loss=4.476009
  step 1/5004: loss=3.579769
  step 2/5004: loss=3.456019
  step 100/5004: loss=3.460117
  step 200/5004: loss=2.815687
  step 300/5004: loss=3.341315
  step 400/5004: loss=3.325706
  step 500/5004: loss=4.097452
  step 600/5004: loss=2.961989
  step 700/5004: loss=3.634963
  step 800/5004: loss=3.417419
  step 900/5004: loss=3.121864
  step 1000/5004: loss=2.864253
  step 1100/5004: loss=3.817069
  step 1200/5004: loss=4.748315
  step 1300/5004: loss=3.275523
  step 1400/5004: loss=4.114712
  step 1500/5004: loss=3.921575
  step 1600/5004: loss=4.536659
  step 1700/5004: loss=3.904610
  step 1800/5004: loss=2.358599
  step 1900/5004: loss=3.926925
  step 2000/5004: loss=4.334728
  step 2100/5004: loss=4.313710
  step 2200/5004: loss=3.825773
  step 2300/5004: loss=3.728708
  step 2400/5004: loss=4.525223
  step 2500/5004: loss=3.726834
  step 2600/5004: loss=4.383216
  step 2700/5004: loss=3.907121
  step 2800/5004: loss=3.032782
  step 2900/5004: loss=4.000687
  step 3000/5004: loss=2.349972
  step 3100/5004: loss=3.996310
  step 3200/5004: loss=2.782718
  step 3300/5004: loss=4.425528
  step 3400/5004: loss=2.666897
  step 3500/5004: loss=3.484479
  step 3600/5004: loss=3.459480
  step 3700/5004: loss=3.803542
  step 3800/5004: loss=2.706220
  step 3900/5004: loss=2.605346
  step 4000/5004: loss=4.136431
  step 4100/5004: loss=3.771496
  step 4200/5004: loss=4.338646
  step 4300/5004: loss=3.991533
  step 4400/5004: loss=2.628426
  step 4500/5004: loss=4.048264
  step 4600/5004: loss=2.707456
  step 4700/5004: loss=4.282856
  step 4800/5004: loss=4.133484
  step 4900/5004: loss=2.520393
  step 5000/5004: loss=4.295257
[pjrt_ffi] RESIDENT: @convnextin_fwd holds 182 parameter tensors (109.1 MB) on 4 devices; they stop crossing PCIe from here
Epoch 75/300: loss=3.666971 lr=0.000227
  epoch 75: test_acc = 37134/50000 = 74.268000%  top5 = 46209/50000 = 92.418000%  [95% CI 73.88–74.65]
  step 0/5004: loss=3.343163
  step 1/5004: loss=3.693576
  step 2/5004: loss=3.447362
  step 100/5004: loss=3.857792
  step 200/5004: loss=3.337462
  step 300/5004: loss=3.553342
  step 400/5004: loss=3.797108
  step 500/5004: loss=4.427726
  step 600/5004: loss=3.611812
  step 700/5004: loss=4.361239
  step 800/5004: loss=2.569788
  step 900/5004: loss=4.770031
  step 1000/5004: loss=2.813091
  step 1100/5004: loss=4.112931
  step 1200/5004: loss=3.225739
  step 1300/5004: loss=3.744097
  step 1400/5004: loss=3.129746
  step 1500/5004: loss=4.399816
  step 1600/5004: loss=4.385874
  step 1700/5004: loss=4.035145
  step 1800/5004: loss=3.568726
  step 1900/5004: loss=4.388869
  step 2000/5004: loss=3.274116
  step 2100/5004: loss=3.587180
  step 2200/5004: loss=4.041979
  step 2300/5004: loss=2.486262
  step 2400/5004: loss=2.875703
  step 2500/5004: loss=2.955358
  step 2600/5004: loss=3.048492
  step 2700/5004: loss=4.753373
  step 2800/5004: loss=3.567209
  step 2900/5004: loss=3.509044
  step 3000/5004: loss=4.126266
  step 3100/5004: loss=3.197340
  step 3200/5004: loss=3.430655
  step 3300/5004: loss=4.191297
  step 3400/5004: loss=4.204174
  step 3500/5004: loss=2.967527
  step 3600/5004: loss=4.037570
  step 3700/5004: loss=3.061925
  step 3800/5004: loss=3.786613
  step 3900/5004: loss=4.291402
  step 4000/5004: loss=3.814582
  step 4100/5004: loss=2.757274
  step 4200/5004: loss=3.338608
  step 4300/5004: loss=4.036196
  step 4400/5004: loss=4.096892
  step 4500/5004: loss=4.242135
  step 4600/5004: loss=2.346700
  step 4700/5004: loss=4.172775
  step 4800/5004: loss=4.048822
  step 4900/5004: loss=2.771824
  step 5000/5004: loss=3.708401
[pjrt_ffi] RESIDENT: @convnextin_fwd holds 182 parameter tensors (109.1 MB) on 4 devices; they stop crossing PCIe from here
Epoch 76/300: loss=3.670886 lr=0.000226
  epoch 76: test_acc = 37204/50000 = 74.408000%  top5 = 46205/50000 = 92.410000%  [95% CI 74.02–74.79]
  step 0/5004: loss=3.301664
  step 1/5004: loss=4.301631
  step 2/5004: loss=4.435738
  step 100/5004: loss=4.021903
  step 200/5004: loss=3.810254
  step 300/5004: loss=3.946728
  step 400/5004: loss=4.495222
  step 500/5004: loss=3.902985
  step 600/5004: loss=3.195496
  step 700/5004: loss=3.988683
  step 800/5004: loss=3.398254
  step 900/5004: loss=4.247795
  step 1000/5004: loss=4.252106
  step 1100/5004: loss=4.164538
  step 1200/5004: loss=3.172213
  step 1300/5004: loss=3.723540
  step 1400/5004: loss=3.919987
  step 1500/5004: loss=3.990416
  step 1600/5004: loss=4.216187
  step 1700/5004: loss=4.101417
  step 1800/5004: loss=2.893199
  step 1900/5004: loss=3.444868
  step 2000/5004: loss=2.499513
  step 2100/5004: loss=4.054529
  step 2200/5004: loss=4.040416
  step 2300/5004: loss=3.593995
  step 2400/5004: loss=3.066783
  step 2500/5004: loss=3.986593
  step 2600/5004: loss=2.450671
  step 2700/5004: loss=3.026690
  step 2800/5004: loss=4.285486
  step 2900/5004: loss=3.787071
  step 3000/5004: loss=3.437329
  step 3100/5004: loss=3.670635
  step 3200/5004: loss=3.362114
  step 3300/5004: loss=3.907398
  step 3400/5004: loss=4.027359
  step 3500/5004: loss=3.020028
  step 3600/5004: loss=3.839690
  step 3700/5004: loss=3.607447
  step 3800/5004: loss=3.252987
  step 3900/5004: loss=3.757890
  step 4000/5004: loss=4.178957
  step 4100/5004: loss=4.157927
  step 4200/5004: loss=4.403625
  step 4300/5004: loss=4.238245
  step 4400/5004: loss=4.229205
  step 4500/5004: loss=4.137250
  step 4600/5004: loss=3.938260
  step 4700/5004: loss=4.156757
  step 4800/5004: loss=4.411139
  step 4900/5004: loss=3.363503
  step 5000/5004: loss=2.661824
[pjrt_ffi] RESIDENT: @convnextin_fwd holds 182 parameter tensors (109.1 MB) on 4 devices; they stop crossing PCIe from here
Epoch 77/300: loss=3.661268 lr=0.000225
  epoch 77: test_acc = 37336/50000 = 74.672000%  top5 = 46281/50000 = 92.562000%  [95% CI 74.29–75.05]
  step 0/5004: loss=3.587268
  step 1/5004: loss=3.302233
  step 2/5004: loss=3.732340
  step 100/5004: loss=4.514241
  step 200/5004: loss=3.790374
  step 300/5004: loss=4.286729
  step 400/5004: loss=4.380053
  step 500/5004: loss=4.014963
  step 600/5004: loss=3.986070
  step 700/5004: loss=3.227393
  step 800/5004: loss=3.972861
  step 900/5004: loss=4.149929
  step 1000/5004: loss=4.163149
  step 1100/5004: loss=3.452743
  step 1200/5004: loss=3.688861
  step 1300/5004: loss=4.297137
  step 1400/5004: loss=3.933262
  step 1500/5004: loss=2.422709
  step 1600/5004: loss=3.313764
  step 1700/5004: loss=4.211686
  step 1800/5004: loss=4.320011
  step 1900/5004: loss=3.558057
  step 2000/5004: loss=3.914752
  step 2100/5004: loss=3.986615
  step 2200/5004: loss=3.793885
  step 2300/5004: loss=3.983995
  step 2400/5004: loss=4.271821
  step 2500/5004: loss=4.124918
  step 2600/5004: loss=3.660054
  step 2700/5004: loss=3.919095
  step 2800/5004: loss=3.653434
  step 2900/5004: loss=2.808141
  step 3000/5004: loss=3.953545
  step 3100/5004: loss=4.136576
  step 3200/5004: loss=3.483592
  step 3300/5004: loss=3.060176
  step 3400/5004: loss=3.902501
  step 3500/5004: loss=3.725587
  step 3600/5004: loss=3.204176
  step 3700/5004: loss=3.111458
  step 3800/5004: loss=3.807297
  step 3900/5004: loss=4.211378
  step 4000/5004: loss=3.669745
  step 4100/5004: loss=3.140368
  step 4200/5004: loss=2.584486
  step 4300/5004: loss=4.406918
  step 4400/5004: loss=4.361980
  step 4500/5004: loss=3.458462
  step 4600/5004: loss=3.802342
  step 4700/5004: loss=3.577871
  step 4800/5004: loss=2.699608
  step 4900/5004: loss=3.320614
  step 5000/5004: loss=3.713704
[pjrt_ffi] RESIDENT: @convnextin_fwd holds 182 parameter tensors (109.1 MB) on 4 devices; they stop crossing PCIe from here
Epoch 78/300: loss=3.665782 lr=0.000224
  epoch 78: test_acc = 37364/50000 = 74.728000%  top5 = 46316/50000 = 92.632000%  [95% CI 74.35–75.11]
  step 0/5004: loss=3.117249
  step 1/5004: loss=3.958802
  step 2/5004: loss=4.194753
  step 100/5004: loss=4.329914
  step 200/5004: loss=2.569610
  step 300/5004: loss=3.311023
  step 400/5004: loss=3.283793
  step 500/5004: loss=2.800245
  step 600/5004: loss=4.140292
  step 700/5004: loss=3.687366
  step 800/5004: loss=4.037971
  step 900/5004: loss=4.262721
  step 1000/5004: loss=2.996414
  step 1100/5004: loss=3.001145
  step 1200/5004: loss=2.625814
  step 1300/5004: loss=4.085215
  step 1400/5004: loss=4.462913
  step 1500/5004: loss=4.280571
  step 1600/5004: loss=4.389009
  step 1700/5004: loss=4.013755
  step 1800/5004: loss=2.833799
  step 1900/5004: loss=3.995123
  step 2000/5004: loss=4.568955
  step 2100/5004: loss=3.172708
  step 2200/5004: loss=3.415694
  step 2300/5004: loss=3.896716
  step 2400/5004: loss=4.151863
  step 2500/5004: loss=4.072622
  step 2600/5004: loss=3.527780
  step 2700/5004: loss=3.585399
  step 2800/5004: loss=3.688657
  step 2900/5004: loss=3.168806
  step 3000/5004: loss=4.266957
  step 3100/5004: loss=3.213365
  step 3200/5004: loss=3.348160
  step 3300/5004: loss=3.757266
  step 3400/5004: loss=2.822123
  step 3500/5004: loss=3.427037
  step 3600/5004: loss=2.400710
  step 3700/5004: loss=3.158275
  step 3800/5004: loss=3.333957
  step 3900/5004: loss=4.030468
  step 4000/5004: loss=3.471548
  step 4100/5004: loss=2.921458
  step 4200/5004: loss=2.420476
  step 4300/5004: loss=3.633299
  step 4400/5004: loss=2.430983
  step 4500/5004: loss=4.384299
  step 4600/5004: loss=2.619375
  step 4700/5004: loss=3.235914
  step 4800/5004: loss=2.558910
  step 4900/5004: loss=3.927338
  step 5000/5004: loss=4.269252
[pjrt_ffi] RESIDENT: @convnextin_fwd holds 182 parameter tensors (109.1 MB) on 4 devices; they stop crossing PCIe from here
Epoch 79/300: loss=3.660134 lr=0.000224
  epoch 79: test_acc = 37362/50000 = 74.724000%  top5 = 46306/50000 = 92.612000%  [95% CI 74.34–75.10]
  step 0/5004: loss=3.110828
  step 1/5004: loss=3.851728
  step 2/5004: loss=3.316931
  step 100/5004: loss=2.839708
  step 200/5004: loss=2.681975
  step 300/5004: loss=2.878856
  step 400/5004: loss=3.570933
  step 500/5004: loss=2.827595
  step 600/5004: loss=3.726542
  step 700/5004: loss=3.912898
  step 800/5004: loss=4.250681
  step 900/5004: loss=4.497387
  step 1000/5004: loss=3.692656
  step 1100/5004: loss=4.284703
  step 1200/5004: loss=3.054805
  step 1300/5004: loss=2.230145
  step 1400/5004: loss=4.150538
  step 1500/5004: loss=3.445910
  step 1600/5004: loss=3.453109
  step 1700/5004: loss=4.129551
  step 1800/5004: loss=3.813613
  step 1900/5004: loss=3.866949
  step 2000/5004: loss=3.831402
  step 2100/5004: loss=3.162236
  step 2200/5004: loss=2.976187
  step 2300/5004: loss=4.550415
  step 2400/5004: loss=3.919074
  step 2500/5004: loss=3.841531
  step 2600/5004: loss=3.803178
  step 2700/5004: loss=3.533197
  step 2800/5004: loss=2.645747
  step 2900/5004: loss=4.071692
  step 3000/5004: loss=3.144765
  step 3100/5004: loss=3.302804
  step 3200/5004: loss=3.831082
  step 3300/5004: loss=4.334980
  step 3400/5004: loss=3.323204
  step 3500/5004: loss=2.638704
  step 3600/5004: loss=3.998169
  step 3700/5004: loss=4.490238
  step 3800/5004: loss=3.165609
  step 3900/5004: loss=4.410192
  step 4000/5004: loss=3.871098
  step 4100/5004: loss=2.789792
  step 4200/5004: loss=3.698744
  step 4300/5004: loss=2.999677
  step 4400/5004: loss=3.079695
  step 4500/5004: loss=3.994776
  step 4600/5004: loss=3.870559
  step 4700/5004: loss=3.904067
  step 4800/5004: loss=3.755142
  step 4900/5004: loss=3.943853
  step 5000/5004: loss=3.835519
[pjrt_ffi] RESIDENT: @convnextin_fwd holds 182 parameter tensors (109.1 MB) on 4 devices; they stop crossing PCIe from here
Epoch 80/300: loss=3.653413 lr=0.000223
  epoch 80: test_acc = 37303/50000 = 74.606000%  top5 = 46316/50000 = 92.632000%  [95% CI 74.22–74.99]
WARNING: All log messages before absl::InitializeLog() is called are written to STDERR
I0000 00:00:1789829548.201190  379793 port.cc:153] oneDNN custom operations are on. You may see slightly different numerical results due to floating-point round-off errors from different computation orders. To turn them off, set the environment variable `TF_ENABLE_ONEDNN_OPTS=0`.
I0000 00:00:1789829548.230496  379793 cpu_feature_guard.cc:227] This TensorFlow binary is optimized to use available CPU instructions in performance-critical operations.
To enable the following instructions: AVX2 AVX512F AVX512_VNNI AVX512_BF16 AVX512_FP16 AVX_VNNI AMX_TILE AMX_INT8 AMX_BF16 FMA, in other operations, rebuild TensorFlow with the appropriate compiler flags.
WARNING: All log messages before absl::InitializeLog() is called are written to STDERR
I0000 00:00:1789829549.690628  379793 port.cc:153] oneDNN custom operations are on. You may see slightly different numerical results due to floating-point round-off errors from different computation orders. To turn them off, set the environment variable `TF_ENABLE_ONEDNN_OPTS=0`.
  imagenet shim: jax/.lake/build/generated_convnext_tiny_imagenet_shim.py — train split, batch 256, 150528 floats/img (seed 36), wire v4 soft targets [256x1000]
  ▸ shim respawn: producer 3 of 4 replaced after epoch 80 (generation 8, seed 36)
  step 0/5004: loss=4.334403
  step 1/5004: loss=2.960992
I0000 00:00:1789829552.070274  379919 tf_record_dataset_op.cc:396] The default buffer size is 262144, which is overridden by the user specified `buffer_size` of 8388608
  step 2/5004: loss=3.695319
  step 100/5004: loss=3.349979
  step 200/5004: loss=3.888313
  step 300/5004: loss=2.442179
  step 400/5004: loss=3.329578
  step 500/5004: loss=4.339972
  step 600/5004: loss=4.500193
  step 700/5004: loss=3.184916
  step 800/5004: loss=3.905687
  step 900/5004: loss=2.859353
  step 1000/5004: loss=3.366994
  step 1100/5004: loss=3.947460
  step 1200/5004: loss=2.397084
  step 1300/5004: loss=3.996609
  step 1400/5004: loss=3.195720
  step 1500/5004: loss=3.957903
  step 1600/5004: loss=4.442633
  step 1700/5004: loss=3.966205
  step 1800/5004: loss=3.934199
  step 1900/5004: loss=4.007921
  step 2000/5004: loss=3.337478
  step 2100/5004: loss=3.522259
  step 2200/5004: loss=2.470766
  step 2300/5004: loss=3.248462
  step 2400/5004: loss=2.189116
  step 2500/5004: loss=3.855591
  step 2600/5004: loss=2.627685
  step 2700/5004: loss=3.806976
  step 2800/5004: loss=4.181540
  step 2900/5004: loss=3.941340
  step 3000/5004: loss=2.908496
  step 3100/5004: loss=3.704426
  step 3200/5004: loss=4.469818
  step 3300/5004: loss=3.069704
  step 3400/5004: loss=4.309808
  step 3500/5004: loss=4.195817
  step 3600/5004: loss=3.445703
  step 3700/5004: loss=3.091038
  step 3800/5004: loss=3.103126
  step 3900/5004: loss=3.667909
  step 4000/5004: loss=2.945193
  step 4100/5004: loss=3.912386
  step 4200/5004: loss=3.456636
  step 4300/5004: loss=3.606044
  step 4400/5004: loss=3.279190
  step 4500/5004: loss=3.490370
  step 4600/5004: loss=4.190098
  step 4700/5004: loss=4.212399
  step 4800/5004: loss=3.909294
  step 4900/5004: loss=3.810400
  step 5000/5004: loss=2.365810
[pjrt_ffi] RESIDENT: @convnextin_fwd holds 182 parameter tensors (109.1 MB) on 4 devices; they stop crossing PCIe from here
Epoch 81/300: loss=3.649767 lr=0.000222
  epoch 81: test_acc = 37468/50000 = 74.936000%  top5 = 46300/50000 = 92.600000%  [95% CI 74.55–75.31]
  step 0/5004: loss=4.313140
  step 1/5004: loss=4.099391
  step 2/5004: loss=4.043343
  step 100/5004: loss=3.136251
  step 200/5004: loss=3.890186
  step 300/5004: loss=3.552178
  step 400/5004: loss=3.972229
  step 500/5004: loss=4.561440
  step 600/5004: loss=4.144453
  step 700/5004: loss=4.250048
  step 800/5004: loss=3.965762
  step 900/5004: loss=2.640116
  step 1000/5004: loss=3.671566
  step 1100/5004: loss=3.358371
  step 1200/5004: loss=4.053051
  step 1300/5004: loss=4.008156
  step 1400/5004: loss=3.559689
  step 1500/5004: loss=4.331387
  step 1600/5004: loss=3.798120
  step 1700/5004: loss=3.997702
  step 1800/5004: loss=3.954144
  step 1900/5004: loss=4.497245
  step 2000/5004: loss=2.940158
  step 2100/5004: loss=3.952623
  step 2200/5004: loss=3.200140
  step 2300/5004: loss=2.809760
  step 2400/5004: loss=3.969490
  step 2500/5004: loss=3.845498
  step 2600/5004: loss=3.805306
  step 2700/5004: loss=3.805670
  step 2800/5004: loss=3.618582
  step 2900/5004: loss=4.093665
  step 3000/5004: loss=3.958918
  step 3100/5004: loss=3.734614
  step 3200/5004: loss=3.815872
  step 3300/5004: loss=4.105427
  step 3400/5004: loss=4.092025
  step 3500/5004: loss=3.273503
  step 3600/5004: loss=3.879699
  step 3700/5004: loss=4.245150
  step 3800/5004: loss=3.347340
  step 3900/5004: loss=4.358726
  step 4000/5004: loss=3.479500
  step 4100/5004: loss=4.215083
  step 4200/5004: loss=3.864934
  step 4300/5004: loss=4.166309
  step 4400/5004: loss=3.752938
  step 4500/5004: loss=2.516653
  step 4600/5004: loss=3.393114
  step 4700/5004: loss=3.446408
  step 4800/5004: loss=4.152165
  step 4900/5004: loss=4.184369
  step 5000/5004: loss=3.129794
[pjrt_ffi] RESIDENT: @convnextin_fwd holds 182 parameter tensors (109.1 MB) on 4 devices; they stop crossing PCIe from here
Epoch 82/300: loss=3.636889 lr=0.000221
  epoch 82: test_acc = 37432/50000 = 74.864000%  top5 = 46393/50000 = 92.786000%  [95% CI 74.48–75.24]
  step 0/5004: loss=3.648330
  step 1/5004: loss=2.840615
  step 2/5004: loss=2.719653
  step 100/5004: loss=3.746239
  step 200/5004: loss=2.217413
  step 300/5004: loss=2.814886
  step 400/5004: loss=4.543509
  step 500/5004: loss=3.193921
  step 600/5004: loss=4.259542
  step 700/5004: loss=2.327694
  step 800/5004: loss=4.185747
  step 900/5004: loss=3.989386
  step 1000/5004: loss=4.761408
  step 1100/5004: loss=4.259931
  step 1200/5004: loss=3.557167
  step 1300/5004: loss=3.454107
  step 1400/5004: loss=2.496220
  step 1500/5004: loss=3.202976
  step 1600/5004: loss=3.836905
  step 1700/5004: loss=3.311737
  step 1800/5004: loss=4.187350
  step 1900/5004: loss=3.657692
  step 2000/5004: loss=4.093208
  step 2100/5004: loss=3.863966
  step 2200/5004: loss=3.138608
  step 2300/5004: loss=3.834281
  step 2400/5004: loss=3.781641
  step 2500/5004: loss=3.912237
  step 2600/5004: loss=2.703882
  step 2700/5004: loss=4.097136
  step 2800/5004: loss=3.687940
  step 2900/5004: loss=3.685099
  step 3000/5004: loss=3.840795
  step 3100/5004: loss=3.694225
  step 3200/5004: loss=4.287080
  step 3300/5004: loss=2.387398
  step 3400/5004: loss=3.282737
  step 3500/5004: loss=4.046940
  step 3600/5004: loss=3.918068
  step 3700/5004: loss=4.102113
  step 3800/5004: loss=4.520648
  step 3900/5004: loss=4.049408
  step 4000/5004: loss=3.076873
  step 4100/5004: loss=4.148785
  step 4200/5004: loss=3.375348
  step 4300/5004: loss=3.835077
  step 4400/5004: loss=4.447638
  step 4500/5004: loss=4.028416
  step 4600/5004: loss=4.004080
  step 4700/5004: loss=3.253360
  step 4800/5004: loss=3.997839
  step 4900/5004: loss=3.978732
  step 5000/5004: loss=4.153851
[pjrt_ffi] RESIDENT: @convnextin_fwd holds 182 parameter tensors (109.1 MB) on 4 devices; they stop crossing PCIe from here
Epoch 83/300: loss=3.633135 lr=0.000220
  epoch 83: test_acc = 37342/50000 = 74.684000%  top5 = 46248/50000 = 92.496000%  [95% CI 74.30–75.06]
  step 0/5004: loss=3.710390
  step 1/5004: loss=2.227430
  step 2/5004: loss=3.525593
  step 100/5004: loss=3.307091
  step 200/5004: loss=4.162199
  step 300/5004: loss=4.103965
  step 400/5004: loss=3.843991
  step 500/5004: loss=2.578671
  step 600/5004: loss=3.901069
  step 700/5004: loss=2.244139
  step 800/5004: loss=4.078954
  step 900/5004: loss=4.387782
  step 1000/5004: loss=3.183326
  step 1100/5004: loss=4.565566
  step 1200/5004: loss=3.714932
  step 1300/5004: loss=3.681298
  step 1400/5004: loss=3.636176
  step 1500/5004: loss=4.613954
  step 1600/5004: loss=3.916293
  step 1700/5004: loss=4.297832
  step 1800/5004: loss=3.663448
  step 1900/5004: loss=3.152580
  step 2000/5004: loss=4.017833
  step 2100/5004: loss=2.915277
  step 2200/5004: loss=3.640941
  step 2300/5004: loss=3.591506
  step 2400/5004: loss=4.125888
  step 2500/5004: loss=4.279264
  step 2600/5004: loss=3.371271
  step 2700/5004: loss=4.131951
  step 2800/5004: loss=3.484226
  step 2900/5004: loss=4.465684
  step 3000/5004: loss=3.166738
  step 3100/5004: loss=4.352676
  step 3200/5004: loss=3.629208
  step 3300/5004: loss=4.540699
  step 3400/5004: loss=3.745649
  step 3500/5004: loss=4.687288
  step 3600/5004: loss=3.934855
  step 3700/5004: loss=2.544310
  step 3800/5004: loss=3.799309
  step 3900/5004: loss=4.468924
  step 4000/5004: loss=3.357826
  step 4100/5004: loss=2.835002
  step 4200/5004: loss=3.665092
  step 4300/5004: loss=4.038106
  step 4400/5004: loss=3.934817
  step 4500/5004: loss=4.177505
  step 4600/5004: loss=4.019918
  step 4700/5004: loss=2.537262
  step 4800/5004: loss=4.008356
  step 4900/5004: loss=4.047009
  step 5000/5004: loss=4.074169
[pjrt_ffi] RESIDENT: @convnextin_fwd holds 182 parameter tensors (109.1 MB) on 4 devices; they stop crossing PCIe from here
Epoch 84/300: loss=3.624900 lr=0.000219
  epoch 84: test_acc = 37392/50000 = 74.784000%  top5 = 46307/50000 = 92.614000%  [95% CI 74.40–75.16]
  step 0/5004: loss=2.745247
  step 1/5004: loss=4.311078
  step 2/5004: loss=3.364130
  step 100/5004: loss=3.646771
  step 200/5004: loss=2.437150
  step 300/5004: loss=3.859799
  step 400/5004: loss=4.476735
  step 500/5004: loss=3.858823
  step 600/5004: loss=4.700110
  step 700/5004: loss=2.545900
  step 800/5004: loss=4.431951
  step 900/5004: loss=3.922940
  step 1000/5004: loss=3.838715
  step 1100/5004: loss=3.886931
  step 1200/5004: loss=3.197937
  step 1300/5004: loss=3.344256
  step 1400/5004: loss=4.344007
  step 1500/5004: loss=4.173024
  step 1600/5004: loss=3.768869
  step 1700/5004: loss=3.866597
  step 1800/5004: loss=4.249710
  step 1900/5004: loss=3.319934
  step 2000/5004: loss=2.970056
  step 2100/5004: loss=3.985998
  step 2200/5004: loss=3.373598
  step 2300/5004: loss=3.903550
  step 2400/5004: loss=3.078722
  step 2500/5004: loss=3.870880
  step 2600/5004: loss=4.131416
  step 2700/5004: loss=3.249209
  step 2800/5004: loss=4.584080
  step 2900/5004: loss=3.961927
  step 3000/5004: loss=4.234357
  step 3100/5004: loss=3.223565
  step 3200/5004: loss=4.409882
  step 3300/5004: loss=4.048905
  step 3400/5004: loss=2.639531
  step 3500/5004: loss=4.107099
  step 3600/5004: loss=3.007250
  step 3700/5004: loss=4.103217
  step 3800/5004: loss=2.702486
  step 3900/5004: loss=3.497181
  step 4000/5004: loss=3.744042
  step 4100/5004: loss=3.600278
  step 4200/5004: loss=3.012370
  step 4300/5004: loss=4.015910
  step 4400/5004: loss=3.717970
  step 4500/5004: loss=4.202899
  step 4600/5004: loss=2.940326
  step 4700/5004: loss=3.795109
  step 4800/5004: loss=3.050536
  step 4900/5004: loss=2.244952
  step 5000/5004: loss=4.429452
[pjrt_ffi] RESIDENT: @convnextin_fwd holds 182 parameter tensors (109.1 MB) on 4 devices; they stop crossing PCIe from here
Epoch 85/300: loss=3.627564 lr=0.000218
  epoch 85: test_acc = 37542/50000 = 75.084000%  top5 = 46383/50000 = 92.766000%  [95% CI 74.70–75.46]
  step 0/5004: loss=4.116765
  step 1/5004: loss=3.309589
  step 2/5004: loss=3.983051
  step 100/5004: loss=2.934932
  step 200/5004: loss=4.094462
  step 300/5004: loss=2.964737
  step 400/5004: loss=3.235296
  step 500/5004: loss=4.330480
  step 600/5004: loss=3.896013
  step 700/5004: loss=3.772904
  step 800/5004: loss=3.820772
  step 900/5004: loss=2.785582
  step 1000/5004: loss=3.597934
  step 1100/5004: loss=4.356882
  step 1200/5004: loss=3.953756
  step 1300/5004: loss=2.469992
  step 1400/5004: loss=3.443266
  step 1500/5004: loss=2.449800
  step 1600/5004: loss=4.150552
  step 1700/5004: loss=3.962053
  step 1800/5004: loss=3.418856
  step 1900/5004: loss=4.007147
  step 2000/5004: loss=3.800330
  step 2100/5004: loss=4.499986
  step 2200/5004: loss=3.890499
  step 2300/5004: loss=2.611646
  step 2400/5004: loss=2.847364
  step 2500/5004: loss=4.201626
  step 2600/5004: loss=3.069888
  step 2700/5004: loss=2.880912
  step 2800/5004: loss=3.775578
  step 2900/5004: loss=3.324074
  step 3000/5004: loss=2.708102
  step 3100/5004: loss=3.537340
  step 3200/5004: loss=3.725585
  step 3300/5004: loss=4.398576
  step 3400/5004: loss=2.785734
  step 3500/5004: loss=4.315431
  step 3600/5004: loss=2.964187
  step 3700/5004: loss=4.223875
  step 3800/5004: loss=3.850024
  step 3900/5004: loss=3.729206
  step 4000/5004: loss=3.701555
  step 4100/5004: loss=3.554044
  step 4200/5004: loss=4.066887
  step 4300/5004: loss=4.340250
  step 4400/5004: loss=3.088355
  step 4500/5004: loss=3.789122
  step 4600/5004: loss=3.668871
  step 4700/5004: loss=3.990183
  step 4800/5004: loss=3.483912
  step 4900/5004: loss=3.290488
  step 5000/5004: loss=4.106261
[pjrt_ffi] RESIDENT: @convnextin_fwd holds 182 parameter tensors (109.1 MB) on 4 devices; they stop crossing PCIe from here
Epoch 86/300: loss=3.615921 lr=0.000217
  epoch 86: test_acc = 37390/50000 = 74.780000%  top5 = 46415/50000 = 92.830000%  [95% CI 74.40–75.16]
  step 0/5004: loss=3.174809
  step 1/5004: loss=3.092411
  step 2/5004: loss=4.027819
  step 100/5004: loss=3.804735
  step 200/5004: loss=2.894767
  step 300/5004: loss=4.046813
  step 400/5004: loss=2.397662
  step 500/5004: loss=3.727456
  step 600/5004: loss=2.721066
  step 700/5004: loss=3.320714
  step 800/5004: loss=3.813469
  step 900/5004: loss=3.967665
  step 1000/5004: loss=4.233825
  step 1100/5004: loss=3.894664
  step 1200/5004: loss=3.857288
  step 1300/5004: loss=4.076838
  step 1400/5004: loss=3.559937
  step 1500/5004: loss=3.919349
  step 1600/5004: loss=3.109259
  step 1700/5004: loss=3.868908
  step 1800/5004: loss=3.792871
  step 1900/5004: loss=3.978404
  step 2000/5004: loss=4.074075
  step 2100/5004: loss=3.546467
  step 2200/5004: loss=3.199051
  step 2300/5004: loss=3.737066
  step 2400/5004: loss=3.859560
  step 2500/5004: loss=4.006759
  step 2600/5004: loss=2.605851
  step 2700/5004: loss=3.763380
  step 2800/5004: loss=4.061150
  step 2900/5004: loss=3.591679
  step 3000/5004: loss=3.612326
  step 3100/5004: loss=4.244864
  step 3200/5004: loss=3.526311
  step 3300/5004: loss=3.696403
  step 3400/5004: loss=4.260733
  step 3500/5004: loss=2.773989
  step 3600/5004: loss=3.494937
  step 3700/5004: loss=4.118873
  step 3800/5004: loss=3.713603
  step 3900/5004: loss=3.833608
  step 4000/5004: loss=3.982411
  step 4100/5004: loss=4.044853
  step 4200/5004: loss=2.540300
  step 4300/5004: loss=4.236740
  step 4400/5004: loss=4.297923
  step 4500/5004: loss=3.789735
  step 4600/5004: loss=2.959707
  step 4700/5004: loss=3.676180
  step 4800/5004: loss=3.958639
  step 4900/5004: loss=3.621790
  step 5000/5004: loss=4.587751
[pjrt_ffi] RESIDENT: @convnextin_fwd holds 182 parameter tensors (109.1 MB) on 4 devices; they stop crossing PCIe from here
Epoch 87/300: loss=3.624252 lr=0.000216
  epoch 87: test_acc = 37476/50000 = 74.952000%  top5 = 46365/50000 = 92.730000%  [95% CI 74.57–75.33]
  step 0/5004: loss=3.397028
  step 1/5004: loss=3.622491
  step 2/5004: loss=4.171093
  step 100/5004: loss=4.115603
  step 200/5004: loss=3.101737
  step 300/5004: loss=3.702168
  step 400/5004: loss=3.928884
  step 500/5004: loss=4.301226
  step 600/5004: loss=3.752075
  step 700/5004: loss=4.408150
  step 800/5004: loss=2.518208
  step 900/5004: loss=4.204812
  step 1000/5004: loss=3.974598
  step 1100/5004: loss=4.344055
  step 1200/5004: loss=2.958766
  step 1300/5004: loss=3.961154
  step 1400/5004: loss=3.164288
  step 1500/5004: loss=3.293119
  step 1600/5004: loss=3.116351
  step 1700/5004: loss=2.998405
  step 1800/5004: loss=3.158753
  step 1900/5004: loss=3.056233
  step 2000/5004: loss=3.895294
  step 2100/5004: loss=2.835460
  step 2200/5004: loss=3.974118
  step 2300/5004: loss=2.470194
  step 2400/5004: loss=4.024539
  step 2500/5004: loss=4.498902
  step 2600/5004: loss=3.418293
  step 2700/5004: loss=3.294436
  step 2800/5004: loss=3.817039
  step 2900/5004: loss=3.082641
  step 3000/5004: loss=3.371180
  step 3100/5004: loss=4.389207
  step 3200/5004: loss=3.537422
  step 3300/5004: loss=4.290822
  step 3400/5004: loss=2.745503
  step 3500/5004: loss=3.156708
  step 3600/5004: loss=3.459570
  step 3700/5004: loss=4.103260
  step 3800/5004: loss=3.904279
  step 3900/5004: loss=3.415044
  step 4000/5004: loss=3.620085
  step 4100/5004: loss=2.376548
  step 4200/5004: loss=4.128533
  step 4300/5004: loss=3.625328
  step 4400/5004: loss=2.869130
  step 4500/5004: loss=3.711416
  step 4600/5004: loss=3.173636
  step 4700/5004: loss=2.609103
  step 4800/5004: loss=3.860435
  step 4900/5004: loss=1.770214
  step 5000/5004: loss=3.556438
[pjrt_ffi] RESIDENT: @convnextin_fwd holds 182 parameter tensors (109.1 MB) on 4 devices; they stop crossing PCIe from here
Epoch 88/300: loss=3.608953 lr=0.000215
  epoch 88: test_acc = 37656/50000 = 75.312000%  top5 = 46450/50000 = 92.900000%  [95% CI 74.93–75.69]
  step 0/5004: loss=3.885566
  step 1/5004: loss=3.720231
  step 2/5004: loss=2.902779
  step 100/5004: loss=3.926640
  step 200/5004: loss=4.095084
  step 300/5004: loss=2.982002
  step 400/5004: loss=3.175730
  step 500/5004: loss=3.928697
  step 600/5004: loss=3.680649
  step 700/5004: loss=3.169656
  step 800/5004: loss=3.398883
  step 900/5004: loss=3.930207
  step 1000/5004: loss=4.336734
  step 1100/5004: loss=3.554916
  step 1200/5004: loss=4.006789
  step 1300/5004: loss=2.799531
  step 1400/5004: loss=2.892989
  step 1500/5004: loss=2.733714
  step 1600/5004: loss=3.879905
  step 1700/5004: loss=3.789926
  step 1800/5004: loss=3.540767
  step 1900/5004: loss=3.465810
  step 2000/5004: loss=3.448891
  step 2100/5004: loss=3.945264
  step 2200/5004: loss=2.375747
  step 2300/5004: loss=3.798249
  step 2400/5004: loss=4.107028
  step 2500/5004: loss=3.634363
  step 2600/5004: loss=2.618145
  step 2700/5004: loss=2.966646
  step 2800/5004: loss=3.853465
  step 2900/5004: loss=4.108244
  step 3000/5004: loss=4.207373
  step 3100/5004: loss=3.651675
  step 3200/5004: loss=4.511230
  step 3300/5004: loss=4.031487
  step 3400/5004: loss=3.644218
  step 3500/5004: loss=4.079252
  step 3600/5004: loss=3.066534
  step 3700/5004: loss=3.996835
  step 3800/5004: loss=4.334693
  step 3900/5004: loss=3.598108
  step 4000/5004: loss=3.645221
  step 4100/5004: loss=4.122204
  step 4200/5004: loss=4.437244
  step 4300/5004: loss=4.091195
  step 4400/5004: loss=3.669006
  step 4500/5004: loss=3.614295
  step 4600/5004: loss=3.189003
  step 4700/5004: loss=3.100383
  step 4800/5004: loss=4.089530
  step 4900/5004: loss=4.006262
  step 5000/5004: loss=3.114725
[pjrt_ffi] RESIDENT: @convnextin_fwd holds 182 parameter tensors (109.1 MB) on 4 devices; they stop crossing PCIe from here
Epoch 89/300: loss=3.629638 lr=0.000214
  epoch 89: test_acc = 37639/50000 = 75.278000%  top5 = 46412/50000 = 92.824000%  [95% CI 74.90–75.65]
  step 0/5004: loss=3.476933
  step 1/5004: loss=3.705009
  step 2/5004: loss=2.899576
  step 100/5004: loss=3.643131
  step 200/5004: loss=3.740698
  step 300/5004: loss=2.658673
  step 400/5004: loss=3.343965
  step 500/5004: loss=1.982040
  step 600/5004: loss=3.968568
  step 700/5004: loss=3.310085
  step 800/5004: loss=3.830530
  step 900/5004: loss=4.177709
  step 1000/5004: loss=3.756142
  step 1100/5004: loss=3.366814
  step 1200/5004: loss=3.821866
  step 1300/5004: loss=2.413947
  step 1400/5004: loss=3.944153
  step 1500/5004: loss=3.016573
  step 1600/5004: loss=3.441097
  step 1700/5004: loss=4.422780
  step 1800/5004: loss=2.655169
  step 1900/5004: loss=2.328324
  step 2000/5004: loss=3.224334
  step 2100/5004: loss=3.744182
  step 2200/5004: loss=3.304734
  step 2300/5004: loss=4.500480
  step 2400/5004: loss=3.516654
  step 2500/5004: loss=3.975607
  step 2600/5004: loss=3.955145
  step 2700/5004: loss=2.490691
  step 2800/5004: loss=3.202562
  step 2900/5004: loss=4.458375
  step 3000/5004: loss=3.343820
  step 3100/5004: loss=3.333575
  step 3200/5004: loss=3.926410
  step 3300/5004: loss=3.008780
  step 3400/5004: loss=3.899705
  step 3500/5004: loss=4.079564
  step 3600/5004: loss=3.816350
  step 3700/5004: loss=3.506024
  step 3800/5004: loss=2.634618
  step 3900/5004: loss=2.605525
  step 4000/5004: loss=3.233847
  step 4100/5004: loss=4.062698
  step 4200/5004: loss=3.652576
  step 4300/5004: loss=2.977750
  step 4400/5004: loss=4.023718
  step 4500/5004: loss=4.354594
  step 4600/5004: loss=2.838135
  step 4700/5004: loss=2.600443
  step 4800/5004: loss=4.031493
  step 4900/5004: loss=3.008701
  step 5000/5004: loss=3.981461
[pjrt_ffi] RESIDENT: @convnextin_fwd holds 182 parameter tensors (109.1 MB) on 4 devices; they stop crossing PCIe from here
Epoch 90/300: loss=3.605609 lr=0.000213
  epoch 90: test_acc = 37610/50000 = 75.220000%  top5 = 46451/50000 = 92.902000%  [95% CI 74.84–75.60]
WARNING: All log messages before absl::InitializeLog() is called are written to STDERR
I0000 00:00:1789840525.963281  418700 port.cc:153] oneDNN custom operations are on. You may see slightly different numerical results due to floating-point round-off errors from different computation orders. To turn them off, set the environment variable `TF_ENABLE_ONEDNN_OPTS=0`.
I0000 00:00:1789840525.992876  418700 cpu_feature_guard.cc:227] This TensorFlow binary is optimized to use available CPU instructions in performance-critical operations.
To enable the following instructions: AVX2 AVX512F AVX512_VNNI AVX512_BF16 AVX512_FP16 AVX_VNNI AMX_TILE AMX_INT8 AMX_BF16 FMA, in other operations, rebuild TensorFlow with the appropriate compiler flags.
WARNING: All log messages before absl::InitializeLog() is called are written to STDERR
I0000 00:00:1789840527.547685  418700 port.cc:153] oneDNN custom operations are on. You may see slightly different numerical results due to floating-point round-off errors from different computation orders. To turn them off, set the environment variable `TF_ENABLE_ONEDNN_OPTS=0`.
  imagenet shim: jax/.lake/build/generated_convnext_tiny_imagenet_shim.py — train split, batch 256, 150528 floats/img (seed 37), wire v4 soft targets [256x1000]
  ▸ shim respawn: producer 0 of 4 replaced after epoch 90 (generation 9, seed 37)
I0000 00:00:1789840529.817208  418806 tf_record_dataset_op.cc:396] The default buffer size is 262144, which is overridden by the user specified `buffer_size` of 8388608
  step 0/5004: loss=2.769927
  step 1/5004: loss=4.692548
  step 2/5004: loss=4.465448
  step 100/5004: loss=4.040118
  step 200/5004: loss=3.419728
  step 300/5004: loss=4.098668
  step 400/5004: loss=2.722119
  step 500/5004: loss=3.898661
  step 600/5004: loss=3.583923
  step 700/5004: loss=2.164221
  step 800/5004: loss=3.750898
  step 900/5004: loss=3.294027
  step 1000/5004: loss=2.776176
  step 1100/5004: loss=3.404915
  step 1200/5004: loss=4.321739
  step 1300/5004: loss=3.672339
  step 1400/5004: loss=3.689071
  step 1500/5004: loss=2.845321
  step 1600/5004: loss=3.926193
  step 1700/5004: loss=4.002479
  step 1800/5004: loss=3.617560
  step 1900/5004: loss=3.379272
  step 2000/5004: loss=4.046634
  step 2100/5004: loss=2.697558
  step 2200/5004: loss=3.963310
  step 2300/5004: loss=3.608431
  step 2400/5004: loss=3.520025
  step 2500/5004: loss=3.964864
  step 2600/5004: loss=2.625457
  step 2700/5004: loss=3.853191
  step 2800/5004: loss=2.839980
  step 2900/5004: loss=3.710257
  step 3000/5004: loss=3.820822
  step 3100/5004: loss=3.806580
  step 3200/5004: loss=2.855434
  step 3300/5004: loss=3.077876
  step 3400/5004: loss=3.738456
  step 3500/5004: loss=3.128224
  step 3600/5004: loss=4.295359
  step 3700/5004: loss=3.176562
  step 3800/5004: loss=3.144942
  step 3900/5004: loss=3.901081
  step 4000/5004: loss=3.294421
  step 4100/5004: loss=4.071844
  step 4200/5004: loss=2.754029
  step 4300/5004: loss=4.121621
  step 4400/5004: loss=4.434936
  step 4500/5004: loss=2.665868
  step 4600/5004: loss=3.823644
  step 4700/5004: loss=4.145199
  step 4800/5004: loss=4.531897
  step 4900/5004: loss=3.720455
  step 5000/5004: loss=4.164340
[pjrt_ffi] RESIDENT: @convnextin_fwd holds 182 parameter tensors (109.1 MB) on 4 devices; they stop crossing PCIe from here
Epoch 91/300: loss=3.599200 lr=0.000212
  epoch 91: test_acc = 37683/50000 = 75.366000%  top5 = 46505/50000 = 93.010000%  [95% CI 74.99–75.74]
  step 0/5004: loss=3.891843
  step 1/5004: loss=3.579434
  step 2/5004: loss=3.646946
  step 100/5004: loss=2.417819
  step 200/5004: loss=2.824822
  step 300/5004: loss=3.286910
  step 400/5004: loss=4.148055
  step 500/5004: loss=4.583252
  step 600/5004: loss=3.698195
  step 700/5004: loss=4.493457
  step 800/5004: loss=3.915161
  step 900/5004: loss=2.860410
  step 1000/5004: loss=4.268830
  step 1100/5004: loss=4.471451
  step 1200/5004: loss=2.914528
  step 1300/5004: loss=2.812732
  step 1400/5004: loss=3.581165
  step 1500/5004: loss=2.754010
  step 1600/5004: loss=2.894174
  step 1700/5004: loss=4.490723
  step 1800/5004: loss=3.858073
  step 1900/5004: loss=4.606209
  step 2000/5004: loss=2.477320
  step 2100/5004: loss=2.537370
  step 2200/5004: loss=3.876896
  step 2300/5004: loss=2.806255
  step 2400/5004: loss=2.783959
  step 2500/5004: loss=2.465519
  step 2600/5004: loss=4.215673
  step 2700/5004: loss=2.334164
  step 2800/5004: loss=3.423681
  step 2900/5004: loss=2.752764
  step 3000/5004: loss=3.568926
  step 3100/5004: loss=4.374541
  step 3200/5004: loss=4.310411
  step 3300/5004: loss=3.913260
  step 3400/5004: loss=3.819592
  step 3500/5004: loss=2.479910
  step 3600/5004: loss=4.218741
  step 3700/5004: loss=3.337602
  step 3800/5004: loss=3.592509
  step 3900/5004: loss=2.651697
  step 4000/5004: loss=4.017923
  step 4100/5004: loss=2.091169
  step 4200/5004: loss=2.766500
  step 4300/5004: loss=4.492056
  step 4400/5004: loss=3.688381
  step 4500/5004: loss=4.367913
  step 4600/5004: loss=4.200775
  step 4700/5004: loss=2.155310
  step 4800/5004: loss=3.645479
  step 4900/5004: loss=4.135979
  step 5000/5004: loss=3.812150
[pjrt_ffi] RESIDENT: @convnextin_fwd holds 182 parameter tensors (109.1 MB) on 4 devices; they stop crossing PCIe from here
Epoch 92/300: loss=3.598937 lr=0.000211
  epoch 92: test_acc = 37673/50000 = 75.346000%  top5 = 46415/50000 = 92.830000%  [95% CI 74.97–75.72]
  step 0/5004: loss=4.035915
  step 1/5004: loss=3.400664
  step 2/5004: loss=4.281668
  step 100/5004: loss=4.103316
  step 200/5004: loss=3.052860
  step 300/5004: loss=2.567725
  step 400/5004: loss=4.063195
  step 500/5004: loss=3.920885
  step 600/5004: loss=2.675928
  step 700/5004: loss=3.489211
  step 800/5004: loss=4.262151
  step 900/5004: loss=3.874961
  step 1000/5004: loss=2.255575
  step 1100/5004: loss=2.482854
  step 1200/5004: loss=3.294106
  step 1300/5004: loss=3.324800
  step 1400/5004: loss=2.897192
  step 1500/5004: loss=3.142973
  step 1600/5004: loss=3.658210
  step 1700/5004: loss=3.959216
  step 1800/5004: loss=3.118374
  step 1900/5004: loss=3.949331
  step 2000/5004: loss=2.924371
  step 2100/5004: loss=3.385062
  step 2200/5004: loss=2.786886
  step 2300/5004: loss=3.971175
  step 2400/5004: loss=4.615272
  step 2500/5004: loss=3.875870
  step 2600/5004: loss=4.257277
  step 2700/5004: loss=3.960651
  step 2800/5004: loss=3.641739
  step 2900/5004: loss=2.702276
  step 3000/5004: loss=4.134828
  step 3100/5004: loss=3.856120
  step 3200/5004: loss=4.410634
  step 3300/5004: loss=3.316288
  step 3400/5004: loss=3.474986
  step 3500/5004: loss=3.952124
  step 3600/5004: loss=3.517076
  step 3700/5004: loss=3.954056
  step 3800/5004: loss=4.386319
  step 3900/5004: loss=4.038998
  step 4000/5004: loss=3.889608
  step 4100/5004: loss=3.800282
  step 4200/5004: loss=3.989837
  step 4300/5004: loss=4.189778
  step 4400/5004: loss=4.211538
  step 4500/5004: loss=4.037327
  step 4600/5004: loss=3.307653
  step 4700/5004: loss=4.118534
  step 4800/5004: loss=4.330246
  step 4900/5004: loss=3.552602
  step 5000/5004: loss=4.251287
[pjrt_ffi] RESIDENT: @convnextin_fwd holds 182 parameter tensors (109.1 MB) on 4 devices; they stop crossing PCIe from here
Epoch 93/300: loss=3.603990 lr=0.000210
  epoch 93: test_acc = 37608/50000 = 75.216000%  top5 = 46468/50000 = 92.936000%  [95% CI 74.84–75.59]
  step 0/5004: loss=3.736977
  step 1/5004: loss=3.966424
  step 2/5004: loss=3.846925
  step 100/5004: loss=3.507812
  step 200/5004: loss=2.889181
  step 300/5004: loss=4.314568
  step 400/5004: loss=4.138934
  step 500/5004: loss=4.579004
  step 600/5004: loss=3.521501
  step 700/5004: loss=3.481266
  step 800/5004: loss=3.913085
  step 900/5004: loss=4.180914
  step 1000/5004: loss=2.706726
  step 1100/5004: loss=3.088877
  step 1200/5004: loss=3.814318
  step 1300/5004: loss=3.070989
  step 1400/5004: loss=3.015699
  step 1500/5004: loss=4.003105
  step 1600/5004: loss=2.302775
  step 1700/5004: loss=2.622208
  step 1800/5004: loss=3.609299
  step 1900/5004: loss=2.635123
  step 2000/5004: loss=3.384471
  step 2100/5004: loss=4.094791
  step 2200/5004: loss=3.817072
  step 2300/5004: loss=4.297526
  step 2400/5004: loss=3.385264
  step 2500/5004: loss=4.490866
  step 2600/5004: loss=3.601081
  step 2700/5004: loss=3.101752
  step 2800/5004: loss=4.045524
  step 2900/5004: loss=2.451922
  step 3000/5004: loss=3.480116
  step 3100/5004: loss=2.614519
  step 3200/5004: loss=2.575611
  step 3300/5004: loss=2.763005
  step 3400/5004: loss=3.693239
  step 3500/5004: loss=4.352233
  step 3600/5004: loss=4.146052
  step 3700/5004: loss=3.302520
  step 3800/5004: loss=2.864832
  step 3900/5004: loss=3.262816
  step 4000/5004: loss=2.887301
  step 4100/5004: loss=3.707237
  step 4200/5004: loss=3.960938
  step 4300/5004: loss=4.301756
  step 4400/5004: loss=3.478182
  step 4500/5004: loss=3.449116
  step 4600/5004: loss=3.940380
  step 4700/5004: loss=3.140253
  step 4800/5004: loss=3.506337
  step 4900/5004: loss=2.927480
  step 5000/5004: loss=3.918316
[pjrt_ffi] RESIDENT: @convnextin_fwd holds 182 parameter tensors (109.1 MB) on 4 devices; they stop crossing PCIe from here
Epoch 94/300: loss=3.582804 lr=0.000209
  epoch 94: test_acc = 37820/50000 = 75.640000%  top5 = 46471/50000 = 92.942000%  [95% CI 75.26–76.01]
  step 0/5004: loss=2.920642
  step 1/5004: loss=3.892995
  step 2/5004: loss=2.547665
  step 100/5004: loss=3.732619
  step 200/5004: loss=3.083100
  step 300/5004: loss=3.591411
  step 400/5004: loss=3.053563
  step 500/5004: loss=3.673122
  step 600/5004: loss=4.624828
  step 700/5004: loss=3.797472
  step 800/5004: loss=4.496005
  step 900/5004: loss=3.622275
  step 1000/5004: loss=2.999256
  step 1100/5004: loss=3.745617
  step 1200/5004: loss=4.089723
  step 1300/5004: loss=3.832538
  step 1400/5004: loss=2.034861
  step 1500/5004: loss=3.265689
  step 1600/5004: loss=4.334810
  step 1700/5004: loss=4.019126
  step 1800/5004: loss=3.718992
  step 1900/5004: loss=3.159299
  step 2000/5004: loss=3.938659
  step 2100/5004: loss=4.234451
  step 2200/5004: loss=2.777186
  step 2300/5004: loss=2.669515
  step 2400/5004: loss=3.665932
  step 2500/5004: loss=4.014482
  step 2600/5004: loss=4.238598
  step 2700/5004: loss=3.578577
  step 2800/5004: loss=3.190602
  step 2900/5004: loss=4.049819
  step 3000/5004: loss=3.176369
  step 3100/5004: loss=3.438499
  step 3200/5004: loss=3.375902
  step 3300/5004: loss=2.724015
  step 3400/5004: loss=3.127751
  step 3500/5004: loss=3.898405
  step 3600/5004: loss=2.701021
  step 3700/5004: loss=3.634807
  step 3800/5004: loss=4.285226
  step 3900/5004: loss=3.557279
  step 4000/5004: loss=3.451948
  step 4100/5004: loss=3.576629
  step 4200/5004: loss=2.367557
  step 4300/5004: loss=2.504491
  step 4400/5004: loss=4.334147
  step 4500/5004: loss=3.061272
  step 4600/5004: loss=2.525293
  step 4700/5004: loss=3.607512
  step 4800/5004: loss=3.966095
  step 4900/5004: loss=2.230897
  step 5000/5004: loss=4.465618
[pjrt_ffi] RESIDENT: @convnextin_fwd holds 182 parameter tensors (109.1 MB) on 4 devices; they stop crossing PCIe from here
Epoch 95/300: loss=3.588734 lr=0.000208
  epoch 95: test_acc = 37738/50000 = 75.476000%  top5 = 46472/50000 = 92.944000%  [95% CI 75.10–75.85]
  step 0/5004: loss=4.114575
  step 1/5004: loss=4.007532
  step 2/5004: loss=3.694435
  step 100/5004: loss=3.133825
  step 200/5004: loss=3.647223
  step 300/5004: loss=3.923644
  step 400/5004: loss=3.301672
  step 500/5004: loss=4.171926
  step 600/5004: loss=3.449826
  step 700/5004: loss=3.962024
  step 800/5004: loss=4.021272
  step 900/5004: loss=4.271137
  step 1000/5004: loss=3.662356
  step 1100/5004: loss=2.832214
  step 1200/5004: loss=4.117664
  step 1300/5004: loss=4.415450
  step 1400/5004: loss=4.028165
  step 1500/5004: loss=3.947260
  step 1600/5004: loss=2.657347
  step 1700/5004: loss=2.516191
  step 1800/5004: loss=2.998635
  step 1900/5004: loss=2.441774
  step 2000/5004: loss=3.754187
  step 2100/5004: loss=2.290257
  step 2200/5004: loss=2.663815
  step 2300/5004: loss=4.373246
  step 2400/5004: loss=2.671183
  step 2500/5004: loss=3.147702
  step 2600/5004: loss=2.058792
  step 2700/5004: loss=4.355684
  step 2800/5004: loss=3.778531
  step 2900/5004: loss=3.059764
  step 3000/5004: loss=3.498521
  step 3100/5004: loss=3.263844
  step 3200/5004: loss=3.811645
  step 3300/5004: loss=4.333951
  step 3400/5004: loss=3.169994
  step 3500/5004: loss=2.906823
  step 3600/5004: loss=3.523076
  step 3700/5004: loss=3.707060
  step 3800/5004: loss=4.156026
  step 3900/5004: loss=2.396308
  step 4000/5004: loss=3.752078
  step 4100/5004: loss=2.412419
  step 4200/5004: loss=3.466702
  step 4300/5004: loss=3.453188
  step 4400/5004: loss=3.242737
  step 4500/5004: loss=2.766106
  step 4600/5004: loss=3.676034
  step 4700/5004: loss=2.986515
  step 4800/5004: loss=3.747523
  step 4900/5004: loss=3.807698
  step 5000/5004: loss=3.863296
[pjrt_ffi] RESIDENT: @convnextin_fwd holds 182 parameter tensors (109.1 MB) on 4 devices; they stop crossing PCIe from here
Epoch 96/300: loss=3.586512 lr=0.000207
  epoch 96: test_acc = 37851/50000 = 75.702000%  top5 = 46527/50000 = 93.054000%  [95% CI 75.32–76.08]
  step 0/5004: loss=3.067792
  step 1/5004: loss=3.456895
  step 2/5004: loss=3.102291
  step 100/5004: loss=3.745264
  step 200/5004: loss=2.415926
  step 300/5004: loss=2.980950
  step 400/5004: loss=4.099011
  step 500/5004: loss=3.710614
  step 600/5004: loss=4.627533
  step 700/5004: loss=4.140920
  step 800/5004: loss=4.554225
  step 900/5004: loss=3.915801
  step 1000/5004: loss=4.490712
  step 1100/5004: loss=2.499846
  step 1200/5004: loss=3.717603
  step 1300/5004: loss=3.151158
  step 1400/5004: loss=3.657314
  step 1500/5004: loss=3.962203
  step 1600/5004: loss=2.760124
  step 1700/5004: loss=4.059715
  step 1800/5004: loss=2.482142
  step 1900/5004: loss=2.881092
  step 2000/5004: loss=3.192410
  step 2100/5004: loss=3.727558
  step 2200/5004: loss=4.137597
  step 2300/5004: loss=3.297609
  step 2400/5004: loss=3.096256
  step 2500/5004: loss=3.703968
  step 2600/5004: loss=4.285172
  step 2700/5004: loss=3.888039
  step 2800/5004: loss=4.238847
  step 2900/5004: loss=3.785317
  step 3000/5004: loss=4.424459
  step 3100/5004: loss=4.023005
  step 3200/5004: loss=3.512765
  step 3300/5004: loss=3.369168
  step 3400/5004: loss=3.991720
  step 3500/5004: loss=4.104860
  step 3600/5004: loss=3.639657
  step 3700/5004: loss=3.015327
  step 3800/5004: loss=2.297295
  step 3900/5004: loss=3.926758
  step 4000/5004: loss=4.521450
  step 4100/5004: loss=3.997646
  step 4200/5004: loss=4.386787
  step 4300/5004: loss=3.955775
  step 4400/5004: loss=2.746083
  step 4500/5004: loss=2.774626
  step 4600/5004: loss=3.719723
  step 4700/5004: loss=3.883229
  step 4800/5004: loss=4.137177
  step 4900/5004: loss=3.497290
  step 5000/5004: loss=3.904628
[pjrt_ffi] RESIDENT: @convnextin_fwd holds 182 parameter tensors (109.1 MB) on 4 devices; they stop crossing PCIe from here
Epoch 97/300: loss=3.586849 lr=0.000206
  epoch 97: test_acc = 37671/50000 = 75.342000%  top5 = 46487/50000 = 92.974000%  [95% CI 74.96–75.72]
  step 0/5004: loss=3.975724
  step 1/5004: loss=3.034443
  step 2/5004: loss=4.133194
  step 100/5004: loss=3.202910
  step 200/5004: loss=3.985337
  step 300/5004: loss=4.292883
  step 400/5004: loss=3.647027
  step 500/5004: loss=4.276046
  step 600/5004: loss=2.884780
  step 700/5004: loss=4.441315
  step 800/5004: loss=3.294073
  step 900/5004: loss=2.812706
  step 1000/5004: loss=3.671462
  step 1100/5004: loss=2.535523
  step 1200/5004: loss=3.777689
  step 1300/5004: loss=2.421020
  step 1400/5004: loss=4.250064
  step 1500/5004: loss=3.474024
  step 1600/5004: loss=3.997655
  step 1700/5004: loss=4.394432
  step 1800/5004: loss=3.613952
  step 1900/5004: loss=4.213044
  step 2000/5004: loss=3.868980
  step 2100/5004: loss=4.226611
  step 2200/5004: loss=3.401016
  step 2300/5004: loss=4.686326
  step 2400/5004: loss=3.611794
  step 2500/5004: loss=4.360322
  step 2600/5004: loss=3.505106
  step 2700/5004: loss=3.572924
  step 2800/5004: loss=3.806863
  step 2900/5004: loss=3.442730
  step 3000/5004: loss=3.834645
  step 3100/5004: loss=3.183291
  step 3200/5004: loss=3.817701
  step 3300/5004: loss=2.087037
  step 3400/5004: loss=2.681718
  step 3500/5004: loss=4.290390
  step 3600/5004: loss=3.291550
  step 3700/5004: loss=3.131656
  step 3800/5004: loss=3.711411
  step 3900/5004: loss=4.171815
  step 4000/5004: loss=3.592937
  step 4100/5004: loss=3.310131
  step 4200/5004: loss=3.280982
  step 4300/5004: loss=3.947663
  step 4400/5004: loss=2.585286
  step 4500/5004: loss=2.634661
  step 4600/5004: loss=3.697968
  step 4700/5004: loss=3.224943
  step 4800/5004: loss=3.789840
  step 4900/5004: loss=4.044904
  step 5000/5004: loss=2.735053
[pjrt_ffi] RESIDENT: @convnextin_fwd holds 182 parameter tensors (109.1 MB) on 4 devices; they stop crossing PCIe from here
Epoch 98/300: loss=3.591287 lr=0.000205
  epoch 98: test_acc = 37872/50000 = 75.744000%  top5 = 46549/50000 = 93.098000%  [95% CI 75.37–76.12]
  step 0/5004: loss=4.107012
  step 1/5004: loss=4.495106
  step 2/5004: loss=4.152971
  step 100/5004: loss=3.253572
  step 200/5004: loss=4.118924
  step 300/5004: loss=3.568293
  step 400/5004: loss=4.023678
  step 500/5004: loss=2.889677
  step 600/5004: loss=3.999844
  step 700/5004: loss=3.170707
  step 800/5004: loss=4.363144
  step 900/5004: loss=3.256059
  step 1000/5004: loss=3.900212
  step 1100/5004: loss=3.278332
  step 1200/5004: loss=3.669627
  step 1300/5004: loss=3.785655
  step 1400/5004: loss=4.064227
  step 1500/5004: loss=2.247439
  step 1600/5004: loss=4.180329
  step 1700/5004: loss=3.188107
  step 1800/5004: loss=4.128523
  step 1900/5004: loss=3.335704
  step 2000/5004: loss=4.213229
  step 2100/5004: loss=3.216126
  step 2200/5004: loss=4.051551
  step 2300/5004: loss=3.787006
  step 2400/5004: loss=2.677563
  step 2500/5004: loss=3.522263
  step 2600/5004: loss=3.976040
  step 2700/5004: loss=4.014828
  step 2800/5004: loss=4.286986
  step 2900/5004: loss=3.987792
  step 3000/5004: loss=4.204536
  step 3100/5004: loss=3.368278
  step 3200/5004: loss=4.479365
  step 3300/5004: loss=3.955181
  step 3400/5004: loss=4.379119
  step 3500/5004: loss=3.911431
  step 3600/5004: loss=2.915218
  step 3700/5004: loss=3.976337
  step 3800/5004: loss=4.227508
  step 3900/5004: loss=3.729587
  step 4000/5004: loss=2.021873
  step 4100/5004: loss=3.776152
  step 4200/5004: loss=3.119505
  step 4300/5004: loss=3.352258
  step 4400/5004: loss=2.213406
  step 4500/5004: loss=3.321515
  step 4600/5004: loss=4.442763
  step 4700/5004: loss=3.610156
  step 4800/5004: loss=4.057887
  step 4900/5004: loss=3.949767
  step 5000/5004: loss=3.287057
[pjrt_ffi] RESIDENT: @convnextin_fwd holds 182 parameter tensors (109.1 MB) on 4 devices; they stop crossing PCIe from here
Epoch 99/300: loss=3.580200 lr=0.000204
  epoch 99: test_acc = 37813/50000 = 75.626000%  top5 = 46589/50000 = 93.178000%  [95% CI 75.25–76.00]
  step 0/5004: loss=3.580567
  step 1/5004: loss=3.678403
  step 2/5004: loss=3.938781
  step 100/5004: loss=3.765115
  step 200/5004: loss=4.099638
  step 300/5004: loss=2.399443
  step 400/5004: loss=2.739720
  step 500/5004: loss=4.323404
  step 600/5004: loss=3.533136
  step 700/5004: loss=3.340267
  step 800/5004: loss=3.972230
  step 900/5004: loss=3.876079
  step 1000/5004: loss=2.584167
  step 1100/5004: loss=4.338534
  step 1200/5004: loss=4.044615
  step 1300/5004: loss=3.278025
  step 1400/5004: loss=3.894750
  step 1500/5004: loss=2.747771
  step 1600/5004: loss=3.429783
  step 1700/5004: loss=4.149621
  step 1800/5004: loss=3.589911
  step 1900/5004: loss=3.172791
  step 2000/5004: loss=3.604764
  step 2100/5004: loss=3.403591
  step 2200/5004: loss=3.941093
  step 2300/5004: loss=2.823667
  step 2400/5004: loss=2.969337
  step 2500/5004: loss=4.500237
  step 2600/5004: loss=2.682084
  step 2700/5004: loss=2.416861
  step 2800/5004: loss=3.378644
  step 2900/5004: loss=3.375162
  step 3000/5004: loss=2.833909
  step 3100/5004: loss=3.548875
  step 3200/5004: loss=3.855266
  step 3300/5004: loss=3.004014
  step 3400/5004: loss=3.785502
  step 3500/5004: loss=4.086471
  step 3600/5004: loss=3.556288
  step 3700/5004: loss=2.643587
  step 3800/5004: loss=3.818696
  step 3900/5004: loss=4.588775
  step 4000/5004: loss=3.629577
  step 4100/5004: loss=4.301659
  step 4200/5004: loss=4.079690
  step 4300/5004: loss=4.232518
  step 4400/5004: loss=3.534009
  step 4500/5004: loss=4.052832
  step 4600/5004: loss=3.862491
  step 4700/5004: loss=4.556798
  step 4800/5004: loss=3.837755
  step 4900/5004: loss=3.505564
  step 5000/5004: loss=3.953431
[pjrt_ffi] RESIDENT: @convnextin_fwd holds 182 parameter tensors (109.1 MB) on 4 devices; they stop crossing PCIe from here
Epoch 100/300: loss=3.578371 lr=0.000203
  epoch 100: test_acc = 37926/50000 = 75.852000%  top5 = 46504/50000 = 93.008000%  [95% CI 75.47–76.23]
WARNING: All log messages before absl::InitializeLog() is called are written to STDERR
I0000 00:00:1789851533.007657  457206 port.cc:153] oneDNN custom operations are on. You may see slightly different numerical results due to floating-point round-off errors from different computation orders. To turn them off, set the environment variable `TF_ENABLE_ONEDNN_OPTS=0`.
I0000 00:00:1789851533.239953  457206 cpu_feature_guard.cc:227] This TensorFlow binary is optimized to use available CPU instructions in performance-critical operations.
To enable the following instructions: AVX2 AVX512F AVX512_VNNI AVX512_BF16 AVX512_FP16 AVX_VNNI AMX_TILE AMX_INT8 AMX_BF16 FMA, in other operations, rebuild TensorFlow with the appropriate compiler flags.
WARNING: All log messages before absl::InitializeLog() is called are written to STDERR
I0000 00:00:1789851535.110250  457206 port.cc:153] oneDNN custom operations are on. You may see slightly different numerical results due to floating-point round-off errors from different computation orders. To turn them off, set the environment variable `TF_ENABLE_ONEDNN_OPTS=0`.
  imagenet shim: jax/.lake/build/generated_convnext_tiny_imagenet_shim.py — train split, batch 256, 150528 floats/img (seed 42), wire v4 soft targets [256x1000]
  ▸ shim respawn: producer 1 of 4 replaced after epoch 100 (generation 10, seed 42)
  step 0/5004: loss=3.151517
I0000 00:00:1789851537.481530  457352 tf_record_dataset_op.cc:396] The default buffer size is 262144, which is overridden by the user specified `buffer_size` of 8388608
  step 1/5004: loss=3.836365
  step 2/5004: loss=3.047846
  step 100/5004: loss=3.497794
  step 200/5004: loss=3.678710
  step 300/5004: loss=3.877286
  step 400/5004: loss=2.475464
  step 500/5004: loss=2.993669
  step 600/5004: loss=2.128725
  step 700/5004: loss=3.630324
  step 800/5004: loss=4.023757
  step 900/5004: loss=2.756333
  step 1000/5004: loss=2.951849
  step 1100/5004: loss=3.582196
  step 1200/5004: loss=4.163260
  step 1300/5004: loss=2.494430
  step 1400/5004: loss=3.187764
  step 1500/5004: loss=2.605559
  step 1600/5004: loss=3.655610
  step 1700/5004: loss=3.632003
  step 1800/5004: loss=2.589932
  step 1900/5004: loss=3.059209
  step 2000/5004: loss=3.797570
  step 2100/5004: loss=3.816916
  step 2200/5004: loss=3.686840
  step 2300/5004: loss=3.638664
  step 2400/5004: loss=2.852601
  step 2500/5004: loss=3.870243
  step 2600/5004: loss=3.791254
  step 2700/5004: loss=4.221360
  step 2800/5004: loss=3.766129
  step 2900/5004: loss=3.747373
  step 3000/5004: loss=3.577980
  step 3100/5004: loss=3.960809
  step 3200/5004: loss=3.963804
  step 3300/5004: loss=3.215779
  step 3400/5004: loss=3.501994
  step 3500/5004: loss=3.295161
  step 3600/5004: loss=4.325278
  step 3700/5004: loss=3.783971
  step 3800/5004: loss=2.823666
  step 3900/5004: loss=3.538684
  step 4000/5004: loss=2.659305
  step 4100/5004: loss=3.294287
  step 4200/5004: loss=3.231721
  step 4300/5004: loss=3.503101
  step 4400/5004: loss=4.152440
  step 4500/5004: loss=3.781399
  step 4600/5004: loss=3.895105
  step 4700/5004: loss=3.520278
  step 4800/5004: loss=2.703852
  step 4900/5004: loss=3.936876
  step 5000/5004: loss=3.524920
[pjrt_ffi] RESIDENT: @convnextin_fwd holds 182 parameter tensors (109.1 MB) on 4 devices; they stop crossing PCIe from here
Epoch 101/300: loss=3.573659 lr=0.000202
  epoch 101: test_acc = 37805/50000 = 75.610000%  top5 = 46519/50000 = 93.038000%  [95% CI 75.23–75.98]
  step 0/5004: loss=3.719254
  step 1/5004: loss=3.391353
  step 2/5004: loss=3.869685
  step 100/5004: loss=3.530453
  step 200/5004: loss=3.089296
  step 300/5004: loss=2.581830
  step 400/5004: loss=1.980347
  step 500/5004: loss=4.380357
  step 600/5004: loss=3.822880
  step 700/5004: loss=4.085877
  step 800/5004: loss=3.787154
  step 900/5004: loss=4.539390
  step 1000/5004: loss=4.130549
  step 1100/5004: loss=4.583208
  step 1200/5004: loss=3.968323
  step 1300/5004: loss=4.348446
  step 1400/5004: loss=4.457386
  step 1500/5004: loss=3.445534
  step 1600/5004: loss=3.840317
  step 1700/5004: loss=2.560460
  step 1800/5004: loss=3.270292
  step 1900/5004: loss=2.706491
  step 2000/5004: loss=3.322443
  step 2100/5004: loss=4.100368
  step 2200/5004: loss=4.081895
  step 2300/5004: loss=2.436083
  step 2400/5004: loss=4.108449
  step 2500/5004: loss=2.249279
  step 2600/5004: loss=3.528682
  step 2700/5004: loss=3.234371
  step 2800/5004: loss=3.792769
  step 2900/5004: loss=4.443151
  step 3000/5004: loss=3.549229
  step 3100/5004: loss=2.299696
  step 3200/5004: loss=3.817894
  step 3300/5004: loss=2.418108
  step 3400/5004: loss=3.155349
  step 3500/5004: loss=2.440665
  step 3600/5004: loss=3.579424
  step 3700/5004: loss=4.077906
  step 3800/5004: loss=3.563228
  step 3900/5004: loss=3.687843
  step 4000/5004: loss=2.929705
  step 4100/5004: loss=4.155649
  step 4200/5004: loss=2.918327
  step 4300/5004: loss=2.476388
  step 4400/5004: loss=3.659880
  step 4500/5004: loss=4.530562
  step 4600/5004: loss=3.279289
  step 4700/5004: loss=4.504177
  step 4800/5004: loss=3.381049
  step 4900/5004: loss=3.085370
  step 5000/5004: loss=3.730882
[pjrt_ffi] RESIDENT: @convnextin_fwd holds 182 parameter tensors (109.1 MB) on 4 devices; they stop crossing PCIe from here
Epoch 102/300: loss=3.568492 lr=0.000201
  epoch 102: test_acc = 37923/50000 = 75.846000%  top5 = 46528/50000 = 93.056000%  [95% CI 75.47–76.22]
  step 0/5004: loss=3.590267
  step 1/5004: loss=4.161761
  step 2/5004: loss=3.598378
  step 100/5004: loss=3.662006
  step 200/5004: loss=2.377541
  step 300/5004: loss=3.296986
  step 400/5004: loss=4.045562
  step 500/5004: loss=3.516796
  step 600/5004: loss=3.432704
  step 700/5004: loss=3.821757
  step 800/5004: loss=4.302943
  step 900/5004: loss=3.726153
  step 1000/5004: loss=3.705818
  step 1100/5004: loss=4.068895
  step 1200/5004: loss=3.049871
  step 1300/5004: loss=3.891412
  step 1400/5004: loss=4.504637
  step 1500/5004: loss=3.845816
  step 1600/5004: loss=4.215391
  step 1700/5004: loss=3.936103
  step 1800/5004: loss=4.129586
  step 1900/5004: loss=3.273057
  step 2000/5004: loss=3.911582
  step 2100/5004: loss=3.909210
  step 2200/5004: loss=3.793254
  step 2300/5004: loss=3.562709
  step 2400/5004: loss=4.406207
  step 2500/5004: loss=4.019194
  step 2600/5004: loss=2.452874
  step 2700/5004: loss=3.841078
  step 2800/5004: loss=2.884219
  step 2900/5004: loss=2.867884
  step 3000/5004: loss=2.434292
  step 3100/5004: loss=2.823618
  step 3200/5004: loss=4.111692
  step 3300/5004: loss=3.967873
  step 3400/5004: loss=3.104805
  step 3500/5004: loss=3.025570
  step 3600/5004: loss=3.986856
  step 3700/5004: loss=3.890133
  step 3800/5004: loss=3.821583
  step 3900/5004: loss=3.794176
  step 4000/5004: loss=3.092765
  step 4100/5004: loss=3.785088
  step 4200/5004: loss=3.483022
  step 4300/5004: loss=2.512582
  step 4400/5004: loss=3.804835
  step 4500/5004: loss=3.232985
  step 4600/5004: loss=4.303020
  step 4700/5004: loss=4.098302
  step 4800/5004: loss=2.792711
  step 4900/5004: loss=3.477756
  step 5000/5004: loss=3.760488
[pjrt_ffi] RESIDENT: @convnextin_fwd holds 182 parameter tensors (109.1 MB) on 4 devices; they stop crossing PCIe from here
Epoch 103/300: loss=3.578287 lr=0.000200
  epoch 103: test_acc = 37893/50000 = 75.786000%  top5 = 46629/50000 = 93.258000%  [95% CI 75.41–76.16]
  step 0/5004: loss=3.127022
  step 1/5004: loss=2.916850
  step 2/5004: loss=3.608927
  step 100/5004: loss=2.477149
  step 200/5004: loss=3.635522
  step 300/5004: loss=4.226939
  step 400/5004: loss=4.049510
  step 500/5004: loss=4.319329
  step 600/5004: loss=3.831755
  step 700/5004: loss=2.516656
  step 800/5004: loss=3.860588
  step 900/5004: loss=3.519893
  step 1000/5004: loss=3.959766
  step 1100/5004: loss=3.772733
  step 1200/5004: loss=3.629670
  step 1300/5004: loss=3.898533
  step 1400/5004: loss=3.017349
  step 1500/5004: loss=3.512252
  step 1600/5004: loss=3.558594
  step 1700/5004: loss=3.571112
  step 1800/5004: loss=3.942849
  step 1900/5004: loss=3.466781
  step 2000/5004: loss=2.371659
  step 2100/5004: loss=3.812854
  step 2200/5004: loss=2.880285
  step 2300/5004: loss=4.131540
  step 2400/5004: loss=4.031210
  step 2500/5004: loss=4.147913
  step 2600/5004: loss=3.359385
  step 2700/5004: loss=3.817816
  step 2800/5004: loss=3.765963
  step 2900/5004: loss=4.262215
  step 3000/5004: loss=4.029031
  step 3100/5004: loss=3.994691
  step 3200/5004: loss=3.065579
  step 3300/5004: loss=2.399346
  step 3400/5004: loss=4.140882
  step 3500/5004: loss=4.431120
  step 3600/5004: loss=3.872455
  step 3700/5004: loss=4.077379
  step 3800/5004: loss=3.367618
  step 3900/5004: loss=4.087172
  step 4000/5004: loss=3.593137
  step 4100/5004: loss=4.138966
  step 4200/5004: loss=3.463392
  step 4300/5004: loss=4.109747
  step 4400/5004: loss=3.775914
  step 4500/5004: loss=3.055268
  step 4600/5004: loss=2.681406
  step 4700/5004: loss=3.009548
  step 4800/5004: loss=3.404400
  step 4900/5004: loss=3.613401
  step 5000/5004: loss=3.827546
[pjrt_ffi] RESIDENT: @convnextin_fwd holds 182 parameter tensors (109.1 MB) on 4 devices; they stop crossing PCIe from here
Epoch 104/300: loss=3.557322 lr=0.000198
  epoch 104: test_acc = 37950/50000 = 75.900000%  top5 = 46634/50000 = 93.268000%  [95% CI 75.52–76.27]
  step 0/5004: loss=2.839077
  step 1/5004: loss=3.740170
  step 2/5004: loss=2.559948
  step 100/5004: loss=4.243046
  step 200/5004: loss=4.154479
  step 300/5004: loss=2.174407
  step 400/5004: loss=3.723125
  step 500/5004: loss=2.657191
  step 600/5004: loss=4.488443
  step 700/5004: loss=2.640072
  step 800/5004: loss=2.562240
  step 900/5004: loss=3.513057
  step 1000/5004: loss=4.345008
  step 1100/5004: loss=3.923318
  step 1200/5004: loss=2.881674
  step 1300/5004: loss=3.778224
  step 1400/5004: loss=3.927125
  step 1500/5004: loss=3.070266
  step 1600/5004: loss=4.511955
  step 1700/5004: loss=2.247817
  step 1800/5004: loss=4.255460
  step 1900/5004: loss=2.917733
  step 2000/5004: loss=2.973193
  step 2100/5004: loss=2.808372
  step 2200/5004: loss=3.299034
  step 2300/5004: loss=3.748214
  step 2400/5004: loss=4.189823
  step 2500/5004: loss=2.800688
  step 2600/5004: loss=3.918786
  step 2700/5004: loss=3.913354
  step 2800/5004: loss=4.112340
  step 2900/5004: loss=3.747197
  step 3000/5004: loss=3.220153
  step 3100/5004: loss=3.556056
  step 3200/5004: loss=2.562586
  step 3300/5004: loss=3.420895
  step 3400/5004: loss=3.469063
  step 3500/5004: loss=2.898685
  step 3600/5004: loss=3.145173
  step 3700/5004: loss=3.231095
  step 3800/5004: loss=4.078856
  step 3900/5004: loss=3.265860
  step 4000/5004: loss=4.091586
  step 4100/5004: loss=3.379125
  step 4200/5004: loss=4.078809
  step 4300/5004: loss=3.773280
  step 4400/5004: loss=2.776955
  step 4500/5004: loss=3.253415
  step 4600/5004: loss=2.885956
  step 4700/5004: loss=3.598485
  step 4800/5004: loss=4.421708
  step 4900/5004: loss=3.881024
  step 5000/5004: loss=2.432580
[pjrt_ffi] RESIDENT: @convnextin_fwd holds 182 parameter tensors (109.1 MB) on 4 devices; they stop crossing PCIe from here
Epoch 105/300: loss=3.555719 lr=0.000197
  epoch 105: test_acc = 38024/50000 = 76.048000%  top5 = 46662/50000 = 93.324000%  [95% CI 75.67–76.42]
  step 0/5004: loss=3.332259
  step 1/5004: loss=3.963442
  step 2/5004: loss=2.565116
  step 100/5004: loss=3.696751
  step 200/5004: loss=3.985138
  step 300/5004: loss=4.303136
  step 400/5004: loss=3.475019
  step 500/5004: loss=4.018878
  step 600/5004: loss=3.748400
  step 700/5004: loss=2.835773
  step 800/5004: loss=3.157045
  step 900/5004: loss=2.582181
  step 1000/5004: loss=3.627655
  step 1100/5004: loss=2.632827
  step 1200/5004: loss=3.574338
  step 1300/5004: loss=4.206996
  step 1400/5004: loss=4.058066
  step 1500/5004: loss=3.858378
  step 1600/5004: loss=2.920056
  step 1700/5004: loss=4.199607
  step 1800/5004: loss=3.651675
  step 1900/5004: loss=2.856752
  step 2000/5004: loss=3.962330
  step 2100/5004: loss=3.567091
  step 2200/5004: loss=3.647291
  step 2300/5004: loss=4.189757
  step 2400/5004: loss=3.915179
  step 2500/5004: loss=2.107514
  step 2600/5004: loss=3.749065
  step 2700/5004: loss=3.012056
  step 2800/5004: loss=3.727698
  step 2900/5004: loss=3.473813
  step 3000/5004: loss=3.819408
  step 3100/5004: loss=4.061394
  step 3200/5004: loss=2.827883
  step 3300/5004: loss=4.357175
  step 3400/5004: loss=3.714933
  step 3500/5004: loss=2.675210
  step 3600/5004: loss=4.082450
  step 3700/5004: loss=4.434681
  step 3800/5004: loss=2.819486
  step 3900/5004: loss=2.684582
  step 4000/5004: loss=3.827439
  step 4100/5004: loss=4.438984
  step 4200/5004: loss=3.665635
  step 4300/5004: loss=2.521792
  step 4400/5004: loss=3.519516
  step 4500/5004: loss=2.891008
  step 4600/5004: loss=3.156384
  step 4700/5004: loss=4.287432
  step 4800/5004: loss=4.052379
  step 4900/5004: loss=4.325872
  step 5000/5004: loss=3.718804
[pjrt_ffi] RESIDENT: @convnextin_fwd holds 182 parameter tensors (109.1 MB) on 4 devices; they stop crossing PCIe from here
Epoch 106/300: loss=3.546234 lr=0.000196
  epoch 106: test_acc = 38073/50000 = 76.146000%  top5 = 46605/50000 = 93.210000%  [95% CI 75.77–76.52]
  step 0/5004: loss=3.892057
  step 1/5004: loss=4.203776
  step 2/5004: loss=2.122118
  step 100/5004: loss=3.590949
  step 200/5004: loss=3.626022
  step 300/5004: loss=3.977756
  step 400/5004: loss=2.492757
  step 500/5004: loss=3.489372
  step 600/5004: loss=1.948628
  step 700/5004: loss=2.802885
  step 800/5004: loss=3.417254
  step 900/5004: loss=2.275775
  step 1000/5004: loss=4.184383
  step 1100/5004: loss=3.803692
  step 1200/5004: loss=4.067569
  step 1300/5004: loss=3.265367
  step 1400/5004: loss=4.141945
  step 1500/5004: loss=3.426594
  step 1600/5004: loss=2.265115
  step 1700/5004: loss=4.183260
  step 1800/5004: loss=2.842857
  step 1900/5004: loss=3.792309
  step 2000/5004: loss=3.833152
  step 2100/5004: loss=3.993484
  step 2200/5004: loss=3.392091
  step 2300/5004: loss=3.519597
  step 2400/5004: loss=2.957958
  step 2500/5004: loss=3.765038
  step 2600/5004: loss=3.859604
  step 2700/5004: loss=3.959887
  step 2800/5004: loss=3.467894
  step 2900/5004: loss=3.720346
  step 3000/5004: loss=4.133043
  step 3100/5004: loss=2.771277
  step 3200/5004: loss=4.037156
  step 3300/5004: loss=3.614123
  step 3400/5004: loss=3.257428
  step 3500/5004: loss=3.846560
  step 3600/5004: loss=4.223156
  step 3700/5004: loss=3.620325
  step 3800/5004: loss=4.388302
  step 3900/5004: loss=4.027959
  step 4000/5004: loss=3.723614
  step 4100/5004: loss=3.594690
  step 4200/5004: loss=3.491963
  step 4300/5004: loss=3.215112
  step 4400/5004: loss=4.218331
  step 4500/5004: loss=3.335823
  step 4600/5004: loss=3.643099
  step 4700/5004: loss=3.421516
  step 4800/5004: loss=4.213576
  step 4900/5004: loss=2.646444
  step 5000/5004: loss=3.501364
[pjrt_ffi] RESIDENT: @convnextin_fwd holds 182 parameter tensors (109.1 MB) on 4 devices; they stop crossing PCIe from here
Epoch 107/300: loss=3.537011 lr=0.000195
  epoch 107: test_acc = 38015/50000 = 76.030000%  top5 = 46657/50000 = 93.314000%  [95% CI 75.65–76.40]
  step 0/5004: loss=3.774217
  step 1/5004: loss=3.456534
  step 2/5004: loss=4.036499
  step 100/5004: loss=2.732377
  step 200/5004: loss=2.777951
  step 300/5004: loss=2.518422
  step 400/5004: loss=3.552389
  step 500/5004: loss=3.291157
  step 600/5004: loss=2.849042
  step 700/5004: loss=2.828726
  step 800/5004: loss=2.971849
  step 900/5004: loss=3.575102
  step 1000/5004: loss=3.510491
  step 1100/5004: loss=2.558194
  step 1200/5004: loss=3.221713
  step 1300/5004: loss=4.058233
  step 1400/5004: loss=2.519406
  step 1500/5004: loss=2.875821
  step 1600/5004: loss=3.259372
  step 1700/5004: loss=4.498807
  step 1800/5004: loss=3.309134
  step 1900/5004: loss=4.411567
  step 2000/5004: loss=3.479395
  step 2100/5004: loss=3.034591
  step 2200/5004: loss=3.596635
  step 2300/5004: loss=4.144812
  step 2400/5004: loss=2.224813
  step 2500/5004: loss=4.632202
  step 2600/5004: loss=4.092734
  step 2700/5004: loss=3.347865
  step 2800/5004: loss=3.869544
  step 2900/5004: loss=2.524214
  step 3000/5004: loss=3.730223
  step 3100/5004: loss=4.465356
  step 3200/5004: loss=3.988350
  step 3300/5004: loss=4.393818
  step 3400/5004: loss=3.791476
  step 3500/5004: loss=4.030367
  step 3600/5004: loss=4.063686
  step 3700/5004: loss=4.430339
  step 3800/5004: loss=2.858397
  step 3900/5004: loss=4.145749
  step 4000/5004: loss=3.236996
  step 4100/5004: loss=4.566206
  step 4200/5004: loss=3.651212
  step 4300/5004: loss=3.529941
  step 4400/5004: loss=3.940267
  step 4500/5004: loss=4.012232
  step 4600/5004: loss=2.393319
  step 4700/5004: loss=2.845466
  step 4800/5004: loss=3.253916
  step 4900/5004: loss=3.108085
  step 5000/5004: loss=2.929121
[pjrt_ffi] RESIDENT: @convnextin_fwd holds 182 parameter tensors (109.1 MB) on 4 devices; they stop crossing PCIe from here
Epoch 108/300: loss=3.542492 lr=0.000194
  epoch 108: test_acc = 37966/50000 = 75.932000%  top5 = 46643/50000 = 93.286000%  [95% CI 75.56–76.30]
  step 0/5004: loss=3.837429
  step 1/5004: loss=4.559599
  step 2/5004: loss=3.024252
  step 100/5004: loss=2.685576
  step 200/5004: loss=3.943442
  step 300/5004: loss=4.015926
  step 400/5004: loss=3.629937
  step 500/5004: loss=3.522792
  step 600/5004: loss=2.668062
  step 700/5004: loss=3.489882
  step 800/5004: loss=2.889861
  step 900/5004: loss=3.324998
  step 1000/5004: loss=3.567024
  step 1100/5004: loss=3.603328
  step 1200/5004: loss=4.071629
  step 1300/5004: loss=3.894640
  step 1400/5004: loss=4.043968
  step 1500/5004: loss=3.854001
  step 1600/5004: loss=2.116555
  step 1700/5004: loss=3.573686
  step 1800/5004: loss=3.488621
  step 1900/5004: loss=2.455308
  step 2000/5004: loss=3.821348
  step 2100/5004: loss=3.808196
  step 2200/5004: loss=3.040095
  step 2300/5004: loss=3.732007
  step 2400/5004: loss=4.303257
  step 2500/5004: loss=3.664313
  step 2600/5004: loss=4.383073
  step 2700/5004: loss=3.085598
  step 2800/5004: loss=4.278676
  step 2900/5004: loss=3.760972
  step 3000/5004: loss=2.774290
  step 3100/5004: loss=4.052622
  step 3200/5004: loss=3.734453
  step 3300/5004: loss=3.740666
  step 3400/5004: loss=2.177248
  step 3500/5004: loss=3.706214
  step 3600/5004: loss=3.838141
  step 3700/5004: loss=2.413377
  step 3800/5004: loss=3.632557
  step 3900/5004: loss=3.111810
  step 4000/5004: loss=4.670000
  step 4100/5004: loss=4.012050
  step 4200/5004: loss=2.739443
  step 4300/5004: loss=3.975062
  step 4400/5004: loss=4.188350
  step 4500/5004: loss=3.099313
  step 4600/5004: loss=3.370837
  step 4700/5004: loss=3.728385
  step 4800/5004: loss=4.276456
  step 4900/5004: loss=3.805045
  step 5000/5004: loss=3.178351
[pjrt_ffi] RESIDENT: @convnextin_fwd holds 182 parameter tensors (109.1 MB) on 4 devices; they stop crossing PCIe from here
Epoch 109/300: loss=3.536519 lr=0.000193
  epoch 109: test_acc = 37920/50000 = 75.840000%  top5 = 46620/50000 = 93.240000%  [95% CI 75.46–76.21]
  step 0/5004: loss=3.621525
  step 1/5004: loss=3.430671
  step 2/5004: loss=3.263909
  step 100/5004: loss=4.299473
  step 200/5004: loss=3.976309
  step 300/5004: loss=4.304326
  step 400/5004: loss=2.383421
  step 500/5004: loss=4.225496
  step 600/5004: loss=3.748405
  step 700/5004: loss=4.357566
  step 800/5004: loss=4.025058
  step 900/5004: loss=3.998666
  step 1000/5004: loss=3.368270
  step 1100/5004: loss=2.912348
  step 1200/5004: loss=2.531470
  step 1300/5004: loss=3.998647
  step 1400/5004: loss=3.764224
  step 1500/5004: loss=3.178007
  step 1600/5004: loss=3.499386
  step 1700/5004: loss=2.777335
  step 1800/5004: loss=3.573978
  step 1900/5004: loss=2.772960
  step 2000/5004: loss=3.648881
  step 2100/5004: loss=4.028422
  step 2200/5004: loss=3.597166
  step 2300/5004: loss=4.598575
  step 2400/5004: loss=3.844619
  step 2500/5004: loss=3.295563
  step 2600/5004: loss=3.820954
  step 2700/5004: loss=3.769071
  step 2800/5004: loss=3.643202
  step 2900/5004: loss=3.342454
  step 3000/5004: loss=3.322436
  step 3100/5004: loss=2.731061
  step 3200/5004: loss=2.872493
  step 3300/5004: loss=4.218770
  step 3400/5004: loss=3.890640
  step 3500/5004: loss=4.248978
  step 3600/5004: loss=3.551907
  step 3700/5004: loss=3.845979
  step 3800/5004: loss=3.121260
  step 3900/5004: loss=3.252409
  step 4000/5004: loss=3.686287
  step 4100/5004: loss=2.625612
  step 4200/5004: loss=3.521960
  step 4300/5004: loss=4.404690
  step 4400/5004: loss=2.938555
  step 4500/5004: loss=4.519005
  step 4600/5004: loss=3.800977
  step 4700/5004: loss=2.765143
  step 4800/5004: loss=3.094463
  step 4900/5004: loss=4.080828
  step 5000/5004: loss=3.921825
[pjrt_ffi] RESIDENT: @convnextin_fwd holds 182 parameter tensors (109.1 MB) on 4 devices; they stop crossing PCIe from here
Epoch 110/300: loss=3.524117 lr=0.000192
  epoch 110: test_acc = 38177/50000 = 76.354000%  top5 = 46724/50000 = 93.448000%  [95% CI 75.98–76.72]
WARNING: All log messages before absl::InitializeLog() is called are written to STDERR
I0000 00:00:1789862489.719327  495583 port.cc:153] oneDNN custom operations are on. You may see slightly different numerical results due to floating-point round-off errors from different computation orders. To turn them off, set the environment variable `TF_ENABLE_ONEDNN_OPTS=0`.
I0000 00:00:1789862489.948211  495583 cpu_feature_guard.cc:227] This TensorFlow binary is optimized to use available CPU instructions in performance-critical operations.
To enable the following instructions: AVX2 AVX512F AVX512_VNNI AVX512_BF16 AVX512_FP16 AVX_VNNI AMX_TILE AMX_INT8 AMX_BF16 FMA, in other operations, rebuild TensorFlow with the appropriate compiler flags.
WARNING: All log messages before absl::InitializeLog() is called are written to STDERR
I0000 00:00:1789862491.863510  495583 port.cc:153] oneDNN custom operations are on. You may see slightly different numerical results due to floating-point round-off errors from different computation orders. To turn them off, set the environment variable `TF_ENABLE_ONEDNN_OPTS=0`.
  imagenet shim: jax/.lake/build/generated_convnext_tiny_imagenet_shim.py — train split, batch 256, 150528 floats/img (seed 47), wire v4 soft targets [256x1000]
  ▸ shim respawn: producer 2 of 4 replaced after epoch 110 (generation 11, seed 47)
  step 0/5004: loss=4.024771
  step 1/5004: loss=3.267002
I0000 00:00:1789862494.445380  495758 tf_record_dataset_op.cc:396] The default buffer size is 262144, which is overridden by the user specified `buffer_size` of 8388608
  step 2/5004: loss=3.311075
  step 100/5004: loss=4.041010
  step 200/5004: loss=2.375552
  step 300/5004: loss=3.790178
  step 400/5004: loss=4.102463
  step 500/5004: loss=3.630094
  step 600/5004: loss=4.694270
  step 700/5004: loss=3.601255
  step 800/5004: loss=3.180897
  step 900/5004: loss=3.634581
  step 1000/5004: loss=4.269708
  step 1100/5004: loss=3.418030
  step 1200/5004: loss=3.947930
  step 1300/5004: loss=3.901667
  step 1400/5004: loss=4.511489
  step 1500/5004: loss=3.711502
  step 1600/5004: loss=2.786638
  step 1700/5004: loss=3.818089
  step 1800/5004: loss=4.297322
  step 1900/5004: loss=2.987705
  step 2000/5004: loss=4.430672
  step 2100/5004: loss=3.799752
  step 2200/5004: loss=3.453669
  step 2300/5004: loss=2.912127
  step 2400/5004: loss=3.082460
  step 2500/5004: loss=3.300119
  step 2600/5004: loss=2.692125
  step 2700/5004: loss=3.656688
  step 2800/5004: loss=2.316991
  step 2900/5004: loss=3.603293
  step 3000/5004: loss=3.543905
  step 3100/5004: loss=3.806090
  step 3200/5004: loss=3.785482
  step 3300/5004: loss=3.304055
  step 3400/5004: loss=3.077566
  step 3500/5004: loss=3.848383
  step 3600/5004: loss=4.103325
  step 3700/5004: loss=3.576738
  step 3800/5004: loss=2.559861
  step 3900/5004: loss=3.983065
  step 4000/5004: loss=3.834601
  step 4100/5004: loss=3.699354
  step 4200/5004: loss=3.077329
  step 4300/5004: loss=3.785652
  step 4400/5004: loss=3.095439
  step 4500/5004: loss=3.948635
  step 4600/5004: loss=3.461237
  step 4700/5004: loss=4.098966
  step 4800/5004: loss=2.778503
  step 4900/5004: loss=3.788768
  step 5000/5004: loss=4.263099
[pjrt_ffi] RESIDENT: @convnextin_fwd holds 182 parameter tensors (109.1 MB) on 4 devices; they stop crossing PCIe from here
Epoch 111/300: loss=3.536873 lr=0.000190
  epoch 111: test_acc = 37985/50000 = 75.970000%  top5 = 46635/50000 = 93.270000%  [95% CI 75.59–76.34]
  step 0/5004: loss=3.043787
  step 1/5004: loss=4.067984
  step 2/5004: loss=3.679481
  step 100/5004: loss=4.227447
  step 200/5004: loss=3.676482
  step 300/5004: loss=4.316926
  step 400/5004: loss=3.032941
  step 500/5004: loss=4.201490
  step 600/5004: loss=3.243996
  step 700/5004: loss=4.297939
  step 800/5004: loss=3.766200
  step 900/5004: loss=3.017060
  step 1000/5004: loss=2.799300
  step 1100/5004: loss=3.314709
  step 1200/5004: loss=3.136982
  step 1300/5004: loss=2.116977
  step 1400/5004: loss=3.697995
  step 1500/5004: loss=4.431424
  step 1600/5004: loss=3.686060
  step 1700/5004: loss=3.355365
  step 1800/5004: loss=4.052001
  step 1900/5004: loss=3.495940
  step 2000/5004: loss=2.355169
  step 2100/5004: loss=3.758010
  step 2200/5004: loss=3.781924
  step 2300/5004: loss=2.416615
  step 2400/5004: loss=3.935697
  step 2500/5004: loss=3.632022
  step 2600/5004: loss=3.625236
  step 2700/5004: loss=3.170879
  step 2800/5004: loss=3.897204
  step 2900/5004: loss=4.090036
  step 3000/5004: loss=3.869116
  step 3100/5004: loss=2.776362
  step 3200/5004: loss=3.081247
  step 3300/5004: loss=3.105882
  step 3400/5004: loss=2.911291
  step 3500/5004: loss=4.361380
  step 3600/5004: loss=2.897551
  step 3700/5004: loss=2.311569
  step 3800/5004: loss=3.897859
  step 3900/5004: loss=4.402900
  step 4000/5004: loss=3.955931
  step 4100/5004: loss=3.451410
  step 4200/5004: loss=3.755543
  step 4300/5004: loss=2.351223
  step 4400/5004: loss=3.941804
  step 4500/5004: loss=4.279157
  step 4600/5004: loss=3.822317
  step 4700/5004: loss=4.055466
  step 4800/5004: loss=3.620831
  step 4900/5004: loss=4.460176
  step 5000/5004: loss=3.263195
[pjrt_ffi] RESIDENT: @convnextin_fwd holds 182 parameter tensors (109.1 MB) on 4 devices; they stop crossing PCIe from here
Epoch 112/300: loss=3.537155 lr=0.000189
  epoch 112: test_acc = 38053/50000 = 76.106000%  top5 = 46698/50000 = 93.396000%  [95% CI 75.73–76.48]
  step 0/5004: loss=2.875387
  step 1/5004: loss=3.891567
  step 2/5004: loss=3.612263
  step 100/5004: loss=2.974199
  step 200/5004: loss=3.976755
  step 300/5004: loss=3.579792
  step 400/5004: loss=2.531152
  step 500/5004: loss=4.191849
  step 600/5004: loss=4.150894
  step 700/5004: loss=3.649192
  step 800/5004: loss=2.748780
  step 900/5004: loss=3.574231
  step 1000/5004: loss=2.874288
  step 1100/5004: loss=3.590087
  step 1200/5004: loss=2.225087
  step 1300/5004: loss=3.031811
  step 1400/5004: loss=4.356773
  step 1500/5004: loss=3.226403
  step 1600/5004: loss=3.720302
  step 1700/5004: loss=3.441652
  step 1800/5004: loss=3.526037
  step 1900/5004: loss=3.603227
  step 2000/5004: loss=4.253530
  step 2100/5004: loss=3.834481
  step 2200/5004: loss=2.143950
  step 2300/5004: loss=2.251935
  step 2400/5004: loss=3.161160
  step 2500/5004: loss=3.184105
  step 2600/5004: loss=3.608081
  step 2700/5004: loss=3.501939
  step 2800/5004: loss=2.113419
  step 2900/5004: loss=4.096124
  step 3000/5004: loss=2.763278
  step 3100/5004: loss=3.888566
  step 3200/5004: loss=2.389486
  step 3300/5004: loss=3.737410
  step 3400/5004: loss=2.896892
  step 3500/5004: loss=3.767397
  step 3600/5004: loss=3.848317
  step 3700/5004: loss=3.896371
  step 3800/5004: loss=3.132278
  step 3900/5004: loss=3.766801
  step 4000/5004: loss=2.938947
  step 4100/5004: loss=3.858850
  step 4200/5004: loss=4.102625
  step 4300/5004: loss=3.947892
  step 4400/5004: loss=3.109841
  step 4500/5004: loss=3.876362
  step 4600/5004: loss=2.757001
  step 4700/5004: loss=2.853254
  step 4800/5004: loss=3.294199
  step 4900/5004: loss=3.772722
  step 5000/5004: loss=4.263593
[pjrt_ffi] RESIDENT: @convnextin_fwd holds 182 parameter tensors (109.1 MB) on 4 devices; they stop crossing PCIe from here
Epoch 113/300: loss=3.538521 lr=0.000188
  epoch 113: test_acc = 38062/50000 = 76.124000%  top5 = 46710/50000 = 93.420000%  [95% CI 75.75–76.50]
  step 0/5004: loss=3.467762
  step 1/5004: loss=4.017262
  step 2/5004: loss=3.413296
  step 100/5004: loss=4.186706
  step 200/5004: loss=3.564183
  step 300/5004: loss=3.148641
  step 400/5004: loss=2.651065
  step 500/5004: loss=4.471049
  step 600/5004: loss=3.557178
  step 700/5004: loss=3.120129
  step 800/5004: loss=4.008482
  step 900/5004: loss=2.099343
  step 1000/5004: loss=3.352532
  step 1100/5004: loss=3.803885
  step 1200/5004: loss=2.659663
  step 1300/5004: loss=4.311384
  step 1400/5004: loss=3.495023
  step 1500/5004: loss=3.355319
  step 1600/5004: loss=3.840007
  step 1700/5004: loss=3.370981
  step 1800/5004: loss=4.083460
  step 1900/5004: loss=4.206445
  step 2000/5004: loss=3.879939
  step 2100/5004: loss=3.666403
  step 2200/5004: loss=3.769832
  step 2300/5004: loss=3.907096
  step 2400/5004: loss=3.621465
  step 2500/5004: loss=3.990947
  step 2600/5004: loss=3.856321
  step 2700/5004: loss=4.081874
  step 2800/5004: loss=3.453888
  step 2900/5004: loss=4.059111
  step 3000/5004: loss=3.961465
  step 3100/5004: loss=3.551477
  step 3200/5004: loss=3.377839
  step 3300/5004: loss=3.680064
  step 3400/5004: loss=3.590876
  step 3500/5004: loss=2.125255
  step 3600/5004: loss=3.893153
  step 3700/5004: loss=3.313508
  step 3800/5004: loss=3.278992
  step 3900/5004: loss=2.623756
  step 4000/5004: loss=3.231993
  step 4100/5004: loss=3.512689
  step 4200/5004: loss=2.909141
  step 4300/5004: loss=4.032892
  step 4400/5004: loss=3.666945
  step 4500/5004: loss=4.438056
  step 4600/5004: loss=3.624340
  step 4700/5004: loss=3.073802
  step 4800/5004: loss=3.783845
  step 4900/5004: loss=4.278464
  step 5000/5004: loss=3.470720
[pjrt_ffi] RESIDENT: @convnextin_fwd holds 182 parameter tensors (109.1 MB) on 4 devices; they stop crossing PCIe from here
Epoch 114/300: loss=3.521019 lr=0.000187
  epoch 114: test_acc = 38245/50000 = 76.490000%  top5 = 46740/50000 = 93.480000%  [95% CI 76.12–76.86]
  step 0/5004: loss=2.687481
  step 1/5004: loss=3.044554
  step 2/5004: loss=4.396793
  step 100/5004: loss=3.456584
  step 200/5004: loss=2.490930
  step 300/5004: loss=3.139376
  step 400/5004: loss=2.753961
  step 500/5004: loss=2.262244
  step 600/5004: loss=4.105715
  step 700/5004: loss=3.472456
  step 800/5004: loss=4.087506
  step 900/5004: loss=3.718482
  step 1000/5004: loss=4.078978
  step 1100/5004: loss=3.788163
  step 1200/5004: loss=2.268857
  step 1300/5004: loss=3.799603
  step 1400/5004: loss=3.762422
  step 1500/5004: loss=3.814384
  step 1600/5004: loss=4.059287
  step 1700/5004: loss=3.774116
  step 1800/5004: loss=3.512985
  step 1900/5004: loss=3.792206
  step 2000/5004: loss=2.727613
  step 2100/5004: loss=3.636510
  step 2200/5004: loss=4.253201
  step 2300/5004: loss=3.017576
  step 2400/5004: loss=4.247838
  step 2500/5004: loss=3.639395
  step 2600/5004: loss=3.732078
  step 2700/5004: loss=2.667560
  step 2800/5004: loss=4.333423
  step 2900/5004: loss=3.377804
  step 3000/5004: loss=2.455246
  step 3100/5004: loss=3.431053
  step 3200/5004: loss=2.452361
  step 3300/5004: loss=3.509684
  step 3400/5004: loss=4.236074
  step 3500/5004: loss=3.320626
  step 3600/5004: loss=3.423651
  step 3700/5004: loss=3.165147
  step 3800/5004: loss=2.930273
  step 3900/5004: loss=3.102490
  step 4000/5004: loss=3.949645
  step 4100/5004: loss=2.436936
  step 4200/5004: loss=4.161656
  step 4300/5004: loss=3.635593
  step 4400/5004: loss=4.109230
  step 4500/5004: loss=3.788703
  step 4600/5004: loss=2.625553
  step 4700/5004: loss=3.799870
  step 4800/5004: loss=4.093434
  step 4900/5004: loss=2.546164
  step 5000/5004: loss=2.492917
[pjrt_ffi] RESIDENT: @convnextin_fwd holds 182 parameter tensors (109.1 MB) on 4 devices; they stop crossing PCIe from here
Epoch 115/300: loss=3.512910 lr=0.000185
  epoch 115: test_acc = 38277/50000 = 76.554000%  top5 = 46740/50000 = 93.480000%  [95% CI 76.18–76.92]
  step 0/5004: loss=3.981075
  step 1/5004: loss=3.837608
  step 2/5004: loss=2.867387
  step 100/5004: loss=3.911322
  step 200/5004: loss=3.930271
  step 300/5004: loss=3.448930
  step 400/5004: loss=3.424352
  step 500/5004: loss=3.742429
  step 600/5004: loss=3.660957
  step 700/5004: loss=4.288166
  step 800/5004: loss=4.236453
  step 900/5004: loss=3.224370
  step 1000/5004: loss=3.898660
  step 1100/5004: loss=4.169494
  step 1200/5004: loss=3.420436
  step 1300/5004: loss=3.655056
  step 1400/5004: loss=2.955849
  step 1500/5004: loss=4.143647
  step 1600/5004: loss=3.637096
  step 1700/5004: loss=4.317547
  step 1800/5004: loss=2.904151
  step 1900/5004: loss=3.346440
  step 2000/5004: loss=2.702364
  step 2100/5004: loss=4.096732
  step 2200/5004: loss=3.454816
  step 2300/5004: loss=3.404189
  step 2400/5004: loss=3.903957
  step 2500/5004: loss=3.672048
  step 2600/5004: loss=4.028830
  step 2700/5004: loss=3.896192
  step 2800/5004: loss=3.958896
  step 2900/5004: loss=3.727117
  step 3000/5004: loss=3.381031
  step 3100/5004: loss=4.009163
  step 3200/5004: loss=2.782296
  step 3300/5004: loss=3.282857
  step 3400/5004: loss=4.024182
  step 3500/5004: loss=2.914995
  step 3600/5004: loss=3.542097
  step 3700/5004: loss=4.229174
  step 3800/5004: loss=3.155223
  step 3900/5004: loss=3.607185
  step 4000/5004: loss=4.001784
  step 4100/5004: loss=3.521276
  step 4200/5004: loss=3.786863
  step 4300/5004: loss=4.283343
  step 4400/5004: loss=3.734469
  step 4500/5004: loss=3.822922
  step 4600/5004: loss=2.868787
  step 4700/5004: loss=3.333926
  step 4800/5004: loss=3.908771
  step 4900/5004: loss=3.957948
  step 5000/5004: loss=3.740163
[pjrt_ffi] RESIDENT: @convnextin_fwd holds 182 parameter tensors (109.1 MB) on 4 devices; they stop crossing PCIe from here
Epoch 116/300: loss=3.528048 lr=0.000184
  epoch 116: test_acc = 38305/50000 = 76.610000%  top5 = 46759/50000 = 93.518000%  [95% CI 76.24–76.98]
  step 0/5004: loss=4.019477
  step 1/5004: loss=3.806260
  step 2/5004: loss=4.102654
  step 100/5004: loss=2.025875
  step 200/5004: loss=3.929354
  step 300/5004: loss=3.624751
  step 400/5004: loss=3.996939
  step 500/5004: loss=2.287395
  step 600/5004: loss=3.971784
  step 700/5004: loss=3.428659
  step 800/5004: loss=4.303139
  step 900/5004: loss=3.912944
  step 1000/5004: loss=4.378095
  step 1100/5004: loss=4.020517
  step 1200/5004: loss=3.409352
  step 1300/5004: loss=3.761920
  step 1400/5004: loss=4.107545
  step 1500/5004: loss=3.311227
  step 1600/5004: loss=3.794006
  step 1700/5004: loss=3.847726
  step 1800/5004: loss=3.434506
  step 1900/5004: loss=3.519186
  step 2000/5004: loss=2.847653
  step 2100/5004: loss=3.910861
  step 2200/5004: loss=3.186432
  step 2300/5004: loss=3.681047
  step 2400/5004: loss=3.598313
  step 2500/5004: loss=4.036294
  step 2600/5004: loss=4.044687
  step 2700/5004: loss=3.308382
  step 2800/5004: loss=2.848640
  step 2900/5004: loss=3.814024
  step 3000/5004: loss=3.887002
  step 3100/5004: loss=3.848961
  step 3200/5004: loss=3.555125
  step 3300/5004: loss=3.356167
  step 3400/5004: loss=3.037707
  step 3500/5004: loss=3.793147
  step 3600/5004: loss=4.130051
  step 3700/5004: loss=3.635739
  step 3800/5004: loss=4.068884
  step 3900/5004: loss=3.500419
  step 4000/5004: loss=3.996864
  step 4100/5004: loss=3.949826
  step 4200/5004: loss=2.761808
  step 4300/5004: loss=3.452034
  step 4400/5004: loss=4.321692
  step 4500/5004: loss=3.494552
  step 4600/5004: loss=3.040889
  step 4700/5004: loss=3.249291
  step 4800/5004: loss=4.025219
  step 4900/5004: loss=3.966188
  step 5000/5004: loss=3.196010
[pjrt_ffi] RESIDENT: @convnextin_fwd holds 182 parameter tensors (109.1 MB) on 4 devices; they stop crossing PCIe from here
Epoch 117/300: loss=3.513626 lr=0.000183
  epoch 117: test_acc = 38300/50000 = 76.600000%  top5 = 46758/50000 = 93.516000%  [95% CI 76.23–76.97]
  step 0/5004: loss=2.631941
  step 1/5004: loss=3.974940
  step 2/5004: loss=3.879213
  step 100/5004: loss=4.531711
  step 200/5004: loss=3.845892
  step 300/5004: loss=2.762006
  step 400/5004: loss=2.899612
  step 500/5004: loss=3.570690
  step 600/5004: loss=2.951022
  step 700/5004: loss=4.064021
  step 800/5004: loss=3.533519
  step 900/5004: loss=3.962076
  step 1000/5004: loss=2.893533
  step 1100/5004: loss=2.546459
  step 1200/5004: loss=4.202070
  step 1300/5004: loss=3.401109
  step 1400/5004: loss=3.196595
  step 1500/5004: loss=3.908900
  step 1600/5004: loss=4.008716
  step 1700/5004: loss=2.541873
  step 1800/5004: loss=3.679539
  step 1900/5004: loss=2.127022
  step 2000/5004: loss=4.147005
  step 2100/5004: loss=3.213629
  step 2200/5004: loss=3.766529
  step 2300/5004: loss=4.403362
  step 2400/5004: loss=3.507199
  step 2500/5004: loss=4.251737
  step 2600/5004: loss=3.678984
  step 2700/5004: loss=4.004679
  step 2800/5004: loss=3.882567
  step 2900/5004: loss=4.494410
  step 3000/5004: loss=4.041421
  step 3100/5004: loss=4.024800
  step 3200/5004: loss=3.395165
  step 3300/5004: loss=4.451859
  step 3400/5004: loss=3.399493
  step 3500/5004: loss=2.427689
  step 3600/5004: loss=2.594220
  step 3700/5004: loss=2.849982
  step 3800/5004: loss=3.266870
  step 3900/5004: loss=3.885181
  step 4000/5004: loss=2.849903
  step 4100/5004: loss=2.850742
  step 4200/5004: loss=3.880418
  step 4300/5004: loss=3.908451
  step 4400/5004: loss=3.340073
  step 4500/5004: loss=4.448391
  step 4600/5004: loss=3.678157
  step 4700/5004: loss=2.964520
  step 4800/5004: loss=3.780564
  step 4900/5004: loss=4.035028
  step 5000/5004: loss=3.051799
[pjrt_ffi] RESIDENT: @convnextin_fwd holds 182 parameter tensors (109.1 MB) on 4 devices; they stop crossing PCIe from here
Epoch 118/300: loss=3.517363 lr=0.000182
  epoch 118: test_acc = 38273/50000 = 76.546000%  top5 = 46760/50000 = 93.520000%  [95% CI 76.17–76.92]
  step 0/5004: loss=3.253669
  step 1/5004: loss=4.336502
  step 2/5004: loss=2.762700
  step 100/5004: loss=4.043263
  step 200/5004: loss=2.790943
  step 300/5004: loss=3.548443
  step 400/5004: loss=2.649143
  step 500/5004: loss=2.358949
  step 600/5004: loss=2.878845
  step 700/5004: loss=3.846201
  step 800/5004: loss=3.070472
  step 900/5004: loss=3.744902
  step 1000/5004: loss=2.588634
  step 1100/5004: loss=3.937483
  step 1200/5004: loss=4.124082
  step 1300/5004: loss=4.032444
  step 1400/5004: loss=3.781742
  step 1500/5004: loss=3.492285
  step 1600/5004: loss=2.557089
  step 1700/5004: loss=2.521414
  step 1800/5004: loss=4.413992
  step 1900/5004: loss=3.961221
  step 2000/5004: loss=4.162252
  step 2100/5004: loss=4.003551
  step 2200/5004: loss=4.443394
  step 2300/5004: loss=3.371777
  step 2400/5004: loss=4.060462
  step 2500/5004: loss=3.636060
  step 2600/5004: loss=3.932643
  step 2700/5004: loss=3.528851
  step 2800/5004: loss=4.293735
  step 2900/5004: loss=3.869328
  step 3000/5004: loss=4.156589
  step 3100/5004: loss=3.173852
  step 3200/5004: loss=2.935658
  step 3300/5004: loss=4.019506
  step 3400/5004: loss=3.094922
  step 3500/5004: loss=3.452105
  step 3600/5004: loss=4.109610
  step 3700/5004: loss=3.401162
  step 3800/5004: loss=4.418972
  step 3900/5004: loss=3.059041
  step 4000/5004: loss=2.655063
  step 4100/5004: loss=3.578325
  step 4200/5004: loss=3.474704
  step 4300/5004: loss=4.093932
  step 4400/5004: loss=3.950338
  step 4500/5004: loss=3.530293
  step 4600/5004: loss=3.285959
  step 4700/5004: loss=2.845582
  step 4800/5004: loss=4.121880
  step 4900/5004: loss=3.808599
  step 5000/5004: loss=3.674588
[pjrt_ffi] RESIDENT: @convnextin_fwd holds 182 parameter tensors (109.1 MB) on 4 devices; they stop crossing PCIe from here
Epoch 119/300: loss=3.506844 lr=0.000180
  epoch 119: test_acc = 38291/50000 = 76.582000%  top5 = 46750/50000 = 93.500000%  [95% CI 76.21–76.95]
  step 0/5004: loss=3.634519
  step 1/5004: loss=3.560841
  step 2/5004: loss=3.410467
  step 100/5004: loss=4.077329
  step 200/5004: loss=3.889771
  step 300/5004: loss=2.730480
  step 400/5004: loss=4.069545
  step 500/5004: loss=3.155287
  step 600/5004: loss=2.881810
  step 700/5004: loss=3.651175
  step 800/5004: loss=3.222920
  step 900/5004: loss=3.230481
  step 1000/5004: loss=2.884862
  step 1100/5004: loss=2.745985
  step 1200/5004: loss=4.023078
  step 1300/5004: loss=4.448139
  step 1400/5004: loss=3.729099
  step 1500/5004: loss=4.179713
  step 1600/5004: loss=3.403338
  step 1700/5004: loss=2.231123
  step 1800/5004: loss=2.903977
  step 1900/5004: loss=2.960282
  step 2000/5004: loss=3.345697
  step 2100/5004: loss=4.170897
  step 2200/5004: loss=3.680686
  step 2300/5004: loss=4.288300
  step 2400/5004: loss=3.418729
  step 2500/5004: loss=3.732017
  step 2600/5004: loss=3.967346
  step 2700/5004: loss=3.819844
  step 2800/5004: loss=3.375535
  step 2900/5004: loss=4.379519
  step 3000/5004: loss=3.802809
  step 3100/5004: loss=3.556389
  step 3200/5004: loss=3.856994
  step 3300/5004: loss=3.431079
  step 3400/5004: loss=4.122801
  step 3500/5004: loss=3.317238
  step 3600/5004: loss=3.746902
  step 3700/5004: loss=3.886455
  step 3800/5004: loss=3.321877
  step 3900/5004: loss=4.061903
  step 4000/5004: loss=3.829587
  step 4100/5004: loss=4.082234
  step 4200/5004: loss=3.088300
  step 4300/5004: loss=4.202612
  step 4400/5004: loss=3.785208
  step 4500/5004: loss=4.124777
  step 4600/5004: loss=3.669314
  step 4700/5004: loss=2.646526
  step 4800/5004: loss=3.702988
  step 4900/5004: loss=2.867354
  step 5000/5004: loss=3.880645
[pjrt_ffi] RESIDENT: @convnextin_fwd holds 182 parameter tensors (109.1 MB) on 4 devices; they stop crossing PCIe from here
Epoch 120/300: loss=3.511411 lr=0.000179
  epoch 120: test_acc = 38284/50000 = 76.568000%  top5 = 46803/50000 = 93.606000%  [95% CI 76.19–76.94]
WARNING: All log messages before absl::InitializeLog() is called are written to STDERR
I0000 00:00:1789873457.794592  534408 port.cc:153] oneDNN custom operations are on. You may see slightly different numerical results due to floating-point round-off errors from different computation orders. To turn them off, set the environment variable `TF_ENABLE_ONEDNN_OPTS=0`.
I0000 00:00:1789873458.033059  534408 cpu_feature_guard.cc:227] This TensorFlow binary is optimized to use available CPU instructions in performance-critical operations.
To enable the following instructions: AVX2 AVX512F AVX512_VNNI AVX512_BF16 AVX512_FP16 AVX_VNNI AMX_TILE AMX_INT8 AMX_BF16 FMA, in other operations, rebuild TensorFlow with the appropriate compiler flags.
WARNING: All log messages before absl::InitializeLog() is called are written to STDERR
I0000 00:00:1789873459.839291  534408 port.cc:153] oneDNN custom operations are on. You may see slightly different numerical results due to floating-point round-off errors from different computation orders. To turn them off, set the environment variable `TF_ENABLE_ONEDNN_OPTS=0`.
  imagenet shim: jax/.lake/build/generated_convnext_tiny_imagenet_shim.py — train split, batch 256, 150528 floats/img (seed 52), wire v4 soft targets [256x1000]
  ▸ shim respawn: producer 3 of 4 replaced after epoch 120 (generation 12, seed 52)
  step 0/5004: loss=3.027080
  step 1/5004: loss=4.484605
I0000 00:00:1789873462.393372  534531 tf_record_dataset_op.cc:396] The default buffer size is 262144, which is overridden by the user specified `buffer_size` of 8388608
  step 2/5004: loss=2.872115
  step 100/5004: loss=3.786535
  step 200/5004: loss=2.962709
  step 300/5004: loss=2.922112
  step 400/5004: loss=2.316535
  step 500/5004: loss=4.030197
  step 600/5004: loss=4.463636
  step 700/5004: loss=3.695146
  step 800/5004: loss=4.191724
  step 900/5004: loss=3.901491
  step 1000/5004: loss=4.305422
  step 1100/5004: loss=3.241321
  step 1200/5004: loss=2.954415
  step 1300/5004: loss=3.171928
  step 1400/5004: loss=4.169697
  step 1500/5004: loss=3.764622
  step 1600/5004: loss=2.178110
  step 1700/5004: loss=3.030138
  step 1800/5004: loss=3.786340
  step 1900/5004: loss=3.787430
  step 2000/5004: loss=3.025323
  step 2100/5004: loss=3.677231
  step 2200/5004: loss=4.550590
  step 2300/5004: loss=3.276385
  step 2400/5004: loss=4.305511
  step 2500/5004: loss=3.838006
  step 2600/5004: loss=4.327013
  step 2700/5004: loss=3.982448
  step 2800/5004: loss=3.479219
  step 2900/5004: loss=2.848480
  step 3000/5004: loss=3.134037
  step 3100/5004: loss=4.011978
  step 3200/5004: loss=2.514100
  step 3300/5004: loss=2.781523
  step 3400/5004: loss=3.548864
  step 3500/5004: loss=3.026155
  step 3600/5004: loss=4.272847
  step 3700/5004: loss=3.868858
  step 3800/5004: loss=2.135902
  step 3900/5004: loss=3.435912
  step 4000/5004: loss=3.917373
  step 4100/5004: loss=3.605492
  step 4200/5004: loss=2.938289
  step 4300/5004: loss=2.334352
  step 4400/5004: loss=3.353446
  step 4500/5004: loss=3.928390
  step 4600/5004: loss=4.174168
  step 4700/5004: loss=3.104828
  step 4800/5004: loss=2.342477
  step 4900/5004: loss=3.587926
  step 5000/5004: loss=4.026312
[pjrt_ffi] RESIDENT: @convnextin_fwd holds 182 parameter tensors (109.1 MB) on 4 devices; they stop crossing PCIe from here
Epoch 121/300: loss=3.490966 lr=0.000178
  epoch 121: test_acc = 38318/50000 = 76.636000%  top5 = 46749/50000 = 93.498000%  [95% CI 76.26–77.00]
  step 0/5004: loss=3.316820
  step 1/5004: loss=3.478278
  step 2/5004: loss=3.889223
  step 100/5004: loss=3.042248
  step 200/5004: loss=2.660079
  step 300/5004: loss=3.779041
  step 400/5004: loss=3.438275
  step 500/5004: loss=4.092766
  step 600/5004: loss=3.295508
  step 700/5004: loss=3.930070
  step 800/5004: loss=3.233288
  step 900/5004: loss=2.681705
  step 1000/5004: loss=4.255164
  step 1100/5004: loss=4.303802
  step 1200/5004: loss=3.745483
  step 1300/5004: loss=4.063924
  step 1400/5004: loss=3.763939
  step 1500/5004: loss=3.578328
  step 1600/5004: loss=3.943792
  step 1700/5004: loss=2.591958
  step 1800/5004: loss=3.703477
  step 1900/5004: loss=3.073007
  step 2000/5004: loss=3.825953
  step 2100/5004: loss=3.597388
  step 2200/5004: loss=2.953097
  step 2300/5004: loss=2.199558
  step 2400/5004: loss=3.631473
  step 2500/5004: loss=4.230883
  step 2600/5004: loss=3.701741
  step 2700/5004: loss=2.810578
  step 2800/5004: loss=3.083813
  step 2900/5004: loss=3.370612
  step 3000/5004: loss=3.776432
  step 3100/5004: loss=3.637748
  step 3200/5004: loss=3.993378
  step 3300/5004: loss=2.957684
  step 3400/5004: loss=3.896168
  step 3500/5004: loss=4.059057
  step 3600/5004: loss=3.726232
  step 3700/5004: loss=3.431589
  step 3800/5004: loss=4.074658
  step 3900/5004: loss=4.406406
  step 4000/5004: loss=3.156264
  step 4100/5004: loss=2.697539
  step 4200/5004: loss=3.404978
  step 4300/5004: loss=3.593362
  step 4400/5004: loss=3.527408
  step 4500/5004: loss=2.551902
  step 4600/5004: loss=3.917779
  step 4700/5004: loss=4.274388
  step 4800/5004: loss=2.456051
  step 4900/5004: loss=2.879612
  step 5000/5004: loss=4.029681
[pjrt_ffi] RESIDENT: @convnextin_fwd holds 182 parameter tensors (109.1 MB) on 4 devices; they stop crossing PCIe from here
Epoch 122/300: loss=3.505622 lr=0.000177
  epoch 122: test_acc = 38174/50000 = 76.348000%  top5 = 46721/50000 = 93.442000%  [95% CI 75.97–76.72]
  step 0/5004: loss=3.118391
  step 1/5004: loss=3.390883
  step 2/5004: loss=4.387556
  step 100/5004: loss=3.971272
  step 200/5004: loss=3.158149
  step 300/5004: loss=3.800533
  step 400/5004: loss=2.166528
  step 500/5004: loss=4.152111
  step 600/5004: loss=4.369220
  step 700/5004: loss=3.547356
  step 800/5004: loss=2.788042
  step 900/5004: loss=3.875710
  step 1000/5004: loss=2.867277
  step 1100/5004: loss=3.077825
  step 1200/5004: loss=2.336441
  step 1300/5004: loss=3.808632
  step 1400/5004: loss=2.759406
  step 1500/5004: loss=3.276508
  step 1600/5004: loss=2.735323
  step 1700/5004: loss=3.773243
  step 1800/5004: loss=2.550690
  step 1900/5004: loss=3.982457
  step 2000/5004: loss=4.324534
  step 2100/5004: loss=3.957453
  step 2200/5004: loss=4.265230
  step 2300/5004: loss=3.332273
  step 2400/5004: loss=4.228315
  step 2500/5004: loss=4.180828
  step 2600/5004: loss=3.518929
  step 2700/5004: loss=2.963421
  step 2800/5004: loss=3.322409
  step 2900/5004: loss=3.593396
  step 3000/5004: loss=2.943384
  step 3100/5004: loss=3.830521
  step 3200/5004: loss=3.376838
  step 3300/5004: loss=2.766379
  step 3400/5004: loss=3.768115
  step 3500/5004: loss=2.432706
  step 3600/5004: loss=4.040747
  step 3700/5004: loss=2.549039
  step 3800/5004: loss=4.188331
  step 3900/5004: loss=3.725175
  step 4000/5004: loss=3.892967
  step 4100/5004: loss=3.698898
  step 4200/5004: loss=4.099802
  step 4300/5004: loss=3.916184
  step 4400/5004: loss=1.895901
  step 4500/5004: loss=3.579034
  step 4600/5004: loss=3.673176
  step 4700/5004: loss=3.388879
  step 4800/5004: loss=3.123973
  step 4900/5004: loss=3.357894
  step 5000/5004: loss=2.262407
[pjrt_ffi] RESIDENT: @convnextin_fwd holds 182 parameter tensors (109.1 MB) on 4 devices; they stop crossing PCIe from here
Epoch 123/300: loss=3.500931 lr=0.000175
  epoch 123: test_acc = 38380/50000 = 76.760000%  top5 = 46744/50000 = 93.488000%  [95% CI 76.39–77.13]
  step 0/5004: loss=3.561635
  step 1/5004: loss=3.702490
  step 2/5004: loss=3.145275
  step 100/5004: loss=3.369252
  step 200/5004: loss=3.302224
  step 300/5004: loss=4.155532
  step 400/5004: loss=3.953322
  step 500/5004: loss=3.235669
  step 600/5004: loss=3.794562
  step 700/5004: loss=4.002927
  step 800/5004: loss=3.455111
  step 900/5004: loss=2.730235
  step 1000/5004: loss=3.703407
  step 1100/5004: loss=4.202266
  step 1200/5004: loss=4.046851
  step 1300/5004: loss=4.015810
  step 1400/5004: loss=3.664591
  step 1500/5004: loss=4.191688
  step 1600/5004: loss=4.011768
  step 1700/5004: loss=4.265753
  step 1800/5004: loss=3.607706
  step 1900/5004: loss=2.912599
  step 2000/5004: loss=3.836058
  step 2100/5004: loss=2.982360
  step 2200/5004: loss=3.304669
  step 2300/5004: loss=3.924336
  step 2400/5004: loss=3.677819
  step 2500/5004: loss=3.848083
  step 2600/5004: loss=3.666030
  step 2700/5004: loss=3.119883
  step 2800/5004: loss=3.588623
  step 2900/5004: loss=2.816905
  step 3000/5004: loss=4.029961
  step 3100/5004: loss=4.008053
  step 3200/5004: loss=3.804610
  step 3300/5004: loss=2.061393
  step 3400/5004: loss=3.122783
  step 3500/5004: loss=2.910016
  step 3600/5004: loss=3.504961
  step 3700/5004: loss=4.401731
  step 3800/5004: loss=3.191295
  step 3900/5004: loss=3.005737
  step 4000/5004: loss=3.241110
  step 4100/5004: loss=3.133029
  step 4200/5004: loss=3.702415
  step 4300/5004: loss=2.681583
  step 4400/5004: loss=3.536378
  step 4500/5004: loss=3.510395
  step 4600/5004: loss=3.179526
  step 4700/5004: loss=4.110343
  step 4800/5004: loss=3.927255
  step 4900/5004: loss=3.455281
  step 5000/5004: loss=2.439284
[pjrt_ffi] RESIDENT: @convnextin_fwd holds 182 parameter tensors (109.1 MB) on 4 devices; they stop crossing PCIe from here
Epoch 124/300: loss=3.493603 lr=0.000174
  epoch 124: test_acc = 38357/50000 = 76.714000%  top5 = 46866/50000 = 93.732000%  [95% CI 76.34–77.08]
  step 0/5004: loss=2.638703
  step 1/5004: loss=3.135602
  step 2/5004: loss=2.363753
  step 100/5004: loss=2.953406
  step 200/5004: loss=2.626389
  step 300/5004: loss=3.821649
  step 400/5004: loss=3.532564
  step 500/5004: loss=3.979817
  step 600/5004: loss=3.101937
  step 700/5004: loss=3.400831
  step 800/5004: loss=3.601575
  step 900/5004: loss=3.263443
  step 1000/5004: loss=2.933559
  step 1100/5004: loss=3.859517
  step 1200/5004: loss=4.226264
  step 1300/5004: loss=3.402366
  step 1400/5004: loss=4.120752
  step 1500/5004: loss=2.663923
  step 1600/5004: loss=3.720933
  step 1700/5004: loss=3.832908
  step 1800/5004: loss=3.312472
  step 1900/5004: loss=3.814422
  step 2000/5004: loss=2.513648
  step 2100/5004: loss=2.952116
  step 2200/5004: loss=4.118945
  step 2300/5004: loss=3.666749
  step 2400/5004: loss=2.978248
  step 2500/5004: loss=3.299197
  step 2600/5004: loss=4.065992
  step 2700/5004: loss=3.471172
  step 2800/5004: loss=3.980167
  step 2900/5004: loss=3.885166
  step 3000/5004: loss=3.554287
  step 3100/5004: loss=3.139862
  step 3200/5004: loss=3.599659
  step 3300/5004: loss=3.922564
  step 3400/5004: loss=3.882496
  step 3500/5004: loss=3.905442
  step 3600/5004: loss=2.562683
  step 3700/5004: loss=3.745432
  step 3800/5004: loss=4.422010
  step 3900/5004: loss=3.427461
  step 4000/5004: loss=4.180668
  step 4100/5004: loss=3.655901
  step 4200/5004: loss=2.901622
  step 4300/5004: loss=3.372963
  step 4400/5004: loss=3.265880
  step 4500/5004: loss=3.654928
  step 4600/5004: loss=4.437081
  step 4700/5004: loss=2.564785
  step 4800/5004: loss=2.435671
  step 4900/5004: loss=3.664639
  step 5000/5004: loss=2.387053
[pjrt_ffi] RESIDENT: @convnextin_fwd holds 182 parameter tensors (109.1 MB) on 4 devices; they stop crossing PCIe from here
Epoch 125/300: loss=3.497954 lr=0.000173
  epoch 125: test_acc = 38288/50000 = 76.576000%  top5 = 46832/50000 = 93.664000%  [95% CI 76.20–76.95]
  step 0/5004: loss=4.052694
  step 1/5004: loss=3.372283
  step 2/5004: loss=3.418135
  step 100/5004: loss=3.609362
  step 200/5004: loss=3.694689
  step 300/5004: loss=2.382329
  step 400/5004: loss=3.193525
  step 500/5004: loss=3.654897
  step 600/5004: loss=3.402896
  step 700/5004: loss=4.037195
  step 800/5004: loss=3.848173
  step 900/5004: loss=3.537555
  step 1000/5004: loss=3.468622
  step 1100/5004: loss=3.820822
  step 1200/5004: loss=3.325910
  step 1300/5004: loss=3.867705
  step 1400/5004: loss=3.531327
  step 1500/5004: loss=3.530783
  step 1600/5004: loss=3.641568
  step 1700/5004: loss=3.013852
  step 1800/5004: loss=3.950393
  step 1900/5004: loss=4.136107
  step 2000/5004: loss=3.607210
  step 2100/5004: loss=3.936940
  step 2200/5004: loss=3.624263
  step 2300/5004: loss=4.050156
  step 2400/5004: loss=3.367204
  step 2500/5004: loss=2.401167
  step 2600/5004: loss=3.695170
  step 2700/5004: loss=2.900968
  step 2800/5004: loss=2.453048
  step 2900/5004: loss=4.066298
  step 3000/5004: loss=4.039518
  step 3100/5004: loss=3.984149
  step 3200/5004: loss=2.843450
  step 3300/5004: loss=2.959503
  step 3400/5004: loss=3.367927
  step 3500/5004: loss=4.212389
  step 3600/5004: loss=3.702908
  step 3700/5004: loss=2.844849
  step 3800/5004: loss=3.369072
  step 3900/5004: loss=4.559749
  step 4000/5004: loss=2.740564
  step 4100/5004: loss=4.280318
  step 4200/5004: loss=2.722306
  step 4300/5004: loss=4.214388
  step 4400/5004: loss=3.738868
  step 4500/5004: loss=2.889122
  step 4600/5004: loss=3.571193
  step 4700/5004: loss=2.265496
  step 4800/5004: loss=3.121803
  step 4900/5004: loss=4.354850
  step 5000/5004: loss=3.690279
[pjrt_ffi] RESIDENT: @convnextin_fwd holds 182 parameter tensors (109.1 MB) on 4 devices; they stop crossing PCIe from here
Epoch 126/300: loss=3.467609 lr=0.000172
  epoch 126: test_acc = 38399/50000 = 76.798000%  top5 = 46843/50000 = 93.686000%  [95% CI 76.43–77.17]
  step 0/5004: loss=3.095510
  step 1/5004: loss=4.139373
  step 2/5004: loss=3.409855
  step 100/5004: loss=3.545405
  step 200/5004: loss=3.317093
  step 300/5004: loss=4.026006
  step 400/5004: loss=3.099092
  step 500/5004: loss=3.134303
  step 600/5004: loss=4.163143
  step 700/5004: loss=3.348332
  step 800/5004: loss=3.430641
  step 900/5004: loss=2.726672
  step 1000/5004: loss=2.830184
  step 1100/5004: loss=3.916562
  step 1200/5004: loss=4.054938
  step 1300/5004: loss=3.532516
  step 1400/5004: loss=3.727203
  step 1500/5004: loss=3.345326
  step 1600/5004: loss=4.201801
  step 1700/5004: loss=3.126425
  step 1800/5004: loss=4.150391
  step 1900/5004: loss=3.892346
  step 2000/5004: loss=3.179035
  step 2100/5004: loss=3.684303
  step 2200/5004: loss=4.241225
  step 2300/5004: loss=3.341883
  step 2400/5004: loss=3.412338
  step 2500/5004: loss=3.336870
  step 2600/5004: loss=3.002222
  step 2700/5004: loss=3.428979
  step 2800/5004: loss=3.544987
  step 2900/5004: loss=3.173974
  step 3000/5004: loss=3.488364
  step 3100/5004: loss=3.726474
  step 3200/5004: loss=3.053540
  step 3300/5004: loss=3.464861
  step 3400/5004: loss=3.258317
  step 3500/5004: loss=3.724918
  step 3600/5004: loss=4.057296
  step 3700/5004: loss=2.495858
  step 3800/5004: loss=2.743558
  step 3900/5004: loss=3.739524
  step 4000/5004: loss=4.251894
  step 4100/5004: loss=4.037834
  step 4200/5004: loss=3.998482
  step 4300/5004: loss=3.348154
  step 4400/5004: loss=4.116053
  step 4500/5004: loss=3.992559
  step 4600/5004: loss=3.009900
  step 4700/5004: loss=2.777454
  step 4800/5004: loss=1.958073
  step 4900/5004: loss=3.692476
  step 5000/5004: loss=2.298800
[pjrt_ffi] RESIDENT: @convnextin_fwd holds 182 parameter tensors (109.1 MB) on 4 devices; they stop crossing PCIe from here
Epoch 127/300: loss=3.480513 lr=0.000170
  epoch 127: test_acc = 38357/50000 = 76.714000%  top5 = 46887/50000 = 93.774000%  [95% CI 76.34–77.08]
  step 0/5004: loss=3.552850
  step 1/5004: loss=3.650979
  step 2/5004: loss=3.365646
  step 100/5004: loss=3.799486
  step 200/5004: loss=3.474337
  step 300/5004: loss=3.870339
  step 400/5004: loss=3.810415
  step 500/5004: loss=3.638755
  step 600/5004: loss=3.288301
  step 700/5004: loss=4.201077
  step 800/5004: loss=3.563431
  step 900/5004: loss=4.079826
  step 1000/5004: loss=3.444682
  step 1100/5004: loss=4.036767
  step 1200/5004: loss=3.266042
  step 1300/5004: loss=4.195632
  step 1400/5004: loss=3.802582
  step 1500/5004: loss=3.769332
  step 1600/5004: loss=3.610216
  step 1700/5004: loss=2.046799
  step 1800/5004: loss=3.718447
  step 1900/5004: loss=4.177225
  step 2000/5004: loss=3.779453
  step 2100/5004: loss=2.265724
  step 2200/5004: loss=3.677557
  step 2300/5004: loss=3.005302
  step 2400/5004: loss=3.832994
  step 2500/5004: loss=2.756032
  step 2600/5004: loss=3.763661
  step 2700/5004: loss=2.282995
  step 2800/5004: loss=3.802617
  step 2900/5004: loss=2.441348
  step 3000/5004: loss=2.728784
  step 3100/5004: loss=4.197017
  step 3200/5004: loss=3.793824
  step 3300/5004: loss=4.049137
  step 3400/5004: loss=3.657141
  step 3500/5004: loss=4.305381
  step 3600/5004: loss=3.703721
  step 3700/5004: loss=3.864644
  step 3800/5004: loss=3.787623
  step 3900/5004: loss=4.407372
  step 4000/5004: loss=3.660718
  step 4100/5004: loss=2.129546
  step 4200/5004: loss=3.194920
  step 4300/5004: loss=3.688901
  step 4400/5004: loss=2.252902
  step 4500/5004: loss=3.276320
  step 4600/5004: loss=2.956021
  step 4700/5004: loss=2.381133
  step 4800/5004: loss=3.531103
  step 4900/5004: loss=3.605808
  step 5000/5004: loss=3.660049
[pjrt_ffi] RESIDENT: @convnextin_fwd holds 182 parameter tensors (109.1 MB) on 4 devices; they stop crossing PCIe from here
Epoch 128/300: loss=3.461320 lr=0.000169
  epoch 128: test_acc = 38490/50000 = 76.980000%  top5 = 46809/50000 = 93.618000%  [95% CI 76.61–77.35]
  step 0/5004: loss=3.878290
  step 1/5004: loss=2.611586
  step 2/5004: loss=3.710147
  step 100/5004: loss=3.834167
  step 200/5004: loss=2.990963
  step 300/5004: loss=3.349066
  step 400/5004: loss=3.681797
  step 500/5004: loss=3.691487
  step 600/5004: loss=4.095049
  step 700/5004: loss=3.796813
  step 800/5004: loss=3.381585
  step 900/5004: loss=3.720145
  step 1000/5004: loss=2.765764
  step 1100/5004: loss=3.053818
  step 1200/5004: loss=2.957590
  step 1300/5004: loss=2.413274
  step 1400/5004: loss=3.134307
  step 1500/5004: loss=3.834804
  step 1600/5004: loss=2.784027
  step 1700/5004: loss=3.196594
  step 1800/5004: loss=4.427432
  step 1900/5004: loss=3.646565
  step 2000/5004: loss=2.156323
  step 2100/5004: loss=3.695678
  step 2200/5004: loss=3.089664
  step 2300/5004: loss=3.018464
  step 2400/5004: loss=3.841110
  step 2500/5004: loss=2.358174
  step 2600/5004: loss=2.902932
  step 2700/5004: loss=2.955622
  step 2800/5004: loss=4.150308
  step 2900/5004: loss=3.540489
  step 3000/5004: loss=2.898537
  step 3100/5004: loss=3.391705
  step 3200/5004: loss=4.272028
  step 3300/5004: loss=3.964845
  step 3400/5004: loss=4.333041
  step 3500/5004: loss=3.835300
  step 3600/5004: loss=4.041327
  step 3700/5004: loss=3.464384
  step 3800/5004: loss=3.760615
  step 3900/5004: loss=3.822826
  step 4000/5004: loss=2.357791
  step 4100/5004: loss=3.503423
  step 4200/5004: loss=3.598383
  step 4300/5004: loss=3.829748
  step 4400/5004: loss=4.184083
  step 4500/5004: loss=3.669611
  step 4600/5004: loss=2.922137
  step 4700/5004: loss=3.489357
  step 4800/5004: loss=2.694023
  step 4900/5004: loss=3.961522
  step 5000/5004: loss=2.811673
[pjrt_ffi] RESIDENT: @convnextin_fwd holds 182 parameter tensors (109.1 MB) on 4 devices; they stop crossing PCIe from here
Epoch 129/300: loss=3.467557 lr=0.000168
  epoch 129: test_acc = 38467/50000 = 76.934000%  top5 = 46861/50000 = 93.722000%  [95% CI 76.56–77.30]
  step 0/5004: loss=2.999176
  step 1/5004: loss=2.535113
  step 2/5004: loss=3.724282
  step 100/5004: loss=3.459548
  step 200/5004: loss=3.646477
  step 300/5004: loss=4.263133
  step 400/5004: loss=3.790507
  step 500/5004: loss=4.151273
  step 600/5004: loss=3.841108
  step 700/5004: loss=4.017228
  step 800/5004: loss=3.592154
  step 900/5004: loss=2.277709
  step 1000/5004: loss=3.584961
  step 1100/5004: loss=3.981490
  step 1200/5004: loss=3.248775
  step 1300/5004: loss=4.088922
  step 1400/5004: loss=3.816793
  step 1500/5004: loss=4.027509
  step 1600/5004: loss=3.803097
  step 1700/5004: loss=4.366570
  step 1800/5004: loss=2.975790
  step 1900/5004: loss=4.333405
  step 2000/5004: loss=3.906727
  step 2100/5004: loss=3.148257
  step 2200/5004: loss=3.826500
  step 2300/5004: loss=4.294953
  step 2400/5004: loss=2.552491
  step 2500/5004: loss=4.362300
  step 2600/5004: loss=3.803766
  step 2700/5004: loss=3.949189
  step 2800/5004: loss=3.867271
  step 2900/5004: loss=2.772971
  step 3000/5004: loss=2.546313
  step 3100/5004: loss=3.037604
  step 3200/5004: loss=3.319535
  step 3300/5004: loss=4.499501
  step 3400/5004: loss=2.997209
  step 3500/5004: loss=4.281076
  step 3600/5004: loss=3.728434
  step 3700/5004: loss=3.834824
  step 3800/5004: loss=3.874458
  step 3900/5004: loss=2.720008
  step 4000/5004: loss=3.317688
  step 4100/5004: loss=2.669955
  step 4200/5004: loss=3.381697
  step 4300/5004: loss=2.227644
  step 4400/5004: loss=2.380508
  step 4500/5004: loss=4.097149
  step 4600/5004: loss=3.565175
  step 4700/5004: loss=2.800594
  step 4800/5004: loss=3.825640
  step 4900/5004: loss=3.905390
  step 5000/5004: loss=3.908081
[pjrt_ffi] RESIDENT: @convnextin_fwd holds 182 parameter tensors (109.1 MB) on 4 devices; they stop crossing PCIe from here
Epoch 130/300: loss=3.475768 lr=0.000166
  epoch 130: test_acc = 38414/50000 = 76.828000%  top5 = 46832/50000 = 93.664000%  [95% CI 76.46–77.20]
WARNING: All log messages before absl::InitializeLog() is called are written to STDERR
I0000 00:00:1789884369.682144  572990 port.cc:153] oneDNN custom operations are on. You may see slightly different numerical results due to floating-point round-off errors from different computation orders. To turn them off, set the environment variable `TF_ENABLE_ONEDNN_OPTS=0`.
I0000 00:00:1789884369.914571  572990 cpu_feature_guard.cc:227] This TensorFlow binary is optimized to use available CPU instructions in performance-critical operations.
To enable the following instructions: AVX2 AVX512F AVX512_VNNI AVX512_BF16 AVX512_FP16 AVX_VNNI AMX_TILE AMX_INT8 AMX_BF16 FMA, in other operations, rebuild TensorFlow with the appropriate compiler flags.
WARNING: All log messages before absl::InitializeLog() is called are written to STDERR
I0000 00:00:1789884371.784994  572990 port.cc:153] oneDNN custom operations are on. You may see slightly different numerical results due to floating-point round-off errors from different computation orders. To turn them off, set the environment variable `TF_ENABLE_ONEDNN_OPTS=0`.
  imagenet shim: jax/.lake/build/generated_convnext_tiny_imagenet_shim.py — train split, batch 256, 150528 floats/img (seed 53), wire v4 soft targets [256x1000]
  ▸ shim respawn: producer 0 of 4 replaced after epoch 130 (generation 13, seed 53)
I0000 00:00:1789884374.261643  573115 tf_record_dataset_op.cc:396] The default buffer size is 262144, which is overridden by the user specified `buffer_size` of 8388608
  step 0/5004: loss=2.273172
  step 1/5004: loss=3.846997
  step 2/5004: loss=4.258871
  step 100/5004: loss=3.529113
  step 200/5004: loss=4.411061
  step 300/5004: loss=3.460788
  step 400/5004: loss=3.002682
  step 500/5004: loss=2.859987
  step 600/5004: loss=3.563750
  step 700/5004: loss=3.967556
  step 800/5004: loss=4.037148
  step 900/5004: loss=2.929582
  step 1000/5004: loss=2.644110
  step 1100/5004: loss=3.506357
  step 1200/5004: loss=3.468995
  step 1300/5004: loss=3.082667
  step 1400/5004: loss=4.114972
  step 1500/5004: loss=3.932838
  step 1600/5004: loss=4.139861
  step 1700/5004: loss=3.902857
  step 1800/5004: loss=4.112590
  step 1900/5004: loss=3.850649
  step 2000/5004: loss=2.445903
  step 2100/5004: loss=3.837886
  step 2200/5004: loss=3.705995
  step 2300/5004: loss=4.336458
  step 2400/5004: loss=3.552189
  step 2500/5004: loss=3.640034
  step 2600/5004: loss=3.035050
  step 2700/5004: loss=2.799504
  step 2800/5004: loss=4.253107
  step 2900/5004: loss=3.780654
  step 3000/5004: loss=3.988665
  step 3100/5004: loss=2.621630
  step 3200/5004: loss=3.253762
  step 3300/5004: loss=3.372488
  step 3400/5004: loss=3.148087
  step 3500/5004: loss=3.663197
  step 3600/5004: loss=2.763304
  step 3700/5004: loss=3.874734
  step 3800/5004: loss=2.669426
  step 3900/5004: loss=3.419029
  step 4000/5004: loss=4.406872
  step 4100/5004: loss=3.312602
  step 4200/5004: loss=2.417814
  step 4300/5004: loss=3.779895
  step 4400/5004: loss=3.554159
  step 4500/5004: loss=3.249159
  step 4600/5004: loss=4.118982
  step 4700/5004: loss=4.268800
  step 4800/5004: loss=4.336101
  step 4900/5004: loss=3.570305
  step 5000/5004: loss=3.292706
[pjrt_ffi] RESIDENT: @convnextin_fwd holds 182 parameter tensors (109.1 MB) on 4 devices; they stop crossing PCIe from here
Epoch 131/300: loss=3.461797 lr=0.000165
  epoch 131: test_acc = 38511/50000 = 77.022000%  top5 = 46903/50000 = 93.806000%  [95% CI 76.65–77.39]
  step 0/5004: loss=3.385356
  step 1/5004: loss=3.545319
  step 2/5004: loss=3.282338
  step 100/5004: loss=2.797851
  step 200/5004: loss=3.223952
  step 300/5004: loss=4.098769
  step 400/5004: loss=3.519044
  step 500/5004: loss=2.418562
  step 600/5004: loss=3.754544
  step 700/5004: loss=2.218785
  step 800/5004: loss=3.652577
  step 900/5004: loss=4.055647
  step 1000/5004: loss=3.642074
  step 1100/5004: loss=3.343738
  step 1200/5004: loss=3.627966
  step 1300/5004: loss=3.019017
  step 1400/5004: loss=3.479943
  step 1500/5004: loss=3.109668
  step 1600/5004: loss=3.660427
  step 1700/5004: loss=4.358793
  step 1800/5004: loss=3.493958
  step 1900/5004: loss=3.666779
  step 2000/5004: loss=3.865208
  step 2100/5004: loss=4.336419
  step 2200/5004: loss=3.363074
  step 2300/5004: loss=3.000708
  step 2400/5004: loss=3.801567
  step 2500/5004: loss=3.792888
  step 2600/5004: loss=3.485586
  step 2700/5004: loss=3.042784
  step 2800/5004: loss=2.790552
  step 2900/5004: loss=4.156870
  step 3000/5004: loss=3.694427
  step 3100/5004: loss=2.418480
  step 3200/5004: loss=3.742847
  step 3300/5004: loss=3.267380
  step 3400/5004: loss=3.302549
  step 3500/5004: loss=3.054014
  step 3600/5004: loss=3.440837
  step 3700/5004: loss=4.281208
  step 3800/5004: loss=3.482876
  step 3900/5004: loss=3.033903
  step 4000/5004: loss=3.525126
  step 4100/5004: loss=4.266016
  step 4200/5004: loss=3.375895
  step 4300/5004: loss=3.334102
  step 4400/5004: loss=3.854183
  step 4500/5004: loss=4.072290
  step 4600/5004: loss=2.792904
  step 4700/5004: loss=4.035096
  step 4800/5004: loss=3.167587
  step 4900/5004: loss=4.278972
  step 5000/5004: loss=3.674455
[pjrt_ffi] RESIDENT: @convnextin_fwd holds 182 parameter tensors (109.1 MB) on 4 devices; they stop crossing PCIe from here
Epoch 132/300: loss=3.454674 lr=0.000164
  epoch 132: test_acc = 38404/50000 = 76.808000%  top5 = 46794/50000 = 93.588000%  [95% CI 76.44–77.18]
  step 0/5004: loss=2.487238
  step 1/5004: loss=2.567570
  step 2/5004: loss=3.954007
  step 100/5004: loss=3.085104
  step 200/5004: loss=3.934600
  step 300/5004: loss=3.808812
  step 400/5004: loss=3.028526
  step 500/5004: loss=3.066635
  step 600/5004: loss=2.869759
  step 700/5004: loss=3.413308
  step 800/5004: loss=3.771008
  step 900/5004: loss=3.647338
  step 1000/5004: loss=3.949160
  step 1100/5004: loss=4.055149
  step 1200/5004: loss=3.654680
  step 1300/5004: loss=3.457727
  step 1400/5004: loss=4.123865
  step 1500/5004: loss=3.447495
  step 1600/5004: loss=2.910655
  step 1700/5004: loss=3.086115
  step 1800/5004: loss=1.893303
  step 1900/5004: loss=3.319861
  step 2000/5004: loss=3.940907
  step 2100/5004: loss=3.757096
  step 2200/5004: loss=3.035069
  step 2300/5004: loss=1.825925
  step 2400/5004: loss=2.142370
  step 2500/5004: loss=3.621109
  step 2600/5004: loss=4.387901
  step 2700/5004: loss=3.669523
  step 2800/5004: loss=2.507030
  step 2900/5004: loss=3.864310
  step 3000/5004: loss=4.078191
  step 3100/5004: loss=3.843245
  step 3200/5004: loss=4.415401
  step 3300/5004: loss=3.142591
  step 3400/5004: loss=3.805463
  step 3500/5004: loss=3.525615
  step 3600/5004: loss=4.191406
  step 3700/5004: loss=3.930855
  step 3800/5004: loss=3.780541
  step 3900/5004: loss=2.647051
  step 4000/5004: loss=4.407790
  step 4100/5004: loss=3.479503
  step 4200/5004: loss=4.084701
  step 4300/5004: loss=3.595634
  step 4400/5004: loss=3.573854
  step 4500/5004: loss=3.791723
  step 4600/5004: loss=3.810852
  step 4700/5004: loss=3.137644
  step 4800/5004: loss=4.163348
  step 4900/5004: loss=3.735928
  step 5000/5004: loss=2.387755
[pjrt_ffi] RESIDENT: @convnextin_fwd holds 182 parameter tensors (109.1 MB) on 4 devices; they stop crossing PCIe from here
Epoch 133/300: loss=3.456645 lr=0.000162
  epoch 133: test_acc = 38427/50000 = 76.854000%  top5 = 46832/50000 = 93.664000%  [95% CI 76.48–77.22]
  step 0/5004: loss=3.736798
  step 1/5004: loss=3.505102
  step 2/5004: loss=3.528065
  step 100/5004: loss=3.743735
  step 200/5004: loss=3.231695
  step 300/5004: loss=3.613089
  step 400/5004: loss=2.962006
  step 500/5004: loss=3.694250
  step 600/5004: loss=3.594653
  step 700/5004: loss=3.785361
  step 800/5004: loss=3.156983
  step 900/5004: loss=3.411139
  step 1000/5004: loss=3.602622
  step 1100/5004: loss=4.275427
  step 1200/5004: loss=3.386811
  step 1300/5004: loss=2.494275
  step 1400/5004: loss=3.607092
  step 1500/5004: loss=4.044418
  step 1600/5004: loss=4.011241
  step 1700/5004: loss=3.846336
  step 1800/5004: loss=3.576063
  step 1900/5004: loss=4.110665
  step 2000/5004: loss=2.267069
  step 2100/5004: loss=3.738298
  step 2200/5004: loss=3.715870
  step 2300/5004: loss=2.283915
  step 2400/5004: loss=3.363420
  step 2500/5004: loss=3.982270
  step 2600/5004: loss=3.814235
  step 2700/5004: loss=4.115226
  step 2800/5004: loss=3.095508
  step 2900/5004: loss=4.325001
  step 3000/5004: loss=3.631509
  step 3100/5004: loss=2.603123
  step 3200/5004: loss=3.079923
  step 3300/5004: loss=4.488180
  step 3400/5004: loss=3.746485
  step 3500/5004: loss=2.615298
  step 3600/5004: loss=3.328130
  step 3700/5004: loss=3.158033
  step 3800/5004: loss=3.959687
  step 3900/5004: loss=2.959200
  step 4000/5004: loss=4.013997
  step 4100/5004: loss=2.626013
  step 4200/5004: loss=3.896321
  step 4300/5004: loss=4.002621
  step 4400/5004: loss=4.110069
  step 4500/5004: loss=2.378556
  step 4600/5004: loss=3.689216
  step 4700/5004: loss=2.820436
  step 4800/5004: loss=2.893411
  step 4900/5004: loss=3.254678
  step 5000/5004: loss=2.825856
[pjrt_ffi] RESIDENT: @convnextin_fwd holds 182 parameter tensors (109.1 MB) on 4 devices; they stop crossing PCIe from here
Epoch 134/300: loss=3.457847 lr=0.000161
  epoch 134: test_acc = 38531/50000 = 77.062000%  top5 = 47005/50000 = 94.010000%  [95% CI 76.69–77.43]
  step 0/5004: loss=3.018219
  step 1/5004: loss=3.653785
  step 2/5004: loss=2.928507
  step 100/5004: loss=3.099691
  step 200/5004: loss=2.816755
  step 300/5004: loss=3.700369
  step 400/5004: loss=4.049463
  step 500/5004: loss=3.723895
  step 600/5004: loss=2.764385
  step 700/5004: loss=3.101348
  step 800/5004: loss=3.157524
  step 900/5004: loss=3.639439
  step 1000/5004: loss=3.240253
  step 1100/5004: loss=2.997200
  step 1200/5004: loss=4.330053
  step 1300/5004: loss=2.967047
  step 1400/5004: loss=3.378276
  step 1500/5004: loss=2.779999
  step 1600/5004: loss=4.114312
  step 1700/5004: loss=3.196106
  step 1800/5004: loss=3.706450
  step 1900/5004: loss=3.560919
  step 2000/5004: loss=4.152373
  step 2100/5004: loss=3.591965
  step 2200/5004: loss=4.128469
  step 2300/5004: loss=2.900443
  step 2400/5004: loss=2.289626
  step 2500/5004: loss=3.544014
  step 2600/5004: loss=3.223693
  step 2700/5004: loss=2.830811
  step 2800/5004: loss=2.678402
  step 2900/5004: loss=3.125709
  step 3000/5004: loss=4.245445
  step 3100/5004: loss=3.759172
  step 3200/5004: loss=3.106470
  step 3300/5004: loss=3.776764
  step 3400/5004: loss=4.325255
  step 3500/5004: loss=3.916464
  step 3600/5004: loss=3.900048
  step 3700/5004: loss=3.461026
  step 3800/5004: loss=4.159866
  step 3900/5004: loss=3.275801
  step 4000/5004: loss=3.562171
  step 4100/5004: loss=3.511966
  step 4200/5004: loss=4.222319
  step 4300/5004: loss=3.980591
  step 4400/5004: loss=3.122677
  step 4500/5004: loss=3.175449
  step 4600/5004: loss=3.426852
  step 4700/5004: loss=3.557040
  step 4800/5004: loss=3.386657
  step 4900/5004: loss=4.071238
  step 5000/5004: loss=4.269348
[pjrt_ffi] RESIDENT: @convnextin_fwd holds 182 parameter tensors (109.1 MB) on 4 devices; they stop crossing PCIe from here
Epoch 135/300: loss=3.463217 lr=0.000160
  epoch 135: test_acc = 38584/50000 = 77.168000%  top5 = 46919/50000 = 93.838000%  [95% CI 76.80–77.53]
  step 0/5004: loss=3.311697
  step 1/5004: loss=2.862258
  step 2/5004: loss=3.944588
  step 100/5004: loss=3.573033
  step 200/5004: loss=2.977970
  step 300/5004: loss=3.474501
  step 400/5004: loss=3.567094
  step 500/5004: loss=3.738267
  step 600/5004: loss=3.811642
  step 700/5004: loss=4.118167
  step 800/5004: loss=3.770298
  step 900/5004: loss=2.505225
  step 1000/5004: loss=3.478151
  step 1100/5004: loss=3.791537
  step 1200/5004: loss=4.009781
  step 1300/5004: loss=2.297168
  step 1400/5004: loss=3.968143
  step 1500/5004: loss=4.067975
  step 1600/5004: loss=3.376937
  step 1700/5004: loss=4.077854
  step 1800/5004: loss=3.444279
  step 1900/5004: loss=4.063871
  step 2000/5004: loss=2.759870
  step 2100/5004: loss=3.166601
  step 2200/5004: loss=3.041562
  step 2300/5004: loss=2.512677
  step 2400/5004: loss=3.743922
  step 2500/5004: loss=3.107681
  step 2600/5004: loss=3.107620
  step 2700/5004: loss=2.871443
  step 2800/5004: loss=3.090854
  step 2900/5004: loss=4.106462
  step 3000/5004: loss=4.065639
  step 3100/5004: loss=2.130905
  step 3200/5004: loss=3.060732
  step 3300/5004: loss=3.686257
  step 3400/5004: loss=3.454913
  step 3500/5004: loss=3.977025
  step 3600/5004: loss=3.746975
  step 3700/5004: loss=3.757334
  step 3800/5004: loss=3.371244
  step 3900/5004: loss=3.465982
  step 4000/5004: loss=3.465373
  step 4100/5004: loss=3.950748
  step 4200/5004: loss=2.866556
  step 4300/5004: loss=2.850196
  step 4400/5004: loss=3.981830
  step 4500/5004: loss=3.500460
  step 4600/5004: loss=2.945039
  step 4700/5004: loss=3.973498
  step 4800/5004: loss=3.216506
  step 4900/5004: loss=4.104260
  step 5000/5004: loss=2.928868
[pjrt_ffi] RESIDENT: @convnextin_fwd holds 182 parameter tensors (109.1 MB) on 4 devices; they stop crossing PCIe from here
Epoch 136/300: loss=3.445029 lr=0.000158
  epoch 136: test_acc = 38546/50000 = 77.092000%  top5 = 46900/50000 = 93.800000%  [95% CI 76.72–77.46]
  step 0/5004: loss=2.580770
  step 1/5004: loss=3.568987
  step 2/5004: loss=4.194226
  step 100/5004: loss=3.991159
  step 200/5004: loss=3.338400
  step 300/5004: loss=3.983857
  step 400/5004: loss=2.157231
  step 500/5004: loss=2.770433
  step 600/5004: loss=3.579636
  step 700/5004: loss=3.782282
  step 800/5004: loss=4.080470
  step 900/5004: loss=3.562770
  step 1000/5004: loss=3.583780
  step 1100/5004: loss=3.000105
  step 1200/5004: loss=3.882015
  step 1300/5004: loss=3.576668
  step 1400/5004: loss=4.380049
  step 1500/5004: loss=2.931116
  step 1600/5004: loss=2.585116
  step 1700/5004: loss=3.786951
  step 1800/5004: loss=4.443400
  step 1900/5004: loss=3.691246
  step 2000/5004: loss=2.073213
  step 2100/5004: loss=3.553113
  step 2200/5004: loss=4.308946
  step 2300/5004: loss=3.337285
  step 2400/5004: loss=4.182981
  step 2500/5004: loss=3.630066
  step 2600/5004: loss=3.442976
  step 2700/5004: loss=3.205266
  step 2800/5004: loss=4.008554
  step 2900/5004: loss=3.020356
  step 3000/5004: loss=4.025849
  step 3100/5004: loss=2.910349
  step 3200/5004: loss=3.967325
  step 3300/5004: loss=3.812768
  step 3400/5004: loss=3.582037
  step 3500/5004: loss=3.396787
  step 3600/5004: loss=3.750999
  step 3700/5004: loss=3.738288
  step 3800/5004: loss=3.296457
  step 3900/5004: loss=2.976823
  step 4000/5004: loss=2.221913
  step 4100/5004: loss=3.436365
  step 4200/5004: loss=2.703346
  step 4300/5004: loss=3.489753
  step 4400/5004: loss=4.410937
  step 4500/5004: loss=2.781586
  step 4600/5004: loss=4.379245
  step 4700/5004: loss=3.601902
  step 4800/5004: loss=3.516041
  step 4900/5004: loss=3.766886
  step 5000/5004: loss=3.871854
[pjrt_ffi] RESIDENT: @convnextin_fwd holds 182 parameter tensors (109.1 MB) on 4 devices; they stop crossing PCIe from here
Epoch 137/300: loss=3.440692 lr=0.000157
  epoch 137: test_acc = 38625/50000 = 77.250000%  top5 = 46901/50000 = 93.802000%  [95% CI 76.88–77.62]
  step 0/5004: loss=3.466590
  step 1/5004: loss=3.644229
  step 2/5004: loss=3.519172
  step 100/5004: loss=4.022931
  step 200/5004: loss=3.998006
  step 300/5004: loss=4.086990
  step 400/5004: loss=3.880580
  step 500/5004: loss=3.176904
  step 600/5004: loss=3.642664
  step 700/5004: loss=3.527477
  step 800/5004: loss=3.562944
  step 900/5004: loss=4.100439
  step 1000/5004: loss=3.642996
  step 1100/5004: loss=3.992959
  step 1200/5004: loss=3.215003
  step 1300/5004: loss=2.961565
  step 1400/5004: loss=2.846784
  step 1500/5004: loss=3.898997
  step 1600/5004: loss=3.347815
  step 1700/5004: loss=4.047207
  step 1800/5004: loss=3.310466
  step 1900/5004: loss=4.461802
  step 2000/5004: loss=3.839799
  step 2100/5004: loss=4.263416
  step 2200/5004: loss=3.229901
  step 2300/5004: loss=4.217064
  step 2400/5004: loss=3.935317
  step 2500/5004: loss=3.774302
  step 2600/5004: loss=3.712944
  step 2700/5004: loss=2.156027
  step 2800/5004: loss=3.324814
  step 2900/5004: loss=2.664433
  step 3000/5004: loss=3.463360
  step 3100/5004: loss=3.651814
  step 3200/5004: loss=3.627595
  step 3300/5004: loss=2.247832
  step 3400/5004: loss=3.350153
  step 3500/5004: loss=3.414568
  step 3600/5004: loss=3.872771
  step 3700/5004: loss=3.995444
  step 3800/5004: loss=3.629417
  step 3900/5004: loss=4.205093
  step 4000/5004: loss=3.592533
  step 4100/5004: loss=4.373967
  step 4200/5004: loss=2.868986
  step 4300/5004: loss=2.210744
  step 4400/5004: loss=3.479924
  step 4500/5004: loss=2.944009
  step 4600/5004: loss=3.283843
  step 4700/5004: loss=2.256105
  step 4800/5004: loss=3.754287
  step 4900/5004: loss=2.951514
  step 5000/5004: loss=2.593171
[pjrt_ffi] RESIDENT: @convnextin_fwd holds 182 parameter tensors (109.1 MB) on 4 devices; they stop crossing PCIe from here
Epoch 138/300: loss=3.442537 lr=0.000156
  epoch 138: test_acc = 38617/50000 = 77.234000%  top5 = 46979/50000 = 93.958000%  [95% CI 76.86–77.60]
  step 0/5004: loss=3.654887
  step 1/5004: loss=3.564018
  step 2/5004: loss=3.644504
  step 100/5004: loss=3.135826
  step 200/5004: loss=4.043629
  step 300/5004: loss=2.757579
  step 400/5004: loss=2.384237
  step 500/5004: loss=3.397852
  step 600/5004: loss=4.079162
  step 700/5004: loss=3.227227
  step 800/5004: loss=3.609412
  step 900/5004: loss=3.701502
  step 1000/5004: loss=3.508884
  step 1100/5004: loss=3.735574
  step 1200/5004: loss=3.972106
  step 1300/5004: loss=3.615277
  step 1400/5004: loss=3.540247
  step 1500/5004: loss=3.629988
  step 1600/5004: loss=3.808000
  step 1700/5004: loss=3.647260
  step 1800/5004: loss=2.481121
  step 1900/5004: loss=3.801147
  step 2000/5004: loss=4.012083
  step 2100/5004: loss=3.322297
  step 2200/5004: loss=2.886038
  step 2300/5004: loss=2.927931
  step 2400/5004: loss=3.689807
  step 2500/5004: loss=3.693288
  step 2600/5004: loss=3.957688
  step 2700/5004: loss=3.803815
  step 2800/5004: loss=3.812112
  step 2900/5004: loss=3.647341
  step 3000/5004: loss=3.325110
  step 3100/5004: loss=2.995450
  step 3200/5004: loss=2.661445
  step 3300/5004: loss=3.466187
  step 3400/5004: loss=3.025524
  step 3500/5004: loss=3.535857
  step 3600/5004: loss=4.018552
  step 3700/5004: loss=2.967021
  step 3800/5004: loss=4.603224
  step 3900/5004: loss=3.371659
  step 4000/5004: loss=3.028598
  step 4100/5004: loss=2.415947
  step 4200/5004: loss=3.946332
  step 4300/5004: loss=3.546886
  step 4400/5004: loss=3.307528
  step 4500/5004: loss=3.951839
  step 4600/5004: loss=3.094568
  step 4700/5004: loss=3.663834
  step 4800/5004: loss=2.210617
  step 4900/5004: loss=3.511715
  step 5000/5004: loss=3.890441
[pjrt_ffi] RESIDENT: @convnextin_fwd holds 182 parameter tensors (109.1 MB) on 4 devices; they stop crossing PCIe from here
Epoch 139/300: loss=3.447975 lr=0.000154
  epoch 139: test_acc = 38596/50000 = 77.192000%  top5 = 46882/50000 = 93.764000%  [95% CI 76.82–77.56]
  step 0/5004: loss=3.627082
  step 1/5004: loss=3.564790
  step 2/5004: loss=3.756804
  step 100/5004: loss=4.122833
  step 200/5004: loss=3.764729
  step 300/5004: loss=3.613110
  step 400/5004: loss=3.301854
  step 500/5004: loss=2.293548
  step 600/5004: loss=3.795592
  step 700/5004: loss=2.874471
  step 800/5004: loss=3.077172
  step 900/5004: loss=3.962456
  step 1000/5004: loss=3.370697
  step 1100/5004: loss=4.539774
  step 1200/5004: loss=4.035937
  step 1300/5004: loss=2.605563
  step 1400/5004: loss=3.674725
  step 1500/5004: loss=3.789323
  step 1600/5004: loss=3.814517
  step 1700/5004: loss=3.628067
  step 1800/5004: loss=3.694751
  step 1900/5004: loss=2.529567
  step 2000/5004: loss=3.759898
  step 2100/5004: loss=2.660309
  step 2200/5004: loss=3.471931
  step 2300/5004: loss=2.238593
  step 2400/5004: loss=2.170423
  step 2500/5004: loss=3.988852
  step 2600/5004: loss=3.905621
  step 2700/5004: loss=3.132508
  step 2800/5004: loss=2.868652
  step 2900/5004: loss=3.077319
  step 3000/5004: loss=2.679548
  step 3100/5004: loss=3.527006
  step 3200/5004: loss=3.123861
  step 3300/5004: loss=2.794348
  step 3400/5004: loss=4.009416
  step 3500/5004: loss=3.613355
  step 3600/5004: loss=2.927494
  step 3700/5004: loss=4.013917
  step 3800/5004: loss=3.675609
  step 3900/5004: loss=4.301365
  step 4000/5004: loss=3.911771
  step 4100/5004: loss=4.014295
  step 4200/5004: loss=3.825058
  step 4300/5004: loss=2.940655
  step 4400/5004: loss=3.078074
  step 4500/5004: loss=3.649512
  step 4600/5004: loss=3.290022
  step 4700/5004: loss=3.597663
  step 4800/5004: loss=3.523573
  step 4900/5004: loss=3.674747
  step 5000/5004: loss=3.553524
[pjrt_ffi] RESIDENT: @convnextin_fwd holds 182 parameter tensors (109.1 MB) on 4 devices; they stop crossing PCIe from here
Epoch 140/300: loss=3.434439 lr=0.000153
  epoch 140: test_acc = 38692/50000 = 77.384000%  top5 = 46977/50000 = 93.954000%  [95% CI 77.02–77.75]
WARNING: All log messages before absl::InitializeLog() is called are written to STDERR
I0000 00:00:1789895318.802823  611074 port.cc:153] oneDNN custom operations are on. You may see slightly different numerical results due to floating-point round-off errors from different computation orders. To turn them off, set the environment variable `TF_ENABLE_ONEDNN_OPTS=0`.
I0000 00:00:1789895319.044386  611074 cpu_feature_guard.cc:227] This TensorFlow binary is optimized to use available CPU instructions in performance-critical operations.
To enable the following instructions: AVX2 AVX512F AVX512_VNNI AVX512_BF16 AVX512_FP16 AVX_VNNI AMX_TILE AMX_INT8 AMX_BF16 FMA, in other operations, rebuild TensorFlow with the appropriate compiler flags.
WARNING: All log messages before absl::InitializeLog() is called are written to STDERR
I0000 00:00:1789895320.921407  611074 port.cc:153] oneDNN custom operations are on. You may see slightly different numerical results due to floating-point round-off errors from different computation orders. To turn them off, set the environment variable `TF_ENABLE_ONEDNN_OPTS=0`.
  imagenet shim: jax/.lake/build/generated_convnext_tiny_imagenet_shim.py — train split, batch 256, 150528 floats/img (seed 58), wire v4 soft targets [256x1000]
  ▸ shim respawn: producer 1 of 4 replaced after epoch 140 (generation 14, seed 58)
  step 0/5004: loss=3.681490
I0000 00:00:1789895323.345373  611191 tf_record_dataset_op.cc:396] The default buffer size is 262144, which is overridden by the user specified `buffer_size` of 8388608
  step 1/5004: loss=4.184568
  step 2/5004: loss=3.993577
  step 100/5004: loss=3.526153
  step 200/5004: loss=2.996085
  step 300/5004: loss=3.830235
  step 400/5004: loss=4.319035
  step 500/5004: loss=3.454884
  step 600/5004: loss=4.404092
  step 700/5004: loss=2.477340
  step 800/5004: loss=4.167090
  step 900/5004: loss=2.800197
  step 1000/5004: loss=3.989859
  step 1100/5004: loss=3.147957
  step 1200/5004: loss=3.597072
  step 1300/5004: loss=2.687756
  step 1400/5004: loss=3.457194
  step 1500/5004: loss=3.493259
  step 1600/5004: loss=4.075393
  step 1700/5004: loss=2.008868
  step 1800/5004: loss=4.268189
  step 1900/5004: loss=3.229534
  step 2000/5004: loss=4.287952
  step 2100/5004: loss=3.404535
  step 2200/5004: loss=3.565422
  step 2300/5004: loss=3.253102
  step 2400/5004: loss=2.806993
  step 2500/5004: loss=3.930618
  step 2600/5004: loss=3.113135
  step 2700/5004: loss=3.278937
  step 2800/5004: loss=3.959952
  step 2900/5004: loss=3.434948
  step 3000/5004: loss=3.150400
  step 3100/5004: loss=3.615700
  step 3200/5004: loss=4.037683
  step 3300/5004: loss=2.331455
  step 3400/5004: loss=2.630189
  step 3500/5004: loss=3.824597
  step 3600/5004: loss=3.543366
  step 3700/5004: loss=3.638201
  step 3800/5004: loss=3.091942
  step 3900/5004: loss=2.903991
  step 4000/5004: loss=2.737778
  step 4100/5004: loss=3.272973
  step 4200/5004: loss=4.016643
  step 4300/5004: loss=2.992373
  step 4400/5004: loss=2.260733
  step 4500/5004: loss=4.067873
  step 4600/5004: loss=3.665788
  step 4700/5004: loss=3.908333
  step 4800/5004: loss=4.207059
  step 4900/5004: loss=3.091990
  step 5000/5004: loss=3.475687
[pjrt_ffi] RESIDENT: @convnextin_fwd holds 182 parameter tensors (109.1 MB) on 4 devices; they stop crossing PCIe from here
Epoch 141/300: loss=3.423518 lr=0.000151
  epoch 141: test_acc = 38709/50000 = 77.418000%  top5 = 46991/50000 = 93.982000%  [95% CI 77.05–77.78]
  step 0/5004: loss=3.803102
  step 1/5004: loss=3.747806
  step 2/5004: loss=3.161824
  step 100/5004: loss=3.873967
  step 200/5004: loss=3.560851
  step 300/5004: loss=2.551201
  step 400/5004: loss=2.908418
  step 500/5004: loss=4.351874
  step 600/5004: loss=3.552955
  step 700/5004: loss=2.542090
  step 800/5004: loss=3.313089
  step 900/5004: loss=4.390928
  step 1000/5004: loss=3.544940
  step 1100/5004: loss=3.734385
  step 1200/5004: loss=3.482495
  step 1300/5004: loss=3.981204
  step 1400/5004: loss=3.433855
  step 1500/5004: loss=4.211829
  step 1600/5004: loss=3.408430
  step 1700/5004: loss=3.097785
  step 1800/5004: loss=3.547153
  step 1900/5004: loss=3.745727
  step 2000/5004: loss=3.499472
  step 2100/5004: loss=3.738037
  step 2200/5004: loss=3.719483
  step 2300/5004: loss=4.321263
  step 2400/5004: loss=3.831042
  step 2500/5004: loss=4.182621
  step 2600/5004: loss=3.857368
  step 2700/5004: loss=3.964250
  step 2800/5004: loss=3.653579
  step 2900/5004: loss=3.487916
  step 3000/5004: loss=3.537788
  step 3100/5004: loss=2.841593
  step 3200/5004: loss=3.580997
  step 3300/5004: loss=4.038482
  step 3400/5004: loss=3.448061
  step 3500/5004: loss=4.122005
  step 3600/5004: loss=2.586244
  step 3700/5004: loss=3.590073
  step 3800/5004: loss=3.960416
  step 3900/5004: loss=4.075862
  step 4000/5004: loss=3.942986
  step 4100/5004: loss=2.891535
  step 4200/5004: loss=3.479580
  step 4300/5004: loss=4.034726
  step 4400/5004: loss=4.340779
  step 4500/5004: loss=3.350447
  step 4600/5004: loss=3.639010
  step 4700/5004: loss=4.103504
  step 4800/5004: loss=4.021094
  step 4900/5004: loss=3.733130
  step 5000/5004: loss=3.706018
[pjrt_ffi] RESIDENT: @convnextin_fwd holds 182 parameter tensors (109.1 MB) on 4 devices; they stop crossing PCIe from here
Epoch 142/300: loss=3.421637 lr=0.000150
  epoch 142: test_acc = 38770/50000 = 77.540000%  top5 = 47025/50000 = 94.050000%  [95% CI 77.17–77.90]
  step 0/5004: loss=3.680762
  step 1/5004: loss=3.656610
  step 2/5004: loss=4.274263
  step 100/5004: loss=2.985853
  step 200/5004: loss=3.072140
  step 300/5004: loss=4.014239
  step 400/5004: loss=3.714827
  step 500/5004: loss=3.777306
  step 600/5004: loss=2.305651
  step 700/5004: loss=2.660938
  step 800/5004: loss=4.285340
  step 900/5004: loss=3.079994
  step 1000/5004: loss=3.314323
  step 1100/5004: loss=2.840997
  step 1200/5004: loss=3.712896
  step 1300/5004: loss=3.404081
  step 1400/5004: loss=2.643064
  step 1500/5004: loss=2.709800
  step 1600/5004: loss=4.204327
  step 1700/5004: loss=3.543138
  step 1800/5004: loss=3.794184
  step 1900/5004: loss=3.733908
  step 2000/5004: loss=2.746664
  step 2100/5004: loss=3.482563
  step 2200/5004: loss=3.848830
  step 2300/5004: loss=2.326888
  step 2400/5004: loss=3.119246
  step 2500/5004: loss=3.403790
  step 2600/5004: loss=3.936171
  step 2700/5004: loss=2.061429
  step 2800/5004: loss=3.733515
  step 2900/5004: loss=3.959959
  step 3000/5004: loss=3.944248
  step 3100/5004: loss=3.440708
  step 3200/5004: loss=2.341732
  step 3300/5004: loss=3.448733
  step 3400/5004: loss=3.453062
  step 3500/5004: loss=3.600668
  step 3600/5004: loss=3.075720
  step 3700/5004: loss=3.392545
  step 3800/5004: loss=4.435149
  step 3900/5004: loss=3.417268
  step 4000/5004: loss=2.909770
  step 4100/5004: loss=2.493878
  step 4200/5004: loss=3.996782
  step 4300/5004: loss=3.726157
  step 4400/5004: loss=3.588696
  step 4500/5004: loss=3.682783
  step 4600/5004: loss=4.202691
  step 4700/5004: loss=3.821982
  step 4800/5004: loss=2.645681
  step 4900/5004: loss=3.793303
  step 5000/5004: loss=3.702129
[pjrt_ffi] RESIDENT: @convnextin_fwd holds 182 parameter tensors (109.1 MB) on 4 devices; they stop crossing PCIe from here
Epoch 143/300: loss=3.411757 lr=0.000149
  epoch 143: test_acc = 38736/50000 = 77.472000%  top5 = 46914/50000 = 93.828000%  [95% CI 77.10–77.84]
  step 0/5004: loss=3.551527
  step 1/5004: loss=3.608396
  step 2/5004: loss=3.640021
  step 100/5004: loss=4.079875
  step 200/5004: loss=3.366498
  step 300/5004: loss=2.577867
  step 400/5004: loss=3.804867
  step 500/5004: loss=2.510938
  step 600/5004: loss=3.641707
  step 700/5004: loss=3.266836
  step 800/5004: loss=2.973744
  step 900/5004: loss=3.148582
  step 1000/5004: loss=3.482961
  step 1100/5004: loss=3.929883
  step 1200/5004: loss=3.658086
  step 1300/5004: loss=3.981774
  step 1400/5004: loss=2.464925
  step 1500/5004: loss=3.360962
  step 1600/5004: loss=3.652318
  step 1700/5004: loss=2.271612
  step 1800/5004: loss=3.654124
  step 1900/5004: loss=2.940150
  step 2000/5004: loss=3.160063
  step 2100/5004: loss=3.285694
  step 2200/5004: loss=3.196728
  step 2300/5004: loss=4.133917
  step 2400/5004: loss=3.695086
  step 2500/5004: loss=2.703066
  step 2600/5004: loss=2.954766
  step 2700/5004: loss=4.132916
  step 2800/5004: loss=3.780819
  step 2900/5004: loss=2.882447
  step 3000/5004: loss=3.764491
  step 3100/5004: loss=4.035511
  step 3200/5004: loss=2.900445
  step 3300/5004: loss=4.131255
  step 3400/5004: loss=3.938949
  step 3500/5004: loss=3.065124
  step 3600/5004: loss=3.937005
  step 3700/5004: loss=2.692185
  step 3800/5004: loss=3.672876
  step 3900/5004: loss=2.219863
  step 4000/5004: loss=3.459942
  step 4100/5004: loss=3.685294
  step 4200/5004: loss=2.310488
  step 4300/5004: loss=3.976805
  step 4400/5004: loss=3.955825
  step 4500/5004: loss=4.077536
  step 4600/5004: loss=3.660593
  step 4700/5004: loss=3.849234
  step 4800/5004: loss=3.199142
  step 4900/5004: loss=3.651600
  step 5000/5004: loss=3.613012
[pjrt_ffi] RESIDENT: @convnextin_fwd holds 182 parameter tensors (109.1 MB) on 4 devices; they stop crossing PCIe from here
Epoch 144/300: loss=3.418810 lr=0.000147
  epoch 144: test_acc = 38692/50000 = 77.384000%  top5 = 46955/50000 = 93.910000%  [95% CI 77.02–77.75]
  step 0/5004: loss=3.243814
  step 1/5004: loss=2.508708
  step 2/5004: loss=3.269138
  step 100/5004: loss=4.085606
  step 200/5004: loss=3.730401
  step 300/5004: loss=3.717051
  step 400/5004: loss=2.395125
  step 500/5004: loss=4.010925
  step 600/5004: loss=2.250723
  step 700/5004: loss=3.800033
  step 800/5004: loss=3.827455
  step 900/5004: loss=3.194689
  step 1000/5004: loss=2.940409
  step 1100/5004: loss=3.577276
  step 1200/5004: loss=3.561532
  step 1300/5004: loss=3.586826
  step 1400/5004: loss=3.496734
  step 1500/5004: loss=3.706669
  step 1600/5004: loss=4.101288
  step 1700/5004: loss=2.707538
  step 1800/5004: loss=3.790716
  step 1900/5004: loss=2.474745
  step 2000/5004: loss=3.896102
  step 2100/5004: loss=3.006058
  step 2200/5004: loss=4.101798
  step 2300/5004: loss=3.720910
  step 2400/5004: loss=4.137893
  step 2500/5004: loss=3.498151
  step 2600/5004: loss=3.330281
  step 2700/5004: loss=4.140234
  step 2800/5004: loss=2.624661
  step 2900/5004: loss=3.724424
  step 3000/5004: loss=3.874231
  step 3100/5004: loss=4.080090
  step 3200/5004: loss=4.277020
  step 3300/5004: loss=3.415671
  step 3400/5004: loss=3.716693
  step 3500/5004: loss=3.366781
  step 3600/5004: loss=2.599426
  step 3700/5004: loss=3.933756
  step 3800/5004: loss=3.970196
  step 3900/5004: loss=3.624866
  step 4000/5004: loss=2.814205
  step 4100/5004: loss=3.408396
  step 4200/5004: loss=2.471140
  step 4300/5004: loss=3.777700
  step 4400/5004: loss=3.377380
  step 4500/5004: loss=3.546064
  step 4600/5004: loss=3.800207
  step 4700/5004: loss=3.950807
  step 4800/5004: loss=2.365483
  step 4900/5004: loss=3.891985
  step 5000/5004: loss=2.324539
[pjrt_ffi] RESIDENT: @convnextin_fwd holds 182 parameter tensors (109.1 MB) on 4 devices; they stop crossing PCIe from here
Epoch 145/300: loss=3.410445 lr=0.000146
  epoch 145: test_acc = 38793/50000 = 77.586000%  top5 = 47012/50000 = 94.024000%  [95% CI 77.22–77.95]
  step 0/5004: loss=3.257647
  step 1/5004: loss=3.671600
  step 2/5004: loss=3.731940
  step 100/5004: loss=2.970934
  step 200/5004: loss=3.933095
  step 300/5004: loss=3.289325
  step 400/5004: loss=3.710690
  step 500/5004: loss=4.237875
  step 600/5004: loss=3.617721
  step 700/5004: loss=2.385600
  step 800/5004: loss=3.245692
  step 900/5004: loss=2.646294
  step 1000/5004: loss=3.783938
  step 1100/5004: loss=3.381558
  step 1200/5004: loss=3.873384
  step 1300/5004: loss=3.031011
  step 1400/5004: loss=3.741209
  step 1500/5004: loss=3.431466
  step 1600/5004: loss=2.931634
  step 1700/5004: loss=3.898329
  step 1800/5004: loss=3.423148
  step 1900/5004: loss=4.121139
  step 2000/5004: loss=3.640102
  step 2100/5004: loss=2.748531
  step 2200/5004: loss=3.023303
  step 2300/5004: loss=3.042571
  step 2400/5004: loss=3.469763
  step 2500/5004: loss=3.300498
  step 2600/5004: loss=3.610518
  step 2700/5004: loss=3.135086
  step 2800/5004: loss=3.315809
  step 2900/5004: loss=3.339013
  step 3000/5004: loss=2.837557
  step 3100/5004: loss=2.376751
  step 3200/5004: loss=2.424918
  step 3300/5004: loss=3.895284
  step 3400/5004: loss=3.328617
  step 3500/5004: loss=4.122848
  step 3600/5004: loss=3.927532
  step 3700/5004: loss=2.386311
  step 3800/5004: loss=3.871329
  step 3900/5004: loss=3.900152
  step 4000/5004: loss=2.728503
  step 4100/5004: loss=4.018394
  step 4200/5004: loss=3.014276
  step 4300/5004: loss=4.058804
  step 4400/5004: loss=3.773661
  step 4500/5004: loss=2.092013
  step 4600/5004: loss=3.302987
  step 4700/5004: loss=3.318275
  step 4800/5004: loss=3.225099
  step 4900/5004: loss=3.368956
  step 5000/5004: loss=3.830466
[pjrt_ffi] RESIDENT: @convnextin_fwd holds 182 parameter tensors (109.1 MB) on 4 devices; they stop crossing PCIe from here
Epoch 146/300: loss=3.406118 lr=0.000145
  epoch 146: test_acc = 38712/50000 = 77.424000%  top5 = 46971/50000 = 93.942000%  [95% CI 77.06–77.79]
  step 0/5004: loss=2.525043
  step 1/5004: loss=2.572365
  step 2/5004: loss=3.050090
  step 100/5004: loss=3.776285
  step 200/5004: loss=4.223707
  step 300/5004: loss=2.426216
  step 400/5004: loss=3.252449
  step 500/5004: loss=2.927447
  step 600/5004: loss=3.645093
  step 700/5004: loss=3.797651
  step 800/5004: loss=2.509408
  step 900/5004: loss=3.277086
  step 1000/5004: loss=2.788091
  step 1100/5004: loss=2.860328
  step 1200/5004: loss=2.605409
  step 1300/5004: loss=3.180618
  step 1400/5004: loss=2.994657
  step 1500/5004: loss=3.508317
  step 1600/5004: loss=3.441329
  step 1700/5004: loss=3.975268
  step 1800/5004: loss=4.004309
  step 1900/5004: loss=2.503942
  step 2000/5004: loss=2.217411
  step 2100/5004: loss=3.217637
  step 2200/5004: loss=3.429714
  step 2300/5004: loss=4.052950
  step 2400/5004: loss=2.535113
  step 2500/5004: loss=3.487588
  step 2600/5004: loss=2.931451
  step 2700/5004: loss=3.385592
  step 2800/5004: loss=2.863400
  step 2900/5004: loss=3.341884
  step 3000/5004: loss=4.150163
  step 3100/5004: loss=3.097389
  step 3200/5004: loss=4.255085
  step 3300/5004: loss=3.458347
  step 3400/5004: loss=3.627802
  step 3500/5004: loss=3.775012
  step 3600/5004: loss=4.162886
  step 3700/5004: loss=3.352758
  step 3800/5004: loss=4.093140
  step 3900/5004: loss=3.235890
  step 4000/5004: loss=3.714714
  step 4100/5004: loss=3.212956
  step 4200/5004: loss=4.193636
  step 4300/5004: loss=3.722802
  step 4400/5004: loss=3.555613
  step 4500/5004: loss=3.673355
  step 4600/5004: loss=3.386086
  step 4700/5004: loss=3.578613
  step 4800/5004: loss=3.781138
  step 4900/5004: loss=2.909110
  step 5000/5004: loss=4.052412
[pjrt_ffi] RESIDENT: @convnextin_fwd holds 182 parameter tensors (109.1 MB) on 4 devices; they stop crossing PCIe from here
Epoch 147/300: loss=3.404306 lr=0.000143
  epoch 147: test_acc = 38775/50000 = 77.550000%  top5 = 46977/50000 = 93.954000%  [95% CI 77.18–77.91]
  step 0/5004: loss=3.504777
  step 1/5004: loss=2.268559
  step 2/5004: loss=3.487670
  step 100/5004: loss=3.685033
  step 200/5004: loss=3.632341
  step 300/5004: loss=4.162098
  step 400/5004: loss=4.100057
  step 500/5004: loss=3.033937
  step 600/5004: loss=2.122272
  step 700/5004: loss=4.207068
  step 800/5004: loss=3.252211
  step 900/5004: loss=3.697710
  step 1000/5004: loss=3.026835
  step 1100/5004: loss=3.649312
  step 1200/5004: loss=3.088920
  step 1300/5004: loss=2.544007
  step 1400/5004: loss=3.699913
  step 1500/5004: loss=2.158612
  step 1600/5004: loss=3.348535
  step 1700/5004: loss=2.989614
  step 1800/5004: loss=2.807025
  step 1900/5004: loss=4.179871
  step 2000/5004: loss=2.474371
  step 2100/5004: loss=2.668579
  step 2200/5004: loss=3.824297
  step 2300/5004: loss=3.239717
  step 2400/5004: loss=3.132503
  step 2500/5004: loss=2.438022
  step 2600/5004: loss=3.740766
  step 2700/5004: loss=3.905497
  step 2800/5004: loss=3.644393
  step 2900/5004: loss=3.362261
  step 3000/5004: loss=3.396747
  step 3100/5004: loss=2.986251
  step 3200/5004: loss=3.733730
  step 3300/5004: loss=3.145748
  step 3400/5004: loss=2.377059
  step 3500/5004: loss=3.420799
  step 3600/5004: loss=2.790011
  step 3700/5004: loss=3.652692
  step 3800/5004: loss=3.516838
  step 3900/5004: loss=4.113109
  step 4000/5004: loss=2.875062
  step 4100/5004: loss=2.806710
  step 4200/5004: loss=3.324030
  step 4300/5004: loss=4.268048
  step 4400/5004: loss=3.486491
  step 4500/5004: loss=2.429327
  step 4600/5004: loss=3.500722
  step 4700/5004: loss=2.797357
  step 4800/5004: loss=2.778720
  step 4900/5004: loss=3.634162
  step 5000/5004: loss=3.947099
[pjrt_ffi] RESIDENT: @convnextin_fwd holds 182 parameter tensors (109.1 MB) on 4 devices; they stop crossing PCIe from here
Epoch 148/300: loss=3.395996 lr=0.000142
  epoch 148: test_acc = 38703/50000 = 77.406000%  top5 = 46965/50000 = 93.930000%  [95% CI 77.04–77.77]
  step 0/5004: loss=2.043408
  step 1/5004: loss=3.445014
  step 2/5004: loss=4.104586
  step 100/5004: loss=3.438342
  step 200/5004: loss=4.037579
  step 300/5004: loss=3.773886
  step 400/5004: loss=4.025392
  step 500/5004: loss=3.840931
  step 600/5004: loss=3.592815
  step 700/5004: loss=3.433689
  step 800/5004: loss=3.313879
  step 900/5004: loss=3.392016
  step 1000/5004: loss=3.814762
  step 1100/5004: loss=3.729815
  step 1200/5004: loss=4.109969
  step 1300/5004: loss=2.250184
  step 1400/5004: loss=4.227471
  step 1500/5004: loss=3.700555
  step 1600/5004: loss=3.861406
  step 1700/5004: loss=3.534867
  step 1800/5004: loss=3.744977
  step 1900/5004: loss=2.691281
  step 2000/5004: loss=1.990745
  step 2100/5004: loss=3.616997
  step 2200/5004: loss=2.928686
  step 2300/5004: loss=3.557692
  step 2400/5004: loss=2.329889
  step 2500/5004: loss=3.378811
  step 2600/5004: loss=2.197818
  step 2700/5004: loss=2.318978
  step 2800/5004: loss=2.858939
  step 2900/5004: loss=2.668636
  step 3000/5004: loss=3.887299
  step 3100/5004: loss=3.755641
  step 3200/5004: loss=3.224323
  step 3300/5004: loss=3.627963
  step 3400/5004: loss=2.757888
  step 3500/5004: loss=3.652361
  step 3600/5004: loss=2.522905
  step 3700/5004: loss=2.364322
  step 3800/5004: loss=4.237351
  step 3900/5004: loss=3.366396
  step 4000/5004: loss=4.066252
  step 4100/5004: loss=2.752127
  step 4200/5004: loss=3.917353
  step 4300/5004: loss=3.520289
  step 4400/5004: loss=3.819463
  step 4500/5004: loss=3.463495
  step 4600/5004: loss=3.847731
  step 4700/5004: loss=3.813120
  step 4800/5004: loss=3.359467
  step 4900/5004: loss=4.056706
  step 5000/5004: loss=3.071029
[pjrt_ffi] RESIDENT: @convnextin_fwd holds 182 parameter tensors (109.1 MB) on 4 devices; they stop crossing PCIe from here
Epoch 149/300: loss=3.395978 lr=0.000140
  epoch 149: test_acc = 38823/50000 = 77.646000%  top5 = 47087/50000 = 94.174000%  [95% CI 77.28–78.01]
  step 0/5004: loss=3.423323
  step 1/5004: loss=3.900725
  step 2/5004: loss=3.881879
  step 100/5004: loss=4.067877
  step 200/5004: loss=2.965932
  step 300/5004: loss=4.286694
  step 400/5004: loss=3.354550
  step 500/5004: loss=3.560453
  step 600/5004: loss=3.309861
  step 700/5004: loss=3.861131
  step 800/5004: loss=3.409538
  step 900/5004: loss=4.425776
  step 1000/5004: loss=3.506463
  step 1100/5004: loss=2.636322
  step 1200/5004: loss=3.282681
  step 1300/5004: loss=3.902364
  step 1400/5004: loss=3.496868
  step 1500/5004: loss=3.600677
  step 1600/5004: loss=3.676410
  step 1700/5004: loss=3.741306
  step 1800/5004: loss=2.894009
  step 1900/5004: loss=3.171873
  step 2000/5004: loss=3.804243
  step 2100/5004: loss=2.291453
  step 2200/5004: loss=3.357806
  step 2300/5004: loss=3.143332
  step 2400/5004: loss=3.944709
  step 2500/5004: loss=4.244947
  step 2600/5004: loss=3.374851
  step 2700/5004: loss=2.253112
  step 2800/5004: loss=2.680603
  step 2900/5004: loss=2.422576
  step 3000/5004: loss=3.222112
  step 3100/5004: loss=2.238744
  step 3200/5004: loss=3.705287
  step 3300/5004: loss=3.288160
  step 3400/5004: loss=3.078260
  step 3500/5004: loss=4.193472
  step 3600/5004: loss=2.215997
  step 3700/5004: loss=2.839106
  step 3800/5004: loss=3.611715
  step 3900/5004: loss=2.952529
  step 4000/5004: loss=3.317912
  step 4100/5004: loss=2.434691
  step 4200/5004: loss=1.991638
  step 4300/5004: loss=3.928455
  step 4400/5004: loss=3.447810
  step 4500/5004: loss=3.780451
  step 4600/5004: loss=3.354700
  step 4700/5004: loss=2.246687
  step 4800/5004: loss=3.726842
  step 4900/5004: loss=3.071038
  step 5000/5004: loss=2.582418
[pjrt_ffi] RESIDENT: @convnextin_fwd holds 182 parameter tensors (109.1 MB) on 4 devices; they stop crossing PCIe from here
Epoch 150/300: loss=3.404782 lr=0.000139
  epoch 150: test_acc = 38940/50000 = 77.880000%  top5 = 47021/50000 = 94.042000%  [95% CI 77.51–78.24]
WARNING: All log messages before absl::InitializeLog() is called are written to STDERR
I0000 00:00:1789906251.427506  649102 port.cc:153] oneDNN custom operations are on. You may see slightly different numerical results due to floating-point round-off errors from different computation orders. To turn them off, set the environment variable `TF_ENABLE_ONEDNN_OPTS=0`.
I0000 00:00:1789906251.655853  649102 cpu_feature_guard.cc:227] This TensorFlow binary is optimized to use available CPU instructions in performance-critical operations.
To enable the following instructions: AVX2 AVX512F AVX512_VNNI AVX512_BF16 AVX512_FP16 AVX_VNNI AMX_TILE AMX_INT8 AMX_BF16 FMA, in other operations, rebuild TensorFlow with the appropriate compiler flags.
WARNING: All log messages before absl::InitializeLog() is called are written to STDERR
I0000 00:00:1789906253.522826  649102 port.cc:153] oneDNN custom operations are on. You may see slightly different numerical results due to floating-point round-off errors from different computation orders. To turn them off, set the environment variable `TF_ENABLE_ONEDNN_OPTS=0`.
  imagenet shim: jax/.lake/build/generated_convnext_tiny_imagenet_shim.py — train split, batch 256, 150528 floats/img (seed 63), wire v4 soft targets [256x1000]
  ▸ shim respawn: producer 2 of 4 replaced after epoch 150 (generation 15, seed 63)
  step 0/5004: loss=2.080580
  step 1/5004: loss=4.037401
I0000 00:00:1789906256.050013  649213 tf_record_dataset_op.cc:396] The default buffer size is 262144, which is overridden by the user specified `buffer_size` of 8388608
  step 2/5004: loss=3.668684
  step 100/5004: loss=3.037126
  step 200/5004: loss=3.589770
  step 300/5004: loss=3.378838
  step 400/5004: loss=2.850797
  step 500/5004: loss=3.448787
  step 600/5004: loss=3.032645
  step 700/5004: loss=3.711523
  step 800/5004: loss=4.176807
  step 900/5004: loss=4.108756
  step 1000/5004: loss=2.798497
  step 1100/5004: loss=3.385688
  step 1200/5004: loss=2.156575
  step 1300/5004: loss=3.553101
  step 1400/5004: loss=2.777522
  step 1500/5004: loss=3.687646
  step 1600/5004: loss=3.102795
  step 1700/5004: loss=3.481830
  step 1800/5004: loss=2.485363
  step 1900/5004: loss=3.799218
  step 2000/5004: loss=4.093824
  step 2100/5004: loss=3.900756
  step 2200/5004: loss=4.208060
  step 2300/5004: loss=3.367486
  step 2400/5004: loss=4.066918
  step 2500/5004: loss=3.298976
  step 2600/5004: loss=3.586280
  step 2700/5004: loss=3.998114
  step 2800/5004: loss=2.176111
  step 2900/5004: loss=3.706965
  step 3000/5004: loss=3.704510
  step 3100/5004: loss=4.008149
  step 3200/5004: loss=2.609073
  step 3300/5004: loss=3.829507
  step 3400/5004: loss=3.971544
  step 3500/5004: loss=3.789476
  step 3600/5004: loss=3.105159
  step 3700/5004: loss=3.136957
  step 3800/5004: loss=3.484995
  step 3900/5004: loss=3.995588
  step 4000/5004: loss=2.291830
  step 4100/5004: loss=3.955727
  step 4200/5004: loss=3.710221
  step 4300/5004: loss=3.474130
  step 4400/5004: loss=2.963780
  step 4500/5004: loss=2.952105
  step 4600/5004: loss=2.716690
  step 4700/5004: loss=3.994281
  step 4800/5004: loss=2.438103
  step 4900/5004: loss=3.664164
  step 5000/5004: loss=3.410342
[pjrt_ffi] RESIDENT: @convnextin_fwd holds 182 parameter tensors (109.1 MB) on 4 devices; they stop crossing PCIe from here
Epoch 151/300: loss=3.395113 lr=0.000138
  epoch 151: test_acc = 38802/50000 = 77.604000%  top5 = 47031/50000 = 94.062000%  [95% CI 77.24–77.97]
  step 0/5004: loss=3.196331
  step 1/5004: loss=3.286135
  step 2/5004: loss=3.367082
  step 100/5004: loss=4.339871
  step 200/5004: loss=3.755817
  step 300/5004: loss=4.172144
  step 400/5004: loss=3.817823
  step 500/5004: loss=4.067477
  step 600/5004: loss=3.969285
  step 700/5004: loss=3.680212
  step 800/5004: loss=3.522800
  step 900/5004: loss=3.584654
  step 1000/5004: loss=2.142142
  step 1100/5004: loss=4.228459
  step 1200/5004: loss=2.496659
  step 1300/5004: loss=2.799390
  step 1400/5004: loss=3.548923
  step 1500/5004: loss=4.057893
  step 1600/5004: loss=3.553988
  step 1700/5004: loss=2.091432
  step 1800/5004: loss=3.803487
  step 1900/5004: loss=2.988045
  step 2000/5004: loss=3.620057
  step 2100/5004: loss=2.476892
  step 2200/5004: loss=3.032928
  step 2300/5004: loss=3.187677
  step 2400/5004: loss=3.624550
  step 2500/5004: loss=3.065786
  step 2600/5004: loss=3.531514
  step 2700/5004: loss=4.103117
  step 2800/5004: loss=3.080024
  step 2900/5004: loss=2.829473
  step 3000/5004: loss=3.436864
  step 3100/5004: loss=2.364943
  step 3200/5004: loss=3.665422
  step 3300/5004: loss=3.591819
  step 3400/5004: loss=2.931600
  step 3500/5004: loss=3.065299
  step 3600/5004: loss=3.791234
  step 3700/5004: loss=3.554956
  step 3800/5004: loss=2.557640
  step 3900/5004: loss=2.241694
  step 4000/5004: loss=3.498392
  step 4100/5004: loss=3.944026
  step 4200/5004: loss=3.806612
  step 4300/5004: loss=3.991825
  step 4400/5004: loss=3.552827
  step 4500/5004: loss=4.311710
  step 4600/5004: loss=3.769786
  step 4700/5004: loss=3.157749
  step 4800/5004: loss=3.624629
  step 4900/5004: loss=3.447163
  step 5000/5004: loss=3.283606
[pjrt_ffi] RESIDENT: @convnextin_fwd holds 182 parameter tensors (109.1 MB) on 4 devices; they stop crossing PCIe from here
Epoch 152/300: loss=3.388404 lr=0.000136
  epoch 152: test_acc = 38947/50000 = 77.894000%  top5 = 47066/50000 = 94.132000%  [95% CI 77.53–78.26]
  step 0/5004: loss=2.268544
  step 1/5004: loss=4.010952
  step 2/5004: loss=3.643193
  step 100/5004: loss=3.672455
  step 200/5004: loss=3.017851
  step 300/5004: loss=3.627316
  step 400/5004: loss=2.425150
  step 500/5004: loss=3.220840
  step 600/5004: loss=4.203698
  step 700/5004: loss=3.213140
  step 800/5004: loss=2.535878
  step 900/5004: loss=3.357335
  step 1000/5004: loss=4.089442
  step 1100/5004: loss=2.810494
  step 1200/5004: loss=3.723603
  step 1300/5004: loss=3.570798
  step 1400/5004: loss=3.445984
  step 1500/5004: loss=3.454100
  step 1600/5004: loss=4.091928
  step 1700/5004: loss=3.600827
  step 1800/5004: loss=4.227552
  step 1900/5004: loss=3.449581
  step 2000/5004: loss=3.703707
  step 2100/5004: loss=3.722625
  step 2200/5004: loss=2.927774
  step 2300/5004: loss=2.393487
  step 2400/5004: loss=2.909684
  step 2500/5004: loss=3.263145
  step 2600/5004: loss=2.563519
  step 2700/5004: loss=3.285230
  step 2800/5004: loss=3.933946
  step 2900/5004: loss=3.845546
  step 3000/5004: loss=4.247750
  step 3100/5004: loss=2.949630
  step 3200/5004: loss=3.278599
  step 3300/5004: loss=3.777498
  step 3400/5004: loss=2.848073
  step 3500/5004: loss=4.052382
  step 3600/5004: loss=3.018310
  step 3700/5004: loss=3.651842
  step 3800/5004: loss=3.777076
  step 3900/5004: loss=3.645206
  step 4000/5004: loss=2.449497
  step 4100/5004: loss=2.720454
  step 4200/5004: loss=2.644993
  step 4300/5004: loss=3.084195
  step 4400/5004: loss=3.876705
  step 4500/5004: loss=3.653423
  step 4600/5004: loss=3.656370
  step 4700/5004: loss=3.350809
  step 4800/5004: loss=3.333460
  step 4900/5004: loss=3.260939
  step 5000/5004: loss=4.009781
[pjrt_ffi] RESIDENT: @convnextin_fwd holds 182 parameter tensors (109.1 MB) on 4 devices; they stop crossing PCIe from here
Epoch 153/300: loss=3.387353 lr=0.000135
  epoch 153: test_acc = 38843/50000 = 77.686000%  top5 = 47093/50000 = 94.186000%  [95% CI 77.32–78.05]
  step 0/5004: loss=3.422266
  step 1/5004: loss=3.225376
  step 2/5004: loss=3.614831
  step 100/5004: loss=2.102650
  step 200/5004: loss=3.141989
  step 300/5004: loss=2.696189
  step 400/5004: loss=3.424076
  step 500/5004: loss=3.049614
  step 600/5004: loss=3.837287
  step 700/5004: loss=2.608108
  step 800/5004: loss=3.879356
  step 900/5004: loss=3.732159
  step 1000/5004: loss=3.672251
  step 1100/5004: loss=2.579226
  step 1200/5004: loss=3.674248
  step 1300/5004: loss=4.073697
  step 1400/5004: loss=3.876595
  step 1500/5004: loss=3.470310
  step 1600/5004: loss=2.210093
  step 1700/5004: loss=3.236556
  step 1800/5004: loss=3.924762
  step 1900/5004: loss=3.950260
  step 2000/5004: loss=3.618334
  step 2100/5004: loss=4.124549
  step 2200/5004: loss=3.268281
  step 2300/5004: loss=2.260749
  step 2400/5004: loss=3.705585
  step 2500/5004: loss=3.346249
  step 2600/5004: loss=2.508651
  step 2700/5004: loss=3.280275
  step 2800/5004: loss=2.945150
  step 2900/5004: loss=3.995522
  step 3000/5004: loss=3.685559
  step 3100/5004: loss=3.956856
  step 3200/5004: loss=3.494515
  step 3300/5004: loss=2.657765
  step 3400/5004: loss=2.610272
  step 3500/5004: loss=3.417233
  step 3600/5004: loss=2.831474
  step 3700/5004: loss=3.891970
  step 3800/5004: loss=3.502229
  step 3900/5004: loss=3.561970
  step 4000/5004: loss=3.661307
  step 4100/5004: loss=3.857399
  step 4200/5004: loss=3.720184
  step 4300/5004: loss=4.097143
  step 4400/5004: loss=3.414471
  step 4500/5004: loss=3.583519
  step 4600/5004: loss=3.125240
  step 4700/5004: loss=3.874471
  step 4800/5004: loss=3.370765
  step 4900/5004: loss=3.994861
  step 5000/5004: loss=3.774937
[pjrt_ffi] RESIDENT: @convnextin_fwd holds 182 parameter tensors (109.1 MB) on 4 devices; they stop crossing PCIe from here
Epoch 154/300: loss=3.369404 lr=0.000133
  epoch 154: test_acc = 38888/50000 = 77.776000%  top5 = 47039/50000 = 94.078000%  [95% CI 77.41–78.14]
  step 0/5004: loss=2.100500
  step 1/5004: loss=3.364447
  step 2/5004: loss=4.072976
  step 100/5004: loss=3.401160
  step 200/5004: loss=3.042443
  step 300/5004: loss=3.392304
  step 400/5004: loss=2.093582
  step 500/5004: loss=2.880504
  step 600/5004: loss=3.893994
  step 700/5004: loss=3.608008
  step 800/5004: loss=3.300750
  step 900/5004: loss=3.558116
  step 1000/5004: loss=4.199437
  step 1100/5004: loss=3.706450
  step 1200/5004: loss=2.476281
  step 1300/5004: loss=3.212629
  step 1400/5004: loss=2.014954
  step 1500/5004: loss=3.166631
  step 1600/5004: loss=3.553384
  step 1700/5004: loss=3.665743
  step 1800/5004: loss=3.943939
  step 1900/5004: loss=3.420870
  step 2000/5004: loss=3.853768
  step 2100/5004: loss=3.211509
  step 2200/5004: loss=3.306484
  step 2300/5004: loss=2.523827
  step 2400/5004: loss=4.041836
  step 2500/5004: loss=3.718020
  step 2600/5004: loss=2.431009
  step 2700/5004: loss=2.469435
  step 2800/5004: loss=2.317868
  step 2900/5004: loss=3.886069
  step 3000/5004: loss=4.310676
  step 3100/5004: loss=2.869196
  step 3200/5004: loss=3.286580
  step 3300/5004: loss=3.877215
  step 3400/5004: loss=2.880780
  step 3500/5004: loss=4.033553
  step 3600/5004: loss=4.073485
  step 3700/5004: loss=3.643933
  step 3800/5004: loss=2.039842
  step 3900/5004: loss=3.034818
  step 4000/5004: loss=3.654332
  step 4100/5004: loss=3.335582
  step 4200/5004: loss=4.284291
  step 4300/5004: loss=3.744142
  step 4400/5004: loss=3.338357
  step 4500/5004: loss=3.529683
  step 4600/5004: loss=2.561823
  step 4700/5004: loss=3.838535
  step 4800/5004: loss=4.030745
  step 4900/5004: loss=3.521750
  step 5000/5004: loss=4.103541
[pjrt_ffi] RESIDENT: @convnextin_fwd holds 182 parameter tensors (109.1 MB) on 4 devices; they stop crossing PCIe from here
Epoch 155/300: loss=3.378771 lr=0.000132
  epoch 155: test_acc = 38981/50000 = 77.962000%  top5 = 47000/50000 = 94.000000%  [95% CI 77.60–78.32]
  step 0/5004: loss=3.455232
  step 1/5004: loss=3.712634
  step 2/5004: loss=3.835078
  step 100/5004: loss=3.477966
  step 200/5004: loss=3.657493
  step 300/5004: loss=2.451542
  step 400/5004: loss=3.135036
  step 500/5004: loss=2.188146
  step 600/5004: loss=2.540285
  step 700/5004: loss=3.278126
  step 800/5004: loss=3.310883
  step 900/5004: loss=3.181497
  step 1000/5004: loss=3.320952
  step 1100/5004: loss=3.889341
  step 1200/5004: loss=3.694647
  step 1300/5004: loss=2.088530
  step 1400/5004: loss=3.326683
  step 1500/5004: loss=4.075210
  step 1600/5004: loss=3.133644
  step 1700/5004: loss=3.718878
  step 1800/5004: loss=2.591827
  step 1900/5004: loss=2.959338
  step 2000/5004: loss=3.423125
  step 2100/5004: loss=2.505886
  step 2200/5004: loss=3.643881
  step 2300/5004: loss=4.304282
  step 2400/5004: loss=3.119354
  step 2500/5004: loss=3.670958
  step 2600/5004: loss=3.497753
  step 2700/5004: loss=3.095487
  step 2800/5004: loss=3.380027
  step 2900/5004: loss=2.266374
  step 3000/5004: loss=3.892903
  step 3100/5004: loss=3.705328
  step 3200/5004: loss=3.757911
  step 3300/5004: loss=3.446111
  step 3400/5004: loss=2.320050
  step 3500/5004: loss=3.892385
  step 3600/5004: loss=3.296649
  step 3700/5004: loss=3.699171
  step 3800/5004: loss=3.343986
  step 3900/5004: loss=3.400088
  step 4000/5004: loss=3.453484
  step 4100/5004: loss=4.065049
  step 4200/5004: loss=3.734598
  step 4300/5004: loss=3.804635
  step 4400/5004: loss=3.735265
  step 4500/5004: loss=3.459516
  step 4600/5004: loss=3.777220
  step 4700/5004: loss=3.595109
  step 4800/5004: loss=3.660201
  step 4900/5004: loss=4.026362
  step 5000/5004: loss=3.010592
[pjrt_ffi] RESIDENT: @convnextin_fwd holds 182 parameter tensors (109.1 MB) on 4 devices; they stop crossing PCIe from here
Epoch 156/300: loss=3.358451 lr=0.000131
  epoch 156: test_acc = 38934/50000 = 77.868000%  top5 = 47036/50000 = 94.072000%  [95% CI 77.50–78.23]
  step 0/5004: loss=3.452634
  step 1/5004: loss=3.741372
  step 2/5004: loss=4.187470
  step 100/5004: loss=3.621520
  step 200/5004: loss=3.915374
  step 300/5004: loss=3.609244
  step 400/5004: loss=3.652422
  step 500/5004: loss=3.905395
  step 600/5004: loss=3.968740
  step 700/5004: loss=3.556229
  step 800/5004: loss=2.305357
  step 900/5004: loss=3.762585
  step 1000/5004: loss=4.020231
  step 1100/5004: loss=3.692697
  step 1200/5004: loss=4.022091
  step 1300/5004: loss=2.665061
  step 1400/5004: loss=3.646815
  step 1500/5004: loss=3.713064
  step 1600/5004: loss=3.847497
  step 1700/5004: loss=3.437655
  step 1800/5004: loss=2.862906
  step 1900/5004: loss=3.406018
  step 2000/5004: loss=3.219259
  step 2100/5004: loss=3.148755
  step 2200/5004: loss=4.192245
  step 2300/5004: loss=3.326915
  step 2400/5004: loss=3.544472
  step 2500/5004: loss=2.590027
  step 2600/5004: loss=3.098464
  step 2700/5004: loss=3.713081
  step 2800/5004: loss=3.726040
  step 2900/5004: loss=3.119711
  step 3000/5004: loss=3.070992
  step 3100/5004: loss=3.257139
  step 3200/5004: loss=3.773814
  step 3300/5004: loss=3.719250
  step 3400/5004: loss=3.353970
  step 3500/5004: loss=3.732741
  step 3600/5004: loss=3.179921
  step 3700/5004: loss=2.971925
  step 3800/5004: loss=4.267692
  step 3900/5004: loss=3.162565
  step 4000/5004: loss=2.912797
  step 4100/5004: loss=2.640742
  step 4200/5004: loss=3.314952
  step 4300/5004: loss=3.732918
  step 4400/5004: loss=2.631053
  step 4500/5004: loss=2.620742
  step 4600/5004: loss=3.788976
  step 4700/5004: loss=3.598089
  step 4800/5004: loss=4.027452
  step 4900/5004: loss=3.908789
  step 5000/5004: loss=3.960460
[pjrt_ffi] RESIDENT: @convnextin_fwd holds 182 parameter tensors (109.1 MB) on 4 devices; they stop crossing PCIe from here
Epoch 157/300: loss=3.367339 lr=0.000129
  epoch 157: test_acc = 38989/50000 = 77.978000%  top5 = 47118/50000 = 94.236000%  [95% CI 77.61–78.34]
  step 0/5004: loss=3.465914
  step 1/5004: loss=3.797961
  step 2/5004: loss=2.805953
  step 100/5004: loss=2.846296
  step 200/5004: loss=3.389538
  step 300/5004: loss=2.934620
  step 400/5004: loss=3.718920
  step 500/5004: loss=3.643867
  step 600/5004: loss=2.638972
  step 700/5004: loss=2.257919
  step 800/5004: loss=3.459087
  step 900/5004: loss=2.540107
  step 1000/5004: loss=2.242893
  step 1100/5004: loss=3.799712
  step 1200/5004: loss=2.956096
  step 1300/5004: loss=3.420299
  step 1400/5004: loss=3.504462
  step 1500/5004: loss=3.622630
  step 1600/5004: loss=3.360088
  step 1700/5004: loss=3.856092
  step 1800/5004: loss=3.303913
  step 1900/5004: loss=2.305171
  step 2000/5004: loss=3.597548
  step 2100/5004: loss=4.385015
  step 2200/5004: loss=3.714311
  step 2300/5004: loss=2.846023
  step 2400/5004: loss=2.810289
  step 2500/5004: loss=3.607681
  step 2600/5004: loss=3.761628
  step 2700/5004: loss=4.079653
  step 2800/5004: loss=3.596162
  step 2900/5004: loss=3.734724
  step 3000/5004: loss=3.493812
  step 3100/5004: loss=2.945910
  step 3200/5004: loss=3.907488
  step 3300/5004: loss=3.150851
  step 3400/5004: loss=3.366028
  step 3500/5004: loss=2.138690
  step 3600/5004: loss=3.705148
  step 3700/5004: loss=3.195667
  step 3800/5004: loss=2.131650
  step 3900/5004: loss=3.711659
  step 4000/5004: loss=3.453201
  step 4100/5004: loss=3.789165
  step 4200/5004: loss=3.910610
  step 4300/5004: loss=3.869949
  step 4400/5004: loss=3.577435
  step 4500/5004: loss=3.438516
  step 4600/5004: loss=3.154927
  step 4700/5004: loss=3.734396
  step 4800/5004: loss=2.237888
  step 4900/5004: loss=4.043540
  step 5000/5004: loss=3.441037
[pjrt_ffi] RESIDENT: @convnextin_fwd holds 182 parameter tensors (109.1 MB) on 4 devices; they stop crossing PCIe from here
Epoch 158/300: loss=3.369118 lr=0.000128
  epoch 158: test_acc = 39018/50000 = 78.036000%  top5 = 47075/50000 = 94.150000%  [95% CI 77.67–78.40]
  step 0/5004: loss=2.438018
  step 1/5004: loss=3.605443
  step 2/5004: loss=3.705690
  step 100/5004: loss=2.804933
  step 200/5004: loss=3.643729
  step 300/5004: loss=3.512826
  step 400/5004: loss=2.250588
  step 500/5004: loss=3.658230
  step 600/5004: loss=2.470214
  step 700/5004: loss=3.725681
  step 800/5004: loss=3.844158
  step 900/5004: loss=3.816834
  step 1000/5004: loss=3.177392
  step 1100/5004: loss=3.707634
  step 1200/5004: loss=4.221312
  step 1300/5004: loss=3.566019
  step 1400/5004: loss=3.015074
  step 1500/5004: loss=3.574907
  step 1600/5004: loss=4.153679
  step 1700/5004: loss=3.129216
  step 1800/5004: loss=4.288820
  step 1900/5004: loss=3.210381
  step 2000/5004: loss=3.629676
  step 2100/5004: loss=3.660306
  step 2200/5004: loss=2.737961
  step 2300/5004: loss=3.743323
  step 2400/5004: loss=2.654099
  step 2500/5004: loss=3.586629
  step 2600/5004: loss=2.242949
  step 2700/5004: loss=3.612973
  step 2800/5004: loss=3.884699
  step 2900/5004: loss=2.846819
  step 3000/5004: loss=2.262431
  step 3100/5004: loss=3.891325
  step 3200/5004: loss=2.617733
  step 3300/5004: loss=3.192284
  step 3400/5004: loss=3.726630
  step 3500/5004: loss=3.472693
  step 3600/5004: loss=4.159187
  step 3700/5004: loss=2.705863
  step 3800/5004: loss=4.059102
  step 3900/5004: loss=3.746168
  step 4000/5004: loss=3.200766
  step 4100/5004: loss=3.384865
  step 4200/5004: loss=4.128177
  step 4300/5004: loss=3.755743
  step 4400/5004: loss=2.680813
  step 4500/5004: loss=2.514124
  step 4600/5004: loss=3.584869
  step 4700/5004: loss=3.711909
  step 4800/5004: loss=3.982719
  step 4900/5004: loss=3.956773
  step 5000/5004: loss=2.345485
[pjrt_ffi] RESIDENT: @convnextin_fwd holds 182 parameter tensors (109.1 MB) on 4 devices; they stop crossing PCIe from here
Epoch 159/300: loss=3.366376 lr=0.000126
  epoch 159: test_acc = 38947/50000 = 77.894000%  top5 = 47100/50000 = 94.200000%  [95% CI 77.53–78.26]
  step 0/5004: loss=3.159035
  step 1/5004: loss=3.274162
  step 2/5004: loss=3.506009
  step 100/5004: loss=2.721889
  step 200/5004: loss=3.604703
  step 300/5004: loss=3.575194
  step 400/5004: loss=2.575068
  step 500/5004: loss=3.166891
  step 600/5004: loss=3.465762
  step 700/5004: loss=3.890017
  step 800/5004: loss=3.597746
  step 900/5004: loss=2.919565
  step 1000/5004: loss=3.634531
  step 1100/5004: loss=2.189546
  step 1200/5004: loss=3.056447
  step 1300/5004: loss=3.649051
  step 1400/5004: loss=1.956508
  step 1500/5004: loss=2.399944
  step 1600/5004: loss=3.106388
  step 1700/5004: loss=3.892505
  step 1800/5004: loss=3.751195
  step 1900/5004: loss=3.200562
  step 2000/5004: loss=3.810614
  step 2100/5004: loss=4.265570
  step 2200/5004: loss=3.855260
  step 2300/5004: loss=4.029254
  step 2400/5004: loss=3.777641
  step 2500/5004: loss=3.548508
  step 2600/5004: loss=3.523471
  step 2700/5004: loss=4.083321
  step 2800/5004: loss=3.446528
  step 2900/5004: loss=4.054293
  step 3000/5004: loss=4.107993
  step 3100/5004: loss=2.637774
  step 3200/5004: loss=3.645215
  step 3300/5004: loss=2.228759
  step 3400/5004: loss=3.820377
  step 3500/5004: loss=2.930317
  step 3600/5004: loss=3.664111
  step 3700/5004: loss=2.925412
  step 3800/5004: loss=3.869677
  step 3900/5004: loss=2.504106
  step 4000/5004: loss=3.140215
  step 4100/5004: loss=2.691676
  step 4200/5004: loss=2.371789
  step 4300/5004: loss=3.515641
  step 4400/5004: loss=3.471756
  step 4500/5004: loss=2.223138
  step 4600/5004: loss=2.932184
  step 4700/5004: loss=3.062218
  step 4800/5004: loss=3.955614
  step 4900/5004: loss=2.538265
  step 5000/5004: loss=3.475175
[pjrt_ffi] RESIDENT: @convnextin_fwd holds 182 parameter tensors (109.1 MB) on 4 devices; they stop crossing PCIe from here
Epoch 160/300: loss=3.357823 lr=0.000125
  epoch 160: test_acc = 39048/50000 = 78.096000%  top5 = 47121/50000 = 94.242000%  [95% CI 77.73–78.46]
WARNING: All log messages before absl::InitializeLog() is called are written to STDERR
I0000 00:00:1789917185.339088  687243 port.cc:153] oneDNN custom operations are on. You may see slightly different numerical results due to floating-point round-off errors from different computation orders. To turn them off, set the environment variable `TF_ENABLE_ONEDNN_OPTS=0`.
I0000 00:00:1789917185.566585  687243 cpu_feature_guard.cc:227] This TensorFlow binary is optimized to use available CPU instructions in performance-critical operations.
To enable the following instructions: AVX2 AVX512F AVX512_VNNI AVX512_BF16 AVX512_FP16 AVX_VNNI AMX_TILE AMX_INT8 AMX_BF16 FMA, in other operations, rebuild TensorFlow with the appropriate compiler flags.
WARNING: All log messages before absl::InitializeLog() is called are written to STDERR
I0000 00:00:1789917187.363123  687243 port.cc:153] oneDNN custom operations are on. You may see slightly different numerical results due to floating-point round-off errors from different computation orders. To turn them off, set the environment variable `TF_ENABLE_ONEDNN_OPTS=0`.
  imagenet shim: jax/.lake/build/generated_convnext_tiny_imagenet_shim.py — train split, batch 256, 150528 floats/img (seed 68), wire v4 soft targets [256x1000]
  ▸ shim respawn: producer 3 of 4 replaced after epoch 160 (generation 16, seed 68)
  step 0/5004: loss=4.030391
  step 1/5004: loss=4.044877
I0000 00:00:1789917189.893691  687383 tf_record_dataset_op.cc:396] The default buffer size is 262144, which is overridden by the user specified `buffer_size` of 8388608
  step 2/5004: loss=3.491292
  step 100/5004: loss=3.353446
  step 200/5004: loss=2.868453
  step 300/5004: loss=3.452279
  step 400/5004: loss=3.861279
  step 500/5004: loss=3.764631
  step 600/5004: loss=3.785418
  step 700/5004: loss=3.520802
  step 800/5004: loss=2.835173
  step 900/5004: loss=3.647235
  step 1000/5004: loss=3.066525
  step 1100/5004: loss=3.356529
  step 1200/5004: loss=2.717216
  step 1300/5004: loss=3.199391
  step 1400/5004: loss=3.940531
  step 1500/5004: loss=3.101122
  step 1600/5004: loss=4.339338
  step 1700/5004: loss=3.316029
  step 1800/5004: loss=2.780893
  step 1900/5004: loss=2.619992
  step 2000/5004: loss=4.046899
  step 2100/5004: loss=3.533385
  step 2200/5004: loss=3.889190
  step 2300/5004: loss=3.590844
  step 2400/5004: loss=4.294171
  step 2500/5004: loss=3.456117
  step 2600/5004: loss=4.132493
  step 2700/5004: loss=3.286050
  step 2800/5004: loss=2.203902
  step 2900/5004: loss=3.547692
  step 3000/5004: loss=4.137890
  step 3100/5004: loss=3.595234
  step 3200/5004: loss=3.484015
  step 3300/5004: loss=3.143978
  step 3400/5004: loss=4.131586
  step 3500/5004: loss=3.437825
  step 3600/5004: loss=3.628616
  step 3700/5004: loss=3.856196
  step 3800/5004: loss=3.581186
  step 3900/5004: loss=3.225984
  step 4000/5004: loss=4.031903
  step 4100/5004: loss=3.590330
  step 4200/5004: loss=3.073607
  step 4300/5004: loss=3.427625
  step 4400/5004: loss=3.900600
  step 4500/5004: loss=3.709387
  step 4600/5004: loss=3.790987
  step 4700/5004: loss=3.650254
  step 4800/5004: loss=2.263245
  step 4900/5004: loss=3.760567
  step 5000/5004: loss=2.999477
[pjrt_ffi] RESIDENT: @convnextin_fwd holds 182 parameter tensors (109.1 MB) on 4 devices; they stop crossing PCIe from here
Epoch 161/300: loss=3.362343 lr=0.000124
  epoch 161: test_acc = 38967/50000 = 77.934000%  top5 = 47105/50000 = 94.210000%  [95% CI 77.57–78.30]
  step 0/5004: loss=2.416804
  step 1/5004: loss=3.794207
  step 2/5004: loss=2.869634
  step 100/5004: loss=3.537419
  step 200/5004: loss=2.061365
  step 300/5004: loss=2.833597
  step 400/5004: loss=3.565922
  step 500/5004: loss=3.180818
  step 600/5004: loss=2.446338
  step 700/5004: loss=3.676523
  step 800/5004: loss=3.415233
  step 900/5004: loss=3.663934
  step 1000/5004: loss=3.102009
  step 1100/5004: loss=3.267897
  step 1200/5004: loss=3.767806
  step 1300/5004: loss=3.200480
  step 1400/5004: loss=3.172429
  step 1500/5004: loss=3.150317
  step 1600/5004: loss=3.425262
  step 1700/5004: loss=3.866888
  step 1800/5004: loss=2.710424
  step 1900/5004: loss=2.558640
  step 2000/5004: loss=2.866409
  step 2100/5004: loss=3.624439
  step 2200/5004: loss=3.798316
  step 2300/5004: loss=3.537683
  step 2400/5004: loss=2.654530
  step 2500/5004: loss=2.063965
  step 2600/5004: loss=3.336232
  step 2700/5004: loss=2.039404
  step 2800/5004: loss=3.916439
  step 2900/5004: loss=3.490969
  step 3000/5004: loss=3.342288
  step 3100/5004: loss=2.201743
  step 3200/5004: loss=3.601068
  step 3300/5004: loss=2.041858
  step 3400/5004: loss=3.082703
  step 3500/5004: loss=3.639730
  step 3600/5004: loss=3.835199
  step 3700/5004: loss=3.910563
  step 3800/5004: loss=3.499022
  step 3900/5004: loss=2.995181
  step 4000/5004: loss=4.095285
  step 4100/5004: loss=4.071208
  step 4200/5004: loss=3.663274
  step 4300/5004: loss=4.360871
  step 4400/5004: loss=2.946742
  step 4500/5004: loss=2.853639
  step 4600/5004: loss=2.849440
  step 4700/5004: loss=3.598305
  step 4800/5004: loss=3.447937
  step 4900/5004: loss=4.263240
  step 5000/5004: loss=3.595860
[pjrt_ffi] RESIDENT: @convnextin_fwd holds 182 parameter tensors (109.1 MB) on 4 devices; they stop crossing PCIe from here
Epoch 162/300: loss=3.347897 lr=0.000122
  epoch 162: test_acc = 39059/50000 = 78.118000%  top5 = 47160/50000 = 94.320000%  [95% CI 77.75–78.48]
  step 0/5004: loss=3.082027
  step 1/5004: loss=3.099988
  step 2/5004: loss=2.193919
  step 100/5004: loss=3.653463
  step 200/5004: loss=2.878332
  step 300/5004: loss=3.026102
  step 400/5004: loss=4.019105
  step 500/5004: loss=3.180787
  step 600/5004: loss=3.929302
  step 700/5004: loss=3.405836
  step 800/5004: loss=3.400349
  step 900/5004: loss=3.585631
  step 1000/5004: loss=2.663152
  step 1100/5004: loss=3.717919
  step 1200/5004: loss=2.514025
  step 1300/5004: loss=3.744478
  step 1400/5004: loss=3.184794
  step 1500/5004: loss=3.673304
  step 1600/5004: loss=4.062615
  step 1700/5004: loss=3.359061
  step 1800/5004: loss=2.874983
  step 1900/5004: loss=2.756761
  step 2000/5004: loss=3.523673
  step 2100/5004: loss=3.418414
  step 2200/5004: loss=2.354825
  step 2300/5004: loss=3.810796
  step 2400/5004: loss=3.678917
  step 2500/5004: loss=3.786903
  step 2600/5004: loss=2.701797
  step 2700/5004: loss=2.961986
  step 2800/5004: loss=4.293707
  step 2900/5004: loss=3.421929
  step 3000/5004: loss=2.767322
  step 3100/5004: loss=3.755229
  step 3200/5004: loss=3.757178
  step 3300/5004: loss=4.075089
  step 3400/5004: loss=2.946819
  step 3500/5004: loss=3.826278
  step 3600/5004: loss=3.207508
  step 3700/5004: loss=3.262519
  step 3800/5004: loss=2.636101
  step 3900/5004: loss=3.732291
  step 4000/5004: loss=2.252686
  step 4100/5004: loss=3.377938
  step 4200/5004: loss=2.867618
  step 4300/5004: loss=2.559511
  step 4400/5004: loss=4.233150
  step 4500/5004: loss=2.964066
  step 4600/5004: loss=3.964257
  step 4700/5004: loss=3.323720
  step 4800/5004: loss=4.056855
  step 4900/5004: loss=3.442073
  step 5000/5004: loss=3.825031
[pjrt_ffi] RESIDENT: @convnextin_fwd holds 182 parameter tensors (109.1 MB) on 4 devices; they stop crossing PCIe from here
Epoch 163/300: loss=3.351543 lr=0.000121
  epoch 163: test_acc = 39077/50000 = 78.154000%  top5 = 47173/50000 = 94.346000%  [95% CI 77.79–78.51]
  step 0/5004: loss=3.425631
  step 1/5004: loss=2.897573
  step 2/5004: loss=2.751151
  step 100/5004: loss=2.479856
  step 200/5004: loss=3.778862
  step 300/5004: loss=2.215541
  step 400/5004: loss=3.612356
  step 500/5004: loss=4.356030
  step 600/5004: loss=3.317359
  step 700/5004: loss=2.174298
  step 800/5004: loss=3.502318
  step 900/5004: loss=2.665174
  step 1000/5004: loss=3.669914
  step 1100/5004: loss=3.923239
  step 1200/5004: loss=3.109883
  step 1300/5004: loss=2.375074
  step 1400/5004: loss=3.251224
  step 1500/5004: loss=3.434088
  step 1600/5004: loss=3.552327
  step 1700/5004: loss=4.159506
  step 1800/5004: loss=3.430999
  step 1900/5004: loss=3.591558
  step 2000/5004: loss=3.606853
  step 2100/5004: loss=2.185504
  step 2200/5004: loss=3.741396
  step 2300/5004: loss=4.232644
  step 2400/5004: loss=3.098724
  step 2500/5004: loss=3.117636
  step 2600/5004: loss=3.174870
  step 2700/5004: loss=4.072905
  step 2800/5004: loss=3.527754
  step 2900/5004: loss=3.968511
  step 3000/5004: loss=3.975963
  step 3100/5004: loss=3.790604
  step 3200/5004: loss=4.173420
  step 3300/5004: loss=3.566684
  step 3400/5004: loss=3.151670
  step 3500/5004: loss=2.415062
  step 3600/5004: loss=2.712898
  step 3700/5004: loss=3.698781
  step 3800/5004: loss=3.179596
  step 3900/5004: loss=3.875641
  step 4000/5004: loss=3.299740
  step 4100/5004: loss=3.977793
  step 4200/5004: loss=3.207083
  step 4300/5004: loss=2.408630
  step 4400/5004: loss=3.557610
  step 4500/5004: loss=2.933096
  step 4600/5004: loss=3.633374
  step 4700/5004: loss=3.477884
  step 4800/5004: loss=2.340073
  step 4900/5004: loss=3.905334
  step 5000/5004: loss=3.277878
[pjrt_ffi] RESIDENT: @convnextin_fwd holds 182 parameter tensors (109.1 MB) on 4 devices; they stop crossing PCIe from here
Epoch 164/300: loss=3.336823 lr=0.000119
  epoch 164: test_acc = 39304/50000 = 78.608000%  top5 = 47206/50000 = 94.412000%  [95% CI 78.25–78.97]
  step 0/5004: loss=2.382105
  step 1/5004: loss=2.352280
  step 2/5004: loss=3.448309
  step 100/5004: loss=3.766994
  step 200/5004: loss=3.822747
  step 300/5004: loss=3.161655
  step 400/5004: loss=3.404537
  step 500/5004: loss=2.616806
  step 600/5004: loss=3.108387
  step 700/5004: loss=3.503219
  step 800/5004: loss=3.802249
  step 900/5004: loss=3.801828
  step 1000/5004: loss=3.040698
  step 1100/5004: loss=3.719988
  step 1200/5004: loss=3.935533
  step 1300/5004: loss=2.825108
  step 1400/5004: loss=3.740468
  step 1500/5004: loss=3.547136
  step 1600/5004: loss=3.888047
  step 1700/5004: loss=3.463287
  step 1800/5004: loss=2.607221
  step 1900/5004: loss=3.496230
  step 2000/5004: loss=3.783895
  step 2100/5004: loss=3.633715
  step 2200/5004: loss=4.300981
  step 2300/5004: loss=3.758169
  step 2400/5004: loss=3.904984
  step 2500/5004: loss=2.780557
  step 2600/5004: loss=2.980592
  step 2700/5004: loss=3.517940
  step 2800/5004: loss=3.111076
  step 2900/5004: loss=3.315565
  step 3000/5004: loss=4.079838
  step 3100/5004: loss=2.861945
  step 3200/5004: loss=3.206226
  step 3300/5004: loss=3.532027
  step 3400/5004: loss=4.091491
  step 3500/5004: loss=3.595102
  step 3600/5004: loss=2.566907
  step 3700/5004: loss=2.981339
  step 3800/5004: loss=3.554384
  step 3900/5004: loss=3.877572
  step 4000/5004: loss=3.322066
  step 4100/5004: loss=3.064119
  step 4200/5004: loss=1.905316
  step 4300/5004: loss=2.965813
  step 4400/5004: loss=3.446343
  step 4500/5004: loss=3.393346
  step 4600/5004: loss=4.042659
  step 4700/5004: loss=3.706016
  step 4800/5004: loss=4.285463
  step 4900/5004: loss=3.602799
  step 5000/5004: loss=4.144975
[pjrt_ffi] RESIDENT: @convnextin_fwd holds 182 parameter tensors (109.1 MB) on 4 devices; they stop crossing PCIe from here
Epoch 165/300: loss=3.332843 lr=0.000118
  epoch 165: test_acc = 39105/50000 = 78.210000%  top5 = 47147/50000 = 94.294000%  [95% CI 77.85–78.57]
  step 0/5004: loss=3.453966
  step 1/5004: loss=3.693416
  step 2/5004: loss=3.270816
  step 100/5004: loss=3.403091
  step 200/5004: loss=2.239658
  step 300/5004: loss=3.053620
  step 400/5004: loss=3.538377
  step 500/5004: loss=3.142924
  step 600/5004: loss=3.432562
  step 700/5004: loss=4.267534
  step 800/5004: loss=3.251204
  step 900/5004: loss=3.537525
  step 1000/5004: loss=3.603164
  step 1100/5004: loss=3.338681
  step 1200/5004: loss=3.076983
  step 1300/5004: loss=3.371496
  step 1400/5004: loss=2.498461
  step 1500/5004: loss=3.186879
  step 1600/5004: loss=3.899974
  step 1700/5004: loss=2.873004
  step 1800/5004: loss=2.283446
  step 1900/5004: loss=4.129215
  step 2000/5004: loss=3.509464
  step 2100/5004: loss=4.208827
  step 2200/5004: loss=3.326693
  step 2300/5004: loss=2.951719
  step 2400/5004: loss=3.530761
  step 2500/5004: loss=3.644771
  step 2600/5004: loss=3.210279
  step 2700/5004: loss=4.160398
  step 2800/5004: loss=2.909340
  step 2900/5004: loss=3.898875
  step 3000/5004: loss=3.684401
  step 3100/5004: loss=4.033499
  step 3200/5004: loss=3.770748
  step 3300/5004: loss=2.731875
  step 3400/5004: loss=3.398867
  step 3500/5004: loss=4.045945
  step 3600/5004: loss=3.469931
  step 3700/5004: loss=2.393519
  step 3800/5004: loss=3.609142
  step 3900/5004: loss=3.606671
  step 4000/5004: loss=3.647416
  step 4100/5004: loss=2.940897
  step 4200/5004: loss=3.702366
  step 4300/5004: loss=4.198160
  step 4400/5004: loss=3.514617
  step 4500/5004: loss=2.192743
  step 4600/5004: loss=3.479917
  step 4700/5004: loss=3.652678
  step 4800/5004: loss=3.514255
  step 4900/5004: loss=4.281770
  step 5000/5004: loss=3.569308
[pjrt_ffi] RESIDENT: @convnextin_fwd holds 182 parameter tensors (109.1 MB) on 4 devices; they stop crossing PCIe from here
Epoch 166/300: loss=3.325364 lr=0.000117
  epoch 166: test_acc = 39078/50000 = 78.156000%  top5 = 47109/50000 = 94.218000%  [95% CI 77.79–78.52]
  step 0/5004: loss=3.463592
  step 1/5004: loss=2.270246
  step 2/5004: loss=2.071077
  step 100/5004: loss=3.853913
  step 200/5004: loss=3.523069
  step 300/5004: loss=3.396170
  step 400/5004: loss=3.662604
  step 500/5004: loss=4.040621
  step 600/5004: loss=2.638051
  step 700/5004: loss=2.581295
  step 800/5004: loss=3.822165
  step 900/5004: loss=3.425797
  step 1000/5004: loss=3.945828
  step 1100/5004: loss=3.699734
  step 1200/5004: loss=2.206687
  step 1300/5004: loss=3.517622
  step 1400/5004: loss=2.905365
  step 1500/5004: loss=2.391993
  step 1600/5004: loss=2.260179
  step 1700/5004: loss=3.320987
  step 1800/5004: loss=4.400214
  step 1900/5004: loss=3.827355
  step 2000/5004: loss=4.033425
  step 2100/5004: loss=2.781480
  step 2200/5004: loss=2.409002
  step 2300/5004: loss=3.324852
  step 2400/5004: loss=2.748924
  step 2500/5004: loss=3.633439
  step 2600/5004: loss=2.197322
  step 2700/5004: loss=3.473887
  step 2800/5004: loss=3.362484
  step 2900/5004: loss=3.548505
  step 3000/5004: loss=3.274755
  step 3100/5004: loss=2.148539
  step 3200/5004: loss=2.279553
  step 3300/5004: loss=3.670298
  step 3400/5004: loss=2.738803
  step 3500/5004: loss=3.511832
  step 3600/5004: loss=2.256859
  step 3700/5004: loss=2.031291
  step 3800/5004: loss=3.151534
  step 3900/5004: loss=2.937140
  step 4000/5004: loss=3.447289
  step 4100/5004: loss=3.267825
  step 4200/5004: loss=2.723048
  step 4300/5004: loss=2.906493
  step 4400/5004: loss=4.142337
  step 4500/5004: loss=3.960248
  step 4600/5004: loss=4.145988
  step 4700/5004: loss=2.755106
  step 4800/5004: loss=3.480672
  step 4900/5004: loss=3.062241
  step 5000/5004: loss=3.077431
[pjrt_ffi] RESIDENT: @convnextin_fwd holds 182 parameter tensors (109.1 MB) on 4 devices; they stop crossing PCIe from here
Epoch 167/300: loss=3.335806 lr=0.000115
  epoch 167: test_acc = 39215/50000 = 78.430000%  top5 = 47176/50000 = 94.352000%  [95% CI 78.07–78.79]
  step 0/5004: loss=3.489265
  step 1/5004: loss=2.745234
  step 2/5004: loss=2.644470
  step 100/5004: loss=4.018290
  step 200/5004: loss=3.803432
  step 300/5004: loss=3.815979
  step 400/5004: loss=3.760287
  step 500/5004: loss=2.864492
  step 600/5004: loss=3.464594
  step 700/5004: loss=3.395283
  step 800/5004: loss=3.662946
  step 900/5004: loss=3.768350
  step 1000/5004: loss=3.770746
  step 1100/5004: loss=4.299346
  step 1200/5004: loss=3.597317
  step 1300/5004: loss=1.942847
  step 1400/5004: loss=2.981015
  step 1500/5004: loss=3.948994
  step 1600/5004: loss=3.527190
  step 1700/5004: loss=3.154625
  step 1800/5004: loss=3.728807
  step 1900/5004: loss=3.391283
  step 2000/5004: loss=3.336275
  step 2100/5004: loss=2.528484
  step 2200/5004: loss=2.311502
  step 2300/5004: loss=4.191798
  step 2400/5004: loss=3.509172
  step 2500/5004: loss=2.467193
  step 2600/5004: loss=3.766026
  step 2700/5004: loss=1.985890
  step 2800/5004: loss=3.781081
  step 2900/5004: loss=3.553780
  step 3000/5004: loss=3.578400
  step 3100/5004: loss=4.100646
  step 3200/5004: loss=3.103705
  step 3300/5004: loss=2.504686
  step 3400/5004: loss=3.593762
  step 3500/5004: loss=4.053761
  step 3600/5004: loss=2.450657
  step 3700/5004: loss=4.193309
  step 3800/5004: loss=2.803540
  step 3900/5004: loss=3.085340
  step 4000/5004: loss=2.672761
  step 4100/5004: loss=2.709149
  step 4200/5004: loss=3.320215
  step 4300/5004: loss=2.030285
  step 4400/5004: loss=3.365722
  step 4500/5004: loss=2.773163
  step 4600/5004: loss=3.738385
  step 4700/5004: loss=4.049819
  step 4800/5004: loss=3.285326
  step 4900/5004: loss=3.276511
  step 5000/5004: loss=2.848243
[pjrt_ffi] RESIDENT: @convnextin_fwd holds 182 parameter tensors (109.1 MB) on 4 devices; they stop crossing PCIe from here
Epoch 168/300: loss=3.324261 lr=0.000114
  epoch 168: test_acc = 39141/50000 = 78.282000%  top5 = 47152/50000 = 94.304000%  [95% CI 77.92–78.64]
  step 0/5004: loss=4.147870
  step 1/5004: loss=3.918773
  step 2/5004: loss=3.055375
  step 100/5004: loss=3.611642
  step 200/5004: loss=3.865136
  step 300/5004: loss=3.549383
  step 400/5004: loss=3.815541
  step 500/5004: loss=3.018681
  step 600/5004: loss=4.124049
  step 700/5004: loss=3.586358
  step 800/5004: loss=2.527693
  step 900/5004: loss=3.142512
  step 1000/5004: loss=4.183851
  step 1100/5004: loss=2.885576
  step 1200/5004: loss=4.210157
  step 1300/5004: loss=2.724532
  step 1400/5004: loss=3.151991
  step 1500/5004: loss=3.646023
  step 1600/5004: loss=3.641731
  step 1700/5004: loss=3.596396
  step 1800/5004: loss=3.972955
  step 1900/5004: loss=2.133754
  step 2000/5004: loss=3.838042
  step 2100/5004: loss=3.832873
  step 2200/5004: loss=2.449655
  step 2300/5004: loss=3.567326
  step 2400/5004: loss=2.843241
  step 2500/5004: loss=3.516704
  step 2600/5004: loss=2.778021
  step 2700/5004: loss=3.228810
  step 2800/5004: loss=2.267810
  step 2900/5004: loss=3.742569
  step 3000/5004: loss=4.069706
  step 3100/5004: loss=3.185798
  step 3200/5004: loss=4.021836
  step 3300/5004: loss=3.258264
  step 3400/5004: loss=3.827210
  step 3500/5004: loss=2.243113
  step 3600/5004: loss=4.103161
  step 3700/5004: loss=3.745710
  step 3800/5004: loss=3.612229
  step 3900/5004: loss=2.292100
  step 4000/5004: loss=3.445605
  step 4100/5004: loss=3.565735
  step 4200/5004: loss=3.138812
  step 4300/5004: loss=3.366482
  step 4400/5004: loss=4.052467
  step 4500/5004: loss=2.785020
  step 4600/5004: loss=3.806244
  step 4700/5004: loss=2.527024
  step 4800/5004: loss=3.760585
  step 4900/5004: loss=3.078873
  step 5000/5004: loss=2.992097
[pjrt_ffi] RESIDENT: @convnextin_fwd holds 182 parameter tensors (109.1 MB) on 4 devices; they stop crossing PCIe from here
Epoch 169/300: loss=3.323505 lr=0.000112
  epoch 169: test_acc = 39194/50000 = 78.388000%  top5 = 47208/50000 = 94.416000%  [95% CI 78.03–78.75]
  step 0/5004: loss=3.686674
  step 1/5004: loss=3.428705
  step 2/5004: loss=2.469310
  step 100/5004: loss=4.214010
  step 200/5004: loss=3.461500
  step 300/5004: loss=2.211393
  step 400/5004: loss=3.216499
  step 500/5004: loss=4.077660
  step 600/5004: loss=3.137797
  step 700/5004: loss=4.027743
  step 800/5004: loss=2.675129
  step 900/5004: loss=3.779671
  step 1000/5004: loss=2.979639
  step 1100/5004: loss=3.330764
  step 1200/5004: loss=3.592673
  step 1300/5004: loss=2.560954
  step 1400/5004: loss=2.582924
  step 1500/5004: loss=3.856936
  step 1600/5004: loss=2.978981
  step 1700/5004: loss=4.027452
  step 1800/5004: loss=2.576466
  step 1900/5004: loss=3.752518
  step 2000/5004: loss=3.331132
  step 2100/5004: loss=3.496821
  step 2200/5004: loss=2.729070
  step 2300/5004: loss=3.950976
  step 2400/5004: loss=2.329269
  step 2500/5004: loss=3.698053
  step 2600/5004: loss=3.225924
  step 2700/5004: loss=3.273655
  step 2800/5004: loss=3.046362
  step 2900/5004: loss=2.900670
  step 3000/5004: loss=3.357075
  step 3100/5004: loss=4.140641
  step 3200/5004: loss=2.720414
  step 3300/5004: loss=3.847551
  step 3400/5004: loss=3.317695
  step 3500/5004: loss=3.649302
  step 3600/5004: loss=3.396916
  step 3700/5004: loss=3.906368
  step 3800/5004: loss=3.339882
  step 3900/5004: loss=2.606795
  step 4000/5004: loss=2.834762
  step 4100/5004: loss=3.462831
  step 4200/5004: loss=3.476676
  step 4300/5004: loss=3.691336
  step 4400/5004: loss=3.687428
  step 4500/5004: loss=4.212056
  step 4600/5004: loss=3.790679
  step 4700/5004: loss=2.813650
  step 4800/5004: loss=2.585472
  step 4900/5004: loss=2.970559
  step 5000/5004: loss=2.534232
[pjrt_ffi] RESIDENT: @convnextin_fwd holds 182 parameter tensors (109.1 MB) on 4 devices; they stop crossing PCIe from here
Epoch 170/300: loss=3.323444 lr=0.000111
  epoch 170: test_acc = 39183/50000 = 78.366000%  top5 = 47165/50000 = 94.330000%  [95% CI 78.00–78.72]
WARNING: All log messages before absl::InitializeLog() is called are written to STDERR
I0000 00:00:1789928132.036106  725877 port.cc:153] oneDNN custom operations are on. You may see slightly different numerical results due to floating-point round-off errors from different computation orders. To turn them off, set the environment variable `TF_ENABLE_ONEDNN_OPTS=0`.
I0000 00:00:1789928132.269319  725877 cpu_feature_guard.cc:227] This TensorFlow binary is optimized to use available CPU instructions in performance-critical operations.
To enable the following instructions: AVX2 AVX512F AVX512_VNNI AVX512_BF16 AVX512_FP16 AVX_VNNI AMX_TILE AMX_INT8 AMX_BF16 FMA, in other operations, rebuild TensorFlow with the appropriate compiler flags.
WARNING: All log messages before absl::InitializeLog() is called are written to STDERR
I0000 00:00:1789928134.081306  725877 port.cc:153] oneDNN custom operations are on. You may see slightly different numerical results due to floating-point round-off errors from different computation orders. To turn them off, set the environment variable `TF_ENABLE_ONEDNN_OPTS=0`.
  imagenet shim: jax/.lake/build/generated_convnext_tiny_imagenet_shim.py — train split, batch 256, 150528 floats/img (seed 69), wire v4 soft targets [256x1000]
  ▸ shim respawn: producer 0 of 4 replaced after epoch 170 (generation 17, seed 69)
I0000 00:00:1789928136.466522  726011 tf_record_dataset_op.cc:396] The default buffer size is 262144, which is overridden by the user specified `buffer_size` of 8388608
  step 0/5004: loss=4.089903
  step 1/5004: loss=3.305287
  step 2/5004: loss=2.484803
  step 100/5004: loss=3.490313
  step 200/5004: loss=4.093903
  step 300/5004: loss=2.963135
  step 400/5004: loss=3.918616
  step 500/5004: loss=3.575316
  step 600/5004: loss=4.094703
  step 700/5004: loss=3.091466
  step 800/5004: loss=1.959858
  step 900/5004: loss=3.781238
  step 1000/5004: loss=3.620482
  step 1100/5004: loss=3.703606
  step 1200/5004: loss=4.345160
  step 1300/5004: loss=2.758314
  step 1400/5004: loss=3.186128
  step 1500/5004: loss=3.391304
  step 1600/5004: loss=2.902998
  step 1700/5004: loss=3.631110
  step 1800/5004: loss=3.228031
  step 1900/5004: loss=3.287991
  step 2000/5004: loss=4.145923
  step 2100/5004: loss=3.672091
  step 2200/5004: loss=1.999660
  step 2300/5004: loss=3.574310
  step 2400/5004: loss=3.433100
  step 2500/5004: loss=2.640295
  step 2600/5004: loss=3.146426
  step 2700/5004: loss=3.425520
  step 2800/5004: loss=3.657287
  step 2900/5004: loss=3.378915
  step 3000/5004: loss=3.451023
  step 3100/5004: loss=3.660630
  step 3200/5004: loss=3.365574
  step 3300/5004: loss=3.122039
  step 3400/5004: loss=4.221659
  step 3500/5004: loss=3.433575
  step 3600/5004: loss=4.117085
  step 3700/5004: loss=3.522222
  step 3800/5004: loss=2.651974
  step 3900/5004: loss=3.491244
  step 4000/5004: loss=4.133432
  step 4100/5004: loss=2.827072
  step 4200/5004: loss=3.976810
  step 4300/5004: loss=3.540919
  step 4400/5004: loss=4.009152
  step 4500/5004: loss=3.399058
  step 4600/5004: loss=3.887733
  step 4700/5004: loss=2.641545
  step 4800/5004: loss=4.001077
  step 4900/5004: loss=2.625252
  step 5000/5004: loss=3.996022
[pjrt_ffi] RESIDENT: @convnextin_fwd holds 182 parameter tensors (109.1 MB) on 4 devices; they stop crossing PCIe from here
Epoch 171/300: loss=3.314836 lr=0.000110
  epoch 171: test_acc = 39103/50000 = 78.206000%  top5 = 47217/50000 = 94.434000%  [95% CI 77.84–78.57]
  step 0/5004: loss=2.448678
  step 1/5004: loss=3.723223
  step 2/5004: loss=2.943810
  step 100/5004: loss=3.686575
  step 200/5004: loss=3.724948
  step 300/5004: loss=2.444981
  step 400/5004: loss=3.585217
  step 500/5004: loss=3.872223
  step 600/5004: loss=3.665241
  step 700/5004: loss=3.474123
  step 800/5004: loss=3.116117
  step 900/5004: loss=3.936207
  step 1000/5004: loss=2.796628
  step 1100/5004: loss=4.010809
  step 1200/5004: loss=3.469774
  step 1300/5004: loss=3.869915
  step 1400/5004: loss=3.357554
  step 1500/5004: loss=4.323835
  step 1600/5004: loss=2.551089
  step 1700/5004: loss=3.659879
  step 1800/5004: loss=2.632799
  step 1900/5004: loss=3.708827
  step 2000/5004: loss=2.871569
  step 2100/5004: loss=4.042877
  step 2200/5004: loss=3.188282
  step 2300/5004: loss=3.643480
  step 2400/5004: loss=2.927364
  step 2500/5004: loss=3.432311
  step 2600/5004: loss=3.068081
  step 2700/5004: loss=2.915989
  step 2800/5004: loss=3.035749
  step 2900/5004: loss=2.217488
  step 3000/5004: loss=3.967937
  step 3100/5004: loss=3.394808
  step 3200/5004: loss=3.148224
  step 3300/5004: loss=3.966343
  step 3400/5004: loss=3.470122
  step 3500/5004: loss=3.535973
  step 3600/5004: loss=3.236813
  step 3700/5004: loss=3.865225
  step 3800/5004: loss=3.153123
  step 3900/5004: loss=3.601503
  step 4000/5004: loss=3.281349
  step 4100/5004: loss=2.325314
  step 4200/5004: loss=2.155886
  step 4300/5004: loss=3.428995
  step 4400/5004: loss=3.538671
  step 4500/5004: loss=2.933957
  step 4600/5004: loss=3.155246
  step 4700/5004: loss=4.165490
  step 4800/5004: loss=3.133704
  step 4900/5004: loss=2.137338
  step 5000/5004: loss=3.182810
[pjrt_ffi] RESIDENT: @convnextin_fwd holds 182 parameter tensors (109.1 MB) on 4 devices; they stop crossing PCIe from here
Epoch 172/300: loss=3.306933 lr=0.000108
  epoch 172: test_acc = 39277/50000 = 78.554000%  top5 = 47226/50000 = 94.452000%  [95% CI 78.19–78.91]
  step 0/5004: loss=3.955412
  step 1/5004: loss=2.716825
  step 2/5004: loss=2.736247
  step 100/5004: loss=3.471802
  step 200/5004: loss=2.423338
  step 300/5004: loss=3.591596
  step 400/5004: loss=3.458364
  step 500/5004: loss=3.458197
  step 600/5004: loss=4.127712
  step 700/5004: loss=3.593334
  step 800/5004: loss=2.682512
  step 900/5004: loss=3.607293
  step 1000/5004: loss=3.207633
  step 1100/5004: loss=3.208240
  step 1200/5004: loss=3.966449
  step 1300/5004: loss=3.836760
  step 1400/5004: loss=2.288779
  step 1500/5004: loss=3.298514
  step 1600/5004: loss=3.849465
  step 1700/5004: loss=2.197159
  step 1800/5004: loss=3.765162
  step 1900/5004: loss=2.411672
  step 2000/5004: loss=3.289791
  step 2100/5004: loss=3.427870
  step 2200/5004: loss=3.268401
  step 2300/5004: loss=3.861928
  step 2400/5004: loss=3.067400
  step 2500/5004: loss=3.769957
  step 2600/5004: loss=2.518282
  step 2700/5004: loss=2.892186
  step 2800/5004: loss=3.105744
  step 2900/5004: loss=3.753243
  step 3000/5004: loss=3.817507
  step 3100/5004: loss=3.260257
  step 3200/5004: loss=3.673602
  step 3300/5004: loss=3.471549
  step 3400/5004: loss=2.981747
  step 3500/5004: loss=3.682830
  step 3600/5004: loss=2.669035
  step 3700/5004: loss=3.251974
  step 3800/5004: loss=2.191707
  step 3900/5004: loss=3.000703
  step 4000/5004: loss=2.237694
  step 4100/5004: loss=3.350752
  step 4200/5004: loss=2.150140
  step 4300/5004: loss=3.179185
  step 4400/5004: loss=2.390756
  step 4500/5004: loss=3.526089
  step 4600/5004: loss=3.836104
  step 4700/5004: loss=2.934718
  step 4800/5004: loss=4.088624
  step 4900/5004: loss=3.740175
  step 5000/5004: loss=2.211037
[pjrt_ffi] RESIDENT: @convnextin_fwd holds 182 parameter tensors (109.1 MB) on 4 devices; they stop crossing PCIe from here
Epoch 173/300: loss=3.305107 lr=0.000107
  epoch 173: test_acc = 39200/50000 = 78.400000%  top5 = 47216/50000 = 94.432000%  [95% CI 78.04–78.76]
  step 0/5004: loss=3.547077
  step 1/5004: loss=3.466742
  step 2/5004: loss=3.686313
  step 100/5004: loss=2.203600
  step 200/5004: loss=3.460419
  step 300/5004: loss=3.714630
  step 400/5004: loss=2.722939
  step 500/5004: loss=3.742732
  step 600/5004: loss=3.561321
  step 700/5004: loss=3.527951
  step 800/5004: loss=3.471452
  step 900/5004: loss=2.974613
  step 1000/5004: loss=3.718423
  step 1100/5004: loss=3.708546
  step 1200/5004: loss=2.429320
  step 1300/5004: loss=3.251209
  step 1400/5004: loss=3.417396
  step 1500/5004: loss=3.690868
  step 1600/5004: loss=2.757271
  step 1700/5004: loss=3.861374
  step 1800/5004: loss=3.500691
  step 1900/5004: loss=3.803372
  step 2000/5004: loss=2.007206
  step 2100/5004: loss=3.890965
  step 2200/5004: loss=3.658820
  step 2300/5004: loss=3.959836
  step 2400/5004: loss=2.284139
  step 2500/5004: loss=3.773721
  step 2600/5004: loss=3.638907
  step 2700/5004: loss=4.320088
  step 2800/5004: loss=3.681485
  step 2900/5004: loss=4.050426
  step 3000/5004: loss=3.249929
  step 3100/5004: loss=3.694888
  step 3200/5004: loss=2.554998
  step 3300/5004: loss=2.896106
  step 3400/5004: loss=3.504234
  step 3500/5004: loss=3.578784
  step 3600/5004: loss=3.955221
  step 3700/5004: loss=3.836366
  step 3800/5004: loss=3.671086
  step 3900/5004: loss=2.779770
  step 4000/5004: loss=2.315784
  step 4100/5004: loss=3.772250
  step 4200/5004: loss=3.529420
  step 4300/5004: loss=4.188417
  step 4400/5004: loss=2.805059
  step 4500/5004: loss=3.086434
  step 4600/5004: loss=2.639137
  step 4700/5004: loss=3.935266
  step 4800/5004: loss=3.286859
  step 4900/5004: loss=4.065655
  step 5000/5004: loss=2.431123
[pjrt_ffi] RESIDENT: @convnextin_fwd holds 182 parameter tensors (109.1 MB) on 4 devices; they stop crossing PCIe from here
Epoch 174/300: loss=3.303292 lr=0.000105
  epoch 174: test_acc = 39351/50000 = 78.702000%  top5 = 47276/50000 = 94.552000%  [95% CI 78.34–79.06]
  step 0/5004: loss=2.880970
  step 1/5004: loss=2.590963
  step 2/5004: loss=4.199108
  step 100/5004: loss=2.781641
  step 200/5004: loss=3.903240
  step 300/5004: loss=3.331599
  step 400/5004: loss=3.460443
  step 500/5004: loss=3.407300
  step 600/5004: loss=2.527236
  step 700/5004: loss=2.773606
  step 800/5004: loss=3.734821
  step 900/5004: loss=3.573411
  step 1000/5004: loss=3.498388
  step 1100/5004: loss=2.722212
  step 1200/5004: loss=4.129621
  step 1300/5004: loss=3.296559
  step 1400/5004: loss=3.621909
  step 1500/5004: loss=2.801457
  step 1600/5004: loss=3.531254
  step 1700/5004: loss=3.429470
  step 1800/5004: loss=3.728913
  step 1900/5004: loss=3.825240
  step 2000/5004: loss=3.695437
  step 2100/5004: loss=2.945206
  step 2200/5004: loss=3.870508
  step 2300/5004: loss=3.336020
  step 2400/5004: loss=2.450041
  step 2500/5004: loss=3.755442
  step 2600/5004: loss=3.882602
  step 2700/5004: loss=2.986590
  step 2800/5004: loss=3.381829
  step 2900/5004: loss=3.080026
  step 3000/5004: loss=4.106776
  step 3100/5004: loss=3.156860
  step 3200/5004: loss=2.890977
  step 3300/5004: loss=3.898196
  step 3400/5004: loss=2.278190
  step 3500/5004: loss=3.645387
  step 3600/5004: loss=3.178927
  step 3700/5004: loss=3.344387
  step 3800/5004: loss=3.875950
  step 3900/5004: loss=2.342379
  step 4000/5004: loss=3.740613
  step 4100/5004: loss=2.949692
  step 4200/5004: loss=4.285673
  step 4300/5004: loss=3.111890
  step 4400/5004: loss=3.387084
  step 4500/5004: loss=2.967035
  step 4600/5004: loss=3.692820
  step 4700/5004: loss=2.756876
  step 4800/5004: loss=3.869346
  step 4900/5004: loss=3.273278
  step 5000/5004: loss=2.406544
[pjrt_ffi] RESIDENT: @convnextin_fwd holds 182 parameter tensors (109.1 MB) on 4 devices; they stop crossing PCIe from here
Epoch 175/300: loss=3.303065 lr=0.000104
  epoch 175: test_acc = 39218/50000 = 78.436000%  top5 = 47214/50000 = 94.428000%  [95% CI 78.07–78.79]
  step 0/5004: loss=3.055069
  step 1/5004: loss=3.370960
  step 2/5004: loss=3.155614
  step 100/5004: loss=4.092710
  step 200/5004: loss=3.400999
  step 300/5004: loss=2.134295
  step 400/5004: loss=3.204175
  step 500/5004: loss=3.181883
  step 600/5004: loss=3.115590
  step 700/5004: loss=3.678124
  step 800/5004: loss=3.098557
  step 900/5004: loss=3.743191
  step 1000/5004: loss=2.945071
  step 1100/5004: loss=3.532152
  step 1200/5004: loss=3.273220
  step 1300/5004: loss=3.890425
  step 1400/5004: loss=3.757337
  step 1500/5004: loss=4.115050
  step 1600/5004: loss=2.248555
  step 1700/5004: loss=2.731333
  step 1800/5004: loss=3.363115
  step 1900/5004: loss=2.558810
  step 2000/5004: loss=3.458612
  step 2100/5004: loss=3.875621
  step 2200/5004: loss=3.412674
  step 2300/5004: loss=3.727982
  step 2400/5004: loss=3.143890
  step 2500/5004: loss=2.375661
  step 2600/5004: loss=3.779263
  step 2700/5004: loss=4.116933
  step 2800/5004: loss=3.447849
  step 2900/5004: loss=4.179543
  step 3000/5004: loss=3.674367
  step 3100/5004: loss=2.511307
  step 3200/5004: loss=3.706436
  step 3300/5004: loss=3.640233
  step 3400/5004: loss=3.760582
  step 3500/5004: loss=3.480327
  step 3600/5004: loss=3.576231
  step 3700/5004: loss=4.083844
  step 3800/5004: loss=3.244081
  step 3900/5004: loss=3.919988
  step 4000/5004: loss=2.601510
  step 4100/5004: loss=3.756492
  step 4200/5004: loss=2.768700
  step 4300/5004: loss=4.149397
  step 4400/5004: loss=3.467670
  step 4500/5004: loss=1.875028
  step 4600/5004: loss=3.517098
  step 4700/5004: loss=3.947432
  step 4800/5004: loss=3.390669
  step 4900/5004: loss=4.105698
  step 5000/5004: loss=2.184980
[pjrt_ffi] RESIDENT: @convnextin_fwd holds 182 parameter tensors (109.1 MB) on 4 devices; they stop crossing PCIe from here
Epoch 176/300: loss=3.294280 lr=0.000103
  epoch 176: test_acc = 39446/50000 = 78.892000%  top5 = 47223/50000 = 94.446000%  [95% CI 78.53–79.25]
  step 0/5004: loss=4.039380
  step 1/5004: loss=3.769459
  step 2/5004: loss=3.807248
  step 100/5004: loss=3.264124
  step 200/5004: loss=2.813363
  step 300/5004: loss=3.043916
  step 400/5004: loss=3.256413
  step 500/5004: loss=3.674562
  step 600/5004: loss=2.324301
  step 700/5004: loss=3.582821
  step 800/5004: loss=3.937225
  step 900/5004: loss=3.371742
  step 1000/5004: loss=3.670083
  step 1100/5004: loss=2.080480
  step 1200/5004: loss=3.343262
  step 1300/5004: loss=3.616165
  step 1400/5004: loss=3.640897
  step 1500/5004: loss=3.642027
  step 1600/5004: loss=3.380395
  step 1700/5004: loss=3.414002
  step 1800/5004: loss=3.957687
  step 1900/5004: loss=3.746686
  step 2000/5004: loss=3.278522
  step 2100/5004: loss=3.132578
  step 2200/5004: loss=3.679498
  step 2300/5004: loss=2.445990
  step 2400/5004: loss=3.333062
  step 2500/5004: loss=2.283647
  step 2600/5004: loss=2.370800
  step 2700/5004: loss=3.504457
  step 2800/5004: loss=3.958426
  step 2900/5004: loss=3.262211
  step 3000/5004: loss=2.049967
  step 3100/5004: loss=3.669754
  step 3200/5004: loss=3.962147
  step 3300/5004: loss=3.569794
  step 3400/5004: loss=3.588529
  step 3500/5004: loss=3.354038
  step 3600/5004: loss=2.848430
  step 3700/5004: loss=2.965134
  step 3800/5004: loss=3.516406
  step 3900/5004: loss=3.558044
  step 4000/5004: loss=2.855315
  step 4100/5004: loss=3.387986
  step 4200/5004: loss=4.050862
  step 4300/5004: loss=2.765204
  step 4400/5004: loss=3.954358
  step 4500/5004: loss=3.475381
  step 4600/5004: loss=3.807473
  step 4700/5004: loss=3.762979
  step 4800/5004: loss=3.151661
  step 4900/5004: loss=3.607821
  step 5000/5004: loss=2.778111
[pjrt_ffi] RESIDENT: @convnextin_fwd holds 182 parameter tensors (109.1 MB) on 4 devices; they stop crossing PCIe from here
Epoch 177/300: loss=3.295170 lr=0.000101
  epoch 177: test_acc = 39405/50000 = 78.810000%  top5 = 47305/50000 = 94.610000%  [95% CI 78.45–79.17]
  step 0/5004: loss=3.361379
  step 1/5004: loss=3.604019
  step 2/5004: loss=3.514728
  step 100/5004: loss=3.458403
  step 200/5004: loss=3.274305
  step 300/5004: loss=2.696661
  step 400/5004: loss=2.556372
  step 500/5004: loss=3.397897
  step 600/5004: loss=2.715028
  step 700/5004: loss=3.234029
  step 800/5004: loss=2.363414
  step 900/5004: loss=2.259509
  step 1000/5004: loss=3.169345
  step 1100/5004: loss=4.198913
  step 1200/5004: loss=3.584647
  step 1300/5004: loss=3.600317
  step 1400/5004: loss=2.957462
  step 1500/5004: loss=3.477881
  step 1600/5004: loss=3.388522
  step 1700/5004: loss=3.794210
  step 1800/5004: loss=2.807801
  step 1900/5004: loss=3.216951
  step 2000/5004: loss=3.061361
  step 2100/5004: loss=3.825506
  step 2200/5004: loss=2.917707
  step 2300/5004: loss=2.848116
  step 2400/5004: loss=3.181466
  step 2500/5004: loss=2.435441
  step 2600/5004: loss=3.567550
  step 2700/5004: loss=2.278796
  step 2800/5004: loss=3.959337
  step 2900/5004: loss=1.951023
  step 3000/5004: loss=2.800589
  step 3100/5004: loss=4.260677
  step 3200/5004: loss=3.752827
  step 3300/5004: loss=3.840714
  step 3400/5004: loss=3.639501
  step 3500/5004: loss=3.909926
  step 3600/5004: loss=3.257783
  step 3700/5004: loss=3.945627
  step 3800/5004: loss=3.400121
  step 3900/5004: loss=3.946754
  step 4000/5004: loss=3.332808
  step 4100/5004: loss=3.397810
  step 4200/5004: loss=2.543284
  step 4300/5004: loss=2.929925
  step 4400/5004: loss=3.610924
  step 4500/5004: loss=4.049720
  step 4600/5004: loss=3.305125
  step 4700/5004: loss=2.240053
  step 4800/5004: loss=1.874213
  step 4900/5004: loss=3.999714
  step 5000/5004: loss=3.507033
[pjrt_ffi] RESIDENT: @convnextin_fwd holds 182 parameter tensors (109.1 MB) on 4 devices; they stop crossing PCIe from here
Epoch 178/300: loss=3.275521 lr=0.000100
  epoch 178: test_acc = 39375/50000 = 78.750000%  top5 = 47262/50000 = 94.524000%  [95% CI 78.39–79.11]
  step 0/5004: loss=3.726501
  step 1/5004: loss=3.157666
  step 2/5004: loss=2.750634
  step 100/5004: loss=3.306632
  step 200/5004: loss=2.927164
  step 300/5004: loss=3.716661
  step 400/5004: loss=4.076089
  step 500/5004: loss=2.928374
  step 600/5004: loss=3.887313
  step 700/5004: loss=3.772594
  step 800/5004: loss=3.180817
  step 900/5004: loss=3.173182
  step 1000/5004: loss=3.520374
  step 1100/5004: loss=4.011901
  step 1200/5004: loss=3.471995
  step 1300/5004: loss=3.612005
  step 1400/5004: loss=2.941135
  step 1500/5004: loss=2.122769
  step 1600/5004: loss=3.949239
  step 1700/5004: loss=3.508080
  step 1800/5004: loss=2.839294
  step 1900/5004: loss=3.177338
  step 2000/5004: loss=4.255759
  step 2100/5004: loss=3.145253
  step 2200/5004: loss=3.888121
  step 2300/5004: loss=3.777805
  step 2400/5004: loss=2.524979
  step 2500/5004: loss=3.323878
  step 2600/5004: loss=2.375321
  step 2700/5004: loss=3.773037
  step 2800/5004: loss=3.450621
  step 2900/5004: loss=2.330437
  step 3000/5004: loss=3.441772
  step 3100/5004: loss=2.637430
  step 3200/5004: loss=3.445089
  step 3300/5004: loss=3.348016
  step 3400/5004: loss=3.105633
  step 3500/5004: loss=3.556625
  step 3600/5004: loss=3.987980
  step 3700/5004: loss=3.439075
  step 3800/5004: loss=3.267471
  step 3900/5004: loss=3.417985
  step 4000/5004: loss=3.120480
  step 4100/5004: loss=3.762211
  step 4200/5004: loss=3.189820
  step 4300/5004: loss=3.147770
  step 4400/5004: loss=3.329085
  step 4500/5004: loss=3.269608
  step 4600/5004: loss=3.280580
  step 4700/5004: loss=3.438181
  step 4800/5004: loss=2.877492
  step 4900/5004: loss=3.480630
  step 5000/5004: loss=2.353796
[pjrt_ffi] RESIDENT: @convnextin_fwd holds 182 parameter tensors (109.1 MB) on 4 devices; they stop crossing PCIe from here
Epoch 179/300: loss=3.275756 lr=0.000099
  epoch 179: test_acc = 39420/50000 = 78.840000%  top5 = 47330/50000 = 94.660000%  [95% CI 78.48–79.20]
  step 0/5004: loss=3.651505
  step 1/5004: loss=2.645079
  step 2/5004: loss=3.237435
  step 100/5004: loss=3.130049
  step 200/5004: loss=3.296366
  step 300/5004: loss=3.264305
  step 400/5004: loss=3.569572
  step 500/5004: loss=2.323778
  step 600/5004: loss=2.916028
  step 700/5004: loss=3.121428
  step 800/5004: loss=3.209811
  step 900/5004: loss=3.921206
  step 1000/5004: loss=3.342635
  step 1100/5004: loss=3.139192
  step 1200/5004: loss=3.289875
  step 1300/5004: loss=2.303942
  step 1400/5004: loss=3.723454
  step 1500/5004: loss=2.681275
  step 1600/5004: loss=3.571867
  step 1700/5004: loss=4.485014
  step 1800/5004: loss=3.043407
  step 1900/5004: loss=2.786993
  step 2000/5004: loss=2.997404
  step 2100/5004: loss=4.060279
  step 2200/5004: loss=3.851080
  step 2300/5004: loss=4.145705
  step 2400/5004: loss=2.963143
  step 2500/5004: loss=3.907148
  step 2600/5004: loss=3.438469
  step 2700/5004: loss=4.141101
  step 2800/5004: loss=3.521130
  step 2900/5004: loss=4.150027
  step 3000/5004: loss=3.114350
  step 3100/5004: loss=3.885867
  step 3200/5004: loss=2.566083
  step 3300/5004: loss=2.911954
  step 3400/5004: loss=3.522532
  step 3500/5004: loss=3.613123
  step 3600/5004: loss=3.447231
  step 3700/5004: loss=2.871109
  step 3800/5004: loss=3.162977
  step 3900/5004: loss=3.741728
  step 4000/5004: loss=2.517994
  step 4100/5004: loss=3.241217
  step 4200/5004: loss=3.448099
  step 4300/5004: loss=2.744288
  step 4400/5004: loss=3.590373
  step 4500/5004: loss=2.141268
  step 4600/5004: loss=2.363347
  step 4700/5004: loss=3.914464
  step 4800/5004: loss=3.557073
  step 4900/5004: loss=3.829033
  step 5000/5004: loss=3.311973
[pjrt_ffi] RESIDENT: @convnextin_fwd holds 182 parameter tensors (109.1 MB) on 4 devices; they stop crossing PCIe from here
Epoch 180/300: loss=3.268484 lr=0.000097
  epoch 180: test_acc = 39456/50000 = 78.912000%  top5 = 47327/50000 = 94.654000%  [95% CI 78.55–79.27]
WARNING: All log messages before absl::InitializeLog() is called are written to STDERR
I0000 00:00:1789939102.552633  764149 port.cc:153] oneDNN custom operations are on. You may see slightly different numerical results due to floating-point round-off errors from different computation orders. To turn them off, set the environment variable `TF_ENABLE_ONEDNN_OPTS=0`.
I0000 00:00:1789939102.785526  764149 cpu_feature_guard.cc:227] This TensorFlow binary is optimized to use available CPU instructions in performance-critical operations.
To enable the following instructions: AVX2 AVX512F AVX512_VNNI AVX512_BF16 AVX512_FP16 AVX_VNNI AMX_TILE AMX_INT8 AMX_BF16 FMA, in other operations, rebuild TensorFlow with the appropriate compiler flags.
WARNING: All log messages before absl::InitializeLog() is called are written to STDERR
I0000 00:00:1789939104.717107  764149 port.cc:153] oneDNN custom operations are on. You may see slightly different numerical results due to floating-point round-off errors from different computation orders. To turn them off, set the environment variable `TF_ENABLE_ONEDNN_OPTS=0`.
  imagenet shim: jax/.lake/build/generated_convnext_tiny_imagenet_shim.py — train split, batch 256, 150528 floats/img (seed 74), wire v4 soft targets [256x1000]
  ▸ shim respawn: producer 1 of 4 replaced after epoch 180 (generation 18, seed 74)
  step 0/5004: loss=3.835001
I0000 00:00:1789939107.233436  764262 tf_record_dataset_op.cc:396] The default buffer size is 262144, which is overridden by the user specified `buffer_size` of 8388608
  step 1/5004: loss=4.120219
  step 2/5004: loss=2.459018
  step 100/5004: loss=3.540691
  step 200/5004: loss=3.182281
  step 300/5004: loss=3.413673
  step 400/5004: loss=3.291845
  step 500/5004: loss=2.834754
  step 600/5004: loss=3.683244
  step 700/5004: loss=3.503050
  step 800/5004: loss=3.484317
  step 900/5004: loss=3.674591
  step 1000/5004: loss=2.791440
  step 1100/5004: loss=3.637706
  step 1200/5004: loss=3.877647
  step 1300/5004: loss=2.974895
  step 1400/5004: loss=3.966135
  step 1500/5004: loss=3.307799
  step 1600/5004: loss=2.399588
  step 1700/5004: loss=2.893791
  step 1800/5004: loss=2.891495
  step 1900/5004: loss=3.629319
  step 2000/5004: loss=2.392976
  step 2100/5004: loss=3.195939
  step 2200/5004: loss=3.298189
  step 2300/5004: loss=3.372411
  step 2400/5004: loss=2.668367
  step 2500/5004: loss=3.481337
  step 2600/5004: loss=3.899917
  step 2700/5004: loss=3.651451
  step 2800/5004: loss=3.357465
  step 2900/5004: loss=3.340493
  step 3000/5004: loss=3.963215
  step 3100/5004: loss=2.728326
  step 3200/5004: loss=2.959485
  step 3300/5004: loss=3.259310
  step 3400/5004: loss=3.607787
  step 3500/5004: loss=3.323926
  step 3600/5004: loss=2.221714
  step 3700/5004: loss=2.805796
  step 3800/5004: loss=2.961731
  step 3900/5004: loss=3.633664
  step 4000/5004: loss=3.568173
  step 4100/5004: loss=2.705578
  step 4200/5004: loss=2.662047
  step 4300/5004: loss=3.400556
  step 4400/5004: loss=3.657506
  step 4500/5004: loss=3.255204
  step 4600/5004: loss=2.551082
  step 4700/5004: loss=2.725764
  step 4800/5004: loss=3.917366
  step 4900/5004: loss=3.272516
  step 5000/5004: loss=4.046728
[pjrt_ffi] RESIDENT: @convnextin_fwd holds 182 parameter tensors (109.1 MB) on 4 devices; they stop crossing PCIe from here
Epoch 181/300: loss=3.288223 lr=0.000096
  epoch 181: test_acc = 39383/50000 = 78.766000%  top5 = 47363/50000 = 94.726000%  [95% CI 78.41–79.12]
  step 0/5004: loss=3.063967
  step 1/5004: loss=2.415337
  step 2/5004: loss=3.567631
  step 100/5004: loss=3.958929
  step 200/5004: loss=3.670784
  step 300/5004: loss=4.056369
  step 400/5004: loss=3.735425
  step 500/5004: loss=4.102595
  step 600/5004: loss=2.928477
  step 700/5004: loss=3.618869
  step 800/5004: loss=3.168601
  step 900/5004: loss=4.078760
  step 1000/5004: loss=3.475613
  step 1100/5004: loss=1.932590
  step 1200/5004: loss=2.985881
  step 1300/5004: loss=3.041759
  step 1400/5004: loss=2.238558
  step 1500/5004: loss=4.095375
  step 1600/5004: loss=2.744492
  step 1700/5004: loss=2.689810
  step 1800/5004: loss=2.650599
  step 1900/5004: loss=3.732344
  step 2000/5004: loss=3.144672
  step 2100/5004: loss=4.073340
  step 2200/5004: loss=2.580923
  step 2300/5004: loss=3.307267
  step 2400/5004: loss=2.806646
  step 2500/5004: loss=3.417315
  step 2600/5004: loss=3.703133
  step 2700/5004: loss=2.977583
  step 2800/5004: loss=3.869859
  step 2900/5004: loss=4.290552
  step 3000/5004: loss=3.199346
  step 3100/5004: loss=3.995881
  step 3200/5004: loss=3.066761
  step 3300/5004: loss=3.406411
  step 3400/5004: loss=3.701481
  step 3500/5004: loss=3.893965
  step 3600/5004: loss=3.894758
  step 3700/5004: loss=3.970120
  step 3800/5004: loss=3.210811
  step 3900/5004: loss=1.788383
  step 4000/5004: loss=3.061246
  step 4100/5004: loss=3.856215
  step 4200/5004: loss=3.631135
  step 4300/5004: loss=2.942471
  step 4400/5004: loss=3.143448
  step 4500/5004: loss=3.885850
  step 4600/5004: loss=2.707025
  step 4700/5004: loss=3.407048
  step 4800/5004: loss=3.282466
  step 4900/5004: loss=2.208196
  step 5000/5004: loss=3.237448
[pjrt_ffi] RESIDENT: @convnextin_fwd holds 182 parameter tensors (109.1 MB) on 4 devices; they stop crossing PCIe from here
Epoch 182/300: loss=3.256447 lr=0.000094
  epoch 182: test_acc = 39537/50000 = 79.074000%  top5 = 47325/50000 = 94.650000%  [95% CI 78.72–79.43]
  step 0/5004: loss=3.840621
  step 1/5004: loss=3.642641
  step 2/5004: loss=3.894734
  step 100/5004: loss=3.584032
  step 200/5004: loss=4.068887
  step 300/5004: loss=3.411188
  step 400/5004: loss=2.824738
  step 500/5004: loss=3.420348
  step 600/5004: loss=2.479467
  step 700/5004: loss=3.433976
  step 800/5004: loss=3.826746
  step 900/5004: loss=3.547316
  step 1000/5004: loss=4.053602
  step 1100/5004: loss=3.273765
  step 1200/5004: loss=4.060221
  step 1300/5004: loss=3.520318
  step 1400/5004: loss=2.907477
  step 1500/5004: loss=3.312371
  step 1600/5004: loss=3.730713
  step 1700/5004: loss=3.377414
  step 1800/5004: loss=3.434102
  step 1900/5004: loss=3.690020
  step 2000/5004: loss=3.393750
  step 2100/5004: loss=3.169545
  step 2200/5004: loss=3.678712
  step 2300/5004: loss=3.240181
  step 2400/5004: loss=3.785207
  step 2500/5004: loss=3.475379
  step 2600/5004: loss=3.706521
  step 2700/5004: loss=3.231831
  step 2800/5004: loss=3.882055
  step 2900/5004: loss=2.321151
  step 3000/5004: loss=2.817382
  step 3100/5004: loss=3.139413
  step 3200/5004: loss=2.215044
  step 3300/5004: loss=3.595667
  step 3400/5004: loss=3.365360
  step 3500/5004: loss=2.865256
  step 3600/5004: loss=4.176268
  step 3700/5004: loss=2.788114
  step 3800/5004: loss=4.057539
  step 3900/5004: loss=3.856008
  step 4000/5004: loss=4.086559
  step 4100/5004: loss=3.237675
  step 4200/5004: loss=2.560862
  step 4300/5004: loss=3.448233
  step 4400/5004: loss=4.029007
  step 4500/5004: loss=3.228041
  step 4600/5004: loss=3.925625
  step 4700/5004: loss=3.611827
  step 4800/5004: loss=3.174494
  step 4900/5004: loss=2.548689
  step 5000/5004: loss=2.129093
[pjrt_ffi] RESIDENT: @convnextin_fwd holds 182 parameter tensors (109.1 MB) on 4 devices; they stop crossing PCIe from here
Epoch 183/300: loss=3.284756 lr=0.000093
  epoch 183: test_acc = 39439/50000 = 78.878000%  top5 = 47298/50000 = 94.596000%  [95% CI 78.52–79.23]
  step 0/5004: loss=3.397800
  step 1/5004: loss=2.382099
  step 2/5004: loss=3.674191
  step 100/5004: loss=3.869486
  step 200/5004: loss=2.482433
  step 300/5004: loss=3.438422
  step 400/5004: loss=3.918522
  step 500/5004: loss=2.224756
  step 600/5004: loss=2.712285
  step 700/5004: loss=3.531125
  step 800/5004: loss=3.717812
  step 900/5004: loss=3.844876
  step 1000/5004: loss=3.595905
  step 1100/5004: loss=2.124708
  step 1200/5004: loss=3.563340
  step 1300/5004: loss=3.451858
  step 1400/5004: loss=3.247514
  step 1500/5004: loss=3.241853
  step 1600/5004: loss=3.395864
  step 1700/5004: loss=3.303052
  step 1800/5004: loss=2.682502
  step 1900/5004: loss=2.723075
  step 2000/5004: loss=3.479119
  step 2100/5004: loss=2.806894
  step 2200/5004: loss=2.942368
  step 2300/5004: loss=3.141788
  step 2400/5004: loss=3.723355
  step 2500/5004: loss=3.422320
  step 2600/5004: loss=3.386581
  step 2700/5004: loss=2.110998
  step 2800/5004: loss=3.412902
  step 2900/5004: loss=3.507769
  step 3000/5004: loss=3.534636
  step 3100/5004: loss=3.983013
  step 3200/5004: loss=2.416559
  step 3300/5004: loss=3.094429
  step 3400/5004: loss=2.506303
  step 3500/5004: loss=3.933077
  step 3600/5004: loss=3.205434
  step 3700/5004: loss=3.880255
  step 3800/5004: loss=3.951307
  step 3900/5004: loss=3.867166
  step 4000/5004: loss=3.243267
  step 4100/5004: loss=3.694461
  step 4200/5004: loss=3.564133
  step 4300/5004: loss=3.823588
  step 4400/5004: loss=3.304388
  step 4500/5004: loss=4.113873
  step 4600/5004: loss=3.276325
  step 4700/5004: loss=3.456377
  step 4800/5004: loss=2.557787
  step 4900/5004: loss=3.339475
  step 5000/5004: loss=3.484264
[pjrt_ffi] RESIDENT: @convnextin_fwd holds 182 parameter tensors (109.1 MB) on 4 devices; they stop crossing PCIe from here
Epoch 184/300: loss=3.261670 lr=0.000092
  epoch 184: test_acc = 39448/50000 = 78.896000%  top5 = 47357/50000 = 94.714000%  [95% CI 78.54–79.25]
  step 0/5004: loss=2.491612
  step 1/5004: loss=4.101825
  step 2/5004: loss=3.883115
  step 100/5004: loss=3.393877
  step 200/5004: loss=3.699401
  step 300/5004: loss=3.402370
  step 400/5004: loss=3.562495
  step 500/5004: loss=3.244517
  step 600/5004: loss=3.058172
  step 700/5004: loss=3.737558
  step 800/5004: loss=4.094247
  step 900/5004: loss=3.421459
  step 1000/5004: loss=3.785276
  step 1100/5004: loss=3.460347
  step 1200/5004: loss=3.484447
  step 1300/5004: loss=3.260950
  step 1400/5004: loss=3.860796
  step 1500/5004: loss=3.370735
  step 1600/5004: loss=3.336528
  step 1700/5004: loss=3.556616
  step 1800/5004: loss=2.339732
  step 1900/5004: loss=2.547345
  step 2000/5004: loss=3.680082
  step 2100/5004: loss=2.876015
  step 2200/5004: loss=2.402264
  step 2300/5004: loss=2.623082
  step 2400/5004: loss=2.665474
  step 2500/5004: loss=3.012210
  step 2600/5004: loss=2.724918
  step 2700/5004: loss=3.635033
  step 2800/5004: loss=3.750321
  step 2900/5004: loss=3.425838
  step 3000/5004: loss=4.056218
  step 3100/5004: loss=3.757373
  step 3200/5004: loss=3.555318
  step 3300/5004: loss=3.454432
  step 3400/5004: loss=2.966849
  step 3500/5004: loss=2.791563
  step 3600/5004: loss=1.881659
  step 3700/5004: loss=3.584421
  step 3800/5004: loss=2.458604
  step 3900/5004: loss=3.674726
  step 4000/5004: loss=2.368611
  step 4100/5004: loss=2.967095
  step 4200/5004: loss=1.863830
  step 4300/5004: loss=3.326053
  step 4400/5004: loss=3.054628
  step 4500/5004: loss=3.535282
  step 4600/5004: loss=3.351147
  step 4700/5004: loss=3.379716
  step 4800/5004: loss=3.068694
  step 4900/5004: loss=3.266904
  step 5000/5004: loss=3.701755
[pjrt_ffi] RESIDENT: @convnextin_fwd holds 182 parameter tensors (109.1 MB) on 4 devices; they stop crossing PCIe from here
Epoch 185/300: loss=3.265582 lr=0.000090
  epoch 185: test_acc = 39375/50000 = 78.750000%  top5 = 47284/50000 = 94.568000%  [95% CI 78.39–79.11]
  step 0/5004: loss=3.533042
  step 1/5004: loss=3.357525
  step 2/5004: loss=3.197660
  step 100/5004: loss=4.084405
  step 200/5004: loss=3.540444
  step 300/5004: loss=3.305496
  step 400/5004: loss=3.019666
  step 500/5004: loss=3.326254
  step 600/5004: loss=3.367919
  step 700/5004: loss=4.383919
  step 800/5004: loss=3.708704
  step 900/5004: loss=3.953672
  step 1000/5004: loss=3.648353
  step 1100/5004: loss=2.814183
  step 1200/5004: loss=2.213106
  step 1300/5004: loss=3.958556
  step 1400/5004: loss=2.903158
  step 1500/5004: loss=4.066091
  step 1600/5004: loss=2.379851
  step 1700/5004: loss=2.432969
  step 1800/5004: loss=3.023286
  step 1900/5004: loss=2.476704
  step 2000/5004: loss=3.435101
  step 2100/5004: loss=2.789212
  step 2200/5004: loss=3.258001
  step 2300/5004: loss=4.134175
  step 2400/5004: loss=3.898025
  step 2500/5004: loss=2.931084
  step 2600/5004: loss=3.513969
  step 2700/5004: loss=3.768429
  step 2800/5004: loss=3.505957
  step 2900/5004: loss=3.468544
  step 3000/5004: loss=3.318044
  step 3100/5004: loss=3.157527
  step 3200/5004: loss=2.849844
  step 3300/5004: loss=3.182300
  step 3400/5004: loss=3.251622
  step 3500/5004: loss=3.445635
  step 3600/5004: loss=3.340890
  step 3700/5004: loss=3.502202
  step 3800/5004: loss=3.512212
  step 3900/5004: loss=3.233235
  step 4000/5004: loss=3.347979
  step 4100/5004: loss=3.586912
  step 4200/5004: loss=3.334054
  step 4300/5004: loss=4.001519
  step 4400/5004: loss=2.415507
  step 4500/5004: loss=3.186511
  step 4600/5004: loss=3.385002
  step 4700/5004: loss=4.058598
  step 4800/5004: loss=3.458911
  step 4900/5004: loss=3.892271
  step 5000/5004: loss=2.684328
[pjrt_ffi] RESIDENT: @convnextin_fwd holds 182 parameter tensors (109.1 MB) on 4 devices; they stop crossing PCIe from here
Epoch 186/300: loss=3.254270 lr=0.000089
  epoch 186: test_acc = 39513/50000 = 79.026000%  top5 = 47378/50000 = 94.756000%  [95% CI 78.67–79.38]
  step 0/5004: loss=2.030511
  step 1/5004: loss=3.480079
  step 2/5004: loss=3.992231
  step 100/5004: loss=3.354210
  step 200/5004: loss=4.019640
  step 300/5004: loss=3.570059
  step 400/5004: loss=3.660068
  step 500/5004: loss=3.149055
  step 600/5004: loss=2.507517
  step 700/5004: loss=2.627381
  step 800/5004: loss=1.888671
  step 900/5004: loss=3.342446
  step 1000/5004: loss=3.813242
  step 1100/5004: loss=3.711039
  step 1200/5004: loss=3.326637
  step 1300/5004: loss=3.247278
  step 1400/5004: loss=3.568816
  step 1500/5004: loss=3.284093
  step 1600/5004: loss=2.531301
  step 1700/5004: loss=3.390384
  step 1800/5004: loss=3.878692
  step 1900/5004: loss=1.914341
  step 2000/5004: loss=4.197649
  step 2100/5004: loss=2.997527
  step 2200/5004: loss=2.912404
  step 2300/5004: loss=3.180953
  step 2400/5004: loss=3.942766
  step 2500/5004: loss=3.715831
  step 2600/5004: loss=3.015653
  step 2700/5004: loss=2.723338
  step 2800/5004: loss=3.491477
  step 2900/5004: loss=3.233213
  step 3000/5004: loss=2.735734
  step 3100/5004: loss=3.736311
  step 3200/5004: loss=3.707220
  step 3300/5004: loss=3.520321
  step 3400/5004: loss=4.214366
  step 3500/5004: loss=2.438192
  step 3600/5004: loss=3.881252
  step 3700/5004: loss=3.226160
  step 3800/5004: loss=4.154297
  step 3900/5004: loss=3.153570
  step 4000/5004: loss=3.905089
  step 4100/5004: loss=3.372698
  step 4200/5004: loss=3.759373
  step 4300/5004: loss=2.872991
  step 4400/5004: loss=4.079724
  step 4500/5004: loss=3.329823
  step 4600/5004: loss=2.786414
  step 4700/5004: loss=3.422364
  step 4800/5004: loss=2.682406
  step 4900/5004: loss=3.554521
  step 5000/5004: loss=2.599789
[pjrt_ffi] RESIDENT: @convnextin_fwd holds 182 parameter tensors (109.1 MB) on 4 devices; they stop crossing PCIe from here
Epoch 187/300: loss=3.256891 lr=0.000088
  epoch 187: test_acc = 39481/50000 = 78.962000%  top5 = 47385/50000 = 94.770000%  [95% CI 78.60–79.32]
  step 0/5004: loss=2.625597
  step 1/5004: loss=2.952878
  step 2/5004: loss=2.721086
  step 100/5004: loss=3.102849
  step 200/5004: loss=3.277184
  step 300/5004: loss=3.844518
  step 400/5004: loss=3.334231
  step 500/5004: loss=4.024585
  step 600/5004: loss=3.551964
  step 700/5004: loss=3.221117
  step 800/5004: loss=3.307110
  step 900/5004: loss=3.312310
  step 1000/5004: loss=3.783645
  step 1100/5004: loss=3.919078
  step 1200/5004: loss=3.616118
  step 1300/5004: loss=2.844565
  step 1400/5004: loss=3.788985
  step 1500/5004: loss=2.910696
  step 1600/5004: loss=3.477231
  step 1700/5004: loss=3.683540
  step 1800/5004: loss=3.655100
  step 1900/5004: loss=2.936840
  step 2000/5004: loss=2.961652
  step 2100/5004: loss=3.848083
  step 2200/5004: loss=3.599877
  step 2300/5004: loss=2.639060
  step 2400/5004: loss=2.290852
  step 2500/5004: loss=3.756083
  step 2600/5004: loss=3.435218
  step 2700/5004: loss=4.200912
  step 2800/5004: loss=2.294764
  step 2900/5004: loss=3.460177
  step 3000/5004: loss=3.695849
  step 3100/5004: loss=4.011189
  step 3200/5004: loss=3.700117
  step 3300/5004: loss=3.855180
  step 3400/5004: loss=3.366178
  step 3500/5004: loss=3.729086
  step 3600/5004: loss=2.243061
  step 3700/5004: loss=2.677111
  step 3800/5004: loss=3.265962
  step 3900/5004: loss=3.414232
  step 4000/5004: loss=3.257977
  step 4100/5004: loss=3.235575
  step 4200/5004: loss=3.575924
  step 4300/5004: loss=4.069812
  step 4400/5004: loss=3.732913
  step 4500/5004: loss=2.513231
  step 4600/5004: loss=2.362375
  step 4700/5004: loss=4.144461
  step 4800/5004: loss=3.526191
  step 4900/5004: loss=4.038091
  step 5000/5004: loss=3.338082
[pjrt_ffi] RESIDENT: @convnextin_fwd holds 182 parameter tensors (109.1 MB) on 4 devices; they stop crossing PCIe from here
Epoch 188/300: loss=3.243107 lr=0.000086
  epoch 188: test_acc = 39530/50000 = 79.060000%  top5 = 47331/50000 = 94.662000%  [95% CI 78.70–79.41]
  step 0/5004: loss=3.881949
  step 1/5004: loss=2.776187
  step 2/5004: loss=2.885338
  step 100/5004: loss=3.531174
  step 200/5004: loss=3.955710
  step 300/5004: loss=3.541141
  step 400/5004: loss=3.495725
  step 500/5004: loss=3.312813
  step 600/5004: loss=2.773499
  step 700/5004: loss=3.627258
  step 800/5004: loss=2.479226
  step 900/5004: loss=2.946026
  step 1000/5004: loss=3.754987
  step 1100/5004: loss=3.811667
  step 1200/5004: loss=2.412755
  step 1300/5004: loss=3.721472
  step 1400/5004: loss=3.686818
  step 1500/5004: loss=3.484495
  step 1600/5004: loss=3.912405
  step 1700/5004: loss=3.621403
  step 1800/5004: loss=2.318005
  step 1900/5004: loss=3.495549
  step 2000/5004: loss=3.663864
  step 2100/5004: loss=3.423683
  step 2200/5004: loss=4.183311
  step 2300/5004: loss=3.698879
  step 2400/5004: loss=3.490185
  step 2500/5004: loss=3.525759
  step 2600/5004: loss=4.199995
  step 2700/5004: loss=3.061204
  step 2800/5004: loss=2.464622
  step 2900/5004: loss=2.932501
  step 3000/5004: loss=2.959289
  step 3100/5004: loss=3.522556
  step 3200/5004: loss=2.829348
  step 3300/5004: loss=3.057512
  step 3400/5004: loss=2.357846
  step 3500/5004: loss=3.293429
  step 3600/5004: loss=3.703296
  step 3700/5004: loss=3.380746
  step 3800/5004: loss=4.354061
  step 3900/5004: loss=3.014482
  step 4000/5004: loss=3.941777
  step 4100/5004: loss=3.371056
  step 4200/5004: loss=2.469722
  step 4300/5004: loss=3.223290
  step 4400/5004: loss=3.044698
  step 4500/5004: loss=3.337222
  step 4600/5004: loss=2.696110
  step 4700/5004: loss=3.468002
  step 4800/5004: loss=2.079728
  step 4900/5004: loss=2.374291
  step 5000/5004: loss=2.070242
[pjrt_ffi] RESIDENT: @convnextin_fwd holds 182 parameter tensors (109.1 MB) on 4 devices; they stop crossing PCIe from here
Epoch 189/300: loss=3.255424 lr=0.000085
  epoch 189: test_acc = 39465/50000 = 78.930000%  top5 = 47375/50000 = 94.750000%  [95% CI 78.57–79.29]
  step 0/5004: loss=3.471966
  step 1/5004: loss=3.839526
  step 2/5004: loss=2.310348
  step 100/5004: loss=3.615944
  step 200/5004: loss=2.537961
  step 300/5004: loss=3.952045
  step 400/5004: loss=3.617528
  step 500/5004: loss=4.141263
  step 600/5004: loss=3.294665
  step 700/5004: loss=3.953763
  step 800/5004: loss=3.506878
  step 900/5004: loss=2.593748
  step 1000/5004: loss=3.054141
  step 1100/5004: loss=2.885691
  step 1200/5004: loss=3.668143
  step 1300/5004: loss=3.826808
  step 1400/5004: loss=3.834312
  step 1500/5004: loss=3.964231
  step 1600/5004: loss=3.416873
  step 1700/5004: loss=3.543841
  step 1800/5004: loss=3.474318
  step 1900/5004: loss=3.695161
  step 2000/5004: loss=2.855726
  step 2100/5004: loss=3.771533
  step 2200/5004: loss=3.043179
  step 2300/5004: loss=3.367218
  step 2400/5004: loss=3.424649
  step 2500/5004: loss=2.110714
  step 2600/5004: loss=3.394118
  step 2700/5004: loss=3.636692
  step 2800/5004: loss=3.382011
  step 2900/5004: loss=2.710175
  step 3000/5004: loss=3.488539
  step 3100/5004: loss=4.007316
  step 3200/5004: loss=3.208791
  step 3300/5004: loss=3.855870
  step 3400/5004: loss=3.493021
  step 3500/5004: loss=2.124927
  step 3600/5004: loss=3.118066
  step 3700/5004: loss=3.715112
  step 3800/5004: loss=1.944289
  step 3900/5004: loss=2.564450
  step 4000/5004: loss=3.622215
  step 4100/5004: loss=3.417340
  step 4200/5004: loss=3.424710
  step 4300/5004: loss=3.290180
  step 4400/5004: loss=3.185080
  step 4500/5004: loss=3.972143
  step 4600/5004: loss=3.604876
  step 4700/5004: loss=4.025418
  step 4800/5004: loss=2.664051
  step 4900/5004: loss=3.997652
  step 5000/5004: loss=3.798115
[pjrt_ffi] RESIDENT: @convnextin_fwd holds 182 parameter tensors (109.1 MB) on 4 devices; they stop crossing PCIe from here
Epoch 190/300: loss=3.240367 lr=0.000084
  epoch 190: test_acc = 39588/50000 = 79.176000%  top5 = 47378/50000 = 94.756000%  [95% CI 78.82–79.53]
WARNING: All log messages before absl::InitializeLog() is called are written to STDERR
I0000 00:00:1789950015.707255  802410 port.cc:153] oneDNN custom operations are on. You may see slightly different numerical results due to floating-point round-off errors from different computation orders. To turn them off, set the environment variable `TF_ENABLE_ONEDNN_OPTS=0`.
I0000 00:00:1789950015.934779  802410 cpu_feature_guard.cc:227] This TensorFlow binary is optimized to use available CPU instructions in performance-critical operations.
To enable the following instructions: AVX2 AVX512F AVX512_VNNI AVX512_BF16 AVX512_FP16 AVX_VNNI AMX_TILE AMX_INT8 AMX_BF16 FMA, in other operations, rebuild TensorFlow with the appropriate compiler flags.
WARNING: All log messages before absl::InitializeLog() is called are written to STDERR
I0000 00:00:1789950017.787432  802410 port.cc:153] oneDNN custom operations are on. You may see slightly different numerical results due to floating-point round-off errors from different computation orders. To turn them off, set the environment variable `TF_ENABLE_ONEDNN_OPTS=0`.
  imagenet shim: jax/.lake/build/generated_convnext_tiny_imagenet_shim.py — train split, batch 256, 150528 floats/img (seed 79), wire v4 soft targets [256x1000]
  ▸ shim respawn: producer 2 of 4 replaced after epoch 190 (generation 19, seed 79)
  step 0/5004: loss=3.029886
  step 1/5004: loss=3.003516
I0000 00:00:1789950020.310934  802555 tf_record_dataset_op.cc:396] The default buffer size is 262144, which is overridden by the user specified `buffer_size` of 8388608
  step 2/5004: loss=2.377225
  step 100/5004: loss=3.758275
  step 200/5004: loss=3.334437
  step 300/5004: loss=3.379037
  step 400/5004: loss=2.973302
  step 500/5004: loss=3.249934
  step 600/5004: loss=3.934858
  step 700/5004: loss=3.179226
  step 800/5004: loss=2.037131
  step 900/5004: loss=1.831837
  step 1000/5004: loss=3.583138
  step 1100/5004: loss=3.191908
  step 1200/5004: loss=2.867945
  step 1300/5004: loss=3.467651
  step 1400/5004: loss=3.083323
  step 1500/5004: loss=3.659065
  step 1600/5004: loss=3.253884
  step 1700/5004: loss=3.480988
  step 1800/5004: loss=2.390909
  step 1900/5004: loss=3.039244
  step 2000/5004: loss=3.933794
  step 2100/5004: loss=3.579259
  step 2200/5004: loss=3.804756
  step 2300/5004: loss=3.627942
  step 2400/5004: loss=1.826060
  step 2500/5004: loss=3.336032
  step 2600/5004: loss=3.604581
  step 2700/5004: loss=3.608902
  step 2800/5004: loss=3.833821
  step 2900/5004: loss=2.798084
  step 3000/5004: loss=2.214244
  step 3100/5004: loss=3.261240
  step 3200/5004: loss=3.274418
  step 3300/5004: loss=3.042149
  step 3400/5004: loss=3.877486
  step 3500/5004: loss=2.838398
  step 3600/5004: loss=2.985849
  step 3700/5004: loss=2.977520
  step 3800/5004: loss=1.739583
  step 3900/5004: loss=2.561495
  step 4000/5004: loss=3.929851
  step 4100/5004: loss=3.266726
  step 4200/5004: loss=3.499744
  step 4300/5004: loss=2.664474
  step 4400/5004: loss=3.574609
  step 4500/5004: loss=3.284354
  step 4600/5004: loss=3.782661
  step 4700/5004: loss=3.494382
  step 4800/5004: loss=3.114543
  step 4900/5004: loss=2.830485
  step 5000/5004: loss=3.757049
[pjrt_ffi] RESIDENT: @convnextin_fwd holds 182 parameter tensors (109.1 MB) on 4 devices; they stop crossing PCIe from here
Epoch 191/300: loss=3.223758 lr=0.000082
  epoch 191: test_acc = 39532/50000 = 79.064000%  top5 = 47378/50000 = 94.756000%  [95% CI 78.71–79.42]
  step 0/5004: loss=3.038364
  step 1/5004: loss=3.748683
  step 2/5004: loss=3.519907
  step 100/5004: loss=3.773672
  step 200/5004: loss=3.325504
  step 300/5004: loss=3.675695
  step 400/5004: loss=3.515375
  step 500/5004: loss=3.417767
  step 600/5004: loss=3.587574
  step 700/5004: loss=2.520489
  step 800/5004: loss=3.125293
  step 900/5004: loss=3.696233
  step 1000/5004: loss=3.607782
  step 1100/5004: loss=2.826371
  step 1200/5004: loss=3.694260
  step 1300/5004: loss=3.769623
  step 1400/5004: loss=3.352271
  step 1500/5004: loss=3.327648
  step 1600/5004: loss=3.172551
  step 1700/5004: loss=2.709425
  step 1800/5004: loss=3.490340
  step 1900/5004: loss=3.840734
  step 2000/5004: loss=2.980685
  step 2100/5004: loss=3.586337
  step 2200/5004: loss=3.114273
  step 2300/5004: loss=3.320786
  step 2400/5004: loss=3.346575
  step 2500/5004: loss=2.795794
  step 2600/5004: loss=2.853552
  step 2700/5004: loss=1.998954
  step 2800/5004: loss=3.488629
  step 2900/5004: loss=1.957967
  step 3000/5004: loss=2.407171
  step 3100/5004: loss=4.026774
  step 3200/5004: loss=2.225034
  step 3300/5004: loss=2.617473
  step 3400/5004: loss=3.449999
  step 3500/5004: loss=3.787142
  step 3600/5004: loss=3.446363
  step 3700/5004: loss=3.753595
  step 3800/5004: loss=3.235676
  step 3900/5004: loss=3.480498
  step 4000/5004: loss=3.110951
  step 4100/5004: loss=2.041075
  step 4200/5004: loss=3.551919
  step 4300/5004: loss=3.854067
  step 4400/5004: loss=3.128383
  step 4500/5004: loss=3.410585
  step 4600/5004: loss=3.462626
  step 4700/5004: loss=3.757960
  step 4800/5004: loss=2.888474
  step 4900/5004: loss=2.988611
  step 5000/5004: loss=3.416857
[pjrt_ffi] RESIDENT: @convnextin_fwd holds 182 parameter tensors (109.1 MB) on 4 devices; they stop crossing PCIe from here
Epoch 192/300: loss=3.218614 lr=0.000081
  epoch 192: test_acc = 39602/50000 = 79.204000%  top5 = 47384/50000 = 94.768000%  [95% CI 78.85–79.56]
  step 0/5004: loss=3.406909
  step 1/5004: loss=3.394939
  step 2/5004: loss=2.446445
  step 100/5004: loss=3.485000
  step 200/5004: loss=3.664423
  step 300/5004: loss=2.444021
  step 400/5004: loss=3.828687
  step 500/5004: loss=3.190426
  step 600/5004: loss=3.801416
  step 700/5004: loss=3.557338
  step 800/5004: loss=2.324273
  step 900/5004: loss=3.586418
  step 1000/5004: loss=1.977560
  step 1100/5004: loss=2.947762
  step 1200/5004: loss=4.224903
  step 1300/5004: loss=3.429013
  step 1400/5004: loss=2.347938
  step 1500/5004: loss=3.494082
  step 1600/5004: loss=4.255221
  step 1700/5004: loss=3.529069
  step 1800/5004: loss=2.843639
  step 1900/5004: loss=3.408319
  step 2000/5004: loss=3.199552
  step 2100/5004: loss=3.027882
  step 2200/5004: loss=2.462175
  step 2300/5004: loss=3.484972
  step 2400/5004: loss=3.483257
  step 2500/5004: loss=3.709700
  step 2600/5004: loss=3.530278
  step 2700/5004: loss=2.273754
  step 2800/5004: loss=3.476135
  step 2900/5004: loss=3.456679
  step 3000/5004: loss=3.917938
  step 3100/5004: loss=3.750684
  step 3200/5004: loss=4.099165
  step 3300/5004: loss=3.372457
  step 3400/5004: loss=3.541217
  step 3500/5004: loss=3.230625
  step 3600/5004: loss=3.503013
  step 3700/5004: loss=2.710268
  step 3800/5004: loss=2.953939
  step 3900/5004: loss=3.193646
  step 4000/5004: loss=4.014837
  step 4100/5004: loss=2.345997
  step 4200/5004: loss=2.387997
  step 4300/5004: loss=3.204385
  step 4400/5004: loss=2.659321
  step 4500/5004: loss=3.512441
  step 4600/5004: loss=3.598765
  step 4700/5004: loss=3.381636
  step 4800/5004: loss=2.633944
  step 4900/5004: loss=3.601897
  step 5000/5004: loss=2.870644
[pjrt_ffi] RESIDENT: @convnextin_fwd holds 182 parameter tensors (109.1 MB) on 4 devices; they stop crossing PCIe from here
Epoch 193/300: loss=3.207533 lr=0.000080
  epoch 193: test_acc = 39543/50000 = 79.086000%  top5 = 47372/50000 = 94.744000%  [95% CI 78.73–79.44]
  step 0/5004: loss=3.208222
  step 1/5004: loss=2.456490
  step 2/5004: loss=2.884436
  step 100/5004: loss=2.108675
  step 200/5004: loss=3.690988
  step 300/5004: loss=3.464549
  step 400/5004: loss=3.520749
  step 500/5004: loss=3.513472
  step 600/5004: loss=3.430540
  step 700/5004: loss=3.160509
  step 800/5004: loss=3.542692
  step 900/5004: loss=3.738254
  step 1000/5004: loss=3.387677
  step 1100/5004: loss=2.511805
  step 1200/5004: loss=3.286332
  step 1300/5004: loss=3.320621
  step 1400/5004: loss=3.502513
  step 1500/5004: loss=3.206895
  step 1600/5004: loss=3.125793
  step 1700/5004: loss=3.537107
  step 1800/5004: loss=3.464668
  step 1900/5004: loss=4.135105
  step 2000/5004: loss=3.120410
  step 2100/5004: loss=2.668512
  step 2200/5004: loss=3.195461
  step 2300/5004: loss=3.706796
  step 2400/5004: loss=3.182110
  step 2500/5004: loss=3.280415
  step 2600/5004: loss=3.205241
  step 2700/5004: loss=3.167266
  step 2800/5004: loss=3.518736
  step 2900/5004: loss=2.710810
  step 3000/5004: loss=3.044116
  step 3100/5004: loss=2.713372
  step 3200/5004: loss=3.211577
  step 3300/5004: loss=3.408796
  step 3400/5004: loss=3.438011
  step 3500/5004: loss=2.538555
  step 3600/5004: loss=2.663484
  step 3700/5004: loss=2.171862
  step 3800/5004: loss=3.046017
  step 3900/5004: loss=3.502594
  step 4000/5004: loss=3.462801
  step 4100/5004: loss=2.852715
  step 4200/5004: loss=2.793121
  step 4300/5004: loss=1.991500
  step 4400/5004: loss=3.557495
  step 4500/5004: loss=3.792476
  step 4600/5004: loss=3.399179
  step 4700/5004: loss=3.721988
  step 4800/5004: loss=3.435450
  step 4900/5004: loss=2.293719
  step 5000/5004: loss=2.574590
[pjrt_ffi] RESIDENT: @convnextin_fwd holds 182 parameter tensors (109.1 MB) on 4 devices; they stop crossing PCIe from here
Epoch 194/300: loss=3.211446 lr=0.000078
  epoch 194: test_acc = 39648/50000 = 79.296000%  top5 = 47409/50000 = 94.818000%  [95% CI 78.94–79.65]
  step 0/5004: loss=2.385994
  step 1/5004: loss=3.745705
  step 2/5004: loss=2.982125
  step 100/5004: loss=3.344229
  step 200/5004: loss=2.468818
  step 300/5004: loss=2.542758
  step 400/5004: loss=2.385617
  step 500/5004: loss=3.369104
  step 600/5004: loss=3.458032
  step 700/5004: loss=3.588251
  step 800/5004: loss=2.224504
  step 900/5004: loss=3.623228
  step 1000/5004: loss=2.232098
  step 1100/5004: loss=3.416653
  step 1200/5004: loss=3.941113
  step 1300/5004: loss=2.158693
  step 1400/5004: loss=3.756566
  step 1500/5004: loss=3.495106
  step 1600/5004: loss=3.734817
  step 1700/5004: loss=3.175068
  step 1800/5004: loss=2.172119
  step 1900/5004: loss=3.369427
  step 2000/5004: loss=2.066666
  step 2100/5004: loss=3.438583
  step 2200/5004: loss=2.967474
  step 2300/5004: loss=3.547313
  step 2400/5004: loss=3.212011
  step 2500/5004: loss=2.696333
  step 2600/5004: loss=3.585520
  step 2700/5004: loss=3.589990
  step 2800/5004: loss=4.042159
  step 2900/5004: loss=3.369449
  step 3000/5004: loss=3.366497
  step 3100/5004: loss=2.623397
  step 3200/5004: loss=3.376319
  step 3300/5004: loss=3.306202
  step 3400/5004: loss=2.124909
  step 3500/5004: loss=3.704664
  step 3600/5004: loss=2.957911
  step 3700/5004: loss=3.263168
  step 3800/5004: loss=3.094962
  step 3900/5004: loss=3.319141
  step 4000/5004: loss=2.942888
  step 4100/5004: loss=3.447229
  step 4200/5004: loss=3.875580
  step 4300/5004: loss=3.461176
  step 4400/5004: loss=4.055581
  step 4500/5004: loss=3.532324
  step 4600/5004: loss=1.938325
  step 4700/5004: loss=3.436638
  step 4800/5004: loss=2.860055
  step 4900/5004: loss=3.117877
  step 5000/5004: loss=3.771906
[pjrt_ffi] RESIDENT: @convnextin_fwd holds 182 parameter tensors (109.1 MB) on 4 devices; they stop crossing PCIe from here
Epoch 195/300: loss=3.208137 lr=0.000077
  epoch 195: test_acc = 39671/50000 = 79.342000%  top5 = 47410/50000 = 94.820000%  [95% CI 78.98–79.69]
  step 0/5004: loss=3.192413
  step 1/5004: loss=3.577408
  step 2/5004: loss=3.473907
  step 100/5004: loss=3.883003
  step 200/5004: loss=2.397556
  step 300/5004: loss=3.816779
  step 400/5004: loss=3.593663
  step 500/5004: loss=3.705890
  step 600/5004: loss=3.496444
  step 700/5004: loss=3.473271
  step 800/5004: loss=3.232535
  step 900/5004: loss=3.669080
  step 1000/5004: loss=3.011932
  step 1100/5004: loss=3.094504
  step 1200/5004: loss=3.153465
  step 1300/5004: loss=3.728582
  step 1400/5004: loss=3.382751
  step 1500/5004: loss=2.761491
  step 1600/5004: loss=3.300457
  step 1700/5004: loss=3.282205
  step 1800/5004: loss=3.623915
  step 1900/5004: loss=1.966108
  step 2000/5004: loss=3.372358
  step 2100/5004: loss=2.652612
  step 2200/5004: loss=2.325590
  step 2300/5004: loss=3.044200
  step 2400/5004: loss=3.061476
  step 2500/5004: loss=3.330886
  step 2600/5004: loss=3.489661
  step 2700/5004: loss=2.584392
  step 2800/5004: loss=3.232155
  step 2900/5004: loss=3.026573
  step 3000/5004: loss=2.566132
  step 3100/5004: loss=3.707323
  step 3200/5004: loss=3.515479
  step 3300/5004: loss=3.688574
  step 3400/5004: loss=3.286788
  step 3500/5004: loss=1.977776
  step 3600/5004: loss=2.557013
  step 3700/5004: loss=1.842239
  step 3800/5004: loss=3.668022
  step 3900/5004: loss=2.686300
  step 4000/5004: loss=3.309698
  step 4100/5004: loss=3.823248
  step 4200/5004: loss=3.483126
  step 4300/5004: loss=3.169812
  step 4400/5004: loss=3.547014
  step 4500/5004: loss=3.228877
  step 4600/5004: loss=2.203989
  step 4700/5004: loss=2.688293
  step 4800/5004: loss=3.090987
  step 4900/5004: loss=4.018932
  step 5000/5004: loss=3.579273
[pjrt_ffi] RESIDENT: @convnextin_fwd holds 182 parameter tensors (109.1 MB) on 4 devices; they stop crossing PCIe from here
Epoch 196/300: loss=3.204380 lr=0.000076
  epoch 196: test_acc = 39678/50000 = 79.356000%  top5 = 47439/50000 = 94.878000%  [95% CI 79.00–79.71]
  step 0/5004: loss=2.950067
  step 1/5004: loss=3.761479
  step 2/5004: loss=4.047976
  step 100/5004: loss=2.463738
  step 200/5004: loss=3.329634
  step 300/5004: loss=3.813964
  step 400/5004: loss=3.688645
  step 500/5004: loss=3.598100
  step 600/5004: loss=3.943763
  step 700/5004: loss=3.190065
  step 800/5004: loss=2.006255
  step 900/5004: loss=3.437886
  step 1000/5004: loss=3.807293
  step 1100/5004: loss=3.153450
  step 1200/5004: loss=3.085979
  step 1300/5004: loss=3.239414
  step 1400/5004: loss=3.952188
  step 1500/5004: loss=3.436957
  step 1600/5004: loss=3.369128
  step 1700/5004: loss=3.305322
  step 1800/5004: loss=4.231660
  step 1900/5004: loss=2.967020
  step 2000/5004: loss=2.395539
  step 2100/5004: loss=3.532701
  step 2200/5004: loss=3.275510
  step 2300/5004: loss=3.567535
  step 2400/5004: loss=3.520652
  step 2500/5004: loss=3.756793
  step 2600/5004: loss=2.268829
  step 2700/5004: loss=2.765532
  step 2800/5004: loss=3.803299
  step 2900/5004: loss=3.806753
  step 3000/5004: loss=3.837496
  step 3100/5004: loss=3.434152
  step 3200/5004: loss=2.645768
  step 3300/5004: loss=3.517843
  step 3400/5004: loss=3.846726
  step 3500/5004: loss=3.698274
  step 3600/5004: loss=2.231797
  step 3700/5004: loss=2.874710
  step 3800/5004: loss=3.208716
  step 3900/5004: loss=3.005153
  step 4000/5004: loss=2.478892
  step 4100/5004: loss=3.813679
  step 4200/5004: loss=4.115330
  step 4300/5004: loss=3.695371
  step 4400/5004: loss=4.134361
  step 4500/5004: loss=2.414013
  step 4600/5004: loss=3.079775
  step 4700/5004: loss=3.456345
  step 4800/5004: loss=2.187356
  step 4900/5004: loss=3.715290
  step 5000/5004: loss=3.721632
[pjrt_ffi] RESIDENT: @convnextin_fwd holds 182 parameter tensors (109.1 MB) on 4 devices; they stop crossing PCIe from here
Epoch 197/300: loss=3.187744 lr=0.000075
  epoch 197: test_acc = 39593/50000 = 79.186000%  top5 = 47398/50000 = 94.796000%  [95% CI 78.83–79.54]
  step 0/5004: loss=3.385817
  step 1/5004: loss=2.342159
  step 2/5004: loss=3.311665
  step 100/5004: loss=3.907980
  step 200/5004: loss=3.417919
  step 300/5004: loss=2.533982
  step 400/5004: loss=3.756323
  step 500/5004: loss=1.931986
  step 600/5004: loss=2.877504
  step 700/5004: loss=3.976345
  step 800/5004: loss=3.313710
  step 900/5004: loss=3.580544
  step 1000/5004: loss=2.361734
  step 1100/5004: loss=4.017240
  step 1200/5004: loss=3.483530
  step 1300/5004: loss=4.150759
  step 1400/5004: loss=3.310998
  step 1500/5004: loss=3.452404
  step 1600/5004: loss=3.625840
  step 1700/5004: loss=2.644422
  step 1800/5004: loss=3.354783
  step 1900/5004: loss=3.281098
  step 2000/5004: loss=3.523690
  step 2100/5004: loss=2.144049
  step 2200/5004: loss=3.008060
  step 2300/5004: loss=3.269927
  step 2400/5004: loss=3.235729
  step 2500/5004: loss=3.043966
  step 2600/5004: loss=3.335379
  step 2700/5004: loss=2.389793
  step 2800/5004: loss=3.580710
  step 2900/5004: loss=3.334283
  step 3000/5004: loss=3.291963
  step 3100/5004: loss=3.393986
  step 3200/5004: loss=3.170910
  step 3300/5004: loss=3.882372
  step 3400/5004: loss=3.562896
  step 3500/5004: loss=4.155033
  step 3600/5004: loss=3.275835
  step 3700/5004: loss=3.703008
  step 3800/5004: loss=3.216901
  step 3900/5004: loss=2.449867
  step 4000/5004: loss=3.200299
  step 4100/5004: loss=3.194273
  step 4200/5004: loss=2.828667
  step 4300/5004: loss=3.743950
  step 4400/5004: loss=2.049429
  step 4500/5004: loss=2.114867
  step 4600/5004: loss=3.669706
  step 4700/5004: loss=3.437311
  step 4800/5004: loss=3.088191
  step 4900/5004: loss=3.856987
  step 5000/5004: loss=3.473644
[pjrt_ffi] RESIDENT: @convnextin_fwd holds 182 parameter tensors (109.1 MB) on 4 devices; they stop crossing PCIe from here
Epoch 198/300: loss=3.202378 lr=0.000073
  epoch 198: test_acc = 39662/50000 = 79.324000%  top5 = 47367/50000 = 94.734000%  [95% CI 78.97–79.68]
  step 0/5004: loss=2.481980
  step 1/5004: loss=3.836088
  step 2/5004: loss=3.168326
  step 100/5004: loss=3.599898
  step 200/5004: loss=2.310065
  step 300/5004: loss=3.164580
  step 400/5004: loss=3.988688
  step 500/5004: loss=2.941376
  step 600/5004: loss=2.829887
  step 700/5004: loss=3.445024
  step 800/5004: loss=2.140318
  step 900/5004: loss=3.043756
  step 1000/5004: loss=2.492210
  step 1100/5004: loss=3.329474
  step 1200/5004: loss=3.629923
  step 1300/5004: loss=2.236481
  step 1400/5004: loss=3.051637
  step 1500/5004: loss=3.431772
  step 1600/5004: loss=3.783451
  step 1700/5004: loss=2.885775
  step 1800/5004: loss=3.813209
  step 1900/5004: loss=3.059920
  step 2000/5004: loss=3.970846
  step 2100/5004: loss=3.150385
  step 2200/5004: loss=3.441987
  step 2300/5004: loss=3.422760
  step 2400/5004: loss=3.896046
  step 2500/5004: loss=3.572703
  step 2600/5004: loss=3.184999
  step 2700/5004: loss=3.459209
  step 2800/5004: loss=3.522407
  step 2900/5004: loss=3.452040
  step 3000/5004: loss=2.542484
  step 3100/5004: loss=3.240610
  step 3200/5004: loss=3.862178
  step 3300/5004: loss=3.318691
  step 3400/5004: loss=3.903318
  step 3500/5004: loss=3.474813
  step 3600/5004: loss=2.622006
  step 3700/5004: loss=3.210826
  step 3800/5004: loss=3.834425
  step 3900/5004: loss=2.690330
  step 4000/5004: loss=2.574666
  step 4100/5004: loss=3.900349
  step 4200/5004: loss=3.723456
  step 4300/5004: loss=3.799155
  step 4400/5004: loss=2.597684
  step 4500/5004: loss=3.298619
  step 4600/5004: loss=3.012119
  step 4700/5004: loss=3.567515
  step 4800/5004: loss=3.921929
  step 4900/5004: loss=3.209609
  step 5000/5004: loss=4.075761
[pjrt_ffi] RESIDENT: @convnextin_fwd holds 182 parameter tensors (109.1 MB) on 4 devices; they stop crossing PCIe from here
Epoch 199/300: loss=3.187291 lr=0.000072
  epoch 199: test_acc = 39828/50000 = 79.656000%  top5 = 47444/50000 = 94.888000%  [95% CI 79.30–80.01]
  step 0/5004: loss=3.620272
  step 1/5004: loss=3.478390
  step 2/5004: loss=3.391143
  step 100/5004: loss=2.354314
  step 200/5004: loss=2.627254
  step 300/5004: loss=3.924727
  step 400/5004: loss=3.533981
  step 500/5004: loss=3.561829
  step 600/5004: loss=3.379393
  step 700/5004: loss=2.271814
  step 800/5004: loss=3.673610
  step 900/5004: loss=2.139686
  step 1000/5004: loss=2.764030
  step 1100/5004: loss=1.950510
  step 1200/5004: loss=3.016557
  step 1300/5004: loss=2.970914
  step 1400/5004: loss=3.533480
  step 1500/5004: loss=3.146350
  step 1600/5004: loss=3.495540
  step 1700/5004: loss=2.894717
  step 1800/5004: loss=2.756541
  step 1900/5004: loss=3.739906
  step 2000/5004: loss=3.540430
  step 2100/5004: loss=2.361140
  step 2200/5004: loss=3.463858
  step 2300/5004: loss=3.758841
  step 2400/5004: loss=2.820176
  step 2500/5004: loss=3.938295
  step 2600/5004: loss=3.350372
  step 2700/5004: loss=3.471817
  step 2800/5004: loss=3.549337
  step 2900/5004: loss=2.256545
  step 3000/5004: loss=2.792253
  step 3100/5004: loss=2.590669
  step 3200/5004: loss=3.168014
  step 3300/5004: loss=3.387407
  step 3400/5004: loss=2.891887
  step 3500/5004: loss=3.580229
  step 3600/5004: loss=3.592227
  step 3700/5004: loss=2.779944
  step 3800/5004: loss=3.029199
  step 3900/5004: loss=2.862614
  step 4000/5004: loss=3.273961
  step 4100/5004: loss=2.376202
  step 4200/5004: loss=3.495172
  step 4300/5004: loss=3.824724
  step 4400/5004: loss=3.497308
  step 4500/5004: loss=3.591786
  step 4600/5004: loss=2.962544
  step 4700/5004: loss=3.620343
  step 4800/5004: loss=3.241168
  step 4900/5004: loss=3.746253
  step 5000/5004: loss=3.294060
[pjrt_ffi] RESIDENT: @convnextin_fwd holds 182 parameter tensors (109.1 MB) on 4 devices; they stop crossing PCIe from here
Epoch 200/300: loss=3.187286 lr=0.000071
  epoch 200: test_acc = 39784/50000 = 79.568000%  top5 = 47425/50000 = 94.850000%  [95% CI 79.21–79.92]
WARNING: All log messages before absl::InitializeLog() is called are written to STDERR
I0000 00:00:1789960984.733703  840997 port.cc:153] oneDNN custom operations are on. You may see slightly different numerical results due to floating-point round-off errors from different computation orders. To turn them off, set the environment variable `TF_ENABLE_ONEDNN_OPTS=0`.
I0000 00:00:1789960984.964996  840997 cpu_feature_guard.cc:227] This TensorFlow binary is optimized to use available CPU instructions in performance-critical operations.
To enable the following instructions: AVX2 AVX512F AVX512_VNNI AVX512_BF16 AVX512_FP16 AVX_VNNI AMX_TILE AMX_INT8 AMX_BF16 FMA, in other operations, rebuild TensorFlow with the appropriate compiler flags.
WARNING: All log messages before absl::InitializeLog() is called are written to STDERR
I0000 00:00:1789960986.894564  840997 port.cc:153] oneDNN custom operations are on. You may see slightly different numerical results due to floating-point round-off errors from different computation orders. To turn them off, set the environment variable `TF_ENABLE_ONEDNN_OPTS=0`.
  imagenet shim: jax/.lake/build/generated_convnext_tiny_imagenet_shim.py — train split, batch 256, 150528 floats/img (seed 84), wire v4 soft targets [256x1000]
  ▸ shim respawn: producer 3 of 4 replaced after epoch 200 (generation 20, seed 84)
  step 0/5004: loss=3.615510
  step 1/5004: loss=2.318013
I0000 00:00:1789960989.468163  841106 tf_record_dataset_op.cc:396] The default buffer size is 262144, which is overridden by the user specified `buffer_size` of 8388608
  step 2/5004: loss=2.078001
  step 100/5004: loss=3.423922
  step 200/5004: loss=3.274162
  step 300/5004: loss=2.954964
  step 400/5004: loss=2.271538
  step 500/5004: loss=2.590578
  step 600/5004: loss=2.264957
  step 700/5004: loss=3.204076
  step 800/5004: loss=2.737303
  step 900/5004: loss=3.131407
  step 1000/5004: loss=2.613123
  step 1100/5004: loss=3.307428
  step 1200/5004: loss=3.847791
  step 1300/5004: loss=3.355852
  step 1400/5004: loss=2.381546
  step 1500/5004: loss=2.373072
  step 1600/5004: loss=1.918903
  step 1700/5004: loss=2.097611
  step 1800/5004: loss=4.022346
  step 1900/5004: loss=3.631065
  step 2000/5004: loss=2.931354
  step 2100/5004: loss=3.551442
  step 2200/5004: loss=2.055756
  step 2300/5004: loss=2.998529
  step 2400/5004: loss=3.982273
  step 2500/5004: loss=2.327346
  step 2600/5004: loss=2.668237
  step 2700/5004: loss=3.458603
  step 2800/5004: loss=2.399356
  step 2900/5004: loss=3.122813
  step 3000/5004: loss=3.773834
  step 3100/5004: loss=3.226202
  step 3200/5004: loss=3.857766
  step 3300/5004: loss=3.485566
  step 3400/5004: loss=2.596179
  step 3500/5004: loss=2.494883
  step 3600/5004: loss=3.768799
  step 3700/5004: loss=3.524334
  step 3800/5004: loss=3.583347
  step 3900/5004: loss=3.214339
  step 4000/5004: loss=3.126643
  step 4100/5004: loss=3.387567
  step 4200/5004: loss=3.840911
  step 4300/5004: loss=2.939250
  step 4400/5004: loss=3.590271
  step 4500/5004: loss=3.447857
  step 4600/5004: loss=2.651674
  step 4700/5004: loss=2.262005
  step 4800/5004: loss=3.473969
  step 4900/5004: loss=3.550568
  step 5000/5004: loss=2.717861
[pjrt_ffi] RESIDENT: @convnextin_fwd holds 182 parameter tensors (109.1 MB) on 4 devices; they stop crossing PCIe from here
Epoch 201/300: loss=3.164144 lr=0.000070
  epoch 201: test_acc = 39784/50000 = 79.568000%  top5 = 47478/50000 = 94.956000%  [95% CI 79.21–79.92]
  step 0/5004: loss=3.656622
  step 1/5004: loss=3.216826
  step 2/5004: loss=3.018597
  step 100/5004: loss=3.487139
  step 200/5004: loss=2.985918
  step 300/5004: loss=4.098763
  step 400/5004: loss=3.440388
  step 500/5004: loss=3.995853
  step 600/5004: loss=3.604105
  step 700/5004: loss=3.804161
  step 800/5004: loss=3.553179
  step 900/5004: loss=3.761762
  step 1000/5004: loss=3.260922
  step 1100/5004: loss=3.150555
  step 1200/5004: loss=2.595150
  step 1300/5004: loss=3.957549
  step 1400/5004: loss=3.319262
  step 1500/5004: loss=3.459911
  step 1600/5004: loss=2.159524
  step 1700/5004: loss=2.641243
  step 1800/5004: loss=3.362329
  step 1900/5004: loss=3.156788
  step 2000/5004: loss=3.465589
  step 2100/5004: loss=4.035173
  step 2200/5004: loss=2.833724
  step 2300/5004: loss=2.080264
  step 2400/5004: loss=3.409354
  step 2500/5004: loss=2.226248
  step 2600/5004: loss=2.249112
  step 2700/5004: loss=4.361634
  step 2800/5004: loss=3.185172
  step 2900/5004: loss=2.989300
  step 3000/5004: loss=3.765906
  step 3100/5004: loss=2.211352
  step 3200/5004: loss=3.006691
  step 3300/5004: loss=2.025650
  step 3400/5004: loss=3.647422
  step 3500/5004: loss=3.535067
  step 3600/5004: loss=2.983296
  step 3700/5004: loss=3.530512
  step 3800/5004: loss=3.392551
  step 3900/5004: loss=3.935102
  step 4000/5004: loss=3.719282
  step 4100/5004: loss=3.674287
  step 4200/5004: loss=3.448132
  step 4300/5004: loss=3.683350
  step 4400/5004: loss=2.565259
  step 4500/5004: loss=3.146412
  step 4600/5004: loss=2.377605
  step 4700/5004: loss=3.200338
  step 4800/5004: loss=2.980819
  step 4900/5004: loss=2.983968
  step 5000/5004: loss=3.136867
[pjrt_ffi] RESIDENT: @convnextin_fwd holds 182 parameter tensors (109.1 MB) on 4 devices; they stop crossing PCIe from here
Epoch 202/300: loss=3.177592 lr=0.000068
  epoch 202: test_acc = 39837/50000 = 79.674000%  top5 = 47422/50000 = 94.844000%  [95% CI 79.32–80.02]
  step 0/5004: loss=3.441824
  step 1/5004: loss=2.298376
  step 2/5004: loss=3.846725
  step 100/5004: loss=3.389633
  step 200/5004: loss=3.006289
  step 300/5004: loss=3.192855
  step 400/5004: loss=3.541389
  step 500/5004: loss=3.361434
  step 600/5004: loss=2.569928
  step 700/5004: loss=3.393482
  step 800/5004: loss=4.039614
  step 900/5004: loss=3.212422
  step 1000/5004: loss=3.655200
  step 1100/5004: loss=3.293107
  step 1200/5004: loss=2.703864
  step 1300/5004: loss=3.318511
  step 1400/5004: loss=3.667401
  step 1500/5004: loss=2.859414
  step 1600/5004: loss=2.117651
  step 1700/5004: loss=2.887069
  step 1800/5004: loss=3.661535
  step 1900/5004: loss=3.407522
  step 2000/5004: loss=2.148510
  step 2100/5004: loss=3.004763
  step 2200/5004: loss=2.911092
  step 2300/5004: loss=2.808384
  step 2400/5004: loss=3.659130
  step 2500/5004: loss=3.474835
  step 2600/5004: loss=2.689441
  step 2700/5004: loss=3.419909
  step 2800/5004: loss=3.894419
  step 2900/5004: loss=3.743167
  step 3000/5004: loss=3.933762
  step 3100/5004: loss=2.429797
  step 3200/5004: loss=2.042053
  step 3300/5004: loss=3.245862
  step 3400/5004: loss=3.597786
  step 3500/5004: loss=3.451053
  step 3600/5004: loss=3.617553
  step 3700/5004: loss=3.272859
  step 3800/5004: loss=3.748745
  step 3900/5004: loss=1.832201
  step 4000/5004: loss=3.910972
  step 4100/5004: loss=2.626547
  step 4200/5004: loss=3.893197
  step 4300/5004: loss=2.447809
  step 4400/5004: loss=3.716989
  step 4500/5004: loss=3.547770
  step 4600/5004: loss=2.735357
  step 4700/5004: loss=3.441423
  step 4800/5004: loss=1.707227
  step 4900/5004: loss=3.544803
  step 5000/5004: loss=3.753961
[pjrt_ffi] RESIDENT: @convnextin_fwd holds 182 parameter tensors (109.1 MB) on 4 devices; they stop crossing PCIe from here
Epoch 203/300: loss=3.164447 lr=0.000067
  epoch 203: test_acc = 39790/50000 = 79.580000%  top5 = 47442/50000 = 94.884000%  [95% CI 79.22–79.93]
  step 0/5004: loss=2.312136
  step 1/5004: loss=2.610943
  step 2/5004: loss=3.414857
  step 100/5004: loss=2.205865
  step 200/5004: loss=2.787442
  step 300/5004: loss=3.313155
  step 400/5004: loss=3.302309
  step 500/5004: loss=3.815598
  step 600/5004: loss=3.897787
  step 700/5004: loss=2.837584
  step 800/5004: loss=2.774186
  step 900/5004: loss=3.895917
  step 1000/5004: loss=3.381776
  step 1100/5004: loss=3.773519
  step 1200/5004: loss=3.574167
  step 1300/5004: loss=2.770854
  step 1400/5004: loss=2.423744
  step 1500/5004: loss=2.801821
  step 1600/5004: loss=2.583457
  step 1700/5004: loss=3.936355
  step 1800/5004: loss=2.864953
  step 1900/5004: loss=3.279253
  step 2000/5004: loss=1.958330
  step 2100/5004: loss=3.806967
  step 2200/5004: loss=3.424181
  step 2300/5004: loss=2.905896
  step 2400/5004: loss=2.982577
  step 2500/5004: loss=3.303728
  step 2600/5004: loss=3.233464
  step 2700/5004: loss=4.298327
  step 2800/5004: loss=3.253585
  step 2900/5004: loss=2.348999
  step 3000/5004: loss=3.141724
  step 3100/5004: loss=3.569575
  step 3200/5004: loss=3.147193
  step 3300/5004: loss=3.076354
  step 3400/5004: loss=2.556893
  step 3500/5004: loss=3.240060
  step 3600/5004: loss=3.372621
  step 3700/5004: loss=3.200904
  step 3800/5004: loss=3.726833
  step 3900/5004: loss=3.460854
  step 4000/5004: loss=3.168381
  step 4100/5004: loss=2.574607
  step 4200/5004: loss=3.068584
  step 4300/5004: loss=3.835927
  step 4400/5004: loss=2.275836
  step 4500/5004: loss=3.925938
  step 4600/5004: loss=3.544716
  step 4700/5004: loss=3.645365
  step 4800/5004: loss=3.322174
  step 4900/5004: loss=2.590705
  step 5000/5004: loss=3.306683
[pjrt_ffi] RESIDENT: @convnextin_fwd holds 182 parameter tensors (109.1 MB) on 4 devices; they stop crossing PCIe from here
Epoch 204/300: loss=3.166865 lr=0.000066
  epoch 204: test_acc = 39764/50000 = 79.528000%  top5 = 47433/50000 = 94.866000%  [95% CI 79.17–79.88]
  step 0/5004: loss=3.516752
  step 1/5004: loss=3.795762
  step 2/5004: loss=2.600516
  step 100/5004: loss=3.641955
  step 200/5004: loss=3.848330
  step 300/5004: loss=3.258349
  step 400/5004: loss=4.055511
  step 500/5004: loss=3.453016
  step 600/5004: loss=3.606937
  step 700/5004: loss=3.193828
  step 800/5004: loss=3.659266
  step 900/5004: loss=3.326659
  step 1000/5004: loss=3.908045
  step 1100/5004: loss=4.076999
  step 1200/5004: loss=4.048890
  step 1300/5004: loss=3.150117
  step 1400/5004: loss=3.003683
  step 1500/5004: loss=3.180804
  step 1600/5004: loss=2.281584
  step 1700/5004: loss=2.401101
  step 1800/5004: loss=2.401451
  step 1900/5004: loss=2.952832
  step 2000/5004: loss=2.177771
  step 2100/5004: loss=3.415062
  step 2200/5004: loss=2.037909
  step 2300/5004: loss=3.073370
  step 2400/5004: loss=3.033845
  step 2500/5004: loss=3.409536
  step 2600/5004: loss=2.907675
  step 2700/5004: loss=3.707804
  step 2800/5004: loss=2.639468
  step 2900/5004: loss=3.478892
  step 3000/5004: loss=2.940327
  step 3100/5004: loss=2.604091
  step 3200/5004: loss=2.937198
  step 3300/5004: loss=3.460720
  step 3400/5004: loss=2.675557
  step 3500/5004: loss=3.219606
  step 3600/5004: loss=3.476467
  step 3700/5004: loss=3.228305
  step 3800/5004: loss=2.585623
  step 3900/5004: loss=2.708381
  step 4000/5004: loss=3.831984
  step 4100/5004: loss=2.582516
  step 4200/5004: loss=3.780874
  step 4300/5004: loss=2.913250
  step 4400/5004: loss=3.030354
  step 4500/5004: loss=3.054418
  step 4600/5004: loss=3.873121
  step 4700/5004: loss=3.150867
  step 4800/5004: loss=2.093751
  step 4900/5004: loss=3.217287
  step 5000/5004: loss=3.289382
[pjrt_ffi] RESIDENT: @convnextin_fwd holds 182 parameter tensors (109.1 MB) on 4 devices; they stop crossing PCIe from here
Epoch 205/300: loss=3.146622 lr=0.000065
  epoch 205: test_acc = 39839/50000 = 79.678000%  top5 = 47516/50000 = 95.032000%  [95% CI 79.32–80.03]
  step 0/5004: loss=3.605090
  step 1/5004: loss=3.052152
  step 2/5004: loss=3.012616
  step 100/5004: loss=3.167643
  step 200/5004: loss=3.102180
  step 300/5004: loss=2.980861
  step 400/5004: loss=2.939805
  step 500/5004: loss=3.892436
  step 600/5004: loss=2.916865
  step 700/5004: loss=3.989967
  step 800/5004: loss=3.388210
  step 900/5004: loss=2.790789
  step 1000/5004: loss=3.282604
  step 1100/5004: loss=4.384990
  step 1200/5004: loss=3.414795
  step 1300/5004: loss=3.912731
  step 1400/5004: loss=2.957694
  step 1500/5004: loss=3.523250
  step 1600/5004: loss=3.473424
  step 1700/5004: loss=2.763558
  step 1800/5004: loss=3.241890
  step 1900/5004: loss=3.451224
  step 2000/5004: loss=2.793330
  step 2100/5004: loss=2.314828
  step 2200/5004: loss=2.294983
  step 2300/5004: loss=4.210683
  step 2400/5004: loss=2.723769
  step 2500/5004: loss=3.686303
  step 2600/5004: loss=3.116790
  step 2700/5004: loss=3.702325
  step 2800/5004: loss=3.098449
  step 2900/5004: loss=3.358268
  step 3000/5004: loss=3.644386
  step 3100/5004: loss=2.665066
  step 3200/5004: loss=3.057279
  step 3300/5004: loss=3.157202
  step 3400/5004: loss=2.506855
  step 3500/5004: loss=3.177100
  step 3600/5004: loss=3.377671
  step 3700/5004: loss=2.183437
  step 3800/5004: loss=3.029910
  step 3900/5004: loss=3.986622
  step 4000/5004: loss=3.334494
  step 4100/5004: loss=3.568498
  step 4200/5004: loss=3.244185
  step 4300/5004: loss=3.460765
  step 4400/5004: loss=2.374438
  step 4500/5004: loss=2.844737
  step 4600/5004: loss=2.814805
  step 4700/5004: loss=2.805623
  step 4800/5004: loss=3.539108
  step 4900/5004: loss=4.282254
  step 5000/5004: loss=3.360935
[pjrt_ffi] RESIDENT: @convnextin_fwd holds 182 parameter tensors (109.1 MB) on 4 devices; they stop crossing PCIe from here
Epoch 206/300: loss=3.157033 lr=0.000063
  epoch 206: test_acc = 39881/50000 = 79.762000%  top5 = 47501/50000 = 95.002000%  [95% CI 79.41–80.11]
  step 0/5004: loss=2.584764
  step 1/5004: loss=3.779657
  step 2/5004: loss=3.755522
  step 100/5004: loss=3.490952
  step 200/5004: loss=2.557359
  step 300/5004: loss=3.051398
  step 400/5004: loss=3.957171
  step 500/5004: loss=2.224405
  step 600/5004: loss=3.547345
  step 700/5004: loss=3.389275
  step 800/5004: loss=3.808384
  step 900/5004: loss=3.696385
  step 1000/5004: loss=3.938666
  step 1100/5004: loss=3.327787
  step 1200/5004: loss=2.375519
  step 1300/5004: loss=3.611914
  step 1400/5004: loss=3.853812
  step 1500/5004: loss=3.331271
  step 1600/5004: loss=3.533376
  step 1700/5004: loss=2.163617
  step 1800/5004: loss=4.012659
  step 1900/5004: loss=2.491959
  step 2000/5004: loss=2.721763
  step 2100/5004: loss=2.279354
  step 2200/5004: loss=2.943333
  step 2300/5004: loss=3.057027
  step 2400/5004: loss=3.921134
  step 2500/5004: loss=3.149388
  step 2600/5004: loss=3.297587
  step 2700/5004: loss=3.650239
  step 2800/5004: loss=3.558558
  step 2900/5004: loss=3.816571
  step 3000/5004: loss=3.943325
  step 3100/5004: loss=3.505873
  step 3200/5004: loss=2.352482
  step 3300/5004: loss=3.162921
  step 3400/5004: loss=2.521366
  step 3500/5004: loss=2.042631
  step 3600/5004: loss=3.395288
  step 3700/5004: loss=3.335749
  step 3800/5004: loss=3.872314
  step 3900/5004: loss=3.179236
  step 4000/5004: loss=3.418159
  step 4100/5004: loss=3.684452
  step 4200/5004: loss=3.362030
  step 4300/5004: loss=2.699611
  step 4400/5004: loss=3.603007
  step 4500/5004: loss=3.663088
  step 4600/5004: loss=3.836525
  step 4700/5004: loss=3.160586
  step 4800/5004: loss=3.528973
  step 4900/5004: loss=2.518550
  step 5000/5004: loss=3.731163
[pjrt_ffi] RESIDENT: @convnextin_fwd holds 182 parameter tensors (109.1 MB) on 4 devices; they stop crossing PCIe from here
Epoch 207/300: loss=3.162966 lr=0.000062
  epoch 207: test_acc = 39859/50000 = 79.718000%  top5 = 47500/50000 = 95.000000%  [95% CI 79.36–80.07]
  step 0/5004: loss=3.181627
  step 1/5004: loss=3.138139
  step 2/5004: loss=3.528512
  step 100/5004: loss=1.996871
  step 200/5004: loss=3.449465
  step 300/5004: loss=2.752434
  step 400/5004: loss=3.595669
  step 500/5004: loss=3.652895
  step 600/5004: loss=2.903032
  step 700/5004: loss=2.107730
  step 800/5004: loss=3.601981
  step 900/5004: loss=4.216754
  step 1000/5004: loss=3.615504
  step 1100/5004: loss=2.293392
  step 1200/5004: loss=3.275073
  step 1300/5004: loss=2.805113
  step 1400/5004: loss=3.467653
  step 1500/5004: loss=3.360588
  step 1600/5004: loss=3.338377
  step 1700/5004: loss=3.022616
  step 1800/5004: loss=3.595193
  step 1900/5004: loss=2.829108
  step 2000/5004: loss=3.573261
  step 2100/5004: loss=3.062949
  step 2200/5004: loss=3.481267
  step 2300/5004: loss=4.032864
  step 2400/5004: loss=3.228466
  step 2500/5004: loss=2.255278
  step 2600/5004: loss=3.174757
  step 2700/5004: loss=2.272631
  step 2800/5004: loss=3.539212
  step 2900/5004: loss=3.624220
  step 3000/5004: loss=3.185389
  step 3100/5004: loss=2.954412
  step 3200/5004: loss=3.040645
  step 3300/5004: loss=2.185007
  step 3400/5004: loss=3.196735
  step 3500/5004: loss=3.905400
  step 3600/5004: loss=3.531227
  step 3700/5004: loss=3.716989
  step 3800/5004: loss=2.748215
  step 3900/5004: loss=3.426486
  step 4000/5004: loss=3.753738
  step 4100/5004: loss=3.202859
  step 4200/5004: loss=3.373447
  step 4300/5004: loss=3.291337
  step 4400/5004: loss=3.445262
  step 4500/5004: loss=3.398932
  step 4600/5004: loss=3.111608
  step 4700/5004: loss=2.560478
  step 4800/5004: loss=3.397439
  step 4900/5004: loss=4.095673
  step 5000/5004: loss=2.721462
[pjrt_ffi] RESIDENT: @convnextin_fwd holds 182 parameter tensors (109.1 MB) on 4 devices; they stop crossing PCIe from here
Epoch 208/300: loss=3.162664 lr=0.000061
  epoch 208: test_acc = 39910/50000 = 79.820000%  top5 = 47519/50000 = 95.038000%  [95% CI 79.47–80.17]
  step 0/5004: loss=3.719512
  step 1/5004: loss=2.139222
  step 2/5004: loss=3.765761
  step 100/5004: loss=3.400687
  step 200/5004: loss=3.564927
  step 300/5004: loss=3.623086
  step 400/5004: loss=3.515383
  step 500/5004: loss=2.306753
  step 600/5004: loss=2.189023
  step 700/5004: loss=2.738145
  step 800/5004: loss=2.165208
  step 900/5004: loss=3.114587
  step 1000/5004: loss=2.843224
  step 1100/5004: loss=3.373949
  step 1200/5004: loss=4.174684
  step 1300/5004: loss=3.557505
  step 1400/5004: loss=4.163645
  step 1500/5004: loss=3.366555
  step 1600/5004: loss=3.236817
  step 1700/5004: loss=2.592538
  step 1800/5004: loss=3.740093
  step 1900/5004: loss=3.397456
  step 2000/5004: loss=3.407413
  step 2100/5004: loss=3.513458
  step 2200/5004: loss=3.378179
  step 2300/5004: loss=3.353437
  step 2400/5004: loss=3.042065
  step 2500/5004: loss=2.637522
  step 2600/5004: loss=3.213564
  step 2700/5004: loss=3.409242
  step 2800/5004: loss=3.125448
  step 2900/5004: loss=2.201782
  step 3000/5004: loss=4.145696
  step 3100/5004: loss=3.202198
  step 3200/5004: loss=2.847263
  step 3300/5004: loss=2.486604
  step 3400/5004: loss=3.213648
  step 3500/5004: loss=3.604213
  step 3600/5004: loss=3.616317
  step 3700/5004: loss=2.539155
  step 3800/5004: loss=3.971675
  step 3900/5004: loss=3.783999
  step 4000/5004: loss=3.756952
  step 4100/5004: loss=2.873230
  step 4200/5004: loss=2.958800
  step 4300/5004: loss=3.436400
  step 4400/5004: loss=2.087962
  step 4500/5004: loss=2.290331
  step 4600/5004: loss=4.293665
  step 4700/5004: loss=2.901589
  step 4800/5004: loss=3.682124
  step 4900/5004: loss=3.192918
  step 5000/5004: loss=3.766707
[pjrt_ffi] RESIDENT: @convnextin_fwd holds 182 parameter tensors (109.1 MB) on 4 devices; they stop crossing PCIe from here
Epoch 209/300: loss=3.138925 lr=0.000060
  epoch 209: test_acc = 39878/50000 = 79.756000%  top5 = 47523/50000 = 95.046000%  [95% CI 79.40–80.11]
  step 0/5004: loss=1.856259
  step 1/5004: loss=1.920345
  step 2/5004: loss=2.637788
  step 100/5004: loss=3.344120
  step 200/5004: loss=3.395630
  step 300/5004: loss=2.820253
  step 400/5004: loss=3.234455
  step 500/5004: loss=2.840566
  step 600/5004: loss=3.482923
  step 700/5004: loss=3.138662
  step 800/5004: loss=3.093189
  step 900/5004: loss=3.274928
  step 1000/5004: loss=3.579298
  step 1100/5004: loss=3.740709
  step 1200/5004: loss=2.433461
  step 1300/5004: loss=4.034326
  step 1400/5004: loss=3.535837
  step 1500/5004: loss=3.861770
  step 1600/5004: loss=3.008036
  step 1700/5004: loss=3.110544
  step 1800/5004: loss=3.320586
  step 1900/5004: loss=4.179095
  step 2000/5004: loss=2.724614
  step 2100/5004: loss=2.403564
  step 2200/5004: loss=2.698587
  step 2300/5004: loss=3.728883
  step 2400/5004: loss=2.626840
  step 2500/5004: loss=3.106705
  step 2600/5004: loss=3.374452
  step 2700/5004: loss=3.889106
  step 2800/5004: loss=3.484711
  step 2900/5004: loss=2.352391
  step 3000/5004: loss=3.402209
  step 3100/5004: loss=3.398005
  step 3200/5004: loss=3.116892
  step 3300/5004: loss=2.545618
  step 3400/5004: loss=3.515584
  step 3500/5004: loss=3.072208
  step 3600/5004: loss=3.248278
  step 3700/5004: loss=4.108162
  step 3800/5004: loss=3.436912
  step 3900/5004: loss=3.572997
  step 4000/5004: loss=3.403771
  step 4100/5004: loss=3.387456
  step 4200/5004: loss=3.238897
  step 4300/5004: loss=3.486662
  step 4400/5004: loss=3.491903
  step 4500/5004: loss=3.941806
  step 4600/5004: loss=3.124943
  step 4700/5004: loss=3.390569
  step 4800/5004: loss=3.329256
  step 4900/5004: loss=3.836517
  step 5000/5004: loss=3.089730
[pjrt_ffi] RESIDENT: @convnextin_fwd holds 182 parameter tensors (109.1 MB) on 4 devices; they stop crossing PCIe from here
Epoch 210/300: loss=3.138596 lr=0.000058
  epoch 210: test_acc = 39961/50000 = 79.922000%  top5 = 47512/50000 = 95.024000%  [95% CI 79.57–80.27]
WARNING: All log messages before absl::InitializeLog() is called are written to STDERR
I0000 00:00:1789971904.103161  879055 port.cc:153] oneDNN custom operations are on. You may see slightly different numerical results due to floating-point round-off errors from different computation orders. To turn them off, set the environment variable `TF_ENABLE_ONEDNN_OPTS=0`.
I0000 00:00:1789971904.329548  879055 cpu_feature_guard.cc:227] This TensorFlow binary is optimized to use available CPU instructions in performance-critical operations.
To enable the following instructions: AVX2 AVX512F AVX512_VNNI AVX512_BF16 AVX512_FP16 AVX_VNNI AMX_TILE AMX_INT8 AMX_BF16 FMA, in other operations, rebuild TensorFlow with the appropriate compiler flags.
WARNING: All log messages before absl::InitializeLog() is called are written to STDERR
I0000 00:00:1789971906.211721  879055 port.cc:153] oneDNN custom operations are on. You may see slightly different numerical results due to floating-point round-off errors from different computation orders. To turn them off, set the environment variable `TF_ENABLE_ONEDNN_OPTS=0`.
  imagenet shim: jax/.lake/build/generated_convnext_tiny_imagenet_shim.py — train split, batch 256, 150528 floats/img (seed 85), wire v4 soft targets [256x1000]
  ▸ shim respawn: producer 0 of 4 replaced after epoch 210 (generation 21, seed 85)
I0000 00:00:1789971908.614002  879206 tf_record_dataset_op.cc:396] The default buffer size is 262144, which is overridden by the user specified `buffer_size` of 8388608
  step 0/5004: loss=2.197825
  step 1/5004: loss=3.708575
  step 2/5004: loss=1.913606
  step 100/5004: loss=2.801476
  step 200/5004: loss=3.609240
  step 300/5004: loss=3.202705
  step 400/5004: loss=4.165569
  step 500/5004: loss=3.395759
  step 600/5004: loss=2.053412
  step 700/5004: loss=3.975834
  step 800/5004: loss=3.396420
  step 900/5004: loss=3.379838
  step 1000/5004: loss=3.920598
  step 1100/5004: loss=3.193758
  step 1200/5004: loss=3.718513
  step 1300/5004: loss=3.525005
  step 1400/5004: loss=2.079680
  step 1500/5004: loss=3.452761
  step 1600/5004: loss=3.428638
  step 1700/5004: loss=3.403241
  step 1800/5004: loss=3.780869
  step 1900/5004: loss=2.778073
  step 2000/5004: loss=2.319460
  step 2100/5004: loss=3.663251
  step 2200/5004: loss=3.703830
  step 2300/5004: loss=3.417616
  step 2400/5004: loss=3.495729
  step 2500/5004: loss=2.189766
  step 2600/5004: loss=3.021557
  step 2700/5004: loss=3.542477
  step 2800/5004: loss=2.747180
  step 2900/5004: loss=2.911442
  step 3000/5004: loss=3.995201
  step 3100/5004: loss=2.889608
  step 3200/5004: loss=2.655991
  step 3300/5004: loss=2.739800
  step 3400/5004: loss=2.677489
  step 3500/5004: loss=2.930692
  step 3600/5004: loss=3.832733
  step 3700/5004: loss=3.279707
  step 3800/5004: loss=3.027366
  step 3900/5004: loss=3.346481
  step 4000/5004: loss=3.415414
  step 4100/5004: loss=2.743196
  step 4200/5004: loss=3.617636
  step 4300/5004: loss=2.584145
  step 4400/5004: loss=2.270778
  step 4500/5004: loss=3.375209
  step 4600/5004: loss=2.989499
  step 4700/5004: loss=3.130994
  step 4800/5004: loss=1.950125
  step 4900/5004: loss=3.214534
  step 5000/5004: loss=3.728985
[pjrt_ffi] RESIDENT: @convnextin_fwd holds 182 parameter tensors (109.1 MB) on 4 devices; they stop crossing PCIe from here
Epoch 211/300: loss=3.134102 lr=0.000057
  epoch 211: test_acc = 39872/50000 = 79.744000%  top5 = 47528/50000 = 95.056000%  [95% CI 79.39–80.09]
  step 0/5004: loss=2.505523
  step 1/5004: loss=2.709148
  step 2/5004: loss=3.563841
  step 100/5004: loss=2.789375
  step 200/5004: loss=3.575671
  step 300/5004: loss=3.371742
  step 400/5004: loss=2.540920
  step 500/5004: loss=3.273774
  step 600/5004: loss=2.697252
  step 700/5004: loss=3.978756
  step 800/5004: loss=2.589205
  step 900/5004: loss=2.517378
  step 1000/5004: loss=3.422374
  step 1100/5004: loss=3.947317
  step 1200/5004: loss=3.448969
  step 1300/5004: loss=3.924090
  step 1400/5004: loss=3.216627
  step 1500/5004: loss=4.000446
  step 1600/5004: loss=3.483679
  step 1700/5004: loss=3.727086
  step 1800/5004: loss=3.423467
  step 1900/5004: loss=2.522197
  step 2000/5004: loss=3.265846
  step 2100/5004: loss=2.821185
  step 2200/5004: loss=3.378091
  step 2300/5004: loss=1.697483
  step 2400/5004: loss=3.468189
  step 2500/5004: loss=2.372637
  step 2600/5004: loss=2.229590
  step 2700/5004: loss=3.871840
  step 2800/5004: loss=3.205801
  step 2900/5004: loss=1.893943
  step 3000/5004: loss=3.358024
  step 3100/5004: loss=2.156288
  step 3200/5004: loss=3.087716
  step 3300/5004: loss=3.334281
  step 3400/5004: loss=3.317978
  step 3500/5004: loss=3.688371
  step 3600/5004: loss=3.314616
  step 3700/5004: loss=3.689361
  step 3800/5004: loss=3.242457
  step 3900/5004: loss=2.975572
  step 4000/5004: loss=2.931578
  step 4100/5004: loss=2.848088
  step 4200/5004: loss=3.139418
  step 4300/5004: loss=3.871552
  step 4400/5004: loss=2.352945
  step 4500/5004: loss=4.075270
  step 4600/5004: loss=3.254514
  step 4700/5004: loss=3.956498
  step 4800/5004: loss=3.569513
  step 4900/5004: loss=2.042031
  step 5000/5004: loss=3.202714
[pjrt_ffi] RESIDENT: @convnextin_fwd holds 182 parameter tensors (109.1 MB) on 4 devices; they stop crossing PCIe from here
Epoch 212/300: loss=3.132353 lr=0.000056
  epoch 212: test_acc = 39866/50000 = 79.732000%  top5 = 47537/50000 = 95.074000%  [95% CI 79.38–80.08]
  step 0/5004: loss=2.798221
  step 1/5004: loss=2.020456
  step 2/5004: loss=3.858891
  step 100/5004: loss=3.469769
  step 200/5004: loss=4.038797
  step 300/5004: loss=3.722362
  step 400/5004: loss=3.562090
  step 500/5004: loss=3.360182
  step 600/5004: loss=1.988439
  step 700/5004: loss=3.222243
  step 800/5004: loss=3.996797
  step 900/5004: loss=3.112235
  step 1000/5004: loss=2.272310
  step 1100/5004: loss=2.571751
  step 1200/5004: loss=2.412747
  step 1300/5004: loss=3.218821
  step 1400/5004: loss=3.797809
  step 1500/5004: loss=3.630579
  step 1600/5004: loss=3.795371
  step 1700/5004: loss=1.870640
  step 1800/5004: loss=3.305871
  step 1900/5004: loss=3.464793
  step 2000/5004: loss=3.356486
  step 2100/5004: loss=3.457693
  step 2200/5004: loss=2.911697
  step 2300/5004: loss=3.445910
  step 2400/5004: loss=3.670048
  step 2500/5004: loss=3.408734
  step 2600/5004: loss=3.021528
  step 2700/5004: loss=3.535499
  step 2800/5004: loss=3.604185
  step 2900/5004: loss=3.099478
  step 3000/5004: loss=3.548890
  step 3100/5004: loss=3.183105
  step 3200/5004: loss=3.786494
  step 3300/5004: loss=3.356264
  step 3400/5004: loss=3.206602
  step 3500/5004: loss=2.608757
  step 3600/5004: loss=3.569512
  step 3700/5004: loss=3.514580
  step 3800/5004: loss=3.436475
  step 3900/5004: loss=3.175997
  step 4000/5004: loss=4.128401
  step 4100/5004: loss=3.586906
  step 4200/5004: loss=3.785024
  step 4300/5004: loss=3.109225
  step 4400/5004: loss=3.851539
  step 4500/5004: loss=2.654403
  step 4600/5004: loss=2.654633
  step 4700/5004: loss=1.750674
  step 4800/5004: loss=3.338553
  step 4900/5004: loss=3.449633
  step 5000/5004: loss=3.662376
[pjrt_ffi] RESIDENT: @convnextin_fwd holds 182 parameter tensors (109.1 MB) on 4 devices; they stop crossing PCIe from here
Epoch 213/300: loss=3.124411 lr=0.000055
  epoch 213: test_acc = 39874/50000 = 79.748000%  top5 = 47496/50000 = 94.992000%  [95% CI 79.39–80.10]
  step 0/5004: loss=3.015233
  step 1/5004: loss=3.212627
  step 2/5004: loss=3.369478
  step 100/5004: loss=3.612053
  step 200/5004: loss=2.838199
  step 300/5004: loss=2.479597
  step 400/5004: loss=3.151273
  step 500/5004: loss=2.917807
  step 600/5004: loss=3.720470
  step 700/5004: loss=2.752601
  step 800/5004: loss=2.412106
  step 900/5004: loss=3.803140
  step 1000/5004: loss=3.207122
  step 1100/5004: loss=3.572919
  step 1200/5004: loss=3.187832
  step 1300/5004: loss=3.597880
  step 1400/5004: loss=3.306143
  step 1500/5004: loss=3.325692
  step 1600/5004: loss=3.380352
  step 1700/5004: loss=1.910190
  step 1800/5004: loss=3.676519
  step 1900/5004: loss=3.085917
  step 2000/5004: loss=3.337471
  step 2100/5004: loss=3.698085
  step 2200/5004: loss=3.041506
  step 2300/5004: loss=4.072718
  step 2400/5004: loss=3.240330
  step 2500/5004: loss=4.101486
  step 2600/5004: loss=3.134343
  step 2700/5004: loss=1.744004
  step 2800/5004: loss=3.577930
  step 2900/5004: loss=3.626571
  step 3000/5004: loss=2.529210
  step 3100/5004: loss=3.438538
  step 3200/5004: loss=3.521181
  step 3300/5004: loss=3.693413
  step 3400/5004: loss=3.263247
  step 3500/5004: loss=3.461135
  step 3600/5004: loss=2.597673
  step 3700/5004: loss=3.706305
  step 3800/5004: loss=3.494449
  step 3900/5004: loss=2.939158
  step 4000/5004: loss=3.467653
  step 4100/5004: loss=3.872364
  step 4200/5004: loss=2.867790
  step 4300/5004: loss=3.399699
  step 4400/5004: loss=2.869509
  step 4500/5004: loss=2.710901
  step 4600/5004: loss=2.520586
  step 4700/5004: loss=1.997887
  step 4800/5004: loss=3.310199
  step 4900/5004: loss=2.418364
  step 5000/5004: loss=2.889308
[pjrt_ffi] RESIDENT: @convnextin_fwd holds 182 parameter tensors (109.1 MB) on 4 devices; they stop crossing PCIe from here
Epoch 214/300: loss=3.120965 lr=0.000054
  epoch 214: test_acc = 39884/50000 = 79.768000%  top5 = 47551/50000 = 95.102000%  [95% CI 79.41–80.12]
  step 0/5004: loss=3.831238
  step 1/5004: loss=3.283009
  step 2/5004: loss=3.740252
  step 100/5004: loss=3.197546
  step 200/5004: loss=3.396267
  step 300/5004: loss=3.195698
  step 400/5004: loss=3.847180
  step 500/5004: loss=3.179550
  step 600/5004: loss=3.386572
  step 700/5004: loss=3.507854
  step 800/5004: loss=3.820421
  step 900/5004: loss=3.532628
  step 1000/5004: loss=3.784481
  step 1100/5004: loss=3.149160
  step 1200/5004: loss=2.884153
  step 1300/5004: loss=3.180781
  step 1400/5004: loss=3.824406
  step 1500/5004: loss=3.302865
  step 1600/5004: loss=1.888915
  step 1700/5004: loss=3.619408
  step 1800/5004: loss=3.378977
  step 1900/5004: loss=2.633898
  step 2000/5004: loss=2.831276
  step 2100/5004: loss=3.491590
  step 2200/5004: loss=2.814755
  step 2300/5004: loss=2.391227
  step 2400/5004: loss=4.085839
  step 2500/5004: loss=3.379585
  step 2600/5004: loss=3.033385
  step 2700/5004: loss=3.099690
  step 2800/5004: loss=3.201023
  step 2900/5004: loss=2.976856
  step 3000/5004: loss=3.123931
  step 3100/5004: loss=3.452317
  step 3200/5004: loss=3.414435
  step 3300/5004: loss=3.392996
  step 3400/5004: loss=3.480923
  step 3500/5004: loss=3.073002
  step 3600/5004: loss=3.912771
  step 3700/5004: loss=3.502811
  step 3800/5004: loss=3.484815
  step 3900/5004: loss=2.874395
  step 4000/5004: loss=3.055750
  step 4100/5004: loss=3.361049
  step 4200/5004: loss=3.741748
  step 4300/5004: loss=3.118601
  step 4400/5004: loss=2.936669
  step 4500/5004: loss=3.360627
  step 4600/5004: loss=2.366654
  step 4700/5004: loss=2.761211
  step 4800/5004: loss=2.990578
  step 4900/5004: loss=2.939644
  step 5000/5004: loss=3.914080
[pjrt_ffi] RESIDENT: @convnextin_fwd holds 182 parameter tensors (109.1 MB) on 4 devices; they stop crossing PCIe from here
Epoch 215/300: loss=3.119516 lr=0.000053
  epoch 215: test_acc = 39870/50000 = 79.740000%  top5 = 47505/50000 = 95.010000%  [95% CI 79.39–80.09]
  step 0/5004: loss=3.566204
  step 1/5004: loss=2.934805
  step 2/5004: loss=3.374084
  step 100/5004: loss=3.891173
  step 200/5004: loss=3.043077
  step 300/5004: loss=3.076823
  step 400/5004: loss=3.329256
  step 500/5004: loss=3.529605
  step 600/5004: loss=3.000436
  step 700/5004: loss=3.370950
  step 800/5004: loss=3.100239
  step 900/5004: loss=3.656244
  step 1000/5004: loss=3.101493
  step 1100/5004: loss=2.677666
  step 1200/5004: loss=3.103854
  step 1300/5004: loss=2.668334
  step 1400/5004: loss=3.243859
  step 1500/5004: loss=3.340198
  step 1600/5004: loss=3.305340
  step 1700/5004: loss=2.016212
  step 1800/5004: loss=3.656452
  step 1900/5004: loss=3.091261
  step 2000/5004: loss=3.133106
  step 2100/5004: loss=3.934295
  step 2200/5004: loss=3.539599
  step 2300/5004: loss=2.115942
  step 2400/5004: loss=3.376375
  step 2500/5004: loss=2.711775
  step 2600/5004: loss=2.711918
  step 2700/5004: loss=3.397182
  step 2800/5004: loss=3.288958
  step 2900/5004: loss=2.981884
  step 3000/5004: loss=2.736588
  step 3100/5004: loss=2.586042
  step 3200/5004: loss=2.613338
  step 3300/5004: loss=3.469823
  step 3400/5004: loss=2.774201
  step 3500/5004: loss=3.432894
  step 3600/5004: loss=3.372715
  step 3700/5004: loss=3.032213
  step 3800/5004: loss=2.468726
  step 3900/5004: loss=4.179953
  step 4000/5004: loss=3.105478
  step 4100/5004: loss=2.454829
  step 4200/5004: loss=3.153663
  step 4300/5004: loss=2.152619
  step 4400/5004: loss=2.885172
  step 4500/5004: loss=2.471256
  step 4600/5004: loss=2.615586
  step 4700/5004: loss=2.416991
  step 4800/5004: loss=3.428277
  step 4900/5004: loss=3.648890
  step 5000/5004: loss=2.736062
[pjrt_ffi] RESIDENT: @convnextin_fwd holds 182 parameter tensors (109.1 MB) on 4 devices; they stop crossing PCIe from here
Epoch 216/300: loss=3.129944 lr=0.000052
  epoch 216: test_acc = 39949/50000 = 79.898000%  top5 = 47593/50000 = 95.186000%  [95% CI 79.54–80.25]
  step 0/5004: loss=3.323204
  step 1/5004: loss=2.941333
  step 2/5004: loss=4.069703
  step 100/5004: loss=2.431947
  step 200/5004: loss=3.360695
  step 300/5004: loss=2.420201
  step 400/5004: loss=3.397620
  step 500/5004: loss=3.201875
  step 600/5004: loss=3.771331
  step 700/5004: loss=3.347819
  step 800/5004: loss=2.619791
  step 900/5004: loss=3.482714
  step 1000/5004: loss=1.916015
  step 1100/5004: loss=3.325577
  step 1200/5004: loss=3.819849
  step 1300/5004: loss=2.483346
  step 1400/5004: loss=3.702409
  step 1500/5004: loss=2.949171
  step 1600/5004: loss=3.713309
  step 1700/5004: loss=3.226286
  step 1800/5004: loss=2.955890
  step 1900/5004: loss=3.600192
  step 2000/5004: loss=2.839929
  step 2100/5004: loss=2.866107
  step 2200/5004: loss=3.916338
  step 2300/5004: loss=3.459092
  step 2400/5004: loss=1.601916
  step 2500/5004: loss=3.075790
  step 2600/5004: loss=2.678549
  step 2700/5004: loss=2.953261
  step 2800/5004: loss=3.142220
  step 2900/5004: loss=3.136395
  step 3000/5004: loss=3.826633
  step 3100/5004: loss=3.076271
  step 3200/5004: loss=3.503485
  step 3300/5004: loss=2.761295
  step 3400/5004: loss=3.052771
  step 3500/5004: loss=2.696936
  step 3600/5004: loss=2.530113
  step 3700/5004: loss=3.233035
  step 3800/5004: loss=3.593964
  step 3900/5004: loss=3.603639
  step 4000/5004: loss=2.338083
  step 4100/5004: loss=2.891292
  step 4200/5004: loss=3.061449
  step 4300/5004: loss=2.530724
  step 4400/5004: loss=2.980041
  step 4500/5004: loss=2.663640
  step 4600/5004: loss=3.537161
  step 4700/5004: loss=2.505987
  step 4800/5004: loss=3.106967
  step 4900/5004: loss=3.140805
  step 5000/5004: loss=2.789554
[pjrt_ffi] RESIDENT: @convnextin_fwd holds 182 parameter tensors (109.1 MB) on 4 devices; they stop crossing PCIe from here
Epoch 217/300: loss=3.097885 lr=0.000050
  epoch 217: test_acc = 39989/50000 = 79.978000%  top5 = 47537/50000 = 95.074000%  [95% CI 79.62–80.33]
  step 0/5004: loss=3.634055
  step 1/5004: loss=3.301170
  step 2/5004: loss=2.610651
  step 100/5004: loss=3.755453
  step 200/5004: loss=3.051860
  step 300/5004: loss=2.451697
  step 400/5004: loss=3.505917
  step 500/5004: loss=2.759103
  step 600/5004: loss=3.296324
  step 700/5004: loss=3.475306
  step 800/5004: loss=3.269474
  step 900/5004: loss=2.647651
  step 1000/5004: loss=2.230236
  step 1100/5004: loss=3.139100
  step 1200/5004: loss=3.530640
  step 1300/5004: loss=3.401237
  step 1400/5004: loss=3.561784
  step 1500/5004: loss=2.307016
  step 1600/5004: loss=3.271337
  step 1700/5004: loss=3.131349
  step 1800/5004: loss=3.336827
  step 1900/5004: loss=2.509570
  step 2000/5004: loss=3.293848
  step 2100/5004: loss=3.670927
  step 2200/5004: loss=3.403894
  step 2300/5004: loss=3.581776
  step 2400/5004: loss=2.696325
  step 2500/5004: loss=3.176341
  step 2600/5004: loss=2.628306
  step 2700/5004: loss=3.227075
  step 2800/5004: loss=3.275344
  step 2900/5004: loss=2.729441
  step 3000/5004: loss=3.163786
  step 3100/5004: loss=3.788166
  step 3200/5004: loss=2.736350
  step 3300/5004: loss=3.597007
  step 3400/5004: loss=3.324773
  step 3500/5004: loss=3.527513
  step 3600/5004: loss=3.336321
  step 3700/5004: loss=3.456001
  step 3800/5004: loss=3.602398
  step 3900/5004: loss=2.463782
  step 4000/5004: loss=3.154062
  step 4100/5004: loss=2.937236
  step 4200/5004: loss=3.606101
  step 4300/5004: loss=4.000244
  step 4400/5004: loss=2.597692
  step 4500/5004: loss=2.313272
  step 4600/5004: loss=3.616780
  step 4700/5004: loss=2.949224
  step 4800/5004: loss=2.871680
  step 4900/5004: loss=2.251824
  step 5000/5004: loss=3.610660
[pjrt_ffi] RESIDENT: @convnextin_fwd holds 182 parameter tensors (109.1 MB) on 4 devices; they stop crossing PCIe from here
Epoch 218/300: loss=3.096859 lr=0.000049
  epoch 218: test_acc = 40052/50000 = 80.104000%  top5 = 47600/50000 = 95.200000%  [95% CI 79.75–80.45]
  step 0/5004: loss=3.790984
  step 1/5004: loss=3.469470
  step 2/5004: loss=2.631038
  step 100/5004: loss=3.506006
  step 200/5004: loss=2.716010
  step 300/5004: loss=3.326179
  step 400/5004: loss=3.419532
  step 500/5004: loss=3.495418
  step 600/5004: loss=1.874583
  step 700/5004: loss=2.891366
  step 800/5004: loss=3.765090
  step 900/5004: loss=3.641953
  step 1000/5004: loss=3.800741
  step 1100/5004: loss=3.355543
  step 1200/5004: loss=2.798270
  step 1300/5004: loss=3.077346
  step 1400/5004: loss=3.524791
  step 1500/5004: loss=2.717011
  step 1600/5004: loss=3.528167
  step 1700/5004: loss=2.932190
  step 1800/5004: loss=3.209087
  step 1900/5004: loss=2.644348
  step 2000/5004: loss=2.394559
  step 2100/5004: loss=2.834041
  step 2200/5004: loss=3.528033
  step 2300/5004: loss=2.130823
  step 2400/5004: loss=3.034180
  step 2500/5004: loss=3.233121
  step 2600/5004: loss=1.957518
  step 2700/5004: loss=3.593578
  step 2800/5004: loss=1.926834
  step 2900/5004: loss=3.334813
  step 3000/5004: loss=3.857436
  step 3100/5004: loss=3.066665
  step 3200/5004: loss=2.291497
  step 3300/5004: loss=2.694795
  step 3400/5004: loss=2.041047
  step 3500/5004: loss=3.393296
  step 3600/5004: loss=2.147093
  step 3700/5004: loss=2.590614
  step 3800/5004: loss=3.322539
  step 3900/5004: loss=3.275979
  step 4000/5004: loss=2.937426
  step 4100/5004: loss=2.842662
  step 4200/5004: loss=3.575805
  step 4300/5004: loss=3.223122
  step 4400/5004: loss=3.115298
  step 4500/5004: loss=3.416979
  step 4600/5004: loss=2.228869
  step 4700/5004: loss=3.664706
  step 4800/5004: loss=2.526270
  step 4900/5004: loss=3.525359
  step 5000/5004: loss=3.543961
[pjrt_ffi] RESIDENT: @convnextin_fwd holds 182 parameter tensors (109.1 MB) on 4 devices; they stop crossing PCIe from here
Epoch 219/300: loss=3.094746 lr=0.000048
  epoch 219: test_acc = 40085/50000 = 80.170000%  top5 = 47513/50000 = 95.026000%  [95% CI 79.82–80.52]
  step 0/5004: loss=3.073830
  step 1/5004: loss=3.309915
  step 2/5004: loss=3.045984
  step 100/5004: loss=4.001711
  step 200/5004: loss=2.871690
  step 300/5004: loss=2.764099
  step 400/5004: loss=1.828886
  step 500/5004: loss=2.410646
  step 600/5004: loss=3.233011
  step 700/5004: loss=2.865017
  step 800/5004: loss=2.933453
  step 900/5004: loss=3.722080
  step 1000/5004: loss=2.652851
  step 1100/5004: loss=2.195658
  step 1200/5004: loss=3.463446
  step 1300/5004: loss=2.601446
  step 1400/5004: loss=3.248422
  step 1500/5004: loss=3.341667
  step 1600/5004: loss=2.949864
  step 1700/5004: loss=2.196662
  step 1800/5004: loss=3.559129
  step 1900/5004: loss=2.239509
  step 2000/5004: loss=3.274822
  step 2100/5004: loss=3.875783
  step 2200/5004: loss=3.326108
  step 2300/5004: loss=3.807732
  step 2400/5004: loss=2.561603
  step 2500/5004: loss=2.447636
  step 2600/5004: loss=3.462983
  step 2700/5004: loss=3.627794
  step 2800/5004: loss=2.978336
  step 2900/5004: loss=3.438290
  step 3000/5004: loss=3.332715
  step 3100/5004: loss=2.898109
  step 3200/5004: loss=1.967563
  step 3300/5004: loss=3.617573
  step 3400/5004: loss=2.374013
  step 3500/5004: loss=3.042331
  step 3600/5004: loss=3.145175
  step 3700/5004: loss=2.416147
  step 3800/5004: loss=3.229835
  step 3900/5004: loss=2.327929
  step 4000/5004: loss=3.418909
  step 4100/5004: loss=3.714266
  step 4200/5004: loss=2.999917
  step 4300/5004: loss=3.575737
  step 4400/5004: loss=3.419442
  step 4500/5004: loss=2.696332
  step 4600/5004: loss=2.775874
  step 4700/5004: loss=3.557655
  step 4800/5004: loss=3.256033
  step 4900/5004: loss=3.868495
  step 5000/5004: loss=3.900848
[pjrt_ffi] RESIDENT: @convnextin_fwd holds 182 parameter tensors (109.1 MB) on 4 devices; they stop crossing PCIe from here
Epoch 220/300: loss=3.101739 lr=0.000047
  epoch 220: test_acc = 39985/50000 = 79.970000%  top5 = 47495/50000 = 94.990000%  [95% CI 79.62–80.32]
WARNING: All log messages before absl::InitializeLog() is called are written to STDERR
I0000 00:00:1789982885.876862  917634 port.cc:153] oneDNN custom operations are on. You may see slightly different numerical results due to floating-point round-off errors from different computation orders. To turn them off, set the environment variable `TF_ENABLE_ONEDNN_OPTS=0`.
I0000 00:00:1789982886.105873  917634 cpu_feature_guard.cc:227] This TensorFlow binary is optimized to use available CPU instructions in performance-critical operations.
To enable the following instructions: AVX2 AVX512F AVX512_VNNI AVX512_BF16 AVX512_FP16 AVX_VNNI AMX_TILE AMX_INT8 AMX_BF16 FMA, in other operations, rebuild TensorFlow with the appropriate compiler flags.
WARNING: All log messages before absl::InitializeLog() is called are written to STDERR
I0000 00:00:1789982888.001196  917634 port.cc:153] oneDNN custom operations are on. You may see slightly different numerical results due to floating-point round-off errors from different computation orders. To turn them off, set the environment variable `TF_ENABLE_ONEDNN_OPTS=0`.
  imagenet shim: jax/.lake/build/generated_convnext_tiny_imagenet_shim.py — train split, batch 256, 150528 floats/img (seed 90), wire v4 soft targets [256x1000]
  ▸ shim respawn: producer 1 of 4 replaced after epoch 220 (generation 22, seed 90)
  step 0/5004: loss=3.056262
I0000 00:00:1789982890.561193  917758 tf_record_dataset_op.cc:396] The default buffer size is 262144, which is overridden by the user specified `buffer_size` of 8388608
  step 1/5004: loss=3.768528
  step 2/5004: loss=2.727513
  step 100/5004: loss=3.091575
  step 200/5004: loss=3.979059
  step 300/5004: loss=2.894467
  step 400/5004: loss=3.457374
  step 500/5004: loss=3.417446
  step 600/5004: loss=3.701419
  step 700/5004: loss=3.407104
  step 800/5004: loss=3.783456
  step 900/5004: loss=3.248004
  step 1000/5004: loss=2.519429
  step 1100/5004: loss=3.254504
  step 1200/5004: loss=3.322064
  step 1300/5004: loss=3.512402
  step 1400/5004: loss=2.567053
  step 1500/5004: loss=2.850180
  step 1600/5004: loss=2.671515
  step 1700/5004: loss=3.270876
  step 1800/5004: loss=3.385016
  step 1900/5004: loss=3.412583
  step 2000/5004: loss=2.187480
  step 2100/5004: loss=2.250710
  step 2200/5004: loss=3.434678
  step 2300/5004: loss=3.156386
  step 2400/5004: loss=1.885814
  step 2500/5004: loss=2.798107
  step 2600/5004: loss=2.768080
  step 2700/5004: loss=3.455181
  step 2800/5004: loss=1.857440
  step 2900/5004: loss=2.829305
  step 3000/5004: loss=3.916432
  step 3100/5004: loss=3.041476
  step 3200/5004: loss=3.343457
  step 3300/5004: loss=2.516476
  step 3400/5004: loss=3.781142
  step 3500/5004: loss=3.299680
  step 3600/5004: loss=3.314590
  step 3700/5004: loss=2.730669
  step 3800/5004: loss=3.514484
  step 3900/5004: loss=3.071021
  step 4000/5004: loss=3.216774
  step 4100/5004: loss=3.375475
  step 4200/5004: loss=2.365972
  step 4300/5004: loss=3.352537
  step 4400/5004: loss=2.739154
  step 4500/5004: loss=3.495795
  step 4600/5004: loss=4.048556
  step 4700/5004: loss=3.332081
  step 4800/5004: loss=3.181228
  step 4900/5004: loss=3.493341
  step 5000/5004: loss=2.463508
[pjrt_ffi] RESIDENT: @convnextin_fwd holds 182 parameter tensors (109.1 MB) on 4 devices; they stop crossing PCIe from here
Epoch 221/300: loss=3.082715 lr=0.000046
  epoch 221: test_acc = 40048/50000 = 80.096000%  top5 = 47589/50000 = 95.178000%  [95% CI 79.74–80.44]
  step 0/5004: loss=3.175372
  step 1/5004: loss=2.604002
  step 2/5004: loss=2.606997
  step 100/5004: loss=3.223113
  step 200/5004: loss=3.414675
  step 300/5004: loss=2.902542
  step 400/5004: loss=2.029955
  step 500/5004: loss=3.746725
  step 600/5004: loss=3.342570
  step 700/5004: loss=3.623593
  step 800/5004: loss=3.604410
  step 900/5004: loss=1.776298
  step 1000/5004: loss=3.320558
  step 1100/5004: loss=1.588060
  step 1200/5004: loss=3.518162
  step 1300/5004: loss=3.580983
  step 1400/5004: loss=3.578218
  step 1500/5004: loss=3.139296
  step 1600/5004: loss=2.259248
  step 1700/5004: loss=2.675211
  step 1800/5004: loss=2.363584
  step 1900/5004: loss=3.101296
  step 2000/5004: loss=3.092917
  step 2100/5004: loss=1.944199
  step 2200/5004: loss=3.252059
  step 2300/5004: loss=1.999153
  step 2400/5004: loss=2.913038
  step 2500/5004: loss=3.297894
  step 2600/5004: loss=3.173730
  step 2700/5004: loss=3.483569
  step 2800/5004: loss=3.149494
  step 2900/5004: loss=3.485538
  step 3000/5004: loss=3.389460
  step 3100/5004: loss=3.293833
  step 3200/5004: loss=3.143416
  step 3300/5004: loss=3.774541
  step 3400/5004: loss=3.322523
  step 3500/5004: loss=3.858831
  step 3600/5004: loss=3.099593
  step 3700/5004: loss=2.677415
  step 3800/5004: loss=2.781503
  step 3900/5004: loss=3.651734
  step 4000/5004: loss=2.458210
  step 4100/5004: loss=2.514106
  step 4200/5004: loss=2.789125
  step 4300/5004: loss=3.808527
  step 4400/5004: loss=3.474015
  step 4500/5004: loss=3.661229
  step 4600/5004: loss=3.422601
  step 4700/5004: loss=3.689372
  step 4800/5004: loss=3.250835
  step 4900/5004: loss=2.940928
  step 5000/5004: loss=2.799038
[pjrt_ffi] RESIDENT: @convnextin_fwd holds 182 parameter tensors (109.1 MB) on 4 devices; they stop crossing PCIe from here
Epoch 222/300: loss=3.076171 lr=0.000045
  epoch 222: test_acc = 40067/50000 = 80.134000%  top5 = 47595/50000 = 95.190000%  [95% CI 79.78–80.48]
  step 0/5004: loss=3.282354
  step 1/5004: loss=2.167747
  step 2/5004: loss=2.131989
  step 100/5004: loss=3.280274
  step 200/5004: loss=3.550116
  step 300/5004: loss=3.418553
  step 400/5004: loss=3.404722
  step 500/5004: loss=3.445570
  step 600/5004: loss=3.064949
  step 700/5004: loss=3.682518
  step 800/5004: loss=3.264759
  step 900/5004: loss=2.768051
  step 1000/5004: loss=3.316512
  step 1100/5004: loss=2.520379
  step 1200/5004: loss=3.964334
  step 1300/5004: loss=2.777662
  step 1400/5004: loss=1.839366
  step 1500/5004: loss=2.825718
  step 1600/5004: loss=3.418462
  step 1700/5004: loss=3.239445
  step 1800/5004: loss=3.661434
  step 1900/5004: loss=3.312457
  step 2000/5004: loss=2.122856
  step 2100/5004: loss=2.994682
  step 2200/5004: loss=3.616632
  step 2300/5004: loss=2.370199
  step 2400/5004: loss=3.220540
  step 2500/5004: loss=2.622427
  step 2600/5004: loss=3.524502
  step 2700/5004: loss=3.021683
  step 2800/5004: loss=2.406300
  step 2900/5004: loss=3.147238
  step 3000/5004: loss=3.805114
  step 3100/5004: loss=3.533350
  step 3200/5004: loss=3.494592
  step 3300/5004: loss=3.352894
  step 3400/5004: loss=2.677425
  step 3500/5004: loss=3.376372
  step 3600/5004: loss=4.021766
  step 3700/5004: loss=2.966255
  step 3800/5004: loss=2.580119
  step 3900/5004: loss=3.108276
  step 4000/5004: loss=2.362136
  step 4100/5004: loss=3.435989
  step 4200/5004: loss=2.962520
  step 4300/5004: loss=3.489386
  step 4400/5004: loss=2.930647
  step 4500/5004: loss=3.570728
  step 4600/5004: loss=3.295332
  step 4700/5004: loss=2.429803
  step 4800/5004: loss=3.827548
  step 4900/5004: loss=2.298910
  step 5000/5004: loss=2.298557
[pjrt_ffi] RESIDENT: @convnextin_fwd holds 182 parameter tensors (109.1 MB) on 4 devices; they stop crossing PCIe from here
Epoch 223/300: loss=3.075742 lr=0.000044
  epoch 223: test_acc = 40107/50000 = 80.214000%  top5 = 47590/50000 = 95.180000%  [95% CI 79.86–80.56]
  step 0/5004: loss=3.103621
  step 1/5004: loss=3.544802
  step 2/5004: loss=3.583746
  step 100/5004: loss=3.598375
  step 200/5004: loss=2.045106
  step 300/5004: loss=2.474589
  step 400/5004: loss=2.757382
  step 500/5004: loss=3.554614
  step 600/5004: loss=2.812318
  step 700/5004: loss=3.138439
  step 800/5004: loss=2.202878
  step 900/5004: loss=3.526690
  step 1000/5004: loss=2.311241
  step 1100/5004: loss=3.772597
  step 1200/5004: loss=3.212370
  step 1300/5004: loss=3.500688
  step 1400/5004: loss=3.190077
  step 1500/5004: loss=2.252436
  step 1600/5004: loss=3.082204
  step 1700/5004: loss=3.670112
  step 1800/5004: loss=3.038392
  step 1900/5004: loss=3.676765
  step 2000/5004: loss=3.196305
  step 2100/5004: loss=3.909132
  step 2200/5004: loss=3.478210
  step 2300/5004: loss=3.579087
  step 2400/5004: loss=2.124550
  step 2500/5004: loss=2.599171
  step 2600/5004: loss=3.326380
  step 2700/5004: loss=2.945835
  step 2800/5004: loss=3.117177
  step 2900/5004: loss=3.153994
  step 3000/5004: loss=2.939322
  step 3100/5004: loss=3.700067
  step 3200/5004: loss=2.476531
  step 3300/5004: loss=2.907920
  step 3400/5004: loss=3.038476
  step 3500/5004: loss=3.934665
  step 3600/5004: loss=2.868306
  step 3700/5004: loss=3.055763
  step 3800/5004: loss=2.854698
  step 3900/5004: loss=3.627286
  step 4000/5004: loss=3.065953
  step 4100/5004: loss=2.977039
  step 4200/5004: loss=3.385126
  step 4300/5004: loss=3.669513
  step 4400/5004: loss=3.174455
  step 4500/5004: loss=3.690527
  step 4600/5004: loss=2.796384
  step 4700/5004: loss=3.884839
  step 4800/5004: loss=3.030468
  step 4900/5004: loss=2.305074
  step 5000/5004: loss=2.792510
[pjrt_ffi] RESIDENT: @convnextin_fwd holds 182 parameter tensors (109.1 MB) on 4 devices; they stop crossing PCIe from here
Epoch 224/300: loss=3.062816 lr=0.000043
  epoch 224: test_acc = 40094/50000 = 80.188000%  top5 = 47631/50000 = 95.262000%  [95% CI 79.84–80.54]
  step 0/5004: loss=3.802876
  step 1/5004: loss=1.946110
  step 2/5004: loss=3.744703
  step 100/5004: loss=3.127522
  step 200/5004: loss=2.464305
  step 300/5004: loss=3.480540
  step 400/5004: loss=3.389819
  step 500/5004: loss=3.466537
  step 600/5004: loss=3.011883
  step 700/5004: loss=3.469662
  step 800/5004: loss=2.496300
  step 900/5004: loss=2.391907
  step 1000/5004: loss=3.293438
  step 1100/5004: loss=3.309530
  step 1200/5004: loss=3.789684
  step 1300/5004: loss=3.320527
  step 1400/5004: loss=2.513349
  step 1500/5004: loss=2.699967
  step 1600/5004: loss=3.238315
  step 1700/5004: loss=3.119944
  step 1800/5004: loss=3.003903
  step 1900/5004: loss=2.211473
  step 2000/5004: loss=3.570672
  step 2100/5004: loss=3.277744
  step 2200/5004: loss=2.829244
  step 2300/5004: loss=3.310546
  step 2400/5004: loss=3.721955
  step 2500/5004: loss=3.026587
  step 2600/5004: loss=3.733759
  step 2700/5004: loss=2.095253
  step 2800/5004: loss=2.213977
  step 2900/5004: loss=3.120214
  step 3000/5004: loss=1.755750
  step 3100/5004: loss=2.485513
  step 3200/5004: loss=2.101291
  step 3300/5004: loss=3.197377
  step 3400/5004: loss=3.411168
  step 3500/5004: loss=3.038165
  step 3600/5004: loss=2.031943
  step 3700/5004: loss=2.100524
  step 3800/5004: loss=2.253060
  step 3900/5004: loss=3.044949
  step 4000/5004: loss=1.861352
  step 4100/5004: loss=3.336676
  step 4200/5004: loss=2.062599
  step 4300/5004: loss=3.364629
  step 4400/5004: loss=3.477850
  step 4500/5004: loss=3.377333
  step 4600/5004: loss=3.642047
  step 4700/5004: loss=3.339123
  step 4800/5004: loss=1.975737
  step 4900/5004: loss=2.499818
  step 5000/5004: loss=3.241390
[pjrt_ffi] RESIDENT: @convnextin_fwd holds 182 parameter tensors (109.1 MB) on 4 devices; they stop crossing PCIe from here
Epoch 225/300: loss=3.058543 lr=0.000042
  epoch 225: test_acc = 40092/50000 = 80.184000%  top5 = 47596/50000 = 95.192000%  [95% CI 79.83–80.53]
  step 0/5004: loss=3.255702
  step 1/5004: loss=3.379290
  step 2/5004: loss=3.234080
  step 100/5004: loss=3.075645
  step 200/5004: loss=3.269569
  step 300/5004: loss=3.994353
  step 400/5004: loss=1.914315
  step 500/5004: loss=3.870761
  step 600/5004: loss=2.102049
  step 700/5004: loss=3.468498
  step 800/5004: loss=3.199201
  step 900/5004: loss=3.387671
  step 1000/5004: loss=3.478827
  step 1100/5004: loss=2.744773
  step 1200/5004: loss=3.080735
  step 1300/5004: loss=2.834338
  step 1400/5004: loss=3.378652
  step 1500/5004: loss=3.633523
  step 1600/5004: loss=2.854878
  step 1700/5004: loss=2.150486
  step 1800/5004: loss=3.429569
  step 1900/5004: loss=3.494679
  step 2000/5004: loss=2.524322
  step 2100/5004: loss=3.381001
  step 2200/5004: loss=2.213933
  step 2300/5004: loss=3.821721
  step 2400/5004: loss=3.180779
  step 2500/5004: loss=3.459608
  step 2600/5004: loss=3.688538
  step 2700/5004: loss=2.986051
  step 2800/5004: loss=3.409830
  step 2900/5004: loss=2.003805
  step 3000/5004: loss=2.756715
  step 3100/5004: loss=3.773230
  step 3200/5004: loss=1.981545
  step 3300/5004: loss=1.953453
  step 3400/5004: loss=3.227756
  step 3500/5004: loss=2.844273
  step 3600/5004: loss=2.897597
  step 3700/5004: loss=3.926898
  step 3800/5004: loss=2.956768
  step 3900/5004: loss=3.213072
  step 4000/5004: loss=3.613128
  step 4100/5004: loss=3.781779
  step 4200/5004: loss=3.058145
  step 4300/5004: loss=3.368235
  step 4400/5004: loss=2.476711
  step 4500/5004: loss=3.059676
  step 4600/5004: loss=3.272101
  step 4700/5004: loss=3.549116
  step 4800/5004: loss=2.510659
  step 4900/5004: loss=3.503976
  step 5000/5004: loss=3.599980
[pjrt_ffi] RESIDENT: @convnextin_fwd holds 182 parameter tensors (109.1 MB) on 4 devices; they stop crossing PCIe from here
Epoch 226/300: loss=3.055461 lr=0.000041
  epoch 226: test_acc = 40131/50000 = 80.262000%  top5 = 47619/50000 = 95.238000%  [95% CI 79.91–80.61]
  step 0/5004: loss=2.230263
  step 1/5004: loss=3.840906
  step 2/5004: loss=2.575620
  step 100/5004: loss=2.340576
  step 200/5004: loss=2.672970
  step 300/5004: loss=2.943092
  step 400/5004: loss=3.720663
  step 500/5004: loss=3.186669
  step 600/5004: loss=3.484705
  step 700/5004: loss=3.411636
  step 800/5004: loss=3.785457
  step 900/5004: loss=3.273792
  step 1000/5004: loss=3.385942
  step 1100/5004: loss=3.623001
  step 1200/5004: loss=2.231406
  step 1300/5004: loss=3.000615
  step 1400/5004: loss=3.373960
  step 1500/5004: loss=2.726743
  step 1600/5004: loss=2.971886
  step 1700/5004: loss=3.103370
  step 1800/5004: loss=3.312818
  step 1900/5004: loss=1.999217
  step 2000/5004: loss=3.744647
  step 2100/5004: loss=2.402610
  step 2200/5004: loss=3.498797
  step 2300/5004: loss=3.351904
  step 2400/5004: loss=2.396441
  step 2500/5004: loss=3.466208
  step 2600/5004: loss=2.448570
  step 2700/5004: loss=3.000153
  step 2800/5004: loss=2.557898
  step 2900/5004: loss=3.294258
  step 3000/5004: loss=2.412957
  step 3100/5004: loss=2.619884
  step 3200/5004: loss=2.747207
  step 3300/5004: loss=3.586961
  step 3400/5004: loss=2.231580
  step 3500/5004: loss=3.014360
  step 3600/5004: loss=3.786193
  step 3700/5004: loss=3.389675
  step 3800/5004: loss=3.107118
  step 3900/5004: loss=2.857841
  step 4000/5004: loss=2.977920
  step 4100/5004: loss=3.495822
  step 4200/5004: loss=3.620712
  step 4300/5004: loss=3.092224
  step 4400/5004: loss=2.123019
  step 4500/5004: loss=3.312094
  step 4600/5004: loss=3.609120
  step 4700/5004: loss=3.171397
  step 4800/5004: loss=2.899961
  step 4900/5004: loss=2.964248
  step 5000/5004: loss=3.425522
[pjrt_ffi] RESIDENT: @convnextin_fwd holds 182 parameter tensors (109.1 MB) on 4 devices; they stop crossing PCIe from here
Epoch 227/300: loss=3.052505 lr=0.000040
  epoch 227: test_acc = 40154/50000 = 80.308000%  top5 = 47593/50000 = 95.186000%  [95% CI 79.96–80.65]
  step 0/5004: loss=3.401781
  step 1/5004: loss=3.272706
  step 2/5004: loss=3.064567
  step 100/5004: loss=3.744231
  step 200/5004: loss=3.139382
  step 300/5004: loss=3.802919
  step 400/5004: loss=2.911995
  step 500/5004: loss=2.580703
  step 600/5004: loss=2.765272
  step 700/5004: loss=3.353931
  step 800/5004: loss=3.112661
  step 900/5004: loss=3.867615
  step 1000/5004: loss=3.256316
  step 1100/5004: loss=3.144365
  step 1200/5004: loss=3.255557
  step 1300/5004: loss=3.503505
  step 1400/5004: loss=3.012103
  step 1500/5004: loss=3.193352
  step 1600/5004: loss=3.040373
  step 1700/5004: loss=3.787447
  step 1800/5004: loss=3.158139
  step 1900/5004: loss=2.413204
  step 2000/5004: loss=2.388127
  step 2100/5004: loss=2.064826
  step 2200/5004: loss=3.412883
  step 2300/5004: loss=2.452658
  step 2400/5004: loss=2.697080
  step 2500/5004: loss=2.723092
  step 2600/5004: loss=3.083998
  step 2700/5004: loss=3.289341
  step 2800/5004: loss=2.890116
  step 2900/5004: loss=2.548660
  step 3000/5004: loss=3.248473
  step 3100/5004: loss=2.706473
  step 3200/5004: loss=2.670373
  step 3300/5004: loss=2.522140
  step 3400/5004: loss=2.041667
  step 3500/5004: loss=3.805616
  step 3600/5004: loss=2.781959
  step 3700/5004: loss=1.945831
  step 3800/5004: loss=3.223317
  step 3900/5004: loss=2.905180
  step 4000/5004: loss=3.383809
  step 4100/5004: loss=3.450618
  step 4200/5004: loss=2.498662
  step 4300/5004: loss=3.765945
  step 4400/5004: loss=3.523513
  step 4500/5004: loss=2.874287
  step 4600/5004: loss=2.907955
  step 4700/5004: loss=3.449071
  step 4800/5004: loss=2.357776
  step 4900/5004: loss=3.963190
  step 5000/5004: loss=3.244313
[pjrt_ffi] RESIDENT: @convnextin_fwd holds 182 parameter tensors (109.1 MB) on 4 devices; they stop crossing PCIe from here
Epoch 228/300: loss=3.049336 lr=0.000039
  epoch 228: test_acc = 40134/50000 = 80.268000%  top5 = 47625/50000 = 95.250000%  [95% CI 79.92–80.61]
  step 0/5004: loss=2.895126
  step 1/5004: loss=2.091168
  step 2/5004: loss=2.384852
  step 100/5004: loss=3.185396
  step 200/5004: loss=3.608923
  step 300/5004: loss=3.561419
  step 400/5004: loss=2.526977
  step 500/5004: loss=3.015976
  step 600/5004: loss=1.792815
  step 700/5004: loss=2.898386
  step 800/5004: loss=2.386359
  step 900/5004: loss=2.965141
  step 1000/5004: loss=3.659196
  step 1100/5004: loss=3.449348
  step 1200/5004: loss=2.665455
  step 1300/5004: loss=2.473283
  step 1400/5004: loss=3.579738
  step 1500/5004: loss=3.393910
  step 1600/5004: loss=2.095896
  step 1700/5004: loss=3.217465
  step 1800/5004: loss=3.868871
  step 1900/5004: loss=3.306917
  step 2000/5004: loss=3.720611
  step 2100/5004: loss=3.308357
  step 2200/5004: loss=1.941104
  step 2300/5004: loss=3.226149
  step 2400/5004: loss=2.479304
  step 2500/5004: loss=3.210459
  step 2600/5004: loss=3.915531
  step 2700/5004: loss=3.476177
  step 2800/5004: loss=4.106204
  step 2900/5004: loss=1.980915
  step 3000/5004: loss=1.792258
  step 3100/5004: loss=2.953355
  step 3200/5004: loss=2.991596
  step 3300/5004: loss=2.872227
  step 3400/5004: loss=3.520097
  step 3500/5004: loss=3.501171
  step 3600/5004: loss=3.114205
  step 3700/5004: loss=2.920516
  step 3800/5004: loss=3.317352
  step 3900/5004: loss=3.042838
  step 4000/5004: loss=2.768376
  step 4100/5004: loss=2.920035
  step 4200/5004: loss=2.584115
  step 4300/5004: loss=3.511714
  step 4400/5004: loss=2.484784
  step 4500/5004: loss=3.379866
  step 4600/5004: loss=3.881632
  step 4700/5004: loss=2.951085
  step 4800/5004: loss=3.621752
  step 4900/5004: loss=2.546663
  step 5000/5004: loss=3.261997
[pjrt_ffi] RESIDENT: @convnextin_fwd holds 182 parameter tensors (109.1 MB) on 4 devices; they stop crossing PCIe from here
Epoch 229/300: loss=3.041829 lr=0.000038
  epoch 229: test_acc = 40075/50000 = 80.150000%  top5 = 47538/50000 = 95.076000%  [95% CI 79.80–80.50]
  step 0/5004: loss=2.694808
  step 1/5004: loss=3.373268
  step 2/5004: loss=2.271334
  step 100/5004: loss=2.168555
  step 200/5004: loss=3.200329
  step 300/5004: loss=3.874702
  step 400/5004: loss=3.226258
  step 500/5004: loss=2.128509
  step 600/5004: loss=3.494776
  step 700/5004: loss=1.717657
  step 800/5004: loss=2.446959
  step 900/5004: loss=3.668180
  step 1000/5004: loss=3.567258
  step 1100/5004: loss=2.108658
  step 1200/5004: loss=3.165939
  step 1300/5004: loss=3.520123
  step 1400/5004: loss=3.171572
  step 1500/5004: loss=1.995908
  step 1600/5004: loss=2.933966
  step 1700/5004: loss=3.803108
  step 1800/5004: loss=2.927815
  step 1900/5004: loss=3.654621
  step 2000/5004: loss=3.560659
  step 2100/5004: loss=3.401861
  step 2200/5004: loss=2.528293
  step 2300/5004: loss=3.584269
  step 2400/5004: loss=3.163983
  step 2500/5004: loss=3.976509
  step 2600/5004: loss=3.217080
  step 2700/5004: loss=2.471018
  step 2800/5004: loss=2.641858
  step 2900/5004: loss=2.145023
  step 3000/5004: loss=3.474128
  step 3100/5004: loss=3.948189
  step 3200/5004: loss=3.409926
  step 3300/5004: loss=3.092515
  step 3400/5004: loss=3.541067
  step 3500/5004: loss=3.462320
  step 3600/5004: loss=2.042496
  step 3700/5004: loss=4.047288
  step 3800/5004: loss=3.445963
  step 3900/5004: loss=3.538815
  step 4000/5004: loss=3.118498
  step 4100/5004: loss=3.950136
  step 4200/5004: loss=3.277438
  step 4300/5004: loss=2.035249
  step 4400/5004: loss=2.917309
  step 4500/5004: loss=3.570855
  step 4600/5004: loss=2.679799
  step 4700/5004: loss=3.004296
  step 4800/5004: loss=3.093866
  step 4900/5004: loss=3.135925
  step 5000/5004: loss=3.712102
[pjrt_ffi] RESIDENT: @convnextin_fwd holds 182 parameter tensors (109.1 MB) on 4 devices; they stop crossing PCIe from here
Epoch 230/300: loss=3.032063 lr=0.000037
  epoch 230: test_acc = 40184/50000 = 80.368000%  top5 = 47596/50000 = 95.192000%  [95% CI 80.02–80.71]
WARNING: All log messages before absl::InitializeLog() is called are written to STDERR
I0000 00:00:1789993803.700987  961876 port.cc:153] oneDNN custom operations are on. You may see slightly different numerical results due to floating-point round-off errors from different computation orders. To turn them off, set the environment variable `TF_ENABLE_ONEDNN_OPTS=0`.
I0000 00:00:1789993803.935582  961876 cpu_feature_guard.cc:227] This TensorFlow binary is optimized to use available CPU instructions in performance-critical operations.
To enable the following instructions: AVX2 AVX512F AVX512_VNNI AVX512_BF16 AVX512_FP16 AVX_VNNI AMX_TILE AMX_INT8 AMX_BF16 FMA, in other operations, rebuild TensorFlow with the appropriate compiler flags.
WARNING: All log messages before absl::InitializeLog() is called are written to STDERR
I0000 00:00:1789993805.822710  961876 port.cc:153] oneDNN custom operations are on. You may see slightly different numerical results due to floating-point round-off errors from different computation orders. To turn them off, set the environment variable `TF_ENABLE_ONEDNN_OPTS=0`.
  imagenet shim: jax/.lake/build/generated_convnext_tiny_imagenet_shim.py — train split, batch 256, 150528 floats/img (seed 95), wire v4 soft targets [256x1000]
  ▸ shim respawn: producer 2 of 4 replaced after epoch 230 (generation 23, seed 95)
  step 0/5004: loss=3.358257
  step 1/5004: loss=3.358049
I0000 00:00:1789993808.329134  962002 tf_record_dataset_op.cc:396] The default buffer size is 262144, which is overridden by the user specified `buffer_size` of 8388608
  step 2/5004: loss=3.457018
  step 100/5004: loss=2.428816
  step 200/5004: loss=3.163522
  step 300/5004: loss=3.084018
  step 400/5004: loss=3.917787
  step 500/5004: loss=2.158502
  step 600/5004: loss=3.567250
  step 700/5004: loss=2.016287
  step 800/5004: loss=2.614501
  step 900/5004: loss=3.540011
  step 1000/5004: loss=1.995586
  step 1100/5004: loss=3.572732
  step 1200/5004: loss=2.074447
  step 1300/5004: loss=2.154280
  step 1400/5004: loss=2.449315
  step 1500/5004: loss=3.374955
  step 1600/5004: loss=3.497674
  step 1700/5004: loss=2.644585
  step 1800/5004: loss=3.663733
  step 1900/5004: loss=1.921668
  step 2000/5004: loss=1.795737
  step 2100/5004: loss=3.327152
  step 2200/5004: loss=2.125105
  step 2300/5004: loss=2.752774
  step 2400/5004: loss=3.740751
  step 2500/5004: loss=3.067945
  step 2600/5004: loss=2.010237
  step 2700/5004: loss=3.262026
  step 2800/5004: loss=3.602063
  step 2900/5004: loss=3.275963
  step 3000/5004: loss=3.280546
  step 3100/5004: loss=3.477827
  step 3200/5004: loss=3.686475
  step 3300/5004: loss=2.864000
  step 3400/5004: loss=2.993657
  step 3500/5004: loss=3.175955
  step 3600/5004: loss=2.807556
  step 3700/5004: loss=2.645910
  step 3800/5004: loss=3.191496
  step 3900/5004: loss=3.170418
  step 4000/5004: loss=3.545057
  step 4100/5004: loss=2.389564
  step 4200/5004: loss=2.787900
  step 4300/5004: loss=3.409334
  step 4400/5004: loss=1.798595
  step 4500/5004: loss=3.292851
  step 4600/5004: loss=2.607476
  step 4700/5004: loss=3.385332
  step 4800/5004: loss=3.759733
  step 4900/5004: loss=3.259635
  step 5000/5004: loss=1.749348
[pjrt_ffi] RESIDENT: @convnextin_fwd holds 182 parameter tensors (109.1 MB) on 4 devices; they stop crossing PCIe from here
Epoch 231/300: loss=3.048262 lr=0.000036
  epoch 231: test_acc = 40133/50000 = 80.266000%  top5 = 47589/50000 = 95.178000%  [95% CI 79.91–80.61]
  step 0/5004: loss=2.722135
  step 1/5004: loss=3.339273
  step 2/5004: loss=2.797578
  step 100/5004: loss=3.277054
  step 200/5004: loss=3.199669
  step 300/5004: loss=3.539248
  step 400/5004: loss=3.266899
  step 500/5004: loss=4.001093
  step 600/5004: loss=3.563880
  step 700/5004: loss=3.654791
  step 800/5004: loss=2.410601
  step 900/5004: loss=3.166241
  step 1000/5004: loss=3.389761
  step 1100/5004: loss=3.504441
  step 1200/5004: loss=3.048562
  step 1300/5004: loss=2.183697
  step 1400/5004: loss=2.204283
  step 1500/5004: loss=3.700155
  step 1600/5004: loss=3.245779
  step 1700/5004: loss=3.599088
  step 1800/5004: loss=3.498010
  step 1900/5004: loss=3.423684
  step 2000/5004: loss=2.494345
  step 2100/5004: loss=3.483873
  step 2200/5004: loss=3.354852
  step 2300/5004: loss=2.137127
  step 2400/5004: loss=3.254735
  step 2500/5004: loss=3.464836
  step 2600/5004: loss=3.233967
  step 2700/5004: loss=2.541383
  step 2800/5004: loss=2.763622
  step 2900/5004: loss=2.711173
  step 3000/5004: loss=2.876684
  step 3100/5004: loss=2.770121
  step 3200/5004: loss=3.397363
  step 3300/5004: loss=3.455353
  step 3400/5004: loss=2.846873
  step 3500/5004: loss=2.075194
  step 3600/5004: loss=2.303124
  step 3700/5004: loss=3.648052
  step 3800/5004: loss=2.702724
  step 3900/5004: loss=2.005281
  step 4000/5004: loss=2.133870
  step 4100/5004: loss=3.538632
  step 4200/5004: loss=2.486247
  step 4300/5004: loss=3.532088
  step 4400/5004: loss=2.192403
  step 4500/5004: loss=3.416046
  step 4600/5004: loss=3.179517
  step 4700/5004: loss=2.478774
  step 4800/5004: loss=2.746924
  step 4900/5004: loss=4.160118
  step 5000/5004: loss=2.872627
[pjrt_ffi] RESIDENT: @convnextin_fwd holds 182 parameter tensors (109.1 MB) on 4 devices; they stop crossing PCIe from here
Epoch 232/300: loss=3.043804 lr=0.000035
  epoch 232: test_acc = 40160/50000 = 80.320000%  top5 = 47634/50000 = 95.268000%  [95% CI 79.97–80.67]
  step 0/5004: loss=2.607239
  step 1/5004: loss=3.311242
  step 2/5004: loss=3.585469
  step 100/5004: loss=3.164629
  step 200/5004: loss=3.159310
  step 300/5004: loss=3.064339
  step 400/5004: loss=3.562284
  step 500/5004: loss=3.253695
  step 600/5004: loss=2.278162
  step 700/5004: loss=2.101899
  step 800/5004: loss=2.554709
  step 900/5004: loss=3.464202
  step 1000/5004: loss=3.043581
  step 1100/5004: loss=2.780580
  step 1200/5004: loss=2.450794
  step 1300/5004: loss=3.279796
  step 1400/5004: loss=3.907731
  step 1500/5004: loss=3.038838
  step 1600/5004: loss=3.404308
  step 1700/5004: loss=3.554415
  step 1800/5004: loss=3.442613
  step 1900/5004: loss=3.401679
  step 2000/5004: loss=3.424868
  step 2100/5004: loss=3.146038
  step 2200/5004: loss=3.111032
  step 2300/5004: loss=3.229293
  step 2400/5004: loss=2.918458
  step 2500/5004: loss=3.091789
  step 2600/5004: loss=3.151503
  step 2700/5004: loss=3.098741
  step 2800/5004: loss=3.524140
  step 2900/5004: loss=3.151808
  step 3000/5004: loss=3.632021
  step 3100/5004: loss=3.139989
  step 3200/5004: loss=3.088681
  step 3300/5004: loss=2.764051
  step 3400/5004: loss=3.230756
  step 3500/5004: loss=3.171692
  step 3600/5004: loss=3.101494
  step 3700/5004: loss=3.352211
  step 3800/5004: loss=2.432402
  step 3900/5004: loss=3.284573
  step 4000/5004: loss=2.222088
  step 4100/5004: loss=2.733085
  step 4200/5004: loss=3.273538
  step 4300/5004: loss=3.192920
  step 4400/5004: loss=3.918078
  step 4500/5004: loss=2.387210
  step 4600/5004: loss=2.777343
  step 4700/5004: loss=3.038210
  step 4800/5004: loss=3.703161
  step 4900/5004: loss=3.309104
  step 5000/5004: loss=3.762583
[pjrt_ffi] RESIDENT: @convnextin_fwd holds 182 parameter tensors (109.1 MB) on 4 devices; they stop crossing PCIe from here
Epoch 233/300: loss=3.026913 lr=0.000034
  epoch 233: test_acc = 40154/50000 = 80.308000%  top5 = 47651/50000 = 95.302000%  [95% CI 79.96–80.65]
  step 0/5004: loss=2.523859
  step 1/5004: loss=3.317555
  step 2/5004: loss=3.282630
  step 100/5004: loss=3.302405
  step 200/5004: loss=3.551006
  step 300/5004: loss=3.237550
  step 400/5004: loss=2.870730
  step 500/5004: loss=3.122100
  step 600/5004: loss=3.064776
  step 700/5004: loss=3.387956
  step 800/5004: loss=3.039285
  step 900/5004: loss=3.446115
  step 1000/5004: loss=3.244313
  step 1100/5004: loss=3.729153
  step 1200/5004: loss=2.920973
  step 1300/5004: loss=3.199284
  step 1400/5004: loss=2.748255
  step 1500/5004: loss=2.934520
  step 1600/5004: loss=2.603496
  step 1700/5004: loss=3.245760
  step 1800/5004: loss=3.308400
  step 1900/5004: loss=3.076087
  step 2000/5004: loss=2.991284
  step 2100/5004: loss=3.705685
  step 2200/5004: loss=3.493721
  step 2300/5004: loss=2.237631
  step 2400/5004: loss=3.154446
  step 2500/5004: loss=3.163682
  step 2600/5004: loss=3.205286
  step 2700/5004: loss=3.385129
  step 2800/5004: loss=2.067804
  step 2900/5004: loss=3.571222
  step 3000/5004: loss=2.799033
  step 3100/5004: loss=3.918527
  step 3200/5004: loss=3.406242
  step 3300/5004: loss=3.462108
  step 3400/5004: loss=3.412732
  step 3500/5004: loss=2.490585
  step 3600/5004: loss=3.362115
  step 3700/5004: loss=3.754851
  step 3800/5004: loss=3.295159
  step 3900/5004: loss=2.060122
  step 4000/5004: loss=2.492171
  step 4100/5004: loss=3.034458
  step 4200/5004: loss=3.165355
  step 4300/5004: loss=3.696672
  step 4400/5004: loss=3.305782
  step 4500/5004: loss=3.503504
  step 4600/5004: loss=3.069834
  step 4700/5004: loss=2.541919
  step 4800/5004: loss=2.307950
  step 4900/5004: loss=2.905553
  step 5000/5004: loss=2.979419
[pjrt_ffi] RESIDENT: @convnextin_fwd holds 182 parameter tensors (109.1 MB) on 4 devices; they stop crossing PCIe from here
Epoch 234/300: loss=3.020026 lr=0.000033
  epoch 234: test_acc = 40245/50000 = 80.490000%  top5 = 47619/50000 = 95.238000%  [95% CI 80.14–80.83]
  step 0/5004: loss=3.151951
  step 1/5004: loss=3.235706
  step 2/5004: loss=3.660936
  step 100/5004: loss=2.359350
  step 200/5004: loss=3.518971
  step 300/5004: loss=2.951464
  step 400/5004: loss=3.731158
  step 500/5004: loss=2.977302
  step 600/5004: loss=3.601883
  step 700/5004: loss=3.407839
  step 800/5004: loss=3.588052
  step 900/5004: loss=3.242999
  step 1000/5004: loss=2.573827
  step 1100/5004: loss=3.182690
  step 1200/5004: loss=3.644406
  step 1300/5004: loss=3.304758
  step 1400/5004: loss=3.704655
  step 1500/5004: loss=2.999971
  step 1600/5004: loss=3.174692
  step 1700/5004: loss=3.252698
  step 1800/5004: loss=1.988906
  step 1900/5004: loss=3.515033
  step 2000/5004: loss=1.829703
  step 2100/5004: loss=2.551147
  step 2200/5004: loss=3.632740
  step 2300/5004: loss=2.431624
  step 2400/5004: loss=3.694068
  step 2500/5004: loss=2.957036
  step 2600/5004: loss=2.625404
  step 2700/5004: loss=1.911741
  step 2800/5004: loss=3.653357
  step 2900/5004: loss=2.726831
  step 3000/5004: loss=3.687370
  step 3100/5004: loss=3.247993
  step 3200/5004: loss=2.280123
  step 3300/5004: loss=2.775625
  step 3400/5004: loss=3.329123
  step 3500/5004: loss=2.392247
  step 3600/5004: loss=3.709219
  step 3700/5004: loss=3.050493
  step 3800/5004: loss=1.850039
  step 3900/5004: loss=2.829568
  step 4000/5004: loss=2.590108
  step 4100/5004: loss=2.197487
  step 4200/5004: loss=2.563992
  step 4300/5004: loss=3.173770
  step 4400/5004: loss=2.669686
  step 4500/5004: loss=3.114652
  step 4600/5004: loss=3.382317
  step 4700/5004: loss=2.918200
  step 4800/5004: loss=3.797367
  step 4900/5004: loss=3.027830
  step 5000/5004: loss=3.381930
[pjrt_ffi] RESIDENT: @convnextin_fwd holds 182 parameter tensors (109.1 MB) on 4 devices; they stop crossing PCIe from here
Epoch 235/300: loss=3.019263 lr=0.000032
  epoch 235: test_acc = 40211/50000 = 80.422000%  top5 = 47666/50000 = 95.332000%  [95% CI 80.07–80.77]
  step 0/5004: loss=2.399343
  step 1/5004: loss=3.143486
  step 2/5004: loss=3.279683
  step 100/5004: loss=2.521444
  step 200/5004: loss=3.622968
  step 300/5004: loss=3.627695
  step 400/5004: loss=3.432659
  step 500/5004: loss=3.158205
  step 600/5004: loss=3.527278
  step 700/5004: loss=3.816544
  step 800/5004: loss=2.719277
  step 900/5004: loss=3.225722
  step 1000/5004: loss=3.332242
  step 1100/5004: loss=2.335113
  step 1200/5004: loss=3.113017
  step 1300/5004: loss=2.272124
  step 1400/5004: loss=3.305994
  step 1500/5004: loss=3.101811
  step 1600/5004: loss=2.864512
  step 1700/5004: loss=2.049852
  step 1800/5004: loss=3.222347
  step 1900/5004: loss=3.841646
  step 2000/5004: loss=3.206462
  step 2100/5004: loss=3.357870
  step 2200/5004: loss=2.993453
  step 2300/5004: loss=3.762278
  step 2400/5004: loss=3.158589
  step 2500/5004: loss=2.286822
  step 2600/5004: loss=2.363452
  step 2700/5004: loss=3.533750
  step 2800/5004: loss=2.434927
  step 2900/5004: loss=3.164063
  step 3000/5004: loss=2.772806
  step 3100/5004: loss=2.979455
  step 3200/5004: loss=3.415409
  step 3300/5004: loss=2.433928
  step 3400/5004: loss=3.030590
  step 3500/5004: loss=3.412412
  step 3600/5004: loss=3.107054
  step 3700/5004: loss=3.715554
  step 3800/5004: loss=2.762939
  step 3900/5004: loss=2.102763
  step 4000/5004: loss=3.036954
  step 4100/5004: loss=2.698904
  step 4200/5004: loss=3.499394
  step 4300/5004: loss=3.682969
  step 4400/5004: loss=2.684773
  step 4500/5004: loss=2.738283
  step 4600/5004: loss=2.699276
  step 4700/5004: loss=3.502833
  step 4800/5004: loss=2.912053
  step 4900/5004: loss=2.941914
  step 5000/5004: loss=2.395780
[pjrt_ffi] RESIDENT: @convnextin_fwd holds 182 parameter tensors (109.1 MB) on 4 devices; they stop crossing PCIe from here
Epoch 236/300: loss=3.020763 lr=0.000031
  epoch 236: test_acc = 40269/50000 = 80.538000%  top5 = 47658/50000 = 95.316000%  [95% CI 80.19–80.88]
  step 0/5004: loss=2.570979
  step 1/5004: loss=3.555467
  step 2/5004: loss=1.721116
  step 100/5004: loss=2.604429
  step 200/5004: loss=2.118699
  step 300/5004: loss=3.072046
  step 400/5004: loss=3.869312
  step 500/5004: loss=3.406860
  step 600/5004: loss=1.827111
  step 700/5004: loss=3.326931
  step 800/5004: loss=3.209584
  step 900/5004: loss=3.530408
  step 1000/5004: loss=2.791989
  step 1100/5004: loss=3.093580
  step 1200/5004: loss=1.859802
  step 1300/5004: loss=3.128419
  step 1400/5004: loss=2.618985
  step 1500/5004: loss=1.988572
  step 1600/5004: loss=3.045539
  step 1700/5004: loss=2.490865
  step 1800/5004: loss=3.660456
  step 1900/5004: loss=2.432252
  step 2000/5004: loss=2.641272
  step 2100/5004: loss=2.946439
  step 2200/5004: loss=3.928163
  step 2300/5004: loss=3.039376
  step 2400/5004: loss=2.858720
  step 2500/5004: loss=3.156156
  step 2600/5004: loss=2.406769
  step 2700/5004: loss=2.066478
  step 2800/5004: loss=1.912081
  step 2900/5004: loss=3.604293
  step 3000/5004: loss=3.473092
  step 3100/5004: loss=3.113995
  step 3200/5004: loss=3.744576
  step 3300/5004: loss=3.334785
  step 3400/5004: loss=3.359334
  step 3500/5004: loss=3.275542
  step 3600/5004: loss=3.618485
  step 3700/5004: loss=2.820034
  step 3800/5004: loss=3.472515
  step 3900/5004: loss=3.359076
  step 4000/5004: loss=3.233067
  step 4100/5004: loss=3.037425
  step 4200/5004: loss=3.391328
  step 4300/5004: loss=3.179541
  step 4400/5004: loss=2.627554
  step 4500/5004: loss=2.992084
  step 4600/5004: loss=2.869504
  step 4700/5004: loss=2.725453
  step 4800/5004: loss=3.721332
  step 4900/5004: loss=3.258143
  step 5000/5004: loss=3.122724
[pjrt_ffi] RESIDENT: @convnextin_fwd holds 182 parameter tensors (109.1 MB) on 4 devices; they stop crossing PCIe from here
Epoch 237/300: loss=3.005244 lr=0.000030
  epoch 237: test_acc = 40223/50000 = 80.446000%  top5 = 47686/50000 = 95.372000%  [95% CI 80.10–80.79]
  step 0/5004: loss=3.246636
  step 1/5004: loss=3.180569
  step 2/5004: loss=2.383946
  step 100/5004: loss=3.805613
  step 200/5004: loss=2.971858
  step 300/5004: loss=2.334591
  step 400/5004: loss=3.387798
  step 500/5004: loss=3.092782
  step 600/5004: loss=2.722433
  step 700/5004: loss=2.201627
  step 800/5004: loss=3.512836
  step 900/5004: loss=3.281363
  step 1000/5004: loss=2.784006
  step 1100/5004: loss=3.594555
  step 1200/5004: loss=2.732834
  step 1300/5004: loss=3.057466
  step 1400/5004: loss=3.395674
  step 1500/5004: loss=3.792951
  step 1600/5004: loss=2.523028
  step 1700/5004: loss=2.518805
  step 1800/5004: loss=2.678843
  step 1900/5004: loss=3.614922
  step 2000/5004: loss=2.065070
  step 2100/5004: loss=3.381624
  step 2200/5004: loss=2.890993
  step 2300/5004: loss=3.726607
  step 2400/5004: loss=3.368643
  step 2500/5004: loss=3.752896
  step 2600/5004: loss=2.880051
  step 2700/5004: loss=2.771242
  step 2800/5004: loss=3.285011
  step 2900/5004: loss=2.349321
  step 3000/5004: loss=3.235257
  step 3100/5004: loss=2.206256
  step 3200/5004: loss=3.000954
  step 3300/5004: loss=1.878968
  step 3400/5004: loss=3.124287
  step 3500/5004: loss=3.683171
  step 3600/5004: loss=3.411726
  step 3700/5004: loss=2.950536
  step 3800/5004: loss=3.170075
  step 3900/5004: loss=3.572244
  step 4000/5004: loss=2.200561
  step 4100/5004: loss=3.249363
  step 4200/5004: loss=2.911665
  step 4300/5004: loss=3.357197
  step 4400/5004: loss=2.558543
  step 4500/5004: loss=2.388637
  step 4600/5004: loss=3.099721
  step 4700/5004: loss=3.095613
  step 4800/5004: loss=3.187932
  step 4900/5004: loss=2.697641
  step 5000/5004: loss=3.218923
[pjrt_ffi] RESIDENT: @convnextin_fwd holds 182 parameter tensors (109.1 MB) on 4 devices; they stop crossing PCIe from here
Epoch 238/300: loss=3.008761 lr=0.000029
  epoch 238: test_acc = 40286/50000 = 80.572000%  top5 = 47673/50000 = 95.346000%  [95% CI 80.22–80.92]
  step 0/5004: loss=1.682073
  step 1/5004: loss=2.906718
  step 2/5004: loss=3.286991
  step 100/5004: loss=3.150146
  step 200/5004: loss=2.484482
  step 300/5004: loss=3.199597
  step 400/5004: loss=3.496824
  step 500/5004: loss=3.214760
  step 600/5004: loss=3.378598
  step 700/5004: loss=2.598949
  step 800/5004: loss=3.391857
  step 900/5004: loss=3.094195
  step 1000/5004: loss=2.770052
  step 1100/5004: loss=3.563972
  step 1200/5004: loss=3.050785
  step 1300/5004: loss=2.243384
  step 1400/5004: loss=2.682430
  step 1500/5004: loss=3.273653
  step 1600/5004: loss=2.293884
  step 1700/5004: loss=2.059063
  step 1800/5004: loss=3.751041
  step 1900/5004: loss=3.228743
  step 2000/5004: loss=3.385822
  step 2100/5004: loss=3.353518
  step 2200/5004: loss=2.485998
  step 2300/5004: loss=3.085973
  step 2400/5004: loss=3.059291
  step 2500/5004: loss=3.303311
  step 2600/5004: loss=3.771737
  step 2700/5004: loss=3.300216
  step 2800/5004: loss=3.105455
  step 2900/5004: loss=3.318513
  step 3000/5004: loss=2.648849
  step 3100/5004: loss=2.767276
  step 3200/5004: loss=3.485792
  step 3300/5004: loss=1.907046
  step 3400/5004: loss=3.216399
  step 3500/5004: loss=2.602741
  step 3600/5004: loss=2.452000
  step 3700/5004: loss=1.982829
  step 3800/5004: loss=3.775325
  step 3900/5004: loss=3.066713
  step 4000/5004: loss=2.400761
  step 4100/5004: loss=3.144139
  step 4200/5004: loss=2.880168
  step 4300/5004: loss=2.084604
  step 4400/5004: loss=1.872153
  step 4500/5004: loss=3.387640
  step 4600/5004: loss=3.732751
  step 4700/5004: loss=3.295559
  step 4800/5004: loss=3.708520
  step 4900/5004: loss=3.483262
  step 5000/5004: loss=3.933991
[pjrt_ffi] RESIDENT: @convnextin_fwd holds 182 parameter tensors (109.1 MB) on 4 devices; they stop crossing PCIe from here
Epoch 239/300: loss=3.003658 lr=0.000028
  epoch 239: test_acc = 40347/50000 = 80.694000%  top5 = 47676/50000 = 95.352000%  [95% CI 80.35–81.04]
  step 0/5004: loss=2.893592
  step 1/5004: loss=3.242940
  step 2/5004: loss=3.405046
  step 100/5004: loss=2.869712
  step 200/5004: loss=3.094861
  step 300/5004: loss=1.882979
  step 400/5004: loss=3.229748
  step 500/5004: loss=3.433194
  step 600/5004: loss=3.366284
  step 700/5004: loss=3.736772
  step 800/5004: loss=3.168684
  step 900/5004: loss=3.786167
  step 1000/5004: loss=2.949515
  step 1100/5004: loss=1.926001
  step 1200/5004: loss=2.281989
  step 1300/5004: loss=3.506944
  step 1400/5004: loss=3.326900
  step 1500/5004: loss=3.456698
  step 1600/5004: loss=3.034494
  step 1700/5004: loss=2.125705
  step 1800/5004: loss=3.465772
  step 1900/5004: loss=1.804381
  step 2000/5004: loss=1.984399
  step 2100/5004: loss=2.033865
  step 2200/5004: loss=3.298686
  step 2300/5004: loss=2.389536
  step 2400/5004: loss=2.382662
  step 2500/5004: loss=3.026380
  step 2600/5004: loss=2.679592
  step 2700/5004: loss=3.676033
  step 2800/5004: loss=2.784363
  step 2900/5004: loss=2.905421
  step 3000/5004: loss=2.748885
  step 3100/5004: loss=3.451900
  step 3200/5004: loss=2.627764
  step 3300/5004: loss=2.573172
  step 3400/5004: loss=2.840453
  step 3500/5004: loss=2.742763
  step 3600/5004: loss=3.198407
  step 3700/5004: loss=2.976629
  step 3800/5004: loss=3.302993
  step 3900/5004: loss=1.830705
  step 4000/5004: loss=3.117079
  step 4100/5004: loss=3.081104
  step 4200/5004: loss=3.136405
  step 4300/5004: loss=2.436999
  step 4400/5004: loss=2.648913
  step 4500/5004: loss=1.751642
  step 4600/5004: loss=2.742003
  step 4700/5004: loss=3.301692
  step 4800/5004: loss=2.994510
  step 4900/5004: loss=3.174056
  step 5000/5004: loss=2.709614
[pjrt_ffi] RESIDENT: @convnextin_fwd holds 182 parameter tensors (109.1 MB) on 4 devices; they stop crossing PCIe from here
Epoch 240/300: loss=2.999797 lr=0.000027
  epoch 240: test_acc = 40263/50000 = 80.526000%  top5 = 47684/50000 = 95.368000%  [95% CI 80.18–80.87]
WARNING: All log messages before absl::InitializeLog() is called are written to STDERR
I0000 00:00:1790004697.036401 1000477 port.cc:153] oneDNN custom operations are on. You may see slightly different numerical results due to floating-point round-off errors from different computation orders. To turn them off, set the environment variable `TF_ENABLE_ONEDNN_OPTS=0`.
I0000 00:00:1790004697.270886 1000477 cpu_feature_guard.cc:227] This TensorFlow binary is optimized to use available CPU instructions in performance-critical operations.
To enable the following instructions: AVX2 AVX512F AVX512_VNNI AVX512_BF16 AVX512_FP16 AVX_VNNI AMX_TILE AMX_INT8 AMX_BF16 FMA, in other operations, rebuild TensorFlow with the appropriate compiler flags.
WARNING: All log messages before absl::InitializeLog() is called are written to STDERR
I0000 00:00:1790004699.194077 1000477 port.cc:153] oneDNN custom operations are on. You may see slightly different numerical results due to floating-point round-off errors from different computation orders. To turn them off, set the environment variable `TF_ENABLE_ONEDNN_OPTS=0`.
  imagenet shim: jax/.lake/build/generated_convnext_tiny_imagenet_shim.py — train split, batch 256, 150528 floats/img (seed 100), wire v4 soft targets [256x1000]
  ▸ shim respawn: producer 3 of 4 replaced after epoch 240 (generation 24, seed 100)
  step 0/5004: loss=2.930624
  step 1/5004: loss=2.592898
I0000 00:00:1790004701.743236 1000588 tf_record_dataset_op.cc:396] The default buffer size is 262144, which is overridden by the user specified `buffer_size` of 8388608
  step 2/5004: loss=2.962749
  step 100/5004: loss=2.236911
  step 200/5004: loss=3.683229
  step 300/5004: loss=3.121379
  step 400/5004: loss=3.297340
  step 500/5004: loss=2.881327
  step 600/5004: loss=3.310951
  step 700/5004: loss=3.144180
  step 800/5004: loss=2.063625
  step 900/5004: loss=2.036038
  step 1000/5004: loss=2.631594
  step 1100/5004: loss=3.111964
  step 1200/5004: loss=3.247785
  step 1300/5004: loss=3.205284
  step 1400/5004: loss=3.272701
  step 1500/5004: loss=2.271038
  step 1600/5004: loss=2.840042
  step 1700/5004: loss=3.454084
  step 1800/5004: loss=2.139597
  step 1900/5004: loss=2.113917
  step 2000/5004: loss=2.885230
  step 2100/5004: loss=2.568357
  step 2200/5004: loss=3.145162
  step 2300/5004: loss=3.382117
  step 2400/5004: loss=3.457739
  step 2500/5004: loss=3.144567
  step 2600/5004: loss=3.789789
  step 2700/5004: loss=2.895910
  step 2800/5004: loss=2.484266
  step 2900/5004: loss=2.875429
  step 3000/5004: loss=3.136663
  step 3100/5004: loss=3.347750
  step 3200/5004: loss=2.442804
  step 3300/5004: loss=2.739995
  step 3400/5004: loss=3.500123
  step 3500/5004: loss=3.242764
  step 3600/5004: loss=1.932312
  step 3700/5004: loss=3.065221
  step 3800/5004: loss=3.605656
  step 3900/5004: loss=3.129459
  step 4000/5004: loss=2.958639
  step 4100/5004: loss=2.402352
  step 4200/5004: loss=3.077866
  step 4300/5004: loss=3.096925
  step 4400/5004: loss=3.492017
  step 4500/5004: loss=3.473637
  step 4600/5004: loss=3.651745
  step 4700/5004: loss=3.320370
  step 4800/5004: loss=2.523751
  step 4900/5004: loss=3.026595
  step 5000/5004: loss=2.957430
[pjrt_ffi] RESIDENT: @convnextin_fwd holds 182 parameter tensors (109.1 MB) on 4 devices; they stop crossing PCIe from here
Epoch 241/300: loss=2.996519 lr=0.000026
  epoch 241: test_acc = 40327/50000 = 80.654000%  top5 = 47709/50000 = 95.418000%  [95% CI 80.31–81.00]
  step 0/5004: loss=3.122529
  step 1/5004: loss=3.216426
  step 2/5004: loss=3.177502
  step 100/5004: loss=1.724628
  step 200/5004: loss=3.454673
  step 300/5004: loss=2.120502
  step 400/5004: loss=1.867016
  step 500/5004: loss=2.727028
  step 600/5004: loss=2.205008
  step 700/5004: loss=3.250332
  step 800/5004: loss=3.513065
  step 900/5004: loss=2.167076
  step 1000/5004: loss=3.003174
  step 1100/5004: loss=3.332361
  step 1200/5004: loss=3.078204
  step 1300/5004: loss=1.803268
  step 1400/5004: loss=3.447107
  step 1500/5004: loss=3.751149
  step 1600/5004: loss=2.460865
  step 1700/5004: loss=3.681143
  step 1800/5004: loss=3.368578
  step 1900/5004: loss=2.363929
  step 2000/5004: loss=1.960680
  step 2100/5004: loss=3.055088
  step 2200/5004: loss=3.478116
  step 2300/5004: loss=2.329574
  step 2400/5004: loss=3.397002
  step 2500/5004: loss=3.114319
  step 2600/5004: loss=2.897458
  step 2700/5004: loss=3.690032
  step 2800/5004: loss=3.264082
  step 2900/5004: loss=3.385089
  step 3000/5004: loss=3.548676
  step 3100/5004: loss=3.337402
  step 3200/5004: loss=3.313010
  step 3300/5004: loss=2.161583
  step 3400/5004: loss=2.812196
  step 3500/5004: loss=3.414148
  step 3600/5004: loss=2.500273
  step 3700/5004: loss=2.080265
  step 3800/5004: loss=3.275022
  step 3900/5004: loss=3.767628
  step 4000/5004: loss=2.156033
  step 4100/5004: loss=3.077104
  step 4200/5004: loss=3.155118
  step 4300/5004: loss=3.658106
  step 4400/5004: loss=2.565030
  step 4500/5004: loss=3.109663
  step 4600/5004: loss=3.155466
  step 4700/5004: loss=3.419220
  step 4800/5004: loss=2.439513
  step 4900/5004: loss=3.451800
  step 5000/5004: loss=3.015892
[pjrt_ffi] RESIDENT: @convnextin_fwd holds 182 parameter tensors (109.1 MB) on 4 devices; they stop crossing PCIe from here
Epoch 242/300: loss=2.988266 lr=0.000026
  epoch 242: test_acc = 40299/50000 = 80.598000%  top5 = 47680/50000 = 95.360000%  [95% CI 80.25–80.94]
  step 0/5004: loss=2.861357
  step 1/5004: loss=1.975670
  step 2/5004: loss=2.114882
  step 100/5004: loss=3.216076
  step 200/5004: loss=2.189242
  step 300/5004: loss=3.090609
  step 400/5004: loss=2.014517
  step 500/5004: loss=3.192717
  step 600/5004: loss=4.046165
  step 700/5004: loss=1.802536
  step 800/5004: loss=2.242171
  step 900/5004: loss=3.101737
  step 1000/5004: loss=3.707376
  step 1100/5004: loss=3.261643
  step 1200/5004: loss=3.505868
  step 1300/5004: loss=2.736519
  step 1400/5004: loss=1.953519
  step 1500/5004: loss=2.685703
  step 1600/5004: loss=2.974231
  step 1700/5004: loss=3.354549
  step 1800/5004: loss=3.709613
  step 1900/5004: loss=2.955576
  step 2000/5004: loss=2.089089
  step 2100/5004: loss=3.247763
  step 2200/5004: loss=3.725724
  step 2300/5004: loss=3.236051
  step 2400/5004: loss=1.673518
  step 2500/5004: loss=3.345009
  step 2600/5004: loss=3.462356
  step 2700/5004: loss=1.854327
  step 2800/5004: loss=2.934715
  step 2900/5004: loss=3.229875
  step 3000/5004: loss=1.993865
  step 3100/5004: loss=3.285393
  step 3200/5004: loss=3.354320
  step 3300/5004: loss=3.070633
  step 3400/5004: loss=3.137422
  step 3500/5004: loss=2.705881
  step 3600/5004: loss=2.685288
  step 3700/5004: loss=3.428845
  step 3800/5004: loss=1.888250
  step 3900/5004: loss=3.003320
  step 4000/5004: loss=2.075366
  step 4100/5004: loss=2.414594
  step 4200/5004: loss=2.252002
  step 4300/5004: loss=3.290249
  step 4400/5004: loss=3.185749
  step 4500/5004: loss=3.159912
  step 4600/5004: loss=3.603844
  step 4700/5004: loss=2.107414
  step 4800/5004: loss=3.117132
  step 4900/5004: loss=2.826933
  step 5000/5004: loss=3.076081
[pjrt_ffi] RESIDENT: @convnextin_fwd holds 182 parameter tensors (109.1 MB) on 4 devices; they stop crossing PCIe from here
Epoch 243/300: loss=2.985315 lr=0.000025
  epoch 243: test_acc = 40278/50000 = 80.556000%  top5 = 47673/50000 = 95.346000%  [95% CI 80.21–80.90]
  step 0/5004: loss=3.047986
  step 1/5004: loss=2.585235
  step 2/5004: loss=3.268153
  step 100/5004: loss=3.758396
  step 200/5004: loss=2.720404
  step 300/5004: loss=3.384729
  step 400/5004: loss=1.803960
  step 500/5004: loss=3.179136
  step 600/5004: loss=2.906373
  step 700/5004: loss=2.405900
  step 800/5004: loss=3.430787
  step 900/5004: loss=3.706445
  step 1000/5004: loss=2.070632
  step 1100/5004: loss=2.057768
  step 1200/5004: loss=3.202603
  step 1300/5004: loss=2.241218
  step 1400/5004: loss=3.230640
  step 1500/5004: loss=3.298108
  step 1600/5004: loss=3.130248
  step 1700/5004: loss=3.536196
  step 1800/5004: loss=2.964811
  step 1900/5004: loss=2.443101
  step 2000/5004: loss=3.221583
  step 2100/5004: loss=2.382436
  step 2200/5004: loss=3.352399
  step 2300/5004: loss=3.301857
  step 2400/5004: loss=2.660760
  step 2500/5004: loss=2.801816
  step 2600/5004: loss=2.722635
  step 2700/5004: loss=2.436176
  step 2800/5004: loss=2.917114
  step 2900/5004: loss=2.895271
  step 3000/5004: loss=2.419053
  step 3100/5004: loss=2.524833
  step 3200/5004: loss=3.236266
  step 3300/5004: loss=2.497907
  step 3400/5004: loss=1.864572
  step 3500/5004: loss=3.509290
  step 3600/5004: loss=3.168125
  step 3700/5004: loss=3.585847
  step 3800/5004: loss=3.545160
  step 3900/5004: loss=3.302154
  step 4000/5004: loss=2.884912
  step 4100/5004: loss=3.570634
  step 4200/5004: loss=2.787235
  step 4300/5004: loss=2.426411
  step 4400/5004: loss=2.973118
  step 4500/5004: loss=2.715592
  step 4600/5004: loss=3.175683
  step 4700/5004: loss=2.162054
  step 4800/5004: loss=3.180593
  step 4900/5004: loss=3.504157
  step 5000/5004: loss=3.203111
[pjrt_ffi] RESIDENT: @convnextin_fwd holds 182 parameter tensors (109.1 MB) on 4 devices; they stop crossing PCIe from here
Epoch 244/300: loss=2.979273 lr=0.000024
  epoch 244: test_acc = 40331/50000 = 80.662000%  top5 = 47702/50000 = 95.404000%  [95% CI 80.31–81.01]
  step 0/5004: loss=3.482277
  step 1/5004: loss=3.161636
  step 2/5004: loss=3.107082
  step 100/5004: loss=2.882219
  step 200/5004: loss=3.526162
  step 300/5004: loss=2.997405
  step 400/5004: loss=2.296483
  step 500/5004: loss=2.945549
  step 600/5004: loss=3.708055
  step 700/5004: loss=3.321231
  step 800/5004: loss=1.932187
  step 900/5004: loss=3.149751
  step 1000/5004: loss=3.391752
  step 1100/5004: loss=3.299514
  step 1200/5004: loss=3.632842
  step 1300/5004: loss=2.085667
  step 1400/5004: loss=1.962584
  step 1500/5004: loss=3.378126
  step 1600/5004: loss=2.542377
  step 1700/5004: loss=2.618875
  step 1800/5004: loss=2.088004
  step 1900/5004: loss=3.100984
  step 2000/5004: loss=2.727761
  step 2100/5004: loss=2.552368
  step 2200/5004: loss=2.656512
  step 2300/5004: loss=2.916320
  step 2400/5004: loss=3.570849
  step 2500/5004: loss=3.386528
  step 2600/5004: loss=2.811692
  step 2700/5004: loss=3.501741
  step 2800/5004: loss=1.973780
  step 2900/5004: loss=3.109365
  step 3000/5004: loss=3.226573
  step 3100/5004: loss=2.637386
  step 3200/5004: loss=3.005033
  step 3300/5004: loss=2.855186
  step 3400/5004: loss=2.522847
  step 3500/5004: loss=3.081997
  step 3600/5004: loss=3.549563
  step 3700/5004: loss=3.204334
  step 3800/5004: loss=2.521814
  step 3900/5004: loss=3.293001
  step 4000/5004: loss=2.933012
  step 4100/5004: loss=3.231256
  step 4200/5004: loss=2.851940
  step 4300/5004: loss=3.424564
  step 4400/5004: loss=2.414414
  step 4500/5004: loss=3.170717
  step 4600/5004: loss=3.823931
  step 4700/5004: loss=3.282135
  step 4800/5004: loss=1.989381
  step 4900/5004: loss=3.418000
  step 5000/5004: loss=3.619059
[pjrt_ffi] RESIDENT: @convnextin_fwd holds 182 parameter tensors (109.1 MB) on 4 devices; they stop crossing PCIe from here
Epoch 245/300: loss=2.959566 lr=0.000023
  epoch 245: test_acc = 40315/50000 = 80.630000%  top5 = 47692/50000 = 95.384000%  [95% CI 80.28–80.97]
  step 0/5004: loss=2.646907
  step 1/5004: loss=3.298366
  step 2/5004: loss=3.033808
  step 100/5004: loss=3.257254
  step 200/5004: loss=2.994666
  step 300/5004: loss=2.119557
  step 400/5004: loss=3.556070
  step 500/5004: loss=3.440274
  step 600/5004: loss=3.347336
  step 700/5004: loss=2.503966
  step 800/5004: loss=3.179988
  step 900/5004: loss=2.884975
  step 1000/5004: loss=3.268554
  step 1100/5004: loss=2.498005
  step 1200/5004: loss=2.910490
  step 1300/5004: loss=3.251707
  step 1400/5004: loss=3.513652
  step 1500/5004: loss=3.140190
  step 1600/5004: loss=3.240435
  step 1700/5004: loss=2.062420
  step 1800/5004: loss=2.188524
  step 1900/5004: loss=3.582297
  step 2000/5004: loss=3.323518
  step 2100/5004: loss=3.472057
  step 2200/5004: loss=3.130281
  step 2300/5004: loss=2.376443
  step 2400/5004: loss=3.097827
  step 2500/5004: loss=2.053086
  step 2600/5004: loss=3.111385
  step 2700/5004: loss=1.681701
  step 2800/5004: loss=3.406217
  step 2900/5004: loss=3.417133
  step 3000/5004: loss=3.414687
  step 3100/5004: loss=3.203050
  step 3200/5004: loss=2.805625
  step 3300/5004: loss=2.640549
  step 3400/5004: loss=3.205961
  step 3500/5004: loss=3.748562
  step 3600/5004: loss=3.048041
  step 3700/5004: loss=3.710765
  step 3800/5004: loss=3.404616
  step 3900/5004: loss=2.523642
  step 4000/5004: loss=3.571644
  step 4100/5004: loss=3.446034
  step 4200/5004: loss=3.003070
  step 4300/5004: loss=2.523993
  step 4400/5004: loss=3.330098
  step 4500/5004: loss=2.916421
  step 4600/5004: loss=3.233456
  step 4700/5004: loss=2.543628
  step 4800/5004: loss=2.421631
  step 4900/5004: loss=3.351038
  step 5000/5004: loss=3.246094
[pjrt_ffi] RESIDENT: @convnextin_fwd holds 182 parameter tensors (109.1 MB) on 4 devices; they stop crossing PCIe from here
Epoch 246/300: loss=2.963796 lr=0.000022
  epoch 246: test_acc = 40341/50000 = 80.682000%  top5 = 47705/50000 = 95.410000%  [95% CI 80.33–81.03]
  step 0/5004: loss=2.228369
  step 1/5004: loss=2.643054
  step 2/5004: loss=3.426855
  step 100/5004: loss=2.876255
  step 200/5004: loss=2.983510
  step 300/5004: loss=3.432212
  step 400/5004: loss=3.658834
  step 500/5004: loss=3.299310
  step 600/5004: loss=2.588366
  step 700/5004: loss=2.815235
  step 800/5004: loss=3.482514
  step 900/5004: loss=3.193746
  step 1000/5004: loss=2.012382
  step 1100/5004: loss=1.889564
  step 1200/5004: loss=3.214676
  step 1300/5004: loss=3.208391
  step 1400/5004: loss=2.699427
  step 1500/5004: loss=2.635670
  step 1600/5004: loss=3.171083
  step 1700/5004: loss=2.413110
  step 1800/5004: loss=3.372172
  step 1900/5004: loss=3.454863
  step 2000/5004: loss=3.827454
  step 2100/5004: loss=3.191513
  step 2200/5004: loss=3.242887
  step 2300/5004: loss=2.946789
  step 2400/5004: loss=3.680845
  step 2500/5004: loss=3.230357
  step 2600/5004: loss=2.376662
  step 2700/5004: loss=2.273022
  step 2800/5004: loss=3.811420
  step 2900/5004: loss=3.536087
  step 3000/5004: loss=2.076693
  step 3100/5004: loss=3.054817
  step 3200/5004: loss=3.148763
  step 3300/5004: loss=3.209619
  step 3400/5004: loss=2.831455
  step 3500/5004: loss=3.127454
  step 3600/5004: loss=1.797709
  step 3700/5004: loss=2.853708
  step 3800/5004: loss=2.995072
  step 3900/5004: loss=3.005968
  step 4000/5004: loss=3.831763
  step 4100/5004: loss=3.143713
  step 4200/5004: loss=3.878203
  step 4300/5004: loss=3.016059
  step 4400/5004: loss=3.720258
  step 4500/5004: loss=3.282297
  step 4600/5004: loss=3.511825
  step 4700/5004: loss=3.296462
  step 4800/5004: loss=2.361163
  step 4900/5004: loss=2.597264
  step 5000/5004: loss=2.707402
[pjrt_ffi] RESIDENT: @convnextin_fwd holds 182 parameter tensors (109.1 MB) on 4 devices; they stop crossing PCIe from here
Epoch 247/300: loss=2.956867 lr=0.000021
  epoch 247: test_acc = 40371/50000 = 80.742000%  top5 = 47661/50000 = 95.322000%  [95% CI 80.39–81.09]
  step 0/5004: loss=2.589993
  step 1/5004: loss=2.831406
  step 2/5004: loss=3.385175
  step 100/5004: loss=3.513164
  step 200/5004: loss=3.058482
  step 300/5004: loss=2.523788
  step 400/5004: loss=2.746109
  step 500/5004: loss=1.761355
  step 600/5004: loss=2.914287
  step 700/5004: loss=2.456563
  step 800/5004: loss=3.231448
  step 900/5004: loss=2.266642
  step 1000/5004: loss=3.109591
  step 1100/5004: loss=2.624253
  step 1200/5004: loss=3.367904
  step 1300/5004: loss=3.602920
  step 1400/5004: loss=3.336599
  step 1500/5004: loss=3.247917
  step 1600/5004: loss=2.685047
  step 1700/5004: loss=2.404338
  step 1800/5004: loss=2.495038
  step 1900/5004: loss=3.282807
  step 2000/5004: loss=2.842992
  step 2100/5004: loss=3.382483
  step 2200/5004: loss=3.362699
  step 2300/5004: loss=2.106607
  step 2400/5004: loss=2.791296
  step 2500/5004: loss=3.107361
  step 2600/5004: loss=2.507696
  step 2700/5004: loss=3.096961
  step 2800/5004: loss=2.936579
  step 2900/5004: loss=3.462269
  step 3000/5004: loss=3.041682
  step 3100/5004: loss=2.551066
  step 3200/5004: loss=2.481105
  step 3300/5004: loss=1.960407
  step 3400/5004: loss=3.265319
  step 3500/5004: loss=2.436212
  step 3600/5004: loss=2.757864
  step 3700/5004: loss=3.014486
  step 3800/5004: loss=3.098170
  step 3900/5004: loss=2.572212
  step 4000/5004: loss=3.378511
  step 4100/5004: loss=3.631970
  step 4200/5004: loss=3.308892
  step 4300/5004: loss=3.733993
  step 4400/5004: loss=3.215698
  step 4500/5004: loss=3.379312
  step 4600/5004: loss=3.058784
  step 4700/5004: loss=3.605327
  step 4800/5004: loss=2.431534
  step 4900/5004: loss=3.035553
  step 5000/5004: loss=2.927023
[pjrt_ffi] RESIDENT: @convnextin_fwd holds 182 parameter tensors (109.1 MB) on 4 devices; they stop crossing PCIe from here
Epoch 248/300: loss=2.964100 lr=0.000021
  epoch 248: test_acc = 40418/50000 = 80.836000%  top5 = 47689/50000 = 95.378000%  [95% CI 80.49–81.18]
  step 0/5004: loss=3.508248
  step 1/5004: loss=3.667577
  step 2/5004: loss=3.636225
  step 100/5004: loss=3.097634
  step 200/5004: loss=3.514378
  step 300/5004: loss=2.899222
  step 400/5004: loss=2.096275
  step 500/5004: loss=3.358415
  step 600/5004: loss=3.476072
  step 700/5004: loss=2.627380
  step 800/5004: loss=3.347427
  step 900/5004: loss=3.521787
  step 1000/5004: loss=2.724138
  step 1100/5004: loss=2.946182
  step 1200/5004: loss=3.602935
  step 1300/5004: loss=3.069836
  step 1400/5004: loss=3.473006
  step 1500/5004: loss=3.068748
  step 1600/5004: loss=3.501085
  step 1700/5004: loss=3.098513
  step 1800/5004: loss=3.229631
  step 1900/5004: loss=3.062869
  step 2000/5004: loss=3.674050
  step 2100/5004: loss=3.142103
  step 2200/5004: loss=3.458951
  step 2300/5004: loss=3.117994
  step 2400/5004: loss=3.674586
  step 2500/5004: loss=3.031081
  step 2600/5004: loss=3.710067
  step 2700/5004: loss=3.153790
  step 2800/5004: loss=2.834334
  step 2900/5004: loss=2.199497
  step 3000/5004: loss=3.949640
  step 3100/5004: loss=3.234848
  step 3200/5004: loss=1.983897
  step 3300/5004: loss=3.024153
  step 3400/5004: loss=2.083255
  step 3500/5004: loss=3.215524
  step 3600/5004: loss=3.774844
  step 3700/5004: loss=3.101860
  step 3800/5004: loss=2.631165
  step 3900/5004: loss=3.206416
  step 4000/5004: loss=3.069909
  step 4100/5004: loss=2.971682
  step 4200/5004: loss=3.611800
  step 4300/5004: loss=3.343025
  step 4400/5004: loss=2.100370
  step 4500/5004: loss=3.020910
  step 4600/5004: loss=3.750641
  step 4700/5004: loss=2.876014
  step 4800/5004: loss=2.479434
  step 4900/5004: loss=3.186769
  step 5000/5004: loss=3.008955
[pjrt_ffi] RESIDENT: @convnextin_fwd holds 182 parameter tensors (109.1 MB) on 4 devices; they stop crossing PCIe from here
Epoch 249/300: loss=2.967530 lr=0.000020
  epoch 249: test_acc = 40420/50000 = 80.840000%  top5 = 47763/50000 = 95.526000%  [95% CI 80.49–81.18]
  step 0/5004: loss=2.663044
  step 1/5004: loss=3.316916
  step 2/5004: loss=3.022022
  step 100/5004: loss=2.225415
  step 200/5004: loss=2.417256
  step 300/5004: loss=3.161890
  step 400/5004: loss=2.696116
  step 500/5004: loss=3.478901
  step 600/5004: loss=3.242586
  step 700/5004: loss=2.577132
  step 800/5004: loss=3.341936
  step 900/5004: loss=2.556057
  step 1000/5004: loss=3.164318
  step 1100/5004: loss=3.603200
  step 1200/5004: loss=2.948110
  step 1300/5004: loss=3.427532
  step 1400/5004: loss=3.131908
  step 1500/5004: loss=3.625022
  step 1600/5004: loss=2.978709
  step 1700/5004: loss=3.234552
  step 1800/5004: loss=3.135464
  step 1900/5004: loss=2.325944
  step 2000/5004: loss=1.928645
  step 2100/5004: loss=3.101799
  step 2200/5004: loss=2.890701
  step 2300/5004: loss=3.541759
  step 2400/5004: loss=2.252007
  step 2500/5004: loss=2.690332
  step 2600/5004: loss=3.138054
  step 2700/5004: loss=3.589876
  step 2800/5004: loss=2.874807
  step 2900/5004: loss=2.824465
  step 3000/5004: loss=3.158548
  step 3100/5004: loss=3.929868
  step 3200/5004: loss=3.155537
  step 3300/5004: loss=3.401681
  step 3400/5004: loss=2.487431
  step 3500/5004: loss=2.054040
  step 3600/5004: loss=2.766411
  step 3700/5004: loss=3.249168
  step 3800/5004: loss=3.024679
  step 3900/5004: loss=3.475317
  step 4000/5004: loss=3.497787
  step 4100/5004: loss=1.987952
  step 4200/5004: loss=2.894577
  step 4300/5004: loss=2.663778
  step 4400/5004: loss=2.822334
  step 4500/5004: loss=3.629819
  step 4600/5004: loss=3.461680
  step 4700/5004: loss=3.847145
  step 4800/5004: loss=2.982199
  step 4900/5004: loss=2.178010
  step 5000/5004: loss=2.709905
[pjrt_ffi] RESIDENT: @convnextin_fwd holds 182 parameter tensors (109.1 MB) on 4 devices; they stop crossing PCIe from here
Epoch 250/300: loss=2.951148 lr=0.000019
  epoch 250: test_acc = 40498/50000 = 80.996000%  top5 = 47747/50000 = 95.494000%  [95% CI 80.65–81.34]
WARNING: All log messages before absl::InitializeLog() is called are written to STDERR
I0000 00:00:1790015645.904014 1038987 port.cc:153] oneDNN custom operations are on. You may see slightly different numerical results due to floating-point round-off errors from different computation orders. To turn them off, set the environment variable `TF_ENABLE_ONEDNN_OPTS=0`.
I0000 00:00:1790015646.138119 1038987 cpu_feature_guard.cc:227] This TensorFlow binary is optimized to use available CPU instructions in performance-critical operations.
To enable the following instructions: AVX2 AVX512F AVX512_VNNI AVX512_BF16 AVX512_FP16 AVX_VNNI AMX_TILE AMX_INT8 AMX_BF16 FMA, in other operations, rebuild TensorFlow with the appropriate compiler flags.
WARNING: All log messages before absl::InitializeLog() is called are written to STDERR
I0000 00:00:1790015648.013542 1038987 port.cc:153] oneDNN custom operations are on. You may see slightly different numerical results due to floating-point round-off errors from different computation orders. To turn them off, set the environment variable `TF_ENABLE_ONEDNN_OPTS=0`.
  imagenet shim: jax/.lake/build/generated_convnext_tiny_imagenet_shim.py — train split, batch 256, 150528 floats/img (seed 101), wire v4 soft targets [256x1000]
  ▸ shim respawn: producer 0 of 4 replaced after epoch 250 (generation 25, seed 101)
I0000 00:00:1790015650.415471 1039107 tf_record_dataset_op.cc:396] The default buffer size is 262144, which is overridden by the user specified `buffer_size` of 8388608
  step 0/5004: loss=2.050427
  step 1/5004: loss=2.368984
  step 2/5004: loss=3.590740
  step 100/5004: loss=3.426630
  step 200/5004: loss=3.077710
  step 300/5004: loss=3.033997
  step 400/5004: loss=1.836479
  step 500/5004: loss=3.207137
  step 600/5004: loss=2.806796
  step 700/5004: loss=3.116595
  step 800/5004: loss=3.518116
  step 900/5004: loss=3.126531
  step 1000/5004: loss=3.775388
  step 1100/5004: loss=3.224938
  step 1200/5004: loss=2.909041
  step 1300/5004: loss=3.215082
  step 1400/5004: loss=2.801916
  step 1500/5004: loss=2.920485
  step 1600/5004: loss=2.149457
  step 1700/5004: loss=3.337764
  step 1800/5004: loss=3.269166
  step 1900/5004: loss=2.215355
  step 2000/5004: loss=3.482624
  step 2100/5004: loss=2.608629
  step 2200/5004: loss=2.318382
  step 2300/5004: loss=3.731682
  step 2400/5004: loss=1.957663
  step 2500/5004: loss=3.317117
  step 2600/5004: loss=2.767266
  step 2700/5004: loss=3.188372
  step 2800/5004: loss=3.172545
  step 2900/5004: loss=2.286241
  step 3000/5004: loss=3.196197
  step 3100/5004: loss=1.687385
  step 3200/5004: loss=2.068435
  step 3300/5004: loss=2.801085
  step 3400/5004: loss=3.359288
  step 3500/5004: loss=3.366267
  step 3600/5004: loss=2.073300
  step 3700/5004: loss=2.796841
  step 3800/5004: loss=3.603912
  step 3900/5004: loss=3.293944
  step 4000/5004: loss=3.932611
  step 4100/5004: loss=2.853849
  step 4200/5004: loss=3.576010
  step 4300/5004: loss=2.086466
  step 4400/5004: loss=3.514297
  step 4500/5004: loss=2.272902
  step 4600/5004: loss=3.299583
  step 4700/5004: loss=3.410630
  step 4800/5004: loss=2.807226
  step 4900/5004: loss=3.463468
  step 5000/5004: loss=3.389134
[pjrt_ffi] RESIDENT: @convnextin_fwd holds 182 parameter tensors (109.1 MB) on 4 devices; they stop crossing PCIe from here
Epoch 251/300: loss=2.950528 lr=0.000018
  epoch 251: test_acc = 40416/50000 = 80.832000%  top5 = 47688/50000 = 95.376000%  [95% CI 80.48–81.17]
  step 0/5004: loss=3.226987
  step 1/5004: loss=2.955268
  step 2/5004: loss=2.969172
  step 100/5004: loss=3.380948
  step 200/5004: loss=3.081769
  step 300/5004: loss=2.815170
  step 400/5004: loss=1.837709
  step 500/5004: loss=3.438688
  step 600/5004: loss=3.479094
  step 700/5004: loss=3.918890
  step 800/5004: loss=3.119793
  step 900/5004: loss=2.700078
  step 1000/5004: loss=2.790197
  step 1100/5004: loss=2.483681
  step 1200/5004: loss=2.797144
  step 1300/5004: loss=2.919904
  step 1400/5004: loss=3.287446
  step 1500/5004: loss=3.355192
  step 1600/5004: loss=2.941493
  step 1700/5004: loss=2.961888
  step 1800/5004: loss=3.188006
  step 1900/5004: loss=2.502761
  step 2000/5004: loss=2.146119
  step 2100/5004: loss=2.328047
  step 2200/5004: loss=2.735394
  step 2300/5004: loss=3.601487
  step 2400/5004: loss=3.235488
  step 2500/5004: loss=1.815371
  step 2600/5004: loss=2.893295
  step 2700/5004: loss=3.259018
  step 2800/5004: loss=3.282839
  step 2900/5004: loss=3.278270
  step 3000/5004: loss=2.981673
  step 3100/5004: loss=2.873200
  step 3200/5004: loss=3.196026
  step 3300/5004: loss=2.165183
  step 3400/5004: loss=3.034491
  step 3500/5004: loss=3.628286
  step 3600/5004: loss=2.940217
  step 3700/5004: loss=3.306043
  step 3800/5004: loss=3.296321
  step 3900/5004: loss=3.088468
  step 4000/5004: loss=2.034495
  step 4100/5004: loss=3.137874
  step 4200/5004: loss=2.341556
  step 4300/5004: loss=3.165233
  step 4400/5004: loss=3.015165
  step 4500/5004: loss=2.429610
  step 4600/5004: loss=3.029975
  step 4700/5004: loss=3.139415
  step 4800/5004: loss=2.535493
  step 4900/5004: loss=3.522908
  step 5000/5004: loss=2.200408
[pjrt_ffi] RESIDENT: @convnextin_fwd holds 182 parameter tensors (109.1 MB) on 4 devices; they stop crossing PCIe from here
Epoch 252/300: loss=2.941727 lr=0.000018
  epoch 252: test_acc = 40445/50000 = 80.890000%  top5 = 47690/50000 = 95.380000%  [95% CI 80.54–81.23]
  step 0/5004: loss=3.682275
  step 1/5004: loss=3.714534
  step 2/5004: loss=2.832972
  step 100/5004: loss=2.234186
  step 200/5004: loss=3.375374
  step 300/5004: loss=2.365824
  step 400/5004: loss=3.532506
  step 500/5004: loss=2.807878
  step 600/5004: loss=3.687639
  step 700/5004: loss=3.482874
  step 800/5004: loss=1.668832
  step 900/5004: loss=3.102931
  step 1000/5004: loss=3.592499
  step 1100/5004: loss=3.186390
  step 1200/5004: loss=2.076617
  step 1300/5004: loss=3.542905
  step 1400/5004: loss=3.506895
  step 1500/5004: loss=2.578368
  step 1600/5004: loss=3.414246
  step 1700/5004: loss=2.600870
  step 1800/5004: loss=2.204527
  step 1900/5004: loss=3.358199
  step 2000/5004: loss=3.802067
  step 2100/5004: loss=2.298031
  step 2200/5004: loss=2.770761
  step 2300/5004: loss=3.012252
  step 2400/5004: loss=2.754677
  step 2500/5004: loss=3.485096
  step 2600/5004: loss=3.412256
  step 2700/5004: loss=3.019569
  step 2800/5004: loss=3.479564
  step 2900/5004: loss=3.105984
  step 3000/5004: loss=3.188682
  step 3100/5004: loss=3.192271
  step 3200/5004: loss=2.042544
  step 3300/5004: loss=3.056934
  step 3400/5004: loss=3.512241
  step 3500/5004: loss=3.341701
  step 3600/5004: loss=2.873432
  step 3700/5004: loss=3.294839
  step 3800/5004: loss=3.674798
  step 3900/5004: loss=2.156882
  step 4000/5004: loss=3.405595
  step 4100/5004: loss=2.493323
  step 4200/5004: loss=2.037894
  step 4300/5004: loss=2.374019
  step 4400/5004: loss=2.779011
  step 4500/5004: loss=2.696642
  step 4600/5004: loss=2.263776
  step 4700/5004: loss=3.118763
  step 4800/5004: loss=3.710047
  step 4900/5004: loss=2.939024
  step 5000/5004: loss=3.646104
[pjrt_ffi] RESIDENT: @convnextin_fwd holds 182 parameter tensors (109.1 MB) on 4 devices; they stop crossing PCIe from here
Epoch 253/300: loss=2.933531 lr=0.000017
  epoch 253: test_acc = 40456/50000 = 80.912000%  top5 = 47678/50000 = 95.356000%  [95% CI 80.57–81.25]
  step 0/5004: loss=3.028545
  step 1/5004: loss=3.336085
  step 2/5004: loss=3.047143
  step 100/5004: loss=2.196591
  step 200/5004: loss=2.905748
  step 300/5004: loss=3.700160
  step 400/5004: loss=3.342600
  step 500/5004: loss=3.752748
  step 600/5004: loss=2.722131
  step 700/5004: loss=3.386417
  step 800/5004: loss=3.406499
  step 900/5004: loss=3.733551
  step 1000/5004: loss=2.400992
  step 1100/5004: loss=2.276206
  step 1200/5004: loss=2.998750
  step 1300/5004: loss=2.305269
  step 1400/5004: loss=3.287963
  step 1500/5004: loss=3.464458
  step 1600/5004: loss=2.839585
  step 1700/5004: loss=1.926109
  step 1800/5004: loss=3.252261
  step 1900/5004: loss=3.802779
  step 2000/5004: loss=2.543969
  step 2100/5004: loss=3.106683
  step 2200/5004: loss=2.680531
  step 2300/5004: loss=3.229952
  step 2400/5004: loss=3.576476
  step 2500/5004: loss=2.529112
  step 2600/5004: loss=3.286849
  step 2700/5004: loss=3.327425
  step 2800/5004: loss=3.439714
  step 2900/5004: loss=1.739091
  step 3000/5004: loss=2.296275
  step 3100/5004: loss=3.386551
  step 3200/5004: loss=2.572815
  step 3300/5004: loss=2.798195
  step 3400/5004: loss=2.651848
  step 3500/5004: loss=2.943572
  step 3600/5004: loss=2.564702
  step 3700/5004: loss=3.156239
  step 3800/5004: loss=1.813162
  step 3900/5004: loss=3.702415
  step 4000/5004: loss=2.619420
  step 4100/5004: loss=3.891836
  step 4200/5004: loss=3.290482
  step 4300/5004: loss=3.421884
  step 4400/5004: loss=3.299527
  step 4500/5004: loss=3.476419
  step 4600/5004: loss=3.144582
  step 4700/5004: loss=1.944598
  step 4800/5004: loss=3.051945
  step 4900/5004: loss=2.121001
  step 5000/5004: loss=2.450592
[pjrt_ffi] RESIDENT: @convnextin_fwd holds 182 parameter tensors (109.1 MB) on 4 devices; they stop crossing PCIe from here
Epoch 254/300: loss=2.942917 lr=0.000016
  epoch 254: test_acc = 40486/50000 = 80.972000%  top5 = 47706/50000 = 95.412000%  [95% CI 80.63–81.31]
  step 0/5004: loss=2.652307
  step 1/5004: loss=3.140170
  step 2/5004: loss=3.330841
  step 100/5004: loss=3.633961
  step 200/5004: loss=3.588493
  step 300/5004: loss=2.905898
  step 400/5004: loss=3.257607
  step 500/5004: loss=3.084146
  step 600/5004: loss=3.780768
  step 700/5004: loss=3.146940
  step 800/5004: loss=3.609005
  step 900/5004: loss=2.934595
  step 1000/5004: loss=3.549289
  step 1100/5004: loss=2.803231
  step 1200/5004: loss=3.459005
  step 1300/5004: loss=2.456203
  step 1400/5004: loss=2.574081
  step 1500/5004: loss=3.448602
  step 1600/5004: loss=2.886374
  step 1700/5004: loss=2.076048
  step 1800/5004: loss=3.018471
  step 1900/5004: loss=2.389004
  step 2000/5004: loss=1.955978
  step 2100/5004: loss=3.195915
  step 2200/5004: loss=1.504292
  step 2300/5004: loss=3.406993
  step 2400/5004: loss=2.405939
  step 2500/5004: loss=3.032042
  step 2600/5004: loss=1.965524
  step 2700/5004: loss=3.586930
  step 2800/5004: loss=3.916172
  step 2900/5004: loss=3.144576
  step 3000/5004: loss=3.006203
  step 3100/5004: loss=2.452184
  step 3200/5004: loss=2.321626
  step 3300/5004: loss=2.896375
  step 3400/5004: loss=1.729766
  step 3500/5004: loss=3.091213
  step 3600/5004: loss=2.671397
  step 3700/5004: loss=2.416723
  step 3800/5004: loss=3.908428
  step 3900/5004: loss=3.046810
  step 4000/5004: loss=2.706357
  step 4100/5004: loss=2.654251
  step 4200/5004: loss=2.150814
  step 4300/5004: loss=2.861694
  step 4400/5004: loss=3.450597
  step 4500/5004: loss=3.073238
  step 4600/5004: loss=3.204193
  step 4700/5004: loss=3.192215
  step 4800/5004: loss=3.159991
  step 4900/5004: loss=3.230334
  step 5000/5004: loss=3.356742
[pjrt_ffi] RESIDENT: @convnextin_fwd holds 182 parameter tensors (109.1 MB) on 4 devices; they stop crossing PCIe from here
Epoch 255/300: loss=2.944123 lr=0.000016
  epoch 255: test_acc = 40424/50000 = 80.848000%  top5 = 47679/50000 = 95.358000%  [95% CI 80.50–81.19]
  step 0/5004: loss=3.316544
  step 1/5004: loss=3.379979
  step 2/5004: loss=2.882822
  step 100/5004: loss=3.489518
  step 200/5004: loss=3.191977
  step 300/5004: loss=3.655641
  step 400/5004: loss=3.077707
  step 500/5004: loss=3.300957
  step 600/5004: loss=2.556965
  step 700/5004: loss=3.538193
  step 800/5004: loss=2.345019
  step 900/5004: loss=3.498706
  step 1000/5004: loss=2.045664
  step 1100/5004: loss=3.469027
  step 1200/5004: loss=2.978359
  step 1300/5004: loss=3.880262
  step 1400/5004: loss=3.021782
  step 1500/5004: loss=3.754027
  step 1600/5004: loss=3.430636
  step 1700/5004: loss=3.387848
  step 1800/5004: loss=2.199633
  step 1900/5004: loss=2.025228
  step 2000/5004: loss=2.729335
  step 2100/5004: loss=3.608968
  step 2200/5004: loss=3.156654
  step 2300/5004: loss=3.579487
  step 2400/5004: loss=3.132763
  step 2500/5004: loss=2.774640
  step 2600/5004: loss=3.145578
  step 2700/5004: loss=3.666072
  step 2800/5004: loss=1.968114
  step 2900/5004: loss=2.726087
  step 3000/5004: loss=2.042704
  step 3100/5004: loss=3.450741
  step 3200/5004: loss=2.093932
  step 3300/5004: loss=3.938699
  step 3400/5004: loss=2.163036
  step 3500/5004: loss=2.140056
  step 3600/5004: loss=2.696100
  step 3700/5004: loss=3.688335
  step 3800/5004: loss=3.472055
  step 3900/5004: loss=2.707948
  step 4000/5004: loss=3.119867
  step 4100/5004: loss=2.948583
  step 4200/5004: loss=2.378567
  step 4300/5004: loss=2.614622
  step 4400/5004: loss=3.180192
  step 4500/5004: loss=1.955723
  step 4600/5004: loss=3.384329
  step 4700/5004: loss=2.275185
  step 4800/5004: loss=2.794786
  step 4900/5004: loss=3.460288
  step 5000/5004: loss=2.206940
[pjrt_ffi] RESIDENT: @convnextin_fwd holds 182 parameter tensors (109.1 MB) on 4 devices; they stop crossing PCIe from here
Epoch 256/300: loss=2.923300 lr=0.000015
  epoch 256: test_acc = 40500/50000 = 81.000000%  top5 = 47705/50000 = 95.410000%  [95% CI 80.65–81.34]
  step 0/5004: loss=2.263784
  step 1/5004: loss=3.608355
  step 2/5004: loss=2.213585
  step 100/5004: loss=2.472665
  step 200/5004: loss=3.788555
  step 300/5004: loss=3.091771
  step 400/5004: loss=2.191263
  step 500/5004: loss=3.283376
  step 600/5004: loss=3.550059
  step 700/5004: loss=2.727749
  step 800/5004: loss=2.279607
  step 900/5004: loss=2.645773
  step 1000/5004: loss=3.561245
  step 1100/5004: loss=3.185328
  step 1200/5004: loss=2.812039
  step 1300/5004: loss=3.203689
  step 1400/5004: loss=2.107995
  step 1500/5004: loss=3.276207
  step 1600/5004: loss=3.303727
  step 1700/5004: loss=3.186519
  step 1800/5004: loss=3.000887
  step 1900/5004: loss=2.979313
  step 2000/5004: loss=2.436777
  step 2100/5004: loss=3.191102
  step 2200/5004: loss=2.727455
  step 2300/5004: loss=3.047655
  step 2400/5004: loss=3.313850
  step 2500/5004: loss=3.262461
  step 2600/5004: loss=3.598304
  step 2700/5004: loss=3.354219
  step 2800/5004: loss=3.381213
  step 2900/5004: loss=2.987535
  step 3000/5004: loss=3.600513
  step 3100/5004: loss=2.982050
  step 3200/5004: loss=3.194953
  step 3300/5004: loss=3.273175
  step 3400/5004: loss=2.868864
  step 3500/5004: loss=3.224771
  step 3600/5004: loss=3.383601
  step 3700/5004: loss=2.902267
  step 3800/5004: loss=1.943301
  step 3900/5004: loss=2.960148
  step 4000/5004: loss=3.746450
  step 4100/5004: loss=3.455809
  step 4200/5004: loss=2.977319
  step 4300/5004: loss=2.958005
  step 4400/5004: loss=3.050894
  step 4500/5004: loss=2.803999
  step 4600/5004: loss=3.118837
  step 4700/5004: loss=2.812426
  step 4800/5004: loss=3.273429
  step 4900/5004: loss=3.233405
  step 5000/5004: loss=3.559869
[pjrt_ffi] RESIDENT: @convnextin_fwd holds 182 parameter tensors (109.1 MB) on 4 devices; they stop crossing PCIe from here
Epoch 257/300: loss=2.915786 lr=0.000014
  epoch 257: test_acc = 40486/50000 = 80.972000%  top5 = 47737/50000 = 95.474000%  [95% CI 80.63–81.31]
  step 0/5004: loss=2.730118
  step 1/5004: loss=3.147413
  step 2/5004: loss=3.168851
  step 100/5004: loss=3.152999
  step 200/5004: loss=3.165523
  step 300/5004: loss=3.631200
  step 400/5004: loss=2.921361
  step 500/5004: loss=2.551588
  step 600/5004: loss=3.461939
  step 700/5004: loss=3.642454
  step 800/5004: loss=3.230394
  step 900/5004: loss=2.300042
  step 1000/5004: loss=2.613899
  step 1100/5004: loss=1.672042
  step 1200/5004: loss=3.312662
  step 1300/5004: loss=3.656781
  step 1400/5004: loss=3.104363
  step 1500/5004: loss=3.344291
  step 1600/5004: loss=3.373747
  step 1700/5004: loss=3.239658
  step 1800/5004: loss=2.236516
  step 1900/5004: loss=3.193304
  step 2000/5004: loss=3.043496
  step 2100/5004: loss=3.240579
  step 2200/5004: loss=3.346578
  step 2300/5004: loss=2.564451
  step 2400/5004: loss=3.141634
  step 2500/5004: loss=3.849188
  step 2600/5004: loss=3.187981
  step 2700/5004: loss=3.201702
  step 2800/5004: loss=3.491102
  step 2900/5004: loss=3.640686
  step 3000/5004: loss=2.963886
  step 3100/5004: loss=2.680315
  step 3200/5004: loss=2.931903
  step 3300/5004: loss=1.891394
  step 3400/5004: loss=2.922515
  step 3500/5004: loss=3.727456
  step 3600/5004: loss=3.484229
  step 3700/5004: loss=2.718613
  step 3800/5004: loss=2.449707
  step 3900/5004: loss=3.207250
  step 4000/5004: loss=2.327554
  step 4100/5004: loss=2.199559
  step 4200/5004: loss=2.353639
  step 4300/5004: loss=3.665180
  step 4400/5004: loss=3.016089
  step 4500/5004: loss=3.615634
  step 4600/5004: loss=3.079744
  step 4700/5004: loss=1.940590
  step 4800/5004: loss=3.025755
  step 4900/5004: loss=2.158246
  step 5000/5004: loss=3.327604
[pjrt_ffi] RESIDENT: @convnextin_fwd holds 182 parameter tensors (109.1 MB) on 4 devices; they stop crossing PCIe from here
Epoch 258/300: loss=2.913721 lr=0.000014
  epoch 258: test_acc = 40484/50000 = 80.968000%  top5 = 47743/50000 = 95.486000%  [95% CI 80.62–81.31]
  step 0/5004: loss=3.452562
  step 1/5004: loss=2.356860
  step 2/5004: loss=2.663940
  step 100/5004: loss=3.140433
  step 200/5004: loss=2.534028
  step 300/5004: loss=2.798369
  step 400/5004: loss=1.565621
  step 500/5004: loss=3.306610
  step 600/5004: loss=3.599919
  step 700/5004: loss=2.890537
  step 800/5004: loss=1.647814
  step 900/5004: loss=3.124041
  step 1000/5004: loss=2.533772
  step 1100/5004: loss=3.113491
  step 1200/5004: loss=3.374475
  step 1300/5004: loss=2.928717
  step 1400/5004: loss=2.450311
  step 1500/5004: loss=2.164488
  step 1600/5004: loss=3.100611
  step 1700/5004: loss=3.255867
  step 1800/5004: loss=3.477721
  step 1900/5004: loss=3.252630
  step 2000/5004: loss=3.696079
  step 2100/5004: loss=3.164777
  step 2200/5004: loss=2.948315
  step 2300/5004: loss=2.523468
  step 2400/5004: loss=2.000862
  step 2500/5004: loss=2.381322
  step 2600/5004: loss=1.758851
  step 2700/5004: loss=2.522668
  step 2800/5004: loss=2.361945
  step 2900/5004: loss=2.848982
  step 3000/5004: loss=3.532111
  step 3100/5004: loss=2.206392
  step 3200/5004: loss=3.570519
  step 3300/5004: loss=2.385991
  step 3400/5004: loss=3.650904
  step 3500/5004: loss=3.414002
  step 3600/5004: loss=3.512937
  step 3700/5004: loss=2.532757
  step 3800/5004: loss=3.369286
  step 3900/5004: loss=3.180878
  step 4000/5004: loss=2.001961
  step 4100/5004: loss=3.556581
  step 4200/5004: loss=2.315040
  step 4300/5004: loss=2.225454
  step 4400/5004: loss=3.382073
  step 4500/5004: loss=3.088042
  step 4600/5004: loss=2.214607
  step 4700/5004: loss=1.712775
  step 4800/5004: loss=3.426000
  step 4900/5004: loss=3.031856
  step 5000/5004: loss=2.004457
[pjrt_ffi] RESIDENT: @convnextin_fwd holds 182 parameter tensors (109.1 MB) on 4 devices; they stop crossing PCIe from here
Epoch 259/300: loss=2.910179 lr=0.000013
  epoch 259: test_acc = 40562/50000 = 81.124000%  top5 = 47734/50000 = 95.468000%  [95% CI 80.78–81.46]
  step 0/5004: loss=3.114609
  step 1/5004: loss=3.360094
  step 2/5004: loss=3.286658
  step 100/5004: loss=3.515493
  step 200/5004: loss=2.246515
  step 300/5004: loss=3.252669
  step 400/5004: loss=3.222936
  step 500/5004: loss=3.150154
  step 600/5004: loss=3.085153
  step 700/5004: loss=3.578749
  step 800/5004: loss=3.264096
  step 900/5004: loss=2.705780
  step 1000/5004: loss=2.870199
  step 1100/5004: loss=1.755802
  step 1200/5004: loss=2.997070
  step 1300/5004: loss=2.738261
  step 1400/5004: loss=3.257041
  step 1500/5004: loss=3.394749
  step 1600/5004: loss=3.054157
  step 1700/5004: loss=2.919755
  step 1800/5004: loss=2.398287
  step 1900/5004: loss=3.110994
  step 2000/5004: loss=2.582856
  step 2100/5004: loss=2.021190
  step 2200/5004: loss=2.884391
  step 2300/5004: loss=3.675163
  step 2400/5004: loss=2.667926
  step 2500/5004: loss=1.892117
  step 2600/5004: loss=2.704099
  step 2700/5004: loss=3.969322
  step 2800/5004: loss=2.869489
  step 2900/5004: loss=2.546530
  step 3000/5004: loss=2.770148
  step 3100/5004: loss=2.566597
  step 3200/5004: loss=2.123019
  step 3300/5004: loss=2.461449
  step 3400/5004: loss=3.044156
  step 3500/5004: loss=2.722725
  step 3600/5004: loss=2.341619
  step 3700/5004: loss=3.645892
  step 3800/5004: loss=2.941792
  step 3900/5004: loss=1.949741
  step 4000/5004: loss=2.394011
  step 4100/5004: loss=2.632281
  step 4200/5004: loss=2.540289
  step 4300/5004: loss=2.872523
  step 4400/5004: loss=2.490415
  step 4500/5004: loss=3.597872
  step 4600/5004: loss=3.191849
  step 4700/5004: loss=2.367463
  step 4800/5004: loss=3.152503
  step 4900/5004: loss=3.352974
  step 5000/5004: loss=1.927226
[pjrt_ffi] RESIDENT: @convnextin_fwd holds 182 parameter tensors (109.1 MB) on 4 devices; they stop crossing PCIe from here
Epoch 260/300: loss=2.904910 lr=0.000012
  epoch 260: test_acc = 40515/50000 = 81.030000%  top5 = 47714/50000 = 95.428000%  [95% CI 80.68–81.37]
WARNING: All log messages before absl::InitializeLog() is called are written to STDERR
I0000 00:00:1790026550.164897 1077183 port.cc:153] oneDNN custom operations are on. You may see slightly different numerical results due to floating-point round-off errors from different computation orders. To turn them off, set the environment variable `TF_ENABLE_ONEDNN_OPTS=0`.
I0000 00:00:1790026550.389798 1077183 cpu_feature_guard.cc:227] This TensorFlow binary is optimized to use available CPU instructions in performance-critical operations.
To enable the following instructions: AVX2 AVX512F AVX512_VNNI AVX512_BF16 AVX512_FP16 AVX_VNNI AMX_TILE AMX_INT8 AMX_BF16 FMA, in other operations, rebuild TensorFlow with the appropriate compiler flags.
WARNING: All log messages before absl::InitializeLog() is called are written to STDERR
I0000 00:00:1790026552.186459 1077183 port.cc:153] oneDNN custom operations are on. You may see slightly different numerical results due to floating-point round-off errors from different computation orders. To turn them off, set the environment variable `TF_ENABLE_ONEDNN_OPTS=0`.
  imagenet shim: jax/.lake/build/generated_convnext_tiny_imagenet_shim.py — train split, batch 256, 150528 floats/img (seed 106), wire v4 soft targets [256x1000]
  ▸ shim respawn: producer 1 of 4 replaced after epoch 260 (generation 26, seed 106)
  step 0/5004: loss=3.484690
I0000 00:00:1790026554.694405 1077339 tf_record_dataset_op.cc:396] The default buffer size is 262144, which is overridden by the user specified `buffer_size` of 8388608
  step 1/5004: loss=1.940047
  step 2/5004: loss=1.613820
  step 100/5004: loss=3.247490
  step 200/5004: loss=1.826872
  step 300/5004: loss=2.998326
  step 400/5004: loss=3.152529
  step 500/5004: loss=2.983446
  step 600/5004: loss=1.679270
  step 700/5004: loss=3.426806
  step 800/5004: loss=2.302348
  step 900/5004: loss=2.893081
  step 1000/5004: loss=2.892595
  step 1100/5004: loss=2.449573
  step 1200/5004: loss=3.420419
  step 1300/5004: loss=3.359787
  step 1400/5004: loss=3.501649
  step 1500/5004: loss=3.268378
  step 1600/5004: loss=3.594141
  step 1700/5004: loss=2.358618
  step 1800/5004: loss=1.889357
  step 1900/5004: loss=1.883772
  step 2000/5004: loss=3.614207
  step 2100/5004: loss=2.531006
  step 2200/5004: loss=3.253773
  step 2300/5004: loss=3.280991
  step 2400/5004: loss=2.221090
  step 2500/5004: loss=3.333137
  step 2600/5004: loss=3.091397
  step 2700/5004: loss=2.751901
  step 2800/5004: loss=2.625041
  step 2900/5004: loss=1.992501
  step 3000/5004: loss=3.374462
  step 3100/5004: loss=3.005480
  step 3200/5004: loss=2.179526
  step 3300/5004: loss=3.182813
  step 3400/5004: loss=3.445146
  step 3500/5004: loss=2.867616
  step 3600/5004: loss=3.371882
  step 3700/5004: loss=3.163235
  step 3800/5004: loss=2.313164
  step 3900/5004: loss=3.231173
  step 4000/5004: loss=2.993168
  step 4100/5004: loss=3.046157
  step 4200/5004: loss=2.771712
  step 4300/5004: loss=3.131759
  step 4400/5004: loss=2.156007
  step 4500/5004: loss=3.363734
  step 4600/5004: loss=3.650365
  step 4700/5004: loss=3.328522
  step 4800/5004: loss=2.180525
  step 4900/5004: loss=2.676872
  step 5000/5004: loss=3.738369
[pjrt_ffi] RESIDENT: @convnextin_fwd holds 182 parameter tensors (109.1 MB) on 4 devices; they stop crossing PCIe from here
Epoch 261/300: loss=2.910023 lr=0.000012
  epoch 261: test_acc = 40570/50000 = 81.140000%  top5 = 47707/50000 = 95.414000%  [95% CI 80.79–81.48]
  step 0/5004: loss=3.009433
  step 1/5004: loss=3.154226
  step 2/5004: loss=2.545528
  step 100/5004: loss=2.155443
  step 200/5004: loss=2.611545
  step 300/5004: loss=3.277443
  step 400/5004: loss=3.375626
  step 500/5004: loss=1.643673
  step 600/5004: loss=2.428262
  step 700/5004: loss=2.118073
  step 800/5004: loss=2.909376
  step 900/5004: loss=3.200838
  step 1000/5004: loss=3.282473
  step 1100/5004: loss=2.379271
  step 1200/5004: loss=2.072825
  step 1300/5004: loss=3.478351
  step 1400/5004: loss=2.666704
  step 1500/5004: loss=3.494402
  step 1600/5004: loss=3.267000
  step 1700/5004: loss=3.296355
  step 1800/5004: loss=1.524476
  step 1900/5004: loss=3.024537
  step 2000/5004: loss=2.648694
  step 2100/5004: loss=3.777813
  step 2200/5004: loss=2.560142
  step 2300/5004: loss=3.417827
  step 2400/5004: loss=3.597382
  step 2500/5004: loss=2.969548
  step 2600/5004: loss=2.881582
  step 2700/5004: loss=1.724602
  step 2800/5004: loss=2.999890
  step 2900/5004: loss=3.731365
  step 3000/5004: loss=2.613304
  step 3100/5004: loss=2.493822
  step 3200/5004: loss=3.225467
  step 3300/5004: loss=2.367399
  step 3400/5004: loss=2.624709
  step 3500/5004: loss=2.636944
  step 3600/5004: loss=2.790135
  step 3700/5004: loss=3.128067
  step 3800/5004: loss=3.473828
  step 3900/5004: loss=3.284864
  step 4000/5004: loss=3.186479
  step 4100/5004: loss=2.453429
  step 4200/5004: loss=2.707873
  step 4300/5004: loss=2.901051
  step 4400/5004: loss=2.047052
  step 4500/5004: loss=2.559423
  step 4600/5004: loss=3.121879
  step 4700/5004: loss=2.484073
  step 4800/5004: loss=2.827935
  step 4900/5004: loss=2.221028
  step 5000/5004: loss=3.446553
[pjrt_ffi] RESIDENT: @convnextin_fwd holds 182 parameter tensors (109.1 MB) on 4 devices; they stop crossing PCIe from here
Epoch 262/300: loss=2.902400 lr=0.000011
  epoch 262: test_acc = 40552/50000 = 81.104000%  top5 = 47701/50000 = 95.402000%  [95% CI 80.76–81.44]
  step 0/5004: loss=2.064374
  step 1/5004: loss=3.622557
  step 2/5004: loss=3.545872
  step 100/5004: loss=3.159944
  step 200/5004: loss=3.863762
  step 300/5004: loss=2.657284
  step 400/5004: loss=2.850126
  step 500/5004: loss=2.668219
  step 600/5004: loss=3.686687
  step 700/5004: loss=2.912355
  step 800/5004: loss=2.366457
  step 900/5004: loss=2.505651
  step 1000/5004: loss=2.251327
  step 1100/5004: loss=2.074634
  step 1200/5004: loss=3.469200
  step 1300/5004: loss=3.241130
  step 1400/5004: loss=3.546289
  step 1500/5004: loss=3.224339
  step 1600/5004: loss=2.214018
  step 1700/5004: loss=2.920220
  step 1800/5004: loss=3.350294
  step 1900/5004: loss=2.478400
  step 2000/5004: loss=3.494232
  step 2100/5004: loss=3.359593
  step 2200/5004: loss=3.498726
  step 2300/5004: loss=2.374365
  step 2400/5004: loss=2.820411
  step 2500/5004: loss=3.131125
  step 2600/5004: loss=3.020429
  step 2700/5004: loss=3.252386
  step 2800/5004: loss=1.898786
  step 2900/5004: loss=1.771897
  step 3000/5004: loss=2.103267
  step 3100/5004: loss=2.957728
  step 3200/5004: loss=3.524796
  step 3300/5004: loss=2.089602
  step 3400/5004: loss=3.128009
  step 3500/5004: loss=3.324561
  step 3600/5004: loss=2.786395
  step 3700/5004: loss=3.600633
  step 3800/5004: loss=2.292706
  step 3900/5004: loss=2.413471
  step 4000/5004: loss=3.601170
  step 4100/5004: loss=3.190113
  step 4200/5004: loss=3.560727
  step 4300/5004: loss=3.226968
  step 4400/5004: loss=3.704756
  step 4500/5004: loss=3.013962
  step 4600/5004: loss=2.647192
  step 4700/5004: loss=3.398256
  step 4800/5004: loss=3.351560
  step 4900/5004: loss=3.043602
  step 5000/5004: loss=1.968927
[pjrt_ffi] RESIDENT: @convnextin_fwd holds 182 parameter tensors (109.1 MB) on 4 devices; they stop crossing PCIe from here
Epoch 263/300: loss=2.901374 lr=0.000011
  epoch 263: test_acc = 40552/50000 = 81.104000%  top5 = 47754/50000 = 95.508000%  [95% CI 80.76–81.44]
  step 0/5004: loss=2.996086
  step 1/5004: loss=2.960922
  step 2/5004: loss=2.996143
  step 100/5004: loss=1.692025
  step 200/5004: loss=3.409806
  step 300/5004: loss=1.879831
  step 400/5004: loss=2.921266
  step 500/5004: loss=2.226355
  step 600/5004: loss=2.822893
  step 700/5004: loss=3.061896
  step 800/5004: loss=3.217745
  step 900/5004: loss=3.080553
  step 1000/5004: loss=2.988788
  step 1100/5004: loss=2.152485
  step 1200/5004: loss=2.943357
  step 1300/5004: loss=3.510204
  step 1400/5004: loss=2.565020
  step 1500/5004: loss=1.784531
  step 1600/5004: loss=3.433453
  step 1700/5004: loss=1.990699
  step 1800/5004: loss=1.960168
  step 1900/5004: loss=2.520125
  step 2000/5004: loss=2.450677
  step 2100/5004: loss=3.012158
  step 2200/5004: loss=3.432476
  step 2300/5004: loss=2.615308
  step 2400/5004: loss=3.175036
  step 2500/5004: loss=3.290096
                                ===== 2026-09-22 01:54:23 attempt 1 (from epoch 263) =====
I0922 01:54:23.904526   25151 service.cc:154] XLA service 0x737b44052930 initialized for platform CUDA (this does not guarantee that XLA will be used). Devices:
I0922 01:54:23.904550   25151 service.cc:170]   StreamExecutor [0]: NVIDIA GeForce RTX 3060, Compute Capability 8.6 (Driver: 13.3.0[610.57.4]; Runtime: 13.3.0; Toolkit: 13.0.0; DNN: 9.24.0)
I0922 01:54:23.904553   25151 service.cc:170]   StreamExecutor [1]: NVIDIA GeForce RTX 3060, Compute Capability 8.6 (Driver: 13.3.0[610.57.4]; Runtime: 13.3.0; Toolkit: 13.0.0; DNN: 9.24.0)
I0922 01:54:23.904554   25151 service.cc:170]   StreamExecutor [2]: NVIDIA GeForce RTX 3060, Compute Capability 8.6 (Driver: 13.3.0[610.57.4]; Runtime: 13.3.0; Toolkit: 13.0.0; DNN: 9.24.0)
I0922 01:54:23.904556   25151 service.cc:170]   StreamExecutor [3]: NVIDIA GeForce RTX 3060, Compute Capability 8.6 (Driver: 13.3.0[610.57.4]; Runtime: 13.3.0; Toolkit: 13.0.0; DNN: 9.24.0)
I0922 01:54:23.906469   25151 se_gpu_pjrt_client.cc:1450] Using BFC allocator.
I0922 01:54:23.906514   25151 gpu_helpers.cc:162] XLA backend allocating 8.72GiB (9365880832 bytes) on device 0 for BFCAllocator.
I0922 01:54:23.906547   25151 gpu_helpers.cc:162] XLA backend allocating 8.72GiB (9365880832 bytes) on device 1 for BFCAllocator.
I0922 01:54:23.906555   25151 gpu_helpers.cc:162] XLA backend allocating 8.72GiB (9365880832 bytes) on device 2 for BFCAllocator.
I0922 01:54:23.906564   25151 gpu_helpers.cc:162] XLA backend allocating 8.72GiB (9365880832 bytes) on device 3 for BFCAllocator.
[pjrt_ffi] XLA backend: PJRT 0.114, 4 device(s)
[pjrt_ffi] command buffers: enabled (CUDA default)
I0922 01:54:24.003591   25151 se_gpu_pjrt_compiler.cc:382] Found GPU target config and a PjRtClient with matching configuration. Performing a JIT compilation.
I0922 01:54:29.986217   25151 cuda_dnn.cc:442] Loaded cuDNN version 92400
W0922 01:54:31.343715   25216 cuda_timer.cc:88] Delay kernel timed out: measured time has sub-optimal accuracy. There may be a missing warmup execution, please investigate in Nsight Systems.
W0922 01:54:32.385661   25222 cuda_timer.cc:88] Delay kernel timed out: measured time has sub-optimal accuracy. There may be a missing warmup execution, please investigate in Nsight Systems.
W0922 01:54:33.225703   25222 cuda_timer.cc:88] Delay kernel timed out: measured time has sub-optimal accuracy. There may be a missing warmup execution, please investigate in Nsight Systems.
I0922 01:54:34.149579   25227 subprocess_compilation.cc:349] ptxas warning : Registers are spilled to local memory in function 'gemm_fusion_dot', 804 bytes spill stores, 548 bytes spill loads

I0922 01:54:34.575466   25227 subprocess_compilation.cc:349] ptxas warning : Registers are spilled to local memory in function 'gemm_fusion_dot_1', 124 bytes spill stores, 72 bytes spill loads

I0922 01:54:36.838975   25220 subprocess_compilation.cc:349] ptxas warning : Registers are spilled to local memory in function 'gemm_fusion_dot', 128 bytes spill stores, 128 bytes spill loads

I0922 01:54:45.405390   25225 subprocess_compilation.cc:349] ptxas warning : Registers are spilled to local memory in function 'fusion_1023', 8 bytes spill stores, 8 bytes spill loads

I0922 01:54:45.699677   25213 subprocess_compilation.cc:349] ptxas warning : Registers are spilled to local memory in function 'fusion_443', 88 bytes spill stores, 88 bytes spill loads

[pjrt_ffi] compiled verified_mlir/convnextin_adamdpwxclipdropbf16_train_step.mlir (@convnextin_adamdpwxclipdropbf16_train_step, 567 outputs, 4 replicas) in 22138 ms
W0922 01:54:46.383154   25232 cuda_timer.cc:88] Delay kernel timed out: measured time has sub-optimal accuracy. There may be a missing warmup execution, please investigate in Nsight Systems.
W0922 01:54:47.672522   25213 cuda_timer.cc:88] Delay kernel timed out: measured time has sub-optimal accuracy. There may be a missing warmup execution, please investigate in Nsight Systems.
[pjrt_ffi] compiled verified_mlir/convnextin_fwd.mlir (@convnextin_fwd, 1 outputs, 4 replicas, SHARDED — outputs gathered from every replica) in 3419 ms
WARNING: All log messages before absl::InitializeLog() is called are written to STDERR
I0000 00:00:1790042089.730184   26462 port.cc:153] oneDNN custom operations are on. You may see slightly different numerical results due to floating-point round-off errors from different computation orders. To turn them off, set the environment variable `TF_ENABLE_ONEDNN_OPTS=0`.
I0000 00:00:1790042089.756676   26462 cpu_feature_guard.cc:227] This TensorFlow binary is optimized to use available CPU instructions in performance-critical operations.
To enable the following instructions: AVX2 AVX512F AVX512_VNNI AVX512_BF16 AVX512_FP16 AVX_VNNI AMX_TILE AMX_INT8 AMX_BF16 FMA, in other operations, rebuild TensorFlow with the appropriate compiler flags.
WARNING: All log messages before absl::InitializeLog() is called are written to STDERR
I0000 00:00:1790042090.785517   26462 port.cc:153] oneDNN custom operations are on. You may see slightly different numerical results due to floating-point round-off errors from different computation orders. To turn them off, set the environment variable `TF_ENABLE_ONEDNN_OPTS=0`.
I0000 00:00:1790042091.347222   26564 tf_record_dataset_op.cc:396] The default buffer size is 262144, which is overridden by the user specified `buffer_size` of 8388608
ConvNeXt-T on full 1000-class ImageNet via the VERIFIED renderer → XLA/PJRT → GPU, with the tfds batch shim supplying the same augmentation the Lean→JAX reference trainer uses
  xla/pjrt verified_mlir/convnextin_adamdpwxclipdropbf16_train_step.mlir
  xla/pjrt verified_mlir/convnextin_fwd.mlir  (eval, SHARDED over 4 replicas)
  imagenet shim: jax/.lake/build/generated_convnext_tiny_imagenet_shim.py — validation split, batch 256, 150528 floats/img (seed 0)
  imagenet: draining the val split into RAM (~30 GB, one time)…
  imagenet: val ready — 50000 images, 28710 MB
  ▸ val = all 50,000 (timm's denominator; drop_remainder=False on the val split)
  train 1281167, test 50000; bs 64, ConvNeXt-T (ImageNet-1k) adamdpwxclipdropbf16 (cosine+warmup 20ep, baseLR 0.000250), He init
  ▸ STOCHASTIC DEPTH: 18 drop sites, keeps #[1.000000, 0.994000, 0.988000, 0.982000, 0.976000, 0.971000, 0.965000, 0.959000, 0.953000, 0.947000, 0.941000, 0.935000, 0.929000, 0.924000, 0.918000, 0.912000, 0.906000, 0.900000] — host-drawn per step, 1/keep folded in, NOT on the resident path. Eval is the identity (drop-free forward).
  DATA-PARALLEL: 4 replicas x bs 64 = global batch 256, 5004 steps/epoch
  EVAL SHARDED: 4 replicas x 64 = 256 test images per invoke, 196 invokes, last one 80 real + 176 pad
  ▸ INIT: ConvNeXt _init_weights (σ=0.02 on every conv AND the head; biases 0, LN γ 1, LayerScale γ 1e-6)
  ▸ resuming from checkpoint at epoch 263
WARNING: All log messages before absl::InitializeLog() is called are written to STDERR
I0000 00:00:1790042129.754455   26833 port.cc:153] oneDNN custom operations are on. You may see slightly different numerical results due to floating-point round-off errors from different computation orders. To turn them off, set the environment variable `TF_ENABLE_ONEDNN_OPTS=0`.
I0000 00:00:1790042129.780518   26833 cpu_feature_guard.cc:227] This TensorFlow binary is optimized to use available CPU instructions in performance-critical operations.
To enable the following instructions: AVX2 AVX512F AVX512_VNNI AVX512_BF16 AVX512_FP16 AVX_VNNI AMX_TILE AMX_INT8 AMX_BF16 FMA, in other operations, rebuild TensorFlow with the appropriate compiler flags.
WARNING: All log messages before absl::InitializeLog() is called are written to STDERR
I0000 00:00:1790042130.821520   26833 port.cc:153] oneDNN custom operations are on. You may see slightly different numerical results due to floating-point round-off errors from different computation orders. To turn them off, set the environment variable `TF_ENABLE_ONEDNN_OPTS=0`.
WARNING: All log messages before absl::InitializeLog() is called are written to STDERR
I0000 00:00:1790042132.709404   26918 port.cc:153] oneDNN custom operations are on. You may see slightly different numerical results due to floating-point round-off errors from different computation orders. To turn them off, set the environment variable `TF_ENABLE_ONEDNN_OPTS=0`.
I0000 00:00:1790042132.735068   26918 cpu_feature_guard.cc:227] This TensorFlow binary is optimized to use available CPU instructions in performance-critical operations.
To enable the following instructions: AVX2 AVX512F AVX512_VNNI AVX512_BF16 AVX512_FP16 AVX_VNNI AMX_TILE AMX_INT8 AMX_BF16 FMA, in other operations, rebuild TensorFlow with the appropriate compiler flags.
I0000 00:00:1790042132.911078   26946 tf_record_dataset_op.cc:396] The default buffer size is 262144, which is overridden by the user specified `buffer_size` of 8388608
WARNING: All log messages before absl::InitializeLog() is called are written to STDERR
I0000 00:00:1790042134.187101   26918 port.cc:153] oneDNN custom operations are on. You may see slightly different numerical results due to floating-point round-off errors from different computation orders. To turn them off, set the environment variable `TF_ENABLE_ONEDNN_OPTS=0`.
WARNING: All log messages before absl::InitializeLog() is called are written to STDERR
I0000 00:00:1790042136.272439   27115 port.cc:153] oneDNN custom operations are on. You may see slightly different numerical results due to floating-point round-off errors from different computation orders. To turn them off, set the environment variable `TF_ENABLE_ONEDNN_OPTS=0`.
I0000 00:00:1790042136.297754   27115 cpu_feature_guard.cc:227] This TensorFlow binary is optimized to use available CPU instructions in performance-critical operations.
To enable the following instructions: AVX2 AVX512F AVX512_VNNI AVX512_BF16 AVX512_FP16 AVX_VNNI AMX_TILE AMX_INT8 AMX_BF16 FMA, in other operations, rebuild TensorFlow with the appropriate compiler flags.
I0000 00:00:1790042136.485136   27140 tf_record_dataset_op.cc:396] The default buffer size is 262144, which is overridden by the user specified `buffer_size` of 8388608
WARNING: All log messages before absl::InitializeLog() is called are written to STDERR
I0000 00:00:1790042137.866029   27115 port.cc:153] oneDNN custom operations are on. You may see slightly different numerical results due to floating-point round-off errors from different computation orders. To turn them off, set the environment variable `TF_ENABLE_ONEDNN_OPTS=0`.
WARNING: All log messages before absl::InitializeLog() is called are written to STDERR
I0000 00:00:1790042139.727086   27305 port.cc:153] oneDNN custom operations are on. You may see slightly different numerical results due to floating-point round-off errors from different computation orders. To turn them off, set the environment variable `TF_ENABLE_ONEDNN_OPTS=0`.
I0000 00:00:1790042139.752463   27305 cpu_feature_guard.cc:227] This TensorFlow binary is optimized to use available CPU instructions in performance-critical operations.
To enable the following instructions: AVX2 AVX512F AVX512_VNNI AVX512_BF16 AVX512_FP16 AVX_VNNI AMX_TILE AMX_INT8 AMX_BF16 FMA, in other operations, rebuild TensorFlow with the appropriate compiler flags.
I0000 00:00:1790042139.917578   27333 tf_record_dataset_op.cc:396] The default buffer size is 262144, which is overridden by the user specified `buffer_size` of 8388608
WARNING: All log messages before absl::InitializeLog() is called are written to STDERR
I0000 00:00:1790042141.298647   27305 port.cc:153] oneDNN custom operations are on. You may see slightly different numerical results due to floating-point round-off errors from different computation orders. To turn them off, set the environment variable `TF_ENABLE_ONEDNN_OPTS=0`.
I0000 00:00:1790042143.602572   27514 tf_record_dataset_op.cc:396] The default buffer size is 262144, which is overridden by the user specified `buffer_size` of 8388608
[pjrt_ffi] RESIDENT: @convnextin_adamdpwxclipdropbf16_train_step holds 546 parameter tensors (327.2 MB) on 4 devices; they stop crossing PCIe from here
I0922 01:55:45.020517   25202 cuda_dnn.cc:442] Loaded cuDNN version 92400
I0922 01:55:45.021544   25205 cuda_dnn.cc:442] Loaded cuDNN version 92400
I0922 01:55:45.021600   25208 cuda_dnn.cc:442] Loaded cuDNN version 92400
  ▸ MIXUP/CUTMIX: this net's recipe declares SHIM_MIX=both; ON (wire v2, soft float32 targets — the reference recipe). ⚠ λ is drawn from numpy's Generator, not jax.random — agreement with the reference is DISTRIBUTIONAL, never per-step.
  imagenet shim: jax/.lake/build/generated_convnext_tiny_imagenet_shim.py — train split, batch 256, 150528 floats/img (seed 1), wire v4 soft targets [256x1000]
  imagenet shim: jax/.lake/build/generated_convnext_tiny_imagenet_shim.py — train split, batch 256, 150528 floats/img (seed 2), wire v4 soft targets [256x1000]
  imagenet shim: jax/.lake/build/generated_convnext_tiny_imagenet_shim.py — train split, batch 256, 150528 floats/img (seed 3), wire v4 soft targets [256x1000]
  imagenet shim: jax/.lake/build/generated_convnext_tiny_imagenet_shim.py — train split, batch 256, 150528 floats/img (seed 4), wire v4 soft targets [256x1000]
  imagenet shim: 4 sharded producers (round-robin over batches)
  ▸ SHIM RESPAWN: one producer every 10 epoch(s), round-robin over 4 — no loader lives past 40 epochs.
  ▸ SHIM PREFETCH: ON (depth 4 over 4 producer handle(s) — each step's read is issued before the previous step's invoke, one in flight PER HANDLE, so every producer drains during compute instead of blocking in write()). Measured 377 → 224 ms/step on R34/ImageNet 4×bs64 for depth 1. Batch buffers are allocated and freed on the main thread; the pool only fills them.
  step 0/5004: loss=3.306218
  step 1/5004: loss=3.680272
  step 2/5004: loss=3.022356
  step 100/5004: loss=3.101480
  step 200/5004: loss=2.106375
  step 300/5004: loss=3.113619
  step 400/5004: loss=2.605386
  step 500/5004: loss=3.272126
  step 600/5004: loss=2.269871
  step 700/5004: loss=2.602106
  step 800/5004: loss=3.469092
  step 900/5004: loss=3.091114
  step 1000/5004: loss=2.371790
  step 1100/5004: loss=3.514349
  step 1200/5004: loss=3.611371
  step 1300/5004: loss=3.182053
  step 1400/5004: loss=3.318976
  step 1500/5004: loss=2.170420
  step 1600/5004: loss=2.338227
  step 1700/5004: loss=2.896038
  step 1800/5004: loss=1.835317
  step 1900/5004: loss=3.292660
  step 2000/5004: loss=1.800999
  step 2100/5004: loss=2.896501
  step 2200/5004: loss=3.341705
  step 2300/5004: loss=3.053207
  step 2400/5004: loss=3.397400
  step 2500/5004: loss=3.141769
  step 2600/5004: loss=1.605913
  step 2700/5004: loss=2.918849
  step 2800/5004: loss=2.626645
  step 2900/5004: loss=3.217581
  step 3000/5004: loss=2.556266
  step 3100/5004: loss=2.316169
  step 3200/5004: loss=3.568977
  step 3300/5004: loss=3.326901
  step 3400/5004: loss=1.577584
  step 3500/5004: loss=3.049943
  step 3600/5004: loss=3.585268
  step 3700/5004: loss=3.350791
  step 3800/5004: loss=2.434342
  step 3900/5004: loss=3.245051
  step 4000/5004: loss=3.525625
  step 4100/5004: loss=1.970799
  step 4200/5004: loss=2.983974
  step 4300/5004: loss=2.945718
  step 4400/5004: loss=3.356911
  step 4500/5004: loss=2.834827
  step 4600/5004: loss=2.731702
  step 4700/5004: loss=2.717392
  step 4800/5004: loss=3.568410
  step 4900/5004: loss=3.380595
  step 5000/5004: loss=2.842050
[pjrt_ffi] RESIDENT: @convnextin_fwd holds 182 parameter tensors (109.1 MB) on 4 devices; they stop crossing PCIe from here
Epoch 264/300: loss=2.899838 lr=0.000010
  epoch 264: test_acc = 40547/50000 = 81.094000%  top5 = 47726/50000 = 95.452000%  [95% CI 80.75–81.43]
  step 0/5004: loss=2.803845
  step 1/5004: loss=3.353557
  step 2/5004: loss=3.295997
  step 100/5004: loss=3.601015
  step 200/5004: loss=2.385287
  step 300/5004: loss=3.603714
  step 400/5004: loss=2.256796
  step 500/5004: loss=3.499224
  step 600/5004: loss=2.139866
  step 700/5004: loss=2.367357
  step 800/5004: loss=3.079450
  step 900/5004: loss=3.426487
  step 1000/5004: loss=3.090007
  step 1100/5004: loss=1.738184
  step 1200/5004: loss=1.896145
  step 1300/5004: loss=3.025379
  step 1400/5004: loss=3.102476
  step 1500/5004: loss=3.497189
  step 1600/5004: loss=3.021909
  step 1700/5004: loss=2.715405
  step 1800/5004: loss=3.149625
  step 1900/5004: loss=3.318250
  step 2000/5004: loss=3.053892
  step 2100/5004: loss=3.291298
  step 2200/5004: loss=2.790171
  step 2300/5004: loss=3.453932
  step 2400/5004: loss=2.987914
  step 2500/5004: loss=1.840274
  step 2600/5004: loss=3.309600
  step 2700/5004: loss=3.531610
  step 2800/5004: loss=2.989583
  step 2900/5004: loss=2.230770
  step 3000/5004: loss=2.481251
  step 3100/5004: loss=3.562648
  step 3200/5004: loss=2.885514
  step 3300/5004: loss=3.804673
  step 3400/5004: loss=3.140364
  step 3500/5004: loss=3.446369
  step 3600/5004: loss=2.964211
  step 3700/5004: loss=3.359086
  step 3800/5004: loss=3.061000
  step 3900/5004: loss=3.504263
  step 4000/5004: loss=3.348698
  step 4100/5004: loss=3.017312
  step 4200/5004: loss=2.764737
  step 4300/5004: loss=2.994367
  step 4400/5004: loss=3.142402
  step 4500/5004: loss=2.352514
  step 4600/5004: loss=3.269300
  step 4700/5004: loss=1.929124
  step 4800/5004: loss=3.191031
  step 4900/5004: loss=2.650752
  step 5000/5004: loss=2.201851
[pjrt_ffi] RESIDENT: @convnextin_fwd holds 182 parameter tensors (109.1 MB) on 4 devices; they stop crossing PCIe from here
Epoch 265/300: loss=2.889032 lr=0.000010
  epoch 265: test_acc = 40609/50000 = 81.218000%  top5 = 47748/50000 = 95.496000%  [95% CI 80.87–81.56]
  step 0/5004: loss=3.329735
  step 1/5004: loss=3.081171
  step 2/5004: loss=3.253083
  step 100/5004: loss=3.336402
  step 200/5004: loss=2.940822
  step 300/5004: loss=3.369105
  step 400/5004: loss=1.944182
  step 500/5004: loss=3.179829
  step 600/5004: loss=3.265024
  step 700/5004: loss=2.880895
  step 800/5004: loss=3.664525
  step 900/5004: loss=3.193617
  step 1000/5004: loss=3.453269
  step 1100/5004: loss=2.080166
  step 1200/5004: loss=2.163166
  step 1300/5004: loss=2.762870
  step 1400/5004: loss=2.718494
  step 1500/5004: loss=1.737363
  step 1600/5004: loss=3.592877
  step 1700/5004: loss=2.886407
  step 1800/5004: loss=3.635605
  step 1900/5004: loss=2.456646
  step 2000/5004: loss=3.667554
  step 2100/5004: loss=2.755159
  step 2200/5004: loss=2.495158
  step 2300/5004: loss=3.081396
  step 2400/5004: loss=2.637879
  step 2500/5004: loss=2.988206
  step 2600/5004: loss=2.541860
  step 2700/5004: loss=2.381386
  step 2800/5004: loss=2.332580
  step 2900/5004: loss=2.595358
  step 3000/5004: loss=1.952098
  step 3100/5004: loss=2.678582
  step 3200/5004: loss=3.395644
  step 3300/5004: loss=2.896565
  step 3400/5004: loss=2.588397
  step 3500/5004: loss=3.495125
  step 3600/5004: loss=2.450146
  step 3700/5004: loss=3.215019
  step 3800/5004: loss=3.177572
  step 3900/5004: loss=3.182258
  step 4000/5004: loss=3.741159
  step 4100/5004: loss=2.751216
  step 4200/5004: loss=3.316714
  step 4300/5004: loss=2.870610
  step 4400/5004: loss=2.812191
  step 4500/5004: loss=3.203794
  step 4600/5004: loss=3.777219
  step 4700/5004: loss=2.873232
  step 4800/5004: loss=1.892461
  step 4900/5004: loss=2.750550
  step 5000/5004: loss=2.384118
[pjrt_ffi] RESIDENT: @convnextin_fwd holds 182 parameter tensors (109.1 MB) on 4 devices; they stop crossing PCIe from here
Epoch 266/300: loss=2.886312 lr=0.000009
  epoch 266: test_acc = 40561/50000 = 81.122000%  top5 = 47765/50000 = 95.530000%  [95% CI 80.78–81.46]
  step 0/5004: loss=2.205476
  step 1/5004: loss=3.267270
  step 2/5004: loss=2.602461
  step 100/5004: loss=1.901285
  step 200/5004: loss=3.291405
  step 300/5004: loss=3.305933
  step 400/5004: loss=3.233238
  step 500/5004: loss=3.264460
  step 600/5004: loss=3.108284
  step 700/5004: loss=2.557610
  step 800/5004: loss=2.992310
  step 900/5004: loss=3.740539
  step 1000/5004: loss=2.933641
  step 1100/5004: loss=3.544445
  step 1200/5004: loss=2.724957
  step 1300/5004: loss=1.759446
  step 1400/5004: loss=2.737497
  step 1500/5004: loss=3.603112
  step 1600/5004: loss=1.979785
  step 1700/5004: loss=3.001553
  step 1800/5004: loss=2.411758
  step 1900/5004: loss=3.444932
  step 2000/5004: loss=3.121598
  step 2100/5004: loss=3.347476
  step 2200/5004: loss=2.904528
  step 2300/5004: loss=3.523431
  step 2400/5004: loss=2.150583
  step 2500/5004: loss=2.815447
  step 2600/5004: loss=2.857078
  step 2700/5004: loss=1.463523
  step 2800/5004: loss=3.181538
  step 2900/5004: loss=2.451666
  step 3000/5004: loss=2.966354
  step 3100/5004: loss=3.712591
  step 3200/5004: loss=2.514144
  step 3300/5004: loss=3.257028
  step 3400/5004: loss=3.455661
  step 3500/5004: loss=2.168700
  step 3600/5004: loss=2.947528
  step 3700/5004: loss=2.661779
  step 3800/5004: loss=2.521438
  step 3900/5004: loss=2.540348
  step 4000/5004: loss=3.212205
  step 4100/5004: loss=3.594926
  step 4200/5004: loss=3.227373
  step 4300/5004: loss=2.746163
  step 4400/5004: loss=2.928988
  step 4500/5004: loss=3.390200
  step 4600/5004: loss=2.438363
  step 4700/5004: loss=3.469416
  step 4800/5004: loss=2.842866
  step 4900/5004: loss=3.394941
  step 5000/5004: loss=1.861580
[pjrt_ffi] RESIDENT: @convnextin_fwd holds 182 parameter tensors (109.1 MB) on 4 devices; they stop crossing PCIe from here
Epoch 267/300: loss=2.897171 lr=0.000008
  epoch 267: test_acc = 40599/50000 = 81.198000%  top5 = 47756/50000 = 95.512000%  [95% CI 80.85–81.54]
  step 0/5004: loss=2.049182
  step 1/5004: loss=3.588463
  step 2/5004: loss=1.749122
  step 100/5004: loss=3.321585
  step 200/5004: loss=3.459163
  step 300/5004: loss=2.965054
  step 400/5004: loss=2.465137
  step 500/5004: loss=3.186812
  step 600/5004: loss=1.917055
  step 700/5004: loss=3.056678
  step 800/5004: loss=3.301558
  step 900/5004: loss=3.557220
  step 1000/5004: loss=3.696142
  step 1100/5004: loss=2.626043
  step 1200/5004: loss=3.036977
  step 1300/5004: loss=2.289879
  step 1400/5004: loss=2.820527
  step 1500/5004: loss=2.325205
  step 1600/5004: loss=2.388256
  step 1700/5004: loss=1.906005
  step 1800/5004: loss=3.275185
  step 1900/5004: loss=2.885194
  step 2000/5004: loss=2.679265
  step 2100/5004: loss=3.390777
  step 2200/5004: loss=3.463096
  step 2300/5004: loss=2.984190
  step 2400/5004: loss=2.498855
  step 2500/5004: loss=3.098341
  step 2600/5004: loss=3.062752
  step 2700/5004: loss=3.076936
  step 2800/5004: loss=3.571911
  step 2900/5004: loss=3.325544
  step 3000/5004: loss=2.571438
  step 3100/5004: loss=3.118533
  step 3200/5004: loss=3.233975
  step 3300/5004: loss=3.045283
  step 3400/5004: loss=1.769092
  step 3500/5004: loss=2.837405
  step 3600/5004: loss=2.227376
  step 3700/5004: loss=3.308023
  step 3800/5004: loss=2.997955
  step 3900/5004: loss=3.059807
  step 4000/5004: loss=2.854545
  step 4100/5004: loss=3.144739
  step 4200/5004: loss=3.062492
  step 4300/5004: loss=3.132558
  step 4400/5004: loss=3.641670
  step 4500/5004: loss=2.753694
  step 4600/5004: loss=3.136362
  step 4700/5004: loss=3.192566
  step 4800/5004: loss=2.204513
  step 4900/5004: loss=3.230864
  step 5000/5004: loss=2.860325
[pjrt_ffi] RESIDENT: @convnextin_fwd holds 182 parameter tensors (109.1 MB) on 4 devices; they stop crossing PCIe from here
Epoch 268/300: loss=2.882121 lr=0.000008
  epoch 268: test_acc = 40614/50000 = 81.228000%  top5 = 47779/50000 = 95.558000%  [95% CI 80.88–81.57]
  step 0/5004: loss=3.150161
  step 1/5004: loss=3.314711
  step 2/5004: loss=2.915824
  step 100/5004: loss=3.211765
  step 200/5004: loss=2.884077
  step 300/5004: loss=1.787943
  step 400/5004: loss=3.093604
  step 500/5004: loss=2.982318
  step 600/5004: loss=3.031328
  step 700/5004: loss=3.441004
  step 800/5004: loss=3.222422
  step 900/5004: loss=2.554179
  step 1000/5004: loss=2.714978
  step 1100/5004: loss=3.232795
  step 1200/5004: loss=3.264747
  step 1300/5004: loss=3.501650
  step 1400/5004: loss=3.462686
  step 1500/5004: loss=1.949021
  step 1600/5004: loss=3.214745
  step 1700/5004: loss=1.780858
  step 1800/5004: loss=2.607931
  step 1900/5004: loss=2.296098
  step 2000/5004: loss=3.305124
  step 2100/5004: loss=3.473620
  step 2200/5004: loss=3.413682
  step 2300/5004: loss=3.763520
  step 2400/5004: loss=3.047045
  step 2500/5004: loss=2.538918
  step 2600/5004: loss=2.791123
  step 2700/5004: loss=3.503765
  step 2800/5004: loss=3.227979
  step 2900/5004: loss=2.949565
  step 3000/5004: loss=1.971897
  step 3100/5004: loss=3.233829
  step 3200/5004: loss=2.582419
  step 3300/5004: loss=3.055451
  step 3400/5004: loss=3.030584
  step 3500/5004: loss=3.622869
  step 3600/5004: loss=3.206110
  step 3700/5004: loss=1.875238
  step 3800/5004: loss=3.078295
  step 3900/5004: loss=3.859086
  step 4000/5004: loss=3.183842
  step 4100/5004: loss=2.632216
  step 4200/5004: loss=2.893143
  step 4300/5004: loss=3.408317
  step 4400/5004: loss=2.568649
  step 4500/5004: loss=3.173975
  step 4600/5004: loss=2.749547
  step 4700/5004: loss=3.160110
  step 4800/5004: loss=1.788540
  step 4900/5004: loss=3.342247
  step 5000/5004: loss=2.991257
[pjrt_ffi] RESIDENT: @convnextin_fwd holds 182 parameter tensors (109.1 MB) on 4 devices; they stop crossing PCIe from here
Epoch 269/300: loss=2.884400 lr=0.000007
  epoch 269: test_acc = 40585/50000 = 81.170000%  top5 = 47750/50000 = 95.500000%  [95% CI 80.82–81.51]
  step 0/5004: loss=2.584194
  step 1/5004: loss=3.344244
  step 2/5004: loss=3.629237
  step 100/5004: loss=1.767335
  step 200/5004: loss=2.433188
  step 300/5004: loss=2.691375
  step 400/5004: loss=3.301826
  step 500/5004: loss=2.665224
  step 600/5004: loss=2.508057
  step 700/5004: loss=3.065817
  step 800/5004: loss=2.974291
  step 900/5004: loss=3.105044
  step 1000/5004: loss=1.786979
  step 1100/5004: loss=1.954167
  step 1200/5004: loss=2.144374
  step 1300/5004: loss=1.905058
  step 1400/5004: loss=1.959097
  step 1500/5004: loss=2.670185
  step 1600/5004: loss=3.010583
  step 1700/5004: loss=3.151991
  step 1800/5004: loss=2.868702
  step 1900/5004: loss=2.871839
  step 2000/5004: loss=2.003649
  step 2100/5004: loss=3.145790
  step 2200/5004: loss=3.525169
  step 2300/5004: loss=3.111262
  step 2400/5004: loss=3.618624
  step 2500/5004: loss=3.154919
  step 2600/5004: loss=3.539682
  step 2700/5004: loss=2.271069
  step 2800/5004: loss=2.203565
  step 2900/5004: loss=2.921039
  step 3000/5004: loss=2.648530
  step 3100/5004: loss=2.038307
  step 3200/5004: loss=2.352681
  step 3300/5004: loss=3.093215
  step 3400/5004: loss=2.448809
  step 3500/5004: loss=3.413587
  step 3600/5004: loss=3.295507
  step 3700/5004: loss=3.118274
  step 3800/5004: loss=2.604335
  step 3900/5004: loss=3.378172
  step 4000/5004: loss=3.557293
  step 4100/5004: loss=3.121191
  step 4200/5004: loss=2.901356
  step 4300/5004: loss=2.375710
  step 4400/5004: loss=2.634287
  step 4500/5004: loss=3.300306
  step 4600/5004: loss=2.743822
  step 4700/5004: loss=2.614540
  step 4800/5004: loss=3.522043
  step 4900/5004: loss=2.923847
  step 5000/5004: loss=3.007748
[pjrt_ffi] RESIDENT: @convnextin_fwd holds 182 parameter tensors (109.1 MB) on 4 devices; they stop crossing PCIe from here
Epoch 270/300: loss=2.874402 lr=0.000007
  epoch 270: test_acc = 40593/50000 = 81.186000%  top5 = 47751/50000 = 95.502000%  [95% CI 80.84–81.53]
WARNING: All log messages before absl::InitializeLog() is called are written to STDERR
I0000 00:00:1790050365.837550   62804 port.cc:153] oneDNN custom operations are on. You may see slightly different numerical results due to floating-point round-off errors from different computation orders. To turn them off, set the environment variable `TF_ENABLE_ONEDNN_OPTS=0`.
I0000 00:00:1790050365.864572   62804 cpu_feature_guard.cc:227] This TensorFlow binary is optimized to use available CPU instructions in performance-critical operations.
To enable the following instructions: AVX2 AVX512F AVX512_VNNI AVX512_BF16 AVX512_FP16 AVX_VNNI AMX_TILE AMX_INT8 AMX_BF16 FMA, in other operations, rebuild TensorFlow with the appropriate compiler flags.
WARNING: All log messages before absl::InitializeLog() is called are written to STDERR
I0000 00:00:1790050367.302829   62804 port.cc:153] oneDNN custom operations are on. You may see slightly different numerical results due to floating-point round-off errors from different computation orders. To turn them off, set the environment variable `TF_ENABLE_ONEDNN_OPTS=0`.
  imagenet shim: jax/.lake/build/generated_convnext_tiny_imagenet_shim.py — train split, batch 256, 150528 floats/img (seed 5), wire v4 soft targets [256x1000]
  ▸ shim respawn: producer 0 of 4 replaced after epoch 270 (generation 1, seed 5)
I0000 00:00:1790050369.487003   62924 tf_record_dataset_op.cc:396] The default buffer size is 262144, which is overridden by the user specified `buffer_size` of 8388608
  step 0/5004: loss=3.208072
  step 1/5004: loss=3.108585
  step 2/5004: loss=2.904574
  step 100/5004: loss=2.736967
  step 200/5004: loss=1.979991
  step 300/5004: loss=2.896363
  step 400/5004: loss=2.992988
  step 500/5004: loss=2.491390
  step 600/5004: loss=3.826327
  step 700/5004: loss=3.571013
  step 800/5004: loss=2.281871
  step 900/5004: loss=3.131049
  step 1000/5004: loss=3.488380
  step 1100/5004: loss=3.265133
  step 1200/5004: loss=3.508484
  step 1300/5004: loss=3.146738
  step 1400/5004: loss=2.232581
  step 1500/5004: loss=3.129381
  step 1600/5004: loss=2.993960
  step 1700/5004: loss=2.858821
  step 1800/5004: loss=1.489961
  step 1900/5004: loss=3.190078
  step 2000/5004: loss=2.567341
  step 2100/5004: loss=3.013000
  step 2200/5004: loss=1.867998
  step 2300/5004: loss=2.730460
  step 2400/5004: loss=3.342757
  step 2500/5004: loss=2.755678
  step 2600/5004: loss=2.952485
  step 2700/5004: loss=2.898811
  step 2800/5004: loss=3.877681
  step 2900/5004: loss=2.917246
  step 3000/5004: loss=3.133556
  step 3100/5004: loss=3.140738
  step 3200/5004: loss=2.975312
  step 3300/5004: loss=3.169338
  step 3400/5004: loss=2.976744
  step 3500/5004: loss=3.204054
  step 3600/5004: loss=3.305485
  step 3700/5004: loss=3.194368
  step 3800/5004: loss=3.426984
  step 3900/5004: loss=2.698395
  step 4000/5004: loss=2.332027
  step 4100/5004: loss=3.175998
  step 4200/5004: loss=3.395768
  step 4300/5004: loss=3.178136
  step 4400/5004: loss=3.605047
  step 4500/5004: loss=2.036323
  step 4600/5004: loss=3.494828
  step 4700/5004: loss=2.665017
  step 4800/5004: loss=3.363491
  step 4900/5004: loss=2.969523
  step 5000/5004: loss=3.424086
[pjrt_ffi] RESIDENT: @convnextin_fwd holds 182 parameter tensors (109.1 MB) on 4 devices; they stop crossing PCIe from here
Epoch 271/300: loss=2.872408 lr=0.000007
  epoch 271: test_acc = 40592/50000 = 81.184000%  top5 = 47731/50000 = 95.462000%  [95% CI 80.84–81.52]
  step 0/5004: loss=3.085112
  step 1/5004: loss=2.909389
  step 2/5004: loss=2.588569
  step 100/5004: loss=3.346815
  step 200/5004: loss=3.227178
  step 300/5004: loss=3.526777
  step 400/5004: loss=3.131173
  step 500/5004: loss=1.816843
  step 600/5004: loss=3.336801
  step 700/5004: loss=3.663262
  step 800/5004: loss=2.824509
  step 900/5004: loss=3.017391
  step 1000/5004: loss=2.846121
  step 1100/5004: loss=2.607332
  step 1200/5004: loss=3.066858
  step 1300/5004: loss=2.203019
  step 1400/5004: loss=3.175586
  step 1500/5004: loss=3.767355
  step 1600/5004: loss=3.642096
  step 1700/5004: loss=2.366740
  step 1800/5004: loss=3.148172
  step 1900/5004: loss=2.470494
  step 2000/5004: loss=3.416127
  step 2100/5004: loss=3.756011
  step 2200/5004: loss=3.410673
  step 2300/5004: loss=1.815892
  step 2400/5004: loss=3.214478
  step 2500/5004: loss=3.210534
  step 2600/5004: loss=3.288147
  step 2700/5004: loss=3.183322
  step 2800/5004: loss=2.894483
  step 2900/5004: loss=2.041409
  step 3000/5004: loss=2.875840
  step 3100/5004: loss=3.153443
  step 3200/5004: loss=3.422146
  step 3300/5004: loss=3.319001
  step 3400/5004: loss=3.183681
  step 3500/5004: loss=3.492045
  step 3600/5004: loss=3.279168
  step 3700/5004: loss=3.333372
  step 3800/5004: loss=2.440833
  step 3900/5004: loss=2.150209
  step 4000/5004: loss=3.045208
  step 4100/5004: loss=2.833788
  step 4200/5004: loss=3.027922
  step 4300/5004: loss=2.890515
  step 4400/5004: loss=2.882110
  step 4500/5004: loss=3.376167
  step 4600/5004: loss=3.108287
  step 4700/5004: loss=2.686230
  step 4800/5004: loss=2.825024
  step 4900/5004: loss=3.699439
  step 5000/5004: loss=2.904325
[pjrt_ffi] RESIDENT: @convnextin_fwd holds 182 parameter tensors (109.1 MB) on 4 devices; they stop crossing PCIe from here
Epoch 272/300: loss=2.863250 lr=0.000006
  epoch 272: test_acc = 40578/50000 = 81.156000%  top5 = 47765/50000 = 95.530000%  [95% CI 80.81–81.50]
  step 0/5004: loss=3.359958
  step 1/5004: loss=2.838801
  step 2/5004: loss=2.176604
  step 100/5004: loss=3.178292
  step 200/5004: loss=3.511039
  step 300/5004: loss=3.003902
  step 400/5004: loss=3.395976
  step 500/5004: loss=3.083818
  step 600/5004: loss=3.533130
  step 700/5004: loss=3.219898
  step 800/5004: loss=2.899116
  step 900/5004: loss=2.961514
  step 1000/5004: loss=3.283820
  step 1100/5004: loss=3.292770
  step 1200/5004: loss=3.327612
  step 1300/5004: loss=2.875017
  step 1400/5004: loss=1.943184
  step 1500/5004: loss=2.910098
  step 1600/5004: loss=3.616576
  step 1700/5004: loss=3.433766
  step 1800/5004: loss=2.650617
  step 1900/5004: loss=3.207531
  step 2000/5004: loss=2.464714
  step 2100/5004: loss=1.950282
  step 2200/5004: loss=2.211189
  step 2300/5004: loss=3.206549
  step 2400/5004: loss=3.097029
  step 2500/5004: loss=3.248101
  step 2600/5004: loss=1.795402
  step 2700/5004: loss=3.131194
  step 2800/5004: loss=3.212474
  step 2900/5004: loss=2.718675
  step 3000/5004: loss=3.567916
  step 3100/5004: loss=3.087909
  step 3200/5004: loss=3.470180
  step 3300/5004: loss=2.777878
  step 3400/5004: loss=3.462214
  step 3500/5004: loss=3.018461
  step 3600/5004: loss=2.960222
  step 3700/5004: loss=3.324574
  step 3800/5004: loss=3.390668
  step 3900/5004: loss=2.241617
  step 4000/5004: loss=3.582159
  step 4100/5004: loss=2.331323
  step 4200/5004: loss=3.570958
  step 4300/5004: loss=2.160966
  step 4400/5004: loss=1.769674
  step 4500/5004: loss=3.324015
  step 4600/5004: loss=3.366961
  step 4700/5004: loss=3.385711
  step 4800/5004: loss=2.519726
  step 4900/5004: loss=2.786210
  step 5000/5004: loss=3.574138
[pjrt_ffi] RESIDENT: @convnextin_fwd holds 182 parameter tensors (109.1 MB) on 4 devices; they stop crossing PCIe from here
Epoch 273/300: loss=2.865664 lr=0.000006
  epoch 273: test_acc = 40600/50000 = 81.200000%  top5 = 47738/50000 = 95.476000%  [95% CI 80.86–81.54]
  step 0/5004: loss=2.943847
  step 1/5004: loss=2.089713
  step 2/5004: loss=2.909888
  step 100/5004: loss=1.896017
  step 200/5004: loss=2.855722
  step 300/5004: loss=2.368680
  step 400/5004: loss=3.230401
  step 500/5004: loss=3.357440
  step 600/5004: loss=2.632775
  step 700/5004: loss=2.096302
  step 800/5004: loss=3.142183
  step 900/5004: loss=2.145649
  step 1000/5004: loss=3.189931
  step 1100/5004: loss=3.509931
  step 1200/5004: loss=2.201380
  step 1300/5004: loss=3.243324
  step 1400/5004: loss=2.970178
  step 1500/5004: loss=2.635977
  step 1600/5004: loss=3.186502
  step 1700/5004: loss=3.139402
  step 1800/5004: loss=2.836385
  step 1900/5004: loss=2.201269
  step 2000/5004: loss=2.794310
  step 2100/5004: loss=3.524081
  step 2200/5004: loss=3.377491
  step 2300/5004: loss=3.314506
  step 2400/5004: loss=3.015483
  step 2500/5004: loss=3.402894
  step 2600/5004: loss=2.392135
  step 2700/5004: loss=3.177365
  step 2800/5004: loss=2.809467
  step 2900/5004: loss=3.449870
  step 3000/5004: loss=3.377019
  step 3100/5004: loss=2.792543
  step 3200/5004: loss=3.468623
  step 3300/5004: loss=1.952435
  step 3400/5004: loss=2.850442
  step 3500/5004: loss=3.326034
  step 3600/5004: loss=2.516788
  step 3700/5004: loss=1.816094
  step 3800/5004: loss=2.874774
  step 3900/5004: loss=2.336809
  step 4000/5004: loss=3.082872
  step 4100/5004: loss=3.750334
  step 4200/5004: loss=2.689541
  step 4300/5004: loss=2.520585
  step 4400/5004: loss=3.227231
  step 4500/5004: loss=2.318160
  step 4600/5004: loss=2.740317
  step 4700/5004: loss=1.895240
  step 4800/5004: loss=2.558242
  step 4900/5004: loss=2.209651
  step 5000/5004: loss=2.841494
[pjrt_ffi] RESIDENT: @convnextin_fwd holds 182 parameter tensors (109.1 MB) on 4 devices; they stop crossing PCIe from here
Epoch 274/300: loss=2.871253 lr=0.000005
  epoch 274: test_acc = 40624/50000 = 81.248000%  top5 = 47769/50000 = 95.538000%  [95% CI 80.90–81.59]
  step 0/5004: loss=3.450200
  step 1/5004: loss=3.061236
  step 2/5004: loss=2.952958
  step 100/5004: loss=1.831956
  step 200/5004: loss=3.199011
  step 300/5004: loss=2.209558
  step 400/5004: loss=2.413957
  step 500/5004: loss=2.733795
  step 600/5004: loss=2.641937
  step 700/5004: loss=2.735575
  step 800/5004: loss=3.215618
  step 900/5004: loss=3.304078
  step 1000/5004: loss=3.146771
  step 1100/5004: loss=3.126858
  step 1200/5004: loss=2.327548
  step 1300/5004: loss=2.696976
  step 1400/5004: loss=3.396286
  step 1500/5004: loss=3.016595
  step 1600/5004: loss=2.316154
  step 1700/5004: loss=2.871782
  step 1800/5004: loss=2.004058
  step 1900/5004: loss=2.973983
  step 2000/5004: loss=3.509839
  step 2100/5004: loss=2.960624
  step 2200/5004: loss=2.839059
  step 2300/5004: loss=2.645302
  step 2400/5004: loss=2.363619
  step 2500/5004: loss=2.952916
  step 2600/5004: loss=2.559108
  step 2700/5004: loss=3.338547
  step 2800/5004: loss=2.410216
  step 2900/5004: loss=3.363472
  step 3000/5004: loss=2.257470
  step 3100/5004: loss=2.787245
  step 3200/5004: loss=2.702343
  step 3300/5004: loss=2.943658
  step 3400/5004: loss=3.297324
  step 3500/5004: loss=3.327263
  step 3600/5004: loss=2.232193
  step 3700/5004: loss=3.014669
  step 3800/5004: loss=2.554272
  step 3900/5004: loss=2.712866
  step 4000/5004: loss=3.296335
  step 4100/5004: loss=3.361755
  step 4200/5004: loss=3.218909
  step 4300/5004: loss=2.701735
  step 4400/5004: loss=1.699673
  step 4500/5004: loss=2.393142
  step 4600/5004: loss=1.562989
  step 4700/5004: loss=2.940655
  step 4800/5004: loss=3.274183
  step 4900/5004: loss=2.973380
  step 5000/5004: loss=2.895246
[pjrt_ffi] RESIDENT: @convnextin_fwd holds 182 parameter tensors (109.1 MB) on 4 devices; they stop crossing PCIe from here
Epoch 275/300: loss=2.854364 lr=0.000005
  epoch 275: test_acc = 40604/50000 = 81.208000%  top5 = 47771/50000 = 95.542000%  [95% CI 80.86–81.55]
  step 0/5004: loss=2.093031
  step 1/5004: loss=2.079817
  step 2/5004: loss=3.097825
  step 100/5004: loss=2.685564
  step 200/5004: loss=3.102857
  step 300/5004: loss=3.159362
  step 400/5004: loss=2.833398
  step 500/5004: loss=2.854408
  step 600/5004: loss=3.385333
  step 700/5004: loss=2.936712
  step 800/5004: loss=3.275744
  step 900/5004: loss=3.429899
  step 1000/5004: loss=3.202722
  step 1100/5004: loss=2.848540
  step 1200/5004: loss=2.781057
  step 1300/5004: loss=3.543828
  step 1400/5004: loss=2.712552
  step 1500/5004: loss=2.953098
  step 1600/5004: loss=3.346710
  step 1700/5004: loss=3.308063
  step 1800/5004: loss=2.873986
  step 1900/5004: loss=2.921294
  step 2000/5004: loss=3.053256
  step 2100/5004: loss=3.340748
  step 2200/5004: loss=2.655522
  step 2300/5004: loss=3.474863
  step 2400/5004: loss=3.074947
  step 2500/5004: loss=3.014797
  step 2600/5004: loss=3.110327
  step 2700/5004: loss=3.351099
  step 2800/5004: loss=3.077785
  step 2900/5004: loss=3.016485
  step 3000/5004: loss=3.222432
  step 3100/5004: loss=2.752555
  step 3200/5004: loss=3.188280
  step 3300/5004: loss=2.675300
  step 3400/5004: loss=3.145158
  step 3500/5004: loss=3.069613
  step 3600/5004: loss=2.458146
  step 3700/5004: loss=3.297936
  step 3800/5004: loss=3.273091
  step 3900/5004: loss=2.110747
  step 4000/5004: loss=3.048254
  step 4100/5004: loss=3.736583
  step 4200/5004: loss=3.181577
  step 4300/5004: loss=3.497192
  step 4400/5004: loss=2.954877
  step 4500/5004: loss=3.491168
  step 4600/5004: loss=3.131784
  step 4700/5004: loss=2.832804
  step 4800/5004: loss=2.230859
  step 4900/5004: loss=1.882435
  step 5000/5004: loss=2.783937
[pjrt_ffi] RESIDENT: @convnextin_fwd holds 182 parameter tensors (109.1 MB) on 4 devices; they stop crossing PCIe from here
Epoch 276/300: loss=2.857488 lr=0.000005
  epoch 276: test_acc = 40634/50000 = 81.268000%  top5 = 47779/50000 = 95.558000%  [95% CI 80.92–81.61]
  step 0/5004: loss=2.554606
  step 1/5004: loss=3.246668
  step 2/5004: loss=3.151937
  step 100/5004: loss=3.090326
  step 200/5004: loss=3.552580
  step 300/5004: loss=1.643081
  step 400/5004: loss=3.439923
  step 500/5004: loss=2.815665
  step 600/5004: loss=2.880378
  step 700/5004: loss=3.109278
  step 800/5004: loss=2.086605
  step 900/5004: loss=2.945335
  step 1000/5004: loss=1.693010
  step 1100/5004: loss=2.004863
  step 1200/5004: loss=3.611457
  step 1300/5004: loss=3.019717
  step 1400/5004: loss=3.548823
  step 1500/5004: loss=2.601534
  step 1600/5004: loss=2.682271
  step 1700/5004: loss=3.120935
  step 1800/5004: loss=2.543350
  step 1900/5004: loss=2.728664
  step 2000/5004: loss=2.740537
  step 2100/5004: loss=2.672958
  step 2200/5004: loss=3.028323
  step 2300/5004: loss=3.123282
  step 2400/5004: loss=2.178731
  step 2500/5004: loss=2.154796
  step 2600/5004: loss=2.269928
  step 2700/5004: loss=3.066620
  step 2800/5004: loss=2.782865
  step 2900/5004: loss=2.854779
  step 3000/5004: loss=1.747669
  step 3100/5004: loss=3.115380
  step 3200/5004: loss=3.693916
  step 3300/5004: loss=3.108585
  step 3400/5004: loss=3.078790
  step 3500/5004: loss=2.032693
  step 3600/5004: loss=2.967485
  step 3700/5004: loss=3.239890
  step 3800/5004: loss=3.465543
  step 3900/5004: loss=2.086277
  step 4000/5004: loss=1.390467
  step 4100/5004: loss=3.209309
  step 4200/5004: loss=2.643088
  step 4300/5004: loss=3.121741
  step 4400/5004: loss=3.423493
  step 4500/5004: loss=1.895225
  step 4600/5004: loss=2.120754
  step 4700/5004: loss=2.495524
  step 4800/5004: loss=2.833622
  step 4900/5004: loss=2.831956
  step 5000/5004: loss=2.245808
[pjrt_ffi] RESIDENT: @convnextin_fwd holds 182 parameter tensors (109.1 MB) on 4 devices; they stop crossing PCIe from here
Epoch 277/300: loss=2.851254 lr=0.000004
  epoch 277: test_acc = 40594/50000 = 81.188000%  top5 = 47767/50000 = 95.534000%  [95% CI 80.84–81.53]
  step 0/5004: loss=2.884657
  step 1/5004: loss=1.571864
  step 2/5004: loss=2.030977
  step 100/5004: loss=2.737552
  step 200/5004: loss=3.322914
  step 300/5004: loss=3.654912
  step 400/5004: loss=3.025200
  step 500/5004: loss=3.376039
  step 600/5004: loss=3.067179
  step 700/5004: loss=3.718635
  step 800/5004: loss=3.097735
  step 900/5004: loss=2.940576
  step 1000/5004: loss=2.418335
  step 1100/5004: loss=2.591339
  step 1200/5004: loss=2.393958
  step 1300/5004: loss=3.017967
  step 1400/5004: loss=1.705767
  step 1500/5004: loss=3.529828
  step 1600/5004: loss=3.313686
  step 1700/5004: loss=2.456023
  step 1800/5004: loss=2.621964
  step 1900/5004: loss=3.314162
  step 2000/5004: loss=2.624008
  step 2100/5004: loss=2.926618
  step 2200/5004: loss=2.774133
  step 2300/5004: loss=2.980745
  step 2400/5004: loss=2.916847
  step 2500/5004: loss=2.116517
  step 2600/5004: loss=2.848188
  step 2700/5004: loss=3.275803
  step 2800/5004: loss=1.966216
  step 2900/5004: loss=1.573925
  step 3000/5004: loss=2.449771
  step 3100/5004: loss=3.646265
  step 3200/5004: loss=2.639792
  step 3300/5004: loss=3.541191
  step 3400/5004: loss=3.020013
  step 3500/5004: loss=3.719844
  step 3600/5004: loss=3.240758
  step 3700/5004: loss=3.694361
  step 3800/5004: loss=3.004339
  step 3900/5004: loss=3.280371
  step 4000/5004: loss=3.408178
  step 4100/5004: loss=3.426949
  step 4200/5004: loss=1.724080
  step 4300/5004: loss=3.209181
  step 4400/5004: loss=3.011719
  step 4500/5004: loss=3.573061
  step 4600/5004: loss=3.039113
  step 4700/5004: loss=3.560461
  step 4800/5004: loss=3.080805
  step 4900/5004: loss=3.234134
  step 5000/5004: loss=3.208381
[pjrt_ffi] RESIDENT: @convnextin_fwd holds 182 parameter tensors (109.1 MB) on 4 devices; they stop crossing PCIe from here
Epoch 278/300: loss=2.854293 lr=0.000004
  epoch 278: test_acc = 40648/50000 = 81.296000%  top5 = 47782/50000 = 95.564000%  [95% CI 80.95–81.64]
  step 0/5004: loss=3.266487
  step 1/5004: loss=3.373324
  step 2/5004: loss=3.273012
  step 100/5004: loss=2.908927
  step 200/5004: loss=2.413471
  step 300/5004: loss=2.479147
  step 400/5004: loss=3.175686
  step 500/5004: loss=3.381475
  step 600/5004: loss=3.792374
  step 700/5004: loss=3.355533
  step 800/5004: loss=2.643548
  step 900/5004: loss=3.239891
  step 1000/5004: loss=3.192184
  step 1100/5004: loss=2.907387
  step 1200/5004: loss=3.089587
  step 1300/5004: loss=2.952516
  step 1400/5004: loss=1.935752
  step 1500/5004: loss=3.195925
  step 1600/5004: loss=2.889964
  step 1700/5004: loss=2.440955
  step 1800/5004: loss=2.355489
  step 1900/5004: loss=3.115911
  step 2000/5004: loss=3.656052
  step 2100/5004: loss=2.888494
  step 2200/5004: loss=1.998798
  step 2300/5004: loss=2.968451
  step 2400/5004: loss=2.071658
  step 2500/5004: loss=1.958210
  step 2600/5004: loss=3.140356
  step 2700/5004: loss=2.854954
  step 2800/5004: loss=3.740473
  step 2900/5004: loss=2.929303
  step 3000/5004: loss=3.291281
  step 3100/5004: loss=2.896471
  step 3200/5004: loss=3.022264
  step 3300/5004: loss=3.418631
  step 3400/5004: loss=3.092335
  step 3500/5004: loss=3.059161
  step 3600/5004: loss=3.214837
  step 3700/5004: loss=3.135744
  step 3800/5004: loss=1.828121
  step 3900/5004: loss=2.933179
  step 4000/5004: loss=2.016385
  step 4100/5004: loss=3.250272
  step 4200/5004: loss=3.233765
  step 4300/5004: loss=1.935824
  step 4400/5004: loss=3.435487
  step 4500/5004: loss=2.942781
  step 4600/5004: loss=2.661347
  step 4700/5004: loss=2.053235
  step 4800/5004: loss=3.524143
  step 4900/5004: loss=1.862792
  step 5000/5004: loss=1.950411
[pjrt_ffi] RESIDENT: @convnextin_fwd holds 182 parameter tensors (109.1 MB) on 4 devices; they stop crossing PCIe from here
Epoch 279/300: loss=2.847297 lr=0.000003
  epoch 279: test_acc = 40651/50000 = 81.302000%  top5 = 47808/50000 = 95.616000%  [95% CI 80.96–81.64]
  step 0/5004: loss=2.242900
  step 1/5004: loss=3.105513
  step 2/5004: loss=3.492049
  step 100/5004: loss=2.718864
  step 200/5004: loss=3.023817
  step 300/5004: loss=2.644886
  step 400/5004: loss=2.950495
  step 500/5004: loss=3.310911
  step 600/5004: loss=2.147366
  step 700/5004: loss=2.082659
  step 800/5004: loss=2.545987
  step 900/5004: loss=2.088089
  step 1000/5004: loss=2.972991
  step 1100/5004: loss=3.278188
  step 1200/5004: loss=2.747361
  step 1300/5004: loss=3.318519
  step 1400/5004: loss=3.368230
  step 1500/5004: loss=3.548768
  step 1600/5004: loss=2.883884
  step 1700/5004: loss=1.901015
  step 1800/5004: loss=3.104614
  step 1900/5004: loss=2.292197
  step 2000/5004: loss=2.210601
  step 2100/5004: loss=3.289342
  step 2200/5004: loss=3.471296
  step 2300/5004: loss=2.703225
  step 2400/5004: loss=3.317398
  step 2500/5004: loss=3.368441
  step 2600/5004: loss=3.002610
  step 2700/5004: loss=3.221922
  step 2800/5004: loss=3.102170
  step 2900/5004: loss=2.074524
  step 3000/5004: loss=2.856439
  step 3100/5004: loss=2.236193
  step 3200/5004: loss=2.850096
  step 3300/5004: loss=2.334296
  step 3400/5004: loss=3.107612
  step 3500/5004: loss=3.472781
  step 3600/5004: loss=2.682622
  step 3700/5004: loss=3.251497
  step 3800/5004: loss=3.214493
  step 3900/5004: loss=3.000953
  step 4000/5004: loss=2.369368
  step 4100/5004: loss=3.478916
  step 4200/5004: loss=3.038177
  step 4300/5004: loss=2.954108
  step 4400/5004: loss=3.119440
  step 4500/5004: loss=2.272623
  step 4600/5004: loss=2.523355
  step 4700/5004: loss=3.318419
  step 4800/5004: loss=1.659646
  step 4900/5004: loss=3.569497
  step 5000/5004: loss=2.552854
[pjrt_ffi] RESIDENT: @convnextin_fwd holds 182 parameter tensors (109.1 MB) on 4 devices; they stop crossing PCIe from here
Epoch 280/300: loss=2.846628 lr=0.000003
  epoch 280: test_acc = 40644/50000 = 81.288000%  top5 = 47787/50000 = 95.574000%  [95% CI 80.94–81.63]
WARNING: All log messages before absl::InitializeLog() is called are written to STDERR
I0000 00:00:1790062144.105786  110958 port.cc:153] oneDNN custom operations are on. You may see slightly different numerical results due to floating-point round-off errors from different computation orders. To turn them off, set the environment variable `TF_ENABLE_ONEDNN_OPTS=0`.
I0000 00:00:1790062144.133082  110958 cpu_feature_guard.cc:227] This TensorFlow binary is optimized to use available CPU instructions in performance-critical operations.
To enable the following instructions: AVX2 AVX512F AVX512_VNNI AVX512_BF16 AVX512_FP16 AVX_VNNI AMX_TILE AMX_INT8 AMX_BF16 FMA, in other operations, rebuild TensorFlow with the appropriate compiler flags.
WARNING: All log messages before absl::InitializeLog() is called are written to STDERR
I0000 00:00:1790062145.471022  110958 port.cc:153] oneDNN custom operations are on. You may see slightly different numerical results due to floating-point round-off errors from different computation orders. To turn them off, set the environment variable `TF_ENABLE_ONEDNN_OPTS=0`.
  imagenet shim: jax/.lake/build/generated_convnext_tiny_imagenet_shim.py — train split, batch 256, 150528 floats/img (seed 10), wire v4 soft targets [256x1000]
  ▸ shim respawn: producer 1 of 4 replaced after epoch 280 (generation 2, seed 10)
  step 0/5004: loss=2.435759
I0000 00:00:1790062147.761356  111066 tf_record_dataset_op.cc:396] The default buffer size is 262144, which is overridden by the user specified `buffer_size` of 8388608
  step 1/5004: loss=2.498396
  step 2/5004: loss=2.017372
  step 100/5004: loss=2.912766
  step 200/5004: loss=1.891183
  step 300/5004: loss=2.273662
  step 400/5004: loss=2.210702
  step 500/5004: loss=2.994824
  step 600/5004: loss=3.696754
  step 700/5004: loss=2.714478
  step 800/5004: loss=2.631513
  step 900/5004: loss=2.923383
  step 1000/5004: loss=3.225970
  step 1100/5004: loss=2.735712
  step 1200/5004: loss=1.997688
  step 1300/5004: loss=2.443692
  step 1400/5004: loss=2.004802
  step 1500/5004: loss=3.404062
  step 1600/5004: loss=3.383542
  step 1700/5004: loss=2.536465
  step 1800/5004: loss=2.628673
  step 1900/5004: loss=2.506588
  step 2000/5004: loss=3.378260
  step 2100/5004: loss=2.744438
  step 2200/5004: loss=2.715359
  step 2300/5004: loss=3.269668
  step 2400/5004: loss=1.846652
  step 2500/5004: loss=2.727828
  step 2600/5004: loss=3.443445
  step 2700/5004: loss=2.978910
  step 2800/5004: loss=2.170853
  step 2900/5004: loss=1.961794
  step 3000/5004: loss=3.335939
  step 3100/5004: loss=2.839465
  step 3200/5004: loss=3.419871
  step 3300/5004: loss=2.755795
  step 3400/5004: loss=2.525899
  step 3500/5004: loss=3.209421
  step 3600/5004: loss=1.791036
  step 3700/5004: loss=2.707711
  step 3800/5004: loss=2.226929
  step 3900/5004: loss=2.793651
  step 4000/5004: loss=3.718565
  step 4100/5004: loss=2.632421
  step 4200/5004: loss=2.852657
  step 4300/5004: loss=2.255148
  step 4400/5004: loss=3.608885
  step 4500/5004: loss=3.427166
  step 4600/5004: loss=3.254377
  step 4700/5004: loss=3.250351
  step 4800/5004: loss=3.152713
  step 4900/5004: loss=2.760114
  step 5000/5004: loss=3.483581
[pjrt_ffi] RESIDENT: @convnextin_fwd holds 182 parameter tensors (109.1 MB) on 4 devices; they stop crossing PCIe from here
Epoch 281/300: loss=2.847502 lr=0.000003
  epoch 281: test_acc = 40621/50000 = 81.242000%  top5 = 47801/50000 = 95.602000%  [95% CI 80.90–81.58]
  step 0/5004: loss=2.715509
  step 1/5004: loss=2.673108
  step 2/5004: loss=2.373200
  step 100/5004: loss=1.979806
  step 200/5004: loss=2.769556
  step 300/5004: loss=3.142525
  step 400/5004: loss=3.430209
  step 500/5004: loss=2.572256
  step 600/5004: loss=2.148156
  step 700/5004: loss=3.397346
  step 800/5004: loss=3.078135
  step 900/5004: loss=2.993949
  step 1000/5004: loss=2.792516
  step 1100/5004: loss=2.634029
  step 1200/5004: loss=2.869154
  step 1300/5004: loss=3.160751
  step 1400/5004: loss=3.250184
  step 1500/5004: loss=1.802076
  step 1600/5004: loss=2.843078
  step 1700/5004: loss=3.031963
  step 1800/5004: loss=2.941875
  step 1900/5004: loss=3.747301
  step 2000/5004: loss=2.438217
  step 2100/5004: loss=2.011393
  step 2200/5004: loss=3.098805
  step 2300/5004: loss=1.908799
  step 2400/5004: loss=3.198043
  step 2500/5004: loss=2.738522
  step 2600/5004: loss=2.696787
  step 2700/5004: loss=2.404199
  step 2800/5004: loss=3.042113
  step 2900/5004: loss=3.467824
  step 3000/5004: loss=2.430945
  step 3100/5004: loss=2.888623
  step 3200/5004: loss=3.204690
  step 3300/5004: loss=3.211334
  step 3400/5004: loss=3.014697
  step 3500/5004: loss=3.286695
  step 3600/5004: loss=2.988551
  step 3700/5004: loss=2.745741
  step 3800/5004: loss=3.492531
  step 3900/5004: loss=2.632909
  step 4000/5004: loss=2.786267
  step 4100/5004: loss=2.046068
  step 4200/5004: loss=3.358442
  step 4300/5004: loss=2.419910
  step 4400/5004: loss=2.955129
  step 4500/5004: loss=2.897578
  step 4600/5004: loss=3.056898
  step 4700/5004: loss=2.062733
  step 4800/5004: loss=3.061181
  step 4900/5004: loss=2.294791
  step 5000/5004: loss=2.818962
[pjrt_ffi] RESIDENT: @convnextin_fwd holds 182 parameter tensors (109.1 MB) on 4 devices; they stop crossing PCIe from here
Epoch 282/300: loss=2.860281 lr=0.000003
  epoch 282: test_acc = 40639/50000 = 81.278000%  top5 = 47782/50000 = 95.564000%  [95% CI 80.93–81.62]
  step 0/5004: loss=2.107461
  step 1/5004: loss=3.442595
  step 2/5004: loss=2.869620
  step 100/5004: loss=3.005284
  step 200/5004: loss=2.457934
  step 300/5004: loss=3.099051
  step 400/5004: loss=3.614559
  step 500/5004: loss=2.942483
  step 600/5004: loss=1.963674
  step 700/5004: loss=1.796175
  step 800/5004: loss=1.740388
  step 900/5004: loss=1.989288
  step 1000/5004: loss=1.915257
  step 1100/5004: loss=3.030406
  step 1200/5004: loss=3.504143
  step 1300/5004: loss=2.501218
  step 1400/5004: loss=2.679695
  step 1500/5004: loss=3.128815
  step 1600/5004: loss=3.363609
  step 1700/5004: loss=3.350635
  step 1800/5004: loss=3.370599
  step 1900/5004: loss=2.901176
  step 2000/5004: loss=2.833846
  step 2100/5004: loss=2.850137
  step 2200/5004: loss=3.406642
  step 2300/5004: loss=2.584358
  step 2400/5004: loss=2.247751
  step 2500/5004: loss=3.120597
  step 2600/5004: loss=2.986539
  step 2700/5004: loss=2.126235
  step 2800/5004: loss=1.894794
  step 2900/5004: loss=3.116678
  step 3000/5004: loss=2.924657
  step 3100/5004: loss=2.665349
  step 3200/5004: loss=3.382052
  step 3300/5004: loss=2.118145
  step 3400/5004: loss=2.082656
  step 3500/5004: loss=3.138337
  step 3600/5004: loss=3.481584
  step 3700/5004: loss=1.879547
  step 3800/5004: loss=3.501433
  step 3900/5004: loss=3.046362
  step 4000/5004: loss=3.145483
  step 4100/5004: loss=2.916344
  step 4200/5004: loss=3.356190
  step 4300/5004: loss=2.048124
  step 4400/5004: loss=2.603212
  step 4500/5004: loss=3.181349
  step 4600/5004: loss=2.370486
  step 4700/5004: loss=3.059568
  step 4800/5004: loss=3.142786
  step 4900/5004: loss=2.962203
  step 5000/5004: loss=3.660025
[pjrt_ffi] RESIDENT: @convnextin_fwd holds 182 parameter tensors (109.1 MB) on 4 devices; they stop crossing PCIe from here
Epoch 283/300: loss=2.857973 lr=0.000002
  epoch 283: test_acc = 40625/50000 = 81.250000%  top5 = 47763/50000 = 95.526000%  [95% CI 80.91–81.59]
  step 0/5004: loss=2.775964
  step 1/5004: loss=3.192534
  step 2/5004: loss=1.973286
  step 100/5004: loss=2.381472
  step 200/5004: loss=3.145456
  step 300/5004: loss=2.690960
  step 400/5004: loss=3.024307
  step 500/5004: loss=2.789526
  step 600/5004: loss=2.879265
  step 700/5004: loss=3.665022
  step 800/5004: loss=3.270243
  step 900/5004: loss=2.724408
  step 1000/5004: loss=3.261395
  step 1100/5004: loss=1.463572
  step 1200/5004: loss=2.379089
  step 1300/5004: loss=3.465210
  step 1400/5004: loss=2.791692
  step 1500/5004: loss=1.825192
  step 1600/5004: loss=3.329390
  step 1700/5004: loss=3.089968
  step 1800/5004: loss=2.839886
  step 1900/5004: loss=3.124670
  step 2000/5004: loss=3.001182
  step 2100/5004: loss=1.840461
  step 2200/5004: loss=2.533407
  step 2300/5004: loss=2.118317
  step 2400/5004: loss=2.978523
  step 2500/5004: loss=2.031282
  step 2600/5004: loss=2.719477
  step 2700/5004: loss=3.367543
  step 2800/5004: loss=2.382816
  step 2900/5004: loss=3.216088
  step 3000/5004: loss=2.953749
  step 3100/5004: loss=2.850131
  step 3200/5004: loss=3.049145
  step 3300/5004: loss=2.356131
  step 3400/5004: loss=2.949792
  step 3500/5004: loss=3.435049
  step 3600/5004: loss=3.214149
  step 3700/5004: loss=3.442039
  step 3800/5004: loss=2.766218
  step 3900/5004: loss=1.843817
  step 4000/5004: loss=2.979308
  step 4100/5004: loss=3.048570
  step 4200/5004: loss=2.310260
  step 4300/5004: loss=2.377928
  step 4400/5004: loss=1.822687
  step 4500/5004: loss=1.755133
  step 4600/5004: loss=2.098004
  step 4700/5004: loss=2.019984
  step 4800/5004: loss=3.306076
  step 4900/5004: loss=3.091613
  step 5000/5004: loss=3.079237
[pjrt_ffi] RESIDENT: @convnextin_fwd holds 182 parameter tensors (109.1 MB) on 4 devices; they stop crossing PCIe from here
Epoch 284/300: loss=2.852131 lr=0.000002
  epoch 284: test_acc = 40677/50000 = 81.354000%  top5 = 47805/50000 = 95.610000%  [95% CI 81.01–81.69]
  step 0/5004: loss=3.466391
  step 1/5004: loss=3.498539
  step 2/5004: loss=3.238181
  step 100/5004: loss=3.080039
  step 200/5004: loss=2.000892
  step 300/5004: loss=2.110783
  step 400/5004: loss=3.378058
  step 500/5004: loss=2.873368
  step 600/5004: loss=2.199134
  step 700/5004: loss=3.193379
  step 800/5004: loss=3.288720
  step 900/5004: loss=1.990324
  step 1000/5004: loss=3.637955
  step 1100/5004: loss=2.998005
  step 1200/5004: loss=3.600797
  step 1300/5004: loss=2.824424
  step 1400/5004: loss=3.198270
  step 1500/5004: loss=3.170302
  step 1600/5004: loss=2.922417
  step 1700/5004: loss=2.604052
  step 1800/5004: loss=2.292636
  step 1900/5004: loss=3.157048
  step 2000/5004: loss=3.254990
  step 2100/5004: loss=3.055574
  step 2200/5004: loss=3.448992
  step 2300/5004: loss=3.000228
  step 2400/5004: loss=3.659573
  step 2500/5004: loss=3.409305
  step 2600/5004: loss=3.435004
  step 2700/5004: loss=2.497221
  step 2800/5004: loss=2.453288
  step 2900/5004: loss=2.365016
  step 3000/5004: loss=2.024661
  step 3100/5004: loss=3.316263
  step 3200/5004: loss=2.308640
  step 3300/5004: loss=3.273516
  step 3400/5004: loss=2.278388
  step 3500/5004: loss=2.614419
  step 3600/5004: loss=3.266992
  step 3700/5004: loss=3.114482
  step 3800/5004: loss=2.708225
  step 3900/5004: loss=2.785514
  step 4000/5004: loss=3.051571
  step 4100/5004: loss=3.010943
  step 4200/5004: loss=2.952802
  step 4300/5004: loss=3.135056
  step 4400/5004: loss=3.698938
  step 4500/5004: loss=3.174938
  step 4600/5004: loss=2.242087
  step 4700/5004: loss=2.653840
  step 4800/5004: loss=3.521674
  step 4900/5004: loss=1.963421
  step 5000/5004: loss=2.907369
[pjrt_ffi] RESIDENT: @convnextin_fwd holds 182 parameter tensors (109.1 MB) on 4 devices; they stop crossing PCIe from here
Epoch 285/300: loss=2.855834 lr=0.000002
  epoch 285: test_acc = 40655/50000 = 81.310000%  top5 = 47777/50000 = 95.554000%  [95% CI 80.97–81.65]
  step 0/5004: loss=3.145000
  step 1/5004: loss=2.827915
  step 2/5004: loss=1.922735
  step 100/5004: loss=2.293844
  step 200/5004: loss=3.002082
  step 300/5004: loss=2.960429
  step 400/5004: loss=2.648738
  step 500/5004: loss=3.550694
  step 600/5004: loss=2.765712
  step 700/5004: loss=2.103977
  step 800/5004: loss=3.232180
  step 900/5004: loss=2.982744
  step 1000/5004: loss=3.021343
  step 1100/5004: loss=3.567635
  step 1200/5004: loss=3.396875
  step 1300/5004: loss=3.057035
  step 1400/5004: loss=3.113854
  step 1500/5004: loss=2.369138
  step 1600/5004: loss=2.499923
  step 1700/5004: loss=3.116796
  step 1800/5004: loss=2.764953
  step 1900/5004: loss=3.315388
  step 2000/5004: loss=3.074647
  step 2100/5004: loss=2.814967
  step 2200/5004: loss=1.762061
  step 2300/5004: loss=2.739153
  step 2400/5004: loss=2.698469
  step 2500/5004: loss=2.962562
  step 2600/5004: loss=2.739047
  step 2700/5004: loss=1.980489
  step 2800/5004: loss=3.428697
  step 2900/5004: loss=2.589709
  step 3000/5004: loss=3.381528
  step 3100/5004: loss=2.480029
  step 3200/5004: loss=3.162675
  step 3300/5004: loss=3.515366
  step 3400/5004: loss=2.933850
  step 3500/5004: loss=3.768365
  step 3600/5004: loss=2.773982
  step 3700/5004: loss=3.023733
  step 3800/5004: loss=3.142287
  step 3900/5004: loss=2.927814
  step 4000/5004: loss=2.921570
  step 4100/5004: loss=3.589336
  step 4200/5004: loss=3.132434
  step 4300/5004: loss=3.595921
  step 4400/5004: loss=2.796122
  step 4500/5004: loss=3.393867
  step 4600/5004: loss=2.790082
  step 4700/5004: loss=2.376787
  step 4800/5004: loss=2.075731
  step 4900/5004: loss=3.269104
  step 5000/5004: loss=2.612543
[pjrt_ffi] RESIDENT: @convnextin_fwd holds 182 parameter tensors (109.1 MB) on 4 devices; they stop crossing PCIe from here
Epoch 286/300: loss=2.846466 lr=0.000002
  epoch 286: test_acc = 40623/50000 = 81.246000%  top5 = 47788/50000 = 95.576000%  [95% CI 80.90–81.59]
  step 0/5004: loss=3.255290
  step 1/5004: loss=3.140140
  step 2/5004: loss=2.016141
  step 100/5004: loss=3.013380
  step 200/5004: loss=3.275476
  step 300/5004: loss=2.782297
  step 400/5004: loss=1.890111
  step 500/5004: loss=3.098008
  step 600/5004: loss=2.129164
  step 700/5004: loss=3.106176
  step 800/5004: loss=3.082696
  step 900/5004: loss=2.990230
  step 1000/5004: loss=2.650126
  step 1100/5004: loss=2.896193
  step 1200/5004: loss=3.450952
  step 1300/5004: loss=3.388736
  step 1400/5004: loss=2.936900
  step 1500/5004: loss=2.990182
  step 1600/5004: loss=3.383040
  step 1700/5004: loss=3.216928
  step 1800/5004: loss=3.477696
  step 1900/5004: loss=3.295773
  step 2000/5004: loss=1.926407
  step 2100/5004: loss=3.073238
  step 2200/5004: loss=1.758972
  step 2300/5004: loss=3.091462
  step 2400/5004: loss=2.543392
  step 2500/5004: loss=2.746566
  step 2600/5004: loss=2.973123
  step 2700/5004: loss=1.622410
  step 2800/5004: loss=1.912746
  step 2900/5004: loss=2.623265
  step 3000/5004: loss=3.247718
  step 3100/5004: loss=2.615154
  step 3200/5004: loss=2.166585
  step 3300/5004: loss=2.963642
  step 3400/5004: loss=3.140746
  step 3500/5004: loss=2.884800
  step 3600/5004: loss=1.657127
  step 3700/5004: loss=3.060745
  step 3800/5004: loss=2.384847
  step 3900/5004: loss=1.439445
  step 4000/5004: loss=3.021358
  step 4100/5004: loss=2.686085
  step 4200/5004: loss=2.616004
  step 4300/5004: loss=2.934292
  step 4400/5004: loss=2.277417
  step 4500/5004: loss=2.477508
  step 4600/5004: loss=2.901021
  step 4700/5004: loss=2.890078
  step 4800/5004: loss=1.842886
  step 4900/5004: loss=1.526943
  step 5000/5004: loss=3.541125
[pjrt_ffi] RESIDENT: @convnextin_fwd holds 182 parameter tensors (109.1 MB) on 4 devices; they stop crossing PCIe from here
Epoch 287/300: loss=2.851791 lr=0.000001
  epoch 287: test_acc = 40682/50000 = 81.364000%  top5 = 47803/50000 = 95.606000%  [95% CI 81.02–81.70]
  step 0/5004: loss=2.731561
  step 1/5004: loss=2.993159
  step 2/5004: loss=3.098006
  step 100/5004: loss=3.546489
  step 200/5004: loss=3.131823
  step 300/5004: loss=3.602843
  step 400/5004: loss=2.683922
  step 500/5004: loss=3.021725
  step 600/5004: loss=2.939625
  step 700/5004: loss=2.682943
  step 800/5004: loss=2.512945
  step 900/5004: loss=2.504972
  step 1000/5004: loss=3.169227
  step 1100/5004: loss=2.283839
  step 1200/5004: loss=2.473566
  step 1300/5004: loss=2.180329
  step 1400/5004: loss=2.691129
  step 1500/5004: loss=1.757675
  step 1600/5004: loss=3.040082
  step 1700/5004: loss=3.423680
  step 1800/5004: loss=1.973523
  step 1900/5004: loss=3.263834
  step 2000/5004: loss=3.042591
  step 2100/5004: loss=1.969623
  step 2200/5004: loss=3.013740
  step 2300/5004: loss=1.688897
  step 2400/5004: loss=2.510230
  step 2500/5004: loss=2.710644
  step 2600/5004: loss=3.098260
  step 2700/5004: loss=2.175487
  step 2800/5004: loss=2.932508
  step 2900/5004: loss=2.617566
  step 3000/5004: loss=2.921796
  step 3100/5004: loss=2.806843
  step 3200/5004: loss=3.301899
  step 3300/5004: loss=2.188434
  step 3400/5004: loss=2.799416
  step 3500/5004: loss=2.977853
  step 3600/5004: loss=2.749954
  step 3700/5004: loss=3.120560
  step 3800/5004: loss=2.891330
  step 3900/5004: loss=3.391890
  step 4000/5004: loss=2.102651
  step 4100/5004: loss=3.462700
  step 4200/5004: loss=2.518540
  step 4300/5004: loss=1.861107
  step 4400/5004: loss=3.406339
  step 4500/5004: loss=2.249928
  step 4600/5004: loss=2.748432
  step 4700/5004: loss=2.085967
  step 4800/5004: loss=3.034499
  step 4900/5004: loss=3.097565
  step 5000/5004: loss=2.901353
[pjrt_ffi] RESIDENT: @convnextin_fwd holds 182 parameter tensors (109.1 MB) on 4 devices; they stop crossing PCIe from here
Epoch 288/300: loss=2.842719 lr=0.000001
  epoch 288: test_acc = 40685/50000 = 81.370000%  top5 = 47806/50000 = 95.612000%  [95% CI 81.03–81.71]
  step 0/5004: loss=1.694336
  step 1/5004: loss=2.934390
  step 2/5004: loss=3.350817
  step 100/5004: loss=2.041674
  step 200/5004: loss=3.454108
  step 300/5004: loss=3.087857
  step 400/5004: loss=2.963066
  step 500/5004: loss=2.947543
  step 600/5004: loss=2.215405
  step 700/5004: loss=3.118119
  step 800/5004: loss=3.335057
  step 900/5004: loss=2.263028
  step 1000/5004: loss=2.870025
  step 1100/5004: loss=2.143558
  step 1200/5004: loss=3.415172
  step 1300/5004: loss=2.108089
  step 1400/5004: loss=1.849148
  step 1500/5004: loss=3.257668
  step 1600/5004: loss=3.350410
  step 1700/5004: loss=2.702733
  step 1800/5004: loss=3.081929
  step 1900/5004: loss=3.024798
  step 2000/5004: loss=3.252336
  step 2100/5004: loss=3.320182
  step 2200/5004: loss=2.455807
  step 2300/5004: loss=2.460667
  step 2400/5004: loss=3.216941
  step 2500/5004: loss=3.350896
  step 2600/5004: loss=2.464607
  step 2700/5004: loss=3.209316
  step 2800/5004: loss=3.253881
  step 2900/5004: loss=3.286246
  step 3000/5004: loss=3.568345
  step 3100/5004: loss=3.410305
  step 3200/5004: loss=2.783175
  step 3300/5004: loss=2.890471
  step 3400/5004: loss=2.147977
  step 3500/5004: loss=2.947824
  step 3600/5004: loss=1.817612
  step 3700/5004: loss=2.854828
  step 3800/5004: loss=3.257522
  step 3900/5004: loss=2.952713
  step 4000/5004: loss=2.796343
  step 4100/5004: loss=3.073693
  step 4200/5004: loss=3.153641
  step 4300/5004: loss=3.060406
  step 4400/5004: loss=2.451599
  step 4500/5004: loss=3.047000
  step 4600/5004: loss=3.403494
  step 4700/5004: loss=2.971159
  step 4800/5004: loss=2.998947
  step 4900/5004: loss=2.999507
  step 5000/5004: loss=2.637495
[pjrt_ffi] RESIDENT: @convnextin_fwd holds 182 parameter tensors (109.1 MB) on 4 devices; they stop crossing PCIe from here
Epoch 289/300: loss=2.843216 lr=0.000001
  epoch 289: test_acc = 40674/50000 = 81.348000%  top5 = 47809/50000 = 95.618000%  [95% CI 81.00–81.69]
  step 0/5004: loss=2.952511
  step 1/5004: loss=3.273224
  step 2/5004: loss=3.192472
  step 100/5004: loss=3.097769
  step 200/5004: loss=3.223059
  step 300/5004: loss=2.967110
  step 400/5004: loss=3.177803
  step 500/5004: loss=2.047935
  step 600/5004: loss=2.526832
  step 700/5004: loss=3.360316
  step 800/5004: loss=3.297703
  step 900/5004: loss=1.774423
  step 1000/5004: loss=2.958061
  step 1100/5004: loss=2.790733
  step 1200/5004: loss=3.011786
  step 1300/5004: loss=1.915199
  step 1400/5004: loss=3.029663
  step 1500/5004: loss=3.258551
  step 1600/5004: loss=3.100053
  step 1700/5004: loss=3.391623
  step 1800/5004: loss=3.128450
  step 1900/5004: loss=2.910169
  step 2000/5004: loss=3.276744
  step 2100/5004: loss=3.343854
  step 2200/5004: loss=2.858469
  step 2300/5004: loss=2.778075
  step 2400/5004: loss=3.219929
  step 2500/5004: loss=2.343265
  step 2600/5004: loss=2.821699
  step 2700/5004: loss=2.498635
  step 2800/5004: loss=2.882935
  step 2900/5004: loss=3.116642
  step 3000/5004: loss=3.043065
  step 3100/5004: loss=3.153800
  step 3200/5004: loss=3.265273
  step 3300/5004: loss=2.211057
  step 3400/5004: loss=3.217937
  step 3500/5004: loss=3.356441
  step 3600/5004: loss=2.670819
  step 3700/5004: loss=2.821076
  step 3800/5004: loss=3.080246
  step 3900/5004: loss=3.560077
  step 4000/5004: loss=2.431437
  step 4100/5004: loss=2.265208
  step 4200/5004: loss=3.141570
  step 4300/5004: loss=2.936452
  step 4400/5004: loss=3.156488
  step 4500/5004: loss=3.496180
  step 4600/5004: loss=2.859489
  step 4700/5004: loss=2.089178
  step 4800/5004: loss=2.398691
  step 4900/5004: loss=3.509676
  step 5000/5004: loss=2.983446
[pjrt_ffi] RESIDENT: @convnextin_fwd holds 182 parameter tensors (109.1 MB) on 4 devices; they stop crossing PCIe from here
Epoch 290/300: loss=2.851760 lr=0.000001
  epoch 290: test_acc = 40683/50000 = 81.366000%  top5 = 47794/50000 = 95.588000%  [95% CI 81.02–81.70]
WARNING: All log messages before absl::InitializeLog() is called are written to STDERR
I0000 00:00:1790073977.747764  159787 port.cc:153] oneDNN custom operations are on. You may see slightly different numerical results due to floating-point round-off errors from different computation orders. To turn them off, set the environment variable `TF_ENABLE_ONEDNN_OPTS=0`.
I0000 00:00:1790073977.774659  159787 cpu_feature_guard.cc:227] This TensorFlow binary is optimized to use available CPU instructions in performance-critical operations.
To enable the following instructions: AVX2 AVX512F AVX512_VNNI AVX512_BF16 AVX512_FP16 AVX_VNNI AMX_TILE AMX_INT8 AMX_BF16 FMA, in other operations, rebuild TensorFlow with the appropriate compiler flags.
WARNING: All log messages before absl::InitializeLog() is called are written to STDERR
I0000 00:00:1790073979.099799  159787 port.cc:153] oneDNN custom operations are on. You may see slightly different numerical results due to floating-point round-off errors from different computation orders. To turn them off, set the environment variable `TF_ENABLE_ONEDNN_OPTS=0`.
  imagenet shim: jax/.lake/build/generated_convnext_tiny_imagenet_shim.py — train split, batch 256, 150528 floats/img (seed 15), wire v4 soft targets [256x1000]
  ▸ shim respawn: producer 2 of 4 replaced after epoch 290 (generation 3, seed 15)
  step 0/5004: loss=3.458305
  step 1/5004: loss=2.982023
I0000 00:00:1790073981.423905  159889 tf_record_dataset_op.cc:396] The default buffer size is 262144, which is overridden by the user specified `buffer_size` of 8388608
  step 2/5004: loss=2.058945
  step 100/5004: loss=3.061324
  step 200/5004: loss=2.289092
  step 300/5004: loss=3.203664
  step 400/5004: loss=2.799142
  step 500/5004: loss=3.114706
  step 600/5004: loss=3.150286
  step 700/5004: loss=3.172360
  step 800/5004: loss=3.620343
  step 900/5004: loss=3.091915
  step 1000/5004: loss=2.887113
  step 1100/5004: loss=2.603599
  step 1200/5004: loss=1.810555
  step 1300/5004: loss=3.029330
  step 1400/5004: loss=1.959440
  step 1500/5004: loss=2.992206
  step 1600/5004: loss=2.384953
  step 1700/5004: loss=3.225899
  step 1800/5004: loss=2.647501
  step 1900/5004: loss=2.937044
  step 2000/5004: loss=1.681589
  step 2100/5004: loss=3.309828
  step 2200/5004: loss=2.996299
  step 2300/5004: loss=2.394920
  step 2400/5004: loss=2.096606
  step 2500/5004: loss=2.300326
  step 2600/5004: loss=3.483212
  step 2700/5004: loss=3.132080
  step 2800/5004: loss=3.356021
  step 2900/5004: loss=2.936976
  step 3000/5004: loss=2.497591
  step 3100/5004: loss=1.619944
  step 3200/5004: loss=3.122581
  step 3300/5004: loss=2.671444
  step 3400/5004: loss=3.060956
  step 3500/5004: loss=2.959669
  step 3600/5004: loss=2.694691
  step 3700/5004: loss=3.413944
  step 3800/5004: loss=3.414537
  step 3900/5004: loss=2.643472
  step 4000/5004: loss=2.784844
  step 4100/5004: loss=2.887551
  step 4200/5004: loss=2.744511
  step 4300/5004: loss=1.784197
  step 4400/5004: loss=3.462120
  step 4500/5004: loss=2.921823
  step 4600/5004: loss=1.774399
  step 4700/5004: loss=3.275131
  step 4800/5004: loss=2.932699
  step 4900/5004: loss=2.556505
  step 5000/5004: loss=1.806767
[pjrt_ffi] RESIDENT: @convnextin_fwd holds 182 parameter tensors (109.1 MB) on 4 devices; they stop crossing PCIe from here
Epoch 291/300: loss=2.844556 lr=0.000001
  epoch 291: test_acc = 40695/50000 = 81.390000%  top5 = 47805/50000 = 95.610000%  [95% CI 81.05–81.73]
  step 0/5004: loss=3.215894
  step 1/5004: loss=2.453969
  step 2/5004: loss=3.022312
  step 100/5004: loss=3.547092
  step 200/5004: loss=3.157667
  step 300/5004: loss=3.279866
  step 400/5004: loss=2.716932
  step 500/5004: loss=2.167318
  step 600/5004: loss=2.934853
  step 700/5004: loss=1.932219
  step 800/5004: loss=2.972692
  step 900/5004: loss=3.010623
  step 1000/5004: loss=3.205318
  step 1100/5004: loss=3.617760
  step 1200/5004: loss=2.461034
  step 1300/5004: loss=1.992483
  step 1400/5004: loss=2.444463
  step 1500/5004: loss=2.344618
  step 1600/5004: loss=3.100553
  step 1700/5004: loss=3.216003
  step 1800/5004: loss=2.119059
  step 1900/5004: loss=3.034158
  step 2000/5004: loss=2.476372
  step 2100/5004: loss=2.037310
  step 2200/5004: loss=3.093435
  step 2300/5004: loss=3.300540
  step 2400/5004: loss=2.394878
  step 2500/5004: loss=2.159830
  step 2600/5004: loss=2.933521
  step 2700/5004: loss=2.990657
  step 2800/5004: loss=3.095594
  step 2900/5004: loss=3.400391
  step 3000/5004: loss=2.680550
  step 3100/5004: loss=2.671549
  step 3200/5004: loss=2.949543
  step 3300/5004: loss=3.116128
  step 3400/5004: loss=3.117612
  step 3500/5004: loss=3.080704
  step 3600/5004: loss=3.074440
  step 3700/5004: loss=3.409575
  step 3800/5004: loss=3.052019
  step 3900/5004: loss=2.968921
  step 4000/5004: loss=3.156234
  step 4100/5004: loss=2.149269
  step 4200/5004: loss=2.917052
  step 4300/5004: loss=2.952737
  step 4400/5004: loss=3.176052
  step 4500/5004: loss=3.785477
  step 4600/5004: loss=2.958580
  step 4700/5004: loss=3.585917
  step 4800/5004: loss=3.088021
  step 4900/5004: loss=2.442466
  step 5000/5004: loss=2.668228
[pjrt_ffi] RESIDENT: @convnextin_fwd holds 182 parameter tensors (109.1 MB) on 4 devices; they stop crossing PCIe from here
Epoch 292/300: loss=2.851773 lr=0.000001
  epoch 292: test_acc = 40677/50000 = 81.354000%  top5 = 47810/50000 = 95.620000%  [95% CI 81.01–81.69]
  step 0/5004: loss=2.727994
  step 1/5004: loss=3.027907
  step 2/5004: loss=2.551032
  step 100/5004: loss=2.731326
  step 200/5004: loss=2.327301
  step 300/5004: loss=2.136807
  step 400/5004: loss=2.110930
  step 500/5004: loss=3.134609
  step 600/5004: loss=1.757408
  step 700/5004: loss=3.064941
  step 800/5004: loss=2.945059
  step 900/5004: loss=3.400518
  step 1000/5004: loss=3.604923
  step 1100/5004: loss=2.744222
  step 1200/5004: loss=3.114017
  step 1300/5004: loss=2.423988
  step 1400/5004: loss=2.179740
  step 1500/5004: loss=2.108148
  step 1600/5004: loss=3.130084
  step 1700/5004: loss=3.295184
  step 1800/5004: loss=3.698148
  step 1900/5004: loss=2.737385
  step 2000/5004: loss=3.558739
  step 2100/5004: loss=3.252429
  step 2200/5004: loss=2.136547
  step 2300/5004: loss=3.120060
  step 2400/5004: loss=3.030879
  step 2500/5004: loss=2.437308
  step 2600/5004: loss=1.642524
  step 2700/5004: loss=3.116595
  step 2800/5004: loss=3.218368
  step 2900/5004: loss=2.729733
  step 3000/5004: loss=1.516259
  step 3100/5004: loss=3.031797
  step 3200/5004: loss=3.448192
  step 3300/5004: loss=2.997627
  step 3400/5004: loss=1.917789
  step 3500/5004: loss=2.944442
  step 3600/5004: loss=3.510050
  step 3700/5004: loss=3.025765
  step 3800/5004: loss=3.069647
  step 3900/5004: loss=3.268527
  step 4000/5004: loss=1.937598
  step 4100/5004: loss=2.889514
  step 4200/5004: loss=2.736310
  step 4300/5004: loss=3.026409
  step 4400/5004: loss=3.316644
  step 4500/5004: loss=2.720609
  step 4600/5004: loss=2.154061
  step 4700/5004: loss=3.243710
  step 4800/5004: loss=2.013996
  step 4900/5004: loss=2.961484
  step 5000/5004: loss=3.590925
[pjrt_ffi] RESIDENT: @convnextin_fwd holds 182 parameter tensors (109.1 MB) on 4 devices; they stop crossing PCIe from here
Epoch 293/300: loss=2.850814 lr=0.000000
  epoch 293: test_acc = 40661/50000 = 81.322000%  top5 = 47810/50000 = 95.620000%  [95% CI 80.98–81.66]
  step 0/5004: loss=2.557779
  step 1/5004: loss=3.111236
  step 2/5004: loss=3.296503
  step 100/5004: loss=2.610494
  step 200/5004: loss=2.594706
  step 300/5004: loss=3.184147
  step 400/5004: loss=2.834959
  step 500/5004: loss=3.692631
  step 600/5004: loss=2.983301
  step 700/5004: loss=3.234852
  step 800/5004: loss=2.695266
  step 900/5004: loss=3.411452
  step 1000/5004: loss=2.708530
  step 1100/5004: loss=3.500146
  step 1200/5004: loss=3.095613
  step 1300/5004: loss=3.402946
  step 1400/5004: loss=3.065560
  step 1500/5004: loss=2.091567
  step 1600/5004: loss=2.225340
  step 1700/5004: loss=2.135803
  step 1800/5004: loss=2.985162
  step 1900/5004: loss=2.144149
  step 2000/5004: loss=2.615879
  step 2100/5004: loss=3.144020
  step 2200/5004: loss=3.027092
  step 2300/5004: loss=3.301671
  step 2400/5004: loss=3.422233
  step 2500/5004: loss=2.274913
  step 2600/5004: loss=3.015903
  step 2700/5004: loss=2.325227
  step 2800/5004: loss=2.108162
  step 2900/5004: loss=2.394675
  step 3000/5004: loss=3.092835
  step 3100/5004: loss=2.168373
  step 3200/5004: loss=3.333869
  step 3300/5004: loss=2.350296
  step 3400/5004: loss=3.251580
  step 3500/5004: loss=2.844753
  step 3600/5004: loss=2.129904
  step 3700/5004: loss=3.009457
  step 3800/5004: loss=2.886998
  step 3900/5004: loss=1.727386
  step 4000/5004: loss=2.107766
  step 4100/5004: loss=2.352583
  step 4200/5004: loss=2.877242
  step 4300/5004: loss=3.610462
  step 4400/5004: loss=2.576911
  step 4500/5004: loss=3.398406
  step 4600/5004: loss=2.915438
  step 4700/5004: loss=2.918488
  step 4800/5004: loss=2.579981
  step 4900/5004: loss=3.653759
  step 5000/5004: loss=2.024813
[pjrt_ffi] RESIDENT: @convnextin_fwd holds 182 parameter tensors (109.1 MB) on 4 devices; they stop crossing PCIe from here
Epoch 294/300: loss=2.844088 lr=0.000000
  epoch 294: test_acc = 40671/50000 = 81.342000%  top5 = 47813/50000 = 95.626000%  [95% CI 81.00–81.68]
  step 0/5004: loss=2.864541
  step 1/5004: loss=2.494213
  step 2/5004: loss=3.454144
  step 100/5004: loss=3.380867
  step 200/5004: loss=2.806405
  step 300/5004: loss=1.848037
  step 400/5004: loss=2.922591
  step 500/5004: loss=2.261626
  step 600/5004: loss=3.289419
  step 700/5004: loss=2.367254
  step 800/5004: loss=2.654474
  step 900/5004: loss=1.788304
  step 1000/5004: loss=3.531889
  step 1100/5004: loss=2.445589
  step 1200/5004: loss=3.286377
  step 1300/5004: loss=3.220167
  step 1400/5004: loss=2.731015
  step 1500/5004: loss=3.069948
  step 1600/5004: loss=3.130923
  step 1700/5004: loss=2.206999
  step 1800/5004: loss=3.307289
  step 1900/5004: loss=1.793874
  step 2000/5004: loss=2.536816
  step 2100/5004: loss=2.601617
  step 2200/5004: loss=3.103464
  step 2300/5004: loss=2.182157
  step 2400/5004: loss=3.357646
  step 2500/5004: loss=3.063936
  step 2600/5004: loss=1.868529
  step 2700/5004: loss=2.604975
  step 2800/5004: loss=2.981825
  step 2900/5004: loss=2.532673
  step 3000/5004: loss=3.541178
  step 3100/5004: loss=2.579206
  step 3200/5004: loss=3.371553
  step 3300/5004: loss=3.234555
  step 3400/5004: loss=1.914748
  step 3500/5004: loss=3.191637
  step 3600/5004: loss=3.304983
  step 3700/5004: loss=3.059736
  step 3800/5004: loss=3.339110
  step 3900/5004: loss=3.139219
  step 4000/5004: loss=3.302673
  step 4100/5004: loss=3.094939
  step 4200/5004: loss=2.107530
  step 4300/5004: loss=3.122337
  step 4400/5004: loss=3.537843
  step 4500/5004: loss=2.830629
  step 4600/5004: loss=3.354308
  step 4700/5004: loss=3.176579
  step 4800/5004: loss=2.050558
  step 4900/5004: loss=3.317276
  step 5000/5004: loss=2.513972
[pjrt_ffi] RESIDENT: @convnextin_fwd holds 182 parameter tensors (109.1 MB) on 4 devices; they stop crossing PCIe from here
Epoch 295/300: loss=2.841949 lr=0.000000
  epoch 295: test_acc = 40661/50000 = 81.322000%  top5 = 47801/50000 = 95.602000%  [95% CI 80.98–81.66]
  step 0/5004: loss=3.099248
  step 1/5004: loss=2.679362
  step 2/5004: loss=3.352726
  step 100/5004: loss=3.152522
  step 200/5004: loss=2.884032
  step 300/5004: loss=3.200739
  step 400/5004: loss=3.180146
  step 500/5004: loss=2.754735
  step 600/5004: loss=2.839149
  step 700/5004: loss=3.603639
  step 800/5004: loss=3.105645
  step 900/5004: loss=2.244095
  step 1000/5004: loss=3.012582
  step 1100/5004: loss=3.398665
  step 1200/5004: loss=3.233771
  step 1300/5004: loss=3.036191
  step 1400/5004: loss=2.653578
  step 1500/5004: loss=2.545414
  step 1600/5004: loss=3.059195
  step 1700/5004: loss=2.231225
  step 1800/5004: loss=1.948332
  step 1900/5004: loss=2.616769
  step 2000/5004: loss=2.983239
  step 2100/5004: loss=3.078736
  step 2200/5004: loss=2.969759
  step 2300/5004: loss=3.403212
  step 2400/5004: loss=2.777711
  step 2500/5004: loss=2.574764
  step 2600/5004: loss=3.104340
  step 2700/5004: loss=3.257867
  step 2800/5004: loss=2.983628
  step 2900/5004: loss=3.437117
  step 3000/5004: loss=3.054729
  step 3100/5004: loss=2.174099
  step 3200/5004: loss=3.044446
  step 3300/5004: loss=3.251260
  step 3400/5004: loss=2.804888
  step 3500/5004: loss=1.402055
  step 3600/5004: loss=2.020040
  step 3700/5004: loss=1.869985
  step 3800/5004: loss=3.270384
  step 3900/5004: loss=2.972351
  step 4000/5004: loss=1.983274
  step 4100/5004: loss=2.524928
  step 4200/5004: loss=2.987604
  step 4300/5004: loss=3.506304
  step 4400/5004: loss=2.833927
  step 4500/5004: loss=2.725720
  step 4600/5004: loss=2.728767
  step 4700/5004: loss=2.289021
  step 4800/5004: loss=3.320239
  step 4900/5004: loss=2.716509
  step 5000/5004: loss=3.010408
[pjrt_ffi] RESIDENT: @convnextin_fwd holds 182 parameter tensors (109.1 MB) on 4 devices; they stop crossing PCIe from here
Epoch 296/300: loss=2.833730 lr=0.000000
  epoch 296: test_acc = 40652/50000 = 81.304000%  top5 = 47807/50000 = 95.614000%  [95% CI 80.96–81.64]
  step 0/5004: loss=2.313833
  step 1/5004: loss=3.418684
  step 2/5004: loss=3.215790
  step 100/5004: loss=2.981889
  step 200/5004: loss=3.200629
  step 300/5004: loss=2.447928
  step 400/5004: loss=3.107818
  step 500/5004: loss=2.982242
  step 600/5004: loss=3.452748
  step 700/5004: loss=3.251417
  step 800/5004: loss=3.200847
  step 900/5004: loss=2.850586
  step 1000/5004: loss=3.649744
  step 1100/5004: loss=2.614766
  step 1200/5004: loss=3.454008
  step 1300/5004: loss=3.040918
  step 1400/5004: loss=2.976706
  step 1500/5004: loss=2.601640
  step 1600/5004: loss=2.110313
  step 1700/5004: loss=1.882785
  step 1800/5004: loss=2.604150
  step 1900/5004: loss=2.916055
  step 2000/5004: loss=3.279131
  step 2100/5004: loss=2.865944
  step 2200/5004: loss=1.599969
  step 2300/5004: loss=2.560169
  step 2400/5004: loss=1.973536
  step 2500/5004: loss=2.931245
  step 2600/5004: loss=1.859587
  step 2700/5004: loss=2.993920
  step 2800/5004: loss=3.513511
  step 2900/5004: loss=3.098244
  step 3000/5004: loss=3.414832
  step 3100/5004: loss=2.984107
  step 3200/5004: loss=3.448990
  step 3300/5004: loss=3.079135
  step 3400/5004: loss=2.506898
  step 3500/5004: loss=2.882290
  step 3600/5004: loss=3.455980
  step 3700/5004: loss=3.011618
  step 3800/5004: loss=2.816538
  step 3900/5004: loss=3.059215
  step 4000/5004: loss=2.916605
  step 4100/5004: loss=3.282765
  step 4200/5004: loss=3.341194
  step 4300/5004: loss=3.000887
  step 4400/5004: loss=3.446147
  step 4500/5004: loss=2.007905
  step 4600/5004: loss=3.200480
  step 4700/5004: loss=2.550409
  step 4800/5004: loss=3.068784
  step 4900/5004: loss=2.530483
  step 5000/5004: loss=3.048401
[pjrt_ffi] RESIDENT: @convnextin_fwd holds 182 parameter tensors (109.1 MB) on 4 devices; they stop crossing PCIe from here
Epoch 297/300: loss=2.852671 lr=0.000000
  epoch 297: test_acc = 40658/50000 = 81.316000%  top5 = 47800/50000 = 95.600000%  [95% CI 80.97–81.66]
  step 0/5004: loss=3.005131
  step 1/5004: loss=3.151558
  step 2/5004: loss=3.183515
  step 100/5004: loss=2.019767
  step 200/5004: loss=3.070039
  step 300/5004: loss=2.696360
  step 400/5004: loss=3.056587
  step 500/5004: loss=2.731354
  step 600/5004: loss=3.088588
  step 700/5004: loss=3.589399
  step 800/5004: loss=2.527045
  step 900/5004: loss=2.636609
  step 1000/5004: loss=3.268414
  step 1100/5004: loss=3.083904
  step 1200/5004: loss=2.422153
  step 1300/5004: loss=3.141937
  step 1400/5004: loss=2.980915
  step 1500/5004: loss=3.402162
  step 1600/5004: loss=3.026639
  step 1700/5004: loss=3.412388
  step 1800/5004: loss=1.927845
  step 1900/5004: loss=3.414805
  step 2000/5004: loss=3.244529
  step 2100/5004: loss=3.383948
  step 2200/5004: loss=3.157227
  step 2300/5004: loss=3.579198
  step 2400/5004: loss=2.689087
  step 2500/5004: loss=3.666416
  step 2600/5004: loss=3.123716
  step 2700/5004: loss=3.470662
  step 2800/5004: loss=3.183521
  step 2900/5004: loss=2.902855
  step 3000/5004: loss=3.178024
  step 3100/5004: loss=2.482284
  step 3200/5004: loss=2.595487
  step 3300/5004: loss=2.080322
  step 3400/5004: loss=2.631037
  step 3500/5004: loss=3.362200
  step 3600/5004: loss=2.741154
  step 3700/5004: loss=1.879010
  step 3800/5004: loss=2.857877
  step 3900/5004: loss=3.004649
  step 4000/5004: loss=2.824764
  step 4100/5004: loss=3.644743
  step 4200/5004: loss=2.916900
  step 4300/5004: loss=2.351537
  step 4400/5004: loss=2.601918
  step 4500/5004: loss=3.618827
  step 4600/5004: loss=2.263055
  step 4700/5004: loss=3.281984
  step 4800/5004: loss=3.201728
  step 4900/5004: loss=3.350718
  step 5000/5004: loss=3.035463
[pjrt_ffi] RESIDENT: @convnextin_fwd holds 182 parameter tensors (109.1 MB) on 4 devices; they stop crossing PCIe from here
Epoch 298/300: loss=2.831075 lr=0.000000
  epoch 298: test_acc = 40659/50000 = 81.318000%  top5 = 47802/50000 = 95.604000%  [95% CI 80.97–81.66]
  step 0/5004: loss=2.487120
  step 1/5004: loss=2.247905
  step 2/5004: loss=2.628521
  step 100/5004: loss=2.309720
  step 200/5004: loss=2.822808
  step 300/5004: loss=2.886562
  step 400/5004: loss=1.949631
  step 500/5004: loss=3.037227
  step 600/5004: loss=3.398759
  step 700/5004: loss=2.624297
  step 800/5004: loss=2.503869
  step 900/5004: loss=3.061015
  step 1000/5004: loss=2.391827
  step 1100/5004: loss=2.998171
  step 1200/5004: loss=1.929530
  step 1300/5004: loss=3.229730
  step 1400/5004: loss=2.757911
  step 1500/5004: loss=1.586003
  step 1600/5004: loss=3.231490
  step 1700/5004: loss=3.340680
  step 1800/5004: loss=1.881850
  step 1900/5004: loss=2.671749
  step 2000/5004: loss=3.407599
  step 2100/5004: loss=3.165393
  step 2200/5004: loss=1.911453
  step 2300/5004: loss=2.869165
  step 2400/5004: loss=2.597241
  step 2500/5004: loss=3.334883
  step 2600/5004: loss=2.765701
  step 2700/5004: loss=3.153136
  step 2800/5004: loss=3.232715
  step 2900/5004: loss=1.739945
  step 3000/5004: loss=3.616727
  step 3100/5004: loss=2.958701
  step 3200/5004: loss=1.797882
  step 3300/5004: loss=2.948591
  step 3400/5004: loss=3.710484
  step 3500/5004: loss=2.725303
  step 3600/5004: loss=2.823040
  step 3700/5004: loss=2.777445
  step 3800/5004: loss=2.764199
  step 3900/5004: loss=2.907136
  step 4000/5004: loss=1.930939
  step 4100/5004: loss=2.697658
  step 4200/5004: loss=2.676039
  step 4300/5004: loss=3.150939
  step 4400/5004: loss=3.074974
  step 4500/5004: loss=2.047661
  step 4600/5004: loss=3.310057
  step 4700/5004: loss=3.009448
  step 4800/5004: loss=3.317717
  step 4900/5004: loss=2.947244
  step 5000/5004: loss=3.450635
[pjrt_ffi] RESIDENT: @convnextin_fwd holds 182 parameter tensors (109.1 MB) on 4 devices; they stop crossing PCIe from here
Epoch 299/300: loss=2.849321 lr=0.000000
  epoch 299: test_acc = 40650/50000 = 81.300000%  top5 = 47803/50000 = 95.606000%  [95% CI 80.96–81.64]
  step 0/5004: loss=2.842909
  step 1/5004: loss=3.115609
  step 2/5004: loss=3.167256
  step 100/5004: loss=2.920754
  step 200/5004: loss=2.764765
  step 300/5004: loss=3.004029
  step 400/5004: loss=3.085811
  step 500/5004: loss=3.580277
  step 600/5004: loss=3.467301
  step 700/5004: loss=1.885889
  step 800/5004: loss=2.213208
  step 900/5004: loss=3.501534
  step 1000/5004: loss=2.584634
  step 1100/5004: loss=3.310893
  step 1200/5004: loss=2.790712
  step 1300/5004: loss=2.581771
  step 1400/5004: loss=1.876411
  step 1500/5004: loss=3.300827
  step 1600/5004: loss=2.477338
  step 1700/5004: loss=2.834124
  step 1800/5004: loss=2.978839
  step 1900/5004: loss=1.991700
  step 2000/5004: loss=2.735053
  step 2100/5004: loss=3.366063
  step 2200/5004: loss=3.334856
  step 2300/5004: loss=2.997907
  step 2400/5004: loss=3.263902
  step 2500/5004: loss=1.658795
  step 2600/5004: loss=3.275940
  step 2700/5004: loss=1.837920
  step 2800/5004: loss=3.138570
  step 2900/5004: loss=2.967829
  step 3000/5004: loss=1.998438
  step 3100/5004: loss=3.149546
  step 3200/5004: loss=3.198972
  step 3300/5004: loss=3.059715
  step 3400/5004: loss=1.873950
  step 3500/5004: loss=2.602736
  step 3600/5004: loss=2.377586
  step 3700/5004: loss=2.585703
  step 3800/5004: loss=3.056479
  step 3900/5004: loss=2.792731
  step 4000/5004: loss=2.766938
  step 4100/5004: loss=3.403788
  step 4200/5004: loss=2.790253
  step 4300/5004: loss=2.929712
  step 4400/5004: loss=2.934988
  step 4500/5004: loss=3.416098
  step 4600/5004: loss=3.025492
  step 4700/5004: loss=2.257008
  step 4800/5004: loss=3.254688
  step 4900/5004: loss=2.573808
  step 5000/5004: loss=2.765446
[pjrt_ffi] RESIDENT: @convnextin_fwd holds 182 parameter tensors (109.1 MB) on 4 devices; they stop crossing PCIe from here
Epoch 300/300: loss=2.844937 lr=0.000000
  epoch 300: test_acc = 40651/50000 = 81.302000%  top5 = 47804/50000 = 95.608000%  [95% CI 80.96–81.64]
