===== 2026-09-12 23:06:23 attempt 1 (from epoch 0) =====
I0912 23:06:24.456705 2481003 service.cc:154] XLA service 0x7ea4c4052930 initialized for platform CUDA (this does not guarantee that XLA will be used). Devices:
I0912 23:06:24.456770 2481003 service.cc:170]   StreamExecutor [0]: NVIDIA GeForce RTX 3060, Compute Capability 8.6 (Driver: 13.3.0[610.57.4]; Runtime: 13.3.0; Toolkit: 13.0.0; DNN: 9.24.0)
I0912 23:06:24.456782 2481003 service.cc:170]   StreamExecutor [1]: NVIDIA GeForce RTX 3060, Compute Capability 8.6 (Driver: 13.3.0[610.57.4]; Runtime: 13.3.0; Toolkit: 13.0.0; DNN: 9.24.0)
I0912 23:06:24.456789 2481003 service.cc:170]   StreamExecutor [2]: NVIDIA GeForce RTX 3060, Compute Capability 8.6 (Driver: 13.3.0[610.57.4]; Runtime: 13.3.0; Toolkit: 13.0.0; DNN: 9.24.0)
I0912 23:06:24.456794 2481003 service.cc:170]   StreamExecutor [3]: NVIDIA GeForce RTX 3060, Compute Capability 8.6 (Driver: 13.3.0[610.57.4]; Runtime: 13.3.0; Toolkit: 13.0.0; DNN: 9.24.0)
I0912 23:06:24.460065 2481003 se_gpu_pjrt_client.cc:1450] Using BFC allocator.
I0912 23:06:24.460103 2481003 gpu_helpers.cc:162] XLA backend allocating 8.72GiB (9365880832 bytes) on device 0 for BFCAllocator.
I0912 23:06:24.460140 2481003 gpu_helpers.cc:162] XLA backend allocating 8.72GiB (9365880832 bytes) on device 1 for BFCAllocator.
I0912 23:06:24.460148 2481003 gpu_helpers.cc:162] XLA backend allocating 8.72GiB (9365880832 bytes) on device 2 for BFCAllocator.
I0912 23:06:24.460158 2481003 gpu_helpers.cc:162] XLA backend allocating 8.72GiB (9365880832 bytes) on device 3 for BFCAllocator.
[pjrt_ffi] XLA backend: PJRT 0.114, 4 device(s)
[pjrt_ffi] command buffers: enabled (CUDA default)
I0912 23:06:24.559845 2481003 se_gpu_pjrt_compiler.cc:382] Found GPU target config and a PjRtClient with matching configuration. Performing a JIT compilation.
I0912 23:06:26.785604 2481003 cuda_dnn.cc:442] Loaded cuDNN version 92400
W0912 23:06:27.963560 2481066 cuda_timer.cc:88] Delay kernel timed out: measured time has sub-optimal accuracy. There may be a missing warmup execution, please investigate in Nsight Systems.
W0912 23:06:28.094571 2481066 cuda_timer.cc:88] Delay kernel timed out: measured time has sub-optimal accuracy. There may be a missing warmup execution, please investigate in Nsight Systems.
I0912 23:06:29.370107 2481078 subprocess_compilation.cc:349] ptxas warning : Registers are spilled to local memory in function 'gemm_fusion_dot_44', 96 bytes spill stores, 64 bytes spill loads

I0912 23:06:29.491878 2481082 subprocess_compilation.cc:349] ptxas warning : Registers are spilled to local memory in function 'gemm_fusion_dot_44', 96 bytes spill stores, 64 bytes spill loads

W0912 23:06:30.238466 2481066 cuda_timer.cc:88] Delay kernel timed out: measured time has sub-optimal accuracy. There may be a missing warmup execution, please investigate in Nsight Systems.
W0912 23:06:31.501268 2481066 cuda_timer.cc:88] Delay kernel timed out: measured time has sub-optimal accuracy. There may be a missing warmup execution, please investigate in Nsight Systems.
W0912 23:06:34.803359 2481060 cuda_timer.cc:88] Delay kernel timed out: measured time has sub-optimal accuracy. There may be a missing warmup execution, please investigate in Nsight Systems.
I0912 23:06:45.129337 2481076 subprocess_compilation.cc:349] ptxas warning : Registers are spilled to local memory in function 'gemm_fusion_dot_45', 128 bytes spill stores, 72 bytes spill loads

[pjrt_ffi] compiled verified_mlir/efficientnetin_emarmsdp64dropdobf16_train_step.mlir (@efficientnetin_emarmsdp64dropdobf16_train_step, 965 outputs, 4 replicas) in 36570 ms
I0912 23:07:01.399811 2481064 subprocess_compilation.cc:349] ptxas warning : Registers are spilled to local memory in function 'gemm_fusion_dot_10', 12 bytes spill stores, 12 bytes spill loads

I0912 23:07:01.487714 2481077 subprocess_compilation.cc:349] ptxas warning : Registers are spilled to local memory in function 'gemm_fusion_dot_10', 64 bytes spill stores, 64 bytes spill loads

I0912 23:07:01.642723 2481078 subprocess_compilation.cc:349] ptxas warning : Registers are spilled to local memory in function 'gemm_fusion_dot_10', 128 bytes spill stores, 84 bytes spill loads

[pjrt_ffi] compiled verified_mlir/efficientnetin_fwd.mlir (@efficientnetin_fwd, 1 outputs, 1 replica) in 6196 ms
[pjrt_ffi] compiled verified_mlir/efficientnetin_fwd_eval.mlir (@efficientnetin_fwd_eval, 1 outputs, 1 replica) in 518 ms
WARNING: All log messages before absl::InitializeLog() is called are written to STDERR
I0000 00:00:1789254428.097425 2484178 port.cc:153] oneDNN custom operations are on. You may see slightly different numerical results due to floating-point round-off errors from different computation orders. To turn them off, set the environment variable `TF_ENABLE_ONEDNN_OPTS=0`.
I0000 00:00:1789254428.128116 2484178 cpu_feature_guard.cc:227] This TensorFlow binary is optimized to use available CPU instructions in performance-critical operations.
To enable the following instructions: AVX2 AVX512F AVX512_VNNI AVX512_BF16 AVX512_FP16 AVX_VNNI AMX_TILE AMX_INT8 AMX_BF16 FMA, in other operations, rebuild TensorFlow with the appropriate compiler flags.
WARNING: All log messages before absl::InitializeLog() is called are written to STDERR
I0000 00:00:1789254429.173450 2484178 port.cc:153] oneDNN custom operations are on. You may see slightly different numerical results due to floating-point round-off errors from different computation orders. To turn them off, set the environment variable `TF_ENABLE_ONEDNN_OPTS=0`.
I0000 00:00:1789254429.712866 2484285 tf_record_dataset_op.cc:396] The default buffer size is 262144, which is overridden by the user specified `buffer_size` of 8388608
EfficientNet-B0 on full 1000-class ImageNet via the VERIFIED renderer → XLA/PJRT → GPU, with the tfds batch shim supplying the same augmentation the Lean→JAX reference trainer uses
  xla/pjrt verified_mlir/efficientnetin_emarmsdp64dropdobf16_train_step.mlir
  xla/pjrt verified_mlir/efficientnetin_fwd.mlir
  xla/pjrt verified_mlir/efficientnetin_fwd_eval.mlir
  imagenet shim: jax/.lake/build/generated_efficientnet_b0_imagenet_shim.py — validation split, batch 256, 150528 floats/img (seed 0)
  imagenet: draining the val split into RAM (~30 GB, one time)…
  imagenet: val ready — 50000 images, 28710 MB
  ▸ val = all 50,000 (timm's denominator; drop_remainder=False on the val split)
  train 1281167, test 50000; bs 64, EfficientNet-B0 (ImageNet-1k) emarmsdp64dropdobf16 (exp x0.970000/2.400000ep+warmup 5ep, baseLR 0.016000), He init
  ▸ RMSPROP: m = momentum buffer (init 0), v = running MEAN-SQUARE (init 1.0, TF convention — this optimizer is not bias-corrected)
  ▸ STOCHASTIC DEPTH: 9 drop sites, keeps #[0.973000, 0.947000, 0.920000, 0.907000, 0.880000, 0.867000, 0.840000, 0.827000, 0.813000] — host-drawn per step, 1/keep folded in, NOT on the resident path. Eval is the identity (drop-free forward).
  ▸ CLASSIFIER DROPOUT: keep 0.800000, mask tensor<256x1280xf32> (PER-ELEMENT, one Bernoulli per example×feature — not per-example like the drop scales), host-drawn per step at seed+999983, 1/keep folded in. Eval is the identity (drop-free forward).
  ▸ EMA: region 3 of 4 [θ|m|v|ema], shadow starts AT the weights, decay min(0.999900, (1+t)/(10+t)) — TF warmup-corrected. EVAL AND CHECKPOINT SCORE THE SHADOW.
  running-stats BN: 49 layers, 42016 stat floats → eval via @efficientnetin_fwd_eval
     decay 0.990000 (TF sense; = PyTorch/timm momentum 0.010000), new-batch weight 0.010000
  DATA-PARALLEL: 4 replicas x bs 64 = global batch 256, 5004 steps/epoch
WARNING: All log messages before absl::InitializeLog() is called are written to STDERR
I0000 00:00:1789254467.571728 2484549 port.cc:153] oneDNN custom operations are on. You may see slightly different numerical results due to floating-point round-off errors from different computation orders. To turn them off, set the environment variable `TF_ENABLE_ONEDNN_OPTS=0`.
I0000 00:00:1789254467.600642 2484549 cpu_feature_guard.cc:227] This TensorFlow binary is optimized to use available CPU instructions in performance-critical operations.
To enable the following instructions: AVX2 AVX512F AVX512_VNNI AVX512_BF16 AVX512_FP16 AVX_VNNI AMX_TILE AMX_INT8 AMX_BF16 FMA, in other operations, rebuild TensorFlow with the appropriate compiler flags.
WARNING: All log messages before absl::InitializeLog() is called are written to STDERR
I0000 00:00:1789254468.635856 2484549 port.cc:153] oneDNN custom operations are on. You may see slightly different numerical results due to floating-point round-off errors from different computation orders. To turn them off, set the environment variable `TF_ENABLE_ONEDNN_OPTS=0`.
I0000 00:00:1789254472.205487 2484665 tf_record_dataset_op.cc:396] The default buffer size is 262144, which is overridden by the user specified `buffer_size` of 8388608
WARNING: All log messages before absl::InitializeLog() is called are written to STDERR
I0000 00:00:1789254472.276279 2484667 port.cc:153] oneDNN custom operations are on. You may see slightly different numerical results due to floating-point round-off errors from different computation orders. To turn them off, set the environment variable `TF_ENABLE_ONEDNN_OPTS=0`.
I0000 00:00:1789254472.316690 2484667 cpu_feature_guard.cc:227] This TensorFlow binary is optimized to use available CPU instructions in performance-critical operations.
To enable the following instructions: AVX2 AVX512F AVX512_VNNI AVX512_BF16 AVX512_FP16 AVX_VNNI AMX_TILE AMX_INT8 AMX_BF16 FMA, in other operations, rebuild TensorFlow with the appropriate compiler flags.
WARNING: All log messages before absl::InitializeLog() is called are written to STDERR
I0000 00:00:1789254473.695950 2484667 port.cc:153] oneDNN custom operations are on. You may see slightly different numerical results due to floating-point round-off errors from different computation orders. To turn them off, set the environment variable `TF_ENABLE_ONEDNN_OPTS=0`.
I0000 00:00:1789254477.205371 2484904 tf_record_dataset_op.cc:396] The default buffer size is 262144, which is overridden by the user specified `buffer_size` of 8388608
WARNING: All log messages before absl::InitializeLog() is called are written to STDERR
I0000 00:00:1789254477.357739 2484906 port.cc:153] oneDNN custom operations are on. You may see slightly different numerical results due to floating-point round-off errors from different computation orders. To turn them off, set the environment variable `TF_ENABLE_ONEDNN_OPTS=0`.
I0000 00:00:1789254477.398823 2484906 cpu_feature_guard.cc:227] This TensorFlow binary is optimized to use available CPU instructions in performance-critical operations.
To enable the following instructions: AVX2 AVX512F AVX512_VNNI AVX512_BF16 AVX512_FP16 AVX_VNNI AMX_TILE AMX_INT8 AMX_BF16 FMA, in other operations, rebuild TensorFlow with the appropriate compiler flags.
WARNING: All log messages before absl::InitializeLog() is called are written to STDERR
I0000 00:00:1789254478.767823 2484906 port.cc:153] oneDNN custom operations are on. You may see slightly different numerical results due to floating-point round-off errors from different computation orders. To turn them off, set the environment variable `TF_ENABLE_ONEDNN_OPTS=0`.
I0000 00:00:1789254482.245668 2485095 tf_record_dataset_op.cc:396] The default buffer size is 262144, which is overridden by the user specified `buffer_size` of 8388608
WARNING: All log messages before absl::InitializeLog() is called are written to STDERR
I0000 00:00:1789254482.384455 2485096 port.cc:153] oneDNN custom operations are on. You may see slightly different numerical results due to floating-point round-off errors from different computation orders. To turn them off, set the environment variable `TF_ENABLE_ONEDNN_OPTS=0`.
I0000 00:00:1789254482.426184 2485096 cpu_feature_guard.cc:227] This TensorFlow binary is optimized to use available CPU instructions in performance-critical operations.
To enable the following instructions: AVX2 AVX512F AVX512_VNNI AVX512_BF16 AVX512_FP16 AVX_VNNI AMX_TILE AMX_INT8 AMX_BF16 FMA, in other operations, rebuild TensorFlow with the appropriate compiler flags.
WARNING: All log messages before absl::InitializeLog() is called are written to STDERR
I0000 00:00:1789254483.785137 2485096 port.cc:153] oneDNN custom operations are on. You may see slightly different numerical results due to floating-point round-off errors from different computation orders. To turn them off, set the environment variable `TF_ENABLE_ONEDNN_OPTS=0`.
[pjrt_ffi] RESIDENT: @efficientnetin_emarmsdp64dropdobf16_train_step holds 852 parameter tensors (80.7 MB) on 4 devices; they stop crossing PCIe from here
I0912 23:08:07.244257 2481057 cuda_dnn.cc:442] Loaded cuDNN version 92400
I0912 23:08:07.244293 2481051 cuda_dnn.cc:442] Loaded cuDNN version 92400
I0912 23:08:07.244329 2481054 cuda_dnn.cc:442] Loaded cuDNN version 92400
I0000 00:00:1789254487.619073 2485719 tf_record_dataset_op.cc:396] The default buffer size is 262144, which is overridden by the user specified `buffer_size` of 8388608
  imagenet shim: jax/.lake/build/generated_efficientnet_b0_imagenet_shim.py — train split, batch 256, 150528 floats/img (seed 1)
  imagenet shim: jax/.lake/build/generated_efficientnet_b0_imagenet_shim.py — train split, batch 256, 150528 floats/img (seed 2)
  imagenet shim: jax/.lake/build/generated_efficientnet_b0_imagenet_shim.py — train split, batch 256, 150528 floats/img (seed 3)
  imagenet shim: jax/.lake/build/generated_efficientnet_b0_imagenet_shim.py — train split, batch 256, 150528 floats/img (seed 4)
  imagenet shim: 4 sharded producers (round-robin over batches)
  ▸ SHIM PREFETCH: ON (depth 4 over 4 producer handle(s) — each step's read is issued before the previous step's invoke, one in flight PER HANDLE, so every producer drains during compute instead of blocking in write()). Measured 377 → 224 ms/step on R34/ImageNet 4×bs64 for depth 1. Batch buffers are allocated and freed on the main thread; the pool only fills them.
  step 0/5004: loss=6.971761
  step 1/5004: loss=7.015242
  step 2/5004: loss=7.006145
  step 100/5004: loss=6.964692
  step 200/5004: loss=6.961686
  step 300/5004: loss=6.910347
  step 400/5004: loss=6.904453
  step 500/5004: loss=6.879292
  step 600/5004: loss=6.846804
  step 700/5004: loss=6.714075
  step 800/5004: loss=6.829314
  step 900/5004: loss=6.657208
  step 1000/5004: loss=6.723810
  step 1100/5004: loss=6.408747
  step 1200/5004: loss=6.523073
  step 1300/5004: loss=6.427075
  step 1400/5004: loss=6.415707
  step 1500/5004: loss=6.250865
  step 1600/5004: loss=6.109646
  step 1700/5004: loss=6.364518
  step 1800/5004: loss=6.088541
  step 1900/5004: loss=6.166859
  step 2000/5004: loss=6.328712
  step 2100/5004: loss=6.043035
  step 2200/5004: loss=6.150082
  step 2300/5004: loss=6.094815
  step 2400/5004: loss=5.579632
  step 2500/5004: loss=5.758359
  step 2600/5004: loss=5.684103
  step 2700/5004: loss=5.909636
  step 2800/5004: loss=5.817309
  step 2900/5004: loss=5.940269
  step 3000/5004: loss=6.040213
  step 3100/5004: loss=6.100521
  step 3200/5004: loss=5.741369
  step 3300/5004: loss=5.615309
  step 3400/5004: loss=5.555765
  step 3500/5004: loss=5.742511
  step 3600/5004: loss=5.220252
  step 3700/5004: loss=5.641026
  step 3800/5004: loss=5.563892
  step 3900/5004: loss=5.782954
  step 4000/5004: loss=5.104720
  step 4100/5004: loss=5.683541
  step 4200/5004: loss=5.353604
  step 4300/5004: loss=5.447644
  step 4400/5004: loss=5.211088
  step 4500/5004: loss=5.469831
  step 4600/5004: loss=5.156626
  step 4700/5004: loss=5.648902
  step 4800/5004: loss=5.210200
  step 4900/5004: loss=5.491006
  step 5000/5004: loss=5.103780
[pjrt_ffi] RESIDENT: @efficientnetin_fwd_eval holds 311 parameter tensors (20.3 MB) on 1 device; they stop crossing PCIe from here
Epoch 1/350: loss=6.029708 lr=0.003200
  epoch 1: test_acc = 10308/50000 = 20.616000%  top5 = 21612/50000 = 43.224000%  [95% CI 20.26–20.97]
    BN companion -> .lake/build/efficientnetin_emarmsdp64dropdobf16_ckpt_xla.bin.bn (42016 floats x 2, hash 7468205912590194089)
  step 0/5004: loss=5.430421
  step 1/5004: loss=5.108153
===== 2026-09-12 23:20:25 attempt 2 (from epoch 1) =====
I0912 23:20:26.831152 2489675 service.cc:154] XLA service 0x7bef08008500 initialized for platform CUDA (this does not guarantee that XLA will be used). Devices:
I0912 23:20:26.831223 2489675 service.cc:170]   StreamExecutor [0]: NVIDIA GeForce RTX 3060, Compute Capability 8.6 (Driver: 13.3.0[610.57.4]; Runtime: 13.3.0; Toolkit: 13.0.0; DNN: 9.24.0)
I0912 23:20:26.831236 2489675 service.cc:170]   StreamExecutor [1]: NVIDIA GeForce RTX 3060, Compute Capability 8.6 (Driver: 13.3.0[610.57.4]; Runtime: 13.3.0; Toolkit: 13.0.0; DNN: 9.24.0)
I0912 23:20:26.831247 2489675 service.cc:170]   StreamExecutor [2]: NVIDIA GeForce RTX 3060, Compute Capability 8.6 (Driver: 13.3.0[610.57.4]; Runtime: 13.3.0; Toolkit: 13.0.0; DNN: 9.24.0)
I0912 23:20:26.831256 2489675 service.cc:170]   StreamExecutor [3]: NVIDIA GeForce RTX 3060, Compute Capability 8.6 (Driver: 13.3.0[610.57.4]; Runtime: 13.3.0; Toolkit: 13.0.0; DNN: 9.24.0)
I0912 23:20:26.835302 2489675 se_gpu_pjrt_client.cc:1450] Using BFC allocator.
I0912 23:20:26.835345 2489675 gpu_helpers.cc:162] XLA backend allocating 8.72GiB (9365880832 bytes) on device 0 for BFCAllocator.
I0912 23:20:26.835390 2489675 gpu_helpers.cc:162] XLA backend allocating 8.72GiB (9365880832 bytes) on device 1 for BFCAllocator.
I0912 23:20:26.835405 2489675 gpu_helpers.cc:162] XLA backend allocating 8.72GiB (9365880832 bytes) on device 2 for BFCAllocator.
I0912 23:20:26.835416 2489675 gpu_helpers.cc:162] XLA backend allocating 8.72GiB (9365880832 bytes) on device 3 for BFCAllocator.
[pjrt_ffi] XLA backend: PJRT 0.114, 4 device(s)
[pjrt_ffi] command buffers: enabled (CUDA default)
I0912 23:20:26.930902 2489675 se_gpu_pjrt_compiler.cc:382] Found GPU target config and a PjRtClient with matching configuration. Performing a JIT compilation.
I0912 23:20:29.115530 2489675 cuda_dnn.cc:442] Loaded cuDNN version 92400
W0912 23:20:30.400315 2489755 cuda_timer.cc:88] Delay kernel timed out: measured time has sub-optimal accuracy. There may be a missing warmup execution, please investigate in Nsight Systems.
W0912 23:20:31.267170 2489755 cuda_timer.cc:88] Delay kernel timed out: measured time has sub-optimal accuracy. There may be a missing warmup execution, please investigate in Nsight Systems.
W0912 23:20:31.381783 2489755 cuda_timer.cc:88] Delay kernel timed out: measured time has sub-optimal accuracy. There may be a missing warmup execution, please investigate in Nsight Systems.
I0912 23:20:31.652531 2489737 subprocess_compilation.cc:349] ptxas warning : Registers are spilled to local memory in function 'gemm_fusion_dot_44', 96 bytes spill stores, 64 bytes spill loads

I0912 23:20:31.901777 2489734 subprocess_compilation.cc:349] ptxas warning : Registers are spilled to local memory in function 'gemm_fusion_dot_44', 96 bytes spill stores, 64 bytes spill loads

W0912 23:20:32.629102 2489755 cuda_timer.cc:88] Delay kernel timed out: measured time has sub-optimal accuracy. There may be a missing warmup execution, please investigate in Nsight Systems.
W0912 23:20:33.939810 2489755 cuda_timer.cc:88] Delay kernel timed out: measured time has sub-optimal accuracy. There may be a missing warmup execution, please investigate in Nsight Systems.
I0912 23:20:57.771583 2489750 subprocess_compilation.cc:349] ptxas warning : Registers are spilled to local memory in function 'gemm_fusion_dot_45', 128 bytes spill stores, 72 bytes spill loads

[pjrt_ffi] compiled verified_mlir/efficientnetin_emarmsdp64dropdobf16_train_step.mlir (@efficientnetin_emarmsdp64dropdobf16_train_step, 965 outputs, 4 replicas) in 37040 ms
I0912 23:21:04.245598 2489740 subprocess_compilation.cc:349] ptxas warning : Registers are spilled to local memory in function 'gemm_fusion_dot_10', 12 bytes spill stores, 12 bytes spill loads

I0912 23:21:04.404670 2489734 subprocess_compilation.cc:349] ptxas warning : Registers are spilled to local memory in function 'gemm_fusion_dot_10', 64 bytes spill stores, 64 bytes spill loads

I0912 23:21:04.476788 2489753 subprocess_compilation.cc:349] ptxas warning : Registers are spilled to local memory in function 'gemm_fusion_dot_10', 128 bytes spill stores, 84 bytes spill loads

[pjrt_ffi] compiled verified_mlir/efficientnetin_fwd.mlir (@efficientnetin_fwd, 1 outputs, 1 replica) in 6107 ms
[pjrt_ffi] compiled verified_mlir/efficientnetin_fwd_eval.mlir (@efficientnetin_fwd_eval, 1 outputs, 1 replica) in 520 ms
WARNING: All log messages before absl::InitializeLog() is called are written to STDERR
I0000 00:00:1789255270.863367 2492774 port.cc:153] oneDNN custom operations are on. You may see slightly different numerical results due to floating-point round-off errors from different computation orders. To turn them off, set the environment variable `TF_ENABLE_ONEDNN_OPTS=0`.
I0000 00:00:1789255270.892566 2492774 cpu_feature_guard.cc:227] This TensorFlow binary is optimized to use available CPU instructions in performance-critical operations.
To enable the following instructions: AVX2 AVX512F AVX512_VNNI AVX512_BF16 AVX512_FP16 AVX_VNNI AMX_TILE AMX_INT8 AMX_BF16 FMA, in other operations, rebuild TensorFlow with the appropriate compiler flags.
WARNING: All log messages before absl::InitializeLog() is called are written to STDERR
I0000 00:00:1789255271.927178 2492774 port.cc:153] oneDNN custom operations are on. You may see slightly different numerical results due to floating-point round-off errors from different computation orders. To turn them off, set the environment variable `TF_ENABLE_ONEDNN_OPTS=0`.
I0000 00:00:1789255272.458594 2492885 tf_record_dataset_op.cc:396] The default buffer size is 262144, which is overridden by the user specified `buffer_size` of 8388608
EfficientNet-B0 on full 1000-class ImageNet via the VERIFIED renderer → XLA/PJRT → GPU, with the tfds batch shim supplying the same augmentation the Lean→JAX reference trainer uses
  xla/pjrt verified_mlir/efficientnetin_emarmsdp64dropdobf16_train_step.mlir
  xla/pjrt verified_mlir/efficientnetin_fwd.mlir
  xla/pjrt verified_mlir/efficientnetin_fwd_eval.mlir
  imagenet shim: jax/.lake/build/generated_efficientnet_b0_imagenet_shim.py — validation split, batch 256, 150528 floats/img (seed 0)
  imagenet: draining the val split into RAM (~30 GB, one time)…
  imagenet: val ready — 50000 images, 28710 MB
  ▸ val = all 50,000 (timm's denominator; drop_remainder=False on the val split)
  train 1281167, test 50000; bs 64, EfficientNet-B0 (ImageNet-1k) emarmsdp64dropdobf16 (exp x0.970000/2.400000ep+warmup 5ep, baseLR 0.016000), He init
  ▸ RMSPROP: m = momentum buffer (init 0), v = running MEAN-SQUARE (init 1.0, TF convention — this optimizer is not bias-corrected)
  ▸ STOCHASTIC DEPTH: 9 drop sites, keeps #[0.973000, 0.947000, 0.920000, 0.907000, 0.880000, 0.867000, 0.840000, 0.827000, 0.813000] — host-drawn per step, 1/keep folded in, NOT on the resident path. Eval is the identity (drop-free forward).
  ▸ CLASSIFIER DROPOUT: keep 0.800000, mask tensor<256x1280xf32> (PER-ELEMENT, one Bernoulli per example×feature — not per-example like the drop scales), host-drawn per step at seed+999983, 1/keep folded in. Eval is the identity (drop-free forward).
  ▸ EMA: region 3 of 4 [θ|m|v|ema], shadow starts AT the weights, decay min(0.999900, (1+t)/(10+t)) — TF warmup-corrected. EVAL AND CHECKPOINT SCORE THE SHADOW.
  running-stats BN: 49 layers, 42016 stat floats → eval via @efficientnetin_fwd_eval
     decay 0.990000 (TF sense; = PyTorch/timm momentum 0.010000), new-batch weight 0.010000
  DATA-PARALLEL: 4 replicas x bs 64 = global batch 256, 5004 steps/epoch
  ▸ resuming from checkpoint at epoch 1
  ▸ resumed BN running stats + ema_bn from .lake/build/efficientnetin_emarmsdp64dropdobf16_ckpt_xla.bin.bn (hash 7468205912590194089)
WARNING: All log messages before absl::InitializeLog() is called are written to STDERR
I0000 00:00:1789255310.113903 2493132 port.cc:153] oneDNN custom operations are on. You may see slightly different numerical results due to floating-point round-off errors from different computation orders. To turn them off, set the environment variable `TF_ENABLE_ONEDNN_OPTS=0`.
I0000 00:00:1789255310.142483 2493132 cpu_feature_guard.cc:227] This TensorFlow binary is optimized to use available CPU instructions in performance-critical operations.
To enable the following instructions: AVX2 AVX512F AVX512_VNNI AVX512_BF16 AVX512_FP16 AVX_VNNI AMX_TILE AMX_INT8 AMX_BF16 FMA, in other operations, rebuild TensorFlow with the appropriate compiler flags.
WARNING: All log messages before absl::InitializeLog() is called are written to STDERR
I0000 00:00:1789255311.185421 2493132 port.cc:153] oneDNN custom operations are on. You may see slightly different numerical results due to floating-point round-off errors from different computation orders. To turn them off, set the environment variable `TF_ENABLE_ONEDNN_OPTS=0`.
I0000 00:00:1789255314.656066 2493258 tf_record_dataset_op.cc:396] The default buffer size is 262144, which is overridden by the user specified `buffer_size` of 8388608
WARNING: All log messages before absl::InitializeLog() is called are written to STDERR
I0000 00:00:1789255314.790189 2493259 port.cc:153] oneDNN custom operations are on. You may see slightly different numerical results due to floating-point round-off errors from different computation orders. To turn them off, set the environment variable `TF_ENABLE_ONEDNN_OPTS=0`.
I0000 00:00:1789255314.830184 2493259 cpu_feature_guard.cc:227] This TensorFlow binary is optimized to use available CPU instructions in performance-critical operations.
To enable the following instructions: AVX2 AVX512F AVX512_VNNI AVX512_BF16 AVX512_FP16 AVX_VNNI AMX_TILE AMX_INT8 AMX_BF16 FMA, in other operations, rebuild TensorFlow with the appropriate compiler flags.
WARNING: All log messages before absl::InitializeLog() is called are written to STDERR
I0000 00:00:1789255316.178205 2493259 port.cc:153] oneDNN custom operations are on. You may see slightly different numerical results due to floating-point round-off errors from different computation orders. To turn them off, set the environment variable `TF_ENABLE_ONEDNN_OPTS=0`.
I0000 00:00:1789255319.635530 2493455 tf_record_dataset_op.cc:396] The default buffer size is 262144, which is overridden by the user specified `buffer_size` of 8388608
WARNING: All log messages before absl::InitializeLog() is called are written to STDERR
I0000 00:00:1789255319.710369 2493456 port.cc:153] oneDNN custom operations are on. You may see slightly different numerical results due to floating-point round-off errors from different computation orders. To turn them off, set the environment variable `TF_ENABLE_ONEDNN_OPTS=0`.
I0000 00:00:1789255319.750067 2493456 cpu_feature_guard.cc:227] This TensorFlow binary is optimized to use available CPU instructions in performance-critical operations.
To enable the following instructions: AVX2 AVX512F AVX512_VNNI AVX512_BF16 AVX512_FP16 AVX_VNNI AMX_TILE AMX_INT8 AMX_BF16 FMA, in other operations, rebuild TensorFlow with the appropriate compiler flags.
WARNING: All log messages before absl::InitializeLog() is called are written to STDERR
I0000 00:00:1789255321.100838 2493456 port.cc:153] oneDNN custom operations are on. You may see slightly different numerical results due to floating-point round-off errors from different computation orders. To turn them off, set the environment variable `TF_ENABLE_ONEDNN_OPTS=0`.
I0000 00:00:1789255324.591181 2493642 tf_record_dataset_op.cc:396] The default buffer size is 262144, which is overridden by the user specified `buffer_size` of 8388608
WARNING: All log messages before absl::InitializeLog() is called are written to STDERR
I0000 00:00:1789255324.686631 2493644 port.cc:153] oneDNN custom operations are on. You may see slightly different numerical results due to floating-point round-off errors from different computation orders. To turn them off, set the environment variable `TF_ENABLE_ONEDNN_OPTS=0`.
I0000 00:00:1789255324.725602 2493644 cpu_feature_guard.cc:227] This TensorFlow binary is optimized to use available CPU instructions in performance-critical operations.
To enable the following instructions: AVX2 AVX512F AVX512_VNNI AVX512_BF16 AVX512_FP16 AVX_VNNI AMX_TILE AMX_INT8 AMX_BF16 FMA, in other operations, rebuild TensorFlow with the appropriate compiler flags.
WARNING: All log messages before absl::InitializeLog() is called are written to STDERR
I0000 00:00:1789255326.069552 2493644 port.cc:153] oneDNN custom operations are on. You may see slightly different numerical results due to floating-point round-off errors from different computation orders. To turn them off, set the environment variable `TF_ENABLE_ONEDNN_OPTS=0`.
[pjrt_ffi] RESIDENT: @efficientnetin_emarmsdp64dropdobf16_train_step holds 852 parameter tensors (80.7 MB) on 4 devices; they stop crossing PCIe from here
I0912 23:22:09.379272 2489728 cuda_dnn.cc:442] Loaded cuDNN version 92400
I0912 23:22:09.379311 2489725 cuda_dnn.cc:442] Loaded cuDNN version 92400
I0912 23:22:09.379717 2489731 cuda_dnn.cc:442] Loaded cuDNN version 92400
I0000 00:00:1789255329.829051 2494386 tf_record_dataset_op.cc:396] The default buffer size is 262144, which is overridden by the user specified `buffer_size` of 8388608
  imagenet shim: jax/.lake/build/generated_efficientnet_b0_imagenet_shim.py — train split, batch 256, 150528 floats/img (seed 1)
  imagenet shim: jax/.lake/build/generated_efficientnet_b0_imagenet_shim.py — train split, batch 256, 150528 floats/img (seed 2)
  imagenet shim: jax/.lake/build/generated_efficientnet_b0_imagenet_shim.py — train split, batch 256, 150528 floats/img (seed 3)
  imagenet shim: jax/.lake/build/generated_efficientnet_b0_imagenet_shim.py — train split, batch 256, 150528 floats/img (seed 4)
  imagenet shim: 4 sharded producers (round-robin over batches)
  ▸ SHIM PREFETCH: ON (depth 4 over 4 producer handle(s) — each step's read is issued before the previous step's invoke, one in flight PER HANDLE, so every producer drains during compute instead of blocking in write()). Measured 377 → 224 ms/step on R34/ImageNet 4×bs64 for depth 1. Batch buffers are allocated and freed on the main thread; the pool only fills them.
  step 0/5004: loss=5.230413
  step 1/5004: loss=5.547873
  step 2/5004: loss=5.043445
  step 100/5004: loss=5.121058
  step 200/5004: loss=5.392335
  step 300/5004: loss=5.166689
  step 400/5004: loss=5.146572
  step 500/5004: loss=5.405310
  step 600/5004: loss=4.829783
  step 700/5004: loss=4.835113
  step 800/5004: loss=5.191081
  step 900/5004: loss=4.962131
  step 1000/5004: loss=5.157275
  step 1100/5004: loss=5.112445
  step 1200/5004: loss=4.705198
  step 1300/5004: loss=5.053906
  step 1400/5004: loss=4.796344
  step 1500/5004: loss=4.989723
  step 1600/5004: loss=4.449436
  step 1700/5004: loss=4.938834
  step 1800/5004: loss=4.325538
  step 1900/5004: loss=5.198461
  step 2000/5004: loss=4.770108
  step 2100/5004: loss=5.043222
  step 2200/5004: loss=5.025046
  step 2300/5004: loss=5.018719
  step 2400/5004: loss=4.716324
  step 2500/5004: loss=4.430729
  step 2600/5004: loss=4.716042
  step 2700/5004: loss=4.888466
  step 2800/5004: loss=4.722826
  step 2900/5004: loss=4.485238
  step 3000/5004: loss=4.796695
  step 3100/5004: loss=4.858040
  step 3200/5004: loss=4.710207
  step 3300/5004: loss=4.541853
  step 3400/5004: loss=4.725670
  step 3500/5004: loss=5.242764
  step 3600/5004: loss=4.402814
  step 3700/5004: loss=4.441252
  step 3800/5004: loss=4.518832
  step 3900/5004: loss=4.841485
  step 4000/5004: loss=4.452031
  step 4100/5004: loss=4.426868
  step 4200/5004: loss=4.645353
  step 4300/5004: loss=4.638397
  step 4400/5004: loss=4.396303
  step 4500/5004: loss=4.673063
  step 4600/5004: loss=4.444485
  step 4700/5004: loss=4.869228
  step 4800/5004: loss=4.859589
  step 4900/5004: loss=4.389143
  step 5000/5004: loss=4.390685
[pjrt_ffi] RESIDENT: @efficientnetin_fwd_eval holds 311 parameter tensors (20.3 MB) on 1 device; they stop crossing PCIe from here
Epoch 2/350: loss=4.804910 lr=0.006400
  epoch 2: test_acc = 18871/50000 = 37.742000%  top5 = 31993/50000 = 63.986000%  [95% CI 37.32–38.17]
    BN companion -> .lake/build/efficientnetin_emarmsdp64dropdobf16_ckpt_xla.bin.bn (42016 floats x 2, hash 8889105133517567972)
  step 0/5004: loss=4.658154
  step 1/5004: loss=4.141167
  step 2/5004: loss=4.550723
  step 100/5004: loss=4.326487
  step 200/5004: loss=4.518903
  step 300/5004: loss=4.209477
  step 400/5004: loss=4.591606
  step 500/5004: loss=4.709353
  step 600/5004: loss=4.174278
  step 700/5004: loss=4.494048
  step 800/5004: loss=4.105954
  step 900/5004: loss=4.115192
  step 1000/5004: loss=4.360833
  step 1100/5004: loss=4.525115
  step 1200/5004: loss=4.338813
  step 1300/5004: loss=4.592129
  step 1400/5004: loss=4.442584
  step 1500/5004: loss=4.422309
  step 1600/5004: loss=4.430670
  step 1700/5004: loss=4.483145
  step 1800/5004: loss=4.246428
  step 1900/5004: loss=4.317677
  step 2000/5004: loss=4.412562
  step 2100/5004: loss=4.013629
  step 2200/5004: loss=4.257644
  step 2300/5004: loss=4.398348
  step 2400/5004: loss=4.486750
  step 2500/5004: loss=4.278175
  step 2600/5004: loss=4.514709
  step 2700/5004: loss=4.080082
  step 2800/5004: loss=3.945477
  step 2900/5004: loss=4.078064
  step 3000/5004: loss=3.848261
  step 3100/5004: loss=4.230762
  step 3200/5004: loss=3.996800
  step 3300/5004: loss=4.322584
  step 3400/5004: loss=4.598644
  step 3500/5004: loss=3.917860
  step 3600/5004: loss=4.337289
  step 3700/5004: loss=4.504985
  step 3800/5004: loss=4.227725
  step 3900/5004: loss=4.398652
  step 4000/5004: loss=4.328423
  step 4100/5004: loss=3.945511
  step 4200/5004: loss=4.076986
  step 4300/5004: loss=3.853574
  step 4400/5004: loss=4.170347
  step 4500/5004: loss=4.135819
  step 4600/5004: loss=4.276907
  step 4700/5004: loss=3.951811
  step 4800/5004: loss=4.051024
  step 4900/5004: loss=3.775737
  step 5000/5004: loss=3.983009
[pjrt_ffi] RESIDENT: @efficientnetin_fwd_eval holds 311 parameter tensors (20.3 MB) on 1 device; they stop crossing PCIe from here
Epoch 3/350: loss=4.256881 lr=0.009600
  epoch 3: test_acc = 23435/50000 = 46.870000%  top5 = 36156/50000 = 72.312000%  [95% CI 46.43–47.31]
    BN companion -> .lake/build/efficientnetin_emarmsdp64dropdobf16_ckpt_xla.bin.bn (42016 floats x 2, hash 7812242386885645248)
  step 0/5004: loss=4.006253
  step 1/5004: loss=3.495007
  step 2/5004: loss=3.956904
  step 100/5004: loss=4.141885
  step 200/5004: loss=4.302672
  step 300/5004: loss=4.436732
  step 400/5004: loss=3.904767
  step 500/5004: loss=4.200506
  step 600/5004: loss=3.970349
  step 700/5004: loss=4.117557
  step 800/5004: loss=4.361710
  step 900/5004: loss=4.328325
  step 1000/5004: loss=3.943604
  step 1100/5004: loss=4.216650
  step 1200/5004: loss=4.266535
  step 1300/5004: loss=3.712261
  step 1400/5004: loss=3.859084
  step 1500/5004: loss=4.169167
  step 1600/5004: loss=4.019711
  step 1700/5004: loss=3.628057
  step 1800/5004: loss=4.309560
  step 1900/5004: loss=4.090548
  step 2000/5004: loss=3.973043
  step 2100/5004: loss=3.860236
  step 2200/5004: loss=4.082692
  step 2300/5004: loss=3.882398
  step 2400/5004: loss=4.176476
  step 2500/5004: loss=3.605938
  step 2600/5004: loss=4.441505
  step 2700/5004: loss=4.141543
  step 2800/5004: loss=4.168514
  step 2900/5004: loss=3.783001
  step 3000/5004: loss=4.076326
  step 3100/5004: loss=4.011053
  step 3200/5004: loss=4.276916
  step 3300/5004: loss=4.033682
  step 3400/5004: loss=4.013039
  step 3500/5004: loss=4.247891
  step 3600/5004: loss=3.419797
  step 3700/5004: loss=4.169578
  step 3800/5004: loss=4.315313
  step 3900/5004: loss=3.986109
  step 4000/5004: loss=3.662500
  step 4100/5004: loss=3.946795
  step 4200/5004: loss=3.441375
  step 4300/5004: loss=3.984913
  step 4400/5004: loss=3.488869
  step 4500/5004: loss=4.281357
  step 4600/5004: loss=4.085702
  step 4700/5004: loss=4.027345
  step 4800/5004: loss=3.951802
  step 4900/5004: loss=3.866628
  step 5000/5004: loss=3.849216
[pjrt_ffi] RESIDENT: @efficientnetin_fwd_eval holds 311 parameter tensors (20.3 MB) on 1 device; they stop crossing PCIe from here
Epoch 4/350: loss=3.990032 lr=0.012800
  epoch 4: test_acc = 25972/50000 = 51.944000%  top5 = 38305/50000 = 76.610000%  [95% CI 51.51–52.38]
    BN companion -> .lake/build/efficientnetin_emarmsdp64dropdobf16_ckpt_xla.bin.bn (42016 floats x 2, hash 9645955581642125861)
  step 0/5004: loss=3.493453
  step 1/5004: loss=4.015460
  step 2/5004: loss=3.738416
  step 100/5004: loss=4.057627
  step 200/5004: loss=3.887651
  step 300/5004: loss=4.352035
  step 400/5004: loss=3.874840
  step 500/5004: loss=4.008328
  step 600/5004: loss=4.355249
  step 700/5004: loss=4.010254
  step 800/5004: loss=3.895396
  step 900/5004: loss=3.960034
  step 1000/5004: loss=3.884059
  step 1100/5004: loss=4.439337
  step 1200/5004: loss=3.811454
  step 1300/5004: loss=4.267488
  step 1400/5004: loss=4.058828
  step 1500/5004: loss=3.949034
  step 1600/5004: loss=3.713839
  step 1700/5004: loss=3.942062
  step 1800/5004: loss=3.749658
  step 1900/5004: loss=4.048024
  step 2000/5004: loss=4.196981
  step 2100/5004: loss=3.628168
  step 2200/5004: loss=3.803305
  step 2300/5004: loss=3.820652
  step 2400/5004: loss=4.157584
  step 2500/5004: loss=3.736560
  step 2600/5004: loss=3.593243
  step 2700/5004: loss=3.600341
  step 2800/5004: loss=3.990212
  step 2900/5004: loss=4.073450
  step 3000/5004: loss=3.884227
  step 3100/5004: loss=3.919473
  step 3200/5004: loss=3.451210
  step 3300/5004: loss=3.897281
  step 3400/5004: loss=4.067192
  step 3500/5004: loss=3.377170
  step 3600/5004: loss=3.967617
  step 3700/5004: loss=3.709115
  step 3800/5004: loss=3.535945
  step 3900/5004: loss=3.356037
  step 4000/5004: loss=3.794124
  step 4100/5004: loss=3.534899
  step 4200/5004: loss=3.734204
  step 4300/5004: loss=3.757415
  step 4400/5004: loss=3.397790
  step 4500/5004: loss=3.766740
  step 4600/5004: loss=3.627065
  step 4700/5004: loss=3.541459
  step 4800/5004: loss=3.373632
  step 4900/5004: loss=3.668253
  step 5000/5004: loss=3.642597
[pjrt_ffi] RESIDENT: @efficientnetin_fwd_eval holds 311 parameter tensors (20.3 MB) on 1 device; they stop crossing PCIe from here
Epoch 5/350: loss=3.860741 lr=0.016000
  epoch 5: test_acc = 27402/50000 = 54.804000%  top5 = 39418/50000 = 78.836000%  [95% CI 54.37–55.24]
    BN companion -> .lake/build/efficientnetin_emarmsdp64dropdobf16_ckpt_xla.bin.bn (42016 floats x 2, hash 2428448858788338819)
  step 0/5004: loss=3.587760
  step 1/5004: loss=3.927539
  step 2/5004: loss=3.727488
  step 100/5004: loss=3.663195
  step 200/5004: loss=3.660919
  step 300/5004: loss=3.994268
  step 400/5004: loss=3.367239
  step 500/5004: loss=3.452060
  step 600/5004: loss=3.545759
  step 700/5004: loss=3.636239
  step 800/5004: loss=3.896888
  step 900/5004: loss=3.626403
  step 1000/5004: loss=3.528504
  step 1100/5004: loss=4.334210
  step 1200/5004: loss=3.805214
  step 1300/5004: loss=3.563742
  step 1400/5004: loss=3.693781
  step 1500/5004: loss=3.200566
  step 1600/5004: loss=3.607903
  step 1700/5004: loss=3.423128
  step 1800/5004: loss=3.938901
  step 1900/5004: loss=3.733659
  step 2000/5004: loss=3.589207
  step 2100/5004: loss=3.752404
  step 2200/5004: loss=3.694344
  step 2300/5004: loss=3.641132
  step 2400/5004: loss=3.713342
  step 2500/5004: loss=3.706003
  step 2600/5004: loss=3.273043
  step 2700/5004: loss=3.890836
  step 2800/5004: loss=3.293465
  step 2900/5004: loss=3.694674
  step 3000/5004: loss=3.820996
  step 3100/5004: loss=3.274886
  step 3200/5004: loss=4.054261
  step 3300/5004: loss=3.935716
  step 3400/5004: loss=3.724977
  step 3500/5004: loss=3.623899
  step 3600/5004: loss=3.529516
  step 3700/5004: loss=3.666849
  step 3800/5004: loss=3.681152
  step 3900/5004: loss=3.450196
  step 4000/5004: loss=3.402054
  step 4100/5004: loss=3.546888
  step 4200/5004: loss=3.379269
  step 4300/5004: loss=3.669907
  step 4400/5004: loss=3.866816
  step 4500/5004: loss=3.662099
  step 4600/5004: loss=3.814368
  step 4700/5004: loss=3.627116
  step 4800/5004: loss=3.593956
  step 4900/5004: loss=3.663582
  step 5000/5004: loss=3.768926
[pjrt_ffi] RESIDENT: @efficientnetin_fwd_eval holds 311 parameter tensors (20.3 MB) on 1 device; they stop crossing PCIe from here
Epoch 6/350: loss=3.733388 lr=0.015798
  epoch 6: test_acc = 28392/50000 = 56.784000%  top5 = 40091/50000 = 80.182000%  [95% CI 56.35–57.22]
    BN companion -> .lake/build/efficientnetin_emarmsdp64dropdobf16_ckpt_xla.bin.bn (42016 floats x 2, hash 13629498552052340635)
  step 0/5004: loss=3.917897
  step 1/5004: loss=3.975877
  step 2/5004: loss=3.857340
  step 100/5004: loss=3.660935
  step 200/5004: loss=2.955768
  step 300/5004: loss=3.573049
  step 400/5004: loss=3.720429
  step 500/5004: loss=3.658368
  step 600/5004: loss=3.693767
  step 700/5004: loss=3.763204
  step 800/5004: loss=3.259743
  step 900/5004: loss=3.429228
  step 1000/5004: loss=3.435785
  step 1100/5004: loss=3.758736
  step 1200/5004: loss=3.215511
  step 1300/5004: loss=3.360182
  step 1400/5004: loss=3.928599
  step 1500/5004: loss=3.649638
  step 1600/5004: loss=3.714901
  step 1700/5004: loss=3.583685
  step 1800/5004: loss=4.039468
  step 1900/5004: loss=3.652298
  step 2000/5004: loss=3.895813
  step 2100/5004: loss=3.615139
  step 2200/5004: loss=3.876861
  step 2300/5004: loss=3.684897
  step 2400/5004: loss=3.512409
  step 2500/5004: loss=3.478017
  step 2600/5004: loss=3.892369
  step 2700/5004: loss=3.734009
  step 2800/5004: loss=3.741443
  step 2900/5004: loss=3.655751
  step 3000/5004: loss=3.774726
  step 3100/5004: loss=3.686766
  step 3200/5004: loss=3.924488
  step 3300/5004: loss=3.321580
  step 3400/5004: loss=3.436698
  step 3500/5004: loss=4.059335
  step 3600/5004: loss=3.750189
  step 3700/5004: loss=3.630659
  step 3800/5004: loss=4.017637
  step 3900/5004: loss=3.747213
  step 4000/5004: loss=3.522644
  step 4100/5004: loss=3.643520
  step 4200/5004: loss=3.451119
  step 4300/5004: loss=3.921619
  step 4400/5004: loss=3.559639
  step 4500/5004: loss=3.712775
  step 4600/5004: loss=3.946233
  step 4700/5004: loss=3.706188
  step 4800/5004: loss=3.574944
  step 4900/5004: loss=3.900968
  step 5000/5004: loss=3.838912
[pjrt_ffi] RESIDENT: @efficientnetin_fwd_eval holds 311 parameter tensors (20.3 MB) on 1 device; they stop crossing PCIe from here
Epoch 7/350: loss=3.623987 lr=0.015599
  epoch 7: test_acc = 29377/50000 = 58.754000%  top5 = 40876/50000 = 81.752000%  [95% CI 58.32–59.18]
    BN companion -> .lake/build/efficientnetin_emarmsdp64dropdobf16_ckpt_xla.bin.bn (42016 floats x 2, hash 16486853199180750385)
  step 0/5004: loss=3.791825
  step 1/5004: loss=3.843941
  step 2/5004: loss=3.669065
  step 100/5004: loss=3.323751
  step 200/5004: loss=4.052060
  step 300/5004: loss=3.928880
  step 400/5004: loss=3.585793
  step 500/5004: loss=3.509336
  step 600/5004: loss=3.470447
  step 700/5004: loss=3.713780
  step 800/5004: loss=3.423070
  step 900/5004: loss=3.719622
  step 1000/5004: loss=3.899830
  step 1100/5004: loss=3.596034
  step 1200/5004: loss=3.501494
  step 1300/5004: loss=3.816194
  step 1400/5004: loss=3.657679
  step 1500/5004: loss=3.817859
  step 1600/5004: loss=3.675999
  step 1700/5004: loss=3.345057
  step 1800/5004: loss=3.915699
  step 1900/5004: loss=3.512760
  step 2000/5004: loss=3.227524
  step 2100/5004: loss=3.303617
  step 2200/5004: loss=3.305815
  step 2300/5004: loss=3.399328
  step 2400/5004: loss=3.331744
  step 2500/5004: loss=3.287853
  step 2600/5004: loss=4.091391
  step 2700/5004: loss=3.154510
  step 2800/5004: loss=3.770011
  step 2900/5004: loss=3.575170
  step 3000/5004: loss=3.764711
  step 3100/5004: loss=3.350912
  step 3200/5004: loss=3.785305
  step 3300/5004: loss=3.445540
  step 3400/5004: loss=3.682246
  step 3500/5004: loss=3.586251
  step 3600/5004: loss=3.390997
  step 3700/5004: loss=3.655609
  step 3800/5004: loss=3.612373
  step 3900/5004: loss=3.853293
  step 4000/5004: loss=3.519254
  step 4100/5004: loss=3.825582
  step 4200/5004: loss=3.548782
  step 4300/5004: loss=3.167911
  step 4400/5004: loss=3.221893
  step 4500/5004: loss=3.744367
  step 4600/5004: loss=4.240448
  step 4700/5004: loss=4.067870
  step 4800/5004: loss=3.626909
  step 4900/5004: loss=3.491837
  step 5000/5004: loss=3.090144
[pjrt_ffi] RESIDENT: @efficientnetin_fwd_eval holds 311 parameter tensors (20.3 MB) on 1 device; they stop crossing PCIe from here
Epoch 8/350: loss=3.556801 lr=0.015402
  epoch 8: test_acc = 30103/50000 = 60.206000%  top5 = 41399/50000 = 82.798000%  [95% CI 59.78–60.63]
    BN companion -> .lake/build/efficientnetin_emarmsdp64dropdobf16_ckpt_xla.bin.bn (42016 floats x 2, hash 917035238838347652)
  step 0/5004: loss=3.477446
  step 1/5004: loss=3.926914
  step 2/5004: loss=3.671414
  step 100/5004: loss=3.669475
  step 200/5004: loss=3.454792
  step 300/5004: loss=3.748274
  step 400/5004: loss=3.059822
  step 500/5004: loss=3.409621
  step 600/5004: loss=3.959727
  step 700/5004: loss=3.539365
  step 800/5004: loss=3.798735
  step 900/5004: loss=3.474118
  step 1000/5004: loss=3.498673
  step 1100/5004: loss=3.581001
  step 1200/5004: loss=3.197927
  step 1300/5004: loss=3.522877
  step 1400/5004: loss=3.503332
  step 1500/5004: loss=3.544186
  step 1600/5004: loss=3.443591
  step 1700/5004: loss=3.764045
  step 1800/5004: loss=3.292403
  step 1900/5004: loss=3.715632
  step 2000/5004: loss=3.243556
  step 2100/5004: loss=3.247570
  step 2200/5004: loss=3.963792
  step 2300/5004: loss=3.554914
  step 2400/5004: loss=3.404183
  step 2500/5004: loss=3.442446
  step 2600/5004: loss=3.361808
  step 2700/5004: loss=3.413767
  step 2800/5004: loss=3.736427
  step 2900/5004: loss=3.462177
  step 3000/5004: loss=3.876870
  step 3100/5004: loss=3.974077
  step 3200/5004: loss=3.341855
  step 3300/5004: loss=3.883487
  step 3400/5004: loss=2.903274
  step 3500/5004: loss=3.183941
  step 3600/5004: loss=3.474787
  step 3700/5004: loss=3.416294
  step 3800/5004: loss=3.788280
  step 3900/5004: loss=3.449387
  step 4000/5004: loss=3.343047
  step 4100/5004: loss=3.233764
  step 4200/5004: loss=4.017271
  step 4300/5004: loss=3.597123
  step 4400/5004: loss=3.609644
  step 4500/5004: loss=3.265660
  step 4600/5004: loss=3.451003
  step 4700/5004: loss=3.508968
  step 4800/5004: loss=3.586950
  step 4900/5004: loss=3.560363
  step 5000/5004: loss=3.020301
[pjrt_ffi] RESIDENT: @efficientnetin_fwd_eval holds 311 parameter tensors (20.3 MB) on 1 device; they stop crossing PCIe from here
Epoch 9/350: loss=3.502741 lr=0.015208
  epoch 9: test_acc = 30532/50000 = 61.064000%  top5 = 41696/50000 = 83.392000%  [95% CI 60.64–61.49]
    BN companion -> .lake/build/efficientnetin_emarmsdp64dropdobf16_ckpt_xla.bin.bn (42016 floats x 2, hash 1278173755211083114)
  step 0/5004: loss=3.177896
  step 1/5004: loss=3.389535
  step 2/5004: loss=3.283798
  step 100/5004: loss=3.464610
  step 200/5004: loss=3.560501
  step 300/5004: loss=3.470686
  step 400/5004: loss=3.820802
  step 500/5004: loss=3.289097
  step 600/5004: loss=3.570840
  step 700/5004: loss=3.202264
  step 800/5004: loss=3.526125
  step 900/5004: loss=3.086404
  step 1000/5004: loss=3.059042
  step 1100/5004: loss=3.791892
  step 1200/5004: loss=3.751445
  step 1300/5004: loss=3.695940
  step 1400/5004: loss=3.455021
  step 1500/5004: loss=3.217665
  step 1600/5004: loss=3.787182
  step 1700/5004: loss=3.731672
  step 1800/5004: loss=3.306753
  step 1900/5004: loss=3.377186
  step 2000/5004: loss=3.488174
  step 2100/5004: loss=3.459398
  step 2200/5004: loss=3.068595
  step 2300/5004: loss=3.481258
  step 2400/5004: loss=3.773054
  step 2500/5004: loss=3.737056
  step 2600/5004: loss=3.151704
  step 2700/5004: loss=3.380366
  step 2800/5004: loss=3.578987
  step 2900/5004: loss=3.612225
  step 3000/5004: loss=3.529984
  step 3100/5004: loss=3.676493
  step 3200/5004: loss=3.566295
  step 3300/5004: loss=3.018003
  step 3400/5004: loss=3.489058
  step 3500/5004: loss=3.617364
  step 3600/5004: loss=3.054089
  step 3700/5004: loss=3.475029
  step 3800/5004: loss=3.668723
  step 3900/5004: loss=3.410056
  step 4000/5004: loss=3.149363
  step 4100/5004: loss=3.455096
  step 4200/5004: loss=3.261791
  step 4300/5004: loss=3.676508
  step 4400/5004: loss=3.553285
  step 4500/5004: loss=3.420653
  step 4600/5004: loss=3.429105
  step 4700/5004: loss=3.291778
  step 4800/5004: loss=3.569334
  step 4900/5004: loss=3.312719
  step 5000/5004: loss=3.548818
[pjrt_ffi] RESIDENT: @efficientnetin_fwd_eval holds 311 parameter tensors (20.3 MB) on 1 device; they stop crossing PCIe from here
Epoch 10/350: loss=3.464345 lr=0.015016
  epoch 10: test_acc = 30897/50000 = 61.794000%  top5 = 41960/50000 = 83.920000%  [95% CI 61.37–62.22]
    BN companion -> .lake/build/efficientnetin_emarmsdp64dropdobf16_ckpt_xla.bin.bn (42016 floats x 2, hash 1682852619539060217)
  step 0/5004: loss=3.421808
  step 1/5004: loss=2.889230
  step 2/5004: loss=3.478981
  step 100/5004: loss=3.612155
  step 200/5004: loss=3.175133
  step 300/5004: loss=3.426284
  step 400/5004: loss=3.584833
  step 500/5004: loss=3.288091
  step 600/5004: loss=3.407560
  step 700/5004: loss=3.074610
  step 800/5004: loss=3.831727
  step 900/5004: loss=3.543979
  step 1000/5004: loss=3.163949
  step 1100/5004: loss=3.134985
  step 1200/5004: loss=3.761656
  step 1300/5004: loss=3.595088
  step 1400/5004: loss=3.572791
  step 1500/5004: loss=3.034151
  step 1600/5004: loss=3.952426
  step 1700/5004: loss=3.315436
  step 1800/5004: loss=3.246396
  step 1900/5004: loss=2.863235
  step 2000/5004: loss=3.385776
  step 2100/5004: loss=3.563366
  step 2200/5004: loss=3.292530
  step 2300/5004: loss=3.592045
  step 2400/5004: loss=3.810851
  step 2500/5004: loss=3.431886
  step 2600/5004: loss=3.428327
  step 2700/5004: loss=3.790405
  step 2800/5004: loss=3.484502
  step 2900/5004: loss=3.481154
  step 3000/5004: loss=3.355075
  step 3100/5004: loss=3.452351
  step 3200/5004: loss=3.391569
  step 3300/5004: loss=3.460306
  step 3400/5004: loss=3.923766
  step 3500/5004: loss=3.400038
  step 3600/5004: loss=3.347394
  step 3700/5004: loss=3.598950
  step 3800/5004: loss=3.047665
  step 3900/5004: loss=3.342639
  step 4000/5004: loss=3.468169
  step 4100/5004: loss=3.229759
  step 4200/5004: loss=3.288849
  step 4300/5004: loss=3.710870
  step 4400/5004: loss=3.721371
  step 4500/5004: loss=3.005009
  step 4600/5004: loss=3.469925
  step 4700/5004: loss=3.392551
  step 4800/5004: loss=3.628404
  step 4900/5004: loss=3.322641
  step 5000/5004: loss=3.581852
[pjrt_ffi] RESIDENT: @efficientnetin_fwd_eval holds 311 parameter tensors (20.3 MB) on 1 device; they stop crossing PCIe from here
Epoch 11/350: loss=3.426745 lr=0.014827
  epoch 11: test_acc = 31323/50000 = 62.646000%  top5 = 42280/50000 = 84.560000%  [95% CI 62.22–63.07]
    BN companion -> .lake/build/efficientnetin_emarmsdp64dropdobf16_ckpt_xla.bin.bn (42016 floats x 2, hash 9203201357500420603)
  step 0/5004: loss=3.306956
  step 1/5004: loss=3.509702
  step 2/5004: loss=3.417696
  step 100/5004: loss=3.577038
  step 200/5004: loss=3.288583
  step 300/5004: loss=3.394333
  step 400/5004: loss=3.368895
  step 500/5004: loss=2.930814
  step 600/5004: loss=3.718702
  step 700/5004: loss=3.331909
  step 800/5004: loss=3.423754
  step 900/5004: loss=3.262254
  step 1000/5004: loss=3.373180
  step 1100/5004: loss=3.168133
  step 1200/5004: loss=3.514026
  step 1300/5004: loss=3.648314
  step 1400/5004: loss=3.483500
  step 1500/5004: loss=3.321078
  step 1600/5004: loss=3.389810
  step 1700/5004: loss=3.321974
  step 1800/5004: loss=3.389295
  step 1900/5004: loss=3.543707
  step 2000/5004: loss=3.662106
  step 2100/5004: loss=3.424655
  step 2200/5004: loss=3.468492
  step 2300/5004: loss=3.458149
  step 2400/5004: loss=3.351139
  step 2500/5004: loss=3.528031
  step 2600/5004: loss=3.303101
  step 2700/5004: loss=3.021412
  step 2800/5004: loss=3.497426
  step 2900/5004: loss=2.881970
  step 3000/5004: loss=3.488104
  step 3100/5004: loss=3.105089
  step 3200/5004: loss=3.224636
  step 3300/5004: loss=3.468976
  step 3400/5004: loss=3.094139
  step 3500/5004: loss=3.124104
  step 3600/5004: loss=3.212345
  step 3700/5004: loss=3.142959
  step 3800/5004: loss=3.081648
  step 3900/5004: loss=3.450764
  step 4000/5004: loss=3.629211
  step 4100/5004: loss=3.272795
  step 4200/5004: loss=3.147563
  step 4300/5004: loss=3.509778
  step 4400/5004: loss=3.440301
  step 4500/5004: loss=3.277954
  step 4600/5004: loss=3.325721
  step 4700/5004: loss=3.355793
  step 4800/5004: loss=3.504899
  step 4900/5004: loss=3.694424
  step 5000/5004: loss=3.358321
[pjrt_ffi] RESIDENT: @efficientnetin_fwd_eval holds 311 parameter tensors (20.3 MB) on 1 device; they stop crossing PCIe from here
Epoch 12/350: loss=3.392691 lr=0.014640
  epoch 12: test_acc = 31656/50000 = 63.312000%  top5 = 42477/50000 = 84.954000%  [95% CI 62.89–63.73]
    BN companion -> .lake/build/efficientnetin_emarmsdp64dropdobf16_ckpt_xla.bin.bn (42016 floats x 2, hash 15416963118006296631)
  step 0/5004: loss=3.084517
  step 1/5004: loss=3.761238
  step 2/5004: loss=3.425184
  step 100/5004: loss=3.201229
  step 200/5004: loss=3.730226
  step 300/5004: loss=3.398454
  step 400/5004: loss=3.301724
  step 500/5004: loss=3.095837
  step 600/5004: loss=3.477704
  step 700/5004: loss=3.250238
  step 800/5004: loss=3.213416
  step 900/5004: loss=3.466569
  step 1000/5004: loss=3.501324
  step 1100/5004: loss=3.129059
  step 1200/5004: loss=3.197174
  step 1300/5004: loss=3.306317
  step 1400/5004: loss=3.447396
  step 1500/5004: loss=3.503811
  step 1600/5004: loss=3.044536
  step 1700/5004: loss=3.280421
  step 1800/5004: loss=3.854121
  step 1900/5004: loss=3.306365
  step 2000/5004: loss=3.166634
  step 2100/5004: loss=3.774796
  step 2200/5004: loss=3.368305
  step 2300/5004: loss=3.035383
  step 2400/5004: loss=3.280692
  step 2500/5004: loss=3.309021
  step 2600/5004: loss=3.634435
  step 2700/5004: loss=3.326789
  step 2800/5004: loss=3.687051
  step 2900/5004: loss=3.282638
  step 3000/5004: loss=3.397809
  step 3100/5004: loss=3.522638
  step 3200/5004: loss=2.842415
  step 3300/5004: loss=3.237086
  step 3400/5004: loss=3.375271
  step 3500/5004: loss=3.798820
  step 3600/5004: loss=3.328179
  step 3700/5004: loss=3.713691
  step 3800/5004: loss=3.478208
  step 3900/5004: loss=3.359609
  step 4000/5004: loss=3.080462
  step 4100/5004: loss=3.227206
  step 4200/5004: loss=3.272116
  step 4300/5004: loss=3.522840
  step 4400/5004: loss=3.366505
  step 4500/5004: loss=3.270600
  step 4600/5004: loss=3.467965
  step 4700/5004: loss=2.663977
  step 4800/5004: loss=2.784317
  step 4900/5004: loss=3.068235
  step 5000/5004: loss=3.100717
[pjrt_ffi] RESIDENT: @efficientnetin_fwd_eval holds 311 parameter tensors (20.3 MB) on 1 device; they stop crossing PCIe from here
Epoch 13/350: loss=3.372881 lr=0.014455
  epoch 13: test_acc = 31895/50000 = 63.790000%  top5 = 42625/50000 = 85.250000%  [95% CI 63.37–64.21]
    BN companion -> .lake/build/efficientnetin_emarmsdp64dropdobf16_ckpt_xla.bin.bn (42016 floats x 2, hash 8512420585939967083)
  step 0/5004: loss=3.063123
  step 1/5004: loss=3.328390
  step 2/5004: loss=2.985902
  step 100/5004: loss=3.156910
  step 200/5004: loss=3.253711
  step 300/5004: loss=3.242450
  step 400/5004: loss=3.491580
  step 500/5004: loss=3.217880
  step 600/5004: loss=3.250404
  step 700/5004: loss=3.412738
  step 800/5004: loss=3.358491
  step 900/5004: loss=3.149865
  step 1000/5004: loss=3.129223
  step 1100/5004: loss=3.422512
  step 1200/5004: loss=3.344640
  step 1300/5004: loss=3.592835
  step 1400/5004: loss=3.353018
  step 1500/5004: loss=3.012680
  step 1600/5004: loss=2.981771
  step 1700/5004: loss=3.394218
  step 1800/5004: loss=3.934551
  step 1900/5004: loss=3.654984
  step 2000/5004: loss=3.083507
  step 2100/5004: loss=3.278587
  step 2200/5004: loss=3.340096
  step 2300/5004: loss=3.675116
  step 2400/5004: loss=3.374469
  step 2500/5004: loss=3.008726
  step 2600/5004: loss=3.435685
  step 2700/5004: loss=2.898768
  step 2800/5004: loss=3.556086
  step 2900/5004: loss=3.366498
  step 3000/5004: loss=3.271487
  step 3100/5004: loss=3.640983
  step 3200/5004: loss=3.360540
  step 3300/5004: loss=3.356970
  step 3400/5004: loss=2.909510
  step 3500/5004: loss=3.571087
  step 3600/5004: loss=3.446416
  step 3700/5004: loss=3.302531
  step 3800/5004: loss=2.865059
  step 3900/5004: loss=3.140039
  step 4000/5004: loss=3.610735
  step 4100/5004: loss=3.766100
  step 4200/5004: loss=3.170084
  step 4300/5004: loss=3.067691
  step 4400/5004: loss=3.228836
  step 4500/5004: loss=3.765686
  step 4600/5004: loss=3.121582
  step 4700/5004: loss=3.525643
  step 4800/5004: loss=3.236002
  step 4900/5004: loss=3.531828
  step 5000/5004: loss=3.126151
[pjrt_ffi] RESIDENT: @efficientnetin_fwd_eval holds 311 parameter tensors (20.3 MB) on 1 device; they stop crossing PCIe from here
Epoch 14/350: loss=3.343445 lr=0.014273
  epoch 14: test_acc = 32049/50000 = 64.098000%  top5 = 42699/50000 = 85.398000%  [95% CI 63.68–64.52]
    BN companion -> .lake/build/efficientnetin_emarmsdp64dropdobf16_ckpt_xla.bin.bn (42016 floats x 2, hash 13350860208605959860)
  step 0/5004: loss=2.900055
  step 1/5004: loss=3.390379
  step 2/5004: loss=3.132868
  step 100/5004: loss=3.271548
  step 200/5004: loss=4.005092
  step 300/5004: loss=3.097753
  step 400/5004: loss=3.167596
  step 500/5004: loss=3.164170
  step 600/5004: loss=3.020503
  step 700/5004: loss=3.481228
  step 800/5004: loss=3.609705
  step 900/5004: loss=3.542244
  step 1000/5004: loss=3.239065
  step 1100/5004: loss=3.679877
  step 1200/5004: loss=3.761010
  step 1300/5004: loss=3.478848
  step 1400/5004: loss=2.939267
  step 1500/5004: loss=2.655633
  step 1600/5004: loss=3.677149
  step 1700/5004: loss=3.013936
  step 1800/5004: loss=3.156503
  step 1900/5004: loss=3.250721
  step 2000/5004: loss=2.803735
  step 2100/5004: loss=3.293005
  step 2200/5004: loss=3.184566
  step 2300/5004: loss=3.409317
  step 2400/5004: loss=3.131281
  step 2500/5004: loss=2.963694
  step 2600/5004: loss=3.678756
  step 2700/5004: loss=3.143128
  step 2800/5004: loss=3.099241
  step 2900/5004: loss=3.781482
  step 3000/5004: loss=3.263072
  step 3100/5004: loss=3.445129
  step 3200/5004: loss=3.456158
  step 3300/5004: loss=3.131843
  step 3400/5004: loss=3.330773
  step 3500/5004: loss=3.837244
  step 3600/5004: loss=3.477028
  step 3700/5004: loss=3.522394
  step 3800/5004: loss=3.587836
  step 3900/5004: loss=3.364715
  step 4000/5004: loss=3.427002
  step 4100/5004: loss=3.394310
  step 4200/5004: loss=3.144713
  step 4300/5004: loss=3.636947
  step 4400/5004: loss=3.015301
  step 4500/5004: loss=2.781617
  step 4600/5004: loss=3.789659
  step 4700/5004: loss=2.683969
  step 4800/5004: loss=3.769694
  step 4900/5004: loss=3.357143
  step 5000/5004: loss=3.559409
[pjrt_ffi] RESIDENT: @efficientnetin_fwd_eval holds 311 parameter tensors (20.3 MB) on 1 device; they stop crossing PCIe from here
Epoch 15/350: loss=3.317822 lr=0.014093
  epoch 15: test_acc = 32257/50000 = 64.514000%  top5 = 42895/50000 = 85.790000%  [95% CI 64.09–64.93]
    BN companion -> .lake/build/efficientnetin_emarmsdp64dropdobf16_ckpt_xla.bin.bn (42016 floats x 2, hash 11448310499415022434)
  step 0/5004: loss=3.021735
  step 1/5004: loss=3.151126
  step 2/5004: loss=3.350726
  step 100/5004: loss=3.135702
  step 200/5004: loss=3.507130
  step 300/5004: loss=3.169444
  step 400/5004: loss=3.545770
  step 500/5004: loss=3.469556
  step 600/5004: loss=3.216914
  step 700/5004: loss=2.898520
  step 800/5004: loss=3.577815
  step 900/5004: loss=3.185662
  step 1000/5004: loss=3.228138
  step 1100/5004: loss=3.207050
  step 1200/5004: loss=3.190948
  step 1300/5004: loss=3.273015
  step 1400/5004: loss=3.285861
  step 1500/5004: loss=3.324231
  step 1600/5004: loss=3.408280
  step 1700/5004: loss=3.107492
  step 1800/5004: loss=3.282408
  step 1900/5004: loss=3.090287
  step 2000/5004: loss=3.086065
  step 2100/5004: loss=2.999415
  step 2200/5004: loss=3.055583
  step 2300/5004: loss=3.425347
  step 2400/5004: loss=3.313272
  step 2500/5004: loss=3.265875
  step 2600/5004: loss=3.245934
  step 2700/5004: loss=3.144321
  step 2800/5004: loss=3.487571
  step 2900/5004: loss=3.195046
  step 3000/5004: loss=2.964179
  step 3100/5004: loss=3.496634
  step 3200/5004: loss=2.996105
  step 3300/5004: loss=3.250422
  step 3400/5004: loss=3.181008
  step 3500/5004: loss=3.656681
  step 3600/5004: loss=3.544266
  step 3700/5004: loss=2.892022
  step 3800/5004: loss=3.601123
  step 3900/5004: loss=2.913823
  step 4000/5004: loss=3.523577
  step 4100/5004: loss=3.480309
  step 4200/5004: loss=3.084439
  step 4300/5004: loss=3.190754
  step 4400/5004: loss=3.286019
  step 4500/5004: loss=3.339807
  step 4600/5004: loss=3.536599
  step 4700/5004: loss=3.348865
  step 4800/5004: loss=3.087020
  step 4900/5004: loss=4.307626
  step 5000/5004: loss=3.343056
[pjrt_ffi] RESIDENT: @efficientnetin_fwd_eval holds 311 parameter tensors (20.3 MB) on 1 device; they stop crossing PCIe from here
Epoch 16/350: loss=3.306102 lr=0.013915
  epoch 16: test_acc = 32516/50000 = 65.032000%  top5 = 43005/50000 = 86.010000%  [95% CI 64.61–65.45]
    BN companion -> .lake/build/efficientnetin_emarmsdp64dropdobf16_ckpt_xla.bin.bn (42016 floats x 2, hash 3745837516445781989)
  step 0/5004: loss=3.522874
  step 1/5004: loss=3.108274
  step 2/5004: loss=3.189367
  step 100/5004: loss=2.954288
  step 200/5004: loss=3.288880
  step 300/5004: loss=3.058198
  step 400/5004: loss=2.992532
  step 500/5004: loss=3.185652
  step 600/5004: loss=3.602782
  step 700/5004: loss=3.303846
  step 800/5004: loss=3.036815
  step 900/5004: loss=3.557400
  step 1000/5004: loss=3.382488
  step 1100/5004: loss=3.271695
  step 1200/5004: loss=3.299213
  step 1300/5004: loss=3.027666
  step 1400/5004: loss=3.420874
  step 1500/5004: loss=3.310137
  step 1600/5004: loss=3.337485
  step 1700/5004: loss=3.154799
  step 1800/5004: loss=3.284134
  step 1900/5004: loss=3.379453
  step 2000/5004: loss=3.034420
  step 2100/5004: loss=3.172690
  step 2200/5004: loss=3.365371
  step 2300/5004: loss=3.172878
  step 2400/5004: loss=3.384319
  step 2500/5004: loss=3.401848
  step 2600/5004: loss=3.955913
  step 2700/5004: loss=3.261415
  step 2800/5004: loss=3.241554
  step 2900/5004: loss=3.899148
  step 3000/5004: loss=2.919766
  step 3100/5004: loss=3.401575
  step 3200/5004: loss=3.139615
  step 3300/5004: loss=3.214592
  step 3400/5004: loss=3.158157
  step 3500/5004: loss=3.447296
  step 3600/5004: loss=3.444930
  step 3700/5004: loss=3.174109
  step 3800/5004: loss=3.712091
  step 3900/5004: loss=3.369427
  step 4000/5004: loss=3.245742
  step 4100/5004: loss=3.345783
  step 4200/5004: loss=3.637361
  step 4300/5004: loss=3.436027
  step 4400/5004: loss=3.448801
  step 4500/5004: loss=2.917729
  step 4600/5004: loss=3.487000
  step 4700/5004: loss=2.751085
  step 4800/5004: loss=3.810667
  step 4900/5004: loss=3.681590
  step 5000/5004: loss=2.749409
[pjrt_ffi] RESIDENT: @efficientnetin_fwd_eval holds 311 parameter tensors (20.3 MB) on 1 device; they stop crossing PCIe from here
Epoch 17/350: loss=3.284575 lr=0.013740
  epoch 17: test_acc = 32683/50000 = 65.366000%  top5 = 43142/50000 = 86.284000%  [95% CI 64.95–65.78]
    BN companion -> .lake/build/efficientnetin_emarmsdp64dropdobf16_ckpt_xla.bin.bn (42016 floats x 2, hash 1045707096510241553)
  step 0/5004: loss=3.314322
  step 1/5004: loss=3.516363
  step 2/5004: loss=3.365858
  step 100/5004: loss=2.964472
  step 200/5004: loss=3.296281
  step 300/5004: loss=2.780603
  step 400/5004: loss=3.602639
  step 500/5004: loss=3.904413
  step 600/5004: loss=3.409863
  step 700/5004: loss=3.099954
  step 800/5004: loss=3.123872
  step 900/5004: loss=3.203345
  step 1000/5004: loss=3.296516
  step 1100/5004: loss=3.695475
  step 1200/5004: loss=2.913299
  step 1300/5004: loss=3.562803
  step 1400/5004: loss=3.194067
  step 1500/5004: loss=3.526902
  step 1600/5004: loss=3.049298
  step 1700/5004: loss=3.257058
  step 1800/5004: loss=2.903228
  step 1900/5004: loss=3.483282
  step 2000/5004: loss=3.386350
  step 2100/5004: loss=3.311393
  step 2200/5004: loss=3.422916
  step 2300/5004: loss=3.434848
  step 2400/5004: loss=3.390989
  step 2500/5004: loss=2.837389
  step 2600/5004: loss=3.442249
  step 2700/5004: loss=2.886772
  step 2800/5004: loss=2.653384
  step 2900/5004: loss=3.467237
  step 3000/5004: loss=3.159036
  step 3100/5004: loss=3.274252
  step 3200/5004: loss=3.233801
  step 3300/5004: loss=3.576480
  step 3400/5004: loss=2.887473
  step 3500/5004: loss=3.289485
  step 3600/5004: loss=3.100253
  step 3700/5004: loss=3.556892
  step 3800/5004: loss=3.365081
  step 3900/5004: loss=3.171303
  step 4000/5004: loss=3.033597
  step 4100/5004: loss=3.337364
  step 4200/5004: loss=3.455285
  step 4300/5004: loss=3.290460
  step 4400/5004: loss=3.184218
  step 4500/5004: loss=3.296440
  step 4600/5004: loss=3.319129
  step 4700/5004: loss=3.231280
  step 4800/5004: loss=3.290697
  step 4900/5004: loss=2.938421
  step 5000/5004: loss=3.435572
[pjrt_ffi] RESIDENT: @efficientnetin_fwd_eval holds 311 parameter tensors (20.3 MB) on 1 device; they stop crossing PCIe from here
Epoch 18/350: loss=3.270288 lr=0.013567
  epoch 18: test_acc = 32763/50000 = 65.526000%  top5 = 43174/50000 = 86.348000%  [95% CI 65.11–65.94]
    BN companion -> .lake/build/efficientnetin_emarmsdp64dropdobf16_ckpt_xla.bin.bn (42016 floats x 2, hash 16500453051064003546)
  step 0/5004: loss=3.462554
  step 1/5004: loss=3.258912
  step 2/5004: loss=3.393679
  step 100/5004: loss=3.203827
  step 200/5004: loss=3.394269
  step 300/5004: loss=3.537926
  step 400/5004: loss=3.015294
  step 500/5004: loss=3.403379
  step 600/5004: loss=3.216027
  step 700/5004: loss=3.097727
  step 800/5004: loss=3.164215
  step 900/5004: loss=3.260860
  step 1000/5004: loss=3.059310
  step 1100/5004: loss=3.274282
  step 1200/5004: loss=3.746926
  step 1300/5004: loss=3.178553
  step 1400/5004: loss=3.380847
  step 1500/5004: loss=3.029443
  step 1600/5004: loss=3.482068
  step 1700/5004: loss=3.169276
  step 1800/5004: loss=3.119837
  step 1900/5004: loss=3.097186
  step 2000/5004: loss=2.976161
  step 2100/5004: loss=3.293023
  step 2200/5004: loss=3.239781
  step 2300/5004: loss=3.441875
  step 2400/5004: loss=3.739583
  step 2500/5004: loss=3.470476
  step 2600/5004: loss=2.939778
  step 2700/5004: loss=3.149291
  step 2800/5004: loss=3.331996
  step 2900/5004: loss=2.841404
  step 3000/5004: loss=3.155525
  step 3100/5004: loss=3.333992
  step 3200/5004: loss=3.076562
  step 3300/5004: loss=3.222520
  step 3400/5004: loss=3.292802
  step 3500/5004: loss=3.201362
  step 3600/5004: loss=3.477126
  step 3700/5004: loss=3.187349
  step 3800/5004: loss=3.436288
  step 3900/5004: loss=3.295858
  step 4000/5004: loss=3.282328
  step 4100/5004: loss=3.117123
  step 4200/5004: loss=3.417650
  step 4300/5004: loss=3.413289
  step 4400/5004: loss=3.009331
  step 4500/5004: loss=3.574024
  step 4600/5004: loss=3.176076
  step 4700/5004: loss=3.532543
  step 4800/5004: loss=3.063866
  step 4900/5004: loss=2.844907
  step 5000/5004: loss=2.815737
[pjrt_ffi] RESIDENT: @efficientnetin_fwd_eval holds 311 parameter tensors (20.3 MB) on 1 device; they stop crossing PCIe from here
Epoch 19/350: loss=3.253070 lr=0.013395
  epoch 19: test_acc = 32881/50000 = 65.762000%  top5 = 43257/50000 = 86.514000%  [95% CI 65.34–66.18]
    BN companion -> .lake/build/efficientnetin_emarmsdp64dropdobf16_ckpt_xla.bin.bn (42016 floats x 2, hash 8390064401543190916)
  step 0/5004: loss=3.447133
  step 1/5004: loss=3.105526
  step 2/5004: loss=3.450521
  step 100/5004: loss=3.304430
  step 200/5004: loss=3.507841
  step 300/5004: loss=3.470939
  step 400/5004: loss=3.772572
  step 500/5004: loss=3.371512
  step 600/5004: loss=3.424975
  step 700/5004: loss=3.372327
  step 800/5004: loss=3.104209
  step 900/5004: loss=3.273664
  step 1000/5004: loss=3.536221
  step 1100/5004: loss=3.295885
  step 1200/5004: loss=3.351629
  step 1300/5004: loss=2.868102
  step 1400/5004: loss=3.361668
  step 1500/5004: loss=3.179430
  step 1600/5004: loss=3.269492
  step 1700/5004: loss=3.274729
  step 1800/5004: loss=3.248720
  step 1900/5004: loss=3.729817
  step 2000/5004: loss=2.928694
  step 2100/5004: loss=3.507884
  step 2200/5004: loss=2.854604
  step 2300/5004: loss=3.327920
  step 2400/5004: loss=2.896693
  step 2500/5004: loss=2.902787
  step 2600/5004: loss=3.148419
  step 2700/5004: loss=3.267052
  step 2800/5004: loss=3.148149
  step 2900/5004: loss=2.948911
  step 3000/5004: loss=3.222259
  step 3100/5004: loss=3.275871
  step 3200/5004: loss=3.357939
  step 3300/5004: loss=3.027801
  step 3400/5004: loss=3.269982
  step 3500/5004: loss=2.991096
  step 3600/5004: loss=3.439766
  step 3700/5004: loss=3.179779
  step 3800/5004: loss=3.266036
  step 3900/5004: loss=3.497936
  step 4000/5004: loss=3.740050
  step 4100/5004: loss=3.691396
  step 4200/5004: loss=3.326760
  step 4300/5004: loss=3.152978
  step 4400/5004: loss=3.634671
  step 4500/5004: loss=3.218987
  step 4600/5004: loss=3.120791
  step 4700/5004: loss=3.505794
  step 4800/5004: loss=3.293743
  step 4900/5004: loss=3.196166
  step 5000/5004: loss=3.694576
[pjrt_ffi] RESIDENT: @efficientnetin_fwd_eval holds 311 parameter tensors (20.3 MB) on 1 device; they stop crossing PCIe from here
Epoch 20/350: loss=3.235075 lr=0.013226
  epoch 20: test_acc = 33030/50000 = 66.060000%  top5 = 43373/50000 = 86.746000%  [95% CI 65.64–66.47]
    BN companion -> .lake/build/efficientnetin_emarmsdp64dropdobf16_ckpt_xla.bin.bn (42016 floats x 2, hash 1008408000623564290)
  step 0/5004: loss=2.770708
  step 1/5004: loss=3.360301
  step 2/5004: loss=3.141899
  step 100/5004: loss=3.704829
  step 200/5004: loss=2.943708
  step 300/5004: loss=2.744992
  step 400/5004: loss=3.537338
  step 500/5004: loss=3.110543
  step 600/5004: loss=3.362605
  step 700/5004: loss=3.291921
  step 800/5004: loss=3.077056
  step 900/5004: loss=2.869980
  step 1000/5004: loss=3.150229
  step 1100/5004: loss=2.894925
  step 1200/5004: loss=3.063838
  step 1300/5004: loss=3.386721
  step 1400/5004: loss=3.380295
  step 1500/5004: loss=3.487956
  step 1600/5004: loss=2.760772
  step 1700/5004: loss=3.337485
  step 1800/5004: loss=3.282653
  step 1900/5004: loss=3.302148
  step 2000/5004: loss=3.436854
  step 2100/5004: loss=3.171512
  step 2200/5004: loss=3.685967
  step 2300/5004: loss=3.367290
  step 2400/5004: loss=2.885120
  step 2500/5004: loss=3.503478
  step 2600/5004: loss=3.219325
  step 2700/5004: loss=3.033219
  step 2800/5004: loss=3.996040
  step 2900/5004: loss=3.280398
  step 3000/5004: loss=3.274268
  step 3100/5004: loss=3.390362
  step 3200/5004: loss=3.217718
  step 3300/5004: loss=3.421116
  step 3400/5004: loss=3.142572
  step 3500/5004: loss=3.144135
  step 3600/5004: loss=3.477504
  step 3700/5004: loss=3.586133
  step 3800/5004: loss=2.813385
  step 3900/5004: loss=3.072621
  step 4000/5004: loss=3.194131
  step 4100/5004: loss=3.371093
  step 4200/5004: loss=2.725130
  step 4300/5004: loss=3.317589
  step 4400/5004: loss=2.964138
  step 4500/5004: loss=3.114514
  step 4600/5004: loss=3.281406
  step 4700/5004: loss=2.969057
  step 4800/5004: loss=3.257873
  step 4900/5004: loss=3.861739
  step 5000/5004: loss=3.147708
[pjrt_ffi] RESIDENT: @efficientnetin_fwd_eval holds 311 parameter tensors (20.3 MB) on 1 device; they stop crossing PCIe from here
Epoch 21/350: loss=3.226552 lr=0.013060
  epoch 21: test_acc = 33202/50000 = 66.404000%  top5 = 43433/50000 = 86.866000%  [95% CI 65.99–66.82]
    BN companion -> .lake/build/efficientnetin_emarmsdp64dropdobf16_ckpt_xla.bin.bn (42016 floats x 2, hash 2809616552137277773)
  step 0/5004: loss=3.058949
  step 1/5004: loss=3.432050
  step 2/5004: loss=3.488355
  step 100/5004: loss=3.131073
  step 200/5004: loss=3.069610
  step 300/5004: loss=3.265002
  step 400/5004: loss=3.376883
  step 500/5004: loss=3.188765
  step 600/5004: loss=3.268328
  step 700/5004: loss=3.470577
  step 800/5004: loss=3.690034
  step 900/5004: loss=3.156493
  step 1000/5004: loss=2.735701
  step 1100/5004: loss=3.116103
  step 1200/5004: loss=3.302013
  step 1300/5004: loss=2.945672
  step 1400/5004: loss=3.245844
  step 1500/5004: loss=3.598770
  step 1600/5004: loss=3.223674
  step 1700/5004: loss=3.228881
  step 1800/5004: loss=2.913929
  step 1900/5004: loss=3.346050
  step 2000/5004: loss=3.583842
  step 2100/5004: loss=3.355458
  step 2200/5004: loss=2.830742
  step 2300/5004: loss=3.508602
  step 2400/5004: loss=2.988994
  step 2500/5004: loss=3.032938
  step 2600/5004: loss=2.741286
  step 2700/5004: loss=3.153031
  step 2800/5004: loss=3.708570
  step 2900/5004: loss=3.440616
  step 3000/5004: loss=3.647342
  step 3100/5004: loss=2.749022
  step 3200/5004: loss=3.123773
  step 3300/5004: loss=3.498360
  step 3400/5004: loss=3.214330
  step 3500/5004: loss=2.735464
  step 3600/5004: loss=2.942667
  step 3700/5004: loss=2.885652
  step 3800/5004: loss=3.082664
  step 3900/5004: loss=3.895317
  step 4000/5004: loss=3.269919
  step 4100/5004: loss=3.486321
  step 4200/5004: loss=3.149028
  step 4300/5004: loss=2.625975
  step 4400/5004: loss=3.525293
  step 4500/5004: loss=3.017063
  step 4600/5004: loss=3.252834
  step 4700/5004: loss=3.403977
  step 4800/5004: loss=2.954926
  step 4900/5004: loss=2.800496
  step 5000/5004: loss=3.306751
[pjrt_ffi] RESIDENT: @efficientnetin_fwd_eval holds 311 parameter tensors (20.3 MB) on 1 device; they stop crossing PCIe from here
Epoch 22/350: loss=3.209490 lr=0.012895
  epoch 22: test_acc = 33342/50000 = 66.684000%  top5 = 43537/50000 = 87.074000%  [95% CI 66.27–67.10]
    BN companion -> .lake/build/efficientnetin_emarmsdp64dropdobf16_ckpt_xla.bin.bn (42016 floats x 2, hash 17215461796866314527)
  step 0/5004: loss=2.834801
  step 1/5004: loss=3.299386
  step 2/5004: loss=3.542902
  step 100/5004: loss=3.374289
  step 200/5004: loss=3.205280
  step 300/5004: loss=3.079709
  step 400/5004: loss=3.160040
  step 500/5004: loss=3.172668
  step 600/5004: loss=3.030024
  step 700/5004: loss=3.001675
  step 800/5004: loss=3.533251
  step 900/5004: loss=3.221782
  step 1000/5004: loss=3.663439
  step 1100/5004: loss=3.206321
  step 1200/5004: loss=3.025120
  step 1300/5004: loss=2.942009
  step 1400/5004: loss=3.608482
  step 1500/5004: loss=3.458498
  step 1600/5004: loss=2.992077
  step 1700/5004: loss=3.256145
  step 1800/5004: loss=3.125522
  step 1900/5004: loss=2.796936
  step 2000/5004: loss=3.462981
  step 2100/5004: loss=2.943089
  step 2200/5004: loss=3.145558
  step 2300/5004: loss=3.070085
  step 2400/5004: loss=3.144294
  step 2500/5004: loss=3.232795
  step 2600/5004: loss=2.913949
  step 2700/5004: loss=3.528030
  step 2800/5004: loss=2.880521
  step 2900/5004: loss=3.192630
  step 3000/5004: loss=3.206612
  step 3100/5004: loss=3.214621
  step 3200/5004: loss=3.226588
  step 3300/5004: loss=3.155093
  step 3400/5004: loss=3.384601
  step 3500/5004: loss=2.889288
  step 3600/5004: loss=3.342714
  step 3700/5004: loss=2.882204
  step 3800/5004: loss=3.674562
  step 3900/5004: loss=3.076746
  step 4000/5004: loss=2.960657
  step 4100/5004: loss=2.862567
  step 4200/5004: loss=3.260821
  step 4300/5004: loss=3.171849
  step 4400/5004: loss=3.051610
  step 4500/5004: loss=3.200260
  step 4600/5004: loss=3.149873
  step 4700/5004: loss=3.185172
  step 4800/5004: loss=3.457084
  step 4900/5004: loss=2.727437
  step 5000/5004: loss=3.205275
[pjrt_ffi] RESIDENT: @efficientnetin_fwd_eval holds 311 parameter tensors (20.3 MB) on 1 device; they stop crossing PCIe from here
Epoch 23/350: loss=3.199183 lr=0.012732
  epoch 23: test_acc = 33414/50000 = 66.828000%  top5 = 43597/50000 = 87.194000%  [95% CI 66.41–67.24]
    BN companion -> .lake/build/efficientnetin_emarmsdp64dropdobf16_ckpt_xla.bin.bn (42016 floats x 2, hash 7654878120550593589)
  step 0/5004: loss=2.883353
  step 1/5004: loss=3.052239
  step 2/5004: loss=3.234767
  step 100/5004: loss=3.153133
  step 200/5004: loss=3.322901
  step 300/5004: loss=2.820147
  step 400/5004: loss=3.861571
  step 500/5004: loss=3.602581
  step 600/5004: loss=3.464487
  step 700/5004: loss=3.297006
  step 800/5004: loss=2.807125
  step 900/5004: loss=3.032458
  step 1000/5004: loss=3.231214
  step 1100/5004: loss=3.471417
  step 1200/5004: loss=3.488326
  step 1300/5004: loss=3.220599
  step 1400/5004: loss=3.263626
  step 1500/5004: loss=2.919800
  step 1600/5004: loss=3.366134
  step 1700/5004: loss=3.306822
  step 1800/5004: loss=3.310171
  step 1900/5004: loss=3.458522
  step 2000/5004: loss=3.198498
  step 2100/5004: loss=3.084809
  step 2200/5004: loss=3.216449
  step 2300/5004: loss=3.142577
  step 2400/5004: loss=3.270419
  step 2500/5004: loss=3.359032
  step 2600/5004: loss=3.453848
  step 2700/5004: loss=3.526176
  step 2800/5004: loss=3.501556
  step 2900/5004: loss=3.212083
  step 3000/5004: loss=3.129201
  step 3100/5004: loss=2.975768
  step 3200/5004: loss=2.929253
  step 3300/5004: loss=3.384623
  step 3400/5004: loss=3.130826
  step 3500/5004: loss=2.910388
  step 3600/5004: loss=3.395853
  step 3700/5004: loss=3.434175
  step 3800/5004: loss=3.681908
  step 3900/5004: loss=3.834160
  step 4000/5004: loss=3.368889
  step 4100/5004: loss=2.602177
  step 4200/5004: loss=3.646924
  step 4300/5004: loss=3.345862
  step 4400/5004: loss=3.136817
  step 4500/5004: loss=3.492985
  step 4600/5004: loss=3.005465
  step 4700/5004: loss=2.964550
  step 4800/5004: loss=3.156056
  step 4900/5004: loss=2.774362
  step 5000/5004: loss=3.012538
[pjrt_ffi] RESIDENT: @efficientnetin_fwd_eval holds 311 parameter tensors (20.3 MB) on 1 device; they stop crossing PCIe from here
Epoch 24/350: loss=3.187502 lr=0.012572
  epoch 24: test_acc = 33459/50000 = 66.918000%  top5 = 43618/50000 = 87.236000%  [95% CI 66.50–67.33]
    BN companion -> .lake/build/efficientnetin_emarmsdp64dropdobf16_ckpt_xla.bin.bn (42016 floats x 2, hash 372271186682581777)
  step 0/5004: loss=3.052545
  step 1/5004: loss=3.419669
  step 2/5004: loss=3.000653
  step 100/5004: loss=3.034221
  step 200/5004: loss=3.227303
  step 300/5004: loss=3.478742
  step 400/5004: loss=3.016448
  step 500/5004: loss=3.548633
  step 600/5004: loss=2.838829
  step 700/5004: loss=2.965647
  step 800/5004: loss=3.433549
  step 900/5004: loss=3.274758
  step 1000/5004: loss=2.986923
  step 1100/5004: loss=3.289607
  step 1200/5004: loss=3.130094
  step 1300/5004: loss=2.888850
  step 1400/5004: loss=3.049371
  step 1500/5004: loss=3.795325
  step 1600/5004: loss=2.737147
  step 1700/5004: loss=3.813240
  step 1800/5004: loss=3.041108
  step 1900/5004: loss=3.277102
  step 2000/5004: loss=3.122021
  step 2100/5004: loss=3.529379
  step 2200/5004: loss=3.325073
  step 2300/5004: loss=3.606128
  step 2400/5004: loss=3.465238
  step 2500/5004: loss=3.018598
  step 2600/5004: loss=2.689370
  step 2700/5004: loss=3.407114
  step 2800/5004: loss=2.926344
  step 2900/5004: loss=3.483574
  step 3000/5004: loss=2.940518
  step 3100/5004: loss=3.055064
  step 3200/5004: loss=3.292258
  step 3300/5004: loss=2.910351
  step 3400/5004: loss=3.184490
  step 3500/5004: loss=3.119044
  step 3600/5004: loss=2.783208
  step 3700/5004: loss=3.258482
  step 3800/5004: loss=3.124450
  step 3900/5004: loss=2.754223
  step 4000/5004: loss=3.338799
  step 4100/5004: loss=2.888534
  step 4200/5004: loss=2.866616
  step 4300/5004: loss=3.237695
  step 4400/5004: loss=3.210308
  step 4500/5004: loss=3.215192
  step 4600/5004: loss=3.351120
  step 4700/5004: loss=3.262294
  step 4800/5004: loss=2.591999
  step 4900/5004: loss=2.875526
  step 5000/5004: loss=3.264721
[pjrt_ffi] RESIDENT: @efficientnetin_fwd_eval holds 311 parameter tensors (20.3 MB) on 1 device; they stop crossing PCIe from here
Epoch 25/350: loss=3.178934 lr=0.012413
  epoch 25: test_acc = 33508/50000 = 67.016000%  top5 = 43697/50000 = 87.394000%  [95% CI 66.60–67.43]
    BN companion -> .lake/build/efficientnetin_emarmsdp64dropdobf16_ckpt_xla.bin.bn (42016 floats x 2, hash 607052562059010800)
  step 0/5004: loss=2.812482
  step 1/5004: loss=2.644407
  step 2/5004: loss=2.663950
  step 100/5004: loss=3.357982
  step 200/5004: loss=3.468976
  step 300/5004: loss=2.919961
  step 400/5004: loss=3.107318
  step 500/5004: loss=3.262233
  step 600/5004: loss=2.788651
  step 700/5004: loss=3.033952
  step 800/5004: loss=2.995577
  step 900/5004: loss=3.189448
  step 1000/5004: loss=3.258545
  step 1100/5004: loss=3.144790
  step 1200/5004: loss=3.119832
  step 1300/5004: loss=3.200533
  step 1400/5004: loss=3.061117
  step 1500/5004: loss=3.122181
  step 1600/5004: loss=3.355430
  step 1700/5004: loss=3.406818
  step 1800/5004: loss=3.222426
  step 1900/5004: loss=3.141364
  step 2000/5004: loss=3.248201
  step 2100/5004: loss=3.185974
  step 2200/5004: loss=3.165548
  step 2300/5004: loss=2.940501
  step 2400/5004: loss=2.935126
  step 2500/5004: loss=2.894016
  step 2600/5004: loss=3.534285
  step 2700/5004: loss=3.257640
  step 2800/5004: loss=3.110030
  step 2900/5004: loss=3.316155
  step 3000/5004: loss=3.320913
  step 3100/5004: loss=3.518392
  step 3200/5004: loss=3.279203
  step 3300/5004: loss=2.792700
  step 3400/5004: loss=3.034564
  step 3500/5004: loss=2.980524
  step 3600/5004: loss=3.109337
  step 3700/5004: loss=3.233933
  step 3800/5004: loss=2.782912
  step 3900/5004: loss=3.283234
  step 4000/5004: loss=3.069611
  step 4100/5004: loss=2.672652
  step 4200/5004: loss=3.028598
  step 4300/5004: loss=2.819319
  step 4400/5004: loss=2.544422
  step 4500/5004: loss=3.386040
  step 4600/5004: loss=3.437354
  step 4700/5004: loss=3.267374
  step 4800/5004: loss=2.861166
  step 4900/5004: loss=3.093734
  step 5000/5004: loss=2.979620
[pjrt_ffi] RESIDENT: @efficientnetin_fwd_eval holds 311 parameter tensors (20.3 MB) on 1 device; they stop crossing PCIe from here
Epoch 26/350: loss=3.160125 lr=0.012257
  epoch 26: test_acc = 33675/50000 = 67.350000%  top5 = 43759/50000 = 87.518000%  [95% CI 66.94–67.76]
    BN companion -> .lake/build/efficientnetin_emarmsdp64dropdobf16_ckpt_xla.bin.bn (42016 floats x 2, hash 5738857352660868604)
  step 0/5004: loss=3.288037
  step 1/5004: loss=3.173228
  step 2/5004: loss=3.491049
  step 100/5004: loss=3.170866
  step 200/5004: loss=3.325418
  step 300/5004: loss=3.296057
  step 400/5004: loss=3.215024
  step 500/5004: loss=3.188463
  step 600/5004: loss=3.111308
  step 700/5004: loss=3.239453
  step 800/5004: loss=3.023262
  step 900/5004: loss=3.345464
  step 1000/5004: loss=3.038763
  step 1100/5004: loss=2.623677
  step 1200/5004: loss=2.842525
  step 1300/5004: loss=3.081520
  step 1400/5004: loss=3.314109
  step 1500/5004: loss=3.261055
  step 1600/5004: loss=3.925639
  step 1700/5004: loss=2.911777
  step 1800/5004: loss=3.157945
  step 1900/5004: loss=2.845001
  step 2000/5004: loss=2.907830
  step 2100/5004: loss=2.941578
  step 2200/5004: loss=3.182671
  step 2300/5004: loss=2.942672
  step 2400/5004: loss=2.800568
  step 2500/5004: loss=3.351001
  step 2600/5004: loss=2.983538
  step 2700/5004: loss=2.902385
  step 2800/5004: loss=2.848803
  step 2900/5004: loss=3.161664
  step 3000/5004: loss=2.921769
  step 3100/5004: loss=2.945109
  step 3200/5004: loss=2.954595
  step 3300/5004: loss=3.675228
  step 3400/5004: loss=3.106801
  step 3500/5004: loss=3.202712
  step 3600/5004: loss=3.092613
  step 3700/5004: loss=2.873163
  step 3800/5004: loss=3.071534
  step 3900/5004: loss=3.341076
  step 4000/5004: loss=2.996250
  step 4100/5004: loss=3.373617
  step 4200/5004: loss=2.887698
  step 4300/5004: loss=3.272272
  step 4400/5004: loss=3.014188
  step 4500/5004: loss=3.213837
  step 4600/5004: loss=3.432820
  step 4700/5004: loss=3.196214
  step 4800/5004: loss=3.039015
  step 4900/5004: loss=3.148763
  step 5000/5004: loss=3.184879
[pjrt_ffi] RESIDENT: @efficientnetin_fwd_eval holds 311 parameter tensors (20.3 MB) on 1 device; they stop crossing PCIe from here
Epoch 27/350: loss=3.155246 lr=0.012102
  epoch 27: test_acc = 33678/50000 = 67.356000%  top5 = 43795/50000 = 87.590000%  [95% CI 66.94–67.77]
    BN companion -> .lake/build/efficientnetin_emarmsdp64dropdobf16_ckpt_xla.bin.bn (42016 floats x 2, hash 13895467826135494676)
  step 0/5004: loss=3.015499
  step 1/5004: loss=3.448702
  step 2/5004: loss=3.185052
  step 100/5004: loss=3.459347
  step 200/5004: loss=3.366976
  step 300/5004: loss=3.197051
  step 400/5004: loss=3.569192
  step 500/5004: loss=3.524535
  step 600/5004: loss=3.533742
  step 700/5004: loss=3.379225
  step 800/5004: loss=3.131414
  step 900/5004: loss=3.102659
  step 1000/5004: loss=3.115632
  step 1100/5004: loss=3.656833
  step 1200/5004: loss=3.531393
  step 1300/5004: loss=3.515063
  step 1400/5004: loss=3.312167
  step 1500/5004: loss=3.256046
  step 1600/5004: loss=3.057012
  step 1700/5004: loss=2.779018
  step 1800/5004: loss=3.293170
  step 1900/5004: loss=3.056216
  step 2000/5004: loss=3.065357
  step 2100/5004: loss=3.809655
  step 2200/5004: loss=3.073724
  step 2300/5004: loss=2.874353
  step 2400/5004: loss=3.076920
  step 2500/5004: loss=3.013052
  step 2600/5004: loss=2.945978
  step 2700/5004: loss=3.135371
  step 2800/5004: loss=3.103794
  step 2900/5004: loss=3.426996
  step 3000/5004: loss=2.930272
  step 3100/5004: loss=3.041517
  step 3200/5004: loss=3.341633
  step 3300/5004: loss=3.126158
  step 3400/5004: loss=2.936247
  step 3500/5004: loss=2.689573
  step 3600/5004: loss=2.977427
  step 3700/5004: loss=2.518656
  step 3800/5004: loss=2.993994
  step 3900/5004: loss=2.948945
  step 4000/5004: loss=3.245596
  step 4100/5004: loss=3.069947
  step 4200/5004: loss=3.363647
  step 4300/5004: loss=3.254533
  step 4400/5004: loss=3.351549
  step 4500/5004: loss=3.175791
  step 4600/5004: loss=3.503078
  step 4700/5004: loss=2.685911
  step 4800/5004: loss=3.230961
  step 4900/5004: loss=3.188370
  step 5000/5004: loss=3.091815
[pjrt_ffi] RESIDENT: @efficientnetin_fwd_eval holds 311 parameter tensors (20.3 MB) on 1 device; they stop crossing PCIe from here
Epoch 28/350: loss=3.144485 lr=0.011950
  epoch 28: test_acc = 33738/50000 = 67.476000%  top5 = 43864/50000 = 87.728000%  [95% CI 67.06–67.89]
    BN companion -> .lake/build/efficientnetin_emarmsdp64dropdobf16_ckpt_xla.bin.bn (42016 floats x 2, hash 7960445716416234409)
  step 0/5004: loss=3.251319
  step 1/5004: loss=3.253391
  step 2/5004: loss=3.299442
  step 100/5004: loss=2.980693
  step 200/5004: loss=2.953764
  step 300/5004: loss=2.979361
  step 400/5004: loss=2.925398
  step 500/5004: loss=2.946458
  step 600/5004: loss=3.003638
  step 700/5004: loss=3.202451
  step 800/5004: loss=3.022929
  step 900/5004: loss=3.365931
  step 1000/5004: loss=3.206162
  step 1100/5004: loss=3.088453
  step 1200/5004: loss=3.135231
  step 1300/5004: loss=3.175440
  step 1400/5004: loss=2.995601
  step 1500/5004: loss=2.841009
  step 1600/5004: loss=2.955191
  step 1700/5004: loss=3.053709
  step 1800/5004: loss=2.856124
  step 1900/5004: loss=2.653180
  step 2000/5004: loss=3.457021
  step 2100/5004: loss=3.181275
  step 2200/5004: loss=3.158370
  step 2300/5004: loss=3.485488
  step 2400/5004: loss=3.437842
  step 2500/5004: loss=2.642766
  step 2600/5004: loss=3.365065
  step 2700/5004: loss=3.029662
  step 2800/5004: loss=3.319003
  step 2900/5004: loss=2.859871
  step 3000/5004: loss=3.081457
  step 3100/5004: loss=3.133301
  step 3200/5004: loss=3.259712
  step 3300/5004: loss=3.132484
  step 3400/5004: loss=3.036377
  step 3500/5004: loss=3.166067
  step 3600/5004: loss=3.394765
  step 3700/5004: loss=3.073489
  step 3800/5004: loss=3.128058
  step 3900/5004: loss=2.994601
  step 4000/5004: loss=3.469327
  step 4100/5004: loss=3.080153
  step 4200/5004: loss=2.952329
  step 4300/5004: loss=2.919627
  step 4400/5004: loss=2.957605
  step 4500/5004: loss=3.382971
  step 4600/5004: loss=3.190391
  step 4700/5004: loss=2.569266
  step 4800/5004: loss=2.772288
  step 4900/5004: loss=3.159352
  step 5000/5004: loss=2.882481
[pjrt_ffi] RESIDENT: @efficientnetin_fwd_eval holds 311 parameter tensors (20.3 MB) on 1 device; they stop crossing PCIe from here
Epoch 29/350: loss=3.135197 lr=0.011799
  epoch 29: test_acc = 33894/50000 = 67.788000%  top5 = 43969/50000 = 87.938000%  [95% CI 67.38–68.20]
    BN companion -> .lake/build/efficientnetin_emarmsdp64dropdobf16_ckpt_xla.bin.bn (42016 floats x 2, hash 134554807387166391)
  step 0/5004: loss=2.892654
  step 1/5004: loss=2.853788
  step 2/5004: loss=3.054595
  step 100/5004: loss=3.197460
  step 200/5004: loss=3.205993
  step 300/5004: loss=3.092203
  step 400/5004: loss=3.109090
  step 500/5004: loss=2.889867
  step 600/5004: loss=3.085564
  step 700/5004: loss=2.932299
  step 800/5004: loss=2.903581
  step 900/5004: loss=3.112932
  step 1000/5004: loss=3.319745
  step 1100/5004: loss=3.093562
  step 1200/5004: loss=3.335381
  step 1300/5004: loss=2.930196
  step 1400/5004: loss=3.345126
  step 1500/5004: loss=3.288461
  step 1600/5004: loss=3.335614
  step 1700/5004: loss=3.278018
  step 1800/5004: loss=3.047239
  step 1900/5004: loss=3.151029
  step 2000/5004: loss=2.843826
  step 2100/5004: loss=2.954993
  step 2200/5004: loss=3.263331
  step 2300/5004: loss=2.930782
  step 2400/5004: loss=3.367267
  step 2500/5004: loss=3.047830
  step 2600/5004: loss=2.971807
  step 2700/5004: loss=2.899081
  step 2800/5004: loss=3.611180
  step 2900/5004: loss=3.201998
  step 3000/5004: loss=2.977338
  step 3100/5004: loss=2.860250
  step 3200/5004: loss=3.379817
  step 3300/5004: loss=3.329855
  step 3400/5004: loss=3.036312
  step 3500/5004: loss=3.041238
  step 3600/5004: loss=3.329123
  step 3700/5004: loss=2.751160
  step 3800/5004: loss=3.213613
  step 3900/5004: loss=3.654994
  step 4000/5004: loss=2.899355
  step 4100/5004: loss=3.124900
  step 4200/5004: loss=2.742969
  step 4300/5004: loss=3.282021
  step 4400/5004: loss=3.002748
  step 4500/5004: loss=3.387105
  step 4600/5004: loss=2.969647
  step 4700/5004: loss=2.761790
  step 4800/5004: loss=3.260046
  step 4900/5004: loss=3.762985
  step 5000/5004: loss=2.820602
[pjrt_ffi] RESIDENT: @efficientnetin_fwd_eval holds 311 parameter tensors (20.3 MB) on 1 device; they stop crossing PCIe from here
Epoch 30/350: loss=3.118683 lr=0.011650
  epoch 30: test_acc = 33955/50000 = 67.910000%  top5 = 44026/50000 = 88.052000%  [95% CI 67.50–68.32]
    BN companion -> .lake/build/efficientnetin_emarmsdp64dropdobf16_ckpt_xla.bin.bn (42016 floats x 2, hash 371889663672306537)
  step 0/5004: loss=3.057002
  step 1/5004: loss=3.568864
  step 2/5004: loss=3.192945
  step 100/5004: loss=2.915422
  step 200/5004: loss=3.412882
  step 300/5004: loss=3.337734
  step 400/5004: loss=3.303061
  step 500/5004: loss=3.094552
  step 600/5004: loss=2.866314
  step 700/5004: loss=3.110298
  step 800/5004: loss=2.806273
  step 900/5004: loss=3.107651
  step 1000/5004: loss=3.035573
  step 1100/5004: loss=3.090682
  step 1200/5004: loss=3.344372
  step 1300/5004: loss=2.957775
  step 1400/5004: loss=3.124695
  step 1500/5004: loss=3.184710
  step 1600/5004: loss=2.762465
  step 1700/5004: loss=3.002209
  step 1800/5004: loss=2.908127
  step 1900/5004: loss=3.361654
  step 2000/5004: loss=2.976393
  step 2100/5004: loss=2.822644
  step 2200/5004: loss=3.075980
  step 2300/5004: loss=2.778373
  step 2400/5004: loss=3.323782
  step 2500/5004: loss=3.241415
  step 2600/5004: loss=2.827259
  step 2700/5004: loss=3.421885
  step 2800/5004: loss=3.310676
  step 2900/5004: loss=2.781730
  step 3000/5004: loss=3.439934
  step 3100/5004: loss=2.767819
  step 3200/5004: loss=2.845947
  step 3300/5004: loss=3.240205
  step 3400/5004: loss=3.230613
  step 3500/5004: loss=2.808565
  step 3600/5004: loss=2.677817
  step 3700/5004: loss=3.181628
  step 3800/5004: loss=2.724877
  step 3900/5004: loss=3.740365
  step 4000/5004: loss=3.242605
  step 4100/5004: loss=3.174734
  step 4200/5004: loss=3.015069
  step 4300/5004: loss=3.330491
  step 4400/5004: loss=3.080016
  step 4500/5004: loss=3.211223
  step 4600/5004: loss=3.213695
  step 4700/5004: loss=3.055647
  step 4800/5004: loss=3.060925
  step 4900/5004: loss=2.837568
  step 5000/5004: loss=3.034585
[pjrt_ffi] RESIDENT: @efficientnetin_fwd_eval holds 311 parameter tensors (20.3 MB) on 1 device; they stop crossing PCIe from here
Epoch 31/350: loss=3.113036 lr=0.011503
  epoch 31: test_acc = 34046/50000 = 68.092000%  top5 = 44095/50000 = 88.190000%  [95% CI 67.68–68.50]
    BN companion -> .lake/build/efficientnetin_emarmsdp64dropdobf16_ckpt_xla.bin.bn (42016 floats x 2, hash 11734152704064717491)
  step 0/5004: loss=3.638674
  step 1/5004: loss=3.500812
  step 2/5004: loss=3.472108
  step 100/5004: loss=2.545832
  step 200/5004: loss=3.136697
  step 300/5004: loss=2.814489
  step 400/5004: loss=3.227642
  step 500/5004: loss=3.197111
  step 600/5004: loss=2.910478
  step 700/5004: loss=3.947975
  step 800/5004: loss=3.569278
  step 900/5004: loss=3.298772
  step 1000/5004: loss=2.852388
  step 1100/5004: loss=3.836736
  step 1200/5004: loss=2.821981
  step 1300/5004: loss=3.337480
  step 1400/5004: loss=3.346324
  step 1500/5004: loss=3.175061
  step 1600/5004: loss=3.546774
  step 1700/5004: loss=3.247484
  step 1800/5004: loss=3.017286
  step 1900/5004: loss=3.002776
  step 2000/5004: loss=2.815314
  step 2100/5004: loss=3.037796
  step 2200/5004: loss=3.193195
  step 2300/5004: loss=3.835160
  step 2400/5004: loss=3.076022
  step 2500/5004: loss=3.276040
  step 2600/5004: loss=3.415983
  step 2700/5004: loss=2.963076
  step 2800/5004: loss=3.310994
  step 2900/5004: loss=3.022024
  step 3000/5004: loss=3.691005
  step 3100/5004: loss=3.644901
  step 3200/5004: loss=3.105019
  step 3300/5004: loss=2.885007
  step 3400/5004: loss=3.305779
  step 3500/5004: loss=3.046074
  step 3600/5004: loss=2.800672
  step 3700/5004: loss=3.305936
  step 3800/5004: loss=3.287446
  step 3900/5004: loss=3.368834
  step 4000/5004: loss=3.125883
  step 4100/5004: loss=3.243271
  step 4200/5004: loss=3.092567
  step 4300/5004: loss=3.061847
  step 4400/5004: loss=3.572018
  step 4500/5004: loss=2.597739
  step 4600/5004: loss=3.051409
  step 4700/5004: loss=3.020067
  step 4800/5004: loss=2.915179
  step 4900/5004: loss=2.931843
  step 5000/5004: loss=3.189365
[pjrt_ffi] RESIDENT: @efficientnetin_fwd_eval holds 311 parameter tensors (20.3 MB) on 1 device; they stop crossing PCIe from here
Epoch 32/350: loss=3.108703 lr=0.011358
  epoch 32: test_acc = 34118/50000 = 68.236000%  top5 = 44109/50000 = 88.218000%  [95% CI 67.83–68.64]
    BN companion -> .lake/build/efficientnetin_emarmsdp64dropdobf16_ckpt_xla.bin.bn (42016 floats x 2, hash 14816296768260209979)
  step 0/5004: loss=3.113415
  step 1/5004: loss=3.187460
  step 2/5004: loss=3.131979
  step 100/5004: loss=2.856479
  step 200/5004: loss=3.002250
  step 300/5004: loss=3.007541
  step 400/5004: loss=3.059839
  step 500/5004: loss=3.158387
  step 600/5004: loss=3.374961
  step 700/5004: loss=3.284622
  step 800/5004: loss=3.089492
  step 900/5004: loss=3.007955
  step 1000/5004: loss=3.185288
  step 1100/5004: loss=3.338212
  step 1200/5004: loss=2.983352
  step 1300/5004: loss=2.817173
  step 1400/5004: loss=3.311385
  step 1500/5004: loss=2.962450
  step 1600/5004: loss=3.627379
  step 1700/5004: loss=3.381655
  step 1800/5004: loss=2.969894
  step 1900/5004: loss=3.057130
  step 2000/5004: loss=3.172843
  step 2100/5004: loss=2.990261
  step 2200/5004: loss=3.112747
  step 2300/5004: loss=2.821640
  step 2400/5004: loss=3.726995
  step 2500/5004: loss=2.771796
  step 2600/5004: loss=2.886514
  step 2700/5004: loss=3.410810
  step 2800/5004: loss=3.353218
  step 2900/5004: loss=3.510545
  step 3000/5004: loss=3.238183
  step 3100/5004: loss=3.149695
  step 3200/5004: loss=2.686449
  step 3300/5004: loss=3.440787
  step 3400/5004: loss=2.776834
  step 3500/5004: loss=3.162578
  step 3600/5004: loss=3.094359
  step 3700/5004: loss=3.354898
  step 3800/5004: loss=2.892514
  step 3900/5004: loss=3.285423
  step 4000/5004: loss=3.670818
  step 4100/5004: loss=3.109139
  step 4200/5004: loss=3.012589
  step 4300/5004: loss=3.148966
  step 4400/5004: loss=3.415936
  step 4500/5004: loss=3.105745
  step 4600/5004: loss=2.905668
  step 4700/5004: loss=3.093641
  step 4800/5004: loss=3.436671
  step 4900/5004: loss=3.336478
  step 5000/5004: loss=3.084983
[pjrt_ffi] RESIDENT: @efficientnetin_fwd_eval holds 311 parameter tensors (20.3 MB) on 1 device; they stop crossing PCIe from here
Epoch 33/350: loss=3.100739 lr=0.011215
  epoch 33: test_acc = 34200/50000 = 68.400000%  top5 = 44143/50000 = 88.286000%  [95% CI 67.99–68.81]
    BN companion -> .lake/build/efficientnetin_emarmsdp64dropdobf16_ckpt_xla.bin.bn (42016 floats x 2, hash 2615720286201887265)
  step 0/5004: loss=3.185622
  step 1/5004: loss=3.266488
  step 2/5004: loss=3.101737
  step 100/5004: loss=3.058148
  step 200/5004: loss=2.925761
  step 300/5004: loss=2.864762
  step 400/5004: loss=3.059231
  step 500/5004: loss=3.348893
  step 600/5004: loss=2.960631
  step 700/5004: loss=3.036230
  step 800/5004: loss=2.852159
  step 900/5004: loss=3.472235
  step 1000/5004: loss=2.899503
  step 1100/5004: loss=2.609515
  step 1200/5004: loss=3.018988
  step 1300/5004: loss=3.680330
  step 1400/5004: loss=3.141885
  step 1500/5004: loss=2.746924
  step 1600/5004: loss=3.321412
  step 1700/5004: loss=2.690163
  step 1800/5004: loss=3.266180
  step 1900/5004: loss=3.468023
  step 2000/5004: loss=2.945004
  step 2100/5004: loss=3.434272
  step 2200/5004: loss=3.085065
  step 2300/5004: loss=3.303627
  step 2400/5004: loss=3.484800
  step 2500/5004: loss=3.172744
  step 2600/5004: loss=3.304083
  step 2700/5004: loss=2.946431
  step 2800/5004: loss=2.740792
  step 2900/5004: loss=3.053902
  step 3000/5004: loss=2.744072
  step 3100/5004: loss=3.119783
  step 3200/5004: loss=2.943071
  step 3300/5004: loss=3.350778
  step 3400/5004: loss=3.005929
  step 3500/5004: loss=3.186282
  step 3600/5004: loss=3.148307
  step 3700/5004: loss=3.029888
  step 3800/5004: loss=3.033505
  step 3900/5004: loss=3.025972
  step 4000/5004: loss=3.176596
  step 4100/5004: loss=2.942130
  step 4200/5004: loss=3.162007
  step 4300/5004: loss=2.942341
  step 4400/5004: loss=3.476113
  step 4500/5004: loss=3.256433
  step 4600/5004: loss=3.437403
  step 4700/5004: loss=3.658952
  step 4800/5004: loss=3.043842
  step 4900/5004: loss=2.973944
  step 5000/5004: loss=2.769017
[pjrt_ffi] RESIDENT: @efficientnetin_fwd_eval holds 311 parameter tensors (20.3 MB) on 1 device; they stop crossing PCIe from here
Epoch 34/350: loss=3.089123 lr=0.011073
  epoch 34: test_acc = 34261/50000 = 68.522000%  top5 = 44204/50000 = 88.408000%  [95% CI 68.11–68.93]
    BN companion -> .lake/build/efficientnetin_emarmsdp64dropdobf16_ckpt_xla.bin.bn (42016 floats x 2, hash 17090651841551998770)
  step 0/5004: loss=3.164742
  step 1/5004: loss=2.917628
  step 2/5004: loss=3.033472
  step 100/5004: loss=3.430591
  step 200/5004: loss=3.087292
  step 300/5004: loss=2.835450
  step 400/5004: loss=2.959491
  step 500/5004: loss=2.912024
  step 600/5004: loss=3.231650
  step 700/5004: loss=3.155949
  step 800/5004: loss=2.885245
  step 900/5004: loss=3.004275
  step 1000/5004: loss=2.974373
  step 1100/5004: loss=3.219931
  step 1200/5004: loss=3.206169
  step 1300/5004: loss=2.815576
  step 1400/5004: loss=3.160473
  step 1500/5004: loss=3.001627
  step 1600/5004: loss=2.956079
  step 1700/5004: loss=2.891154
  step 1800/5004: loss=3.301637
  step 1900/5004: loss=3.343117
  step 2000/5004: loss=2.711752
  step 2100/5004: loss=3.005424
  step 2200/5004: loss=3.326852
  step 2300/5004: loss=3.305846
  step 2400/5004: loss=2.949702
  step 2500/5004: loss=3.239776
  step 2600/5004: loss=2.938656
  step 2700/5004: loss=2.965338
  step 2800/5004: loss=3.268385
  step 2900/5004: loss=3.118121
  step 3000/5004: loss=2.772363
  step 3100/5004: loss=3.259586
  step 3200/5004: loss=3.128081
  step 3300/5004: loss=3.030700
  step 3400/5004: loss=3.262560
  step 3500/5004: loss=2.624557
  step 3600/5004: loss=2.620686
  step 3700/5004: loss=3.052467
  step 3800/5004: loss=2.948528
  step 3900/5004: loss=2.663163
  step 4000/5004: loss=3.141707
  step 4100/5004: loss=3.223272
  step 4200/5004: loss=2.974143
  step 4300/5004: loss=3.110310
  step 4400/5004: loss=3.019072
  step 4500/5004: loss=2.726323
  step 4600/5004: loss=3.367188
  step 4700/5004: loss=2.947592
  step 4800/5004: loss=2.974411
  step 4900/5004: loss=2.820649
  step 5000/5004: loss=2.949116
[pjrt_ffi] RESIDENT: @efficientnetin_fwd_eval holds 311 parameter tensors (20.3 MB) on 1 device; they stop crossing PCIe from here
Epoch 35/350: loss=3.079291 lr=0.010934
  epoch 35: test_acc = 34364/50000 = 68.728000%  top5 = 44223/50000 = 88.446000%  [95% CI 68.32–69.13]
    BN companion -> .lake/build/efficientnetin_emarmsdp64dropdobf16_ckpt_xla.bin.bn (42016 floats x 2, hash 2367865167835982727)
  step 0/5004: loss=3.148025
  step 1/5004: loss=2.857180
  step 2/5004: loss=2.938056
  step 100/5004: loss=2.918930
  step 200/5004: loss=2.977961
  step 300/5004: loss=3.221832
  step 400/5004: loss=3.374102
  step 500/5004: loss=3.488140
  step 600/5004: loss=3.046747
  step 700/5004: loss=3.099523
  step 800/5004: loss=3.403948
  step 900/5004: loss=3.139682
  step 1000/5004: loss=2.958560
  step 1100/5004: loss=2.829748
  step 1200/5004: loss=2.820835
  step 1300/5004: loss=3.093476
  step 1400/5004: loss=3.461321
  step 1500/5004: loss=2.940857
  step 1600/5004: loss=2.864127
  step 1700/5004: loss=3.008838
  step 1800/5004: loss=3.631047
  step 1900/5004: loss=3.101097
  step 2000/5004: loss=3.178892
  step 2100/5004: loss=2.931001
  step 2200/5004: loss=3.122737
  step 2300/5004: loss=3.395099
  step 2400/5004: loss=3.236703
  step 2500/5004: loss=2.900862
  step 2600/5004: loss=3.253523
  step 2700/5004: loss=2.951238
  step 2800/5004: loss=3.158573
  step 2900/5004: loss=2.924362
  step 3000/5004: loss=2.969385
  step 3100/5004: loss=3.051895
  step 3200/5004: loss=3.130436
  step 3300/5004: loss=2.881172
  step 3400/5004: loss=2.896539
  step 3500/5004: loss=3.253705
  step 3600/5004: loss=2.915903
  step 3700/5004: loss=3.129361
  step 3800/5004: loss=2.974667
  step 3900/5004: loss=2.996756
  step 4000/5004: loss=2.915033
  step 4100/5004: loss=3.466240
  step 4200/5004: loss=3.068269
  step 4300/5004: loss=3.153165
  step 4400/5004: loss=3.264086
  step 4500/5004: loss=3.188563
  step 4600/5004: loss=3.208334
  step 4700/5004: loss=3.049396
  step 4800/5004: loss=3.113893
  step 4900/5004: loss=3.230628
  step 5000/5004: loss=2.938367
[pjrt_ffi] RESIDENT: @efficientnetin_fwd_eval holds 311 parameter tensors (20.3 MB) on 1 device; they stop crossing PCIe from here
Epoch 36/350: loss=3.070630 lr=0.010796
  epoch 36: test_acc = 34396/50000 = 68.792000%  top5 = 44282/50000 = 88.564000%  [95% CI 68.38–69.20]
    BN companion -> .lake/build/efficientnetin_emarmsdp64dropdobf16_ckpt_xla.bin.bn (42016 floats x 2, hash 10349203211988869143)
  step 0/5004: loss=2.881111
  step 1/5004: loss=3.119270
  step 2/5004: loss=3.152244
  step 100/5004: loss=3.031629
  step 200/5004: loss=3.238903
  step 300/5004: loss=3.017293
  step 400/5004: loss=2.923861
  step 500/5004: loss=3.193990
  step 600/5004: loss=3.278394
  step 700/5004: loss=2.904115
  step 800/5004: loss=3.386923
  step 900/5004: loss=3.089963
  step 1000/5004: loss=3.258470
  step 1100/5004: loss=2.790380
  step 1200/5004: loss=2.776882
  step 1300/5004: loss=3.353817
  step 1400/5004: loss=3.095249
  step 1500/5004: loss=3.012365
  step 1600/5004: loss=3.084008
  step 1700/5004: loss=3.098209
  step 1800/5004: loss=3.622930
  step 1900/5004: loss=3.616790
  step 2000/5004: loss=3.249227
  step 2100/5004: loss=3.210532
  step 2200/5004: loss=2.954914
  step 2300/5004: loss=2.362048
  step 2400/5004: loss=3.010626
  step 2500/5004: loss=2.761468
  step 2600/5004: loss=3.163935
  step 2700/5004: loss=3.293283
  step 2800/5004: loss=3.293789
  step 2900/5004: loss=3.433741
  step 3000/5004: loss=3.009501
  step 3100/5004: loss=3.176894
  step 3200/5004: loss=2.912863
  step 3300/5004: loss=3.216637
  step 3400/5004: loss=3.329463
  step 3500/5004: loss=2.699308
  step 3600/5004: loss=2.673979
  step 3700/5004: loss=3.688504
  step 3800/5004: loss=3.064723
  step 3900/5004: loss=2.896358
  step 4000/5004: loss=2.654952
  step 4100/5004: loss=2.940998
  step 4200/5004: loss=2.998275
  step 4300/5004: loss=3.152431
  step 4400/5004: loss=2.794169
  step 4500/5004: loss=3.162886
  step 4600/5004: loss=3.027116
  step 4700/5004: loss=2.693955
  step 4800/5004: loss=2.744078
  step 4900/5004: loss=2.591343
  step 5000/5004: loss=2.835174
[pjrt_ffi] RESIDENT: @efficientnetin_fwd_eval holds 311 parameter tensors (20.3 MB) on 1 device; they stop crossing PCIe from here
Epoch 37/350: loss=3.064346 lr=0.010660
  epoch 37: test_acc = 34518/50000 = 69.036000%  top5 = 44340/50000 = 88.680000%  [95% CI 68.63–69.44]
    BN companion -> .lake/build/efficientnetin_emarmsdp64dropdobf16_ckpt_xla.bin.bn (42016 floats x 2, hash 16413926589143980249)
  step 0/5004: loss=2.812204
  step 1/5004: loss=2.800955
  step 2/5004: loss=2.901560
  step 100/5004: loss=3.157601
  step 200/5004: loss=3.245114
  step 300/5004: loss=3.162894
  step 400/5004: loss=2.679792
  step 500/5004: loss=3.034671
  step 600/5004: loss=3.051620
  step 700/5004: loss=2.720091
  step 800/5004: loss=2.819159
  step 900/5004: loss=2.866858
  step 1000/5004: loss=3.063005
  step 1100/5004: loss=3.394052
  step 1200/5004: loss=3.998394
  step 1300/5004: loss=3.524358
  step 1400/5004: loss=2.880201
  step 1500/5004: loss=3.180027
  step 1600/5004: loss=3.111564
  step 1700/5004: loss=2.908722
  step 1800/5004: loss=2.948650
  step 1900/5004: loss=3.114132
  step 2000/5004: loss=2.833541
  step 2100/5004: loss=3.307191
  step 2200/5004: loss=2.909336
  step 2300/5004: loss=2.825833
  step 2400/5004: loss=3.382191
  step 2500/5004: loss=2.888790
  step 2600/5004: loss=2.685855
  step 2700/5004: loss=3.193062
  step 2800/5004: loss=2.960456
  step 2900/5004: loss=3.132108
  step 3000/5004: loss=2.957689
  step 3100/5004: loss=3.056366
  step 3200/5004: loss=3.263421
  step 3300/5004: loss=3.309965
  step 3400/5004: loss=3.115598
  step 3500/5004: loss=3.486027
  step 3600/5004: loss=2.893467
  step 3700/5004: loss=3.108537
  step 3800/5004: loss=3.415627
  step 3900/5004: loss=2.973379
  step 4000/5004: loss=3.144559
  step 4100/5004: loss=2.865301
  step 4200/5004: loss=2.915111
  step 4300/5004: loss=2.697868
  step 4400/5004: loss=2.896224
  step 4500/5004: loss=2.905828
  step 4600/5004: loss=2.661416
  step 4700/5004: loss=3.142688
  step 4800/5004: loss=3.232142
  step 4900/5004: loss=3.250301
  step 5000/5004: loss=2.970092
[pjrt_ffi] RESIDENT: @efficientnetin_fwd_eval holds 311 parameter tensors (20.3 MB) on 1 device; they stop crossing PCIe from here
Epoch 38/350: loss=3.058803 lr=0.010525
  epoch 38: test_acc = 34589/50000 = 69.178000%  top5 = 44360/50000 = 88.720000%  [95% CI 68.77–69.58]
    BN companion -> .lake/build/efficientnetin_emarmsdp64dropdobf16_ckpt_xla.bin.bn (42016 floats x 2, hash 18072694706057269280)
  step 0/5004: loss=2.880811
  step 1/5004: loss=2.988614
  step 2/5004: loss=2.661862
  step 100/5004: loss=3.291794
  step 200/5004: loss=3.187275
  step 300/5004: loss=3.217225
  step 400/5004: loss=2.799159
  step 500/5004: loss=3.081894
  step 600/5004: loss=3.159799
  step 700/5004: loss=3.780902
  step 800/5004: loss=3.223970
  step 900/5004: loss=3.418394
  step 1000/5004: loss=3.135821
  step 1100/5004: loss=3.296738
  step 1200/5004: loss=3.719917
  step 1300/5004: loss=2.920097
  step 1400/5004: loss=2.913237
  step 1500/5004: loss=3.070598
  step 1600/5004: loss=2.583651
  step 1700/5004: loss=3.173005
  step 1800/5004: loss=3.133350
  step 1900/5004: loss=3.317974
  step 2000/5004: loss=2.833513
  step 2100/5004: loss=3.102355
  step 2200/5004: loss=3.160878
  step 2300/5004: loss=2.885137
  step 2400/5004: loss=3.568778
  step 2500/5004: loss=2.985824
  step 2600/5004: loss=3.197602
  step 2700/5004: loss=2.569869
  step 2800/5004: loss=2.931393
  step 2900/5004: loss=3.469177
  step 3000/5004: loss=2.968031
  step 3100/5004: loss=3.139576
  step 3200/5004: loss=2.774501
  step 3300/5004: loss=3.085539
  step 3400/5004: loss=3.129333
  step 3500/5004: loss=2.978751
  step 3600/5004: loss=3.170439
  step 3700/5004: loss=2.992183
  step 3800/5004: loss=2.906277
  step 3900/5004: loss=3.447584
  step 4000/5004: loss=3.303087
  step 4100/5004: loss=3.277163
  step 4200/5004: loss=3.267279
  step 4300/5004: loss=3.018200
  step 4400/5004: loss=2.976133
  step 4500/5004: loss=3.199475
  step 4600/5004: loss=3.194108
  step 4700/5004: loss=2.646991
  step 4800/5004: loss=2.779900
  step 4900/5004: loss=2.943090
  step 5000/5004: loss=3.081185
[pjrt_ffi] RESIDENT: @efficientnetin_fwd_eval holds 311 parameter tensors (20.3 MB) on 1 device; they stop crossing PCIe from here
Epoch 39/350: loss=3.057201 lr=0.010393
  epoch 39: test_acc = 34645/50000 = 69.290000%  top5 = 44350/50000 = 88.700000%  [95% CI 68.88–69.69]
    BN companion -> .lake/build/efficientnetin_emarmsdp64dropdobf16_ckpt_xla.bin.bn (42016 floats x 2, hash 2005849893483011495)
  step 0/5004: loss=3.026726
  step 1/5004: loss=3.455718
  step 2/5004: loss=2.894301
  step 100/5004: loss=2.872118
  step 200/5004: loss=3.154994
  step 300/5004: loss=3.216547
  step 400/5004: loss=2.960847
  step 500/5004: loss=3.443964
  step 600/5004: loss=3.107458
  step 700/5004: loss=2.988912
  step 800/5004: loss=3.407688
  step 900/5004: loss=2.941381
  step 1000/5004: loss=3.095568
  step 1100/5004: loss=3.457813
  step 1200/5004: loss=2.944040
  step 1300/5004: loss=2.866430
  step 1400/5004: loss=2.956685
  step 1500/5004: loss=2.634518
  step 1600/5004: loss=2.802813
  step 1700/5004: loss=2.951956
  step 1800/5004: loss=3.271530
  step 1900/5004: loss=3.327103
  step 2000/5004: loss=3.230662
  step 2100/5004: loss=2.834903
  step 2200/5004: loss=3.240971
  step 2300/5004: loss=3.118444
  step 2400/5004: loss=2.809582
  step 2500/5004: loss=3.758592
  step 2600/5004: loss=3.099948
  step 2700/5004: loss=2.904905
  step 2800/5004: loss=3.125196
  step 2900/5004: loss=3.246352
  step 3000/5004: loss=3.402549
  step 3100/5004: loss=2.568358
  step 3200/5004: loss=2.993881
  step 3300/5004: loss=2.904033
  step 3400/5004: loss=3.082580
  step 3500/5004: loss=3.358219
  step 3600/5004: loss=2.820729
  step 3700/5004: loss=2.884295
  step 3800/5004: loss=2.748629
  step 3900/5004: loss=3.084841
  step 4000/5004: loss=3.216268
  step 4100/5004: loss=2.815525
  step 4200/5004: loss=2.977770
  step 4300/5004: loss=3.352300
  step 4400/5004: loss=3.093750
  step 4500/5004: loss=2.719707
  step 4600/5004: loss=2.619444
  step 4700/5004: loss=3.209605
  step 4800/5004: loss=2.949521
  step 4900/5004: loss=2.899948
  step 5000/5004: loss=2.726968
[pjrt_ffi] RESIDENT: @efficientnetin_fwd_eval holds 311 parameter tensors (20.3 MB) on 1 device; they stop crossing PCIe from here
Epoch 40/350: loss=3.048871 lr=0.010261
  epoch 40: test_acc = 34693/50000 = 69.386000%  top5 = 44400/50000 = 88.800000%  [95% CI 68.98–69.79]
    BN companion -> .lake/build/efficientnetin_emarmsdp64dropdobf16_ckpt_xla.bin.bn (42016 floats x 2, hash 5426273848621087960)
  step 0/5004: loss=2.910579
  step 1/5004: loss=3.195979
  step 2/5004: loss=2.844001
  step 100/5004: loss=3.308690
  step 200/5004: loss=3.144340
  step 300/5004: loss=2.835586
  step 400/5004: loss=3.147717
  step 500/5004: loss=3.088666
  step 600/5004: loss=3.015420
  step 700/5004: loss=3.244418
  step 800/5004: loss=3.049491
  step 900/5004: loss=3.163452
  step 1000/5004: loss=2.976226
  step 1100/5004: loss=3.511522
  step 1200/5004: loss=3.165054
  step 1300/5004: loss=2.860682
  step 1400/5004: loss=2.569019
  step 1500/5004: loss=3.285802
  step 1600/5004: loss=3.260961
  step 1700/5004: loss=2.526460
  step 1800/5004: loss=2.841674
  step 1900/5004: loss=2.752279
  step 2000/5004: loss=3.010777
  step 2100/5004: loss=3.027612
  step 2200/5004: loss=2.846265
  step 2300/5004: loss=3.041362
  step 2400/5004: loss=2.911475
  step 2500/5004: loss=2.660081
  step 2600/5004: loss=3.108446
  step 2700/5004: loss=3.105860
  step 2800/5004: loss=3.002725
  step 2900/5004: loss=2.725157
  step 3000/5004: loss=3.359692
  step 3100/5004: loss=3.332795
  step 3200/5004: loss=2.639079
  step 3300/5004: loss=2.882401
  step 3400/5004: loss=3.083401
  step 3500/5004: loss=3.186362
  step 3600/5004: loss=2.845032
  step 3700/5004: loss=2.935992
  step 3800/5004: loss=2.872445
  step 3900/5004: loss=3.093241
  step 4000/5004: loss=2.802888
  step 4100/5004: loss=3.408230
  step 4200/5004: loss=3.007833
  step 4300/5004: loss=2.885759
  step 4400/5004: loss=2.820252
  step 4500/5004: loss=3.575808
  step 4600/5004: loss=2.837301
  step 4700/5004: loss=3.161279
  step 4800/5004: loss=3.118471
  step 4900/5004: loss=2.820357
  step 5000/5004: loss=2.918477
[pjrt_ffi] RESIDENT: @efficientnetin_fwd_eval holds 311 parameter tensors (20.3 MB) on 1 device; they stop crossing PCIe from here
Epoch 41/350: loss=3.033810 lr=0.010132
  epoch 41: test_acc = 34734/50000 = 69.468000%  top5 = 44414/50000 = 88.828000%  [95% CI 69.06–69.87]
    BN companion -> .lake/build/efficientnetin_emarmsdp64dropdobf16_ckpt_xla.bin.bn (42016 floats x 2, hash 2549463845122790109)
  step 0/5004: loss=3.020138
  step 1/5004: loss=3.319669
  step 2/5004: loss=2.914646
  step 100/5004: loss=2.726209
  step 200/5004: loss=3.378041
  step 300/5004: loss=2.716806
  step 400/5004: loss=3.044979
  step 500/5004: loss=3.091932
  step 600/5004: loss=2.873030
  step 700/5004: loss=3.357142
  step 800/5004: loss=2.412877
  step 900/5004: loss=2.904596
  step 1000/5004: loss=2.908247
  step 1100/5004: loss=3.069122
  step 1200/5004: loss=3.120667
  step 1300/5004: loss=2.831889
  step 1400/5004: loss=2.861791
  step 1500/5004: loss=2.921208
  step 1600/5004: loss=2.929887
  step 1700/5004: loss=3.069856
  step 1800/5004: loss=3.085214
  step 1900/5004: loss=2.982579
  step 2000/5004: loss=3.133801
  step 2100/5004: loss=2.758857
  step 2200/5004: loss=3.097857
  step 2300/5004: loss=3.080096
  step 2400/5004: loss=3.126234
  step 2500/5004: loss=3.099017
  step 2600/5004: loss=2.990661
  step 2700/5004: loss=3.344644
  step 2800/5004: loss=3.166728
  step 2900/5004: loss=2.726206
  step 3000/5004: loss=3.263931
  step 3100/5004: loss=3.025567
  step 3200/5004: loss=3.012390
  step 3300/5004: loss=3.322097
  step 3400/5004: loss=3.365810
  step 3500/5004: loss=3.142405
  step 3600/5004: loss=2.779920
  step 3700/5004: loss=2.925283
  step 3800/5004: loss=2.755781
  step 3900/5004: loss=3.129732
  step 4000/5004: loss=3.027472
  step 4100/5004: loss=2.691067
  step 4200/5004: loss=2.694093
  step 4300/5004: loss=2.952239
  step 4400/5004: loss=2.632449
  step 4500/5004: loss=2.845113
  step 4600/5004: loss=2.707602
  step 4700/5004: loss=3.207842
  step 4800/5004: loss=3.386734
  step 4900/5004: loss=2.855237
  step 5000/5004: loss=3.228553
[pjrt_ffi] RESIDENT: @efficientnetin_fwd_eval holds 311 parameter tensors (20.3 MB) on 1 device; they stop crossing PCIe from here
Epoch 42/350: loss=3.028250 lr=0.010004
  epoch 42: test_acc = 34783/50000 = 69.566000%  top5 = 44483/50000 = 88.966000%  [95% CI 69.16–69.97]
    BN companion -> .lake/build/efficientnetin_emarmsdp64dropdobf16_ckpt_xla.bin.bn (42016 floats x 2, hash 9762298954370642424)
  step 0/5004: loss=2.607839
  step 1/5004: loss=2.953618
  step 2/5004: loss=2.909438
  step 100/5004: loss=3.229784
  step 200/5004: loss=3.058696
  step 300/5004: loss=2.875220
  step 400/5004: loss=2.944487
  step 500/5004: loss=2.862248
  step 600/5004: loss=3.230713
  step 700/5004: loss=3.254138
  step 800/5004: loss=3.453449
  step 900/5004: loss=2.757813
  step 1000/5004: loss=3.145185
  step 1100/5004: loss=3.419397
  step 1200/5004: loss=3.187953
  step 1300/5004: loss=3.273714
  step 1400/5004: loss=2.792408
  step 1500/5004: loss=3.079566
  step 1600/5004: loss=3.132420
  step 1700/5004: loss=2.921453
  step 1800/5004: loss=3.110882
  step 1900/5004: loss=3.204188
  step 2000/5004: loss=2.933918
  step 2100/5004: loss=2.941219
  step 2200/5004: loss=3.681117
  step 2300/5004: loss=3.167890
  step 2400/5004: loss=2.831494
  step 2500/5004: loss=3.065459
  step 2600/5004: loss=2.819878
  step 2700/5004: loss=3.041241
  step 2800/5004: loss=3.207452
  step 2900/5004: loss=2.894508
  step 3000/5004: loss=3.059054
  step 3100/5004: loss=3.025997
  step 3200/5004: loss=2.832322
  step 3300/5004: loss=2.972374
  step 3400/5004: loss=2.755717
  step 3500/5004: loss=2.816782
  step 3600/5004: loss=3.176068
  step 3700/5004: loss=2.908740
  step 3800/5004: loss=2.765880
  step 3900/5004: loss=3.383300
  step 4000/5004: loss=3.010768
  step 4100/5004: loss=3.254082
  step 4200/5004: loss=2.929803
  step 4300/5004: loss=2.888331
  step 4400/5004: loss=2.674796
  step 4500/5004: loss=3.299074
  step 4600/5004: loss=2.824140
  step 4700/5004: loss=2.809945
  step 4800/5004: loss=3.223550
  step 4900/5004: loss=3.154845
  step 5000/5004: loss=2.498436
[pjrt_ffi] RESIDENT: @efficientnetin_fwd_eval holds 311 parameter tensors (20.3 MB) on 1 device; they stop crossing PCIe from here
Epoch 43/350: loss=3.022285 lr=0.009878
  epoch 43: test_acc = 34740/50000 = 69.480000%  top5 = 44509/50000 = 89.018000%  [95% CI 69.07–69.88]
    BN companion -> .lake/build/efficientnetin_emarmsdp64dropdobf16_ckpt_xla.bin.bn (42016 floats x 2, hash 4119425589269543904)
  step 0/5004: loss=2.580586
  step 1/5004: loss=3.222391
  step 2/5004: loss=2.795669
  step 100/5004: loss=2.760218
  step 200/5004: loss=2.999658
  step 300/5004: loss=2.948630
  step 400/5004: loss=2.915886
  step 500/5004: loss=3.281431
  step 600/5004: loss=3.358708
  step 700/5004: loss=3.163379
  step 800/5004: loss=2.767763
  step 900/5004: loss=3.149850
  step 1000/5004: loss=3.343547
  step 1100/5004: loss=2.768825
  step 1200/5004: loss=2.638525
  step 1300/5004: loss=3.059112
  step 1400/5004: loss=3.175560
  step 1500/5004: loss=3.345053
  step 1600/5004: loss=2.949448
  step 1700/5004: loss=2.779672
  step 1800/5004: loss=3.216331
  step 1900/5004: loss=3.417263
  step 2000/5004: loss=3.045047
  step 2100/5004: loss=3.227846
  step 2200/5004: loss=2.811088
  step 2300/5004: loss=2.988986
  step 2400/5004: loss=3.120425
  step 2500/5004: loss=2.973053
  step 2600/5004: loss=2.831297
  step 2700/5004: loss=2.849186
  step 2800/5004: loss=2.960448
  step 2900/5004: loss=3.293755
  step 3000/5004: loss=2.951082
  step 3100/5004: loss=3.005496
  step 3200/5004: loss=3.001318
  step 3300/5004: loss=3.061617
  step 3400/5004: loss=2.844915
  step 3500/5004: loss=3.179331
  step 3600/5004: loss=3.148470
  step 3700/5004: loss=3.047782
  step 3800/5004: loss=3.255678
  step 3900/5004: loss=2.745578
  step 4000/5004: loss=2.532301
  step 4100/5004: loss=2.838799
  step 4200/5004: loss=3.028187
  step 4300/5004: loss=2.672396
  step 4400/5004: loss=2.825341
  step 4500/5004: loss=2.784177
  step 4600/5004: loss=3.443886
  step 4700/5004: loss=3.174622
  step 4800/5004: loss=3.175818
  step 4900/5004: loss=3.259004
  step 5000/5004: loss=2.846798
[pjrt_ffi] RESIDENT: @efficientnetin_fwd_eval holds 311 parameter tensors (20.3 MB) on 1 device; they stop crossing PCIe from here
Epoch 44/350: loss=3.018970 lr=0.009754
  epoch 44: test_acc = 34815/50000 = 69.630000%  top5 = 44514/50000 = 89.028000%  [95% CI 69.23–70.03]
    BN companion -> .lake/build/efficientnetin_emarmsdp64dropdobf16_ckpt_xla.bin.bn (42016 floats x 2, hash 12628568069722812717)
  step 0/5004: loss=3.027260
  step 1/5004: loss=2.839270
  step 2/5004: loss=3.105455
  step 100/5004: loss=3.065979
  step 200/5004: loss=3.066910
  step 300/5004: loss=3.179351
  step 400/5004: loss=2.779636
  step 500/5004: loss=3.280309
  step 600/5004: loss=2.992906
  step 700/5004: loss=2.711761
  step 800/5004: loss=2.790148
  step 900/5004: loss=2.806354
  step 1000/5004: loss=2.615196
  step 1100/5004: loss=3.383428
  step 1200/5004: loss=3.462182
  step 1300/5004: loss=3.467530
  step 1400/5004: loss=2.807123
  step 1500/5004: loss=3.050403
  step 1600/5004: loss=2.840418
  step 1700/5004: loss=2.915817
  step 1800/5004: loss=2.639845
  step 1900/5004: loss=3.110829
  step 2000/5004: loss=2.894597
  step 2100/5004: loss=3.325556
  step 2200/5004: loss=3.257263
  step 2300/5004: loss=3.218459
  step 2400/5004: loss=3.188228
  step 2500/5004: loss=3.174635
  step 2600/5004: loss=3.042027
  step 2700/5004: loss=2.684538
  step 2800/5004: loss=3.233445
  step 2900/5004: loss=3.182106
  step 3000/5004: loss=3.240227
  step 3100/5004: loss=2.624831
  step 3200/5004: loss=3.143121
  step 3300/5004: loss=2.632084
  step 3400/5004: loss=3.120915
  step 3500/5004: loss=3.303447
  step 3600/5004: loss=2.881778
  step 3700/5004: loss=2.747389
  step 3800/5004: loss=2.576401
  step 3900/5004: loss=3.242224
  step 4000/5004: loss=2.957989
  step 4100/5004: loss=3.246443
  step 4200/5004: loss=2.774872
  step 4300/5004: loss=2.889999
  step 4400/5004: loss=3.012468
  step 4500/5004: loss=2.871680
  step 4600/5004: loss=2.915495
  step 4700/5004: loss=3.079000
  step 4800/5004: loss=3.171362
  step 4900/5004: loss=2.911380
  step 5000/5004: loss=2.864004
[pjrt_ffi] RESIDENT: @efficientnetin_fwd_eval holds 311 parameter tensors (20.3 MB) on 1 device; they stop crossing PCIe from here
Epoch 45/350: loss=3.008055 lr=0.009631
  epoch 45: test_acc = 34865/50000 = 69.730000%  top5 = 44567/50000 = 89.134000%  [95% CI 69.33–70.13]
    BN companion -> .lake/build/efficientnetin_emarmsdp64dropdobf16_ckpt_xla.bin.bn (42016 floats x 2, hash 15329066614106479552)
  step 0/5004: loss=3.251291
  step 1/5004: loss=2.724633
  step 2/5004: loss=2.929360
  step 100/5004: loss=2.492023
  step 200/5004: loss=3.091531
  step 300/5004: loss=3.440742
  step 400/5004: loss=3.141425
  step 500/5004: loss=3.045373
  step 600/5004: loss=3.162864
  step 700/5004: loss=2.764462
  step 800/5004: loss=2.908668
  step 900/5004: loss=2.655903
  step 1000/5004: loss=2.929200
  step 1100/5004: loss=3.105157
  step 1200/5004: loss=3.023499
  step 1300/5004: loss=3.028736
  step 1400/5004: loss=3.406101
  step 1500/5004: loss=2.844098
  step 1600/5004: loss=3.396832
  step 1700/5004: loss=3.048486
  step 1800/5004: loss=2.646809
  step 1900/5004: loss=2.991501
  step 2000/5004: loss=3.102555
  step 2100/5004: loss=2.359818
  step 2200/5004: loss=3.227737
  step 2300/5004: loss=2.915976
  step 2400/5004: loss=2.984802
  step 2500/5004: loss=2.617521
  step 2600/5004: loss=2.887195
  step 2700/5004: loss=2.587123
  step 2800/5004: loss=3.097085
  step 2900/5004: loss=2.984873
  step 3000/5004: loss=2.670305
  step 3100/5004: loss=2.654632
  step 3200/5004: loss=2.672153
  step 3300/5004: loss=2.790460
  step 3400/5004: loss=3.349723
  step 3500/5004: loss=2.882443
  step 3600/5004: loss=3.164175
  step 3700/5004: loss=3.145703
  step 3800/5004: loss=3.060471
  step 3900/5004: loss=3.085403
  step 4000/5004: loss=3.182189
  step 4100/5004: loss=3.078662
  step 4200/5004: loss=3.060058
  step 4300/5004: loss=3.155166
  step 4400/5004: loss=3.128544
  step 4500/5004: loss=2.984231
  step 4600/5004: loss=3.271336
  step 4700/5004: loss=2.843230
  step 4800/5004: loss=2.865052
  step 4900/5004: loss=2.810644
  step 5000/5004: loss=3.414845
[pjrt_ffi] RESIDENT: @efficientnetin_fwd_eval holds 311 parameter tensors (20.3 MB) on 1 device; they stop crossing PCIe from here
Epoch 46/350: loss=3.005458 lr=0.009509
  epoch 46: test_acc = 34869/50000 = 69.738000%  top5 = 44574/50000 = 89.148000%  [95% CI 69.33–70.14]
    BN companion -> .lake/build/efficientnetin_emarmsdp64dropdobf16_ckpt_xla.bin.bn (42016 floats x 2, hash 3091801970170224005)
  step 0/5004: loss=2.555659
  step 1/5004: loss=2.805118
  step 2/5004: loss=3.055330
  step 100/5004: loss=2.672186
  step 200/5004: loss=2.812686
  step 300/5004: loss=2.916301
  step 400/5004: loss=2.773409
  step 500/5004: loss=2.843803
  step 600/5004: loss=3.090015
  step 700/5004: loss=3.067895
  step 800/5004: loss=3.242754
  step 900/5004: loss=3.136508
  step 1000/5004: loss=3.316391
  step 1100/5004: loss=3.089583
  step 1200/5004: loss=2.694849
  step 1300/5004: loss=3.309101
  step 1400/5004: loss=2.663389
  step 1500/5004: loss=3.347573
  step 1600/5004: loss=3.331279
  step 1700/5004: loss=2.829102
  step 1800/5004: loss=3.129027
  step 1900/5004: loss=3.189157
  step 2000/5004: loss=2.975134
  step 2100/5004: loss=3.532690
  step 2200/5004: loss=3.230707
  step 2300/5004: loss=3.424111
  step 2400/5004: loss=2.518110
  step 2500/5004: loss=3.442608
  step 2600/5004: loss=2.909293
  step 2700/5004: loss=3.060451
  step 2800/5004: loss=2.962584
  step 2900/5004: loss=2.853824
  step 3000/5004: loss=2.922040
  step 3100/5004: loss=2.863888
  step 3200/5004: loss=2.863636
  step 3300/5004: loss=2.797694
  step 3400/5004: loss=2.920022
  step 3500/5004: loss=3.652108
  step 3600/5004: loss=2.629782
  step 3700/5004: loss=3.174500
  step 3800/5004: loss=2.598524
  step 3900/5004: loss=3.109802
  step 4000/5004: loss=2.934653
  step 4100/5004: loss=2.806660
  step 4200/5004: loss=2.923514
  step 4300/5004: loss=2.879596
  step 4400/5004: loss=2.915649
  step 4500/5004: loss=3.129183
  step 4600/5004: loss=3.150583
  step 4700/5004: loss=2.735971
  step 4800/5004: loss=2.776420
  step 4900/5004: loss=2.785367
  step 5000/5004: loss=2.865626
[pjrt_ffi] RESIDENT: @efficientnetin_fwd_eval holds 311 parameter tensors (20.3 MB) on 1 device; they stop crossing PCIe from here
Epoch 47/350: loss=2.998806 lr=0.009389
  epoch 47: test_acc = 34905/50000 = 69.810000%  top5 = 44604/50000 = 89.208000%  [95% CI 69.41–70.21]
    BN companion -> .lake/build/efficientnetin_emarmsdp64dropdobf16_ckpt_xla.bin.bn (42016 floats x 2, hash 9199419105188891281)
  step 0/5004: loss=3.386803
  step 1/5004: loss=2.746190
  step 2/5004: loss=2.958120
  step 100/5004: loss=3.117335
  step 200/5004: loss=3.143622
  step 300/5004: loss=3.090332
  step 400/5004: loss=3.120477
  step 500/5004: loss=3.104749
  step 600/5004: loss=3.022759
  step 700/5004: loss=2.949350
  step 800/5004: loss=3.154692
  step 900/5004: loss=2.841271
  step 1000/5004: loss=3.284655
  step 1100/5004: loss=3.110770
  step 1200/5004: loss=2.780416
  step 1300/5004: loss=3.068677
  step 1400/5004: loss=2.849281
  step 1500/5004: loss=2.953396
  step 1600/5004: loss=2.718461
  step 1700/5004: loss=2.768599
  step 1800/5004: loss=2.836782
  step 1900/5004: loss=2.825521
  step 2000/5004: loss=3.043105
  step 2100/5004: loss=2.913331
  step 2200/5004: loss=2.850777
  step 2300/5004: loss=2.811420
  step 2400/5004: loss=2.811223
  step 2500/5004: loss=3.280269
  step 2600/5004: loss=3.009979
  step 2700/5004: loss=3.111042
  step 2800/5004: loss=3.048330
  step 2900/5004: loss=2.959252
  step 3000/5004: loss=3.340012
  step 3100/5004: loss=3.112013
  step 3200/5004: loss=2.930513
  step 3300/5004: loss=3.113022
  step 3400/5004: loss=3.503483
  step 3500/5004: loss=2.853197
  step 3600/5004: loss=3.051892
  step 3700/5004: loss=3.020365
  step 3800/5004: loss=2.908682
  step 3900/5004: loss=2.978011
  step 4000/5004: loss=2.817400
  step 4100/5004: loss=2.963384
  step 4200/5004: loss=2.942153
  step 4300/5004: loss=2.980276
  step 4400/5004: loss=2.954041
  step 4500/5004: loss=3.064938
  step 4600/5004: loss=3.069657
  step 4700/5004: loss=3.229905
  step 4800/5004: loss=2.896344
  step 4900/5004: loss=3.059923
  step 5000/5004: loss=3.009792
[pjrt_ffi] RESIDENT: @efficientnetin_fwd_eval holds 311 parameter tensors (20.3 MB) on 1 device; they stop crossing PCIe from here
Epoch 48/350: loss=2.990815 lr=0.009271
  epoch 48: test_acc = 34965/50000 = 69.930000%  top5 = 44635/50000 = 89.270000%  [95% CI 69.53–70.33]
    BN companion -> .lake/build/efficientnetin_emarmsdp64dropdobf16_ckpt_xla.bin.bn (42016 floats x 2, hash 17691511259341353321)
  step 0/5004: loss=3.081911
  step 1/5004: loss=3.142827
  step 2/5004: loss=2.653973
  step 100/5004: loss=2.918053
  step 200/5004: loss=2.837665
  step 300/5004: loss=2.947641
  step 400/5004: loss=2.676134
  step 500/5004: loss=3.113842
  step 600/5004: loss=3.234851
  step 700/5004: loss=3.131418
  step 800/5004: loss=3.004016
  step 900/5004: loss=3.209171
  step 1000/5004: loss=2.515316
  step 1100/5004: loss=3.235418
  step 1200/5004: loss=2.850661
  step 1300/5004: loss=3.364934
  step 1400/5004: loss=2.901067
  step 1500/5004: loss=3.025230
  step 1600/5004: loss=3.068069
  step 1700/5004: loss=3.010077
  step 1800/5004: loss=3.004090
  step 1900/5004: loss=2.952702
  step 2000/5004: loss=2.601998
  step 2100/5004: loss=3.532369
  step 2200/5004: loss=2.436596
  step 2300/5004: loss=2.629756
  step 2400/5004: loss=3.286411
  step 2500/5004: loss=3.028443
  step 2600/5004: loss=2.707417
  step 2700/5004: loss=2.865904
  step 2800/5004: loss=2.922080
  step 2900/5004: loss=2.809391
  step 3000/5004: loss=3.230125
  step 3100/5004: loss=2.637898
  step 3200/5004: loss=2.818981
  step 3300/5004: loss=2.921327
  step 3400/5004: loss=3.079258
  step 3500/5004: loss=2.910441
  step 3600/5004: loss=3.120409
  step 3700/5004: loss=2.998916
  step 3800/5004: loss=3.294873
  step 3900/5004: loss=2.810735
  step 4000/5004: loss=3.010811
  step 4100/5004: loss=2.482986
  step 4200/5004: loss=3.517014
  step 4300/5004: loss=2.932584
  step 4400/5004: loss=3.272358
  step 4500/5004: loss=3.004693
  step 4600/5004: loss=3.174147
  step 4700/5004: loss=2.649251
  step 4800/5004: loss=2.703446
  step 4900/5004: loss=2.877972
  step 5000/5004: loss=2.851192
[pjrt_ffi] RESIDENT: @efficientnetin_fwd_eval holds 311 parameter tensors (20.3 MB) on 1 device; they stop crossing PCIe from here
Epoch 49/350: loss=2.990678 lr=0.009154
  epoch 49: test_acc = 35016/50000 = 70.032000%  top5 = 44627/50000 = 89.254000%  [95% CI 69.63–70.43]
    BN companion -> .lake/build/efficientnetin_emarmsdp64dropdobf16_ckpt_xla.bin.bn (42016 floats x 2, hash 13877508765491963192)
  step 0/5004: loss=2.705033
  step 1/5004: loss=3.291451
  step 2/5004: loss=3.150618
  step 100/5004: loss=3.032910
  step 200/5004: loss=2.865303
  step 300/5004: loss=3.355175
  step 400/5004: loss=2.791754
  step 500/5004: loss=2.783540
  step 600/5004: loss=3.440307
  step 700/5004: loss=2.759549
  step 800/5004: loss=3.420365
  step 900/5004: loss=2.889447
  step 1000/5004: loss=2.884771
  step 1100/5004: loss=2.728709
  step 1200/5004: loss=2.733061
  step 1300/5004: loss=3.350312
  step 1400/5004: loss=2.947492
  step 1500/5004: loss=2.864755
  step 1600/5004: loss=3.111123
  step 1700/5004: loss=3.221696
  step 1800/5004: loss=2.838744
  step 1900/5004: loss=3.016010
  step 2000/5004: loss=3.069221
  step 2100/5004: loss=2.750951
  step 2200/5004: loss=3.165792
  step 2300/5004: loss=3.033930
  step 2400/5004: loss=3.104894
  step 2500/5004: loss=2.909421
  step 2600/5004: loss=2.915961
  step 2700/5004: loss=2.924082
  step 2800/5004: loss=2.775190
  step 2900/5004: loss=2.688808
  step 3000/5004: loss=2.887277
  step 3100/5004: loss=2.801663
  step 3200/5004: loss=3.210053
  step 3300/5004: loss=3.021674
  step 3400/5004: loss=2.769224
  step 3500/5004: loss=2.698877
  step 3600/5004: loss=3.029173
  step 3700/5004: loss=3.097277
  step 3800/5004: loss=3.074008
  step 3900/5004: loss=2.918771
  step 4000/5004: loss=2.759782
  step 4100/5004: loss=2.919125
  step 4200/5004: loss=2.846720
  step 4300/5004: loss=2.794303
  step 4400/5004: loss=3.307145
  step 4500/5004: loss=2.862590
  step 4600/5004: loss=2.739633
  step 4700/5004: loss=2.805852
  step 4800/5004: loss=2.703127
  step 4900/5004: loss=3.614886
  step 5000/5004: loss=2.785328
[pjrt_ffi] RESIDENT: @efficientnetin_fwd_eval holds 311 parameter tensors (20.3 MB) on 1 device; they stop crossing PCIe from here
Epoch 50/350: loss=2.979537 lr=0.009038
  epoch 50: test_acc = 35112/50000 = 70.224000%  top5 = 44650/50000 = 89.300000%  [95% CI 69.82–70.62]
    BN companion -> .lake/build/efficientnetin_emarmsdp64dropdobf16_ckpt_xla.bin.bn (42016 floats x 2, hash 10472992782669545991)
  step 0/5004: loss=2.814878
  step 1/5004: loss=2.762782
  step 2/5004: loss=3.359384
  step 100/5004: loss=3.153559
  step 200/5004: loss=3.271469
  step 300/5004: loss=2.994359
  step 400/5004: loss=2.836048
  step 500/5004: loss=3.189989
  step 600/5004: loss=3.088032
  step 700/5004: loss=2.857976
  step 800/5004: loss=2.864120
  step 900/5004: loss=3.278008
  step 1000/5004: loss=3.120100
  step 1100/5004: loss=3.062944
  step 1200/5004: loss=3.160185
  step 1300/5004: loss=3.273858
  step 1400/5004: loss=2.882116
  step 1500/5004: loss=3.136961
  step 1600/5004: loss=2.768052
  step 1700/5004: loss=2.904890
  step 1800/5004: loss=2.921148
  step 1900/5004: loss=2.908548
  step 2000/5004: loss=2.741720
  step 2100/5004: loss=3.209784
  step 2200/5004: loss=3.187913
  step 2300/5004: loss=2.826607
  step 2400/5004: loss=2.898005
  step 2500/5004: loss=3.012204
  step 2600/5004: loss=2.635301
  step 2700/5004: loss=2.625006
  step 2800/5004: loss=3.411934
  step 2900/5004: loss=3.101295
  step 3000/5004: loss=3.266047
  step 3100/5004: loss=2.997403
  step 3200/5004: loss=3.294860
  step 3300/5004: loss=2.677677
  step 3400/5004: loss=2.705254
  step 3500/5004: loss=2.705413
  step 3600/5004: loss=3.289868
  step 3700/5004: loss=2.782253
  step 3800/5004: loss=2.524418
  step 3900/5004: loss=2.615458
  step 4000/5004: loss=3.291387
  step 4100/5004: loss=2.768546
  step 4200/5004: loss=2.750970
  step 4300/5004: loss=2.870267
  step 4400/5004: loss=3.270625
  step 4500/5004: loss=3.086443
  step 4600/5004: loss=2.878798
  step 4700/5004: loss=2.670140
  step 4800/5004: loss=3.073058
W0000 00:00:1789290405.792642 2494650 prefetch_autotuner.cc:55] Prefetch autotuner tried to allocate 91453 bytes after encountering the first element of size 91453 bytes.This already causes the autotune ram budget to be exceeded. To stay within the ram budget, either increase the ram budget or reduce element size
  step 4900/5004: loss=3.081798
  step 5000/5004: loss=2.704250
[pjrt_ffi] RESIDENT: @efficientnetin_fwd_eval holds 311 parameter tensors (20.3 MB) on 1 device; they stop crossing PCIe from here
Epoch 51/350: loss=2.980255 lr=0.008924
  epoch 51: test_acc = 35137/50000 = 70.274000%  top5 = 44682/50000 = 89.364000%  [95% CI 69.87–70.67]
    BN companion -> .lake/build/efficientnetin_emarmsdp64dropdobf16_ckpt_xla.bin.bn (42016 floats x 2, hash 13311199638381945039)
  step 0/5004: loss=3.128616
  step 1/5004: loss=3.282955
  step 2/5004: loss=3.032329
  step 100/5004: loss=2.727967
  step 200/5004: loss=2.693054
  step 300/5004: loss=2.895457
  step 400/5004: loss=3.179782
  step 500/5004: loss=2.791144
  step 600/5004: loss=2.651999
  step 700/5004: loss=2.739819
  step 800/5004: loss=3.336686
  step 900/5004: loss=3.081796
  step 1000/5004: loss=2.823988
  step 1100/5004: loss=2.844056
  step 1200/5004: loss=2.861196
  step 1300/5004: loss=2.952978
  step 1400/5004: loss=2.859808
  step 1500/5004: loss=2.696707
  step 1600/5004: loss=3.317884
  step 1700/5004: loss=3.068543
  step 1800/5004: loss=2.932556
  step 1900/5004: loss=2.727652
  step 2000/5004: loss=3.168575
  step 2100/5004: loss=3.010101
  step 2200/5004: loss=2.864885
  step 2300/5004: loss=3.002547
  step 2400/5004: loss=3.140038
  step 2500/5004: loss=3.062826
  step 2600/5004: loss=2.878112
  step 2700/5004: loss=2.911855
  step 2800/5004: loss=3.573647
  step 2900/5004: loss=2.796201
  step 3000/5004: loss=3.462580
  step 3100/5004: loss=3.100957
  step 3200/5004: loss=3.183794
  step 3300/5004: loss=2.842158
  step 3400/5004: loss=2.998129
  step 3500/5004: loss=2.879119
  step 3600/5004: loss=3.158835
  step 3700/5004: loss=3.287618
  step 3800/5004: loss=3.225291
  step 3900/5004: loss=2.621026
  step 4000/5004: loss=3.078466
  step 4100/5004: loss=3.036989
  step 4200/5004: loss=2.970712
  step 4300/5004: loss=3.396016
  step 4400/5004: loss=2.630940
  step 4500/5004: loss=2.843171
  step 4600/5004: loss=2.710368
  step 4700/5004: loss=2.986660
  step 4800/5004: loss=2.700697
  step 4900/5004: loss=3.290421
  step 5000/5004: loss=3.101880
[pjrt_ffi] RESIDENT: @efficientnetin_fwd_eval holds 311 parameter tensors (20.3 MB) on 1 device; they stop crossing PCIe from here
Epoch 52/350: loss=2.965952 lr=0.008812
  epoch 52: test_acc = 35141/50000 = 70.282000%  top5 = 44716/50000 = 89.432000%  [95% CI 69.88–70.68]
    BN companion -> .lake/build/efficientnetin_emarmsdp64dropdobf16_ckpt_xla.bin.bn (42016 floats x 2, hash 15035941497163685978)
  step 0/5004: loss=2.998593
  step 1/5004: loss=2.795857
  step 2/5004: loss=2.806767
  step 100/5004: loss=2.946836
  step 200/5004: loss=2.878616
  step 300/5004: loss=2.627229
  step 400/5004: loss=2.678806
  step 500/5004: loss=2.674181
  step 600/5004: loss=3.314153
  step 700/5004: loss=2.827615
  step 800/5004: loss=2.925022
  step 900/5004: loss=2.914275
  step 1000/5004: loss=3.090517
  step 1100/5004: loss=3.114189
  step 1200/5004: loss=3.354665
  step 1300/5004: loss=2.839052
  step 1400/5004: loss=2.515381
  step 1500/5004: loss=3.144517
  step 1600/5004: loss=2.940127
  step 1700/5004: loss=3.037498
  step 1800/5004: loss=2.864329
  step 1900/5004: loss=3.354417
  step 2000/5004: loss=2.638403
  step 2100/5004: loss=3.178839
  step 2200/5004: loss=3.017503
  step 2300/5004: loss=2.711082
  step 2400/5004: loss=3.131250
  step 2500/5004: loss=3.359900
  step 2600/5004: loss=2.866724
  step 2700/5004: loss=3.005502
  step 2800/5004: loss=3.277742
  step 2900/5004: loss=3.319816
  step 3000/5004: loss=3.074837
  step 3100/5004: loss=3.132476
  step 3200/5004: loss=2.838656
  step 3300/5004: loss=3.289814
  step 3400/5004: loss=2.980039
  step 3500/5004: loss=2.691001
  step 3600/5004: loss=2.768653
  step 3700/5004: loss=2.766606
  step 3800/5004: loss=3.207738
  step 3900/5004: loss=3.184693
  step 4000/5004: loss=3.063471
  step 4100/5004: loss=2.821468
  step 4200/5004: loss=2.976615
  step 4300/5004: loss=2.687213
  step 4400/5004: loss=3.157034
  step 4500/5004: loss=3.214672
  step 4600/5004: loss=2.563100
  step 4700/5004: loss=3.069858
  step 4800/5004: loss=2.377332
  step 4900/5004: loss=2.806378
  step 5000/5004: loss=3.070801
[pjrt_ffi] RESIDENT: @efficientnetin_fwd_eval holds 311 parameter tensors (20.3 MB) on 1 device; they stop crossing PCIe from here
Epoch 53/350: loss=2.961895 lr=0.008701
  epoch 53: test_acc = 35175/50000 = 70.350000%  top5 = 44744/50000 = 89.488000%  [95% CI 69.95–70.75]
    BN companion -> .lake/build/efficientnetin_emarmsdp64dropdobf16_ckpt_xla.bin.bn (42016 floats x 2, hash 1270939293843073926)
  step 0/5004: loss=2.758636
  step 1/5004: loss=2.744123
  step 2/5004: loss=2.875242
  step 100/5004: loss=3.000363
  step 200/5004: loss=3.067753
  step 300/5004: loss=2.492697
  step 400/5004: loss=2.653926
  step 500/5004: loss=2.962268
  step 600/5004: loss=3.057216
  step 700/5004: loss=2.769867
  step 800/5004: loss=3.021430
  step 900/5004: loss=3.234586
  step 1000/5004: loss=3.060239
  step 1100/5004: loss=2.779040
  step 1200/5004: loss=3.043635
  step 1300/5004: loss=3.211124
  step 1400/5004: loss=3.103315
  step 1500/5004: loss=3.038245
  step 1600/5004: loss=2.924679
  step 1700/5004: loss=3.183329
  step 1800/5004: loss=2.588634
  step 1900/5004: loss=3.212422
  step 2000/5004: loss=2.616552
  step 2100/5004: loss=2.810654
  step 2200/5004: loss=3.174484
  step 2300/5004: loss=3.189629
  step 2400/5004: loss=2.902972
  step 2500/5004: loss=3.300113
  step 2600/5004: loss=2.939471
  step 2700/5004: loss=3.108172
  step 2800/5004: loss=2.887724
  step 2900/5004: loss=2.812201
  step 3000/5004: loss=2.459181
  step 3100/5004: loss=3.207190
  step 3200/5004: loss=2.705971
  step 3300/5004: loss=3.285320
  step 3400/5004: loss=3.172522
  step 3500/5004: loss=2.950402
  step 3600/5004: loss=3.042627
  step 3700/5004: loss=2.887090
  step 3800/5004: loss=2.963693
  step 3900/5004: loss=3.063381
  step 4000/5004: loss=2.716601
  step 4100/5004: loss=3.220298
  step 4200/5004: loss=2.350751
  step 4300/5004: loss=2.840246
  step 4400/5004: loss=2.776344
  step 4500/5004: loss=3.284220
  step 4600/5004: loss=2.682524
  step 4700/5004: loss=2.454696
  step 4800/5004: loss=3.281325
W0000 00:00:1789292476.443142 2494650 prefetch_autotuner.cc:55] Prefetch autotuner tried to allocate 91453 bytes after encountering the first element of size 91453 bytes.This already causes the autotune ram budget to be exceeded. To stay within the ram budget, either increase the ram budget or reduce element size
  step 4900/5004: loss=3.091758
  step 5000/5004: loss=3.010853
[pjrt_ffi] RESIDENT: @efficientnetin_fwd_eval holds 311 parameter tensors (20.3 MB) on 1 device; they stop crossing PCIe from here
Epoch 54/350: loss=2.960882 lr=0.008591
  epoch 54: test_acc = 35233/50000 = 70.466000%  top5 = 44781/50000 = 89.562000%  [95% CI 70.06–70.86]
    BN companion -> .lake/build/efficientnetin_emarmsdp64dropdobf16_ckpt_xla.bin.bn (42016 floats x 2, hash 12238900972812319662)
  step 0/5004: loss=2.858246
  step 1/5004: loss=2.925258
  step 2/5004: loss=2.987053
  step 100/5004: loss=2.924921
  step 200/5004: loss=2.755592
  step 300/5004: loss=2.854638
  step 400/5004: loss=2.934193
  step 500/5004: loss=2.500846
  step 600/5004: loss=2.502943
  step 700/5004: loss=3.181227
  step 800/5004: loss=3.083984
  step 900/5004: loss=3.336045
  step 1000/5004: loss=3.021222
  step 1100/5004: loss=2.732273
  step 1200/5004: loss=2.961239
  step 1300/5004: loss=2.882124
  step 1400/5004: loss=2.499099
  step 1500/5004: loss=3.148757
  step 1600/5004: loss=3.209003
  step 1700/5004: loss=3.025749
  step 1800/5004: loss=2.886472
  step 1900/5004: loss=2.959545
  step 2000/5004: loss=2.790907
  step 2100/5004: loss=3.407016
  step 2200/5004: loss=3.372363
  step 2300/5004: loss=2.559575
  step 2400/5004: loss=2.753548
  step 2500/5004: loss=3.208682
  step 2600/5004: loss=2.908940
  step 2700/5004: loss=3.016601
  step 2800/5004: loss=3.101036
  step 2900/5004: loss=2.945413
  step 3000/5004: loss=2.720458
  step 3100/5004: loss=2.701483
  step 3200/5004: loss=3.013745
  step 3300/5004: loss=2.802165
  step 3400/5004: loss=2.968206
  step 3500/5004: loss=2.749455
  step 3600/5004: loss=2.958953
  step 3700/5004: loss=2.596534
  step 3800/5004: loss=2.703487
  step 3900/5004: loss=2.670219
  step 4000/5004: loss=2.702384
  step 4100/5004: loss=2.836571
  step 4200/5004: loss=2.887695
  step 4300/5004: loss=3.082710
  step 4400/5004: loss=3.148733
  step 4500/5004: loss=2.720822
  step 4600/5004: loss=2.989531
  step 4700/5004: loss=2.606650
  step 4800/5004: loss=2.782564
  step 4900/5004: loss=3.008501
  step 5000/5004: loss=2.931642
[pjrt_ffi] RESIDENT: @efficientnetin_fwd_eval holds 311 parameter tensors (20.3 MB) on 1 device; they stop crossing PCIe from here
Epoch 55/350: loss=2.947241 lr=0.008483
  epoch 55: test_acc = 35279/50000 = 70.558000%  top5 = 44818/50000 = 89.636000%  [95% CI 70.16–70.96]
    BN companion -> .lake/build/efficientnetin_emarmsdp64dropdobf16_ckpt_xla.bin.bn (42016 floats x 2, hash 4705553381364174007)
  step 0/5004: loss=3.188708
  step 1/5004: loss=3.018261
  step 2/5004: loss=3.363741
  step 100/5004: loss=3.279810
  step 200/5004: loss=2.589187
  step 300/5004: loss=2.808313
  step 400/5004: loss=2.861594
  step 500/5004: loss=3.033273
  step 600/5004: loss=3.040317
  step 700/5004: loss=3.070048
  step 800/5004: loss=3.308286
  step 900/5004: loss=2.874051
  step 1000/5004: loss=2.749496
  step 1100/5004: loss=2.862381
  step 1200/5004: loss=2.869371
  step 1300/5004: loss=2.694380
  step 1400/5004: loss=2.998132
  step 1500/5004: loss=2.585192
  step 1600/5004: loss=3.253028
  step 1700/5004: loss=2.994478
  step 1800/5004: loss=2.867868
  step 1900/5004: loss=3.163656
  step 2000/5004: loss=3.181026
  step 2100/5004: loss=2.954010
  step 2200/5004: loss=3.054344
  step 2300/5004: loss=3.410789
  step 2400/5004: loss=3.011290
  step 2500/5004: loss=3.108448
  step 2600/5004: loss=2.802500
  step 2700/5004: loss=2.668437
  step 2800/5004: loss=2.923222
  step 2900/5004: loss=3.381485
  step 3000/5004: loss=2.717054
  step 3100/5004: loss=3.033498
  step 3200/5004: loss=2.666032
  step 3300/5004: loss=3.039901
  step 3400/5004: loss=3.238288
  step 3500/5004: loss=2.748167
  step 3600/5004: loss=2.711365
  step 3700/5004: loss=3.359309
  step 3800/5004: loss=2.923002
  step 3900/5004: loss=2.885894
  step 4000/5004: loss=2.895205
  step 4100/5004: loss=3.183270
  step 4200/5004: loss=2.914709
  step 4300/5004: loss=3.017530
  step 4400/5004: loss=2.780666
  step 4500/5004: loss=2.924917
  step 4600/5004: loss=2.912152
  step 4700/5004: loss=3.034348
  step 4800/5004: loss=2.826131
  step 4900/5004: loss=2.808542
  step 5000/5004: loss=3.068041
[pjrt_ffi] RESIDENT: @efficientnetin_fwd_eval holds 311 parameter tensors (20.3 MB) on 1 device; they stop crossing PCIe from here
Epoch 56/350: loss=2.945483 lr=0.008376
  epoch 56: test_acc = 35319/50000 = 70.638000%  top5 = 44801/50000 = 89.602000%  [95% CI 70.24–71.04]
    BN companion -> .lake/build/efficientnetin_emarmsdp64dropdobf16_ckpt_xla.bin.bn (42016 floats x 2, hash 15731002472693535616)
  step 0/5004: loss=2.710465
  step 1/5004: loss=2.392911
  step 2/5004: loss=2.721992
  step 100/5004: loss=2.920569
  step 200/5004: loss=2.887152
  step 300/5004: loss=2.844200
  step 400/5004: loss=3.127506
  step 500/5004: loss=2.985939
  step 600/5004: loss=3.350310
  step 700/5004: loss=2.651495
  step 800/5004: loss=3.014569
  step 900/5004: loss=2.827603
  step 1000/5004: loss=2.760306
  step 1100/5004: loss=2.708145
  step 1200/5004: loss=3.027727
  step 1300/5004: loss=2.990400
  step 1400/5004: loss=2.913363
  step 1500/5004: loss=2.808329
  step 1600/5004: loss=3.231416
  step 1700/5004: loss=2.628244
  step 1800/5004: loss=3.002234
  step 1900/5004: loss=3.169171
  step 2000/5004: loss=2.990849
  step 2100/5004: loss=3.265047
  step 2200/5004: loss=2.908938
  step 2300/5004: loss=3.234121
  step 2400/5004: loss=2.559226
  step 2500/5004: loss=2.801223
  step 2600/5004: loss=2.549207
  step 2700/5004: loss=3.030928
  step 2800/5004: loss=2.662401
  step 2900/5004: loss=2.914974
  step 3000/5004: loss=3.021721
  step 3100/5004: loss=3.086609
  step 3200/5004: loss=3.014018
  step 3300/5004: loss=2.970625
  step 3400/5004: loss=3.171369
  step 3500/5004: loss=2.825674
  step 3600/5004: loss=3.372319
  step 3700/5004: loss=2.631410
  step 3800/5004: loss=2.846961
  step 3900/5004: loss=3.022347
  step 4000/5004: loss=2.728116
  step 4100/5004: loss=2.867865
  step 4200/5004: loss=2.919831
  step 4300/5004: loss=2.448525
  step 4400/5004: loss=2.881722
  step 4500/5004: loss=2.963596
  step 4600/5004: loss=3.634085
  step 4700/5004: loss=2.537437
  step 4800/5004: loss=2.765343
  step 4900/5004: loss=2.858122
  step 5000/5004: loss=3.296904
[pjrt_ffi] RESIDENT: @efficientnetin_fwd_eval holds 311 parameter tensors (20.3 MB) on 1 device; they stop crossing PCIe from here
Epoch 57/350: loss=2.941294 lr=0.008270
  epoch 57: test_acc = 35399/50000 = 70.798000%  top5 = 44840/50000 = 89.680000%  [95% CI 70.40–71.19]
    BN companion -> .lake/build/efficientnetin_emarmsdp64dropdobf16_ckpt_xla.bin.bn (42016 floats x 2, hash 17846257398276285697)
  step 0/5004: loss=3.109710
  step 1/5004: loss=2.764112
  step 2/5004: loss=3.193803
  step 100/5004: loss=2.823034
  step 200/5004: loss=2.609227
  step 300/5004: loss=2.925386
  step 400/5004: loss=3.537210
  step 500/5004: loss=3.122373
  step 600/5004: loss=3.092258
  step 700/5004: loss=3.052764
  step 800/5004: loss=2.885133
  step 900/5004: loss=2.885608
  step 1000/5004: loss=3.051623
  step 1100/5004: loss=3.208789
  step 1200/5004: loss=2.867216
  step 1300/5004: loss=2.821959
  step 1400/5004: loss=2.729140
  step 1500/5004: loss=3.134161
  step 1600/5004: loss=2.625152
  step 1700/5004: loss=2.972304
  step 1800/5004: loss=2.830674
  step 1900/5004: loss=2.809709
  step 2000/5004: loss=2.932755
  step 2100/5004: loss=2.673738
  step 2200/5004: loss=3.166871
  step 2300/5004: loss=2.975971
  step 2400/5004: loss=3.058066
  step 2500/5004: loss=2.789357
  step 2600/5004: loss=2.602549
  step 2700/5004: loss=2.630313
  step 2800/5004: loss=3.114135
  step 2900/5004: loss=2.579692
  step 3000/5004: loss=2.877616
  step 3100/5004: loss=3.021888
  step 3200/5004: loss=2.786497
  step 3300/5004: loss=2.632411
  step 3400/5004: loss=3.082476
  step 3500/5004: loss=2.927709
  step 3600/5004: loss=3.256019
  step 3700/5004: loss=3.147861
  step 3800/5004: loss=2.997900
  step 3900/5004: loss=2.858592
  step 4000/5004: loss=2.843661
  step 4100/5004: loss=2.740932
  step 4200/5004: loss=2.693315
  step 4300/5004: loss=2.978080
  step 4400/5004: loss=2.600183
  step 4500/5004: loss=3.130379
  step 4600/5004: loss=3.023065
  step 4700/5004: loss=2.883548
  step 4800/5004: loss=3.027014
  step 4900/5004: loss=2.677999
  step 5000/5004: loss=3.028244
[pjrt_ffi] RESIDENT: @efficientnetin_fwd_eval holds 311 parameter tensors (20.3 MB) on 1 device; they stop crossing PCIe from here
Epoch 58/350: loss=2.942023 lr=0.008166
  epoch 58: test_acc = 35412/50000 = 70.824000%  top5 = 44860/50000 = 89.720000%  [95% CI 70.42–71.22]
    BN companion -> .lake/build/efficientnetin_emarmsdp64dropdobf16_ckpt_xla.bin.bn (42016 floats x 2, hash 10766581058008350851)
  step 0/5004: loss=3.070143
  step 1/5004: loss=2.957232
  step 2/5004: loss=2.966427
  step 100/5004: loss=2.853811
  step 200/5004: loss=2.893184
  step 300/5004: loss=3.215481
  step 400/5004: loss=3.125453
  step 500/5004: loss=3.408713
  step 600/5004: loss=2.553966
  step 700/5004: loss=3.214320
  step 800/5004: loss=2.798573
  step 900/5004: loss=2.833452
  step 1000/5004: loss=3.173644
  step 1100/5004: loss=3.073940
  step 1200/5004: loss=2.811736
  step 1300/5004: loss=2.960852
  step 1400/5004: loss=2.646953
  step 1500/5004: loss=3.286085
  step 1600/5004: loss=3.240424
  step 1700/5004: loss=2.459085
  step 1800/5004: loss=3.113195
  step 1900/5004: loss=2.834738
  step 2000/5004: loss=2.626652
  step 2100/5004: loss=2.767221
  step 2200/5004: loss=2.942500
  step 2300/5004: loss=3.017226
  step 2400/5004: loss=3.069082
  step 2500/5004: loss=2.967157
  step 2600/5004: loss=2.970103
  step 2700/5004: loss=2.978011
  step 2800/5004: loss=2.793106
  step 2900/5004: loss=2.919041
  step 3000/5004: loss=3.006532
  step 3100/5004: loss=2.986720
  step 3200/5004: loss=2.920496
  step 3300/5004: loss=2.598130
  step 3400/5004: loss=3.139028
  step 3500/5004: loss=2.797647
  step 3600/5004: loss=2.947359
  step 3700/5004: loss=2.805703
  step 3800/5004: loss=2.992157
  step 3900/5004: loss=3.087064
  step 4000/5004: loss=3.201540
  step 4100/5004: loss=2.753422
  step 4200/5004: loss=2.939634
  step 4300/5004: loss=2.942921
  step 4400/5004: loss=2.839527
  step 4500/5004: loss=2.947635
  step 4600/5004: loss=2.795593
  step 4700/5004: loss=3.107794
  step 4800/5004: loss=2.944700
  step 4900/5004: loss=2.937980
  step 5000/5004: loss=2.938563
[pjrt_ffi] RESIDENT: @efficientnetin_fwd_eval holds 311 parameter tensors (20.3 MB) on 1 device; they stop crossing PCIe from here
Epoch 59/350: loss=2.931379 lr=0.008063
  epoch 59: test_acc = 35428/50000 = 70.856000%  top5 = 44872/50000 = 89.744000%  [95% CI 70.46–71.25]
    BN companion -> .lake/build/efficientnetin_emarmsdp64dropdobf16_ckpt_xla.bin.bn (42016 floats x 2, hash 14591653109022320205)
  step 0/5004: loss=3.098266
  step 1/5004: loss=3.188741
  step 2/5004: loss=2.993667
  step 100/5004: loss=2.896623
  step 200/5004: loss=2.969883
  step 300/5004: loss=3.139344
  step 400/5004: loss=2.731880
  step 500/5004: loss=2.787616
  step 600/5004: loss=3.015533
  step 700/5004: loss=3.102628
  step 800/5004: loss=2.934343
  step 900/5004: loss=3.001626
  step 1000/5004: loss=2.834469
  step 1100/5004: loss=3.447536
  step 1200/5004: loss=3.134224
  step 1300/5004: loss=2.926600
  step 1400/5004: loss=2.703804
  step 1500/5004: loss=3.264466
  step 1600/5004: loss=2.907252
  step 1700/5004: loss=3.245469
  step 1800/5004: loss=2.545016
  step 1900/5004: loss=2.941719
  step 2000/5004: loss=3.273338
  step 2100/5004: loss=2.736162
  step 2200/5004: loss=3.083257
  step 2300/5004: loss=2.653945
  step 2400/5004: loss=2.608472
  step 2500/5004: loss=2.856366
  step 2600/5004: loss=3.041063
  step 2700/5004: loss=2.529961
  step 2800/5004: loss=2.731592
  step 2900/5004: loss=2.689587
  step 3000/5004: loss=2.435152
  step 3100/5004: loss=2.782300
  step 3200/5004: loss=2.875715
  step 3300/5004: loss=2.696417
  step 3400/5004: loss=2.997752
  step 3500/5004: loss=3.233320
  step 3600/5004: loss=3.001884
  step 3700/5004: loss=2.772944
  step 3800/5004: loss=2.662071
  step 3900/5004: loss=2.824602
  step 4000/5004: loss=2.963742
  step 4100/5004: loss=2.988690
  step 4200/5004: loss=3.036806
  step 4300/5004: loss=2.714886
  step 4400/5004: loss=2.683666
  step 4500/5004: loss=2.537741
  step 4600/5004: loss=2.948418
  step 4700/5004: loss=2.884212
  step 4800/5004: loss=2.858937
  step 4900/5004: loss=3.321069
  step 5000/5004: loss=2.823129
[pjrt_ffi] RESIDENT: @efficientnetin_fwd_eval holds 311 parameter tensors (20.3 MB) on 1 device; they stop crossing PCIe from here
Epoch 60/350: loss=2.928014 lr=0.007961
  epoch 60: test_acc = 35455/50000 = 70.910000%  top5 = 44889/50000 = 89.778000%  [95% CI 70.51–71.31]
    BN companion -> .lake/build/efficientnetin_emarmsdp64dropdobf16_ckpt_xla.bin.bn (42016 floats x 2, hash 17471637668001384971)
  step 0/5004: loss=3.029104
  step 1/5004: loss=2.977654
  step 2/5004: loss=2.898627
  step 100/5004: loss=2.631198
  step 200/5004: loss=2.596462
  step 300/5004: loss=3.141941
  step 400/5004: loss=2.741230
  step 500/5004: loss=2.989049
  step 600/5004: loss=2.984331
  step 700/5004: loss=2.714740
  step 800/5004: loss=2.770761
  step 900/5004: loss=2.514796
  step 1000/5004: loss=2.806505
  step 1100/5004: loss=2.950410
  step 1200/5004: loss=3.167249
  step 1300/5004: loss=2.843025
  step 1400/5004: loss=2.749475
  step 1500/5004: loss=3.242104
  step 1600/5004: loss=2.545016
  step 1700/5004: loss=2.798388
  step 1800/5004: loss=2.920575
  step 1900/5004: loss=3.056949
  step 2000/5004: loss=2.669961
  step 2100/5004: loss=2.707288
  step 2200/5004: loss=2.929884
  step 2300/5004: loss=3.008513
  step 2400/5004: loss=3.194180
  step 2500/5004: loss=2.751254
  step 2600/5004: loss=3.190631
  step 2700/5004: loss=2.901009
  step 2800/5004: loss=2.493178
  step 2900/5004: loss=2.595589
  step 3000/5004: loss=2.401920
  step 3100/5004: loss=3.095860
  step 3200/5004: loss=2.632533
  step 3300/5004: loss=2.931324
  step 3400/5004: loss=3.379953
  step 3500/5004: loss=2.775533
  step 3600/5004: loss=2.695177
  step 3700/5004: loss=2.239380
  step 3800/5004: loss=2.853685
  step 3900/5004: loss=3.020278
  step 4000/5004: loss=2.689033
  step 4100/5004: loss=3.137802
  step 4200/5004: loss=3.082848
  step 4300/5004: loss=2.954189
  step 4400/5004: loss=3.030488
  step 4500/5004: loss=3.572896
  step 4600/5004: loss=2.824954
  step 4700/5004: loss=3.242593
  step 4800/5004: loss=2.909404
  step 4900/5004: loss=2.996436
  step 5000/5004: loss=2.608561
[pjrt_ffi] RESIDENT: @efficientnetin_fwd_eval holds 311 parameter tensors (20.3 MB) on 1 device; they stop crossing PCIe from here
Epoch 61/350: loss=2.919826 lr=0.007861
  epoch 61: test_acc = 35487/50000 = 70.974000%  top5 = 44943/50000 = 89.886000%  [95% CI 70.57–71.37]
    BN companion -> .lake/build/efficientnetin_emarmsdp64dropdobf16_ckpt_xla.bin.bn (42016 floats x 2, hash 4591170972344108045)
  step 0/5004: loss=2.790647
  step 1/5004: loss=2.680280
  step 2/5004: loss=2.754059
  step 100/5004: loss=3.032350
  step 200/5004: loss=2.911582
  step 300/5004: loss=2.723099
  step 400/5004: loss=2.946154
  step 500/5004: loss=2.643749
  step 600/5004: loss=2.699895
  step 700/5004: loss=2.923682
  step 800/5004: loss=2.753383
  step 900/5004: loss=2.811491
  step 1000/5004: loss=2.529646
  step 1100/5004: loss=2.989898
  step 1200/5004: loss=2.964983
  step 1300/5004: loss=2.841884
  step 1400/5004: loss=2.678904
  step 1500/5004: loss=2.986934
  step 1600/5004: loss=2.743243
  step 1700/5004: loss=2.719742
  step 1800/5004: loss=3.010194
  step 1900/5004: loss=2.973136
  step 2000/5004: loss=3.317143
  step 2100/5004: loss=2.841522
  step 2200/5004: loss=3.063436
  step 2300/5004: loss=3.148587
  step 2400/5004: loss=3.127371
  step 2500/5004: loss=2.833368
  step 2600/5004: loss=2.644367
  step 2700/5004: loss=2.849003
  step 2800/5004: loss=3.115509
  step 2900/5004: loss=3.121774
  step 3000/5004: loss=2.841221
  step 3100/5004: loss=2.617157
  step 3200/5004: loss=3.160122
  step 3300/5004: loss=2.313798
  step 3400/5004: loss=2.911819
  step 3500/5004: loss=2.771409
  step 3600/5004: loss=2.783354
  step 3700/5004: loss=3.114273
  step 3800/5004: loss=2.767926
  step 3900/5004: loss=3.345670
  step 4000/5004: loss=2.823205
  step 4100/5004: loss=2.869660
  step 4200/5004: loss=3.123111
  step 4300/5004: loss=2.698276
  step 4400/5004: loss=3.044281
  step 4500/5004: loss=2.884519
  step 4600/5004: loss=2.963223
  step 4700/5004: loss=3.177876
  step 4800/5004: loss=3.000670
  step 4900/5004: loss=2.706315
  step 5000/5004: loss=3.222715
[pjrt_ffi] RESIDENT: @efficientnetin_fwd_eval holds 311 parameter tensors (20.3 MB) on 1 device; they stop crossing PCIe from here
Epoch 62/350: loss=2.919615 lr=0.007762
  epoch 62: test_acc = 35544/50000 = 71.088000%  top5 = 44933/50000 = 89.866000%  [95% CI 70.69–71.48]
    BN companion -> .lake/build/efficientnetin_emarmsdp64dropdobf16_ckpt_xla.bin.bn (42016 floats x 2, hash 11931446893341283777)
  step 0/5004: loss=3.005635
  step 1/5004: loss=3.135705
  step 2/5004: loss=2.964713
  step 100/5004: loss=3.161056
  step 200/5004: loss=3.146871
  step 300/5004: loss=3.013036
  step 400/5004: loss=2.595415
  step 500/5004: loss=3.445300
  step 600/5004: loss=3.024070
  step 700/5004: loss=2.901962
  step 800/5004: loss=2.450822
  step 900/5004: loss=3.086587
  step 1000/5004: loss=2.623233
  step 1100/5004: loss=2.917318
  step 1200/5004: loss=3.320611
  step 1300/5004: loss=2.769692
  step 1400/5004: loss=2.698696
  step 1500/5004: loss=2.861603
  step 1600/5004: loss=3.064648
  step 1700/5004: loss=2.557195
  step 1800/5004: loss=2.706373
  step 1900/5004: loss=3.061092
  step 2000/5004: loss=2.928122
  step 2100/5004: loss=2.961908
  step 2200/5004: loss=2.901666
  step 2300/5004: loss=2.850499
  step 2400/5004: loss=2.615634
  step 2500/5004: loss=3.275836
  step 2600/5004: loss=2.989127
  step 2700/5004: loss=3.049009
  step 2800/5004: loss=2.966840
  step 2900/5004: loss=2.707343
  step 3000/5004: loss=2.672736
  step 3100/5004: loss=3.059232
  step 3200/5004: loss=2.818032
  step 3300/5004: loss=2.581394
  step 3400/5004: loss=3.124936
  step 3500/5004: loss=2.866283
  step 3600/5004: loss=2.959591
  step 3700/5004: loss=2.695329
  step 3800/5004: loss=2.637552
  step 3900/5004: loss=3.156435
  step 4000/5004: loss=3.416538
  step 4100/5004: loss=2.997174
  step 4200/5004: loss=2.889282
  step 4300/5004: loss=3.113867
  step 4400/5004: loss=3.682608
  step 4500/5004: loss=2.733521
  step 4600/5004: loss=2.539176
  step 4700/5004: loss=3.057322
  step 4800/5004: loss=2.707088
  step 4900/5004: loss=2.734176
  step 5000/5004: loss=2.610326
[pjrt_ffi] RESIDENT: @efficientnetin_fwd_eval holds 311 parameter tensors (20.3 MB) on 1 device; they stop crossing PCIe from here
Epoch 63/350: loss=2.915393 lr=0.007664
  epoch 63: test_acc = 35574/50000 = 71.148000%  top5 = 44987/50000 = 89.974000%  [95% CI 70.75–71.54]
    BN companion -> .lake/build/efficientnetin_emarmsdp64dropdobf16_ckpt_xla.bin.bn (42016 floats x 2, hash 15476911738063717649)
  step 0/5004: loss=3.072533
  step 1/5004: loss=3.166211
  step 2/5004: loss=2.914288
  step 100/5004: loss=3.158288
  step 200/5004: loss=2.696394
  step 300/5004: loss=2.889991
  step 400/5004: loss=3.149778
  step 500/5004: loss=3.098702
  step 600/5004: loss=2.646407
  step 700/5004: loss=2.866405
  step 800/5004: loss=3.173223
  step 900/5004: loss=2.733968
  step 1000/5004: loss=3.282599
  step 1100/5004: loss=3.446944
  step 1200/5004: loss=2.771014
  step 1300/5004: loss=2.822536
  step 1400/5004: loss=2.520586
  step 1500/5004: loss=3.215830
  step 1600/5004: loss=2.866916
  step 1700/5004: loss=2.692979
  step 1800/5004: loss=3.183121
  step 1900/5004: loss=3.093902
  step 2000/5004: loss=2.975158
  step 2100/5004: loss=3.062591
  step 2200/5004: loss=3.145228
  step 2300/5004: loss=2.843153
  step 2400/5004: loss=2.636385
  step 2500/5004: loss=2.660566
  step 2600/5004: loss=3.096889
  step 2700/5004: loss=3.109233
  step 2800/5004: loss=3.080911
  step 2900/5004: loss=2.999393
  step 3000/5004: loss=3.013074
  step 3100/5004: loss=2.920614
  step 3200/5004: loss=2.469601
  step 3300/5004: loss=2.702713
  step 3400/5004: loss=2.922270
  step 3500/5004: loss=2.434519
  step 3600/5004: loss=3.005112
  step 3700/5004: loss=2.629532
  step 3800/5004: loss=3.301203
  step 3900/5004: loss=2.981518
  step 4000/5004: loss=3.006915
  step 4100/5004: loss=2.646317
  step 4200/5004: loss=2.917021
  step 4300/5004: loss=2.885628
  step 4400/5004: loss=3.207894
  step 4500/5004: loss=2.840138
  step 4600/5004: loss=2.715518
  step 4700/5004: loss=2.870362
  step 4800/5004: loss=2.566926
  step 4900/5004: loss=2.891887
  step 5000/5004: loss=2.598462
[pjrt_ffi] RESIDENT: @efficientnetin_fwd_eval holds 311 parameter tensors (20.3 MB) on 1 device; they stop crossing PCIe from here
Epoch 64/350: loss=2.908782 lr=0.007567
  epoch 64: test_acc = 35671/50000 = 71.342000%  top5 = 45025/50000 = 90.050000%  [95% CI 70.94–71.74]
    BN companion -> .lake/build/efficientnetin_emarmsdp64dropdobf16_ckpt_xla.bin.bn (42016 floats x 2, hash 16115451555545076332)
  step 0/5004: loss=2.817020
  step 1/5004: loss=2.771723
  step 2/5004: loss=2.661152
  step 100/5004: loss=3.253562
  step 200/5004: loss=3.054852
  step 300/5004: loss=2.750715
  step 400/5004: loss=2.835599
  step 500/5004: loss=2.855410
  step 600/5004: loss=3.249550
  step 700/5004: loss=2.628188
  step 800/5004: loss=2.789428
  step 900/5004: loss=2.911059
  step 1000/5004: loss=2.629621
  step 1100/5004: loss=2.805407
  step 1200/5004: loss=3.170294
  step 1300/5004: loss=2.734154
  step 1400/5004: loss=2.892079
  step 1500/5004: loss=3.133843
  step 1600/5004: loss=2.827601
  step 1700/5004: loss=3.060251
  step 1800/5004: loss=2.549632
  step 1900/5004: loss=3.282512
  step 2000/5004: loss=2.391201
  step 2100/5004: loss=2.742876
  step 2200/5004: loss=3.020264
  step 2300/5004: loss=2.828868
  step 2400/5004: loss=3.133564
  step 2500/5004: loss=3.199809
  step 2600/5004: loss=2.568180
  step 2700/5004: loss=2.750101
  step 2800/5004: loss=2.745474
  step 2900/5004: loss=2.935999
  step 3000/5004: loss=3.251251
  step 3100/5004: loss=2.624280
  step 3200/5004: loss=3.072454
  step 3300/5004: loss=3.283656
  step 3400/5004: loss=3.002177
  step 3500/5004: loss=2.971098
  step 3600/5004: loss=2.787819
  step 3700/5004: loss=2.613672
  step 3800/5004: loss=2.810752
  step 3900/5004: loss=2.929371
  step 4000/5004: loss=3.066827
  step 4100/5004: loss=2.982819
  step 4200/5004: loss=2.647365
  step 4300/5004: loss=3.153596
  step 4400/5004: loss=2.808310
  step 4500/5004: loss=2.982864
  step 4600/5004: loss=2.394238
  step 4700/5004: loss=3.337196
  step 4800/5004: loss=3.317150
  step 4900/5004: loss=3.075014
  step 5000/5004: loss=2.821351
[pjrt_ffi] RESIDENT: @efficientnetin_fwd_eval holds 311 parameter tensors (20.3 MB) on 1 device; they stop crossing PCIe from here
Epoch 65/350: loss=2.895107 lr=0.007472
  epoch 65: test_acc = 35641/50000 = 71.282000%  top5 = 45025/50000 = 90.050000%  [95% CI 70.88–71.68]
    BN companion -> .lake/build/efficientnetin_emarmsdp64dropdobf16_ckpt_xla.bin.bn (42016 floats x 2, hash 1789585119016797971)
  step 0/5004: loss=3.067586
  step 1/5004: loss=3.231119
  step 2/5004: loss=2.970023
  step 100/5004: loss=2.640657
  step 200/5004: loss=3.103148
  step 300/5004: loss=3.141260
  step 400/5004: loss=2.797662
  step 500/5004: loss=2.692097
  step 600/5004: loss=2.853561
  step 700/5004: loss=2.811509
  step 800/5004: loss=2.920010
  step 900/5004: loss=2.895062
  step 1000/5004: loss=3.157478
  step 1100/5004: loss=2.542090
  step 1200/5004: loss=2.726907
  step 1300/5004: loss=2.990337
  step 1400/5004: loss=3.129967
  step 1500/5004: loss=2.498236
  step 1600/5004: loss=3.068924
  step 1700/5004: loss=2.983473
  step 1800/5004: loss=2.596227
  step 1900/5004: loss=2.877536
  step 2000/5004: loss=2.961453
  step 2100/5004: loss=2.491016
  step 2200/5004: loss=2.801719
  step 2300/5004: loss=3.024499
  step 2400/5004: loss=2.978985
  step 2500/5004: loss=2.758419
  step 2600/5004: loss=2.551514
  step 2700/5004: loss=2.659528
  step 2800/5004: loss=3.007408
  step 2900/5004: loss=2.703214
  step 3000/5004: loss=3.014455
  step 3100/5004: loss=2.599857
  step 3200/5004: loss=2.988169
  step 3300/5004: loss=3.123206
  step 3400/5004: loss=2.936170
  step 3500/5004: loss=3.094308
  step 3600/5004: loss=2.946671
  step 3700/5004: loss=3.240451
  step 3800/5004: loss=2.438154
  step 3900/5004: loss=2.960430
  step 4000/5004: loss=3.362753
  step 4100/5004: loss=3.246893
  step 4200/5004: loss=2.757207
  step 4300/5004: loss=2.806063
  step 4400/5004: loss=2.625930
  step 4500/5004: loss=2.916291
  step 4600/5004: loss=2.794947
  step 4700/5004: loss=3.269367
  step 4800/5004: loss=2.956011
  step 4900/5004: loss=2.713510
  step 5000/5004: loss=2.561406
[pjrt_ffi] RESIDENT: @efficientnetin_fwd_eval holds 311 parameter tensors (20.3 MB) on 1 device; they stop crossing PCIe from here
Epoch 66/350: loss=2.894618 lr=0.007377
  epoch 66: test_acc = 35634/50000 = 71.268000%  top5 = 45017/50000 = 90.034000%  [95% CI 70.87–71.66]
    BN companion -> .lake/build/efficientnetin_emarmsdp64dropdobf16_ckpt_xla.bin.bn (42016 floats x 2, hash 12012360085444268346)
  step 0/5004: loss=2.905577
  step 1/5004: loss=2.806097
  step 2/5004: loss=2.829977
  step 100/5004: loss=2.818908
  step 200/5004: loss=3.151544
  step 300/5004: loss=2.558867
  step 400/5004: loss=3.180151
  step 500/5004: loss=2.698601
  step 600/5004: loss=2.697536
  step 700/5004: loss=2.543415
  step 800/5004: loss=3.067451
  step 900/5004: loss=2.734093
  step 1000/5004: loss=2.813867
  step 1100/5004: loss=2.763271
  step 1200/5004: loss=2.882336
  step 1300/5004: loss=2.910230
  step 1400/5004: loss=3.068289
  step 1500/5004: loss=2.966078
  step 1600/5004: loss=2.912299
  step 1700/5004: loss=3.079442
  step 1800/5004: loss=3.510867
  step 1900/5004: loss=2.946496
  step 2000/5004: loss=2.916326
  step 2100/5004: loss=3.276391
  step 2200/5004: loss=2.702176
  step 2300/5004: loss=3.025852
  step 2400/5004: loss=3.006617
  step 2500/5004: loss=2.913682
  step 2600/5004: loss=3.241891
  step 2700/5004: loss=2.771351
  step 2800/5004: loss=2.690393
  step 2900/5004: loss=2.618720
  step 3000/5004: loss=2.570458
  step 3100/5004: loss=2.841137
  step 3200/5004: loss=3.063449
  step 3300/5004: loss=2.572879
  step 3400/5004: loss=2.444185
  step 3500/5004: loss=3.592782
  step 3600/5004: loss=3.360682
  step 3700/5004: loss=3.188942
  step 3800/5004: loss=3.123287
  step 3900/5004: loss=2.797659
  step 4000/5004: loss=3.303548
  step 4100/5004: loss=2.717694
  step 4200/5004: loss=2.521030
  step 4300/5004: loss=2.990626
  step 4400/5004: loss=2.705261
  step 4500/5004: loss=3.031130
  step 4600/5004: loss=2.538539
  step 4700/5004: loss=2.885826
  step 4800/5004: loss=2.663365
W0000 00:00:1789301693.384489 2494650 prefetch_autotuner.cc:55] Prefetch autotuner tried to allocate 91453 bytes after encountering the first element of size 91453 bytes.This already causes the autotune ram budget to be exceeded. To stay within the ram budget, either increase the ram budget or reduce element size
  step 4900/5004: loss=3.080480
  step 5000/5004: loss=3.123808
[pjrt_ffi] RESIDENT: @efficientnetin_fwd_eval holds 311 parameter tensors (20.3 MB) on 1 device; they stop crossing PCIe from here
Epoch 67/350: loss=2.894826 lr=0.007284
  epoch 67: test_acc = 35687/50000 = 71.374000%  top5 = 45052/50000 = 90.104000%  [95% CI 70.98–71.77]
    BN companion -> .lake/build/efficientnetin_emarmsdp64dropdobf16_ckpt_xla.bin.bn (42016 floats x 2, hash 5530081015658978928)
  step 0/5004: loss=2.619979
  step 1/5004: loss=2.795527
  step 2/5004: loss=2.921381
  step 100/5004: loss=2.707756
  step 200/5004: loss=3.038723
  step 300/5004: loss=2.863812
  step 400/5004: loss=2.737432
  step 500/5004: loss=3.285022
  step 600/5004: loss=2.787893
  step 700/5004: loss=3.233419
  step 800/5004: loss=3.053450
  step 900/5004: loss=2.993054
  step 1000/5004: loss=3.199466
  step 1100/5004: loss=3.044291
  step 1200/5004: loss=3.627713
  step 1300/5004: loss=3.105013
  step 1400/5004: loss=2.964940
  step 1500/5004: loss=3.197468
  step 1600/5004: loss=2.710959
  step 1700/5004: loss=2.994005
  step 1800/5004: loss=3.019397
  step 1900/5004: loss=2.619814
  step 2000/5004: loss=2.737144
  step 2100/5004: loss=3.103310
  step 2200/5004: loss=2.684846
  step 2300/5004: loss=3.050034
  step 2400/5004: loss=2.981681
  step 2500/5004: loss=3.020257
  step 2600/5004: loss=3.177514
  step 2700/5004: loss=2.981041
  step 2800/5004: loss=2.905953
  step 2900/5004: loss=3.063108
  step 3000/5004: loss=2.782238
  step 3100/5004: loss=2.920092
  step 3200/5004: loss=2.611200
  step 3300/5004: loss=2.807006
  step 3400/5004: loss=2.899760
  step 3500/5004: loss=2.753224
  step 3600/5004: loss=2.715461
  step 3700/5004: loss=2.833134
  step 3800/5004: loss=2.925113
  step 3900/5004: loss=2.777474
  step 4000/5004: loss=2.665759
  step 4100/5004: loss=2.771029
  step 4200/5004: loss=3.292719
  step 4300/5004: loss=3.202170
  step 4400/5004: loss=2.842729
  step 4500/5004: loss=2.926950
  step 4600/5004: loss=2.630263
  step 4700/5004: loss=2.512737
  step 4800/5004: loss=3.037803
  step 4900/5004: loss=2.878640
  step 5000/5004: loss=2.676660
[pjrt_ffi] RESIDENT: @efficientnetin_fwd_eval holds 311 parameter tensors (20.3 MB) on 1 device; they stop crossing PCIe from here
Epoch 68/350: loss=2.888637 lr=0.007192
  epoch 68: test_acc = 35769/50000 = 71.538000%  top5 = 45078/50000 = 90.156000%  [95% CI 71.14–71.93]
    BN companion -> .lake/build/efficientnetin_emarmsdp64dropdobf16_ckpt_xla.bin.bn (42016 floats x 2, hash 10574091515396490953)
  step 0/5004: loss=3.287435
  step 1/5004: loss=2.504371
  step 2/5004: loss=2.584696
  step 100/5004: loss=2.590271
  step 200/5004: loss=3.300843
  step 300/5004: loss=3.279503
  step 400/5004: loss=2.765116
  step 500/5004: loss=3.453317
  step 600/5004: loss=2.998693
  step 700/5004: loss=3.150017
  step 800/5004: loss=2.855573
  step 900/5004: loss=2.821257
  step 1000/5004: loss=2.870757
  step 1100/5004: loss=2.624626
  step 1200/5004: loss=3.073792
  step 1300/5004: loss=2.691592
  step 1400/5004: loss=3.405906
  step 1500/5004: loss=2.738048
  step 1600/5004: loss=2.650854
  step 1700/5004: loss=2.990833
  step 1800/5004: loss=2.921906
  step 1900/5004: loss=2.894352
  step 2000/5004: loss=2.449245
  step 2100/5004: loss=2.776150
  step 2200/5004: loss=2.725468
  step 2300/5004: loss=2.868418
  step 2400/5004: loss=3.296009
  step 2500/5004: loss=2.767057
  step 2600/5004: loss=2.945358
  step 2700/5004: loss=3.300553
  step 2800/5004: loss=2.743996
  step 2900/5004: loss=2.895888
  step 3000/5004: loss=2.963702
  step 3100/5004: loss=2.537680
  step 3200/5004: loss=2.722653
  step 3300/5004: loss=2.671840
  step 3400/5004: loss=2.747655
  step 3500/5004: loss=2.522514
  step 3600/5004: loss=3.274722
  step 3700/5004: loss=2.695591
  step 3800/5004: loss=2.941051
  step 3900/5004: loss=2.531573
  step 4000/5004: loss=3.378835
  step 4100/5004: loss=3.221129
  step 4200/5004: loss=2.984539
  step 4300/5004: loss=2.710194
  step 4400/5004: loss=2.841529
  step 4500/5004: loss=2.863680
  step 4600/5004: loss=2.897874
  step 4700/5004: loss=3.063820
  step 4800/5004: loss=3.119324
  step 4900/5004: loss=3.107149
  step 5000/5004: loss=2.829204
[pjrt_ffi] RESIDENT: @efficientnetin_fwd_eval holds 311 parameter tensors (20.3 MB) on 1 device; they stop crossing PCIe from here
Epoch 69/350: loss=2.883253 lr=0.007102
  epoch 69: test_acc = 35758/50000 = 71.516000%  top5 = 45093/50000 = 90.186000%  [95% CI 71.12–71.91]
    BN companion -> .lake/build/efficientnetin_emarmsdp64dropdobf16_ckpt_xla.bin.bn (42016 floats x 2, hash 13331716446224294350)
  step 0/5004: loss=2.642007
  step 1/5004: loss=2.878822
  step 2/5004: loss=2.860576
  step 100/5004: loss=2.980950
  step 200/5004: loss=2.754164
  step 300/5004: loss=3.081593
  step 400/5004: loss=2.783567
  step 500/5004: loss=2.472047
  step 600/5004: loss=3.196654
  step 700/5004: loss=3.396832
  step 800/5004: loss=2.924158
  step 900/5004: loss=2.955321
  step 1000/5004: loss=2.887150
  step 1100/5004: loss=3.258019
  step 1200/5004: loss=2.812935
  step 1300/5004: loss=2.352771
  step 1400/5004: loss=2.770849
  step 1500/5004: loss=2.653203
  step 1600/5004: loss=2.730517
  step 1700/5004: loss=3.057699
  step 1800/5004: loss=2.771053
  step 1900/5004: loss=3.303621
  step 2000/5004: loss=3.021486
  step 2100/5004: loss=2.911843
  step 2200/5004: loss=3.059008
  step 2300/5004: loss=2.965300
  step 2400/5004: loss=2.726532
  step 2500/5004: loss=2.691298
  step 2600/5004: loss=2.671079
  step 2700/5004: loss=2.895749
  step 2800/5004: loss=2.950808
  step 2900/5004: loss=2.851859
  step 3000/5004: loss=2.940383
  step 3100/5004: loss=3.002029
  step 3200/5004: loss=2.925909
  step 3300/5004: loss=2.670029
  step 3400/5004: loss=2.681121
  step 3500/5004: loss=2.694579
  step 3600/5004: loss=2.723528
  step 3700/5004: loss=2.772055
  step 3800/5004: loss=2.858377
  step 3900/5004: loss=3.142880
  step 4000/5004: loss=2.451932
  step 4100/5004: loss=2.531386
  step 4200/5004: loss=2.860677
  step 4300/5004: loss=2.896546
  step 4400/5004: loss=2.834677
  step 4500/5004: loss=3.141161
  step 4600/5004: loss=2.855279
  step 4700/5004: loss=3.173144
  step 4800/5004: loss=2.780804
  step 4900/5004: loss=2.758946
  step 5000/5004: loss=2.911191
[pjrt_ffi] RESIDENT: @efficientnetin_fwd_eval holds 311 parameter tensors (20.3 MB) on 1 device; they stop crossing PCIe from here
Epoch 70/350: loss=2.873444 lr=0.007012
  epoch 70: test_acc = 35785/50000 = 71.570000%  top5 = 45095/50000 = 90.190000%  [95% CI 71.17–71.96]
    BN companion -> .lake/build/efficientnetin_emarmsdp64dropdobf16_ckpt_xla.bin.bn (42016 floats x 2, hash 13562627344911516869)
  step 0/5004: loss=2.795218
  step 1/5004: loss=2.820641
  step 2/5004: loss=2.913676
  step 100/5004: loss=2.991892
  step 200/5004: loss=3.247653
  step 300/5004: loss=3.029065
  step 400/5004: loss=3.003693
  step 500/5004: loss=3.137498
  step 600/5004: loss=2.617980
  step 700/5004: loss=2.850947
  step 800/5004: loss=3.182986
  step 900/5004: loss=3.040757
  step 1000/5004: loss=2.623331
  step 1100/5004: loss=2.843627
  step 1200/5004: loss=2.632032
  step 1300/5004: loss=2.702515
  step 1400/5004: loss=2.944161
  step 1500/5004: loss=2.835645
  step 1600/5004: loss=2.823231
  step 1700/5004: loss=2.703177
  step 1800/5004: loss=2.835971
  step 1900/5004: loss=2.989713
  step 2000/5004: loss=2.912034
  step 2100/5004: loss=2.989023
  step 2200/5004: loss=2.984511
  step 2300/5004: loss=2.916420
  step 2400/5004: loss=2.907771
  step 2500/5004: loss=2.870798
  step 2600/5004: loss=2.679373
  step 2700/5004: loss=2.890766
  step 2800/5004: loss=2.720846
  step 2900/5004: loss=3.136283
  step 3000/5004: loss=2.980393
  step 3100/5004: loss=2.560185
  step 3200/5004: loss=2.227604
  step 3300/5004: loss=3.350484
  step 3400/5004: loss=2.965278
  step 3500/5004: loss=2.956959
  step 3600/5004: loss=2.602727
  step 3700/5004: loss=3.008159
  step 3800/5004: loss=2.332466
  step 3900/5004: loss=3.075132
  step 4000/5004: loss=3.316957
  step 4100/5004: loss=2.865862
  step 4200/5004: loss=2.605303
  step 4300/5004: loss=2.651568
  step 4400/5004: loss=2.771361
  step 4500/5004: loss=2.932867
  step 4600/5004: loss=3.103343
  step 4700/5004: loss=2.840233
  step 4800/5004: loss=3.045911
  step 4900/5004: loss=2.982819
  step 5000/5004: loss=2.990208
[pjrt_ffi] RESIDENT: @efficientnetin_fwd_eval holds 311 parameter tensors (20.3 MB) on 1 device; they stop crossing PCIe from here
Epoch 71/350: loss=2.873219 lr=0.006924
  epoch 71: test_acc = 35803/50000 = 71.606000%  top5 = 45136/50000 = 90.272000%  [95% CI 71.21–72.00]
    BN companion -> .lake/build/efficientnetin_emarmsdp64dropdobf16_ckpt_xla.bin.bn (42016 floats x 2, hash 12747034016701965111)
  step 0/5004: loss=2.879799
  step 1/5004: loss=2.406291
  step 2/5004: loss=2.688915
  step 100/5004: loss=3.011712
  step 200/5004: loss=2.863373
  step 300/5004: loss=2.742460
  step 400/5004: loss=2.859523
  step 500/5004: loss=2.976655
  step 600/5004: loss=2.960250
  step 700/5004: loss=2.710659
  step 800/5004: loss=2.774013
  step 900/5004: loss=2.883676
  step 1000/5004: loss=2.779090
  step 1100/5004: loss=2.681966
  step 1200/5004: loss=2.764545
  step 1300/5004: loss=2.614802
  step 1400/5004: loss=2.893485
  step 1500/5004: loss=2.971326
  step 1600/5004: loss=2.735849
  step 1700/5004: loss=3.081475
  step 1800/5004: loss=3.133064
  step 1900/5004: loss=2.394859
  step 2000/5004: loss=2.543033
  step 2100/5004: loss=3.186709
  step 2200/5004: loss=2.699512
  step 2300/5004: loss=2.711863
  step 2400/5004: loss=3.193768
  step 2500/5004: loss=3.074804
  step 2600/5004: loss=2.673796
  step 2700/5004: loss=2.878250
  step 2800/5004: loss=2.891685
  step 2900/5004: loss=2.785854
  step 3000/5004: loss=2.474811
  step 3100/5004: loss=3.097883
  step 3200/5004: loss=2.476765
  step 3300/5004: loss=2.756750
  step 3400/5004: loss=3.124856
  step 3500/5004: loss=2.954738
  step 3600/5004: loss=2.447906
  step 3700/5004: loss=2.910577
  step 3800/5004: loss=2.858266
  step 3900/5004: loss=3.158155
  step 4000/5004: loss=3.098076
  step 4100/5004: loss=2.813208
  step 4200/5004: loss=2.963915
  step 4300/5004: loss=2.961721
  step 4400/5004: loss=2.557702
  step 4500/5004: loss=2.823683
  step 4600/5004: loss=3.057175
  step 4700/5004: loss=2.623457
  step 4800/5004: loss=2.639520
  step 4900/5004: loss=3.060702
  step 5000/5004: loss=2.887090
[pjrt_ffi] RESIDENT: @efficientnetin_fwd_eval holds 311 parameter tensors (20.3 MB) on 1 device; they stop crossing PCIe from here
Epoch 72/350: loss=2.867332 lr=0.006836
  epoch 72: test_acc = 35861/50000 = 71.722000%  top5 = 45165/50000 = 90.330000%  [95% CI 71.33–72.12]
    BN companion -> .lake/build/efficientnetin_emarmsdp64dropdobf16_ckpt_xla.bin.bn (42016 floats x 2, hash 12848603698871083540)
  step 0/5004: loss=2.867879
  step 1/5004: loss=2.622115
  step 2/5004: loss=2.875906
  step 100/5004: loss=2.786904
  step 200/5004: loss=2.606583
  step 300/5004: loss=2.533924
  step 400/5004: loss=2.938727
  step 500/5004: loss=2.862972
  step 600/5004: loss=3.145994
  step 700/5004: loss=2.874608
  step 800/5004: loss=3.348341
  step 900/5004: loss=2.853367
  step 1000/5004: loss=3.040154
  step 1100/5004: loss=2.542399
  step 1200/5004: loss=2.943361
  step 1300/5004: loss=2.869232
  step 1400/5004: loss=3.051667
  step 1500/5004: loss=2.878556
  step 1600/5004: loss=3.187921
  step 1700/5004: loss=3.017726
  step 1800/5004: loss=3.036798
  step 1900/5004: loss=2.967057
  step 2000/5004: loss=2.705921
  step 2100/5004: loss=2.744326
  step 2200/5004: loss=2.670471
  step 2300/5004: loss=3.057852
  step 2400/5004: loss=2.786673
  step 2500/5004: loss=2.685719
  step 2600/5004: loss=2.771319
  step 2700/5004: loss=3.074497
  step 2800/5004: loss=3.425018
  step 2900/5004: loss=2.953620
  step 3000/5004: loss=3.001894
  step 3100/5004: loss=2.544133
  step 3200/5004: loss=2.643857
  step 3300/5004: loss=2.959993
  step 3400/5004: loss=2.822125
  step 3500/5004: loss=2.773767
  step 3600/5004: loss=3.267614
  step 3700/5004: loss=3.244933
  step 3800/5004: loss=3.080547
  step 3900/5004: loss=2.796667
  step 4000/5004: loss=3.203326
  step 4100/5004: loss=2.604815
  step 4200/5004: loss=2.962916
  step 4300/5004: loss=3.137212
  step 4400/5004: loss=2.719250
  step 4500/5004: loss=3.350525
  step 4600/5004: loss=2.418390
  step 4700/5004: loss=2.608329
  step 4800/5004: loss=2.928710
  step 4900/5004: loss=2.576117
  step 5000/5004: loss=2.469664
[pjrt_ffi] RESIDENT: @efficientnetin_fwd_eval holds 311 parameter tensors (20.3 MB) on 1 device; they stop crossing PCIe from here
Epoch 73/350: loss=2.864952 lr=0.006750
  epoch 73: test_acc = 35842/50000 = 71.684000%  top5 = 45166/50000 = 90.332000%  [95% CI 71.29–72.08]
    BN companion -> .lake/build/efficientnetin_emarmsdp64dropdobf16_ckpt_xla.bin.bn (42016 floats x 2, hash 14615827960265702331)
  step 0/5004: loss=2.571179
  step 1/5004: loss=2.466455
  step 2/5004: loss=2.722214
  step 100/5004: loss=2.631477
  step 200/5004: loss=2.831746
  step 300/5004: loss=2.660161
  step 400/5004: loss=2.726148
  step 500/5004: loss=3.173376
  step 600/5004: loss=2.783282
  step 700/5004: loss=3.073589
  step 800/5004: loss=2.761366
  step 900/5004: loss=3.015490
  step 1000/5004: loss=3.072737
  step 1100/5004: loss=3.011357
  step 1200/5004: loss=2.706028
  step 1300/5004: loss=2.931077
  step 1400/5004: loss=2.897676
  step 1500/5004: loss=2.528538
  step 1600/5004: loss=2.752345
  step 1700/5004: loss=3.096721
  step 1800/5004: loss=2.494786
  step 1900/5004: loss=3.054506
  step 2000/5004: loss=2.652654
  step 2100/5004: loss=2.978538
  step 2200/5004: loss=2.615998
  step 2300/5004: loss=2.679561
  step 2400/5004: loss=2.952054
  step 2500/5004: loss=2.932036
  step 2600/5004: loss=3.206794
  step 2700/5004: loss=2.851002
  step 2800/5004: loss=2.705874
  step 2900/5004: loss=2.586665
  step 3000/5004: loss=3.210635
  step 3100/5004: loss=2.914120
  step 3200/5004: loss=3.102713
  step 3300/5004: loss=2.580090
  step 3400/5004: loss=3.199956
  step 3500/5004: loss=3.254529
  step 3600/5004: loss=2.832375
  step 3700/5004: loss=2.621588
  step 3800/5004: loss=2.910777
  step 3900/5004: loss=2.756567
  step 4000/5004: loss=3.091652
  step 4100/5004: loss=2.688547
  step 4200/5004: loss=3.040127
  step 4300/5004: loss=2.980888
  step 4400/5004: loss=2.717589
  step 4500/5004: loss=2.576633
  step 4600/5004: loss=2.370660
  step 4700/5004: loss=2.725096
  step 4800/5004: loss=3.285951
W0000 00:00:1789307565.002535 2494650 prefetch_autotuner.cc:55] Prefetch autotuner tried to allocate 91453 bytes after encountering the first element of size 91453 bytes.This already causes the autotune ram budget to be exceeded. To stay within the ram budget, either increase the ram budget or reduce element size
  step 4900/5004: loss=2.669122
  step 5000/5004: loss=3.367757
[pjrt_ffi] RESIDENT: @efficientnetin_fwd_eval holds 311 parameter tensors (20.3 MB) on 1 device; they stop crossing PCIe from here
Epoch 74/350: loss=2.857132 lr=0.006665
  epoch 74: test_acc = 35868/50000 = 71.736000%  top5 = 45180/50000 = 90.360000%  [95% CI 71.34–72.13]
    BN companion -> .lake/build/efficientnetin_emarmsdp64dropdobf16_ckpt_xla.bin.bn (42016 floats x 2, hash 17840543764201689679)
  step 0/5004: loss=2.924132
  step 1/5004: loss=3.029492
  step 2/5004: loss=2.332717
  step 100/5004: loss=2.823168
  step 200/5004: loss=2.946618
  step 300/5004: loss=2.641316
  step 400/5004: loss=2.918187
  step 500/5004: loss=3.057373
  step 600/5004: loss=2.457346
  step 700/5004: loss=2.803529
  step 800/5004: loss=2.737477
  step 900/5004: loss=3.220628
  step 1000/5004: loss=2.753924
  step 1100/5004: loss=2.971916
  step 1200/5004: loss=3.030287
  step 1300/5004: loss=2.859322
  step 1400/5004: loss=2.745184
  step 1500/5004: loss=2.970761
  step 1600/5004: loss=2.736933
  step 1700/5004: loss=2.945647
  step 1800/5004: loss=3.037001
  step 1900/5004: loss=3.097719
  step 2000/5004: loss=2.532357
  step 2100/5004: loss=2.756843
  step 2200/5004: loss=2.984961
  step 2300/5004: loss=2.835454
  step 2400/5004: loss=2.899366
  step 2500/5004: loss=2.730453
  step 2600/5004: loss=2.621540
  step 2700/5004: loss=3.104897
  step 2800/5004: loss=2.770701
  step 2900/5004: loss=2.636773
  step 3000/5004: loss=3.013694
  step 3100/5004: loss=2.827173
  step 3200/5004: loss=2.927250
  step 3300/5004: loss=2.413980
  step 3400/5004: loss=2.529701
  step 3500/5004: loss=3.019814
  step 3600/5004: loss=3.188615
  step 3700/5004: loss=3.185364
  step 3800/5004: loss=3.166234
  step 3900/5004: loss=3.086198
  step 4000/5004: loss=2.764562
  step 4100/5004: loss=2.605989
  step 4200/5004: loss=2.867715
  step 4300/5004: loss=3.433550
  step 4400/5004: loss=2.729511
  step 4500/5004: loss=2.885520
  step 4600/5004: loss=2.686164
  step 4700/5004: loss=2.960139
  step 4800/5004: loss=2.837749
W0000 00:00:1789308264.592533 2494650 prefetch_autotuner.cc:55] Prefetch autotuner tried to allocate 91453 bytes after encountering the first element of size 91453 bytes.This already causes the autotune ram budget to be exceeded. To stay within the ram budget, either increase the ram budget or reduce element size
  step 4900/5004: loss=2.516613
  step 5000/5004: loss=3.101260
[pjrt_ffi] RESIDENT: @efficientnetin_fwd_eval holds 311 parameter tensors (20.3 MB) on 1 device; they stop crossing PCIe from here
Epoch 75/350: loss=2.855406 lr=0.006581
  epoch 75: test_acc = 35904/50000 = 71.808000%  top5 = 45177/50000 = 90.354000%  [95% CI 71.41–72.20]
    BN companion -> .lake/build/efficientnetin_emarmsdp64dropdobf16_ckpt_xla.bin.bn (42016 floats x 2, hash 7473701390143595660)
  step 0/5004: loss=2.773032
  step 1/5004: loss=2.497162
  step 2/5004: loss=2.602707
  step 100/5004: loss=2.751307
  step 200/5004: loss=3.350879
  step 300/5004: loss=2.406759
  step 400/5004: loss=3.222175
  step 500/5004: loss=3.087822
  step 600/5004: loss=3.415692
  step 700/5004: loss=2.615208
  step 800/5004: loss=2.770992
  step 900/5004: loss=3.605632
  step 1000/5004: loss=2.974342
  step 1100/5004: loss=2.918880
  step 1200/5004: loss=2.981322
  step 1300/5004: loss=2.809749
  step 1400/5004: loss=3.265528
  step 1500/5004: loss=2.815548
  step 1600/5004: loss=2.469747
  step 1700/5004: loss=2.925402
  step 1800/5004: loss=2.730628
  step 1900/5004: loss=3.123711
  step 2000/5004: loss=2.957513
  step 2100/5004: loss=2.610415
  step 2200/5004: loss=3.015958
  step 2300/5004: loss=2.981169
  step 2400/5004: loss=2.459323
  step 2500/5004: loss=2.648241
  step 2600/5004: loss=2.716280
  step 2700/5004: loss=2.980143
  step 2800/5004: loss=2.915621
  step 2900/5004: loss=2.827915
  step 3000/5004: loss=3.028569
  step 3100/5004: loss=2.854904
  step 3200/5004: loss=3.238257
  step 3300/5004: loss=2.796921
  step 3400/5004: loss=2.647356
  step 3500/5004: loss=2.847061
  step 3600/5004: loss=2.877316
  step 3700/5004: loss=2.883100
  step 3800/5004: loss=2.518800
  step 3900/5004: loss=2.914467
  step 4000/5004: loss=3.005290
  step 4100/5004: loss=3.048923
  step 4200/5004: loss=2.678869
  step 4300/5004: loss=2.757094
  step 4400/5004: loss=2.917811
  step 4500/5004: loss=2.770288
  step 4600/5004: loss=2.522290
  step 4700/5004: loss=2.796103
  step 4800/5004: loss=3.129704
  step 4900/5004: loss=3.001116
  step 5000/5004: loss=2.668901
[pjrt_ffi] RESIDENT: @efficientnetin_fwd_eval holds 311 parameter tensors (20.3 MB) on 1 device; they stop crossing PCIe from here
Epoch 76/350: loss=2.852101 lr=0.006498
  epoch 76: test_acc = 35897/50000 = 71.794000%  top5 = 45210/50000 = 90.420000%  [95% CI 71.40–72.19]
    BN companion -> .lake/build/efficientnetin_emarmsdp64dropdobf16_ckpt_xla.bin.bn (42016 floats x 2, hash 3060212173192067691)
  step 0/5004: loss=3.190156
  step 1/5004: loss=2.487806
  step 2/5004: loss=2.919735
  step 100/5004: loss=2.752519
  step 200/5004: loss=2.788861
  step 300/5004: loss=3.060538
  step 400/5004: loss=2.776872
  step 500/5004: loss=2.940913
  step 600/5004: loss=2.975919
  step 700/5004: loss=3.196804
  step 800/5004: loss=2.917566
  step 900/5004: loss=2.981222
  step 1000/5004: loss=2.962363
  step 1100/5004: loss=3.001030
  step 1200/5004: loss=3.349771
  step 1300/5004: loss=2.784729
  step 1400/5004: loss=2.952933
  step 1500/5004: loss=3.260866
  step 1600/5004: loss=2.952835
  step 1700/5004: loss=2.513289
  step 1800/5004: loss=2.907450
  step 1900/5004: loss=2.459589
  step 2000/5004: loss=2.924963
  step 2100/5004: loss=2.333012
  step 2200/5004: loss=2.839765
  step 2300/5004: loss=3.125607
  step 2400/5004: loss=2.870071
  step 2500/5004: loss=2.929340
  step 2600/5004: loss=2.812273
  step 2700/5004: loss=2.511907
  step 2800/5004: loss=2.928882
  step 2900/5004: loss=2.935322
  step 3000/5004: loss=3.176439
  step 3100/5004: loss=3.108378
  step 3200/5004: loss=2.583354
  step 3300/5004: loss=2.993441
  step 3400/5004: loss=2.675851
  step 3500/5004: loss=2.759920
  step 3600/5004: loss=2.505969
  step 3700/5004: loss=2.999697
  step 3800/5004: loss=3.085450
  step 3900/5004: loss=2.996292
  step 4000/5004: loss=3.066147
  step 4100/5004: loss=2.636590
  step 4200/5004: loss=2.978931
  step 4300/5004: loss=2.636268
  step 4400/5004: loss=2.845391
  step 4500/5004: loss=2.994261
  step 4600/5004: loss=2.810732
  step 4700/5004: loss=2.596107
  step 4800/5004: loss=3.294524
  step 4900/5004: loss=3.237635
W0000 00:00:1789309652.177613 2494650 prefetch_autotuner.cc:55] Prefetch autotuner tried to allocate 91453 bytes after encountering the first element of size 91453 bytes.This already causes the autotune ram budget to be exceeded. To stay within the ram budget, either increase the ram budget or reduce element size
  step 5000/5004: loss=2.761955
[pjrt_ffi] RESIDENT: @efficientnetin_fwd_eval holds 311 parameter tensors (20.3 MB) on 1 device; they stop crossing PCIe from here
Epoch 77/350: loss=2.845907 lr=0.006416
  epoch 77: test_acc = 35971/50000 = 71.942000%  top5 = 45182/50000 = 90.364000%  [95% CI 71.55–72.33]
    BN companion -> .lake/build/efficientnetin_emarmsdp64dropdobf16_ckpt_xla.bin.bn (42016 floats x 2, hash 16508673317422880572)
  step 0/5004: loss=2.882540
  step 1/5004: loss=3.312790
  step 2/5004: loss=3.112566
  step 100/5004: loss=2.864963
  step 200/5004: loss=2.892457
  step 300/5004: loss=2.790901
  step 400/5004: loss=2.909020
  step 500/5004: loss=2.878303
  step 600/5004: loss=3.260651
  step 700/5004: loss=2.623687
  step 800/5004: loss=3.194074
  step 900/5004: loss=2.921443
  step 1000/5004: loss=3.136210
  step 1100/5004: loss=2.752306
  step 1200/5004: loss=2.776815
  step 1300/5004: loss=3.127664
  step 1400/5004: loss=2.649253
  step 1500/5004: loss=3.008564
  step 1600/5004: loss=2.853302
  step 1700/5004: loss=2.718215
  step 1800/5004: loss=2.925833
  step 1900/5004: loss=3.071853
  step 2000/5004: loss=2.789640
  step 2100/5004: loss=2.998378
  step 2200/5004: loss=2.897327
  step 2300/5004: loss=2.775990
  step 2400/5004: loss=3.119099
  step 2500/5004: loss=3.223826
  step 2600/5004: loss=3.146633
  step 2700/5004: loss=2.843125
  step 2800/5004: loss=2.577275
  step 2900/5004: loss=2.699647
  step 3000/5004: loss=2.976716
  step 3100/5004: loss=3.196201
  step 3200/5004: loss=2.792246
  step 3300/5004: loss=2.958369
  step 3400/5004: loss=2.664053
  step 3500/5004: loss=3.092943
  step 3600/5004: loss=2.719154
  step 3700/5004: loss=3.138301
  step 3800/5004: loss=2.630818
  step 3900/5004: loss=3.230317
  step 4000/5004: loss=3.038805
  step 4100/5004: loss=2.941908
  step 4200/5004: loss=2.637819
  step 4300/5004: loss=2.991330
  step 4400/5004: loss=2.640723
  step 4500/5004: loss=2.967696
  step 4600/5004: loss=2.966456
  step 4700/5004: loss=2.781650
  step 4800/5004: loss=2.879981
  step 4900/5004: loss=2.766433
W0000 00:00:1789310343.555004 2494650 prefetch_autotuner.cc:55] Prefetch autotuner tried to allocate 91453 bytes after encountering the first element of size 91453 bytes.This already causes the autotune ram budget to be exceeded. To stay within the ram budget, either increase the ram budget or reduce element size
  step 5000/5004: loss=2.770054
[pjrt_ffi] RESIDENT: @efficientnetin_fwd_eval holds 311 parameter tensors (20.3 MB) on 1 device; they stop crossing PCIe from here
Epoch 78/350: loss=2.846768 lr=0.006335
  epoch 78: test_acc = 36022/50000 = 72.044000%  top5 = 45255/50000 = 90.510000%  [95% CI 71.65–72.44]
    BN companion -> .lake/build/efficientnetin_emarmsdp64dropdobf16_ckpt_xla.bin.bn (42016 floats x 2, hash 5075406991686323958)
  step 0/5004: loss=2.863831
  step 1/5004: loss=2.951361
  step 2/5004: loss=2.836354
  step 100/5004: loss=2.968808
  step 200/5004: loss=2.497192
  step 300/5004: loss=2.822161
  step 400/5004: loss=2.615681
  step 500/5004: loss=3.028874
  step 600/5004: loss=2.851447
  step 700/5004: loss=2.543165
  step 800/5004: loss=2.485663
  step 900/5004: loss=3.249221
  step 1000/5004: loss=2.804777
  step 1100/5004: loss=2.930312
  step 1200/5004: loss=3.371946
  step 1300/5004: loss=2.862404
  step 1400/5004: loss=2.279629
  step 1500/5004: loss=2.507556
  step 1600/5004: loss=2.948445
  step 1700/5004: loss=2.753163
  step 1800/5004: loss=2.759742
  step 1900/5004: loss=2.864458
  step 2000/5004: loss=2.723944
  step 2100/5004: loss=2.854068
  step 2200/5004: loss=3.156314
  step 2300/5004: loss=3.212398
  step 2400/5004: loss=2.588306
  step 2500/5004: loss=3.033722
  step 2600/5004: loss=2.315280
  step 2700/5004: loss=2.912837
  step 2800/5004: loss=3.229288
  step 2900/5004: loss=3.193291
  step 3000/5004: loss=2.742660
  step 3100/5004: loss=2.497664
  step 3200/5004: loss=2.792684
  step 3300/5004: loss=2.954312
  step 3400/5004: loss=2.790847
  step 3500/5004: loss=2.874213
  step 3600/5004: loss=3.099299
  step 3700/5004: loss=2.799026
  step 3800/5004: loss=3.215548
  step 3900/5004: loss=2.521577
  step 4000/5004: loss=3.397779
  step 4100/5004: loss=2.838552
  step 4200/5004: loss=2.965749
  step 4300/5004: loss=3.268050
  step 4400/5004: loss=2.840952
  step 4500/5004: loss=2.737357
  step 4600/5004: loss=2.952916
  step 4700/5004: loss=2.969305
  step 4800/5004: loss=2.639422
  step 4900/5004: loss=3.246750
  step 5000/5004: loss=2.595399
[pjrt_ffi] RESIDENT: @efficientnetin_fwd_eval holds 311 parameter tensors (20.3 MB) on 1 device; they stop crossing PCIe from here
Epoch 79/350: loss=2.841422 lr=0.006255
  epoch 79: test_acc = 36054/50000 = 72.108000%  top5 = 45285/50000 = 90.570000%  [95% CI 71.71–72.50]
    BN companion -> .lake/build/efficientnetin_emarmsdp64dropdobf16_ckpt_xla.bin.bn (42016 floats x 2, hash 1455496045229586415)
  step 0/5004: loss=2.867960
  step 1/5004: loss=2.915481
  step 2/5004: loss=3.095517
  step 100/5004: loss=2.731220
  step 200/5004: loss=3.507379
  step 300/5004: loss=2.518404
  step 400/5004: loss=2.696836
  step 500/5004: loss=2.988325
  step 600/5004: loss=3.221280
  step 700/5004: loss=2.748413
  step 800/5004: loss=3.194063
  step 900/5004: loss=3.128380
  step 1000/5004: loss=2.790094
  step 1100/5004: loss=3.099403
  step 1200/5004: loss=2.579784
  step 1300/5004: loss=2.918360
  step 1400/5004: loss=2.708896
  step 1500/5004: loss=2.826293
  step 1600/5004: loss=2.281133
  step 1700/5004: loss=3.002141
  step 1800/5004: loss=2.870371
  step 1900/5004: loss=2.980189
  step 2000/5004: loss=3.020874
  step 2100/5004: loss=3.478925
  step 2200/5004: loss=3.581117
  step 2300/5004: loss=3.172358
  step 2400/5004: loss=2.527913
  step 2500/5004: loss=2.549648
  step 2600/5004: loss=3.045598
  step 2700/5004: loss=2.741689
  step 2800/5004: loss=2.727736
  step 2900/5004: loss=3.115955
  step 3000/5004: loss=2.760066
  step 3100/5004: loss=2.906911
  step 3200/5004: loss=2.839614
  step 3300/5004: loss=2.875012
  step 3400/5004: loss=2.830404
  step 3500/5004: loss=3.232728
  step 3600/5004: loss=3.260598
  step 3700/5004: loss=2.701161
  step 3800/5004: loss=2.715690
  step 3900/5004: loss=2.711758
  step 4000/5004: loss=2.784082
  step 4100/5004: loss=2.513597
  step 4200/5004: loss=3.017953
  step 4300/5004: loss=2.696375
  step 4400/5004: loss=2.899090
  step 4500/5004: loss=2.773078
  step 4600/5004: loss=3.278894
  step 4700/5004: loss=2.956455
  step 4800/5004: loss=2.981996
  step 4900/5004: loss=2.928061
W0000 00:00:1789312785.229454 2494650 prefetch_autotuner.cc:55] Prefetch autotuner tried to allocate 91453 bytes after encountering the first element of size 91453 bytes.This already causes the autotune ram budget to be exceeded. To stay within the ram budget, either increase the ram budget or reduce element size
  step 5000/5004: loss=3.229767
[pjrt_ffi] RESIDENT: @efficientnetin_fwd_eval holds 311 parameter tensors (20.3 MB) on 1 device; they stop crossing PCIe from here
Epoch 80/350: loss=2.834143 lr=0.006176
  epoch 80: test_acc = 36004/50000 = 72.008000%  top5 = 45237/50000 = 90.474000%  [95% CI 71.61–72.40]
    BN companion -> .lake/build/efficientnetin_emarmsdp64dropdobf16_ckpt_xla.bin.bn (42016 floats x 2, hash 8743603586328334954)
  step 0/5004: loss=2.907826
  step 1/5004: loss=2.760689
  step 2/5004: loss=2.501484
  step 100/5004: loss=2.981394
  step 200/5004: loss=2.859623
  step 300/5004: loss=2.690522
  step 400/5004: loss=2.610411
  step 500/5004: loss=3.249287
  step 600/5004: loss=2.618380
  step 700/5004: loss=2.661685
  step 800/5004: loss=3.175146
  step 900/5004: loss=3.137343
  step 1000/5004: loss=2.951225
  step 1100/5004: loss=3.441531
  step 1200/5004: loss=2.981344
  step 1300/5004: loss=2.812243
  step 1400/5004: loss=2.640009
  step 1500/5004: loss=2.685360
  step 1600/5004: loss=2.913726
  step 1700/5004: loss=3.138650
  step 1800/5004: loss=3.088079
  step 1900/5004: loss=2.916064
  step 2000/5004: loss=2.833534
  step 2100/5004: loss=2.754641
  step 2200/5004: loss=2.788632
  step 2300/5004: loss=2.831998
  step 2400/5004: loss=3.394343
  step 2500/5004: loss=2.947759
  step 2600/5004: loss=2.717803
  step 2700/5004: loss=2.963086
  step 2800/5004: loss=2.677333
  step 2900/5004: loss=2.822628
  step 3000/5004: loss=2.972745
  step 3100/5004: loss=3.188955
  step 3200/5004: loss=3.067990
  step 3300/5004: loss=2.853297
  step 3400/5004: loss=2.816958
  step 3500/5004: loss=2.552385
  step 3600/5004: loss=2.786586
  step 3700/5004: loss=3.037431
  step 3800/5004: loss=2.775173
  step 3900/5004: loss=3.112705
  step 4000/5004: loss=2.793948
  step 4100/5004: loss=2.777269
  step 4200/5004: loss=3.170834
  step 4300/5004: loss=2.731597
  step 4400/5004: loss=2.309923
  step 4500/5004: loss=2.612722
  step 4600/5004: loss=2.603348
  step 4700/5004: loss=2.861591
  step 4800/5004: loss=2.634531
  step 4900/5004: loss=2.532776
  step 5000/5004: loss=3.127860
[pjrt_ffi] RESIDENT: @efficientnetin_fwd_eval holds 311 parameter tensors (20.3 MB) on 1 device; they stop crossing PCIe from here
Epoch 81/350: loss=2.825023 lr=0.006099
  epoch 81: test_acc = 36018/50000 = 72.036000%  top5 = 45248/50000 = 90.496000%  [95% CI 71.64–72.43]
    BN companion -> .lake/build/efficientnetin_emarmsdp64dropdobf16_ckpt_xla.bin.bn (42016 floats x 2, hash 3273716628991428163)
  step 0/5004: loss=2.830726
  step 1/5004: loss=2.999382
  step 2/5004: loss=3.047390
  step 100/5004: loss=2.940583
  step 200/5004: loss=3.390114
  step 300/5004: loss=2.822277
  step 400/5004: loss=2.948163
  step 500/5004: loss=2.940293
  step 600/5004: loss=3.152231
  step 700/5004: loss=2.762819
  step 800/5004: loss=2.567869
  step 900/5004: loss=2.954981
  step 1000/5004: loss=3.291456
  step 1100/5004: loss=2.789385
  step 1200/5004: loss=3.365501
  step 1300/5004: loss=2.983266
  step 1400/5004: loss=2.805238
  step 1500/5004: loss=2.398822
  step 1600/5004: loss=2.873076
  step 1700/5004: loss=2.487605
  step 1800/5004: loss=2.388718
  step 1900/5004: loss=2.507946
  step 2000/5004: loss=3.356731
  step 2100/5004: loss=2.612812
  step 2200/5004: loss=2.745011
  step 2300/5004: loss=2.667066
  step 2400/5004: loss=2.363755
  step 2500/5004: loss=2.556636
  step 2600/5004: loss=2.827217
  step 2700/5004: loss=3.278968
  step 2800/5004: loss=2.404376
  step 2900/5004: loss=2.627235
  step 3000/5004: loss=2.514767
  step 3100/5004: loss=2.479637
  step 3200/5004: loss=2.834541
  step 3300/5004: loss=2.652229
  step 3400/5004: loss=3.108774
  step 3500/5004: loss=2.673229
  step 3600/5004: loss=2.981318
  step 3700/5004: loss=3.029427
  step 3800/5004: loss=2.502326
  step 3900/5004: loss=2.577808
  step 4000/5004: loss=3.362803
  step 4100/5004: loss=2.546017
  step 4200/5004: loss=2.810920
  step 4300/5004: loss=2.857881
  step 4400/5004: loss=2.806016
  step 4500/5004: loss=3.004211
  step 4600/5004: loss=2.488500
  step 4700/5004: loss=2.713996
  step 4800/5004: loss=2.808684
  step 4900/5004: loss=2.598286
W0000 00:00:1789314484.759468 2494650 prefetch_autotuner.cc:55] Prefetch autotuner tried to allocate 91453 bytes after encountering the first element of size 91453 bytes.This already causes the autotune ram budget to be exceeded. To stay within the ram budget, either increase the ram budget or reduce element size
  step 5000/5004: loss=2.651265
[pjrt_ffi] RESIDENT: @efficientnetin_fwd_eval holds 311 parameter tensors (20.3 MB) on 1 device; they stop crossing PCIe from here
Epoch 82/350: loss=2.823513 lr=0.006022
  epoch 82: test_acc = 36024/50000 = 72.048000%  top5 = 45277/50000 = 90.554000%  [95% CI 71.65–72.44]
    BN companion -> .lake/build/efficientnetin_emarmsdp64dropdobf16_ckpt_xla.bin.bn (42016 floats x 2, hash 925638947419732385)
  step 0/5004: loss=2.682554
  step 1/5004: loss=2.530349
  step 2/5004: loss=2.904040
  step 100/5004: loss=3.080296
  step 200/5004: loss=2.517133
  step 300/5004: loss=2.716108
  step 400/5004: loss=2.491759
  step 500/5004: loss=2.957144
  step 600/5004: loss=2.930948
  step 700/5004: loss=2.880582
  step 800/5004: loss=3.086873
  step 900/5004: loss=3.035056
  step 1000/5004: loss=2.918400
  step 1100/5004: loss=2.814547
  step 1200/5004: loss=2.838703
  step 1300/5004: loss=2.859010
  step 1400/5004: loss=2.678257
  step 1500/5004: loss=3.240683
  step 1600/5004: loss=2.991861
  step 1700/5004: loss=3.147296
  step 1800/5004: loss=2.870301
  step 1900/5004: loss=2.827467
  step 2000/5004: loss=2.905889
  step 2100/5004: loss=2.914426
  step 2200/5004: loss=2.778786
  step 2300/5004: loss=2.873035
  step 2400/5004: loss=3.082120
  step 2500/5004: loss=2.878013
  step 2600/5004: loss=2.909367
  step 2700/5004: loss=2.634079
  step 2800/5004: loss=2.810439
  step 2900/5004: loss=2.814751
  step 3000/5004: loss=2.992579
  step 3100/5004: loss=3.031922
  step 3200/5004: loss=3.295749
  step 3300/5004: loss=2.591502
  step 3400/5004: loss=2.617815
  step 3500/5004: loss=2.818910
  step 3600/5004: loss=2.647214
  step 3700/5004: loss=2.701449
  step 3800/5004: loss=3.058980
  step 3900/5004: loss=2.650479
  step 4000/5004: loss=3.236795
  step 4100/5004: loss=2.783920
  step 4200/5004: loss=2.563327
  step 4300/5004: loss=2.914797
  step 4400/5004: loss=2.876022
  step 4500/5004: loss=2.669625
  step 4600/5004: loss=2.990126
  step 4700/5004: loss=2.990000
  step 4800/5004: loss=2.562269
  step 4900/5004: loss=2.473684
  step 5000/5004: loss=3.058943
[pjrt_ffi] RESIDENT: @efficientnetin_fwd_eval holds 311 parameter tensors (20.3 MB) on 1 device; they stop crossing PCIe from here
Epoch 83/350: loss=2.818604 lr=0.005946
  epoch 83: test_acc = 36080/50000 = 72.160000%  top5 = 45315/50000 = 90.630000%  [95% CI 71.77–72.55]
    BN companion -> .lake/build/efficientnetin_emarmsdp64dropdobf16_ckpt_xla.bin.bn (42016 floats x 2, hash 10321895958221769804)
  step 0/5004: loss=2.969031
  step 1/5004: loss=2.477498
  step 2/5004: loss=2.996349
  step 100/5004: loss=2.886582
  step 200/5004: loss=2.981654
  step 300/5004: loss=2.964840
  step 400/5004: loss=2.897357
  step 500/5004: loss=2.877968
  step 600/5004: loss=2.444004
  step 700/5004: loss=3.039085
  step 800/5004: loss=2.960063
  step 900/5004: loss=3.047573
  step 1000/5004: loss=3.134024
  step 1100/5004: loss=2.963640
  step 1200/5004: loss=2.589646
  step 1300/5004: loss=2.550198
  step 1400/5004: loss=2.616854
  step 1500/5004: loss=2.903988
  step 1600/5004: loss=2.812465
  step 1700/5004: loss=2.628702
  step 1800/5004: loss=3.041221
  step 1900/5004: loss=3.045175
  step 2000/5004: loss=2.687241
  step 2100/5004: loss=2.642406
  step 2200/5004: loss=2.554081
  step 2300/5004: loss=2.764457
  step 2400/5004: loss=2.847823
  step 2500/5004: loss=3.195420
  step 2600/5004: loss=3.166039
  step 2700/5004: loss=2.922631
  step 2800/5004: loss=2.846421
  step 2900/5004: loss=2.714859
  step 3000/5004: loss=2.918004
  step 3100/5004: loss=2.722246
  step 3200/5004: loss=2.751377
  step 3300/5004: loss=2.679398
  step 3400/5004: loss=3.034455
  step 3500/5004: loss=2.981410
  step 3600/5004: loss=2.582213
  step 3700/5004: loss=2.965474
  step 3800/5004: loss=3.242828
  step 3900/5004: loss=2.465271
  step 4000/5004: loss=2.796155
  step 4100/5004: loss=3.108269
  step 4200/5004: loss=2.724237
  step 4300/5004: loss=2.783745
  step 4400/5004: loss=2.814188
  step 4500/5004: loss=2.738557
  step 4600/5004: loss=2.533738
  step 4700/5004: loss=2.845044
  step 4800/5004: loss=2.727611
  step 4900/5004: loss=2.980570
W0000 00:00:1789316791.249754 2493671 prefetch_autotuner.cc:55] Prefetch autotuner tried to allocate 91453 bytes after encountering the first element of size 91453 bytes.This already causes the autotune ram budget to be exceeded. To stay within the ram budget, either increase the ram budget or reduce element size
W0000 00:00:1789316794.123818 2494650 prefetch_autotuner.cc:55] Prefetch autotuner tried to allocate 91453 bytes after encountering the first element of size 91453 bytes.This already causes the autotune ram budget to be exceeded. To stay within the ram budget, either increase the ram budget or reduce element size
  step 5000/5004: loss=2.600857
[pjrt_ffi] RESIDENT: @efficientnetin_fwd_eval holds 311 parameter tensors (20.3 MB) on 1 device; they stop crossing PCIe from here
Epoch 84/350: loss=2.824341 lr=0.005871
  epoch 84: test_acc = 36138/50000 = 72.276000%  top5 = 45312/50000 = 90.624000%  [95% CI 71.88–72.67]
    BN companion -> .lake/build/efficientnetin_emarmsdp64dropdobf16_ckpt_xla.bin.bn (42016 floats x 2, hash 4539372009548020554)
  step 0/5004: loss=2.424299
  step 1/5004: loss=2.482229
  step 2/5004: loss=2.270721
  step 100/5004: loss=2.695330
  step 200/5004: loss=2.879520
  step 300/5004: loss=2.986173
  step 400/5004: loss=2.630133
  step 500/5004: loss=2.374164
  step 600/5004: loss=2.377087
  step 700/5004: loss=2.905680
  step 800/5004: loss=3.007513
  step 900/5004: loss=3.049417
  step 1000/5004: loss=2.665648
  step 1100/5004: loss=2.901959
  step 1200/5004: loss=2.905313
  step 1300/5004: loss=2.927150
  step 1400/5004: loss=2.591794
  step 1500/5004: loss=2.628734
  step 1600/5004: loss=2.922793
  step 1700/5004: loss=2.757905
  step 1800/5004: loss=3.057749
  step 1900/5004: loss=2.304031
  step 2000/5004: loss=2.823060
  step 2100/5004: loss=2.876975
  step 2200/5004: loss=2.860704
  step 2300/5004: loss=2.496558
  step 2400/5004: loss=3.086458
  step 2500/5004: loss=2.517571
  step 2600/5004: loss=2.932588
  step 2700/5004: loss=2.813642
  step 2800/5004: loss=2.783154
  step 2900/5004: loss=2.634865
  step 3000/5004: loss=2.927889
  step 3100/5004: loss=2.515713
  step 3200/5004: loss=3.118878
  step 3300/5004: loss=2.876583
  step 3400/5004: loss=3.138664
  step 3500/5004: loss=2.595603
  step 3600/5004: loss=2.549490
  step 3700/5004: loss=2.640685
  step 3800/5004: loss=2.904164
  step 3900/5004: loss=2.748354
  step 4000/5004: loss=2.671308
  step 4100/5004: loss=3.250494
  step 4200/5004: loss=2.858101
  step 4300/5004: loss=2.646753
  step 4400/5004: loss=2.914730
  step 4500/5004: loss=2.326592
  step 4600/5004: loss=2.630335
  step 4700/5004: loss=2.666251
  step 4800/5004: loss=2.741754
  step 4900/5004: loss=2.703449
W0000 00:00:1789317619.757595 2493671 prefetch_autotuner.cc:55] Prefetch autotuner tried to allocate 91453 bytes after encountering the first element of size 91453 bytes.This already causes the autotune ram budget to be exceeded. To stay within the ram budget, either increase the ram budget or reduce element size
W0000 00:00:1789317622.496488 2494650 prefetch_autotuner.cc:55] Prefetch autotuner tried to allocate 91453 bytes after encountering the first element of size 91453 bytes.This already causes the autotune ram budget to be exceeded. To stay within the ram budget, either increase the ram budget or reduce element size
  step 5000/5004: loss=3.000207
[pjrt_ffi] RESIDENT: @efficientnetin_fwd_eval holds 311 parameter tensors (20.3 MB) on 1 device; they stop crossing PCIe from here
Epoch 85/350: loss=2.816378 lr=0.005797
  epoch 85: test_acc = 36107/50000 = 72.214000%  top5 = 45305/50000 = 90.610000%  [95% CI 71.82–72.60]
    BN companion -> .lake/build/efficientnetin_emarmsdp64dropdobf16_ckpt_xla.bin.bn (42016 floats x 2, hash 151512347001237071)
  step 0/5004: loss=3.031271
  step 1/5004: loss=2.948964
  step 2/5004: loss=2.665530
  step 100/5004: loss=2.793233
  step 200/5004: loss=2.749562
  step 300/5004: loss=2.866137
  step 400/5004: loss=2.538563
  step 500/5004: loss=3.080191
  step 600/5004: loss=2.974476
  step 700/5004: loss=3.242092
  step 800/5004: loss=2.958311
  step 900/5004: loss=2.560508
  step 1000/5004: loss=2.624548
  step 1100/5004: loss=3.010611
  step 1200/5004: loss=2.765637
  step 1300/5004: loss=2.711905
  step 1400/5004: loss=2.670738
  step 1500/5004: loss=2.854772
  step 1600/5004: loss=2.515961
  step 1700/5004: loss=2.753404
  step 1800/5004: loss=2.308949
  step 1900/5004: loss=3.257161
  step 2000/5004: loss=2.357927
  step 2100/5004: loss=2.686282
  step 2200/5004: loss=3.087115
  step 2300/5004: loss=3.128047
  step 2400/5004: loss=2.494298
  step 2500/5004: loss=2.584665
  step 2600/5004: loss=3.120258
  step 2700/5004: loss=3.196690
  step 2800/5004: loss=2.832824
  step 2900/5004: loss=2.576465
  step 3000/5004: loss=2.980174
  step 3100/5004: loss=2.769321
  step 3200/5004: loss=2.757073
  step 3300/5004: loss=3.292794
  step 3400/5004: loss=2.576554
  step 3500/5004: loss=2.655420
  step 3600/5004: loss=2.993465
  step 3700/5004: loss=2.719087
  step 3800/5004: loss=2.993599
  step 3900/5004: loss=3.094738
  step 4000/5004: loss=3.176038
  step 4100/5004: loss=2.544980
  step 4200/5004: loss=2.993120
  step 4300/5004: loss=2.716064
  step 4400/5004: loss=2.800597
  step 4500/5004: loss=3.236028
  step 4600/5004: loss=2.658331
  step 4700/5004: loss=2.803328
  step 4800/5004: loss=2.868326
  step 4900/5004: loss=2.733993
W0000 00:00:1789318449.778669 2494650 prefetch_autotuner.cc:55] Prefetch autotuner tried to allocate 91453 bytes after encountering the first element of size 91453 bytes.This already causes the autotune ram budget to be exceeded. To stay within the ram budget, either increase the ram budget or reduce element size
  step 5000/5004: loss=3.374238
[pjrt_ffi] RESIDENT: @efficientnetin_fwd_eval holds 311 parameter tensors (20.3 MB) on 1 device; they stop crossing PCIe from here
Epoch 86/350: loss=2.810684 lr=0.005724
  epoch 86: test_acc = 36086/50000 = 72.172000%  top5 = 45328/50000 = 90.656000%  [95% CI 71.78–72.56]
    BN companion -> .lake/build/efficientnetin_emarmsdp64dropdobf16_ckpt_xla.bin.bn (42016 floats x 2, hash 5674922364483907279)
  step 0/5004: loss=2.512877
  step 1/5004: loss=2.636546
  step 2/5004: loss=2.841848
  step 100/5004: loss=2.494167
  step 200/5004: loss=2.669994
  step 300/5004: loss=3.074877
  step 400/5004: loss=2.977602
  step 500/5004: loss=3.330945
  step 600/5004: loss=2.937429
  step 700/5004: loss=2.880245
  step 800/5004: loss=3.150184
  step 900/5004: loss=3.084085
  step 1000/5004: loss=3.165537
  step 1100/5004: loss=2.550112
  step 1200/5004: loss=2.970373
  step 1300/5004: loss=2.537522
  step 1400/5004: loss=2.491460
  step 1500/5004: loss=2.609743
  step 1600/5004: loss=2.668122
  step 1700/5004: loss=2.666750
  step 1800/5004: loss=2.672927
  step 1900/5004: loss=2.759295
  step 2000/5004: loss=2.606834
  step 2100/5004: loss=2.699649
  step 2200/5004: loss=2.586558
  step 2300/5004: loss=2.714282
  step 2400/5004: loss=2.383540
  step 2500/5004: loss=2.688253
  step 2600/5004: loss=2.439970
  step 2700/5004: loss=2.558724
  step 2800/5004: loss=2.973497
  step 2900/5004: loss=2.330930
  step 3000/5004: loss=2.623530
  step 3100/5004: loss=2.734474
  step 3200/5004: loss=3.267360
  step 3300/5004: loss=2.743365
  step 3400/5004: loss=2.891344
  step 3500/5004: loss=2.628569
  step 3600/5004: loss=2.595373
  step 3700/5004: loss=2.699009
  step 3800/5004: loss=2.995320
  step 3900/5004: loss=3.046821
  step 4000/5004: loss=2.689770
  step 4100/5004: loss=2.972167
  step 4200/5004: loss=2.613040
  step 4300/5004: loss=2.506529
  step 4400/5004: loss=2.946106
  step 4500/5004: loss=2.924188
  step 4600/5004: loss=2.771522
  step 4700/5004: loss=2.800272
  step 4800/5004: loss=2.904297
  step 4900/5004: loss=2.556031
W0000 00:00:1789319453.433834 2493671 prefetch_autotuner.cc:55] Prefetch autotuner tried to allocate 91453 bytes after encountering the first element of size 91453 bytes.This already causes the autotune ram budget to be exceeded. To stay within the ram budget, either increase the ram budget or reduce element size
W0000 00:00:1789319457.899519 2494650 prefetch_autotuner.cc:55] Prefetch autotuner tried to allocate 91453 bytes after encountering the first element of size 91453 bytes.This already causes the autotune ram budget to be exceeded. To stay within the ram budget, either increase the ram budget or reduce element size
  step 5000/5004: loss=2.615624
[pjrt_ffi] RESIDENT: @efficientnetin_fwd_eval holds 311 parameter tensors (20.3 MB) on 1 device; they stop crossing PCIe from here
Epoch 87/350: loss=2.802685 lr=0.005651
  epoch 87: test_acc = 36130/50000 = 72.260000%  top5 = 45335/50000 = 90.670000%  [95% CI 71.87–72.65]
    BN companion -> .lake/build/efficientnetin_emarmsdp64dropdobf16_ckpt_xla.bin.bn (42016 floats x 2, hash 1634220559292062721)
  step 0/5004: loss=2.640175
  step 1/5004: loss=2.719419
  step 2/5004: loss=2.927806
  step 100/5004: loss=2.996771
  step 200/5004: loss=3.117369
  step 300/5004: loss=3.041994
  step 400/5004: loss=3.047431
  step 500/5004: loss=2.910496
  step 600/5004: loss=3.213994
  step 700/5004: loss=3.099999
  step 800/5004: loss=3.013535
  step 900/5004: loss=2.585260
  step 1000/5004: loss=2.898214
  step 1100/5004: loss=2.453480
  step 1200/5004: loss=2.559955
  step 1300/5004: loss=2.888501
  step 1400/5004: loss=2.943058
  step 1500/5004: loss=3.157433
  step 1600/5004: loss=2.976390
  step 1700/5004: loss=2.778225
  step 1800/5004: loss=2.933392
  step 1900/5004: loss=2.596304
  step 2000/5004: loss=2.894255
  step 2100/5004: loss=2.712933
  step 2200/5004: loss=2.367138
  step 2300/5004: loss=2.856071
  step 2400/5004: loss=3.032126
  step 2500/5004: loss=2.896254
  step 2600/5004: loss=2.949606
  step 2700/5004: loss=2.660380
  step 2800/5004: loss=2.901599
  step 2900/5004: loss=2.705453
  step 3000/5004: loss=3.048253
  step 3100/5004: loss=3.133070
  step 3200/5004: loss=2.612064
  step 3300/5004: loss=2.882677
  step 3400/5004: loss=2.663855
  step 3500/5004: loss=2.961657
  step 3600/5004: loss=2.750384
  step 3700/5004: loss=2.877549
  step 3800/5004: loss=2.989338
  step 3900/5004: loss=2.948895
  step 4000/5004: loss=2.505207
  step 4100/5004: loss=3.005078
  step 4200/5004: loss=2.492183
  step 4300/5004: loss=2.677022
  step 4400/5004: loss=2.549255
  step 4500/5004: loss=2.841548
  step 4600/5004: loss=2.797212
  step 4700/5004: loss=3.085720
  step 4800/5004: loss=2.819955
  step 4900/5004: loss=2.505619
W0000 00:00:1789320882.467584 2493671 prefetch_autotuner.cc:55] Prefetch autotuner tried to allocate 91453 bytes after encountering the first element of size 91453 bytes.This already causes the autotune ram budget to be exceeded. To stay within the ram budget, either increase the ram budget or reduce element size
W0000 00:00:1789320887.196285 2494650 prefetch_autotuner.cc:55] Prefetch autotuner tried to allocate 91453 bytes after encountering the first element of size 91453 bytes.This already causes the autotune ram budget to be exceeded. To stay within the ram budget, either increase the ram budget or reduce element size
  step 5000/5004: loss=2.712458
[pjrt_ffi] RESIDENT: @efficientnetin_fwd_eval holds 311 parameter tensors (20.3 MB) on 1 device; they stop crossing PCIe from here
Epoch 88/350: loss=2.800436 lr=0.005580
  epoch 88: test_acc = 36194/50000 = 72.388000%  top5 = 45367/50000 = 90.734000%  [95% CI 71.99–72.78]
    BN companion -> .lake/build/efficientnetin_emarmsdp64dropdobf16_ckpt_xla.bin.bn (42016 floats x 2, hash 2314316962231371021)
  step 0/5004: loss=2.847060
  step 1/5004: loss=2.820949
  step 2/5004: loss=3.122608
  step 100/5004: loss=2.979226
  step 200/5004: loss=2.496621
  step 300/5004: loss=2.941183
  step 400/5004: loss=2.854898
  step 500/5004: loss=2.649584
  step 600/5004: loss=2.779703
  step 700/5004: loss=3.023593
  step 800/5004: loss=2.991505
  step 900/5004: loss=2.403325
  step 1000/5004: loss=2.729739
  step 1100/5004: loss=2.807459
  step 1200/5004: loss=2.949105
  step 1300/5004: loss=2.861395
  step 1400/5004: loss=2.788635
  step 1500/5004: loss=2.804958
  step 1600/5004: loss=3.277973
  step 1700/5004: loss=2.757208
  step 1800/5004: loss=2.705225
  step 1900/5004: loss=2.911267
  step 2000/5004: loss=3.436784
  step 2100/5004: loss=2.225155
  step 2200/5004: loss=2.811514
  step 2300/5004: loss=2.766465
  step 2400/5004: loss=3.177780
  step 2500/5004: loss=3.373673
  step 2600/5004: loss=3.071351
  step 2700/5004: loss=2.553217
  step 2800/5004: loss=2.532450
  step 2900/5004: loss=2.694241
  step 3000/5004: loss=2.838902
  step 3100/5004: loss=2.950159
  step 3200/5004: loss=2.796588
  step 3300/5004: loss=2.503680
  step 3400/5004: loss=2.817696
  step 3500/5004: loss=2.709735
  step 3600/5004: loss=2.650425
  step 3700/5004: loss=3.067347
  step 3800/5004: loss=2.821375
  step 3900/5004: loss=2.900950
  step 4000/5004: loss=2.669003
  step 4100/5004: loss=2.716518
  step 4200/5004: loss=2.950067
  step 4300/5004: loss=2.956893
  step 4400/5004: loss=3.105313
  step 4500/5004: loss=2.774938
  step 4600/5004: loss=2.967130
  step 4700/5004: loss=2.914427
  step 4800/5004: loss=2.551490
  step 4900/5004: loss=2.471942
W0000 00:00:1789322306.138032 2493671 prefetch_autotuner.cc:55] Prefetch autotuner tried to allocate 91453 bytes after encountering the first element of size 91453 bytes.This already causes the autotune ram budget to be exceeded. To stay within the ram budget, either increase the ram budget or reduce element size
W0000 00:00:1789322311.199453 2494650 prefetch_autotuner.cc:55] Prefetch autotuner tried to allocate 91453 bytes after encountering the first element of size 91453 bytes.This already causes the autotune ram budget to be exceeded. To stay within the ram budget, either increase the ram budget or reduce element size
  step 5000/5004: loss=2.616456
[pjrt_ffi] RESIDENT: @efficientnetin_fwd_eval holds 311 parameter tensors (20.3 MB) on 1 device; they stop crossing PCIe from here
Epoch 89/350: loss=2.791478 lr=0.005510
  epoch 89: test_acc = 36202/50000 = 72.404000%  top5 = 45370/50000 = 90.740000%  [95% CI 72.01–72.79]
    BN companion -> .lake/build/efficientnetin_emarmsdp64dropdobf16_ckpt_xla.bin.bn (42016 floats x 2, hash 7965006625034442530)
  step 0/5004: loss=2.513814
  step 1/5004: loss=2.464974
  step 2/5004: loss=2.731098
  step 100/5004: loss=2.523221
  step 200/5004: loss=2.862616
  step 300/5004: loss=2.508601
  step 400/5004: loss=2.820307
  step 500/5004: loss=2.495302
  step 600/5004: loss=2.714282
  step 700/5004: loss=2.642264
  step 800/5004: loss=2.848195
  step 900/5004: loss=2.680334
  step 1000/5004: loss=2.936646
  step 1100/5004: loss=2.477888
  step 1200/5004: loss=3.247930
  step 1300/5004: loss=2.463256
  step 1400/5004: loss=2.587274
  step 1500/5004: loss=2.942037
  step 1600/5004: loss=2.738955
  step 1700/5004: loss=2.895298
  step 1800/5004: loss=3.063065
  step 1900/5004: loss=2.952408
  step 2000/5004: loss=3.295751
  step 2100/5004: loss=3.027567
  step 2200/5004: loss=3.152422
  step 2300/5004: loss=2.419060
  step 2400/5004: loss=3.081868
  step 2500/5004: loss=2.934282
  step 2600/5004: loss=2.710111
  step 2700/5004: loss=2.803124
  step 2800/5004: loss=2.947762
  step 2900/5004: loss=2.547733
  step 3000/5004: loss=2.376687
  step 3100/5004: loss=2.664761
  step 3200/5004: loss=2.743289
  step 3300/5004: loss=2.622115
  step 3400/5004: loss=2.912283
  step 3500/5004: loss=2.909025
  step 3600/5004: loss=2.820602
  step 3700/5004: loss=2.828238
  step 3800/5004: loss=3.099324
  step 3900/5004: loss=2.298757
  step 4000/5004: loss=2.747635
  step 4100/5004: loss=3.022318
  step 4200/5004: loss=2.291094
  step 4300/5004: loss=2.398197
  step 4400/5004: loss=2.811948
  step 4500/5004: loss=2.718355
  step 4600/5004: loss=2.880986
  step 4700/5004: loss=2.436035
  step 4800/5004: loss=2.313553
  step 4900/5004: loss=2.547178
W0000 00:00:1789323735.577706 2494650 prefetch_autotuner.cc:55] Prefetch autotuner tried to allocate 91453 bytes after encountering the first element of size 91453 bytes.This already causes the autotune ram budget to be exceeded. To stay within the ram budget, either increase the ram budget or reduce element size
  step 5000/5004: loss=2.667149
[pjrt_ffi] RESIDENT: @efficientnetin_fwd_eval holds 311 parameter tensors (20.3 MB) on 1 device; they stop crossing PCIe from here
Epoch 90/350: loss=2.792613 lr=0.005440
  epoch 90: test_acc = 36202/50000 = 72.404000%  top5 = 45372/50000 = 90.744000%  [95% CI 72.01–72.79]
    BN companion -> .lake/build/efficientnetin_emarmsdp64dropdobf16_ckpt_xla.bin.bn (42016 floats x 2, hash 5487524167282399160)
  step 0/5004: loss=2.781538
  step 1/5004: loss=2.785760
  step 2/5004: loss=3.149189
  step 100/5004: loss=3.332924
  step 200/5004: loss=2.619829
  step 300/5004: loss=2.475543
  step 400/5004: loss=3.227394
  step 500/5004: loss=2.687968
  step 600/5004: loss=2.818663
  step 700/5004: loss=2.743666
  step 800/5004: loss=2.908577
  step 900/5004: loss=2.905821
  step 1000/5004: loss=3.178523
  step 1100/5004: loss=2.916634
  step 1200/5004: loss=2.779531
  step 1300/5004: loss=2.876261
  step 1400/5004: loss=2.705709
  step 1500/5004: loss=2.993264
  step 1600/5004: loss=2.602324
  step 1700/5004: loss=2.906531
  step 1800/5004: loss=2.837898
  step 1900/5004: loss=2.666163
  step 2000/5004: loss=2.821426
  step 2100/5004: loss=2.816424
  step 2200/5004: loss=2.881191
  step 2300/5004: loss=2.866565
  step 2400/5004: loss=2.554082
  step 2500/5004: loss=2.951153
  step 2600/5004: loss=2.768436
  step 2700/5004: loss=2.928525
  step 2800/5004: loss=2.295748
  step 2900/5004: loss=2.851523
  step 3000/5004: loss=2.571409
  step 3100/5004: loss=2.864134
  step 3200/5004: loss=2.296364
  step 3300/5004: loss=2.729771
  step 3400/5004: loss=2.498685
  step 3500/5004: loss=2.247162
  step 3600/5004: loss=2.890964
  step 3700/5004: loss=3.025816
  step 3800/5004: loss=2.507003
  step 3900/5004: loss=3.323248
  step 4000/5004: loss=2.715065
  step 4100/5004: loss=2.724673
  step 4200/5004: loss=2.911827
  step 4300/5004: loss=2.601726
  step 4400/5004: loss=2.814432
  step 4500/5004: loss=2.699737
  step 4600/5004: loss=2.721063
  step 4700/5004: loss=2.370293
  step 4800/5004: loss=2.889823
  step 4900/5004: loss=2.509423
  step 5000/5004: loss=2.643403
[pjrt_ffi] RESIDENT: @efficientnetin_fwd_eval holds 311 parameter tensors (20.3 MB) on 1 device; they stop crossing PCIe from here
Epoch 91/350: loss=2.786901 lr=0.005372
  epoch 91: test_acc = 36204/50000 = 72.408000%  top5 = 45382/50000 = 90.764000%  [95% CI 72.01–72.80]
    BN companion -> .lake/build/efficientnetin_emarmsdp64dropdobf16_ckpt_xla.bin.bn (42016 floats x 2, hash 4634022968420281365)
  step 0/5004: loss=2.795932
  step 1/5004: loss=3.015982
  step 2/5004: loss=3.397255
  step 100/5004: loss=2.573223
  step 200/5004: loss=2.649104
  step 300/5004: loss=2.776433
  step 400/5004: loss=2.814727
  step 500/5004: loss=2.604702
  step 600/5004: loss=2.923226
  step 700/5004: loss=2.647884
  step 800/5004: loss=2.803320
  step 900/5004: loss=2.810826
  step 1000/5004: loss=2.724957
  step 1100/5004: loss=2.751212
  step 1200/5004: loss=2.569143
  step 1300/5004: loss=3.058085
  step 1400/5004: loss=2.409554
  step 1500/5004: loss=3.151917
  step 1600/5004: loss=2.965037
  step 1700/5004: loss=2.869538
  step 1800/5004: loss=2.443929
  step 1900/5004: loss=2.774435
  step 2000/5004: loss=2.659123
  step 2100/5004: loss=2.865974
  step 2200/5004: loss=2.745083
  step 2300/5004: loss=2.772883
  step 2400/5004: loss=2.382016
  step 2500/5004: loss=2.600133
  step 2600/5004: loss=2.475150
  step 2700/5004: loss=2.255834
  step 2800/5004: loss=3.125352
  step 2900/5004: loss=2.528215
  step 3000/5004: loss=2.426910
  step 3100/5004: loss=2.590627
  step 3200/5004: loss=3.057974
  step 3300/5004: loss=2.720703
  step 3400/5004: loss=2.643981
  step 3500/5004: loss=2.831227
  step 3600/5004: loss=2.875001
  step 3700/5004: loss=2.938417
  step 3800/5004: loss=2.810309
  step 3900/5004: loss=2.704288
  step 4000/5004: loss=3.011107
  step 4100/5004: loss=2.646718
  step 4200/5004: loss=2.883291
  step 4300/5004: loss=3.040818
  step 4400/5004: loss=2.669285
  step 4500/5004: loss=2.407283
  step 4600/5004: loss=2.553847
  step 4700/5004: loss=3.455580
  step 4800/5004: loss=2.521913
  step 4900/5004: loss=2.660596
W0000 00:00:1789325792.466747 2493671 prefetch_autotuner.cc:55] Prefetch autotuner tried to allocate 91453 bytes after encountering the first element of size 91453 bytes.This already causes the autotune ram budget to be exceeded. To stay within the ram budget, either increase the ram budget or reduce element size
W0000 00:00:1789325795.214487 2494650 prefetch_autotuner.cc:55] Prefetch autotuner tried to allocate 91453 bytes after encountering the first element of size 91453 bytes.This already causes the autotune ram budget to be exceeded. To stay within the ram budget, either increase the ram budget or reduce element size
  step 5000/5004: loss=2.849487
[pjrt_ffi] RESIDENT: @efficientnetin_fwd_eval holds 311 parameter tensors (20.3 MB) on 1 device; they stop crossing PCIe from here
Epoch 92/350: loss=2.777598 lr=0.005304
  epoch 92: test_acc = 36230/50000 = 72.460000%  top5 = 45411/50000 = 90.822000%  [95% CI 72.07–72.85]
    BN companion -> .lake/build/efficientnetin_emarmsdp64dropdobf16_ckpt_xla.bin.bn (42016 floats x 2, hash 16095502238520014677)
  step 0/5004: loss=2.380845
  step 1/5004: loss=3.478660
  step 2/5004: loss=2.455668
  step 100/5004: loss=2.680791
  step 200/5004: loss=2.551872
  step 300/5004: loss=3.035179
  step 400/5004: loss=2.615042
  step 500/5004: loss=2.621125
  step 600/5004: loss=2.660043
  step 700/5004: loss=2.754173
  step 800/5004: loss=2.788335
  step 900/5004: loss=2.646410
  step 1000/5004: loss=2.888339
  step 1100/5004: loss=2.803746
  step 1200/5004: loss=2.942441
  step 1300/5004: loss=3.030252
  step 1400/5004: loss=2.699268
  step 1500/5004: loss=2.755191
  step 1600/5004: loss=2.656481
  step 1700/5004: loss=3.114985
  step 1800/5004: loss=2.925814
  step 1900/5004: loss=2.877560
  step 2000/5004: loss=2.974768
  step 2100/5004: loss=2.880881
  step 2200/5004: loss=2.833823
  step 2300/5004: loss=2.835741
  step 2400/5004: loss=2.345033
  step 2500/5004: loss=2.959546
  step 2600/5004: loss=2.872858
  step 2700/5004: loss=3.239634
  step 2800/5004: loss=2.498274
  step 2900/5004: loss=2.491790
  step 3000/5004: loss=3.014140
  step 3100/5004: loss=2.514477
  step 3200/5004: loss=2.653757
  step 3300/5004: loss=2.848736
  step 3400/5004: loss=2.642985
  step 3500/5004: loss=2.713576
  step 3600/5004: loss=2.840942
  step 3700/5004: loss=2.858886
  step 3800/5004: loss=2.442617
  step 3900/5004: loss=2.750462
  step 4000/5004: loss=2.498977
  step 4100/5004: loss=2.669029
  step 4200/5004: loss=2.666756
  step 4300/5004: loss=3.080778
  step 4400/5004: loss=2.982278
  step 4500/5004: loss=2.813686
  step 4600/5004: loss=2.771532
  step 4700/5004: loss=2.525322
  step 4800/5004: loss=2.681367
  step 4900/5004: loss=3.137980
W0000 00:00:1789326614.801427 2494650 prefetch_autotuner.cc:55] Prefetch autotuner tried to allocate 91453 bytes after encountering the first element of size 91453 bytes.This already causes the autotune ram budget to be exceeded. To stay within the ram budget, either increase the ram budget or reduce element size
  step 5000/5004: loss=2.795472
[pjrt_ffi] RESIDENT: @efficientnetin_fwd_eval holds 311 parameter tensors (20.3 MB) on 1 device; they stop crossing PCIe from here
Epoch 93/350: loss=2.780699 lr=0.005237
  epoch 93: test_acc = 36305/50000 = 72.610000%  top5 = 45443/50000 = 90.886000%  [95% CI 72.22–73.00]
    BN companion -> .lake/build/efficientnetin_emarmsdp64dropdobf16_ckpt_xla.bin.bn (42016 floats x 2, hash 15491860266042548699)
  step 0/5004: loss=2.792880
  step 1/5004: loss=2.773283
  step 2/5004: loss=2.776986
  step 100/5004: loss=3.046546
  step 200/5004: loss=2.824281
  step 300/5004: loss=2.884384
  step 400/5004: loss=2.255369
  step 500/5004: loss=2.498089
  step 600/5004: loss=2.707082
  step 700/5004: loss=2.687894
  step 800/5004: loss=2.946117
  step 900/5004: loss=2.897663
  step 1000/5004: loss=2.702359
  step 1100/5004: loss=2.804214
  step 1200/5004: loss=2.758623
  step 1300/5004: loss=2.787055
  step 1400/5004: loss=2.541876
  step 1500/5004: loss=2.782383
  step 1600/5004: loss=2.603308
  step 1700/5004: loss=2.714075
  step 1800/5004: loss=2.498007
  step 1900/5004: loss=2.333550
  step 2000/5004: loss=2.728072
  step 2100/5004: loss=3.059712
  step 2200/5004: loss=2.897176
  step 2300/5004: loss=3.029257
  step 2400/5004: loss=2.753969
  step 2500/5004: loss=2.642868
  step 2600/5004: loss=2.798572
  step 2700/5004: loss=2.719768
  step 2800/5004: loss=2.751098
  step 2900/5004: loss=2.690164
  step 3000/5004: loss=2.489938
  step 3100/5004: loss=2.870637
  step 3200/5004: loss=2.480935
  step 3300/5004: loss=3.188544
  step 3400/5004: loss=2.565556
  step 3500/5004: loss=2.694084
  step 3600/5004: loss=3.119011
  step 3700/5004: loss=2.966547
  step 3800/5004: loss=2.490991
  step 3900/5004: loss=2.736676
  step 4000/5004: loss=3.344489
  step 4100/5004: loss=3.072292
  step 4200/5004: loss=3.024187
  step 4300/5004: loss=2.939632
  step 4400/5004: loss=2.537070
  step 4500/5004: loss=2.671608
  step 4600/5004: loss=2.746268
  step 4700/5004: loss=2.785629
  step 4800/5004: loss=3.096592
  step 4900/5004: loss=2.521907
W0000 00:00:1789327436.028495 2494650 prefetch_autotuner.cc:55] Prefetch autotuner tried to allocate 91453 bytes after encountering the first element of size 91453 bytes.This already causes the autotune ram budget to be exceeded. To stay within the ram budget, either increase the ram budget or reduce element size
  step 5000/5004: loss=2.819742
[pjrt_ffi] RESIDENT: @efficientnetin_fwd_eval holds 311 parameter tensors (20.3 MB) on 1 device; they stop crossing PCIe from here
Epoch 94/350: loss=2.775929 lr=0.005171
  epoch 94: test_acc = 36350/50000 = 72.700000%  top5 = 45470/50000 = 90.940000%  [95% CI 72.31–73.09]
    BN companion -> .lake/build/efficientnetin_emarmsdp64dropdobf16_ckpt_xla.bin.bn (42016 floats x 2, hash 1850491570873185920)
  step 0/5004: loss=2.701951
  step 1/5004: loss=2.684730
  step 2/5004: loss=2.375062
  step 100/5004: loss=2.957383
  step 200/5004: loss=2.714746
  step 300/5004: loss=2.888589
  step 400/5004: loss=2.404233
  step 500/5004: loss=2.578280
  step 600/5004: loss=2.685682
  step 700/5004: loss=2.416870
  step 800/5004: loss=2.553124
  step 900/5004: loss=3.024282
  step 1000/5004: loss=2.917805
  step 1100/5004: loss=2.833865
  step 1200/5004: loss=2.744153
  step 1300/5004: loss=2.951592
  step 1400/5004: loss=2.867039
  step 1500/5004: loss=2.766162
  step 1600/5004: loss=2.633587
  step 1700/5004: loss=2.541680
  step 1800/5004: loss=2.968167
  step 1900/5004: loss=2.646844
  step 2000/5004: loss=2.570294
  step 2100/5004: loss=2.810717
  step 2200/5004: loss=2.818255
  step 2300/5004: loss=2.570827
  step 2400/5004: loss=2.817087
  step 2500/5004: loss=3.134545
  step 2600/5004: loss=2.798998
  step 2700/5004: loss=2.846451
  step 2800/5004: loss=2.890993
  step 2900/5004: loss=2.612777
  step 3000/5004: loss=2.505800
  step 3100/5004: loss=2.909100
  step 3200/5004: loss=2.747020
  step 3300/5004: loss=2.792870
  step 3400/5004: loss=2.853270
  step 3500/5004: loss=2.803928
  step 3600/5004: loss=2.847485
  step 3700/5004: loss=2.941602
  step 3800/5004: loss=2.736877
  step 3900/5004: loss=2.858576
  step 4000/5004: loss=2.730359
  step 4100/5004: loss=2.601046
  step 4200/5004: loss=3.177927
  step 4300/5004: loss=2.862957
  step 4400/5004: loss=2.913885
  step 4500/5004: loss=2.951827
  step 4600/5004: loss=2.880663
  step 4700/5004: loss=2.473010
  step 4800/5004: loss=2.587165
  step 4900/5004: loss=2.605105
W0000 00:00:1789328275.485013 2494650 prefetch_autotuner.cc:55] Prefetch autotuner tried to allocate 91453 bytes after encountering the first element of size 91453 bytes.This already causes the autotune ram budget to be exceeded. To stay within the ram budget, either increase the ram budget or reduce element size
  step 5000/5004: loss=2.818140
[pjrt_ffi] RESIDENT: @efficientnetin_fwd_eval holds 311 parameter tensors (20.3 MB) on 1 device; they stop crossing PCIe from here
Epoch 95/350: loss=2.770225 lr=0.005106
  epoch 95: test_acc = 36378/50000 = 72.756000%  top5 = 45476/50000 = 90.952000%  [95% CI 72.36–73.14]
    BN companion -> .lake/build/efficientnetin_emarmsdp64dropdobf16_ckpt_xla.bin.bn (42016 floats x 2, hash 7016927167791998875)
  step 0/5004: loss=2.665503
  step 1/5004: loss=2.699202
  step 2/5004: loss=2.709935
  step 100/5004: loss=2.897838
  step 200/5004: loss=2.532732
  step 300/5004: loss=2.712416
  step 400/5004: loss=2.682399
  step 500/5004: loss=2.819677
  step 600/5004: loss=2.725900
  step 700/5004: loss=2.641756
  step 800/5004: loss=2.590868
  step 900/5004: loss=2.862241
  step 1000/5004: loss=2.726820
  step 1100/5004: loss=2.471975
  step 1200/5004: loss=2.411583
  step 1300/5004: loss=3.096219
  step 1400/5004: loss=2.310090
  step 1500/5004: loss=2.837811
  step 1600/5004: loss=2.879985
  step 1700/5004: loss=2.664242
  step 1800/5004: loss=2.415400
  step 1900/5004: loss=2.628235
  step 2000/5004: loss=2.627719
  step 2100/5004: loss=2.478587
  step 2200/5004: loss=3.262250
  step 2300/5004: loss=3.031767
  step 2400/5004: loss=2.647542
  step 2500/5004: loss=2.575230
  step 2600/5004: loss=2.610758
  step 2700/5004: loss=2.889652
  step 2800/5004: loss=3.044479
  step 2900/5004: loss=2.836648
  step 3000/5004: loss=2.423510
  step 3100/5004: loss=2.984778
  step 3200/5004: loss=2.352113
  step 3300/5004: loss=2.702128
  step 3400/5004: loss=3.289583
  step 3500/5004: loss=2.128470
  step 3600/5004: loss=2.700624
  step 3700/5004: loss=2.378556
  step 3800/5004: loss=2.773592
  step 3900/5004: loss=3.219596
  step 4000/5004: loss=2.770221
  step 4100/5004: loss=2.790811
  step 4200/5004: loss=2.611757
  step 4300/5004: loss=2.486636
  step 4400/5004: loss=2.363920
  step 4500/5004: loss=3.049475
  step 4600/5004: loss=2.651858
  step 4700/5004: loss=2.714728
  step 4800/5004: loss=2.724197
  step 4900/5004: loss=2.892923
W0000 00:00:1789329094.525479 2494650 prefetch_autotuner.cc:55] Prefetch autotuner tried to allocate 91453 bytes after encountering the first element of size 91453 bytes.This already causes the autotune ram budget to be exceeded. To stay within the ram budget, either increase the ram budget or reduce element size
  step 5000/5004: loss=2.802988
[pjrt_ffi] RESIDENT: @efficientnetin_fwd_eval holds 311 parameter tensors (20.3 MB) on 1 device; they stop crossing PCIe from here
Epoch 96/350: loss=2.767447 lr=0.005041
  epoch 96: test_acc = 36401/50000 = 72.802000%  top5 = 45459/50000 = 90.918000%  [95% CI 72.41–73.19]
    BN companion -> .lake/build/efficientnetin_emarmsdp64dropdobf16_ckpt_xla.bin.bn (42016 floats x 2, hash 3211138765953951366)
  step 0/5004: loss=2.567888
  step 1/5004: loss=2.970792
  step 2/5004: loss=2.845300
  step 100/5004: loss=2.454971
  step 200/5004: loss=2.797552
  step 300/5004: loss=2.804423
  step 400/5004: loss=2.776070
  step 500/5004: loss=2.819417
  step 600/5004: loss=2.683922
  step 700/5004: loss=2.736842
  step 800/5004: loss=3.212149
  step 900/5004: loss=2.823420
  step 1000/5004: loss=2.749102
  step 1100/5004: loss=2.759916
  step 1200/5004: loss=2.923166
  step 1300/5004: loss=2.795527
  step 1400/5004: loss=2.589714
  step 1500/5004: loss=2.614140
  step 1600/5004: loss=3.063112
  step 1700/5004: loss=2.922080
  step 1800/5004: loss=2.614562
  step 1900/5004: loss=2.670777
  step 2000/5004: loss=2.545319
  step 2100/5004: loss=2.567932
  step 2200/5004: loss=3.137736
  step 2300/5004: loss=2.945853
  step 2400/5004: loss=2.683921
  step 2500/5004: loss=2.666759
  step 2600/5004: loss=2.456657
  step 2700/5004: loss=2.523983
  step 2800/5004: loss=2.944474
  step 2900/5004: loss=2.733963
  step 3000/5004: loss=2.709661
  step 3100/5004: loss=2.537245
  step 3200/5004: loss=2.626927
  step 3300/5004: loss=2.987960
  step 3400/5004: loss=2.807425
  step 3500/5004: loss=3.003945
  step 3600/5004: loss=2.709900
  step 3700/5004: loss=2.762557
  step 3800/5004: loss=2.213638
  step 3900/5004: loss=2.686182
  step 4000/5004: loss=2.817831
  step 4100/5004: loss=2.909647
  step 4200/5004: loss=2.599179
  step 4300/5004: loss=3.138615
  step 4400/5004: loss=2.640665
  step 4500/5004: loss=2.841887
  step 4600/5004: loss=2.621026
  step 4700/5004: loss=2.780777
  step 4800/5004: loss=2.620692
  step 4900/5004: loss=2.427483
W0000 00:00:1789329930.950634 2493671 prefetch_autotuner.cc:55] Prefetch autotuner tried to allocate 91453 bytes after encountering the first element of size 91453 bytes.This already causes the autotune ram budget to be exceeded. To stay within the ram budget, either increase the ram budget or reduce element size
W0000 00:00:1789329933.546252 2494650 prefetch_autotuner.cc:55] Prefetch autotuner tried to allocate 91453 bytes after encountering the first element of size 91453 bytes.This already causes the autotune ram budget to be exceeded. To stay within the ram budget, either increase the ram budget or reduce element size
  step 5000/5004: loss=2.675808
[pjrt_ffi] RESIDENT: @efficientnetin_fwd_eval holds 311 parameter tensors (20.3 MB) on 1 device; they stop crossing PCIe from here
Epoch 97/350: loss=2.762192 lr=0.004978
  epoch 97: test_acc = 36349/50000 = 72.698000%  top5 = 45502/50000 = 91.004000%  [95% CI 72.31–73.09]
    BN companion -> .lake/build/efficientnetin_emarmsdp64dropdobf16_ckpt_xla.bin.bn (42016 floats x 2, hash 18317087288834952960)
  step 0/5004: loss=2.840530
  step 1/5004: loss=2.858628
  step 2/5004: loss=2.708948
  step 100/5004: loss=3.115945
  step 200/5004: loss=2.647522
  step 300/5004: loss=2.607899
  step 400/5004: loss=2.425167
  step 500/5004: loss=2.912303
  step 600/5004: loss=2.695346
  step 700/5004: loss=3.127115
  step 800/5004: loss=3.312723
  step 900/5004: loss=2.665436
  step 1000/5004: loss=2.852009
  step 1100/5004: loss=2.864351
  step 1200/5004: loss=3.076183
  step 1300/5004: loss=2.672867
  step 1400/5004: loss=3.198926
  step 1500/5004: loss=2.785964
  step 1600/5004: loss=2.932342
  step 1700/5004: loss=2.843240
  step 1800/5004: loss=2.869429
  step 1900/5004: loss=2.844947
  step 2000/5004: loss=2.571104
  step 2100/5004: loss=2.264676
  step 2200/5004: loss=2.758861
  step 2300/5004: loss=2.873091
  step 2400/5004: loss=2.906921
  step 2500/5004: loss=2.519667
  step 2600/5004: loss=2.625744
  step 2700/5004: loss=2.563134
  step 2800/5004: loss=2.670741
  step 2900/5004: loss=2.840045
  step 3000/5004: loss=2.899078
  step 3100/5004: loss=2.943865
  step 3200/5004: loss=2.620450
  step 3300/5004: loss=3.022098
  step 3400/5004: loss=2.679099
  step 3500/5004: loss=3.077786
  step 3600/5004: loss=2.727404
  step 3700/5004: loss=2.850437
  step 3800/5004: loss=2.669007
  step 3900/5004: loss=2.618945
  step 4000/5004: loss=2.614050
  step 4100/5004: loss=2.902971
  step 4200/5004: loss=2.396524
  step 4300/5004: loss=2.844846
  step 4400/5004: loss=3.089154
  step 4500/5004: loss=3.109329
  step 4600/5004: loss=2.825543
  step 4700/5004: loss=2.800234
  step 4800/5004: loss=2.664209
  step 4900/5004: loss=2.828166
W0000 00:00:1789330744.784005 2494650 prefetch_autotuner.cc:55] Prefetch autotuner tried to allocate 91453 bytes after encountering the first element of size 91453 bytes.This already causes the autotune ram budget to be exceeded. To stay within the ram budget, either increase the ram budget or reduce element size
  step 5000/5004: loss=2.665215
[pjrt_ffi] RESIDENT: @efficientnetin_fwd_eval holds 311 parameter tensors (20.3 MB) on 1 device; they stop crossing PCIe from here
Epoch 98/350: loss=2.758967 lr=0.004915
  epoch 98: test_acc = 36409/50000 = 72.818000%  top5 = 45492/50000 = 90.984000%  [95% CI 72.43–73.21]
    BN companion -> .lake/build/efficientnetin_emarmsdp64dropdobf16_ckpt_xla.bin.bn (42016 floats x 2, hash 11100733367979553052)
  step 0/5004: loss=2.788913
  step 1/5004: loss=2.721375
  step 2/5004: loss=2.638540
  step 100/5004: loss=2.658471
  step 200/5004: loss=2.762715
  step 300/5004: loss=3.045004
  step 400/5004: loss=2.901000
  step 500/5004: loss=2.716570
  step 600/5004: loss=2.740372
  step 700/5004: loss=2.430770
  step 800/5004: loss=2.837053
  step 900/5004: loss=2.657533
  step 1000/5004: loss=2.949068
  step 1100/5004: loss=2.810834
  step 1200/5004: loss=3.029005
  step 1300/5004: loss=2.701741
  step 1400/5004: loss=2.901721
  step 1500/5004: loss=2.675911
  step 1600/5004: loss=3.004672
  step 1700/5004: loss=2.579052
  step 1800/5004: loss=2.769229
  step 1900/5004: loss=2.858855
  step 2000/5004: loss=2.642936
  step 2100/5004: loss=2.832048
  step 2200/5004: loss=2.941406
  step 2300/5004: loss=2.444632
  step 2400/5004: loss=2.799080
  step 2500/5004: loss=2.435064
  step 2600/5004: loss=2.748935
  step 2700/5004: loss=2.493635
  step 2800/5004: loss=3.105502
  step 2900/5004: loss=3.179042
  step 3000/5004: loss=3.137126
  step 3100/5004: loss=2.678529
  step 3200/5004: loss=2.995944
  step 3300/5004: loss=2.597146
  step 3400/5004: loss=2.571713
  step 3500/5004: loss=2.725376
  step 3600/5004: loss=2.687692
  step 3700/5004: loss=2.739220
  step 3800/5004: loss=2.403005
  step 3900/5004: loss=3.076835
  step 4000/5004: loss=2.597571
  step 4100/5004: loss=2.788264
  step 4200/5004: loss=3.148667
  step 4300/5004: loss=2.769917
  step 4400/5004: loss=2.792190
  step 4500/5004: loss=3.095207
  step 4600/5004: loss=2.702288
  step 4700/5004: loss=2.518842
  step 4800/5004: loss=2.652349
  step 4900/5004: loss=2.623960
W0000 00:00:1789331580.407510 2494650 prefetch_autotuner.cc:55] Prefetch autotuner tried to allocate 91453 bytes after encountering the first element of size 91453 bytes.This already causes the autotune ram budget to be exceeded. To stay within the ram budget, either increase the ram budget or reduce element size
  step 5000/5004: loss=2.471381
[pjrt_ffi] RESIDENT: @efficientnetin_fwd_eval holds 311 parameter tensors (20.3 MB) on 1 device; they stop crossing PCIe from here
Epoch 99/350: loss=2.760425 lr=0.004853
  epoch 99: test_acc = 36395/50000 = 72.790000%  top5 = 45504/50000 = 91.008000%  [95% CI 72.40–73.18]
    BN companion -> .lake/build/efficientnetin_emarmsdp64dropdobf16_ckpt_xla.bin.bn (42016 floats x 2, hash 9769809169302266033)
  step 0/5004: loss=2.628913
  step 1/5004: loss=2.538994
  step 2/5004: loss=2.656386
  step 100/5004: loss=3.018102
  step 200/5004: loss=2.577721
  step 300/5004: loss=2.828096
  step 400/5004: loss=2.761182
  step 500/5004: loss=2.695304
  step 600/5004: loss=2.819913
  step 700/5004: loss=2.680933
  step 800/5004: loss=2.234200
  step 900/5004: loss=2.599776
  step 1000/5004: loss=2.608529
  step 1100/5004: loss=2.996856
  step 1200/5004: loss=2.937029
  step 1300/5004: loss=2.236691
  step 1400/5004: loss=2.862598
  step 1500/5004: loss=3.107532
  step 1600/5004: loss=2.574332
  step 1700/5004: loss=2.491411
  step 1800/5004: loss=2.813360
  step 1900/5004: loss=2.598607
  step 2000/5004: loss=2.691092
  step 2100/5004: loss=2.931029
  step 2200/5004: loss=2.917847
  step 2300/5004: loss=2.868997
  step 2400/5004: loss=3.473438
  step 2500/5004: loss=2.987341
  step 2600/5004: loss=2.804185
  step 2700/5004: loss=2.982179
  step 2800/5004: loss=2.521393
  step 2900/5004: loss=2.599924
  step 3000/5004: loss=2.522198
  step 3100/5004: loss=2.663035
  step 3200/5004: loss=2.751230
  step 3300/5004: loss=3.057202
  step 3400/5004: loss=3.098162
  step 3500/5004: loss=2.633707
  step 3600/5004: loss=2.817952
  step 3700/5004: loss=2.756624
  step 3800/5004: loss=2.566032
  step 3900/5004: loss=3.040395
  step 4000/5004: loss=2.918866
  step 4100/5004: loss=2.776783
  step 4200/5004: loss=2.924670
  step 4300/5004: loss=2.675059
  step 4400/5004: loss=2.528413
  step 4500/5004: loss=3.108272
  step 4600/5004: loss=2.803615
  step 4700/5004: loss=2.936321
  step 4800/5004: loss=2.486955
  step 4900/5004: loss=3.140180
W0000 00:00:1789332369.359509 2494650 prefetch_autotuner.cc:55] Prefetch autotuner tried to allocate 91453 bytes after encountering the first element of size 91453 bytes.This already causes the autotune ram budget to be exceeded. To stay within the ram budget, either increase the ram budget or reduce element size
  step 5000/5004: loss=2.470348
[pjrt_ffi] RESIDENT: @efficientnetin_fwd_eval holds 311 parameter tensors (20.3 MB) on 1 device; they stop crossing PCIe from here
Epoch 100/350: loss=2.751673 lr=0.004792
  epoch 100: test_acc = 36415/50000 = 72.830000%  top5 = 45535/50000 = 91.070000%  [95% CI 72.44–73.22]
    BN companion -> .lake/build/efficientnetin_emarmsdp64dropdobf16_ckpt_xla.bin.bn (42016 floats x 2, hash 6389281451019390493)
  step 0/5004: loss=2.703445
  step 1/5004: loss=2.723654
  step 2/5004: loss=2.713957
  step 100/5004: loss=2.558936
  step 200/5004: loss=2.641911
  step 300/5004: loss=2.586489
  step 400/5004: loss=2.512926
  step 500/5004: loss=2.488454
  step 600/5004: loss=2.518790
  step 700/5004: loss=2.692434
  step 800/5004: loss=2.970923
  step 900/5004: loss=2.310139
  step 1000/5004: loss=2.796840
  step 1100/5004: loss=2.779911
  step 1200/5004: loss=2.588511
  step 1300/5004: loss=2.525508
  step 1400/5004: loss=2.943472
  step 1500/5004: loss=2.848609
  step 1600/5004: loss=2.789920
  step 1700/5004: loss=2.368743
  step 1800/5004: loss=3.024136
  step 1900/5004: loss=2.812401
  step 2000/5004: loss=2.526598
  step 2100/5004: loss=2.706754
  step 2200/5004: loss=2.697841
  step 2300/5004: loss=2.716516
  step 2400/5004: loss=2.925772
  step 2500/5004: loss=2.640738
  step 2600/5004: loss=2.637309
  step 2700/5004: loss=2.545578
  step 2800/5004: loss=2.612956
  step 2900/5004: loss=3.112572
  step 3000/5004: loss=2.559779
  step 3100/5004: loss=2.730547
  step 3200/5004: loss=2.717350
  step 3300/5004: loss=2.806230
  step 3400/5004: loss=2.507549
  step 3500/5004: loss=2.415236
  step 3600/5004: loss=2.612178
  step 3700/5004: loss=2.672736
  step 3800/5004: loss=2.781789
  step 3900/5004: loss=3.445773
  step 4000/5004: loss=2.479985
  step 4100/5004: loss=3.202746
  step 4200/5004: loss=2.974211
  step 4300/5004: loss=2.837562
  step 4400/5004: loss=2.681880
  step 4500/5004: loss=2.465335
  step 4600/5004: loss=2.996081
  step 4700/5004: loss=2.851639
  step 4800/5004: loss=2.693264
  step 4900/5004: loss=2.396914
W0000 00:00:1789333047.603668 2493485 prefetch_autotuner.cc:55] Prefetch autotuner tried to allocate 91453 bytes after encountering the first element of size 91453 bytes.This already causes the autotune ram budget to be exceeded. To stay within the ram budget, either increase the ram budget or reduce element size
W0000 00:00:1789333048.443099 2494650 prefetch_autotuner.cc:55] Prefetch autotuner tried to allocate 91453 bytes after encountering the first element of size 91453 bytes.This already causes the autotune ram budget to be exceeded. To stay within the ram budget, either increase the ram budget or reduce element size
  step 5000/5004: loss=3.134014
[pjrt_ffi] RESIDENT: @efficientnetin_fwd_eval holds 311 parameter tensors (20.3 MB) on 1 device; they stop crossing PCIe from here
Epoch 101/350: loss=2.747424 lr=0.004731
  epoch 101: test_acc = 36451/50000 = 72.902000%  top5 = 45505/50000 = 91.010000%  [95% CI 72.51–73.29]
    BN companion -> .lake/build/efficientnetin_emarmsdp64dropdobf16_ckpt_xla.bin.bn (42016 floats x 2, hash 6011494513754411428)
  step 0/5004: loss=2.907038
  step 1/5004: loss=3.131139
  step 2/5004: loss=2.963048
  step 100/5004: loss=2.789251
  step 200/5004: loss=3.239249
  step 300/5004: loss=2.833444
  step 400/5004: loss=2.693815
  step 500/5004: loss=2.774916
  step 600/5004: loss=2.896596
  step 700/5004: loss=2.749929
  step 800/5004: loss=2.926790
  step 900/5004: loss=2.940905
  step 1000/5004: loss=2.991092
  step 1100/5004: loss=2.681468
  step 1200/5004: loss=2.616736
  step 1300/5004: loss=2.486121
  step 1400/5004: loss=2.628484
  step 1500/5004: loss=2.973803
  step 1600/5004: loss=2.851687
  step 1700/5004: loss=2.657588
  step 1800/5004: loss=2.468433
  step 1900/5004: loss=3.009084
  step 2000/5004: loss=3.049909
  step 2100/5004: loss=2.295590
  step 2200/5004: loss=2.807327
  step 2300/5004: loss=2.490464
  step 2400/5004: loss=2.612142
  step 2500/5004: loss=2.487458
  step 2600/5004: loss=2.513588
  step 2700/5004: loss=2.738230
  step 2800/5004: loss=2.890172
  step 2900/5004: loss=2.766056
  step 3000/5004: loss=2.733874
  step 3100/5004: loss=2.664919
  step 3200/5004: loss=3.111557
  step 3300/5004: loss=2.532222
  step 3400/5004: loss=2.860481
  step 3500/5004: loss=2.675296
  step 3600/5004: loss=2.814078
  step 3700/5004: loss=2.844671
  step 3800/5004: loss=2.653617
  step 3900/5004: loss=2.804679
  step 4000/5004: loss=2.728024
  step 4100/5004: loss=2.538373
  step 4200/5004: loss=2.651435
  step 4300/5004: loss=2.499861
  step 4400/5004: loss=2.828536
  step 4500/5004: loss=2.855850
  step 4600/5004: loss=2.809769
  step 4700/5004: loss=2.877380
  step 4800/5004: loss=2.574311
  step 4900/5004: loss=2.950102
W0000 00:00:1789333738.300032 2494650 prefetch_autotuner.cc:55] Prefetch autotuner tried to allocate 91453 bytes after encountering the first element of size 91453 bytes.This already causes the autotune ram budget to be exceeded. To stay within the ram budget, either increase the ram budget or reduce element size
W0000 00:00:1789333738.426057 2493485 prefetch_autotuner.cc:55] Prefetch autotuner tried to allocate 91453 bytes after encountering the first element of size 91453 bytes.This already causes the autotune ram budget to be exceeded. To stay within the ram budget, either increase the ram budget or reduce element size
  step 5000/5004: loss=2.891568
[pjrt_ffi] RESIDENT: @efficientnetin_fwd_eval holds 311 parameter tensors (20.3 MB) on 1 device; they stop crossing PCIe from here
Epoch 102/350: loss=2.748745 lr=0.004672
  epoch 102: test_acc = 36471/50000 = 72.942000%  top5 = 45512/50000 = 91.024000%  [95% CI 72.55–73.33]
    BN companion -> .lake/build/efficientnetin_emarmsdp64dropdobf16_ckpt_xla.bin.bn (42016 floats x 2, hash 9422057693745561413)
  step 0/5004: loss=2.251636
  step 1/5004: loss=2.745543
  step 2/5004: loss=2.857527
  step 100/5004: loss=2.417539
  step 200/5004: loss=2.653213
  step 300/5004: loss=2.657391
  step 400/5004: loss=2.745744
  step 500/5004: loss=2.784185
  step 600/5004: loss=2.492780
  step 700/5004: loss=2.619320
  step 800/5004: loss=2.839353
  step 900/5004: loss=2.585305
  step 1000/5004: loss=2.737288
  step 1100/5004: loss=2.778409
  step 1200/5004: loss=2.722948
  step 1300/5004: loss=2.587116
  step 1400/5004: loss=2.688870
  step 1500/5004: loss=3.039032
  step 1600/5004: loss=3.145360
  step 1700/5004: loss=2.450929
  step 1800/5004: loss=3.033148
  step 1900/5004: loss=2.894854
  step 2000/5004: loss=2.820372
  step 2100/5004: loss=2.835587
  step 2200/5004: loss=2.519793
  step 2300/5004: loss=2.676625
  step 2400/5004: loss=2.792557
  step 2500/5004: loss=2.627354
  step 2600/5004: loss=2.687968
  step 2700/5004: loss=3.323648
  step 2800/5004: loss=2.382197
  step 2900/5004: loss=3.025610
  step 3000/5004: loss=2.579823
  step 3100/5004: loss=2.991911
  step 3200/5004: loss=2.351690
  step 3300/5004: loss=2.488198
  step 3400/5004: loss=2.688391
  step 3500/5004: loss=2.730867
  step 3600/5004: loss=2.834430
  step 3700/5004: loss=2.507784
  step 3800/5004: loss=2.641854
  step 3900/5004: loss=2.721239
  step 4000/5004: loss=2.323364
  step 4100/5004: loss=2.661818
  step 4200/5004: loss=2.489974
  step 4300/5004: loss=2.399905
  step 4400/5004: loss=2.980273
  step 4500/5004: loss=2.624333
  step 4600/5004: loss=2.812712
  step 4700/5004: loss=2.325191
  step 4800/5004: loss=2.684973
  step 4900/5004: loss=2.903377
W0000 00:00:1789334455.437966 2494650 prefetch_autotuner.cc:55] Prefetch autotuner tried to allocate 91453 bytes after encountering the first element of size 91453 bytes.This already causes the autotune ram budget to be exceeded. To stay within the ram budget, either increase the ram budget or reduce element size
  step 5000/5004: loss=2.711092
[pjrt_ffi] RESIDENT: @efficientnetin_fwd_eval holds 311 parameter tensors (20.3 MB) on 1 device; they stop crossing PCIe from here
Epoch 103/350: loss=2.734283 lr=0.004613
  epoch 103: test_acc = 36486/50000 = 72.972000%  top5 = 45550/50000 = 91.100000%  [95% CI 72.58–73.36]
    BN companion -> .lake/build/efficientnetin_emarmsdp64dropdobf16_ckpt_xla.bin.bn (42016 floats x 2, hash 2179899277392492657)
  step 0/5004: loss=2.764938
  step 1/5004: loss=2.841196
  step 2/5004: loss=2.963251
  step 100/5004: loss=2.868689
  step 200/5004: loss=2.567546
  step 300/5004: loss=2.634617
  step 400/5004: loss=2.897606
  step 500/5004: loss=2.488825
  step 600/5004: loss=2.525459
  step 700/5004: loss=2.656331
  step 800/5004: loss=2.528552
  step 900/5004: loss=2.605504
  step 1000/5004: loss=2.716625
  step 1100/5004: loss=2.944770
  step 1200/5004: loss=2.503528
  step 1300/5004: loss=2.747642
  step 1400/5004: loss=3.179241
  step 1500/5004: loss=2.759323
  step 1600/5004: loss=2.325052
  step 1700/5004: loss=2.735271
  step 1800/5004: loss=2.816340
  step 1900/5004: loss=2.635108
  step 2000/5004: loss=2.789943
  step 2100/5004: loss=2.358762
  step 2200/5004: loss=2.782840
  step 2300/5004: loss=2.936053
  step 2400/5004: loss=2.807590
  step 2500/5004: loss=2.575577
  step 2600/5004: loss=2.978875
  step 2700/5004: loss=3.336132
  step 2800/5004: loss=2.619509
  step 2900/5004: loss=3.016689
  step 3000/5004: loss=2.498296
  step 3100/5004: loss=2.845976
  step 3200/5004: loss=2.415673
  step 3300/5004: loss=2.983288
  step 3400/5004: loss=2.636254
  step 3500/5004: loss=2.577377
  step 3600/5004: loss=2.380888
  step 3700/5004: loss=2.936825
  step 3800/5004: loss=2.650351
  step 3900/5004: loss=3.081877
  step 4000/5004: loss=2.901489
  step 4100/5004: loss=2.619956
  step 4200/5004: loss=3.088276
  step 4300/5004: loss=2.527127
  step 4400/5004: loss=2.805605
  step 4500/5004: loss=2.617980
  step 4600/5004: loss=2.750981
  step 4700/5004: loss=2.343466
  step 4800/5004: loss=2.701332
  step 4900/5004: loss=2.600028
W0000 00:00:1789335148.717570 2494650 prefetch_autotuner.cc:55] Prefetch autotuner tried to allocate 91453 bytes after encountering the first element of size 91453 bytes.This already causes the autotune ram budget to be exceeded. To stay within the ram budget, either increase the ram budget or reduce element size
W0000 00:00:1789335151.141857 2493671 prefetch_autotuner.cc:55] Prefetch autotuner tried to allocate 91453 bytes after encountering the first element of size 91453 bytes.This already causes the autotune ram budget to be exceeded. To stay within the ram budget, either increase the ram budget or reduce element size
  step 5000/5004: loss=3.103800
[pjrt_ffi] RESIDENT: @efficientnetin_fwd_eval holds 311 parameter tensors (20.3 MB) on 1 device; they stop crossing PCIe from here
Epoch 104/350: loss=2.734210 lr=0.004555
  epoch 104: test_acc = 36512/50000 = 73.024000%  top5 = 45563/50000 = 91.126000%  [95% CI 72.63–73.41]
    BN companion -> .lake/build/efficientnetin_emarmsdp64dropdobf16_ckpt_xla.bin.bn (42016 floats x 2, hash 8635264126889242166)
  step 0/5004: loss=2.900280
  step 1/5004: loss=2.487610
  step 2/5004: loss=2.555726
  step 100/5004: loss=2.486897
  step 200/5004: loss=2.665671
  step 300/5004: loss=2.604012
  step 400/5004: loss=2.696435
  step 500/5004: loss=2.973166
  step 600/5004: loss=3.051627
  step 700/5004: loss=2.747906
  step 800/5004: loss=2.901473
  step 900/5004: loss=2.843453
  step 1000/5004: loss=2.497089
  step 1100/5004: loss=2.657131
  step 1200/5004: loss=2.734834
  step 1300/5004: loss=2.847525
  step 1400/5004: loss=2.790632
  step 1500/5004: loss=2.632892
  step 1600/5004: loss=2.684011
  step 1700/5004: loss=2.533625
  step 1800/5004: loss=2.965272
  step 1900/5004: loss=2.469233
  step 2000/5004: loss=2.736743
  step 2100/5004: loss=2.642325
  step 2200/5004: loss=2.503640
  step 2300/5004: loss=2.655541
  step 2400/5004: loss=2.636697
  step 2500/5004: loss=2.742756
  step 2600/5004: loss=2.827308
  step 2700/5004: loss=2.701244
  step 2800/5004: loss=2.742553
  step 2900/5004: loss=2.797738
  step 3000/5004: loss=2.713090
  step 3100/5004: loss=2.615936
  step 3200/5004: loss=2.856103
  step 3300/5004: loss=3.161147
  step 3400/5004: loss=2.816543
  step 3500/5004: loss=2.804964
  step 3600/5004: loss=2.798407
  step 3700/5004: loss=2.713166
  step 3800/5004: loss=2.592787
  step 3900/5004: loss=2.751493
  step 4000/5004: loss=2.810485
  step 4100/5004: loss=2.384528
  step 4200/5004: loss=2.786007
  step 4300/5004: loss=2.908267
  step 4400/5004: loss=2.521059
  step 4500/5004: loss=2.811125
  step 4600/5004: loss=2.466196
  step 4700/5004: loss=2.716141
  step 4800/5004: loss=2.339242
  step 4900/5004: loss=2.554774
W0000 00:00:1789335879.374462 2494650 prefetch_autotuner.cc:55] Prefetch autotuner tried to allocate 91453 bytes after encountering the first element of size 91453 bytes.This already causes the autotune ram budget to be exceeded. To stay within the ram budget, either increase the ram budget or reduce element size
W0000 00:00:1789335879.401454 2493671 prefetch_autotuner.cc:55] Prefetch autotuner tried to allocate 91453 bytes after encountering the first element of size 91453 bytes.This already causes the autotune ram budget to be exceeded. To stay within the ram budget, either increase the ram budget or reduce element size
  step 5000/5004: loss=2.728799
[pjrt_ffi] RESIDENT: @efficientnetin_fwd_eval holds 311 parameter tensors (20.3 MB) on 1 device; they stop crossing PCIe from here
Epoch 105/350: loss=2.733647 lr=0.004497
  epoch 105: test_acc = 36533/50000 = 73.066000%  top5 = 45578/50000 = 91.156000%  [95% CI 72.68–73.45]
    BN companion -> .lake/build/efficientnetin_emarmsdp64dropdobf16_ckpt_xla.bin.bn (42016 floats x 2, hash 17142454111239673435)
  step 0/5004: loss=2.668028
  step 1/5004: loss=2.597251
  step 2/5004: loss=2.668289
  step 100/5004: loss=2.548206
  step 200/5004: loss=2.387716
  step 300/5004: loss=2.626904
  step 400/5004: loss=2.718682
  step 500/5004: loss=2.629827
  step 600/5004: loss=2.373729
  step 700/5004: loss=2.488353
  step 800/5004: loss=2.550631
  step 900/5004: loss=3.039869
  step 1000/5004: loss=2.872316
  step 1100/5004: loss=2.641178
  step 1200/5004: loss=2.481969
  step 1300/5004: loss=2.914277
  step 1400/5004: loss=2.429982
  step 1500/5004: loss=2.846026
  step 1600/5004: loss=3.171600
  step 1700/5004: loss=3.137065
  step 1800/5004: loss=2.562840
  step 1900/5004: loss=3.102487
  step 2000/5004: loss=3.008179
  step 2100/5004: loss=2.539567
  step 2200/5004: loss=2.737724
  step 2300/5004: loss=2.802426
  step 2400/5004: loss=2.926545
  step 2500/5004: loss=2.797077
  step 2600/5004: loss=2.689507
  step 2700/5004: loss=2.538311
  step 2800/5004: loss=2.802168
  step 2900/5004: loss=2.701064
  step 3000/5004: loss=2.908167
  step 3100/5004: loss=2.677203
  step 3200/5004: loss=3.189575
  step 3300/5004: loss=2.613475
  step 3400/5004: loss=2.495879
  step 3500/5004: loss=2.831983
  step 3600/5004: loss=2.322031
  step 3700/5004: loss=2.428984
  step 3800/5004: loss=2.962562
  step 3900/5004: loss=2.633586
  step 4000/5004: loss=2.702042
  step 4100/5004: loss=2.484391
  step 4200/5004: loss=2.883967
  step 4300/5004: loss=2.514304
  step 4400/5004: loss=2.847520
  step 4500/5004: loss=2.600799
  step 4600/5004: loss=2.616679
  step 4700/5004: loss=2.971932
  step 4800/5004: loss=2.623459
  step 4900/5004: loss=2.712028
W0000 00:00:1789336724.898456 2493671 prefetch_autotuner.cc:55] Prefetch autotuner tried to allocate 91453 bytes after encountering the first element of size 91453 bytes.This already causes the autotune ram budget to be exceeded. To stay within the ram budget, either increase the ram budget or reduce element size
W0000 00:00:1789336724.952489 2494650 prefetch_autotuner.cc:55] Prefetch autotuner tried to allocate 91453 bytes after encountering the first element of size 91453 bytes.This already causes the autotune ram budget to be exceeded. To stay within the ram budget, either increase the ram budget or reduce element size
  step 5000/5004: loss=3.227211
[pjrt_ffi] RESIDENT: @efficientnetin_fwd_eval holds 311 parameter tensors (20.3 MB) on 1 device; they stop crossing PCIe from here
Epoch 106/350: loss=2.730600 lr=0.004440
  epoch 106: test_acc = 36500/50000 = 73.000000%  top5 = 45576/50000 = 91.152000%  [95% CI 72.61–73.39]
    BN companion -> .lake/build/efficientnetin_emarmsdp64dropdobf16_ckpt_xla.bin.bn (42016 floats x 2, hash 8877994178992335446)
  step 0/5004: loss=2.620698
  step 1/5004: loss=3.057962
  step 2/5004: loss=2.952012
  step 100/5004: loss=2.722166
  step 200/5004: loss=3.260400
  step 300/5004: loss=2.814355
  step 400/5004: loss=2.657228
  step 500/5004: loss=2.948147
  step 600/5004: loss=2.687713
  step 700/5004: loss=2.736716
  step 800/5004: loss=3.069005
  step 900/5004: loss=2.718533
  step 1000/5004: loss=2.540482
  step 1100/5004: loss=2.733666
  step 1200/5004: loss=2.500729
  step 1300/5004: loss=2.790605
  step 1400/5004: loss=2.604076
  step 1500/5004: loss=2.608713
  step 1600/5004: loss=2.629562
  step 1700/5004: loss=2.668127
  step 1800/5004: loss=2.710100
  step 1900/5004: loss=2.972761
  step 2000/5004: loss=3.018376
  step 2100/5004: loss=2.796059
  step 2200/5004: loss=2.790010
  step 2300/5004: loss=2.824942
  step 2400/5004: loss=2.873512
  step 2500/5004: loss=2.813573
  step 2600/5004: loss=3.251015
  step 2700/5004: loss=2.682169
  step 2800/5004: loss=2.559120
  step 2900/5004: loss=3.043669
  step 3000/5004: loss=2.532319
  step 3100/5004: loss=2.692865
  step 3200/5004: loss=2.966459
  step 3300/5004: loss=2.934031
  step 3400/5004: loss=2.511304
  step 3500/5004: loss=2.804526
  step 3600/5004: loss=2.719870
  step 3700/5004: loss=2.695260
  step 3800/5004: loss=3.088888
  step 3900/5004: loss=2.636034
  step 4000/5004: loss=3.097628
  step 4100/5004: loss=2.736484
  step 4200/5004: loss=2.580342
  step 4300/5004: loss=3.331469
  step 4400/5004: loss=2.580661
  step 4500/5004: loss=2.410425
  step 4600/5004: loss=2.283251
  step 4700/5004: loss=2.892392
  step 4800/5004: loss=2.892122
  step 4900/5004: loss=2.745360
W0000 00:00:1789337410.218650 2493485 prefetch_autotuner.cc:55] Prefetch autotuner tried to allocate 91453 bytes after encountering the first element of size 91453 bytes.This already causes the autotune ram budget to be exceeded. To stay within the ram budget, either increase the ram budget or reduce element size
W0000 00:00:1789337410.412701 2494650 prefetch_autotuner.cc:55] Prefetch autotuner tried to allocate 91453 bytes after encountering the first element of size 91453 bytes.This already causes the autotune ram budget to be exceeded. To stay within the ram budget, either increase the ram budget or reduce element size
  step 5000/5004: loss=2.998627
[pjrt_ffi] RESIDENT: @efficientnetin_fwd_eval holds 311 parameter tensors (20.3 MB) on 1 device; they stop crossing PCIe from here
Epoch 107/350: loss=2.725258 lr=0.004384
  epoch 107: test_acc = 36557/50000 = 73.114000%  top5 = 45588/50000 = 91.176000%  [95% CI 72.72–73.50]
    BN companion -> .lake/build/efficientnetin_emarmsdp64dropdobf16_ckpt_xla.bin.bn (42016 floats x 2, hash 12607655497481065918)
  step 0/5004: loss=2.542726
  step 1/5004: loss=2.526772
  step 2/5004: loss=2.838380
  step 100/5004: loss=2.576266
  step 200/5004: loss=2.665496
  step 300/5004: loss=3.100978
  step 400/5004: loss=2.668624
  step 500/5004: loss=2.706164
  step 600/5004: loss=2.758819
  step 700/5004: loss=2.720421
  step 800/5004: loss=2.566332
  step 900/5004: loss=2.867674
  step 1000/5004: loss=3.194057
  step 1100/5004: loss=2.311434
  step 1200/5004: loss=2.784935
  step 1300/5004: loss=2.561579
  step 1400/5004: loss=2.877420
  step 1500/5004: loss=2.667175
  step 1600/5004: loss=2.849104
  step 1700/5004: loss=2.617740
  step 1800/5004: loss=2.858312
  step 1900/5004: loss=2.731741
  step 2000/5004: loss=2.811453
  step 2100/5004: loss=2.753953
  step 2200/5004: loss=3.144804
  step 2300/5004: loss=2.797448
  step 2400/5004: loss=2.656224
  step 2500/5004: loss=2.815085
  step 2600/5004: loss=2.826010
  step 2700/5004: loss=2.723436
  step 2800/5004: loss=2.620695
  step 2900/5004: loss=2.784246
  step 3000/5004: loss=2.777919
  step 3100/5004: loss=2.991898
  step 3200/5004: loss=2.611882
  step 3300/5004: loss=2.748646
  step 3400/5004: loss=2.775455
  step 3500/5004: loss=2.656646
  step 3600/5004: loss=2.380607
  step 3700/5004: loss=2.872087
  step 3800/5004: loss=2.733901
  step 3900/5004: loss=2.492236
  step 4000/5004: loss=2.467400
  step 4100/5004: loss=2.737782
  step 4200/5004: loss=2.312046
  step 4300/5004: loss=2.572637
  step 4400/5004: loss=2.451653
  step 4500/5004: loss=2.916949
  step 4600/5004: loss=2.499893
  step 4700/5004: loss=2.599300
  step 4800/5004: loss=2.926207
  step 4900/5004: loss=2.687455
W0000 00:00:1789338512.308429 2494650 prefetch_autotuner.cc:55] Prefetch autotuner tried to allocate 91453 bytes after encountering the first element of size 91453 bytes.This already causes the autotune ram budget to be exceeded. To stay within the ram budget, either increase the ram budget or reduce element size
  step 5000/5004: loss=2.855807
[pjrt_ffi] RESIDENT: @efficientnetin_fwd_eval holds 311 parameter tensors (20.3 MB) on 1 device; they stop crossing PCIe from here
Epoch 108/350: loss=2.725490 lr=0.004329
  epoch 108: test_acc = 36561/50000 = 73.122000%  top5 = 45606/50000 = 91.212000%  [95% CI 72.73–73.51]
    BN companion -> .lake/build/efficientnetin_emarmsdp64dropdobf16_ckpt_xla.bin.bn (42016 floats x 2, hash 10638253827455878539)
  step 0/5004: loss=2.732217
  step 1/5004: loss=2.990789
  step 2/5004: loss=2.529879
  step 100/5004: loss=2.660878
  step 200/5004: loss=2.834487
  step 300/5004: loss=2.577938
  step 400/5004: loss=2.554020
  step 500/5004: loss=3.149203
  step 600/5004: loss=2.791751
  step 700/5004: loss=2.729536
  step 800/5004: loss=2.951781
  step 900/5004: loss=2.408813
  step 1000/5004: loss=2.569571
  step 1100/5004: loss=2.760956
  step 1200/5004: loss=2.425960
  step 1300/5004: loss=2.901426
  step 1400/5004: loss=2.624982
  step 1500/5004: loss=2.703304
  step 1600/5004: loss=2.889690
  step 1700/5004: loss=2.547746
  step 1800/5004: loss=2.991813
  step 1900/5004: loss=2.767318
  step 2000/5004: loss=2.560941
  step 2100/5004: loss=2.925200
  step 2200/5004: loss=3.200010
  step 2300/5004: loss=2.255899
  step 2400/5004: loss=2.634929
  step 2500/5004: loss=2.734688
  step 2600/5004: loss=2.837668
  step 2700/5004: loss=3.076892
  step 2800/5004: loss=2.257979
  step 2900/5004: loss=2.810765
  step 3000/5004: loss=2.552168
  step 3100/5004: loss=2.663031
  step 3200/5004: loss=2.593687
  step 3300/5004: loss=2.555952
  step 3400/5004: loss=2.607032
  step 3500/5004: loss=2.615482
  step 3600/5004: loss=2.702632
  step 3700/5004: loss=2.953824
  step 3800/5004: loss=2.814433
  step 3900/5004: loss=2.494652
  step 4000/5004: loss=3.096712
  step 4100/5004: loss=2.636469
  step 4200/5004: loss=2.674347
  step 4300/5004: loss=2.737795
  step 4400/5004: loss=2.554762
  step 4500/5004: loss=2.914067
  step 4600/5004: loss=2.868419
  step 4700/5004: loss=3.080103
  step 4800/5004: loss=2.909293
  step 4900/5004: loss=2.624952
W0000 00:00:1789339477.469964 2494650 prefetch_autotuner.cc:55] Prefetch autotuner tried to allocate 91453 bytes after encountering the first element of size 91453 bytes.This already causes the autotune ram budget to be exceeded. To stay within the ram budget, either increase the ram budget or reduce element size
W0000 00:00:1789339482.016708 2493671 prefetch_autotuner.cc:55] Prefetch autotuner tried to allocate 91453 bytes after encountering the first element of size 91453 bytes.This already causes the autotune ram budget to be exceeded. To stay within the ram budget, either increase the ram budget or reduce element size
  step 5000/5004: loss=2.978509
[pjrt_ffi] RESIDENT: @efficientnetin_fwd_eval holds 311 parameter tensors (20.3 MB) on 1 device; they stop crossing PCIe from here
Epoch 109/350: loss=2.719192 lr=0.004275
  epoch 109: test_acc = 36623/50000 = 73.246000%  top5 = 45619/50000 = 91.238000%  [95% CI 72.86–73.63]
    BN companion -> .lake/build/efficientnetin_emarmsdp64dropdobf16_ckpt_xla.bin.bn (42016 floats x 2, hash 12127794997711662289)
  step 0/5004: loss=3.017600
  step 1/5004: loss=2.409434
  step 2/5004: loss=2.481279
  step 100/5004: loss=2.558953
  step 200/5004: loss=2.836257
  step 300/5004: loss=2.564641
  step 400/5004: loss=2.199730
  step 500/5004: loss=3.228240
  step 600/5004: loss=2.866420
  step 700/5004: loss=2.816273
  step 800/5004: loss=2.599454
  step 900/5004: loss=2.810424
  step 1000/5004: loss=3.187829
  step 1100/5004: loss=2.690557
  step 1200/5004: loss=2.631989
  step 1300/5004: loss=2.677167
  step 1400/5004: loss=2.961559
  step 1500/5004: loss=2.400966
  step 1600/5004: loss=2.830725
  step 1700/5004: loss=2.850099
  step 1800/5004: loss=2.644715
  step 1900/5004: loss=2.752306
  step 2000/5004: loss=2.873110
  step 2100/5004: loss=2.725262
  step 2200/5004: loss=2.469374
  step 2300/5004: loss=2.420402
  step 2400/5004: loss=2.680558
  step 2500/5004: loss=2.602651
  step 2600/5004: loss=2.438526
  step 2700/5004: loss=2.780159
  step 2800/5004: loss=2.805587
  step 2900/5004: loss=2.676928
  step 3000/5004: loss=2.835913
  step 3100/5004: loss=2.574099
  step 3200/5004: loss=2.482456
  step 3300/5004: loss=2.839005
  step 3400/5004: loss=3.035084
  step 3500/5004: loss=2.831242
  step 3600/5004: loss=2.625046
  step 3700/5004: loss=2.655615
  step 3800/5004: loss=2.922973
  step 3900/5004: loss=2.768455
  step 4000/5004: loss=2.730006
  step 4100/5004: loss=2.575001
  step 4200/5004: loss=2.641443
  step 4300/5004: loss=2.460593
  step 4400/5004: loss=2.633017
  step 4500/5004: loss=2.935735
  step 4600/5004: loss=3.074092
  step 4700/5004: loss=2.728010
  step 4800/5004: loss=2.850352
  step 4900/5004: loss=2.620917
W0000 00:00:1789340804.600024 2494650 prefetch_autotuner.cc:55] Prefetch autotuner tried to allocate 91453 bytes after encountering the first element of size 91453 bytes.This already causes the autotune ram budget to be exceeded. To stay within the ram budget, either increase the ram budget or reduce element size
  step 5000/5004: loss=2.598264
[pjrt_ffi] RESIDENT: @efficientnetin_fwd_eval holds 311 parameter tensors (20.3 MB) on 1 device; they stop crossing PCIe from here
Epoch 110/350: loss=2.718768 lr=0.004221
  epoch 110: test_acc = 36650/50000 = 73.300000%  top5 = 45637/50000 = 91.274000%  [95% CI 72.91–73.69]
    BN companion -> .lake/build/efficientnetin_emarmsdp64dropdobf16_ckpt_xla.bin.bn (42016 floats x 2, hash 5801389256221344629)
  step 0/5004: loss=2.770371
  step 1/5004: loss=2.801093
  step 2/5004: loss=2.768398
  step 100/5004: loss=2.795574
  step 200/5004: loss=2.984900
  step 300/5004: loss=2.844489
  step 400/5004: loss=2.935263
  step 500/5004: loss=2.669118
  step 600/5004: loss=2.415651
  step 700/5004: loss=2.827639
  step 800/5004: loss=3.308355
  step 900/5004: loss=2.556732
  step 1000/5004: loss=2.661477
  step 1100/5004: loss=2.775708
  step 1200/5004: loss=2.380731
  step 1300/5004: loss=2.658968
  step 1400/5004: loss=2.457294
  step 1500/5004: loss=3.117390
  step 1600/5004: loss=2.837388
  step 1700/5004: loss=2.707189
  step 1800/5004: loss=2.733093
  step 1900/5004: loss=2.742284
  step 2000/5004: loss=2.962682
  step 2100/5004: loss=2.990191
  step 2200/5004: loss=2.629403
  step 2300/5004: loss=2.625415
  step 2400/5004: loss=2.611267
  step 2500/5004: loss=2.783116
  step 2600/5004: loss=2.793726
  step 2700/5004: loss=2.434393
  step 2800/5004: loss=2.756866
  step 2900/5004: loss=2.471059
  step 3000/5004: loss=2.934418
  step 3100/5004: loss=2.886690
  step 3200/5004: loss=2.500905
  step 3300/5004: loss=2.430307
  step 3400/5004: loss=2.465703
  step 3500/5004: loss=2.311024
  step 3600/5004: loss=2.600202
  step 3700/5004: loss=2.960830
  step 3800/5004: loss=3.008021
  step 3900/5004: loss=2.489717
  step 4000/5004: loss=2.380818
  step 4100/5004: loss=2.971020
  step 4200/5004: loss=2.871846
  step 4300/5004: loss=2.195004
  step 4400/5004: loss=2.644799
  step 4500/5004: loss=2.601579
  step 4600/5004: loss=2.397070
  step 4700/5004: loss=2.266918
  step 4800/5004: loss=2.903947
  step 4900/5004: loss=2.596086
W0000 00:00:1789342147.293478 2494650 prefetch_autotuner.cc:55] Prefetch autotuner tried to allocate 91453 bytes after encountering the first element of size 91453 bytes.This already causes the autotune ram budget to be exceeded. To stay within the ram budget, either increase the ram budget or reduce element size
W0000 00:00:1789342151.750500 2493671 prefetch_autotuner.cc:55] Prefetch autotuner tried to allocate 91453 bytes after encountering the first element of size 91453 bytes.This already causes the autotune ram budget to be exceeded. To stay within the ram budget, either increase the ram budget or reduce element size
  step 5000/5004: loss=2.507184
[pjrt_ffi] RESIDENT: @efficientnetin_fwd_eval holds 311 parameter tensors (20.3 MB) on 1 device; they stop crossing PCIe from here
Epoch 111/350: loss=2.713916 lr=0.004167
  epoch 111: test_acc = 36693/50000 = 73.386000%  top5 = 45655/50000 = 91.310000%  [95% CI 73.00–73.77]
    BN companion -> .lake/build/efficientnetin_emarmsdp64dropdobf16_ckpt_xla.bin.bn (42016 floats x 2, hash 16426753109720101593)
  step 0/5004: loss=2.540039
  step 1/5004: loss=2.827496
  step 2/5004: loss=2.758733
  step 100/5004: loss=2.536844
  step 200/5004: loss=3.158257
  step 300/5004: loss=2.587108
  step 400/5004: loss=2.720471
  step 500/5004: loss=2.849972
  step 600/5004: loss=2.641576
  step 700/5004: loss=2.878615
  step 800/5004: loss=3.073031
  step 900/5004: loss=2.836240
  step 1000/5004: loss=2.455472
  step 1100/5004: loss=2.831060
  step 1200/5004: loss=2.913167
  step 1300/5004: loss=2.590729
  step 1400/5004: loss=2.837163
  step 1500/5004: loss=2.982553
  step 1600/5004: loss=3.064407
  step 1700/5004: loss=2.205784
  step 1800/5004: loss=2.400083
  step 1900/5004: loss=2.556147
  step 2000/5004: loss=2.621711
  step 2100/5004: loss=2.772708
  step 2200/5004: loss=2.763857
  step 2300/5004: loss=2.177632
  step 2400/5004: loss=2.795363
  step 2500/5004: loss=2.829902
  step 2600/5004: loss=2.808302
  step 2700/5004: loss=2.961004
  step 2800/5004: loss=2.795307
  step 2900/5004: loss=3.005942
  step 3000/5004: loss=2.965832
  step 3100/5004: loss=2.850082
  step 3200/5004: loss=2.833366
  step 3300/5004: loss=2.948022
  step 3400/5004: loss=2.788842
  step 3500/5004: loss=2.946969
  step 3600/5004: loss=2.390362
  step 3700/5004: loss=2.668872
  step 3800/5004: loss=2.775480
  step 3900/5004: loss=2.631526
  step 4000/5004: loss=3.074400
  step 4100/5004: loss=2.851547
  step 4200/5004: loss=2.705463
  step 4300/5004: loss=2.571304
  step 4400/5004: loss=2.294157
  step 4500/5004: loss=3.038852
  step 4600/5004: loss=2.639241
  step 4700/5004: loss=2.744447
  step 4800/5004: loss=2.673183
  step 4900/5004: loss=2.526866
W0000 00:00:1789343273.873124 2494650 prefetch_autotuner.cc:55] Prefetch autotuner tried to allocate 91453 bytes after encountering the first element of size 91453 bytes.This already causes the autotune ram budget to be exceeded. To stay within the ram budget, either increase the ram budget or reduce element size
  step 5000/5004: loss=2.594066
[pjrt_ffi] RESIDENT: @efficientnetin_fwd_eval holds 311 parameter tensors (20.3 MB) on 1 device; they stop crossing PCIe from here
Epoch 112/350: loss=2.710525 lr=0.004115
  epoch 112: test_acc = 36626/50000 = 73.252000%  top5 = 45647/50000 = 91.294000%  [95% CI 72.86–73.64]
    BN companion -> .lake/build/efficientnetin_emarmsdp64dropdobf16_ckpt_xla.bin.bn (42016 floats x 2, hash 9697748014344633385)
  step 0/5004: loss=3.008096
  step 1/5004: loss=2.676091
  step 2/5004: loss=2.801483
  step 100/5004: loss=2.871292
  step 200/5004: loss=2.697360
  step 300/5004: loss=2.692800
  step 400/5004: loss=2.780603
  step 500/5004: loss=2.862163
  step 600/5004: loss=2.659484
  step 700/5004: loss=2.788351
  step 800/5004: loss=2.759734
  step 900/5004: loss=2.878310
  step 1000/5004: loss=2.887937
  step 1100/5004: loss=2.957392
  step 1200/5004: loss=2.702586
  step 1300/5004: loss=2.594508
  step 1400/5004: loss=2.826203
  step 1500/5004: loss=2.438323
  step 1600/5004: loss=2.571340
  step 1700/5004: loss=2.640463
  step 1800/5004: loss=2.849378
  step 1900/5004: loss=2.585022
  step 2000/5004: loss=2.822674
  step 2100/5004: loss=2.480369
  step 2200/5004: loss=2.762901
  step 2300/5004: loss=3.010348
  step 2400/5004: loss=2.440832
  step 2500/5004: loss=2.379441
  step 2600/5004: loss=2.746892
  step 2700/5004: loss=2.856396
  step 2800/5004: loss=3.003390
  step 2900/5004: loss=2.621709
  step 3000/5004: loss=2.900415
  step 3100/5004: loss=2.700099
  step 3200/5004: loss=2.150247
  step 3300/5004: loss=2.773282
  step 3400/5004: loss=2.851017
  step 3500/5004: loss=2.945379
  step 3600/5004: loss=2.798850
  step 3700/5004: loss=2.685367
  step 3800/5004: loss=2.556535
  step 3900/5004: loss=2.588500
  step 4000/5004: loss=2.755747
  step 4100/5004: loss=2.665711
  step 4200/5004: loss=2.672492
  step 4300/5004: loss=2.523981
  step 4400/5004: loss=2.608162
  step 4500/5004: loss=2.627729
  step 4600/5004: loss=2.630102
  step 4700/5004: loss=2.801873
  step 4800/5004: loss=2.539886
  step 4900/5004: loss=2.646830
W0000 00:00:1789344084.465465 2494650 prefetch_autotuner.cc:55] Prefetch autotuner tried to allocate 91453 bytes after encountering the first element of size 91453 bytes.This already causes the autotune ram budget to be exceeded. To stay within the ram budget, either increase the ram budget or reduce element size
W0000 00:00:1789344084.599985 2493671 prefetch_autotuner.cc:55] Prefetch autotuner tried to allocate 91453 bytes after encountering the first element of size 91453 bytes.This already causes the autotune ram budget to be exceeded. To stay within the ram budget, either increase the ram budget or reduce element size
  step 5000/5004: loss=2.694228
[pjrt_ffi] RESIDENT: @efficientnetin_fwd_eval holds 311 parameter tensors (20.3 MB) on 1 device; they stop crossing PCIe from here
Epoch 113/350: loss=2.707601 lr=0.004063
  epoch 113: test_acc = 36655/50000 = 73.310000%  top5 = 45664/50000 = 91.328000%  [95% CI 72.92–73.70]
    BN companion -> .lake/build/efficientnetin_emarmsdp64dropdobf16_ckpt_xla.bin.bn (42016 floats x 2, hash 12932762970972908708)
  step 0/5004: loss=2.670185
  step 1/5004: loss=2.962650
  step 2/5004: loss=2.150061
  step 100/5004: loss=3.171330
  step 200/5004: loss=2.481999
  step 300/5004: loss=2.379180
  step 400/5004: loss=2.971407
  step 500/5004: loss=2.807177
  step 600/5004: loss=2.719242
  step 700/5004: loss=2.631670
  step 800/5004: loss=2.554528
  step 900/5004: loss=3.221810
  step 1000/5004: loss=2.810682
  step 1100/5004: loss=2.506344
  step 1200/5004: loss=2.785476
  step 1300/5004: loss=2.548118
  step 1400/5004: loss=2.590875
  step 1500/5004: loss=3.136532
  step 1600/5004: loss=2.480032
  step 1700/5004: loss=2.933203
  step 1800/5004: loss=2.654866
  step 1900/5004: loss=2.718933
  step 2000/5004: loss=2.824587
  step 2100/5004: loss=2.464489
  step 2200/5004: loss=2.289839
  step 2300/5004: loss=2.554316
  step 2400/5004: loss=2.788815
  step 2500/5004: loss=3.209790
  step 2600/5004: loss=2.672563
  step 2700/5004: loss=2.966001
  step 2800/5004: loss=2.676316
  step 2900/5004: loss=2.791255
  step 3000/5004: loss=2.533664
  step 3100/5004: loss=2.858273
  step 3200/5004: loss=2.406334
  step 3300/5004: loss=3.048104
  step 3400/5004: loss=2.864546
  step 3500/5004: loss=2.631730
  step 3600/5004: loss=2.885812
  step 3700/5004: loss=2.509094
  step 3800/5004: loss=2.442140
  step 3900/5004: loss=2.717708
  step 4000/5004: loss=2.706179
  step 4100/5004: loss=2.563778
  step 4200/5004: loss=2.580171
  step 4300/5004: loss=2.596528
  step 4400/5004: loss=2.900712
  step 4500/5004: loss=2.966852
  step 4600/5004: loss=2.143276
  step 4700/5004: loss=2.611753
  step 4800/5004: loss=2.971560
  step 4900/5004: loss=2.437880
W0000 00:00:1789345069.099565 2493671 prefetch_autotuner.cc:55] Prefetch autotuner tried to allocate 91453 bytes after encountering the first element of size 91453 bytes.This already causes the autotune ram budget to be exceeded. To stay within the ram budget, either increase the ram budget or reduce element size
W0000 00:00:1789345073.899567 2494650 prefetch_autotuner.cc:55] Prefetch autotuner tried to allocate 91453 bytes after encountering the first element of size 91453 bytes.This already causes the autotune ram budget to be exceeded. To stay within the ram budget, either increase the ram budget or reduce element size
  step 5000/5004: loss=2.275021
[pjrt_ffi] RESIDENT: @efficientnetin_fwd_eval holds 311 parameter tensors (20.3 MB) on 1 device; they stop crossing PCIe from here
Epoch 114/350: loss=2.702847 lr=0.004012
  epoch 114: test_acc = 36688/50000 = 73.376000%  top5 = 45674/50000 = 91.348000%  [95% CI 72.99–73.76]
    BN companion -> .lake/build/efficientnetin_emarmsdp64dropdobf16_ckpt_xla.bin.bn (42016 floats x 2, hash 3848058395566274280)
  step 0/5004: loss=2.500112
  step 1/5004: loss=2.724472
  step 2/5004: loss=2.808421
  step 100/5004: loss=2.669740
  step 200/5004: loss=2.393783
  step 300/5004: loss=2.808292
  step 400/5004: loss=2.908160
  step 500/5004: loss=2.543208
  step 600/5004: loss=2.632031
  step 700/5004: loss=2.824647
  step 800/5004: loss=2.623483
  step 900/5004: loss=2.448458
  step 1000/5004: loss=2.692591
  step 1100/5004: loss=2.431536
  step 1200/5004: loss=2.972060
  step 1300/5004: loss=2.523523
  step 1400/5004: loss=2.709796
  step 1500/5004: loss=2.725583
  step 1600/5004: loss=2.576562
  step 1700/5004: loss=2.618609
  step 1800/5004: loss=3.175039
  step 1900/5004: loss=2.861305
  step 2000/5004: loss=2.838571
  step 2100/5004: loss=2.771053
  step 2200/5004: loss=2.389950
  step 2300/5004: loss=2.741628
  step 2400/5004: loss=2.226408
  step 2500/5004: loss=2.847311
  step 2600/5004: loss=2.779012
  step 2700/5004: loss=2.852106
  step 2800/5004: loss=2.687376
  step 2900/5004: loss=2.575213
  step 3000/5004: loss=2.930522
  step 3100/5004: loss=2.616669
  step 3200/5004: loss=2.620849
  step 3300/5004: loss=2.645843
  step 3400/5004: loss=3.195517
  step 3500/5004: loss=2.711323
  step 3600/5004: loss=2.513881
  step 3700/5004: loss=2.799284
  step 3800/5004: loss=2.406005
  step 3900/5004: loss=2.513462
  step 4000/5004: loss=3.092200
  step 4100/5004: loss=2.644623
  step 4200/5004: loss=2.861401
  step 4300/5004: loss=2.591612
  step 4400/5004: loss=2.788687
  step 4500/5004: loss=2.780469
  step 4600/5004: loss=2.661310
  step 4700/5004: loss=2.772786
  step 4800/5004: loss=2.575558
  step 4900/5004: loss=2.601900
W0000 00:00:1789346392.943703 2493671 prefetch_autotuner.cc:55] Prefetch autotuner tried to allocate 91453 bytes after encountering the first element of size 91453 bytes.This already causes the autotune ram budget to be exceeded. To stay within the ram budget, either increase the ram budget or reduce element size
W0000 00:00:1789346397.159498 2494650 prefetch_autotuner.cc:55] Prefetch autotuner tried to allocate 91453 bytes after encountering the first element of size 91453 bytes.This already causes the autotune ram budget to be exceeded. To stay within the ram budget, either increase the ram budget or reduce element size
  step 5000/5004: loss=3.042067
[pjrt_ffi] RESIDENT: @efficientnetin_fwd_eval holds 311 parameter tensors (20.3 MB) on 1 device; they stop crossing PCIe from here
Epoch 115/350: loss=2.694451 lr=0.003961
  epoch 115: test_acc = 36734/50000 = 73.468000%  top5 = 45673/50000 = 91.346000%  [95% CI 73.08–73.85]
    BN companion -> .lake/build/efficientnetin_emarmsdp64dropdobf16_ckpt_xla.bin.bn (42016 floats x 2, hash 6149844916363578999)
  step 0/5004: loss=2.937942
  step 1/5004: loss=2.765144
  step 2/5004: loss=2.386947
  step 100/5004: loss=2.668012
  step 200/5004: loss=2.836467
  step 300/5004: loss=2.697178
  step 400/5004: loss=2.932777
  step 500/5004: loss=2.772106
  step 600/5004: loss=2.689742
  step 700/5004: loss=2.834732
  step 800/5004: loss=2.881113
  step 900/5004: loss=2.852801
  step 1000/5004: loss=2.388178
  step 1100/5004: loss=2.514395
  step 1200/5004: loss=2.399178
  step 1300/5004: loss=2.869373
  step 1400/5004: loss=2.413873
  step 1500/5004: loss=2.780668
  step 1600/5004: loss=3.037151
  step 1700/5004: loss=2.853929
  step 1800/5004: loss=2.876718
  step 1900/5004: loss=2.817537
  step 2000/5004: loss=1.993587
  step 2100/5004: loss=2.767958
  step 2200/5004: loss=2.558369
  step 2300/5004: loss=2.703801
  step 2400/5004: loss=3.078292
  step 2500/5004: loss=2.843358
  step 2600/5004: loss=2.510048
  step 2700/5004: loss=2.836140
  step 2800/5004: loss=2.653487
  step 2900/5004: loss=3.182714
  step 3000/5004: loss=2.824715
  step 3100/5004: loss=2.468189
  step 3200/5004: loss=2.375273
  step 3300/5004: loss=2.900895
  step 3400/5004: loss=2.395711
  step 3500/5004: loss=2.745444
  step 3600/5004: loss=2.804141
  step 3700/5004: loss=2.904350
  step 3800/5004: loss=3.018583
  step 3900/5004: loss=2.626003
  step 4000/5004: loss=2.687977
  step 4100/5004: loss=2.376235
  step 4200/5004: loss=2.654918
  step 4300/5004: loss=2.771523
  step 4400/5004: loss=2.581631
  step 4500/5004: loss=3.171785
  step 4600/5004: loss=2.381722
  step 4700/5004: loss=2.637306
  step 4800/5004: loss=2.334262
  step 4900/5004: loss=2.557239
W0000 00:00:1789347694.230418 2493286 prefetch_autotuner.cc:55] Prefetch autotuner tried to allocate 91453 bytes after encountering the first element of size 91453 bytes.This already causes the autotune ram budget to be exceeded. To stay within the ram budget, either increase the ram budget or reduce element size
W0000 00:00:1789347694.475606 2493671 prefetch_autotuner.cc:55] Prefetch autotuner tried to allocate 91453 bytes after encountering the first element of size 91453 bytes.This already causes the autotune ram budget to be exceeded. To stay within the ram budget, either increase the ram budget or reduce element size
W0000 00:00:1789347698.415717 2494650 prefetch_autotuner.cc:55] Prefetch autotuner tried to allocate 91453 bytes after encountering the first element of size 91453 bytes.This already causes the autotune ram budget to be exceeded. To stay within the ram budget, either increase the ram budget or reduce element size
  step 5000/5004: loss=2.261599
[pjrt_ffi] RESIDENT: @efficientnetin_fwd_eval holds 311 parameter tensors (20.3 MB) on 1 device; they stop crossing PCIe from here
Epoch 116/350: loss=2.696952 lr=0.003911
  epoch 116: test_acc = 36722/50000 = 73.444000%  top5 = 45710/50000 = 91.420000%  [95% CI 73.06–73.83]
    BN companion -> .lake/build/efficientnetin_emarmsdp64dropdobf16_ckpt_xla.bin.bn (42016 floats x 2, hash 17191546928587104684)
  step 0/5004: loss=2.766834
  step 1/5004: loss=2.610868
  step 2/5004: loss=2.532878
  step 100/5004: loss=3.151528
  step 200/5004: loss=2.580045
  step 300/5004: loss=2.389013
  step 400/5004: loss=3.135576
  step 500/5004: loss=3.036879
  step 600/5004: loss=2.733404
  step 700/5004: loss=2.556689
  step 800/5004: loss=2.441175
  step 900/5004: loss=3.058062
  step 1000/5004: loss=2.685956
  step 1100/5004: loss=2.519552
  step 1200/5004: loss=3.252462
  step 1300/5004: loss=2.587029
  step 1400/5004: loss=2.502048
  step 1500/5004: loss=2.826766
  step 1600/5004: loss=2.481689
  step 1700/5004: loss=2.613373
  step 1800/5004: loss=3.173272
  step 1900/5004: loss=2.857622
  step 2000/5004: loss=2.734763
  step 2100/5004: loss=2.712869
  step 2200/5004: loss=2.776003
  step 2300/5004: loss=2.184212
  step 2400/5004: loss=2.485087
  step 2500/5004: loss=2.350853
  step 2600/5004: loss=2.869855
  step 2700/5004: loss=2.759853
  step 2800/5004: loss=2.727357
  step 2900/5004: loss=3.123609
  step 3000/5004: loss=2.214573
  step 3100/5004: loss=2.613821
  step 3200/5004: loss=2.666597
  step 3300/5004: loss=2.181168
  step 3400/5004: loss=2.995137
  step 3500/5004: loss=2.701306
  step 3600/5004: loss=2.598871
  step 3700/5004: loss=2.644971
  step 3800/5004: loss=2.557697
  step 3900/5004: loss=2.868597
  step 4000/5004: loss=2.666340
  step 4100/5004: loss=2.724289
  step 4200/5004: loss=2.568788
  step 4300/5004: loss=2.725889
  step 4400/5004: loss=2.426791
  step 4500/5004: loss=2.970162
  step 4600/5004: loss=3.190721
  step 4700/5004: loss=2.562938
  step 4800/5004: loss=2.340582
  step 4900/5004: loss=2.788148
W0000 00:00:1789348833.449647 2493286 prefetch_autotuner.cc:55] Prefetch autotuner tried to allocate 91453 bytes after encountering the first element of size 91453 bytes.This already causes the autotune ram budget to be exceeded. To stay within the ram budget, either increase the ram budget or reduce element size
W0000 00:00:1789348836.180685 2493671 prefetch_autotuner.cc:55] Prefetch autotuner tried to allocate 91453 bytes after encountering the first element of size 91453 bytes.This already causes the autotune ram budget to be exceeded. To stay within the ram budget, either increase the ram budget or reduce element size
  step 5000/5004: loss=2.686819
[pjrt_ffi] RESIDENT: @efficientnetin_fwd_eval holds 311 parameter tensors (20.3 MB) on 1 device; they stop crossing PCIe from here
Epoch 117/350: loss=2.695464 lr=0.003862
  epoch 117: test_acc = 36682/50000 = 73.364000%  top5 = 45703/50000 = 91.406000%  [95% CI 72.97–73.75]
    BN companion -> .lake/build/efficientnetin_emarmsdp64dropdobf16_ckpt_xla.bin.bn (42016 floats x 2, hash 7397747184889446214)
  step 0/5004: loss=2.756209
  step 1/5004: loss=2.883531
  step 2/5004: loss=2.634867
  step 100/5004: loss=2.851983
  step 200/5004: loss=2.866425
  step 300/5004: loss=2.433549
  step 400/5004: loss=3.065988
  step 500/5004: loss=3.153649
  step 600/5004: loss=3.182710
  step 700/5004: loss=2.664085
  step 800/5004: loss=2.700192
  step 900/5004: loss=2.541369
  step 1000/5004: loss=2.794125
  step 1100/5004: loss=2.687418
  step 1200/5004: loss=2.689416
  step 1300/5004: loss=2.786009
  step 1400/5004: loss=2.496707
  step 1500/5004: loss=2.571108
  step 1600/5004: loss=2.839810
  step 1700/5004: loss=2.721181
  step 1800/5004: loss=2.736426
  step 1900/5004: loss=2.709536
  step 2000/5004: loss=2.845041
  step 2100/5004: loss=3.111495
  step 2200/5004: loss=2.629136
  step 2300/5004: loss=2.934814
  step 2400/5004: loss=2.554636
  step 2500/5004: loss=2.419251
  step 2600/5004: loss=2.954522
  step 2700/5004: loss=2.389313
  step 2800/5004: loss=2.516271
  step 2900/5004: loss=2.685794
  step 3000/5004: loss=2.925443
  step 3100/5004: loss=2.758892
  step 3200/5004: loss=2.660399
  step 3300/5004: loss=2.606310
  step 3400/5004: loss=2.441063
  step 3500/5004: loss=2.853369
  step 3600/5004: loss=2.490749
  step 3700/5004: loss=2.954184
  step 3800/5004: loss=2.989916
  step 3900/5004: loss=2.643201
  step 4000/5004: loss=2.770961
  step 4100/5004: loss=2.635492
  step 4200/5004: loss=2.896513
  step 4300/5004: loss=2.774443
  step 4400/5004: loss=2.577964
  step 4500/5004: loss=2.972796
  step 4600/5004: loss=2.819498
  step 4700/5004: loss=2.974838
  step 4800/5004: loss=2.467041
  step 4900/5004: loss=2.430002
  step 5000/5004: loss=2.743475
[pjrt_ffi] RESIDENT: @efficientnetin_fwd_eval holds 311 parameter tensors (20.3 MB) on 1 device; they stop crossing PCIe from here
Epoch 118/350: loss=2.690225 lr=0.003813
  epoch 118: test_acc = 36744/50000 = 73.488000%  top5 = 45700/50000 = 91.400000%  [95% CI 73.10–73.87]
    BN companion -> .lake/build/efficientnetin_emarmsdp64dropdobf16_ckpt_xla.bin.bn (42016 floats x 2, hash 16117652483659166903)
  step 0/5004: loss=2.776082
  step 1/5004: loss=3.003444
  step 2/5004: loss=2.658062
  step 100/5004: loss=3.056220
  step 200/5004: loss=2.551805
  step 300/5004: loss=2.475494
  step 400/5004: loss=2.746805
  step 500/5004: loss=2.793895
  step 600/5004: loss=2.620316
  step 700/5004: loss=2.105572
  step 800/5004: loss=2.561021
  step 900/5004: loss=2.656519
  step 1000/5004: loss=2.391577
  step 1100/5004: loss=2.956110
  step 1200/5004: loss=2.506726
  step 1300/5004: loss=2.574653
  step 1400/5004: loss=3.016448
  step 1500/5004: loss=2.317714
  step 1600/5004: loss=2.792244
  step 1700/5004: loss=2.864176
  step 1800/5004: loss=2.495792
  step 1900/5004: loss=2.692915
  step 2000/5004: loss=3.017144
  step 2100/5004: loss=2.841190
  step 2200/5004: loss=2.558509
  step 2300/5004: loss=2.579661
  step 2400/5004: loss=2.564458
  step 2500/5004: loss=2.872906
  step 2600/5004: loss=2.665570
  step 2700/5004: loss=3.474343
  step 2800/5004: loss=2.524749
  step 2900/5004: loss=2.466702
  step 3000/5004: loss=2.432985
  step 3100/5004: loss=2.483710
  step 3200/5004: loss=2.995833
  step 3300/5004: loss=2.534798
  step 3400/5004: loss=3.206792
  step 3500/5004: loss=2.313954
  step 3600/5004: loss=3.070726
  step 3700/5004: loss=2.751919
  step 3800/5004: loss=2.916931
  step 3900/5004: loss=2.331402
  step 4000/5004: loss=2.847853
  step 4100/5004: loss=2.898762
  step 4200/5004: loss=2.284238
  step 4300/5004: loss=2.659780
  step 4400/5004: loss=2.681625
  step 4500/5004: loss=2.448562
  step 4600/5004: loss=2.648519
  step 4700/5004: loss=3.073728
  step 4800/5004: loss=2.466487
  step 4900/5004: loss=2.296111
W0000 00:00:1789351273.858477 2493485 prefetch_autotuner.cc:55] Prefetch autotuner tried to allocate 91453 bytes after encountering the first element of size 91453 bytes.This already causes the autotune ram budget to be exceeded. To stay within the ram budget, either increase the ram budget or reduce element size
W0000 00:00:1789351278.539493 2494650 prefetch_autotuner.cc:55] Prefetch autotuner tried to allocate 91453 bytes after encountering the first element of size 91453 bytes.This already causes the autotune ram budget to be exceeded. To stay within the ram budget, either increase the ram budget or reduce element size
  step 5000/5004: loss=2.843420
[pjrt_ffi] RESIDENT: @efficientnetin_fwd_eval holds 311 parameter tensors (20.3 MB) on 1 device; they stop crossing PCIe from here
Epoch 119/350: loss=2.682274 lr=0.003765
  epoch 119: test_acc = 36771/50000 = 73.542000%  top5 = 45762/50000 = 91.524000%  [95% CI 73.15–73.93]
    BN companion -> .lake/build/efficientnetin_emarmsdp64dropdobf16_ckpt_xla.bin.bn (42016 floats x 2, hash 535798216871020371)
  step 0/5004: loss=2.878329
  step 1/5004: loss=2.874014
  step 2/5004: loss=2.423184
  step 100/5004: loss=2.341913
  step 200/5004: loss=2.466097
  step 300/5004: loss=3.196373
  step 400/5004: loss=2.657562
  step 500/5004: loss=2.323224
  step 600/5004: loss=2.457698
  step 700/5004: loss=2.409430
  step 800/5004: loss=2.710835
  step 900/5004: loss=2.653315
  step 1000/5004: loss=2.386762
  step 1100/5004: loss=2.283627
  step 1200/5004: loss=2.610080
  step 1300/5004: loss=2.694353
  step 1400/5004: loss=2.613683
  step 1500/5004: loss=2.714762
  step 1600/5004: loss=2.838189
  step 1700/5004: loss=3.144979
  step 1800/5004: loss=2.601374
  step 1900/5004: loss=2.506313
  step 2000/5004: loss=2.475125
  step 2100/5004: loss=3.112043
  step 2200/5004: loss=2.733098
  step 2300/5004: loss=3.157131
  step 2400/5004: loss=2.732590
  step 2500/5004: loss=2.765289
  step 2600/5004: loss=2.778712
  step 2700/5004: loss=2.782999
  step 2800/5004: loss=2.839292
  step 2900/5004: loss=2.725264
  step 3000/5004: loss=2.637479
  step 3100/5004: loss=2.588413
  step 3200/5004: loss=2.598380
  step 3300/5004: loss=2.508615
  step 3400/5004: loss=2.608143
  step 3500/5004: loss=2.985526
  step 3600/5004: loss=2.852216
  step 3700/5004: loss=2.774592
  step 3800/5004: loss=2.559838
  step 3900/5004: loss=2.752573
  step 4000/5004: loss=2.746946
  step 4100/5004: loss=2.805859
  step 4200/5004: loss=2.375685
  step 4300/5004: loss=2.654074
  step 4400/5004: loss=2.669550
  step 4500/5004: loss=2.492345
  step 4600/5004: loss=2.544123
  step 4700/5004: loss=2.859406
  step 4800/5004: loss=2.620162
  step 4900/5004: loss=2.894524
W0000 00:00:1789352527.882257 2493286 prefetch_autotuner.cc:55] Prefetch autotuner tried to allocate 91453 bytes after encountering the first element of size 91453 bytes.This already causes the autotune ram budget to be exceeded. To stay within the ram budget, either increase the ram budget or reduce element size
W0000 00:00:1789352532.437254 2494650 prefetch_autotuner.cc:55] Prefetch autotuner tried to allocate 91453 bytes after encountering the first element of size 91453 bytes.This already causes the autotune ram budget to be exceeded. To stay within the ram budget, either increase the ram budget or reduce element size
  step 5000/5004: loss=2.668366
[pjrt_ffi] RESIDENT: @efficientnetin_fwd_eval holds 311 parameter tensors (20.3 MB) on 1 device; they stop crossing PCIe from here
Epoch 120/350: loss=2.680324 lr=0.003718
  epoch 120: test_acc = 36766/50000 = 73.532000%  top5 = 45776/50000 = 91.552000%  [95% CI 73.14–73.92]
    BN companion -> .lake/build/efficientnetin_emarmsdp64dropdobf16_ckpt_xla.bin.bn (42016 floats x 2, hash 15183908359820596582)
  step 0/5004: loss=2.552041
  step 1/5004: loss=2.577941
  step 2/5004: loss=2.670891
  step 100/5004: loss=2.641320
  step 200/5004: loss=2.580564
  step 300/5004: loss=2.663084
  step 400/5004: loss=2.619844
  step 500/5004: loss=2.723929
  step 600/5004: loss=2.893266
  step 700/5004: loss=2.474392
  step 800/5004: loss=2.944353
  step 900/5004: loss=3.096687
  step 1000/5004: loss=2.623353
  step 1100/5004: loss=2.709977
  step 1200/5004: loss=2.964100
  step 1300/5004: loss=2.939748
  step 1400/5004: loss=2.037855
  step 1500/5004: loss=2.853168
  step 1600/5004: loss=2.990297
  step 1700/5004: loss=2.324532
  step 1800/5004: loss=2.701689
  step 1900/5004: loss=3.108444
  step 2000/5004: loss=3.066813
  step 2100/5004: loss=2.210399
  step 2200/5004: loss=2.591955
  step 2300/5004: loss=2.790257
  step 2400/5004: loss=2.693741
  step 2500/5004: loss=2.457601
  step 2600/5004: loss=2.673754
  step 2700/5004: loss=2.242324
  step 2800/5004: loss=2.696529
  step 2900/5004: loss=2.641157
  step 3000/5004: loss=2.862152
  step 3100/5004: loss=2.613676
  step 3200/5004: loss=2.431628
  step 3300/5004: loss=2.552031
  step 3400/5004: loss=2.690737
  step 3500/5004: loss=2.695789
  step 3600/5004: loss=2.840087
  step 3700/5004: loss=2.866569
  step 3800/5004: loss=2.955310
  step 3900/5004: loss=2.472394
  step 4000/5004: loss=2.598046
  step 4100/5004: loss=2.172520
  step 4200/5004: loss=2.194676
  step 4300/5004: loss=2.922141
  step 4400/5004: loss=2.947653
  step 4500/5004: loss=2.637779
  step 4600/5004: loss=2.458508
  step 4700/5004: loss=2.723863
  step 4800/5004: loss=2.714061
  step 4900/5004: loss=2.542339
W0000 00:00:1789353774.338146 2493485 prefetch_autotuner.cc:55] Prefetch autotuner tried to allocate 91453 bytes after encountering the first element of size 91453 bytes.This already causes the autotune ram budget to be exceeded. To stay within the ram budget, either increase the ram budget or reduce element size
W0000 00:00:1789353778.462478 2494650 prefetch_autotuner.cc:55] Prefetch autotuner tried to allocate 91453 bytes after encountering the first element of size 91453 bytes.This already causes the autotune ram budget to be exceeded. To stay within the ram budget, either increase the ram budget or reduce element size
  step 5000/5004: loss=2.578120
[pjrt_ffi] RESIDENT: @efficientnetin_fwd_eval holds 311 parameter tensors (20.3 MB) on 1 device; they stop crossing PCIe from here
Epoch 121/350: loss=2.677390 lr=0.003671
  epoch 121: test_acc = 36798/50000 = 73.596000%  top5 = 45786/50000 = 91.572000%  [95% CI 73.21–73.98]
    BN companion -> .lake/build/efficientnetin_emarmsdp64dropdobf16_ckpt_xla.bin.bn (42016 floats x 2, hash 15937449268808890096)
  step 0/5004: loss=2.439952
  step 1/5004: loss=3.096873
  step 2/5004: loss=2.558404
  step 100/5004: loss=2.800082
  step 200/5004: loss=2.573137
  step 300/5004: loss=3.111755
  step 400/5004: loss=2.908070
  step 500/5004: loss=2.617496
  step 600/5004: loss=2.620904
  step 700/5004: loss=2.705092
  step 800/5004: loss=2.838308
  step 900/5004: loss=2.318850
  step 1000/5004: loss=2.729988
  step 1100/5004: loss=2.898456
  step 1200/5004: loss=2.815060
  step 1300/5004: loss=2.616382
  step 1400/5004: loss=2.614785
  step 1500/5004: loss=2.533723
  step 1600/5004: loss=2.466986
  step 1700/5004: loss=2.375138
  step 1800/5004: loss=2.944298
  step 1900/5004: loss=2.518829
  step 2000/5004: loss=2.763473
  step 2100/5004: loss=2.915279
  step 2200/5004: loss=2.133882
  step 2300/5004: loss=2.563954
  step 2400/5004: loss=2.372762
  step 2500/5004: loss=2.542933
  step 2600/5004: loss=2.917100
  step 2700/5004: loss=2.721849
  step 2800/5004: loss=2.804623
  step 2900/5004: loss=2.428828
  step 3000/5004: loss=2.480036
  step 3100/5004: loss=3.098324
  step 3200/5004: loss=2.762682
  step 3300/5004: loss=2.605772
  step 3400/5004: loss=2.616751
  step 3500/5004: loss=3.136152
  step 3600/5004: loss=2.611484
  step 3700/5004: loss=2.714356
  step 3800/5004: loss=2.216528
  step 3900/5004: loss=3.057224
  step 4000/5004: loss=2.701251
  step 4100/5004: loss=2.882643
  step 4200/5004: loss=2.917250
  step 4300/5004: loss=2.657216
  step 4400/5004: loss=2.098537
  step 4500/5004: loss=2.618648
  step 4600/5004: loss=2.389811
  step 4700/5004: loss=2.708026
  step 4800/5004: loss=2.577293
  step 4900/5004: loss=2.776418
W0000 00:00:1789355018.230470 2493485 prefetch_autotuner.cc:55] Prefetch autotuner tried to allocate 91453 bytes after encountering the first element of size 91453 bytes.This already causes the autotune ram budget to be exceeded. To stay within the ram budget, either increase the ram budget or reduce element size
W0000 00:00:1789355018.341654 2493671 prefetch_autotuner.cc:55] Prefetch autotuner tried to allocate 91453 bytes after encountering the first element of size 91453 bytes.This already causes the autotune ram budget to be exceeded. To stay within the ram budget, either increase the ram budget or reduce element size
W0000 00:00:1789355022.345575 2494650 prefetch_autotuner.cc:55] Prefetch autotuner tried to allocate 91453 bytes after encountering the first element of size 91453 bytes.This already causes the autotune ram budget to be exceeded. To stay within the ram budget, either increase the ram budget or reduce element size
  step 5000/5004: loss=2.729786
[pjrt_ffi] RESIDENT: @efficientnetin_fwd_eval holds 311 parameter tensors (20.3 MB) on 1 device; they stop crossing PCIe from here
Epoch 122/350: loss=2.674018 lr=0.003624
  epoch 122: test_acc = 36813/50000 = 73.626000%  top5 = 45770/50000 = 91.540000%  [95% CI 73.24–74.01]
    BN companion -> .lake/build/efficientnetin_emarmsdp64dropdobf16_ckpt_xla.bin.bn (42016 floats x 2, hash 17909558215940990661)
  step 0/5004: loss=2.770819
  step 1/5004: loss=2.674866
  step 2/5004: loss=3.221021
  step 100/5004: loss=2.768351
  step 200/5004: loss=2.321680
  step 300/5004: loss=2.480643
  step 400/5004: loss=2.424510
  step 500/5004: loss=2.466982
  step 600/5004: loss=2.464547
  step 700/5004: loss=2.723059
  step 800/5004: loss=2.785596
  step 900/5004: loss=2.919641
  step 1000/5004: loss=2.638973
  step 1100/5004: loss=2.866671
  step 1200/5004: loss=2.680801
  step 1300/5004: loss=3.044094
  step 1400/5004: loss=3.022664
  step 1500/5004: loss=2.736608
  step 1600/5004: loss=2.961530
  step 1700/5004: loss=3.069609
  step 1800/5004: loss=2.663251
  step 1900/5004: loss=2.473972
  step 2000/5004: loss=2.574241
  step 2100/5004: loss=2.390615
  step 2200/5004: loss=3.137470
  step 2300/5004: loss=2.519080
  step 2400/5004: loss=3.048875
  step 2500/5004: loss=2.784297
  step 2600/5004: loss=2.570858
  step 2700/5004: loss=2.745732
  step 2800/5004: loss=2.286956
  step 2900/5004: loss=2.612661
  step 3000/5004: loss=2.930794
  step 3100/5004: loss=2.911649
  step 3200/5004: loss=2.618639
  step 3300/5004: loss=2.849521
  step 3400/5004: loss=2.407206
  step 3500/5004: loss=2.905977
  step 3600/5004: loss=2.383833
  step 3700/5004: loss=2.863486
  step 3800/5004: loss=2.742913
  step 3900/5004: loss=3.018204
  step 4000/5004: loss=2.866119
  step 4100/5004: loss=2.621459
  step 4200/5004: loss=2.630817
  step 4300/5004: loss=2.342911
  step 4400/5004: loss=2.755498
  step 4500/5004: loss=3.036908
  step 4600/5004: loss=2.514083
  step 4700/5004: loss=2.883926
  step 4800/5004: loss=2.298687
  step 4900/5004: loss=2.381785
W0000 00:00:1789356272.591225 2493286 prefetch_autotuner.cc:55] Prefetch autotuner tried to allocate 91453 bytes after encountering the first element of size 91453 bytes.This already causes the autotune ram budget to be exceeded. To stay within the ram budget, either increase the ram budget or reduce element size
W0000 00:00:1789356272.785814 2493485 prefetch_autotuner.cc:55] Prefetch autotuner tried to allocate 91453 bytes after encountering the first element of size 91453 bytes.This already causes the autotune ram budget to be exceeded. To stay within the ram budget, either increase the ram budget or reduce element size
W0000 00:00:1789356272.857205 2493671 prefetch_autotuner.cc:55] Prefetch autotuner tried to allocate 91453 bytes after encountering the first element of size 91453 bytes.This already causes the autotune ram budget to be exceeded. To stay within the ram budget, either increase the ram budget or reduce element size
W0000 00:00:1789356276.718966 2494650 prefetch_autotuner.cc:55] Prefetch autotuner tried to allocate 91453 bytes after encountering the first element of size 91453 bytes.This already causes the autotune ram budget to be exceeded. To stay within the ram budget, either increase the ram budget or reduce element size
  step 5000/5004: loss=2.614018
[pjrt_ffi] RESIDENT: @efficientnetin_fwd_eval holds 311 parameter tensors (20.3 MB) on 1 device; they stop crossing PCIe from here
Epoch 123/350: loss=2.674720 lr=0.003579
  epoch 123: test_acc = 36838/50000 = 73.676000%  top5 = 45754/50000 = 91.508000%  [95% CI 73.29–74.06]
    BN companion -> .lake/build/efficientnetin_emarmsdp64dropdobf16_ckpt_xla.bin.bn (42016 floats x 2, hash 1982928490047309648)
  step 0/5004: loss=2.752330
  step 1/5004: loss=2.358024
  step 2/5004: loss=2.857715
===== 2026-09-14 03:25:28 attempt 1 (from epoch 123) =====
I0914 03:25:29.013693 2867529 service.cc:154] XLA service 0x761788052930 initialized for platform CUDA (this does not guarantee that XLA will be used). Devices:
I0914 03:25:29.013756 2867529 service.cc:170]   StreamExecutor [0]: NVIDIA GeForce RTX 3060, Compute Capability 8.6 (Driver: 13.3.0[610.57.4]; Runtime: 13.3.0; Toolkit: 13.0.0; DNN: 9.24.0)
I0914 03:25:29.013769 2867529 service.cc:170]   StreamExecutor [1]: NVIDIA GeForce RTX 3060, Compute Capability 8.6 (Driver: 13.3.0[610.57.4]; Runtime: 13.3.0; Toolkit: 13.0.0; DNN: 9.24.0)
I0914 03:25:29.013776 2867529 service.cc:170]   StreamExecutor [2]: NVIDIA GeForce RTX 3060, Compute Capability 8.6 (Driver: 13.3.0[610.57.4]; Runtime: 13.3.0; Toolkit: 13.0.0; DNN: 9.24.0)
I0914 03:25:29.013781 2867529 service.cc:170]   StreamExecutor [3]: NVIDIA GeForce RTX 3060, Compute Capability 8.6 (Driver: 13.3.0[610.57.4]; Runtime: 13.3.0; Toolkit: 13.0.0; DNN: 9.24.0)
I0914 03:25:29.018678 2867529 se_gpu_pjrt_client.cc:1450] Using BFC allocator.
I0914 03:25:29.018718 2867529 gpu_helpers.cc:162] XLA backend allocating 8.72GiB (9365880832 bytes) on device 0 for BFCAllocator.
I0914 03:25:29.018755 2867529 gpu_helpers.cc:162] XLA backend allocating 8.72GiB (9365880832 bytes) on device 1 for BFCAllocator.
I0914 03:25:29.018763 2867529 gpu_helpers.cc:162] XLA backend allocating 8.72GiB (9365880832 bytes) on device 2 for BFCAllocator.
I0914 03:25:29.018772 2867529 gpu_helpers.cc:162] XLA backend allocating 8.72GiB (9365880832 bytes) on device 3 for BFCAllocator.
[pjrt_ffi] XLA backend: PJRT 0.114, 4 device(s)
[pjrt_ffi] command buffers: enabled (CUDA default)
I0914 03:25:29.136985 2867529 se_gpu_pjrt_compiler.cc:382] Found GPU target config and a PjRtClient with matching configuration. Performing a JIT compilation.
I0914 03:25:31.762045 2867529 cuda_dnn.cc:442] Loaded cuDNN version 92400
W0914 03:25:34.218681 2867612 cuda_timer.cc:88] Delay kernel timed out: measured time has sub-optimal accuracy. There may be a missing warmup execution, please investigate in Nsight Systems.
I0914 03:25:34.479071 2867595 subprocess_compilation.cc:349] ptxas warning : Registers are spilled to local memory in function 'gemm_fusion_dot_44', 96 bytes spill stores, 64 bytes spill loads

I0914 03:25:34.596803 2867614 subprocess_compilation.cc:349] ptxas warning : Registers are spilled to local memory in function 'gemm_fusion_dot_44', 96 bytes spill stores, 64 bytes spill loads

W0914 03:25:35.211678 2867612 cuda_timer.cc:88] Delay kernel timed out: measured time has sub-optimal accuracy. There may be a missing warmup execution, please investigate in Nsight Systems.
W0914 03:25:35.428514 2867612 cuda_timer.cc:88] Delay kernel timed out: measured time has sub-optimal accuracy. There may be a missing warmup execution, please investigate in Nsight Systems.
W0914 03:25:38.753754 2867610 cuda_timer.cc:88] Delay kernel timed out: measured time has sub-optimal accuracy. There may be a missing warmup execution, please investigate in Nsight Systems.
W0914 03:25:41.364072 2867610 cuda_timer.cc:88] Delay kernel timed out: measured time has sub-optimal accuracy. There may be a missing warmup execution, please investigate in Nsight Systems.
I0914 03:25:56.088981 2867608 subprocess_compilation.cc:349] ptxas warning : Registers are spilled to local memory in function 'gemm_fusion_dot_45', 128 bytes spill stores, 72 bytes spill loads

[pjrt_ffi] compiled verified_mlir/efficientnetin_emarmsdp64dropdobf16_train_step.mlir (@efficientnetin_emarmsdp64dropdobf16_train_step, 965 outputs, 4 replicas) in 37442 ms
I0914 03:26:06.838028 2867596 subprocess_compilation.cc:349] ptxas warning : Registers are spilled to local memory in function 'gemm_fusion_dot_10', 12 bytes spill stores, 12 bytes spill loads

I0914 03:26:06.983507 2867592 subprocess_compilation.cc:349] ptxas warning : Registers are spilled to local memory in function 'gemm_fusion_dot_10', 64 bytes spill stores, 64 bytes spill loads

I0914 03:26:07.067241 2867610 subprocess_compilation.cc:349] ptxas warning : Registers are spilled to local memory in function 'gemm_fusion_dot_10', 128 bytes spill stores, 84 bytes spill loads

[pjrt_ffi] compiled verified_mlir/efficientnetin_fwd.mlir (@efficientnetin_fwd, 1 outputs, 1 replica) in 6283 ms
[pjrt_ffi] compiled verified_mlir/efficientnetin_fwd_eval.mlir (@efficientnetin_fwd_eval, 1 outputs, 1 replica) in 505 ms
WARNING: All log messages before absl::InitializeLog() is called are written to STDERR
I0000 00:00:1789356373.843142 2870698 port.cc:153] oneDNN custom operations are on. You may see slightly different numerical results due to floating-point round-off errors from different computation orders. To turn them off, set the environment variable `TF_ENABLE_ONEDNN_OPTS=0`.
I0000 00:00:1789356374.065636 2870698 cpu_feature_guard.cc:227] This TensorFlow binary is optimized to use available CPU instructions in performance-critical operations.
To enable the following instructions: AVX2 AVX512F AVX512_VNNI AVX512_BF16 AVX512_FP16 AVX_VNNI AMX_TILE AMX_INT8 AMX_BF16 FMA, in other operations, rebuild TensorFlow with the appropriate compiler flags.
WARNING: All log messages before absl::InitializeLog() is called are written to STDERR
I0000 00:00:1789356375.752103 2870698 port.cc:153] oneDNN custom operations are on. You may see slightly different numerical results due to floating-point round-off errors from different computation orders. To turn them off, set the environment variable `TF_ENABLE_ONEDNN_OPTS=0`.
I0000 00:00:1789356376.513745 2870811 tf_record_dataset_op.cc:396] The default buffer size is 262144, which is overridden by the user specified `buffer_size` of 8388608
EfficientNet-B0 on full 1000-class ImageNet via the VERIFIED renderer → XLA/PJRT → GPU, with the tfds batch shim supplying the same augmentation the Lean→JAX reference trainer uses
  xla/pjrt verified_mlir/efficientnetin_emarmsdp64dropdobf16_train_step.mlir
  xla/pjrt verified_mlir/efficientnetin_fwd.mlir
  xla/pjrt verified_mlir/efficientnetin_fwd_eval.mlir
  imagenet shim: jax/.lake/build/generated_efficientnet_b0_imagenet_shim.py — validation split, batch 256, 150528 floats/img (seed 0)
  imagenet: draining the val split into RAM (~30 GB, one time)…
  imagenet: val ready — 50000 images, 28710 MB
  ▸ val = all 50,000 (timm's denominator; drop_remainder=False on the val split)
  train 1281167, test 50000; bs 64, EfficientNet-B0 (ImageNet-1k) emarmsdp64dropdobf16 (exp x0.970000/2.400000ep+warmup 5ep, baseLR 0.016000), He init
  ▸ RMSPROP: m = momentum buffer (init 0), v = running MEAN-SQUARE (init 1.0, TF convention — this optimizer is not bias-corrected)
  ▸ STOCHASTIC DEPTH: 9 drop sites, keeps #[0.973000, 0.947000, 0.920000, 0.907000, 0.880000, 0.867000, 0.840000, 0.827000, 0.813000] — host-drawn per step, 1/keep folded in, NOT on the resident path. Eval is the identity (drop-free forward).
  ▸ CLASSIFIER DROPOUT: keep 0.800000, mask tensor<256x1280xf32> (PER-ELEMENT, one Bernoulli per example×feature — not per-example like the drop scales), host-drawn per step at seed+999983, 1/keep folded in. Eval is the identity (drop-free forward).
  ▸ EMA: region 3 of 4 [θ|m|v|ema], shadow starts AT the weights, decay min(0.999900, (1+t)/(10+t)) — TF warmup-corrected. EVAL AND CHECKPOINT SCORE THE SHADOW.
  running-stats BN: 49 layers, 42016 stat floats → eval via @efficientnetin_fwd_eval
     decay 0.990000 (TF sense; = PyTorch/timm momentum 0.010000), new-batch weight 0.010000
  DATA-PARALLEL: 4 replicas x bs 64 = global batch 256, 5004 steps/epoch
  ▸ resuming from checkpoint at epoch 123
  ▸ resumed BN running stats + ema_bn from .lake/build/efficientnetin_emarmsdp64dropdobf16_ckpt_xla.bin.bn (hash 1982928490047309648)
WARNING: All log messages before absl::InitializeLog() is called are written to STDERR
I0000 00:00:1789356414.601754 2871091 port.cc:153] oneDNN custom operations are on. You may see slightly different numerical results due to floating-point round-off errors from different computation orders. To turn them off, set the environment variable `TF_ENABLE_ONEDNN_OPTS=0`.
I0000 00:00:1789356414.631386 2871091 cpu_feature_guard.cc:227] This TensorFlow binary is optimized to use available CPU instructions in performance-critical operations.
To enable the following instructions: AVX2 AVX512F AVX512_VNNI AVX512_BF16 AVX512_FP16 AVX_VNNI AMX_TILE AMX_INT8 AMX_BF16 FMA, in other operations, rebuild TensorFlow with the appropriate compiler flags.
WARNING: All log messages before absl::InitializeLog() is called are written to STDERR
I0000 00:00:1789356415.668388 2871091 port.cc:153] oneDNN custom operations are on. You may see slightly different numerical results due to floating-point round-off errors from different computation orders. To turn them off, set the environment variable `TF_ENABLE_ONEDNN_OPTS=0`.
I0000 00:00:1789356419.177091 2871198 tf_record_dataset_op.cc:396] The default buffer size is 262144, which is overridden by the user specified `buffer_size` of 8388608
WARNING: All log messages before absl::InitializeLog() is called are written to STDERR
I0000 00:00:1789356419.254079 2871203 port.cc:153] oneDNN custom operations are on. You may see slightly different numerical results due to floating-point round-off errors from different computation orders. To turn them off, set the environment variable `TF_ENABLE_ONEDNN_OPTS=0`.
I0000 00:00:1789356419.291309 2871203 cpu_feature_guard.cc:227] This TensorFlow binary is optimized to use available CPU instructions in performance-critical operations.
To enable the following instructions: AVX2 AVX512F AVX512_VNNI AVX512_BF16 AVX512_FP16 AVX_VNNI AMX_TILE AMX_INT8 AMX_BF16 FMA, in other operations, rebuild TensorFlow with the appropriate compiler flags.
WARNING: All log messages before absl::InitializeLog() is called are written to STDERR
I0000 00:00:1789356420.701240 2871203 port.cc:153] oneDNN custom operations are on. You may see slightly different numerical results due to floating-point round-off errors from different computation orders. To turn them off, set the environment variable `TF_ENABLE_ONEDNN_OPTS=0`.
I0000 00:00:1789356424.182831 2871409 tf_record_dataset_op.cc:396] The default buffer size is 262144, which is overridden by the user specified `buffer_size` of 8388608
WARNING: All log messages before absl::InitializeLog() is called are written to STDERR
I0000 00:00:1789356424.305803 2871412 port.cc:153] oneDNN custom operations are on. You may see slightly different numerical results due to floating-point round-off errors from different computation orders. To turn them off, set the environment variable `TF_ENABLE_ONEDNN_OPTS=0`.
I0000 00:00:1789356424.347513 2871412 cpu_feature_guard.cc:227] This TensorFlow binary is optimized to use available CPU instructions in performance-critical operations.
To enable the following instructions: AVX2 AVX512F AVX512_VNNI AVX512_BF16 AVX512_FP16 AVX_VNNI AMX_TILE AMX_INT8 AMX_BF16 FMA, in other operations, rebuild TensorFlow with the appropriate compiler flags.
WARNING: All log messages before absl::InitializeLog() is called are written to STDERR
I0000 00:00:1789356425.682733 2871412 port.cc:153] oneDNN custom operations are on. You may see slightly different numerical results due to floating-point round-off errors from different computation orders. To turn them off, set the environment variable `TF_ENABLE_ONEDNN_OPTS=0`.
I0000 00:00:1789356429.173349 2871600 tf_record_dataset_op.cc:396] The default buffer size is 262144, which is overridden by the user specified `buffer_size` of 8388608
WARNING: All log messages before absl::InitializeLog() is called are written to STDERR
I0000 00:00:1789356429.233892 2871602 port.cc:153] oneDNN custom operations are on. You may see slightly different numerical results due to floating-point round-off errors from different computation orders. To turn them off, set the environment variable `TF_ENABLE_ONEDNN_OPTS=0`.
I0000 00:00:1789356429.271293 2871602 cpu_feature_guard.cc:227] This TensorFlow binary is optimized to use available CPU instructions in performance-critical operations.
To enable the following instructions: AVX2 AVX512F AVX512_VNNI AVX512_BF16 AVX512_FP16 AVX_VNNI AMX_TILE AMX_INT8 AMX_BF16 FMA, in other operations, rebuild TensorFlow with the appropriate compiler flags.
WARNING: All log messages before absl::InitializeLog() is called are written to STDERR
I0000 00:00:1789356430.633349 2871602 port.cc:153] oneDNN custom operations are on. You may see slightly different numerical results due to floating-point round-off errors from different computation orders. To turn them off, set the environment variable `TF_ENABLE_ONEDNN_OPTS=0`.
[pjrt_ffi] RESIDENT: @efficientnetin_emarmsdp64dropdobf16_train_step holds 852 parameter tensors (80.7 MB) on 4 devices; they stop crossing PCIe from here
I0914 03:27:14.154827 2867589 cuda_dnn.cc:442] Loaded cuDNN version 92400
I0914 03:27:14.154869 2867586 cuda_dnn.cc:442] Loaded cuDNN version 92400
I0914 03:27:14.154904 2867583 cuda_dnn.cc:442] Loaded cuDNN version 92400
I0000 00:00:1789356434.405115 2872249 tf_record_dataset_op.cc:396] The default buffer size is 262144, which is overridden by the user specified `buffer_size` of 8388608
  imagenet shim: jax/.lake/build/generated_efficientnet_b0_imagenet_shim.py — train split, batch 256, 150528 floats/img (seed 1)
  imagenet shim: jax/.lake/build/generated_efficientnet_b0_imagenet_shim.py — train split, batch 256, 150528 floats/img (seed 2)
  imagenet shim: jax/.lake/build/generated_efficientnet_b0_imagenet_shim.py — train split, batch 256, 150528 floats/img (seed 3)
  imagenet shim: jax/.lake/build/generated_efficientnet_b0_imagenet_shim.py — train split, batch 256, 150528 floats/img (seed 4)
  imagenet shim: 4 sharded producers (round-robin over batches)
  ▸ SHIM PREFETCH: ON (depth 4 over 4 producer handle(s) — each step's read is issued before the previous step's invoke, one in flight PER HANDLE, so every producer drains during compute instead of blocking in write()). Measured 377 → 224 ms/step on R34/ImageNet 4×bs64 for depth 1. Batch buffers are allocated and freed on the main thread; the pool only fills them.
  step 0/5004: loss=2.742244
  step 1/5004: loss=2.936749
  step 2/5004: loss=2.633974
  step 100/5004: loss=2.638434
  step 200/5004: loss=2.333178
  step 300/5004: loss=2.757382
  step 400/5004: loss=2.700564
  step 500/5004: loss=2.413769
  step 600/5004: loss=2.480355
  step 700/5004: loss=2.759284
  step 800/5004: loss=3.026700
  step 900/5004: loss=2.964797
  step 1000/5004: loss=2.418591
  step 1100/5004: loss=2.860327
  step 1200/5004: loss=2.369117
  step 1300/5004: loss=2.582597
  step 1400/5004: loss=2.642519
  step 1500/5004: loss=2.310956
  step 1600/5004: loss=2.647961
  step 1700/5004: loss=3.014699
  step 1800/5004: loss=2.409235
  step 1900/5004: loss=2.448197
  step 2000/5004: loss=2.684396
  step 2100/5004: loss=2.902871
  step 2200/5004: loss=2.539463
  step 2300/5004: loss=2.912084
  step 2400/5004: loss=2.693698
  step 2500/5004: loss=2.703197
  step 2600/5004: loss=2.456454
  step 2700/5004: loss=2.595767
  step 2800/5004: loss=2.743287
  step 2900/5004: loss=2.528688
  step 3000/5004: loss=2.573772
  step 3100/5004: loss=2.839274
  step 3200/5004: loss=2.548315
  step 3300/5004: loss=2.840818
  step 3400/5004: loss=2.635954
  step 3500/5004: loss=2.796656
  step 3600/5004: loss=2.655512
  step 3700/5004: loss=2.444170
  step 3800/5004: loss=2.496058
  step 3900/5004: loss=2.906296
  step 4000/5004: loss=2.419259
  step 4100/5004: loss=2.690207
  step 4200/5004: loss=3.122462
  step 4300/5004: loss=2.835510
  step 4400/5004: loss=2.515525
  step 4500/5004: loss=2.582293
  step 4600/5004: loss=2.500069
  step 4700/5004: loss=2.962552
  step 4800/5004: loss=2.819842
  step 4900/5004: loss=2.776880
  step 5000/5004: loss=2.738896
[pjrt_ffi] RESIDENT: @efficientnetin_fwd_eval holds 311 parameter tensors (20.3 MB) on 1 device; they stop crossing PCIe from here
Epoch 124/350: loss=2.667757 lr=0.003534
  epoch 124: test_acc = 36805/50000 = 73.610000%  top5 = 45768/50000 = 91.536000%  [95% CI 73.22–73.99]
    BN companion -> .lake/build/efficientnetin_emarmsdp64dropdobf16_ckpt_xla.bin.bn (42016 floats x 2, hash 17721688565059668166)
  step 0/5004: loss=2.596537
  step 1/5004: loss=2.688318
  step 2/5004: loss=2.757679
  step 100/5004: loss=2.551653
  step 200/5004: loss=2.550219
  step 300/5004: loss=2.656151
  step 400/5004: loss=2.767763
  step 500/5004: loss=3.019451
  step 600/5004: loss=2.608687
  step 700/5004: loss=2.766030
  step 800/5004: loss=2.360430
  step 900/5004: loss=2.241072
  step 1000/5004: loss=2.795706
  step 1100/5004: loss=3.176819
  step 1200/5004: loss=2.491527
  step 1300/5004: loss=2.832132
  step 1400/5004: loss=2.464278
  step 1500/5004: loss=2.874493
  step 1600/5004: loss=2.799270
  step 1700/5004: loss=2.668392
  step 1800/5004: loss=2.707668
  step 1900/5004: loss=2.678215
  step 2000/5004: loss=2.666493
  step 2100/5004: loss=2.747367
  step 2200/5004: loss=2.786699
  step 2300/5004: loss=2.384725
  step 2400/5004: loss=3.160357
  step 2500/5004: loss=2.799852
  step 2600/5004: loss=3.081201
  step 2700/5004: loss=2.905127
  step 2800/5004: loss=2.491550
  step 2900/5004: loss=2.670564
  step 3000/5004: loss=2.425630
  step 3100/5004: loss=2.884495
  step 3200/5004: loss=2.587443
  step 3300/5004: loss=2.919631
  step 3400/5004: loss=3.300189
  step 3500/5004: loss=2.518161
  step 3600/5004: loss=2.717165
  step 3700/5004: loss=2.824931
  step 3800/5004: loss=2.688872
  step 3900/5004: loss=2.925020
  step 4000/5004: loss=2.938864
  step 4100/5004: loss=2.578385
  step 4200/5004: loss=2.507446
  step 4300/5004: loss=2.324949
  step 4400/5004: loss=2.861452
  step 4500/5004: loss=2.579088
  step 4600/5004: loss=2.559512
  step 4700/5004: loss=2.770216
  step 4800/5004: loss=2.555137
  step 4900/5004: loss=2.340502
  step 5000/5004: loss=2.584287
[pjrt_ffi] RESIDENT: @efficientnetin_fwd_eval holds 311 parameter tensors (20.3 MB) on 1 device; they stop crossing PCIe from here
Epoch 125/350: loss=2.665610 lr=0.003489
  epoch 125: test_acc = 36819/50000 = 73.638000%  top5 = 45801/50000 = 91.602000%  [95% CI 73.25–74.02]
    BN companion -> .lake/build/efficientnetin_emarmsdp64dropdobf16_ckpt_xla.bin.bn (42016 floats x 2, hash 16895220699376943353)
  step 0/5004: loss=2.467393
  step 1/5004: loss=2.208062
  step 2/5004: loss=2.899883
===== 2026-09-14 03:51:08 attempt 2 (from epoch 125) =====
I0914 03:51:09.758852 2877812 service.cc:154] XLA service 0x77e060052930 initialized for platform CUDA (this does not guarantee that XLA will be used). Devices:
I0914 03:51:09.758880 2877812 service.cc:170]   StreamExecutor [0]: NVIDIA GeForce RTX 3060, Compute Capability 8.6 (Driver: 13.3.0[610.57.4]; Runtime: 13.3.0; Toolkit: 13.0.0; DNN: 9.24.0)
I0914 03:51:09.758885 2877812 service.cc:170]   StreamExecutor [1]: NVIDIA GeForce RTX 3060, Compute Capability 8.6 (Driver: 13.3.0[610.57.4]; Runtime: 13.3.0; Toolkit: 13.0.0; DNN: 9.24.0)
I0914 03:51:09.758888 2877812 service.cc:170]   StreamExecutor [2]: NVIDIA GeForce RTX 3060, Compute Capability 8.6 (Driver: 13.3.0[610.57.4]; Runtime: 13.3.0; Toolkit: 13.0.0; DNN: 9.24.0)
I0914 03:51:09.758890 2877812 service.cc:170]   StreamExecutor [3]: NVIDIA GeForce RTX 3060, Compute Capability 8.6 (Driver: 13.3.0[610.57.4]; Runtime: 13.3.0; Toolkit: 13.0.0; DNN: 9.24.0)
I0914 03:51:09.761398 2877812 se_gpu_pjrt_client.cc:1450] Using BFC allocator.
I0914 03:51:09.761457 2877812 gpu_helpers.cc:162] XLA backend allocating 8.72GiB (9365880832 bytes) on device 0 for BFCAllocator.
I0914 03:51:09.761500 2877812 gpu_helpers.cc:162] XLA backend allocating 8.72GiB (9365880832 bytes) on device 1 for BFCAllocator.
I0914 03:51:09.761511 2877812 gpu_helpers.cc:162] XLA backend allocating 8.72GiB (9365880832 bytes) on device 2 for BFCAllocator.
I0914 03:51:09.761522 2877812 gpu_helpers.cc:162] XLA backend allocating 8.72GiB (9365880832 bytes) on device 3 for BFCAllocator.
[pjrt_ffi] XLA backend: PJRT 0.114, 4 device(s)
[pjrt_ffi] command buffers: enabled (CUDA default)
I0914 03:51:09.857603 2877812 se_gpu_pjrt_compiler.cc:382] Found GPU target config and a PjRtClient with matching configuration. Performing a JIT compilation.
I0914 03:51:12.077789 2877812 cuda_dnn.cc:442] Loaded cuDNN version 92400
W0914 03:51:13.274893 2877884 cuda_timer.cc:88] Delay kernel timed out: measured time has sub-optimal accuracy. There may be a missing warmup execution, please investigate in Nsight Systems.
W0914 03:51:13.400961 2877884 cuda_timer.cc:88] Delay kernel timed out: measured time has sub-optimal accuracy. There may be a missing warmup execution, please investigate in Nsight Systems.
W0914 03:51:14.263371 2877884 cuda_timer.cc:88] Delay kernel timed out: measured time has sub-optimal accuracy. There may be a missing warmup execution, please investigate in Nsight Systems.
W0914 03:51:14.376780 2877884 cuda_timer.cc:88] Delay kernel timed out: measured time has sub-optimal accuracy. There may be a missing warmup execution, please investigate in Nsight Systems.
I0914 03:51:14.740997 2877895 subprocess_compilation.cc:349] ptxas warning : Registers are spilled to local memory in function 'gemm_fusion_dot_44', 96 bytes spill stores, 64 bytes spill loads

I0914 03:51:14.744025 2877873 subprocess_compilation.cc:349] ptxas warning : Registers are spilled to local memory in function 'gemm_fusion_dot_44', 96 bytes spill stores, 64 bytes spill loads

W0914 03:51:15.289368 2877884 cuda_timer.cc:88] Delay kernel timed out: measured time has sub-optimal accuracy. There may be a missing warmup execution, please investigate in Nsight Systems.
I0914 03:51:28.039877 2877889 subprocess_compilation.cc:349] ptxas warning : Registers are spilled to local memory in function 'gemm_fusion_dot_45', 128 bytes spill stores, 72 bytes spill loads

[pjrt_ffi] compiled verified_mlir/efficientnetin_emarmsdp64dropdobf16_train_step.mlir (@efficientnetin_emarmsdp64dropdobf16_train_step, 965 outputs, 4 replicas) in 36799 ms
I0914 03:51:46.941020 2877877 subprocess_compilation.cc:349] ptxas warning : Registers are spilled to local memory in function 'gemm_fusion_dot_10', 12 bytes spill stores, 12 bytes spill loads

I0914 03:51:47.074254 2877882 subprocess_compilation.cc:349] ptxas warning : Registers are spilled to local memory in function 'gemm_fusion_dot_10', 64 bytes spill stores, 64 bytes spill loads

I0914 03:51:47.182293 2877891 subprocess_compilation.cc:349] ptxas warning : Registers are spilled to local memory in function 'gemm_fusion_dot_10', 128 bytes spill stores, 84 bytes spill loads

[pjrt_ffi] compiled verified_mlir/efficientnetin_fwd.mlir (@efficientnetin_fwd, 1 outputs, 1 replica) in 6187 ms
[pjrt_ffi] compiled verified_mlir/efficientnetin_fwd_eval.mlir (@efficientnetin_fwd_eval, 1 outputs, 1 replica) in 512 ms
WARNING: All log messages before absl::InitializeLog() is called are written to STDERR
I0000 00:00:1789357913.628029 2880951 port.cc:153] oneDNN custom operations are on. You may see slightly different numerical results due to floating-point round-off errors from different computation orders. To turn them off, set the environment variable `TF_ENABLE_ONEDNN_OPTS=0`.
I0000 00:00:1789357913.659518 2880951 cpu_feature_guard.cc:227] This TensorFlow binary is optimized to use available CPU instructions in performance-critical operations.
To enable the following instructions: AVX2 AVX512F AVX512_VNNI AVX512_BF16 AVX512_FP16 AVX_VNNI AMX_TILE AMX_INT8 AMX_BF16 FMA, in other operations, rebuild TensorFlow with the appropriate compiler flags.
WARNING: All log messages before absl::InitializeLog() is called are written to STDERR
I0000 00:00:1789357915.033980 2880951 port.cc:153] oneDNN custom operations are on. You may see slightly different numerical results due to floating-point round-off errors from different computation orders. To turn them off, set the environment variable `TF_ENABLE_ONEDNN_OPTS=0`.
I0000 00:00:1789357915.783923 2881065 tf_record_dataset_op.cc:396] The default buffer size is 262144, which is overridden by the user specified `buffer_size` of 8388608
EfficientNet-B0 on full 1000-class ImageNet via the VERIFIED renderer → XLA/PJRT → GPU, with the tfds batch shim supplying the same augmentation the Lean→JAX reference trainer uses
  xla/pjrt verified_mlir/efficientnetin_emarmsdp64dropdobf16_train_step.mlir
  xla/pjrt verified_mlir/efficientnetin_fwd.mlir
  xla/pjrt verified_mlir/efficientnetin_fwd_eval.mlir
  imagenet shim: jax/.lake/build/generated_efficientnet_b0_imagenet_shim.py — validation split, batch 256, 150528 floats/img (seed 0)
  imagenet: draining the val split into RAM (~30 GB, one time)…
  imagenet: val ready — 50000 images, 28710 MB
  ▸ val = all 50,000 (timm's denominator; drop_remainder=False on the val split)
  train 1281167, test 50000; bs 64, EfficientNet-B0 (ImageNet-1k) emarmsdp64dropdobf16 (exp x0.970000/2.400000ep+warmup 5ep, baseLR 0.016000), He init
  ▸ RMSPROP: m = momentum buffer (init 0), v = running MEAN-SQUARE (init 1.0, TF convention — this optimizer is not bias-corrected)
  ▸ STOCHASTIC DEPTH: 9 drop sites, keeps #[0.973000, 0.947000, 0.920000, 0.907000, 0.880000, 0.867000, 0.840000, 0.827000, 0.813000] — host-drawn per step, 1/keep folded in, NOT on the resident path. Eval is the identity (drop-free forward).
  ▸ CLASSIFIER DROPOUT: keep 0.800000, mask tensor<256x1280xf32> (PER-ELEMENT, one Bernoulli per example×feature — not per-example like the drop scales), host-drawn per step at seed+999983, 1/keep folded in. Eval is the identity (drop-free forward).
  ▸ EMA: region 3 of 4 [θ|m|v|ema], shadow starts AT the weights, decay min(0.999900, (1+t)/(10+t)) — TF warmup-corrected. EVAL AND CHECKPOINT SCORE THE SHADOW.
  running-stats BN: 49 layers, 42016 stat floats → eval via @efficientnetin_fwd_eval
     decay 0.990000 (TF sense; = PyTorch/timm momentum 0.010000), new-batch weight 0.010000
  DATA-PARALLEL: 4 replicas x bs 64 = global batch 256, 5004 steps/epoch
  ▸ resuming from checkpoint at epoch 125
  ▸ resumed BN running stats + ema_bn from .lake/build/efficientnetin_emarmsdp64dropdobf16_ckpt_xla.bin.bn (hash 16895220699376943353)
WARNING: All log messages before absl::InitializeLog() is called are written to STDERR
I0000 00:00:1789357953.483488 2881276 port.cc:153] oneDNN custom operations are on. You may see slightly different numerical results due to floating-point round-off errors from different computation orders. To turn them off, set the environment variable `TF_ENABLE_ONEDNN_OPTS=0`.
I0000 00:00:1789357953.511748 2881276 cpu_feature_guard.cc:227] This TensorFlow binary is optimized to use available CPU instructions in performance-critical operations.
To enable the following instructions: AVX2 AVX512F AVX512_VNNI AVX512_BF16 AVX512_FP16 AVX_VNNI AMX_TILE AMX_INT8 AMX_BF16 FMA, in other operations, rebuild TensorFlow with the appropriate compiler flags.
WARNING: All log messages before absl::InitializeLog() is called are written to STDERR
I0000 00:00:1789357954.536980 2881276 port.cc:153] oneDNN custom operations are on. You may see slightly different numerical results due to floating-point round-off errors from different computation orders. To turn them off, set the environment variable `TF_ENABLE_ONEDNN_OPTS=0`.
WARNING: All log messages before absl::InitializeLog() is called are written to STDERR
I0000 00:00:1789357958.040608 2881392 port.cc:153] oneDNN custom operations are on. You may see slightly different numerical results due to floating-point round-off errors from different computation orders. To turn them off, set the environment variable `TF_ENABLE_ONEDNN_OPTS=0`.
I0000 00:00:1789357958.067909 2881392 cpu_feature_guard.cc:227] This TensorFlow binary is optimized to use available CPU instructions in performance-critical operations.
To enable the following instructions: AVX2 AVX512F AVX512_VNNI AVX512_BF16 AVX512_FP16 AVX_VNNI AMX_TILE AMX_INT8 AMX_BF16 FMA, in other operations, rebuild TensorFlow with the appropriate compiler flags.
I0000 00:00:1789357958.075269 2881391 tf_record_dataset_op.cc:396] The default buffer size is 262144, which is overridden by the user specified `buffer_size` of 8388608
WARNING: All log messages before absl::InitializeLog() is called are written to STDERR
I0000 00:00:1789357959.465830 2881392 port.cc:153] oneDNN custom operations are on. You may see slightly different numerical results due to floating-point round-off errors from different computation orders. To turn them off, set the environment variable `TF_ENABLE_ONEDNN_OPTS=0`.
I0000 00:00:1789357962.947636 2881590 tf_record_dataset_op.cc:396] The default buffer size is 262144, which is overridden by the user specified `buffer_size` of 8388608
WARNING: All log messages before absl::InitializeLog() is called are written to STDERR
I0000 00:00:1789357962.955546 2881591 port.cc:153] oneDNN custom operations are on. You may see slightly different numerical results due to floating-point round-off errors from different computation orders. To turn them off, set the environment variable `TF_ENABLE_ONEDNN_OPTS=0`.
I0000 00:00:1789357962.992050 2881591 cpu_feature_guard.cc:227] This TensorFlow binary is optimized to use available CPU instructions in performance-critical operations.
To enable the following instructions: AVX2 AVX512F AVX512_VNNI AVX512_BF16 AVX512_FP16 AVX_VNNI AMX_TILE AMX_INT8 AMX_BF16 FMA, in other operations, rebuild TensorFlow with the appropriate compiler flags.
WARNING: All log messages before absl::InitializeLog() is called are written to STDERR
I0000 00:00:1789357964.358424 2881591 port.cc:153] oneDNN custom operations are on. You may see slightly different numerical results due to floating-point round-off errors from different computation orders. To turn them off, set the environment variable `TF_ENABLE_ONEDNN_OPTS=0`.
I0000 00:00:1789357967.844035 2881781 tf_record_dataset_op.cc:396] The default buffer size is 262144, which is overridden by the user specified `buffer_size` of 8388608
WARNING: All log messages before absl::InitializeLog() is called are written to STDERR
I0000 00:00:1789357967.855591 2881784 port.cc:153] oneDNN custom operations are on. You may see slightly different numerical results due to floating-point round-off errors from different computation orders. To turn them off, set the environment variable `TF_ENABLE_ONEDNN_OPTS=0`.
I0000 00:00:1789357967.892378 2881784 cpu_feature_guard.cc:227] This TensorFlow binary is optimized to use available CPU instructions in performance-critical operations.
To enable the following instructions: AVX2 AVX512F AVX512_VNNI AVX512_BF16 AVX512_FP16 AVX_VNNI AMX_TILE AMX_INT8 AMX_BF16 FMA, in other operations, rebuild TensorFlow with the appropriate compiler flags.
WARNING: All log messages before absl::InitializeLog() is called are written to STDERR
I0000 00:00:1789357969.254730 2881784 port.cc:153] oneDNN custom operations are on. You may see slightly different numerical results due to floating-point round-off errors from different computation orders. To turn them off, set the environment variable `TF_ENABLE_ONEDNN_OPTS=0`.
[pjrt_ffi] RESIDENT: @efficientnetin_emarmsdp64dropdobf16_train_step holds 852 parameter tensors (80.7 MB) on 4 devices; they stop crossing PCIe from here
I0914 03:52:52.668370 2877870 cuda_dnn.cc:442] Loaded cuDNN version 92400
I0914 03:52:52.668429 2877867 cuda_dnn.cc:442] Loaded cuDNN version 92400
I0914 03:52:52.669874 2877864 cuda_dnn.cc:442] Loaded cuDNN version 92400
I0000 00:00:1789357972.975793 2882246 tf_record_dataset_op.cc:396] The default buffer size is 262144, which is overridden by the user specified `buffer_size` of 8388608
  imagenet shim: jax/.lake/build/generated_efficientnet_b0_imagenet_shim.py — train split, batch 256, 150528 floats/img (seed 1)
  imagenet shim: jax/.lake/build/generated_efficientnet_b0_imagenet_shim.py — train split, batch 256, 150528 floats/img (seed 2)
  imagenet shim: jax/.lake/build/generated_efficientnet_b0_imagenet_shim.py — train split, batch 256, 150528 floats/img (seed 3)
  imagenet shim: jax/.lake/build/generated_efficientnet_b0_imagenet_shim.py — train split, batch 256, 150528 floats/img (seed 4)
  imagenet shim: 4 sharded producers (round-robin over batches)
  ▸ SHIM PREFETCH: ON (depth 4 over 4 producer handle(s) — each step's read is issued before the previous step's invoke, one in flight PER HANDLE, so every producer drains during compute instead of blocking in write()). Measured 377 → 224 ms/step on R34/ImageNet 4×bs64 for depth 1. Batch buffers are allocated and freed on the main thread; the pool only fills them.
  step 0/5004: loss=2.607378
  step 1/5004: loss=3.022954
  step 2/5004: loss=2.410785
  step 100/5004: loss=2.786044
  step 200/5004: loss=2.469766
  step 300/5004: loss=2.801720
  step 400/5004: loss=2.605903
  step 500/5004: loss=2.614047
  step 600/5004: loss=2.452397
  step 700/5004: loss=2.893390
  step 800/5004: loss=2.930576
  step 900/5004: loss=2.972195
  step 1000/5004: loss=2.424844
  step 1100/5004: loss=2.741194
  step 1200/5004: loss=2.307003
  step 1300/5004: loss=2.539361
  step 1400/5004: loss=2.609905
  step 1500/5004: loss=2.587799
  step 1600/5004: loss=2.143342
  step 1700/5004: loss=2.944983
  step 1800/5004: loss=2.305127
  step 1900/5004: loss=2.831090
  step 2000/5004: loss=2.563095
  step 2100/5004: loss=2.850375
  step 2200/5004: loss=2.834638
  step 2300/5004: loss=2.901489
  step 2400/5004: loss=3.096522
  step 2500/5004: loss=2.754897
  step 2600/5004: loss=2.464529
  step 2700/5004: loss=2.773190
  step 2800/5004: loss=2.774032
  step 2900/5004: loss=2.543802
  step 3000/5004: loss=2.550370
  step 3100/5004: loss=3.086181
  step 3200/5004: loss=2.731387
  step 3300/5004: loss=2.818659
  step 3400/5004: loss=2.517467
  step 3500/5004: loss=2.862131
  step 3600/5004: loss=2.626188
  step 3700/5004: loss=2.532942
  step 3800/5004: loss=2.633514
  step 3900/5004: loss=2.800590
  step 4000/5004: loss=2.548907
  step 4100/5004: loss=2.532173
  step 4200/5004: loss=3.071642
  step 4300/5004: loss=2.613293
  step 4400/5004: loss=2.592545
  step 4500/5004: loss=2.694886
  step 4600/5004: loss=2.801673
  step 4700/5004: loss=3.059435
  step 4800/5004: loss=2.956056
  step 4900/5004: loss=2.629082
  step 5000/5004: loss=2.571142
[pjrt_ffi] RESIDENT: @efficientnetin_fwd_eval holds 311 parameter tensors (20.3 MB) on 1 device; they stop crossing PCIe from here
Epoch 126/350: loss=2.652293 lr=0.003445
  epoch 126: test_acc = 36854/50000 = 73.708000%  top5 = 45783/50000 = 91.566000%  [95% CI 73.32–74.09]
    BN companion -> .lake/build/efficientnetin_emarmsdp64dropdobf16_ckpt_xla.bin.bn (42016 floats x 2, hash 8798804333465613343)
  step 0/5004: loss=2.436162
  step 1/5004: loss=2.560972
  step 2/5004: loss=2.838406
  step 100/5004: loss=2.667033
  step 200/5004: loss=2.485323
  step 300/5004: loss=2.744376
  step 400/5004: loss=2.889028
  step 500/5004: loss=2.628422
  step 600/5004: loss=2.613214
  step 700/5004: loss=2.566402
  step 800/5004: loss=2.395085
  step 900/5004: loss=2.346290
  step 1000/5004: loss=2.431440
  step 1100/5004: loss=2.952373
  step 1200/5004: loss=2.455209
  step 1300/5004: loss=2.769879
  step 1400/5004: loss=2.678104
  step 1500/5004: loss=2.566065
  step 1600/5004: loss=2.691558
  step 1700/5004: loss=2.545719
  step 1800/5004: loss=2.692387
  step 1900/5004: loss=2.649069
  step 2000/5004: loss=2.688955
  step 2100/5004: loss=2.570302
  step 2200/5004: loss=2.617023
  step 2300/5004: loss=2.515622
  step 2400/5004: loss=2.805893
  step 2500/5004: loss=2.683739
  step 2600/5004: loss=3.121314
  step 2700/5004: loss=2.595058
  step 2800/5004: loss=2.859051
  step 2900/5004: loss=2.415852
  step 3000/5004: loss=2.352306
  step 3100/5004: loss=2.595576
  step 3200/5004: loss=2.686558
  step 3300/5004: loss=2.617020
  step 3400/5004: loss=2.949314
  step 3500/5004: loss=2.438989
  step 3600/5004: loss=2.650926
  step 3700/5004: loss=2.775564
  step 3800/5004: loss=3.021814
  step 3900/5004: loss=3.021725
  step 4000/5004: loss=3.025940
  step 4100/5004: loss=2.521129
  step 4200/5004: loss=2.574074
  step 4300/5004: loss=2.426240
  step 4400/5004: loss=2.578873
  step 4500/5004: loss=2.840509
  step 4600/5004: loss=2.704129
  step 4700/5004: loss=2.845205
  step 4800/5004: loss=2.501176
  step 4900/5004: loss=2.696885
  step 5000/5004: loss=2.619127
[pjrt_ffi] RESIDENT: @efficientnetin_fwd_eval holds 311 parameter tensors (20.3 MB) on 1 device; they stop crossing PCIe from here
Epoch 127/350: loss=2.649044 lr=0.003402
  epoch 127: test_acc = 36809/50000 = 73.618000%  top5 = 45765/50000 = 91.530000%  [95% CI 73.23–74.00]
    BN companion -> .lake/build/efficientnetin_emarmsdp64dropdobf16_ckpt_xla.bin.bn (42016 floats x 2, hash 17397587106442011726)
  step 0/5004: loss=2.763806
  step 1/5004: loss=2.359415
  step 2/5004: loss=2.424752
  step 100/5004: loss=2.611962
  step 200/5004: loss=2.975779
  step 300/5004: loss=3.097744
  step 400/5004: loss=2.266604
  step 500/5004: loss=2.571228
  step 600/5004: loss=2.338818
  step 700/5004: loss=2.610768
  step 800/5004: loss=2.754486
  step 900/5004: loss=2.918946
  step 1000/5004: loss=2.708931
  step 1100/5004: loss=2.554902
  step 1200/5004: loss=2.785028
  step 1300/5004: loss=2.243762
  step 1400/5004: loss=2.949376
  step 1500/5004: loss=2.779130
  step 1600/5004: loss=2.705338
  step 1700/5004: loss=2.597830
  step 1800/5004: loss=3.200487
  step 1900/5004: loss=2.909923
  step 2000/5004: loss=2.494363
  step 2100/5004: loss=2.254825
  step 2200/5004: loss=2.720531
  step 2300/5004: loss=2.454834
  step 2400/5004: loss=2.936749
  step 2500/5004: loss=2.442884
  step 2600/5004: loss=2.795542
  step 2700/5004: loss=2.806046
  step 2800/5004: loss=2.798766
  step 2900/5004: loss=2.469793
  step 3000/5004: loss=2.927488
  step 3100/5004: loss=2.690736
  step 3200/5004: loss=2.926075
  step 3300/5004: loss=2.528322
  step 3400/5004: loss=2.771462
  step 3500/5004: loss=2.749734
  step 3600/5004: loss=2.354789
  step 3700/5004: loss=2.961241
  step 3800/5004: loss=3.199022
  step 3900/5004: loss=2.497453
  step 4000/5004: loss=2.578940
  step 4100/5004: loss=2.385225
  step 4200/5004: loss=2.245862
  step 4300/5004: loss=2.269054
  step 4400/5004: loss=2.465788
  step 4500/5004: loss=3.167205
  step 4600/5004: loss=2.898734
  step 4700/5004: loss=2.339619
  step 4800/5004: loss=2.480534
  step 4900/5004: loss=2.827994
  step 5000/5004: loss=2.452239
[pjrt_ffi] RESIDENT: @efficientnetin_fwd_eval holds 311 parameter tensors (20.3 MB) on 1 device; they stop crossing PCIe from here
Epoch 128/350: loss=2.654588 lr=0.003359
  epoch 128: test_acc = 36917/50000 = 73.834000%  top5 = 45767/50000 = 91.534000%  [95% CI 73.45–74.22]
    BN companion -> .lake/build/efficientnetin_emarmsdp64dropdobf16_ckpt_xla.bin.bn (42016 floats x 2, hash 14134449752324144678)
  step 0/5004: loss=2.609170
  step 1/5004: loss=2.602444
  step 2/5004: loss=2.239666
  step 100/5004: loss=2.549622
  step 200/5004: loss=2.915521
  step 300/5004: loss=3.012325
  step 400/5004: loss=2.615262
  step 500/5004: loss=2.678391
  step 600/5004: loss=2.730210
  step 700/5004: loss=2.758731
  step 800/5004: loss=2.618637
  step 900/5004: loss=2.559619
  step 1000/5004: loss=2.766017
  step 1100/5004: loss=3.064489
  step 1200/5004: loss=2.471952
  step 1300/5004: loss=3.068690
  step 1400/5004: loss=2.644312
  step 1500/5004: loss=2.768621
  step 1600/5004: loss=2.302059
  step 1700/5004: loss=2.774824
  step 1800/5004: loss=2.623138
  step 1900/5004: loss=2.631649
  step 2000/5004: loss=2.779206
  step 2100/5004: loss=2.701709
  step 2200/5004: loss=2.554842
  step 2300/5004: loss=3.064805
  step 2400/5004: loss=2.831964
  step 2500/5004: loss=2.533027
  step 2600/5004: loss=2.867480
  step 2700/5004: loss=2.345239
  step 2800/5004: loss=2.512202
  step 2900/5004: loss=3.096993
  step 3000/5004: loss=2.585537
  step 3100/5004: loss=2.594485
  step 3200/5004: loss=2.509664
  step 3300/5004: loss=2.987266
  step 3400/5004: loss=2.960395
  step 3500/5004: loss=2.297653
  step 3600/5004: loss=2.713634
  step 3700/5004: loss=2.578791
  step 3800/5004: loss=2.594110
  step 3900/5004: loss=2.498721
  step 4000/5004: loss=2.909369
  step 4100/5004: loss=2.487638
  step 4200/5004: loss=2.533636
  step 4300/5004: loss=2.488421
  step 4400/5004: loss=2.435368
  step 4500/5004: loss=2.365053
  step 4600/5004: loss=2.405925
  step 4700/5004: loss=2.687095
  step 4800/5004: loss=2.616331
  step 4900/5004: loss=2.362704
  step 5000/5004: loss=2.493279
[pjrt_ffi] RESIDENT: @efficientnetin_fwd_eval holds 311 parameter tensors (20.3 MB) on 1 device; they stop crossing PCIe from here
Epoch 129/350: loss=2.652025 lr=0.003316
  epoch 129: test_acc = 36910/50000 = 73.820000%  top5 = 45762/50000 = 91.524000%  [95% CI 73.43–74.20]
    BN companion -> .lake/build/efficientnetin_emarmsdp64dropdobf16_ckpt_xla.bin.bn (42016 floats x 2, hash 14914947704893668695)
  step 0/5004: loss=2.654119
  step 1/5004: loss=2.581050
  step 2/5004: loss=2.722084
  step 100/5004: loss=2.370674
  step 200/5004: loss=2.530332
  step 300/5004: loss=2.747363
  step 400/5004: loss=2.541119
  step 500/5004: loss=2.289068
  step 600/5004: loss=2.426184
  step 700/5004: loss=2.911875
  step 800/5004: loss=2.629423
  step 900/5004: loss=2.498660
  step 1000/5004: loss=2.479485
  step 1100/5004: loss=3.084702
  step 1200/5004: loss=2.589399
  step 1300/5004: loss=2.182787
  step 1400/5004: loss=2.708318
  step 1500/5004: loss=2.213773
  step 1600/5004: loss=2.463746
  step 1700/5004: loss=2.610977
  step 1800/5004: loss=2.795867
  step 1900/5004: loss=2.545554
  step 2000/5004: loss=2.405701
  step 2100/5004: loss=2.365939
  step 2200/5004: loss=2.719519
  step 2300/5004: loss=2.265686
  step 2400/5004: loss=3.016751
  step 2500/5004: loss=2.682242
  step 2600/5004: loss=2.101583
  step 2700/5004: loss=2.390759
  step 2800/5004: loss=2.899699
  step 2900/5004: loss=2.677589
  step 3000/5004: loss=2.814480
  step 3100/5004: loss=2.193952
  step 3200/5004: loss=3.082516
  step 3300/5004: loss=2.966141
  step 3400/5004: loss=2.928780
  step 3500/5004: loss=2.842770
  step 3600/5004: loss=2.654706
  step 3700/5004: loss=2.429137
  step 3800/5004: loss=2.715774
  step 3900/5004: loss=2.632144
  step 4000/5004: loss=2.300189
  step 4100/5004: loss=2.507396
  step 4200/5004: loss=2.446872
  step 4300/5004: loss=2.819762
  step 4400/5004: loss=2.641795
  step 4500/5004: loss=2.484620
  step 4600/5004: loss=2.820275
  step 4700/5004: loss=2.466508
  step 4800/5004: loss=2.886692
  step 4900/5004: loss=2.552832
  step 5000/5004: loss=2.528359
[pjrt_ffi] RESIDENT: @efficientnetin_fwd_eval holds 311 parameter tensors (20.3 MB) on 1 device; they stop crossing PCIe from here
Epoch 130/350: loss=2.646341 lr=0.003275
  epoch 130: test_acc = 36918/50000 = 73.836000%  top5 = 45790/50000 = 91.580000%  [95% CI 73.45–74.22]
    BN companion -> .lake/build/efficientnetin_emarmsdp64dropdobf16_ckpt_xla.bin.bn (42016 floats x 2, hash 2643190802645225113)
  step 0/5004: loss=2.851464
  step 1/5004: loss=2.474382
  step 2/5004: loss=2.656355
  step 100/5004: loss=2.774913
  step 200/5004: loss=2.313908
  step 300/5004: loss=2.900095
  step 400/5004: loss=2.600330
  step 500/5004: loss=2.263368
  step 600/5004: loss=2.734702
  step 700/5004: loss=2.583665
  step 800/5004: loss=2.491058
  step 900/5004: loss=3.060016
  step 1000/5004: loss=2.564641
  step 1100/5004: loss=2.440899
  step 1200/5004: loss=2.510602
  step 1300/5004: loss=2.261778
  step 1400/5004: loss=2.920146
  step 1500/5004: loss=2.557467
  step 1600/5004: loss=2.498383
  step 1700/5004: loss=2.761794
  step 1800/5004: loss=3.021363
  step 1900/5004: loss=2.731946
  step 2000/5004: loss=2.651948
  step 2100/5004: loss=2.471636
  step 2200/5004: loss=2.851234
  step 2300/5004: loss=3.016642
  step 2400/5004: loss=2.749352
  step 2500/5004: loss=2.411224
  step 2600/5004: loss=3.184293
  step 2700/5004: loss=2.750193
  step 2800/5004: loss=2.848559
  step 2900/5004: loss=2.666957
  step 3000/5004: loss=2.545318
  step 3100/5004: loss=2.868907
  step 3200/5004: loss=2.745530
  step 3300/5004: loss=2.650036
  step 3400/5004: loss=2.638719
  step 3500/5004: loss=2.949059
  step 3600/5004: loss=2.928899
  step 3700/5004: loss=2.796733
  step 3800/5004: loss=2.655503
  step 3900/5004: loss=2.796541
  step 4000/5004: loss=2.443710
  step 4100/5004: loss=2.740417
  step 4200/5004: loss=2.430172
  step 4300/5004: loss=2.593318
  step 4400/5004: loss=2.488028
  step 4500/5004: loss=2.846989
  step 4600/5004: loss=2.694198
  step 4700/5004: loss=2.648742
  step 4800/5004: loss=2.507311
  step 4900/5004: loss=3.050370
  step 5000/5004: loss=2.419697
[pjrt_ffi] RESIDENT: @efficientnetin_fwd_eval holds 311 parameter tensors (20.3 MB) on 1 device; they stop crossing PCIe from here
Epoch 131/350: loss=2.642429 lr=0.003233
  epoch 131: test_acc = 36867/50000 = 73.734000%  top5 = 45782/50000 = 91.564000%  [95% CI 73.35–74.12]
    BN companion -> .lake/build/efficientnetin_emarmsdp64dropdobf16_ckpt_xla.bin.bn (42016 floats x 2, hash 8307134968213785736)
  step 0/5004: loss=2.745901
  step 1/5004: loss=2.574370
  step 2/5004: loss=2.613546
  step 100/5004: loss=2.824919
  step 200/5004: loss=2.567826
  step 300/5004: loss=2.607196
  step 400/5004: loss=2.349271
  step 500/5004: loss=2.572969
  step 600/5004: loss=2.715521
  step 700/5004: loss=2.814863
  step 800/5004: loss=2.613609
  step 900/5004: loss=2.890922
  step 1000/5004: loss=2.946556
  step 1100/5004: loss=3.147415
  step 1200/5004: loss=2.599445
  step 1300/5004: loss=2.930395
  step 1400/5004: loss=2.545564
  step 1500/5004: loss=2.557818
  step 1600/5004: loss=2.764819
  step 1700/5004: loss=2.415246
  step 1800/5004: loss=2.707817
  step 1900/5004: loss=2.838674
  step 2000/5004: loss=2.302161
  step 2100/5004: loss=2.345394
  step 2200/5004: loss=2.406147
  step 2300/5004: loss=2.489311
  step 2400/5004: loss=2.326483
  step 2500/5004: loss=2.219887
  step 2600/5004: loss=2.793417
  step 2700/5004: loss=2.398445
  step 2800/5004: loss=2.811868
  step 2900/5004: loss=2.611486
  step 3000/5004: loss=2.759667
  step 3100/5004: loss=2.351464
  step 3200/5004: loss=2.763201
  step 3300/5004: loss=2.660321
  step 3400/5004: loss=2.587688
  step 3500/5004: loss=2.720617
  step 3600/5004: loss=2.731784
  step 3700/5004: loss=2.365589
  step 3800/5004: loss=2.940687
  step 3900/5004: loss=3.253953
  step 4000/5004: loss=2.614339
  step 4100/5004: loss=2.746928
  step 4200/5004: loss=2.678675
  step 4300/5004: loss=2.493280
  step 4400/5004: loss=2.467622
  step 4500/5004: loss=2.718684
  step 4600/5004: loss=2.870888
  step 4700/5004: loss=2.953180
  step 4800/5004: loss=2.440332
  step 4900/5004: loss=2.782024
  step 5000/5004: loss=2.338132
[pjrt_ffi] RESIDENT: @efficientnetin_fwd_eval holds 311 parameter tensors (20.3 MB) on 1 device; they stop crossing PCIe from here
Epoch 132/350: loss=2.639718 lr=0.003192
  epoch 132: test_acc = 36895/50000 = 73.790000%  top5 = 45811/50000 = 91.622000%  [95% CI 73.40–74.17]
    BN companion -> .lake/build/efficientnetin_emarmsdp64dropdobf16_ckpt_xla.bin.bn (42016 floats x 2, hash 9505650955171879364)
  step 0/5004: loss=2.460427
  step 1/5004: loss=2.786469
  step 2/5004: loss=2.716109
  step 100/5004: loss=2.466494
  step 200/5004: loss=2.589647
  step 300/5004: loss=2.548719
  step 400/5004: loss=2.162860
  step 500/5004: loss=2.270866
  step 600/5004: loss=2.850120
  step 700/5004: loss=2.713580
  step 800/5004: loss=2.841731
  step 900/5004: loss=2.855943
  step 1000/5004: loss=2.595575
  step 1100/5004: loss=2.469328
  step 1200/5004: loss=2.491930
  step 1300/5004: loss=2.461655
  step 1400/5004: loss=2.627031
  step 1500/5004: loss=2.766342
  step 1600/5004: loss=2.268883
  step 1700/5004: loss=2.964602
  step 1800/5004: loss=2.497378
  step 1900/5004: loss=2.955789
  step 2000/5004: loss=2.747397
  step 2100/5004: loss=2.293653
  step 2200/5004: loss=2.700045
  step 2300/5004: loss=2.244029
  step 2400/5004: loss=2.587496
  step 2500/5004: loss=2.495461
  step 2600/5004: loss=2.596960
  step 2700/5004: loss=2.736278
  step 2800/5004: loss=2.507917
  step 2900/5004: loss=2.649753
  step 3000/5004: loss=3.032851
  step 3100/5004: loss=2.775236
  step 3200/5004: loss=2.266069
  step 3300/5004: loss=3.101738
  step 3400/5004: loss=2.782404
  step 3500/5004: loss=2.491184
  step 3600/5004: loss=2.644627
  step 3700/5004: loss=2.775725
  step 3800/5004: loss=2.681389
  step 3900/5004: loss=2.855500
  step 4000/5004: loss=2.334760
  step 4100/5004: loss=2.969830
  step 4200/5004: loss=2.808570
  step 4300/5004: loss=2.804762
  step 4400/5004: loss=2.500979
  step 4500/5004: loss=2.807015
  step 4600/5004: loss=2.273644
  step 4700/5004: loss=2.667688
  step 4800/5004: loss=2.564915
  step 4900/5004: loss=3.067189
  step 5000/5004: loss=2.360661
[pjrt_ffi] RESIDENT: @efficientnetin_fwd_eval holds 311 parameter tensors (20.3 MB) on 1 device; they stop crossing PCIe from here
Epoch 133/350: loss=2.643188 lr=0.003152
  epoch 133: test_acc = 36873/50000 = 73.746000%  top5 = 45795/50000 = 91.590000%  [95% CI 73.36–74.13]
    BN companion -> .lake/build/efficientnetin_emarmsdp64dropdobf16_ckpt_xla.bin.bn (42016 floats x 2, hash 14143645270169370260)
  step 0/5004: loss=2.827116
  step 1/5004: loss=2.490865
  step 2/5004: loss=2.269653
  step 100/5004: loss=2.544178
  step 200/5004: loss=2.408011
  step 300/5004: loss=2.414720
  step 400/5004: loss=3.034734
  step 500/5004: loss=2.762277
  step 600/5004: loss=2.616133
  step 700/5004: loss=2.557992
  step 800/5004: loss=2.714559
  step 900/5004: loss=2.421772
  step 1000/5004: loss=2.495930
  step 1100/5004: loss=2.598233
  step 1200/5004: loss=3.048823
  step 1300/5004: loss=2.289682
  step 1400/5004: loss=2.560067
  step 1500/5004: loss=2.633409
  step 1600/5004: loss=2.773586
  step 1700/5004: loss=2.943770
  step 1800/5004: loss=2.225523
  step 1900/5004: loss=2.760224
  step 2000/5004: loss=2.801058
  step 2100/5004: loss=2.827025
  step 2200/5004: loss=2.565602
  step 2300/5004: loss=2.558218
  step 2400/5004: loss=2.815254
  step 2500/5004: loss=2.723452
  step 2600/5004: loss=2.530449
  step 2700/5004: loss=2.574162
  step 2800/5004: loss=2.711123
  step 2900/5004: loss=2.686574
  step 3000/5004: loss=2.656207
  step 3100/5004: loss=2.743941
  step 3200/5004: loss=2.710261
  step 3300/5004: loss=2.324851
  step 3400/5004: loss=2.689715
  step 3500/5004: loss=2.795126
  step 3600/5004: loss=2.436802
  step 3700/5004: loss=2.738969
  step 3800/5004: loss=2.966556
  step 3900/5004: loss=2.502643
  step 4000/5004: loss=2.592628
  step 4100/5004: loss=2.577219
  step 4200/5004: loss=2.227722
  step 4300/5004: loss=2.962732
  step 4400/5004: loss=2.763053
  step 4500/5004: loss=2.513522
  step 4600/5004: loss=3.240819
  step 4700/5004: loss=2.362528
  step 4800/5004: loss=2.561625
  step 4900/5004: loss=2.511308
  step 5000/5004: loss=3.174217
[pjrt_ffi] RESIDENT: @efficientnetin_fwd_eval holds 311 parameter tensors (20.3 MB) on 1 device; they stop crossing PCIe from here
Epoch 134/350: loss=2.642651 lr=0.003112
  epoch 134: test_acc = 36893/50000 = 73.786000%  top5 = 45832/50000 = 91.664000%  [95% CI 73.40–74.17]
    BN companion -> .lake/build/efficientnetin_emarmsdp64dropdobf16_ckpt_xla.bin.bn (42016 floats x 2, hash 10052216688760690794)
  step 0/5004: loss=2.607348
  step 1/5004: loss=2.453451
  step 2/5004: loss=2.643893
  step 100/5004: loss=2.677531
  step 200/5004: loss=2.590242
  step 300/5004: loss=2.480868
  step 400/5004: loss=2.531984
  step 500/5004: loss=2.599630
  step 600/5004: loss=2.590352
  step 700/5004: loss=2.158383
  step 800/5004: loss=3.047143
  step 900/5004: loss=2.546989
  step 1000/5004: loss=2.368508
  step 1100/5004: loss=2.763549
  step 1200/5004: loss=2.773788
  step 1300/5004: loss=2.864527
  step 1400/5004: loss=2.785412
  step 1500/5004: loss=2.656191
  step 1600/5004: loss=2.928651
  step 1700/5004: loss=2.637620
  step 1800/5004: loss=2.276042
  step 1900/5004: loss=2.507647
  step 2000/5004: loss=2.689696
  step 2100/5004: loss=2.687772
  step 2200/5004: loss=2.547791
  step 2300/5004: loss=2.601034
  step 2400/5004: loss=2.779252
  step 2500/5004: loss=2.515876
  step 2600/5004: loss=2.631671
  step 2700/5004: loss=2.698532
  step 2800/5004: loss=2.544250
  step 2900/5004: loss=2.502214
  step 3000/5004: loss=2.735627
  step 3100/5004: loss=2.582061
  step 3200/5004: loss=2.555426
  step 3300/5004: loss=2.775950
  step 3400/5004: loss=3.205327
  step 3500/5004: loss=2.614948
  step 3600/5004: loss=2.654100
  step 3700/5004: loss=2.383840
  step 3800/5004: loss=2.366902
  step 3900/5004: loss=2.528805
  step 4000/5004: loss=2.464342
  step 4100/5004: loss=2.735054
  step 4200/5004: loss=2.508857
  step 4300/5004: loss=3.035797
  step 4400/5004: loss=2.914691
  step 4500/5004: loss=2.864053
  step 4600/5004: loss=2.463985
  step 4700/5004: loss=2.907300
  step 4800/5004: loss=3.239860
  step 4900/5004: loss=2.513264
  step 5000/5004: loss=2.531375
[pjrt_ffi] RESIDENT: @efficientnetin_fwd_eval holds 311 parameter tensors (20.3 MB) on 1 device; they stop crossing PCIe from here
Epoch 135/350: loss=2.629009 lr=0.003073
  epoch 135: test_acc = 36931/50000 = 73.862000%  top5 = 45870/50000 = 91.740000%  [95% CI 73.48–74.25]
    BN companion -> .lake/build/efficientnetin_emarmsdp64dropdobf16_ckpt_xla.bin.bn (42016 floats x 2, hash 2481245195974191229)
  step 0/5004: loss=2.723974
  step 1/5004: loss=2.503307
  step 2/5004: loss=2.485943
  step 100/5004: loss=2.614885
  step 200/5004: loss=2.691940
  step 300/5004: loss=2.753606
  step 400/5004: loss=2.708937
  step 500/5004: loss=2.621747
  step 600/5004: loss=3.169771
  step 700/5004: loss=2.969176
  step 800/5004: loss=2.498204
  step 900/5004: loss=2.543780
  step 1000/5004: loss=2.504675
  step 1100/5004: loss=2.508938
  step 1200/5004: loss=2.319262
  step 1300/5004: loss=2.800037
  step 1400/5004: loss=2.903044
  step 1500/5004: loss=2.528325
  step 1600/5004: loss=2.578283
  step 1700/5004: loss=2.548436
  step 1800/5004: loss=2.659226
  step 1900/5004: loss=2.491555
  step 2000/5004: loss=2.557266
  step 2100/5004: loss=2.720921
  step 2200/5004: loss=2.534157
  step 2300/5004: loss=2.462593
  step 2400/5004: loss=2.428997
  step 2500/5004: loss=2.379745
  step 2600/5004: loss=2.601902
  step 2700/5004: loss=2.607510
  step 2800/5004: loss=2.463801
  step 2900/5004: loss=2.515071
  step 3000/5004: loss=2.621388
  step 3100/5004: loss=2.287908
  step 3200/5004: loss=2.430557
  step 3300/5004: loss=2.469440
  step 3400/5004: loss=2.314921
  step 3500/5004: loss=2.827593
  step 3600/5004: loss=2.579373
  step 3700/5004: loss=2.204780
  step 3800/5004: loss=2.246338
  step 3900/5004: loss=2.796676
  step 4000/5004: loss=2.905499
  step 4100/5004: loss=2.524321
  step 4200/5004: loss=2.687739
  step 4300/5004: loss=2.460289
  step 4400/5004: loss=2.806240
  step 4500/5004: loss=2.549301
  step 4600/5004: loss=2.548608
  step 4700/5004: loss=2.755510
  step 4800/5004: loss=2.559694
  step 4900/5004: loss=2.939966
  step 5000/5004: loss=2.586280
[pjrt_ffi] RESIDENT: @efficientnetin_fwd_eval holds 311 parameter tensors (20.3 MB) on 1 device; they stop crossing PCIe from here
Epoch 136/350: loss=2.631454 lr=0.003034
  epoch 136: test_acc = 36983/50000 = 73.966000%  top5 = 45873/50000 = 91.746000%  [95% CI 73.58–74.35]
    BN companion -> .lake/build/efficientnetin_emarmsdp64dropdobf16_ckpt_xla.bin.bn (42016 floats x 2, hash 884954256847685304)
  step 0/5004: loss=2.438992
  step 1/5004: loss=2.943949
  step 2/5004: loss=2.543663
  step 100/5004: loss=2.492142
  step 200/5004: loss=2.797011
  step 300/5004: loss=2.602124
  step 400/5004: loss=2.859655
  step 500/5004: loss=2.555375
  step 600/5004: loss=2.603500
  step 700/5004: loss=2.470899
  step 800/5004: loss=2.794149
  step 900/5004: loss=2.253173
  step 1000/5004: loss=2.972557
  step 1100/5004: loss=2.594534
  step 1200/5004: loss=2.656746
  step 1300/5004: loss=2.559206
  step 1400/5004: loss=2.900572
  step 1500/5004: loss=2.740866
  step 1600/5004: loss=2.362083
  step 1700/5004: loss=2.605946
  step 1800/5004: loss=2.837065
  step 1900/5004: loss=2.749103
  step 2000/5004: loss=2.523125
  step 2100/5004: loss=2.555187
  step 2200/5004: loss=2.658400
  step 2300/5004: loss=2.675368
  step 2400/5004: loss=2.635443
  step 2500/5004: loss=2.836815
  step 2600/5004: loss=3.058159
  step 2700/5004: loss=2.752219
  step 2800/5004: loss=2.551946
  step 2900/5004: loss=2.682492
  step 3000/5004: loss=2.491812
  step 3100/5004: loss=2.577973
  step 3200/5004: loss=2.571083
  step 3300/5004: loss=2.370570
  step 3400/5004: loss=2.389811
  step 3500/5004: loss=2.923287
  step 3600/5004: loss=2.416759
  step 3700/5004: loss=2.773950
  step 3800/5004: loss=2.252320
  step 3900/5004: loss=2.691515
  step 4000/5004: loss=2.438323
  step 4100/5004: loss=2.946023
  step 4200/5004: loss=2.557144
  step 4300/5004: loss=2.725998
  step 4400/5004: loss=2.621006
  step 4500/5004: loss=2.721003
  step 4600/5004: loss=2.590964
  step 4700/5004: loss=2.420715
  step 4800/5004: loss=1.963315
  step 4900/5004: loss=2.597761
  step 5000/5004: loss=2.730898
[pjrt_ffi] RESIDENT: @efficientnetin_fwd_eval holds 311 parameter tensors (20.3 MB) on 1 device; they stop crossing PCIe from here
Epoch 137/350: loss=2.630922 lr=0.002996
  epoch 137: test_acc = 36970/50000 = 73.940000%  top5 = 45871/50000 = 91.742000%  [95% CI 73.55–74.32]
    BN companion -> .lake/build/efficientnetin_emarmsdp64dropdobf16_ckpt_xla.bin.bn (42016 floats x 2, hash 5541795317297663607)
  step 0/5004: loss=2.758094
  step 1/5004: loss=2.322894
  step 2/5004: loss=2.455353
  step 100/5004: loss=2.395003
  step 200/5004: loss=2.437495
  step 300/5004: loss=2.625540
  step 400/5004: loss=2.776538
  step 500/5004: loss=2.579685
  step 600/5004: loss=2.777819
  step 700/5004: loss=2.955896
  step 800/5004: loss=2.606760
  step 900/5004: loss=2.325627
  step 1000/5004: loss=2.604084
  step 1100/5004: loss=2.794545
  step 1200/5004: loss=2.643373
  step 1300/5004: loss=3.153698
  step 1400/5004: loss=3.019612
  step 1500/5004: loss=2.443927
  step 1600/5004: loss=2.294823
  step 1700/5004: loss=2.996219
  step 1800/5004: loss=2.775741
  step 1900/5004: loss=2.492166
  step 2000/5004: loss=2.636779
  step 2100/5004: loss=2.646219
  step 2200/5004: loss=2.718951
  step 2300/5004: loss=2.875193
  step 2400/5004: loss=2.442425
  step 2500/5004: loss=2.297415
  step 2600/5004: loss=2.826538
  step 2700/5004: loss=2.305277
  step 2800/5004: loss=2.763888
  step 2900/5004: loss=2.637768
  step 3000/5004: loss=2.857537
  step 3100/5004: loss=2.662202
  step 3200/5004: loss=2.816893
  step 3300/5004: loss=2.564377
  step 3400/5004: loss=2.152246
  step 3500/5004: loss=2.805451
  step 3600/5004: loss=2.620709
  step 3700/5004: loss=2.354376
  step 3800/5004: loss=2.218952
  step 3900/5004: loss=2.519948
  step 4000/5004: loss=2.824796
  step 4100/5004: loss=2.876482
  step 4200/5004: loss=2.232304
  step 4300/5004: loss=2.577243
  step 4400/5004: loss=2.938599
  step 4500/5004: loss=2.615178
  step 4600/5004: loss=2.749281
  step 4700/5004: loss=3.018803
  step 4800/5004: loss=2.631217
  step 4900/5004: loss=2.922101
  step 5000/5004: loss=2.232274
[pjrt_ffi] RESIDENT: @efficientnetin_fwd_eval holds 311 parameter tensors (20.3 MB) on 1 device; they stop crossing PCIe from here
Epoch 138/350: loss=2.626264 lr=0.002958
  epoch 138: test_acc = 36987/50000 = 73.974000%  top5 = 45869/50000 = 91.738000%  [95% CI 73.59–74.36]
    BN companion -> .lake/build/efficientnetin_emarmsdp64dropdobf16_ckpt_xla.bin.bn (42016 floats x 2, hash 4883181888008788623)
  step 0/5004: loss=2.253459
  step 1/5004: loss=2.769558
  step 2/5004: loss=2.171602
  step 100/5004: loss=2.248395
  step 200/5004: loss=3.005366
  step 300/5004: loss=2.858021
  step 400/5004: loss=2.724452
  step 500/5004: loss=2.579001
  step 600/5004: loss=2.534552
  step 700/5004: loss=3.003636
  step 800/5004: loss=2.632109
  step 900/5004: loss=2.479580
  step 1000/5004: loss=2.628308
  step 1100/5004: loss=2.923354
  step 1200/5004: loss=2.934001
  step 1300/5004: loss=2.974990
  step 1400/5004: loss=2.464125
  step 1500/5004: loss=2.327044
  step 1600/5004: loss=2.634713
  step 1700/5004: loss=2.745684
  step 1800/5004: loss=2.531278
  step 1900/5004: loss=2.571845
  step 2000/5004: loss=2.145928
  step 2100/5004: loss=2.431713
  step 2200/5004: loss=2.650363
  step 2300/5004: loss=2.450551
  step 2400/5004: loss=2.702928
  step 2500/5004: loss=2.460685
  step 2600/5004: loss=2.903057
  step 2700/5004: loss=2.871451
  step 2800/5004: loss=2.476564
  step 2900/5004: loss=2.954830
  step 3000/5004: loss=2.532314
  step 3100/5004: loss=2.653646
  step 3200/5004: loss=2.510352
  step 3300/5004: loss=2.532106
  step 3400/5004: loss=2.682434
  step 3500/5004: loss=2.757205
  step 3600/5004: loss=2.917579
  step 3700/5004: loss=2.613219
  step 3800/5004: loss=2.513946
  step 3900/5004: loss=2.522009
  step 4000/5004: loss=2.524654
  step 4100/5004: loss=2.363173
  step 4200/5004: loss=2.750110
  step 4300/5004: loss=2.443416
  step 4400/5004: loss=2.513540
  step 4500/5004: loss=2.595236
  step 4600/5004: loss=2.688868
  step 4700/5004: loss=2.385719
  step 4800/5004: loss=2.976938
  step 4900/5004: loss=2.432888
  step 5000/5004: loss=2.527279
[pjrt_ffi] RESIDENT: @efficientnetin_fwd_eval holds 311 parameter tensors (20.3 MB) on 1 device; they stop crossing PCIe from here
Epoch 139/350: loss=2.621164 lr=0.002921
  epoch 139: test_acc = 36993/50000 = 73.986000%  top5 = 45876/50000 = 91.752000%  [95% CI 73.60–74.37]
    BN companion -> .lake/build/efficientnetin_emarmsdp64dropdobf16_ckpt_xla.bin.bn (42016 floats x 2, hash 538910251232502745)
  step 0/5004: loss=2.500720
  step 1/5004: loss=2.360058
  step 2/5004: loss=2.576913
  step 100/5004: loss=2.456744
  step 200/5004: loss=2.934436
  step 300/5004: loss=2.392574
  step 400/5004: loss=2.786356
  step 500/5004: loss=2.746930
  step 600/5004: loss=2.498403
  step 700/5004: loss=2.617319
  step 800/5004: loss=2.974973
  step 900/5004: loss=2.318707
  step 1000/5004: loss=2.760772
  step 1100/5004: loss=2.748993
  step 1200/5004: loss=2.338361
  step 1300/5004: loss=2.789782
  step 1400/5004: loss=2.721480
  step 1500/5004: loss=2.783600
  step 1600/5004: loss=2.414105
  step 1700/5004: loss=2.549109
  step 1800/5004: loss=2.624416
  step 1900/5004: loss=2.472336
  step 2000/5004: loss=2.357550
  step 2100/5004: loss=2.283859
  step 2200/5004: loss=2.538093
  step 2300/5004: loss=2.695027
  step 2400/5004: loss=2.617638
  step 2500/5004: loss=2.251310
  step 2600/5004: loss=2.594073
  step 2700/5004: loss=2.448305
  step 2800/5004: loss=2.540579
  step 2900/5004: loss=2.504505
  step 3000/5004: loss=2.450988
  step 3100/5004: loss=2.733082
  step 3200/5004: loss=2.447851
  step 3300/5004: loss=2.415642
  step 3400/5004: loss=2.349260
  step 3500/5004: loss=3.319583
  step 3600/5004: loss=2.634514
  step 3700/5004: loss=2.574587
  step 3800/5004: loss=2.498442
  step 3900/5004: loss=2.352703
  step 4000/5004: loss=2.829006
  step 4100/5004: loss=2.302129
  step 4200/5004: loss=2.450421
  step 4300/5004: loss=2.755108
  step 4400/5004: loss=2.648283
  step 4500/5004: loss=2.369276
  step 4600/5004: loss=2.796512
  step 4700/5004: loss=2.464926
  step 4800/5004: loss=2.240708
  step 4900/5004: loss=3.150464
  step 5000/5004: loss=2.619116
[pjrt_ffi] RESIDENT: @efficientnetin_fwd_eval holds 311 parameter tensors (20.3 MB) on 1 device; they stop crossing PCIe from here
Epoch 140/350: loss=2.619305 lr=0.002884
  epoch 140: test_acc = 37060/50000 = 74.120000%  top5 = 45897/50000 = 91.794000%  [95% CI 73.73–74.50]
    BN companion -> .lake/build/efficientnetin_emarmsdp64dropdobf16_ckpt_xla.bin.bn (42016 floats x 2, hash 2464557570621347147)
  step 0/5004: loss=2.537570
  step 1/5004: loss=2.365774
  step 2/5004: loss=3.002357
  step 100/5004: loss=2.346916
  step 200/5004: loss=2.529862
  step 300/5004: loss=2.382873
  step 400/5004: loss=2.535019
  step 500/5004: loss=2.562693
  step 600/5004: loss=3.336553
  step 700/5004: loss=2.457713
  step 800/5004: loss=2.543631
  step 900/5004: loss=2.782276
  step 1000/5004: loss=2.454740
  step 1100/5004: loss=2.657083
  step 1200/5004: loss=2.684493
  step 1300/5004: loss=2.488969
  step 1400/5004: loss=2.684209
  step 1500/5004: loss=2.781185
  step 1600/5004: loss=2.749367
  step 1700/5004: loss=2.600421
  step 1800/5004: loss=2.516263
  step 1900/5004: loss=2.516378
  step 2000/5004: loss=2.490503
  step 2100/5004: loss=2.561077
  step 2200/5004: loss=2.742873
  step 2300/5004: loss=2.509972
  step 2400/5004: loss=2.813573
  step 2500/5004: loss=2.805429
  step 2600/5004: loss=3.122986
  step 2700/5004: loss=2.517393
  step 2800/5004: loss=2.694736
  step 2900/5004: loss=3.321912
  step 3000/5004: loss=2.455025
  step 3100/5004: loss=2.732849
  step 3200/5004: loss=2.493097
  step 3300/5004: loss=2.794155
  step 3400/5004: loss=2.538594
  step 3500/5004: loss=2.730059
  step 3600/5004: loss=2.485664
  step 3700/5004: loss=2.351186
  step 3800/5004: loss=2.580224
  step 3900/5004: loss=2.674410
  step 4000/5004: loss=2.293319
  step 4100/5004: loss=2.731680
  step 4200/5004: loss=3.134363
  step 4300/5004: loss=2.642008
  step 4400/5004: loss=2.722427
  step 4500/5004: loss=2.503555
  step 4600/5004: loss=2.383096
  step 4700/5004: loss=2.165235
  step 4800/5004: loss=3.029013
  step 4900/5004: loss=2.789214
  step 5000/5004: loss=2.309282
[pjrt_ffi] RESIDENT: @efficientnetin_fwd_eval holds 311 parameter tensors (20.3 MB) on 1 device; they stop crossing PCIe from here
Epoch 141/350: loss=2.617435 lr=0.002848
  epoch 141: test_acc = 37081/50000 = 74.162000%  top5 = 45913/50000 = 91.826000%  [95% CI 73.78–74.54]
    BN companion -> .lake/build/efficientnetin_emarmsdp64dropdobf16_ckpt_xla.bin.bn (42016 floats x 2, hash 236297937909698561)
  step 0/5004: loss=2.670511
  step 1/5004: loss=2.456113
  step 2/5004: loss=2.388583
  step 100/5004: loss=2.606526
  step 200/5004: loss=2.597391
  step 300/5004: loss=2.393288
  step 400/5004: loss=2.655556
  step 500/5004: loss=2.690447
  step 600/5004: loss=2.594016
  step 700/5004: loss=2.696650
  step 800/5004: loss=2.433489
  step 900/5004: loss=2.546954
  step 1000/5004: loss=2.614584
  step 1100/5004: loss=2.795784
  step 1200/5004: loss=2.692084
  step 1300/5004: loss=2.786910
  step 1400/5004: loss=2.614308
  step 1500/5004: loss=2.550576
  step 1600/5004: loss=2.725927
  step 1700/5004: loss=2.514606
  step 1800/5004: loss=2.285246
  step 1900/5004: loss=2.779864
  step 2000/5004: loss=2.647154
  step 2100/5004: loss=2.594608
  step 2200/5004: loss=2.540244
  step 2300/5004: loss=2.750093
  step 2400/5004: loss=2.803616
  step 2500/5004: loss=2.336485
  step 2600/5004: loss=2.759599
  step 2700/5004: loss=2.422354
  step 2800/5004: loss=2.270990
  step 2900/5004: loss=2.658660
  step 3000/5004: loss=2.840341
  step 3100/5004: loss=2.620914
  step 3200/5004: loss=2.804456
  step 3300/5004: loss=2.472713
  step 3400/5004: loss=2.216593
  step 3500/5004: loss=2.428545
  step 3600/5004: loss=2.629981
  step 3700/5004: loss=3.070211
  step 3800/5004: loss=2.532509
  step 3900/5004: loss=2.594253
  step 4000/5004: loss=2.771724
  step 4100/5004: loss=2.745527
  step 4200/5004: loss=2.354372
  step 4300/5004: loss=2.617740
  step 4400/5004: loss=2.616758
  step 4500/5004: loss=2.648852
  step 4600/5004: loss=2.352308
  step 4700/5004: loss=2.703796
  step 4800/5004: loss=2.638147
  step 4900/5004: loss=2.418399
  step 5000/5004: loss=2.826832
[pjrt_ffi] RESIDENT: @efficientnetin_fwd_eval holds 311 parameter tensors (20.3 MB) on 1 device; they stop crossing PCIe from here
Epoch 142/350: loss=2.615967 lr=0.002812
  epoch 142: test_acc = 37085/50000 = 74.170000%  top5 = 45913/50000 = 91.826000%  [95% CI 73.78–74.55]
    BN companion -> .lake/build/efficientnetin_emarmsdp64dropdobf16_ckpt_xla.bin.bn (42016 floats x 2, hash 2978249442926533511)
  step 0/5004: loss=2.757313
  step 1/5004: loss=2.399873
  step 2/5004: loss=2.775424
  step 100/5004: loss=2.552385
  step 200/5004: loss=2.860470
  step 300/5004: loss=2.536191
  step 400/5004: loss=2.662428
  step 500/5004: loss=2.579048
  step 600/5004: loss=2.393721
  step 700/5004: loss=2.627263
  step 800/5004: loss=2.742434
  step 900/5004: loss=2.637357
  step 1000/5004: loss=2.365216
  step 1100/5004: loss=2.923233
  step 1200/5004: loss=2.984195
  step 1300/5004: loss=2.357560
  step 1400/5004: loss=2.528840
  step 1500/5004: loss=2.376272
  step 1600/5004: loss=2.829784
  step 1700/5004: loss=2.817111
  step 1800/5004: loss=2.715857
  step 1900/5004: loss=2.482714
  step 2000/5004: loss=2.496663
  step 2100/5004: loss=2.681071
  step 2200/5004: loss=2.530158
  step 2300/5004: loss=2.492467
  step 2400/5004: loss=2.691544
  step 2500/5004: loss=2.453349
  step 2600/5004: loss=2.324577
  step 2700/5004: loss=2.398025
  step 2800/5004: loss=2.663896
  step 2900/5004: loss=2.510900
  step 3000/5004: loss=2.508884
  step 3100/5004: loss=2.630602
  step 3200/5004: loss=2.729502
  step 3300/5004: loss=2.643270
  step 3400/5004: loss=2.811612
  step 3500/5004: loss=2.595935
  step 3600/5004: loss=2.677483
  step 3700/5004: loss=2.509651
  step 3800/5004: loss=2.561227
  step 3900/5004: loss=2.700444
  step 4000/5004: loss=2.682613
  step 4100/5004: loss=2.405963
  step 4200/5004: loss=2.997887
  step 4300/5004: loss=2.767089
  step 4400/5004: loss=2.587088
  step 4500/5004: loss=2.898795
  step 4600/5004: loss=2.430029
  step 4700/5004: loss=3.015450
  step 4800/5004: loss=2.664917
  step 4900/5004: loss=2.765430
  step 5000/5004: loss=2.592904
[pjrt_ffi] RESIDENT: @efficientnetin_fwd_eval holds 311 parameter tensors (20.3 MB) on 1 device; they stop crossing PCIe from here
Epoch 143/350: loss=2.610794 lr=0.002776
  epoch 143: test_acc = 37115/50000 = 74.230000%  top5 = 45919/50000 = 91.838000%  [95% CI 73.84–74.61]
    BN companion -> .lake/build/efficientnetin_emarmsdp64dropdobf16_ckpt_xla.bin.bn (42016 floats x 2, hash 16977278027048868010)
  step 0/5004: loss=2.761139
  step 1/5004: loss=2.700539
  step 2/5004: loss=2.543688
  step 100/5004: loss=2.429006
  step 200/5004: loss=2.621451
  step 300/5004: loss=2.524813
  step 400/5004: loss=2.833039
  step 500/5004: loss=2.893734
  step 600/5004: loss=2.495835
  step 700/5004: loss=2.763742
  step 800/5004: loss=2.340140
  step 900/5004: loss=2.476668
  step 1000/5004: loss=2.766446
  step 1100/5004: loss=2.587475
  step 1200/5004: loss=2.868170
  step 1300/5004: loss=2.327672
  step 1400/5004: loss=2.793452
  step 1500/5004: loss=2.656638
  step 1600/5004: loss=2.496194
  step 1700/5004: loss=2.479470
  step 1800/5004: loss=2.563355
  step 1900/5004: loss=2.826464
  step 2000/5004: loss=2.277999
  step 2100/5004: loss=2.488518
  step 2200/5004: loss=2.139162
  step 2300/5004: loss=2.457965
  step 2400/5004: loss=2.510602
  step 2500/5004: loss=2.333455
  step 2600/5004: loss=2.606246
  step 2700/5004: loss=2.327288
  step 2800/5004: loss=2.445633
  step 2900/5004: loss=2.208931
  step 3000/5004: loss=2.407595
  step 3100/5004: loss=2.542246
  step 3200/5004: loss=2.729807
  step 3300/5004: loss=2.671234
  step 3400/5004: loss=2.404935
  step 3500/5004: loss=2.481735
  step 3600/5004: loss=2.399673
  step 3700/5004: loss=2.409652
  step 3800/5004: loss=2.530909
  step 3900/5004: loss=3.173355
  step 4000/5004: loss=3.071775
  step 4100/5004: loss=2.685956
  step 4200/5004: loss=2.679956
  step 4300/5004: loss=2.444004
  step 4400/5004: loss=2.915430
  step 4500/5004: loss=2.459573
  step 4600/5004: loss=2.440981
  step 4700/5004: loss=2.468380
  step 4800/5004: loss=2.482090
  step 4900/5004: loss=2.531509
  step 5000/5004: loss=2.660437
[pjrt_ffi] RESIDENT: @efficientnetin_fwd_eval holds 311 parameter tensors (20.3 MB) on 1 device; they stop crossing PCIe from here
Epoch 144/350: loss=2.606896 lr=0.002741
  epoch 144: test_acc = 37094/50000 = 74.188000%  top5 = 45919/50000 = 91.838000%  [95% CI 73.80–74.57]
    BN companion -> .lake/build/efficientnetin_emarmsdp64dropdobf16_ckpt_xla.bin.bn (42016 floats x 2, hash 11879234809282312699)
  step 0/5004: loss=2.150474
  step 1/5004: loss=2.696293
  step 2/5004: loss=2.479823
  step 100/5004: loss=3.137572
  step 200/5004: loss=2.276104
  step 300/5004: loss=2.226997
  step 400/5004: loss=2.665802
  step 500/5004: loss=2.651062
  step 600/5004: loss=2.633518
  step 700/5004: loss=2.640787
  step 800/5004: loss=2.537530
  step 900/5004: loss=2.349470
  step 1000/5004: loss=2.937100
  step 1100/5004: loss=2.421087
  step 1200/5004: loss=2.613979
  step 1300/5004: loss=2.466452
  step 1400/5004: loss=2.973861
  step 1500/5004: loss=2.499066
  step 1600/5004: loss=2.531995
  step 1700/5004: loss=2.812606
  step 1800/5004: loss=3.170337
  step 1900/5004: loss=2.674881
  step 2000/5004: loss=2.592438
  step 2100/5004: loss=2.569734
  step 2200/5004: loss=2.807096
  step 2300/5004: loss=2.722555
  step 2400/5004: loss=2.633987
  step 2500/5004: loss=2.795939
  step 2600/5004: loss=2.342914
  step 2700/5004: loss=2.291898
  step 2800/5004: loss=3.163150
  step 2900/5004: loss=2.548528
  step 3000/5004: loss=2.647213
  step 3100/5004: loss=2.480227
  step 3200/5004: loss=2.762250
  step 3300/5004: loss=2.504893
  step 3400/5004: loss=2.828194
  step 3500/5004: loss=2.431098
  step 3600/5004: loss=3.004665
  step 3700/5004: loss=2.867178
  step 3800/5004: loss=2.314742
  step 3900/5004: loss=2.424809
  step 4000/5004: loss=2.933027
  step 4100/5004: loss=2.999770
  step 4200/5004: loss=2.452945
  step 4300/5004: loss=2.256223
  step 4400/5004: loss=2.584037
  step 4500/5004: loss=2.767279
  step 4600/5004: loss=2.522550
  step 4700/5004: loss=2.403717
  step 4800/5004: loss=2.904562
  step 4900/5004: loss=3.409309
  step 5000/5004: loss=2.431472
[pjrt_ffi] RESIDENT: @efficientnetin_fwd_eval holds 311 parameter tensors (20.3 MB) on 1 device; they stop crossing PCIe from here
Epoch 145/350: loss=2.606110 lr=0.002707
  epoch 145: test_acc = 37094/50000 = 74.188000%  top5 = 45927/50000 = 91.854000%  [95% CI 73.80–74.57]
    BN companion -> .lake/build/efficientnetin_emarmsdp64dropdobf16_ckpt_xla.bin.bn (42016 floats x 2, hash 10307457673689149954)
  step 0/5004: loss=2.512289
  step 1/5004: loss=2.616797
  step 2/5004: loss=2.621017
  step 100/5004: loss=2.505823
  step 200/5004: loss=2.169749
  step 300/5004: loss=2.752067
  step 400/5004: loss=2.312154
  step 500/5004: loss=2.585984
  step 600/5004: loss=2.658263
  step 700/5004: loss=2.506709
  step 800/5004: loss=2.423776
  step 900/5004: loss=2.546154
  step 1000/5004: loss=2.589418
  step 1100/5004: loss=2.822838
  step 1200/5004: loss=2.772902
  step 1300/5004: loss=2.588622
  step 1400/5004: loss=2.545093
  step 1500/5004: loss=3.060996
  step 1600/5004: loss=2.754041
  step 1700/5004: loss=2.559861
  step 1800/5004: loss=2.142282
  step 1900/5004: loss=2.312348
  step 2000/5004: loss=2.820916
  step 2100/5004: loss=2.526864
  step 2200/5004: loss=2.285994
  step 2300/5004: loss=2.883413
  step 2400/5004: loss=2.139196
  step 2500/5004: loss=2.191493
  step 2600/5004: loss=2.431752
  step 2700/5004: loss=2.497578
  step 2800/5004: loss=3.147914
  step 2900/5004: loss=2.807352
  step 3000/5004: loss=2.712734
  step 3100/5004: loss=2.220017
  step 3200/5004: loss=2.531669
  step 3300/5004: loss=2.504067
  step 3400/5004: loss=2.537950
  step 3500/5004: loss=2.421029
  step 3600/5004: loss=2.624868
  step 3700/5004: loss=2.435628
  step 3800/5004: loss=2.356794
  step 3900/5004: loss=3.166945
  step 4000/5004: loss=2.419919
  step 4100/5004: loss=2.528728
  step 4200/5004: loss=2.820814
  step 4300/5004: loss=2.211197
  step 4400/5004: loss=2.826278
  step 4500/5004: loss=2.673541
  step 4600/5004: loss=2.432627
  step 4700/5004: loss=2.564444
  step 4800/5004: loss=2.177377
  step 4900/5004: loss=2.297803
  step 5000/5004: loss=2.611977
[pjrt_ffi] RESIDENT: @efficientnetin_fwd_eval holds 311 parameter tensors (20.3 MB) on 1 device; they stop crossing PCIe from here
Epoch 146/350: loss=2.602179 lr=0.002673
  epoch 146: test_acc = 37125/50000 = 74.250000%  top5 = 45940/50000 = 91.880000%  [95% CI 73.86–74.63]
    BN companion -> .lake/build/efficientnetin_emarmsdp64dropdobf16_ckpt_xla.bin.bn (42016 floats x 2, hash 15813853007873849394)
  step 0/5004: loss=2.433086
  step 1/5004: loss=2.785708
  step 2/5004: loss=2.690897
  step 100/5004: loss=2.418211
  step 200/5004: loss=2.560777
  step 300/5004: loss=2.676731
  step 400/5004: loss=3.040906
  step 500/5004: loss=2.612580
  step 600/5004: loss=2.459629
  step 700/5004: loss=2.394814
  step 800/5004: loss=2.709328
  step 900/5004: loss=2.251556
  step 1000/5004: loss=2.934493
  step 1100/5004: loss=2.580312
  step 1200/5004: loss=2.695106
  step 1300/5004: loss=2.499368
  step 1400/5004: loss=2.864905
  step 1500/5004: loss=3.090448
  step 1600/5004: loss=2.524119
  step 1700/5004: loss=2.998760
  step 1800/5004: loss=2.381145
  step 1900/5004: loss=2.045090
  step 2000/5004: loss=2.959195
  step 2100/5004: loss=2.478193
  step 2200/5004: loss=2.887584
  step 2300/5004: loss=2.836126
  step 2400/5004: loss=2.252843
  step 2500/5004: loss=2.728465
  step 2600/5004: loss=2.520780
  step 2700/5004: loss=2.802012
  step 2800/5004: loss=2.371685
  step 2900/5004: loss=2.820946
  step 3000/5004: loss=2.448040
  step 3100/5004: loss=2.701921
  step 3200/5004: loss=2.594155
  step 3300/5004: loss=2.224701
  step 3400/5004: loss=2.867485
  step 3500/5004: loss=2.378000
  step 3600/5004: loss=2.883153
  step 3700/5004: loss=2.702970
  step 3800/5004: loss=2.484049
  step 3900/5004: loss=2.547154
  step 4000/5004: loss=2.483226
  step 4100/5004: loss=2.138795
  step 4200/5004: loss=2.569004
  step 4300/5004: loss=2.674678
  step 4400/5004: loss=2.313469
  step 4500/5004: loss=2.543968
  step 4600/5004: loss=2.675861
  step 4700/5004: loss=2.579969
  step 4800/5004: loss=2.617970
  step 4900/5004: loss=2.541139
  step 5000/5004: loss=2.668455
[pjrt_ffi] RESIDENT: @efficientnetin_fwd_eval holds 311 parameter tensors (20.3 MB) on 1 device; they stop crossing PCIe from here
Epoch 147/350: loss=2.602452 lr=0.002639
  epoch 147: test_acc = 37134/50000 = 74.268000%  top5 = 45946/50000 = 91.892000%  [95% CI 73.88–74.65]
    BN companion -> .lake/build/efficientnetin_emarmsdp64dropdobf16_ckpt_xla.bin.bn (42016 floats x 2, hash 3553310524019996365)
  step 0/5004: loss=2.460591
  step 1/5004: loss=2.291366
  step 2/5004: loss=2.407048
  step 100/5004: loss=2.529320
  step 200/5004: loss=2.740171
  step 300/5004: loss=2.587105
  step 400/5004: loss=3.264045
  step 500/5004: loss=2.616062
  step 600/5004: loss=2.739290
  step 700/5004: loss=2.610042
  step 800/5004: loss=2.689396
  step 900/5004: loss=2.528060
  step 1000/5004: loss=2.426206
  step 1100/5004: loss=2.643584
  step 1200/5004: loss=2.975211
  step 1300/5004: loss=2.662598
  step 1400/5004: loss=2.577524
  step 1500/5004: loss=2.374168
  step 1600/5004: loss=2.980742
  step 1700/5004: loss=2.737342
  step 1800/5004: loss=2.391746
  step 1900/5004: loss=2.759447
  step 2000/5004: loss=2.862866
  step 2100/5004: loss=2.389903
  step 2200/5004: loss=2.491222
  step 2300/5004: loss=2.591591
  step 2400/5004: loss=2.796147
  step 2500/5004: loss=2.574432
  step 2600/5004: loss=2.737953
  step 2700/5004: loss=2.988349
  step 2800/5004: loss=2.879398
  step 2900/5004: loss=2.631245
  step 3000/5004: loss=2.412652
  step 3100/5004: loss=2.389410
  step 3200/5004: loss=2.423874
  step 3300/5004: loss=2.950711
  step 3400/5004: loss=2.543027
  step 3500/5004: loss=2.349443
  step 3600/5004: loss=2.403924
  step 3700/5004: loss=2.535436
  step 3800/5004: loss=2.398556
  step 3900/5004: loss=3.001584
  step 4000/5004: loss=2.265241
  step 4100/5004: loss=2.388444
  step 4200/5004: loss=2.770469
  step 4300/5004: loss=2.407062
  step 4400/5004: loss=2.609628
  step 4500/5004: loss=2.694633
  step 4600/5004: loss=2.414062
  step 4700/5004: loss=2.400808
  step 4800/5004: loss=2.677657
  step 4900/5004: loss=2.596372
  step 5000/5004: loss=2.590911
[pjrt_ffi] RESIDENT: @efficientnetin_fwd_eval holds 311 parameter tensors (20.3 MB) on 1 device; they stop crossing PCIe from here
Epoch 148/350: loss=2.597336 lr=0.002606
  epoch 148: test_acc = 37168/50000 = 74.336000%  top5 = 45978/50000 = 91.956000%  [95% CI 73.95–74.72]
    BN companion -> .lake/build/efficientnetin_emarmsdp64dropdobf16_ckpt_xla.bin.bn (42016 floats x 2, hash 9950768625754631819)
  step 0/5004: loss=2.501456
  step 1/5004: loss=2.664864
  step 2/5004: loss=2.350023
  step 100/5004: loss=2.522767
  step 200/5004: loss=2.457207
  step 300/5004: loss=2.619911
  step 400/5004: loss=2.184634
  step 500/5004: loss=2.653687
  step 600/5004: loss=2.491641
  step 700/5004: loss=2.676569
  step 800/5004: loss=2.735290
  step 900/5004: loss=2.889767
  step 1000/5004: loss=2.182756
  step 1100/5004: loss=2.592823
  step 1200/5004: loss=2.477699
  step 1300/5004: loss=2.352166
  step 1400/5004: loss=2.731286
  step 1500/5004: loss=3.109868
  step 1600/5004: loss=2.168897
  step 1700/5004: loss=2.872296
  step 1800/5004: loss=2.398596
  step 1900/5004: loss=2.606208
  step 2000/5004: loss=2.623324
  step 2100/5004: loss=3.169838
  step 2200/5004: loss=2.598186
  step 2300/5004: loss=2.984030
  step 2400/5004: loss=2.898666
  step 2500/5004: loss=2.460391
  step 2600/5004: loss=2.589500
  step 2700/5004: loss=2.827636
  step 2800/5004: loss=2.235799
  step 2900/5004: loss=2.739591
  step 3000/5004: loss=2.660621
  step 3100/5004: loss=2.516913
  step 3200/5004: loss=2.949126
  step 3300/5004: loss=2.558632
  step 3400/5004: loss=2.782528
  step 3500/5004: loss=2.220005
  step 3600/5004: loss=2.309808
  step 3700/5004: loss=2.624378
  step 3800/5004: loss=2.619101
  step 3900/5004: loss=2.003786
  step 4000/5004: loss=2.751246
  step 4100/5004: loss=2.513319
  step 4200/5004: loss=2.461982
  step 4300/5004: loss=2.985590
  step 4400/5004: loss=2.566492
  step 4500/5004: loss=2.531109
  step 4600/5004: loss=2.730958
  step 4700/5004: loss=2.732088
  step 4800/5004: loss=2.246161
  step 4900/5004: loss=2.469395
  step 5000/5004: loss=2.724158
[pjrt_ffi] RESIDENT: @efficientnetin_fwd_eval holds 311 parameter tensors (20.3 MB) on 1 device; they stop crossing PCIe from here
Epoch 149/350: loss=2.595052 lr=0.002573
  epoch 149: test_acc = 37215/50000 = 74.430000%  top5 = 45976/50000 = 91.952000%  [95% CI 74.05–74.81]
    BN companion -> .lake/build/efficientnetin_emarmsdp64dropdobf16_ckpt_xla.bin.bn (42016 floats x 2, hash 16638780724871429709)
  step 0/5004: loss=2.288421
  step 1/5004: loss=2.273399
  step 2/5004: loss=2.368738
  step 100/5004: loss=2.995329
  step 200/5004: loss=2.723742
  step 300/5004: loss=2.354780
  step 400/5004: loss=2.508783
  step 500/5004: loss=2.635602
  step 600/5004: loss=2.426278
  step 700/5004: loss=2.443298
  step 800/5004: loss=2.765778
  step 900/5004: loss=3.088985
  step 1000/5004: loss=2.644452
  step 1100/5004: loss=2.528349
  step 1200/5004: loss=2.234827
  step 1300/5004: loss=2.629489
  step 1400/5004: loss=2.398947
  step 1500/5004: loss=2.220001
  step 1600/5004: loss=2.682876
  step 1700/5004: loss=2.644433
  step 1800/5004: loss=2.333439
  step 1900/5004: loss=2.220619
  step 2000/5004: loss=2.638002
  step 2100/5004: loss=2.689054
  step 2200/5004: loss=2.720855
  step 2300/5004: loss=2.450040
  step 2400/5004: loss=2.525149
  step 2500/5004: loss=2.681650
  step 2600/5004: loss=2.929021
  step 2700/5004: loss=2.463235
  step 2800/5004: loss=2.598693
  step 2900/5004: loss=2.854795
  step 3000/5004: loss=2.490222
  step 3100/5004: loss=2.695506
  step 3200/5004: loss=2.402742
  step 3300/5004: loss=2.482751
  step 3400/5004: loss=2.488580
  step 3500/5004: loss=2.469377
  step 3600/5004: loss=2.373283
  step 3700/5004: loss=2.538433
  step 3800/5004: loss=2.463485
  step 3900/5004: loss=2.538757
  step 4000/5004: loss=2.709882
  step 4100/5004: loss=2.570600
  step 4200/5004: loss=2.631208
  step 4300/5004: loss=2.589983
  step 4400/5004: loss=2.502623
  step 4500/5004: loss=2.592039
  step 4600/5004: loss=2.634310
  step 4700/5004: loss=2.501786
  step 4800/5004: loss=2.392706
  step 4900/5004: loss=2.586142
  step 5000/5004: loss=2.664906
[pjrt_ffi] RESIDENT: @efficientnetin_fwd_eval holds 311 parameter tensors (20.3 MB) on 1 device; they stop crossing PCIe from here
Epoch 150/350: loss=2.588945 lr=0.002540
  epoch 150: test_acc = 37205/50000 = 74.410000%  top5 = 45990/50000 = 91.980000%  [95% CI 74.03–74.79]
    BN companion -> .lake/build/efficientnetin_emarmsdp64dropdobf16_ckpt_xla.bin.bn (42016 floats x 2, hash 7198012866216443123)
  step 0/5004: loss=2.764457
  step 1/5004: loss=2.554526
  step 2/5004: loss=2.866105
  step 100/5004: loss=2.577866
  step 200/5004: loss=2.785252
  step 300/5004: loss=2.499037
  step 400/5004: loss=2.816911
  step 500/5004: loss=2.498125
  step 600/5004: loss=2.713788
  step 700/5004: loss=2.801902
  step 800/5004: loss=2.371796
  step 900/5004: loss=2.412391
  step 1000/5004: loss=2.585554
  step 1100/5004: loss=2.138254
  step 1200/5004: loss=2.689429
  step 1300/5004: loss=2.613013
  step 1400/5004: loss=2.513175
  step 1500/5004: loss=2.599145
  step 1600/5004: loss=2.905175
  step 1700/5004: loss=2.549888
  step 1800/5004: loss=2.573694
  step 1900/5004: loss=2.585619
  step 2000/5004: loss=2.594336
  step 2100/5004: loss=2.591417
  step 2200/5004: loss=2.488234
  step 2300/5004: loss=2.458361
  step 2400/5004: loss=2.252770
  step 2500/5004: loss=2.726617
  step 2600/5004: loss=2.155654
  step 2700/5004: loss=2.379272
  step 2800/5004: loss=2.765871
  step 2900/5004: loss=2.686960
  step 3000/5004: loss=3.014314
  step 3100/5004: loss=2.776521
  step 3200/5004: loss=2.416057
  step 3300/5004: loss=2.522927
  step 3400/5004: loss=2.266427
  step 3500/5004: loss=2.567192
  step 3600/5004: loss=2.692715
  step 3700/5004: loss=2.402179
  step 3800/5004: loss=2.469870
  step 3900/5004: loss=2.603827
  step 4000/5004: loss=2.472565
  step 4100/5004: loss=2.556049
  step 4200/5004: loss=2.227443
  step 4300/5004: loss=2.506837
  step 4400/5004: loss=2.286727
  step 4500/5004: loss=2.786607
  step 4600/5004: loss=3.064629
  step 4700/5004: loss=2.744635
  step 4800/5004: loss=2.548169
  step 4900/5004: loss=2.584595
  step 5000/5004: loss=2.521955
[pjrt_ffi] RESIDENT: @efficientnetin_fwd_eval holds 311 parameter tensors (20.3 MB) on 1 device; they stop crossing PCIe from here
Epoch 151/350: loss=2.587282 lr=0.002508
  epoch 151: test_acc = 37221/50000 = 74.442000%  top5 = 45994/50000 = 91.988000%  [95% CI 74.06–74.82]
    BN companion -> .lake/build/efficientnetin_emarmsdp64dropdobf16_ckpt_xla.bin.bn (42016 floats x 2, hash 13078283429341028819)
  step 0/5004: loss=2.568870
  step 1/5004: loss=2.877994
  step 2/5004: loss=2.625889
  step 100/5004: loss=2.973803
  step 200/5004: loss=2.821240
  step 300/5004: loss=2.486156
  step 400/5004: loss=2.550879
  step 500/5004: loss=2.533695
  step 600/5004: loss=2.678500
  step 700/5004: loss=2.869259
  step 800/5004: loss=2.547655
  step 900/5004: loss=2.590370
  step 1000/5004: loss=2.390161
  step 1100/5004: loss=2.694078
  step 1200/5004: loss=2.700205
  step 1300/5004: loss=2.698373
  step 1400/5004: loss=2.890292
  step 1500/5004: loss=2.870939
  step 1600/5004: loss=2.730282
  step 1700/5004: loss=2.604592
  step 1800/5004: loss=2.300741
  step 1900/5004: loss=2.440611
  step 2000/5004: loss=2.318167
  step 2100/5004: loss=2.811954
  step 2200/5004: loss=2.563880
  step 2300/5004: loss=2.334052
  step 2400/5004: loss=2.772788
  step 2500/5004: loss=2.281016
  step 2600/5004: loss=2.341772
  step 2700/5004: loss=2.275355
  step 2800/5004: loss=2.609345
  step 2900/5004: loss=2.532040
  step 3000/5004: loss=2.890953
  step 3100/5004: loss=2.737893
  step 3200/5004: loss=2.576890
  step 3300/5004: loss=2.685607
  step 3400/5004: loss=2.531700
  step 3500/5004: loss=2.630208
  step 3600/5004: loss=2.574689
  step 3700/5004: loss=2.135538
  step 3800/5004: loss=2.905516
  step 3900/5004: loss=2.494045
  step 4000/5004: loss=2.637633
  step 4100/5004: loss=2.364261
  step 4200/5004: loss=2.592247
  step 4300/5004: loss=2.834641
  step 4400/5004: loss=2.878038
  step 4500/5004: loss=2.656041
  step 4600/5004: loss=2.735855
  step 4700/5004: loss=2.285825
  step 4800/5004: loss=2.687676
  step 4900/5004: loss=2.441231
  step 5000/5004: loss=2.216908
[pjrt_ffi] RESIDENT: @efficientnetin_fwd_eval holds 311 parameter tensors (20.3 MB) on 1 device; they stop crossing PCIe from here
Epoch 152/350: loss=2.585285 lr=0.002477
  epoch 152: test_acc = 37246/50000 = 74.492000%  top5 = 45984/50000 = 91.968000%  [95% CI 74.11–74.87]
    BN companion -> .lake/build/efficientnetin_emarmsdp64dropdobf16_ckpt_xla.bin.bn (42016 floats x 2, hash 11110662924867533619)
  step 0/5004: loss=2.489756
  step 1/5004: loss=2.811035
  step 2/5004: loss=2.757477
  step 100/5004: loss=2.592888
  step 200/5004: loss=2.432939
  step 300/5004: loss=2.415952
  step 400/5004: loss=2.457858
  step 500/5004: loss=2.675136
  step 600/5004: loss=2.753580
  step 700/5004: loss=2.685720
  step 800/5004: loss=2.647176
  step 900/5004: loss=2.472412
  step 1000/5004: loss=2.596973
  step 1100/5004: loss=2.532505
  step 1200/5004: loss=2.625242
  step 1300/5004: loss=2.433121
  step 1400/5004: loss=2.412305
  step 1500/5004: loss=2.045615
  step 1600/5004: loss=2.331589
  step 1700/5004: loss=2.341533
  step 1800/5004: loss=2.185779
  step 1900/5004: loss=2.229891
  step 2000/5004: loss=2.765855
  step 2100/5004: loss=2.759439
  step 2200/5004: loss=2.273094
  step 2300/5004: loss=2.633994
  step 2400/5004: loss=2.564895
  step 2500/5004: loss=2.589356
  step 2600/5004: loss=3.022934
  step 2700/5004: loss=2.362535
  step 2800/5004: loss=2.665719
  step 2900/5004: loss=2.740543
  step 3000/5004: loss=2.308711
  step 3100/5004: loss=2.536232
  step 3200/5004: loss=2.652898
  step 3300/5004: loss=2.623075
  step 3400/5004: loss=2.390743
  step 3500/5004: loss=2.618098
  step 3600/5004: loss=2.719193
  step 3700/5004: loss=2.392455
  step 3800/5004: loss=2.550284
  step 3900/5004: loss=2.399703
  step 4000/5004: loss=2.653763
  step 4100/5004: loss=2.191262
  step 4200/5004: loss=2.370850
  step 4300/5004: loss=2.429508
  step 4400/5004: loss=2.129781
  step 4500/5004: loss=2.801184
  step 4600/5004: loss=2.405708
  step 4700/5004: loss=2.225857
  step 4800/5004: loss=2.342764
  step 4900/5004: loss=2.671012
  step 5000/5004: loss=2.192419
[pjrt_ffi] RESIDENT: @efficientnetin_fwd_eval holds 311 parameter tensors (20.3 MB) on 1 device; they stop crossing PCIe from here
Epoch 153/350: loss=2.581268 lr=0.002446
  epoch 153: test_acc = 37276/50000 = 74.552000%  top5 = 45994/50000 = 91.988000%  [95% CI 74.17–74.93]
    BN companion -> .lake/build/efficientnetin_emarmsdp64dropdobf16_ckpt_xla.bin.bn (42016 floats x 2, hash 8678403975339920159)
  step 0/5004: loss=2.276378
  step 1/5004: loss=2.435937
  step 2/5004: loss=2.727050
  step 100/5004: loss=2.635936
  step 200/5004: loss=2.385093
  step 300/5004: loss=2.644936
  step 400/5004: loss=2.587723
  step 500/5004: loss=2.408470
  step 600/5004: loss=2.636839
  step 700/5004: loss=2.698847
  step 800/5004: loss=2.517688
  step 900/5004: loss=2.251755
  step 1000/5004: loss=3.071428
  step 1100/5004: loss=2.662684
  step 1200/5004: loss=2.578397
  step 1300/5004: loss=2.787180
  step 1400/5004: loss=2.887343
  step 1500/5004: loss=2.457716
  step 1600/5004: loss=2.673421
  step 1700/5004: loss=2.523497
  step 1800/5004: loss=2.328819
  step 1900/5004: loss=2.496406
  step 2000/5004: loss=2.547410
  step 2100/5004: loss=2.507962
  step 2200/5004: loss=2.480158
  step 2300/5004: loss=2.384806
  step 2400/5004: loss=2.994424
  step 2500/5004: loss=2.578938
  step 2600/5004: loss=2.474885
  step 2700/5004: loss=2.486249
  step 2800/5004: loss=2.860811
  step 2900/5004: loss=2.505033
  step 3000/5004: loss=2.195022
  step 3100/5004: loss=2.329676
  step 3200/5004: loss=2.502969
  step 3300/5004: loss=2.629841
  step 3400/5004: loss=2.387579
  step 3500/5004: loss=2.700053
  step 3600/5004: loss=2.695823
  step 3700/5004: loss=2.406211
  step 3800/5004: loss=2.759046
  step 3900/5004: loss=2.482428
  step 4000/5004: loss=2.735117
  step 4100/5004: loss=2.687806
  step 4200/5004: loss=2.277963
  step 4300/5004: loss=2.497522
  step 4400/5004: loss=2.757971
  step 4500/5004: loss=2.676516
  step 4600/5004: loss=2.247885
  step 4700/5004: loss=2.410395
  step 4800/5004: loss=2.538738
  step 4900/5004: loss=2.777664
  step 5000/5004: loss=2.211048
[pjrt_ffi] RESIDENT: @efficientnetin_fwd_eval holds 311 parameter tensors (20.3 MB) on 1 device; they stop crossing PCIe from here
Epoch 154/350: loss=2.575509 lr=0.002415
  epoch 154: test_acc = 37281/50000 = 74.562000%  top5 = 46007/50000 = 92.014000%  [95% CI 74.18–74.94]
    BN companion -> .lake/build/efficientnetin_emarmsdp64dropdobf16_ckpt_xla.bin.bn (42016 floats x 2, hash 17357248019643339359)
  step 0/5004: loss=2.394650
  step 1/5004: loss=2.632878
  step 2/5004: loss=2.556338
  step 100/5004: loss=2.590711
  step 200/5004: loss=2.859426
  step 300/5004: loss=2.601242
  step 400/5004: loss=2.450282
  step 500/5004: loss=2.549153
  step 600/5004: loss=2.402070
  step 700/5004: loss=2.777904
  step 800/5004: loss=2.111200
  step 900/5004: loss=2.867445
  step 1000/5004: loss=2.600206
  step 1100/5004: loss=2.294749
  step 1200/5004: loss=2.411033
  step 1300/5004: loss=2.308661
  step 1400/5004: loss=2.687110
  step 1500/5004: loss=2.403332
  step 1600/5004: loss=2.390378
  step 1700/5004: loss=2.507248
  step 1800/5004: loss=2.379855
  step 1900/5004: loss=2.648540
  step 2000/5004: loss=2.319509
  step 2100/5004: loss=2.397416
  step 2200/5004: loss=2.536436
  step 2300/5004: loss=2.620428
  step 2400/5004: loss=2.691101
  step 2500/5004: loss=2.685896
  step 2600/5004: loss=2.207764
  step 2700/5004: loss=2.852736
  step 2800/5004: loss=2.918920
  step 2900/5004: loss=2.587214
  step 3000/5004: loss=2.547454
  step 3100/5004: loss=2.359373
  step 3200/5004: loss=2.379469
  step 3300/5004: loss=2.923123
  step 3400/5004: loss=2.466047
  step 3500/5004: loss=2.537410
  step 3600/5004: loss=2.381409
  step 3700/5004: loss=2.664489
  step 3800/5004: loss=2.415040
  step 3900/5004: loss=2.803452
  step 4000/5004: loss=2.494666
  step 4100/5004: loss=2.786735
  step 4200/5004: loss=2.457203
  step 4300/5004: loss=2.708324
  step 4400/5004: loss=2.484003
  step 4500/5004: loss=2.523170
  step 4600/5004: loss=2.789782
  step 4700/5004: loss=2.576909
  step 4800/5004: loss=2.467577
  step 4900/5004: loss=2.499400
  step 5000/5004: loss=2.557407
[pjrt_ffi] RESIDENT: @efficientnetin_fwd_eval holds 311 parameter tensors (20.3 MB) on 1 device; they stop crossing PCIe from here
Epoch 155/350: loss=2.576533 lr=0.002384
  epoch 155: test_acc = 37354/50000 = 74.708000%  top5 = 46032/50000 = 92.064000%  [95% CI 74.33–75.09]
    BN companion -> .lake/build/efficientnetin_emarmsdp64dropdobf16_ckpt_xla.bin.bn (42016 floats x 2, hash 1603460611304837748)
  step 0/5004: loss=2.689639
  step 1/5004: loss=2.333493
  step 2/5004: loss=2.908703
  step 100/5004: loss=2.028009
  step 200/5004: loss=2.550890
  step 300/5004: loss=2.552125
  step 400/5004: loss=3.130979
  step 500/5004: loss=2.593224
  step 600/5004: loss=2.318542
  step 700/5004: loss=3.273063
  step 800/5004: loss=2.758827
  step 900/5004: loss=2.473272
  step 1000/5004: loss=2.344795
  step 1100/5004: loss=2.577562
  step 1200/5004: loss=2.337627
  step 1300/5004: loss=2.794254
  step 1400/5004: loss=2.766982
  step 1500/5004: loss=2.771268
  step 1600/5004: loss=3.045794
  step 1700/5004: loss=3.056155
  step 1800/5004: loss=2.073003
  step 1900/5004: loss=2.225899
  step 2000/5004: loss=2.474204
  step 2100/5004: loss=2.587042
  step 2200/5004: loss=2.672769
  step 2300/5004: loss=2.742734
  step 2400/5004: loss=3.082052
  step 2500/5004: loss=2.538762
  step 2600/5004: loss=2.674240
  step 2700/5004: loss=2.731804
  step 2800/5004: loss=2.671473
  step 2900/5004: loss=2.290858
  step 3000/5004: loss=2.682846
  step 3100/5004: loss=3.136165
  step 3200/5004: loss=2.586934
  step 3300/5004: loss=2.536377
  step 3400/5004: loss=2.564962
  step 3500/5004: loss=3.017787
  step 3600/5004: loss=2.492740
  step 3700/5004: loss=2.966778
  step 3800/5004: loss=2.615083
  step 3900/5004: loss=2.799021
  step 4000/5004: loss=2.783349
  step 4100/5004: loss=2.744865
  step 4200/5004: loss=2.469135
  step 4300/5004: loss=2.326566
  step 4400/5004: loss=2.436989
  step 4500/5004: loss=2.506870
  step 4600/5004: loss=2.631693
  step 4700/5004: loss=2.427809
  step 4800/5004: loss=2.627639
  step 4900/5004: loss=2.578852
  step 5000/5004: loss=2.781084
[pjrt_ffi] RESIDENT: @efficientnetin_fwd_eval holds 311 parameter tensors (20.3 MB) on 1 device; they stop crossing PCIe from here
Epoch 156/350: loss=2.572575 lr=0.002354
  epoch 156: test_acc = 37256/50000 = 74.512000%  top5 = 46024/50000 = 92.048000%  [95% CI 74.13–74.89]
    BN companion -> .lake/build/efficientnetin_emarmsdp64dropdobf16_ckpt_xla.bin.bn (42016 floats x 2, hash 9465700063546689214)
  step 0/5004: loss=2.379629
  step 1/5004: loss=2.736388
  step 2/5004: loss=2.508173
  step 100/5004: loss=2.594211
  step 200/5004: loss=2.542130
  step 300/5004: loss=2.816869
  step 400/5004: loss=2.654599
  step 500/5004: loss=2.428790
  step 600/5004: loss=3.074572
  step 700/5004: loss=2.931182
  step 800/5004: loss=2.337918
  step 900/5004: loss=2.654503
  step 1000/5004: loss=2.937882
  step 1100/5004: loss=2.690742
  step 1200/5004: loss=2.715413
  step 1300/5004: loss=2.320353
  step 1400/5004: loss=2.903312
  step 1500/5004: loss=2.739317
  step 1600/5004: loss=2.943902
  step 1700/5004: loss=2.519262
  step 1800/5004: loss=2.645205
  step 1900/5004: loss=2.426060
  step 2000/5004: loss=2.346052
  step 2100/5004: loss=2.513769
  step 2200/5004: loss=2.555088
  step 2300/5004: loss=2.450707
  step 2400/5004: loss=2.639882
  step 2500/5004: loss=2.441880
  step 2600/5004: loss=2.331991
  step 2700/5004: loss=2.948462
  step 2800/5004: loss=2.456496
  step 2900/5004: loss=2.646288
  step 3000/5004: loss=2.690608
  step 3100/5004: loss=2.592741
  step 3200/5004: loss=2.213217
  step 3300/5004: loss=2.604204
  step 3400/5004: loss=2.391519
  step 3500/5004: loss=2.355359
  step 3600/5004: loss=2.640817
  step 3700/5004: loss=2.915526
  step 3800/5004: loss=2.328569
  step 3900/5004: loss=2.799155
  step 4000/5004: loss=2.607249
  step 4100/5004: loss=2.575339
  step 4200/5004: loss=2.163351
  step 4300/5004: loss=2.861792
  step 4400/5004: loss=2.956940
  step 4500/5004: loss=2.720904
  step 4600/5004: loss=2.353689
  step 4700/5004: loss=2.443672
  step 4800/5004: loss=2.493969
  step 4900/5004: loss=2.464200
  step 5000/5004: loss=2.582730
[pjrt_ffi] RESIDENT: @efficientnetin_fwd_eval holds 311 parameter tensors (20.3 MB) on 1 device; they stop crossing PCIe from here
Epoch 157/350: loss=2.572225 lr=0.002325
  epoch 157: test_acc = 37272/50000 = 74.544000%  top5 = 46019/50000 = 92.038000%  [95% CI 74.16–74.92]
    BN companion -> .lake/build/efficientnetin_emarmsdp64dropdobf16_ckpt_xla.bin.bn (42016 floats x 2, hash 557963059317314729)
  step 0/5004: loss=2.519127
  step 1/5004: loss=2.701582
  step 2/5004: loss=2.368222
  step 100/5004: loss=2.510031
  step 200/5004: loss=2.728391
  step 300/5004: loss=2.581023
  step 400/5004: loss=2.551527
  step 500/5004: loss=2.839440
  step 600/5004: loss=2.773957
  step 700/5004: loss=2.321537
  step 800/5004: loss=2.364482
  step 900/5004: loss=2.919592
  step 1000/5004: loss=2.562237
  step 1100/5004: loss=2.620393
  step 1200/5004: loss=2.077098
  step 1300/5004: loss=2.731483
  step 1400/5004: loss=2.533455
  step 1500/5004: loss=2.217284
  step 1600/5004: loss=2.438300
  step 1700/5004: loss=2.357699
  step 1800/5004: loss=2.560593
  step 1900/5004: loss=2.682175
  step 2000/5004: loss=2.259553
  step 2100/5004: loss=2.896005
  step 2200/5004: loss=2.542032
  step 2300/5004: loss=2.827070
  step 2400/5004: loss=2.568137
  step 2500/5004: loss=2.440941
  step 2600/5004: loss=2.774857
  step 2700/5004: loss=2.575493
  step 2800/5004: loss=2.377906
  step 2900/5004: loss=2.414207
  step 3000/5004: loss=2.093500
  step 3100/5004: loss=2.552824
  step 3200/5004: loss=2.305964
  step 3300/5004: loss=2.864058
  step 3400/5004: loss=2.710579
  step 3500/5004: loss=2.753611
  step 3600/5004: loss=2.593820
  step 3700/5004: loss=2.457014
  step 3800/5004: loss=2.527256
  step 3900/5004: loss=2.719740
  step 4000/5004: loss=2.477884
  step 4100/5004: loss=2.128859
  step 4200/5004: loss=2.515668
  step 4300/5004: loss=2.434432
  step 4400/5004: loss=2.891149
  step 4500/5004: loss=2.909383
  step 4600/5004: loss=2.554919
  step 4700/5004: loss=2.839467
  step 4800/5004: loss=2.840819
  step 4900/5004: loss=2.403365
  step 5000/5004: loss=2.342130
[pjrt_ffi] RESIDENT: @efficientnetin_fwd_eval holds 311 parameter tensors (20.3 MB) on 1 device; they stop crossing PCIe from here
Epoch 158/350: loss=2.561364 lr=0.002295
  epoch 158: test_acc = 37300/50000 = 74.600000%  top5 = 45978/50000 = 91.956000%  [95% CI 74.22–74.98]
    BN companion -> .lake/build/efficientnetin_emarmsdp64dropdobf16_ckpt_xla.bin.bn (42016 floats x 2, hash 8570796270929882879)
  step 0/5004: loss=2.478470
  step 1/5004: loss=2.797369
  step 2/5004: loss=2.514232
  step 100/5004: loss=2.657180
  step 200/5004: loss=2.656947
  step 300/5004: loss=2.514854
  step 400/5004: loss=2.496591
  step 500/5004: loss=2.489937
  step 600/5004: loss=2.594664
  step 700/5004: loss=2.690243
  step 800/5004: loss=2.347315
  step 900/5004: loss=2.303847
  step 1000/5004: loss=2.455919
  step 1100/5004: loss=2.416067
  step 1200/5004: loss=2.466301
  step 1300/5004: loss=2.343759
  step 1400/5004: loss=2.612835
  step 1500/5004: loss=2.604297
  step 1600/5004: loss=2.265311
  step 1700/5004: loss=2.554230
  step 1800/5004: loss=2.658845
  step 1900/5004: loss=2.723731
  step 2000/5004: loss=2.235529
  step 2100/5004: loss=2.502171
  step 2200/5004: loss=2.911345
  step 2300/5004: loss=2.657824
  step 2400/5004: loss=2.694625
  step 2500/5004: loss=2.622374
  step 2600/5004: loss=2.374448
  step 2700/5004: loss=2.715920
  step 2800/5004: loss=2.933510
  step 2900/5004: loss=2.514297
  step 3000/5004: loss=1.996980
  step 3100/5004: loss=2.631214
  step 3200/5004: loss=2.611568
  step 3300/5004: loss=2.494648
  step 3400/5004: loss=2.503547
  step 3500/5004: loss=2.441388
  step 3600/5004: loss=2.269623
  step 3700/5004: loss=2.464084
  step 3800/5004: loss=2.658208
  step 3900/5004: loss=2.271537
  step 4000/5004: loss=2.748059
  step 4100/5004: loss=2.770532
  step 4200/5004: loss=2.639559
  step 4300/5004: loss=2.403510
  step 4400/5004: loss=2.588469
  step 4500/5004: loss=2.622923
  step 4600/5004: loss=2.411914
  step 4700/5004: loss=2.346839
  step 4800/5004: loss=2.662194
  step 4900/5004: loss=2.255639
  step 5000/5004: loss=2.268347
[pjrt_ffi] RESIDENT: @efficientnetin_fwd_eval holds 311 parameter tensors (20.3 MB) on 1 device; they stop crossing PCIe from here
Epoch 159/350: loss=2.561985 lr=0.002266
  epoch 159: test_acc = 37333/50000 = 74.666000%  top5 = 46012/50000 = 92.024000%  [95% CI 74.28–75.05]
    BN companion -> .lake/build/efficientnetin_emarmsdp64dropdobf16_ckpt_xla.bin.bn (42016 floats x 2, hash 16231285431738863263)
  step 0/5004: loss=2.492206
  step 1/5004: loss=2.427426
  step 2/5004: loss=2.209419
  step 100/5004: loss=2.600771
  step 200/5004: loss=2.562725
  step 300/5004: loss=2.541592
  step 400/5004: loss=2.904979
  step 500/5004: loss=2.713368
  step 600/5004: loss=2.648031
  step 700/5004: loss=2.349087
  step 800/5004: loss=2.799781
  step 900/5004: loss=2.331348
  step 1000/5004: loss=2.564286
  step 1100/5004: loss=2.572236
  step 1200/5004: loss=2.478843
  step 1300/5004: loss=2.519439
  step 1400/5004: loss=3.015367
  step 1500/5004: loss=2.468232
  step 1600/5004: loss=2.513137
  step 1700/5004: loss=2.490521
  step 1800/5004: loss=3.089395
  step 1900/5004: loss=2.699849
  step 2000/5004: loss=2.656390
  step 2100/5004: loss=2.585168
  step 2200/5004: loss=2.170808
  step 2300/5004: loss=2.532942
  step 2400/5004: loss=2.661405
  step 2500/5004: loss=2.445871
  step 2600/5004: loss=2.324192
  step 2700/5004: loss=2.499477
  step 2800/5004: loss=2.503929
  step 2900/5004: loss=2.402141
  step 3000/5004: loss=2.597384
  step 3100/5004: loss=2.671683
  step 3200/5004: loss=2.478856
  step 3300/5004: loss=2.403275
  step 3400/5004: loss=2.397010
  step 3500/5004: loss=2.491293
  step 3600/5004: loss=2.874778
  step 3700/5004: loss=3.063347
  step 3800/5004: loss=2.510879
  step 3900/5004: loss=2.368692
  step 4000/5004: loss=2.609516
  step 4100/5004: loss=2.684823
  step 4200/5004: loss=2.849372
  step 4300/5004: loss=2.320915
  step 4400/5004: loss=2.856397
  step 4500/5004: loss=2.783553
  step 4600/5004: loss=3.025635
  step 4700/5004: loss=2.682935
  step 4800/5004: loss=2.511293
  step 4900/5004: loss=2.358459
  step 5000/5004: loss=2.333472
[pjrt_ffi] RESIDENT: @efficientnetin_fwd_eval holds 311 parameter tensors (20.3 MB) on 1 device; they stop crossing PCIe from here
Epoch 160/350: loss=2.559217 lr=0.002238
  epoch 160: test_acc = 37339/50000 = 74.678000%  top5 = 46002/50000 = 92.004000%  [95% CI 74.29–75.06]
    BN companion -> .lake/build/efficientnetin_emarmsdp64dropdobf16_ckpt_xla.bin.bn (42016 floats x 2, hash 16097905110823357105)
  step 0/5004: loss=2.352803
  step 1/5004: loss=2.636829
  step 2/5004: loss=2.395166
===== 2026-09-14 10:42:41 attempt 3 (from epoch 160) =====
I0914 10:42:42.091274 2953968 service.cc:154] XLA service 0x787f98052930 initialized for platform CUDA (this does not guarantee that XLA will be used). Devices:
I0914 10:42:42.091348 2953968 service.cc:170]   StreamExecutor [0]: NVIDIA GeForce RTX 3060, Compute Capability 8.6 (Driver: 13.3.0[610.57.4]; Runtime: 13.3.0; Toolkit: 13.0.0; DNN: 9.24.0)
I0914 10:42:42.091361 2953968 service.cc:170]   StreamExecutor [1]: NVIDIA GeForce RTX 3060, Compute Capability 8.6 (Driver: 13.3.0[610.57.4]; Runtime: 13.3.0; Toolkit: 13.0.0; DNN: 9.24.0)
I0914 10:42:42.091368 2953968 service.cc:170]   StreamExecutor [2]: NVIDIA GeForce RTX 3060, Compute Capability 8.6 (Driver: 13.3.0[610.57.4]; Runtime: 13.3.0; Toolkit: 13.0.0; DNN: 9.24.0)
I0914 10:42:42.091373 2953968 service.cc:170]   StreamExecutor [3]: NVIDIA GeForce RTX 3060, Compute Capability 8.6 (Driver: 13.3.0[610.57.4]; Runtime: 13.3.0; Toolkit: 13.0.0; DNN: 9.24.0)
I0914 10:42:42.093467 2953968 se_gpu_pjrt_client.cc:1450] Using BFC allocator.
I0914 10:42:42.093512 2953968 gpu_helpers.cc:162] XLA backend allocating 8.72GiB (9365880832 bytes) on device 0 for BFCAllocator.
I0914 10:42:42.093550 2953968 gpu_helpers.cc:162] XLA backend allocating 8.72GiB (9365880832 bytes) on device 1 for BFCAllocator.
I0914 10:42:42.093558 2953968 gpu_helpers.cc:162] XLA backend allocating 8.72GiB (9365880832 bytes) on device 2 for BFCAllocator.
I0914 10:42:42.093567 2953968 gpu_helpers.cc:162] XLA backend allocating 8.72GiB (9365880832 bytes) on device 3 for BFCAllocator.
[pjrt_ffi] XLA backend: PJRT 0.114, 4 device(s)
[pjrt_ffi] command buffers: enabled (CUDA default)
I0914 10:42:42.193315 2953968 se_gpu_pjrt_compiler.cc:382] Found GPU target config and a PjRtClient with matching configuration. Performing a JIT compilation.
I0914 10:42:44.391335 2953968 cuda_dnn.cc:442] Loaded cuDNN version 92400
W0914 10:42:45.681776 2954044 cuda_timer.cc:88] Delay kernel timed out: measured time has sub-optimal accuracy. There may be a missing warmup execution, please investigate in Nsight Systems.
W0914 10:42:46.558279 2954044 cuda_timer.cc:88] Delay kernel timed out: measured time has sub-optimal accuracy. There may be a missing warmup execution, please investigate in Nsight Systems.
W0914 10:42:46.673362 2954044 cuda_timer.cc:88] Delay kernel timed out: measured time has sub-optimal accuracy. There may be a missing warmup execution, please investigate in Nsight Systems.
I0914 10:42:47.058790 2954045 subprocess_compilation.cc:349] ptxas warning : Registers are spilled to local memory in function 'gemm_fusion_dot_44', 96 bytes spill stores, 64 bytes spill loads

I0914 10:42:47.221860 2954049 subprocess_compilation.cc:349] ptxas warning : Registers are spilled to local memory in function 'gemm_fusion_dot_44', 96 bytes spill stores, 64 bytes spill loads

W0914 10:42:47.569725 2954044 cuda_timer.cc:88] Delay kernel timed out: measured time has sub-optimal accuracy. There may be a missing warmup execution, please investigate in Nsight Systems.
I0914 10:42:50.062091 2954044 subprocess_compilation.cc:349] ptxas warning : Registers are spilled to local memory in function 'gemm_fusion_dot_45', 128 bytes spill stores, 72 bytes spill loads

W0914 10:42:52.712500 2954031 cuda_timer.cc:88] Delay kernel timed out: measured time has sub-optimal accuracy. There may be a missing warmup execution, please investigate in Nsight Systems.
[pjrt_ffi] compiled verified_mlir/efficientnetin_emarmsdp64dropdobf16_train_step.mlir (@efficientnetin_emarmsdp64dropdobf16_train_step, 965 outputs, 4 replicas) in 37080 ms
I0914 10:43:19.552399 2954038 subprocess_compilation.cc:349] ptxas warning : Registers are spilled to local memory in function 'gemm_fusion_dot_10', 12 bytes spill stores, 12 bytes spill loads

I0914 10:43:19.690052 2954051 subprocess_compilation.cc:349] ptxas warning : Registers are spilled to local memory in function 'gemm_fusion_dot_10', 64 bytes spill stores, 64 bytes spill loads

I0914 10:43:19.797841 2954046 subprocess_compilation.cc:349] ptxas warning : Registers are spilled to local memory in function 'gemm_fusion_dot_10', 128 bytes spill stores, 84 bytes spill loads

[pjrt_ffi] compiled verified_mlir/efficientnetin_fwd.mlir (@efficientnetin_fwd, 1 outputs, 1 replica) in 6072 ms
[pjrt_ffi] compiled verified_mlir/efficientnetin_fwd_eval.mlir (@efficientnetin_fwd_eval, 1 outputs, 1 replica) in 525 ms
WARNING: All log messages before absl::InitializeLog() is called are written to STDERR
I0000 00:00:1789382606.151621 2957024 port.cc:153] oneDNN custom operations are on. You may see slightly different numerical results due to floating-point round-off errors from different computation orders. To turn them off, set the environment variable `TF_ENABLE_ONEDNN_OPTS=0`.
I0000 00:00:1789382606.185823 2957024 cpu_feature_guard.cc:227] This TensorFlow binary is optimized to use available CPU instructions in performance-critical operations.
To enable the following instructions: AVX2 AVX512F AVX512_VNNI AVX512_BF16 AVX512_FP16 AVX_VNNI AMX_TILE AMX_INT8 AMX_BF16 FMA, in other operations, rebuild TensorFlow with the appropriate compiler flags.
WARNING: All log messages before absl::InitializeLog() is called are written to STDERR
I0000 00:00:1789382607.301293 2957024 port.cc:153] oneDNN custom operations are on. You may see slightly different numerical results due to floating-point round-off errors from different computation orders. To turn them off, set the environment variable `TF_ENABLE_ONEDNN_OPTS=0`.
I0000 00:00:1789382607.863409 2957126 tf_record_dataset_op.cc:396] The default buffer size is 262144, which is overridden by the user specified `buffer_size` of 8388608
EfficientNet-B0 on full 1000-class ImageNet via the VERIFIED renderer → XLA/PJRT → GPU, with the tfds batch shim supplying the same augmentation the Lean→JAX reference trainer uses
  xla/pjrt verified_mlir/efficientnetin_emarmsdp64dropdobf16_train_step.mlir
  xla/pjrt verified_mlir/efficientnetin_fwd.mlir
  xla/pjrt verified_mlir/efficientnetin_fwd_eval.mlir
  imagenet shim: jax/.lake/build/generated_efficientnet_b0_imagenet_shim.py — validation split, batch 256, 150528 floats/img (seed 0)
  imagenet: draining the val split into RAM (~30 GB, one time)…
  imagenet: val ready — 50000 images, 28710 MB
  ▸ val = all 50,000 (timm's denominator; drop_remainder=False on the val split)
  train 1281167, test 50000; bs 64, EfficientNet-B0 (ImageNet-1k) emarmsdp64dropdobf16 (exp x0.970000/2.400000ep+warmup 5ep, baseLR 0.016000), He init
  ▸ RMSPROP: m = momentum buffer (init 0), v = running MEAN-SQUARE (init 1.0, TF convention — this optimizer is not bias-corrected)
  ▸ STOCHASTIC DEPTH: 9 drop sites, keeps #[0.973000, 0.947000, 0.920000, 0.907000, 0.880000, 0.867000, 0.840000, 0.827000, 0.813000] — host-drawn per step, 1/keep folded in, NOT on the resident path. Eval is the identity (drop-free forward).
  ▸ CLASSIFIER DROPOUT: keep 0.800000, mask tensor<256x1280xf32> (PER-ELEMENT, one Bernoulli per example×feature — not per-example like the drop scales), host-drawn per step at seed+999983, 1/keep folded in. Eval is the identity (drop-free forward).
  ▸ EMA: region 3 of 4 [θ|m|v|ema], shadow starts AT the weights, decay min(0.999900, (1+t)/(10+t)) — TF warmup-corrected. EVAL AND CHECKPOINT SCORE THE SHADOW.
  running-stats BN: 49 layers, 42016 stat floats → eval via @efficientnetin_fwd_eval
     decay 0.990000 (TF sense; = PyTorch/timm momentum 0.010000), new-batch weight 0.010000
  DATA-PARALLEL: 4 replicas x bs 64 = global batch 256, 5004 steps/epoch
  ▸ resuming from checkpoint at epoch 160
  ▸ resumed BN running stats + ema_bn from .lake/build/efficientnetin_emarmsdp64dropdobf16_ckpt_xla.bin.bn (hash 16097905110823357105)
WARNING: All log messages before absl::InitializeLog() is called are written to STDERR
I0000 00:00:1789382644.550290 2957315 port.cc:153] oneDNN custom operations are on. You may see slightly different numerical results due to floating-point round-off errors from different computation orders. To turn them off, set the environment variable `TF_ENABLE_ONEDNN_OPTS=0`.
I0000 00:00:1789382644.579693 2957315 cpu_feature_guard.cc:227] This TensorFlow binary is optimized to use available CPU instructions in performance-critical operations.
To enable the following instructions: AVX2 AVX512F AVX512_VNNI AVX512_BF16 AVX512_FP16 AVX_VNNI AMX_TILE AMX_INT8 AMX_BF16 FMA, in other operations, rebuild TensorFlow with the appropriate compiler flags.
WARNING: All log messages before absl::InitializeLog() is called are written to STDERR
I0000 00:00:1789382645.618609 2957315 port.cc:153] oneDNN custom operations are on. You may see slightly different numerical results due to floating-point round-off errors from different computation orders. To turn them off, set the environment variable `TF_ENABLE_ONEDNN_OPTS=0`.
WARNING: All log messages before absl::InitializeLog() is called are written to STDERR
I0000 00:00:1789382648.933334 2957423 port.cc:153] oneDNN custom operations are on. You may see slightly different numerical results due to floating-point round-off errors from different computation orders. To turn them off, set the environment variable `TF_ENABLE_ONEDNN_OPTS=0`.
I0000 00:00:1789382648.961151 2957423 cpu_feature_guard.cc:227] This TensorFlow binary is optimized to use available CPU instructions in performance-critical operations.
To enable the following instructions: AVX2 AVX512F AVX512_VNNI AVX512_BF16 AVX512_FP16 AVX_VNNI AMX_TILE AMX_INT8 AMX_BF16 FMA, in other operations, rebuild TensorFlow with the appropriate compiler flags.
I0000 00:00:1789382649.106410 2957416 tf_record_dataset_op.cc:396] The default buffer size is 262144, which is overridden by the user specified `buffer_size` of 8388608
WARNING: All log messages before absl::InitializeLog() is called are written to STDERR
I0000 00:00:1789382650.373278 2957423 port.cc:153] oneDNN custom operations are on. You may see slightly different numerical results due to floating-point round-off errors from different computation orders. To turn them off, set the environment variable `TF_ENABLE_ONEDNN_OPTS=0`.
WARNING: All log messages before absl::InitializeLog() is called are written to STDERR
I0000 00:00:1789382653.689435 2957627 port.cc:153] oneDNN custom operations are on. You may see slightly different numerical results due to floating-point round-off errors from different computation orders. To turn them off, set the environment variable `TF_ENABLE_ONEDNN_OPTS=0`.
I0000 00:00:1789382653.717497 2957627 cpu_feature_guard.cc:227] This TensorFlow binary is optimized to use available CPU instructions in performance-critical operations.
To enable the following instructions: AVX2 AVX512F AVX512_VNNI AVX512_BF16 AVX512_FP16 AVX_VNNI AMX_TILE AMX_INT8 AMX_BF16 FMA, in other operations, rebuild TensorFlow with the appropriate compiler flags.
I0000 00:00:1789382653.850611 2957625 tf_record_dataset_op.cc:396] The default buffer size is 262144, which is overridden by the user specified `buffer_size` of 8388608
WARNING: All log messages before absl::InitializeLog() is called are written to STDERR
I0000 00:00:1789382655.117790 2957627 port.cc:153] oneDNN custom operations are on. You may see slightly different numerical results due to floating-point round-off errors from different computation orders. To turn them off, set the environment variable `TF_ENABLE_ONEDNN_OPTS=0`.
WARNING: All log messages before absl::InitializeLog() is called are written to STDERR
I0000 00:00:1789382658.407101 2957808 port.cc:153] oneDNN custom operations are on. You may see slightly different numerical results due to floating-point round-off errors from different computation orders. To turn them off, set the environment variable `TF_ENABLE_ONEDNN_OPTS=0`.
I0000 00:00:1789382658.433742 2957808 cpu_feature_guard.cc:227] This TensorFlow binary is optimized to use available CPU instructions in performance-critical operations.
To enable the following instructions: AVX2 AVX512F AVX512_VNNI AVX512_BF16 AVX512_FP16 AVX_VNNI AMX_TILE AMX_INT8 AMX_BF16 FMA, in other operations, rebuild TensorFlow with the appropriate compiler flags.
I0000 00:00:1789382658.588403 2957804 tf_record_dataset_op.cc:396] The default buffer size is 262144, which is overridden by the user specified `buffer_size` of 8388608
WARNING: All log messages before absl::InitializeLog() is called are written to STDERR
I0000 00:00:1789382659.842777 2957808 port.cc:153] oneDNN custom operations are on. You may see slightly different numerical results due to floating-point round-off errors from different computation orders. To turn them off, set the environment variable `TF_ENABLE_ONEDNN_OPTS=0`.
[pjrt_ffi] RESIDENT: @efficientnetin_emarmsdp64dropdobf16_train_step holds 852 parameter tensors (80.7 MB) on 4 devices; they stop crossing PCIe from here
I0914 10:44:23.288568 2954025 cuda_dnn.cc:442] Loaded cuDNN version 92400
I0914 10:44:23.288635 2954019 cuda_dnn.cc:442] Loaded cuDNN version 92400
I0914 10:44:23.288675 2954022 cuda_dnn.cc:442] Loaded cuDNN version 92400
I0000 00:00:1789382663.598411 2958222 tf_record_dataset_op.cc:396] The default buffer size is 262144, which is overridden by the user specified `buffer_size` of 8388608
  imagenet shim: jax/.lake/build/generated_efficientnet_b0_imagenet_shim.py — train split, batch 256, 150528 floats/img (seed 1)
  imagenet shim: jax/.lake/build/generated_efficientnet_b0_imagenet_shim.py — train split, batch 256, 150528 floats/img (seed 2)
  imagenet shim: jax/.lake/build/generated_efficientnet_b0_imagenet_shim.py — train split, batch 256, 150528 floats/img (seed 3)
  imagenet shim: jax/.lake/build/generated_efficientnet_b0_imagenet_shim.py — train split, batch 256, 150528 floats/img (seed 4)
  imagenet shim: 4 sharded producers (round-robin over batches)
  ▸ SHIM PREFETCH: ON (depth 4 over 4 producer handle(s) — each step's read is issued before the previous step's invoke, one in flight PER HANDLE, so every producer drains during compute instead of blocking in write()). Measured 377 → 224 ms/step on R34/ImageNet 4×bs64 for depth 1. Batch buffers are allocated and freed on the main thread; the pool only fills them.
  step 0/5004: loss=2.610859
  step 1/5004: loss=3.049326
  step 2/5004: loss=2.335406
  step 100/5004: loss=2.704309
  step 200/5004: loss=2.478213
  step 300/5004: loss=2.397708
  step 400/5004: loss=2.258759
  step 500/5004: loss=2.165348
  step 600/5004: loss=2.074912
  step 700/5004: loss=2.580792
  step 800/5004: loss=2.952328
  step 900/5004: loss=2.667360
  step 1000/5004: loss=2.624764
  step 1100/5004: loss=2.494588
  step 1200/5004: loss=2.071440
  step 1300/5004: loss=2.533849
  step 1400/5004: loss=2.304731
  step 1500/5004: loss=2.419577
  step 1600/5004: loss=2.364103
  step 1700/5004: loss=2.772805
  step 1800/5004: loss=2.340202
  step 1900/5004: loss=2.510724
  step 2000/5004: loss=2.553091
  step 2100/5004: loss=2.470854
  step 2200/5004: loss=2.855568
  step 2300/5004: loss=2.766568
  step 2400/5004: loss=2.700062
  step 2500/5004: loss=2.608683
  step 2600/5004: loss=2.287805
  step 2700/5004: loss=2.531633
  step 2800/5004: loss=2.795423
  step 2900/5004: loss=2.291861
  step 3000/5004: loss=2.650321
  step 3100/5004: loss=2.820444
  step 3200/5004: loss=2.839667
  step 3300/5004: loss=2.761535
  step 3400/5004: loss=2.649103
  step 3500/5004: loss=2.926902
  step 3600/5004: loss=2.428435
  step 3700/5004: loss=2.761145
  step 3800/5004: loss=2.398697
  step 3900/5004: loss=2.655374
  step 4000/5004: loss=2.554309
  step 4100/5004: loss=2.333843
  step 4200/5004: loss=2.707200
  step 4300/5004: loss=2.586176
  step 4400/5004: loss=2.299696
  step 4500/5004: loss=2.225971
  step 4600/5004: loss=2.368373
  step 4700/5004: loss=3.099033
  step 4800/5004: loss=2.823088
  step 4900/5004: loss=2.426889
  step 5000/5004: loss=2.857974
[pjrt_ffi] RESIDENT: @efficientnetin_fwd_eval holds 311 parameter tensors (20.3 MB) on 1 device; they stop crossing PCIe from here
Epoch 161/350: loss=2.555321 lr=0.002209
  epoch 161: test_acc = 37359/50000 = 74.718000%  top5 = 46018/50000 = 92.036000%  [95% CI 74.34–75.10]
    BN companion -> .lake/build/efficientnetin_emarmsdp64dropdobf16_ckpt_xla.bin.bn (42016 floats x 2, hash 9804550928872423349)
  step 0/5004: loss=2.501479
  step 1/5004: loss=2.444937
  step 2/5004: loss=2.509531
  step 100/5004: loss=2.323143
  step 200/5004: loss=2.358796
  step 300/5004: loss=2.751578
  step 400/5004: loss=2.633430
  step 500/5004: loss=2.684016
  step 600/5004: loss=2.447937
  step 700/5004: loss=2.794839
  step 800/5004: loss=2.269672
  step 900/5004: loss=2.588596
  step 1000/5004: loss=2.605006
  step 1100/5004: loss=2.643927
  step 1200/5004: loss=2.600940
  step 1300/5004: loss=2.722086
  step 1400/5004: loss=2.400536
  step 1500/5004: loss=2.504838
  step 1600/5004: loss=2.673629
  step 1700/5004: loss=2.567556
  step 1800/5004: loss=2.775351
  step 1900/5004: loss=2.519492
  step 2000/5004: loss=2.504819
  step 2100/5004: loss=2.140702
  step 2200/5004: loss=2.768424
  step 2300/5004: loss=2.331407
  step 2400/5004: loss=2.728321
  step 2500/5004: loss=2.649885
  step 2600/5004: loss=3.076886
  step 2700/5004: loss=2.548928
  step 2800/5004: loss=2.256246
  step 2900/5004: loss=2.699023
  step 3000/5004: loss=2.297778
  step 3100/5004: loss=2.616133
  step 3200/5004: loss=2.448936
  step 3300/5004: loss=2.547429
  step 3400/5004: loss=3.068274
  step 3500/5004: loss=2.189073
  step 3600/5004: loss=2.795796
  step 3700/5004: loss=2.912368
  step 3800/5004: loss=2.484330
  step 3900/5004: loss=2.668796
  step 4000/5004: loss=2.883669
  step 4100/5004: loss=2.554265
  step 4200/5004: loss=2.542431
  step 4300/5004: loss=2.790696
  step 4400/5004: loss=2.644508
  step 4500/5004: loss=2.478272
  step 4600/5004: loss=2.069166
  step 4700/5004: loss=2.616381
  step 4800/5004: loss=2.327071
  step 4900/5004: loss=2.447984
  step 5000/5004: loss=2.761273
[pjrt_ffi] RESIDENT: @efficientnetin_fwd_eval holds 311 parameter tensors (20.3 MB) on 1 device; they stop crossing PCIe from here
Epoch 162/350: loss=2.555443 lr=0.002182
  epoch 162: test_acc = 37381/50000 = 74.762000%  top5 = 46034/50000 = 92.068000%  [95% CI 74.38–75.14]
    BN companion -> .lake/build/efficientnetin_emarmsdp64dropdobf16_ckpt_xla.bin.bn (42016 floats x 2, hash 9195181114868697824)
  step 0/5004: loss=2.622356
  step 1/5004: loss=2.256227
  step 2/5004: loss=2.257278
  step 100/5004: loss=2.669938
  step 200/5004: loss=2.598449
  step 300/5004: loss=2.953633
  step 400/5004: loss=2.217204
  step 500/5004: loss=2.667585
  step 600/5004: loss=2.537924
  step 700/5004: loss=2.496491
  step 800/5004: loss=2.791125
  step 900/5004: loss=2.620314
  step 1000/5004: loss=2.533171
  step 1100/5004: loss=2.835989
  step 1200/5004: loss=2.638161
  step 1300/5004: loss=2.311902
  step 1400/5004: loss=2.522660
  step 1500/5004: loss=2.620394
  step 1600/5004: loss=2.825519
  step 1700/5004: loss=2.283300
  step 1800/5004: loss=2.902386
  step 1900/5004: loss=2.680162
  step 2000/5004: loss=2.429268
  step 2100/5004: loss=2.538442
  step 2200/5004: loss=2.595273
  step 2300/5004: loss=2.371140
  step 2400/5004: loss=2.734674
  step 2500/5004: loss=2.500753
  step 2600/5004: loss=2.553359
  step 2700/5004: loss=2.652016
  step 2800/5004: loss=2.528107
  step 2900/5004: loss=2.434964
  step 3000/5004: loss=2.725555
  step 3100/5004: loss=2.492512
  step 3200/5004: loss=3.197781
  step 3300/5004: loss=2.422149
  step 3400/5004: loss=2.623052
  step 3500/5004: loss=2.820632
  step 3600/5004: loss=2.297612
  step 3700/5004: loss=2.710294
  step 3800/5004: loss=3.132642
  step 3900/5004: loss=2.569651
  step 4000/5004: loss=2.440126
  step 4100/5004: loss=2.373313
  step 4200/5004: loss=2.257308
  step 4300/5004: loss=2.446667
  step 4400/5004: loss=2.262487
  step 4500/5004: loss=2.948901
  step 4600/5004: loss=2.682716
  step 4700/5004: loss=2.431855
  step 4800/5004: loss=2.670000
  step 4900/5004: loss=2.421321
  step 5000/5004: loss=2.352715
[pjrt_ffi] RESIDENT: @efficientnetin_fwd_eval holds 311 parameter tensors (20.3 MB) on 1 device; they stop crossing PCIe from here
Epoch 163/350: loss=2.551365 lr=0.002154
  epoch 163: test_acc = 37333/50000 = 74.666000%  top5 = 46035/50000 = 92.070000%  [95% CI 74.28–75.05]
    BN companion -> .lake/build/efficientnetin_emarmsdp64dropdobf16_ckpt_xla.bin.bn (42016 floats x 2, hash 7822238374386169111)
  step 0/5004: loss=2.581838
  step 1/5004: loss=2.794367
  step 2/5004: loss=2.068834
  step 100/5004: loss=2.541903
  step 200/5004: loss=2.792441
  step 300/5004: loss=2.695039
  step 400/5004: loss=2.384473
  step 500/5004: loss=2.800980
  step 600/5004: loss=2.799422
  step 700/5004: loss=2.558350
  step 800/5004: loss=2.384543
  step 900/5004: loss=2.432292
  step 1000/5004: loss=2.501744
  step 1100/5004: loss=2.847164
  step 1200/5004: loss=2.384805
  step 1300/5004: loss=2.736699
  step 1400/5004: loss=2.511586
  step 1500/5004: loss=2.532783
  step 1600/5004: loss=2.091614
  step 1700/5004: loss=2.624591
  step 1800/5004: loss=2.415705
  step 1900/5004: loss=2.374119
  step 2000/5004: loss=2.757521
  step 2100/5004: loss=2.357387
  step 2200/5004: loss=2.491117
  step 2300/5004: loss=2.832025
  step 2400/5004: loss=2.589441
  step 2500/5004: loss=2.530838
  step 2600/5004: loss=2.482439
  step 2700/5004: loss=2.360329
  step 2800/5004: loss=2.513045
  step 2900/5004: loss=3.024441
  step 3000/5004: loss=2.357802
  step 3100/5004: loss=2.512283
  step 3200/5004: loss=2.376960
  step 3300/5004: loss=2.746686
  step 3400/5004: loss=2.934783
  step 3500/5004: loss=2.553924
  step 3600/5004: loss=2.242439
  step 3700/5004: loss=2.448885
  step 3800/5004: loss=2.239293
  step 3900/5004: loss=2.468444
  step 4000/5004: loss=2.820735
  step 4100/5004: loss=2.436550
  step 4200/5004: loss=2.354051
  step 4300/5004: loss=2.266692
  step 4400/5004: loss=2.468628
  step 4500/5004: loss=2.212106
  step 4600/5004: loss=2.461767
  step 4700/5004: loss=2.288459
  step 4800/5004: loss=2.441615
  step 4900/5004: loss=2.216123
  step 5000/5004: loss=2.401090
[pjrt_ffi] RESIDENT: @efficientnetin_fwd_eval holds 311 parameter tensors (20.3 MB) on 1 device; they stop crossing PCIe from here
Epoch 164/350: loss=2.548641 lr=0.002127
  epoch 164: test_acc = 37398/50000 = 74.796000%  top5 = 46050/50000 = 92.100000%  [95% CI 74.41–75.17]
    BN companion -> .lake/build/efficientnetin_emarmsdp64dropdobf16_ckpt_xla.bin.bn (42016 floats x 2, hash 12524658735074122565)
  step 0/5004: loss=2.373628
  step 1/5004: loss=2.413188
  step 2/5004: loss=2.180014
  step 100/5004: loss=2.630829
  step 200/5004: loss=2.583998
  step 300/5004: loss=2.645568
  step 400/5004: loss=2.285758
  step 500/5004: loss=2.299626
  step 600/5004: loss=2.115980
  step 700/5004: loss=2.696391
  step 800/5004: loss=2.645494
  step 900/5004: loss=2.453672
  step 1000/5004: loss=2.134210
  step 1100/5004: loss=2.914007
  step 1200/5004: loss=2.599356
  step 1300/5004: loss=2.324114
  step 1400/5004: loss=2.592626
  step 1500/5004: loss=2.214628
  step 1600/5004: loss=2.368542
  step 1700/5004: loss=2.623692
  step 1800/5004: loss=2.746763
  step 1900/5004: loss=2.700203
  step 2000/5004: loss=2.413645
  step 2100/5004: loss=2.608327
  step 2200/5004: loss=2.788733
  step 2300/5004: loss=2.283822
  step 2400/5004: loss=3.166549
  step 2500/5004: loss=2.531769
  step 2600/5004: loss=2.219475
  step 2700/5004: loss=2.573472
  step 2800/5004: loss=2.369803
  step 2900/5004: loss=2.364703
  step 3000/5004: loss=2.596609
  step 3100/5004: loss=2.234769
  step 3200/5004: loss=2.785787
  step 3300/5004: loss=2.879568
  step 3400/5004: loss=2.814819
  step 3500/5004: loss=2.569541
  step 3600/5004: loss=2.424968
  step 3700/5004: loss=2.559144
  step 3800/5004: loss=2.664260
  step 3900/5004: loss=2.644799
  step 4000/5004: loss=2.178596
  step 4100/5004: loss=2.682923
  step 4200/5004: loss=2.322711
  step 4300/5004: loss=2.267142
  step 4400/5004: loss=2.451897
  step 4500/5004: loss=2.494680
  step 4600/5004: loss=2.672932
  step 4700/5004: loss=2.390078
  step 4800/5004: loss=2.373643
  step 4900/5004: loss=2.479426
  step 5000/5004: loss=2.479523
[pjrt_ffi] RESIDENT: @efficientnetin_fwd_eval holds 311 parameter tensors (20.3 MB) on 1 device; they stop crossing PCIe from here
Epoch 165/350: loss=2.543098 lr=0.002100
  epoch 165: test_acc = 37416/50000 = 74.832000%  top5 = 46041/50000 = 92.082000%  [95% CI 74.45–75.21]
    BN companion -> .lake/build/efficientnetin_emarmsdp64dropdobf16_ckpt_xla.bin.bn (42016 floats x 2, hash 7514207024607836339)
  step 0/5004: loss=2.840890
  step 1/5004: loss=2.766021
  step 2/5004: loss=2.463247
  step 100/5004: loss=2.852653
  step 200/5004: loss=2.102846
  step 300/5004: loss=2.611304
  step 400/5004: loss=2.704732
  step 500/5004: loss=2.265004
  step 600/5004: loss=2.662540
  step 700/5004: loss=2.574386
  step 800/5004: loss=2.223940
  step 900/5004: loss=2.777661
  step 1000/5004: loss=2.536150
  step 1100/5004: loss=2.949409
  step 1200/5004: loss=2.202071
  step 1300/5004: loss=2.341270
  step 1400/5004: loss=2.756209
  step 1500/5004: loss=2.503739
  step 1600/5004: loss=2.569909
  step 1700/5004: loss=2.360544
  step 1800/5004: loss=2.970930
  step 1900/5004: loss=2.339230
  step 2000/5004: loss=2.924233
  step 2100/5004: loss=2.679630
  step 2200/5004: loss=2.837063
  step 2300/5004: loss=2.703992
  step 2400/5004: loss=2.482628
  step 2500/5004: loss=2.400208
  step 2600/5004: loss=2.861199
  step 2700/5004: loss=2.723279
  step 2800/5004: loss=2.689271
  step 2900/5004: loss=2.457305
  step 3000/5004: loss=2.832670
  step 3100/5004: loss=2.661541
  step 3200/5004: loss=2.476671
  step 3300/5004: loss=2.551909
  step 3400/5004: loss=2.478596
  step 3500/5004: loss=2.558631
  step 3600/5004: loss=2.706461
  step 3700/5004: loss=2.611814
  step 3800/5004: loss=3.038126
  step 3900/5004: loss=2.885615
  step 4000/5004: loss=2.486216
  step 4100/5004: loss=2.585140
  step 4200/5004: loss=2.197710
  step 4300/5004: loss=2.562436
  step 4400/5004: loss=2.579554
  step 4500/5004: loss=2.782861
  step 4600/5004: loss=2.593455
  step 4700/5004: loss=2.584262
  step 4800/5004: loss=2.468564
  step 4900/5004: loss=2.669846
  step 5000/5004: loss=2.591703
[pjrt_ffi] RESIDENT: @efficientnetin_fwd_eval holds 311 parameter tensors (20.3 MB) on 1 device; they stop crossing PCIe from here
Epoch 166/350: loss=2.543917 lr=0.002074
  epoch 166: test_acc = 37385/50000 = 74.770000%  top5 = 46069/50000 = 92.138000%  [95% CI 74.39–75.15]
    BN companion -> .lake/build/efficientnetin_emarmsdp64dropdobf16_ckpt_xla.bin.bn (42016 floats x 2, hash 6924250312292956380)
  step 0/5004: loss=2.674854
  step 1/5004: loss=2.367231
  step 2/5004: loss=2.570309
  step 100/5004: loss=2.519343
  step 200/5004: loss=2.607479
  step 300/5004: loss=2.772390
  step 400/5004: loss=2.623341
  step 500/5004: loss=2.460539
  step 600/5004: loss=2.500463
  step 700/5004: loss=2.937189
  step 800/5004: loss=2.883281
  step 900/5004: loss=2.779207
  step 1000/5004: loss=2.682443
  step 1100/5004: loss=2.599414
  step 1200/5004: loss=2.439830
  step 1300/5004: loss=2.826156
  step 1400/5004: loss=2.476239
  step 1500/5004: loss=2.652434
  step 1600/5004: loss=2.461283
  step 1700/5004: loss=2.223284
  step 1800/5004: loss=2.731117
  step 1900/5004: loss=2.664856
  step 2000/5004: loss=2.407704
  step 2100/5004: loss=2.513364
  step 2200/5004: loss=2.052513
  step 2300/5004: loss=2.362536
  step 2400/5004: loss=2.226618
  step 2500/5004: loss=2.093140
  step 2600/5004: loss=2.497535
  step 2700/5004: loss=2.469474
  step 2800/5004: loss=2.551952
  step 2900/5004: loss=2.757803
  step 3000/5004: loss=2.774547
  step 3100/5004: loss=2.402413
  step 3200/5004: loss=2.733131
  step 3300/5004: loss=2.322207
  step 3400/5004: loss=2.437265
  step 3500/5004: loss=2.818843
  step 3600/5004: loss=2.702093
  step 3700/5004: loss=2.517399
  step 3800/5004: loss=2.811595
  step 3900/5004: loss=2.819090
  step 4000/5004: loss=2.404240
  step 4100/5004: loss=2.592623
  step 4200/5004: loss=2.909527
  step 4300/5004: loss=2.264154
  step 4400/5004: loss=2.569620
  step 4500/5004: loss=2.899757
  step 4600/5004: loss=2.935100
  step 4700/5004: loss=2.684773
  step 4800/5004: loss=2.321031
  step 4900/5004: loss=2.471654
  step 5000/5004: loss=2.350352
[pjrt_ffi] RESIDENT: @efficientnetin_fwd_eval holds 311 parameter tensors (20.3 MB) on 1 device; they stop crossing PCIe from here
Epoch 167/350: loss=2.544161 lr=0.002047
  epoch 167: test_acc = 37431/50000 = 74.862000%  top5 = 46095/50000 = 92.190000%  [95% CI 74.48–75.24]
    BN companion -> .lake/build/efficientnetin_emarmsdp64dropdobf16_ckpt_xla.bin.bn (42016 floats x 2, hash 13838399219462136988)
  step 0/5004: loss=2.473366
  step 1/5004: loss=2.542930
  step 2/5004: loss=2.654880
  step 100/5004: loss=2.611479
  step 200/5004: loss=2.440814
  step 300/5004: loss=2.337260
  step 400/5004: loss=2.109702
  step 500/5004: loss=2.263345
  step 600/5004: loss=2.598636
  step 700/5004: loss=2.275918
  step 800/5004: loss=2.411983
  step 900/5004: loss=2.723849
  step 1000/5004: loss=2.654755
  step 1100/5004: loss=2.586377
  step 1200/5004: loss=2.309696
  step 1300/5004: loss=2.579018
  step 1400/5004: loss=2.726017
  step 1500/5004: loss=2.609343
  step 1600/5004: loss=2.272494
  step 1700/5004: loss=2.597213
  step 1800/5004: loss=2.407566
  step 1900/5004: loss=2.680809
  step 2000/5004: loss=2.546598
  step 2100/5004: loss=2.428019
  step 2200/5004: loss=2.503975
  step 2300/5004: loss=2.304829
  step 2400/5004: loss=2.813832
  step 2500/5004: loss=2.401576
  step 2600/5004: loss=2.501508
  step 2700/5004: loss=2.458762
  step 2800/5004: loss=2.547181
  step 2900/5004: loss=2.466406
  step 3000/5004: loss=2.860943
  step 3100/5004: loss=2.549796
  step 3200/5004: loss=2.319368
  step 3300/5004: loss=2.730587
  step 3400/5004: loss=2.324020
  step 3500/5004: loss=2.229431
  step 3600/5004: loss=2.587884
  step 3700/5004: loss=2.691839
  step 3800/5004: loss=2.562030
  step 3900/5004: loss=2.489032
  step 4000/5004: loss=2.252836
  step 4100/5004: loss=2.503147
  step 4200/5004: loss=2.741305
  step 4300/5004: loss=2.734040
  step 4400/5004: loss=2.089866
  step 4500/5004: loss=2.597110
  step 4600/5004: loss=2.392060
  step 4700/5004: loss=2.559323
  step 4800/5004: loss=2.571928
  step 4900/5004: loss=2.436334
  step 5000/5004: loss=2.292191
[pjrt_ffi] RESIDENT: @efficientnetin_fwd_eval holds 311 parameter tensors (20.3 MB) on 1 device; they stop crossing PCIe from here
Epoch 168/350: loss=2.538913 lr=0.002022
  epoch 168: test_acc = 37468/50000 = 74.936000%  top5 = 46095/50000 = 92.190000%  [95% CI 74.55–75.31]
    BN companion -> .lake/build/efficientnetin_emarmsdp64dropdobf16_ckpt_xla.bin.bn (42016 floats x 2, hash 7754267755429002923)
  step 0/5004: loss=2.517961
  step 1/5004: loss=2.637825
  step 2/5004: loss=2.139849
  step 100/5004: loss=2.509942
  step 200/5004: loss=2.467947
  step 300/5004: loss=2.355578
  step 400/5004: loss=2.871804
  step 500/5004: loss=2.623499
  step 600/5004: loss=2.370379
  step 700/5004: loss=2.198903
  step 800/5004: loss=2.368642
  step 900/5004: loss=2.467067
  step 1000/5004: loss=2.441576
  step 1100/5004: loss=2.518969
  step 1200/5004: loss=2.718532
  step 1300/5004: loss=2.630905
  step 1400/5004: loss=2.659123
  step 1500/5004: loss=2.251507
  step 1600/5004: loss=2.831304
  step 1700/5004: loss=2.585454
  step 1800/5004: loss=2.483591
  step 1900/5004: loss=2.608956
  step 2000/5004: loss=2.488314
  step 2100/5004: loss=2.844148
  step 2200/5004: loss=2.447978
  step 2300/5004: loss=2.451209
  step 2400/5004: loss=2.593745
  step 2500/5004: loss=2.610026
  step 2600/5004: loss=2.381053
  step 2700/5004: loss=2.647706
  step 2800/5004: loss=2.706308
  step 2900/5004: loss=2.600831
  step 3000/5004: loss=2.592139
  step 3100/5004: loss=2.537238
  step 3200/5004: loss=2.535006
  step 3300/5004: loss=2.524047
  step 3400/5004: loss=2.736732
  step 3500/5004: loss=2.640947
  step 3600/5004: loss=2.355948
  step 3700/5004: loss=2.885902
  step 3800/5004: loss=2.672289
  step 3900/5004: loss=2.700843
  step 4000/5004: loss=2.529697
  step 4100/5004: loss=2.381979
  step 4200/5004: loss=2.312521
  step 4300/5004: loss=2.645240
  step 4400/5004: loss=2.702911
  step 4500/5004: loss=2.517443
  step 4600/5004: loss=2.520711
  step 4700/5004: loss=2.511635
  step 4800/5004: loss=2.359857
  step 4900/5004: loss=2.648241
  step 5000/5004: loss=2.689150
[pjrt_ffi] RESIDENT: @efficientnetin_fwd_eval holds 311 parameter tensors (20.3 MB) on 1 device; they stop crossing PCIe from here
Epoch 169/350: loss=2.542304 lr=0.001996
  epoch 169: test_acc = 37462/50000 = 74.924000%  top5 = 46082/50000 = 92.164000%  [95% CI 74.54–75.30]
    BN companion -> .lake/build/efficientnetin_emarmsdp64dropdobf16_ckpt_xla.bin.bn (42016 floats x 2, hash 12355911524700902131)
  step 0/5004: loss=2.463453
  step 1/5004: loss=2.319550
  step 2/5004: loss=2.731546
  step 100/5004: loss=2.741491
  step 200/5004: loss=2.357103
  step 300/5004: loss=2.583949
  step 400/5004: loss=2.693657
  step 500/5004: loss=2.573782
  step 600/5004: loss=2.356632
  step 700/5004: loss=2.134831
  step 800/5004: loss=2.633964
  step 900/5004: loss=2.513190
  step 1000/5004: loss=2.190043
  step 1100/5004: loss=2.214140
  step 1200/5004: loss=2.850646
  step 1300/5004: loss=2.702055
  step 1400/5004: loss=2.718354
  step 1500/5004: loss=2.325133
  step 1600/5004: loss=2.830354
  step 1700/5004: loss=2.543553
  step 1800/5004: loss=2.387414
  step 1900/5004: loss=2.399052
  step 2000/5004: loss=2.453123
  step 2100/5004: loss=2.718513
  step 2200/5004: loss=2.485786
  step 2300/5004: loss=2.737003
  step 2400/5004: loss=2.436654
  step 2500/5004: loss=2.435317
  step 2600/5004: loss=2.633683
  step 2700/5004: loss=2.674229
  step 2800/5004: loss=2.130961
  step 2900/5004: loss=2.696390
  step 3000/5004: loss=2.359700
  step 3100/5004: loss=2.688311
  step 3200/5004: loss=2.761814
  step 3300/5004: loss=2.552539
  step 3400/5004: loss=2.862312
  step 3500/5004: loss=2.611060
  step 3600/5004: loss=2.539632
  step 3700/5004: loss=2.712388
  step 3800/5004: loss=2.683977
  step 3900/5004: loss=2.525743
  step 4000/5004: loss=2.490505
  step 4100/5004: loss=2.605075
  step 4200/5004: loss=2.373804
  step 4300/5004: loss=2.560333
  step 4400/5004: loss=3.035915
  step 4500/5004: loss=2.240170
  step 4600/5004: loss=2.174964
  step 4700/5004: loss=2.605197
  step 4800/5004: loss=2.771792
  step 4900/5004: loss=2.615437
  step 5000/5004: loss=2.426609
[pjrt_ffi] RESIDENT: @efficientnetin_fwd_eval holds 311 parameter tensors (20.3 MB) on 1 device; they stop crossing PCIe from here
Epoch 170/350: loss=2.534428 lr=0.001971
  epoch 170: test_acc = 37442/50000 = 74.884000%  top5 = 46068/50000 = 92.136000%  [95% CI 74.50–75.26]
    BN companion -> .lake/build/efficientnetin_emarmsdp64dropdobf16_ckpt_xla.bin.bn (42016 floats x 2, hash 6199920085061593385)
  step 0/5004: loss=2.477927
  step 1/5004: loss=2.495277
  step 2/5004: loss=2.395341
  step 100/5004: loss=2.532232
  step 200/5004: loss=2.348999
  step 300/5004: loss=2.935006
  step 400/5004: loss=2.619418
  step 500/5004: loss=2.270170
  step 600/5004: loss=2.941883
  step 700/5004: loss=2.532595
  step 800/5004: loss=2.403800
  step 900/5004: loss=2.612236
  step 1000/5004: loss=2.406351
  step 1100/5004: loss=2.413246
  step 1200/5004: loss=2.506494
  step 1300/5004: loss=2.631120
  step 1400/5004: loss=2.775697
  step 1500/5004: loss=2.382770
  step 1600/5004: loss=2.584774
  step 1700/5004: loss=2.428696
  step 1800/5004: loss=2.475084
  step 1900/5004: loss=2.291443
  step 2000/5004: loss=2.809792
  step 2100/5004: loss=2.657112
  step 2200/5004: loss=2.660429
  step 2300/5004: loss=2.562955
  step 2400/5004: loss=2.459664
  step 2500/5004: loss=2.403228
  step 2600/5004: loss=2.714247
  step 2700/5004: loss=2.407906
  step 2800/5004: loss=2.421380
  step 2900/5004: loss=2.541203
  step 3000/5004: loss=2.667299
  step 3100/5004: loss=2.342162
  step 3200/5004: loss=2.407166
  step 3300/5004: loss=2.547954
  step 3400/5004: loss=2.599403
  step 3500/5004: loss=2.837037
  step 3600/5004: loss=2.316630
  step 3700/5004: loss=2.252841
  step 3800/5004: loss=2.048688
  step 3900/5004: loss=2.667417
  step 4000/5004: loss=2.370461
  step 4100/5004: loss=2.491289
  step 4200/5004: loss=2.584091
  step 4300/5004: loss=2.303898
  step 4400/5004: loss=2.574608
  step 4500/5004: loss=2.444062
  step 4600/5004: loss=2.660749
  step 4700/5004: loss=2.635572
  step 4800/5004: loss=2.725240
  step 4900/5004: loss=2.932279
  step 5000/5004: loss=2.543849
[pjrt_ffi] RESIDENT: @efficientnetin_fwd_eval holds 311 parameter tensors (20.3 MB) on 1 device; they stop crossing PCIe from here
Epoch 171/350: loss=2.533542 lr=0.001946
  epoch 171: test_acc = 37456/50000 = 74.912000%  top5 = 46114/50000 = 92.228000%  [95% CI 74.53–75.29]
    BN companion -> .lake/build/efficientnetin_emarmsdp64dropdobf16_ckpt_xla.bin.bn (42016 floats x 2, hash 7683008664475004583)
  step 0/5004: loss=2.498239
  step 1/5004: loss=2.704746
  step 2/5004: loss=2.437986
  step 100/5004: loss=2.538795
  step 200/5004: loss=2.641096
  step 300/5004: loss=2.553653
  step 400/5004: loss=2.324907
  step 500/5004: loss=2.320162
  step 600/5004: loss=2.591197
  step 700/5004: loss=2.405811
  step 800/5004: loss=2.607996
  step 900/5004: loss=2.562666
  step 1000/5004: loss=2.865166
  step 1100/5004: loss=2.546715
  step 1200/5004: loss=2.666112
  step 1300/5004: loss=2.052212
  step 1400/5004: loss=2.644255
  step 1500/5004: loss=2.257482
  step 1600/5004: loss=2.141100
  step 1700/5004: loss=2.364192
  step 1800/5004: loss=2.817538
  step 1900/5004: loss=2.458866
  step 2000/5004: loss=2.734805
  step 2100/5004: loss=2.539213
  step 2200/5004: loss=2.293629
  step 2300/5004: loss=2.609521
  step 2400/5004: loss=2.605685
  step 2500/5004: loss=2.760569
  step 2600/5004: loss=2.919968
  step 2700/5004: loss=2.864296
  step 2800/5004: loss=2.684585
  step 2900/5004: loss=2.615910
  step 3000/5004: loss=2.431743
  step 3100/5004: loss=2.619332
  step 3200/5004: loss=2.086460
  step 3300/5004: loss=2.404088
  step 3400/5004: loss=2.446215
  step 3500/5004: loss=2.557435
  step 3600/5004: loss=2.533544
  step 3700/5004: loss=2.531559
  step 3800/5004: loss=2.454268
  step 3900/5004: loss=2.660916
  step 4000/5004: loss=2.495437
  step 4100/5004: loss=2.514639
  step 4200/5004: loss=2.496456
  step 4300/5004: loss=2.363766
  step 4400/5004: loss=2.464412
  step 4500/5004: loss=2.507585
  step 4600/5004: loss=2.526927
  step 4700/5004: loss=2.327897
  step 4800/5004: loss=1.976467
  step 4900/5004: loss=2.421271
  step 5000/5004: loss=2.705917
[pjrt_ffi] RESIDENT: @efficientnetin_fwd_eval holds 311 parameter tensors (20.3 MB) on 1 device; they stop crossing PCIe from here
Epoch 172/350: loss=2.534142 lr=0.001922
  epoch 172: test_acc = 37419/50000 = 74.838000%  top5 = 46097/50000 = 92.194000%  [95% CI 74.46–75.22]
    BN companion -> .lake/build/efficientnetin_emarmsdp64dropdobf16_ckpt_xla.bin.bn (42016 floats x 2, hash 16161857926221366638)
  step 0/5004: loss=2.849956
  step 1/5004: loss=2.521975
  step 2/5004: loss=2.473707
  step 100/5004: loss=2.236953
  step 200/5004: loss=2.524776
  step 300/5004: loss=2.309481
  step 400/5004: loss=2.466885
  step 500/5004: loss=2.373787
  step 600/5004: loss=2.334866
  step 700/5004: loss=2.760328
  step 800/5004: loss=2.511834
  step 900/5004: loss=2.406007
  step 1000/5004: loss=2.379076
  step 1100/5004: loss=2.661104
  step 1200/5004: loss=2.447191
  step 1300/5004: loss=2.642059
  step 1400/5004: loss=2.736735
  step 1500/5004: loss=2.180677
  step 1600/5004: loss=2.328282
  step 1700/5004: loss=2.450217
  step 1800/5004: loss=2.586772
  step 1900/5004: loss=2.553420
  step 2000/5004: loss=2.662272
  step 2100/5004: loss=2.519306
  step 2200/5004: loss=2.790642
  step 2300/5004: loss=2.846978
  step 2400/5004: loss=2.356848
  step 2500/5004: loss=2.516186
  step 2600/5004: loss=2.942522
  step 2700/5004: loss=2.258457
  step 2800/5004: loss=2.668003
  step 2900/5004: loss=2.821408
  step 3000/5004: loss=2.472711
  step 3100/5004: loss=2.825765
  step 3200/5004: loss=2.674856
  step 3300/5004: loss=2.594018
  step 3400/5004: loss=2.261066
  step 3500/5004: loss=2.319010
  step 3600/5004: loss=2.487680
  step 3700/5004: loss=2.550829
  step 3800/5004: loss=2.387975
  step 3900/5004: loss=2.537024
  step 4000/5004: loss=2.503864
  step 4100/5004: loss=2.769564
  step 4200/5004: loss=2.114726
  step 4300/5004: loss=2.531006
  step 4400/5004: loss=2.749784
  step 4500/5004: loss=2.707881
  step 4600/5004: loss=2.502220
  step 4700/5004: loss=2.728017
  step 4800/5004: loss=2.558908
  step 4900/5004: loss=2.656893
  step 5000/5004: loss=2.297611
[pjrt_ffi] RESIDENT: @efficientnetin_fwd_eval holds 311 parameter tensors (20.3 MB) on 1 device; they stop crossing PCIe from here
Epoch 173/350: loss=2.529510 lr=0.001897
  epoch 173: test_acc = 37463/50000 = 74.926000%  top5 = 46105/50000 = 92.210000%  [95% CI 74.54–75.30]
    BN companion -> .lake/build/efficientnetin_emarmsdp64dropdobf16_ckpt_xla.bin.bn (42016 floats x 2, hash 11634393300958826227)
  step 0/5004: loss=2.632143
  step 1/5004: loss=2.905427
  step 2/5004: loss=2.406415
  step 100/5004: loss=2.286741
  step 200/5004: loss=2.674564
  step 300/5004: loss=2.370182
  step 400/5004: loss=2.439178
  step 500/5004: loss=2.555650
  step 600/5004: loss=2.592375
  step 700/5004: loss=2.603188
  step 800/5004: loss=2.567075
  step 900/5004: loss=2.202655
  step 1000/5004: loss=2.273245
  step 1100/5004: loss=2.692494
  step 1200/5004: loss=2.560320
  step 1300/5004: loss=2.665016
  step 1400/5004: loss=2.594687
  step 1500/5004: loss=2.521661
  step 1600/5004: loss=2.801172
  step 1700/5004: loss=2.892161
  step 1800/5004: loss=2.306092
  step 1900/5004: loss=2.335791
  step 2000/5004: loss=2.174038
  step 2100/5004: loss=2.582757
  step 2200/5004: loss=2.563658
  step 2300/5004: loss=2.468799
  step 2400/5004: loss=2.439209
  step 2500/5004: loss=2.310088
  step 2600/5004: loss=2.727848
  step 2700/5004: loss=2.675368
  step 2800/5004: loss=2.443804
  step 2900/5004: loss=3.043568
  step 3000/5004: loss=2.359679
  step 3100/5004: loss=2.555911
  step 3200/5004: loss=2.613780
  step 3300/5004: loss=2.775052
  step 3400/5004: loss=2.575593
  step 3500/5004: loss=3.159489
  step 3600/5004: loss=2.576955
  step 3700/5004: loss=2.424574
  step 3800/5004: loss=2.273459
  step 3900/5004: loss=2.418236
  step 4000/5004: loss=2.524429
  step 4100/5004: loss=2.340264
  step 4200/5004: loss=2.477736
  step 4300/5004: loss=2.659890
  step 4400/5004: loss=2.425029
  step 4500/5004: loss=2.240166
  step 4600/5004: loss=2.661539
  step 4700/5004: loss=2.230179
  step 4800/5004: loss=2.830861
W0000 00:00:1789392478.017762 2958892 prefetch_autotuner.cc:55] Prefetch autotuner tried to allocate 91453 bytes after encountering the first element of size 91453 bytes.This already causes the autotune ram budget to be exceeded. To stay within the ram budget, either increase the ram budget or reduce element size
  step 4900/5004: loss=2.342353
  step 5000/5004: loss=2.392234
[pjrt_ffi] RESIDENT: @efficientnetin_fwd_eval holds 311 parameter tensors (20.3 MB) on 1 device; they stop crossing PCIe from here
Epoch 174/350: loss=2.528075 lr=0.001873
  epoch 174: test_acc = 37461/50000 = 74.922000%  top5 = 46103/50000 = 92.206000%  [95% CI 74.54–75.30]
    BN companion -> .lake/build/efficientnetin_emarmsdp64dropdobf16_ckpt_xla.bin.bn (42016 floats x 2, hash 1966196564780107623)
  step 0/5004: loss=2.382897
  step 1/5004: loss=2.297927
  step 2/5004: loss=2.366349
  step 100/5004: loss=2.160963
  step 200/5004: loss=2.704253
  step 300/5004: loss=2.348741
  step 400/5004: loss=2.737270
  step 500/5004: loss=2.590020
  step 600/5004: loss=2.603727
  step 700/5004: loss=2.632044
  step 800/5004: loss=2.789556
  step 900/5004: loss=2.366884
  step 1000/5004: loss=2.342266
  step 1100/5004: loss=2.570264
  step 1200/5004: loss=2.413392
  step 1300/5004: loss=2.619350
  step 1400/5004: loss=2.498260
  step 1500/5004: loss=2.457067
  step 1600/5004: loss=2.426279
  step 1700/5004: loss=2.088636
  step 1800/5004: loss=2.348737
  step 1900/5004: loss=2.229476
  step 2000/5004: loss=2.445112
  step 2100/5004: loss=2.535604
  step 2200/5004: loss=2.157841
  step 2300/5004: loss=2.329813
  step 2400/5004: loss=2.578965
  step 2500/5004: loss=2.226029
  step 2600/5004: loss=2.570996
  step 2700/5004: loss=2.374847
  step 2800/5004: loss=2.434628
  step 2900/5004: loss=2.563202
  step 3000/5004: loss=2.462529
  step 3100/5004: loss=2.533941
  step 3200/5004: loss=2.351807
  step 3300/5004: loss=2.202796
  step 3400/5004: loss=2.682787
  step 3500/5004: loss=3.108979
  step 3600/5004: loss=2.513543
  step 3700/5004: loss=2.441579
  step 3800/5004: loss=2.590980
  step 3900/5004: loss=2.473779
  step 4000/5004: loss=2.496746
  step 4100/5004: loss=3.005704
  step 4200/5004: loss=2.176097
  step 4300/5004: loss=2.752686
  step 4400/5004: loss=2.407652
  step 4500/5004: loss=2.379702
  step 4600/5004: loss=2.718704
  step 4700/5004: loss=2.429197
  step 4800/5004: loss=2.245325
W0000 00:00:1789393172.013925 2958892 prefetch_autotuner.cc:55] Prefetch autotuner tried to allocate 91453 bytes after encountering the first element of size 91453 bytes.This already causes the autotune ram budget to be exceeded. To stay within the ram budget, either increase the ram budget or reduce element size
  step 4900/5004: loss=2.840725
  step 5000/5004: loss=2.533051
[pjrt_ffi] RESIDENT: @efficientnetin_fwd_eval holds 311 parameter tensors (20.3 MB) on 1 device; they stop crossing PCIe from here
Epoch 175/350: loss=2.526298 lr=0.001850
  epoch 175: test_acc = 37463/50000 = 74.926000%  top5 = 46137/50000 = 92.274000%  [95% CI 74.54–75.30]
    BN companion -> .lake/build/efficientnetin_emarmsdp64dropdobf16_ckpt_xla.bin.bn (42016 floats x 2, hash 966351348397431997)
  step 0/5004: loss=2.833981
  step 1/5004: loss=2.191795
  step 2/5004: loss=2.390954
  step 100/5004: loss=2.200827
  step 200/5004: loss=2.620712
  step 300/5004: loss=2.330547
  step 400/5004: loss=2.392959
  step 500/5004: loss=2.796877
  step 600/5004: loss=2.989584
  step 700/5004: loss=2.387466
  step 800/5004: loss=2.395321
  step 900/5004: loss=2.796738
  step 1000/5004: loss=2.496647
  step 1100/5004: loss=2.593748
  step 1200/5004: loss=2.618298
  step 1300/5004: loss=2.370375
  step 1400/5004: loss=2.580461
  step 1500/5004: loss=2.861614
  step 1600/5004: loss=2.316886
  step 1700/5004: loss=2.745299
  step 1800/5004: loss=2.614130
  step 1900/5004: loss=2.429555
  step 2000/5004: loss=2.625893
  step 2100/5004: loss=2.506400
  step 2200/5004: loss=2.755428
  step 2300/5004: loss=2.415784
  step 2400/5004: loss=2.780513
  step 2500/5004: loss=2.716830
  step 2600/5004: loss=3.011093
  step 2700/5004: loss=2.494408
  step 2800/5004: loss=2.580661
  step 2900/5004: loss=2.844568
  step 3000/5004: loss=2.651048
  step 3100/5004: loss=2.444934
  step 3200/5004: loss=2.500237
  step 3300/5004: loss=2.621073
  step 3400/5004: loss=2.366892
  step 3500/5004: loss=2.483053
  step 3600/5004: loss=2.666703
  step 3700/5004: loss=2.444991
  step 3800/5004: loss=2.744362
  step 3900/5004: loss=2.654418
  step 4000/5004: loss=2.185780
  step 4100/5004: loss=2.625994
  step 4200/5004: loss=2.733796
  step 4300/5004: loss=2.625592
  step 4400/5004: loss=2.752105
  step 4500/5004: loss=2.355703
  step 4600/5004: loss=2.282552
  step 4700/5004: loss=1.941695
  step 4800/5004: loss=2.435595
  step 4900/5004: loss=2.744065
  step 5000/5004: loss=2.409829
[pjrt_ffi] RESIDENT: @efficientnetin_fwd_eval holds 311 parameter tensors (20.3 MB) on 1 device; they stop crossing PCIe from here
Epoch 176/350: loss=2.524052 lr=0.001826
  epoch 176: test_acc = 37462/50000 = 74.924000%  top5 = 46146/50000 = 92.292000%  [95% CI 74.54–75.30]
    BN companion -> .lake/build/efficientnetin_emarmsdp64dropdobf16_ckpt_xla.bin.bn (42016 floats x 2, hash 14787286202584698945)
  step 0/5004: loss=2.404375
  step 1/5004: loss=2.235401
  step 2/5004: loss=2.443988
  step 100/5004: loss=2.473181
  step 200/5004: loss=2.702830
  step 300/5004: loss=2.011288
  step 400/5004: loss=2.631987
  step 500/5004: loss=2.725097
  step 600/5004: loss=2.657723
  step 700/5004: loss=2.378847
  step 800/5004: loss=2.262844
  step 900/5004: loss=2.476340
  step 1000/5004: loss=2.651368
  step 1100/5004: loss=2.385715
  step 1200/5004: loss=2.361714
  step 1300/5004: loss=2.652217
  step 1400/5004: loss=2.316839
  step 1500/5004: loss=2.738523
  step 1600/5004: loss=2.937826
  step 1700/5004: loss=2.307384
  step 1800/5004: loss=2.690595
  step 1900/5004: loss=2.395447
  step 2000/5004: loss=2.517635
  step 2100/5004: loss=2.442389
  step 2200/5004: loss=2.565656
  step 2300/5004: loss=2.453423
  step 2400/5004: loss=2.351774
  step 2500/5004: loss=2.259150
  step 2600/5004: loss=3.095902
  step 2700/5004: loss=2.298610
  step 2800/5004: loss=2.192276
  step 2900/5004: loss=2.383060
  step 3000/5004: loss=2.443454
  step 3100/5004: loss=2.305403
  step 3200/5004: loss=2.339940
  step 3300/5004: loss=2.518261
  step 3400/5004: loss=2.129336
  step 3500/5004: loss=2.603847
  step 3600/5004: loss=2.260558
  step 3700/5004: loss=2.773528
  step 3800/5004: loss=2.352418
  step 3900/5004: loss=2.448424
  step 4000/5004: loss=2.551796
  step 4100/5004: loss=2.545126
  step 4200/5004: loss=2.596038
  step 4300/5004: loss=2.395274
  step 4400/5004: loss=2.521256
  step 4500/5004: loss=2.632634
  step 4600/5004: loss=2.463194
  step 4700/5004: loss=2.604142
  step 4800/5004: loss=2.630569
  step 4900/5004: loss=2.347668
  step 5000/5004: loss=2.841044
[pjrt_ffi] RESIDENT: @efficientnetin_fwd_eval holds 311 parameter tensors (20.3 MB) on 1 device; they stop crossing PCIe from here
Epoch 177/350: loss=2.517887 lr=0.001803
  epoch 177: test_acc = 37472/50000 = 74.944000%  top5 = 46159/50000 = 92.318000%  [95% CI 74.56–75.32]
    BN companion -> .lake/build/efficientnetin_emarmsdp64dropdobf16_ckpt_xla.bin.bn (42016 floats x 2, hash 558223662885864705)
  step 0/5004: loss=2.779198
  step 1/5004: loss=2.465817
  step 2/5004: loss=2.891478
  step 100/5004: loss=2.469531
  step 200/5004: loss=2.680354
  step 300/5004: loss=2.267854
  step 400/5004: loss=2.631576
  step 500/5004: loss=2.436346
  step 600/5004: loss=2.558778
  step 700/5004: loss=2.806940
  step 800/5004: loss=2.181278
  step 900/5004: loss=2.495570
  step 1000/5004: loss=2.156816
  step 1100/5004: loss=2.795216
  step 1200/5004: loss=2.842575
  step 1300/5004: loss=2.543259
  step 1400/5004: loss=2.616903
  step 1500/5004: loss=2.089575
  step 1600/5004: loss=2.859064
  step 1700/5004: loss=2.432424
  step 1800/5004: loss=2.670794
  step 1900/5004: loss=2.170467
  step 2000/5004: loss=2.288161
  step 2100/5004: loss=2.421980
  step 2200/5004: loss=2.549415
  step 2300/5004: loss=2.680350
  step 2400/5004: loss=2.789842
  step 2500/5004: loss=2.099171
  step 2600/5004: loss=2.535410
  step 2700/5004: loss=2.373226
  step 2800/5004: loss=2.444668
  step 2900/5004: loss=2.222108
  step 3000/5004: loss=2.653610
  step 3100/5004: loss=2.616902
  step 3200/5004: loss=2.363292
  step 3300/5004: loss=2.419971
  step 3400/5004: loss=2.410283
  step 3500/5004: loss=2.518139
  step 3600/5004: loss=2.630472
  step 3700/5004: loss=2.364088
  step 3800/5004: loss=2.516880
  step 3900/5004: loss=2.533486
  step 4000/5004: loss=2.790634
  step 4100/5004: loss=2.456678
  step 4200/5004: loss=2.689075
  step 4300/5004: loss=2.992826
  step 4400/5004: loss=2.431722
  step 4500/5004: loss=2.926981
  step 4600/5004: loss=2.513674
  step 4700/5004: loss=2.585088
  step 4800/5004: loss=2.658597
  step 4900/5004: loss=2.434285
  step 5000/5004: loss=2.662805
[pjrt_ffi] RESIDENT: @efficientnetin_fwd_eval holds 311 parameter tensors (20.3 MB) on 1 device; they stop crossing PCIe from here
Epoch 178/350: loss=2.519786 lr=0.001781
  epoch 178: test_acc = 37449/50000 = 74.898000%  top5 = 46163/50000 = 92.326000%  [95% CI 74.52–75.28]
    BN companion -> .lake/build/efficientnetin_emarmsdp64dropdobf16_ckpt_xla.bin.bn (42016 floats x 2, hash 6136132515818639473)
  step 0/5004: loss=2.409535
  step 1/5004: loss=2.753871
  step 2/5004: loss=2.697291
  step 100/5004: loss=2.516146
  step 200/5004: loss=2.687135
  step 300/5004: loss=2.735589
  step 400/5004: loss=2.676020
  step 500/5004: loss=2.649841
  step 600/5004: loss=2.169620
  step 700/5004: loss=2.446132
  step 800/5004: loss=2.324611
  step 900/5004: loss=2.308490
  step 1000/5004: loss=2.658661
  step 1100/5004: loss=2.510938
  step 1200/5004: loss=2.563635
  step 1300/5004: loss=2.651397
  step 1400/5004: loss=2.792486
  step 1500/5004: loss=2.442872
  step 1600/5004: loss=2.502459
  step 1700/5004: loss=2.907655
  step 1800/5004: loss=2.331239
  step 1900/5004: loss=2.367516
  step 2000/5004: loss=2.252770
  step 2100/5004: loss=2.299309
  step 2200/5004: loss=2.378516
  step 2300/5004: loss=2.425544
  step 2400/5004: loss=2.526181
  step 2500/5004: loss=2.101459
  step 2600/5004: loss=2.293181
  step 2700/5004: loss=2.381386
  step 2800/5004: loss=2.331570
  step 2900/5004: loss=2.448459
  step 3000/5004: loss=2.601857
  step 3100/5004: loss=2.536829
  step 3200/5004: loss=2.364884
  step 3300/5004: loss=2.399601
  step 3400/5004: loss=2.573287
  step 3500/5004: loss=2.640325
  step 3600/5004: loss=2.371819
  step 3700/5004: loss=2.552112
  step 3800/5004: loss=2.550560
  step 3900/5004: loss=2.636235
  step 4000/5004: loss=2.751956
  step 4100/5004: loss=2.743513
  step 4200/5004: loss=2.748951
  step 4300/5004: loss=2.191051
  step 4400/5004: loss=2.815415
  step 4500/5004: loss=2.473529
  step 4600/5004: loss=2.495142
  step 4700/5004: loss=2.340648
  step 4800/5004: loss=2.700649
  step 4900/5004: loss=2.405041
  step 5000/5004: loss=2.500899
[pjrt_ffi] RESIDENT: @efficientnetin_fwd_eval holds 311 parameter tensors (20.3 MB) on 1 device; they stop crossing PCIe from here
Epoch 179/350: loss=2.509551 lr=0.001758
  epoch 179: test_acc = 37496/50000 = 74.992000%  top5 = 46168/50000 = 92.336000%  [95% CI 74.61–75.37]
    BN companion -> .lake/build/efficientnetin_emarmsdp64dropdobf16_ckpt_xla.bin.bn (42016 floats x 2, hash 10718864390180052795)
  step 0/5004: loss=2.264554
  step 1/5004: loss=2.595018
  step 2/5004: loss=2.342356
  step 100/5004: loss=2.754118
  step 200/5004: loss=2.198087
  step 300/5004: loss=2.242089
  step 400/5004: loss=2.381279
  step 500/5004: loss=2.494273
  step 600/5004: loss=2.617786
  step 700/5004: loss=2.395460
  step 800/5004: loss=2.181117
  step 900/5004: loss=2.089545
  step 1000/5004: loss=2.773185
  step 1100/5004: loss=2.387157
  step 1200/5004: loss=2.855976
  step 1300/5004: loss=2.439343
  step 1400/5004: loss=2.420932
  step 1500/5004: loss=2.648748
  step 1600/5004: loss=2.177081
  step 1700/5004: loss=2.630187
  step 1800/5004: loss=2.438869
  step 1900/5004: loss=2.557727
  step 2000/5004: loss=2.627643
  step 2100/5004: loss=2.514792
  step 2200/5004: loss=2.624399
  step 2300/5004: loss=2.387909
  step 2400/5004: loss=2.680027
  step 2500/5004: loss=2.956614
  step 2600/5004: loss=2.448874
  step 2700/5004: loss=2.229967
  step 2800/5004: loss=3.199067
  step 2900/5004: loss=2.442359
  step 3000/5004: loss=2.795541
  step 3100/5004: loss=2.557471
  step 3200/5004: loss=2.500968
  step 3300/5004: loss=2.736299
  step 3400/5004: loss=2.710251
  step 3500/5004: loss=2.104485
  step 3600/5004: loss=2.790400
  step 3700/5004: loss=2.487817
  step 3800/5004: loss=2.291129
  step 3900/5004: loss=2.425696
  step 4000/5004: loss=2.370490
  step 4100/5004: loss=2.842626
  step 4200/5004: loss=2.161751
  step 4300/5004: loss=2.364170
  step 4400/5004: loss=2.621602
  step 4500/5004: loss=2.709982
  step 4600/5004: loss=2.424290
  step 4700/5004: loss=2.366009
  step 4800/5004: loss=2.766689
  step 4900/5004: loss=3.041078
  step 5000/5004: loss=2.146434
[pjrt_ffi] RESIDENT: @efficientnetin_fwd_eval holds 311 parameter tensors (20.3 MB) on 1 device; they stop crossing PCIe from here
Epoch 180/350: loss=2.513740 lr=0.001736
  epoch 180: test_acc = 37519/50000 = 75.038000%  top5 = 46177/50000 = 92.354000%  [95% CI 74.66–75.42]
    BN companion -> .lake/build/efficientnetin_emarmsdp64dropdobf16_ckpt_xla.bin.bn (42016 floats x 2, hash 1203421805272051032)
  step 0/5004: loss=2.582503
  step 1/5004: loss=2.518686
  step 2/5004: loss=2.560992
  step 100/5004: loss=2.307597
  step 200/5004: loss=2.238510
  step 300/5004: loss=2.558236
  step 400/5004: loss=2.106517
  step 500/5004: loss=2.372717
  step 600/5004: loss=2.617457
  step 700/5004: loss=2.961031
  step 800/5004: loss=2.417627
  step 900/5004: loss=2.707991
  step 1000/5004: loss=2.448685
  step 1100/5004: loss=2.325864
  step 1200/5004: loss=2.618329
  step 1300/5004: loss=2.325830
  step 1400/5004: loss=2.390317
  step 1500/5004: loss=2.656103
  step 1600/5004: loss=2.545646
  step 1700/5004: loss=2.439036
  step 1800/5004: loss=2.170695
  step 1900/5004: loss=2.370174
  step 2000/5004: loss=2.492919
  step 2100/5004: loss=2.372942
  step 2200/5004: loss=2.301642
  step 2300/5004: loss=2.818312
  step 2400/5004: loss=2.248199
  step 2500/5004: loss=2.163550
  step 2600/5004: loss=2.392507
  step 2700/5004: loss=2.460376
  step 2800/5004: loss=2.776148
  step 2900/5004: loss=2.757921
  step 3000/5004: loss=2.627387
  step 3100/5004: loss=2.204552
  step 3200/5004: loss=2.296483
  step 3300/5004: loss=2.609202
  step 3400/5004: loss=2.518149
  step 3500/5004: loss=2.277306
  step 3600/5004: loss=2.536355
  step 3700/5004: loss=2.475512
  step 3800/5004: loss=2.228378
  step 3900/5004: loss=2.641483
  step 4000/5004: loss=2.460255
  step 4100/5004: loss=2.394143
  step 4200/5004: loss=2.593825
  step 4300/5004: loss=2.443885
  step 4400/5004: loss=2.268257
  step 4500/5004: loss=2.328423
  step 4600/5004: loss=2.466191
  step 4700/5004: loss=2.392027
  step 4800/5004: loss=2.171410
W0000 00:00:1789397310.283288 2958892 prefetch_autotuner.cc:55] Prefetch autotuner tried to allocate 91453 bytes after encountering the first element of size 91453 bytes.This already causes the autotune ram budget to be exceeded. To stay within the ram budget, either increase the ram budget or reduce element size
  step 4900/5004: loss=2.243834
  step 5000/5004: loss=2.616057
[pjrt_ffi] RESIDENT: @efficientnetin_fwd_eval holds 311 parameter tensors (20.3 MB) on 1 device; they stop crossing PCIe from here
Epoch 181/350: loss=2.510014 lr=0.001714
  epoch 181: test_acc = 37531/50000 = 75.062000%  top5 = 46157/50000 = 92.314000%  [95% CI 74.68–75.44]
    BN companion -> .lake/build/efficientnetin_emarmsdp64dropdobf16_ckpt_xla.bin.bn (42016 floats x 2, hash 1366617478460535465)
  step 0/5004: loss=1.988853
  step 1/5004: loss=3.091799
  step 2/5004: loss=2.446955
  step 100/5004: loss=2.358709
  step 200/5004: loss=2.667500
  step 300/5004: loss=2.733857
  step 400/5004: loss=2.512800
  step 500/5004: loss=2.394097
  step 600/5004: loss=2.515791
  step 700/5004: loss=2.476382
  step 800/5004: loss=2.531891
  step 900/5004: loss=2.132550
  step 1000/5004: loss=2.509812
  step 1100/5004: loss=2.537369
  step 1200/5004: loss=2.324559
  step 1300/5004: loss=2.702944
  step 1400/5004: loss=2.394014
  step 1500/5004: loss=2.519283
  step 1600/5004: loss=2.581205
  step 1700/5004: loss=2.683651
  step 1800/5004: loss=2.535724
  step 1900/5004: loss=2.034565
  step 2000/5004: loss=2.886613
  step 2100/5004: loss=2.353100
  step 2200/5004: loss=2.491512
  step 2300/5004: loss=2.491900
  step 2400/5004: loss=2.490940
  step 2500/5004: loss=2.603245
  step 2600/5004: loss=2.279699
  step 2700/5004: loss=2.747382
  step 2800/5004: loss=2.320068
  step 2900/5004: loss=2.448900
  step 3000/5004: loss=2.120523
  step 3100/5004: loss=2.527681
  step 3200/5004: loss=2.338575
  step 3300/5004: loss=2.340985
  step 3400/5004: loss=2.606707
  step 3500/5004: loss=2.479136
  step 3600/5004: loss=2.636318
  step 3700/5004: loss=2.268687
  step 3800/5004: loss=2.735871
  step 3900/5004: loss=2.414144
  step 4000/5004: loss=2.521506
  step 4100/5004: loss=2.148497
  step 4200/5004: loss=2.192313
  step 4300/5004: loss=2.554831
  step 4400/5004: loss=2.496755
  step 4500/5004: loss=2.648432
  step 4600/5004: loss=2.380091
  step 4700/5004: loss=2.516978
  step 4800/5004: loss=2.710282
  step 4900/5004: loss=2.246644
  step 5000/5004: loss=2.635666
[pjrt_ffi] RESIDENT: @efficientnetin_fwd_eval holds 311 parameter tensors (20.3 MB) on 1 device; they stop crossing PCIe from here
Epoch 182/350: loss=2.510635 lr=0.001693
  epoch 182: test_acc = 37573/50000 = 75.146000%  top5 = 46152/50000 = 92.304000%  [95% CI 74.77–75.52]
    BN companion -> .lake/build/efficientnetin_emarmsdp64dropdobf16_ckpt_xla.bin.bn (42016 floats x 2, hash 6609784169778219191)
  step 0/5004: loss=2.253642
  step 1/5004: loss=2.192410
  step 2/5004: loss=2.251583
  step 100/5004: loss=2.209893
  step 200/5004: loss=2.815209
  step 300/5004: loss=2.481905
  step 400/5004: loss=2.733858
  step 500/5004: loss=2.775467
  step 600/5004: loss=2.775032
  step 700/5004: loss=2.384738
  step 800/5004: loss=2.429796
  step 900/5004: loss=2.694257
  step 1000/5004: loss=2.409600
  step 1100/5004: loss=2.628517
  step 1200/5004: loss=2.760513
  step 1300/5004: loss=2.322813
  step 1400/5004: loss=2.498161
  step 1500/5004: loss=2.351545
  step 1600/5004: loss=2.620411
  step 1700/5004: loss=2.538190
  step 1800/5004: loss=2.421946
  step 1900/5004: loss=2.609697
  step 2000/5004: loss=2.713772
  step 2100/5004: loss=2.718166
  step 2200/5004: loss=2.461788
  step 2300/5004: loss=2.497761
  step 2400/5004: loss=2.510761
  step 2500/5004: loss=2.689658
  step 2600/5004: loss=2.453358
  step 2700/5004: loss=2.614427
  step 2800/5004: loss=2.745325
  step 2900/5004: loss=2.721705
  step 3000/5004: loss=2.766129
  step 3100/5004: loss=2.610269
  step 3200/5004: loss=2.544361
  step 3300/5004: loss=2.739868
  step 3400/5004: loss=2.822556
  step 3500/5004: loss=2.242950
  step 3600/5004: loss=2.793304
  step 3700/5004: loss=2.509857
  step 3800/5004: loss=2.664374
  step 3900/5004: loss=2.613344
  step 4000/5004: loss=2.376059
  step 4100/5004: loss=1.948619
  step 4200/5004: loss=2.909940
  step 4300/5004: loss=2.135857
  step 4400/5004: loss=2.475374
  step 4500/5004: loss=2.843401
  step 4600/5004: loss=2.485973
  step 4700/5004: loss=2.330747
  step 4800/5004: loss=2.464924
  step 4900/5004: loss=2.405263
  step 5000/5004: loss=2.860493
[pjrt_ffi] RESIDENT: @efficientnetin_fwd_eval holds 311 parameter tensors (20.3 MB) on 1 device; they stop crossing PCIe from here
Epoch 183/350: loss=2.504430 lr=0.001671
  epoch 183: test_acc = 37550/50000 = 75.100000%  top5 = 46180/50000 = 92.360000%  [95% CI 74.72–75.48]
    BN companion -> .lake/build/efficientnetin_emarmsdp64dropdobf16_ckpt_xla.bin.bn (42016 floats x 2, hash 15634474950280038107)
  step 0/5004: loss=2.586626
  step 1/5004: loss=3.013196
  step 2/5004: loss=2.328040
  step 100/5004: loss=2.553927
  step 200/5004: loss=2.324236
  step 300/5004: loss=2.535353
  step 400/5004: loss=2.328617
  step 500/5004: loss=2.668631
  step 600/5004: loss=2.709731
  step 700/5004: loss=2.757380
  step 800/5004: loss=2.376101
  step 900/5004: loss=2.419245
  step 1000/5004: loss=2.280928
  step 1100/5004: loss=2.778891
  step 1200/5004: loss=2.335234
  step 1300/5004: loss=2.459922
  step 1400/5004: loss=2.727082
  step 1500/5004: loss=3.011834
  step 1600/5004: loss=2.416132
  step 1700/5004: loss=2.765556
  step 1800/5004: loss=2.384244
  step 1900/5004: loss=2.781218
  step 2000/5004: loss=2.531587
  step 2100/5004: loss=2.894970
  step 2200/5004: loss=2.455379
  step 2300/5004: loss=2.634747
  step 2400/5004: loss=2.676552
  step 2500/5004: loss=2.430079
  step 2600/5004: loss=2.342381
  step 2700/5004: loss=2.774089
  step 2800/5004: loss=2.342786
  step 2900/5004: loss=2.730398
  step 3000/5004: loss=2.476830
  step 3100/5004: loss=2.103868
  step 3200/5004: loss=2.872279
  step 3300/5004: loss=2.369957
  step 3400/5004: loss=2.845222
  step 3500/5004: loss=2.498991
  step 3600/5004: loss=2.389012
  step 3700/5004: loss=2.470033
  step 3800/5004: loss=2.675513
  step 3900/5004: loss=2.119244
  step 4000/5004: loss=2.722881
  step 4100/5004: loss=2.344039
  step 4200/5004: loss=2.168643
  step 4300/5004: loss=2.415130
  step 4400/5004: loss=2.072369
  step 4500/5004: loss=2.481248
  step 4600/5004: loss=3.030598
  step 4700/5004: loss=2.520249
  step 4800/5004: loss=2.460602
  step 4900/5004: loss=2.504135
  step 5000/5004: loss=2.379502
[pjrt_ffi] RESIDENT: @efficientnetin_fwd_eval holds 311 parameter tensors (20.3 MB) on 1 device; they stop crossing PCIe from here
Epoch 184/350: loss=2.501244 lr=0.001650
  epoch 184: test_acc = 37548/50000 = 75.096000%  top5 = 46174/50000 = 92.348000%  [95% CI 74.72–75.47]
    BN companion -> .lake/build/efficientnetin_emarmsdp64dropdobf16_ckpt_xla.bin.bn (42016 floats x 2, hash 5144559339150015778)
  step 0/5004: loss=2.366603
  step 1/5004: loss=2.417685
  step 2/5004: loss=2.329786
  step 100/5004: loss=2.426624
  step 200/5004: loss=2.673431
  step 300/5004: loss=2.690042
  step 400/5004: loss=2.479423
  step 500/5004: loss=2.505671
  step 600/5004: loss=2.268525
  step 700/5004: loss=2.365243
  step 800/5004: loss=2.643465
  step 900/5004: loss=2.804162
  step 1000/5004: loss=2.547666
  step 1100/5004: loss=2.784609
  step 1200/5004: loss=2.339711
  step 1300/5004: loss=2.565815
  step 1400/5004: loss=2.257869
  step 1500/5004: loss=2.494483
  step 1600/5004: loss=2.831670
  step 1700/5004: loss=2.522310
  step 1800/5004: loss=2.351478
  step 1900/5004: loss=2.160550
  step 2000/5004: loss=2.469929
  step 2100/5004: loss=2.594560
  step 2200/5004: loss=2.552837
  step 2300/5004: loss=2.181263
  step 2400/5004: loss=2.245600
  step 2500/5004: loss=2.184806
  step 2600/5004: loss=2.770414
  step 2700/5004: loss=2.564838
  step 2800/5004: loss=2.548677
  step 2900/5004: loss=2.673281
  step 3000/5004: loss=2.550004
  step 3100/5004: loss=2.699440
  step 3200/5004: loss=2.530033
  step 3300/5004: loss=2.490114
  step 3400/5004: loss=2.268986
  step 3500/5004: loss=2.339556
  step 3600/5004: loss=2.590962
  step 3700/5004: loss=2.608616
  step 3800/5004: loss=2.320355
  step 3900/5004: loss=2.447105
  step 4000/5004: loss=2.542262
  step 4100/5004: loss=2.917079
  step 4200/5004: loss=2.454748
  step 4300/5004: loss=2.506768
  step 4400/5004: loss=2.235442
  step 4500/5004: loss=2.773515
  step 4600/5004: loss=2.720403
  step 4700/5004: loss=2.638641
  step 4800/5004: loss=2.350413
  step 4900/5004: loss=2.545786
  step 5000/5004: loss=2.361859
[pjrt_ffi] RESIDENT: @efficientnetin_fwd_eval holds 311 parameter tensors (20.3 MB) on 1 device; they stop crossing PCIe from here
Epoch 185/350: loss=2.494944 lr=0.001629
  epoch 185: test_acc = 37575/50000 = 75.150000%  top5 = 46185/50000 = 92.370000%  [95% CI 74.77–75.53]
    BN companion -> .lake/build/efficientnetin_emarmsdp64dropdobf16_ckpt_xla.bin.bn (42016 floats x 2, hash 2778242696466670944)
  step 0/5004: loss=2.583441
  step 1/5004: loss=2.395059
  step 2/5004: loss=3.037070
  step 100/5004: loss=2.500148
  step 200/5004: loss=2.589356
  step 300/5004: loss=2.442786
  step 400/5004: loss=2.620009
  step 500/5004: loss=2.398938
  step 600/5004: loss=2.741207
  step 700/5004: loss=2.545185
  step 800/5004: loss=2.183872
  step 900/5004: loss=2.458978
  step 1000/5004: loss=2.165792
  step 1100/5004: loss=2.255200
  step 1200/5004: loss=2.351361
  step 1300/5004: loss=2.364579
  step 1400/5004: loss=2.454453
  step 1500/5004: loss=2.171077
  step 1600/5004: loss=3.193575
  step 1700/5004: loss=2.388218
  step 1800/5004: loss=2.493378
  step 1900/5004: loss=2.322696
  step 2000/5004: loss=2.355193
  step 2100/5004: loss=2.658052
  step 2200/5004: loss=2.352737
  step 2300/5004: loss=2.402893
  step 2400/5004: loss=2.250983
  step 2500/5004: loss=2.683011
  step 2600/5004: loss=2.341458
  step 2700/5004: loss=2.425467
  step 2800/5004: loss=2.477350
  step 2900/5004: loss=2.683960
  step 3000/5004: loss=2.551765
  step 3100/5004: loss=2.629021
  step 3200/5004: loss=2.189951
  step 3300/5004: loss=2.452198
  step 3400/5004: loss=2.521122
  step 3500/5004: loss=2.435558
  step 3600/5004: loss=2.673066
  step 3700/5004: loss=2.270940
  step 3800/5004: loss=2.462180
  step 3900/5004: loss=2.514679
  step 4000/5004: loss=2.414496
  step 4100/5004: loss=2.452312
  step 4200/5004: loss=2.353948
  step 4300/5004: loss=2.558942
  step 4400/5004: loss=2.416050
  step 4500/5004: loss=2.552195
  step 4600/5004: loss=2.743742
  step 4700/5004: loss=2.527294
  step 4800/5004: loss=2.563428
  step 4900/5004: loss=2.605915
  step 5000/5004: loss=2.555093
[pjrt_ffi] RESIDENT: @efficientnetin_fwd_eval holds 311 parameter tensors (20.3 MB) on 1 device; they stop crossing PCIe from here
Epoch 186/350: loss=2.495401 lr=0.001609
  epoch 186: test_acc = 37583/50000 = 75.166000%  top5 = 46209/50000 = 92.418000%  [95% CI 74.79–75.54]
    BN companion -> .lake/build/efficientnetin_emarmsdp64dropdobf16_ckpt_xla.bin.bn (42016 floats x 2, hash 11564289466673075257)
  step 0/5004: loss=2.482814
  step 1/5004: loss=3.024172
  step 2/5004: loss=2.362987
  step 100/5004: loss=2.872305
  step 200/5004: loss=2.314742
  step 300/5004: loss=2.372544
  step 400/5004: loss=2.291478
  step 500/5004: loss=2.756848
  step 600/5004: loss=2.393143
  step 700/5004: loss=2.585507
  step 800/5004: loss=2.717346
  step 900/5004: loss=2.697933
  step 1000/5004: loss=2.522322
  step 1100/5004: loss=2.783696
  step 1200/5004: loss=2.535255
  step 1300/5004: loss=2.338165
  step 1400/5004: loss=2.702224
  step 1500/5004: loss=2.405478
  step 1600/5004: loss=2.476507
  step 1700/5004: loss=2.295421
  step 1800/5004: loss=2.426974
  step 1900/5004: loss=2.351555
  step 2000/5004: loss=2.327837
  step 2100/5004: loss=2.852019
  step 2200/5004: loss=2.376954
  step 2300/5004: loss=2.325412
  step 2400/5004: loss=2.427065
  step 2500/5004: loss=2.300476
  step 2600/5004: loss=2.484911
  step 2700/5004: loss=2.223223
  step 2800/5004: loss=2.623214
  step 2900/5004: loss=2.625175
  step 3000/5004: loss=2.590385
  step 3100/5004: loss=2.556494
  step 3200/5004: loss=2.425067
  step 3300/5004: loss=2.585615
  step 3400/5004: loss=2.402492
  step 3500/5004: loss=2.568800
  step 3600/5004: loss=2.679634
  step 3700/5004: loss=2.051284
  step 3800/5004: loss=2.709417
  step 3900/5004: loss=2.091749
  step 4000/5004: loss=2.759328
  step 4100/5004: loss=2.368357
  step 4200/5004: loss=2.382458
  step 4300/5004: loss=2.671502
  step 4400/5004: loss=2.646205
  step 4500/5004: loss=2.303109
  step 4600/5004: loss=2.589979
  step 4700/5004: loss=2.254438
  step 4800/5004: loss=2.352223
  step 4900/5004: loss=2.388759
  step 5000/5004: loss=2.517591
[pjrt_ffi] RESIDENT: @efficientnetin_fwd_eval holds 311 parameter tensors (20.3 MB) on 1 device; they stop crossing PCIe from here
Epoch 187/350: loss=2.498990 lr=0.001588
  epoch 187: test_acc = 37618/50000 = 75.236000%  top5 = 46193/50000 = 92.386000%  [95% CI 74.86–75.61]
    BN companion -> .lake/build/efficientnetin_emarmsdp64dropdobf16_ckpt_xla.bin.bn (42016 floats x 2, hash 12644167706315301121)
  step 0/5004: loss=2.665231
  step 1/5004: loss=2.753311
  step 2/5004: loss=2.411310
  step 100/5004: loss=2.426594
  step 200/5004: loss=2.713874
  step 300/5004: loss=2.203409
  step 400/5004: loss=2.221063
  step 500/5004: loss=2.457420
  step 600/5004: loss=2.177468
  step 700/5004: loss=2.314677
  step 800/5004: loss=2.733630
  step 900/5004: loss=2.441504
  step 1000/5004: loss=2.511348
  step 1100/5004: loss=2.737717
  step 1200/5004: loss=2.275801
  step 1300/5004: loss=2.264818
  step 1400/5004: loss=2.426469
  step 1500/5004: loss=2.034509
  step 1600/5004: loss=2.441195
  step 1700/5004: loss=2.049021
  step 1800/5004: loss=2.396311
  step 1900/5004: loss=2.100911
  step 2000/5004: loss=2.793231
  step 2100/5004: loss=2.436859
  step 2200/5004: loss=2.462634
  step 2300/5004: loss=2.711839
  step 2400/5004: loss=2.487602
  step 2500/5004: loss=2.373197
  step 2600/5004: loss=2.618265
  step 2700/5004: loss=2.678789
  step 2800/5004: loss=2.627154
  step 2900/5004: loss=2.644766
  step 3000/5004: loss=2.472609
  step 3100/5004: loss=2.626618
  step 3200/5004: loss=2.895626
  step 3300/5004: loss=2.604311
  step 3400/5004: loss=2.412376
  step 3500/5004: loss=2.573505
  step 3600/5004: loss=2.769345
  step 3700/5004: loss=2.223073
  step 3800/5004: loss=2.359041
  step 3900/5004: loss=2.187832
  step 4000/5004: loss=2.550171
  step 4100/5004: loss=2.394624
  step 4200/5004: loss=2.262705
  step 4300/5004: loss=2.466992
  step 4400/5004: loss=2.009073
  step 4500/5004: loss=2.794494
  step 4600/5004: loss=2.264327
  step 4700/5004: loss=2.132876
  step 4800/5004: loss=2.293594
  step 4900/5004: loss=2.454958
  step 5000/5004: loss=2.051950
[pjrt_ffi] RESIDENT: @efficientnetin_fwd_eval holds 311 parameter tensors (20.3 MB) on 1 device; they stop crossing PCIe from here
Epoch 188/350: loss=2.494656 lr=0.001568
  epoch 188: test_acc = 37593/50000 = 75.186000%  top5 = 46181/50000 = 92.362000%  [95% CI 74.81–75.56]
    BN companion -> .lake/build/efficientnetin_emarmsdp64dropdobf16_ckpt_xla.bin.bn (42016 floats x 2, hash 7654788093507658197)
  step 0/5004: loss=2.290722
  step 1/5004: loss=2.278570
  step 2/5004: loss=2.335742
  step 100/5004: loss=2.595412
  step 200/5004: loss=2.484852
  step 300/5004: loss=2.393517
  step 400/5004: loss=2.442476
  step 500/5004: loss=2.391288
  step 600/5004: loss=2.272290
  step 700/5004: loss=2.602969
  step 800/5004: loss=2.304147
  step 900/5004: loss=2.550040
  step 1000/5004: loss=2.825125
  step 1100/5004: loss=2.830550
  step 1200/5004: loss=2.390927
  step 1300/5004: loss=2.597383
  step 1400/5004: loss=2.698939
  step 1500/5004: loss=2.392191
  step 1600/5004: loss=2.809725
  step 1700/5004: loss=2.547244
  step 1800/5004: loss=2.350078
  step 1900/5004: loss=2.403464
  step 2000/5004: loss=2.573641
  step 2100/5004: loss=2.463006
  step 2200/5004: loss=2.521063
  step 2300/5004: loss=2.596943
  step 2400/5004: loss=2.473151
  step 2500/5004: loss=2.482088
  step 2600/5004: loss=2.513080
  step 2700/5004: loss=2.435174
  step 2800/5004: loss=2.757466
  step 2900/5004: loss=2.769005
  step 3000/5004: loss=2.199265
  step 3100/5004: loss=2.247926
  step 3200/5004: loss=2.534290
  step 3300/5004: loss=2.761296
  step 3400/5004: loss=2.192831
  step 3500/5004: loss=2.658681
  step 3600/5004: loss=2.464021
  step 3700/5004: loss=2.340903
  step 3800/5004: loss=2.422140
  step 3900/5004: loss=2.721910
  step 4000/5004: loss=2.404737
  step 4100/5004: loss=2.428878
  step 4200/5004: loss=1.973084
  step 4300/5004: loss=2.448458
  step 4400/5004: loss=2.434681
  step 4500/5004: loss=2.403532
  step 4600/5004: loss=2.057032
  step 4700/5004: loss=2.535943
  step 4800/5004: loss=2.846514
  step 4900/5004: loss=2.484658
  step 5000/5004: loss=2.271070
[pjrt_ffi] RESIDENT: @efficientnetin_fwd_eval holds 311 parameter tensors (20.3 MB) on 1 device; they stop crossing PCIe from here
Epoch 189/350: loss=2.488838 lr=0.001549
  epoch 189: test_acc = 37665/50000 = 75.330000%  top5 = 46203/50000 = 92.406000%  [95% CI 74.95–75.71]
    BN companion -> .lake/build/efficientnetin_emarmsdp64dropdobf16_ckpt_xla.bin.bn (42016 floats x 2, hash 3159738339071017264)
  step 0/5004: loss=2.590237
  step 1/5004: loss=2.499031
  step 2/5004: loss=2.347801
  step 100/5004: loss=2.336611
  step 200/5004: loss=2.637106
  step 300/5004: loss=2.347600
  step 400/5004: loss=2.434226
  step 500/5004: loss=2.504973
  step 600/5004: loss=2.278175
  step 700/5004: loss=2.835959
  step 800/5004: loss=2.357753
  step 900/5004: loss=2.792289
  step 1000/5004: loss=2.433680
  step 1100/5004: loss=2.239044
  step 1200/5004: loss=2.314521
  step 1300/5004: loss=2.599326
  step 1400/5004: loss=2.617617
  step 1500/5004: loss=2.339584
  step 1600/5004: loss=2.281505
  step 1700/5004: loss=2.408097
  step 1800/5004: loss=2.226942
  step 1900/5004: loss=2.654214
  step 2000/5004: loss=2.527023
  step 2100/5004: loss=2.267154
  step 2200/5004: loss=2.395481
  step 2300/5004: loss=2.732314
  step 2400/5004: loss=2.701746
  step 2500/5004: loss=2.578032
  step 2600/5004: loss=2.325227
  step 2700/5004: loss=2.456654
  step 2800/5004: loss=2.384245
  step 2900/5004: loss=2.419067
  step 3000/5004: loss=2.597535
  step 3100/5004: loss=2.078275
  step 3200/5004: loss=2.441239
  step 3300/5004: loss=2.747393
  step 3400/5004: loss=2.537391
  step 3500/5004: loss=2.363767
  step 3600/5004: loss=2.276496
  step 3700/5004: loss=2.438363
  step 3800/5004: loss=2.280313
  step 3900/5004: loss=2.838523
  step 4000/5004: loss=2.207690
  step 4100/5004: loss=2.817856
  step 4200/5004: loss=2.546091
  step 4300/5004: loss=2.562876
  step 4400/5004: loss=2.583601
  step 4500/5004: loss=2.300818
  step 4600/5004: loss=2.546999
  step 4700/5004: loss=2.536286
  step 4800/5004: loss=2.216295
  step 4900/5004: loss=2.044635
  step 5000/5004: loss=2.570274
[pjrt_ffi] RESIDENT: @efficientnetin_fwd_eval holds 311 parameter tensors (20.3 MB) on 1 device; they stop crossing PCIe from here
Epoch 190/350: loss=2.488768 lr=0.001529
  epoch 190: test_acc = 37701/50000 = 75.402000%  top5 = 46220/50000 = 92.440000%  [95% CI 75.02–75.78]
    BN companion -> .lake/build/efficientnetin_emarmsdp64dropdobf16_ckpt_xla.bin.bn (42016 floats x 2, hash 9834061914274132708)
  step 0/5004: loss=2.627750
  step 1/5004: loss=2.550085
  step 2/5004: loss=2.711797
  step 100/5004: loss=1.989780
  step 200/5004: loss=2.742486
  step 300/5004: loss=2.016003
  step 400/5004: loss=2.528495
  step 500/5004: loss=2.442966
  step 600/5004: loss=2.196359
  step 700/5004: loss=3.028744
  step 800/5004: loss=2.920297
  step 900/5004: loss=2.557542
  step 1000/5004: loss=2.495431
  step 1100/5004: loss=2.861817
  step 1200/5004: loss=2.380073
  step 1300/5004: loss=2.723213
  step 1400/5004: loss=2.654292
  step 1500/5004: loss=2.442704
  step 1600/5004: loss=2.769698
  step 1700/5004: loss=2.669627
  step 1800/5004: loss=2.229913
  step 1900/5004: loss=2.212267
  step 2000/5004: loss=2.378448
  step 2100/5004: loss=2.422835
  step 2200/5004: loss=2.565057
  step 2300/5004: loss=3.194003
  step 2400/5004: loss=2.747214
  step 2500/5004: loss=2.406172
  step 2600/5004: loss=2.557001
  step 2700/5004: loss=2.284060
  step 2800/5004: loss=2.584044
  step 2900/5004: loss=2.310569
  step 3000/5004: loss=2.599695
  step 3100/5004: loss=2.880458
  step 3200/5004: loss=2.193349
  step 3300/5004: loss=2.398688
  step 3400/5004: loss=2.627255
  step 3500/5004: loss=2.588874
  step 3600/5004: loss=2.483464
  step 3700/5004: loss=2.772553
  step 3800/5004: loss=2.321226
  step 3900/5004: loss=2.897195
  step 4000/5004: loss=2.674456
  step 4100/5004: loss=2.590988
  step 4200/5004: loss=2.546157
  step 4300/5004: loss=2.432107
  step 4400/5004: loss=2.641040
  step 4500/5004: loss=2.414244
  step 4600/5004: loss=2.581551
  step 4700/5004: loss=3.001127
  step 4800/5004: loss=2.457570
  step 4900/5004: loss=2.264053
  step 5000/5004: loss=2.393722
[pjrt_ffi] RESIDENT: @efficientnetin_fwd_eval holds 311 parameter tensors (20.3 MB) on 1 device; they stop crossing PCIe from here
Epoch 191/350: loss=2.485154 lr=0.001510
  epoch 191: test_acc = 37703/50000 = 75.406000%  top5 = 46215/50000 = 92.430000%  [95% CI 75.03–75.78]
    BN companion -> .lake/build/efficientnetin_emarmsdp64dropdobf16_ckpt_xla.bin.bn (42016 floats x 2, hash 11441671456283372153)
  step 0/5004: loss=2.286116
  step 1/5004: loss=2.546183
  step 2/5004: loss=2.414001
  step 100/5004: loss=2.543920
  step 200/5004: loss=2.529980
  step 300/5004: loss=2.369202
  step 400/5004: loss=2.516806
  step 500/5004: loss=2.289304
  step 600/5004: loss=2.598069
  step 700/5004: loss=2.830038
  step 800/5004: loss=2.309693
  step 900/5004: loss=2.593813
  step 1000/5004: loss=2.859936
  step 1100/5004: loss=2.676728
  step 1200/5004: loss=2.670521
  step 1300/5004: loss=2.423754
  step 1400/5004: loss=2.596383
  step 1500/5004: loss=2.282752
  step 1600/5004: loss=2.638142
  step 1700/5004: loss=2.868649
  step 1800/5004: loss=2.515821
  step 1900/5004: loss=2.211447
  step 2000/5004: loss=2.617922
  step 2100/5004: loss=2.624070
  step 2200/5004: loss=2.434336
  step 2300/5004: loss=2.429613
  step 2400/5004: loss=2.742944
  step 2500/5004: loss=2.429290
  step 2600/5004: loss=2.234011
  step 2700/5004: loss=2.763547
  step 2800/5004: loss=2.553605
  step 2900/5004: loss=2.579340
  step 3000/5004: loss=2.676230
  step 3100/5004: loss=2.700158
  step 3200/5004: loss=2.475595
  step 3300/5004: loss=2.442611
  step 3400/5004: loss=2.191951
  step 3500/5004: loss=2.381776
  step 3600/5004: loss=2.731289
  step 3700/5004: loss=2.646337
  step 3800/5004: loss=2.163715
  step 3900/5004: loss=2.456460
  step 4000/5004: loss=2.716527
  step 4100/5004: loss=2.764275
  step 4200/5004: loss=2.307458
  step 4300/5004: loss=2.665989
  step 4400/5004: loss=2.766463
  step 4500/5004: loss=2.477635
  step 4600/5004: loss=2.677321
  step 4700/5004: loss=2.583171
  step 4800/5004: loss=2.442973
  step 4900/5004: loss=2.612973
  step 5000/5004: loss=2.483584
[pjrt_ffi] RESIDENT: @efficientnetin_fwd_eval holds 311 parameter tensors (20.3 MB) on 1 device; they stop crossing PCIe from here
Epoch 192/350: loss=2.483001 lr=0.001491
  epoch 192: test_acc = 37720/50000 = 75.440000%  top5 = 46177/50000 = 92.354000%  [95% CI 75.06–75.82]
    BN companion -> .lake/build/efficientnetin_emarmsdp64dropdobf16_ckpt_xla.bin.bn (42016 floats x 2, hash 17953302313548653352)
  step 0/5004: loss=2.516726
  step 1/5004: loss=2.374168
  step 2/5004: loss=2.354597
  step 100/5004: loss=2.637385
  step 200/5004: loss=2.202175
  step 300/5004: loss=2.531277
  step 400/5004: loss=2.460551
  step 500/5004: loss=2.627527
  step 600/5004: loss=2.317605
  step 700/5004: loss=2.143591
  step 800/5004: loss=1.971611
  step 900/5004: loss=2.753757
  step 1000/5004: loss=2.314016
  step 1100/5004: loss=2.153773
  step 1200/5004: loss=2.014367
  step 1300/5004: loss=2.652573
  step 1400/5004: loss=2.375978
  step 1500/5004: loss=2.382293
  step 1600/5004: loss=2.588545
  step 1700/5004: loss=2.015879
  step 1800/5004: loss=2.830904
  step 1900/5004: loss=2.283844
  step 2000/5004: loss=2.185187
  step 2100/5004: loss=2.479328
  step 2200/5004: loss=2.339644
  step 2300/5004: loss=2.679442
  step 2400/5004: loss=2.576787
  step 2500/5004: loss=2.316026
  step 2600/5004: loss=2.795033
  step 2700/5004: loss=2.464991
  step 2800/5004: loss=2.378737
  step 2900/5004: loss=2.288989
  step 3000/5004: loss=2.206179
  step 3100/5004: loss=2.259866
  step 3200/5004: loss=2.439610
  step 3300/5004: loss=2.785821
  step 3400/5004: loss=2.575519
  step 3500/5004: loss=2.477278
  step 3600/5004: loss=2.575572
  step 3700/5004: loss=2.595616
  step 3800/5004: loss=2.696378
  step 3900/5004: loss=2.551281
  step 4000/5004: loss=2.690499
  step 4100/5004: loss=2.171708
  step 4200/5004: loss=2.524529
  step 4300/5004: loss=2.451714
  step 4400/5004: loss=2.645438
  step 4500/5004: loss=2.593345
  step 4600/5004: loss=2.662239
  step 4700/5004: loss=2.393678
  step 4800/5004: loss=2.577701
W0000 00:00:1789405971.775554 2958892 prefetch_autotuner.cc:55] Prefetch autotuner tried to allocate 91453 bytes after encountering the first element of size 91453 bytes.This already causes the autotune ram budget to be exceeded. To stay within the ram budget, either increase the ram budget or reduce element size
  step 4900/5004: loss=2.743289
  step 5000/5004: loss=2.403231
[pjrt_ffi] RESIDENT: @efficientnetin_fwd_eval holds 311 parameter tensors (20.3 MB) on 1 device; they stop crossing PCIe from here
Epoch 193/350: loss=2.477595 lr=0.001472
  epoch 193: test_acc = 37704/50000 = 75.408000%  top5 = 46189/50000 = 92.378000%  [95% CI 75.03–75.78]
    BN companion -> .lake/build/efficientnetin_emarmsdp64dropdobf16_ckpt_xla.bin.bn (42016 floats x 2, hash 5522394243308084009)
  step 0/5004: loss=2.311793
  step 1/5004: loss=2.580064
  step 2/5004: loss=2.456269
  step 100/5004: loss=2.489972
  step 200/5004: loss=2.535861
  step 300/5004: loss=2.261971
  step 400/5004: loss=2.353954
  step 500/5004: loss=2.444643
  step 600/5004: loss=2.486156
  step 700/5004: loss=2.817857
  step 800/5004: loss=2.465037
  step 900/5004: loss=2.349704
  step 1000/5004: loss=2.300354
  step 1100/5004: loss=2.400683
  step 1200/5004: loss=2.467991
  step 1300/5004: loss=2.329202
  step 1400/5004: loss=2.420773
  step 1500/5004: loss=2.576926
  step 1600/5004: loss=2.407402
  step 1700/5004: loss=2.236997
  step 1800/5004: loss=2.497205
  step 1900/5004: loss=2.890691
  step 2000/5004: loss=2.113106
  step 2100/5004: loss=2.631957
  step 2200/5004: loss=2.751312
  step 2300/5004: loss=2.695557
  step 2400/5004: loss=2.700570
  step 2500/5004: loss=2.530176
  step 2600/5004: loss=2.650563
  step 2700/5004: loss=2.223778
  step 2800/5004: loss=2.761670
  step 2900/5004: loss=2.470183
  step 3000/5004: loss=2.317384
  step 3100/5004: loss=2.575753
  step 3200/5004: loss=2.697324
  step 3300/5004: loss=2.624431
  step 3400/5004: loss=2.581131
  step 3500/5004: loss=2.221067
  step 3600/5004: loss=1.998404
  step 3700/5004: loss=2.429519
  step 3800/5004: loss=2.246113
  step 3900/5004: loss=2.043989
  step 4000/5004: loss=2.544604
  step 4100/5004: loss=2.489059
  step 4200/5004: loss=2.364463
  step 4300/5004: loss=2.285780
  step 4400/5004: loss=2.544188
  step 4500/5004: loss=2.502676
  step 4600/5004: loss=2.532413
  step 4700/5004: loss=2.731752
  step 4800/5004: loss=2.446718
  step 4900/5004: loss=2.221031
  step 5000/5004: loss=2.157748
[pjrt_ffi] RESIDENT: @efficientnetin_fwd_eval holds 311 parameter tensors (20.3 MB) on 1 device; they stop crossing PCIe from here
Epoch 194/350: loss=2.473714 lr=0.001453
  epoch 194: test_acc = 37685/50000 = 75.370000%  top5 = 46200/50000 = 92.400000%  [95% CI 74.99–75.75]
    BN companion -> .lake/build/efficientnetin_emarmsdp64dropdobf16_ckpt_xla.bin.bn (42016 floats x 2, hash 2700584357623076989)
  step 0/5004: loss=2.224571
  step 1/5004: loss=2.391312
  step 2/5004: loss=2.151138
  step 100/5004: loss=2.626093
  step 200/5004: loss=2.449630
  step 300/5004: loss=2.322020
  step 400/5004: loss=2.935339
  step 500/5004: loss=2.836900
  step 600/5004: loss=2.333426
  step 700/5004: loss=2.288112
  step 800/5004: loss=2.723570
  step 900/5004: loss=2.274192
  step 1000/5004: loss=2.281774
  step 1100/5004: loss=2.506311
  step 1200/5004: loss=2.405756
  step 1300/5004: loss=2.493476
  step 1400/5004: loss=2.864315
  step 1500/5004: loss=2.492800
  step 1600/5004: loss=2.504481
  step 1700/5004: loss=2.489916
  step 1800/5004: loss=2.727397
  step 1900/5004: loss=2.545532
  step 2000/5004: loss=2.718234
  step 2100/5004: loss=2.673165
  step 2200/5004: loss=2.473082
  step 2300/5004: loss=2.627189
  step 2400/5004: loss=2.515069
  step 2500/5004: loss=2.226838
  step 2600/5004: loss=2.832776
  step 2700/5004: loss=2.791332
  step 2800/5004: loss=2.534430
  step 2900/5004: loss=2.459233
  step 3000/5004: loss=2.288270
  step 3100/5004: loss=2.449923
  step 3200/5004: loss=2.472913
  step 3300/5004: loss=2.242151
  step 3400/5004: loss=2.406909
  step 3500/5004: loss=2.608028
  step 3600/5004: loss=2.545011
  step 3700/5004: loss=2.609581
  step 3800/5004: loss=2.555805
  step 3900/5004: loss=2.289300
  step 4000/5004: loss=2.334389
  step 4100/5004: loss=2.712211
  step 4200/5004: loss=2.481600
  step 4300/5004: loss=2.402979
  step 4400/5004: loss=2.667069
  step 4500/5004: loss=2.615146
  step 4600/5004: loss=2.908583
  step 4700/5004: loss=2.529168
  step 4800/5004: loss=2.552943
W0000 00:00:1789407668.283593 2958892 prefetch_autotuner.cc:55] Prefetch autotuner tried to allocate 91453 bytes after encountering the first element of size 91453 bytes.This already causes the autotune ram budget to be exceeded. To stay within the ram budget, either increase the ram budget or reduce element size
  step 4900/5004: loss=2.460598
  step 5000/5004: loss=2.054361
[pjrt_ffi] RESIDENT: @efficientnetin_fwd_eval holds 311 parameter tensors (20.3 MB) on 1 device; they stop crossing PCIe from here
Epoch 195/350: loss=2.473561 lr=0.001435
  epoch 195: test_acc = 37682/50000 = 75.364000%  top5 = 46194/50000 = 92.388000%  [95% CI 74.98–75.74]
    BN companion -> .lake/build/efficientnetin_emarmsdp64dropdobf16_ckpt_xla.bin.bn (42016 floats x 2, hash 7154024780630123938)
  step 0/5004: loss=2.358634
  step 1/5004: loss=2.580945
  step 2/5004: loss=2.293937
  step 100/5004: loss=2.359538
  step 200/5004: loss=2.349071
  step 300/5004: loss=2.691449
  step 400/5004: loss=2.616775
  step 500/5004: loss=2.669270
  step 600/5004: loss=2.523290
  step 700/5004: loss=2.603908
  step 800/5004: loss=2.895203
  step 900/5004: loss=2.608863
  step 1000/5004: loss=2.464701
  step 1100/5004: loss=2.159459
  step 1200/5004: loss=2.569349
  step 1300/5004: loss=2.895866
  step 1400/5004: loss=2.371146
  step 1500/5004: loss=2.471573
  step 1600/5004: loss=2.485725
  step 1700/5004: loss=2.632933
  step 1800/5004: loss=2.977721
  step 1900/5004: loss=2.818041
  step 2000/5004: loss=2.444409
  step 2100/5004: loss=2.708802
  step 2200/5004: loss=2.511104
  step 2300/5004: loss=2.335195
  step 2400/5004: loss=2.409580
  step 2500/5004: loss=2.209898
  step 2600/5004: loss=2.793687
  step 2700/5004: loss=2.282646
  step 2800/5004: loss=2.484496
  step 2900/5004: loss=2.354516
  step 3000/5004: loss=2.293649
  step 3100/5004: loss=2.528866
  step 3200/5004: loss=2.428848
  step 3300/5004: loss=2.690898
  step 3400/5004: loss=2.478503
  step 3500/5004: loss=2.281986
  step 3600/5004: loss=2.323578
  step 3700/5004: loss=3.056363
  step 3800/5004: loss=2.549965
  step 3900/5004: loss=2.280974
  step 4000/5004: loss=2.182953
  step 4100/5004: loss=2.225333
  step 4200/5004: loss=2.281898
  step 4300/5004: loss=2.520294
  step 4400/5004: loss=2.400889
  step 4500/5004: loss=2.387692
  step 4600/5004: loss=2.507099
  step 4700/5004: loss=2.154810
  step 4800/5004: loss=2.512213
  step 4900/5004: loss=2.360105
  step 5000/5004: loss=2.538838
[pjrt_ffi] RESIDENT: @efficientnetin_fwd_eval holds 311 parameter tensors (20.3 MB) on 1 device; they stop crossing PCIe from here
Epoch 196/350: loss=2.472034 lr=0.001417
  epoch 196: test_acc = 37738/50000 = 75.476000%  top5 = 46210/50000 = 92.420000%  [95% CI 75.10–75.85]
    BN companion -> .lake/build/efficientnetin_emarmsdp64dropdobf16_ckpt_xla.bin.bn (42016 floats x 2, hash 7033198761296743188)
  step 0/5004: loss=2.458720
  step 1/5004: loss=2.308447
  step 2/5004: loss=2.666344
  step 100/5004: loss=2.460566
  step 200/5004: loss=2.443439
  step 300/5004: loss=2.853971
  step 400/5004: loss=2.354227
  step 500/5004: loss=2.740750
  step 600/5004: loss=2.650652
  step 700/5004: loss=2.162319
  step 800/5004: loss=2.067995
  step 900/5004: loss=2.812968
  step 1000/5004: loss=2.618991
  step 1100/5004: loss=2.812697
  step 1200/5004: loss=2.977778
  step 1300/5004: loss=2.864249
  step 1400/5004: loss=2.285127
  step 1500/5004: loss=2.825098
  step 1600/5004: loss=2.400619
  step 1700/5004: loss=2.339728
  step 1800/5004: loss=2.607016
  step 1900/5004: loss=2.673142
  step 2000/5004: loss=2.305262
  step 2100/5004: loss=2.903131
  step 2200/5004: loss=2.654476
  step 2300/5004: loss=2.517124
  step 2400/5004: loss=2.859196
  step 2500/5004: loss=2.382109
  step 2600/5004: loss=2.344659
  step 2700/5004: loss=2.678463
  step 2800/5004: loss=2.340034
  step 2900/5004: loss=2.565975
  step 3000/5004: loss=2.304862
  step 3100/5004: loss=2.525443
  step 3200/5004: loss=2.570148
  step 3300/5004: loss=2.523195
  step 3400/5004: loss=2.471757
  step 3500/5004: loss=2.696835
  step 3600/5004: loss=2.208200
  step 3700/5004: loss=2.377622
  step 3800/5004: loss=2.566779
  step 3900/5004: loss=2.724725
  step 4000/5004: loss=2.507348
  step 4100/5004: loss=2.299388
  step 4200/5004: loss=2.220463
  step 4300/5004: loss=2.251399
  step 4400/5004: loss=2.459429
  step 4500/5004: loss=2.388635
  step 4600/5004: loss=2.460339
  step 4700/5004: loss=2.836996
  step 4800/5004: loss=2.532027
W0000 00:00:1789409310.686476 2958892 prefetch_autotuner.cc:55] Prefetch autotuner tried to allocate 91453 bytes after encountering the first element of size 91453 bytes.This already causes the autotune ram budget to be exceeded. To stay within the ram budget, either increase the ram budget or reduce element size
  step 4900/5004: loss=2.670247
  step 5000/5004: loss=2.298901
[pjrt_ffi] RESIDENT: @efficientnetin_fwd_eval holds 311 parameter tensors (20.3 MB) on 1 device; they stop crossing PCIe from here
Epoch 197/350: loss=2.476400 lr=0.001399
  epoch 197: test_acc = 37731/50000 = 75.462000%  top5 = 46197/50000 = 92.394000%  [95% CI 75.08–75.84]
    BN companion -> .lake/build/efficientnetin_emarmsdp64dropdobf16_ckpt_xla.bin.bn (42016 floats x 2, hash 3365489629620195214)
  step 0/5004: loss=2.413499
  step 1/5004: loss=2.690226
  step 2/5004: loss=2.300403
  step 100/5004: loss=2.710418
  step 200/5004: loss=2.230864
  step 300/5004: loss=2.838498
  step 400/5004: loss=2.038258
  step 500/5004: loss=2.591802
  step 600/5004: loss=2.521680
  step 700/5004: loss=2.969135
  step 800/5004: loss=2.688883
  step 900/5004: loss=2.856921
  step 1000/5004: loss=2.564284
  step 1100/5004: loss=2.658875
  step 1200/5004: loss=3.154586
  step 1300/5004: loss=2.551359
  step 1400/5004: loss=2.344525
  step 1500/5004: loss=2.787930
  step 1600/5004: loss=2.364938
  step 1700/5004: loss=2.459658
  step 1800/5004: loss=2.627851
  step 1900/5004: loss=2.728092
  step 2000/5004: loss=2.176290
  step 2100/5004: loss=2.576665
  step 2200/5004: loss=2.854965
  step 2300/5004: loss=2.470624
  step 2400/5004: loss=2.838097
  step 2500/5004: loss=2.249133
  step 2600/5004: loss=2.751620
  step 2700/5004: loss=2.077460
  step 2800/5004: loss=2.074740
  step 2900/5004: loss=2.487182
  step 3000/5004: loss=2.329304
  step 3100/5004: loss=2.631910
  step 3200/5004: loss=2.258010
  step 3300/5004: loss=2.237556
  step 3400/5004: loss=2.692828
  step 3500/5004: loss=2.191408
  step 3600/5004: loss=2.721571
  step 3700/5004: loss=2.562160
  step 3800/5004: loss=2.310066
  step 3900/5004: loss=2.381062
  step 4000/5004: loss=2.510556
  step 4100/5004: loss=2.486352
  step 4200/5004: loss=2.376732
  step 4300/5004: loss=2.527293
  step 4400/5004: loss=2.422792
  step 4500/5004: loss=2.910015
  step 4600/5004: loss=2.459877
  step 4700/5004: loss=2.119234
  step 4800/5004: loss=2.358861
  step 4900/5004: loss=2.257188
  step 5000/5004: loss=2.706516
[pjrt_ffi] RESIDENT: @efficientnetin_fwd_eval holds 311 parameter tensors (20.3 MB) on 1 device; they stop crossing PCIe from here
Epoch 198/350: loss=2.475448 lr=0.001381
  epoch 198: test_acc = 37684/50000 = 75.368000%  top5 = 46199/50000 = 92.398000%  [95% CI 74.99–75.74]
    BN companion -> .lake/build/efficientnetin_emarmsdp64dropdobf16_ckpt_xla.bin.bn (42016 floats x 2, hash 17197320243477233347)
  step 0/5004: loss=2.228927
  step 1/5004: loss=2.576941
  step 2/5004: loss=2.604160
  step 100/5004: loss=1.969353
  step 200/5004: loss=2.846691
  step 300/5004: loss=2.651220
  step 400/5004: loss=2.440153
  step 500/5004: loss=3.001564
  step 600/5004: loss=2.475685
  step 700/5004: loss=2.474424
  step 800/5004: loss=2.682535
  step 900/5004: loss=2.704473
  step 1000/5004: loss=2.601974
  step 1100/5004: loss=2.608648
  step 1200/5004: loss=2.357888
  step 1300/5004: loss=2.388341
  step 1400/5004: loss=2.412628
  step 1500/5004: loss=1.965336
  step 1600/5004: loss=2.459025
  step 1700/5004: loss=2.246389
  step 1800/5004: loss=2.860699
  step 1900/5004: loss=2.706228
  step 2000/5004: loss=2.770158
  step 2100/5004: loss=2.303131
  step 2200/5004: loss=2.479422
  step 2300/5004: loss=2.358919
  step 2400/5004: loss=2.068638
  step 2500/5004: loss=3.121207
  step 2600/5004: loss=2.776480
  step 2700/5004: loss=2.391012
  step 2800/5004: loss=2.626160
  step 2900/5004: loss=2.686119
  step 3000/5004: loss=2.627159
  step 3100/5004: loss=1.897926
  step 3200/5004: loss=2.431127
  step 3300/5004: loss=2.401256
  step 3400/5004: loss=2.403442
  step 3500/5004: loss=2.949473
  step 3600/5004: loss=2.162557
  step 3700/5004: loss=2.510064
  step 3800/5004: loss=2.162874
  step 3900/5004: loss=2.719978
  step 4000/5004: loss=2.528489
  step 4100/5004: loss=2.364202
  step 4200/5004: loss=2.565210
  step 4300/5004: loss=2.555370
  step 4400/5004: loss=2.179026
  step 4500/5004: loss=2.309233
  step 4600/5004: loss=2.103175
  step 4700/5004: loss=2.648622
  step 4800/5004: loss=2.434759
  step 4900/5004: loss=2.369472
  step 5000/5004: loss=2.266619
[pjrt_ffi] RESIDENT: @efficientnetin_fwd_eval holds 311 parameter tensors (20.3 MB) on 1 device; they stop crossing PCIe from here
Epoch 199/350: loss=2.470291 lr=0.001364
  epoch 199: test_acc = 37719/50000 = 75.438000%  top5 = 46202/50000 = 92.404000%  [95% CI 75.06–75.81]
    BN companion -> .lake/build/efficientnetin_emarmsdp64dropdobf16_ckpt_xla.bin.bn (42016 floats x 2, hash 17957358927845481714)
  step 0/5004: loss=2.186566
  step 1/5004: loss=2.398329
  step 2/5004: loss=2.333271
  step 100/5004: loss=2.317099
  step 200/5004: loss=2.386164
  step 300/5004: loss=2.473965
  step 400/5004: loss=3.056084
  step 500/5004: loss=2.536594
  step 600/5004: loss=2.422792
  step 700/5004: loss=2.632514
  step 800/5004: loss=2.243046
  step 900/5004: loss=2.634208
  step 1000/5004: loss=2.409202
  step 1100/5004: loss=2.563801
  step 1200/5004: loss=2.356058
  step 1300/5004: loss=2.288137
  step 1400/5004: loss=2.346139
  step 1500/5004: loss=2.609358
  step 1600/5004: loss=2.522125
  step 1700/5004: loss=2.218539
  step 1800/5004: loss=2.402831
  step 1900/5004: loss=2.377563
  step 2000/5004: loss=2.593918
  step 2100/5004: loss=2.444314
  step 2200/5004: loss=2.066525
  step 2300/5004: loss=2.757384
  step 2400/5004: loss=2.647377
  step 2500/5004: loss=2.462596
  step 2600/5004: loss=2.340117
  step 2700/5004: loss=2.374418
  step 2800/5004: loss=2.467963
  step 2900/5004: loss=2.313443
  step 3000/5004: loss=2.790614
  step 3100/5004: loss=2.611371
  step 3200/5004: loss=2.417321
  step 3300/5004: loss=2.787142
  step 3400/5004: loss=2.587857
  step 3500/5004: loss=2.382336
  step 3600/5004: loss=2.422120
  step 3700/5004: loss=2.575026
  step 3800/5004: loss=2.419672
  step 3900/5004: loss=2.221983
  step 4000/5004: loss=2.413642
  step 4100/5004: loss=2.421519
  step 4200/5004: loss=2.345879
  step 4300/5004: loss=2.239261
  step 4400/5004: loss=2.281406
  step 4500/5004: loss=2.741267
  step 4600/5004: loss=2.430303
  step 4700/5004: loss=2.356033
  step 4800/5004: loss=2.416296
  step 4900/5004: loss=2.343765
  step 5000/5004: loss=2.540770
[pjrt_ffi] RESIDENT: @efficientnetin_fwd_eval holds 311 parameter tensors (20.3 MB) on 1 device; they stop crossing PCIe from here
Epoch 200/350: loss=2.466160 lr=0.001347
  epoch 200: test_acc = 37748/50000 = 75.496000%  top5 = 46230/50000 = 92.460000%  [95% CI 75.12–75.87]
    BN companion -> .lake/build/efficientnetin_emarmsdp64dropdobf16_ckpt_xla.bin.bn (42016 floats x 2, hash 13700727627187969292)
  step 0/5004: loss=2.276754
  step 1/5004: loss=2.735421
  step 2/5004: loss=2.326622
===== 2026-09-14 18:46:30 attempt 4 (from epoch 200) =====
I0914 18:46:31.898683 3059893 service.cc:154] XLA service 0x709dfc052930 initialized for platform CUDA (this does not guarantee that XLA will be used). Devices:
I0914 18:46:31.898711 3059893 service.cc:170]   StreamExecutor [0]: NVIDIA GeForce RTX 3060, Compute Capability 8.6 (Driver: 13.3.0[610.57.4]; Runtime: 13.3.0; Toolkit: 13.0.0; DNN: 9.24.0)
I0914 18:46:31.898715 3059893 service.cc:170]   StreamExecutor [1]: NVIDIA GeForce RTX 3060, Compute Capability 8.6 (Driver: 13.3.0[610.57.4]; Runtime: 13.3.0; Toolkit: 13.0.0; DNN: 9.24.0)
I0914 18:46:31.898720 3059893 service.cc:170]   StreamExecutor [2]: NVIDIA GeForce RTX 3060, Compute Capability 8.6 (Driver: 13.3.0[610.57.4]; Runtime: 13.3.0; Toolkit: 13.0.0; DNN: 9.24.0)
I0914 18:46:31.898721 3059893 service.cc:170]   StreamExecutor [3]: NVIDIA GeForce RTX 3060, Compute Capability 8.6 (Driver: 13.3.0[610.57.4]; Runtime: 13.3.0; Toolkit: 13.0.0; DNN: 9.24.0)
I0914 18:46:31.902254 3059893 se_gpu_pjrt_client.cc:1450] Using BFC allocator.
I0914 18:46:31.902320 3059893 gpu_helpers.cc:162] XLA backend allocating 8.72GiB (9365880832 bytes) on device 0 for BFCAllocator.
I0914 18:46:31.902362 3059893 gpu_helpers.cc:162] XLA backend allocating 8.72GiB (9365880832 bytes) on device 1 for BFCAllocator.
I0914 18:46:31.902375 3059893 gpu_helpers.cc:162] XLA backend allocating 8.72GiB (9365880832 bytes) on device 2 for BFCAllocator.
I0914 18:46:31.902383 3059893 gpu_helpers.cc:162] XLA backend allocating 8.72GiB (9365880832 bytes) on device 3 for BFCAllocator.
[pjrt_ffi] XLA backend: PJRT 0.114, 4 device(s)
[pjrt_ffi] command buffers: enabled (CUDA default)
I0914 18:46:32.052937 3059893 se_gpu_pjrt_compiler.cc:382] Found GPU target config and a PjRtClient with matching configuration. Performing a JIT compilation.
I0914 18:46:35.370022 3059893 cuda_dnn.cc:442] Loaded cuDNN version 92400
W0914 18:46:36.794690 3059960 cuda_timer.cc:88] Delay kernel timed out: measured time has sub-optimal accuracy. There may be a missing warmup execution, please investigate in Nsight Systems.
W0914 18:46:37.788670 3059960 cuda_timer.cc:88] Delay kernel timed out: measured time has sub-optimal accuracy. There may be a missing warmup execution, please investigate in Nsight Systems.
W0914 18:46:37.948989 3059960 cuda_timer.cc:88] Delay kernel timed out: measured time has sub-optimal accuracy. There may be a missing warmup execution, please investigate in Nsight Systems.
I0914 18:46:38.227493 3059956 subprocess_compilation.cc:349] ptxas warning : Registers are spilled to local memory in function 'gemm_fusion_dot_44', 96 bytes spill stores, 64 bytes spill loads

I0914 18:46:38.299045 3059970 subprocess_compilation.cc:349] ptxas warning : Registers are spilled to local memory in function 'gemm_fusion_dot_44', 96 bytes spill stores, 64 bytes spill loads

W0914 18:46:38.971988 3059960 cuda_timer.cc:88] Delay kernel timed out: measured time has sub-optimal accuracy. There may be a missing warmup execution, please investigate in Nsight Systems.
W0914 18:46:39.333853 3059960 cuda_timer.cc:88] Delay kernel timed out: measured time has sub-optimal accuracy. There may be a missing warmup execution, please investigate in Nsight Systems.
I0914 18:46:44.289689 3059960 subprocess_compilation.cc:349] ptxas warning : Registers are spilled to local memory in function 'gemm_fusion_dot_45', 128 bytes spill stores, 72 bytes spill loads

[pjrt_ffi] compiled verified_mlir/efficientnetin_emarmsdp64dropdobf16_train_step.mlir (@efficientnetin_emarmsdp64dropdobf16_train_step, 965 outputs, 4 replicas) in 38732 ms
I0914 18:47:11.010743 3059969 subprocess_compilation.cc:349] ptxas warning : Registers are spilled to local memory in function 'gemm_fusion_dot_10', 12 bytes spill stores, 12 bytes spill loads

I0914 18:47:11.170358 3059953 subprocess_compilation.cc:349] ptxas warning : Registers are spilled to local memory in function 'gemm_fusion_dot_10', 64 bytes spill stores, 64 bytes spill loads

I0914 18:47:11.251885 3059957 subprocess_compilation.cc:349] ptxas warning : Registers are spilled to local memory in function 'gemm_fusion_dot_10', 128 bytes spill stores, 84 bytes spill loads

[pjrt_ffi] compiled verified_mlir/efficientnetin_fwd.mlir (@efficientnetin_fwd, 1 outputs, 1 replica) in 6422 ms
[pjrt_ffi] compiled verified_mlir/efficientnetin_fwd_eval.mlir (@efficientnetin_fwd_eval, 1 outputs, 1 replica) in 522 ms
WARNING: All log messages before absl::InitializeLog() is called are written to STDERR
I0000 00:00:1789411638.210046 3063082 port.cc:153] oneDNN custom operations are on. You may see slightly different numerical results due to floating-point round-off errors from different computation orders. To turn them off, set the environment variable `TF_ENABLE_ONEDNN_OPTS=0`.
I0000 00:00:1789411638.435089 3063082 cpu_feature_guard.cc:227] This TensorFlow binary is optimized to use available CPU instructions in performance-critical operations.
To enable the following instructions: AVX2 AVX512F AVX512_VNNI AVX512_BF16 AVX512_FP16 AVX_VNNI AMX_TILE AMX_INT8 AMX_BF16 FMA, in other operations, rebuild TensorFlow with the appropriate compiler flags.
WARNING: All log messages before absl::InitializeLog() is called are written to STDERR
I0000 00:00:1789411640.349626 3063082 port.cc:153] oneDNN custom operations are on. You may see slightly different numerical results due to floating-point round-off errors from different computation orders. To turn them off, set the environment variable `TF_ENABLE_ONEDNN_OPTS=0`.
I0000 00:00:1789411641.205581 3063200 tf_record_dataset_op.cc:396] The default buffer size is 262144, which is overridden by the user specified `buffer_size` of 8388608
EfficientNet-B0 on full 1000-class ImageNet via the VERIFIED renderer → XLA/PJRT → GPU, with the tfds batch shim supplying the same augmentation the Lean→JAX reference trainer uses
  xla/pjrt verified_mlir/efficientnetin_emarmsdp64dropdobf16_train_step.mlir
  xla/pjrt verified_mlir/efficientnetin_fwd.mlir
  xla/pjrt verified_mlir/efficientnetin_fwd_eval.mlir
  imagenet shim: jax/.lake/build/generated_efficientnet_b0_imagenet_shim.py — validation split, batch 256, 150528 floats/img (seed 0)
  imagenet: draining the val split into RAM (~30 GB, one time)…
  imagenet: val ready — 50000 images, 28710 MB
  ▸ val = all 50,000 (timm's denominator; drop_remainder=False on the val split)
  train 1281167, test 50000; bs 64, EfficientNet-B0 (ImageNet-1k) emarmsdp64dropdobf16 (exp x0.970000/2.400000ep+warmup 5ep, baseLR 0.016000), He init
  ▸ RMSPROP: m = momentum buffer (init 0), v = running MEAN-SQUARE (init 1.0, TF convention — this optimizer is not bias-corrected)
  ▸ STOCHASTIC DEPTH: 9 drop sites, keeps #[0.973000, 0.947000, 0.920000, 0.907000, 0.880000, 0.867000, 0.840000, 0.827000, 0.813000] — host-drawn per step, 1/keep folded in, NOT on the resident path. Eval is the identity (drop-free forward).
  ▸ CLASSIFIER DROPOUT: keep 0.800000, mask tensor<256x1280xf32> (PER-ELEMENT, one Bernoulli per example×feature — not per-example like the drop scales), host-drawn per step at seed+999983, 1/keep folded in. Eval is the identity (drop-free forward).
  ▸ EMA: region 3 of 4 [θ|m|v|ema], shadow starts AT the weights, decay min(0.999900, (1+t)/(10+t)) — TF warmup-corrected. EVAL AND CHECKPOINT SCORE THE SHADOW.
  running-stats BN: 49 layers, 42016 stat floats → eval via @efficientnetin_fwd_eval
     decay 0.990000 (TF sense; = PyTorch/timm momentum 0.010000), new-batch weight 0.010000
  DATA-PARALLEL: 4 replicas x bs 64 = global batch 256, 5004 steps/epoch
  ▸ resuming from checkpoint at epoch 200
  ▸ resumed BN running stats + ema_bn from .lake/build/efficientnetin_emarmsdp64dropdobf16_ckpt_xla.bin.bn (hash 13700727627187969292)
WARNING: All log messages before absl::InitializeLog() is called are written to STDERR
I0000 00:00:1789411678.990374 3063438 port.cc:153] oneDNN custom operations are on. You may see slightly different numerical results due to floating-point round-off errors from different computation orders. To turn them off, set the environment variable `TF_ENABLE_ONEDNN_OPTS=0`.
I0000 00:00:1789411679.021418 3063438 cpu_feature_guard.cc:227] This TensorFlow binary is optimized to use available CPU instructions in performance-critical operations.
To enable the following instructions: AVX2 AVX512F AVX512_VNNI AVX512_BF16 AVX512_FP16 AVX_VNNI AMX_TILE AMX_INT8 AMX_BF16 FMA, in other operations, rebuild TensorFlow with the appropriate compiler flags.
WARNING: All log messages before absl::InitializeLog() is called are written to STDERR
I0000 00:00:1789411680.096358 3063438 port.cc:153] oneDNN custom operations are on. You may see slightly different numerical results due to floating-point round-off errors from different computation orders. To turn them off, set the environment variable `TF_ENABLE_ONEDNN_OPTS=0`.
I0000 00:00:1789411683.718270 3063556 tf_record_dataset_op.cc:396] The default buffer size is 262144, which is overridden by the user specified `buffer_size` of 8388608
WARNING: All log messages before absl::InitializeLog() is called are written to STDERR
I0000 00:00:1789411683.732318 3063558 port.cc:153] oneDNN custom operations are on. You may see slightly different numerical results due to floating-point round-off errors from different computation orders. To turn them off, set the environment variable `TF_ENABLE_ONEDNN_OPTS=0`.
I0000 00:00:1789411683.770867 3063558 cpu_feature_guard.cc:227] This TensorFlow binary is optimized to use available CPU instructions in performance-critical operations.
To enable the following instructions: AVX2 AVX512F AVX512_VNNI AVX512_BF16 AVX512_FP16 AVX_VNNI AMX_TILE AMX_INT8 AMX_BF16 FMA, in other operations, rebuild TensorFlow with the appropriate compiler flags.
WARNING: All log messages before absl::InitializeLog() is called are written to STDERR
I0000 00:00:1789411685.184720 3063558 port.cc:153] oneDNN custom operations are on. You may see slightly different numerical results due to floating-point round-off errors from different computation orders. To turn them off, set the environment variable `TF_ENABLE_ONEDNN_OPTS=0`.
I0000 00:00:1789411688.702646 3063746 tf_record_dataset_op.cc:396] The default buffer size is 262144, which is overridden by the user specified `buffer_size` of 8388608
WARNING: All log messages before absl::InitializeLog() is called are written to STDERR
I0000 00:00:1789411688.725307 3063747 port.cc:153] oneDNN custom operations are on. You may see slightly different numerical results due to floating-point round-off errors from different computation orders. To turn them off, set the environment variable `TF_ENABLE_ONEDNN_OPTS=0`.
I0000 00:00:1789411688.761413 3063747 cpu_feature_guard.cc:227] This TensorFlow binary is optimized to use available CPU instructions in performance-critical operations.
To enable the following instructions: AVX2 AVX512F AVX512_VNNI AVX512_BF16 AVX512_FP16 AVX_VNNI AMX_TILE AMX_INT8 AMX_BF16 FMA, in other operations, rebuild TensorFlow with the appropriate compiler flags.
WARNING: All log messages before absl::InitializeLog() is called are written to STDERR
I0000 00:00:1789411690.173319 3063747 port.cc:153] oneDNN custom operations are on. You may see slightly different numerical results due to floating-point round-off errors from different computation orders. To turn them off, set the environment variable `TF_ENABLE_ONEDNN_OPTS=0`.
I0000 00:00:1789411693.693198 3063949 tf_record_dataset_op.cc:396] The default buffer size is 262144, which is overridden by the user specified `buffer_size` of 8388608
WARNING: All log messages before absl::InitializeLog() is called are written to STDERR
I0000 00:00:1789411693.745824 3063951 port.cc:153] oneDNN custom operations are on. You may see slightly different numerical results due to floating-point round-off errors from different computation orders. To turn them off, set the environment variable `TF_ENABLE_ONEDNN_OPTS=0`.
I0000 00:00:1789411693.786728 3063951 cpu_feature_guard.cc:227] This TensorFlow binary is optimized to use available CPU instructions in performance-critical operations.
To enable the following instructions: AVX2 AVX512F AVX512_VNNI AVX512_BF16 AVX512_FP16 AVX_VNNI AMX_TILE AMX_INT8 AMX_BF16 FMA, in other operations, rebuild TensorFlow with the appropriate compiler flags.
WARNING: All log messages before absl::InitializeLog() is called are written to STDERR
I0000 00:00:1789411695.166119 3063951 port.cc:153] oneDNN custom operations are on. You may see slightly different numerical results due to floating-point round-off errors from different computation orders. To turn them off, set the environment variable `TF_ENABLE_ONEDNN_OPTS=0`.
[pjrt_ffi] RESIDENT: @efficientnetin_emarmsdp64dropdobf16_train_step holds 852 parameter tensors (80.7 MB) on 4 devices; they stop crossing PCIe from here
I0914 18:48:18.679823 3059950 cuda_dnn.cc:442] Loaded cuDNN version 92400
I0914 18:48:18.679875 3059944 cuda_dnn.cc:442] Loaded cuDNN version 92400
I0914 18:48:18.679908 3059947 cuda_dnn.cc:442] Loaded cuDNN version 92400
I0000 00:00:1789411698.932420 3064487 tf_record_dataset_op.cc:396] The default buffer size is 262144, which is overridden by the user specified `buffer_size` of 8388608
  imagenet shim: jax/.lake/build/generated_efficientnet_b0_imagenet_shim.py — train split, batch 256, 150528 floats/img (seed 1)
  imagenet shim: jax/.lake/build/generated_efficientnet_b0_imagenet_shim.py — train split, batch 256, 150528 floats/img (seed 2)
  imagenet shim: jax/.lake/build/generated_efficientnet_b0_imagenet_shim.py — train split, batch 256, 150528 floats/img (seed 3)
  imagenet shim: jax/.lake/build/generated_efficientnet_b0_imagenet_shim.py — train split, batch 256, 150528 floats/img (seed 4)
  imagenet shim: 4 sharded producers (round-robin over batches)
  ▸ SHIM PREFETCH: ON (depth 4 over 4 producer handle(s) — each step's read is issued before the previous step's invoke, one in flight PER HANDLE, so every producer drains during compute instead of blocking in write()). Measured 377 → 224 ms/step on R34/ImageNet 4×bs64 for depth 1. Batch buffers are allocated and freed on the main thread; the pool only fills them.
  step 0/5004: loss=2.395491
  step 1/5004: loss=2.736666
  step 2/5004: loss=2.326861
  step 100/5004: loss=2.476940
  step 200/5004: loss=2.503119
  step 300/5004: loss=2.426406
  step 400/5004: loss=2.237570
  step 500/5004: loss=2.506934
  step 600/5004: loss=2.137883
  step 700/5004: loss=2.590727
  step 800/5004: loss=3.026176
  step 900/5004: loss=2.730763
  step 1000/5004: loss=2.417413
  step 1100/5004: loss=2.605762
  step 1200/5004: loss=2.232584
  step 1300/5004: loss=2.488335
  step 1400/5004: loss=2.549395
  step 1500/5004: loss=2.202583
  step 1600/5004: loss=2.220909
  step 1700/5004: loss=3.043794
  step 1800/5004: loss=2.317126
  step 1900/5004: loss=2.324097
  step 2000/5004: loss=2.370414
  step 2100/5004: loss=2.761160
  step 2200/5004: loss=2.275624
  step 2300/5004: loss=2.560486
  step 2400/5004: loss=2.586176
  step 2500/5004: loss=2.350417
  step 2600/5004: loss=2.496289
  step 2700/5004: loss=2.431812
  step 2800/5004: loss=2.588759
  step 2900/5004: loss=2.371110
  step 3000/5004: loss=2.760619
  step 3100/5004: loss=2.493516
  step 3200/5004: loss=2.625060
  step 3300/5004: loss=2.773670
  step 3400/5004: loss=2.484007
  step 3500/5004: loss=2.403450
  step 3600/5004: loss=2.194070
  step 3700/5004: loss=2.496056
  step 3800/5004: loss=2.593241
  step 3900/5004: loss=2.365500
  step 4000/5004: loss=2.088524
  step 4100/5004: loss=2.321192
  step 4200/5004: loss=2.430383
  step 4300/5004: loss=2.513917
  step 4400/5004: loss=2.321003
  step 4500/5004: loss=2.022440
  step 4600/5004: loss=2.265828
  step 4700/5004: loss=2.509879
  step 4800/5004: loss=2.441204
  step 4900/5004: loss=2.466442
  step 5000/5004: loss=2.281347
[pjrt_ffi] RESIDENT: @efficientnetin_fwd_eval holds 311 parameter tensors (20.3 MB) on 1 device; they stop crossing PCIe from here
Epoch 201/350: loss=2.462451 lr=0.001330
  epoch 201: test_acc = 37769/50000 = 75.538000%  top5 = 46257/50000 = 92.514000%  [95% CI 75.16–75.91]
    BN companion -> .lake/build/efficientnetin_emarmsdp64dropdobf16_ckpt_xla.bin.bn (42016 floats x 2, hash 7285646681238919656)
  step 0/5004: loss=2.504346
  step 1/5004: loss=2.254672
  step 2/5004: loss=2.571894
  step 100/5004: loss=2.336568
  step 200/5004: loss=2.364668
  step 300/5004: loss=2.599190
  step 400/5004: loss=2.617030
  step 500/5004: loss=2.349802
  step 600/5004: loss=2.245404
  step 700/5004: loss=2.407259
  step 800/5004: loss=2.195768
  step 900/5004: loss=2.280167
  step 1000/5004: loss=2.410666
  step 1100/5004: loss=2.647876
  step 1200/5004: loss=2.077712
  step 1300/5004: loss=2.683815
  step 1400/5004: loss=2.357756
  step 1500/5004: loss=2.626411
  step 1600/5004: loss=2.493778
  step 1700/5004: loss=2.491035
  step 1800/5004: loss=2.549565
  step 1900/5004: loss=2.461147
  step 2000/5004: loss=2.402530
  step 2100/5004: loss=2.317047
  step 2200/5004: loss=2.406279
  step 2300/5004: loss=2.347367
  step 2400/5004: loss=2.714753
  step 2500/5004: loss=2.496453
  step 2600/5004: loss=2.794755
  step 2700/5004: loss=2.500997
  step 2800/5004: loss=2.201742
  step 2900/5004: loss=2.577936
  step 3000/5004: loss=2.468194
  step 3100/5004: loss=2.565767
  step 3200/5004: loss=2.605716
  step 3300/5004: loss=2.626045
  step 3400/5004: loss=2.677919
  step 3500/5004: loss=2.169303
  step 3600/5004: loss=2.475563
  step 3700/5004: loss=2.764967
  step 3800/5004: loss=2.708974
  step 3900/5004: loss=2.361142
  step 4000/5004: loss=2.625333
  step 4100/5004: loss=2.421939
  step 4200/5004: loss=2.452454
  step 4300/5004: loss=2.356996
  step 4400/5004: loss=2.444663
  step 4500/5004: loss=2.628959
  step 4600/5004: loss=2.339079
  step 4700/5004: loss=2.478556
  step 4800/5004: loss=2.323858
  step 4900/5004: loss=2.299984
  step 5000/5004: loss=2.581389
[pjrt_ffi] RESIDENT: @efficientnetin_fwd_eval holds 311 parameter tensors (20.3 MB) on 1 device; they stop crossing PCIe from here
Epoch 202/350: loss=2.462530 lr=0.001313
  epoch 202: test_acc = 37746/50000 = 75.492000%  top5 = 46229/50000 = 92.458000%  [95% CI 75.11–75.87]
    BN companion -> .lake/build/efficientnetin_emarmsdp64dropdobf16_ckpt_xla.bin.bn (42016 floats x 2, hash 8389003546575192094)
  step 0/5004: loss=2.333196
  step 1/5004: loss=2.182706
  step 2/5004: loss=2.402642
  step 100/5004: loss=2.670971
  step 200/5004: loss=2.708739
  step 300/5004: loss=2.648045
  step 400/5004: loss=2.463106
  step 500/5004: loss=2.650402
  step 600/5004: loss=2.306878
  step 700/5004: loss=2.370383
  step 800/5004: loss=2.715542
  step 900/5004: loss=2.638863
  step 1000/5004: loss=2.521884
  step 1100/5004: loss=2.332847
  step 1200/5004: loss=2.594917
  step 1300/5004: loss=2.022295
  step 1400/5004: loss=2.465321
  step 1500/5004: loss=2.622063
  step 1600/5004: loss=2.182042
  step 1700/5004: loss=2.391688
  step 1800/5004: loss=2.785330
  step 1900/5004: loss=2.620892
  step 2000/5004: loss=2.569622
  step 2100/5004: loss=2.035061
  step 2200/5004: loss=2.125574
  step 2300/5004: loss=2.197155
  step 2400/5004: loss=2.457155
  step 2500/5004: loss=2.428450
  step 2600/5004: loss=2.399841
  step 2700/5004: loss=2.720344
  step 2800/5004: loss=2.555182
  step 2900/5004: loss=2.369493
  step 3000/5004: loss=2.617466
  step 3100/5004: loss=2.679730
  step 3200/5004: loss=2.616692
  step 3300/5004: loss=2.286411
  step 3400/5004: loss=2.520666
  step 3500/5004: loss=2.749985
  step 3600/5004: loss=2.515641
  step 3700/5004: loss=2.809266
  step 3800/5004: loss=2.880500
  step 3900/5004: loss=2.353838
  step 4000/5004: loss=2.511121
  step 4100/5004: loss=2.265188
  step 4200/5004: loss=2.046471
  step 4300/5004: loss=2.167754
  step 4400/5004: loss=2.317741
  step 4500/5004: loss=2.455348
  step 4600/5004: loss=2.634251
  step 4700/5004: loss=2.123090
  step 4800/5004: loss=2.535211
  step 4900/5004: loss=2.296860
  step 5000/5004: loss=2.363731
[pjrt_ffi] RESIDENT: @efficientnetin_fwd_eval holds 311 parameter tensors (20.3 MB) on 1 device; they stop crossing PCIe from here
Epoch 203/350: loss=2.456011 lr=0.001297
  epoch 203: test_acc = 37722/50000 = 75.444000%  top5 = 46262/50000 = 92.524000%  [95% CI 75.06–75.82]
    BN companion -> .lake/build/efficientnetin_emarmsdp64dropdobf16_ckpt_xla.bin.bn (42016 floats x 2, hash 2636526681684370068)
  step 0/5004: loss=2.375758
  step 1/5004: loss=2.625435
  step 2/5004: loss=2.275495
  step 100/5004: loss=2.718577
  step 200/5004: loss=2.566716
  step 300/5004: loss=2.740484
  step 400/5004: loss=2.463965
  step 500/5004: loss=2.638381
  step 600/5004: loss=2.471963
  step 700/5004: loss=2.434153
  step 800/5004: loss=2.348935
  step 900/5004: loss=2.461533
  step 1000/5004: loss=2.540256
  step 1100/5004: loss=2.360446
  step 1200/5004: loss=2.301114
  step 1300/5004: loss=2.643256
  step 1400/5004: loss=2.638094
  step 1500/5004: loss=2.610246
  step 1600/5004: loss=2.358354
  step 1700/5004: loss=2.505872
  step 1800/5004: loss=2.400943
  step 1900/5004: loss=2.534665
  step 2000/5004: loss=2.489019
  step 2100/5004: loss=2.470076
  step 2200/5004: loss=2.297659
  step 2300/5004: loss=2.579748
  step 2400/5004: loss=2.663329
  step 2500/5004: loss=2.507495
  step 2600/5004: loss=2.366540
  step 2700/5004: loss=2.187222
  step 2800/5004: loss=2.498459
  step 2900/5004: loss=2.613971
  step 3000/5004: loss=2.625654
  step 3100/5004: loss=2.700198
  step 3200/5004: loss=2.281455
  step 3300/5004: loss=2.455368
  step 3400/5004: loss=2.648953
  step 3500/5004: loss=2.327276
  step 3600/5004: loss=2.258638
  step 3700/5004: loss=2.234468
  step 3800/5004: loss=2.034437
  step 3900/5004: loss=2.326678
  step 4000/5004: loss=2.399862
  step 4100/5004: loss=2.248806
  step 4200/5004: loss=2.196943
  step 4300/5004: loss=2.188889
  step 4400/5004: loss=2.309940
  step 4500/5004: loss=2.130728
  step 4600/5004: loss=2.296261
  step 4700/5004: loss=2.595625
  step 4800/5004: loss=2.123231
  step 4900/5004: loss=2.208648
  step 5000/5004: loss=2.125996
[pjrt_ffi] RESIDENT: @efficientnetin_fwd_eval holds 311 parameter tensors (20.3 MB) on 1 device; they stop crossing PCIe from here
Epoch 204/350: loss=2.459359 lr=0.001280
  epoch 204: test_acc = 37739/50000 = 75.478000%  top5 = 46260/50000 = 92.520000%  [95% CI 75.10–75.85]
    BN companion -> .lake/build/efficientnetin_emarmsdp64dropdobf16_ckpt_xla.bin.bn (42016 floats x 2, hash 9898367639119099786)
  step 0/5004: loss=2.345697
  step 1/5004: loss=2.223101
  step 2/5004: loss=2.396877
  step 100/5004: loss=2.223289
  step 200/5004: loss=2.401254
  step 300/5004: loss=2.583592
  step 400/5004: loss=2.263707
  step 500/5004: loss=2.165081
  step 600/5004: loss=2.191506
  step 700/5004: loss=2.637436
  step 800/5004: loss=2.730944
  step 900/5004: loss=2.212258
  step 1000/5004: loss=2.370345
  step 1100/5004: loss=2.757376
  step 1200/5004: loss=2.495080
  step 1300/5004: loss=2.124101
  step 1400/5004: loss=2.482939
  step 1500/5004: loss=2.004514
  step 1600/5004: loss=2.403521
  step 1700/5004: loss=2.542074
  step 1800/5004: loss=2.754236
  step 1900/5004: loss=2.319264
  step 2000/5004: loss=2.245429
  step 2100/5004: loss=2.620972
  step 2200/5004: loss=2.470556
  step 2300/5004: loss=2.366218
  step 2400/5004: loss=2.849855
  step 2500/5004: loss=2.624842
  step 2600/5004: loss=2.475921
  step 2700/5004: loss=2.452298
  step 2800/5004: loss=2.445872
  step 2900/5004: loss=2.353021
  step 3000/5004: loss=2.485825
  step 3100/5004: loss=2.396405
  step 3200/5004: loss=2.705089
  step 3300/5004: loss=2.513421
  step 3400/5004: loss=2.851655
  step 3500/5004: loss=2.682806
  step 3600/5004: loss=2.635353
  step 3700/5004: loss=2.296697
  step 3800/5004: loss=2.411879
  step 3900/5004: loss=2.520595
  step 4000/5004: loss=2.184235
  step 4100/5004: loss=2.411135
  step 4200/5004: loss=2.333103
  step 4300/5004: loss=2.121724
  step 4400/5004: loss=2.486084
  step 4500/5004: loss=2.446363
  step 4600/5004: loss=2.336724
  step 4700/5004: loss=2.387022
  step 4800/5004: loss=2.276376
  step 4900/5004: loss=2.374289
  step 5000/5004: loss=2.548236
[pjrt_ffi] RESIDENT: @efficientnetin_fwd_eval holds 311 parameter tensors (20.3 MB) on 1 device; they stop crossing PCIe from here
Epoch 205/350: loss=2.450523 lr=0.001264
  epoch 205: test_acc = 37718/50000 = 75.436000%  top5 = 46234/50000 = 92.468000%  [95% CI 75.06–75.81]
    BN companion -> .lake/build/efficientnetin_emarmsdp64dropdobf16_ckpt_xla.bin.bn (42016 floats x 2, hash 5220700829513095470)
  step 0/5004: loss=2.346513
  step 1/5004: loss=2.247576
  step 2/5004: loss=2.594660
  step 100/5004: loss=2.308296
  step 200/5004: loss=2.145659
  step 300/5004: loss=2.649089
  step 400/5004: loss=2.451167
  step 500/5004: loss=2.362896
  step 600/5004: loss=2.607016
  step 700/5004: loss=2.519132
  step 800/5004: loss=2.187234
  step 900/5004: loss=2.619449
  step 1000/5004: loss=2.329595
  step 1100/5004: loss=2.588815
  step 1200/5004: loss=2.060410
  step 1300/5004: loss=2.179607
  step 1400/5004: loss=2.412725
  step 1500/5004: loss=2.194020
  step 1600/5004: loss=2.263398
  step 1700/5004: loss=2.519433
  step 1800/5004: loss=2.809041
  step 1900/5004: loss=2.167878
  step 2000/5004: loss=2.652109
  step 2100/5004: loss=2.517000
  step 2200/5004: loss=2.758841
  step 2300/5004: loss=2.996787
  step 2400/5004: loss=2.381824
  step 2500/5004: loss=2.409817
  step 2600/5004: loss=2.585395
  step 2700/5004: loss=2.541011
  step 2800/5004: loss=2.755980
  step 2900/5004: loss=2.293692
  step 3000/5004: loss=2.241226
  step 3100/5004: loss=2.448388
  step 3200/5004: loss=2.221977
  step 3300/5004: loss=2.505228
  step 3400/5004: loss=2.636631
  step 3500/5004: loss=2.367508
  step 3600/5004: loss=2.582678
  step 3700/5004: loss=2.585047
  step 3800/5004: loss=2.627302
  step 3900/5004: loss=2.504734
  step 4000/5004: loss=2.106715
  step 4100/5004: loss=2.537489
  step 4200/5004: loss=2.076570
  step 4300/5004: loss=2.536100
  step 4400/5004: loss=2.441675
  step 4500/5004: loss=2.547792
  step 4600/5004: loss=2.826996
  step 4700/5004: loss=2.715185
  step 4800/5004: loss=2.480192
  step 4900/5004: loss=2.534596
  step 5000/5004: loss=2.352272
[pjrt_ffi] RESIDENT: @efficientnetin_fwd_eval holds 311 parameter tensors (20.3 MB) on 1 device; they stop crossing PCIe from here
Epoch 206/350: loss=2.447840 lr=0.001248
  epoch 206: test_acc = 37738/50000 = 75.476000%  top5 = 46257/50000 = 92.514000%  [95% CI 75.10–75.85]
    BN companion -> .lake/build/efficientnetin_emarmsdp64dropdobf16_ckpt_xla.bin.bn (42016 floats x 2, hash 5134621350602803087)
  step 0/5004: loss=2.360770
  step 1/5004: loss=2.827536
  step 2/5004: loss=2.426798
  step 100/5004: loss=2.261512
  step 200/5004: loss=2.743245
  step 300/5004: loss=2.644868
  step 400/5004: loss=2.221163
  step 500/5004: loss=2.611621
  step 600/5004: loss=2.481437
  step 700/5004: loss=2.593170
  step 800/5004: loss=2.715676
  step 900/5004: loss=2.747763
  step 1000/5004: loss=2.819220
  step 1100/5004: loss=2.484800
  step 1200/5004: loss=2.470638
  step 1300/5004: loss=2.616076
  step 1400/5004: loss=2.274685
  step 1500/5004: loss=2.537284
  step 1600/5004: loss=2.588422
  step 1700/5004: loss=2.039349
  step 1800/5004: loss=2.425730
  step 1900/5004: loss=2.384792
  step 2000/5004: loss=2.070776
  step 2100/5004: loss=2.518580
  step 2200/5004: loss=2.332249
  step 2300/5004: loss=2.479700
  step 2400/5004: loss=2.311960
  step 2500/5004: loss=2.031371
  step 2600/5004: loss=2.493177
  step 2700/5004: loss=2.435191
  step 2800/5004: loss=2.363725
  step 2900/5004: loss=2.499752
  step 3000/5004: loss=2.570446
  step 3100/5004: loss=2.144483
  step 3200/5004: loss=2.631602
  step 3300/5004: loss=2.241223
  step 3400/5004: loss=2.941336
  step 3500/5004: loss=2.647515
  step 3600/5004: loss=2.289627
  step 3700/5004: loss=2.180123
  step 3800/5004: loss=2.795445
  step 3900/5004: loss=2.552963
  step 4000/5004: loss=2.256791
  step 4100/5004: loss=2.247700
  step 4200/5004: loss=2.361785
  step 4300/5004: loss=2.217010
  step 4400/5004: loss=2.446723
  step 4500/5004: loss=2.618120
  step 4600/5004: loss=2.829624
  step 4700/5004: loss=2.666052
  step 4800/5004: loss=2.349840
  step 4900/5004: loss=2.507165
  step 5000/5004: loss=2.411037
[pjrt_ffi] RESIDENT: @efficientnetin_fwd_eval holds 311 parameter tensors (20.3 MB) on 1 device; they stop crossing PCIe from here
Epoch 207/350: loss=2.450497 lr=0.001232
  epoch 207: test_acc = 37761/50000 = 75.522000%  top5 = 46260/50000 = 92.520000%  [95% CI 75.14–75.90]
    BN companion -> .lake/build/efficientnetin_emarmsdp64dropdobf16_ckpt_xla.bin.bn (42016 floats x 2, hash 15548525271139277815)
  step 0/5004: loss=2.198384
  step 1/5004: loss=2.564079
  step 2/5004: loss=2.305258
  step 100/5004: loss=2.413593
  step 200/5004: loss=2.055512
  step 300/5004: loss=2.270299
  step 400/5004: loss=2.140247
  step 500/5004: loss=2.370491
  step 600/5004: loss=2.757581
  step 700/5004: loss=2.459203
  step 800/5004: loss=2.560909
  step 900/5004: loss=2.856820
  step 1000/5004: loss=2.522319
  step 1100/5004: loss=2.565092
  step 1200/5004: loss=2.400088
  step 1300/5004: loss=2.047407
  step 1400/5004: loss=2.749758
  step 1500/5004: loss=2.542462
  step 1600/5004: loss=2.453441
  step 1700/5004: loss=2.490973
  step 1800/5004: loss=2.529195
  step 1900/5004: loss=2.499392
  step 2000/5004: loss=2.225819
  step 2100/5004: loss=2.230693
  step 2200/5004: loss=2.630139
  step 2300/5004: loss=2.177414
  step 2400/5004: loss=2.243031
  step 2500/5004: loss=2.347637
  step 2600/5004: loss=2.673053
  step 2700/5004: loss=2.758265
  step 2800/5004: loss=2.639516
  step 2900/5004: loss=2.130398
  step 3000/5004: loss=2.795692
  step 3100/5004: loss=2.409888
  step 3200/5004: loss=2.215450
  step 3300/5004: loss=2.881781
  step 3400/5004: loss=2.116343
  step 3500/5004: loss=2.486068
  step 3600/5004: loss=2.242463
  step 3700/5004: loss=2.178731
  step 3800/5004: loss=2.402177
  step 3900/5004: loss=2.525740
  step 4000/5004: loss=2.437686
  step 4100/5004: loss=2.311075
  step 4200/5004: loss=2.476194
  step 4300/5004: loss=2.750067
  step 4400/5004: loss=2.127531
  step 4500/5004: loss=2.421587
  step 4600/5004: loss=2.342012
  step 4700/5004: loss=2.375902
  step 4800/5004: loss=2.394166
  step 4900/5004: loss=2.500966
  step 5000/5004: loss=2.458364
[pjrt_ffi] RESIDENT: @efficientnetin_fwd_eval holds 311 parameter tensors (20.3 MB) on 1 device; they stop crossing PCIe from here
Epoch 208/350: loss=2.451045 lr=0.001217
  epoch 208: test_acc = 37764/50000 = 75.528000%  top5 = 46238/50000 = 92.476000%  [95% CI 75.15–75.90]
    BN companion -> .lake/build/efficientnetin_emarmsdp64dropdobf16_ckpt_xla.bin.bn (42016 floats x 2, hash 5077806382425282514)
  step 0/5004: loss=2.389561
  step 1/5004: loss=2.378794
  step 2/5004: loss=2.029009
  step 100/5004: loss=2.544840
  step 200/5004: loss=2.165450
  step 300/5004: loss=2.053384
  step 400/5004: loss=2.668396
  step 500/5004: loss=2.822478
  step 600/5004: loss=2.457545
  step 700/5004: loss=2.129680
  step 800/5004: loss=2.548152
  step 900/5004: loss=2.391051
  step 1000/5004: loss=2.251212
  step 1100/5004: loss=2.540449
  step 1200/5004: loss=2.896140
  step 1300/5004: loss=2.443262
  step 1400/5004: loss=2.651405
  step 1500/5004: loss=2.163496
  step 1600/5004: loss=2.720968
  step 1700/5004: loss=2.521463
  step 1800/5004: loss=2.305277
  step 1900/5004: loss=2.220725
  step 2000/5004: loss=2.520225
  step 2100/5004: loss=2.762333
  step 2200/5004: loss=2.368051
  step 2300/5004: loss=2.363012
  step 2400/5004: loss=2.537594
  step 2500/5004: loss=2.762094
  step 2600/5004: loss=2.290472
  step 2700/5004: loss=2.262133
  step 2800/5004: loss=2.323950
  step 2900/5004: loss=2.325254
  step 3000/5004: loss=2.594814
  step 3100/5004: loss=2.524252
  step 3200/5004: loss=2.565104
  step 3300/5004: loss=2.268960
  step 3400/5004: loss=2.525582
  step 3500/5004: loss=2.545515
  step 3600/5004: loss=2.134165
  step 3700/5004: loss=2.559432
  step 3800/5004: loss=2.345401
  step 3900/5004: loss=2.239102
  step 4000/5004: loss=2.431271
  step 4100/5004: loss=2.615325
  step 4200/5004: loss=2.208829
  step 4300/5004: loss=2.568542
  step 4400/5004: loss=2.775255
  step 4500/5004: loss=2.506646
  step 4600/5004: loss=2.710809
  step 4700/5004: loss=2.434484
  step 4800/5004: loss=2.625876
  step 4900/5004: loss=2.157142
  step 5000/5004: loss=2.325101
[pjrt_ffi] RESIDENT: @efficientnetin_fwd_eval holds 311 parameter tensors (20.3 MB) on 1 device; they stop crossing PCIe from here
Epoch 209/350: loss=2.448573 lr=0.001201
  epoch 209: test_acc = 37788/50000 = 75.576000%  top5 = 46269/50000 = 92.538000%  [95% CI 75.20–75.95]
    BN companion -> .lake/build/efficientnetin_emarmsdp64dropdobf16_ckpt_xla.bin.bn (42016 floats x 2, hash 13965439841507071358)
  step 0/5004: loss=2.456648
  step 1/5004: loss=2.166673
  step 2/5004: loss=2.384146
  step 100/5004: loss=2.559134
  step 200/5004: loss=2.419522
  step 300/5004: loss=2.626117
  step 400/5004: loss=2.360503
  step 500/5004: loss=2.451495
  step 600/5004: loss=2.388691
  step 700/5004: loss=2.081141
  step 800/5004: loss=2.954831
  step 900/5004: loss=2.403459
  step 1000/5004: loss=2.197478
  step 1100/5004: loss=2.185983
  step 1200/5004: loss=2.625392
  step 1300/5004: loss=2.482933
  step 1400/5004: loss=2.548808
  step 1500/5004: loss=2.152621
  step 1600/5004: loss=2.706919
  step 1700/5004: loss=2.429561
  step 1800/5004: loss=2.349573
  step 1900/5004: loss=2.196935
  step 2000/5004: loss=2.526420
  step 2100/5004: loss=2.740005
  step 2200/5004: loss=2.732276
  step 2300/5004: loss=2.393367
  step 2400/5004: loss=2.458872
  step 2500/5004: loss=2.790458
  step 2600/5004: loss=2.481138
  step 2700/5004: loss=2.573377
  step 2800/5004: loss=2.271139
  step 2900/5004: loss=2.638515
  step 3000/5004: loss=2.338446
  step 3100/5004: loss=2.238218
  step 3200/5004: loss=2.387836
  step 3300/5004: loss=2.364031
  step 3400/5004: loss=2.821427
  step 3500/5004: loss=2.610793
  step 3600/5004: loss=2.499616
  step 3700/5004: loss=2.201842
  step 3800/5004: loss=2.261921
  step 3900/5004: loss=2.339388
  step 4000/5004: loss=2.406805
  step 4100/5004: loss=2.207406
  step 4200/5004: loss=2.447077
  step 4300/5004: loss=2.629044
  step 4400/5004: loss=2.999570
  step 4500/5004: loss=2.519372
  step 4600/5004: loss=2.444625
  step 4700/5004: loss=2.367795
  step 4800/5004: loss=2.432852
  step 4900/5004: loss=2.497781
  step 5000/5004: loss=2.452127
[pjrt_ffi] RESIDENT: @efficientnetin_fwd_eval holds 311 parameter tensors (20.3 MB) on 1 device; they stop crossing PCIe from here
Epoch 210/350: loss=2.444334 lr=0.001186
  epoch 210: test_acc = 37757/50000 = 75.514000%  top5 = 46283/50000 = 92.566000%  [95% CI 75.14–75.89]
    BN companion -> .lake/build/efficientnetin_emarmsdp64dropdobf16_ckpt_xla.bin.bn (42016 floats x 2, hash 2998864116399886795)
  step 0/5004: loss=2.595896
  step 1/5004: loss=2.675848
  step 2/5004: loss=2.379917
  step 100/5004: loss=2.313718
  step 200/5004: loss=2.301199
  step 300/5004: loss=2.730009
  step 400/5004: loss=2.374959
  step 500/5004: loss=2.417614
  step 600/5004: loss=3.229412
  step 700/5004: loss=2.579684
  step 800/5004: loss=2.515349
  step 900/5004: loss=2.456841
  step 1000/5004: loss=2.345524
  step 1100/5004: loss=2.554993
  step 1200/5004: loss=2.363857
  step 1300/5004: loss=2.341219
  step 1400/5004: loss=2.611095
  step 1500/5004: loss=2.110827
  step 1600/5004: loss=2.466234
  step 1700/5004: loss=2.511964
  step 1800/5004: loss=2.242018
  step 1900/5004: loss=2.456193
  step 2000/5004: loss=2.462817
  step 2100/5004: loss=2.504332
  step 2200/5004: loss=2.412951
  step 2300/5004: loss=2.273164
  step 2400/5004: loss=2.292762
  step 2500/5004: loss=2.398562
  step 2600/5004: loss=2.375864
  step 2700/5004: loss=2.263497
  step 2800/5004: loss=2.570946
  step 2900/5004: loss=2.467036
  step 3000/5004: loss=2.421440
  step 3100/5004: loss=2.280415
  step 3200/5004: loss=2.337012
  step 3300/5004: loss=2.466375
  step 3400/5004: loss=2.125306
  step 3500/5004: loss=2.680707
  step 3600/5004: loss=1.900649
  step 3700/5004: loss=2.186937
  step 3800/5004: loss=1.943601
  step 3900/5004: loss=2.591401
  step 4000/5004: loss=2.470586
  step 4100/5004: loss=2.411485
  step 4200/5004: loss=2.382557
  step 4300/5004: loss=2.375997
  step 4400/5004: loss=2.578852
  step 4500/5004: loss=2.652007
  step 4600/5004: loss=2.432327
  step 4700/5004: loss=2.547622
  step 4800/5004: loss=2.533872
  step 4900/5004: loss=2.458423
  step 5000/5004: loss=2.360882
[pjrt_ffi] RESIDENT: @efficientnetin_fwd_eval holds 311 parameter tensors (20.3 MB) on 1 device; they stop crossing PCIe from here
Epoch 211/350: loss=2.445126 lr=0.001171
  epoch 211: test_acc = 37752/50000 = 75.504000%  top5 = 46292/50000 = 92.584000%  [95% CI 75.13–75.88]
    BN companion -> .lake/build/efficientnetin_emarmsdp64dropdobf16_ckpt_xla.bin.bn (42016 floats x 2, hash 11059883003643716578)
  step 0/5004: loss=2.296351
  step 1/5004: loss=2.391879
  step 2/5004: loss=2.570648
  step 100/5004: loss=2.519764
  step 200/5004: loss=2.428907
  step 300/5004: loss=2.468684
  step 400/5004: loss=2.543785
  step 500/5004: loss=2.288142
  step 600/5004: loss=2.254405
  step 700/5004: loss=1.990644
  step 800/5004: loss=2.619302
  step 900/5004: loss=2.277220
  step 1000/5004: loss=2.702874
  step 1100/5004: loss=2.216592
  step 1200/5004: loss=2.490642
  step 1300/5004: loss=2.316080
  step 1400/5004: loss=2.555907
  step 1500/5004: loss=2.184861
  step 1600/5004: loss=2.266358
  step 1700/5004: loss=2.290821
  step 1800/5004: loss=2.901686
  step 1900/5004: loss=2.543700
  step 2000/5004: loss=2.364661
  step 2100/5004: loss=2.559752
  step 2200/5004: loss=2.438031
  step 2300/5004: loss=2.441380
  step 2400/5004: loss=2.352071
  step 2500/5004: loss=2.828723
  step 2600/5004: loss=2.677634
  step 2700/5004: loss=2.766243
  step 2800/5004: loss=2.550673
  step 2900/5004: loss=2.678961
  step 3000/5004: loss=2.346389
  step 3100/5004: loss=2.023077
  step 3200/5004: loss=2.290719
  step 3300/5004: loss=2.417579
  step 3400/5004: loss=2.500114
  step 3500/5004: loss=3.118413
  step 3600/5004: loss=2.328722
  step 3700/5004: loss=2.438458
  step 3800/5004: loss=2.496950
  step 3900/5004: loss=2.425988
  step 4000/5004: loss=2.402465
  step 4100/5004: loss=2.380166
  step 4200/5004: loss=2.159600
  step 4300/5004: loss=2.543399
  step 4400/5004: loss=2.439034
  step 4500/5004: loss=2.603978
  step 4600/5004: loss=2.202446
  step 4700/5004: loss=2.173024
  step 4800/5004: loss=2.159873
  step 4900/5004: loss=2.179165
  step 5000/5004: loss=2.567394
[pjrt_ffi] RESIDENT: @efficientnetin_fwd_eval holds 311 parameter tensors (20.3 MB) on 1 device; they stop crossing PCIe from here
Epoch 212/350: loss=2.442561 lr=0.001157
  epoch 212: test_acc = 37737/50000 = 75.474000%  top5 = 46296/50000 = 92.592000%  [95% CI 75.09–75.85]
    BN companion -> .lake/build/efficientnetin_emarmsdp64dropdobf16_ckpt_xla.bin.bn (42016 floats x 2, hash 12830750186465187038)
  step 0/5004: loss=2.830462
  step 1/5004: loss=2.002050
  step 2/5004: loss=2.302048
  step 100/5004: loss=2.544909
  step 200/5004: loss=2.313009
  step 300/5004: loss=2.160256
  step 400/5004: loss=2.317877
  step 500/5004: loss=2.386166
  step 600/5004: loss=2.262449
  step 700/5004: loss=2.852009
  step 800/5004: loss=2.458584
  step 900/5004: loss=2.484681
  step 1000/5004: loss=2.317874
  step 1100/5004: loss=2.301177
  step 1200/5004: loss=2.532925
  step 1300/5004: loss=2.909997
  step 1400/5004: loss=2.544636
  step 1500/5004: loss=2.300524
  step 1600/5004: loss=2.341599
  step 1700/5004: loss=2.400938
  step 1800/5004: loss=2.499102
  step 1900/5004: loss=2.369409
  step 2000/5004: loss=2.285236
  step 2100/5004: loss=2.254402
  step 2200/5004: loss=2.447635
  step 2300/5004: loss=2.772017
  step 2400/5004: loss=2.146342
  step 2500/5004: loss=2.125448
  step 2600/5004: loss=2.468565
  step 2700/5004: loss=1.917394
  step 2800/5004: loss=2.344264
  step 2900/5004: loss=2.737671
  step 3000/5004: loss=2.344638
  step 3100/5004: loss=2.597812
  step 3200/5004: loss=2.668998
  step 3300/5004: loss=2.154741
  step 3400/5004: loss=2.261049
  step 3500/5004: loss=2.793931
  step 3600/5004: loss=2.428915
  step 3700/5004: loss=2.321369
  step 3800/5004: loss=2.122932
  step 3900/5004: loss=2.248335
  step 4000/5004: loss=2.488660
  step 4100/5004: loss=2.603886
  step 4200/5004: loss=2.030706
  step 4300/5004: loss=2.462807
  step 4400/5004: loss=2.432635
  step 4500/5004: loss=2.483543
  step 4600/5004: loss=2.679725
  step 4700/5004: loss=2.515239
  step 4800/5004: loss=2.396317
  step 4900/5004: loss=2.612814
  step 5000/5004: loss=2.201406
[pjrt_ffi] RESIDENT: @efficientnetin_fwd_eval holds 311 parameter tensors (20.3 MB) on 1 device; they stop crossing PCIe from here
Epoch 213/350: loss=2.438341 lr=0.001142
  epoch 213: test_acc = 37753/50000 = 75.506000%  top5 = 46297/50000 = 92.594000%  [95% CI 75.13–75.88]
    BN companion -> .lake/build/efficientnetin_emarmsdp64dropdobf16_ckpt_xla.bin.bn (42016 floats x 2, hash 4086267424367477738)
  step 0/5004: loss=2.443365
  step 1/5004: loss=2.623990
  step 2/5004: loss=2.325213
  step 100/5004: loss=2.292709
  step 200/5004: loss=2.333807
  step 300/5004: loss=2.412542
  step 400/5004: loss=2.513149
  step 500/5004: loss=2.402798
  step 600/5004: loss=2.567820
  step 700/5004: loss=2.478588
  step 800/5004: loss=2.299590
  step 900/5004: loss=2.382714
  step 1000/5004: loss=2.366099
  step 1100/5004: loss=2.587447
  step 1200/5004: loss=2.754410
  step 1300/5004: loss=2.489792
  step 1400/5004: loss=2.365815
  step 1500/5004: loss=2.126670
  step 1600/5004: loss=2.586910
  step 1700/5004: loss=2.674742
  step 1800/5004: loss=2.256968
  step 1900/5004: loss=2.271150
  step 2000/5004: loss=2.048412
  step 2100/5004: loss=2.332454
  step 2200/5004: loss=2.683728
  step 2300/5004: loss=2.290554
  step 2400/5004: loss=2.511693
  step 2500/5004: loss=2.158092
  step 2600/5004: loss=2.605262
  step 2700/5004: loss=2.423716
  step 2800/5004: loss=2.357449
  step 2900/5004: loss=3.047930
  step 3000/5004: loss=2.195688
  step 3100/5004: loss=2.833191
  step 3200/5004: loss=2.392319
  step 3300/5004: loss=2.315097
  step 3400/5004: loss=2.517136
  step 3500/5004: loss=2.709302
  step 3600/5004: loss=2.638650
  step 3700/5004: loss=2.403965
  step 3800/5004: loss=2.288371
  step 3900/5004: loss=2.428342
  step 4000/5004: loss=2.536502
  step 4100/5004: loss=2.174650
  step 4200/5004: loss=2.395528
  step 4300/5004: loss=2.476277
  step 4400/5004: loss=1.983494
  step 4500/5004: loss=2.171160
  step 4600/5004: loss=2.389338
  step 4700/5004: loss=2.316431
  step 4800/5004: loss=2.623654
  step 4900/5004: loss=2.221124
  step 5000/5004: loss=2.240595
[pjrt_ffi] RESIDENT: @efficientnetin_fwd_eval holds 311 parameter tensors (20.3 MB) on 1 device; they stop crossing PCIe from here
Epoch 214/350: loss=2.434410 lr=0.001128
  epoch 214: test_acc = 37809/50000 = 75.618000%  top5 = 46288/50000 = 92.576000%  [95% CI 75.24–75.99]
    BN companion -> .lake/build/efficientnetin_emarmsdp64dropdobf16_ckpt_xla.bin.bn (42016 floats x 2, hash 8136998106113801693)
  step 0/5004: loss=2.305547
  step 1/5004: loss=2.137161
  step 2/5004: loss=2.411297
  step 100/5004: loss=2.350259
  step 200/5004: loss=2.567067
  step 300/5004: loss=2.478489
  step 400/5004: loss=2.569861
  step 500/5004: loss=2.273968
  step 600/5004: loss=2.446721
  step 700/5004: loss=2.258962
  step 800/5004: loss=2.707908
  step 900/5004: loss=2.207765
  step 1000/5004: loss=2.244148
  step 1100/5004: loss=2.479265
  step 1200/5004: loss=2.340055
  step 1300/5004: loss=2.297417
  step 1400/5004: loss=2.481254
  step 1500/5004: loss=2.583824
  step 1600/5004: loss=2.187654
  step 1700/5004: loss=2.036780
  step 1800/5004: loss=2.418422
  step 1900/5004: loss=2.098412
  step 2000/5004: loss=2.236534
  step 2100/5004: loss=2.233888
  step 2200/5004: loss=2.387152
  step 2300/5004: loss=2.266379
  step 2400/5004: loss=2.353377
  step 2500/5004: loss=2.203469
  step 2600/5004: loss=2.359576
  step 2700/5004: loss=2.311784
  step 2800/5004: loss=2.324933
  step 2900/5004: loss=2.368561
  step 3000/5004: loss=2.187263
  step 3100/5004: loss=2.436295
  step 3200/5004: loss=2.288974
  step 3300/5004: loss=2.409571
  step 3400/5004: loss=2.603957
  step 3500/5004: loss=2.872857
  step 3600/5004: loss=2.619666
  step 3700/5004: loss=2.410628
  step 3800/5004: loss=2.617507
  step 3900/5004: loss=2.343016
  step 4000/5004: loss=2.406389
  step 4100/5004: loss=2.947795
  step 4200/5004: loss=2.124975
  step 4300/5004: loss=2.637046
  step 4400/5004: loss=2.056321
  step 4500/5004: loss=2.128437
  step 4600/5004: loss=2.673746
  step 4700/5004: loss=2.643956
  step 4800/5004: loss=2.083745
  step 4900/5004: loss=3.279123
  step 5000/5004: loss=2.329129
[pjrt_ffi] RESIDENT: @efficientnetin_fwd_eval holds 311 parameter tensors (20.3 MB) on 1 device; they stop crossing PCIe from here
Epoch 215/350: loss=2.438354 lr=0.001113
  epoch 215: test_acc = 37867/50000 = 75.734000%  top5 = 46272/50000 = 92.544000%  [95% CI 75.36–76.11]
    BN companion -> .lake/build/efficientnetin_emarmsdp64dropdobf16_ckpt_xla.bin.bn (42016 floats x 2, hash 14941623718171897771)
  step 0/5004: loss=2.617254
  step 1/5004: loss=2.323316
  step 2/5004: loss=2.730113
  step 100/5004: loss=2.357007
  step 200/5004: loss=2.240164
  step 300/5004: loss=2.463383
  step 400/5004: loss=2.371130
  step 500/5004: loss=2.301060
  step 600/5004: loss=2.926210
  step 700/5004: loss=2.512639
  step 800/5004: loss=2.495562
  step 900/5004: loss=2.465879
  step 1000/5004: loss=2.203059
  step 1100/5004: loss=2.292057
  step 1200/5004: loss=2.541669
  step 1300/5004: loss=2.417147
  step 1400/5004: loss=2.519201
  step 1500/5004: loss=2.698273
  step 1600/5004: loss=2.406124
  step 1700/5004: loss=2.531379
  step 1800/5004: loss=2.580843
  step 1900/5004: loss=2.236037
  step 2000/5004: loss=2.276919
  step 2100/5004: loss=2.206819
  step 2200/5004: loss=2.692866
  step 2300/5004: loss=2.103281
  step 2400/5004: loss=2.684215
  step 2500/5004: loss=2.522427
  step 2600/5004: loss=2.918076
  step 2700/5004: loss=2.284676
  step 2800/5004: loss=2.625177
  step 2900/5004: loss=2.935661
  step 3000/5004: loss=2.120202
  step 3100/5004: loss=2.633216
  step 3200/5004: loss=2.588218
  step 3300/5004: loss=2.381309
  step 3400/5004: loss=2.349161
  step 3500/5004: loss=2.492687
  step 3600/5004: loss=2.269666
  step 3700/5004: loss=2.479801
  step 3800/5004: loss=2.435314
  step 3900/5004: loss=2.584697
  step 4000/5004: loss=2.273097
  step 4100/5004: loss=2.666839
  step 4200/5004: loss=2.610655
  step 4300/5004: loss=2.834275
  step 4400/5004: loss=2.491230
  step 4500/5004: loss=2.326991
  step 4600/5004: loss=2.187001
  step 4700/5004: loss=2.066390
  step 4800/5004: loss=2.868282
  step 4900/5004: loss=2.892058
  step 5000/5004: loss=2.019468
[pjrt_ffi] RESIDENT: @efficientnetin_fwd_eval holds 311 parameter tensors (20.3 MB) on 1 device; they stop crossing PCIe from here
Epoch 216/350: loss=2.430515 lr=0.001099
  epoch 216: test_acc = 37855/50000 = 75.710000%  top5 = 46281/50000 = 92.562000%  [95% CI 75.33–76.08]
    BN companion -> .lake/build/efficientnetin_emarmsdp64dropdobf16_ckpt_xla.bin.bn (42016 floats x 2, hash 5452351875279175491)
  step 0/5004: loss=2.352796
  step 1/5004: loss=2.452717
  step 2/5004: loss=2.544371
  step 100/5004: loss=2.217900
  step 200/5004: loss=2.625063
  step 300/5004: loss=2.220598
  step 400/5004: loss=2.741791
  step 500/5004: loss=2.590264
  step 600/5004: loss=2.661359
  step 700/5004: loss=2.322722
  step 800/5004: loss=2.405018
  step 900/5004: loss=2.423977
  step 1000/5004: loss=2.187415
  step 1100/5004: loss=2.331443
  step 1200/5004: loss=2.249188
  step 1300/5004: loss=2.486554
  step 1400/5004: loss=2.286024
  step 1500/5004: loss=2.483829
  step 1600/5004: loss=2.608095
  step 1700/5004: loss=2.474174
  step 1800/5004: loss=2.151582
  step 1900/5004: loss=2.752603
  step 2000/5004: loss=2.157856
  step 2100/5004: loss=2.345433
  step 2200/5004: loss=2.736865
  step 2300/5004: loss=2.787410
  step 2400/5004: loss=2.435795
  step 2500/5004: loss=2.261409
  step 2600/5004: loss=2.680940
  step 2700/5004: loss=2.208926
  step 2800/5004: loss=1.968513
  step 2900/5004: loss=2.467935
  step 3000/5004: loss=2.268708
  step 3100/5004: loss=2.210881
  step 3200/5004: loss=2.516913
  step 3300/5004: loss=2.576217
  step 3400/5004: loss=2.050229
  step 3500/5004: loss=2.528251
  step 3600/5004: loss=2.298236
  step 3700/5004: loss=2.577924
  step 3800/5004: loss=2.208862
  step 3900/5004: loss=2.346139
  step 4000/5004: loss=2.399308
  step 4100/5004: loss=2.621308
  step 4200/5004: loss=2.354334
  step 4300/5004: loss=2.387035
  step 4400/5004: loss=2.340759
  step 4500/5004: loss=2.525820
  step 4600/5004: loss=2.355249
  step 4700/5004: loss=2.404672
  step 4800/5004: loss=2.449069
  step 4900/5004: loss=2.103808
  step 5000/5004: loss=2.401832
[pjrt_ffi] RESIDENT: @efficientnetin_fwd_eval holds 311 parameter tensors (20.3 MB) on 1 device; they stop crossing PCIe from here
Epoch 217/350: loss=2.432054 lr=0.001085
  epoch 217: test_acc = 37884/50000 = 75.768000%  top5 = 46292/50000 = 92.584000%  [95% CI 75.39–76.14]
    BN companion -> .lake/build/efficientnetin_emarmsdp64dropdobf16_ckpt_xla.bin.bn (42016 floats x 2, hash 11354936880840604885)
  step 0/5004: loss=2.505102
  step 1/5004: loss=2.262270
  step 2/5004: loss=2.316958
  step 100/5004: loss=2.367098
  step 200/5004: loss=2.336738
  step 300/5004: loss=2.293360
  step 400/5004: loss=2.371202
  step 500/5004: loss=2.537976
  step 600/5004: loss=2.393002
  step 700/5004: loss=2.263308
  step 800/5004: loss=2.596087
  step 900/5004: loss=2.267084
  step 1000/5004: loss=2.035154
  step 1100/5004: loss=2.503929
  step 1200/5004: loss=2.816451
  step 1300/5004: loss=2.354926
  step 1400/5004: loss=2.174223
  step 1500/5004: loss=2.450535
  step 1600/5004: loss=2.664817
  step 1700/5004: loss=2.262203
  step 1800/5004: loss=2.492939
  step 1900/5004: loss=2.252413
  step 2000/5004: loss=2.370380
  step 2100/5004: loss=2.605900
  step 2200/5004: loss=2.658048
  step 2300/5004: loss=2.753352
  step 2400/5004: loss=2.660250
  step 2500/5004: loss=2.206653
  step 2600/5004: loss=2.091911
  step 2700/5004: loss=2.328670
  step 2800/5004: loss=2.657675
  step 2900/5004: loss=2.618452
  step 3000/5004: loss=2.107804
  step 3100/5004: loss=2.321855
  step 3200/5004: loss=2.319095
  step 3300/5004: loss=2.512025
  step 3400/5004: loss=2.280401
  step 3500/5004: loss=2.462398
  step 3600/5004: loss=2.544247
  step 3700/5004: loss=2.046665
  step 3800/5004: loss=2.515218
  step 3900/5004: loss=2.356076
  step 4000/5004: loss=2.305794
  step 4100/5004: loss=2.739989
  step 4200/5004: loss=2.928914
  step 4300/5004: loss=2.655329
  step 4400/5004: loss=2.165125
  step 4500/5004: loss=2.508413
  step 4600/5004: loss=2.151200
  step 4700/5004: loss=2.574334
  step 4800/5004: loss=2.453284
  step 4900/5004: loss=2.440650
  step 5000/5004: loss=2.365700
[pjrt_ffi] RESIDENT: @efficientnetin_fwd_eval holds 311 parameter tensors (20.3 MB) on 1 device; they stop crossing PCIe from here
Epoch 218/350: loss=2.430899 lr=0.001072
  epoch 218: test_acc = 37885/50000 = 75.770000%  top5 = 46302/50000 = 92.604000%  [95% CI 75.39–76.14]
    BN companion -> .lake/build/efficientnetin_emarmsdp64dropdobf16_ckpt_xla.bin.bn (42016 floats x 2, hash 15266355049174598392)
  step 0/5004: loss=2.332374
  step 1/5004: loss=2.255149
  step 2/5004: loss=2.413191
  step 100/5004: loss=2.448630
  step 200/5004: loss=2.660836
  step 300/5004: loss=2.337346
  step 400/5004: loss=2.791939
  step 500/5004: loss=2.450781
  step 600/5004: loss=2.504857
  step 700/5004: loss=2.373383
  step 800/5004: loss=2.346638
  step 900/5004: loss=2.572363
  step 1000/5004: loss=2.830318
  step 1100/5004: loss=2.400841
  step 1200/5004: loss=2.664688
  step 1300/5004: loss=2.378746
  step 1400/5004: loss=2.500230
  step 1500/5004: loss=2.329180
  step 1600/5004: loss=2.346100
  step 1700/5004: loss=2.662751
  step 1800/5004: loss=2.210189
  step 1900/5004: loss=2.610711
  step 2000/5004: loss=2.146918
  step 2100/5004: loss=2.489202
  step 2200/5004: loss=2.428973
  step 2300/5004: loss=2.084757
  step 2400/5004: loss=1.976967
  step 2500/5004: loss=1.965136
  step 2600/5004: loss=2.146255
  step 2700/5004: loss=2.304384
  step 2800/5004: loss=2.519206
  step 2900/5004: loss=2.259935
  step 3000/5004: loss=2.752546
  step 3100/5004: loss=2.711230
  step 3200/5004: loss=2.418954
  step 3300/5004: loss=2.353965
  step 3400/5004: loss=2.257882
  step 3500/5004: loss=2.349923
  step 3600/5004: loss=2.314684
  step 3700/5004: loss=2.585860
  step 3800/5004: loss=2.461102
  step 3900/5004: loss=3.016479
  step 4000/5004: loss=3.014233
  step 4100/5004: loss=2.610445
  step 4200/5004: loss=2.502039
  step 4300/5004: loss=2.298400
  step 4400/5004: loss=2.937352
  step 4500/5004: loss=2.659115
  step 4600/5004: loss=2.176403
  step 4700/5004: loss=2.549693
  step 4800/5004: loss=2.408650
  step 4900/5004: loss=2.408501
  step 5000/5004: loss=2.714310
[pjrt_ffi] RESIDENT: @efficientnetin_fwd_eval holds 311 parameter tensors (20.3 MB) on 1 device; they stop crossing PCIe from here
Epoch 219/350: loss=2.428481 lr=0.001058
  epoch 219: test_acc = 37902/50000 = 75.804000%  top5 = 46264/50000 = 92.528000%  [95% CI 75.43–76.18]
    BN companion -> .lake/build/efficientnetin_emarmsdp64dropdobf16_ckpt_xla.bin.bn (42016 floats x 2, hash 1177001470498823884)
  step 0/5004: loss=2.085738
  step 1/5004: loss=2.170566
  step 2/5004: loss=2.200465
  step 100/5004: loss=2.760297
  step 200/5004: loss=2.165532
  step 300/5004: loss=1.919495
  step 400/5004: loss=2.670792
  step 500/5004: loss=2.342388
  step 600/5004: loss=2.578865
  step 700/5004: loss=2.300202
  step 800/5004: loss=2.129518
  step 900/5004: loss=2.148146
  step 1000/5004: loss=2.736557
  step 1100/5004: loss=2.074651
  step 1200/5004: loss=2.738598
  step 1300/5004: loss=2.500281
  step 1400/5004: loss=2.605950
  step 1500/5004: loss=2.727224
  step 1600/5004: loss=2.359384
  step 1700/5004: loss=2.533914
  step 1800/5004: loss=2.786613
  step 1900/5004: loss=2.562009
  step 2000/5004: loss=2.360067
  step 2100/5004: loss=2.506912
  step 2200/5004: loss=2.816302
  step 2300/5004: loss=2.751230
  step 2400/5004: loss=2.569367
  step 2500/5004: loss=2.826284
  step 2600/5004: loss=2.213312
  step 2700/5004: loss=2.121253
  step 2800/5004: loss=2.761788
  step 2900/5004: loss=2.622716
  step 3000/5004: loss=2.396225
  step 3100/5004: loss=2.306315
  step 3200/5004: loss=2.468722
  step 3300/5004: loss=2.446142
  step 3400/5004: loss=2.387620
  step 3500/5004: loss=2.167453
  step 3600/5004: loss=2.895158
  step 3700/5004: loss=2.402318
  step 3800/5004: loss=2.305048
  step 3900/5004: loss=2.209228
  step 4000/5004: loss=2.388672
  step 4100/5004: loss=2.454037
  step 4200/5004: loss=2.087059
  step 4300/5004: loss=2.285921
  step 4400/5004: loss=2.511941
  step 4500/5004: loss=2.243259
  step 4600/5004: loss=2.352767
  step 4700/5004: loss=2.293084
  step 4800/5004: loss=3.020437
  step 4900/5004: loss=2.912806
  step 5000/5004: loss=2.121806
[pjrt_ffi] RESIDENT: @efficientnetin_fwd_eval holds 311 parameter tensors (20.3 MB) on 1 device; they stop crossing PCIe from here
Epoch 220/350: loss=2.428799 lr=0.001045
  epoch 220: test_acc = 37904/50000 = 75.808000%  top5 = 46297/50000 = 92.594000%  [95% CI 75.43–76.18]
    BN companion -> .lake/build/efficientnetin_emarmsdp64dropdobf16_ckpt_xla.bin.bn (42016 floats x 2, hash 8708771948992142202)
  step 0/5004: loss=2.276661
  step 1/5004: loss=2.440691
  step 2/5004: loss=2.524656
  step 100/5004: loss=2.254009
  step 200/5004: loss=2.101987
  step 300/5004: loss=2.421526
  step 400/5004: loss=2.167391
  step 500/5004: loss=2.453805
  step 600/5004: loss=2.314300
  step 700/5004: loss=2.702660
  step 800/5004: loss=2.589183
  step 900/5004: loss=2.356536
  step 1000/5004: loss=2.207315
  step 1100/5004: loss=2.540058
  step 1200/5004: loss=2.400009
  step 1300/5004: loss=2.384551
  step 1400/5004: loss=2.547123
  step 1500/5004: loss=2.720050
  step 1600/5004: loss=2.524460
  step 1700/5004: loss=2.506569
  step 1800/5004: loss=2.225998
  step 1900/5004: loss=2.468414
  step 2000/5004: loss=2.747850
  step 2100/5004: loss=2.251952
  step 2200/5004: loss=2.281838
  step 2300/5004: loss=2.535790
  step 2400/5004: loss=2.124301
  step 2500/5004: loss=2.209997
  step 2600/5004: loss=2.124057
  step 2700/5004: loss=2.749664
  step 2800/5004: loss=2.798362
  step 2900/5004: loss=2.496251
  step 3000/5004: loss=2.668460
  step 3100/5004: loss=1.995262
  step 3200/5004: loss=2.233742
  step 3300/5004: loss=2.528205
  step 3400/5004: loss=2.351706
  step 3500/5004: loss=2.175907
  step 3600/5004: loss=2.381530
  step 3700/5004: loss=2.119624
  step 3800/5004: loss=2.091530
  step 3900/5004: loss=2.896838
  step 4000/5004: loss=2.550888
  step 4100/5004: loss=2.620279
  step 4200/5004: loss=2.202292
  step 4300/5004: loss=2.174111
  step 4400/5004: loss=2.583391
  step 4500/5004: loss=2.317951
  step 4600/5004: loss=2.363408
  step 4700/5004: loss=2.226861
  step 4800/5004: loss=2.105510
  step 4900/5004: loss=2.179409
  step 5000/5004: loss=2.711781
[pjrt_ffi] RESIDENT: @efficientnetin_fwd_eval holds 311 parameter tensors (20.3 MB) on 1 device; they stop crossing PCIe from here
Epoch 221/350: loss=2.426271 lr=0.001032
  epoch 221: test_acc = 37883/50000 = 75.766000%  top5 = 46282/50000 = 92.564000%  [95% CI 75.39–76.14]
    BN companion -> .lake/build/efficientnetin_emarmsdp64dropdobf16_ckpt_xla.bin.bn (42016 floats x 2, hash 8073573270562177023)
  step 0/5004: loss=2.346639
  step 1/5004: loss=2.550777
  step 2/5004: loss=2.498899
  step 100/5004: loss=2.307170
  step 200/5004: loss=2.414080
  step 300/5004: loss=2.587843
  step 400/5004: loss=2.549903
  step 500/5004: loss=2.425372
  step 600/5004: loss=2.440190
  step 700/5004: loss=2.350644
  step 800/5004: loss=2.453641
  step 900/5004: loss=2.379503
  step 1000/5004: loss=2.630558
  step 1100/5004: loss=2.405613
  step 1200/5004: loss=2.410607
  step 1300/5004: loss=2.255103
  step 1400/5004: loss=2.564663
  step 1500/5004: loss=2.304025
  step 1600/5004: loss=2.398388
  step 1700/5004: loss=2.419270
  step 1800/5004: loss=2.350400
  step 1900/5004: loss=1.904911
  step 2000/5004: loss=2.576880
  step 2100/5004: loss=2.357859
  step 2200/5004: loss=2.517297
  step 2300/5004: loss=2.555252
  step 2400/5004: loss=2.325679
  step 2500/5004: loss=2.615126
  step 2600/5004: loss=2.457437
  step 2700/5004: loss=2.350811
  step 2800/5004: loss=2.296278
  step 2900/5004: loss=2.311009
  step 3000/5004: loss=2.385235
  step 3100/5004: loss=2.140881
  step 3200/5004: loss=2.207223
  step 3300/5004: loss=2.302433
  step 3400/5004: loss=2.365655
  step 3500/5004: loss=2.267811
  step 3600/5004: loss=2.297895
  step 3700/5004: loss=2.263835
  step 3800/5004: loss=2.626870
  step 3900/5004: loss=2.585011
  step 4000/5004: loss=2.247369
  step 4100/5004: loss=2.066806
  step 4200/5004: loss=2.351832
  step 4300/5004: loss=2.606600
  step 4400/5004: loss=2.208757
  step 4500/5004: loss=2.364805
  step 4600/5004: loss=2.474558
  step 4700/5004: loss=2.339951
  step 4800/5004: loss=2.621598
  step 4900/5004: loss=2.492532
  step 5000/5004: loss=2.359489
[pjrt_ffi] RESIDENT: @efficientnetin_fwd_eval holds 311 parameter tensors (20.3 MB) on 1 device; they stop crossing PCIe from here
Epoch 222/350: loss=2.425017 lr=0.001019
  epoch 222: test_acc = 37853/50000 = 75.706000%  top5 = 46279/50000 = 92.558000%  [95% CI 75.33–76.08]
    BN companion -> .lake/build/efficientnetin_emarmsdp64dropdobf16_ckpt_xla.bin.bn (42016 floats x 2, hash 4123113131375747673)
  step 0/5004: loss=2.313993
  step 1/5004: loss=2.070571
  step 2/5004: loss=2.336400
  step 100/5004: loss=2.670230
  step 200/5004: loss=2.494930
  step 300/5004: loss=2.259958
  step 400/5004: loss=2.957149
  step 500/5004: loss=2.615152
  step 600/5004: loss=2.429985
  step 700/5004: loss=2.468006
  step 800/5004: loss=2.644207
  step 900/5004: loss=2.637728
  step 1000/5004: loss=2.330035
  step 1100/5004: loss=2.410231
  step 1200/5004: loss=2.721783
  step 1300/5004: loss=2.139766
  step 1400/5004: loss=2.378674
  step 1500/5004: loss=2.682263
  step 1600/5004: loss=2.716981
  step 1700/5004: loss=2.364226
  step 1800/5004: loss=2.319371
  step 1900/5004: loss=2.533077
  step 2000/5004: loss=2.482735
  step 2100/5004: loss=2.312377
  step 2200/5004: loss=2.281804
  step 2300/5004: loss=2.510375
  step 2400/5004: loss=2.561014
  step 2500/5004: loss=2.560717
  step 2600/5004: loss=2.626570
  step 2700/5004: loss=2.247910
  step 2800/5004: loss=2.687540
  step 2900/5004: loss=2.570036
  step 3000/5004: loss=2.342585
  step 3100/5004: loss=2.341402
  step 3200/5004: loss=2.363759
  step 3300/5004: loss=2.676692
  step 3400/5004: loss=2.552515
  step 3500/5004: loss=2.139088
  step 3600/5004: loss=2.467551
  step 3700/5004: loss=2.970168
  step 3800/5004: loss=2.605266
  step 3900/5004: loss=2.862173
  step 4000/5004: loss=2.403536
  step 4100/5004: loss=2.051054
  step 4200/5004: loss=2.774674
  step 4300/5004: loss=2.471954
  step 4400/5004: loss=2.546723
  step 4500/5004: loss=2.772346
  step 4600/5004: loss=2.219946
  step 4700/5004: loss=1.935761
  step 4800/5004: loss=2.384640
  step 4900/5004: loss=2.195465
  step 5000/5004: loss=2.339771
[pjrt_ffi] RESIDENT: @efficientnetin_fwd_eval holds 311 parameter tensors (20.3 MB) on 1 device; they stop crossing PCIe from here
Epoch 223/350: loss=2.420626 lr=0.001006
  epoch 223: test_acc = 37892/50000 = 75.784000%  top5 = 46328/50000 = 92.656000%  [95% CI 75.41–76.16]
    BN companion -> .lake/build/efficientnetin_emarmsdp64dropdobf16_ckpt_xla.bin.bn (42016 floats x 2, hash 15268664526899248168)
  step 0/5004: loss=2.530102
  step 1/5004: loss=2.783401
  step 2/5004: loss=2.323028
  step 100/5004: loss=2.459105
  step 200/5004: loss=2.498201
  step 300/5004: loss=2.557061
  step 400/5004: loss=2.301657
  step 500/5004: loss=2.904434
  step 600/5004: loss=2.720913
  step 700/5004: loss=2.440268
  step 800/5004: loss=2.469511
  step 900/5004: loss=2.371534
  step 1000/5004: loss=2.216963
  step 1100/5004: loss=2.466024
  step 1200/5004: loss=2.387045
  step 1300/5004: loss=2.408802
  step 1400/5004: loss=2.397865
  step 1500/5004: loss=2.737206
  step 1600/5004: loss=2.366091
  step 1700/5004: loss=2.853493
  step 1800/5004: loss=2.195598
  step 1900/5004: loss=2.585922
  step 2000/5004: loss=2.371462
  step 2100/5004: loss=2.675396
  step 2200/5004: loss=2.496582
  step 2300/5004: loss=2.791157
  step 2400/5004: loss=2.726707
  step 2500/5004: loss=2.052943
  step 2600/5004: loss=2.399195
  step 2700/5004: loss=2.415522
  step 2800/5004: loss=2.119862
  step 2900/5004: loss=2.644280
  step 3000/5004: loss=2.393725
  step 3100/5004: loss=2.256905
  step 3200/5004: loss=2.503210
  step 3300/5004: loss=2.104310
  step 3400/5004: loss=2.504746
  step 3500/5004: loss=2.234304
  step 3600/5004: loss=2.347792
  step 3700/5004: loss=2.338692
  step 3800/5004: loss=2.339357
  step 3900/5004: loss=1.948159
  step 4000/5004: loss=2.721263
  step 4100/5004: loss=2.582527
  step 4200/5004: loss=2.329353
  step 4300/5004: loss=2.256635
  step 4400/5004: loss=2.080643
  step 4500/5004: loss=2.337669
  step 4600/5004: loss=2.616638
  step 4700/5004: loss=2.653682
  step 4800/5004: loss=2.164742
  step 4900/5004: loss=2.130386
  step 5000/5004: loss=2.247221
[pjrt_ffi] RESIDENT: @efficientnetin_fwd_eval holds 311 parameter tensors (20.3 MB) on 1 device; they stop crossing PCIe from here
Epoch 224/350: loss=2.421155 lr=0.000993
  epoch 224: test_acc = 37874/50000 = 75.748000%  top5 = 46305/50000 = 92.610000%  [95% CI 75.37–76.12]
    BN companion -> .lake/build/efficientnetin_emarmsdp64dropdobf16_ckpt_xla.bin.bn (42016 floats x 2, hash 7506578171728884058)
  step 0/5004: loss=2.160870
  step 1/5004: loss=2.227666
  step 2/5004: loss=2.137050
  step 100/5004: loss=2.541879
  step 200/5004: loss=2.607004
  step 300/5004: loss=2.356121
  step 400/5004: loss=2.382605
  step 500/5004: loss=2.384460
  step 600/5004: loss=2.213439
  step 700/5004: loss=2.180487
  step 800/5004: loss=2.669162
  step 900/5004: loss=2.629519
  step 1000/5004: loss=2.653958
  step 1100/5004: loss=2.383586
  step 1200/5004: loss=2.437501
  step 1300/5004: loss=2.343456
  step 1400/5004: loss=2.227548
  step 1500/5004: loss=2.149396
  step 1600/5004: loss=2.727078
  step 1700/5004: loss=2.368371
  step 1800/5004: loss=2.248452
  step 1900/5004: loss=2.551421
  step 2000/5004: loss=2.371214
  step 2100/5004: loss=2.661480
  step 2200/5004: loss=2.677894
  step 2300/5004: loss=2.285142
  step 2400/5004: loss=2.286048
  step 2500/5004: loss=2.327940
  step 2600/5004: loss=2.373970
  step 2700/5004: loss=2.375346
  step 2800/5004: loss=2.417922
  step 2900/5004: loss=2.549345
  step 3000/5004: loss=2.405457
  step 3100/5004: loss=2.645490
  step 3200/5004: loss=2.457547
  step 3300/5004: loss=2.200478
  step 3400/5004: loss=2.337986
  step 3500/5004: loss=2.329767
  step 3600/5004: loss=2.350605
  step 3700/5004: loss=2.017383
  step 3800/5004: loss=2.293655
  step 3900/5004: loss=2.984105
  step 4000/5004: loss=2.457273
  step 4100/5004: loss=2.718264
  step 4200/5004: loss=2.217260
  step 4300/5004: loss=2.305907
  step 4400/5004: loss=2.290932
  step 4500/5004: loss=2.676014
  step 4600/5004: loss=2.297227
  step 4700/5004: loss=2.401054
  step 4800/5004: loss=2.372369
  step 4900/5004: loss=2.594970
  step 5000/5004: loss=2.145064
[pjrt_ffi] RESIDENT: @efficientnetin_fwd_eval holds 311 parameter tensors (20.3 MB) on 1 device; they stop crossing PCIe from here
Epoch 225/350: loss=2.412499 lr=0.000981
  epoch 225: test_acc = 37889/50000 = 75.778000%  top5 = 46323/50000 = 92.646000%  [95% CI 75.40–76.15]
    BN companion -> .lake/build/efficientnetin_emarmsdp64dropdobf16_ckpt_xla.bin.bn (42016 floats x 2, hash 1626980225562593041)
  step 0/5004: loss=2.306019
  step 1/5004: loss=2.593537
  step 2/5004: loss=2.902956
  step 100/5004: loss=2.416928
  step 200/5004: loss=2.511313
  step 300/5004: loss=2.472824
  step 400/5004: loss=2.646056
  step 500/5004: loss=2.433461
  step 600/5004: loss=2.585365
  step 700/5004: loss=2.248029
  step 800/5004: loss=2.412495
  step 900/5004: loss=2.539082
  step 1000/5004: loss=2.107451
  step 1100/5004: loss=2.236564
  step 1200/5004: loss=2.272395
  step 1300/5004: loss=2.371353
  step 1400/5004: loss=2.266174
  step 1500/5004: loss=2.125934
  step 1600/5004: loss=2.741074
  step 1700/5004: loss=2.478187
  step 1800/5004: loss=2.555127
  step 1900/5004: loss=2.498537
  step 2000/5004: loss=2.105981
  step 2100/5004: loss=2.326100
  step 2200/5004: loss=2.221787
  step 2300/5004: loss=2.151017
  step 2400/5004: loss=2.286047
  step 2500/5004: loss=2.616625
  step 2600/5004: loss=2.308382
  step 2700/5004: loss=2.090789
  step 2800/5004: loss=2.674467
  step 2900/5004: loss=2.593906
  step 3000/5004: loss=2.583587
  step 3100/5004: loss=2.439693
  step 3200/5004: loss=2.402138
  step 3300/5004: loss=2.357637
  step 3400/5004: loss=2.108099
  step 3500/5004: loss=2.632675
  step 3600/5004: loss=2.890300
  step 3700/5004: loss=2.359774
  step 3800/5004: loss=2.439482
  step 3900/5004: loss=2.309323
  step 4000/5004: loss=2.334257
  step 4100/5004: loss=2.265414
  step 4200/5004: loss=2.424363
  step 4300/5004: loss=2.422431
  step 4400/5004: loss=2.258748
  step 4500/5004: loss=2.561415
  step 4600/5004: loss=2.577004
  step 4700/5004: loss=2.662726
  step 4800/5004: loss=2.901289
  step 4900/5004: loss=2.286134
  step 5000/5004: loss=2.224148
[pjrt_ffi] RESIDENT: @efficientnetin_fwd_eval holds 311 parameter tensors (20.3 MB) on 1 device; they stop crossing PCIe from here
Epoch 226/350: loss=2.415475 lr=0.000968
  epoch 226: test_acc = 37915/50000 = 75.830000%  top5 = 46305/50000 = 92.610000%  [95% CI 75.45–76.20]
    BN companion -> .lake/build/efficientnetin_emarmsdp64dropdobf16_ckpt_xla.bin.bn (42016 floats x 2, hash 13742497900003985249)
  step 0/5004: loss=2.460285
  step 1/5004: loss=2.600861
  step 2/5004: loss=2.583171
  step 100/5004: loss=2.788499
  step 200/5004: loss=2.347610
  step 300/5004: loss=2.167980
  step 400/5004: loss=2.418700
  step 500/5004: loss=2.647312
  step 600/5004: loss=2.624665
  step 700/5004: loss=2.587184
  step 800/5004: loss=2.420519
  step 900/5004: loss=2.526601
  step 1000/5004: loss=2.181530
  step 1100/5004: loss=2.599987
  step 1200/5004: loss=2.458162
  step 1300/5004: loss=2.613655
  step 1400/5004: loss=2.504707
  step 1500/5004: loss=2.753658
  step 1600/5004: loss=2.273947
  step 1700/5004: loss=2.197109
  step 1800/5004: loss=2.342766
  step 1900/5004: loss=2.045975
  step 2000/5004: loss=1.954498
  step 2100/5004: loss=2.388635
  step 2200/5004: loss=2.160657
  step 2300/5004: loss=2.317617
  step 2400/5004: loss=2.172265
  step 2500/5004: loss=2.169287
  step 2600/5004: loss=2.467568
  step 2700/5004: loss=2.470130
  step 2800/5004: loss=2.866449
  step 2900/5004: loss=2.939950
  step 3000/5004: loss=2.478612
  step 3100/5004: loss=2.495092
  step 3200/5004: loss=2.685785
  step 3300/5004: loss=2.207944
  step 3400/5004: loss=2.177213
  step 3500/5004: loss=2.483695
  step 3600/5004: loss=2.477690
  step 3700/5004: loss=2.132006
  step 3800/5004: loss=2.575044
  step 3900/5004: loss=2.373001
  step 4000/5004: loss=2.585300
  step 4100/5004: loss=2.172190
  step 4200/5004: loss=2.311463
  step 4300/5004: loss=2.501371
  step 4400/5004: loss=2.353542
  step 4500/5004: loss=2.247117
  step 4600/5004: loss=2.601521
  step 4700/5004: loss=2.263636
  step 4800/5004: loss=2.378202
  step 4900/5004: loss=2.420438
  step 5000/5004: loss=2.392220
[pjrt_ffi] RESIDENT: @efficientnetin_fwd_eval holds 311 parameter tensors (20.3 MB) on 1 device; they stop crossing PCIe from here
Epoch 227/350: loss=2.416474 lr=0.000956
  epoch 227: test_acc = 37923/50000 = 75.846000%  top5 = 46306/50000 = 92.612000%  [95% CI 75.47–76.22]
    BN companion -> .lake/build/efficientnetin_emarmsdp64dropdobf16_ckpt_xla.bin.bn (42016 floats x 2, hash 11869448340011156908)
  step 0/5004: loss=2.424945
  step 1/5004: loss=2.570217
  step 2/5004: loss=2.450295
  step 100/5004: loss=2.330660
  step 200/5004: loss=2.170457
  step 300/5004: loss=2.040823
  step 400/5004: loss=2.112113
  step 500/5004: loss=2.135042
  step 600/5004: loss=2.271050
  step 700/5004: loss=2.322661
  step 800/5004: loss=2.652540
  step 900/5004: loss=2.217557
  step 1000/5004: loss=2.551369
  step 1100/5004: loss=2.371399
  step 1200/5004: loss=2.650557
  step 1300/5004: loss=2.456246
  step 1400/5004: loss=2.597272
  step 1500/5004: loss=2.027894
  step 1600/5004: loss=2.060510
  step 1700/5004: loss=2.035290
  step 1800/5004: loss=2.515089
  step 1900/5004: loss=2.204933
  step 2000/5004: loss=2.607848
  step 2100/5004: loss=2.461588
  step 2200/5004: loss=2.172295
  step 2300/5004: loss=2.638515
  step 2400/5004: loss=2.367585
  step 2500/5004: loss=2.422105
  step 2600/5004: loss=2.500386
  step 2700/5004: loss=2.353034
  step 2800/5004: loss=2.788593
  step 2900/5004: loss=2.258568
  step 3000/5004: loss=2.408051
  step 3100/5004: loss=2.420681
  step 3200/5004: loss=2.442530
  step 3300/5004: loss=2.561393
  step 3400/5004: loss=2.163505
  step 3500/5004: loss=2.369294
  step 3600/5004: loss=2.871024
  step 3700/5004: loss=2.293875
  step 3800/5004: loss=2.329301
  step 3900/5004: loss=2.224464
  step 4000/5004: loss=2.592561
  step 4100/5004: loss=2.430009
  step 4200/5004: loss=2.232839
  step 4300/5004: loss=2.103235
  step 4400/5004: loss=2.124066
  step 4500/5004: loss=2.769989
  step 4600/5004: loss=2.434188
  step 4700/5004: loss=2.243237
  step 4800/5004: loss=2.417498
  step 4900/5004: loss=2.651716
  step 5000/5004: loss=2.234033
[pjrt_ffi] RESIDENT: @efficientnetin_fwd_eval holds 311 parameter tensors (20.3 MB) on 1 device; they stop crossing PCIe from here
Epoch 228/350: loss=2.407074 lr=0.000944
  epoch 228: test_acc = 37926/50000 = 75.852000%  top5 = 46324/50000 = 92.648000%  [95% CI 75.47–76.23]
    BN companion -> .lake/build/efficientnetin_emarmsdp64dropdobf16_ckpt_xla.bin.bn (42016 floats x 2, hash 9362989123179985701)
  step 0/5004: loss=2.294959
  step 1/5004: loss=2.582058
  step 2/5004: loss=2.347955
  step 100/5004: loss=2.494030
  step 200/5004: loss=2.531066
  step 300/5004: loss=2.446522
  step 400/5004: loss=2.387950
  step 500/5004: loss=2.376956
  step 600/5004: loss=2.321923
  step 700/5004: loss=2.447187
  step 800/5004: loss=2.363068
  step 900/5004: loss=2.312345
  step 1000/5004: loss=2.718289
  step 1100/5004: loss=2.380062
  step 1200/5004: loss=2.537492
  step 1300/5004: loss=2.670808
  step 1400/5004: loss=2.664819
  step 1500/5004: loss=2.552887
  step 1600/5004: loss=2.746845
  step 1700/5004: loss=2.519220
  step 1800/5004: loss=2.238214
  step 1900/5004: loss=2.489832
  step 2000/5004: loss=1.974133
  step 2100/5004: loss=2.389308
  step 2200/5004: loss=2.505997
  step 2300/5004: loss=2.135040
  step 2400/5004: loss=2.559060
  step 2500/5004: loss=2.345319
  step 2600/5004: loss=2.372801
  step 2700/5004: loss=2.139305
  step 2800/5004: loss=2.618955
  step 2900/5004: loss=2.508518
  step 3000/5004: loss=2.284397
  step 3100/5004: loss=1.989311
  step 3200/5004: loss=2.520476
  step 3300/5004: loss=2.682363
  step 3400/5004: loss=2.147036
  step 3500/5004: loss=2.368081
  step 3600/5004: loss=2.444762
  step 3700/5004: loss=2.050158
  step 3800/5004: loss=2.600292
  step 3900/5004: loss=2.719575
  step 4000/5004: loss=2.388335
  step 4100/5004: loss=2.512840
  step 4200/5004: loss=1.976135
  step 4300/5004: loss=2.319893
  step 4400/5004: loss=2.814447
  step 4500/5004: loss=2.538687
  step 4600/5004: loss=2.163933
  step 4700/5004: loss=2.203693
  step 4800/5004: loss=2.465108
  step 4900/5004: loss=2.573385
  step 5000/5004: loss=2.116312
[pjrt_ffi] RESIDENT: @efficientnetin_fwd_eval holds 311 parameter tensors (20.3 MB) on 1 device; they stop crossing PCIe from here
Epoch 229/350: loss=2.405383 lr=0.000932
  epoch 229: test_acc = 37945/50000 = 75.890000%  top5 = 46342/50000 = 92.684000%  [95% CI 75.51–76.26]
    BN companion -> .lake/build/efficientnetin_emarmsdp64dropdobf16_ckpt_xla.bin.bn (42016 floats x 2, hash 3083930553073181504)
  step 0/5004: loss=2.617331
  step 1/5004: loss=2.790413
  step 2/5004: loss=2.454821
  step 100/5004: loss=2.423389
  step 200/5004: loss=2.557451
  step 300/5004: loss=2.362427
  step 400/5004: loss=2.257775
  step 500/5004: loss=2.302696
  step 600/5004: loss=2.466623
  step 700/5004: loss=3.063804
  step 800/5004: loss=2.424825
  step 900/5004: loss=2.651539
  step 1000/5004: loss=2.509207
  step 1100/5004: loss=2.380052
  step 1200/5004: loss=2.469602
  step 1300/5004: loss=2.327099
  step 1400/5004: loss=2.591428
  step 1500/5004: loss=2.334763
  step 1600/5004: loss=1.943600
  step 1700/5004: loss=2.260299
  step 1800/5004: loss=2.204386
  step 1900/5004: loss=2.445509
  step 2000/5004: loss=2.313411
  step 2100/5004: loss=2.435688
  step 2200/5004: loss=2.457968
  step 2300/5004: loss=2.612345
  step 2400/5004: loss=2.588956
  step 2500/5004: loss=2.192457
  step 2600/5004: loss=2.203999
  step 2700/5004: loss=2.179597
  step 2800/5004: loss=2.522600
  step 2900/5004: loss=2.220826
  step 3000/5004: loss=2.529322
  step 3100/5004: loss=2.082976
  step 3200/5004: loss=2.445436
  step 3300/5004: loss=2.701395
  step 3400/5004: loss=2.375465
  step 3500/5004: loss=2.468456
  step 3600/5004: loss=2.021584
  step 3700/5004: loss=2.302717
  step 3800/5004: loss=2.221647
  step 3900/5004: loss=2.477006
  step 4000/5004: loss=2.258476
  step 4100/5004: loss=2.591825
  step 4200/5004: loss=2.310899
  step 4300/5004: loss=2.414999
  step 4400/5004: loss=2.299758
  step 4500/5004: loss=2.453760
  step 4600/5004: loss=2.579873
  step 4700/5004: loss=2.575609
  step 4800/5004: loss=2.342352
  step 4900/5004: loss=2.423085
  step 5000/5004: loss=2.385814
[pjrt_ffi] RESIDENT: @efficientnetin_fwd_eval holds 311 parameter tensors (20.3 MB) on 1 device; they stop crossing PCIe from here
Epoch 230/350: loss=2.407350 lr=0.000920
  epoch 230: test_acc = 37951/50000 = 75.902000%  top5 = 46335/50000 = 92.670000%  [95% CI 75.53–76.27]
    BN companion -> .lake/build/efficientnetin_emarmsdp64dropdobf16_ckpt_xla.bin.bn (42016 floats x 2, hash 1374237140541596430)
  step 0/5004: loss=2.543562
  step 1/5004: loss=2.478157
  step 2/5004: loss=2.284888
  step 100/5004: loss=1.966617
  step 200/5004: loss=2.651391
  step 300/5004: loss=2.021841
  step 400/5004: loss=2.417685
  step 500/5004: loss=2.664759
  step 600/5004: loss=2.415121
  step 700/5004: loss=2.985562
  step 800/5004: loss=2.852172
  step 900/5004: loss=2.229902
  step 1000/5004: loss=2.412676
  step 1100/5004: loss=2.756444
  step 1200/5004: loss=2.215852
  step 1300/5004: loss=2.474954
  step 1400/5004: loss=2.558161
  step 1500/5004: loss=2.428569
  step 1600/5004: loss=3.012529
  step 1700/5004: loss=2.391131
  step 1800/5004: loss=2.358723
  step 1900/5004: loss=2.101713
  step 2000/5004: loss=2.445967
  step 2100/5004: loss=2.112533
  step 2200/5004: loss=2.368222
  step 2300/5004: loss=2.670242
  step 2400/5004: loss=2.688540
  step 2500/5004: loss=2.452063
  step 2600/5004: loss=2.450967
  step 2700/5004: loss=2.118947
  step 2800/5004: loss=2.489675
  step 2900/5004: loss=2.082787
  step 3000/5004: loss=2.636100
  step 3100/5004: loss=2.989778
  step 3200/5004: loss=2.272227
  step 3300/5004: loss=2.202935
  step 3400/5004: loss=2.848267
  step 3500/5004: loss=2.373822
  step 3600/5004: loss=2.425292
  step 3700/5004: loss=2.802502
  step 3800/5004: loss=2.254389
  step 3900/5004: loss=2.437370
  step 4000/5004: loss=2.775044
  step 4100/5004: loss=2.486735
  step 4200/5004: loss=2.392207
  step 4300/5004: loss=2.417967
  step 4400/5004: loss=2.627123
  step 4500/5004: loss=2.268056
  step 4600/5004: loss=2.432982
  step 4700/5004: loss=2.517142
  step 4800/5004: loss=2.507586
  step 4900/5004: loss=2.340672
  step 5000/5004: loss=2.482202
[pjrt_ffi] RESIDENT: @efficientnetin_fwd_eval holds 311 parameter tensors (20.3 MB) on 1 device; they stop crossing PCIe from here
Epoch 231/350: loss=2.407859 lr=0.000909
  epoch 231: test_acc = 37988/50000 = 75.976000%  top5 = 46345/50000 = 92.690000%  [95% CI 75.60–76.35]
    BN companion -> .lake/build/efficientnetin_emarmsdp64dropdobf16_ckpt_xla.bin.bn (42016 floats x 2, hash 8097657287331177138)
  step 0/5004: loss=2.483642
  step 1/5004: loss=2.533803
  step 2/5004: loss=2.319330
  step 100/5004: loss=2.380125
  step 200/5004: loss=2.424158
  step 300/5004: loss=2.390976
  step 400/5004: loss=2.445326
  step 500/5004: loss=2.474633
  step 600/5004: loss=2.402527
  step 700/5004: loss=2.552304
  step 800/5004: loss=2.468627
  step 900/5004: loss=2.318308
  step 1000/5004: loss=2.409108
  step 1100/5004: loss=2.552590
  step 1200/5004: loss=2.582957
  step 1300/5004: loss=2.212613
  step 1400/5004: loss=2.558063
  step 1500/5004: loss=2.230947
  step 1600/5004: loss=2.368146
  step 1700/5004: loss=2.430438
  step 1800/5004: loss=2.480674
  step 1900/5004: loss=2.204005
  step 2000/5004: loss=2.430903
  step 2100/5004: loss=2.403934
  step 2200/5004: loss=2.140179
  step 2300/5004: loss=2.313438
  step 2400/5004: loss=2.767325
  step 2500/5004: loss=2.318357
  step 2600/5004: loss=2.271418
  step 2700/5004: loss=2.732714
  step 2800/5004: loss=2.162142
  step 2900/5004: loss=2.503916
  step 3000/5004: loss=2.352634
  step 3100/5004: loss=2.537242
  step 3200/5004: loss=2.243476
  step 3300/5004: loss=2.154543
  step 3400/5004: loss=2.281848
  step 3500/5004: loss=2.217049
  step 3600/5004: loss=2.381853
  step 3700/5004: loss=2.455034
  step 3800/5004: loss=2.380200
  step 3900/5004: loss=2.821770
  step 4000/5004: loss=2.814759
  step 4100/5004: loss=2.768381
  step 4200/5004: loss=2.069208
  step 4300/5004: loss=2.472147
  step 4400/5004: loss=2.556692
  step 4500/5004: loss=2.441587
  step 4600/5004: loss=2.386927
  step 4700/5004: loss=2.481939
  step 4800/5004: loss=2.331326
  step 4900/5004: loss=2.448988
  step 5000/5004: loss=2.458072
[pjrt_ffi] RESIDENT: @efficientnetin_fwd_eval holds 311 parameter tensors (20.3 MB) on 1 device; they stop crossing PCIe from here
Epoch 232/350: loss=2.404792 lr=0.000897
  epoch 232: test_acc = 37965/50000 = 75.930000%  top5 = 46360/50000 = 92.720000%  [95% CI 75.55–76.30]
    BN companion -> .lake/build/efficientnetin_emarmsdp64dropdobf16_ckpt_xla.bin.bn (42016 floats x 2, hash 10325434278356074589)
  step 0/5004: loss=2.401605
  step 1/5004: loss=2.302104
  step 2/5004: loss=2.110802
  step 100/5004: loss=2.472176
  step 200/5004: loss=2.270725
  step 300/5004: loss=2.439233
  step 400/5004: loss=2.263595
  step 500/5004: loss=2.323661
  step 600/5004: loss=2.393593
  step 700/5004: loss=2.136067
  step 800/5004: loss=2.344422
  step 900/5004: loss=2.654959
  step 1000/5004: loss=2.304766
  step 1100/5004: loss=2.385047
  step 1200/5004: loss=2.199378
  step 1300/5004: loss=2.607466
  step 1400/5004: loss=2.359179
  step 1500/5004: loss=2.034278
  step 1600/5004: loss=2.470989
  step 1700/5004: loss=1.951374
  step 1800/5004: loss=2.603148
  step 1900/5004: loss=2.538249
  step 2000/5004: loss=2.237370
  step 2100/5004: loss=2.471705
  step 2200/5004: loss=2.299559
  step 2300/5004: loss=2.694601
  step 2400/5004: loss=2.316400
  step 2500/5004: loss=2.615522
  step 2600/5004: loss=2.548754
  step 2700/5004: loss=2.591785
  step 2800/5004: loss=2.189988
  step 2900/5004: loss=2.284775
  step 3000/5004: loss=1.964021
  step 3100/5004: loss=2.238275
  step 3200/5004: loss=2.460398
  step 3300/5004: loss=2.316007
  step 3400/5004: loss=2.195385
  step 3500/5004: loss=2.371660
  step 3600/5004: loss=2.606072
  step 3700/5004: loss=2.396279
  step 3800/5004: loss=2.498236
  step 3900/5004: loss=2.598066
  step 4000/5004: loss=2.214503
  step 4100/5004: loss=2.040364
  step 4200/5004: loss=2.682750
  step 4300/5004: loss=2.472481
  step 4400/5004: loss=2.701112
  step 4500/5004: loss=2.624089
  step 4600/5004: loss=2.641970
  step 4700/5004: loss=2.590241
  step 4800/5004: loss=2.569005
  step 4900/5004: loss=2.620373
  step 5000/5004: loss=2.419818
[pjrt_ffi] RESIDENT: @efficientnetin_fwd_eval holds 311 parameter tensors (20.3 MB) on 1 device; they stop crossing PCIe from here
Epoch 233/350: loss=2.396730 lr=0.000886
  epoch 233: test_acc = 37972/50000 = 75.944000%  top5 = 46360/50000 = 92.720000%  [95% CI 75.57–76.32]
    BN companion -> .lake/build/efficientnetin_emarmsdp64dropdobf16_ckpt_xla.bin.bn (42016 floats x 2, hash 8957762252942721854)
  step 0/5004: loss=2.530987
  step 1/5004: loss=2.549933
  step 2/5004: loss=2.273237
  step 100/5004: loss=2.575973
  step 200/5004: loss=2.220821
  step 300/5004: loss=2.141175
  step 400/5004: loss=2.337671
  step 500/5004: loss=2.448637
  step 600/5004: loss=2.405381
  step 700/5004: loss=2.335485
  step 800/5004: loss=2.152317
  step 900/5004: loss=2.206757
  step 1000/5004: loss=2.433652
  step 1100/5004: loss=2.298028
  step 1200/5004: loss=2.401899
  step 1300/5004: loss=2.283296
  step 1400/5004: loss=2.380380
  step 1500/5004: loss=2.277383
  step 1600/5004: loss=2.463903
  step 1700/5004: loss=2.167618
  step 1800/5004: loss=2.374805
  step 1900/5004: loss=2.332309
  step 2000/5004: loss=1.989998
  step 2100/5004: loss=2.561512
  step 2200/5004: loss=2.587723
  step 2300/5004: loss=2.730744
  step 2400/5004: loss=2.512444
  step 2500/5004: loss=2.635262
  step 2600/5004: loss=2.511761
  step 2700/5004: loss=2.540740
  step 2800/5004: loss=2.735810
  step 2900/5004: loss=2.478352
  step 3000/5004: loss=2.098003
  step 3100/5004: loss=2.412963
  step 3200/5004: loss=2.269084
  step 3300/5004: loss=2.679761
  step 3400/5004: loss=2.697920
  step 3500/5004: loss=2.207428
  step 3600/5004: loss=2.053214
  step 3700/5004: loss=2.311299
  step 3800/5004: loss=2.568729
  step 3900/5004: loss=1.999104
  step 4000/5004: loss=2.301681
  step 4100/5004: loss=2.292664
  step 4200/5004: loss=2.165507
  step 4300/5004: loss=2.276431
  step 4400/5004: loss=2.804991
  step 4500/5004: loss=2.351870
  step 4600/5004: loss=2.504204
  step 4700/5004: loss=2.333134
  step 4800/5004: loss=2.175929
  step 4900/5004: loss=2.244943
  step 5000/5004: loss=2.128910
[pjrt_ffi] RESIDENT: @efficientnetin_fwd_eval holds 311 parameter tensors (20.3 MB) on 1 device; they stop crossing PCIe from here
Epoch 234/350: loss=2.397600 lr=0.000875
  epoch 234: test_acc = 38007/50000 = 76.014000%  top5 = 46367/50000 = 92.734000%  [95% CI 75.64–76.39]
    BN companion -> .lake/build/efficientnetin_emarmsdp64dropdobf16_ckpt_xla.bin.bn (42016 floats x 2, hash 13015187733369631435)
  step 0/5004: loss=2.055695
  step 1/5004: loss=2.152271
  step 2/5004: loss=2.475914
  step 100/5004: loss=2.584903
  step 200/5004: loss=2.411901
  step 300/5004: loss=2.368611
  step 400/5004: loss=2.743193
  step 500/5004: loss=2.693941
  step 600/5004: loss=2.315939
  step 700/5004: loss=2.359288
  step 800/5004: loss=2.478478
  step 900/5004: loss=2.538237
  step 1000/5004: loss=2.420574
  step 1100/5004: loss=2.206398
  step 1200/5004: loss=2.332670
  step 1300/5004: loss=2.477324
  step 1400/5004: loss=2.624422
  step 1500/5004: loss=2.588180
  step 1600/5004: loss=2.463436
  step 1700/5004: loss=2.264661
  step 1800/5004: loss=2.628328
  step 1900/5004: loss=2.359334
  step 2000/5004: loss=2.228018
  step 2100/5004: loss=2.574857
  step 2200/5004: loss=2.243058
  step 2300/5004: loss=2.683075
  step 2400/5004: loss=2.329852
  step 2500/5004: loss=2.388839
  step 2600/5004: loss=2.710149
  step 2700/5004: loss=2.461930
  step 2800/5004: loss=2.367271
  step 2900/5004: loss=2.539285
  step 3000/5004: loss=2.338860
  step 3100/5004: loss=2.408659
  step 3200/5004: loss=2.469831
  step 3300/5004: loss=2.110534
  step 3400/5004: loss=2.049901
  step 3500/5004: loss=2.644800
  step 3600/5004: loss=2.803820
  step 3700/5004: loss=2.252830
  step 3800/5004: loss=2.448497
  step 3900/5004: loss=2.306807
  step 4000/5004: loss=2.348154
  step 4100/5004: loss=2.630536
  step 4200/5004: loss=2.581829
  step 4300/5004: loss=2.492780
  step 4400/5004: loss=2.570922
  step 4500/5004: loss=2.628460
  step 4600/5004: loss=2.846884
  step 4700/5004: loss=2.342642
  step 4800/5004: loss=2.649780
  step 4900/5004: loss=2.418850
  step 5000/5004: loss=2.190557
[pjrt_ffi] RESIDENT: @efficientnetin_fwd_eval holds 311 parameter tensors (20.3 MB) on 1 device; they stop crossing PCIe from here
Epoch 235/350: loss=2.393107 lr=0.000864
  epoch 235: test_acc = 37981/50000 = 75.962000%  top5 = 46371/50000 = 92.742000%  [95% CI 75.59–76.33]
    BN companion -> .lake/build/efficientnetin_emarmsdp64dropdobf16_ckpt_xla.bin.bn (42016 floats x 2, hash 5624558470318871691)
  step 0/5004: loss=2.038766
  step 1/5004: loss=2.621060
  step 2/5004: loss=2.467674
  step 100/5004: loss=2.624179
  step 200/5004: loss=2.484802
  step 300/5004: loss=2.611683
  step 400/5004: loss=2.233319
  step 500/5004: loss=2.764091
  step 600/5004: loss=2.470000
  step 700/5004: loss=2.313097
  step 800/5004: loss=2.704133
  step 900/5004: loss=2.620381
  step 1000/5004: loss=2.451054
  step 1100/5004: loss=1.977499
  step 1200/5004: loss=2.019973
  step 1300/5004: loss=2.617292
  step 1400/5004: loss=2.493130
  step 1500/5004: loss=2.526468
  step 1600/5004: loss=2.568188
  step 1700/5004: loss=2.434635
  step 1800/5004: loss=2.587323
  step 1900/5004: loss=2.525144
  step 2000/5004: loss=2.674206
  step 2100/5004: loss=2.411077
  step 2200/5004: loss=2.697623
  step 2300/5004: loss=2.128055
  step 2400/5004: loss=2.142560
  step 2500/5004: loss=2.195626
  step 2600/5004: loss=2.542246
  step 2700/5004: loss=2.460789
  step 2800/5004: loss=2.393284
  step 2900/5004: loss=2.501111
  step 3000/5004: loss=2.371288
  step 3100/5004: loss=2.335656
  step 3200/5004: loss=2.345111
  step 3300/5004: loss=2.499763
  step 3400/5004: loss=2.288441
  step 3500/5004: loss=2.356196
  step 3600/5004: loss=2.252629
  step 3700/5004: loss=2.574702
  step 3800/5004: loss=2.525960
  step 3900/5004: loss=2.318279
  step 4000/5004: loss=2.219618
  step 4100/5004: loss=2.093909
  step 4200/5004: loss=2.193997
  step 4300/5004: loss=2.679636
  step 4400/5004: loss=2.518557
  step 4500/5004: loss=2.559283
  step 4600/5004: loss=2.362912
  step 4700/5004: loss=2.334291
  step 4800/5004: loss=1.997897
  step 4900/5004: loss=2.301974
  step 5000/5004: loss=2.284953
[pjrt_ffi] RESIDENT: @efficientnetin_fwd_eval holds 311 parameter tensors (20.3 MB) on 1 device; they stop crossing PCIe from here
Epoch 236/350: loss=2.392652 lr=0.000853
  epoch 236: test_acc = 37978/50000 = 75.956000%  top5 = 46383/50000 = 92.766000%  [95% CI 75.58–76.33]
    BN companion -> .lake/build/efficientnetin_emarmsdp64dropdobf16_ckpt_xla.bin.bn (42016 floats x 2, hash 1461602716709933266)
  step 0/5004: loss=2.263991
  step 1/5004: loss=1.994914
  step 2/5004: loss=2.435213
  step 100/5004: loss=2.654804
  step 200/5004: loss=2.242979
  step 300/5004: loss=2.305606
  step 400/5004: loss=2.463159
  step 500/5004: loss=2.736863
  step 600/5004: loss=2.618700
  step 700/5004: loss=2.191436
  step 800/5004: loss=2.180180
  step 900/5004: loss=2.423955
  step 1000/5004: loss=2.489271
  step 1100/5004: loss=2.682980
  step 1200/5004: loss=2.862772
  step 1300/5004: loss=2.579550
  step 1400/5004: loss=2.211230
  step 1500/5004: loss=2.542049
  step 1600/5004: loss=2.261629
  step 1700/5004: loss=2.158262
  step 1800/5004: loss=2.204037
  step 1900/5004: loss=2.505478
  step 2000/5004: loss=2.226091
  step 2100/5004: loss=2.562085
  step 2200/5004: loss=2.775101
  step 2300/5004: loss=2.132800
  step 2400/5004: loss=2.480383
  step 2500/5004: loss=2.230156
  step 2600/5004: loss=2.117665
  step 2700/5004: loss=2.466961
  step 2800/5004: loss=2.354854
  step 2900/5004: loss=2.431238
  step 3000/5004: loss=2.273933
  step 3100/5004: loss=2.596284
  step 3200/5004: loss=2.544023
  step 3300/5004: loss=2.291845
  step 3400/5004: loss=2.630007
  step 3500/5004: loss=2.659045
  step 3600/5004: loss=2.289507
  step 3700/5004: loss=2.136708
  step 3800/5004: loss=2.615183
  step 3900/5004: loss=2.762663
  step 4000/5004: loss=2.326814
  step 4100/5004: loss=2.128719
  step 4200/5004: loss=2.165835
  step 4300/5004: loss=2.448565
  step 4400/5004: loss=2.161826
  step 4500/5004: loss=2.070775
  step 4600/5004: loss=2.273652
  step 4700/5004: loss=2.359324
  step 4800/5004: loss=2.696647
  step 4900/5004: loss=2.364693
  step 5000/5004: loss=2.199235
[pjrt_ffi] RESIDENT: @efficientnetin_fwd_eval holds 311 parameter tensors (20.3 MB) on 1 device; they stop crossing PCIe from here
Epoch 237/350: loss=2.396537 lr=0.000842
  epoch 237: test_acc = 37981/50000 = 75.962000%  top5 = 46390/50000 = 92.780000%  [95% CI 75.59–76.33]
    BN companion -> .lake/build/efficientnetin_emarmsdp64dropdobf16_ckpt_xla.bin.bn (42016 floats x 2, hash 12836487979816451649)
  step 0/5004: loss=2.633773
  step 1/5004: loss=2.477462
  step 2/5004: loss=1.979154
  step 100/5004: loss=2.618967
  step 200/5004: loss=2.216104
  step 300/5004: loss=2.651883
  step 400/5004: loss=2.402197
  step 500/5004: loss=2.416395
  step 600/5004: loss=2.244233
  step 700/5004: loss=2.971647
  step 800/5004: loss=2.504992
  step 900/5004: loss=2.396450
  step 1000/5004: loss=2.484060
  step 1100/5004: loss=2.261239
  step 1200/5004: loss=3.001778
  step 1300/5004: loss=2.569680
  step 1400/5004: loss=2.277094
  step 1500/5004: loss=2.573524
  step 1600/5004: loss=2.045228
  step 1700/5004: loss=2.376074
  step 1800/5004: loss=2.544046
  step 1900/5004: loss=2.680012
  step 2000/5004: loss=2.229308
  step 2100/5004: loss=2.390136
  step 2200/5004: loss=2.573443
  step 2300/5004: loss=2.212686
  step 2400/5004: loss=2.427698
  step 2500/5004: loss=2.594056
  step 2600/5004: loss=2.597239
  step 2700/5004: loss=2.015789
  step 2800/5004: loss=2.258265
  step 2900/5004: loss=2.357692
  step 3000/5004: loss=2.341340
  step 3100/5004: loss=2.451972
  step 3200/5004: loss=2.328294
  step 3300/5004: loss=2.333212
  step 3400/5004: loss=2.395383
  step 3500/5004: loss=2.100828
  step 3600/5004: loss=2.640142
  step 3700/5004: loss=2.206795
  step 3800/5004: loss=2.409838
  step 3900/5004: loss=2.557133
  step 4000/5004: loss=2.759163
  step 4100/5004: loss=2.467110
  step 4200/5004: loss=2.575581
  step 4300/5004: loss=2.386732
  step 4400/5004: loss=2.361991
  step 4500/5004: loss=2.423986
  step 4600/5004: loss=2.350236
  step 4700/5004: loss=2.084440
  step 4800/5004: loss=1.972627
  step 4900/5004: loss=2.227791
  step 5000/5004: loss=2.572716
[pjrt_ffi] RESIDENT: @efficientnetin_fwd_eval holds 311 parameter tensors (20.3 MB) on 1 device; they stop crossing PCIe from here
Epoch 238/350: loss=2.396052 lr=0.000832
  epoch 238: test_acc = 37997/50000 = 75.994000%  top5 = 46378/50000 = 92.756000%  [95% CI 75.62–76.37]
    BN companion -> .lake/build/efficientnetin_emarmsdp64dropdobf16_ckpt_xla.bin.bn (42016 floats x 2, hash 2825433182460668807)
  step 0/5004: loss=2.285159
  step 1/5004: loss=2.520083
  step 2/5004: loss=2.533367
  step 100/5004: loss=1.928738
  step 200/5004: loss=2.654323
  step 300/5004: loss=2.503294
  step 400/5004: loss=2.291318
  step 500/5004: loss=2.704261
  step 600/5004: loss=2.404990
  step 700/5004: loss=2.396456
  step 800/5004: loss=2.450596
  step 900/5004: loss=2.405563
  step 1000/5004: loss=2.419168
  step 1100/5004: loss=2.597952
  step 1200/5004: loss=2.358631
  step 1300/5004: loss=2.287703
  step 1400/5004: loss=2.214738
  step 1500/5004: loss=2.169991
  step 1600/5004: loss=2.378548
  step 1700/5004: loss=2.175049
  step 1800/5004: loss=2.785779
  step 1900/5004: loss=2.437346
  step 2000/5004: loss=2.484258
  step 2100/5004: loss=2.255998
  step 2200/5004: loss=2.541409
  step 2300/5004: loss=2.606847
  step 2400/5004: loss=2.531412
  step 2500/5004: loss=2.794720
  step 2600/5004: loss=2.417017
  step 2700/5004: loss=2.331545
  step 2800/5004: loss=2.559598
  step 2900/5004: loss=2.560223
  step 3000/5004: loss=2.666988
  step 3100/5004: loss=2.116834
  step 3200/5004: loss=2.546151
  step 3300/5004: loss=2.178393
  step 3400/5004: loss=2.420272
  step 3500/5004: loss=2.663973
  step 3600/5004: loss=2.048558
  step 3700/5004: loss=2.389484
  step 3800/5004: loss=2.159630
  step 3900/5004: loss=2.466876
  step 4000/5004: loss=2.720778
  step 4100/5004: loss=1.941516
  step 4200/5004: loss=2.481335
  step 4300/5004: loss=2.568490
  step 4400/5004: loss=2.122237
  step 4500/5004: loss=2.217646
  step 4600/5004: loss=1.941542
  step 4700/5004: loss=2.631579
  step 4800/5004: loss=2.404407
  step 4900/5004: loss=2.291657
  step 5000/5004: loss=2.268261
[pjrt_ffi] RESIDENT: @efficientnetin_fwd_eval holds 311 parameter tensors (20.3 MB) on 1 device; they stop crossing PCIe from here
Epoch 239/350: loss=2.392595 lr=0.000821
  epoch 239: test_acc = 38005/50000 = 76.010000%  top5 = 46394/50000 = 92.788000%  [95% CI 75.63–76.38]
    BN companion -> .lake/build/efficientnetin_emarmsdp64dropdobf16_ckpt_xla.bin.bn (42016 floats x 2, hash 15113874592260053696)
  step 0/5004: loss=2.499615
  step 1/5004: loss=2.464245
  step 2/5004: loss=2.206855
  step 100/5004: loss=2.633422
  step 200/5004: loss=2.225581
  step 300/5004: loss=2.282624
  step 400/5004: loss=2.513252
  step 500/5004: loss=2.432523
  step 600/5004: loss=2.384409
  step 700/5004: loss=2.377131
  step 800/5004: loss=2.222666
  step 900/5004: loss=2.614664
  step 1000/5004: loss=2.543727
  step 1100/5004: loss=2.545081
  step 1200/5004: loss=2.274531
  step 1300/5004: loss=2.264476
  step 1400/5004: loss=2.418873
  step 1500/5004: loss=2.620380
  step 1600/5004: loss=2.376994
  step 1700/5004: loss=1.908128
  step 1800/5004: loss=2.392822
  step 1900/5004: loss=2.201140
  step 2000/5004: loss=2.380220
  step 2100/5004: loss=2.187514
  step 2200/5004: loss=2.107881
  step 2300/5004: loss=2.604670
  step 2400/5004: loss=2.480108
  step 2500/5004: loss=2.241816
  step 2600/5004: loss=2.311811
  step 2700/5004: loss=2.543995
  step 2800/5004: loss=2.377566
  step 2900/5004: loss=2.190644
  step 3000/5004: loss=2.510079
  step 3100/5004: loss=2.569539
  step 3200/5004: loss=2.354673
  step 3300/5004: loss=2.558015
  step 3400/5004: loss=2.419989
  step 3500/5004: loss=2.672338
  step 3600/5004: loss=2.349378
  step 3700/5004: loss=2.203022
  step 3800/5004: loss=2.196984
  step 3900/5004: loss=2.305190
  step 4000/5004: loss=2.180575
  step 4100/5004: loss=2.596562
  step 4200/5004: loss=2.282076
  step 4300/5004: loss=2.108812
  step 4400/5004: loss=2.126106
  step 4500/5004: loss=2.642686
  step 4600/5004: loss=2.285755
  step 4700/5004: loss=2.266609
  step 4800/5004: loss=2.373042
  step 4900/5004: loss=1.949622
  step 5000/5004: loss=2.612955
[pjrt_ffi] RESIDENT: @efficientnetin_fwd_eval holds 311 parameter tensors (20.3 MB) on 1 device; they stop crossing PCIe from here
Epoch 240/350: loss=2.383549 lr=0.000811
  epoch 240: test_acc = 37993/50000 = 75.986000%  top5 = 46381/50000 = 92.762000%  [95% CI 75.61–76.36]
    BN companion -> .lake/build/efficientnetin_emarmsdp64dropdobf16_ckpt_xla.bin.bn (42016 floats x 2, hash 9883855342606314198)
  step 0/5004: loss=2.284411
  step 1/5004: loss=2.624641
  step 2/5004: loss=2.520972
===== 2026-09-15 02:40:31 attempt 5 (from epoch 240) =====
I0915 02:40:32.765842 3159882 service.cc:154] XLA service 0x753ffc052930 initialized for platform CUDA (this does not guarantee that XLA will be used). Devices:
I0915 02:40:32.765867 3159882 service.cc:170]   StreamExecutor [0]: NVIDIA GeForce RTX 3060, Compute Capability 8.6 (Driver: 13.3.0[610.57.4]; Runtime: 13.3.0; Toolkit: 13.0.0; DNN: 9.24.0)
I0915 02:40:32.765870 3159882 service.cc:170]   StreamExecutor [1]: NVIDIA GeForce RTX 3060, Compute Capability 8.6 (Driver: 13.3.0[610.57.4]; Runtime: 13.3.0; Toolkit: 13.0.0; DNN: 9.24.0)
I0915 02:40:32.765872 3159882 service.cc:170]   StreamExecutor [2]: NVIDIA GeForce RTX 3060, Compute Capability 8.6 (Driver: 13.3.0[610.57.4]; Runtime: 13.3.0; Toolkit: 13.0.0; DNN: 9.24.0)
I0915 02:40:32.765873 3159882 service.cc:170]   StreamExecutor [3]: NVIDIA GeForce RTX 3060, Compute Capability 8.6 (Driver: 13.3.0[610.57.4]; Runtime: 13.3.0; Toolkit: 13.0.0; DNN: 9.24.0)
I0915 02:40:32.769086 3159882 se_gpu_pjrt_client.cc:1450] Using BFC allocator.
I0915 02:40:32.769127 3159882 gpu_helpers.cc:162] XLA backend allocating 8.72GiB (9365880832 bytes) on device 0 for BFCAllocator.
I0915 02:40:32.769164 3159882 gpu_helpers.cc:162] XLA backend allocating 8.72GiB (9365880832 bytes) on device 1 for BFCAllocator.
I0915 02:40:32.769174 3159882 gpu_helpers.cc:162] XLA backend allocating 8.72GiB (9365880832 bytes) on device 2 for BFCAllocator.
I0915 02:40:32.769185 3159882 gpu_helpers.cc:162] XLA backend allocating 8.72GiB (9365880832 bytes) on device 3 for BFCAllocator.
[pjrt_ffi] XLA backend: PJRT 0.114, 4 device(s)
[pjrt_ffi] command buffers: enabled (CUDA default)
I0915 02:40:32.888233 3159882 se_gpu_pjrt_compiler.cc:382] Found GPU target config and a PjRtClient with matching configuration. Performing a JIT compilation.
I0915 02:40:35.474054 3159882 cuda_dnn.cc:442] Loaded cuDNN version 92400
W0915 02:40:36.807151 3159949 cuda_timer.cc:88] Delay kernel timed out: measured time has sub-optimal accuracy. There may be a missing warmup execution, please investigate in Nsight Systems.
W0915 02:40:36.937102 3159949 cuda_timer.cc:88] Delay kernel timed out: measured time has sub-optimal accuracy. There may be a missing warmup execution, please investigate in Nsight Systems.
W0915 02:40:37.928457 3159949 cuda_timer.cc:88] Delay kernel timed out: measured time has sub-optimal accuracy. There may be a missing warmup execution, please investigate in Nsight Systems.
W0915 02:40:38.034061 3159949 cuda_timer.cc:88] Delay kernel timed out: measured time has sub-optimal accuracy. There may be a missing warmup execution, please investigate in Nsight Systems.
I0915 02:40:38.359328 3159963 subprocess_compilation.cc:349] ptxas warning : Registers are spilled to local memory in function 'gemm_fusion_dot_44', 96 bytes spill stores, 64 bytes spill loads

I0915 02:40:38.500287 3159943 subprocess_compilation.cc:349] ptxas warning : Registers are spilled to local memory in function 'gemm_fusion_dot_44', 96 bytes spill stores, 64 bytes spill loads

W0915 02:40:39.256806 3159949 cuda_timer.cc:88] Delay kernel timed out: measured time has sub-optimal accuracy. There may be a missing warmup execution, please investigate in Nsight Systems.
I0915 02:40:42.870709 3159949 subprocess_compilation.cc:349] ptxas warning : Registers are spilled to local memory in function 'gemm_fusion_dot_45', 128 bytes spill stores, 72 bytes spill loads

[pjrt_ffi] compiled verified_mlir/efficientnetin_emarmsdp64dropdobf16_train_step.mlir (@efficientnetin_emarmsdp64dropdobf16_train_step, 965 outputs, 4 replicas) in 38099 ms
I0915 02:41:11.243731 3159942 subprocess_compilation.cc:349] ptxas warning : Registers are spilled to local memory in function 'gemm_fusion_dot_10', 12 bytes spill stores, 12 bytes spill loads

I0915 02:41:11.333858 3159954 subprocess_compilation.cc:349] ptxas warning : Registers are spilled to local memory in function 'gemm_fusion_dot_10', 64 bytes spill stores, 64 bytes spill loads

I0915 02:41:11.475334 3159945 subprocess_compilation.cc:349] ptxas warning : Registers are spilled to local memory in function 'gemm_fusion_dot_10', 128 bytes spill stores, 84 bytes spill loads

[pjrt_ffi] compiled verified_mlir/efficientnetin_fwd.mlir (@efficientnetin_fwd, 1 outputs, 1 replica) in 6262 ms
[pjrt_ffi] compiled verified_mlir/efficientnetin_fwd_eval.mlir (@efficientnetin_fwd_eval, 1 outputs, 1 replica) in 521 ms
WARNING: All log messages before absl::InitializeLog() is called are written to STDERR
I0000 00:00:1789440078.265617 3162965 port.cc:153] oneDNN custom operations are on. You may see slightly different numerical results due to floating-point round-off errors from different computation orders. To turn them off, set the environment variable `TF_ENABLE_ONEDNN_OPTS=0`.
I0000 00:00:1789440078.489117 3162965 cpu_feature_guard.cc:227] This TensorFlow binary is optimized to use available CPU instructions in performance-critical operations.
To enable the following instructions: AVX2 AVX512F AVX512_VNNI AVX512_BF16 AVX512_FP16 AVX_VNNI AMX_TILE AMX_INT8 AMX_BF16 FMA, in other operations, rebuild TensorFlow with the appropriate compiler flags.
WARNING: All log messages before absl::InitializeLog() is called are written to STDERR
I0000 00:00:1789440080.193861 3162965 port.cc:153] oneDNN custom operations are on. You may see slightly different numerical results due to floating-point round-off errors from different computation orders. To turn them off, set the environment variable `TF_ENABLE_ONEDNN_OPTS=0`.
I0000 00:00:1789440080.969710 3163103 tf_record_dataset_op.cc:396] The default buffer size is 262144, which is overridden by the user specified `buffer_size` of 8388608
EfficientNet-B0 on full 1000-class ImageNet via the VERIFIED renderer → XLA/PJRT → GPU, with the tfds batch shim supplying the same augmentation the Lean→JAX reference trainer uses
  xla/pjrt verified_mlir/efficientnetin_emarmsdp64dropdobf16_train_step.mlir
  xla/pjrt verified_mlir/efficientnetin_fwd.mlir
  xla/pjrt verified_mlir/efficientnetin_fwd_eval.mlir
  imagenet shim: jax/.lake/build/generated_efficientnet_b0_imagenet_shim.py — validation split, batch 256, 150528 floats/img (seed 0)
  imagenet: draining the val split into RAM (~30 GB, one time)…
  imagenet: val ready — 50000 images, 28710 MB
  ▸ val = all 50,000 (timm's denominator; drop_remainder=False on the val split)
  train 1281167, test 50000; bs 64, EfficientNet-B0 (ImageNet-1k) emarmsdp64dropdobf16 (exp x0.970000/2.400000ep+warmup 5ep, baseLR 0.016000), He init
  ▸ RMSPROP: m = momentum buffer (init 0), v = running MEAN-SQUARE (init 1.0, TF convention — this optimizer is not bias-corrected)
  ▸ STOCHASTIC DEPTH: 9 drop sites, keeps #[0.973000, 0.947000, 0.920000, 0.907000, 0.880000, 0.867000, 0.840000, 0.827000, 0.813000] — host-drawn per step, 1/keep folded in, NOT on the resident path. Eval is the identity (drop-free forward).
  ▸ CLASSIFIER DROPOUT: keep 0.800000, mask tensor<256x1280xf32> (PER-ELEMENT, one Bernoulli per example×feature — not per-example like the drop scales), host-drawn per step at seed+999983, 1/keep folded in. Eval is the identity (drop-free forward).
  ▸ EMA: region 3 of 4 [θ|m|v|ema], shadow starts AT the weights, decay min(0.999900, (1+t)/(10+t)) — TF warmup-corrected. EVAL AND CHECKPOINT SCORE THE SHADOW.
  running-stats BN: 49 layers, 42016 stat floats → eval via @efficientnetin_fwd_eval
     decay 0.990000 (TF sense; = PyTorch/timm momentum 0.010000), new-batch weight 0.010000
  DATA-PARALLEL: 4 replicas x bs 64 = global batch 256, 5004 steps/epoch
  ▸ resuming from checkpoint at epoch 240
  ▸ resumed BN running stats + ema_bn from .lake/build/efficientnetin_emarmsdp64dropdobf16_ckpt_xla.bin.bn (hash 9883855342606314198)
WARNING: All log messages before absl::InitializeLog() is called are written to STDERR
I0000 00:00:1789440117.878502 3163278 port.cc:153] oneDNN custom operations are on. You may see slightly different numerical results due to floating-point round-off errors from different computation orders. To turn them off, set the environment variable `TF_ENABLE_ONEDNN_OPTS=0`.
I0000 00:00:1789440117.908016 3163278 cpu_feature_guard.cc:227] This TensorFlow binary is optimized to use available CPU instructions in performance-critical operations.
To enable the following instructions: AVX2 AVX512F AVX512_VNNI AVX512_BF16 AVX512_FP16 AVX_VNNI AMX_TILE AMX_INT8 AMX_BF16 FMA, in other operations, rebuild TensorFlow with the appropriate compiler flags.
WARNING: All log messages before absl::InitializeLog() is called are written to STDERR
I0000 00:00:1789440118.933873 3163278 port.cc:153] oneDNN custom operations are on. You may see slightly different numerical results due to floating-point round-off errors from different computation orders. To turn them off, set the environment variable `TF_ENABLE_ONEDNN_OPTS=0`.
WARNING: All log messages before absl::InitializeLog() is called are written to STDERR
I0000 00:00:1789440122.446378 3163386 port.cc:153] oneDNN custom operations are on. You may see slightly different numerical results due to floating-point round-off errors from different computation orders. To turn them off, set the environment variable `TF_ENABLE_ONEDNN_OPTS=0`.
I0000 00:00:1789440122.474028 3163386 cpu_feature_guard.cc:227] This TensorFlow binary is optimized to use available CPU instructions in performance-critical operations.
To enable the following instructions: AVX2 AVX512F AVX512_VNNI AVX512_BF16 AVX512_FP16 AVX_VNNI AMX_TILE AMX_INT8 AMX_BF16 FMA, in other operations, rebuild TensorFlow with the appropriate compiler flags.
I0000 00:00:1789440122.486550 3163383 tf_record_dataset_op.cc:396] The default buffer size is 262144, which is overridden by the user specified `buffer_size` of 8388608
WARNING: All log messages before absl::InitializeLog() is called are written to STDERR
I0000 00:00:1789440123.865225 3163386 port.cc:153] oneDNN custom operations are on. You may see slightly different numerical results due to floating-point round-off errors from different computation orders. To turn them off, set the environment variable `TF_ENABLE_ONEDNN_OPTS=0`.
WARNING: All log messages before absl::InitializeLog() is called are written to STDERR
I0000 00:00:1789440127.347391 3163594 port.cc:153] oneDNN custom operations are on. You may see slightly different numerical results due to floating-point round-off errors from different computation orders. To turn them off, set the environment variable `TF_ENABLE_ONEDNN_OPTS=0`.
I0000 00:00:1789440127.375022 3163594 cpu_feature_guard.cc:227] This TensorFlow binary is optimized to use available CPU instructions in performance-critical operations.
To enable the following instructions: AVX2 AVX512F AVX512_VNNI AVX512_BF16 AVX512_FP16 AVX_VNNI AMX_TILE AMX_INT8 AMX_BF16 FMA, in other operations, rebuild TensorFlow with the appropriate compiler flags.
I0000 00:00:1789440127.401467 3163592 tf_record_dataset_op.cc:396] The default buffer size is 262144, which is overridden by the user specified `buffer_size` of 8388608
WARNING: All log messages before absl::InitializeLog() is called are written to STDERR
I0000 00:00:1789440128.759030 3163594 port.cc:153] oneDNN custom operations are on. You may see slightly different numerical results due to floating-point round-off errors from different computation orders. To turn them off, set the environment variable `TF_ENABLE_ONEDNN_OPTS=0`.
WARNING: All log messages before absl::InitializeLog() is called are written to STDERR
I0000 00:00:1789440132.200781 3163786 port.cc:153] oneDNN custom operations are on. You may see slightly different numerical results due to floating-point round-off errors from different computation orders. To turn them off, set the environment variable `TF_ENABLE_ONEDNN_OPTS=0`.
I0000 00:00:1789440132.224105 3163785 tf_record_dataset_op.cc:396] The default buffer size is 262144, which is overridden by the user specified `buffer_size` of 8388608
I0000 00:00:1789440132.228335 3163786 cpu_feature_guard.cc:227] This TensorFlow binary is optimized to use available CPU instructions in performance-critical operations.
To enable the following instructions: AVX2 AVX512F AVX512_VNNI AVX512_BF16 AVX512_FP16 AVX_VNNI AMX_TILE AMX_INT8 AMX_BF16 FMA, in other operations, rebuild TensorFlow with the appropriate compiler flags.
WARNING: All log messages before absl::InitializeLog() is called are written to STDERR
I0000 00:00:1789440133.612651 3163786 port.cc:153] oneDNN custom operations are on. You may see slightly different numerical results due to floating-point round-off errors from different computation orders. To turn them off, set the environment variable `TF_ENABLE_ONEDNN_OPTS=0`.
[pjrt_ffi] RESIDENT: @efficientnetin_emarmsdp64dropdobf16_train_step holds 852 parameter tensors (80.7 MB) on 4 devices; they stop crossing PCIe from here
I0915 02:42:17.124475 3159935 cuda_dnn.cc:442] Loaded cuDNN version 92400
I0915 02:42:17.124539 3159938 cuda_dnn.cc:442] Loaded cuDNN version 92400
I0915 02:42:17.124570 3159932 cuda_dnn.cc:442] Loaded cuDNN version 92400
I0000 00:00:1789440137.435641 3164337 tf_record_dataset_op.cc:396] The default buffer size is 262144, which is overridden by the user specified `buffer_size` of 8388608
  imagenet shim: jax/.lake/build/generated_efficientnet_b0_imagenet_shim.py — train split, batch 256, 150528 floats/img (seed 1)
  imagenet shim: jax/.lake/build/generated_efficientnet_b0_imagenet_shim.py — train split, batch 256, 150528 floats/img (seed 2)
  imagenet shim: jax/.lake/build/generated_efficientnet_b0_imagenet_shim.py — train split, batch 256, 150528 floats/img (seed 3)
  imagenet shim: jax/.lake/build/generated_efficientnet_b0_imagenet_shim.py — train split, batch 256, 150528 floats/img (seed 4)
  imagenet shim: 4 sharded producers (round-robin over batches)
  ▸ SHIM PREFETCH: ON (depth 4 over 4 producer handle(s) — each step's read is issued before the previous step's invoke, one in flight PER HANDLE, so every producer drains during compute instead of blocking in write()). Measured 377 → 224 ms/step on R34/ImageNet 4×bs64 for depth 1. Batch buffers are allocated and freed on the main thread; the pool only fills them.
  step 0/5004: loss=2.473494
  step 1/5004: loss=2.747915
  step 2/5004: loss=2.051713
  step 100/5004: loss=2.514472
  step 200/5004: loss=2.193370
  step 300/5004: loss=2.465116
  step 400/5004: loss=2.196184
  step 500/5004: loss=2.134473
  step 600/5004: loss=2.079748
  step 700/5004: loss=2.336766
  step 800/5004: loss=2.771381
  step 900/5004: loss=2.661662
  step 1000/5004: loss=2.124902
  step 1100/5004: loss=2.410637
  step 1200/5004: loss=2.169736
  step 1300/5004: loss=2.337423
  step 1400/5004: loss=2.364518
  step 1500/5004: loss=2.321670
  step 1600/5004: loss=2.173497
  step 1700/5004: loss=2.768098
  step 1800/5004: loss=1.947495
  step 1900/5004: loss=2.401747
  step 2000/5004: loss=2.083508
  step 2100/5004: loss=2.360451
  step 2200/5004: loss=2.387105
  step 2300/5004: loss=2.520118
  step 2400/5004: loss=2.892100
  step 2500/5004: loss=2.514169
  step 2600/5004: loss=2.110007
  step 2700/5004: loss=2.308666
  step 2800/5004: loss=2.716236
  step 2900/5004: loss=2.380569
  step 3000/5004: loss=2.528869
  step 3100/5004: loss=2.344520
  step 3200/5004: loss=2.605269
  step 3300/5004: loss=2.649644
  step 3400/5004: loss=2.493596
  step 3500/5004: loss=2.764822
  step 3600/5004: loss=2.461423
  step 3700/5004: loss=2.695519
  step 3800/5004: loss=2.119690
  step 3900/5004: loss=2.609104
  step 4000/5004: loss=2.309464
  step 4100/5004: loss=2.324270
  step 4200/5004: loss=2.485239
  step 4300/5004: loss=2.235376
  step 4400/5004: loss=2.160038
  step 4500/5004: loss=2.117087
  step 4600/5004: loss=2.170777
  step 4700/5004: loss=2.622025
  step 4800/5004: loss=2.574120
  step 4900/5004: loss=2.433838
  step 5000/5004: loss=2.586432
[pjrt_ffi] RESIDENT: @efficientnetin_fwd_eval holds 311 parameter tensors (20.3 MB) on 1 device; they stop crossing PCIe from here
Epoch 241/350: loss=2.384315 lr=0.000800
  epoch 241: test_acc = 38004/50000 = 76.008000%  top5 = 46358/50000 = 92.716000%  [95% CI 75.63–76.38]
    BN companion -> .lake/build/efficientnetin_emarmsdp64dropdobf16_ckpt_xla.bin.bn (42016 floats x 2, hash 1937148965251179605)
  step 0/5004: loss=2.095033
  step 1/5004: loss=2.109037
  step 2/5004: loss=2.496582
  step 100/5004: loss=2.415074
  step 200/5004: loss=2.177371
  step 300/5004: loss=2.099977
  step 400/5004: loss=2.438791
  step 500/5004: loss=2.678686
  step 600/5004: loss=2.412781
  step 700/5004: loss=2.348923
  step 800/5004: loss=1.988583
  step 900/5004: loss=2.424273
  step 1000/5004: loss=2.574465
  step 1100/5004: loss=2.577219
  step 1200/5004: loss=2.464213
  step 1300/5004: loss=2.569344
  step 1400/5004: loss=2.336336
  step 1500/5004: loss=2.411277
  step 1600/5004: loss=2.490716
  step 1700/5004: loss=2.450603
  step 1800/5004: loss=2.568209
  step 1900/5004: loss=2.470352
  step 2000/5004: loss=2.455029
  step 2100/5004: loss=2.411179
  step 2200/5004: loss=2.455359
  step 2300/5004: loss=2.359736
  step 2400/5004: loss=2.263657
  step 2500/5004: loss=2.435127
  step 2600/5004: loss=2.796500
  step 2700/5004: loss=2.209039
  step 2800/5004: loss=2.575188
  step 2900/5004: loss=2.219098
  step 3000/5004: loss=2.132885
  step 3100/5004: loss=2.433508
  step 3200/5004: loss=2.268590
  step 3300/5004: loss=2.381850
  step 3400/5004: loss=2.263617
  step 3500/5004: loss=2.002347
  step 3600/5004: loss=2.686331
  step 3700/5004: loss=2.604360
  step 3800/5004: loss=2.637097
  step 3900/5004: loss=2.282535
  step 4000/5004: loss=2.735583
  step 4100/5004: loss=2.262283
  step 4200/5004: loss=2.626384
  step 4300/5004: loss=2.308055
  step 4400/5004: loss=2.424941
  step 4500/5004: loss=2.292362
  step 4600/5004: loss=2.097559
  step 4700/5004: loss=2.391624
  step 4800/5004: loss=2.102282
  step 4900/5004: loss=2.245985
  step 5000/5004: loss=2.335408
[pjrt_ffi] RESIDENT: @efficientnetin_fwd_eval holds 311 parameter tensors (20.3 MB) on 1 device; they stop crossing PCIe from here
Epoch 242/350: loss=2.387395 lr=0.000790
  epoch 242: test_acc = 38034/50000 = 76.068000%  top5 = 46351/50000 = 92.702000%  [95% CI 75.69–76.44]
    BN companion -> .lake/build/efficientnetin_emarmsdp64dropdobf16_ckpt_xla.bin.bn (42016 floats x 2, hash 14966440529601983082)
  step 0/5004: loss=2.254897
  step 1/5004: loss=2.047831
  step 2/5004: loss=2.404930
  step 100/5004: loss=2.639279
  step 200/5004: loss=2.364251
  step 300/5004: loss=2.638728
  step 400/5004: loss=2.128150
  step 500/5004: loss=2.475030
  step 600/5004: loss=2.377064
  step 700/5004: loss=2.231556
  step 800/5004: loss=2.686917
  step 900/5004: loss=2.250302
  step 1000/5004: loss=2.400203
  step 1100/5004: loss=2.239939
  step 1200/5004: loss=2.434974
  step 1300/5004: loss=2.083056
  step 1400/5004: loss=2.610422
  step 1500/5004: loss=2.270813
  step 1600/5004: loss=2.631564
  step 1700/5004: loss=2.423454
  step 1800/5004: loss=2.998848
  step 1900/5004: loss=2.258117
  step 2000/5004: loss=2.385076
  step 2100/5004: loss=2.496643
  step 2200/5004: loss=2.289911
  step 2300/5004: loss=2.060898
  step 2400/5004: loss=2.257802
  step 2500/5004: loss=2.238386
  step 2600/5004: loss=2.462443
  step 2700/5004: loss=2.703787
  step 2800/5004: loss=2.492000
  step 2900/5004: loss=2.159895
  step 3000/5004: loss=2.625188
  step 3100/5004: loss=2.402757
  step 3200/5004: loss=2.610123
  step 3300/5004: loss=2.144651
  step 3400/5004: loss=2.298359
  step 3500/5004: loss=2.442451
  step 3600/5004: loss=1.958974
  step 3700/5004: loss=2.583174
  step 3800/5004: loss=2.610699
  step 3900/5004: loss=2.284905
  step 4000/5004: loss=2.198155
  step 4100/5004: loss=2.233121
  step 4200/5004: loss=2.109228
  step 4300/5004: loss=2.476193
  step 4400/5004: loss=2.185820
  step 4500/5004: loss=2.882789
  step 4600/5004: loss=2.617928
  step 4700/5004: loss=2.246822
  step 4800/5004: loss=2.422372
  step 4900/5004: loss=2.428071
  step 5000/5004: loss=2.349110
[pjrt_ffi] RESIDENT: @efficientnetin_fwd_eval holds 311 parameter tensors (20.3 MB) on 1 device; they stop crossing PCIe from here
Epoch 243/350: loss=2.379993 lr=0.000780
  epoch 243: test_acc = 38060/50000 = 76.120000%  top5 = 46355/50000 = 92.710000%  [95% CI 75.74–76.49]
    BN companion -> .lake/build/efficientnetin_emarmsdp64dropdobf16_ckpt_xla.bin.bn (42016 floats x 2, hash 10408830682438886473)
  step 0/5004: loss=2.249347
  step 1/5004: loss=2.537223
  step 2/5004: loss=1.917970
  step 100/5004: loss=2.578166
  step 200/5004: loss=2.614263
  step 300/5004: loss=2.368598
  step 400/5004: loss=2.449162
  step 500/5004: loss=2.781146
  step 600/5004: loss=2.372066
  step 700/5004: loss=2.405625
  step 800/5004: loss=2.122309
  step 900/5004: loss=2.457778
  step 1000/5004: loss=2.247758
  step 1100/5004: loss=2.346030
  step 1200/5004: loss=2.376363
  step 1300/5004: loss=2.748062
  step 1400/5004: loss=2.492001
  step 1500/5004: loss=2.348420
  step 1600/5004: loss=2.167337
  step 1700/5004: loss=2.429946
  step 1800/5004: loss=2.046140
  step 1900/5004: loss=2.350501
  step 2000/5004: loss=2.207772
  step 2100/5004: loss=2.318914
  step 2200/5004: loss=2.399893
  step 2300/5004: loss=2.275963
  step 2400/5004: loss=2.457248
  step 2500/5004: loss=2.324636
  step 2600/5004: loss=2.364277
  step 2700/5004: loss=2.293552
  step 2800/5004: loss=2.333728
  step 2900/5004: loss=2.995674
  step 3000/5004: loss=2.004730
  step 3100/5004: loss=2.392096
  step 3200/5004: loss=2.073073
  step 3300/5004: loss=2.521987
  step 3400/5004: loss=2.612369
  step 3500/5004: loss=2.098081
  step 3600/5004: loss=2.304645
  step 3700/5004: loss=2.235133
  step 3800/5004: loss=2.137017
  step 3900/5004: loss=2.011426
  step 4000/5004: loss=2.462972
  step 4100/5004: loss=2.260160
  step 4200/5004: loss=2.612638
  step 4300/5004: loss=2.214976
  step 4400/5004: loss=2.099338
  step 4500/5004: loss=1.962568
  step 4600/5004: loss=2.415687
  step 4700/5004: loss=2.128740
  step 4800/5004: loss=2.218322
  step 4900/5004: loss=1.992806
  step 5000/5004: loss=2.383909
[pjrt_ffi] RESIDENT: @efficientnetin_fwd_eval holds 311 parameter tensors (20.3 MB) on 1 device; they stop crossing PCIe from here
Epoch 244/350: loss=2.384467 lr=0.000771
  epoch 244: test_acc = 38033/50000 = 76.066000%  top5 = 46372/50000 = 92.744000%  [95% CI 75.69–76.44]
    BN companion -> .lake/build/efficientnetin_emarmsdp64dropdobf16_ckpt_xla.bin.bn (42016 floats x 2, hash 13750298385064333247)
  step 0/5004: loss=2.110014
  step 1/5004: loss=2.305764
  step 2/5004: loss=2.310444
  step 100/5004: loss=2.391349
  step 200/5004: loss=2.238132
  step 300/5004: loss=2.435087
  step 400/5004: loss=1.944916
  step 500/5004: loss=2.040981
  step 600/5004: loss=2.039160
  step 700/5004: loss=2.614283
  step 800/5004: loss=2.355349
  step 900/5004: loss=2.626669
  step 1000/5004: loss=2.399071
  step 1100/5004: loss=2.573493
  step 1200/5004: loss=2.417655
  step 1300/5004: loss=2.182592
  step 1400/5004: loss=2.425095
  step 1500/5004: loss=1.661048
  step 1600/5004: loss=2.120265
  step 1700/5004: loss=2.745784
  step 1800/5004: loss=2.479605
  step 1900/5004: loss=2.270679
  step 2000/5004: loss=2.527170
  step 2100/5004: loss=2.450431
  step 2200/5004: loss=2.553273
  step 2300/5004: loss=2.450227
  step 2400/5004: loss=2.632719
  step 2500/5004: loss=2.564265
  step 2600/5004: loss=2.223819
  step 2700/5004: loss=2.683971
  step 2800/5004: loss=2.364271
  step 2900/5004: loss=2.228634
  step 3000/5004: loss=2.488790
  step 3100/5004: loss=2.321250
  step 3200/5004: loss=2.837840
  step 3300/5004: loss=2.929153
  step 3400/5004: loss=2.672366
  step 3500/5004: loss=2.578038
  step 3600/5004: loss=2.294246
  step 3700/5004: loss=2.319646
  step 3800/5004: loss=2.450333
  step 3900/5004: loss=2.404859
  step 4000/5004: loss=2.264118
  step 4100/5004: loss=2.670567
  step 4200/5004: loss=2.437285
  step 4300/5004: loss=2.479107
  step 4400/5004: loss=2.511033
  step 4500/5004: loss=2.222135
  step 4600/5004: loss=2.413426
  step 4700/5004: loss=2.380563
  step 4800/5004: loss=2.201444
  step 4900/5004: loss=2.453578
  step 5000/5004: loss=2.367030
[pjrt_ffi] RESIDENT: @efficientnetin_fwd_eval holds 311 parameter tensors (20.3 MB) on 1 device; they stop crossing PCIe from here
Epoch 245/350: loss=2.378601 lr=0.000761
  epoch 245: test_acc = 38034/50000 = 76.068000%  top5 = 46372/50000 = 92.744000%  [95% CI 75.69–76.44]
    BN companion -> .lake/build/efficientnetin_emarmsdp64dropdobf16_ckpt_xla.bin.bn (42016 floats x 2, hash 11243624443063249895)
  step 0/5004: loss=2.579833
  step 1/5004: loss=2.314313
  step 2/5004: loss=2.418701
  step 100/5004: loss=2.445636
  step 200/5004: loss=2.041545
  step 300/5004: loss=2.473707
  step 400/5004: loss=2.529510
  step 500/5004: loss=2.049349
  step 600/5004: loss=2.709338
  step 700/5004: loss=2.448810
  step 800/5004: loss=2.403506
  step 900/5004: loss=2.411344
  step 1000/5004: loss=2.289475
  step 1100/5004: loss=2.394683
  step 1200/5004: loss=2.287003
  step 1300/5004: loss=1.944556
  step 1400/5004: loss=2.604728
  step 1500/5004: loss=2.143119
  step 1600/5004: loss=2.261300
  step 1700/5004: loss=2.221621
  step 1800/5004: loss=2.468688
  step 1900/5004: loss=2.420225
  step 2000/5004: loss=2.571599
  step 2100/5004: loss=2.376326
  step 2200/5004: loss=2.484218
  step 2300/5004: loss=2.353135
  step 2400/5004: loss=2.095004
  step 2500/5004: loss=2.244503
  step 2600/5004: loss=2.307580
  step 2700/5004: loss=2.333794
  step 2800/5004: loss=2.666571
  step 2900/5004: loss=2.388693
  step 3000/5004: loss=2.392942
  step 3100/5004: loss=2.571059
  step 3200/5004: loss=1.982295
  step 3300/5004: loss=2.380726
  step 3400/5004: loss=1.958283
  step 3500/5004: loss=2.677909
  step 3600/5004: loss=2.649138
  step 3700/5004: loss=2.313882
  step 3800/5004: loss=2.380364
  step 3900/5004: loss=2.667679
  step 4000/5004: loss=2.201436
  step 4100/5004: loss=2.652847
  step 4200/5004: loss=2.103914
  step 4300/5004: loss=2.690909
  step 4400/5004: loss=2.334819
  step 4500/5004: loss=2.310884
  step 4600/5004: loss=2.650976
  step 4700/5004: loss=2.800534
  step 4800/5004: loss=2.305033
  step 4900/5004: loss=2.362855
  step 5000/5004: loss=2.401864
[pjrt_ffi] RESIDENT: @efficientnetin_fwd_eval holds 311 parameter tensors (20.3 MB) on 1 device; they stop crossing PCIe from here
Epoch 246/350: loss=2.374192 lr=0.000751
  epoch 246: test_acc = 38023/50000 = 76.046000%  top5 = 46393/50000 = 92.786000%  [95% CI 75.67–76.42]
    BN companion -> .lake/build/efficientnetin_emarmsdp64dropdobf16_ckpt_xla.bin.bn (42016 floats x 2, hash 5513655194492745430)
  step 0/5004: loss=2.546986
  step 1/5004: loss=2.529329
  step 2/5004: loss=2.321461
  step 100/5004: loss=2.285717
  step 200/5004: loss=2.389594
  step 300/5004: loss=2.390743
  step 400/5004: loss=2.346892
  step 500/5004: loss=2.303242
  step 600/5004: loss=2.214375
  step 700/5004: loss=2.460221
  step 800/5004: loss=2.547810
  step 900/5004: loss=2.586326
  step 1000/5004: loss=2.494360
  step 1100/5004: loss=2.352450
  step 1200/5004: loss=2.231219
  step 1300/5004: loss=2.510391
  step 1400/5004: loss=2.382483
  step 1500/5004: loss=2.349448
  step 1600/5004: loss=2.530336
  step 1700/5004: loss=1.873745
  step 1800/5004: loss=2.477970
  step 1900/5004: loss=2.301889
  step 2000/5004: loss=2.046141
  step 2100/5004: loss=2.241429
  step 2200/5004: loss=2.181326
  step 2300/5004: loss=2.120293
  step 2400/5004: loss=2.321998
  step 2500/5004: loss=2.050190
  step 2600/5004: loss=2.494339
  step 2700/5004: loss=2.305445
  step 2800/5004: loss=2.447335
  step 2900/5004: loss=2.208210
  step 3000/5004: loss=2.366395
  step 3100/5004: loss=2.044363
  step 3200/5004: loss=2.434448
  step 3300/5004: loss=2.292099
  step 3400/5004: loss=2.728579
  step 3500/5004: loss=2.665180
  step 3600/5004: loss=2.327670
  step 3700/5004: loss=2.306922
  step 3800/5004: loss=2.493942
  step 3900/5004: loss=2.642346
  step 4000/5004: loss=2.128563
  step 4100/5004: loss=2.187145
  step 4200/5004: loss=2.327964
  step 4300/5004: loss=2.089283
  step 4400/5004: loss=2.543357
  step 4500/5004: loss=2.654490
  step 4600/5004: loss=2.597754
  step 4700/5004: loss=2.536447
  step 4800/5004: loss=2.331179
  step 4900/5004: loss=2.322500
  step 5000/5004: loss=2.172681
[pjrt_ffi] RESIDENT: @efficientnetin_fwd_eval holds 311 parameter tensors (20.3 MB) on 1 device; they stop crossing PCIe from here
Epoch 247/350: loss=2.380416 lr=0.000742
  epoch 247: test_acc = 38033/50000 = 76.066000%  top5 = 46386/50000 = 92.772000%  [95% CI 75.69–76.44]
    BN companion -> .lake/build/efficientnetin_emarmsdp64dropdobf16_ckpt_xla.bin.bn (42016 floats x 2, hash 12395514085268887103)
  step 0/5004: loss=2.297229
  step 1/5004: loss=2.390507
  step 2/5004: loss=2.303576
  step 100/5004: loss=2.538715
  step 200/5004: loss=2.211328
  step 300/5004: loss=2.227596
  step 400/5004: loss=2.078708
  step 500/5004: loss=2.375036
  step 600/5004: loss=2.547141
  step 700/5004: loss=2.455288
  step 800/5004: loss=2.434869
  step 900/5004: loss=2.725645
  step 1000/5004: loss=2.484057
  step 1100/5004: loss=2.664417
  step 1200/5004: loss=2.359562
  step 1300/5004: loss=1.950833
  step 1400/5004: loss=2.351899
  step 1500/5004: loss=2.218918
  step 1600/5004: loss=2.056670
  step 1700/5004: loss=2.255861
  step 1800/5004: loss=2.054184
  step 1900/5004: loss=2.397502
  step 2000/5004: loss=2.656054
  step 2100/5004: loss=2.293463
  step 2200/5004: loss=2.286612
  step 2300/5004: loss=2.127850
  step 2400/5004: loss=2.327392
  step 2500/5004: loss=2.406857
  step 2600/5004: loss=2.322219
  step 2700/5004: loss=2.336864
  step 2800/5004: loss=2.539363
  step 2900/5004: loss=2.199072
  step 3000/5004: loss=2.867386
  step 3100/5004: loss=2.487949
  step 3200/5004: loss=2.242037
  step 3300/5004: loss=2.458982
  step 3400/5004: loss=1.996784
  step 3500/5004: loss=2.478767
  step 3600/5004: loss=2.576956
  step 3700/5004: loss=2.327039
  step 3800/5004: loss=2.376831
  step 3900/5004: loss=2.525854
  step 4000/5004: loss=2.101395
  step 4100/5004: loss=2.100206
  step 4200/5004: loss=2.410909
  step 4300/5004: loss=2.456502
  step 4400/5004: loss=2.255527
  step 4500/5004: loss=2.403134
  step 4600/5004: loss=2.192348
  step 4700/5004: loss=2.422650
  step 4800/5004: loss=2.417311
  step 4900/5004: loss=2.504718
  step 5000/5004: loss=2.185432
[pjrt_ffi] RESIDENT: @efficientnetin_fwd_eval holds 311 parameter tensors (20.3 MB) on 1 device; they stop crossing PCIe from here
Epoch 248/350: loss=2.377977 lr=0.000732
  epoch 248: test_acc = 38055/50000 = 76.110000%  top5 = 46393/50000 = 92.786000%  [95% CI 75.73–76.48]
    BN companion -> .lake/build/efficientnetin_emarmsdp64dropdobf16_ckpt_xla.bin.bn (42016 floats x 2, hash 14753719055864441203)
  step 0/5004: loss=2.321730
  step 1/5004: loss=2.270064
  step 2/5004: loss=2.250313
  step 100/5004: loss=2.271504
  step 200/5004: loss=2.245870
  step 300/5004: loss=2.113739
  step 400/5004: loss=2.727489
  step 500/5004: loss=2.559875
  step 600/5004: loss=2.264247
  step 700/5004: loss=2.036829
  step 800/5004: loss=2.785273
  step 900/5004: loss=2.055530
  step 1000/5004: loss=2.273721
  step 1100/5004: loss=2.357644
  step 1200/5004: loss=2.736740
  step 1300/5004: loss=2.424132
  step 1400/5004: loss=2.464143
  step 1500/5004: loss=2.690493
  step 1600/5004: loss=2.629512
  step 1700/5004: loss=2.564160
  step 1800/5004: loss=1.964425
  step 1900/5004: loss=2.478227
  step 2000/5004: loss=2.556095
  step 2100/5004: loss=2.568061
  step 2200/5004: loss=2.168616
  step 2300/5004: loss=2.307418
  step 2400/5004: loss=2.558504
  step 2500/5004: loss=2.491178
  step 2600/5004: loss=2.585738
  step 2700/5004: loss=2.364892
  step 2800/5004: loss=2.230096
  step 2900/5004: loss=2.225070
  step 3000/5004: loss=2.480684
  step 3100/5004: loss=2.670564
  step 3200/5004: loss=2.399847
  step 3300/5004: loss=2.166553
  step 3400/5004: loss=2.640383
  step 3500/5004: loss=2.224263
  step 3600/5004: loss=2.249159
  step 3700/5004: loss=2.412757
  step 3800/5004: loss=2.413189
  step 3900/5004: loss=2.301486
  step 4000/5004: loss=2.341174
  step 4100/5004: loss=2.234174
  step 4200/5004: loss=2.257171
  step 4300/5004: loss=2.435871
  step 4400/5004: loss=2.645365
  step 4500/5004: loss=2.623703
  step 4600/5004: loss=2.635774
  step 4700/5004: loss=2.124959
  step 4800/5004: loss=2.274676
  step 4900/5004: loss=2.254048
  step 5000/5004: loss=2.555955
[pjrt_ffi] RESIDENT: @efficientnetin_fwd_eval holds 311 parameter tensors (20.3 MB) on 1 device; they stop crossing PCIe from here
Epoch 249/350: loss=2.373611 lr=0.000723
  epoch 249: test_acc = 38042/50000 = 76.084000%  top5 = 46383/50000 = 92.766000%  [95% CI 75.71–76.46]
    BN companion -> .lake/build/efficientnetin_emarmsdp64dropdobf16_ckpt_xla.bin.bn (42016 floats x 2, hash 7026124047974455073)
  step 0/5004: loss=2.542451
  step 1/5004: loss=2.185398
  step 2/5004: loss=2.408978
  step 100/5004: loss=2.603394
  step 200/5004: loss=2.267331
  step 300/5004: loss=2.359388
  step 400/5004: loss=2.530812
  step 500/5004: loss=2.422634
  step 600/5004: loss=2.335970
  step 700/5004: loss=2.073613
  step 800/5004: loss=2.639638
  step 900/5004: loss=2.481965
  step 1000/5004: loss=2.013524
  step 1100/5004: loss=2.386650
  step 1200/5004: loss=2.461044
  step 1300/5004: loss=2.653020
  step 1400/5004: loss=2.758140
  step 1500/5004: loss=1.972741
  step 1600/5004: loss=2.576484
  step 1700/5004: loss=2.286372
  step 1800/5004: loss=2.236668
  step 1900/5004: loss=2.356310
  step 2000/5004: loss=2.347294
  step 2100/5004: loss=2.776793
  step 2200/5004: loss=2.211658
  step 2300/5004: loss=2.491909
  step 2400/5004: loss=2.263333
  step 2500/5004: loss=2.665868
  step 2600/5004: loss=2.462629
  step 2700/5004: loss=2.463874
  step 2800/5004: loss=2.175537
  step 2900/5004: loss=2.272366
  step 3000/5004: loss=2.194754
  step 3100/5004: loss=1.948946
  step 3200/5004: loss=2.767601
  step 3300/5004: loss=2.304961
  step 3400/5004: loss=2.694564
  step 3500/5004: loss=2.356553
  step 3600/5004: loss=2.414592
  step 3700/5004: loss=2.449748
  step 3800/5004: loss=2.233957
  step 3900/5004: loss=2.320158
  step 4000/5004: loss=2.445820
  step 4100/5004: loss=2.285901
  step 4200/5004: loss=2.338891
  step 4300/5004: loss=2.561082
  step 4400/5004: loss=2.682140
  step 4500/5004: loss=2.369546
  step 4600/5004: loss=2.433046
  step 4700/5004: loss=2.761199
  step 4800/5004: loss=2.328611
  step 4900/5004: loss=2.445831
  step 5000/5004: loss=2.539054
[pjrt_ffi] RESIDENT: @efficientnetin_fwd_eval holds 311 parameter tensors (20.3 MB) on 1 device; they stop crossing PCIe from here
Epoch 250/350: loss=2.368697 lr=0.000714
  epoch 250: test_acc = 38061/50000 = 76.122000%  top5 = 46401/50000 = 92.802000%  [95% CI 75.75–76.49]
    BN companion -> .lake/build/efficientnetin_emarmsdp64dropdobf16_ckpt_xla.bin.bn (42016 floats x 2, hash 7919794416504791112)
  step 0/5004: loss=2.494847
  step 1/5004: loss=2.378795
  step 2/5004: loss=2.111687
  step 100/5004: loss=2.457749
  step 200/5004: loss=2.473845
  step 300/5004: loss=2.779813
  step 400/5004: loss=2.339495
  step 500/5004: loss=2.144464
  step 600/5004: loss=2.824177
  step 700/5004: loss=2.099161
  step 800/5004: loss=2.454345
  step 900/5004: loss=2.465172
  step 1000/5004: loss=2.136035
  step 1100/5004: loss=2.237735
  step 1200/5004: loss=2.449936
  step 1300/5004: loss=2.485591
  step 1400/5004: loss=2.707003
  step 1500/5004: loss=2.187720
  step 1600/5004: loss=2.416267
  step 1700/5004: loss=2.433725
  step 1800/5004: loss=2.413177
  step 1900/5004: loss=2.215677
  step 2000/5004: loss=2.481449
  step 2100/5004: loss=2.317314
  step 2200/5004: loss=2.737061
  step 2300/5004: loss=2.269151
  step 2400/5004: loss=2.289922
  step 2500/5004: loss=2.158870
  step 2600/5004: loss=2.453975
  step 2700/5004: loss=2.193705
  step 2800/5004: loss=2.207419
  step 2900/5004: loss=2.674957
  step 3000/5004: loss=2.529329
  step 3100/5004: loss=2.211153
  step 3200/5004: loss=2.232253
  step 3300/5004: loss=2.425415
  step 3400/5004: loss=2.520114
  step 3500/5004: loss=2.516885
  step 3600/5004: loss=2.018292
  step 3700/5004: loss=1.918827
  step 3800/5004: loss=2.209802
  step 3900/5004: loss=2.514583
  step 4000/5004: loss=2.294295
  step 4100/5004: loss=2.056292
  step 4200/5004: loss=2.609118
  step 4300/5004: loss=2.572081
  step 4400/5004: loss=2.567779
  step 4500/5004: loss=2.464933
  step 4600/5004: loss=2.423090
  step 4700/5004: loss=2.357706
  step 4800/5004: loss=2.408297
  step 4900/5004: loss=2.535122
  step 5000/5004: loss=2.153791
[pjrt_ffi] RESIDENT: @efficientnetin_fwd_eval holds 311 parameter tensors (20.3 MB) on 1 device; they stop crossing PCIe from here
Epoch 251/350: loss=2.372446 lr=0.000705
  epoch 251: test_acc = 38091/50000 = 76.182000%  top5 = 46404/50000 = 92.808000%  [95% CI 75.81–76.55]
    BN companion -> .lake/build/efficientnetin_emarmsdp64dropdobf16_ckpt_xla.bin.bn (42016 floats x 2, hash 15444460118486855834)
  step 0/5004: loss=2.456332
  step 1/5004: loss=2.465692
  step 2/5004: loss=2.509859
  step 100/5004: loss=2.391702
  step 200/5004: loss=2.487337
  step 300/5004: loss=2.295277
  step 400/5004: loss=2.378756
  step 500/5004: loss=2.222365
  step 600/5004: loss=2.366466
  step 700/5004: loss=2.126631
  step 800/5004: loss=2.415395
  step 900/5004: loss=2.361309
  step 1000/5004: loss=2.475266
  step 1100/5004: loss=2.031800
  step 1200/5004: loss=2.165663
  step 1300/5004: loss=2.387227
  step 1400/5004: loss=2.267197
  step 1500/5004: loss=2.555007
  step 1600/5004: loss=2.078286
  step 1700/5004: loss=2.098526
  step 1800/5004: loss=2.709550
  step 1900/5004: loss=2.302979
  step 2000/5004: loss=2.448496
  step 2100/5004: loss=2.442664
  step 2200/5004: loss=2.314048
  step 2300/5004: loss=2.752102
  step 2400/5004: loss=2.413042
  step 2500/5004: loss=2.686328
  step 2600/5004: loss=2.601975
  step 2700/5004: loss=2.479482
  step 2800/5004: loss=2.419346
  step 2900/5004: loss=2.577003
  step 3000/5004: loss=2.100046
  step 3100/5004: loss=2.250807
  step 3200/5004: loss=2.237164
  step 3300/5004: loss=2.266644
  step 3400/5004: loss=2.293747
  step 3500/5004: loss=2.736715
  step 3600/5004: loss=2.056280
  step 3700/5004: loss=2.481604
  step 3800/5004: loss=2.396148
  step 3900/5004: loss=2.368863
  step 4000/5004: loss=2.285448
  step 4100/5004: loss=2.679935
  step 4200/5004: loss=2.255817
  step 4300/5004: loss=2.343493
  step 4400/5004: loss=2.331770
  step 4500/5004: loss=2.429473
  step 4600/5004: loss=2.469872
  step 4700/5004: loss=2.099061
  step 4800/5004: loss=1.839458
  step 4900/5004: loss=2.303305
  step 5000/5004: loss=2.448771
[pjrt_ffi] RESIDENT: @efficientnetin_fwd_eval holds 311 parameter tensors (20.3 MB) on 1 device; they stop crossing PCIe from here
Epoch 252/350: loss=2.372129 lr=0.000696
  epoch 252: test_acc = 38069/50000 = 76.138000%  top5 = 46406/50000 = 92.812000%  [95% CI 75.76–76.51]
    BN companion -> .lake/build/efficientnetin_emarmsdp64dropdobf16_ckpt_xla.bin.bn (42016 floats x 2, hash 12364968814288744135)
  step 0/5004: loss=2.533160
  step 1/5004: loss=2.165353
  step 2/5004: loss=2.173172
  step 100/5004: loss=2.259513
  step 200/5004: loss=2.355877
  step 300/5004: loss=2.141709
  step 400/5004: loss=2.523095
  step 500/5004: loss=2.202809
  step 600/5004: loss=2.130423
  step 700/5004: loss=2.943865
  step 800/5004: loss=2.292491
  step 900/5004: loss=2.323434
  step 1000/5004: loss=2.530586
  step 1100/5004: loss=2.464383
  step 1200/5004: loss=2.337702
  step 1300/5004: loss=2.703443
  step 1400/5004: loss=2.482919
  step 1500/5004: loss=2.226044
  step 1600/5004: loss=2.074979
  step 1700/5004: loss=2.381338
  step 1800/5004: loss=2.707516
  step 1900/5004: loss=2.431598
  step 2000/5004: loss=2.530836
  step 2100/5004: loss=2.349560
  step 2200/5004: loss=2.389207
  step 2300/5004: loss=2.372325
  step 2400/5004: loss=1.961605
  step 2500/5004: loss=2.020782
  step 2600/5004: loss=2.609729
  step 2700/5004: loss=2.332191
  step 2800/5004: loss=2.377476
  step 2900/5004: loss=2.730456
  step 3000/5004: loss=2.189972
  step 3100/5004: loss=2.670849
  step 3200/5004: loss=2.551080
  step 3300/5004: loss=2.169412
  step 3400/5004: loss=2.174295
  step 3500/5004: loss=2.624705
  step 3600/5004: loss=2.461200
  step 3700/5004: loss=2.257014
  step 3800/5004: loss=2.208534
  step 3900/5004: loss=2.443453
  step 4000/5004: loss=2.557538
  step 4100/5004: loss=2.528280
  step 4200/5004: loss=2.113189
  step 4300/5004: loss=2.542377
  step 4400/5004: loss=2.627716
  step 4500/5004: loss=2.812060
  step 4600/5004: loss=2.122180
  step 4700/5004: loss=2.548385
  step 4800/5004: loss=2.425675
  step 4900/5004: loss=2.594560
  step 5000/5004: loss=2.091502
[pjrt_ffi] RESIDENT: @efficientnetin_fwd_eval holds 311 parameter tensors (20.3 MB) on 1 device; they stop crossing PCIe from here
Epoch 253/350: loss=2.365124 lr=0.000687
  epoch 253: test_acc = 38068/50000 = 76.136000%  top5 = 46397/50000 = 92.794000%  [95% CI 75.76–76.51]
    BN companion -> .lake/build/efficientnetin_emarmsdp64dropdobf16_ckpt_xla.bin.bn (42016 floats x 2, hash 14197459615985179850)
  step 0/5004: loss=2.343195
  step 1/5004: loss=2.712708
  step 2/5004: loss=2.263770
  step 100/5004: loss=2.356729
  step 200/5004: loss=2.330760
  step 300/5004: loss=2.355485
  step 400/5004: loss=2.490473
  step 500/5004: loss=2.244406
  step 600/5004: loss=2.403378
  step 700/5004: loss=2.415100
  step 800/5004: loss=2.401788
  step 900/5004: loss=2.145287
  step 1000/5004: loss=2.187765
  step 1100/5004: loss=2.612181
  step 1200/5004: loss=2.638978
  step 1300/5004: loss=2.280382
  step 1400/5004: loss=2.359296
  step 1500/5004: loss=2.160069
  step 1600/5004: loss=2.522076
  step 1700/5004: loss=2.548121
  step 1800/5004: loss=2.341176
  step 1900/5004: loss=2.348673
  step 2000/5004: loss=2.162030
  step 2100/5004: loss=2.075513
  step 2200/5004: loss=2.491665
  step 2300/5004: loss=2.278676
  step 2400/5004: loss=2.688249
  step 2500/5004: loss=2.163073
  step 2600/5004: loss=2.397736
  step 2700/5004: loss=2.426796
  step 2800/5004: loss=2.680763
  step 2900/5004: loss=2.983984
  step 3000/5004: loss=2.027168
  step 3100/5004: loss=2.397058
  step 3200/5004: loss=2.496038
  step 3300/5004: loss=2.439415
  step 3400/5004: loss=2.445939
  step 3500/5004: loss=2.551877
  step 3600/5004: loss=2.650568
  step 3700/5004: loss=2.553382
  step 3800/5004: loss=2.180659
  step 3900/5004: loss=2.518042
  step 4000/5004: loss=2.326202
  step 4100/5004: loss=2.321801
  step 4200/5004: loss=2.275095
  step 4300/5004: loss=2.595254
  step 4400/5004: loss=2.148901
  step 4500/5004: loss=2.285916
  step 4600/5004: loss=2.377621
  step 4700/5004: loss=2.296222
  step 4800/5004: loss=2.711285
  step 4900/5004: loss=2.328976
  step 5000/5004: loss=2.265172
[pjrt_ffi] RESIDENT: @efficientnetin_fwd_eval holds 311 parameter tensors (20.3 MB) on 1 device; they stop crossing PCIe from here
Epoch 254/350: loss=2.369375 lr=0.000679
  epoch 254: test_acc = 38118/50000 = 76.236000%  top5 = 46417/50000 = 92.834000%  [95% CI 75.86–76.61]
    BN companion -> .lake/build/efficientnetin_emarmsdp64dropdobf16_ckpt_xla.bin.bn (42016 floats x 2, hash 4928262502246392650)
  step 0/5004: loss=2.408697
  step 1/5004: loss=2.079735
  step 2/5004: loss=2.643345
  step 100/5004: loss=2.336986
  step 200/5004: loss=2.707951
  step 300/5004: loss=1.976035
  step 400/5004: loss=2.307739
  step 500/5004: loss=2.293426
  step 600/5004: loss=2.427470
  step 700/5004: loss=2.406396
  step 800/5004: loss=2.329768
  step 900/5004: loss=2.333439
  step 1000/5004: loss=2.121813
  step 1100/5004: loss=2.444033
  step 1200/5004: loss=2.193753
  step 1300/5004: loss=2.255033
  step 1400/5004: loss=2.494950
  step 1500/5004: loss=2.579382
  step 1600/5004: loss=2.192646
  step 1700/5004: loss=2.042852
  step 1800/5004: loss=2.364351
  step 1900/5004: loss=2.178643
  step 2000/5004: loss=2.512896
  step 2100/5004: loss=2.130984
  step 2200/5004: loss=2.297410
  step 2300/5004: loss=2.479565
  step 2400/5004: loss=2.612357
  step 2500/5004: loss=2.038197
  step 2600/5004: loss=2.132311
  step 2700/5004: loss=2.203730
  step 2800/5004: loss=2.229905
  step 2900/5004: loss=2.132302
  step 3000/5004: loss=2.123886
  step 3100/5004: loss=2.520862
  step 3200/5004: loss=1.907115
  step 3300/5004: loss=2.108155
  step 3400/5004: loss=2.564751
  step 3500/5004: loss=2.809105
  step 3600/5004: loss=2.464119
  step 3700/5004: loss=2.311875
  step 3800/5004: loss=2.442572
  step 3900/5004: loss=2.016999
  step 4000/5004: loss=2.422832
  step 4100/5004: loss=2.431342
  step 4200/5004: loss=2.229660
  step 4300/5004: loss=2.460185
  step 4400/5004: loss=2.292454
  step 4500/5004: loss=2.345267
  step 4600/5004: loss=2.543046
  step 4700/5004: loss=2.324129
  step 4800/5004: loss=2.007229
  step 4900/5004: loss=2.874811
  step 5000/5004: loss=2.394960
[pjrt_ffi] RESIDENT: @efficientnetin_fwd_eval holds 311 parameter tensors (20.3 MB) on 1 device; they stop crossing PCIe from here
Epoch 255/350: loss=2.364894 lr=0.000670
  epoch 255: test_acc = 38136/50000 = 76.272000%  top5 = 46402/50000 = 92.804000%  [95% CI 75.90–76.64]
    BN companion -> .lake/build/efficientnetin_emarmsdp64dropdobf16_ckpt_xla.bin.bn (42016 floats x 2, hash 6641540225545624274)
  step 0/5004: loss=2.444129
  step 1/5004: loss=2.089524
  step 2/5004: loss=2.567381
  step 100/5004: loss=2.310566
  step 200/5004: loss=2.287281
  step 300/5004: loss=2.358899
  step 400/5004: loss=2.308274
  step 500/5004: loss=2.417253
  step 600/5004: loss=2.742248
  step 700/5004: loss=2.302027
  step 800/5004: loss=2.221702
  step 900/5004: loss=2.441341
  step 1000/5004: loss=2.327061
  step 1100/5004: loss=2.389745
  step 1200/5004: loss=2.445210
  step 1300/5004: loss=2.413199
  step 1400/5004: loss=2.667683
  step 1500/5004: loss=2.914518
  step 1600/5004: loss=2.037981
  step 1700/5004: loss=2.643646
  step 1800/5004: loss=2.467108
  step 1900/5004: loss=2.099452
  step 2000/5004: loss=2.368180
  step 2100/5004: loss=2.345263
  step 2200/5004: loss=2.451982
  step 2300/5004: loss=2.223689
  step 2400/5004: loss=2.421576
  step 2500/5004: loss=2.337162
  step 2600/5004: loss=2.738612
  step 2700/5004: loss=2.474957
  step 2800/5004: loss=2.307162
  step 2900/5004: loss=2.699427
  step 3000/5004: loss=2.111424
  step 3100/5004: loss=2.355287
  step 3200/5004: loss=2.378355
  step 3300/5004: loss=2.280723
  step 3400/5004: loss=2.330559
  step 3500/5004: loss=2.224097
  step 3600/5004: loss=2.106102
  step 3700/5004: loss=2.274342
  step 3800/5004: loss=2.490370
  step 3900/5004: loss=2.604273
  step 4000/5004: loss=2.029797
  step 4100/5004: loss=2.452627
  step 4200/5004: loss=2.528198
  step 4300/5004: loss=2.603001
  step 4400/5004: loss=2.436619
  step 4500/5004: loss=2.322485
  step 4600/5004: loss=2.199417
  step 4700/5004: loss=1.864796
  step 4800/5004: loss=2.492002
  step 4900/5004: loss=2.475711
  step 5000/5004: loss=2.047539
[pjrt_ffi] RESIDENT: @efficientnetin_fwd_eval holds 311 parameter tensors (20.3 MB) on 1 device; they stop crossing PCIe from here
Epoch 256/350: loss=2.362279 lr=0.000662
  epoch 256: test_acc = 38130/50000 = 76.260000%  top5 = 46396/50000 = 92.792000%  [95% CI 75.89–76.63]
    BN companion -> .lake/build/efficientnetin_emarmsdp64dropdobf16_ckpt_xla.bin.bn (42016 floats x 2, hash 17062836931381460482)
  step 0/5004: loss=2.298749
  step 1/5004: loss=2.397969
  step 2/5004: loss=2.069995
  step 100/5004: loss=2.472099
  step 200/5004: loss=2.600019
  step 300/5004: loss=2.207156
  step 400/5004: loss=2.399936
  step 500/5004: loss=2.521856
  step 600/5004: loss=2.473168
  step 700/5004: loss=2.405313
  step 800/5004: loss=2.285367
  step 900/5004: loss=2.274978
  step 1000/5004: loss=2.314279
  step 1100/5004: loss=2.133971
  step 1200/5004: loss=2.207284
  step 1300/5004: loss=2.456976
  step 1400/5004: loss=2.316590
  step 1500/5004: loss=2.112929
  step 1600/5004: loss=2.363399
  step 1700/5004: loss=2.386814
  step 1800/5004: loss=2.335467
  step 1900/5004: loss=2.593463
  step 2000/5004: loss=2.456623
  step 2100/5004: loss=2.212001
  step 2200/5004: loss=2.361102
  step 2300/5004: loss=2.402932
  step 2400/5004: loss=2.232848
  step 2500/5004: loss=2.053817
  step 2600/5004: loss=2.287248
  step 2700/5004: loss=2.115498
  step 2800/5004: loss=2.043085
  step 2900/5004: loss=2.546304
  step 3000/5004: loss=2.441123
  step 3100/5004: loss=2.207560
  step 3200/5004: loss=2.170034
  step 3300/5004: loss=2.349170
  step 3400/5004: loss=2.364409
  step 3500/5004: loss=2.169134
  step 3600/5004: loss=2.326348
  step 3700/5004: loss=2.833620
  step 3800/5004: loss=2.301947
  step 3900/5004: loss=2.328209
  step 4000/5004: loss=2.740645
  step 4100/5004: loss=2.389642
  step 4200/5004: loss=2.373504
  step 4300/5004: loss=2.248789
  step 4400/5004: loss=2.274120
  step 4500/5004: loss=2.276028
  step 4600/5004: loss=2.371385
  step 4700/5004: loss=2.238961
  step 4800/5004: loss=2.289685
  step 4900/5004: loss=2.167015
  step 5000/5004: loss=2.353752
[pjrt_ffi] RESIDENT: @efficientnetin_fwd_eval holds 311 parameter tensors (20.3 MB) on 1 device; they stop crossing PCIe from here
Epoch 257/350: loss=2.363266 lr=0.000653
  epoch 257: test_acc = 38106/50000 = 76.212000%  top5 = 46408/50000 = 92.816000%  [95% CI 75.84–76.58]
    BN companion -> .lake/build/efficientnetin_emarmsdp64dropdobf16_ckpt_xla.bin.bn (42016 floats x 2, hash 9234553749087665672)
  step 0/5004: loss=2.500067
  step 1/5004: loss=2.291471
  step 2/5004: loss=2.650016
  step 100/5004: loss=2.527980
  step 200/5004: loss=2.645045
  step 300/5004: loss=2.130291
  step 400/5004: loss=2.436048
  step 500/5004: loss=2.624189
  step 600/5004: loss=2.314611
  step 700/5004: loss=2.497386
  step 800/5004: loss=2.388396
  step 900/5004: loss=2.596613
  step 1000/5004: loss=2.210834
  step 1100/5004: loss=2.608269
  step 1200/5004: loss=2.765808
  step 1300/5004: loss=2.126281
  step 1400/5004: loss=2.126673
  step 1500/5004: loss=2.094813
  step 1600/5004: loss=2.402868
  step 1700/5004: loss=2.454081
  step 1800/5004: loss=2.395695
  step 1900/5004: loss=2.245933
  step 2000/5004: loss=2.003713
  step 2100/5004: loss=2.750335
  step 2200/5004: loss=2.298244
  step 2300/5004: loss=2.445386
  step 2400/5004: loss=2.559817
  step 2500/5004: loss=2.114435
  step 2600/5004: loss=2.213212
  step 2700/5004: loss=2.044411
  step 2800/5004: loss=2.487442
  step 2900/5004: loss=2.302421
  step 3000/5004: loss=2.046007
  step 3100/5004: loss=2.551327
  step 3200/5004: loss=2.387404
  step 3300/5004: loss=2.388929
  step 3400/5004: loss=2.307702
  step 3500/5004: loss=2.600435
  step 3600/5004: loss=2.693533
  step 3700/5004: loss=2.278858
  step 3800/5004: loss=2.288681
  step 3900/5004: loss=2.319720
  step 4000/5004: loss=2.573969
  step 4100/5004: loss=2.607014
  step 4200/5004: loss=2.519483
  step 4300/5004: loss=2.552732
  step 4400/5004: loss=2.206229
  step 4500/5004: loss=2.667469
  step 4600/5004: loss=2.341583
  step 4700/5004: loss=2.181785
  step 4800/5004: loss=2.457230
  step 4900/5004: loss=2.089355
  step 5000/5004: loss=2.113593
[pjrt_ffi] RESIDENT: @efficientnetin_fwd_eval holds 311 parameter tensors (20.3 MB) on 1 device; they stop crossing PCIe from here
Epoch 258/350: loss=2.360188 lr=0.000645
  epoch 258: test_acc = 38089/50000 = 76.178000%  top5 = 46428/50000 = 92.856000%  [95% CI 75.80–76.55]
    BN companion -> .lake/build/efficientnetin_emarmsdp64dropdobf16_ckpt_xla.bin.bn (42016 floats x 2, hash 13065518507920375859)
  step 0/5004: loss=2.365359
  step 1/5004: loss=2.153265
  step 2/5004: loss=2.283694
  step 100/5004: loss=2.270606
  step 200/5004: loss=2.598108
  step 300/5004: loss=2.409206
  step 400/5004: loss=2.372532
  step 500/5004: loss=2.389902
  step 600/5004: loss=2.224140
  step 700/5004: loss=2.501251
  step 800/5004: loss=2.269237
  step 900/5004: loss=2.417643
  step 1000/5004: loss=2.599124
  step 1100/5004: loss=2.347482
  step 1200/5004: loss=2.583671
  step 1300/5004: loss=2.281219
  step 1400/5004: loss=2.342237
  step 1500/5004: loss=2.257501
  step 1600/5004: loss=2.267149
  step 1700/5004: loss=2.493751
  step 1800/5004: loss=2.063492
  step 1900/5004: loss=2.444810
  step 2000/5004: loss=2.184333
  step 2100/5004: loss=2.409976
  step 2200/5004: loss=2.153959
  step 2300/5004: loss=2.149946
  step 2400/5004: loss=2.020094
  step 2500/5004: loss=2.197564
  step 2600/5004: loss=2.195994
  step 2700/5004: loss=2.046027
  step 2800/5004: loss=2.183547
  step 2900/5004: loss=2.121687
  step 3000/5004: loss=2.350637
  step 3100/5004: loss=2.252273
  step 3200/5004: loss=2.175387
  step 3300/5004: loss=2.462034
  step 3400/5004: loss=2.206646
  step 3500/5004: loss=2.228566
  step 3600/5004: loss=2.324565
  step 3700/5004: loss=2.694743
  step 3800/5004: loss=2.522800
  step 3900/5004: loss=2.806230
  step 4000/5004: loss=2.717137
  step 4100/5004: loss=2.369587
  step 4200/5004: loss=2.345806
  step 4300/5004: loss=2.821860
  step 4400/5004: loss=2.805580
  step 4500/5004: loss=2.453269
  step 4600/5004: loss=2.309370
  step 4700/5004: loss=2.569547
  step 4800/5004: loss=2.469610
  step 4900/5004: loss=2.249124
  step 5000/5004: loss=2.474514
[pjrt_ffi] RESIDENT: @efficientnetin_fwd_eval holds 311 parameter tensors (20.3 MB) on 1 device; they stop crossing PCIe from here
Epoch 259/350: loss=2.354187 lr=0.000637
  epoch 259: test_acc = 38126/50000 = 76.252000%  top5 = 46442/50000 = 92.884000%  [95% CI 75.88–76.62]
    BN companion -> .lake/build/efficientnetin_emarmsdp64dropdobf16_ckpt_xla.bin.bn (42016 floats x 2, hash 16958957385802946349)
  step 0/5004: loss=2.325830
  step 1/5004: loss=2.521250
  step 2/5004: loss=2.478061
  step 100/5004: loss=2.698949
  step 200/5004: loss=2.398225
  step 300/5004: loss=2.031371
  step 400/5004: loss=2.275019
  step 500/5004: loss=2.384466
  step 600/5004: loss=2.325807
  step 700/5004: loss=2.401417
  step 800/5004: loss=2.283900
  step 900/5004: loss=2.187407
  step 1000/5004: loss=2.552073
  step 1100/5004: loss=2.130019
  step 1200/5004: loss=2.666228
  step 1300/5004: loss=2.177538
  step 1400/5004: loss=2.502766
  step 1500/5004: loss=2.710089
  step 1600/5004: loss=2.244590
  step 1700/5004: loss=2.541937
  step 1800/5004: loss=2.696010
  step 1900/5004: loss=2.344981
  step 2000/5004: loss=2.304497
  step 2100/5004: loss=2.209266
  step 2200/5004: loss=2.435293
  step 2300/5004: loss=2.692225
  step 2400/5004: loss=2.197902
  step 2500/5004: loss=2.606984
  step 2600/5004: loss=2.325054
  step 2700/5004: loss=2.249488
  step 2800/5004: loss=2.548629
  step 2900/5004: loss=2.248797
  step 3000/5004: loss=2.277219
  step 3100/5004: loss=2.305117
  step 3200/5004: loss=2.376223
  step 3300/5004: loss=2.420613
  step 3400/5004: loss=2.338766
  step 3500/5004: loss=1.972131
  step 3600/5004: loss=2.662374
  step 3700/5004: loss=2.394451
  step 3800/5004: loss=2.173316
  step 3900/5004: loss=2.008041
  step 4000/5004: loss=2.250865
  step 4100/5004: loss=2.361544
  step 4200/5004: loss=2.061118
  step 4300/5004: loss=2.197464
  step 4400/5004: loss=2.531742
  step 4500/5004: loss=2.248496
  step 4600/5004: loss=2.272636
  step 4700/5004: loss=2.119817
  step 4800/5004: loss=2.561367
  step 4900/5004: loss=2.982399
  step 5000/5004: loss=2.114601
[pjrt_ffi] RESIDENT: @efficientnetin_fwd_eval holds 311 parameter tensors (20.3 MB) on 1 device; they stop crossing PCIe from here
Epoch 260/350: loss=2.358026 lr=0.000629
  epoch 260: test_acc = 38108/50000 = 76.216000%  top5 = 46441/50000 = 92.882000%  [95% CI 75.84–76.59]
    BN companion -> .lake/build/efficientnetin_emarmsdp64dropdobf16_ckpt_xla.bin.bn (42016 floats x 2, hash 8744186544478822369)
  step 0/5004: loss=2.324434
  step 1/5004: loss=2.516313
  step 2/5004: loss=2.442532
  step 100/5004: loss=2.385771
  step 200/5004: loss=1.982220
  step 300/5004: loss=2.340189
  step 400/5004: loss=2.023478
  step 500/5004: loss=2.360282
  step 600/5004: loss=2.567057
  step 700/5004: loss=2.528631
  step 800/5004: loss=2.403533
  step 900/5004: loss=2.334157
  step 1000/5004: loss=2.250576
  step 1100/5004: loss=2.328770
  step 1200/5004: loss=2.546824
  step 1300/5004: loss=2.116046
  step 1400/5004: loss=2.664579
  step 1500/5004: loss=2.903742
  step 1600/5004: loss=2.289018
  step 1700/5004: loss=2.252414
  step 1800/5004: loss=2.031124
  step 1900/5004: loss=2.505510
  step 2000/5004: loss=2.227006
  step 2100/5004: loss=2.455172
  step 2200/5004: loss=2.236454
  step 2300/5004: loss=2.260177
  step 2400/5004: loss=2.310966
  step 2500/5004: loss=2.014550
  step 2600/5004: loss=2.076925
  step 2700/5004: loss=2.348188
  step 2800/5004: loss=2.379719
  step 2900/5004: loss=2.523582
  step 3000/5004: loss=2.413035
  step 3100/5004: loss=1.956729
  step 3200/5004: loss=2.220166
  step 3300/5004: loss=2.469214
  step 3400/5004: loss=2.264227
  step 3500/5004: loss=2.189842
  step 3600/5004: loss=2.271124
  step 3700/5004: loss=2.155066
  step 3800/5004: loss=2.224699
  step 3900/5004: loss=2.578751
  step 4000/5004: loss=2.324880
  step 4100/5004: loss=2.157895
  step 4200/5004: loss=2.542793
  step 4300/5004: loss=2.078826
  step 4400/5004: loss=2.333260
  step 4500/5004: loss=2.376633
  step 4600/5004: loss=2.240232
  step 4700/5004: loss=2.303953
  step 4800/5004: loss=1.911483
  step 4900/5004: loss=2.223110
  step 5000/5004: loss=2.477948
[pjrt_ffi] RESIDENT: @efficientnetin_fwd_eval holds 311 parameter tensors (20.3 MB) on 1 device; they stop crossing PCIe from here
Epoch 261/350: loss=2.352575 lr=0.000621
  epoch 261: test_acc = 38103/50000 = 76.206000%  top5 = 46449/50000 = 92.898000%  [95% CI 75.83–76.58]
    BN companion -> .lake/build/efficientnetin_emarmsdp64dropdobf16_ckpt_xla.bin.bn (42016 floats x 2, hash 4397753054597766377)
  step 0/5004: loss=2.009606
  step 1/5004: loss=2.509524
  step 2/5004: loss=2.611046
  step 100/5004: loss=2.312873
  step 200/5004: loss=2.417570
  step 300/5004: loss=2.334102
  step 400/5004: loss=2.443850
  step 500/5004: loss=2.491654
  step 600/5004: loss=2.240113
  step 700/5004: loss=2.180429
  step 800/5004: loss=2.436953
  step 900/5004: loss=2.057930
  step 1000/5004: loss=2.596287
  step 1100/5004: loss=2.479114
  step 1200/5004: loss=2.150860
  step 1300/5004: loss=2.478922
  step 1400/5004: loss=2.370745
  step 1500/5004: loss=2.466593
  step 1600/5004: loss=2.436523
  step 1700/5004: loss=2.897379
  step 1800/5004: loss=2.243630
  step 1900/5004: loss=1.961799
  step 2000/5004: loss=2.524048
  step 2100/5004: loss=2.102624
  step 2200/5004: loss=2.281045
  step 2300/5004: loss=2.215465
  step 2400/5004: loss=2.251099
  step 2500/5004: loss=2.200801
  step 2600/5004: loss=2.275626
  step 2700/5004: loss=2.227030
  step 2800/5004: loss=2.139890
  step 2900/5004: loss=2.334644
  step 3000/5004: loss=2.139513
  step 3100/5004: loss=2.492279
  step 3200/5004: loss=2.220852
  step 3300/5004: loss=1.905775
  step 3400/5004: loss=2.152481
  step 3500/5004: loss=2.503871
  step 3600/5004: loss=2.509986
  step 3700/5004: loss=2.391012
  step 3800/5004: loss=2.671055
  step 3900/5004: loss=2.138376
  step 4000/5004: loss=2.219173
  step 4100/5004: loss=1.987699
  step 4200/5004: loss=2.323983
  step 4300/5004: loss=2.360456
  step 4400/5004: loss=2.313498
  step 4500/5004: loss=2.517025
  step 4600/5004: loss=2.397135
  step 4700/5004: loss=2.108386
  step 4800/5004: loss=2.384062
  step 4900/5004: loss=2.402577
  step 5000/5004: loss=2.141618
[pjrt_ffi] RESIDENT: @efficientnetin_fwd_eval holds 311 parameter tensors (20.3 MB) on 1 device; they stop crossing PCIe from here
Epoch 262/350: loss=2.354810 lr=0.000613
  epoch 262: test_acc = 38094/50000 = 76.188000%  top5 = 46441/50000 = 92.882000%  [95% CI 75.81–76.56]
    BN companion -> .lake/build/efficientnetin_emarmsdp64dropdobf16_ckpt_xla.bin.bn (42016 floats x 2, hash 951655375408314034)
  step 0/5004: loss=2.259247
  step 1/5004: loss=2.197034
  step 2/5004: loss=2.040922
  step 100/5004: loss=2.372870
  step 200/5004: loss=2.451546
  step 300/5004: loss=2.283885
  step 400/5004: loss=2.831836
  step 500/5004: loss=2.341988
  step 600/5004: loss=2.446455
  step 700/5004: loss=2.532937
  step 800/5004: loss=2.111643
  step 900/5004: loss=2.280359
  step 1000/5004: loss=2.142187
  step 1100/5004: loss=2.375659
  step 1200/5004: loss=2.575875
  step 1300/5004: loss=2.276827
  step 1400/5004: loss=2.288836
  step 1500/5004: loss=2.303455
  step 1600/5004: loss=2.770147
  step 1700/5004: loss=2.469466
  step 1800/5004: loss=2.128455
  step 1900/5004: loss=2.536161
  step 2000/5004: loss=2.523808
  step 2100/5004: loss=2.121986
  step 2200/5004: loss=2.433317
  step 2300/5004: loss=2.418541
  step 2400/5004: loss=2.727570
  step 2500/5004: loss=2.420862
  step 2600/5004: loss=2.231469
  step 2700/5004: loss=2.441444
  step 2800/5004: loss=2.472242
  step 2900/5004: loss=2.365825
  step 3000/5004: loss=2.356493
  step 3100/5004: loss=2.416983
  step 3200/5004: loss=2.136534
  step 3300/5004: loss=2.501163
  step 3400/5004: loss=2.616883
  step 3500/5004: loss=2.112341
  step 3600/5004: loss=2.179426
  step 3700/5004: loss=2.695953
  step 3800/5004: loss=2.463979
  step 3900/5004: loss=2.833285
  step 4000/5004: loss=2.136677
  step 4100/5004: loss=1.754815
  step 4200/5004: loss=2.521136
  step 4300/5004: loss=2.214707
  step 4400/5004: loss=2.127296
  step 4500/5004: loss=2.498441
  step 4600/5004: loss=2.176054
  step 4700/5004: loss=2.333151
  step 4800/5004: loss=2.360801
W0000 00:00:1789456185.857747 3164870 prefetch_autotuner.cc:55] Prefetch autotuner tried to allocate 91453 bytes after encountering the first element of size 91453 bytes.This already causes the autotune ram budget to be exceeded. To stay within the ram budget, either increase the ram budget or reduce element size
  step 4900/5004: loss=2.604757
  step 5000/5004: loss=2.598409
[pjrt_ffi] RESIDENT: @efficientnetin_fwd_eval holds 311 parameter tensors (20.3 MB) on 1 device; they stop crossing PCIe from here
Epoch 263/350: loss=2.353530 lr=0.000605
  epoch 263: test_acc = 38099/50000 = 76.198000%  top5 = 46439/50000 = 92.878000%  [95% CI 75.82–76.57]
    BN companion -> .lake/build/efficientnetin_emarmsdp64dropdobf16_ckpt_xla.bin.bn (42016 floats x 2, hash 14619965624042940875)
  step 0/5004: loss=2.315752
  step 1/5004: loss=2.636936
  step 2/5004: loss=2.397448
  step 100/5004: loss=2.389040
  step 200/5004: loss=2.360395
  step 300/5004: loss=2.527727
  step 400/5004: loss=2.112922
  step 500/5004: loss=2.407584
  step 600/5004: loss=2.355812
  step 700/5004: loss=2.358930
  step 800/5004: loss=2.299330
  step 900/5004: loss=2.271607
  step 1000/5004: loss=2.112010
  step 1100/5004: loss=2.322495
  step 1200/5004: loss=2.234992
  step 1300/5004: loss=2.345247
  step 1400/5004: loss=2.638362
  step 1500/5004: loss=2.584002
  step 1600/5004: loss=2.336365
  step 1700/5004: loss=2.630635
  step 1800/5004: loss=2.217408
  step 1900/5004: loss=2.563470
  step 2000/5004: loss=2.519063
  step 2100/5004: loss=2.782168
  step 2200/5004: loss=2.283470
  step 2300/5004: loss=2.510208
  step 2400/5004: loss=2.468517
  step 2500/5004: loss=2.152081
  step 2600/5004: loss=2.323855
  step 2700/5004: loss=2.253180
  step 2800/5004: loss=2.158840
  step 2900/5004: loss=2.827761
  step 3000/5004: loss=2.373644
  step 3100/5004: loss=2.317100
  step 3200/5004: loss=2.528495
  step 3300/5004: loss=2.216571
  step 3400/5004: loss=2.530756
  step 3500/5004: loss=2.249055
  step 3600/5004: loss=2.396893
  step 3700/5004: loss=2.420595
  step 3800/5004: loss=2.414888
  step 3900/5004: loss=1.848281
  step 4000/5004: loss=2.458194
  step 4100/5004: loss=2.317257
  step 4200/5004: loss=2.206178
  step 4300/5004: loss=2.487846
  step 4400/5004: loss=2.156631
  step 4500/5004: loss=2.371966
  step 4600/5004: loss=2.325073
  step 4700/5004: loss=2.239918
  step 4800/5004: loss=2.114297
  step 4900/5004: loss=2.021702
  step 5000/5004: loss=2.443754
[pjrt_ffi] RESIDENT: @efficientnetin_fwd_eval holds 311 parameter tensors (20.3 MB) on 1 device; they stop crossing PCIe from here
Epoch 264/350: loss=2.350353 lr=0.000598
  epoch 264: test_acc = 38105/50000 = 76.210000%  top5 = 46449/50000 = 92.898000%  [95% CI 75.83–76.58]
    BN companion -> .lake/build/efficientnetin_emarmsdp64dropdobf16_ckpt_xla.bin.bn (42016 floats x 2, hash 2763710421402741923)
  step 0/5004: loss=2.147604
  step 1/5004: loss=2.269687
  step 2/5004: loss=2.264792
  step 100/5004: loss=2.512803
  step 200/5004: loss=2.468408
  step 300/5004: loss=2.249839
  step 400/5004: loss=2.567778
  step 500/5004: loss=2.430723
  step 600/5004: loss=2.078351
  step 700/5004: loss=2.284055
  step 800/5004: loss=2.408648
  step 900/5004: loss=2.325333
  step 1000/5004: loss=2.543080
  step 1100/5004: loss=2.516156
  step 1200/5004: loss=2.214568
  step 1300/5004: loss=2.446340
  step 1400/5004: loss=2.075144
  step 1500/5004: loss=2.503859
  step 1600/5004: loss=2.453525
  step 1700/5004: loss=2.282718
  step 1800/5004: loss=2.232819
  step 1900/5004: loss=2.250269
  step 2000/5004: loss=2.358755
  step 2100/5004: loss=2.531377
  step 2200/5004: loss=2.544174
  step 2300/5004: loss=2.071975
  step 2400/5004: loss=2.150860
  step 2500/5004: loss=2.035560
  step 2600/5004: loss=2.381240
  step 2700/5004: loss=2.333965
  step 2800/5004: loss=1.976135
  step 2900/5004: loss=2.189891
  step 3000/5004: loss=2.133317
  step 3100/5004: loss=2.369717
  step 3200/5004: loss=2.398086
  step 3300/5004: loss=2.105792
  step 3400/5004: loss=2.302773
  step 3500/5004: loss=2.392751
  step 3600/5004: loss=2.380450
  step 3700/5004: loss=2.339857
  step 3800/5004: loss=2.090130
  step 3900/5004: loss=2.336576
  step 4000/5004: loss=2.611005
  step 4100/5004: loss=2.416932
  step 4200/5004: loss=2.555735
  step 4300/5004: loss=2.204659
  step 4400/5004: loss=2.047586
  step 4500/5004: loss=2.516546
  step 4600/5004: loss=2.550025
  step 4700/5004: loss=2.240030
  step 4800/5004: loss=2.448038
  step 4900/5004: loss=2.503306
  step 5000/5004: loss=2.368983
[pjrt_ffi] RESIDENT: @efficientnetin_fwd_eval holds 311 parameter tensors (20.3 MB) on 1 device; they stop crossing PCIe from here
Epoch 265/350: loss=2.343986 lr=0.000590
  epoch 265: test_acc = 38097/50000 = 76.194000%  top5 = 46447/50000 = 92.894000%  [95% CI 75.82–76.57]
    BN companion -> .lake/build/efficientnetin_emarmsdp64dropdobf16_ckpt_xla.bin.bn (42016 floats x 2, hash 16470809984970091837)
  step 0/5004: loss=2.683985
  step 1/5004: loss=2.308262
  step 2/5004: loss=2.742229
  step 100/5004: loss=2.351161
  step 200/5004: loss=2.486114
  step 300/5004: loss=2.526949
  step 400/5004: loss=2.320802
  step 500/5004: loss=2.308934
  step 600/5004: loss=2.343574
  step 700/5004: loss=2.353916
  step 800/5004: loss=2.163573
  step 900/5004: loss=2.562029
  step 1000/5004: loss=2.262122
  step 1100/5004: loss=2.138527
  step 1200/5004: loss=2.284960
  step 1300/5004: loss=2.173153
  step 1400/5004: loss=2.226404
  step 1500/5004: loss=2.220038
  step 1600/5004: loss=2.596965
  step 1700/5004: loss=2.422799
  step 1800/5004: loss=2.178030
  step 1900/5004: loss=2.329758
  step 2000/5004: loss=2.223233
  step 2100/5004: loss=2.254776
  step 2200/5004: loss=2.149240
  step 2300/5004: loss=2.248743
  step 2400/5004: loss=2.065694
  step 2500/5004: loss=2.562152
  step 2600/5004: loss=2.065079
  step 2700/5004: loss=2.133694
  step 2800/5004: loss=2.428292
  step 2900/5004: loss=2.518962
  step 3000/5004: loss=2.405065
  step 3100/5004: loss=2.319459
  step 3200/5004: loss=2.084108
  step 3300/5004: loss=2.489980
  step 3400/5004: loss=2.122915
  step 3500/5004: loss=2.571596
  step 3600/5004: loss=2.657799
  step 3700/5004: loss=2.358794
  step 3800/5004: loss=2.285482
  step 3900/5004: loss=2.450965
  step 4000/5004: loss=2.415469
  step 4100/5004: loss=2.079281
  step 4200/5004: loss=2.088251
  step 4300/5004: loss=2.235150
  step 4400/5004: loss=2.000172
  step 4500/5004: loss=2.238040
  step 4600/5004: loss=2.649912
  step 4700/5004: loss=2.543760
  step 4800/5004: loss=2.621162
  step 4900/5004: loss=2.376050
  step 5000/5004: loss=2.316190
[pjrt_ffi] RESIDENT: @efficientnetin_fwd_eval holds 311 parameter tensors (20.3 MB) on 1 device; they stop crossing PCIe from here
Epoch 266/350: loss=2.348802 lr=0.000583
  epoch 266: test_acc = 38124/50000 = 76.248000%  top5 = 46454/50000 = 92.908000%  [95% CI 75.87–76.62]
    BN companion -> .lake/build/efficientnetin_emarmsdp64dropdobf16_ckpt_xla.bin.bn (42016 floats x 2, hash 18247411079529040710)
  step 0/5004: loss=2.416781
  step 1/5004: loss=2.397274
  step 2/5004: loss=2.587899
  step 100/5004: loss=2.253301
  step 200/5004: loss=2.663946
  step 300/5004: loss=2.093558
  step 400/5004: loss=2.086530
  step 500/5004: loss=2.664686
  step 600/5004: loss=2.691054
  step 700/5004: loss=2.518975
  step 800/5004: loss=2.163177
  step 900/5004: loss=2.419163
  step 1000/5004: loss=2.472787
  step 1100/5004: loss=2.778737
  step 1200/5004: loss=2.537463
  step 1300/5004: loss=2.409400
  step 1400/5004: loss=2.688128
  step 1500/5004: loss=2.535484
  step 1600/5004: loss=2.459054
  step 1700/5004: loss=2.311849
  step 1800/5004: loss=2.357479
  step 1900/5004: loss=2.227723
  step 2000/5004: loss=2.087796
  step 2100/5004: loss=2.358110
  step 2200/5004: loss=2.134338
  step 2300/5004: loss=2.317803
  step 2400/5004: loss=2.338278
  step 2500/5004: loss=2.257252
  step 2600/5004: loss=2.298375
  step 2700/5004: loss=2.166227
  step 2800/5004: loss=2.725852
  step 2900/5004: loss=2.701844
  step 3000/5004: loss=2.345480
  step 3100/5004: loss=2.299757
  step 3200/5004: loss=2.482897
  step 3300/5004: loss=2.372944
  step 3400/5004: loss=1.961269
  step 3500/5004: loss=2.187219
  step 3600/5004: loss=2.171469
  step 3700/5004: loss=2.053502
  step 3800/5004: loss=2.416274
  step 3900/5004: loss=2.252110
  step 4000/5004: loss=2.403910
  step 4100/5004: loss=2.096634
  step 4200/5004: loss=2.358062
  step 4300/5004: loss=2.262079
  step 4400/5004: loss=2.710839
  step 4500/5004: loss=2.181436
  step 4600/5004: loss=2.309940
  step 4700/5004: loss=2.086242
  step 4800/5004: loss=2.634500
W0000 00:00:1789458948.424492 3164870 prefetch_autotuner.cc:55] Prefetch autotuner tried to allocate 91453 bytes after encountering the first element of size 91453 bytes.This already causes the autotune ram budget to be exceeded. To stay within the ram budget, either increase the ram budget or reduce element size
  step 4900/5004: loss=2.435811
  step 5000/5004: loss=2.104213
[pjrt_ffi] RESIDENT: @efficientnetin_fwd_eval holds 311 parameter tensors (20.3 MB) on 1 device; they stop crossing PCIe from here
Epoch 267/350: loss=2.345445 lr=0.000575
  epoch 267: test_acc = 38152/50000 = 76.304000%  top5 = 46457/50000 = 92.914000%  [95% CI 75.93–76.67]
    BN companion -> .lake/build/efficientnetin_emarmsdp64dropdobf16_ckpt_xla.bin.bn (42016 floats x 2, hash 17234935311043263048)
  step 0/5004: loss=2.220486
  step 1/5004: loss=2.371708
  step 2/5004: loss=2.361192
  step 100/5004: loss=2.285013
  step 200/5004: loss=2.494791
  step 300/5004: loss=2.242618
  step 400/5004: loss=2.138226
  step 500/5004: loss=2.049602
  step 600/5004: loss=2.216427
  step 700/5004: loss=2.508428
  step 800/5004: loss=2.489963
  step 900/5004: loss=2.275594
  step 1000/5004: loss=2.488494
  step 1100/5004: loss=2.675081
  step 1200/5004: loss=2.276102
  step 1300/5004: loss=2.411680
  step 1400/5004: loss=2.337999
  step 1500/5004: loss=2.183549
  step 1600/5004: loss=2.002652
  step 1700/5004: loss=2.178142
  step 1800/5004: loss=2.234482
  step 1900/5004: loss=2.186241
  step 2000/5004: loss=2.860596
  step 2100/5004: loss=2.193930
  step 2200/5004: loss=2.103709
  step 2300/5004: loss=2.613105
  step 2400/5004: loss=2.096720
  step 2500/5004: loss=2.287995
  step 2600/5004: loss=2.685960
  step 2700/5004: loss=2.255478
  step 2800/5004: loss=2.377453
  step 2900/5004: loss=2.243736
  step 3000/5004: loss=2.349486
  step 3100/5004: loss=2.384889
  step 3200/5004: loss=2.719171
  step 3300/5004: loss=2.508724
  step 3400/5004: loss=2.224527
  step 3500/5004: loss=2.354970
  step 3600/5004: loss=2.327759
  step 3700/5004: loss=2.500307
  step 3800/5004: loss=2.370014
  step 3900/5004: loss=2.331511
  step 4000/5004: loss=2.253424
  step 4100/5004: loss=2.214489
  step 4200/5004: loss=2.059452
  step 4300/5004: loss=2.110960
  step 4400/5004: loss=2.046121
  step 4500/5004: loss=2.594965
  step 4600/5004: loss=2.129342
  step 4700/5004: loss=2.019854
  step 4800/5004: loss=2.177007
  step 4900/5004: loss=2.317422
  step 5000/5004: loss=2.023523
[pjrt_ffi] RESIDENT: @efficientnetin_fwd_eval holds 311 parameter tensors (20.3 MB) on 1 device; they stop crossing PCIe from here
Epoch 268/350: loss=2.342428 lr=0.000568
  epoch 268: test_acc = 38130/50000 = 76.260000%  top5 = 46440/50000 = 92.880000%  [95% CI 75.89–76.63]
    BN companion -> .lake/build/efficientnetin_emarmsdp64dropdobf16_ckpt_xla.bin.bn (42016 floats x 2, hash 18207245918039476192)
  step 0/5004: loss=2.323427
  step 1/5004: loss=2.377092
  step 2/5004: loss=2.268783
  step 100/5004: loss=2.178574
  step 200/5004: loss=2.697869
  step 300/5004: loss=2.301509
  step 400/5004: loss=2.244692
  step 500/5004: loss=2.071779
  step 600/5004: loss=2.386435
  step 700/5004: loss=2.245066
  step 800/5004: loss=1.921689
  step 900/5004: loss=2.281626
  step 1000/5004: loss=2.800488
  step 1100/5004: loss=2.394606
  step 1200/5004: loss=2.397624
  step 1300/5004: loss=2.058062
  step 1400/5004: loss=2.446866
  step 1500/5004: loss=2.559450
  step 1600/5004: loss=2.832183
  step 1700/5004: loss=2.204774
  step 1800/5004: loss=1.983304
  step 1900/5004: loss=2.263247
  step 2000/5004: loss=2.355489
  step 2100/5004: loss=2.223019
  step 2200/5004: loss=2.410220
  step 2300/5004: loss=2.189222
  step 2400/5004: loss=2.444400
  step 2500/5004: loss=2.482420
  step 2600/5004: loss=2.545990
  step 2700/5004: loss=2.234040
  step 2800/5004: loss=2.834854
  step 2900/5004: loss=2.341507
  step 3000/5004: loss=2.058872
  step 3100/5004: loss=2.243918
  step 3200/5004: loss=2.190284
  step 3300/5004: loss=2.267646
  step 3400/5004: loss=2.486070
  step 3500/5004: loss=2.587199
  step 3600/5004: loss=2.363402
  step 3700/5004: loss=1.905509
  step 3800/5004: loss=2.420242
  step 3900/5004: loss=2.443083
  step 4000/5004: loss=2.544363
  step 4100/5004: loss=2.357995
  step 4200/5004: loss=1.907786
  step 4300/5004: loss=2.228328
  step 4400/5004: loss=2.422379
  step 4500/5004: loss=2.537434
  step 4600/5004: loss=2.041646
  step 4700/5004: loss=1.804649
  step 4800/5004: loss=2.840745
  step 4900/5004: loss=2.279346
  step 5000/5004: loss=1.969842
[pjrt_ffi] RESIDENT: @efficientnetin_fwd_eval holds 311 parameter tensors (20.3 MB) on 1 device; they stop crossing PCIe from here
Epoch 269/350: loss=2.338246 lr=0.000561
  epoch 269: test_acc = 38152/50000 = 76.304000%  top5 = 46437/50000 = 92.874000%  [95% CI 75.93–76.67]
    BN companion -> .lake/build/efficientnetin_emarmsdp64dropdobf16_ckpt_xla.bin.bn (42016 floats x 2, hash 13746905579107563332)
  step 0/5004: loss=2.542596
  step 1/5004: loss=2.529496
  step 2/5004: loss=2.286090
  step 100/5004: loss=2.040651
  step 200/5004: loss=2.597978
  step 300/5004: loss=2.430566
  step 400/5004: loss=2.100549
  step 500/5004: loss=2.331319
  step 600/5004: loss=2.498517
  step 700/5004: loss=2.595268
  step 800/5004: loss=2.261985
  step 900/5004: loss=2.509807
  step 1000/5004: loss=2.351258
  step 1100/5004: loss=2.246908
  step 1200/5004: loss=2.265992
  step 1300/5004: loss=2.371957
  step 1400/5004: loss=2.580702
  step 1500/5004: loss=2.124651
  step 1600/5004: loss=2.053281
  step 1700/5004: loss=2.399661
  step 1800/5004: loss=2.139606
  step 1900/5004: loss=2.309994
  step 2000/5004: loss=2.350496
  step 2100/5004: loss=2.150398
  step 2200/5004: loss=2.191498
  step 2300/5004: loss=2.638397
  step 2400/5004: loss=2.535664
  step 2500/5004: loss=2.298293
  step 2600/5004: loss=2.314163
  step 2700/5004: loss=2.373100
  step 2800/5004: loss=2.342474
  step 2900/5004: loss=2.198878
  step 3000/5004: loss=2.576148
  step 3100/5004: loss=2.092882
  step 3200/5004: loss=2.387570
  step 3300/5004: loss=2.702066
  step 3400/5004: loss=2.304991
  step 3500/5004: loss=2.448913
  step 3600/5004: loss=2.029990
  step 3700/5004: loss=2.153789
  step 3800/5004: loss=1.858785
  step 3900/5004: loss=2.731442
  step 4000/5004: loss=2.018876
  step 4100/5004: loss=2.478705
  step 4200/5004: loss=2.310977
  step 4300/5004: loss=2.452496
  step 4400/5004: loss=2.134743
  step 4500/5004: loss=2.261780
  step 4600/5004: loss=2.413310
  step 4700/5004: loss=2.288548
  step 4800/5004: loss=2.209964
  step 4900/5004: loss=2.250333
  step 5000/5004: loss=2.359076
[pjrt_ffi] RESIDENT: @efficientnetin_fwd_eval holds 311 parameter tensors (20.3 MB) on 1 device; they stop crossing PCIe from here
Epoch 270/350: loss=2.340113 lr=0.000554
  epoch 270: test_acc = 38145/50000 = 76.290000%  top5 = 46439/50000 = 92.878000%  [95% CI 75.92–76.66]
    BN companion -> .lake/build/efficientnetin_emarmsdp64dropdobf16_ckpt_xla.bin.bn (42016 floats x 2, hash 6428800722431151269)
  step 0/5004: loss=2.700101
  step 1/5004: loss=2.699418
  step 2/5004: loss=2.679956
  step 100/5004: loss=2.002071
  step 200/5004: loss=2.285966
  step 300/5004: loss=2.228591
  step 400/5004: loss=2.342616
  step 500/5004: loss=2.421696
  step 600/5004: loss=2.149565
  step 700/5004: loss=2.866002
  step 800/5004: loss=2.764040
  step 900/5004: loss=2.259792
  step 1000/5004: loss=2.248940
  step 1100/5004: loss=2.949786
  step 1200/5004: loss=2.359801
  step 1300/5004: loss=2.480309
  step 1400/5004: loss=2.251134
  step 1500/5004: loss=2.396089
  step 1600/5004: loss=2.653495
  step 1700/5004: loss=2.371197
  step 1800/5004: loss=2.044962
  step 1900/5004: loss=2.071333
  step 2000/5004: loss=2.219326
  step 2100/5004: loss=2.269680
  step 2200/5004: loss=2.305880
  step 2300/5004: loss=2.933394
  step 2400/5004: loss=2.789861
  step 2500/5004: loss=2.440006
  step 2600/5004: loss=2.220565
  step 2700/5004: loss=2.011285
  step 2800/5004: loss=2.404987
  step 2900/5004: loss=2.143682
  step 3000/5004: loss=2.438177
  step 3100/5004: loss=2.764025
  step 3200/5004: loss=2.300458
  step 3300/5004: loss=2.098800
  step 3400/5004: loss=2.563937
  step 3500/5004: loss=2.801046
  step 3600/5004: loss=2.296193
  step 3700/5004: loss=2.400980
  step 3800/5004: loss=2.317911
  step 3900/5004: loss=2.375849
  step 4000/5004: loss=2.386868
  step 4100/5004: loss=2.203267
  step 4200/5004: loss=2.621031
  step 4300/5004: loss=2.102273
  step 4400/5004: loss=2.440934
  step 4500/5004: loss=2.324372
  step 4600/5004: loss=2.413214
  step 4700/5004: loss=2.491676
  step 4800/5004: loss=2.266004
  step 4900/5004: loss=2.300074
  step 5000/5004: loss=2.472239
[pjrt_ffi] RESIDENT: @efficientnetin_fwd_eval holds 311 parameter tensors (20.3 MB) on 1 device; they stop crossing PCIe from here
Epoch 271/350: loss=2.339081 lr=0.000547
  epoch 271: test_acc = 38175/50000 = 76.350000%  top5 = 46431/50000 = 92.862000%  [95% CI 75.98–76.72]
    BN companion -> .lake/build/efficientnetin_emarmsdp64dropdobf16_ckpt_xla.bin.bn (42016 floats x 2, hash 13544137742702912084)
  step 0/5004: loss=2.484232
  step 1/5004: loss=2.494745
  step 2/5004: loss=2.412035
  step 100/5004: loss=2.432213
  step 200/5004: loss=2.625415
  step 300/5004: loss=2.121228
  step 400/5004: loss=2.298001
  step 500/5004: loss=2.176167
  step 600/5004: loss=2.386279
  step 700/5004: loss=2.438400
  step 800/5004: loss=2.233683
  step 900/5004: loss=2.427847
  step 1000/5004: loss=2.791374
  step 1100/5004: loss=2.762454
  step 1200/5004: loss=2.378100
  step 1300/5004: loss=2.105304
  step 1400/5004: loss=2.565279
  step 1500/5004: loss=2.393859
  step 1600/5004: loss=2.302050
  step 1700/5004: loss=2.407355
  step 1800/5004: loss=2.242290
  step 1900/5004: loss=2.218034
  step 2000/5004: loss=2.230292
  step 2100/5004: loss=2.445991
  step 2200/5004: loss=2.481460
  step 2300/5004: loss=2.354152
  step 2400/5004: loss=2.324618
  step 2500/5004: loss=2.059284
  step 2600/5004: loss=2.204365
  step 2700/5004: loss=2.671083
  step 2800/5004: loss=2.088351
  step 2900/5004: loss=2.348566
  step 3000/5004: loss=2.444258
  step 3100/5004: loss=2.055401
  step 3200/5004: loss=2.283915
  step 3300/5004: loss=2.147684
  step 3400/5004: loss=2.251251
  step 3500/5004: loss=2.236273
  step 3600/5004: loss=2.315965
  step 3700/5004: loss=2.580153
  step 3800/5004: loss=2.127669
  step 3900/5004: loss=2.687555
  step 4000/5004: loss=2.652107
  step 4100/5004: loss=2.227081
  step 4200/5004: loss=2.194046
  step 4300/5004: loss=2.594998
  step 4400/5004: loss=2.448927
  step 4500/5004: loss=2.410219
  step 4600/5004: loss=2.410820
  step 4700/5004: loss=2.294754
  step 4800/5004: loss=2.652681
  step 4900/5004: loss=2.445604
  step 5000/5004: loss=2.352861
[pjrt_ffi] RESIDENT: @efficientnetin_fwd_eval holds 311 parameter tensors (20.3 MB) on 1 device; they stop crossing PCIe from here
Epoch 272/350: loss=2.338627 lr=0.000540
  epoch 272: test_acc = 38153/50000 = 76.306000%  top5 = 46414/50000 = 92.828000%  [95% CI 75.93–76.68]
    BN companion -> .lake/build/efficientnetin_emarmsdp64dropdobf16_ckpt_xla.bin.bn (42016 floats x 2, hash 7086742202802928915)
  step 0/5004: loss=2.289668
  step 1/5004: loss=2.274974
  step 2/5004: loss=2.235934
  step 100/5004: loss=2.351941
  step 200/5004: loss=2.293860
  step 300/5004: loss=2.206409
  step 400/5004: loss=2.090410
  step 500/5004: loss=2.380183
  step 600/5004: loss=2.360178
  step 700/5004: loss=1.932152
  step 800/5004: loss=2.000642
  step 900/5004: loss=2.586741
  step 1000/5004: loss=1.979344
  step 1100/5004: loss=1.975860
  step 1200/5004: loss=2.520093
  step 1300/5004: loss=2.747928
  step 1400/5004: loss=2.310872
  step 1500/5004: loss=2.226794
  step 1600/5004: loss=2.513170
  step 1700/5004: loss=2.049671
  step 1800/5004: loss=2.454957
  step 1900/5004: loss=2.364385
  step 2000/5004: loss=2.309912
  step 2100/5004: loss=2.603527
  step 2200/5004: loss=2.423566
  step 2300/5004: loss=2.632612
  step 2400/5004: loss=2.383056
  step 2500/5004: loss=2.309490
  step 2600/5004: loss=2.555483
  step 2700/5004: loss=2.498413
  step 2800/5004: loss=1.999085
  step 2900/5004: loss=2.319297
  step 3000/5004: loss=1.956810
  step 3100/5004: loss=2.078734
  step 3200/5004: loss=2.538805
  step 3300/5004: loss=2.812238
  step 3400/5004: loss=2.437638
  step 3500/5004: loss=2.487589
  step 3600/5004: loss=2.412343
  step 3700/5004: loss=2.333071
  step 3800/5004: loss=2.331148
  step 3900/5004: loss=2.400250
  step 4000/5004: loss=2.207518
  step 4100/5004: loss=2.171965
  step 4200/5004: loss=2.426460
  step 4300/5004: loss=2.097883
  step 4400/5004: loss=2.801425
  step 4500/5004: loss=2.542331
  step 4600/5004: loss=2.499469
  step 4700/5004: loss=2.375565
  step 4800/5004: loss=2.557404
  step 4900/5004: loss=2.662424
  step 5000/5004: loss=2.182126
[pjrt_ffi] RESIDENT: @efficientnetin_fwd_eval holds 311 parameter tensors (20.3 MB) on 1 device; they stop crossing PCIe from here
Epoch 273/350: loss=2.333565 lr=0.000533
  epoch 273: test_acc = 38182/50000 = 76.364000%  top5 = 46414/50000 = 92.828000%  [95% CI 75.99–76.73]
    BN companion -> .lake/build/efficientnetin_emarmsdp64dropdobf16_ckpt_xla.bin.bn (42016 floats x 2, hash 6686641205782022493)
  step 0/5004: loss=2.259590
  step 1/5004: loss=2.394270
  step 2/5004: loss=2.082984
  step 100/5004: loss=2.424501
  step 200/5004: loss=2.531578
  step 300/5004: loss=2.170681
  step 400/5004: loss=2.288303
  step 500/5004: loss=2.413333
  step 600/5004: loss=2.409397
  step 700/5004: loss=2.387930
  step 800/5004: loss=2.218025
  step 900/5004: loss=2.089231
  step 1000/5004: loss=2.231058
  step 1100/5004: loss=2.233976
  step 1200/5004: loss=2.618196
  step 1300/5004: loss=1.993314
  step 1400/5004: loss=2.559470
  step 1500/5004: loss=2.191934
  step 1600/5004: loss=2.453853
  step 1700/5004: loss=2.283562
  step 1800/5004: loss=2.441471
  step 1900/5004: loss=2.609445
  step 2000/5004: loss=2.184095
  step 2100/5004: loss=2.187322
  step 2200/5004: loss=2.590827
  step 2300/5004: loss=2.443922
  step 2400/5004: loss=2.355144
  step 2500/5004: loss=2.204301
  step 2600/5004: loss=2.349290
  step 2700/5004: loss=2.119147
  step 2800/5004: loss=2.447355
  step 2900/5004: loss=2.322669
  step 3000/5004: loss=1.933290
  step 3100/5004: loss=2.510622
  step 3200/5004: loss=2.294022
  step 3300/5004: loss=2.237664
  step 3400/5004: loss=2.374927
  step 3500/5004: loss=2.087833
  step 3600/5004: loss=1.968669
  step 3700/5004: loss=2.277194
  step 3800/5004: loss=2.472454
  step 3900/5004: loss=2.116008
  step 4000/5004: loss=2.452303
  step 4100/5004: loss=2.524308
  step 4200/5004: loss=2.478522
  step 4300/5004: loss=2.458212
  step 4400/5004: loss=2.406030
  step 4500/5004: loss=2.455802
  step 4600/5004: loss=2.261549
  step 4700/5004: loss=2.207336
  step 4800/5004: loss=2.373381
W0000 00:00:1789463737.621515 3164870 prefetch_autotuner.cc:55] Prefetch autotuner tried to allocate 91453 bytes after encountering the first element of size 91453 bytes.This already causes the autotune ram budget to be exceeded. To stay within the ram budget, either increase the ram budget or reduce element size
  step 4900/5004: loss=2.075856
  step 5000/5004: loss=1.862706
[pjrt_ffi] RESIDENT: @efficientnetin_fwd_eval holds 311 parameter tensors (20.3 MB) on 1 device; they stop crossing PCIe from here
Epoch 274/350: loss=2.330264 lr=0.000527
  epoch 274: test_acc = 38173/50000 = 76.346000%  top5 = 46428/50000 = 92.856000%  [95% CI 75.97–76.72]
    BN companion -> .lake/build/efficientnetin_emarmsdp64dropdobf16_ckpt_xla.bin.bn (42016 floats x 2, hash 1108903888077656002)
  step 0/5004: loss=2.004127
  step 1/5004: loss=1.920794
  step 2/5004: loss=2.269235
  step 100/5004: loss=2.486362
  step 200/5004: loss=2.073366
  step 300/5004: loss=2.201790
  step 400/5004: loss=2.555838
  step 500/5004: loss=2.719491
  step 600/5004: loss=2.337509
  step 700/5004: loss=2.329297
  step 800/5004: loss=2.497262
  step 900/5004: loss=2.182700
  step 1000/5004: loss=2.448356
  step 1100/5004: loss=2.053975
  step 1200/5004: loss=2.267126
  step 1300/5004: loss=2.360239
  step 1400/5004: loss=2.522537
  step 1500/5004: loss=2.290871
  step 1600/5004: loss=2.480434
  step 1700/5004: loss=2.141301
  step 1800/5004: loss=2.825125
  step 1900/5004: loss=2.263113
  step 2000/5004: loss=2.481016
  step 2100/5004: loss=2.458945
  step 2200/5004: loss=1.880222
  step 2300/5004: loss=2.487453
  step 2400/5004: loss=2.315158
  step 2500/5004: loss=2.145797
  step 2600/5004: loss=2.277893
  step 2700/5004: loss=2.462779
  step 2800/5004: loss=2.399616
  step 2900/5004: loss=2.364618
  step 3000/5004: loss=2.199813
  step 3100/5004: loss=2.158974
  step 3200/5004: loss=2.450063
  step 3300/5004: loss=2.002954
  step 3400/5004: loss=2.202639
  step 3500/5004: loss=2.487602
  step 3600/5004: loss=2.283662
  step 3700/5004: loss=2.394375
  step 3800/5004: loss=2.439072
  step 3900/5004: loss=2.648252
  step 4000/5004: loss=2.516821
  step 4100/5004: loss=2.449109
  step 4200/5004: loss=2.389596
  step 4300/5004: loss=2.389746
  step 4400/5004: loss=2.597808
  step 4500/5004: loss=2.665310
  step 4600/5004: loss=2.683741
  step 4700/5004: loss=2.350229
  step 4800/5004: loss=2.188464
  step 4900/5004: loss=2.237016
  step 5000/5004: loss=2.221035
[pjrt_ffi] RESIDENT: @efficientnetin_fwd_eval holds 311 parameter tensors (20.3 MB) on 1 device; they stop crossing PCIe from here
Epoch 275/350: loss=2.327587 lr=0.000520
  epoch 275: test_acc = 38198/50000 = 76.396000%  top5 = 46435/50000 = 92.870000%  [95% CI 76.02–76.77]
    BN companion -> .lake/build/efficientnetin_emarmsdp64dropdobf16_ckpt_xla.bin.bn (42016 floats x 2, hash 4768681268179408122)
  step 0/5004: loss=1.945716
  step 1/5004: loss=2.538852
  step 2/5004: loss=2.098297
  step 100/5004: loss=2.401816
  step 200/5004: loss=2.486917
  step 300/5004: loss=2.396826
  step 400/5004: loss=2.240811
  step 500/5004: loss=2.550103
  step 600/5004: loss=2.338056
  step 700/5004: loss=2.529581
  step 800/5004: loss=2.479319
  step 900/5004: loss=2.409880
  step 1000/5004: loss=2.131435
  step 1100/5004: loss=1.862669
  step 1200/5004: loss=2.007552
  step 1300/5004: loss=2.496610
  step 1400/5004: loss=2.420348
  step 1500/5004: loss=2.421501
  step 1600/5004: loss=2.353173
  step 1700/5004: loss=2.391869
  step 1800/5004: loss=2.871075
  step 1900/5004: loss=2.888354
  step 2000/5004: loss=2.333107
  step 2100/5004: loss=2.414505
  step 2200/5004: loss=2.449022
  step 2300/5004: loss=2.113657
  step 2400/5004: loss=2.184329
  step 2500/5004: loss=2.473128
  step 2600/5004: loss=2.684615
  step 2700/5004: loss=2.252774
  step 2800/5004: loss=2.219569
  step 2900/5004: loss=2.326598
  step 3000/5004: loss=2.324992
  step 3100/5004: loss=2.198461
  step 3200/5004: loss=2.135867
  step 3300/5004: loss=2.410571
  step 3400/5004: loss=2.264811
  step 3500/5004: loss=2.034401
  step 3600/5004: loss=2.326294
  step 3700/5004: loss=2.744812
  step 3800/5004: loss=2.444920
  step 3900/5004: loss=2.305540
  step 4000/5004: loss=2.018130
  step 4100/5004: loss=2.356442
  step 4200/5004: loss=2.343865
  step 4300/5004: loss=2.397217
  step 4400/5004: loss=2.414023
  step 4500/5004: loss=2.428882
  step 4600/5004: loss=2.287172
  step 4700/5004: loss=2.280256
  step 4800/5004: loss=2.137222
  step 4900/5004: loss=2.171658
  step 5000/5004: loss=2.235942
[pjrt_ffi] RESIDENT: @efficientnetin_fwd_eval holds 311 parameter tensors (20.3 MB) on 1 device; they stop crossing PCIe from here
Epoch 276/350: loss=2.330902 lr=0.000513
  epoch 276: test_acc = 38153/50000 = 76.306000%  top5 = 46425/50000 = 92.850000%  [95% CI 75.93–76.68]
    BN companion -> .lake/build/efficientnetin_emarmsdp64dropdobf16_ckpt_xla.bin.bn (42016 floats x 2, hash 17908175248153349833)
  step 0/5004: loss=2.196949
  step 1/5004: loss=1.948315
  step 2/5004: loss=2.492588
  step 100/5004: loss=2.243671
  step 200/5004: loss=2.496239
  step 300/5004: loss=2.184299
  step 400/5004: loss=2.143278
  step 500/5004: loss=2.359318
  step 600/5004: loss=2.341732
  step 700/5004: loss=2.184889
  step 800/5004: loss=2.000850
  step 900/5004: loss=2.201950
  step 1000/5004: loss=2.102438
  step 1100/5004: loss=2.474901
  step 1200/5004: loss=2.741423
  step 1300/5004: loss=2.581994
  step 1400/5004: loss=2.181688
  step 1500/5004: loss=2.577639
  step 1600/5004: loss=2.202403
  step 1700/5004: loss=2.302903
  step 1800/5004: loss=2.326322
  step 1900/5004: loss=2.316860
  step 2000/5004: loss=2.219882
  step 2100/5004: loss=2.687799
  step 2200/5004: loss=2.703966
  step 2300/5004: loss=2.157741
  step 2400/5004: loss=2.552366
  step 2500/5004: loss=2.029625
  step 2600/5004: loss=2.079038
  step 2700/5004: loss=2.124646
  step 2800/5004: loss=2.171286
  step 2900/5004: loss=2.163879
  step 3000/5004: loss=2.150655
  step 3100/5004: loss=2.372895
  step 3200/5004: loss=2.235388
  step 3300/5004: loss=2.300021
  step 3400/5004: loss=2.282220
  step 3500/5004: loss=2.249499
  step 3600/5004: loss=2.301129
  step 3700/5004: loss=2.289083
  step 3800/5004: loss=2.347197
  step 3900/5004: loss=2.556638
  step 4000/5004: loss=2.196288
  step 4100/5004: loss=2.179918
  step 4200/5004: loss=2.153170
  step 4300/5004: loss=2.355400
  step 4400/5004: loss=2.174582
  step 4500/5004: loss=2.063481
  step 4600/5004: loss=2.407910
  step 4700/5004: loss=2.312265
  step 4800/5004: loss=2.460554
  step 4900/5004: loss=2.512699
  step 5000/5004: loss=2.174509
[pjrt_ffi] RESIDENT: @efficientnetin_fwd_eval holds 311 parameter tensors (20.3 MB) on 1 device; they stop crossing PCIe from here
Epoch 277/350: loss=2.330519 lr=0.000507
  epoch 277: test_acc = 38149/50000 = 76.298000%  top5 = 46448/50000 = 92.896000%  [95% CI 75.92–76.67]
    BN companion -> .lake/build/efficientnetin_emarmsdp64dropdobf16_ckpt_xla.bin.bn (42016 floats x 2, hash 12692432848110242761)
  step 0/5004: loss=2.487062
  step 1/5004: loss=2.404490
  step 2/5004: loss=1.959620
  step 100/5004: loss=2.770922
  step 200/5004: loss=2.056189
  step 300/5004: loss=2.649724
  step 400/5004: loss=2.249344
  step 500/5004: loss=2.284581
  step 600/5004: loss=2.287481
  step 700/5004: loss=2.669407
  step 800/5004: loss=2.749228
  step 900/5004: loss=2.699472
  step 1000/5004: loss=2.571025
  step 1100/5004: loss=2.757811
  step 1200/5004: loss=3.168780
  step 1300/5004: loss=2.320864
  step 1400/5004: loss=2.410089
  step 1500/5004: loss=2.421726
  step 1600/5004: loss=1.921795
  step 1700/5004: loss=2.212947
  step 1800/5004: loss=2.259093
  step 1900/5004: loss=2.795517
  step 2000/5004: loss=2.116549
  step 2100/5004: loss=2.306794
  step 2200/5004: loss=2.392247
  step 2300/5004: loss=2.411127
  step 2400/5004: loss=2.648245
  step 2500/5004: loss=2.152038
  step 2600/5004: loss=2.038964
  step 2700/5004: loss=1.956798
  step 2800/5004: loss=2.326543
  step 2900/5004: loss=2.504717
  step 3000/5004: loss=2.297898
  step 3100/5004: loss=2.338169
  step 3200/5004: loss=2.343476
  step 3300/5004: loss=2.193073
  step 3400/5004: loss=2.528485
  step 3500/5004: loss=2.134439
  step 3600/5004: loss=2.557594
  step 3700/5004: loss=2.320376
  step 3800/5004: loss=2.143515
  step 3900/5004: loss=2.363378
  step 4000/5004: loss=2.454129
  step 4100/5004: loss=2.381089
  step 4200/5004: loss=2.305665
  step 4300/5004: loss=2.361122
  step 4400/5004: loss=2.248240
  step 4500/5004: loss=2.502332
  step 4600/5004: loss=2.232716
  step 4700/5004: loss=2.070224
  step 4800/5004: loss=2.365392
  step 4900/5004: loss=2.124672
  step 5000/5004: loss=2.586736
[pjrt_ffi] RESIDENT: @efficientnetin_fwd_eval holds 311 parameter tensors (20.3 MB) on 1 device; they stop crossing PCIe from here
Epoch 278/350: loss=2.330558 lr=0.000501
  epoch 278: test_acc = 38136/50000 = 76.272000%  top5 = 46467/50000 = 92.934000%  [95% CI 75.90–76.64]
    BN companion -> .lake/build/efficientnetin_emarmsdp64dropdobf16_ckpt_xla.bin.bn (42016 floats x 2, hash 2988870647185769533)
  step 0/5004: loss=2.211748
  step 1/5004: loss=2.480316
  step 2/5004: loss=2.333052
  step 100/5004: loss=2.193254
  step 200/5004: loss=2.621370
  step 300/5004: loss=2.149688
  step 400/5004: loss=2.365329
  step 500/5004: loss=2.924280
  step 600/5004: loss=2.281929
  step 700/5004: loss=2.276298
  step 800/5004: loss=2.473687
  step 900/5004: loss=2.422090
  step 1000/5004: loss=2.485716
  step 1100/5004: loss=2.503338
  step 1200/5004: loss=2.394194
  step 1300/5004: loss=2.286207
  step 1400/5004: loss=2.439980
  step 1500/5004: loss=2.215943
  step 1600/5004: loss=2.400299
  step 1700/5004: loss=2.161221
  step 1800/5004: loss=2.604876
  step 1900/5004: loss=2.643157
  step 2000/5004: loss=2.386752
  step 2100/5004: loss=2.357679
  step 2200/5004: loss=2.562330
  step 2300/5004: loss=2.684443
  step 2400/5004: loss=2.284134
  step 2500/5004: loss=2.788350
  step 2600/5004: loss=2.499677
  step 2700/5004: loss=2.212099
  step 2800/5004: loss=2.349760
  step 2900/5004: loss=2.613934
  step 3000/5004: loss=2.711427
  step 3100/5004: loss=1.975587
  step 3200/5004: loss=2.183265
  step 3300/5004: loss=2.144813
  step 3400/5004: loss=2.265514
  step 3500/5004: loss=2.642079
  step 3600/5004: loss=2.123227
  step 3700/5004: loss=2.408282
  step 3800/5004: loss=2.092825
  step 3900/5004: loss=2.139184
  step 4000/5004: loss=2.581031
  step 4100/5004: loss=2.163794
  step 4200/5004: loss=2.343174
  step 4300/5004: loss=2.717283
  step 4400/5004: loss=2.122898
  step 4500/5004: loss=1.997450
  step 4600/5004: loss=2.292470
  step 4700/5004: loss=2.660656
  step 4800/5004: loss=2.255007
  step 4900/5004: loss=1.932012
  step 5000/5004: loss=2.181976
[pjrt_ffi] RESIDENT: @efficientnetin_fwd_eval holds 311 parameter tensors (20.3 MB) on 1 device; they stop crossing PCIe from here
Epoch 279/350: loss=2.329915 lr=0.000494
  epoch 279: test_acc = 38155/50000 = 76.310000%  top5 = 46476/50000 = 92.952000%  [95% CI 75.94–76.68]
    BN companion -> .lake/build/efficientnetin_emarmsdp64dropdobf16_ckpt_xla.bin.bn (42016 floats x 2, hash 1201390686344137131)
  step 0/5004: loss=2.189727
  step 1/5004: loss=2.393608
  step 2/5004: loss=2.145468
  step 100/5004: loss=2.452084
  step 200/5004: loss=2.049106
  step 300/5004: loss=2.137068
  step 400/5004: loss=2.771109
  step 500/5004: loss=2.301188
  step 600/5004: loss=2.287138
  step 700/5004: loss=2.081560
  step 800/5004: loss=2.333089
  step 900/5004: loss=2.261465
  step 1000/5004: loss=2.291826
  step 1100/5004: loss=2.408520
  step 1200/5004: loss=1.959180
  step 1300/5004: loss=2.269791
  step 1400/5004: loss=2.185942
  step 1500/5004: loss=2.795533
  step 1600/5004: loss=2.535859
  step 1700/5004: loss=2.171783
  step 1800/5004: loss=2.179200
  step 1900/5004: loss=2.223198
  step 2000/5004: loss=2.195215
  step 2100/5004: loss=2.290516
  step 2200/5004: loss=2.142960
  step 2300/5004: loss=2.503380
  step 2400/5004: loss=2.163024
  step 2500/5004: loss=2.221066
  step 2600/5004: loss=2.621453
  step 2700/5004: loss=2.146475
  step 2800/5004: loss=2.466843
  step 2900/5004: loss=2.126539
  step 3000/5004: loss=2.671348
  step 3100/5004: loss=2.532901
  step 3200/5004: loss=2.299351
  step 3300/5004: loss=2.434126
  step 3400/5004: loss=2.586398
  step 3500/5004: loss=2.634200
  step 3600/5004: loss=2.215825
  step 3700/5004: loss=2.568368
  step 3800/5004: loss=2.045514
  step 3900/5004: loss=2.370809
  step 4000/5004: loss=2.185263
  step 4100/5004: loss=2.645065
  step 4200/5004: loss=2.325190
  step 4300/5004: loss=2.108895
  step 4400/5004: loss=2.315253
  step 4500/5004: loss=2.567774
  step 4600/5004: loss=2.288942
  step 4700/5004: loss=2.284328
  step 4800/5004: loss=2.159287
W0000 00:00:1789467951.495673 3164870 prefetch_autotuner.cc:55] Prefetch autotuner tried to allocate 91453 bytes after encountering the first element of size 91453 bytes.This already causes the autotune ram budget to be exceeded. To stay within the ram budget, either increase the ram budget or reduce element size
  step 4900/5004: loss=2.201890
  step 5000/5004: loss=2.737135
[pjrt_ffi] RESIDENT: @efficientnetin_fwd_eval holds 311 parameter tensors (20.3 MB) on 1 device; they stop crossing PCIe from here
Epoch 280/350: loss=2.324826 lr=0.000488
  epoch 280: test_acc = 38182/50000 = 76.364000%  top5 = 46458/50000 = 92.916000%  [95% CI 75.99–76.73]
    BN companion -> .lake/build/efficientnetin_emarmsdp64dropdobf16_ckpt_xla.bin.bn (42016 floats x 2, hash 10105906579954985274)
  step 0/5004: loss=2.049541
  step 1/5004: loss=2.622138
  step 2/5004: loss=2.380988
===== 2026-09-15 10:27:01 attempt 6 (from epoch 280) =====
I0915 10:27:02.030058 3250409 service.cc:154] XLA service 0x73ac34008500 initialized for platform CUDA (this does not guarantee that XLA will be used). Devices:
I0915 10:27:02.030122 3250409 service.cc:170]   StreamExecutor [0]: NVIDIA GeForce RTX 3060, Compute Capability 8.6 (Driver: 13.3.0[610.57.4]; Runtime: 13.3.0; Toolkit: 13.0.0; DNN: 9.24.0)
I0915 10:27:02.030135 3250409 service.cc:170]   StreamExecutor [1]: NVIDIA GeForce RTX 3060, Compute Capability 8.6 (Driver: 13.3.0[610.57.4]; Runtime: 13.3.0; Toolkit: 13.0.0; DNN: 9.24.0)
I0915 10:27:02.030141 3250409 service.cc:170]   StreamExecutor [2]: NVIDIA GeForce RTX 3060, Compute Capability 8.6 (Driver: 13.3.0[610.57.4]; Runtime: 13.3.0; Toolkit: 13.0.0; DNN: 9.24.0)
I0915 10:27:02.030147 3250409 service.cc:170]   StreamExecutor [3]: NVIDIA GeForce RTX 3060, Compute Capability 8.6 (Driver: 13.3.0[610.57.4]; Runtime: 13.3.0; Toolkit: 13.0.0; DNN: 9.24.0)
I0915 10:27:02.033223 3250409 se_gpu_pjrt_client.cc:1450] Using BFC allocator.
I0915 10:27:02.033271 3250409 gpu_helpers.cc:162] XLA backend allocating 8.72GiB (9365880832 bytes) on device 0 for BFCAllocator.
I0915 10:27:02.033321 3250409 gpu_helpers.cc:162] XLA backend allocating 8.72GiB (9365880832 bytes) on device 1 for BFCAllocator.
I0915 10:27:02.033339 3250409 gpu_helpers.cc:162] XLA backend allocating 8.72GiB (9365880832 bytes) on device 2 for BFCAllocator.
I0915 10:27:02.033352 3250409 gpu_helpers.cc:162] XLA backend allocating 8.72GiB (9365880832 bytes) on device 3 for BFCAllocator.
[pjrt_ffi] XLA backend: PJRT 0.114, 4 device(s)
[pjrt_ffi] command buffers: enabled (CUDA default)
I0915 10:27:02.129576 3250409 se_gpu_pjrt_compiler.cc:382] Found GPU target config and a PjRtClient with matching configuration. Performing a JIT compilation.
I0915 10:27:04.334354 3250409 cuda_dnn.cc:442] Loaded cuDNN version 92400
W0915 10:27:05.511691 3250475 cuda_timer.cc:88] Delay kernel timed out: measured time has sub-optimal accuracy. There may be a missing warmup execution, please investigate in Nsight Systems.
W0915 10:27:05.647138 3250475 cuda_timer.cc:88] Delay kernel timed out: measured time has sub-optimal accuracy. There may be a missing warmup execution, please investigate in Nsight Systems.
W0915 10:27:06.599350 3250475 cuda_timer.cc:88] Delay kernel timed out: measured time has sub-optimal accuracy. There may be a missing warmup execution, please investigate in Nsight Systems.
I0915 10:27:06.847849 3250471 subprocess_compilation.cc:349] ptxas warning : Registers are spilled to local memory in function 'gemm_fusion_dot_44', 96 bytes spill stores, 64 bytes spill loads

I0915 10:27:07.190083 3250489 subprocess_compilation.cc:349] ptxas warning : Registers are spilled to local memory in function 'gemm_fusion_dot_44', 96 bytes spill stores, 64 bytes spill loads

W0915 10:27:07.477802 3250475 cuda_timer.cc:88] Delay kernel timed out: measured time has sub-optimal accuracy. There may be a missing warmup execution, please investigate in Nsight Systems.
W0915 10:27:09.068682 3250475 cuda_timer.cc:88] Delay kernel timed out: measured time has sub-optimal accuracy. There may be a missing warmup execution, please investigate in Nsight Systems.
I0915 10:27:17.313689 3250484 subprocess_compilation.cc:349] ptxas warning : Registers are spilled to local memory in function 'gemm_fusion_dot_45', 128 bytes spill stores, 72 bytes spill loads

[pjrt_ffi] compiled verified_mlir/efficientnetin_emarmsdp64dropdobf16_train_step.mlir (@efficientnetin_emarmsdp64dropdobf16_train_step, 965 outputs, 4 replicas) in 36349 ms
I0915 10:27:38.770071 3250473 subprocess_compilation.cc:349] ptxas warning : Registers are spilled to local memory in function 'gemm_fusion_dot_10', 12 bytes spill stores, 12 bytes spill loads

I0915 10:27:38.906273 3250472 subprocess_compilation.cc:349] ptxas warning : Registers are spilled to local memory in function 'gemm_fusion_dot_10', 64 bytes spill stores, 64 bytes spill loads

I0915 10:27:38.997686 3250487 subprocess_compilation.cc:349] ptxas warning : Registers are spilled to local memory in function 'gemm_fusion_dot_10', 128 bytes spill stores, 84 bytes spill loads

[pjrt_ffi] compiled verified_mlir/efficientnetin_fwd.mlir (@efficientnetin_fwd, 1 outputs, 1 replica) in 6198 ms
[pjrt_ffi] compiled verified_mlir/efficientnetin_fwd_eval.mlir (@efficientnetin_fwd_eval, 1 outputs, 1 replica) in 512 ms
WARNING: All log messages before absl::InitializeLog() is called are written to STDERR
I0000 00:00:1789468065.463630 3253482 port.cc:153] oneDNN custom operations are on. You may see slightly different numerical results due to floating-point round-off errors from different computation orders. To turn them off, set the environment variable `TF_ENABLE_ONEDNN_OPTS=0`.
I0000 00:00:1789468065.493577 3253482 cpu_feature_guard.cc:227] This TensorFlow binary is optimized to use available CPU instructions in performance-critical operations.
To enable the following instructions: AVX2 AVX512F AVX512_VNNI AVX512_BF16 AVX512_FP16 AVX_VNNI AMX_TILE AMX_INT8 AMX_BF16 FMA, in other operations, rebuild TensorFlow with the appropriate compiler flags.
WARNING: All log messages before absl::InitializeLog() is called are written to STDERR
I0000 00:00:1789468066.912853 3253482 port.cc:153] oneDNN custom operations are on. You may see slightly different numerical results due to floating-point round-off errors from different computation orders. To turn them off, set the environment variable `TF_ENABLE_ONEDNN_OPTS=0`.
I0000 00:00:1789468067.613907 3253592 tf_record_dataset_op.cc:396] The default buffer size is 262144, which is overridden by the user specified `buffer_size` of 8388608
EfficientNet-B0 on full 1000-class ImageNet via the VERIFIED renderer → XLA/PJRT → GPU, with the tfds batch shim supplying the same augmentation the Lean→JAX reference trainer uses
  xla/pjrt verified_mlir/efficientnetin_emarmsdp64dropdobf16_train_step.mlir
  xla/pjrt verified_mlir/efficientnetin_fwd.mlir
  xla/pjrt verified_mlir/efficientnetin_fwd_eval.mlir
  imagenet shim: jax/.lake/build/generated_efficientnet_b0_imagenet_shim.py — validation split, batch 256, 150528 floats/img (seed 0)
  imagenet: draining the val split into RAM (~30 GB, one time)…
  imagenet: val ready — 50000 images, 28710 MB
  ▸ val = all 50,000 (timm's denominator; drop_remainder=False on the val split)
  train 1281167, test 50000; bs 64, EfficientNet-B0 (ImageNet-1k) emarmsdp64dropdobf16 (exp x0.970000/2.400000ep+warmup 5ep, baseLR 0.016000), He init
  ▸ RMSPROP: m = momentum buffer (init 0), v = running MEAN-SQUARE (init 1.0, TF convention — this optimizer is not bias-corrected)
  ▸ STOCHASTIC DEPTH: 9 drop sites, keeps #[0.973000, 0.947000, 0.920000, 0.907000, 0.880000, 0.867000, 0.840000, 0.827000, 0.813000] — host-drawn per step, 1/keep folded in, NOT on the resident path. Eval is the identity (drop-free forward).
  ▸ CLASSIFIER DROPOUT: keep 0.800000, mask tensor<256x1280xf32> (PER-ELEMENT, one Bernoulli per example×feature — not per-example like the drop scales), host-drawn per step at seed+999983, 1/keep folded in. Eval is the identity (drop-free forward).
  ▸ EMA: region 3 of 4 [θ|m|v|ema], shadow starts AT the weights, decay min(0.999900, (1+t)/(10+t)) — TF warmup-corrected. EVAL AND CHECKPOINT SCORE THE SHADOW.
  running-stats BN: 49 layers, 42016 stat floats → eval via @efficientnetin_fwd_eval
     decay 0.990000 (TF sense; = PyTorch/timm momentum 0.010000), new-batch weight 0.010000
  DATA-PARALLEL: 4 replicas x bs 64 = global batch 256, 5004 steps/epoch
  ▸ resuming from checkpoint at epoch 280
  ▸ resumed BN running stats + ema_bn from .lake/build/efficientnetin_emarmsdp64dropdobf16_ckpt_xla.bin.bn (hash 10105906579954985274)
WARNING: All log messages before absl::InitializeLog() is called are written to STDERR
I0000 00:00:1789468105.242153 3253771 port.cc:153] oneDNN custom operations are on. You may see slightly different numerical results due to floating-point round-off errors from different computation orders. To turn them off, set the environment variable `TF_ENABLE_ONEDNN_OPTS=0`.
I0000 00:00:1789468105.271098 3253771 cpu_feature_guard.cc:227] This TensorFlow binary is optimized to use available CPU instructions in performance-critical operations.
To enable the following instructions: AVX2 AVX512F AVX512_VNNI AVX512_BF16 AVX512_FP16 AVX_VNNI AMX_TILE AMX_INT8 AMX_BF16 FMA, in other operations, rebuild TensorFlow with the appropriate compiler flags.
WARNING: All log messages before absl::InitializeLog() is called are written to STDERR
I0000 00:00:1789468106.303963 3253771 port.cc:153] oneDNN custom operations are on. You may see slightly different numerical results due to floating-point round-off errors from different computation orders. To turn them off, set the environment variable `TF_ENABLE_ONEDNN_OPTS=0`.
I0000 00:00:1789468109.808577 3253883 tf_record_dataset_op.cc:396] The default buffer size is 262144, which is overridden by the user specified `buffer_size` of 8388608
WARNING: All log messages before absl::InitializeLog() is called are written to STDERR
I0000 00:00:1789468109.831127 3253884 port.cc:153] oneDNN custom operations are on. You may see slightly different numerical results due to floating-point round-off errors from different computation orders. To turn them off, set the environment variable `TF_ENABLE_ONEDNN_OPTS=0`.
I0000 00:00:1789468109.868627 3253884 cpu_feature_guard.cc:227] This TensorFlow binary is optimized to use available CPU instructions in performance-critical operations.
To enable the following instructions: AVX2 AVX512F AVX512_VNNI AVX512_BF16 AVX512_FP16 AVX_VNNI AMX_TILE AMX_INT8 AMX_BF16 FMA, in other operations, rebuild TensorFlow with the appropriate compiler flags.
WARNING: All log messages before absl::InitializeLog() is called are written to STDERR
I0000 00:00:1789468111.250611 3253884 port.cc:153] oneDNN custom operations are on. You may see slightly different numerical results due to floating-point round-off errors from different computation orders. To turn them off, set the environment variable `TF_ENABLE_ONEDNN_OPTS=0`.
I0000 00:00:1789468114.734829 3254083 tf_record_dataset_op.cc:396] The default buffer size is 262144, which is overridden by the user specified `buffer_size` of 8388608
WARNING: All log messages before absl::InitializeLog() is called are written to STDERR
I0000 00:00:1789468114.775251 3254084 port.cc:153] oneDNN custom operations are on. You may see slightly different numerical results due to floating-point round-off errors from different computation orders. To turn them off, set the environment variable `TF_ENABLE_ONEDNN_OPTS=0`.
I0000 00:00:1789468114.814919 3254084 cpu_feature_guard.cc:227] This TensorFlow binary is optimized to use available CPU instructions in performance-critical operations.
To enable the following instructions: AVX2 AVX512F AVX512_VNNI AVX512_BF16 AVX512_FP16 AVX_VNNI AMX_TILE AMX_INT8 AMX_BF16 FMA, in other operations, rebuild TensorFlow with the appropriate compiler flags.
WARNING: All log messages before absl::InitializeLog() is called are written to STDERR
I0000 00:00:1789468116.198979 3254084 port.cc:153] oneDNN custom operations are on. You may see slightly different numerical results due to floating-point round-off errors from different computation orders. To turn them off, set the environment variable `TF_ENABLE_ONEDNN_OPTS=0`.
I0000 00:00:1789468119.683578 3254262 tf_record_dataset_op.cc:396] The default buffer size is 262144, which is overridden by the user specified `buffer_size` of 8388608
WARNING: All log messages before absl::InitializeLog() is called are written to STDERR
I0000 00:00:1789468119.728635 3254264 port.cc:153] oneDNN custom operations are on. You may see slightly different numerical results due to floating-point round-off errors from different computation orders. To turn them off, set the environment variable `TF_ENABLE_ONEDNN_OPTS=0`.
I0000 00:00:1789468119.766732 3254264 cpu_feature_guard.cc:227] This TensorFlow binary is optimized to use available CPU instructions in performance-critical operations.
To enable the following instructions: AVX2 AVX512F AVX512_VNNI AVX512_BF16 AVX512_FP16 AVX_VNNI AMX_TILE AMX_INT8 AMX_BF16 FMA, in other operations, rebuild TensorFlow with the appropriate compiler flags.
WARNING: All log messages before absl::InitializeLog() is called are written to STDERR
I0000 00:00:1789468121.119522 3254264 port.cc:153] oneDNN custom operations are on. You may see slightly different numerical results due to floating-point round-off errors from different computation orders. To turn them off, set the environment variable `TF_ENABLE_ONEDNN_OPTS=0`.
[pjrt_ffi] RESIDENT: @efficientnetin_emarmsdp64dropdobf16_train_step holds 852 parameter tensors (80.7 MB) on 4 devices; they stop crossing PCIe from here
I0915 10:28:44.593799 3250459 cuda_dnn.cc:442] Loaded cuDNN version 92400
I0915 10:28:44.593936 3250462 cuda_dnn.cc:442] Loaded cuDNN version 92400
I0915 10:28:44.595630 3250465 cuda_dnn.cc:442] Loaded cuDNN version 92400
I0000 00:00:1789468124.867408 3254703 tf_record_dataset_op.cc:396] The default buffer size is 262144, which is overridden by the user specified `buffer_size` of 8388608
  imagenet shim: jax/.lake/build/generated_efficientnet_b0_imagenet_shim.py — train split, batch 256, 150528 floats/img (seed 1)
  imagenet shim: jax/.lake/build/generated_efficientnet_b0_imagenet_shim.py — train split, batch 256, 150528 floats/img (seed 2)
  imagenet shim: jax/.lake/build/generated_efficientnet_b0_imagenet_shim.py — train split, batch 256, 150528 floats/img (seed 3)
  imagenet shim: jax/.lake/build/generated_efficientnet_b0_imagenet_shim.py — train split, batch 256, 150528 floats/img (seed 4)
  imagenet shim: 4 sharded producers (round-robin over batches)
  ▸ SHIM PREFETCH: ON (depth 4 over 4 producer handle(s) — each step's read is issued before the previous step's invoke, one in flight PER HANDLE, so every producer drains during compute instead of blocking in write()). Measured 377 → 224 ms/step on R34/ImageNet 4×bs64 for depth 1. Batch buffers are allocated and freed on the main thread; the pool only fills them.
  step 0/5004: loss=2.221674
  step 1/5004: loss=2.529534
  step 2/5004: loss=2.211417
  step 100/5004: loss=2.344435
  step 200/5004: loss=2.377504
  step 300/5004: loss=2.244279
  step 400/5004: loss=2.124383
  step 500/5004: loss=2.114291
  step 600/5004: loss=2.208288
  step 700/5004: loss=2.216172
  step 800/5004: loss=2.530037
  step 900/5004: loss=2.385055
  step 1000/5004: loss=2.034098
  step 1100/5004: loss=2.639330
  step 1200/5004: loss=2.278079
  step 1300/5004: loss=2.157273
  step 1400/5004: loss=2.245818
  step 1500/5004: loss=2.212449
  step 1600/5004: loss=2.137362
  step 1700/5004: loss=2.549460
  step 1800/5004: loss=2.173500
  step 1900/5004: loss=1.997527
  step 2000/5004: loss=2.328757
  step 2100/5004: loss=2.375590
  step 2200/5004: loss=2.576534
  step 2300/5004: loss=2.384574
  step 2400/5004: loss=2.349240
  step 2500/5004: loss=2.640855
  step 2600/5004: loss=2.073966
  step 2700/5004: loss=2.319702
  step 2800/5004: loss=2.255213
  step 2900/5004: loss=2.322169
  step 3000/5004: loss=2.714859
  step 3100/5004: loss=2.630367
  step 3200/5004: loss=2.488605
  step 3300/5004: loss=2.462564
  step 3400/5004: loss=2.435265
  step 3500/5004: loss=2.214203
  step 3600/5004: loss=2.237849
  step 3700/5004: loss=2.546112
  step 3800/5004: loss=2.373594
  step 3900/5004: loss=2.523284
  step 4000/5004: loss=2.011400
  step 4100/5004: loss=2.290949
  step 4200/5004: loss=2.330133
  step 4300/5004: loss=2.427539
  step 4400/5004: loss=2.037324
  step 4500/5004: loss=2.077809
  step 4600/5004: loss=2.383624
  step 4700/5004: loss=2.517496
  step 4800/5004: loss=2.662895
  step 4900/5004: loss=2.415271
  step 5000/5004: loss=2.325738
[pjrt_ffi] RESIDENT: @efficientnetin_fwd_eval holds 311 parameter tensors (20.3 MB) on 1 device; they stop crossing PCIe from here
Epoch 281/350: loss=2.326204 lr=0.000482
  epoch 281: test_acc = 38139/50000 = 76.278000%  top5 = 46491/50000 = 92.982000%  [95% CI 75.90–76.65]
    BN companion -> .lake/build/efficientnetin_emarmsdp64dropdobf16_ckpt_xla.bin.bn (42016 floats x 2, hash 12499173200249444575)
  step 0/5004: loss=2.327228
  step 1/5004: loss=2.183368
  step 2/5004: loss=2.449651
  step 100/5004: loss=2.290792
  step 200/5004: loss=2.120018
  step 300/5004: loss=2.325910
  step 400/5004: loss=2.564801
  step 500/5004: loss=2.848173
  step 600/5004: loss=2.276558
  step 700/5004: loss=2.369738
  step 800/5004: loss=2.283798
  step 900/5004: loss=2.127089
  step 1000/5004: loss=2.251413
  step 1100/5004: loss=2.447904
  step 1200/5004: loss=2.350749
  step 1300/5004: loss=2.303589
  step 1400/5004: loss=2.217523
  step 1500/5004: loss=2.337769
  step 1600/5004: loss=2.461215
  step 1700/5004: loss=2.522605
  step 1800/5004: loss=2.246855
  step 1900/5004: loss=2.040364
  step 2000/5004: loss=2.156165
  step 2100/5004: loss=2.156418
  step 2200/5004: loss=2.304692
  step 2300/5004: loss=2.150596
  step 2400/5004: loss=2.739228
  step 2500/5004: loss=2.595988
  step 2600/5004: loss=2.909416
  step 2700/5004: loss=2.264293
  step 2800/5004: loss=2.060209
  step 2900/5004: loss=2.094977
  step 3000/5004: loss=2.182586
  step 3100/5004: loss=2.466293
  step 3200/5004: loss=2.326636
  step 3300/5004: loss=2.288410
  step 3400/5004: loss=2.641353
  step 3500/5004: loss=2.027943
  step 3600/5004: loss=2.417439
  step 3700/5004: loss=2.366974
  step 3800/5004: loss=2.325185
  step 3900/5004: loss=2.052196
  step 4000/5004: loss=2.513606
  step 4100/5004: loss=2.096153
  step 4200/5004: loss=2.240149
  step 4300/5004: loss=2.303977
  step 4400/5004: loss=2.438601
  step 4500/5004: loss=2.379793
  step 4600/5004: loss=2.261181
  step 4700/5004: loss=2.500122
  step 4800/5004: loss=2.168499
  step 4900/5004: loss=2.016313
  step 5000/5004: loss=2.542464
[pjrt_ffi] RESIDENT: @efficientnetin_fwd_eval holds 311 parameter tensors (20.3 MB) on 1 device; they stop crossing PCIe from here
Epoch 282/350: loss=2.324367 lr=0.000476
  epoch 282: test_acc = 38147/50000 = 76.294000%  top5 = 46508/50000 = 93.016000%  [95% CI 75.92–76.66]
    BN companion -> .lake/build/efficientnetin_emarmsdp64dropdobf16_ckpt_xla.bin.bn (42016 floats x 2, hash 18168757585504929387)
  step 0/5004: loss=2.093225
  step 1/5004: loss=2.204959
  step 2/5004: loss=2.115059
  step 100/5004: loss=2.553949
  step 200/5004: loss=2.760147
  step 300/5004: loss=2.429033
  step 400/5004: loss=1.951489
  step 500/5004: loss=2.444591
  step 600/5004: loss=2.184541
  step 700/5004: loss=2.108394
  step 800/5004: loss=2.609056
  step 900/5004: loss=2.283333
  step 1000/5004: loss=2.334719
  step 1100/5004: loss=2.568453
  step 1200/5004: loss=2.429815
  step 1300/5004: loss=2.114629
  step 1400/5004: loss=2.099877
  step 1500/5004: loss=2.383245
  step 1600/5004: loss=2.390255
  step 1700/5004: loss=2.211179
  step 1800/5004: loss=2.558271
  step 1900/5004: loss=2.128343
  step 2000/5004: loss=2.360831
  step 2100/5004: loss=2.248604
  step 2200/5004: loss=2.317456
  step 2300/5004: loss=2.247720
  step 2400/5004: loss=2.456168
  step 2500/5004: loss=2.299169
  step 2600/5004: loss=2.030182
  step 2700/5004: loss=2.499506
  step 2800/5004: loss=2.610912
  step 2900/5004: loss=2.428938
  step 3000/5004: loss=2.238828
  step 3100/5004: loss=2.149274
  step 3200/5004: loss=2.686262
  step 3300/5004: loss=2.175752
  step 3400/5004: loss=2.330458
  step 3500/5004: loss=2.454269
  step 3600/5004: loss=1.943192
  step 3700/5004: loss=2.347278
  step 3800/5004: loss=2.648671
  step 3900/5004: loss=2.285241
  step 4000/5004: loss=2.273888
  step 4100/5004: loss=2.228403
  step 4200/5004: loss=2.086592
  step 4300/5004: loss=2.265026
  step 4400/5004: loss=2.072193
  step 4500/5004: loss=2.602175
  step 4600/5004: loss=2.366535
  step 4700/5004: loss=2.199460
  step 4800/5004: loss=2.350322
  step 4900/5004: loss=2.180882
  step 5000/5004: loss=2.277099
[pjrt_ffi] RESIDENT: @efficientnetin_fwd_eval holds 311 parameter tensors (20.3 MB) on 1 device; they stop crossing PCIe from here
Epoch 283/350: loss=2.318336 lr=0.000470
  epoch 283: test_acc = 38180/50000 = 76.360000%  top5 = 46495/50000 = 92.990000%  [95% CI 75.99–76.73]
    BN companion -> .lake/build/efficientnetin_emarmsdp64dropdobf16_ckpt_xla.bin.bn (42016 floats x 2, hash 105724878248728559)
  step 0/5004: loss=2.368757
  step 1/5004: loss=2.520714
  step 2/5004: loss=2.074401
  step 100/5004: loss=2.228437
  step 200/5004: loss=2.423662
  step 300/5004: loss=2.601496
  step 400/5004: loss=2.095437
  step 500/5004: loss=2.734917
  step 600/5004: loss=2.242177
  step 700/5004: loss=2.336577
  step 800/5004: loss=2.099355
  step 900/5004: loss=2.296790
  step 1000/5004: loss=2.197102
  step 1100/5004: loss=2.314690
  step 1200/5004: loss=2.377966
  step 1300/5004: loss=2.606991
  step 1400/5004: loss=2.362917
  step 1500/5004: loss=2.303447
  step 1600/5004: loss=1.997213
  step 1700/5004: loss=2.367262
  step 1800/5004: loss=2.146658
  step 1900/5004: loss=2.257219
  step 2000/5004: loss=2.157598
  step 2100/5004: loss=2.446211
  step 2200/5004: loss=2.420625
  step 2300/5004: loss=2.551975
  step 2400/5004: loss=2.519812
  step 2500/5004: loss=2.509719
  step 2600/5004: loss=2.466641
  step 2700/5004: loss=2.476305
  step 2800/5004: loss=2.504054
  step 2900/5004: loss=2.425598
  step 3000/5004: loss=2.301658
  step 3100/5004: loss=2.455127
  step 3200/5004: loss=1.941896
  step 3300/5004: loss=2.825484
  step 3400/5004: loss=2.595280
  step 3500/5004: loss=2.065580
  step 3600/5004: loss=2.018717
  step 3700/5004: loss=2.173673
  step 3800/5004: loss=2.046625
  step 3900/5004: loss=2.077832
  step 4000/5004: loss=2.409622
  step 4100/5004: loss=2.104805
  step 4200/5004: loss=2.207201
  step 4300/5004: loss=2.284650
  step 4400/5004: loss=1.959268
  step 4500/5004: loss=2.245789
  step 4600/5004: loss=2.187444
  step 4700/5004: loss=2.124701
  step 4800/5004: loss=2.473641
  step 4900/5004: loss=2.116076
  step 5000/5004: loss=2.265053
[pjrt_ffi] RESIDENT: @efficientnetin_fwd_eval holds 311 parameter tensors (20.3 MB) on 1 device; they stop crossing PCIe from here
Epoch 284/350: loss=2.321151 lr=0.000464
  epoch 284: test_acc = 38187/50000 = 76.374000%  top5 = 46489/50000 = 92.978000%  [95% CI 76.00–76.74]
    BN companion -> .lake/build/efficientnetin_emarmsdp64dropdobf16_ckpt_xla.bin.bn (42016 floats x 2, hash 17144622418709745132)
  step 0/5004: loss=2.139360
  step 1/5004: loss=2.223835
  step 2/5004: loss=2.415360
  step 100/5004: loss=2.138932
  step 200/5004: loss=2.143573
  step 300/5004: loss=2.280503
  step 400/5004: loss=1.876473
  step 500/5004: loss=2.233958
  step 600/5004: loss=2.349281
  step 700/5004: loss=2.745028
  step 800/5004: loss=2.454941
  step 900/5004: loss=2.322653
  step 1000/5004: loss=2.374129
  step 1100/5004: loss=2.578570
  step 1200/5004: loss=2.167409
  step 1300/5004: loss=2.284858
  step 1400/5004: loss=2.003172
  step 1500/5004: loss=1.833856
  step 1600/5004: loss=2.060540
  step 1700/5004: loss=2.087857
  step 1800/5004: loss=2.356779
  step 1900/5004: loss=2.249567
  step 2000/5004: loss=2.345639
  step 2100/5004: loss=2.660908
  step 2200/5004: loss=2.363112
  step 2300/5004: loss=2.154593
  step 2400/5004: loss=2.447475
  step 2500/5004: loss=2.429704
  step 2600/5004: loss=2.450362
  step 2700/5004: loss=2.193510
  step 2800/5004: loss=2.120063
  step 2900/5004: loss=2.248689
  step 3000/5004: loss=2.494978
  step 3100/5004: loss=1.945285
  step 3200/5004: loss=2.219695
  step 3300/5004: loss=2.496039
  step 3400/5004: loss=2.750933
  step 3500/5004: loss=2.322412
  step 3600/5004: loss=2.325593
  step 3700/5004: loss=2.372237
  step 3800/5004: loss=2.260098
  step 3900/5004: loss=1.996296
  step 4000/5004: loss=2.052233
  step 4100/5004: loss=2.521296
  step 4200/5004: loss=2.313250
  step 4300/5004: loss=2.392286
  step 4400/5004: loss=2.492291
  step 4500/5004: loss=2.363261
  step 4600/5004: loss=2.176344
  step 4700/5004: loss=2.408611
  step 4800/5004: loss=2.277026
  step 4900/5004: loss=2.281956
  step 5000/5004: loss=2.156337
[pjrt_ffi] RESIDENT: @efficientnetin_fwd_eval holds 311 parameter tensors (20.3 MB) on 1 device; they stop crossing PCIe from here
Epoch 285/350: loss=2.319450 lr=0.000458
  epoch 285: test_acc = 38212/50000 = 76.424000%  top5 = 46487/50000 = 92.974000%  [95% CI 76.05–76.79]
    BN companion -> .lake/build/efficientnetin_emarmsdp64dropdobf16_ckpt_xla.bin.bn (42016 floats x 2, hash 13586920359996993034)
  step 0/5004: loss=2.416610
  step 1/5004: loss=2.376394
  step 2/5004: loss=2.278206
  step 100/5004: loss=2.431163
  step 200/5004: loss=1.959355
  step 300/5004: loss=2.425318
  step 400/5004: loss=2.494709
  step 500/5004: loss=1.948957
  step 600/5004: loss=2.656710
  step 700/5004: loss=2.365363
  step 800/5004: loss=2.345549
  step 900/5004: loss=2.490130
  step 1000/5004: loss=2.245514
  step 1100/5004: loss=2.266296
  step 1200/5004: loss=2.030792
  step 1300/5004: loss=1.868713
  step 1400/5004: loss=2.475605
  step 1500/5004: loss=2.137500
  step 1600/5004: loss=2.139167
  step 1700/5004: loss=2.345218
  step 1800/5004: loss=2.568619
  step 1900/5004: loss=2.296309
  step 2000/5004: loss=2.644252
  step 2100/5004: loss=2.343743
  step 2200/5004: loss=2.457174
  step 2300/5004: loss=2.654488
  step 2400/5004: loss=2.094945
  step 2500/5004: loss=2.175724
  step 2600/5004: loss=2.347151
  step 2700/5004: loss=2.480142
  step 2800/5004: loss=2.485204
  step 2900/5004: loss=2.147736
  step 3000/5004: loss=2.278844
  step 3100/5004: loss=2.412922
  step 3200/5004: loss=2.244574
  step 3300/5004: loss=2.106812
  step 3400/5004: loss=2.244321
  step 3500/5004: loss=2.471737
  step 3600/5004: loss=2.421928
  step 3700/5004: loss=2.633438
  step 3800/5004: loss=2.526896
  step 3900/5004: loss=2.453238
  step 4000/5004: loss=2.238992
  step 4100/5004: loss=2.485547
  step 4200/5004: loss=2.178659
  step 4300/5004: loss=2.787753
  step 4400/5004: loss=2.445832
  step 4500/5004: loss=2.585161
  step 4600/5004: loss=2.436173
  step 4700/5004: loss=2.370425
  step 4800/5004: loss=2.723238
  step 4900/5004: loss=2.305955
  step 5000/5004: loss=2.188869
[pjrt_ffi] RESIDENT: @efficientnetin_fwd_eval holds 311 parameter tensors (20.3 MB) on 1 device; they stop crossing PCIe from here
Epoch 286/350: loss=2.316792 lr=0.000452
  epoch 286: test_acc = 38255/50000 = 76.510000%  top5 = 46486/50000 = 92.972000%  [95% CI 76.14–76.88]
    BN companion -> .lake/build/efficientnetin_emarmsdp64dropdobf16_ckpt_xla.bin.bn (42016 floats x 2, hash 4692256338337821884)
  step 0/5004: loss=2.311178
  step 1/5004: loss=2.448643
  step 2/5004: loss=2.284529
  step 100/5004: loss=2.244466
  step 200/5004: loss=2.508468
  step 300/5004: loss=2.157108
  step 400/5004: loss=2.194277
  step 500/5004: loss=2.040374
  step 600/5004: loss=2.201709
  step 700/5004: loss=2.678781
  step 800/5004: loss=2.211883
  step 900/5004: loss=2.545520
  step 1000/5004: loss=2.684497
  step 1100/5004: loss=2.540812
  step 1200/5004: loss=2.469148
  step 1300/5004: loss=2.361712
  step 1400/5004: loss=2.431030
  step 1500/5004: loss=2.251154
  step 1600/5004: loss=2.136785
  step 1700/5004: loss=2.051255
  step 1800/5004: loss=2.552182
  step 1900/5004: loss=2.418363
  step 2000/5004: loss=2.082255
  step 2100/5004: loss=2.266993
  step 2200/5004: loss=2.119498
  step 2300/5004: loss=2.167027
  step 2400/5004: loss=2.222091
  step 2500/5004: loss=1.751156
  step 2600/5004: loss=2.222003
  step 2700/5004: loss=2.316661
  step 2800/5004: loss=2.318724
  step 2900/5004: loss=2.587887
  step 3000/5004: loss=2.404898
  step 3100/5004: loss=1.946949
  step 3200/5004: loss=2.334349
  step 3300/5004: loss=2.269215
  step 3400/5004: loss=2.702662
  step 3500/5004: loss=2.631060
  step 3600/5004: loss=2.559509
  step 3700/5004: loss=2.318495
  step 3800/5004: loss=2.340424
  step 3900/5004: loss=2.720427
  step 4000/5004: loss=2.425166
  step 4100/5004: loss=2.530579
  step 4200/5004: loss=2.180544
  step 4300/5004: loss=1.932797
  step 4400/5004: loss=2.043692
  step 4500/5004: loss=2.427057
  step 4600/5004: loss=2.534853
  step 4700/5004: loss=2.426314
  step 4800/5004: loss=2.431412
  step 4900/5004: loss=2.207736
  step 5000/5004: loss=2.220051
[pjrt_ffi] RESIDENT: @efficientnetin_fwd_eval holds 311 parameter tensors (20.3 MB) on 1 device; they stop crossing PCIe from here
Epoch 287/350: loss=2.315973 lr=0.000446
  epoch 287: test_acc = 38244/50000 = 76.488000%  top5 = 46499/50000 = 92.998000%  [95% CI 76.11–76.86]
    BN companion -> .lake/build/efficientnetin_emarmsdp64dropdobf16_ckpt_xla.bin.bn (42016 floats x 2, hash 17003398261989215168)
  step 0/5004: loss=2.032254
  step 1/5004: loss=2.181322
  step 2/5004: loss=2.222343
  step 100/5004: loss=2.443490
  step 200/5004: loss=2.258169
  step 300/5004: loss=2.030337
  step 400/5004: loss=1.828428
  step 500/5004: loss=2.152207
  step 600/5004: loss=2.339616
  step 700/5004: loss=2.232443
  step 800/5004: loss=2.540411
  step 900/5004: loss=2.502121
  step 1000/5004: loss=2.278416
  step 1100/5004: loss=2.153408
  step 1200/5004: loss=2.076186
  step 1300/5004: loss=2.252835
  step 1400/5004: loss=2.312891
  step 1500/5004: loss=2.411603
  step 1600/5004: loss=2.146665
  step 1700/5004: loss=2.313885
  step 1800/5004: loss=2.104244
  step 1900/5004: loss=2.185687
  step 2000/5004: loss=2.241381
  step 2100/5004: loss=2.363125
  step 2200/5004: loss=2.170978
  step 2300/5004: loss=2.010355
  step 2400/5004: loss=2.122251
  step 2500/5004: loss=2.083402
  step 2600/5004: loss=2.250489
  step 2700/5004: loss=2.288353
  step 2800/5004: loss=2.366615
  step 2900/5004: loss=2.237542
  step 3000/5004: loss=2.358930
  step 3100/5004: loss=2.508672
  step 3200/5004: loss=1.975797
  step 3300/5004: loss=2.492695
  step 3400/5004: loss=2.172664
  step 3500/5004: loss=2.315597
  step 3600/5004: loss=2.312923
  step 3700/5004: loss=2.504162
  step 3800/5004: loss=2.337979
  step 3900/5004: loss=2.394532
  step 4000/5004: loss=1.928729
  step 4100/5004: loss=2.169737
  step 4200/5004: loss=2.521868
  step 4300/5004: loss=2.343567
  step 4400/5004: loss=2.234362
  step 4500/5004: loss=2.101491
  step 4600/5004: loss=2.311877
  step 4700/5004: loss=2.049417
  step 4800/5004: loss=2.441276
  step 4900/5004: loss=2.483670
  step 5000/5004: loss=2.258068
[pjrt_ffi] RESIDENT: @efficientnetin_fwd_eval holds 311 parameter tensors (20.3 MB) on 1 device; they stop crossing PCIe from here
Epoch 288/350: loss=2.316698 lr=0.000441
  epoch 288: test_acc = 38230/50000 = 76.460000%  top5 = 46480/50000 = 92.960000%  [95% CI 76.09–76.83]
    BN companion -> .lake/build/efficientnetin_emarmsdp64dropdobf16_ckpt_xla.bin.bn (42016 floats x 2, hash 10120110371361539867)
  step 0/5004: loss=2.262472
  step 1/5004: loss=2.389368
  step 2/5004: loss=2.191455
  step 100/5004: loss=2.219139
  step 200/5004: loss=2.176472
  step 300/5004: loss=1.805151
  step 400/5004: loss=2.558402
  step 500/5004: loss=2.549103
  step 600/5004: loss=2.265576
  step 700/5004: loss=2.198252
  step 800/5004: loss=2.240009
  step 900/5004: loss=2.009401
  step 1000/5004: loss=2.311739
  step 1100/5004: loss=2.294719
  step 1200/5004: loss=2.740563
  step 1300/5004: loss=2.302092
  step 1400/5004: loss=2.294960
  step 1500/5004: loss=2.298152
  step 1600/5004: loss=2.692996
  step 1700/5004: loss=2.423645
  step 1800/5004: loss=2.077600
  step 1900/5004: loss=2.315689
  step 2000/5004: loss=2.341101
  step 2100/5004: loss=2.620813
  step 2200/5004: loss=2.214854
  step 2300/5004: loss=2.453246
  step 2400/5004: loss=2.586295
  step 2500/5004: loss=2.457636
  step 2600/5004: loss=1.960820
  step 2700/5004: loss=2.327173
  step 2800/5004: loss=2.106241
  step 2900/5004: loss=2.142854
  step 3000/5004: loss=2.399116
  step 3100/5004: loss=2.283064
  step 3200/5004: loss=2.512244
  step 3300/5004: loss=2.023586
  step 3400/5004: loss=2.643389
  step 3500/5004: loss=2.625681
  step 3600/5004: loss=1.839744
  step 3700/5004: loss=2.429739
  step 3800/5004: loss=2.538762
  step 3900/5004: loss=2.439725
  step 4000/5004: loss=2.356047
  step 4100/5004: loss=2.209545
  step 4200/5004: loss=2.168211
  step 4300/5004: loss=2.419868
  step 4400/5004: loss=2.675301
  step 4500/5004: loss=2.434827
  step 4600/5004: loss=2.256735
  step 4700/5004: loss=2.157884
  step 4800/5004: loss=2.475875
  step 4900/5004: loss=2.243800
  step 5000/5004: loss=2.560665
[pjrt_ffi] RESIDENT: @efficientnetin_fwd_eval holds 311 parameter tensors (20.3 MB) on 1 device; they stop crossing PCIe from here
Epoch 289/350: loss=2.321185 lr=0.000435
  epoch 289: test_acc = 38267/50000 = 76.534000%  top5 = 46485/50000 = 92.970000%  [95% CI 76.16–76.90]
    BN companion -> .lake/build/efficientnetin_emarmsdp64dropdobf16_ckpt_xla.bin.bn (42016 floats x 2, hash 12030555931535546577)
  step 0/5004: loss=2.331350
  step 1/5004: loss=2.161011
  step 2/5004: loss=2.291883
  step 100/5004: loss=2.554484
  step 200/5004: loss=2.266346
  step 300/5004: loss=2.221738
  step 400/5004: loss=2.304940
  step 500/5004: loss=2.312896
  step 600/5004: loss=2.339789
  step 700/5004: loss=1.902450
  step 800/5004: loss=2.610633
  step 900/5004: loss=2.184413
  step 1000/5004: loss=2.202838
  step 1100/5004: loss=2.526763
  step 1200/5004: loss=2.503963
  step 1300/5004: loss=2.621716
  step 1400/5004: loss=2.529974
  step 1500/5004: loss=2.211538
  step 1600/5004: loss=2.630135
  step 1700/5004: loss=2.448080
  step 1800/5004: loss=2.258223
  step 1900/5004: loss=2.045996
  step 2000/5004: loss=2.137084
  step 2100/5004: loss=2.638447
  step 2200/5004: loss=2.175390
  step 2300/5004: loss=2.243310
  step 2400/5004: loss=2.298421
  step 2500/5004: loss=2.546789
  step 2600/5004: loss=2.496760
  step 2700/5004: loss=2.221981
  step 2800/5004: loss=2.115935
  step 2900/5004: loss=2.182068
  step 3000/5004: loss=2.207680
  step 3100/5004: loss=2.256471
  step 3200/5004: loss=2.317253
  step 3300/5004: loss=2.496195
  step 3400/5004: loss=2.564813
  step 3500/5004: loss=2.275597
  step 3600/5004: loss=2.346628
  step 3700/5004: loss=2.299959
  step 3800/5004: loss=2.164971
  step 3900/5004: loss=2.189027
  step 4000/5004: loss=2.410698
  step 4100/5004: loss=2.230634
  step 4200/5004: loss=2.218811
  step 4300/5004: loss=2.517630
  step 4400/5004: loss=2.986564
  step 4500/5004: loss=2.319185
  step 4600/5004: loss=2.369744
  step 4700/5004: loss=2.320822
  step 4800/5004: loss=2.673842
  step 4900/5004: loss=2.360128
  step 5000/5004: loss=2.217568
[pjrt_ffi] RESIDENT: @efficientnetin_fwd_eval holds 311 parameter tensors (20.3 MB) on 1 device; they stop crossing PCIe from here
Epoch 290/350: loss=2.311605 lr=0.000430
  epoch 290: test_acc = 38237/50000 = 76.474000%  top5 = 46475/50000 = 92.950000%  [95% CI 76.10–76.84]
    BN companion -> .lake/build/efficientnetin_emarmsdp64dropdobf16_ckpt_xla.bin.bn (42016 floats x 2, hash 17429091151055229659)
  step 0/5004: loss=2.075720
  step 1/5004: loss=2.284487
  step 2/5004: loss=2.239965
  step 100/5004: loss=1.880341
  step 200/5004: loss=2.261782
  step 300/5004: loss=2.759863
  step 400/5004: loss=2.341765
  step 500/5004: loss=2.145943
  step 600/5004: loss=2.912354
  step 700/5004: loss=2.259485
  step 800/5004: loss=2.184342
  step 900/5004: loss=2.190101
  step 1000/5004: loss=2.260535
  step 1100/5004: loss=2.223752
  step 1200/5004: loss=2.300160
  step 1300/5004: loss=2.436573
  step 1400/5004: loss=2.405644
  step 1500/5004: loss=2.450925
  step 1600/5004: loss=2.588176
  step 1700/5004: loss=2.449901
  step 1800/5004: loss=2.473927
  step 1900/5004: loss=2.156539
  step 2000/5004: loss=2.479433
  step 2100/5004: loss=2.405789
  step 2200/5004: loss=2.248366
  step 2300/5004: loss=2.421569
  step 2400/5004: loss=2.288688
  step 2500/5004: loss=1.820976
  step 2600/5004: loss=2.260311
  step 2700/5004: loss=2.227716
  step 2800/5004: loss=2.212587
  step 2900/5004: loss=2.204108
  step 3000/5004: loss=2.212646
  step 3100/5004: loss=2.450044
  step 3200/5004: loss=2.207829
  step 3300/5004: loss=2.301074
  step 3400/5004: loss=2.097744
  step 3500/5004: loss=2.566728
  step 3600/5004: loss=2.230462
  step 3700/5004: loss=2.008935
  step 3800/5004: loss=2.295391
  step 3900/5004: loss=2.512794
  step 4000/5004: loss=2.344970
  step 4100/5004: loss=2.158629
  step 4200/5004: loss=2.424596
  step 4300/5004: loss=2.475438
  step 4400/5004: loss=2.447685
  step 4500/5004: loss=2.344748
  step 4600/5004: loss=2.350651
  step 4700/5004: loss=2.594920
  step 4800/5004: loss=2.392900
  step 4900/5004: loss=2.665534
  step 5000/5004: loss=2.158289
[pjrt_ffi] RESIDENT: @efficientnetin_fwd_eval holds 311 parameter tensors (20.3 MB) on 1 device; they stop crossing PCIe from here
Epoch 291/350: loss=2.311846 lr=0.000424
  epoch 291: test_acc = 38232/50000 = 76.464000%  top5 = 46492/50000 = 92.984000%  [95% CI 76.09–76.83]
    BN companion -> .lake/build/efficientnetin_emarmsdp64dropdobf16_ckpt_xla.bin.bn (42016 floats x 2, hash 5280793268862340643)
  step 0/5004: loss=2.556889
  step 1/5004: loss=2.569381
  step 2/5004: loss=2.074367
  step 100/5004: loss=2.365837
  step 200/5004: loss=2.582829
  step 300/5004: loss=2.283270
  step 400/5004: loss=2.291415
  step 500/5004: loss=1.983855
  step 600/5004: loss=2.285284
  step 700/5004: loss=1.904312
  step 800/5004: loss=2.262834
  step 900/5004: loss=2.080975
  step 1000/5004: loss=2.224635
  step 1100/5004: loss=2.258740
  step 1200/5004: loss=2.217421
  step 1300/5004: loss=2.260478
  step 1400/5004: loss=2.343089
  step 1500/5004: loss=1.914392
  step 1600/5004: loss=2.146675
  step 1700/5004: loss=2.524785
  step 1800/5004: loss=2.778508
  step 1900/5004: loss=2.546079
  step 2000/5004: loss=2.619940
  step 2100/5004: loss=2.110600
  step 2200/5004: loss=2.242572
  step 2300/5004: loss=2.334837
  step 2400/5004: loss=2.277341
  step 2500/5004: loss=2.448985
  step 2600/5004: loss=2.474607
  step 2700/5004: loss=2.163838
  step 2800/5004: loss=2.434913
  step 2900/5004: loss=2.575920
  step 3000/5004: loss=2.048487
  step 3100/5004: loss=2.192661
  step 3200/5004: loss=2.301466
  step 3300/5004: loss=2.594656
  step 3400/5004: loss=2.269209
  step 3500/5004: loss=2.645244
  step 3600/5004: loss=2.210732
  step 3700/5004: loss=2.470316
  step 3800/5004: loss=2.365650
  step 3900/5004: loss=2.310014
  step 4000/5004: loss=2.293122
  step 4100/5004: loss=2.638889
  step 4200/5004: loss=2.048722
  step 4300/5004: loss=2.097637
  step 4400/5004: loss=2.187559
  step 4500/5004: loss=2.179729
  step 4600/5004: loss=2.396632
  step 4700/5004: loss=2.078466
  step 4800/5004: loss=2.132681
  step 4900/5004: loss=2.331413
  step 5000/5004: loss=2.226177
[pjrt_ffi] RESIDENT: @efficientnetin_fwd_eval holds 311 parameter tensors (20.3 MB) on 1 device; they stop crossing PCIe from here
Epoch 292/350: loss=2.312879 lr=0.000419
  epoch 292: test_acc = 38271/50000 = 76.542000%  top5 = 46507/50000 = 93.014000%  [95% CI 76.17–76.91]
    BN companion -> .lake/build/efficientnetin_emarmsdp64dropdobf16_ckpt_xla.bin.bn (42016 floats x 2, hash 1619974033337204208)
  step 0/5004: loss=2.483050
  step 1/5004: loss=2.073753
  step 2/5004: loss=2.557334
  step 100/5004: loss=2.010062
  step 200/5004: loss=1.938427
  step 300/5004: loss=2.060742
  step 400/5004: loss=2.257902
  step 500/5004: loss=1.984732
  step 600/5004: loss=2.304755
  step 700/5004: loss=2.753110
  step 800/5004: loss=2.142618
  step 900/5004: loss=2.207345
  step 1000/5004: loss=2.189945
  step 1100/5004: loss=2.402064
  step 1200/5004: loss=2.111298
  step 1300/5004: loss=2.334419
  step 1400/5004: loss=2.301145
  step 1500/5004: loss=1.973489
  step 1600/5004: loss=2.046771
  step 1700/5004: loss=2.482379
  step 1800/5004: loss=2.406207
  step 1900/5004: loss=2.476584
  step 2000/5004: loss=2.512241
  step 2100/5004: loss=2.243897
  step 2200/5004: loss=2.609962
  step 2300/5004: loss=2.780097
  step 2400/5004: loss=2.130668
  step 2500/5004: loss=2.080705
  step 2600/5004: loss=2.585374
  step 2700/5004: loss=2.165853
  step 2800/5004: loss=2.288712
  step 2900/5004: loss=2.482319
  step 3000/5004: loss=2.366601
  step 3100/5004: loss=2.443335
  step 3200/5004: loss=2.479144
  step 3300/5004: loss=2.366618
  step 3400/5004: loss=2.045897
  step 3500/5004: loss=2.335949
  step 3600/5004: loss=2.203762
  step 3700/5004: loss=2.476294
  step 3800/5004: loss=2.058810
  step 3900/5004: loss=2.153766
  step 4000/5004: loss=2.631028
  step 4100/5004: loss=2.387663
  step 4200/5004: loss=1.961928
  step 4300/5004: loss=2.503975
  step 4400/5004: loss=2.357992
  step 4500/5004: loss=2.410813
  step 4600/5004: loss=2.327255
  step 4700/5004: loss=2.622531
  step 4800/5004: loss=2.615293
  step 4900/5004: loss=2.573373
  step 5000/5004: loss=2.149957
[pjrt_ffi] RESIDENT: @efficientnetin_fwd_eval holds 311 parameter tensors (20.3 MB) on 1 device; they stop crossing PCIe from here
Epoch 293/350: loss=2.310871 lr=0.000414
  epoch 293: test_acc = 38275/50000 = 76.550000%  top5 = 46522/50000 = 93.044000%  [95% CI 76.18–76.92]
    BN companion -> .lake/build/efficientnetin_emarmsdp64dropdobf16_ckpt_xla.bin.bn (42016 floats x 2, hash 853146716885813878)
  step 0/5004: loss=2.332829
  step 1/5004: loss=2.445967
  step 2/5004: loss=2.292819
  step 100/5004: loss=2.195376
  step 200/5004: loss=2.182024
  step 300/5004: loss=2.301817
  step 400/5004: loss=2.358890
  step 500/5004: loss=2.291121
  step 600/5004: loss=2.303336
  step 700/5004: loss=2.394015
  step 800/5004: loss=2.209068
  step 900/5004: loss=2.437400
  step 1000/5004: loss=1.931734
  step 1100/5004: loss=2.779511
  step 1200/5004: loss=2.333339
  step 1300/5004: loss=2.337677
  step 1400/5004: loss=2.392457
  step 1500/5004: loss=1.892460
  step 1600/5004: loss=2.520965
  step 1700/5004: loss=2.486738
  step 1800/5004: loss=2.135084
  step 1900/5004: loss=2.650592
  step 2000/5004: loss=1.760118
  step 2100/5004: loss=2.277727
  step 2200/5004: loss=2.450578
  step 2300/5004: loss=2.362691
  step 2400/5004: loss=2.438039
  step 2500/5004: loss=2.119378
  step 2600/5004: loss=2.538986
  step 2700/5004: loss=2.628900
  step 2800/5004: loss=2.175165
  step 2900/5004: loss=2.523991
  step 3000/5004: loss=2.258232
  step 3100/5004: loss=2.518981
  step 3200/5004: loss=2.307263
  step 3300/5004: loss=2.336804
  step 3400/5004: loss=2.549278
  step 3500/5004: loss=2.379231
  step 3600/5004: loss=2.527410
  step 3700/5004: loss=2.446623
  step 3800/5004: loss=2.372885
  step 3900/5004: loss=2.177335
  step 4000/5004: loss=2.215210
  step 4100/5004: loss=2.095985
  step 4200/5004: loss=2.204420
  step 4300/5004: loss=2.466472
  step 4400/5004: loss=2.315662
  step 4500/5004: loss=2.186337
  step 4600/5004: loss=2.570777
  step 4700/5004: loss=2.109269
  step 4800/5004: loss=2.598710
  step 4900/5004: loss=2.041489
  step 5000/5004: loss=2.204443
[pjrt_ffi] RESIDENT: @efficientnetin_fwd_eval holds 311 parameter tensors (20.3 MB) on 1 device; they stop crossing PCIe from here
Epoch 294/350: loss=2.306531 lr=0.000409
  epoch 294: test_acc = 38265/50000 = 76.530000%  top5 = 46530/50000 = 93.060000%  [95% CI 76.16–76.90]
    BN companion -> .lake/build/efficientnetin_emarmsdp64dropdobf16_ckpt_xla.bin.bn (42016 floats x 2, hash 9505186438478502702)
  step 0/5004: loss=2.283310
  step 1/5004: loss=2.060378
  step 2/5004: loss=2.201921
  step 100/5004: loss=2.359508
  step 200/5004: loss=2.463407
  step 300/5004: loss=2.395304
  step 400/5004: loss=2.615672
  step 500/5004: loss=2.192043
  step 600/5004: loss=2.581818
  step 700/5004: loss=2.111562
  step 800/5004: loss=2.126584
  step 900/5004: loss=2.086226
  step 1000/5004: loss=2.210738
  step 1100/5004: loss=2.357266
  step 1200/5004: loss=2.083711
  step 1300/5004: loss=2.208347
  step 1400/5004: loss=2.455430
  step 1500/5004: loss=2.555410
  step 1600/5004: loss=2.237516
  step 1700/5004: loss=2.064847
  step 1800/5004: loss=2.307218
  step 1900/5004: loss=2.073905
  step 2000/5004: loss=2.105816
  step 2100/5004: loss=2.125270
  step 2200/5004: loss=2.225612
  step 2300/5004: loss=2.216459
  step 2400/5004: loss=2.427141
  step 2500/5004: loss=2.114753
  step 2600/5004: loss=2.247036
  step 2700/5004: loss=2.289838
  step 2800/5004: loss=2.052748
  step 2900/5004: loss=2.390711
  step 3000/5004: loss=2.169151
  step 3100/5004: loss=2.552517
  step 3200/5004: loss=2.208915
  step 3300/5004: loss=2.371558
  step 3400/5004: loss=2.207340
  step 3500/5004: loss=2.667702
  step 3600/5004: loss=2.481203
  step 3700/5004: loss=2.194038
  step 3800/5004: loss=2.332205
  step 3900/5004: loss=2.233653
  step 4000/5004: loss=2.280592
  step 4100/5004: loss=2.364321
  step 4200/5004: loss=2.318698
  step 4300/5004: loss=2.251471
  step 4400/5004: loss=2.220325
  step 4500/5004: loss=2.316963
  step 4600/5004: loss=2.644328
  step 4700/5004: loss=2.432624
  step 4800/5004: loss=2.147507
  step 4900/5004: loss=2.803219
  step 5000/5004: loss=2.248441
[pjrt_ffi] RESIDENT: @efficientnetin_fwd_eval holds 311 parameter tensors (20.3 MB) on 1 device; they stop crossing PCIe from here
Epoch 295/350: loss=2.307622 lr=0.000403
  epoch 295: test_acc = 38267/50000 = 76.534000%  top5 = 46522/50000 = 93.044000%  [95% CI 76.16–76.90]
    BN companion -> .lake/build/efficientnetin_emarmsdp64dropdobf16_ckpt_xla.bin.bn (42016 floats x 2, hash 12092824951499137396)
  step 0/5004: loss=2.364658
  step 1/5004: loss=1.978233
  step 2/5004: loss=2.357486
  step 100/5004: loss=2.099190
  step 200/5004: loss=2.250215
  step 300/5004: loss=2.117330
  step 400/5004: loss=2.291016
  step 500/5004: loss=2.269254
  step 600/5004: loss=2.807761
  step 700/5004: loss=2.364229
  step 800/5004: loss=1.926463
  step 900/5004: loss=2.700383
  step 1000/5004: loss=2.385467
  step 1100/5004: loss=2.236673
  step 1200/5004: loss=2.383701
  step 1300/5004: loss=2.233357
  step 1400/5004: loss=2.498608
  step 1500/5004: loss=2.533605
  step 1600/5004: loss=2.181793
  step 1700/5004: loss=2.484610
  step 1800/5004: loss=2.135514
  step 1900/5004: loss=2.220053
  step 2000/5004: loss=2.315472
  step 2100/5004: loss=2.197787
  step 2200/5004: loss=2.366774
  step 2300/5004: loss=2.026126
  step 2400/5004: loss=2.357809
  step 2500/5004: loss=2.350944
  step 2600/5004: loss=2.878464
  step 2700/5004: loss=2.206778
  step 2800/5004: loss=2.319742
  step 2900/5004: loss=2.722888
  step 3000/5004: loss=1.890096
  step 3100/5004: loss=2.385978
  step 3200/5004: loss=2.309035
  step 3300/5004: loss=2.654077
  step 3400/5004: loss=2.342909
  step 3500/5004: loss=2.534394
  step 3600/5004: loss=2.379128
  step 3700/5004: loss=2.394216
  step 3800/5004: loss=2.342284
  step 3900/5004: loss=2.527663
  step 4000/5004: loss=1.961039
  step 4100/5004: loss=2.321073
  step 4200/5004: loss=2.314979
  step 4300/5004: loss=2.469207
  step 4400/5004: loss=2.316518
  step 4500/5004: loss=2.157577
  step 4600/5004: loss=2.101568
  step 4700/5004: loss=1.805570
  step 4800/5004: loss=2.769740
  step 4900/5004: loss=2.471374
  step 5000/5004: loss=1.989449
[pjrt_ffi] RESIDENT: @efficientnetin_fwd_eval holds 311 parameter tensors (20.3 MB) on 1 device; they stop crossing PCIe from here
Epoch 296/350: loss=2.306281 lr=0.000398
  epoch 296: test_acc = 38222/50000 = 76.444000%  top5 = 46506/50000 = 93.012000%  [95% CI 76.07–76.81]
    BN companion -> .lake/build/efficientnetin_emarmsdp64dropdobf16_ckpt_xla.bin.bn (42016 floats x 2, hash 3761164793616810477)
  step 0/5004: loss=2.289490
  step 1/5004: loss=2.210319
  step 2/5004: loss=2.060445
  step 100/5004: loss=2.228938
  step 200/5004: loss=2.594019
  step 300/5004: loss=1.931148
  step 400/5004: loss=2.603335
  step 500/5004: loss=2.363069
  step 600/5004: loss=2.216555
  step 700/5004: loss=2.427617
  step 800/5004: loss=2.233088
  step 900/5004: loss=2.321037
  step 1000/5004: loss=2.078931
  step 1100/5004: loss=2.200150
  step 1200/5004: loss=2.355947
  step 1300/5004: loss=2.684291
  step 1400/5004: loss=2.519035
  step 1500/5004: loss=2.696122
  step 1600/5004: loss=2.371676
  step 1700/5004: loss=2.327132
  step 1800/5004: loss=2.351490
  step 1900/5004: loss=2.443206
  step 2000/5004: loss=2.244739
  step 2100/5004: loss=2.278516
  step 2200/5004: loss=2.208580
  step 2300/5004: loss=2.127629
  step 2400/5004: loss=2.320660
  step 2500/5004: loss=2.204434
  step 2600/5004: loss=2.771840
  step 2700/5004: loss=1.926090
  step 2800/5004: loss=2.009284
  step 2900/5004: loss=2.296767
  step 3000/5004: loss=2.336241
  step 3100/5004: loss=2.278385
  step 3200/5004: loss=2.298450
  step 3300/5004: loss=2.143780
  step 3400/5004: loss=2.129061
  step 3500/5004: loss=2.334086
  step 3600/5004: loss=2.267016
  step 3700/5004: loss=2.717735
  step 3800/5004: loss=2.264285
  step 3900/5004: loss=2.133719
  step 4000/5004: loss=2.199038
  step 4100/5004: loss=2.116650
  step 4200/5004: loss=2.554888
  step 4300/5004: loss=2.099897
  step 4400/5004: loss=2.214243
  step 4500/5004: loss=2.500488
  step 4600/5004: loss=2.118138
  step 4700/5004: loss=2.336769
  step 4800/5004: loss=2.101075
  step 4900/5004: loss=2.095928
  step 5000/5004: loss=2.649642
[pjrt_ffi] RESIDENT: @efficientnetin_fwd_eval holds 311 parameter tensors (20.3 MB) on 1 device; they stop crossing PCIe from here
Epoch 297/350: loss=2.305152 lr=0.000393
  epoch 297: test_acc = 38214/50000 = 76.428000%  top5 = 46516/50000 = 93.032000%  [95% CI 76.05–76.80]
    BN companion -> .lake/build/efficientnetin_emarmsdp64dropdobf16_ckpt_xla.bin.bn (42016 floats x 2, hash 15258320251550063183)
  step 0/5004: loss=2.567045
  step 1/5004: loss=2.026832
  step 2/5004: loss=2.461033
  step 100/5004: loss=2.019270
  step 200/5004: loss=2.301680
  step 300/5004: loss=2.124306
  step 400/5004: loss=2.516636
  step 500/5004: loss=2.448594
  step 600/5004: loss=2.254586
  step 700/5004: loss=2.303208
  step 800/5004: loss=2.435452
  step 900/5004: loss=2.395584
  step 1000/5004: loss=2.095339
  step 1100/5004: loss=2.461927
  step 1200/5004: loss=2.476239
  step 1300/5004: loss=2.045442
  step 1400/5004: loss=2.202222
  step 1500/5004: loss=2.082531
  step 1600/5004: loss=2.117978
  step 1700/5004: loss=2.372319
  step 1800/5004: loss=2.325496
  step 1900/5004: loss=1.935988
  step 2000/5004: loss=2.155172
  step 2100/5004: loss=2.788668
  step 2200/5004: loss=2.415010
  step 2300/5004: loss=2.492134
  step 2400/5004: loss=2.313726
  step 2500/5004: loss=2.190040
  step 2600/5004: loss=2.073385
  step 2700/5004: loss=2.105950
  step 2800/5004: loss=2.487393
  step 2900/5004: loss=2.074876
  step 3000/5004: loss=2.061746
  step 3100/5004: loss=2.598216
  step 3200/5004: loss=2.221645
  step 3300/5004: loss=2.579446
  step 3400/5004: loss=2.328082
  step 3500/5004: loss=2.431562
  step 3600/5004: loss=2.485120
  step 3700/5004: loss=2.143740
  step 3800/5004: loss=2.391437
  step 3900/5004: loss=2.081024
  step 4000/5004: loss=2.214889
  step 4100/5004: loss=2.540544
  step 4200/5004: loss=2.366391
  step 4300/5004: loss=2.317842
  step 4400/5004: loss=2.183087
  step 4500/5004: loss=2.526346
  step 4600/5004: loss=2.095620
  step 4700/5004: loss=2.549587
  step 4800/5004: loss=2.312706
  step 4900/5004: loss=1.961954
  step 5000/5004: loss=2.200935
[pjrt_ffi] RESIDENT: @efficientnetin_fwd_eval holds 311 parameter tensors (20.3 MB) on 1 device; they stop crossing PCIe from here
Epoch 298/350: loss=2.305147 lr=0.000388
  epoch 298: test_acc = 38257/50000 = 76.514000%  top5 = 46489/50000 = 92.978000%  [95% CI 76.14–76.88]
    BN companion -> .lake/build/efficientnetin_emarmsdp64dropdobf16_ckpt_xla.bin.bn (42016 floats x 2, hash 15895914898613395508)
  step 0/5004: loss=2.456129
  step 1/5004: loss=2.452885
  step 2/5004: loss=2.361148
  step 100/5004: loss=2.282869
  step 200/5004: loss=2.509608
  step 300/5004: loss=2.289816
  step 400/5004: loss=2.798885
  step 500/5004: loss=2.444973
  step 600/5004: loss=2.401555
  step 700/5004: loss=2.387506
  step 800/5004: loss=2.191431
  step 900/5004: loss=2.233653
  step 1000/5004: loss=2.446283
  step 1100/5004: loss=2.407434
  step 1200/5004: loss=2.410375
  step 1300/5004: loss=2.112287
  step 1400/5004: loss=2.631672
  step 1500/5004: loss=2.133586
  step 1600/5004: loss=2.195250
  step 1700/5004: loss=2.342932
  step 1800/5004: loss=2.280324
  step 1900/5004: loss=2.618189
  step 2000/5004: loss=2.035846
  step 2100/5004: loss=2.231034
  step 2200/5004: loss=1.878035
  step 2300/5004: loss=2.370234
  step 2400/5004: loss=2.090700
  step 2500/5004: loss=1.845558
  step 2600/5004: loss=2.083672
  step 2700/5004: loss=2.202852
  step 2800/5004: loss=2.138950
  step 2900/5004: loss=2.010352
  step 3000/5004: loss=2.089851
  step 3100/5004: loss=2.416092
  step 3200/5004: loss=2.532416
  step 3300/5004: loss=2.312252
  step 3400/5004: loss=2.196658
  step 3500/5004: loss=2.483017
  step 3600/5004: loss=2.335013
  step 3700/5004: loss=2.100818
  step 3800/5004: loss=2.474860
  step 3900/5004: loss=2.729346
  step 4000/5004: loss=2.538093
  step 4100/5004: loss=2.300361
  step 4200/5004: loss=2.275621
  step 4300/5004: loss=2.336746
  step 4400/5004: loss=2.529774
  step 4500/5004: loss=2.157750
  step 4600/5004: loss=2.176728
  step 4700/5004: loss=2.313545
  step 4800/5004: loss=2.298710
  step 4900/5004: loss=2.058149
  step 5000/5004: loss=2.435270
[pjrt_ffi] RESIDENT: @efficientnetin_fwd_eval holds 311 parameter tensors (20.3 MB) on 1 device; they stop crossing PCIe from here
Epoch 299/350: loss=2.301507 lr=0.000383
  epoch 299: test_acc = 38241/50000 = 76.482000%  top5 = 46505/50000 = 93.010000%  [95% CI 76.11–76.85]
    BN companion -> .lake/build/efficientnetin_emarmsdp64dropdobf16_ckpt_xla.bin.bn (42016 floats x 2, hash 5520271577033891698)
  step 0/5004: loss=1.880401
  step 1/5004: loss=2.308312
  step 2/5004: loss=2.359128
  step 100/5004: loss=2.805079
  step 200/5004: loss=2.222360
  step 300/5004: loss=1.808106
  step 400/5004: loss=2.037101
  step 500/5004: loss=2.264714
  step 600/5004: loss=2.358551
  step 700/5004: loss=2.199699
  step 800/5004: loss=1.844557
  step 900/5004: loss=2.097183
  step 1000/5004: loss=2.276615
  step 1100/5004: loss=1.975319
  step 1200/5004: loss=2.405679
  step 1300/5004: loss=2.406335
  step 1400/5004: loss=2.435539
  step 1500/5004: loss=2.409351
  step 1600/5004: loss=2.264797
  step 1700/5004: loss=2.738470
  step 1800/5004: loss=2.801344
  step 1900/5004: loss=2.312061
  step 2000/5004: loss=2.413046
  step 2100/5004: loss=1.971175
  step 2200/5004: loss=2.482007
  step 2300/5004: loss=2.409279
  step 2400/5004: loss=2.339975
  step 2500/5004: loss=2.257145
  step 2600/5004: loss=2.186381
  step 2700/5004: loss=2.019385
  step 2800/5004: loss=2.737726
  step 2900/5004: loss=2.369644
  step 3000/5004: loss=2.420308
  step 3100/5004: loss=2.649550
  step 3200/5004: loss=2.187861
  step 3300/5004: loss=2.354834
  step 3400/5004: loss=2.718363
  step 3500/5004: loss=2.046574
  step 3600/5004: loss=2.610903
  step 3700/5004: loss=2.341571
  step 3800/5004: loss=2.233673
  step 3900/5004: loss=2.241961
  step 4000/5004: loss=2.267119
  step 4100/5004: loss=2.216039
  step 4200/5004: loss=2.042257
  step 4300/5004: loss=2.202823
  step 4400/5004: loss=2.498336
  step 4500/5004: loss=2.275667
  step 4600/5004: loss=2.354610
  step 4700/5004: loss=2.331860
  step 4800/5004: loss=2.460030
  step 4900/5004: loss=3.050967
  step 5000/5004: loss=2.014329
[pjrt_ffi] RESIDENT: @efficientnetin_fwd_eval holds 311 parameter tensors (20.3 MB) on 1 device; they stop crossing PCIe from here
Epoch 300/350: loss=2.300377 lr=0.000379
  epoch 300: test_acc = 38272/50000 = 76.544000%  top5 = 46520/50000 = 93.040000%  [95% CI 76.17–76.91]
    BN companion -> .lake/build/efficientnetin_emarmsdp64dropdobf16_ckpt_xla.bin.bn (42016 floats x 2, hash 3365877460625377184)
  step 0/5004: loss=2.193908
  step 1/5004: loss=2.111052
  step 2/5004: loss=2.382029
  step 100/5004: loss=2.235416
  step 200/5004: loss=1.796927
  step 300/5004: loss=2.339621
  step 400/5004: loss=2.114638
  step 500/5004: loss=2.349858
  step 600/5004: loss=2.460807
  step 700/5004: loss=2.376136
  step 800/5004: loss=2.417463
  step 900/5004: loss=2.306574
  step 1000/5004: loss=2.175735
  step 1100/5004: loss=2.629727
  step 1200/5004: loss=2.273490
  step 1300/5004: loss=2.113580
  step 1400/5004: loss=2.178791
  step 1500/5004: loss=2.502495
  step 1600/5004: loss=2.605810
  step 1700/5004: loss=2.170483
  step 1800/5004: loss=2.103301
  step 1900/5004: loss=2.111710
  step 2000/5004: loss=2.536706
  step 2100/5004: loss=2.350034
  step 2200/5004: loss=2.116377
  step 2300/5004: loss=2.717127
  step 2400/5004: loss=2.188722
  step 2500/5004: loss=2.007763
  step 2600/5004: loss=2.147618
  step 2700/5004: loss=2.368082
  step 2800/5004: loss=2.476411
  step 2900/5004: loss=2.677212
  step 3000/5004: loss=2.157856
  step 3100/5004: loss=1.885101
  step 3200/5004: loss=2.253145
  step 3300/5004: loss=2.401697
  step 3400/5004: loss=2.229670
  step 3500/5004: loss=2.208983
  step 3600/5004: loss=2.406912
  step 3700/5004: loss=2.071943
  step 3800/5004: loss=2.026491
  step 3900/5004: loss=2.669926
  step 4000/5004: loss=2.504258
  step 4100/5004: loss=2.208628
  step 4200/5004: loss=2.623687
  step 4300/5004: loss=2.044415
  step 4400/5004: loss=2.576453
  step 4500/5004: loss=2.232091
  step 4600/5004: loss=2.313068
  step 4700/5004: loss=2.150623
  step 4800/5004: loss=1.953070
  step 4900/5004: loss=2.255928
  step 5000/5004: loss=2.410588
[pjrt_ffi] RESIDENT: @efficientnetin_fwd_eval holds 311 parameter tensors (20.3 MB) on 1 device; they stop crossing PCIe from here
Epoch 301/350: loss=2.301481 lr=0.000374
  epoch 301: test_acc = 38327/50000 = 76.654000%  top5 = 46519/50000 = 93.038000%  [95% CI 76.28–77.02]
    BN companion -> .lake/build/efficientnetin_emarmsdp64dropdobf16_ckpt_xla.bin.bn (42016 floats x 2, hash 16692032544096579675)
  step 0/5004: loss=2.073525
  step 1/5004: loss=2.399582
  step 2/5004: loss=2.446073
  step 100/5004: loss=2.336804
  step 200/5004: loss=2.484397
  step 300/5004: loss=2.455787
  step 400/5004: loss=2.272661
  step 500/5004: loss=2.051318
  step 600/5004: loss=2.345322
  step 700/5004: loss=2.700760
  step 800/5004: loss=2.446835
  step 900/5004: loss=2.237062
  step 1000/5004: loss=2.511828
  step 1100/5004: loss=2.186520
  step 1200/5004: loss=2.244976
  step 1300/5004: loss=2.231366
  step 1400/5004: loss=2.292378
  step 1500/5004: loss=2.536036
  step 1600/5004: loss=2.398655
  step 1700/5004: loss=2.319625
  step 1800/5004: loss=1.986325
  step 1900/5004: loss=1.836412
  step 2000/5004: loss=2.733288
  step 2100/5004: loss=2.032340
  step 2200/5004: loss=2.378701
  step 2300/5004: loss=2.332197
  step 2400/5004: loss=2.085641
  step 2500/5004: loss=2.577282
  step 2600/5004: loss=2.680381
  step 2700/5004: loss=2.339545
  step 2800/5004: loss=2.055515
  step 2900/5004: loss=2.354351
  step 3000/5004: loss=2.058059
  step 3100/5004: loss=2.406925
  step 3200/5004: loss=2.515426
  step 3300/5004: loss=1.799795
  step 3400/5004: loss=2.364980
  step 3500/5004: loss=2.122301
  step 3600/5004: loss=2.678229
  step 3700/5004: loss=2.022621
  step 3800/5004: loss=2.497964
  step 3900/5004: loss=2.421258
  step 4000/5004: loss=2.205057
  step 4100/5004: loss=1.910724
  step 4200/5004: loss=2.318687
  step 4300/5004: loss=2.343056
  step 4400/5004: loss=2.531493
  step 4500/5004: loss=2.225342
  step 4600/5004: loss=2.348901
  step 4700/5004: loss=2.221792
  step 4800/5004: loss=2.197507
  step 4900/5004: loss=2.001042
  step 5000/5004: loss=2.192672
[pjrt_ffi] RESIDENT: @efficientnetin_fwd_eval holds 311 parameter tensors (20.3 MB) on 1 device; they stop crossing PCIe from here
Epoch 302/350: loss=2.301642 lr=0.000369
  epoch 302: test_acc = 38301/50000 = 76.602000%  top5 = 46496/50000 = 92.992000%  [95% CI 76.23–76.97]
    BN companion -> .lake/build/efficientnetin_emarmsdp64dropdobf16_ckpt_xla.bin.bn (42016 floats x 2, hash 5454820615368787452)
  step 0/5004: loss=2.116899
  step 1/5004: loss=2.097654
  step 2/5004: loss=2.083009
  step 100/5004: loss=2.222892
  step 200/5004: loss=2.261902
  step 300/5004: loss=2.381006
  step 400/5004: loss=2.824079
  step 500/5004: loss=2.557927
  step 600/5004: loss=2.767833
  step 700/5004: loss=2.084986
  step 800/5004: loss=2.165587
  step 900/5004: loss=2.332537
  step 1000/5004: loss=2.338330
  step 1100/5004: loss=2.491042
  step 1200/5004: loss=2.675114
  step 1300/5004: loss=1.984463
  step 1400/5004: loss=2.231065
  step 1500/5004: loss=2.164122
  step 1600/5004: loss=2.690952
  step 1700/5004: loss=2.489753
  step 1800/5004: loss=2.180026
  step 1900/5004: loss=2.091457
  step 2000/5004: loss=2.286105
  step 2100/5004: loss=2.370621
  step 2200/5004: loss=2.255625
  step 2300/5004: loss=2.341931
  step 2400/5004: loss=2.714317
  step 2500/5004: loss=2.350631
  step 2600/5004: loss=2.330340
  step 2700/5004: loss=2.620022
  step 2800/5004: loss=2.428596
  step 2900/5004: loss=2.462040
  step 3000/5004: loss=2.328272
  step 3100/5004: loss=2.313779
  step 3200/5004: loss=2.287247
  step 3300/5004: loss=2.355703
  step 3400/5004: loss=2.276047
  step 3500/5004: loss=2.073432
  step 3600/5004: loss=2.137321
  step 3700/5004: loss=2.357034
  step 3800/5004: loss=2.239496
  step 3900/5004: loss=2.468639
  step 4000/5004: loss=2.232110
  step 4100/5004: loss=1.865144
  step 4200/5004: loss=2.628969
  step 4300/5004: loss=2.237023
  step 4400/5004: loss=2.422709
  step 4500/5004: loss=2.338509
  step 4600/5004: loss=2.100365
  step 4700/5004: loss=1.897844
  step 4800/5004: loss=2.319884
  step 4900/5004: loss=1.990954
  step 5000/5004: loss=2.304047
[pjrt_ffi] RESIDENT: @efficientnetin_fwd_eval holds 311 parameter tensors (20.3 MB) on 1 device; they stop crossing PCIe from here
Epoch 303/350: loss=2.298900 lr=0.000364
  epoch 303: test_acc = 38296/50000 = 76.592000%  top5 = 46522/50000 = 93.044000%  [95% CI 76.22–76.96]
    BN companion -> .lake/build/efficientnetin_emarmsdp64dropdobf16_ckpt_xla.bin.bn (42016 floats x 2, hash 12384335331621474208)
  step 0/5004: loss=2.120822
  step 1/5004: loss=2.516274
  step 2/5004: loss=2.059176
  step 100/5004: loss=2.382376
  step 200/5004: loss=2.180736
  step 300/5004: loss=2.312095
  step 400/5004: loss=2.045343
  step 500/5004: loss=2.430379
  step 600/5004: loss=1.962286
  step 700/5004: loss=2.590793
  step 800/5004: loss=2.325276
  step 900/5004: loss=2.024742
  step 1000/5004: loss=1.995088
  step 1100/5004: loss=2.322447
  step 1200/5004: loss=1.862152
  step 1300/5004: loss=2.261819
  step 1400/5004: loss=2.806725
  step 1500/5004: loss=2.808936
  step 1600/5004: loss=2.125360
  step 1700/5004: loss=2.684627
  step 1800/5004: loss=2.128546
  step 1900/5004: loss=2.473646
  step 2000/5004: loss=2.529575
  step 2100/5004: loss=2.644510
  step 2200/5004: loss=2.217444
  step 2300/5004: loss=2.314782
  step 2400/5004: loss=2.421436
  step 2500/5004: loss=1.925652
  step 2600/5004: loss=2.438149
  step 2700/5004: loss=2.322928
  step 2800/5004: loss=1.990903
  step 2900/5004: loss=2.676879
  step 3000/5004: loss=2.644114
  step 3100/5004: loss=2.190065
  step 3200/5004: loss=2.646080
  step 3300/5004: loss=2.114509
  step 3400/5004: loss=2.319266
  step 3500/5004: loss=2.240142
  step 3600/5004: loss=2.009851
  step 3700/5004: loss=2.246972
  step 3800/5004: loss=2.381098
  step 3900/5004: loss=1.924699
  step 4000/5004: loss=2.316199
  step 4100/5004: loss=2.256111
  step 4200/5004: loss=2.313409
  step 4300/5004: loss=2.552548
  step 4400/5004: loss=2.139771
  step 4500/5004: loss=2.323303
  step 4600/5004: loss=2.672025
  step 4700/5004: loss=2.392153
  step 4800/5004: loss=2.312178
  step 4900/5004: loss=2.149828
  step 5000/5004: loss=2.370370
[pjrt_ffi] RESIDENT: @efficientnetin_fwd_eval holds 311 parameter tensors (20.3 MB) on 1 device; they stop crossing PCIe from here
Epoch 304/350: loss=2.298346 lr=0.000360
  epoch 304: test_acc = 38294/50000 = 76.588000%  top5 = 46516/50000 = 93.032000%  [95% CI 76.21–76.96]
    BN companion -> .lake/build/efficientnetin_emarmsdp64dropdobf16_ckpt_xla.bin.bn (42016 floats x 2, hash 3912956232737336358)
  step 0/5004: loss=2.022300
  step 1/5004: loss=2.085150
  step 2/5004: loss=2.237754
  step 100/5004: loss=2.440251
  step 200/5004: loss=2.780243
  step 300/5004: loss=2.141852
  step 400/5004: loss=2.339851
  step 500/5004: loss=2.062620
  step 600/5004: loss=2.217628
  step 700/5004: loss=2.097953
  step 800/5004: loss=2.673006
  step 900/5004: loss=2.245255
  step 1000/5004: loss=2.415942
  step 1100/5004: loss=2.260552
  step 1200/5004: loss=2.027415
  step 1300/5004: loss=2.306811
  step 1400/5004: loss=1.949647
  step 1500/5004: loss=2.315052
  step 1600/5004: loss=2.813370
  step 1700/5004: loss=2.280475
  step 1800/5004: loss=2.146895
  step 1900/5004: loss=2.077652
  step 2000/5004: loss=2.301037
  step 2100/5004: loss=2.306459
  step 2200/5004: loss=2.762713
  step 2300/5004: loss=2.046508
  step 2400/5004: loss=2.057488
  step 2500/5004: loss=1.979659
  step 2600/5004: loss=2.234121
  step 2700/5004: loss=2.378934
  step 2800/5004: loss=2.493464
  step 2900/5004: loss=2.355848
  step 3000/5004: loss=2.297580
  step 3100/5004: loss=2.207909
  step 3200/5004: loss=2.375263
  step 3300/5004: loss=1.941847
  step 3400/5004: loss=2.287669
  step 3500/5004: loss=2.397494
  step 3600/5004: loss=2.380169
  step 3700/5004: loss=2.012195
  step 3800/5004: loss=2.089885
  step 3900/5004: loss=2.270035
  step 4000/5004: loss=2.236258
  step 4100/5004: loss=2.271943
  step 4200/5004: loss=2.392170
  step 4300/5004: loss=2.300552
  step 4400/5004: loss=2.334425
  step 4500/5004: loss=2.526828
  step 4600/5004: loss=2.389863
  step 4700/5004: loss=2.211495
  step 4800/5004: loss=2.371022
  step 4900/5004: loss=2.452592
  step 5000/5004: loss=2.342116
[pjrt_ffi] RESIDENT: @efficientnetin_fwd_eval holds 311 parameter tensors (20.3 MB) on 1 device; they stop crossing PCIe from here
Epoch 305/350: loss=2.290494 lr=0.000355
  epoch 305: test_acc = 38331/50000 = 76.662000%  top5 = 46511/50000 = 93.022000%  [95% CI 76.29–77.03]
    BN companion -> .lake/build/efficientnetin_emarmsdp64dropdobf16_ckpt_xla.bin.bn (42016 floats x 2, hash 18069344665859951325)
  step 0/5004: loss=2.473839
  step 1/5004: loss=2.453766
  step 2/5004: loss=2.601948
  step 100/5004: loss=2.463635
  step 200/5004: loss=3.025625
  step 300/5004: loss=2.558761
  step 400/5004: loss=2.371751
  step 500/5004: loss=2.328036
  step 600/5004: loss=2.625054
  step 700/5004: loss=2.393242
  step 800/5004: loss=2.066822
  step 900/5004: loss=2.233331
  step 1000/5004: loss=1.878924
  step 1100/5004: loss=2.230670
  step 1200/5004: loss=2.144631
  step 1300/5004: loss=2.335513
  step 1400/5004: loss=2.069822
  step 1500/5004: loss=2.347915
  step 1600/5004: loss=2.697189
  step 1700/5004: loss=2.360700
  step 1800/5004: loss=2.174767
  step 1900/5004: loss=2.207054
  step 2000/5004: loss=2.024981
  step 2100/5004: loss=2.113287
  step 2200/5004: loss=2.189208
  step 2300/5004: loss=2.101101
  step 2400/5004: loss=2.018074
  step 2500/5004: loss=2.626860
  step 2600/5004: loss=1.987982
  step 2700/5004: loss=2.171958
  step 2800/5004: loss=2.380545
  step 2900/5004: loss=2.439814
  step 3000/5004: loss=2.258743
  step 3100/5004: loss=2.416058
  step 3200/5004: loss=2.201182
  step 3300/5004: loss=2.386113
  step 3400/5004: loss=2.280538
  step 3500/5004: loss=1.885576
  step 3600/5004: loss=2.346618
  step 3700/5004: loss=2.146728
  step 3800/5004: loss=2.045658
  step 3900/5004: loss=2.837085
  step 4000/5004: loss=2.323051
  step 4100/5004: loss=2.197960
  step 4200/5004: loss=2.163888
  step 4300/5004: loss=2.202085
  step 4400/5004: loss=1.890014
  step 4500/5004: loss=2.540575
  step 4600/5004: loss=2.470459
  step 4700/5004: loss=2.269421
  step 4800/5004: loss=2.623235
  step 4900/5004: loss=2.270122
  step 5000/5004: loss=2.194197
[pjrt_ffi] RESIDENT: @efficientnetin_fwd_eval holds 311 parameter tensors (20.3 MB) on 1 device; they stop crossing PCIe from here
Epoch 306/350: loss=2.292590 lr=0.000351
  epoch 306: test_acc = 38311/50000 = 76.622000%  top5 = 46496/50000 = 92.992000%  [95% CI 76.25–76.99]
    BN companion -> .lake/build/efficientnetin_emarmsdp64dropdobf16_ckpt_xla.bin.bn (42016 floats x 2, hash 10037766033173006120)
  step 0/5004: loss=2.383147
  step 1/5004: loss=2.452660
  step 2/5004: loss=2.469575
  step 100/5004: loss=2.319577
  step 200/5004: loss=2.540315
  step 300/5004: loss=2.494907
  step 400/5004: loss=2.180496
  step 500/5004: loss=2.754304
  step 600/5004: loss=2.264284
  step 700/5004: loss=2.242446
  step 800/5004: loss=2.263186
  step 900/5004: loss=2.338015
  step 1000/5004: loss=2.044695
  step 1100/5004: loss=2.495256
  step 1200/5004: loss=1.928512
  step 1300/5004: loss=2.465777
  step 1400/5004: loss=2.452929
  step 1500/5004: loss=2.813429
  step 1600/5004: loss=2.356920
  step 1700/5004: loss=2.216554
  step 1800/5004: loss=2.100606
  step 1900/5004: loss=2.155829
  step 2000/5004: loss=2.071233
  step 2100/5004: loss=2.388196
  step 2200/5004: loss=2.128257
  step 2300/5004: loss=2.351112
  step 2400/5004: loss=2.007830
  step 2500/5004: loss=2.195280
  step 2600/5004: loss=2.065407
  step 2700/5004: loss=2.140816
  step 2800/5004: loss=2.481755
  step 2900/5004: loss=2.655133
  step 3000/5004: loss=2.274519
  step 3100/5004: loss=2.633441
  step 3200/5004: loss=2.233890
  step 3300/5004: loss=2.158406
  step 3400/5004: loss=2.079047
  step 3500/5004: loss=2.302028
  step 3600/5004: loss=2.270383
  step 3700/5004: loss=1.990644
  step 3800/5004: loss=2.490678
  step 3900/5004: loss=2.313596
  step 4000/5004: loss=2.590838
  step 4100/5004: loss=2.144709
  step 4200/5004: loss=2.260928
  step 4300/5004: loss=2.364257
  step 4400/5004: loss=2.313296
  step 4500/5004: loss=2.311126
  step 4600/5004: loss=2.354524
  step 4700/5004: loss=2.101548
  step 4800/5004: loss=2.416672
  step 4900/5004: loss=2.526219
  step 5000/5004: loss=2.113844
[pjrt_ffi] RESIDENT: @efficientnetin_fwd_eval holds 311 parameter tensors (20.3 MB) on 1 device; they stop crossing PCIe from here
Epoch 307/350: loss=2.293242 lr=0.000346
  epoch 307: test_acc = 38258/50000 = 76.516000%  top5 = 46492/50000 = 92.984000%  [95% CI 76.14–76.89]
    BN companion -> .lake/build/efficientnetin_emarmsdp64dropdobf16_ckpt_xla.bin.bn (42016 floats x 2, hash 5818439874368618625)
  step 0/5004: loss=2.139701
  step 1/5004: loss=2.346627
  step 2/5004: loss=2.060649
  step 100/5004: loss=2.233482
  step 200/5004: loss=2.522300
  step 300/5004: loss=2.214689
  step 400/5004: loss=2.145325
  step 500/5004: loss=2.210381
  step 600/5004: loss=2.143684
  step 700/5004: loss=2.490388
  step 800/5004: loss=2.299965
  step 900/5004: loss=2.200832
  step 1000/5004: loss=2.394350
  step 1100/5004: loss=2.473032
  step 1200/5004: loss=2.373036
  step 1300/5004: loss=2.037412
  step 1400/5004: loss=1.975220
  step 1500/5004: loss=2.184914
  step 1600/5004: loss=1.977101
  step 1700/5004: loss=1.886005
  step 1800/5004: loss=2.004693
  step 1900/5004: loss=2.106254
  step 2000/5004: loss=2.708306
  step 2100/5004: loss=2.216840
  step 2200/5004: loss=2.142747
  step 2300/5004: loss=2.640352
  step 2400/5004: loss=2.137140
  step 2500/5004: loss=2.268707
  step 2600/5004: loss=2.469537
  step 2700/5004: loss=2.485480
  step 2800/5004: loss=2.299026
  step 2900/5004: loss=2.185507
  step 3000/5004: loss=2.348261
  step 3100/5004: loss=2.218891
  step 3200/5004: loss=2.593003
  step 3300/5004: loss=2.446797
  step 3400/5004: loss=1.885724
  step 3500/5004: loss=2.096100
  step 3600/5004: loss=2.281362
  step 3700/5004: loss=2.324525
  step 3800/5004: loss=2.312543
  step 3900/5004: loss=2.125896
  step 4000/5004: loss=2.153668
  step 4100/5004: loss=2.208507
  step 4200/5004: loss=2.152066
  step 4300/5004: loss=2.125772
  step 4400/5004: loss=2.188890
  step 4500/5004: loss=2.306774
  step 4600/5004: loss=2.364120
  step 4700/5004: loss=2.016287
  step 4800/5004: loss=2.091380
  step 4900/5004: loss=2.743952
  step 5000/5004: loss=1.997430
[pjrt_ffi] RESIDENT: @efficientnetin_fwd_eval holds 311 parameter tensors (20.3 MB) on 1 device; they stop crossing PCIe from here
Epoch 308/350: loss=2.291239 lr=0.000342
  epoch 308: test_acc = 38258/50000 = 76.516000%  top5 = 46499/50000 = 92.998000%  [95% CI 76.14–76.89]
    BN companion -> .lake/build/efficientnetin_emarmsdp64dropdobf16_ckpt_xla.bin.bn (42016 floats x 2, hash 8553761250919330930)
  step 0/5004: loss=2.158959
  step 1/5004: loss=2.405943
  step 2/5004: loss=2.140288
  step 100/5004: loss=2.658783
  step 200/5004: loss=2.336926
  step 300/5004: loss=2.511774
  step 400/5004: loss=2.008694
  step 500/5004: loss=2.437786
  step 600/5004: loss=1.970682
  step 700/5004: loss=2.230711
  step 800/5004: loss=2.233931
  step 900/5004: loss=2.186400
  step 1000/5004: loss=2.682232
  step 1100/5004: loss=2.578268
  step 1200/5004: loss=2.212567
  step 1300/5004: loss=2.275265
  step 1400/5004: loss=2.608389
  step 1500/5004: loss=2.408546
  step 1600/5004: loss=2.561403
  step 1700/5004: loss=2.155574
  step 1800/5004: loss=2.175817
  step 1900/5004: loss=2.224840
  step 2000/5004: loss=2.212149
  step 2100/5004: loss=2.543633
  step 2200/5004: loss=2.337095
  step 2300/5004: loss=2.215139
  step 2400/5004: loss=2.402967
  step 2500/5004: loss=2.338049
  step 2600/5004: loss=2.285730
  step 2700/5004: loss=1.947071
  step 2800/5004: loss=2.362937
  step 2900/5004: loss=2.384317
  step 3000/5004: loss=1.923514
  step 3100/5004: loss=1.999162
  step 3200/5004: loss=2.353520
  step 3300/5004: loss=2.602620
  step 3400/5004: loss=2.005653
  step 3500/5004: loss=2.127199
  step 3600/5004: loss=2.206795
  step 3700/5004: loss=1.951322
  step 3800/5004: loss=2.214228
  step 3900/5004: loss=2.292073
  step 4000/5004: loss=2.415204
  step 4100/5004: loss=2.286398
  step 4200/5004: loss=2.050642
  step 4300/5004: loss=2.289054
  step 4400/5004: loss=2.558482
  step 4500/5004: loss=2.273623
  step 4600/5004: loss=2.018788
  step 4700/5004: loss=2.406728
  step 4800/5004: loss=2.345931
  step 4900/5004: loss=2.087907
  step 5000/5004: loss=2.044007
[pjrt_ffi] RESIDENT: @efficientnetin_fwd_eval holds 311 parameter tensors (20.3 MB) on 1 device; they stop crossing PCIe from here
Epoch 309/350: loss=2.284555 lr=0.000338
  epoch 309: test_acc = 38259/50000 = 76.518000%  top5 = 46505/50000 = 93.010000%  [95% CI 76.14–76.89]
    BN companion -> .lake/build/efficientnetin_emarmsdp64dropdobf16_ckpt_xla.bin.bn (42016 floats x 2, hash 16111981034795832969)
  step 0/5004: loss=2.502006
  step 1/5004: loss=2.605231
  step 2/5004: loss=2.275160
  step 100/5004: loss=2.046668
  step 200/5004: loss=2.623911
  step 300/5004: loss=2.144371
  step 400/5004: loss=2.238901
  step 500/5004: loss=2.174592
  step 600/5004: loss=2.228097
  step 700/5004: loss=2.390884
  step 800/5004: loss=2.190561
  step 900/5004: loss=2.515374
  step 1000/5004: loss=2.076857
  step 1100/5004: loss=2.193633
  step 1200/5004: loss=2.115288
  step 1300/5004: loss=2.089479
  step 1400/5004: loss=2.572013
  step 1500/5004: loss=2.264686
  step 1600/5004: loss=2.084810
  step 1700/5004: loss=2.053606
  step 1800/5004: loss=2.172574
  step 1900/5004: loss=2.396034
  step 2000/5004: loss=2.324141
  step 2100/5004: loss=2.264212
  step 2200/5004: loss=2.220722
  step 2300/5004: loss=2.262393
  step 2400/5004: loss=2.536418
  step 2500/5004: loss=2.319330
  step 2600/5004: loss=2.065299
  step 2700/5004: loss=2.178576
  step 2800/5004: loss=2.420187
  step 2900/5004: loss=2.139473
  step 3000/5004: loss=2.502841
  step 3100/5004: loss=2.005975
  step 3200/5004: loss=2.220781
  step 3300/5004: loss=2.460567
  step 3400/5004: loss=2.307229
  step 3500/5004: loss=2.110788
  step 3600/5004: loss=2.034233
  step 3700/5004: loss=2.345449
  step 3800/5004: loss=2.081063
  step 3900/5004: loss=2.668034
  step 4000/5004: loss=2.104241
  step 4100/5004: loss=2.308230
  step 4200/5004: loss=2.391148
  step 4300/5004: loss=2.159132
  step 4400/5004: loss=2.158849
  step 4500/5004: loss=2.233386
  step 4600/5004: loss=2.571577
  step 4700/5004: loss=2.283506
  step 4800/5004: loss=2.083765
  step 4900/5004: loss=2.527811
  step 5000/5004: loss=2.508115
[pjrt_ffi] RESIDENT: @efficientnetin_fwd_eval holds 311 parameter tensors (20.3 MB) on 1 device; they stop crossing PCIe from here
Epoch 310/350: loss=2.289784 lr=0.000333
  epoch 310: test_acc = 38308/50000 = 76.616000%  top5 = 46508/50000 = 93.016000%  [95% CI 76.24–76.98]
    BN companion -> .lake/build/efficientnetin_emarmsdp64dropdobf16_ckpt_xla.bin.bn (42016 floats x 2, hash 798484569918068796)
  step 0/5004: loss=2.560413
  step 1/5004: loss=2.351240
  step 2/5004: loss=2.249430
  step 100/5004: loss=1.779313
  step 200/5004: loss=2.292039
  step 300/5004: loss=1.980757
  step 400/5004: loss=2.449426
  step 500/5004: loss=2.289250
  step 600/5004: loss=2.105742
  step 700/5004: loss=2.777141
  step 800/5004: loss=2.735247
  step 900/5004: loss=2.062089
  step 1000/5004: loss=2.253626
  step 1100/5004: loss=2.349752
  step 1200/5004: loss=2.085174
  step 1300/5004: loss=2.296360
  step 1400/5004: loss=2.283381
  step 1500/5004: loss=2.134781
  step 1600/5004: loss=2.443393
  step 1700/5004: loss=2.422034
  step 1800/5004: loss=2.214083
  step 1900/5004: loss=2.094471
  step 2000/5004: loss=2.075031
  step 2100/5004: loss=2.359679
  step 2200/5004: loss=2.339272
  step 2300/5004: loss=2.715649
  step 2400/5004: loss=2.400530
  step 2500/5004: loss=2.204486
  step 2600/5004: loss=2.453681
  step 2700/5004: loss=2.095808
  step 2800/5004: loss=2.223086
  step 2900/5004: loss=2.175051
  step 3000/5004: loss=2.610751
  step 3100/5004: loss=2.918756
  step 3200/5004: loss=2.207319
  step 3300/5004: loss=2.122492
  step 3400/5004: loss=2.506698
  step 3500/5004: loss=2.279001
  step 3600/5004: loss=2.096000
  step 3700/5004: loss=2.589657
  step 3800/5004: loss=2.164752
  step 3900/5004: loss=2.343697
  step 4000/5004: loss=2.527715
  step 4100/5004: loss=2.476321
  step 4200/5004: loss=2.363097
  step 4300/5004: loss=2.153822
  step 4400/5004: loss=2.239734
  step 4500/5004: loss=2.233179
  step 4600/5004: loss=2.203102
  step 4700/5004: loss=2.468625
  step 4800/5004: loss=2.347247
  step 4900/5004: loss=1.868518
  step 5000/5004: loss=2.218179
[pjrt_ffi] RESIDENT: @efficientnetin_fwd_eval holds 311 parameter tensors (20.3 MB) on 1 device; they stop crossing PCIe from here
Epoch 311/350: loss=2.286976 lr=0.000329
  epoch 311: test_acc = 38288/50000 = 76.576000%  top5 = 46531/50000 = 93.062000%  [95% CI 76.20–76.95]
    BN companion -> .lake/build/efficientnetin_emarmsdp64dropdobf16_ckpt_xla.bin.bn (42016 floats x 2, hash 14574237318798446955)
  step 0/5004: loss=2.117476
  step 1/5004: loss=2.496674
  step 2/5004: loss=2.393535
  step 100/5004: loss=2.255188
  step 200/5004: loss=2.377742
  step 300/5004: loss=2.215359
  step 400/5004: loss=2.489127
  step 500/5004: loss=2.185826
  step 600/5004: loss=2.414155
  step 700/5004: loss=2.484145
  step 800/5004: loss=2.137415
  step 900/5004: loss=2.262690
  step 1000/5004: loss=2.403989
  step 1100/5004: loss=2.287823
  step 1200/5004: loss=2.094121
  step 1300/5004: loss=1.952789
  step 1400/5004: loss=2.667895
  step 1500/5004: loss=2.305894
  step 1600/5004: loss=2.334329
  step 1700/5004: loss=2.512874
  step 1800/5004: loss=2.400903
  step 1900/5004: loss=1.969267
  step 2000/5004: loss=2.239587
  step 2100/5004: loss=2.081038
  step 2200/5004: loss=2.386592
  step 2300/5004: loss=2.292110
  step 2400/5004: loss=3.036107
  step 2500/5004: loss=1.945050
  step 2600/5004: loss=1.978288
  step 2700/5004: loss=2.262385
  step 2800/5004: loss=2.420966
  step 2900/5004: loss=2.422569
  step 3000/5004: loss=2.232958
  step 3100/5004: loss=2.170846
  step 3200/5004: loss=2.370295
  step 3300/5004: loss=2.382560
  step 3400/5004: loss=1.948490
  step 3500/5004: loss=2.401661
  step 3600/5004: loss=2.116992
  step 3700/5004: loss=2.350622
  step 3800/5004: loss=2.035180
  step 3900/5004: loss=2.482875
  step 4000/5004: loss=2.421890
  step 4100/5004: loss=2.159114
  step 4200/5004: loss=2.201661
  step 4300/5004: loss=2.556797
  step 4400/5004: loss=2.344056
  step 4500/5004: loss=2.422494
  step 4600/5004: loss=2.322652
  step 4700/5004: loss=2.384665
  step 4800/5004: loss=2.520237
  step 4900/5004: loss=2.311954
  step 5000/5004: loss=2.362076
[pjrt_ffi] RESIDENT: @efficientnetin_fwd_eval holds 311 parameter tensors (20.3 MB) on 1 device; they stop crossing PCIe from here
Epoch 312/350: loss=2.287708 lr=0.000325
  epoch 312: test_acc = 38287/50000 = 76.574000%  top5 = 46520/50000 = 93.040000%  [95% CI 76.20–76.94]
    BN companion -> .lake/build/efficientnetin_emarmsdp64dropdobf16_ckpt_xla.bin.bn (42016 floats x 2, hash 5960304786833809778)
  step 0/5004: loss=2.348608
  step 1/5004: loss=2.167826
  step 2/5004: loss=2.303137
  step 100/5004: loss=2.405624
  step 200/5004: loss=2.286375
  step 300/5004: loss=2.025381
  step 400/5004: loss=2.304803
  step 500/5004: loss=2.316963
  step 600/5004: loss=2.369351
  step 700/5004: loss=1.902864
  step 800/5004: loss=2.030524
  step 900/5004: loss=2.391360
  step 1000/5004: loss=2.123447
  step 1100/5004: loss=1.940292
  step 1200/5004: loss=2.024191
  step 1300/5004: loss=2.560954
  step 1400/5004: loss=2.278821
  step 1500/5004: loss=1.835156
  step 1600/5004: loss=2.272353
  step 1700/5004: loss=2.057116
  step 1800/5004: loss=2.230768
  step 1900/5004: loss=2.087981
  step 2000/5004: loss=2.347738
  step 2100/5004: loss=2.331620
  step 2200/5004: loss=2.353164
  step 2300/5004: loss=2.633907
  step 2400/5004: loss=2.200644
  step 2500/5004: loss=2.308504
  step 2600/5004: loss=2.260654
  step 2700/5004: loss=2.114190
  step 2800/5004: loss=1.878502
  step 2900/5004: loss=2.272285
  step 3000/5004: loss=2.198900
  step 3100/5004: loss=2.390542
  step 3200/5004: loss=2.286996
  step 3300/5004: loss=2.629632
  step 3400/5004: loss=2.148677
  step 3500/5004: loss=2.380387
  step 3600/5004: loss=2.407075
  step 3700/5004: loss=2.468205
  step 3800/5004: loss=2.301573
  step 3900/5004: loss=2.395671
  step 4000/5004: loss=2.302303
  step 4100/5004: loss=1.914103
  step 4200/5004: loss=2.191438
  step 4300/5004: loss=2.116174
  step 4400/5004: loss=2.726001
  step 4500/5004: loss=2.501680
  step 4600/5004: loss=2.417506
  step 4700/5004: loss=2.195221
  step 4800/5004: loss=2.388473
  step 4900/5004: loss=2.281796
  step 5000/5004: loss=2.157460
[pjrt_ffi] RESIDENT: @efficientnetin_fwd_eval holds 311 parameter tensors (20.3 MB) on 1 device; they stop crossing PCIe from here
Epoch 313/350: loss=2.279364 lr=0.000321
  epoch 313: test_acc = 38318/50000 = 76.636000%  top5 = 46502/50000 = 93.004000%  [95% CI 76.26–77.00]
    BN companion -> .lake/build/efficientnetin_emarmsdp64dropdobf16_ckpt_xla.bin.bn (42016 floats x 2, hash 500455653271285666)
  step 0/5004: loss=2.080452
  step 1/5004: loss=2.340955
  step 2/5004: loss=2.188789
  step 100/5004: loss=2.320067
  step 200/5004: loss=2.183250
  step 300/5004: loss=2.146749
  step 400/5004: loss=2.233353
  step 500/5004: loss=2.433854
  step 600/5004: loss=2.306320
  step 700/5004: loss=2.272365
  step 800/5004: loss=2.183522
  step 900/5004: loss=2.217111
  step 1000/5004: loss=2.237041
  step 1100/5004: loss=2.203009
  step 1200/5004: loss=2.205579
  step 1300/5004: loss=2.237991
  step 1400/5004: loss=2.445589
  step 1500/5004: loss=2.378117
  step 1600/5004: loss=2.408358
  step 1700/5004: loss=2.272831
  step 1800/5004: loss=2.798465
  step 1900/5004: loss=2.402200
  step 2000/5004: loss=1.980890
  step 2100/5004: loss=2.254923
  step 2200/5004: loss=2.821426
  step 2300/5004: loss=2.382602
  step 2400/5004: loss=2.327961
  step 2500/5004: loss=2.390160
  step 2600/5004: loss=1.925419
  step 2700/5004: loss=1.907869
  step 2800/5004: loss=2.415129
  step 2900/5004: loss=2.185892
  step 3000/5004: loss=1.906603
  step 3100/5004: loss=2.447438
  step 3200/5004: loss=2.291581
  step 3300/5004: loss=2.326821
  step 3400/5004: loss=2.315824
  step 3500/5004: loss=1.960890
  step 3600/5004: loss=2.169125
  step 3700/5004: loss=2.127507
  step 3800/5004: loss=2.305560
  step 3900/5004: loss=1.871976
  step 4000/5004: loss=2.181592
  step 4100/5004: loss=2.516237
  step 4200/5004: loss=2.112758
  step 4300/5004: loss=2.045814
  step 4400/5004: loss=2.435800
  step 4500/5004: loss=2.371036
  step 4600/5004: loss=2.293331
  step 4700/5004: loss=2.136220
  step 4800/5004: loss=2.391968
  step 4900/5004: loss=1.877619
  step 5000/5004: loss=1.910507
[pjrt_ffi] RESIDENT: @efficientnetin_fwd_eval holds 311 parameter tensors (20.3 MB) on 1 device; they stop crossing PCIe from here
Epoch 314/350: loss=2.279279 lr=0.000317
  epoch 314: test_acc = 38343/50000 = 76.686000%  top5 = 46487/50000 = 92.974000%  [95% CI 76.31–77.05]
    BN companion -> .lake/build/efficientnetin_emarmsdp64dropdobf16_ckpt_xla.bin.bn (42016 floats x 2, hash 1380899526107395963)
  step 0/5004: loss=2.220161
  step 1/5004: loss=2.145479
  step 2/5004: loss=2.133890
  step 100/5004: loss=2.094864
  step 200/5004: loss=2.246990
  step 300/5004: loss=2.134196
  step 400/5004: loss=2.694286
  step 500/5004: loss=2.749306
  step 600/5004: loss=2.482811
  step 700/5004: loss=2.362180
  step 800/5004: loss=2.365300
  step 900/5004: loss=2.266629
  step 1000/5004: loss=2.133907
  step 1100/5004: loss=2.111167
  step 1200/5004: loss=2.281515
  step 1300/5004: loss=2.316309
  step 1400/5004: loss=2.716593
  step 1500/5004: loss=2.341291
  step 1600/5004: loss=2.301487
  step 1700/5004: loss=2.294420
  step 1800/5004: loss=2.438525
  step 1900/5004: loss=2.376778
  step 2000/5004: loss=1.998331
  step 2100/5004: loss=2.206076
  step 2200/5004: loss=1.996088
  step 2300/5004: loss=2.465511
  step 2400/5004: loss=2.339499
  step 2500/5004: loss=2.263058
  step 2600/5004: loss=2.346861
  step 2700/5004: loss=2.497804
  step 2800/5004: loss=2.258694
  step 2900/5004: loss=2.150871
  step 3000/5004: loss=2.088681
  step 3100/5004: loss=2.309227
  step 3200/5004: loss=2.254975
  step 3300/5004: loss=2.042194
  step 3400/5004: loss=2.146722
  step 3500/5004: loss=2.331930
  step 3600/5004: loss=2.479329
  step 3700/5004: loss=2.278177
  step 3800/5004: loss=2.091424
  step 3900/5004: loss=2.266346
  step 4000/5004: loss=2.202038
  step 4100/5004: loss=2.489172
  step 4200/5004: loss=2.433966
  step 4300/5004: loss=2.118491
  step 4400/5004: loss=2.284769
  step 4500/5004: loss=2.396579
  step 4600/5004: loss=2.634908
  step 4700/5004: loss=2.390847
  step 4800/5004: loss=2.232738
  step 4900/5004: loss=2.288396
  step 5000/5004: loss=2.064885
[pjrt_ffi] RESIDENT: @efficientnetin_fwd_eval holds 311 parameter tensors (20.3 MB) on 1 device; they stop crossing PCIe from here
Epoch 315/350: loss=2.279009 lr=0.000313
  epoch 315: test_acc = 38287/50000 = 76.574000%  top5 = 46494/50000 = 92.988000%  [95% CI 76.20–76.94]
    BN companion -> .lake/build/efficientnetin_emarmsdp64dropdobf16_ckpt_xla.bin.bn (42016 floats x 2, hash 9297042463366091511)
  step 0/5004: loss=2.198729
  step 1/5004: loss=2.422155
  step 2/5004: loss=2.317501
  step 100/5004: loss=2.134833
  step 200/5004: loss=2.282814
  step 300/5004: loss=2.417067
  step 400/5004: loss=2.190595
  step 500/5004: loss=2.372002
  step 600/5004: loss=2.466920
  step 700/5004: loss=2.175382
  step 800/5004: loss=2.651358
  step 900/5004: loss=2.381163
  step 1000/5004: loss=2.254565
  step 1100/5004: loss=1.862199
  step 1200/5004: loss=1.907163
  step 1300/5004: loss=2.497855
  step 1400/5004: loss=2.484625
  step 1500/5004: loss=2.471848
  step 1600/5004: loss=2.143637
  step 1700/5004: loss=2.456438
  step 1800/5004: loss=2.341751
  step 1900/5004: loss=2.607687
  step 2000/5004: loss=2.324955
  step 2100/5004: loss=2.553020
  step 2200/5004: loss=2.238432
  step 2300/5004: loss=2.601605
  step 2400/5004: loss=2.158626
  step 2500/5004: loss=2.101540
  step 2600/5004: loss=2.413058
  step 2700/5004: loss=2.181704
  step 2800/5004: loss=2.365027
  step 2900/5004: loss=2.477044
  step 3000/5004: loss=2.267595
  step 3100/5004: loss=2.189270
  step 3200/5004: loss=2.100396
  step 3300/5004: loss=2.630330
  step 3400/5004: loss=2.322851
  step 3500/5004: loss=2.119309
  step 3600/5004: loss=2.306765
  step 3700/5004: loss=2.553186
  step 3800/5004: loss=2.062690
  step 3900/5004: loss=2.186190
  step 4000/5004: loss=2.014756
  step 4100/5004: loss=2.088322
  step 4200/5004: loss=2.474251
  step 4300/5004: loss=2.545992
  step 4400/5004: loss=2.207168
  step 4500/5004: loss=2.426571
  step 4600/5004: loss=2.282448
  step 4700/5004: loss=2.099573
  step 4800/5004: loss=1.994476
  step 4900/5004: loss=2.202624
  step 5000/5004: loss=2.107714
[pjrt_ffi] RESIDENT: @efficientnetin_fwd_eval holds 311 parameter tensors (20.3 MB) on 1 device; they stop crossing PCIe from here
Epoch 316/350: loss=2.279910 lr=0.000309
  epoch 316: test_acc = 38307/50000 = 76.614000%  top5 = 46515/50000 = 93.030000%  [95% CI 76.24–76.98]
    BN companion -> .lake/build/efficientnetin_emarmsdp64dropdobf16_ckpt_xla.bin.bn (42016 floats x 2, hash 9515501603918173325)
  step 0/5004: loss=2.159149
  step 1/5004: loss=1.987500
  step 2/5004: loss=2.502780
  step 100/5004: loss=2.440245
  step 200/5004: loss=2.297703
  step 300/5004: loss=2.237042
  step 400/5004: loss=2.185633
  step 500/5004: loss=2.503976
  step 600/5004: loss=2.476318
  step 700/5004: loss=2.008273
  step 800/5004: loss=2.079685
  step 900/5004: loss=2.184623
  step 1000/5004: loss=2.316369
  step 1100/5004: loss=2.682998
  step 1200/5004: loss=2.982059
  step 1300/5004: loss=2.353152
  step 1400/5004: loss=2.207152
  step 1500/5004: loss=2.542263
  step 1600/5004: loss=2.209541
  step 1700/5004: loss=2.324280
  step 1800/5004: loss=2.366898
  step 1900/5004: loss=2.256767
  step 2000/5004: loss=2.332486
  step 2100/5004: loss=2.350388
  step 2200/5004: loss=2.238967
  step 2300/5004: loss=2.418585
  step 2400/5004: loss=2.708424
  step 2500/5004: loss=2.091522
  step 2600/5004: loss=2.168844
  step 2700/5004: loss=2.244385
  step 2800/5004: loss=2.396990
  step 2900/5004: loss=2.187671
  step 3000/5004: loss=2.089069
  step 3100/5004: loss=2.516261
  step 3200/5004: loss=2.246045
  step 3300/5004: loss=2.242486
  step 3400/5004: loss=2.633071
  step 3500/5004: loss=2.576552
  step 3600/5004: loss=2.177430
  step 3700/5004: loss=2.508022
  step 3800/5004: loss=2.273571
  step 3900/5004: loss=2.521521
  step 4000/5004: loss=2.559216
  step 4100/5004: loss=2.152563
  step 4200/5004: loss=2.117299
  step 4300/5004: loss=2.101554
  step 4400/5004: loss=2.221015
  step 4500/5004: loss=2.148611
  step 4600/5004: loss=2.300750
  step 4700/5004: loss=2.232651
  step 4800/5004: loss=2.402190
  step 4900/5004: loss=2.259585
  step 5000/5004: loss=2.146463
[pjrt_ffi] RESIDENT: @efficientnetin_fwd_eval holds 311 parameter tensors (20.3 MB) on 1 device; they stop crossing PCIe from here
Epoch 317/350: loss=2.285189 lr=0.000305
  epoch 317: test_acc = 38323/50000 = 76.646000%  top5 = 46530/50000 = 93.060000%  [95% CI 76.27–77.01]
    BN companion -> .lake/build/efficientnetin_emarmsdp64dropdobf16_ckpt_xla.bin.bn (42016 floats x 2, hash 15488728015995951760)
  step 0/5004: loss=2.485941
  step 1/5004: loss=2.390028
  step 2/5004: loss=1.979840
  step 100/5004: loss=2.562907
  step 200/5004: loss=2.054122
  step 300/5004: loss=2.742051
  step 400/5004: loss=2.211380
  step 500/5004: loss=2.101422
  step 600/5004: loss=2.348338
  step 700/5004: loss=3.085963
  step 800/5004: loss=2.820046
  step 900/5004: loss=2.315173
  step 1000/5004: loss=2.303988
  step 1100/5004: loss=2.325414
  step 1200/5004: loss=2.615949
  step 1300/5004: loss=2.305904
  step 1400/5004: loss=2.150389
  step 1500/5004: loss=2.211473
  step 1600/5004: loss=1.760823
  step 1700/5004: loss=2.316210
  step 1800/5004: loss=2.436787
  step 1900/5004: loss=2.531550
  step 2000/5004: loss=2.019422
  step 2100/5004: loss=2.188281
  step 2200/5004: loss=2.582144
  step 2300/5004: loss=2.526708
  step 2400/5004: loss=2.406554
  step 2500/5004: loss=2.474073
  step 2600/5004: loss=2.279327
  step 2700/5004: loss=1.941145
  step 2800/5004: loss=2.346780
  step 2900/5004: loss=2.291234
  step 3000/5004: loss=2.326184
  step 3100/5004: loss=2.529412
  step 3200/5004: loss=2.215094
  step 3300/5004: loss=2.062263
  step 3400/5004: loss=2.465301
  step 3500/5004: loss=2.013733
  step 3600/5004: loss=2.488605
  step 3700/5004: loss=2.556278
  step 3800/5004: loss=2.100651
  step 3900/5004: loss=2.515115
  step 4000/5004: loss=2.143039
  step 4100/5004: loss=2.206985
  step 4200/5004: loss=2.361053
  step 4300/5004: loss=2.388149
  step 4400/5004: loss=2.403835
  step 4500/5004: loss=2.456110
  step 4600/5004: loss=2.469518
  step 4700/5004: loss=2.088243
  step 4800/5004: loss=2.212374
  step 4900/5004: loss=2.151384
  step 5000/5004: loss=2.206311
[pjrt_ffi] RESIDENT: @efficientnetin_fwd_eval holds 311 parameter tensors (20.3 MB) on 1 device; they stop crossing PCIe from here
Epoch 318/350: loss=2.283059 lr=0.000301
  epoch 318: test_acc = 38346/50000 = 76.692000%  top5 = 46535/50000 = 93.070000%  [95% CI 76.32–77.06]
    BN companion -> .lake/build/efficientnetin_emarmsdp64dropdobf16_ckpt_xla.bin.bn (42016 floats x 2, hash 12518834360011737852)
  step 0/5004: loss=2.080962
  step 1/5004: loss=2.535195
  step 2/5004: loss=2.311912
  step 100/5004: loss=2.043579
  step 200/5004: loss=2.643809
  step 300/5004: loss=2.509974
  step 400/5004: loss=2.310989
  step 500/5004: loss=2.563912
  step 600/5004: loss=2.285475
  step 700/5004: loss=2.215841
  step 800/5004: loss=2.426493
  step 900/5004: loss=2.406066
  step 1000/5004: loss=2.315795
  step 1100/5004: loss=2.673702
  step 1200/5004: loss=2.202247
  step 1300/5004: loss=2.244362
  step 1400/5004: loss=2.050952
  step 1500/5004: loss=1.970006
  step 1600/5004: loss=2.364278
  step 1700/5004: loss=2.185638
  step 1800/5004: loss=2.513037
  step 1900/5004: loss=2.605139
  step 2000/5004: loss=2.355811
  step 2100/5004: loss=2.320401
  step 2200/5004: loss=2.222960
  step 2300/5004: loss=2.503648
  step 2400/5004: loss=2.310400
  step 2500/5004: loss=2.764756
  step 2600/5004: loss=2.265223
  step 2700/5004: loss=2.078260
  step 2800/5004: loss=2.387338
  step 2900/5004: loss=2.471307
  step 3000/5004: loss=2.587459
  step 3100/5004: loss=2.013916
  step 3200/5004: loss=2.370829
  step 3300/5004: loss=2.168046
  step 3400/5004: loss=2.286374
  step 3500/5004: loss=2.599617
  step 3600/5004: loss=2.184421
  step 3700/5004: loss=2.253361
  step 3800/5004: loss=1.800613
  step 3900/5004: loss=2.101256
  step 4000/5004: loss=2.161268
  step 4100/5004: loss=2.030484
  step 4200/5004: loss=2.506275
  step 4300/5004: loss=2.375997
  step 4400/5004: loss=2.051675
  step 4500/5004: loss=1.855027
  step 4600/5004: loss=1.903838
  step 4700/5004: loss=2.566234
  step 4800/5004: loss=2.333809
  step 4900/5004: loss=2.265480
  step 5000/5004: loss=1.899285
[pjrt_ffi] RESIDENT: @efficientnetin_fwd_eval holds 311 parameter tensors (20.3 MB) on 1 device; they stop crossing PCIe from here
Epoch 319/350: loss=2.282438 lr=0.000297
  epoch 319: test_acc = 38372/50000 = 76.744000%  top5 = 46528/50000 = 93.056000%  [95% CI 76.37–77.11]
    BN companion -> .lake/build/efficientnetin_emarmsdp64dropdobf16_ckpt_xla.bin.bn (42016 floats x 2, hash 7287207251349133907)
  step 0/5004: loss=2.116019
  step 1/5004: loss=2.254148
  step 2/5004: loss=2.112270
  step 100/5004: loss=2.199737
  step 200/5004: loss=2.167525
  step 300/5004: loss=2.010847
  step 400/5004: loss=2.589828
  step 500/5004: loss=2.293611
  step 600/5004: loss=2.326421
  step 700/5004: loss=2.177910
  step 800/5004: loss=2.413104
  step 900/5004: loss=2.380189
  step 1000/5004: loss=2.068718
  step 1100/5004: loss=2.387014
  step 1200/5004: loss=2.373033
  step 1300/5004: loss=2.187175
  step 1400/5004: loss=2.350739
  step 1500/5004: loss=2.536817
  step 1600/5004: loss=2.687081
  step 1700/5004: loss=2.014400
  step 1800/5004: loss=2.123043
  step 1900/5004: loss=2.120419
  step 2000/5004: loss=2.451835
  step 2100/5004: loss=2.115263
  step 2200/5004: loss=1.981645
  step 2300/5004: loss=2.546118
  step 2400/5004: loss=2.170555
  step 2500/5004: loss=2.261508
  step 2600/5004: loss=2.084863
  step 2700/5004: loss=2.457655
  step 2800/5004: loss=2.195191
  step 2900/5004: loss=2.408612
  step 3000/5004: loss=2.572095
  step 3100/5004: loss=2.522357
  step 3200/5004: loss=2.132560
  step 3300/5004: loss=2.269524
  step 3400/5004: loss=2.199609
  step 3500/5004: loss=2.297427
  step 3600/5004: loss=2.113365
  step 3700/5004: loss=2.296923
  step 3800/5004: loss=2.229463
  step 3900/5004: loss=2.222832
  step 4000/5004: loss=2.127545
  step 4100/5004: loss=1.995712
  step 4200/5004: loss=2.268060
  step 4300/5004: loss=2.405639
  step 4400/5004: loss=1.939401
  step 4500/5004: loss=2.503292
  step 4600/5004: loss=2.650323
  step 4700/5004: loss=2.272526
  step 4800/5004: loss=2.142066
  step 4900/5004: loss=2.445842
  step 5000/5004: loss=2.519376
[pjrt_ffi] RESIDENT: @efficientnetin_fwd_eval holds 311 parameter tensors (20.3 MB) on 1 device; they stop crossing PCIe from here
Epoch 320/350: loss=2.275964 lr=0.000294
  epoch 320: test_acc = 38356/50000 = 76.712000%  top5 = 46528/50000 = 93.056000%  [95% CI 76.34–77.08]
    BN companion -> .lake/build/efficientnetin_emarmsdp64dropdobf16_ckpt_xla.bin.bn (42016 floats x 2, hash 9435912683718406142)
  step 0/5004: loss=2.098353
  step 1/5004: loss=2.358999
  step 2/5004: loss=2.328301
===== 2026-09-15 18:19:48 attempt 7 (from epoch 320) =====
I0915 18:19:49.419162 3393244 service.cc:154] XLA service 0x786e2c052930 initialized for platform CUDA (this does not guarantee that XLA will be used). Devices:
I0915 18:19:49.419188 3393244 service.cc:170]   StreamExecutor [0]: NVIDIA GeForce RTX 3060, Compute Capability 8.6 (Driver: 13.3.0[610.57.4]; Runtime: 13.3.0; Toolkit: 13.0.0; DNN: 9.24.0)
I0915 18:19:49.419191 3393244 service.cc:170]   StreamExecutor [1]: NVIDIA GeForce RTX 3060, Compute Capability 8.6 (Driver: 13.3.0[610.57.4]; Runtime: 13.3.0; Toolkit: 13.0.0; DNN: 9.24.0)
I0915 18:19:49.419195 3393244 service.cc:170]   StreamExecutor [2]: NVIDIA GeForce RTX 3060, Compute Capability 8.6 (Driver: 13.3.0[610.57.4]; Runtime: 13.3.0; Toolkit: 13.0.0; DNN: 9.24.0)
I0915 18:19:49.419197 3393244 service.cc:170]   StreamExecutor [3]: NVIDIA GeForce RTX 3060, Compute Capability 8.6 (Driver: 13.3.0[610.57.4]; Runtime: 13.3.0; Toolkit: 13.0.0; DNN: 9.24.0)
I0915 18:19:49.422358 3393244 se_gpu_pjrt_client.cc:1450] Using BFC allocator.
I0915 18:19:49.422398 3393244 gpu_helpers.cc:162] XLA backend allocating 8.72GiB (9365880832 bytes) on device 0 for BFCAllocator.
I0915 18:19:49.422434 3393244 gpu_helpers.cc:162] XLA backend allocating 8.72GiB (9365880832 bytes) on device 1 for BFCAllocator.
I0915 18:19:49.422449 3393244 gpu_helpers.cc:162] XLA backend allocating 8.72GiB (9365880832 bytes) on device 2 for BFCAllocator.
I0915 18:19:49.422456 3393244 gpu_helpers.cc:162] XLA backend allocating 8.72GiB (9365880832 bytes) on device 3 for BFCAllocator.
[pjrt_ffi] XLA backend: PJRT 0.114, 4 device(s)
[pjrt_ffi] command buffers: enabled (CUDA default)
I0915 18:19:49.536858 3393244 se_gpu_pjrt_compiler.cc:382] Found GPU target config and a PjRtClient with matching configuration. Performing a JIT compilation.
I0915 18:19:52.104052 3393244 cuda_dnn.cc:442] Loaded cuDNN version 92400
W0915 18:19:53.445007 3393311 cuda_timer.cc:88] Delay kernel timed out: measured time has sub-optimal accuracy. There may be a missing warmup execution, please investigate in Nsight Systems.
W0915 18:19:54.431872 3393311 cuda_timer.cc:88] Delay kernel timed out: measured time has sub-optimal accuracy. There may be a missing warmup execution, please investigate in Nsight Systems.
W0915 18:19:54.555981 3393311 cuda_timer.cc:88] Delay kernel timed out: measured time has sub-optimal accuracy. There may be a missing warmup execution, please investigate in Nsight Systems.
I0915 18:19:54.810360 3393323 subprocess_compilation.cc:349] ptxas warning : Registers are spilled to local memory in function 'gemm_fusion_dot_44', 96 bytes spill stores, 64 bytes spill loads

I0915 18:19:54.928778 3393326 subprocess_compilation.cc:349] ptxas warning : Registers are spilled to local memory in function 'gemm_fusion_dot_44', 96 bytes spill stores, 64 bytes spill loads

W0915 18:19:55.449723 3393311 cuda_timer.cc:88] Delay kernel timed out: measured time has sub-optimal accuracy. There may be a missing warmup execution, please investigate in Nsight Systems.
W0915 18:19:57.012239 3393311 cuda_timer.cc:88] Delay kernel timed out: measured time has sub-optimal accuracy. There may be a missing warmup execution, please investigate in Nsight Systems.
I0915 18:20:05.117739 3393320 subprocess_compilation.cc:349] ptxas warning : Registers are spilled to local memory in function 'gemm_fusion_dot_45', 128 bytes spill stores, 72 bytes spill loads

[pjrt_ffi] compiled verified_mlir/efficientnetin_emarmsdp64dropdobf16_train_step.mlir (@efficientnetin_emarmsdp64dropdobf16_train_step, 965 outputs, 4 replicas) in 37008 ms
I0915 18:20:26.809898 3393316 subprocess_compilation.cc:349] ptxas warning : Registers are spilled to local memory in function 'gemm_fusion_dot_10', 12 bytes spill stores, 12 bytes spill loads

I0915 18:20:26.943206 3393319 subprocess_compilation.cc:349] ptxas warning : Registers are spilled to local memory in function 'gemm_fusion_dot_10', 64 bytes spill stores, 64 bytes spill loads

I0915 18:20:27.041191 3393306 subprocess_compilation.cc:349] ptxas warning : Registers are spilled to local memory in function 'gemm_fusion_dot_10', 128 bytes spill stores, 84 bytes spill loads

[pjrt_ffi] compiled verified_mlir/efficientnetin_fwd.mlir (@efficientnetin_fwd, 1 outputs, 1 replica) in 6204 ms
[pjrt_ffi] compiled verified_mlir/efficientnetin_fwd_eval.mlir (@efficientnetin_fwd_eval, 1 outputs, 1 replica) in 507 ms
WARNING: All log messages before absl::InitializeLog() is called are written to STDERR
I0000 00:00:1789496433.729582 3396317 port.cc:153] oneDNN custom operations are on. You may see slightly different numerical results due to floating-point round-off errors from different computation orders. To turn them off, set the environment variable `TF_ENABLE_ONEDNN_OPTS=0`.
I0000 00:00:1789496433.957982 3396317 cpu_feature_guard.cc:227] This TensorFlow binary is optimized to use available CPU instructions in performance-critical operations.
To enable the following instructions: AVX2 AVX512F AVX512_VNNI AVX512_BF16 AVX512_FP16 AVX_VNNI AMX_TILE AMX_INT8 AMX_BF16 FMA, in other operations, rebuild TensorFlow with the appropriate compiler flags.
WARNING: All log messages before absl::InitializeLog() is called are written to STDERR
I0000 00:00:1789496435.642508 3396317 port.cc:153] oneDNN custom operations are on. You may see slightly different numerical results due to floating-point round-off errors from different computation orders. To turn them off, set the environment variable `TF_ENABLE_ONEDNN_OPTS=0`.
I0000 00:00:1789496436.403819 3396422 tf_record_dataset_op.cc:396] The default buffer size is 262144, which is overridden by the user specified `buffer_size` of 8388608
EfficientNet-B0 on full 1000-class ImageNet via the VERIFIED renderer → XLA/PJRT → GPU, with the tfds batch shim supplying the same augmentation the Lean→JAX reference trainer uses
  xla/pjrt verified_mlir/efficientnetin_emarmsdp64dropdobf16_train_step.mlir
  xla/pjrt verified_mlir/efficientnetin_fwd.mlir
  xla/pjrt verified_mlir/efficientnetin_fwd_eval.mlir
  imagenet shim: jax/.lake/build/generated_efficientnet_b0_imagenet_shim.py — validation split, batch 256, 150528 floats/img (seed 0)
  imagenet: draining the val split into RAM (~30 GB, one time)…
  imagenet: val ready — 50000 images, 28710 MB
  ▸ val = all 50,000 (timm's denominator; drop_remainder=False on the val split)
  train 1281167, test 50000; bs 64, EfficientNet-B0 (ImageNet-1k) emarmsdp64dropdobf16 (exp x0.970000/2.400000ep+warmup 5ep, baseLR 0.016000), He init
  ▸ RMSPROP: m = momentum buffer (init 0), v = running MEAN-SQUARE (init 1.0, TF convention — this optimizer is not bias-corrected)
  ▸ STOCHASTIC DEPTH: 9 drop sites, keeps #[0.973000, 0.947000, 0.920000, 0.907000, 0.880000, 0.867000, 0.840000, 0.827000, 0.813000] — host-drawn per step, 1/keep folded in, NOT on the resident path. Eval is the identity (drop-free forward).
  ▸ CLASSIFIER DROPOUT: keep 0.800000, mask tensor<256x1280xf32> (PER-ELEMENT, one Bernoulli per example×feature — not per-example like the drop scales), host-drawn per step at seed+999983, 1/keep folded in. Eval is the identity (drop-free forward).
  ▸ EMA: region 3 of 4 [θ|m|v|ema], shadow starts AT the weights, decay min(0.999900, (1+t)/(10+t)) — TF warmup-corrected. EVAL AND CHECKPOINT SCORE THE SHADOW.
  running-stats BN: 49 layers, 42016 stat floats → eval via @efficientnetin_fwd_eval
     decay 0.990000 (TF sense; = PyTorch/timm momentum 0.010000), new-batch weight 0.010000
  DATA-PARALLEL: 4 replicas x bs 64 = global batch 256, 5004 steps/epoch
  ▸ resuming from checkpoint at epoch 320
  ▸ resumed BN running stats + ema_bn from .lake/build/efficientnetin_emarmsdp64dropdobf16_ckpt_xla.bin.bn (hash 9435912683718406142)
WARNING: All log messages before absl::InitializeLog() is called are written to STDERR
I0000 00:00:1789496472.321825 3396598 port.cc:153] oneDNN custom operations are on. You may see slightly different numerical results due to floating-point round-off errors from different computation orders. To turn them off, set the environment variable `TF_ENABLE_ONEDNN_OPTS=0`.
I0000 00:00:1789496472.349680 3396598 cpu_feature_guard.cc:227] This TensorFlow binary is optimized to use available CPU instructions in performance-critical operations.
To enable the following instructions: AVX2 AVX512F AVX512_VNNI AVX512_BF16 AVX512_FP16 AVX_VNNI AMX_TILE AMX_INT8 AMX_BF16 FMA, in other operations, rebuild TensorFlow with the appropriate compiler flags.
WARNING: All log messages before absl::InitializeLog() is called are written to STDERR
I0000 00:00:1789496473.392462 3396598 port.cc:153] oneDNN custom operations are on. You may see slightly different numerical results due to floating-point round-off errors from different computation orders. To turn them off, set the environment variable `TF_ENABLE_ONEDNN_OPTS=0`.
WARNING: All log messages before absl::InitializeLog() is called are written to STDERR
I0000 00:00:1789496476.537927 3396717 port.cc:153] oneDNN custom operations are on. You may see slightly different numerical results due to floating-point round-off errors from different computation orders. To turn them off, set the environment variable `TF_ENABLE_ONEDNN_OPTS=0`.
I0000 00:00:1789496476.565515 3396717 cpu_feature_guard.cc:227] This TensorFlow binary is optimized to use available CPU instructions in performance-critical operations.
To enable the following instructions: AVX2 AVX512F AVX512_VNNI AVX512_BF16 AVX512_FP16 AVX_VNNI AMX_TILE AMX_INT8 AMX_BF16 FMA, in other operations, rebuild TensorFlow with the appropriate compiler flags.
I0000 00:00:1789496476.945989 3396716 tf_record_dataset_op.cc:396] The default buffer size is 262144, which is overridden by the user specified `buffer_size` of 8388608
WARNING: All log messages before absl::InitializeLog() is called are written to STDERR
I0000 00:00:1789496477.979472 3396717 port.cc:153] oneDNN custom operations are on. You may see slightly different numerical results due to floating-point round-off errors from different computation orders. To turn them off, set the environment variable `TF_ENABLE_ONEDNN_OPTS=0`.
WARNING: All log messages before absl::InitializeLog() is called are written to STDERR
I0000 00:00:1789496481.134539 3396915 port.cc:153] oneDNN custom operations are on. You may see slightly different numerical results due to floating-point round-off errors from different computation orders. To turn them off, set the environment variable `TF_ENABLE_ONEDNN_OPTS=0`.
I0000 00:00:1789496481.162132 3396915 cpu_feature_guard.cc:227] This TensorFlow binary is optimized to use available CPU instructions in performance-critical operations.
To enable the following instructions: AVX2 AVX512F AVX512_VNNI AVX512_BF16 AVX512_FP16 AVX_VNNI AMX_TILE AMX_INT8 AMX_BF16 FMA, in other operations, rebuild TensorFlow with the appropriate compiler flags.
I0000 00:00:1789496481.508371 3396912 tf_record_dataset_op.cc:396] The default buffer size is 262144, which is overridden by the user specified `buffer_size` of 8388608
WARNING: All log messages before absl::InitializeLog() is called are written to STDERR
I0000 00:00:1789496482.573306 3396915 port.cc:153] oneDNN custom operations are on. You may see slightly different numerical results due to floating-point round-off errors from different computation orders. To turn them off, set the environment variable `TF_ENABLE_ONEDNN_OPTS=0`.
WARNING: All log messages before absl::InitializeLog() is called are written to STDERR
I0000 00:00:1789496485.697159 3397125 port.cc:153] oneDNN custom operations are on. You may see slightly different numerical results due to floating-point round-off errors from different computation orders. To turn them off, set the environment variable `TF_ENABLE_ONEDNN_OPTS=0`.
I0000 00:00:1789496485.724328 3397125 cpu_feature_guard.cc:227] This TensorFlow binary is optimized to use available CPU instructions in performance-critical operations.
To enable the following instructions: AVX2 AVX512F AVX512_VNNI AVX512_BF16 AVX512_FP16 AVX_VNNI AMX_TILE AMX_INT8 AMX_BF16 FMA, in other operations, rebuild TensorFlow with the appropriate compiler flags.
I0000 00:00:1789496486.057064 3397123 tf_record_dataset_op.cc:396] The default buffer size is 262144, which is overridden by the user specified `buffer_size` of 8388608
WARNING: All log messages before absl::InitializeLog() is called are written to STDERR
I0000 00:00:1789496487.124142 3397125 port.cc:153] oneDNN custom operations are on. You may see slightly different numerical results due to floating-point round-off errors from different computation orders. To turn them off, set the environment variable `TF_ENABLE_ONEDNN_OPTS=0`.
[pjrt_ffi] RESIDENT: @efficientnetin_emarmsdp64dropdobf16_train_step holds 852 parameter tensors (80.7 MB) on 4 devices; they stop crossing PCIe from here
I0915 18:21:30.583506 3393301 cuda_dnn.cc:442] Loaded cuDNN version 92400
I0915 18:21:30.583543 3393298 cuda_dnn.cc:442] Loaded cuDNN version 92400
I0915 18:21:30.583588 3393295 cuda_dnn.cc:442] Loaded cuDNN version 92400
I0000 00:00:1789496490.930849 3397684 tf_record_dataset_op.cc:396] The default buffer size is 262144, which is overridden by the user specified `buffer_size` of 8388608
  imagenet shim: jax/.lake/build/generated_efficientnet_b0_imagenet_shim.py — train split, batch 256, 150528 floats/img (seed 1)
  imagenet shim: jax/.lake/build/generated_efficientnet_b0_imagenet_shim.py — train split, batch 256, 150528 floats/img (seed 2)
  imagenet shim: jax/.lake/build/generated_efficientnet_b0_imagenet_shim.py — train split, batch 256, 150528 floats/img (seed 3)
  imagenet shim: jax/.lake/build/generated_efficientnet_b0_imagenet_shim.py — train split, batch 256, 150528 floats/img (seed 4)
  imagenet shim: 4 sharded producers (round-robin over batches)
  ▸ SHIM PREFETCH: ON (depth 4 over 4 producer handle(s) — each step's read is issued before the previous step's invoke, one in flight PER HANDLE, so every producer drains during compute instead of blocking in write()). Measured 377 → 224 ms/step on R34/ImageNet 4×bs64 for depth 1. Batch buffers are allocated and freed on the main thread; the pool only fills them.
  step 0/5004: loss=2.227290
  step 1/5004: loss=2.609820
  step 2/5004: loss=2.138574
  step 100/5004: loss=2.223819
  step 200/5004: loss=1.929720
  step 300/5004: loss=2.223032
  step 400/5004: loss=2.201231
  step 500/5004: loss=2.069060
  step 600/5004: loss=2.169793
  step 700/5004: loss=2.644400
  step 800/5004: loss=2.375268
  step 900/5004: loss=2.593730
  step 1000/5004: loss=2.177571
  step 1100/5004: loss=2.535043
  step 1200/5004: loss=2.246467
  step 1300/5004: loss=2.252647
  step 1400/5004: loss=2.157201
  step 1500/5004: loss=2.188295
  step 1600/5004: loss=2.298354
  step 1700/5004: loss=2.623422
  step 1800/5004: loss=2.033171
  step 1900/5004: loss=2.234060
  step 2000/5004: loss=2.039366
  step 2100/5004: loss=2.083181
  step 2200/5004: loss=2.416967
  step 2300/5004: loss=2.370997
  step 2400/5004: loss=2.377264
  step 2500/5004: loss=2.596651
  step 2600/5004: loss=2.008944
  step 2700/5004: loss=2.262848
  step 2800/5004: loss=2.069849
  step 2900/5004: loss=2.180882
  step 3000/5004: loss=2.236521
  step 3100/5004: loss=2.581300
  step 3200/5004: loss=2.571802
  step 3300/5004: loss=2.341785
  step 3400/5004: loss=2.287883
  step 3500/5004: loss=2.189103
  step 3600/5004: loss=2.316196
  step 3700/5004: loss=2.433438
  step 3800/5004: loss=2.069851
  step 3900/5004: loss=2.321876
  step 4000/5004: loss=2.105265
  step 4100/5004: loss=1.994302
  step 4200/5004: loss=2.440494
  step 4300/5004: loss=2.247406
  step 4400/5004: loss=2.333934
  step 4500/5004: loss=2.078978
  step 4600/5004: loss=2.366541
  step 4700/5004: loss=2.615114
  step 4800/5004: loss=2.384084
  step 4900/5004: loss=2.372008
  step 5000/5004: loss=2.107628
[pjrt_ffi] RESIDENT: @efficientnetin_fwd_eval holds 311 parameter tensors (20.3 MB) on 1 device; they stop crossing PCIe from here
Epoch 321/350: loss=2.272867 lr=0.000290
  epoch 321: test_acc = 38344/50000 = 76.688000%  top5 = 46544/50000 = 93.088000%  [95% CI 76.32–77.06]
    BN companion -> .lake/build/efficientnetin_emarmsdp64dropdobf16_ckpt_xla.bin.bn (42016 floats x 2, hash 9335589878122474368)
  step 0/5004: loss=2.023764
  step 1/5004: loss=2.331136
  step 2/5004: loss=2.247327
  step 100/5004: loss=2.249609
  step 200/5004: loss=1.939665
  step 300/5004: loss=2.154855
  step 400/5004: loss=2.286681
  step 500/5004: loss=2.451840
  step 600/5004: loss=2.130759
  step 700/5004: loss=2.065373
  step 800/5004: loss=2.096935
  step 900/5004: loss=2.148256
  step 1000/5004: loss=2.503742
  step 1100/5004: loss=2.461656
  step 1200/5004: loss=1.952386
  step 1300/5004: loss=2.512166
  step 1400/5004: loss=2.149505
  step 1500/5004: loss=2.484472
  step 1600/5004: loss=2.578724
  step 1700/5004: loss=2.483503
  step 1800/5004: loss=2.457706
  step 1900/5004: loss=2.293224
  step 2000/5004: loss=2.070694
  step 2100/5004: loss=2.227548
  step 2200/5004: loss=2.287993
  step 2300/5004: loss=1.959599
  step 2400/5004: loss=2.421565
  step 2500/5004: loss=2.352067
  step 2600/5004: loss=2.798863
  step 2700/5004: loss=2.270632
  step 2800/5004: loss=2.184739
  step 2900/5004: loss=2.168679
  step 3000/5004: loss=1.979607
  step 3100/5004: loss=2.437071
  step 3200/5004: loss=2.165683
  step 3300/5004: loss=2.309831
  step 3400/5004: loss=2.564831
  step 3500/5004: loss=2.042381
  step 3600/5004: loss=2.250275
  step 3700/5004: loss=2.376166
  step 3800/5004: loss=2.420696
  step 3900/5004: loss=2.360600
  step 4000/5004: loss=2.475562
  step 4100/5004: loss=2.386855
  step 4200/5004: loss=2.169482
  step 4300/5004: loss=2.373467
  step 4400/5004: loss=2.501400
  step 4500/5004: loss=2.401131
  step 4600/5004: loss=2.127663
  step 4700/5004: loss=2.169322
  step 4800/5004: loss=2.082798
  step 4900/5004: loss=2.149189
  step 5000/5004: loss=2.247325
[pjrt_ffi] RESIDENT: @efficientnetin_fwd_eval holds 311 parameter tensors (20.3 MB) on 1 device; they stop crossing PCIe from here
Epoch 322/350: loss=2.277390 lr=0.000286
  epoch 322: test_acc = 38329/50000 = 76.658000%  top5 = 46524/50000 = 93.048000%  [95% CI 76.29–77.03]
    BN companion -> .lake/build/efficientnetin_emarmsdp64dropdobf16_ckpt_xla.bin.bn (42016 floats x 2, hash 6926416109286478504)
  step 0/5004: loss=2.250208
  step 1/5004: loss=2.036197
  step 2/5004: loss=2.298075
  step 100/5004: loss=2.370251
  step 200/5004: loss=2.253256
  step 300/5004: loss=2.669936
  step 400/5004: loss=2.209657
  step 500/5004: loss=2.289031
  step 600/5004: loss=2.062144
  step 700/5004: loss=2.264517
  step 800/5004: loss=2.418420
  step 900/5004: loss=2.135326
  step 1000/5004: loss=2.455815
  step 1100/5004: loss=2.080491
  step 1200/5004: loss=2.606580
  step 1300/5004: loss=2.191532
  step 1400/5004: loss=2.114936
  step 1500/5004: loss=2.244196
  step 1600/5004: loss=2.123398
  step 1700/5004: loss=2.380897
  step 1800/5004: loss=2.391937
  step 1900/5004: loss=2.344491
  step 2000/5004: loss=2.399924
  step 2100/5004: loss=2.175020
  step 2200/5004: loss=2.136545
  step 2300/5004: loss=2.447768
  step 2400/5004: loss=2.484407
  step 2500/5004: loss=2.080175
  step 2600/5004: loss=2.388915
  step 2700/5004: loss=2.376807
  step 2800/5004: loss=2.521122
  step 2900/5004: loss=2.157974
  step 3000/5004: loss=2.298288
  step 3100/5004: loss=2.303375
  step 3200/5004: loss=2.455001
  step 3300/5004: loss=1.955933
  step 3400/5004: loss=2.384686
  step 3500/5004: loss=2.379585
  step 3600/5004: loss=2.195135
  step 3700/5004: loss=2.514703
  step 3800/5004: loss=2.464978
  step 3900/5004: loss=2.148027
  step 4000/5004: loss=2.153935
  step 4100/5004: loss=2.198830
  step 4200/5004: loss=1.901285
  step 4300/5004: loss=2.221789
  step 4400/5004: loss=2.251365
  step 4500/5004: loss=2.565172
  step 4600/5004: loss=2.546848
  step 4700/5004: loss=2.008318
  step 4800/5004: loss=2.199611
  step 4900/5004: loss=2.405992
  step 5000/5004: loss=2.069341
[pjrt_ffi] RESIDENT: @efficientnetin_fwd_eval holds 311 parameter tensors (20.3 MB) on 1 device; they stop crossing PCIe from here
Epoch 323/350: loss=2.268636 lr=0.000283
  epoch 323: test_acc = 38288/50000 = 76.576000%  top5 = 46521/50000 = 93.042000%  [95% CI 76.20–76.95]
    BN companion -> .lake/build/efficientnetin_emarmsdp64dropdobf16_ckpt_xla.bin.bn (42016 floats x 2, hash 9930642874757414924)
  step 0/5004: loss=2.201537
  step 1/5004: loss=2.495374
  step 2/5004: loss=2.032159
  step 100/5004: loss=2.559317
  step 200/5004: loss=2.257249
  step 300/5004: loss=2.621693
  step 400/5004: loss=2.119274
  step 500/5004: loss=2.263948
  step 600/5004: loss=2.082943
  step 700/5004: loss=2.174325
  step 800/5004: loss=2.019959
  step 900/5004: loss=2.283620
  step 1000/5004: loss=2.363391
  step 1100/5004: loss=2.226128
  step 1200/5004: loss=2.429993
  step 1300/5004: loss=2.479213
  step 1400/5004: loss=2.564891
  step 1500/5004: loss=2.394561
  step 1600/5004: loss=2.041678
  step 1700/5004: loss=2.363773
  step 1800/5004: loss=2.139387
  step 1900/5004: loss=2.399693
  step 2000/5004: loss=2.002659
  step 2100/5004: loss=2.219502
  step 2200/5004: loss=2.077669
  step 2300/5004: loss=2.353897
  step 2400/5004: loss=2.308263
  step 2500/5004: loss=2.339281
  step 2600/5004: loss=2.237198
  step 2700/5004: loss=2.196036
  step 2800/5004: loss=2.166478
  step 2900/5004: loss=2.486912
  step 3000/5004: loss=2.001904
  step 3100/5004: loss=2.425287
  step 3200/5004: loss=2.279064
  step 3300/5004: loss=2.704069
  step 3400/5004: loss=2.527288
  step 3500/5004: loss=2.045839
  step 3600/5004: loss=2.385035
  step 3700/5004: loss=2.070009
  step 3800/5004: loss=1.986106
  step 3900/5004: loss=2.105117
  step 4000/5004: loss=2.320503
  step 4100/5004: loss=2.016242
  step 4200/5004: loss=2.177321
  step 4300/5004: loss=2.155426
  step 4400/5004: loss=1.926216
  step 4500/5004: loss=1.790231
  step 4600/5004: loss=2.102951
  step 4700/5004: loss=2.188187
  step 4800/5004: loss=2.445488
  step 4900/5004: loss=1.942561
  step 5000/5004: loss=2.080638
[pjrt_ffi] RESIDENT: @efficientnetin_fwd_eval holds 311 parameter tensors (20.3 MB) on 1 device; they stop crossing PCIe from here
Epoch 324/350: loss=2.274477 lr=0.000279
  epoch 324: test_acc = 38324/50000 = 76.648000%  top5 = 46519/50000 = 93.038000%  [95% CI 76.28–77.02]
    BN companion -> .lake/build/efficientnetin_emarmsdp64dropdobf16_ckpt_xla.bin.bn (42016 floats x 2, hash 6548780274845118509)
  step 0/5004: loss=2.079575
  step 1/5004: loss=2.439742
  step 2/5004: loss=2.093891
  step 100/5004: loss=2.076444
  step 200/5004: loss=2.278341
  step 300/5004: loss=2.453937
  step 400/5004: loss=2.216620
  step 500/5004: loss=2.128634
  step 600/5004: loss=1.982255
  step 700/5004: loss=2.521777
  step 800/5004: loss=2.194036
  step 900/5004: loss=2.147107
  step 1000/5004: loss=2.080778
  step 1100/5004: loss=2.458426
  step 1200/5004: loss=2.271822
  step 1300/5004: loss=1.926809
  step 1400/5004: loss=2.351793
  step 1500/5004: loss=2.012703
  step 1600/5004: loss=2.141274
  step 1700/5004: loss=2.389403
  step 1800/5004: loss=2.295690
  step 1900/5004: loss=2.262794
  step 2000/5004: loss=2.197327
  step 2100/5004: loss=2.370166
  step 2200/5004: loss=2.584636
  step 2300/5004: loss=1.914418
  step 2400/5004: loss=2.724559
  step 2500/5004: loss=2.383481
  step 2600/5004: loss=2.127335
  step 2700/5004: loss=2.146843
  step 2800/5004: loss=2.339359
  step 2900/5004: loss=2.301983
  step 3000/5004: loss=2.586952
  step 3100/5004: loss=2.167667
  step 3200/5004: loss=2.399715
  step 3300/5004: loss=2.465590
  step 3400/5004: loss=2.603247
  step 3500/5004: loss=2.639123
  step 3600/5004: loss=2.195541
  step 3700/5004: loss=2.247659
  step 3800/5004: loss=2.222501
  step 3900/5004: loss=2.188976
  step 4000/5004: loss=2.025899
  step 4100/5004: loss=2.460302
  step 4200/5004: loss=2.130425
  step 4300/5004: loss=2.305132
  step 4400/5004: loss=2.159025
  step 4500/5004: loss=2.269968
  step 4600/5004: loss=2.388246
  step 4700/5004: loss=2.760978
  step 4800/5004: loss=2.432308
  step 4900/5004: loss=2.174101
  step 5000/5004: loss=2.190480
[pjrt_ffi] RESIDENT: @efficientnetin_fwd_eval holds 311 parameter tensors (20.3 MB) on 1 device; they stop crossing PCIe from here
Epoch 325/350: loss=2.267017 lr=0.000276
  epoch 325: test_acc = 38347/50000 = 76.694000%  top5 = 46530/50000 = 93.060000%  [95% CI 76.32–77.06]
    BN companion -> .lake/build/efficientnetin_emarmsdp64dropdobf16_ckpt_xla.bin.bn (42016 floats x 2, hash 2066490037371205318)
  step 0/5004: loss=2.169822
  step 1/5004: loss=2.264182
  step 2/5004: loss=2.382877
  step 100/5004: loss=2.134788
  step 200/5004: loss=2.064671
  step 300/5004: loss=2.563002
  step 400/5004: loss=2.346612
  step 500/5004: loss=2.057191
  step 600/5004: loss=2.597761
  step 700/5004: loss=2.310497
  step 800/5004: loss=2.348078
  step 900/5004: loss=2.227819
  step 1000/5004: loss=2.295228
  step 1100/5004: loss=2.726693
  step 1200/5004: loss=2.071229
  step 1300/5004: loss=1.725416
  step 1400/5004: loss=2.348143
  step 1500/5004: loss=2.012850
  step 1600/5004: loss=2.228790
  step 1700/5004: loss=2.062715
  step 1800/5004: loss=2.565216
  step 1900/5004: loss=2.089153
  step 2000/5004: loss=2.428605
  step 2100/5004: loss=2.295413
  step 2200/5004: loss=2.375841
  step 2300/5004: loss=2.704576
  step 2400/5004: loss=2.163296
  step 2500/5004: loss=2.364886
  step 2600/5004: loss=2.478759
  step 2700/5004: loss=2.330069
  step 2800/5004: loss=2.467905
  step 2900/5004: loss=2.275562
  step 3000/5004: loss=2.288510
  step 3100/5004: loss=2.424340
  step 3200/5004: loss=2.032914
  step 3300/5004: loss=2.016255
  step 3400/5004: loss=2.060627
  step 3500/5004: loss=2.292030
  step 3600/5004: loss=2.497242
  step 3700/5004: loss=2.560197
  step 3800/5004: loss=2.363357
  step 3900/5004: loss=2.258990
  step 4000/5004: loss=2.087880
  step 4100/5004: loss=2.475110
  step 4200/5004: loss=1.961933
  step 4300/5004: loss=2.320367
  step 4400/5004: loss=2.311607
  step 4500/5004: loss=2.235955
  step 4600/5004: loss=2.561672
  step 4700/5004: loss=2.414119
  step 4800/5004: loss=2.128548
  step 4900/5004: loss=2.468583
  step 5000/5004: loss=2.220526
[pjrt_ffi] RESIDENT: @efficientnetin_fwd_eval holds 311 parameter tensors (20.3 MB) on 1 device; they stop crossing PCIe from here
Epoch 326/350: loss=2.267245 lr=0.000272
  epoch 326: test_acc = 38368/50000 = 76.736000%  top5 = 46549/50000 = 93.098000%  [95% CI 76.36–77.10]
    BN companion -> .lake/build/efficientnetin_emarmsdp64dropdobf16_ckpt_xla.bin.bn (42016 floats x 2, hash 6900207435472486617)
  step 0/5004: loss=2.458923
  step 1/5004: loss=2.559115
  step 2/5004: loss=2.355840
  step 100/5004: loss=2.000258
  step 200/5004: loss=2.454025
  step 300/5004: loss=2.448324
  step 400/5004: loss=2.042763
  step 500/5004: loss=2.349484
  step 600/5004: loss=2.320115
  step 700/5004: loss=2.376806
  step 800/5004: loss=2.322160
  step 900/5004: loss=2.364839
  step 1000/5004: loss=2.384181
  step 1100/5004: loss=2.221341
  step 1200/5004: loss=2.298657
  step 1300/5004: loss=2.461935
  step 1400/5004: loss=2.159494
  step 1500/5004: loss=2.253282
  step 1600/5004: loss=2.388899
  step 1700/5004: loss=1.861474
  step 1800/5004: loss=2.268225
  step 1900/5004: loss=2.356030
  step 2000/5004: loss=1.859651
  step 2100/5004: loss=2.146506
  step 2200/5004: loss=2.024943
  step 2300/5004: loss=2.229331
  step 2400/5004: loss=2.023806
  step 2500/5004: loss=1.829299
  step 2600/5004: loss=2.191572
  step 2700/5004: loss=2.142682
  step 2800/5004: loss=2.718901
  step 2900/5004: loss=2.338309
  step 3000/5004: loss=2.422884
  step 3100/5004: loss=1.778862
  step 3200/5004: loss=2.054542
  step 3300/5004: loss=2.198881
  step 3400/5004: loss=2.063673
  step 3500/5004: loss=2.459190
  step 3600/5004: loss=2.294835
  step 3700/5004: loss=2.131624
  step 3800/5004: loss=2.296332
  step 3900/5004: loss=2.437884
  step 4000/5004: loss=2.299170
  step 4100/5004: loss=2.319902
  step 4200/5004: loss=2.399038
  step 4300/5004: loss=1.918128
  step 4400/5004: loss=1.981351
  step 4500/5004: loss=2.467618
  step 4600/5004: loss=2.522482
  step 4700/5004: loss=2.614407
  step 4800/5004: loss=2.026124
  step 4900/5004: loss=2.290836
  step 5000/5004: loss=2.132177
[pjrt_ffi] RESIDENT: @efficientnetin_fwd_eval holds 311 parameter tensors (20.3 MB) on 1 device; they stop crossing PCIe from here
Epoch 327/350: loss=2.269221 lr=0.000269
  epoch 327: test_acc = 38327/50000 = 76.654000%  top5 = 46522/50000 = 93.044000%  [95% CI 76.28–77.02]
    BN companion -> .lake/build/efficientnetin_emarmsdp64dropdobf16_ckpt_xla.bin.bn (42016 floats x 2, hash 13372881126850783822)
  step 0/5004: loss=2.141071
  step 1/5004: loss=2.334320
  step 2/5004: loss=2.066979
  step 100/5004: loss=2.572453
  step 200/5004: loss=2.035139
  step 300/5004: loss=2.188805
  step 400/5004: loss=1.731883
  step 500/5004: loss=1.764876
  step 600/5004: loss=2.604936
  step 700/5004: loss=2.001450
  step 800/5004: loss=2.176893
  step 900/5004: loss=2.708302
  step 1000/5004: loss=2.189719
  step 1100/5004: loss=2.124309
  step 1200/5004: loss=2.323710
  step 1300/5004: loss=1.955618
  step 1400/5004: loss=2.185227
  step 1500/5004: loss=2.247259
  step 1600/5004: loss=2.184541
  step 1700/5004: loss=2.457302
  step 1800/5004: loss=2.104923
  step 1900/5004: loss=2.495654
  step 2000/5004: loss=2.250931
  step 2100/5004: loss=2.247745
  step 2200/5004: loss=2.403234
  step 2300/5004: loss=2.064492
  step 2400/5004: loss=2.127269
  step 2500/5004: loss=2.195795
  step 2600/5004: loss=2.113417
  step 2700/5004: loss=2.495046
  step 2800/5004: loss=2.344266
  step 2900/5004: loss=1.939131
  step 3000/5004: loss=2.634639
  step 3100/5004: loss=2.477210
  step 3200/5004: loss=2.106348
  step 3300/5004: loss=2.556573
  step 3400/5004: loss=2.086759
  step 3500/5004: loss=2.351891
  step 3600/5004: loss=2.043912
  step 3700/5004: loss=1.953785
  step 3800/5004: loss=2.057032
  step 3900/5004: loss=2.402687
  step 4000/5004: loss=2.071960
  step 4100/5004: loss=2.258297
  step 4200/5004: loss=2.316993
  step 4300/5004: loss=2.505041
  step 4400/5004: loss=1.811593
  step 4500/5004: loss=2.120279
  step 4600/5004: loss=2.115028
  step 4700/5004: loss=1.968973
  step 4800/5004: loss=2.223907
  step 4900/5004: loss=2.225294
  step 5000/5004: loss=2.009226
[pjrt_ffi] RESIDENT: @efficientnetin_fwd_eval holds 311 parameter tensors (20.3 MB) on 1 device; they stop crossing PCIe from here
Epoch 328/350: loss=2.271613 lr=0.000265
  epoch 328: test_acc = 38330/50000 = 76.660000%  top5 = 46555/50000 = 93.110000%  [95% CI 76.29–77.03]
    BN companion -> .lake/build/efficientnetin_emarmsdp64dropdobf16_ckpt_xla.bin.bn (42016 floats x 2, hash 7043960879711526979)
  step 0/5004: loss=2.145523
  step 1/5004: loss=2.111487
  step 2/5004: loss=2.038663
  step 100/5004: loss=2.302555
  step 200/5004: loss=1.978785
  step 300/5004: loss=2.066929
  step 400/5004: loss=2.621585
  step 500/5004: loss=2.362269
  step 600/5004: loss=2.142117
  step 700/5004: loss=2.011638
  step 800/5004: loss=2.656128
  step 900/5004: loss=1.852881
  step 1000/5004: loss=2.203184
  step 1100/5004: loss=2.174054
  step 1200/5004: loss=2.471760
  step 1300/5004: loss=2.460614
  step 1400/5004: loss=2.351861
  step 1500/5004: loss=1.743110
  step 1600/5004: loss=2.377509
  step 1700/5004: loss=2.493438
  step 1800/5004: loss=2.200662
  step 1900/5004: loss=2.059206
  step 2000/5004: loss=2.164727
  step 2100/5004: loss=2.459816
  step 2200/5004: loss=2.241841
  step 2300/5004: loss=2.186548
  step 2400/5004: loss=2.458496
  step 2500/5004: loss=2.371502
  step 2600/5004: loss=2.394428
  step 2700/5004: loss=2.610254
  step 2800/5004: loss=2.054273
  step 2900/5004: loss=2.108303
  step 3000/5004: loss=2.320583
  step 3100/5004: loss=2.423279
  step 3200/5004: loss=2.045178
  step 3300/5004: loss=2.043744
  step 3400/5004: loss=2.342660
  step 3500/5004: loss=2.501659
  step 3600/5004: loss=2.238406
  step 3700/5004: loss=2.486709
  step 3800/5004: loss=2.411491
  step 3900/5004: loss=2.549198
  step 4000/5004: loss=2.217020
  step 4100/5004: loss=2.084026
  step 4200/5004: loss=2.457016
  step 4300/5004: loss=2.359051
  step 4400/5004: loss=2.628182
  step 4500/5004: loss=2.254457
  step 4600/5004: loss=2.317092
  step 4700/5004: loss=2.193363
  step 4800/5004: loss=2.136944
  step 4900/5004: loss=2.213724
  step 5000/5004: loss=2.123298
[pjrt_ffi] RESIDENT: @efficientnetin_fwd_eval holds 311 parameter tensors (20.3 MB) on 1 device; they stop crossing PCIe from here
Epoch 329/350: loss=2.269468 lr=0.000262
  epoch 329: test_acc = 38360/50000 = 76.720000%  top5 = 46537/50000 = 93.074000%  [95% CI 76.35–77.09]
    BN companion -> .lake/build/efficientnetin_emarmsdp64dropdobf16_ckpt_xla.bin.bn (42016 floats x 2, hash 9345734633441199196)
  step 0/5004: loss=2.340285
  step 1/5004: loss=2.094993
  step 2/5004: loss=2.470882
  step 100/5004: loss=2.322591
  step 200/5004: loss=2.130928
  step 300/5004: loss=2.198738
  step 400/5004: loss=2.379419
  step 500/5004: loss=2.102784
  step 600/5004: loss=2.100779
  step 700/5004: loss=1.803536
  step 800/5004: loss=2.535177
  step 900/5004: loss=2.440983
  step 1000/5004: loss=2.213258
  step 1100/5004: loss=2.069891
  step 1200/5004: loss=2.728397
  step 1300/5004: loss=2.588363
  step 1400/5004: loss=2.588380
  step 1500/5004: loss=2.236254
  step 1600/5004: loss=2.433176
  step 1700/5004: loss=2.350905
  step 1800/5004: loss=2.156483
  step 1900/5004: loss=2.156046
  step 2000/5004: loss=2.245573
  step 2100/5004: loss=2.718952
  step 2200/5004: loss=2.297905
  step 2300/5004: loss=2.078647
  step 2400/5004: loss=2.336558
  step 2500/5004: loss=2.628100
  step 2600/5004: loss=2.293174
  step 2700/5004: loss=2.161274
  step 2800/5004: loss=2.057080
  step 2900/5004: loss=2.151099
  step 3000/5004: loss=2.144709
  step 3100/5004: loss=2.381774
  step 3200/5004: loss=2.350151
  step 3300/5004: loss=2.110856
  step 3400/5004: loss=2.634205
  step 3500/5004: loss=2.382084
  step 3600/5004: loss=2.171843
  step 3700/5004: loss=2.199687
  step 3800/5004: loss=2.052361
  step 3900/5004: loss=2.047113
  step 4000/5004: loss=2.177717
  step 4100/5004: loss=2.160627
  step 4200/5004: loss=2.264325
  step 4300/5004: loss=2.291641
  step 4400/5004: loss=2.336539
  step 4500/5004: loss=2.221272
  step 4600/5004: loss=2.158902
  step 4700/5004: loss=2.471014
  step 4800/5004: loss=2.763380
  step 4900/5004: loss=2.404996
  step 5000/5004: loss=2.123167
[pjrt_ffi] RESIDENT: @efficientnetin_fwd_eval holds 311 parameter tensors (20.3 MB) on 1 device; they stop crossing PCIe from here
Epoch 330/350: loss=2.262405 lr=0.000259
  epoch 330: test_acc = 38376/50000 = 76.752000%  top5 = 46561/50000 = 93.122000%  [95% CI 76.38–77.12]
    BN companion -> .lake/build/efficientnetin_emarmsdp64dropdobf16_ckpt_xla.bin.bn (42016 floats x 2, hash 4962613352989387168)
  step 0/5004: loss=2.383848
  step 1/5004: loss=2.295121
  step 2/5004: loss=2.241543
  step 100/5004: loss=2.028258
  step 200/5004: loss=2.127957
  step 300/5004: loss=2.433951
  step 400/5004: loss=2.349900
  step 500/5004: loss=2.002295
  step 600/5004: loss=2.741953
  step 700/5004: loss=2.068120
  step 800/5004: loss=2.117704
  step 900/5004: loss=2.393007
  step 1000/5004: loss=2.237697
  step 1100/5004: loss=2.349625
  step 1200/5004: loss=2.102620
  step 1300/5004: loss=2.318084
  step 1400/5004: loss=2.255083
  step 1500/5004: loss=1.831874
  step 1600/5004: loss=2.315037
  step 1700/5004: loss=2.093438
  step 1800/5004: loss=2.268352
  step 1900/5004: loss=2.043155
  step 2000/5004: loss=2.411792
  step 2100/5004: loss=2.496537
  step 2200/5004: loss=2.039182
  step 2300/5004: loss=2.324543
  step 2400/5004: loss=2.247087
  step 2500/5004: loss=2.291163
  step 2600/5004: loss=2.481619
  step 2700/5004: loss=2.222798
  step 2800/5004: loss=1.819122
  step 2900/5004: loss=2.272898
  step 3000/5004: loss=2.367991
  step 3100/5004: loss=2.179325
  step 3200/5004: loss=1.967540
  step 3300/5004: loss=2.026634
  step 3400/5004: loss=2.066953
  step 3500/5004: loss=2.389366
  step 3600/5004: loss=2.210326
  step 3700/5004: loss=1.751739
  step 3800/5004: loss=2.226026
  step 3900/5004: loss=2.713751
  step 4000/5004: loss=2.182865
  step 4100/5004: loss=2.033365
  step 4200/5004: loss=2.276759
  step 4300/5004: loss=2.293792
  step 4400/5004: loss=2.213970
  step 4500/5004: loss=2.318763
  step 4600/5004: loss=1.968934
  step 4700/5004: loss=2.577621
  step 4800/5004: loss=2.308213
  step 4900/5004: loss=2.631979
  step 5000/5004: loss=2.266833
[pjrt_ffi] RESIDENT: @efficientnetin_fwd_eval holds 311 parameter tensors (20.3 MB) on 1 device; they stop crossing PCIe from here
Epoch 331/350: loss=2.268008 lr=0.000255
  epoch 331: test_acc = 38376/50000 = 76.752000%  top5 = 46547/50000 = 93.094000%  [95% CI 76.38–77.12]
    BN companion -> .lake/build/efficientnetin_emarmsdp64dropdobf16_ckpt_xla.bin.bn (42016 floats x 2, hash 15044814800189095824)
  step 0/5004: loss=2.293329
  step 1/5004: loss=2.438633
  step 2/5004: loss=2.366067
  step 100/5004: loss=2.092226
  step 200/5004: loss=2.393874
  step 300/5004: loss=2.534657
  step 400/5004: loss=2.280332
  step 500/5004: loss=2.053677
  step 600/5004: loss=2.062628
  step 700/5004: loss=2.332401
  step 800/5004: loss=2.279647
  step 900/5004: loss=2.320252
  step 1000/5004: loss=2.339675
  step 1100/5004: loss=2.295409
  step 1200/5004: loss=2.220837
  step 1300/5004: loss=2.013210
  step 1400/5004: loss=2.509021
  step 1500/5004: loss=2.076909
  step 1600/5004: loss=2.081543
  step 1700/5004: loss=2.268129
  step 1800/5004: loss=2.671754
  step 1900/5004: loss=2.167518
  step 2000/5004: loss=2.165447
  step 2100/5004: loss=2.156571
  step 2200/5004: loss=2.483279
  step 2300/5004: loss=2.139734
  step 2400/5004: loss=2.338658
  step 2500/5004: loss=2.562671
  step 2600/5004: loss=2.616555
  step 2700/5004: loss=2.115446
  step 2800/5004: loss=2.557825
  step 2900/5004: loss=2.531261
  step 3000/5004: loss=2.113287
  step 3100/5004: loss=2.400549
  step 3200/5004: loss=2.104007
  step 3300/5004: loss=2.106018
  step 3400/5004: loss=1.901032
  step 3500/5004: loss=2.445205
  step 3600/5004: loss=2.054970
  step 3700/5004: loss=2.565185
  step 3800/5004: loss=2.142747
  step 3900/5004: loss=2.262909
  step 4000/5004: loss=2.229773
  step 4100/5004: loss=2.292795
  step 4200/5004: loss=2.355193
  step 4300/5004: loss=2.500632
  step 4400/5004: loss=2.454287
  step 4500/5004: loss=2.416892
  step 4600/5004: loss=2.291359
  step 4700/5004: loss=1.832339
  step 4800/5004: loss=1.848263
W0000 00:00:1789504869.729560 3398146 prefetch_autotuner.cc:55] Prefetch autotuner tried to allocate 91453 bytes after encountering the first element of size 91453 bytes.This already causes the autotune ram budget to be exceeded. To stay within the ram budget, either increase the ram budget or reduce element size
  step 4900/5004: loss=1.960292
  step 5000/5004: loss=2.350853
[pjrt_ffi] RESIDENT: @efficientnetin_fwd_eval holds 311 parameter tensors (20.3 MB) on 1 device; they stop crossing PCIe from here
Epoch 332/350: loss=2.265829 lr=0.000252
  epoch 332: test_acc = 38359/50000 = 76.718000%  top5 = 46571/50000 = 93.142000%  [95% CI 76.35–77.09]
    BN companion -> .lake/build/efficientnetin_emarmsdp64dropdobf16_ckpt_xla.bin.bn (42016 floats x 2, hash 16962758098718384622)
  step 0/5004: loss=2.410717
  step 1/5004: loss=2.111814
  step 2/5004: loss=2.401081
  step 100/5004: loss=2.090631
  step 200/5004: loss=2.041430
  step 300/5004: loss=2.066636
  step 400/5004: loss=2.205930
  step 500/5004: loss=2.240031
  step 600/5004: loss=2.306088
  step 700/5004: loss=2.388586
  step 800/5004: loss=2.095663
  step 900/5004: loss=1.971901
  step 1000/5004: loss=2.272105
  step 1100/5004: loss=2.485631
  step 1200/5004: loss=2.205120
  step 1300/5004: loss=2.474165
  step 1400/5004: loss=2.152714
  step 1500/5004: loss=1.976974
  step 1600/5004: loss=2.158221
  step 1700/5004: loss=2.279706
  step 1800/5004: loss=2.012873
  step 1900/5004: loss=2.343713
  step 2000/5004: loss=2.349011
  step 2100/5004: loss=2.196359
  step 2200/5004: loss=2.383842
  step 2300/5004: loss=2.366742
  step 2400/5004: loss=1.907443
  step 2500/5004: loss=2.037982
  step 2600/5004: loss=2.451974
  step 2700/5004: loss=1.922968
  step 2800/5004: loss=2.550572
  step 2900/5004: loss=2.347786
  step 3000/5004: loss=2.357119
  step 3100/5004: loss=2.883100
  step 3200/5004: loss=2.388331
  step 3300/5004: loss=2.141911
  step 3400/5004: loss=2.205342
  step 3500/5004: loss=2.261848
  step 3600/5004: loss=2.205973
  step 3700/5004: loss=2.205307
  step 3800/5004: loss=2.004058
  step 3900/5004: loss=2.108232
  step 4000/5004: loss=2.244329
  step 4100/5004: loss=2.298278
  step 4200/5004: loss=2.018526
  step 4300/5004: loss=2.373458
  step 4400/5004: loss=2.304685
  step 4500/5004: loss=2.573478
  step 4600/5004: loss=2.279691
  step 4700/5004: loss=2.323440
  step 4800/5004: loss=2.297960
  step 4900/5004: loss=2.749445
  step 5000/5004: loss=2.148824
[pjrt_ffi] RESIDENT: @efficientnetin_fwd_eval holds 311 parameter tensors (20.3 MB) on 1 device; they stop crossing PCIe from here
Epoch 333/350: loss=2.261943 lr=0.000249
  epoch 333: test_acc = 38364/50000 = 76.728000%  top5 = 46556/50000 = 93.112000%  [95% CI 76.36–77.10]
    BN companion -> .lake/build/efficientnetin_emarmsdp64dropdobf16_ckpt_xla.bin.bn (42016 floats x 2, hash 4258089882964413400)
  step 0/5004: loss=2.392091
  step 1/5004: loss=2.430223
  step 2/5004: loss=2.027030
  step 100/5004: loss=2.142097
  step 200/5004: loss=2.366610
  step 300/5004: loss=2.342554
  step 400/5004: loss=2.210184
  step 500/5004: loss=2.509099
  step 600/5004: loss=2.224855
  step 700/5004: loss=1.949708
  step 800/5004: loss=2.247632
  step 900/5004: loss=2.256042
  step 1000/5004: loss=1.935840
  step 1100/5004: loss=2.791336
  step 1200/5004: loss=2.603717
  step 1300/5004: loss=2.484336
  step 1400/5004: loss=2.350866
  step 1500/5004: loss=2.066999
  step 1600/5004: loss=2.715523
  step 1700/5004: loss=2.616855
  step 1800/5004: loss=2.112604
  step 1900/5004: loss=1.954159
  step 2000/5004: loss=1.806210
  step 2100/5004: loss=2.169596
  step 2200/5004: loss=2.175579
  step 2300/5004: loss=2.281551
  step 2400/5004: loss=2.487332
  step 2500/5004: loss=2.190629
  step 2600/5004: loss=2.482946
  step 2700/5004: loss=2.370879
  step 2800/5004: loss=2.122245
  step 2900/5004: loss=2.667917
  step 3000/5004: loss=2.073340
  step 3100/5004: loss=2.549152
  step 3200/5004: loss=2.162012
  step 3300/5004: loss=2.451695
  step 3400/5004: loss=2.396359
  step 3500/5004: loss=2.189483
  step 3600/5004: loss=2.541654
  step 3700/5004: loss=2.230241
  step 3800/5004: loss=2.328141
  step 3900/5004: loss=1.987561
  step 4000/5004: loss=2.310982
  step 4100/5004: loss=2.151212
  step 4200/5004: loss=2.287561
  step 4300/5004: loss=2.738117
  step 4400/5004: loss=1.930544
  step 4500/5004: loss=2.016134
  step 4600/5004: loss=2.664720
  step 4700/5004: loss=2.081071
  step 4800/5004: loss=2.657422
  step 4900/5004: loss=2.205381
  step 5000/5004: loss=2.099051
[pjrt_ffi] RESIDENT: @efficientnetin_fwd_eval holds 311 parameter tensors (20.3 MB) on 1 device; they stop crossing PCIe from here
Epoch 334/350: loss=2.264548 lr=0.000246
  epoch 334: test_acc = 38367/50000 = 76.734000%  top5 = 46577/50000 = 93.154000%  [95% CI 76.36–77.10]
    BN companion -> .lake/build/efficientnetin_emarmsdp64dropdobf16_ckpt_xla.bin.bn (42016 floats x 2, hash 7341350395634250121)
  step 0/5004: loss=2.117431
  step 1/5004: loss=2.021574
  step 2/5004: loss=2.463754
  step 100/5004: loss=2.309964
  step 200/5004: loss=2.561930
  step 300/5004: loss=2.121452
  step 400/5004: loss=2.371800
  step 500/5004: loss=2.191658
  step 600/5004: loss=2.322128
  step 700/5004: loss=2.158411
  step 800/5004: loss=2.735800
  step 900/5004: loss=2.051210
  step 1000/5004: loss=2.221678
  step 1100/5004: loss=2.538124
  step 1200/5004: loss=2.134289
  step 1300/5004: loss=2.394135
  step 1400/5004: loss=2.434707
  step 1500/5004: loss=2.467294
  step 1600/5004: loss=2.245251
  step 1700/5004: loss=2.043030
  step 1800/5004: loss=2.151603
  step 1900/5004: loss=1.939590
  step 2000/5004: loss=2.097675
  step 2100/5004: loss=2.230473
  step 2200/5004: loss=2.259150
  step 2300/5004: loss=2.170521
  step 2400/5004: loss=2.061846
  step 2500/5004: loss=1.981703
  step 2600/5004: loss=2.316011
  step 2700/5004: loss=2.130812
  step 2800/5004: loss=2.294187
  step 2900/5004: loss=2.400587
  step 3000/5004: loss=2.031296
  step 3100/5004: loss=2.377865
  step 3200/5004: loss=1.996903
  step 3300/5004: loss=2.125248
  step 3400/5004: loss=2.217640
  step 3500/5004: loss=2.514011
  step 3600/5004: loss=2.206867
  step 3700/5004: loss=2.241920
  step 3800/5004: loss=2.474346
  step 3900/5004: loss=2.206244
  step 4000/5004: loss=2.268842
  step 4100/5004: loss=2.341178
  step 4200/5004: loss=2.192360
  step 4300/5004: loss=2.162936
  step 4400/5004: loss=1.765821
  step 4500/5004: loss=1.919487
  step 4600/5004: loss=2.477922
  step 4700/5004: loss=2.316455
  step 4800/5004: loss=2.124942
W0000 00:00:1789506948.549628 3398146 prefetch_autotuner.cc:55] Prefetch autotuner tried to allocate 91453 bytes after encountering the first element of size 91453 bytes.This already causes the autotune ram budget to be exceeded. To stay within the ram budget, either increase the ram budget or reduce element size
  step 4900/5004: loss=2.149702
  step 5000/5004: loss=2.042697
[pjrt_ffi] RESIDENT: @efficientnetin_fwd_eval holds 311 parameter tensors (20.3 MB) on 1 device; they stop crossing PCIe from here
Epoch 335/350: loss=2.260159 lr=0.000243
  epoch 335: test_acc = 38420/50000 = 76.840000%  top5 = 46566/50000 = 93.132000%  [95% CI 76.47–77.21]
    BN companion -> .lake/build/efficientnetin_emarmsdp64dropdobf16_ckpt_xla.bin.bn (42016 floats x 2, hash 11311434298906573181)
  step 0/5004: loss=2.345066
  step 1/5004: loss=2.128194
  step 2/5004: loss=2.624834
  step 100/5004: loss=2.018901
  step 200/5004: loss=2.029752
  step 300/5004: loss=2.153249
  step 400/5004: loss=2.486126
  step 500/5004: loss=2.190773
  step 600/5004: loss=2.804224
  step 700/5004: loss=2.030947
  step 800/5004: loss=2.023729
  step 900/5004: loss=2.283923
  step 1000/5004: loss=2.338162
  step 1100/5004: loss=2.217052
  step 1200/5004: loss=2.215542
  step 1300/5004: loss=2.114802
  step 1400/5004: loss=2.407248
  step 1500/5004: loss=2.780330
  step 1600/5004: loss=2.117944
  step 1700/5004: loss=2.144775
  step 1800/5004: loss=2.149931
  step 1900/5004: loss=2.321168
  step 2000/5004: loss=2.366864
  step 2100/5004: loss=2.271196
  step 2200/5004: loss=2.366938
  step 2300/5004: loss=2.185432
  step 2400/5004: loss=2.650465
  step 2500/5004: loss=2.366351
  step 2600/5004: loss=2.672560
  step 2700/5004: loss=2.341746
  step 2800/5004: loss=2.530491
  step 2900/5004: loss=2.539765
  step 3000/5004: loss=2.015133
  step 3100/5004: loss=2.185743
  step 3200/5004: loss=2.229425
  step 3300/5004: loss=2.350689
  step 3400/5004: loss=1.975943
  step 3500/5004: loss=2.257182
  step 3600/5004: loss=2.209908
  step 3700/5004: loss=2.079027
  step 3800/5004: loss=2.066056
  step 3900/5004: loss=2.394144
  step 4000/5004: loss=1.828708
  step 4100/5004: loss=2.215466
  step 4200/5004: loss=2.706850
  step 4300/5004: loss=2.358590
  step 4400/5004: loss=2.499702
  step 4500/5004: loss=1.967082
  step 4600/5004: loss=2.256936
  step 4700/5004: loss=1.948743
  step 4800/5004: loss=2.293501
  step 4900/5004: loss=2.305690
  step 5000/5004: loss=2.090763
[pjrt_ffi] RESIDENT: @efficientnetin_fwd_eval holds 311 parameter tensors (20.3 MB) on 1 device; they stop crossing PCIe from here
Epoch 336/350: loss=2.261472 lr=0.000240
  epoch 336: test_acc = 38369/50000 = 76.738000%  top5 = 46569/50000 = 93.138000%  [95% CI 76.37–77.11]
    BN companion -> .lake/build/efficientnetin_emarmsdp64dropdobf16_ckpt_xla.bin.bn (42016 floats x 2, hash 11920593340846481595)
  step 0/5004: loss=2.307065
  step 1/5004: loss=2.565122
  step 2/5004: loss=2.024582
  step 100/5004: loss=2.146739
  step 200/5004: loss=2.454194
  step 300/5004: loss=2.078954
  step 400/5004: loss=2.257739
  step 500/5004: loss=2.180374
  step 600/5004: loss=2.261913
  step 700/5004: loss=2.310833
  step 800/5004: loss=2.173908
  step 900/5004: loss=2.258510
  step 1000/5004: loss=2.344590
  step 1100/5004: loss=2.342782
  step 1200/5004: loss=2.453319
  step 1300/5004: loss=2.246532
  step 1400/5004: loss=2.180901
  step 1500/5004: loss=2.420469
  step 1600/5004: loss=2.172230
  step 1700/5004: loss=2.378117
  step 1800/5004: loss=2.185727
  step 1900/5004: loss=2.466329
  step 2000/5004: loss=2.247804
  step 2100/5004: loss=2.128147
  step 2200/5004: loss=1.995011
  step 2300/5004: loss=2.394571
  step 2400/5004: loss=2.066724
  step 2500/5004: loss=2.184679
  step 2600/5004: loss=2.698742
  step 2700/5004: loss=1.988313
  step 2800/5004: loss=1.872310
  step 2900/5004: loss=2.273007
  step 3000/5004: loss=2.513704
  step 3100/5004: loss=2.191404
  step 3200/5004: loss=2.310106
  step 3300/5004: loss=2.240353
  step 3400/5004: loss=1.868217
  step 3500/5004: loss=2.510960
  step 3600/5004: loss=2.314142
  step 3700/5004: loss=2.855249
  step 3800/5004: loss=2.194465
  step 3900/5004: loss=2.212988
  step 4000/5004: loss=2.409778
  step 4100/5004: loss=2.279113
  step 4200/5004: loss=2.369145
  step 4300/5004: loss=2.033339
  step 4400/5004: loss=2.465529
  step 4500/5004: loss=2.301822
  step 4600/5004: loss=2.181019
  step 4700/5004: loss=2.486094
  step 4800/5004: loss=2.430323
  step 4900/5004: loss=2.154997
  step 5000/5004: loss=2.138929
[pjrt_ffi] RESIDENT: @efficientnetin_fwd_eval holds 311 parameter tensors (20.3 MB) on 1 device; they stop crossing PCIe from here
Epoch 337/350: loss=2.259263 lr=0.000237
  epoch 337: test_acc = 38377/50000 = 76.754000%  top5 = 46590/50000 = 93.180000%  [95% CI 76.38–77.12]
    BN companion -> .lake/build/efficientnetin_emarmsdp64dropdobf16_ckpt_xla.bin.bn (42016 floats x 2, hash 4045843455898166485)
  step 0/5004: loss=2.324204
  step 1/5004: loss=2.059007
  step 2/5004: loss=2.363883
  step 100/5004: loss=2.318944
  step 200/5004: loss=2.357577
  step 300/5004: loss=1.684866
  step 400/5004: loss=2.211411
  step 500/5004: loss=2.445010
  step 600/5004: loss=2.174818
  step 700/5004: loss=2.158580
  step 800/5004: loss=2.123496
  step 900/5004: loss=2.340833
  step 1000/5004: loss=2.125784
  step 1100/5004: loss=2.497684
  step 1200/5004: loss=2.394790
  step 1300/5004: loss=2.104331
  step 1400/5004: loss=2.299064
  step 1500/5004: loss=2.333945
  step 1600/5004: loss=2.209719
  step 1700/5004: loss=2.261095
  step 1800/5004: loss=2.413389
  step 1900/5004: loss=2.186681
  step 2000/5004: loss=2.294945
  step 2100/5004: loss=2.483426
  step 2200/5004: loss=2.420792
  step 2300/5004: loss=2.309627
  step 2400/5004: loss=2.442070
  step 2500/5004: loss=2.129490
  step 2600/5004: loss=1.875922
  step 2700/5004: loss=2.031889
  step 2800/5004: loss=2.324870
  step 2900/5004: loss=2.212627
  step 3000/5004: loss=2.040455
  step 3100/5004: loss=2.400443
  step 3200/5004: loss=1.985540
  step 3300/5004: loss=2.409936
  step 3400/5004: loss=2.035104
  step 3500/5004: loss=2.188655
  step 3600/5004: loss=2.248833
  step 3700/5004: loss=2.416013
  step 3800/5004: loss=2.279812
  step 3900/5004: loss=2.290571
  step 4000/5004: loss=2.224148
  step 4100/5004: loss=2.435247
  step 4200/5004: loss=2.430221
  step 4300/5004: loss=2.391664
  step 4400/5004: loss=2.275767
  step 4500/5004: loss=2.460996
  step 4600/5004: loss=2.318226
  step 4700/5004: loss=2.343163
  step 4800/5004: loss=2.153331
  step 4900/5004: loss=2.185305
  step 5000/5004: loss=2.320652
[pjrt_ffi] RESIDENT: @efficientnetin_fwd_eval holds 311 parameter tensors (20.3 MB) on 1 device; they stop crossing PCIe from here
Epoch 338/350: loss=2.259546 lr=0.000234
  epoch 338: test_acc = 38409/50000 = 76.818000%  top5 = 46580/50000 = 93.160000%  [95% CI 76.45–77.19]
    BN companion -> .lake/build/efficientnetin_emarmsdp64dropdobf16_ckpt_xla.bin.bn (42016 floats x 2, hash 13589589825602619858)
  step 0/5004: loss=2.523729
  step 1/5004: loss=2.189636
  step 2/5004: loss=2.167514
  step 100/5004: loss=1.970501
  step 200/5004: loss=2.378424
  step 300/5004: loss=2.119462
  step 400/5004: loss=2.533995
  step 500/5004: loss=2.352778
  step 600/5004: loss=2.267917
  step 700/5004: loss=2.468674
  step 800/5004: loss=2.246912
  step 900/5004: loss=2.306225
  step 1000/5004: loss=2.270162
  step 1100/5004: loss=2.394106
  step 1200/5004: loss=2.308088
  step 1300/5004: loss=2.159264
  step 1400/5004: loss=2.473371
  step 1500/5004: loss=2.329644
  step 1600/5004: loss=2.210784
  step 1700/5004: loss=2.164172
  step 1800/5004: loss=2.053430
  step 1900/5004: loss=2.517363
  step 2000/5004: loss=2.480095
  step 2100/5004: loss=2.147421
  step 2200/5004: loss=2.177280
  step 2300/5004: loss=2.235874
  step 2400/5004: loss=2.051070
  step 2500/5004: loss=2.086059
  step 2600/5004: loss=2.166165
  step 2700/5004: loss=2.140832
  step 2800/5004: loss=2.007764
  step 2900/5004: loss=2.019396
  step 3000/5004: loss=2.271625
  step 3100/5004: loss=2.204817
  step 3200/5004: loss=2.370192
  step 3300/5004: loss=2.353570
  step 3400/5004: loss=2.175538
  step 3500/5004: loss=2.219198
  step 3600/5004: loss=2.199797
  step 3700/5004: loss=2.334467
  step 3800/5004: loss=1.970143
  step 3900/5004: loss=2.957222
  step 4000/5004: loss=2.644338
  step 4100/5004: loss=2.369522
  step 4200/5004: loss=2.269209
  step 4300/5004: loss=2.570452
  step 4400/5004: loss=2.585880
  step 4500/5004: loss=2.329598
  step 4600/5004: loss=2.323666
  step 4700/5004: loss=2.320324
  step 4800/5004: loss=2.423303
  step 4900/5004: loss=2.038864
  step 5000/5004: loss=2.331279
[pjrt_ffi] RESIDENT: @efficientnetin_fwd_eval holds 311 parameter tensors (20.3 MB) on 1 device; they stop crossing PCIe from here
Epoch 339/350: loss=2.257709 lr=0.000231
  epoch 339: test_acc = 38414/50000 = 76.828000%  top5 = 46574/50000 = 93.148000%  [95% CI 76.46–77.20]
    BN companion -> .lake/build/efficientnetin_emarmsdp64dropdobf16_ckpt_xla.bin.bn (42016 floats x 2, hash 3654822442002397458)
  step 0/5004: loss=2.112602
  step 1/5004: loss=2.282289
  step 2/5004: loss=2.191724
  step 100/5004: loss=2.531782
  step 200/5004: loss=2.366292
  step 300/5004: loss=1.986421
  step 400/5004: loss=2.303001
  step 500/5004: loss=2.114507
  step 600/5004: loss=2.371915
  step 700/5004: loss=2.129445
  step 800/5004: loss=2.148488
  step 900/5004: loss=2.103941
  step 1000/5004: loss=2.320022
  step 1100/5004: loss=2.059122
  step 1200/5004: loss=2.319959
  step 1300/5004: loss=2.323008
  step 1400/5004: loss=2.273753
  step 1500/5004: loss=2.290140
  step 1600/5004: loss=2.122625
  step 1700/5004: loss=2.416294
  step 1800/5004: loss=2.557697
  step 1900/5004: loss=2.244682
  step 2000/5004: loss=2.140973
  step 2100/5004: loss=2.183647
  step 2200/5004: loss=2.375349
  step 2300/5004: loss=2.507728
  step 2400/5004: loss=2.170740
  step 2500/5004: loss=2.436002
  step 2600/5004: loss=1.972583
  step 2700/5004: loss=2.096796
  step 2800/5004: loss=2.700529
  step 2900/5004: loss=2.347618
  step 3000/5004: loss=2.249056
  step 3100/5004: loss=2.318612
  step 3200/5004: loss=2.135062
  step 3300/5004: loss=2.317728
  step 3400/5004: loss=2.166872
  step 3500/5004: loss=2.055985
  step 3600/5004: loss=2.464128
  step 3700/5004: loss=2.246195
  step 3800/5004: loss=1.873203
  step 3900/5004: loss=2.046129
  step 4000/5004: loss=2.393929
  step 4100/5004: loss=2.376544
  step 4200/5004: loss=2.181557
  step 4300/5004: loss=2.378025
  step 4400/5004: loss=2.403222
  step 4500/5004: loss=2.306178
  step 4600/5004: loss=2.185937
  step 4700/5004: loss=2.079239
  step 4800/5004: loss=2.443716
  step 4900/5004: loss=2.887685
  step 5000/5004: loss=2.136536
[pjrt_ffi] RESIDENT: @efficientnetin_fwd_eval holds 311 parameter tensors (20.3 MB) on 1 device; they stop crossing PCIe from here
Epoch 340/350: loss=2.259770 lr=0.000228
  epoch 340: test_acc = 38397/50000 = 76.794000%  top5 = 46575/50000 = 93.150000%  [95% CI 76.42–77.16]
    BN companion -> .lake/build/efficientnetin_emarmsdp64dropdobf16_ckpt_xla.bin.bn (42016 floats x 2, hash 16861130947468205161)
  step 0/5004: loss=2.158831
  step 1/5004: loss=2.311056
  step 2/5004: loss=2.516478
  step 100/5004: loss=1.969311
  step 200/5004: loss=1.899648
  step 300/5004: loss=2.272852
  step 400/5004: loss=2.111356
  step 500/5004: loss=2.084759
  step 600/5004: loss=2.451846
  step 700/5004: loss=2.501070
  step 800/5004: loss=2.440110
  step 900/5004: loss=2.291031
  step 1000/5004: loss=2.077177
  step 1100/5004: loss=2.364831
  step 1200/5004: loss=2.516318
  step 1300/5004: loss=2.197590
  step 1400/5004: loss=2.295725
  step 1500/5004: loss=2.481732
  step 1600/5004: loss=2.302273
  step 1700/5004: loss=2.070202
  step 1800/5004: loss=2.006279
  step 1900/5004: loss=2.251879
  step 2000/5004: loss=2.221889
  step 2100/5004: loss=2.142659
  step 2200/5004: loss=1.963802
  step 2300/5004: loss=2.482378
  step 2400/5004: loss=2.314977
  step 2500/5004: loss=1.931168
  step 2600/5004: loss=1.942899
  step 2700/5004: loss=2.431706
  step 2800/5004: loss=2.281476
  step 2900/5004: loss=2.233169
  step 3000/5004: loss=2.011116
  step 3100/5004: loss=1.729745
  step 3200/5004: loss=2.224782
  step 3300/5004: loss=2.307104
  step 3400/5004: loss=2.205777
  step 3500/5004: loss=2.041574
  step 3600/5004: loss=2.311164
  step 3700/5004: loss=2.136900
  step 3800/5004: loss=1.955129
  step 3900/5004: loss=2.662895
  step 4000/5004: loss=2.434034
  step 4100/5004: loss=1.989214
  step 4200/5004: loss=2.477904
  step 4300/5004: loss=2.120224
  step 4400/5004: loss=2.296051
  step 4500/5004: loss=2.024085
  step 4600/5004: loss=2.183088
  step 4700/5004: loss=2.262311
  step 4800/5004: loss=2.130129
  step 4900/5004: loss=1.890569
  step 5000/5004: loss=2.293303
[pjrt_ffi] RESIDENT: @efficientnetin_fwd_eval holds 311 parameter tensors (20.3 MB) on 1 device; they stop crossing PCIe from here
Epoch 341/350: loss=2.259345 lr=0.000225
  epoch 341: test_acc = 38440/50000 = 76.880000%  top5 = 46589/50000 = 93.178000%  [95% CI 76.51–77.25]
    BN companion -> .lake/build/efficientnetin_emarmsdp64dropdobf16_ckpt_xla.bin.bn (42016 floats x 2, hash 13496175636019073012)
  step 0/5004: loss=2.217683
  step 1/5004: loss=2.340872
  step 2/5004: loss=2.671535
  step 100/5004: loss=2.279033
  step 200/5004: loss=2.568017
  step 300/5004: loss=2.454722
  step 400/5004: loss=2.578412
  step 500/5004: loss=2.077961
  step 600/5004: loss=2.185224
  step 700/5004: loss=2.119231
  step 800/5004: loss=2.168044
  step 900/5004: loss=1.983665
  step 1000/5004: loss=2.286765
  step 1100/5004: loss=2.089386
  step 1200/5004: loss=2.097216
  step 1300/5004: loss=2.276491
  step 1400/5004: loss=2.270794
  step 1500/5004: loss=2.464676
  step 1600/5004: loss=2.429456
  step 1700/5004: loss=2.562477
  step 1800/5004: loss=2.312135
  step 1900/5004: loss=2.005476
  step 2000/5004: loss=2.419982
  step 2100/5004: loss=2.031676
  step 2200/5004: loss=2.498754
  step 2300/5004: loss=2.256895
  step 2400/5004: loss=2.312916
  step 2500/5004: loss=2.341882
  step 2600/5004: loss=2.124454
  step 2700/5004: loss=2.167145
  step 2800/5004: loss=2.033682
  step 2900/5004: loss=2.193143
  step 3000/5004: loss=2.201243
  step 3100/5004: loss=2.353540
  step 3200/5004: loss=2.451101
  step 3300/5004: loss=1.807699
  step 3400/5004: loss=2.322939
  step 3500/5004: loss=2.371533
  step 3600/5004: loss=2.381330
  step 3700/5004: loss=2.097898
  step 3800/5004: loss=2.532665
  step 3900/5004: loss=2.050530
  step 4000/5004: loss=2.032270
  step 4100/5004: loss=2.115680
  step 4200/5004: loss=2.395748
  step 4300/5004: loss=2.260484
  step 4400/5004: loss=2.323221
  step 4500/5004: loss=2.211551
  step 4600/5004: loss=2.488097
  step 4700/5004: loss=2.156071
  step 4800/5004: loss=2.412326
  step 4900/5004: loss=2.350559
  step 5000/5004: loss=2.094401
[pjrt_ffi] RESIDENT: @efficientnetin_fwd_eval holds 311 parameter tensors (20.3 MB) on 1 device; they stop crossing PCIe from here
Epoch 342/350: loss=2.258111 lr=0.000222
  epoch 342: test_acc = 38431/50000 = 76.862000%  top5 = 46579/50000 = 93.158000%  [95% CI 76.49–77.23]
    BN companion -> .lake/build/efficientnetin_emarmsdp64dropdobf16_ckpt_xla.bin.bn (42016 floats x 2, hash 15345173760198329549)
  step 0/5004: loss=2.121053
  step 1/5004: loss=2.127456
  step 2/5004: loss=2.155416
  step 100/5004: loss=2.270466
  step 200/5004: loss=2.268785
  step 300/5004: loss=2.281284
  step 400/5004: loss=2.638782
  step 500/5004: loss=2.189052
  step 600/5004: loss=2.213448
  step 700/5004: loss=2.436586
  step 800/5004: loss=2.291415
  step 900/5004: loss=2.360843
  step 1000/5004: loss=2.112413
  step 1100/5004: loss=2.493046
  step 1200/5004: loss=2.441120
  step 1300/5004: loss=1.915455
  step 1400/5004: loss=2.361416
  step 1500/5004: loss=2.373996
  step 1600/5004: loss=2.447670
  step 1700/5004: loss=2.292736
  step 1800/5004: loss=2.308148
  step 1900/5004: loss=2.257161
  step 2000/5004: loss=2.113740
  step 2100/5004: loss=2.002376
  step 2200/5004: loss=2.216135
  step 2300/5004: loss=1.986407
  step 2400/5004: loss=2.543005
  step 2500/5004: loss=2.368918
  step 2600/5004: loss=2.263812
  step 2700/5004: loss=2.491711
  step 2800/5004: loss=2.267242
  step 2900/5004: loss=2.291668
  step 3000/5004: loss=2.283464
  step 3100/5004: loss=2.341142
  step 3200/5004: loss=2.036052
  step 3300/5004: loss=2.829839
  step 3400/5004: loss=2.106799
  step 3500/5004: loss=2.249958
  step 3600/5004: loss=2.080091
  step 3700/5004: loss=2.260386
  step 3800/5004: loss=2.320094
  step 3900/5004: loss=2.675126
  step 4000/5004: loss=2.286362
  step 4100/5004: loss=1.833356
  step 4200/5004: loss=2.308723
  step 4300/5004: loss=2.087331
  step 4400/5004: loss=2.051307
  step 4500/5004: loss=2.687650
  step 4600/5004: loss=2.238786
  step 4700/5004: loss=1.843007
  step 4800/5004: loss=1.935146
W0000 00:00:1789512663.607572 3398146 prefetch_autotuner.cc:55] Prefetch autotuner tried to allocate 91453 bytes after encountering the first element of size 91453 bytes.This already causes the autotune ram budget to be exceeded. To stay within the ram budget, either increase the ram budget or reduce element size
  step 4900/5004: loss=2.112399
  step 5000/5004: loss=2.249752
[pjrt_ffi] RESIDENT: @efficientnetin_fwd_eval holds 311 parameter tensors (20.3 MB) on 1 device; they stop crossing PCIe from here
Epoch 343/350: loss=2.254290 lr=0.000219
  epoch 343: test_acc = 38444/50000 = 76.888000%  top5 = 46574/50000 = 93.148000%  [95% CI 76.52–77.26]
    BN companion -> .lake/build/efficientnetin_emarmsdp64dropdobf16_ckpt_xla.bin.bn (42016 floats x 2, hash 10218572685280017563)
  step 0/5004: loss=2.449538
  step 1/5004: loss=2.613898
  step 2/5004: loss=2.125003
  step 100/5004: loss=2.477062
  step 200/5004: loss=2.131011
  step 300/5004: loss=2.332860
  step 400/5004: loss=1.767972
  step 500/5004: loss=2.576271
  step 600/5004: loss=2.090055
  step 700/5004: loss=2.590471
  step 800/5004: loss=2.354299
  step 900/5004: loss=2.082456
  step 1000/5004: loss=2.078671
  step 1100/5004: loss=2.229312
  step 1200/5004: loss=2.149399
  step 1300/5004: loss=2.191386
  step 1400/5004: loss=2.330548
  step 1500/5004: loss=2.387944
  step 1600/5004: loss=2.161012
  step 1700/5004: loss=2.358432
  step 1800/5004: loss=2.107282
  step 1900/5004: loss=2.479273
  step 2000/5004: loss=2.312315
  step 2100/5004: loss=2.359418
  step 2200/5004: loss=2.245068
  step 2300/5004: loss=2.477062
  step 2400/5004: loss=2.200601
  step 2500/5004: loss=2.041511
  step 2600/5004: loss=2.318084
  step 2700/5004: loss=1.986850
  step 2800/5004: loss=1.813798
  step 2900/5004: loss=2.485016
  step 3000/5004: loss=2.392237
  step 3100/5004: loss=2.120341
  step 3200/5004: loss=2.485183
  step 3300/5004: loss=2.345201
  step 3400/5004: loss=2.354999
  step 3500/5004: loss=2.169644
  step 3600/5004: loss=2.121435
  step 3700/5004: loss=2.593235
  step 3800/5004: loss=2.276819
  step 3900/5004: loss=1.861951
  step 4000/5004: loss=2.553251
  step 4100/5004: loss=2.079362
  step 4200/5004: loss=2.441552
  step 4300/5004: loss=2.552745
  step 4400/5004: loss=2.309984
  step 4500/5004: loss=2.436877
  step 4600/5004: loss=2.527969
  step 4700/5004: loss=2.169017
  step 4800/5004: loss=1.952589
  step 4900/5004: loss=2.251415
  step 5000/5004: loss=2.745040
[pjrt_ffi] RESIDENT: @efficientnetin_fwd_eval holds 311 parameter tensors (20.3 MB) on 1 device; they stop crossing PCIe from here
Epoch 344/350: loss=2.252457 lr=0.000217
  epoch 344: test_acc = 38428/50000 = 76.856000%  top5 = 46595/50000 = 93.190000%  [95% CI 76.48–77.22]
    BN companion -> .lake/build/efficientnetin_emarmsdp64dropdobf16_ckpt_xla.bin.bn (42016 floats x 2, hash 8922757957146174550)
  step 0/5004: loss=1.946019
  step 1/5004: loss=1.933824
  step 2/5004: loss=2.103716
  step 100/5004: loss=2.515972
  step 200/5004: loss=2.319955
  step 300/5004: loss=2.134299
  step 400/5004: loss=2.158766
  step 500/5004: loss=2.346030
  step 600/5004: loss=2.260701
  step 700/5004: loss=2.053759
  step 800/5004: loss=2.555317
  step 900/5004: loss=2.420879
  step 1000/5004: loss=2.400876
  step 1100/5004: loss=2.154210
  step 1200/5004: loss=2.092246
  step 1300/5004: loss=2.096445
  step 1400/5004: loss=2.007776
  step 1500/5004: loss=2.068690
  step 1600/5004: loss=2.492357
  step 1700/5004: loss=2.211090
  step 1800/5004: loss=2.248315
  step 1900/5004: loss=2.117763
  step 2000/5004: loss=2.496453
  step 2100/5004: loss=2.083821
  step 2200/5004: loss=2.443538
  step 2300/5004: loss=2.065685
  step 2400/5004: loss=2.089306
  step 2500/5004: loss=1.970203
  step 2600/5004: loss=2.131861
  step 2700/5004: loss=2.131312
  step 2800/5004: loss=2.178289
  step 2900/5004: loss=2.167132
  step 3000/5004: loss=2.069804
  step 3100/5004: loss=2.214784
  step 3200/5004: loss=2.200867
  step 3300/5004: loss=2.194168
  step 3400/5004: loss=2.062564
  step 3500/5004: loss=2.289620
  step 3600/5004: loss=2.274974
  step 3700/5004: loss=1.838047
  step 3800/5004: loss=2.091430
  step 3900/5004: loss=2.303035
  step 4000/5004: loss=2.357433
  step 4100/5004: loss=2.459895
  step 4200/5004: loss=2.275109
  step 4300/5004: loss=2.110322
  step 4400/5004: loss=2.285106
  step 4500/5004: loss=2.203373
  step 4600/5004: loss=2.395445
  step 4700/5004: loss=2.488605
  step 4800/5004: loss=1.926574
  step 4900/5004: loss=2.445279
  step 5000/5004: loss=2.127058
[pjrt_ffi] RESIDENT: @efficientnetin_fwd_eval holds 311 parameter tensors (20.3 MB) on 1 device; they stop crossing PCIe from here
Epoch 345/350: loss=2.243969 lr=0.000214
  epoch 345: test_acc = 38426/50000 = 76.852000%  top5 = 46594/50000 = 93.188000%  [95% CI 76.48–77.22]
    BN companion -> .lake/build/efficientnetin_emarmsdp64dropdobf16_ckpt_xla.bin.bn (42016 floats x 2, hash 15522459496756944008)
  step 0/5004: loss=2.401676
  step 1/5004: loss=2.361448
  step 2/5004: loss=2.640905
  step 100/5004: loss=2.201735
  step 200/5004: loss=2.227922
  step 300/5004: loss=2.139732
  step 400/5004: loss=2.299863
  step 500/5004: loss=2.072727
  step 600/5004: loss=2.456382
  step 700/5004: loss=2.189738
  step 800/5004: loss=2.159191
  step 900/5004: loss=2.352071
  step 1000/5004: loss=2.047158
  step 1100/5004: loss=2.214982
  step 1200/5004: loss=2.258926
  step 1300/5004: loss=2.256729
  step 1400/5004: loss=1.923012
  step 1500/5004: loss=2.313107
  step 1600/5004: loss=2.505107
  step 1700/5004: loss=2.260457
  step 1800/5004: loss=2.136975
  step 1900/5004: loss=2.050917
  step 2000/5004: loss=2.006931
  step 2100/5004: loss=2.239779
  step 2200/5004: loss=2.109476
  step 2300/5004: loss=2.064455
  step 2400/5004: loss=2.198165
  step 2500/5004: loss=2.461766
  step 2600/5004: loss=2.148526
  step 2700/5004: loss=1.930549
  step 2800/5004: loss=2.250232
  step 2900/5004: loss=2.260812
  step 3000/5004: loss=2.377723
  step 3100/5004: loss=2.326225
  step 3200/5004: loss=2.015099
  step 3300/5004: loss=2.324186
  step 3400/5004: loss=2.212111
  step 3500/5004: loss=2.186294
  step 3600/5004: loss=2.312621
  step 3700/5004: loss=2.270233
  step 3800/5004: loss=2.285780
  step 3900/5004: loss=2.504321
  step 4000/5004: loss=2.156733
  step 4100/5004: loss=2.258031
  step 4200/5004: loss=2.084495
  step 4300/5004: loss=2.267927
  step 4400/5004: loss=1.977839
  step 4500/5004: loss=2.364877
  step 4600/5004: loss=2.215214
  step 4700/5004: loss=2.359249
  step 4800/5004: loss=2.494986
  step 4900/5004: loss=2.246300
  step 5000/5004: loss=2.112757
[pjrt_ffi] RESIDENT: @efficientnetin_fwd_eval holds 311 parameter tensors (20.3 MB) on 1 device; they stop crossing PCIe from here
Epoch 346/350: loss=2.246970 lr=0.000211
  epoch 346: test_acc = 38453/50000 = 76.906000%  top5 = 46616/50000 = 93.232000%  [95% CI 76.53–77.27]
    BN companion -> .lake/build/efficientnetin_emarmsdp64dropdobf16_ckpt_xla.bin.bn (42016 floats x 2, hash 559565056885286237)
  step 0/5004: loss=2.053349
  step 1/5004: loss=2.616241
  step 2/5004: loss=2.470515
  step 100/5004: loss=2.525493
  step 200/5004: loss=2.316278
  step 300/5004: loss=2.146774
  step 400/5004: loss=2.209767
  step 500/5004: loss=2.448898
  step 600/5004: loss=2.327844
  step 700/5004: loss=2.163078
  step 800/5004: loss=2.080691
  step 900/5004: loss=2.454633
  step 1000/5004: loss=2.116764
  step 1100/5004: loss=2.611942
  step 1200/5004: loss=2.241083
  step 1300/5004: loss=2.600823
  step 1400/5004: loss=2.448617
  step 1500/5004: loss=2.392462
  step 1600/5004: loss=2.361263
  step 1700/5004: loss=2.374798
  step 1800/5004: loss=2.128886
  step 1900/5004: loss=2.108636
  step 2000/5004: loss=2.069355
  step 2100/5004: loss=2.428990
  step 2200/5004: loss=1.923531
  step 2300/5004: loss=2.074078
  step 2400/5004: loss=2.091713
  step 2500/5004: loss=2.105165
  step 2600/5004: loss=2.120006
  step 2700/5004: loss=2.160276
  step 2800/5004: loss=2.489599
  step 2900/5004: loss=2.652467
  step 3000/5004: loss=2.211764
  step 3100/5004: loss=2.404018
  step 3200/5004: loss=2.121764
  step 3300/5004: loss=2.103855
  step 3400/5004: loss=2.136391
  step 3500/5004: loss=2.026360
  step 3600/5004: loss=2.483065
  step 3700/5004: loss=1.942665
  step 3800/5004: loss=2.362292
  step 3900/5004: loss=2.216107
  step 4000/5004: loss=2.122919
  step 4100/5004: loss=2.093526
  step 4200/5004: loss=2.103964
  step 4300/5004: loss=2.309871
  step 4400/5004: loss=2.383885
  step 4500/5004: loss=2.076416
  step 4600/5004: loss=2.502043
  step 4700/5004: loss=1.958848
  step 4800/5004: loss=2.316156
W0000 00:00:1789515750.320479 3398146 prefetch_autotuner.cc:55] Prefetch autotuner tried to allocate 91453 bytes after encountering the first element of size 91453 bytes.This already causes the autotune ram budget to be exceeded. To stay within the ram budget, either increase the ram budget or reduce element size
  step 4900/5004: loss=2.362570
  step 5000/5004: loss=2.044007
[pjrt_ffi] RESIDENT: @efficientnetin_fwd_eval holds 311 parameter tensors (20.3 MB) on 1 device; they stop crossing PCIe from here
Epoch 347/350: loss=2.250753 lr=0.000208
  epoch 347: test_acc = 38433/50000 = 76.866000%  top5 = 46590/50000 = 93.180000%  [95% CI 76.49–77.23]
    BN companion -> .lake/build/efficientnetin_emarmsdp64dropdobf16_ckpt_xla.bin.bn (42016 floats x 2, hash 9409353257729783697)
  step 0/5004: loss=2.360077
  step 1/5004: loss=2.217353
  step 2/5004: loss=2.149165
  step 100/5004: loss=2.183423
  step 200/5004: loss=2.295250
  step 300/5004: loss=1.870381
  step 400/5004: loss=2.136538
  step 500/5004: loss=2.182294
  step 600/5004: loss=2.037896
  step 700/5004: loss=1.936534
  step 800/5004: loss=2.231012
  step 900/5004: loss=2.345593
  step 1000/5004: loss=2.323816
  step 1100/5004: loss=2.461460
  step 1200/5004: loss=2.379364
  step 1300/5004: loss=2.098183
  step 1400/5004: loss=2.091635
  step 1500/5004: loss=2.161332
  step 1600/5004: loss=1.952908
  step 1700/5004: loss=2.074517
  step 1800/5004: loss=2.057282
  step 1900/5004: loss=1.954517
  step 2000/5004: loss=2.601997
  step 2100/5004: loss=2.119292
  step 2200/5004: loss=2.146847
  step 2300/5004: loss=2.465041
  step 2400/5004: loss=2.460675
  step 2500/5004: loss=2.350556
  step 2600/5004: loss=2.458921
  step 2700/5004: loss=2.272169
  step 2800/5004: loss=2.339092
  step 2900/5004: loss=2.374695
  step 3000/5004: loss=2.153695
  step 3100/5004: loss=2.484248
  step 3200/5004: loss=2.504438
  step 3300/5004: loss=2.478676
  step 3400/5004: loss=1.982033
  step 3500/5004: loss=2.197809
  step 3600/5004: loss=2.499375
  step 3700/5004: loss=2.066676
  step 3800/5004: loss=2.227132
  step 3900/5004: loss=2.063291
  step 4000/5004: loss=2.264878
  step 4100/5004: loss=2.236348
  step 4200/5004: loss=1.946243
  step 4300/5004: loss=1.913511
  step 4400/5004: loss=1.860102
  step 4500/5004: loss=2.351502
  step 4600/5004: loss=2.239439
  step 4700/5004: loss=1.980815
  step 4800/5004: loss=2.194308
  step 4900/5004: loss=2.327799
  step 5000/5004: loss=1.802465
[pjrt_ffi] RESIDENT: @efficientnetin_fwd_eval holds 311 parameter tensors (20.3 MB) on 1 device; they stop crossing PCIe from here
Epoch 348/350: loss=2.246952 lr=0.000206
  epoch 348: test_acc = 38395/50000 = 76.790000%  top5 = 46590/50000 = 93.180000%  [95% CI 76.42–77.16]
    BN companion -> .lake/build/efficientnetin_emarmsdp64dropdobf16_ckpt_xla.bin.bn (42016 floats x 2, hash 1828785785351207426)
  step 0/5004: loss=2.242614
  step 1/5004: loss=2.188501
  step 2/5004: loss=2.096594
  step 100/5004: loss=2.276959
  step 200/5004: loss=2.572862
  step 300/5004: loss=2.426670
  step 400/5004: loss=2.114431
  step 500/5004: loss=2.101197
  step 600/5004: loss=2.432518
  step 700/5004: loss=2.037218
  step 800/5004: loss=2.064692
  step 900/5004: loss=1.882231
  step 1000/5004: loss=2.472367
  step 1100/5004: loss=2.318828
  step 1200/5004: loss=2.098205
  step 1300/5004: loss=2.169964
  step 1400/5004: loss=2.367958
  step 1500/5004: loss=2.119358
  step 1600/5004: loss=2.359333
  step 1700/5004: loss=1.983503
  step 1800/5004: loss=1.910320
  step 1900/5004: loss=2.321219
  step 2000/5004: loss=2.156478
  step 2100/5004: loss=2.327400
  step 2200/5004: loss=2.336295
  step 2300/5004: loss=2.027422
  step 2400/5004: loss=2.257146
  step 2500/5004: loss=2.336518
  step 2600/5004: loss=2.211930
  step 2700/5004: loss=1.929157
  step 2800/5004: loss=2.748706
  step 2900/5004: loss=2.308874
  step 3000/5004: loss=2.029371
  step 3100/5004: loss=1.949780
  step 3200/5004: loss=2.295119
  step 3300/5004: loss=2.329742
  step 3400/5004: loss=1.925767
  step 3500/5004: loss=2.317870
  step 3600/5004: loss=2.153975
  step 3700/5004: loss=2.130130
  step 3800/5004: loss=2.317316
  step 3900/5004: loss=2.354160
  step 4000/5004: loss=2.359578
  step 4100/5004: loss=2.169837
  step 4200/5004: loss=2.053647
  step 4300/5004: loss=2.192832
  step 4400/5004: loss=2.271804
  step 4500/5004: loss=2.351627
  step 4600/5004: loss=1.952574
  step 4700/5004: loss=2.070210
  step 4800/5004: loss=2.394228
  step 4900/5004: loss=2.003255
  step 5000/5004: loss=1.924551
[pjrt_ffi] RESIDENT: @efficientnetin_fwd_eval holds 311 parameter tensors (20.3 MB) on 1 device; they stop crossing PCIe from here
Epoch 349/350: loss=2.244027 lr=0.000203
  epoch 349: test_acc = 38410/50000 = 76.820000%  top5 = 46573/50000 = 93.146000%  [95% CI 76.45–77.19]
    BN companion -> .lake/build/efficientnetin_emarmsdp64dropdobf16_ckpt_xla.bin.bn (42016 floats x 2, hash 12665317789905310451)
  step 0/5004: loss=2.383873
  step 1/5004: loss=2.520563
  step 2/5004: loss=1.850142
  step 100/5004: loss=2.057146
  step 200/5004: loss=2.528589
  step 300/5004: loss=2.262941
  step 400/5004: loss=2.256684
  step 500/5004: loss=2.174490
  step 600/5004: loss=2.096243
  step 700/5004: loss=2.413334
  step 800/5004: loss=2.251955
  step 900/5004: loss=2.146250
  step 1000/5004: loss=2.272649
  step 1100/5004: loss=2.059927
  step 1200/5004: loss=2.066781
  step 1300/5004: loss=2.160843
  step 1400/5004: loss=2.254042
  step 1500/5004: loss=2.006257
  step 1600/5004: loss=2.254237
  step 1700/5004: loss=2.147483
  step 1800/5004: loss=2.044571
  step 1900/5004: loss=2.811142
  step 2000/5004: loss=2.080403
  step 2100/5004: loss=2.116075
  step 2200/5004: loss=2.304290
  step 2300/5004: loss=2.342356
  step 2400/5004: loss=2.581969
  step 2500/5004: loss=2.165718
  step 2600/5004: loss=2.194269
  step 2700/5004: loss=2.357181
  step 2800/5004: loss=2.257097
  step 2900/5004: loss=2.274285
  step 3000/5004: loss=2.161523
  step 3100/5004: loss=1.920945
  step 3200/5004: loss=2.228113
  step 3300/5004: loss=2.205031
  step 3400/5004: loss=2.415510
  step 3500/5004: loss=2.187974
  step 3600/5004: loss=2.140397
  step 3700/5004: loss=2.061220
  step 3800/5004: loss=1.959839
  step 3900/5004: loss=2.472778
  step 4000/5004: loss=2.145182
  step 4100/5004: loss=2.198065
  step 4200/5004: loss=2.206913
  step 4300/5004: loss=2.472483
  step 4400/5004: loss=2.066621
  step 4500/5004: loss=2.398412
  step 4600/5004: loss=2.406833
  step 4700/5004: loss=2.267088
  step 4800/5004: loss=2.134072
W0000 00:00:1789518503.334496 3398146 prefetch_autotuner.cc:55] Prefetch autotuner tried to allocate 91453 bytes after encountering the first element of size 91453 bytes.This already causes the autotune ram budget to be exceeded. To stay within the ram budget, either increase the ram budget or reduce element size
  step 4900/5004: loss=2.503167
  step 5000/5004: loss=2.100391
[pjrt_ffi] RESIDENT: @efficientnetin_fwd_eval holds 311 parameter tensors (20.3 MB) on 1 device; they stop crossing PCIe from here
Epoch 350/350: loss=2.246197 lr=0.000201
  epoch 350: test_acc = 38439/50000 = 76.878000%  top5 = 46577/50000 = 93.154000%  [95% CI 76.51–77.25]
    BN companion -> .lake/build/efficientnetin_emarmsdp64dropdobf16_ckpt_xla.bin.bn (42016 floats x 2, hash 16844717115387661669)
done (trained EfficientNet-B0 (ImageNet-1k) emarmsdp64dropdobf16 + exp x0.970000/2.400000ep/warmup via packed threading).
