2026-09-24 15:19:54 [pjrt_ffi] RESIDENT: @resnet50in_momdp64bf16_train_step holds 483 parameter tensors (292.5 MB) on 4 devices; they stop crossing PCIe from here
2026-09-24 15:19:55   step 0/5004: loss=7.911244
2026-09-24 15:19:56   step 1/5004: loss=7.582402
2026-09-24 15:19:56   step 2/5004: loss=7.462374
2026-09-24 15:20:19   step 100/5004: loss=7.282402
2026-09-24 15:20:43   step 200/5004: loss=6.970505
2026-09-24 15:21:07   step 300/5004: loss=6.907203
2026-09-24 15:21:31   step 400/5004: loss=6.885283
2026-09-24 15:21:55   step 500/5004: loss=6.890944
2026-09-24 15:22:19   step 600/5004: loss=6.925749
2026-09-24 15:22:43   step 700/5004: loss=6.873699
2026-09-24 15:23:07   step 800/5004: loss=6.845255
2026-09-24 15:23:31   step 900/5004: loss=6.885625
2026-09-24 15:23:56   step 1000/5004: loss=6.943898
2026-09-24 15:24:20   step 1100/5004: loss=6.917216
2026-09-24 15:24:44   step 1200/5004: loss=6.639014
2026-09-24 15:25:08   step 1300/5004: loss=6.625511
2026-09-24 15:25:32   step 1400/5004: loss=6.575741
2026-09-24 15:25:56   step 1500/5004: loss=6.746967
2026-09-24 15:26:20   step 1600/5004: loss=6.568381
2026-09-24 15:26:44   step 1700/5004: loss=6.777522
2026-09-24 15:27:08   step 1800/5004: loss=6.523973
2026-09-24 15:27:32   step 1900/5004: loss=6.436213
2026-09-24 15:27:56   step 2000/5004: loss=6.277296
2026-09-24 15:28:20   step 2100/5004: loss=6.037377
2026-09-24 15:28:44   step 2200/5004: loss=6.035988
2026-09-24 15:29:08   step 2300/5004: loss=6.335632
2026-09-24 15:29:32   step 2400/5004: loss=6.352386
2026-09-24 15:29:56   step 2500/5004: loss=6.140980
2026-09-24 15:30:20   step 2600/5004: loss=5.942896
2026-09-24 15:30:44   step 2700/5004: loss=5.854423
2026-09-24 15:31:08   step 2800/5004: loss=5.963056
2026-09-24 15:31:32   step 2900/5004: loss=5.926986
2026-09-24 15:31:56   step 3000/5004: loss=6.094625
2026-09-24 15:32:20   step 3100/5004: loss=6.056507
2026-09-24 15:32:44   step 3200/5004: loss=5.714218
2026-09-24 15:33:08   step 3300/5004: loss=5.769915
2026-09-24 15:33:32   step 3400/5004: loss=5.701232
2026-09-24 15:33:56   step 3500/5004: loss=5.994235
2026-09-24 15:34:20   step 3600/5004: loss=5.921685
2026-09-24 15:34:44   step 3700/5004: loss=5.759338
2026-09-24 15:35:08   step 3800/5004: loss=5.694216
2026-09-24 15:35:32   step 3900/5004: loss=5.695148
2026-09-24 15:35:56   step 4000/5004: loss=5.507624
2026-09-24 15:36:20   step 4100/5004: loss=5.541759
2026-09-24 15:36:44   step 4200/5004: loss=5.789081
2026-09-24 15:37:08   step 4300/5004: loss=5.702976
2026-09-24 15:37:32   step 4400/5004: loss=5.661004
2026-09-24 15:37:56   step 4500/5004: loss=5.556016
2026-09-24 15:38:20   step 4600/5004: loss=5.591267
2026-09-24 15:38:44   step 4700/5004: loss=5.329206
2026-09-24 15:39:09   step 4800/5004: loss=5.506726
2026-09-24 15:39:33   step 4900/5004: loss=5.503839
2026-09-24 15:39:57   step 5000/5004: loss=5.334023
2026-09-24 15:40:05 [pjrt_ffi] RESIDENT: @resnet50in_fwd_eval holds 267 parameter tensors (97.7 MB) on 4 devices; they stop crossing PCIe from here
2026-09-24 15:40:53 Epoch 1/90: loss=6.207232 lr=0.020000
2026-09-24 15:40:53   epoch 1: test_acc = 5329/50000 = 10.658000%  top5 = 13319/50000 = 26.638000%  [95% CI 10.39–10.93]
2026-09-24 15:40:53   step 0/5004: loss=5.551594
2026-09-24 15:40:54   step 1/5004: loss=5.287451
2026-09-24 15:40:54   step 2/5004: loss=5.142782
2026-09-24 15:41:17   step 100/5004: loss=5.830656
2026-09-24 15:41:41   step 200/5004: loss=5.029023
2026-09-24 15:42:06   step 300/5004: loss=5.180198
2026-09-24 15:42:30   step 400/5004: loss=5.285536
2026-09-24 15:42:54   step 500/5004: loss=5.049539
2026-09-24 15:43:18   step 600/5004: loss=4.996285
2026-09-24 15:43:42   step 700/5004: loss=4.985126
2026-09-24 15:44:06   step 800/5004: loss=5.168062
2026-09-24 15:44:30   step 900/5004: loss=5.463545
2026-09-24 15:44:54   step 1000/5004: loss=5.301394
2026-09-24 15:45:18   step 1100/5004: loss=5.349487
2026-09-24 15:45:42   step 1200/5004: loss=5.069299
2026-09-24 15:46:06   step 1300/5004: loss=5.406170
2026-09-24 15:46:30   step 1400/5004: loss=5.373788
2026-09-24 15:46:54   step 1500/5004: loss=5.506605
2026-09-24 15:47:18   step 1600/5004: loss=5.286803
2026-09-24 15:47:42   step 1700/5004: loss=4.946301
2026-09-24 15:48:06   step 1800/5004: loss=5.167343
2026-09-24 15:48:31   step 1900/5004: loss=5.141016
2026-09-24 15:48:55   step 2000/5004: loss=5.074409
2026-09-24 15:49:19   step 2100/5004: loss=5.264005
2026-09-24 15:49:43   step 2200/5004: loss=5.063271
2026-09-24 15:50:07   step 2300/5004: loss=4.957066
2026-09-24 15:50:31   step 2400/5004: loss=5.161502
2026-09-24 15:50:55   step 2500/5004: loss=4.592524
2026-09-24 15:51:19   step 2600/5004: loss=4.591740
2026-09-24 15:51:43   step 2700/5004: loss=4.702824
2026-09-24 15:52:07   step 2800/5004: loss=5.046112
2026-09-24 15:52:31   step 2900/5004: loss=4.661922
2026-09-24 15:52:55   step 3000/5004: loss=4.956230
2026-09-24 15:53:19   step 3100/5004: loss=4.897664
2026-09-24 15:53:44   step 3200/5004: loss=4.458725
2026-09-24 15:54:08   step 3300/5004: loss=4.769107
2026-09-24 15:54:32   step 3400/5004: loss=4.909750
2026-09-24 15:54:56   step 3500/5004: loss=5.123780
2026-09-24 15:55:20   step 3600/5004: loss=4.273980
2026-09-24 15:55:44   step 3700/5004: loss=4.513009
2026-09-24 15:56:08   step 3800/5004: loss=4.451083
2026-09-24 15:56:32   step 3900/5004: loss=4.742245
2026-09-24 15:56:56   step 4000/5004: loss=4.493951
2026-09-24 15:57:20   step 4100/5004: loss=4.685917
2026-09-24 15:57:45   step 4200/5004: loss=4.188191
2026-09-24 15:58:09   step 4300/5004: loss=4.623352
2026-09-24 15:58:33   step 4400/5004: loss=4.716097
2026-09-24 15:58:57   step 4500/5004: loss=4.718761
2026-09-24 15:59:21   step 4600/5004: loss=4.562205
2026-09-24 15:59:45   step 4700/5004: loss=4.445384
2026-09-24 16:00:10   step 4800/5004: loss=4.844128
2026-09-24 16:00:34   step 4900/5004: loss=4.360597
2026-09-24 16:00:58   step 5000/5004: loss=4.385396
2026-09-24 16:01:06 [pjrt_ffi] RESIDENT: @resnet50in_fwd_eval holds 267 parameter tensors (97.7 MB) on 4 devices; they stop crossing PCIe from here
2026-09-24 16:02:01 Epoch 2/90: loss=4.895245 lr=0.040000
2026-09-24 16:02:01   epoch 2: test_acc = 11887/50000 = 23.774000%  top5 = 23621/50000 = 47.242000%  [95% CI 23.40–24.15]
2026-09-24 16:02:01   step 0/5004: loss=4.388005
2026-09-24 16:02:02   step 1/5004: loss=4.167365
2026-09-24 16:02:02   step 2/5004: loss=4.573967
2026-09-24 16:02:26   step 100/5004: loss=4.424831
2026-09-24 16:02:50   step 200/5004: loss=4.281398
2026-09-24 16:03:14   step 300/5004: loss=4.190062
2026-09-24 16:03:38   step 400/5004: loss=4.313430
2026-09-24 16:04:03   step 500/5004: loss=4.278924
2026-09-24 16:04:27   step 600/5004: loss=4.404984
2026-09-24 16:04:51   step 700/5004: loss=4.342879
2026-09-24 16:05:15   step 800/5004: loss=4.802357
2026-09-24 16:05:39   step 900/5004: loss=4.337445
2026-09-24 16:06:03   step 1000/5004: loss=4.207960
2026-09-24 16:06:27   step 1100/5004: loss=4.060022
2026-09-24 16:06:51   step 1200/5004: loss=4.589078
2026-09-24 16:07:15   step 1300/5004: loss=4.627181
2026-09-24 16:07:39   step 1400/5004: loss=4.607275
2026-09-24 16:08:03   step 1500/5004: loss=4.541489
2026-09-24 16:08:27   step 1600/5004: loss=4.681727
2026-09-24 16:08:52   step 1700/5004: loss=4.676545
2026-09-24 16:09:16   step 1800/5004: loss=3.864829
2026-09-24 16:09:40   step 1900/5004: loss=4.115659
2026-09-24 16:10:04   step 2000/5004: loss=4.350493
2026-09-24 16:10:29   step 2100/5004: loss=4.114305
2026-09-24 16:10:53   step 2200/5004: loss=4.296428
2026-09-24 16:11:17   step 2300/5004: loss=4.300489
2026-09-24 16:11:41   step 2400/5004: loss=4.014978
2026-09-24 16:12:05   step 2500/5004: loss=3.860124
2026-09-24 16:12:29   step 2600/5004: loss=4.630401
2026-09-24 16:12:53   step 2700/5004: loss=3.896655
2026-09-24 16:13:18   step 2800/5004: loss=3.917523
2026-09-24 16:13:42   step 2900/5004: loss=4.125819
2026-09-24 16:14:06   step 3000/5004: loss=4.381308
2026-09-24 16:14:30   step 3100/5004: loss=4.363253
2026-09-24 16:14:54   step 3200/5004: loss=4.221749
2026-09-24 16:15:18   step 3300/5004: loss=4.085617
2026-09-24 16:15:42   step 3400/5004: loss=3.988249
2026-09-24 16:16:06   step 3500/5004: loss=3.986326
2026-09-24 16:16:30   step 3600/5004: loss=4.161729
2026-09-24 16:16:54   step 3700/5004: loss=3.997021
2026-09-24 16:17:19   step 3800/5004: loss=4.211192
2026-09-24 16:17:43   step 3900/5004: loss=3.976834
2026-09-24 16:18:07   step 4000/5004: loss=4.182352
2026-09-24 16:18:32   step 4100/5004: loss=3.446681
2026-09-24 16:18:56   step 4200/5004: loss=4.297348
2026-09-24 16:19:20   step 4300/5004: loss=4.225731
2026-09-24 16:19:45   step 4400/5004: loss=3.947252
2026-09-24 16:20:09   step 4500/5004: loss=3.867683
2026-09-24 16:20:33   step 4600/5004: loss=4.209139
2026-09-24 16:20:57   step 4700/5004: loss=3.724364
2026-09-24 16:21:21   step 4800/5004: loss=3.884952
2026-09-24 16:21:45   step 4900/5004: loss=4.001957
2026-09-24 16:22:09   step 5000/5004: loss=3.880675
2026-09-24 16:22:20 [pjrt_ffi] RESIDENT: @resnet50in_fwd_eval holds 267 parameter tensors (97.7 MB) on 4 devices; they stop crossing PCIe from here
2026-09-24 16:23:06 Epoch 3/90: loss=4.185480 lr=0.060000
2026-09-24 16:23:06   epoch 3: test_acc = 16134/50000 = 32.268000%  top5 = 29271/50000 = 58.542000%  [95% CI 31.86–32.68]
2026-09-24 16:23:06   step 0/5004: loss=3.948835
2026-09-24 16:23:06   step 1/5004: loss=4.044724
2026-09-24 16:23:07   step 2/5004: loss=4.206019
2026-09-24 16:23:30   step 100/5004: loss=3.847033
2026-09-24 16:23:54   step 200/5004: loss=3.903560
2026-09-24 16:24:18   step 300/5004: loss=3.739263
2026-09-24 16:24:42   step 400/5004: loss=3.901135
2026-09-24 16:25:06   step 500/5004: loss=3.609060
2026-09-24 16:25:30   step 600/5004: loss=4.176498
2026-09-24 16:25:55   step 700/5004: loss=4.114667
2026-09-24 16:26:19   step 800/5004: loss=3.940046
2026-09-24 16:26:43   step 900/5004: loss=4.191154
2026-09-24 16:27:07   step 1000/5004: loss=3.835971
2026-09-24 16:27:31   step 1100/5004: loss=3.837587
2026-09-24 16:27:55   step 1200/5004: loss=3.695123
2026-09-24 16:28:19   step 1300/5004: loss=3.929343
2026-09-24 16:28:43   step 1400/5004: loss=3.904852
2026-09-24 16:29:07   step 1500/5004: loss=3.860141
2026-09-24 16:29:31   step 1600/5004: loss=3.855064
2026-09-24 16:29:55   step 1700/5004: loss=4.033916
2026-09-24 16:30:20   step 1800/5004: loss=3.827309
2026-09-24 16:30:44   step 1900/5004: loss=4.030785
2026-09-24 16:31:08   step 2000/5004: loss=3.761888
2026-09-24 16:31:32   step 2100/5004: loss=3.676321
2026-09-24 16:31:56   step 2200/5004: loss=3.829546
2026-09-24 16:32:20   step 2300/5004: loss=3.695736
2026-09-24 16:32:45   step 2400/5004: loss=3.960848
2026-09-24 16:33:09   step 2500/5004: loss=4.270467
2026-09-24 16:33:33   step 2600/5004: loss=3.707101
2026-09-24 16:33:57   step 2700/5004: loss=3.846190
2026-09-24 16:34:21   step 2800/5004: loss=3.354183
2026-09-24 16:34:45   step 2900/5004: loss=3.953345
2026-09-24 16:35:09   step 3000/5004: loss=3.953712
2026-09-24 16:35:34   step 3100/5004: loss=3.517540
2026-09-24 16:35:58   step 3200/5004: loss=3.686405
2026-09-24 16:36:22   step 3300/5004: loss=3.784739
2026-09-24 16:36:46   step 3400/5004: loss=3.742049
2026-09-24 16:37:10   step 3500/5004: loss=3.974971
2026-09-24 16:37:35   step 3600/5004: loss=3.590730
2026-09-24 16:37:59   step 3700/5004: loss=3.430424
2026-09-24 16:38:23   step 3800/5004: loss=3.486913
2026-09-24 16:38:47   step 3900/5004: loss=3.799535
2026-09-24 16:39:11   step 4000/5004: loss=4.076368
2026-09-24 16:39:36   step 4100/5004: loss=3.802897
2026-09-24 16:40:00   step 4200/5004: loss=3.651666
2026-09-24 16:40:24   step 4300/5004: loss=3.881469
2026-09-24 16:40:48   step 4400/5004: loss=3.573266
2026-09-24 16:41:12   step 4500/5004: loss=3.794093
2026-09-24 16:41:36   step 4600/5004: loss=3.501753
2026-09-24 16:42:00   step 4700/5004: loss=3.712421
2026-09-24 16:42:25   step 4800/5004: loss=3.481709
2026-09-24 16:42:49   step 4900/5004: loss=3.633617
2026-09-24 16:43:13   step 5000/5004: loss=3.952975
2026-09-24 16:43:22 [pjrt_ffi] RESIDENT: @resnet50in_fwd_eval holds 267 parameter tensors (97.7 MB) on 4 devices; they stop crossing PCIe from here
2026-09-24 16:44:08 Epoch 4/90: loss=3.829477 lr=0.080000
2026-09-24 16:44:08   epoch 4: test_acc = 18640/50000 = 37.280000%  top5 = 32119/50000 = 64.238000%  [95% CI 36.86–37.70]
2026-09-24 16:44:08   step 0/5004: loss=3.575933
2026-09-24 16:44:08   step 1/5004: loss=3.728215
2026-09-24 16:44:09   step 2/5004: loss=3.810952
2026-09-24 16:44:32   step 100/5004: loss=3.467619
2026-09-24 16:44:56   step 200/5004: loss=3.790530
2026-09-24 16:45:20   step 300/5004: loss=3.913746
2026-09-24 16:45:45   step 400/5004: loss=3.847813
2026-09-24 16:46:09   step 500/5004: loss=4.022826
2026-09-24 16:46:33   step 600/5004: loss=3.487010
2026-09-24 16:46:58   step 700/5004: loss=3.777567
2026-09-24 16:47:22   step 800/5004: loss=3.397956
2026-09-24 16:47:46   step 900/5004: loss=3.884376
2026-09-24 16:48:10   step 1000/5004: loss=4.027002
2026-09-24 16:48:35   step 1100/5004: loss=3.419094
2026-09-24 16:48:59   step 1200/5004: loss=4.222219
2026-09-24 16:49:23   step 1300/5004: loss=3.941050
2026-09-24 16:49:47   step 1400/5004: loss=3.638691
2026-09-24 16:50:11   step 1500/5004: loss=3.273276
2026-09-24 16:50:35   step 1600/5004: loss=4.025382
2026-09-24 16:50:59   step 1700/5004: loss=3.592041
2026-09-24 16:51:23   step 1800/5004: loss=3.862629
2026-09-24 16:51:47   step 1900/5004: loss=3.595513
2026-09-24 16:52:12   step 2000/5004: loss=3.513814
2026-09-24 16:52:36   step 2100/5004: loss=3.781634
2026-09-24 16:53:00   step 2200/5004: loss=3.874479
2026-09-24 16:53:24   step 2300/5004: loss=3.912564
2026-09-24 16:53:48   step 2400/5004: loss=3.505939
2026-09-24 16:54:12   step 2500/5004: loss=3.820473
2026-09-24 16:54:37   step 2600/5004: loss=3.716442
2026-09-24 16:55:01   step 2700/5004: loss=3.909317
2026-09-24 16:55:25   step 2800/5004: loss=3.780315
2026-09-24 16:55:49   step 2900/5004: loss=3.776352
2026-09-24 16:56:13   step 3000/5004: loss=3.636545
2026-09-24 16:56:37   step 3100/5004: loss=3.868159
2026-09-24 16:57:02   step 3200/5004: loss=3.441028
2026-09-24 16:57:26   step 3300/5004: loss=3.552805
2026-09-24 16:57:50   step 3400/5004: loss=3.166754
2026-09-24 16:58:14   step 3500/5004: loss=3.593271
2026-09-24 16:58:38   step 3600/5004: loss=3.399330
2026-09-24 16:59:02   step 3700/5004: loss=3.732045
2026-09-24 16:59:26   step 3800/5004: loss=3.720693
2026-09-24 16:59:51   step 3900/5004: loss=3.554937
2026-09-24 17:00:15   step 4000/5004: loss=3.738271
2026-09-24 17:00:39   step 4100/5004: loss=3.480247
2026-09-24 17:01:03   step 4200/5004: loss=3.744236
2026-09-24 17:01:27   step 4300/5004: loss=3.551384
2026-09-24 17:01:51   step 4400/5004: loss=3.774132
2026-09-24 17:02:15   step 4500/5004: loss=3.590204
2026-09-24 17:02:39   step 4600/5004: loss=3.437828
2026-09-24 17:03:04   step 4700/5004: loss=3.350398
2026-09-24 17:03:28   step 4800/5004: loss=3.176924
2026-09-24 17:03:52   step 4900/5004: loss=3.552003
2026-09-24 17:04:16   step 5000/5004: loss=3.850730
2026-09-24 17:04:26 [pjrt_ffi] RESIDENT: @resnet50in_fwd_eval holds 267 parameter tensors (97.7 MB) on 4 devices; they stop crossing PCIe from here
2026-09-24 17:05:06 Epoch 5/90: loss=3.648471 lr=0.100000
2026-09-24 17:05:06   epoch 5: test_acc = 20358/50000 = 40.716000%  top5 = 33764/50000 = 67.528000%  [95% CI 40.29–41.15]
2026-09-24 17:05:06   step 0/5004: loss=3.761501
2026-09-24 17:05:06   step 1/5004: loss=3.436003
2026-09-24 17:05:07   step 2/5004: loss=3.422068
2026-09-24 17:05:31   step 100/5004: loss=3.672451
2026-09-24 17:05:56   step 200/5004: loss=3.793911
2026-09-24 17:06:20   step 300/5004: loss=3.734243
2026-09-24 17:06:45   step 400/5004: loss=3.990265
2026-09-24 17:07:09   step 500/5004: loss=3.237842
2026-09-24 17:07:33   step 600/5004: loss=3.628606
2026-09-24 17:07:57   step 700/5004: loss=3.339288
2026-09-24 17:08:22   step 800/5004: loss=3.950110
2026-09-24 17:08:46   step 900/5004: loss=3.609047
2026-09-24 17:09:10   step 1000/5004: loss=3.518661
2026-09-24 17:09:34   step 1100/5004: loss=3.369267
2026-09-24 17:09:58   step 1200/5004: loss=3.819783
2026-09-24 17:10:22   step 1300/5004: loss=3.428564
2026-09-24 17:10:46   step 1400/5004: loss=3.620025
2026-09-24 17:11:10   step 1500/5004: loss=3.729240
2026-09-24 17:11:34   step 1600/5004: loss=3.347545
2026-09-24 17:11:58   step 1700/5004: loss=3.696546
2026-09-24 17:12:23   step 1800/5004: loss=3.460374
2026-09-24 17:12:47   step 1900/5004: loss=3.418187
2026-09-24 17:13:11   step 2000/5004: loss=3.337680
2026-09-24 17:13:35   step 2100/5004: loss=3.247355
2026-09-24 17:13:59   step 2200/5004: loss=3.594817
2026-09-24 17:14:23   step 2300/5004: loss=3.506327
2026-09-24 17:14:47   step 2400/5004: loss=3.522786
2026-09-24 17:15:12   step 2500/5004: loss=3.848027
2026-09-24 17:15:36   step 2600/5004: loss=3.539614
2026-09-24 17:16:00   step 2700/5004: loss=3.644021
2026-09-24 17:16:24   step 2800/5004: loss=3.196293
2026-09-24 17:16:48   step 2900/5004: loss=3.417734
2026-09-24 17:17:12   step 3000/5004: loss=3.590222
2026-09-24 17:17:36   step 3100/5004: loss=3.503540
2026-09-24 17:18:00   step 3200/5004: loss=3.557065
2026-09-24 17:18:25   step 3300/5004: loss=3.201136
2026-09-24 17:18:49   step 3400/5004: loss=3.110589
2026-09-24 17:19:13   step 3500/5004: loss=2.996659
2026-09-24 17:19:37   step 3600/5004: loss=3.590877
2026-09-24 17:20:01   step 3700/5004: loss=3.565110
2026-09-24 17:20:25   step 3800/5004: loss=3.267086
2026-09-24 17:20:49   step 3900/5004: loss=3.479926
2026-09-24 17:21:14   step 4000/5004: loss=3.542839
2026-09-24 17:21:38   step 4100/5004: loss=3.604709
2026-09-24 17:22:03   step 4200/5004: loss=3.614339
2026-09-24 17:22:27   step 4300/5004: loss=3.573412
2026-09-24 17:22:51   step 4400/5004: loss=3.363001
2026-09-24 17:23:15   step 4500/5004: loss=3.518733
2026-09-24 17:23:39   step 4600/5004: loss=3.679566
2026-09-24 17:24:03   step 4700/5004: loss=3.144498
2026-09-24 17:24:28   step 4800/5004: loss=2.674315
2026-09-24 17:24:52   step 4900/5004: loss=3.759440
2026-09-24 17:25:16   step 5000/5004: loss=3.285338
2026-09-24 17:25:25 [pjrt_ffi] RESIDENT: @resnet50in_fwd_eval holds 267 parameter tensors (97.7 MB) on 4 devices; they stop crossing PCIe from here
2026-09-24 17:26:03 Epoch 6/90: loss=3.524216 lr=0.099966
2026-09-24 17:26:03   epoch 6: test_acc = 21324/50000 = 42.648000%  top5 = 34731/50000 = 69.462000%  [95% CI 42.22–43.08]
2026-09-24 17:26:03   step 0/5004: loss=3.539363
2026-09-24 17:26:03   step 1/5004: loss=3.290739
2026-09-24 17:26:04   step 2/5004: loss=3.543959
2026-09-24 17:26:29   step 100/5004: loss=3.330828
2026-09-24 17:26:53   step 200/5004: loss=3.514877
2026-09-24 17:27:17   step 300/5004: loss=3.344675
2026-09-24 17:27:41   step 400/5004: loss=3.310643
2026-09-24 17:28:06   step 500/5004: loss=3.740988
2026-09-24 17:28:30   step 600/5004: loss=3.613904
2026-09-24 17:28:54   step 700/5004: loss=3.143033
2026-09-24 17:29:18   step 800/5004: loss=3.731275
2026-09-24 17:29:43   step 900/5004: loss=3.129212
2026-09-24 17:30:07   step 1000/5004: loss=3.754238
2026-09-24 17:30:31   step 1100/5004: loss=3.656524
2026-09-24 17:30:55   step 1200/5004: loss=3.229173
2026-09-24 17:31:19   step 1300/5004: loss=3.558602
2026-09-24 17:31:43   step 1400/5004: loss=3.683200
2026-09-24 17:32:07   step 1500/5004: loss=3.604238
2026-09-24 17:32:31   step 1600/5004: loss=4.110057
2026-09-24 17:32:55   step 1700/5004: loss=3.412727
2026-09-24 17:33:20   step 1800/5004: loss=3.521554
2026-09-24 17:33:44   step 1900/5004: loss=3.461937
2026-09-24 17:34:08   step 2000/5004: loss=3.546591
2026-09-24 17:34:32   step 2100/5004: loss=3.313303
2026-09-24 17:34:56   step 2200/5004: loss=3.817007
2026-09-24 17:35:20   step 2300/5004: loss=3.577291
2026-09-24 17:35:44   step 2400/5004: loss=3.639850
2026-09-24 17:36:09   step 2500/5004: loss=3.489051
2026-09-24 17:36:33   step 2600/5004: loss=3.323046
2026-09-24 17:36:57   step 2700/5004: loss=3.464039
2026-09-24 17:37:22   step 2800/5004: loss=3.429536
2026-09-24 17:37:46   step 2900/5004: loss=3.447962
2026-09-24 17:38:10   step 3000/5004: loss=2.899376
2026-09-24 17:38:34   step 3100/5004: loss=3.678028
2026-09-24 17:38:59   step 3200/5004: loss=3.124345
2026-09-24 17:39:23   step 3300/5004: loss=3.586833
2026-09-24 17:39:47   step 3400/5004: loss=3.748548
2026-09-24 17:40:12   step 3500/5004: loss=2.835524
2026-09-24 17:40:36   step 3600/5004: loss=3.531499
2026-09-24 17:41:00   step 3700/5004: loss=3.123120
2026-09-24 17:41:24   step 3800/5004: loss=3.321282
2026-09-24 17:41:48   step 3900/5004: loss=2.981985
2026-09-24 17:42:12   step 4000/5004: loss=3.546184
2026-09-24 17:42:37   step 4100/5004: loss=3.440810
2026-09-24 17:43:01   step 4200/5004: loss=3.474036
2026-09-24 17:43:25   step 4300/5004: loss=3.594546
2026-09-24 17:43:49   step 4400/5004: loss=3.823716
2026-09-24 17:44:13   step 4500/5004: loss=3.566834
2026-09-24 17:44:37   step 4600/5004: loss=3.235259
2026-09-24 17:45:01   step 4700/5004: loss=3.441725
2026-09-24 17:45:25   step 4800/5004: loss=3.507099
2026-09-24 17:45:50   step 4900/5004: loss=3.345006
2026-09-24 17:46:14   step 5000/5004: loss=3.297863
2026-09-24 17:46:23 [pjrt_ffi] RESIDENT: @resnet50in_fwd_eval holds 267 parameter tensors (97.7 MB) on 4 devices; they stop crossing PCIe from here
2026-09-24 17:47:00 Epoch 7/90: loss=3.414942 lr=0.099863
2026-09-24 17:47:00   epoch 7: test_acc = 22695/50000 = 45.390000%  top5 = 36164/50000 = 72.328000%  [95% CI 44.95–45.83]
2026-09-24 17:47:00   step 0/5004: loss=2.853875
2026-09-24 17:47:00   step 1/5004: loss=3.398075
2026-09-24 17:47:00   step 2/5004: loss=3.354825
2026-09-24 17:47:24   step 100/5004: loss=3.649886
2026-09-24 17:47:48   step 200/5004: loss=3.273116
2026-09-24 17:48:12   step 300/5004: loss=3.140230
2026-09-24 17:48:37   step 400/5004: loss=3.253228
2026-09-24 17:49:01   step 500/5004: loss=3.453043
2026-09-24 17:49:25   step 600/5004: loss=3.465209
2026-09-24 17:49:49   step 700/5004: loss=3.410450
2026-09-24 17:50:13   step 800/5004: loss=3.662386
2026-09-24 17:50:37   step 900/5004: loss=3.381786
2026-09-24 17:51:01   step 1000/5004: loss=3.364253
2026-09-24 17:51:25   step 1100/5004: loss=3.777460
2026-09-24 17:51:50   step 1200/5004: loss=3.522098
2026-09-24 17:52:14   step 1300/5004: loss=3.300318
2026-09-24 17:52:38   step 1400/5004: loss=3.105592
2026-09-24 17:53:02   step 1500/5004: loss=3.102239
2026-09-24 17:53:26   step 1600/5004: loss=3.418689
2026-09-24 17:53:50   step 1700/5004: loss=3.632192
2026-09-24 17:54:14   step 1800/5004: loss=3.193512
2026-09-24 17:54:39   step 1900/5004: loss=3.457098
2026-09-24 17:55:03   step 2000/5004: loss=3.568939
2026-09-24 17:55:27   step 2100/5004: loss=3.218346
2026-09-24 17:55:51   step 2200/5004: loss=3.125222
2026-09-24 17:56:15   step 2300/5004: loss=3.462030
2026-09-24 17:56:39   step 2400/5004: loss=3.607996
2026-09-24 17:57:04   step 2500/5004: loss=3.115164
2026-09-24 17:57:28   step 2600/5004: loss=3.348202
2026-09-24 17:57:52   step 2700/5004: loss=3.237291
2026-09-24 17:58:16   step 2800/5004: loss=3.077662
2026-09-24 17:58:40   step 2900/5004: loss=3.104290
2026-09-24 17:59:04   step 3000/5004: loss=3.784250
2026-09-24 17:59:28   step 3100/5004: loss=3.295174
2026-09-24 17:59:53   step 3200/5004: loss=3.422785
2026-09-24 18:00:17   step 3300/5004: loss=3.000340
2026-09-24 18:00:41   step 3400/5004: loss=3.323901
2026-09-24 18:01:05   step 3500/5004: loss=3.073540
2026-09-24 18:01:29   step 3600/5004: loss=3.831598
2026-09-24 18:01:53   step 3700/5004: loss=3.583484
2026-09-24 18:02:17   step 3800/5004: loss=3.032470
2026-09-24 18:02:41   step 3900/5004: loss=3.346109
2026-09-24 18:03:06   step 4000/5004: loss=3.312162
2026-09-24 18:03:30   step 4100/5004: loss=3.584978
2026-09-24 18:03:54   step 4200/5004: loss=3.380666
2026-09-24 18:04:18   step 4300/5004: loss=3.537932
2026-09-24 18:04:42   step 4400/5004: loss=3.038253
2026-09-24 18:05:06   step 4500/5004: loss=3.911706
2026-09-24 18:05:30   step 4600/5004: loss=3.300994
2026-09-24 18:05:55   step 4700/5004: loss=3.625598
2026-09-24 18:06:19   step 4800/5004: loss=3.501927
2026-09-24 18:06:43   step 4900/5004: loss=3.232608
2026-09-24 18:07:07   step 5000/5004: loss=2.812144
2026-09-24 18:07:15 [pjrt_ffi] RESIDENT: @resnet50in_fwd_eval holds 267 parameter tensors (97.7 MB) on 4 devices; they stop crossing PCIe from here
2026-09-24 18:07:53 Epoch 8/90: loss=3.341405 lr=0.099693
2026-09-24 18:07:53   epoch 8: test_acc = 21961/50000 = 43.922000%  top5 = 35239/50000 = 70.478000%  [95% CI 43.49–44.36]
2026-09-24 18:07:53   step 0/5004: loss=3.500975
2026-09-24 18:07:54   step 1/5004: loss=3.284641
2026-09-24 18:07:54   step 2/5004: loss=3.632551
2026-09-24 18:08:17   step 100/5004: loss=3.466745
2026-09-24 18:08:41   step 200/5004: loss=3.568446
2026-09-24 18:09:06   step 300/5004: loss=3.757365
2026-09-24 18:09:30   step 400/5004: loss=2.887732
2026-09-24 18:09:54   step 500/5004: loss=3.398264
2026-09-24 18:10:18   step 600/5004: loss=3.140177
2026-09-24 18:10:42   step 700/5004: loss=3.053000
2026-09-24 18:11:07   step 800/5004: loss=3.473224
2026-09-24 18:11:31   step 900/5004: loss=3.381358
2026-09-24 18:11:55   step 1000/5004: loss=3.590146
2026-09-24 18:12:19   step 1100/5004: loss=3.113157
2026-09-24 18:12:43   step 1200/5004: loss=3.130970
2026-09-24 18:13:08   step 1300/5004: loss=2.892756
2026-09-24 18:13:32   step 1400/5004: loss=3.386181
2026-09-24 18:13:56   step 1500/5004: loss=3.048667
2026-09-24 18:14:20   step 1600/5004: loss=3.288139
2026-09-24 18:14:44   step 1700/5004: loss=3.403606
2026-09-24 18:15:09   step 1800/5004: loss=3.280340
2026-09-24 18:15:34   step 1900/5004: loss=3.208327
2026-09-24 18:15:58   step 2000/5004: loss=3.198207
2026-09-24 18:16:22   step 2100/5004: loss=3.416804
2026-09-24 18:16:46   step 2200/5004: loss=3.455797
2026-09-24 18:17:10   step 2300/5004: loss=3.675036
2026-09-24 18:17:35   step 2400/5004: loss=3.275045
2026-09-24 18:17:59   step 2500/5004: loss=2.818554
2026-09-24 18:18:23   step 2600/5004: loss=3.390282
2026-09-24 18:18:47   step 2700/5004: loss=2.893277
2026-09-24 18:19:12   step 2800/5004: loss=3.264835
2026-09-24 18:19:36   step 2900/5004: loss=2.960904
2026-09-24 18:20:00   step 3000/5004: loss=3.167323
2026-09-24 18:20:24   step 3100/5004: loss=3.578808
2026-09-24 18:20:48   step 3200/5004: loss=3.405044
2026-09-24 18:21:13   step 3300/5004: loss=2.991408
2026-09-24 18:21:37   step 3400/5004: loss=3.629855
2026-09-24 18:22:01   step 3500/5004: loss=3.546784
2026-09-24 18:22:26   step 3600/5004: loss=3.770719
2026-09-24 18:22:50   step 3700/5004: loss=3.531107
2026-09-24 18:23:14   step 3800/5004: loss=3.354415
2026-09-24 18:23:39   step 3900/5004: loss=3.581350
2026-09-24 18:24:03   step 4000/5004: loss=3.578471
2026-09-24 18:24:27   step 4100/5004: loss=3.100815
2026-09-24 18:24:51   step 4200/5004: loss=3.350270
2026-09-24 18:25:15   step 4300/5004: loss=3.203610
2026-09-24 18:25:40   step 4400/5004: loss=3.111859
2026-09-24 18:26:04   step 4500/5004: loss=3.378890
2026-09-24 18:26:28   step 4600/5004: loss=3.018790
2026-09-24 18:26:52   step 4700/5004: loss=3.343827
2026-09-24 18:27:16   step 4800/5004: loss=3.132812
2026-09-24 18:27:41   step 4900/5004: loss=3.648623
2026-09-24 18:28:05   step 5000/5004: loss=3.477637
2026-09-24 18:28:13 [pjrt_ffi] RESIDENT: @resnet50in_fwd_eval holds 267 parameter tensors (97.7 MB) on 4 devices; they stop crossing PCIe from here
2026-09-24 18:28:46 Epoch 9/90: loss=3.282565 lr=0.099455
2026-09-24 18:28:46   epoch 9: test_acc = 24259/50000 = 48.518000%  top5 = 37407/50000 = 74.814000%  [95% CI 48.08–48.96]
2026-09-24 18:28:47   step 0/5004: loss=3.075024
2026-09-24 18:28:47   step 1/5004: loss=3.086009
2026-09-24 18:28:47   step 2/5004: loss=2.929884
2026-09-24 18:29:11   step 100/5004: loss=3.258098
2026-09-24 18:29:36   step 200/5004: loss=3.390793
2026-09-24 18:30:00   step 300/5004: loss=3.256418
2026-09-24 18:30:24   step 400/5004: loss=3.110609
2026-09-24 18:30:48   step 500/5004: loss=3.111504
2026-09-24 18:31:12   step 600/5004: loss=3.171131
2026-09-24 18:31:36   step 700/5004: loss=3.204707
2026-09-24 18:32:00   step 800/5004: loss=2.791733
2026-09-24 18:32:24   step 900/5004: loss=2.531663
2026-09-24 18:32:48   step 1000/5004: loss=3.281405
2026-09-24 18:33:13   step 1100/5004: loss=3.183698
2026-09-24 18:33:37   step 1200/5004: loss=3.088525
2026-09-24 18:34:01   step 1300/5004: loss=3.882449
2026-09-24 18:34:25   step 1400/5004: loss=3.287573
2026-09-24 18:34:49   step 1500/5004: loss=3.579382
2026-09-24 18:35:13   step 1600/5004: loss=3.342047
2026-09-24 18:35:38   step 1700/5004: loss=3.092784
2026-09-24 18:36:02   step 1800/5004: loss=3.149095
2026-09-24 18:36:26   step 1900/5004: loss=3.410486
2026-09-24 18:36:50   step 2000/5004: loss=3.585341
2026-09-24 18:37:14   step 2100/5004: loss=3.458667
2026-09-24 18:37:39   step 2200/5004: loss=3.351746
2026-09-24 18:38:03   step 2300/5004: loss=3.507549
2026-09-24 18:38:27   step 2400/5004: loss=3.502813
2026-09-24 18:38:51   step 2500/5004: loss=3.171422
2026-09-24 18:39:15   step 2600/5004: loss=3.144826
2026-09-24 18:39:39   step 2700/5004: loss=3.090134
2026-09-24 18:40:04   step 2800/5004: loss=3.602818
2026-09-24 18:40:28   step 2900/5004: loss=3.252563
2026-09-24 18:40:53   step 3000/5004: loss=3.390698
2026-09-24 18:41:17   step 3100/5004: loss=3.260016
2026-09-24 18:41:42   step 3200/5004: loss=3.208613
2026-09-24 18:42:06   step 3300/5004: loss=3.236231
2026-09-24 18:42:31   step 3400/5004: loss=3.318120
2026-09-24 18:42:55   step 3500/5004: loss=3.599186
2026-09-24 18:43:19   step 3600/5004: loss=3.484272
2026-09-24 18:43:43   step 3700/5004: loss=3.135486
2026-09-24 18:44:07   step 3800/5004: loss=3.152686
2026-09-24 18:44:32   step 3900/5004: loss=3.461143
2026-09-24 18:44:56   step 4000/5004: loss=3.457708
2026-09-24 18:45:21   step 4100/5004: loss=2.833908
2026-09-24 18:45:45   step 4200/5004: loss=3.373260
2026-09-24 18:46:09   step 4300/5004: loss=3.408969
2026-09-24 18:46:33   step 4400/5004: loss=2.560649
2026-09-24 18:46:57   step 4500/5004: loss=3.098008
2026-09-24 18:47:22   step 4600/5004: loss=3.321176
2026-09-24 18:47:46   step 4700/5004: loss=3.086764
2026-09-24 18:48:10   step 4800/5004: loss=3.410242
2026-09-24 18:48:34   step 4900/5004: loss=3.842803
2026-09-24 18:48:59   step 5000/5004: loss=3.369570
2026-09-24 18:49:07 [pjrt_ffi] RESIDENT: @resnet50in_fwd_eval holds 267 parameter tensors (97.7 MB) on 4 devices; they stop crossing PCIe from here
2026-09-24 18:49:45 Epoch 10/90: loss=3.241282 lr=0.099149
2026-09-24 18:49:45   epoch 10: test_acc = 25315/50000 = 50.630000%  top5 = 38191/50000 = 76.382000%  [95% CI 50.19–51.07]
2026-09-24 18:49:45   step 0/5004: loss=3.203048
2026-09-24 18:49:46   step 1/5004: loss=2.886341
2026-09-24 18:49:46   step 2/5004: loss=3.123260
2026-09-24 18:50:11   step 100/5004: loss=2.967093
2026-09-24 18:50:36   step 200/5004: loss=2.706794
2026-09-24 18:51:00   step 300/5004: loss=3.487181
2026-09-24 18:51:24   step 400/5004: loss=3.206147
2026-09-24 18:51:48   step 500/5004: loss=3.557603
2026-09-24 18:52:12   step 600/5004: loss=3.449736
2026-09-24 18:52:37   step 700/5004: loss=3.186781
2026-09-24 18:53:01   step 800/5004: loss=2.823525
2026-09-24 18:53:25   step 900/5004: loss=3.361128
2026-09-24 18:53:49   step 1000/5004: loss=3.161410
2026-09-24 18:54:13   step 1100/5004: loss=3.098144
2026-09-24 18:54:37   step 1200/5004: loss=3.462686
2026-09-24 18:55:02   step 1300/5004: loss=3.038802
2026-09-24 18:55:26   step 1400/5004: loss=2.990559
2026-09-24 18:55:50   step 1500/5004: loss=3.454877
2026-09-24 18:56:14   step 1600/5004: loss=3.364881
2026-09-24 18:56:38   step 1700/5004: loss=3.096862
2026-09-24 18:57:03   step 1800/5004: loss=3.036363
2026-09-24 18:57:27   step 1900/5004: loss=3.309164
2026-09-24 18:57:51   step 2000/5004: loss=2.948121
2026-09-24 18:58:15   step 2100/5004: loss=3.653599
2026-09-24 18:58:39   step 2200/5004: loss=3.152599
2026-09-24 18:59:03   step 2300/5004: loss=2.984267
2026-09-24 18:59:28   step 2400/5004: loss=3.037555
2026-09-24 18:59:52   step 2500/5004: loss=3.727548
2026-09-24 19:00:16   step 2600/5004: loss=3.005298
2026-09-24 19:00:40   step 2700/5004: loss=2.578879
2026-09-24 19:01:05   step 2800/5004: loss=2.895274
2026-09-24 19:01:30   step 2900/5004: loss=3.678848
2026-09-24 19:01:54   step 3000/5004: loss=3.183456
2026-09-24 19:02:19   step 3100/5004: loss=3.339092
2026-09-24 19:02:43   step 3200/5004: loss=3.285565
2026-09-24 19:03:07   step 3300/5004: loss=3.113420
2026-09-24 19:03:31   step 3400/5004: loss=3.257140
2026-09-24 19:03:56   step 3500/5004: loss=3.838554
2026-09-24 19:04:20   step 3600/5004: loss=3.124020
2026-09-24 19:04:44   step 3700/5004: loss=3.177209
2026-09-24 19:05:08   step 3800/5004: loss=3.210251
2026-09-24 19:05:32   step 3900/5004: loss=3.566962
2026-09-24 19:05:56   step 4000/5004: loss=3.271821
2026-09-24 19:06:21   step 4100/5004: loss=3.508076
2026-09-24 19:06:45   step 4200/5004: loss=2.777479
2026-09-24 19:07:09   step 4300/5004: loss=3.302055
2026-09-24 19:07:33   step 4400/5004: loss=3.311545
2026-09-24 19:07:57   step 4500/5004: loss=3.511113
2026-09-24 19:08:21   step 4600/5004: loss=3.470417
2026-09-24 19:08:45   step 4700/5004: loss=2.621200
2026-09-24 19:09:10   step 4800/5004: loss=3.214430
2026-09-24 19:09:34   step 4900/5004: loss=3.537627
2026-09-24 19:09:58   step 5000/5004: loss=2.756545
2026-09-24 19:10:07 [pjrt_ffi] RESIDENT: @resnet50in_fwd_eval holds 267 parameter tensors (97.7 MB) on 4 devices; they stop crossing PCIe from here
2026-09-24 19:10:43 Epoch 11/90: loss=3.208446 lr=0.098776
2026-09-24 19:10:43   epoch 11: test_acc = 25463/50000 = 50.926000%  top5 = 38504/50000 = 77.008000%  [95% CI 50.49–51.36]
2026-09-24 19:10:43   step 0/5004: loss=3.488593
2026-09-24 19:10:44   step 1/5004: loss=3.316882
2026-09-24 19:10:44   step 2/5004: loss=3.132056
2026-09-24 19:11:07   step 100/5004: loss=3.182450
2026-09-24 19:11:32   step 200/5004: loss=3.104959
2026-09-24 19:11:56   step 300/5004: loss=2.956731
2026-09-24 19:12:20   step 400/5004: loss=2.913369
2026-09-24 19:12:44   step 500/5004: loss=3.749083
2026-09-24 19:13:08   step 600/5004: loss=3.220321
2026-09-24 19:13:32   step 700/5004: loss=3.002909
2026-09-24 19:13:57   step 800/5004: loss=3.387290
2026-09-24 19:14:21   step 900/5004: loss=3.256238
2026-09-24 19:14:45   step 1000/5004: loss=2.804729
2026-09-24 19:15:09   step 1100/5004: loss=3.085165
2026-09-24 19:15:33   step 1200/5004: loss=3.318514
2026-09-24 19:15:58   step 1300/5004: loss=3.043630
2026-09-24 19:16:22   step 1400/5004: loss=3.205239
2026-09-24 19:16:46   step 1500/5004: loss=3.753157
2026-09-24 19:17:10   step 1600/5004: loss=3.397364
2026-09-24 19:17:34   step 1700/5004: loss=3.383325
2026-09-24 19:17:59   step 1800/5004: loss=3.197340
2026-09-24 19:18:23   step 1900/5004: loss=3.194722
2026-09-24 19:18:47   step 2000/5004: loss=3.218956
2026-09-24 19:19:11   step 2100/5004: loss=3.300407
2026-09-24 19:19:35   step 2200/5004: loss=2.849165
2026-09-24 19:20:00   step 2300/5004: loss=3.099099
2026-09-24 19:20:24   step 2400/5004: loss=3.102707
2026-09-24 19:20:48   step 2500/5004: loss=3.658117
2026-09-24 19:21:12   step 2600/5004: loss=3.187714
2026-09-24 19:21:37   step 2700/5004: loss=2.912989
2026-09-24 19:22:01   step 2800/5004: loss=3.244671
2026-09-24 19:22:25   step 2900/5004: loss=3.109986
2026-09-24 19:22:49   step 3000/5004: loss=3.130138
2026-09-24 19:23:13   step 3100/5004: loss=3.333345
2026-09-24 19:23:37   step 3200/5004: loss=3.166663
2026-09-24 19:24:02   step 3300/5004: loss=3.182058
2026-09-24 19:24:26   step 3400/5004: loss=2.764556
2026-09-24 19:24:50   step 3500/5004: loss=2.930095
2026-09-24 19:25:14   step 3600/5004: loss=2.806351
2026-09-24 19:25:38   step 3700/5004: loss=3.304955
2026-09-24 19:26:02   step 3800/5004: loss=2.894378
2026-09-24 19:26:26   step 3900/5004: loss=2.952077
2026-09-24 19:26:51   step 4000/5004: loss=2.829559
2026-09-24 19:27:15   step 4100/5004: loss=3.245157
2026-09-24 19:27:40   step 4200/5004: loss=2.935883
2026-09-24 19:28:04   step 4300/5004: loss=2.727524
2026-09-24 19:28:28   step 4400/5004: loss=3.226496
2026-09-24 19:28:52   step 4500/5004: loss=2.904965
2026-09-24 19:29:16   step 4600/5004: loss=3.237601
2026-09-24 19:29:40   step 4700/5004: loss=2.937454
2026-09-24 19:30:05   step 4800/5004: loss=3.089714
2026-09-24 19:30:29   step 4900/5004: loss=3.052875
2026-09-24 19:30:53   step 5000/5004: loss=2.720659
2026-09-24 19:31:02 [pjrt_ffi] RESIDENT: @resnet50in_fwd_eval holds 267 parameter tensors (97.7 MB) on 4 devices; they stop crossing PCIe from here
2026-09-24 19:31:40 Epoch 12/90: loss=3.179090 lr=0.098336
2026-09-24 19:31:40   epoch 12: test_acc = 26003/50000 = 52.006000%  top5 = 39116/50000 = 78.232000%  [95% CI 51.57–52.44]
2026-09-24 19:31:40   step 0/5004: loss=3.406706
2026-09-24 19:31:41   step 1/5004: loss=2.991773
2026-09-24 19:31:41   step 2/5004: loss=3.044444
2026-09-24 19:32:05   step 100/5004: loss=2.914359
2026-09-24 19:32:29   step 200/5004: loss=2.956426
2026-09-24 19:32:53   step 300/5004: loss=2.750522
2026-09-24 19:33:17   step 400/5004: loss=3.283064
2026-09-24 19:33:41   step 500/5004: loss=2.825454
2026-09-24 19:34:05   step 600/5004: loss=2.649662
2026-09-24 19:34:30   step 700/5004: loss=3.150640
2026-09-24 19:34:54   step 800/5004: loss=2.727957
2026-09-24 19:35:18   step 900/5004: loss=3.366625
2026-09-24 19:35:42   step 1000/5004: loss=2.825817
2026-09-24 19:36:06   step 1100/5004: loss=3.246847
2026-09-24 19:36:30   step 1200/5004: loss=3.246772
2026-09-24 19:36:55   step 1300/5004: loss=2.931721
2026-09-24 19:37:19   step 1400/5004: loss=3.059929
2026-09-24 19:37:43   step 1500/5004: loss=2.822011
2026-09-24 19:38:07   step 1600/5004: loss=3.252484
2026-09-24 19:38:31   step 1700/5004: loss=2.966665
2026-09-24 19:38:55   step 1800/5004: loss=3.199953
2026-09-24 19:39:19   step 1900/5004: loss=3.295858
2026-09-24 19:39:44   step 2000/5004: loss=3.479414
2026-09-24 19:40:08   step 2100/5004: loss=3.387503
2026-09-24 19:40:32   step 2200/5004: loss=3.084407
2026-09-24 19:40:56   step 2300/5004: loss=3.379174
2026-09-24 19:41:20   step 2400/5004: loss=2.804960
2026-09-24 19:41:44   step 2500/5004: loss=3.359411
2026-09-24 19:42:08   step 2600/5004: loss=2.842978
2026-09-24 19:42:33   step 2700/5004: loss=3.392370
2026-09-24 19:42:57   step 2800/5004: loss=3.400892
2026-09-24 19:43:21   step 2900/5004: loss=3.123147
2026-09-24 19:43:45   step 3000/5004: loss=3.142174
2026-09-24 19:44:10   step 3100/5004: loss=3.462137
2026-09-24 19:44:34   step 3200/5004: loss=2.874736
2026-09-24 19:44:58   step 3300/5004: loss=3.166881
2026-09-24 19:45:22   step 3400/5004: loss=3.067365
2026-09-24 19:45:47   step 3500/5004: loss=2.876405
2026-09-24 19:46:11   step 3600/5004: loss=3.474955
2026-09-24 19:46:35   step 3700/5004: loss=3.122877
2026-09-24 19:47:00   step 3800/5004: loss=2.980374
2026-09-24 19:47:24   step 3900/5004: loss=3.405995
2026-09-24 19:47:48   step 4000/5004: loss=3.100244
2026-09-24 19:48:12   step 4100/5004: loss=3.191353
2026-09-24 19:48:36   step 4200/5004: loss=3.227202
2026-09-24 19:49:00   step 4300/5004: loss=3.314785
2026-09-24 19:49:25   step 4400/5004: loss=3.264287
2026-09-24 19:49:49   step 4500/5004: loss=3.252440
2026-09-24 19:50:13   step 4600/5004: loss=3.440106
2026-09-24 19:50:37   step 4700/5004: loss=3.023943
2026-09-24 19:51:01   step 4800/5004: loss=3.058808
2026-09-24 19:51:25   step 4900/5004: loss=3.027749
2026-09-24 19:51:50   step 5000/5004: loss=3.055111
2026-09-24 19:51:57 [pjrt_ffi] RESIDENT: @resnet50in_fwd_eval holds 267 parameter tensors (97.7 MB) on 4 devices; they stop crossing PCIe from here
2026-09-24 19:52:29 Epoch 13/90: loss=3.160222 lr=0.097830
2026-09-24 19:52:29   epoch 13: test_acc = 25588/50000 = 51.176000%  top5 = 38711/50000 = 77.422000%  [95% CI 50.74–51.61]
2026-09-24 19:52:30   step 0/5004: loss=3.215355
2026-09-24 19:52:30   step 1/5004: loss=2.768237
2026-09-24 19:52:30   step 2/5004: loss=3.334378
2026-09-24 19:52:54   step 100/5004: loss=2.999164
2026-09-24 19:53:18   step 200/5004: loss=3.074636
2026-09-24 19:53:42   step 300/5004: loss=2.977562
2026-09-24 19:54:06   step 400/5004: loss=3.485351
2026-09-24 19:54:30   step 500/5004: loss=3.189098
2026-09-24 19:54:54   step 600/5004: loss=3.025783
2026-09-24 19:55:18   step 700/5004: loss=3.208705
2026-09-24 19:55:43   step 800/5004: loss=3.113113
2026-09-24 19:56:07   step 900/5004: loss=3.009803
2026-09-24 19:56:31   step 1000/5004: loss=2.909813
2026-09-24 19:56:55   step 1100/5004: loss=3.211749
2026-09-24 19:57:19   step 1200/5004: loss=3.191868
2026-09-24 19:57:43   step 1300/5004: loss=2.903102
2026-09-24 19:58:07   step 1400/5004: loss=3.422940
2026-09-24 19:58:31   step 1500/5004: loss=3.217488
2026-09-24 19:58:55   step 1600/5004: loss=3.249687
2026-09-24 19:59:19   step 1700/5004: loss=3.180856
2026-09-24 19:59:43   step 1800/5004: loss=2.687020
2026-09-24 20:00:08   step 1900/5004: loss=2.811571
2026-09-24 20:00:32   step 2000/5004: loss=3.301769
2026-09-24 20:00:56   step 2100/5004: loss=3.015717
2026-09-24 20:01:21   step 2200/5004: loss=2.966110
2026-09-24 20:01:46   step 2300/5004: loss=3.082332
2026-09-24 20:02:10   step 2400/5004: loss=3.052321
2026-09-24 20:02:34   step 2500/5004: loss=3.094948
2026-09-24 20:02:58   step 2600/5004: loss=3.014349
2026-09-24 20:03:22   step 2700/5004: loss=3.042228
2026-09-24 20:03:46   step 2800/5004: loss=2.845334
2026-09-24 20:04:11   step 2900/5004: loss=3.035426
2026-09-24 20:04:35   step 3000/5004: loss=3.210415
2026-09-24 20:04:59   step 3100/5004: loss=3.380985
2026-09-24 20:05:23   step 3200/5004: loss=3.092015
2026-09-24 20:05:47   step 3300/5004: loss=2.961540
2026-09-24 20:06:12   step 3400/5004: loss=3.175592
2026-09-24 20:06:36   step 3500/5004: loss=3.191849
2026-09-24 20:07:00   step 3600/5004: loss=3.008311
2026-09-24 20:07:24   step 3700/5004: loss=2.959450
2026-09-24 20:07:48   step 3800/5004: loss=3.012235
2026-09-24 20:08:12   step 3900/5004: loss=3.076715
2026-09-24 20:08:37   step 4000/5004: loss=3.092743
2026-09-24 20:09:01   step 4100/5004: loss=3.041512
2026-09-24 20:09:25   step 4200/5004: loss=3.015869
2026-09-24 20:09:49   step 4300/5004: loss=3.267062
2026-09-24 20:10:13   step 4400/5004: loss=2.935807
2026-09-24 20:10:37   step 4500/5004: loss=3.211031
2026-09-24 20:11:01   step 4600/5004: loss=2.938422
2026-09-24 20:11:25   step 4700/5004: loss=3.089598
2026-09-24 20:11:49   step 4800/5004: loss=3.398117
2026-09-24 20:12:13   step 4900/5004: loss=3.591501
2026-09-24 20:12:37   step 5000/5004: loss=3.422280
2026-09-24 20:12:45 [pjrt_ffi] RESIDENT: @resnet50in_fwd_eval holds 267 parameter tensors (97.7 MB) on 4 devices; they stop crossing PCIe from here
2026-09-24 20:13:21 Epoch 14/90: loss=3.132196 lr=0.097259
2026-09-24 20:13:21   epoch 14: test_acc = 25904/50000 = 51.808000%  top5 = 38690/50000 = 77.380000%  [95% CI 51.37–52.25]
2026-09-24 20:13:21   step 0/5004: loss=3.313681
2026-09-24 20:13:21   step 1/5004: loss=2.981229
2026-09-24 20:13:21   step 2/5004: loss=3.162476
2026-09-24 20:13:45   step 100/5004: loss=2.761809
2026-09-24 20:14:09   step 200/5004: loss=3.326878
2026-09-24 20:14:34   step 300/5004: loss=3.155073
2026-09-24 20:14:58   step 400/5004: loss=3.351211
2026-09-24 20:15:22   step 500/5004: loss=3.313276
2026-09-24 20:15:46   step 600/5004: loss=3.460843
2026-09-24 20:16:10   step 700/5004: loss=3.219980
2026-09-24 20:16:35   step 800/5004: loss=3.203173
2026-09-24 20:16:59   step 900/5004: loss=3.266994
2026-09-24 20:17:23   step 1000/5004: loss=2.980136
2026-09-24 20:17:47   step 1100/5004: loss=3.507022
2026-09-24 20:18:11   step 1200/5004: loss=2.949292
2026-09-24 20:18:36   step 1300/5004: loss=3.420447
2026-09-24 20:19:00   step 1400/5004: loss=3.429092
2026-09-24 20:19:24   step 1500/5004: loss=3.332846
2026-09-24 20:19:48   step 1600/5004: loss=2.828824
2026-09-24 20:20:12   step 1700/5004: loss=2.659200
2026-09-24 20:20:36   step 1800/5004: loss=3.099135
2026-09-24 20:21:00   step 1900/5004: loss=2.671069
2026-09-24 20:21:24   step 2000/5004: loss=2.615111
2026-09-24 20:21:48   step 2100/5004: loss=2.838360
2026-09-24 20:22:13   step 2200/5004: loss=3.497207
2026-09-24 20:22:37   step 2300/5004: loss=3.013326
2026-09-24 20:23:01   step 2400/5004: loss=3.096486
2026-09-24 20:23:25   step 2500/5004: loss=3.529469
2026-09-24 20:23:49   step 2600/5004: loss=3.031094
2026-09-24 20:24:13   step 2700/5004: loss=3.535996
2026-09-24 20:24:37   step 2800/5004: loss=2.961197
2026-09-24 20:25:01   step 2900/5004: loss=2.951979
2026-09-24 20:25:25   step 3000/5004: loss=3.160028
2026-09-24 20:25:49   step 3100/5004: loss=2.860514
2026-09-24 20:26:14   step 3200/5004: loss=3.028403
2026-09-24 20:26:38   step 3300/5004: loss=3.077406
2026-09-24 20:27:02   step 3400/5004: loss=3.018608
2026-09-24 20:27:26   step 3500/5004: loss=3.177071
2026-09-24 20:27:50   step 3600/5004: loss=2.727253
2026-09-24 20:28:14   step 3700/5004: loss=3.233502
2026-09-24 20:28:38   step 3800/5004: loss=3.288740
2026-09-24 20:29:02   step 3900/5004: loss=3.267013
2026-09-24 20:29:26   step 4000/5004: loss=2.949870
2026-09-24 20:29:50   step 4100/5004: loss=3.141141
2026-09-24 20:30:15   step 4200/5004: loss=2.853197
2026-09-24 20:30:39   step 4300/5004: loss=2.750363
2026-09-24 20:31:03   step 4400/5004: loss=3.220859
2026-09-24 20:31:27   step 4500/5004: loss=3.177164
2026-09-24 20:31:51   step 4600/5004: loss=2.756650
2026-09-24 20:32:16   step 4700/5004: loss=2.967763
2026-09-24 20:32:40   step 4800/5004: loss=2.931404
2026-09-24 20:33:04   step 4900/5004: loss=3.047630
2026-09-24 20:33:28   step 5000/5004: loss=3.252003
2026-09-24 20:33:39 [pjrt_ffi] RESIDENT: @resnet50in_fwd_eval holds 267 parameter tensors (97.7 MB) on 4 devices; they stop crossing PCIe from here
2026-09-24 20:34:20 Epoch 15/90: loss=3.114312 lr=0.096624
2026-09-24 20:34:20   epoch 15: test_acc = 25995/50000 = 51.990000%  top5 = 38800/50000 = 77.600000%  [95% CI 51.55–52.43]
2026-09-24 20:34:21   step 0/5004: loss=3.480290
2026-09-24 20:34:21   step 1/5004: loss=3.350166
2026-09-24 20:34:21   step 2/5004: loss=3.489819
2026-09-24 20:34:45   step 100/5004: loss=2.827200
2026-09-24 20:35:09   step 200/5004: loss=3.088297
2026-09-24 20:35:33   step 300/5004: loss=3.048069
2026-09-24 20:35:57   step 400/5004: loss=3.284405
2026-09-24 20:36:21   step 500/5004: loss=2.896361
2026-09-24 20:36:45   step 600/5004: loss=3.364226
2026-09-24 20:37:10   step 700/5004: loss=3.180837
2026-09-24 20:37:34   step 800/5004: loss=3.459938
2026-09-24 20:37:58   step 900/5004: loss=2.820677
2026-09-24 20:38:22   step 1000/5004: loss=3.058204
2026-09-24 20:38:46   step 1100/5004: loss=3.129911
2026-09-24 20:39:10   step 1200/5004: loss=3.309574
2026-09-24 20:39:34   step 1300/5004: loss=3.264606
2026-09-24 20:39:58   step 1400/5004: loss=3.005312
2026-09-24 20:40:22   step 1500/5004: loss=3.195622
2026-09-24 20:40:46   step 1600/5004: loss=2.667412
2026-09-24 20:41:11   step 1700/5004: loss=3.033990
2026-09-24 20:41:35   step 1800/5004: loss=3.121330
2026-09-24 20:41:59   step 1900/5004: loss=2.832541
2026-09-24 20:42:23   step 2000/5004: loss=2.935991
2026-09-24 20:42:47   step 2100/5004: loss=3.205701
2026-09-24 20:43:11   step 2200/5004: loss=2.941566
2026-09-24 20:43:35   step 2300/5004: loss=3.012851
2026-09-24 20:44:00   step 2400/5004: loss=2.888275
2026-09-24 20:44:24   step 2500/5004: loss=3.261423
2026-09-24 20:44:48   step 2600/5004: loss=2.835936
2026-09-24 20:45:12   step 2700/5004: loss=3.372146
2026-09-24 20:45:37   step 2800/5004: loss=2.832894
2026-09-24 20:46:01   step 2900/5004: loss=3.178889
2026-09-24 20:46:28   step 3000/5004: loss=3.040406
2026-09-24 20:46:52   step 3100/5004: loss=3.153645
2026-09-24 20:47:16   step 3200/5004: loss=3.047010
2026-09-24 20:47:40   step 3300/5004: loss=3.118509
2026-09-24 20:48:05   step 3400/5004: loss=2.752359
2026-09-24 20:48:29   step 3500/5004: loss=2.969401
2026-09-24 20:48:53   step 3600/5004: loss=3.093536
2026-09-24 20:49:17   step 3700/5004: loss=3.047694
2026-09-24 20:49:41   step 3800/5004: loss=2.742167
2026-09-24 20:50:05   step 3900/5004: loss=3.118690
2026-09-24 20:50:29   step 4000/5004: loss=3.274702
2026-09-24 20:50:53   step 4100/5004: loss=3.497237
2026-09-24 20:51:18   step 4200/5004: loss=2.719605
2026-09-24 20:51:42   step 4300/5004: loss=3.078134
2026-09-24 20:52:06   step 4400/5004: loss=3.270493
2026-09-24 20:52:30   step 4500/5004: loss=3.122363
2026-09-24 20:52:54   step 4600/5004: loss=2.810275
2026-09-24 20:53:18   step 4700/5004: loss=3.042738
2026-09-24 20:53:42   step 4800/5004: loss=3.242591
2026-09-24 20:54:07   step 4900/5004: loss=2.812235
2026-09-24 20:54:31   step 5000/5004: loss=2.768208
2026-09-24 20:54:38 [pjrt_ffi] RESIDENT: @resnet50in_fwd_eval holds 267 parameter tensors (97.7 MB) on 4 devices; they stop crossing PCIe from here
2026-09-24 20:55:14 Epoch 16/90: loss=3.097086 lr=0.095924
2026-09-24 20:55:14   epoch 16: test_acc = 26408/50000 = 52.816000%  top5 = 39489/50000 = 78.978000%  [95% CI 52.38–53.25]
2026-09-24 20:55:14   step 0/5004: loss=3.200324
2026-09-24 20:55:14   step 1/5004: loss=2.838287
2026-09-24 20:55:15   step 2/5004: loss=3.581514
2026-09-24 20:55:38   step 100/5004: loss=3.248882
2026-09-24 20:56:02   step 200/5004: loss=3.272635
2026-09-24 20:56:26   step 300/5004: loss=3.238457
2026-09-24 20:56:50   step 400/5004: loss=2.839912
2026-09-24 20:57:15   step 500/5004: loss=3.153662
2026-09-24 20:57:39   step 600/5004: loss=3.072617
2026-09-24 20:58:03   step 700/5004: loss=3.566269
2026-09-24 20:58:27   step 800/5004: loss=3.193883
2026-09-24 20:58:51   step 900/5004: loss=2.866182
2026-09-24 20:59:15   step 1000/5004: loss=3.336557
2026-09-24 20:59:40   step 1100/5004: loss=3.213348
2026-09-24 21:00:04   step 1200/5004: loss=2.849430
2026-09-24 21:00:28   step 1300/5004: loss=2.904516
2026-09-24 21:00:52   step 1400/5004: loss=3.406857
2026-09-24 21:01:18   step 1500/5004: loss=3.316229
2026-09-24 21:01:42   step 1600/5004: loss=2.703760
2026-09-24 21:02:06   step 1700/5004: loss=3.170590
2026-09-24 21:02:30   step 1800/5004: loss=3.107734
2026-09-24 21:02:54   step 1900/5004: loss=3.286921
2026-09-24 21:03:19   step 2000/5004: loss=3.216992
2026-09-24 21:03:43   step 2100/5004: loss=3.279159
2026-09-24 21:04:07   step 2200/5004: loss=3.065586
2026-09-24 21:04:31   step 2300/5004: loss=2.797044
2026-09-24 21:04:55   step 2400/5004: loss=3.089743
2026-09-24 21:05:19   step 2500/5004: loss=3.334791
2026-09-24 21:05:44   step 2600/5004: loss=3.030881
2026-09-24 21:06:08   step 2700/5004: loss=3.167861
2026-09-24 21:06:32   step 2800/5004: loss=3.120107
2026-09-24 21:06:56   step 2900/5004: loss=3.229287
2026-09-24 21:07:20   step 3000/5004: loss=3.240715
2026-09-24 21:07:44   step 3100/5004: loss=3.127475
2026-09-24 21:08:09   step 3200/5004: loss=3.021923
2026-09-24 21:08:33   step 3300/5004: loss=2.713930
2026-09-24 21:08:57   step 3400/5004: loss=2.926200
2026-09-24 21:09:21   step 3500/5004: loss=3.139444
2026-09-24 21:09:45   step 3600/5004: loss=2.963075
2026-09-24 21:10:09   step 3700/5004: loss=3.184702
2026-09-24 21:10:34   step 3800/5004: loss=3.115716
2026-09-24 21:10:58   step 3900/5004: loss=3.210140
2026-09-24 21:11:22   step 4000/5004: loss=3.162945
2026-09-24 21:11:47   step 4100/5004: loss=3.167717
2026-09-24 21:12:11   step 4200/5004: loss=2.944112
2026-09-24 21:12:35   step 4300/5004: loss=2.879398
2026-09-24 21:13:00   step 4400/5004: loss=3.429714
2026-09-24 21:13:24   step 4500/5004: loss=3.023387
2026-09-24 21:13:48   step 4600/5004: loss=2.853710
2026-09-24 21:14:12   step 4700/5004: loss=3.417203
2026-09-24 21:14:36   step 4800/5004: loss=3.311863
2026-09-24 21:15:00   step 4900/5004: loss=3.129988
2026-09-24 21:15:24   step 5000/5004: loss=2.918881
2026-09-24 21:15:34 [pjrt_ffi] RESIDENT: @resnet50in_fwd_eval holds 267 parameter tensors (97.7 MB) on 4 devices; they stop crossing PCIe from here
2026-09-24 21:16:14 Epoch 17/90: loss=3.084982 lr=0.095162
2026-09-24 21:16:14   epoch 17: test_acc = 26762/50000 = 53.524000%  top5 = 39542/50000 = 79.084000%  [95% CI 53.09–53.96]
2026-09-24 21:16:14   step 0/5004: loss=2.685080
2026-09-24 21:16:15   step 1/5004: loss=2.997163
2026-09-24 21:16:15   step 2/5004: loss=3.334649
2026-09-24 21:16:40   step 100/5004: loss=3.358160
2026-09-24 21:17:04   step 200/5004: loss=3.236404
2026-09-24 21:17:28   step 300/5004: loss=2.866398
2026-09-24 21:17:52   step 400/5004: loss=2.619191
2026-09-24 21:18:16   step 500/5004: loss=3.149989
2026-09-24 21:18:40   step 600/5004: loss=3.407048
2026-09-24 21:19:05   step 700/5004: loss=3.555289
2026-09-24 21:19:29   step 800/5004: loss=2.933538
2026-09-24 21:19:53   step 900/5004: loss=3.555419
2026-09-24 21:20:17   step 1000/5004: loss=2.806331
2026-09-24 21:20:41   step 1100/5004: loss=2.952864
2026-09-24 21:21:05   step 1200/5004: loss=2.972243
2026-09-24 21:21:30   step 1300/5004: loss=3.259495
2026-09-24 21:21:54   step 1400/5004: loss=3.164082
2026-09-24 21:22:18   step 1500/5004: loss=3.224787
2026-09-24 21:22:42   step 1600/5004: loss=3.413109
2026-09-24 21:23:06   step 1700/5004: loss=3.343280
2026-09-24 21:23:30   step 1800/5004: loss=2.902438
2026-09-24 21:23:55   step 1900/5004: loss=3.165960
2026-09-24 21:24:19   step 2000/5004: loss=3.499444
2026-09-24 21:24:43   step 2100/5004: loss=3.129757
2026-09-24 21:25:07   step 2200/5004: loss=2.983309
2026-09-24 21:25:32   step 2300/5004: loss=3.018579
2026-09-24 21:25:56   step 2400/5004: loss=3.117116
2026-09-24 21:26:20   step 2500/5004: loss=3.395668
2026-09-24 21:26:44   step 2600/5004: loss=2.813218
2026-09-24 21:27:08   step 2700/5004: loss=2.865977
2026-09-24 21:27:32   step 2800/5004: loss=3.010865
2026-09-24 21:27:56   step 2900/5004: loss=3.052638
2026-09-24 21:28:20   step 3000/5004: loss=2.814733
2026-09-24 21:28:45   step 3100/5004: loss=3.247442
2026-09-24 21:29:09   step 3200/5004: loss=3.493002
2026-09-24 21:29:33   step 3300/5004: loss=3.023032
2026-09-24 21:29:57   step 3400/5004: loss=3.060783
2026-09-24 21:30:21   step 3500/5004: loss=3.256650
2026-09-24 21:30:45   step 3600/5004: loss=2.868752
2026-09-24 21:31:10   step 3700/5004: loss=3.241200
2026-09-24 21:31:34   step 3800/5004: loss=3.205767
2026-09-24 21:31:58   step 3900/5004: loss=2.982178
2026-09-24 21:32:23   step 4000/5004: loss=2.824488
2026-09-24 21:32:47   step 4100/5004: loss=2.985041
2026-09-24 21:33:11   step 4200/5004: loss=2.955487
2026-09-24 21:33:35   step 4300/5004: loss=3.516883
2026-09-24 21:33:59   step 4400/5004: loss=3.083995
2026-09-24 21:34:27   step 4500/5004: loss=2.985892
2026-09-24 21:34:51   step 4600/5004: loss=3.382508
2026-09-24 21:35:15   step 4700/5004: loss=3.553931
2026-09-24 21:35:39   step 4800/5004: loss=3.483207
2026-09-24 21:36:04   step 4900/5004: loss=2.854482
2026-09-24 21:36:28   step 5000/5004: loss=3.045519
2026-09-24 21:36:39 [pjrt_ffi] RESIDENT: @resnet50in_fwd_eval holds 267 parameter tensors (97.7 MB) on 4 devices; they stop crossing PCIe from here
2026-09-24 21:37:17 Epoch 18/90: loss=3.070720 lr=0.094339
2026-09-24 21:37:17   epoch 18: test_acc = 26567/50000 = 53.134000%  top5 = 39465/50000 = 78.930000%  [95% CI 52.70–53.57]
2026-09-24 21:37:17   step 0/5004: loss=2.902565
2026-09-24 21:37:18   step 1/5004: loss=2.712390
2026-09-24 21:37:18   step 2/5004: loss=3.020366
2026-09-24 21:37:42   step 100/5004: loss=3.124530
2026-09-24 21:38:06   step 200/5004: loss=2.905092
2026-09-24 21:38:30   step 300/5004: loss=3.406484
2026-09-24 21:38:54   step 400/5004: loss=2.851502
2026-09-24 21:39:18   step 500/5004: loss=3.412224
2026-09-24 21:39:42   step 600/5004: loss=3.479707
2026-09-24 21:40:06   step 700/5004: loss=2.921522
2026-09-24 21:40:30   step 800/5004: loss=3.028547
2026-09-24 21:40:55   step 900/5004: loss=2.627281
2026-09-24 21:41:19   step 1000/5004: loss=3.396420
2026-09-24 21:41:43   step 1100/5004: loss=3.295752
2026-09-24 21:42:07   step 1200/5004: loss=3.039736
2026-09-24 21:42:31   step 1300/5004: loss=2.627275
2026-09-24 21:42:55   step 1400/5004: loss=3.132749
2026-09-24 21:43:19   step 1500/5004: loss=2.962206
2026-09-24 21:43:43   step 1600/5004: loss=2.911879
2026-09-24 21:44:07   step 1700/5004: loss=3.188516
2026-09-24 21:44:31   step 1800/5004: loss=2.940964
2026-09-24 21:44:55   step 1900/5004: loss=2.685325
2026-09-24 21:45:20   step 2000/5004: loss=2.901471
2026-09-24 21:45:44   step 2100/5004: loss=3.219430
2026-09-24 21:46:08   step 2200/5004: loss=3.642138
2026-09-24 21:46:32   step 2300/5004: loss=3.151317
2026-09-24 21:46:56   step 2400/5004: loss=2.912010
2026-09-24 21:47:20   step 2500/5004: loss=3.314577
2026-09-24 21:47:44   step 2600/5004: loss=3.191192
2026-09-24 21:48:08   step 2700/5004: loss=3.044783
2026-09-24 21:48:32   step 2800/5004: loss=3.476889
2026-09-24 21:48:57   step 2900/5004: loss=3.079665
2026-09-24 21:49:21   step 3000/5004: loss=2.741946
2026-09-24 21:49:45   step 3100/5004: loss=3.483125
2026-09-24 21:50:09   step 3200/5004: loss=2.932944
2026-09-24 21:50:33   step 3300/5004: loss=2.932585
2026-09-24 21:50:58   step 3400/5004: loss=2.946334
2026-09-24 21:51:22   step 3500/5004: loss=2.860219
2026-09-24 21:51:46   step 3600/5004: loss=3.077225
2026-09-24 21:52:10   step 3700/5004: loss=3.167693
2026-09-24 21:52:35   step 3800/5004: loss=3.325312
2026-09-24 21:52:59   step 3900/5004: loss=3.193828
2026-09-24 21:53:23   step 4000/5004: loss=3.086060
2026-09-24 21:53:47   step 4100/5004: loss=2.626271
2026-09-24 21:54:11   step 4200/5004: loss=2.994048
2026-09-24 21:54:36   step 4300/5004: loss=2.754738
2026-09-24 21:55:00   step 4400/5004: loss=3.124292
2026-09-24 21:55:24   step 4500/5004: loss=3.145645
2026-09-24 21:55:48   step 4600/5004: loss=3.065382
2026-09-24 21:56:12   step 4700/5004: loss=3.236733
2026-09-24 21:56:36   step 4800/5004: loss=2.956675
2026-09-24 21:57:00   step 4900/5004: loss=3.352101
2026-09-24 21:57:24   step 5000/5004: loss=3.245727
2026-09-24 21:57:34 [pjrt_ffi] RESIDENT: @resnet50in_fwd_eval holds 267 parameter tensors (97.7 MB) on 4 devices; they stop crossing PCIe from here
2026-09-24 21:58:14 Epoch 19/90: loss=3.062986 lr=0.093454
2026-09-24 21:58:14   epoch 19: test_acc = 26321/50000 = 52.642000%  top5 = 39285/50000 = 78.570000%  [95% CI 52.20–53.08]
2026-09-24 21:58:15   step 0/5004: loss=3.048073
2026-09-24 21:58:15   step 1/5004: loss=3.197350
2026-09-24 21:58:15   step 2/5004: loss=3.352750
2026-09-24 21:58:39   step 100/5004: loss=3.230334
2026-09-24 21:59:03   step 200/5004: loss=2.977800
2026-09-24 21:59:27   step 300/5004: loss=3.184356
2026-09-24 21:59:51   step 400/5004: loss=2.868009
2026-09-24 22:00:15   step 500/5004: loss=2.928839
2026-09-24 22:00:39   step 600/5004: loss=2.949746
2026-09-24 22:01:04   step 700/5004: loss=2.913203
2026-09-24 22:01:28   step 800/5004: loss=3.286224
2026-09-24 22:01:52   step 900/5004: loss=3.100539
2026-09-24 22:02:16   step 1000/5004: loss=3.274609
2026-09-24 22:02:40   step 1100/5004: loss=3.167603
2026-09-24 22:03:04   step 1200/5004: loss=2.871579
2026-09-24 22:03:28   step 1300/5004: loss=2.902514
2026-09-24 22:03:53   step 1400/5004: loss=2.907980
2026-09-24 22:04:17   step 1500/5004: loss=3.034051
2026-09-24 22:04:41   step 1600/5004: loss=2.523210
2026-09-24 22:05:05   step 1700/5004: loss=3.061528
2026-09-24 22:05:29   step 1800/5004: loss=2.891579
2026-09-24 22:05:53   step 1900/5004: loss=3.397344
2026-09-24 22:06:17   step 2000/5004: loss=3.025228
2026-09-24 22:06:42   step 2100/5004: loss=3.526930
2026-09-24 22:07:06   step 2200/5004: loss=2.851326
2026-09-24 22:07:30   step 2300/5004: loss=3.486710
2026-09-24 22:07:54   step 2400/5004: loss=3.121963
2026-09-24 22:08:18   step 2500/5004: loss=2.744068
2026-09-24 22:08:43   step 2600/5004: loss=2.842214
2026-09-24 22:09:07   step 2700/5004: loss=2.866438
2026-09-24 22:09:31   step 2800/5004: loss=3.671756
2026-09-24 22:09:55   step 2900/5004: loss=2.795348
2026-09-24 22:10:19   step 3000/5004: loss=3.296054
2026-09-24 22:10:44   step 3100/5004: loss=2.745177
2026-09-24 22:11:08   step 3200/5004: loss=3.024832
2026-09-24 22:11:32   step 3300/5004: loss=3.005472
2026-09-24 22:11:56   step 3400/5004: loss=2.807623
2026-09-24 22:12:20   step 3500/5004: loss=2.793810
2026-09-24 22:12:45   step 3600/5004: loss=3.085898
2026-09-24 22:13:09   step 3700/5004: loss=3.127491
2026-09-24 22:13:33   step 3800/5004: loss=2.991978
2026-09-24 22:13:57   step 3900/5004: loss=2.961465
2026-09-24 22:14:21   step 4000/5004: loss=3.034655
2026-09-24 22:14:45   step 4100/5004: loss=3.608289
2026-09-24 22:15:09   step 4200/5004: loss=2.551290
2026-09-24 22:15:34   step 4300/5004: loss=2.802321
2026-09-24 22:15:58   step 4400/5004: loss=2.855700
2026-09-24 22:16:22   step 4500/5004: loss=3.142905
2026-09-24 22:16:47   step 4600/5004: loss=3.260191
2026-09-24 22:17:11   step 4700/5004: loss=2.802036
2026-09-24 22:17:36   step 4800/5004: loss=3.064462
2026-09-24 22:18:00   step 4900/5004: loss=3.435039
2026-09-24 22:18:24   step 5000/5004: loss=3.138164
2026-09-24 22:18:33 [pjrt_ffi] RESIDENT: @resnet50in_fwd_eval holds 267 parameter tensors (97.7 MB) on 4 devices; they stop crossing PCIe from here
2026-09-24 22:19:10 Epoch 20/90: loss=3.050948 lr=0.092511
2026-09-24 22:19:10   epoch 20: test_acc = 26751/50000 = 53.502000%  top5 = 39415/50000 = 78.830000%  [95% CI 53.06–53.94]
2026-09-24 22:19:10   step 0/5004: loss=2.596491
2026-09-24 22:19:11   step 1/5004: loss=3.227534
2026-09-24 22:19:11   step 2/5004: loss=2.944073
2026-09-24 22:19:35   step 100/5004: loss=3.203502
2026-09-24 22:19:59   step 200/5004: loss=3.030369
2026-09-24 22:20:23   step 300/5004: loss=3.085567
2026-09-24 22:20:47   step 400/5004: loss=2.998086
2026-09-24 22:21:11   step 500/5004: loss=3.023596
2026-09-24 22:21:35   step 600/5004: loss=3.054190
2026-09-24 22:21:59   step 700/5004: loss=2.894933
2026-09-24 22:22:23   step 800/5004: loss=2.714715
2026-09-24 22:22:47   step 900/5004: loss=2.745157
2026-09-24 22:23:11   step 1000/5004: loss=3.056889
2026-09-24 22:23:36   step 1100/5004: loss=3.267866
2026-09-24 22:24:00   step 1200/5004: loss=3.104304
2026-09-24 22:24:24   step 1300/5004: loss=3.231580
2026-09-24 22:24:49   step 1400/5004: loss=3.224858
2026-09-24 22:25:13   step 1500/5004: loss=2.837578
2026-09-24 22:25:37   step 1600/5004: loss=2.979634
2026-09-24 22:26:01   step 1700/5004: loss=2.695649
2026-09-24 22:26:25   step 1800/5004: loss=3.174788
2026-09-24 22:26:49   step 1900/5004: loss=2.855687
2026-09-24 22:27:14   step 2000/5004: loss=3.011072
2026-09-24 22:27:38   step 2100/5004: loss=3.250752
2026-09-24 22:28:02   step 2200/5004: loss=2.732439
2026-09-24 22:28:26   step 2300/5004: loss=2.906194
2026-09-24 22:28:50   step 2400/5004: loss=3.079818
2026-09-24 22:29:14   step 2500/5004: loss=2.804445
2026-09-24 22:29:39   step 2600/5004: loss=3.152821
2026-09-24 22:30:03   step 2700/5004: loss=3.186555
2026-09-24 22:30:27   step 2800/5004: loss=2.792518
2026-09-24 22:30:51   step 2900/5004: loss=2.924229
2026-09-24 22:31:16   step 3000/5004: loss=3.155957
2026-09-24 22:31:40   step 3100/5004: loss=2.939481
2026-09-24 22:32:04   step 3200/5004: loss=3.075171
2026-09-24 22:32:28   step 3300/5004: loss=2.776022
2026-09-24 22:32:52   step 3400/5004: loss=2.578473
2026-09-24 22:33:17   step 3500/5004: loss=2.727719
2026-09-24 22:33:41   step 3600/5004: loss=3.057734
2026-09-24 22:34:05   step 3700/5004: loss=3.300943
2026-09-24 22:34:29   step 3800/5004: loss=3.001363
2026-09-24 22:34:53   step 3900/5004: loss=3.135617
2026-09-24 22:35:17   step 4000/5004: loss=2.942805
2026-09-24 22:35:42   step 4100/5004: loss=3.092284
2026-09-24 22:36:07   step 4200/5004: loss=3.083905
2026-09-24 22:36:31   step 4300/5004: loss=3.053784
2026-09-24 22:36:55   step 4400/5004: loss=3.185375
2026-09-24 22:37:19   step 4500/5004: loss=3.118129
2026-09-24 22:37:44   step 4600/5004: loss=3.390304
2026-09-24 22:38:08   step 4700/5004: loss=2.765334
2026-09-24 22:38:32   step 4800/5004: loss=3.134789
2026-09-24 22:38:56   step 4900/5004: loss=3.037323
2026-09-24 22:39:21   step 5000/5004: loss=3.171916
2026-09-24 22:39:30 [pjrt_ffi] RESIDENT: @resnet50in_fwd_eval holds 267 parameter tensors (97.7 MB) on 4 devices; they stop crossing PCIe from here
2026-09-24 22:40:09 Epoch 21/90: loss=3.038865 lr=0.091509
2026-09-24 22:40:09   epoch 21: test_acc = 27079/50000 = 54.158000%  top5 = 39788/50000 = 79.576000%  [95% CI 53.72–54.59]
2026-09-24 22:40:09   step 0/5004: loss=2.728652
2026-09-24 22:40:10   step 1/5004: loss=2.759030
2026-09-24 22:40:10   step 2/5004: loss=3.417835
2026-09-24 22:40:34   step 100/5004: loss=2.752207
2026-09-24 22:40:58   step 200/5004: loss=3.201908
2026-09-24 22:41:22   step 300/5004: loss=3.108175
2026-09-24 22:41:46   step 400/5004: loss=2.837533
2026-09-24 22:42:10   step 500/5004: loss=2.704031
2026-09-24 22:42:34   step 600/5004: loss=2.920613
2026-09-24 22:42:58   step 700/5004: loss=3.149440
2026-09-24 22:43:22   step 800/5004: loss=2.995290
2026-09-24 22:43:46   step 900/5004: loss=3.033886
2026-09-24 22:44:11   step 1000/5004: loss=3.092125
2026-09-24 22:44:35   step 1100/5004: loss=3.181532
2026-09-24 22:44:59   step 1200/5004: loss=3.521006
2026-09-24 22:45:23   step 1300/5004: loss=3.137087
2026-09-24 22:45:47   step 1400/5004: loss=2.735870
2026-09-24 22:46:11   step 1500/5004: loss=2.999578
2026-09-24 22:46:35   step 1600/5004: loss=3.380960
2026-09-24 22:46:59   step 1700/5004: loss=3.103528
2026-09-24 22:47:24   step 1800/5004: loss=2.789355
2026-09-24 22:47:48   step 1900/5004: loss=3.007943
2026-09-24 22:48:12   step 2000/5004: loss=3.032614
2026-09-24 22:48:36   step 2100/5004: loss=2.490711
2026-09-24 22:49:00   step 2200/5004: loss=2.905830
2026-09-24 22:49:24   step 2300/5004: loss=2.702498
2026-09-24 22:49:48   step 2400/5004: loss=3.314334
2026-09-24 22:50:13   step 2500/5004: loss=3.063428
2026-09-24 22:50:37   step 2600/5004: loss=3.182690
2026-09-24 22:51:01   step 2700/5004: loss=2.824011
2026-09-24 22:51:25   step 2800/5004: loss=3.589375
2026-09-24 22:51:49   step 2900/5004: loss=3.221123
2026-09-24 22:52:15   step 3000/5004: loss=3.074212
2026-09-24 22:52:39   step 3100/5004: loss=3.079824
2026-09-24 22:53:03   step 3200/5004: loss=3.074353
2026-09-24 22:53:27   step 3300/5004: loss=2.640775
2026-09-24 22:53:51   step 3400/5004: loss=3.021097
2026-09-24 22:54:15   step 3500/5004: loss=2.938156
2026-09-24 22:54:40   step 3600/5004: loss=2.919788
2026-09-24 22:55:04   step 3700/5004: loss=2.852718
2026-09-24 22:55:28   step 3800/5004: loss=2.702848
2026-09-24 22:55:52   step 3900/5004: loss=3.157662
2026-09-24 22:56:16   step 4000/5004: loss=3.163376
2026-09-24 22:56:40   step 4100/5004: loss=2.854361
2026-09-24 22:57:05   step 4200/5004: loss=3.029310
2026-09-24 22:57:29   step 4300/5004: loss=2.965900
2026-09-24 22:57:53   step 4400/5004: loss=3.179002
2026-09-24 22:58:17   step 4500/5004: loss=2.710504
2026-09-24 22:58:41   step 4600/5004: loss=2.896621
2026-09-24 22:59:05   step 4700/5004: loss=3.365445
2026-09-24 22:59:29   step 4800/5004: loss=3.357639
2026-09-24 22:59:54   step 4900/5004: loss=3.238324
2026-09-24 23:00:18   step 5000/5004: loss=2.737501
2026-09-24 23:00:27 [pjrt_ffi] RESIDENT: @resnet50in_fwd_eval holds 267 parameter tensors (97.7 MB) on 4 devices; they stop crossing PCIe from here
2026-09-24 23:01:11 Epoch 22/90: loss=3.023252 lr=0.090451
2026-09-24 23:01:11   epoch 22: test_acc = 27113/50000 = 54.226000%  top5 = 39948/50000 = 79.896000%  [95% CI 53.79–54.66]
2026-09-24 23:01:12   step 0/5004: loss=2.808430
2026-09-24 23:01:12   step 1/5004: loss=3.199595
2026-09-24 23:01:12   step 2/5004: loss=2.985821
2026-09-24 23:01:36   step 100/5004: loss=3.067249
2026-09-24 23:02:00   step 200/5004: loss=3.441531
2026-09-24 23:02:24   step 300/5004: loss=3.010468
2026-09-24 23:02:48   step 400/5004: loss=2.974586
2026-09-24 23:03:12   step 500/5004: loss=3.067354
2026-09-24 23:03:37   step 600/5004: loss=2.875099
2026-09-24 23:04:01   step 700/5004: loss=3.002585
2026-09-24 23:04:25   step 800/5004: loss=3.475649
2026-09-24 23:04:49   step 900/5004: loss=2.900525
2026-09-24 23:05:13   step 1000/5004: loss=3.276301
2026-09-24 23:05:37   step 1100/5004: loss=2.943008
2026-09-24 23:06:02   step 1200/5004: loss=2.867137
2026-09-24 23:06:26   step 1300/5004: loss=2.948037
2026-09-24 23:06:50   step 1400/5004: loss=2.953297
2026-09-24 23:07:14   step 1500/5004: loss=3.553245
2026-09-24 23:07:38   step 1600/5004: loss=3.038311
2026-09-24 23:08:03   step 1700/5004: loss=2.752811
2026-09-24 23:08:27   step 1800/5004: loss=2.743119
2026-09-24 23:08:51   step 1900/5004: loss=2.765885
2026-09-24 23:09:15   step 2000/5004: loss=2.623226
2026-09-24 23:09:39   step 2100/5004: loss=3.239548
2026-09-24 23:10:03   step 2200/5004: loss=3.129664
2026-09-24 23:10:27   step 2300/5004: loss=3.043355
2026-09-24 23:10:52   step 2400/5004: loss=3.149729
2026-09-24 23:11:16   step 2500/5004: loss=2.957849
2026-09-24 23:11:40   step 2600/5004: loss=3.059744
2026-09-24 23:12:05   step 2700/5004: loss=2.769556
2026-09-24 23:12:30   step 2800/5004: loss=2.498467
2026-09-24 23:12:54   step 2900/5004: loss=2.877853
2026-09-24 23:13:18   step 3000/5004: loss=2.830376
2026-09-24 23:13:42   step 3100/5004: loss=2.911463
2026-09-24 23:14:06   step 3200/5004: loss=3.004471
2026-09-24 23:14:31   step 3300/5004: loss=3.151062
2026-09-24 23:14:55   step 3400/5004: loss=3.262555
2026-09-24 23:15:19   step 3500/5004: loss=2.476510
2026-09-24 23:15:43   step 3600/5004: loss=2.623420
2026-09-24 23:16:08   step 3700/5004: loss=3.018877
2026-09-24 23:16:32   step 3800/5004: loss=2.602789
2026-09-24 23:16:56   step 3900/5004: loss=2.793566
2026-09-24 23:17:20   step 4000/5004: loss=3.007653
2026-09-24 23:17:45   step 4100/5004: loss=2.812986
2026-09-24 23:18:09   step 4200/5004: loss=2.926353
2026-09-24 23:18:33   step 4300/5004: loss=2.877153
2026-09-24 23:18:57   step 4400/5004: loss=3.176947
2026-09-24 23:19:21   step 4500/5004: loss=3.411155
2026-09-24 23:19:45   step 4600/5004: loss=2.711423
2026-09-24 23:20:09   step 4700/5004: loss=2.545764
2026-09-24 23:20:34   step 4800/5004: loss=2.926069
2026-09-24 23:20:58   step 4900/5004: loss=2.841547
2026-09-24 23:21:22   step 5000/5004: loss=3.272367
2026-09-24 23:21:30 [pjrt_ffi] RESIDENT: @resnet50in_fwd_eval holds 267 parameter tensors (97.7 MB) on 4 devices; they stop crossing PCIe from here
2026-09-24 23:22:15 Epoch 23/90: loss=3.012270 lr=0.089337
2026-09-24 23:22:15   epoch 23: test_acc = 27536/50000 = 55.072000%  top5 = 40138/50000 = 80.276000%  [95% CI 54.64–55.51]
2026-09-24 23:22:15   step 0/5004: loss=3.399508
2026-09-24 23:22:16   step 1/5004: loss=2.766768
2026-09-24 23:22:16   step 2/5004: loss=3.083042
2026-09-24 23:22:40   step 100/5004: loss=3.260061
2026-09-24 23:23:04   step 200/5004: loss=2.855178
2026-09-24 23:23:28   step 300/5004: loss=3.119641
2026-09-24 23:23:52   step 400/5004: loss=3.073002
2026-09-24 23:24:16   step 500/5004: loss=2.679968
2026-09-24 23:24:41   step 600/5004: loss=2.982431
2026-09-24 23:25:05   step 700/5004: loss=2.910810
2026-09-24 23:25:29   step 800/5004: loss=3.415739
2026-09-24 23:25:53   step 900/5004: loss=2.527886
2026-09-24 23:26:17   step 1000/5004: loss=3.115785
2026-09-24 23:26:42   step 1100/5004: loss=3.074257
2026-09-24 23:27:06   step 1200/5004: loss=3.368536
2026-09-24 23:27:30   step 1300/5004: loss=3.208416
2026-09-24 23:27:54   step 1400/5004: loss=3.128599
2026-09-24 23:28:18   step 1500/5004: loss=3.041848
2026-09-24 23:28:43   step 1600/5004: loss=3.136098
2026-09-24 23:29:07   step 1700/5004: loss=2.639270
2026-09-24 23:29:31   step 1800/5004: loss=3.159659
2026-09-24 23:29:56   step 1900/5004: loss=3.288302
2026-09-24 23:30:20   step 2000/5004: loss=2.583672
2026-09-24 23:30:44   step 2100/5004: loss=3.241463
2026-09-24 23:31:09   step 2200/5004: loss=3.661177
2026-09-24 23:31:33   step 2300/5004: loss=3.361475
2026-09-24 23:31:57   step 2400/5004: loss=3.315316
2026-09-24 23:32:21   step 2500/5004: loss=3.037546
2026-09-24 23:32:45   step 2600/5004: loss=2.901732
2026-09-24 23:33:09   step 2700/5004: loss=2.794328
2026-09-24 23:33:34   step 2800/5004: loss=2.717546
2026-09-24 23:33:58   step 2900/5004: loss=3.794427
2026-09-24 23:34:22   step 3000/5004: loss=2.367409
2026-09-24 23:34:46   step 3100/5004: loss=2.877095
2026-09-24 23:35:10   step 3200/5004: loss=3.054422
2026-09-24 23:35:34   step 3300/5004: loss=3.342711
2026-09-24 23:35:58   step 3400/5004: loss=3.297604
2026-09-24 23:36:23   step 3500/5004: loss=2.784065
2026-09-24 23:36:47   step 3600/5004: loss=2.884115
2026-09-24 23:37:11   step 3700/5004: loss=3.490136
2026-09-24 23:37:35   step 3800/5004: loss=2.979021
2026-09-24 23:37:59   step 3900/5004: loss=3.141915
2026-09-24 23:38:23   step 4000/5004: loss=3.397481
2026-09-24 23:38:47   step 4100/5004: loss=3.123929
2026-09-24 23:39:12   step 4200/5004: loss=2.986680
2026-09-24 23:39:36   step 4300/5004: loss=2.734377
2026-09-24 23:40:01   step 4400/5004: loss=3.206421
2026-09-24 23:40:25   step 4500/5004: loss=2.567228
2026-09-24 23:40:49   step 4600/5004: loss=3.095227
2026-09-24 23:41:13   step 4700/5004: loss=2.953557
2026-09-24 23:41:37   step 4800/5004: loss=2.954400
2026-09-24 23:42:02   step 4900/5004: loss=2.230361
2026-09-24 23:42:26   step 5000/5004: loss=2.899552
2026-09-24 23:42:34 [pjrt_ffi] RESIDENT: @resnet50in_fwd_eval holds 267 parameter tensors (97.7 MB) on 4 devices; they stop crossing PCIe from here
2026-09-24 23:43:10 Epoch 24/90: loss=3.001516 lr=0.088170
2026-09-24 23:43:10   epoch 24: test_acc = 28032/50000 = 56.064000%  top5 = 40230/50000 = 80.460000%  [95% CI 55.63–56.50]
2026-09-24 23:43:10   step 0/5004: loss=2.848395
2026-09-24 23:43:11   step 1/5004: loss=3.564864
2026-09-24 23:43:11   step 2/5004: loss=2.728130
2026-09-24 23:43:36   step 100/5004: loss=3.120081
2026-09-24 23:44:00   step 200/5004: loss=3.001553
2026-09-24 23:44:24   step 300/5004: loss=3.308801
2026-09-24 23:44:48   step 400/5004: loss=2.759646
2026-09-24 23:45:12   step 500/5004: loss=3.114369
2026-09-24 23:45:36   step 600/5004: loss=2.877531
2026-09-24 23:46:00   step 700/5004: loss=2.407208
2026-09-24 23:46:24   step 800/5004: loss=3.070657
2026-09-24 23:46:49   step 900/5004: loss=2.964427
2026-09-24 23:47:13   step 1000/5004: loss=2.614884
2026-09-24 23:47:37   step 1100/5004: loss=2.883052
2026-09-24 23:48:01   step 1200/5004: loss=2.771628
2026-09-24 23:48:25   step 1300/5004: loss=3.099076
2026-09-24 23:48:50   step 1400/5004: loss=3.203018
2026-09-24 23:49:14   step 1500/5004: loss=2.820732
2026-09-24 23:49:38   step 1600/5004: loss=3.271800
2026-09-24 23:50:02   step 1700/5004: loss=3.247416
2026-09-24 23:50:27   step 1800/5004: loss=2.895559
2026-09-24 23:50:51   step 1900/5004: loss=2.796794
2026-09-24 23:51:15   step 2000/5004: loss=3.133561
2026-09-24 23:51:39   step 2100/5004: loss=2.942749
2026-09-24 23:52:04   step 2200/5004: loss=2.909708
2026-09-24 23:52:28   step 2300/5004: loss=2.770637
2026-09-24 23:52:52   step 2400/5004: loss=3.165574
2026-09-24 23:53:16   step 2500/5004: loss=2.841454
2026-09-24 23:53:41   step 2600/5004: loss=2.649709
2026-09-24 23:54:05   step 2700/5004: loss=2.988374
2026-09-24 23:54:29   step 2800/5004: loss=2.727143
2026-09-24 23:54:53   step 2900/5004: loss=3.075454
2026-09-24 23:55:17   step 3000/5004: loss=3.239829
2026-09-24 23:55:42   step 3100/5004: loss=2.881138
2026-09-24 23:56:06   step 3200/5004: loss=2.738084
2026-09-24 23:56:30   step 3300/5004: loss=2.993740
2026-09-24 23:56:55   step 3400/5004: loss=2.601941
2026-09-24 23:57:19   step 3500/5004: loss=3.062471
2026-09-24 23:57:43   step 3600/5004: loss=3.144953
2026-09-24 23:58:07   step 3700/5004: loss=2.979388
2026-09-24 23:58:31   step 3800/5004: loss=3.481517
2026-09-24 23:58:56   step 3900/5004: loss=3.001479
2026-09-24 23:59:20   step 4000/5004: loss=3.053136
2026-09-24 23:59:44   step 4100/5004: loss=3.496832
2026-09-25 00:00:08   step 4200/5004: loss=3.028385
2026-09-25 00:00:33   step 4300/5004: loss=3.016514
2026-09-25 00:00:57   step 4400/5004: loss=3.187791
2026-09-25 00:01:21   step 4500/5004: loss=2.893773
2026-09-25 00:01:45   step 4600/5004: loss=3.181589
2026-09-25 00:02:09   step 4700/5004: loss=3.365667
2026-09-25 00:02:34   step 4800/5004: loss=2.908684
2026-09-25 00:02:58   step 4900/5004: loss=2.998024
2026-09-25 00:03:22   step 5000/5004: loss=2.903954
2026-09-25 00:03:30 [pjrt_ffi] RESIDENT: @resnet50in_fwd_eval holds 267 parameter tensors (97.7 MB) on 4 devices; they stop crossing PCIe from here
2026-09-25 00:04:04 Epoch 25/90: loss=2.993022 lr=0.086950
2026-09-25 00:04:04   epoch 25: test_acc = 27119/50000 = 54.238000%  top5 = 39688/50000 = 79.376000%  [95% CI 53.80–54.67]
2026-09-25 00:04:04   step 0/5004: loss=2.891066
2026-09-25 00:04:04   step 1/5004: loss=2.749628
2026-09-25 00:04:05   step 2/5004: loss=2.560014
2026-09-25 00:04:29   step 100/5004: loss=2.806536
2026-09-25 00:04:53   step 200/5004: loss=2.769026
2026-09-25 00:05:17   step 300/5004: loss=2.587442
2026-09-25 00:05:41   step 400/5004: loss=3.186820
2026-09-25 00:06:05   step 500/5004: loss=2.819520
2026-09-25 00:06:29   step 600/5004: loss=3.081358
2026-09-25 00:06:53   step 700/5004: loss=3.180173
2026-09-25 00:07:17   step 800/5004: loss=3.180247
2026-09-25 00:07:42   step 900/5004: loss=3.301550
2026-09-25 00:08:06   step 1000/5004: loss=3.164143
2026-09-25 00:08:30   step 1100/5004: loss=2.787128
2026-09-25 00:08:54   step 1200/5004: loss=3.100525
2026-09-25 00:09:18   step 1300/5004: loss=3.475970
2026-09-25 00:09:42   step 1400/5004: loss=2.732172
2026-09-25 00:10:06   step 1500/5004: loss=3.157982
2026-09-25 00:10:30   step 1600/5004: loss=2.907853
2026-09-25 00:10:55   step 1700/5004: loss=2.798535
2026-09-25 00:11:19   step 1800/5004: loss=3.147733
2026-09-25 00:11:43   step 1900/5004: loss=2.771183
2026-09-25 00:12:08   step 2000/5004: loss=2.807697
2026-09-25 00:12:32   step 2100/5004: loss=2.802993
2026-09-25 00:12:56   step 2200/5004: loss=3.151211
2026-09-25 00:13:21   step 2300/5004: loss=3.102843
2026-09-25 00:13:45   step 2400/5004: loss=2.785277
2026-09-25 00:14:09   step 2500/5004: loss=2.791424
2026-09-25 00:14:33   step 2600/5004: loss=2.988209
2026-09-25 00:14:59   step 2700/5004: loss=3.214869
2026-09-25 00:15:23   step 2800/5004: loss=2.773301
2026-09-25 00:15:47   step 2900/5004: loss=2.843590
2026-09-25 00:16:11   step 3000/5004: loss=3.057958
2026-09-25 00:16:36   step 3100/5004: loss=3.057903
2026-09-25 00:17:00   step 3200/5004: loss=2.786478
2026-09-25 00:17:24   step 3300/5004: loss=2.815854
2026-09-25 00:17:48   step 3400/5004: loss=2.941819
2026-09-25 00:18:12   step 3500/5004: loss=3.369732
2026-09-25 00:18:36   step 3600/5004: loss=2.933385
2026-09-25 00:19:00   step 3700/5004: loss=2.937370
2026-09-25 00:19:24   step 3800/5004: loss=2.956131
2026-09-25 00:19:48   step 3900/5004: loss=2.906424
2026-09-25 00:20:13   step 4000/5004: loss=2.812884
2026-09-25 00:20:37   step 4100/5004: loss=2.984782
2026-09-25 00:21:01   step 4200/5004: loss=2.888781
2026-09-25 00:21:25   step 4300/5004: loss=2.759991
2026-09-25 00:21:49   step 4400/5004: loss=2.852035
2026-09-25 00:22:13   step 4500/5004: loss=3.183652
2026-09-25 00:22:38   step 4600/5004: loss=2.711452
2026-09-25 00:23:02   step 4700/5004: loss=3.234864
2026-09-25 00:23:26   step 4800/5004: loss=2.723976
2026-09-25 00:23:50   step 4900/5004: loss=2.814843
2026-09-25 00:24:14   step 5000/5004: loss=2.694175
2026-09-25 00:24:23 [pjrt_ffi] RESIDENT: @resnet50in_fwd_eval holds 267 parameter tensors (97.7 MB) on 4 devices; they stop crossing PCIe from here
2026-09-25 00:25:00 Epoch 26/90: loss=2.981594 lr=0.085681
2026-09-25 00:25:00   epoch 26: test_acc = 25905/50000 = 51.810000%  top5 = 38642/50000 = 77.284000%  [95% CI 51.37–52.25]
2026-09-25 00:25:00   step 0/5004: loss=3.513873
2026-09-25 00:25:01   step 1/5004: loss=3.066196
2026-09-25 00:25:01   step 2/5004: loss=2.965133
2026-09-25 00:25:25   step 100/5004: loss=2.691738
2026-09-25 00:25:49   step 200/5004: loss=2.977378
2026-09-25 00:26:13   step 300/5004: loss=3.203392
2026-09-25 00:26:37   step 400/5004: loss=2.802131
2026-09-25 00:27:01   step 500/5004: loss=3.046024
2026-09-25 00:27:25   step 600/5004: loss=3.061453
2026-09-25 00:27:49   step 700/5004: loss=2.886616
2026-09-25 00:28:13   step 800/5004: loss=2.974128
2026-09-25 00:28:37   step 900/5004: loss=2.966899
2026-09-25 00:29:01   step 1000/5004: loss=2.940636
2026-09-25 00:29:26   step 1100/5004: loss=3.026553
2026-09-25 00:29:50   step 1200/5004: loss=2.789639
2026-09-25 00:30:14   step 1300/5004: loss=3.257235
2026-09-25 00:30:38   step 1400/5004: loss=3.137419
2026-09-25 00:31:02   step 1500/5004: loss=2.921276
2026-09-25 00:31:26   step 1600/5004: loss=2.839448
2026-09-25 00:31:51   step 1700/5004: loss=2.748703
2026-09-25 00:32:15   step 1800/5004: loss=2.943015
2026-09-25 00:32:39   step 1900/5004: loss=2.697110
2026-09-25 00:33:03   step 2000/5004: loss=2.903019
2026-09-25 00:33:27   step 2100/5004: loss=3.154384
2026-09-25 00:33:52   step 2200/5004: loss=3.176589
2026-09-25 00:34:16   step 2300/5004: loss=2.797779
2026-09-25 00:34:40   step 2400/5004: loss=2.989959
2026-09-25 00:35:04   step 2500/5004: loss=2.864409
2026-09-25 00:35:29   step 2600/5004: loss=3.020318
2026-09-25 00:35:53   step 2700/5004: loss=2.987873
2026-09-25 00:36:17   step 2800/5004: loss=3.435968
2026-09-25 00:36:41   step 2900/5004: loss=2.816978
2026-09-25 00:37:06   step 3000/5004: loss=2.772694
2026-09-25 00:37:30   step 3100/5004: loss=3.164077
2026-09-25 00:37:54   step 3200/5004: loss=3.384593
2026-09-25 00:38:18   step 3300/5004: loss=2.793671
2026-09-25 00:38:43   step 3400/5004: loss=3.343979
2026-09-25 00:39:07   step 3500/5004: loss=3.146149
2026-09-25 00:39:31   step 3600/5004: loss=2.964396
2026-09-25 00:39:55   step 3700/5004: loss=2.775319
2026-09-25 00:40:19   step 3800/5004: loss=2.681968
2026-09-25 00:40:43   step 3900/5004: loss=3.131817
2026-09-25 00:41:08   step 4000/5004: loss=2.816932
2026-09-25 00:41:32   step 4100/5004: loss=2.982796
2026-09-25 00:41:56   step 4200/5004: loss=3.346091
2026-09-25 00:42:20   step 4300/5004: loss=3.073670
2026-09-25 00:42:44   step 4400/5004: loss=2.379739
2026-09-25 00:43:08   step 4500/5004: loss=2.727314
2026-09-25 00:43:32   step 4600/5004: loss=3.109063
2026-09-25 00:43:57   step 4700/5004: loss=3.317052
2026-09-25 00:44:21   step 4800/5004: loss=3.252977
2026-09-25 00:44:45   step 4900/5004: loss=2.950619
2026-09-25 00:45:09   step 5000/5004: loss=3.040993
2026-09-25 00:45:18 [pjrt_ffi] RESIDENT: @resnet50in_fwd_eval holds 267 parameter tensors (97.7 MB) on 4 devices; they stop crossing PCIe from here
2026-09-25 00:45:58 Epoch 27/90: loss=2.967954 lr=0.084362
2026-09-25 00:45:58   epoch 27: test_acc = 28229/50000 = 56.458000%  top5 = 40524/50000 = 81.048000%  [95% CI 56.02–56.89]
2026-09-25 00:45:58   step 0/5004: loss=2.491156
2026-09-25 00:45:58   step 1/5004: loss=2.574808
2026-09-25 00:45:59   step 2/5004: loss=3.145274
2026-09-25 00:46:22   step 100/5004: loss=2.983310
2026-09-25 00:46:46   step 200/5004: loss=3.126338
2026-09-25 00:47:10   step 300/5004: loss=3.156772
2026-09-25 00:47:34   step 400/5004: loss=2.933638
2026-09-25 00:47:59   step 500/5004: loss=2.641512
2026-09-25 00:48:23   step 600/5004: loss=3.011000
2026-09-25 00:48:47   step 700/5004: loss=2.935773
2026-09-25 00:49:11   step 800/5004: loss=2.904023
2026-09-25 00:49:35   step 900/5004: loss=3.094070
2026-09-25 00:49:59   step 1000/5004: loss=3.156132
2026-09-25 00:50:23   step 1100/5004: loss=3.168591
2026-09-25 00:50:47   step 1200/5004: loss=3.338213
2026-09-25 00:51:11   step 1300/5004: loss=2.827819
2026-09-25 00:51:35   step 1400/5004: loss=3.019278
2026-09-25 00:52:00   step 1500/5004: loss=3.144586
2026-09-25 00:52:24   step 1600/5004: loss=3.121644
2026-09-25 00:52:48   step 1700/5004: loss=2.873003
2026-09-25 00:53:13   step 1800/5004: loss=2.948903
2026-09-25 00:53:37   step 1900/5004: loss=2.825737
2026-09-25 00:54:01   step 2000/5004: loss=2.798877
2026-09-25 00:54:25   step 2100/5004: loss=2.927579
2026-09-25 00:54:50   step 2200/5004: loss=3.293471
2026-09-25 00:55:14   step 2300/5004: loss=3.157110
2026-09-25 00:55:38   step 2400/5004: loss=3.439207
2026-09-25 00:56:02   step 2500/5004: loss=3.029221
2026-09-25 00:56:26   step 2600/5004: loss=2.679009
2026-09-25 00:56:51   step 2700/5004: loss=2.388680
2026-09-25 00:57:15   step 2800/5004: loss=2.962421
2026-09-25 00:57:39   step 2900/5004: loss=3.108144
2026-09-25 00:58:03   step 3000/5004: loss=3.561124
2026-09-25 00:58:28   step 3100/5004: loss=3.145528
2026-09-25 00:58:52   step 3200/5004: loss=3.109709
2026-09-25 00:59:16   step 3300/5004: loss=3.151503
2026-09-25 00:59:40   step 3400/5004: loss=2.666476
2026-09-25 01:00:04   step 3500/5004: loss=3.242838
2026-09-25 01:00:29   step 3600/5004: loss=2.802611
2026-09-25 01:00:54   step 3700/5004: loss=2.530438
2026-09-25 01:01:18   step 3800/5004: loss=2.650014
2026-09-25 01:01:42   step 3900/5004: loss=2.829563
2026-09-25 01:02:06   step 4000/5004: loss=2.855361
2026-09-25 01:02:30   step 4100/5004: loss=2.632390
2026-09-25 01:02:54   step 4200/5004: loss=2.803842
2026-09-25 01:03:18   step 4300/5004: loss=2.776259
2026-09-25 01:03:43   step 4400/5004: loss=2.993717
2026-09-25 01:04:07   step 4500/5004: loss=3.110643
2026-09-25 01:04:31   step 4600/5004: loss=2.926808
2026-09-25 01:04:55   step 4700/5004: loss=2.621868
2026-09-25 01:05:19   step 4800/5004: loss=3.063304
2026-09-25 01:05:43   step 4900/5004: loss=3.087433
2026-09-25 01:06:07   step 5000/5004: loss=2.923828
2026-09-25 01:06:15 [pjrt_ffi] RESIDENT: @resnet50in_fwd_eval holds 267 parameter tensors (97.7 MB) on 4 devices; they stop crossing PCIe from here
2026-09-25 01:06:51 Epoch 28/90: loss=2.960009 lr=0.082996
2026-09-25 01:06:51   epoch 28: test_acc = 27982/50000 = 55.964000%  top5 = 40433/50000 = 80.866000%  [95% CI 55.53–56.40]
2026-09-25 01:06:51   step 0/5004: loss=2.757718
2026-09-25 01:06:52   step 1/5004: loss=2.794975
2026-09-25 01:06:52   step 2/5004: loss=3.039290
2026-09-25 01:07:15   step 100/5004: loss=2.838481
2026-09-25 01:07:39   step 200/5004: loss=3.275809
2026-09-25 01:08:04   step 300/5004: loss=2.971930
2026-09-25 01:08:28   step 400/5004: loss=3.278674
2026-09-25 01:08:52   step 500/5004: loss=3.017712
2026-09-25 01:09:16   step 600/5004: loss=2.617283
2026-09-25 01:09:40   step 700/5004: loss=3.092566
2026-09-25 01:10:04   step 800/5004: loss=2.971952
2026-09-25 01:10:29   step 900/5004: loss=3.346632
2026-09-25 01:10:53   step 1000/5004: loss=2.762850
2026-09-25 01:11:17   step 1100/5004: loss=2.971272
2026-09-25 01:11:41   step 1200/5004: loss=3.313910
2026-09-25 01:12:05   step 1300/5004: loss=2.660284
2026-09-25 01:12:29   step 1400/5004: loss=2.662084
2026-09-25 01:12:54   step 1500/5004: loss=2.771435
2026-09-25 01:13:18   step 1600/5004: loss=2.684454
2026-09-25 01:13:43   step 1700/5004: loss=2.568160
2026-09-25 01:14:07   step 1800/5004: loss=3.107358
2026-09-25 01:14:31   step 1900/5004: loss=2.827672
2026-09-25 01:14:56   step 2000/5004: loss=3.111876
2026-09-25 01:15:20   step 2100/5004: loss=2.676402
2026-09-25 01:15:44   step 2200/5004: loss=2.979398
2026-09-25 01:16:08   step 2300/5004: loss=2.878679
2026-09-25 01:16:32   step 2400/5004: loss=2.974175
2026-09-25 01:16:57   step 2500/5004: loss=2.654934
2026-09-25 01:17:21   step 2600/5004: loss=3.039734
2026-09-25 01:17:45   step 2700/5004: loss=3.042826
2026-09-25 01:18:09   step 2800/5004: loss=3.076361
2026-09-25 01:18:33   step 2900/5004: loss=3.248554
2026-09-25 01:18:58   step 3000/5004: loss=3.101854
2026-09-25 01:19:22   step 3100/5004: loss=2.748454
2026-09-25 01:19:46   step 3200/5004: loss=2.975812
2026-09-25 01:20:10   step 3300/5004: loss=2.673499
2026-09-25 01:20:34   step 3400/5004: loss=2.926201
2026-09-25 01:20:58   step 3500/5004: loss=3.506097
2026-09-25 01:21:22   step 3600/5004: loss=2.654078
2026-09-25 01:21:46   step 3700/5004: loss=3.147959
2026-09-25 01:22:10   step 3800/5004: loss=2.936049
2026-09-25 01:22:35   step 3900/5004: loss=2.982532
2026-09-25 01:22:59   step 4000/5004: loss=2.929557
2026-09-25 01:23:23   step 4100/5004: loss=2.713700
2026-09-25 01:23:47   step 4200/5004: loss=3.096988
2026-09-25 01:24:11   step 4300/5004: loss=3.202052
2026-09-25 01:24:35   step 4400/5004: loss=3.145002
2026-09-25 01:24:59   step 4500/5004: loss=2.779034
2026-09-25 01:25:23   step 4600/5004: loss=2.772009
2026-09-25 01:25:48   step 4700/5004: loss=3.096306
2026-09-25 01:26:12   step 4800/5004: loss=2.833486
2026-09-25 01:26:36   step 4900/5004: loss=2.810315
2026-09-25 01:27:00   step 5000/5004: loss=2.850538
2026-09-25 01:27:08 [pjrt_ffi] RESIDENT: @resnet50in_fwd_eval holds 267 parameter tensors (97.7 MB) on 4 devices; they stop crossing PCIe from here
2026-09-25 01:27:44 Epoch 29/90: loss=2.954128 lr=0.081586
2026-09-25 01:27:44   epoch 29: test_acc = 28792/50000 = 57.584000%  top5 = 41105/50000 = 82.210000%  [95% CI 57.15–58.02]
2026-09-25 01:27:44   step 0/5004: loss=2.737442
2026-09-25 01:27:45   step 1/5004: loss=2.888979
2026-09-25 01:27:45   step 2/5004: loss=3.163625
2026-09-25 01:28:09   step 100/5004: loss=2.812626
2026-09-25 01:28:33   step 200/5004: loss=2.646904
2026-09-25 01:28:57   step 300/5004: loss=2.744796
2026-09-25 01:29:21   step 400/5004: loss=2.926712
2026-09-25 01:29:45   step 500/5004: loss=3.125352
2026-09-25 01:30:09   step 600/5004: loss=3.161588
2026-09-25 01:30:33   step 700/5004: loss=3.165163
2026-09-25 01:30:57   step 800/5004: loss=3.601776
2026-09-25 01:31:21   step 900/5004: loss=2.979763
2026-09-25 01:31:46   step 1000/5004: loss=3.144886
2026-09-25 01:32:10   step 1100/5004: loss=3.038769
2026-09-25 01:32:34   step 1200/5004: loss=2.887639
2026-09-25 01:32:58   step 1300/5004: loss=3.070317
2026-09-25 01:33:23   step 1400/5004: loss=3.207879
2026-09-25 01:33:47   step 1500/5004: loss=2.999378
2026-09-25 01:34:11   step 1600/5004: loss=2.793900
2026-09-25 01:34:35   step 1700/5004: loss=3.186113
2026-09-25 01:34:59   step 1800/5004: loss=2.846521
2026-09-25 01:35:23   step 1900/5004: loss=2.758336
2026-09-25 01:35:48   step 2000/5004: loss=2.911618
2026-09-25 01:36:12   step 2100/5004: loss=2.844809
2026-09-25 01:36:36   step 2200/5004: loss=3.313138
2026-09-25 01:37:00   step 2300/5004: loss=2.773969
2026-09-25 01:37:25   step 2400/5004: loss=2.696949
2026-09-25 01:37:49   step 2500/5004: loss=3.055729
2026-09-25 01:38:13   step 2600/5004: loss=3.411101
2026-09-25 01:38:37   step 2700/5004: loss=3.038166
2026-09-25 01:39:01   step 2800/5004: loss=3.410148
2026-09-25 01:39:26   step 2900/5004: loss=2.993661
2026-09-25 01:39:50   step 3000/5004: loss=3.133422
2026-09-25 01:40:14   step 3100/5004: loss=2.916042
2026-09-25 01:40:39   step 3200/5004: loss=2.824058
2026-09-25 01:41:03   step 3300/5004: loss=2.919964
2026-09-25 01:41:27   step 3400/5004: loss=2.524351
2026-09-25 01:41:51   step 3500/5004: loss=3.059760
2026-09-25 01:42:15   step 3600/5004: loss=3.525490
2026-09-25 01:42:39   step 3700/5004: loss=2.918880
2026-09-25 01:43:03   step 3800/5004: loss=2.890505
2026-09-25 01:43:27   step 3900/5004: loss=3.042181
2026-09-25 01:43:52   step 4000/5004: loss=3.216436
2026-09-25 01:44:16   step 4100/5004: loss=2.898906
2026-09-25 01:44:40   step 4200/5004: loss=3.134747
2026-09-25 01:45:04   step 4300/5004: loss=2.901984
2026-09-25 01:45:28   step 4400/5004: loss=3.113149
2026-09-25 01:45:52   step 4500/5004: loss=3.284038
2026-09-25 01:46:17   step 4600/5004: loss=3.077933
2026-09-25 01:46:41   step 4700/5004: loss=3.180911
2026-09-25 01:47:05   step 4800/5004: loss=2.962972
2026-09-25 01:47:29   step 4900/5004: loss=2.900345
2026-09-25 01:47:53   step 5000/5004: loss=3.219768
2026-09-25 01:48:04 [pjrt_ffi] RESIDENT: @resnet50in_fwd_eval holds 267 parameter tensors (97.7 MB) on 4 devices; they stop crossing PCIe from here
2026-09-25 01:48:44 Epoch 30/90: loss=2.932546 lr=0.080132
2026-09-25 01:48:44   epoch 30: test_acc = 28119/50000 = 56.238000%  top5 = 40642/50000 = 81.284000%  [95% CI 55.80–56.67]
2026-09-25 01:48:45   step 0/5004: loss=2.952309
2026-09-25 01:48:45   step 1/5004: loss=3.126981
2026-09-25 01:48:45   step 2/5004: loss=2.996597
2026-09-25 01:49:09   step 100/5004: loss=2.425834
2026-09-25 01:49:33   step 200/5004: loss=3.007172
2026-09-25 01:49:57   step 300/5004: loss=2.776754
2026-09-25 01:50:21   step 400/5004: loss=2.686704
2026-09-25 01:50:46   step 500/5004: loss=3.571133
2026-09-25 01:51:10   step 600/5004: loss=3.116520
2026-09-25 01:51:34   step 700/5004: loss=2.672933
2026-09-25 01:51:58   step 800/5004: loss=2.947332
2026-09-25 01:52:22   step 900/5004: loss=3.060508
2026-09-25 01:52:46   step 1000/5004: loss=2.777897
2026-09-25 01:53:11   step 1100/5004: loss=3.349115
2026-09-25 01:53:35   step 1200/5004: loss=2.610703
2026-09-25 01:53:59   step 1300/5004: loss=2.957736
2026-09-25 01:54:23   step 1400/5004: loss=2.741768
2026-09-25 01:54:48   step 1500/5004: loss=3.009048
2026-09-25 01:55:12   step 1600/5004: loss=3.030034
2026-09-25 01:55:36   step 1700/5004: loss=3.381379
2026-09-25 01:56:01   step 1800/5004: loss=3.166560
2026-09-25 01:56:25   step 1900/5004: loss=2.891474
2026-09-25 01:56:49   step 2000/5004: loss=2.898310
2026-09-25 01:57:13   step 2100/5004: loss=3.327723
2026-09-25 01:57:37   step 2200/5004: loss=2.696778
2026-09-25 01:58:02   step 2300/5004: loss=3.109256
2026-09-25 01:58:28   step 2400/5004: loss=2.909287
2026-09-25 01:58:52   step 2500/5004: loss=2.839942
2026-09-25 01:59:16   step 2600/5004: loss=3.049439
2026-09-25 01:59:40   step 2700/5004: loss=2.803429
2026-09-25 02:00:04   step 2800/5004: loss=2.928088
2026-09-25 02:00:29   step 2900/5004: loss=2.914410
2026-09-25 02:00:53   step 3000/5004: loss=3.227086
2026-09-25 02:01:17   step 3100/5004: loss=2.933214
2026-09-25 02:01:41   step 3200/5004: loss=3.065604
2026-09-25 02:02:06   step 3300/5004: loss=3.107772
2026-09-25 02:02:30   step 3400/5004: loss=2.922879
2026-09-25 02:02:54   step 3500/5004: loss=3.127251
2026-09-25 02:03:18   step 3600/5004: loss=2.938468
2026-09-25 02:03:42   step 3700/5004: loss=3.120745
2026-09-25 02:04:06   step 3800/5004: loss=2.664908
2026-09-25 02:04:31   step 3900/5004: loss=3.332775
2026-09-25 02:04:55   step 4000/5004: loss=3.162220
2026-09-25 02:05:19   step 4100/5004: loss=2.525646
2026-09-25 02:05:43   step 4200/5004: loss=2.737134
2026-09-25 02:06:08   step 4300/5004: loss=3.223205
2026-09-25 02:06:32   step 4400/5004: loss=3.253560
2026-09-25 02:06:56   step 4500/5004: loss=3.256352
2026-09-25 02:07:20   step 4600/5004: loss=3.035166
2026-09-25 02:07:44   step 4700/5004: loss=2.520913
2026-09-25 02:08:09   step 4800/5004: loss=2.793858
2026-09-25 02:08:33   step 4900/5004: loss=3.013436
2026-09-25 02:08:57   step 5000/5004: loss=3.003577
2026-09-25 02:09:06 [pjrt_ffi] RESIDENT: @resnet50in_fwd_eval holds 267 parameter tensors (97.7 MB) on 4 devices; they stop crossing PCIe from here
2026-09-25 02:09:42 Epoch 31/90: loss=2.932705 lr=0.078637
2026-09-25 02:09:42   epoch 31: test_acc = 28310/50000 = 56.620000%  top5 = 40898/50000 = 81.796000%  [95% CI 56.19–57.05]
2026-09-25 02:09:43   step 0/5004: loss=2.873825
2026-09-25 02:09:43   step 1/5004: loss=3.175180
2026-09-25 02:09:43   step 2/5004: loss=2.743480
2026-09-25 02:10:08   step 100/5004: loss=2.933979
2026-09-25 02:10:32   step 200/5004: loss=2.618223
2026-09-25 02:10:57   step 300/5004: loss=2.891694
2026-09-25 02:11:21   step 400/5004: loss=2.730363
2026-09-25 02:11:45   step 500/5004: loss=3.138103
2026-09-25 02:12:09   step 600/5004: loss=2.984657
2026-09-25 02:12:33   step 700/5004: loss=2.422491
2026-09-25 02:12:57   step 800/5004: loss=3.426811
2026-09-25 02:13:22   step 900/5004: loss=3.054819
2026-09-25 02:13:46   step 1000/5004: loss=3.182333
2026-09-25 02:14:10   step 1100/5004: loss=3.019788
2026-09-25 02:14:34   step 1200/5004: loss=2.609367
2026-09-25 02:14:59   step 1300/5004: loss=3.040260
2026-09-25 02:15:23   step 1400/5004: loss=3.088334
2026-09-25 02:15:47   step 1500/5004: loss=2.830595
2026-09-25 02:16:11   step 1600/5004: loss=2.828453
2026-09-25 02:16:35   step 1700/5004: loss=2.814816
2026-09-25 02:17:00   step 1800/5004: loss=2.942236
2026-09-25 02:17:24   step 1900/5004: loss=2.698313
2026-09-25 02:17:48   step 2000/5004: loss=2.494910
2026-09-25 02:18:13   step 2100/5004: loss=3.366593
2026-09-25 02:18:37   step 2200/5004: loss=3.031805
2026-09-25 02:19:01   step 2300/5004: loss=2.972425
2026-09-25 02:19:26   step 2400/5004: loss=3.003375
2026-09-25 02:19:51   step 2500/5004: loss=2.908351
2026-09-25 02:20:15   step 2600/5004: loss=2.884553
2026-09-25 02:20:39   step 2700/5004: loss=2.757803
2026-09-25 02:21:03   step 2800/5004: loss=2.837602
2026-09-25 02:21:28   step 2900/5004: loss=3.139115
2026-09-25 02:21:52   step 3000/5004: loss=2.631398
2026-09-25 02:22:16   step 3100/5004: loss=2.777267
2026-09-25 02:22:41   step 3200/5004: loss=2.909667
2026-09-25 02:23:05   step 3300/5004: loss=2.586744
2026-09-25 02:23:30   step 3400/5004: loss=3.129830
2026-09-25 02:23:54   step 3500/5004: loss=3.010770
2026-09-25 02:24:18   step 3600/5004: loss=2.817209
2026-09-25 02:24:42   step 3700/5004: loss=2.803211
2026-09-25 02:25:06   step 3800/5004: loss=2.782027
2026-09-25 02:25:31   step 3900/5004: loss=3.251204
2026-09-25 02:25:55   step 4000/5004: loss=2.624141
2026-09-25 02:26:19   step 4100/5004: loss=3.100658
2026-09-25 02:26:43   step 4200/5004: loss=2.938249
2026-09-25 02:27:07   step 4300/5004: loss=3.340505
2026-09-25 02:27:31   step 4400/5004: loss=2.729717
2026-09-25 02:27:56   step 4500/5004: loss=2.873858
2026-09-25 02:28:20   step 4600/5004: loss=2.678128
2026-09-25 02:28:44   step 4700/5004: loss=3.239608
2026-09-25 02:29:08   step 4800/5004: loss=3.026378
2026-09-25 02:29:32   step 4900/5004: loss=3.297667
2026-09-25 02:29:56   step 5000/5004: loss=2.823695
2026-09-25 02:30:06 [pjrt_ffi] RESIDENT: @resnet50in_fwd_eval holds 267 parameter tensors (97.7 MB) on 4 devices; they stop crossing PCIe from here
2026-09-25 02:30:48 Epoch 32/90: loss=2.920458 lr=0.077103
2026-09-25 02:30:48   epoch 32: test_acc = 29017/50000 = 58.034000%  top5 = 41041/50000 = 82.082000%  [95% CI 57.60–58.47]
2026-09-25 02:30:48   step 0/5004: loss=2.691354
2026-09-25 02:30:48   step 1/5004: loss=2.754665
2026-09-25 02:30:49   step 2/5004: loss=3.126435
2026-09-25 02:31:14   step 100/5004: loss=2.664459
2026-09-25 02:31:38   step 200/5004: loss=2.782486
2026-09-25 02:32:02   step 300/5004: loss=3.030821
2026-09-25 02:32:26   step 400/5004: loss=2.971892
2026-09-25 02:32:50   step 500/5004: loss=3.231585
2026-09-25 02:33:14   step 600/5004: loss=2.911318
2026-09-25 02:33:38   step 700/5004: loss=2.855319
2026-09-25 02:34:02   step 800/5004: loss=2.811950
2026-09-25 02:34:26   step 900/5004: loss=3.328261
2026-09-25 02:34:50   step 1000/5004: loss=3.083772
2026-09-25 02:35:14   step 1100/5004: loss=3.074471
2026-09-25 02:35:39   step 1200/5004: loss=3.063046
2026-09-25 02:36:03   step 1300/5004: loss=3.273343
2026-09-25 02:36:27   step 1400/5004: loss=2.891909
2026-09-25 02:36:51   step 1500/5004: loss=2.709106
2026-09-25 02:37:15   step 1600/5004: loss=2.908435
2026-09-25 02:37:39   step 1700/5004: loss=2.956446
2026-09-25 02:38:03   step 1800/5004: loss=3.310384
2026-09-25 02:38:27   step 1900/5004: loss=2.899117
2026-09-25 02:38:52   step 2000/5004: loss=2.902207
2026-09-25 02:39:16   step 2100/5004: loss=2.904821
2026-09-25 02:39:41   step 2200/5004: loss=2.569525
2026-09-25 02:40:05   step 2300/5004: loss=3.099874
2026-09-25 02:40:29   step 2400/5004: loss=3.513669
2026-09-25 02:40:53   step 2500/5004: loss=2.584981
2026-09-25 02:41:17   step 2600/5004: loss=2.665458
2026-09-25 02:41:41   step 2700/5004: loss=3.074727
2026-09-25 02:42:06   step 2800/5004: loss=2.593590
2026-09-25 02:42:30   step 2900/5004: loss=2.863812
2026-09-25 02:42:54   step 3000/5004: loss=2.890778
2026-09-25 02:43:18   step 3100/5004: loss=2.860334
2026-09-25 02:43:43   step 3200/5004: loss=2.671925
2026-09-25 02:44:07   step 3300/5004: loss=2.627553
2026-09-25 02:44:31   step 3400/5004: loss=2.751469
2026-09-25 02:44:55   step 3500/5004: loss=3.115951
2026-09-25 02:45:19   step 3600/5004: loss=2.887160
2026-09-25 02:45:43   step 3700/5004: loss=2.550887
2026-09-25 02:46:07   step 3800/5004: loss=2.645653
2026-09-25 02:46:31   step 3900/5004: loss=3.237075
2026-09-25 02:46:55   step 4000/5004: loss=3.096391
2026-09-25 02:47:19   step 4100/5004: loss=2.721203
2026-09-25 02:47:44   step 4200/5004: loss=2.787883
2026-09-25 02:48:08   step 4300/5004: loss=2.595217
2026-09-25 02:48:32   step 4400/5004: loss=2.562713
2026-09-25 02:48:56   step 4500/5004: loss=2.742594
2026-09-25 02:49:20   step 4600/5004: loss=3.110219
2026-09-25 02:49:44   step 4700/5004: loss=2.704229
2026-09-25 02:50:08   step 4800/5004: loss=2.986214
2026-09-25 02:50:33   step 4900/5004: loss=2.615237
2026-09-25 02:50:57   step 5000/5004: loss=2.898333
2026-09-25 02:51:06 [pjrt_ffi] RESIDENT: @resnet50in_fwd_eval holds 267 parameter tensors (97.7 MB) on 4 devices; they stop crossing PCIe from here
2026-09-25 02:51:46 Epoch 33/90: loss=2.911467 lr=0.075532
2026-09-25 02:51:46   epoch 33: test_acc = 28482/50000 = 56.964000%  top5 = 40775/50000 = 81.550000%  [95% CI 56.53–57.40]
2026-09-25 02:51:47   step 0/5004: loss=2.906052
2026-09-25 02:51:47   step 1/5004: loss=2.650568
2026-09-25 02:51:47   step 2/5004: loss=3.385412
2026-09-25 02:52:11   step 100/5004: loss=2.893666
2026-09-25 02:52:35   step 200/5004: loss=2.675909
2026-09-25 02:52:59   step 300/5004: loss=3.291756
2026-09-25 02:53:24   step 400/5004: loss=2.767965
2026-09-25 02:53:48   step 500/5004: loss=2.728138
2026-09-25 02:54:12   step 600/5004: loss=3.102284
2026-09-25 02:54:36   step 700/5004: loss=2.787657
2026-09-25 02:55:00   step 800/5004: loss=2.613831
2026-09-25 02:55:24   step 900/5004: loss=2.583085
2026-09-25 02:55:49   step 1000/5004: loss=3.050755
2026-09-25 02:56:13   step 1100/5004: loss=3.018079
2026-09-25 02:56:37   step 1200/5004: loss=3.167115
2026-09-25 02:57:01   step 1300/5004: loss=2.945284
2026-09-25 02:57:25   step 1400/5004: loss=3.004295
2026-09-25 02:57:50   step 1500/5004: loss=2.817395
2026-09-25 02:58:14   step 1600/5004: loss=2.984674
2026-09-25 02:58:38   step 1700/5004: loss=2.762497
2026-09-25 02:59:02   step 1800/5004: loss=3.346062
2026-09-25 02:59:26   step 1900/5004: loss=3.265313
2026-09-25 02:59:50   step 2000/5004: loss=2.680563
2026-09-25 03:00:15   step 2100/5004: loss=2.622015
2026-09-25 03:00:39   step 2200/5004: loss=2.642937
2026-09-25 03:01:03   step 2300/5004: loss=2.847928
2026-09-25 03:01:27   step 2400/5004: loss=2.759004
2026-09-25 03:01:52   step 2500/5004: loss=2.736800
2026-09-25 03:02:16   step 2600/5004: loss=3.114321
2026-09-25 03:02:40   step 2700/5004: loss=2.699170
2026-09-25 03:03:04   step 2800/5004: loss=3.210046
2026-09-25 03:03:28   step 2900/5004: loss=2.810743
2026-09-25 03:03:53   step 3000/5004: loss=2.750165
2026-09-25 03:04:17   step 3100/5004: loss=2.694538
2026-09-25 03:04:41   step 3200/5004: loss=2.973060
2026-09-25 03:05:05   step 3300/5004: loss=2.745322
2026-09-25 03:05:29   step 3400/5004: loss=2.861296
2026-09-25 03:05:54   step 3500/5004: loss=2.689486
2026-09-25 03:06:18   step 3600/5004: loss=2.772075
2026-09-25 03:06:42   step 3700/5004: loss=2.598917
2026-09-25 03:07:06   step 3800/5004: loss=2.580381
2026-09-25 03:07:30   step 3900/5004: loss=2.844526
2026-09-25 03:07:55   step 4000/5004: loss=2.872625
2026-09-25 03:08:19   step 4100/5004: loss=2.702712
2026-09-25 03:08:43   step 4200/5004: loss=2.775828
2026-09-25 03:09:07   step 4300/5004: loss=3.156032
2026-09-25 03:09:31   step 4400/5004: loss=3.108196
2026-09-25 03:09:56   step 4500/5004: loss=2.722394
2026-09-25 03:10:20   step 4600/5004: loss=2.669730
2026-09-25 03:10:44   step 4700/5004: loss=3.066702
2026-09-25 03:11:08   step 4800/5004: loss=3.124311
2026-09-25 03:11:32   step 4900/5004: loss=2.276690
2026-09-25 03:11:56   step 5000/5004: loss=2.917643
2026-09-25 03:12:04 [pjrt_ffi] RESIDENT: @resnet50in_fwd_eval holds 267 parameter tensors (97.7 MB) on 4 devices; they stop crossing PCIe from here
2026-09-25 03:12:41 Epoch 34/90: loss=2.895601 lr=0.073926
2026-09-25 03:12:41   epoch 34: test_acc = 28916/50000 = 57.832000%  top5 = 41202/50000 = 82.404000%  [95% CI 57.40–58.26]
2026-09-25 03:12:41   step 0/5004: loss=3.097172
2026-09-25 03:12:41   step 1/5004: loss=2.912962
2026-09-25 03:12:42   step 2/5004: loss=2.998602
2026-09-25 03:13:05   step 100/5004: loss=2.761593
2026-09-25 03:13:29   step 200/5004: loss=3.323812
2026-09-25 03:13:53   step 300/5004: loss=2.836472
2026-09-25 03:14:17   step 400/5004: loss=2.734620
2026-09-25 03:14:42   step 500/5004: loss=2.908310
2026-09-25 03:15:06   step 600/5004: loss=2.917025
2026-09-25 03:15:30   step 700/5004: loss=2.697657
2026-09-25 03:15:54   step 800/5004: loss=3.124729
2026-09-25 03:16:18   step 900/5004: loss=3.078598
2026-09-25 03:16:42   step 1000/5004: loss=3.105792
2026-09-25 03:17:06   step 1100/5004: loss=2.713806
2026-09-25 03:17:31   step 1200/5004: loss=2.864734
2026-09-25 03:17:55   step 1300/5004: loss=3.248860
2026-09-25 03:18:19   step 1400/5004: loss=2.668283
2026-09-25 03:18:43   step 1500/5004: loss=2.987859
2026-09-25 03:19:07   step 1600/5004: loss=2.930276
2026-09-25 03:19:32   step 1700/5004: loss=2.908510
2026-09-25 03:19:56   step 1800/5004: loss=2.920738
2026-09-25 03:20:20   step 1900/5004: loss=2.603426
2026-09-25 03:20:44   step 2000/5004: loss=3.094230
2026-09-25 03:21:08   step 2100/5004: loss=2.831047
2026-09-25 03:21:33   step 2200/5004: loss=2.857291
2026-09-25 03:21:57   step 2300/5004: loss=3.129554
2026-09-25 03:22:21   step 2400/5004: loss=3.003980
2026-09-25 03:22:45   step 2500/5004: loss=2.933840
2026-09-25 03:23:09   step 2600/5004: loss=2.905698
2026-09-25 03:23:33   step 2700/5004: loss=3.241276
2026-09-25 03:23:58   step 2800/5004: loss=2.782567
2026-09-25 03:24:22   step 2900/5004: loss=2.898217
2026-09-25 03:24:46   step 3000/5004: loss=2.848467
2026-09-25 03:25:11   step 3100/5004: loss=2.871146
2026-09-25 03:25:35   step 3200/5004: loss=2.693914
2026-09-25 03:25:59   step 3300/5004: loss=2.700531
2026-09-25 03:26:23   step 3400/5004: loss=2.841685
2026-09-25 03:26:47   step 3500/5004: loss=2.705956
2026-09-25 03:27:11   step 3600/5004: loss=2.631714
2026-09-25 03:27:35   step 3700/5004: loss=3.076409
2026-09-25 03:27:59   step 3800/5004: loss=2.765005
2026-09-25 03:28:24   step 3900/5004: loss=2.981318
2026-09-25 03:28:48   step 4000/5004: loss=3.054125
2026-09-25 03:29:12   step 4100/5004: loss=2.736559
2026-09-25 03:29:36   step 4200/5004: loss=2.966797
2026-09-25 03:30:00   step 4300/5004: loss=2.918709
2026-09-25 03:30:24   step 4400/5004: loss=2.857330
2026-09-25 03:30:49   step 4500/5004: loss=3.057994
2026-09-25 03:31:13   step 4600/5004: loss=2.874673
2026-09-25 03:31:37   step 4700/5004: loss=3.042865
2026-09-25 03:32:01   step 4800/5004: loss=2.652372
2026-09-25 03:32:25   step 4900/5004: loss=2.891900
2026-09-25 03:32:49   step 5000/5004: loss=2.729186
2026-09-25 03:32:58 [pjrt_ffi] RESIDENT: @resnet50in_fwd_eval holds 267 parameter tensors (97.7 MB) on 4 devices; they stop crossing PCIe from here
2026-09-25 03:33:36 Epoch 35/90: loss=2.888916 lr=0.072287
2026-09-25 03:33:36   epoch 35: test_acc = 29369/50000 = 58.738000%  top5 = 41404/50000 = 82.808000%  [95% CI 58.31–59.17]
2026-09-25 03:33:37   step 0/5004: loss=2.560118
2026-09-25 03:33:37   step 1/5004: loss=3.103528
2026-09-25 03:33:37   step 2/5004: loss=2.544683
2026-09-25 03:34:02   step 100/5004: loss=2.633580
2026-09-25 03:34:26   step 200/5004: loss=2.907600
2026-09-25 03:34:50   step 300/5004: loss=2.777606
2026-09-25 03:35:14   step 400/5004: loss=3.333040
2026-09-25 03:35:38   step 500/5004: loss=2.840046
2026-09-25 03:36:02   step 600/5004: loss=2.837448
2026-09-25 03:36:27   step 700/5004: loss=3.049288
2026-09-25 03:36:51   step 800/5004: loss=2.958382
2026-09-25 03:37:16   step 900/5004: loss=2.668652
2026-09-25 03:37:40   step 1000/5004: loss=3.248834
2026-09-25 03:38:04   step 1100/5004: loss=2.882388
2026-09-25 03:38:28   step 1200/5004: loss=2.693722
2026-09-25 03:38:52   step 1300/5004: loss=2.997771
2026-09-25 03:39:16   step 1400/5004: loss=2.803942
2026-09-25 03:39:40   step 1500/5004: loss=2.618564
2026-09-25 03:40:04   step 1600/5004: loss=2.915107
2026-09-25 03:40:28   step 1700/5004: loss=3.015122
2026-09-25 03:40:53   step 1800/5004: loss=3.025097
2026-09-25 03:41:17   step 1900/5004: loss=2.551646
2026-09-25 03:41:41   step 2000/5004: loss=2.830542
2026-09-25 03:42:05   step 2100/5004: loss=2.557037
2026-09-25 03:42:30   step 2200/5004: loss=3.007124
2026-09-25 03:42:54   step 2300/5004: loss=2.598176
2026-09-25 03:43:19   step 2400/5004: loss=2.897439
2026-09-25 03:43:43   step 2500/5004: loss=2.941711
2026-09-25 03:44:07   step 2600/5004: loss=2.757470
2026-09-25 03:44:31   step 2700/5004: loss=2.964330
2026-09-25 03:44:55   step 2800/5004: loss=3.201904
2026-09-25 03:45:20   step 2900/5004: loss=2.958888
2026-09-25 03:45:44   step 3000/5004: loss=3.088371
2026-09-25 03:46:08   step 3100/5004: loss=2.707023
2026-09-25 03:46:32   step 3200/5004: loss=2.994377
2026-09-25 03:46:56   step 3300/5004: loss=2.727991
2026-09-25 03:47:20   step 3400/5004: loss=2.642953
2026-09-25 03:47:45   step 3500/5004: loss=3.245412
2026-09-25 03:48:09   step 3600/5004: loss=2.495283
2026-09-25 03:48:33   step 3700/5004: loss=2.924969
2026-09-25 03:48:57   step 3800/5004: loss=2.853816
2026-09-25 03:49:22   step 3900/5004: loss=2.782333
2026-09-25 03:49:46   step 4000/5004: loss=2.835278
2026-09-25 03:50:10   step 4100/5004: loss=2.798045
2026-09-25 03:50:34   step 4200/5004: loss=2.830227
2026-09-25 03:50:58   step 4300/5004: loss=3.014665
2026-09-25 03:51:22   step 4400/5004: loss=2.889327
2026-09-25 03:51:47   step 4500/5004: loss=2.805856
2026-09-25 03:52:11   step 4600/5004: loss=2.717515
2026-09-25 03:52:35   step 4700/5004: loss=3.097041
2026-09-25 03:52:59   step 4800/5004: loss=2.583917
2026-09-25 03:53:23   step 4900/5004: loss=2.913842
2026-09-25 03:53:47   step 5000/5004: loss=2.720377
2026-09-25 03:53:58 [pjrt_ffi] RESIDENT: @resnet50in_fwd_eval holds 267 parameter tensors (97.7 MB) on 4 devices; they stop crossing PCIe from here
2026-09-25 03:54:37 Epoch 36/90: loss=2.873959 lr=0.070618
2026-09-25 03:54:37   epoch 36: test_acc = 29014/50000 = 58.028000%  top5 = 41222/50000 = 82.444000%  [95% CI 57.59–58.46]
2026-09-25 03:54:38   step 0/5004: loss=2.800541
2026-09-25 03:54:38   step 1/5004: loss=2.898666
2026-09-25 03:54:38   step 2/5004: loss=3.290296
2026-09-25 03:55:02   step 100/5004: loss=2.900519
2026-09-25 03:55:26   step 200/5004: loss=2.719459
2026-09-25 03:55:50   step 300/5004: loss=2.677331
2026-09-25 03:56:14   step 400/5004: loss=2.859021
2026-09-25 03:56:39   step 500/5004: loss=2.540769
2026-09-25 03:57:03   step 600/5004: loss=2.897638
2026-09-25 03:57:27   step 700/5004: loss=2.688609
2026-09-25 03:57:51   step 800/5004: loss=2.799662
2026-09-25 03:58:15   step 900/5004: loss=2.674913
2026-09-25 03:58:39   step 1000/5004: loss=3.071046
2026-09-25 03:59:03   step 1100/5004: loss=3.187241
2026-09-25 03:59:28   step 1200/5004: loss=3.110086
2026-09-25 03:59:52   step 1300/5004: loss=2.625808
2026-09-25 04:00:16   step 1400/5004: loss=2.508275
2026-09-25 04:00:40   step 1500/5004: loss=2.726573
2026-09-25 04:01:04   step 1600/5004: loss=2.780010
2026-09-25 04:01:28   step 1700/5004: loss=3.080374
2026-09-25 04:01:53   step 1800/5004: loss=3.076044
2026-09-25 04:02:17   step 1900/5004: loss=2.606593
2026-09-25 04:02:41   step 2000/5004: loss=2.665629
2026-09-25 04:03:05   step 2100/5004: loss=2.513088
2026-09-25 04:03:30   step 2200/5004: loss=2.553933
2026-09-25 04:03:54   step 2300/5004: loss=3.028256
2026-09-25 04:04:18   step 2400/5004: loss=2.661476
2026-09-25 04:04:42   step 2500/5004: loss=2.847473
2026-09-25 04:05:06   step 2600/5004: loss=2.726673
2026-09-25 04:05:31   step 2700/5004: loss=3.041559
2026-09-25 04:05:55   step 2800/5004: loss=2.960896
2026-09-25 04:06:19   step 2900/5004: loss=2.422796
2026-09-25 04:06:44   step 3000/5004: loss=3.143729
2026-09-25 04:07:08   step 3100/5004: loss=2.665973
2026-09-25 04:07:32   step 3200/5004: loss=2.956497
2026-09-25 04:07:56   step 3300/5004: loss=2.407918
2026-09-25 04:08:21   step 3400/5004: loss=2.991310
2026-09-25 04:08:45   step 3500/5004: loss=2.667313
2026-09-25 04:09:09   step 3600/5004: loss=2.812637
2026-09-25 04:09:33   step 3700/5004: loss=2.687121
2026-09-25 04:09:57   step 3800/5004: loss=3.058588
2026-09-25 04:10:21   step 3900/5004: loss=3.019062
2026-09-25 04:10:46   step 4000/5004: loss=2.913374
2026-09-25 04:11:10   step 4100/5004: loss=3.243664
2026-09-25 04:11:34   step 4200/5004: loss=3.165734
2026-09-25 04:11:59   step 4300/5004: loss=2.713947
2026-09-25 04:12:23   step 4400/5004: loss=2.570845
2026-09-25 04:12:47   step 4500/5004: loss=3.003326
2026-09-25 04:13:11   step 4600/5004: loss=2.988209
2026-09-25 04:13:35   step 4700/5004: loss=3.060953
2026-09-25 04:14:00   step 4800/5004: loss=2.779598
2026-09-25 04:14:24   step 4900/5004: loss=2.644083
2026-09-25 04:14:48   step 5000/5004: loss=2.836863
2026-09-25 04:14:57 [pjrt_ffi] RESIDENT: @resnet50in_fwd_eval holds 267 parameter tensors (97.7 MB) on 4 devices; they stop crossing PCIe from here
2026-09-25 04:15:38 Epoch 37/90: loss=2.866483 lr=0.068921
2026-09-25 04:15:38   epoch 37: test_acc = 29712/50000 = 59.424000%  top5 = 41585/50000 = 83.170000%  [95% CI 58.99–59.85]
2026-09-25 04:15:38   step 0/5004: loss=2.741013
2026-09-25 04:15:39   step 1/5004: loss=2.877512
2026-09-25 04:15:39   step 2/5004: loss=2.740958
2026-09-25 04:16:03   step 100/5004: loss=2.749254
2026-09-25 04:16:27   step 200/5004: loss=3.021641
2026-09-25 04:16:51   step 300/5004: loss=2.550785
2026-09-25 04:17:15   step 400/5004: loss=3.256545
2026-09-25 04:17:39   step 500/5004: loss=2.814577
2026-09-25 04:18:03   step 600/5004: loss=2.693070
2026-09-25 04:18:27   step 700/5004: loss=3.023899
2026-09-25 04:18:51   step 800/5004: loss=3.101852
2026-09-25 04:19:15   step 900/5004: loss=3.114614
2026-09-25 04:19:39   step 1000/5004: loss=2.669465
2026-09-25 04:20:04   step 1100/5004: loss=3.090707
2026-09-25 04:20:28   step 1200/5004: loss=2.849964
2026-09-25 04:20:52   step 1300/5004: loss=2.616236
2026-09-25 04:21:16   step 1400/5004: loss=2.549125
2026-09-25 04:21:40   step 1500/5004: loss=2.530477
2026-09-25 04:22:04   step 1600/5004: loss=3.004741
2026-09-25 04:22:29   step 1700/5004: loss=2.472614
2026-09-25 04:22:53   step 1800/5004: loss=2.745568
2026-09-25 04:23:17   step 1900/5004: loss=2.716029
2026-09-25 04:23:41   step 2000/5004: loss=3.019904
2026-09-25 04:24:05   step 2100/5004: loss=2.552935
2026-09-25 04:24:29   step 2200/5004: loss=2.865018
2026-09-25 04:24:54   step 2300/5004: loss=3.027833
2026-09-25 04:25:18   step 2400/5004: loss=3.146660
2026-09-25 04:25:42   step 2500/5004: loss=2.818438
2026-09-25 04:26:06   step 2600/5004: loss=2.559342
2026-09-25 04:26:31   step 2700/5004: loss=3.091054
2026-09-25 04:26:55   step 2800/5004: loss=2.979585
2026-09-25 04:27:19   step 2900/5004: loss=3.130794
2026-09-25 04:27:43   step 3000/5004: loss=2.782977
2026-09-25 04:28:08   step 3100/5004: loss=3.121538
2026-09-25 04:28:32   step 3200/5004: loss=2.604474
2026-09-25 04:28:56   step 3300/5004: loss=3.017987
2026-09-25 04:29:20   step 3400/5004: loss=2.743760
2026-09-25 04:29:44   step 3500/5004: loss=3.148437
2026-09-25 04:30:08   step 3600/5004: loss=2.719625
2026-09-25 04:30:33   step 3700/5004: loss=2.857607
2026-09-25 04:30:57   step 3800/5004: loss=2.687436
2026-09-25 04:31:21   step 3900/5004: loss=2.902988
2026-09-25 04:31:45   step 4000/5004: loss=2.654612
2026-09-25 04:32:10   step 4100/5004: loss=2.785561
2026-09-25 04:32:34   step 4200/5004: loss=2.927544
2026-09-25 04:33:00   step 4300/5004: loss=2.920538
2026-09-25 04:33:24   step 4400/5004: loss=2.684616
2026-09-25 04:33:48   step 4500/5004: loss=2.631327
2026-09-25 04:34:13   step 4600/5004: loss=2.832483
2026-09-25 04:34:37   step 4700/5004: loss=2.890373
2026-09-25 04:35:01   step 4800/5004: loss=2.952775
2026-09-25 04:35:25   step 4900/5004: loss=2.802979
2026-09-25 04:35:50   step 5000/5004: loss=2.675041
2026-09-25 04:35:58 [pjrt_ffi] RESIDENT: @resnet50in_fwd_eval holds 267 parameter tensors (97.7 MB) on 4 devices; they stop crossing PCIe from here
2026-09-25 04:36:42 Epoch 38/90: loss=2.855399 lr=0.067197
2026-09-25 04:36:42   epoch 38: test_acc = 29911/50000 = 59.822000%  top5 = 41789/50000 = 83.578000%  [95% CI 59.39–60.25]
2026-09-25 04:36:42   step 0/5004: loss=2.708581
2026-09-25 04:36:42   step 1/5004: loss=2.971514
2026-09-25 04:36:43   step 2/5004: loss=3.118722
2026-09-25 04:37:07   step 100/5004: loss=2.629720
2026-09-25 04:37:31   step 200/5004: loss=2.454841
2026-09-25 04:37:55   step 300/5004: loss=2.974075
2026-09-25 04:38:19   step 400/5004: loss=2.738929
2026-09-25 04:38:43   step 500/5004: loss=2.863060
2026-09-25 04:39:07   step 600/5004: loss=2.829973
2026-09-25 04:39:31   step 700/5004: loss=2.894674
2026-09-25 04:39:56   step 800/5004: loss=2.806125
2026-09-25 04:40:20   step 900/5004: loss=3.171822
2026-09-25 04:40:44   step 1000/5004: loss=2.883932
2026-09-25 04:41:08   step 1100/5004: loss=3.137975
2026-09-25 04:41:32   step 1200/5004: loss=2.865371
2026-09-25 04:41:56   step 1300/5004: loss=3.023382
2026-09-25 04:42:20   step 1400/5004: loss=2.508306
2026-09-25 04:42:44   step 1500/5004: loss=2.767218
2026-09-25 04:43:09   step 1600/5004: loss=2.800318
2026-09-25 04:43:33   step 1700/5004: loss=2.791607
2026-09-25 04:43:57   step 1800/5004: loss=3.015177
2026-09-25 04:44:21   step 1900/5004: loss=2.768787
2026-09-25 04:44:45   step 2000/5004: loss=2.852728
2026-09-25 04:45:09   step 2100/5004: loss=2.454198
2026-09-25 04:45:33   step 2200/5004: loss=3.185726
2026-09-25 04:45:57   step 2300/5004: loss=2.568888
2026-09-25 04:46:21   step 2400/5004: loss=2.851274
2026-09-25 04:46:46   step 2500/5004: loss=2.790247
2026-09-25 04:47:10   step 2600/5004: loss=2.927507
2026-09-25 04:47:34   step 2700/5004: loss=2.659014
2026-09-25 04:47:58   step 2800/5004: loss=2.742056
2026-09-25 04:48:22   step 2900/5004: loss=3.342295
2026-09-25 04:48:49   step 3000/5004: loss=2.415689
2026-09-25 04:49:13   step 3100/5004: loss=2.977412
2026-09-25 04:49:37   step 3200/5004: loss=2.900764
2026-09-25 04:50:01   step 3300/5004: loss=2.594058
2026-09-25 04:50:26   step 3400/5004: loss=3.069116
2026-09-25 04:50:50   step 3500/5004: loss=3.129492
2026-09-25 04:51:14   step 3600/5004: loss=3.688766
2026-09-25 04:51:38   step 3700/5004: loss=2.715066
2026-09-25 04:52:02   step 3800/5004: loss=3.044140
2026-09-25 04:52:27   step 3900/5004: loss=2.918073
2026-09-25 04:52:51   step 4000/5004: loss=2.723173
2026-09-25 04:53:15   step 4100/5004: loss=2.856354
2026-09-25 04:53:39   step 4200/5004: loss=2.635840
2026-09-25 04:54:04   step 4300/5004: loss=3.081100
2026-09-25 04:54:28   step 4400/5004: loss=2.897719
2026-09-25 04:54:52   step 4500/5004: loss=2.807661
2026-09-25 04:55:17   step 4600/5004: loss=2.811489
2026-09-25 04:55:41   step 4700/5004: loss=3.076612
2026-09-25 04:56:06   step 4800/5004: loss=2.643336
2026-09-25 04:56:30   step 4900/5004: loss=2.524354
2026-09-25 04:56:54   step 5000/5004: loss=3.175590
2026-09-25 04:57:03 [pjrt_ffi] RESIDENT: @resnet50in_fwd_eval holds 267 parameter tensors (97.7 MB) on 4 devices; they stop crossing PCIe from here
2026-09-25 04:57:43 Epoch 39/90: loss=2.839805 lr=0.065451
2026-09-25 04:57:43   epoch 39: test_acc = 29270/50000 = 58.540000%  top5 = 41312/50000 = 82.624000%  [95% CI 58.11–58.97]
2026-09-25 04:57:44   step 0/5004: loss=2.751063
2026-09-25 04:57:44   step 1/5004: loss=2.647570
2026-09-25 04:57:44   step 2/5004: loss=3.041033
2026-09-25 04:58:09   step 100/5004: loss=2.926007
2026-09-25 04:58:33   step 200/5004: loss=2.553086
2026-09-25 04:58:57   step 300/5004: loss=3.010991
2026-09-25 04:59:21   step 400/5004: loss=2.605811
2026-09-25 04:59:45   step 500/5004: loss=2.950383
2026-09-25 05:00:10   step 600/5004: loss=2.931509
2026-09-25 05:00:34   step 700/5004: loss=2.876914
2026-09-25 05:00:58   step 800/5004: loss=2.893386
2026-09-25 05:01:22   step 900/5004: loss=2.927517
2026-09-25 05:01:46   step 1000/5004: loss=2.742168
2026-09-25 05:02:10   step 1100/5004: loss=2.710817
2026-09-25 05:02:34   step 1200/5004: loss=2.577457
2026-09-25 05:02:58   step 1300/5004: loss=2.943265
2026-09-25 05:03:23   step 1400/5004: loss=3.301046
2026-09-25 05:03:47   step 1500/5004: loss=2.581733
2026-09-25 05:04:11   step 1600/5004: loss=2.864784
2026-09-25 05:04:35   step 1700/5004: loss=2.697876
2026-09-25 05:04:59   step 1800/5004: loss=2.597176
2026-09-25 05:05:24   step 1900/5004: loss=2.773370
2026-09-25 05:05:48   step 2000/5004: loss=2.280359
2026-09-25 05:06:12   step 2100/5004: loss=2.594582
2026-09-25 05:06:36   step 2200/5004: loss=3.495769
2026-09-25 05:07:01   step 2300/5004: loss=3.107973
2026-09-25 05:07:25   step 2400/5004: loss=3.413841
2026-09-25 05:07:49   step 2500/5004: loss=2.693856
2026-09-25 05:08:13   step 2600/5004: loss=3.025581
2026-09-25 05:08:38   step 2700/5004: loss=2.854065
2026-09-25 05:09:02   step 2800/5004: loss=2.636952
2026-09-25 05:09:26   step 2900/5004: loss=2.571785
2026-09-25 05:09:50   step 3000/5004: loss=2.985154
2026-09-25 05:10:15   step 3100/5004: loss=2.860761
2026-09-25 05:10:39   step 3200/5004: loss=2.907290
2026-09-25 05:11:03   step 3300/5004: loss=2.462848
2026-09-25 05:11:27   step 3400/5004: loss=2.582085
2026-09-25 05:11:51   step 3500/5004: loss=3.052853
2026-09-25 05:12:16   step 3600/5004: loss=3.002963
2026-09-25 05:12:40   step 3700/5004: loss=2.866897
2026-09-25 05:13:04   step 3800/5004: loss=3.219210
2026-09-25 05:13:29   step 3900/5004: loss=2.906333
2026-09-25 05:13:53   step 4000/5004: loss=3.194080
2026-09-25 05:14:17   step 4100/5004: loss=3.137487
2026-09-25 05:14:41   step 4200/5004: loss=2.932179
2026-09-25 05:15:05   step 4300/5004: loss=2.701394
2026-09-25 05:15:30   step 4400/5004: loss=2.888535
2026-09-25 05:15:54   step 4500/5004: loss=2.704509
2026-09-25 05:16:18   step 4600/5004: loss=2.554002
2026-09-25 05:16:42   step 4700/5004: loss=2.804327
2026-09-25 05:17:07   step 4800/5004: loss=2.494399
2026-09-25 05:17:31   step 4900/5004: loss=3.085767
2026-09-25 05:17:55   step 5000/5004: loss=2.551377
2026-09-25 05:18:05 [pjrt_ffi] RESIDENT: @resnet50in_fwd_eval holds 267 parameter tensors (97.7 MB) on 4 devices; they stop crossing PCIe from here
2026-09-25 05:18:43 Epoch 40/90: loss=2.830003 lr=0.063683
2026-09-25 05:18:43   epoch 40: test_acc = 29227/50000 = 58.454000%  top5 = 41174/50000 = 82.348000%  [95% CI 58.02–58.89]
2026-09-25 05:18:44   step 0/5004: loss=3.185673
2026-09-25 05:18:44   step 1/5004: loss=2.795213
2026-09-25 05:18:44   step 2/5004: loss=2.755532
2026-09-25 05:19:08   step 100/5004: loss=2.939196
2026-09-25 05:19:32   step 200/5004: loss=3.050446
2026-09-25 05:19:56   step 300/5004: loss=2.836922
2026-09-25 05:20:20   step 400/5004: loss=3.194436
2026-09-25 05:20:44   step 500/5004: loss=3.323269
2026-09-25 05:21:09   step 600/5004: loss=3.066149
2026-09-25 05:21:33   step 700/5004: loss=2.644642
2026-09-25 05:21:57   step 800/5004: loss=3.030965
2026-09-25 05:22:21   step 900/5004: loss=2.670472
2026-09-25 05:22:45   step 1000/5004: loss=2.604517
2026-09-25 05:23:09   step 1100/5004: loss=2.596352
2026-09-25 05:23:33   step 1200/5004: loss=3.063807
2026-09-25 05:23:57   step 1300/5004: loss=3.101919
2026-09-25 05:24:21   step 1400/5004: loss=2.565583
2026-09-25 05:24:45   step 1500/5004: loss=2.562575
2026-09-25 05:25:10   step 1600/5004: loss=2.463506
2026-09-25 05:25:34   step 1700/5004: loss=2.637776
2026-09-25 05:25:58   step 1800/5004: loss=3.153320
2026-09-25 05:26:22   step 1900/5004: loss=3.107582
2026-09-25 05:26:46   step 2000/5004: loss=2.882618
2026-09-25 05:27:10   step 2100/5004: loss=2.726237
2026-09-25 05:27:35   step 2200/5004: loss=2.457165
2026-09-25 05:27:59   step 2300/5004: loss=2.844128
2026-09-25 05:28:23   step 2400/5004: loss=2.952706
2026-09-25 05:28:47   step 2500/5004: loss=2.561538
2026-09-25 05:29:12   step 2600/5004: loss=2.868548
2026-09-25 05:29:36   step 2700/5004: loss=2.502308
2026-09-25 05:30:00   step 2800/5004: loss=2.786192
2026-09-25 05:30:24   step 2900/5004: loss=2.786049
2026-09-25 05:30:48   step 3000/5004: loss=2.900398
2026-09-25 05:31:13   step 3100/5004: loss=2.588354
2026-09-25 05:31:37   step 3200/5004: loss=2.483885
2026-09-25 05:32:01   step 3300/5004: loss=2.643235
2026-09-25 05:32:26   step 3400/5004: loss=3.032384
2026-09-25 05:32:50   step 3500/5004: loss=2.881374
2026-09-25 05:33:14   step 3600/5004: loss=2.540757
2026-09-25 05:33:38   step 3700/5004: loss=2.743156
2026-09-25 05:34:02   step 3800/5004: loss=3.071987
2026-09-25 05:34:26   step 3900/5004: loss=2.800154
2026-09-25 05:34:50   step 4000/5004: loss=2.686847
2026-09-25 05:35:14   step 4100/5004: loss=2.662448
2026-09-25 05:35:38   step 4200/5004: loss=3.008964
2026-09-25 05:36:03   step 4300/5004: loss=2.694041
2026-09-25 05:36:27   step 4400/5004: loss=3.032609
2026-09-25 05:36:51   step 4500/5004: loss=2.805697
2026-09-25 05:37:15   step 4600/5004: loss=2.681038
2026-09-25 05:37:39   step 4700/5004: loss=2.587172
2026-09-25 05:38:03   step 4800/5004: loss=2.824602
2026-09-25 05:38:28   step 4900/5004: loss=2.562688
2026-09-25 05:38:52   step 5000/5004: loss=2.772936
2026-09-25 05:39:01 [pjrt_ffi] RESIDENT: @resnet50in_fwd_eval holds 267 parameter tensors (97.7 MB) on 4 devices; they stop crossing PCIe from here
2026-09-25 05:39:43 Epoch 41/90: loss=2.817636 lr=0.061897
2026-09-25 05:39:43   epoch 41: test_acc = 29789/50000 = 59.578000%  top5 = 41706/50000 = 83.412000%  [95% CI 59.15–60.01]
2026-09-25 05:39:44   step 0/5004: loss=2.924798
2026-09-25 05:39:44   step 1/5004: loss=3.050301
2026-09-25 05:39:44   step 2/5004: loss=2.555592
2026-09-25 05:40:08   step 100/5004: loss=3.157284
2026-09-25 05:40:32   step 200/5004: loss=3.174652
2026-09-25 05:40:56   step 300/5004: loss=3.147364
2026-09-25 05:41:20   step 400/5004: loss=3.147641
2026-09-25 05:41:44   step 500/5004: loss=2.699287
2026-09-25 05:42:08   step 600/5004: loss=3.251950
2026-09-25 05:42:33   step 700/5004: loss=2.796718
2026-09-25 05:42:57   step 800/5004: loss=2.693233
2026-09-25 05:43:21   step 900/5004: loss=3.258082
2026-09-25 05:43:45   step 1000/5004: loss=2.820483
2026-09-25 05:44:09   step 1100/5004: loss=2.446849
2026-09-25 05:44:33   step 1200/5004: loss=2.961085
2026-09-25 05:44:57   step 1300/5004: loss=2.794754
2026-09-25 05:45:21   step 1400/5004: loss=2.845935
2026-09-25 05:45:46   step 1500/5004: loss=2.440084
2026-09-25 05:46:10   step 1600/5004: loss=2.635137
2026-09-25 05:46:34   step 1700/5004: loss=2.709483
2026-09-25 05:46:58   step 1800/5004: loss=2.633271
2026-09-25 05:47:22   step 1900/5004: loss=2.657155
2026-09-25 05:47:46   step 2000/5004: loss=2.896360
2026-09-25 05:48:10   step 2100/5004: loss=2.473540
2026-09-25 05:48:35   step 2200/5004: loss=2.878635
2026-09-25 05:48:59   step 2300/5004: loss=2.362425
2026-09-25 05:49:23   step 2400/5004: loss=2.895803
2026-09-25 05:49:47   step 2500/5004: loss=2.874664
2026-09-25 05:50:11   step 2600/5004: loss=2.863263
2026-09-25 05:50:36   step 2700/5004: loss=3.092876
2026-09-25 05:51:00   step 2800/5004: loss=2.912545
2026-09-25 05:51:24   step 2900/5004: loss=2.906261
2026-09-25 05:51:48   step 3000/5004: loss=2.587963
2026-09-25 05:52:12   step 3100/5004: loss=2.851066
2026-09-25 05:52:37   step 3200/5004: loss=2.631685
2026-09-25 05:53:01   step 3300/5004: loss=2.633751
2026-09-25 05:53:25   step 3400/5004: loss=3.203598
2026-09-25 05:53:49   step 3500/5004: loss=2.742615
2026-09-25 05:54:13   step 3600/5004: loss=2.532925
2026-09-25 05:54:38   step 3700/5004: loss=3.244063
2026-09-25 05:55:02   step 3800/5004: loss=2.426439
2026-09-25 05:55:27   step 3900/5004: loss=2.762077
2026-09-25 05:55:52   step 4000/5004: loss=2.437568
2026-09-25 05:56:16   step 4100/5004: loss=2.805729
2026-09-25 05:56:41   step 4200/5004: loss=2.916908
2026-09-25 05:57:05   step 4300/5004: loss=2.832960
2026-09-25 05:57:29   step 4400/5004: loss=2.603316
2026-09-25 05:57:53   step 4500/5004: loss=3.035708
2026-09-25 05:58:18   step 4600/5004: loss=2.403688
2026-09-25 05:58:42   step 4700/5004: loss=3.060483
2026-09-25 05:59:06   step 4800/5004: loss=3.077657
2026-09-25 05:59:30   step 4900/5004: loss=2.663372
2026-09-25 05:59:55   step 5000/5004: loss=2.621121
2026-09-25 06:00:03 [pjrt_ffi] RESIDENT: @resnet50in_fwd_eval holds 267 parameter tensors (97.7 MB) on 4 devices; they stop crossing PCIe from here
2026-09-25 06:00:41 Epoch 42/90: loss=2.804499 lr=0.060094
2026-09-25 06:00:41   epoch 42: test_acc = 29534/50000 = 59.068000%  top5 = 41440/50000 = 82.880000%  [95% CI 58.64–59.50]
2026-09-25 06:00:41   step 0/5004: loss=2.581439
2026-09-25 06:00:42   step 1/5004: loss=2.476232
2026-09-25 06:00:42   step 2/5004: loss=2.235033
2026-09-25 06:01:06   step 100/5004: loss=2.897917
2026-09-25 06:01:31   step 200/5004: loss=2.799449
2026-09-25 06:01:55   step 300/5004: loss=3.600991
2026-09-25 06:02:19   step 400/5004: loss=2.874559
2026-09-25 06:02:43   step 500/5004: loss=2.811383
2026-09-25 06:03:07   step 600/5004: loss=2.355997
2026-09-25 06:03:31   step 700/5004: loss=3.026067
2026-09-25 06:03:55   step 800/5004: loss=2.977878
2026-09-25 06:04:19   step 900/5004: loss=3.153502
2026-09-25 06:04:43   step 1000/5004: loss=2.576006
2026-09-25 06:05:08   step 1100/5004: loss=2.867854
2026-09-25 06:05:32   step 1200/5004: loss=2.807711
2026-09-25 06:05:56   step 1300/5004: loss=2.602189
2026-09-25 06:06:20   step 1400/5004: loss=2.982227
2026-09-25 06:06:44   step 1500/5004: loss=2.742101
2026-09-25 06:07:09   step 1600/5004: loss=2.747875
2026-09-25 06:07:33   step 1700/5004: loss=2.853581
2026-09-25 06:07:57   step 1800/5004: loss=3.025254
2026-09-25 06:08:21   step 1900/5004: loss=2.829018
2026-09-25 06:08:46   step 2000/5004: loss=2.349266
2026-09-25 06:09:10   step 2100/5004: loss=2.655946
2026-09-25 06:09:34   step 2200/5004: loss=2.811785
2026-09-25 06:09:58   step 2300/5004: loss=3.067610
2026-09-25 06:10:23   step 2400/5004: loss=2.527926
2026-09-25 06:10:47   step 2500/5004: loss=2.370381
2026-09-25 06:11:11   step 2600/5004: loss=3.310925
2026-09-25 06:11:35   step 2700/5004: loss=2.818074
2026-09-25 06:11:59   step 2800/5004: loss=3.167230
2026-09-25 06:12:24   step 2900/5004: loss=2.877179
2026-09-25 06:12:48   step 3000/5004: loss=3.046943
2026-09-25 06:13:12   step 3100/5004: loss=2.669629
2026-09-25 06:13:36   step 3200/5004: loss=2.658782
2026-09-25 06:14:00   step 3300/5004: loss=2.452194
2026-09-25 06:14:24   step 3400/5004: loss=2.768855
2026-09-25 06:14:49   step 3500/5004: loss=2.932145
2026-09-25 06:15:14   step 3600/5004: loss=3.222753
2026-09-25 06:15:38   step 3700/5004: loss=2.646210
2026-09-25 06:16:03   step 3800/5004: loss=2.523309
2026-09-25 06:16:27   step 3900/5004: loss=2.871642
2026-09-25 06:16:51   step 4000/5004: loss=2.762837
2026-09-25 06:17:16   step 4100/5004: loss=2.963168
2026-09-25 06:17:40   step 4200/5004: loss=2.706767
2026-09-25 06:18:04   step 4300/5004: loss=2.914782
2026-09-25 06:18:28   step 4400/5004: loss=2.934160
2026-09-25 06:18:53   step 4500/5004: loss=2.882838
2026-09-25 06:19:17   step 4600/5004: loss=2.649730
2026-09-25 06:19:41   step 4700/5004: loss=2.733313
2026-09-25 06:20:05   step 4800/5004: loss=2.974599
2026-09-25 06:20:29   step 4900/5004: loss=2.913712
2026-09-25 06:20:54   step 5000/5004: loss=2.665308
2026-09-25 06:21:04 [pjrt_ffi] RESIDENT: @resnet50in_fwd_eval holds 267 parameter tensors (97.7 MB) on 4 devices; they stop crossing PCIe from here
2026-09-25 06:21:45 Epoch 43/90: loss=2.795381 lr=0.058278
2026-09-25 06:21:45   epoch 43: test_acc = 30415/50000 = 60.830000%  top5 = 42205/50000 = 84.410000%  [95% CI 60.40–61.26]
2026-09-25 06:21:45   step 0/5004: loss=2.860399
2026-09-25 06:21:45   step 1/5004: loss=2.610793
2026-09-25 06:21:46   step 2/5004: loss=2.989061
2026-09-25 06:22:09   step 100/5004: loss=3.313314
2026-09-25 06:22:33   step 200/5004: loss=3.030583
2026-09-25 06:22:57   step 300/5004: loss=2.937950
2026-09-25 06:23:21   step 400/5004: loss=3.215846
2026-09-25 06:23:46   step 500/5004: loss=3.401879
2026-09-25 06:24:10   step 600/5004: loss=2.463706
2026-09-25 06:24:34   step 700/5004: loss=2.450020
2026-09-25 06:24:58   step 800/5004: loss=2.599011
2026-09-25 06:25:22   step 900/5004: loss=2.589758
2026-09-25 06:25:46   step 1000/5004: loss=3.029062
2026-09-25 06:26:10   step 1100/5004: loss=3.326988
2026-09-25 06:26:34   step 1200/5004: loss=2.680039
2026-09-25 06:26:58   step 1300/5004: loss=2.804842
2026-09-25 06:27:22   step 1400/5004: loss=2.758401
2026-09-25 06:27:46   step 1500/5004: loss=2.899697
2026-09-25 06:28:12   step 1600/5004: loss=2.990263
2026-09-25 06:28:37   step 1700/5004: loss=2.611994
2026-09-25 06:29:01   step 1800/5004: loss=2.686762
2026-09-25 06:29:25   step 1900/5004: loss=2.969574
2026-09-25 06:29:49   step 2000/5004: loss=2.838825
2026-09-25 06:30:14   step 2100/5004: loss=2.971567
2026-09-25 06:30:38   step 2200/5004: loss=2.747633
2026-09-25 06:31:02   step 2300/5004: loss=2.336371
2026-09-25 06:31:26   step 2400/5004: loss=2.581302
2026-09-25 06:31:50   step 2500/5004: loss=3.076794
2026-09-25 06:32:14   step 2600/5004: loss=2.864701
2026-09-25 06:32:39   step 2700/5004: loss=2.920634
2026-09-25 06:33:03   step 2800/5004: loss=3.013525
2026-09-25 06:33:27   step 2900/5004: loss=3.219425
2026-09-25 06:33:51   step 3000/5004: loss=2.903546
2026-09-25 06:34:15   step 3100/5004: loss=3.443296
2026-09-25 06:34:40   step 3200/5004: loss=2.333227
2026-09-25 06:35:04   step 3300/5004: loss=2.794876
2026-09-25 06:35:28   step 3400/5004: loss=2.740642
2026-09-25 06:35:53   step 3500/5004: loss=2.860109
2026-09-25 06:36:17   step 3600/5004: loss=2.594473
2026-09-25 06:36:41   step 3700/5004: loss=2.663826
2026-09-25 06:37:05   step 3800/5004: loss=2.832907
2026-09-25 06:37:29   step 3900/5004: loss=2.666371
2026-09-25 06:37:54   step 4000/5004: loss=2.727265
2026-09-25 06:38:18   step 4100/5004: loss=2.519958
2026-09-25 06:38:42   step 4200/5004: loss=2.932090
2026-09-25 06:39:06   step 4300/5004: loss=2.753460
2026-09-25 06:39:30   step 4400/5004: loss=2.913712
2026-09-25 06:39:55   step 4500/5004: loss=2.943491
2026-09-25 06:40:19   step 4600/5004: loss=2.946214
2026-09-25 06:40:43   step 4700/5004: loss=2.928277
2026-09-25 06:41:07   step 4800/5004: loss=2.890601
2026-09-25 06:41:32   step 4900/5004: loss=2.976740
2026-09-25 06:41:56   step 5000/5004: loss=2.930812
2026-09-25 06:42:07 [pjrt_ffi] RESIDENT: @resnet50in_fwd_eval holds 267 parameter tensors (97.7 MB) on 4 devices; they stop crossing PCIe from here
2026-09-25 06:42:52 Epoch 44/90: loss=2.776519 lr=0.056450
2026-09-25 06:42:52   epoch 44: test_acc = 30529/50000 = 61.058000%  top5 = 42179/50000 = 84.358000%  [95% CI 60.63–61.48]
2026-09-25 06:42:53   step 0/5004: loss=2.848531
2026-09-25 06:42:53   step 1/5004: loss=3.186494
2026-09-25 06:42:53   step 2/5004: loss=3.074957
2026-09-25 06:43:17   step 100/5004: loss=2.746635
2026-09-25 06:43:41   step 200/5004: loss=2.949583
2026-09-25 06:44:06   step 300/5004: loss=2.946504
2026-09-25 06:44:30   step 400/5004: loss=2.634452
2026-09-25 06:44:54   step 500/5004: loss=2.745905
2026-09-25 06:45:19   step 600/5004: loss=2.650003
2026-09-25 06:45:43   step 700/5004: loss=2.557810
2026-09-25 06:46:09   step 800/5004: loss=2.478217
2026-09-25 06:46:34   step 900/5004: loss=2.614910
2026-09-25 06:46:58   step 1000/5004: loss=2.752657
2026-09-25 06:47:22   step 1100/5004: loss=2.831363
2026-09-25 06:47:46   step 1200/5004: loss=2.301942
2026-09-25 06:48:10   step 1300/5004: loss=2.695426
2026-09-25 06:48:34   step 1400/5004: loss=2.419899
2026-09-25 06:48:59   step 1500/5004: loss=3.009295
2026-09-25 06:49:23   step 1600/5004: loss=2.486334
2026-09-25 06:49:47   step 1700/5004: loss=2.846518
2026-09-25 06:50:11   step 1800/5004: loss=2.268399
2026-09-25 06:50:35   step 1900/5004: loss=2.739588
2026-09-25 06:50:59   step 2000/5004: loss=2.291244
2026-09-25 06:51:23   step 2100/5004: loss=2.693757
2026-09-25 06:51:48   step 2200/5004: loss=2.336302
2026-09-25 06:52:12   step 2300/5004: loss=2.602183
2026-09-25 06:52:36   step 2400/5004: loss=3.347191
2026-09-25 06:53:00   step 2500/5004: loss=2.703094
2026-09-25 06:53:24   step 2600/5004: loss=3.197909
2026-09-25 06:53:48   step 2700/5004: loss=2.730075
2026-09-25 06:54:12   step 2800/5004: loss=3.184755
2026-09-25 06:54:36   step 2900/5004: loss=2.828895
2026-09-25 06:55:01   step 3000/5004: loss=2.480345
2026-09-25 06:55:25   step 3100/5004: loss=2.638464
2026-09-25 06:55:49   step 3200/5004: loss=2.669093
2026-09-25 06:56:13   step 3300/5004: loss=3.034261
2026-09-25 06:56:37   step 3400/5004: loss=2.764749
2026-09-25 06:57:01   step 3500/5004: loss=3.029521
2026-09-25 06:57:25   step 3600/5004: loss=2.686145
2026-09-25 06:57:49   step 3700/5004: loss=2.533507
2026-09-25 06:58:14   step 3800/5004: loss=2.720017
2026-09-25 06:58:38   step 3900/5004: loss=2.989258
2026-09-25 06:59:02   step 4000/5004: loss=2.578263
2026-09-25 06:59:26   step 4100/5004: loss=2.946989
2026-09-25 06:59:50   step 4200/5004: loss=2.550616
2026-09-25 07:00:14   step 4300/5004: loss=2.765030
2026-09-25 07:00:39   step 4400/5004: loss=2.606998
2026-09-25 07:01:03   step 4500/5004: loss=3.267529
2026-09-25 07:01:27   step 4600/5004: loss=2.613769
2026-09-25 07:01:51   step 4700/5004: loss=2.708014
2026-09-25 07:02:15   step 4800/5004: loss=3.103176
2026-09-25 07:02:40   step 4900/5004: loss=2.691758
2026-09-25 07:03:04   step 5000/5004: loss=2.410937
2026-09-25 07:03:13 [pjrt_ffi] RESIDENT: @resnet50in_fwd_eval holds 267 parameter tensors (97.7 MB) on 4 devices; they stop crossing PCIe from here
2026-09-25 07:04:03 Epoch 45/90: loss=2.766546 lr=0.054613
2026-09-25 07:04:03   epoch 45: test_acc = 30698/50000 = 61.396000%  top5 = 42324/50000 = 84.648000%  [95% CI 60.97–61.82]
2026-09-25 07:04:04   step 0/5004: loss=2.565842
2026-09-25 07:04:04   step 1/5004: loss=2.914076
2026-09-25 07:04:04   step 2/5004: loss=3.184090
2026-09-25 07:04:28   step 100/5004: loss=2.609261
2026-09-25 07:04:52   step 200/5004: loss=2.458305
2026-09-25 07:05:16   step 300/5004: loss=2.829573
2026-09-25 07:05:40   step 400/5004: loss=2.853678
2026-09-25 07:06:05   step 500/5004: loss=2.772383
2026-09-25 07:06:29   step 600/5004: loss=2.473260
2026-09-25 07:06:53   step 700/5004: loss=2.611858
2026-09-25 07:07:18   step 800/5004: loss=2.838003
2026-09-25 07:07:42   step 900/5004: loss=2.700238
2026-09-25 07:08:06   step 1000/5004: loss=2.603148
2026-09-25 07:08:30   step 1100/5004: loss=2.628050
2026-09-25 07:08:54   step 1200/5004: loss=3.090247
2026-09-25 07:09:18   step 1300/5004: loss=2.498937
2026-09-25 07:09:42   step 1400/5004: loss=2.820260
2026-09-25 07:10:07   step 1500/5004: loss=2.938579
2026-09-25 07:10:31   step 1600/5004: loss=2.983331
2026-09-25 07:10:55   step 1700/5004: loss=2.750213
2026-09-25 07:11:19   step 1800/5004: loss=2.575167
2026-09-25 07:11:43   step 1900/5004: loss=2.250794
2026-09-25 07:12:07   step 2000/5004: loss=2.617064
2026-09-25 07:12:31   step 2100/5004: loss=2.430623
2026-09-25 07:12:55   step 2200/5004: loss=2.357807
2026-09-25 07:13:20   step 2300/5004: loss=2.666431
2026-09-25 07:13:44   step 2400/5004: loss=2.948544
2026-09-25 07:14:08   step 2500/5004: loss=2.614854
2026-09-25 07:14:32   step 2600/5004: loss=2.611526
2026-09-25 07:14:56   step 2700/5004: loss=2.449344
2026-09-25 07:15:20   step 2800/5004: loss=3.130787
2026-09-25 07:15:45   step 2900/5004: loss=2.774648
2026-09-25 07:16:09   step 3000/5004: loss=2.597364
2026-09-25 07:16:33   step 3100/5004: loss=3.050669
2026-09-25 07:16:57   step 3200/5004: loss=2.773815
2026-09-25 07:17:21   step 3300/5004: loss=2.992895
2026-09-25 07:17:46   step 3400/5004: loss=2.662901
2026-09-25 07:18:10   step 3500/5004: loss=2.850202
2026-09-25 07:18:35   step 3600/5004: loss=3.076820
2026-09-25 07:18:59   step 3700/5004: loss=2.987687
2026-09-25 07:19:23   step 3800/5004: loss=2.684505
2026-09-25 07:19:47   step 3900/5004: loss=2.793622
2026-09-25 07:20:12   step 4000/5004: loss=2.686625
2026-09-25 07:20:36   step 4100/5004: loss=3.070220
2026-09-25 07:21:00   step 4200/5004: loss=2.834273
2026-09-25 07:21:24   step 4300/5004: loss=3.042956
2026-09-25 07:21:48   step 4400/5004: loss=2.741927
2026-09-25 07:22:12   step 4500/5004: loss=2.825253
2026-09-25 07:22:36   step 4600/5004: loss=2.822391
2026-09-25 07:23:01   step 4700/5004: loss=2.690137
2026-09-25 07:23:25   step 4800/5004: loss=2.676288
2026-09-25 07:23:49   step 4900/5004: loss=2.317958
2026-09-25 07:24:13   step 5000/5004: loss=2.712645
2026-09-25 07:24:23 [pjrt_ffi] RESIDENT: @resnet50in_fwd_eval holds 267 parameter tensors (97.7 MB) on 4 devices; they stop crossing PCIe from here
2026-09-25 07:25:15 Epoch 46/90: loss=2.744820 lr=0.052771
2026-09-25 07:25:15   epoch 46: test_acc = 30978/50000 = 61.956000%  top5 = 42487/50000 = 84.974000%  [95% CI 61.53–62.38]
2026-09-25 07:25:15   step 0/5004: loss=2.865013
2026-09-25 07:25:15   step 1/5004: loss=2.946794
2026-09-25 07:25:15   step 2/5004: loss=2.709283
2026-09-25 07:25:40   step 100/5004: loss=3.010268
2026-09-25 07:26:05   step 200/5004: loss=3.036927
2026-09-25 07:26:29   step 300/5004: loss=2.758710
2026-09-25 07:26:53   step 400/5004: loss=2.955661
2026-09-25 07:27:17   step 500/5004: loss=2.546815
2026-09-25 07:27:41   step 600/5004: loss=2.764219
2026-09-25 07:28:05   step 700/5004: loss=2.821134
2026-09-25 07:28:29   step 800/5004: loss=2.211762
2026-09-25 07:28:53   step 900/5004: loss=2.531735
2026-09-25 07:29:17   step 1000/5004: loss=2.948401
2026-09-25 07:29:42   step 1100/5004: loss=2.815683
2026-09-25 07:30:06   step 1200/5004: loss=2.686296
2026-09-25 07:30:30   step 1300/5004: loss=2.384919
2026-09-25 07:30:54   step 1400/5004: loss=2.715880
2026-09-25 07:31:18   step 1500/5004: loss=2.869360
2026-09-25 07:31:43   step 1600/5004: loss=2.448652
2026-09-25 07:32:09   step 1700/5004: loss=2.463894
2026-09-25 07:32:33   step 1800/5004: loss=2.784493
2026-09-25 07:32:57   step 1900/5004: loss=2.515169
2026-09-25 07:33:21   step 2000/5004: loss=2.824735
2026-09-25 07:33:46   step 2100/5004: loss=2.952190
2026-09-25 07:34:10   step 2200/5004: loss=2.627715
2026-09-25 07:34:34   step 2300/5004: loss=2.789075
2026-09-25 07:34:58   step 2400/5004: loss=2.542100
2026-09-25 07:35:22   step 2500/5004: loss=3.008983
2026-09-25 07:35:46   step 2600/5004: loss=2.411014
2026-09-25 07:36:10   step 2700/5004: loss=2.784657
2026-09-25 07:36:34   step 2800/5004: loss=2.959455
2026-09-25 07:36:59   step 2900/5004: loss=2.945702
2026-09-25 07:37:23   step 3000/5004: loss=2.844146
2026-09-25 07:37:47   step 3100/5004: loss=2.542542
2026-09-25 07:38:11   step 3200/5004: loss=3.047435
2026-09-25 07:38:35   step 3300/5004: loss=2.951782
2026-09-25 07:38:59   step 3400/5004: loss=2.665215
2026-09-25 07:39:24   step 3500/5004: loss=2.694456
2026-09-25 07:39:48   step 3600/5004: loss=2.889299
2026-09-25 07:40:12   step 3700/5004: loss=2.922979
2026-09-25 07:40:36   step 3800/5004: loss=2.474945
2026-09-25 07:41:00   step 3900/5004: loss=2.837790
2026-09-25 07:41:24   step 4000/5004: loss=2.740405
2026-09-25 07:41:49   step 4100/5004: loss=2.894258
2026-09-25 07:42:13   step 4200/5004: loss=2.695162
2026-09-25 07:42:37   step 4300/5004: loss=2.960982
2026-09-25 07:43:01   step 4400/5004: loss=2.698560
2026-09-25 07:43:25   step 4500/5004: loss=2.775544
2026-09-25 07:43:49   step 4600/5004: loss=2.741578
2026-09-25 07:44:14   step 4700/5004: loss=2.971307
2026-09-25 07:44:38   step 4800/5004: loss=2.843765
2026-09-25 07:45:02   step 4900/5004: loss=2.988153
2026-09-25 07:45:27   step 5000/5004: loss=2.599634
2026-09-25 07:45:35 [pjrt_ffi] RESIDENT: @resnet50in_fwd_eval holds 267 parameter tensors (97.7 MB) on 4 devices; they stop crossing PCIe from here
2026-09-25 07:46:10 Epoch 47/90: loss=2.740997 lr=0.050924
2026-09-25 07:46:10   epoch 47: test_acc = 30970/50000 = 61.940000%  top5 = 42547/50000 = 85.094000%  [95% CI 61.51–62.36]
2026-09-25 07:46:11   step 0/5004: loss=2.786986
2026-09-25 07:46:11   step 1/5004: loss=2.686171
2026-09-25 07:46:11   step 2/5004: loss=3.012899
2026-09-25 07:46:35   step 100/5004: loss=2.766446
2026-09-25 07:46:59   step 200/5004: loss=2.982208
2026-09-25 07:47:23   step 300/5004: loss=2.890110
2026-09-25 07:47:48   step 400/5004: loss=2.996516
2026-09-25 07:48:12   step 500/5004: loss=2.738643
2026-09-25 07:48:36   step 600/5004: loss=2.420445
2026-09-25 07:49:00   step 700/5004: loss=2.596974
2026-09-25 07:49:24   step 800/5004: loss=3.111706
2026-09-25 07:49:52   step 900/5004: loss=2.568433
2026-09-25 07:50:16   step 1000/5004: loss=2.433022
2026-09-25 07:50:40   step 1100/5004: loss=2.432386
2026-09-25 07:51:05   step 1200/5004: loss=2.676893
2026-09-25 07:51:29   step 1300/5004: loss=2.769574
2026-09-25 07:51:53   step 1400/5004: loss=2.433737
2026-09-25 07:52:18   step 1500/5004: loss=2.715700
2026-09-25 07:52:42   step 1600/5004: loss=2.756108
2026-09-25 07:53:06   step 1700/5004: loss=3.232060
2026-09-25 07:53:30   step 1800/5004: loss=2.662092
2026-09-25 07:53:55   step 1900/5004: loss=2.484188
2026-09-25 07:54:19   step 2000/5004: loss=2.628337
2026-09-25 07:54:44   step 2100/5004: loss=2.511501
2026-09-25 07:55:09   step 2200/5004: loss=2.505789
2026-09-25 07:55:33   step 2300/5004: loss=2.667401
2026-09-25 07:55:57   step 2400/5004: loss=2.586293
2026-09-25 07:56:21   step 2500/5004: loss=2.807247
2026-09-25 07:56:45   step 2600/5004: loss=3.106290
2026-09-25 07:57:09   step 2700/5004: loss=2.286680
2026-09-25 07:57:33   step 2800/5004: loss=2.701545
2026-09-25 07:57:58   step 2900/5004: loss=2.548498
2026-09-25 07:58:22   step 3000/5004: loss=2.473444
2026-09-25 07:58:46   step 3100/5004: loss=2.795126
2026-09-25 07:59:10   step 3200/5004: loss=2.897484
2026-09-25 07:59:34   step 3300/5004: loss=2.685963
2026-09-25 07:59:59   step 3400/5004: loss=2.698323
2026-09-25 08:00:23   step 3500/5004: loss=2.672422
2026-09-25 08:00:58   step 3600/5004: loss=2.616637
2026-09-25 08:01:22   step 3700/5004: loss=2.732771
2026-09-25 08:01:46   step 3800/5004: loss=2.386771
2026-09-25 08:02:10   step 3900/5004: loss=2.853048
2026-09-25 08:02:34   step 4000/5004: loss=2.601689
2026-09-25 08:02:59   step 4100/5004: loss=2.965954
2026-09-25 08:03:23   step 4200/5004: loss=2.495670
2026-09-25 08:03:47   step 4300/5004: loss=2.827968
2026-09-25 08:04:11   step 4400/5004: loss=2.590680
2026-09-25 08:04:35   step 4500/5004: loss=2.565962
2026-09-25 08:04:59   step 4600/5004: loss=2.582209
2026-09-25 08:05:23   step 4700/5004: loss=2.511591
2026-09-25 08:05:48   step 4800/5004: loss=2.569073
2026-09-25 08:06:12   step 4900/5004: loss=2.579759
2026-09-25 08:06:36   step 5000/5004: loss=2.867507
2026-09-25 08:06:45 [pjrt_ffi] RESIDENT: @resnet50in_fwd_eval holds 267 parameter tensors (97.7 MB) on 4 devices; they stop crossing PCIe from here
2026-09-25 08:07:23 Epoch 48/90: loss=2.724178 lr=0.049076
2026-09-25 08:07:23   epoch 48: test_acc = 31083/50000 = 62.166000%  top5 = 42563/50000 = 85.126000%  [95% CI 61.74–62.59]
2026-09-25 08:07:24   step 0/5004: loss=2.575756
2026-09-25 08:07:24   step 1/5004: loss=2.729661
2026-09-25 08:07:24   step 2/5004: loss=2.524965
2026-09-25 08:07:48   step 100/5004: loss=2.457547
2026-09-25 08:08:12   step 200/5004: loss=2.661670
2026-09-25 08:08:36   step 300/5004: loss=2.649022
2026-09-25 08:09:00   step 400/5004: loss=2.397748
2026-09-25 08:09:25   step 500/5004: loss=2.942825
2026-09-25 08:09:49   step 600/5004: loss=3.179533
2026-09-25 08:10:13   step 700/5004: loss=2.529568
2026-09-25 08:10:37   step 800/5004: loss=2.742489
2026-09-25 08:11:01   step 900/5004: loss=2.444239
2026-09-25 08:11:25   step 1000/5004: loss=2.898072
2026-09-25 08:11:49   step 1100/5004: loss=3.033010
2026-09-25 08:12:14   step 1200/5004: loss=3.178844
2026-09-25 08:12:38   step 1300/5004: loss=2.449735
2026-09-25 08:13:02   step 1400/5004: loss=2.700268
2026-09-25 08:13:26   step 1500/5004: loss=2.494580
2026-09-25 08:13:50   step 1600/5004: loss=2.937477
2026-09-25 08:14:14   step 1700/5004: loss=2.766917
2026-09-25 08:14:39   step 1800/5004: loss=2.681664
2026-09-25 08:15:03   step 1900/5004: loss=2.634694
2026-09-25 08:15:27   step 2000/5004: loss=2.856330
2026-09-25 08:15:51   step 2100/5004: loss=2.525845
2026-09-25 08:16:16   step 2200/5004: loss=2.429778
2026-09-25 08:16:40   step 2300/5004: loss=3.063371
2026-09-25 08:17:04   step 2400/5004: loss=2.739721
2026-09-25 08:17:28   step 2500/5004: loss=2.602272
2026-09-25 08:17:53   step 2600/5004: loss=2.583506
2026-09-25 08:18:17   step 2700/5004: loss=2.713192
2026-09-25 08:18:41   step 2800/5004: loss=2.647327
2026-09-25 08:19:07   step 2900/5004: loss=2.531230
2026-09-25 08:19:32   step 3000/5004: loss=3.159950
2026-09-25 08:19:56   step 3100/5004: loss=2.714441
2026-09-25 08:20:20   step 3200/5004: loss=2.315300
2026-09-25 08:20:45   step 3300/5004: loss=2.748346
2026-09-25 08:21:09   step 3400/5004: loss=2.945307
2026-09-25 08:21:33   step 3500/5004: loss=2.922853
2026-09-25 08:21:57   step 3600/5004: loss=2.544770
2026-09-25 08:22:21   step 3700/5004: loss=2.428664
2026-09-25 08:22:46   step 3800/5004: loss=2.633039
2026-09-25 08:23:10   step 3900/5004: loss=2.520262
2026-09-25 08:23:34   step 4000/5004: loss=2.434066
2026-09-25 08:23:58   step 4100/5004: loss=2.324387
2026-09-25 08:24:22   step 4200/5004: loss=3.067469
2026-09-25 08:24:46   step 4300/5004: loss=2.641861
2026-09-25 08:25:11   step 4400/5004: loss=2.267016
2026-09-25 08:25:35   step 4500/5004: loss=2.564758
2026-09-25 08:25:59   step 4600/5004: loss=2.633294
2026-09-25 08:26:23   step 4700/5004: loss=2.590283
2026-09-25 08:26:47   step 4800/5004: loss=2.823449
2026-09-25 08:27:11   step 4900/5004: loss=2.677867
2026-09-25 08:27:36   step 5000/5004: loss=2.529821
2026-09-25 08:27:43 [pjrt_ffi] RESIDENT: @resnet50in_fwd_eval holds 267 parameter tensors (97.7 MB) on 4 devices; they stop crossing PCIe from here
2026-09-25 08:28:21 Epoch 49/90: loss=2.708585 lr=0.047229
2026-09-25 08:28:21   epoch 49: test_acc = 30899/50000 = 61.798000%  top5 = 42553/50000 = 85.106000%  [95% CI 61.37–62.22]
2026-09-25 08:28:21   step 0/5004: loss=2.535748
2026-09-25 08:28:22   step 1/5004: loss=2.896805
2026-09-25 08:28:22   step 2/5004: loss=2.397509
2026-09-25 08:28:46   step 100/5004: loss=2.616708
2026-09-25 08:29:11   step 200/5004: loss=2.611832
2026-09-25 08:29:36   step 300/5004: loss=2.904227
2026-09-25 08:30:00   step 400/5004: loss=2.817556
2026-09-25 08:30:24   step 500/5004: loss=2.722986
2026-09-25 08:30:48   step 600/5004: loss=2.389501
2026-09-25 08:31:12   step 700/5004: loss=2.393717
2026-09-25 08:31:37   step 800/5004: loss=2.720911
2026-09-25 08:32:01   step 900/5004: loss=2.835801
2026-09-25 08:32:25   step 1000/5004: loss=2.748469
2026-09-25 08:32:49   step 1100/5004: loss=2.344932
2026-09-25 08:33:13   step 1200/5004: loss=2.833541
2026-09-25 08:33:37   step 1300/5004: loss=2.562274
2026-09-25 08:34:01   step 1400/5004: loss=2.480082
2026-09-25 08:34:26   step 1500/5004: loss=2.518439
2026-09-25 08:34:50   step 1600/5004: loss=2.554368
2026-09-25 08:35:14   step 1700/5004: loss=2.971232
2026-09-25 08:35:38   step 1800/5004: loss=2.639319
2026-09-25 08:36:03   step 1900/5004: loss=2.432766
2026-09-25 08:36:27   step 2000/5004: loss=2.806924
2026-09-25 08:36:51   step 2100/5004: loss=2.437097
2026-09-25 08:37:16   step 2200/5004: loss=2.710537
2026-09-25 08:37:40   step 2300/5004: loss=2.905780
2026-09-25 08:38:04   step 2400/5004: loss=2.591038
2026-09-25 08:38:28   step 2500/5004: loss=3.019872
2026-09-25 08:38:52   step 2600/5004: loss=2.662384
2026-09-25 08:39:17   step 2700/5004: loss=2.719553
2026-09-25 08:39:41   step 2800/5004: loss=2.945012
2026-09-25 08:40:05   step 2900/5004: loss=2.493716
2026-09-25 08:40:29   step 3000/5004: loss=2.471607
2026-09-25 08:40:54   step 3100/5004: loss=2.699293
2026-09-25 08:41:18   step 3200/5004: loss=2.398411
2026-09-25 08:41:42   step 3300/5004: loss=2.909968
2026-09-25 08:42:06   step 3400/5004: loss=2.749844
2026-09-25 08:42:31   step 3500/5004: loss=2.353180
2026-09-25 08:42:55   step 3600/5004: loss=2.628440
2026-09-25 08:43:19   step 3700/5004: loss=2.343745
2026-09-25 08:43:43   step 3800/5004: loss=2.793541
2026-09-25 08:44:09   step 3900/5004: loss=2.602725
2026-09-25 08:44:33   step 4000/5004: loss=3.016143
2026-09-25 08:44:57   step 4100/5004: loss=2.769814
2026-09-25 08:45:21   step 4200/5004: loss=3.125535
2026-09-25 08:45:45   step 4300/5004: loss=2.822026
2026-09-25 08:46:10   step 4400/5004: loss=3.086239
2026-09-25 08:46:34   step 4500/5004: loss=2.356490
2026-09-25 08:46:58   step 4600/5004: loss=2.556651
2026-09-25 08:47:22   step 4700/5004: loss=2.666138
2026-09-25 08:47:47   step 4800/5004: loss=2.503839
2026-09-25 08:48:11   step 4900/5004: loss=2.917384
2026-09-25 08:48:35   step 5000/5004: loss=2.510374
2026-09-25 08:49:00 [pjrt_ffi] RESIDENT: @resnet50in_fwd_eval holds 267 parameter tensors (97.7 MB) on 4 devices; they stop crossing PCIe from here
2026-09-25 08:50:04 Epoch 50/90: loss=2.697410 lr=0.045387
2026-09-25 08:50:04   epoch 50: test_acc = 31412/50000 = 62.824000%  top5 = 42708/50000 = 85.416000%  [95% CI 62.40–63.25]
2026-09-25 08:50:05   step 0/5004: loss=2.827155
2026-09-25 08:50:05   step 1/5004: loss=2.919861
2026-09-25 08:50:05   step 2/5004: loss=2.607788
2026-09-25 08:50:29   step 100/5004: loss=2.891606
2026-09-25 08:50:53   step 200/5004: loss=2.707706
2026-09-25 08:51:17   step 300/5004: loss=2.849732
2026-09-25 08:51:42   step 400/5004: loss=2.708380
2026-09-25 08:52:06   step 500/5004: loss=2.485166
2026-09-25 08:52:30   step 600/5004: loss=2.666296
2026-09-25 08:52:54   step 700/5004: loss=2.819245
2026-09-25 08:53:18   step 800/5004: loss=2.622091
2026-09-25 08:53:42   step 900/5004: loss=2.988612
2026-09-25 08:54:06   step 1000/5004: loss=2.707076
2026-09-25 08:54:31   step 1100/5004: loss=2.370260
2026-09-25 08:54:56   step 1200/5004: loss=2.591564
2026-09-25 08:55:20   step 1300/5004: loss=2.992784
2026-09-25 08:55:44   step 1400/5004: loss=2.894055
2026-09-25 08:56:09   step 1500/5004: loss=2.432056
2026-09-25 08:56:33   step 1600/5004: loss=2.468821
2026-09-25 08:56:57   step 1700/5004: loss=2.404551
2026-09-25 08:57:21   step 1800/5004: loss=2.702379
2026-09-25 08:57:45   step 1900/5004: loss=2.640713
2026-09-25 08:58:09   step 2000/5004: loss=2.433211
2026-09-25 08:58:33   step 2100/5004: loss=2.326358
2026-09-25 08:58:58   step 2200/5004: loss=2.769377
2026-09-25 08:59:22   step 2300/5004: loss=2.797434
2026-09-25 08:59:46   step 2400/5004: loss=2.972858
2026-09-25 09:00:10   step 2500/5004: loss=2.660672
2026-09-25 09:00:34   step 2600/5004: loss=2.715296
2026-09-25 09:00:58   step 2700/5004: loss=2.748276
2026-09-25 09:01:23   step 2800/5004: loss=2.965042
2026-09-25 09:01:47   step 2900/5004: loss=2.861487
2026-09-25 09:02:11   step 3000/5004: loss=3.039449
2026-09-25 09:02:35   step 3100/5004: loss=2.584110
2026-09-25 09:02:59   step 3200/5004: loss=2.953581
2026-09-25 09:03:24   step 3300/5004: loss=2.229123
2026-09-25 09:03:48   step 3400/5004: loss=2.668818
2026-09-25 09:04:12   step 3500/5004: loss=2.525913
2026-09-25 09:04:37   step 3600/5004: loss=2.836857
2026-09-25 09:05:01   step 3700/5004: loss=3.078679
2026-09-25 09:05:29   step 3800/5004: loss=2.342204
2026-09-25 09:05:54   step 3900/5004: loss=3.406136
2026-09-25 09:06:18   step 4000/5004: loss=2.648382
2026-09-25 09:06:42   step 4100/5004: loss=2.734185
2026-09-25 09:07:07   step 4200/5004: loss=2.792483
2026-09-25 09:07:31   step 4300/5004: loss=2.637283
2026-09-25 09:07:55   step 4400/5004: loss=2.520051
2026-09-25 09:08:19   step 4500/5004: loss=2.803180
2026-09-25 09:08:43   step 4600/5004: loss=2.486740
2026-09-25 09:09:08   step 4700/5004: loss=2.559856
2026-09-25 09:09:32   step 4800/5004: loss=2.781542
2026-09-25 09:09:56   step 4900/5004: loss=2.811916
2026-09-25 09:10:20   step 5000/5004: loss=2.827361
2026-09-25 09:10:29 [pjrt_ffi] RESIDENT: @resnet50in_fwd_eval holds 267 parameter tensors (97.7 MB) on 4 devices; they stop crossing PCIe from here
2026-09-25 09:11:07 Epoch 51/90: loss=2.675442 lr=0.043550
2026-09-25 09:11:07   epoch 51: test_acc = 31712/50000 = 63.424000%  top5 = 43098/50000 = 86.196000%  [95% CI 63.00–63.85]
2026-09-25 09:11:08   step 0/5004: loss=2.821127
2026-09-25 09:11:08   step 1/5004: loss=2.486092
2026-09-25 09:11:08   step 2/5004: loss=2.734128
2026-09-25 09:11:32   step 100/5004: loss=2.499966
2026-09-25 09:11:56   step 200/5004: loss=2.705850
2026-09-25 09:12:20   step 300/5004: loss=3.194457
2026-09-25 09:12:44   step 400/5004: loss=2.816014
2026-09-25 09:13:09   step 500/5004: loss=2.804176
2026-09-25 09:13:33   step 600/5004: loss=3.033623
2026-09-25 09:13:57   step 700/5004: loss=2.770384
2026-09-25 09:14:21   step 800/5004: loss=2.695444
2026-09-25 09:14:45   step 900/5004: loss=2.649190
2026-09-25 09:15:09   step 1000/5004: loss=2.453616
2026-09-25 09:15:34   step 1100/5004: loss=2.612226
2026-09-25 09:15:58   step 1200/5004: loss=2.767575
2026-09-25 09:16:22   step 1300/5004: loss=2.369876
2026-09-25 09:16:46   step 1400/5004: loss=3.267828
2026-09-25 09:17:10   step 1500/5004: loss=2.621477
2026-09-25 09:17:35   step 1600/5004: loss=2.396447
2026-09-25 09:17:59   step 1700/5004: loss=2.478742
2026-09-25 09:18:23   step 1800/5004: loss=3.034312
2026-09-25 09:18:47   step 1900/5004: loss=2.860964
2026-09-25 09:19:11   step 2000/5004: loss=2.417009
2026-09-25 09:19:36   step 2100/5004: loss=2.585251
2026-09-25 09:20:00   step 2200/5004: loss=2.490495
2026-09-25 09:20:24   step 2300/5004: loss=2.383780
2026-09-25 09:20:48   step 2400/5004: loss=2.349224
2026-09-25 09:21:12   step 2500/5004: loss=2.804891
2026-09-25 09:21:36   step 2600/5004: loss=2.479925
2026-09-25 09:22:01   step 2700/5004: loss=2.873945
2026-09-25 09:22:25   step 2800/5004: loss=2.704817
2026-09-25 09:22:50   step 2900/5004: loss=3.019128
2026-09-25 09:23:14   step 3000/5004: loss=2.726547
2026-09-25 09:23:38   step 3100/5004: loss=2.762765
2026-09-25 09:24:02   step 3200/5004: loss=2.567620
2026-09-25 09:24:27   step 3300/5004: loss=2.575179
2026-09-25 09:24:51   step 3400/5004: loss=2.425030
2026-09-25 09:25:15   step 3500/5004: loss=2.820626
2026-09-25 09:25:39   step 3600/5004: loss=2.411533
2026-09-25 09:26:04   step 3700/5004: loss=2.598250
2026-09-25 09:26:28   step 3800/5004: loss=2.906611
2026-09-25 09:26:52   step 3900/5004: loss=2.633435
2026-09-25 09:27:16   step 4000/5004: loss=2.984725
2026-09-25 09:27:40   step 4100/5004: loss=2.301767
2026-09-25 09:28:05   step 4200/5004: loss=2.631813
2026-09-25 09:28:29   step 4300/5004: loss=2.585452
2026-09-25 09:28:53   step 4400/5004: loss=2.650925
2026-09-25 09:29:17   step 4500/5004: loss=2.567282
2026-09-25 09:29:41   step 4600/5004: loss=2.408700
2026-09-25 09:30:05   step 4700/5004: loss=2.996331
2026-09-25 09:30:30   step 4800/5004: loss=2.548515
2026-09-25 09:30:54   step 4900/5004: loss=2.475912
2026-09-25 09:31:18   step 5000/5004: loss=2.393481
2026-09-25 09:31:27 [pjrt_ffi] RESIDENT: @resnet50in_fwd_eval holds 267 parameter tensors (97.7 MB) on 4 devices; they stop crossing PCIe from here
2026-09-25 09:32:13 Epoch 52/90: loss=2.661876 lr=0.041722
2026-09-25 09:32:13   epoch 52: test_acc = 31377/50000 = 62.754000%  top5 = 42659/50000 = 85.318000%  [95% CI 62.33–63.18]
2026-09-25 09:32:13   step 0/5004: loss=2.100371
2026-09-25 09:32:13   step 1/5004: loss=3.318513
2026-09-25 09:32:14   step 2/5004: loss=2.957384
2026-09-25 09:32:37   step 100/5004: loss=2.589982
2026-09-25 09:33:01   step 200/5004: loss=2.673390
2026-09-25 09:33:25   step 300/5004: loss=2.826982
2026-09-25 09:33:50   step 400/5004: loss=2.288658
2026-09-25 09:34:14   step 500/5004: loss=2.304002
2026-09-25 09:34:38   step 600/5004: loss=2.496097
2026-09-25 09:35:02   step 700/5004: loss=2.296563
2026-09-25 09:35:27   step 800/5004: loss=2.700389
2026-09-25 09:35:51   step 900/5004: loss=2.479641
2026-09-25 09:36:15   step 1000/5004: loss=2.670944
2026-09-25 09:36:39   step 1100/5004: loss=2.474307
2026-09-25 09:37:04   step 1200/5004: loss=2.523945
2026-09-25 09:37:28   step 1300/5004: loss=2.452238
2026-09-25 09:37:52   step 1400/5004: loss=2.804516
2026-09-25 09:38:16   step 1500/5004: loss=3.053789
2026-09-25 09:38:41   step 1600/5004: loss=2.645295
2026-09-25 09:39:05   step 1700/5004: loss=2.573207
2026-09-25 09:39:29   step 1800/5004: loss=2.362227
2026-09-25 09:39:53   step 1900/5004: loss=2.548634
2026-09-25 09:40:18   step 2000/5004: loss=2.377107
2026-09-25 09:40:42   step 2100/5004: loss=2.811877
2026-09-25 09:41:06   step 2200/5004: loss=2.667390
2026-09-25 09:41:30   step 2300/5004: loss=2.820700
2026-09-25 09:41:55   step 2400/5004: loss=2.597738
2026-09-25 09:42:19   step 2500/5004: loss=2.673200
2026-09-25 09:42:43   step 2600/5004: loss=2.570419
2026-09-25 09:43:07   step 2700/5004: loss=2.252073
2026-09-25 09:43:31   step 2800/5004: loss=2.405067
2026-09-25 09:43:56   step 2900/5004: loss=2.508965
2026-09-25 09:44:20   step 3000/5004: loss=2.580043
2026-09-25 09:44:44   step 3100/5004: loss=2.832866
2026-09-25 09:45:09   step 3200/5004: loss=2.588157
2026-09-25 09:45:33   step 3300/5004: loss=2.867992
2026-09-25 09:45:57   step 3400/5004: loss=2.556670
2026-09-25 09:46:22   step 3500/5004: loss=2.616844
2026-09-25 09:46:46   step 3600/5004: loss=2.736296
2026-09-25 09:47:10   step 3700/5004: loss=2.562611
2026-09-25 09:47:34   step 3800/5004: loss=2.470553
2026-09-25 09:47:59   step 3900/5004: loss=2.923611
2026-09-25 09:48:23   step 4000/5004: loss=2.614894
2026-09-25 09:48:47   step 4100/5004: loss=2.936081
2026-09-25 09:49:11   step 4200/5004: loss=2.649264
2026-09-25 09:49:36   step 4300/5004: loss=2.794409
2026-09-25 09:50:00   step 4400/5004: loss=2.678853
2026-09-25 09:50:24   step 4500/5004: loss=2.525295
2026-09-25 09:50:48   step 4600/5004: loss=2.305380
2026-09-25 09:51:13   step 4700/5004: loss=2.648367
2026-09-25 09:51:37   step 4800/5004: loss=2.904664
2026-09-25 09:52:01   step 4900/5004: loss=2.683884
2026-09-25 09:52:26   step 5000/5004: loss=2.910546
2026-09-25 09:52:36 [pjrt_ffi] RESIDENT: @resnet50in_fwd_eval holds 267 parameter tensors (97.7 MB) on 4 devices; they stop crossing PCIe from here
2026-09-25 09:53:18 Epoch 53/90: loss=2.648228 lr=0.039906
2026-09-25 09:53:18   epoch 53: test_acc = 32077/50000 = 64.154000%  top5 = 43134/50000 = 86.268000%  [95% CI 63.73–64.57]
2026-09-25 09:53:19   step 0/5004: loss=2.985261
2026-09-25 09:53:19   step 1/5004: loss=2.330860
2026-09-25 09:53:19   step 2/5004: loss=2.164887
2026-09-25 09:53:43   step 100/5004: loss=2.645970
2026-09-25 09:54:07   step 200/5004: loss=2.494983
2026-09-25 09:54:31   step 300/5004: loss=2.509886
2026-09-25 09:54:56   step 400/5004: loss=2.426339
2026-09-25 09:55:20   step 500/5004: loss=2.629553
2026-09-25 09:55:44   step 600/5004: loss=2.766872
2026-09-25 09:56:09   step 700/5004: loss=2.470860
2026-09-25 09:56:33   step 800/5004: loss=2.425841
2026-09-25 09:56:57   step 900/5004: loss=2.718071
2026-09-25 09:57:21   step 1000/5004: loss=2.642730
2026-09-25 09:57:46   step 1100/5004: loss=2.581052
2026-09-25 09:58:10   step 1200/5004: loss=2.724676
2026-09-25 09:58:34   step 1300/5004: loss=2.734140
2026-09-25 09:58:58   step 1400/5004: loss=2.628679
2026-09-25 09:59:23   step 1500/5004: loss=2.763984
2026-09-25 09:59:47   step 1600/5004: loss=2.759726
2026-09-25 10:00:11   step 1700/5004: loss=2.534403
2026-09-25 10:00:35   step 1800/5004: loss=2.832922
2026-09-25 10:00:59   step 1900/5004: loss=2.798584
2026-09-25 10:01:24   step 2000/5004: loss=2.734107
2026-09-25 10:01:48   step 2100/5004: loss=2.831142
2026-09-25 10:02:12   step 2200/5004: loss=3.006471
2026-09-25 10:02:37   step 2300/5004: loss=2.389236
2026-09-25 10:03:01   step 2400/5004: loss=2.757596
2026-09-25 10:03:25   step 2500/5004: loss=2.718548
2026-09-25 10:03:50   step 2600/5004: loss=2.633251
2026-09-25 10:04:14   step 2700/5004: loss=2.563866
2026-09-25 10:04:41   step 2800/5004: loss=2.147979
2026-09-25 10:05:05   step 2900/5004: loss=2.940948
2026-09-25 10:05:29   step 3000/5004: loss=2.637767
2026-09-25 10:05:53   step 3100/5004: loss=3.022624
2026-09-25 10:06:18   step 3200/5004: loss=2.368778
2026-09-25 10:06:42   step 3300/5004: loss=2.608168
2026-09-25 10:07:06   step 3400/5004: loss=3.057414
2026-09-25 10:07:31   step 3500/5004: loss=2.784849
2026-09-25 10:07:55   step 3600/5004: loss=2.807790
2026-09-25 10:08:19   step 3700/5004: loss=2.668231
2026-09-25 10:08:43   step 3800/5004: loss=2.883008
2026-09-25 10:09:07   step 3900/5004: loss=2.532279
2026-09-25 10:09:32   step 4000/5004: loss=2.468245
2026-09-25 10:09:56   step 4100/5004: loss=2.722279
2026-09-25 10:10:21   step 4200/5004: loss=2.434549
2026-09-25 10:10:45   step 4300/5004: loss=2.908543
2026-09-25 10:11:09   step 4400/5004: loss=2.501986
2026-09-25 10:11:33   step 4500/5004: loss=2.449078
2026-09-25 10:11:57   step 4600/5004: loss=2.361650
2026-09-25 10:12:23   step 4700/5004: loss=2.668450
2026-09-25 10:12:47   step 4800/5004: loss=2.602487
2026-09-25 10:13:11   step 4900/5004: loss=2.522812
2026-09-25 10:13:35   step 5000/5004: loss=2.692179
2026-09-25 10:13:46 [pjrt_ffi] RESIDENT: @resnet50in_fwd_eval holds 267 parameter tensors (97.7 MB) on 4 devices; they stop crossing PCIe from here
2026-09-25 10:14:32 Epoch 54/90: loss=2.634173 lr=0.038103
2026-09-25 10:14:32   epoch 54: test_acc = 31779/50000 = 63.558000%  top5 = 43006/50000 = 86.012000%  [95% CI 63.14–63.98]
2026-09-25 10:14:32   step 0/5004: loss=2.455195
2026-09-25 10:14:32   step 1/5004: loss=2.447752
2026-09-25 10:14:33   step 2/5004: loss=2.272590
2026-09-25 10:14:57   step 100/5004: loss=2.879111
2026-09-25 10:15:21   step 200/5004: loss=2.689709
2026-09-25 10:15:45   step 300/5004: loss=3.135263
2026-09-25 10:16:10   step 400/5004: loss=2.631556
2026-09-25 10:16:34   step 500/5004: loss=2.632435
2026-09-25 10:16:58   step 600/5004: loss=2.780285
2026-09-25 10:17:22   step 700/5004: loss=2.453888
2026-09-25 10:17:46   step 800/5004: loss=2.742898
2026-09-25 10:18:10   step 900/5004: loss=2.414675
2026-09-25 10:18:34   step 1000/5004: loss=2.638293
2026-09-25 10:18:59   step 1100/5004: loss=2.945907
2026-09-25 10:19:23   step 1200/5004: loss=2.596668
2026-09-25 10:19:47   step 1300/5004: loss=2.590665
2026-09-25 10:20:11   step 1400/5004: loss=2.574687
2026-09-25 10:20:36   step 1500/5004: loss=2.676125
2026-09-25 10:21:00   step 1600/5004: loss=2.167969
2026-09-25 10:21:24   step 1700/5004: loss=2.641640
2026-09-25 10:21:49   step 1800/5004: loss=1.980562
2026-09-25 10:22:13   step 1900/5004: loss=2.640837
2026-09-25 10:22:37   step 2000/5004: loss=2.531240
2026-09-25 10:23:02   step 2100/5004: loss=2.826983
2026-09-25 10:23:26   step 2200/5004: loss=2.521688
2026-09-25 10:23:50   step 2300/5004: loss=2.796660
2026-09-25 10:24:15   step 2400/5004: loss=2.839414
2026-09-25 10:24:39   step 2500/5004: loss=2.898717
2026-09-25 10:25:03   step 2600/5004: loss=2.465022
2026-09-25 10:25:27   step 2700/5004: loss=2.479089
2026-09-25 10:25:52   step 2800/5004: loss=2.437094
2026-09-25 10:26:16   step 2900/5004: loss=2.862221
2026-09-25 10:26:40   step 3000/5004: loss=2.727844
2026-09-25 10:27:04   step 3100/5004: loss=2.710792
2026-09-25 10:27:29   step 3200/5004: loss=2.095355
2026-09-25 10:27:53   step 3300/5004: loss=2.396491
2026-09-25 10:28:17   step 3400/5004: loss=2.621238
2026-09-25 10:28:42   step 3500/5004: loss=2.520945
2026-09-25 10:29:06   step 3600/5004: loss=2.822816
2026-09-25 10:29:30   step 3700/5004: loss=2.717715
2026-09-25 10:29:55   step 3800/5004: loss=2.530827
2026-09-25 10:30:19   step 3900/5004: loss=2.541068
2026-09-25 10:30:43   step 4000/5004: loss=2.678630
2026-09-25 10:31:08   step 4100/5004: loss=2.571090
2026-09-25 10:31:32   step 4200/5004: loss=2.811330
2026-09-25 10:31:56   step 4300/5004: loss=2.712010
2026-09-25 10:32:20   step 4400/5004: loss=2.770875
2026-09-25 10:32:45   step 4500/5004: loss=2.360782
2026-09-25 10:33:09   step 4600/5004: loss=2.522669
2026-09-25 10:33:33   step 4700/5004: loss=2.523460
2026-09-25 10:33:57   step 4800/5004: loss=2.527761
2026-09-25 10:34:22   step 4900/5004: loss=2.691360
2026-09-25 10:34:46   step 5000/5004: loss=2.623344
2026-09-25 10:34:54 [pjrt_ffi] RESIDENT: @resnet50in_fwd_eval holds 267 parameter tensors (97.7 MB) on 4 devices; they stop crossing PCIe from here
2026-09-25 10:35:30 Epoch 55/90: loss=2.617404 lr=0.036317
2026-09-25 10:35:30   epoch 55: test_acc = 32321/50000 = 64.642000%  top5 = 43289/50000 = 86.578000%  [95% CI 64.22–65.06]
2026-09-25 10:35:30   step 0/5004: loss=2.633681
2026-09-25 10:35:30   step 1/5004: loss=2.951019
2026-09-25 10:35:31   step 2/5004: loss=2.573204
2026-09-25 10:35:54   step 100/5004: loss=2.664619
2026-09-25 10:36:18   step 200/5004: loss=2.755850
2026-09-25 10:36:43   step 300/5004: loss=2.562533
2026-09-25 10:37:07   step 400/5004: loss=2.946304
2026-09-25 10:37:31   step 500/5004: loss=2.475514
2026-09-25 10:37:55   step 600/5004: loss=2.573004
2026-09-25 10:38:19   step 700/5004: loss=2.558621
2026-09-25 10:38:43   step 800/5004: loss=2.561899
2026-09-25 10:39:07   step 900/5004: loss=2.434142
2026-09-25 10:39:32   step 1000/5004: loss=2.660292
2026-09-25 10:39:56   step 1100/5004: loss=2.550808
2026-09-25 10:40:20   step 1200/5004: loss=2.629426
2026-09-25 10:40:44   step 1300/5004: loss=2.473170
2026-09-25 10:41:08   step 1400/5004: loss=2.487267
2026-09-25 10:41:32   step 1500/5004: loss=2.397039
2026-09-25 10:41:57   step 1600/5004: loss=2.649430
2026-09-25 10:42:21   step 1700/5004: loss=2.392798
2026-09-25 10:42:45   step 1800/5004: loss=2.498127
2026-09-25 10:43:10   step 1900/5004: loss=2.506664
2026-09-25 10:43:34   step 2000/5004: loss=2.687957
2026-09-25 10:43:58   step 2100/5004: loss=2.383225
2026-09-25 10:44:22   step 2200/5004: loss=2.253463
2026-09-25 10:44:47   step 2300/5004: loss=2.663037
2026-09-25 10:45:11   step 2400/5004: loss=2.191952
2026-09-25 10:45:35   step 2500/5004: loss=2.326654
2026-09-25 10:46:00   step 2600/5004: loss=2.596222
2026-09-25 10:46:24   step 2700/5004: loss=2.351870
2026-09-25 10:46:49   step 2800/5004: loss=2.791599
2026-09-25 10:47:13   step 2900/5004: loss=2.208055
2026-09-25 10:47:37   step 3000/5004: loss=2.237692
2026-09-25 10:48:02   step 3100/5004: loss=3.162286
2026-09-25 10:48:26   step 3200/5004: loss=2.584612
2026-09-25 10:48:50   step 3300/5004: loss=2.552824
2026-09-25 10:49:15   step 3400/5004: loss=2.362190
2026-09-25 10:49:39   step 3500/5004: loss=2.792691
2026-09-25 10:50:03   step 3600/5004: loss=2.501761
2026-09-25 10:50:27   step 3700/5004: loss=2.348431
2026-09-25 10:50:52   step 3800/5004: loss=2.156756
2026-09-25 10:51:16   step 3900/5004: loss=2.411701
2026-09-25 10:51:40   step 4000/5004: loss=2.874064
2026-09-25 10:52:04   step 4100/5004: loss=2.529951
2026-09-25 10:52:28   step 4200/5004: loss=2.623338
2026-09-25 10:52:52   step 4300/5004: loss=2.568153
2026-09-25 10:53:17   step 4400/5004: loss=2.531933
2026-09-25 10:53:41   step 4500/5004: loss=2.378485
2026-09-25 10:54:05   step 4600/5004: loss=2.190810
2026-09-25 10:54:29   step 4700/5004: loss=2.858006
2026-09-25 10:54:53   step 4800/5004: loss=2.704769
2026-09-25 10:55:17   step 4900/5004: loss=2.577523
2026-09-25 10:55:41   step 5000/5004: loss=2.434153
2026-09-25 10:55:50 [pjrt_ffi] RESIDENT: @resnet50in_fwd_eval holds 267 parameter tensors (97.7 MB) on 4 devices; they stop crossing PCIe from here
2026-09-25 10:56:26 Epoch 56/90: loss=2.596032 lr=0.034549
2026-09-25 10:56:26   epoch 56: test_acc = 32832/50000 = 65.664000%  top5 = 43587/50000 = 87.174000%  [95% CI 65.25–66.08]
2026-09-25 10:56:26   step 0/5004: loss=2.372929
2026-09-25 10:56:27   step 1/5004: loss=2.807617
2026-09-25 10:56:27   step 2/5004: loss=2.442697
2026-09-25 10:56:51   step 100/5004: loss=2.428152
2026-09-25 10:57:15   step 200/5004: loss=2.652888
2026-09-25 10:57:39   step 300/5004: loss=2.175853
2026-09-25 10:58:03   step 400/5004: loss=2.307124
2026-09-25 10:58:27   step 500/5004: loss=2.431766
2026-09-25 10:58:51   step 600/5004: loss=2.228080
2026-09-25 10:59:16   step 700/5004: loss=2.368943
2026-09-25 10:59:40   step 800/5004: loss=2.182586
2026-09-25 11:00:04   step 900/5004: loss=2.387465
2026-09-25 11:00:28   step 1000/5004: loss=2.434461
2026-09-25 11:00:52   step 1100/5004: loss=2.566181
2026-09-25 11:01:16   step 1200/5004: loss=2.347174
2026-09-25 11:01:41   step 1300/5004: loss=2.478059
2026-09-25 11:02:05   step 1400/5004: loss=2.922693
2026-09-25 11:02:29   step 1500/5004: loss=2.432946
2026-09-25 11:02:53   step 1600/5004: loss=2.480667
2026-09-25 11:03:17   step 1700/5004: loss=2.290067
2026-09-25 11:03:42   step 1800/5004: loss=2.499648
2026-09-25 11:04:06   step 1900/5004: loss=2.540515
2026-09-25 11:04:30   step 2000/5004: loss=2.795958
2026-09-25 11:04:55   step 2100/5004: loss=2.600771
2026-09-25 11:05:19   step 2200/5004: loss=2.548077
2026-09-25 11:05:43   step 2300/5004: loss=2.389552
2026-09-25 11:06:08   step 2400/5004: loss=2.667903
2026-09-25 11:06:32   step 2500/5004: loss=2.960997
2026-09-25 11:06:56   step 2600/5004: loss=2.659346
2026-09-25 11:07:20   step 2700/5004: loss=2.755172
2026-09-25 11:07:45   step 2800/5004: loss=2.642375
2026-09-25 11:08:09   step 2900/5004: loss=2.719154
2026-09-25 11:08:33   step 3000/5004: loss=2.854451
2026-09-25 11:08:57   step 3100/5004: loss=2.514146
2026-09-25 11:09:21   step 3200/5004: loss=2.392971
2026-09-25 11:09:46   step 3300/5004: loss=2.889790
2026-09-25 11:10:10   step 3400/5004: loss=2.395994
2026-09-25 11:10:34   step 3500/5004: loss=2.469872
2026-09-25 11:10:58   step 3600/5004: loss=2.867429
2026-09-25 11:11:22   step 3700/5004: loss=2.618641
2026-09-25 11:11:47   step 3800/5004: loss=2.626458
2026-09-25 11:12:11   step 3900/5004: loss=3.129936
2026-09-25 11:12:35   step 4000/5004: loss=2.423576
2026-09-25 11:12:59   step 4100/5004: loss=2.368460
2026-09-25 11:13:23   step 4200/5004: loss=2.660444
2026-09-25 11:13:48   step 4300/5004: loss=2.382718
2026-09-25 11:14:12   step 4400/5004: loss=2.551148
2026-09-25 11:14:36   step 4500/5004: loss=2.591669
2026-09-25 11:15:01   step 4600/5004: loss=2.797299
2026-09-25 11:15:25   step 4700/5004: loss=2.604436
2026-09-25 11:15:49   step 4800/5004: loss=2.627670
2026-09-25 11:16:13   step 4900/5004: loss=2.946183
2026-09-25 11:16:38   step 5000/5004: loss=2.334359
2026-09-25 11:16:46 [pjrt_ffi] RESIDENT: @resnet50in_fwd_eval holds 267 parameter tensors (97.7 MB) on 4 devices; they stop crossing PCIe from here
2026-09-25 11:17:29 Epoch 57/90: loss=2.584727 lr=0.032803
2026-09-25 11:17:29   epoch 57: test_acc = 32741/50000 = 65.482000%  top5 = 43559/50000 = 87.118000%  [95% CI 65.06–65.90]
2026-09-25 11:17:29   step 0/5004: loss=2.506567
2026-09-25 11:17:30   step 1/5004: loss=2.941671
2026-09-25 11:17:30   step 2/5004: loss=2.604108
2026-09-25 11:17:53   step 100/5004: loss=2.490521
2026-09-25 11:18:18   step 200/5004: loss=3.000338
2026-09-25 11:18:42   step 300/5004: loss=2.564239
2026-09-25 11:19:06   step 400/5004: loss=2.238659
2026-09-25 11:19:30   step 500/5004: loss=2.157885
2026-09-25 11:19:54   step 600/5004: loss=2.422306
2026-09-25 11:20:19   step 700/5004: loss=2.868338
2026-09-25 11:20:43   step 800/5004: loss=2.832244
2026-09-25 11:21:07   step 900/5004: loss=2.613335
2026-09-25 11:21:31   step 1000/5004: loss=2.485734
2026-09-25 11:21:55   step 1100/5004: loss=2.971156
2026-09-25 11:22:20   step 1200/5004: loss=2.482837
2026-09-25 11:22:44   step 1300/5004: loss=2.475647
2026-09-25 11:23:08   step 1400/5004: loss=2.378195
2026-09-25 11:23:33   step 1500/5004: loss=2.424226
2026-09-25 11:23:57   step 1600/5004: loss=2.904808
2026-09-25 11:24:21   step 1700/5004: loss=2.494292
2026-09-25 11:24:45   step 1800/5004: loss=2.554791
2026-09-25 11:25:09   step 1900/5004: loss=2.588381
2026-09-25 11:25:34   step 2000/5004: loss=2.644398
2026-09-25 11:25:58   step 2100/5004: loss=2.549221
2026-09-25 11:26:23   step 2200/5004: loss=2.950433
2026-09-25 11:26:47   step 2300/5004: loss=2.304897
2026-09-25 11:27:11   step 2400/5004: loss=2.447416
2026-09-25 11:27:36   step 2500/5004: loss=2.733393
2026-09-25 11:28:00   step 2600/5004: loss=2.571030
2026-09-25 11:28:24   step 2700/5004: loss=2.545698
2026-09-25 11:28:49   step 2800/5004: loss=2.575295
2026-09-25 11:29:13   step 2900/5004: loss=2.369129
2026-09-25 11:29:37   step 3000/5004: loss=2.644171
2026-09-25 11:30:02   step 3100/5004: loss=2.750737
2026-09-25 11:30:26   step 3200/5004: loss=2.738904
2026-09-25 11:30:50   step 3300/5004: loss=2.496397
2026-09-25 11:31:14   step 3400/5004: loss=2.383650
2026-09-25 11:31:39   step 3500/5004: loss=2.583210
2026-09-25 11:32:03   step 3600/5004: loss=2.906888
2026-09-25 11:32:27   step 3700/5004: loss=2.526289
2026-09-25 11:32:52   step 3800/5004: loss=2.571907
2026-09-25 11:33:16   step 3900/5004: loss=2.404573
2026-09-25 11:33:40   step 4000/5004: loss=2.648285
2026-09-25 11:34:05   step 4100/5004: loss=2.524110
2026-09-25 11:34:29   step 4200/5004: loss=2.583066
2026-09-25 11:34:53   step 4300/5004: loss=2.619106
2026-09-25 11:35:17   step 4400/5004: loss=2.321009
2026-09-25 11:35:42   step 4500/5004: loss=2.582147
2026-09-25 11:36:06   step 4600/5004: loss=2.479231
2026-09-25 11:36:30   step 4700/5004: loss=2.655569
2026-09-25 11:36:55   step 4800/5004: loss=2.404296
2026-09-25 11:37:19   step 4900/5004: loss=2.624937
2026-09-25 11:37:43   step 5000/5004: loss=2.339385
2026-09-25 11:37:51 [pjrt_ffi] RESIDENT: @resnet50in_fwd_eval holds 267 parameter tensors (97.7 MB) on 4 devices; they stop crossing PCIe from here
2026-09-25 11:38:28 Epoch 58/90: loss=2.566775 lr=0.031079
2026-09-25 11:38:28   epoch 58: test_acc = 33176/50000 = 66.352000%  top5 = 43960/50000 = 87.920000%  [95% CI 65.94–66.76]
2026-09-25 11:38:28   step 0/5004: loss=2.270221
2026-09-25 11:38:28   step 1/5004: loss=2.461624
2026-09-25 11:38:29   step 2/5004: loss=2.648934
2026-09-25 11:38:52   step 100/5004: loss=2.034033
2026-09-25 11:39:17   step 200/5004: loss=2.437078
2026-09-25 11:39:41   step 300/5004: loss=2.449238
2026-09-25 11:40:05   step 400/5004: loss=2.102741
2026-09-25 11:40:29   step 500/5004: loss=2.600092
2026-09-25 11:40:53   step 600/5004: loss=2.805364
2026-09-25 11:41:18   step 700/5004: loss=2.647689
2026-09-25 11:41:42   step 800/5004: loss=2.466079
2026-09-25 11:42:06   step 900/5004: loss=2.492494
2026-09-25 11:42:30   step 1000/5004: loss=2.699641
2026-09-25 11:42:55   step 1100/5004: loss=2.501959
2026-09-25 11:43:19   step 1200/5004: loss=2.419186
2026-09-25 11:43:43   step 1300/5004: loss=2.287495
2026-09-25 11:44:07   step 1400/5004: loss=2.723024
2026-09-25 11:44:31   step 1500/5004: loss=2.666204
2026-09-25 11:44:56   step 1600/5004: loss=2.302204
2026-09-25 11:45:20   step 1700/5004: loss=2.807974
2026-09-25 11:45:44   step 1800/5004: loss=2.674172
2026-09-25 11:46:08   step 1900/5004: loss=2.257422
2026-09-25 11:46:33   step 2000/5004: loss=2.394909
2026-09-25 11:46:59   step 2100/5004: loss=2.766625
2026-09-25 11:47:23   step 2200/5004: loss=2.825443
2026-09-25 11:47:47   step 2300/5004: loss=2.643742
2026-09-25 11:48:12   step 2400/5004: loss=2.672342
2026-09-25 11:48:36   step 2500/5004: loss=2.503582
2026-09-25 11:49:00   step 2600/5004: loss=2.096909
2026-09-25 11:49:24   step 2700/5004: loss=2.493938
2026-09-25 11:49:49   step 2800/5004: loss=2.527651
2026-09-25 11:50:13   step 2900/5004: loss=2.511770
2026-09-25 11:50:37   step 3000/5004: loss=2.213611
2026-09-25 11:51:01   step 3100/5004: loss=2.624977
2026-09-25 11:51:26   step 3200/5004: loss=2.773538
2026-09-25 11:51:50   step 3300/5004: loss=2.364707
2026-09-25 11:52:14   step 3400/5004: loss=2.678022
2026-09-25 11:52:38   step 3500/5004: loss=2.530383
2026-09-25 11:53:03   step 3600/5004: loss=2.336528
2026-09-25 11:53:27   step 3700/5004: loss=2.574754
2026-09-25 11:53:51   step 3800/5004: loss=2.730383
2026-09-25 11:54:15   step 3900/5004: loss=2.515467
2026-09-25 11:54:39   step 4000/5004: loss=2.315127
2026-09-25 11:55:04   step 4100/5004: loss=2.519079
2026-09-25 11:55:28   step 4200/5004: loss=2.551404
2026-09-25 11:55:52   step 4300/5004: loss=2.574877
2026-09-25 11:56:16   step 4400/5004: loss=2.708243
2026-09-25 11:56:41   step 4500/5004: loss=2.243126
2026-09-25 11:57:05   step 4600/5004: loss=2.530554
2026-09-25 11:57:29   step 4700/5004: loss=2.330257
2026-09-25 11:57:54   step 4800/5004: loss=2.318723
2026-09-25 11:58:18   step 4900/5004: loss=2.686197
2026-09-25 11:58:42   step 5000/5004: loss=2.576250
2026-09-25 11:58:51 [pjrt_ffi] RESIDENT: @resnet50in_fwd_eval holds 267 parameter tensors (97.7 MB) on 4 devices; they stop crossing PCIe from here
2026-09-25 11:59:28 Epoch 59/90: loss=2.550328 lr=0.029382
2026-09-25 11:59:28   epoch 59: test_acc = 33017/50000 = 66.034000%  top5 = 43843/50000 = 87.686000%  [95% CI 65.62–66.45]
2026-09-25 11:59:29   step 0/5004: loss=2.313904
2026-09-25 11:59:29   step 1/5004: loss=2.440833
2026-09-25 11:59:29   step 2/5004: loss=2.152416
2026-09-25 11:59:53   step 100/5004: loss=2.552929
2026-09-25 12:00:17   step 200/5004: loss=2.427472
2026-09-25 12:00:41   step 300/5004: loss=2.737774
2026-09-25 12:01:05   step 400/5004: loss=2.775351
2026-09-25 12:01:30   step 500/5004: loss=2.430372
2026-09-25 12:01:54   step 600/5004: loss=2.652162
2026-09-25 12:02:18   step 700/5004: loss=2.586476
2026-09-25 12:02:42   step 800/5004: loss=2.643312
2026-09-25 12:03:07   step 900/5004: loss=2.200579
2026-09-25 12:03:31   step 1000/5004: loss=2.577815
2026-09-25 12:03:55   step 1100/5004: loss=2.687324
2026-09-25 12:04:19   step 1200/5004: loss=2.631113
2026-09-25 12:04:44   step 1300/5004: loss=2.785679
2026-09-25 12:05:08   step 1400/5004: loss=2.271449
2026-09-25 12:05:32   step 1500/5004: loss=2.642466
2026-09-25 12:05:56   step 1600/5004: loss=2.771690
2026-09-25 12:06:20   step 1700/5004: loss=2.430413
2026-09-25 12:06:45   step 1800/5004: loss=2.971378
2026-09-25 12:07:09   step 1900/5004: loss=2.629069
2026-09-25 12:07:33   step 2000/5004: loss=2.445279
2026-09-25 12:07:58   step 2100/5004: loss=2.724977
2026-09-25 12:08:22   step 2200/5004: loss=2.242138
2026-09-25 12:08:46   step 2300/5004: loss=2.287290
2026-09-25 12:09:10   step 2400/5004: loss=2.247366
2026-09-25 12:09:35   step 2500/5004: loss=2.304547
2026-09-25 12:09:59   step 2600/5004: loss=2.572176
2026-09-25 12:10:24   step 2700/5004: loss=2.849828
2026-09-25 12:10:48   step 2800/5004: loss=2.468981
2026-09-25 12:11:12   step 2900/5004: loss=2.367278
2026-09-25 12:11:36   step 3000/5004: loss=2.444037
2026-09-25 12:12:01   step 3100/5004: loss=2.575098
2026-09-25 12:12:25   step 3200/5004: loss=2.478752
2026-09-25 12:12:49   step 3300/5004: loss=2.350113
2026-09-25 12:13:13   step 3400/5004: loss=2.286423
2026-09-25 12:13:38   step 3500/5004: loss=2.620128
2026-09-25 12:14:02   step 3600/5004: loss=2.590364
2026-09-25 12:14:26   step 3700/5004: loss=2.251808
2026-09-25 12:14:51   step 3800/5004: loss=2.321729
2026-09-25 12:15:15   step 3900/5004: loss=2.419221
2026-09-25 12:15:39   step 4000/5004: loss=2.415389
2026-09-25 12:16:03   step 4100/5004: loss=2.629235
2026-09-25 12:16:28   step 4200/5004: loss=2.511464
2026-09-25 12:16:52   step 4300/5004: loss=2.588909
2026-09-25 12:17:16   step 4400/5004: loss=2.552753
2026-09-25 12:17:40   step 4500/5004: loss=2.809193
2026-09-25 12:18:05   step 4600/5004: loss=2.490399
2026-09-25 12:18:29   step 4700/5004: loss=2.823373
2026-09-25 12:18:53   step 4800/5004: loss=2.479233
2026-09-25 12:19:17   step 4900/5004: loss=2.594896
2026-09-25 12:19:41   step 5000/5004: loss=2.499688
2026-09-25 12:19:51 [pjrt_ffi] RESIDENT: @resnet50in_fwd_eval holds 267 parameter tensors (97.7 MB) on 4 devices; they stop crossing PCIe from here
2026-09-25 12:20:31 Epoch 60/90: loss=2.529386 lr=0.027713
2026-09-25 12:20:31   epoch 60: test_acc = 33143/50000 = 66.286000%  top5 = 43800/50000 = 87.600000%  [95% CI 65.87–66.70]
2026-09-25 12:20:32   step 0/5004: loss=2.427475
2026-09-25 12:20:32   step 1/5004: loss=2.644802
2026-09-25 12:20:32   step 2/5004: loss=2.674736
2026-09-25 12:20:56   step 100/5004: loss=2.417648
2026-09-25 12:21:20   step 200/5004: loss=2.398049
2026-09-25 12:21:44   step 300/5004: loss=2.276948
2026-09-25 12:22:09   step 400/5004: loss=2.539157
2026-09-25 12:22:33   step 500/5004: loss=2.061324
2026-09-25 12:22:57   step 600/5004: loss=2.337036
2026-09-25 12:23:21   step 700/5004: loss=2.591472
2026-09-25 12:23:45   step 800/5004: loss=2.653823
2026-09-25 12:24:09   step 900/5004: loss=2.541062
2026-09-25 12:24:33   step 1000/5004: loss=2.892560
2026-09-25 12:24:58   step 1100/5004: loss=2.795438
2026-09-25 12:25:22   step 1200/5004: loss=2.607686
2026-09-25 12:25:46   step 1300/5004: loss=2.618425
2026-09-25 12:26:10   step 1400/5004: loss=2.085130
2026-09-25 12:26:34   step 1500/5004: loss=2.585892
2026-09-25 12:26:59   step 1600/5004: loss=3.051672
2026-09-25 12:27:25   step 1700/5004: loss=2.370569
2026-09-25 12:27:51   step 1800/5004: loss=2.387824
2026-09-25 12:28:15   step 1900/5004: loss=2.567240
2026-09-25 12:28:39   step 2000/5004: loss=2.431537
2026-09-25 12:29:03   step 2100/5004: loss=2.356302
2026-09-25 12:29:28   step 2200/5004: loss=2.573303
2026-09-25 12:29:52   step 2300/5004: loss=2.357130
2026-09-25 12:30:16   step 2400/5004: loss=2.340155
2026-09-25 12:30:41   step 2500/5004: loss=2.501197
2026-09-25 12:31:05   step 2600/5004: loss=2.773523
2026-09-25 12:31:29   step 2700/5004: loss=3.126930
2026-09-25 12:31:53   step 2800/5004: loss=2.287330
2026-09-25 12:32:17   step 2900/5004: loss=2.287519
2026-09-25 12:32:42   step 3000/5004: loss=2.557022
2026-09-25 12:33:06   step 3100/5004: loss=2.263310
2026-09-25 12:33:30   step 3200/5004: loss=2.767120
2026-09-25 12:33:54   step 3300/5004: loss=2.698944
2026-09-25 12:34:18   step 3400/5004: loss=2.759268
2026-09-25 12:34:42   step 3500/5004: loss=2.256982
2026-09-25 12:35:07   step 3600/5004: loss=2.308845
2026-09-25 12:35:31   step 3700/5004: loss=2.594436
2026-09-25 12:35:55   step 3800/5004: loss=2.604240
2026-09-25 12:36:19   step 3900/5004: loss=2.501698
2026-09-25 12:36:43   step 4000/5004: loss=2.457620
2026-09-25 12:37:07   step 4100/5004: loss=2.822248
2026-09-25 12:37:32   step 4200/5004: loss=2.384900
2026-09-25 12:37:56   step 4300/5004: loss=2.895712
2026-09-25 12:38:20   step 4400/5004: loss=2.507987
2026-09-25 12:38:44   step 4500/5004: loss=2.170211
2026-09-25 12:39:09   step 4600/5004: loss=2.666332
2026-09-25 12:39:33   step 4700/5004: loss=2.521294
2026-09-25 12:39:57   step 4800/5004: loss=2.865563
2026-09-25 12:40:21   step 4900/5004: loss=2.156135
2026-09-25 12:40:45   step 5000/5004: loss=2.857998
2026-09-25 12:40:53 [pjrt_ffi] RESIDENT: @resnet50in_fwd_eval holds 267 parameter tensors (97.7 MB) on 4 devices; they stop crossing PCIe from here
2026-09-25 12:41:35 Epoch 61/90: loss=2.506003 lr=0.026074
2026-09-25 12:41:35   epoch 61: test_acc = 33668/50000 = 67.336000%  top5 = 44145/50000 = 88.290000%  [95% CI 66.92–67.75]
2026-09-25 12:41:35   step 0/5004: loss=2.249969
2026-09-25 12:41:35   step 1/5004: loss=2.168706
2026-09-25 12:41:36   step 2/5004: loss=2.640278
2026-09-25 12:42:00   step 100/5004: loss=2.750440
2026-09-25 12:42:24   step 200/5004: loss=2.720237
2026-09-25 12:42:48   step 300/5004: loss=2.514521
2026-09-25 12:43:12   step 400/5004: loss=2.726548
2026-09-25 12:43:36   step 500/5004: loss=2.722083
2026-09-25 12:44:01   step 600/5004: loss=2.333879
2026-09-25 12:44:25   step 700/5004: loss=2.525180
2026-09-25 12:44:49   step 800/5004: loss=2.318909
2026-09-25 12:45:13   step 900/5004: loss=2.268155
2026-09-25 12:45:38   step 1000/5004: loss=2.550293
2026-09-25 12:46:02   step 1100/5004: loss=2.680047
2026-09-25 12:46:26   step 1200/5004: loss=2.580826
2026-09-25 12:46:50   step 1300/5004: loss=2.053042
2026-09-25 12:47:15   step 1400/5004: loss=2.365065
2026-09-25 12:47:39   step 1500/5004: loss=2.625935
2026-09-25 12:48:03   step 1600/5004: loss=2.334443
2026-09-25 12:48:27   step 1700/5004: loss=2.593982
2026-09-25 12:48:51   step 1800/5004: loss=2.595155
2026-09-25 12:49:16   step 1900/5004: loss=2.511978
2026-09-25 12:49:40   step 2000/5004: loss=2.319930
2026-09-25 12:50:04   step 2100/5004: loss=2.848657
2026-09-25 12:50:29   step 2200/5004: loss=2.437026
2026-09-25 12:50:53   step 2300/5004: loss=2.312284
2026-09-25 12:51:17   step 2400/5004: loss=2.511330
2026-09-25 12:51:42   step 2500/5004: loss=2.469862
2026-09-25 12:52:06   step 2600/5004: loss=2.582780
2026-09-25 12:52:30   step 2700/5004: loss=2.249004
2026-09-25 12:52:54   step 2800/5004: loss=2.053000
2026-09-25 12:53:19   step 2900/5004: loss=2.630628
2026-09-25 12:53:43   step 3000/5004: loss=2.560909
2026-09-25 12:54:07   step 3100/5004: loss=2.562257
2026-09-25 12:54:31   step 3200/5004: loss=2.734282
2026-09-25 12:54:56   step 3300/5004: loss=2.779815
2026-09-25 12:55:20   step 3400/5004: loss=2.428043
2026-09-25 12:55:44   step 3500/5004: loss=2.855471
2026-09-25 12:56:08   step 3600/5004: loss=2.273530
2026-09-25 12:56:32   step 3700/5004: loss=2.256223
2026-09-25 12:56:56   step 3800/5004: loss=2.244850
2026-09-25 12:57:21   step 3900/5004: loss=2.843722
2026-09-25 12:57:45   step 4000/5004: loss=2.655585
2026-09-25 12:58:09   step 4100/5004: loss=2.953839
2026-09-25 12:58:33   step 4200/5004: loss=2.377325
2026-09-25 12:58:57   step 4300/5004: loss=2.418900
2026-09-25 12:59:22   step 4400/5004: loss=2.383130
2026-09-25 12:59:48   step 4500/5004: loss=2.060859
2026-09-25 13:00:12   step 4600/5004: loss=2.689590
2026-09-25 13:00:36   step 4700/5004: loss=2.614735
2026-09-25 13:01:01   step 4800/5004: loss=2.616909
2026-09-25 13:01:25   step 4900/5004: loss=2.478121
2026-09-25 13:01:49   step 5000/5004: loss=2.572788
2026-09-25 13:01:59 [pjrt_ffi] RESIDENT: @resnet50in_fwd_eval holds 267 parameter tensors (97.7 MB) on 4 devices; they stop crossing PCIe from here
2026-09-25 13:02:40 Epoch 62/90: loss=2.493433 lr=0.024468
2026-09-25 13:02:40   epoch 62: test_acc = 33441/50000 = 66.882000%  top5 = 44019/50000 = 88.038000%  [95% CI 66.47–67.29]
2026-09-25 13:02:40   step 0/5004: loss=2.414454
2026-09-25 13:02:41   step 1/5004: loss=2.723294
2026-09-25 13:02:41   step 2/5004: loss=2.826845
2026-09-25 13:03:04   step 100/5004: loss=2.812661
2026-09-25 13:03:29   step 200/5004: loss=2.562824
2026-09-25 13:03:53   step 300/5004: loss=2.361619
2026-09-25 13:04:17   step 400/5004: loss=2.262478
2026-09-25 13:04:41   step 500/5004: loss=2.573312
2026-09-25 13:05:06   step 600/5004: loss=2.481416
2026-09-25 13:05:30   step 700/5004: loss=2.448277
2026-09-25 13:05:54   step 800/5004: loss=2.363212
2026-09-25 13:06:19   step 900/5004: loss=2.427157
2026-09-25 13:06:43   step 1000/5004: loss=2.275403
2026-09-25 13:07:07   step 1100/5004: loss=2.304699
2026-09-25 13:07:32   step 1200/5004: loss=2.550464
2026-09-25 13:07:57   step 1300/5004: loss=2.307248
2026-09-25 13:08:21   step 1400/5004: loss=2.618790
2026-09-25 13:08:46   step 1500/5004: loss=2.639681
2026-09-25 13:09:10   step 1600/5004: loss=2.374787
2026-09-25 13:09:35   step 1700/5004: loss=2.250169
2026-09-25 13:09:59   step 1800/5004: loss=2.407233
2026-09-25 13:10:24   step 1900/5004: loss=2.573529
2026-09-25 13:10:48   step 2000/5004: loss=2.559733
2026-09-25 13:11:12   step 2100/5004: loss=2.660680
2026-09-25 13:11:36   step 2200/5004: loss=2.689244
2026-09-25 13:12:00   step 2300/5004: loss=2.071809
2026-09-25 13:12:25   step 2400/5004: loss=3.227577
2026-09-25 13:12:49   step 2500/5004: loss=2.313097
2026-09-25 13:13:13   step 2600/5004: loss=1.893354
2026-09-25 13:13:38   step 2700/5004: loss=2.540844
2026-09-25 13:14:02   step 2800/5004: loss=2.373860
2026-09-25 13:14:26   step 2900/5004: loss=2.588971
2026-09-25 13:14:51   step 3000/5004: loss=2.660955
2026-09-25 13:15:15   step 3100/5004: loss=2.660887
2026-09-25 13:15:39   step 3200/5004: loss=2.439789
2026-09-25 13:16:04   step 3300/5004: loss=2.650130
2026-09-25 13:16:28   step 3400/5004: loss=2.309677
2026-09-25 13:16:52   step 3500/5004: loss=2.529619
2026-09-25 13:17:17   step 3600/5004: loss=2.501891
2026-09-25 13:17:41   step 3700/5004: loss=2.161035
2026-09-25 13:18:05   step 3800/5004: loss=2.354204
2026-09-25 13:18:30   step 3900/5004: loss=2.640903
2026-09-25 13:18:54   step 4000/5004: loss=2.713954
2026-09-25 13:19:18   step 4100/5004: loss=2.330519
2026-09-25 13:19:43   step 4200/5004: loss=2.182803
2026-09-25 13:20:07   step 4300/5004: loss=2.367796
2026-09-25 13:20:31   step 4400/5004: loss=2.526073
2026-09-25 13:20:55   step 4500/5004: loss=2.411354
2026-09-25 13:21:20   step 4600/5004: loss=2.372705
2026-09-25 13:21:44   step 4700/5004: loss=2.397466
2026-09-25 13:22:08   step 4800/5004: loss=2.245757
2026-09-25 13:22:32   step 4900/5004: loss=2.476418
2026-09-25 13:22:56   step 5000/5004: loss=2.336615
2026-09-25 13:23:06 [pjrt_ffi] RESIDENT: @resnet50in_fwd_eval holds 267 parameter tensors (97.7 MB) on 4 devices; they stop crossing PCIe from here
2026-09-25 13:23:49 Epoch 63/90: loss=2.470583 lr=0.022897
2026-09-25 13:23:49   epoch 63: test_acc = 34048/50000 = 68.096000%  top5 = 44468/50000 = 88.936000%  [95% CI 67.69–68.50]
2026-09-25 13:23:50   step 0/5004: loss=2.427193
2026-09-25 13:23:50   step 1/5004: loss=2.671983
2026-09-25 13:23:50   step 2/5004: loss=2.356862
2026-09-25 13:24:14   step 100/5004: loss=2.190274
2026-09-25 13:24:38   step 200/5004: loss=2.858700
2026-09-25 13:25:02   step 300/5004: loss=2.071296
2026-09-25 13:25:26   step 400/5004: loss=2.694252
2026-09-25 13:25:51   step 500/5004: loss=2.524047
2026-09-25 13:26:15   step 600/5004: loss=2.480206
2026-09-25 13:26:39   step 700/5004: loss=2.700732
2026-09-25 13:27:04   step 800/5004: loss=2.333911
2026-09-25 13:27:28   step 900/5004: loss=1.904573
2026-09-25 13:27:52   step 1000/5004: loss=2.818863
2026-09-25 13:28:16   step 1100/5004: loss=2.523453
2026-09-25 13:28:41   step 1200/5004: loss=2.373657
2026-09-25 13:29:05   step 1300/5004: loss=2.619061
2026-09-25 13:29:29   step 1400/5004: loss=2.491070
2026-09-25 13:29:54   step 1500/5004: loss=2.543838
2026-09-25 13:30:18   step 1600/5004: loss=2.553010
2026-09-25 13:30:42   step 1700/5004: loss=2.491868
2026-09-25 13:31:07   step 1800/5004: loss=2.378246
2026-09-25 13:31:31   step 1900/5004: loss=2.520825
2026-09-25 13:31:55   step 2000/5004: loss=2.626672
2026-09-25 13:32:19   step 2100/5004: loss=2.491532
2026-09-25 13:32:44   step 2200/5004: loss=2.288144
2026-09-25 13:33:08   step 2300/5004: loss=2.094726
2026-09-25 13:33:32   step 2400/5004: loss=2.511564
2026-09-25 13:33:56   step 2500/5004: loss=2.395652
2026-09-25 13:34:20   step 2600/5004: loss=2.468923
2026-09-25 13:34:45   step 2700/5004: loss=2.206992
2026-09-25 13:35:09   step 2800/5004: loss=2.570577
2026-09-25 13:35:33   step 2900/5004: loss=2.235888
2026-09-25 13:35:57   step 3000/5004: loss=2.040242
2026-09-25 13:36:22   step 3100/5004: loss=2.042187
2026-09-25 13:36:46   step 3200/5004: loss=2.383042
2026-09-25 13:37:10   step 3300/5004: loss=2.361813
2026-09-25 13:37:34   step 3400/5004: loss=2.818180
2026-09-25 13:37:58   step 3500/5004: loss=2.493596
2026-09-25 13:38:22   step 3600/5004: loss=2.420993
2026-09-25 13:38:46   step 3700/5004: loss=2.506548
2026-09-25 13:39:11   step 3800/5004: loss=2.637846
2026-09-25 13:39:35   step 3900/5004: loss=2.459793
2026-09-25 13:39:59   step 4000/5004: loss=2.542742
2026-09-25 13:40:24   step 4100/5004: loss=2.383362
2026-09-25 13:40:48   step 4200/5004: loss=2.038135
2026-09-25 13:41:12   step 4300/5004: loss=2.370292
2026-09-25 13:41:37   step 4400/5004: loss=2.528900
2026-09-25 13:42:01   step 4500/5004: loss=2.311523
2026-09-25 13:42:25   step 4600/5004: loss=2.084053
2026-09-25 13:42:50   step 4700/5004: loss=2.205973
2026-09-25 13:43:14   step 4800/5004: loss=2.595633
2026-09-25 13:43:38   step 4900/5004: loss=2.355811
2026-09-25 13:44:02   step 5000/5004: loss=2.370877
2026-09-25 13:44:28 [pjrt_ffi] RESIDENT: @resnet50in_fwd_eval holds 267 parameter tensors (97.7 MB) on 4 devices; they stop crossing PCIe from here
2026-09-25 13:45:03 Epoch 64/90: loss=2.453693 lr=0.021363
2026-09-25 13:45:03   epoch 64: test_acc = 34355/50000 = 68.710000%  top5 = 44498/50000 = 88.996000%  [95% CI 68.30–69.11]
2026-09-25 13:45:03   step 0/5004: loss=2.583879
2026-09-25 13:45:03   step 1/5004: loss=2.531564
2026-09-25 13:45:04   step 2/5004: loss=2.451449
2026-09-25 13:45:27   step 100/5004: loss=2.508008
2026-09-25 13:45:51   step 200/5004: loss=2.666662
2026-09-25 13:46:16   step 300/5004: loss=2.916293
2026-09-25 13:46:40   step 400/5004: loss=2.411704
2026-09-25 13:47:04   step 500/5004: loss=2.574619
2026-09-25 13:47:28   step 600/5004: loss=2.419225
2026-09-25 13:47:53   step 700/5004: loss=2.417870
2026-09-25 13:48:17   step 800/5004: loss=2.426315
2026-09-25 13:48:41   step 900/5004: loss=2.518307
2026-09-25 13:49:06   step 1000/5004: loss=2.327344
2026-09-25 13:49:30   step 1100/5004: loss=2.732702
2026-09-25 13:49:54   step 1200/5004: loss=2.347747
2026-09-25 13:50:19   step 1300/5004: loss=2.459300
2026-09-25 13:50:43   step 1400/5004: loss=2.660945
2026-09-25 13:51:07   step 1500/5004: loss=2.414764
2026-09-25 13:51:31   step 1600/5004: loss=2.867730
2026-09-25 13:51:56   step 1700/5004: loss=2.349223
2026-09-25 13:52:20   step 1800/5004: loss=2.675009
2026-09-25 13:52:45   step 1900/5004: loss=2.631531
2026-09-25 13:53:09   step 2000/5004: loss=2.165367
2026-09-25 13:53:34   step 2100/5004: loss=2.110717
2026-09-25 13:53:58   step 2200/5004: loss=2.816385
2026-09-25 13:54:22   step 2300/5004: loss=2.335415
2026-09-25 13:54:46   step 2400/5004: loss=2.467333
2026-09-25 13:55:11   step 2500/5004: loss=2.491071
2026-09-25 13:55:37   step 2600/5004: loss=2.318367
2026-09-25 13:56:01   step 2700/5004: loss=2.264188
2026-09-25 13:56:25   step 2800/5004: loss=2.225668
2026-09-25 13:56:49   step 2900/5004: loss=2.491774
2026-09-25 13:57:14   step 3000/5004: loss=2.939622
2026-09-25 13:57:38   step 3100/5004: loss=3.034942
2026-09-25 13:58:02   step 3200/5004: loss=2.363181
2026-09-25 13:58:27   step 3300/5004: loss=2.126527
2026-09-25 13:58:51   step 3400/5004: loss=2.610802
2026-09-25 13:59:15   step 3500/5004: loss=2.354306
2026-09-25 13:59:39   step 3600/5004: loss=2.569257
2026-09-25 14:00:05   step 3700/5004: loss=2.278953
2026-09-25 14:00:29   step 3800/5004: loss=2.544380
2026-09-25 14:00:53   step 3900/5004: loss=2.765334
2026-09-25 14:01:18   step 4000/5004: loss=2.726638
2026-09-25 14:01:42   step 4100/5004: loss=2.328866
2026-09-25 14:02:06   step 4200/5004: loss=2.440819
2026-09-25 14:02:30   step 4300/5004: loss=2.718070
2026-09-25 14:02:55   step 4400/5004: loss=2.345870
2026-09-25 14:03:19   step 4500/5004: loss=2.540893
2026-09-25 14:03:43   step 4600/5004: loss=2.335352
2026-09-25 14:04:07   step 4700/5004: loss=2.376182
2026-09-25 14:04:31   step 4800/5004: loss=2.564798
2026-09-25 14:04:56   step 4900/5004: loss=2.427493
2026-09-25 14:05:20   step 5000/5004: loss=2.398445
2026-09-25 14:05:27 [pjrt_ffi] RESIDENT: @resnet50in_fwd_eval holds 267 parameter tensors (97.7 MB) on 4 devices; they stop crossing PCIe from here
2026-09-25 14:06:09 Epoch 65/90: loss=2.432957 lr=0.019868
2026-09-25 14:06:09   epoch 65: test_acc = 34534/50000 = 69.068000%  top5 = 44641/50000 = 89.282000%  [95% CI 68.66–69.47]
2026-09-25 14:06:09   step 0/5004: loss=2.326766
2026-09-25 14:06:09   step 1/5004: loss=2.749079
2026-09-25 14:06:10   step 2/5004: loss=2.941371
2026-09-25 14:06:34   step 100/5004: loss=2.026778
2026-09-25 14:06:58   step 200/5004: loss=1.886398
2026-09-25 14:07:22   step 300/5004: loss=2.287656
2026-09-25 14:07:47   step 400/5004: loss=2.225057
2026-09-25 14:08:11   step 500/5004: loss=2.339534
2026-09-25 14:08:35   step 600/5004: loss=2.760687
2026-09-25 14:08:59   step 700/5004: loss=2.220768
2026-09-25 14:09:23   step 800/5004: loss=2.275362
2026-09-25 14:09:48   step 900/5004: loss=2.438893
2026-09-25 14:10:12   step 1000/5004: loss=2.317612
2026-09-25 14:10:37   step 1100/5004: loss=2.437315
2026-09-25 14:11:01   step 1200/5004: loss=2.590588
2026-09-25 14:11:25   step 1300/5004: loss=1.994985
2026-09-25 14:11:50   step 1400/5004: loss=2.523746
2026-09-25 14:12:14   step 1500/5004: loss=2.831512
2026-09-25 14:12:38   step 1600/5004: loss=2.079355
2026-09-25 14:13:02   step 1700/5004: loss=2.488526
2026-09-25 14:13:27   step 1800/5004: loss=2.848680
2026-09-25 14:13:53   step 1900/5004: loss=2.534871
2026-09-25 14:14:18   step 2000/5004: loss=2.571623
2026-09-25 14:14:42   step 2100/5004: loss=2.502685
2026-09-25 14:15:06   step 2200/5004: loss=2.302522
2026-09-25 14:15:30   step 2300/5004: loss=2.558800
2026-09-25 14:15:55   step 2400/5004: loss=2.251984
2026-09-25 14:16:19   step 2500/5004: loss=2.373700
2026-09-25 14:16:43   step 2600/5004: loss=2.313974
2026-09-25 14:17:07   step 2700/5004: loss=2.603556
2026-09-25 14:17:32   step 2800/5004: loss=2.500855
2026-09-25 14:17:56   step 2900/5004: loss=2.779588
2026-09-25 14:18:20   step 3000/5004: loss=2.285015
2026-09-25 14:18:44   step 3100/5004: loss=2.084375
2026-09-25 14:19:09   step 3200/5004: loss=2.047816
2026-09-25 14:19:33   step 3300/5004: loss=2.776152
2026-09-25 14:19:57   step 3400/5004: loss=2.570276
2026-09-25 14:20:21   step 3500/5004: loss=2.108073
2026-09-25 14:20:46   step 3600/5004: loss=2.447636
2026-09-25 14:21:10   step 3700/5004: loss=2.750907
2026-09-25 14:21:35   step 3800/5004: loss=2.626904
2026-09-25 14:21:59   step 3900/5004: loss=2.269004
2026-09-25 14:22:24   step 4000/5004: loss=2.163220
2026-09-25 14:22:48   step 4100/5004: loss=2.434386
2026-09-25 14:23:13   step 4200/5004: loss=2.533988
2026-09-25 14:23:37   step 4300/5004: loss=2.294059
2026-09-25 14:24:02   step 4400/5004: loss=2.612387
2026-09-25 14:24:26   step 4500/5004: loss=2.451049
2026-09-25 14:24:50   step 4600/5004: loss=2.332675
2026-09-25 14:25:14   step 4700/5004: loss=2.150102
2026-09-25 14:25:39   step 4800/5004: loss=2.202373
2026-09-25 14:26:03   step 4900/5004: loss=2.542839
2026-09-25 14:26:27   step 5000/5004: loss=2.626218
2026-09-25 14:26:36 [pjrt_ffi] RESIDENT: @resnet50in_fwd_eval holds 267 parameter tensors (97.7 MB) on 4 devices; they stop crossing PCIe from here
2026-09-25 14:27:11 Epoch 66/90: loss=2.409572 lr=0.018414
2026-09-25 14:27:11   epoch 66: test_acc = 34714/50000 = 69.428000%  top5 = 44708/50000 = 89.416000%  [95% CI 69.02–69.83]
2026-09-25 14:27:11   step 0/5004: loss=2.403905
2026-09-25 14:27:11   step 1/5004: loss=2.145662
2026-09-25 14:27:11   step 2/5004: loss=2.574883
2026-09-25 14:27:35   step 100/5004: loss=2.559746
2026-09-25 14:27:59   step 200/5004: loss=2.506642
2026-09-25 14:28:24   step 300/5004: loss=2.500474
2026-09-25 14:28:48   step 400/5004: loss=2.384210
2026-09-25 14:29:12   step 500/5004: loss=2.759356
2026-09-25 14:29:37   step 600/5004: loss=2.479582
2026-09-25 14:30:01   step 700/5004: loss=2.041183
2026-09-25 14:30:25   step 800/5004: loss=2.832956
2026-09-25 14:30:50   step 900/5004: loss=2.326377
2026-09-25 14:31:14   step 1000/5004: loss=2.483253
2026-09-25 14:31:38   step 1100/5004: loss=2.233075
2026-09-25 14:32:02   step 1200/5004: loss=2.592310
2026-09-25 14:32:27   step 1300/5004: loss=2.374163
2026-09-25 14:32:51   step 1400/5004: loss=2.676180
2026-09-25 14:33:15   step 1500/5004: loss=2.061346
2026-09-25 14:33:40   step 1600/5004: loss=2.479254
2026-09-25 14:34:04   step 1700/5004: loss=2.048480
2026-09-25 14:34:28   step 1800/5004: loss=2.565734
2026-09-25 14:34:52   step 1900/5004: loss=2.336138
2026-09-25 14:35:17   step 2000/5004: loss=2.586694
2026-09-25 14:35:41   step 2100/5004: loss=2.607165
2026-09-25 14:36:05   step 2200/5004: loss=2.034570
2026-09-25 14:36:29   step 2300/5004: loss=2.322404
2026-09-25 14:36:54   step 2400/5004: loss=2.926300
2026-09-25 14:37:18   step 2500/5004: loss=2.669902
2026-09-25 14:37:42   step 2600/5004: loss=2.144070
2026-09-25 14:38:07   step 2700/5004: loss=2.301219
2026-09-25 14:38:31   step 2800/5004: loss=2.700143
2026-09-25 14:38:55   step 2900/5004: loss=2.660425
2026-09-25 14:39:19   step 3000/5004: loss=2.341672
2026-09-25 14:39:44   step 3100/5004: loss=2.377674
2026-09-25 14:40:08   step 3200/5004: loss=2.685030
2026-09-25 14:40:32   step 3300/5004: loss=2.380170
2026-09-25 14:40:57   step 3400/5004: loss=2.463265
2026-09-25 14:41:21   step 3500/5004: loss=2.294899
2026-09-25 14:41:45   step 3600/5004: loss=2.502862
2026-09-25 14:42:10   step 3700/5004: loss=2.171371
2026-09-25 14:42:34   step 3800/5004: loss=2.303843
2026-09-25 14:42:58   step 3900/5004: loss=2.201747
2026-09-25 14:43:23   step 4000/5004: loss=2.228269
2026-09-25 14:43:47   step 4100/5004: loss=2.092146
2026-09-25 14:44:11   step 4200/5004: loss=2.470350
2026-09-25 14:44:36   step 4300/5004: loss=2.766199
2026-09-25 14:45:00   step 4400/5004: loss=2.209085
2026-09-25 14:45:24   step 4500/5004: loss=2.414531
2026-09-25 14:45:49   step 4600/5004: loss=2.520555
2026-09-25 14:46:13   step 4700/5004: loss=2.497940
2026-09-25 14:46:37   step 4800/5004: loss=2.788768
2026-09-25 14:47:01   step 4900/5004: loss=2.366888
2026-09-25 14:47:25   step 5000/5004: loss=2.224291
2026-09-25 14:47:35 [pjrt_ffi] RESIDENT: @resnet50in_fwd_eval holds 267 parameter tensors (97.7 MB) on 4 devices; they stop crossing PCIe from here
2026-09-25 14:48:17 Epoch 67/90: loss=2.388793 lr=0.017004
2026-09-25 14:48:17   epoch 67: test_acc = 34641/50000 = 69.282000%  top5 = 44709/50000 = 89.418000%  [95% CI 68.88–69.68]
2026-09-25 14:48:17   step 0/5004: loss=2.328995
2026-09-25 14:48:17   step 1/5004: loss=2.278408
2026-09-25 14:48:18   step 2/5004: loss=2.548110
2026-09-25 14:48:42   step 100/5004: loss=2.099076
2026-09-25 14:49:06   step 200/5004: loss=2.438392
2026-09-25 14:49:30   step 300/5004: loss=2.529601
2026-09-25 14:49:54   step 400/5004: loss=2.758244
2026-09-25 14:50:19   step 500/5004: loss=2.362535
2026-09-25 14:50:43   step 600/5004: loss=2.749772
2026-09-25 14:51:07   step 700/5004: loss=2.436478
2026-09-25 14:51:31   step 800/5004: loss=2.342056
2026-09-25 14:51:56   step 900/5004: loss=2.462007
2026-09-25 14:52:20   step 1000/5004: loss=2.272112
2026-09-25 14:52:44   step 1100/5004: loss=2.153898
2026-09-25 14:53:09   step 1200/5004: loss=2.541169
2026-09-25 14:53:33   step 1300/5004: loss=2.504981
2026-09-25 14:53:57   step 1400/5004: loss=2.605348
2026-09-25 14:54:22   step 1500/5004: loss=2.274915
2026-09-25 14:54:46   step 1600/5004: loss=2.039847
2026-09-25 14:55:10   step 1700/5004: loss=2.324972
2026-09-25 14:55:35   step 1800/5004: loss=2.748670
2026-09-25 14:55:59   step 1900/5004: loss=2.638803
2026-09-25 14:56:23   step 2000/5004: loss=2.501155
2026-09-25 14:56:47   step 2100/5004: loss=2.280353
2026-09-25 14:57:12   step 2200/5004: loss=2.652912
2026-09-25 14:57:36   step 2300/5004: loss=2.509411
2026-09-25 14:58:00   step 2400/5004: loss=2.352152
2026-09-25 14:58:25   step 2500/5004: loss=2.660489
2026-09-25 14:58:49   step 2600/5004: loss=2.510431
2026-09-25 14:59:13   step 2700/5004: loss=2.365832
2026-09-25 14:59:38   step 2800/5004: loss=2.281491
2026-09-25 15:00:02   step 2900/5004: loss=2.125893
2026-09-25 15:00:26   step 3000/5004: loss=1.877743
2026-09-25 15:00:50   step 3100/5004: loss=2.550139
2026-09-25 15:01:15   step 3200/5004: loss=2.276460
2026-09-25 15:01:39   step 3300/5004: loss=2.652769
2026-09-25 15:02:03   step 3400/5004: loss=2.559484
2026-09-25 15:02:28   step 3500/5004: loss=2.370385
2026-09-25 15:02:52   step 3600/5004: loss=2.473111
2026-09-25 15:03:16   step 3700/5004: loss=2.562726
2026-09-25 15:03:41   step 3800/5004: loss=2.142736
2026-09-25 15:04:05   step 3900/5004: loss=2.179539
2026-09-25 15:04:30   step 4000/5004: loss=2.242145
2026-09-25 15:04:54   step 4100/5004: loss=2.254348
2026-09-25 15:05:18   step 4200/5004: loss=2.252784
2026-09-25 15:05:43   step 4300/5004: loss=2.353086
2026-09-25 15:06:07   step 4400/5004: loss=2.172980
2026-09-25 15:06:31   step 4500/5004: loss=2.188256
2026-09-25 15:06:55   step 4600/5004: loss=2.278562
2026-09-25 15:07:19   step 4700/5004: loss=2.223635
2026-09-25 15:07:44   step 4800/5004: loss=2.310083
2026-09-25 15:08:08   step 4900/5004: loss=2.317793
2026-09-25 15:08:32   step 5000/5004: loss=2.369866
2026-09-25 15:08:41 [pjrt_ffi] RESIDENT: @resnet50in_fwd_eval holds 267 parameter tensors (97.7 MB) on 4 devices; they stop crossing PCIe from here
2026-09-25 15:09:21 Epoch 68/90: loss=2.363803 lr=0.015638
2026-09-25 15:09:21   epoch 68: test_acc = 34974/50000 = 69.948000%  top5 = 44919/50000 = 89.838000%  [95% CI 69.54–70.35]
2026-09-25 15:09:21   step 0/5004: loss=2.639206
2026-09-25 15:09:21   step 1/5004: loss=2.482356
2026-09-25 15:09:22   step 2/5004: loss=2.260091
2026-09-25 15:09:45   step 100/5004: loss=2.095217
2026-09-25 15:10:09   step 200/5004: loss=2.121686
2026-09-25 15:10:34   step 300/5004: loss=2.216299
2026-09-25 15:10:58   step 400/5004: loss=2.047121
2026-09-25 15:11:22   step 500/5004: loss=2.263061
2026-09-25 15:11:47   step 600/5004: loss=2.147554
2026-09-25 15:12:11   step 700/5004: loss=2.406589
2026-09-25 15:12:35   step 800/5004: loss=2.152587
2026-09-25 15:13:00   step 900/5004: loss=2.626384
2026-09-25 15:13:24   step 1000/5004: loss=2.403158
2026-09-25 15:13:48   step 1100/5004: loss=2.062053
2026-09-25 15:14:13   step 1200/5004: loss=2.620663
2026-09-25 15:14:37   step 1300/5004: loss=1.661735
2026-09-25 15:15:01   step 1400/5004: loss=2.314026
2026-09-25 15:15:25   step 1500/5004: loss=2.231773
2026-09-25 15:15:50   step 1600/5004: loss=2.316246
2026-09-25 15:16:14   step 1700/5004: loss=2.232612
2026-09-25 15:16:38   step 1800/5004: loss=2.385442
2026-09-25 15:17:03   step 1900/5004: loss=2.266359
2026-09-25 15:17:27   step 2000/5004: loss=2.247958
2026-09-25 15:17:51   step 2100/5004: loss=2.553595
2026-09-25 15:18:15   step 2200/5004: loss=2.371880
2026-09-25 15:18:40   step 2300/5004: loss=2.519565
2026-09-25 15:19:04   step 2400/5004: loss=2.350401
2026-09-25 15:19:28   step 2500/5004: loss=2.345347
2026-09-25 15:19:53   step 2600/5004: loss=2.682322
2026-09-25 15:20:17   step 2700/5004: loss=2.347426
2026-09-25 15:20:41   step 2800/5004: loss=2.472053
2026-09-25 15:21:06   step 2900/5004: loss=2.456040
2026-09-25 15:21:30   step 3000/5004: loss=2.459506
2026-09-25 15:21:54   step 3100/5004: loss=2.268578
2026-09-25 15:22:19   step 3200/5004: loss=2.281257
2026-09-25 15:22:43   step 3300/5004: loss=2.284766
2026-09-25 15:23:07   step 3400/5004: loss=2.643810
2026-09-25 15:23:31   step 3500/5004: loss=2.430572
2026-09-25 15:23:56   step 3600/5004: loss=2.127668
2026-09-25 15:24:20   step 3700/5004: loss=2.180641
2026-09-25 15:24:45   step 3800/5004: loss=2.370872
2026-09-25 15:25:09   step 3900/5004: loss=2.239575
2026-09-25 15:25:34   step 4000/5004: loss=2.676084
2026-09-25 15:25:58   step 4100/5004: loss=2.248810
2026-09-25 15:26:22   step 4200/5004: loss=2.263638
2026-09-25 15:26:47   step 4300/5004: loss=2.027693
2026-09-25 15:27:11   step 4400/5004: loss=2.198475
2026-09-25 15:27:35   step 4500/5004: loss=2.775622
2026-09-25 15:28:00   step 4600/5004: loss=2.101592
2026-09-25 15:28:24   step 4700/5004: loss=2.000091
2026-09-25 15:28:48   step 4800/5004: loss=2.601754
2026-09-25 15:29:13   step 4900/5004: loss=2.697830
2026-09-25 15:29:37   step 5000/5004: loss=2.125075
2026-09-25 15:29:46 [pjrt_ffi] RESIDENT: @resnet50in_fwd_eval holds 267 parameter tensors (97.7 MB) on 4 devices; they stop crossing PCIe from here
2026-09-25 15:30:25 Epoch 69/90: loss=2.344463 lr=0.014319
2026-09-25 15:30:25   epoch 69: test_acc = 35166/50000 = 70.332000%  top5 = 45035/50000 = 90.070000%  [95% CI 69.93–70.73]
2026-09-25 15:30:25   step 0/5004: loss=2.207279
2026-09-25 15:30:25   step 1/5004: loss=2.170604
2026-09-25 15:30:25   step 2/5004: loss=2.046059
2026-09-25 15:30:49   step 100/5004: loss=2.370976
2026-09-25 15:31:13   step 200/5004: loss=2.563999
2026-09-25 15:31:38   step 300/5004: loss=2.369700
2026-09-25 15:32:02   step 400/5004: loss=2.046808
2026-09-25 15:32:26   step 500/5004: loss=2.685834
2026-09-25 15:32:50   step 600/5004: loss=2.388633
2026-09-25 15:33:15   step 700/5004: loss=2.302098
2026-09-25 15:33:39   step 800/5004: loss=2.386010
2026-09-25 15:34:03   step 900/5004: loss=2.358120
2026-09-25 15:34:28   step 1000/5004: loss=2.228860
2026-09-25 15:34:52   step 1100/5004: loss=2.244895
2026-09-25 15:35:16   step 1200/5004: loss=2.606904
2026-09-25 15:35:40   step 1300/5004: loss=2.369175
2026-09-25 15:36:05   step 1400/5004: loss=2.097635
2026-09-25 15:36:29   step 1500/5004: loss=2.527750
2026-09-25 15:36:53   step 1600/5004: loss=2.143632
2026-09-25 15:37:18   step 1700/5004: loss=2.229505
2026-09-25 15:37:42   step 1800/5004: loss=1.953266
2026-09-25 15:38:06   step 1900/5004: loss=2.434124
2026-09-25 15:38:31   step 2000/5004: loss=2.412740
2026-09-25 15:38:55   step 2100/5004: loss=2.595547
2026-09-25 15:39:20   step 2200/5004: loss=2.111017
2026-09-25 15:39:45   step 2300/5004: loss=2.075357
2026-09-25 15:40:09   step 2400/5004: loss=2.372761
2026-09-25 15:40:33   step 2500/5004: loss=2.210095
2026-09-25 15:40:58   step 2600/5004: loss=1.943597
2026-09-25 15:41:22   step 2700/5004: loss=2.641929
2026-09-25 15:41:47   step 2800/5004: loss=2.556920
2026-09-25 15:42:11   step 2900/5004: loss=2.755194
2026-09-25 15:42:35   step 3000/5004: loss=2.391969
2026-09-25 15:43:00   step 3100/5004: loss=2.029418
2026-09-25 15:43:24   step 3200/5004: loss=2.539937
2026-09-25 15:43:48   step 3300/5004: loss=2.327821
2026-09-25 15:44:13   step 3400/5004: loss=2.105046
2026-09-25 15:44:37   step 3500/5004: loss=2.656137
2026-09-25 15:45:01   step 3600/5004: loss=2.275980
2026-09-25 15:45:26   step 3700/5004: loss=1.929371
2026-09-25 15:45:50   step 3800/5004: loss=2.606146
2026-09-25 15:46:14   step 3900/5004: loss=2.303975
2026-09-25 15:46:39   step 4000/5004: loss=2.315200
2026-09-25 15:47:03   step 4100/5004: loss=1.933041
2026-09-25 15:47:27   step 4200/5004: loss=2.059597
2026-09-25 15:47:52   step 4300/5004: loss=2.130331
2026-09-25 15:48:16   step 4400/5004: loss=1.969016
2026-09-25 15:48:40   step 4500/5004: loss=1.950711
2026-09-25 15:49:04   step 4600/5004: loss=2.502235
2026-09-25 15:49:29   step 4700/5004: loss=2.084555
2026-09-25 15:49:53   step 4800/5004: loss=2.011650
2026-09-25 15:50:17   step 4900/5004: loss=2.459927
2026-09-25 15:50:42   step 5000/5004: loss=2.304894
2026-09-25 15:50:51 [pjrt_ffi] RESIDENT: @resnet50in_fwd_eval holds 267 parameter tensors (97.7 MB) on 4 devices; they stop crossing PCIe from here
2026-09-25 15:51:30 Epoch 70/90: loss=2.325682 lr=0.013050
2026-09-25 15:51:30   epoch 70: test_acc = 35662/50000 = 71.324000%  top5 = 45261/50000 = 90.522000%  [95% CI 70.93–71.72]
2026-09-25 15:51:30   step 0/5004: loss=2.435989
2026-09-25 15:51:30   step 1/5004: loss=2.443063
2026-09-25 15:51:30   step 2/5004: loss=2.201561
2026-09-25 15:51:54   step 100/5004: loss=2.568737
2026-09-25 15:52:18   step 200/5004: loss=2.192381
2026-09-25 15:52:42   step 300/5004: loss=2.266066
2026-09-25 15:53:07   step 400/5004: loss=2.353315
2026-09-25 15:53:31   step 500/5004: loss=2.250328
2026-09-25 15:53:55   step 600/5004: loss=2.342373
2026-09-25 15:54:19   step 700/5004: loss=2.406944
2026-09-25 15:54:43   step 800/5004: loss=2.274954
2026-09-25 15:55:08   step 900/5004: loss=2.329112
2026-09-25 15:55:32   step 1000/5004: loss=2.212044
2026-09-25 15:55:56   step 1100/5004: loss=2.271366
2026-09-25 15:56:21   step 1200/5004: loss=2.376668
2026-09-25 15:56:45   step 1300/5004: loss=2.286571
2026-09-25 15:57:09   step 1400/5004: loss=2.416930
2026-09-25 15:57:34   step 1500/5004: loss=2.192995
2026-09-25 15:57:58   step 1600/5004: loss=2.031648
2026-09-25 15:58:22   step 1700/5004: loss=2.074194
2026-09-25 15:58:47   step 1800/5004: loss=2.264064
2026-09-25 15:59:11   step 1900/5004: loss=2.373535
2026-09-25 15:59:35   step 2000/5004: loss=2.127752
2026-09-25 16:00:00   step 2100/5004: loss=2.159747
2026-09-25 16:00:24   step 2200/5004: loss=2.055737
2026-09-25 16:00:48   step 2300/5004: loss=2.422209
2026-09-25 16:01:13   step 2400/5004: loss=2.346668
2026-09-25 16:01:37   step 2500/5004: loss=2.871644
2026-09-25 16:02:01   step 2600/5004: loss=2.440302
2026-09-25 16:02:25   step 2700/5004: loss=2.031804
2026-09-25 16:02:50   step 2800/5004: loss=2.587451
2026-09-25 16:03:14   step 2900/5004: loss=2.380774
2026-09-25 16:03:38   step 3000/5004: loss=2.409791
2026-09-25 16:04:02   step 3100/5004: loss=1.986628
2026-09-25 16:04:26   step 3200/5004: loss=2.238219
2026-09-25 16:04:50   step 3300/5004: loss=2.635894
2026-09-25 16:05:15   step 3400/5004: loss=1.908146
2026-09-25 16:05:39   step 3500/5004: loss=2.484509
2026-09-25 16:06:03   step 3600/5004: loss=2.196442
2026-09-25 16:06:28   step 3700/5004: loss=2.088721
2026-09-25 16:06:52   step 3800/5004: loss=1.907548
2026-09-25 16:07:16   step 3900/5004: loss=2.060294
2026-09-25 16:07:41   step 4000/5004: loss=2.632339
2026-09-25 16:08:05   step 4100/5004: loss=2.097513
2026-09-25 16:08:29   step 4200/5004: loss=2.259887
2026-09-25 16:08:53   step 4300/5004: loss=2.376168
2026-09-25 16:09:18   step 4400/5004: loss=2.557868
2026-09-25 16:09:42   step 4500/5004: loss=2.009279
2026-09-25 16:10:06   step 4600/5004: loss=2.317577
2026-09-25 16:10:31   step 4700/5004: loss=2.175808
2026-09-25 16:10:55   step 4800/5004: loss=2.457251
2026-09-25 16:11:19   step 4900/5004: loss=1.858743
2026-09-25 16:11:44   step 5000/5004: loss=2.558575
2026-09-25 16:11:53 [pjrt_ffi] RESIDENT: @resnet50in_fwd_eval holds 267 parameter tensors (97.7 MB) on 4 devices; they stop crossing PCIe from here
2026-09-25 16:12:32 Epoch 71/90: loss=2.295688 lr=0.011830
2026-09-25 16:12:32   epoch 71: test_acc = 35560/50000 = 71.120000%  top5 = 45225/50000 = 90.450000%  [95% CI 70.72–71.52]
2026-09-25 16:12:32   step 0/5004: loss=2.525060
2026-09-25 16:12:33   step 1/5004: loss=2.634476
2026-09-25 16:12:33   step 2/5004: loss=2.225595
2026-09-25 16:12:57   step 100/5004: loss=2.116964
2026-09-25 16:13:21   step 200/5004: loss=2.261269
2026-09-25 16:13:45   step 300/5004: loss=2.251245
2026-09-25 16:14:09   step 400/5004: loss=2.261266
2026-09-25 16:14:34   step 500/5004: loss=1.941894
2026-09-25 16:14:58   step 600/5004: loss=1.967549
2026-09-25 16:15:22   step 700/5004: loss=2.150711
2026-09-25 16:15:47   step 800/5004: loss=2.063742
2026-09-25 16:16:11   step 900/5004: loss=2.500195
2026-09-25 16:16:35   step 1000/5004: loss=2.445978
2026-09-25 16:17:00   step 1100/5004: loss=2.280996
2026-09-25 16:17:24   step 1200/5004: loss=2.527861
2026-09-25 16:17:48   step 1300/5004: loss=2.212236
2026-09-25 16:18:12   step 1400/5004: loss=2.323116
2026-09-25 16:18:37   step 1500/5004: loss=2.168056
2026-09-25 16:19:01   step 1600/5004: loss=2.092363
2026-09-25 16:19:25   step 1700/5004: loss=2.383757
2026-09-25 16:19:49   step 1800/5004: loss=2.378468
2026-09-25 16:20:14   step 1900/5004: loss=2.079835
2026-09-25 16:20:38   step 2000/5004: loss=2.227549
2026-09-25 16:21:02   step 2100/5004: loss=2.387643
2026-09-25 16:21:27   step 2200/5004: loss=2.427207
2026-09-25 16:21:51   step 2300/5004: loss=2.176476
2026-09-25 16:22:15   step 2400/5004: loss=2.498111
2026-09-25 16:22:39   step 2500/5004: loss=2.369108
2026-09-25 16:23:04   step 2600/5004: loss=2.335235
2026-09-25 16:23:28   step 2700/5004: loss=2.082407
2026-09-25 16:23:52   step 2800/5004: loss=2.034283
2026-09-25 16:24:17   step 2900/5004: loss=1.980757
2026-09-25 16:24:41   step 3000/5004: loss=2.229456
2026-09-25 16:25:05   step 3100/5004: loss=2.174129
2026-09-25 16:25:30   step 3200/5004: loss=2.199772
2026-09-25 16:25:54   step 3300/5004: loss=2.292788
2026-09-25 16:26:18   step 3400/5004: loss=1.832333
2026-09-25 16:26:43   step 3500/5004: loss=2.225762
2026-09-25 16:27:07   step 3600/5004: loss=2.596914
2026-09-25 16:27:31   step 3700/5004: loss=2.069141
2026-09-25 16:27:56   step 3800/5004: loss=2.219673
2026-09-25 16:28:20   step 3900/5004: loss=2.307327
2026-09-25 16:28:45   step 4000/5004: loss=2.189360
2026-09-25 16:29:09   step 4100/5004: loss=2.049395
2026-09-25 16:29:33   step 4200/5004: loss=2.079285
2026-09-25 16:29:58   step 4300/5004: loss=2.539150
2026-09-25 16:30:22   step 4400/5004: loss=2.167468
2026-09-25 16:30:47   step 4500/5004: loss=2.612210
2026-09-25 16:31:11   step 4600/5004: loss=2.386691
2026-09-25 16:31:35   step 4700/5004: loss=2.079237
2026-09-25 16:32:00   step 4800/5004: loss=2.751386
2026-09-25 16:32:24   step 4900/5004: loss=2.051744
2026-09-25 16:32:49   step 5000/5004: loss=2.141536
2026-09-25 16:32:57 [pjrt_ffi] RESIDENT: @resnet50in_fwd_eval holds 267 parameter tensors (97.7 MB) on 4 devices; they stop crossing PCIe from here
2026-09-25 16:33:35 Epoch 72/90: loss=2.270229 lr=0.010663
2026-09-25 16:33:35   epoch 72: test_acc = 35874/50000 = 71.748000%  top5 = 45433/50000 = 90.866000%  [95% CI 71.35–72.14]
2026-09-25 16:33:36   step 0/5004: loss=2.056813
2026-09-25 16:33:36   step 1/5004: loss=2.636638
2026-09-25 16:33:36   step 2/5004: loss=2.065794
2026-09-25 16:34:00   step 100/5004: loss=2.364711
2026-09-25 16:34:24   step 200/5004: loss=2.245457
2026-09-25 16:34:49   step 300/5004: loss=2.238995
2026-09-25 16:35:13   step 400/5004: loss=2.124025
2026-09-25 16:35:37   step 500/5004: loss=2.300784
2026-09-25 16:36:01   step 600/5004: loss=2.125023
2026-09-25 16:36:26   step 700/5004: loss=2.268948
2026-09-25 16:36:50   step 800/5004: loss=2.203752
2026-09-25 16:37:14   step 900/5004: loss=2.369741
2026-09-25 16:37:39   step 1000/5004: loss=2.746074
2026-09-25 16:38:03   step 1100/5004: loss=2.485326
2026-09-25 16:38:27   step 1200/5004: loss=2.386152
2026-09-25 16:38:51   step 1300/5004: loss=2.766127
2026-09-25 16:39:16   step 1400/5004: loss=2.145172
2026-09-25 16:39:40   step 1500/5004: loss=2.083829
2026-09-25 16:40:04   step 1600/5004: loss=1.973324
2026-09-25 16:40:29   step 1700/5004: loss=1.942333
2026-09-25 16:40:53   step 1800/5004: loss=2.006395
2026-09-25 16:41:17   step 1900/5004: loss=2.332764
2026-09-25 16:41:41   step 2000/5004: loss=1.948245
2026-09-25 16:42:06   step 2100/5004: loss=2.736267
2026-09-25 16:42:33   step 2200/5004: loss=2.393986
2026-09-25 16:42:57   step 2300/5004: loss=2.316414
2026-09-25 16:43:21   step 2400/5004: loss=2.409718
2026-09-25 16:43:46   step 2500/5004: loss=2.213751
2026-09-25 16:44:10   step 2600/5004: loss=2.307483
2026-09-25 16:44:34   step 2700/5004: loss=2.160767
2026-09-25 16:44:58   step 2800/5004: loss=2.188633
2026-09-25 16:45:23   step 2900/5004: loss=2.186118
2026-09-25 16:45:47   step 3000/5004: loss=2.315847
2026-09-25 16:46:11   step 3100/5004: loss=2.219005
2026-09-25 16:46:36   step 3200/5004: loss=2.221459
2026-09-25 16:47:00   step 3300/5004: loss=2.251010
2026-09-25 16:47:24   step 3400/5004: loss=2.041263
2026-09-25 16:47:48   step 3500/5004: loss=2.548561
2026-09-25 16:48:13   step 3600/5004: loss=1.941304
2026-09-25 16:48:37   step 3700/5004: loss=2.206087
2026-09-25 16:49:01   step 3800/5004: loss=2.234890
2026-09-25 16:49:25   step 3900/5004: loss=2.552579
2026-09-25 16:49:50   step 4000/5004: loss=2.211779
2026-09-25 16:50:14   step 4100/5004: loss=1.924818
2026-09-25 16:50:38   step 4200/5004: loss=1.984483
2026-09-25 16:51:03   step 4300/5004: loss=1.981488
2026-09-25 16:51:27   step 4400/5004: loss=2.281476
2026-09-25 16:51:51   step 4500/5004: loss=2.344372
2026-09-25 16:52:16   step 4600/5004: loss=2.105788
2026-09-25 16:52:40   step 4700/5004: loss=2.275595
2026-09-25 16:53:04   step 4800/5004: loss=2.365306
2026-09-25 16:53:28   step 4900/5004: loss=2.339684
2026-09-25 16:53:53   step 5000/5004: loss=2.445978
2026-09-25 16:54:02 [pjrt_ffi] RESIDENT: @resnet50in_fwd_eval holds 267 parameter tensors (97.7 MB) on 4 devices; they stop crossing PCIe from here
2026-09-25 16:54:44 Epoch 73/90: loss=2.249965 lr=0.009549
2026-09-25 16:54:44   epoch 73: test_acc = 36118/50000 = 72.236000%  top5 = 45471/50000 = 90.942000%  [95% CI 71.84–72.63]
2026-09-25 16:54:44   step 0/5004: loss=2.153932
2026-09-25 16:54:44   step 1/5004: loss=2.399062
2026-09-25 16:54:44   step 2/5004: loss=2.187242
2026-09-25 16:55:08   step 100/5004: loss=2.182829
2026-09-25 16:55:33   step 200/5004: loss=2.025327
2026-09-25 16:55:57   step 300/5004: loss=1.864321
2026-09-25 16:56:21   step 400/5004: loss=2.616856
2026-09-25 16:56:45   step 500/5004: loss=2.179633
2026-09-25 16:57:10   step 600/5004: loss=2.228895
2026-09-25 16:57:34   step 700/5004: loss=2.340156
2026-09-25 16:57:58   step 800/5004: loss=1.885276
2026-09-25 16:58:23   step 900/5004: loss=2.356620
2026-09-25 16:58:47   step 1000/5004: loss=2.082222
2026-09-25 16:59:11   step 1100/5004: loss=2.054482
2026-09-25 16:59:37   step 1200/5004: loss=2.200982
2026-09-25 17:00:01   step 1300/5004: loss=2.057484
2026-09-25 17:00:26   step 1400/5004: loss=2.083388
2026-09-25 17:00:50   step 1500/5004: loss=2.386054
2026-09-25 17:01:14   step 1600/5004: loss=2.353408
2026-09-25 17:01:38   step 1700/5004: loss=2.171004
2026-09-25 17:02:03   step 1800/5004: loss=2.197859
2026-09-25 17:02:27   step 1900/5004: loss=2.481764
2026-09-25 17:02:51   step 2000/5004: loss=2.199541
2026-09-25 17:03:16   step 2100/5004: loss=2.203291
2026-09-25 17:03:40   step 2200/5004: loss=1.997874
2026-09-25 17:04:04   step 2300/5004: loss=2.164110
2026-09-25 17:04:28   step 2400/5004: loss=2.417942
2026-09-25 17:04:52   step 2500/5004: loss=1.885028
2026-09-25 17:05:17   step 2600/5004: loss=2.169920
2026-09-25 17:05:41   step 2700/5004: loss=2.084754
2026-09-25 17:06:05   step 2800/5004: loss=2.450155
2026-09-25 17:06:29   step 2900/5004: loss=2.306400
2026-09-25 17:06:54   step 3000/5004: loss=2.356949
2026-09-25 17:07:18   step 3100/5004: loss=2.589790
2026-09-25 17:07:42   step 3200/5004: loss=2.423217
2026-09-25 17:08:07   step 3300/5004: loss=2.082373
2026-09-25 17:08:31   step 3400/5004: loss=2.182418
2026-09-25 17:08:55   step 3500/5004: loss=2.145032
2026-09-25 17:09:20   step 3600/5004: loss=2.152024
2026-09-25 17:09:44   step 3700/5004: loss=2.512880
2026-09-25 17:10:08   step 3800/5004: loss=1.929216
2026-09-25 17:10:32   step 3900/5004: loss=2.097941
2026-09-25 17:10:57   step 4000/5004: loss=2.486695
2026-09-25 17:11:22   step 4100/5004: loss=1.802810
2026-09-25 17:11:47   step 4200/5004: loss=2.044922
2026-09-25 17:12:12   step 4300/5004: loss=2.185555
2026-09-25 17:12:37   step 4400/5004: loss=2.024171
2026-09-25 17:13:01   step 4500/5004: loss=2.381362
2026-09-25 17:13:25   step 4600/5004: loss=2.535119
2026-09-25 17:13:50   step 4700/5004: loss=2.281202
2026-09-25 17:14:14   step 4800/5004: loss=2.366554
2026-09-25 17:14:38   step 4900/5004: loss=2.106486
2026-09-25 17:15:02   step 5000/5004: loss=2.168202
2026-09-25 17:15:11 [pjrt_ffi] RESIDENT: @resnet50in_fwd_eval holds 267 parameter tensors (97.7 MB) on 4 devices; they stop crossing PCIe from here
2026-09-25 17:15:52 Epoch 74/90: loss=2.222499 lr=0.008491
2026-09-25 17:15:52   epoch 74: test_acc = 36408/50000 = 72.816000%  top5 = 45636/50000 = 91.272000%  [95% CI 72.42–73.20]
2026-09-25 17:15:52   step 0/5004: loss=1.985745
2026-09-25 17:15:53   step 1/5004: loss=2.476096
2026-09-25 17:15:53   step 2/5004: loss=1.897365
2026-09-25 17:16:17   step 100/5004: loss=2.227117
2026-09-25 17:16:41   step 200/5004: loss=2.234640
2026-09-25 17:17:05   step 300/5004: loss=2.280988
2026-09-25 17:17:29   step 400/5004: loss=2.339013
2026-09-25 17:17:53   step 500/5004: loss=2.034563
2026-09-25 17:18:17   step 600/5004: loss=2.168343
2026-09-25 17:18:42   step 700/5004: loss=2.308555
2026-09-25 17:19:06   step 800/5004: loss=2.040777
2026-09-25 17:19:30   step 900/5004: loss=2.490850
2026-09-25 17:19:54   step 1000/5004: loss=2.155095
2026-09-25 17:20:18   step 1100/5004: loss=2.450539
2026-09-25 17:20:43   step 1200/5004: loss=2.080276
2026-09-25 17:21:07   step 1300/5004: loss=1.786555
2026-09-25 17:21:31   step 1400/5004: loss=2.506179
2026-09-25 17:21:56   step 1500/5004: loss=2.257172
2026-09-25 17:22:20   step 1600/5004: loss=2.399920
2026-09-25 17:22:44   step 1700/5004: loss=2.231186
2026-09-25 17:23:09   step 1800/5004: loss=2.178046
2026-09-25 17:23:33   step 1900/5004: loss=2.051930
2026-09-25 17:23:57   step 2000/5004: loss=2.235003
2026-09-25 17:24:21   step 2100/5004: loss=2.236436
2026-09-25 17:24:46   step 2200/5004: loss=1.995224
2026-09-25 17:25:10   step 2300/5004: loss=2.015369
2026-09-25 17:25:34   step 2400/5004: loss=2.502609
2026-09-25 17:25:58   step 2500/5004: loss=2.571654
2026-09-25 17:26:23   step 2600/5004: loss=2.077028
2026-09-25 17:26:47   step 2700/5004: loss=2.588050
2026-09-25 17:27:11   step 2800/5004: loss=2.526426
2026-09-25 17:27:36   step 2900/5004: loss=2.105358
2026-09-25 17:28:00   step 3000/5004: loss=2.379274
2026-09-25 17:28:24   step 3100/5004: loss=2.017511
2026-09-25 17:28:49   step 3200/5004: loss=2.286886
2026-09-25 17:29:13   step 3300/5004: loss=2.020959
2026-09-25 17:29:38   step 3400/5004: loss=2.027024
2026-09-25 17:30:02   step 3500/5004: loss=2.050831
2026-09-25 17:30:26   step 3600/5004: loss=2.212947
2026-09-25 17:30:51   step 3700/5004: loss=2.174456
2026-09-25 17:31:15   step 3800/5004: loss=2.176723
2026-09-25 17:31:39   step 3900/5004: loss=2.125191
2026-09-25 17:32:04   step 4000/5004: loss=1.815612
2026-09-25 17:32:28   step 4100/5004: loss=1.966502
2026-09-25 17:32:52   step 4200/5004: loss=2.069430
2026-09-25 17:33:16   step 4300/5004: loss=2.012151
2026-09-25 17:33:41   step 4400/5004: loss=2.367194
2026-09-25 17:34:05   step 4500/5004: loss=2.069327
2026-09-25 17:34:29   step 4600/5004: loss=2.331223
2026-09-25 17:34:53   step 4700/5004: loss=2.109520
2026-09-25 17:35:18   step 4800/5004: loss=2.052904
2026-09-25 17:35:42   step 4900/5004: loss=2.425473
2026-09-25 17:36:06   step 5000/5004: loss=1.892996
2026-09-25 17:36:15 [pjrt_ffi] RESIDENT: @resnet50in_fwd_eval holds 267 parameter tensors (97.7 MB) on 4 devices; they stop crossing PCIe from here
2026-09-25 17:36:54 Epoch 75/90: loss=2.194831 lr=0.007489
2026-09-25 17:36:54   epoch 75: test_acc = 36501/50000 = 73.002000%  top5 = 45719/50000 = 91.438000%  [95% CI 72.61–73.39]
2026-09-25 17:36:54   step 0/5004: loss=2.177077
2026-09-25 17:36:54   step 1/5004: loss=1.872754
2026-09-25 17:36:55   step 2/5004: loss=2.255841
2026-09-25 17:37:18   step 100/5004: loss=2.390244
2026-09-25 17:37:42   step 200/5004: loss=2.288873
2026-09-25 17:38:07   step 300/5004: loss=2.072397
2026-09-25 17:38:31   step 400/5004: loss=2.262025
2026-09-25 17:38:55   step 500/5004: loss=2.225914
2026-09-25 17:39:20   step 600/5004: loss=2.143804
2026-09-25 17:39:44   step 700/5004: loss=2.278534
2026-09-25 17:40:08   step 800/5004: loss=2.449369
2026-09-25 17:40:32   step 900/5004: loss=2.545882
2026-09-25 17:40:57   step 1000/5004: loss=2.130282
2026-09-25 17:41:21   step 1100/5004: loss=2.139087
2026-09-25 17:41:45   step 1200/5004: loss=2.071220
2026-09-25 17:42:10   step 1300/5004: loss=2.252257
2026-09-25 17:42:34   step 1400/5004: loss=1.991560
2026-09-25 17:42:58   step 1500/5004: loss=2.172068
2026-09-25 17:43:23   step 1600/5004: loss=2.203210
2026-09-25 17:43:47   step 1700/5004: loss=2.246892
2026-09-25 17:44:11   step 1800/5004: loss=1.994221
2026-09-25 17:44:36   step 1900/5004: loss=2.376968
2026-09-25 17:45:00   step 2000/5004: loss=2.402259
2026-09-25 17:45:24   step 2100/5004: loss=2.217338
2026-09-25 17:45:48   step 2200/5004: loss=1.735004
2026-09-25 17:46:13   step 2300/5004: loss=2.441965
2026-09-25 17:46:37   step 2400/5004: loss=1.941292
2026-09-25 17:47:02   step 2500/5004: loss=2.508215
2026-09-25 17:47:26   step 2600/5004: loss=2.228681
2026-09-25 17:47:51   step 2700/5004: loss=1.983169
2026-09-25 17:48:15   step 2800/5004: loss=2.089728
2026-09-25 17:48:39   step 2900/5004: loss=1.782990
2026-09-25 17:49:03   step 3000/5004: loss=2.157636
2026-09-25 17:49:28   step 3100/5004: loss=2.507864
2026-09-25 17:49:52   step 3200/5004: loss=2.325449
2026-09-25 17:50:16   step 3300/5004: loss=2.216701
2026-09-25 17:50:41   step 3400/5004: loss=2.031130
2026-09-25 17:51:05   step 3500/5004: loss=2.192938
2026-09-25 17:51:29   step 3600/5004: loss=1.948152
2026-09-25 17:51:53   step 3700/5004: loss=2.119326
2026-09-25 17:52:18   step 3800/5004: loss=1.925328
2026-09-25 17:52:42   step 3900/5004: loss=1.886894
2026-09-25 17:53:06   step 4000/5004: loss=2.044462
2026-09-25 17:53:31   step 4100/5004: loss=2.124253
2026-09-25 17:53:55   step 4200/5004: loss=2.378702
2026-09-25 17:54:19   step 4300/5004: loss=2.098239
2026-09-25 17:54:44   step 4400/5004: loss=2.642710
2026-09-25 17:55:08   step 4500/5004: loss=2.145511
2026-09-25 17:55:32   step 4600/5004: loss=2.185823
2026-09-25 17:55:56   step 4700/5004: loss=2.054881
2026-09-25 17:56:21   step 4800/5004: loss=2.020438
2026-09-25 17:56:45   step 4900/5004: loss=2.107956
2026-09-25 17:57:09   step 5000/5004: loss=2.458407
2026-09-25 17:57:18 [pjrt_ffi] RESIDENT: @resnet50in_fwd_eval holds 267 parameter tensors (97.7 MB) on 4 devices; they stop crossing PCIe from here
2026-09-25 17:57:56 Epoch 76/90: loss=2.162476 lr=0.006546
2026-09-25 17:57:56   epoch 76: test_acc = 36837/50000 = 73.674000%  top5 = 45865/50000 = 91.730000%  [95% CI 73.29–74.06]
2026-09-25 17:57:57   step 0/5004: loss=2.180403
2026-09-25 17:57:57   step 1/5004: loss=2.310777
2026-09-25 17:57:57   step 2/5004: loss=2.159933
2026-09-25 17:58:21   step 100/5004: loss=2.282070
2026-09-25 17:58:45   step 200/5004: loss=2.235360
2026-09-25 17:59:09   step 300/5004: loss=2.093778
2026-09-25 17:59:34   step 400/5004: loss=1.961162
2026-09-25 17:59:58   step 500/5004: loss=1.696000
2026-09-25 18:00:22   step 600/5004: loss=2.306860
2026-09-25 18:00:46   step 700/5004: loss=2.112425
2026-09-25 18:01:11   step 800/5004: loss=1.943820
2026-09-25 18:01:35   step 900/5004: loss=2.452743
2026-09-25 18:01:59   step 1000/5004: loss=1.916662
2026-09-25 18:02:24   step 1100/5004: loss=1.934871
2026-09-25 18:02:48   step 1200/5004: loss=2.143146
2026-09-25 18:03:12   step 1300/5004: loss=2.128263
2026-09-25 18:03:37   step 1400/5004: loss=2.144523
2026-09-25 18:04:01   step 1500/5004: loss=1.982055
2026-09-25 18:04:26   step 1600/5004: loss=2.107539
2026-09-25 18:04:50   step 1700/5004: loss=2.408035
2026-09-25 18:05:14   step 1800/5004: loss=2.041924
2026-09-25 18:05:39   step 1900/5004: loss=2.340479
2026-09-25 18:06:03   step 2000/5004: loss=2.183401
2026-09-25 18:06:28   step 2100/5004: loss=2.428055
2026-09-25 18:06:52   step 2200/5004: loss=2.260969
2026-09-25 18:07:16   step 2300/5004: loss=2.035032
2026-09-25 18:07:41   step 2400/5004: loss=2.178255
2026-09-25 18:08:05   step 2500/5004: loss=2.277848
2026-09-25 18:08:29   step 2600/5004: loss=2.422355
2026-09-25 18:08:54   step 2700/5004: loss=2.173707
2026-09-25 18:09:18   step 2800/5004: loss=2.062751
2026-09-25 18:09:42   step 2900/5004: loss=1.839651
2026-09-25 18:10:07   step 3000/5004: loss=2.466604
2026-09-25 18:10:31   step 3100/5004: loss=2.036891
2026-09-25 18:10:56   step 3200/5004: loss=2.019149
2026-09-25 18:11:20   step 3300/5004: loss=1.873806
2026-09-25 18:11:44   step 3400/5004: loss=2.184731
2026-09-25 18:12:09   step 3500/5004: loss=2.077379
2026-09-25 18:12:33   step 3600/5004: loss=2.584311
2026-09-25 18:12:57   step 3700/5004: loss=1.990518
2026-09-25 18:13:22   step 3800/5004: loss=1.838009
2026-09-25 18:13:46   step 3900/5004: loss=2.165010
2026-09-25 18:14:10   step 4000/5004: loss=2.192207
2026-09-25 18:14:35   step 4100/5004: loss=2.229432
2026-09-25 18:14:59   step 4200/5004: loss=1.910081
2026-09-25 18:15:24   step 4300/5004: loss=1.953977
2026-09-25 18:15:48   step 4400/5004: loss=2.312632
2026-09-25 18:16:12   step 4500/5004: loss=2.024976
2026-09-25 18:16:37   step 4600/5004: loss=1.912269
2026-09-25 18:17:01   step 4700/5004: loss=2.622892
2026-09-25 18:17:25   step 4800/5004: loss=2.193107
2026-09-25 18:17:50   step 4900/5004: loss=1.925613
2026-09-25 18:18:14   step 5000/5004: loss=1.784675
2026-09-25 18:18:23 [pjrt_ffi] RESIDENT: @resnet50in_fwd_eval holds 267 parameter tensors (97.7 MB) on 4 devices; they stop crossing PCIe from here
2026-09-25 18:19:04 Epoch 77/90: loss=2.135838 lr=0.005661
2026-09-25 18:19:04   epoch 77: test_acc = 37103/50000 = 74.206000%  top5 = 46048/50000 = 92.096000%  [95% CI 73.82–74.59]
2026-09-25 18:19:04   step 0/5004: loss=2.161009
2026-09-25 18:19:04   step 1/5004: loss=2.013341
2026-09-25 18:19:05   step 2/5004: loss=1.981115
2026-09-25 18:19:28   step 100/5004: loss=2.094867
2026-09-25 18:19:53   step 200/5004: loss=2.184359
2026-09-25 18:20:17   step 300/5004: loss=2.099712
2026-09-25 18:20:41   step 400/5004: loss=1.956455
2026-09-25 18:21:05   step 500/5004: loss=1.893033
2026-09-25 18:21:30   step 600/5004: loss=2.185459
2026-09-25 18:21:54   step 700/5004: loss=2.154681
2026-09-25 18:22:18   step 800/5004: loss=2.130188
2026-09-25 18:22:42   step 900/5004: loss=1.899483
2026-09-25 18:23:07   step 1000/5004: loss=2.372329
2026-09-25 18:23:31   step 1100/5004: loss=1.872957
2026-09-25 18:23:55   step 1200/5004: loss=2.003649
2026-09-25 18:24:20   step 1300/5004: loss=1.790167
2026-09-25 18:24:44   step 1400/5004: loss=1.876829
2026-09-25 18:25:09   step 1500/5004: loss=2.034192
2026-09-25 18:25:33   step 1600/5004: loss=2.096664
2026-09-25 18:25:57   step 1700/5004: loss=1.962180
2026-09-25 18:26:22   step 1800/5004: loss=1.940506
2026-09-25 18:26:46   step 1900/5004: loss=1.824003
2026-09-25 18:27:11   step 2000/5004: loss=2.249127
2026-09-25 18:27:35   step 2100/5004: loss=2.406190
2026-09-25 18:27:59   step 2200/5004: loss=1.987304
2026-09-25 18:28:24   step 2300/5004: loss=2.238031
2026-09-25 18:28:49   step 2400/5004: loss=1.907015
2026-09-25 18:29:13   step 2500/5004: loss=1.888511
2026-09-25 18:29:37   step 2600/5004: loss=2.110045
2026-09-25 18:30:02   step 2700/5004: loss=2.652353
2026-09-25 18:30:26   step 2800/5004: loss=1.903340
2026-09-25 18:30:51   step 2900/5004: loss=2.280557
2026-09-25 18:31:15   step 3000/5004: loss=2.018281
2026-09-25 18:31:39   step 3100/5004: loss=1.957175
2026-09-25 18:32:04   step 3200/5004: loss=2.199220
2026-09-25 18:32:28   step 3300/5004: loss=2.254471
2026-09-25 18:32:53   step 3400/5004: loss=1.910180
2026-09-25 18:33:17   step 3500/5004: loss=1.908631
2026-09-25 18:33:41   step 3600/5004: loss=2.078747
2026-09-25 18:34:06   step 3700/5004: loss=1.942204
2026-09-25 18:34:30   step 3800/5004: loss=1.759725
2026-09-25 18:34:55   step 3900/5004: loss=2.172667
2026-09-25 18:35:19   step 4000/5004: loss=2.070346
2026-09-25 18:35:43   step 4100/5004: loss=1.726548
2026-09-25 18:36:08   step 4200/5004: loss=1.842860
2026-09-25 18:36:33   step 4300/5004: loss=2.401177
2026-09-25 18:36:57   step 4400/5004: loss=2.265214
2026-09-25 18:37:21   step 4500/5004: loss=2.015205
2026-09-25 18:37:46   step 4600/5004: loss=1.902544
2026-09-25 18:38:10   step 4700/5004: loss=1.973494
2026-09-25 18:38:35   step 4800/5004: loss=2.156822
2026-09-25 18:38:59   step 4900/5004: loss=2.183372
2026-09-25 18:39:23   step 5000/5004: loss=2.317454
2026-09-25 18:39:32 [pjrt_ffi] RESIDENT: @resnet50in_fwd_eval holds 267 parameter tensors (97.7 MB) on 4 devices; they stop crossing PCIe from here
2026-09-25 18:40:25 Epoch 78/90: loss=2.110738 lr=0.004838
2026-09-25 18:40:25   epoch 78: test_acc = 37089/50000 = 74.178000%  top5 = 46100/50000 = 92.200000%  [95% CI 73.79–74.56]
2026-09-25 18:40:26   step 0/5004: loss=1.923146
2026-09-25 18:40:26   step 1/5004: loss=2.110102
2026-09-25 18:40:26   step 2/5004: loss=2.071230
2026-09-25 18:40:50   step 100/5004: loss=2.085820
2026-09-25 18:41:14   step 200/5004: loss=2.049961
2026-09-25 18:41:38   step 300/5004: loss=2.400254
2026-09-25 18:42:02   step 400/5004: loss=1.989292
2026-09-25 18:42:27   step 500/5004: loss=2.132367
2026-09-25 18:42:51   step 600/5004: loss=1.985245
2026-09-25 18:43:15   step 700/5004: loss=2.269602
2026-09-25 18:43:40   step 800/5004: loss=2.120176
2026-09-25 18:44:04   step 900/5004: loss=2.012663
2026-09-25 18:44:28   step 1000/5004: loss=2.156916
2026-09-25 18:44:53   step 1100/5004: loss=2.141586
2026-09-25 18:45:17   step 1200/5004: loss=2.168670
2026-09-25 18:45:41   step 1300/5004: loss=2.008667
2026-09-25 18:46:05   step 1400/5004: loss=2.105667
2026-09-25 18:46:30   step 1500/5004: loss=2.103244
2026-09-25 18:46:54   step 1600/5004: loss=2.301024
2026-09-25 18:47:18   step 1700/5004: loss=2.307879
2026-09-25 18:47:43   step 1800/5004: loss=2.077874
2026-09-25 18:48:07   step 1900/5004: loss=2.368383
2026-09-25 18:48:31   step 2000/5004: loss=2.006338
2026-09-25 18:48:56   step 2100/5004: loss=2.073538
2026-09-25 18:49:20   step 2200/5004: loss=2.086766
2026-09-25 18:49:44   step 2300/5004: loss=2.156460
2026-09-25 18:50:09   step 2400/5004: loss=2.414147
2026-09-25 18:50:33   step 2500/5004: loss=2.125011
2026-09-25 18:50:59   step 2600/5004: loss=1.842307
2026-09-25 18:51:23   step 2700/5004: loss=2.151879
2026-09-25 18:51:47   step 2800/5004: loss=2.544729
2026-09-25 18:52:11   step 2900/5004: loss=2.227018
2026-09-25 18:52:36   step 3000/5004: loss=2.034401
2026-09-25 18:53:00   step 3100/5004: loss=1.945272
2026-09-25 18:53:24   step 3200/5004: loss=2.450713
2026-09-25 18:53:49   step 3300/5004: loss=1.964052
2026-09-25 18:54:13   step 3400/5004: loss=2.078461
2026-09-25 18:54:37   step 3500/5004: loss=2.115185
2026-09-25 18:55:02   step 3600/5004: loss=2.214608
2026-09-25 18:55:26   step 3700/5004: loss=1.903664
2026-09-25 18:55:51   step 3800/5004: loss=2.124053
2026-09-25 18:56:15   step 3900/5004: loss=2.303892
2026-09-25 18:56:39   step 4000/5004: loss=1.855094
2026-09-25 18:57:04   step 4100/5004: loss=1.965510
2026-09-25 18:57:28   step 4200/5004: loss=2.041294
2026-09-25 18:57:52   step 4300/5004: loss=1.861800
2026-09-25 18:58:17   step 4400/5004: loss=2.216909
2026-09-25 18:58:41   step 4500/5004: loss=1.839146
2026-09-25 18:59:05   step 4600/5004: loss=2.271190
2026-09-25 18:59:29   step 4700/5004: loss=2.214564
2026-09-25 18:59:54   step 4800/5004: loss=2.020584
2026-09-25 19:00:18   step 4900/5004: loss=1.979024
2026-09-25 19:00:42   step 5000/5004: loss=1.780334
2026-09-25 19:00:54 [pjrt_ffi] RESIDENT: @resnet50in_fwd_eval holds 267 parameter tensors (97.7 MB) on 4 devices; they stop crossing PCIe from here
2026-09-25 19:01:36 Epoch 79/90: loss=2.086330 lr=0.004076
2026-09-25 19:01:36   epoch 79: test_acc = 37391/50000 = 74.782000%  top5 = 46182/50000 = 92.364000%  [95% CI 74.40–75.16]
2026-09-25 19:01:37   step 0/5004: loss=1.981017
2026-09-25 19:01:37   step 1/5004: loss=2.264932
2026-09-25 19:01:37   step 2/5004: loss=2.005160
2026-09-25 19:02:01   step 100/5004: loss=1.820107
2026-09-25 19:02:25   step 200/5004: loss=1.889269
2026-09-25 19:02:50   step 300/5004: loss=1.860685
2026-09-25 19:03:14   step 400/5004: loss=1.933053
2026-09-25 19:03:38   step 500/5004: loss=1.878890
2026-09-25 19:04:02   step 600/5004: loss=2.261964
2026-09-25 19:04:27   step 700/5004: loss=2.194509
2026-09-25 19:04:51   step 800/5004: loss=2.413204
2026-09-25 19:05:15   step 900/5004: loss=2.048616
2026-09-25 19:05:40   step 1000/5004: loss=2.430983
2026-09-25 19:06:04   step 1100/5004: loss=1.980452
2026-09-25 19:06:28   step 1200/5004: loss=2.119153
2026-09-25 19:06:52   step 1300/5004: loss=1.774231
2026-09-25 19:07:17   step 1400/5004: loss=2.010965
2026-09-25 19:07:41   step 1500/5004: loss=2.492334
2026-09-25 19:08:05   step 1600/5004: loss=1.939892
2026-09-25 19:08:30   step 1700/5004: loss=1.834528
2026-09-25 19:08:54   step 1800/5004: loss=2.057071
2026-09-25 19:09:18   step 1900/5004: loss=2.227714
2026-09-25 19:09:43   step 2000/5004: loss=2.348665
2026-09-25 19:10:07   step 2100/5004: loss=1.978749
2026-09-25 19:10:31   step 2200/5004: loss=2.117904
2026-09-25 19:10:55   step 2300/5004: loss=2.120108
2026-09-25 19:11:20   step 2400/5004: loss=2.199574
2026-09-25 19:11:44   step 2500/5004: loss=1.733267
2026-09-25 19:12:08   step 2600/5004: loss=1.889321
2026-09-25 19:12:32   step 2700/5004: loss=2.016153
2026-09-25 19:12:57   step 2800/5004: loss=1.972627
2026-09-25 19:13:21   step 2900/5004: loss=1.748596
2026-09-25 19:13:46   step 3000/5004: loss=2.095593
2026-09-25 19:14:10   step 3100/5004: loss=2.092427
2026-09-25 19:14:36   step 3200/5004: loss=2.095203
2026-09-25 19:15:00   step 3300/5004: loss=2.061977
2026-09-25 19:15:24   step 3400/5004: loss=2.056501
2026-09-25 19:15:49   step 3500/5004: loss=2.193531
2026-09-25 19:16:13   step 3600/5004: loss=1.786825
2026-09-25 19:16:38   step 3700/5004: loss=2.438719
2026-09-25 19:17:02   step 3800/5004: loss=1.940149
2026-09-25 19:17:26   step 3900/5004: loss=1.969909
2026-09-25 19:17:51   step 4000/5004: loss=2.030127
2026-09-25 19:18:15   step 4100/5004: loss=2.224517
2026-09-25 19:18:39   step 4200/5004: loss=1.860321
2026-09-25 19:19:04   step 4300/5004: loss=2.020444
2026-09-25 19:19:28   step 4400/5004: loss=2.292263
2026-09-25 19:19:52   step 4500/5004: loss=1.894623
2026-09-25 19:20:17   step 4600/5004: loss=2.001881
2026-09-25 19:20:41   step 4700/5004: loss=2.138865
2026-09-25 19:21:05   step 4800/5004: loss=2.076956
2026-09-25 19:21:29   step 4900/5004: loss=2.077636
2026-09-25 19:21:54   step 5000/5004: loss=1.955181
2026-09-25 19:22:04 [pjrt_ffi] RESIDENT: @resnet50in_fwd_eval holds 267 parameter tensors (97.7 MB) on 4 devices; they stop crossing PCIe from here
2026-09-25 19:22:48 Epoch 80/90: loss=2.056800 lr=0.003376
2026-09-25 19:22:48   epoch 80: test_acc = 37612/50000 = 75.224000%  top5 = 46269/50000 = 92.538000%  [95% CI 74.84–75.60]
2026-09-25 19:22:49   step 0/5004: loss=2.144228
2026-09-25 19:22:49   step 1/5004: loss=1.997883
2026-09-25 19:22:49   step 2/5004: loss=2.147698
2026-09-25 19:23:13   step 100/5004: loss=2.011512
2026-09-25 19:23:37   step 200/5004: loss=1.904434
2026-09-25 19:24:01   step 300/5004: loss=1.799946
2026-09-25 19:24:26   step 400/5004: loss=2.127468
2026-09-25 19:24:50   step 500/5004: loss=1.813302
2026-09-25 19:25:14   step 600/5004: loss=1.970421
2026-09-25 19:25:38   step 700/5004: loss=2.038225
2026-09-25 19:26:02   step 800/5004: loss=1.997995
2026-09-25 19:26:27   step 900/5004: loss=1.991620
2026-09-25 19:26:51   step 1000/5004: loss=1.899722
2026-09-25 19:27:15   step 1100/5004: loss=1.904149
2026-09-25 19:27:40   step 1200/5004: loss=2.116720
2026-09-25 19:28:04   step 1300/5004: loss=2.230551
2026-09-25 19:28:28   step 1400/5004: loss=2.064392
2026-09-25 19:28:55   step 1500/5004: loss=1.961918
2026-09-25 19:29:20   step 1600/5004: loss=2.146181
2026-09-25 19:29:44   step 1700/5004: loss=2.025321
2026-09-25 19:30:08   step 1800/5004: loss=2.100067
2026-09-25 19:30:33   step 1900/5004: loss=1.840370
2026-09-25 19:30:57   step 2000/5004: loss=2.186443
2026-09-25 19:31:22   step 2100/5004: loss=1.970879
2026-09-25 19:31:46   step 2200/5004: loss=1.856382
2026-09-25 19:32:10   step 2300/5004: loss=2.039981
2026-09-25 19:32:34   step 2400/5004: loss=1.881535
2026-09-25 19:32:59   step 2500/5004: loss=1.937149
2026-09-25 19:33:23   step 2600/5004: loss=2.308671
2026-09-25 19:33:47   step 2700/5004: loss=2.148086
2026-09-25 19:34:12   step 2800/5004: loss=2.171050
2026-09-25 19:34:36   step 2900/5004: loss=2.127439
2026-09-25 19:35:00   step 3000/5004: loss=1.987265
2026-09-25 19:35:25   step 3100/5004: loss=2.119418
2026-09-25 19:35:49   step 3200/5004: loss=2.020664
2026-09-25 19:36:13   step 3300/5004: loss=1.937635
2026-09-25 19:36:37   step 3400/5004: loss=2.232325
2026-09-25 19:37:02   step 3500/5004: loss=2.278758
2026-09-25 19:37:26   step 3600/5004: loss=2.039199
2026-09-25 19:37:50   step 3700/5004: loss=1.924628
2026-09-25 19:38:15   step 3800/5004: loss=1.954933
2026-09-25 19:38:40   step 3900/5004: loss=1.955076
2026-09-25 19:39:04   step 4000/5004: loss=2.038223
2026-09-25 19:39:29   step 4100/5004: loss=2.057044
2026-09-25 19:39:53   step 4200/5004: loss=2.168348
2026-09-25 19:40:18   step 4300/5004: loss=2.029315
2026-09-25 19:40:42   step 4400/5004: loss=1.757284
2026-09-25 19:41:07   step 4500/5004: loss=1.878778
2026-09-25 19:41:31   step 4600/5004: loss=1.889999
2026-09-25 19:41:56   step 4700/5004: loss=2.210425
2026-09-25 19:42:20   step 4800/5004: loss=2.049549
2026-09-25 19:42:44   step 4900/5004: loss=2.478343
2026-09-25 19:43:09   step 5000/5004: loss=2.238880
2026-09-25 19:43:16 [pjrt_ffi] RESIDENT: @resnet50in_fwd_eval holds 267 parameter tensors (97.7 MB) on 4 devices; they stop crossing PCIe from here
2026-09-25 19:43:53 Epoch 81/90: loss=2.030851 lr=0.002741
2026-09-25 19:43:53   epoch 81: test_acc = 37823/50000 = 75.646000%  top5 = 46374/50000 = 92.748000%  [95% CI 75.27–76.02]
2026-09-25 19:43:53   step 0/5004: loss=1.972303
2026-09-25 19:43:53   step 1/5004: loss=2.154807
2026-09-25 19:43:54   step 2/5004: loss=1.842659
2026-09-25 19:44:18   step 100/5004: loss=2.171855
2026-09-25 19:44:42   step 200/5004: loss=2.125496
2026-09-25 19:45:07   step 300/5004: loss=1.581097
2026-09-25 19:45:31   step 400/5004: loss=1.824064
2026-09-25 19:45:55   step 500/5004: loss=2.055142
2026-09-25 19:46:20   step 600/5004: loss=2.055565
2026-09-25 19:46:44   step 700/5004: loss=2.038301
2026-09-25 19:47:08   step 800/5004: loss=2.353472
2026-09-25 19:47:33   step 900/5004: loss=1.672781
2026-09-25 19:47:57   step 1000/5004: loss=1.923253
2026-09-25 19:48:21   step 1100/5004: loss=1.939905
2026-09-25 19:48:46   step 1200/5004: loss=2.041123
2026-09-25 19:49:10   step 1300/5004: loss=2.048114
2026-09-25 19:49:34   step 1400/5004: loss=2.006317
2026-09-25 19:49:59   step 1500/5004: loss=2.057899
2026-09-25 19:50:23   step 1600/5004: loss=1.976983
2026-09-25 19:50:48   step 1700/5004: loss=2.011570
2026-09-25 19:51:12   step 1800/5004: loss=2.085640
2026-09-25 19:51:37   step 1900/5004: loss=1.986794
2026-09-25 19:52:01   step 2000/5004: loss=2.044970
2026-09-25 19:52:25   step 2100/5004: loss=1.867053
2026-09-25 19:52:50   step 2200/5004: loss=1.950807
2026-09-25 19:53:14   step 2300/5004: loss=2.023506
2026-09-25 19:53:38   step 2400/5004: loss=1.959308
2026-09-25 19:54:03   step 2500/5004: loss=2.010834
2026-09-25 19:54:27   step 2600/5004: loss=2.082235
2026-09-25 19:54:52   step 2700/5004: loss=2.026719
2026-09-25 19:55:16   step 2800/5004: loss=2.049275
2026-09-25 19:55:40   step 2900/5004: loss=2.064732
2026-09-25 19:56:05   step 3000/5004: loss=2.385413
2026-09-25 19:56:29   step 3100/5004: loss=1.910397
2026-09-25 19:56:54   step 3200/5004: loss=1.801627
2026-09-25 19:57:18   step 3300/5004: loss=1.899298
2026-09-25 19:57:42   step 3400/5004: loss=1.996574
2026-09-25 19:58:07   step 3500/5004: loss=1.679536
2026-09-25 19:58:31   step 3600/5004: loss=1.864622
2026-09-25 19:58:55   step 3700/5004: loss=1.738598
2026-09-25 19:59:20   step 3800/5004: loss=1.976807
2026-09-25 19:59:44   step 3900/5004: loss=1.759400
2026-09-25 20:00:08   step 4000/5004: loss=1.696273
2026-09-25 20:00:33   step 4100/5004: loss=1.945234
2026-09-25 20:00:57   step 4200/5004: loss=1.888953
2026-09-25 20:01:21   step 4300/5004: loss=2.331009
2026-09-25 20:01:46   step 4400/5004: loss=2.002257
2026-09-25 20:02:10   step 4500/5004: loss=1.909436
2026-09-25 20:02:35   step 4600/5004: loss=2.471669
2026-09-25 20:02:59   step 4700/5004: loss=2.171729
2026-09-25 20:03:23   step 4800/5004: loss=2.017911
2026-09-25 20:03:48   step 4900/5004: loss=1.915340
2026-09-25 20:04:12   step 5000/5004: loss=1.779729
2026-09-25 20:04:22 [pjrt_ffi] RESIDENT: @resnet50in_fwd_eval holds 267 parameter tensors (97.7 MB) on 4 devices; they stop crossing PCIe from here
2026-09-25 20:05:07 Epoch 82/90: loss=2.006818 lr=0.002170
2026-09-25 20:05:07   epoch 82: test_acc = 37929/50000 = 75.858000%  top5 = 46482/50000 = 92.964000%  [95% CI 75.48–76.23]
2026-09-25 20:05:08   step 0/5004: loss=1.938142
2026-09-25 20:05:08   step 1/5004: loss=1.906424
2026-09-25 20:05:08   step 2/5004: loss=1.984311
2026-09-25 20:05:32   step 100/5004: loss=2.010052
2026-09-25 20:05:56   step 200/5004: loss=1.778731
2026-09-25 20:06:21   step 300/5004: loss=2.062339
2026-09-25 20:06:45   step 400/5004: loss=1.996183
2026-09-25 20:07:09   step 500/5004: loss=2.071461
2026-09-25 20:07:34   step 600/5004: loss=2.232945
2026-09-25 20:07:58   step 700/5004: loss=2.147885
2026-09-25 20:08:23   step 800/5004: loss=1.974487
2026-09-25 20:08:47   step 900/5004: loss=2.125196
2026-09-25 20:09:11   step 1000/5004: loss=1.957669
2026-09-25 20:09:36   step 1100/5004: loss=2.073059
2026-09-25 20:10:00   step 1200/5004: loss=1.993991
2026-09-25 20:10:24   step 1300/5004: loss=2.009889
2026-09-25 20:10:48   step 1400/5004: loss=1.893184
2026-09-25 20:11:13   step 1500/5004: loss=2.053238
2026-09-25 20:11:37   step 1600/5004: loss=1.898823
2026-09-25 20:12:01   step 1700/5004: loss=2.007004
2026-09-25 20:12:26   step 1800/5004: loss=2.092648
2026-09-25 20:12:50   step 1900/5004: loss=1.907097
2026-09-25 20:13:15   step 2000/5004: loss=2.022000
2026-09-25 20:13:39   step 2100/5004: loss=1.976516
2026-09-25 20:14:03   step 2200/5004: loss=1.810284
2026-09-25 20:14:28   step 2300/5004: loss=1.958653
2026-09-25 20:14:52   step 2400/5004: loss=1.644957
2026-09-25 20:15:17   step 2500/5004: loss=1.936076
2026-09-25 20:15:41   step 2600/5004: loss=1.850322
2026-09-25 20:16:05   step 2700/5004: loss=1.739707
2026-09-25 20:16:30   step 2800/5004: loss=1.851607
2026-09-25 20:16:54   step 2900/5004: loss=2.127573
2026-09-25 20:17:19   step 3000/5004: loss=1.921275
2026-09-25 20:17:43   step 3100/5004: loss=1.898534
2026-09-25 20:18:07   step 3200/5004: loss=2.040625
2026-09-25 20:18:32   step 3300/5004: loss=1.825438
2026-09-25 20:18:56   step 3400/5004: loss=1.973653
2026-09-25 20:19:21   step 3500/5004: loss=1.824643
2026-09-25 20:19:45   step 3600/5004: loss=1.990835
2026-09-25 20:20:09   step 3700/5004: loss=1.983765
2026-09-25 20:20:34   step 3800/5004: loss=1.973915
2026-09-25 20:20:59   step 3900/5004: loss=2.295230
2026-09-25 20:21:24   step 4000/5004: loss=1.829204
2026-09-25 20:21:48   step 4100/5004: loss=2.191814
2026-09-25 20:22:12   step 4200/5004: loss=1.893307
2026-09-25 20:22:36   step 4300/5004: loss=1.727636
2026-09-25 20:23:01   step 4400/5004: loss=1.931637
2026-09-25 20:23:25   step 4500/5004: loss=2.120091
2026-09-25 20:23:49   step 4600/5004: loss=1.734498
2026-09-25 20:24:14   step 4700/5004: loss=1.872558
2026-09-25 20:24:38   step 4800/5004: loss=1.814293
2026-09-25 20:25:02   step 4900/5004: loss=2.296170
2026-09-25 20:25:26   step 5000/5004: loss=1.908714
2026-09-25 20:25:35 [pjrt_ffi] RESIDENT: @resnet50in_fwd_eval holds 267 parameter tensors (97.7 MB) on 4 devices; they stop crossing PCIe from here
2026-09-25 20:26:19 Epoch 83/90: loss=1.986209 lr=0.001664
2026-09-25 20:26:19   epoch 83: test_acc = 38010/50000 = 76.020000%  top5 = 46507/50000 = 93.014000%  [95% CI 75.64–76.39]
2026-09-25 20:26:20   step 0/5004: loss=1.939839
2026-09-25 20:26:20   step 1/5004: loss=1.882127
2026-09-25 20:26:20   step 2/5004: loss=1.879647
2026-09-25 20:26:44   step 100/5004: loss=2.220555
2026-09-25 20:27:08   step 200/5004: loss=2.022831
2026-09-25 20:27:32   step 300/5004: loss=1.877293
2026-09-25 20:27:57   step 400/5004: loss=2.227266
2026-09-25 20:28:21   step 500/5004: loss=1.910320
2026-09-25 20:28:46   step 600/5004: loss=2.096042
2026-09-25 20:29:10   step 700/5004: loss=2.143684
2026-09-25 20:29:34   step 800/5004: loss=1.930421
2026-09-25 20:29:58   step 900/5004: loss=1.728688
2026-09-25 20:30:23   step 1000/5004: loss=1.894621
2026-09-25 20:30:47   step 1100/5004: loss=1.880163
2026-09-25 20:31:11   step 1200/5004: loss=1.834868
2026-09-25 20:31:36   step 1300/5004: loss=1.832122
2026-09-25 20:32:00   step 1400/5004: loss=2.099132
2026-09-25 20:32:25   step 1500/5004: loss=1.922753
2026-09-25 20:32:49   step 1600/5004: loss=2.031369
2026-09-25 20:33:13   step 1700/5004: loss=1.855214
2026-09-25 20:33:38   step 1800/5004: loss=1.898350
2026-09-25 20:34:02   step 1900/5004: loss=1.794489
2026-09-25 20:34:26   step 2000/5004: loss=2.019675
2026-09-25 20:34:51   step 2100/5004: loss=2.076971
2026-09-25 20:35:15   step 2200/5004: loss=2.011553
2026-09-25 20:35:39   step 2300/5004: loss=1.909500
2026-09-25 20:36:04   step 2400/5004: loss=2.158366
2026-09-25 20:36:29   step 2500/5004: loss=1.798180
2026-09-25 20:36:53   step 2600/5004: loss=2.204994
2026-09-25 20:37:17   step 2700/5004: loss=1.906920
2026-09-25 20:37:42   step 2800/5004: loss=2.002721
2026-09-25 20:38:06   step 2900/5004: loss=2.045877
2026-09-25 20:38:30   step 3000/5004: loss=2.042750
2026-09-25 20:38:55   step 3100/5004: loss=1.951041
2026-09-25 20:39:19   step 3200/5004: loss=1.835091
2026-09-25 20:39:44   step 3300/5004: loss=2.130925
2026-09-25 20:40:08   step 3400/5004: loss=1.978478
2026-09-25 20:40:33   step 3500/5004: loss=1.943073
2026-09-25 20:40:57   step 3600/5004: loss=1.806993
2026-09-25 20:41:21   step 3700/5004: loss=1.952554
2026-09-25 20:41:46   step 3800/5004: loss=2.241440
2026-09-25 20:42:10   step 3900/5004: loss=1.808849
2026-09-25 20:42:34   step 4000/5004: loss=2.098616
2026-09-25 20:42:59   step 4100/5004: loss=1.847827
2026-09-25 20:43:23   step 4200/5004: loss=1.933992
2026-09-25 20:43:47   step 4300/5004: loss=2.200228
2026-09-25 20:44:12   step 4400/5004: loss=1.555537
2026-09-25 20:44:36   step 4500/5004: loss=2.133840
2026-09-25 20:45:00   step 4600/5004: loss=1.725676
2026-09-25 20:45:25   step 4700/5004: loss=1.779640
2026-09-25 20:45:49   step 4800/5004: loss=1.755025
2026-09-25 20:46:13   step 4900/5004: loss=1.937457
2026-09-25 20:46:38   step 5000/5004: loss=1.903876
2026-09-25 20:46:48 [pjrt_ffi] RESIDENT: @resnet50in_fwd_eval holds 267 parameter tensors (97.7 MB) on 4 devices; they stop crossing PCIe from here
2026-09-25 20:47:29 Epoch 84/90: loss=1.962807 lr=0.001224
2026-09-25 20:47:29   epoch 84: test_acc = 38277/50000 = 76.554000%  top5 = 46524/50000 = 93.048000%  [95% CI 76.18–76.92]
2026-09-25 20:47:30   step 0/5004: loss=2.058576
2026-09-25 20:47:30   step 1/5004: loss=2.031421
2026-09-25 20:47:30   step 2/5004: loss=1.954213
2026-09-25 20:47:54   step 100/5004: loss=1.625412
2026-09-25 20:48:18   step 200/5004: loss=1.725884
2026-09-25 20:48:43   step 300/5004: loss=1.981576
2026-09-25 20:49:07   step 400/5004: loss=2.449111
2026-09-25 20:49:31   step 500/5004: loss=1.909617
2026-09-25 20:49:56   step 600/5004: loss=2.037107
2026-09-25 20:50:20   step 700/5004: loss=1.746461
2026-09-25 20:50:44   step 800/5004: loss=1.703399
2026-09-25 20:51:09   step 900/5004: loss=1.580465
2026-09-25 20:51:33   step 1000/5004: loss=2.074979
2026-09-25 20:51:58   step 1100/5004: loss=2.141723
2026-09-25 20:52:22   step 1200/5004: loss=1.945151
2026-09-25 20:52:47   step 1300/5004: loss=1.729729
2026-09-25 20:53:11   step 1400/5004: loss=2.205793
2026-09-25 20:53:35   step 1500/5004: loss=1.706674
2026-09-25 20:54:00   step 1600/5004: loss=2.184185
2026-09-25 20:54:24   step 1700/5004: loss=2.079787
2026-09-25 20:54:49   step 1800/5004: loss=1.704572
2026-09-25 20:55:13   step 1900/5004: loss=1.589166
2026-09-25 20:55:37   step 2000/5004: loss=2.017690
2026-09-25 20:56:01   step 2100/5004: loss=2.116652
2026-09-25 20:56:26   step 2200/5004: loss=1.979525
2026-09-25 20:56:50   step 2300/5004: loss=1.650147
2026-09-25 20:57:14   step 2400/5004: loss=2.110968
2026-09-25 20:57:38   step 2500/5004: loss=2.258923
2026-09-25 20:58:03   step 2600/5004: loss=2.013914
2026-09-25 20:58:27   step 2700/5004: loss=1.889326
2026-09-25 20:58:51   step 2800/5004: loss=1.747360
2026-09-25 20:59:16   step 2900/5004: loss=1.899307
2026-09-25 20:59:40   step 3000/5004: loss=1.913023
2026-09-25 21:00:05   step 3100/5004: loss=2.165920
2026-09-25 21:00:29   step 3200/5004: loss=2.056821
2026-09-25 21:00:53   step 3300/5004: loss=2.218366
2026-09-25 21:01:18   step 3400/5004: loss=1.711636
2026-09-25 21:01:42   step 3500/5004: loss=2.114165
2026-09-25 21:02:06   step 3600/5004: loss=1.976672
2026-09-25 21:02:31   step 3700/5004: loss=1.880699
2026-09-25 21:02:55   step 3800/5004: loss=2.029142
2026-09-25 21:03:19   step 3900/5004: loss=1.699768
2026-09-25 21:03:44   step 4000/5004: loss=1.805787
2026-09-25 21:04:08   step 4100/5004: loss=1.754140
2026-09-25 21:04:32   step 4200/5004: loss=2.111034
2026-09-25 21:04:56   step 4300/5004: loss=1.798179
2026-09-25 21:05:21   step 4400/5004: loss=1.993231
2026-09-25 21:05:46   step 4500/5004: loss=2.064753
2026-09-25 21:06:10   step 4600/5004: loss=1.950373
2026-09-25 21:06:34   step 4700/5004: loss=1.737293
2026-09-25 21:06:58   step 4800/5004: loss=1.918230
2026-09-25 21:07:23   step 4900/5004: loss=1.773186
2026-09-25 21:07:47   step 5000/5004: loss=1.747849
2026-09-25 21:07:56 [pjrt_ffi] RESIDENT: @resnet50in_fwd_eval holds 267 parameter tensors (97.7 MB) on 4 devices; they stop crossing PCIe from here
2026-09-25 21:08:38 Epoch 85/90: loss=1.939140 lr=0.000851
2026-09-25 21:08:38   epoch 85: test_acc = 38358/50000 = 76.716000%  top5 = 46603/50000 = 93.206000%  [95% CI 76.34–77.08]
2026-09-25 21:08:39   step 0/5004: loss=1.822914
2026-09-25 21:08:39   step 1/5004: loss=1.923685
2026-09-25 21:08:39   step 2/5004: loss=1.711864
2026-09-25 21:09:03   step 100/5004: loss=1.817506
2026-09-25 21:09:27   step 200/5004: loss=2.028624
2026-09-25 21:09:51   step 300/5004: loss=1.802686
2026-09-25 21:10:15   step 400/5004: loss=1.778454
2026-09-25 21:10:40   step 500/5004: loss=2.041710
2026-09-25 21:11:04   step 600/5004: loss=1.681129
2026-09-25 21:11:29   step 700/5004: loss=1.886627
2026-09-25 21:11:53   step 800/5004: loss=2.165182
2026-09-25 21:12:17   step 900/5004: loss=2.312943
2026-09-25 21:12:42   step 1000/5004: loss=1.926684
2026-09-25 21:13:06   step 1100/5004: loss=2.015825
2026-09-25 21:13:30   step 1200/5004: loss=2.031686
2026-09-25 21:13:55   step 1300/5004: loss=2.158001
2026-09-25 21:14:19   step 1400/5004: loss=2.100318
2026-09-25 21:14:44   step 1500/5004: loss=1.562687
2026-09-25 21:15:09   step 1600/5004: loss=1.975786
2026-09-25 21:15:33   step 1700/5004: loss=2.032553
2026-09-25 21:15:58   step 1800/5004: loss=2.123455
2026-09-25 21:16:22   step 1900/5004: loss=2.105330
2026-09-25 21:16:47   step 2000/5004: loss=1.800096
2026-09-25 21:17:11   step 2100/5004: loss=2.316178
2026-09-25 21:17:35   step 2200/5004: loss=1.852887
2026-09-25 21:17:59   step 2300/5004: loss=1.657599
2026-09-25 21:18:24   step 2400/5004: loss=1.836820
2026-09-25 21:18:48   step 2500/5004: loss=1.898665
2026-09-25 21:19:12   step 2600/5004: loss=1.704440
2026-09-25 21:19:37   step 2700/5004: loss=1.937927
2026-09-25 21:20:01   step 2800/5004: loss=1.885380
2026-09-25 21:20:25   step 2900/5004: loss=2.011615
2026-09-25 21:20:50   step 3000/5004: loss=2.059797
2026-09-25 21:21:14   step 3100/5004: loss=1.596696
2026-09-25 21:21:38   step 3200/5004: loss=2.043600
2026-09-25 21:22:03   step 3300/5004: loss=2.205247
2026-09-25 21:22:27   step 3400/5004: loss=1.903533
2026-09-25 21:22:51   step 3500/5004: loss=1.889519
2026-09-25 21:23:16   step 3600/5004: loss=1.830194
2026-09-25 21:23:40   step 3700/5004: loss=2.231072
2026-09-25 21:24:05   step 3800/5004: loss=1.927314
2026-09-25 21:24:29   step 3900/5004: loss=1.779968
2026-09-25 21:24:53   step 4000/5004: loss=1.783834
2026-09-25 21:25:18   step 4100/5004: loss=2.081712
2026-09-25 21:25:42   step 4200/5004: loss=1.871817
2026-09-25 21:26:07   step 4300/5004: loss=2.053889
2026-09-25 21:26:31   step 4400/5004: loss=1.941289
2026-09-25 21:26:55   step 4500/5004: loss=2.071528
2026-09-25 21:27:20   step 4600/5004: loss=1.850446
2026-09-25 21:27:44   step 4700/5004: loss=1.812256
2026-09-25 21:28:08   step 4800/5004: loss=1.635405
2026-09-25 21:28:33   step 4900/5004: loss=1.727077
2026-09-25 21:28:57   step 5000/5004: loss=1.887666
2026-09-25 21:29:06 [pjrt_ffi] RESIDENT: @resnet50in_fwd_eval holds 267 parameter tensors (97.7 MB) on 4 devices; they stop crossing PCIe from here
2026-09-25 21:29:52 Epoch 86/90: loss=1.926379 lr=0.000545
2026-09-25 21:29:52   epoch 86: test_acc = 38424/50000 = 76.848000%  top5 = 46668/50000 = 93.336000%  [95% CI 76.48–77.22]
2026-09-25 21:29:52   step 0/5004: loss=2.131795
2026-09-25 21:29:53   step 1/5004: loss=1.814588
2026-09-25 21:29:53   step 2/5004: loss=1.920496
2026-09-25 21:30:17   step 100/5004: loss=1.907021
2026-09-25 21:30:41   step 200/5004: loss=2.146111
2026-09-25 21:31:06   step 300/5004: loss=1.955450
2026-09-25 21:31:30   step 400/5004: loss=2.062841
2026-09-25 21:31:55   step 500/5004: loss=1.889747
2026-09-25 21:32:19   step 600/5004: loss=1.866173
2026-09-25 21:32:43   step 700/5004: loss=1.776707
2026-09-25 21:33:08   step 800/5004: loss=1.855435
2026-09-25 21:33:32   step 900/5004: loss=1.967582
2026-09-25 21:33:56   step 1000/5004: loss=1.994715
2026-09-25 21:34:21   step 1100/5004: loss=1.678567
2026-09-25 21:34:45   step 1200/5004: loss=1.955892
2026-09-25 21:35:09   step 1300/5004: loss=1.779588
2026-09-25 21:35:34   step 1400/5004: loss=2.062382
2026-09-25 21:35:58   step 1500/5004: loss=1.924321
2026-09-25 21:36:23   step 1600/5004: loss=2.083560
2026-09-25 21:36:47   step 1700/5004: loss=1.904068
2026-09-25 21:37:11   step 1800/5004: loss=1.796630
2026-09-25 21:37:36   step 1900/5004: loss=2.196562
2026-09-25 21:38:00   step 2000/5004: loss=1.672882
2026-09-25 21:38:24   step 2100/5004: loss=2.136244
2026-09-25 21:38:49   step 2200/5004: loss=1.891697
2026-09-25 21:39:13   step 2300/5004: loss=1.879039
2026-09-25 21:39:37   step 2400/5004: loss=1.942866
2026-09-25 21:40:02   step 2500/5004: loss=2.134923
2026-09-25 21:40:26   step 2600/5004: loss=1.695199
2026-09-25 21:40:51   step 2700/5004: loss=2.061394
2026-09-25 21:41:15   step 2800/5004: loss=1.949809
2026-09-25 21:41:39   step 2900/5004: loss=2.197860
2026-09-25 21:42:04   step 3000/5004: loss=2.118642
2026-09-25 21:42:28   step 3100/5004: loss=1.954437
2026-09-25 21:42:52   step 3200/5004: loss=2.113854
2026-09-25 21:43:17   step 3300/5004: loss=1.591011
2026-09-25 21:43:41   step 3400/5004: loss=1.890287
2026-09-25 21:44:05   step 3500/5004: loss=2.016414
2026-09-25 21:44:30   step 3600/5004: loss=2.029469
2026-09-25 21:44:54   step 3700/5004: loss=1.713909
2026-09-25 21:45:18   step 3800/5004: loss=1.698530
2026-09-25 21:45:43   step 3900/5004: loss=2.275752
2026-09-25 21:46:07   step 4000/5004: loss=2.107245
2026-09-25 21:46:32   step 4100/5004: loss=1.828972
2026-09-25 21:46:56   step 4200/5004: loss=1.880218
2026-09-25 21:47:21   step 4300/5004: loss=1.877247
2026-09-25 21:47:45   step 4400/5004: loss=1.751695
2026-09-25 21:48:09   step 4500/5004: loss=1.683453
2026-09-25 21:48:34   step 4600/5004: loss=2.175837
2026-09-25 21:48:58   step 4700/5004: loss=1.813278
2026-09-25 21:49:23   step 4800/5004: loss=1.961706
2026-09-25 21:49:47   step 4900/5004: loss=1.834464
2026-09-25 21:50:11   step 5000/5004: loss=1.757463
2026-09-25 21:50:18 [pjrt_ffi] RESIDENT: @resnet50in_fwd_eval holds 267 parameter tensors (97.7 MB) on 4 devices; they stop crossing PCIe from here
2026-09-25 21:50:50 Epoch 87/90: loss=1.917559 lr=0.000307
2026-09-25 21:50:50   epoch 87: test_acc = 38498/50000 = 76.996000%  top5 = 46693/50000 = 93.386000%  [95% CI 76.63–77.36]
2026-09-25 21:50:50   step 0/5004: loss=1.816676
2026-09-25 21:50:50   step 1/5004: loss=1.728236
2026-09-25 21:50:51   step 2/5004: loss=1.973725
2026-09-25 21:51:14   step 100/5004: loss=1.724092
2026-09-25 21:51:39   step 200/5004: loss=1.908240
2026-09-25 21:52:03   step 300/5004: loss=1.795929
2026-09-25 21:52:27   step 400/5004: loss=2.120534
2026-09-25 21:52:52   step 500/5004: loss=1.863453
2026-09-25 21:53:16   step 600/5004: loss=2.020118
2026-09-25 21:53:40   step 700/5004: loss=1.824562
2026-09-25 21:54:05   step 800/5004: loss=1.988287
2026-09-25 21:54:29   step 900/5004: loss=1.973215
2026-09-25 21:54:53   step 1000/5004: loss=1.845428
2026-09-25 21:55:18   step 1100/5004: loss=2.047095
2026-09-25 21:55:42   step 1200/5004: loss=1.900620
2026-09-25 21:56:07   step 1300/5004: loss=1.996649
2026-09-25 21:56:31   step 1400/5004: loss=1.864042
2026-09-25 21:56:55   step 1500/5004: loss=1.626333
2026-09-25 21:57:20   step 1600/5004: loss=2.010765
2026-09-25 21:57:44   step 1700/5004: loss=1.931723
2026-09-25 21:58:09   step 1800/5004: loss=1.776735
2026-09-25 21:58:33   step 1900/5004: loss=2.181229
2026-09-25 21:58:57   step 2000/5004: loss=1.737437
2026-09-25 21:59:22   step 2100/5004: loss=1.868027
2026-09-25 21:59:46   step 2200/5004: loss=1.890352
2026-09-25 22:00:11   step 2300/5004: loss=1.673656
2026-09-25 22:00:35   step 2400/5004: loss=2.032670
2026-09-25 22:00:59   step 2500/5004: loss=1.971108
2026-09-25 22:01:24   step 2600/5004: loss=1.771863
2026-09-25 22:01:48   step 2700/5004: loss=1.836875
2026-09-25 22:02:12   step 2800/5004: loss=1.945418
2026-09-25 22:02:37   step 2900/5004: loss=2.288947
2026-09-25 22:03:01   step 3000/5004: loss=2.141242
2026-09-25 22:03:25   step 3100/5004: loss=1.985560
2026-09-25 22:03:50   step 3200/5004: loss=1.707577
2026-09-25 22:04:14   step 3300/5004: loss=1.519579
2026-09-25 22:04:38   step 3400/5004: loss=1.736188
2026-09-25 22:05:03   step 3500/5004: loss=2.015884
2026-09-25 22:05:27   step 3600/5004: loss=1.846391
2026-09-25 22:05:51   step 3700/5004: loss=1.835199
2026-09-25 22:06:16   step 3800/5004: loss=2.064574
2026-09-25 22:06:40   step 3900/5004: loss=2.029137
2026-09-25 22:07:04   step 4000/5004: loss=2.016243
2026-09-25 22:07:29   step 4100/5004: loss=2.059876
2026-09-25 22:07:53   step 4200/5004: loss=1.812527
2026-09-25 22:08:18   step 4300/5004: loss=1.698260
2026-09-25 22:08:43   step 4400/5004: loss=2.253011
2026-09-25 22:09:07   step 4500/5004: loss=1.783444
2026-09-25 22:09:32   step 4600/5004: loss=1.989930
2026-09-25 22:09:56   step 4700/5004: loss=1.807155
2026-09-25 22:10:21   step 4800/5004: loss=1.726265
2026-09-25 22:10:45   step 4900/5004: loss=1.820986
2026-09-25 22:11:09   step 5000/5004: loss=1.906253
2026-09-25 22:11:19 [pjrt_ffi] RESIDENT: @resnet50in_fwd_eval holds 267 parameter tensors (97.7 MB) on 4 devices; they stop crossing PCIe from here
2026-09-25 22:11:58 Epoch 88/90: loss=1.906935 lr=0.000137
2026-09-25 22:11:58   epoch 88: test_acc = 38539/50000 = 77.078000%  top5 = 46677/50000 = 93.354000%  [95% CI 76.71–77.44]
2026-09-25 22:11:58   step 0/5004: loss=1.881127
2026-09-25 22:11:59   step 1/5004: loss=1.699418
2026-09-25 22:11:59   step 2/5004: loss=1.784262
2026-09-25 22:12:23   step 100/5004: loss=2.011316
2026-09-25 22:12:47   step 200/5004: loss=2.221578
2026-09-25 22:13:11   step 300/5004: loss=1.856595
2026-09-25 22:13:35   step 400/5004: loss=1.652319
2026-09-25 22:14:00   step 500/5004: loss=1.633184
2026-09-25 22:14:24   step 600/5004: loss=1.853047
2026-09-25 22:14:49   step 700/5004: loss=1.980421
2026-09-25 22:15:13   step 800/5004: loss=1.831567
2026-09-25 22:15:37   step 900/5004: loss=1.916987
2026-09-25 22:16:01   step 1000/5004: loss=1.955821
2026-09-25 22:16:26   step 1100/5004: loss=1.600207
2026-09-25 22:16:50   step 1200/5004: loss=1.867362
2026-09-25 22:17:15   step 1300/5004: loss=2.071318
2026-09-25 22:17:39   step 1400/5004: loss=1.970683
2026-09-25 22:18:03   step 1500/5004: loss=1.719400
2026-09-25 22:18:28   step 1600/5004: loss=1.885140
2026-09-25 22:18:52   step 1700/5004: loss=1.865700
2026-09-25 22:19:16   step 1800/5004: loss=1.929576
2026-09-25 22:19:41   step 1900/5004: loss=1.846889
2026-09-25 22:20:05   step 2000/5004: loss=1.955145
2026-09-25 22:20:30   step 2100/5004: loss=1.974494
2026-09-25 22:20:54   step 2200/5004: loss=1.944327
2026-09-25 22:21:18   step 2300/5004: loss=2.353282
2026-09-25 22:21:43   step 2400/5004: loss=1.815776
2026-09-25 22:22:07   step 2500/5004: loss=1.764416
2026-09-25 22:22:31   step 2600/5004: loss=2.022707
2026-09-25 22:22:56   step 2700/5004: loss=1.731866
2026-09-25 22:23:20   step 2800/5004: loss=1.741680
2026-09-25 22:23:44   step 2900/5004: loss=1.619925
2026-09-25 22:24:09   step 3000/5004: loss=1.533018
2026-09-25 22:24:33   step 3100/5004: loss=1.985469
2026-09-25 22:24:57   step 3200/5004: loss=1.812833
2026-09-25 22:25:21   step 3300/5004: loss=1.790956
2026-09-25 22:25:46   step 3400/5004: loss=2.141775
2026-09-25 22:26:10   step 3500/5004: loss=1.886034
2026-09-25 22:26:35   step 3600/5004: loss=1.680388
2026-09-25 22:26:59   step 3700/5004: loss=2.063922
2026-09-25 22:27:23   step 3800/5004: loss=1.907279
2026-09-25 22:27:48   step 3900/5004: loss=1.975983
2026-09-25 22:28:12   step 4000/5004: loss=1.999629
2026-09-25 22:28:36   step 4100/5004: loss=2.096153
2026-09-25 22:29:01   step 4200/5004: loss=1.878379
2026-09-25 22:29:25   step 4300/5004: loss=1.818464
2026-09-25 22:29:49   step 4400/5004: loss=1.873155
2026-09-25 22:30:14   step 4500/5004: loss=1.767973
2026-09-25 22:30:38   step 4600/5004: loss=1.834098
2026-09-25 22:31:02   step 4700/5004: loss=1.943523
2026-09-25 22:31:27   step 4800/5004: loss=1.702121
2026-09-25 22:31:51   step 4900/5004: loss=1.969491
2026-09-25 22:32:15   step 5000/5004: loss=1.651882
2026-09-25 22:32:24 [pjrt_ffi] RESIDENT: @resnet50in_fwd_eval holds 267 parameter tensors (97.7 MB) on 4 devices; they stop crossing PCIe from here
2026-09-25 22:33:07 Epoch 89/90: loss=1.900566 lr=0.000034
2026-09-25 22:33:07   epoch 89: test_acc = 38545/50000 = 77.090000%  top5 = 46725/50000 = 93.450000%  [95% CI 76.72–77.46]
2026-09-25 22:33:08   step 0/5004: loss=1.993079
2026-09-25 22:33:08   step 1/5004: loss=1.589983
2026-09-25 22:33:08   step 2/5004: loss=1.787912
2026-09-25 22:33:32   step 100/5004: loss=1.813310
2026-09-25 22:33:56   step 200/5004: loss=1.531217
2026-09-25 22:34:20   step 300/5004: loss=1.966514
2026-09-25 22:34:45   step 400/5004: loss=2.117802
2026-09-25 22:35:09   step 500/5004: loss=1.792827
2026-09-25 22:35:34   step 600/5004: loss=1.968525
2026-09-25 22:35:58   step 700/5004: loss=1.947899
2026-09-25 22:36:23   step 800/5004: loss=2.055987
2026-09-25 22:36:47   step 900/5004: loss=1.657163
2026-09-25 22:37:11   step 1000/5004: loss=1.826464
2026-09-25 22:37:36   step 1100/5004: loss=1.869151
2026-09-25 22:38:00   step 1200/5004: loss=1.973048
2026-09-25 22:38:25   step 1300/5004: loss=1.828815
2026-09-25 22:38:49   step 1400/5004: loss=1.985704
2026-09-25 22:39:13   step 1500/5004: loss=1.980683
2026-09-25 22:39:38   step 1600/5004: loss=1.860795
2026-09-25 22:40:02   step 1700/5004: loss=2.047086
2026-09-25 22:40:27   step 1800/5004: loss=1.804403
2026-09-25 22:40:51   step 1900/5004: loss=1.786884
2026-09-25 22:41:15   step 2000/5004: loss=1.933957
2026-09-25 22:41:40   step 2100/5004: loss=1.733562
2026-09-25 22:42:04   step 2200/5004: loss=2.081565
2026-09-25 22:42:28   step 2300/5004: loss=1.920761
2026-09-25 22:42:53   step 2400/5004: loss=1.975624
2026-09-25 22:43:17   step 2500/5004: loss=2.029800
2026-09-25 22:43:42   step 2600/5004: loss=1.857315
2026-09-25 22:44:06   step 2700/5004: loss=1.650637
2026-09-25 22:44:30   step 2800/5004: loss=1.875511
2026-09-25 22:44:55   step 2900/5004: loss=1.849421
2026-09-25 22:45:19   step 3000/5004: loss=2.014962
2026-09-25 22:45:44   step 3100/5004: loss=1.658279
2026-09-25 22:46:08   step 3200/5004: loss=1.804543
2026-09-25 22:46:32   step 3300/5004: loss=1.759703
2026-09-25 22:46:57   step 3400/5004: loss=2.003508
2026-09-25 22:47:21   step 3500/5004: loss=2.148183
2026-09-25 22:47:45   step 3600/5004: loss=1.878360
2026-09-25 22:48:10   step 3700/5004: loss=2.016280
2026-09-25 22:48:34   step 3800/5004: loss=2.069686
2026-09-25 22:48:58   step 3900/5004: loss=1.815096
2026-09-25 22:49:22   step 4000/5004: loss=1.896353
2026-09-25 22:49:47   step 4100/5004: loss=1.910313
2026-09-25 22:50:11   step 4200/5004: loss=1.795833
2026-09-25 22:50:35   step 4300/5004: loss=1.768644
2026-09-25 22:51:00   step 4400/5004: loss=1.781294
2026-09-25 22:51:24   step 4500/5004: loss=2.270220
2026-09-25 22:51:48   step 4600/5004: loss=1.826742
2026-09-25 22:52:13   step 4700/5004: loss=1.687076
2026-09-25 22:52:37   step 4800/5004: loss=1.543636
2026-09-25 22:53:01   step 4900/5004: loss=1.999308
2026-09-25 22:53:26   step 5000/5004: loss=1.921751
2026-09-25 22:53:35 [pjrt_ffi] RESIDENT: @resnet50in_fwd_eval holds 267 parameter tensors (97.7 MB) on 4 devices; they stop crossing PCIe from here
2026-09-25 22:54:21 Epoch 90/90: loss=1.894376 lr=0.000000
2026-09-25 22:54:21   epoch 90: test_acc = 38580/50000 = 77.160000%  top5 = 46715/50000 = 93.430000%  [95% CI 76.79–77.53]
